"Zone","Counties","Cities","URL","Sex","Cancer","PopTot","AAIR","LCI","UCI","White_PopTot","White_AAIR","White_LCI","White_UCI","Black_PopTot","Black_AAIR","Black_LCI","Black_UCI","Hispanic_PopTot","Hispanic_AAIR","Hispanic_LCI","Hispanic_UCI","Asian_PopTot","Asian_AAIR","Asian_LCI","Asian_UCI","QNSES","PopAll","PerRural","PerUninsured","PerForeignBorn","PerWhite","PerBlack","PerAsian","PerHispanic"
"A0197","Santa Clara","San Jose","https://www.californiahealthmaps.org?address=A0197","Male","AllSite",175870,387.0,351.5,425.7,10400,520.5,393.1,725.3,"","","","",105565,406.4,343.6,479.1,53235,348.0,300.5,401.9,1,68866,0.0,23.7,52.6,6.3,2.2,32.3,57.3
"A0197","Santa Clara","San Jose","https://www.californiahealthmaps.org?address=A0197","Female","AllSite",168460,343.0,313.4,374.8,"","","","","","","","",97930,335.8,289.4,388.6,55430,330.9,287.2,380.6,1,68866,0.0,23.7,52.6,6.3,2.2,32.3,57.3
"A0197","Santa Clara","San Jose","https://www.californiahealthmaps.org?address=A0197","Male","Prostate",175870,71.8,57.1,89.9,10400,"","","","","","","",105565,89.8,61.1,129.4,53235,44.2,29.0,66.1,1,68866,0.0,23.7,52.6,6.3,2.2,32.3,57.3
"A0197","Santa Clara","San Jose","https://www.californiahealthmaps.org?address=A0197","Female","Breast",168460,85.2,70.9,101.7,"","","","","","","","",97930,88.9,66.4,117.8,55430,71.6,52.7,96.8,1,68866,0.0,23.7,52.6,6.3,2.2,32.3,57.3
"A0197","Santa Clara","San Jose","https://www.californiahealthmaps.org?address=A0197","Male","Lung",175870,70.9,55.5,89.8,10400,"","","","","","","",105565,45.4,24.9,77.8,53235,96.1,71.5,127.4,1,68866,0.0,23.7,52.6,6.3,2.2,32.3,57.3
"A0197","Santa Clara","San Jose","https://www.californiahealthmaps.org?address=A0197","Female","Lung",168460,22.7,15.5,32.3,"","","","","","","","",97930,"","","",55430,22.7,12.9,39.3,1,68866,0.0,23.7,52.6,6.3,2.2,32.3,57.3
"A0197","Santa Clara","San Jose","https://www.californiahealthmaps.org?address=A0197","Male","CRC",175870,35.1,25.2,48.4,10400,"","","","","","","",105565,"","","",53235,45.9,30.0,68.7,1,68866,0.0,23.7,52.6,6.3,2.2,32.3,57.3
"A0197","Santa Clara","San Jose","https://www.californiahealthmaps.org?address=A0197","Female","CRC",168460,37.2,27.8,48.8,"","","","","","","","",97930,46.4,29.5,70.6,55430,33.6,20.9,53.0,1,68866,0.0,23.7,52.6,6.3,2.2,32.3,57.3
"A0197","Santa Clara","San Jose","https://www.californiahealthmaps.org?address=A0197","Male","Mela",175870,4.7,1.4,12.2,10400,"","","","","","","",105565,"","","",53235,"","","",1,68866,0.0,23.7,52.6,6.3,2.2,32.3,57.3
"A0197","Santa Clara","San Jose","https://www.californiahealthmaps.org?address=A0197","Female","Mela",168460,3.3,1.1,8.0,"","","","","","","","",97930,"","","",55430,"","","",1,68866,0.0,23.7,52.6,6.3,2.2,32.3,57.3
"A0197","Santa Clara","San Jose","https://www.californiahealthmaps.org?address=A0197","Female","Uterine",168460,29.7,21.5,40.1,"","","","","","","","",97930,28.5,16.4,47.6,55430,26.7,15.6,44.6,1,68866,0.0,23.7,52.6,6.3,2.2,32.3,57.3
"A0197","Santa Clara","San Jose","https://www.californiahealthmaps.org?address=A0197","Male","Lymph",175870,15.4,9.1,25.4,10400,"","","","","","","",105565,"","","",53235,"","","",1,68866,0.0,23.7,52.6,6.3,2.2,32.3,57.3
"A0197","Santa Clara","San Jose","https://www.californiahealthmaps.org?address=A0197","Female","Lymph",168460,12.2,7.1,19.7,"","","","","","","","",97930,"","","",55430,"","","",1,68866,0.0,23.7,52.6,6.3,2.2,32.3,57.3
"A0197","Santa Clara","San Jose","https://www.californiahealthmaps.org?address=A0197","Male","Urinary",175870,9.1,4.2,18.0,10400,"","","","","","","",105565,"","","",53235,"","","",1,68866,0.0,23.7,52.6,6.3,2.2,32.3,57.3
"A0197","Santa Clara","San Jose","https://www.californiahealthmaps.org?address=A0197","Female","Urinary",168460,2.7,0.7,7.3,"","","","","","","","",97930,"","","",55430,"","","",1,68866,0.0,23.7,52.6,6.3,2.2,32.3,57.3
"A0197","Santa Clara","San Jose","https://www.californiahealthmaps.org?address=A0197","Male","Kidney",175870,24.3,16.8,35.1,10400,"","","","","","","",105565,27.5,14.7,50.8,53235,"","","",1,68866,0.0,23.7,52.6,6.3,2.2,32.3,57.3
"A0197","Santa Clara","San Jose","https://www.californiahealthmaps.org?address=A0197","Female","Kidney",168460,11.2,6.4,18.4,"","","","","","","","",97930,"","","",55430,"","","",1,68866,0.0,23.7,52.6,6.3,2.2,32.3,57.3
"A0197","Santa Clara","San Jose","https://www.californiahealthmaps.org?address=A0197","Male","Thyroid",175870,4.5,1.6,11.4,10400,"","","","","","","",105565,"","","",53235,"","","",1,68866,0.0,23.7,52.6,6.3,2.2,32.3,57.3
"A0197","Santa Clara","San Jose","https://www.californiahealthmaps.org?address=A0197","Female","Thyroid",168460,19.1,12.8,27.6,"","","","","","","","",97930,"","","",55430,"","","",1,68866,0.0,23.7,52.6,6.3,2.2,32.3,57.3
"A0197","Santa Clara","San Jose","https://www.californiahealthmaps.org?address=A0197","Both","AllSite",344330,357.0,334.5,380.8,18925,490.0,403.9,607.8,"","","","",203495,356.7,319.6,397.4,108665,334.4,302.5,369.2,1,68866,0.0,23.7,52.6,6.3,2.2,32.3,57.3
"A0197","Santa Clara","San Jose","https://www.californiahealthmaps.org?address=A0197","Both","Lung",344330,43.5,35.6,52.7,18925,"","","","","","","",203495,27.6,17.3,42.3,108665,55.3,42.9,70.8,1,68866,0.0,23.7,52.6,6.3,2.2,32.3,57.3
"A0197","Santa Clara","San Jose","https://www.californiahealthmaps.org?address=A0197","Both","CRC",344330,35.6,28.7,43.7,18925,"","","","","","","",203495,39.0,27.2,54.7,108665,38.9,28.6,52.3,1,68866,0.0,23.7,52.6,6.3,2.2,32.3,57.3
"A0197","Santa Clara","San Jose","https://www.californiahealthmaps.org?address=A0197","Both","Mela",344330,3.8,1.8,7.3,18925,"","","","","","","",203495,"","","",108665,"","","",1,68866,0.0,23.7,52.6,6.3,2.2,32.3,57.3
"A0197","Santa Clara","San Jose","https://www.californiahealthmaps.org?address=A0197","Both","Lymph",344330,13.7,9.5,19.2,18925,"","","","","","","",203495,15.0,8.2,25.8,108665,14.2,8.2,23.7,1,68866,0.0,23.7,52.6,6.3,2.2,32.3,57.3
"A0197","Santa Clara","San Jose","https://www.californiahealthmaps.org?address=A0197","Both","Urinary",344330,5.4,2.9,9.3,18925,"","","","","","","",203495,"","","",108665,"","","",1,68866,0.0,23.7,52.6,6.3,2.2,32.3,57.3
"A0197","Santa Clara","San Jose","https://www.californiahealthmaps.org?address=A0197","Both","Kidney",344330,17.8,13.2,23.8,18925,"","","","","","","",203495,21.8,13.6,33.8,108665,12.8,7.3,21.8,1,68866,0.0,23.7,52.6,6.3,2.2,32.3,57.3
"A0197","Santa Clara","San Jose","https://www.californiahealthmaps.org?address=A0197","Both","Thyroid",344330,11.6,8.0,16.4,18925,"","","","","","","",203495,"","","",108665,"","","",1,68866,0.0,23.7,52.6,6.3,2.2,32.3,57.3
