"Zone","Counties","Cities","URL","Sex","Cancer","PopTot","AAIR","LCI","UCI","White_PopTot","White_AAIR","White_LCI","White_UCI","Black_PopTot","Black_AAIR","Black_LCI","Black_UCI","Hispanic_PopTot","Hispanic_AAIR","Hispanic_LCI","Hispanic_UCI","Asian_PopTot","Asian_AAIR","Asian_LCI","Asian_UCI","QNSES","PopAll","PerRural","PerUninsured","PerForeignBorn","PerWhite","PerBlack","PerAsian","PerHispanic","PerAPI","PerDocvisit","PerFOBT","PerMammo","PerMenPrev","PerPap","PerWomenPrev"
"A1113","Placer","Lincoln, Roseville","https://www.californiahealthmaps.org?address=A1113","Male","AllSite",136260,647.0,608.4,688.1,93670,643.2,600.2,689.8,"","","","",22545,534.9,416.8,680.7,12215,540.7,402.9,725.0,4,56774,3.9,8.0,14.2,69.9,1.9,9.2,14.9,9.2,"","","","","",""
"A1113","Placer","Lincoln, Roseville","https://www.californiahealthmaps.org?address=A1113","Female","AllSite",147610,545.4,511.8,581.4,102925,543.1,504.6,585.2,"","","","",22770,615.7,496.2,760.4,13945,418.5,314.1,560.9,4,56774,3.9,8.0,14.2,69.9,1.9,9.2,14.9,9.2,"","","","","",""
"A1113","Placer","Lincoln, Roseville","https://www.californiahealthmaps.org?address=A1113","Male","Prostate",136260,161.9,143.5,182.8,93670,158.7,138.8,182.5,"","","","",22545,142.4,85.9,227.9,12215,158.7,88.9,279.8,4,56774,3.9,8.0,14.2,69.9,1.9,9.2,14.9,9.2,"","","","","",""
"A1113","Placer","Lincoln, Roseville","https://www.californiahealthmaps.org?address=A1113","Female","Breast",147610,187.6,167.9,209.7,102925,185.9,163.4,212.2,"","","","",22770,226.2,158.4,319.7,13945,152.5,92.2,254.6,4,56774,3.9,8.0,14.2,69.9,1.9,9.2,14.9,9.2,"","","","","",""
"A1113","Placer","Lincoln, Roseville","https://www.californiahealthmaps.org?address=A1113","Male","Lung",136260,52.2,42.0,64.9,93670,56.6,45.0,72.4,"","","","",22545,"","","",12215,"","","",4,56774,3.9,8.0,14.2,69.9,1.9,9.2,14.9,9.2,"","","","","",""
"A1113","Placer","Lincoln, Roseville","https://www.californiahealthmaps.org?address=A1113","Female","Lung",147610,53.3,43.8,65.2,102925,57.0,45.9,71.9,"","","","",22770,"","","",13945,"","","",4,56774,3.9,8.0,14.2,69.9,1.9,9.2,14.9,9.2,"","","","","",""
"A1113","Placer","Lincoln, Roseville","https://www.californiahealthmaps.org?address=A1113","Male","CRC",136260,45.9,35.5,59.0,93670,38.6,28.1,53.6,"","","","",22545,"","","",12215,"","","",4,56774,3.9,8.0,14.2,69.9,1.9,9.2,14.9,9.2,"","","","","",""
"A1113","Placer","Lincoln, Roseville","https://www.californiahealthmaps.org?address=A1113","Female","CRC",147610,36.9,28.6,47.9,102925,37.6,28.2,51.2,"","","","",22770,"","","",13945,"","","",4,56774,3.9,8.0,14.2,69.9,1.9,9.2,14.9,9.2,"","","","","",""
"A1113","Placer","Lincoln, Roseville","https://www.californiahealthmaps.org?address=A1113","Male","Mela",136260,79.5,66.2,95.4,93670,81.2,66.0,100.6,"","","","",22545,"","","",12215,"","","",4,56774,3.9,8.0,14.2,69.9,1.9,9.2,14.9,9.2,"","","","","",""
"A1113","Placer","Lincoln, Roseville","https://www.californiahealthmaps.org?address=A1113","Female","Mela",147610,48.8,38.9,61.4,102925,49.6,37.8,65.6,"","","","",22770,"","","",13945,"","","",4,56774,3.9,8.0,14.2,69.9,1.9,9.2,14.9,9.2,"","","","","",""
"A1113","Placer","Lincoln, Roseville","https://www.californiahealthmaps.org?address=A1113","Female","Uterine",147610,22.2,16.4,30.5,102925,23.7,17.0,34.6,"","","","",22770,"","","",13945,"","","",4,56774,3.9,8.0,14.2,69.9,1.9,9.2,14.9,9.2,"","","","","",""
"A1113","Placer","Lincoln, Roseville","https://www.californiahealthmaps.org?address=A1113","Male","Lymph",136260,34.2,25.6,45.5,93670,36.2,26.4,50.4,"","","","",22545,"","","",12215,"","","",4,56774,3.9,8.0,14.2,69.9,1.9,9.2,14.9,9.2,"","","","","",""
"A1113","Placer","Lincoln, Roseville","https://www.californiahealthmaps.org?address=A1113","Female","Lymph",147610,18.8,13.2,27.2,102925,18.1,12.0,28.6,"","","","",22770,"","","",13945,"","","",4,56774,3.9,8.0,14.2,69.9,1.9,9.2,14.9,9.2,"","","","","",""
"A1113","Placer","Lincoln, Roseville","https://www.californiahealthmaps.org?address=A1113","Male","Urinary",136260,23.7,17.0,33.1,93670,23.7,16.6,35.3,"","","","",22545,"","","",12215,"","","",4,56774,3.9,8.0,14.2,69.9,1.9,9.2,14.9,9.2,"","","","","",""
"A1113","Placer","Lincoln, Roseville","https://www.californiahealthmaps.org?address=A1113","Female","Urinary",147610,"","","",102925,"","","","","","","",22770,"","","",13945,"","","",4,56774,3.9,8.0,14.2,69.9,1.9,9.2,14.9,9.2,"","","","","",""
"A1113","Placer","Lincoln, Roseville","https://www.californiahealthmaps.org?address=A1113","Male","Kidney",136260,27.8,20.4,37.9,93670,25.5,18.0,37.5,"","","","",22545,"","","",12215,"","","",4,56774,3.9,8.0,14.2,69.9,1.9,9.2,14.9,9.2,"","","","","",""
"A1113","Placer","Lincoln, Roseville","https://www.californiahealthmaps.org?address=A1113","Female","Kidney",147610,11.7,7.3,19.1,102925,7.5,4.1,15.7,"","","","",22770,"","","",13945,"","","",4,56774,3.9,8.0,14.2,69.9,1.9,9.2,14.9,9.2,"","","","","",""
"A1113","Placer","Lincoln, Roseville","https://www.californiahealthmaps.org?address=A1113","Male","Thyroid",136260,16.5,10.5,25.5,93670,16.5,9.5,28.6,"","","","",22545,"","","",12215,"","","",4,56774,3.9,8.0,14.2,69.9,1.9,9.2,14.9,9.2,"","","","","",""
"A1113","Placer","Lincoln, Roseville","https://www.californiahealthmaps.org?address=A1113","Female","Thyroid",147610,22.3,15.2,32.3,102925,23.1,14.6,36.3,"","","","",22770,"","","",13945,"","","",4,56774,3.9,8.0,14.2,69.9,1.9,9.2,14.9,9.2,"","","","","",""
"A1113","Placer","Lincoln, Roseville","https://www.californiahealthmaps.org?address=A1113","Male","Liver",136260,10.8,6.4,18.2,93670,"","","","","","","",22545,"","","",12215,"","","",4,56774,3.9,8.0,14.2,69.9,1.9,9.2,14.9,9.2,"","","","","",""
"A1113","Placer","Lincoln, Roseville","https://www.californiahealthmaps.org?address=A1113","Female","Liver",147610,"","","",102925,"","","","","","","",22770,"","","",13945,"","","",4,56774,3.9,8.0,14.2,69.9,1.9,9.2,14.9,9.2,"","","","","",""
"A1113","Placer","Lincoln, Roseville","https://www.californiahealthmaps.org?address=A1113","Male","Pancreas",136260,23.4,16.5,33.0,93670,24.2,16.3,36.8,"","","","",22545,"","","",12215,"","","",4,56774,3.9,8.0,14.2,69.9,1.9,9.2,14.9,9.2,"","","","","",""
"A1113","Placer","Lincoln, Roseville","https://www.californiahealthmaps.org?address=A1113","Female","Pancreas",147610,15.8,10.8,23.5,102925,15.6,10.2,25.5,"","","","",22770,"","","",13945,"","","",4,56774,3.9,8.0,14.2,69.9,1.9,9.2,14.9,9.2,"","","","","",""
"A1113","Placer","Lincoln, Roseville","https://www.californiahealthmaps.org?address=A1113","Both","AllSite",283870,589.3,564.0,615.7,196595,584.8,556.3,615.0,"","","","",45315,575.8,490.5,674.0,26160,474.6,388.6,578.7,4,56774,3.9,8.0,14.2,69.9,1.9,9.2,14.9,9.2,"","","","","",""
"A1113","Placer","Lincoln, Roseville","https://www.californiahealthmaps.org?address=A1113","Both","Lung",283870,52.3,45.3,60.4,196595,56.0,48.0,65.9,"","","","",45315,"","","",26160,"","","",4,56774,3.9,8.0,14.2,69.9,1.9,9.2,14.9,9.2,"","","","","",""
"A1113","Placer","Lincoln, Roseville","https://www.californiahealthmaps.org?address=A1113","Both","CRC",283870,41.0,34.3,48.9,196595,38.0,30.9,47.2,"","","","",45315,"","","",26160,"","","",4,56774,3.9,8.0,14.2,69.9,1.9,9.2,14.9,9.2,"","","","","",""
"A1113","Placer","Lincoln, Roseville","https://www.californiahealthmaps.org?address=A1113","Both","Mela",283870,62.8,54.5,72.3,196595,63.7,54.1,75.2,"","","","",45315,"","","",26160,"","","",4,56774,3.9,8.0,14.2,69.9,1.9,9.2,14.9,9.2,"","","","","",""
"A1113","Placer","Lincoln, Roseville","https://www.californiahealthmaps.org?address=A1113","Both","Lymph",283870,25.9,20.8,32.3,196595,26.3,20.6,34.0,"","","","",45315,"","","",26160,"","","",4,56774,3.9,8.0,14.2,69.9,1.9,9.2,14.9,9.2,"","","","","",""
"A1113","Placer","Lincoln, Roseville","https://www.californiahealthmaps.org?address=A1113","Both","Urinary",283870,14.2,10.6,19.0,196595,14.3,10.5,20.1,"","","","",45315,"","","",26160,"","","",4,56774,3.9,8.0,14.2,69.9,1.9,9.2,14.9,9.2,"","","","","",""
"A1113","Placer","Lincoln, Roseville","https://www.californiahealthmaps.org?address=A1113","Both","Kidney",283870,19.1,14.8,24.6,196595,15.8,11.7,21.9,"","","","",45315,"","","",26160,"","","",4,56774,3.9,8.0,14.2,69.9,1.9,9.2,14.9,9.2,"","","","","",""
"A1113","Placer","Lincoln, Roseville","https://www.californiahealthmaps.org?address=A1113","Both","Thyroid",283870,19.4,14.6,25.5,196595,19.7,14.1,27.7,"","","","",45315,"","","",26160,"","","",4,56774,3.9,8.0,14.2,69.9,1.9,9.2,14.9,9.2,"","","","","",""
"A1113","Placer","Lincoln, Roseville","https://www.californiahealthmaps.org?address=A1113","Both","Liver",283870,7.9,5.3,11.9,196595,5.6,3.3,10.2,"","","","",45315,"","","",26160,"","","",4,56774,3.9,8.0,14.2,69.9,1.9,9.2,14.9,9.2,"","","","","",""
"A1113","Placer","Lincoln, Roseville","https://www.californiahealthmaps.org?address=A1113","Both","Pancreas",283870,19.2,14.9,24.7,196595,19.5,14.7,26.4,"","","","",45315,"","","",26160,"","","",4,56774,3.9,8.0,14.2,69.9,1.9,9.2,14.9,9.2,"","","","","",""
