"Zone","Counties","Cities","URL","Sex","Cancer","PopTot","AAIR","LCI","UCI","White_PopTot","White_AAIR","White_LCI","White_UCI","Black_PopTot","Black_AAIR","Black_LCI","Black_UCI","Hispanic_PopTot","Hispanic_AAIR","Hispanic_LCI","Hispanic_UCI","Asian_PopTot","Asian_AAIR","Asian_LCI","Asian_UCI","QNSES","PopAll","PerRural","PerUninsured","PerForeignBorn","PerWhite","PerBlack","PerAsian","PerHispanic","PerAPI","PerDocvisit","PerFOBT","PerMammo","PerMenPrev","PerPap","PerWomenPrev"
"A0368","Los Angeles","Long Beach","https://www.californiahealthmaps.org?address=A0368","Male","AllSite",151725,511.0,470.9,554.4,74450,530.9,479.5,594.0,16265,661.2,510.5,869.2,46560,376.4,287.3,493.1,"","","","",3,59515,0.7,19.3,20.9,47.8,10.6,7.4,30.9,7.4,62.8,52.3,79.3,21.0,86.3,26.0
"A0368","Los Angeles","Long Beach","https://www.californiahealthmaps.org?address=A0368","Female","AllSite",145850,418.2,383.2,456.1,67350,423.7,378.9,479.1,16375,522.6,396.0,689.7,44900,409.3,327.3,509.0,11365,336.4,225.3,525.6,3,59515,0.7,19.3,20.9,47.8,10.6,7.4,30.9,7.4,62.8,52.3,79.3,21.0,86.3,26.0
"A0368","Los Angeles","Long Beach","https://www.californiahealthmaps.org?address=A0368","Male","Prostate",151725,109.2,91.2,130.5,74450,96.3,76.3,130.2,16265,180.7,115.0,310.2,46560,95.2,53.5,167.6,"","","","",3,59515,0.7,19.3,20.9,47.8,10.6,7.4,30.9,7.4,62.8,52.3,79.3,21.0,86.3,26.0
"A0368","Los Angeles","Long Beach","https://www.californiahealthmaps.org?address=A0368","Female","Breast",145850,146.8,126.8,169.7,67350,154.7,128.5,192.8,16375,166.5,97.3,280.8,44900,143.2,97.3,207.5,11365,154.8,81.2,315.9,3,59515,0.7,19.3,20.9,47.8,10.6,7.4,30.9,7.4,62.8,52.3,79.3,21.0,86.3,26.0
"A0368","Los Angeles","Long Beach","https://www.californiahealthmaps.org?address=A0368","Male","Lung",151725,65.1,50.6,83.1,74450,66.3,49.2,98.3,16265,"","","",46560,"","","","","","","",3,59515,0.7,19.3,20.9,47.8,10.6,7.4,30.9,7.4,62.8,52.3,79.3,21.0,86.3,26.0
"A0368","Los Angeles","Long Beach","https://www.californiahealthmaps.org?address=A0368","Female","Lung",145850,47.7,35.9,62.7,67350,47.6,33.1,76.0,16375,"","","",44900,"","","",11365,"","","",3,59515,0.7,19.3,20.9,47.8,10.6,7.4,30.9,7.4,62.8,52.3,79.3,21.0,86.3,26.0
"A0368","Los Angeles","Long Beach","https://www.californiahealthmaps.org?address=A0368","Male","CRC",151725,56.0,43.0,72.4,74450,57.3,41.8,88.0,16265,"","","",46560,"","","","","","","",3,59515,0.7,19.3,20.9,47.8,10.6,7.4,30.9,7.4,62.8,52.3,79.3,21.0,86.3,26.0
"A0368","Los Angeles","Long Beach","https://www.californiahealthmaps.org?address=A0368","Female","CRC",145850,29.9,20.7,42.3,67350,30.8,19.5,57.1,16375,"","","",44900,"","","",11365,"","","",3,59515,0.7,19.3,20.9,47.8,10.6,7.4,30.9,7.4,62.8,52.3,79.3,21.0,86.3,26.0
"A0368","Los Angeles","Long Beach","https://www.californiahealthmaps.org?address=A0368","Male","Mela",151725,36.8,27.1,49.7,74450,49.7,36.3,78.6,16265,"","","",46560,"","","","","","","",3,59515,0.7,19.3,20.9,47.8,10.6,7.4,30.9,7.4,62.8,52.3,79.3,21.0,86.3,26.0
"A0368","Los Angeles","Long Beach","https://www.californiahealthmaps.org?address=A0368","Female","Mela",145850,16.9,10.6,26.5,67350,22.4,13.2,47.3,16375,"","","",44900,"","","",11365,"","","",3,59515,0.7,19.3,20.9,47.8,10.6,7.4,30.9,7.4,62.8,52.3,79.3,21.0,86.3,26.0
"A0368","Los Angeles","Long Beach","https://www.californiahealthmaps.org?address=A0368","Female","Uterine",145850,27.9,19.6,39.4,67350,24.8,14.9,50.3,16375,"","","",44900,"","","",11365,"","","",3,59515,0.7,19.3,20.9,47.8,10.6,7.4,30.9,7.4,62.8,52.3,79.3,21.0,86.3,26.0
"A0368","Los Angeles","Long Beach","https://www.californiahealthmaps.org?address=A0368","Male","Lymph",151725,24.2,16.2,35.7,74450,31.9,16.9,64.3,16265,"","","",46560,"","","","","","","",3,59515,0.7,19.3,20.9,47.8,10.6,7.4,30.9,7.4,62.8,52.3,79.3,21.0,86.3,26.0
"A0368","Los Angeles","Long Beach","https://www.californiahealthmaps.org?address=A0368","Female","Lymph",145850,10.9,6.2,18.8,67350,"","","",16375,"","","",44900,"","","",11365,"","","",3,59515,0.7,19.3,20.9,47.8,10.6,7.4,30.9,7.4,62.8,52.3,79.3,21.0,86.3,26.0
"A0368","Los Angeles","Long Beach","https://www.californiahealthmaps.org?address=A0368","Male","Urinary",151725,26.5,17.5,39.3,74450,32.2,20.6,60.5,16265,"","","",46560,"","","","","","","",3,59515,0.7,19.3,20.9,47.8,10.6,7.4,30.9,7.4,62.8,52.3,79.3,21.0,86.3,26.0
"A0368","Los Angeles","Long Beach","https://www.californiahealthmaps.org?address=A0368","Female","Urinary",145850,"","","",67350,"","","",16375,"","","",44900,"","","",11365,"","","",3,59515,0.7,19.3,20.9,47.8,10.6,7.4,30.9,7.4,62.8,52.3,79.3,21.0,86.3,26.0
"A0368","Los Angeles","Long Beach","https://www.californiahealthmaps.org?address=A0368","Male","Kidney",151725,20.4,13.6,30.6,74450,17.6,10.1,43.7,16265,"","","",46560,"","","","","","","",3,59515,0.7,19.3,20.9,47.8,10.6,7.4,30.9,7.4,62.8,52.3,79.3,21.0,86.3,26.0
"A0368","Los Angeles","Long Beach","https://www.californiahealthmaps.org?address=A0368","Female","Kidney",145850,"","","",67350,"","","",16375,"","","",44900,"","","",11365,"","","",3,59515,0.7,19.3,20.9,47.8,10.6,7.4,30.9,7.4,62.8,52.3,79.3,21.0,86.3,26.0
"A0368","Los Angeles","Long Beach","https://www.californiahealthmaps.org?address=A0368","Male","Thyroid",151725,"","","",74450,"","","",16265,"","","",46560,"","","","","","","",3,59515,0.7,19.3,20.9,47.8,10.6,7.4,30.9,7.4,62.8,52.3,79.3,21.0,86.3,26.0
"A0368","Los Angeles","Long Beach","https://www.californiahealthmaps.org?address=A0368","Female","Thyroid",145850,15.5,9.8,24.3,67350,"","","",16375,"","","",44900,"","","",11365,"","","",3,59515,0.7,19.3,20.9,47.8,10.6,7.4,30.9,7.4,62.8,52.3,79.3,21.0,86.3,26.0
"A0368","Los Angeles","Long Beach","https://www.californiahealthmaps.org?address=A0368","Male","Liver",151725,17.1,10.6,27.0,74450,"","","",16265,"","","",46560,"","","","","","","",3,59515,0.7,19.3,20.9,47.8,10.6,7.4,30.9,7.4,62.8,52.3,79.3,21.0,86.3,26.0
"A0368","Los Angeles","Long Beach","https://www.californiahealthmaps.org?address=A0368","Female","Liver",145850,"","","",67350,"","","",16375,"","","",44900,"","","",11365,"","","",3,59515,0.7,19.3,20.9,47.8,10.6,7.4,30.9,7.4,62.8,52.3,79.3,21.0,86.3,26.0
"A0368","Los Angeles","Long Beach","https://www.californiahealthmaps.org?address=A0368","Male","Pancreas",151725,14.8,8.6,24.7,74450,"","","",16265,"","","",46560,"","","","","","","",3,59515,0.7,19.3,20.9,47.8,10.6,7.4,30.9,7.4,62.8,52.3,79.3,21.0,86.3,26.0
"A0368","Los Angeles","Long Beach","https://www.californiahealthmaps.org?address=A0368","Female","Pancreas",145850,15.2,9.1,24.5,67350,"","","",16375,"","","",44900,"","","",11365,"","","",3,59515,0.7,19.3,20.9,47.8,10.6,7.4,30.9,7.4,62.8,52.3,79.3,21.0,86.3,26.0
"A0368","Los Angeles","Long Beach","https://www.californiahealthmaps.org?address=A0368","Both","AllSite",297575,459.3,432.9,487.2,141800,472.8,439.0,511.9,32640,588.8,489.3,710.9,91460,388.8,328.2,459.3,20440,329.1,237.0,464.3,3,59515,0.7,19.3,20.9,47.8,10.6,7.4,30.9,7.4,62.8,52.3,79.3,21.0,86.3,26.0
"A0368","Los Angeles","Long Beach","https://www.californiahealthmaps.org?address=A0368","Both","Lung",297575,55.4,46.0,66.4,141800,56.3,44.9,74.1,32640,82.7,46.3,146.5,91460,46.2,25.4,79.0,20440,"","","",3,59515,0.7,19.3,20.9,47.8,10.6,7.4,30.9,7.4,62.8,52.3,79.3,21.0,86.3,26.0
"A0368","Los Angeles","Long Beach","https://www.californiahealthmaps.org?address=A0368","Both","CRC",297575,42.6,34.6,52.2,141800,44.0,34.2,60.5,32640,81.5,44.3,146.7,91460,"","","",20440,"","","",3,59515,0.7,19.3,20.9,47.8,10.6,7.4,30.9,7.4,62.8,52.3,79.3,21.0,86.3,26.0
"A0368","Los Angeles","Long Beach","https://www.californiahealthmaps.org?address=A0368","Both","Mela",297575,27.0,21.1,34.5,141800,37.1,28.5,52.5,32640,"","","",91460,"","","",20440,"","","",3,59515,0.7,19.3,20.9,47.8,10.6,7.4,30.9,7.4,62.8,52.3,79.3,21.0,86.3,26.0
"A0368","Los Angeles","Long Beach","https://www.californiahealthmaps.org?address=A0368","Both","Lymph",297575,17.5,12.7,23.8,141800,20.8,12.7,36.6,32640,"","","",91460,"","","",20440,"","","",3,59515,0.7,19.3,20.9,47.8,10.6,7.4,30.9,7.4,62.8,52.3,79.3,21.0,86.3,26.0
"A0368","Los Angeles","Long Beach","https://www.californiahealthmaps.org?address=A0368","Both","Urinary",297575,15.7,10.8,22.3,141800,20.0,13.5,34.1,32640,"","","",91460,"","","",20440,"","","",3,59515,0.7,19.3,20.9,47.8,10.6,7.4,30.9,7.4,62.8,52.3,79.3,21.0,86.3,26.0
"A0368","Los Angeles","Long Beach","https://www.californiahealthmaps.org?address=A0368","Both","Kidney",297575,14.0,10.0,19.7,141800,12.2,7.5,25.2,32640,"","","",91460,"","","",20440,"","","",3,59515,0.7,19.3,20.9,47.8,10.6,7.4,30.9,7.4,62.8,52.3,79.3,21.0,86.3,26.0
"A0368","Los Angeles","Long Beach","https://www.californiahealthmaps.org?address=A0368","Both","Thyroid",297575,10.9,7.5,15.9,141800,10.8,6.5,23.4,32640,"","","",91460,"","","",20440,"","","",3,59515,0.7,19.3,20.9,47.8,10.6,7.4,30.9,7.4,62.8,52.3,79.3,21.0,86.3,26.0
"A0368","Los Angeles","Long Beach","https://www.californiahealthmaps.org?address=A0368","Both","Liver",297575,12.4,8.4,18.1,141800,11.9,7.2,24.9,32640,"","","",91460,"","","",20440,"","","",3,59515,0.7,19.3,20.9,47.8,10.6,7.4,30.9,7.4,62.8,52.3,79.3,21.0,86.3,26.0
"A0368","Los Angeles","Long Beach","https://www.californiahealthmaps.org?address=A0368","Both","Pancreas",297575,14.8,10.4,21.0,141800,13.0,8.0,26.1,32640,"","","",91460,"","","",20440,"","","",3,59515,0.7,19.3,20.9,47.8,10.6,7.4,30.9,7.4,62.8,52.3,79.3,21.0,86.3,26.0
