"Zone","Counties","Cities","URL","Sex","Cancer","PopTot","AAIR","LCI","UCI","White_PopTot","White_AAIR","White_LCI","White_UCI","Black_PopTot","Black_AAIR","Black_LCI","Black_UCI","Hispanic_PopTot","Hispanic_AAIR","Hispanic_LCI","Hispanic_UCI","Asian_PopTot","Asian_AAIR","Asian_LCI","Asian_UCI","QNSES","PopAll","PerRural","PerUninsured","PerForeignBorn","PerWhite","PerBlack","PerAsian","PerHispanic","PerAPI","PerDocvisit","PerFOBT","PerMammo","PerMenPrev","PerPap","PerWomenPrev"
"A0972","Orange","Aliso Viejo, Laguna Niguel, Dana Point","https://www.californiahealthmaps.org?address=A0972","Male","AllSite",159040,527.7,491.7,565.9,115070,526.2,487.2,568.0,"","","","",21595,503.0,353.2,710.8,14030,473.3,295.3,738.9,5,65395,0.0,9.6,18.5,71.7,1.4,10.8,13.3,10.8,"","","","","",""
"A0972","Orange","Aliso Viejo, Laguna Niguel, Dana Point","https://www.californiahealthmaps.org?address=A0972","Female","AllSite",167935,472.3,441.3,505.2,118390,484.7,449.6,522.5,"","","","",23370,430.0,320.4,577.7,17795,398.6,299.6,534.0,5,65395,0.0,9.6,18.5,71.7,1.4,10.8,13.3,10.8,"","","","","",""
"A0972","Orange","Aliso Viejo, Laguna Niguel, Dana Point","https://www.californiahealthmaps.org?address=A0972","Male","Prostate",159040,112.7,96.8,130.9,115070,105.5,89.0,124.8,"","","","",21595,"","","",14030,"","","",5,65395,0.0,9.6,18.5,71.7,1.4,10.8,13.3,10.8,"","","","","",""
"A0972","Orange","Aliso Viejo, Laguna Niguel, Dana Point","https://www.californiahealthmaps.org?address=A0972","Female","Breast",167935,161.4,143.8,181.0,118390,165.6,145.6,188.4,"","","","",23370,147.2,89.2,245.8,17795,138.7,87.8,228.0,5,65395,0.0,9.6,18.5,71.7,1.4,10.8,13.3,10.8,"","","","","",""
"A0972","Orange","Aliso Viejo, Laguna Niguel, Dana Point","https://www.californiahealthmaps.org?address=A0972","Male","Lung",159040,45.4,34.8,58.4,115070,47.9,36.3,62.5,"","","","",21595,"","","",14030,"","","",5,65395,0.0,9.6,18.5,71.7,1.4,10.8,13.3,10.8,"","","","","",""
"A0972","Orange","Aliso Viejo, Laguna Niguel, Dana Point","https://www.californiahealthmaps.org?address=A0972","Female","Lung",167935,47.8,38.2,59.4,118390,50.4,39.7,63.9,"","","","",23370,"","","",17795,"","","",5,65395,0.0,9.6,18.5,71.7,1.4,10.8,13.3,10.8,"","","","","",""
"A0972","Orange","Aliso Viejo, Laguna Niguel, Dana Point","https://www.californiahealthmaps.org?address=A0972","Male","CRC",159040,46.1,35.8,58.7,115070,49.5,38.0,64.1,"","","","",21595,"","","",14030,"","","",5,65395,0.0,9.6,18.5,71.7,1.4,10.8,13.3,10.8,"","","","","",""
"A0972","Orange","Aliso Viejo, Laguna Niguel, Dana Point","https://www.californiahealthmaps.org?address=A0972","Female","CRC",167935,29.1,21.8,38.4,118390,29.5,21.5,40.5,"","","","",23370,"","","",17795,"","","",5,65395,0.0,9.6,18.5,71.7,1.4,10.8,13.3,10.8,"","","","","",""
"A0972","Orange","Aliso Viejo, Laguna Niguel, Dana Point","https://www.californiahealthmaps.org?address=A0972","Male","Mela",159040,73.6,60.7,88.7,115070,78.8,64.3,96.2,"","","","",21595,"","","",14030,"","","",5,65395,0.0,9.6,18.5,71.7,1.4,10.8,13.3,10.8,"","","","","",""
"A0972","Orange","Aliso Viejo, Laguna Niguel, Dana Point","https://www.californiahealthmaps.org?address=A0972","Female","Mela",167935,39.2,30.7,49.7,118390,45.1,34.7,58.5,"","","","",23370,"","","",17795,"","","",5,65395,0.0,9.6,18.5,71.7,1.4,10.8,13.3,10.8,"","","","","",""
"A0972","Orange","Aliso Viejo, Laguna Niguel, Dana Point","https://www.californiahealthmaps.org?address=A0972","Female","Uterine",167935,23.8,17.2,32.3,118390,24.0,16.8,34.2,"","","","",23370,"","","",17795,"","","",5,65395,0.0,9.6,18.5,71.7,1.4,10.8,13.3,10.8,"","","","","",""
"A0972","Orange","Aliso Viejo, Laguna Niguel, Dana Point","https://www.californiahealthmaps.org?address=A0972","Male","Lymph",159040,25.4,17.9,35.1,115070,25.1,17.1,36.2,"","","","",21595,"","","",14030,"","","",5,65395,0.0,9.6,18.5,71.7,1.4,10.8,13.3,10.8,"","","","","",""
"A0972","Orange","Aliso Viejo, Laguna Niguel, Dana Point","https://www.californiahealthmaps.org?address=A0972","Female","Lymph",167935,24.1,17.4,32.8,118390,22.7,15.7,32.8,"","","","",23370,"","","",17795,"","","",5,65395,0.0,9.6,18.5,71.7,1.4,10.8,13.3,10.8,"","","","","",""
"A0972","Orange","Aliso Viejo, Laguna Niguel, Dana Point","https://www.californiahealthmaps.org?address=A0972","Male","Urinary",159040,17.2,11.0,25.9,115070,16.5,10.1,26.1,"","","","",21595,"","","",14030,"","","",5,65395,0.0,9.6,18.5,71.7,1.4,10.8,13.3,10.8,"","","","","",""
"A0972","Orange","Aliso Viejo, Laguna Niguel, Dana Point","https://www.californiahealthmaps.org?address=A0972","Female","Urinary",167935,"","","",118390,"","","","","","","",23370,"","","",17795,"","","",5,65395,0.0,9.6,18.5,71.7,1.4,10.8,13.3,10.8,"","","","","",""
"A0972","Orange","Aliso Viejo, Laguna Niguel, Dana Point","https://www.californiahealthmaps.org?address=A0972","Male","Kidney",159040,19.7,13.5,28.2,115070,15.7,9.8,24.6,"","","","",21595,"","","",14030,"","","",5,65395,0.0,9.6,18.5,71.7,1.4,10.8,13.3,10.8,"","","","","",""
"A0972","Orange","Aliso Viejo, Laguna Niguel, Dana Point","https://www.californiahealthmaps.org?address=A0972","Female","Kidney",167935,8.3,4.7,14.0,118390,9.9,5.6,17.4,"","","","",23370,"","","",17795,"","","",5,65395,0.0,9.6,18.5,71.7,1.4,10.8,13.3,10.8,"","","","","",""
"A0972","Orange","Aliso Viejo, Laguna Niguel, Dana Point","https://www.californiahealthmaps.org?address=A0972","Male","Thyroid",159040,9.3,5.3,15.5,115070,"","","","","","","",21595,"","","",14030,"","","",5,65395,0.0,9.6,18.5,71.7,1.4,10.8,13.3,10.8,"","","","","",""
"A0972","Orange","Aliso Viejo, Laguna Niguel, Dana Point","https://www.californiahealthmaps.org?address=A0972","Female","Thyroid",167935,21.1,14.9,29.2,118390,18.2,11.5,28.2,"","","","",23370,"","","",17795,"","","",5,65395,0.0,9.6,18.5,71.7,1.4,10.8,13.3,10.8,"","","","","",""
"A0972","Orange","Aliso Viejo, Laguna Niguel, Dana Point","https://www.californiahealthmaps.org?address=A0972","Male","Liver",159040,"","","",115070,"","","","","","","",21595,"","","",14030,"","","",5,65395,0.0,9.6,18.5,71.7,1.4,10.8,13.3,10.8,"","","","","",""
"A0972","Orange","Aliso Viejo, Laguna Niguel, Dana Point","https://www.californiahealthmaps.org?address=A0972","Female","Liver",167935,"","","",118390,"","","","","","","",23370,"","","",17795,"","","",5,65395,0.0,9.6,18.5,71.7,1.4,10.8,13.3,10.8,"","","","","",""
"A0972","Orange","Aliso Viejo, Laguna Niguel, Dana Point","https://www.californiahealthmaps.org?address=A0972","Male","Pancreas",159040,15.2,9.6,23.1,115070,16.1,10.0,25.4,"","","","",21595,"","","",14030,"","","",5,65395,0.0,9.6,18.5,71.7,1.4,10.8,13.3,10.8,"","","","","",""
"A0972","Orange","Aliso Viejo, Laguna Niguel, Dana Point","https://www.californiahealthmaps.org?address=A0972","Female","Pancreas",167935,13.8,8.8,20.8,118390,13.9,8.5,22.4,"","","","",23370,"","","",17795,"","","",5,65395,0.0,9.6,18.5,71.7,1.4,10.8,13.3,10.8,"","","","","",""
"A0972","Orange","Aliso Viejo, Laguna Niguel, Dana Point","https://www.californiahealthmaps.org?address=A0972","Both","AllSite",326975,495.0,471.4,519.4,233460,501.2,475.1,528.6,"","","","",44965,457.2,366.7,569.2,31825,395.8,311.1,503.8,5,65395,0.0,9.6,18.5,71.7,1.4,10.8,13.3,10.8,"","","","","",""
"A0972","Orange","Aliso Viejo, Laguna Niguel, Dana Point","https://www.californiahealthmaps.org?address=A0972","Both","Lung",326975,46.0,38.9,54.2,233460,48.5,40.7,57.8,"","","","",44965,"","","",31825,"","","",5,65395,0.0,9.6,18.5,71.7,1.4,10.8,13.3,10.8,"","","","","",""
"A0972","Orange","Aliso Viejo, Laguna Niguel, Dana Point","https://www.californiahealthmaps.org?address=A0972","Both","CRC",326975,36.7,30.5,44.0,233460,38.6,31.6,46.9,"","","","",44965,"","","",31825,"","","",5,65395,0.0,9.6,18.5,71.7,1.4,10.8,13.3,10.8,"","","","","",""
"A0972","Orange","Aliso Viejo, Laguna Niguel, Dana Point","https://www.californiahealthmaps.org?address=A0972","Both","Mela",326975,54.7,47.2,63.3,233460,60.4,51.6,70.6,"","","","",44965,"","","",31825,"","","",5,65395,0.0,9.6,18.5,71.7,1.4,10.8,13.3,10.8,"","","","","",""
"A0972","Orange","Aliso Viejo, Laguna Niguel, Dana Point","https://www.californiahealthmaps.org?address=A0972","Both","Lymph",326975,24.7,19.6,30.8,233460,24.0,18.5,30.8,"","","","",44965,"","","",31825,"","","",5,65395,0.0,9.6,18.5,71.7,1.4,10.8,13.3,10.8,"","","","","",""
"A0972","Orange","Aliso Viejo, Laguna Niguel, Dana Point","https://www.californiahealthmaps.org?address=A0972","Both","Urinary",326975,9.6,6.5,13.8,233460,9.8,6.4,14.7,"","","","",44965,"","","",31825,"","","",5,65395,0.0,9.6,18.5,71.7,1.4,10.8,13.3,10.8,"","","","","",""
"A0972","Orange","Aliso Viejo, Laguna Niguel, Dana Point","https://www.californiahealthmaps.org?address=A0972","Both","Kidney",326975,13.6,10.0,18.2,233460,12.6,8.9,17.8,"","","","",44965,"","","",31825,"","","",5,65395,0.0,9.6,18.5,71.7,1.4,10.8,13.3,10.8,"","","","","",""
"A0972","Orange","Aliso Viejo, Laguna Niguel, Dana Point","https://www.californiahealthmaps.org?address=A0972","Both","Thyroid",326975,15.4,11.6,20.2,233460,14.2,10.0,20.1,"","","","",44965,"","","",31825,"","","",5,65395,0.0,9.6,18.5,71.7,1.4,10.8,13.3,10.8,"","","","","",""
"A0972","Orange","Aliso Viejo, Laguna Niguel, Dana Point","https://www.californiahealthmaps.org?address=A0972","Both","Liver",326975,4.6,2.6,7.7,233460,4.8,2.6,8.5,"","","","",44965,"","","",31825,"","","",5,65395,0.0,9.6,18.5,71.7,1.4,10.8,13.3,10.8,"","","","","",""
"A0972","Orange","Aliso Viejo, Laguna Niguel, Dana Point","https://www.californiahealthmaps.org?address=A0972","Both","Pancreas",326975,14.4,10.6,19.2,233460,14.9,10.7,20.5,"","","","",44965,"","","",31825,"","","",5,65395,0.0,9.6,18.5,71.7,1.4,10.8,13.3,10.8,"","","","","",""
