"Zone","Counties","Cities","URL","Sex","Cancer","PopTot","AAIR","LCI","UCI","White_PopTot","White_AAIR","White_LCI","White_UCI","Black_PopTot","Black_AAIR","Black_LCI","Black_UCI","Hispanic_PopTot","Hispanic_AAIR","Hispanic_LCI","Hispanic_UCI","Asian_PopTot","Asian_AAIR","Asian_LCI","Asian_UCI","QNSES","PopAll","PerRural","PerUninsured","PerForeignBorn","PerWhite","PerBlack","PerAsian","PerHispanic","PerAPI","PerDocvisit","PerFOBT","PerMammo","PerMenPrev","PerPap","PerWomenPrev"
"A0089","San Francisco","San Francisco","https://www.californiahealthmaps.org?address=A0089","Male","AllSite",180990,527.1,490.1,568.1,132870,533.0,489.9,583.0,"","","","",16770,470.6,343.7,643.0,18275,398.2,303.8,537.5,5,64987,0.0,7.3,18.3,70.8,3.5,12.2,9.1,12.2,64.7,72.2,81.7,37.7,87.3,34.4
"A0089","San Francisco","San Francisco","https://www.californiahealthmaps.org?address=A0089","Female","AllSite",143945,455.6,419.4,496.4,98395,483.0,436.4,537.4,"","","","",12620,437.5,324.4,594.8,22090,409.8,329.7,536.0,5,64987,0.0,7.3,18.3,70.8,3.5,12.2,9.1,12.2,64.7,72.2,81.7,37.7,87.3,34.4
"A0089","San Francisco","San Francisco","https://www.californiahealthmaps.org?address=A0089","Male","Prostate",180990,100.7,84.9,121.0,132870,96.7,78.9,122.4,"","","","",16770,"","","",18275,"","","",5,64987,0.0,7.3,18.3,70.8,3.5,12.2,9.1,12.2,64.7,72.2,81.7,37.7,87.3,34.4
"A0089","San Francisco","San Francisco","https://www.californiahealthmaps.org?address=A0089","Female","Breast",143945,155.2,134.6,180.4,98395,158.1,132.7,191.8,"","","","",12620,137.2,77.2,247.1,22090,162.7,113.2,265.1,5,64987,0.0,7.3,18.3,70.8,3.5,12.2,9.1,12.2,64.7,72.2,81.7,37.7,87.3,34.4
"A0089","San Francisco","San Francisco","https://www.californiahealthmaps.org?address=A0089","Male","Lung",180990,61.6,48.7,79.2,132870,60.0,45.3,83.3,"","","","",16770,"","","",18275,"","","",5,64987,0.0,7.3,18.3,70.8,3.5,12.2,9.1,12.2,64.7,72.2,81.7,37.7,87.3,34.4
"A0089","San Francisco","San Francisco","https://www.californiahealthmaps.org?address=A0089","Female","Lung",143945,35.2,25.6,50.3,98395,39.2,26.3,62.1,"","","","",12620,"","","",22090,"","","",5,64987,0.0,7.3,18.3,70.8,3.5,12.2,9.1,12.2,64.7,72.2,81.7,37.7,87.3,34.4
"A0089","San Francisco","San Francisco","https://www.californiahealthmaps.org?address=A0089","Male","CRC",180990,40.7,30.7,55.6,132870,34.0,23.6,53.6,"","","","",16770,"","","",18275,"","","",5,64987,0.0,7.3,18.3,70.8,3.5,12.2,9.1,12.2,64.7,72.2,81.7,37.7,87.3,34.4
"A0089","San Francisco","San Francisco","https://www.californiahealthmaps.org?address=A0089","Female","CRC",143945,41.4,30.9,57.4,98395,43.9,30.7,66.7,"","","","",12620,"","","",22090,"","","",5,64987,0.0,7.3,18.3,70.8,3.5,12.2,9.1,12.2,64.7,72.2,81.7,37.7,87.3,34.4
"A0089","San Francisco","San Francisco","https://www.californiahealthmaps.org?address=A0089","Male","Mela",180990,50.4,40.0,65.4,132870,60.7,47.5,82.3,"","","","",16770,"","","",18275,"","","",5,64987,0.0,7.3,18.3,70.8,3.5,12.2,9.1,12.2,64.7,72.2,81.7,37.7,87.3,34.4
"A0089","San Francisco","San Francisco","https://www.californiahealthmaps.org?address=A0089","Female","Mela",143945,27.8,19.8,41.4,98395,34.2,23.6,54.7,"","","","",12620,"","","",22090,"","","",5,64987,0.0,7.3,18.3,70.8,3.5,12.2,9.1,12.2,64.7,72.2,81.7,37.7,87.3,34.4
"A0089","San Francisco","San Francisco","https://www.californiahealthmaps.org?address=A0089","Female","Uterine",143945,35.1,25.7,50.0,98395,43.6,30.8,66.1,"","","","",12620,"","","",22090,"","","",5,64987,0.0,7.3,18.3,70.8,3.5,12.2,9.1,12.2,64.7,72.2,81.7,37.7,87.3,34.4
"A0089","San Francisco","San Francisco","https://www.californiahealthmaps.org?address=A0089","Male","Lymph",180990,32.7,24.1,46.2,132870,33.6,23.5,53.1,"","","","",16770,"","","",18275,"","","",5,64987,0.0,7.3,18.3,70.8,3.5,12.2,9.1,12.2,64.7,72.2,81.7,37.7,87.3,34.4
"A0089","San Francisco","San Francisco","https://www.californiahealthmaps.org?address=A0089","Female","Lymph",143945,16.2,10.0,28.3,98395,"","","","","","","",12620,"","","",22090,"","","",5,64987,0.0,7.3,18.3,70.8,3.5,12.2,9.1,12.2,64.7,72.2,81.7,37.7,87.3,34.4
"A0089","San Francisco","San Francisco","https://www.californiahealthmaps.org?address=A0089","Male","Urinary",180990,23.1,15.3,36.3,132870,26.0,16.4,45.4,"","","","",16770,"","","",18275,"","","",5,64987,0.0,7.3,18.3,70.8,3.5,12.2,9.1,12.2,64.7,72.2,81.7,37.7,87.3,34.4
"A0089","San Francisco","San Francisco","https://www.californiahealthmaps.org?address=A0089","Female","Urinary",143945,"","","",98395,"","","","","","","",12620,"","","",22090,"","","",5,64987,0.0,7.3,18.3,70.8,3.5,12.2,9.1,12.2,64.7,72.2,81.7,37.7,87.3,34.4
"A0089","San Francisco","San Francisco","https://www.californiahealthmaps.org?address=A0089","Male","Kidney",180990,18.8,12.4,30.6,132870,13.1,7.3,29.7,"","","","",16770,"","","",18275,"","","",5,64987,0.0,7.3,18.3,70.8,3.5,12.2,9.1,12.2,64.7,72.2,81.7,37.7,87.3,34.4
"A0089","San Francisco","San Francisco","https://www.californiahealthmaps.org?address=A0089","Female","Kidney",143945,"","","",98395,"","","","","","","",12620,"","","",22090,"","","",5,64987,0.0,7.3,18.3,70.8,3.5,12.2,9.1,12.2,64.7,72.2,81.7,37.7,87.3,34.4
"A0089","San Francisco","San Francisco","https://www.californiahealthmaps.org?address=A0089","Male","Thyroid",180990,8.5,4.9,18.0,132870,9.4,5.1,24.9,"","","","",16770,"","","",18275,"","","",5,64987,0.0,7.3,18.3,70.8,3.5,12.2,9.1,12.2,64.7,72.2,81.7,37.7,87.3,34.4
"A0089","San Francisco","San Francisco","https://www.californiahealthmaps.org?address=A0089","Female","Thyroid",143945,22.5,14.7,36.3,98395,24.5,13.8,46.0,"","","","",12620,"","","",22090,"","","",5,64987,0.0,7.3,18.3,70.8,3.5,12.2,9.1,12.2,64.7,72.2,81.7,37.7,87.3,34.4
"A0089","San Francisco","San Francisco","https://www.californiahealthmaps.org?address=A0089","Male","Liver",180990,23.6,16.3,36.2,132870,19.6,12.2,37.0,"","","","",16770,"","","",18275,"","","",5,64987,0.0,7.3,18.3,70.8,3.5,12.2,9.1,12.2,64.7,72.2,81.7,37.7,87.3,34.4
"A0089","San Francisco","San Francisco","https://www.californiahealthmaps.org?address=A0089","Female","Liver",143945,"","","",98395,"","","","","","","",12620,"","","",22090,"","","",5,64987,0.0,7.3,18.3,70.8,3.5,12.2,9.1,12.2,64.7,72.2,81.7,37.7,87.3,34.4
"A0089","San Francisco","San Francisco","https://www.californiahealthmaps.org?address=A0089","Male","Pancreas",180990,15.9,9.9,27.6,132870,16.4,9.4,33.8,"","","","",16770,"","","",18275,"","","",5,64987,0.0,7.3,18.3,70.8,3.5,12.2,9.1,12.2,64.7,72.2,81.7,37.7,87.3,34.4
"A0089","San Francisco","San Francisco","https://www.californiahealthmaps.org?address=A0089","Female","Pancreas",143945,12.6,7.3,24.2,98395,"","","","","","","",12620,"","","",22090,"","","",5,64987,0.0,7.3,18.3,70.8,3.5,12.2,9.1,12.2,64.7,72.2,81.7,37.7,87.3,34.4
"A0089","San Francisco","San Francisco","https://www.californiahealthmaps.org?address=A0089","Both","AllSite",324935,484.1,458.8,511.5,231265,503.4,472.1,538.1,"","","","",29390,431.8,350.9,533.6,40365,398.0,337.3,477.2,5,64987,0.0,7.3,18.3,70.8,3.5,12.2,9.1,12.2,64.7,72.2,81.7,37.7,87.3,34.4
"A0089","San Francisco","San Francisco","https://www.californiahealthmaps.org?address=A0089","Both","Lung",324935,48.9,40.8,59.5,231265,50.5,40.5,64.8,"","","","",29390,"","","",40365,41.1,23.3,83.8,5,64987,0.0,7.3,18.3,70.8,3.5,12.2,9.1,12.2,64.7,72.2,81.7,37.7,87.3,34.4
"A0089","San Francisco","San Francisco","https://www.californiahealthmaps.org?address=A0089","Both","CRC",324935,39.9,32.7,49.3,231265,37.0,29.0,49.3,"","","","",29390,"","","",40365,39.6,21.8,82.6,5,64987,0.0,7.3,18.3,70.8,3.5,12.2,9.1,12.2,64.7,72.2,81.7,37.7,87.3,34.4
"A0089","San Francisco","San Francisco","https://www.californiahealthmaps.org?address=A0089","Both","Mela",324935,39.4,32.8,48.3,231265,48.5,39.8,61.3,"","","","",29390,"","","",40365,"","","",5,64987,0.0,7.3,18.3,70.8,3.5,12.2,9.1,12.2,64.7,72.2,81.7,37.7,87.3,34.4
"A0089","San Francisco","San Francisco","https://www.californiahealthmaps.org?address=A0089","Both","Lymph",324935,25.6,20.1,33.6,231265,25.9,19.2,37.0,"","","","",29390,"","","",40365,"","","",5,64987,0.0,7.3,18.3,70.8,3.5,12.2,9.1,12.2,64.7,72.2,81.7,37.7,87.3,34.4
"A0089","San Francisco","San Francisco","https://www.californiahealthmaps.org?address=A0089","Both","Urinary",324935,13.8,9.6,20.6,231265,16.3,10.8,26.6,"","","","",29390,"","","",40365,"","","",5,64987,0.0,7.3,18.3,70.8,3.5,12.2,9.1,12.2,64.7,72.2,81.7,37.7,87.3,34.4
"A0089","San Francisco","San Francisco","https://www.californiahealthmaps.org?address=A0089","Both","Kidney",324935,12.1,8.4,18.4,231265,9.1,5.5,17.9,"","","","",29390,"","","",40365,"","","",5,64987,0.0,7.3,18.3,70.8,3.5,12.2,9.1,12.2,64.7,72.2,81.7,37.7,87.3,34.4
"A0089","San Francisco","San Francisco","https://www.californiahealthmaps.org?address=A0089","Both","Thyroid",324935,14.8,10.6,21.6,231265,15.8,10.2,26.3,"","","","",29390,"","","",40365,"","","",5,64987,0.0,7.3,18.3,70.8,3.5,12.2,9.1,12.2,64.7,72.2,81.7,37.7,87.3,34.4
"A0089","San Francisco","San Francisco","https://www.californiahealthmaps.org?address=A0089","Both","Liver",324935,15.7,11.4,22.7,231265,14.5,9.6,24.3,"","","","",29390,"","","",40365,"","","",5,64987,0.0,7.3,18.3,70.8,3.5,12.2,9.1,12.2,64.7,72.2,81.7,37.7,87.3,34.4
"A0089","San Francisco","San Francisco","https://www.californiahealthmaps.org?address=A0089","Both","Pancreas",324935,14.1,10.0,20.8,231265,13.0,8.4,22.6,"","","","",29390,"","","",40365,"","","",5,64987,0.0,7.3,18.3,70.8,3.5,12.2,9.1,12.2,64.7,72.2,81.7,37.7,87.3,34.4
