"Zone","Counties","Cities","URL","Sex","Cancer","PopTot","AAIR","LCI","UCI","White_PopTot","White_AAIR","White_LCI","White_UCI","Black_PopTot","Black_AAIR","Black_LCI","Black_UCI","Hispanic_PopTot","Hispanic_AAIR","Hispanic_LCI","Hispanic_UCI","Asian_PopTot","Asian_AAIR","Asian_LCI","Asian_UCI","QNSES","PopAll","PerRural","PerUninsured","PerForeignBorn","PerWhite","PerBlack","PerAsian","PerHispanic"
"A0146","Kern","Bakersfield","https://www.californiahealthmaps.org?address=A0146","Male","AllSite",174630,441.3,399.1,487.4,23705,554.7,471.1,652.9,15280,574.3,437.0,745.9,130600,345.9,293.8,406.9,"","","","",1,69754,0.7,27.9,27.3,12.9,9.0,0.9,75.0
"A0146","Kern","Bakersfield","https://www.californiahealthmaps.org?address=A0146","Female","AllSite",174140,385.7,351.4,422.8,24470,423.6,354.0,508.6,17360,392.1,296.5,512.5,126295,370.9,325.0,422.7,"","","","",1,69754,0.7,27.9,27.3,12.9,9.0,0.9,75.0
"A0146","Kern","Bakersfield","https://www.californiahealthmaps.org?address=A0146","Male","Prostate",174630,87.9,69.5,110.3,23705,111.9,77.4,162.2,15280,144.4,80.4,245.3,130600,50.0,31.3,78.5,"","","","",1,69754,0.7,27.9,27.3,12.9,9.0,0.9,75.0
"A0146","Kern","Bakersfield","https://www.californiahealthmaps.org?address=A0146","Female","Breast",174140,105.5,87.9,126.0,24470,114.1,79.5,165.6,17360,118.7,69.4,194.0,126295,100.5,77.3,129.7,"","","","",1,69754,0.7,27.9,27.3,12.9,9.0,0.9,75.0
"A0146","Kern","Bakersfield","https://www.californiahealthmaps.org?address=A0146","Male","Lung",174630,55.7,40.6,74.9,23705,86.1,54.7,134.1,15280,"","","",130600,38.8,21.2,67.3,"","","","",1,69754,0.7,27.9,27.3,12.9,9.0,0.9,75.0
"A0146","Kern","Bakersfield","https://www.californiahealthmaps.org?address=A0146","Female","Lung",174140,44.4,32.7,59.2,24470,64.2,40.7,104.9,17360,"","","",126295,29.5,16.2,50.0,"","","","",1,69754,0.7,27.9,27.3,12.9,9.0,0.9,75.0
"A0146","Kern","Bakersfield","https://www.californiahealthmaps.org?address=A0146","Male","CRC",174630,51.3,37.8,68.7,23705,66.7,39.8,110.6,15280,"","","",130600,31.8,19.5,53.6,"","","","",1,69754,0.7,27.9,27.3,12.9,9.0,0.9,75.0
"A0146","Kern","Bakersfield","https://www.californiahealthmaps.org?address=A0146","Female","CRC",174140,29.4,20.3,41.4,24470,"","","",17360,"","","",126295,27.2,16.0,44.9,"","","","",1,69754,0.7,27.9,27.3,12.9,9.0,0.9,75.0
"A0146","Kern","Bakersfield","https://www.californiahealthmaps.org?address=A0146","Male","Mela",174630,14.2,6.9,26.2,23705,"","","",15280,"","","",130600,"","","","","","","",1,69754,0.7,27.9,27.3,12.9,9.0,0.9,75.0
"A0146","Kern","Bakersfield","https://www.californiahealthmaps.org?address=A0146","Female","Mela",174140,9.3,4.6,17.4,24470,"","","",17360,"","","",126295,"","","","","","","",1,69754,0.7,27.9,27.3,12.9,9.0,0.9,75.0
"A0146","Kern","Bakersfield","https://www.californiahealthmaps.org?address=A0146","Female","Uterine",174140,26.4,18.2,37.5,24470,"","","",17360,"","","",126295,21.7,12.1,37.7,"","","","",1,69754,0.7,27.9,27.3,12.9,9.0,0.9,75.0
"A0146","Kern","Bakersfield","https://www.californiahealthmaps.org?address=A0146","Male","Lymph",174630,21.2,12.9,33.6,23705,"","","",15280,"","","",130600,"","","","","","","",1,69754,0.7,27.9,27.3,12.9,9.0,0.9,75.0
"A0146","Kern","Bakersfield","https://www.californiahealthmaps.org?address=A0146","Female","Lymph",174140,13.9,8.0,22.9,24470,"","","",17360,"","","",126295,"","","","","","","",1,69754,0.7,27.9,27.3,12.9,9.0,0.9,75.0
"A0146","Kern","Bakersfield","https://www.californiahealthmaps.org?address=A0146","Male","Urinary",174630,14.1,7.5,25.0,23705,"","","",15280,"","","",130600,"","","","","","","",1,69754,0.7,27.9,27.3,12.9,9.0,0.9,75.0
"A0146","Kern","Bakersfield","https://www.californiahealthmaps.org?address=A0146","Female","Urinary",174140,3.8,1.2,9.6,24470,"","","",17360,"","","",126295,"","","","","","","",1,69754,0.7,27.9,27.3,12.9,9.0,0.9,75.0
"A0146","Kern","Bakersfield","https://www.californiahealthmaps.org?address=A0146","Male","Kidney",174630,29.8,19.9,43.7,23705,"","","",15280,"","","",130600,34.1,19.1,59.4,"","","","",1,69754,0.7,27.9,27.3,12.9,9.0,0.9,75.0
"A0146","Kern","Bakersfield","https://www.californiahealthmaps.org?address=A0146","Female","Kidney",174140,15.7,9.7,24.7,24470,"","","",17360,"","","",126295,21.8,12.1,37.8,"","","","",1,69754,0.7,27.9,27.3,12.9,9.0,0.9,75.0
"A0146","Kern","Bakersfield","https://www.californiahealthmaps.org?address=A0146","Male","Thyroid",174630,6.4,2.2,15.2,23705,"","","",15280,"","","",130600,"","","","","","","",1,69754,0.7,27.9,27.3,12.9,9.0,0.9,75.0
"A0146","Kern","Bakersfield","https://www.californiahealthmaps.org?address=A0146","Female","Thyroid",174140,17.7,11.6,26.6,24470,"","","",17360,"","","",126295,21.1,13.2,34.7,"","","","",1,69754,0.7,27.9,27.3,12.9,9.0,0.9,75.0
"A0146","Kern","Bakersfield","https://www.californiahealthmaps.org?address=A0146","Both","AllSite",348770,404.7,378.3,432.6,48175,477.9,424.6,538.2,32640,456.2,378.3,547.1,256895,354.5,320.1,392.3,"","","","",1,69754,0.7,27.9,27.3,12.9,9.0,0.9,75.0
"A0146","Kern","Bakersfield","https://www.californiahealthmaps.org?address=A0146","Both","Lung",348770,49.6,40.1,60.8,48175,73.7,54.1,100.8,32640,65.1,36.8,108.3,256895,34.1,22.7,49.5,"","","","",1,69754,0.7,27.9,27.3,12.9,9.0,0.9,75.0
"A0146","Kern","Bakersfield","https://www.californiahealthmaps.org?address=A0146","Both","CRC",348770,39.3,31.4,48.9,48175,48.3,32.6,71.9,32640,"","","",256895,29.6,20.9,41.8,"","","","",1,69754,0.7,27.9,27.3,12.9,9.0,0.9,75.0
"A0146","Kern","Bakersfield","https://www.californiahealthmaps.org?address=A0146","Both","Mela",348770,11.0,6.8,17.0,48175,25.2,13.9,45.1,32640,"","","",256895,"","","","","","","",1,69754,0.7,27.9,27.3,12.9,9.0,0.9,75.0
"A0146","Kern","Bakersfield","https://www.californiahealthmaps.org?address=A0146","Both","Lymph",348770,17.0,12.0,23.7,48175,"","","",32640,"","","",256895,18.0,11.1,28.6,"","","","",1,69754,0.7,27.9,27.3,12.9,9.0,0.9,75.0
"A0146","Kern","Bakersfield","https://www.californiahealthmaps.org?address=A0146","Both","Urinary",348770,8.5,5.0,13.6,48175,"","","",32640,"","","",256895,"","","","","","","",1,69754,0.7,27.9,27.3,12.9,9.0,0.9,75.0
"A0146","Kern","Bakersfield","https://www.californiahealthmaps.org?address=A0146","Both","Kidney",348770,22.2,16.5,29.5,48175,"","","",32640,"","","",256895,27.3,18.3,40.1,"","","","",1,69754,0.7,27.9,27.3,12.9,9.0,0.9,75.0
"A0146","Kern","Bakersfield","https://www.californiahealthmaps.org?address=A0146","Both","Thyroid",348770,11.8,8.0,17.1,48175,"","","",32640,"","","",256895,12.5,7.7,20.8,"","","","",1,69754,0.7,27.9,27.3,12.9,9.0,0.9,75.0
