"Zone","Counties","Cities","URL","Sex","Cancer","PopTot","AAIR","LCI","UCI","White_PopTot","White_AAIR","White_LCI","White_UCI","Black_PopTot","Black_AAIR","Black_LCI","Black_UCI","Hispanic_PopTot","Hispanic_AAIR","Hispanic_LCI","Hispanic_UCI","Asian_PopTot","Asian_AAIR","Asian_LCI","Asian_UCI","QNSES","PopAll","PerRural","PerUninsured","PerForeignBorn","PerWhite","PerBlack","PerAsian","PerHispanic","PerAPI","PerDocvisit","PerFOBT","PerMammo","PerMenPrev","PerPap","PerWomenPrev"
"A0930","Orange","Yorba Linda, Rancho Santa Margarita, Anaheim","https://www.californiahealthmaps.org?address=A0930","Male","AllSite",150600,628.2,576.1,684.5,105475,654.3,593.3,720.7,"","","","",22285,580.1,404.2,834.2,15685,469.4,340.5,648.0,5,61276,5.3,7.1,16.5,69.6,1.0,11.1,15.2,11.1,"","","","","",""
"A0930","Orange","Yorba Linda, Rancho Santa Margarita, Anaheim","https://www.californiahealthmaps.org?address=A0930","Female","AllSite",155780,483.3,445.2,524.2,105945,482.8,437.0,532.9,"","","","",24305,503.4,391.4,645.5,18205,508.6,402.7,638.1,5,61276,5.3,7.1,16.5,69.6,1.0,11.1,15.2,11.1,"","","","","",""
"A0930","Orange","Yorba Linda, Rancho Santa Margarita, Anaheim","https://www.californiahealthmaps.org?address=A0930","Male","Prostate",150600,156.9,133.0,184.8,105475,142.5,117.6,172.7,"","","","",22285,163.3,79.9,334.3,15685,116.3,59.9,228.1,5,61276,5.3,7.1,16.5,69.6,1.0,11.1,15.2,11.1,"","","","","",""
"A0930","Orange","Yorba Linda, Rancho Santa Margarita, Anaheim","https://www.californiahealthmaps.org?address=A0930","Female","Breast",155780,159.2,138.4,182.9,105945,148.3,124.3,176.6,"","","","",24305,191.7,128.6,285.4,18205,200.1,137.4,286.9,5,61276,5.3,7.1,16.5,69.6,1.0,11.1,15.2,11.1,"","","","","",""
"A0930","Orange","Yorba Linda, Rancho Santa Margarita, Anaheim","https://www.californiahealthmaps.org?address=A0930","Male","Lung",150600,58.5,42.0,79.9,105475,64.4,44.5,90.9,"","","","",22285,"","","",15685,"","","",5,61276,5.3,7.1,16.5,69.6,1.0,11.1,15.2,11.1,"","","","","",""
"A0930","Orange","Yorba Linda, Rancho Santa Margarita, Anaheim","https://www.californiahealthmaps.org?address=A0930","Female","Lung",155780,57.9,44.0,75.1,105945,66.8,49.2,89.3,"","","","",24305,"","","",18205,"","","",5,61276,5.3,7.1,16.5,69.6,1.0,11.1,15.2,11.1,"","","","","",""
"A0930","Orange","Yorba Linda, Rancho Santa Margarita, Anaheim","https://www.californiahealthmaps.org?address=A0930","Male","CRC",150600,57.8,42.3,77.9,105475,51.1,34.5,73.8,"","","","",22285,"","","",15685,"","","",5,61276,5.3,7.1,16.5,69.6,1.0,11.1,15.2,11.1,"","","","","",""
"A0930","Orange","Yorba Linda, Rancho Santa Margarita, Anaheim","https://www.californiahealthmaps.org?address=A0930","Female","CRC",155780,36.0,25.9,49.2,105945,34.7,23.3,50.7,"","","","",24305,"","","",18205,"","","",5,61276,5.3,7.1,16.5,69.6,1.0,11.1,15.2,11.1,"","","","","",""
"A0930","Orange","Yorba Linda, Rancho Santa Margarita, Anaheim","https://www.californiahealthmaps.org?address=A0930","Male","Mela",150600,53.8,39.8,72.1,105475,68.2,50.1,91.9,"","","","",22285,"","","",15685,"","","",5,61276,5.3,7.1,16.5,69.6,1.0,11.1,15.2,11.1,"","","","","",""
"A0930","Orange","Yorba Linda, Rancho Santa Margarita, Anaheim","https://www.californiahealthmaps.org?address=A0930","Female","Mela",155780,29.1,21.0,40.1,105945,36.3,25.3,51.7,"","","","",24305,"","","",18205,"","","",5,61276,5.3,7.1,16.5,69.6,1.0,11.1,15.2,11.1,"","","","","",""
"A0930","Orange","Yorba Linda, Rancho Santa Margarita, Anaheim","https://www.californiahealthmaps.org?address=A0930","Female","Uterine",155780,27.3,19.2,38.6,105945,25.9,16.4,40.1,"","","","",24305,"","","",18205,"","","",5,61276,5.3,7.1,16.5,69.6,1.0,11.1,15.2,11.1,"","","","","",""
"A0930","Orange","Yorba Linda, Rancho Santa Margarita, Anaheim","https://www.californiahealthmaps.org?address=A0930","Male","Lymph",150600,45.8,32.4,63.8,105475,52.3,35.4,75.3,"","","","",22285,"","","",15685,"","","",5,61276,5.3,7.1,16.5,69.6,1.0,11.1,15.2,11.1,"","","","","",""
"A0930","Orange","Yorba Linda, Rancho Santa Margarita, Anaheim","https://www.californiahealthmaps.org?address=A0930","Female","Lymph",155780,14.8,8.6,24.3,105945,"","","","","","","",24305,"","","",18205,"","","",5,61276,5.3,7.1,16.5,69.6,1.0,11.1,15.2,11.1,"","","","","",""
"A0930","Orange","Yorba Linda, Rancho Santa Margarita, Anaheim","https://www.californiahealthmaps.org?address=A0930","Male","Urinary",150600,"","","",105475,"","","","","","","",22285,"","","",15685,"","","",5,61276,5.3,7.1,16.5,69.6,1.0,11.1,15.2,11.1,"","","","","",""
"A0930","Orange","Yorba Linda, Rancho Santa Margarita, Anaheim","https://www.californiahealthmaps.org?address=A0930","Female","Urinary",155780,"","","",105945,"","","","","","","",24305,"","","",18205,"","","",5,61276,5.3,7.1,16.5,69.6,1.0,11.1,15.2,11.1,"","","","","",""
"A0930","Orange","Yorba Linda, Rancho Santa Margarita, Anaheim","https://www.californiahealthmaps.org?address=A0930","Male","Kidney",150600,28.4,18.5,42.9,105475,32.8,20.5,51.2,"","","","",22285,"","","",15685,"","","",5,61276,5.3,7.1,16.5,69.6,1.0,11.1,15.2,11.1,"","","","","",""
"A0930","Orange","Yorba Linda, Rancho Santa Margarita, Anaheim","https://www.californiahealthmaps.org?address=A0930","Female","Kidney",155780,"","","",105945,"","","","","","","",24305,"","","",18205,"","","",5,61276,5.3,7.1,16.5,69.6,1.0,11.1,15.2,11.1,"","","","","",""
"A0930","Orange","Yorba Linda, Rancho Santa Margarita, Anaheim","https://www.californiahealthmaps.org?address=A0930","Male","Thyroid",150600,"","","",105475,"","","","","","","",22285,"","","",15685,"","","",5,61276,5.3,7.1,16.5,69.6,1.0,11.1,15.2,11.1,"","","","","",""
"A0930","Orange","Yorba Linda, Rancho Santa Margarita, Anaheim","https://www.californiahealthmaps.org?address=A0930","Female","Thyroid",155780,25.8,18.4,36.2,105945,25.3,16.4,38.6,"","","","",24305,"","","",18205,"","","",5,61276,5.3,7.1,16.5,69.6,1.0,11.1,15.2,11.1,"","","","","",""
"A0930","Orange","Yorba Linda, Rancho Santa Margarita, Anaheim","https://www.californiahealthmaps.org?address=A0930","Male","Liver",150600,10.7,5.3,20.8,105475,"","","","","","","",22285,"","","",15685,"","","",5,61276,5.3,7.1,16.5,69.6,1.0,11.1,15.2,11.1,"","","","","",""
"A0930","Orange","Yorba Linda, Rancho Santa Margarita, Anaheim","https://www.californiahealthmaps.org?address=A0930","Female","Liver",155780,"","","",105945,"","","","","","","",24305,"","","",18205,"","","",5,61276,5.3,7.1,16.5,69.6,1.0,11.1,15.2,11.1,"","","","","",""
"A0930","Orange","Yorba Linda, Rancho Santa Margarita, Anaheim","https://www.californiahealthmaps.org?address=A0930","Male","Pancreas",150600,"","","",105475,"","","","","","","",22285,"","","",15685,"","","",5,61276,5.3,7.1,16.5,69.6,1.0,11.1,15.2,11.1,"","","","","",""
"A0930","Orange","Yorba Linda, Rancho Santa Margarita, Anaheim","https://www.californiahealthmaps.org?address=A0930","Female","Pancreas",155780,15.1,9.0,24.6,105945,"","","","","","","",24305,"","","",18205,"","","",5,61276,5.3,7.1,16.5,69.6,1.0,11.1,15.2,11.1,"","","","","",""
"A0930","Orange","Yorba Linda, Rancho Santa Margarita, Anaheim","https://www.californiahealthmaps.org?address=A0930","Both","AllSite",306380,546.1,515.0,578.9,211420,561.7,524.5,601.3,"","","","",46590,520.9,426.8,634.4,33890,487.6,405.9,583.9,5,61276,5.3,7.1,16.5,69.6,1.0,11.1,15.2,11.1,"","","","","",""
"A0930","Orange","Yorba Linda, Rancho Santa Margarita, Anaheim","https://www.californiahealthmaps.org?address=A0930","Both","Lung",306380,58.4,47.6,71.0,211420,65.7,52.3,81.9,"","","","",46590,"","","",33890,"","","",5,61276,5.3,7.1,16.5,69.6,1.0,11.1,15.2,11.1,"","","","","",""
"A0930","Orange","Yorba Linda, Rancho Santa Margarita, Anaheim","https://www.californiahealthmaps.org?address=A0930","Both","CRC",306380,45.7,36.7,56.5,211420,42.1,32.2,54.6,"","","","",46590,"","","",33890,66.8,38.9,111.1,5,61276,5.3,7.1,16.5,69.6,1.0,11.1,15.2,11.1,"","","","","",""
"A0930","Orange","Yorba Linda, Rancho Santa Margarita, Anaheim","https://www.californiahealthmaps.org?address=A0930","Both","Mela",306380,39.9,32.2,49.2,211420,50.4,40.3,62.9,"","","","",46590,"","","",33890,"","","",5,61276,5.3,7.1,16.5,69.6,1.0,11.1,15.2,11.1,"","","","","",""
"A0930","Orange","Yorba Linda, Rancho Santa Margarita, Anaheim","https://www.californiahealthmaps.org?address=A0930","Both","Lymph",306380,28.9,22.0,37.7,211420,32.7,23.8,44.2,"","","","",46590,"","","",33890,"","","",5,61276,5.3,7.1,16.5,69.6,1.0,11.1,15.2,11.1,"","","","","",""
"A0930","Orange","Yorba Linda, Rancho Santa Margarita, Anaheim","https://www.californiahealthmaps.org?address=A0930","Both","Urinary",306380,7.7,4.3,13.2,211420,"","","","","","","",46590,"","","",33890,"","","",5,61276,5.3,7.1,16.5,69.6,1.0,11.1,15.2,11.1,"","","","","",""
"A0930","Orange","Yorba Linda, Rancho Santa Margarita, Anaheim","https://www.californiahealthmaps.org?address=A0930","Both","Kidney",306380,16.8,11.8,23.6,211420,18.1,12.0,26.6,"","","","",46590,"","","",33890,"","","",5,61276,5.3,7.1,16.5,69.6,1.0,11.1,15.2,11.1,"","","","","",""
"A0930","Orange","Yorba Linda, Rancho Santa Margarita, Anaheim","https://www.californiahealthmaps.org?address=A0930","Both","Thyroid",306380,18.0,13.2,24.4,211420,18.6,12.8,26.9,"","","","",46590,"","","",33890,"","","",5,61276,5.3,7.1,16.5,69.6,1.0,11.1,15.2,11.1,"","","","","",""
"A0930","Orange","Yorba Linda, Rancho Santa Margarita, Anaheim","https://www.californiahealthmaps.org?address=A0930","Both","Liver",306380,5.4,2.8,9.8,211420,"","","","","","","",46590,"","","",33890,"","","",5,61276,5.3,7.1,16.5,69.6,1.0,11.1,15.2,11.1,"","","","","",""
"A0930","Orange","Yorba Linda, Rancho Santa Margarita, Anaheim","https://www.californiahealthmaps.org?address=A0930","Both","Pancreas",306380,14.9,10.0,21.6,211420,14.7,8.9,23.2,"","","","",46590,"","","",33890,"","","",5,61276,5.3,7.1,16.5,69.6,1.0,11.1,15.2,11.1,"","","","","",""
