"Zone","Counties","Cities","URL","Sex","Cancer","PopTot","AAIR","LCI","UCI","White_PopTot","White_AAIR","White_LCI","White_UCI","Black_PopTot","Black_AAIR","Black_LCI","Black_UCI","Hispanic_PopTot","Hispanic_AAIR","Hispanic_LCI","Hispanic_UCI","Asian_PopTot","Asian_AAIR","Asian_LCI","Asian_UCI","QNSES","PopAll","PerRural","PerUninsured","PerForeignBorn","PerWhite","PerBlack","PerAsian","PerHispanic","PerAPI","PerDocvisit","PerFOBT","PerMammo","PerMenPrev","PerPap","PerWomenPrev"
"A0801","San Francisco","San Francisco","https://www.californiahealthmaps.org?address=A0801","Male","AllSite",156650,489.5,453.5,527.9,13815,577.7,467.5,726.0,23615,605.4,503.8,725.1,43360,422.2,343.0,516.4,71250,481.7,431.3,537.6,2,64588,0.0,15.0,44.9,9.2,18.8,44.2,24.7,44.2,66.2,60.1,79.5,26.8,78.6,25.8
"A0801","San Francisco","San Francisco","https://www.californiahealthmaps.org?address=A0801","Female","AllSite",166290,410.7,382.0,441.3,12165,634.9,520.0,796.6,31260,501.6,429.1,585.7,41435,417.0,350.5,493.2,76195,352.0,314.4,394.0,2,64588,0.0,15.0,44.9,9.2,18.8,44.2,24.7,44.2,66.2,60.1,79.5,26.8,78.6,25.8
"A0801","San Francisco","San Francisco","https://www.californiahealthmaps.org?address=A0801","Male","Prostate",156650,97.8,82.2,115.8,13815,136.7,87.1,230.9,23615,146.8,100.1,212.5,43360,131.6,88.2,191.0,71250,69.7,52.1,93.2,2,64588,0.0,15.0,44.9,9.2,18.8,44.2,24.7,44.2,66.2,60.1,79.5,26.8,78.6,25.8
"A0801","San Francisco","San Francisco","https://www.californiahealthmaps.org?address=A0801","Female","Breast",166290,115.6,100.5,132.5,12165,203.9,140.2,322.2,31260,135.6,98.9,184.7,41435,113.8,80.2,157.6,76195,95.0,76.5,118.0,2,64588,0.0,15.0,44.9,9.2,18.8,44.2,24.7,44.2,66.2,60.1,79.5,26.8,78.6,25.8
"A0801","San Francisco","San Francisco","https://www.californiahealthmaps.org?address=A0801","Male","Lung",156650,71.6,58.1,87.6,13815,"","","",23615,122.0,78.1,185.7,43360,"","","",71250,82.1,62.1,108.0,2,64588,0.0,15.0,44.9,9.2,18.8,44.2,24.7,44.2,66.2,60.1,79.5,26.8,78.6,25.8
"A0801","San Francisco","San Francisco","https://www.californiahealthmaps.org?address=A0801","Female","Lung",166290,44.3,35.3,55.3,12165,91.6,52.3,192.4,31260,55.9,34.4,90.0,41435,"","","",76195,46.1,33.2,63.8,2,64588,0.0,15.0,44.9,9.2,18.8,44.2,24.7,44.2,66.2,60.1,79.5,26.8,78.6,25.8
"A0801","San Francisco","San Francisco","https://www.californiahealthmaps.org?address=A0801","Male","CRC",156650,51.3,40.2,65.0,13815,"","","",23615,"","","",43360,"","","",71250,63.3,46.2,86.3,2,64588,0.0,15.0,44.9,9.2,18.8,44.2,24.7,44.2,66.2,60.1,79.5,26.8,78.6,25.8
"A0801","San Francisco","San Francisco","https://www.californiahealthmaps.org?address=A0801","Female","CRC",166290,41.4,32.8,52.0,12165,"","","",31260,49.3,29.1,82.3,41435,57.2,34.3,90.5,76195,32.6,22.2,47.9,2,64588,0.0,15.0,44.9,9.2,18.8,44.2,24.7,44.2,66.2,60.1,79.5,26.8,78.6,25.8
"A0801","San Francisco","San Francisco","https://www.californiahealthmaps.org?address=A0801","Male","Mela",156650,11.2,6.3,18.9,13815,"","","",23615,"","","",43360,"","","",71250,"","","",2,64588,0.0,15.0,44.9,9.2,18.8,44.2,24.7,44.2,66.2,60.1,79.5,26.8,78.6,25.8
"A0801","San Francisco","San Francisco","https://www.californiahealthmaps.org?address=A0801","Female","Mela",166290,"","","",12165,"","","",31260,"","","",41435,"","","",76195,"","","",2,64588,0.0,15.0,44.9,9.2,18.8,44.2,24.7,44.2,66.2,60.1,79.5,26.8,78.6,25.8
"A0801","San Francisco","San Francisco","https://www.californiahealthmaps.org?address=A0801","Female","Uterine",166290,29.3,22.2,38.4,12165,"","","",31260,"","","",41435,"","","",76195,31.0,21.0,45.9,2,64588,0.0,15.0,44.9,9.2,18.8,44.2,24.7,44.2,66.2,60.1,79.5,26.8,78.6,25.8
"A0801","San Francisco","San Francisco","https://www.californiahealthmaps.org?address=A0801","Male","Lymph",156650,25.4,17.9,35.5,13815,"","","",23615,"","","",43360,"","","",71250,23.0,13.1,39.5,2,64588,0.0,15.0,44.9,9.2,18.8,44.2,24.7,44.2,66.2,60.1,79.5,26.8,78.6,25.8
"A0801","San Francisco","San Francisco","https://www.californiahealthmaps.org?address=A0801","Female","Lymph",166290,16.9,11.5,24.3,12165,"","","",31260,"","","",41435,"","","",76195,"","","",2,64588,0.0,15.0,44.9,9.2,18.8,44.2,24.7,44.2,66.2,60.1,79.5,26.8,78.6,25.8
"A0801","San Francisco","San Francisco","https://www.californiahealthmaps.org?address=A0801","Male","Urinary",156650,"","","",13815,"","","",23615,"","","",43360,"","","",71250,"","","",2,64588,0.0,15.0,44.9,9.2,18.8,44.2,24.7,44.2,66.2,60.1,79.5,26.8,78.6,25.8
"A0801","San Francisco","San Francisco","https://www.californiahealthmaps.org?address=A0801","Female","Urinary",166290,"","","",12165,"","","",31260,"","","",41435,"","","",76195,"","","",2,64588,0.0,15.0,44.9,9.2,18.8,44.2,24.7,44.2,66.2,60.1,79.5,26.8,78.6,25.8
"A0801","San Francisco","San Francisco","https://www.californiahealthmaps.org?address=A0801","Male","Kidney",156650,27.1,19.4,37.4,13815,"","","",23615,"","","",43360,"","","",71250,20.5,11.3,36.3,2,64588,0.0,15.0,44.9,9.2,18.8,44.2,24.7,44.2,66.2,60.1,79.5,26.8,78.6,25.8
"A0801","San Francisco","San Francisco","https://www.californiahealthmaps.org?address=A0801","Female","Kidney",166290,10.6,6.4,16.9,12165,"","","",31260,"","","",41435,"","","",76195,"","","",2,64588,0.0,15.0,44.9,9.2,18.8,44.2,24.7,44.2,66.2,60.1,79.5,26.8,78.6,25.8
"A0801","San Francisco","San Francisco","https://www.californiahealthmaps.org?address=A0801","Male","Thyroid",156650,11.4,6.7,18.8,13815,"","","",23615,"","","",43360,"","","",71250,"","","",2,64588,0.0,15.0,44.9,9.2,18.8,44.2,24.7,44.2,66.2,60.1,79.5,26.8,78.6,25.8
"A0801","San Francisco","San Francisco","https://www.californiahealthmaps.org?address=A0801","Female","Thyroid",166290,24.8,18.0,33.6,12165,"","","",31260,"","","",41435,"","","",76195,28.1,18.0,43.2,2,64588,0.0,15.0,44.9,9.2,18.8,44.2,24.7,44.2,66.2,60.1,79.5,26.8,78.6,25.8
"A0801","San Francisco","San Francisco","https://www.californiahealthmaps.org?address=A0801","Male","Liver",156650,40.0,30.6,51.7,13815,"","","",23615,"","","",43360,"","","",71250,46.7,32.9,66.3,2,64588,0.0,15.0,44.9,9.2,18.8,44.2,24.7,44.2,66.2,60.1,79.5,26.8,78.6,25.8
"A0801","San Francisco","San Francisco","https://www.californiahealthmaps.org?address=A0801","Female","Liver",166290,13.0,8.4,19.5,12165,"","","",31260,"","","",41435,"","","",76195,"","","",2,64588,0.0,15.0,44.9,9.2,18.8,44.2,24.7,44.2,66.2,60.1,79.5,26.8,78.6,25.8
"A0801","San Francisco","San Francisco","https://www.californiahealthmaps.org?address=A0801","Male","Pancreas",156650,11.2,6.3,18.8,13815,"","","",23615,"","","",43360,"","","",71250,"","","",2,64588,0.0,15.0,44.9,9.2,18.8,44.2,24.7,44.2,66.2,60.1,79.5,26.8,78.6,25.8
"A0801","San Francisco","San Francisco","https://www.californiahealthmaps.org?address=A0801","Female","Pancreas",166290,13.1,8.6,19.8,12165,"","","",31260,"","","",41435,"","","",76195,"","","",2,64588,0.0,15.0,44.9,9.2,18.8,44.2,24.7,44.2,66.2,60.1,79.5,26.8,78.6,25.8
"A0801","San Francisco","San Francisco","https://www.californiahealthmaps.org?address=A0801","Both","AllSite",322940,438.7,416.4,461.8,25980,593.0,514.4,691.0,54875,534.8,476.0,600.5,84795,410.8,360.2,466.9,147445,404.9,374.6,437.3,2,64588,0.0,15.0,44.9,9.2,18.8,44.2,24.7,44.2,66.2,60.1,79.5,26.8,78.6,25.8
"A0801","San Francisco","San Francisco","https://www.californiahealthmaps.org?address=A0801","Both","Lung",322940,55.3,47.5,63.9,25980,64.3,40.4,113.2,54875,79.7,58.1,108.6,84795,"","","",147445,61.5,50.0,75.2,2,64588,0.0,15.0,44.9,9.2,18.8,44.2,24.7,44.2,66.2,60.1,79.5,26.8,78.6,25.8
"A0801","San Francisco","San Francisco","https://www.californiahealthmaps.org?address=A0801","Both","CRC",322940,45.9,38.9,53.9,25980,46.1,26.8,91.6,54875,41.9,27.0,64.4,84795,49.4,33.2,71.6,147445,46.0,36.4,58.0,2,64588,0.0,15.0,44.9,9.2,18.8,44.2,24.7,44.2,66.2,60.1,79.5,26.8,78.6,25.8
"A0801","San Francisco","San Francisco","https://www.californiahealthmaps.org?address=A0801","Both","Mela",322940,6.2,3.9,9.6,25980,45.8,26.4,91.5,54875,"","","",84795,"","","",147445,"","","",2,64588,0.0,15.0,44.9,9.2,18.8,44.2,24.7,44.2,66.2,60.1,79.5,26.8,78.6,25.8
"A0801","San Francisco","San Francisco","https://www.californiahealthmaps.org?address=A0801","Both","Lymph",322940,20.8,16.2,26.5,25980,"","","",54875,"","","",84795,26.9,15.1,44.8,147445,18.2,12.1,26.8,2,64588,0.0,15.0,44.9,9.2,18.8,44.2,24.7,44.2,66.2,60.1,79.5,26.8,78.6,25.8
"A0801","San Francisco","San Francisco","https://www.californiahealthmaps.org?address=A0801","Both","Urinary",322940,6.8,4.2,10.4,25980,"","","",54875,"","","",84795,"","","",147445,"","","",2,64588,0.0,15.0,44.9,9.2,18.8,44.2,24.7,44.2,66.2,60.1,79.5,26.8,78.6,25.8
"A0801","San Francisco","San Francisco","https://www.californiahealthmaps.org?address=A0801","Both","Kidney",322940,17.9,13.6,23.1,25980,"","","",54875,"","","",84795,"","","",147445,12.0,7.3,19.2,2,64588,0.0,15.0,44.9,9.2,18.8,44.2,24.7,44.2,66.2,60.1,79.5,26.8,78.6,25.8
"A0801","San Francisco","San Francisco","https://www.californiahealthmaps.org?address=A0801","Both","Thyroid",322940,18.4,14.1,23.7,25980,"","","",54875,"","","",84795,"","","",147445,20.5,14.1,29.4,2,64588,0.0,15.0,44.9,9.2,18.8,44.2,24.7,44.2,66.2,60.1,79.5,26.8,78.6,25.8
"A0801","San Francisco","San Francisco","https://www.californiahealthmaps.org?address=A0801","Both","Liver",322940,25.0,20.1,30.9,25980,"","","",54875,31.5,19.0,51.5,84795,"","","",147445,25.0,18.2,34.2,2,64588,0.0,15.0,44.9,9.2,18.8,44.2,24.7,44.2,66.2,60.1,79.5,26.8,78.6,25.8
"A0801","San Francisco","San Francisco","https://www.californiahealthmaps.org?address=A0801","Both","Pancreas",322940,12.0,8.6,16.4,25980,"","","",54875,24.1,13.4,42.6,84795,"","","",147445,"","","",2,64588,0.0,15.0,44.9,9.2,18.8,44.2,24.7,44.2,66.2,60.1,79.5,26.8,78.6,25.8
