"Zone","Counties","Cities","URL","Sex","Cancer","PopTot","AAIR","LCI","UCI","White_PopTot","White_AAIR","White_LCI","White_UCI","Black_PopTot","Black_AAIR","Black_LCI","Black_UCI","Hispanic_PopTot","Hispanic_AAIR","Hispanic_LCI","Hispanic_UCI","Asian_PopTot","Asian_AAIR","Asian_LCI","Asian_UCI","QNSES","PopAll","PerRural","PerUninsured","PerForeignBorn","PerWhite","PerBlack","PerAsian","PerHispanic","PerAPI","PerDocvisit","PerFOBT","PerMammo","PerMenPrev","PerPap","PerWomenPrev"
"A0758","Los Angeles","Pasadena, Glendale","https://www.californiahealthmaps.org?address=A0758","Male","AllSite",155330,465.9,434.9,499.1,80180,467.1,427.6,511.6,"","","","",35970,452.3,366.8,554.6,27325,375.5,307.1,460.6,5,64093,0.0,10.4,29.3,51.4,4.5,17.4,23.6,17.4,69.6,71.3,80.7,33.8,86.1,39.6
"A0758","Los Angeles","Pasadena, Glendale","https://www.californiahealthmaps.org?address=A0758","Female","AllSite",165135,415.8,388.5,445.1,80755,427.2,389.5,469.7,"","","","",37880,376.2,315.9,445.6,33710,375.9,317.1,449.6,5,64093,0.0,10.4,29.3,51.4,4.5,17.4,23.6,17.4,69.6,71.3,80.7,33.8,86.1,39.6
"A0758","Los Angeles","Pasadena, Glendale","https://www.californiahealthmaps.org?address=A0758","Male","Prostate",155330,128.1,112.6,145.8,80180,119.1,100.8,142.5,"","","","",35970,104.7,68.5,158.0,27325,79.6,51.6,126.1,5,64093,0.0,10.4,29.3,51.4,4.5,17.4,23.6,17.4,69.6,71.3,80.7,33.8,86.1,39.6
"A0758","Los Angeles","Pasadena, Glendale","https://www.californiahealthmaps.org?address=A0758","Female","Breast",165135,151.0,134.8,169.3,80755,160.2,137.6,187.9,"","","","",37880,113.1,81.5,154.2,33710,140.8,106.0,192.0,5,64093,0.0,10.4,29.3,51.4,4.5,17.4,23.6,17.4,69.6,71.3,80.7,33.8,86.1,39.6
"A0758","Los Angeles","Pasadena, Glendale","https://www.californiahealthmaps.org?address=A0758","Male","Lung",155330,43.9,34.7,55.3,80180,46.4,35.2,63.4,"","","","",35970,"","","",27325,50.8,27.8,93.8,5,64093,0.0,10.4,29.3,51.4,4.5,17.4,23.6,17.4,69.6,71.3,80.7,33.8,86.1,39.6
"A0758","Los Angeles","Pasadena, Glendale","https://www.californiahealthmaps.org?address=A0758","Female","Lung",165135,27.1,20.7,35.8,80755,32.2,23.1,47.2,"","","","",37880,"","","",33710,"","","",5,64093,0.0,10.4,29.3,51.4,4.5,17.4,23.6,17.4,69.6,71.3,80.7,33.8,86.1,39.6
"A0758","Los Angeles","Pasadena, Glendale","https://www.californiahealthmaps.org?address=A0758","Male","CRC",155330,47.4,37.9,59.2,80180,42.7,31.5,59.8,"","","","",35970,87.1,51.6,141.3,27325,"","","",5,64093,0.0,10.4,29.3,51.4,4.5,17.4,23.6,17.4,69.6,71.3,80.7,33.8,86.1,39.6
"A0758","Los Angeles","Pasadena, Glendale","https://www.californiahealthmaps.org?address=A0758","Female","CRC",165135,32.3,25.3,41.6,80755,37.5,27.6,53.0,"","","","",37880,"","","",33710,"","","",5,64093,0.0,10.4,29.3,51.4,4.5,17.4,23.6,17.4,69.6,71.3,80.7,33.8,86.1,39.6
"A0758","Los Angeles","Pasadena, Glendale","https://www.californiahealthmaps.org?address=A0758","Male","Mela",155330,33.8,25.8,44.1,80180,43.8,32.5,60.9,"","","","",35970,"","","",27325,"","","",5,64093,0.0,10.4,29.3,51.4,4.5,17.4,23.6,17.4,69.6,71.3,80.7,33.8,86.1,39.6
"A0758","Los Angeles","Pasadena, Glendale","https://www.californiahealthmaps.org?address=A0758","Female","Mela",165135,15.7,10.8,23.1,80755,22.9,14.8,37.2,"","","","",37880,"","","",33710,"","","",5,64093,0.0,10.4,29.3,51.4,4.5,17.4,23.6,17.4,69.6,71.3,80.7,33.8,86.1,39.6
"A0758","Los Angeles","Pasadena, Glendale","https://www.californiahealthmaps.org?address=A0758","Female","Uterine",165135,27.3,20.9,36.0,80755,28.1,19.3,42.9,"","","","",37880,"","","",33710,"","","",5,64093,0.0,10.4,29.3,51.4,4.5,17.4,23.6,17.4,69.6,71.3,80.7,33.8,86.1,39.6
"A0758","Los Angeles","Pasadena, Glendale","https://www.californiahealthmaps.org?address=A0758","Male","Lymph",155330,26.4,19.3,35.8,80180,29.3,19.9,44.8,"","","","",35970,"","","",27325,"","","",5,64093,0.0,10.4,29.3,51.4,4.5,17.4,23.6,17.4,69.6,71.3,80.7,33.8,86.1,39.6
"A0758","Los Angeles","Pasadena, Glendale","https://www.californiahealthmaps.org?address=A0758","Female","Lymph",165135,18.9,13.7,26.6,80755,10.9,5.9,22.6,"","","","",37880,"","","",33710,"","","",5,64093,0.0,10.4,29.3,51.4,4.5,17.4,23.6,17.4,69.6,71.3,80.7,33.8,86.1,39.6
"A0758","Los Angeles","Pasadena, Glendale","https://www.californiahealthmaps.org?address=A0758","Male","Urinary",155330,13.6,8.7,20.8,80180,13.8,8.1,26.1,"","","","",35970,"","","",27325,"","","",5,64093,0.0,10.4,29.3,51.4,4.5,17.4,23.6,17.4,69.6,71.3,80.7,33.8,86.1,39.6
"A0758","Los Angeles","Pasadena, Glendale","https://www.californiahealthmaps.org?address=A0758","Female","Urinary",165135,"","","",80755,"","","","","","","",37880,"","","",33710,"","","",5,64093,0.0,10.4,29.3,51.4,4.5,17.4,23.6,17.4,69.6,71.3,80.7,33.8,86.1,39.6
"A0758","Los Angeles","Pasadena, Glendale","https://www.californiahealthmaps.org?address=A0758","Male","Kidney",155330,17.0,11.4,24.9,80180,17.6,10.2,31.7,"","","","",35970,"","","",27325,"","","",5,64093,0.0,10.4,29.3,51.4,4.5,17.4,23.6,17.4,69.6,71.3,80.7,33.8,86.1,39.6
"A0758","Los Angeles","Pasadena, Glendale","https://www.californiahealthmaps.org?address=A0758","Female","Kidney",165135,7.7,4.6,13.3,80755,"","","","","","","",37880,"","","",33710,"","","",5,64093,0.0,10.4,29.3,51.4,4.5,17.4,23.6,17.4,69.6,71.3,80.7,33.8,86.1,39.6
"A0758","Los Angeles","Pasadena, Glendale","https://www.californiahealthmaps.org?address=A0758","Male","Thyroid",155330,9.7,5.8,16.1,80180,"","","","","","","",35970,"","","",27325,"","","",5,64093,0.0,10.4,29.3,51.4,4.5,17.4,23.6,17.4,69.6,71.3,80.7,33.8,86.1,39.6
"A0758","Los Angeles","Pasadena, Glendale","https://www.californiahealthmaps.org?address=A0758","Female","Thyroid",165135,26.2,19.2,35.8,80755,28.0,17.4,45.3,"","","","",37880,"","","",33710,"","","",5,64093,0.0,10.4,29.3,51.4,4.5,17.4,23.6,17.4,69.6,71.3,80.7,33.8,86.1,39.6
"A0758","Los Angeles","Pasadena, Glendale","https://www.californiahealthmaps.org?address=A0758","Male","Liver",155330,11.7,7.4,18.5,80180,"","","","","","","",35970,"","","",27325,"","","",5,64093,0.0,10.4,29.3,51.4,4.5,17.4,23.6,17.4,69.6,71.3,80.7,33.8,86.1,39.6
"A0758","Los Angeles","Pasadena, Glendale","https://www.californiahealthmaps.org?address=A0758","Female","Liver",165135,9.3,5.4,16.0,80755,"","","","","","","",37880,"","","",33710,"","","",5,64093,0.0,10.4,29.3,51.4,4.5,17.4,23.6,17.4,69.6,71.3,80.7,33.8,86.1,39.6
"A0758","Los Angeles","Pasadena, Glendale","https://www.californiahealthmaps.org?address=A0758","Male","Pancreas",155330,14.6,9.7,22.0,80180,16.0,9.7,28.9,"","","","",35970,"","","",27325,"","","",5,64093,0.0,10.4,29.3,51.4,4.5,17.4,23.6,17.4,69.6,71.3,80.7,33.8,86.1,39.6
"A0758","Los Angeles","Pasadena, Glendale","https://www.californiahealthmaps.org?address=A0758","Female","Pancreas",165135,11.9,7.8,18.4,80755,12.1,7.0,23.8,"","","","",37880,"","","",33710,"","","",5,64093,0.0,10.4,29.3,51.4,4.5,17.4,23.6,17.4,69.6,71.3,80.7,33.8,86.1,39.6
"A0758","Los Angeles","Pasadena, Glendale","https://www.californiahealthmaps.org?address=A0758","Both","AllSite",320465,432.1,411.9,453.4,160935,437.8,410.9,467.1,13920,645.3,529.9,784.8,73850,394.5,346.4,448.2,61035,372.8,328.3,424.6,5,64093,0.0,10.4,29.3,51.4,4.5,17.4,23.6,17.4,69.6,71.3,80.7,33.8,86.1,39.6
"A0758","Los Angeles","Pasadena, Glendale","https://www.californiahealthmaps.org?address=A0758","Both","Lung",320465,34.1,28.7,40.5,160935,38.1,30.9,47.9,13920,"","","",73850,24.6,13.7,41.8,61035,33.2,21.1,53.9,5,64093,0.0,10.4,29.3,51.4,4.5,17.4,23.6,17.4,69.6,71.3,80.7,33.8,86.1,39.6
"A0758","Los Angeles","Pasadena, Glendale","https://www.californiahealthmaps.org?address=A0758","Both","CRC",320465,38.7,32.9,45.6,160935,39.5,32.0,49.7,13920,"","","",73850,47.3,31.7,68.9,61035,25.1,15.0,44.0,5,64093,0.0,10.4,29.3,51.4,4.5,17.4,23.6,17.4,69.6,71.3,80.7,33.8,86.1,39.6
"A0758","Los Angeles","Pasadena, Glendale","https://www.californiahealthmaps.org?address=A0758","Both","Mela",320465,23.2,18.7,28.8,160935,31.8,25.0,41.4,13920,"","","",73850,"","","",61035,"","","",5,64093,0.0,10.4,29.3,51.4,4.5,17.4,23.6,17.4,69.6,71.3,80.7,33.8,86.1,39.6
"A0758","Los Angeles","Pasadena, Glendale","https://www.californiahealthmaps.org?address=A0758","Both","Lymph",320465,22.3,17.9,27.8,160935,19.5,14.2,27.8,13920,"","","",73850,27.5,15.5,45.8,61035,27.0,16.3,46.5,5,64093,0.0,10.4,29.3,51.4,4.5,17.4,23.6,17.4,69.6,71.3,80.7,33.8,86.1,39.6
"A0758","Los Angeles","Pasadena, Glendale","https://www.californiahealthmaps.org?address=A0758","Both","Urinary",320465,7.4,5.0,10.8,160935,7.8,4.9,13.8,13920,"","","",73850,"","","",61035,"","","",5,64093,0.0,10.4,29.3,51.4,4.5,17.4,23.6,17.4,69.6,71.3,80.7,33.8,86.1,39.6
"A0758","Los Angeles","Pasadena, Glendale","https://www.californiahealthmaps.org?address=A0758","Both","Kidney",320465,12.1,8.9,16.4,160935,12.5,8.2,19.9,13920,"","","",73850,"","","",61035,"","","",5,64093,0.0,10.4,29.3,51.4,4.5,17.4,23.6,17.4,69.6,71.3,80.7,33.8,86.1,39.6
"A0758","Los Angeles","Pasadena, Glendale","https://www.californiahealthmaps.org?address=A0758","Both","Thyroid",320465,17.8,13.7,23.1,160935,18.3,12.5,27.2,13920,"","","",73850,"","","",61035,"","","",5,64093,0.0,10.4,29.3,51.4,4.5,17.4,23.6,17.4,69.6,71.3,80.7,33.8,86.1,39.6
"A0758","Los Angeles","Pasadena, Glendale","https://www.californiahealthmaps.org?address=A0758","Both","Liver",320465,10.3,7.3,14.4,160935,7.8,4.1,14.8,13920,"","","",73850,"","","",61035,"","","",5,64093,0.0,10.4,29.3,51.4,4.5,17.4,23.6,17.4,69.6,71.3,80.7,33.8,86.1,39.6
"A0758","Los Angeles","Pasadena, Glendale","https://www.californiahealthmaps.org?address=A0758","Both","Pancreas",320465,13.0,9.7,17.3,160935,13.9,9.7,20.9,13920,"","","",73850,"","","",61035,"","","",5,64093,0.0,10.4,29.3,51.4,4.5,17.4,23.6,17.4,69.6,71.3,80.7,33.8,86.1,39.6
