"Zone","Counties","Cities","URL","Sex","Cancer","PopTot","AAIR","LCI","UCI","White_PopTot","White_AAIR","White_LCI","White_UCI","Black_PopTot","Black_AAIR","Black_LCI","Black_UCI","Hispanic_PopTot","Hispanic_AAIR","Hispanic_LCI","Hispanic_UCI","Asian_PopTot","Asian_AAIR","Asian_LCI","Asian_UCI","QNSES","PopAll","PerRural","PerUninsured","PerForeignBorn","PerWhite","PerBlack","PerAsian","PerHispanic","PerAPI","PerDocvisit","PerFOBT","PerMammo","PerMenPrev","PerPap","PerWomenPrev"
"A1099","San Bernardino","Victorville","https://www.californiahealthmaps.org?address=A1099","Male","AllSite",163190,541.9,498.4,589.3,66575,574.0,514.5,640.5,15535,690.3,531.5,907.3,69145,452.7,377.8,541.7,"","","","",2,65864,15.7,15.7,12.4,39.0,11.1,3.9,43.6,3.9,"","","","","",""
"A1099","San Bernardino","Victorville","https://www.californiahealthmaps.org?address=A1099","Female","AllSite",166130,458.1,422.3,496.6,65380,467.5,416.9,523.0,17060,469.7,363.1,611.9,71180,425.5,363.4,497.9,"","","","",2,65864,15.7,15.7,12.4,39.0,11.1,3.9,43.6,3.9,"","","","","",""
"A1099","San Bernardino","Victorville","https://www.californiahealthmaps.org?address=A1099","Male","Prostate",163190,129.0,108.7,153.3,66575,105.5,81.8,136.5,15535,251.8,164.9,401.3,69145,117.0,80.7,168.7,"","","","",2,65864,15.7,15.7,12.4,39.0,11.1,3.9,43.6,3.9,"","","","","",""
"A1099","San Bernardino","Victorville","https://www.californiahealthmaps.org?address=A1099","Female","Breast",166130,139.0,119.9,160.8,65380,138.8,112.3,170.2,17060,124.5,75.3,213.2,71180,140.5,106.9,184.4,"","","","",2,65864,15.7,15.7,12.4,39.0,11.1,3.9,43.6,3.9,"","","","","",""
"A1099","San Bernardino","Victorville","https://www.californiahealthmaps.org?address=A1099","Male","Lung",163190,85.3,67.4,107.7,66575,93.2,69.2,125.1,15535,193.2,103.4,354.1,69145,"","","","","","","",2,65864,15.7,15.7,12.4,39.0,11.1,3.9,43.6,3.9,"","","","","",""
"A1099","San Bernardino","Victorville","https://www.californiahealthmaps.org?address=A1099","Female","Lung",166130,56.2,43.5,71.9,65380,66.5,48.1,90.2,17060,"","","",71180,"","","","","","","",2,65864,15.7,15.7,12.4,39.0,11.1,3.9,43.6,3.9,"","","","","",""
"A1099","San Bernardino","Victorville","https://www.californiahealthmaps.org?address=A1099","Male","CRC",163190,70.0,54.8,89.4,66575,80.1,58.4,109.7,15535,"","","",69145,49.0,27.3,86.7,"","","","",2,65864,15.7,15.7,12.4,39.0,11.1,3.9,43.6,3.9,"","","","","",""
"A1099","San Bernardino","Victorville","https://www.californiahealthmaps.org?address=A1099","Female","CRC",166130,38.5,28.6,51.1,65380,41.0,26.8,60.6,17060,"","","",71180,"","","","","","","",2,65864,15.7,15.7,12.4,39.0,11.1,3.9,43.6,3.9,"","","","","",""
"A1099","San Bernardino","Victorville","https://www.californiahealthmaps.org?address=A1099","Male","Mela",163190,19.2,12.3,30.6,66575,35.9,22.6,57.2,15535,"","","",69145,"","","","","","","",2,65864,15.7,15.7,12.4,39.0,11.1,3.9,43.6,3.9,"","","","","",""
"A1099","San Bernardino","Victorville","https://www.californiahealthmaps.org?address=A1099","Female","Mela",166130,22.8,15.7,32.8,65380,34.7,22.1,52.5,17060,"","","",71180,"","","","","","","",2,65864,15.7,15.7,12.4,39.0,11.1,3.9,43.6,3.9,"","","","","",""
"A1099","San Bernardino","Victorville","https://www.californiahealthmaps.org?address=A1099","Female","Uterine",166130,32.7,24.1,44.1,65380,30.8,19.5,47.2,17060,"","","",71180,"","","","","","","",2,65864,15.7,15.7,12.4,39.0,11.1,3.9,43.6,3.9,"","","","","",""
"A1099","San Bernardino","Victorville","https://www.californiahealthmaps.org?address=A1099","Male","Lymph",163190,21.3,13.6,33.5,66575,26.2,14.3,46.8,15535,"","","",69145,"","","","","","","",2,65864,15.7,15.7,12.4,39.0,11.1,3.9,43.6,3.9,"","","","","",""
"A1099","San Bernardino","Victorville","https://www.californiahealthmaps.org?address=A1099","Female","Lymph",166130,15.4,9.4,24.4,65380,"","","",17060,"","","",71180,"","","","","","","",2,65864,15.7,15.7,12.4,39.0,11.1,3.9,43.6,3.9,"","","","","",""
"A1099","San Bernardino","Victorville","https://www.californiahealthmaps.org?address=A1099","Male","Urinary",163190,15.9,9.0,27.6,66575,"","","",15535,"","","",69145,"","","","","","","",2,65864,15.7,15.7,12.4,39.0,11.1,3.9,43.6,3.9,"","","","","",""
"A1099","San Bernardino","Victorville","https://www.californiahealthmaps.org?address=A1099","Female","Urinary",166130,"","","",65380,"","","",17060,"","","",71180,"","","","","","","",2,65864,15.7,15.7,12.4,39.0,11.1,3.9,43.6,3.9,"","","","","",""
"A1099","San Bernardino","Victorville","https://www.californiahealthmaps.org?address=A1099","Male","Kidney",163190,22.9,15.2,35.0,66575,24.9,14.1,44.1,15535,"","","",69145,"","","","","","","",2,65864,15.7,15.7,12.4,39.0,11.1,3.9,43.6,3.9,"","","","","",""
"A1099","San Bernardino","Victorville","https://www.californiahealthmaps.org?address=A1099","Female","Kidney",166130,15.2,9.2,24.2,65380,"","","",17060,"","","",71180,"","","","","","","",2,65864,15.7,15.7,12.4,39.0,11.1,3.9,43.6,3.9,"","","","","",""
"A1099","San Bernardino","Victorville","https://www.californiahealthmaps.org?address=A1099","Male","Thyroid",163190,"","","",66575,"","","",15535,"","","",69145,"","","","","","","",2,65864,15.7,15.7,12.4,39.0,11.1,3.9,43.6,3.9,"","","","","",""
"A1099","San Bernardino","Victorville","https://www.californiahealthmaps.org?address=A1099","Female","Thyroid",166130,19.3,12.9,28.3,65380,"","","",17060,"","","",71180,"","","","","","","",2,65864,15.7,15.7,12.4,39.0,11.1,3.9,43.6,3.9,"","","","","",""
"A1099","San Bernardino","Victorville","https://www.californiahealthmaps.org?address=A1099","Male","Liver",163190,14.3,8.1,25.1,66575,"","","",15535,"","","",69145,"","","","","","","",2,65864,15.7,15.7,12.4,39.0,11.1,3.9,43.6,3.9,"","","","","",""
"A1099","San Bernardino","Victorville","https://www.californiahealthmaps.org?address=A1099","Female","Liver",166130,"","","",65380,"","","",17060,"","","",71180,"","","","","","","",2,65864,15.7,15.7,12.4,39.0,11.1,3.9,43.6,3.9,"","","","","",""
"A1099","San Bernardino","Victorville","https://www.californiahealthmaps.org?address=A1099","Male","Pancreas",163190,"","","",66575,"","","",15535,"","","",69145,"","","","","","","",2,65864,15.7,15.7,12.4,39.0,11.1,3.9,43.6,3.9,"","","","","",""
"A1099","San Bernardino","Victorville","https://www.californiahealthmaps.org?address=A1099","Female","Pancreas",166130,13.5,7.7,22.4,65380,"","","",17060,"","","",71180,"","","","","","","",2,65864,15.7,15.7,12.4,39.0,11.1,3.9,43.6,3.9,"","","","","",""
"A1099","San Bernardino","Victorville","https://www.californiahealthmaps.org?address=A1099","Both","AllSite",329320,494.9,467.1,524.1,131955,517.1,478.4,558.6,32595,573.2,479.3,684.8,140325,433.3,385.3,487.1,13345,592.5,455.9,771.2,2,65864,15.7,15.7,12.4,39.0,11.1,3.9,43.6,3.9,"","","","","",""
"A1099","San Bernardino","Victorville","https://www.californiahealthmaps.org?address=A1099","Both","Lung",329320,69.2,58.4,81.6,131955,78.9,63.9,97.0,32595,117.6,74.7,181.0,140325,37.8,23.3,59.4,13345,"","","",2,65864,15.7,15.7,12.4,39.0,11.1,3.9,43.6,3.9,"","","","","",""
"A1099","San Bernardino","Victorville","https://www.californiahealthmaps.org?address=A1099","Both","CRC",329320,52.8,44.0,63.4,131955,59.6,46.7,75.7,32595,62.2,34.5,110.2,140325,30.3,19.0,48.1,13345,104.3,56.1,199.9,2,65864,15.7,15.7,12.4,39.0,11.1,3.9,43.6,3.9,"","","","","",""
"A1099","San Bernardino","Victorville","https://www.californiahealthmaps.org?address=A1099","Both","Mela",329320,21.1,16.0,27.8,131955,35.4,26.0,47.7,32595,"","","",140325,"","","",13345,"","","",2,65864,15.7,15.7,12.4,39.0,11.1,3.9,43.6,3.9,"","","","","",""
"A1099","San Bernardino","Victorville","https://www.californiahealthmaps.org?address=A1099","Both","Lymph",329320,18.1,13.2,24.7,131955,18.1,11.2,28.2,32595,"","","",140325,19.7,11.6,34.2,13345,"","","",2,65864,15.7,15.7,12.4,39.0,11.1,3.9,43.6,3.9,"","","","","",""
"A1099","San Bernardino","Victorville","https://www.californiahealthmaps.org?address=A1099","Both","Urinary",329320,12.0,7.8,18.0,131955,13.5,7.8,22.5,32595,"","","",140325,"","","",13345,"","","",2,65864,15.7,15.7,12.4,39.0,11.1,3.9,43.6,3.9,"","","","","",""
"A1099","San Bernardino","Victorville","https://www.californiahealthmaps.org?address=A1099","Both","Kidney",329320,19.1,14.0,25.8,131955,18.0,11.4,27.7,32595,"","","",140325,26.1,15.7,43.1,13345,"","","",2,65864,15.7,15.7,12.4,39.0,11.1,3.9,43.6,3.9,"","","","","",""
"A1099","San Bernardino","Victorville","https://www.californiahealthmaps.org?address=A1099","Both","Thyroid",329320,11.7,8.2,16.8,131955,12.1,6.8,20.6,32595,"","","",140325,15.3,8.8,28.3,13345,"","","",2,65864,15.7,15.7,12.4,39.0,11.1,3.9,43.6,3.9,"","","","","",""
"A1099","San Bernardino","Victorville","https://www.californiahealthmaps.org?address=A1099","Both","Liver",329320,9.6,6.1,14.8,131955,"","","",32595,"","","",140325,"","","",13345,"","","",2,65864,15.7,15.7,12.4,39.0,11.1,3.9,43.6,3.9,"","","","","",""
"A1099","San Bernardino","Victorville","https://www.californiahealthmaps.org?address=A1099","Both","Pancreas",329320,11.3,7.3,17.1,131955,"","","",32595,"","","",140325,"","","",13345,"","","",2,65864,15.7,15.7,12.4,39.0,11.1,3.9,43.6,3.9,"","","","","",""
