"Zone","Counties","Cities","URL","Sex","Cancer","PopTot","AAIR","LCI","UCI","White_PopTot","White_AAIR","White_LCI","White_UCI","Black_PopTot","Black_AAIR","Black_LCI","Black_UCI","Hispanic_PopTot","Hispanic_AAIR","Hispanic_LCI","Hispanic_UCI","Asian_PopTot","Asian_AAIR","Asian_LCI","Asian_UCI","QNSES","PopAll","PerRural","PerUninsured","PerForeignBorn","PerWhite","PerBlack","PerAsian","PerHispanic"
"A0679","San Francisco","","https://www.californiahealthmaps.org?address=A0679","Male","AllSite",141925,461.8,428.0,500.8,102350,477.6,435.8,528.7,"","","","","","","","",24110,401.3,335.8,492.2,5,60115,0.0,5.9,22.5,68.5,1.2,20.1,7.4
"A0679","San Francisco","","https://www.californiahealthmaps.org?address=A0679","Female","AllSite",158650,392.8,362.3,428.6,109360,422.0,384.3,470.0,"","","","","","","","",33445,314.5,262.3,392.1,5,60115,0.0,5.9,22.5,68.5,1.2,20.1,7.4
"A0679","San Francisco","","https://www.californiahealthmaps.org?address=A0679","Male","Prostate",141925,102.2,86.8,123.6,102350,107.4,88.7,137.3,"","","","","","","","",24110,72.4,46.0,131.2,5,60115,0.0,5.9,22.5,68.5,1.2,20.1,7.4
"A0679","San Francisco","","https://www.californiahealthmaps.org?address=A0679","Female","Breast",158650,145.8,127.4,169.9,109360,157.9,134.4,192.9,"","","","","","","","",33445,119.2,87.5,180.4,5,60115,0.0,5.9,22.5,68.5,1.2,20.1,7.4
"A0679","San Francisco","","https://www.californiahealthmaps.org?address=A0679","Male","Lung",141925,51.6,40.8,69.1,102350,40.1,28.8,64.3,"","","","","","","","",24110,85.7,58.2,144.8,5,60115,0.0,5.9,22.5,68.5,1.2,20.1,7.4
"A0679","San Francisco","","https://www.californiahealthmaps.org?address=A0679","Female","Lung",158650,38.6,30.1,53.9,109360,42.7,31.9,67.6,"","","","","","","","",33445,34.4,19.7,85.2,5,60115,0.0,5.9,22.5,68.5,1.2,20.1,7.4
"A0679","San Francisco","","https://www.californiahealthmaps.org?address=A0679","Male","CRC",141925,30.9,22.7,46.2,102350,23.7,15.4,46.0,"","","","","","","","",24110,61.7,36.5,120.3,5,60115,0.0,5.9,22.5,68.5,1.2,20.1,7.4
"A0679","San Francisco","","https://www.californiahealthmaps.org?address=A0679","Female","CRC",158650,25.9,17.1,42.1,109360,27.1,18.0,51.3,"","","","","","","","",33445,"","","",5,60115,0.0,5.9,22.5,68.5,1.2,20.1,7.4
"A0679","San Francisco","","https://www.californiahealthmaps.org?address=A0679","Male","Mela",141925,54.2,43.2,71.6,102350,67.3,52.8,93.8,"","","","","","","","",24110,"","","",5,60115,0.0,5.9,22.5,68.5,1.2,20.1,7.4
"A0679","San Francisco","","https://www.californiahealthmaps.org?address=A0679","Female","Mela",158650,29.9,22.3,44.4,109360,40.5,29.6,65.5,"","","","","","","","",33445,"","","",5,60115,0.0,5.9,22.5,68.5,1.2,20.1,7.4
"A0679","San Francisco","","https://www.californiahealthmaps.org?address=A0679","Female","Uterine",158650,19.5,13.4,33.1,109360,23.0,14.9,46.7,"","","","","","","","",33445,"","","",5,60115,0.0,5.9,22.5,68.5,1.2,20.1,7.4
"A0679","San Francisco","","https://www.californiahealthmaps.org?address=A0679","Male","Lymph",141925,28.8,20.9,43.8,102350,27.4,18.4,50.2,"","","","","","","","",24110,"","","",5,60115,0.0,5.9,22.5,68.5,1.2,20.1,7.4
"A0679","San Francisco","","https://www.californiahealthmaps.org?address=A0679","Female","Lymph",158650,14.7,9.4,27.9,109360,13.3,7.2,36.5,"","","","","","","","",33445,"","","",5,60115,0.0,5.9,22.5,68.5,1.2,20.1,7.4
"A0679","San Francisco","","https://www.californiahealthmaps.org?address=A0679","Male","Urinary",141925,14.4,9.0,27.8,102350,17.5,10.3,39.6,"","","","","","","","",24110,"","","",5,60115,0.0,5.9,22.5,68.5,1.2,20.1,7.4
"A0679","San Francisco","","https://www.californiahealthmaps.org?address=A0679","Female","Urinary",158650,4.5,1.9,16.7,109360,"","","","","","","","","","","",33445,"","","",5,60115,0.0,5.9,22.5,68.5,1.2,20.1,7.4
"A0679","San Francisco","","https://www.californiahealthmaps.org?address=A0679","Male","Kidney",141925,21.4,14.6,35.6,102350,21.5,13.5,43.9,"","","","","","","","",24110,"","","",5,60115,0.0,5.9,22.5,68.5,1.2,20.1,7.4
"A0679","San Francisco","","https://www.californiahealthmaps.org?address=A0679","Female","Kidney",158650,5.7,2.8,17.8,109360,"","","","","","","","","","","",33445,"","","",5,60115,0.0,5.9,22.5,68.5,1.2,20.1,7.4
"A0679","San Francisco","","https://www.californiahealthmaps.org?address=A0679","Male","Thyroid",141925,10.9,5.0,25.5,102350,"","","","","","","","","","","",24110,"","","",5,60115,0.0,5.9,22.5,68.5,1.2,20.1,7.4
"A0679","San Francisco","","https://www.californiahealthmaps.org?address=A0679","Female","Thyroid",158650,10.5,6.4,23.0,109360,"","","","","","","","","","","",33445,"","","",5,60115,0.0,5.9,22.5,68.5,1.2,20.1,7.4
"A0679","San Francisco","","https://www.californiahealthmaps.org?address=A0679","Both","AllSite",300575,419.6,397.2,444.5,211710,443.8,415.8,476.2,"","","","",17940,412.0,301.3,576.4,57555,348.3,307.4,401.0,5,60115,0.0,5.9,22.5,68.5,1.2,20.1,7.4
"A0679","San Francisco","","https://www.californiahealthmaps.org?address=A0679","Both","Lung",300575,44.0,37.2,53.9,211710,41.2,33.3,55.0,"","","","",17940,"","","",57555,54.3,39.8,83.7,5,60115,0.0,5.9,22.5,68.5,1.2,20.1,7.4
"A0679","San Francisco","","https://www.californiahealthmaps.org?address=A0679","Both","CRC",300575,28.2,22.1,37.7,211710,25.4,19.1,38.0,"","","","",17940,"","","",57555,34.7,22.5,63.2,5,60115,0.0,5.9,22.5,68.5,1.2,20.1,7.4
"A0679","San Francisco","","https://www.californiahealthmaps.org?address=A0679","Both","Mela",300575,41.0,34.4,50.6,211710,53.2,44.1,67.9,"","","","",17940,"","","",57555,"","","",5,60115,0.0,5.9,22.5,68.5,1.2,20.1,7.4
"A0679","San Francisco","","https://www.californiahealthmaps.org?address=A0679","Both","Lymph",300575,21.0,16.3,29.1,211710,20.0,14.5,32.1,"","","","",17940,"","","",57555,27.1,16.8,54.3,5,60115,0.0,5.9,22.5,68.5,1.2,20.1,7.4
"A0679","San Francisco","","https://www.californiahealthmaps.org?address=A0679","Both","Urinary",300575,8.8,5.9,15.5,211710,10.8,6.9,22.1,"","","","",17940,"","","",57555,"","","",5,60115,0.0,5.9,22.5,68.5,1.2,20.1,7.4
"A0679","San Francisco","","https://www.californiahealthmaps.org?address=A0679","Both","Kidney",300575,12.8,9.2,20.0,211710,13.3,8.9,24.7,"","","","",17940,"","","",57555,"","","",5,60115,0.0,5.9,22.5,68.5,1.2,20.1,7.4
"A0679","San Francisco","","https://www.californiahealthmaps.org?address=A0679","Both","Thyroid",300575,10.9,7.0,18.6,211710,11.3,5.4,24.7,"","","","",17940,"","","",57555,"","","",5,60115,0.0,5.9,22.5,68.5,1.2,20.1,7.4
