"Zone","Counties","Cities","URL","Sex","Cancer","PopTot","AAIR","LCI","UCI","White_PopTot","White_AAIR","White_LCI","White_UCI","Black_PopTot","Black_AAIR","Black_LCI","Black_UCI","Hispanic_PopTot","Hispanic_AAIR","Hispanic_LCI","Hispanic_UCI","Asian_PopTot","Asian_AAIR","Asian_LCI","Asian_UCI","QNSES","PopAll","PerRural","PerUninsured","PerForeignBorn","PerWhite","PerBlack","PerAsian","PerHispanic"
"A0159","Los Angeles","Los Angeles","https://www.californiahealthmaps.org?address=A0159","Male","AllSite",160120,406.1,372.2,442.4,29505,552.2,473.5,647.1,"","","","",100500,377.8,330.8,430.3,24670,296.4,235.8,372.7,2,64186,0.0,25.2,46.1,17.2,1.4,16.2,63.9
"A0159","Los Angeles","Los Angeles","https://www.californiahealthmaps.org?address=A0159","Female","AllSite",160810,356.5,328.2,386.8,26080,463.6,394.5,551.5,"","","","",101475,318.1,281.2,358.7,28170,328.1,271.1,399.1,2,64186,0.0,25.2,46.1,17.2,1.4,16.2,63.9
"A0159","Los Angeles","Los Angeles","https://www.californiahealthmaps.org?address=A0159","Male","Prostate",160120,75.7,61.8,92.2,29505,97.4,67.7,145.5,"","","","",100500,66.2,47.4,90.7,24670,52.8,31.0,92.0,2,64186,0.0,25.2,46.1,17.2,1.4,16.2,63.9
"A0159","Los Angeles","Los Angeles","https://www.californiahealthmaps.org?address=A0159","Female","Breast",160810,114.7,98.9,132.4,26080,170.5,129.1,232.7,"","","","",101475,82.5,64.6,104.3,28170,130.6,95.8,180.5,2,64186,0.0,25.2,46.1,17.2,1.4,16.2,63.9
"A0159","Los Angeles","Los Angeles","https://www.californiahealthmaps.org?address=A0159","Male","Lung",160120,35.5,25.7,48.0,29505,55.9,32.4,99.7,"","","","",100500,30.8,17.9,50.0,24670,"","","",2,64186,0.0,25.2,46.1,17.2,1.4,16.2,63.9
"A0159","Los Angeles","Los Angeles","https://www.californiahealthmaps.org?address=A0159","Female","Lung",160810,22.9,16.2,31.6,26080,42.6,24.1,86.0,"","","","",101475,"","","",28170,"","","",2,64186,0.0,25.2,46.1,17.2,1.4,16.2,63.9
"A0159","Los Angeles","Los Angeles","https://www.californiahealthmaps.org?address=A0159","Male","CRC",160120,50.8,39.3,64.8,29505,58.0,34.7,101.3,"","","","",100500,50.5,34.6,72.0,24670,"","","",2,64186,0.0,25.2,46.1,17.2,1.4,16.2,63.9
"A0159","Los Angeles","Los Angeles","https://www.californiahealthmaps.org?address=A0159","Female","CRC",160810,40.2,31.1,51.4,26080,60.0,37.1,106.6,"","","","",101475,33.5,22.2,48.9,28170,"","","",2,64186,0.0,25.2,46.1,17.2,1.4,16.2,63.9
"A0159","Los Angeles","Los Angeles","https://www.californiahealthmaps.org?address=A0159","Male","Mela",160120,11.8,6.9,19.4,29505,"","","","","","","",100500,"","","",24670,"","","",2,64186,0.0,25.2,46.1,17.2,1.4,16.2,63.9
"A0159","Los Angeles","Los Angeles","https://www.californiahealthmaps.org?address=A0159","Female","Mela",160810,7.7,4.0,13.6,26080,"","","","","","","",101475,"","","",28170,"","","",2,64186,0.0,25.2,46.1,17.2,1.4,16.2,63.9
"A0159","Los Angeles","Los Angeles","https://www.californiahealthmaps.org?address=A0159","Female","Uterine",160810,25.0,18.0,34.2,26080,"","","","","","","",101475,23.3,14.3,36.3,28170,"","","",2,64186,0.0,25.2,46.1,17.2,1.4,16.2,63.9
"A0159","Los Angeles","Los Angeles","https://www.californiahealthmaps.org?address=A0159","Male","Lymph",160120,25.9,17.8,36.6,29505,"","","","","","","",100500,22.1,11.9,38.4,24670,"","","",2,64186,0.0,25.2,46.1,17.2,1.4,16.2,63.9
"A0159","Los Angeles","Los Angeles","https://www.californiahealthmaps.org?address=A0159","Female","Lymph",160810,17.3,11.5,25.2,26080,"","","","","","","",101475,18.9,10.5,31.6,28170,"","","",2,64186,0.0,25.2,46.1,17.2,1.4,16.2,63.9
"A0159","Los Angeles","Los Angeles","https://www.californiahealthmaps.org?address=A0159","Male","Urinary",160120,22.1,14.4,32.5,29505,46.0,25.5,87.0,"","","","",100500,"","","",24670,"","","",2,64186,0.0,25.2,46.1,17.2,1.4,16.2,63.9
"A0159","Los Angeles","Los Angeles","https://www.californiahealthmaps.org?address=A0159","Female","Urinary",160810,2.5,0.7,6.7,26080,"","","","","","","",101475,"","","",28170,"","","",2,64186,0.0,25.2,46.1,17.2,1.4,16.2,63.9
"A0159","Los Angeles","Los Angeles","https://www.californiahealthmaps.org?address=A0159","Male","Kidney",160120,28.3,20.2,39.1,29505,"","","","","","","",100500,32.9,20.9,50.5,24670,"","","",2,64186,0.0,25.2,46.1,17.2,1.4,16.2,63.9
"A0159","Los Angeles","Los Angeles","https://www.californiahealthmaps.org?address=A0159","Female","Kidney",160810,6.3,3.1,11.6,26080,"","","","","","","",101475,"","","",28170,"","","",2,64186,0.0,25.2,46.1,17.2,1.4,16.2,63.9
"A0159","Los Angeles","Los Angeles","https://www.californiahealthmaps.org?address=A0159","Male","Thyroid",160120,6.1,2.7,12.3,29505,"","","","","","","",100500,"","","",24670,"","","",2,64186,0.0,25.2,46.1,17.2,1.4,16.2,63.9
"A0159","Los Angeles","Los Angeles","https://www.californiahealthmaps.org?address=A0159","Female","Thyroid",160810,22.8,16.0,31.7,26080,"","","","","","","",101475,23.5,14.6,36.4,28170,"","","",2,64186,0.0,25.2,46.1,17.2,1.4,16.2,63.9
"A0159","Los Angeles","Los Angeles","https://www.californiahealthmaps.org?address=A0159","Both","AllSite",320930,372.8,351.4,395.3,55585,497.6,445.8,557.5,"","","","",201975,339.8,310.8,370.9,52840,304.9,264.5,352.2,2,64186,0.0,25.2,46.1,17.2,1.4,16.2,63.9
"A0159","Los Angeles","Los Angeles","https://www.californiahealthmaps.org?address=A0159","Both","Lung",320930,28.2,22.4,35.0,55585,48.2,33.0,73.2,"","","","",201975,21.9,14.8,31.3,52840,"","","",2,64186,0.0,25.2,46.1,17.2,1.4,16.2,63.9
"A0159","Los Angeles","Los Angeles","https://www.californiahealthmaps.org?address=A0159","Both","CRC",320930,44.9,37.7,53.3,55585,58.1,41.5,84.3,"","","","",201975,41.3,31.6,53.4,52840,39.7,25.7,61.7,2,64186,0.0,25.2,46.1,17.2,1.4,16.2,63.9
"A0159","Los Angeles","Los Angeles","https://www.californiahealthmaps.org?address=A0159","Both","Mela",320930,9.5,6.4,13.7,55585,32.1,20.3,54.2,"","","","",201975,"","","",52840,"","","",2,64186,0.0,25.2,46.1,17.2,1.4,16.2,63.9
"A0159","Los Angeles","Los Angeles","https://www.californiahealthmaps.org?address=A0159","Both","Lymph",320930,21.0,16.1,27.0,55585,24.1,13.6,45.4,"","","","",201975,20.5,13.7,29.8,52840,"","","",2,64186,0.0,25.2,46.1,17.2,1.4,16.2,63.9
"A0159","Los Angeles","Los Angeles","https://www.californiahealthmaps.org?address=A0159","Both","Urinary",320930,11.0,7.4,15.7,55585,24.3,14.0,45.2,"","","","",201975,"","","",52840,"","","",2,64186,0.0,25.2,46.1,17.2,1.4,16.2,63.9
"A0159","Los Angeles","Los Angeles","https://www.californiahealthmaps.org?address=A0159","Both","Kidney",320930,16.7,12.4,22.1,55585,"","","","","","","",201975,21.2,14.6,30.2,52840,"","","",2,64186,0.0,25.2,46.1,17.2,1.4,16.2,63.9
"A0159","Los Angeles","Los Angeles","https://www.californiahealthmaps.org?address=A0159","Both","Thyroid",320930,14.4,10.5,19.4,55585,"","","","","","","",201975,14.5,9.3,21.9,52840,"","","",2,64186,0.0,25.2,46.1,17.2,1.4,16.2,63.9
