"Zone","Counties","Cities","URL","Sex","Cancer","PopTot","AAIR","LCI","UCI","White_PopTot","White_AAIR","White_LCI","White_UCI","Black_PopTot","Black_AAIR","Black_LCI","Black_UCI","Hispanic_PopTot","Hispanic_AAIR","Hispanic_LCI","Hispanic_UCI","Asian_PopTot","Asian_AAIR","Asian_LCI","Asian_UCI","QNSES","PopAll","PerRural","PerUninsured","PerForeignBorn","PerWhite","PerBlack","PerAsian","PerHispanic","PerAPI","PerDocvisit","PerFOBT","PerMammo","PerMenPrev","PerPap","PerWomenPrev"
"A1037","Riverside","Palm Desert, Cathedral City, Rancho Mirage","https://www.californiahealthmaps.org?address=A1037","Male","AllSite",167335,479.7,453.7,507.6,90195,475.3,442.2,514.4,"","","","",66055,437.0,363.0,524.5,"","","","",3,67247,0.3,21.5,24.5,55.9,1.7,3.2,37.9,3.2,"","","","","",""
"A1037","Riverside","Palm Desert, Cathedral City, Rancho Mirage","https://www.californiahealthmaps.org?address=A1037","Female","AllSite",168900,406.6,381.1,434.0,92485,419.1,383.8,460.8,"","","","",64045,306.8,251.5,373.1,"","","","",3,67247,0.3,21.5,24.5,55.9,1.7,3.2,37.9,3.2,"","","","","",""
"A1037","Riverside","Palm Desert, Cathedral City, Rancho Mirage","https://www.californiahealthmaps.org?address=A1037","Male","Prostate",167335,110.3,98.6,123.9,90195,98.2,86.1,117.4,"","","","",66055,109.8,74.2,160.0,"","","","",3,67247,0.3,21.5,24.5,55.9,1.7,3.2,37.9,3.2,"","","","","",""
"A1037","Riverside","Palm Desert, Cathedral City, Rancho Mirage","https://www.californiahealthmaps.org?address=A1037","Female","Breast",168900,119.5,105.2,135.7,92485,128.1,106.8,156.6,"","","","",64045,81.6,55.6,119.2,"","","","",3,67247,0.3,21.5,24.5,55.9,1.7,3.2,37.9,3.2,"","","","","",""
"A1037","Riverside","Palm Desert, Cathedral City, Rancho Mirage","https://www.californiahealthmaps.org?address=A1037","Male","Lung",167335,51.1,43.4,60.5,90195,53.1,44.4,69.6,"","","","",66055,"","","","","","","",3,67247,0.3,21.5,24.5,55.9,1.7,3.2,37.9,3.2,"","","","","",""
"A1037","Riverside","Palm Desert, Cathedral City, Rancho Mirage","https://www.californiahealthmaps.org?address=A1037","Female","Lung",168900,52.6,44.9,62.2,92485,53.3,44.4,70.0,"","","","",64045,42.4,23.0,74.8,"","","","",3,67247,0.3,21.5,24.5,55.9,1.7,3.2,37.9,3.2,"","","","","",""
"A1037","Riverside","Palm Desert, Cathedral City, Rancho Mirage","https://www.californiahealthmaps.org?address=A1037","Male","CRC",167335,38.6,31.4,47.9,90195,34.0,26.8,49.6,"","","","",66055,"","","","","","","",3,67247,0.3,21.5,24.5,55.9,1.7,3.2,37.9,3.2,"","","","","",""
"A1037","Riverside","Palm Desert, Cathedral City, Rancho Mirage","https://www.californiahealthmaps.org?address=A1037","Female","CRC",168900,29.8,23.6,38.0,92485,30.8,22.6,47.7,"","","","",64045,"","","","","","","",3,67247,0.3,21.5,24.5,55.9,1.7,3.2,37.9,3.2,"","","","","",""
"A1037","Riverside","Palm Desert, Cathedral City, Rancho Mirage","https://www.californiahealthmaps.org?address=A1037","Male","Mela",167335,49.4,41.2,59.6,90195,63.7,50.8,84.3,"","","","",66055,"","","","","","","",3,67247,0.3,21.5,24.5,55.9,1.7,3.2,37.9,3.2,"","","","","",""
"A1037","Riverside","Palm Desert, Cathedral City, Rancho Mirage","https://www.californiahealthmaps.org?address=A1037","Female","Mela",168900,18.0,13.1,25.0,92485,20.6,14.7,35.7,"","","","",64045,"","","","","","","",3,67247,0.3,21.5,24.5,55.9,1.7,3.2,37.9,3.2,"","","","","",""
"A1037","Riverside","Palm Desert, Cathedral City, Rancho Mirage","https://www.californiahealthmaps.org?address=A1037","Female","Uterine",168900,29.2,22.3,38.3,92485,27.5,20.0,43.8,"","","","",64045,"","","","","","","",3,67247,0.3,21.5,24.5,55.9,1.7,3.2,37.9,3.2,"","","","","",""
"A1037","Riverside","Palm Desert, Cathedral City, Rancho Mirage","https://www.californiahealthmaps.org?address=A1037","Male","Lymph",167335,21.8,16.3,29.5,90195,24.0,16.0,40.9,"","","","",66055,"","","","","","","",3,67247,0.3,21.5,24.5,55.9,1.7,3.2,37.9,3.2,"","","","","",""
"A1037","Riverside","Palm Desert, Cathedral City, Rancho Mirage","https://www.californiahealthmaps.org?address=A1037","Female","Lymph",168900,14.8,10.5,21.1,92485,13.4,9.2,27.6,"","","","",64045,"","","","","","","",3,67247,0.3,21.5,24.5,55.9,1.7,3.2,37.9,3.2,"","","","","",""
"A1037","Riverside","Palm Desert, Cathedral City, Rancho Mirage","https://www.californiahealthmaps.org?address=A1037","Male","Urinary",167335,23.3,18.3,30.2,90195,22.8,17.7,37.1,"","","","",66055,"","","","","","","",3,67247,0.3,21.5,24.5,55.9,1.7,3.2,37.9,3.2,"","","","","",""
"A1037","Riverside","Palm Desert, Cathedral City, Rancho Mirage","https://www.californiahealthmaps.org?address=A1037","Female","Urinary",168900,4.9,2.7,9.4,92485,5.8,2.8,20.1,"","","","",64045,"","","","","","","",3,67247,0.3,21.5,24.5,55.9,1.7,3.2,37.9,3.2,"","","","","",""
"A1037","Riverside","Palm Desert, Cathedral City, Rancho Mirage","https://www.californiahealthmaps.org?address=A1037","Male","Kidney",167335,19.3,14.1,26.7,90195,15.3,10.3,29.9,"","","","",66055,"","","","","","","",3,67247,0.3,21.5,24.5,55.9,1.7,3.2,37.9,3.2,"","","","","",""
"A1037","Riverside","Palm Desert, Cathedral City, Rancho Mirage","https://www.californiahealthmaps.org?address=A1037","Female","Kidney",168900,10.3,6.4,16.5,92485,7.9,4.4,22.1,"","","","",64045,"","","","","","","",3,67247,0.3,21.5,24.5,55.9,1.7,3.2,37.9,3.2,"","","","","",""
"A1037","Riverside","Palm Desert, Cathedral City, Rancho Mirage","https://www.californiahealthmaps.org?address=A1037","Male","Thyroid",167335,8.2,4.8,13.9,90195,9.3,4.5,24.5,"","","","",66055,"","","","","","","",3,67247,0.3,21.5,24.5,55.9,1.7,3.2,37.9,3.2,"","","","","",""
"A1037","Riverside","Palm Desert, Cathedral City, Rancho Mirage","https://www.californiahealthmaps.org?address=A1037","Female","Thyroid",168900,20.8,14.4,29.6,92485,20.8,10.2,41.5,"","","","",64045,"","","","","","","",3,67247,0.3,21.5,24.5,55.9,1.7,3.2,37.9,3.2,"","","","","",""
"A1037","Riverside","Palm Desert, Cathedral City, Rancho Mirage","https://www.californiahealthmaps.org?address=A1037","Male","Liver",167335,14.1,9.6,20.7,90195,11.5,4.6,28.9,"","","","",66055,"","","","","","","",3,67247,0.3,21.5,24.5,55.9,1.7,3.2,37.9,3.2,"","","","","",""
"A1037","Riverside","Palm Desert, Cathedral City, Rancho Mirage","https://www.californiahealthmaps.org?address=A1037","Female","Liver",168900,"","","",92485,"","","","","","","",64045,"","","","","","","",3,67247,0.3,21.5,24.5,55.9,1.7,3.2,37.9,3.2,"","","","","",""
"A1037","Riverside","Palm Desert, Cathedral City, Rancho Mirage","https://www.californiahealthmaps.org?address=A1037","Male","Pancreas",167335,11.9,8.2,17.6,90195,11.8,8.1,25.7,"","","","",66055,"","","","","","","",3,67247,0.3,21.5,24.5,55.9,1.7,3.2,37.9,3.2,"","","","","",""
"A1037","Riverside","Palm Desert, Cathedral City, Rancho Mirage","https://www.californiahealthmaps.org?address=A1037","Female","Pancreas",168900,9.1,6.0,14.3,92485,11.6,5.6,27.9,"","","","",64045,"","","","","","","",3,67247,0.3,21.5,24.5,55.9,1.7,3.2,37.9,3.2,"","","","","",""
"A1037","Riverside","Palm Desert, Cathedral City, Rancho Mirage","https://www.californiahealthmaps.org?address=A1037","Both","AllSite",336235,438.3,420.1,457.3,182680,442.6,418.5,469.6,"","","","",130100,362.7,317.4,413.5,12250,480.0,362.7,631.6,3,67247,0.3,21.5,24.5,55.9,1.7,3.2,37.9,3.2,"","","","","",""
"A1037","Riverside","Palm Desert, Cathedral City, Rancho Mirage","https://www.californiahealthmaps.org?address=A1037","Both","Lung",336235,51.7,46.2,58.0,182680,52.9,46.7,62.7,"","","","",130100,43.0,27.6,64.8,12250,"","","",3,67247,0.3,21.5,24.5,55.9,1.7,3.2,37.9,3.2,"","","","","",""
"A1037","Riverside","Palm Desert, Cathedral City, Rancho Mirage","https://www.californiahealthmaps.org?address=A1037","Both","CRC",336235,34.1,29.2,39.8,182680,32.2,26.7,41.5,"","","","",130100,29.6,18.0,47.4,12250,"","","",3,67247,0.3,21.5,24.5,55.9,1.7,3.2,37.9,3.2,"","","","","",""
"A1037","Riverside","Palm Desert, Cathedral City, Rancho Mirage","https://www.californiahealthmaps.org?address=A1037","Both","Mela",336235,32.8,28.1,38.6,182680,41.5,34.3,52.5,"","","","",130100,"","","",12250,"","","",3,67247,0.3,21.5,24.5,55.9,1.7,3.2,37.9,3.2,"","","","","",""
"A1037","Riverside","Palm Desert, Cathedral City, Rancho Mirage","https://www.californiahealthmaps.org?address=A1037","Both","Lymph",336235,18.1,14.5,22.6,182680,18.6,13.8,27.4,"","","","",130100,"","","",12250,"","","",3,67247,0.3,21.5,24.5,55.9,1.7,3.2,37.9,3.2,"","","","","",""
"A1037","Riverside","Palm Desert, Cathedral City, Rancho Mirage","https://www.californiahealthmaps.org?address=A1037","Both","Urinary",336235,13.4,10.7,16.9,182680,13.6,10.6,21.0,"","","","",130100,"","","",12250,"","","",3,67247,0.3,21.5,24.5,55.9,1.7,3.2,37.9,3.2,"","","","","",""
"A1037","Riverside","Palm Desert, Cathedral City, Rancho Mirage","https://www.californiahealthmaps.org?address=A1037","Both","Kidney",336235,14.7,11.3,19.0,182680,11.5,8.3,19.1,"","","","",130100,23.8,13.9,39.7,12250,"","","",3,67247,0.3,21.5,24.5,55.9,1.7,3.2,37.9,3.2,"","","","","",""
"A1037","Riverside","Palm Desert, Cathedral City, Rancho Mirage","https://www.californiahealthmaps.org?address=A1037","Both","Thyroid",336235,14.3,10.7,19.1,182680,14.8,8.9,25.4,"","","","",130100,16.1,8.6,29.6,12250,"","","",3,67247,0.3,21.5,24.5,55.9,1.7,3.2,37.9,3.2,"","","","","",""
"A1037","Riverside","Palm Desert, Cathedral City, Rancho Mirage","https://www.californiahealthmaps.org?address=A1037","Both","Liver",336235,8.6,6.2,12.1,182680,7.5,3.8,16.2,"","","","",130100,21.2,11.4,37.3,12250,"","","",3,67247,0.3,21.5,24.5,55.9,1.7,3.2,37.9,3.2,"","","","","",""
"A1037","Riverside","Palm Desert, Cathedral City, Rancho Mirage","https://www.californiahealthmaps.org?address=A1037","Both","Pancreas",336235,10.5,8.0,13.9,182680,11.6,8.0,19.8,"","","","",130100,"","","",12250,"","","",3,67247,0.3,21.5,24.5,55.9,1.7,3.2,37.9,3.2,"","","","","",""
