"Zone","Counties","Cities","URL","Sex","Cancer","PopTot","AAIR","LCI","UCI","White_PopTot","White_AAIR","White_LCI","White_UCI","Black_PopTot","Black_AAIR","Black_LCI","Black_UCI","Hispanic_PopTot","Hispanic_AAIR","Hispanic_LCI","Hispanic_UCI","Asian_PopTot","Asian_AAIR","Asian_LCI","Asian_UCI","QNSES","PopAll","PerRural","PerUninsured","PerForeignBorn","PerWhite","PerBlack","PerAsian","PerHispanic"
"A0138","Orange","Mission Viejo, San Juan Capistrano","https://www.californiahealthmaps.org?address=A0138","Male","AllSite",154170,535.1,491.0,582.7,104110,523.2,474.6,576.0,"","","","",28865,506.6,355.1,727.3,12975,552.3,394.8,772.0,5,63029,0.0,8.1,20.0,67.8,1.4,8.0,19.3
"A0138","Orange","Mission Viejo, San Juan Capistrano","https://www.californiahealthmaps.org?address=A0138","Female","AllSite",160975,475.9,439.2,515.2,107690,495.1,451.8,542.1,"","","","",29825,481.4,368.9,624.7,15625,277.7,198.4,390.1,5,63029,0.0,8.1,20.0,67.8,1.4,8.0,19.3
"A0138","Orange","Mission Viejo, San Juan Capistrano","https://www.californiahealthmaps.org?address=A0138","Male","Prostate",154170,130.0,109.4,154.1,104110,130.8,107.7,158.2,"","","","",28865,"","","",12975,"","","",5,63029,0.0,8.1,20.0,67.8,1.4,8.0,19.3
"A0138","Orange","Mission Viejo, San Juan Capistrano","https://www.californiahealthmaps.org?address=A0138","Female","Breast",160975,160.4,139.9,183.6,107690,168.4,144.0,196.5,"","","","",29825,134.8,82.4,219.0,15625,113.7,70.2,191.2,5,63029,0.0,8.1,20.0,67.8,1.4,8.0,19.3
"A0138","Orange","Mission Viejo, San Juan Capistrano","https://www.californiahealthmaps.org?address=A0138","Male","Lung",154170,39.4,28.0,54.7,104110,41.8,28.7,59.5,"","","","",28865,"","","",12975,"","","",5,63029,0.0,8.1,20.0,67.8,1.4,8.0,19.3
"A0138","Orange","Mission Viejo, San Juan Capistrano","https://www.californiahealthmaps.org?address=A0138","Female","Lung",160975,46.4,35.0,60.8,107690,49.1,35.6,66.8,"","","","",29825,"","","",15625,"","","",5,63029,0.0,8.1,20.0,67.8,1.4,8.0,19.3
"A0138","Orange","Mission Viejo, San Juan Capistrano","https://www.californiahealthmaps.org?address=A0138","Male","CRC",154170,43.0,31.7,58.1,104110,35.8,24.4,51.6,"","","","",28865,"","","",12975,"","","",5,63029,0.0,8.1,20.0,67.8,1.4,8.0,19.3
"A0138","Orange","Mission Viejo, San Juan Capistrano","https://www.californiahealthmaps.org?address=A0138","Female","CRC",160975,26.7,18.6,37.8,107690,27.5,18.0,41.0,"","","","",29825,"","","",15625,"","","",5,63029,0.0,8.1,20.0,67.8,1.4,8.0,19.3
"A0138","Orange","Mission Viejo, San Juan Capistrano","https://www.californiahealthmaps.org?address=A0138","Male","Mela",154170,64.1,49.2,82.7,104110,69.0,51.8,90.8,"","","","",28865,"","","",12975,"","","",5,63029,0.0,8.1,20.0,67.8,1.4,8.0,19.3
"A0138","Orange","Mission Viejo, San Juan Capistrano","https://www.californiahealthmaps.org?address=A0138","Female","Mela",160975,37.3,27.8,49.6,107690,41.7,30.1,57.2,"","","","",29825,"","","",15625,"","","",5,63029,0.0,8.1,20.0,67.8,1.4,8.0,19.3
"A0138","Orange","Mission Viejo, San Juan Capistrano","https://www.californiahealthmaps.org?address=A0138","Female","Uterine",160975,29.7,21.3,41.0,107690,29.6,20.0,43.2,"","","","",29825,"","","",15625,"","","",5,63029,0.0,8.1,20.0,67.8,1.4,8.0,19.3
"A0138","Orange","Mission Viejo, San Juan Capistrano","https://www.californiahealthmaps.org?address=A0138","Male","Lymph",154170,23.9,15.5,36.2,104110,21.3,12.9,34.3,"","","","",28865,"","","",12975,"","","",5,63029,0.0,8.1,20.0,67.8,1.4,8.0,19.3
"A0138","Orange","Mission Viejo, San Juan Capistrano","https://www.californiahealthmaps.org?address=A0138","Female","Lymph",160975,20.9,13.7,31.2,107690,20.6,12.7,32.6,"","","","",29825,"","","",15625,"","","",5,63029,0.0,8.1,20.0,67.8,1.4,8.0,19.3
"A0138","Orange","Mission Viejo, San Juan Capistrano","https://www.californiahealthmaps.org?address=A0138","Male","Urinary",154170,25.8,16.4,39.4,104110,24.3,14.4,39.2,"","","","",28865,"","","",12975,"","","",5,63029,0.0,8.1,20.0,67.8,1.4,8.0,19.3
"A0138","Orange","Mission Viejo, San Juan Capistrano","https://www.californiahealthmaps.org?address=A0138","Female","Urinary",160975,2.9,0.7,8.5,107690,"","","","","","","",29825,"","","",15625,"","","",5,63029,0.0,8.1,20.0,67.8,1.4,8.0,19.3
"A0138","Orange","Mission Viejo, San Juan Capistrano","https://www.californiahealthmaps.org?address=A0138","Male","Kidney",154170,22.3,14.2,34.2,104110,24.0,14.5,38.1,"","","","",28865,"","","",12975,"","","",5,63029,0.0,8.1,20.0,67.8,1.4,8.0,19.3
"A0138","Orange","Mission Viejo, San Juan Capistrano","https://www.californiahealthmaps.org?address=A0138","Female","Kidney",160975,6.7,3.1,13.4,107690,"","","","","","","",29825,"","","",15625,"","","",5,63029,0.0,8.1,20.0,67.8,1.4,8.0,19.3
"A0138","Orange","Mission Viejo, San Juan Capistrano","https://www.californiahealthmaps.org?address=A0138","Male","Thyroid",154170,9.1,4.8,17.3,104110,"","","","","","","",28865,"","","",12975,"","","",5,63029,0.0,8.1,20.0,67.8,1.4,8.0,19.3
"A0138","Orange","Mission Viejo, San Juan Capistrano","https://www.californiahealthmaps.org?address=A0138","Female","Thyroid",160975,24.2,16.4,34.9,107690,27.3,17.6,41.0,"","","","",29825,"","","",15625,"","","",5,63029,0.0,8.1,20.0,67.8,1.4,8.0,19.3
"A0138","Orange","Mission Viejo, San Juan Capistrano","https://www.californiahealthmaps.org?address=A0138","Both","AllSite",315145,498.5,470.5,528.0,211800,503.1,471.1,537.1,"","","","",58690,490.4,398.7,601.6,28600,386.0,306.6,485.8,5,63029,0.0,8.1,20.0,67.8,1.4,8.0,19.3
"A0138","Orange","Mission Viejo, San Juan Capistrano","https://www.californiahealthmaps.org?address=A0138","Both","Lung",315145,43.0,34.8,52.8,211800,45.5,35.9,57.1,"","","","",58690,"","","",28600,"","","",5,63029,0.0,8.1,20.0,67.8,1.4,8.0,19.3
"A0138","Orange","Mission Viejo, San Juan Capistrano","https://www.californiahealthmaps.org?address=A0138","Both","CRC",315145,34.2,27.3,42.6,211800,31.5,24.0,41.0,"","","","",58690,"","","",28600,54.1,28.2,103.5,5,63029,0.0,8.1,20.0,67.8,1.4,8.0,19.3
"A0138","Orange","Mission Viejo, San Juan Capistrano","https://www.californiahealthmaps.org?address=A0138","Both","Mela",315145,48.3,39.9,58.1,211800,53.0,43.0,65.0,"","","","",58690,"","","",28600,"","","",5,63029,0.0,8.1,20.0,67.8,1.4,8.0,19.3
"A0138","Orange","Mission Viejo, San Juan Capistrano","https://www.californiahealthmaps.org?address=A0138","Both","Lymph",315145,22.5,16.8,29.7,211800,21.2,15.2,29.3,"","","","",58690,"","","",28600,"","","",5,63029,0.0,8.1,20.0,67.8,1.4,8.0,19.3
"A0138","Orange","Mission Viejo, San Juan Capistrano","https://www.californiahealthmaps.org?address=A0138","Both","Urinary",315145,12.9,8.5,18.9,211800,12.2,7.5,19.0,"","","","",58690,"","","",28600,"","","",5,63029,0.0,8.1,20.0,67.8,1.4,8.0,19.3
"A0138","Orange","Mission Viejo, San Juan Capistrano","https://www.californiahealthmaps.org?address=A0138","Both","Kidney",315145,14.0,9.7,19.9,211800,14.0,9.1,20.9,"","","","",58690,"","","",28600,"","","",5,63029,0.0,8.1,20.0,67.8,1.4,8.0,19.3
"A0138","Orange","Mission Viejo, San Juan Capistrano","https://www.californiahealthmaps.org?address=A0138","Both","Thyroid",315145,17.2,12.4,23.5,211800,18.2,12.5,25.9,"","","","",58690,"","","",28600,"","","",5,63029,0.0,8.1,20.0,67.8,1.4,8.0,19.3
