"Zone","Counties","Cities","URL","Sex","Cancer","PopTot","AAIR","LCI","UCI","White_PopTot","White_AAIR","White_LCI","White_UCI","Black_PopTot","Black_AAIR","Black_LCI","Black_UCI","Hispanic_PopTot","Hispanic_AAIR","Hispanic_LCI","Hispanic_UCI","Asian_PopTot","Asian_AAIR","Asian_LCI","Asian_UCI","QNSES","PopAll","PerRural","PerUninsured","PerForeignBorn","PerWhite","PerBlack","PerAsian","PerHispanic","PerAPI","PerDocvisit","PerFOBT","PerMammo","PerMenPrev","PerPap","PerWomenPrev"
"A0737","Los Angeles","Monterey Park","https://www.californiahealthmaps.org?address=A0737","Male","AllSite",155190,385.1,357.2,415.0,11100,385.0,307.1,508.8,"","","","",64980,406.3,355.3,462.8,76325,366.8,330.0,407.8,3,64239,0.0,18.6,47.4,7.5,0.5,48.6,41.7,48.6,"","","","","",""
"A0737","Los Angeles","Monterey Park","https://www.californiahealthmaps.org?address=A0737","Female","AllSite",166005,326.7,302.6,352.7,10790,320.5,237.6,455.3,"","","","",69745,324.6,284.9,368.7,82390,328.4,295.6,365.6,3,64239,0.0,18.6,47.4,7.5,0.5,48.6,41.7,48.6,"","","","","",""
"A0737","Los Angeles","Monterey Park","https://www.californiahealthmaps.org?address=A0737","Male","Prostate",155190,75.3,63.4,89.2,11100,95.7,58.8,189.6,"","","","",64980,98.5,74.2,128.7,76325,55.5,42.3,73.4,3,64239,0.0,18.6,47.4,7.5,0.5,48.6,41.7,48.6,"","","","","",""
"A0737","Los Angeles","Monterey Park","https://www.californiahealthmaps.org?address=A0737","Female","Breast",166005,91.0,78.4,105.5,10790,99.5,54.5,206.6,"","","","",69745,77.9,59.0,101.4,82390,97.0,79.6,119.0,3,64239,0.0,18.6,47.4,7.5,0.5,48.6,41.7,48.6,"","","","","",""
"A0737","Los Angeles","Monterey Park","https://www.californiahealthmaps.org?address=A0737","Male","Lung",155190,44.3,35.3,55.2,11100,"","","","","","","",64980,"","","",76325,53.4,40.4,71.1,3,64239,0.0,18.6,47.4,7.5,0.5,48.6,41.7,48.6,"","","","","",""
"A0737","Los Angeles","Monterey Park","https://www.californiahealthmaps.org?address=A0737","Female","Lung",166005,19.0,13.8,26.2,10790,"","","","","","","",69745,"","","",82390,24.0,16.1,36.8,3,64239,0.0,18.6,47.4,7.5,0.5,48.6,41.7,48.6,"","","","","",""
"A0737","Los Angeles","Monterey Park","https://www.californiahealthmaps.org?address=A0737","Male","CRC",155190,53.3,43.4,65.2,11100,"","","","","","","",64980,43.5,28.1,64.7,76325,57.5,44.0,75.7,3,64239,0.0,18.6,47.4,7.5,0.5,48.6,41.7,48.6,"","","","","",""
"A0737","Los Angeles","Monterey Park","https://www.californiahealthmaps.org?address=A0737","Female","CRC",166005,37.8,30.3,47.1,10790,"","","","","","","",69745,27.8,17.5,42.6,82390,42.4,31.8,57.8,3,64239,0.0,18.6,47.4,7.5,0.5,48.6,41.7,48.6,"","","","","",""
"A0737","Los Angeles","Monterey Park","https://www.californiahealthmaps.org?address=A0737","Male","Mela",155190,"","","",11100,"","","","","","","",64980,"","","",76325,"","","",3,64239,0.0,18.6,47.4,7.5,0.5,48.6,41.7,48.6,"","","","","",""
"A0737","Los Angeles","Monterey Park","https://www.californiahealthmaps.org?address=A0737","Female","Mela",166005,"","","",10790,"","","","","","","",69745,"","","",82390,"","","",3,64239,0.0,18.6,47.4,7.5,0.5,48.6,41.7,48.6,"","","","","",""
"A0737","Los Angeles","Monterey Park","https://www.californiahealthmaps.org?address=A0737","Female","Uterine",166005,36.8,28.9,46.8,10790,"","","","","","","",69745,45.9,31.5,65.0,82390,28.7,19.6,42.8,3,64239,0.0,18.6,47.4,7.5,0.5,48.6,41.7,48.6,"","","","","",""
"A0737","Los Angeles","Monterey Park","https://www.californiahealthmaps.org?address=A0737","Male","Lymph",155190,24.0,17.4,32.6,11100,"","","","","","","",64980,28.2,16.1,46.4,76325,19.9,12.1,32.9,3,64239,0.0,18.6,47.4,7.5,0.5,48.6,41.7,48.6,"","","","","",""
"A0737","Los Angeles","Monterey Park","https://www.californiahealthmaps.org?address=A0737","Female","Lymph",166005,11.8,7.5,18.2,10790,"","","","","","","",69745,"","","",82390,"","","",3,64239,0.0,18.6,47.4,7.5,0.5,48.6,41.7,48.6,"","","","","",""
"A0737","Los Angeles","Monterey Park","https://www.californiahealthmaps.org?address=A0737","Male","Urinary",155190,13.6,8.9,20.4,11100,"","","","","","","",64980,"","","",76325,"","","",3,64239,0.0,18.6,47.4,7.5,0.5,48.6,41.7,48.6,"","","","","",""
"A0737","Los Angeles","Monterey Park","https://www.californiahealthmaps.org?address=A0737","Female","Urinary",166005,"","","",10790,"","","","","","","",69745,"","","",82390,"","","",3,64239,0.0,18.6,47.4,7.5,0.5,48.6,41.7,48.6,"","","","","",""
"A0737","Los Angeles","Monterey Park","https://www.californiahealthmaps.org?address=A0737","Male","Kidney",155190,14.4,9.3,21.5,11100,"","","","","","","",64980,"","","",76325,"","","",3,64239,0.0,18.6,47.4,7.5,0.5,48.6,41.7,48.6,"","","","","",""
"A0737","Los Angeles","Monterey Park","https://www.californiahealthmaps.org?address=A0737","Female","Kidney",166005,7.2,4.1,12.5,10790,"","","","","","","",69745,"","","",82390,"","","",3,64239,0.0,18.6,47.4,7.5,0.5,48.6,41.7,48.6,"","","","","",""
"A0737","Los Angeles","Monterey Park","https://www.californiahealthmaps.org?address=A0737","Male","Thyroid",155190,8.7,4.8,14.7,11100,"","","","","","","",64980,"","","",76325,"","","",3,64239,0.0,18.6,47.4,7.5,0.5,48.6,41.7,48.6,"","","","","",""
"A0737","Los Angeles","Monterey Park","https://www.californiahealthmaps.org?address=A0737","Female","Thyroid",166005,24.0,17.4,32.8,10790,"","","","","","","",69745,30.0,18.5,46.5,82390,21.3,13.2,34.7,3,64239,0.0,18.6,47.4,7.5,0.5,48.6,41.7,48.6,"","","","","",""
"A0737","Los Angeles","Monterey Park","https://www.californiahealthmaps.org?address=A0737","Male","Liver",155190,23.2,16.8,31.5,11100,"","","","","","","",64980,27.9,15.9,45.9,76325,23.5,15.1,36.8,3,64239,0.0,18.6,47.4,7.5,0.5,48.6,41.7,48.6,"","","","","",""
"A0737","Los Angeles","Monterey Park","https://www.californiahealthmaps.org?address=A0737","Female","Liver",166005,6.1,3.4,10.9,10790,"","","","","","","",69745,"","","",82390,"","","",3,64239,0.0,18.6,47.4,7.5,0.5,48.6,41.7,48.6,"","","","","",""
"A0737","Los Angeles","Monterey Park","https://www.californiahealthmaps.org?address=A0737","Male","Pancreas",155190,10.4,6.3,16.5,11100,"","","","","","","",64980,"","","",76325,"","","",3,64239,0.0,18.6,47.4,7.5,0.5,48.6,41.7,48.6,"","","","","",""
"A0737","Los Angeles","Monterey Park","https://www.californiahealthmaps.org?address=A0737","Female","Pancreas",166005,11.0,7.3,16.8,10790,"","","","","","","",69745,"","","",82390,13.8,8.3,24.7,3,64239,0.0,18.6,47.4,7.5,0.5,48.6,41.7,48.6,"","","","","",""
"A0737","Los Angeles","Monterey Park","https://www.californiahealthmaps.org?address=A0737","Both","AllSite",321195,349.4,331.2,368.4,21890,342.1,286.4,418.1,"","","","",134725,352.6,321.6,386.0,158715,345.0,320.5,371.7,3,64239,0.0,18.6,47.4,7.5,0.5,48.6,41.7,48.6,"","","","","",""
"A0737","Los Angeles","Monterey Park","https://www.californiahealthmaps.org?address=A0737","Both","Lung",321195,30.1,25.1,36.0,21890,41.2,23.5,86.1,"","","","",134725,14.9,9.2,23.1,158715,37.3,29.8,46.9,3,64239,0.0,18.6,47.4,7.5,0.5,48.6,41.7,48.6,"","","","","",""
"A0737","Los Angeles","Monterey Park","https://www.californiahealthmaps.org?address=A0737","Both","CRC",321195,45.0,38.8,52.1,21890,49.0,30.6,93.8,"","","","",134725,34.9,25.7,46.5,158715,49.5,40.8,60.3,3,64239,0.0,18.6,47.4,7.5,0.5,48.6,41.7,48.6,"","","","","",""
"A0737","Los Angeles","Monterey Park","https://www.californiahealthmaps.org?address=A0737","Both","Mela",321195,"","","",21890,"","","","","","","",134725,"","","",158715,"","","",3,64239,0.0,18.6,47.4,7.5,0.5,48.6,41.7,48.6,"","","","","",""
"A0737","Los Angeles","Monterey Park","https://www.californiahealthmaps.org?address=A0737","Both","Lymph",321195,17.0,13.1,21.8,21890,"","","","","","","",134725,19.4,12.7,28.7,158715,14.2,9.5,21.4,3,64239,0.0,18.6,47.4,7.5,0.5,48.6,41.7,48.6,"","","","","",""
"A0737","Los Angeles","Monterey Park","https://www.californiahealthmaps.org?address=A0737","Both","Urinary",321195,7.4,5.1,10.7,21890,"","","","","","","",134725,"","","",158715,7.9,4.7,13.6,3,64239,0.0,18.6,47.4,7.5,0.5,48.6,41.7,48.6,"","","","","",""
"A0737","Los Angeles","Monterey Park","https://www.californiahealthmaps.org?address=A0737","Both","Kidney",321195,10.4,7.4,14.3,21890,"","","","","","","",134725,19.0,12.3,28.3,158715,"","","",3,64239,0.0,18.6,47.4,7.5,0.5,48.6,41.7,48.6,"","","","","",""
"A0737","Los Angeles","Monterey Park","https://www.californiahealthmaps.org?address=A0737","Both","Thyroid",321195,16.6,12.6,21.6,21890,"","","","","","","",134725,20.0,13.0,29.4,158715,15.1,10.2,22.6,3,64239,0.0,18.6,47.4,7.5,0.5,48.6,41.7,48.6,"","","","","",""
"A0737","Los Angeles","Monterey Park","https://www.californiahealthmaps.org?address=A0737","Both","Liver",321195,13.7,10.4,18.0,21890,"","","","","","","",134725,13.8,8.3,21.8,158715,15.1,10.6,22.1,3,64239,0.0,18.6,47.4,7.5,0.5,48.6,41.7,48.6,"","","","","",""
"A0737","Los Angeles","Monterey Park","https://www.californiahealthmaps.org?address=A0737","Both","Pancreas",321195,10.9,8.0,14.8,21890,"","","","","","","",134725,10.8,6.0,18.0,158715,11.6,7.7,18.0,3,64239,0.0,18.6,47.4,7.5,0.5,48.6,41.7,48.6,"","","","","",""
