"Zone","Counties","Cities","URL","Sex","Cancer","PopTot","AAIR","LCI","UCI","White_PopTot","White_AAIR","White_LCI","White_UCI","Black_PopTot","Black_AAIR","Black_LCI","Black_UCI","Hispanic_PopTot","Hispanic_AAIR","Hispanic_LCI","Hispanic_UCI","Asian_PopTot","Asian_AAIR","Asian_LCI","Asian_UCI","QNSES","PopAll","PerRural","PerUninsured","PerForeignBorn","PerWhite","PerBlack","PerAsian","PerHispanic","PerAPI","PerDocvisit","PerFOBT","PerMammo","PerMenPrev","PerPap","PerWomenPrev"
"A0817","Santa Cruz","Santa Cruz","https://www.californiahealthmaps.org?address=A0817","Male","AllSite",213305,515.0,482.3,549.7,148205,531.6,495.2,570.6,"","","","",45970,493.5,374.5,652.1,"","","","",4,86048,5.2,14.5,13.7,69.5,1.3,3.6,21.4,3.6,"","","","","",""
"A0817","Santa Cruz","Santa Cruz","https://www.californiahealthmaps.org?address=A0817","Female","AllSite",216935,480.0,452.4,509.3,153885,486.0,454.9,519.8,"","","","",42850,472.7,386.2,576.9,"","","","",4,86048,5.2,14.5,13.7,69.5,1.3,3.6,21.4,3.6,"","","","","",""
"A0817","Santa Cruz","Santa Cruz","https://www.californiahealthmaps.org?address=A0817","Male","Prostate",213305,109.3,95.1,125.5,148205,110.1,94.7,128.1,"","","","",45970,78.9,42.8,159.4,"","","","",4,86048,5.2,14.5,13.7,69.5,1.3,3.6,21.4,3.6,"","","","","",""
"A0817","Santa Cruz","Santa Cruz","https://www.californiahealthmaps.org?address=A0817","Female","Breast",216935,154.1,138.5,171.3,153885,161.9,144.0,182.6,"","","","",42850,110.8,73.7,166.3,"","","","",4,86048,5.2,14.5,13.7,69.5,1.3,3.6,21.4,3.6,"","","","","",""
"A0817","Santa Cruz","Santa Cruz","https://www.californiahealthmaps.org?address=A0817","Male","Lung",213305,50.1,39.9,62.4,148205,53.2,41.8,67.6,"","","","",45970,"","","","","","","",4,86048,5.2,14.5,13.7,69.5,1.3,3.6,21.4,3.6,"","","","","",""
"A0817","Santa Cruz","Santa Cruz","https://www.californiahealthmaps.org?address=A0817","Female","Lung",216935,40.1,32.3,49.6,153885,44.0,35.1,55.8,"","","","",42850,"","","","","","","",4,86048,5.2,14.5,13.7,69.5,1.3,3.6,21.4,3.6,"","","","","",""
"A0817","Santa Cruz","Santa Cruz","https://www.californiahealthmaps.org?address=A0817","Male","CRC",213305,37.0,28.9,47.2,148205,36.7,27.8,48.4,"","","","",45970,"","","","","","","",4,86048,5.2,14.5,13.7,69.5,1.3,3.6,21.4,3.6,"","","","","",""
"A0817","Santa Cruz","Santa Cruz","https://www.californiahealthmaps.org?address=A0817","Female","CRC",216935,33.9,26.9,42.5,153885,32.1,24.6,42.6,"","","","",42850,"","","","","","","",4,86048,5.2,14.5,13.7,69.5,1.3,3.6,21.4,3.6,"","","","","",""
"A0817","Santa Cruz","Santa Cruz","https://www.californiahealthmaps.org?address=A0817","Male","Mela",213305,69.3,57.5,83.3,148205,78.4,64.6,95.1,"","","","",45970,"","","","","","","",4,86048,5.2,14.5,13.7,69.5,1.3,3.6,21.4,3.6,"","","","","",""
"A0817","Santa Cruz","Santa Cruz","https://www.californiahealthmaps.org?address=A0817","Female","Mela",216935,41.0,33.2,50.6,153885,44.3,35.1,56.6,"","","","",42850,"","","","","","","",4,86048,5.2,14.5,13.7,69.5,1.3,3.6,21.4,3.6,"","","","","",""
"A0817","Santa Cruz","Santa Cruz","https://www.californiahealthmaps.org?address=A0817","Female","Uterine",216935,32.2,25.5,40.5,153885,32.2,25.0,42.5,"","","","",42850,"","","","","","","",4,86048,5.2,14.5,13.7,69.5,1.3,3.6,21.4,3.6,"","","","","",""
"A0817","Santa Cruz","Santa Cruz","https://www.californiahealthmaps.org?address=A0817","Male","Lymph",213305,34.8,26.4,45.4,148205,33.5,24.6,45.4,"","","","",45970,"","","","","","","",4,86048,5.2,14.5,13.7,69.5,1.3,3.6,21.4,3.6,"","","","","",""
"A0817","Santa Cruz","Santa Cruz","https://www.californiahealthmaps.org?address=A0817","Female","Lymph",216935,18.5,13.4,25.3,153885,18.1,12.8,26.6,"","","","",42850,"","","","","","","",4,86048,5.2,14.5,13.7,69.5,1.3,3.6,21.4,3.6,"","","","","",""
"A0817","Santa Cruz","Santa Cruz","https://www.californiahealthmaps.org?address=A0817","Male","Urinary",213305,16.7,11.0,24.6,148205,17.5,11.3,26.8,"","","","",45970,"","","","","","","",4,86048,5.2,14.5,13.7,69.5,1.3,3.6,21.4,3.6,"","","","","",""
"A0817","Santa Cruz","Santa Cruz","https://www.californiahealthmaps.org?address=A0817","Female","Urinary",216935,"","","",153885,"","","","","","","",42850,"","","","","","","",4,86048,5.2,14.5,13.7,69.5,1.3,3.6,21.4,3.6,"","","","","",""
"A0817","Santa Cruz","Santa Cruz","https://www.californiahealthmaps.org?address=A0817","Male","Kidney",213305,14.5,9.3,21.9,148205,13.4,8.1,21.8,"","","","",45970,"","","","","","","",4,86048,5.2,14.5,13.7,69.5,1.3,3.6,21.4,3.6,"","","","","",""
"A0817","Santa Cruz","Santa Cruz","https://www.californiahealthmaps.org?address=A0817","Female","Kidney",216935,10.2,6.6,15.5,153885,10.1,6.2,17.5,"","","","",42850,"","","","","","","",4,86048,5.2,14.5,13.7,69.5,1.3,3.6,21.4,3.6,"","","","","",""
"A0817","Santa Cruz","Santa Cruz","https://www.californiahealthmaps.org?address=A0817","Male","Thyroid",213305,8.1,4.7,13.6,148205,7.7,4.1,14.5,"","","","",45970,"","","","","","","",4,86048,5.2,14.5,13.7,69.5,1.3,3.6,21.4,3.6,"","","","","",""
"A0817","Santa Cruz","Santa Cruz","https://www.californiahealthmaps.org?address=A0817","Female","Thyroid",216935,18.6,13.3,25.7,153885,20.0,13.4,29.9,"","","","",42850,"","","","","","","",4,86048,5.2,14.5,13.7,69.5,1.3,3.6,21.4,3.6,"","","","","",""
"A0817","Santa Cruz","Santa Cruz","https://www.californiahealthmaps.org?address=A0817","Male","Liver",213305,16.4,11.4,23.4,148205,16.4,11.0,24.8,"","","","",45970,"","","","","","","",4,86048,5.2,14.5,13.7,69.5,1.3,3.6,21.4,3.6,"","","","","",""
"A0817","Santa Cruz","Santa Cruz","https://www.californiahealthmaps.org?address=A0817","Female","Liver",216935,6.1,3.3,10.8,153885,"","","","","","","",42850,"","","","","","","",4,86048,5.2,14.5,13.7,69.5,1.3,3.6,21.4,3.6,"","","","","",""
"A0817","Santa Cruz","Santa Cruz","https://www.californiahealthmaps.org?address=A0817","Male","Pancreas",213305,9.6,5.8,15.6,148205,10.5,6.1,17.9,"","","","",45970,"","","","","","","",4,86048,5.2,14.5,13.7,69.5,1.3,3.6,21.4,3.6,"","","","","",""
"A0817","Santa Cruz","Santa Cruz","https://www.californiahealthmaps.org?address=A0817","Female","Pancreas",216935,13.8,9.5,19.9,153885,12.5,8.1,20.2,"","","","",42850,"","","","","","","",4,86048,5.2,14.5,13.7,69.5,1.3,3.6,21.4,3.6,"","","","","",""
"A0817","Santa Cruz","Santa Cruz","https://www.californiahealthmaps.org?address=A0817","Both","AllSite",430240,487.6,466.9,509.1,302090,497.9,474.7,522.3,"","","","",88820,458.8,391.6,536.6,17510,377.4,279.2,510.4,4,86048,5.2,14.5,13.7,69.5,1.3,3.6,21.4,3.6,"","","","","",""
"A0817","Santa Cruz","Santa Cruz","https://www.californiahealthmaps.org?address=A0817","Both","Lung",430240,44.5,38.2,51.6,302090,48.1,40.9,56.6,"","","","",88820,"","","",17510,"","","",4,86048,5.2,14.5,13.7,69.5,1.3,3.6,21.4,3.6,"","","","","",""
"A0817","Santa Cruz","Santa Cruz","https://www.californiahealthmaps.org?address=A0817","Both","CRC",430240,35.0,29.7,41.2,302090,33.8,28.1,40.9,"","","","",88820,39.6,22.4,68.4,17510,"","","",4,86048,5.2,14.5,13.7,69.5,1.3,3.6,21.4,3.6,"","","","","",""
"A0817","Santa Cruz","Santa Cruz","https://www.californiahealthmaps.org?address=A0817","Both","Mela",430240,52.4,45.7,59.9,302090,58.2,50.3,67.4,"","","","",88820,"","","",17510,"","","",4,86048,5.2,14.5,13.7,69.5,1.3,3.6,21.4,3.6,"","","","","",""
"A0817","Santa Cruz","Santa Cruz","https://www.californiahealthmaps.org?address=A0817","Both","Lymph",430240,25.8,21.1,31.4,302090,25.3,20.2,31.9,"","","","",88820,"","","",17510,"","","",4,86048,5.2,14.5,13.7,69.5,1.3,3.6,21.4,3.6,"","","","","",""
"A0817","Santa Cruz","Santa Cruz","https://www.californiahealthmaps.org?address=A0817","Both","Urinary",430240,9.2,6.5,12.8,302090,9.0,6.2,13.4,"","","","",88820,"","","",17510,"","","",4,86048,5.2,14.5,13.7,69.5,1.3,3.6,21.4,3.6,"","","","","",""
"A0817","Santa Cruz","Santa Cruz","https://www.californiahealthmaps.org?address=A0817","Both","Kidney",430240,11.8,8.8,15.7,302090,11.3,8.0,16.0,"","","","",88820,"","","",17510,"","","",4,86048,5.2,14.5,13.7,69.5,1.3,3.6,21.4,3.6,"","","","","",""
"A0817","Santa Cruz","Santa Cruz","https://www.californiahealthmaps.org?address=A0817","Both","Thyroid",430240,13.4,10.2,17.5,302090,13.8,10.0,19.2,"","","","",88820,"","","",17510,"","","",4,86048,5.2,14.5,13.7,69.5,1.3,3.6,21.4,3.6,"","","","","",""
"A0817","Santa Cruz","Santa Cruz","https://www.californiahealthmaps.org?address=A0817","Both","Liver",430240,11.0,8.2,14.8,302090,10.2,7.3,14.6,"","","","",88820,"","","",17510,"","","",4,86048,5.2,14.5,13.7,69.5,1.3,3.6,21.4,3.6,"","","","","",""
"A0817","Santa Cruz","Santa Cruz","https://www.californiahealthmaps.org?address=A0817","Both","Pancreas",430240,11.8,8.8,15.7,302090,11.4,8.2,16.0,"","","","",88820,"","","",17510,"","","",4,86048,5.2,14.5,13.7,69.5,1.3,3.6,21.4,3.6,"","","","","",""
