"Zone","Counties","Cities","URL","Sex","Cancer","PopTot","AAIR","LCI","UCI","White_PopTot","White_AAIR","White_LCI","White_UCI","Black_PopTot","Black_AAIR","Black_LCI","Black_UCI","Hispanic_PopTot","Hispanic_AAIR","Hispanic_LCI","Hispanic_UCI","Asian_PopTot","Asian_AAIR","Asian_LCI","Asian_UCI","QNSES","PopAll","PerRural","PerUninsured","PerForeignBorn","PerWhite","PerBlack","PerAsian","PerHispanic"
"A0300","Los Angeles","Palmdale","https://www.californiahealthmaps.org?address=A0300","Male","AllSite",152230,545.9,500.8,594.5,66375,561.8,505.6,623.7,14535,695.0,490.9,979.2,58485,429.8,339.2,545.7,"","","","",3,61307,23.9,15.6,20.3,43.6,8.0,5.8,39.5
"A0300","Los Angeles","Palmdale","https://www.californiahealthmaps.org?address=A0300","Female","AllSite",154305,434.4,399.0,472.4,64080,438.4,391.7,490.7,14975,529.9,390.1,719.7,61060,403.3,333.4,485.9,"","","","",3,61307,23.9,15.6,20.3,43.6,8.0,5.8,39.5
"A0300","Los Angeles","Palmdale","https://www.californiahealthmaps.org?address=A0300","Male","Prostate",152230,151.4,129.0,177.4,66375,126.8,102.5,156.8,14535,240.1,146.4,413.4,58485,171.0,112.8,257.4,"","","","",3,61307,23.9,15.6,20.3,43.6,8.0,5.8,39.5
"A0300","Los Angeles","Palmdale","https://www.californiahealthmaps.org?address=A0300","Female","Breast",154305,144.0,124.4,166.1,64080,141.4,116.1,172.5,14975,204.6,124.1,338.0,61060,138.4,99.1,190.8,"","","","",3,61307,23.9,15.6,20.3,43.6,8.0,5.8,39.5
"A0300","Los Angeles","Palmdale","https://www.californiahealthmaps.org?address=A0300","Male","Lung",152230,55.1,40.8,73.6,66375,65.0,46.4,90.0,14535,"","","",58485,"","","","","","","",3,61307,23.9,15.6,20.3,43.6,8.0,5.8,39.5
"A0300","Los Angeles","Palmdale","https://www.californiahealthmaps.org?address=A0300","Female","Lung",154305,47.0,35.4,61.6,64080,48.4,33.3,69.9,14975,"","","",61060,"","","","","","","",3,61307,23.9,15.6,20.3,43.6,8.0,5.8,39.5
"A0300","Los Angeles","Palmdale","https://www.californiahealthmaps.org?address=A0300","Male","CRC",152230,48.0,35.9,63.9,66375,44.6,29.8,65.8,14535,"","","",58485,46.2,21.2,102.1,"","","","",3,61307,23.9,15.6,20.3,43.6,8.0,5.8,39.5
"A0300","Los Angeles","Palmdale","https://www.californiahealthmaps.org?address=A0300","Female","CRC",154305,49.3,37.7,63.8,64080,42.4,28.4,63.0,14975,"","","",61060,46.9,24.5,84.1,"","","","",3,61307,23.9,15.6,20.3,43.6,8.0,5.8,39.5
"A0300","Los Angeles","Palmdale","https://www.californiahealthmaps.org?address=A0300","Male","Mela",152230,44.5,32.0,61.3,66375,64.0,45.6,88.9,14535,"","","",58485,"","","","","","","",3,61307,23.9,15.6,20.3,43.6,8.0,5.8,39.5
"A0300","Los Angeles","Palmdale","https://www.californiahealthmaps.org?address=A0300","Female","Mela",154305,21.7,14.2,32.2,64080,33.3,20.7,52.5,14975,"","","",61060,"","","","","","","",3,61307,23.9,15.6,20.3,43.6,8.0,5.8,39.5
"A0300","Los Angeles","Palmdale","https://www.californiahealthmaps.org?address=A0300","Female","Uterine",154305,23.9,16.2,34.4,64080,20.4,11.4,36.1,14975,"","","",61060,"","","","","","","",3,61307,23.9,15.6,20.3,43.6,8.0,5.8,39.5
"A0300","Los Angeles","Palmdale","https://www.californiahealthmaps.org?address=A0300","Male","Lymph",152230,31.2,20.6,46.0,66375,27.4,15.8,46.0,14535,"","","",58485,"","","","","","","",3,61307,23.9,15.6,20.3,43.6,8.0,5.8,39.5
"A0300","Los Angeles","Palmdale","https://www.californiahealthmaps.org?address=A0300","Female","Lymph",154305,16.7,10.3,26.1,64080,"","","",14975,"","","",61060,"","","","","","","",3,61307,23.9,15.6,20.3,43.6,8.0,5.8,39.5
"A0300","Los Angeles","Palmdale","https://www.californiahealthmaps.org?address=A0300","Male","Urinary",152230,22.5,13.6,35.7,66375,27.6,16.0,45.9,14535,"","","",58485,"","","","","","","",3,61307,23.9,15.6,20.3,43.6,8.0,5.8,39.5
"A0300","Los Angeles","Palmdale","https://www.californiahealthmaps.org?address=A0300","Female","Urinary",154305,4.2,1.5,10.1,64080,"","","",14975,"","","",61060,"","","","","","","",3,61307,23.9,15.6,20.3,43.6,8.0,5.8,39.5
"A0300","Los Angeles","Palmdale","https://www.californiahealthmaps.org?address=A0300","Male","Kidney",152230,24.4,16.4,36.2,66375,28.5,17.1,46.6,14535,"","","",58485,"","","","","","","",3,61307,23.9,15.6,20.3,43.6,8.0,5.8,39.5
"A0300","Los Angeles","Palmdale","https://www.californiahealthmaps.org?address=A0300","Female","Kidney",154305,15.6,9.4,24.8,64080,21.9,12.7,37.7,14975,"","","",61060,"","","","","","","",3,61307,23.9,15.6,20.3,43.6,8.0,5.8,39.5
"A0300","Los Angeles","Palmdale","https://www.californiahealthmaps.org?address=A0300","Male","Thyroid",152230,6.4,2.7,14.5,66375,"","","",14535,"","","",58485,"","","","","","","",3,61307,23.9,15.6,20.3,43.6,8.0,5.8,39.5
"A0300","Los Angeles","Palmdale","https://www.californiahealthmaps.org?address=A0300","Female","Thyroid",154305,10.5,6.1,17.5,64080,"","","",14975,"","","",61060,"","","","","","","",3,61307,23.9,15.6,20.3,43.6,8.0,5.8,39.5
"A0300","Los Angeles","Palmdale","https://www.californiahealthmaps.org?address=A0300","Both","AllSite",306535,482.6,454.6,512.0,130455,495.6,459.4,534.5,29510,588.6,472.1,731.3,119545,410.3,355.4,473.1,17350,357.7,271.0,468.2,3,61307,23.9,15.6,20.3,43.6,8.0,5.8,39.5
"A0300","Los Angeles","Palmdale","https://www.californiahealthmaps.org?address=A0300","Both","Lung",306535,50.3,41.1,61.1,130455,56.1,44.1,71.2,29510,"","","",119545,31.2,16.5,55.5,17350,"","","",3,61307,23.9,15.6,20.3,43.6,8.0,5.8,39.5
"A0300","Los Angeles","Palmdale","https://www.californiahealthmaps.org?address=A0300","Both","CRC",306535,49.2,40.6,59.4,130455,44.3,33.7,58.0,29510,71.5,36.7,135.6,119545,45.8,29.0,71.2,17350,"","","",3,61307,23.9,15.6,20.3,43.6,8.0,5.8,39.5
"A0300","Los Angeles","Palmdale","https://www.californiahealthmaps.org?address=A0300","Both","Mela",306535,31.8,24.7,40.5,130455,47.6,36.5,61.7,29510,"","","",119545,"","","",17350,"","","",3,61307,23.9,15.6,20.3,43.6,8.0,5.8,39.5
"A0300","Los Angeles","Palmdale","https://www.californiahealthmaps.org?address=A0300","Both","Lymph",306535,22.9,17.0,30.5,130455,20.3,13.5,30.3,29510,"","","",119545,"","","",17350,"","","",3,61307,23.9,15.6,20.3,43.6,8.0,5.8,39.5
"A0300","Los Angeles","Palmdale","https://www.californiahealthmaps.org?address=A0300","Both","Urinary",306535,12.5,8.2,18.6,130455,14.9,9.1,23.9,29510,"","","",119545,"","","",17350,"","","",3,61307,23.9,15.6,20.3,43.6,8.0,5.8,39.5
"A0300","Los Angeles","Palmdale","https://www.californiahealthmaps.org?address=A0300","Both","Kidney",306535,20.0,14.8,26.8,130455,25.3,17.7,36.0,29510,"","","",119545,"","","",17350,"","","",3,61307,23.9,15.6,20.3,43.6,8.0,5.8,39.5
"A0300","Los Angeles","Palmdale","https://www.californiahealthmaps.org?address=A0300","Both","Thyroid",306535,8.4,5.4,12.9,130455,"","","",29510,"","","",119545,"","","",17350,"","","",3,61307,23.9,15.6,20.3,43.6,8.0,5.8,39.5
