"Zone","Counties","Cities","URL","Sex","Cancer","PopTot","AAIR","LCI","UCI","White_PopTot","White_AAIR","White_LCI","White_UCI","Black_PopTot","Black_AAIR","Black_LCI","Black_UCI","Hispanic_PopTot","Hispanic_AAIR","Hispanic_LCI","Hispanic_UCI","Asian_PopTot","Asian_AAIR","Asian_LCI","Asian_UCI","QNSES","PopAll","PerRural","PerUninsured","PerForeignBorn","PerWhite","PerBlack","PerAsian","PerHispanic","PerAPI","PerDocvisit","PerFOBT","PerMammo","PerMenPrev","PerPap","PerWomenPrev"
"A0543","Alameda","Dublin, Hayward, Pleasanton, Fremont, Union City","https://www.californiahealthmaps.org?address=A0543","Male","AllSite",161305,518.4,481.1,558.0,89395,531.0,485.7,580.0,"","","","",22540,472.2,333.3,669.5,35955,456.7,374.3,554.7,5,65946,2.9,7.4,23.3,55.2,3.0,24.1,13.4,24.1,"","","","","",""
"A0543","Alameda","Dublin, Hayward, Pleasanton, Fremont, Union City","https://www.californiahealthmaps.org?address=A0543","Female","AllSite",168425,447.0,416.6,479.4,91835,443.5,405.8,484.8,"","","","",23600,447.4,347.6,570.9,39345,410.3,347.0,484.2,5,65946,2.9,7.4,23.3,55.2,3.0,24.1,13.4,24.1,"","","","","",""
"A0543","Alameda","Dublin, Hayward, Pleasanton, Fremont, Union City","https://www.californiahealthmaps.org?address=A0543","Male","Prostate",161305,121.4,104.7,140.5,89395,112.0,93.1,134.5,"","","","",22540,169.2,89.5,314.0,35955,83.9,52.1,132.3,5,65946,2.9,7.4,23.3,55.2,3.0,24.1,13.4,24.1,"","","","","",""
"A0543","Alameda","Dublin, Hayward, Pleasanton, Fremont, Union City","https://www.californiahealthmaps.org?address=A0543","Female","Breast",168425,148.3,131.2,167.2,91835,138.6,118.2,162.7,"","","","",23600,158.2,102.5,238.4,39345,163.0,125.4,211.2,5,65946,2.9,7.4,23.3,55.2,3.0,24.1,13.4,24.1,"","","","","",""
"A0543","Alameda","Dublin, Hayward, Pleasanton, Fremont, Union City","https://www.californiahealthmaps.org?address=A0543","Male","Lung",161305,61.3,48.3,76.9,89395,67.7,51.7,87.9,"","","","",22540,"","","",35955,62.2,32.7,110.1,5,65946,2.9,7.4,23.3,55.2,3.0,24.1,13.4,24.1,"","","","","",""
"A0543","Alameda","Dublin, Hayward, Pleasanton, Fremont, Union City","https://www.californiahealthmaps.org?address=A0543","Female","Lung",168425,41.2,32.2,52.4,91835,39.7,29.3,54.0,"","","","",23600,"","","",39345,"","","",5,65946,2.9,7.4,23.3,55.2,3.0,24.1,13.4,24.1,"","","","","",""
"A0543","Alameda","Dublin, Hayward, Pleasanton, Fremont, Union City","https://www.californiahealthmaps.org?address=A0543","Male","CRC",161305,60.0,47.7,74.8,89395,56.4,42.1,74.9,"","","","",22540,"","","",35955,83.8,50.4,134.3,5,65946,2.9,7.4,23.3,55.2,3.0,24.1,13.4,24.1,"","","","","",""
"A0543","Alameda","Dublin, Hayward, Pleasanton, Fremont, Union City","https://www.californiahealthmaps.org?address=A0543","Female","CRC",168425,33.2,25.4,43.1,91835,32.9,23.6,46.2,"","","","",23600,"","","",39345,"","","",5,65946,2.9,7.4,23.3,55.2,3.0,24.1,13.4,24.1,"","","","","",""
"A0543","Alameda","Dublin, Hayward, Pleasanton, Fremont, Union City","https://www.californiahealthmaps.org?address=A0543","Male","Mela",161305,39.9,30.2,52.2,89395,55.1,41.3,72.9,"","","","",22540,"","","",35955,"","","",5,65946,2.9,7.4,23.3,55.2,3.0,24.1,13.4,24.1,"","","","","",""
"A0543","Alameda","Dublin, Hayward, Pleasanton, Fremont, Union City","https://www.californiahealthmaps.org?address=A0543","Female","Mela",168425,27.7,20.4,37.2,91835,38.0,26.8,53.5,"","","","",23600,"","","",39345,"","","",5,65946,2.9,7.4,23.3,55.2,3.0,24.1,13.4,24.1,"","","","","",""
"A0543","Alameda","Dublin, Hayward, Pleasanton, Fremont, Union City","https://www.californiahealthmaps.org?address=A0543","Female","Uterine",168425,29.8,22.5,39.1,91835,28.7,20.1,41.2,"","","","",23600,"","","",39345,44.6,25.5,75.7,5,65946,2.9,7.4,23.3,55.2,3.0,24.1,13.4,24.1,"","","","","",""
"A0543","Alameda","Dublin, Hayward, Pleasanton, Fremont, Union City","https://www.californiahealthmaps.org?address=A0543","Male","Lymph",161305,21.4,14.6,30.8,89395,20.0,12.0,32.3,"","","","",22540,"","","",35955,"","","",5,65946,2.9,7.4,23.3,55.2,3.0,24.1,13.4,24.1,"","","","","",""
"A0543","Alameda","Dublin, Hayward, Pleasanton, Fremont, Union City","https://www.californiahealthmaps.org?address=A0543","Female","Lymph",168425,17.1,11.6,24.9,91835,14.4,8.1,25.1,"","","","",23600,"","","",39345,"","","",5,65946,2.9,7.4,23.3,55.2,3.0,24.1,13.4,24.1,"","","","","",""
"A0543","Alameda","Dublin, Hayward, Pleasanton, Fremont, Union City","https://www.californiahealthmaps.org?address=A0543","Male","Urinary",161305,16.3,10.1,25.1,89395,19.0,11.1,31.3,"","","","",22540,"","","",35955,"","","",5,65946,2.9,7.4,23.3,55.2,3.0,24.1,13.4,24.1,"","","","","",""
"A0543","Alameda","Dublin, Hayward, Pleasanton, Fremont, Union City","https://www.californiahealthmaps.org?address=A0543","Female","Urinary",168425,"","","",91835,"","","","","","","",23600,"","","",39345,"","","",5,65946,2.9,7.4,23.3,55.2,3.0,24.1,13.4,24.1,"","","","","",""
"A0543","Alameda","Dublin, Hayward, Pleasanton, Fremont, Union City","https://www.californiahealthmaps.org?address=A0543","Male","Kidney",161305,18.1,11.9,26.8,89395,17.7,10.3,29.3,"","","","",22540,"","","",35955,"","","",5,65946,2.9,7.4,23.3,55.2,3.0,24.1,13.4,24.1,"","","","","",""
"A0543","Alameda","Dublin, Hayward, Pleasanton, Fremont, Union City","https://www.californiahealthmaps.org?address=A0543","Female","Kidney",168425,8.4,4.8,14.2,91835,"","","","","","","",23600,"","","",39345,"","","",5,65946,2.9,7.4,23.3,55.2,3.0,24.1,13.4,24.1,"","","","","",""
"A0543","Alameda","Dublin, Hayward, Pleasanton, Fremont, Union City","https://www.californiahealthmaps.org?address=A0543","Male","Thyroid",161305,"","","",89395,"","","","","","","",22540,"","","",35955,"","","",5,65946,2.9,7.4,23.3,55.2,3.0,24.1,13.4,24.1,"","","","","",""
"A0543","Alameda","Dublin, Hayward, Pleasanton, Fremont, Union City","https://www.californiahealthmaps.org?address=A0543","Female","Thyroid",168425,22.9,16.3,31.6,91835,19.8,12.1,31.9,"","","","",23600,"","","",39345,"","","",5,65946,2.9,7.4,23.3,55.2,3.0,24.1,13.4,24.1,"","","","","",""
"A0543","Alameda","Dublin, Hayward, Pleasanton, Fremont, Union City","https://www.californiahealthmaps.org?address=A0543","Male","Liver",161305,15.9,10.2,24.0,89395,12.9,7.0,23.0,"","","","",22540,"","","",35955,"","","",5,65946,2.9,7.4,23.3,55.2,3.0,24.1,13.4,24.1,"","","","","",""
"A0543","Alameda","Dublin, Hayward, Pleasanton, Fremont, Union City","https://www.californiahealthmaps.org?address=A0543","Female","Liver",168425,"","","",91835,"","","","","","","",23600,"","","",39345,"","","",5,65946,2.9,7.4,23.3,55.2,3.0,24.1,13.4,24.1,"","","","","",""
"A0543","Alameda","Dublin, Hayward, Pleasanton, Fremont, Union City","https://www.californiahealthmaps.org?address=A0543","Male","Pancreas",161305,16.8,10.4,25.9,89395,17.7,10.1,29.8,"","","","",22540,"","","",35955,"","","",5,65946,2.9,7.4,23.3,55.2,3.0,24.1,13.4,24.1,"","","","","",""
"A0543","Alameda","Dublin, Hayward, Pleasanton, Fremont, Union City","https://www.californiahealthmaps.org?address=A0543","Female","Pancreas",168425,13.2,8.5,20.1,91835,15.1,9.1,25.3,"","","","",23600,"","","",39345,"","","",5,65946,2.9,7.4,23.3,55.2,3.0,24.1,13.4,24.1,"","","","","",""
"A0543","Alameda","Dublin, Hayward, Pleasanton, Fremont, Union City","https://www.californiahealthmaps.org?address=A0543","Both","AllSite",329730,473.1,449.8,497.4,181230,477.8,449.1,508.3,11250,648.3,476.9,880.6,46140,445.9,367.5,538.3,75300,423.0,372.8,479.1,5,65946,2.9,7.4,23.3,55.2,3.0,24.1,13.4,24.1,"","","","","",""
"A0543","Alameda","Dublin, Hayward, Pleasanton, Fremont, Union City","https://www.californiahealthmaps.org?address=A0543","Both","Lung",329730,49.3,41.7,57.9,181230,51.7,42.4,62.8,11250,"","","",46140,"","","",75300,50.8,33.3,75.1,5,65946,2.9,7.4,23.3,55.2,3.0,24.1,13.4,24.1,"","","","","",""
"A0543","Alameda","Dublin, Hayward, Pleasanton, Fremont, Union City","https://www.californiahealthmaps.org?address=A0543","Both","CRC",329730,45.3,38.2,53.3,181230,44.5,35.9,55.0,11250,"","","",46140,"","","",75300,43.3,28.1,65.1,5,65946,2.9,7.4,23.3,55.2,3.0,24.1,13.4,24.1,"","","","","",""
"A0543","Alameda","Dublin, Hayward, Pleasanton, Fremont, Union City","https://www.californiahealthmaps.org?address=A0543","Both","Mela",329730,32.4,26.5,39.3,181230,44.5,35.9,55.0,11250,"","","",46140,"","","",75300,"","","",5,65946,2.9,7.4,23.3,55.2,3.0,24.1,13.4,24.1,"","","","","",""
"A0543","Alameda","Dublin, Hayward, Pleasanton, Fremont, Union City","https://www.californiahealthmaps.org?address=A0543","Both","Lymph",329730,19.2,14.7,24.8,181230,16.8,11.7,23.9,11250,"","","",46140,"","","",75300,"","","",5,65946,2.9,7.4,23.3,55.2,3.0,24.1,13.4,24.1,"","","","","",""
"A0543","Alameda","Dublin, Hayward, Pleasanton, Fremont, Union City","https://www.californiahealthmaps.org?address=A0543","Both","Urinary",329730,9.0,6.0,13.2,181230,10.8,6.9,16.9,11250,"","","",46140,"","","",75300,"","","",5,65946,2.9,7.4,23.3,55.2,3.0,24.1,13.4,24.1,"","","","","",""
"A0543","Alameda","Dublin, Hayward, Pleasanton, Fremont, Union City","https://www.californiahealthmaps.org?address=A0543","Both","Kidney",329730,13.0,9.4,17.6,181230,13.2,8.9,19.7,11250,"","","",46140,"","","",75300,"","","",5,65946,2.9,7.4,23.3,55.2,3.0,24.1,13.4,24.1,"","","","","",""
"A0543","Alameda","Dublin, Hayward, Pleasanton, Fremont, Union City","https://www.californiahealthmaps.org?address=A0543","Both","Thyroid",329730,15.7,11.7,20.6,181230,12.6,8.2,19.0,11250,"","","",46140,"","","",75300,22.5,13.2,37.9,5,65946,2.9,7.4,23.3,55.2,3.0,24.1,13.4,24.1,"","","","","",""
"A0543","Alameda","Dublin, Hayward, Pleasanton, Fremont, Union City","https://www.californiahealthmaps.org?address=A0543","Both","Liver",329730,9.5,6.5,13.5,181230,8.2,5.0,13.4,11250,"","","",46140,"","","",75300,"","","",5,65946,2.9,7.4,23.3,55.2,3.0,24.1,13.4,24.1,"","","","","",""
"A0543","Alameda","Dublin, Hayward, Pleasanton, Fremont, Union City","https://www.californiahealthmaps.org?address=A0543","Both","Pancreas",329730,14.6,10.7,19.7,181230,16.3,11.4,23.2,11250,"","","",46140,"","","",75300,"","","",5,65946,2.9,7.4,23.3,55.2,3.0,24.1,13.4,24.1,"","","","","",""
