"Zone","Counties","Cities","URL","Sex","Cancer","PopTot","AAIR","LCI","UCI","White_PopTot","White_AAIR","White_LCI","White_UCI","Black_PopTot","Black_AAIR","Black_LCI","Black_UCI","Hispanic_PopTot","Hispanic_AAIR","Hispanic_LCI","Hispanic_UCI","Asian_PopTot","Asian_AAIR","Asian_LCI","Asian_UCI","QNSES","PopAll","PerRural","PerUninsured","PerForeignBorn","PerWhite","PerBlack","PerAsian","PerHispanic","PerAPI","PerDocvisit","PerFOBT","PerMammo","PerMenPrev","PerPap","PerWomenPrev"
"A0856","San Bernardino","Yucaipa, Big Bear Lake, Highland","https://www.californiahealthmaps.org?address=A0856","Male","AllSite",156585,490.6,457.2,526.0,107900,487.1,450.5,526.5,"","","","",37735,602.6,482.7,750.2,"","","","",2,62777,13.1,19.9,10.4,70.2,1.2,2.2,24.1,2.2,"","","","","",""
"A0856","San Bernardino","Yucaipa, Big Bear Lake, Highland","https://www.californiahealthmaps.org?address=A0856","Female","AllSite",157300,396.6,368.4,426.7,110300,403.5,371.4,438.3,"","","","",36645,353.1,280.9,442.6,"","","","",2,62777,13.1,19.9,10.4,70.2,1.2,2.2,24.1,2.2,"","","","","",""
"A0856","San Bernardino","Yucaipa, Big Bear Lake, Highland","https://www.californiahealthmaps.org?address=A0856","Male","Prostate",156585,121.2,105.3,139.1,107900,113.2,96.6,132.8,"","","","",37735,162.9,103.7,252.2,"","","","",2,62777,13.1,19.9,10.4,70.2,1.2,2.2,24.1,2.2,"","","","","",""
"A0856","San Bernardino","Yucaipa, Big Bear Lake, Highland","https://www.californiahealthmaps.org?address=A0856","Female","Breast",157300,117.5,102.4,134.5,110300,113.2,97.1,132.1,"","","","",36645,117.5,78.7,174.6,"","","","",2,62777,13.1,19.9,10.4,70.2,1.2,2.2,24.1,2.2,"","","","","",""
"A0856","San Bernardino","Yucaipa, Big Bear Lake, Highland","https://www.californiahealthmaps.org?address=A0856","Male","Lung",156585,43.7,34.2,55.4,107900,43.9,33.6,57.4,"","","","",37735,"","","","","","","",2,62777,13.1,19.9,10.4,70.2,1.2,2.2,24.1,2.2,"","","","","",""
"A0856","San Bernardino","Yucaipa, Big Bear Lake, Highland","https://www.californiahealthmaps.org?address=A0856","Female","Lung",157300,44.5,35.6,55.3,110300,49.3,39.2,62.3,"","","","",36645,"","","","","","","",2,62777,13.1,19.9,10.4,70.2,1.2,2.2,24.1,2.2,"","","","","",""
"A0856","San Bernardino","Yucaipa, Big Bear Lake, Highland","https://www.californiahealthmaps.org?address=A0856","Male","CRC",156585,50.4,40.1,62.9,107900,48.3,37.3,62.6,"","","","",37735,"","","","","","","",2,62777,13.1,19.9,10.4,70.2,1.2,2.2,24.1,2.2,"","","","","",""
"A0856","San Bernardino","Yucaipa, Big Bear Lake, Highland","https://www.californiahealthmaps.org?address=A0856","Female","CRC",157300,43.6,34.6,54.7,110300,45.9,35.5,59.2,"","","","",36645,"","","","","","","",2,62777,13.1,19.9,10.4,70.2,1.2,2.2,24.1,2.2,"","","","","",""
"A0856","San Bernardino","Yucaipa, Big Bear Lake, Highland","https://www.californiahealthmaps.org?address=A0856","Male","Mela",156585,33.5,25.1,44.2,107900,38.7,28.6,52.2,"","","","",37735,"","","","","","","",2,62777,13.1,19.9,10.4,70.2,1.2,2.2,24.1,2.2,"","","","","",""
"A0856","San Bernardino","Yucaipa, Big Bear Lake, Highland","https://www.californiahealthmaps.org?address=A0856","Female","Mela",157300,25.6,18.7,34.6,110300,31.3,22.4,43.3,"","","","",36645,"","","","","","","",2,62777,13.1,19.9,10.4,70.2,1.2,2.2,24.1,2.2,"","","","","",""
"A0856","San Bernardino","Yucaipa, Big Bear Lake, Highland","https://www.californiahealthmaps.org?address=A0856","Female","Uterine",157300,26.3,19.8,34.9,110300,25.1,18.2,35.0,"","","","",36645,"","","","","","","",2,62777,13.1,19.9,10.4,70.2,1.2,2.2,24.1,2.2,"","","","","",""
"A0856","San Bernardino","Yucaipa, Big Bear Lake, Highland","https://www.californiahealthmaps.org?address=A0856","Male","Lymph",156585,15.9,10.3,23.8,107900,14.5,8.8,23.7,"","","","",37735,"","","","","","","",2,62777,13.1,19.9,10.4,70.2,1.2,2.2,24.1,2.2,"","","","","",""
"A0856","San Bernardino","Yucaipa, Big Bear Lake, Highland","https://www.californiahealthmaps.org?address=A0856","Female","Lymph",157300,12.7,8.2,19.4,110300,13.0,7.9,21.4,"","","","",36645,"","","","","","","",2,62777,13.1,19.9,10.4,70.2,1.2,2.2,24.1,2.2,"","","","","",""
"A0856","San Bernardino","Yucaipa, Big Bear Lake, Highland","https://www.californiahealthmaps.org?address=A0856","Male","Urinary",156585,24.4,17.1,34.0,107900,26.4,18.4,37.8,"","","","",37735,"","","","","","","",2,62777,13.1,19.9,10.4,70.2,1.2,2.2,24.1,2.2,"","","","","",""
"A0856","San Bernardino","Yucaipa, Big Bear Lake, Highland","https://www.californiahealthmaps.org?address=A0856","Female","Urinary",157300,"","","",110300,"","","","","","","",36645,"","","","","","","",2,62777,13.1,19.9,10.4,70.2,1.2,2.2,24.1,2.2,"","","","","",""
"A0856","San Bernardino","Yucaipa, Big Bear Lake, Highland","https://www.californiahealthmaps.org?address=A0856","Male","Kidney",156585,22.2,15.6,31.0,107900,21.2,14.1,31.8,"","","","",37735,"","","","","","","",2,62777,13.1,19.9,10.4,70.2,1.2,2.2,24.1,2.2,"","","","","",""
"A0856","San Bernardino","Yucaipa, Big Bear Lake, Highland","https://www.californiahealthmaps.org?address=A0856","Female","Kidney",157300,"","","",110300,"","","","","","","",36645,"","","","","","","",2,62777,13.1,19.9,10.4,70.2,1.2,2.2,24.1,2.2,"","","","","",""
"A0856","San Bernardino","Yucaipa, Big Bear Lake, Highland","https://www.californiahealthmaps.org?address=A0856","Male","Thyroid",156585,"","","",107900,"","","","","","","",37735,"","","","","","","",2,62777,13.1,19.9,10.4,70.2,1.2,2.2,24.1,2.2,"","","","","",""
"A0856","San Bernardino","Yucaipa, Big Bear Lake, Highland","https://www.californiahealthmaps.org?address=A0856","Female","Thyroid",157300,14.0,8.9,21.3,110300,13.3,7.5,22.6,"","","","",36645,"","","","","","","",2,62777,13.1,19.9,10.4,70.2,1.2,2.2,24.1,2.2,"","","","","",""
"A0856","San Bernardino","Yucaipa, Big Bear Lake, Highland","https://www.californiahealthmaps.org?address=A0856","Male","Liver",156585,13.1,8.3,20.0,107900,10.6,5.9,18.8,"","","","",37735,"","","","","","","",2,62777,13.1,19.9,10.4,70.2,1.2,2.2,24.1,2.2,"","","","","",""
"A0856","San Bernardino","Yucaipa, Big Bear Lake, Highland","https://www.californiahealthmaps.org?address=A0856","Female","Liver",157300,"","","",110300,"","","","","","","",36645,"","","","","","","",2,62777,13.1,19.9,10.4,70.2,1.2,2.2,24.1,2.2,"","","","","",""
"A0856","San Bernardino","Yucaipa, Big Bear Lake, Highland","https://www.californiahealthmaps.org?address=A0856","Male","Pancreas",156585,21.2,14.9,29.8,107900,21.6,14.8,31.7,"","","","",37735,"","","","","","","",2,62777,13.1,19.9,10.4,70.2,1.2,2.2,24.1,2.2,"","","","","",""
"A0856","San Bernardino","Yucaipa, Big Bear Lake, Highland","https://www.californiahealthmaps.org?address=A0856","Female","Pancreas",157300,8.2,4.6,13.9,110300,"","","","","","","",36645,"","","","","","","",2,62777,13.1,19.9,10.4,70.2,1.2,2.2,24.1,2.2,"","","","","",""
"A0856","San Bernardino","Yucaipa, Big Bear Lake, Highland","https://www.californiahealthmaps.org?address=A0856","Both","AllSite",313885,437.4,415.9,459.9,218200,439.5,415.5,465.0,"","","","",74380,457.0,391.2,533.1,"","","","",2,62777,13.1,19.9,10.4,70.2,1.2,2.2,24.1,2.2,"","","","","",""
"A0856","San Bernardino","Yucaipa, Big Bear Lake, Highland","https://www.californiahealthmaps.org?address=A0856","Both","Lung",313885,43.8,37.3,51.3,218200,46.4,39.1,55.0,"","","","",74380,42.4,23.8,73.2,"","","","",2,62777,13.1,19.9,10.4,70.2,1.2,2.2,24.1,2.2,"","","","","",""
"A0856","San Bernardino","Yucaipa, Big Bear Lake, Highland","https://www.californiahealthmaps.org?address=A0856","Both","CRC",313885,47.2,40.2,55.2,218200,47.4,39.7,56.7,"","","","",74380,57.6,33.9,93.7,"","","","",2,62777,13.1,19.9,10.4,70.2,1.2,2.2,24.1,2.2,"","","","","",""
"A0856","San Bernardino","Yucaipa, Big Bear Lake, Highland","https://www.californiahealthmaps.org?address=A0856","Both","Mela",313885,29.0,23.5,35.4,218200,34.3,27.6,42.6,"","","","",74380,"","","","","","","",2,62777,13.1,19.9,10.4,70.2,1.2,2.2,24.1,2.2,"","","","","",""
"A0856","San Bernardino","Yucaipa, Big Bear Lake, Highland","https://www.californiahealthmaps.org?address=A0856","Both","Lymph",313885,14.1,10.4,18.8,218200,13.5,9.6,18.9,"","","","",74380,"","","","","","","",2,62777,13.1,19.9,10.4,70.2,1.2,2.2,24.1,2.2,"","","","","",""
"A0856","San Bernardino","Yucaipa, Big Bear Lake, Highland","https://www.californiahealthmaps.org?address=A0856","Both","Urinary",313885,11.6,8.3,15.9,218200,12.2,8.6,17.4,"","","","",74380,"","","","","","","",2,62777,13.1,19.9,10.4,70.2,1.2,2.2,24.1,2.2,"","","","","",""
"A0856","San Bernardino","Yucaipa, Big Bear Lake, Highland","https://www.californiahealthmaps.org?address=A0856","Both","Kidney",313885,13.0,9.5,17.5,218200,12.2,8.5,17.5,"","","","",74380,"","","","","","","",2,62777,13.1,19.9,10.4,70.2,1.2,2.2,24.1,2.2,"","","","","",""
"A0856","San Bernardino","Yucaipa, Big Bear Lake, Highland","https://www.californiahealthmaps.org?address=A0856","Both","Thyroid",313885,9.5,6.5,13.6,218200,9.1,5.7,14.3,"","","","",74380,"","","","","","","",2,62777,13.1,19.9,10.4,70.2,1.2,2.2,24.1,2.2,"","","","","",""
"A0856","San Bernardino","Yucaipa, Big Bear Lake, Highland","https://www.californiahealthmaps.org?address=A0856","Both","Liver",313885,8.0,5.4,11.6,218200,5.9,3.5,9.9,"","","","",74380,"","","","","","","",2,62777,13.1,19.9,10.4,70.2,1.2,2.2,24.1,2.2,"","","","","",""
"A0856","San Bernardino","Yucaipa, Big Bear Lake, Highland","https://www.californiahealthmaps.org?address=A0856","Both","Pancreas",313885,14.3,10.7,18.9,218200,14.4,10.5,19.8,"","","","",74380,"","","","","","","",2,62777,13.1,19.9,10.4,70.2,1.2,2.2,24.1,2.2,"","","","","",""
