"Zone","Counties","Cities","URL","Sex","Cancer","PopTot","AAIR","LCI","UCI","White_PopTot","White_AAIR","White_LCI","White_UCI","Black_PopTot","Black_AAIR","Black_LCI","Black_UCI","Hispanic_PopTot","Hispanic_AAIR","Hispanic_LCI","Hispanic_UCI","Asian_PopTot","Asian_AAIR","Asian_LCI","Asian_UCI","QNSES","PopAll","PerRural","PerUninsured","PerForeignBorn","PerWhite","PerBlack","PerAsian","PerHispanic","PerAPI","PerDocvisit","PerFOBT","PerMammo","PerMenPrev","PerPap","PerWomenPrev"
"A0545","Los Angeles","Los Angeles","https://www.californiahealthmaps.org?address=A0545","Male","AllSite",171250,489.4,452.5,528.9,84490,510.2,461.7,565.1,10015,694.5,497.3,986.2,48685,458.6,365.4,573.4,23140,372.3,295.7,466.5,3,65126,0.0,28.7,38.5,46.9,4.5,16.0,29.5,16.0,63.4,61.8,79.5,28.0,85.3,33.1
"A0545","Los Angeles","Los Angeles","https://www.californiahealthmaps.org?address=A0545","Female","AllSite",154380,357.8,329.1,388.9,70535,397.7,355.3,446.6,"","","","",44235,248.8,200.2,308.3,27745,328.3,266.1,406.3,3,65126,0.0,28.7,38.5,46.9,4.5,16.0,29.5,16.0,63.4,61.8,79.5,28.0,85.3,33.1
"A0545","Los Angeles","Los Angeles","https://www.californiahealthmaps.org?address=A0545","Male","Prostate",171250,103.7,87.3,122.8,84490,109.6,87.7,138.5,10015,177.7,95.6,367.3,48685,88.8,51.7,149.4,23140,"","","",3,65126,0.0,28.7,38.5,46.9,4.5,16.0,29.5,16.0,63.4,61.8,79.5,28.0,85.3,33.1
"A0545","Los Angeles","Los Angeles","https://www.californiahealthmaps.org?address=A0545","Female","Breast",154380,94.0,79.5,111.1,70535,114.6,91.9,144.5,"","","","",44235,"","","",27745,108.1,74.0,159.5,3,65126,0.0,28.7,38.5,46.9,4.5,16.0,29.5,16.0,63.4,61.8,79.5,28.0,85.3,33.1
"A0545","Los Angeles","Los Angeles","https://www.californiahealthmaps.org?address=A0545","Male","Lung",171250,56.5,43.9,72.0,84490,61.4,45.1,85.2,10015,"","","",48685,"","","",23140,"","","",3,65126,0.0,28.7,38.5,46.9,4.5,16.0,29.5,16.0,63.4,61.8,79.5,28.0,85.3,33.1
"A0545","Los Angeles","Los Angeles","https://www.californiahealthmaps.org?address=A0545","Female","Lung",154380,23.7,16.8,33.3,70535,28.1,17.7,46.6,"","","","",44235,"","","",27745,"","","",3,65126,0.0,28.7,38.5,46.9,4.5,16.0,29.5,16.0,63.4,61.8,79.5,28.0,85.3,33.1
"A0545","Los Angeles","Los Angeles","https://www.californiahealthmaps.org?address=A0545","Male","CRC",171250,52.7,40.7,67.7,84490,54.5,39.2,77.5,10015,"","","",48685,"","","",23140,"","","",3,65126,0.0,28.7,38.5,46.9,4.5,16.0,29.5,16.0,63.4,61.8,79.5,28.0,85.3,33.1
"A0545","Los Angeles","Los Angeles","https://www.californiahealthmaps.org?address=A0545","Female","CRC",154380,42.7,33.2,54.7,70535,43.3,30.2,64.0,"","","","",44235,38.2,21.0,67.6,27745,"","","",3,65126,0.0,28.7,38.5,46.9,4.5,16.0,29.5,16.0,63.4,61.8,79.5,28.0,85.3,33.1
"A0545","Los Angeles","Los Angeles","https://www.californiahealthmaps.org?address=A0545","Male","Mela",171250,14.1,8.7,22.5,84490,19.5,11.3,36.1,10015,"","","",48685,"","","",23140,"","","",3,65126,0.0,28.7,38.5,46.9,4.5,16.0,29.5,16.0,63.4,61.8,79.5,28.0,85.3,33.1
"A0545","Los Angeles","Los Angeles","https://www.californiahealthmaps.org?address=A0545","Female","Mela",154380,9.6,5.3,16.8,70535,"","","","","","","",44235,"","","",27745,"","","",3,65126,0.0,28.7,38.5,46.9,4.5,16.0,29.5,16.0,63.4,61.8,79.5,28.0,85.3,33.1
"A0545","Los Angeles","Los Angeles","https://www.californiahealthmaps.org?address=A0545","Female","Uterine",154380,20.2,14.0,29.0,70535,26.4,16.6,44.5,"","","","",44235,"","","",27745,"","","",3,65126,0.0,28.7,38.5,46.9,4.5,16.0,29.5,16.0,63.4,61.8,79.5,28.0,85.3,33.1
"A0545","Los Angeles","Los Angeles","https://www.californiahealthmaps.org?address=A0545","Male","Lymph",171250,20.2,13.5,29.9,84490,16.9,9.4,33.0,10015,"","","",48685,"","","",23140,"","","",3,65126,0.0,28.7,38.5,46.9,4.5,16.0,29.5,16.0,63.4,61.8,79.5,28.0,85.3,33.1
"A0545","Los Angeles","Los Angeles","https://www.californiahealthmaps.org?address=A0545","Female","Lymph",154380,16.6,10.8,25.1,70535,"","","","","","","",44235,"","","",27745,"","","",3,65126,0.0,28.7,38.5,46.9,4.5,16.0,29.5,16.0,63.4,61.8,79.5,28.0,85.3,33.1
"A0545","Los Angeles","Los Angeles","https://www.californiahealthmaps.org?address=A0545","Male","Urinary",171250,14.8,8.8,23.8,84490,"","","",10015,"","","",48685,"","","",23140,"","","",3,65126,0.0,28.7,38.5,46.9,4.5,16.0,29.5,16.0,63.4,61.8,79.5,28.0,85.3,33.1
"A0545","Los Angeles","Los Angeles","https://www.californiahealthmaps.org?address=A0545","Female","Urinary",154380,"","","",70535,"","","","","","","",44235,"","","",27745,"","","",3,65126,0.0,28.7,38.5,46.9,4.5,16.0,29.5,16.0,63.4,61.8,79.5,28.0,85.3,33.1
"A0545","Los Angeles","Los Angeles","https://www.californiahealthmaps.org?address=A0545","Male","Kidney",171250,23.4,15.9,33.8,84490,22.2,13.0,39.7,10015,"","","",48685,"","","",23140,"","","",3,65126,0.0,28.7,38.5,46.9,4.5,16.0,29.5,16.0,63.4,61.8,79.5,28.0,85.3,33.1
"A0545","Los Angeles","Los Angeles","https://www.californiahealthmaps.org?address=A0545","Female","Kidney",154380,8.7,4.8,15.5,70535,"","","","","","","",44235,"","","",27745,"","","",3,65126,0.0,28.7,38.5,46.9,4.5,16.0,29.5,16.0,63.4,61.8,79.5,28.0,85.3,33.1
"A0545","Los Angeles","Los Angeles","https://www.californiahealthmaps.org?address=A0545","Male","Thyroid",171250,"","","",84490,"","","",10015,"","","",48685,"","","",23140,"","","",3,65126,0.0,28.7,38.5,46.9,4.5,16.0,29.5,16.0,63.4,61.8,79.5,28.0,85.3,33.1
"A0545","Los Angeles","Los Angeles","https://www.californiahealthmaps.org?address=A0545","Female","Thyroid",154380,24.9,17.8,34.6,70535,21.3,12.0,39.2,"","","","",44235,"","","",27745,44.9,24.9,83.3,3,65126,0.0,28.7,38.5,46.9,4.5,16.0,29.5,16.0,63.4,61.8,79.5,28.0,85.3,33.1
"A0545","Los Angeles","Los Angeles","https://www.californiahealthmaps.org?address=A0545","Male","Liver",171250,17.5,11.2,26.7,84490,"","","",10015,"","","",48685,"","","",23140,"","","",3,65126,0.0,28.7,38.5,46.9,4.5,16.0,29.5,16.0,63.4,61.8,79.5,28.0,85.3,33.1
"A0545","Los Angeles","Los Angeles","https://www.californiahealthmaps.org?address=A0545","Female","Liver",154380,"","","",70535,"","","","","","","",44235,"","","",27745,"","","",3,65126,0.0,28.7,38.5,46.9,4.5,16.0,29.5,16.0,63.4,61.8,79.5,28.0,85.3,33.1
"A0545","Los Angeles","Los Angeles","https://www.californiahealthmaps.org?address=A0545","Male","Pancreas",171250,15.8,9.8,24.9,84490,"","","",10015,"","","",48685,"","","",23140,"","","",3,65126,0.0,28.7,38.5,46.9,4.5,16.0,29.5,16.0,63.4,61.8,79.5,28.0,85.3,33.1
"A0545","Los Angeles","Los Angeles","https://www.californiahealthmaps.org?address=A0545","Female","Pancreas",154380,10.9,6.1,18.7,70535,"","","","","","","",44235,"","","",27745,"","","",3,65126,0.0,28.7,38.5,46.9,4.5,16.0,29.5,16.0,63.4,61.8,79.5,28.0,85.3,33.1
"A0545","Los Angeles","Los Angeles","https://www.californiahealthmaps.org?address=A0545","Both","AllSite",325630,410.5,388.1,434.3,155025,445.3,413.7,480.1,16995,613.7,482.5,789.0,92920,317.9,273.2,369.6,50885,339.1,291.6,394.6,3,65126,0.0,28.7,38.5,46.9,4.5,16.0,29.5,16.0,63.4,61.8,79.5,28.0,85.3,33.1
"A0545","Los Angeles","Los Angeles","https://www.californiahealthmaps.org?address=A0545","Both","Lung",325630,37.2,30.5,45.3,155025,42.1,32.8,54.9,16995,"","","",92920,"","","",50885,"","","",3,65126,0.0,28.7,38.5,46.9,4.5,16.0,29.5,16.0,63.4,61.8,79.5,28.0,85.3,33.1
"A0545","Los Angeles","Los Angeles","https://www.californiahealthmaps.org?address=A0545","Both","CRC",325630,45.8,38.5,54.5,155025,47.0,37.2,60.4,16995,"","","",92920,42.2,26.9,65.2,50885,47.4,30.7,73.0,3,65126,0.0,28.7,38.5,46.9,4.5,16.0,29.5,16.0,63.4,61.8,79.5,28.0,85.3,33.1
"A0545","Los Angeles","Los Angeles","https://www.californiahealthmaps.org?address=A0545","Both","Mela",325630,12.0,8.4,17.1,155025,16.1,10.6,25.6,16995,"","","",92920,"","","",50885,"","","",3,65126,0.0,28.7,38.5,46.9,4.5,16.0,29.5,16.0,63.4,61.8,79.5,28.0,85.3,33.1
"A0545","Los Angeles","Los Angeles","https://www.californiahealthmaps.org?address=A0545","Both","Lymph",325630,18.2,13.7,24.0,155025,16.0,10.6,25.4,16995,"","","",92920,"","","",50885,"","","",3,65126,0.0,28.7,38.5,46.9,4.5,16.0,29.5,16.0,63.4,61.8,79.5,28.0,85.3,33.1
"A0545","Los Angeles","Los Angeles","https://www.californiahealthmaps.org?address=A0545","Both","Urinary",325630,8.5,5.5,12.8,155025,10.0,5.9,18.3,16995,"","","",92920,"","","",50885,"","","",3,65126,0.0,28.7,38.5,46.9,4.5,16.0,29.5,16.0,63.4,61.8,79.5,28.0,85.3,33.1
"A0545","Los Angeles","Los Angeles","https://www.californiahealthmaps.org?address=A0545","Both","Kidney",325630,15.7,11.5,21.2,155025,16.1,10.6,25.7,16995,"","","",92920,"","","",50885,"","","",3,65126,0.0,28.7,38.5,46.9,4.5,16.0,29.5,16.0,63.4,61.8,79.5,28.0,85.3,33.1
"A0545","Los Angeles","Los Angeles","https://www.californiahealthmaps.org?address=A0545","Both","Thyroid",325630,14.6,10.8,19.8,155025,13.7,8.6,22.9,16995,"","","",92920,"","","",50885,25.0,13.9,45.4,3,65126,0.0,28.7,38.5,46.9,4.5,16.0,29.5,16.0,63.4,61.8,79.5,28.0,85.3,33.1
"A0545","Los Angeles","Los Angeles","https://www.californiahealthmaps.org?address=A0545","Both","Liver",325630,13.0,9.2,18.3,155025,11.8,6.8,21.0,16995,"","","",92920,"","","",50885,"","","",3,65126,0.0,28.7,38.5,46.9,4.5,16.0,29.5,16.0,63.4,61.8,79.5,28.0,85.3,33.1
"A0545","Los Angeles","Los Angeles","https://www.californiahealthmaps.org?address=A0545","Both","Pancreas",325630,13.1,9.2,18.5,155025,12.9,7.9,22.0,16995,"","","",92920,"","","",50885,"","","",3,65126,0.0,28.7,38.5,46.9,4.5,16.0,29.5,16.0,63.4,61.8,79.5,28.0,85.3,33.1
