"Zone","Counties","Cities","URL","Sex","Cancer","PopTot","AAIR","LCI","UCI","White_PopTot","White_AAIR","White_LCI","White_UCI","Black_PopTot","Black_AAIR","Black_LCI","Black_UCI","Hispanic_PopTot","Hispanic_AAIR","Hispanic_LCI","Hispanic_UCI","Asian_PopTot","Asian_AAIR","Asian_LCI","Asian_UCI","QNSES","PopAll","PerRural","PerUninsured","PerForeignBorn","PerWhite","PerBlack","PerAsian","PerHispanic"
"A0347","Alameda","Oakland","https://www.californiahealthmaps.org?address=A0347","Male","AllSite",163715,461.5,430.9,494.1,93375,472.6,434.3,514.9,21680,473.8,382.8,584.7,14035,349.1,239.4,504.7,25425,345.6,281.0,423.9,5,69414,0.4,5.9,17.5,55.2,12.8,16.8,9.0
"A0347","Alameda","Oakland","https://www.californiahealthmaps.org?address=A0347","Female","AllSite",183355,428.9,401.8,457.7,99915,440.5,405.6,478.8,25360,447.8,371.6,538.6,16075,511.2,388.1,667.1,31890,373.7,314.4,445.6,5,69414,0.4,5.9,17.5,55.2,12.8,16.8,9.0
"A0347","Alameda","Oakland","https://www.californiahealthmaps.org?address=A0347","Male","Prostate",163715,122.6,108.0,139.3,93375,113.7,96.6,135.0,21680,170.2,122.1,237.9,14035,"","","",25425,70.9,44.3,112.0,5,69414,0.4,5.9,17.5,55.2,12.8,16.8,9.0
"A0347","Alameda","Oakland","https://www.californiahealthmaps.org?address=A0347","Female","Breast",183355,152.5,136.6,170.0,99915,165.0,143.9,189.7,25360,139.2,99.3,194.1,16075,"","","",31890,148.9,112.9,198.0,5,69414,0.4,5.9,17.5,55.2,12.8,16.8,9.0
"A0347","Alameda","Oakland","https://www.californiahealthmaps.org?address=A0347","Male","Lung",163715,34.7,26.5,45.2,93375,33.1,23.6,47.4,21680,"","","",14035,"","","",25425,"","","",5,69414,0.4,5.9,17.5,55.2,12.8,16.8,9.0
"A0347","Alameda","Oakland","https://www.californiahealthmaps.org?address=A0347","Female","Lung",183355,41.7,33.6,51.7,99915,41.0,31.0,54.9,25360,60.8,34.7,103.3,16075,"","","",31890,35.5,19.8,66.2,5,69414,0.4,5.9,17.5,55.2,12.8,16.8,9.0
"A0347","Alameda","Oakland","https://www.californiahealthmaps.org?address=A0347","Male","CRC",163715,34.9,26.6,45.3,93375,31.1,21.7,45.4,21680,"","","",14035,"","","",25425,"","","",5,69414,0.4,5.9,17.5,55.2,12.8,16.8,9.0
"A0347","Alameda","Oakland","https://www.californiahealthmaps.org?address=A0347","Female","CRC",183355,28.1,21.5,36.5,99915,29.3,20.7,41.8,25360,"","","",16075,"","","",31890,"","","",5,69414,0.4,5.9,17.5,55.2,12.8,16.8,9.0
"A0347","Alameda","Oakland","https://www.californiahealthmaps.org?address=A0347","Male","Mela",163715,45.6,36.1,57.4,93375,64.6,50.3,83.4,21680,"","","",14035,"","","",25425,"","","",5,69414,0.4,5.9,17.5,55.2,12.8,16.8,9.0
"A0347","Alameda","Oakland","https://www.californiahealthmaps.org?address=A0347","Female","Mela",183355,22.9,16.9,30.8,99915,34.9,25.0,48.9,25360,"","","",16075,"","","",31890,"","","",5,69414,0.4,5.9,17.5,55.2,12.8,16.8,9.0
"A0347","Alameda","Oakland","https://www.californiahealthmaps.org?address=A0347","Female","Uterine",183355,35.3,28.0,44.5,99915,36.8,27.6,49.8,25360,"","","",16075,"","","",31890,"","","",5,69414,0.4,5.9,17.5,55.2,12.8,16.8,9.0
"A0347","Alameda","Oakland","https://www.californiahealthmaps.org?address=A0347","Male","Lymph",163715,39.1,30.1,50.3,93375,43.2,31.7,59.6,21680,"","","",14035,"","","",25425,"","","",5,69414,0.4,5.9,17.5,55.2,12.8,16.8,9.0
"A0347","Alameda","Oakland","https://www.californiahealthmaps.org?address=A0347","Female","Lymph",183355,18.6,13.3,25.7,99915,20.6,13.9,31.4,25360,"","","",16075,"","","",31890,"","","",5,69414,0.4,5.9,17.5,55.2,12.8,16.8,9.0
"A0347","Alameda","Oakland","https://www.californiahealthmaps.org?address=A0347","Male","Urinary",163715,18.7,12.8,26.9,93375,19.1,12.0,31.3,21680,"","","",14035,"","","",25425,"","","",5,69414,0.4,5.9,17.5,55.2,12.8,16.8,9.0
"A0347","Alameda","Oakland","https://www.californiahealthmaps.org?address=A0347","Female","Urinary",183355,3.5,1.5,7.7,99915,"","","",25360,"","","",16075,"","","",31890,"","","",5,69414,0.4,5.9,17.5,55.2,12.8,16.8,9.0
"A0347","Alameda","Oakland","https://www.californiahealthmaps.org?address=A0347","Male","Kidney",163715,12.7,7.8,20.0,93375,12.6,6.9,23.7,21680,"","","",14035,"","","",25425,"","","",5,69414,0.4,5.9,17.5,55.2,12.8,16.8,9.0
"A0347","Alameda","Oakland","https://www.californiahealthmaps.org?address=A0347","Female","Kidney",183355,6.0,3.1,11.0,99915,"","","",25360,"","","",16075,"","","",31890,"","","",5,69414,0.4,5.9,17.5,55.2,12.8,16.8,9.0
"A0347","Alameda","Oakland","https://www.californiahealthmaps.org?address=A0347","Male","Thyroid",163715,7.7,4.4,13.5,93375,"","","",21680,"","","",14035,"","","",25425,"","","",5,69414,0.4,5.9,17.5,55.2,12.8,16.8,9.0
"A0347","Alameda","Oakland","https://www.californiahealthmaps.org?address=A0347","Female","Thyroid",183355,12.5,8.1,18.9,99915,12.3,6.7,22.4,25360,"","","",16075,"","","",31890,"","","",5,69414,0.4,5.9,17.5,55.2,12.8,16.8,9.0
"A0347","Alameda","Oakland","https://www.californiahealthmaps.org?address=A0347","Both","AllSite",347070,442.0,421.7,463.2,193290,452.7,427.0,480.3,47040,458.2,399.5,524.5,30110,440.9,354.6,545.5,57315,362.0,317.8,412.3,5,69414,0.4,5.9,17.5,55.2,12.8,16.8,9.0
"A0347","Alameda","Oakland","https://www.californiahealthmaps.org?address=A0347","Both","Lung",347070,38.5,32.6,45.3,193290,37.2,30.1,46.2,47040,61.7,40.3,91.7,30110,"","","",57315,36.3,23.4,56.1,5,69414,0.4,5.9,17.5,55.2,12.8,16.8,9.0
"A0347","Alameda","Oakland","https://www.californiahealthmaps.org?address=A0347","Both","CRC",347070,30.9,25.7,37.1,193290,29.5,23.2,37.9,47040,39.2,23.1,64.0,30110,"","","",57315,29.6,17.8,48.5,5,69414,0.4,5.9,17.5,55.2,12.8,16.8,9.0
"A0347","Alameda","Oakland","https://www.californiahealthmaps.org?address=A0347","Both","Mela",347070,33.2,27.7,39.7,193290,48.6,40.0,59.3,47040,"","","",30110,"","","",57315,"","","",5,69414,0.4,5.9,17.5,55.2,12.8,16.8,9.0
"A0347","Alameda","Oakland","https://www.californiahealthmaps.org?address=A0347","Both","Lymph",347070,27.8,22.7,33.8,193290,30.8,24.2,39.5,47040,"","","",30110,"","","",57315,"","","",5,69414,0.4,5.9,17.5,55.2,12.8,16.8,9.0
"A0347","Alameda","Oakland","https://www.californiahealthmaps.org?address=A0347","Both","Urinary",347070,9.9,7.1,13.8,193290,10.4,6.8,16.2,47040,"","","",30110,"","","",57315,"","","",5,69414,0.4,5.9,17.5,55.2,12.8,16.8,9.0
"A0347","Alameda","Oakland","https://www.californiahealthmaps.org?address=A0347","Both","Kidney",347070,9.1,6.2,12.9,193290,8.3,5.0,13.9,47040,"","","",30110,"","","",57315,"","","",5,69414,0.4,5.9,17.5,55.2,12.8,16.8,9.0
"A0347","Alameda","Oakland","https://www.californiahealthmaps.org?address=A0347","Both","Thyroid",347070,10.2,7.3,14.1,193290,11.2,7.3,17.4,47040,"","","",30110,"","","",57315,"","","",5,69414,0.4,5.9,17.5,55.2,12.8,16.8,9.0
