"Zone","Counties","Cities","URL","Sex","Cancer","PopTot","AAIR","LCI","UCI","White_PopTot","White_AAIR","White_LCI","White_UCI","Black_PopTot","Black_AAIR","Black_LCI","Black_UCI","Hispanic_PopTot","Hispanic_AAIR","Hispanic_LCI","Hispanic_UCI","Asian_PopTot","Asian_AAIR","Asian_LCI","Asian_UCI","QNSES","PopAll","PerRural","PerUninsured","PerForeignBorn","PerWhite","PerBlack","PerAsian","PerHispanic","PerAPI","PerDocvisit","PerFOBT","PerMammo","PerMenPrev","PerPap","PerWomenPrev"
"A1042","Los Angeles","Inglewood","https://www.californiahealthmaps.org?address=A1042","Male","AllSite",143770,447.4,409.2,488.8,"","","","",62925,479.5,431.1,533.1,73980,407.4,325.1,508.7,"","","","",2,60828,0.0,26.5,26.4,2.1,48.8,1.8,45.5,1.8,74.9,64.9,83.3,21.5,87.1,29.0
"A1042","Los Angeles","Inglewood","https://www.californiahealthmaps.org?address=A1042","Female","AllSite",160370,390.6,360.8,422.5,"","","","",80760,423.3,385.0,465.5,72040,284.0,232.7,346.6,"","","","",2,60828,0.0,26.5,26.4,2.1,48.8,1.8,45.5,1.8,74.9,64.9,83.3,21.5,87.1,29.0
"A1042","Los Angeles","Inglewood","https://www.californiahealthmaps.org?address=A1042","Male","Prostate",143770,142.4,121.3,166.7,"","","","",62925,154.5,128.4,185.7,73980,96.9,57.2,158.1,"","","","",2,60828,0.0,26.5,26.4,2.1,48.8,1.8,45.5,1.8,74.9,64.9,83.3,21.5,87.1,29.0
"A1042","Los Angeles","Inglewood","https://www.californiahealthmaps.org?address=A1042","Female","Breast",160370,127.8,111.1,146.6,"","","","",80760,150.0,127.8,176.1,72040,66.5,43.5,101.7,"","","","",2,60828,0.0,26.5,26.4,2.1,48.8,1.8,45.5,1.8,74.9,64.9,83.3,21.5,87.1,29.0
"A1042","Los Angeles","Inglewood","https://www.californiahealthmaps.org?address=A1042","Male","Lung",143770,54.8,41.7,71.2,"","","","",62925,61.3,44.7,83.5,73980,"","","","","","","",2,60828,0.0,26.5,26.4,2.1,48.8,1.8,45.5,1.8,74.9,64.9,83.3,21.5,87.1,29.0
"A1042","Los Angeles","Inglewood","https://www.californiahealthmaps.org?address=A1042","Female","Lung",160370,32.6,24.3,42.9,"","","","",80760,36.6,26.3,51.1,72040,"","","","","","","",2,60828,0.0,26.5,26.4,2.1,48.8,1.8,45.5,1.8,74.9,64.9,83.3,21.5,87.1,29.0
"A1042","Los Angeles","Inglewood","https://www.californiahealthmaps.org?address=A1042","Male","CRC",143770,40.6,29.6,54.9,"","","","",62925,40.4,27.3,59.3,73980,"","","","","","","",2,60828,0.0,26.5,26.4,2.1,48.8,1.8,45.5,1.8,74.9,64.9,83.3,21.5,87.1,29.0
"A1042","Los Angeles","Inglewood","https://www.californiahealthmaps.org?address=A1042","Female","CRC",160370,33.5,25.2,43.9,"","","","",80760,38.7,28.2,53.4,72040,"","","","","","","",2,60828,0.0,26.5,26.4,2.1,48.8,1.8,45.5,1.8,74.9,64.9,83.3,21.5,87.1,29.0
"A1042","Los Angeles","Inglewood","https://www.californiahealthmaps.org?address=A1042","Male","Mela",143770,"","","","","","","",62925,"","","",73980,"","","","","","","",2,60828,0.0,26.5,26.4,2.1,48.8,1.8,45.5,1.8,74.9,64.9,83.3,21.5,87.1,29.0
"A1042","Los Angeles","Inglewood","https://www.californiahealthmaps.org?address=A1042","Female","Mela",160370,"","","","","","","",80760,"","","",72040,"","","","","","","",2,60828,0.0,26.5,26.4,2.1,48.8,1.8,45.5,1.8,74.9,64.9,83.3,21.5,87.1,29.0
"A1042","Los Angeles","Inglewood","https://www.californiahealthmaps.org?address=A1042","Female","Uterine",160370,32.3,24.3,42.3,"","","","",80760,32.0,22.4,45.9,72040,"","","","","","","",2,60828,0.0,26.5,26.4,2.1,48.8,1.8,45.5,1.8,74.9,64.9,83.3,21.5,87.1,29.0
"A1042","Los Angeles","Inglewood","https://www.californiahealthmaps.org?address=A1042","Male","Lymph",143770,20.9,13.5,31.8,"","","","",62925,23.8,13.9,39.7,73980,"","","","","","","",2,60828,0.0,26.5,26.4,2.1,48.8,1.8,45.5,1.8,74.9,64.9,83.3,21.5,87.1,29.0
"A1042","Los Angeles","Inglewood","https://www.californiahealthmaps.org?address=A1042","Female","Lymph",160370,14.3,8.9,21.9,"","","","",80760,"","","",72040,"","","","","","","",2,60828,0.0,26.5,26.4,2.1,48.8,1.8,45.5,1.8,74.9,64.9,83.3,21.5,87.1,29.0
"A1042","Los Angeles","Inglewood","https://www.californiahealthmaps.org?address=A1042","Male","Urinary",143770,16.7,9.5,27.8,"","","","",62925,"","","",73980,"","","","","","","",2,60828,0.0,26.5,26.4,2.1,48.8,1.8,45.5,1.8,74.9,64.9,83.3,21.5,87.1,29.0
"A1042","Los Angeles","Inglewood","https://www.californiahealthmaps.org?address=A1042","Female","Urinary",160370,"","","","","","","",80760,"","","",72040,"","","","","","","",2,60828,0.0,26.5,26.4,2.1,48.8,1.8,45.5,1.8,74.9,64.9,83.3,21.5,87.1,29.0
"A1042","Los Angeles","Inglewood","https://www.californiahealthmaps.org?address=A1042","Male","Kidney",143770,14.5,8.5,24.0,"","","","",62925,"","","",73980,"","","","","","","",2,60828,0.0,26.5,26.4,2.1,48.8,1.8,45.5,1.8,74.9,64.9,83.3,21.5,87.1,29.0
"A1042","Los Angeles","Inglewood","https://www.californiahealthmaps.org?address=A1042","Female","Kidney",160370,13.0,8.1,20.1,"","","","",80760,13.8,8.0,24.1,72040,"","","","","","","",2,60828,0.0,26.5,26.4,2.1,48.8,1.8,45.5,1.8,74.9,64.9,83.3,21.5,87.1,29.0
"A1042","Los Angeles","Inglewood","https://www.californiahealthmaps.org?address=A1042","Male","Thyroid",143770,"","","","","","","",62925,"","","",73980,"","","","","","","",2,60828,0.0,26.5,26.4,2.1,48.8,1.8,45.5,1.8,74.9,64.9,83.3,21.5,87.1,29.0
"A1042","Los Angeles","Inglewood","https://www.californiahealthmaps.org?address=A1042","Female","Thyroid",160370,24.3,17.2,33.5,"","","","",80760,16.1,8.7,28.4,72040,33.3,20.0,58.8,"","","","",2,60828,0.0,26.5,26.4,2.1,48.8,1.8,45.5,1.8,74.9,64.9,83.3,21.5,87.1,29.0
"A1042","Los Angeles","Inglewood","https://www.californiahealthmaps.org?address=A1042","Male","Liver",143770,15.9,9.8,25.5,"","","","",62925,"","","",73980,"","","","","","","",2,60828,0.0,26.5,26.4,2.1,48.8,1.8,45.5,1.8,74.9,64.9,83.3,21.5,87.1,29.0
"A1042","Los Angeles","Inglewood","https://www.californiahealthmaps.org?address=A1042","Female","Liver",160370,"","","","","","","",80760,"","","",72040,"","","","","","","",2,60828,0.0,26.5,26.4,2.1,48.8,1.8,45.5,1.8,74.9,64.9,83.3,21.5,87.1,29.0
"A1042","Los Angeles","Inglewood","https://www.californiahealthmaps.org?address=A1042","Male","Pancreas",143770,17.1,10.2,27.6,"","","","",62925,"","","",73980,"","","","","","","",2,60828,0.0,26.5,26.4,2.1,48.8,1.8,45.5,1.8,74.9,64.9,83.3,21.5,87.1,29.0
"A1042","Los Angeles","Inglewood","https://www.californiahealthmaps.org?address=A1042","Female","Pancreas",160370,15.6,10.2,23.1,"","","","",80760,17.6,10.7,29.0,72040,"","","","","","","",2,60828,0.0,26.5,26.4,2.1,48.8,1.8,45.5,1.8,74.9,64.9,83.3,21.5,87.1,29.0
"A1042","Los Angeles","Inglewood","https://www.californiahealthmaps.org?address=A1042","Both","AllSite",304140,410.6,387.2,435.2,"","","","",143685,443.7,413.7,475.8,146020,329.8,284.5,382.0,"","","","",2,60828,0.0,26.5,26.4,2.1,48.8,1.8,45.5,1.8,74.9,64.9,83.3,21.5,87.1,29.0
"A1042","Los Angeles","Inglewood","https://www.californiahealthmaps.org?address=A1042","Both","Lung",304140,41.2,34.0,49.7,"","","","",143685,45.7,36.6,57.0,146020,25.4,14.0,44.7,"","","","",2,60828,0.0,26.5,26.4,2.1,48.8,1.8,45.5,1.8,74.9,64.9,83.3,21.5,87.1,29.0
"A1042","Los Angeles","Inglewood","https://www.californiahealthmaps.org?address=A1042","Both","CRC",304140,36.8,30.0,44.9,"","","","",143685,39.4,31.0,50.1,146020,26.3,14.7,45.7,"","","","",2,60828,0.0,26.5,26.4,2.1,48.8,1.8,45.5,1.8,74.9,64.9,83.3,21.5,87.1,29.0
"A1042","Los Angeles","Inglewood","https://www.californiahealthmaps.org?address=A1042","Both","Mela",304140,"","","","","","","",143685,"","","",146020,"","","","","","","",2,60828,0.0,26.5,26.4,2.1,48.8,1.8,45.5,1.8,74.9,64.9,83.3,21.5,87.1,29.0
"A1042","Los Angeles","Inglewood","https://www.californiahealthmaps.org?address=A1042","Both","Lymph",304140,17.0,12.5,22.8,"","","","",143685,18.1,12.1,26.6,146020,25.0,13.0,45.3,"","","","",2,60828,0.0,26.5,26.4,2.1,48.8,1.8,45.5,1.8,74.9,64.9,83.3,21.5,87.1,29.0
"A1042","Los Angeles","Inglewood","https://www.californiahealthmaps.org?address=A1042","Both","Urinary",304140,7.2,4.3,11.4,"","","","",143685,8.7,4.9,15.0,146020,"","","","","","","",2,60828,0.0,26.5,26.4,2.1,48.8,1.8,45.5,1.8,74.9,64.9,83.3,21.5,87.1,29.0
"A1042","Los Angeles","Inglewood","https://www.californiahealthmaps.org?address=A1042","Both","Kidney",304140,13.6,9.6,18.7,"","","","",143685,15.2,10.1,22.7,146020,"","","","","","","",2,60828,0.0,26.5,26.4,2.1,48.8,1.8,45.5,1.8,74.9,64.9,83.3,21.5,87.1,29.0
"A1042","Los Angeles","Inglewood","https://www.californiahealthmaps.org?address=A1042","Both","Thyroid",304140,15.1,10.9,20.5,"","","","",143685,12.1,7.2,19.6,146020,16.7,10.0,30.7,"","","","",2,60828,0.0,26.5,26.4,2.1,48.8,1.8,45.5,1.8,74.9,64.9,83.3,21.5,87.1,29.0
"A1042","Los Angeles","Inglewood","https://www.californiahealthmaps.org?address=A1042","Both","Liver",304140,9.0,5.9,13.3,"","","","",143685,8.3,4.9,14.2,146020,"","","","","","","",2,60828,0.0,26.5,26.4,2.1,48.8,1.8,45.5,1.8,74.9,64.9,83.3,21.5,87.1,29.0
"A1042","Los Angeles","Inglewood","https://www.californiahealthmaps.org?address=A1042","Both","Pancreas",304140,15.9,11.6,21.4,"","","","",143685,18.4,12.7,26.5,146020,"","","","","","","",2,60828,0.0,26.5,26.4,2.1,48.8,1.8,45.5,1.8,74.9,64.9,83.3,21.5,87.1,29.0
