"Zone","Counties","Cities","URL","Sex","Cancer","PopTot","AAIR","LCI","UCI","White_PopTot","White_AAIR","White_LCI","White_UCI","Black_PopTot","Black_AAIR","Black_LCI","Black_UCI","Hispanic_PopTot","Hispanic_AAIR","Hispanic_LCI","Hispanic_UCI","Asian_PopTot","Asian_AAIR","Asian_LCI","Asian_UCI","QNSES","PopAll","PerRural","PerUninsured","PerForeignBorn","PerWhite","PerBlack","PerAsian","PerHispanic","PerAPI","PerDocvisit","PerFOBT","PerMammo","PerMenPrev","PerPap","PerWomenPrev"
"A0576","Los Angeles","Los Angeles","https://www.californiahealthmaps.org?address=A0576","Male","AllSite",157115,478.3,446.4,512.4,80185,492.7,453.1,537.2,"","","","",34655,474.7,378.3,594.4,28815,360.8,286.2,453.0,4,65106,0.0,14.1,28.7,49.6,6.0,19.4,22.2,19.4,69.5,69.8,79.5,33.7,84.1,40.4
"A0576","Los Angeles","Los Angeles","https://www.californiahealthmaps.org?address=A0576","Female","AllSite",168415,420.3,392.2,450.4,82890,436.0,398.5,478.6,"","","","",38780,362.4,296.1,441.4,31895,364.1,301.2,440.1,4,65106,0.0,14.1,28.7,49.6,6.0,19.4,22.2,19.4,69.5,69.8,79.5,33.7,84.1,40.4
"A0576","Los Angeles","Los Angeles","https://www.californiahealthmaps.org?address=A0576","Male","Prostate",157115,102.7,88.6,118.9,80185,94.8,78.7,116.1,"","","","",34655,76.9,44.3,134.4,28815,78.0,46.8,127.9,4,65106,0.0,14.1,28.7,49.6,6.0,19.4,22.2,19.4,69.5,69.8,79.5,33.7,84.1,40.4
"A0576","Los Angeles","Los Angeles","https://www.californiahealthmaps.org?address=A0576","Female","Breast",168415,146.8,130.4,165.3,82890,149.6,128.2,176.2,"","","","",38780,126.0,87.8,177.4,31895,140.7,103.6,191.4,4,65106,0.0,14.1,28.7,49.6,6.0,19.4,22.2,19.4,69.5,69.8,79.5,33.7,84.1,40.4
"A0576","Los Angeles","Los Angeles","https://www.californiahealthmaps.org?address=A0576","Male","Lung",157115,45.8,36.2,57.6,80185,46.0,35.0,62.6,"","","","",34655,"","","",28815,"","","",4,65106,0.0,14.1,28.7,49.6,6.0,19.4,22.2,19.4,69.5,69.8,79.5,33.7,84.1,40.4
"A0576","Los Angeles","Los Angeles","https://www.californiahealthmaps.org?address=A0576","Female","Lung",168415,33.2,26.0,42.6,82890,39.7,30.4,54.7,"","","","",38780,"","","",31895,"","","",4,65106,0.0,14.1,28.7,49.6,6.0,19.4,22.2,19.4,69.5,69.8,79.5,33.7,84.1,40.4
"A0576","Los Angeles","Los Angeles","https://www.californiahealthmaps.org?address=A0576","Male","CRC",157115,49.1,39.2,61.2,80185,49.5,37.9,66.7,"","","","",34655,"","","",28815,"","","",4,65106,0.0,14.1,28.7,49.6,6.0,19.4,22.2,19.4,69.5,69.8,79.5,33.7,84.1,40.4
"A0576","Los Angeles","Los Angeles","https://www.californiahealthmaps.org?address=A0576","Female","CRC",168415,38.9,30.7,49.3,82890,38.0,27.4,54.6,"","","","",38780,"","","",31895,"","","",4,65106,0.0,14.1,28.7,49.6,6.0,19.4,22.2,19.4,69.5,69.8,79.5,33.7,84.1,40.4
"A0576","Los Angeles","Los Angeles","https://www.californiahealthmaps.org?address=A0576","Male","Mela",157115,28.4,21.0,38.2,80185,35.2,25.6,50.7,"","","","",34655,"","","",28815,"","","",4,65106,0.0,14.1,28.7,49.6,6.0,19.4,22.2,19.4,69.5,69.8,79.5,33.7,84.1,40.4
"A0576","Los Angeles","Los Angeles","https://www.californiahealthmaps.org?address=A0576","Female","Mela",168415,16.8,11.5,24.4,82890,25.7,16.3,41.5,"","","","",38780,"","","",31895,"","","",4,65106,0.0,14.1,28.7,49.6,6.0,19.4,22.2,19.4,69.5,69.8,79.5,33.7,84.1,40.4
"A0576","Los Angeles","Los Angeles","https://www.californiahealthmaps.org?address=A0576","Female","Uterine",168415,28.4,21.5,37.6,82890,26.8,19.0,40.5,"","","","",38780,"","","",31895,"","","",4,65106,0.0,14.1,28.7,49.6,6.0,19.4,22.2,19.4,69.5,69.8,79.5,33.7,84.1,40.4
"A0576","Los Angeles","Los Angeles","https://www.californiahealthmaps.org?address=A0576","Male","Lymph",157115,32.1,23.9,42.6,80185,36.7,25.6,54.0,"","","","",34655,"","","",28815,"","","",4,65106,0.0,14.1,28.7,49.6,6.0,19.4,22.2,19.4,69.5,69.8,79.5,33.7,84.1,40.4
"A0576","Los Angeles","Los Angeles","https://www.californiahealthmaps.org?address=A0576","Female","Lymph",168415,15.6,10.7,22.9,82890,14.0,8.6,26.0,"","","","",38780,"","","",31895,"","","",4,65106,0.0,14.1,28.7,49.6,6.0,19.4,22.2,19.4,69.5,69.8,79.5,33.7,84.1,40.4
"A0576","Los Angeles","Los Angeles","https://www.californiahealthmaps.org?address=A0576","Male","Urinary",157115,20.9,14.7,29.6,80185,23.1,15.6,36.9,"","","","",34655,"","","",28815,"","","",4,65106,0.0,14.1,28.7,49.6,6.0,19.4,22.2,19.4,69.5,69.8,79.5,33.7,84.1,40.4
"A0576","Los Angeles","Los Angeles","https://www.californiahealthmaps.org?address=A0576","Female","Urinary",168415,"","","",82890,"","","","","","","",38780,"","","",31895,"","","",4,65106,0.0,14.1,28.7,49.6,6.0,19.4,22.2,19.4,69.5,69.8,79.5,33.7,84.1,40.4
"A0576","Los Angeles","Los Angeles","https://www.californiahealthmaps.org?address=A0576","Male","Kidney",157115,21.2,15.0,29.8,80185,23.7,15.3,38.4,"","","","",34655,"","","",28815,"","","",4,65106,0.0,14.1,28.7,49.6,6.0,19.4,22.2,19.4,69.5,69.8,79.5,33.7,84.1,40.4
"A0576","Los Angeles","Los Angeles","https://www.californiahealthmaps.org?address=A0576","Female","Kidney",168415,9.6,5.9,15.7,82890,"","","","","","","",38780,"","","",31895,"","","",4,65106,0.0,14.1,28.7,49.6,6.0,19.4,22.2,19.4,69.5,69.8,79.5,33.7,84.1,40.4
"A0576","Los Angeles","Los Angeles","https://www.californiahealthmaps.org?address=A0576","Male","Thyroid",157115,8.9,5.0,15.3,80185,"","","","","","","",34655,"","","",28815,"","","",4,65106,0.0,14.1,28.7,49.6,6.0,19.4,22.2,19.4,69.5,69.8,79.5,33.7,84.1,40.4
"A0576","Los Angeles","Los Angeles","https://www.californiahealthmaps.org?address=A0576","Female","Thyroid",168415,26.1,18.9,35.7,82890,26.7,15.4,45.1,"","","","",38780,"","","",31895,47.2,26.9,82.4,4,65106,0.0,14.1,28.7,49.6,6.0,19.4,22.2,19.4,69.5,69.8,79.5,33.7,84.1,40.4
"A0576","Los Angeles","Los Angeles","https://www.californiahealthmaps.org?address=A0576","Male","Liver",157115,"","","",80185,"","","","","","","",34655,"","","",28815,"","","",4,65106,0.0,14.1,28.7,49.6,6.0,19.4,22.2,19.4,69.5,69.8,79.5,33.7,84.1,40.4
"A0576","Los Angeles","Los Angeles","https://www.californiahealthmaps.org?address=A0576","Female","Liver",168415,"","","",82890,"","","","","","","",38780,"","","",31895,"","","",4,65106,0.0,14.1,28.7,49.6,6.0,19.4,22.2,19.4,69.5,69.8,79.5,33.7,84.1,40.4
"A0576","Los Angeles","Los Angeles","https://www.californiahealthmaps.org?address=A0576","Male","Pancreas",157115,13.5,8.6,20.9,80185,12.8,7.4,25.0,"","","","",34655,"","","",28815,"","","",4,65106,0.0,14.1,28.7,49.6,6.0,19.4,22.2,19.4,69.5,69.8,79.5,33.7,84.1,40.4
"A0576","Los Angeles","Los Angeles","https://www.californiahealthmaps.org?address=A0576","Female","Pancreas",168415,10.8,6.8,17.3,82890,13.3,7.3,26.2,"","","","",38780,"","","",31895,"","","",4,65106,0.0,14.1,28.7,49.6,6.0,19.4,22.2,19.4,69.5,69.8,79.5,33.7,84.1,40.4
"A0576","Los Angeles","Los Angeles","https://www.californiahealthmaps.org?address=A0576","Both","AllSite",325530,443.3,422.3,465.3,163075,458.3,431.2,487.7,16930,516.5,374.3,705.4,73435,402.3,347.2,465.1,60710,354.8,307.5,408.7,4,65106,0.0,14.1,28.7,49.6,6.0,19.4,22.2,19.4,69.5,69.8,79.5,33.7,84.1,40.4
"A0576","Los Angeles","Los Angeles","https://www.californiahealthmaps.org?address=A0576","Both","Lung",325530,38.9,32.9,45.9,163075,42.7,35.4,52.6,16930,"","","",73435,"","","",60710,32.2,18.6,53.6,4,65106,0.0,14.1,28.7,49.6,6.0,19.4,22.2,19.4,69.5,69.8,79.5,33.7,84.1,40.4
"A0576","Los Angeles","Los Angeles","https://www.californiahealthmaps.org?address=A0576","Both","CRC",325530,43.0,36.7,50.4,163075,42.6,34.8,53.1,16930,"","","",73435,49.7,31.6,76.1,60710,34.4,20.6,55.8,4,65106,0.0,14.1,28.7,49.6,6.0,19.4,22.2,19.4,69.5,69.8,79.5,33.7,84.1,40.4
"A0576","Los Angeles","Los Angeles","https://www.californiahealthmaps.org?address=A0576","Both","Mela",325530,21.6,17.1,27.1,163075,29.1,22.5,38.6,16930,"","","",73435,"","","",60710,"","","",4,65106,0.0,14.1,28.7,49.6,6.0,19.4,22.2,19.4,69.5,69.8,79.5,33.7,84.1,40.4
"A0576","Los Angeles","Los Angeles","https://www.californiahealthmaps.org?address=A0576","Both","Lymph",325530,23.1,18.4,29.0,163075,24.7,18.4,33.8,16930,"","","",73435,"","","",60710,"","","",4,65106,0.0,14.1,28.7,49.6,6.0,19.4,22.2,19.4,69.5,69.8,79.5,33.7,84.1,40.4
"A0576","Los Angeles","Los Angeles","https://www.californiahealthmaps.org?address=A0576","Both","Urinary",325530,11.3,8.3,15.5,163075,12.9,9.1,19.7,16930,"","","",73435,"","","",60710,"","","",4,65106,0.0,14.1,28.7,49.6,6.0,19.4,22.2,19.4,69.5,69.8,79.5,33.7,84.1,40.4
"A0576","Los Angeles","Los Angeles","https://www.californiahealthmaps.org?address=A0576","Both","Kidney",325530,14.9,11.3,19.6,163075,15.6,10.9,23.4,16930,"","","",73435,"","","",60710,"","","",4,65106,0.0,14.1,28.7,49.6,6.0,19.4,22.2,19.4,69.5,69.8,79.5,33.7,84.1,40.4
"A0576","Los Angeles","Los Angeles","https://www.californiahealthmaps.org?address=A0576","Both","Thyroid",325530,17.8,13.5,23.2,163075,16.7,10.7,26.0,16930,"","","",73435,"","","",60710,30.3,18.2,49.7,4,65106,0.0,14.1,28.7,49.6,6.0,19.4,22.2,19.4,69.5,69.8,79.5,33.7,84.1,40.4
"A0576","Los Angeles","Los Angeles","https://www.californiahealthmaps.org?address=A0576","Both","Liver",325530,5.0,3.1,8.1,163075,"","","",16930,"","","",73435,"","","",60710,"","","",4,65106,0.0,14.1,28.7,49.6,6.0,19.4,22.2,19.4,69.5,69.8,79.5,33.7,84.1,40.4
"A0576","Los Angeles","Los Angeles","https://www.californiahealthmaps.org?address=A0576","Both","Pancreas",325530,12.1,8.8,16.4,163075,13.0,8.8,20.2,16930,"","","",73435,"","","",60710,"","","",4,65106,0.0,14.1,28.7,49.6,6.0,19.4,22.2,19.4,69.5,69.8,79.5,33.7,84.1,40.4
