"Zone","Counties","Cities","URL","Sex","Cancer","PopTot","AAIR","LCI","UCI","White_PopTot","White_AAIR","White_LCI","White_UCI","Black_PopTot","Black_AAIR","Black_LCI","Black_UCI","Hispanic_PopTot","Hispanic_AAIR","Hispanic_LCI","Hispanic_UCI","Asian_PopTot","Asian_AAIR","Asian_LCI","Asian_UCI","QNSES","PopAll","PerRural","PerUninsured","PerForeignBorn","PerWhite","PerBlack","PerAsian","PerHispanic","PerAPI","PerDocvisit","PerFOBT","PerMammo","PerMenPrev","PerPap","PerWomenPrev"
"A0813","Riverside","Temecula, Murrieta","https://www.californiahealthmaps.org?address=A0813","Male","AllSite",171830,549.8,508.0,594.4,90365,560.9,511.1,614.6,"","","","",47605,428.1,334.2,544.5,16645,413.2,292.1,587.6,4,69105,1.2,15.1,18.2,50.7,4.9,9.2,31.1,9.2,65.3,68.5,80.6,33.0,84.3,33.6
"A0813","Riverside","Temecula, Murrieta","https://www.californiahealthmaps.org?address=A0813","Female","AllSite",173695,460.3,427.3,495.4,91535,486.3,444.2,531.8,"","","","",47090,405.2,332.1,491.8,19720,317.9,233.1,436.6,4,69105,1.2,15.1,18.2,50.7,4.9,9.2,31.1,9.2,65.3,68.5,80.6,33.0,84.3,33.6
"A0813","Riverside","Temecula, Murrieta","https://www.californiahealthmaps.org?address=A0813","Male","Prostate",171830,135.1,115.4,157.8,90365,106.3,86.0,130.4,"","","","",47605,167.2,111.0,247.0,16645,"","","",4,69105,1.2,15.1,18.2,50.7,4.9,9.2,31.1,9.2,65.3,68.5,80.6,33.0,84.3,33.6
"A0813","Riverside","Temecula, Murrieta","https://www.californiahealthmaps.org?address=A0813","Female","Breast",173695,140.3,122.5,160.1,91535,149.6,126.9,175.7,"","","","",47090,111.8,76.0,161.6,19720,"","","",4,69105,1.2,15.1,18.2,50.7,4.9,9.2,31.1,9.2,65.3,68.5,80.6,33.0,84.3,33.6
"A0813","Riverside","Temecula, Murrieta","https://www.californiahealthmaps.org?address=A0813","Male","Lung",171830,56.7,43.4,73.3,90365,59.2,43.3,79.3,"","","","",47605,"","","",16645,"","","",4,69105,1.2,15.1,18.2,50.7,4.9,9.2,31.1,9.2,65.3,68.5,80.6,33.0,84.3,33.6
"A0813","Riverside","Temecula, Murrieta","https://www.californiahealthmaps.org?address=A0813","Female","Lung",173695,48.4,37.8,61.1,91535,54.2,40.8,71.1,"","","","",47090,"","","",19720,"","","",4,69105,1.2,15.1,18.2,50.7,4.9,9.2,31.1,9.2,65.3,68.5,80.6,33.0,84.3,33.6
"A0813","Riverside","Temecula, Murrieta","https://www.californiahealthmaps.org?address=A0813","Male","CRC",171830,58.8,45.8,74.9,90365,59.2,43.9,78.7,"","","","",47605,"","","",16645,"","","",4,69105,1.2,15.1,18.2,50.7,4.9,9.2,31.1,9.2,65.3,68.5,80.6,33.0,84.3,33.6
"A0813","Riverside","Temecula, Murrieta","https://www.californiahealthmaps.org?address=A0813","Female","CRC",173695,40.9,31.4,52.5,91535,39.9,28.7,54.8,"","","","",47090,"","","",19720,"","","",4,69105,1.2,15.1,18.2,50.7,4.9,9.2,31.1,9.2,65.3,68.5,80.6,33.0,84.3,33.6
"A0813","Riverside","Temecula, Murrieta","https://www.californiahealthmaps.org?address=A0813","Male","Mela",171830,43.7,32.6,57.9,90365,59.2,43.9,78.5,"","","","",47605,"","","",16645,"","","",4,69105,1.2,15.1,18.2,50.7,4.9,9.2,31.1,9.2,65.3,68.5,80.6,33.0,84.3,33.6
"A0813","Riverside","Temecula, Murrieta","https://www.californiahealthmaps.org?address=A0813","Female","Mela",173695,27.9,20.3,37.7,91535,41.0,29.4,56.2,"","","","",47090,"","","",19720,"","","",4,69105,1.2,15.1,18.2,50.7,4.9,9.2,31.1,9.2,65.3,68.5,80.6,33.0,84.3,33.6
"A0813","Riverside","Temecula, Murrieta","https://www.californiahealthmaps.org?address=A0813","Female","Uterine",173695,30.4,22.6,40.3,91535,29.2,19.8,42.3,"","","","",47090,"","","",19720,"","","",4,69105,1.2,15.1,18.2,50.7,4.9,9.2,31.1,9.2,65.3,68.5,80.6,33.0,84.3,33.6
"A0813","Riverside","Temecula, Murrieta","https://www.californiahealthmaps.org?address=A0813","Male","Lymph",171830,28.4,19.3,40.8,90365,29.3,18.6,44.4,"","","","",47605,"","","",16645,"","","",4,69105,1.2,15.1,18.2,50.7,4.9,9.2,31.1,9.2,65.3,68.5,80.6,33.0,84.3,33.6
"A0813","Riverside","Temecula, Murrieta","https://www.californiahealthmaps.org?address=A0813","Female","Lymph",173695,22.1,15.2,31.3,91535,26.3,17.3,39.1,"","","","",47090,"","","",19720,"","","",4,69105,1.2,15.1,18.2,50.7,4.9,9.2,31.1,9.2,65.3,68.5,80.6,33.0,84.3,33.6
"A0813","Riverside","Temecula, Murrieta","https://www.californiahealthmaps.org?address=A0813","Male","Urinary",171830,21.9,13.9,33.3,90365,25.9,15.8,40.3,"","","","",47605,"","","",16645,"","","",4,69105,1.2,15.1,18.2,50.7,4.9,9.2,31.1,9.2,65.3,68.5,80.6,33.0,84.3,33.6
"A0813","Riverside","Temecula, Murrieta","https://www.californiahealthmaps.org?address=A0813","Female","Urinary",173695,"","","",91535,"","","","","","","",47090,"","","",19720,"","","",4,69105,1.2,15.1,18.2,50.7,4.9,9.2,31.1,9.2,65.3,68.5,80.6,33.0,84.3,33.6
"A0813","Riverside","Temecula, Murrieta","https://www.californiahealthmaps.org?address=A0813","Male","Kidney",171830,22.0,14.5,32.6,90365,29.5,19.3,43.9,"","","","",47605,"","","",16645,"","","",4,69105,1.2,15.1,18.2,50.7,4.9,9.2,31.1,9.2,65.3,68.5,80.6,33.0,84.3,33.6
"A0813","Riverside","Temecula, Murrieta","https://www.californiahealthmaps.org?address=A0813","Female","Kidney",173695,10.9,6.4,17.4,91535,"","","","","","","",47090,"","","",19720,"","","",4,69105,1.2,15.1,18.2,50.7,4.9,9.2,31.1,9.2,65.3,68.5,80.6,33.0,84.3,33.6
"A0813","Riverside","Temecula, Murrieta","https://www.californiahealthmaps.org?address=A0813","Male","Thyroid",171830,10.7,5.8,18.7,90365,"","","","","","","",47605,"","","",16645,"","","",4,69105,1.2,15.1,18.2,50.7,4.9,9.2,31.1,9.2,65.3,68.5,80.6,33.0,84.3,33.6
"A0813","Riverside","Temecula, Murrieta","https://www.californiahealthmaps.org?address=A0813","Female","Thyroid",173695,19.3,13.2,27.6,91535,19.1,11.2,31.0,"","","","",47090,"","","",19720,"","","",4,69105,1.2,15.1,18.2,50.7,4.9,9.2,31.1,9.2,65.3,68.5,80.6,33.0,84.3,33.6
"A0813","Riverside","Temecula, Murrieta","https://www.californiahealthmaps.org?address=A0813","Male","Liver",171830,"","","",90365,"","","","","","","",47605,"","","",16645,"","","",4,69105,1.2,15.1,18.2,50.7,4.9,9.2,31.1,9.2,65.3,68.5,80.6,33.0,84.3,33.6
"A0813","Riverside","Temecula, Murrieta","https://www.californiahealthmaps.org?address=A0813","Female","Liver",173695,"","","",91535,"","","","","","","",47090,"","","",19720,"","","",4,69105,1.2,15.1,18.2,50.7,4.9,9.2,31.1,9.2,65.3,68.5,80.6,33.0,84.3,33.6
"A0813","Riverside","Temecula, Murrieta","https://www.californiahealthmaps.org?address=A0813","Male","Pancreas",171830,"","","",90365,"","","","","","","",47605,"","","",16645,"","","",4,69105,1.2,15.1,18.2,50.7,4.9,9.2,31.1,9.2,65.3,68.5,80.6,33.0,84.3,33.6
"A0813","Riverside","Temecula, Murrieta","https://www.californiahealthmaps.org?address=A0813","Female","Pancreas",173695,11.9,6.9,19.3,91535,"","","","","","","",47090,"","","",19720,"","","",4,69105,1.2,15.1,18.2,50.7,4.9,9.2,31.1,9.2,65.3,68.5,80.6,33.0,84.3,33.6
"A0813","Riverside","Temecula, Murrieta","https://www.californiahealthmaps.org?address=A0813","Both","AllSite",345525,494.7,468.8,521.8,181900,514.9,482.9,548.6,17935,736.3,545.0,1033.3,94695,406.3,348.7,472.3,36365,352.1,280.9,443.0,4,69105,1.2,15.1,18.2,50.7,4.9,9.2,31.1,9.2,65.3,68.5,80.6,33.0,84.3,33.6
"A0813","Riverside","Temecula, Murrieta","https://www.californiahealthmaps.org?address=A0813","Both","Lung",345525,51.8,43.3,61.5,181900,56.3,45.8,68.5,17935,"","","",94695,"","","",36365,"","","",4,69105,1.2,15.1,18.2,50.7,4.9,9.2,31.1,9.2,65.3,68.5,80.6,33.0,84.3,33.6
"A0813","Riverside","Temecula, Murrieta","https://www.californiahealthmaps.org?address=A0813","Both","CRC",345525,48.7,40.7,57.9,181900,48.6,39.2,59.9,17935,"","","",94695,41.0,23.7,67.6,36365,"","","",4,69105,1.2,15.1,18.2,50.7,4.9,9.2,31.1,9.2,65.3,68.5,80.6,33.0,84.3,33.6
"A0813","Riverside","Temecula, Murrieta","https://www.californiahealthmaps.org?address=A0813","Both","Mela",345525,34.5,28.0,42.3,181900,48.7,39.3,60.0,17935,"","","",94695,"","","",36365,"","","",4,69105,1.2,15.1,18.2,50.7,4.9,9.2,31.1,9.2,65.3,68.5,80.6,33.0,84.3,33.6
"A0813","Riverside","Temecula, Murrieta","https://www.californiahealthmaps.org?address=A0813","Both","Lymph",345525,24.9,19.2,31.9,181900,27.6,20.5,36.5,17935,"","","",94695,"","","",36365,"","","",4,69105,1.2,15.1,18.2,50.7,4.9,9.2,31.1,9.2,65.3,68.5,80.6,33.0,84.3,33.6
"A0813","Riverside","Temecula, Murrieta","https://www.californiahealthmaps.org?address=A0813","Both","Urinary",345525,10.1,6.5,15.0,181900,11.8,7.4,18.2,17935,"","","",94695,"","","",36365,"","","",4,69105,1.2,15.1,18.2,50.7,4.9,9.2,31.1,9.2,65.3,68.5,80.6,33.0,84.3,33.6
"A0813","Riverside","Temecula, Murrieta","https://www.californiahealthmaps.org?address=A0813","Both","Kidney",345525,15.6,11.4,21.0,181900,20.3,14.5,28.0,17935,"","","",94695,"","","",36365,"","","",4,69105,1.2,15.1,18.2,50.7,4.9,9.2,31.1,9.2,65.3,68.5,80.6,33.0,84.3,33.6
"A0813","Riverside","Temecula, Murrieta","https://www.californiahealthmaps.org?address=A0813","Both","Thyroid",345525,15.2,11.1,20.4,181900,14.9,9.7,21.9,17935,"","","",94695,"","","",36365,"","","",4,69105,1.2,15.1,18.2,50.7,4.9,9.2,31.1,9.2,65.3,68.5,80.6,33.0,84.3,33.6
"A0813","Riverside","Temecula, Murrieta","https://www.californiahealthmaps.org?address=A0813","Both","Liver",345525,6.3,3.7,10.2,181900,"","","",17935,"","","",94695,"","","",36365,"","","",4,69105,1.2,15.1,18.2,50.7,4.9,9.2,31.1,9.2,65.3,68.5,80.6,33.0,84.3,33.6
"A0813","Riverside","Temecula, Murrieta","https://www.californiahealthmaps.org?address=A0813","Both","Pancreas",345525,11.7,7.9,16.8,181900,8.5,4.8,14.1,17935,"","","",94695,"","","",36365,"","","",4,69105,1.2,15.1,18.2,50.7,4.9,9.2,31.1,9.2,65.3,68.5,80.6,33.0,84.3,33.6
