"Zone","Counties","Cities","URL","Sex","Cancer","PopTot","AAIR","LCI","UCI","White_PopTot","White_AAIR","White_LCI","White_UCI","Black_PopTot","Black_AAIR","Black_LCI","Black_UCI","Hispanic_PopTot","Hispanic_AAIR","Hispanic_LCI","Hispanic_UCI","Asian_PopTot","Asian_AAIR","Asian_LCI","Asian_UCI","QNSES","PopAll","PerRural","PerUninsured","PerForeignBorn","PerWhite","PerBlack","PerAsian","PerHispanic","PerAPI","PerDocvisit","PerFOBT","PerMammo","PerMenPrev","PerPap","PerWomenPrev"
"A0784","Contra Costa","Brentwood, Antioch","https://www.californiahealthmaps.org?address=A0784","Male","AllSite",164260,544.0,504.5,586.3,78930,569.8,519.8,624.3,21280,735.0,568.0,953.5,36160,513.6,399.3,662.8,19620,289.2,210.7,394.4,4,67154,3.0,8.9,19.0,47.5,12.7,11.6,22.4,11.6,"","","","","",""
"A0784","Contra Costa","Brentwood, Antioch","https://www.californiahealthmaps.org?address=A0784","Female","AllSite",171510,500.1,466.4,535.9,80090,495.9,452.4,543.6,23260,729.1,590.7,895.7,37935,448.3,366.2,546.1,21420,426.9,344.3,527.3,4,67154,3.0,8.9,19.0,47.5,12.7,11.6,22.4,11.6,"","","","","",""
"A0784","Contra Costa","Brentwood, Antioch","https://www.californiahealthmaps.org?address=A0784","Male","Prostate",164260,145.4,126.4,167.0,78930,147.6,124.2,175.4,21280,232.3,147.6,371.9,36160,104.8,61.8,186.0,19620,"","","",4,67154,3.0,8.9,19.0,47.5,12.7,11.6,22.4,11.6,"","","","","",""
"A0784","Contra Costa","Brentwood, Antioch","https://www.californiahealthmaps.org?address=A0784","Female","Breast",171510,153.4,135.4,173.5,80090,137.7,115.8,164.0,23260,249.4,175.6,351.3,37935,156.0,108.6,220.0,21420,150.2,105.6,212.4,4,67154,3.0,8.9,19.0,47.5,12.7,11.6,22.4,11.6,"","","","","",""
"A0784","Contra Costa","Brentwood, Antioch","https://www.californiahealthmaps.org?address=A0784","Male","Lung",164260,63.5,49.5,80.6,78930,69.6,52.4,91.8,21280,"","","",36160,"","","",19620,"","","",4,67154,3.0,8.9,19.0,47.5,12.7,11.6,22.4,11.6,"","","","","",""
"A0784","Contra Costa","Brentwood, Antioch","https://www.californiahealthmaps.org?address=A0784","Female","Lung",171510,61.6,49.6,75.8,80090,74.0,57.7,95.0,23260,"","","",37935,"","","",21420,"","","",4,67154,3.0,8.9,19.0,47.5,12.7,11.6,22.4,11.6,"","","","","",""
"A0784","Contra Costa","Brentwood, Antioch","https://www.californiahealthmaps.org?address=A0784","Male","CRC",164260,51.1,39.3,65.7,78930,53.1,38.6,72.4,21280,"","","",36160,"","","",19620,"","","",4,67154,3.0,8.9,19.0,47.5,12.7,11.6,22.4,11.6,"","","","","",""
"A0784","Contra Costa","Brentwood, Antioch","https://www.californiahealthmaps.org?address=A0784","Female","CRC",171510,47.2,37.2,59.3,80090,42.0,30.3,58.5,23260,107.1,57.3,189.0,37935,"","","",21420,"","","",4,67154,3.0,8.9,19.0,47.5,12.7,11.6,22.4,11.6,"","","","","",""
"A0784","Contra Costa","Brentwood, Antioch","https://www.californiahealthmaps.org?address=A0784","Male","Mela",164260,56.7,44.3,72.0,78930,80.8,62.4,104.0,21280,"","","",36160,"","","",19620,"","","",4,67154,3.0,8.9,19.0,47.5,12.7,11.6,22.4,11.6,"","","","","",""
"A0784","Contra Costa","Brentwood, Antioch","https://www.californiahealthmaps.org?address=A0784","Female","Mela",171510,23.3,16.6,32.2,80090,29.6,19.8,44.5,23260,"","","",37935,"","","",21420,"","","",4,67154,3.0,8.9,19.0,47.5,12.7,11.6,22.4,11.6,"","","","","",""
"A0784","Contra Costa","Brentwood, Antioch","https://www.californiahealthmaps.org?address=A0784","Female","Uterine",171510,28.7,21.2,38.3,80090,22.8,14.8,35.8,23260,"","","",37935,"","","",21420,"","","",4,67154,3.0,8.9,19.0,47.5,12.7,11.6,22.4,11.6,"","","","","",""
"A0784","Contra Costa","Brentwood, Antioch","https://www.californiahealthmaps.org?address=A0784","Male","Lymph",164260,23.2,15.3,34.2,78930,25.5,15.5,41.0,21280,"","","",36160,"","","",19620,"","","",4,67154,3.0,8.9,19.0,47.5,12.7,11.6,22.4,11.6,"","","","","",""
"A0784","Contra Costa","Brentwood, Antioch","https://www.californiahealthmaps.org?address=A0784","Female","Lymph",171510,22.8,16.0,31.8,80090,20.0,11.9,33.4,23260,"","","",37935,"","","",21420,"","","",4,67154,3.0,8.9,19.0,47.5,12.7,11.6,22.4,11.6,"","","","","",""
"A0784","Contra Costa","Brentwood, Antioch","https://www.californiahealthmaps.org?address=A0784","Male","Urinary",164260,21.0,13.3,32.0,78930,26.7,16.3,42.5,21280,"","","",36160,"","","",19620,"","","",4,67154,3.0,8.9,19.0,47.5,12.7,11.6,22.4,11.6,"","","","","",""
"A0784","Contra Costa","Brentwood, Antioch","https://www.californiahealthmaps.org?address=A0784","Female","Urinary",171510,"","","",80090,"","","",23260,"","","",37935,"","","",21420,"","","",4,67154,3.0,8.9,19.0,47.5,12.7,11.6,22.4,11.6,"","","","","",""
"A0784","Contra Costa","Brentwood, Antioch","https://www.californiahealthmaps.org?address=A0784","Male","Kidney",164260,26.0,18.4,36.4,78930,27.7,18.0,42.3,21280,"","","",36160,"","","",19620,"","","",4,67154,3.0,8.9,19.0,47.5,12.7,11.6,22.4,11.6,"","","","","",""
"A0784","Contra Costa","Brentwood, Antioch","https://www.californiahealthmaps.org?address=A0784","Female","Kidney",171510,12.3,7.5,19.4,80090,"","","",23260,"","","",37935,"","","",21420,"","","",4,67154,3.0,8.9,19.0,47.5,12.7,11.6,22.4,11.6,"","","","","",""
"A0784","Contra Costa","Brentwood, Antioch","https://www.californiahealthmaps.org?address=A0784","Male","Thyroid",164260,"","","",78930,"","","",21280,"","","",36160,"","","",19620,"","","",4,67154,3.0,8.9,19.0,47.5,12.7,11.6,22.4,11.6,"","","","","",""
"A0784","Contra Costa","Brentwood, Antioch","https://www.californiahealthmaps.org?address=A0784","Female","Thyroid",171510,16.2,11.0,23.6,80090,18.1,10.4,31.3,23260,"","","",37935,"","","",21420,"","","",4,67154,3.0,8.9,19.0,47.5,12.7,11.6,22.4,11.6,"","","","","",""
"A0784","Contra Costa","Brentwood, Antioch","https://www.californiahealthmaps.org?address=A0784","Male","Liver",164260,13.5,8.1,21.9,78930,"","","",21280,"","","",36160,"","","",19620,"","","",4,67154,3.0,8.9,19.0,47.5,12.7,11.6,22.4,11.6,"","","","","",""
"A0784","Contra Costa","Brentwood, Antioch","https://www.californiahealthmaps.org?address=A0784","Female","Liver",171510,"","","",80090,"","","",23260,"","","",37935,"","","",21420,"","","",4,67154,3.0,8.9,19.0,47.5,12.7,11.6,22.4,11.6,"","","","","",""
"A0784","Contra Costa","Brentwood, Antioch","https://www.californiahealthmaps.org?address=A0784","Male","Pancreas",164260,15.9,9.6,25.3,78930,16.7,9.1,29.7,21280,"","","",36160,"","","",19620,"","","",4,67154,3.0,8.9,19.0,47.5,12.7,11.6,22.4,11.6,"","","","","",""
"A0784","Contra Costa","Brentwood, Antioch","https://www.californiahealthmaps.org?address=A0784","Female","Pancreas",171510,23.7,16.7,33.0,80090,19.8,12.3,32.4,23260,"","","",37935,"","","",21420,"","","",4,67154,3.0,8.9,19.0,47.5,12.7,11.6,22.4,11.6,"","","","","",""
"A0784","Contra Costa","Brentwood, Antioch","https://www.californiahealthmaps.org?address=A0784","Both","AllSite",335770,517.2,491.6,543.8,159020,527.3,494.5,562.2,44540,733.8,625.8,859.4,74095,467.4,401.1,543.2,41040,363.1,304.9,431.2,4,67154,3.0,8.9,19.0,47.5,12.7,11.6,22.4,11.6,"","","","","",""
"A0784","Contra Costa","Brentwood, Antioch","https://www.californiahealthmaps.org?address=A0784","Both","Lung",335770,61.4,52.3,71.6,159020,70.9,59.0,85.0,44540,61.2,31.8,111.6,74095,"","","",41040,46.3,25.6,78.9,4,67154,3.0,8.9,19.0,47.5,12.7,11.6,22.4,11.6,"","","","","",""
"A0784","Contra Costa","Brentwood, Antioch","https://www.californiahealthmaps.org?address=A0784","Both","CRC",335770,48.6,41.0,57.4,159020,46.8,37.5,58.3,44540,78.3,45.0,132.1,74095,51.7,31.7,81.9,41040,"","","",4,67154,3.0,8.9,19.0,47.5,12.7,11.6,22.4,11.6,"","","","","",""
"A0784","Contra Costa","Brentwood, Antioch","https://www.californiahealthmaps.org?address=A0784","Both","Mela",335770,38.3,31.5,46.2,159020,53.6,43.3,66.1,44540,"","","",74095,"","","",41040,"","","",4,67154,3.0,8.9,19.0,47.5,12.7,11.6,22.4,11.6,"","","","","",""
"A0784","Contra Costa","Brentwood, Antioch","https://www.californiahealthmaps.org?address=A0784","Both","Lymph",335770,22.5,17.4,28.9,159020,22.1,15.6,30.9,44540,"","","",74095,"","","",41040,"","","",4,67154,3.0,8.9,19.0,47.5,12.7,11.6,22.4,11.6,"","","","","",""
"A0784","Contra Costa","Brentwood, Antioch","https://www.californiahealthmaps.org?address=A0784","Both","Urinary",335770,11.9,8.2,17.0,159020,15.4,10.1,23.2,44540,"","","",74095,"","","",41040,"","","",4,67154,3.0,8.9,19.0,47.5,12.7,11.6,22.4,11.6,"","","","","",""
"A0784","Contra Costa","Brentwood, Antioch","https://www.californiahealthmaps.org?address=A0784","Both","Kidney",335770,19.0,14.4,24.7,159020,19.4,13.7,27.5,44540,"","","",74095,"","","",41040,"","","",4,67154,3.0,8.9,19.0,47.5,12.7,11.6,22.4,11.6,"","","","","",""
"A0784","Contra Costa","Brentwood, Antioch","https://www.californiahealthmaps.org?address=A0784","Both","Thyroid",335770,10.3,7.2,14.6,159020,11.5,7.0,18.5,44540,"","","",74095,"","","",41040,"","","",4,67154,3.0,8.9,19.0,47.5,12.7,11.6,22.4,11.6,"","","","","",""
"A0784","Contra Costa","Brentwood, Antioch","https://www.californiahealthmaps.org?address=A0784","Both","Liver",335770,9.1,6.0,13.3,159020,"","","",44540,"","","",74095,"","","",41040,"","","",4,67154,3.0,8.9,19.0,47.5,12.7,11.6,22.4,11.6,"","","","","",""
"A0784","Contra Costa","Brentwood, Antioch","https://www.californiahealthmaps.org?address=A0784","Both","Pancreas",335770,20.2,15.3,26.2,159020,18.3,12.8,26.2,44540,"","","",74095,"","","",41040,"","","",4,67154,3.0,8.9,19.0,47.5,12.7,11.6,22.4,11.6,"","","","","",""
