"Zone","Counties","Cities","URL","Sex","Cancer","PopTot","AAIR","LCI","UCI","White_PopTot","White_AAIR","White_LCI","White_UCI","Black_PopTot","Black_AAIR","Black_LCI","Black_UCI","Hispanic_PopTot","Hispanic_AAIR","Hispanic_LCI","Hispanic_UCI","Asian_PopTot","Asian_AAIR","Asian_LCI","Asian_UCI","QNSES","PopAll","PerRural","PerUninsured","PerForeignBorn","PerWhite","PerBlack","PerAsian","PerHispanic","PerAPI","PerDocvisit","PerFOBT","PerMammo","PerMenPrev","PerPap","PerWomenPrev"
"A1073","Kern","Bakersfield","https://www.californiahealthmaps.org?address=A1073","Male","AllSite",155110,451.4,413.5,492.0,49865,475.3,424.2,532.7,"","","","",93120,413.2,342.8,498.5,"","","","",1,63168,1.3,21.2,18.3,31.9,2.5,2.6,61.0,2.6,"","","","","",""
"A1073","Kern","Bakersfield","https://www.californiahealthmaps.org?address=A1073","Female","AllSite",160730,410.5,378.2,445.0,53460,394.8,351.7,444.1,"","","","",93800,408.7,349.8,477.2,"","","","",1,63168,1.3,21.2,18.3,31.9,2.5,2.6,61.0,2.6,"","","","","",""
"A1073","Kern","Bakersfield","https://www.californiahealthmaps.org?address=A1073","Male","Prostate",155110,99.5,82.4,119.4,49865,105.8,83.5,134.8,"","","","",93120,76.3,49.1,119.8,"","","","",1,63168,1.3,21.2,18.3,31.9,2.5,2.6,61.0,2.6,"","","","","",""
"A1073","Kern","Bakersfield","https://www.californiahealthmaps.org?address=A1073","Female","Breast",160730,120.5,103.2,140.1,53460,126.5,102.6,157.1,"","","","",93800,91.6,65.9,127.5,"","","","",1,63168,1.3,21.2,18.3,31.9,2.5,2.6,61.0,2.6,"","","","","",""
"A1073","Kern","Bakersfield","https://www.californiahealthmaps.org?address=A1073","Male","Lung",155110,47.1,35.2,62.0,49865,51.8,36.5,74.1,"","","","",93120,"","","","","","","",1,63168,1.3,21.2,18.3,31.9,2.5,2.6,61.0,2.6,"","","","","",""
"A1073","Kern","Bakersfield","https://www.californiahealthmaps.org?address=A1073","Female","Lung",160730,47.8,37.2,60.6,53460,58.6,44.3,79.6,"","","","",93800,"","","","","","","",1,63168,1.3,21.2,18.3,31.9,2.5,2.6,61.0,2.6,"","","","","",""
"A1073","Kern","Bakersfield","https://www.californiahealthmaps.org?address=A1073","Male","CRC",155110,44.7,33.3,59.1,49865,47.8,33.0,69.8,"","","","",93120,29.3,15.2,60.7,"","","","",1,63168,1.3,21.2,18.3,31.9,2.5,2.6,61.0,2.6,"","","","","",""
"A1073","Kern","Bakersfield","https://www.californiahealthmaps.org?address=A1073","Female","CRC",160730,33.1,24.5,44.1,53460,24.6,15.5,41.1,"","","","",93800,40.6,24.8,67.2,"","","","",1,63168,1.3,21.2,18.3,31.9,2.5,2.6,61.0,2.6,"","","","","",""
"A1073","Kern","Bakersfield","https://www.californiahealthmaps.org?address=A1073","Male","Mela",155110,16.2,9.6,25.9,49865,25.4,14.4,44.2,"","","","",93120,"","","","","","","",1,63168,1.3,21.2,18.3,31.9,2.5,2.6,61.0,2.6,"","","","","",""
"A1073","Kern","Bakersfield","https://www.californiahealthmaps.org?address=A1073","Female","Mela",160730,16.0,10.1,24.4,53460,21.1,11.3,39.1,"","","","",93800,"","","","","","","",1,63168,1.3,21.2,18.3,31.9,2.5,2.6,61.0,2.6,"","","","","",""
"A1073","Kern","Bakersfield","https://www.californiahealthmaps.org?address=A1073","Female","Uterine",160730,28.7,20.7,39.0,53460,29.9,18.3,49.3,"","","","",93800,31.5,17.4,56.8,"","","","",1,63168,1.3,21.2,18.3,31.9,2.5,2.6,61.0,2.6,"","","","","",""
"A1073","Kern","Bakersfield","https://www.californiahealthmaps.org?address=A1073","Male","Lymph",155110,19.3,12.3,29.2,49865,"","","","","","","",93120,"","","","","","","",1,63168,1.3,21.2,18.3,31.9,2.5,2.6,61.0,2.6,"","","","","",""
"A1073","Kern","Bakersfield","https://www.californiahealthmaps.org?address=A1073","Female","Lymph",160730,17.9,11.7,26.4,53460,"","","","","","","",93800,34.7,18.3,63.1,"","","","",1,63168,1.3,21.2,18.3,31.9,2.5,2.6,61.0,2.6,"","","","","",""
"A1073","Kern","Bakersfield","https://www.californiahealthmaps.org?address=A1073","Male","Urinary",155110,18.8,11.8,28.9,49865,18.8,10.5,34.6,"","","","",93120,"","","","","","","",1,63168,1.3,21.2,18.3,31.9,2.5,2.6,61.0,2.6,"","","","","",""
"A1073","Kern","Bakersfield","https://www.californiahealthmaps.org?address=A1073","Female","Urinary",160730,"","","",53460,"","","","","","","",93800,"","","","","","","",1,63168,1.3,21.2,18.3,31.9,2.5,2.6,61.0,2.6,"","","","","",""
"A1073","Kern","Bakersfield","https://www.californiahealthmaps.org?address=A1073","Male","Kidney",155110,34.4,24.7,47.0,49865,33.5,20.4,54.3,"","","","",93120,35.1,18.9,68.5,"","","","",1,63168,1.3,21.2,18.3,31.9,2.5,2.6,61.0,2.6,"","","","","",""
"A1073","Kern","Bakersfield","https://www.californiahealthmaps.org?address=A1073","Female","Kidney",160730,16.5,10.6,24.8,53460,"","","","","","","",93800,"","","","","","","",1,63168,1.3,21.2,18.3,31.9,2.5,2.6,61.0,2.6,"","","","","",""
"A1073","Kern","Bakersfield","https://www.californiahealthmaps.org?address=A1073","Male","Thyroid",155110,"","","",49865,"","","","","","","",93120,"","","","","","","",1,63168,1.3,21.2,18.3,31.9,2.5,2.6,61.0,2.6,"","","","","",""
"A1073","Kern","Bakersfield","https://www.californiahealthmaps.org?address=A1073","Female","Thyroid",160730,19.8,13.3,28.7,53460,"","","","","","","",93800,22.9,13.4,43.2,"","","","",1,63168,1.3,21.2,18.3,31.9,2.5,2.6,61.0,2.6,"","","","","",""
"A1073","Kern","Bakersfield","https://www.californiahealthmaps.org?address=A1073","Male","Liver",155110,"","","",49865,"","","","","","","",93120,"","","","","","","",1,63168,1.3,21.2,18.3,31.9,2.5,2.6,61.0,2.6,"","","","","",""
"A1073","Kern","Bakersfield","https://www.californiahealthmaps.org?address=A1073","Female","Liver",160730,"","","",53460,"","","","","","","",93800,"","","","","","","",1,63168,1.3,21.2,18.3,31.9,2.5,2.6,61.0,2.6,"","","","","",""
"A1073","Kern","Bakersfield","https://www.californiahealthmaps.org?address=A1073","Male","Pancreas",155110,14.8,8.6,24.1,49865,"","","","","","","",93120,"","","","","","","",1,63168,1.3,21.2,18.3,31.9,2.5,2.6,61.0,2.6,"","","","","",""
"A1073","Kern","Bakersfield","https://www.californiahealthmaps.org?address=A1073","Female","Pancreas",160730,11.4,6.6,18.7,53460,"","","","","","","",93800,"","","","","","","",1,63168,1.3,21.2,18.3,31.9,2.5,2.6,61.0,2.6,"","","","","",""
"A1073","Kern","Bakersfield","https://www.californiahealthmaps.org?address=A1073","Both","AllSite",315840,425.5,401.0,451.2,103325,428.8,395.7,464.9,10570,650.4,449.5,919.6,186920,405.8,360.6,456.7,"","","","",1,63168,1.3,21.2,18.3,31.9,2.5,2.6,61.0,2.6,"","","","","",""
"A1073","Kern","Bakersfield","https://www.californiahealthmaps.org?address=A1073","Both","Lung",315840,47.6,39.6,56.9,103325,55.4,44.8,69.2,10570,"","","",186920,33.6,19.6,55.1,"","","","",1,63168,1.3,21.2,18.3,31.9,2.5,2.6,61.0,2.6,"","","","","",""
"A1073","Kern","Bakersfield","https://www.californiahealthmaps.org?address=A1073","Both","CRC",315840,37.8,30.8,46.1,103325,34.5,26.0,46.3,10570,"","","",186920,35.4,24.2,52.8,"","","","",1,63168,1.3,21.2,18.3,31.9,2.5,2.6,61.0,2.6,"","","","","",""
"A1073","Kern","Bakersfield","https://www.californiahealthmaps.org?address=A1073","Both","Mela",315840,16.1,11.5,21.9,103325,23.0,15.4,34.2,10570,"","","",186920,"","","","","","","",1,63168,1.3,21.2,18.3,31.9,2.5,2.6,61.0,2.6,"","","","","",""
"A1073","Kern","Bakersfield","https://www.californiahealthmaps.org?address=A1073","Both","Lymph",315840,18.9,14.0,25.1,103325,14.3,8.7,23.6,10570,"","","",186920,25.3,15.1,42.1,"","","","",1,63168,1.3,21.2,18.3,31.9,2.5,2.6,61.0,2.6,"","","","","",""
"A1073","Kern","Bakersfield","https://www.californiahealthmaps.org?address=A1073","Both","Urinary",315840,12.0,8.2,17.0,103325,11.2,6.9,19.2,10570,"","","",186920,"","","","","","","",1,63168,1.3,21.2,18.3,31.9,2.5,2.6,61.0,2.6,"","","","","",""
"A1073","Kern","Bakersfield","https://www.californiahealthmaps.org?address=A1073","Both","Kidney",315840,24.7,19.1,31.6,103325,23.5,15.8,34.9,10570,"","","",186920,25.9,16.5,41.7,"","","","",1,63168,1.3,21.2,18.3,31.9,2.5,2.6,61.0,2.6,"","","","","",""
"A1073","Kern","Bakersfield","https://www.californiahealthmaps.org?address=A1073","Both","Thyroid",315840,13.5,9.6,18.7,103325,13.8,7.6,24.1,10570,"","","",186920,12.8,7.7,24.4,"","","","",1,63168,1.3,21.2,18.3,31.9,2.5,2.6,61.0,2.6,"","","","","",""
"A1073","Kern","Bakersfield","https://www.californiahealthmaps.org?address=A1073","Both","Liver",315840,6.7,3.9,10.7,103325,"","","",10570,"","","",186920,"","","","","","","",1,63168,1.3,21.2,18.3,31.9,2.5,2.6,61.0,2.6,"","","","","",""
"A1073","Kern","Bakersfield","https://www.californiahealthmaps.org?address=A1073","Both","Pancreas",315840,13.0,9.0,18.3,103325,12.6,7.7,21.1,10570,"","","",186920,"","","","","","","",1,63168,1.3,21.2,18.3,31.9,2.5,2.6,61.0,2.6,"","","","","",""
