"Zone","Counties","Cities","URL","Sex","Cancer","PopTot","AAIR","LCI","UCI","White_PopTot","White_AAIR","White_LCI","White_UCI","Black_PopTot","Black_AAIR","Black_LCI","Black_UCI","Hispanic_PopTot","Hispanic_AAIR","Hispanic_LCI","Hispanic_UCI","Asian_PopTot","Asian_AAIR","Asian_LCI","Asian_UCI","QNSES","PopAll","PerRural","PerUninsured","PerForeignBorn","PerWhite","PerBlack","PerAsian","PerHispanic","PerAPI","PerDocvisit","PerFOBT","PerMammo","PerMenPrev","PerPap","PerWomenPrev"
"A0216","Ventura","Oxnard","https://www.californiahealthmaps.org?address=A0216","Male","AllSite",148920,395.9,354.8,441.0,"","","","","","","","",132795,329.5,285.9,379.0,"","","","",1,57706,0.0,30.5,44.8,6.1,2.2,3.1,87.6,3.1,58.9,55.6,78.6,22.6,84.0,22.8
"A0216","Ventura","Oxnard","https://www.californiahealthmaps.org?address=A0216","Female","AllSite",139610,377.5,340.9,417.3,"","","","","","","","",122770,332.4,292.3,377.1,"","","","",1,57706,0.0,30.5,44.8,6.1,2.2,3.1,87.6,3.1,58.9,55.6,78.6,22.6,84.0,22.8
"A0216","Ventura","Oxnard","https://www.californiahealthmaps.org?address=A0216","Male","Prostate",148920,97.7,77.4,122.2,"","","","","","","","",132795,86.7,64.2,115.5,"","","","",1,57706,0.0,30.5,44.8,6.1,2.2,3.1,87.6,3.1,58.9,55.6,78.6,22.6,84.0,22.8
"A0216","Ventura","Oxnard","https://www.californiahealthmaps.org?address=A0216","Female","Breast",139610,100.5,82.1,122.0,"","","","","","","","",122770,90.1,69.7,115.4,"","","","",1,57706,0.0,30.5,44.8,6.1,2.2,3.1,87.6,3.1,58.9,55.6,78.6,22.6,84.0,22.8
"A0216","Ventura","Oxnard","https://www.californiahealthmaps.org?address=A0216","Male","Lung",148920,42.9,29.5,60.8,"","","","","","","","",132795,28.3,15.6,48.1,"","","","",1,57706,0.0,30.5,44.8,6.1,2.2,3.1,87.6,3.1,58.9,55.6,78.6,22.6,84.0,22.8
"A0216","Ventura","Oxnard","https://www.californiahealthmaps.org?address=A0216","Female","Lung",139610,32.4,22.1,46.1,"","","","","","","","",122770,"","","","","","","",1,57706,0.0,30.5,44.8,6.1,2.2,3.1,87.6,3.1,58.9,55.6,78.6,22.6,84.0,22.8
"A0216","Ventura","Oxnard","https://www.californiahealthmaps.org?address=A0216","Male","CRC",148920,36.4,24.8,52.2,"","","","","","","","",132795,34.2,21.2,53.7,"","","","",1,57706,0.0,30.5,44.8,6.1,2.2,3.1,87.6,3.1,58.9,55.6,78.6,22.6,84.0,22.8
"A0216","Ventura","Oxnard","https://www.californiahealthmaps.org?address=A0216","Female","CRC",139610,37.6,26.6,51.8,"","","","","","","","",122770,28.4,18.0,43.9,"","","","",1,57706,0.0,30.5,44.8,6.1,2.2,3.1,87.6,3.1,58.9,55.6,78.6,22.6,84.0,22.8
"A0216","Ventura","Oxnard","https://www.californiahealthmaps.org?address=A0216","Male","Mela",148920,"","","","","","","","","","","",132795,"","","","","","","",1,57706,0.0,30.5,44.8,6.1,2.2,3.1,87.6,3.1,58.9,55.6,78.6,22.6,84.0,22.8
"A0216","Ventura","Oxnard","https://www.californiahealthmaps.org?address=A0216","Female","Mela",139610,"","","","","","","","","","","",122770,"","","","","","","",1,57706,0.0,30.5,44.8,6.1,2.2,3.1,87.6,3.1,58.9,55.6,78.6,22.6,84.0,22.8
"A0216","Ventura","Oxnard","https://www.californiahealthmaps.org?address=A0216","Female","Uterine",139610,31.8,22.2,44.6,"","","","","","","","",122770,34.5,23.2,50.5,"","","","",1,57706,0.0,30.5,44.8,6.1,2.2,3.1,87.6,3.1,58.9,55.6,78.6,22.6,84.0,22.8
"A0216","Ventura","Oxnard","https://www.californiahealthmaps.org?address=A0216","Male","Lymph",148920,16.3,9.0,28.0,"","","","","","","","",132795,"","","","","","","",1,57706,0.0,30.5,44.8,6.1,2.2,3.1,87.6,3.1,58.9,55.6,78.6,22.6,84.0,22.8
"A0216","Ventura","Oxnard","https://www.californiahealthmaps.org?address=A0216","Female","Lymph",139610,20.0,12.1,31.3,"","","","","","","","",122770,"","","","","","","",1,57706,0.0,30.5,44.8,6.1,2.2,3.1,87.6,3.1,58.9,55.6,78.6,22.6,84.0,22.8
"A0216","Ventura","Oxnard","https://www.californiahealthmaps.org?address=A0216","Male","Urinary",148920,"","","","","","","","","","","",132795,"","","","","","","",1,57706,0.0,30.5,44.8,6.1,2.2,3.1,87.6,3.1,58.9,55.6,78.6,22.6,84.0,22.8
"A0216","Ventura","Oxnard","https://www.californiahealthmaps.org?address=A0216","Female","Urinary",139610,"","","","","","","","","","","",122770,"","","","","","","",1,57706,0.0,30.5,44.8,6.1,2.2,3.1,87.6,3.1,58.9,55.6,78.6,22.6,84.0,22.8
"A0216","Ventura","Oxnard","https://www.californiahealthmaps.org?address=A0216","Male","Kidney",148920,22.2,13.3,35.5,"","","","","","","","",132795,23.9,12.9,41.8,"","","","",1,57706,0.0,30.5,44.8,6.1,2.2,3.1,87.6,3.1,58.9,55.6,78.6,22.6,84.0,22.8
"A0216","Ventura","Oxnard","https://www.californiahealthmaps.org?address=A0216","Female","Kidney",139610,"","","","","","","","","","","",122770,"","","","","","","",1,57706,0.0,30.5,44.8,6.1,2.2,3.1,87.6,3.1,58.9,55.6,78.6,22.6,84.0,22.8
"A0216","Ventura","Oxnard","https://www.californiahealthmaps.org?address=A0216","Male","Thyroid",148920,"","","","","","","","","","","",132795,"","","","","","","",1,57706,0.0,30.5,44.8,6.1,2.2,3.1,87.6,3.1,58.9,55.6,78.6,22.6,84.0,22.8
"A0216","Ventura","Oxnard","https://www.californiahealthmaps.org?address=A0216","Female","Thyroid",139610,26.9,18.0,39.0,"","","","","","","","",122770,29.6,19.1,45.0,"","","","",1,57706,0.0,30.5,44.8,6.1,2.2,3.1,87.6,3.1,58.9,55.6,78.6,22.6,84.0,22.8
"A0216","Ventura","Oxnard","https://www.californiahealthmaps.org?address=A0216","Male","Liver",148920,21.0,12.8,33.4,"","","","","","","","",132795,"","","","","","","",1,57706,0.0,30.5,44.8,6.1,2.2,3.1,87.6,3.1,58.9,55.6,78.6,22.6,84.0,22.8
"A0216","Ventura","Oxnard","https://www.californiahealthmaps.org?address=A0216","Female","Liver",139610,"","","","","","","","","","","",122770,"","","","","","","",1,57706,0.0,30.5,44.8,6.1,2.2,3.1,87.6,3.1,58.9,55.6,78.6,22.6,84.0,22.8
"A0216","Ventura","Oxnard","https://www.californiahealthmaps.org?address=A0216","Male","Pancreas",148920,"","","","","","","","","","","",132795,"","","","","","","",1,57706,0.0,30.5,44.8,6.1,2.2,3.1,87.6,3.1,58.9,55.6,78.6,22.6,84.0,22.8
"A0216","Ventura","Oxnard","https://www.californiahealthmaps.org?address=A0216","Female","Pancreas",139610,"","","","","","","","","","","",122770,"","","","","","","",1,57706,0.0,30.5,44.8,6.1,2.2,3.1,87.6,3.1,58.9,55.6,78.6,22.6,84.0,22.8
"A0216","Ventura","Oxnard","https://www.californiahealthmaps.org?address=A0216","Both","AllSite",288530,382.7,355.4,411.6,17455,575.6,487.4,690.5,"","","","",255565,327.3,297.8,359.3,"","","","",1,57706,0.0,30.5,44.8,6.1,2.2,3.1,87.6,3.1,58.9,55.6,78.6,22.6,84.0,22.8
"A0216","Ventura","Oxnard","https://www.californiahealthmaps.org?address=A0216","Both","Lung",288530,37.2,28.7,47.6,17455,95.8,63.8,160.8,"","","","",255565,22.2,14.5,33.0,"","","","",1,57706,0.0,30.5,44.8,6.1,2.2,3.1,87.6,3.1,58.9,55.6,78.6,22.6,84.0,22.8
"A0216","Ventura","Oxnard","https://www.californiahealthmaps.org?address=A0216","Both","CRC",288530,36.8,28.7,46.6,17455,"","","","","","","",255565,30.7,22.3,41.8,"","","","",1,57706,0.0,30.5,44.8,6.1,2.2,3.1,87.6,3.1,58.9,55.6,78.6,22.6,84.0,22.8
"A0216","Ventura","Oxnard","https://www.californiahealthmaps.org?address=A0216","Both","Mela",288530,9.8,6.0,15.3,17455,"","","","","","","",255565,"","","","","","","",1,57706,0.0,30.5,44.8,6.1,2.2,3.1,87.6,3.1,58.9,55.6,78.6,22.6,84.0,22.8
"A0216","Ventura","Oxnard","https://www.californiahealthmaps.org?address=A0216","Both","Lymph",288530,18.5,12.9,26.0,17455,"","","","","","","",255565,15.1,9.3,23.7,"","","","",1,57706,0.0,30.5,44.8,6.1,2.2,3.1,87.6,3.1,58.9,55.6,78.6,22.6,84.0,22.8
"A0216","Ventura","Oxnard","https://www.californiahealthmaps.org?address=A0216","Both","Urinary",288530,"","","",17455,"","","","","","","",255565,"","","","","","","",1,57706,0.0,30.5,44.8,6.1,2.2,3.1,87.6,3.1,58.9,55.6,78.6,22.6,84.0,22.8
"A0216","Ventura","Oxnard","https://www.californiahealthmaps.org?address=A0216","Both","Kidney",288530,15.0,9.9,21.8,17455,"","","","","","","",255565,15.7,9.6,24.7,"","","","",1,57706,0.0,30.5,44.8,6.1,2.2,3.1,87.6,3.1,58.9,55.6,78.6,22.6,84.0,22.8
"A0216","Ventura","Oxnard","https://www.californiahealthmaps.org?address=A0216","Both","Thyroid",288530,16.5,11.5,23.3,17455,"","","","","","","",255565,17.1,11.4,25.5,"","","","",1,57706,0.0,30.5,44.8,6.1,2.2,3.1,87.6,3.1,58.9,55.6,78.6,22.6,84.0,22.8
"A0216","Ventura","Oxnard","https://www.californiahealthmaps.org?address=A0216","Both","Liver",288530,14.9,10.0,21.6,17455,"","","","","","","",255565,14.7,9.1,23.3,"","","","",1,57706,0.0,30.5,44.8,6.1,2.2,3.1,87.6,3.1,58.9,55.6,78.6,22.6,84.0,22.8
"A0216","Ventura","Oxnard","https://www.californiahealthmaps.org?address=A0216","Both","Pancreas",288530,10.3,6.3,16.2,17455,"","","","","","","",255565,"","","","","","","",1,57706,0.0,30.5,44.8,6.1,2.2,3.1,87.6,3.1,58.9,55.6,78.6,22.6,84.0,22.8
