"Zone","Counties","Cities","URL","Sex","Cancer","PopTot","AAIR","LCI","UCI","White_PopTot","White_AAIR","White_LCI","White_UCI","Black_PopTot","Black_AAIR","Black_LCI","Black_UCI","Hispanic_PopTot","Hispanic_AAIR","Hispanic_LCI","Hispanic_UCI","Asian_PopTot","Asian_AAIR","Asian_LCI","Asian_UCI","QNSES","PopAll","PerRural","PerUninsured","PerForeignBorn","PerWhite","PerBlack","PerAsian","PerHispanic","PerAPI","PerDocvisit","PerFOBT","PerMammo","PerMenPrev","PerPap","PerWomenPrev"
"A1038","Los Angeles","Los Angeles","https://www.californiahealthmaps.org?address=A1038","Male","AllSite",155560,456.1,422.6,491.8,65685,472.0,428.3,521.2,"","","","",54250,403.2,315.6,512.2,23560,410.3,327.9,512.3,4,63215,0.0,17.5,35.6,40.4,4.5,15.8,36.6,15.8,68.9,70.7,79.4,34.6,84.1,41.0
"A1038","Los Angeles","Los Angeles","https://www.californiahealthmaps.org?address=A1038","Female","AllSite",160515,431.8,401.7,463.9,66190,490.5,444.2,542.8,"","","","",55610,345.7,283.6,419.9,26260,432.1,358.5,520.0,4,63215,0.0,17.5,35.6,40.4,4.5,15.8,36.6,15.8,68.9,70.7,79.4,34.6,84.1,41.0
"A1038","Los Angeles","Los Angeles","https://www.californiahealthmaps.org?address=A1038","Male","Prostate",155560,96.2,81.5,113.1,65685,88.8,71.6,112.0,"","","","",54250,85.7,48.8,146.0,23560,65.4,38.4,113.6,4,63215,0.0,17.5,35.6,40.4,4.5,15.8,36.6,15.8,68.9,70.7,79.4,34.6,84.1,41.0
"A1038","Los Angeles","Los Angeles","https://www.californiahealthmaps.org?address=A1038","Female","Breast",160515,140.1,123.3,158.9,66190,151.8,126.5,183.5,"","","","",55610,113.0,79.9,158.3,26260,155.8,113.8,212.4,4,63215,0.0,17.5,35.6,40.4,4.5,15.8,36.6,15.8,68.9,70.7,79.4,34.6,84.1,41.0
"A1038","Los Angeles","Los Angeles","https://www.californiahealthmaps.org?address=A1038","Male","Lung",155560,51.2,40.0,64.7,65685,51.5,37.9,71.5,"","","","",54250,"","","",23560,81.6,45.7,140.3,4,63215,0.0,17.5,35.6,40.4,4.5,15.8,36.6,15.8,68.9,70.7,79.4,34.6,84.1,41.0
"A1038","Los Angeles","Los Angeles","https://www.californiahealthmaps.org?address=A1038","Female","Lung",160515,41.6,32.7,52.5,66190,50.1,37.7,69.1,"","","","",55610,"","","",26260,"","","",4,63215,0.0,17.5,35.6,40.4,4.5,15.8,36.6,15.8,68.9,70.7,79.4,34.6,84.1,41.0
"A1038","Los Angeles","Los Angeles","https://www.californiahealthmaps.org?address=A1038","Male","CRC",155560,42.2,32.6,54.0,65685,43.6,31.1,62.5,"","","","",54250,"","","",23560,"","","",4,63215,0.0,17.5,35.6,40.4,4.5,15.8,36.6,15.8,68.9,70.7,79.4,34.6,84.1,41.0
"A1038","Los Angeles","Los Angeles","https://www.californiahealthmaps.org?address=A1038","Female","CRC",160515,29.0,21.7,38.3,66190,28.6,19.5,44.7,"","","","",55610,"","","",26260,"","","",4,63215,0.0,17.5,35.6,40.4,4.5,15.8,36.6,15.8,68.9,70.7,79.4,34.6,84.1,41.0
"A1038","Los Angeles","Los Angeles","https://www.californiahealthmaps.org?address=A1038","Male","Mela",155560,25.2,17.9,34.9,65685,33.2,22.4,50.6,"","","","",54250,"","","",23560,"","","",4,63215,0.0,17.5,35.6,40.4,4.5,15.8,36.6,15.8,68.9,70.7,79.4,34.6,84.1,41.0
"A1038","Los Angeles","Los Angeles","https://www.californiahealthmaps.org?address=A1038","Female","Mela",160515,12.5,7.8,19.4,66190,18.3,10.7,33.6,"","","","",55610,"","","",26260,"","","",4,63215,0.0,17.5,35.6,40.4,4.5,15.8,36.6,15.8,68.9,70.7,79.4,34.6,84.1,41.0
"A1038","Los Angeles","Los Angeles","https://www.californiahealthmaps.org?address=A1038","Female","Uterine",160515,37.0,28.7,47.3,66190,44.0,31.2,63.7,"","","","",55610,"","","",26260,"","","",4,63215,0.0,17.5,35.6,40.4,4.5,15.8,36.6,15.8,68.9,70.7,79.4,34.6,84.1,41.0
"A1038","Los Angeles","Los Angeles","https://www.californiahealthmaps.org?address=A1038","Male","Lymph",155560,30.3,22.0,40.8,65685,28.4,18.6,45.0,"","","","",54250,"","","",23560,"","","",4,63215,0.0,17.5,35.6,40.4,4.5,15.8,36.6,15.8,68.9,70.7,79.4,34.6,84.1,41.0
"A1038","Los Angeles","Los Angeles","https://www.californiahealthmaps.org?address=A1038","Female","Lymph",160515,18.8,13.0,26.7,66190,23.9,15.0,40.3,"","","","",55610,"","","",26260,"","","",4,63215,0.0,17.5,35.6,40.4,4.5,15.8,36.6,15.8,68.9,70.7,79.4,34.6,84.1,41.0
"A1038","Los Angeles","Los Angeles","https://www.californiahealthmaps.org?address=A1038","Male","Urinary",155560,14.0,8.4,22.1,65685,17.0,9.9,31.3,"","","","",54250,"","","",23560,"","","",4,63215,0.0,17.5,35.6,40.4,4.5,15.8,36.6,15.8,68.9,70.7,79.4,34.6,84.1,41.0
"A1038","Los Angeles","Los Angeles","https://www.californiahealthmaps.org?address=A1038","Female","Urinary",160515,"","","",66190,"","","","","","","",55610,"","","",26260,"","","",4,63215,0.0,17.5,35.6,40.4,4.5,15.8,36.6,15.8,68.9,70.7,79.4,34.6,84.1,41.0
"A1038","Los Angeles","Los Angeles","https://www.californiahealthmaps.org?address=A1038","Male","Kidney",155560,22.0,15.2,31.0,65685,20.8,12.9,35.8,"","","","",54250,"","","",23560,"","","",4,63215,0.0,17.5,35.6,40.4,4.5,15.8,36.6,15.8,68.9,70.7,79.4,34.6,84.1,41.0
"A1038","Los Angeles","Los Angeles","https://www.californiahealthmaps.org?address=A1038","Female","Kidney",160515,8.7,5.0,14.5,66190,"","","","","","","",55610,"","","",26260,"","","",4,63215,0.0,17.5,35.6,40.4,4.5,15.8,36.6,15.8,68.9,70.7,79.4,34.6,84.1,41.0
"A1038","Los Angeles","Los Angeles","https://www.californiahealthmaps.org?address=A1038","Male","Thyroid",155560,9.1,5.1,15.6,65685,"","","","","","","",54250,"","","",23560,"","","",4,63215,0.0,17.5,35.6,40.4,4.5,15.8,36.6,15.8,68.9,70.7,79.4,34.6,84.1,41.0
"A1038","Los Angeles","Los Angeles","https://www.californiahealthmaps.org?address=A1038","Female","Thyroid",160515,27.7,20.3,37.1,66190,31.1,19.4,50.3,"","","","",55610,"","","",26260,"","","",4,63215,0.0,17.5,35.6,40.4,4.5,15.8,36.6,15.8,68.9,70.7,79.4,34.6,84.1,41.0
"A1038","Los Angeles","Los Angeles","https://www.californiahealthmaps.org?address=A1038","Male","Liver",155560,15.5,9.6,23.8,65685,"","","","","","","",54250,"","","",23560,"","","",4,63215,0.0,17.5,35.6,40.4,4.5,15.8,36.6,15.8,68.9,70.7,79.4,34.6,84.1,41.0
"A1038","Los Angeles","Los Angeles","https://www.californiahealthmaps.org?address=A1038","Female","Liver",160515,"","","",66190,"","","","","","","",55610,"","","",26260,"","","",4,63215,0.0,17.5,35.6,40.4,4.5,15.8,36.6,15.8,68.9,70.7,79.4,34.6,84.1,41.0
"A1038","Los Angeles","Los Angeles","https://www.californiahealthmaps.org?address=A1038","Male","Pancreas",155560,15.8,10.1,23.8,65685,16.4,9.5,30.5,"","","","",54250,"","","",23560,"","","",4,63215,0.0,17.5,35.6,40.4,4.5,15.8,36.6,15.8,68.9,70.7,79.4,34.6,84.1,41.0
"A1038","Los Angeles","Los Angeles","https://www.californiahealthmaps.org?address=A1038","Female","Pancreas",160515,11.9,7.3,18.5,66190,"","","","","","","",55610,"","","",26260,"","","",4,63215,0.0,17.5,35.6,40.4,4.5,15.8,36.6,15.8,68.9,70.7,79.4,34.6,84.1,41.0
"A1038","Los Angeles","Los Angeles","https://www.californiahealthmaps.org?address=A1038","Both","AllSite",316075,438.3,416.1,461.5,131875,473.5,442.1,507.7,14270,515.6,381.4,696.7,109860,363.0,311.8,421.7,49820,426.3,370.2,489.7,4,63215,0.0,17.5,35.6,40.4,4.5,15.8,36.6,15.8,68.9,70.7,79.4,34.6,84.1,41.0
"A1038","Los Angeles","Los Angeles","https://www.californiahealthmaps.org?address=A1038","Both","Lung",316075,46.1,39.0,54.3,131875,50.7,41.3,63.0,14270,"","","",109860,"","","",49820,65.7,43.7,96.0,4,63215,0.0,17.5,35.6,40.4,4.5,15.8,36.6,15.8,68.9,70.7,79.4,34.6,84.1,41.0
"A1038","Los Angeles","Los Angeles","https://www.californiahealthmaps.org?address=A1038","Both","CRC",316075,35.1,29.1,42.2,131875,35.8,28.0,46.8,14270,"","","",109860,31.7,18.2,53.5,49820,26.1,14.3,46.0,4,63215,0.0,17.5,35.6,40.4,4.5,15.8,36.6,15.8,68.9,70.7,79.4,34.6,84.1,41.0
"A1038","Los Angeles","Los Angeles","https://www.californiahealthmaps.org?address=A1038","Both","Mela",316075,17.9,13.7,23.2,131875,25.1,18.4,35.0,14270,"","","",109860,"","","",49820,"","","",4,63215,0.0,17.5,35.6,40.4,4.5,15.8,36.6,15.8,68.9,70.7,79.4,34.6,84.1,41.0
"A1038","Los Angeles","Los Angeles","https://www.californiahealthmaps.org?address=A1038","Both","Lymph",316075,23.9,18.9,29.9,131875,25.9,19.1,35.8,14270,"","","",109860,"","","",49820,"","","",4,63215,0.0,17.5,35.6,40.4,4.5,15.8,36.6,15.8,68.9,70.7,79.4,34.6,84.1,41.0
"A1038","Los Angeles","Los Angeles","https://www.californiahealthmaps.org?address=A1038","Both","Urinary",316075,9.0,6.0,13.1,131875,11.0,7.1,18.5,14270,"","","",109860,"","","",49820,"","","",4,63215,0.0,17.5,35.6,40.4,4.5,15.8,36.6,15.8,68.9,70.7,79.4,34.6,84.1,41.0
"A1038","Los Angeles","Los Angeles","https://www.californiahealthmaps.org?address=A1038","Both","Kidney",316075,14.6,10.8,19.3,131875,12.3,8.0,20.1,14270,"","","",109860,"","","",49820,"","","",4,63215,0.0,17.5,35.6,40.4,4.5,15.8,36.6,15.8,68.9,70.7,79.4,34.6,84.1,41.0
"A1038","Los Angeles","Los Angeles","https://www.californiahealthmaps.org?address=A1038","Both","Thyroid",316075,18.8,14.4,24.2,131875,20.4,13.8,30.5,14270,"","","",109860,"","","",49820,"","","",4,63215,0.0,17.5,35.6,40.4,4.5,15.8,36.6,15.8,68.9,70.7,79.4,34.6,84.1,41.0
"A1038","Los Angeles","Los Angeles","https://www.californiahealthmaps.org?address=A1038","Both","Liver",316075,9.3,6.2,13.4,131875,7.0,3.9,13.8,14270,"","","",109860,"","","",49820,"","","",4,63215,0.0,17.5,35.6,40.4,4.5,15.8,36.6,15.8,68.9,70.7,79.4,34.6,84.1,41.0
"A1038","Los Angeles","Los Angeles","https://www.californiahealthmaps.org?address=A1038","Both","Pancreas",316075,13.6,9.9,18.3,131875,13.8,9.2,21.8,14270,"","","",109860,"","","",49820,"","","",4,63215,0.0,17.5,35.6,40.4,4.5,15.8,36.6,15.8,68.9,70.7,79.4,34.6,84.1,41.0
