"Zone","Counties","Cities","URL","Sex","Cancer","PopTot","AAIR","LCI","UCI","White_PopTot","White_AAIR","White_LCI","White_UCI","Black_PopTot","Black_AAIR","Black_LCI","Black_UCI","Hispanic_PopTot","Hispanic_AAIR","Hispanic_LCI","Hispanic_UCI","Asian_PopTot","Asian_AAIR","Asian_LCI","Asian_UCI","QNSES","PopAll","PerRural","PerUninsured","PerForeignBorn","PerWhite","PerBlack","PerAsian","PerHispanic"
"A0566","Los Angeles","","https://www.californiahealthmaps.org?address=A0566","Male","AllSite",151960,346.7,305.5,393.1,"","","","","","","","",145515,325.8,284.3,373.1,"","","","",1,61242,0.0,35.6,47.6,2.8,0.3,0.7,96.1
"A0566","Los Angeles","","https://www.californiahealthmaps.org?address=A0566","Female","AllSite",154250,331.3,297.7,367.9,"","","","","","","","",148020,320.2,285.8,358.3,"","","","",1,61242,0.0,35.6,47.6,2.8,0.3,0.7,96.1
"A0566","Los Angeles","","https://www.californiahealthmaps.org?address=A0566","Male","Prostate",151960,90.2,70.5,115.3,"","","","","","","","",145515,92.9,71.8,120.2,"","","","",1,61242,0.0,35.6,47.6,2.8,0.3,0.7,96.1
"A0566","Los Angeles","","https://www.californiahealthmaps.org?address=A0566","Female","Breast",154250,100.9,82.9,122.2,"","","","","","","","",148020,95.5,77.3,117.3,"","","","",1,61242,0.0,35.6,47.6,2.8,0.3,0.7,96.1
"A0566","Los Angeles","","https://www.californiahealthmaps.org?address=A0566","Male","Lung",151960,24.0,14.1,40.2,"","","","","","","","",145515,19.9,10.7,36.2,"","","","",1,61242,0.0,35.6,47.6,2.8,0.3,0.7,96.1
"A0566","Los Angeles","","https://www.californiahealthmaps.org?address=A0566","Female","Lung",154250,19.8,11.9,31.2,"","","","","","","","",148020,18.6,10.6,31.0,"","","","",1,61242,0.0,35.6,47.6,2.8,0.3,0.7,96.1
"A0566","Los Angeles","","https://www.californiahealthmaps.org?address=A0566","Male","CRC",151960,49.3,33.7,70.9,"","","","","","","","",145515,46.1,30.6,68.5,"","","","",1,61242,0.0,35.6,47.6,2.8,0.3,0.7,96.1
"A0566","Los Angeles","","https://www.californiahealthmaps.org?address=A0566","Female","CRC",154250,27.0,18.0,39.4,"","","","","","","","",148020,25.6,16.6,38.6,"","","","",1,61242,0.0,35.6,47.6,2.8,0.3,0.7,96.1
"A0566","Los Angeles","","https://www.californiahealthmaps.org?address=A0566","Male","Mela",151960,6.5,2.2,17.8,"","","","","","","","",145515,"","","","","","","",1,61242,0.0,35.6,47.6,2.8,0.3,0.7,96.1
"A0566","Los Angeles","","https://www.californiahealthmaps.org?address=A0566","Female","Mela",154250,7.9,3.1,16.6,"","","","","","","","",148020,"","","","","","","",1,61242,0.0,35.6,47.6,2.8,0.3,0.7,96.1
"A0566","Los Angeles","","https://www.californiahealthmaps.org?address=A0566","Female","Uterine",154250,19.7,12.8,29.8,"","","","","","","","",148020,19.0,12.1,29.5,"","","","",1,61242,0.0,35.6,47.6,2.8,0.3,0.7,96.1
"A0566","Los Angeles","","https://www.californiahealthmaps.org?address=A0566","Male","Lymph",151960,23.0,13.0,39.4,"","","","","","","","",145515,17.8,9.3,33.4,"","","","",1,61242,0.0,35.6,47.6,2.8,0.3,0.7,96.1
"A0566","Los Angeles","","https://www.californiahealthmaps.org?address=A0566","Female","Lymph",154250,20.3,12.3,31.9,"","","","","","","","",148020,18.5,10.5,30.9,"","","","",1,61242,0.0,35.6,47.6,2.8,0.3,0.7,96.1
"A0566","Los Angeles","","https://www.californiahealthmaps.org?address=A0566","Male","Urinary",151960,5.1,0.9,17.0,"","","","","","","","",145515,"","","","","","","",1,61242,0.0,35.6,47.6,2.8,0.3,0.7,96.1
"A0566","Los Angeles","","https://www.californiahealthmaps.org?address=A0566","Female","Urinary",154250,3.1,0.6,9.6,"","","","","","","","",148020,"","","","","","","",1,61242,0.0,35.6,47.6,2.8,0.3,0.7,96.1
"A0566","Los Angeles","","https://www.californiahealthmaps.org?address=A0566","Male","Kidney",151960,16.9,8.9,31.1,"","","","","","","","",145515,"","","","","","","",1,61242,0.0,35.6,47.6,2.8,0.3,0.7,96.1
"A0566","Los Angeles","","https://www.californiahealthmaps.org?address=A0566","Female","Kidney",154250,7.9,3.5,15.9,"","","","","","","","",148020,"","","","","","","",1,61242,0.0,35.6,47.6,2.8,0.3,0.7,96.1
"A0566","Los Angeles","","https://www.californiahealthmaps.org?address=A0566","Male","Thyroid",151960,3.4,0.6,13.9,"","","","","","","","",145515,"","","","","","","",1,61242,0.0,35.6,47.6,2.8,0.3,0.7,96.1
"A0566","Los Angeles","","https://www.californiahealthmaps.org?address=A0566","Female","Thyroid",154250,16.7,10.4,26.0,"","","","","","","","",148020,17.6,11.0,27.9,"","","","",1,61242,0.0,35.6,47.6,2.8,0.3,0.7,96.1
"A0566","Los Angeles","","https://www.californiahealthmaps.org?address=A0566","Both","AllSite",306210,335.0,309.0,362.8,"","","","","","","","",293535,320.0,293.5,348.7,"","","","",1,61242,0.0,35.6,47.6,2.8,0.3,0.7,96.1
"A0566","Los Angeles","","https://www.californiahealthmaps.org?address=A0566","Both","Lung",306210,21.7,15.2,30.3,"","","","","","","","",293535,19.2,12.8,28.1,"","","","",1,61242,0.0,35.6,47.6,2.8,0.3,0.7,96.1
"A0566","Los Angeles","","https://www.californiahealthmaps.org?address=A0566","Both","CRC",306210,35.8,27.5,46.3,"","","","","","","","",293535,33.9,25.4,44.7,"","","","",1,61242,0.0,35.6,47.6,2.8,0.3,0.7,96.1
"A0566","Los Angeles","","https://www.californiahealthmaps.org?address=A0566","Both","Mela",306210,7.7,3.9,13.8,"","","","","","","","",293535,"","","","","","","",1,61242,0.0,35.6,47.6,2.8,0.3,0.7,96.1
"A0566","Los Angeles","","https://www.californiahealthmaps.org?address=A0566","Both","Lymph",306210,21.3,14.9,29.9,"","","","","","","","",293535,18.5,12.3,27.3,"","","","",1,61242,0.0,35.6,47.6,2.8,0.3,0.7,96.1
"A0566","Los Angeles","","https://www.californiahealthmaps.org?address=A0566","Both","Urinary",306210,3.7,1.3,8.6,"","","","","","","","",293535,"","","","","","","",1,61242,0.0,35.6,47.6,2.8,0.3,0.7,96.1
"A0566","Los Angeles","","https://www.californiahealthmaps.org?address=A0566","Both","Kidney",306210,12.0,7.4,18.7,"","","","","","","","",293535,10.8,6.4,17.8,"","","","",1,61242,0.0,35.6,47.6,2.8,0.3,0.7,96.1
"A0566","Los Angeles","","https://www.californiahealthmaps.org?address=A0566","Both","Thyroid",306210,10.3,6.6,16.0,"","","","","","","","",293535,10.1,6.4,16.1,"","","","",1,61242,0.0,35.6,47.6,2.8,0.3,0.7,96.1
