"Zone","Counties","Cities","URL","Sex","Cancer","PopTot","AAIR","LCI","UCI","White_PopTot","White_AAIR","White_LCI","White_UCI","Black_PopTot","Black_AAIR","Black_LCI","Black_UCI","Hispanic_PopTot","Hispanic_AAIR","Hispanic_LCI","Hispanic_UCI","Asian_PopTot","Asian_AAIR","Asian_LCI","Asian_UCI","QNSES","PopAll","PerRural","PerUninsured","PerForeignBorn","PerWhite","PerBlack","PerAsian","PerHispanic"
"A0151","San Diego","San Diego","https://www.californiahealthmaps.org?address=A0151","Male","AllSite",172125,451.8,411.6,495.8,80020,489.5,433.4,552.1,"","","","",21605,517.9,344.7,766.9,54175,373.9,313.2,445.6,5,66053,0.8,10.2,30.6,43.9,3.9,34.8,13.1
"A0151","San Diego","San Diego","https://www.californiahealthmaps.org?address=A0151","Female","AllSite",158140,491.8,454.9,531.2,66585,556.5,499.2,619.2,"","","","",20115,578.2,425.3,780.6,58340,424.4,369.7,486.0,5,66053,0.8,10.2,30.6,43.9,3.9,34.8,13.1
"A0151","San Diego","San Diego","https://www.californiahealthmaps.org?address=A0151","Male","Prostate",172125,104.5,86.2,126.5,80020,116.7,91.6,148.5,"","","","",21605,"","","",54175,55.1,34.4,87.5,5,66053,0.8,10.2,30.6,43.9,3.9,34.8,13.1
"A0151","San Diego","San Diego","https://www.californiahealthmaps.org?address=A0151","Female","Breast",158140,168.1,147.7,191.0,66585,200.7,168.3,238.5,"","","","",20115,188.9,110.2,319.3,58340,131.1,103.3,165.6,5,66053,0.8,10.2,30.6,43.9,3.9,34.8,13.1
"A0151","San Diego","San Diego","https://www.californiahealthmaps.org?address=A0151","Male","Lung",172125,61.2,45.8,80.8,80020,63.6,42.9,92.1,"","","","",21605,"","","",54175,68.2,42.4,106.6,5,66053,0.8,10.2,30.6,43.9,3.9,34.8,13.1
"A0151","San Diego","San Diego","https://www.californiahealthmaps.org?address=A0151","Female","Lung",158140,45.3,33.8,59.6,66585,58.3,39.5,83.4,"","","","",20115,"","","",58340,43.1,25.8,68.7,5,66053,0.8,10.2,30.6,43.9,3.9,34.8,13.1
"A0151","San Diego","San Diego","https://www.californiahealthmaps.org?address=A0151","Male","CRC",172125,45.4,33.1,61.7,80020,40.4,25.4,62.7,"","","","",21605,"","","",54175,48.7,28.4,81.4,5,66053,0.8,10.2,30.6,43.9,3.9,34.8,13.1
"A0151","San Diego","San Diego","https://www.californiahealthmaps.org?address=A0151","Female","CRC",158140,37.7,27.8,50.4,66585,30.1,18.2,47.9,"","","","",20115,"","","",58340,48.2,30.3,74.0,5,66053,0.8,10.2,30.6,43.9,3.9,34.8,13.1
"A0151","San Diego","San Diego","https://www.californiahealthmaps.org?address=A0151","Male","Mela",172125,32.3,22.5,46.1,80020,58.3,40.5,83.3,"","","","",21605,"","","",54175,"","","",5,66053,0.8,10.2,30.6,43.9,3.9,34.8,13.1
"A0151","San Diego","San Diego","https://www.californiahealthmaps.org?address=A0151","Female","Mela",158140,13.2,8.3,20.6,66585,22.6,13.1,37.8,"","","","",20115,"","","",58340,"","","",5,66053,0.8,10.2,30.6,43.9,3.9,34.8,13.1
"A0151","San Diego","San Diego","https://www.californiahealthmaps.org?address=A0151","Female","Uterine",158140,32.4,23.7,43.8,66585,36.4,22.4,56.6,"","","","",20115,"","","",58340,31.0,19.0,50.2,5,66053,0.8,10.2,30.6,43.9,3.9,34.8,13.1
"A0151","San Diego","San Diego","https://www.californiahealthmaps.org?address=A0151","Male","Lymph",172125,31.3,21.6,44.9,80020,28.5,16.3,48.3,"","","","",21605,"","","",54175,35.0,18.5,64.2,5,66053,0.8,10.2,30.6,43.9,3.9,34.8,13.1
"A0151","San Diego","San Diego","https://www.californiahealthmaps.org?address=A0151","Female","Lymph",158140,25.8,17.4,37.0,66585,30.7,17.5,50.5,"","","","",20115,"","","",58340,"","","",5,66053,0.8,10.2,30.6,43.9,3.9,34.8,13.1
"A0151","San Diego","San Diego","https://www.californiahealthmaps.org?address=A0151","Male","Urinary",172125,12.1,5.7,23.3,80020,"","","","","","","",21605,"","","",54175,"","","",5,66053,0.8,10.2,30.6,43.9,3.9,34.8,13.1
"A0151","San Diego","San Diego","https://www.californiahealthmaps.org?address=A0151","Female","Urinary",158140,7.8,3.5,15.3,66585,"","","","","","","",20115,"","","",58340,"","","",5,66053,0.8,10.2,30.6,43.9,3.9,34.8,13.1
"A0151","San Diego","San Diego","https://www.californiahealthmaps.org?address=A0151","Male","Kidney",172125,19.7,11.9,31.7,80020,"","","","","","","",21605,"","","",54175,"","","",5,66053,0.8,10.2,30.6,43.9,3.9,34.8,13.1
"A0151","San Diego","San Diego","https://www.californiahealthmaps.org?address=A0151","Female","Kidney",158140,7.0,3.4,13.5,66585,"","","","","","","",20115,"","","",58340,"","","",5,66053,0.8,10.2,30.6,43.9,3.9,34.8,13.1
"A0151","San Diego","San Diego","https://www.californiahealthmaps.org?address=A0151","Male","Thyroid",172125,9.4,5.0,17.9,80020,"","","","","","","",21605,"","","",54175,"","","",5,66053,0.8,10.2,30.6,43.9,3.9,34.8,13.1
"A0151","San Diego","San Diego","https://www.californiahealthmaps.org?address=A0151","Female","Thyroid",158140,24.7,17.3,34.5,66585,23.6,13.4,39.7,"","","","",20115,"","","",58340,25.2,13.9,44.2,5,66053,0.8,10.2,30.6,43.9,3.9,34.8,13.1
"A0151","San Diego","San Diego","https://www.californiahealthmaps.org?address=A0151","Both","AllSite",330265,467.9,441.1,496.2,146605,515.1,475.8,557.2,13510,506.6,323.8,793.4,41720,537.9,425.0,678.6,112515,400.8,359.9,445.8,5,66053,0.8,10.2,30.6,43.9,3.9,34.8,13.1
"A0151","San Diego","San Diego","https://www.californiahealthmaps.org?address=A0151","Both","Lung",330265,51.6,42.3,62.5,146605,58.2,44.7,74.8,13510,"","","",41720,"","","",112515,54.1,38.7,74.3,5,66053,0.8,10.2,30.6,43.9,3.9,34.8,13.1
"A0151","San Diego","San Diego","https://www.californiahealthmaps.org?address=A0151","Both","CRC",330265,41.2,33.3,50.6,146605,35.6,25.7,48.4,13510,"","","",41720,"","","",112515,48.6,34.7,67.3,5,66053,0.8,10.2,30.6,43.9,3.9,34.8,13.1
"A0151","San Diego","San Diego","https://www.californiahealthmaps.org?address=A0151","Both","Mela",330265,21.6,16.5,28.2,146605,39.0,29.2,51.5,13510,"","","",41720,"","","",112515,"","","",5,66053,0.8,10.2,30.6,43.9,3.9,34.8,13.1
"A0151","San Diego","San Diego","https://www.californiahealthmaps.org?address=A0151","Both","Lymph",330265,28.2,21.8,36.2,146605,29.6,20.3,42.2,13510,"","","",41720,"","","",112515,25.6,16.2,39.5,5,66053,0.8,10.2,30.6,43.9,3.9,34.8,13.1
"A0151","San Diego","San Diego","https://www.californiahealthmaps.org?address=A0151","Both","Urinary",330265,9.5,5.7,15.0,146605,12.8,7.0,22.0,13510,"","","",41720,"","","",112515,"","","",5,66053,0.8,10.2,30.6,43.9,3.9,34.8,13.1
"A0151","San Diego","San Diego","https://www.californiahealthmaps.org?address=A0151","Both","Kidney",330265,12.6,8.5,18.2,146605,12.8,7.0,21.9,13510,"","","",41720,"","","",112515,"","","",5,66053,0.8,10.2,30.6,43.9,3.9,34.8,13.1
"A0151","San Diego","San Diego","https://www.californiahealthmaps.org?address=A0151","Both","Thyroid",330265,16.9,12.5,22.7,146605,15.2,9.6,23.6,13510,"","","",41720,"","","",112515,17.1,10.1,28.6,5,66053,0.8,10.2,30.6,43.9,3.9,34.8,13.1
