"Zone","Counties","Cities","URL","Sex","Cancer","PopTot","AAIR","LCI","UCI","White_PopTot","White_AAIR","White_LCI","White_UCI","Black_PopTot","Black_AAIR","Black_LCI","Black_UCI","Hispanic_PopTot","Hispanic_AAIR","Hispanic_LCI","Hispanic_UCI","Asian_PopTot","Asian_AAIR","Asian_LCI","Asian_UCI","QNSES","PopAll","PerRural","PerUninsured","PerForeignBorn","PerWhite","PerBlack","PerAsian","PerHispanic"
"A0401","Los Angeles","Los Angeles","https://www.californiahealthmaps.org?address=A0401","Male","AllSite",152035,369.0,331.8,409.7,"","","","","","","","",132985,352.0,309.7,399.2,11855,303.0,219.3,416.2,1,60502,0.0,34.3,46.9,1.6,1.0,8.2,88.7
"A0401","Los Angeles","Los Angeles","https://www.californiahealthmaps.org?address=A0401","Female","AllSite",150475,306.6,277.1,338.7,"","","","","","","","",131935,286.2,254.9,320.6,13255,318.0,232.6,436.5,1,60502,0.0,34.3,46.9,1.6,1.0,8.2,88.7
"A0401","Los Angeles","Los Angeles","https://www.californiahealthmaps.org?address=A0401","Male","Prostate",152035,68.6,52.6,88.2,"","","","","","","","",132985,75.3,55.5,100.6,11855,"","","",1,60502,0.0,34.3,46.9,1.6,1.0,8.2,88.7
"A0401","Los Angeles","Los Angeles","https://www.californiahealthmaps.org?address=A0401","Female","Breast",150475,80.7,65.8,98.2,"","","","","","","","",131935,74.5,58.9,93.1,13255,"","","",1,60502,0.0,34.3,46.9,1.6,1.0,8.2,88.7
"A0401","Los Angeles","Los Angeles","https://www.californiahealthmaps.org?address=A0401","Male","Lung",152035,37.6,26.0,53.1,"","","","","","","","",132985,22.2,12.0,38.3,11855,98.2,53.9,174.6,1,60502,0.0,34.3,46.9,1.6,1.0,8.2,88.7
"A0401","Los Angeles","Los Angeles","https://www.californiahealthmaps.org?address=A0401","Female","Lung",150475,14.4,8.6,23.0,"","","","","","","","",131935,"","","",13255,"","","",1,60502,0.0,34.3,46.9,1.6,1.0,8.2,88.7
"A0401","Los Angeles","Los Angeles","https://www.californiahealthmaps.org?address=A0401","Male","CRC",152035,42.1,30.4,57.5,"","","","","","","","",132985,37.3,24.8,55.1,11855,"","","",1,60502,0.0,34.3,46.9,1.6,1.0,8.2,88.7
"A0401","Los Angeles","Los Angeles","https://www.californiahealthmaps.org?address=A0401","Female","CRC",150475,25.8,17.8,36.4,"","","","","","","","",131935,22.0,13.9,33.4,13255,"","","",1,60502,0.0,34.3,46.9,1.6,1.0,8.2,88.7
"A0401","Los Angeles","Los Angeles","https://www.californiahealthmaps.org?address=A0401","Male","Mela",152035,2.8,0.6,9.5,"","","","","","","","",132985,"","","",11855,"","","",1,60502,0.0,34.3,46.9,1.6,1.0,8.2,88.7
"A0401","Los Angeles","Los Angeles","https://www.californiahealthmaps.org?address=A0401","Female","Mela",150475,2.1,0.4,6.9,"","","","","","","","",131935,"","","",13255,"","","",1,60502,0.0,34.3,46.9,1.6,1.0,8.2,88.7
"A0401","Los Angeles","Los Angeles","https://www.californiahealthmaps.org?address=A0401","Female","Uterine",150475,29.0,20.5,40.2,"","","","","","","","",131935,28.9,19.7,41.2,13255,"","","",1,60502,0.0,34.3,46.9,1.6,1.0,8.2,88.7
"A0401","Los Angeles","Los Angeles","https://www.californiahealthmaps.org?address=A0401","Male","Lymph",152035,19.5,11.7,31.2,"","","","","","","","",132985,"","","",11855,"","","",1,60502,0.0,34.3,46.9,1.6,1.0,8.2,88.7
"A0401","Los Angeles","Los Angeles","https://www.californiahealthmaps.org?address=A0401","Female","Lymph",150475,13.3,7.9,21.5,"","","","","","","","",131935,13.8,7.7,23.2,13255,"","","",1,60502,0.0,34.3,46.9,1.6,1.0,8.2,88.7
"A0401","Los Angeles","Los Angeles","https://www.californiahealthmaps.org?address=A0401","Male","Urinary",152035,9.3,4.2,18.6,"","","","","","","","",132985,"","","",11855,"","","",1,60502,0.0,34.3,46.9,1.6,1.0,8.2,88.7
"A0401","Los Angeles","Los Angeles","https://www.californiahealthmaps.org?address=A0401","Female","Urinary",150475,1.4,0.2,5.9,"","","","","","","","",131935,"","","",13255,"","","",1,60502,0.0,34.3,46.9,1.6,1.0,8.2,88.7
"A0401","Los Angeles","Los Angeles","https://www.californiahealthmaps.org?address=A0401","Male","Kidney",152035,14.8,8.5,24.8,"","","","","","","","",132985,"","","",11855,"","","",1,60502,0.0,34.3,46.9,1.6,1.0,8.2,88.7
"A0401","Los Angeles","Los Angeles","https://www.californiahealthmaps.org?address=A0401","Female","Kidney",150475,10.2,5.4,17.8,"","","","","","","","",131935,"","","",13255,"","","",1,60502,0.0,34.3,46.9,1.6,1.0,8.2,88.7
"A0401","Los Angeles","Los Angeles","https://www.californiahealthmaps.org?address=A0401","Male","Thyroid",152035,3.8,1.0,11.1,"","","","","","","","",132985,"","","",11855,"","","",1,60502,0.0,34.3,46.9,1.6,1.0,8.2,88.7
"A0401","Los Angeles","Los Angeles","https://www.californiahealthmaps.org?address=A0401","Female","Thyroid",150475,13.6,8.0,21.9,"","","","","","","","",131935,"","","",13255,"","","",1,60502,0.0,34.3,46.9,1.6,1.0,8.2,88.7
"A0401","Los Angeles","Los Angeles","https://www.californiahealthmaps.org?address=A0401","Both","AllSite",302510,328.1,305.2,352.3,"","","","","","","","",264920,305.2,280.5,331.6,25110,312.5,251.2,388.8,1,60502,0.0,34.3,46.9,1.6,1.0,8.2,88.7
"A0401","Los Angeles","Los Angeles","https://www.californiahealthmaps.org?address=A0401","Both","Lung",302510,24.4,18.3,32.1,"","","","","","","","",264920,14.6,9.4,21.9,25110,57.9,34.5,97.9,1,60502,0.0,34.3,46.9,1.6,1.0,8.2,88.7
"A0401","Los Angeles","Los Angeles","https://www.californiahealthmaps.org?address=A0401","Both","CRC",302510,33.5,26.4,42.0,"","","","","","","","",264920,28.6,21.4,37.7,25110,39.3,21.4,73.9,1,60502,0.0,34.3,46.9,1.6,1.0,8.2,88.7
"A0401","Los Angeles","Los Angeles","https://www.californiahealthmaps.org?address=A0401","Both","Mela",302510,2.3,0.8,5.4,"","","","","","","","",264920,"","","",25110,"","","",1,60502,0.0,34.3,46.9,1.6,1.0,8.2,88.7
"A0401","Los Angeles","Los Angeles","https://www.californiahealthmaps.org?address=A0401","Both","Lymph",302510,15.8,11.1,22.0,"","","","","","","","",264920,14.9,9.9,21.9,25110,"","","",1,60502,0.0,34.3,46.9,1.6,1.0,8.2,88.7
"A0401","Los Angeles","Los Angeles","https://www.californiahealthmaps.org?address=A0401","Both","Urinary",302510,4.7,2.3,8.7,"","","","","","","","",264920,"","","",25110,"","","",1,60502,0.0,34.3,46.9,1.6,1.0,8.2,88.7
"A0401","Los Angeles","Los Angeles","https://www.californiahealthmaps.org?address=A0401","Both","Kidney",302510,12.2,8.2,17.7,"","","","","","","","",264920,11.6,7.3,17.8,25110,"","","",1,60502,0.0,34.3,46.9,1.6,1.0,8.2,88.7
"A0401","Los Angeles","Los Angeles","https://www.californiahealthmaps.org?address=A0401","Both","Thyroid",302510,8.7,5.4,13.5,"","","","","","","","",264920,"","","",25110,"","","",1,60502,0.0,34.3,46.9,1.6,1.0,8.2,88.7
