"Zone","Counties","Cities","URL","Sex","Cancer","PopTot","AAIR","LCI","UCI","White_PopTot","White_AAIR","White_LCI","White_UCI","Black_PopTot","Black_AAIR","Black_LCI","Black_UCI","Hispanic_PopTot","Hispanic_AAIR","Hispanic_LCI","Hispanic_UCI","Asian_PopTot","Asian_AAIR","Asian_LCI","Asian_UCI","QNSES","PopAll","PerRural","PerUninsured","PerForeignBorn","PerWhite","PerBlack","PerAsian","PerHispanic"
"A0224","San Diego","La Mesa","https://www.californiahealthmaps.org?address=A0224","Male","AllSite",152095,524.2,485.3,565.8,85690,541.3,495.7,591.4,14355,529.8,355.8,783.5,35955,460.1,356.6,591.0,"","","","",3,63359,0.0,18.5,15.1,54.3,7.6,5.9,26.9
"A0224","San Diego","La Mesa","https://www.californiahealthmaps.org?address=A0224","Female","AllSite",164700,448.3,417.2,481.4,91800,440.7,403.4,482.4,14505,461.6,340.5,624.2,39280,436.0,358.8,527.1,11565,505.9,377.4,673.5,3,63359,0.0,18.5,15.1,54.3,7.6,5.9,26.9
"A0224","San Diego","La Mesa","https://www.californiahealthmaps.org?address=A0224","Male","Prostate",152095,111.6,93.6,132.4,85690,109.0,88.6,134.3,14355,"","","",35955,"","","","","","","",3,63359,0.0,18.5,15.1,54.3,7.6,5.9,26.9
"A0224","San Diego","La Mesa","https://www.californiahealthmaps.org?address=A0224","Female","Breast",164700,141.7,124.3,161.2,91800,136.9,116.3,162.3,14505,206.4,130.7,325.4,39280,134.4,92.9,190.5,11565,136.5,75.5,239.6,3,63359,0.0,18.5,15.1,54.3,7.6,5.9,26.9
"A0224","San Diego","La Mesa","https://www.californiahealthmaps.org?address=A0224","Male","Lung",152095,54.5,42.1,69.7,85690,59.6,45.0,79.3,14355,"","","",35955,"","","","","","","",3,63359,0.0,18.5,15.1,54.3,7.6,5.9,26.9
"A0224","San Diego","La Mesa","https://www.californiahealthmaps.org?address=A0224","Female","Lung",164700,45.0,35.7,56.5,91800,49.9,38.6,66.2,14505,"","","",39280,"","","",11565,"","","",3,63359,0.0,18.5,15.1,54.3,7.6,5.9,26.9
"A0224","San Diego","La Mesa","https://www.californiahealthmaps.org?address=A0224","Male","CRC",152095,50.2,38.8,64.3,85690,50.8,37.6,69.1,14355,"","","",35955,"","","","","","","",3,63359,0.0,18.5,15.1,54.3,7.6,5.9,26.9
"A0224","San Diego","La Mesa","https://www.californiahealthmaps.org?address=A0224","Female","CRC",164700,34.2,26.4,44.1,91800,32.7,23.9,46.6,14505,"","","",39280,"","","",11565,"","","",3,63359,0.0,18.5,15.1,54.3,7.6,5.9,26.9
"A0224","San Diego","La Mesa","https://www.californiahealthmaps.org?address=A0224","Male","Mela",152095,44.1,33.6,57.4,85690,53.1,39.5,71.6,14355,"","","",35955,"","","","","","","",3,63359,0.0,18.5,15.1,54.3,7.6,5.9,26.9
"A0224","San Diego","La Mesa","https://www.californiahealthmaps.org?address=A0224","Female","Mela",164700,21.2,14.9,29.7,91800,28.7,19.4,43.4,14505,"","","",39280,"","","",11565,"","","",3,63359,0.0,18.5,15.1,54.3,7.6,5.9,26.9
"A0224","San Diego","La Mesa","https://www.californiahealthmaps.org?address=A0224","Female","Uterine",164700,35.0,26.7,45.6,91800,37.4,27.1,52.9,14505,"","","",39280,"","","",11565,"","","",3,63359,0.0,18.5,15.1,54.3,7.6,5.9,26.9
"A0224","San Diego","La Mesa","https://www.californiahealthmaps.org?address=A0224","Male","Lymph",152095,23.2,15.9,33.1,85690,22.2,14.2,35.3,14355,"","","",35955,"","","","","","","",3,63359,0.0,18.5,15.1,54.3,7.6,5.9,26.9
"A0224","San Diego","La Mesa","https://www.californiahealthmaps.org?address=A0224","Female","Lymph",164700,12.6,7.7,19.9,91800,"","","",14505,"","","",39280,"","","",11565,"","","",3,63359,0.0,18.5,15.1,54.3,7.6,5.9,26.9
"A0224","San Diego","La Mesa","https://www.californiahealthmaps.org?address=A0224","Male","Urinary",152095,20.3,13.0,30.5,85690,22.6,14.1,36.5,14355,"","","",35955,"","","","","","","",3,63359,0.0,18.5,15.1,54.3,7.6,5.9,26.9
"A0224","San Diego","La Mesa","https://www.californiahealthmaps.org?address=A0224","Female","Urinary",164700,4.1,1.7,9.0,91800,"","","",14505,"","","",39280,"","","",11565,"","","",3,63359,0.0,18.5,15.1,54.3,7.6,5.9,26.9
"A0224","San Diego","La Mesa","https://www.californiahealthmaps.org?address=A0224","Male","Kidney",152095,19.9,13.0,29.6,85690,21.0,12.9,34.6,14355,"","","",35955,"","","","","","","",3,63359,0.0,18.5,15.1,54.3,7.6,5.9,26.9
"A0224","San Diego","La Mesa","https://www.californiahealthmaps.org?address=A0224","Female","Kidney",164700,13.1,8.1,20.4,91800,"","","",14505,"","","",39280,"","","",11565,"","","",3,63359,0.0,18.5,15.1,54.3,7.6,5.9,26.9
"A0224","San Diego","La Mesa","https://www.californiahealthmaps.org?address=A0224","Male","Thyroid",152095,7.6,3.7,14.4,85690,"","","",14355,"","","",35955,"","","","","","","",3,63359,0.0,18.5,15.1,54.3,7.6,5.9,26.9
"A0224","San Diego","La Mesa","https://www.californiahealthmaps.org?address=A0224","Female","Thyroid",164700,17.7,11.8,26.1,91800,16.6,9.2,30.1,14505,"","","",39280,"","","",11565,"","","",3,63359,0.0,18.5,15.1,54.3,7.6,5.9,26.9
"A0224","San Diego","La Mesa","https://www.californiahealthmaps.org?address=A0224","Both","AllSite",316795,471.5,447.6,496.4,177490,476.5,448.0,507.2,28860,471.9,375.3,593.4,75235,436.1,374.7,505.9,20630,431.1,334.6,550.5,3,63359,0.0,18.5,15.1,54.3,7.6,5.9,26.9
"A0224","San Diego","La Mesa","https://www.californiahealthmaps.org?address=A0224","Both","Lung",316795,48.4,40.9,57.1,177490,53.5,44.4,65.0,28860,"","","",75235,"","","",20630,"","","",3,63359,0.0,18.5,15.1,54.3,7.6,5.9,26.9
"A0224","San Diego","La Mesa","https://www.californiahealthmaps.org?address=A0224","Both","CRC",316795,40.9,34.3,48.7,177490,40.3,32.6,50.4,28860,"","","",75235,47.1,28.2,75.4,20630,"","","",3,63359,0.0,18.5,15.1,54.3,7.6,5.9,26.9
"A0224","San Diego","La Mesa","https://www.californiahealthmaps.org?address=A0224","Both","Mela",316795,29.7,24.0,36.5,177490,38.0,30.1,48.2,28860,"","","",75235,"","","",20630,"","","",3,63359,0.0,18.5,15.1,54.3,7.6,5.9,26.9
"A0224","San Diego","La Mesa","https://www.californiahealthmaps.org?address=A0224","Both","Lymph",316795,16.8,12.6,22.2,177490,14.7,10.2,21.9,28860,"","","",75235,"","","",20630,"","","",3,63359,0.0,18.5,15.1,54.3,7.6,5.9,26.9
"A0224","San Diego","La Mesa","https://www.californiahealthmaps.org?address=A0224","Both","Urinary",316795,9.7,6.6,14.1,177490,11.2,7.4,17.6,28860,"","","",75235,"","","",20630,"","","",3,63359,0.0,18.5,15.1,54.3,7.6,5.9,26.9
"A0224","San Diego","La Mesa","https://www.californiahealthmaps.org?address=A0224","Both","Kidney",316795,15.4,11.3,20.6,177490,14.0,9.4,21.3,28860,"","","",75235,"","","",20630,"","","",3,63359,0.0,18.5,15.1,54.3,7.6,5.9,26.9
"A0224","San Diego","La Mesa","https://www.californiahealthmaps.org?address=A0224","Both","Thyroid",316795,12.5,8.9,17.4,177490,12.1,7.7,19.2,28860,"","","",75235,"","","",20630,"","","",3,63359,0.0,18.5,15.1,54.3,7.6,5.9,26.9
