"Zone","Counties","Cities","URL","Sex","Cancer","PopTot","AAIR","LCI","UCI","White_PopTot","White_AAIR","White_LCI","White_UCI","Black_PopTot","Black_AAIR","Black_LCI","Black_UCI","Hispanic_PopTot","Hispanic_AAIR","Hispanic_LCI","Hispanic_UCI","Asian_PopTot","Asian_AAIR","Asian_LCI","Asian_UCI","QNSES","PopAll","PerRural","PerUninsured","PerForeignBorn","PerWhite","PerBlack","PerAsian","PerHispanic"
"A0184","Los Angeles","Claremont, Glendora, La Verne, San Dimas","https://www.californiahealthmaps.org?address=A0184","Male","AllSite",163620,487.5,456.9,520.1,97985,511.6,473.5,553.7,"","","","",39825,468.5,390.7,559.7,14890,358.8,264.7,484.2,5,67656,1.9,8.7,16.9,59.0,4.0,10.4,23.6
"A0184","Los Angeles","Claremont, Glendora, La Verne, San Dimas","https://www.californiahealthmaps.org?address=A0184","Female","AllSite",174660,438.4,411.5,467.2,102740,430.4,397.0,467.6,"","","","",43590,496.8,430.4,571.2,17870,364.7,286.6,468.6,5,67656,1.9,8.7,16.9,59.0,4.0,10.4,23.6
"A0184","Los Angeles","Claremont, Glendora, La Verne, San Dimas","https://www.californiahealthmaps.org?address=A0184","Male","Prostate",163620,149.2,133.1,167.3,97985,150.2,131.3,173.2,"","","","",39825,138.9,98.8,192.8,14890,79.8,45.0,147.1,5,67656,1.9,8.7,16.9,59.0,4.0,10.4,23.6
"A0184","Los Angeles","Claremont, Glendora, La Verne, San Dimas","https://www.californiahealthmaps.org?address=A0184","Female","Breast",174660,142.6,127.6,159.5,102740,134.7,117.1,156.3,"","","","",43590,157.7,121.8,201.6,17870,134.6,88.9,208.7,5,67656,1.9,8.7,16.9,59.0,4.0,10.4,23.6
"A0184","Los Angeles","Claremont, Glendora, La Verne, San Dimas","https://www.californiahealthmaps.org?address=A0184","Male","Lung",163620,36.6,28.7,46.8,97985,39.9,30.4,54.1,"","","","",39825,"","","",14890,"","","",5,67656,1.9,8.7,16.9,59.0,4.0,10.4,23.6
"A0184","Los Angeles","Claremont, Glendora, La Verne, San Dimas","https://www.californiahealthmaps.org?address=A0184","Female","Lung",174660,37.1,29.9,46.3,102740,42.5,33.4,55.9,"","","","",43590,"","","",17870,"","","",5,67656,1.9,8.7,16.9,59.0,4.0,10.4,23.6
"A0184","Los Angeles","Claremont, Glendora, La Verne, San Dimas","https://www.californiahealthmaps.org?address=A0184","Male","CRC",163620,48.6,39.0,60.5,97985,48.5,37.0,64.8,"","","","",39825,59.6,34.8,98.8,14890,"","","",5,67656,1.9,8.7,16.9,59.0,4.0,10.4,23.6
"A0184","Los Angeles","Claremont, Glendora, La Verne, San Dimas","https://www.californiahealthmaps.org?address=A0184","Female","CRC",174660,36.0,29.1,45.0,102740,40.2,31.3,53.5,"","","","",43590,"","","",17870,"","","",5,67656,1.9,8.7,16.9,59.0,4.0,10.4,23.6
"A0184","Los Angeles","Claremont, Glendora, La Verne, San Dimas","https://www.californiahealthmaps.org?address=A0184","Male","Mela",163620,36.3,28.4,46.4,97985,42.7,32.7,57.3,"","","","",39825,"","","",14890,"","","",5,67656,1.9,8.7,16.9,59.0,4.0,10.4,23.6
"A0184","Los Angeles","Claremont, Glendora, La Verne, San Dimas","https://www.californiahealthmaps.org?address=A0184","Female","Mela",174660,23.7,17.4,32.3,102740,31.6,21.7,46.4,"","","","",43590,"","","",17870,"","","",5,67656,1.9,8.7,16.9,59.0,4.0,10.4,23.6
"A0184","Los Angeles","Claremont, Glendora, La Verne, San Dimas","https://www.californiahealthmaps.org?address=A0184","Female","Uterine",174660,27.6,21.4,35.9,102740,24.6,18.0,35.9,"","","","",43590,"","","",17870,"","","",5,67656,1.9,8.7,16.9,59.0,4.0,10.4,23.6
"A0184","Los Angeles","Claremont, Glendora, La Verne, San Dimas","https://www.californiahealthmaps.org?address=A0184","Male","Lymph",163620,27.1,20.2,36.4,97985,28.8,19.8,42.8,"","","","",39825,"","","",14890,"","","",5,67656,1.9,8.7,16.9,59.0,4.0,10.4,23.6
"A0184","Los Angeles","Claremont, Glendora, La Verne, San Dimas","https://www.californiahealthmaps.org?address=A0184","Female","Lymph",174660,13.9,9.6,20.5,102740,14.9,9.1,25.9,"","","","",43590,"","","",17870,"","","",5,67656,1.9,8.7,16.9,59.0,4.0,10.4,23.6
"A0184","Los Angeles","Claremont, Glendora, La Verne, San Dimas","https://www.californiahealthmaps.org?address=A0184","Male","Urinary",163620,22.8,16.5,31.3,97985,24.3,16.5,37.1,"","","","",39825,"","","",14890,"","","",5,67656,1.9,8.7,16.9,59.0,4.0,10.4,23.6
"A0184","Los Angeles","Claremont, Glendora, La Verne, San Dimas","https://www.californiahealthmaps.org?address=A0184","Female","Urinary",174660,5.2,2.8,9.9,102740,"","","","","","","",43590,"","","",17870,"","","",5,67656,1.9,8.7,16.9,59.0,4.0,10.4,23.6
"A0184","Los Angeles","Claremont, Glendora, La Verne, San Dimas","https://www.californiahealthmaps.org?address=A0184","Male","Kidney",163620,25.8,19.2,34.7,97985,26.1,17.9,39.4,"","","","",39825,"","","",14890,"","","",5,67656,1.9,8.7,16.9,59.0,4.0,10.4,23.6
"A0184","Los Angeles","Claremont, Glendora, La Verne, San Dimas","https://www.californiahealthmaps.org?address=A0184","Female","Kidney",174660,14.9,10.0,22.0,102740,10.6,5.4,21.4,"","","","",43590,"","","",17870,"","","",5,67656,1.9,8.7,16.9,59.0,4.0,10.4,23.6
"A0184","Los Angeles","Claremont, Glendora, La Verne, San Dimas","https://www.californiahealthmaps.org?address=A0184","Male","Thyroid",163620,7.3,3.8,13.3,97985,"","","","","","","",39825,"","","",14890,"","","",5,67656,1.9,8.7,16.9,59.0,4.0,10.4,23.6
"A0184","Los Angeles","Claremont, Glendora, La Verne, San Dimas","https://www.californiahealthmaps.org?address=A0184","Female","Thyroid",174660,28.5,21.2,38.2,102740,26.9,17.1,42.2,"","","","",43590,42.5,25.1,68.4,17870,"","","",5,67656,1.9,8.7,16.9,59.0,4.0,10.4,23.6
"A0184","Los Angeles","Claremont, Glendora, La Verne, San Dimas","https://www.californiahealthmaps.org?address=A0184","Both","AllSite",338280,458.2,438.1,479.3,200725,466.4,441.2,493.4,11120,462.8,352.1,620.5,83415,479.0,428.7,534.0,32760,351.9,293.3,423.8,5,67656,1.9,8.7,16.9,59.0,4.0,10.4,23.6
"A0184","Los Angeles","Claremont, Glendora, La Verne, San Dimas","https://www.californiahealthmaps.org?address=A0184","Both","Lung",338280,36.7,31.3,43.1,200725,41.4,34.7,50.1,11120,"","","",83415,"","","",32760,42.2,23.6,76.5,5,67656,1.9,8.7,16.9,59.0,4.0,10.4,23.6
"A0184","Los Angeles","Claremont, Glendora, La Verne, San Dimas","https://www.californiahealthmaps.org?address=A0184","Both","CRC",338280,42.2,36.3,49.2,200725,44.6,37.2,54.0,11120,"","","",83415,43.2,28.9,62.5,32760,"","","",5,67656,1.9,8.7,16.9,59.0,4.0,10.4,23.6
"A0184","Los Angeles","Claremont, Glendora, La Verne, San Dimas","https://www.californiahealthmaps.org?address=A0184","Both","Mela",338280,29.0,24.0,35.1,200725,36.1,29.0,45.3,11120,"","","",83415,"","","",32760,"","","",5,67656,1.9,8.7,16.9,59.0,4.0,10.4,23.6
"A0184","Los Angeles","Claremont, Glendora, La Verne, San Dimas","https://www.californiahealthmaps.org?address=A0184","Both","Lymph",338280,19.8,15.8,24.9,200725,21.2,15.9,29.0,11120,"","","",83415,"","","",32760,"","","",5,67656,1.9,8.7,16.9,59.0,4.0,10.4,23.6
"A0184","Los Angeles","Claremont, Glendora, La Verne, San Dimas","https://www.californiahealthmaps.org?address=A0184","Both","Urinary",338280,12.6,9.5,16.7,200725,14.0,10.1,20.3,11120,"","","",83415,"","","",32760,"","","",5,67656,1.9,8.7,16.9,59.0,4.0,10.4,23.6
"A0184","Los Angeles","Claremont, Glendora, La Verne, San Dimas","https://www.californiahealthmaps.org?address=A0184","Both","Kidney",338280,19.6,15.6,24.7,200725,17.5,12.6,24.7,11120,"","","",83415,33.5,21.2,50.7,32760,"","","",5,67656,1.9,8.7,16.9,59.0,4.0,10.4,23.6
"A0184","Los Angeles","Claremont, Glendora, La Verne, San Dimas","https://www.californiahealthmaps.org?address=A0184","Both","Thyroid",338280,18.5,14.2,24.0,200725,18.4,12.6,27.0,11120,"","","",83415,24.3,14.5,38.9,32760,"","","",5,67656,1.9,8.7,16.9,59.0,4.0,10.4,23.6
