"Zone","Counties","Cities","URL","Sex","Cancer","PopTot","AAIR","LCI","UCI","White_PopTot","White_AAIR","White_LCI","White_UCI","Black_PopTot","Black_AAIR","Black_LCI","Black_UCI","Hispanic_PopTot","Hispanic_AAIR","Hispanic_LCI","Hispanic_UCI","Asian_PopTot","Asian_AAIR","Asian_LCI","Asian_UCI","QNSES","PopAll","PerRural","PerUninsured","PerForeignBorn","PerWhite","PerBlack","PerAsian","PerHispanic","PerAPI","PerDocvisit","PerFOBT","PerMammo","PerMenPrev","PerPap","PerWomenPrev"
"A1039","San Bernardino","Fontana","https://www.californiahealthmaps.org?address=A1039","Male","AllSite",154515,491.2,437.1,551.5,12575,489.2,383.0,627.6,"","","","",132470,526.2,448.2,618.9,"","","","",1,61525,0.0,34.2,39.4,8.6,3.3,1.8,85.1,1.8,63.0,58.1,81.7,24.6,82.9,26.6
"A1039","San Bernardino","Fontana","https://www.californiahealthmaps.org?address=A1039","Female","AllSite",153110,411.2,369.9,456.3,12675,443.1,350.6,568.0,"","","","",130285,382.5,334.3,438.1,"","","","",1,61525,0.0,34.2,39.4,8.6,3.3,1.8,85.1,1.8,63.0,58.1,81.7,24.6,82.9,26.6
"A1039","San Bernardino","Fontana","https://www.californiahealthmaps.org?address=A1039","Male","Prostate",154515,100.1,76.8,130.0,12575,"","","","","","","",132470,119.3,86.1,167.9,"","","","",1,61525,0.0,34.2,39.4,8.6,3.3,1.8,85.1,1.8,63.0,58.1,81.7,24.6,82.9,26.6
"A1039","San Bernardino","Fontana","https://www.californiahealthmaps.org?address=A1039","Female","Breast",153110,116.3,95.5,140.8,12675,124.6,81.0,204.6,"","","","",130285,105.1,82.5,135.0,"","","","",1,61525,0.0,34.2,39.4,8.6,3.3,1.8,85.1,1.8,63.0,58.1,81.7,24.6,82.9,26.6
"A1039","San Bernardino","Fontana","https://www.californiahealthmaps.org?address=A1039","Male","Lung",154515,48.3,31.5,72.4,12575,"","","","","","","",132470,65.4,36.7,112.6,"","","","",1,61525,0.0,34.2,39.4,8.6,3.3,1.8,85.1,1.8,63.0,58.1,81.7,24.6,82.9,26.6
"A1039","San Bernardino","Fontana","https://www.californiahealthmaps.org?address=A1039","Female","Lung",153110,31.9,20.4,47.9,12675,"","","","","","","",130285,"","","","","","","",1,61525,0.0,34.2,39.4,8.6,3.3,1.8,85.1,1.8,63.0,58.1,81.7,24.6,82.9,26.6
"A1039","San Bernardino","Fontana","https://www.californiahealthmaps.org?address=A1039","Male","CRC",154515,67.7,49.3,92.6,12575,"","","","","","","",132470,78.3,49.5,124.1,"","","","",1,61525,0.0,34.2,39.4,8.6,3.3,1.8,85.1,1.8,63.0,58.1,81.7,24.6,82.9,26.6
"A1039","San Bernardino","Fontana","https://www.californiahealthmaps.org?address=A1039","Female","CRC",153110,26.9,16.9,41.1,12675,"","","","","","","",130285,26.0,14.0,47.1,"","","","",1,61525,0.0,34.2,39.4,8.6,3.3,1.8,85.1,1.8,63.0,58.1,81.7,24.6,82.9,26.6
"A1039","San Bernardino","Fontana","https://www.californiahealthmaps.org?address=A1039","Male","Mela",154515,"","","",12575,"","","","","","","",132470,"","","","","","","",1,61525,0.0,34.2,39.4,8.6,3.3,1.8,85.1,1.8,63.0,58.1,81.7,24.6,82.9,26.6
"A1039","San Bernardino","Fontana","https://www.californiahealthmaps.org?address=A1039","Female","Mela",153110,"","","",12675,"","","","","","","",130285,"","","","","","","",1,61525,0.0,34.2,39.4,8.6,3.3,1.8,85.1,1.8,63.0,58.1,81.7,24.6,82.9,26.6
"A1039","San Bernardino","Fontana","https://www.californiahealthmaps.org?address=A1039","Female","Uterine",153110,25.4,16.4,38.5,12675,"","","","","","","",130285,25.2,14.8,44.0,"","","","",1,61525,0.0,34.2,39.4,8.6,3.3,1.8,85.1,1.8,63.0,58.1,81.7,24.6,82.9,26.6
"A1039","San Bernardino","Fontana","https://www.californiahealthmaps.org?address=A1039","Male","Lymph",154515,30.1,17.9,49.4,12575,"","","","","","","",132470,40.4,19.3,80.5,"","","","",1,61525,0.0,34.2,39.4,8.6,3.3,1.8,85.1,1.8,63.0,58.1,81.7,24.6,82.9,26.6
"A1039","San Bernardino","Fontana","https://www.californiahealthmaps.org?address=A1039","Female","Lymph",153110,22.0,12.7,35.7,12675,"","","","","","","",130285,31.0,16.6,54.9,"","","","",1,61525,0.0,34.2,39.4,8.6,3.3,1.8,85.1,1.8,63.0,58.1,81.7,24.6,82.9,26.6
"A1039","San Bernardino","Fontana","https://www.californiahealthmaps.org?address=A1039","Male","Urinary",154515,"","","",12575,"","","","","","","",132470,"","","","","","","",1,61525,0.0,34.2,39.4,8.6,3.3,1.8,85.1,1.8,63.0,58.1,81.7,24.6,82.9,26.6
"A1039","San Bernardino","Fontana","https://www.californiahealthmaps.org?address=A1039","Female","Urinary",153110,"","","",12675,"","","","","","","",130285,"","","","","","","",1,61525,0.0,34.2,39.4,8.6,3.3,1.8,85.1,1.8,63.0,58.1,81.7,24.6,82.9,26.6
"A1039","San Bernardino","Fontana","https://www.californiahealthmaps.org?address=A1039","Male","Kidney",154515,25.1,15.9,40.8,12575,"","","","","","","",132470,22.3,11.9,50.8,"","","","",1,61525,0.0,34.2,39.4,8.6,3.3,1.8,85.1,1.8,63.0,58.1,81.7,24.6,82.9,26.6
"A1039","San Bernardino","Fontana","https://www.californiahealthmaps.org?address=A1039","Female","Kidney",153110,22.5,13.4,35.8,12675,"","","","","","","",130285,"","","","","","","",1,61525,0.0,34.2,39.4,8.6,3.3,1.8,85.1,1.8,63.0,58.1,81.7,24.6,82.9,26.6
"A1039","San Bernardino","Fontana","https://www.californiahealthmaps.org?address=A1039","Male","Thyroid",154515,"","","",12575,"","","","","","","",132470,"","","","","","","",1,61525,0.0,34.2,39.4,8.6,3.3,1.8,85.1,1.8,63.0,58.1,81.7,24.6,82.9,26.6
"A1039","San Bernardino","Fontana","https://www.californiahealthmaps.org?address=A1039","Female","Thyroid",153110,27.7,18.7,40.6,12675,"","","","","","","",130285,33.2,20.7,54.1,"","","","",1,61525,0.0,34.2,39.4,8.6,3.3,1.8,85.1,1.8,63.0,58.1,81.7,24.6,82.9,26.6
"A1039","San Bernardino","Fontana","https://www.californiahealthmaps.org?address=A1039","Male","Liver",154515,"","","",12575,"","","","","","","",132470,"","","","","","","",1,61525,0.0,34.2,39.4,8.6,3.3,1.8,85.1,1.8,63.0,58.1,81.7,24.6,82.9,26.6
"A1039","San Bernardino","Fontana","https://www.californiahealthmaps.org?address=A1039","Female","Liver",153110,"","","",12675,"","","","","","","",130285,"","","","","","","",1,61525,0.0,34.2,39.4,8.6,3.3,1.8,85.1,1.8,63.0,58.1,81.7,24.6,82.9,26.6
"A1039","San Bernardino","Fontana","https://www.californiahealthmaps.org?address=A1039","Male","Pancreas",154515,"","","",12575,"","","","","","","",132470,"","","","","","","",1,61525,0.0,34.2,39.4,8.6,3.3,1.8,85.1,1.8,63.0,58.1,81.7,24.6,82.9,26.6
"A1039","San Bernardino","Fontana","https://www.californiahealthmaps.org?address=A1039","Female","Pancreas",153110,"","","",12675,"","","","","","","",130285,"","","","","","","",1,61525,0.0,34.2,39.4,8.6,3.3,1.8,85.1,1.8,63.0,58.1,81.7,24.6,82.9,26.6
"A1039","San Bernardino","Fontana","https://www.californiahealthmaps.org?address=A1039","Both","AllSite",307625,440.2,407.4,475.3,25250,462.7,391.8,548.9,11805,623.8,454.5,852.5,262755,433.5,391.7,480.1,"","","","",1,61525,0.0,34.2,39.4,8.6,3.3,1.8,85.1,1.8,63.0,58.1,81.7,24.6,82.9,26.6
"A1039","San Bernardino","Fontana","https://www.californiahealthmaps.org?address=A1039","Both","Lung",307625,38.5,28.6,51.1,25250,54.2,32.9,93.8,11805,"","","",262755,33.0,20.9,51.1,"","","","",1,61525,0.0,34.2,39.4,8.6,3.3,1.8,85.1,1.8,63.0,58.1,81.7,24.6,82.9,26.6
"A1039","San Bernardino","Fontana","https://www.californiahealthmaps.org?address=A1039","Both","CRC",307625,45.2,35.2,57.6,25250,"","","",11805,"","","",262755,48.0,34.4,67.1,"","","","",1,61525,0.0,34.2,39.4,8.6,3.3,1.8,85.1,1.8,63.0,58.1,81.7,24.6,82.9,26.6
"A1039","San Bernardino","Fontana","https://www.californiahealthmaps.org?address=A1039","Both","Mela",307625,12.0,7.1,19.6,25250,47.0,25.0,88.7,11805,"","","",262755,"","","","","","","",1,61525,0.0,34.2,39.4,8.6,3.3,1.8,85.1,1.8,63.0,58.1,81.7,24.6,82.9,26.6
"A1039","San Bernardino","Fontana","https://www.californiahealthmaps.org?address=A1039","Both","Lymph",307625,25.5,17.9,35.7,25250,"","","",11805,"","","",262755,34.4,22.2,52.6,"","","","",1,61525,0.0,34.2,39.4,8.6,3.3,1.8,85.1,1.8,63.0,58.1,81.7,24.6,82.9,26.6
"A1039","San Bernardino","Fontana","https://www.californiahealthmaps.org?address=A1039","Both","Urinary",307625,"","","",25250,"","","",11805,"","","",262755,"","","","","","","",1,61525,0.0,34.2,39.4,8.6,3.3,1.8,85.1,1.8,63.0,58.1,81.7,24.6,82.9,26.6
"A1039","San Bernardino","Fontana","https://www.californiahealthmaps.org?address=A1039","Both","Kidney",307625,24.2,17.4,33.4,25250,"","","",11805,"","","",262755,19.1,12.1,31.7,"","","","",1,61525,0.0,34.2,39.4,8.6,3.3,1.8,85.1,1.8,63.0,58.1,81.7,24.6,82.9,26.6
"A1039","San Bernardino","Fontana","https://www.californiahealthmaps.org?address=A1039","Both","Thyroid",307625,15.3,10.3,22.7,25250,"","","",11805,"","","",262755,18.5,11.4,31.2,"","","","",1,61525,0.0,34.2,39.4,8.6,3.3,1.8,85.1,1.8,63.0,58.1,81.7,24.6,82.9,26.6
"A1039","San Bernardino","Fontana","https://www.californiahealthmaps.org?address=A1039","Both","Liver",307625,12.2,7.1,20.0,25250,"","","",11805,"","","",262755,"","","","","","","",1,61525,0.0,34.2,39.4,8.6,3.3,1.8,85.1,1.8,63.0,58.1,81.7,24.6,82.9,26.6
"A1039","San Bernardino","Fontana","https://www.californiahealthmaps.org?address=A1039","Both","Pancreas",307625,8.6,4.7,15.2,25250,"","","",11805,"","","",262755,"","","","","","","",1,61525,0.0,34.2,39.4,8.6,3.3,1.8,85.1,1.8,63.0,58.1,81.7,24.6,82.9,26.6
