"Zone","Counties","Cities","URL","Sex","Cancer","PopTot","AAIR","LCI","UCI","White_PopTot","White_AAIR","White_LCI","White_UCI","Black_PopTot","Black_AAIR","Black_LCI","Black_UCI","Hispanic_PopTot","Hispanic_AAIR","Hispanic_LCI","Hispanic_UCI","Asian_PopTot","Asian_AAIR","Asian_LCI","Asian_UCI","QNSES","PopAll","PerRural","PerUninsured","PerForeignBorn","PerWhite","PerBlack","PerAsian","PerHispanic"
"A0091","Ventura","Oxnard","https://www.californiahealthmaps.org?address=A0091","Male","AllSite",175790,427.5,387.3,471.2,11055,584.7,478.3,749.3,"","","","",147570,368.6,320.4,423.2,11915,449.9,342.1,588.1,2,68173,0.0,31.2,45.9,7.1,2.2,8.3,81.0
"A0091","Ventura","Oxnard","https://www.californiahealthmaps.org?address=A0091","Female","AllSite",165075,381.7,347.8,418.2,10735,523.8,418.5,679.3,"","","","",135640,358.3,315.4,406.3,13495,304.8,229.5,406.1,2,68173,0.0,31.2,45.9,7.1,2.2,8.3,81.0
"A0091","Ventura","Oxnard","https://www.californiahealthmaps.org?address=A0091","Male","Prostate",175790,101.0,81.9,124.0,11055,116.8,73.6,235.1,"","","","",147570,92.1,68.1,123.1,11915,112.8,65.7,191.7,2,68173,0.0,31.2,45.9,7.1,2.2,8.3,81.0
"A0091","Ventura","Oxnard","https://www.californiahealthmaps.org?address=A0091","Female","Breast",165075,92.8,76.4,111.7,10735,88.7,49.9,192.7,"","","","",135640,87.9,67.7,113.4,13495,95.7,57.3,162.3,2,68173,0.0,31.2,45.9,7.1,2.2,8.3,81.0
"A0091","Ventura","Oxnard","https://www.californiahealthmaps.org?address=A0091","Male","Lung",175790,52.5,38.1,71.1,11055,79.6,45.1,194.3,"","","","",147570,30.0,16.2,51.8,11915,"","","",2,68173,0.0,31.2,45.9,7.1,2.2,8.3,81.0
"A0091","Ventura","Oxnard","https://www.californiahealthmaps.org?address=A0091","Female","Lung",165075,39.8,29.1,53.3,10735,80.6,48.4,178.9,"","","","",135640,"","","",13495,"","","",2,68173,0.0,31.2,45.9,7.1,2.2,8.3,81.0
"A0091","Ventura","Oxnard","https://www.californiahealthmaps.org?address=A0091","Male","CRC",175790,37.8,26.8,52.7,11055,"","","","","","","",147570,35.4,22.0,55.8,11915,"","","",2,68173,0.0,31.2,45.9,7.1,2.2,8.3,81.0
"A0091","Ventura","Oxnard","https://www.californiahealthmaps.org?address=A0091","Female","CRC",165075,33.7,24.3,45.9,10735,"","","","","","","",135640,25.0,15.2,40.5,13495,"","","",2,68173,0.0,31.2,45.9,7.1,2.2,8.3,81.0
"A0091","Ventura","Oxnard","https://www.californiahealthmaps.org?address=A0091","Male","Mela",175790,10.7,5.4,20.3,11055,"","","","","","","",147570,"","","",11915,"","","",2,68173,0.0,31.2,45.9,7.1,2.2,8.3,81.0
"A0091","Ventura","Oxnard","https://www.californiahealthmaps.org?address=A0091","Female","Mela",165075,9.7,5.1,17.0,10735,"","","","","","","",135640,"","","",13495,"","","",2,68173,0.0,31.2,45.9,7.1,2.2,8.3,81.0
"A0091","Ventura","Oxnard","https://www.californiahealthmaps.org?address=A0091","Female","Uterine",165075,33.6,24.4,45.6,10735,"","","","","","","",135640,32.8,21.9,49.1,13495,"","","",2,68173,0.0,31.2,45.9,7.1,2.2,8.3,81.0
"A0091","Ventura","Oxnard","https://www.californiahealthmaps.org?address=A0091","Male","Lymph",175790,16.8,9.8,27.8,11055,"","","","","","","",147570,"","","",11915,"","","",2,68173,0.0,31.2,45.9,7.1,2.2,8.3,81.0
"A0091","Ventura","Oxnard","https://www.californiahealthmaps.org?address=A0091","Female","Lymph",165075,20.3,13.0,30.4,10735,"","","","","","","",135640,25.3,14.4,42.3,13495,"","","",2,68173,0.0,31.2,45.9,7.1,2.2,8.3,81.0
"A0091","Ventura","Oxnard","https://www.californiahealthmaps.org?address=A0091","Male","Urinary",175790,14.6,7.6,25.9,11055,"","","","","","","",147570,"","","",11915,"","","",2,68173,0.0,31.2,45.9,7.1,2.2,8.3,81.0
"A0091","Ventura","Oxnard","https://www.californiahealthmaps.org?address=A0091","Female","Urinary",165075,1.7,0.2,6.4,10735,"","","","","","","",135640,"","","",13495,"","","",2,68173,0.0,31.2,45.9,7.1,2.2,8.3,81.0
"A0091","Ventura","Oxnard","https://www.californiahealthmaps.org?address=A0091","Male","Kidney",175790,18.4,11.1,29.8,11055,"","","","","","","",147570,"","","",11915,"","","",2,68173,0.0,31.2,45.9,7.1,2.2,8.3,81.0
"A0091","Ventura","Oxnard","https://www.californiahealthmaps.org?address=A0091","Female","Kidney",165075,11.8,6.4,20.1,10735,"","","","","","","",135640,"","","",13495,"","","",2,68173,0.0,31.2,45.9,7.1,2.2,8.3,81.0
"A0091","Ventura","Oxnard","https://www.californiahealthmaps.org?address=A0091","Male","Thyroid",175790,9.9,5.1,18.8,11055,"","","","","","","",147570,"","","",11915,"","","",2,68173,0.0,31.2,45.9,7.1,2.2,8.3,81.0
"A0091","Ventura","Oxnard","https://www.californiahealthmaps.org?address=A0091","Female","Thyroid",165075,31.4,22.6,43.0,10735,"","","","","","","",135640,34.7,23.3,51.5,13495,"","","",2,68173,0.0,31.2,45.9,7.1,2.2,8.3,81.0
"A0091","Ventura","Oxnard","https://www.californiahealthmaps.org?address=A0091","Both","AllSite",340865,398.4,372.6,425.6,21790,541.1,467.4,638.3,"","","","",283210,359.3,327.3,394.2,25410,360.5,297.5,436.8,2,68173,0.0,31.2,45.9,7.1,2.2,8.3,81.0
"A0091","Ventura","Oxnard","https://www.californiahealthmaps.org?address=A0091","Both","Lung",340865,45.0,36.2,55.4,21790,80.4,55.9,135.1,"","","","",283210,23.3,14.9,35.1,25410,76.6,49.0,119.0,2,68173,0.0,31.2,45.9,7.1,2.2,8.3,81.0
"A0091","Ventura","Oxnard","https://www.californiahealthmaps.org?address=A0091","Both","CRC",340865,35.5,28.1,44.3,21790,53.3,32.5,106.7,"","","","",283210,29.9,21.4,41.3,25410,"","","",2,68173,0.0,31.2,45.9,7.1,2.2,8.3,81.0
"A0091","Ventura","Oxnard","https://www.californiahealthmaps.org?address=A0091","Both","Mela",340865,10.0,6.4,15.1,21790,41.0,21.0,95.2,"","","","",283210,"","","",25410,"","","",2,68173,0.0,31.2,45.9,7.1,2.2,8.3,81.0
"A0091","Ventura","Oxnard","https://www.californiahealthmaps.org?address=A0091","Both","Lymph",340865,18.8,13.5,25.6,21790,"","","","","","","",283210,22.0,14.6,32.5,25410,"","","",2,68173,0.0,31.2,45.9,7.1,2.2,8.3,81.0
"A0091","Ventura","Oxnard","https://www.californiahealthmaps.org?address=A0091","Both","Urinary",340865,7.3,4.1,12.2,21790,"","","","","","","",283210,"","","",25410,"","","",2,68173,0.0,31.2,45.9,7.1,2.2,8.3,81.0
"A0091","Ventura","Oxnard","https://www.californiahealthmaps.org?address=A0091","Both","Kidney",340865,15.0,10.3,21.3,21790,"","","","","","","",283210,13.2,7.8,21.9,25410,"","","",2,68173,0.0,31.2,45.9,7.1,2.2,8.3,81.0
"A0091","Ventura","Oxnard","https://www.californiahealthmaps.org?address=A0091","Both","Thyroid",340865,20.9,15.6,27.6,21790,"","","","","","","",283210,22.2,15.6,31.7,25410,"","","",2,68173,0.0,31.2,45.9,7.1,2.2,8.3,81.0
