"Zone","Counties","Cities","URL","Sex","Cancer","PopTot","AAIR","LCI","UCI","White_PopTot","White_AAIR","White_LCI","White_UCI","Black_PopTot","Black_AAIR","Black_LCI","Black_UCI","Hispanic_PopTot","Hispanic_AAIR","Hispanic_LCI","Hispanic_UCI","Asian_PopTot","Asian_AAIR","Asian_LCI","Asian_UCI","QNSES","PopAll","PerRural","PerUninsured","PerForeignBorn","PerWhite","PerBlack","PerAsian","PerHispanic","PerAPI","PerDocvisit","PerFOBT","PerMammo","PerMenPrev","PerPap","PerWomenPrev"
"A0650","Kern","Tehachapi","https://www.californiahealthmaps.org?address=A0650","Male","AllSite",171545,459.2,425.1,496.0,103880,476.7,438.1,518.6,10605,598.9,398.3,1173.8,48765,373.4,278.6,499.9,"","","","",3,62578,42.3,13.9,9.7,63.3,4.1,2.4,26.9,2.4,"","","","","",""
"A0650","Kern","Tehachapi","https://www.californiahealthmaps.org?address=A0650","Female","AllSite",141345,412.2,380.6,446.1,93510,426.1,389.7,466.2,"","","","",33875,341.1,259.9,444.6,"","","","",3,62578,42.3,13.9,9.7,63.3,4.1,2.4,26.9,2.4,"","","","","",""
"A0650","Kern","Tehachapi","https://www.californiahealthmaps.org?address=A0650","Male","Prostate",171545,114.7,98.1,134.2,103880,106.9,89.5,127.6,10605,"","","",48765,"","","","","","","",3,62578,42.3,13.9,9.7,63.3,4.1,2.4,26.9,2.4,"","","","","",""
"A0650","Kern","Tehachapi","https://www.californiahealthmaps.org?address=A0650","Female","Breast",141345,123.0,106.4,141.9,93510,128.5,109.4,151.4,"","","","",33875,76.2,41.4,135.5,"","","","",3,62578,42.3,13.9,9.7,63.3,4.1,2.4,26.9,2.4,"","","","","",""
"A0650","Kern","Tehachapi","https://www.californiahealthmaps.org?address=A0650","Male","Lung",171545,53.6,42.2,68.0,103880,53.1,40.9,68.8,10605,"","","",48765,"","","","","","","",3,62578,42.3,13.9,9.7,63.3,4.1,2.4,26.9,2.4,"","","","","",""
"A0650","Kern","Tehachapi","https://www.californiahealthmaps.org?address=A0650","Female","Lung",141345,46.5,36.3,59.3,93510,49.0,37.5,64.3,"","","","",33875,"","","","","","","",3,62578,42.3,13.9,9.7,63.3,4.1,2.4,26.9,2.4,"","","","","",""
"A0650","Kern","Tehachapi","https://www.californiahealthmaps.org?address=A0650","Male","CRC",171545,42.8,32.7,55.9,103880,43.2,32.1,57.8,10605,"","","",48765,"","","","","","","",3,62578,42.3,13.9,9.7,63.3,4.1,2.4,26.9,2.4,"","","","","",""
"A0650","Kern","Tehachapi","https://www.californiahealthmaps.org?address=A0650","Female","CRC",141345,37.0,28.0,48.5,93510,38.2,28.1,52.3,"","","","",33875,"","","","","","","",3,62578,42.3,13.9,9.7,63.3,4.1,2.4,26.9,2.4,"","","","","",""
"A0650","Kern","Tehachapi","https://www.californiahealthmaps.org?address=A0650","Male","Mela",171545,23.4,16.0,34.1,103880,29.3,20.1,42.2,10605,"","","",48765,"","","","","","","",3,62578,42.3,13.9,9.7,63.3,4.1,2.4,26.9,2.4,"","","","","",""
"A0650","Kern","Tehachapi","https://www.californiahealthmaps.org?address=A0650","Female","Mela",141345,17.3,11.1,26.3,93510,20.4,12.4,32.8,"","","","",33875,"","","","","","","",3,62578,42.3,13.9,9.7,63.3,4.1,2.4,26.9,2.4,"","","","","",""
"A0650","Kern","Tehachapi","https://www.californiahealthmaps.org?address=A0650","Female","Uterine",141345,27.1,19.7,36.9,93510,27.5,19.6,39.3,"","","","",33875,"","","","","","","",3,62578,42.3,13.9,9.7,63.3,4.1,2.4,26.9,2.4,"","","","","",""
"A0650","Kern","Tehachapi","https://www.californiahealthmaps.org?address=A0650","Male","Lymph",171545,15.3,9.8,24.1,103880,13.7,8.0,23.2,10605,"","","",48765,"","","","","","","",3,62578,42.3,13.9,9.7,63.3,4.1,2.4,26.9,2.4,"","","","","",""
"A0650","Kern","Tehachapi","https://www.californiahealthmaps.org?address=A0650","Female","Lymph",141345,23.1,15.9,32.9,93510,19.6,12.4,31.2,"","","","",33875,"","","","","","","",3,62578,42.3,13.9,9.7,63.3,4.1,2.4,26.9,2.4,"","","","","",""
"A0650","Kern","Tehachapi","https://www.californiahealthmaps.org?address=A0650","Male","Urinary",171545,21.1,13.6,32.0,103880,23.5,15.0,36.0,10605,"","","",48765,"","","","","","","",3,62578,42.3,13.9,9.7,63.3,4.1,2.4,26.9,2.4,"","","","","",""
"A0650","Kern","Tehachapi","https://www.californiahealthmaps.org?address=A0650","Female","Urinary",141345,"","","",93510,"","","","","","","",33875,"","","","","","","",3,62578,42.3,13.9,9.7,63.3,4.1,2.4,26.9,2.4,"","","","","",""
"A0650","Kern","Tehachapi","https://www.californiahealthmaps.org?address=A0650","Male","Kidney",171545,28.0,20.5,38.4,103880,29.8,21.2,42.0,10605,"","","",48765,"","","","","","","",3,62578,42.3,13.9,9.7,63.3,4.1,2.4,26.9,2.4,"","","","","",""
"A0650","Kern","Tehachapi","https://www.californiahealthmaps.org?address=A0650","Female","Kidney",141345,10.6,6.2,17.7,93510,11.1,6.1,20.5,"","","","",33875,"","","","","","","",3,62578,42.3,13.9,9.7,63.3,4.1,2.4,26.9,2.4,"","","","","",""
"A0650","Kern","Tehachapi","https://www.californiahealthmaps.org?address=A0650","Male","Thyroid",171545,"","","",103880,"","","",10605,"","","",48765,"","","","","","","",3,62578,42.3,13.9,9.7,63.3,4.1,2.4,26.9,2.4,"","","","","",""
"A0650","Kern","Tehachapi","https://www.californiahealthmaps.org?address=A0650","Female","Thyroid",141345,19.6,12.6,29.5,93510,18.0,9.8,31.2,"","","","",33875,"","","","","","","",3,62578,42.3,13.9,9.7,63.3,4.1,2.4,26.9,2.4,"","","","","",""
"A0650","Kern","Tehachapi","https://www.californiahealthmaps.org?address=A0650","Male","Liver",171545,12.7,8.2,20.4,103880,"","","",10605,"","","",48765,"","","","","","","",3,62578,42.3,13.9,9.7,63.3,4.1,2.4,26.9,2.4,"","","","","",""
"A0650","Kern","Tehachapi","https://www.californiahealthmaps.org?address=A0650","Female","Liver",141345,"","","",93510,"","","","","","","",33875,"","","","","","","",3,62578,42.3,13.9,9.7,63.3,4.1,2.4,26.9,2.4,"","","","","",""
"A0650","Kern","Tehachapi","https://www.californiahealthmaps.org?address=A0650","Male","Pancreas",171545,13.8,8.1,22.8,103880,15.9,9.3,26.3,10605,"","","",48765,"","","","","","","",3,62578,42.3,13.9,9.7,63.3,4.1,2.4,26.9,2.4,"","","","","",""
"A0650","Kern","Tehachapi","https://www.californiahealthmaps.org?address=A0650","Female","Pancreas",141345,15.3,9.8,23.5,93510,16.9,10.4,27.6,"","","","",33875,"","","","","","","",3,62578,42.3,13.9,9.7,63.3,4.1,2.4,26.9,2.4,"","","","","",""
"A0650","Kern","Tehachapi","https://www.californiahealthmaps.org?address=A0650","Both","AllSite",312890,430.1,407.3,454.0,197390,448.5,422.2,476.5,15170,502.3,365.1,690.0,82640,343.4,282.8,415.7,"","","","",3,62578,42.3,13.9,9.7,63.3,4.1,2.4,26.9,2.4,"","","","","",""
"A0650","Kern","Tehachapi","https://www.californiahealthmaps.org?address=A0650","Both","Lung",312890,50.3,42.5,59.3,197390,51.4,42.8,61.7,15170,"","","",82640,"","","","","","","",3,62578,42.3,13.9,9.7,63.3,4.1,2.4,26.9,2.4,"","","","","",""
"A0650","Kern","Tehachapi","https://www.californiahealthmaps.org?address=A0650","Both","CRC",312890,39.7,32.9,47.7,197390,40.9,33.2,50.3,15170,"","","",82640,"","","","","","","",3,62578,42.3,13.9,9.7,63.3,4.1,2.4,26.9,2.4,"","","","","",""
"A0650","Kern","Tehachapi","https://www.californiahealthmaps.org?address=A0650","Both","Mela",312890,19.7,15.0,25.7,197390,24.4,18.3,32.2,15170,"","","",82640,"","","","","","","",3,62578,42.3,13.9,9.7,63.3,4.1,2.4,26.9,2.4,"","","","","",""
"A0650","Kern","Tehachapi","https://www.californiahealthmaps.org?address=A0650","Both","Lymph",312890,18.5,14.1,24.1,197390,16.4,11.7,22.8,15170,"","","",82640,"","","","","","","",3,62578,42.3,13.9,9.7,63.3,4.1,2.4,26.9,2.4,"","","","","",""
"A0650","Kern","Tehachapi","https://www.californiahealthmaps.org?address=A0650","Both","Urinary",312890,12.0,8.2,17.1,197390,13.3,9.0,19.6,15170,"","","",82640,"","","","","","","",3,62578,42.3,13.9,9.7,63.3,4.1,2.4,26.9,2.4,"","","","","",""
"A0650","Kern","Tehachapi","https://www.californiahealthmaps.org?address=A0650","Both","Kidney",312890,19.7,15.2,25.5,197390,21.0,15.7,28.0,15170,"","","",82640,"","","","","","","",3,62578,42.3,13.9,9.7,63.3,4.1,2.4,26.9,2.4,"","","","","",""
"A0650","Kern","Tehachapi","https://www.californiahealthmaps.org?address=A0650","Both","Thyroid",312890,12.0,8.4,16.8,197390,12.7,8.1,19.4,15170,"","","",82640,"","","","","","","",3,62578,42.3,13.9,9.7,63.3,4.1,2.4,26.9,2.4,"","","","","",""
"A0650","Kern","Tehachapi","https://www.californiahealthmaps.org?address=A0650","Both","Liver",312890,8.8,5.9,12.9,197390,5.6,3.1,10.0,15170,"","","",82640,"","","","","","","",3,62578,42.3,13.9,9.7,63.3,4.1,2.4,26.9,2.4,"","","","","",""
"A0650","Kern","Tehachapi","https://www.californiahealthmaps.org?address=A0650","Both","Pancreas",312890,14.1,10.2,19.3,197390,15.9,11.3,22.3,15170,"","","",82640,"","","","","","","",3,62578,42.3,13.9,9.7,63.3,4.1,2.4,26.9,2.4,"","","","","",""
