"Zone","Counties","Cities","URL","Sex","Cancer","PopTot","AAIR","LCI","UCI","White_PopTot","White_AAIR","White_LCI","White_UCI","Black_PopTot","Black_AAIR","Black_LCI","Black_UCI","Hispanic_PopTot","Hispanic_AAIR","Hispanic_LCI","Hispanic_UCI","Asian_PopTot","Asian_AAIR","Asian_LCI","Asian_UCI","QNSES","PopAll","PerRural","PerUninsured","PerForeignBorn","PerWhite","PerBlack","PerAsian","PerHispanic","PerAPI","PerDocvisit","PerFOBT","PerMammo","PerMenPrev","PerPap","PerWomenPrev"
"A1030","Los Angeles","Santa Clarita, Palmdale","https://www.californiahealthmaps.org?address=A1030","Male","AllSite",155570,495.7,452.2,543.2,95445,482.2,432.8,536.8,"","","","",36830,520.6,402.2,674.7,12140,546.8,356.5,824.8,4,62803,8.3,8.2,15.7,60.5,2.5,8.5,23.4,8.5,66.2,68.0,80.0,32.9,85.6,40.3
"A1030","Los Angeles","Santa Clarita, Palmdale","https://www.californiahealthmaps.org?address=A1030","Female","AllSite",158445,457.5,421.7,495.9,94815,470.6,426.7,518.4,"","","","",38340,378.7,301.6,474.2,14070,473.0,363.7,610.9,4,62803,8.3,8.2,15.7,60.5,2.5,8.5,23.4,8.5,66.2,68.0,80.0,32.9,85.6,40.3
"A1030","Los Angeles","Santa Clarita, Palmdale","https://www.californiahealthmaps.org?address=A1030","Male","Prostate",155570,145.7,123.6,171.6,95445,131.4,107.3,160.6,"","","","",36830,193.9,125.7,300.1,12140,"","","",4,62803,8.3,8.2,15.7,60.5,2.5,8.5,23.4,8.5,66.2,68.0,80.0,32.9,85.6,40.3
"A1030","Los Angeles","Santa Clarita, Palmdale","https://www.californiahealthmaps.org?address=A1030","Female","Breast",158445,160.5,140.1,183.6,94815,161.6,136.9,190.1,"","","","",38340,156.2,108.1,223.7,14070,161.3,101.6,250.8,4,62803,8.3,8.2,15.7,60.5,2.5,8.5,23.4,8.5,66.2,68.0,80.0,32.9,85.6,40.3
"A1030","Los Angeles","Santa Clarita, Palmdale","https://www.californiahealthmaps.org?address=A1030","Male","Lung",155570,49.7,35.2,68.9,95445,46.7,31.1,68.5,"","","","",36830,"","","",12140,"","","",4,62803,8.3,8.2,15.7,60.5,2.5,8.5,23.4,8.5,66.2,68.0,80.0,32.9,85.6,40.3
"A1030","Los Angeles","Santa Clarita, Palmdale","https://www.californiahealthmaps.org?address=A1030","Female","Lung",158445,35.8,25.7,48.9,94815,34.7,23.1,50.7,"","","","",38340,"","","",14070,"","","",4,62803,8.3,8.2,15.7,60.5,2.5,8.5,23.4,8.5,66.2,68.0,80.0,32.9,85.6,40.3
"A1030","Los Angeles","Santa Clarita, Palmdale","https://www.californiahealthmaps.org?address=A1030","Male","CRC",155570,30.6,21.2,44.1,95445,26.6,17.1,41.6,"","","","",36830,"","","",12140,"","","",4,62803,8.3,8.2,15.7,60.5,2.5,8.5,23.4,8.5,66.2,68.0,80.0,32.9,85.6,40.3
"A1030","Los Angeles","Santa Clarita, Palmdale","https://www.californiahealthmaps.org?address=A1030","Female","CRC",158445,30.6,22.1,41.9,94815,31.3,21.3,45.3,"","","","",38340,"","","",14070,"","","",4,62803,8.3,8.2,15.7,60.5,2.5,8.5,23.4,8.5,66.2,68.0,80.0,32.9,85.6,40.3
"A1030","Los Angeles","Santa Clarita, Palmdale","https://www.californiahealthmaps.org?address=A1030","Male","Mela",155570,35.4,24.3,51.0,95445,44.2,29.7,64.6,"","","","",36830,"","","",12140,"","","",4,62803,8.3,8.2,15.7,60.5,2.5,8.5,23.4,8.5,66.2,68.0,80.0,32.9,85.6,40.3
"A1030","Los Angeles","Santa Clarita, Palmdale","https://www.californiahealthmaps.org?address=A1030","Female","Mela",158445,15.0,9.2,23.7,94815,19.3,11.6,31.3,"","","","",38340,"","","",14070,"","","",4,62803,8.3,8.2,15.7,60.5,2.5,8.5,23.4,8.5,66.2,68.0,80.0,32.9,85.6,40.3
"A1030","Los Angeles","Santa Clarita, Palmdale","https://www.californiahealthmaps.org?address=A1030","Female","Uterine",158445,39.7,30.0,52.1,94815,40.9,29.0,56.9,"","","","",38340,"","","",14070,"","","",4,62803,8.3,8.2,15.7,60.5,2.5,8.5,23.4,8.5,66.2,68.0,80.0,32.9,85.6,40.3
"A1030","Los Angeles","Santa Clarita, Palmdale","https://www.californiahealthmaps.org?address=A1030","Male","Lymph",155570,24.1,14.9,38.0,95445,25.5,14.6,42.5,"","","","",36830,"","","",12140,"","","",4,62803,8.3,8.2,15.7,60.5,2.5,8.5,23.4,8.5,66.2,68.0,80.0,32.9,85.6,40.3
"A1030","Los Angeles","Santa Clarita, Palmdale","https://www.californiahealthmaps.org?address=A1030","Female","Lymph",158445,17.0,10.6,26.3,94815,19.5,11.2,32.3,"","","","",38340,"","","",14070,"","","",4,62803,8.3,8.2,15.7,60.5,2.5,8.5,23.4,8.5,66.2,68.0,80.0,32.9,85.6,40.3
"A1030","Los Angeles","Santa Clarita, Palmdale","https://www.californiahealthmaps.org?address=A1030","Male","Urinary",155570,21.2,12.2,35.1,95445,28.3,16.4,46.5,"","","","",36830,"","","",12140,"","","",4,62803,8.3,8.2,15.7,60.5,2.5,8.5,23.4,8.5,66.2,68.0,80.0,32.9,85.6,40.3
"A1030","Los Angeles","Santa Clarita, Palmdale","https://www.californiahealthmaps.org?address=A1030","Female","Urinary",158445,"","","",94815,"","","","","","","",38340,"","","",14070,"","","",4,62803,8.3,8.2,15.7,60.5,2.5,8.5,23.4,8.5,66.2,68.0,80.0,32.9,85.6,40.3
"A1030","Los Angeles","Santa Clarita, Palmdale","https://www.californiahealthmaps.org?address=A1030","Male","Kidney",155570,30.0,20.3,43.8,95445,26.6,16.8,41.9,"","","","",36830,"","","",12140,"","","",4,62803,8.3,8.2,15.7,60.5,2.5,8.5,23.4,8.5,66.2,68.0,80.0,32.9,85.6,40.3
"A1030","Los Angeles","Santa Clarita, Palmdale","https://www.californiahealthmaps.org?address=A1030","Female","Kidney",158445,10.6,5.8,18.4,94815,"","","","","","","",38340,"","","",14070,"","","",4,62803,8.3,8.2,15.7,60.5,2.5,8.5,23.4,8.5,66.2,68.0,80.0,32.9,85.6,40.3
"A1030","Los Angeles","Santa Clarita, Palmdale","https://www.californiahealthmaps.org?address=A1030","Male","Thyroid",155570,"","","",95445,"","","","","","","",36830,"","","",12140,"","","",4,62803,8.3,8.2,15.7,60.5,2.5,8.5,23.4,8.5,66.2,68.0,80.0,32.9,85.6,40.3
"A1030","Los Angeles","Santa Clarita, Palmdale","https://www.californiahealthmaps.org?address=A1030","Female","Thyroid",158445,21.6,14.9,31.0,94815,14.4,7.7,25.6,"","","","",38340,"","","",14070,"","","",4,62803,8.3,8.2,15.7,60.5,2.5,8.5,23.4,8.5,66.2,68.0,80.0,32.9,85.6,40.3
"A1030","Los Angeles","Santa Clarita, Palmdale","https://www.californiahealthmaps.org?address=A1030","Male","Liver",155570,"","","",95445,"","","","","","","",36830,"","","",12140,"","","",4,62803,8.3,8.2,15.7,60.5,2.5,8.5,23.4,8.5,66.2,68.0,80.0,32.9,85.6,40.3
"A1030","Los Angeles","Santa Clarita, Palmdale","https://www.californiahealthmaps.org?address=A1030","Female","Liver",158445,"","","",94815,"","","","","","","",38340,"","","",14070,"","","",4,62803,8.3,8.2,15.7,60.5,2.5,8.5,23.4,8.5,66.2,68.0,80.0,32.9,85.6,40.3
"A1030","Los Angeles","Santa Clarita, Palmdale","https://www.californiahealthmaps.org?address=A1030","Male","Pancreas",155570,"","","",95445,"","","","","","","",36830,"","","",12140,"","","",4,62803,8.3,8.2,15.7,60.5,2.5,8.5,23.4,8.5,66.2,68.0,80.0,32.9,85.6,40.3
"A1030","Los Angeles","Santa Clarita, Palmdale","https://www.californiahealthmaps.org?address=A1030","Female","Pancreas",158445,11.6,6.3,20.1,94815,"","","","","","","",38340,"","","",14070,"","","",4,62803,8.3,8.2,15.7,60.5,2.5,8.5,23.4,8.5,66.2,68.0,80.0,32.9,85.6,40.3
"A1030","Los Angeles","Santa Clarita, Palmdale","https://www.californiahealthmaps.org?address=A1030","Both","AllSite",314015,470.8,443.4,499.8,190260,469.9,437.6,504.3,11415,449.6,308.5,686.7,75170,433.1,366.2,511.9,26210,467.9,376.3,578.9,4,62803,8.3,8.2,15.7,60.5,2.5,8.5,23.4,8.5,66.2,68.0,80.0,32.9,85.6,40.3
"A1030","Los Angeles","Santa Clarita, Palmdale","https://www.californiahealthmaps.org?address=A1030","Both","Lung",314015,40.4,32.1,50.3,190260,39.2,29.8,51.0,11415,"","","",75170,"","","",26210,"","","",4,62803,8.3,8.2,15.7,60.5,2.5,8.5,23.4,8.5,66.2,68.0,80.0,32.9,85.6,40.3
"A1030","Los Angeles","Santa Clarita, Palmdale","https://www.californiahealthmaps.org?address=A1030","Both","CRC",314015,30.6,24.2,38.6,190260,29.0,21.9,38.1,11415,"","","",75170,43.0,22.6,77.9,26210,"","","",4,62803,8.3,8.2,15.7,60.5,2.5,8.5,23.4,8.5,66.2,68.0,80.0,32.9,85.6,40.3
"A1030","Los Angeles","Santa Clarita, Palmdale","https://www.californiahealthmaps.org?address=A1030","Both","Mela",314015,23.7,17.9,31.2,190260,30.1,22.3,40.1,11415,"","","",75170,"","","",26210,"","","",4,62803,8.3,8.2,15.7,60.5,2.5,8.5,23.4,8.5,66.2,68.0,80.0,32.9,85.6,40.3
"A1030","Los Angeles","Santa Clarita, Palmdale","https://www.californiahealthmaps.org?address=A1030","Both","Lymph",314015,20.1,14.6,27.4,190260,21.9,15.2,31.0,11415,"","","",75170,"","","",26210,"","","",4,62803,8.3,8.2,15.7,60.5,2.5,8.5,23.4,8.5,66.2,68.0,80.0,32.9,85.6,40.3
"A1030","Los Angeles","Santa Clarita, Palmdale","https://www.californiahealthmaps.org?address=A1030","Both","Urinary",314015,10.7,6.7,16.5,190260,14.7,9.2,22.5,11415,"","","",75170,"","","",26210,"","","",4,62803,8.3,8.2,15.7,60.5,2.5,8.5,23.4,8.5,66.2,68.0,80.0,32.9,85.6,40.3
"A1030","Los Angeles","Santa Clarita, Palmdale","https://www.californiahealthmaps.org?address=A1030","Both","Kidney",314015,19.8,14.5,26.7,190260,17.3,11.8,25.0,11415,"","","",75170,"","","",26210,"","","",4,62803,8.3,8.2,15.7,60.5,2.5,8.5,23.4,8.5,66.2,68.0,80.0,32.9,85.6,40.3
"A1030","Los Angeles","Santa Clarita, Palmdale","https://www.californiahealthmaps.org?address=A1030","Both","Thyroid",314015,15.3,11.2,21.0,190260,12.1,7.7,18.7,11415,"","","",75170,23.5,11.7,48.9,26210,"","","",4,62803,8.3,8.2,15.7,60.5,2.5,8.5,23.4,8.5,66.2,68.0,80.0,32.9,85.6,40.3
"A1030","Los Angeles","Santa Clarita, Palmdale","https://www.californiahealthmaps.org?address=A1030","Both","Liver",314015,6.2,3.5,10.7,190260,"","","",11415,"","","",75170,"","","",26210,"","","",4,62803,8.3,8.2,15.7,60.5,2.5,8.5,23.4,8.5,66.2,68.0,80.0,32.9,85.6,40.3
"A1030","Los Angeles","Santa Clarita, Palmdale","https://www.californiahealthmaps.org?address=A1030","Both","Pancreas",314015,12.4,8.1,18.4,190260,8.9,4.9,15.4,11415,"","","",75170,"","","",26210,"","","",4,62803,8.3,8.2,15.7,60.5,2.5,8.5,23.4,8.5,66.2,68.0,80.0,32.9,85.6,40.3
