"Zone","Counties","Cities","URL","Sex","Cancer","PopTot","AAIR","LCI","UCI","White_PopTot","White_AAIR","White_LCI","White_UCI","Black_PopTot","Black_AAIR","Black_LCI","Black_UCI","Hispanic_PopTot","Hispanic_AAIR","Hispanic_LCI","Hispanic_UCI","Asian_PopTot","Asian_AAIR","Asian_LCI","Asian_UCI","QNSES","PopAll","PerRural","PerUninsured","PerForeignBorn","PerWhite","PerBlack","PerAsian","PerHispanic","PerAPI","PerDocvisit","PerFOBT","PerMammo","PerMenPrev","PerPap","PerWomenPrev"
"A0442","Contra Costa","Richmond","https://www.californiahealthmaps.org?address=A0442","Male","AllSite",157850,465.7,424.6,510.3,16730,475.0,390.6,603.2,38730,541.8,470.5,622.5,87070,378.3,301.2,471.9,11095,399.5,284.8,549.8,1,64201,0.1,23.3,34.3,10.7,26.4,6.8,54.5,6.8,"","","","","",""
"A0442","Contra Costa","Richmond","https://www.californiahealthmaps.org?address=A0442","Female","AllSite",163155,375.8,343.6,410.5,17110,440.8,355.5,561.2,49240,403.3,352.3,460.8,80255,318.3,258.0,392.3,11965,339.3,243.8,467.8,1,64201,0.1,23.3,34.3,10.7,26.4,6.8,54.5,6.8,"","","","","",""
"A0442","Contra Costa","Richmond","https://www.californiahealthmaps.org?address=A0442","Male","Prostate",157850,102.0,83.6,123.8,16730,77.9,47.6,166.4,38730,146.3,111.5,190.5,87070,52.0,28.1,93.4,11095,"","","",1,64201,0.1,23.3,34.3,10.7,26.4,6.8,54.5,6.8,"","","","","",""
"A0442","Contra Costa","Richmond","https://www.californiahealthmaps.org?address=A0442","Female","Breast",163155,103.1,86.8,122.0,17110,111.0,73.2,190.3,49240,116.2,89.0,150.4,80255,81.8,53.7,124.3,11965,"","","",1,64201,0.1,23.3,34.3,10.7,26.4,6.8,54.5,6.8,"","","","","",""
"A0442","Contra Costa","Richmond","https://www.californiahealthmaps.org?address=A0442","Male","Lung",157850,65.6,50.1,84.9,16730,"","","",38730,109.2,78.6,149.6,87070,"","","",11095,"","","",1,64201,0.1,23.3,34.3,10.7,26.4,6.8,54.5,6.8,"","","","","",""
"A0442","Contra Costa","Richmond","https://www.californiahealthmaps.org?address=A0442","Female","Lung",163155,42.9,32.1,56.3,17110,"","","",49240,53.7,36.7,77.6,80255,"","","",11965,"","","",1,64201,0.1,23.3,34.3,10.7,26.4,6.8,54.5,6.8,"","","","","",""
"A0442","Contra Costa","Richmond","https://www.californiahealthmaps.org?address=A0442","Male","CRC",157850,50.3,37.5,66.7,16730,"","","",38730,56.1,33.9,89.0,87070,45.7,25.4,82.9,11095,"","","",1,64201,0.1,23.3,34.3,10.7,26.4,6.8,54.5,6.8,"","","","","",""
"A0442","Contra Costa","Richmond","https://www.californiahealthmaps.org?address=A0442","Female","CRC",163155,36.0,26.5,48.1,17110,"","","",49240,37.0,22.9,58.4,80255,"","","",11965,"","","",1,64201,0.1,23.3,34.3,10.7,26.4,6.8,54.5,6.8,"","","","","",""
"A0442","Contra Costa","Richmond","https://www.californiahealthmaps.org?address=A0442","Male","Mela",157850,"","","",16730,"","","",38730,"","","",87070,"","","",11095,"","","",1,64201,0.1,23.3,34.3,10.7,26.4,6.8,54.5,6.8,"","","","","",""
"A0442","Contra Costa","Richmond","https://www.californiahealthmaps.org?address=A0442","Female","Mela",163155,"","","",17110,"","","",49240,"","","",80255,"","","",11965,"","","",1,64201,0.1,23.3,34.3,10.7,26.4,6.8,54.5,6.8,"","","","","",""
"A0442","Contra Costa","Richmond","https://www.californiahealthmaps.org?address=A0442","Female","Uterine",163155,25.9,18.2,36.2,17110,"","","",49240,"","","",80255,"","","",11965,"","","",1,64201,0.1,23.3,34.3,10.7,26.4,6.8,54.5,6.8,"","","","","",""
"A0442","Contra Costa","Richmond","https://www.californiahealthmaps.org?address=A0442","Male","Lymph",157850,24.2,15.7,36.4,16730,"","","",38730,"","","",87070,"","","",11095,"","","",1,64201,0.1,23.3,34.3,10.7,26.4,6.8,54.5,6.8,"","","","","",""
"A0442","Contra Costa","Richmond","https://www.californiahealthmaps.org?address=A0442","Female","Lymph",163155,20.1,13.2,29.8,17110,"","","",49240,"","","",80255,"","","",11965,"","","",1,64201,0.1,23.3,34.3,10.7,26.4,6.8,54.5,6.8,"","","","","",""
"A0442","Contra Costa","Richmond","https://www.californiahealthmaps.org?address=A0442","Male","Urinary",157850,13.3,7.1,23.4,16730,"","","",38730,"","","",87070,"","","",11095,"","","",1,64201,0.1,23.3,34.3,10.7,26.4,6.8,54.5,6.8,"","","","","",""
"A0442","Contra Costa","Richmond","https://www.californiahealthmaps.org?address=A0442","Female","Urinary",163155,"","","",17110,"","","",49240,"","","",80255,"","","",11965,"","","",1,64201,0.1,23.3,34.3,10.7,26.4,6.8,54.5,6.8,"","","","","",""
"A0442","Contra Costa","Richmond","https://www.californiahealthmaps.org?address=A0442","Male","Kidney",157850,18.2,11.1,29.0,16730,"","","",38730,"","","",87070,"","","",11095,"","","",1,64201,0.1,23.3,34.3,10.7,26.4,6.8,54.5,6.8,"","","","","",""
"A0442","Contra Costa","Richmond","https://www.californiahealthmaps.org?address=A0442","Female","Kidney",163155,12.4,7.0,20.7,17110,"","","",49240,"","","",80255,"","","",11965,"","","",1,64201,0.1,23.3,34.3,10.7,26.4,6.8,54.5,6.8,"","","","","",""
"A0442","Contra Costa","Richmond","https://www.californiahealthmaps.org?address=A0442","Male","Thyroid",157850,"","","",16730,"","","",38730,"","","",87070,"","","",11095,"","","",1,64201,0.1,23.3,34.3,10.7,26.4,6.8,54.5,6.8,"","","","","",""
"A0442","Contra Costa","Richmond","https://www.californiahealthmaps.org?address=A0442","Female","Thyroid",163155,15.1,9.4,23.6,17110,"","","",49240,"","","",80255,"","","",11965,"","","",1,64201,0.1,23.3,34.3,10.7,26.4,6.8,54.5,6.8,"","","","","",""
"A0442","Contra Costa","Richmond","https://www.californiahealthmaps.org?address=A0442","Male","Liver",157850,24.8,16.5,36.7,16730,"","","",38730,"","","",87070,"","","",11095,"","","",1,64201,0.1,23.3,34.3,10.7,26.4,6.8,54.5,6.8,"","","","","",""
"A0442","Contra Costa","Richmond","https://www.californiahealthmaps.org?address=A0442","Female","Liver",163155,"","","",17110,"","","",49240,"","","",80255,"","","",11965,"","","",1,64201,0.1,23.3,34.3,10.7,26.4,6.8,54.5,6.8,"","","","","",""
"A0442","Contra Costa","Richmond","https://www.californiahealthmaps.org?address=A0442","Male","Pancreas",157850,13.4,7.2,23.4,16730,"","","",38730,"","","",87070,"","","",11095,"","","",1,64201,0.1,23.3,34.3,10.7,26.4,6.8,54.5,6.8,"","","","","",""
"A0442","Contra Costa","Richmond","https://www.californiahealthmaps.org?address=A0442","Female","Pancreas",163155,12.3,7.2,20.1,17110,"","","",49240,"","","",80255,"","","",11965,"","","",1,64201,0.1,23.3,34.3,10.7,26.4,6.8,54.5,6.8,"","","","","",""
"A0442","Contra Costa","Richmond","https://www.californiahealthmaps.org?address=A0442","Both","AllSite",321005,412.3,386.9,439.1,33840,456.5,396.1,534.9,87970,455.1,413.4,500.6,167325,342.7,294.3,398.3,23060,363.2,288.6,454.0,1,64201,0.1,23.3,34.3,10.7,26.4,6.8,54.5,6.8,"","","","","",""
"A0442","Contra Costa","Richmond","https://www.californiahealthmaps.org?address=A0442","Both","Lung",321005,52.6,43.4,63.3,33840,48.8,30.3,91.5,87970,76.2,59.9,96.4,167325,"","","",23060,"","","",1,64201,0.1,23.3,34.3,10.7,26.4,6.8,54.5,6.8,"","","","","",""
"A0442","Contra Costa","Richmond","https://www.californiahealthmaps.org?address=A0442","Both","CRC",321005,42.4,34.5,51.8,33840,30.0,17.4,68.7,87970,43.8,31.3,60.3,167325,43.2,28.1,66.1,23060,"","","",1,64201,0.1,23.3,34.3,10.7,26.4,6.8,54.5,6.8,"","","","","",""
"A0442","Contra Costa","Richmond","https://www.californiahealthmaps.org?address=A0442","Both","Mela",321005,6.4,3.6,10.6,33840,"","","",87970,"","","",167325,"","","",23060,"","","",1,64201,0.1,23.3,34.3,10.7,26.4,6.8,54.5,6.8,"","","","","",""
"A0442","Contra Costa","Richmond","https://www.californiahealthmaps.org?address=A0442","Both","Lymph",321005,22.0,16.4,29.1,33840,31.8,18.3,71.2,87970,19.5,11.4,32.1,167325,21.0,10.5,40.1,23060,"","","",1,64201,0.1,23.3,34.3,10.7,26.4,6.8,54.5,6.8,"","","","","",""
"A0442","Contra Costa","Richmond","https://www.californiahealthmaps.org?address=A0442","Both","Urinary",321005,9.4,5.8,14.6,33840,"","","",87970,"","","",167325,"","","",23060,"","","",1,64201,0.1,23.3,34.3,10.7,26.4,6.8,54.5,6.8,"","","","","",""
"A0442","Contra Costa","Richmond","https://www.californiahealthmaps.org?address=A0442","Both","Kidney",321005,15.5,10.8,21.7,33840,"","","",87970,21.6,13.2,34.1,167325,"","","",23060,"","","",1,64201,0.1,23.3,34.3,10.7,26.4,6.8,54.5,6.8,"","","","","",""
"A0442","Contra Costa","Richmond","https://www.californiahealthmaps.org?address=A0442","Both","Thyroid",321005,9.8,6.4,14.8,33840,"","","",87970,"","","",167325,"","","",23060,"","","",1,64201,0.1,23.3,34.3,10.7,26.4,6.8,54.5,6.8,"","","","","",""
"A0442","Contra Costa","Richmond","https://www.californiahealthmaps.org?address=A0442","Both","Liver",321005,14.1,9.9,19.8,33840,"","","",87970,"","","",167325,27.4,15.0,48.2,23060,"","","",1,64201,0.1,23.3,34.3,10.7,26.4,6.8,54.5,6.8,"","","","","",""
"A0442","Contra Costa","Richmond","https://www.californiahealthmaps.org?address=A0442","Both","Pancreas",321005,12.8,8.7,18.5,33840,"","","",87970,17.4,10.2,28.8,167325,"","","",23060,"","","",1,64201,0.1,23.3,34.3,10.7,26.4,6.8,54.5,6.8,"","","","","",""
