"Zone","Counties","Cities","URL","Sex","Cancer","PopTot","AAIR","LCI","UCI","White_PopTot","White_AAIR","White_LCI","White_UCI","Black_PopTot","Black_AAIR","Black_LCI","Black_UCI","Hispanic_PopTot","Hispanic_AAIR","Hispanic_LCI","Hispanic_UCI","Asian_PopTot","Asian_AAIR","Asian_LCI","Asian_UCI","QNSES","PopAll","PerRural","PerUninsured","PerForeignBorn","PerWhite","PerBlack","PerAsian","PerHispanic","PerAPI","PerDocvisit","PerFOBT","PerMammo","PerMenPrev","PerPap","PerWomenPrev"
"A0267","Riverside","Menifee, Perris","https://www.californiahealthmaps.org?address=A0267","Male","AllSite",149655,488.3,458.0,520.6,86045,484.9,448.7,524.5,"","","","",46900,451.4,376.1,539.6,"","","","",3,62745,0.2,15.9,12.6,58.8,4.4,3.6,30.6,3.6,69.0,70.1,80.1,32.0,84.0,32.6
"A0267","Riverside","Menifee, Perris","https://www.californiahealthmaps.org?address=A0267","Female","AllSite",164070,417.6,390.5,446.6,95805,422.1,387.2,460.8,"","","","",48855,378.1,318.7,445.9,"","","","",3,62745,0.2,15.9,12.6,58.8,4.4,3.6,30.6,3.6,69.0,70.1,80.1,32.0,84.0,32.6
"A0267","Riverside","Menifee, Perris","https://www.californiahealthmaps.org?address=A0267","Male","Prostate",149655,103.6,90.1,119.1,86045,86.2,72.0,103.8,"","","","",46900,115.0,78.4,165.2,"","","","",3,62745,0.2,15.9,12.6,58.8,4.4,3.6,30.6,3.6,69.0,70.1,80.1,32.0,84.0,32.6
"A0267","Riverside","Menifee, Perris","https://www.californiahealthmaps.org?address=A0267","Female","Breast",164070,137.7,122.0,155.2,95805,132.9,113.4,156.2,"","","","",48855,112.8,81.4,153.0,"","","","",3,62745,0.2,15.9,12.6,58.8,4.4,3.6,30.6,3.6,69.0,70.1,80.1,32.0,84.0,32.6
"A0267","Riverside","Menifee, Perris","https://www.californiahealthmaps.org?address=A0267","Male","Lung",149655,57.8,48.3,69.3,86045,63.8,52.4,78.5,"","","","",46900,"","","","","","","",3,62745,0.2,15.9,12.6,58.8,4.4,3.6,30.6,3.6,69.0,70.1,80.1,32.0,84.0,32.6
"A0267","Riverside","Menifee, Perris","https://www.californiahealthmaps.org?address=A0267","Female","Lung",164070,53.0,44.7,63.1,95805,56.6,46.5,70.5,"","","","",48855,43.8,24.9,72.1,"","","","",3,62745,0.2,15.9,12.6,58.8,4.4,3.6,30.6,3.6,69.0,70.1,80.1,32.0,84.0,32.6
"A0267","Riverside","Menifee, Perris","https://www.californiahealthmaps.org?address=A0267","Male","CRC",149655,48.1,38.9,59.3,86045,47.6,36.8,62.2,"","","","",46900,56.0,31.5,94.8,"","","","",3,62745,0.2,15.9,12.6,58.8,4.4,3.6,30.6,3.6,69.0,70.1,80.1,32.0,84.0,32.6
"A0267","Riverside","Menifee, Perris","https://www.californiahealthmaps.org?address=A0267","Female","CRC",164070,30.6,23.9,39.4,95805,29.5,21.5,41.7,"","","","",48855,"","","","","","","",3,62745,0.2,15.9,12.6,58.8,4.4,3.6,30.6,3.6,69.0,70.1,80.1,32.0,84.0,32.6
"A0267","Riverside","Menifee, Perris","https://www.californiahealthmaps.org?address=A0267","Male","Mela",149655,38.1,30.0,48.3,86045,47.5,36.4,62.3,"","","","",46900,"","","","","","","",3,62745,0.2,15.9,12.6,58.8,4.4,3.6,30.6,3.6,69.0,70.1,80.1,32.0,84.0,32.6
"A0267","Riverside","Menifee, Perris","https://www.californiahealthmaps.org?address=A0267","Female","Mela",164070,22.7,16.4,31.1,95805,32.3,22.1,47.2,"","","","",48855,"","","","","","","",3,62745,0.2,15.9,12.6,58.8,4.4,3.6,30.6,3.6,69.0,70.1,80.1,32.0,84.0,32.6
"A0267","Riverside","Menifee, Perris","https://www.californiahealthmaps.org?address=A0267","Female","Uterine",164070,24.7,18.5,32.9,95805,28.6,20.3,41.3,"","","","",48855,"","","","","","","",3,62745,0.2,15.9,12.6,58.8,4.4,3.6,30.6,3.6,69.0,70.1,80.1,32.0,84.0,32.6
"A0267","Riverside","Menifee, Perris","https://www.californiahealthmaps.org?address=A0267","Male","Lymph",149655,29.9,22.3,39.7,86045,29.9,20.4,43.6,"","","","",46900,"","","","","","","",3,62745,0.2,15.9,12.6,58.8,4.4,3.6,30.6,3.6,69.0,70.1,80.1,32.0,84.0,32.6
"A0267","Riverside","Menifee, Perris","https://www.californiahealthmaps.org?address=A0267","Female","Lymph",164070,10.1,6.4,15.9,95805,11.0,6.1,20.8,"","","","",48855,"","","","","","","",3,62745,0.2,15.9,12.6,58.8,4.4,3.6,30.6,3.6,69.0,70.1,80.1,32.0,84.0,32.6
"A0267","Riverside","Menifee, Perris","https://www.californiahealthmaps.org?address=A0267","Male","Urinary",149655,22.4,16.7,30.1,86045,23.0,16.6,33.2,"","","","",46900,"","","","","","","",3,62745,0.2,15.9,12.6,58.8,4.4,3.6,30.6,3.6,69.0,70.1,80.1,32.0,84.0,32.6
"A0267","Riverside","Menifee, Perris","https://www.californiahealthmaps.org?address=A0267","Female","Urinary",164070,"","","",95805,"","","","","","","",48855,"","","","","","","",3,62745,0.2,15.9,12.6,58.8,4.4,3.6,30.6,3.6,69.0,70.1,80.1,32.0,84.0,32.6
"A0267","Riverside","Menifee, Perris","https://www.californiahealthmaps.org?address=A0267","Male","Kidney",149655,23.4,16.9,32.1,86045,22.9,14.7,35.4,"","","","",46900,"","","","","","","",3,62745,0.2,15.9,12.6,58.8,4.4,3.6,30.6,3.6,69.0,70.1,80.1,32.0,84.0,32.6
"A0267","Riverside","Menifee, Perris","https://www.californiahealthmaps.org?address=A0267","Female","Kidney",164070,12.9,8.4,19.5,95805,8.9,4.8,18.1,"","","","",48855,"","","","","","","",3,62745,0.2,15.9,12.6,58.8,4.4,3.6,30.6,3.6,69.0,70.1,80.1,32.0,84.0,32.6
"A0267","Riverside","Menifee, Perris","https://www.californiahealthmaps.org?address=A0267","Male","Thyroid",149655,9.2,5.0,15.9,86045,"","","","","","","",46900,"","","","","","","",3,62745,0.2,15.9,12.6,58.8,4.4,3.6,30.6,3.6,69.0,70.1,80.1,32.0,84.0,32.6
"A0267","Riverside","Menifee, Perris","https://www.californiahealthmaps.org?address=A0267","Female","Thyroid",164070,21.8,15.0,31.0,95805,23.6,14.0,38.5,"","","","",48855,"","","","","","","",3,62745,0.2,15.9,12.6,58.8,4.4,3.6,30.6,3.6,69.0,70.1,80.1,32.0,84.0,32.6
"A0267","Riverside","Menifee, Perris","https://www.californiahealthmaps.org?address=A0267","Male","Liver",149655,13.4,8.9,20.1,86045,9.0,4.8,17.4,"","","","",46900,"","","","","","","",3,62745,0.2,15.9,12.6,58.8,4.4,3.6,30.6,3.6,69.0,70.1,80.1,32.0,84.0,32.6
"A0267","Riverside","Menifee, Perris","https://www.californiahealthmaps.org?address=A0267","Female","Liver",164070,"","","",95805,"","","","","","","",48855,"","","","","","","",3,62745,0.2,15.9,12.6,58.8,4.4,3.6,30.6,3.6,69.0,70.1,80.1,32.0,84.0,32.6
"A0267","Riverside","Menifee, Perris","https://www.californiahealthmaps.org?address=A0267","Male","Pancreas",149655,16.6,11.5,23.8,86045,15.2,9.5,24.8,"","","","",46900,"","","","","","","",3,62745,0.2,15.9,12.6,58.8,4.4,3.6,30.6,3.6,69.0,70.1,80.1,32.0,84.0,32.6
"A0267","Riverside","Menifee, Perris","https://www.californiahealthmaps.org?address=A0267","Female","Pancreas",164070,13.5,9.1,20.0,95805,12.1,7.3,21.7,"","","","",48855,"","","","","","","",3,62745,0.2,15.9,12.6,58.8,4.4,3.6,30.6,3.6,69.0,70.1,80.1,32.0,84.0,32.6
"A0267","Riverside","Menifee, Perris","https://www.californiahealthmaps.org?address=A0267","Both","AllSite",313725,444.4,424.4,465.4,181850,445.0,420.2,471.6,14220,476.1,382.1,592.9,95755,401.9,355.7,453.0,12670,397.9,300.1,525.0,3,62745,0.2,15.9,12.6,58.8,4.4,3.6,30.6,3.6,69.0,70.1,80.1,32.0,84.0,32.6
"A0267","Riverside","Menifee, Perris","https://www.californiahealthmaps.org?address=A0267","Both","Lung",313725,54.7,48.5,61.9,181850,59.3,51.8,68.6,14220,"","","",95755,41.5,27.0,61.5,12670,"","","",3,62745,0.2,15.9,12.6,58.8,4.4,3.6,30.6,3.6,69.0,70.1,80.1,32.0,84.0,32.6
"A0267","Riverside","Menifee, Perris","https://www.californiahealthmaps.org?address=A0267","Both","CRC",313725,38.3,32.7,44.9,181850,37.7,31.0,46.3,14220,"","","",95755,38.8,25.5,57.3,12670,"","","",3,62745,0.2,15.9,12.6,58.8,4.4,3.6,30.6,3.6,69.0,70.1,80.1,32.0,84.0,32.6
"A0267","Riverside","Menifee, Perris","https://www.californiahealthmaps.org?address=A0267","Both","Mela",313725,29.1,24.1,35.1,181850,38.4,30.9,47.9,14220,"","","",95755,"","","",12670,"","","",3,62745,0.2,15.9,12.6,58.8,4.4,3.6,30.6,3.6,69.0,70.1,80.1,32.0,84.0,32.6
"A0267","Riverside","Menifee, Perris","https://www.californiahealthmaps.org?address=A0267","Both","Lymph",313725,19.3,15.1,24.5,181850,19.8,14.4,27.2,14220,"","","",95755,"","","",12670,"","","",3,62745,0.2,15.9,12.6,58.8,4.4,3.6,30.6,3.6,69.0,70.1,80.1,32.0,84.0,32.6
"A0267","Riverside","Menifee, Perris","https://www.californiahealthmaps.org?address=A0267","Both","Urinary",313725,11.8,9.0,15.4,181850,12.8,9.6,17.9,14220,"","","",95755,"","","",12670,"","","",3,62745,0.2,15.9,12.6,58.8,4.4,3.6,30.6,3.6,69.0,70.1,80.1,32.0,84.0,32.6
"A0267","Riverside","Menifee, Perris","https://www.californiahealthmaps.org?address=A0267","Both","Kidney",313725,17.5,13.6,22.5,181850,15.6,10.9,22.4,14220,"","","",95755,24.4,14.4,39.6,12670,"","","",3,62745,0.2,15.9,12.6,58.8,4.4,3.6,30.6,3.6,69.0,70.1,80.1,32.0,84.0,32.6
"A0267","Riverside","Menifee, Perris","https://www.californiahealthmaps.org?address=A0267","Both","Thyroid",313725,15.7,11.5,21.0,181850,17.0,11.3,25.1,14220,"","","",95755,"","","",12670,"","","",3,62745,0.2,15.9,12.6,58.8,4.4,3.6,30.6,3.6,69.0,70.1,80.1,32.0,84.0,32.6
"A0267","Riverside","Menifee, Perris","https://www.californiahealthmaps.org?address=A0267","Both","Liver",313725,8.4,5.9,12.0,181850,4.9,2.8,9.2,14220,"","","",95755,"","","",12670,"","","",3,62745,0.2,15.9,12.6,58.8,4.4,3.6,30.6,3.6,69.0,70.1,80.1,32.0,84.0,32.6
"A0267","Riverside","Menifee, Perris","https://www.californiahealthmaps.org?address=A0267","Both","Pancreas",313725,14.7,11.3,19.0,181850,13.3,9.6,19.0,14220,"","","",95755,"","","",12670,"","","",3,62745,0.2,15.9,12.6,58.8,4.4,3.6,30.6,3.6,69.0,70.1,80.1,32.0,84.0,32.6
