"Zone","Counties","Cities","URL","Sex","Cancer","PopTot","AAIR","LCI","UCI","White_PopTot","White_AAIR","White_LCI","White_UCI","Black_PopTot","Black_AAIR","Black_LCI","Black_UCI","Hispanic_PopTot","Hispanic_AAIR","Hispanic_LCI","Hispanic_UCI","Asian_PopTot","Asian_AAIR","Asian_LCI","Asian_UCI","QNSES","PopAll","PerRural","PerUninsured","PerForeignBorn","PerWhite","PerBlack","PerAsian","PerHispanic"
"A0133","Orange","Westminster","https://www.californiahealthmaps.org?address=A0133","Male","AllSite",157035,414.8,382.5,449.4,25815,518.7,448.3,607.9,"","","","",41720,420.7,324.8,539.5,85250,360.8,321.9,403.8,2,63295,0.0,21.9,53.6,17.3,0.6,56.5,24.1
"A0133","Orange","Westminster","https://www.californiahealthmaps.org?address=A0133","Female","AllSite",159440,319.7,293.7,347.6,25770,396.0,337.8,471.1,"","","","",40310,358.1,285.7,449.4,89060,266.0,234.9,300.6,2,63295,0.0,21.9,53.6,17.3,0.6,56.5,24.1
"A0133","Orange","Westminster","https://www.californiahealthmaps.org?address=A0133","Male","Prostate",157035,57.9,46.5,71.6,25815,81.9,56.7,130.2,"","","","",41720,93.7,54.2,156.7,85250,31.6,21.1,46.2,2,63295,0.0,21.9,53.6,17.3,0.6,56.5,24.1
"A0133","Orange","Westminster","https://www.californiahealthmaps.org?address=A0133","Female","Breast",159440,91.5,77.9,107.0,25770,110.1,80.1,159.7,"","","","",40310,124.3,85.2,183.2,89060,68.9,54.0,87.4,2,63295,0.0,21.9,53.6,17.3,0.6,56.5,24.1
"A0133","Orange","Westminster","https://www.californiahealthmaps.org?address=A0133","Male","Lung",157035,77.7,63.8,94.1,25815,84.6,58.1,134.4,"","","","",41720,"","","",85250,83.0,64.6,105.6,2,63295,0.0,21.9,53.6,17.3,0.6,56.5,24.1
"A0133","Orange","Westminster","https://www.californiahealthmaps.org?address=A0133","Female","Lung",159440,41.5,32.5,52.5,25770,61.1,40.9,102.4,"","","","",40310,"","","",89060,35.6,24.8,50.1,2,63295,0.0,21.9,53.6,17.3,0.6,56.5,24.1
"A0133","Orange","Westminster","https://www.californiahealthmaps.org?address=A0133","Male","CRC",157035,44.5,34.4,57.1,25815,53.0,32.6,98.5,"","","","",41720,"","","",85250,44.8,32.1,61.7,2,63295,0.0,21.9,53.6,17.3,0.6,56.5,24.1
"A0133","Orange","Westminster","https://www.californiahealthmaps.org?address=A0133","Female","CRC",159440,30.2,22.7,39.6,25770,35.8,20.9,73.7,"","","","",40310,"","","",89060,30.9,21.0,44.6,2,63295,0.0,21.9,53.6,17.3,0.6,56.5,24.1
"A0133","Orange","Westminster","https://www.californiahealthmaps.org?address=A0133","Male","Mela",157035,13.6,8.3,21.5,25815,38.8,20.9,83.1,"","","","",41720,"","","",85250,"","","",2,63295,0.0,21.9,53.6,17.3,0.6,56.5,24.1
"A0133","Orange","Westminster","https://www.californiahealthmaps.org?address=A0133","Female","Mela",159440,6.3,3.1,11.6,25770,"","","","","","","",40310,"","","",89060,"","","",2,63295,0.0,21.9,53.6,17.3,0.6,56.5,24.1
"A0133","Orange","Westminster","https://www.californiahealthmaps.org?address=A0133","Female","Uterine",159440,22.3,16.0,30.4,25770,45.9,27.8,86.2,"","","","",40310,"","","",89060,13.4,7.4,23.1,2,63295,0.0,21.9,53.6,17.3,0.6,56.5,24.1
"A0133","Orange","Westminster","https://www.californiahealthmaps.org?address=A0133","Male","Lymph",157035,25.4,17.8,35.6,25815,42.0,23.8,86.2,"","","","",41720,"","","",85250,18.5,10.5,31.1,2,63295,0.0,21.9,53.6,17.3,0.6,56.5,24.1
"A0133","Orange","Westminster","https://www.californiahealthmaps.org?address=A0133","Female","Lymph",159440,11.1,6.7,17.6,25770,"","","","","","","",40310,"","","",89060,"","","",2,63295,0.0,21.9,53.6,17.3,0.6,56.5,24.1
"A0133","Orange","Westminster","https://www.californiahealthmaps.org?address=A0133","Male","Urinary",157035,13.6,8.2,21.6,25815,"","","","","","","",41720,"","","",85250,"","","",2,63295,0.0,21.9,53.6,17.3,0.6,56.5,24.1
"A0133","Orange","Westminster","https://www.californiahealthmaps.org?address=A0133","Female","Urinary",159440,4.5,1.9,9.2,25770,"","","","","","","",40310,"","","",89060,"","","",2,63295,0.0,21.9,53.6,17.3,0.6,56.5,24.1
"A0133","Orange","Westminster","https://www.californiahealthmaps.org?address=A0133","Male","Kidney",157035,13.1,7.9,20.8,25815,"","","","","","","",41720,"","","",85250,"","","",2,63295,0.0,21.9,53.6,17.3,0.6,56.5,24.1
"A0133","Orange","Westminster","https://www.californiahealthmaps.org?address=A0133","Female","Kidney",159440,8.6,4.8,14.5,25770,"","","","","","","",40310,"","","",89060,"","","",2,63295,0.0,21.9,53.6,17.3,0.6,56.5,24.1
"A0133","Orange","Westminster","https://www.californiahealthmaps.org?address=A0133","Male","Thyroid",157035,5.6,2.5,11.4,25815,"","","","","","","",41720,"","","",85250,"","","",2,63295,0.0,21.9,53.6,17.3,0.6,56.5,24.1
"A0133","Orange","Westminster","https://www.californiahealthmaps.org?address=A0133","Female","Thyroid",159440,16.0,10.4,23.7,25770,"","","","","","","",40310,"","","",89060,15.9,8.8,27.1,2,63295,0.0,21.9,53.6,17.3,0.6,56.5,24.1
"A0133","Orange","Westminster","https://www.californiahealthmaps.org?address=A0133","Both","AllSite",316475,359.8,339.5,381.0,51585,446.3,401.6,499.5,"","","","",82030,376.0,317.9,444.1,174310,309.6,284.8,336.1,2,63295,0.0,21.9,53.6,17.3,0.6,56.5,24.1
"A0133","Orange","Westminster","https://www.californiahealthmaps.org?address=A0133","Both","Lung",316475,57.3,49.3,66.2,51585,70.9,54.4,97.4,"","","","",82030,"","","",174310,57.3,46.9,69.6,2,63295,0.0,21.9,53.6,17.3,0.6,56.5,24.1
"A0133","Orange","Westminster","https://www.californiahealthmaps.org?address=A0133","Both","CRC",316475,36.8,30.6,44.1,51585,43.2,30.6,66.6,"","","","",82030,"","","",174310,37.6,29.4,47.7,2,63295,0.0,21.9,53.6,17.3,0.6,56.5,24.1
"A0133","Orange","Westminster","https://www.californiahealthmaps.org?address=A0133","Both","Mela",316475,9.4,6.4,13.5,51585,24.2,14.3,46.0,"","","","",82030,"","","",174310,"","","",2,63295,0.0,21.9,53.6,17.3,0.6,56.5,24.1
"A0133","Orange","Westminster","https://www.californiahealthmaps.org?address=A0133","Both","Lymph",316475,17.4,13.1,22.8,51585,28.2,17.9,50.1,"","","","",82030,"","","",174310,12.8,8.1,19.4,2,63295,0.0,21.9,53.6,17.3,0.6,56.5,24.1
"A0133","Orange","Westminster","https://www.californiahealthmaps.org?address=A0133","Both","Urinary",316475,8.7,5.8,12.7,51585,"","","","","","","",82030,"","","",174310,8.7,4.8,14.7,2,63295,0.0,21.9,53.6,17.3,0.6,56.5,24.1
"A0133","Orange","Westminster","https://www.californiahealthmaps.org?address=A0133","Both","Kidney",316475,10.6,7.4,14.9,51585,"","","","","","","",82030,"","","",174310,8.6,4.9,14.3,2,63295,0.0,21.9,53.6,17.3,0.6,56.5,24.1
"A0133","Orange","Westminster","https://www.californiahealthmaps.org?address=A0133","Both","Thyroid",316475,10.7,7.4,15.0,51585,"","","","","","","",82030,"","","",174310,10.4,6.2,16.6,2,63295,0.0,21.9,53.6,17.3,0.6,56.5,24.1
