"Zone","Counties","Cities","URL","Sex","Cancer","PopTot","AAIR","LCI","UCI","White_PopTot","White_AAIR","White_LCI","White_UCI","Black_PopTot","Black_AAIR","Black_LCI","Black_UCI","Hispanic_PopTot","Hispanic_AAIR","Hispanic_LCI","Hispanic_UCI","Asian_PopTot","Asian_AAIR","Asian_LCI","Asian_UCI","QNSES","PopAll","PerRural","PerUninsured","PerForeignBorn","PerWhite","PerBlack","PerAsian","PerHispanic","PerAPI","PerDocvisit","PerFOBT","PerMammo","PerMenPrev","PerPap","PerWomenPrev"
"A1060","Contra Costa","Antioch, Oakley","https://www.californiahealthmaps.org?address=A1060","Male","AllSite",163590,525.9,486.6,568.0,68780,533.5,484.5,587.5,18545,639.0,481.5,860.9,60755,415.9,336.9,513.5,"","","","",2,66596,0.5,18.1,17.2,40.2,12.4,6.6,37.6,6.6,"","","","","",""
"A1060","Contra Costa","Antioch, Oakley","https://www.californiahealthmaps.org?address=A1060","Female","AllSite",169390,502.6,468.6,538.6,70735,493.3,448.2,543.2,21445,692.3,548.5,873.2,59855,486.2,414.5,568.3,"","","","",2,66596,0.5,18.1,17.2,40.2,12.4,6.6,37.6,6.6,"","","","","",""
"A1060","Contra Costa","Antioch, Oakley","https://www.californiahealthmaps.org?address=A1060","Male","Prostate",163590,118.3,100.6,138.9,68780,109.2,88.5,135.0,18545,202.2,124.9,350.5,60755,88.2,55.3,141.4,"","","","",2,66596,0.5,18.1,17.2,40.2,12.4,6.6,37.6,6.6,"","","","","",""
"A1060","Contra Costa","Antioch, Oakley","https://www.californiahealthmaps.org?address=A1060","Female","Breast",169390,144.2,126.5,164.1,70735,142.7,119.1,171.2,21445,222.9,146.3,339.0,59855,134.3,98.3,181.3,"","","","",2,66596,0.5,18.1,17.2,40.2,12.4,6.6,37.6,6.6,"","","","","",""
"A1060","Contra Costa","Antioch, Oakley","https://www.californiahealthmaps.org?address=A1060","Male","Lung",163590,75.4,60.4,93.6,68780,83.9,65.0,108.1,18545,"","","",60755,"","","","","","","",2,66596,0.5,18.1,17.2,40.2,12.4,6.6,37.6,6.6,"","","","","",""
"A1060","Contra Costa","Antioch, Oakley","https://www.californiahealthmaps.org?address=A1060","Female","Lung",169390,64.4,52.5,78.4,70735,72.4,56.8,93.0,21445,"","","",59855,"","","","","","","",2,66596,0.5,18.1,17.2,40.2,12.4,6.6,37.6,6.6,"","","","","",""
"A1060","Contra Costa","Antioch, Oakley","https://www.californiahealthmaps.org?address=A1060","Male","CRC",163590,53.7,41.1,69.4,68780,51.5,36.3,72.3,18545,"","","",60755,"","","","","","","",2,66596,0.5,18.1,17.2,40.2,12.4,6.6,37.6,6.6,"","","","","",""
"A1060","Contra Costa","Antioch, Oakley","https://www.californiahealthmaps.org?address=A1060","Female","CRC",169390,51.8,41.2,64.5,70735,51.8,38.2,70.6,21445,"","","",59855,41.1,22.8,71.0,"","","","",2,66596,0.5,18.1,17.2,40.2,12.4,6.6,37.6,6.6,"","","","","",""
"A1060","Contra Costa","Antioch, Oakley","https://www.californiahealthmaps.org?address=A1060","Male","Mela",163590,31.8,22.4,44.4,68780,44.0,30.2,63.6,18545,"","","",60755,"","","","","","","",2,66596,0.5,18.1,17.2,40.2,12.4,6.6,37.6,6.6,"","","","","",""
"A1060","Contra Costa","Antioch, Oakley","https://www.californiahealthmaps.org?address=A1060","Female","Mela",169390,19.5,13.2,27.9,70735,33.9,21.6,52.1,21445,"","","",59855,"","","","","","","",2,66596,0.5,18.1,17.2,40.2,12.4,6.6,37.6,6.6,"","","","","",""
"A1060","Contra Costa","Antioch, Oakley","https://www.californiahealthmaps.org?address=A1060","Female","Uterine",169390,33.6,25.4,43.9,70735,28.7,19.0,43.9,21445,"","","",59855,"","","","","","","",2,66596,0.5,18.1,17.2,40.2,12.4,6.6,37.6,6.6,"","","","","",""
"A1060","Contra Costa","Antioch, Oakley","https://www.californiahealthmaps.org?address=A1060","Male","Lymph",163590,23.3,16.2,33.4,68780,30.0,20.1,45.3,18545,"","","",60755,"","","","","","","",2,66596,0.5,18.1,17.2,40.2,12.4,6.6,37.6,6.6,"","","","","",""
"A1060","Contra Costa","Antioch, Oakley","https://www.californiahealthmaps.org?address=A1060","Female","Lymph",169390,20.4,14.0,29.1,70735,"","","",21445,"","","",59855,"","","","","","","",2,66596,0.5,18.1,17.2,40.2,12.4,6.6,37.6,6.6,"","","","","",""
"A1060","Contra Costa","Antioch, Oakley","https://www.californiahealthmaps.org?address=A1060","Male","Urinary",163590,16.8,10.0,26.9,68780,"","","",18545,"","","",60755,"","","","","","","",2,66596,0.5,18.1,17.2,40.2,12.4,6.6,37.6,6.6,"","","","","",""
"A1060","Contra Costa","Antioch, Oakley","https://www.californiahealthmaps.org?address=A1060","Female","Urinary",169390,"","","",70735,"","","",21445,"","","",59855,"","","","","","","",2,66596,0.5,18.1,17.2,40.2,12.4,6.6,37.6,6.6,"","","","","",""
"A1060","Contra Costa","Antioch, Oakley","https://www.californiahealthmaps.org?address=A1060","Male","Kidney",163590,26.0,18.2,36.7,68780,24.3,14.9,39.3,18545,"","","",60755,"","","","","","","",2,66596,0.5,18.1,17.2,40.2,12.4,6.6,37.6,6.6,"","","","","",""
"A1060","Contra Costa","Antioch, Oakley","https://www.californiahealthmaps.org?address=A1060","Female","Kidney",169390,12.0,7.4,18.8,70735,"","","",21445,"","","",59855,"","","","","","","",2,66596,0.5,18.1,17.2,40.2,12.4,6.6,37.6,6.6,"","","","","",""
"A1060","Contra Costa","Antioch, Oakley","https://www.californiahealthmaps.org?address=A1060","Male","Thyroid",163590,"","","",68780,"","","",18545,"","","",60755,"","","","","","","",2,66596,0.5,18.1,17.2,40.2,12.4,6.6,37.6,6.6,"","","","","",""
"A1060","Contra Costa","Antioch, Oakley","https://www.californiahealthmaps.org?address=A1060","Female","Thyroid",169390,22.0,15.3,30.9,70735,"","","",21445,"","","",59855,33.3,19.2,58.0,"","","","",2,66596,0.5,18.1,17.2,40.2,12.4,6.6,37.6,6.6,"","","","","",""
"A1060","Contra Costa","Antioch, Oakley","https://www.californiahealthmaps.org?address=A1060","Male","Liver",163590,21.2,14.3,31.1,68780,"","","",18545,"","","",60755,"","","","","","","",2,66596,0.5,18.1,17.2,40.2,12.4,6.6,37.6,6.6,"","","","","",""
"A1060","Contra Costa","Antioch, Oakley","https://www.californiahealthmaps.org?address=A1060","Female","Liver",169390,"","","",70735,"","","",21445,"","","",59855,"","","","","","","",2,66596,0.5,18.1,17.2,40.2,12.4,6.6,37.6,6.6,"","","","","",""
"A1060","Contra Costa","Antioch, Oakley","https://www.californiahealthmaps.org?address=A1060","Male","Pancreas",163590,12.0,7.0,20.2,68780,"","","",18545,"","","",60755,"","","","","","","",2,66596,0.5,18.1,17.2,40.2,12.4,6.6,37.6,6.6,"","","","","",""
"A1060","Contra Costa","Antioch, Oakley","https://www.californiahealthmaps.org?address=A1060","Female","Pancreas",169390,13.0,8.1,20.1,70735,"","","",21445,"","","",59855,"","","","","","","",2,66596,0.5,18.1,17.2,40.2,12.4,6.6,37.6,6.6,"","","","","",""
"A1060","Contra Costa","Antioch, Oakley","https://www.californiahealthmaps.org?address=A1060","Both","AllSite",332980,505.8,480.5,532.2,139515,504.9,472.1,540.0,39990,680.3,570.7,811.1,120610,444.7,392.7,502.3,17475,537.5,429.9,668.7,2,66596,0.5,18.1,17.2,40.2,12.4,6.6,37.6,6.6,"","","","","",""
"A1060","Contra Costa","Antioch, Oakley","https://www.californiahealthmaps.org?address=A1060","Both","Lung",332980,68.0,58.7,78.4,139515,76.4,64.4,90.9,39990,79.2,41.5,143.4,120610,35.3,21.6,55.3,17475,"","","",2,66596,0.5,18.1,17.2,40.2,12.4,6.6,37.6,6.6,"","","","","",""
"A1060","Contra Costa","Antioch, Oakley","https://www.californiahealthmaps.org?address=A1060","Both","CRC",332980,51.4,43.4,60.6,139515,51.2,40.9,64.1,39990,61.7,33.9,113.9,120610,41.8,26.7,63.2,17475,80.2,43.6,142.3,2,66596,0.5,18.1,17.2,40.2,12.4,6.6,37.6,6.6,"","","","","",""
"A1060","Contra Costa","Antioch, Oakley","https://www.californiahealthmaps.org?address=A1060","Both","Mela",332980,24.1,18.7,30.5,139515,36.8,27.8,48.6,39990,"","","",120610,"","","",17475,"","","",2,66596,0.5,18.1,17.2,40.2,12.4,6.6,37.6,6.6,"","","","","",""
"A1060","Contra Costa","Antioch, Oakley","https://www.californiahealthmaps.org?address=A1060","Both","Lymph",332980,21.9,17.0,28.0,139515,20.8,15.0,29.2,39990,"","","",120610,"","","",17475,"","","",2,66596,0.5,18.1,17.2,40.2,12.4,6.6,37.6,6.6,"","","","","",""
"A1060","Contra Costa","Antioch, Oakley","https://www.californiahealthmaps.org?address=A1060","Both","Urinary",332980,12.2,8.4,17.2,139515,12.7,8.1,20.1,39990,"","","",120610,"","","",17475,"","","",2,66596,0.5,18.1,17.2,40.2,12.4,6.6,37.6,6.6,"","","","","",""
"A1060","Contra Costa","Antioch, Oakley","https://www.californiahealthmaps.org?address=A1060","Both","Kidney",332980,18.4,14.0,24.0,139515,18.2,12.6,26.4,39990,"","","",120610,"","","",17475,"","","",2,66596,0.5,18.1,17.2,40.2,12.4,6.6,37.6,6.6,"","","","","",""
"A1060","Contra Costa","Antioch, Oakley","https://www.californiahealthmaps.org?address=A1060","Both","Thyroid",332980,15.1,11.1,20.3,139515,13.2,7.6,21.9,39990,"","","",120610,22.7,14.4,36.3,17475,"","","",2,66596,0.5,18.1,17.2,40.2,12.4,6.6,37.6,6.6,"","","","","",""
"A1060","Contra Costa","Antioch, Oakley","https://www.californiahealthmaps.org?address=A1060","Both","Liver",332980,13.5,9.7,18.4,139515,8.6,4.9,15.1,39990,"","","",120610,25.0,13.9,42.5,17475,"","","",2,66596,0.5,18.1,17.2,40.2,12.4,6.6,37.6,6.6,"","","","","",""
"A1060","Contra Costa","Antioch, Oakley","https://www.californiahealthmaps.org?address=A1060","Both","Pancreas",332980,12.9,9.1,17.8,139515,10.7,6.6,17.5,39990,"","","",120610,"","","",17475,"","","",2,66596,0.5,18.1,17.2,40.2,12.4,6.6,37.6,6.6,"","","","","",""
