"Zone","Counties","Cities","URL","Sex","Cancer","PopTot","AAIR","LCI","UCI","White_PopTot","White_AAIR","White_LCI","White_UCI","Black_PopTot","Black_AAIR","Black_LCI","Black_UCI","Hispanic_PopTot","Hispanic_AAIR","Hispanic_LCI","Hispanic_UCI","Asian_PopTot","Asian_AAIR","Asian_LCI","Asian_UCI","QNSES","PopAll","PerRural","PerUninsured","PerForeignBorn","PerWhite","PerBlack","PerAsian","PerHispanic","PerAPI","PerDocvisit","PerFOBT","PerMammo","PerMenPrev","PerPap","PerWomenPrev"
"A0627","Solano","Dixon, Vacaville","https://www.californiahealthmaps.org?address=A0627","Male","AllSite",166190,513.1,477.4,550.9,91205,517.6,474.9,563.8,"","","","",51305,466.4,382.6,565.2,"","","","",3,68113,7.5,11.3,15.7,56.9,4.0,5.6,28.7,5.6,"","","","","",""
"A0627","Solano","Dixon, Vacaville","https://www.californiahealthmaps.org?address=A0627","Female","AllSite",174375,458.8,428.5,490.8,97890,459.4,422.5,499.5,"","","","",49870,435.4,362.8,519.7,10165,545.0,409.2,726.6,3,68113,7.5,11.3,15.7,56.9,4.0,5.6,28.7,5.6,"","","","","",""
"A0627","Solano","Dixon, Vacaville","https://www.californiahealthmaps.org?address=A0627","Male","Prostate",166190,106.2,90.4,124.1,91205,95.0,77.5,116.1,"","","","",51305,87.2,54.5,135.7,"","","","",3,68113,7.5,11.3,15.7,56.9,4.0,5.6,28.7,5.6,"","","","","",""
"A0627","Solano","Dixon, Vacaville","https://www.californiahealthmaps.org?address=A0627","Female","Breast",174375,134.7,118.5,152.8,97890,135.2,115.4,158.5,"","","","",49870,122.1,86.0,170.1,10165,142.8,82.7,252.1,3,68113,7.5,11.3,15.7,56.9,4.0,5.6,28.7,5.6,"","","","","",""
"A0627","Solano","Dixon, Vacaville","https://www.californiahealthmaps.org?address=A0627","Male","Lung",166190,63.5,51.3,78.0,91205,72.7,57.4,91.5,"","","","",51305,"","","","","","","",3,68113,7.5,11.3,15.7,56.9,4.0,5.6,28.7,5.6,"","","","","",""
"A0627","Solano","Dixon, Vacaville","https://www.californiahealthmaps.org?address=A0627","Female","Lung",174375,58.1,47.6,70.4,97890,64.6,51.6,81.0,"","","","",49870,"","","",10165,"","","",3,68113,7.5,11.3,15.7,56.9,4.0,5.6,28.7,5.6,"","","","","",""
"A0627","Solano","Dixon, Vacaville","https://www.californiahealthmaps.org?address=A0627","Male","CRC",166190,48.0,37.5,60.6,91205,49.6,36.9,66.1,"","","","",51305,"","","","","","","",3,68113,7.5,11.3,15.7,56.9,4.0,5.6,28.7,5.6,"","","","","",""
"A0627","Solano","Dixon, Vacaville","https://www.californiahealthmaps.org?address=A0627","Female","CRC",174375,45.8,36.7,56.7,97890,44.7,34.1,58.8,"","","","",49870,"","","",10165,"","","",3,68113,7.5,11.3,15.7,56.9,4.0,5.6,28.7,5.6,"","","","","",""
"A0627","Solano","Dixon, Vacaville","https://www.californiahealthmaps.org?address=A0627","Male","Mela",166190,33.9,25.1,44.9,91205,43.8,31.9,59.4,"","","","",51305,"","","","","","","",3,68113,7.5,11.3,15.7,56.9,4.0,5.6,28.7,5.6,"","","","","",""
"A0627","Solano","Dixon, Vacaville","https://www.californiahealthmaps.org?address=A0627","Female","Mela",174375,23.1,16.6,31.5,97890,27.5,18.9,39.9,"","","","",49870,"","","",10165,"","","",3,68113,7.5,11.3,15.7,56.9,4.0,5.6,28.7,5.6,"","","","","",""
"A0627","Solano","Dixon, Vacaville","https://www.californiahealthmaps.org?address=A0627","Female","Uterine",174375,31.8,24.5,40.9,97890,28.9,20.5,41.0,"","","","",49870,"","","",10165,"","","",3,68113,7.5,11.3,15.7,56.9,4.0,5.6,28.7,5.6,"","","","","",""
"A0627","Solano","Dixon, Vacaville","https://www.californiahealthmaps.org?address=A0627","Male","Lymph",166190,24.1,17.0,33.5,91205,27.6,18.0,41.1,"","","","",51305,"","","","","","","",3,68113,7.5,11.3,15.7,56.9,4.0,5.6,28.7,5.6,"","","","","",""
"A0627","Solano","Dixon, Vacaville","https://www.californiahealthmaps.org?address=A0627","Female","Lymph",174375,19.6,13.8,27.2,97890,17.1,10.7,27.3,"","","","",49870,"","","",10165,"","","",3,68113,7.5,11.3,15.7,56.9,4.0,5.6,28.7,5.6,"","","","","",""
"A0627","Solano","Dixon, Vacaville","https://www.californiahealthmaps.org?address=A0627","Male","Urinary",166190,22.4,15.1,32.1,91205,23.2,14.7,35.7,"","","","",51305,"","","","","","","",3,68113,7.5,11.3,15.7,56.9,4.0,5.6,28.7,5.6,"","","","","",""
"A0627","Solano","Dixon, Vacaville","https://www.californiahealthmaps.org?address=A0627","Female","Urinary",174375,"","","",97890,"","","","","","","",49870,"","","",10165,"","","",3,68113,7.5,11.3,15.7,56.9,4.0,5.6,28.7,5.6,"","","","","",""
"A0627","Solano","Dixon, Vacaville","https://www.californiahealthmaps.org?address=A0627","Male","Kidney",166190,25.6,18.2,35.3,91205,24.7,16.2,37.0,"","","","",51305,"","","","","","","",3,68113,7.5,11.3,15.7,56.9,4.0,5.6,28.7,5.6,"","","","","",""
"A0627","Solano","Dixon, Vacaville","https://www.californiahealthmaps.org?address=A0627","Female","Kidney",174375,12.5,8.0,19.1,97890,12.9,7.5,22.3,"","","","",49870,"","","",10165,"","","",3,68113,7.5,11.3,15.7,56.9,4.0,5.6,28.7,5.6,"","","","","",""
"A0627","Solano","Dixon, Vacaville","https://www.californiahealthmaps.org?address=A0627","Male","Thyroid",166190,9.4,5.2,15.9,91205,"","","","","","","",51305,"","","","","","","",3,68113,7.5,11.3,15.7,56.9,4.0,5.6,28.7,5.6,"","","","","",""
"A0627","Solano","Dixon, Vacaville","https://www.californiahealthmaps.org?address=A0627","Female","Thyroid",174375,11.5,7.2,17.7,97890,12.1,6.6,21.8,"","","","",49870,"","","",10165,"","","",3,68113,7.5,11.3,15.7,56.9,4.0,5.6,28.7,5.6,"","","","","",""
"A0627","Solano","Dixon, Vacaville","https://www.californiahealthmaps.org?address=A0627","Male","Liver",166190,17.0,11.3,25.0,91205,16.8,10.2,27.0,"","","","",51305,"","","","","","","",3,68113,7.5,11.3,15.7,56.9,4.0,5.6,28.7,5.6,"","","","","",""
"A0627","Solano","Dixon, Vacaville","https://www.californiahealthmaps.org?address=A0627","Female","Liver",174375,8.9,5.2,14.5,97890,"","","","","","","",49870,"","","",10165,"","","",3,68113,7.5,11.3,15.7,56.9,4.0,5.6,28.7,5.6,"","","","","",""
"A0627","Solano","Dixon, Vacaville","https://www.californiahealthmaps.org?address=A0627","Male","Pancreas",166190,17.7,11.7,25.9,91205,15.4,9.0,25.7,"","","","",51305,"","","","","","","",3,68113,7.5,11.3,15.7,56.9,4.0,5.6,28.7,5.6,"","","","","",""
"A0627","Solano","Dixon, Vacaville","https://www.californiahealthmaps.org?address=A0627","Female","Pancreas",174375,13.3,8.6,19.9,97890,11.1,6.2,19.9,"","","","",49870,"","","",10165,"","","",3,68113,7.5,11.3,15.7,56.9,4.0,5.6,28.7,5.6,"","","","","",""
"A0627","Solano","Dixon, Vacaville","https://www.californiahealthmaps.org?address=A0627","Both","AllSite",340565,477.9,455.0,501.7,189095,480.8,453.1,510.2,17190,544.4,437.0,675.5,101175,447.0,391.6,508.9,17780,544.5,439.0,673.9,3,68113,7.5,11.3,15.7,56.9,4.0,5.6,28.7,5.6,"","","","","",""
"A0627","Solano","Dixon, Vacaville","https://www.californiahealthmaps.org?address=A0627","Both","Lung",340565,59.8,51.9,68.8,189095,68.0,58.0,79.6,17190,"","","",101175,41.6,25.0,65.7,17780,"","","",3,68113,7.5,11.3,15.7,56.9,4.0,5.6,28.7,5.6,"","","","","",""
"A0627","Solano","Dixon, Vacaville","https://www.californiahealthmaps.org?address=A0627","Both","CRC",340565,46.8,39.8,54.7,189095,46.6,38.3,56.5,17190,"","","",101175,35.5,20.7,57.7,17780,71.5,39.8,129.3,3,68113,7.5,11.3,15.7,56.9,4.0,5.6,28.7,5.6,"","","","","",""
"A0627","Solano","Dixon, Vacaville","https://www.californiahealthmaps.org?address=A0627","Both","Mela",340565,27.6,22.2,33.9,189095,34.5,27.2,43.5,17190,"","","",101175,"","","",17780,"","","",3,68113,7.5,11.3,15.7,56.9,4.0,5.6,28.7,5.6,"","","","","",""
"A0627","Solano","Dixon, Vacaville","https://www.californiahealthmaps.org?address=A0627","Both","Lymph",340565,22.0,17.3,27.7,189095,22.7,16.7,30.5,17190,"","","",101175,"","","",17780,"","","",3,68113,7.5,11.3,15.7,56.9,4.0,5.6,28.7,5.6,"","","","","",""
"A0627","Solano","Dixon, Vacaville","https://www.californiahealthmaps.org?address=A0627","Both","Urinary",340565,11.9,8.4,16.4,189095,12.6,8.5,18.5,17190,"","","",101175,"","","",17780,"","","",3,68113,7.5,11.3,15.7,56.9,4.0,5.6,28.7,5.6,"","","","","",""
"A0627","Solano","Dixon, Vacaville","https://www.californiahealthmaps.org?address=A0627","Both","Kidney",340565,18.2,14.0,23.3,189095,18.0,13.0,24.7,17190,"","","",101175,"","","",17780,"","","",3,68113,7.5,11.3,15.7,56.9,4.0,5.6,28.7,5.6,"","","","","",""
"A0627","Solano","Dixon, Vacaville","https://www.californiahealthmaps.org?address=A0627","Both","Thyroid",340565,10.4,7.3,14.5,189095,9.1,5.6,14.7,17190,"","","",101175,"","","",17780,"","","",3,68113,7.5,11.3,15.7,56.9,4.0,5.6,28.7,5.6,"","","","","",""
"A0627","Solano","Dixon, Vacaville","https://www.californiahealthmaps.org?address=A0627","Both","Liver",340565,12.6,9.2,16.9,189095,12.6,8.6,18.3,17190,"","","",101175,"","","",17780,"","","",3,68113,7.5,11.3,15.7,56.9,4.0,5.6,28.7,5.6,"","","","","",""
"A0627","Solano","Dixon, Vacaville","https://www.californiahealthmaps.org?address=A0627","Both","Pancreas",340565,15.4,11.5,20.2,189095,13.2,9.1,19.2,17190,"","","",101175,"","","",17780,"","","",3,68113,7.5,11.3,15.7,56.9,4.0,5.6,28.7,5.6,"","","","","",""
