"Zone","Counties","Cities","URL","Sex","Cancer","PopTot","AAIR","LCI","UCI","White_PopTot","White_AAIR","White_LCI","White_UCI","Black_PopTot","Black_AAIR","Black_LCI","Black_UCI","Hispanic_PopTot","Hispanic_AAIR","Hispanic_LCI","Hispanic_UCI","Asian_PopTot","Asian_AAIR","Asian_LCI","Asian_UCI","QNSES","PopAll","PerRural","PerUninsured","PerForeignBorn","PerWhite","PerBlack","PerAsian","PerHispanic","PerAPI","PerDocvisit","PerFOBT","PerMammo","PerMenPrev","PerPap","PerWomenPrev"
"A0954","Fresno","Selma, Sanger","https://www.californiahealthmaps.org?address=A0954","Male","AllSite",158825,422.2,385.6,461.6,26925,416.8,356.3,488.4,"","","","",121975,414.0,364.0,470.3,"","","","",1,63196,13.8,24.3,26.9,17.2,1.1,5.1,74.5,5.1,"","","","","",""
"A0954","Fresno","Selma, Sanger","https://www.californiahealthmaps.org?address=A0954","Female","AllSite",157155,361.0,330.0,394.2,30065,402.0,342.9,471.8,"","","","",117315,332.1,292.5,376.2,"","","","",1,63196,13.8,24.3,26.9,17.2,1.1,5.1,74.5,5.1,"","","","","",""
"A0954","Fresno","Selma, Sanger","https://www.californiahealthmaps.org?address=A0954","Male","Prostate",158825,91.8,75.2,111.3,26925,78.3,54.0,114.6,"","","","",121975,99.9,76.1,130.4,"","","","",1,63196,13.8,24.3,26.9,17.2,1.1,5.1,74.5,5.1,"","","","","",""
"A0954","Fresno","Selma, Sanger","https://www.californiahealthmaps.org?address=A0954","Female","Breast",157155,107.8,91.2,126.7,30065,136.2,101.3,182.7,"","","","",117315,99.1,78.0,124.8,"","","","",1,63196,13.8,24.3,26.9,17.2,1.1,5.1,74.5,5.1,"","","","","",""
"A0954","Fresno","Selma, Sanger","https://www.californiahealthmaps.org?address=A0954","Male","Lung",158825,47.1,34.9,62.4,26925,68.2,45.5,103.1,"","","","",121975,35.3,21.0,57.0,"","","","",1,63196,13.8,24.3,26.9,17.2,1.1,5.1,74.5,5.1,"","","","","",""
"A0954","Fresno","Selma, Sanger","https://www.californiahealthmaps.org?address=A0954","Female","Lung",157155,36.4,27.1,48.1,30065,68.0,47.4,99.9,"","","","",117315,"","","","","","","",1,63196,13.8,24.3,26.9,17.2,1.1,5.1,74.5,5.1,"","","","","",""
"A0954","Fresno","Selma, Sanger","https://www.californiahealthmaps.org?address=A0954","Male","CRC",158825,51.3,39.2,66.3,26925,40.4,22.4,71.7,"","","","",121975,60.3,42.4,84.9,"","","","",1,63196,13.8,24.3,26.9,17.2,1.1,5.1,74.5,5.1,"","","","","",""
"A0954","Fresno","Selma, Sanger","https://www.californiahealthmaps.org?address=A0954","Female","CRC",157155,36.4,27.1,48.1,30065,47.3,28.2,78.9,"","","","",117315,27.1,16.9,42.1,"","","","",1,63196,13.8,24.3,26.9,17.2,1.1,5.1,74.5,5.1,"","","","","",""
"A0954","Fresno","Selma, Sanger","https://www.californiahealthmaps.org?address=A0954","Male","Mela",158825,16.4,9.7,26.3,26925,37.7,20.9,68.0,"","","","",121975,"","","","","","","",1,63196,13.8,24.3,26.9,17.2,1.1,5.1,74.5,5.1,"","","","","",""
"A0954","Fresno","Selma, Sanger","https://www.californiahealthmaps.org?address=A0954","Female","Mela",157155,"","","",30065,"","","","","","","",117315,"","","","","","","",1,63196,13.8,24.3,26.9,17.2,1.1,5.1,74.5,5.1,"","","","","",""
"A0954","Fresno","Selma, Sanger","https://www.californiahealthmaps.org?address=A0954","Female","Uterine",157155,13.2,7.9,20.9,30065,"","","","","","","",117315,"","","","","","","",1,63196,13.8,24.3,26.9,17.2,1.1,5.1,74.5,5.1,"","","","","",""
"A0954","Fresno","Selma, Sanger","https://www.californiahealthmaps.org?address=A0954","Male","Lymph",158825,20.1,12.8,30.3,26925,"","","","","","","",121975,"","","","","","","",1,63196,13.8,24.3,26.9,17.2,1.1,5.1,74.5,5.1,"","","","","",""
"A0954","Fresno","Selma, Sanger","https://www.californiahealthmaps.org?address=A0954","Female","Lymph",157155,15.7,9.8,24.0,30065,"","","","","","","",117315,20.9,11.7,35.2,"","","","",1,63196,13.8,24.3,26.9,17.2,1.1,5.1,74.5,5.1,"","","","","",""
"A0954","Fresno","Selma, Sanger","https://www.californiahealthmaps.org?address=A0954","Male","Urinary",158825,13.3,7.4,22.4,26925,"","","","","","","",121975,"","","","","","","",1,63196,13.8,24.3,26.9,17.2,1.1,5.1,74.5,5.1,"","","","","",""
"A0954","Fresno","Selma, Sanger","https://www.californiahealthmaps.org?address=A0954","Female","Urinary",157155,"","","",30065,"","","","","","","",117315,"","","","","","","",1,63196,13.8,24.3,26.9,17.2,1.1,5.1,74.5,5.1,"","","","","",""
"A0954","Fresno","Selma, Sanger","https://www.californiahealthmaps.org?address=A0954","Male","Kidney",158825,23.1,15.3,33.9,26925,"","","","","","","",121975,28.3,16.9,46.7,"","","","",1,63196,13.8,24.3,26.9,17.2,1.1,5.1,74.5,5.1,"","","","","",""
"A0954","Fresno","Selma, Sanger","https://www.californiahealthmaps.org?address=A0954","Female","Kidney",157155,"","","",30065,"","","","","","","",117315,"","","","","","","",1,63196,13.8,24.3,26.9,17.2,1.1,5.1,74.5,5.1,"","","","","",""
"A0954","Fresno","Selma, Sanger","https://www.californiahealthmaps.org?address=A0954","Male","Thyroid",158825,"","","",26925,"","","","","","","",121975,"","","","","","","",1,63196,13.8,24.3,26.9,17.2,1.1,5.1,74.5,5.1,"","","","","",""
"A0954","Fresno","Selma, Sanger","https://www.californiahealthmaps.org?address=A0954","Female","Thyroid",157155,23.6,16.2,33.3,30065,"","","","","","","",117315,25.0,16.1,38.5,"","","","",1,63196,13.8,24.3,26.9,17.2,1.1,5.1,74.5,5.1,"","","","","",""
"A0954","Fresno","Selma, Sanger","https://www.californiahealthmaps.org?address=A0954","Male","Liver",158825,27.6,19.1,38.8,26925,"","","","","","","",121975,32.8,20.9,51.3,"","","","",1,63196,13.8,24.3,26.9,17.2,1.1,5.1,74.5,5.1,"","","","","",""
"A0954","Fresno","Selma, Sanger","https://www.californiahealthmaps.org?address=A0954","Female","Liver",157155,"","","",30065,"","","","","","","",117315,"","","","","","","",1,63196,13.8,24.3,26.9,17.2,1.1,5.1,74.5,5.1,"","","","","",""
"A0954","Fresno","Selma, Sanger","https://www.californiahealthmaps.org?address=A0954","Male","Pancreas",158825,14.8,8.6,24.1,26925,"","","","","","","",121975,"","","","","","","",1,63196,13.8,24.3,26.9,17.2,1.1,5.1,74.5,5.1,"","","","","",""
"A0954","Fresno","Selma, Sanger","https://www.californiahealthmaps.org?address=A0954","Female","Pancreas",157155,"","","",30065,"","","","","","","",117315,"","","","","","","",1,63196,13.8,24.3,26.9,17.2,1.1,5.1,74.5,5.1,"","","","","",""
"A0954","Fresno","Selma, Sanger","https://www.californiahealthmaps.org?address=A0954","Both","AllSite",315980,383.9,360.4,408.6,56990,400.2,358.4,447.3,"","","","",239290,366.0,334.7,399.9,12910,338.3,248.7,454.2,1,63196,13.8,24.3,26.9,17.2,1.1,5.1,74.5,5.1,"","","","","",""
"A0954","Fresno","Selma, Sanger","https://www.californiahealthmaps.org?address=A0954","Both","Lung",315980,40.6,33.0,49.4,56990,66.3,51.0,87.0,"","","","",239290,25.1,17.0,36.2,12910,"","","",1,63196,13.8,24.3,26.9,17.2,1.1,5.1,74.5,5.1,"","","","","",""
"A0954","Fresno","Selma, Sanger","https://www.californiahealthmaps.org?address=A0954","Both","CRC",315980,42.9,35.3,51.7,56990,43.6,30.1,63.1,"","","","",239290,41.9,31.9,54.5,12910,"","","",1,63196,13.8,24.3,26.9,17.2,1.1,5.1,74.5,5.1,"","","","","",""
"A0954","Fresno","Selma, Sanger","https://www.californiahealthmaps.org?address=A0954","Both","Mela",315980,10.9,7.2,16.0,56990,24.3,14.6,40.4,"","","","",239290,"","","",12910,"","","",1,63196,13.8,24.3,26.9,17.2,1.1,5.1,74.5,5.1,"","","","","",""
"A0954","Fresno","Selma, Sanger","https://www.californiahealthmaps.org?address=A0954","Both","Lymph",315980,17.6,12.9,23.7,56990,"","","","","","","",239290,18.9,12.2,28.4,12910,"","","",1,63196,13.8,24.3,26.9,17.2,1.1,5.1,74.5,5.1,"","","","","",""
"A0954","Fresno","Selma, Sanger","https://www.californiahealthmaps.org?address=A0954","Both","Urinary",315980,8.4,5.3,12.9,56990,13.8,7.6,26.3,"","","","",239290,"","","",12910,"","","",1,63196,13.8,24.3,26.9,17.2,1.1,5.1,74.5,5.1,"","","","","",""
"A0954","Fresno","Selma, Sanger","https://www.californiahealthmaps.org?address=A0954","Both","Kidney",315980,15.4,11.0,21.1,56990,"","","","","","","",239290,19.0,12.7,28.1,12910,"","","",1,63196,13.8,24.3,26.9,17.2,1.1,5.1,74.5,5.1,"","","","","",""
"A0954","Fresno","Selma, Sanger","https://www.californiahealthmaps.org?address=A0954","Both","Thyroid",315980,14.3,10.2,19.7,56990,"","","","","","","",239290,13.9,9.1,21.3,12910,"","","",1,63196,13.8,24.3,26.9,17.2,1.1,5.1,74.5,5.1,"","","","","",""
"A0954","Fresno","Selma, Sanger","https://www.californiahealthmaps.org?address=A0954","Both","Liver",315980,15.7,11.3,21.4,56990,"","","","","","","",239290,19.0,12.7,28.0,12910,"","","",1,63196,13.8,24.3,26.9,17.2,1.1,5.1,74.5,5.1,"","","","","",""
"A0954","Fresno","Selma, Sanger","https://www.californiahealthmaps.org?address=A0954","Both","Pancreas",315980,11.6,7.8,16.6,56990,"","","","","","","",239290,15.4,9.3,24.6,12910,"","","",1,63196,13.8,24.3,26.9,17.2,1.1,5.1,74.5,5.1,"","","","","",""
