"Zone","Counties","Cities","URL","Sex","Cancer","PopTot","AAIR","LCI","UCI","White_PopTot","White_AAIR","White_LCI","White_UCI","Black_PopTot","Black_AAIR","Black_LCI","Black_UCI","Hispanic_PopTot","Hispanic_AAIR","Hispanic_LCI","Hispanic_UCI","Asian_PopTot","Asian_AAIR","Asian_LCI","Asian_UCI","QNSES","PopAll","PerRural","PerUninsured","PerForeignBorn","PerWhite","PerBlack","PerAsian","PerHispanic","PerAPI","PerDocvisit","PerFOBT","PerMammo","PerMenPrev","PerPap","PerWomenPrev"
"A0710","Orange","Mission Viejo, Lake Forest","https://www.californiahealthmaps.org?address=A0710","Male","AllSite",155205,480.5,445.2,518.1,90165,494.8,453.7,539.7,"","","","",43525,371.2,282.8,485.0,14620,354.9,249.4,497.4,5,62166,0.0,12.2,22.9,59.3,1.0,10.0,26.5,10.0,67.0,70.5,79.5,42.3,83.6,34.8
"A0710","Orange","Mission Viejo, Lake Forest","https://www.californiahealthmaps.org?address=A0710","Female","AllSite",155625,459.7,428.2,493.2,91200,483.4,444.3,526.3,"","","","",41710,350.5,281.2,435.6,16345,420.4,331.2,536.5,5,62166,0.0,12.2,22.9,59.3,1.0,10.0,26.5,10.0,67.0,70.5,79.5,42.3,83.6,34.8
"A0710","Orange","Mission Viejo, Lake Forest","https://www.californiahealthmaps.org?address=A0710","Male","Prostate",155205,109.5,93.7,127.7,90165,111.8,93.8,133.5,"","","","",43525,75.2,40.7,137.3,14620,"","","",5,62166,0.0,12.2,22.9,59.3,1.0,10.0,26.5,10.0,67.0,70.5,79.5,42.3,83.6,34.8
"A0710","Orange","Mission Viejo, Lake Forest","https://www.californiahealthmaps.org?address=A0710","Female","Breast",155625,149.1,131.6,168.6,91200,158.1,136.6,183.7,"","","","",41710,126.9,86.5,184.2,16345,106.2,67.5,174.2,5,62166,0.0,12.2,22.9,59.3,1.0,10.0,26.5,10.0,67.0,70.5,79.5,42.3,83.6,34.8
"A0710","Orange","Mission Viejo, Lake Forest","https://www.californiahealthmaps.org?address=A0710","Male","Lung",155205,41.8,31.4,55.0,90165,47.0,34.7,63.5,"","","","",43525,"","","",14620,"","","",5,62166,0.0,12.2,22.9,59.3,1.0,10.0,26.5,10.0,67.0,70.5,79.5,42.3,83.6,34.8
"A0710","Orange","Mission Viejo, Lake Forest","https://www.californiahealthmaps.org?address=A0710","Female","Lung",155625,43.5,34.0,55.2,91200,51.4,39.5,67.5,"","","","",41710,"","","",16345,"","","",5,62166,0.0,12.2,22.9,59.3,1.0,10.0,26.5,10.0,67.0,70.5,79.5,42.3,83.6,34.8
"A0710","Orange","Mission Viejo, Lake Forest","https://www.californiahealthmaps.org?address=A0710","Male","CRC",155205,37.3,27.9,49.3,90165,37.6,26.7,52.6,"","","","",43525,"","","",14620,"","","",5,62166,0.0,12.2,22.9,59.3,1.0,10.0,26.5,10.0,67.0,70.5,79.5,42.3,83.6,34.8
"A0710","Orange","Mission Viejo, Lake Forest","https://www.californiahealthmaps.org?address=A0710","Female","CRC",155625,33.2,25.4,43.1,91200,32.0,23.2,45.2,"","","","",41710,"","","",16345,"","","",5,62166,0.0,12.2,22.9,59.3,1.0,10.0,26.5,10.0,67.0,70.5,79.5,42.3,83.6,34.8
"A0710","Orange","Mission Viejo, Lake Forest","https://www.californiahealthmaps.org?address=A0710","Male","Mela",155205,45.4,35.0,58.2,90165,49.7,37.2,66.1,"","","","",43525,"","","",14620,"","","",5,62166,0.0,12.2,22.9,59.3,1.0,10.0,26.5,10.0,67.0,70.5,79.5,42.3,83.6,34.8
"A0710","Orange","Mission Viejo, Lake Forest","https://www.californiahealthmaps.org?address=A0710","Female","Mela",155625,25.7,18.7,34.8,91200,32.7,22.8,47.1,"","","","",41710,"","","",16345,"","","",5,62166,0.0,12.2,22.9,59.3,1.0,10.0,26.5,10.0,67.0,70.5,79.5,42.3,83.6,34.8
"A0710","Orange","Mission Viejo, Lake Forest","https://www.californiahealthmaps.org?address=A0710","Female","Uterine",155625,29.3,22.0,38.6,91200,29.8,21.1,42.9,"","","","",41710,"","","",16345,"","","",5,62166,0.0,12.2,22.9,59.3,1.0,10.0,26.5,10.0,67.0,70.5,79.5,42.3,83.6,34.8
"A0710","Orange","Mission Viejo, Lake Forest","https://www.californiahealthmaps.org?address=A0710","Male","Lymph",155205,26.5,18.6,37.0,90165,28.2,19.0,41.7,"","","","",43525,"","","",14620,"","","",5,62166,0.0,12.2,22.9,59.3,1.0,10.0,26.5,10.0,67.0,70.5,79.5,42.3,83.6,34.8
"A0710","Orange","Mission Viejo, Lake Forest","https://www.californiahealthmaps.org?address=A0710","Female","Lymph",155625,21.1,14.8,29.5,91200,22.4,14.8,34.8,"","","","",41710,"","","",16345,"","","",5,62166,0.0,12.2,22.9,59.3,1.0,10.0,26.5,10.0,67.0,70.5,79.5,42.3,83.6,34.8
"A0710","Orange","Mission Viejo, Lake Forest","https://www.californiahealthmaps.org?address=A0710","Male","Urinary",155205,17.2,10.9,26.3,90165,20.6,12.7,33.0,"","","","",43525,"","","",14620,"","","",5,62166,0.0,12.2,22.9,59.3,1.0,10.0,26.5,10.0,67.0,70.5,79.5,42.3,83.6,34.8
"A0710","Orange","Mission Viejo, Lake Forest","https://www.californiahealthmaps.org?address=A0710","Female","Urinary",155625,"","","",91200,"","","","","","","",41710,"","","",16345,"","","",5,62166,0.0,12.2,22.9,59.3,1.0,10.0,26.5,10.0,67.0,70.5,79.5,42.3,83.6,34.8
"A0710","Orange","Mission Viejo, Lake Forest","https://www.californiahealthmaps.org?address=A0710","Male","Kidney",155205,16.9,11.1,25.2,90165,16.9,10.5,27.7,"","","","",43525,"","","",14620,"","","",5,62166,0.0,12.2,22.9,59.3,1.0,10.0,26.5,10.0,67.0,70.5,79.5,42.3,83.6,34.8
"A0710","Orange","Mission Viejo, Lake Forest","https://www.californiahealthmaps.org?address=A0710","Female","Kidney",155625,11.7,7.2,18.5,91200,11.7,6.4,22.0,"","","","",41710,"","","",16345,"","","",5,62166,0.0,12.2,22.9,59.3,1.0,10.0,26.5,10.0,67.0,70.5,79.5,42.3,83.6,34.8
"A0710","Orange","Mission Viejo, Lake Forest","https://www.californiahealthmaps.org?address=A0710","Male","Thyroid",155205,10.1,5.6,17.4,90165,"","","","","","","",43525,"","","",14620,"","","",5,62166,0.0,12.2,22.9,59.3,1.0,10.0,26.5,10.0,67.0,70.5,79.5,42.3,83.6,34.8
"A0710","Orange","Mission Viejo, Lake Forest","https://www.californiahealthmaps.org?address=A0710","Female","Thyroid",155625,21.2,14.5,30.1,91200,21.4,12.4,35.8,"","","","",41710,"","","",16345,"","","",5,62166,0.0,12.2,22.9,59.3,1.0,10.0,26.5,10.0,67.0,70.5,79.5,42.3,83.6,34.8
"A0710","Orange","Mission Viejo, Lake Forest","https://www.californiahealthmaps.org?address=A0710","Male","Liver",155205,10.7,6.2,18.0,90165,"","","","","","","",43525,"","","",14620,"","","",5,62166,0.0,12.2,22.9,59.3,1.0,10.0,26.5,10.0,67.0,70.5,79.5,42.3,83.6,34.8
"A0710","Orange","Mission Viejo, Lake Forest","https://www.californiahealthmaps.org?address=A0710","Female","Liver",155625,8.5,4.7,14.5,91200,"","","","","","","",41710,"","","",16345,"","","",5,62166,0.0,12.2,22.9,59.3,1.0,10.0,26.5,10.0,67.0,70.5,79.5,42.3,83.6,34.8
"A0710","Orange","Mission Viejo, Lake Forest","https://www.californiahealthmaps.org?address=A0710","Male","Pancreas",155205,15.3,9.7,23.5,90165,14.6,8.7,25.0,"","","","",43525,"","","",14620,"","","",5,62166,0.0,12.2,22.9,59.3,1.0,10.0,26.5,10.0,67.0,70.5,79.5,42.3,83.6,34.8
"A0710","Orange","Mission Viejo, Lake Forest","https://www.californiahealthmaps.org?address=A0710","Female","Pancreas",155625,14.7,9.6,22.0,91200,13.3,7.8,23.7,"","","","",41710,"","","",16345,"","","",5,62166,0.0,12.2,22.9,59.3,1.0,10.0,26.5,10.0,67.0,70.5,79.5,42.3,83.6,34.8
"A0710","Orange","Mission Viejo, Lake Forest","https://www.californiahealthmaps.org?address=A0710","Both","AllSite",310830,462.7,439.5,486.8,181365,481.5,453.6,511.2,"","","","",85235,354.5,299.8,418.1,30965,386.2,318.9,465.8,5,62166,0.0,12.2,22.9,59.3,1.0,10.0,26.5,10.0,67.0,70.5,79.5,42.3,83.6,34.8
"A0710","Orange","Mission Viejo, Lake Forest","https://www.californiahealthmaps.org?address=A0710","Both","Lung",310830,42.0,35.0,50.1,181365,48.4,40.0,58.8,"","","","",85235,"","","",30965,"","","",5,62166,0.0,12.2,22.9,59.3,1.0,10.0,26.5,10.0,67.0,70.5,79.5,42.3,83.6,34.8
"A0710","Orange","Mission Viejo, Lake Forest","https://www.californiahealthmaps.org?address=A0710","Both","CRC",310830,34.4,28.4,41.4,181365,34.1,27.2,43.0,"","","","",85235,"","","",30965,"","","",5,62166,0.0,12.2,22.9,59.3,1.0,10.0,26.5,10.0,67.0,70.5,79.5,42.3,83.6,34.8
"A0710","Orange","Mission Viejo, Lake Forest","https://www.californiahealthmaps.org?address=A0710","Both","Mela",310830,33.1,27.2,40.0,181365,38.8,31.2,48.5,"","","","",85235,"","","",30965,"","","",5,62166,0.0,12.2,22.9,59.3,1.0,10.0,26.5,10.0,67.0,70.5,79.5,42.3,83.6,34.8
"A0710","Orange","Mission Viejo, Lake Forest","https://www.californiahealthmaps.org?address=A0710","Both","Lymph",310830,23.2,18.2,29.2,181365,24.8,18.8,32.9,"","","","",85235,"","","",30965,"","","",5,62166,0.0,12.2,22.9,59.3,1.0,10.0,26.5,10.0,67.0,70.5,79.5,42.3,83.6,34.8
"A0710","Orange","Mission Viejo, Lake Forest","https://www.californiahealthmaps.org?address=A0710","Both","Urinary",310830,10.6,7.2,15.1,181365,13.1,8.8,19.7,"","","","",85235,"","","",30965,"","","",5,62166,0.0,12.2,22.9,59.3,1.0,10.0,26.5,10.0,67.0,70.5,79.5,42.3,83.6,34.8
"A0710","Orange","Mission Viejo, Lake Forest","https://www.californiahealthmaps.org?address=A0710","Both","Kidney",310830,14.1,10.4,18.9,181365,14.2,9.9,20.6,"","","","",85235,"","","",30965,"","","",5,62166,0.0,12.2,22.9,59.3,1.0,10.0,26.5,10.0,67.0,70.5,79.5,42.3,83.6,34.8
"A0710","Orange","Mission Viejo, Lake Forest","https://www.californiahealthmaps.org?address=A0710","Both","Thyroid",310830,15.5,11.4,20.7,181365,13.6,8.5,21.0,"","","","",85235,"","","",30965,"","","",5,62166,0.0,12.2,22.9,59.3,1.0,10.0,26.5,10.0,67.0,70.5,79.5,42.3,83.6,34.8
"A0710","Orange","Mission Viejo, Lake Forest","https://www.californiahealthmaps.org?address=A0710","Both","Liver",310830,9.3,6.3,13.4,181365,8.1,4.8,13.5,"","","","",85235,"","","",30965,"","","",5,62166,0.0,12.2,22.9,59.3,1.0,10.0,26.5,10.0,67.0,70.5,79.5,42.3,83.6,34.8
"A0710","Orange","Mission Viejo, Lake Forest","https://www.californiahealthmaps.org?address=A0710","Both","Pancreas",310830,14.6,10.9,19.5,181365,13.6,9.5,19.8,"","","","",85235,"","","",30965,"","","",5,62166,0.0,12.2,22.9,59.3,1.0,10.0,26.5,10.0,67.0,70.5,79.5,42.3,83.6,34.8
