"Zone","Counties","Cities","URL","Sex","Cancer","PopTot","AAIR","LCI","UCI","White_PopTot","White_AAIR","White_LCI","White_UCI","Black_PopTot","Black_AAIR","Black_LCI","Black_UCI","Hispanic_PopTot","Hispanic_AAIR","Hispanic_LCI","Hispanic_UCI","Asian_PopTot","Asian_AAIR","Asian_LCI","Asian_UCI","QNSES","PopAll","PerRural","PerUninsured","PerForeignBorn","PerWhite","PerBlack","PerAsian","PerHispanic","PerAPI","PerDocvisit","PerFOBT","PerMammo","PerMenPrev","PerPap","PerWomenPrev"
"A0385","Los Angeles","Glendale, La Canada Flintridge","https://www.californiahealthmaps.org?address=A0385","Male","AllSite",156390,460.1,428.0,494.7,97410,479.4,441.4,521.1,"","","","",14845,539.0,389.6,735.1,38130,308.6,236.0,400.9,5,64954,0.0,11.4,32.6,61.2,0.5,26.4,9.5,26.4,"","","","","",""
"A0385","Los Angeles","Glendale, La Canada Flintridge","https://www.californiahealthmaps.org?address=A0385","Female","AllSite",168380,422.0,393.4,452.8,102020,433.1,397.5,472.3,"","","","",17665,406.5,310.9,525.0,42620,373.5,309.6,449.4,5,64954,0.0,11.4,32.6,61.2,0.5,26.4,9.5,26.4,"","","","","",""
"A0385","Los Angeles","Glendale, La Canada Flintridge","https://www.californiahealthmaps.org?address=A0385","Male","Prostate",156390,116.5,101.1,134.4,97410,125.7,107.7,147.6,"","","","",14845,"","","",38130,"","","",5,64954,0.0,11.4,32.6,61.2,0.5,26.4,9.5,26.4,"","","","","",""
"A0385","Los Angeles","Glendale, La Canada Flintridge","https://www.californiahealthmaps.org?address=A0385","Female","Breast",168380,149.8,133.4,168.5,102020,156.8,136.3,181.2,"","","","",17665,107.2,62.7,175.3,42620,115.7,85.4,157.5,5,64954,0.0,11.4,32.6,61.2,0.5,26.4,9.5,26.4,"","","","","",""
"A0385","Los Angeles","Glendale, La Canada Flintridge","https://www.californiahealthmaps.org?address=A0385","Male","Lung",156390,41.3,32.1,53.1,97410,42.4,32.1,57.0,"","","","",14845,"","","",38130,"","","",5,64954,0.0,11.4,32.6,61.2,0.5,26.4,9.5,26.4,"","","","","",""
"A0385","Los Angeles","Glendale, La Canada Flintridge","https://www.californiahealthmaps.org?address=A0385","Female","Lung",168380,34.4,26.7,44.4,102020,33.6,25.1,46.2,"","","","",17665,"","","",42620,"","","",5,64954,0.0,11.4,32.6,61.2,0.5,26.4,9.5,26.4,"","","","","",""
"A0385","Los Angeles","Glendale, La Canada Flintridge","https://www.californiahealthmaps.org?address=A0385","Male","CRC",156390,50.6,40.4,63.6,97410,50.2,38.4,66.3,"","","","",14845,"","","",38130,"","","",5,64954,0.0,11.4,32.6,61.2,0.5,26.4,9.5,26.4,"","","","","",""
"A0385","Los Angeles","Glendale, La Canada Flintridge","https://www.californiahealthmaps.org?address=A0385","Female","CRC",168380,36.6,28.6,46.9,102020,37.9,28.4,51.5,"","","","",17665,"","","",42620,"","","",5,64954,0.0,11.4,32.6,61.2,0.5,26.4,9.5,26.4,"","","","","",""
"A0385","Los Angeles","Glendale, La Canada Flintridge","https://www.californiahealthmaps.org?address=A0385","Male","Mela",156390,36.2,27.6,47.4,97410,39.8,29.6,54.4,"","","","",14845,"","","",38130,"","","",5,64954,0.0,11.4,32.6,61.2,0.5,26.4,9.5,26.4,"","","","","",""
"A0385","Los Angeles","Glendale, La Canada Flintridge","https://www.californiahealthmaps.org?address=A0385","Female","Mela",168380,16.1,10.7,23.9,102020,14.5,8.7,25.0,"","","","",17665,"","","",42620,"","","",5,64954,0.0,11.4,32.6,61.2,0.5,26.4,9.5,26.4,"","","","","",""
"A0385","Los Angeles","Glendale, La Canada Flintridge","https://www.californiahealthmaps.org?address=A0385","Female","Uterine",168380,26.8,20.3,35.7,102020,29.5,21.5,41.6,"","","","",17665,"","","",42620,"","","",5,64954,0.0,11.4,32.6,61.2,0.5,26.4,9.5,26.4,"","","","","",""
"A0385","Los Angeles","Glendale, La Canada Flintridge","https://www.californiahealthmaps.org?address=A0385","Male","Lymph",156390,24.8,17.9,34.5,97410,24.3,16.5,36.6,"","","","",14845,"","","",38130,"","","",5,64954,0.0,11.4,32.6,61.2,0.5,26.4,9.5,26.4,"","","","","",""
"A0385","Los Angeles","Glendale, La Canada Flintridge","https://www.californiahealthmaps.org?address=A0385","Female","Lymph",168380,20.2,14.2,28.7,102020,19.0,11.6,31.0,"","","","",17665,"","","",42620,"","","",5,64954,0.0,11.4,32.6,61.2,0.5,26.4,9.5,26.4,"","","","","",""
"A0385","Los Angeles","Glendale, La Canada Flintridge","https://www.californiahealthmaps.org?address=A0385","Male","Urinary",156390,22.1,15.4,31.6,97410,23.5,16.0,35.7,"","","","",14845,"","","",38130,"","","",5,64954,0.0,11.4,32.6,61.2,0.5,26.4,9.5,26.4,"","","","","",""
"A0385","Los Angeles","Glendale, La Canada Flintridge","https://www.californiahealthmaps.org?address=A0385","Female","Urinary",168380,"","","",102020,"","","","","","","",17665,"","","",42620,"","","",5,64954,0.0,11.4,32.6,61.2,0.5,26.4,9.5,26.4,"","","","","",""
"A0385","Los Angeles","Glendale, La Canada Flintridge","https://www.californiahealthmaps.org?address=A0385","Male","Kidney",156390,21.3,14.7,30.8,97410,21.1,13.5,33.4,"","","","",14845,"","","",38130,"","","",5,64954,0.0,11.4,32.6,61.2,0.5,26.4,9.5,26.4,"","","","","",""
"A0385","Los Angeles","Glendale, La Canada Flintridge","https://www.californiahealthmaps.org?address=A0385","Female","Kidney",168380,8.5,4.7,15.0,102020,"","","","","","","",17665,"","","",42620,"","","",5,64954,0.0,11.4,32.6,61.2,0.5,26.4,9.5,26.4,"","","","","",""
"A0385","Los Angeles","Glendale, La Canada Flintridge","https://www.californiahealthmaps.org?address=A0385","Male","Thyroid",156390,9.2,5.3,16.0,97410,"","","","","","","",14845,"","","",38130,"","","",5,64954,0.0,11.4,32.6,61.2,0.5,26.4,9.5,26.4,"","","","","",""
"A0385","Los Angeles","Glendale, La Canada Flintridge","https://www.californiahealthmaps.org?address=A0385","Female","Thyroid",168380,24.1,16.8,34.0,102020,31.3,20.1,47.5,"","","","",17665,"","","",42620,"","","",5,64954,0.0,11.4,32.6,61.2,0.5,26.4,9.5,26.4,"","","","","",""
"A0385","Los Angeles","Glendale, La Canada Flintridge","https://www.californiahealthmaps.org?address=A0385","Male","Liver",156390,10.1,5.9,17.3,97410,"","","","","","","",14845,"","","",38130,"","","",5,64954,0.0,11.4,32.6,61.2,0.5,26.4,9.5,26.4,"","","","","",""
"A0385","Los Angeles","Glendale, La Canada Flintridge","https://www.californiahealthmaps.org?address=A0385","Female","Liver",168380,"","","",102020,"","","","","","","",17665,"","","",42620,"","","",5,64954,0.0,11.4,32.6,61.2,0.5,26.4,9.5,26.4,"","","","","",""
"A0385","Los Angeles","Glendale, La Canada Flintridge","https://www.californiahealthmaps.org?address=A0385","Male","Pancreas",156390,11.0,6.6,18.6,97410,11.7,6.6,21.6,"","","","",14845,"","","",38130,"","","",5,64954,0.0,11.4,32.6,61.2,0.5,26.4,9.5,26.4,"","","","","",""
"A0385","Los Angeles","Glendale, La Canada Flintridge","https://www.californiahealthmaps.org?address=A0385","Female","Pancreas",168380,9.2,5.5,15.4,102020,9.5,5.1,18.6,"","","","",17665,"","","",42620,"","","",5,64954,0.0,11.4,32.6,61.2,0.5,26.4,9.5,26.4,"","","","","",""
"A0385","Los Angeles","Glendale, La Canada Flintridge","https://www.californiahealthmaps.org?address=A0385","Both","AllSite",324770,436.5,415.2,458.9,199430,450.9,425.1,478.6,"","","","",32510,454.2,371.9,551.5,80750,339.7,292.2,394.4,5,64954,0.0,11.4,32.6,61.2,0.5,26.4,9.5,26.4,"","","","","",""
"A0385","Los Angeles","Glendale, La Canada Flintridge","https://www.californiahealthmaps.org?address=A0385","Both","Lung",324770,37.4,31.4,44.6,199430,37.4,30.7,46.0,"","","","",32510,"","","",80750,28.0,15.5,48.8,5,64954,0.0,11.4,32.6,61.2,0.5,26.4,9.5,26.4,"","","","","",""
"A0385","Los Angeles","Glendale, La Canada Flintridge","https://www.californiahealthmaps.org?address=A0385","Both","CRC",324770,42.5,36.1,50.1,199430,42.9,35.4,52.4,"","","","",32510,"","","",80750,38.9,24.1,61.7,5,64954,0.0,11.4,32.6,61.2,0.5,26.4,9.5,26.4,"","","","","",""
"A0385","Los Angeles","Glendale, La Canada Flintridge","https://www.californiahealthmaps.org?address=A0385","Both","Mela",324770,25.0,20.1,31.2,199430,26.2,20.3,34.0,"","","","",32510,"","","",80750,"","","",5,64954,0.0,11.4,32.6,61.2,0.5,26.4,9.5,26.4,"","","","","",""
"A0385","Los Angeles","Glendale, La Canada Flintridge","https://www.californiahealthmaps.org?address=A0385","Both","Lymph",324770,22.1,17.5,27.9,199430,21.2,15.8,28.8,"","","","",32510,"","","",80750,"","","",5,64954,0.0,11.4,32.6,61.2,0.5,26.4,9.5,26.4,"","","","","",""
"A0385","Los Angeles","Glendale, La Canada Flintridge","https://www.californiahealthmaps.org?address=A0385","Both","Urinary",324770,12.0,8.8,16.5,199430,13.3,9.5,19.2,"","","","",32510,"","","",80750,"","","",5,64954,0.0,11.4,32.6,61.2,0.5,26.4,9.5,26.4,"","","","","",""
"A0385","Los Angeles","Glendale, La Canada Flintridge","https://www.californiahealthmaps.org?address=A0385","Both","Kidney",324770,14.5,10.7,19.5,199430,13.7,9.5,20.1,"","","","",32510,"","","",80750,"","","",5,64954,0.0,11.4,32.6,61.2,0.5,26.4,9.5,26.4,"","","","","",""
"A0385","Los Angeles","Glendale, La Canada Flintridge","https://www.californiahealthmaps.org?address=A0385","Both","Thyroid",324770,17.1,12.7,22.9,199430,21.1,14.6,29.9,"","","","",32510,"","","",80750,"","","",5,64954,0.0,11.4,32.6,61.2,0.5,26.4,9.5,26.4,"","","","","",""
"A0385","Los Angeles","Glendale, La Canada Flintridge","https://www.californiahealthmaps.org?address=A0385","Both","Liver",324770,8.8,5.9,13.1,199430,5.4,3.0,10.3,"","","","",32510,"","","",80750,"","","",5,64954,0.0,11.4,32.6,61.2,0.5,26.4,9.5,26.4,"","","","","",""
"A0385","Los Angeles","Glendale, La Canada Flintridge","https://www.californiahealthmaps.org?address=A0385","Both","Pancreas",324770,10.3,7.3,14.6,199430,10.8,7.2,16.5,"","","","",32510,"","","",80750,"","","",5,64954,0.0,11.4,32.6,61.2,0.5,26.4,9.5,26.4,"","","","","",""
