"Zone","Counties","Cities","URL","Sex","Cancer","PopTot","AAIR","LCI","UCI","White_PopTot","White_AAIR","White_LCI","White_UCI","Black_PopTot","Black_AAIR","Black_LCI","Black_UCI","Hispanic_PopTot","Hispanic_AAIR","Hispanic_LCI","Hispanic_UCI","Asian_PopTot","Asian_AAIR","Asian_LCI","Asian_UCI","QNSES","PopAll","PerRural","PerUninsured","PerForeignBorn","PerWhite","PerBlack","PerAsian","PerHispanic","PerAPI","PerDocvisit","PerFOBT","PerMammo","PerMenPrev","PerPap","PerWomenPrev"
"A0910","Contra Costa","Clayton, Concord, Walnut Creek","https://www.californiahealthmaps.org?address=A0910","Male","AllSite",139600,514.9,480.9,551.6,96395,525.9,487.1,569.1,"","","","",19060,588.3,435.9,783.5,14830,331.1,245.5,442.8,5,57440,0.7,5.1,17.8,65.9,3.6,11.6,15.1,11.6,"","","","","",""
"A0910","Contra Costa","Clayton, Concord, Walnut Creek","https://www.californiahealthmaps.org?address=A0910","Female","AllSite",147600,437.0,406.3,470.2,100210,454.7,417.0,496.5,"","","","",19780,386.9,290.3,510.7,17860,410.1,322.0,521.1,5,57440,0.7,5.1,17.8,65.9,3.6,11.6,15.1,11.6,"","","","","",""
"A0910","Contra Costa","Clayton, Concord, Walnut Creek","https://www.californiahealthmaps.org?address=A0910","Male","Prostate",139600,129.0,112.9,147.8,96395,121.1,103.8,143.2,"","","","",19060,187.7,108.8,311.0,14830,85.1,45.8,152.7,5,57440,0.7,5.1,17.8,65.9,3.6,11.6,15.1,11.6,"","","","","",""
"A0910","Contra Costa","Clayton, Concord, Walnut Creek","https://www.californiahealthmaps.org?address=A0910","Female","Breast",147600,153.2,135.1,173.9,100210,159.7,137.6,186.2,"","","","",19780,149.3,91.7,235.7,17860,129.5,83.6,199.4,5,57440,0.7,5.1,17.8,65.9,3.6,11.6,15.1,11.6,"","","","","",""
"A0910","Contra Costa","Clayton, Concord, Walnut Creek","https://www.californiahealthmaps.org?address=A0910","Male","Lung",139600,48.0,38.0,61.0,96395,50.2,39.1,66.5,"","","","",19060,"","","",14830,"","","",5,57440,0.7,5.1,17.8,65.9,3.6,11.6,15.1,11.6,"","","","","",""
"A0910","Contra Costa","Clayton, Concord, Walnut Creek","https://www.californiahealthmaps.org?address=A0910","Female","Lung",147600,39.9,31.4,51.1,100210,37.3,28.1,51.2,"","","","",19780,"","","",17860,"","","",5,57440,0.7,5.1,17.8,65.9,3.6,11.6,15.1,11.6,"","","","","",""
"A0910","Contra Costa","Clayton, Concord, Walnut Creek","https://www.californiahealthmaps.org?address=A0910","Male","CRC",139600,42.5,33.0,55.0,96395,42.0,31.6,57.8,"","","","",19060,"","","",14830,"","","",5,57440,0.7,5.1,17.8,65.9,3.6,11.6,15.1,11.6,"","","","","",""
"A0910","Contra Costa","Clayton, Concord, Walnut Creek","https://www.californiahealthmaps.org?address=A0910","Female","CRC",147600,30.0,22.9,39.7,100210,30.5,22.2,43.8,"","","","",19780,"","","",17860,"","","",5,57440,0.7,5.1,17.8,65.9,3.6,11.6,15.1,11.6,"","","","","",""
"A0910","Contra Costa","Clayton, Concord, Walnut Creek","https://www.californiahealthmaps.org?address=A0910","Male","Mela",139600,68.6,56.8,83.4,96395,81.7,67.2,101.2,"","","","",19060,"","","",14830,"","","",5,57440,0.7,5.1,17.8,65.9,3.6,11.6,15.1,11.6,"","","","","",""
"A0910","Contra Costa","Clayton, Concord, Walnut Creek","https://www.californiahealthmaps.org?address=A0910","Female","Mela",147600,30.1,22.7,40.1,100210,36.6,26.6,51.4,"","","","",19780,"","","",17860,"","","",5,57440,0.7,5.1,17.8,65.9,3.6,11.6,15.1,11.6,"","","","","",""
"A0910","Contra Costa","Clayton, Concord, Walnut Creek","https://www.californiahealthmaps.org?address=A0910","Female","Uterine",147600,22.1,16.3,30.5,100210,22.3,15.7,33.8,"","","","",19780,"","","",17860,"","","",5,57440,0.7,5.1,17.8,65.9,3.6,11.6,15.1,11.6,"","","","","",""
"A0910","Contra Costa","Clayton, Concord, Walnut Creek","https://www.californiahealthmaps.org?address=A0910","Male","Lymph",139600,27.8,20.5,38.4,96395,28.5,20.1,42.6,"","","","",19060,"","","",14830,"","","",5,57440,0.7,5.1,17.8,65.9,3.6,11.6,15.1,11.6,"","","","","",""
"A0910","Contra Costa","Clayton, Concord, Walnut Creek","https://www.californiahealthmaps.org?address=A0910","Female","Lymph",147600,13.1,8.5,20.7,100210,13.5,8.0,24.5,"","","","",19780,"","","",17860,"","","",5,57440,0.7,5.1,17.8,65.9,3.6,11.6,15.1,11.6,"","","","","",""
"A0910","Contra Costa","Clayton, Concord, Walnut Creek","https://www.californiahealthmaps.org?address=A0910","Male","Urinary",139600,17.0,11.4,26.0,96395,19.1,12.5,31.6,"","","","",19060,"","","",14830,"","","",5,57440,0.7,5.1,17.8,65.9,3.6,11.6,15.1,11.6,"","","","","",""
"A0910","Contra Costa","Clayton, Concord, Walnut Creek","https://www.californiahealthmaps.org?address=A0910","Female","Urinary",147600,"","","",100210,"","","","","","","",19780,"","","",17860,"","","",5,57440,0.7,5.1,17.8,65.9,3.6,11.6,15.1,11.6,"","","","","",""
"A0910","Contra Costa","Clayton, Concord, Walnut Creek","https://www.californiahealthmaps.org?address=A0910","Male","Kidney",139600,20.9,14.7,30.3,96395,21.6,14.7,34.3,"","","","",19060,"","","",14830,"","","",5,57440,0.7,5.1,17.8,65.9,3.6,11.6,15.1,11.6,"","","","","",""
"A0910","Contra Costa","Clayton, Concord, Walnut Creek","https://www.californiahealthmaps.org?address=A0910","Female","Kidney",147600,9.5,5.6,16.3,100210,9.3,5.1,19.3,"","","","",19780,"","","",17860,"","","",5,57440,0.7,5.1,17.8,65.9,3.6,11.6,15.1,11.6,"","","","","",""
"A0910","Contra Costa","Clayton, Concord, Walnut Creek","https://www.californiahealthmaps.org?address=A0910","Male","Thyroid",139600,8.8,4.8,16.5,96395,"","","","","","","",19060,"","","",14830,"","","",5,57440,0.7,5.1,17.8,65.9,3.6,11.6,15.1,11.6,"","","","","",""
"A0910","Contra Costa","Clayton, Concord, Walnut Creek","https://www.californiahealthmaps.org?address=A0910","Female","Thyroid",147600,33.4,23.7,46.2,100210,31.8,19.8,49.6,"","","","",19780,"","","",17860,"","","",5,57440,0.7,5.1,17.8,65.9,3.6,11.6,15.1,11.6,"","","","","",""
"A0910","Contra Costa","Clayton, Concord, Walnut Creek","https://www.californiahealthmaps.org?address=A0910","Male","Liver",139600,10.1,5.7,18.0,96395,"","","","","","","",19060,"","","",14830,"","","",5,57440,0.7,5.1,17.8,65.9,3.6,11.6,15.1,11.6,"","","","","",""
"A0910","Contra Costa","Clayton, Concord, Walnut Creek","https://www.californiahealthmaps.org?address=A0910","Female","Liver",147600,"","","",100210,"","","","","","","",19780,"","","",17860,"","","",5,57440,0.7,5.1,17.8,65.9,3.6,11.6,15.1,11.6,"","","","","",""
"A0910","Contra Costa","Clayton, Concord, Walnut Creek","https://www.californiahealthmaps.org?address=A0910","Male","Pancreas",139600,17.6,11.9,26.6,96395,19.5,12.8,32.0,"","","","",19060,"","","",14830,"","","",5,57440,0.7,5.1,17.8,65.9,3.6,11.6,15.1,11.6,"","","","","",""
"A0910","Contra Costa","Clayton, Concord, Walnut Creek","https://www.californiahealthmaps.org?address=A0910","Female","Pancreas",147600,11.0,6.8,18.1,100210,11.0,6.5,21.2,"","","","",19780,"","","",17860,"","","",5,57440,0.7,5.1,17.8,65.9,3.6,11.6,15.1,11.6,"","","","","",""
"A0910","Contra Costa","Clayton, Concord, Walnut Creek","https://www.californiahealthmaps.org?address=A0910","Both","AllSite",287200,470.5,447.8,494.5,196605,485.0,458.0,514.0,"","","","",38840,461.8,377.2,562.5,32690,376.9,313.7,451.8,5,57440,0.7,5.1,17.8,65.9,3.6,11.6,15.1,11.6,"","","","","",""
"A0910","Contra Costa","Clayton, Concord, Walnut Creek","https://www.californiahealthmaps.org?address=A0910","Both","Lung",287200,43.3,36.8,51.2,196605,43.0,35.8,52.5,"","","","",38840,"","","",32690,54.6,31.4,91.2,5,57440,0.7,5.1,17.8,65.9,3.6,11.6,15.1,11.6,"","","","","",""
"A0910","Contra Costa","Clayton, Concord, Walnut Creek","https://www.californiahealthmaps.org?address=A0910","Both","CRC",287200,36.1,30.1,43.4,196605,36.2,29.4,45.3,"","","","",38840,"","","",32690,"","","",5,57440,0.7,5.1,17.8,65.9,3.6,11.6,15.1,11.6,"","","","","",""
"A0910","Contra Costa","Clayton, Concord, Walnut Creek","https://www.californiahealthmaps.org?address=A0910","Both","Mela",287200,47.5,40.7,55.7,196605,57.4,48.6,68.4,"","","","",38840,"","","",32690,"","","",5,57440,0.7,5.1,17.8,65.9,3.6,11.6,15.1,11.6,"","","","","",""
"A0910","Contra Costa","Clayton, Concord, Walnut Creek","https://www.californiahealthmaps.org?address=A0910","Both","Lymph",287200,19.4,15.2,25.1,196605,20.2,15.2,27.7,"","","","",38840,"","","",32690,"","","",5,57440,0.7,5.1,17.8,65.9,3.6,11.6,15.1,11.6,"","","","","",""
"A0910","Contra Costa","Clayton, Concord, Walnut Creek","https://www.californiahealthmaps.org?address=A0910","Both","Urinary",287200,9.6,6.7,14.0,196605,11.1,7.7,17.2,"","","","",38840,"","","",32690,"","","",5,57440,0.7,5.1,17.8,65.9,3.6,11.6,15.1,11.6,"","","","","",""
"A0910","Contra Costa","Clayton, Concord, Walnut Creek","https://www.californiahealthmaps.org?address=A0910","Both","Kidney",287200,14.7,11.1,19.7,196605,15.0,10.9,21.5,"","","","",38840,"","","",32690,"","","",5,57440,0.7,5.1,17.8,65.9,3.6,11.6,15.1,11.6,"","","","","",""
"A0910","Contra Costa","Clayton, Concord, Walnut Creek","https://www.californiahealthmaps.org?address=A0910","Both","Thyroid",287200,21.7,16.2,28.9,196605,19.7,13.1,29.3,"","","","",38840,"","","",32690,"","","",5,57440,0.7,5.1,17.8,65.9,3.6,11.6,15.1,11.6,"","","","","",""
"A0910","Contra Costa","Clayton, Concord, Walnut Creek","https://www.californiahealthmaps.org?address=A0910","Both","Liver",287200,7.3,4.7,11.4,196605,5.8,3.2,11.5,"","","","",38840,"","","",32690,"","","",5,57440,0.7,5.1,17.8,65.9,3.6,11.6,15.1,11.6,"","","","","",""
"A0910","Contra Costa","Clayton, Concord, Walnut Creek","https://www.californiahealthmaps.org?address=A0910","Both","Pancreas",287200,13.8,10.3,18.7,196605,14.7,10.7,21.3,"","","","",38840,"","","",32690,"","","",5,57440,0.7,5.1,17.8,65.9,3.6,11.6,15.1,11.6,"","","","","",""
