"Zone","Counties","Cities","URL","Sex","Cancer","PopTot","AAIR","LCI","UCI","White_PopTot","White_AAIR","White_LCI","White_UCI","Black_PopTot","Black_AAIR","Black_LCI","Black_UCI","Hispanic_PopTot","Hispanic_AAIR","Hispanic_LCI","Hispanic_UCI","Asian_PopTot","Asian_AAIR","Asian_LCI","Asian_UCI","QNSES","PopAll","PerRural","PerUninsured","PerForeignBorn","PerWhite","PerBlack","PerAsian","PerHispanic","PerAPI","PerDocvisit","PerFOBT","PerMammo","PerMenPrev","PerPap","PerWomenPrev"
"A0725","Kings","Hanford, Lemoore","https://www.californiahealthmaps.org?address=A0725","Male","AllSite",198530,457.3,423.6,493.3,92055,447.0,406.3,491.1,"","","","",81210,443.9,370.7,531.6,"","","","",2,80328,10.9,15.9,15.1,47.2,5.5,4.8,39.4,4.8,"","","","","",""
"A0725","Kings","Hanford, Lemoore","https://www.californiahealthmaps.org?address=A0725","Female","AllSite",203110,431.0,401.8,461.9,94085,413.8,377.2,453.7,"","","","",82315,465.2,402.5,536.3,11775,232.8,160.8,339.5,2,80328,10.9,15.9,15.1,47.2,5.5,4.8,39.4,4.8,"","","","","",""
"A0725","Kings","Hanford, Lemoore","https://www.californiahealthmaps.org?address=A0725","Male","Prostate",198530,105.3,89.5,123.4,92055,95.2,77.2,116.7,"","","","",81210,127.0,87.2,182.9,"","","","",2,80328,10.9,15.9,15.1,47.2,5.5,4.8,39.4,4.8,"","","","","",""
"A0725","Kings","Hanford, Lemoore","https://www.californiahealthmaps.org?address=A0725","Female","Breast",203110,124.7,109.2,141.9,94085,124.5,104.7,147.8,"","","","",82315,128.2,96.6,168.7,11775,"","","",2,80328,10.9,15.9,15.1,47.2,5.5,4.8,39.4,4.8,"","","","","",""
"A0725","Kings","Hanford, Lemoore","https://www.californiahealthmaps.org?address=A0725","Male","Lung",198530,52.6,41.2,66.3,92055,56.6,42.6,74.3,"","","","",81210,"","","","","","","",2,80328,10.9,15.9,15.1,47.2,5.5,4.8,39.4,4.8,"","","","","",""
"A0725","Kings","Hanford, Lemoore","https://www.californiahealthmaps.org?address=A0725","Female","Lung",203110,46.8,37.4,57.9,94085,51.0,39.2,66.2,"","","","",82315,36.7,19.7,63.8,11775,"","","",2,80328,10.9,15.9,15.1,47.2,5.5,4.8,39.4,4.8,"","","","","",""
"A0725","Kings","Hanford, Lemoore","https://www.californiahealthmaps.org?address=A0725","Male","CRC",198530,46.8,36.6,59.4,92055,40.0,28.7,54.9,"","","","",81210,66.5,38.8,111.1,"","","","",2,80328,10.9,15.9,15.1,47.2,5.5,4.8,39.4,4.8,"","","","","",""
"A0725","Kings","Hanford, Lemoore","https://www.californiahealthmaps.org?address=A0725","Female","CRC",203110,35.2,27.3,44.8,94085,27.5,18.9,39.6,"","","","",82315,43.9,27.1,69.8,11775,"","","",2,80328,10.9,15.9,15.1,47.2,5.5,4.8,39.4,4.8,"","","","","",""
"A0725","Kings","Hanford, Lemoore","https://www.californiahealthmaps.org?address=A0725","Male","Mela",198530,29.6,21.6,39.8,92055,35.4,24.8,49.6,"","","","",81210,"","","","","","","",2,80328,10.9,15.9,15.1,47.2,5.5,4.8,39.4,4.8,"","","","","",""
"A0725","Kings","Hanford, Lemoore","https://www.californiahealthmaps.org?address=A0725","Female","Mela",203110,16.0,10.8,23.1,94085,17.8,10.7,28.7,"","","","",82315,"","","",11775,"","","",2,80328,10.9,15.9,15.1,47.2,5.5,4.8,39.4,4.8,"","","","","",""
"A0725","Kings","Hanford, Lemoore","https://www.californiahealthmaps.org?address=A0725","Female","Uterine",203110,26.7,19.9,35.2,94085,24.3,16.2,36.1,"","","","",82315,"","","",11775,"","","",2,80328,10.9,15.9,15.1,47.2,5.5,4.8,39.4,4.8,"","","","","",""
"A0725","Kings","Hanford, Lemoore","https://www.californiahealthmaps.org?address=A0725","Male","Lymph",198530,23.1,16.1,32.6,92055,23.0,14.5,35.3,"","","","",81210,"","","","","","","",2,80328,10.9,15.9,15.1,47.2,5.5,4.8,39.4,4.8,"","","","","",""
"A0725","Kings","Hanford, Lemoore","https://www.californiahealthmaps.org?address=A0725","Female","Lymph",203110,13.3,8.7,19.8,94085,14.1,8.1,23.9,"","","","",82315,"","","",11775,"","","",2,80328,10.9,15.9,15.1,47.2,5.5,4.8,39.4,4.8,"","","","","",""
"A0725","Kings","Hanford, Lemoore","https://www.californiahealthmaps.org?address=A0725","Male","Urinary",198530,14.6,8.8,22.9,92055,16.3,9.1,27.4,"","","","",81210,"","","","","","","",2,80328,10.9,15.9,15.1,47.2,5.5,4.8,39.4,4.8,"","","","","",""
"A0725","Kings","Hanford, Lemoore","https://www.californiahealthmaps.org?address=A0725","Female","Urinary",203110,"","","",94085,"","","","","","","",82315,"","","",11775,"","","",2,80328,10.9,15.9,15.1,47.2,5.5,4.8,39.4,4.8,"","","","","",""
"A0725","Kings","Hanford, Lemoore","https://www.californiahealthmaps.org?address=A0725","Male","Kidney",198530,21.4,14.8,30.2,92055,15.8,9.0,26.5,"","","","",81210,"","","","","","","",2,80328,10.9,15.9,15.1,47.2,5.5,4.8,39.4,4.8,"","","","","",""
"A0725","Kings","Hanford, Lemoore","https://www.californiahealthmaps.org?address=A0725","Female","Kidney",203110,15.2,10.1,22.0,94085,12.7,7.1,22.2,"","","","",82315,"","","",11775,"","","",2,80328,10.9,15.9,15.1,47.2,5.5,4.8,39.4,4.8,"","","","","",""
"A0725","Kings","Hanford, Lemoore","https://www.californiahealthmaps.org?address=A0725","Male","Thyroid",198530,8.8,5.0,15.0,92055,"","","","","","","",81210,"","","","","","","",2,80328,10.9,15.9,15.1,47.2,5.5,4.8,39.4,4.8,"","","","","",""
"A0725","Kings","Hanford, Lemoore","https://www.californiahealthmaps.org?address=A0725","Female","Thyroid",203110,30.2,22.8,39.4,94085,30.3,20.4,44.1,"","","","",82315,34.6,20.0,58.4,11775,"","","",2,80328,10.9,15.9,15.1,47.2,5.5,4.8,39.4,4.8,"","","","","",""
"A0725","Kings","Hanford, Lemoore","https://www.californiahealthmaps.org?address=A0725","Male","Liver",198530,19.5,13.1,28.2,92055,14.6,8.2,24.6,"","","","",81210,"","","","","","","",2,80328,10.9,15.9,15.1,47.2,5.5,4.8,39.4,4.8,"","","","","",""
"A0725","Kings","Hanford, Lemoore","https://www.californiahealthmaps.org?address=A0725","Female","Liver",203110,"","","",94085,"","","","","","","",82315,"","","",11775,"","","",2,80328,10.9,15.9,15.1,47.2,5.5,4.8,39.4,4.8,"","","","","",""
"A0725","Kings","Hanford, Lemoore","https://www.californiahealthmaps.org?address=A0725","Male","Pancreas",198530,11.9,7.0,19.1,92055,17.7,10.4,28.7,"","","","",81210,"","","","","","","",2,80328,10.9,15.9,15.1,47.2,5.5,4.8,39.4,4.8,"","","","","",""
"A0725","Kings","Hanford, Lemoore","https://www.californiahealthmaps.org?address=A0725","Female","Pancreas",203110,11.6,7.2,17.8,94085,"","","","","","","",82315,"","","",11775,"","","",2,80328,10.9,15.9,15.1,47.2,5.5,4.8,39.4,4.8,"","","","","",""
"A0725","Kings","Hanford, Lemoore","https://www.californiahealthmaps.org?address=A0725","Both","AllSite",401640,436.7,414.9,459.4,186140,422.7,395.8,451.2,16425,497.6,373.8,664.4,163525,448.4,401.3,500.5,20935,245.0,185.4,320.6,2,80328,10.9,15.9,15.1,47.2,5.5,4.8,39.4,4.8,"","","","","",""
"A0725","Kings","Hanford, Lemoore","https://www.californiahealthmaps.org?address=A0725","Both","Lung",401640,48.9,41.6,57.1,186140,52.8,43.7,63.5,16425,"","","",163525,34.4,21.8,52.9,20935,"","","",2,80328,10.9,15.9,15.1,47.2,5.5,4.8,39.4,4.8,"","","","","",""
"A0725","Kings","Hanford, Lemoore","https://www.californiahealthmaps.org?address=A0725","Both","CRC",401640,40.1,33.7,47.4,186140,33.2,26.1,42.0,16425,"","","",163525,51.8,36.8,72.1,20935,"","","",2,80328,10.9,15.9,15.1,47.2,5.5,4.8,39.4,4.8,"","","","","",""
"A0725","Kings","Hanford, Lemoore","https://www.californiahealthmaps.org?address=A0725","Both","Mela",401640,21.8,17.2,27.4,186140,25.5,19.2,33.5,16425,"","","",163525,"","","",20935,"","","",2,80328,10.9,15.9,15.1,47.2,5.5,4.8,39.4,4.8,"","","","","",""
"A0725","Kings","Hanford, Lemoore","https://www.californiahealthmaps.org?address=A0725","Both","Lymph",401640,17.6,13.4,22.7,186140,17.7,12.6,24.6,16425,"","","",163525,22.6,12.8,38.2,20935,"","","",2,80328,10.9,15.9,15.1,47.2,5.5,4.8,39.4,4.8,"","","","","",""
"A0725","Kings","Hanford, Lemoore","https://www.californiahealthmaps.org?address=A0725","Both","Urinary",401640,9.3,6.3,13.3,186140,10.4,6.6,16.0,16425,"","","",163525,"","","",20935,"","","",2,80328,10.9,15.9,15.1,47.2,5.5,4.8,39.4,4.8,"","","","","",""
"A0725","Kings","Hanford, Lemoore","https://www.californiahealthmaps.org?address=A0725","Both","Kidney",401640,18.0,13.8,23.1,186140,14.0,9.4,20.2,16425,"","","",163525,26.8,17.0,42.0,20935,"","","",2,80328,10.9,15.9,15.1,47.2,5.5,4.8,39.4,4.8,"","","","","",""
"A0725","Kings","Hanford, Lemoore","https://www.californiahealthmaps.org?address=A0725","Both","Thyroid",401640,19.9,15.5,25.2,186140,20.8,14.9,28.6,16425,"","","",163525,20.4,12.2,33.9,20935,"","","",2,80328,10.9,15.9,15.1,47.2,5.5,4.8,39.4,4.8,"","","","","",""
"A0725","Kings","Hanford, Lemoore","https://www.californiahealthmaps.org?address=A0725","Both","Liver",401640,9.8,6.8,13.7,186140,6.9,4.0,11.5,16425,"","","",163525,20.7,11.2,36.1,20935,"","","",2,80328,10.9,15.9,15.1,47.2,5.5,4.8,39.4,4.8,"","","","","",""
"A0725","Kings","Hanford, Lemoore","https://www.californiahealthmaps.org?address=A0725","Both","Pancreas",401640,11.7,8.4,16.0,186140,13.9,9.4,20.1,16425,"","","",163525,"","","",20935,"","","",2,80328,10.9,15.9,15.1,47.2,5.5,4.8,39.4,4.8,"","","","","",""
