"Zone","Counties","Cities","URL","Sex","Cancer","PopTot","AAIR","LCI","UCI","White_PopTot","White_AAIR","White_LCI","White_UCI","Black_PopTot","Black_AAIR","Black_LCI","Black_UCI","Hispanic_PopTot","Hispanic_AAIR","Hispanic_LCI","Hispanic_UCI","Asian_PopTot","Asian_AAIR","Asian_LCI","Asian_UCI","QNSES","PopAll","PerRural","PerUninsured","PerForeignBorn","PerWhite","PerBlack","PerAsian","PerHispanic","PerAPI","PerDocvisit","PerFOBT","PerMammo","PerMenPrev","PerPap","PerWomenPrev"
"A0611","Ventura","Camarillo, Thousand Oaks","https://www.californiahealthmaps.org?address=A0611","Male","AllSite",146515,503.9,470.5,539.4,98695,519.3,481.3,560.9,"","","","",26670,535.1,387.0,729.2,14600,337.1,236.3,469.8,5,60987,1.9,9.1,16.8,69.2,0.7,9.8,17.5,9.8,"","","","","",""
"A0611","Ventura","Camarillo, Thousand Oaks","https://www.californiahealthmaps.org?address=A0611","Female","AllSite",158420,447.4,418.5,478.2,108205,461.2,427.0,498.8,"","","","",26905,401.0,308.5,517.1,16780,332.0,250.9,434.7,5,60987,1.9,9.1,16.8,69.2,0.7,9.8,17.5,9.8,"","","","","",""
"A0611","Ventura","Camarillo, Thousand Oaks","https://www.californiahealthmaps.org?address=A0611","Male","Prostate",146515,112.8,97.5,130.3,98695,113.8,97.1,134.2,"","","","",26670,"","","",14600,"","","",5,60987,1.9,9.1,16.8,69.2,0.7,9.8,17.5,9.8,"","","","","",""
"A0611","Ventura","Camarillo, Thousand Oaks","https://www.californiahealthmaps.org?address=A0611","Female","Breast",158420,145.6,129.3,163.9,108205,152.8,133.9,175.2,"","","","",26905,103.9,62.4,169.6,16780,96.9,56.4,160.1,5,60987,1.9,9.1,16.8,69.2,0.7,9.8,17.5,9.8,"","","","","",""
"A0611","Ventura","Camarillo, Thousand Oaks","https://www.californiahealthmaps.org?address=A0611","Male","Lung",146515,42.0,32.9,53.4,98695,45.1,34.5,59.7,"","","","",26670,"","","",14600,"","","",5,60987,1.9,9.1,16.8,69.2,0.7,9.8,17.5,9.8,"","","","","",""
"A0611","Ventura","Camarillo, Thousand Oaks","https://www.californiahealthmaps.org?address=A0611","Female","Lung",158420,46.5,38.0,57.0,108205,50.2,40.4,63.5,"","","","",26905,"","","",16780,"","","",5,60987,1.9,9.1,16.8,69.2,0.7,9.8,17.5,9.8,"","","","","",""
"A0611","Ventura","Camarillo, Thousand Oaks","https://www.californiahealthmaps.org?address=A0611","Male","CRC",146515,44.6,35.2,56.2,98695,43.2,33.0,57.4,"","","","",26670,"","","",14600,"","","",5,60987,1.9,9.1,16.8,69.2,0.7,9.8,17.5,9.8,"","","","","",""
"A0611","Ventura","Camarillo, Thousand Oaks","https://www.californiahealthmaps.org?address=A0611","Female","CRC",158420,31.7,24.8,40.7,108205,30.0,22.7,41.2,"","","","",26905,"","","",16780,"","","",5,60987,1.9,9.1,16.8,69.2,0.7,9.8,17.5,9.8,"","","","","",""
"A0611","Ventura","Camarillo, Thousand Oaks","https://www.californiahealthmaps.org?address=A0611","Male","Mela",146515,58.3,47.3,71.5,98695,66.1,52.8,83.5,"","","","",26670,"","","",14600,"","","",5,60987,1.9,9.1,16.8,69.2,0.7,9.8,17.5,9.8,"","","","","",""
"A0611","Ventura","Camarillo, Thousand Oaks","https://www.californiahealthmaps.org?address=A0611","Female","Mela",158420,30.9,23.2,40.9,108205,39.1,28.0,54.6,"","","","",26905,"","","",16780,"","","",5,60987,1.9,9.1,16.8,69.2,0.7,9.8,17.5,9.8,"","","","","",""
"A0611","Ventura","Camarillo, Thousand Oaks","https://www.californiahealthmaps.org?address=A0611","Female","Uterine",158420,27.6,21.0,36.3,108205,26.7,19.6,37.7,"","","","",26905,"","","",16780,"","","",5,60987,1.9,9.1,16.8,69.2,0.7,9.8,17.5,9.8,"","","","","",""
"A0611","Ventura","Camarillo, Thousand Oaks","https://www.californiahealthmaps.org?address=A0611","Male","Lymph",146515,35.0,26.4,45.9,98695,36.7,26.6,50.9,"","","","",26670,"","","",14600,"","","",5,60987,1.9,9.1,16.8,69.2,0.7,9.8,17.5,9.8,"","","","","",""
"A0611","Ventura","Camarillo, Thousand Oaks","https://www.californiahealthmaps.org?address=A0611","Female","Lymph",158420,17.8,12.5,25.4,108205,16.5,10.4,26.8,"","","","",26905,"","","",16780,"","","",5,60987,1.9,9.1,16.8,69.2,0.7,9.8,17.5,9.8,"","","","","",""
"A0611","Ventura","Camarillo, Thousand Oaks","https://www.californiahealthmaps.org?address=A0611","Male","Urinary",146515,18.6,12.8,26.9,98695,19.9,13.4,30.7,"","","","",26670,"","","",14600,"","","",5,60987,1.9,9.1,16.8,69.2,0.7,9.8,17.5,9.8,"","","","","",""
"A0611","Ventura","Camarillo, Thousand Oaks","https://www.californiahealthmaps.org?address=A0611","Female","Urinary",158420,5.1,2.7,9.9,108205,5.9,3.1,13.5,"","","","",26905,"","","",16780,"","","",5,60987,1.9,9.1,16.8,69.2,0.7,9.8,17.5,9.8,"","","","","",""
"A0611","Ventura","Camarillo, Thousand Oaks","https://www.californiahealthmaps.org?address=A0611","Male","Kidney",146515,24.0,17.1,33.3,98695,23.0,15.8,34.4,"","","","",26670,"","","",14600,"","","",5,60987,1.9,9.1,16.8,69.2,0.7,9.8,17.5,9.8,"","","","","",""
"A0611","Ventura","Camarillo, Thousand Oaks","https://www.californiahealthmaps.org?address=A0611","Female","Kidney",158420,9.1,5.6,14.9,108205,9.3,5.4,17.7,"","","","",26905,"","","",16780,"","","",5,60987,1.9,9.1,16.8,69.2,0.7,9.8,17.5,9.8,"","","","","",""
"A0611","Ventura","Camarillo, Thousand Oaks","https://www.californiahealthmaps.org?address=A0611","Male","Thyroid",146515,13.0,7.8,20.7,98695,11.7,6.4,21.9,"","","","",26670,"","","",14600,"","","",5,60987,1.9,9.1,16.8,69.2,0.7,9.8,17.5,9.8,"","","","","",""
"A0611","Ventura","Camarillo, Thousand Oaks","https://www.californiahealthmaps.org?address=A0611","Female","Thyroid",158420,23.7,16.8,32.9,108205,25.7,16.8,39.1,"","","","",26905,"","","",16780,"","","",5,60987,1.9,9.1,16.8,69.2,0.7,9.8,17.5,9.8,"","","","","",""
"A0611","Ventura","Camarillo, Thousand Oaks","https://www.californiahealthmaps.org?address=A0611","Male","Liver",146515,"","","",98695,"","","","","","","",26670,"","","",14600,"","","",5,60987,1.9,9.1,16.8,69.2,0.7,9.8,17.5,9.8,"","","","","",""
"A0611","Ventura","Camarillo, Thousand Oaks","https://www.californiahealthmaps.org?address=A0611","Female","Liver",158420,"","","",108205,"","","","","","","",26905,"","","",16780,"","","",5,60987,1.9,9.1,16.8,69.2,0.7,9.8,17.5,9.8,"","","","","",""
"A0611","Ventura","Camarillo, Thousand Oaks","https://www.californiahealthmaps.org?address=A0611","Male","Pancreas",146515,24.2,17.4,33.4,98695,24.0,16.5,35.8,"","","","",26670,"","","",14600,"","","",5,60987,1.9,9.1,16.8,69.2,0.7,9.8,17.5,9.8,"","","","","",""
"A0611","Ventura","Camarillo, Thousand Oaks","https://www.californiahealthmaps.org?address=A0611","Female","Pancreas",158420,10.4,6.5,16.5,108205,8.9,5.1,17.3,"","","","",26905,"","","",16780,"","","",5,60987,1.9,9.1,16.8,69.2,0.7,9.8,17.5,9.8,"","","","","",""
"A0611","Ventura","Camarillo, Thousand Oaks","https://www.californiahealthmaps.org?address=A0611","Both","AllSite",304935,468.0,446.3,490.7,206900,483.1,457.9,510.0,"","","","",53575,437.6,358.5,531.8,31380,323.2,261.0,397.4,5,60987,1.9,9.1,16.8,69.2,0.7,9.8,17.5,9.8,"","","","","",""
"A0611","Ventura","Camarillo, Thousand Oaks","https://www.californiahealthmaps.org?address=A0611","Both","Lung",304935,44.7,38.3,52.0,206900,48.3,40.9,57.4,"","","","",53575,"","","",31380,"","","",5,60987,1.9,9.1,16.8,69.2,0.7,9.8,17.5,9.8,"","","","","",""
"A0611","Ventura","Camarillo, Thousand Oaks","https://www.californiahealthmaps.org?address=A0611","Both","CRC",304935,37.2,31.5,44.0,206900,35.9,29.7,43.9,"","","","",53575,71.9,40.3,121.0,31380,"","","",5,60987,1.9,9.1,16.8,69.2,0.7,9.8,17.5,9.8,"","","","","",""
"A0611","Ventura","Camarillo, Thousand Oaks","https://www.californiahealthmaps.org?address=A0611","Both","Mela",304935,42.3,35.8,49.8,206900,50.3,41.7,60.7,"","","","",53575,"","","",31380,"","","",5,60987,1.9,9.1,16.8,69.2,0.7,9.8,17.5,9.8,"","","","","",""
"A0611","Ventura","Camarillo, Thousand Oaks","https://www.californiahealthmaps.org?address=A0611","Both","Lymph",304935,25.2,20.3,31.2,206900,25.1,19.4,32.7,"","","","",53575,"","","",31380,"","","",5,60987,1.9,9.1,16.8,69.2,0.7,9.8,17.5,9.8,"","","","","",""
"A0611","Ventura","Camarillo, Thousand Oaks","https://www.californiahealthmaps.org?address=A0611","Both","Urinary",304935,10.7,7.8,14.6,206900,11.7,8.4,17.0,"","","","",53575,"","","",31380,"","","",5,60987,1.9,9.1,16.8,69.2,0.7,9.8,17.5,9.8,"","","","","",""
"A0611","Ventura","Camarillo, Thousand Oaks","https://www.californiahealthmaps.org?address=A0611","Both","Kidney",304935,15.7,12.0,20.6,206900,15.3,11.3,21.2,"","","","",53575,"","","",31380,"","","",5,60987,1.9,9.1,16.8,69.2,0.7,9.8,17.5,9.8,"","","","","",""
"A0611","Ventura","Camarillo, Thousand Oaks","https://www.californiahealthmaps.org?address=A0611","Both","Thyroid",304935,18.6,14.1,24.3,206900,19.0,13.6,26.6,"","","","",53575,"","","",31380,"","","",5,60987,1.9,9.1,16.8,69.2,0.7,9.8,17.5,9.8,"","","","","",""
"A0611","Ventura","Camarillo, Thousand Oaks","https://www.californiahealthmaps.org?address=A0611","Both","Liver",304935,3.9,2.3,6.8,206900,"","","","","","","",53575,"","","",31380,"","","",5,60987,1.9,9.1,16.8,69.2,0.7,9.8,17.5,9.8,"","","","","",""
"A0611","Ventura","Camarillo, Thousand Oaks","https://www.californiahealthmaps.org?address=A0611","Both","Pancreas",304935,16.3,12.6,21.2,206900,15.5,11.5,21.6,"","","","",53575,"","","",31380,"","","",5,60987,1.9,9.1,16.8,69.2,0.7,9.8,17.5,9.8,"","","","","",""
