"Zone","Counties","Cities","URL","Sex","Cancer","PopTot","AAIR","LCI","UCI","White_PopTot","White_AAIR","White_LCI","White_UCI","Black_PopTot","Black_AAIR","Black_LCI","Black_UCI","Hispanic_PopTot","Hispanic_AAIR","Hispanic_LCI","Hispanic_UCI","Asian_PopTot","Asian_AAIR","Asian_LCI","Asian_UCI","QNSES","PopAll","PerRural","PerUninsured","PerForeignBorn","PerWhite","PerBlack","PerAsian","PerHispanic"
"A0085","Los Angeles","Los Angeles","https://www.californiahealthmaps.org?address=A0085","Male","AllSite",162070,413.6,376.3,454.1,45170,461.8,407.1,524.1,"","","","",95830,323.5,262.1,399.2,10705,337.1,241.7,468.4,1,64961,0.0,33.7,50.5,26.6,4.5,7.9,58.9
"A0085","Los Angeles","Los Angeles","https://www.californiahealthmaps.org?address=A0085","Female","AllSite",162735,394.6,363.0,428.5,45345,473.2,417.9,536.7,"","","","",94195,333.0,285.7,387.3,12570,375.4,285.8,494.1,1,64961,0.0,33.7,50.5,26.6,4.5,7.9,58.9
"A0085","Los Angeles","Los Angeles","https://www.californiahealthmaps.org?address=A0085","Male","Prostate",162070,80.7,64.9,99.9,45170,60.3,42.3,86.7,"","","","",95830,96.0,62.7,145.2,10705,"","","",1,64961,0.0,33.7,50.5,26.6,4.5,7.9,58.9
"A0085","Los Angeles","Los Angeles","https://www.californiahealthmaps.org?address=A0085","Female","Breast",162735,126.9,109.3,146.7,45345,164.3,131.8,205.4,"","","","",94195,101.5,76.1,134.4,12570,136.8,85.9,218.9,1,64961,0.0,33.7,50.5,26.6,4.5,7.9,58.9
"A0085","Los Angeles","Los Angeles","https://www.californiahealthmaps.org?address=A0085","Male","Lung",162070,53.0,39.8,69.5,45170,69.7,49.9,97.7,"","","","",95830,"","","",10705,"","","",1,64961,0.0,33.7,50.5,26.6,4.5,7.9,58.9
"A0085","Los Angeles","Los Angeles","https://www.californiahealthmaps.org?address=A0085","Female","Lung",162735,36.5,26.9,48.6,45345,58.6,41.1,85.0,"","","","",94195,"","","",12570,"","","",1,64961,0.0,33.7,50.5,26.6,4.5,7.9,58.9
"A0085","Los Angeles","Los Angeles","https://www.californiahealthmaps.org?address=A0085","Male","CRC",162070,61.3,47.1,79.0,45170,69.7,48.9,99.0,"","","","",95830,46.6,24.7,85.3,10705,"","","",1,64961,0.0,33.7,50.5,26.6,4.5,7.9,58.9
"A0085","Los Angeles","Los Angeles","https://www.californiahealthmaps.org?address=A0085","Female","CRC",162735,26.6,18.8,36.9,45345,23.1,12.3,44.0,"","","","",94195,"","","",12570,"","","",1,64961,0.0,33.7,50.5,26.6,4.5,7.9,58.9
"A0085","Los Angeles","Los Angeles","https://www.californiahealthmaps.org?address=A0085","Male","Mela",162070,14.1,7.9,24.0,45170,"","","","","","","",95830,"","","",10705,"","","",1,64961,0.0,33.7,50.5,26.6,4.5,7.9,58.9
"A0085","Los Angeles","Los Angeles","https://www.californiahealthmaps.org?address=A0085","Female","Mela",162735,9.9,5.5,16.8,45345,"","","","","","","",94195,"","","",12570,"","","",1,64961,0.0,33.7,50.5,26.6,4.5,7.9,58.9
"A0085","Los Angeles","Los Angeles","https://www.californiahealthmaps.org?address=A0085","Female","Uterine",162735,29.6,21.6,39.9,45345,43.1,28.3,67.2,"","","","",94195,18.6,10.3,34.4,12570,"","","",1,64961,0.0,33.7,50.5,26.6,4.5,7.9,58.9
"A0085","Los Angeles","Los Angeles","https://www.californiahealthmaps.org?address=A0085","Male","Lymph",162070,13.8,8.0,23.1,45170,"","","","","","","",95830,"","","",10705,"","","",1,64961,0.0,33.7,50.5,26.6,4.5,7.9,58.9
"A0085","Los Angeles","Los Angeles","https://www.californiahealthmaps.org?address=A0085","Female","Lymph",162735,16.9,10.9,25.2,45345,"","","","","","","",94195,"","","",12570,"","","",1,64961,0.0,33.7,50.5,26.6,4.5,7.9,58.9
"A0085","Los Angeles","Los Angeles","https://www.californiahealthmaps.org?address=A0085","Male","Urinary",162070,14.8,8.5,24.5,45170,24.1,13.3,43.9,"","","","",95830,"","","",10705,"","","",1,64961,0.0,33.7,50.5,26.6,4.5,7.9,58.9
"A0085","Los Angeles","Los Angeles","https://www.californiahealthmaps.org?address=A0085","Female","Urinary",162735,3.8,1.3,8.9,45345,"","","","","","","",94195,"","","",12570,"","","",1,64961,0.0,33.7,50.5,26.6,4.5,7.9,58.9
"A0085","Los Angeles","Los Angeles","https://www.californiahealthmaps.org?address=A0085","Male","Kidney",162070,18.7,11.9,28.9,45170,"","","","","","","",95830,"","","",10705,"","","",1,64961,0.0,33.7,50.5,26.6,4.5,7.9,58.9
"A0085","Los Angeles","Los Angeles","https://www.californiahealthmaps.org?address=A0085","Female","Kidney",162735,10.8,6.0,18.2,45345,"","","","","","","",94195,"","","",12570,"","","",1,64961,0.0,33.7,50.5,26.6,4.5,7.9,58.9
"A0085","Los Angeles","Los Angeles","https://www.californiahealthmaps.org?address=A0085","Male","Thyroid",162070,8.9,4.6,16.6,45170,"","","","","","","",95830,"","","",10705,"","","",1,64961,0.0,33.7,50.5,26.6,4.5,7.9,58.9
"A0085","Los Angeles","Los Angeles","https://www.californiahealthmaps.org?address=A0085","Female","Thyroid",162735,17.3,11.3,25.6,45345,"","","","","","","",94195,"","","",12570,"","","",1,64961,0.0,33.7,50.5,26.6,4.5,7.9,58.9
"A0085","Los Angeles","Los Angeles","https://www.californiahealthmaps.org?address=A0085","Both","AllSite",324805,395.2,371.4,420.3,90515,458.4,420.0,500.6,13825,477.8,328.3,702.5,190025,322.5,285.5,363.9,23275,357.1,290.8,438.7,1,64961,0.0,33.7,50.5,26.6,4.5,7.9,58.9
"A0085","Los Angeles","Los Angeles","https://www.californiahealthmaps.org?address=A0085","Both","Lung",324805,43.1,35.1,52.4,90515,63.9,50.4,81.3,13825,"","","",190025,"","","",23275,"","","",1,64961,0.0,33.7,50.5,26.6,4.5,7.9,58.9
"A0085","Los Angeles","Los Angeles","https://www.californiahealthmaps.org?address=A0085","Both","CRC",324805,41.4,33.7,50.4,90515,44.2,32.8,59.8,13825,"","","",190025,32.4,20.9,48.9,23275,60.2,35.3,102.3,1,64961,0.0,33.7,50.5,26.6,4.5,7.9,58.9
"A0085","Los Angeles","Los Angeles","https://www.californiahealthmaps.org?address=A0085","Both","Mela",324805,11.4,7.7,16.5,90515,13.8,8.0,24.1,13825,"","","",190025,"","","",23275,"","","",1,64961,0.0,33.7,50.5,26.6,4.5,7.9,58.9
"A0085","Los Angeles","Los Angeles","https://www.californiahealthmaps.org?address=A0085","Both","Lymph",324805,15.6,11.2,21.3,90515,13.2,7.5,23.5,13825,"","","",190025,17.8,10.2,30.4,23275,"","","",1,64961,0.0,33.7,50.5,26.6,4.5,7.9,58.9
"A0085","Los Angeles","Los Angeles","https://www.californiahealthmaps.org?address=A0085","Both","Urinary",324805,8.7,5.5,13.4,90515,14.7,8.8,25.1,13825,"","","",190025,"","","",23275,"","","",1,64961,0.0,33.7,50.5,26.6,4.5,7.9,58.9
"A0085","Los Angeles","Los Angeles","https://www.californiahealthmaps.org?address=A0085","Both","Kidney",324805,14.5,10.3,20.1,90515,15.3,8.9,26.3,13825,"","","",190025,13.9,7.7,25.0,23275,"","","",1,64961,0.0,33.7,50.5,26.6,4.5,7.9,58.9
"A0085","Los Angeles","Los Angeles","https://www.californiahealthmaps.org?address=A0085","Both","Thyroid",324805,13.1,9.2,18.2,90515,18.4,10.9,30.7,13825,"","","",190025,"","","",23275,"","","",1,64961,0.0,33.7,50.5,26.6,4.5,7.9,58.9
