"Zone","Counties","Cities","URL","Sex","Cancer","PopTot","AAIR","LCI","UCI","White_PopTot","White_AAIR","White_LCI","White_UCI","Black_PopTot","Black_AAIR","Black_LCI","Black_UCI","Hispanic_PopTot","Hispanic_AAIR","Hispanic_LCI","Hispanic_UCI","Asian_PopTot","Asian_AAIR","Asian_LCI","Asian_UCI","QNSES","PopAll","PerRural","PerUninsured","PerForeignBorn","PerWhite","PerBlack","PerAsian","PerHispanic"
"A0830","San Diego","Chula Vista","https://www.californiahealthmaps.org?address=A0830","Male","AllSite",152230,444.1,410.8,479.6,40260,429.7,379.4,490.9,"","","","",80600,527.8,462.5,600.4,18565,348.4,266.6,450.2,3,62957,0.0,17.1,27.5,24.6,4.7,12.9,55.2
"A0830","San Diego","Chula Vista","https://www.californiahealthmaps.org?address=A0830","Female","AllSite",162555,400.5,372.1,430.8,40460,418.0,366.6,481.1,"","","","",86705,403.7,358.3,453.7,22505,354.0,287.1,437.9,3,62957,0.0,17.1,27.5,24.6,4.7,12.9,55.2
"A0830","San Diego","Chula Vista","https://www.californiahealthmaps.org?address=A0830","Male","Prostate",152230,100.5,85.1,118.1,40260,86.9,66.5,120.1,"","","","",80600,128.0,97.1,166.6,18565,"","","",3,62957,0.0,17.1,27.5,24.6,4.7,12.9,55.2
"A0830","San Diego","Chula Vista","https://www.californiahealthmaps.org?address=A0830","Female","Breast",162555,126.6,110.6,144.5,40460,137.2,106.2,181.3,"","","","",86705,118.1,94.8,145.9,22505,131.9,93.2,188.5,3,62957,0.0,17.1,27.5,24.6,4.7,12.9,55.2
"A0830","San Diego","Chula Vista","https://www.californiahealthmaps.org?address=A0830","Male","Lung",152230,58.9,47.1,73.0,40260,62.2,45.4,92.3,"","","","",80600,42.8,25.0,69.2,18565,110.1,65.5,176.2,3,62957,0.0,17.1,27.5,24.6,4.7,12.9,55.2
"A0830","San Diego","Chula Vista","https://www.californiahealthmaps.org?address=A0830","Female","Lung",162555,41.9,33.2,52.5,40460,48.4,34.9,76.2,"","","","",86705,27.3,16.1,43.7,22505,"","","",3,62957,0.0,17.1,27.5,24.6,4.7,12.9,55.2
"A0830","San Diego","Chula Vista","https://www.californiahealthmaps.org?address=A0830","Male","CRC",152230,30.5,22.3,41.0,40260,24.6,13.8,50.8,"","","","",80600,47.5,28.5,75.0,18565,"","","",3,62957,0.0,17.1,27.5,24.6,4.7,12.9,55.2
"A0830","San Diego","Chula Vista","https://www.californiahealthmaps.org?address=A0830","Female","CRC",162555,32.1,24.6,41.7,40460,37.1,23.6,65.8,"","","","",86705,29.7,18.2,46.1,22505,"","","",3,62957,0.0,17.1,27.5,24.6,4.7,12.9,55.2
"A0830","San Diego","Chula Vista","https://www.californiahealthmaps.org?address=A0830","Male","Mela",152230,23.5,16.3,33.1,40260,38.8,25.0,66.9,"","","","",80600,"","","",18565,"","","",3,62957,0.0,17.1,27.5,24.6,4.7,12.9,55.2
"A0830","San Diego","Chula Vista","https://www.californiahealthmaps.org?address=A0830","Female","Mela",162555,10.9,6.9,16.9,40460,17.5,10.2,41.8,"","","","",86705,"","","",22505,"","","",3,62957,0.0,17.1,27.5,24.6,4.7,12.9,55.2
"A0830","San Diego","Chula Vista","https://www.californiahealthmaps.org?address=A0830","Female","Uterine",162555,28.7,21.5,37.9,40460,25.4,15.4,51.4,"","","","",86705,28.5,17.5,44.4,22505,"","","",3,62957,0.0,17.1,27.5,24.6,4.7,12.9,55.2
"A0830","San Diego","Chula Vista","https://www.californiahealthmaps.org?address=A0830","Male","Lymph",152230,21.6,14.9,30.6,40260,"","","","","","","",80600,27.8,15.0,48.6,18565,"","","",3,62957,0.0,17.1,27.5,24.6,4.7,12.9,55.2
"A0830","San Diego","Chula Vista","https://www.californiahealthmaps.org?address=A0830","Female","Lymph",162555,18.4,13.0,25.8,40460,18.2,9.5,43.9,"","","","",86705,25.8,15.5,41.1,22505,"","","",3,62957,0.0,17.1,27.5,24.6,4.7,12.9,55.2
"A0830","San Diego","Chula Vista","https://www.californiahealthmaps.org?address=A0830","Male","Urinary",152230,15.4,9.6,23.6,40260,"","","","","","","",80600,"","","",18565,"","","",3,62957,0.0,17.1,27.5,24.6,4.7,12.9,55.2
"A0830","San Diego","Chula Vista","https://www.californiahealthmaps.org?address=A0830","Female","Urinary",162555,4.4,2.1,8.9,40460,"","","","","","","",86705,"","","",22505,"","","",3,62957,0.0,17.1,27.5,24.6,4.7,12.9,55.2
"A0830","San Diego","Chula Vista","https://www.californiahealthmaps.org?address=A0830","Male","Kidney",152230,23.0,15.9,32.5,40260,"","","","","","","",80600,45.1,27.4,70.9,18565,"","","",3,62957,0.0,17.1,27.5,24.6,4.7,12.9,55.2
"A0830","San Diego","Chula Vista","https://www.californiahealthmaps.org?address=A0830","Female","Kidney",162555,10.1,6.2,16.0,40460,"","","","","","","",86705,"","","",22505,"","","",3,62957,0.0,17.1,27.5,24.6,4.7,12.9,55.2
"A0830","San Diego","Chula Vista","https://www.californiahealthmaps.org?address=A0830","Male","Thyroid",152230,10.7,5.9,17.9,40260,"","","","","","","",80600,"","","",18565,"","","",3,62957,0.0,17.1,27.5,24.6,4.7,12.9,55.2
"A0830","San Diego","Chula Vista","https://www.californiahealthmaps.org?address=A0830","Female","Thyroid",162555,20.1,13.7,28.8,40460,"","","","","","","",86705,21.8,12.6,36.0,22505,"","","",3,62957,0.0,17.1,27.5,24.6,4.7,12.9,55.2
"A0830","San Diego","Chula Vista","https://www.californiahealthmaps.org?address=A0830","Both","AllSite",314785,414.7,393.3,437.1,80720,417.1,381.6,458.1,16330,438.6,335.3,570.6,167305,448.0,410.6,488.3,41070,341.2,290.4,400.2,3,62957,0.0,17.1,27.5,24.6,4.7,12.9,55.2
"A0830","San Diego","Chula Vista","https://www.californiahealthmaps.org?address=A0830","Both","Lung",314785,48.8,41.6,56.9,80720,54.7,43.8,71.8,16330,"","","",167305,32.9,22.9,46.0,41070,68.7,47.0,99.5,3,62957,0.0,17.1,27.5,24.6,4.7,12.9,55.2
"A0830","San Diego","Chula Vista","https://www.californiahealthmaps.org?address=A0830","Both","CRC",314785,30.9,25.3,37.5,80720,30.6,21.7,46.4,16330,"","","",167305,36.2,25.7,49.6,41070,33.5,18.9,57.6,3,62957,0.0,17.1,27.5,24.6,4.7,12.9,55.2
"A0830","San Diego","Chula Vista","https://www.californiahealthmaps.org?address=A0830","Both","Mela",314785,16.5,12.5,21.5,80720,27.7,19.8,42.5,16330,"","","",167305,"","","",41070,"","","",3,62957,0.0,17.1,27.5,24.6,4.7,12.9,55.2
"A0830","San Diego","Chula Vista","https://www.californiahealthmaps.org?address=A0830","Both","Lymph",314785,19.9,15.5,25.3,80720,18.1,11.8,31.7,16330,"","","",167305,26.7,18.3,38.0,41070,"","","",3,62957,0.0,17.1,27.5,24.6,4.7,12.9,55.2
"A0830","San Diego","Chula Vista","https://www.californiahealthmaps.org?address=A0830","Both","Urinary",314785,9.0,6.1,13.0,80720,8.6,4.6,20.9,16330,"","","",167305,"","","",41070,"","","",3,62957,0.0,17.1,27.5,24.6,4.7,12.9,55.2
"A0830","San Diego","Chula Vista","https://www.californiahealthmaps.org?address=A0830","Both","Kidney",314785,15.8,11.8,20.8,80720,13.7,7.3,28.1,16330,"","","",167305,26.5,17.9,38.1,41070,"","","",3,62957,0.0,17.1,27.5,24.6,4.7,12.9,55.2
"A0830","San Diego","Chula Vista","https://www.californiahealthmaps.org?address=A0830","Both","Thyroid",314785,15.3,11.2,20.6,80720,"","","",16330,"","","",167305,19.5,12.5,29.4,41070,"","","",3,62957,0.0,17.1,27.5,24.6,4.7,12.9,55.2
