"Zone","Counties","Cities","URL","Sex","Cancer","PopTot","AAIR","LCI","UCI","White_PopTot","White_AAIR","White_LCI","White_UCI","Black_PopTot","Black_AAIR","Black_LCI","Black_UCI","Hispanic_PopTot","Hispanic_AAIR","Hispanic_LCI","Hispanic_UCI","Asian_PopTot","Asian_AAIR","Asian_LCI","Asian_UCI","QNSES","PopAll","PerRural","PerUninsured","PerForeignBorn","PerWhite","PerBlack","PerAsian","PerHispanic","PerAPI","PerDocvisit","PerFOBT","PerMammo","PerMenPrev","PerPap","PerWomenPrev"
"A0099","San Francisco","San Francisco","https://www.californiahealthmaps.org?address=A0099","Male","AllSite",150580,480.8,448.5,515.5,74515,534.1,485.7,588.7,"","","","",17810,465.7,362.8,590.5,44695,413.2,359.5,474.6,5,60349,0.0,7.8,30.7,43.1,5.4,32.3,14.6,32.3,65.3,70.2,81.4,35.2,83.1,32.2
"A0099","San Francisco","San Francisco","https://www.californiahealthmaps.org?address=A0099","Female","AllSite",151165,408.1,380.1,438.3,67440,462.0,417.5,513.0,"","","","",18835,339.9,265.2,432.0,50455,399.8,351.6,455.7,5,60349,0.0,7.8,30.7,43.1,5.4,32.3,14.6,32.3,65.3,70.2,81.4,35.2,83.1,32.2
"A0099","San Francisco","San Francisco","https://www.californiahealthmaps.org?address=A0099","Male","Prostate",150580,97.6,83.7,113.9,74515,96.6,77.9,121.7,"","","","",17810,"","","",44695,82.3,59.7,112.9,5,60349,0.0,7.8,30.7,43.1,5.4,32.3,14.6,32.3,65.3,70.2,81.4,35.2,83.1,32.2
"A0099","San Francisco","San Francisco","https://www.californiahealthmaps.org?address=A0099","Female","Breast",151165,150.1,133.3,169.3,67440,169.3,143.0,202.5,"","","","",18835,112.0,70.3,172.4,50455,160.7,130.7,198.5,5,60349,0.0,7.8,30.7,43.1,5.4,32.3,14.6,32.3,65.3,70.2,81.4,35.2,83.1,32.2
"A0099","San Francisco","San Francisco","https://www.californiahealthmaps.org?address=A0099","Male","Lung",150580,55.7,44.7,69.2,74515,56.0,40.4,78.7,"","","","",17810,"","","",44695,58.3,39.4,85.6,5,60349,0.0,7.8,30.7,43.1,5.4,32.3,14.6,32.3,65.3,70.2,81.4,35.2,83.1,32.2
"A0099","San Francisco","San Francisco","https://www.californiahealthmaps.org?address=A0099","Female","Lung",151165,43.6,34.9,54.7,67440,39.3,27.4,59.0,"","","","",18835,"","","",50455,42.7,27.9,66.3,5,60349,0.0,7.8,30.7,43.1,5.4,32.3,14.6,32.3,65.3,70.2,81.4,35.2,83.1,32.2
"A0099","San Francisco","San Francisco","https://www.californiahealthmaps.org?address=A0099","Male","CRC",150580,40.0,31.1,51.4,74515,37.8,25.4,57.7,"","","","",17810,"","","",44695,42.0,26.4,66.1,5,60349,0.0,7.8,30.7,43.1,5.4,32.3,14.6,32.3,65.3,70.2,81.4,35.2,83.1,32.2
"A0099","San Francisco","San Francisco","https://www.californiahealthmaps.org?address=A0099","Female","CRC",151165,28.7,22.0,37.9,67440,27.0,17.5,44.8,"","","","",18835,"","","",50455,37.0,23.6,59.3,5,60349,0.0,7.8,30.7,43.1,5.4,32.3,14.6,32.3,65.3,70.2,81.4,35.2,83.1,32.2
"A0099","San Francisco","San Francisco","https://www.californiahealthmaps.org?address=A0099","Male","Mela",150580,32.8,25.0,43.2,74515,58.1,43.5,79.5,"","","","",17810,"","","",44695,"","","",5,60349,0.0,7.8,30.7,43.1,5.4,32.3,14.6,32.3,65.3,70.2,81.4,35.2,83.1,32.2
"A0099","San Francisco","San Francisco","https://www.californiahealthmaps.org?address=A0099","Female","Mela",151165,23.1,16.7,32.1,67440,41.4,28.5,62.2,"","","","",18835,"","","",50455,"","","",5,60349,0.0,7.8,30.7,43.1,5.4,32.3,14.6,32.3,65.3,70.2,81.4,35.2,83.1,32.2
"A0099","San Francisco","San Francisco","https://www.californiahealthmaps.org?address=A0099","Female","Uterine",151165,28.6,21.8,37.8,67440,32.0,21.6,50.3,"","","","",18835,"","","",50455,29.2,17.8,49.7,5,60349,0.0,7.8,30.7,43.1,5.4,32.3,14.6,32.3,65.3,70.2,81.4,35.2,83.1,32.2
"A0099","San Francisco","San Francisco","https://www.californiahealthmaps.org?address=A0099","Male","Lymph",150580,29.0,21.5,39.1,74515,36.1,23.9,55.9,"","","","",17810,"","","",44695,26.8,14.8,47.6,5,60349,0.0,7.8,30.7,43.1,5.4,32.3,14.6,32.3,65.3,70.2,81.4,35.2,83.1,32.2
"A0099","San Francisco","San Francisco","https://www.californiahealthmaps.org?address=A0099","Female","Lymph",151165,14.1,9.2,21.5,67440,"","","","","","","",18835,"","","",50455,"","","",5,60349,0.0,7.8,30.7,43.1,5.4,32.3,14.6,32.3,65.3,70.2,81.4,35.2,83.1,32.2
"A0099","San Francisco","San Francisco","https://www.californiahealthmaps.org?address=A0099","Male","Urinary",150580,20.1,13.8,29.2,74515,26.1,16.2,43.8,"","","","",17810,"","","",44695,"","","",5,60349,0.0,7.8,30.7,43.1,5.4,32.3,14.6,32.3,65.3,70.2,81.4,35.2,83.1,32.2
"A0099","San Francisco","San Francisco","https://www.californiahealthmaps.org?address=A0099","Female","Urinary",151165,"","","",67440,"","","","","","","",18835,"","","",50455,"","","",5,60349,0.0,7.8,30.7,43.1,5.4,32.3,14.6,32.3,65.3,70.2,81.4,35.2,83.1,32.2
"A0099","San Francisco","San Francisco","https://www.californiahealthmaps.org?address=A0099","Male","Kidney",150580,25.7,18.8,35.1,74515,29.5,19.4,46.9,"","","","",17810,"","","",44695,"","","",5,60349,0.0,7.8,30.7,43.1,5.4,32.3,14.6,32.3,65.3,70.2,81.4,35.2,83.1,32.2
"A0099","San Francisco","San Francisco","https://www.californiahealthmaps.org?address=A0099","Female","Kidney",151165,"","","",67440,"","","","","","","",18835,"","","",50455,"","","",5,60349,0.0,7.8,30.7,43.1,5.4,32.3,14.6,32.3,65.3,70.2,81.4,35.2,83.1,32.2
"A0099","San Francisco","San Francisco","https://www.californiahealthmaps.org?address=A0099","Male","Thyroid",150580,8.6,4.9,15.1,74515,"","","","","","","",17810,"","","",44695,"","","",5,60349,0.0,7.8,30.7,43.1,5.4,32.3,14.6,32.3,65.3,70.2,81.4,35.2,83.1,32.2
"A0099","San Francisco","San Francisco","https://www.californiahealthmaps.org?address=A0099","Female","Thyroid",151165,13.0,8.3,20.4,67440,16.4,8.9,32.9,"","","","",18835,"","","",50455,"","","",5,60349,0.0,7.8,30.7,43.1,5.4,32.3,14.6,32.3,65.3,70.2,81.4,35.2,83.1,32.2
"A0099","San Francisco","San Francisco","https://www.californiahealthmaps.org?address=A0099","Male","Liver",150580,25.3,18.4,34.8,74515,"","","","","","","",17810,"","","",44695,44.7,28.4,69.6,5,60349,0.0,7.8,30.7,43.1,5.4,32.3,14.6,32.3,65.3,70.2,81.4,35.2,83.1,32.2
"A0099","San Francisco","San Francisco","https://www.californiahealthmaps.org?address=A0099","Female","Liver",151165,7.0,3.9,13.0,67440,"","","","","","","",18835,"","","",50455,"","","",5,60349,0.0,7.8,30.7,43.1,5.4,32.3,14.6,32.3,65.3,70.2,81.4,35.2,83.1,32.2
"A0099","San Francisco","San Francisco","https://www.californiahealthmaps.org?address=A0099","Male","Pancreas",150580,14.2,9.1,22.2,74515,"","","","","","","",17810,"","","",44695,"","","",5,60349,0.0,7.8,30.7,43.1,5.4,32.3,14.6,32.3,65.3,70.2,81.4,35.2,83.1,32.2
"A0099","San Francisco","San Francisco","https://www.californiahealthmaps.org?address=A0099","Female","Pancreas",151165,10.7,6.7,17.3,67440,"","","","","","","",18835,"","","",50455,"","","",5,60349,0.0,7.8,30.7,43.1,5.4,32.3,14.6,32.3,65.3,70.2,81.4,35.2,83.1,32.2
"A0099","San Francisco","San Francisco","https://www.californiahealthmaps.org?address=A0099","Both","AllSite",301745,437.4,416.4,459.5,141955,491.8,459.2,527.4,15655,436.8,358.0,540.3,36645,378.6,319.1,446.9,95150,404.4,368.2,444.2,5,60349,0.0,7.8,30.7,43.1,5.4,32.3,14.6,32.3,65.3,70.2,81.4,35.2,83.1,32.2
"A0099","San Francisco","San Francisco","https://www.californiahealthmaps.org?address=A0099","Both","Lung",301745,48.2,41.4,56.2,141955,46.3,36.6,59.4,15655,77.5,49.7,134.8,36645,43.9,25.4,71.8,95150,49.6,37.5,65.7,5,60349,0.0,7.8,30.7,43.1,5.4,32.3,14.6,32.3,65.3,70.2,81.4,35.2,83.1,32.2
"A0099","San Francisco","San Francisco","https://www.californiahealthmaps.org?address=A0099","Both","CRC",301745,34.3,28.7,41.2,141955,32.4,24.4,44.1,15655,"","","",36645,38.8,21.6,65.5,95150,39.4,28.8,54.1,5,60349,0.0,7.8,30.7,43.1,5.4,32.3,14.6,32.3,65.3,70.2,81.4,35.2,83.1,32.2
"A0099","San Francisco","San Francisco","https://www.californiahealthmaps.org?address=A0099","Both","Mela",301745,27.0,22.0,33.2,141955,47.8,38.3,60.6,15655,"","","",36645,"","","",95150,"","","",5,60349,0.0,7.8,30.7,43.1,5.4,32.3,14.6,32.3,65.3,70.2,81.4,35.2,83.1,32.2
"A0099","San Francisco","San Francisco","https://www.californiahealthmaps.org?address=A0099","Both","Lymph",301745,21.2,16.7,26.9,141955,25.2,17.9,36.2,15655,"","","",36645,"","","",95150,17.9,11.1,29.0,5,60349,0.0,7.8,30.7,43.1,5.4,32.3,14.6,32.3,65.3,70.2,81.4,35.2,83.1,32.2
"A0099","San Francisco","San Francisco","https://www.californiahealthmaps.org?address=A0099","Both","Urinary",301745,10.4,7.4,14.6,141955,13.8,9.0,22.4,15655,"","","",36645,"","","",95150,"","","",5,60349,0.0,7.8,30.7,43.1,5.4,32.3,14.6,32.3,65.3,70.2,81.4,35.2,83.1,32.2
"A0099","San Francisco","San Francisco","https://www.californiahealthmaps.org?address=A0099","Both","Kidney",301745,14.3,10.8,19.1,141955,15.2,10.1,24.0,15655,"","","",36645,"","","",95150,13.4,7.6,23.8,5,60349,0.0,7.8,30.7,43.1,5.4,32.3,14.6,32.3,65.3,70.2,81.4,35.2,83.1,32.2
"A0099","San Francisco","San Francisco","https://www.californiahealthmaps.org?address=A0099","Both","Thyroid",301745,10.8,7.7,15.1,141955,13.8,8.9,22.5,15655,"","","",36645,"","","",95150,"","","",5,60349,0.0,7.8,30.7,43.1,5.4,32.3,14.6,32.3,65.3,70.2,81.4,35.2,83.1,32.2
"A0099","San Francisco","San Francisco","https://www.californiahealthmaps.org?address=A0099","Both","Liver",301745,15.4,11.7,20.3,141955,8.9,5.2,16.7,15655,"","","",36645,"","","",95150,29.1,20.0,42.3,5,60349,0.0,7.8,30.7,43.1,5.4,32.3,14.6,32.3,65.3,70.2,81.4,35.2,83.1,32.2
"A0099","San Francisco","San Francisco","https://www.californiahealthmaps.org?address=A0099","Both","Pancreas",301745,12.1,8.8,16.5,141955,13.8,8.9,22.6,15655,"","","",36645,"","","",95150,"","","",5,60349,0.0,7.8,30.7,43.1,5.4,32.3,14.6,32.3,65.3,70.2,81.4,35.2,83.1,32.2
