"Zone","Counties","Cities","URL","Sex","Cancer","PopTot","AAIR","LCI","UCI","White_PopTot","White_AAIR","White_LCI","White_UCI","Black_PopTot","Black_AAIR","Black_LCI","Black_UCI","Hispanic_PopTot","Hispanic_AAIR","Hispanic_LCI","Hispanic_UCI","Asian_PopTot","Asian_AAIR","Asian_LCI","Asian_UCI","QNSES","PopAll","PerRural","PerUninsured","PerForeignBorn","PerWhite","PerBlack","PerAsian","PerHispanic","PerAPI","PerDocvisit","PerFOBT","PerMammo","PerMenPrev","PerPap","PerWomenPrev"
"A0777","Orange","Laguna Hills","https://www.californiahealthmaps.org?address=A0777","Male","AllSite",143475,494.8,460.4,531.3,93455,494.8,455.6,537.5,"","","","",26455,546.7,407.0,726.6,15310,432.2,330.3,559.1,5,60280,0.0,12.2,24.6,64.5,1.3,11.9,16.9,11.9,"","","","","",""
"A0777","Orange","Laguna Hills","https://www.californiahealthmaps.org?address=A0777","Female","AllSite",157925,420.1,391.6,450.6,103950,435.6,401.4,473.1,"","","","",26880,329.8,252.5,426.9,19095,339.8,269.2,433.2,5,60280,0.0,12.2,24.6,64.5,1.3,11.9,16.9,11.9,"","","","","",""
"A0777","Orange","Laguna Hills","https://www.californiahealthmaps.org?address=A0777","Male","Prostate",143475,122.5,105.9,141.2,93455,117.4,99.3,138.9,"","","","",26455,160.1,88.0,276.1,15310,86.9,46.7,153.6,5,60280,0.0,12.2,24.6,64.5,1.3,11.9,16.9,11.9,"","","","","",""
"A0777","Orange","Laguna Hills","https://www.californiahealthmaps.org?address=A0777","Female","Breast",157925,130.5,115.0,148.0,103950,137.0,118.4,159.0,"","","","",26880,"","","",19095,128.1,87.5,193.5,5,60280,0.0,12.2,24.6,64.5,1.3,11.9,16.9,11.9,"","","","","",""
"A0777","Orange","Laguna Hills","https://www.californiahealthmaps.org?address=A0777","Male","Lung",143475,42.0,32.3,54.0,93455,41.0,30.4,55.5,"","","","",26455,"","","",15310,"","","",5,60280,0.0,12.2,24.6,64.5,1.3,11.9,16.9,11.9,"","","","","",""
"A0777","Orange","Laguna Hills","https://www.californiahealthmaps.org?address=A0777","Female","Lung",157925,46.4,37.4,57.3,103950,51.7,40.9,66.0,"","","","",26880,"","","",19095,"","","",5,60280,0.0,12.2,24.6,64.5,1.3,11.9,16.9,11.9,"","","","","",""
"A0777","Orange","Laguna Hills","https://www.californiahealthmaps.org?address=A0777","Male","CRC",143475,41.5,32.0,53.4,93455,39.7,29.0,54.3,"","","","",26455,"","","",15310,"","","",5,60280,0.0,12.2,24.6,64.5,1.3,11.9,16.9,11.9,"","","","","",""
"A0777","Orange","Laguna Hills","https://www.californiahealthmaps.org?address=A0777","Female","CRC",157925,29.1,21.9,38.4,103950,28.3,19.7,40.8,"","","","",26880,"","","",19095,"","","",5,60280,0.0,12.2,24.6,64.5,1.3,11.9,16.9,11.9,"","","","","",""
"A0777","Orange","Laguna Hills","https://www.californiahealthmaps.org?address=A0777","Male","Mela",143475,50.3,39.8,63.1,93455,57.7,44.9,74.3,"","","","",26455,"","","",15310,"","","",5,60280,0.0,12.2,24.6,64.5,1.3,11.9,16.9,11.9,"","","","","",""
"A0777","Orange","Laguna Hills","https://www.californiahealthmaps.org?address=A0777","Female","Mela",157925,28.5,21.2,37.9,103950,32.1,22.8,45.4,"","","","",26880,"","","",19095,"","","",5,60280,0.0,12.2,24.6,64.5,1.3,11.9,16.9,11.9,"","","","","",""
"A0777","Orange","Laguna Hills","https://www.californiahealthmaps.org?address=A0777","Female","Uterine",157925,24.7,18.3,33.2,103950,25.2,17.6,36.5,"","","","",26880,"","","",19095,"","","",5,60280,0.0,12.2,24.6,64.5,1.3,11.9,16.9,11.9,"","","","","",""
"A0777","Orange","Laguna Hills","https://www.californiahealthmaps.org?address=A0777","Male","Lymph",143475,32.7,24.4,43.2,93455,30.2,21.5,42.7,"","","","",26455,"","","",15310,"","","",5,60280,0.0,12.2,24.6,64.5,1.3,11.9,16.9,11.9,"","","","","",""
"A0777","Orange","Laguna Hills","https://www.californiahealthmaps.org?address=A0777","Female","Lymph",157925,15.5,10.3,22.9,103950,16.1,9.8,26.5,"","","","",26880,"","","",19095,"","","",5,60280,0.0,12.2,24.6,64.5,1.3,11.9,16.9,11.9,"","","","","",""
"A0777","Orange","Laguna Hills","https://www.californiahealthmaps.org?address=A0777","Male","Urinary",143475,13.5,8.5,20.8,93455,15.9,9.9,26.0,"","","","",26455,"","","",15310,"","","",5,60280,0.0,12.2,24.6,64.5,1.3,11.9,16.9,11.9,"","","","","",""
"A0777","Orange","Laguna Hills","https://www.californiahealthmaps.org?address=A0777","Female","Urinary",157925,"","","",103950,"","","","","","","",26880,"","","",19095,"","","",5,60280,0.0,12.2,24.6,64.5,1.3,11.9,16.9,11.9,"","","","","",""
"A0777","Orange","Laguna Hills","https://www.californiahealthmaps.org?address=A0777","Male","Kidney",143475,24.3,17.0,34.0,93455,24.4,16.2,36.7,"","","","",26455,"","","",15310,"","","",5,60280,0.0,12.2,24.6,64.5,1.3,11.9,16.9,11.9,"","","","","",""
"A0777","Orange","Laguna Hills","https://www.californiahealthmaps.org?address=A0777","Female","Kidney",157925,11.3,7.0,17.8,103950,"","","","","","","",26880,"","","",19095,"","","",5,60280,0.0,12.2,24.6,64.5,1.3,11.9,16.9,11.9,"","","","","",""
"A0777","Orange","Laguna Hills","https://www.californiahealthmaps.org?address=A0777","Male","Thyroid",143475,10.0,5.6,16.8,93455,"","","","","","","",26455,"","","",15310,"","","",5,60280,0.0,12.2,24.6,64.5,1.3,11.9,16.9,11.9,"","","","","",""
"A0777","Orange","Laguna Hills","https://www.californiahealthmaps.org?address=A0777","Female","Thyroid",157925,25.4,18.4,34.6,103950,24.3,16.1,36.5,"","","","",26880,"","","",19095,"","","",5,60280,0.0,12.2,24.6,64.5,1.3,11.9,16.9,11.9,"","","","","",""
"A0777","Orange","Laguna Hills","https://www.californiahealthmaps.org?address=A0777","Male","Liver",143475,8.1,4.5,14.0,93455,"","","","","","","",26455,"","","",15310,"","","",5,60280,0.0,12.2,24.6,64.5,1.3,11.9,16.9,11.9,"","","","","",""
"A0777","Orange","Laguna Hills","https://www.californiahealthmaps.org?address=A0777","Female","Liver",157925,"","","",103950,"","","","","","","",26880,"","","",19095,"","","",5,60280,0.0,12.2,24.6,64.5,1.3,11.9,16.9,11.9,"","","","","",""
"A0777","Orange","Laguna Hills","https://www.californiahealthmaps.org?address=A0777","Male","Pancreas",143475,15.4,9.6,23.5,93455,14.0,8.1,24.2,"","","","",26455,"","","",15310,"","","",5,60280,0.0,12.2,24.6,64.5,1.3,11.9,16.9,11.9,"","","","","",""
"A0777","Orange","Laguna Hills","https://www.californiahealthmaps.org?address=A0777","Female","Pancreas",157925,9.0,5.6,14.6,103950,8.5,4.9,16.2,"","","","",26880,"","","",19095,"","","",5,60280,0.0,12.2,24.6,64.5,1.3,11.9,16.9,11.9,"","","","","",""
"A0777","Orange","Laguna Hills","https://www.californiahealthmaps.org?address=A0777","Both","AllSite",301400,447.9,426.1,470.6,197405,457.6,432.0,484.9,"","","","",53335,403.3,332.5,487.1,34405,377.0,317.1,447.6,5,60280,0.0,12.2,24.6,64.5,1.3,11.9,16.9,11.9,"","","","","",""
"A0777","Orange","Laguna Hills","https://www.californiahealthmaps.org?address=A0777","Both","Lung",301400,44.1,37.4,51.7,197405,46.9,39.2,56.4,"","","","",53335,"","","",34405,"","","",5,60280,0.0,12.2,24.6,64.5,1.3,11.9,16.9,11.9,"","","","","",""
"A0777","Orange","Laguna Hills","https://www.californiahealthmaps.org?address=A0777","Both","CRC",301400,34.3,28.4,41.2,197405,33.2,26.3,41.8,"","","","",53335,"","","",34405,47.5,27.5,80.1,5,60280,0.0,12.2,24.6,64.5,1.3,11.9,16.9,11.9,"","","","","",""
"A0777","Orange","Laguna Hills","https://www.californiahealthmaps.org?address=A0777","Both","Mela",301400,37.0,30.9,44.1,197405,42.4,34.7,52.0,"","","","",53335,"","","",34405,"","","",5,60280,0.0,12.2,24.6,64.5,1.3,11.9,16.9,11.9,"","","","","",""
"A0777","Orange","Laguna Hills","https://www.californiahealthmaps.org?address=A0777","Both","Lymph",301400,22.7,18.0,28.5,197405,22.1,16.8,29.3,"","","","",53335,"","","",34405,"","","",5,60280,0.0,12.2,24.6,64.5,1.3,11.9,16.9,11.9,"","","","","",""
"A0777","Orange","Laguna Hills","https://www.californiahealthmaps.org?address=A0777","Both","Urinary",301400,7.3,4.8,10.8,197405,8.9,5.8,13.8,"","","","",53335,"","","",34405,"","","",5,60280,0.0,12.2,24.6,64.5,1.3,11.9,16.9,11.9,"","","","","",""
"A0777","Orange","Laguna Hills","https://www.californiahealthmaps.org?address=A0777","Both","Kidney",301400,17.0,12.9,22.2,197405,15.5,11.1,21.8,"","","","",53335,"","","",34405,"","","",5,60280,0.0,12.2,24.6,64.5,1.3,11.9,16.9,11.9,"","","","","",""
"A0777","Orange","Laguna Hills","https://www.californiahealthmaps.org?address=A0777","Both","Thyroid",301400,18.2,13.8,23.6,197405,18.5,13.2,25.8,"","","","",53335,"","","",34405,"","","",5,60280,0.0,12.2,24.6,64.5,1.3,11.9,16.9,11.9,"","","","","",""
"A0777","Orange","Laguna Hills","https://www.californiahealthmaps.org?address=A0777","Both","Liver",301400,5.8,3.7,9.0,197405,"","","","","","","",53335,"","","",34405,"","","",5,60280,0.0,12.2,24.6,64.5,1.3,11.9,16.9,11.9,"","","","","",""
"A0777","Orange","Laguna Hills","https://www.californiahealthmaps.org?address=A0777","Both","Pancreas",301400,11.8,8.6,16.2,197405,11.0,7.6,16.4,"","","","",53335,"","","",34405,"","","",5,60280,0.0,12.2,24.6,64.5,1.3,11.9,16.9,11.9,"","","","","",""
