"Zone","Counties","Cities","URL","Sex","Cancer","PopTot","AAIR","LCI","UCI","White_PopTot","White_AAIR","White_LCI","White_UCI","Black_PopTot","Black_AAIR","Black_LCI","Black_UCI","Hispanic_PopTot","Hispanic_AAIR","Hispanic_LCI","Hispanic_UCI","Asian_PopTot","Asian_AAIR","Asian_LCI","Asian_UCI","QNSES","PopAll","PerRural","PerUninsured","PerForeignBorn","PerWhite","PerBlack","PerAsian","PerHispanic"
"A0388","Los Angeles","Industry","https://www.californiahealthmaps.org?address=A0388","Male","AllSite",170000,443.0,406.8,482.1,12115,482.9,389.0,619.1,"","","","",127590,433.9,385.7,487.9,25220,470.7,390.6,566.8,3,68574,0.0,23.9,38.5,8.0,1.4,15.1,73.8
"A0388","Los Angeles","Industry","https://www.californiahealthmaps.org?address=A0388","Female","AllSite",172870,342.9,315.1,372.7,11890,394.5,302.3,532.5,"","","","",128340,312.1,278.2,349.6,27360,401.8,338.1,479.5,3,68574,0.0,23.9,38.5,8.0,1.4,15.1,73.8
"A0388","Los Angeles","Industry","https://www.californiahealthmaps.org?address=A0388","Male","Prostate",170000,119.1,100.6,140.7,12115,77.4,43.9,165.9,"","","","",127590,136.8,110.0,169.6,25220,91.1,58.1,141.5,3,68574,0.0,23.9,38.5,8.0,1.4,15.1,73.8
"A0388","Los Angeles","Industry","https://www.californiahealthmaps.org?address=A0388","Female","Breast",172870,106.9,91.6,124.1,11890,93.1,51.5,190.7,"","","","",128340,97.0,78.6,119.0,27360,140.4,103.5,192.3,3,68574,0.0,23.9,38.5,8.0,1.4,15.1,73.8
"A0388","Los Angeles","Industry","https://www.californiahealthmaps.org?address=A0388","Male","Lung",170000,43.3,32.2,57.5,12115,"","","","","","","",127590,29.8,17.6,48.8,25220,75.7,45.7,123.6,3,68574,0.0,23.9,38.5,8.0,1.4,15.1,73.8
"A0388","Los Angeles","Industry","https://www.californiahealthmaps.org?address=A0388","Female","Lung",172870,17.3,11.4,25.2,11890,"","","","","","","",128340,"","","",27360,47.8,28.0,84.2,3,68574,0.0,23.9,38.5,8.0,1.4,15.1,73.8
"A0388","Los Angeles","Industry","https://www.californiahealthmaps.org?address=A0388","Male","CRC",170000,38.7,28.8,51.6,12115,"","","","","","","",127590,38.6,25.6,57.8,25220,63.5,37.5,107.3,3,68574,0.0,23.9,38.5,8.0,1.4,15.1,73.8
"A0388","Los Angeles","Industry","https://www.californiahealthmaps.org?address=A0388","Female","CRC",172870,26.8,19.4,36.2,11890,"","","","","","","",128340,17.7,10.4,28.9,27360,38.5,21.3,72.7,3,68574,0.0,23.9,38.5,8.0,1.4,15.1,73.8
"A0388","Los Angeles","Industry","https://www.californiahealthmaps.org?address=A0388","Male","Mela",170000,7.9,3.7,15.5,12115,"","","","","","","",127590,"","","",25220,"","","",3,68574,0.0,23.9,38.5,8.0,1.4,15.1,73.8
"A0388","Los Angeles","Industry","https://www.californiahealthmaps.org?address=A0388","Female","Mela",172870,3.8,1.4,8.5,11890,"","","","","","","",128340,"","","",27360,"","","",3,68574,0.0,23.9,38.5,8.0,1.4,15.1,73.8
"A0388","Los Angeles","Industry","https://www.californiahealthmaps.org?address=A0388","Female","Uterine",172870,30.1,22.4,39.9,11890,"","","","","","","",128340,29.9,20.1,43.4,27360,45.8,24.9,84.1,3,68574,0.0,23.9,38.5,8.0,1.4,15.1,73.8
"A0388","Los Angeles","Industry","https://www.californiahealthmaps.org?address=A0388","Male","Lymph",170000,22.9,15.4,33.5,12115,"","","","","","","",127590,27.3,16.2,45.0,25220,"","","",3,68574,0.0,23.9,38.5,8.0,1.4,15.1,73.8
"A0388","Los Angeles","Industry","https://www.californiahealthmaps.org?address=A0388","Female","Lymph",172870,16.4,10.6,24.2,11890,"","","","","","","",128340,18.3,10.5,30.2,27360,"","","",3,68574,0.0,23.9,38.5,8.0,1.4,15.1,73.8
"A0388","Los Angeles","Industry","https://www.californiahealthmaps.org?address=A0388","Male","Urinary",170000,14.5,8.1,24.4,12115,"","","","","","","",127590,"","","",25220,"","","",3,68574,0.0,23.9,38.5,8.0,1.4,15.1,73.8
"A0388","Los Angeles","Industry","https://www.californiahealthmaps.org?address=A0388","Female","Urinary",172870,3.2,1.0,7.7,11890,"","","","","","","",128340,"","","",27360,"","","",3,68574,0.0,23.9,38.5,8.0,1.4,15.1,73.8
"A0388","Los Angeles","Industry","https://www.californiahealthmaps.org?address=A0388","Male","Kidney",170000,27.5,19.1,39.0,12115,"","","","","","","",127590,27.9,17.0,45.1,25220,"","","",3,68574,0.0,23.9,38.5,8.0,1.4,15.1,73.8
"A0388","Los Angeles","Industry","https://www.californiahealthmaps.org?address=A0388","Female","Kidney",172870,9.4,5.3,15.5,11890,"","","","","","","",128340,"","","",27360,"","","",3,68574,0.0,23.9,38.5,8.0,1.4,15.1,73.8
"A0388","Los Angeles","Industry","https://www.californiahealthmaps.org?address=A0388","Male","Thyroid",170000,9.3,5.1,16.8,12115,"","","","","","","",127590,"","","",25220,"","","",3,68574,0.0,23.9,38.5,8.0,1.4,15.1,73.8
"A0388","Los Angeles","Industry","https://www.californiahealthmaps.org?address=A0388","Female","Thyroid",172870,21.2,14.8,29.7,11890,"","","","","","","",128340,19.5,12.3,30.4,27360,"","","",3,68574,0.0,23.9,38.5,8.0,1.4,15.1,73.8
"A0388","Los Angeles","Industry","https://www.californiahealthmaps.org?address=A0388","Both","AllSite",342870,383.1,361.0,406.3,24005,430.6,365.7,516.0,"","","","",255930,360.2,332.1,390.3,52580,425.6,376.0,482.3,3,68574,0.0,23.9,38.5,8.0,1.4,15.1,73.8
"A0388","Los Angeles","Industry","https://www.californiahealthmaps.org?address=A0388","Both","Lung",342870,28.5,22.6,35.6,24005,42.2,24.1,87.9,"","","","",255930,14.4,8.9,22.3,52580,58.7,41.3,84.0,3,68574,0.0,23.9,38.5,8.0,1.4,15.1,73.8
"A0388","Los Angeles","Industry","https://www.californiahealthmaps.org?address=A0388","Both","CRC",342870,32.4,26.2,39.8,24005,33.3,18.5,76.6,"","","","",255930,26.9,19.7,36.3,52580,49.5,34.0,73.0,3,68574,0.0,23.9,38.5,8.0,1.4,15.1,73.8
"A0388","Los Angeles","Industry","https://www.californiahealthmaps.org?address=A0388","Both","Mela",342870,5.4,3.1,9.0,24005,"","","","","","","",255930,"","","",52580,"","","",3,68574,0.0,23.9,38.5,8.0,1.4,15.1,73.8
"A0388","Los Angeles","Industry","https://www.californiahealthmaps.org?address=A0388","Both","Lymph",342870,19.4,14.7,25.3,24005,"","","","","","","",255930,22.0,15.4,30.8,52580,"","","",3,68574,0.0,23.9,38.5,8.0,1.4,15.1,73.8
"A0388","Los Angeles","Industry","https://www.californiahealthmaps.org?address=A0388","Both","Urinary",342870,7.7,4.7,12.0,24005,"","","","","","","",255930,"","","",52580,"","","",3,68574,0.0,23.9,38.5,8.0,1.4,15.1,73.8
"A0388","Los Angeles","Industry","https://www.californiahealthmaps.org?address=A0388","Both","Kidney",342870,17.3,12.9,22.9,24005,"","","","","","","",255930,17.9,12.2,25.9,52580,"","","",3,68574,0.0,23.9,38.5,8.0,1.4,15.1,73.8
"A0388","Los Angeles","Industry","https://www.californiahealthmaps.org?address=A0388","Both","Thyroid",342870,15.4,11.4,20.5,24005,"","","","","","","",255930,13.4,9.0,20.0,52580,"","","",3,68574,0.0,23.9,38.5,8.0,1.4,15.1,73.8
