"Zone","Counties","Cities","URL","Sex","Cancer","PopTot","AAIR","LCI","UCI","White_PopTot","White_AAIR","White_LCI","White_UCI","Black_PopTot","Black_AAIR","Black_LCI","Black_UCI","Hispanic_PopTot","Hispanic_AAIR","Hispanic_LCI","Hispanic_UCI","Asian_PopTot","Asian_AAIR","Asian_LCI","Asian_UCI","QNSES","PopAll","PerRural","PerUninsured","PerForeignBorn","PerWhite","PerBlack","PerAsian","PerHispanic","PerAPI","PerDocvisit","PerFOBT","PerMammo","PerMenPrev","PerPap","PerWomenPrev"
"A0413","Los Angeles","Los Angeles","https://www.californiahealthmaps.org?address=A0413","Male","AllSite",157655,467.9,434.3,504.1,88235,493.8,451.1,544.4,"","","","",42910,361.4,286.0,454.7,14155,406.9,311.4,561.9,4,62933,0.0,16.7,27.2,54.6,5.5,10.1,26.5,10.1,"","","","","",""
"A0413","Los Angeles","Los Angeles","https://www.californiahealthmaps.org?address=A0413","Female","AllSite",157010,434.9,404.3,468.1,82195,470.7,428.3,522.0,"","","","",43910,313.0,258.2,377.0,18310,406.9,326.7,539.3,4,62933,0.0,16.7,27.2,54.6,5.5,10.1,26.5,10.1,"","","","","",""
"A0413","Los Angeles","Los Angeles","https://www.californiahealthmaps.org?address=A0413","Male","Prostate",157655,107.1,91.5,125.3,88235,103.8,85.4,131.4,"","","","",42910,70.7,40.6,120.3,14155,124.3,75.4,244.2,4,62933,0.0,16.7,27.2,54.6,5.5,10.1,26.5,10.1,"","","","","",""
"A0413","Los Angeles","Los Angeles","https://www.californiahealthmaps.org?address=A0413","Female","Breast",157010,140.3,123.2,160.2,82195,147.0,124.4,179.4,"","","","",43910,86.5,59.3,123.4,18310,170.9,118.5,283.2,4,62933,0.0,16.7,27.2,54.6,5.5,10.1,26.5,10.1,"","","","","",""
"A0413","Los Angeles","Los Angeles","https://www.californiahealthmaps.org?address=A0413","Male","Lung",157655,54.3,43.1,68.4,88235,58.5,44.5,82.4,"","","","",42910,"","","",14155,"","","",4,62933,0.0,16.7,27.2,54.6,5.5,10.1,26.5,10.1,"","","","","",""
"A0413","Los Angeles","Los Angeles","https://www.californiahealthmaps.org?address=A0413","Female","Lung",157010,45.8,36.3,58.2,82195,51.2,38.3,75.6,"","","","",43910,"","","",18310,"","","",4,62933,0.0,16.7,27.2,54.6,5.5,10.1,26.5,10.1,"","","","","",""
"A0413","Los Angeles","Los Angeles","https://www.californiahealthmaps.org?address=A0413","Male","CRC",157655,42.9,33.1,55.4,88235,39.9,28.6,61.8,"","","","",42910,"","","",14155,"","","",4,62933,0.0,16.7,27.2,54.6,5.5,10.1,26.5,10.1,"","","","","",""
"A0413","Los Angeles","Los Angeles","https://www.californiahealthmaps.org?address=A0413","Female","CRC",157010,40.7,31.6,52.7,82195,43.6,29.8,69.5,"","","","",43910,"","","",18310,61.0,34.1,159.2,4,62933,0.0,16.7,27.2,54.6,5.5,10.1,26.5,10.1,"","","","","",""
"A0413","Los Angeles","Los Angeles","https://www.californiahealthmaps.org?address=A0413","Male","Mela",157655,35.7,27.0,47.2,88235,49.5,36.9,72.4,"","","","",42910,"","","",14155,"","","",4,62933,0.0,16.7,27.2,54.6,5.5,10.1,26.5,10.1,"","","","","",""
"A0413","Los Angeles","Los Angeles","https://www.californiahealthmaps.org?address=A0413","Female","Mela",157010,19.9,13.9,29.0,82195,30.6,20.7,53.0,"","","","",43910,"","","",18310,"","","",4,62933,0.0,16.7,27.2,54.6,5.5,10.1,26.5,10.1,"","","","","",""
"A0413","Los Angeles","Los Angeles","https://www.californiahealthmaps.org?address=A0413","Female","Uterine",157010,22.2,15.8,31.5,82195,24.6,16.1,46.0,"","","","",43910,"","","",18310,"","","",4,62933,0.0,16.7,27.2,54.6,5.5,10.1,26.5,10.1,"","","","","",""
"A0413","Los Angeles","Los Angeles","https://www.californiahealthmaps.org?address=A0413","Male","Lymph",157655,23.2,16.2,33.0,88235,27.4,18.2,47.8,"","","","",42910,"","","",14155,"","","",4,62933,0.0,16.7,27.2,54.6,5.5,10.1,26.5,10.1,"","","","","",""
"A0413","Los Angeles","Los Angeles","https://www.californiahealthmaps.org?address=A0413","Female","Lymph",157010,18.2,12.5,26.9,82195,14.0,8.1,34.2,"","","","",43910,"","","",18310,"","","",4,62933,0.0,16.7,27.2,54.6,5.5,10.1,26.5,10.1,"","","","","",""
"A0413","Los Angeles","Los Angeles","https://www.californiahealthmaps.org?address=A0413","Male","Urinary",157655,18.1,11.8,27.3,88235,18.9,11.1,38.6,"","","","",42910,"","","",14155,"","","",4,62933,0.0,16.7,27.2,54.6,5.5,10.1,26.5,10.1,"","","","","",""
"A0413","Los Angeles","Los Angeles","https://www.californiahealthmaps.org?address=A0413","Female","Urinary",157010,"","","",82195,"","","","","","","",43910,"","","",18310,"","","",4,62933,0.0,16.7,27.2,54.6,5.5,10.1,26.5,10.1,"","","","","",""
"A0413","Los Angeles","Los Angeles","https://www.californiahealthmaps.org?address=A0413","Male","Kidney",157655,17.9,12.0,26.7,88235,15.8,9.4,34.5,"","","","",42910,"","","",14155,"","","",4,62933,0.0,16.7,27.2,54.6,5.5,10.1,26.5,10.1,"","","","","",""
"A0413","Los Angeles","Los Angeles","https://www.californiahealthmaps.org?address=A0413","Female","Kidney",157010,"","","",82195,"","","","","","","",43910,"","","",18310,"","","",4,62933,0.0,16.7,27.2,54.6,5.5,10.1,26.5,10.1,"","","","","",""
"A0413","Los Angeles","Los Angeles","https://www.californiahealthmaps.org?address=A0413","Male","Thyroid",157655,"","","",88235,"","","","","","","",42910,"","","",14155,"","","",4,62933,0.0,16.7,27.2,54.6,5.5,10.1,26.5,10.1,"","","","","",""
"A0413","Los Angeles","Los Angeles","https://www.californiahealthmaps.org?address=A0413","Female","Thyroid",157010,27.3,19.7,38.0,82195,35.7,22.6,61.2,"","","","",43910,"","","",18310,"","","",4,62933,0.0,16.7,27.2,54.6,5.5,10.1,26.5,10.1,"","","","","",""
"A0413","Los Angeles","Los Angeles","https://www.californiahealthmaps.org?address=A0413","Male","Liver",157655,15.2,9.8,23.6,88235,12.6,6.9,31.0,"","","","",42910,"","","",14155,"","","",4,62933,0.0,16.7,27.2,54.6,5.5,10.1,26.5,10.1,"","","","","",""
"A0413","Los Angeles","Los Angeles","https://www.californiahealthmaps.org?address=A0413","Female","Liver",157010,"","","",82195,"","","","","","","",43910,"","","",18310,"","","",4,62933,0.0,16.7,27.2,54.6,5.5,10.1,26.5,10.1,"","","","","",""
"A0413","Los Angeles","Los Angeles","https://www.californiahealthmaps.org?address=A0413","Male","Pancreas",157655,12.8,7.7,21.1,88235,"","","","","","","",42910,"","","",14155,"","","",4,62933,0.0,16.7,27.2,54.6,5.5,10.1,26.5,10.1,"","","","","",""
"A0413","Los Angeles","Los Angeles","https://www.californiahealthmaps.org?address=A0413","Female","Pancreas",157010,12.2,7.7,19.9,82195,12.6,6.9,32.8,"","","","",43910,"","","",18310,"","","",4,62933,0.0,16.7,27.2,54.6,5.5,10.1,26.5,10.1,"","","","","",""
"A0413","Los Angeles","Los Angeles","https://www.californiahealthmaps.org?address=A0413","Both","AllSite",314665,448.4,425.8,472.2,170430,481.5,451.3,515.6,13550,543.1,423.2,696.3,86820,322.5,278.9,371.6,32465,409.0,345.9,497.5,4,62933,0.0,16.7,27.2,54.6,5.5,10.1,26.5,10.1,"","","","","",""
"A0413","Los Angeles","Los Angeles","https://www.californiahealthmaps.org?address=A0413","Both","Lung",314665,49.7,42.3,58.5,170430,54.9,45.2,69.2,13550,"","","",86820,32.6,19.4,51.9,32465,37.0,20.7,89.7,4,62933,0.0,16.7,27.2,54.6,5.5,10.1,26.5,10.1,"","","","","",""
"A0413","Los Angeles","Los Angeles","https://www.californiahealthmaps.org?address=A0413","Both","CRC",314665,42.3,35.4,50.4,170430,42.4,33.1,56.4,13550,"","","",86820,35.7,22.2,55.1,32465,51.9,31.8,106.4,4,62933,0.0,16.7,27.2,54.6,5.5,10.1,26.5,10.1,"","","","","",""
"A0413","Los Angeles","Los Angeles","https://www.californiahealthmaps.org?address=A0413","Both","Mela",314665,27.3,22.0,33.9,170430,40.1,31.9,53.1,13550,"","","",86820,"","","",32465,"","","",4,62933,0.0,16.7,27.2,54.6,5.5,10.1,26.5,10.1,"","","","","",""
"A0413","Los Angeles","Los Angeles","https://www.californiahealthmaps.org?address=A0413","Both","Lymph",314665,20.5,16.0,26.4,170430,20.7,15.0,31.5,13550,"","","",86820,"","","",32465,"","","",4,62933,0.0,16.7,27.2,54.6,5.5,10.1,26.5,10.1,"","","","","",""
"A0413","Los Angeles","Los Angeles","https://www.californiahealthmaps.org?address=A0413","Both","Urinary",314665,10.7,7.4,15.5,170430,11.8,7.5,21.8,13550,"","","",86820,"","","",32465,"","","",4,62933,0.0,16.7,27.2,54.6,5.5,10.1,26.5,10.1,"","","","","",""
"A0413","Los Angeles","Los Angeles","https://www.californiahealthmaps.org?address=A0413","Both","Kidney",314665,12.3,8.8,17.1,170430,11.5,7.5,21.2,13550,"","","",86820,"","","",32465,"","","",4,62933,0.0,16.7,27.2,54.6,5.5,10.1,26.5,10.1,"","","","","",""
"A0413","Los Angeles","Los Angeles","https://www.californiahealthmaps.org?address=A0413","Both","Thyroid",314665,16.8,12.7,22.4,170430,20.9,14.1,33.1,13550,"","","",86820,"","","",32465,"","","",4,62933,0.0,16.7,27.2,54.6,5.5,10.1,26.5,10.1,"","","","","",""
"A0413","Los Angeles","Los Angeles","https://www.californiahealthmaps.org?address=A0413","Both","Liver",314665,11.5,8.1,16.3,170430,9.5,5.8,19.2,13550,"","","",86820,"","","",32465,"","","",4,62933,0.0,16.7,27.2,54.6,5.5,10.1,26.5,10.1,"","","","","",""
"A0413","Los Angeles","Los Angeles","https://www.californiahealthmaps.org?address=A0413","Both","Pancreas",314665,12.4,8.9,17.4,170430,13.3,8.8,23.4,13550,"","","",86820,"","","",32465,"","","",4,62933,0.0,16.7,27.2,54.6,5.5,10.1,26.5,10.1,"","","","","",""
