"Zone","Counties","Cities","URL","Sex","Cancer","PopTot","AAIR","LCI","UCI","White_PopTot","White_AAIR","White_LCI","White_UCI","Black_PopTot","Black_AAIR","Black_LCI","Black_UCI","Hispanic_PopTot","Hispanic_AAIR","Hispanic_LCI","Hispanic_UCI","Asian_PopTot","Asian_AAIR","Asian_LCI","Asian_UCI","QNSES","PopAll","PerRural","PerUninsured","PerForeignBorn","PerWhite","PerBlack","PerAsian","PerHispanic"
"B0452","Sutter","Yuba City","https://www.californiahealthmaps.org?address=B0452","Male","AllSite",235005,434.8,407.4,463.7,115365,469.9,434.8,507.6,"","","","",70345,355.9,287.8,439.2,34040,302.8,245.9,370.4,2,94737,15.9,18.8,22.7,50.5,1.6,14.2,28.7
"B0452","Sutter","Yuba City","https://www.californiahealthmaps.org?address=B0452","Female","AllSite",238680,413.6,389.0,439.7,123545,443.4,411.3,477.9,"","","","",65910,362.0,302.1,432.0,34450,327.9,269.1,396.7,2,94737,15.9,18.8,22.7,50.5,1.6,14.2,28.7
"B0452","Sutter","Yuba City","https://www.californiahealthmaps.org?address=B0452","Male","Prostate",235005,88.9,77.0,102.4,115365,86.0,71.9,102.9,"","","","",70345,90.0,58.2,137.8,34040,72.6,46.6,109.7,2,94737,15.9,18.8,22.7,50.5,1.6,14.2,28.7
"B0452","Sutter","Yuba City","https://www.californiahealthmaps.org?address=B0452","Female","Breast",238680,124.8,111.3,139.6,123545,135.5,117.8,155.6,"","","","",65910,98.8,68.5,139.6,34450,104.3,73.3,145.2,2,94737,15.9,18.8,22.7,50.5,1.6,14.2,28.7
"B0452","Sutter","Yuba City","https://www.californiahealthmaps.org?address=B0452","Male","Lung",235005,57.8,47.9,69.4,115365,72.9,59.6,89.1,"","","","",70345,"","","",34040,"","","",2,94737,15.9,18.8,22.7,50.5,1.6,14.2,28.7
"B0452","Sutter","Yuba City","https://www.californiahealthmaps.org?address=B0452","Female","Lung",238680,57.1,48.3,67.2,123545,68.2,56.6,82.2,"","","","",65910,"","","",34450,"","","",2,94737,15.9,18.8,22.7,50.5,1.6,14.2,28.7
"B0452","Sutter","Yuba City","https://www.californiahealthmaps.org?address=B0452","Male","CRC",235005,37.0,29.2,46.3,115365,35.7,26.4,48.0,"","","","",70345,"","","",34040,"","","",2,94737,15.9,18.8,22.7,50.5,1.6,14.2,28.7
"B0452","Sutter","Yuba City","https://www.californiahealthmaps.org?address=B0452","Female","CRC",238680,32.7,26.1,40.7,123545,33.6,25.3,44.6,"","","","",65910,"","","",34450,"","","",2,94737,15.9,18.8,22.7,50.5,1.6,14.2,28.7
"B0452","Sutter","Yuba City","https://www.californiahealthmaps.org?address=B0452","Male","Mela",235005,32.7,25.4,41.7,115365,43.8,33.2,57.3,"","","","",70345,"","","",34040,"","","",2,94737,15.9,18.8,22.7,50.5,1.6,14.2,28.7
"B0452","Sutter","Yuba City","https://www.californiahealthmaps.org?address=B0452","Female","Mela",238680,14.5,10.1,20.3,123545,18.2,11.9,27.3,"","","","",65910,"","","",34450,"","","",2,94737,15.9,18.8,22.7,50.5,1.6,14.2,28.7
"B0452","Sutter","Yuba City","https://www.californiahealthmaps.org?address=B0452","Female","Uterine",238680,23.3,17.7,30.2,123545,27.9,20.3,38.1,"","","","",65910,"","","",34450,"","","",2,94737,15.9,18.8,22.7,50.5,1.6,14.2,28.7
"B0452","Sutter","Yuba City","https://www.californiahealthmaps.org?address=B0452","Male","Lymph",235005,29.1,22.3,37.6,115365,33.1,24.3,44.9,"","","","",70345,"","","",34040,"","","",2,94737,15.9,18.8,22.7,50.5,1.6,14.2,28.7
"B0452","Sutter","Yuba City","https://www.californiahealthmaps.org?address=B0452","Female","Lymph",238680,16.6,12.0,22.7,123545,14.2,9.2,21.9,"","","","",65910,"","","",34450,"","","",2,94737,15.9,18.8,22.7,50.5,1.6,14.2,28.7
"B0452","Sutter","Yuba City","https://www.californiahealthmaps.org?address=B0452","Male","Urinary",235005,16.2,11.2,23.0,115365,22.2,15.1,32.2,"","","","",70345,"","","",34040,"","","",2,94737,15.9,18.8,22.7,50.5,1.6,14.2,28.7
"B0452","Sutter","Yuba City","https://www.californiahealthmaps.org?address=B0452","Female","Urinary",238680,4.3,2.1,8.0,123545,"","","","","","","",65910,"","","",34450,"","","",2,94737,15.9,18.8,22.7,50.5,1.6,14.2,28.7
"B0452","Sutter","Yuba City","https://www.californiahealthmaps.org?address=B0452","Male","Kidney",235005,19.4,14.1,26.2,115365,23.4,16.0,33.7,"","","","",70345,"","","",34040,"","","",2,94737,15.9,18.8,22.7,50.5,1.6,14.2,28.7
"B0452","Sutter","Yuba City","https://www.californiahealthmaps.org?address=B0452","Female","Kidney",238680,13.1,9.0,18.6,123545,15.8,10.1,24.3,"","","","",65910,"","","",34450,"","","",2,94737,15.9,18.8,22.7,50.5,1.6,14.2,28.7
"B0452","Sutter","Yuba City","https://www.californiahealthmaps.org?address=B0452","Male","Thyroid",235005,5.9,3.2,10.2,115365,"","","","","","","",70345,"","","",34040,"","","",2,94737,15.9,18.8,22.7,50.5,1.6,14.2,28.7
"B0452","Sutter","Yuba City","https://www.californiahealthmaps.org?address=B0452","Female","Thyroid",238680,18.6,13.4,25.2,123545,17.5,10.9,27.0,"","","","",65910,"","","",34450,"","","",2,94737,15.9,18.8,22.7,50.5,1.6,14.2,28.7
"B0452","Sutter","Yuba City","https://www.californiahealthmaps.org?address=B0452","Both","AllSite",473685,418.3,400.2,437.1,238910,449.1,425.8,473.7,"","","","",136255,352.7,308.2,402.9,68490,315.4,273.9,362.1,2,94737,15.9,18.8,22.7,50.5,1.6,14.2,28.7
"B0452","Sutter","Yuba City","https://www.californiahealthmaps.org?address=B0452","Both","Lung",473685,56.5,50.0,63.7,238910,68.9,60.3,78.8,"","","","",136255,35.2,21.0,56.4,68490,26.7,15.1,44.2,2,94737,15.9,18.8,22.7,50.5,1.6,14.2,28.7
"B0452","Sutter","Yuba City","https://www.californiahealthmaps.org?address=B0452","Both","CRC",473685,34.3,29.2,40.0,238910,34.4,28.1,42.0,"","","","",136255,35.8,23.3,54.4,68490,30.9,19.0,48.3,2,94737,15.9,18.8,22.7,50.5,1.6,14.2,28.7
"B0452","Sutter","Yuba City","https://www.californiahealthmaps.org?address=B0452","Both","Mela",473685,22.3,18.2,27.1,238910,29.2,23.3,36.5,"","","","",136255,"","","",68490,"","","",2,94737,15.9,18.8,22.7,50.5,1.6,14.2,28.7
"B0452","Sutter","Yuba City","https://www.californiahealthmaps.org?address=B0452","Both","Lymph",473685,21.9,17.9,26.6,238910,22.0,17.2,28.2,"","","","",136255,20.7,11.4,36.5,68490,"","","",2,94737,15.9,18.8,22.7,50.5,1.6,14.2,28.7
"B0452","Sutter","Yuba City","https://www.californiahealthmaps.org?address=B0452","Both","Urinary",473685,9.4,6.8,12.7,238910,12.2,8.8,17.0,"","","","",136255,"","","",68490,"","","",2,94737,15.9,18.8,22.7,50.5,1.6,14.2,28.7
"B0452","Sutter","Yuba City","https://www.californiahealthmaps.org?address=B0452","Both","Kidney",473685,16.0,12.7,20.2,238910,19.4,14.7,25.5,"","","","",136255,"","","",68490,"","","",2,94737,15.9,18.8,22.7,50.5,1.6,14.2,28.7
"B0452","Sutter","Yuba City","https://www.californiahealthmaps.org?address=B0452","Both","Thyroid",473685,12.4,9.3,16.1,238910,11.3,7.5,16.5,"","","","",136255,14.8,8.0,27.8,68490,"","","",2,94737,15.9,18.8,22.7,50.5,1.6,14.2,28.7
