"Zone","Counties","Cities","URL","Sex","Cancer","PopTot","AAIR","LCI","UCI","White_PopTot","White_AAIR","White_LCI","White_UCI","Black_PopTot","Black_AAIR","Black_LCI","Black_UCI","Hispanic_PopTot","Hispanic_AAIR","Hispanic_LCI","Hispanic_UCI","Asian_PopTot","Asian_AAIR","Asian_LCI","Asian_UCI","QNSES","PopAll","PerRural","PerUninsured","PerForeignBorn","PerWhite","PerBlack","PerAsian","PerHispanic","PerAPI","PerDocvisit","PerFOBT","PerMammo","PerMenPrev","PerPap","PerWomenPrev"
"A0067","Riverside","Lake Elsinore, Perris","https://www.californiahealthmaps.org?address=A0067","Male","AllSite",177670,446.7,408.1,488.7,48160,501.5,441.2,569.0,10665,572.3,431.9,749.8,109295,364.2,307.5,430.9,"","","","",1,70161,14.2,26.8,26.0,24.7,5.9,5.0,62.2,5.0,"","","","","",""
"A0067","Riverside","Lake Elsinore, Perris","https://www.californiahealthmaps.org?address=A0067","Female","AllSite",173135,391.8,358.3,427.9,46770,394.6,344.6,451.5,10895,382.0,273.3,523.9,105175,393.5,338.7,456.6,"","","","",1,70161,14.2,26.8,26.0,24.7,5.9,5.0,62.2,5.0,"","","","","",""
"A0067","Riverside","Lake Elsinore, Perris","https://www.californiahealthmaps.org?address=A0067","Male","Prostate",177670,110.1,91.6,132.0,48160,86.7,63.5,117.2,10665,177.3,106.6,286.0,109295,109.3,79.0,150.3,"","","","",1,70161,14.2,26.8,26.0,24.7,5.9,5.0,62.2,5.0,"","","","","",""
"A0067","Riverside","Lake Elsinore, Perris","https://www.californiahealthmaps.org?address=A0067","Female","Breast",173135,108.7,91.7,128.3,46770,104.7,79.7,137.2,10895,157.2,92.4,256.0,105175,110.3,83.3,145.9,"","","","",1,70161,14.2,26.8,26.0,24.7,5.9,5.0,62.2,5.0,"","","","","",""
"A0067","Riverside","Lake Elsinore, Perris","https://www.californiahealthmaps.org?address=A0067","Male","Lung",177670,57.0,42.8,75.0,48160,78.1,54.6,109.4,10665,"","","",109295,"","","","","","","",1,70161,14.2,26.8,26.0,24.7,5.9,5.0,62.2,5.0,"","","","","",""
"A0067","Riverside","Lake Elsinore, Perris","https://www.californiahealthmaps.org?address=A0067","Female","Lung",173135,43.4,32.2,57.4,46770,63.0,44.1,89.5,10895,"","","",105175,"","","","","","","",1,70161,14.2,26.8,26.0,24.7,5.9,5.0,62.2,5.0,"","","","","",""
"A0067","Riverside","Lake Elsinore, Perris","https://www.californiahealthmaps.org?address=A0067","Male","CRC",177670,46.8,34.8,62.3,48160,44.0,28.2,67.5,10665,"","","",109295,47.0,27.5,78.2,"","","","",1,70161,14.2,26.8,26.0,24.7,5.9,5.0,62.2,5.0,"","","","","",""
"A0067","Riverside","Lake Elsinore, Perris","https://www.californiahealthmaps.org?address=A0067","Female","CRC",173135,35.1,25.3,47.7,46770,39.8,25.0,62.4,10895,"","","",105175,37.0,21.0,62.9,"","","","",1,70161,14.2,26.8,26.0,24.7,5.9,5.0,62.2,5.0,"","","","","",""
"A0067","Riverside","Lake Elsinore, Perris","https://www.californiahealthmaps.org?address=A0067","Male","Mela",177670,16.8,10.1,27.3,48160,26.3,14.1,46.5,10665,"","","",109295,"","","","","","","",1,70161,14.2,26.8,26.0,24.7,5.9,5.0,62.2,5.0,"","","","","",""
"A0067","Riverside","Lake Elsinore, Perris","https://www.californiahealthmaps.org?address=A0067","Female","Mela",173135,"","","",46770,"","","",10895,"","","",105175,"","","","","","","",1,70161,14.2,26.8,26.0,24.7,5.9,5.0,62.2,5.0,"","","","","",""
"A0067","Riverside","Lake Elsinore, Perris","https://www.californiahealthmaps.org?address=A0067","Female","Uterine",173135,29.9,21.5,40.8,46770,26.4,15.5,45.0,10895,"","","",105175,35.2,21.4,58.2,"","","","",1,70161,14.2,26.8,26.0,24.7,5.9,5.0,62.2,5.0,"","","","","",""
"A0067","Riverside","Lake Elsinore, Perris","https://www.californiahealthmaps.org?address=A0067","Male","Lymph",177670,26.4,17.5,39.2,48160,"","","",10665,"","","",109295,"","","","","","","",1,70161,14.2,26.8,26.0,24.7,5.9,5.0,62.2,5.0,"","","","","",""
"A0067","Riverside","Lake Elsinore, Perris","https://www.californiahealthmaps.org?address=A0067","Female","Lymph",173135,"","","",46770,"","","",10895,"","","",105175,"","","","","","","",1,70161,14.2,26.8,26.0,24.7,5.9,5.0,62.2,5.0,"","","","","",""
"A0067","Riverside","Lake Elsinore, Perris","https://www.californiahealthmaps.org?address=A0067","Male","Urinary",177670,"","","",48160,"","","",10665,"","","",109295,"","","","","","","",1,70161,14.2,26.8,26.0,24.7,5.9,5.0,62.2,5.0,"","","","","",""
"A0067","Riverside","Lake Elsinore, Perris","https://www.californiahealthmaps.org?address=A0067","Female","Urinary",173135,"","","",46770,"","","",10895,"","","",105175,"","","","","","","",1,70161,14.2,26.8,26.0,24.7,5.9,5.0,62.2,5.0,"","","","","",""
"A0067","Riverside","Lake Elsinore, Perris","https://www.californiahealthmaps.org?address=A0067","Male","Kidney",177670,25.5,17.6,36.9,48160,28.5,15.8,49.3,10665,"","","",109295,"","","","","","","",1,70161,14.2,26.8,26.0,24.7,5.9,5.0,62.2,5.0,"","","","","",""
"A0067","Riverside","Lake Elsinore, Perris","https://www.californiahealthmaps.org?address=A0067","Female","Kidney",173135,15.7,9.7,24.4,46770,"","","",10895,"","","",105175,"","","","","","","",1,70161,14.2,26.8,26.0,24.7,5.9,5.0,62.2,5.0,"","","","","",""
"A0067","Riverside","Lake Elsinore, Perris","https://www.californiahealthmaps.org?address=A0067","Male","Thyroid",177670,"","","",48160,"","","",10665,"","","",109295,"","","","","","","",1,70161,14.2,26.8,26.0,24.7,5.9,5.0,62.2,5.0,"","","","","",""
"A0067","Riverside","Lake Elsinore, Perris","https://www.californiahealthmaps.org?address=A0067","Female","Thyroid",173135,16.1,10.4,24.5,46770,"","","",10895,"","","",105175,19.0,10.1,37.2,"","","","",1,70161,14.2,26.8,26.0,24.7,5.9,5.0,62.2,5.0,"","","","","",""
"A0067","Riverside","Lake Elsinore, Perris","https://www.californiahealthmaps.org?address=A0067","Male","Liver",177670,19.4,12.2,30.3,48160,"","","",10665,"","","",109295,"","","","","","","",1,70161,14.2,26.8,26.0,24.7,5.9,5.0,62.2,5.0,"","","","","",""
"A0067","Riverside","Lake Elsinore, Perris","https://www.californiahealthmaps.org?address=A0067","Female","Liver",173135,"","","",46770,"","","",10895,"","","",105175,"","","","","","","",1,70161,14.2,26.8,26.0,24.7,5.9,5.0,62.2,5.0,"","","","","",""
"A0067","Riverside","Lake Elsinore, Perris","https://www.californiahealthmaps.org?address=A0067","Male","Pancreas",177670,22.2,14.3,33.8,48160,"","","",10665,"","","",109295,"","","","","","","",1,70161,14.2,26.8,26.0,24.7,5.9,5.0,62.2,5.0,"","","","","",""
"A0067","Riverside","Lake Elsinore, Perris","https://www.californiahealthmaps.org?address=A0067","Female","Pancreas",173135,"","","",46770,"","","",10895,"","","",105175,"","","","","","","",1,70161,14.2,26.8,26.0,24.7,5.9,5.0,62.2,5.0,"","","","","",""
"A0067","Riverside","Lake Elsinore, Perris","https://www.californiahealthmaps.org?address=A0067","Both","AllSite",350805,417.5,392.0,444.4,94930,445.5,406.4,488.0,21560,472.1,383.5,577.7,214470,377.9,338.1,422.2,11640,304.3,207.5,440.6,1,70161,14.2,26.8,26.0,24.7,5.9,5.0,62.2,5.0,"","","","","",""
"A0067","Riverside","Lake Elsinore, Perris","https://www.californiahealthmaps.org?address=A0067","Both","Lung",350805,49.7,40.6,60.3,94930,69.5,54.4,88.3,21560,"","","",214470,23.1,13.2,38.5,11640,"","","",1,70161,14.2,26.8,26.0,24.7,5.9,5.0,62.2,5.0,"","","","","",""
"A0067","Riverside","Lake Elsinore, Perris","https://www.californiahealthmaps.org?address=A0067","Both","CRC",350805,40.9,33.1,50.3,94930,42.8,31.4,57.9,21560,"","","",214470,41.5,28.6,59.6,11640,"","","",1,70161,14.2,26.8,26.0,24.7,5.9,5.0,62.2,5.0,"","","","","",""
"A0067","Riverside","Lake Elsinore, Perris","https://www.californiahealthmaps.org?address=A0067","Both","Mela",350805,11.0,7.3,16.1,94930,19.0,11.6,30.2,21560,"","","",214470,"","","",11640,"","","",1,70161,14.2,26.8,26.0,24.7,5.9,5.0,62.2,5.0,"","","","","",""
"A0067","Riverside","Lake Elsinore, Perris","https://www.californiahealthmaps.org?address=A0067","Both","Lymph",350805,16.7,11.9,23.0,94930,17.2,10.2,28.3,21560,"","","",214470,15.7,8.5,28.2,11640,"","","",1,70161,14.2,26.8,26.0,24.7,5.9,5.0,62.2,5.0,"","","","","",""
"A0067","Riverside","Lake Elsinore, Perris","https://www.californiahealthmaps.org?address=A0067","Both","Urinary",350805,10.6,6.6,16.4,94930,"","","",21560,"","","",214470,"","","",11640,"","","",1,70161,14.2,26.8,26.0,24.7,5.9,5.0,62.2,5.0,"","","","","",""
"A0067","Riverside","Lake Elsinore, Perris","https://www.californiahealthmaps.org?address=A0067","Both","Kidney",350805,20.7,15.6,27.4,94930,20.5,12.7,32.2,21560,"","","",214470,21.9,13.1,35.8,11640,"","","",1,70161,14.2,26.8,26.0,24.7,5.9,5.0,62.2,5.0,"","","","","",""
"A0067","Riverside","Lake Elsinore, Perris","https://www.californiahealthmaps.org?address=A0067","Both","Thyroid",350805,10.3,6.9,15.1,94930,"","","",21560,"","","",214470,10.0,5.4,19.7,11640,"","","",1,70161,14.2,26.8,26.0,24.7,5.9,5.0,62.2,5.0,"","","","","",""
"A0067","Riverside","Lake Elsinore, Perris","https://www.californiahealthmaps.org?address=A0067","Both","Liver",350805,11.8,7.9,17.3,94930,"","","",21560,"","","",214470,17.8,10.0,30.9,11640,"","","",1,70161,14.2,26.8,26.0,24.7,5.9,5.0,62.2,5.0,"","","","","",""
"A0067","Riverside","Lake Elsinore, Perris","https://www.californiahealthmaps.org?address=A0067","Both","Pancreas",350805,16.2,11.4,22.6,94930,14.1,8.0,24.0,21560,"","","",214470,"","","",11640,"","","",1,70161,14.2,26.8,26.0,24.7,5.9,5.0,62.2,5.0,"","","","","",""
