"Zone","Counties","Cities","URL","Sex","Cancer","PopTot","AAIR","LCI","UCI","White_PopTot","White_AAIR","White_LCI","White_UCI","Black_PopTot","Black_AAIR","Black_LCI","Black_UCI","Hispanic_PopTot","Hispanic_AAIR","Hispanic_LCI","Hispanic_UCI","Asian_PopTot","Asian_AAIR","Asian_LCI","Asian_UCI","QNSES","PopAll","PerRural","PerUninsured","PerForeignBorn","PerWhite","PerBlack","PerAsian","PerHispanic","PerAPI","PerDocvisit","PerFOBT","PerMammo","PerMenPrev","PerPap","PerWomenPrev"
"A0585","Santa Clara","Morgan Hill, San Jose","https://www.californiahealthmaps.org?address=A0585","Male","AllSite",167825,491.7,454.3,531.8,77790,549.8,498.7,606.1,"","","","",38455,447.5,348.2,571.5,42355,335.9,272.9,412.3,5,67236,11.5,9.6,28.3,43.3,1.9,27.2,24.1,27.2,"","","","","",""
"A0585","Santa Clara","Morgan Hill, San Jose","https://www.californiahealthmaps.org?address=A0585","Female","AllSite",168355,426.8,395.6,460.3,75450,443.7,401.1,491.0,"","","","",38295,451.3,368.2,551.7,46145,371.0,310.5,443.7,5,67236,11.5,9.6,28.3,43.3,1.9,27.2,24.1,27.2,"","","","","",""
"A0585","Santa Clara","Morgan Hill, San Jose","https://www.californiahealthmaps.org?address=A0585","Male","Prostate",167825,115.3,98.7,134.5,77790,116.7,95.6,143.1,"","","","",38455,121.2,74.9,192.9,42355,85.3,57.0,127.2,5,67236,11.5,9.6,28.3,43.3,1.9,27.2,24.1,27.2,"","","","","",""
"A0585","Santa Clara","Morgan Hill, San Jose","https://www.californiahealthmaps.org?address=A0585","Female","Breast",168355,141.2,123.7,160.8,75450,148.5,124.4,177.5,"","","","",38295,164.7,117.3,230.0,46145,110.7,80.2,154.1,5,67236,11.5,9.6,28.3,43.3,1.9,27.2,24.1,27.2,"","","","","",""
"A0585","Santa Clara","Morgan Hill, San Jose","https://www.californiahealthmaps.org?address=A0585","Male","Lung",167825,66.4,52.4,83.3,77790,76.0,57.3,100.6,"","","","",38455,"","","",42355,61.1,34.9,102.7,5,67236,11.5,9.6,28.3,43.3,1.9,27.2,24.1,27.2,"","","","","",""
"A0585","Santa Clara","Morgan Hill, San Jose","https://www.californiahealthmaps.org?address=A0585","Female","Lung",168355,36.7,27.6,48.3,75450,39.6,27.7,56.9,"","","","",38295,"","","",46145,"","","",5,67236,11.5,9.6,28.3,43.3,1.9,27.2,24.1,27.2,"","","","","",""
"A0585","Santa Clara","Morgan Hill, San Jose","https://www.californiahealthmaps.org?address=A0585","Male","CRC",167825,34.3,24.8,46.7,77790,39.4,26.9,57.8,"","","","",38455,"","","",42355,"","","",5,67236,11.5,9.6,28.3,43.3,1.9,27.2,24.1,27.2,"","","","","",""
"A0585","Santa Clara","Morgan Hill, San Jose","https://www.californiahealthmaps.org?address=A0585","Female","CRC",168355,30.9,23.0,41.1,75450,28.8,18.8,44.5,"","","","",38295,"","","",46145,42.5,23.7,75.7,5,67236,11.5,9.6,28.3,43.3,1.9,27.2,24.1,27.2,"","","","","",""
"A0585","Santa Clara","Morgan Hill, San Jose","https://www.californiahealthmaps.org?address=A0585","Male","Mela",167825,40.7,30.4,54.0,77790,59.9,43.8,81.7,"","","","",38455,"","","",42355,"","","",5,67236,11.5,9.6,28.3,43.3,1.9,27.2,24.1,27.2,"","","","","",""
"A0585","Santa Clara","Morgan Hill, San Jose","https://www.californiahealthmaps.org?address=A0585","Female","Mela",168355,33.4,24.9,44.3,75450,52.2,37.8,72.2,"","","","",38295,"","","",46145,"","","",5,67236,11.5,9.6,28.3,43.3,1.9,27.2,24.1,27.2,"","","","","",""
"A0585","Santa Clara","Morgan Hill, San Jose","https://www.californiahealthmaps.org?address=A0585","Female","Uterine",168355,28.1,20.8,37.8,75450,27.9,18.7,42.4,"","","","",38295,"","","",46145,"","","",5,67236,11.5,9.6,28.3,43.3,1.9,27.2,24.1,27.2,"","","","","",""
"A0585","Santa Clara","Morgan Hill, San Jose","https://www.californiahealthmaps.org?address=A0585","Male","Lymph",167825,25.5,17.6,36.3,77790,23.9,14.1,40.1,"","","","",38455,"","","",42355,"","","",5,67236,11.5,9.6,28.3,43.3,1.9,27.2,24.1,27.2,"","","","","",""
"A0585","Santa Clara","Morgan Hill, San Jose","https://www.californiahealthmaps.org?address=A0585","Female","Lymph",168355,18.0,12.2,26.1,75450,20.7,12.3,34.9,"","","","",38295,"","","",46145,"","","",5,67236,11.5,9.6,28.3,43.3,1.9,27.2,24.1,27.2,"","","","","",""
"A0585","Santa Clara","Morgan Hill, San Jose","https://www.californiahealthmaps.org?address=A0585","Male","Urinary",167825,22.2,14.3,33.4,77790,25.9,15.3,42.9,"","","","",38455,"","","",42355,"","","",5,67236,11.5,9.6,28.3,43.3,1.9,27.2,24.1,27.2,"","","","","",""
"A0585","Santa Clara","Morgan Hill, San Jose","https://www.californiahealthmaps.org?address=A0585","Female","Urinary",168355,"","","",75450,"","","","","","","",38295,"","","",46145,"","","",5,67236,11.5,9.6,28.3,43.3,1.9,27.2,24.1,27.2,"","","","","",""
"A0585","Santa Clara","Morgan Hill, San Jose","https://www.californiahealthmaps.org?address=A0585","Male","Kidney",167825,23.7,16.2,34.1,77790,21.8,12.8,36.9,"","","","",38455,"","","",42355,"","","",5,67236,11.5,9.6,28.3,43.3,1.9,27.2,24.1,27.2,"","","","","",""
"A0585","Santa Clara","Morgan Hill, San Jose","https://www.californiahealthmaps.org?address=A0585","Female","Kidney",168355,11.9,7.0,19.3,75450,"","","","","","","",38295,"","","",46145,"","","",5,67236,11.5,9.6,28.3,43.3,1.9,27.2,24.1,27.2,"","","","","",""
"A0585","Santa Clara","Morgan Hill, San Jose","https://www.californiahealthmaps.org?address=A0585","Male","Thyroid",167825,"","","",77790,"","","","","","","",38455,"","","",42355,"","","",5,67236,11.5,9.6,28.3,43.3,1.9,27.2,24.1,27.2,"","","","","",""
"A0585","Santa Clara","Morgan Hill, San Jose","https://www.californiahealthmaps.org?address=A0585","Female","Thyroid",168355,16.0,10.8,23.5,75450,"","","","","","","",38295,"","","",46145,26.8,14.8,53.0,5,67236,11.5,9.6,28.3,43.3,1.9,27.2,24.1,27.2,"","","","","",""
"A0585","Santa Clara","Morgan Hill, San Jose","https://www.californiahealthmaps.org?address=A0585","Male","Liver",167825,"","","",77790,"","","","","","","",38455,"","","",42355,"","","",5,67236,11.5,9.6,28.3,43.3,1.9,27.2,24.1,27.2,"","","","","",""
"A0585","Santa Clara","Morgan Hill, San Jose","https://www.californiahealthmaps.org?address=A0585","Female","Liver",168355,"","","",75450,"","","","","","","",38295,"","","",46145,"","","",5,67236,11.5,9.6,28.3,43.3,1.9,27.2,24.1,27.2,"","","","","",""
"A0585","Santa Clara","Morgan Hill, San Jose","https://www.californiahealthmaps.org?address=A0585","Male","Pancreas",167825,18.5,11.7,28.4,77790,18.1,9.8,32.7,"","","","",38455,"","","",42355,"","","",5,67236,11.5,9.6,28.3,43.3,1.9,27.2,24.1,27.2,"","","","","",""
"A0585","Santa Clara","Morgan Hill, San Jose","https://www.californiahealthmaps.org?address=A0585","Female","Pancreas",168355,9.9,5.6,16.9,75450,"","","","","","","",38295,"","","",46145,"","","",5,67236,11.5,9.6,28.3,43.3,1.9,27.2,24.1,27.2,"","","","","",""
"A0585","Santa Clara","Morgan Hill, San Jose","https://www.californiahealthmaps.org?address=A0585","Both","AllSite",336180,452.4,428.5,477.4,153240,489.0,456.3,524.2,"","","","",76750,438.2,375.4,510.9,88500,350.7,307.1,400.4,5,67236,11.5,9.6,28.3,43.3,1.9,27.2,24.1,27.2,"","","","","",""
"A0585","Santa Clara","Morgan Hill, San Jose","https://www.californiahealthmaps.org?address=A0585","Both","Lung",336180,49.9,41.8,59.2,153240,56.4,45.5,70.1,"","","","",76750,"","","",88500,46.0,30.6,68.2,5,67236,11.5,9.6,28.3,43.3,1.9,27.2,24.1,27.2,"","","","","",""
"A0585","Santa Clara","Morgan Hill, San Jose","https://www.californiahealthmaps.org?address=A0585","Both","CRC",336180,32.4,26.2,39.8,153240,33.9,25.8,44.7,"","","","",76750,"","","",88500,32.1,20.0,50.9,5,67236,11.5,9.6,28.3,43.3,1.9,27.2,24.1,27.2,"","","","","",""
"A0585","Santa Clara","Morgan Hill, San Jose","https://www.californiahealthmaps.org?address=A0585","Both","Mela",336180,36.4,29.7,44.2,153240,54.9,44.2,68.4,"","","","",76750,"","","",88500,"","","",5,67236,11.5,9.6,28.3,43.3,1.9,27.2,24.1,27.2,"","","","","",""
"A0585","Santa Clara","Morgan Hill, San Jose","https://www.californiahealthmaps.org?address=A0585","Both","Lymph",336180,21.4,16.5,27.5,153240,22.1,15.5,31.6,"","","","",76750,"","","",88500,"","","",5,67236,11.5,9.6,28.3,43.3,1.9,27.2,24.1,27.2,"","","","","",""
"A0585","Santa Clara","Morgan Hill, San Jose","https://www.californiahealthmaps.org?address=A0585","Both","Urinary",336180,12.7,8.8,17.8,153240,13.6,8.6,21.6,"","","","",76750,"","","",88500,"","","",5,67236,11.5,9.6,28.3,43.3,1.9,27.2,24.1,27.2,"","","","","",""
"A0585","Santa Clara","Morgan Hill, San Jose","https://www.californiahealthmaps.org?address=A0585","Both","Kidney",336180,17.5,13.0,23.2,153240,16.1,10.5,24.5,"","","","",76750,"","","",88500,"","","",5,67236,11.5,9.6,28.3,43.3,1.9,27.2,24.1,27.2,"","","","","",""
"A0585","Santa Clara","Morgan Hill, San Jose","https://www.californiahealthmaps.org?address=A0585","Both","Thyroid",336180,10.5,7.4,14.7,153240,"","","","","","","",76750,"","","",88500,20.5,12.0,35.7,5,67236,11.5,9.6,28.3,43.3,1.9,27.2,24.1,27.2,"","","","","",""
"A0585","Santa Clara","Morgan Hill, San Jose","https://www.californiahealthmaps.org?address=A0585","Both","Liver",336180,"","","",153240,"","","","","","","",76750,"","","",88500,"","","",5,67236,11.5,9.6,28.3,43.3,1.9,27.2,24.1,27.2,"","","","","",""
"A0585","Santa Clara","Morgan Hill, San Jose","https://www.californiahealthmaps.org?address=A0585","Both","Pancreas",336180,13.8,9.8,19.1,153240,13.1,8.3,20.8,"","","","",76750,"","","",88500,"","","",5,67236,11.5,9.6,28.3,43.3,1.9,27.2,24.1,27.2,"","","","","",""
