"Zone","Counties","Cities","URL","Sex","Cancer","PopTot","AAIR","LCI","UCI","White_PopTot","White_AAIR","White_LCI","White_UCI","Black_PopTot","Black_AAIR","Black_LCI","Black_UCI","Hispanic_PopTot","Hispanic_AAIR","Hispanic_LCI","Hispanic_UCI","Asian_PopTot","Asian_AAIR","Asian_LCI","Asian_UCI","QNSES","PopAll","PerRural","PerUninsured","PerForeignBorn","PerWhite","PerBlack","PerAsian","PerHispanic","PerAPI","PerDocvisit","PerFOBT","PerMammo","PerMenPrev","PerPap","PerWomenPrev"
"A0340","San Diego","San Diego, Santee","https://www.californiahealthmaps.org?address=A0340","Male","AllSite",159075,535.1,497.5,575.2,118190,550.5,509.0,594.9,"","","","",23950,397.3,286.5,556.4,"","","","",4,64184,5.2,11.8,9.1,72.2,2.8,3.7,16.1,3.7,"","","","","",""
"A0340","San Diego","San Diego, Santee","https://www.californiahealthmaps.org?address=A0340","Female","AllSite",161845,485.7,453.0,520.3,117965,499.6,462.8,539.2,"","","","",25795,558.3,438.3,709.8,"","","","",4,64184,5.2,11.8,9.1,72.2,2.8,3.7,16.1,3.7,"","","","","",""
"A0340","San Diego","San Diego, Santee","https://www.californiahealthmaps.org?address=A0340","Male","Prostate",159075,106.7,90.4,125.6,118190,103.7,86.4,124.0,"","","","",23950,"","","","","","","",4,64184,5.2,11.8,9.1,72.2,2.8,3.7,16.1,3.7,"","","","","",""
"A0340","San Diego","San Diego, Santee","https://www.californiahealthmaps.org?address=A0340","Female","Breast",161845,154.5,136.6,174.4,117965,158.8,138.5,181.9,"","","","",25795,181.2,125.1,268.0,"","","","",4,64184,5.2,11.8,9.1,72.2,2.8,3.7,16.1,3.7,"","","","","",""
"A0340","San Diego","San Diego, Santee","https://www.californiahealthmaps.org?address=A0340","Male","Lung",159075,72.2,58.4,88.7,118190,72.9,58.0,90.7,"","","","",23950,"","","","","","","",4,64184,5.2,11.8,9.1,72.2,2.8,3.7,16.1,3.7,"","","","","",""
"A0340","San Diego","San Diego, Santee","https://www.californiahealthmaps.org?address=A0340","Female","Lung",161845,58.5,47.5,71.6,117965,64.9,52.3,80.4,"","","","",25795,"","","","","","","",4,64184,5.2,11.8,9.1,72.2,2.8,3.7,16.1,3.7,"","","","","",""
"A0340","San Diego","San Diego, Santee","https://www.californiahealthmaps.org?address=A0340","Male","CRC",159075,42.0,32.2,54.3,118190,42.8,32.0,56.5,"","","","",23950,"","","","","","","",4,64184,5.2,11.8,9.1,72.2,2.8,3.7,16.1,3.7,"","","","","",""
"A0340","San Diego","San Diego, Santee","https://www.californiahealthmaps.org?address=A0340","Female","CRC",161845,41.0,31.7,52.3,117965,40.3,30.3,53.2,"","","","",25795,"","","","","","","",4,64184,5.2,11.8,9.1,72.2,2.8,3.7,16.1,3.7,"","","","","",""
"A0340","San Diego","San Diego, Santee","https://www.californiahealthmaps.org?address=A0340","Male","Mela",159075,48.1,37.4,61.4,118190,52.6,40.4,67.9,"","","","",23950,"","","","","","","",4,64184,5.2,11.8,9.1,72.2,2.8,3.7,16.1,3.7,"","","","","",""
"A0340","San Diego","San Diego, Santee","https://www.californiahealthmaps.org?address=A0340","Female","Mela",161845,29.0,21.6,38.4,117965,30.9,22.3,42.4,"","","","",25795,"","","","","","","",4,64184,5.2,11.8,9.1,72.2,2.8,3.7,16.1,3.7,"","","","","",""
"A0340","San Diego","San Diego, Santee","https://www.californiahealthmaps.org?address=A0340","Female","Uterine",161845,30.8,23.4,40.2,117965,26.9,19.2,37.4,"","","","",25795,"","","","","","","",4,64184,5.2,11.8,9.1,72.2,2.8,3.7,16.1,3.7,"","","","","",""
"A0340","San Diego","San Diego, Santee","https://www.californiahealthmaps.org?address=A0340","Male","Lymph",159075,33.0,23.9,44.8,118190,37.1,26.6,50.7,"","","","",23950,"","","","","","","",4,64184,5.2,11.8,9.1,72.2,2.8,3.7,16.1,3.7,"","","","","",""
"A0340","San Diego","San Diego, Santee","https://www.californiahealthmaps.org?address=A0340","Female","Lymph",161845,19.2,13.2,27.3,117965,19.0,12.4,28.6,"","","","",25795,"","","","","","","",4,64184,5.2,11.8,9.1,72.2,2.8,3.7,16.1,3.7,"","","","","",""
"A0340","San Diego","San Diego, Santee","https://www.californiahealthmaps.org?address=A0340","Male","Urinary",159075,17.3,10.7,26.8,118190,17.9,10.8,28.4,"","","","",23950,"","","","","","","",4,64184,5.2,11.8,9.1,72.2,2.8,3.7,16.1,3.7,"","","","","",""
"A0340","San Diego","San Diego, Santee","https://www.californiahealthmaps.org?address=A0340","Female","Urinary",161845,"","","",117965,"","","","","","","",25795,"","","","","","","",4,64184,5.2,11.8,9.1,72.2,2.8,3.7,16.1,3.7,"","","","","",""
"A0340","San Diego","San Diego, Santee","https://www.californiahealthmaps.org?address=A0340","Male","Kidney",159075,31.5,22.9,42.7,118190,31.5,22.1,43.9,"","","","",23950,"","","","","","","",4,64184,5.2,11.8,9.1,72.2,2.8,3.7,16.1,3.7,"","","","","",""
"A0340","San Diego","San Diego, Santee","https://www.californiahealthmaps.org?address=A0340","Female","Kidney",161845,13.2,8.3,20.1,117965,11.8,6.9,19.7,"","","","",25795,"","","","","","","",4,64184,5.2,11.8,9.1,72.2,2.8,3.7,16.1,3.7,"","","","","",""
"A0340","San Diego","San Diego, Santee","https://www.californiahealthmaps.org?address=A0340","Male","Thyroid",159075,"","","",118190,"","","","","","","",23950,"","","","","","","",4,64184,5.2,11.8,9.1,72.2,2.8,3.7,16.1,3.7,"","","","","",""
"A0340","San Diego","San Diego, Santee","https://www.californiahealthmaps.org?address=A0340","Female","Thyroid",161845,21.5,14.9,30.3,117965,25.2,16.9,36.7,"","","","",25795,"","","","","","","",4,64184,5.2,11.8,9.1,72.2,2.8,3.7,16.1,3.7,"","","","","",""
"A0340","San Diego","San Diego, Santee","https://www.californiahealthmaps.org?address=A0340","Male","Liver",159075,12.6,7.9,19.8,118190,9.1,5.2,16.1,"","","","",23950,"","","","","","","",4,64184,5.2,11.8,9.1,72.2,2.8,3.7,16.1,3.7,"","","","","",""
"A0340","San Diego","San Diego, Santee","https://www.californiahealthmaps.org?address=A0340","Female","Liver",161845,"","","",117965,"","","","","","","",25795,"","","","","","","",4,64184,5.2,11.8,9.1,72.2,2.8,3.7,16.1,3.7,"","","","","",""
"A0340","San Diego","San Diego, Santee","https://www.californiahealthmaps.org?address=A0340","Male","Pancreas",159075,11.1,6.5,18.4,118190,11.2,6.3,19.0,"","","","",23950,"","","","","","","",4,64184,5.2,11.8,9.1,72.2,2.8,3.7,16.1,3.7,"","","","","",""
"A0340","San Diego","San Diego, Santee","https://www.californiahealthmaps.org?address=A0340","Female","Pancreas",161845,16.3,10.6,24.2,117965,17.0,10.5,26.6,"","","","",25795,"","","","","","","",4,64184,5.2,11.8,9.1,72.2,2.8,3.7,16.1,3.7,"","","","","",""
"A0340","San Diego","San Diego, Santee","https://www.californiahealthmaps.org?address=A0340","Both","AllSite",320920,506.8,482.1,532.5,236155,521.3,493.7,550.2,"","","","",49745,491.7,406.0,595.8,14085,408.3,296.7,567.7,4,64184,5.2,11.8,9.1,72.2,2.8,3.7,16.1,3.7,"","","","","",""
"A0340","San Diego","San Diego, Santee","https://www.californiahealthmaps.org?address=A0340","Both","Lung",320920,64.2,55.4,74.0,236155,67.9,58.2,78.9,"","","","",49745,"","","",14085,"","","",4,64184,5.2,11.8,9.1,72.2,2.8,3.7,16.1,3.7,"","","","","",""
"A0340","San Diego","San Diego, Santee","https://www.californiahealthmaps.org?address=A0340","Both","CRC",320920,41.8,34.9,49.8,236155,41.8,34.3,50.7,"","","","",49745,"","","",14085,"","","",4,64184,5.2,11.8,9.1,72.2,2.8,3.7,16.1,3.7,"","","","","",""
"A0340","San Diego","San Diego, Santee","https://www.californiahealthmaps.org?address=A0340","Both","Mela",320920,37.7,31.3,45.2,236155,41.0,33.6,49.9,"","","","",49745,"","","",14085,"","","",4,64184,5.2,11.8,9.1,72.2,2.8,3.7,16.1,3.7,"","","","","",""
"A0340","San Diego","San Diego, Santee","https://www.californiahealthmaps.org?address=A0340","Both","Lymph",320920,25.4,20.0,31.8,236155,27.2,21.1,34.8,"","","","",49745,"","","",14085,"","","",4,64184,5.2,11.8,9.1,72.2,2.8,3.7,16.1,3.7,"","","","","",""
"A0340","San Diego","San Diego, Santee","https://www.californiahealthmaps.org?address=A0340","Both","Urinary",320920,9.6,6.3,14.0,236155,9.9,6.3,15.0,"","","","",49745,"","","",14085,"","","",4,64184,5.2,11.8,9.1,72.2,2.8,3.7,16.1,3.7,"","","","","",""
"A0340","San Diego","San Diego, Santee","https://www.californiahealthmaps.org?address=A0340","Both","Kidney",320920,21.9,17.0,28.0,236155,21.3,16.0,28.1,"","","","",49745,"","","",14085,"","","",4,64184,5.2,11.8,9.1,72.2,2.8,3.7,16.1,3.7,"","","","","",""
"A0340","San Diego","San Diego, Santee","https://www.californiahealthmaps.org?address=A0340","Both","Thyroid",320920,12.2,8.6,16.8,236155,14.1,9.7,20.0,"","","","",49745,"","","",14085,"","","",4,64184,5.2,11.8,9.1,72.2,2.8,3.7,16.1,3.7,"","","","","",""
"A0340","San Diego","San Diego, Santee","https://www.californiahealthmaps.org?address=A0340","Both","Liver",320920,7.3,4.8,10.9,236155,5.7,3.4,9.3,"","","","",49745,"","","",14085,"","","",4,64184,5.2,11.8,9.1,72.2,2.8,3.7,16.1,3.7,"","","","","",""
"A0340","San Diego","San Diego, Santee","https://www.californiahealthmaps.org?address=A0340","Both","Pancreas",320920,14.2,10.3,19.3,236155,14.5,10.2,20.3,"","","","",49745,"","","",14085,"","","",4,64184,5.2,11.8,9.1,72.2,2.8,3.7,16.1,3.7,"","","","","",""
