"Zone","Counties","Cities","URL","Sex","Cancer","PopTot","AAIR","LCI","UCI","White_PopTot","White_AAIR","White_LCI","White_UCI","Black_PopTot","Black_AAIR","Black_LCI","Black_UCI","Hispanic_PopTot","Hispanic_AAIR","Hispanic_LCI","Hispanic_UCI","Asian_PopTot","Asian_AAIR","Asian_LCI","Asian_UCI","QNSES","PopAll","PerRural","PerUninsured","PerForeignBorn","PerWhite","PerBlack","PerAsian","PerHispanic"
"A0093","San Bernardino","Ontario","https://www.californiahealthmaps.org?address=A0093","Male","AllSite",154760,477.8,432.5,527.3,28990,528.9,450.7,620.1,"","","","",104170,472.4,396.7,563.6,11270,449.1,317.8,629.8,2,62464,0.0,23.2,30.9,18.9,5.2,7.2,66.5
"A0093","San Bernardino","Ontario","https://www.californiahealthmaps.org?address=A0093","Female","AllSite",157560,437.8,401.6,477.0,30235,445.5,380.3,523.7,"","","","",103830,438.8,385.4,498.9,12245,396.6,287.4,540.9,2,62464,0.0,23.2,30.9,18.9,5.2,7.2,66.5
"A0093","San Bernardino","Ontario","https://www.californiahealthmaps.org?address=A0093","Male","Prostate",154760,104.6,84.3,129.1,28990,103.3,70.9,149.4,"","","","",104170,98.6,67.0,147.1,11270,"","","",2,62464,0.0,23.2,30.9,18.9,5.2,7.2,66.5
"A0093","San Bernardino","Ontario","https://www.californiahealthmaps.org?address=A0093","Female","Breast",157560,139.4,119.7,162.1,30235,134.0,101.3,180.2,"","","","",103830,141.6,112.9,177.1,12245,103.7,57.3,185.3,2,62464,0.0,23.2,30.9,18.9,5.2,7.2,66.5
"A0093","San Bernardino","Ontario","https://www.californiahealthmaps.org?address=A0093","Male","Lung",154760,61.7,44.6,83.7,28990,78.2,48.9,122.2,"","","","",104170,"","","",11270,"","","",2,62464,0.0,23.2,30.9,18.9,5.2,7.2,66.5
"A0093","San Bernardino","Ontario","https://www.californiahealthmaps.org?address=A0093","Female","Lung",157560,36.7,26.3,50.3,30235,59.2,37.2,96.2,"","","","",103830,"","","",12245,"","","",2,62464,0.0,23.2,30.9,18.9,5.2,7.2,66.5
"A0093","San Bernardino","Ontario","https://www.californiahealthmaps.org?address=A0093","Male","CRC",154760,52.7,38.6,71.4,28990,46.0,24.7,82.4,"","","","",104170,70.9,42.4,117.8,11270,"","","",2,62464,0.0,23.2,30.9,18.9,5.2,7.2,66.5
"A0093","San Bernardino","Ontario","https://www.californiahealthmaps.org?address=A0093","Female","CRC",157560,44.4,33.5,58.3,30235,32.0,18.7,60.9,"","","","",103830,46.8,30.3,70.6,12245,"","","",2,62464,0.0,23.2,30.9,18.9,5.2,7.2,66.5
"A0093","San Bernardino","Ontario","https://www.californiahealthmaps.org?address=A0093","Male","Mela",154760,20.2,12.4,32.4,28990,53.6,31.7,89.8,"","","","",104170,"","","",11270,"","","",2,62464,0.0,23.2,30.9,18.9,5.2,7.2,66.5
"A0093","San Bernardino","Ontario","https://www.californiahealthmaps.org?address=A0093","Female","Mela",157560,5.9,2.5,12.8,30235,"","","","","","","",103830,"","","",12245,"","","",2,62464,0.0,23.2,30.9,18.9,5.2,7.2,66.5
"A0093","San Bernardino","Ontario","https://www.californiahealthmaps.org?address=A0093","Female","Uterine",157560,25.4,17.7,36.2,30235,"","","","","","","",103830,24.6,14.6,41.6,12245,"","","",2,62464,0.0,23.2,30.9,18.9,5.2,7.2,66.5
"A0093","San Bernardino","Ontario","https://www.californiahealthmaps.org?address=A0093","Male","Lymph",154760,18.0,10.1,30.7,28990,"","","","","","","",104170,"","","",11270,"","","",2,62464,0.0,23.2,30.9,18.9,5.2,7.2,66.5
"A0093","San Bernardino","Ontario","https://www.californiahealthmaps.org?address=A0093","Female","Lymph",157560,19.9,12.6,30.5,30235,"","","","","","","",103830,"","","",12245,"","","",2,62464,0.0,23.2,30.9,18.9,5.2,7.2,66.5
"A0093","San Bernardino","Ontario","https://www.californiahealthmaps.org?address=A0093","Male","Urinary",154760,16.9,9.1,29.8,28990,"","","","","","","",104170,"","","",11270,"","","",2,62464,0.0,23.2,30.9,18.9,5.2,7.2,66.5
"A0093","San Bernardino","Ontario","https://www.californiahealthmaps.org?address=A0093","Female","Urinary",157560,2.3,0.3,8.7,30235,"","","","","","","",103830,"","","",12245,"","","",2,62464,0.0,23.2,30.9,18.9,5.2,7.2,66.5
"A0093","San Bernardino","Ontario","https://www.californiahealthmaps.org?address=A0093","Male","Kidney",154760,38.4,27.1,54.1,28990,"","","","","","","",104170,51.7,33.4,86.9,11270,"","","",2,62464,0.0,23.2,30.9,18.9,5.2,7.2,66.5
"A0093","San Bernardino","Ontario","https://www.californiahealthmaps.org?address=A0093","Female","Kidney",157560,11.0,6.2,19.1,30235,"","","","","","","",103830,"","","",12245,"","","",2,62464,0.0,23.2,30.9,18.9,5.2,7.2,66.5
"A0093","San Bernardino","Ontario","https://www.californiahealthmaps.org?address=A0093","Male","Thyroid",154760,4.3,1.2,12.7,28990,"","","","","","","",104170,"","","",11270,"","","",2,62464,0.0,23.2,30.9,18.9,5.2,7.2,66.5
"A0093","San Bernardino","Ontario","https://www.californiahealthmaps.org?address=A0093","Female","Thyroid",157560,18.6,12.1,28.4,30235,"","","","","","","",103830,20.6,11.0,37.6,12245,"","","",2,62464,0.0,23.2,30.9,18.9,5.2,7.2,66.5
"A0093","San Bernardino","Ontario","https://www.californiahealthmaps.org?address=A0093","Both","AllSite",312320,447.7,419.9,477.2,59225,475.6,426.1,531.2,15635,585.1,460.9,738.5,208000,439.8,397.4,486.7,23515,420.6,334.2,526.0,2,62464,0.0,23.2,30.9,18.9,5.2,7.2,66.5
"A0093","San Bernardino","Ontario","https://www.californiahealthmaps.org?address=A0093","Both","Lung",312320,46.1,36.8,57.2,59225,66.2,48.2,91.0,15635,"","","",208000,28.3,17.0,45.2,23515,"","","",2,62464,0.0,23.2,30.9,18.9,5.2,7.2,66.5
"A0093","San Bernardino","Ontario","https://www.californiahealthmaps.org?address=A0093","Both","CRC",312320,47.7,38.9,58.1,59225,39.4,26.3,59.3,15635,"","","",208000,53.9,39.7,72.9,23515,"","","",2,62464,0.0,23.2,30.9,18.9,5.2,7.2,66.5
"A0093","San Bernardino","Ontario","https://www.californiahealthmaps.org?address=A0093","Both","Mela",312320,12.2,8.2,17.8,59225,35.6,22.7,55.7,15635,"","","",208000,"","","",23515,"","","",2,62464,0.0,23.2,30.9,18.9,5.2,7.2,66.5
"A0093","San Bernardino","Ontario","https://www.californiahealthmaps.org?address=A0093","Both","Lymph",312320,18.9,13.4,26.1,59225,23.9,13.3,42.2,15635,"","","",208000,22.1,12.8,36.8,23515,"","","",2,62464,0.0,23.2,30.9,18.9,5.2,7.2,66.5
"A0093","San Bernardino","Ontario","https://www.californiahealthmaps.org?address=A0093","Both","Urinary",312320,8.5,4.8,14.0,59225,"","","",15635,"","","",208000,"","","",23515,"","","",2,62464,0.0,23.2,30.9,18.9,5.2,7.2,66.5
"A0093","San Bernardino","Ontario","https://www.californiahealthmaps.org?address=A0093","Both","Kidney",312320,22.9,17.3,30.2,59225,"","","",15635,"","","",208000,32.0,22.4,46.3,23515,"","","",2,62464,0.0,23.2,30.9,18.9,5.2,7.2,66.5
"A0093","San Bernardino","Ontario","https://www.californiahealthmaps.org?address=A0093","Both","Thyroid",312320,11.7,7.8,17.3,59225,"","","",15635,"","","",208000,12.5,6.9,23.4,23515,"","","",2,62464,0.0,23.2,30.9,18.9,5.2,7.2,66.5
