"Zone","Counties","Cities","URL","Sex","Cancer","PopTot","AAIR","LCI","UCI","White_PopTot","White_AAIR","White_LCI","White_UCI","Black_PopTot","Black_AAIR","Black_LCI","Black_UCI","Hispanic_PopTot","Hispanic_AAIR","Hispanic_LCI","Hispanic_UCI","Asian_PopTot","Asian_AAIR","Asian_LCI","Asian_UCI","QNSES","PopAll","PerRural","PerUninsured","PerForeignBorn","PerWhite","PerBlack","PerAsian","PerHispanic","PerAPI","PerDocvisit","PerFOBT","PerMammo","PerMenPrev","PerPap","PerWomenPrev"
"A0738","San Diego","Solana Beach, San Diego, Encinitas","https://www.californiahealthmaps.org?address=A0738","Male","AllSite",166170,566.7,533.7,601.6,132805,567.5,532.1,605.5,"","","","",19680,470.7,344.7,637.0,"","","","",5,67397,0.0,9.3,15.2,78.0,0.9,5.5,13.9,5.5,"","","","","",""
"A0738","San Diego","Solana Beach, San Diego, Encinitas","https://www.californiahealthmaps.org?address=A0738","Female","AllSite",170815,519.9,489.5,552.4,135450,528.6,494.7,565.2,"","","","",19330,466.8,364.3,592.6,10490,521.0,397.4,685.0,5,67397,0.0,9.3,15.2,78.0,0.9,5.5,13.9,5.5,"","","","","",""
"A0738","San Diego","Solana Beach, San Diego, Encinitas","https://www.californiahealthmaps.org?address=A0738","Male","Prostate",166170,141.4,125.6,159.1,132805,138.2,121.7,157.3,"","","","",19680,"","","","","","","",5,67397,0.0,9.3,15.2,78.0,0.9,5.5,13.9,5.5,"","","","","",""
"A0738","San Diego","Solana Beach, San Diego, Encinitas","https://www.californiahealthmaps.org?address=A0738","Female","Breast",170815,187.4,169.6,207.4,135450,193.0,173.1,215.8,"","","","",19330,126.4,76.9,200.3,10490,208.4,134.9,324.8,5,67397,0.0,9.3,15.2,78.0,0.9,5.5,13.9,5.5,"","","","","",""
"A0738","San Diego","Solana Beach, San Diego, Encinitas","https://www.californiahealthmaps.org?address=A0738","Male","Lung",166170,54.6,44.6,66.6,132805,55.9,45.1,69.5,"","","","",19680,"","","","","","","",5,67397,0.0,9.3,15.2,78.0,0.9,5.5,13.9,5.5,"","","","","",""
"A0738","San Diego","Solana Beach, San Diego, Encinitas","https://www.californiahealthmaps.org?address=A0738","Female","Lung",170815,46.8,38.2,57.6,135450,43.3,34.5,55.1,"","","","",19330,"","","",10490,"","","",5,67397,0.0,9.3,15.2,78.0,0.9,5.5,13.9,5.5,"","","","","",""
"A0738","San Diego","Solana Beach, San Diego, Encinitas","https://www.californiahealthmaps.org?address=A0738","Male","CRC",166170,41.6,33.2,52.0,132805,40.2,31.3,51.8,"","","","",19680,"","","","","","","",5,67397,0.0,9.3,15.2,78.0,0.9,5.5,13.9,5.5,"","","","","",""
"A0738","San Diego","Solana Beach, San Diego, Encinitas","https://www.californiahealthmaps.org?address=A0738","Female","CRC",170815,40.6,32.5,50.9,135450,39.3,30.8,50.9,"","","","",19330,"","","",10490,"","","",5,67397,0.0,9.3,15.2,78.0,0.9,5.5,13.9,5.5,"","","","","",""
"A0738","San Diego","Solana Beach, San Diego, Encinitas","https://www.californiahealthmaps.org?address=A0738","Male","Mela",166170,72.7,61.2,86.2,132805,73.7,61.3,88.9,"","","","",19680,"","","","","","","",5,67397,0.0,9.3,15.2,78.0,0.9,5.5,13.9,5.5,"","","","","",""
"A0738","San Diego","Solana Beach, San Diego, Encinitas","https://www.californiahealthmaps.org?address=A0738","Female","Mela",170815,42.9,34.1,53.9,135450,47.7,37.3,61.3,"","","","",19330,"","","",10490,"","","",5,67397,0.0,9.3,15.2,78.0,0.9,5.5,13.9,5.5,"","","","","",""
"A0738","San Diego","Solana Beach, San Diego, Encinitas","https://www.californiahealthmaps.org?address=A0738","Female","Uterine",170815,26.3,20.1,34.6,135450,27.4,20.8,37.2,"","","","",19330,"","","",10490,"","","",5,67397,0.0,9.3,15.2,78.0,0.9,5.5,13.9,5.5,"","","","","",""
"A0738","San Diego","Solana Beach, San Diego, Encinitas","https://www.californiahealthmaps.org?address=A0738","Male","Lymph",166170,30.3,22.9,40.0,132805,30.3,22.2,41.4,"","","","",19680,"","","","","","","",5,67397,0.0,9.3,15.2,78.0,0.9,5.5,13.9,5.5,"","","","","",""
"A0738","San Diego","Solana Beach, San Diego, Encinitas","https://www.californiahealthmaps.org?address=A0738","Female","Lymph",170815,24.2,18.0,32.6,135450,25.6,18.8,35.6,"","","","",19330,"","","",10490,"","","",5,67397,0.0,9.3,15.2,78.0,0.9,5.5,13.9,5.5,"","","","","",""
"A0738","San Diego","Solana Beach, San Diego, Encinitas","https://www.californiahealthmaps.org?address=A0738","Male","Urinary",166170,23.7,17.4,32.3,132805,23.9,17.2,33.7,"","","","",19680,"","","","","","","",5,67397,0.0,9.3,15.2,78.0,0.9,5.5,13.9,5.5,"","","","","",""
"A0738","San Diego","Solana Beach, San Diego, Encinitas","https://www.californiahealthmaps.org?address=A0738","Female","Urinary",170815,7.0,4.0,12.6,135450,7.1,3.9,14.1,"","","","",19330,"","","",10490,"","","",5,67397,0.0,9.3,15.2,78.0,0.9,5.5,13.9,5.5,"","","","","",""
"A0738","San Diego","Solana Beach, San Diego, Encinitas","https://www.californiahealthmaps.org?address=A0738","Male","Kidney",166170,21.3,15.4,29.4,132805,21.2,15.0,30.4,"","","","",19680,"","","","","","","",5,67397,0.0,9.3,15.2,78.0,0.9,5.5,13.9,5.5,"","","","","",""
"A0738","San Diego","Solana Beach, San Diego, Encinitas","https://www.californiahealthmaps.org?address=A0738","Female","Kidney",170815,8.0,4.6,14.0,135450,7.4,4.0,14.6,"","","","",19330,"","","",10490,"","","",5,67397,0.0,9.3,15.2,78.0,0.9,5.5,13.9,5.5,"","","","","",""
"A0738","San Diego","Solana Beach, San Diego, Encinitas","https://www.californiahealthmaps.org?address=A0738","Male","Thyroid",166170,8.3,4.7,14.3,132805,8.6,4.6,16.0,"","","","",19680,"","","","","","","",5,67397,0.0,9.3,15.2,78.0,0.9,5.5,13.9,5.5,"","","","","",""
"A0738","San Diego","Solana Beach, San Diego, Encinitas","https://www.californiahealthmaps.org?address=A0738","Female","Thyroid",170815,27.4,19.8,37.6,135450,28.3,19.2,41.3,"","","","",19330,"","","",10490,"","","",5,67397,0.0,9.3,15.2,78.0,0.9,5.5,13.9,5.5,"","","","","",""
"A0738","San Diego","Solana Beach, San Diego, Encinitas","https://www.californiahealthmaps.org?address=A0738","Male","Liver",166170,9.0,5.5,14.8,132805,6.9,3.8,13.4,"","","","",19680,"","","","","","","",5,67397,0.0,9.3,15.2,78.0,0.9,5.5,13.9,5.5,"","","","","",""
"A0738","San Diego","Solana Beach, San Diego, Encinitas","https://www.californiahealthmaps.org?address=A0738","Female","Liver",170815,"","","",135450,"","","","","","","",19330,"","","",10490,"","","",5,67397,0.0,9.3,15.2,78.0,0.9,5.5,13.9,5.5,"","","","","",""
"A0738","San Diego","Solana Beach, San Diego, Encinitas","https://www.californiahealthmaps.org?address=A0738","Male","Pancreas",166170,15.4,10.4,22.5,132805,16.4,11.0,24.9,"","","","",19680,"","","","","","","",5,67397,0.0,9.3,15.2,78.0,0.9,5.5,13.9,5.5,"","","","","",""
"A0738","San Diego","Solana Beach, San Diego, Encinitas","https://www.californiahealthmaps.org?address=A0738","Female","Pancreas",170815,11.2,7.4,17.5,135450,10.2,6.4,17.6,"","","","",19330,"","","",10490,"","","",5,67397,0.0,9.3,15.2,78.0,0.9,5.5,13.9,5.5,"","","","","",""
"A0738","San Diego","Solana Beach, San Diego, Encinitas","https://www.californiahealthmaps.org?address=A0738","Both","AllSite",336985,538.5,516.2,561.8,268255,542.7,518.4,568.3,"","","","",39010,456.7,378.4,549.1,18505,509.0,411.8,628.6,5,67397,0.0,9.3,15.2,78.0,0.9,5.5,13.9,5.5,"","","","","",""
"A0738","San Diego","Solana Beach, San Diego, Encinitas","https://www.californiahealthmaps.org?address=A0738","Both","Lung",336985,49.8,43.3,57.4,268255,48.5,41.6,56.8,"","","","",39010,69.6,39.5,115.9,18505,71.7,39.3,129.3,5,67397,0.0,9.3,15.2,78.0,0.9,5.5,13.9,5.5,"","","","","",""
"A0738","San Diego","Solana Beach, San Diego, Encinitas","https://www.californiahealthmaps.org?address=A0738","Both","CRC",336985,41.0,35.1,47.8,268255,39.4,33.3,47.0,"","","","",39010,52.1,28.4,91.3,18505,"","","",5,67397,0.0,9.3,15.2,78.0,0.9,5.5,13.9,5.5,"","","","","",""
"A0738","San Diego","Solana Beach, San Diego, Encinitas","https://www.californiahealthmaps.org?address=A0738","Both","Mela",336985,56.5,49.4,64.7,268255,59.5,51.4,69.0,"","","","",39010,"","","",18505,"","","",5,67397,0.0,9.3,15.2,78.0,0.9,5.5,13.9,5.5,"","","","","",""
"A0738","San Diego","Solana Beach, San Diego, Encinitas","https://www.californiahealthmaps.org?address=A0738","Both","Lymph",336985,27.1,22.2,33.0,268255,27.8,22.4,34.7,"","","","",39010,"","","",18505,"","","",5,67397,0.0,9.3,15.2,78.0,0.9,5.5,13.9,5.5,"","","","","",""
"A0738","San Diego","Solana Beach, San Diego, Encinitas","https://www.californiahealthmaps.org?address=A0738","Both","Urinary",336985,14.4,11.0,18.8,268255,14.5,11.0,19.6,"","","","",39010,"","","",18505,"","","",5,67397,0.0,9.3,15.2,78.0,0.9,5.5,13.9,5.5,"","","","","",""
"A0738","San Diego","Solana Beach, San Diego, Encinitas","https://www.californiahealthmaps.org?address=A0738","Both","Kidney",336985,14.2,10.8,18.7,268255,13.9,10.4,18.9,"","","","",39010,"","","",18505,"","","",5,67397,0.0,9.3,15.2,78.0,0.9,5.5,13.9,5.5,"","","","","",""
"A0738","San Diego","Solana Beach, San Diego, Encinitas","https://www.californiahealthmaps.org?address=A0738","Both","Thyroid",336985,17.9,13.6,23.3,268255,18.3,13.3,25.0,"","","","",39010,"","","",18505,"","","",5,67397,0.0,9.3,15.2,78.0,0.9,5.5,13.9,5.5,"","","","","",""
"A0738","San Diego","Solana Beach, San Diego, Encinitas","https://www.californiahealthmaps.org?address=A0738","Both","Liver",336985,6.5,4.3,9.8,268255,5.7,3.6,9.5,"","","","",39010,"","","",18505,"","","",5,67397,0.0,9.3,15.2,78.0,0.9,5.5,13.9,5.5,"","","","","",""
"A0738","San Diego","Solana Beach, San Diego, Encinitas","https://www.californiahealthmaps.org?address=A0738","Both","Pancreas",336985,13.2,10.0,17.5,268255,13.1,9.8,18.0,"","","","",39010,"","","",18505,"","","",5,67397,0.0,9.3,15.2,78.0,0.9,5.5,13.9,5.5,"","","","","",""
