"Zone","Counties","Cities","URL","Sex","Cancer","PopTot","AAIR","LCI","UCI","White_PopTot","White_AAIR","White_LCI","White_UCI","Black_PopTot","Black_AAIR","Black_LCI","Black_UCI","Hispanic_PopTot","Hispanic_AAIR","Hispanic_LCI","Hispanic_UCI","Asian_PopTot","Asian_AAIR","Asian_LCI","Asian_UCI","QNSES","PopAll","PerRural","PerUninsured","PerForeignBorn","PerWhite","PerBlack","PerAsian","PerHispanic"
"B0004","Alpine, El Dorado, Mono","Mammoth Lakes, Placerville, South Lake Tahoe","https://www.californiahealthmaps.org?address=B0004","Male","AllSite",194515,462.5,433.4,493.3,142150,473.2,441.5,507.4,"","","","",40145,482.0,362.1,640.6,"","","","",3,76079,26.3,17.0,12.7,72.1,0.5,2.2,21.3
"B0004","Alpine, El Dorado, Mono","Mammoth Lakes, Placerville, South Lake Tahoe","https://www.californiahealthmaps.org?address=B0004","Female","AllSite",185880,406.8,380.5,434.8,136520,408.3,379.4,439.7,"","","","",36735,386.2,289.7,512.4,"","","","",3,76079,26.3,17.0,12.7,72.1,0.5,2.2,21.3
"B0004","Alpine, El Dorado, Mono","Mammoth Lakes, Placerville, South Lake Tahoe","https://www.californiahealthmaps.org?address=B0004","Male","Prostate",194515,122.6,108.5,138.4,142150,122.4,107.4,140.0,"","","","",40145,122.9,69.2,218.6,"","","","",3,76079,26.3,17.0,12.7,72.1,0.5,2.2,21.3
"B0004","Alpine, El Dorado, Mono","Mammoth Lakes, Placerville, South Lake Tahoe","https://www.californiahealthmaps.org?address=B0004","Female","Breast",185880,119.1,105.1,134.9,136520,124.3,108.4,142.7,"","","","",36735,98.9,53.5,177.3,"","","","",3,76079,26.3,17.0,12.7,72.1,0.5,2.2,21.3
"B0004","Alpine, El Dorado, Mono","Mammoth Lakes, Placerville, South Lake Tahoe","https://www.californiahealthmaps.org?address=B0004","Male","Lung",194515,55.2,45.3,67.0,142150,57.4,46.6,70.8,"","","","",40145,"","","","","","","",3,76079,26.3,17.0,12.7,72.1,0.5,2.2,21.3
"B0004","Alpine, El Dorado, Mono","Mammoth Lakes, Placerville, South Lake Tahoe","https://www.californiahealthmaps.org?address=B0004","Female","Lung",185880,49.6,40.8,60.2,136520,50.7,41.2,62.7,"","","","",36735,"","","","","","","",3,76079,26.3,17.0,12.7,72.1,0.5,2.2,21.3
"B0004","Alpine, El Dorado, Mono","Mammoth Lakes, Placerville, South Lake Tahoe","https://www.californiahealthmaps.org?address=B0004","Male","CRC",194515,36.3,28.5,45.9,142150,37.9,29.5,49.2,"","","","",40145,"","","","","","","",3,76079,26.3,17.0,12.7,72.1,0.5,2.2,21.3
"B0004","Alpine, El Dorado, Mono","Mammoth Lakes, Placerville, South Lake Tahoe","https://www.californiahealthmaps.org?address=B0004","Female","CRC",185880,36.1,28.6,45.4,136520,34.8,26.7,45.6,"","","","",36735,"","","","","","","",3,76079,26.3,17.0,12.7,72.1,0.5,2.2,21.3
"B0004","Alpine, El Dorado, Mono","Mammoth Lakes, Placerville, South Lake Tahoe","https://www.californiahealthmaps.org?address=B0004","Male","Mela",194515,43.1,34.4,53.5,142150,44.8,35.3,57.1,"","","","",40145,"","","","","","","",3,76079,26.3,17.0,12.7,72.1,0.5,2.2,21.3
"B0004","Alpine, El Dorado, Mono","Mammoth Lakes, Placerville, South Lake Tahoe","https://www.californiahealthmaps.org?address=B0004","Female","Mela",185880,22.3,16.5,30.0,136520,22.5,15.8,32.0,"","","","",36735,"","","","","","","",3,76079,26.3,17.0,12.7,72.1,0.5,2.2,21.3
"B0004","Alpine, El Dorado, Mono","Mammoth Lakes, Placerville, South Lake Tahoe","https://www.californiahealthmaps.org?address=B0004","Female","Uterine",185880,27.4,21.0,35.6,136520,28.4,21.2,38.3,"","","","",36735,"","","","","","","",3,76079,26.3,17.0,12.7,72.1,0.5,2.2,21.3
"B0004","Alpine, El Dorado, Mono","Mammoth Lakes, Placerville, South Lake Tahoe","https://www.californiahealthmaps.org?address=B0004","Male","Lymph",194515,23.7,17.3,31.9,142150,23.8,17.0,33.4,"","","","",40145,"","","","","","","",3,76079,26.3,17.0,12.7,72.1,0.5,2.2,21.3
"B0004","Alpine, El Dorado, Mono","Mammoth Lakes, Placerville, South Lake Tahoe","https://www.californiahealthmaps.org?address=B0004","Female","Lymph",185880,17.2,12.1,24.2,136520,17.0,11.7,25.1,"","","","",36735,"","","","","","","",3,76079,26.3,17.0,12.7,72.1,0.5,2.2,21.3
"B0004","Alpine, El Dorado, Mono","Mammoth Lakes, Placerville, South Lake Tahoe","https://www.californiahealthmaps.org?address=B0004","Male","Urinary",194515,19.9,14.0,27.6,142150,20.7,14.4,29.9,"","","","",40145,"","","","","","","",3,76079,26.3,17.0,12.7,72.1,0.5,2.2,21.3
"B0004","Alpine, El Dorado, Mono","Mammoth Lakes, Placerville, South Lake Tahoe","https://www.californiahealthmaps.org?address=B0004","Female","Urinary",185880,7.5,4.5,12.5,136520,6.7,3.8,12.7,"","","","",36735,"","","","","","","",3,76079,26.3,17.0,12.7,72.1,0.5,2.2,21.3
"B0004","Alpine, El Dorado, Mono","Mammoth Lakes, Placerville, South Lake Tahoe","https://www.californiahealthmaps.org?address=B0004","Male","Kidney",194515,20.6,14.8,28.3,142150,21.0,14.6,30.4,"","","","",40145,"","","","","","","",3,76079,26.3,17.0,12.7,72.1,0.5,2.2,21.3
"B0004","Alpine, El Dorado, Mono","Mammoth Lakes, Placerville, South Lake Tahoe","https://www.californiahealthmaps.org?address=B0004","Female","Kidney",185880,8.1,5.0,13.2,136520,7.2,4.0,13.3,"","","","",36735,"","","","","","","",3,76079,26.3,17.0,12.7,72.1,0.5,2.2,21.3
"B0004","Alpine, El Dorado, Mono","Mammoth Lakes, Placerville, South Lake Tahoe","https://www.californiahealthmaps.org?address=B0004","Male","Thyroid",194515,5.8,2.9,10.7,142150,"","","","","","","",40145,"","","","","","","",3,76079,26.3,17.0,12.7,72.1,0.5,2.2,21.3
"B0004","Alpine, El Dorado, Mono","Mammoth Lakes, Placerville, South Lake Tahoe","https://www.californiahealthmaps.org?address=B0004","Female","Thyroid",185880,14.0,9.0,21.0,136520,10.2,5.4,18.4,"","","","",36735,"","","","","","","",3,76079,26.3,17.0,12.7,72.1,0.5,2.2,21.3
"B0004","Alpine, El Dorado, Mono","Mammoth Lakes, Placerville, South Lake Tahoe","https://www.californiahealthmaps.org?address=B0004","Both","AllSite",380395,430.0,410.6,450.1,278670,436.2,415.0,458.6,"","","","",76880,426.0,350.0,517.0,"","","","",3,76079,26.3,17.0,12.7,72.1,0.5,2.2,21.3
"B0004","Alpine, El Dorado, Mono","Mammoth Lakes, Placerville, South Lake Tahoe","https://www.californiahealthmaps.org?address=B0004","Both","Lung",380395,51.7,45.1,59.2,278670,53.3,46.2,61.7,"","","","",76880,"","","","","","","",3,76079,26.3,17.0,12.7,72.1,0.5,2.2,21.3
"B0004","Alpine, El Dorado, Mono","Mammoth Lakes, Placerville, South Lake Tahoe","https://www.californiahealthmaps.org?address=B0004","Both","CRC",380395,36.2,30.7,42.5,278670,36.4,30.5,43.6,"","","","",76880,"","","","","","","",3,76079,26.3,17.0,12.7,72.1,0.5,2.2,21.3
"B0004","Alpine, El Dorado, Mono","Mammoth Lakes, Placerville, South Lake Tahoe","https://www.californiahealthmaps.org?address=B0004","Both","Mela",380395,31.4,26.3,37.3,278670,32.4,26.7,39.4,"","","","",76880,"","","","","","","",3,76079,26.3,17.0,12.7,72.1,0.5,2.2,21.3
"B0004","Alpine, El Dorado, Mono","Mammoth Lakes, Placerville, South Lake Tahoe","https://www.californiahealthmaps.org?address=B0004","Both","Lymph",380395,20.0,16.0,25.0,278670,20.2,15.8,25.9,"","","","",76880,"","","","","","","",3,76079,26.3,17.0,12.7,72.1,0.5,2.2,21.3
"B0004","Alpine, El Dorado, Mono","Mammoth Lakes, Placerville, South Lake Tahoe","https://www.californiahealthmaps.org?address=B0004","Both","Urinary",380395,13.1,9.9,17.1,278670,13.0,9.7,17.7,"","","","",76880,"","","","","","","",3,76079,26.3,17.0,12.7,72.1,0.5,2.2,21.3
"B0004","Alpine, El Dorado, Mono","Mammoth Lakes, Placerville, South Lake Tahoe","https://www.californiahealthmaps.org?address=B0004","Both","Kidney",380395,14.1,10.8,18.2,278670,13.8,10.2,18.8,"","","","",76880,"","","","","","","",3,76079,26.3,17.0,12.7,72.1,0.5,2.2,21.3
"B0004","Alpine, El Dorado, Mono","Mammoth Lakes, Placerville, South Lake Tahoe","https://www.californiahealthmaps.org?address=B0004","Both","Thyroid",380395,9.8,6.9,13.7,278670,8.3,5.2,13.0,"","","","",76880,"","","","","","","",3,76079,26.3,17.0,12.7,72.1,0.5,2.2,21.3
