"Zone","Counties","Cities","URL","Sex","Cancer","PopTot","AAIR","LCI","UCI","White_PopTot","White_AAIR","White_LCI","White_UCI","Black_PopTot","Black_AAIR","Black_LCI","Black_UCI","Hispanic_PopTot","Hispanic_AAIR","Hispanic_LCI","Hispanic_UCI","Asian_PopTot","Asian_AAIR","Asian_LCI","Asian_UCI","QNSES","PopAll","PerRural","PerUninsured","PerForeignBorn","PerWhite","PerBlack","PerAsian","PerHispanic","PerAPI","PerDocvisit","PerFOBT","PerMammo","PerMenPrev","PerPap","PerWomenPrev"
"A0297","San Diego","San Diego","https://www.californiahealthmaps.org?address=A0297","Male","AllSite",142200,467.2,436.1,500.4,104105,473.0,438.8,510.2,"","","","",19800,468.8,348.9,621.0,"","","","",4,59453,0.0,10.4,13.2,69.8,2.9,5.8,16.6,5.8,"","","","","",""
"A0297","San Diego","San Diego","https://www.californiahealthmaps.org?address=A0297","Female","AllSite",155065,425.0,397.2,454.7,112380,447.1,414.2,483.2,"","","","",22355,342.7,263.0,440.1,"","","","",4,59453,0.0,10.4,13.2,69.8,2.9,5.8,16.6,5.8,"","","","","",""
"A0297","San Diego","San Diego","https://www.californiahealthmaps.org?address=A0297","Male","Prostate",142200,113.9,99.1,130.8,104105,109.8,94.2,128.4,"","","","",19800,136.8,76.9,230.6,"","","","",4,59453,0.0,10.4,13.2,69.8,2.9,5.8,16.6,5.8,"","","","","",""
"A0297","San Diego","San Diego","https://www.californiahealthmaps.org?address=A0297","Female","Breast",155065,137.1,121.4,154.8,112380,141.1,123.1,162.3,"","","","",22355,111.4,68.6,172.6,"","","","",4,59453,0.0,10.4,13.2,69.8,2.9,5.8,16.6,5.8,"","","","","",""
"A0297","San Diego","San Diego","https://www.californiahealthmaps.org?address=A0297","Male","Lung",142200,51.5,41.8,63.4,104105,50.4,40.1,63.8,"","","","",19800,"","","","","","","",4,59453,0.0,10.4,13.2,69.8,2.9,5.8,16.6,5.8,"","","","","",""
"A0297","San Diego","San Diego","https://www.californiahealthmaps.org?address=A0297","Female","Lung",155065,45.6,37.7,55.5,112380,48.6,39.8,60.6,"","","","",22355,"","","","","","","",4,59453,0.0,10.4,13.2,69.8,2.9,5.8,16.6,5.8,"","","","","",""
"A0297","San Diego","San Diego","https://www.californiahealthmaps.org?address=A0297","Male","CRC",142200,45.0,35.5,56.7,104105,43.8,33.7,57.2,"","","","",19800,"","","","","","","",4,59453,0.0,10.4,13.2,69.8,2.9,5.8,16.6,5.8,"","","","","",""
"A0297","San Diego","San Diego","https://www.californiahealthmaps.org?address=A0297","Female","CRC",155065,30.9,24.3,39.6,112380,31.9,24.3,42.9,"","","","",22355,"","","","","","","",4,59453,0.0,10.4,13.2,69.8,2.9,5.8,16.6,5.8,"","","","","",""
"A0297","San Diego","San Diego","https://www.californiahealthmaps.org?address=A0297","Male","Mela",142200,36.6,28.4,46.9,104105,41.2,31.6,54.1,"","","","",19800,"","","","","","","",4,59453,0.0,10.4,13.2,69.8,2.9,5.8,16.6,5.8,"","","","","",""
"A0297","San Diego","San Diego","https://www.californiahealthmaps.org?address=A0297","Female","Mela",155065,33.6,25.4,44.0,112380,38.5,28.2,52.5,"","","","",22355,"","","","","","","",4,59453,0.0,10.4,13.2,69.8,2.9,5.8,16.6,5.8,"","","","","",""
"A0297","San Diego","San Diego","https://www.californiahealthmaps.org?address=A0297","Female","Uterine",155065,25.9,19.7,34.1,112380,23.5,17.2,33.4,"","","","",22355,"","","","","","","",4,59453,0.0,10.4,13.2,69.8,2.9,5.8,16.6,5.8,"","","","","",""
"A0297","San Diego","San Diego","https://www.californiahealthmaps.org?address=A0297","Male","Lymph",142200,22.7,16.3,31.4,104105,22.4,15.4,33.1,"","","","",19800,"","","","","","","",4,59453,0.0,10.4,13.2,69.8,2.9,5.8,16.6,5.8,"","","","","",""
"A0297","San Diego","San Diego","https://www.californiahealthmaps.org?address=A0297","Female","Lymph",155065,15.2,10.5,22.2,112380,16.0,10.4,25.3,"","","","",22355,"","","","","","","",4,59453,0.0,10.4,13.2,69.8,2.9,5.8,16.6,5.8,"","","","","",""
"A0297","San Diego","San Diego","https://www.californiahealthmaps.org?address=A0297","Male","Urinary",142200,17.7,12.3,25.3,104105,18.7,12.8,28.1,"","","","",19800,"","","","","","","",4,59453,0.0,10.4,13.2,69.8,2.9,5.8,16.6,5.8,"","","","","",""
"A0297","San Diego","San Diego","https://www.californiahealthmaps.org?address=A0297","Female","Urinary",155065,"","","",112380,"","","","","","","",22355,"","","","","","","",4,59453,0.0,10.4,13.2,69.8,2.9,5.8,16.6,5.8,"","","","","",""
"A0297","San Diego","San Diego","https://www.californiahealthmaps.org?address=A0297","Male","Kidney",142200,20.4,14.2,28.8,104105,19.7,13.1,29.9,"","","","",19800,"","","","","","","",4,59453,0.0,10.4,13.2,69.8,2.9,5.8,16.6,5.8,"","","","","",""
"A0297","San Diego","San Diego","https://www.californiahealthmaps.org?address=A0297","Female","Kidney",155065,8.3,4.9,14.0,112380,"","","","","","","",22355,"","","","","","","",4,59453,0.0,10.4,13.2,69.8,2.9,5.8,16.6,5.8,"","","","","",""
"A0297","San Diego","San Diego","https://www.californiahealthmaps.org?address=A0297","Male","Thyroid",142200,"","","",104105,"","","","","","","",19800,"","","","","","","",4,59453,0.0,10.4,13.2,69.8,2.9,5.8,16.6,5.8,"","","","","",""
"A0297","San Diego","San Diego","https://www.californiahealthmaps.org?address=A0297","Female","Thyroid",155065,25.0,17.7,34.9,112380,26.7,17.5,40.0,"","","","",22355,"","","","","","","",4,59453,0.0,10.4,13.2,69.8,2.9,5.8,16.6,5.8,"","","","","",""
"A0297","San Diego","San Diego","https://www.californiahealthmaps.org?address=A0297","Male","Liver",142200,"","","",104105,"","","","","","","",19800,"","","","","","","",4,59453,0.0,10.4,13.2,69.8,2.9,5.8,16.6,5.8,"","","","","",""
"A0297","San Diego","San Diego","https://www.californiahealthmaps.org?address=A0297","Female","Liver",155065,"","","",112380,"","","","","","","",22355,"","","","","","","",4,59453,0.0,10.4,13.2,69.8,2.9,5.8,16.6,5.8,"","","","","",""
"A0297","San Diego","San Diego","https://www.californiahealthmaps.org?address=A0297","Male","Pancreas",142200,15.4,10.3,22.8,104105,14.6,9.2,23.6,"","","","",19800,"","","","","","","",4,59453,0.0,10.4,13.2,69.8,2.9,5.8,16.6,5.8,"","","","","",""
"A0297","San Diego","San Diego","https://www.californiahealthmaps.org?address=A0297","Female","Pancreas",155065,9.4,5.9,15.2,112380,8.8,5.0,16.7,"","","","",22355,"","","","","","","",4,59453,0.0,10.4,13.2,69.8,2.9,5.8,16.6,5.8,"","","","","",""
"A0297","San Diego","San Diego","https://www.californiahealthmaps.org?address=A0297","Both","AllSite",297265,439.5,418.9,461.0,216485,453.9,430.5,478.9,10075,349.4,236.3,504.9,42155,387.1,319.4,465.9,16610,403.3,314.2,516.8,4,59453,0.0,10.4,13.2,69.8,2.9,5.8,16.6,5.8,"","","","","",""
"A0297","San Diego","San Diego","https://www.californiahealthmaps.org?address=A0297","Both","Lung",297265,48.2,42.0,55.5,216485,49.6,42.8,58.0,10075,"","","",42155,"","","",16610,"","","",4,59453,0.0,10.4,13.2,69.8,2.9,5.8,16.6,5.8,"","","","","",""
"A0297","San Diego","San Diego","https://www.californiahealthmaps.org?address=A0297","Both","CRC",297265,37.5,31.7,44.3,216485,37.4,31.1,45.4,10075,"","","",42155,"","","",16610,"","","",4,59453,0.0,10.4,13.2,69.8,2.9,5.8,16.6,5.8,"","","","","",""
"A0297","San Diego","San Diego","https://www.californiahealthmaps.org?address=A0297","Both","Mela",297265,33.9,28.2,40.7,216485,38.6,31.6,47.3,10075,"","","",42155,"","","",16610,"","","",4,59453,0.0,10.4,13.2,69.8,2.9,5.8,16.6,5.8,"","","","","",""
"A0297","San Diego","San Diego","https://www.californiahealthmaps.org?address=A0297","Both","Lymph",297265,18.3,14.3,23.3,216485,18.7,14.2,24.9,10075,"","","",42155,"","","",16610,"","","",4,59453,0.0,10.4,13.2,69.8,2.9,5.8,16.6,5.8,"","","","","",""
"A0297","San Diego","San Diego","https://www.californiahealthmaps.org?address=A0297","Both","Urinary",297265,9.9,7.3,13.6,216485,10.6,7.7,15.2,10075,"","","",42155,"","","",16610,"","","",4,59453,0.0,10.4,13.2,69.8,2.9,5.8,16.6,5.8,"","","","","",""
"A0297","San Diego","San Diego","https://www.californiahealthmaps.org?address=A0297","Both","Kidney",297265,13.7,10.3,18.3,216485,12.9,9.2,18.3,10075,"","","",42155,"","","",16610,"","","",4,59453,0.0,10.4,13.2,69.8,2.9,5.8,16.6,5.8,"","","","","",""
"A0297","San Diego","San Diego","https://www.californiahealthmaps.org?address=A0297","Both","Thyroid",297265,15.3,11.2,20.5,216485,15.9,11.0,22.7,10075,"","","",42155,"","","",16610,"","","",4,59453,0.0,10.4,13.2,69.8,2.9,5.8,16.6,5.8,"","","","","",""
"A0297","San Diego","San Diego","https://www.californiahealthmaps.org?address=A0297","Both","Liver",297265,5.5,3.5,8.6,216485,5.3,3.2,9.3,10075,"","","",42155,"","","",16610,"","","",4,59453,0.0,10.4,13.2,69.8,2.9,5.8,16.6,5.8,"","","","","",""
"A0297","San Diego","San Diego","https://www.californiahealthmaps.org?address=A0297","Both","Pancreas",297265,12.2,9.1,16.4,216485,11.5,8.2,16.6,10075,"","","",42155,"","","",16610,"","","",4,59453,0.0,10.4,13.2,69.8,2.9,5.8,16.6,5.8,"","","","","",""
