"Zone","Counties","Cities","URL","Sex","Cancer","PopTot","AAIR","LCI","UCI","White_PopTot","White_AAIR","White_LCI","White_UCI","Black_PopTot","Black_AAIR","Black_LCI","Black_UCI","Hispanic_PopTot","Hispanic_AAIR","Hispanic_LCI","Hispanic_UCI","Asian_PopTot","Asian_AAIR","Asian_LCI","Asian_UCI","QNSES","PopAll","PerRural","PerUninsured","PerForeignBorn","PerWhite","PerBlack","PerAsian","PerHispanic","PerAPI","PerDocvisit","PerFOBT","PerMammo","PerMenPrev","PerPap","PerWomenPrev"
"A0839","Los Angeles","Whittier","https://www.californiahealthmaps.org?address=A0839","Male","AllSite",143465,461.0,426.9,497.3,39740,483.4,426.8,550.1,"","","","",83090,491.6,432.3,557.8,16885,378.0,298.3,480.8,4,58713,0.0,13.5,22.4,27.9,0.7,13.5,56.3,13.5,"","","","","",""
"A0839","Los Angeles","Whittier","https://www.californiahealthmaps.org?address=A0839","Female","AllSite",150100,390.9,361.6,422.3,39640,428.8,372.0,498.2,"","","","",88570,379.9,335.8,429.1,18480,402.6,323.2,504.8,4,58713,0.0,13.5,22.4,27.9,0.7,13.5,56.3,13.5,"","","","","",""
"A0839","Los Angeles","Whittier","https://www.californiahealthmaps.org?address=A0839","Male","Prostate",143465,91.6,77.2,108.4,39740,76.0,57.3,106.0,"","","","",83090,123.9,95.2,159.6,16885,57.9,32.0,110.2,4,58713,0.0,13.5,22.4,27.9,0.7,13.5,56.3,13.5,"","","","","",""
"A0839","Los Angeles","Whittier","https://www.californiahealthmaps.org?address=A0839","Female","Breast",150100,132.4,115.4,151.5,39640,131.9,102.3,175.3,"","","","",88570,135.0,109.3,165.8,18480,153.7,105.8,226.5,4,58713,0.0,13.5,22.4,27.9,0.7,13.5,56.3,13.5,"","","","","",""
"A0839","Los Angeles","Whittier","https://www.californiahealthmaps.org?address=A0839","Male","Lung",143465,44.5,34.3,57.1,39740,55.1,38.2,84.1,"","","","",83090,"","","",16885,"","","",4,58713,0.0,13.5,22.4,27.9,0.7,13.5,56.3,13.5,"","","","","",""
"A0839","Los Angeles","Whittier","https://www.californiahealthmaps.org?address=A0839","Female","Lung",150100,27.4,20.3,36.7,39640,32.0,20.8,59.6,"","","","",88570,"","","",18480,"","","",4,58713,0.0,13.5,22.4,27.9,0.7,13.5,56.3,13.5,"","","","","",""
"A0839","Los Angeles","Whittier","https://www.californiahealthmaps.org?address=A0839","Male","CRC",143465,45.9,35.7,58.4,39740,41.9,25.3,71.6,"","","","",83090,54.9,37.1,79.8,16885,"","","",4,58713,0.0,13.5,22.4,27.9,0.7,13.5,56.3,13.5,"","","","","",""
"A0839","Los Angeles","Whittier","https://www.californiahealthmaps.org?address=A0839","Female","CRC",150100,37.1,28.5,47.8,39640,35.5,21.8,65.5,"","","","",88570,34.8,22.0,53.3,18480,"","","",4,58713,0.0,13.5,22.4,27.9,0.7,13.5,56.3,13.5,"","","","","",""
"A0839","Los Angeles","Whittier","https://www.californiahealthmaps.org?address=A0839","Male","Mela",143465,23.3,16.1,32.7,39740,46.3,30.5,74.6,"","","","",83090,"","","",16885,"","","",4,58713,0.0,13.5,22.4,27.9,0.7,13.5,56.3,13.5,"","","","","",""
"A0839","Los Angeles","Whittier","https://www.californiahealthmaps.org?address=A0839","Female","Mela",150100,9.7,5.7,16.0,39640,"","","","","","","",88570,"","","",18480,"","","",4,58713,0.0,13.5,22.4,27.9,0.7,13.5,56.3,13.5,"","","","","",""
"A0839","Los Angeles","Whittier","https://www.californiahealthmaps.org?address=A0839","Female","Uterine",150100,29.2,21.7,38.9,39640,38.8,24.5,69.3,"","","","",88570,22.9,13.4,38.0,18480,"","","",4,58713,0.0,13.5,22.4,27.9,0.7,13.5,56.3,13.5,"","","","","",""
"A0839","Los Angeles","Whittier","https://www.californiahealthmaps.org?address=A0839","Male","Lymph",143465,21.2,14.4,30.3,39740,30.8,17.0,58.1,"","","","",83090,"","","",16885,"","","",4,58713,0.0,13.5,22.4,27.9,0.7,13.5,56.3,13.5,"","","","","",""
"A0839","Los Angeles","Whittier","https://www.californiahealthmaps.org?address=A0839","Female","Lymph",150100,12.5,7.8,19.6,39640,"","","","","","","",88570,"","","",18480,"","","",4,58713,0.0,13.5,22.4,27.9,0.7,13.5,56.3,13.5,"","","","","",""
"A0839","Los Angeles","Whittier","https://www.californiahealthmaps.org?address=A0839","Male","Urinary",143465,22.4,15.2,31.9,39740,25.4,15.3,48.9,"","","","",83090,"","","",16885,"","","",4,58713,0.0,13.5,22.4,27.9,0.7,13.5,56.3,13.5,"","","","","",""
"A0839","Los Angeles","Whittier","https://www.californiahealthmaps.org?address=A0839","Female","Urinary",150100,"","","",39640,"","","","","","","",88570,"","","",18480,"","","",4,58713,0.0,13.5,22.4,27.9,0.7,13.5,56.3,13.5,"","","","","",""
"A0839","Los Angeles","Whittier","https://www.californiahealthmaps.org?address=A0839","Male","Kidney",143465,41.9,31.9,54.2,39740,44.3,27.1,74.5,"","","","",83090,51.2,33.4,76.3,16885,"","","",4,58713,0.0,13.5,22.4,27.9,0.7,13.5,56.3,13.5,"","","","","",""
"A0839","Los Angeles","Whittier","https://www.californiahealthmaps.org?address=A0839","Female","Kidney",150100,16.6,11.1,24.3,39640,"","","","","","","",88570,"","","",18480,"","","",4,58713,0.0,13.5,22.4,27.9,0.7,13.5,56.3,13.5,"","","","","",""
"A0839","Los Angeles","Whittier","https://www.californiahealthmaps.org?address=A0839","Male","Thyroid",143465,10.6,6.0,17.7,39740,"","","","","","","",83090,"","","",16885,"","","",4,58713,0.0,13.5,22.4,27.9,0.7,13.5,56.3,13.5,"","","","","",""
"A0839","Los Angeles","Whittier","https://www.californiahealthmaps.org?address=A0839","Female","Thyroid",150100,20.8,14.2,29.7,39640,"","","","","","","",88570,22.0,13.2,36.2,18480,"","","",4,58713,0.0,13.5,22.4,27.9,0.7,13.5,56.3,13.5,"","","","","",""
"A0839","Los Angeles","Whittier","https://www.californiahealthmaps.org?address=A0839","Male","Liver",143465,11.3,6.6,18.3,39740,"","","","","","","",83090,"","","",16885,"","","",4,58713,0.0,13.5,22.4,27.9,0.7,13.5,56.3,13.5,"","","","","",""
"A0839","Los Angeles","Whittier","https://www.californiahealthmaps.org?address=A0839","Female","Liver",150100,"","","",39640,"","","","","","","",88570,"","","",18480,"","","",4,58713,0.0,13.5,22.4,27.9,0.7,13.5,56.3,13.5,"","","","","",""
"A0839","Los Angeles","Whittier","https://www.californiahealthmaps.org?address=A0839","Male","Pancreas",143465,10.5,5.9,17.7,39740,"","","","","","","",83090,"","","",16885,"","","",4,58713,0.0,13.5,22.4,27.9,0.7,13.5,56.3,13.5,"","","","","",""
"A0839","Los Angeles","Whittier","https://www.californiahealthmaps.org?address=A0839","Female","Pancreas",150100,8.4,4.6,14.5,39640,"","","","","","","",88570,"","","",18480,"","","",4,58713,0.0,13.5,22.4,27.9,0.7,13.5,56.3,13.5,"","","","","",""
"A0839","Los Angeles","Whittier","https://www.californiahealthmaps.org?address=A0839","Both","AllSite",293565,419.4,397.2,442.6,79380,448.2,408.4,493.4,"","","","",171660,426.5,390.5,465.3,35365,391.7,334.4,460.0,4,58713,0.0,13.5,22.4,27.9,0.7,13.5,56.3,13.5,"","","","","",""
"A0839","Los Angeles","Whittier","https://www.californiahealthmaps.org?address=A0839","Both","Lung",293565,34.8,28.7,41.9,79380,42.7,32.4,59.2,"","","","",171660,23.9,15.6,35.4,35365,41.8,24.4,72.5,4,58713,0.0,13.5,22.4,27.9,0.7,13.5,56.3,13.5,"","","","","",""
"A0839","Los Angeles","Whittier","https://www.californiahealthmaps.org?address=A0839","Both","CRC",293565,41.3,34.5,49.0,79380,38.8,27.6,56.6,"","","","",171660,43.7,32.8,57.7,35365,54.1,33.7,87.6,4,58713,0.0,13.5,22.4,27.9,0.7,13.5,56.3,13.5,"","","","","",""
"A0839","Los Angeles","Whittier","https://www.californiahealthmaps.org?address=A0839","Both","Mela",293565,15.7,11.7,20.8,79380,34.9,24.0,52.5,"","","","",171660,"","","",35365,"","","",4,58713,0.0,13.5,22.4,27.9,0.7,13.5,56.3,13.5,"","","","","",""
"A0839","Los Angeles","Whittier","https://www.californiahealthmaps.org?address=A0839","Both","Lymph",293565,16.2,12.1,21.4,79380,25.4,16.4,41.4,"","","","",171660,11.8,6.4,20.4,35365,"","","",4,58713,0.0,13.5,22.4,27.9,0.7,13.5,56.3,13.5,"","","","","",""
"A0839","Los Angeles","Whittier","https://www.californiahealthmaps.org?address=A0839","Both","Urinary",293565,10.4,7.1,14.7,79380,12.3,7.4,24.6,"","","","",171660,"","","",35365,"","","",4,58713,0.0,13.5,22.4,27.9,0.7,13.5,56.3,13.5,"","","","","",""
"A0839","Los Angeles","Whittier","https://www.californiahealthmaps.org?address=A0839","Both","Kidney",293565,28.2,22.7,34.9,79380,29.7,19.4,47.0,"","","","",171660,31.4,22.2,43.7,35365,"","","",4,58713,0.0,13.5,22.4,27.9,0.7,13.5,56.3,13.5,"","","","","",""
"A0839","Los Angeles","Whittier","https://www.californiahealthmaps.org?address=A0839","Both","Thyroid",293565,15.8,11.7,21.1,79380,"","","","","","","",171660,16.6,10.7,25.3,35365,"","","",4,58713,0.0,13.5,22.4,27.9,0.7,13.5,56.3,13.5,"","","","","",""
"A0839","Los Angeles","Whittier","https://www.californiahealthmaps.org?address=A0839","Both","Liver",293565,8.0,5.2,11.8,79380,"","","","","","","",171660,13.8,7.7,23.2,35365,"","","",4,58713,0.0,13.5,22.4,27.9,0.7,13.5,56.3,13.5,"","","","","",""
"A0839","Los Angeles","Whittier","https://www.californiahealthmaps.org?address=A0839","Both","Pancreas",293565,9.5,6.4,13.7,79380,"","","","","","","",171660,13.7,7.6,23.1,35365,"","","",4,58713,0.0,13.5,22.4,27.9,0.7,13.5,56.3,13.5,"","","","","",""
