"Zone","Counties","Cities","URL","Sex","Cancer","PopTot","AAIR","LCI","UCI","White_PopTot","White_AAIR","White_LCI","White_UCI","Black_PopTot","Black_AAIR","Black_LCI","Black_UCI","Hispanic_PopTot","Hispanic_AAIR","Hispanic_LCI","Hispanic_UCI","Asian_PopTot","Asian_AAIR","Asian_LCI","Asian_UCI","QNSES","PopAll","PerRural","PerUninsured","PerForeignBorn","PerWhite","PerBlack","PerAsian","PerHispanic","PerAPI","PerDocvisit","PerFOBT","PerMammo","PerMenPrev","PerPap","PerWomenPrev"
"A0589","Santa Clara","Milpitas, San Jose","https://www.californiahealthmaps.org?address=A0589","Male","AllSite",176575,426.1,388.0,467.4,34940,536.3,450.9,644.0,"","","","",54150,413.1,331.1,511.9,75130,369.5,319.3,426.1,4,66165,0.0,11.6,44.0,20.0,2.8,44.9,28.1,44.9,64.8,68.3,78.8,33.7,79.7,34.0
"A0589","Santa Clara","Milpitas, San Jose","https://www.californiahealthmaps.org?address=A0589","Female","AllSite",154250,402.8,370.0,438.0,26320,499.5,419.4,601.9,"","","","",43325,408.1,335.4,495.2,75885,368.5,325.2,417.0,4,66165,0.0,11.6,44.0,20.0,2.8,44.9,28.1,44.9,64.8,68.3,78.8,33.7,79.7,34.0
"A0589","Santa Clara","Milpitas, San Jose","https://www.californiahealthmaps.org?address=A0589","Male","Prostate",176575,96.6,78.4,118.1,34940,124.9,85.0,190.5,"","","","",54150,96.4,57.4,154.5,75130,71.1,49.5,99.6,4,66165,0.0,11.6,44.0,20.0,2.8,44.9,28.1,44.9,64.8,68.3,78.8,33.7,79.7,34.0
"A0589","Santa Clara","Milpitas, San Jose","https://www.californiahealthmaps.org?address=A0589","Female","Breast",154250,128.0,110.1,148.2,26320,165.3,121.3,234.2,"","","","",43325,107.1,71.5,158.0,75885,116.8,93.6,145.4,4,66165,0.0,11.6,44.0,20.0,2.8,44.9,28.1,44.9,64.8,68.3,78.8,33.7,79.7,34.0
"A0589","Santa Clara","Milpitas, San Jose","https://www.californiahealthmaps.org?address=A0589","Male","Lung",176575,59.3,45.1,77.1,34940,82.2,49.4,142.6,"","","","",54150,"","","",75130,52.8,34.6,78.2,4,66165,0.0,11.6,44.0,20.0,2.8,44.9,28.1,44.9,64.8,68.3,78.8,33.7,79.7,34.0
"A0589","Santa Clara","Milpitas, San Jose","https://www.californiahealthmaps.org?address=A0589","Female","Lung",154250,38.3,28.2,51.0,26320,69.8,39.7,128.8,"","","","",43325,"","","",75885,30.7,18.9,48.5,4,66165,0.0,11.6,44.0,20.0,2.8,44.9,28.1,44.9,64.8,68.3,78.8,33.7,79.7,34.0
"A0589","Santa Clara","Milpitas, San Jose","https://www.californiahealthmaps.org?address=A0589","Male","CRC",176575,48.6,36.1,64.7,34940,"","","","","","","",54150,"","","",75130,48.1,31.0,72.1,4,66165,0.0,11.6,44.0,20.0,2.8,44.9,28.1,44.9,64.8,68.3,78.8,33.7,79.7,34.0
"A0589","Santa Clara","Milpitas, San Jose","https://www.californiahealthmaps.org?address=A0589","Female","CRC",154250,29.8,21.5,40.7,26320,"","","","","","","",43325,"","","",75885,30.7,19.2,48.1,4,66165,0.0,11.6,44.0,20.0,2.8,44.9,28.1,44.9,64.8,68.3,78.8,33.7,79.7,34.0
"A0589","Santa Clara","Milpitas, San Jose","https://www.californiahealthmaps.org?address=A0589","Male","Mela",176575,17.6,11.3,27.0,34940,56.6,34.8,106.2,"","","","",54150,"","","",75130,"","","",4,66165,0.0,11.6,44.0,20.0,2.8,44.9,28.1,44.9,64.8,68.3,78.8,33.7,79.7,34.0
"A0589","Santa Clara","Milpitas, San Jose","https://www.californiahealthmaps.org?address=A0589","Female","Mela",154250,"","","",26320,"","","","","","","",43325,"","","",75885,"","","",4,66165,0.0,11.6,44.0,20.0,2.8,44.9,28.1,44.9,64.8,68.3,78.8,33.7,79.7,34.0
"A0589","Santa Clara","Milpitas, San Jose","https://www.californiahealthmaps.org?address=A0589","Female","Uterine",154250,28.7,20.7,39.1,26320,"","","","","","","",43325,"","","",75885,24.7,14.8,40.6,4,66165,0.0,11.6,44.0,20.0,2.8,44.9,28.1,44.9,64.8,68.3,78.8,33.7,79.7,34.0
"A0589","Santa Clara","Milpitas, San Jose","https://www.californiahealthmaps.org?address=A0589","Male","Lymph",176575,25.8,17.4,37.8,34940,"","","","","","","",54150,"","","",75130,"","","",4,66165,0.0,11.6,44.0,20.0,2.8,44.9,28.1,44.9,64.8,68.3,78.8,33.7,79.7,34.0
"A0589","Santa Clara","Milpitas, San Jose","https://www.californiahealthmaps.org?address=A0589","Female","Lymph",154250,17.0,10.7,25.8,26320,"","","","","","","",43325,"","","",75885,"","","",4,66165,0.0,11.6,44.0,20.0,2.8,44.9,28.1,44.9,64.8,68.3,78.8,33.7,79.7,34.0
"A0589","Santa Clara","Milpitas, San Jose","https://www.californiahealthmaps.org?address=A0589","Male","Urinary",176575,"","","",34940,"","","","","","","",54150,"","","",75130,"","","",4,66165,0.0,11.6,44.0,20.0,2.8,44.9,28.1,44.9,64.8,68.3,78.8,33.7,79.7,34.0
"A0589","Santa Clara","Milpitas, San Jose","https://www.californiahealthmaps.org?address=A0589","Female","Urinary",154250,"","","",26320,"","","","","","","",43325,"","","",75885,"","","",4,66165,0.0,11.6,44.0,20.0,2.8,44.9,28.1,44.9,64.8,68.3,78.8,33.7,79.7,34.0
"A0589","Santa Clara","Milpitas, San Jose","https://www.californiahealthmaps.org?address=A0589","Male","Kidney",176575,20.6,13.5,31.1,34940,"","","","","","","",54150,"","","",75130,"","","",4,66165,0.0,11.6,44.0,20.0,2.8,44.9,28.1,44.9,64.8,68.3,78.8,33.7,79.7,34.0
"A0589","Santa Clara","Milpitas, San Jose","https://www.californiahealthmaps.org?address=A0589","Female","Kidney",154250,10.9,6.0,18.5,26320,"","","","","","","",43325,"","","",75885,"","","",4,66165,0.0,11.6,44.0,20.0,2.8,44.9,28.1,44.9,64.8,68.3,78.8,33.7,79.7,34.0
"A0589","Santa Clara","Milpitas, San Jose","https://www.californiahealthmaps.org?address=A0589","Male","Thyroid",176575,"","","",34940,"","","","","","","",54150,"","","",75130,"","","",4,66165,0.0,11.6,44.0,20.0,2.8,44.9,28.1,44.9,64.8,68.3,78.8,33.7,79.7,34.0
"A0589","Santa Clara","Milpitas, San Jose","https://www.californiahealthmaps.org?address=A0589","Female","Thyroid",154250,25.2,17.7,35.1,26320,"","","","","","","",43325,"","","",75885,27.3,16.4,44.2,4,66165,0.0,11.6,44.0,20.0,2.8,44.9,28.1,44.9,64.8,68.3,78.8,33.7,79.7,34.0
"A0589","Santa Clara","Milpitas, San Jose","https://www.californiahealthmaps.org?address=A0589","Male","Liver",176575,22.1,14.4,33.2,34940,"","","","","","","",54150,"","","",75130,26.2,14.7,44.7,4,66165,0.0,11.6,44.0,20.0,2.8,44.9,28.1,44.9,64.8,68.3,78.8,33.7,79.7,34.0
"A0589","Santa Clara","Milpitas, San Jose","https://www.californiahealthmaps.org?address=A0589","Female","Liver",154250,"","","",26320,"","","","","","","",43325,"","","",75885,"","","",4,66165,0.0,11.6,44.0,20.0,2.8,44.9,28.1,44.9,64.8,68.3,78.8,33.7,79.7,34.0
"A0589","Santa Clara","Milpitas, San Jose","https://www.californiahealthmaps.org?address=A0589","Male","Pancreas",176575,"","","",34940,"","","","","","","",54150,"","","",75130,"","","",4,66165,0.0,11.6,44.0,20.0,2.8,44.9,28.1,44.9,64.8,68.3,78.8,33.7,79.7,34.0
"A0589","Santa Clara","Milpitas, San Jose","https://www.californiahealthmaps.org?address=A0589","Female","Pancreas",154250,12.8,7.4,20.9,26320,"","","","","","","",43325,"","","",75885,"","","",4,66165,0.0,11.6,44.0,20.0,2.8,44.9,28.1,44.9,64.8,68.3,78.8,33.7,79.7,34.0
"A0589","Santa Clara","Milpitas, San Jose","https://www.californiahealthmaps.org?address=A0589","Both","AllSite",330825,404.3,379.9,429.9,61260,501.5,445.1,568.5,10240,632.8,440.2,898.3,97475,397.1,343.7,458.0,151015,361.5,329.2,396.5,4,66165,0.0,11.6,44.0,20.0,2.8,44.9,28.1,44.9,64.8,68.3,78.8,33.7,79.7,34.0
"A0589","Santa Clara","Milpitas, San Jose","https://www.californiahealthmaps.org?address=A0589","Both","Lung",330825,47.5,39.0,57.5,61260,70.0,49.1,103.6,10240,"","","",97475,36.4,21.0,60.5,151015,40.3,29.6,53.7,4,66165,0.0,11.6,44.0,20.0,2.8,44.9,28.1,44.9,64.8,68.3,78.8,33.7,79.7,34.0
"A0589","Santa Clara","Milpitas, San Jose","https://www.californiahealthmaps.org?address=A0589","Both","CRC",330825,37.9,30.6,46.6,61260,31.3,18.4,58.2,10240,"","","",97475,42.5,25.6,68.0,151015,37.7,27.8,50.5,4,66165,0.0,11.6,44.0,20.0,2.8,44.9,28.1,44.9,64.8,68.3,78.8,33.7,79.7,34.0
"A0589","Santa Clara","Milpitas, San Jose","https://www.californiahealthmaps.org?address=A0589","Both","Mela",330825,11.4,7.9,16.3,61260,35.2,23.1,60.9,10240,"","","",97475,"","","",151015,"","","",4,66165,0.0,11.6,44.0,20.0,2.8,44.9,28.1,44.9,64.8,68.3,78.8,33.7,79.7,34.0
"A0589","Santa Clara","Milpitas, San Jose","https://www.californiahealthmaps.org?address=A0589","Both","Lymph",330825,21.0,15.8,27.6,61260,35.2,20.7,63.7,10240,"","","",97475,36.3,20.7,60.9,151015,13.8,8.1,22.4,4,66165,0.0,11.6,44.0,20.0,2.8,44.9,28.1,44.9,64.8,68.3,78.8,33.7,79.7,34.0
"A0589","Santa Clara","Milpitas, San Jose","https://www.californiahealthmaps.org?address=A0589","Both","Urinary",330825,7.8,4.7,12.4,61260,"","","",10240,"","","",97475,"","","",151015,"","","",4,66165,0.0,11.6,44.0,20.0,2.8,44.9,28.1,44.9,64.8,68.3,78.8,33.7,79.7,34.0
"A0589","Santa Clara","Milpitas, San Jose","https://www.californiahealthmaps.org?address=A0589","Both","Kidney",330825,15.8,11.4,21.7,61260,"","","",10240,"","","",97475,27.9,15.8,48.3,151015,14.2,8.3,23.0,4,66165,0.0,11.6,44.0,20.0,2.8,44.9,28.1,44.9,64.8,68.3,78.8,33.7,79.7,34.0
"A0589","Santa Clara","Milpitas, San Jose","https://www.californiahealthmaps.org?address=A0589","Both","Thyroid",330825,15.9,11.7,21.4,61260,"","","",10240,"","","",97475,"","","",151015,17.8,11.3,27.0,4,66165,0.0,11.6,44.0,20.0,2.8,44.9,28.1,44.9,64.8,68.3,78.8,33.7,79.7,34.0
"A0589","Santa Clara","Milpitas, San Jose","https://www.californiahealthmaps.org?address=A0589","Both","Liver",330825,16.1,11.5,22.1,61260,"","","",10240,"","","",97475,"","","",151015,16.2,9.9,25.3,4,66165,0.0,11.6,44.0,20.0,2.8,44.9,28.1,44.9,64.8,68.3,78.8,33.7,79.7,34.0
"A0589","Santa Clara","Milpitas, San Jose","https://www.californiahealthmaps.org?address=A0589","Both","Pancreas",330825,12.1,8.1,17.6,61260,"","","",10240,"","","",97475,"","","",151015,15.3,9.1,24.4,4,66165,0.0,11.6,44.0,20.0,2.8,44.9,28.1,44.9,64.8,68.3,78.8,33.7,79.7,34.0
