"Zone","Counties","Cities","URL","Sex","Cancer","PopTot","AAIR","LCI","UCI","White_PopTot","White_AAIR","White_LCI","White_UCI","Black_PopTot","Black_AAIR","Black_LCI","Black_UCI","Hispanic_PopTot","Hispanic_AAIR","Hispanic_LCI","Hispanic_UCI","Asian_PopTot","Asian_AAIR","Asian_LCI","Asian_UCI","QNSES","PopAll","PerRural","PerUninsured","PerForeignBorn","PerWhite","PerBlack","PerAsian","PerHispanic","PerAPI","PerDocvisit","PerFOBT","PerMammo","PerMenPrev","PerPap","PerWomenPrev"
"A0237","Sacramento","Citrus Heights","https://www.californiahealthmaps.org?address=A0237","Male","AllSite",143270,586.1,545.1,629.7,97725,587.1,541.8,635.6,"","","","",25365,572.8,426.4,764.5,"","","","",2,58827,0.0,14.5,11.1,72.4,3.8,2.8,17.3,2.8,"","","","","",""
"A0237","Sacramento","Citrus Heights","https://www.californiahealthmaps.org?address=A0237","Female","AllSite",150865,537.6,502.7,574.5,103870,550.7,510.9,593.5,"","","","",25535,509.4,396.2,648.5,"","","","",2,58827,0.0,14.5,11.1,72.4,3.8,2.8,17.3,2.8,"","","","","",""
"A0237","Sacramento","Citrus Heights","https://www.californiahealthmaps.org?address=A0237","Male","Prostate",143270,110.4,93.3,130.2,97725,105.6,87.3,127.2,"","","","",25365,"","","","","","","",2,58827,0.0,14.5,11.1,72.4,3.8,2.8,17.3,2.8,"","","","","",""
"A0237","Sacramento","Citrus Heights","https://www.californiahealthmaps.org?address=A0237","Female","Breast",150865,163.8,144.8,184.8,103870,161.3,140.3,185.5,"","","","",25535,162.5,102.2,249.9,"","","","",2,58827,0.0,14.5,11.1,72.4,3.8,2.8,17.3,2.8,"","","","","",""
"A0237","Sacramento","Citrus Heights","https://www.californiahealthmaps.org?address=A0237","Male","Lung",143270,88.4,72.7,106.8,97725,95.4,77.7,116.5,"","","","",25365,"","","","","","","",2,58827,0.0,14.5,11.1,72.4,3.8,2.8,17.3,2.8,"","","","","",""
"A0237","Sacramento","Citrus Heights","https://www.californiahealthmaps.org?address=A0237","Female","Lung",150865,83.5,70.3,98.7,103870,89.7,74.7,107.9,"","","","",25535,"","","","","","","",2,58827,0.0,14.5,11.1,72.4,3.8,2.8,17.3,2.8,"","","","","",""
"A0237","Sacramento","Citrus Heights","https://www.californiahealthmaps.org?address=A0237","Male","CRC",143270,56.2,44.1,71.1,97725,50.8,38.1,67.0,"","","","",25365,"","","","","","","",2,58827,0.0,14.5,11.1,72.4,3.8,2.8,17.3,2.8,"","","","","",""
"A0237","Sacramento","Citrus Heights","https://www.californiahealthmaps.org?address=A0237","Female","CRC",150865,35.4,26.9,46.0,103870,35.7,26.3,48.5,"","","","",25535,"","","","","","","",2,58827,0.0,14.5,11.1,72.4,3.8,2.8,17.3,2.8,"","","","","",""
"A0237","Sacramento","Citrus Heights","https://www.californiahealthmaps.org?address=A0237","Male","Mela",143270,35.4,25.9,47.6,97725,37.0,26.2,51.3,"","","","",25365,"","","","","","","",2,58827,0.0,14.5,11.1,72.4,3.8,2.8,17.3,2.8,"","","","","",""
"A0237","Sacramento","Citrus Heights","https://www.californiahealthmaps.org?address=A0237","Female","Mela",150865,22.4,15.7,31.4,103870,19.8,12.9,30.2,"","","","",25535,"","","","","","","",2,58827,0.0,14.5,11.1,72.4,3.8,2.8,17.3,2.8,"","","","","",""
"A0237","Sacramento","Citrus Heights","https://www.californiahealthmaps.org?address=A0237","Female","Uterine",150865,37.8,29.0,48.8,103870,41.2,30.9,54.9,"","","","",25535,"","","","","","","",2,58827,0.0,14.5,11.1,72.4,3.8,2.8,17.3,2.8,"","","","","",""
"A0237","Sacramento","Citrus Heights","https://www.californiahealthmaps.org?address=A0237","Male","Lymph",143270,27.1,18.8,38.2,97725,24.5,16.0,36.5,"","","","",25365,"","","","","","","",2,58827,0.0,14.5,11.1,72.4,3.8,2.8,17.3,2.8,"","","","","",""
"A0237","Sacramento","Citrus Heights","https://www.californiahealthmaps.org?address=A0237","Female","Lymph",150865,20.5,14.2,29.0,103870,20.7,13.6,31.3,"","","","",25535,"","","","","","","",2,58827,0.0,14.5,11.1,72.4,3.8,2.8,17.3,2.8,"","","","","",""
"A0237","Sacramento","Citrus Heights","https://www.californiahealthmaps.org?address=A0237","Male","Urinary",143270,25.1,17.1,36.0,97725,29.1,19.7,42.2,"","","","",25365,"","","","","","","",2,58827,0.0,14.5,11.1,72.4,3.8,2.8,17.3,2.8,"","","","","",""
"A0237","Sacramento","Citrus Heights","https://www.californiahealthmaps.org?address=A0237","Female","Urinary",150865,"","","",103870,"","","","","","","",25535,"","","","","","","",2,58827,0.0,14.5,11.1,72.4,3.8,2.8,17.3,2.8,"","","","","",""
"A0237","Sacramento","Citrus Heights","https://www.californiahealthmaps.org?address=A0237","Male","Kidney",143270,24.4,16.7,34.8,97725,22.7,14.5,34.6,"","","","",25365,"","","","","","","",2,58827,0.0,14.5,11.1,72.4,3.8,2.8,17.3,2.8,"","","","","",""
"A0237","Sacramento","Citrus Heights","https://www.californiahealthmaps.org?address=A0237","Female","Kidney",150865,18.0,12.2,26.1,103870,16.8,10.5,26.5,"","","","",25535,"","","","","","","",2,58827,0.0,14.5,11.1,72.4,3.8,2.8,17.3,2.8,"","","","","",""
"A0237","Sacramento","Citrus Heights","https://www.californiahealthmaps.org?address=A0237","Male","Thyroid",143270,"","","",97725,"","","","","","","",25365,"","","","","","","",2,58827,0.0,14.5,11.1,72.4,3.8,2.8,17.3,2.8,"","","","","",""
"A0237","Sacramento","Citrus Heights","https://www.californiahealthmaps.org?address=A0237","Female","Thyroid",150865,24.6,17.3,34.3,103870,30.6,20.8,44.2,"","","","",25535,"","","","","","","",2,58827,0.0,14.5,11.1,72.4,3.8,2.8,17.3,2.8,"","","","","",""
"A0237","Sacramento","Citrus Heights","https://www.californiahealthmaps.org?address=A0237","Male","Liver",143270,20.4,13.6,30.0,97725,22.0,14.2,33.5,"","","","",25365,"","","","","","","",2,58827,0.0,14.5,11.1,72.4,3.8,2.8,17.3,2.8,"","","","","",""
"A0237","Sacramento","Citrus Heights","https://www.californiahealthmaps.org?address=A0237","Female","Liver",150865,"","","",103870,"","","","","","","",25535,"","","","","","","",2,58827,0.0,14.5,11.1,72.4,3.8,2.8,17.3,2.8,"","","","","",""
"A0237","Sacramento","Citrus Heights","https://www.californiahealthmaps.org?address=A0237","Male","Pancreas",143270,11.4,6.5,19.1,97725,13.1,7.3,22.5,"","","","",25365,"","","","","","","",2,58827,0.0,14.5,11.1,72.4,3.8,2.8,17.3,2.8,"","","","","",""
"A0237","Sacramento","Citrus Heights","https://www.californiahealthmaps.org?address=A0237","Female","Pancreas",150865,12.3,7.7,19.2,103870,11.9,6.9,20.6,"","","","",25535,"","","","","","","",2,58827,0.0,14.5,11.1,72.4,3.8,2.8,17.3,2.8,"","","","","",""
"A0237","Sacramento","Citrus Heights","https://www.californiahealthmaps.org?address=A0237","Both","AllSite",294135,552.4,526.1,579.7,201595,561.0,531.4,592.1,15485,508.2,388.6,667.0,50900,516.2,429.0,617.9,11725,471.1,351.2,633.6,2,58827,0.0,14.5,11.1,72.4,3.8,2.8,17.3,2.8,"","","","","",""
"A0237","Sacramento","Citrus Heights","https://www.californiahealthmaps.org?address=A0237","Both","Lung",294135,85.5,75.3,96.8,201595,92.3,80.6,105.4,15485,"","","",50900,76.1,42.9,126.4,11725,"","","",2,58827,0.0,14.5,11.1,72.4,3.8,2.8,17.3,2.8,"","","","","",""
"A0237","Sacramento","Citrus Heights","https://www.californiahealthmaps.org?address=A0237","Both","CRC",294135,44.2,37.0,52.5,201595,41.9,34.2,51.3,15485,"","","",50900,75.2,44.1,122.3,11725,"","","",2,58827,0.0,14.5,11.1,72.4,3.8,2.8,17.3,2.8,"","","","","",""
"A0237","Sacramento","Citrus Heights","https://www.californiahealthmaps.org?address=A0237","Both","Mela",294135,27.9,22.2,34.7,201595,27.2,21.0,35.1,15485,"","","",50900,"","","",11725,"","","",2,58827,0.0,14.5,11.1,72.4,3.8,2.8,17.3,2.8,"","","","","",""
"A0237","Sacramento","Citrus Heights","https://www.californiahealthmaps.org?address=A0237","Both","Lymph",294135,23.3,18.1,29.5,201595,22.4,16.8,29.7,15485,"","","",50900,"","","",11725,"","","",2,58827,0.0,14.5,11.1,72.4,3.8,2.8,17.3,2.8,"","","","","",""
"A0237","Sacramento","Citrus Heights","https://www.californiahealthmaps.org?address=A0237","Both","Urinary",294135,12.8,9.1,17.7,201595,14.7,10.3,20.8,15485,"","","",50900,"","","",11725,"","","",2,58827,0.0,14.5,11.1,72.4,3.8,2.8,17.3,2.8,"","","","","",""
"A0237","Sacramento","Citrus Heights","https://www.californiahealthmaps.org?address=A0237","Both","Kidney",294135,20.7,15.9,26.7,201595,19.1,14.0,26.0,15485,"","","",50900,"","","",11725,"","","",2,58827,0.0,14.5,11.1,72.4,3.8,2.8,17.3,2.8,"","","","","",""
"A0237","Sacramento","Citrus Heights","https://www.californiahealthmaps.org?address=A0237","Both","Thyroid",294135,16.8,12.4,22.4,201595,19.8,14.2,27.4,15485,"","","",50900,"","","",11725,"","","",2,58827,0.0,14.5,11.1,72.4,3.8,2.8,17.3,2.8,"","","","","",""
"A0237","Sacramento","Citrus Heights","https://www.californiahealthmaps.org?address=A0237","Both","Liver",294135,12.0,8.5,16.7,201595,13.0,8.9,18.8,15485,"","","",50900,"","","",11725,"","","",2,58827,0.0,14.5,11.1,72.4,3.8,2.8,17.3,2.8,"","","","","",""
"A0237","Sacramento","Citrus Heights","https://www.californiahealthmaps.org?address=A0237","Both","Pancreas",294135,12.0,8.5,16.7,201595,12.5,8.5,18.2,15485,"","","",50900,"","","",11725,"","","",2,58827,0.0,14.5,11.1,72.4,3.8,2.8,17.3,2.8,"","","","","",""
