"Zone","Counties","Cities","URL","Sex","Cancer","PopTot","AAIR","LCI","UCI","White_PopTot","White_AAIR","White_LCI","White_UCI","Black_PopTot","Black_AAIR","Black_LCI","Black_UCI","Hispanic_PopTot","Hispanic_AAIR","Hispanic_LCI","Hispanic_UCI","Asian_PopTot","Asian_AAIR","Asian_LCI","Asian_UCI","QNSES","PopAll","PerRural","PerUninsured","PerForeignBorn","PerWhite","PerBlack","PerAsian","PerHispanic","PerAPI","PerDocvisit","PerFOBT","PerMammo","PerMenPrev","PerPap","PerWomenPrev"
"A0727","Los Angeles","Los Angeles","https://www.californiahealthmaps.org?address=A0727","Male","AllSite",165595,379.2,348.5,412.5,77745,398.4,352.9,453.7,"","","","",55170,370.2,309.6,442.2,23125,258.2,203.1,332.4,4,65095,0.0,20.9,35.4,43.2,2.9,15.9,34.7,15.9,64.5,64.0,79.8,28.9,86.0,34.5
"A0727","Los Angeles","Los Angeles","https://www.californiahealthmaps.org?address=A0727","Female","AllSite",159880,356.8,328.8,387.3,67370,401.3,354.0,458.5,"","","","",54910,325.3,278.9,377.8,28860,360.8,296.7,445.9,4,65095,0.0,20.9,35.4,43.2,2.9,15.9,34.7,15.9,64.5,64.0,79.8,28.9,86.0,34.5
"A0727","Los Angeles","Los Angeles","https://www.californiahealthmaps.org?address=A0727","Male","Prostate",165595,76.4,62.9,92.6,77745,72.8,54.6,102.5,"","","","",55170,62.6,38.8,99.2,23125,58.3,34.5,104.5,4,65095,0.0,20.9,35.4,43.2,2.9,15.9,34.7,15.9,64.5,64.0,79.8,28.9,86.0,34.5
"A0727","Los Angeles","Los Angeles","https://www.californiahealthmaps.org?address=A0727","Female","Breast",159880,122.0,105.9,140.6,67370,126.3,100.7,162.7,"","","","",54910,93.1,69.3,123.1,28860,159.3,119.6,221.6,4,65095,0.0,20.9,35.4,43.2,2.9,15.9,34.7,15.9,64.5,64.0,79.8,28.9,86.0,34.5
"A0727","Los Angeles","Los Angeles","https://www.californiahealthmaps.org?address=A0727","Male","Lung",165595,45.7,35.1,59.2,77745,52.7,36.4,81.1,"","","","",55170,45.7,25.8,78.9,23125,"","","",4,65095,0.0,20.9,35.4,43.2,2.9,15.9,34.7,15.9,64.5,64.0,79.8,28.9,86.0,34.5
"A0727","Los Angeles","Los Angeles","https://www.californiahealthmaps.org?address=A0727","Female","Lung",159880,24.9,18.1,34.5,67370,43.7,29.5,70.4,"","","","",54910,"","","",28860,"","","",4,65095,0.0,20.9,35.4,43.2,2.9,15.9,34.7,15.9,64.5,64.0,79.8,28.9,86.0,34.5
"A0727","Los Angeles","Los Angeles","https://www.californiahealthmaps.org?address=A0727","Male","CRC",165595,35.1,26.2,46.8,77745,28.4,17.3,52.6,"","","","",55170,43.9,24.6,76.4,23125,"","","",4,65095,0.0,20.9,35.4,43.2,2.9,15.9,34.7,15.9,64.5,64.0,79.8,28.9,86.0,34.5
"A0727","Los Angeles","Los Angeles","https://www.californiahealthmaps.org?address=A0727","Female","CRC",159880,31.1,23.6,41.3,67370,34.0,21.8,59.0,"","","","",54910,"","","",28860,33.4,19.0,75.9,4,65095,0.0,20.9,35.4,43.2,2.9,15.9,34.7,15.9,64.5,64.0,79.8,28.9,86.0,34.5
"A0727","Los Angeles","Los Angeles","https://www.californiahealthmaps.org?address=A0727","Male","Mela",165595,18.2,12.1,27.1,77745,27.4,17.1,50.9,"","","","",55170,"","","",23125,"","","",4,65095,0.0,20.9,35.4,43.2,2.9,15.9,34.7,15.9,64.5,64.0,79.8,28.9,86.0,34.5
"A0727","Los Angeles","Los Angeles","https://www.californiahealthmaps.org?address=A0727","Female","Mela",159880,"","","",67370,"","","","","","","",54910,"","","",28860,"","","",4,65095,0.0,20.9,35.4,43.2,2.9,15.9,34.7,15.9,64.5,64.0,79.8,28.9,86.0,34.5
"A0727","Los Angeles","Los Angeles","https://www.californiahealthmaps.org?address=A0727","Female","Uterine",159880,23.2,16.6,32.5,67370,24.6,14.3,48.3,"","","","",54910,"","","",28860,"","","",4,65095,0.0,20.9,35.4,43.2,2.9,15.9,34.7,15.9,64.5,64.0,79.8,28.9,86.0,34.5
"A0727","Los Angeles","Los Angeles","https://www.californiahealthmaps.org?address=A0727","Male","Lymph",165595,26.1,18.9,36.1,77745,21.4,12.5,44.1,"","","","",55170,"","","",23125,"","","",4,65095,0.0,20.9,35.4,43.2,2.9,15.9,34.7,15.9,64.5,64.0,79.8,28.9,86.0,34.5
"A0727","Los Angeles","Los Angeles","https://www.californiahealthmaps.org?address=A0727","Female","Lymph",159880,12.5,7.7,20.2,67370,"","","","","","","",54910,"","","",28860,"","","",4,65095,0.0,20.9,35.4,43.2,2.9,15.9,34.7,15.9,64.5,64.0,79.8,28.9,86.0,34.5
"A0727","Los Angeles","Los Angeles","https://www.californiahealthmaps.org?address=A0727","Male","Urinary",165595,11.5,6.7,19.3,77745,"","","","","","","",55170,"","","",23125,"","","",4,65095,0.0,20.9,35.4,43.2,2.9,15.9,34.7,15.9,64.5,64.0,79.8,28.9,86.0,34.5
"A0727","Los Angeles","Los Angeles","https://www.californiahealthmaps.org?address=A0727","Female","Urinary",159880,"","","",67370,"","","","","","","",54910,"","","",28860,"","","",4,65095,0.0,20.9,35.4,43.2,2.9,15.9,34.7,15.9,64.5,64.0,79.8,28.9,86.0,34.5
"A0727","Los Angeles","Los Angeles","https://www.californiahealthmaps.org?address=A0727","Male","Kidney",165595,16.8,11.1,25.3,77745,19.0,10.9,41.1,"","","","",55170,"","","",23125,"","","",4,65095,0.0,20.9,35.4,43.2,2.9,15.9,34.7,15.9,64.5,64.0,79.8,28.9,86.0,34.5
"A0727","Los Angeles","Los Angeles","https://www.californiahealthmaps.org?address=A0727","Female","Kidney",159880,"","","",67370,"","","","","","","",54910,"","","",28860,"","","",4,65095,0.0,20.9,35.4,43.2,2.9,15.9,34.7,15.9,64.5,64.0,79.8,28.9,86.0,34.5
"A0727","Los Angeles","Los Angeles","https://www.californiahealthmaps.org?address=A0727","Male","Thyroid",165595,"","","",77745,"","","","","","","",55170,"","","",23125,"","","",4,65095,0.0,20.9,35.4,43.2,2.9,15.9,34.7,15.9,64.5,64.0,79.8,28.9,86.0,34.5
"A0727","Los Angeles","Los Angeles","https://www.californiahealthmaps.org?address=A0727","Female","Thyroid",159880,18.1,12.4,26.5,67370,23.7,14.1,46.8,"","","","",54910,"","","",28860,"","","",4,65095,0.0,20.9,35.4,43.2,2.9,15.9,34.7,15.9,64.5,64.0,79.8,28.9,86.0,34.5
"A0727","Los Angeles","Los Angeles","https://www.californiahealthmaps.org?address=A0727","Male","Liver",165595,16.6,10.8,25.4,77745,"","","","","","","",55170,"","","",23125,"","","",4,65095,0.0,20.9,35.4,43.2,2.9,15.9,34.7,15.9,64.5,64.0,79.8,28.9,86.0,34.5
"A0727","Los Angeles","Los Angeles","https://www.californiahealthmaps.org?address=A0727","Female","Liver",159880,"","","",67370,"","","","","","","",54910,"","","",28860,"","","",4,65095,0.0,20.9,35.4,43.2,2.9,15.9,34.7,15.9,64.5,64.0,79.8,28.9,86.0,34.5
"A0727","Los Angeles","Los Angeles","https://www.californiahealthmaps.org?address=A0727","Male","Pancreas",165595,9.9,5.6,17.2,77745,"","","","","","","",55170,"","","",23125,"","","",4,65095,0.0,20.9,35.4,43.2,2.9,15.9,34.7,15.9,64.5,64.0,79.8,28.9,86.0,34.5
"A0727","Los Angeles","Los Angeles","https://www.californiahealthmaps.org?address=A0727","Female","Pancreas",159880,13.9,9.0,21.7,67370,"","","","","","","",54910,"","","",28860,"","","",4,65095,0.0,20.9,35.4,43.2,2.9,15.9,34.7,15.9,64.5,64.0,79.8,28.9,86.0,34.5
"A0727","Los Angeles","Los Angeles","https://www.californiahealthmaps.org?address=A0727","Both","AllSite",325475,360.9,340.6,382.5,145115,397.4,364.7,434.8,"","","","",110080,337.9,301.5,377.9,51985,306.6,264.5,357.9,4,65095,0.0,20.9,35.4,43.2,2.9,15.9,34.7,15.9,64.5,64.0,79.8,28.9,86.0,34.5
"A0727","Los Angeles","Los Angeles","https://www.californiahealthmaps.org?address=A0727","Both","Lung",325475,34.0,27.9,41.5,145115,47.7,36.7,64.2,"","","","",110080,24.9,15.5,38.4,51985,19.6,11.2,40.2,4,65095,0.0,20.9,35.4,43.2,2.9,15.9,34.7,15.9,64.5,64.0,79.8,28.9,86.0,34.5
"A0727","Los Angeles","Los Angeles","https://www.californiahealthmaps.org?address=A0727","Both","CRC",325475,33.1,27.2,40.3,145115,31.8,23.1,46.2,"","","","",110080,32.3,21.8,46.8,51985,30.9,20.1,52.9,4,65095,0.0,20.9,35.4,43.2,2.9,15.9,34.7,15.9,64.5,64.0,79.8,28.9,86.0,34.5
"A0727","Los Angeles","Los Angeles","https://www.californiahealthmaps.org?address=A0727","Both","Mela",325475,12.0,8.6,16.8,145115,20.8,14.1,33.7,"","","","",110080,"","","",51985,"","","",4,65095,0.0,20.9,35.4,43.2,2.9,15.9,34.7,15.9,64.5,64.0,79.8,28.9,86.0,34.5
"A0727","Los Angeles","Los Angeles","https://www.californiahealthmaps.org?address=A0727","Both","Lymph",325475,19.1,14.7,24.8,145115,16.4,10.7,28.5,"","","","",110080,21.1,12.9,33.2,51985,"","","",4,65095,0.0,20.9,35.4,43.2,2.9,15.9,34.7,15.9,64.5,64.0,79.8,28.9,86.0,34.5
"A0727","Los Angeles","Los Angeles","https://www.californiahealthmaps.org?address=A0727","Both","Urinary",325475,7.3,4.8,11.3,145115,12.3,7.4,24.0,"","","","",110080,"","","",51985,"","","",4,65095,0.0,20.9,35.4,43.2,2.9,15.9,34.7,15.9,64.5,64.0,79.8,28.9,86.0,34.5
"A0727","Los Angeles","Los Angeles","https://www.californiahealthmaps.org?address=A0727","Both","Kidney",325475,11.1,7.9,15.8,145115,11.2,6.6,22.6,"","","","",110080,17.0,9.6,28.5,51985,"","","",4,65095,0.0,20.9,35.4,43.2,2.9,15.9,34.7,15.9,64.5,64.0,79.8,28.9,86.0,34.5
"A0727","Los Angeles","Los Angeles","https://www.californiahealthmaps.org?address=A0727","Both","Thyroid",325475,12.2,8.8,16.8,145115,14.4,9.2,26.1,"","","","",110080,"","","",51985,"","","",4,65095,0.0,20.9,35.4,43.2,2.9,15.9,34.7,15.9,64.5,64.0,79.8,28.9,86.0,34.5
"A0727","Los Angeles","Los Angeles","https://www.californiahealthmaps.org?address=A0727","Both","Liver",325475,9.8,6.7,14.2,145115,"","","","","","","",110080,"","","",51985,"","","",4,65095,0.0,20.9,35.4,43.2,2.9,15.9,34.7,15.9,64.5,64.0,79.8,28.9,86.0,34.5
"A0727","Los Angeles","Los Angeles","https://www.californiahealthmaps.org?address=A0727","Both","Pancreas",325475,12.3,8.9,17.2,145115,12.0,6.9,23.9,"","","","",110080,18.9,11.0,30.7,51985,"","","",4,65095,0.0,20.9,35.4,43.2,2.9,15.9,34.7,15.9,64.5,64.0,79.8,28.9,86.0,34.5
