"Zone","Counties","Cities","URL","Sex","Cancer","PopTot","AAIR","LCI","UCI","White_PopTot","White_AAIR","White_LCI","White_UCI","Black_PopTot","Black_AAIR","Black_LCI","Black_UCI","Hispanic_PopTot","Hispanic_AAIR","Hispanic_LCI","Hispanic_UCI","Asian_PopTot","Asian_AAIR","Asian_LCI","Asian_UCI","QNSES","PopAll","PerRural","PerUninsured","PerForeignBorn","PerWhite","PerBlack","PerAsian","PerHispanic"
"A0247","San Bernardino","Apple Valley, Barstow, Victorville","https://www.californiahealthmaps.org?address=A0247","Male","AllSite",154250,565.0,524.8,607.9,70475,599.1,547.2,655.8,14965,655.4,516.1,833.8,59535,429.7,354.0,522.7,"","","","",1,62132,14.7,21.2,9.8,45.8,11.1,1.6,38.9
"A0247","San Bernardino","Apple Valley, Barstow, Victorville","https://www.californiahealthmaps.org?address=A0247","Female","AllSite",156410,456.5,422.7,492.4,71995,475.7,431.3,524.7,15615,600.1,471.0,761.7,58725,398.4,331.5,476.9,"","","","",1,62132,14.7,21.2,9.8,45.8,11.1,1.6,38.9
"A0247","San Bernardino","Apple Valley, Barstow, Victorville","https://www.californiahealthmaps.org?address=A0247","Male","Prostate",154250,143.7,124.0,166.1,70475,133.4,110.0,161.7,14965,199.0,128.3,311.8,59535,125.8,85.3,185.6,"","","","",1,62132,14.7,21.2,9.8,45.8,11.1,1.6,38.9
"A0247","San Bernardino","Apple Valley, Barstow, Victorville","https://www.californiahealthmaps.org?address=A0247","Female","Breast",156410,126.0,108.8,145.5,71995,136.8,114.0,164.2,15615,173.8,109.8,271.9,58725,82.3,54.5,122.2,"","","","",1,62132,14.7,21.2,9.8,45.8,11.1,1.6,38.9
"A0247","San Bernardino","Apple Valley, Barstow, Victorville","https://www.californiahealthmaps.org?address=A0247","Male","Lung",154250,67.5,54.0,83.9,70475,83.5,65.3,106.6,14965,"","","",59535,"","","","","","","",1,62132,14.7,21.2,9.8,45.8,11.1,1.6,38.9
"A0247","San Bernardino","Apple Valley, Barstow, Victorville","https://www.californiahealthmaps.org?address=A0247","Female","Lung",156410,60.0,48.2,74.1,71995,75.7,59.6,96.5,15615,"","","",58725,"","","","","","","",1,62132,14.7,21.2,9.8,45.8,11.1,1.6,38.9
"A0247","San Bernardino","Apple Valley, Barstow, Victorville","https://www.californiahealthmaps.org?address=A0247","Male","CRC",154250,53.5,41.5,68.3,70475,51.7,37.2,71.5,14965,"","","",59535,"","","","","","","",1,62132,14.7,21.2,9.8,45.8,11.1,1.6,38.9
"A0247","San Bernardino","Apple Valley, Barstow, Victorville","https://www.californiahealthmaps.org?address=A0247","Female","CRC",156410,43.5,33.3,56.1,71995,34.6,23.4,50.9,15615,"","","",58725,47.3,25.7,82.1,"","","","",1,62132,14.7,21.2,9.8,45.8,11.1,1.6,38.9
"A0247","San Bernardino","Apple Valley, Barstow, Victorville","https://www.californiahealthmaps.org?address=A0247","Male","Mela",154250,24.6,16.9,35.2,70475,36.7,24.8,54.1,14965,"","","",59535,"","","","","","","",1,62132,14.7,21.2,9.8,45.8,11.1,1.6,38.9
"A0247","San Bernardino","Apple Valley, Barstow, Victorville","https://www.californiahealthmaps.org?address=A0247","Female","Mela",156410,17.0,11.1,25.4,71995,23.7,15.0,37.5,15615,"","","",58725,"","","","","","","",1,62132,14.7,21.2,9.8,45.8,11.1,1.6,38.9
"A0247","San Bernardino","Apple Valley, Barstow, Victorville","https://www.californiahealthmaps.org?address=A0247","Female","Uterine",156410,28.6,20.7,38.8,71995,30.0,19.3,46.1,15615,"","","",58725,"","","","","","","",1,62132,14.7,21.2,9.8,45.8,11.1,1.6,38.9
"A0247","San Bernardino","Apple Valley, Barstow, Victorville","https://www.californiahealthmaps.org?address=A0247","Male","Lymph",154250,30.8,21.7,42.9,70475,28.2,17.7,44.2,14965,"","","",59535,"","","","","","","",1,62132,14.7,21.2,9.8,45.8,11.1,1.6,38.9
"A0247","San Bernardino","Apple Valley, Barstow, Victorville","https://www.californiahealthmaps.org?address=A0247","Female","Lymph",156410,12.5,7.5,20.0,71995,"","","",15615,"","","",58725,"","","","","","","",1,62132,14.7,21.2,9.8,45.8,11.1,1.6,38.9
"A0247","San Bernardino","Apple Valley, Barstow, Victorville","https://www.californiahealthmaps.org?address=A0247","Male","Urinary",154250,16.3,9.9,25.8,70475,20.0,11.7,33.8,14965,"","","",59535,"","","","","","","",1,62132,14.7,21.2,9.8,45.8,11.1,1.6,38.9
"A0247","San Bernardino","Apple Valley, Barstow, Victorville","https://www.californiahealthmaps.org?address=A0247","Female","Urinary",156410,6.4,3.1,12.3,71995,"","","",15615,"","","",58725,"","","","","","","",1,62132,14.7,21.2,9.8,45.8,11.1,1.6,38.9
"A0247","San Bernardino","Apple Valley, Barstow, Victorville","https://www.californiahealthmaps.org?address=A0247","Male","Kidney",154250,36.3,26.7,48.8,70475,38.6,25.9,56.8,14965,"","","",59535,"","","","","","","",1,62132,14.7,21.2,9.8,45.8,11.1,1.6,38.9
"A0247","San Bernardino","Apple Valley, Barstow, Victorville","https://www.californiahealthmaps.org?address=A0247","Female","Kidney",156410,15.6,9.9,23.6,71995,"","","",15615,"","","",58725,"","","","","","","",1,62132,14.7,21.2,9.8,45.8,11.1,1.6,38.9
"A0247","San Bernardino","Apple Valley, Barstow, Victorville","https://www.californiahealthmaps.org?address=A0247","Male","Thyroid",154250,6.9,3.0,14.2,70475,"","","",14965,"","","",59535,"","","","","","","",1,62132,14.7,21.2,9.8,45.8,11.1,1.6,38.9
"A0247","San Bernardino","Apple Valley, Barstow, Victorville","https://www.californiahealthmaps.org?address=A0247","Female","Thyroid",156410,15.1,9.4,23.2,71995,"","","",15615,"","","",58725,"","","","","","","",1,62132,14.7,21.2,9.8,45.8,11.1,1.6,38.9
"A0247","San Bernardino","Apple Valley, Barstow, Victorville","https://www.californiahealthmaps.org?address=A0247","Both","AllSite",310660,505.4,479.4,532.6,142470,531.0,497.1,567.2,30580,630.2,533.3,744.3,118260,411.2,360.7,468.4,"","","","",1,62132,14.7,21.2,9.8,45.8,11.1,1.6,38.9
"A0247","San Bernardino","Apple Valley, Barstow, Victorville","https://www.californiahealthmaps.org?address=A0247","Both","Lung",310660,63.3,54.3,73.5,142470,79.3,67.0,93.8,30580,65.6,37.5,113.3,118260,"","","","","","","",1,62132,14.7,21.2,9.8,45.8,11.1,1.6,38.9
"A0247","San Bernardino","Apple Valley, Barstow, Victorville","https://www.californiahealthmaps.org?address=A0247","Both","CRC",310660,48.0,40.1,57.0,142470,42.7,33.4,54.5,30580,86.6,51.7,141.5,118260,41.9,27.0,64.1,"","","","",1,62132,14.7,21.2,9.8,45.8,11.1,1.6,38.9
"A0247","San Bernardino","Apple Valley, Barstow, Victorville","https://www.californiahealthmaps.org?address=A0247","Both","Mela",310660,20.5,15.6,26.6,142470,29.8,22.3,39.7,30580,"","","",118260,"","","","","","","",1,62132,14.7,21.2,9.8,45.8,11.1,1.6,38.9
"A0247","San Bernardino","Apple Valley, Barstow, Victorville","https://www.californiahealthmaps.org?address=A0247","Both","Lymph",310660,20.9,15.8,27.3,142470,18.0,12.4,26.2,30580,"","","",118260,21.8,11.9,39.3,"","","","",1,62132,14.7,21.2,9.8,45.8,11.1,1.6,38.9
"A0247","San Bernardino","Apple Valley, Barstow, Victorville","https://www.californiahealthmaps.org?address=A0247","Both","Urinary",310660,10.8,7.3,15.6,142470,12.8,8.3,20.0,30580,"","","",118260,"","","","","","","",1,62132,14.7,21.2,9.8,45.8,11.1,1.6,38.9
"A0247","San Bernardino","Apple Valley, Barstow, Victorville","https://www.californiahealthmaps.org?address=A0247","Both","Kidney",310660,25.3,19.7,32.0,142470,24.5,17.5,34.2,30580,"","","",118260,28.1,16.6,47.1,"","","","",1,62132,14.7,21.2,9.8,45.8,11.1,1.6,38.9
"A0247","San Bernardino","Apple Valley, Barstow, Victorville","https://www.californiahealthmaps.org?address=A0247","Both","Thyroid",310660,11.0,7.4,15.9,142470,11.5,6.6,19.2,30580,"","","",118260,"","","","","","","",1,62132,14.7,21.2,9.8,45.8,11.1,1.6,38.9
