"Zone","Counties","Cities","URL","Sex","Cancer","PopTot","AAIR","LCI","UCI","White_PopTot","White_AAIR","White_LCI","White_UCI","Black_PopTot","Black_AAIR","Black_LCI","Black_UCI","Hispanic_PopTot","Hispanic_AAIR","Hispanic_LCI","Hispanic_UCI","Asian_PopTot","Asian_AAIR","Asian_LCI","Asian_UCI","QNSES","PopAll","PerRural","PerUninsured","PerForeignBorn","PerWhite","PerBlack","PerAsian","PerHispanic"
"A0596","Los Angeles","Los Angeles","https://www.californiahealthmaps.org?address=A0596","Male","AllSite",178475,432.3,387.2,482.1,27710,562.0,420.1,924.9,24925,410.2,293.2,574.1,109320,405.4,344.9,475.4,14165,385.8,278.0,697.5,1,62011,0.0,35.8,41.7,15.0,8.5,9.0,65.8
"A0596","Los Angeles","Los Angeles","https://www.californiahealthmaps.org?address=A0596","Female","AllSite",131580,349.2,312.2,389.7,15670,718.3,473.8,1193.0,"","","","",90710,325.8,278.9,379.2,14310,406.7,295.8,773.8,1,62011,0.0,35.8,41.7,15.0,8.5,9.0,65.8
"A0596","Los Angeles","Los Angeles","https://www.californiahealthmaps.org?address=A0596","Male","Prostate",178475,94.0,73.0,120.0,27710,"","","",24925,107.1,61.1,202.5,109320,75.9,50.5,111.8,14165,"","","",1,62011,0.0,35.8,41.7,15.0,8.5,9.0,65.8
"A0596","Los Angeles","Los Angeles","https://www.californiahealthmaps.org?address=A0596","Female","Breast",131580,95.7,76.9,118.1,15670,180.6,98.4,548.4,"","","","",90710,93.5,69.3,124.4,14310,136.4,72.1,502.3,1,62011,0.0,35.8,41.7,15.0,8.5,9.0,65.8
"A0596","Los Angeles","Los Angeles","https://www.californiahealthmaps.org?address=A0596","Male","Lung",178475,38.3,24.9,57.2,27710,"","","",24925,"","","",109320,"","","",14165,"","","",1,62011,0.0,35.8,41.7,15.0,8.5,9.0,65.8
"A0596","Los Angeles","Los Angeles","https://www.californiahealthmaps.org?address=A0596","Female","Lung",131580,17.8,10.1,29.3,15670,"","","","","","","",90710,"","","",14310,"","","",1,62011,0.0,35.8,41.7,15.0,8.5,9.0,65.8
"A0596","Los Angeles","Los Angeles","https://www.californiahealthmaps.org?address=A0596","Male","CRC",178475,43.9,31.1,61.6,27710,"","","",24925,"","","",109320,44.4,27.8,70.8,14165,"","","",1,62011,0.0,35.8,41.7,15.0,8.5,9.0,65.8
"A0596","Los Angeles","Los Angeles","https://www.californiahealthmaps.org?address=A0596","Female","CRC",131580,33.2,22.3,47.9,15670,"","","","","","","",90710,"","","",14310,"","","",1,62011,0.0,35.8,41.7,15.0,8.5,9.0,65.8
"A0596","Los Angeles","Los Angeles","https://www.californiahealthmaps.org?address=A0596","Male","Mela",178475,12.9,6.7,24.4,27710,"","","",24925,"","","",109320,"","","",14165,"","","",1,62011,0.0,35.8,41.7,15.0,8.5,9.0,65.8
"A0596","Los Angeles","Los Angeles","https://www.californiahealthmaps.org?address=A0596","Female","Mela",131580,4.3,1.1,11.8,15670,"","","","","","","",90710,"","","",14310,"","","",1,62011,0.0,35.8,41.7,15.0,8.5,9.0,65.8
"A0596","Los Angeles","Los Angeles","https://www.californiahealthmaps.org?address=A0596","Female","Uterine",131580,33.5,22.6,48.0,15670,"","","","","","","",90710,38.4,24.2,59.3,14310,"","","",1,62011,0.0,35.8,41.7,15.0,8.5,9.0,65.8
"A0596","Los Angeles","Los Angeles","https://www.californiahealthmaps.org?address=A0596","Male","Lymph",178475,22.2,13.6,35.7,27710,"","","",24925,"","","",109320,31.3,16.5,56.9,14165,"","","",1,62011,0.0,35.8,41.7,15.0,8.5,9.0,65.8
"A0596","Los Angeles","Los Angeles","https://www.californiahealthmaps.org?address=A0596","Female","Lymph",131580,13.8,7.2,24.3,15670,"","","","","","","",90710,"","","",14310,"","","",1,62011,0.0,35.8,41.7,15.0,8.5,9.0,65.8
"A0596","Los Angeles","Los Angeles","https://www.californiahealthmaps.org?address=A0596","Male","Urinary",178475,14.0,6.3,27.6,27710,"","","",24925,"","","",109320,"","","",14165,"","","",1,62011,0.0,35.8,41.7,15.0,8.5,9.0,65.8
"A0596","Los Angeles","Los Angeles","https://www.californiahealthmaps.org?address=A0596","Female","Urinary",131580,4.0,1.1,11.1,15670,"","","","","","","",90710,"","","",14310,"","","",1,62011,0.0,35.8,41.7,15.0,8.5,9.0,65.8
"A0596","Los Angeles","Los Angeles","https://www.californiahealthmaps.org?address=A0596","Male","Kidney",178475,24.0,13.5,40.2,27710,"","","",24925,"","","",109320,"","","",14165,"","","",1,62011,0.0,35.8,41.7,15.0,8.5,9.0,65.8
"A0596","Los Angeles","Los Angeles","https://www.californiahealthmaps.org?address=A0596","Female","Kidney",131580,4.9,1.5,12.5,15670,"","","","","","","",90710,"","","",14310,"","","",1,62011,0.0,35.8,41.7,15.0,8.5,9.0,65.8
"A0596","Los Angeles","Los Angeles","https://www.californiahealthmaps.org?address=A0596","Male","Thyroid",178475,4.1,1.3,12.6,27710,"","","",24925,"","","",109320,"","","",14165,"","","",1,62011,0.0,35.8,41.7,15.0,8.5,9.0,65.8
"A0596","Los Angeles","Los Angeles","https://www.californiahealthmaps.org?address=A0596","Female","Thyroid",131580,15.9,9.5,25.9,15670,"","","","","","","",90710,"","","",14310,"","","",1,62011,0.0,35.8,41.7,15.0,8.5,9.0,65.8
"A0596","Los Angeles","Los Angeles","https://www.californiahealthmaps.org?address=A0596","Both","AllSite",310055,377.0,349.4,406.5,43380,593.5,470.9,800.2,33785,365.1,288.4,463.4,200030,358.1,321.1,398.7,28475,376.0,300.2,553.8,1,62011,0.0,35.8,41.7,15.0,8.5,9.0,65.8
"A0596","Los Angeles","Los Angeles","https://www.californiahealthmaps.org?address=A0596","Both","Lung",310055,26.9,19.5,36.5,43380,"","","",33785,78.2,41.2,141.7,200030,17.6,9.9,29.5,28475,"","","",1,62011,0.0,35.8,41.7,15.0,8.5,9.0,65.8
"A0596","Los Angeles","Los Angeles","https://www.californiahealthmaps.org?address=A0596","Both","CRC",310055,39.1,30.5,49.6,43380,"","","",33785,"","","",200030,31.5,21.7,45.3,28475,65.5,36.0,230.1,1,62011,0.0,35.8,41.7,15.0,8.5,9.0,65.8
"A0596","Los Angeles","Los Angeles","https://www.californiahealthmaps.org?address=A0596","Both","Mela",310055,8.6,5.0,14.3,43380,"","","",33785,"","","",200030,"","","",28475,"","","",1,62011,0.0,35.8,41.7,15.0,8.5,9.0,65.8
"A0596","Los Angeles","Los Angeles","https://www.californiahealthmaps.org?address=A0596","Both","Lymph",310055,17.9,12.5,25.2,43380,"","","",33785,"","","",200030,19.4,11.9,31.0,28475,"","","",1,62011,0.0,35.8,41.7,15.0,8.5,9.0,65.8
"A0596","Los Angeles","Los Angeles","https://www.californiahealthmaps.org?address=A0596","Both","Urinary",310055,8.2,4.4,14.2,43380,"","","",33785,"","","",200030,"","","",28475,"","","",1,62011,0.0,35.8,41.7,15.0,8.5,9.0,65.8
"A0596","Los Angeles","Los Angeles","https://www.californiahealthmaps.org?address=A0596","Both","Kidney",310055,13.0,8.0,20.1,43380,"","","",33785,"","","",200030,"","","",28475,"","","",1,62011,0.0,35.8,41.7,15.0,8.5,9.0,65.8
"A0596","Los Angeles","Los Angeles","https://www.californiahealthmaps.org?address=A0596","Both","Thyroid",310055,9.4,5.9,14.8,43380,"","","",33785,"","","",200030,"","","",28475,"","","",1,62011,0.0,35.8,41.7,15.0,8.5,9.0,65.8
