"Zone","Counties","Cities","URL","Sex","Cancer","PopTot","AAIR","LCI","UCI","White_PopTot","White_AAIR","White_LCI","White_UCI","Black_PopTot","Black_AAIR","Black_LCI","Black_UCI","Hispanic_PopTot","Hispanic_AAIR","Hispanic_LCI","Hispanic_UCI","Asian_PopTot","Asian_AAIR","Asian_LCI","Asian_UCI","QNSES","PopAll","PerRural","PerUninsured","PerForeignBorn","PerWhite","PerBlack","PerAsian","PerHispanic"
"A0765","Orange","Orange","https://www.californiahealthmaps.org?address=A0765","Male","AllSite",156950,515.2,478.1,554.7,66835,527.1,480.1,579.3,"","","","",70360,507.3,426.1,602.7,12785,374.2,271.5,507.1,4,65133,0.0,18.4,26.2,43.3,1.8,8.3,44.8
"A0765","Orange","Orange","https://www.californiahealthmaps.org?address=A0765","Female","AllSite",168715,440.3,410.2,472.1,73970,476.5,434.0,523.7,"","","","",72780,419.8,361.6,485.8,15405,334.2,253.1,442.8,4,65133,0.0,18.4,26.2,43.3,1.8,8.3,44.8
"A0765","Orange","Orange","https://www.californiahealthmaps.org?address=A0765","Male","Prostate",156950,123.3,105.3,143.6,66835,123.8,101.8,151.3,"","","","",70360,103.2,69.3,152.2,12785,"","","",4,65133,0.0,18.4,26.2,43.3,1.8,8.3,44.8
"A0765","Orange","Orange","https://www.californiahealthmaps.org?address=A0765","Female","Breast",168715,144.9,127.8,163.8,73970,156.8,132.8,185.9,"","","","",72780,133.0,102.5,171.2,15405,"","","",4,65133,0.0,18.4,26.2,43.3,1.8,8.3,44.8
"A0765","Orange","Orange","https://www.californiahealthmaps.org?address=A0765","Male","Lung",156950,52.0,40.5,65.9,66835,56.1,42.0,75.9,"","","","",70360,"","","",12785,"","","",4,65133,0.0,18.4,26.2,43.3,1.8,8.3,44.8
"A0765","Orange","Orange","https://www.californiahealthmaps.org?address=A0765","Female","Lung",168715,34.9,26.9,44.8,73970,39.1,29.0,54.5,"","","","",72780,"","","",15405,"","","",4,65133,0.0,18.4,26.2,43.3,1.8,8.3,44.8
"A0765","Orange","Orange","https://www.californiahealthmaps.org?address=A0765","Male","CRC",156950,44.1,33.8,56.8,66835,46.2,32.9,65.6,"","","","",70360,50.4,28.8,87.7,12785,"","","",4,65133,0.0,18.4,26.2,43.3,1.8,8.3,44.8
"A0765","Orange","Orange","https://www.californiahealthmaps.org?address=A0765","Female","CRC",168715,34.1,26.2,43.8,73970,39.1,27.9,55.8,"","","","",72780,30.0,16.6,51.6,15405,"","","",4,65133,0.0,18.4,26.2,43.3,1.8,8.3,44.8
"A0765","Orange","Orange","https://www.californiahealthmaps.org?address=A0765","Male","Mela",156950,38.8,29.1,51.0,66835,53.6,39.7,73.2,"","","","",70360,"","","",12785,"","","",4,65133,0.0,18.4,26.2,43.3,1.8,8.3,44.8
"A0765","Orange","Orange","https://www.californiahealthmaps.org?address=A0765","Female","Mela",168715,17.9,12.2,25.5,73970,28.5,18.3,44.5,"","","","",72780,"","","",15405,"","","",4,65133,0.0,18.4,26.2,43.3,1.8,8.3,44.8
"A0765","Orange","Orange","https://www.californiahealthmaps.org?address=A0765","Female","Uterine",168715,28.5,21.2,37.6,73970,36.3,25.3,52.9,"","","","",72780,"","","",15405,"","","",4,65133,0.0,18.4,26.2,43.3,1.8,8.3,44.8
"A0765","Orange","Orange","https://www.californiahealthmaps.org?address=A0765","Male","Lymph",156950,21.8,14.7,31.3,66835,17.7,10.3,31.6,"","","","",70360,"","","",12785,"","","",4,65133,0.0,18.4,26.2,43.3,1.8,8.3,44.8
"A0765","Orange","Orange","https://www.californiahealthmaps.org?address=A0765","Female","Lymph",168715,16.4,11.0,23.6,73970,15.0,8.7,27.2,"","","","",72780,"","","",15405,"","","",4,65133,0.0,18.4,26.2,43.3,1.8,8.3,44.8
"A0765","Orange","Orange","https://www.californiahealthmaps.org?address=A0765","Male","Urinary",156950,17.7,11.2,26.9,66835,17.9,10.4,31.9,"","","","",70360,"","","",12785,"","","",4,65133,0.0,18.4,26.2,43.3,1.8,8.3,44.8
"A0765","Orange","Orange","https://www.californiahealthmaps.org?address=A0765","Female","Urinary",168715,4.3,2.0,8.6,73970,"","","","","","","",72780,"","","",15405,"","","",4,65133,0.0,18.4,26.2,43.3,1.8,8.3,44.8
"A0765","Orange","Orange","https://www.californiahealthmaps.org?address=A0765","Male","Kidney",156950,20.6,13.8,29.8,66835,16.3,9.1,30.2,"","","","",70360,"","","",12785,"","","",4,65133,0.0,18.4,26.2,43.3,1.8,8.3,44.8
"A0765","Orange","Orange","https://www.californiahealthmaps.org?address=A0765","Female","Kidney",168715,14.6,9.6,21.6,73970,14.7,8.3,27.3,"","","","",72780,"","","",15405,"","","",4,65133,0.0,18.4,26.2,43.3,1.8,8.3,44.8
"A0765","Orange","Orange","https://www.californiahealthmaps.org?address=A0765","Male","Thyroid",156950,12.4,7.4,19.9,66835,"","","","","","","",70360,"","","",12785,"","","",4,65133,0.0,18.4,26.2,43.3,1.8,8.3,44.8
"A0765","Orange","Orange","https://www.californiahealthmaps.org?address=A0765","Female","Thyroid",168715,35.4,27.1,45.7,73970,32.9,21.8,49.8,"","","","",72780,38.6,23.9,61.2,15405,"","","",4,65133,0.0,18.4,26.2,43.3,1.8,8.3,44.8
"A0765","Orange","Orange","https://www.californiahealthmaps.org?address=A0765","Both","AllSite",325665,463.6,440.6,487.6,140805,487.4,456.6,520.6,"","","","",143140,449.2,401.8,501.4,28190,349.6,285.0,427.8,4,65133,0.0,18.4,26.2,43.3,1.8,8.3,44.8
"A0765","Orange","Orange","https://www.californiahealthmaps.org?address=A0765","Both","Lung",325665,41.4,34.7,49.1,140805,45.8,37.4,56.8,"","","","",143140,31.2,18.8,49.4,28190,"","","",4,65133,0.0,18.4,26.2,43.3,1.8,8.3,44.8
"A0765","Orange","Orange","https://www.californiahealthmaps.org?address=A0765","Both","CRC",325665,38.5,32.1,45.9,140805,42.3,33.5,53.8,"","","","",143140,39.2,26.6,57.0,28190,"","","",4,65133,0.0,18.4,26.2,43.3,1.8,8.3,44.8
"A0765","Orange","Orange","https://www.californiahealthmaps.org?address=A0765","Both","Mela",325665,25.3,20.2,31.3,140805,37.4,29.3,48.2,"","","","",143140,"","","",28190,"","","",4,65133,0.0,18.4,26.2,43.3,1.8,8.3,44.8
"A0765","Orange","Orange","https://www.californiahealthmaps.org?address=A0765","Both","Lymph",325665,18.4,14.1,23.8,140805,15.9,11.0,23.7,"","","","",143140,26.5,15.7,42.9,28190,"","","",4,65133,0.0,18.4,26.2,43.3,1.8,8.3,44.8
"A0765","Orange","Orange","https://www.californiahealthmaps.org?address=A0765","Both","Urinary",325665,9.6,6.6,13.7,140805,10.0,6.3,16.5,"","","","",143140,"","","",28190,"","","",4,65133,0.0,18.4,26.2,43.3,1.8,8.3,44.8
"A0765","Orange","Orange","https://www.californiahealthmaps.org?address=A0765","Both","Kidney",325665,17.1,12.9,22.3,140805,15.1,10.2,22.9,"","","","",143140,24.7,15.3,39.4,28190,"","","",4,65133,0.0,18.4,26.2,43.3,1.8,8.3,44.8
"A0765","Orange","Orange","https://www.californiahealthmaps.org?address=A0765","Both","Thyroid",325665,24.3,19.3,30.3,140805,22.9,16.2,32.6,"","","","",143140,31.9,21.1,47.5,28190,"","","",4,65133,0.0,18.4,26.2,43.3,1.8,8.3,44.8
