"Zone","Counties","Cities","URL","Sex","Cancer","PopTot","AAIR","LCI","UCI","White_PopTot","White_AAIR","White_LCI","White_UCI","Black_PopTot","Black_AAIR","Black_LCI","Black_UCI","Hispanic_PopTot","Hispanic_AAIR","Hispanic_LCI","Hispanic_UCI","Asian_PopTot","Asian_AAIR","Asian_LCI","Asian_UCI","QNSES","PopAll","PerRural","PerUninsured","PerForeignBorn","PerWhite","PerBlack","PerAsian","PerHispanic","PerAPI","PerDocvisit","PerFOBT","PerMammo","PerMenPrev","PerPap","PerWomenPrev"
"A0470","San Diego","Vista, Oceanside","https://www.californiahealthmaps.org?address=A0470","Male","AllSite",169360,480.2,450.8,511.5,102005,484.0,449.9,521.3,"","","","",51820,463.2,365.4,590.3,"","","","",4,68027,15.6,14.8,15.8,63.9,2.2,3.9,26.9,3.9,"","","","","",""
"A0470","San Diego","Vista, Oceanside","https://www.californiahealthmaps.org?address=A0470","Female","AllSite",170775,455.4,426.6,486.1,103440,463.3,428.2,501.8,"","","","",50210,402.1,331.3,488.2,"","","","",4,68027,15.6,14.8,15.8,63.9,2.2,3.9,26.9,3.9,"","","","","",""
"A0470","San Diego","Vista, Oceanside","https://www.californiahealthmaps.org?address=A0470","Male","Prostate",169360,115.9,102.2,131.6,102005,102.8,88.7,120.2,"","","","",51820,153.5,99.4,239.9,"","","","",4,68027,15.6,14.8,15.8,63.9,2.2,3.9,26.9,3.9,"","","","","",""
"A0470","San Diego","Vista, Oceanside","https://www.californiahealthmaps.org?address=A0470","Female","Breast",170775,137.6,122.0,155.2,103440,138.3,119.8,160.3,"","","","",50210,135.9,96.8,191.0,"","","","",4,68027,15.6,14.8,15.8,63.9,2.2,3.9,26.9,3.9,"","","","","",""
"A0470","San Diego","Vista, Oceanside","https://www.californiahealthmaps.org?address=A0470","Male","Lung",169360,47.5,38.5,58.5,102005,48.7,38.7,62.3,"","","","",51820,"","","","","","","",4,68027,15.6,14.8,15.8,63.9,2.2,3.9,26.9,3.9,"","","","","",""
"A0470","San Diego","Vista, Oceanside","https://www.californiahealthmaps.org?address=A0470","Female","Lung",170775,40.3,32.4,50.0,103440,43.3,34.2,55.9,"","","","",50210,"","","","","","","",4,68027,15.6,14.8,15.8,63.9,2.2,3.9,26.9,3.9,"","","","","",""
"A0470","San Diego","Vista, Oceanside","https://www.californiahealthmaps.org?address=A0470","Male","CRC",169360,37.1,29.1,47.0,102005,35.4,26.5,48.0,"","","","",51820,"","","","","","","",4,68027,15.6,14.8,15.8,63.9,2.2,3.9,26.9,3.9,"","","","","",""
"A0470","San Diego","Vista, Oceanside","https://www.californiahealthmaps.org?address=A0470","Female","CRC",170775,35.4,27.5,45.3,103440,35.3,25.8,48.8,"","","","",50210,"","","","","","","",4,68027,15.6,14.8,15.8,63.9,2.2,3.9,26.9,3.9,"","","","","",""
"A0470","San Diego","Vista, Oceanside","https://www.californiahealthmaps.org?address=A0470","Male","Mela",169360,55.8,46.0,67.5,102005,67.2,55.1,82.9,"","","","",51820,"","","","","","","",4,68027,15.6,14.8,15.8,63.9,2.2,3.9,26.9,3.9,"","","","","",""
"A0470","San Diego","Vista, Oceanside","https://www.californiahealthmaps.org?address=A0470","Female","Mela",170775,36.6,28.6,46.7,103440,45.2,33.6,60.9,"","","","",50210,"","","","","","","",4,68027,15.6,14.8,15.8,63.9,2.2,3.9,26.9,3.9,"","","","","",""
"A0470","San Diego","Vista, Oceanside","https://www.californiahealthmaps.org?address=A0470","Female","Uterine",170775,27.3,20.6,36.0,103440,25.3,17.7,36.8,"","","","",50210,"","","","","","","",4,68027,15.6,14.8,15.8,63.9,2.2,3.9,26.9,3.9,"","","","","",""
"A0470","San Diego","Vista, Oceanside","https://www.californiahealthmaps.org?address=A0470","Male","Lymph",169360,23.0,17.0,31.1,102005,20.2,14.2,30.2,"","","","",51820,"","","","","","","",4,68027,15.6,14.8,15.8,63.9,2.2,3.9,26.9,3.9,"","","","","",""
"A0470","San Diego","Vista, Oceanside","https://www.californiahealthmaps.org?address=A0470","Female","Lymph",170775,19.7,14.2,27.2,103440,20.0,13.7,30.2,"","","","",50210,"","","","","","","",4,68027,15.6,14.8,15.8,63.9,2.2,3.9,26.9,3.9,"","","","","",""
"A0470","San Diego","Vista, Oceanside","https://www.californiahealthmaps.org?address=A0470","Male","Urinary",169360,18.2,12.9,25.7,102005,18.6,12.8,28.5,"","","","",51820,"","","","","","","",4,68027,15.6,14.8,15.8,63.9,2.2,3.9,26.9,3.9,"","","","","",""
"A0470","San Diego","Vista, Oceanside","https://www.californiahealthmaps.org?address=A0470","Female","Urinary",170775,"","","",103440,"","","","","","","",50210,"","","","","","","",4,68027,15.6,14.8,15.8,63.9,2.2,3.9,26.9,3.9,"","","","","",""
"A0470","San Diego","Vista, Oceanside","https://www.californiahealthmaps.org?address=A0470","Male","Kidney",169360,22.2,16.2,30.4,102005,22.1,15.1,33.2,"","","","",51820,"","","","","","","",4,68027,15.6,14.8,15.8,63.9,2.2,3.9,26.9,3.9,"","","","","",""
"A0470","San Diego","Vista, Oceanside","https://www.californiahealthmaps.org?address=A0470","Female","Kidney",170775,12.3,8.0,18.5,103440,9.8,5.8,18.0,"","","","",50210,"","","","","","","",4,68027,15.6,14.8,15.8,63.9,2.2,3.9,26.9,3.9,"","","","","",""
"A0470","San Diego","Vista, Oceanside","https://www.californiahealthmaps.org?address=A0470","Male","Thyroid",169360,7.9,4.3,13.8,102005,"","","","","","","",51820,"","","","","","","",4,68027,15.6,14.8,15.8,63.9,2.2,3.9,26.9,3.9,"","","","","",""
"A0470","San Diego","Vista, Oceanside","https://www.californiahealthmaps.org?address=A0470","Female","Thyroid",170775,18.6,12.7,26.6,103440,15.9,9.4,26.8,"","","","",50210,"","","","","","","",4,68027,15.6,14.8,15.8,63.9,2.2,3.9,26.9,3.9,"","","","","",""
"A0470","San Diego","Vista, Oceanside","https://www.californiahealthmaps.org?address=A0470","Male","Liver",169360,14.2,9.7,20.9,102005,13.2,8.3,22.4,"","","","",51820,"","","","","","","",4,68027,15.6,14.8,15.8,63.9,2.2,3.9,26.9,3.9,"","","","","",""
"A0470","San Diego","Vista, Oceanside","https://www.californiahealthmaps.org?address=A0470","Female","Liver",170775,"","","",103440,"","","","","","","",50210,"","","","","","","",4,68027,15.6,14.8,15.8,63.9,2.2,3.9,26.9,3.9,"","","","","",""
"A0470","San Diego","Vista, Oceanside","https://www.californiahealthmaps.org?address=A0470","Male","Pancreas",169360,13.1,8.7,19.6,102005,12.3,7.6,21.2,"","","","",51820,"","","","","","","",4,68027,15.6,14.8,15.8,63.9,2.2,3.9,26.9,3.9,"","","","","",""
"A0470","San Diego","Vista, Oceanside","https://www.californiahealthmaps.org?address=A0470","Female","Pancreas",170775,17.8,12.6,25.0,103440,16.4,10.8,26.0,"","","","",50210,"","","","","","","",4,68027,15.6,14.8,15.8,63.9,2.2,3.9,26.9,3.9,"","","","","",""
"A0470","San Diego","Vista, Oceanside","https://www.californiahealthmaps.org?address=A0470","Both","AllSite",340135,464.8,444.2,486.3,205445,472.2,447.6,498.3,"","","","",102030,416.5,359.8,481.2,15980,382.6,296.6,492.1,4,68027,15.6,14.8,15.8,63.9,2.2,3.9,26.9,3.9,"","","","","",""
"A0470","San Diego","Vista, Oceanside","https://www.californiahealthmaps.org?address=A0470","Both","Lung",340135,43.7,37.7,50.6,205445,45.9,39.0,54.4,"","","","",102030,"","","",15980,"","","",4,68027,15.6,14.8,15.8,63.9,2.2,3.9,26.9,3.9,"","","","","",""
"A0470","San Diego","Vista, Oceanside","https://www.californiahealthmaps.org?address=A0470","Both","CRC",340135,36.0,30.3,42.6,205445,35.2,28.6,43.6,"","","","",102030,36.7,20.8,62.0,15980,"","","",4,68027,15.6,14.8,15.8,63.9,2.2,3.9,26.9,3.9,"","","","","",""
"A0470","San Diego","Vista, Oceanside","https://www.californiahealthmaps.org?address=A0470","Both","Mela",340135,45.4,39.1,52.6,205445,55.5,47.0,65.9,"","","","",102030,"","","",15980,"","","",4,68027,15.6,14.8,15.8,63.9,2.2,3.9,26.9,3.9,"","","","","",""
"A0470","San Diego","Vista, Oceanside","https://www.californiahealthmaps.org?address=A0470","Both","Lymph",340135,21.2,17.0,26.3,205445,20.0,15.6,26.3,"","","","",102030,"","","",15980,"","","",4,68027,15.6,14.8,15.8,63.9,2.2,3.9,26.9,3.9,"","","","","",""
"A0470","San Diego","Vista, Oceanside","https://www.californiahealthmaps.org?address=A0470","Both","Urinary",340135,10.4,7.6,14.3,205445,10.8,7.7,15.9,"","","","",102030,"","","",15980,"","","",4,68027,15.6,14.8,15.8,63.9,2.2,3.9,26.9,3.9,"","","","","",""
"A0470","San Diego","Vista, Oceanside","https://www.californiahealthmaps.org?address=A0470","Both","Kidney",340135,17.0,13.3,21.8,205445,15.9,11.7,21.9,"","","","",102030,"","","",15980,"","","",4,68027,15.6,14.8,15.8,63.9,2.2,3.9,26.9,3.9,"","","","","",""
"A0470","San Diego","Vista, Oceanside","https://www.californiahealthmaps.org?address=A0470","Both","Thyroid",340135,13.2,9.7,17.8,205445,13.5,9.0,20.2,"","","","",102030,"","","",15980,"","","",4,68027,15.6,14.8,15.8,63.9,2.2,3.9,26.9,3.9,"","","","","",""
"A0470","San Diego","Vista, Oceanside","https://www.californiahealthmaps.org?address=A0470","Both","Liver",340135,9.7,7.0,13.4,205445,8.0,5.3,12.8,"","","","",102030,"","","",15980,"","","",4,68027,15.6,14.8,15.8,63.9,2.2,3.9,26.9,3.9,"","","","","",""
"A0470","San Diego","Vista, Oceanside","https://www.californiahealthmaps.org?address=A0470","Both","Pancreas",340135,15.5,12.0,20.0,205445,14.4,10.6,20.1,"","","","",102030,"","","",15980,"","","",4,68027,15.6,14.8,15.8,63.9,2.2,3.9,26.9,3.9,"","","","","",""
