"Zone","Counties","Cities","URL","Sex","Cancer","PopTot","AAIR","LCI","UCI","White_PopTot","White_AAIR","White_LCI","White_UCI","Black_PopTot","Black_AAIR","Black_LCI","Black_UCI","Hispanic_PopTot","Hispanic_AAIR","Hispanic_LCI","Hispanic_UCI","Asian_PopTot","Asian_AAIR","Asian_LCI","Asian_UCI","QNSES","PopAll","PerRural","PerUninsured","PerForeignBorn","PerWhite","PerBlack","PerAsian","PerHispanic"
"A0136","Sacramento","Citrus Heights","https://www.californiahealthmaps.org?address=A0136","Male","AllSite",145285,562.4,523.6,603.6,104540,561.6,519.5,606.7,"","","","",24615,512.2,365.9,711.0,"","","","",3,60144,0.0,15.7,12.5,74.2,2.5,2.9,16.9
"A0136","Sacramento","Citrus Heights","https://www.californiahealthmaps.org?address=A0136","Female","AllSite",155435,542.4,508.5,578.4,114450,550.0,512.4,590.4,"","","","",23650,520.9,399.6,671.1,"","","","",3,60144,0.0,15.7,12.5,74.2,2.5,2.9,16.9
"A0136","Sacramento","Citrus Heights","https://www.californiahealthmaps.org?address=A0136","Male","Prostate",145285,105.8,89.6,124.3,104540,95.8,79.4,115.3,"","","","",24615,"","","","","","","",3,60144,0.0,15.7,12.5,74.2,2.5,2.9,16.9
"A0136","Sacramento","Citrus Heights","https://www.californiahealthmaps.org?address=A0136","Female","Breast",155435,164.2,145.8,184.6,114450,152.9,133.7,175.0,"","","","",23650,164.6,99.8,259.9,"","","","",3,60144,0.0,15.7,12.5,74.2,2.5,2.9,16.9
"A0136","Sacramento","Citrus Heights","https://www.californiahealthmaps.org?address=A0136","Male","Lung",145285,89.7,74.5,107.3,104540,96.0,79.2,115.9,"","","","",24615,"","","","","","","",3,60144,0.0,15.7,12.5,74.2,2.5,2.9,16.9
"A0136","Sacramento","Citrus Heights","https://www.californiahealthmaps.org?address=A0136","Female","Lung",155435,81.9,69.3,96.5,114450,90.0,75.8,107.1,"","","","",23650,"","","","","","","",3,60144,0.0,15.7,12.5,74.2,2.5,2.9,16.9
"A0136","Sacramento","Citrus Heights","https://www.californiahealthmaps.org?address=A0136","Male","CRC",145285,45.9,35.4,58.8,104540,42.3,31.3,56.5,"","","","",24615,"","","","","","","",3,60144,0.0,15.7,12.5,74.2,2.5,2.9,16.9
"A0136","Sacramento","Citrus Heights","https://www.californiahealthmaps.org?address=A0136","Female","CRC",155435,43.5,34.4,54.7,114450,43.0,33.2,55.8,"","","","",23650,"","","","","","","",3,60144,0.0,15.7,12.5,74.2,2.5,2.9,16.9
"A0136","Sacramento","Citrus Heights","https://www.californiahealthmaps.org?address=A0136","Male","Mela",145285,44.1,33.6,57.1,104540,46.4,34.6,61.4,"","","","",24615,"","","","","","","",3,60144,0.0,15.7,12.5,74.2,2.5,2.9,16.9
"A0136","Sacramento","Citrus Heights","https://www.californiahealthmaps.org?address=A0136","Female","Mela",155435,29.0,21.4,38.9,114450,27.0,19.1,38.1,"","","","",23650,"","","","","","","",3,60144,0.0,15.7,12.5,74.2,2.5,2.9,16.9
"A0136","Sacramento","Citrus Heights","https://www.californiahealthmaps.org?address=A0136","Female","Uterine",155435,34.8,26.8,44.8,114450,37.1,28.1,49.1,"","","","",23650,"","","","","","","",3,60144,0.0,15.7,12.5,74.2,2.5,2.9,16.9
"A0136","Sacramento","Citrus Heights","https://www.californiahealthmaps.org?address=A0136","Male","Lymph",145285,23.0,15.6,32.9,104540,21.7,13.9,32.9,"","","","",24615,"","","","","","","",3,60144,0.0,15.7,12.5,74.2,2.5,2.9,16.9
"A0136","Sacramento","Citrus Heights","https://www.californiahealthmaps.org?address=A0136","Female","Lymph",155435,20.5,14.4,28.7,114450,22.3,15.3,32.5,"","","","",23650,"","","","","","","",3,60144,0.0,15.7,12.5,74.2,2.5,2.9,16.9
"A0136","Sacramento","Citrus Heights","https://www.californiahealthmaps.org?address=A0136","Male","Urinary",145285,18.5,12.0,27.4,104540,21.3,13.9,32.0,"","","","",24615,"","","","","","","",3,60144,0.0,15.7,12.5,74.2,2.5,2.9,16.9
"A0136","Sacramento","Citrus Heights","https://www.californiahealthmaps.org?address=A0136","Female","Urinary",155435,4.5,2.0,9.4,114450,"","","","","","","",23650,"","","","","","","",3,60144,0.0,15.7,12.5,74.2,2.5,2.9,16.9
"A0136","Sacramento","Citrus Heights","https://www.californiahealthmaps.org?address=A0136","Male","Kidney",145285,25.1,17.5,35.2,104540,25.3,16.8,37.1,"","","","",24615,"","","","","","","",3,60144,0.0,15.7,12.5,74.2,2.5,2.9,16.9
"A0136","Sacramento","Citrus Heights","https://www.californiahealthmaps.org?address=A0136","Female","Kidney",155435,16.7,11.2,24.4,114450,16.7,10.7,26.0,"","","","",23650,"","","","","","","",3,60144,0.0,15.7,12.5,74.2,2.5,2.9,16.9
"A0136","Sacramento","Citrus Heights","https://www.californiahealthmaps.org?address=A0136","Male","Thyroid",145285,6.8,3.2,13.0,104540,"","","","","","","",24615,"","","","","","","",3,60144,0.0,15.7,12.5,74.2,2.5,2.9,16.9
"A0136","Sacramento","Citrus Heights","https://www.californiahealthmaps.org?address=A0136","Female","Thyroid",155435,28.1,20.1,38.5,114450,32.9,22.8,46.5,"","","","",23650,"","","","","","","",3,60144,0.0,15.7,12.5,74.2,2.5,2.9,16.9
"A0136","Sacramento","Citrus Heights","https://www.californiahealthmaps.org?address=A0136","Both","AllSite",300720,545.6,520.3,571.9,218990,550.1,522.3,579.3,"","","","",48265,489.1,400.7,593.4,10545,467.7,341.6,648.9,3,60144,0.0,15.7,12.5,74.2,2.5,2.9,16.9
"A0136","Sacramento","Citrus Heights","https://www.californiahealthmaps.org?address=A0136","Both","Lung",300720,84.6,74.9,95.4,218990,92.0,81.1,104.3,"","","","",48265,"","","",10545,"","","",3,60144,0.0,15.7,12.5,74.2,2.5,2.9,16.9
"A0136","Sacramento","Citrus Heights","https://www.californiahealthmaps.org?address=A0136","Both","CRC",300720,44.7,37.8,52.8,218990,42.8,35.4,51.8,"","","","",48265,67.1,37.3,114.2,10545,"","","",3,60144,0.0,15.7,12.5,74.2,2.5,2.9,16.9
"A0136","Sacramento","Citrus Heights","https://www.californiahealthmaps.org?address=A0136","Both","Mela",300720,35.1,28.8,42.5,218990,35.3,28.3,43.7,"","","","",48265,"","","",10545,"","","",3,60144,0.0,15.7,12.5,74.2,2.5,2.9,16.9
"A0136","Sacramento","Citrus Heights","https://www.californiahealthmaps.org?address=A0136","Both","Lymph",300720,22.2,17.3,28.3,218990,22.5,17.1,29.6,"","","","",48265,"","","",10545,"","","",3,60144,0.0,15.7,12.5,74.2,2.5,2.9,16.9
"A0136","Sacramento","Citrus Heights","https://www.californiahealthmaps.org?address=A0136","Both","Urinary",300720,10.3,7.2,14.6,218990,11.6,8.0,16.7,"","","","",48265,"","","",10545,"","","",3,60144,0.0,15.7,12.5,74.2,2.5,2.9,16.9
"A0136","Sacramento","Citrus Heights","https://www.californiahealthmaps.org?address=A0136","Both","Kidney",300720,20.4,15.7,26.2,218990,20.5,15.3,27.3,"","","","",48265,"","","",10545,"","","",3,60144,0.0,15.7,12.5,74.2,2.5,2.9,16.9
"A0136","Sacramento","Citrus Heights","https://www.californiahealthmaps.org?address=A0136","Both","Thyroid",300720,17.6,13.1,23.3,218990,20.2,14.6,27.4,"","","","",48265,"","","",10545,"","","",3,60144,0.0,15.7,12.5,74.2,2.5,2.9,16.9
