"Zone","Counties","Cities","URL","Sex","Cancer","PopTot","AAIR","LCI","UCI","White_PopTot","White_AAIR","White_LCI","White_UCI","Black_PopTot","Black_AAIR","Black_LCI","Black_UCI","Hispanic_PopTot","Hispanic_AAIR","Hispanic_LCI","Hispanic_UCI","Asian_PopTot","Asian_AAIR","Asian_LCI","Asian_UCI","QNSES","PopAll","PerRural","PerUninsured","PerForeignBorn","PerWhite","PerBlack","PerAsian","PerHispanic"
"A0005","Los Angeles","Palmdale","https://www.californiahealthmaps.org?address=A0005","Male","AllSite",154805,493.1,443.7,547.7,25210,562.1,475.6,663.4,21555,623.7,486.8,816.4,100280,377.0,311.8,454.4,"","","","",1,63433,0.1,19.9,26.7,15.8,14.0,3.2,64.7
"A0005","Los Angeles","Palmdale","https://www.californiahealthmaps.org?address=A0005","Female","AllSite",162360,429.6,391.3,471.1,25950,462.6,387.5,551.8,24635,490.4,387.6,616.8,103415,410.0,355.0,473.5,"","","","",1,63433,0.1,19.9,26.7,15.8,14.0,3.2,64.7
"A0005","Los Angeles","Palmdale","https://www.californiahealthmaps.org?address=A0005","Male","Prostate",154805,131.9,108.2,160.8,25210,97.6,65.4,145.4,21555,239.9,160.7,380.9,100280,118.3,84.0,165.4,"","","","",1,63433,0.1,19.9,26.7,15.8,14.0,3.2,64.7
"A0005","Los Angeles","Palmdale","https://www.californiahealthmaps.org?address=A0005","Female","Breast",162360,120.5,101.1,143.1,25950,137.5,98.4,191.4,24635,146.9,94.0,224.9,103415,104.8,79.4,138.6,"","","","",1,63433,0.1,19.9,26.7,15.8,14.0,3.2,64.7
"A0005","Los Angeles","Palmdale","https://www.californiahealthmaps.org?address=A0005","Male","Lung",154805,80.7,59.4,108.0,25210,135.8,93.5,194.4,21555,"","","",100280,"","","","","","","",1,63433,0.1,19.9,26.7,15.8,14.0,3.2,64.7
"A0005","Los Angeles","Palmdale","https://www.californiahealthmaps.org?address=A0005","Female","Lung",162360,52.7,39.0,70.1,25950,77.7,48.9,122.0,24635,"","","",103415,37.8,20.8,65.4,"","","","",1,63433,0.1,19.9,26.7,15.8,14.0,3.2,64.7
"A0005","Los Angeles","Palmdale","https://www.californiahealthmaps.org?address=A0005","Male","CRC",154805,43.9,30.8,62.3,25210,"","","",21555,"","","",100280,35.0,20.6,61.9,"","","","",1,63433,0.1,19.9,26.7,15.8,14.0,3.2,64.7
"A0005","Los Angeles","Palmdale","https://www.californiahealthmaps.org?address=A0005","Female","CRC",162360,44.6,32.4,60.4,25950,49.0,27.5,86.3,24635,"","","",103415,36.0,20.7,61.2,"","","","",1,63433,0.1,19.9,26.7,15.8,14.0,3.2,64.7
"A0005","Los Angeles","Palmdale","https://www.californiahealthmaps.org?address=A0005","Male","Mela",154805,13.8,6.8,26.8,25210,"","","",21555,"","","",100280,"","","","","","","",1,63433,0.1,19.9,26.7,15.8,14.0,3.2,64.7
"A0005","Los Angeles","Palmdale","https://www.californiahealthmaps.org?address=A0005","Female","Mela",162360,5.8,2.0,13.7,25950,"","","",24635,"","","",103415,"","","","","","","",1,63433,0.1,19.9,26.7,15.8,14.0,3.2,64.7
"A0005","Los Angeles","Palmdale","https://www.californiahealthmaps.org?address=A0005","Female","Uterine",162360,39.1,28.7,52.8,25950,"","","",24635,"","","",103415,41.5,26.2,66.0,"","","","",1,63433,0.1,19.9,26.7,15.8,14.0,3.2,64.7
"A0005","Los Angeles","Palmdale","https://www.californiahealthmaps.org?address=A0005","Male","Lymph",154805,23.0,13.1,39.0,25210,"","","",21555,"","","",100280,"","","","","","","",1,63433,0.1,19.9,26.7,15.8,14.0,3.2,64.7
"A0005","Los Angeles","Palmdale","https://www.californiahealthmaps.org?address=A0005","Female","Lymph",162360,19.7,11.7,31.5,25950,"","","",24635,"","","",103415,"","","","","","","",1,63433,0.1,19.9,26.7,15.8,14.0,3.2,64.7
"A0005","Los Angeles","Palmdale","https://www.californiahealthmaps.org?address=A0005","Male","Urinary",154805,16.7,7.9,32.1,25210,"","","",21555,"","","",100280,"","","","","","","",1,63433,0.1,19.9,26.7,15.8,14.0,3.2,64.7
"A0005","Los Angeles","Palmdale","https://www.californiahealthmaps.org?address=A0005","Female","Urinary",162360,2.5,0.5,8.8,25950,"","","",24635,"","","",103415,"","","","","","","",1,63433,0.1,19.9,26.7,15.8,14.0,3.2,64.7
"A0005","Los Angeles","Palmdale","https://www.californiahealthmaps.org?address=A0005","Male","Kidney",154805,22.2,13.6,36.3,25210,"","","",21555,"","","",100280,"","","","","","","",1,63433,0.1,19.9,26.7,15.8,14.0,3.2,64.7
"A0005","Los Angeles","Palmdale","https://www.californiahealthmaps.org?address=A0005","Female","Kidney",162360,6.2,2.4,14.0,25950,"","","",24635,"","","",103415,"","","","","","","",1,63433,0.1,19.9,26.7,15.8,14.0,3.2,64.7
"A0005","Los Angeles","Palmdale","https://www.californiahealthmaps.org?address=A0005","Male","Thyroid",154805,12.8,6.3,25.3,25210,"","","",21555,"","","",100280,"","","","","","","",1,63433,0.1,19.9,26.7,15.8,14.0,3.2,64.7
"A0005","Los Angeles","Palmdale","https://www.californiahealthmaps.org?address=A0005","Female","Thyroid",162360,12.4,7.3,20.9,25950,"","","",24635,"","","",103415,"","","","","","","",1,63433,0.1,19.9,26.7,15.8,14.0,3.2,64.7
"A0005","Los Angeles","Palmdale","https://www.californiahealthmaps.org?address=A0005","Both","AllSite",317165,453.5,423.2,485.8,51160,505.6,448.9,569.3,46190,549.4,464.3,650.0,203695,391.7,349.7,438.6,"","","","",1,63433,0.1,19.9,26.7,15.8,14.0,3.2,64.7
"A0005","Los Angeles","Palmdale","https://www.californiahealthmaps.org?address=A0005","Both","Lung",317165,63.6,51.5,77.8,51160,104.0,78.7,136.8,46190,56.3,30.4,100.7,203695,40.4,25.9,60.9,"","","","",1,63433,0.1,19.9,26.7,15.8,14.0,3.2,64.7
"A0005","Los Angeles","Palmdale","https://www.californiahealthmaps.org?address=A0005","Both","CRC",317165,45.3,35.9,56.7,51160,52.9,35.2,78.5,46190,"","","",203695,36.7,25.2,53.3,"","","","",1,63433,0.1,19.9,26.7,15.8,14.0,3.2,64.7
"A0005","Los Angeles","Palmdale","https://www.californiahealthmaps.org?address=A0005","Both","Mela",317165,9.4,5.5,15.6,51160,24.0,13.5,42.6,46190,"","","",203695,"","","","","","","",1,63433,0.1,19.9,26.7,15.8,14.0,3.2,64.7
"A0005","Los Angeles","Palmdale","https://www.californiahealthmaps.org?address=A0005","Both","Lymph",317165,21.1,14.6,29.7,51160,24.9,14.0,43.8,46190,"","","",203695,22.2,12.6,37.6,"","","","",1,63433,0.1,19.9,26.7,15.8,14.0,3.2,64.7
"A0005","Los Angeles","Palmdale","https://www.californiahealthmaps.org?address=A0005","Both","Urinary",317165,8.2,4.3,14.5,51160,"","","",46190,"","","",203695,"","","","","","","",1,63433,0.1,19.9,26.7,15.8,14.0,3.2,64.7
"A0005","Los Angeles","Palmdale","https://www.californiahealthmaps.org?address=A0005","Both","Kidney",317165,13.7,9.0,20.4,51160,"","","",46190,"","","",203695,13.7,6.9,26.3,"","","","",1,63433,0.1,19.9,26.7,15.8,14.0,3.2,64.7
"A0005","Los Angeles","Palmdale","https://www.californiahealthmaps.org?address=A0005","Both","Thyroid",317165,12.2,8.1,18.3,51160,"","","",46190,"","","",203695,11.4,6.6,21.7,"","","","",1,63433,0.1,19.9,26.7,15.8,14.0,3.2,64.7
