"Zone","Counties","Cities","URL","Sex","Cancer","PopTot","AAIR","LCI","UCI","White_PopTot","White_AAIR","White_LCI","White_UCI","Black_PopTot","Black_AAIR","Black_LCI","Black_UCI","Hispanic_PopTot","Hispanic_AAIR","Hispanic_LCI","Hispanic_UCI","Asian_PopTot","Asian_AAIR","Asian_LCI","Asian_UCI","QNSES","PopAll","PerRural","PerUninsured","PerForeignBorn","PerWhite","PerBlack","PerAsian","PerHispanic","PerAPI","PerDocvisit","PerFOBT","PerMammo","PerMenPrev","PerPap","PerWomenPrev"
"A0510","Los Angeles","Los Angeles","https://www.californiahealthmaps.org?address=A0510","Male","AllSite",157115,430.5,396.3,467.3,67590,457.3,412.7,507.0,"","","","",60780,393.4,310.6,495.2,15780,385.7,287.0,512.7,3,64695,0.0,22.1,43.1,41.5,4.2,11.6,39.3,11.6,65.0,59.4,78.1,26.6,84.9,31.6
"A0510","Los Angeles","Los Angeles","https://www.californiahealthmaps.org?address=A0510","Female","AllSite",166360,424.8,394.8,456.6,71630,436.9,396.0,482.8,"","","","",63135,429.6,365.1,504.8,18090,423.9,333.6,534.9,3,64695,0.0,22.1,43.1,41.5,4.2,11.6,39.3,11.6,65.0,59.4,78.1,26.6,84.9,31.6
"A0510","Los Angeles","Los Angeles","https://www.californiahealthmaps.org?address=A0510","Male","Prostate",157115,103.1,86.7,122.2,67590,99.1,79.5,124.2,"","","","",60780,115.8,73.1,178.9,15780,"","","",3,64695,0.0,22.1,43.1,41.5,4.2,11.6,39.3,11.6,65.0,59.4,78.1,26.6,84.9,31.6
"A0510","Los Angeles","Los Angeles","https://www.californiahealthmaps.org?address=A0510","Female","Breast",166360,134.2,117.6,152.7,71630,145.5,121.3,175.1,"","","","",63135,108.5,80.3,147.3,18090,165.0,111.8,239.6,3,64695,0.0,22.1,43.1,41.5,4.2,11.6,39.3,11.6,65.0,59.4,78.1,26.6,84.9,31.6
"A0510","Los Angeles","Los Angeles","https://www.californiahealthmaps.org?address=A0510","Male","Lung",157115,49.2,37.8,63.3,67590,55.0,40.3,75.3,"","","","",60780,"","","",15780,"","","",3,64695,0.0,22.1,43.1,41.5,4.2,11.6,39.3,11.6,65.0,59.4,78.1,26.6,84.9,31.6
"A0510","Los Angeles","Los Angeles","https://www.californiahealthmaps.org?address=A0510","Female","Lung",166360,39.9,31.0,50.8,71630,43.2,31.7,60.3,"","","","",63135,"","","",18090,"","","",3,64695,0.0,22.1,43.1,41.5,4.2,11.6,39.3,11.6,65.0,59.4,78.1,26.6,84.9,31.6
"A0510","Los Angeles","Los Angeles","https://www.californiahealthmaps.org?address=A0510","Male","CRC",157115,35.0,26.0,46.7,67590,30.9,20.5,47.2,"","","","",60780,"","","",15780,"","","",3,64695,0.0,22.1,43.1,41.5,4.2,11.6,39.3,11.6,65.0,59.4,78.1,26.6,84.9,31.6
"A0510","Los Angeles","Los Angeles","https://www.californiahealthmaps.org?address=A0510","Female","CRC",166360,34.9,26.9,44.9,71630,34.6,24.4,50.5,"","","","",63135,43.7,24.2,75.8,18090,"","","",3,64695,0.0,22.1,43.1,41.5,4.2,11.6,39.3,11.6,65.0,59.4,78.1,26.6,84.9,31.6
"A0510","Los Angeles","Los Angeles","https://www.californiahealthmaps.org?address=A0510","Male","Mela",157115,15.5,9.7,24.1,67590,23.1,14.4,37.7,"","","","",60780,"","","",15780,"","","",3,64695,0.0,22.1,43.1,41.5,4.2,11.6,39.3,11.6,65.0,59.4,78.1,26.6,84.9,31.6
"A0510","Los Angeles","Los Angeles","https://www.californiahealthmaps.org?address=A0510","Female","Mela",166360,9.5,5.6,15.4,71630,15.7,8.5,29.6,"","","","",63135,"","","",18090,"","","",3,64695,0.0,22.1,43.1,41.5,4.2,11.6,39.3,11.6,65.0,59.4,78.1,26.6,84.9,31.6
"A0510","Los Angeles","Los Angeles","https://www.californiahealthmaps.org?address=A0510","Female","Uterine",166360,28.7,21.3,38.1,71630,28.6,19.0,44.3,"","","","",63135,32.5,17.8,59.3,18090,"","","",3,64695,0.0,22.1,43.1,41.5,4.2,11.6,39.3,11.6,65.0,59.4,78.1,26.6,84.9,31.6
"A0510","Los Angeles","Los Angeles","https://www.californiahealthmaps.org?address=A0510","Male","Lymph",157115,28.6,20.0,39.9,67590,18.5,10.6,32.6,"","","","",60780,"","","",15780,"","","",3,64695,0.0,22.1,43.1,41.5,4.2,11.6,39.3,11.6,65.0,59.4,78.1,26.6,84.9,31.6
"A0510","Los Angeles","Los Angeles","https://www.californiahealthmaps.org?address=A0510","Female","Lymph",166360,17.4,11.9,24.9,71630,16.7,10.2,29.5,"","","","",63135,"","","",18090,"","","",3,64695,0.0,22.1,43.1,41.5,4.2,11.6,39.3,11.6,65.0,59.4,78.1,26.6,84.9,31.6
"A0510","Los Angeles","Los Angeles","https://www.californiahealthmaps.org?address=A0510","Male","Urinary",157115,23.1,15.6,33.3,67590,24.8,15.7,39.9,"","","","",60780,"","","",15780,"","","",3,64695,0.0,22.1,43.1,41.5,4.2,11.6,39.3,11.6,65.0,59.4,78.1,26.6,84.9,31.6
"A0510","Los Angeles","Los Angeles","https://www.californiahealthmaps.org?address=A0510","Female","Urinary",166360,"","","",71630,"","","","","","","",63135,"","","",18090,"","","",3,64695,0.0,22.1,43.1,41.5,4.2,11.6,39.3,11.6,65.0,59.4,78.1,26.6,84.9,31.6
"A0510","Los Angeles","Los Angeles","https://www.californiahealthmaps.org?address=A0510","Male","Kidney",157115,18.3,11.9,27.4,67590,20.1,11.7,34.7,"","","","",60780,"","","",15780,"","","",3,64695,0.0,22.1,43.1,41.5,4.2,11.6,39.3,11.6,65.0,59.4,78.1,26.6,84.9,31.6
"A0510","Los Angeles","Los Angeles","https://www.californiahealthmaps.org?address=A0510","Female","Kidney",166360,11.4,6.9,18.0,71630,"","","","","","","",63135,"","","",18090,"","","",3,64695,0.0,22.1,43.1,41.5,4.2,11.6,39.3,11.6,65.0,59.4,78.1,26.6,84.9,31.6
"A0510","Los Angeles","Los Angeles","https://www.californiahealthmaps.org?address=A0510","Male","Thyroid",157115,13.2,8.0,21.1,67590,22.8,12.7,39.6,"","","","",60780,"","","",15780,"","","",3,64695,0.0,22.1,43.1,41.5,4.2,11.6,39.3,11.6,65.0,59.4,78.1,26.6,84.9,31.6
"A0510","Los Angeles","Los Angeles","https://www.californiahealthmaps.org?address=A0510","Female","Thyroid",166360,20.1,13.9,28.3,71630,20.0,11.1,35.7,"","","","",63135,"","","",18090,"","","",3,64695,0.0,22.1,43.1,41.5,4.2,11.6,39.3,11.6,65.0,59.4,78.1,26.6,84.9,31.6
"A0510","Los Angeles","Los Angeles","https://www.californiahealthmaps.org?address=A0510","Male","Liver",157115,13.7,8.3,21.9,67590,"","","","","","","",60780,"","","",15780,"","","",3,64695,0.0,22.1,43.1,41.5,4.2,11.6,39.3,11.6,65.0,59.4,78.1,26.6,84.9,31.6
"A0510","Los Angeles","Los Angeles","https://www.californiahealthmaps.org?address=A0510","Female","Liver",166360,"","","",71630,"","","","","","","",63135,"","","",18090,"","","",3,64695,0.0,22.1,43.1,41.5,4.2,11.6,39.3,11.6,65.0,59.4,78.1,26.6,84.9,31.6
"A0510","Los Angeles","Los Angeles","https://www.californiahealthmaps.org?address=A0510","Male","Pancreas",157115,11.1,6.2,18.7,67590,15.5,8.5,28.7,"","","","",60780,"","","",15780,"","","",3,64695,0.0,22.1,43.1,41.5,4.2,11.6,39.3,11.6,65.0,59.4,78.1,26.6,84.9,31.6
"A0510","Los Angeles","Los Angeles","https://www.californiahealthmaps.org?address=A0510","Female","Pancreas",166360,12.0,7.5,18.6,71630,15.6,8.8,29.0,"","","","",63135,"","","",18090,"","","",3,64695,0.0,22.1,43.1,41.5,4.2,11.6,39.3,11.6,65.0,59.4,78.1,26.6,84.9,31.6
"A0510","Los Angeles","Los Angeles","https://www.californiahealthmaps.org?address=A0510","Both","AllSite",323475,422.7,400.3,446.1,139220,442.3,412.3,474.7,14405,482.4,334.1,691.6,123915,402.2,352.3,458.6,33870,407.0,339.2,486.4,3,64695,0.0,22.1,43.1,41.5,4.2,11.6,39.3,11.6,65.0,59.4,78.1,26.6,84.9,31.6
"A0510","Los Angeles","Los Angeles","https://www.californiahealthmaps.org?address=A0510","Both","Lung",323475,43.8,36.6,52.1,139220,48.2,38.9,60.1,14405,"","","",123915,32.4,18.3,54.2,33870,47.9,26.1,83.0,3,64695,0.0,22.1,43.1,41.5,4.2,11.6,39.3,11.6,65.0,59.4,78.1,26.6,84.9,31.6
"A0510","Los Angeles","Los Angeles","https://www.californiahealthmaps.org?address=A0510","Both","CRC",323475,35.4,29.2,42.6,139220,33.4,25.9,43.6,14405,"","","",123915,44.4,28.4,67.8,33870,"","","",3,64695,0.0,22.1,43.1,41.5,4.2,11.6,39.3,11.6,65.0,59.4,78.1,26.6,84.9,31.6
"A0510","Los Angeles","Los Angeles","https://www.californiahealthmaps.org?address=A0510","Both","Mela",323475,11.6,8.3,16.0,139220,18.1,12.6,26.5,14405,"","","",123915,"","","",33870,"","","",3,64695,0.0,22.1,43.1,41.5,4.2,11.6,39.3,11.6,65.0,59.4,78.1,26.6,84.9,31.6
"A0510","Los Angeles","Los Angeles","https://www.californiahealthmaps.org?address=A0510","Both","Lymph",323475,22.3,17.3,28.4,139220,17.8,12.5,25.8,14405,"","","",123915,"","","",33870,"","","",3,64695,0.0,22.1,43.1,41.5,4.2,11.6,39.3,11.6,65.0,59.4,78.1,26.6,84.9,31.6
"A0510","Los Angeles","Los Angeles","https://www.californiahealthmaps.org?address=A0510","Both","Urinary",323475,12.1,8.5,16.8,139220,13.9,9.2,21.4,14405,"","","",123915,"","","",33870,"","","",3,64695,0.0,22.1,43.1,41.5,4.2,11.6,39.3,11.6,65.0,59.4,78.1,26.6,84.9,31.6
"A0510","Los Angeles","Los Angeles","https://www.californiahealthmaps.org?address=A0510","Both","Kidney",323475,14.3,10.5,19.3,139220,14.0,9.1,21.9,14405,"","","",123915,"","","",33870,"","","",3,64695,0.0,22.1,43.1,41.5,4.2,11.6,39.3,11.6,65.0,59.4,78.1,26.6,84.9,31.6
"A0510","Los Angeles","Los Angeles","https://www.californiahealthmaps.org?address=A0510","Both","Thyroid",323475,16.7,12.5,21.9,139220,21.3,14.3,31.4,14405,"","","",123915,17.9,9.7,33.1,33870,"","","",3,64695,0.0,22.1,43.1,41.5,4.2,11.6,39.3,11.6,65.0,59.4,78.1,26.6,84.9,31.6
"A0510","Los Angeles","Los Angeles","https://www.californiahealthmaps.org?address=A0510","Both","Liver",323475,8.5,5.5,12.6,139220,"","","",14405,"","","",123915,"","","",33870,"","","",3,64695,0.0,22.1,43.1,41.5,4.2,11.6,39.3,11.6,65.0,59.4,78.1,26.6,84.9,31.6
"A0510","Los Angeles","Los Angeles","https://www.californiahealthmaps.org?address=A0510","Both","Pancreas",323475,11.6,8.2,16.1,139220,15.5,10.4,23.5,14405,"","","",123915,"","","",33870,"","","",3,64695,0.0,22.1,43.1,41.5,4.2,11.6,39.3,11.6,65.0,59.4,78.1,26.6,84.9,31.6
