"Zone","Counties","Cities","URL","Sex","Cancer","PopTot","AAIR","LCI","UCI","White_PopTot","White_AAIR","White_LCI","White_UCI","Black_PopTot","Black_AAIR","Black_LCI","Black_UCI","Hispanic_PopTot","Hispanic_AAIR","Hispanic_LCI","Hispanic_UCI","Asian_PopTot","Asian_AAIR","Asian_LCI","Asian_UCI","QNSES","PopAll","PerRural","PerUninsured","PerForeignBorn","PerWhite","PerBlack","PerAsian","PerHispanic"
"A0682","San Francisco","San Francisco","https://www.californiahealthmaps.org?address=A0682","Male","AllSite",146195,450.1,419.4,483.1,72585,504.9,460.5,554.6,"","","","",12495,403.5,289.8,550.5,51190,388.8,340.9,443.3,5,60227,0.0,5.6,29.7,46.3,2.6,36.3,10.3
"A0682","San Francisco","San Francisco","https://www.californiahealthmaps.org?address=A0682","Female","AllSite",154940,412.6,384.8,442.6,70430,459.6,417.2,507.5,"","","","",14445,316.8,233.7,426.2,60040,397.2,353.9,446.7,5,60227,0.0,5.6,29.7,46.3,2.6,36.3,10.3
"A0682","San Francisco","San Francisco","https://www.californiahealthmaps.org?address=A0682","Male","Prostate",146195,89.5,76.5,104.8,72585,87.1,70.1,109.7,"","","","",12495,"","","",51190,81.5,61.0,109.0,5,60227,0.0,5.6,29.7,46.3,2.6,36.3,10.3
"A0682","San Francisco","San Francisco","https://www.californiahealthmaps.org?address=A0682","Female","Breast",154940,143.2,126.8,161.8,70430,149.9,126.2,179.3,"","","","",14445,108.0,60.5,184.7,60040,145.4,119.4,178.0,5,60227,0.0,5.6,29.7,46.3,2.6,36.3,10.3
"A0682","San Francisco","San Francisco","https://www.californiahealthmaps.org?address=A0682","Male","Lung",146195,46.8,37.3,58.8,72585,45.3,32.6,64.2,"","","","",12495,"","","",51190,53.1,36.8,76.6,5,60227,0.0,5.6,29.7,46.3,2.6,36.3,10.3
"A0682","San Francisco","San Francisco","https://www.californiahealthmaps.org?address=A0682","Female","Lung",154940,44.1,35.4,55.0,70430,44.6,32.8,62.8,"","","","",14445,"","","",60040,44.5,30.9,65.4,5,60227,0.0,5.6,29.7,46.3,2.6,36.3,10.3
"A0682","San Francisco","San Francisco","https://www.californiahealthmaps.org?address=A0682","Male","CRC",146195,31.7,24.0,41.9,72585,31.5,21.4,47.9,"","","","",12495,"","","",51190,31.3,18.7,51.6,5,60227,0.0,5.6,29.7,46.3,2.6,36.3,10.3
"A0682","San Francisco","San Francisco","https://www.californiahealthmaps.org?address=A0682","Female","CRC",154940,32.0,24.9,41.4,70430,34.6,24.0,51.7,"","","","",14445,"","","",60040,33.8,22.5,52.5,5,60227,0.0,5.6,29.7,46.3,2.6,36.3,10.3
"A0682","San Francisco","San Francisco","https://www.californiahealthmaps.org?address=A0682","Male","Mela",146195,33.0,25.2,43.2,72585,56.6,42.8,76.4,"","","","",12495,"","","",51190,"","","",5,60227,0.0,5.6,29.7,46.3,2.6,36.3,10.3
"A0682","San Francisco","San Francisco","https://www.californiahealthmaps.org?address=A0682","Female","Mela",154940,19.7,13.7,28.3,70430,35.2,23.2,54.1,"","","","",14445,"","","",60040,"","","",5,60227,0.0,5.6,29.7,46.3,2.6,36.3,10.3
"A0682","San Francisco","San Francisco","https://www.californiahealthmaps.org?address=A0682","Female","Uterine",154940,35.0,27.4,45.0,70430,36.2,25.4,53.4,"","","","",14445,"","","",60040,37.6,25.4,57.1,5,60227,0.0,5.6,29.7,46.3,2.6,36.3,10.3
"A0682","San Francisco","San Francisco","https://www.californiahealthmaps.org?address=A0682","Male","Lymph",146195,33.4,25.3,44.1,72585,36.8,25.2,54.7,"","","","",12495,"","","",51190,30.6,18.3,50.7,5,60227,0.0,5.6,29.7,46.3,2.6,36.3,10.3
"A0682","San Francisco","San Francisco","https://www.californiahealthmaps.org?address=A0682","Female","Lymph",154940,12.7,8.3,19.6,70430,"","","","","","","",14445,"","","",60040,"","","",5,60227,0.0,5.6,29.7,46.3,2.6,36.3,10.3
"A0682","San Francisco","San Francisco","https://www.californiahealthmaps.org?address=A0682","Male","Urinary",146195,16.1,10.7,24.0,72585,20.7,12.8,35.3,"","","","",12495,"","","",51190,"","","",5,60227,0.0,5.6,29.7,46.3,2.6,36.3,10.3
"A0682","San Francisco","San Francisco","https://www.californiahealthmaps.org?address=A0682","Female","Urinary",154940,5.0,2.5,10.3,70430,"","","","","","","",14445,"","","",60040,"","","",5,60227,0.0,5.6,29.7,46.3,2.6,36.3,10.3
"A0682","San Francisco","San Francisco","https://www.californiahealthmaps.org?address=A0682","Male","Kidney",146195,21.7,15.4,30.5,72585,31.1,21.1,47.4,"","","","",12495,"","","",51190,"","","",5,60227,0.0,5.6,29.7,46.3,2.6,36.3,10.3
"A0682","San Francisco","San Francisco","https://www.californiahealthmaps.org?address=A0682","Female","Kidney",154940,4.3,2.0,9.5,70430,"","","","","","","",14445,"","","",60040,"","","",5,60227,0.0,5.6,29.7,46.3,2.6,36.3,10.3
"A0682","San Francisco","San Francisco","https://www.californiahealthmaps.org?address=A0682","Male","Thyroid",146195,9.9,5.6,17.1,72585,"","","","","","","",12495,"","","",51190,"","","",5,60227,0.0,5.6,29.7,46.3,2.6,36.3,10.3
"A0682","San Francisco","San Francisco","https://www.californiahealthmaps.org?address=A0682","Female","Thyroid",154940,15.0,9.6,23.2,70430,"","","","","","","",14445,"","","",60040,"","","",5,60227,0.0,5.6,29.7,46.3,2.6,36.3,10.3
"A0682","San Francisco","San Francisco","https://www.californiahealthmaps.org?address=A0682","Both","AllSite",301135,427.2,406.7,448.9,143015,477.8,447.3,510.9,"","","","",26940,342.3,275.3,422.9,111230,391.9,359.7,427.3,5,60227,0.0,5.6,29.7,46.3,2.6,36.3,10.3
"A0682","San Francisco","San Francisco","https://www.californiahealthmaps.org?address=A0682","Both","Lung",301135,44.5,38.1,52.0,143015,43.7,35.1,55.3,"","","","",26940,"","","",111230,48.2,37.5,62.3,5,60227,0.0,5.6,29.7,46.3,2.6,36.3,10.3
"A0682","San Francisco","San Francisco","https://www.californiahealthmaps.org?address=A0682","Both","CRC",301135,32.0,26.7,38.6,143015,32.9,25.4,43.4,"","","","",26940,"","","",111230,32.6,23.9,44.8,5,60227,0.0,5.6,29.7,46.3,2.6,36.3,10.3
"A0682","San Francisco","San Francisco","https://www.californiahealthmaps.org?address=A0682","Both","Mela",301135,25.4,20.6,31.4,143015,44.1,35.1,56.1,"","","","",26940,"","","",111230,"","","",5,60227,0.0,5.6,29.7,46.3,2.6,36.3,10.3
"A0682","San Francisco","San Francisco","https://www.californiahealthmaps.org?address=A0682","Both","Lymph",301135,22.8,18.2,28.7,143015,23.6,17.0,33.3,"","","","",26940,"","","",111230,21.5,14.5,32.1,5,60227,0.0,5.6,29.7,46.3,2.6,36.3,10.3
"A0682","San Francisco","San Francisco","https://www.californiahealthmaps.org?address=A0682","Both","Urinary",301135,9.4,6.7,13.3,143015,12.4,8.2,19.9,"","","","",26940,"","","",111230,"","","",5,60227,0.0,5.6,29.7,46.3,2.6,36.3,10.3
"A0682","San Francisco","San Francisco","https://www.californiahealthmaps.org?address=A0682","Both","Kidney",301135,12.3,9.1,16.8,143015,17.2,11.9,25.6,"","","","",26940,"","","",111230,"","","",5,60227,0.0,5.6,29.7,46.3,2.6,36.3,10.3
"A0682","San Francisco","San Francisco","https://www.californiahealthmaps.org?address=A0682","Both","Thyroid",301135,12.4,8.8,17.3,143015,12.2,7.4,20.4,"","","","",26940,"","","",111230,14.1,8.1,24.2,5,60227,0.0,5.6,29.7,46.3,2.6,36.3,10.3
