"Zone","URL","Sex","Cancer","Years","Counties","Places","AAIR","LCI","UCI","White_PopTot","White_AAIR","White_LCI","White_UCI","Black_PopTot","Black_AAIR","Black_LCI","Black_UCI","TotalPop","PctMinority","PctHispanic","PctBlackNH","PctRural","PctBelowPov","PctEducLHS","PctEducBch","PctNoHealthIns"
"A9020","https://www.example.com?address=A9020","Both","AllSite","05yrs","Caddo","Shreveport",484.4,460.7,509.0,73493,462.6,422.7,505.9,243898,509.2,477.0,542.8,65980,75.66,2.0,71.31,0.39,26.4,16.59,14.05,16.8
"A9020","https://www.example.com?address=A9020","Female","AllSite","05yrs","Caddo","Shreveport",421.4,392.3,452.1,38058,420.9,366.9,481.9,134785,436.7,398.7,477.3,65980,75.66,2.0,71.31,0.39,26.4,16.59,14.05,16.8
"A9020","https://www.example.com?address=A9020","Male","AllSite","05yrs","Caddo","Shreveport",576.5,536.5,618.7,35435,526.3,465.6,594.0,109113,618.6,561.5,679.5,65980,75.66,2.0,71.31,0.39,26.4,16.59,14.05,16.8
"A9020","https://www.example.com?address=A9020","Male","Prostate","05yrs","Caddo","Shreveport",143.8,124.7,165.1,35435,117.4,91.3,150.3,109113,160.3,133.0,191.4,65980,75.66,2.0,71.31,0.39,26.4,16.59,14.05,16.8
"A9020","https://www.example.com?address=A9020","Both","Lung","05yrs","Caddo","Shreveport",74.8,65.7,84.8,73493,62.6,49.7,78.8,243898,85.3,72.1,100.1,65980,75.66,2.0,71.31,0.39,26.4,16.59,14.05,16.8
"A9020","https://www.example.com?address=A9020","Female","Lung","05yrs","Caddo","Shreveport",56.2,46.2,67.7,38058,58.2,41.7,81.6,134785,59.3,45.6,75.7,65980,75.66,2.0,71.31,0.39,26.4,16.59,14.05,16.8
"A9020","https://www.example.com?address=A9020","Male","Lung","05yrs","Caddo","Shreveport",102.9,86.1,122.1,35435,72.5,52.0,100.2,109113,125.6,99.6,155.7,65980,75.66,2.0,71.31,0.39,26.4,16.59,14.05,16.8
"A9020","https://www.example.com?address=A9020","Female","Breast","05yrs","Caddo","Shreveport",128.9,112.9,146.6,38058,113.2,83.9,150.4,134785,138.5,118.0,161.6,65980,75.66,2.0,71.31,0.39,26.4,16.59,14.05,16.8
"A9020","https://www.example.com?address=A9020","Both","CRC","05yrs","Caddo","Shreveport",48.7,41.4,57.0,73493,45.9,32.8,62.9,243898,52.4,42.7,63.6,65980,75.66,2.0,71.31,0.39,26.4,16.59,14.05,16.8
"A9020","https://www.example.com?address=A9020","Female","CRC","05yrs","Caddo","Shreveport",41.7,32.8,52.2,38058,44.7,26.5,71.6,134785,44.4,32.8,58.7,65980,75.66,2.0,71.31,0.39,26.4,16.59,14.05,16.8
"A9020","https://www.example.com?address=A9020","Male","CRC","05yrs","Caddo","Shreveport",57.6,45.6,71.7,35435,48.2,30.0,74.5,109113,62.3,46.8,81.4,65980,75.66,2.0,71.31,0.39,26.4,16.59,14.05,16.8
"A9020","https://www.example.com?address=A9020","Both","Kidney","05yrs","Caddo","Shreveport",18.7,14.3,24.0,73493,16.2,9.9,26.2,243898,21.0,14.9,28.6,65980,75.66,2.0,71.31,0.39,26.4,16.59,14.05,16.8
"A9020","https://www.example.com?address=A9020","Female","Kidney","05yrs","Caddo","Shreveport",13.5,8.7,20.0,38058,"","","",134785,"","","",65980,75.66,2.0,71.31,0.39,26.4,16.59,14.05,16.8
"A9020","https://www.example.com?address=A9020","Male","Kidney","05yrs","Caddo","Shreveport",24.9,17.4,34.5,35435,"","","",109113,31.7,20.6,46.6,65980,75.66,2.0,71.31,0.39,26.4,16.59,14.05,16.8
"A9020","https://www.example.com?address=A9020","Both","NHL","05yrs","Caddo","Shreveport",17.4,13.0,22.7,73493,16.4,9.6,27.0,243898,16.0,10.7,22.8,65980,75.66,2.0,71.31,0.39,26.4,16.59,14.05,16.8
"A9020","https://www.example.com?address=A9020","Female","NHL","05yrs","Caddo","Shreveport",14.0,9.1,20.6,38058,"","","",134785,"","","",65980,75.66,2.0,71.31,0.39,26.4,16.59,14.05,16.8
"A9020","https://www.example.com?address=A9020","Male","NHL","05yrs","Caddo","Shreveport",21.4,14.1,31.0,35435,"","","",109113,20.0,11.3,32.8,65980,75.66,2.0,71.31,0.39,26.4,16.59,14.05,16.8
"A9020","https://www.example.com?address=A9020","Both","Urinary","05yrs","Caddo","Shreveport",13.4,9.6,18.1,73493,15.4,9.2,25.3,243898,12.0,7.2,18.6,65980,75.66,2.0,71.31,0.39,26.4,16.59,14.05,16.8
"A9020","https://www.example.com?address=A9020","Female","Urinary","05yrs","Caddo","Shreveport",8.3,4.7,13.6,38058,"","","",134785,"","","",65980,75.66,2.0,71.31,0.39,26.4,16.59,14.05,16.8
"A9020","https://www.example.com?address=A9020","Male","Urinary","05yrs","Caddo","Shreveport",20.8,13.5,30.5,35435,29.7,17.0,50.3,109113,"","","",65980,75.66,2.0,71.31,0.39,26.4,16.59,14.05,16.8
"A9020","https://www.example.com?address=A9020","Both","Mela","05yrs","Caddo","Shreveport",7.1,4.4,10.8,73493,16.1,9.5,26.7,243898,"","","",65980,75.66,2.0,71.31,0.39,26.4,16.59,14.05,16.8
"A9020","https://www.example.com?address=A9020","Female","Mela","05yrs","Caddo","Shreveport","","","",38058,"","","",134785,"","","",65980,75.66,2.0,71.31,0.39,26.4,16.59,14.05,16.8
"A9020","https://www.example.com?address=A9020","Male","Mela","05yrs","Caddo","Shreveport","","","",35435,"","","",109113,"","","",65980,75.66,2.0,71.31,0.39,26.4,16.59,14.05,16.8
"A9020","https://www.example.com?address=A9020","Both","Pancreas","05yrs","Caddo","Shreveport",18.1,13.7,23.5,73493,17.2,10.8,27.2,243898,20.3,13.6,28.8,65980,75.66,2.0,71.31,0.39,26.4,16.59,14.05,16.8
"A9020","https://www.example.com?address=A9020","Female","Pancreas","05yrs","Caddo","Shreveport",15.6,10.5,22.4,38058,"","","",134785,17.3,9.9,27.8,65980,75.66,2.0,71.31,0.39,26.4,16.59,14.05,16.8
"A9020","https://www.example.com?address=A9020","Male","Pancreas","05yrs","Caddo","Shreveport",21.4,14.0,31.2,35435,"","","",109113,24.6,12.9,41.3,65980,75.66,2.0,71.31,0.39,26.4,16.59,14.05,16.8
"A9020","https://www.example.com?address=A9020","Both","Leuks","05yrs","Caddo","Shreveport",10.8,7.5,15.0,73493,11.9,6.5,21.2,243898,10.8,6.3,17.0,65980,75.66,2.0,71.31,0.39,26.4,16.59,14.05,16.8
"A9020","https://www.example.com?address=A9020","Female","Leuks","05yrs","Caddo","Shreveport",7.9,4.5,12.9,38058,"","","",134785,"","","",65980,75.66,2.0,71.31,0.39,26.4,16.59,14.05,16.8
"A9020","https://www.example.com?address=A9020","Male","Leuks","05yrs","Caddo","Shreveport",15.4,9.2,23.9,35435,"","","",109113,"","","",65980,75.66,2.0,71.31,0.39,26.4,16.59,14.05,16.8
"A9020","https://www.example.com?address=A9020","Both","Oral","05yrs","Caddo","Shreveport",17.8,13.6,22.9,73493,27.2,17.7,40.5,243898,14.8,10.0,21.0,65980,75.66,2.0,71.31,0.39,26.4,16.59,14.05,16.8
"A9020","https://www.example.com?address=A9020","Female","Oral","05yrs","Caddo","Shreveport","","","",38058,"","","",134785,"","","",65980,75.66,2.0,71.31,0.39,26.4,16.59,14.05,16.8
"A9020","https://www.example.com?address=A9020","Male","Oral","05yrs","Caddo","Shreveport",33.3,24.7,44.1,35435,47.1,29.7,72.2,109113,29.9,19.1,44.4,65980,75.66,2.0,71.31,0.39,26.4,16.59,14.05,16.8
"A9020","https://www.example.com?address=A9020","Both","Thyroid","05yrs","Caddo","Shreveport",11.6,8.2,16.1,73493,18.2,10.1,30.5,243898,8.8,5.2,13.8,65980,75.66,2.0,71.31,0.39,26.4,16.59,14.05,16.8
"A9020","https://www.example.com?address=A9020","Female","Thyroid","05yrs","Caddo","Shreveport",17.1,11.5,24.4,38058,"","","",134785,14.2,8.4,22.6,65980,75.66,2.0,71.31,0.39,26.4,16.59,14.05,16.8
"A9020","https://www.example.com?address=A9020","Male","Thyroid","05yrs","Caddo","Shreveport","","","",35435,"","","",109113,"","","",65980,75.66,2.0,71.31,0.39,26.4,16.59,14.05,16.8
"A9020","https://www.example.com?address=A9020","Female","Uterine","05yrs","Caddo","Shreveport",29.8,22.7,38.5,38058,36.7,22.7,58.4,134785,28.0,19.5,38.9,65980,75.66,2.0,71.31,0.39,26.4,16.59,14.05,16.8
"A9020","https://www.example.com?address=A9020","Both","Liver","05yrs","Caddo","Shreveport",10.4,7.3,14.5,73493,"","","",243898,13.0,8.6,18.9,65980,75.66,2.0,71.31,0.39,26.4,16.59,14.05,16.8
"A9020","https://www.example.com?address=A9020","Female","Liver","05yrs","Caddo","Shreveport","","","",38058,"","","",134785,"","","",65980,75.66,2.0,71.31,0.39,26.4,16.59,14.05,16.8
"A9020","https://www.example.com?address=A9020","Male","Liver","05yrs","Caddo","Shreveport",15.7,10.2,23.4,35435,"","","",109113,20.6,12.5,32.2,65980,75.66,2.0,71.31,0.39,26.4,16.59,14.05,16.8
"A9020","https://www.example.com?address=A9020","Both","Stomach","05yrs","Caddo","Shreveport",9.9,6.8,14.0,73493,"","","",243898,12.4,7.7,18.9,65980,75.66,2.0,71.31,0.39,26.4,16.59,14.05,16.8
"A9020","https://www.example.com?address=A9020","Female","Stomach","05yrs","Caddo","Shreveport","","","",38058,"","","",134785,"","","",65980,75.66,2.0,71.31,0.39,26.4,16.59,14.05,16.8
"A9020","https://www.example.com?address=A9020","Male","Stomach","05yrs","Caddo","Shreveport",14.1,8.2,22.4,35435,"","","",109113,"","","",65980,75.66,2.0,71.31,0.39,26.4,16.59,14.05,16.8
"A9020","https://www.example.com?address=A9020","Both","Myeloma","05yrs","Caddo","Shreveport",10.6,7.4,14.8,73493,"","","",243898,15.7,10.6,22.4,65980,75.66,2.0,71.31,0.39,26.4,16.59,14.05,16.8
"A9020","https://www.example.com?address=A9020","Female","Myeloma","05yrs","Caddo","Shreveport",9.0,5.2,14.5,38058,"","","",134785,13.3,7.4,21.7,65980,75.66,2.0,71.31,0.39,26.4,16.59,14.05,16.8
"A9020","https://www.example.com?address=A9020","Male","Myeloma","05yrs","Caddo","Shreveport",13.2,7.8,20.7,35435,"","","",109113,20.0,10.9,33.4,65980,75.66,2.0,71.31,0.39,26.4,16.59,14.05,16.8
"A9020","https://www.example.com?address=A9020","Both","Brain","05yrs","Caddo","Shreveport",4.8,2.8,7.9,73493,"","","",243898,"","","",65980,75.66,2.0,71.31,0.39,26.4,16.59,14.05,16.8
"A9020","https://www.example.com?address=A9020","Female","Brain","05yrs","Caddo","Shreveport","","","",38058,"","","",134785,"","","",65980,75.66,2.0,71.31,0.39,26.4,16.59,14.05,16.8
"A9020","https://www.example.com?address=A9020","Male","Brain","05yrs","Caddo","Shreveport","","","",35435,"","","",109113,"","","",65980,75.66,2.0,71.31,0.39,26.4,16.59,14.05,16.8
"A9020","https://www.example.com?address=A9020","Both","Larynx","05yrs","Caddo","Shreveport",5.3,3.1,8.3,73493,"","","",243898,"","","",65980,75.66,2.0,71.31,0.39,26.4,16.59,14.05,16.8
"A9020","https://www.example.com?address=A9020","Female","Larynx","05yrs","Caddo","Shreveport","","","",38058,"","","",134785,"","","",65980,75.66,2.0,71.31,0.39,26.4,16.59,14.05,16.8
"A9020","https://www.example.com?address=A9020","Male","Larynx","05yrs","Caddo","Shreveport","","","",35435,"","","",109113,"","","",65980,75.66,2.0,71.31,0.39,26.4,16.59,14.05,16.8
"A9020","https://www.example.com?address=A9020","Female","Ovary","05yrs","Caddo","Shreveport",9.8,5.7,15.6,38058,"","","",134785,"","","",65980,75.66,2.0,71.31,0.39,26.4,16.59,14.05,16.8
"A9020","https://www.example.com?address=A9020","Both","Esoph","05yrs","Caddo","Shreveport",6.4,3.9,9.9,73493,"","","",243898,"","","",65980,75.66,2.0,71.31,0.39,26.4,16.59,14.05,16.8
"A9020","https://www.example.com?address=A9020","Female","Esoph","05yrs","Caddo","Shreveport","","","",38058,"","","",134785,"","","",65980,75.66,2.0,71.31,0.39,26.4,16.59,14.05,16.8
"A9020","https://www.example.com?address=A9020","Male","Esoph","05yrs","Caddo","Shreveport",13.1,7.6,20.9,35435,"","","",109113,"","","",65980,75.66,2.0,71.31,0.39,26.4,16.59,14.05,16.8
"A9020","https://www.example.com?address=A9020","Both","AllSite","10yrs","Caddo","Shreveport",504.6,487.4,522.3,163699,486.3,458.6,515.5,472971,521.4,497.6,545.9,65980,75.66,2.0,71.31,0.39,26.4,16.59,14.05,16.8
"A9020","https://www.example.com?address=A9020","Female","AllSite","10yrs","Caddo","Shreveport",426.7,405.9,448.4,85151,411.7,375.9,450.4,261232,444.0,416.1,473.3,65980,75.66,2.0,71.31,0.39,26.4,16.59,14.05,16.8
"A9020","https://www.example.com?address=A9020","Male","AllSite","10yrs","Caddo","Shreveport",620.4,590.5,651.3,78547,591.7,547.4,639.2,211739,642.1,599.2,687.2,65980,75.66,2.0,71.31,0.39,26.4,16.59,14.05,16.8
"A9020","https://www.example.com?address=A9020","Male","Prostate","10yrs","Caddo","Shreveport",174.1,158.8,190.5,78547,138.2,118.3,161.1,211739,200.2,176.9,225.6,65980,75.66,2.0,71.31,0.39,26.4,16.59,14.05,16.8
"A9020","https://www.example.com?address=A9020","Both","Lung","10yrs","Caddo","Shreveport",74.8,68.3,81.8,163699,77.6,67.1,89.5,472971,75.9,66.8,85.8,65980,75.66,2.0,71.31,0.39,26.4,16.59,14.05,16.8
"A9020","https://www.example.com?address=A9020","Female","Lung","10yrs","Caddo","Shreveport",51.0,44.2,58.7,85151,58.4,46.8,72.9,261232,48.0,39.0,58.4,65980,75.66,2.0,71.31,0.39,26.4,16.59,14.05,16.8
"A9020","https://www.example.com?address=A9020","Male","Lung","10yrs","Caddo","Shreveport",109.9,97.4,123.5,78547,103.3,85.2,124.7,211739,120.5,101.7,141.5,65980,75.66,2.0,71.31,0.39,26.4,16.59,14.05,16.8
"A9020","https://www.example.com?address=A9020","Female","Breast","10yrs","Caddo","Shreveport",127.5,116.1,139.7,85151,99.6,82.0,120.4,261232,139.0,124.0,155.3,65980,75.66,2.0,71.31,0.39,26.4,16.59,14.05,16.8
"A9020","https://www.example.com?address=A9020","Both","CRC","10yrs","Caddo","Shreveport",49.1,43.8,54.8,163699,45.4,36.9,55.5,472971,53.5,46.1,61.7,65980,75.66,2.0,71.31,0.39,26.4,16.59,14.05,16.8
"A9020","https://www.example.com?address=A9020","Female","CRC","10yrs","Caddo","Shreveport",41.8,35.5,49.0,85151,41.1,29.9,55.6,261232,45.8,37.1,55.9,65980,75.66,2.0,71.31,0.39,26.4,16.59,14.05,16.8
"A9020","https://www.example.com?address=A9020","Male","CRC","10yrs","Caddo","Shreveport",58.7,49.8,68.7,78547,51.3,38.5,67.5,211739,63.9,51.3,78.5,65980,75.66,2.0,71.31,0.39,26.4,16.59,14.05,16.8
"A9020","https://www.example.com?address=A9020","Both","Kidney","10yrs","Caddo","Shreveport",20.1,16.8,23.9,163699,18.0,13.2,24.5,472971,21.8,17.3,27.2,65980,75.66,2.0,71.31,0.39,26.4,16.59,14.05,16.8
"A9020","https://www.example.com?address=A9020","Female","Kidney","10yrs","Caddo","Shreveport",14.6,10.9,19.1,85151,13.0,7.9,21.4,261232,15.3,10.4,21.6,65980,75.66,2.0,71.31,0.39,26.4,16.59,14.05,16.8
"A9020","https://www.example.com?address=A9020","Male","Kidney","10yrs","Caddo","Shreveport",26.9,21.2,33.7,78547,23.1,15.1,34.5,211739,30.5,22.4,40.6,65980,75.66,2.0,71.31,0.39,26.4,16.59,14.05,16.8
"A9020","https://www.example.com?address=A9020","Both","NHL","10yrs","Caddo","Shreveport",19.5,16.1,23.3,163699,21.3,15.9,28.3,472971,16.5,12.5,21.4,65980,75.66,2.0,71.31,0.39,26.4,16.59,14.05,16.8
"A9020","https://www.example.com?address=A9020","Female","NHL","10yrs","Caddo","Shreveport",17.3,13.2,22.1,85151,19.2,12.5,29.2,261232,15.5,10.5,22.0,65980,75.66,2.0,71.31,0.39,26.4,16.59,14.05,16.8
"A9020","https://www.example.com?address=A9020","Male","NHL","10yrs","Caddo","Shreveport",22.2,16.8,28.8,78547,23.9,15.5,35.8,211739,17.1,11.1,25.1,65980,75.66,2.0,71.31,0.39,26.4,16.59,14.05,16.8
"A9020","https://www.example.com?address=A9020","Both","Urinary","10yrs","Caddo","Shreveport",17.9,14.7,21.5,163699,22.9,17.7,29.6,472971,13.1,9.4,17.7,65980,75.66,2.0,71.31,0.39,26.4,16.59,14.05,16.8
"A9020","https://www.example.com?address=A9020","Female","Urinary","10yrs","Caddo","Shreveport",8.6,5.9,12.1,85151,"","","",261232,9.9,6.0,15.4,65980,75.66,2.0,71.31,0.39,26.4,16.59,14.05,16.8
"A9020","https://www.example.com?address=A9020","Male","Urinary","10yrs","Caddo","Shreveport",32.2,25.4,40.2,78547,45.9,34.5,60.3,211739,17.8,11.0,27.0,65980,75.66,2.0,71.31,0.39,26.4,16.59,14.05,16.8
"A9020","https://www.example.com?address=A9020","Both","Mela","10yrs","Caddo","Shreveport",7.0,5.0,9.4,163699,15.7,10.8,22.3,472971,"","","",65980,75.66,2.0,71.31,0.39,26.4,16.59,14.05,16.8
"A9020","https://www.example.com?address=A9020","Female","Mela","10yrs","Caddo","Shreveport","","","",85151,"","","",261232,"","","",65980,75.66,2.0,71.31,0.39,26.4,16.59,14.05,16.8
"A9020","https://www.example.com?address=A9020","Male","Mela","10yrs","Caddo","Shreveport",11.8,7.8,17.1,78547,24.7,16.0,37.0,211739,"","","",65980,75.66,2.0,71.31,0.39,26.4,16.59,14.05,16.8
"A9020","https://www.example.com?address=A9020","Both","Pancreas","10yrs","Caddo","Shreveport",17.2,14.1,20.8,163699,15.8,11.4,21.9,472971,19.2,14.5,24.8,65980,75.66,2.0,71.31,0.39,26.4,16.59,14.05,16.8
"A9020","https://www.example.com?address=A9020","Female","Pancreas","10yrs","Caddo","Shreveport",15.5,11.8,20.0,85151,15.7,9.5,25.3,261232,17.4,11.9,24.4,65980,75.66,2.0,71.31,0.39,26.4,16.59,14.05,16.8
"A9020","https://www.example.com?address=A9020","Male","Pancreas","10yrs","Caddo","Shreveport",19.7,14.5,26.0,78547,17.0,10.5,27.0,211739,22.0,13.9,32.6,65980,75.66,2.0,71.31,0.39,26.4,16.59,14.05,16.8
"A9020","https://www.example.com?address=A9020","Both","Leuks","10yrs","Caddo","Shreveport",12.1,9.6,15.2,163699,12.4,8.1,18.3,472971,12.5,9.0,16.9,65980,75.66,2.0,71.31,0.39,26.4,16.59,14.05,16.8
"A9020","https://www.example.com?address=A9020","Female","Leuks","10yrs","Caddo","Shreveport",10.7,7.6,14.7,85151,13.1,6.9,23.1,261232,10.3,6.4,15.6,65980,75.66,2.0,71.31,0.39,26.4,16.59,14.05,16.8
"A9020","https://www.example.com?address=A9020","Male","Leuks","10yrs","Caddo","Shreveport",14.7,10.3,20.2,78547,"","","",211739,16.7,9.9,25.9,65980,75.66,2.0,71.31,0.39,26.4,16.59,14.05,16.8
"A9020","https://www.example.com?address=A9020","Both","Oral","10yrs","Caddo","Shreveport",16.3,13.4,19.7,163699,22.1,16.4,29.3,472971,14.0,10.3,18.5,65980,75.66,2.0,71.31,0.39,26.4,16.59,14.05,16.8
"A9020","https://www.example.com?address=A9020","Female","Oral","10yrs","Caddo","Shreveport",7.4,4.9,10.7,85151,"","","",261232,7.2,4.0,11.8,65980,75.66,2.0,71.31,0.39,26.4,16.59,14.05,16.8
"A9020","https://www.example.com?address=A9020","Male","Oral","10yrs","Caddo","Shreveport",28.3,22.4,35.4,78547,38.8,27.9,53.1,211739,24.7,16.8,34.9,65980,75.66,2.0,71.31,0.39,26.4,16.59,14.05,16.8
"A9020","https://www.example.com?address=A9020","Both","Thyroid","10yrs","Caddo","Shreveport",11.4,8.9,14.3,163699,15.8,10.4,23.0,472971,10.1,7.2,13.8,65980,75.66,2.0,71.31,0.39,26.4,16.59,14.05,16.8
"A9020","https://www.example.com?address=A9020","Female","Thyroid","10yrs","Caddo","Shreveport",16.5,12.6,21.3,85151,22.3,13.6,34.8,261232,15.3,10.7,21.2,65980,75.66,2.0,71.31,0.39,26.4,16.59,14.05,16.8
"A9020","https://www.example.com?address=A9020","Male","Thyroid","10yrs","Caddo","Shreveport","","","",78547,"","","",211739,"","","",65980,75.66,2.0,71.31,0.39,26.4,16.59,14.05,16.8
"A9020","https://www.example.com?address=A9020","Female","Uterine","10yrs","Caddo","Shreveport",26.2,21.3,31.9,85151,29.0,20.3,40.9,261232,25.9,19.7,33.5,65980,75.66,2.0,71.31,0.39,26.4,16.59,14.05,16.8
"A9020","https://www.example.com?address=A9020","Both","Liver","10yrs","Caddo","Shreveport",9.9,7.7,12.6,163699,7.4,4.2,12.3,472971,12.1,8.9,16.0,65980,75.66,2.0,71.31,0.39,26.4,16.59,14.05,16.8
"A9020","https://www.example.com?address=A9020","Female","Liver","10yrs","Caddo","Shreveport",5.6,3.5,8.6,85151,"","","",261232,6.7,3.7,11.1,65980,75.66,2.0,71.31,0.39,26.4,16.59,14.05,16.8
"A9020","https://www.example.com?address=A9020","Male","Liver","10yrs","Caddo","Shreveport",15.5,11.3,20.8,78547,"","","",211739,19.4,13.3,27.4,65980,75.66,2.0,71.31,0.39,26.4,16.59,14.05,16.8
"A9020","https://www.example.com?address=A9020","Both","Stomach","10yrs","Caddo","Shreveport",10.6,8.2,13.4,163699,5.4,3.0,9.4,472971,13.6,9.9,18.1,65980,75.66,2.0,71.31,0.39,26.4,16.59,14.05,16.8
"A9020","https://www.example.com?address=A9020","Female","Stomach","10yrs","Caddo","Shreveport",8.5,5.8,12.0,85151,"","","",261232,11.0,6.8,16.6,65980,75.66,2.0,71.31,0.39,26.4,16.59,14.05,16.8
"A9020","https://www.example.com?address=A9020","Male","Stomach","10yrs","Caddo","Shreveport",13.5,9.5,18.8,78547,"","","",211739,17.1,10.8,25.7,65980,75.66,2.0,71.31,0.39,26.4,16.59,14.05,16.8
"A9020","https://www.example.com?address=A9020","Both","Myeloma","10yrs","Caddo","Shreveport",9.7,7.5,12.5,163699,"","","",472971,13.3,9.7,17.7,65980,75.66,2.0,71.31,0.39,26.4,16.59,14.05,16.8
"A9020","https://www.example.com?address=A9020","Female","Myeloma","10yrs","Caddo","Shreveport",8.2,5.5,11.7,85151,"","","",261232,10.9,6.9,16.3,65980,75.66,2.0,71.31,0.39,26.4,16.59,14.05,16.8
"A9020","https://www.example.com?address=A9020","Male","Myeloma","10yrs","Caddo","Shreveport",12.1,8.3,17.1,78547,"","","",211739,17.2,10.6,26.1,65980,75.66,2.0,71.31,0.39,26.4,16.59,14.05,16.8
"A9020","https://www.example.com?address=A9020","Both","Brain","10yrs","Caddo","Shreveport",4.3,2.9,6.2,163699,"","","",472971,"","","",65980,75.66,2.0,71.31,0.39,26.4,16.59,14.05,16.8
"A9020","https://www.example.com?address=A9020","Female","Brain","10yrs","Caddo","Shreveport",4.2,2.4,6.8,85151,"","","",261232,"","","",65980,75.66,2.0,71.31,0.39,26.4,16.59,14.05,16.8
"A9020","https://www.example.com?address=A9020","Male","Brain","10yrs","Caddo","Shreveport","","","",78547,"","","",211739,"","","",65980,75.66,2.0,71.31,0.39,26.4,16.59,14.05,16.8
"A9020","https://www.example.com?address=A9020","Both","Larynx","10yrs","Caddo","Shreveport",5.1,3.5,7.2,163699,5.3,3.0,9.2,472971,4.9,2.9,7.9,65980,75.66,2.0,71.31,0.39,26.4,16.59,14.05,16.8
"A9020","https://www.example.com?address=A9020","Female","Larynx","10yrs","Caddo","Shreveport","","","",85151,"","","",261232,"","","",65980,75.66,2.0,71.31,0.39,26.4,16.59,14.05,16.8
"A9020","https://www.example.com?address=A9020","Male","Larynx","10yrs","Caddo","Shreveport",9.1,5.8,13.5,78547,"","","",211739,"","","",65980,75.66,2.0,71.31,0.39,26.4,16.59,14.05,16.8
"A9020","https://www.example.com?address=A9020","Female","Ovary","10yrs","Caddo","Shreveport",10.7,7.6,14.6,85151,11.7,6.3,20.6,261232,10.7,6.6,16.2,65980,75.66,2.0,71.31,0.39,26.4,16.59,14.05,16.8
"A9020","https://www.example.com?address=A9020","Both","Esoph","10yrs","Caddo","Shreveport",7.4,5.5,9.9,163699,8.4,4.5,14.2,472971,8.5,5.6,12.2,65980,75.66,2.0,71.31,0.39,26.4,16.59,14.05,16.8
"A9020","https://www.example.com?address=A9020","Female","Esoph","10yrs","Caddo","Shreveport","","","",85151,"","","",261232,"","","",65980,75.66,2.0,71.31,0.39,26.4,16.59,14.05,16.8
"A9020","https://www.example.com?address=A9020","Male","Esoph","10yrs","Caddo","Shreveport",14.7,10.3,20.2,78547,"","","",211739,17.7,10.8,26.9,65980,75.66,2.0,71.31,0.39,26.4,16.59,14.05,16.8
