"Zone","Counties","Cities","URL","Sex","Cancer","PopTot","AAIR","LCI","UCI","White_PopTot","White_AAIR","White_LCI","White_UCI","Black_PopTot","Black_AAIR","Black_LCI","Black_UCI","Hispanic_PopTot","Hispanic_AAIR","Hispanic_LCI","Hispanic_UCI","Asian_PopTot","Asian_AAIR","Asian_LCI","Asian_UCI","QNSES","PopAll","PerRural","PerUninsured","PerForeignBorn","PerWhite","PerBlack","PerAsian","PerHispanic","PerAPI","PerDocvisit","PerFOBT","PerMammo","PerMenPrev","PerPap","PerWomenPrev"
"A0836","Los Angeles","Los Angeles","https://www.californiahealthmaps.org?address=A0836","Male","AllSite",150900,468.5,429.1,510.9,43750,497.2,440.9,562.1,"","","","",80440,418.9,344.4,508.5,16900,341.3,254.3,452.3,3,60613,0.0,25.0,45.4,30.4,3.4,13.4,50.9,13.4,66.0,63.1,78.6,29.2,84.3,34.8
"A0836","Los Angeles","Los Angeles","https://www.californiahealthmaps.org?address=A0836","Female","AllSite",152165,408.0,376.5,441.6,44800,444.2,393.3,503.9,"","","","",79130,392.5,336.8,456.1,18840,385.5,306.0,484.6,3,60613,0.0,25.0,45.4,30.4,3.4,13.4,50.9,13.4,66.0,63.1,78.6,29.2,84.3,34.8
"A0836","Los Angeles","Los Angeles","https://www.californiahealthmaps.org?address=A0836","Male","Prostate",150900,104.8,86.6,126.2,43750,91.3,69.1,122.8,"","","","",80440,103.6,67.2,156.8,16900,"","","",3,60613,0.0,25.0,45.4,30.4,3.4,13.4,50.9,13.4,66.0,63.1,78.6,29.2,84.3,34.8
"A0836","Los Angeles","Los Angeles","https://www.californiahealthmaps.org?address=A0836","Female","Breast",152165,118.8,102.1,137.6,44800,156.7,126.6,196.1,"","","","",79130,91.6,66.4,125.0,18840,112.8,72.5,173.9,3,60613,0.0,25.0,45.4,30.4,3.4,13.4,50.9,13.4,66.0,63.1,78.6,29.2,84.3,34.8
"A0836","Los Angeles","Los Angeles","https://www.californiahealthmaps.org?address=A0836","Male","Lung",150900,60.8,46.7,78.1,43750,71.1,51.4,100.5,"","","","",80440,"","","",16900,"","","",3,60613,0.0,25.0,45.4,30.4,3.4,13.4,50.9,13.4,66.0,63.1,78.6,29.2,84.3,34.8
"A0836","Los Angeles","Los Angeles","https://www.californiahealthmaps.org?address=A0836","Female","Lung",152165,36.8,27.5,48.3,44800,41.9,28.2,66.0,"","","","",79130,"","","",18840,"","","",3,60613,0.0,25.0,45.4,30.4,3.4,13.4,50.9,13.4,66.0,63.1,78.6,29.2,84.3,34.8
"A0836","Los Angeles","Los Angeles","https://www.californiahealthmaps.org?address=A0836","Male","CRC",150900,47.9,36.1,62.7,43750,43.4,28.4,68.5,"","","","",80440,63.0,35.2,108.3,16900,"","","",3,60613,0.0,25.0,45.4,30.4,3.4,13.4,50.9,13.4,66.0,63.1,78.6,29.2,84.3,34.8
"A0836","Los Angeles","Los Angeles","https://www.californiahealthmaps.org?address=A0836","Female","CRC",152165,41.6,31.9,53.5,44800,32.9,21.2,55.3,"","","","",79130,53.7,34.2,82.0,18840,"","","",3,60613,0.0,25.0,45.4,30.4,3.4,13.4,50.9,13.4,66.0,63.1,78.6,29.2,84.3,34.8
"A0836","Los Angeles","Los Angeles","https://www.californiahealthmaps.org?address=A0836","Male","Mela",150900,25.0,16.4,37.1,43750,38.1,23.6,63.0,"","","","",80440,"","","",16900,"","","",3,60613,0.0,25.0,45.4,30.4,3.4,13.4,50.9,13.4,66.0,63.1,78.6,29.2,84.3,34.8
"A0836","Los Angeles","Los Angeles","https://www.californiahealthmaps.org?address=A0836","Female","Mela",152165,"","","",44800,"","","","","","","",79130,"","","",18840,"","","",3,60613,0.0,25.0,45.4,30.4,3.4,13.4,50.9,13.4,66.0,63.1,78.6,29.2,84.3,34.8
"A0836","Los Angeles","Los Angeles","https://www.californiahealthmaps.org?address=A0836","Female","Uterine",152165,34.9,26.3,45.6,44800,36.2,23.4,59.7,"","","","",79130,25.7,14.1,46.0,18840,"","","",3,60613,0.0,25.0,45.4,30.4,3.4,13.4,50.9,13.4,66.0,63.1,78.6,29.2,84.3,34.8
"A0836","Los Angeles","Los Angeles","https://www.californiahealthmaps.org?address=A0836","Male","Lymph",150900,27.7,19.0,39.6,43750,30.2,17.3,54.1,"","","","",80440,33.1,16.3,66.9,16900,"","","",3,60613,0.0,25.0,45.4,30.4,3.4,13.4,50.9,13.4,66.0,63.1,78.6,29.2,84.3,34.8
"A0836","Los Angeles","Los Angeles","https://www.californiahealthmaps.org?address=A0836","Female","Lymph",152165,16.6,10.7,24.9,44800,"","","","","","","",79130,"","","",18840,"","","",3,60613,0.0,25.0,45.4,30.4,3.4,13.4,50.9,13.4,66.0,63.1,78.6,29.2,84.3,34.8
"A0836","Los Angeles","Los Angeles","https://www.californiahealthmaps.org?address=A0836","Male","Urinary",150900,"","","",43750,"","","","","","","",80440,"","","",16900,"","","",3,60613,0.0,25.0,45.4,30.4,3.4,13.4,50.9,13.4,66.0,63.1,78.6,29.2,84.3,34.8
"A0836","Los Angeles","Los Angeles","https://www.californiahealthmaps.org?address=A0836","Female","Urinary",152165,"","","",44800,"","","","","","","",79130,"","","",18840,"","","",3,60613,0.0,25.0,45.4,30.4,3.4,13.4,50.9,13.4,66.0,63.1,78.6,29.2,84.3,34.8
"A0836","Los Angeles","Los Angeles","https://www.californiahealthmaps.org?address=A0836","Male","Kidney",150900,25.5,17.0,37.3,43750,"","","","","","","",80440,"","","",16900,"","","",3,60613,0.0,25.0,45.4,30.4,3.4,13.4,50.9,13.4,66.0,63.1,78.6,29.2,84.3,34.8
"A0836","Los Angeles","Los Angeles","https://www.californiahealthmaps.org?address=A0836","Female","Kidney",152165,"","","",44800,"","","","","","","",79130,"","","",18840,"","","",3,60613,0.0,25.0,45.4,30.4,3.4,13.4,50.9,13.4,66.0,63.1,78.6,29.2,84.3,34.8
"A0836","Los Angeles","Los Angeles","https://www.californiahealthmaps.org?address=A0836","Male","Thyroid",150900,"","","",43750,"","","","","","","",80440,"","","",16900,"","","",3,60613,0.0,25.0,45.4,30.4,3.4,13.4,50.9,13.4,66.0,63.1,78.6,29.2,84.3,34.8
"A0836","Los Angeles","Los Angeles","https://www.californiahealthmaps.org?address=A0836","Female","Thyroid",152165,20.1,13.7,28.7,44800,"","","","","","","",79130,24.2,13.3,43.7,18840,"","","",3,60613,0.0,25.0,45.4,30.4,3.4,13.4,50.9,13.4,66.0,63.1,78.6,29.2,84.3,34.8
"A0836","Los Angeles","Los Angeles","https://www.californiahealthmaps.org?address=A0836","Male","Liver",150900,17.4,10.5,27.7,43750,"","","","","","","",80440,"","","",16900,"","","",3,60613,0.0,25.0,45.4,30.4,3.4,13.4,50.9,13.4,66.0,63.1,78.6,29.2,84.3,34.8
"A0836","Los Angeles","Los Angeles","https://www.californiahealthmaps.org?address=A0836","Female","Liver",152165,"","","",44800,"","","","","","","",79130,"","","",18840,"","","",3,60613,0.0,25.0,45.4,30.4,3.4,13.4,50.9,13.4,66.0,63.1,78.6,29.2,84.3,34.8
"A0836","Los Angeles","Los Angeles","https://www.californiahealthmaps.org?address=A0836","Male","Pancreas",150900,14.5,8.1,24.6,43750,"","","","","","","",80440,"","","",16900,"","","",3,60613,0.0,25.0,45.4,30.4,3.4,13.4,50.9,13.4,66.0,63.1,78.6,29.2,84.3,34.8
"A0836","Los Angeles","Los Angeles","https://www.californiahealthmaps.org?address=A0836","Female","Pancreas",152165,11.9,7.1,19.1,44800,"","","","","","","",79130,"","","",18840,"","","",3,60613,0.0,25.0,45.4,30.4,3.4,13.4,50.9,13.4,66.0,63.1,78.6,29.2,84.3,34.8
"A0836","Los Angeles","Los Angeles","https://www.californiahealthmaps.org?address=A0836","Both","AllSite",303065,428.1,403.7,453.7,88550,462.7,425.2,504.4,10870,526.4,357.2,775.2,159570,398.0,353.4,447.7,35740,359.4,301.0,427.5,3,60613,0.0,25.0,45.4,30.4,3.4,13.4,50.9,13.4,66.0,63.1,78.6,29.2,84.3,34.8
"A0836","Los Angeles","Los Angeles","https://www.californiahealthmaps.org?address=A0836","Both","Lung",303065,46.6,38.5,56.0,88550,54.5,42.7,71.0,10870,"","","",159570,35.7,21.7,56.1,35740,53.2,32.0,85.1,3,60613,0.0,25.0,45.4,30.4,3.4,13.4,50.9,13.4,66.0,63.1,78.6,29.2,84.3,34.8
"A0836","Los Angeles","Los Angeles","https://www.californiahealthmaps.org?address=A0836","Both","CRC",303065,44.0,36.4,52.8,88550,37.6,27.9,52.1,10870,"","","",159570,56.2,39.8,78.1,35740,"","","",3,60613,0.0,25.0,45.4,30.4,3.4,13.4,50.9,13.4,66.0,63.1,78.6,29.2,84.3,34.8
"A0836","Los Angeles","Los Angeles","https://www.californiahealthmaps.org?address=A0836","Both","Mela",303065,13.0,8.9,18.3,88550,22.3,14.5,35.3,10870,"","","",159570,"","","",35740,"","","",3,60613,0.0,25.0,45.4,30.4,3.4,13.4,50.9,13.4,66.0,63.1,78.6,29.2,84.3,34.8
"A0836","Los Angeles","Los Angeles","https://www.californiahealthmaps.org?address=A0836","Both","Lymph",303065,21.1,16.0,27.5,88550,23.5,15.3,37.1,10870,"","","",159570,20.1,11.7,34.1,35740,"","","",3,60613,0.0,25.0,45.4,30.4,3.4,13.4,50.9,13.4,66.0,63.1,78.6,29.2,84.3,34.8
"A0836","Los Angeles","Los Angeles","https://www.californiahealthmaps.org?address=A0836","Both","Urinary",303065,7.9,4.9,12.3,88550,10.7,6.0,21.1,10870,"","","",159570,"","","",35740,"","","",3,60613,0.0,25.0,45.4,30.4,3.4,13.4,50.9,13.4,66.0,63.1,78.6,29.2,84.3,34.8
"A0836","Los Angeles","Los Angeles","https://www.californiahealthmaps.org?address=A0836","Both","Kidney",303065,15.2,10.9,20.9,88550,13.8,7.2,26.1,10870,"","","",159570,16.8,9.3,30.0,35740,"","","",3,60613,0.0,25.0,45.4,30.4,3.4,13.4,50.9,13.4,66.0,63.1,78.6,29.2,84.3,34.8
"A0836","Los Angeles","Los Angeles","https://www.californiahealthmaps.org?address=A0836","Both","Thyroid",303065,13.4,9.5,18.4,88550,13.2,7.2,24.7,10870,"","","",159570,15.9,9.2,28.0,35740,"","","",3,60613,0.0,25.0,45.4,30.4,3.4,13.4,50.9,13.4,66.0,63.1,78.6,29.2,84.3,34.8
"A0836","Los Angeles","Los Angeles","https://www.californiahealthmaps.org?address=A0836","Both","Liver",303065,10.9,7.3,15.9,88550,"","","",10870,"","","",159570,"","","",35740,"","","",3,60613,0.0,25.0,45.4,30.4,3.4,13.4,50.9,13.4,66.0,63.1,78.6,29.2,84.3,34.8
"A0836","Los Angeles","Los Angeles","https://www.californiahealthmaps.org?address=A0836","Both","Pancreas",303065,13.0,9.0,18.4,88550,13.6,7.9,24.7,10870,"","","",159570,"","","",35740,"","","",3,60613,0.0,25.0,45.4,30.4,3.4,13.4,50.9,13.4,66.0,63.1,78.6,29.2,84.3,34.8
