"Zone","Counties","Cities","URL","Sex","Cancer","PopTot","AAIR","LCI","UCI","White_PopTot","White_AAIR","White_LCI","White_UCI","Black_PopTot","Black_AAIR","Black_LCI","Black_UCI","Hispanic_PopTot","Hispanic_AAIR","Hispanic_LCI","Hispanic_UCI","Asian_PopTot","Asian_AAIR","Asian_LCI","Asian_UCI","QNSES","PopAll","PerRural","PerUninsured","PerForeignBorn","PerWhite","PerBlack","PerAsian","PerHispanic","PerAPI","PerDocvisit","PerFOBT","PerMammo","PerMenPrev","PerPap","PerWomenPrev"
"A0792","Contra Costa","Martinez, Concord","https://www.californiahealthmaps.org?address=A0792","Male","AllSite",150540,529.9,492.4,569.9,96150,532.2,489.4,578.6,"","","","",26400,624.5,489.3,791.5,15850,537.0,404.7,706.6,4,61542,0.0,10.8,16.9,65.5,2.7,10.9,16.5,10.9,"","","","","",""
"A0792","Contra Costa","Martinez, Concord","https://www.californiahealthmaps.org?address=A0792","Female","AllSite",157170,451.2,420.5,484.0,99965,468.8,432.1,508.9,"","","","",27000,379.7,294.6,488.6,18545,435.4,344.7,548.9,4,61542,0.0,10.8,16.9,65.5,2.7,10.9,16.5,10.9,"","","","","",""
"A0792","Contra Costa","Martinez, Concord","https://www.californiahealthmaps.org?address=A0792","Male","Prostate",150540,102.4,87.1,120.1,96150,97.9,81.1,118.2,"","","","",26400,133.9,78.3,223.0,15850,"","","",4,61542,0.0,10.8,16.9,65.5,2.7,10.9,16.5,10.9,"","","","","",""
"A0792","Contra Costa","Martinez, Concord","https://www.californiahealthmaps.org?address=A0792","Female","Breast",157170,130.9,114.9,149.0,99965,125.1,106.7,147.0,"","","","",27000,129.4,85.9,197.0,18545,158.2,108.8,230.8,4,61542,0.0,10.8,16.9,65.5,2.7,10.9,16.5,10.9,"","","","","",""
"A0792","Contra Costa","Martinez, Concord","https://www.californiahealthmaps.org?address=A0792","Male","Lung",150540,70.5,56.7,86.9,96150,71.2,55.7,90.5,"","","","",26400,"","","",15850,"","","",4,61542,0.0,10.8,16.9,65.5,2.7,10.9,16.5,10.9,"","","","","",""
"A0792","Contra Costa","Martinez, Concord","https://www.californiahealthmaps.org?address=A0792","Female","Lung",157170,59.7,48.6,72.8,99965,67.0,53.8,83.8,"","","","",27000,"","","",18545,"","","",4,61542,0.0,10.8,16.9,65.5,2.7,10.9,16.5,10.9,"","","","","",""
"A0792","Contra Costa","Martinez, Concord","https://www.californiahealthmaps.org?address=A0792","Male","CRC",150540,50.0,39.1,63.5,96150,48.5,36.2,64.6,"","","","",26400,"","","",15850,"","","",4,61542,0.0,10.8,16.9,65.5,2.7,10.9,16.5,10.9,"","","","","",""
"A0792","Contra Costa","Martinez, Concord","https://www.californiahealthmaps.org?address=A0792","Female","CRC",157170,29.0,21.8,38.3,99965,31.0,22.4,43.2,"","","","",27000,"","","",18545,"","","",4,61542,0.0,10.8,16.9,65.5,2.7,10.9,16.5,10.9,"","","","","",""
"A0792","Contra Costa","Martinez, Concord","https://www.californiahealthmaps.org?address=A0792","Male","Mela",150540,50.1,38.8,64.0,96150,57.7,43.8,75.6,"","","","",26400,"","","",15850,"","","",4,61542,0.0,10.8,16.9,65.5,2.7,10.9,16.5,10.9,"","","","","",""
"A0792","Contra Costa","Martinez, Concord","https://www.californiahealthmaps.org?address=A0792","Female","Mela",157170,28.0,20.7,37.5,99965,32.6,23.1,46.0,"","","","",27000,"","","",18545,"","","",4,61542,0.0,10.8,16.9,65.5,2.7,10.9,16.5,10.9,"","","","","",""
"A0792","Contra Costa","Martinez, Concord","https://www.californiahealthmaps.org?address=A0792","Female","Uterine",157170,34.5,26.7,44.3,99965,34.2,25.4,46.7,"","","","",27000,"","","",18545,"","","",4,61542,0.0,10.8,16.9,65.5,2.7,10.9,16.5,10.9,"","","","","",""
"A0792","Contra Costa","Martinez, Concord","https://www.californiahealthmaps.org?address=A0792","Male","Lymph",150540,22.3,15.0,32.2,96150,20.2,12.4,32.2,"","","","",26400,"","","",15850,"","","",4,61542,0.0,10.8,16.9,65.5,2.7,10.9,16.5,10.9,"","","","","",""
"A0792","Contra Costa","Martinez, Concord","https://www.californiahealthmaps.org?address=A0792","Female","Lymph",157170,21.5,15.1,30.3,99965,24.1,16.3,35.8,"","","","",27000,"","","",18545,"","","",4,61542,0.0,10.8,16.9,65.5,2.7,10.9,16.5,10.9,"","","","","",""
"A0792","Contra Costa","Martinez, Concord","https://www.californiahealthmaps.org?address=A0792","Male","Urinary",150540,20.8,13.9,30.2,96150,22.7,14.6,34.8,"","","","",26400,"","","",15850,"","","",4,61542,0.0,10.8,16.9,65.5,2.7,10.9,16.5,10.9,"","","","","",""
"A0792","Contra Costa","Martinez, Concord","https://www.californiahealthmaps.org?address=A0792","Female","Urinary",157170,"","","",99965,"","","","","","","",27000,"","","",18545,"","","",4,61542,0.0,10.8,16.9,65.5,2.7,10.9,16.5,10.9,"","","","","",""
"A0792","Contra Costa","Martinez, Concord","https://www.californiahealthmaps.org?address=A0792","Male","Kidney",150540,27.2,19.3,37.5,96150,26.5,18.1,38.9,"","","","",26400,"","","",15850,"","","",4,61542,0.0,10.8,16.9,65.5,2.7,10.9,16.5,10.9,"","","","","",""
"A0792","Contra Costa","Martinez, Concord","https://www.californiahealthmaps.org?address=A0792","Female","Kidney",157170,11.6,7.1,18.3,99965,12.0,6.8,21.5,"","","","",27000,"","","",18545,"","","",4,61542,0.0,10.8,16.9,65.5,2.7,10.9,16.5,10.9,"","","","","",""
"A0792","Contra Costa","Martinez, Concord","https://www.californiahealthmaps.org?address=A0792","Male","Thyroid",150540,"","","",96150,"","","","","","","",26400,"","","",15850,"","","",4,61542,0.0,10.8,16.9,65.5,2.7,10.9,16.5,10.9,"","","","","",""
"A0792","Contra Costa","Martinez, Concord","https://www.californiahealthmaps.org?address=A0792","Female","Thyroid",157170,12.7,8.0,19.7,99965,12.3,7.0,21.9,"","","","",27000,"","","",18545,"","","",4,61542,0.0,10.8,16.9,65.5,2.7,10.9,16.5,10.9,"","","","","",""
"A0792","Contra Costa","Martinez, Concord","https://www.californiahealthmaps.org?address=A0792","Male","Liver",150540,20.8,14.4,29.5,96150,21.4,14.2,32.6,"","","","",26400,"","","",15850,"","","",4,61542,0.0,10.8,16.9,65.5,2.7,10.9,16.5,10.9,"","","","","",""
"A0792","Contra Costa","Martinez, Concord","https://www.californiahealthmaps.org?address=A0792","Female","Liver",157170,"","","",99965,"","","","","","","",27000,"","","",18545,"","","",4,61542,0.0,10.8,16.9,65.5,2.7,10.9,16.5,10.9,"","","","","",""
"A0792","Contra Costa","Martinez, Concord","https://www.californiahealthmaps.org?address=A0792","Male","Pancreas",150540,23.5,15.8,33.8,96150,21.4,13.5,33.5,"","","","",26400,"","","",15850,"","","",4,61542,0.0,10.8,16.9,65.5,2.7,10.9,16.5,10.9,"","","","","",""
"A0792","Contra Costa","Martinez, Concord","https://www.californiahealthmaps.org?address=A0792","Female","Pancreas",157170,12.3,7.7,19.3,99965,13.1,7.7,22.7,"","","","",27000,"","","",18545,"","","",4,61542,0.0,10.8,16.9,65.5,2.7,10.9,16.5,10.9,"","","","","",""
"A0792","Contra Costa","Martinez, Concord","https://www.californiahealthmaps.org?address=A0792","Both","AllSite",307710,484.6,460.8,509.5,196115,496.3,468.4,525.8,"","","","",53400,481.0,404.7,570.5,34395,473.3,397.0,562.3,4,61542,0.0,10.8,16.9,65.5,2.7,10.9,16.5,10.9,"","","","","",""
"A0792","Contra Costa","Martinez, Concord","https://www.californiahealthmaps.org?address=A0792","Both","Lung",307710,64.2,55.5,74.0,196115,68.6,58.4,80.5,"","","","",53400,"","","",34395,66.3,38.6,108.4,4,61542,0.0,10.8,16.9,65.5,2.7,10.9,16.5,10.9,"","","","","",""
"A0792","Contra Costa","Martinez, Concord","https://www.californiahealthmaps.org?address=A0792","Both","CRC",307710,38.7,32.2,46.2,196115,39.3,31.9,48.6,"","","","",53400,44.7,23.6,81.0,34395,51.6,27.5,90.4,4,61542,0.0,10.8,16.9,65.5,2.7,10.9,16.5,10.9,"","","","","",""
"A0792","Contra Costa","Martinez, Concord","https://www.californiahealthmaps.org?address=A0792","Both","Mela",307710,37.3,30.8,44.8,196115,43.1,35.0,53.2,"","","","",53400,"","","",34395,"","","",4,61542,0.0,10.8,16.9,65.5,2.7,10.9,16.5,10.9,"","","","","",""
"A0792","Contra Costa","Martinez, Concord","https://www.californiahealthmaps.org?address=A0792","Both","Lymph",307710,21.7,16.8,27.7,196115,22.5,16.8,30.1,"","","","",53400,"","","",34395,"","","",4,61542,0.0,10.8,16.9,65.5,2.7,10.9,16.5,10.9,"","","","","",""
"A0792","Contra Costa","Martinez, Concord","https://www.californiahealthmaps.org?address=A0792","Both","Urinary",307710,11.0,7.7,15.5,196115,12.5,8.5,18.5,"","","","",53400,"","","",34395,"","","",4,61542,0.0,10.8,16.9,65.5,2.7,10.9,16.5,10.9,"","","","","",""
"A0792","Contra Costa","Martinez, Concord","https://www.californiahealthmaps.org?address=A0792","Both","Kidney",307710,18.6,14.3,24.1,196115,18.6,13.7,25.4,"","","","",53400,"","","",34395,"","","",4,61542,0.0,10.8,16.9,65.5,2.7,10.9,16.5,10.9,"","","","","",""
"A0792","Contra Costa","Martinez, Concord","https://www.californiahealthmaps.org?address=A0792","Both","Thyroid",307710,9.0,6.1,13.0,196115,9.6,6.1,15.2,"","","","",53400,"","","",34395,"","","",4,61542,0.0,10.8,16.9,65.5,2.7,10.9,16.5,10.9,"","","","","",""
"A0792","Contra Costa","Martinez, Concord","https://www.californiahealthmaps.org?address=A0792","Both","Liver",307710,13.6,10.1,18.2,196115,14.0,9.9,20.1,"","","","",53400,"","","",34395,"","","",4,61542,0.0,10.8,16.9,65.5,2.7,10.9,16.5,10.9,"","","","","",""
"A0792","Contra Costa","Martinez, Concord","https://www.californiahealthmaps.org?address=A0792","Both","Pancreas",307710,17.0,12.7,22.5,196115,16.8,12.1,23.5,"","","","",53400,"","","",34395,"","","",4,61542,0.0,10.8,16.9,65.5,2.7,10.9,16.5,10.9,"","","","","",""
