"Zone","Counties","Cities","URL","Sex","Cancer","PopTot","AAIR","LCI","UCI","White_PopTot","White_AAIR","White_LCI","White_UCI","Black_PopTot","Black_AAIR","Black_LCI","Black_UCI","Hispanic_PopTot","Hispanic_AAIR","Hispanic_LCI","Hispanic_UCI","Asian_PopTot","Asian_AAIR","Asian_LCI","Asian_UCI","QNSES","PopAll","PerRural","PerUninsured","PerForeignBorn","PerWhite","PerBlack","PerAsian","PerHispanic"
"A0981","Los Angeles","Los Angeles","https://www.californiahealthmaps.org?address=A0981","Male","AllSite",143065,470.0,433.2,509.3,69655,513.7,467.2,565.0,"","","","",47600,365.5,273.2,486.3,13525,367.3,258.3,511.6,3,58691,0.0,19.1,40.6,46.9,4.6,11.7,34.0
"A0981","Los Angeles","Los Angeles","https://www.californiahealthmaps.org?address=A0981","Female","AllSite",150390,425.1,393.9,458.4,73830,453.6,412.1,499.9,"","","","",49530,373.7,309.4,450.4,14820,377.0,284.1,498.5,3,58691,0.0,19.1,40.6,46.9,4.6,11.7,34.0
"A0981","Los Angeles","Los Angeles","https://www.californiahealthmaps.org?address=A0981","Male","Prostate",143065,104.7,87.7,124.4,69655,106.8,86.7,131.9,"","","","",47600,112.4,64.3,191.6,13525,"","","",3,58691,0.0,19.1,40.6,46.9,4.6,11.7,34.0
"A0981","Los Angeles","Los Angeles","https://www.californiahealthmaps.org?address=A0981","Female","Breast",150390,137.7,120.0,157.6,73830,156.3,131.3,186.4,"","","","",49530,77.4,51.9,115.5,14820,173.5,113.0,264.0,3,58691,0.0,19.1,40.6,46.9,4.6,11.7,34.0
"A0981","Los Angeles","Los Angeles","https://www.californiahealthmaps.org?address=A0981","Male","Lung",143065,51.7,39.8,66.5,69655,57.7,42.8,77.9,"","","","",47600,"","","",13525,"","","",3,58691,0.0,19.1,40.6,46.9,4.6,11.7,34.0
"A0981","Los Angeles","Los Angeles","https://www.californiahealthmaps.org?address=A0981","Female","Lung",150390,44.9,35.0,57.1,73830,53.0,40.0,71.3,"","","","",49530,"","","",14820,"","","",3,58691,0.0,19.1,40.6,46.9,4.6,11.7,34.0
"A0981","Los Angeles","Los Angeles","https://www.californiahealthmaps.org?address=A0981","Male","CRC",143065,48.0,37.0,61.9,69655,52.1,38.3,71.1,"","","","",47600,"","","",13525,"","","",3,58691,0.0,19.1,40.6,46.9,4.6,11.7,34.0
"A0981","Los Angeles","Los Angeles","https://www.californiahealthmaps.org?address=A0981","Female","CRC",150390,27.5,20.3,36.7,73830,28.5,19.0,43.6,"","","","",49530,"","","",14820,"","","",3,58691,0.0,19.1,40.6,46.9,4.6,11.7,34.0
"A0981","Los Angeles","Los Angeles","https://www.californiahealthmaps.org?address=A0981","Male","Mela",143065,25.6,17.4,36.7,69655,29.6,19.1,45.6,"","","","",47600,"","","",13525,"","","",3,58691,0.0,19.1,40.6,46.9,4.6,11.7,34.0
"A0981","Los Angeles","Los Angeles","https://www.californiahealthmaps.org?address=A0981","Female","Mela",150390,11.2,6.7,17.9,73830,15.6,8.5,28.9,"","","","",49530,"","","",14820,"","","",3,58691,0.0,19.1,40.6,46.9,4.6,11.7,34.0
"A0981","Los Angeles","Los Angeles","https://www.californiahealthmaps.org?address=A0981","Female","Uterine",150390,32.0,23.8,42.5,73830,31.1,21.0,46.9,"","","","",49530,"","","",14820,"","","",3,58691,0.0,19.1,40.6,46.9,4.6,11.7,34.0
"A0981","Los Angeles","Los Angeles","https://www.californiahealthmaps.org?address=A0981","Male","Lymph",143065,26.2,18.2,37.0,69655,27.6,18.1,42.6,"","","","",47600,"","","",13525,"","","",3,58691,0.0,19.1,40.6,46.9,4.6,11.7,34.0
"A0981","Los Angeles","Los Angeles","https://www.californiahealthmaps.org?address=A0981","Female","Lymph",150390,20.1,13.8,28.8,73830,19.7,12.3,33.0,"","","","",49530,"","","",14820,"","","",3,58691,0.0,19.1,40.6,46.9,4.6,11.7,34.0
"A0981","Los Angeles","Los Angeles","https://www.californiahealthmaps.org?address=A0981","Male","Urinary",143065,18.7,12.1,28.3,69655,21.0,12.9,34.8,"","","","",47600,"","","",13525,"","","",3,58691,0.0,19.1,40.6,46.9,4.6,11.7,34.0
"A0981","Los Angeles","Los Angeles","https://www.californiahealthmaps.org?address=A0981","Female","Urinary",150390,5.4,2.6,10.6,73830,"","","","","","","",49530,"","","",14820,"","","",3,58691,0.0,19.1,40.6,46.9,4.6,11.7,34.0
"A0981","Los Angeles","Los Angeles","https://www.californiahealthmaps.org?address=A0981","Male","Kidney",143065,24.1,16.6,34.4,69655,26.2,16.8,41.1,"","","","",47600,"","","",13525,"","","",3,58691,0.0,19.1,40.6,46.9,4.6,11.7,34.0
"A0981","Los Angeles","Los Angeles","https://www.californiahealthmaps.org?address=A0981","Female","Kidney",150390,11.0,6.5,17.8,73830,"","","","","","","",49530,"","","",14820,"","","",3,58691,0.0,19.1,40.6,46.9,4.6,11.7,34.0
"A0981","Los Angeles","Los Angeles","https://www.californiahealthmaps.org?address=A0981","Male","Thyroid",143065,11.0,6.1,18.8,69655,"","","","","","","",47600,"","","",13525,"","","",3,58691,0.0,19.1,40.6,46.9,4.6,11.7,34.0
"A0981","Los Angeles","Los Angeles","https://www.californiahealthmaps.org?address=A0981","Female","Thyroid",150390,18.4,12.3,26.9,73830,18.9,10.6,33.5,"","","","",49530,"","","",14820,"","","",3,58691,0.0,19.1,40.6,46.9,4.6,11.7,34.0
"A0981","Los Angeles","Los Angeles","https://www.californiahealthmaps.org?address=A0981","Both","AllSite",293455,440.6,417.0,465.3,143485,477.4,446.6,510.6,13345,387.4,246.7,628.6,97130,357.6,306.2,417.2,28345,370.9,298.9,457.4,3,58691,0.0,19.1,40.6,46.9,4.6,11.7,34.0
"A0981","Los Angeles","Los Angeles","https://www.californiahealthmaps.org?address=A0981","Both","Lung",293455,47.5,39.8,56.4,143485,54.8,44.8,67.3,13345,"","","",97130,"","","",28345,"","","",3,58691,0.0,19.1,40.6,46.9,4.6,11.7,34.0
"A0981","Los Angeles","Los Angeles","https://www.californiahealthmaps.org?address=A0981","Both","CRC",293455,36.9,30.4,44.4,143485,39.3,31.0,50.1,13345,"","","",97130,41.3,25.4,66.4,28345,"","","",3,58691,0.0,19.1,40.6,46.9,4.6,11.7,34.0
"A0981","Los Angeles","Los Angeles","https://www.californiahealthmaps.org?address=A0981","Both","Mela",293455,17.0,12.6,22.5,143485,20.9,14.8,29.6,13345,"","","",97130,"","","",28345,"","","",3,58691,0.0,19.1,40.6,46.9,4.6,11.7,34.0
"A0981","Los Angeles","Los Angeles","https://www.californiahealthmaps.org?address=A0981","Both","Lymph",293455,22.8,17.7,29.0,143485,23.8,17.6,32.6,13345,"","","",97130,"","","",28345,"","","",3,58691,0.0,19.1,40.6,46.9,4.6,11.7,34.0
"A0981","Los Angeles","Los Angeles","https://www.californiahealthmaps.org?address=A0981","Both","Urinary",293455,11.4,7.9,16.0,143485,13.7,9.2,20.9,13345,"","","",97130,"","","",28345,"","","",3,58691,0.0,19.1,40.6,46.9,4.6,11.7,34.0
"A0981","Los Angeles","Los Angeles","https://www.californiahealthmaps.org?address=A0981","Both","Kidney",293455,16.8,12.5,22.2,143485,17.5,12.1,25.5,13345,"","","",97130,"","","",28345,"","","",3,58691,0.0,19.1,40.6,46.9,4.6,11.7,34.0
"A0981","Los Angeles","Los Angeles","https://www.californiahealthmaps.org?address=A0981","Both","Thyroid",293455,14.7,10.6,19.9,143485,17.7,11.6,26.7,13345,"","","",97130,"","","",28345,"","","",3,58691,0.0,19.1,40.6,46.9,4.6,11.7,34.0
