"Zone","Counties","Cities","URL","Sex","Cancer","PopTot","AAIR","LCI","UCI","White_PopTot","White_AAIR","White_LCI","White_UCI","Black_PopTot","Black_AAIR","Black_LCI","Black_UCI","Hispanic_PopTot","Hispanic_AAIR","Hispanic_LCI","Hispanic_UCI","Asian_PopTot","Asian_AAIR","Asian_LCI","Asian_UCI","QNSES","PopAll","PerRural","PerUninsured","PerForeignBorn","PerWhite","PerBlack","PerAsian","PerHispanic","PerAPI","PerDocvisit","PerFOBT","PerMammo","PerMenPrev","PerPap","PerWomenPrev"
"A0106","Los Angeles","Los Angeles","https://www.californiahealthmaps.org?address=A0106","Male","AllSite",150625,463.1,430.2,498.0,69825,453.9,412.3,500.8,"","","","",43250,468.0,379.9,571.9,25890,453.5,369.2,554.2,4,62319,0.0,15.8,33.5,45.2,4.4,18.6,29.0,18.6,68.0,66.7,79.1,32.1,84.4,38.2
"A0106","Los Angeles","Los Angeles","https://www.californiahealthmaps.org?address=A0106","Female","AllSite",160970,422.7,394.2,453.2,72425,449.7,409.0,495.9,"","","","",48020,391.9,327.8,466.5,28915,370.0,308.1,444.7,4,62319,0.0,15.8,33.5,45.2,4.4,18.6,29.0,18.6,68.0,66.7,79.1,32.1,84.4,38.2
"A0106","Los Angeles","Los Angeles","https://www.californiahealthmaps.org?address=A0106","Male","Prostate",150625,100.9,85.9,118.1,69825,92.4,74.9,115.8,"","","","",43250,90.4,52.6,146.0,25890,82.6,50.4,131.9,4,62319,0.0,15.8,33.5,45.2,4.4,18.6,29.0,18.6,68.0,66.7,79.1,32.1,84.4,38.2
"A0106","Los Angeles","Los Angeles","https://www.californiahealthmaps.org?address=A0106","Female","Breast",160970,143.3,126.9,161.8,72425,154.3,130.9,183.7,"","","","",48020,91.7,63.2,130.9,28915,137.4,101.5,186.6,4,62319,0.0,15.8,33.5,45.2,4.4,18.6,29.0,18.6,68.0,66.7,79.1,32.1,84.4,38.2
"A0106","Los Angeles","Los Angeles","https://www.californiahealthmaps.org?address=A0106","Male","Lung",150625,55.7,44.7,68.9,69825,51.4,39.0,69.8,"","","","",43250,"","","",25890,92.5,55.4,148.0,4,62319,0.0,15.8,33.5,45.2,4.4,18.6,29.0,18.6,68.0,66.7,79.1,32.1,84.4,38.2
"A0106","Los Angeles","Los Angeles","https://www.californiahealthmaps.org?address=A0106","Female","Lung",160970,36.1,28.4,45.8,72425,43.3,32.4,60.7,"","","","",48020,"","","",28915,"","","",4,62319,0.0,15.8,33.5,45.2,4.4,18.6,29.0,18.6,68.0,66.7,79.1,32.1,84.4,38.2
"A0106","Los Angeles","Los Angeles","https://www.californiahealthmaps.org?address=A0106","Male","CRC",150625,47.0,37.0,59.3,69825,46.1,33.3,65.2,"","","","",43250,"","","",25890,64.7,35.9,111.4,4,62319,0.0,15.8,33.5,45.2,4.4,18.6,29.0,18.6,68.0,66.7,79.1,32.1,84.4,38.2
"A0106","Los Angeles","Los Angeles","https://www.californiahealthmaps.org?address=A0106","Female","CRC",160970,41.3,32.8,51.8,72425,39.4,29.1,56.4,"","","","",48020,48.4,26.9,81.9,28915,42.8,23.8,76.8,4,62319,0.0,15.8,33.5,45.2,4.4,18.6,29.0,18.6,68.0,66.7,79.1,32.1,84.4,38.2
"A0106","Los Angeles","Los Angeles","https://www.californiahealthmaps.org?address=A0106","Male","Mela",150625,27.8,20.3,37.5,69825,43.2,30.5,62.5,"","","","",43250,"","","",25890,"","","",4,62319,0.0,15.8,33.5,45.2,4.4,18.6,29.0,18.6,68.0,66.7,79.1,32.1,84.4,38.2
"A0106","Los Angeles","Los Angeles","https://www.californiahealthmaps.org?address=A0106","Female","Mela",160970,12.4,7.9,19.1,72425,20.2,12.4,35.4,"","","","",48020,"","","",28915,"","","",4,62319,0.0,15.8,33.5,45.2,4.4,18.6,29.0,18.6,68.0,66.7,79.1,32.1,84.4,38.2
"A0106","Los Angeles","Los Angeles","https://www.californiahealthmaps.org?address=A0106","Female","Uterine",160970,29.7,22.5,38.9,72425,27.9,19.1,43.6,"","","","",48020,"","","",28915,"","","",4,62319,0.0,15.8,33.5,45.2,4.4,18.6,29.0,18.6,68.0,66.7,79.1,32.1,84.4,38.2
"A0106","Los Angeles","Los Angeles","https://www.californiahealthmaps.org?address=A0106","Male","Lymph",150625,21.1,14.6,29.9,69825,21.8,12.9,37.6,"","","","",43250,"","","",25890,"","","",4,62319,0.0,15.8,33.5,45.2,4.4,18.6,29.0,18.6,68.0,66.7,79.1,32.1,84.4,38.2
"A0106","Los Angeles","Los Angeles","https://www.californiahealthmaps.org?address=A0106","Female","Lymph",160970,19.4,13.8,27.2,72425,21.3,13.7,36.1,"","","","",48020,"","","",28915,"","","",4,62319,0.0,15.8,33.5,45.2,4.4,18.6,29.0,18.6,68.0,66.7,79.1,32.1,84.4,38.2
"A0106","Los Angeles","Los Angeles","https://www.californiahealthmaps.org?address=A0106","Male","Urinary",150625,22.0,15.3,31.0,69825,24.8,16.3,39.9,"","","","",43250,"","","",25890,"","","",4,62319,0.0,15.8,33.5,45.2,4.4,18.6,29.0,18.6,68.0,66.7,79.1,32.1,84.4,38.2
"A0106","Los Angeles","Los Angeles","https://www.californiahealthmaps.org?address=A0106","Female","Urinary",160970,"","","",72425,"","","","","","","",48020,"","","",28915,"","","",4,62319,0.0,15.8,33.5,45.2,4.4,18.6,29.0,18.6,68.0,66.7,79.1,32.1,84.4,38.2
"A0106","Los Angeles","Los Angeles","https://www.californiahealthmaps.org?address=A0106","Male","Kidney",150625,14.3,9.0,22.0,69825,"","","","","","","",43250,"","","",25890,"","","",4,62319,0.0,15.8,33.5,45.2,4.4,18.6,29.0,18.6,68.0,66.7,79.1,32.1,84.4,38.2
"A0106","Los Angeles","Los Angeles","https://www.californiahealthmaps.org?address=A0106","Female","Kidney",160970,9.3,5.6,15.3,72425,"","","","","","","",48020,"","","",28915,"","","",4,62319,0.0,15.8,33.5,45.2,4.4,18.6,29.0,18.6,68.0,66.7,79.1,32.1,84.4,38.2
"A0106","Los Angeles","Los Angeles","https://www.californiahealthmaps.org?address=A0106","Male","Thyroid",150625,13.4,8.3,21.0,69825,"","","","","","","",43250,"","","",25890,"","","",4,62319,0.0,15.8,33.5,45.2,4.4,18.6,29.0,18.6,68.0,66.7,79.1,32.1,84.4,38.2
"A0106","Los Angeles","Los Angeles","https://www.californiahealthmaps.org?address=A0106","Female","Thyroid",160970,26.2,18.8,35.8,72425,21.9,11.9,39.8,"","","","",48020,38.5,22.1,65.6,28915,"","","",4,62319,0.0,15.8,33.5,45.2,4.4,18.6,29.0,18.6,68.0,66.7,79.1,32.1,84.4,38.2
"A0106","Los Angeles","Los Angeles","https://www.californiahealthmaps.org?address=A0106","Male","Liver",150625,14.7,9.5,22.4,69825,"","","","","","","",43250,"","","",25890,"","","",4,62319,0.0,15.8,33.5,45.2,4.4,18.6,29.0,18.6,68.0,66.7,79.1,32.1,84.4,38.2
"A0106","Los Angeles","Los Angeles","https://www.californiahealthmaps.org?address=A0106","Female","Liver",160970,"","","",72425,"","","","","","","",48020,"","","",28915,"","","",4,62319,0.0,15.8,33.5,45.2,4.4,18.6,29.0,18.6,68.0,66.7,79.1,32.1,84.4,38.2
"A0106","Los Angeles","Los Angeles","https://www.californiahealthmaps.org?address=A0106","Male","Pancreas",150625,20.3,13.9,29.1,69825,17.9,11.0,31.8,"","","","",43250,"","","",25890,"","","",4,62319,0.0,15.8,33.5,45.2,4.4,18.6,29.0,18.6,68.0,66.7,79.1,32.1,84.4,38.2
"A0106","Los Angeles","Los Angeles","https://www.californiahealthmaps.org?address=A0106","Female","Pancreas",160970,9.1,5.6,14.8,72425,"","","","","","","",48020,"","","",28915,"","","",4,62319,0.0,15.8,33.5,45.2,4.4,18.6,29.0,18.6,68.0,66.7,79.1,32.1,84.4,38.2
"A0106","Los Angeles","Los Angeles","https://www.californiahealthmaps.org?address=A0106","Both","AllSite",311595,436.2,414.8,458.5,142250,446.6,417.7,478.1,13020,533.2,391.9,726.7,91270,415.9,363.8,474.1,54805,398.7,348.7,455.4,4,62319,0.0,15.8,33.5,45.2,4.4,18.6,29.0,18.6,68.0,66.7,79.1,32.1,84.4,38.2
"A0106","Los Angeles","Los Angeles","https://www.californiahealthmaps.org?address=A0106","Both","Lung",311595,44.1,37.6,51.6,142250,46.0,37.9,57.1,13020,"","","",91270,32.2,18.4,53.0,54805,53.4,35.7,78.5,4,62319,0.0,15.8,33.5,45.2,4.4,18.6,29.0,18.6,68.0,66.7,79.1,32.1,84.4,38.2
"A0106","Los Angeles","Los Angeles","https://www.californiahealthmaps.org?address=A0106","Both","CRC",311595,43.8,37.3,51.4,142250,42.7,34.3,54.1,13020,"","","",91270,45.8,29.3,69.1,54805,51.4,34.6,75.5,4,62319,0.0,15.8,33.5,45.2,4.4,18.6,29.0,18.6,68.0,66.7,79.1,32.1,84.4,38.2
"A0106","Los Angeles","Los Angeles","https://www.californiahealthmaps.org?address=A0106","Both","Mela",311595,19.0,14.7,24.2,142250,30.8,23.2,41.6,13020,"","","",91270,"","","",54805,"","","",4,62319,0.0,15.8,33.5,45.2,4.4,18.6,29.0,18.6,68.0,66.7,79.1,32.1,84.4,38.2
"A0106","Los Angeles","Los Angeles","https://www.californiahealthmaps.org?address=A0106","Both","Lymph",311595,20.1,15.7,25.5,142250,21.8,15.7,31.2,13020,"","","",91270,"","","",54805,"","","",4,62319,0.0,15.8,33.5,45.2,4.4,18.6,29.0,18.6,68.0,66.7,79.1,32.1,84.4,38.2
"A0106","Los Angeles","Los Angeles","https://www.californiahealthmaps.org?address=A0106","Both","Urinary",311595,12.3,9.0,16.7,142250,14.2,9.8,21.8,13020,"","","",91270,"","","",54805,"","","",4,62319,0.0,15.8,33.5,45.2,4.4,18.6,29.0,18.6,68.0,66.7,79.1,32.1,84.4,38.2
"A0106","Los Angeles","Los Angeles","https://www.californiahealthmaps.org?address=A0106","Both","Kidney",311595,11.6,8.3,15.9,142250,11.0,6.8,18.8,13020,"","","",91270,"","","",54805,"","","",4,62319,0.0,15.8,33.5,45.2,4.4,18.6,29.0,18.6,68.0,66.7,79.1,32.1,84.4,38.2
"A0106","Los Angeles","Los Angeles","https://www.californiahealthmaps.org?address=A0106","Both","Thyroid",311595,20.0,15.4,25.8,142250,17.3,11.0,27.2,13020,"","","",91270,27.8,17.3,44.4,54805,"","","",4,62319,0.0,15.8,33.5,45.2,4.4,18.6,29.0,18.6,68.0,66.7,79.1,32.1,84.4,38.2
"A0106","Los Angeles","Los Angeles","https://www.californiahealthmaps.org?address=A0106","Both","Liver",311595,8.7,5.9,12.5,142250,7.1,4.1,13.9,13020,"","","",91270,"","","",54805,"","","",4,62319,0.0,15.8,33.5,45.2,4.4,18.6,29.0,18.6,68.0,66.7,79.1,32.1,84.4,38.2
"A0106","Los Angeles","Los Angeles","https://www.californiahealthmaps.org?address=A0106","Both","Pancreas",311595,13.9,10.5,18.5,142250,12.0,8.2,19.2,13020,"","","",91270,"","","",54805,"","","",4,62319,0.0,15.8,33.5,45.2,4.4,18.6,29.0,18.6,68.0,66.7,79.1,32.1,84.4,38.2
