"Zone","Counties","Cities","URL","Sex","Cancer","PopTot","AAIR","LCI","UCI","White_PopTot","White_AAIR","White_LCI","White_UCI","Black_PopTot","Black_AAIR","Black_LCI","Black_UCI","Hispanic_PopTot","Hispanic_AAIR","Hispanic_LCI","Hispanic_UCI","Asian_PopTot","Asian_AAIR","Asian_LCI","Asian_UCI","QNSES","PopAll","PerRural","PerUninsured","PerForeignBorn","PerWhite","PerBlack","PerAsian","PerHispanic"
"A0027","Santa Clara","San Jose","https://www.californiahealthmaps.org?address=A0027","Male","AllSite",164060,463.2,419.0,512.2,41020,575.0,491.6,672.4,"","","","",64990,436.5,349.3,549.9,45765,387.1,319.5,467.8,4,65568,0.0,14.3,38.3,22.4,3.3,28.9,42.3
"A0027","Santa Clara","San Jose","https://www.californiahealthmaps.org?address=A0027","Female","AllSite",163780,399.4,365.0,436.6,39125,485.7,420.8,560.1,"","","","",64670,441.5,366.4,531.1,47835,316.6,265.5,376.0,4,65568,0.0,14.3,38.3,22.4,3.3,28.9,42.3
"A0027","Santa Clara","San Jose","https://www.californiahealthmaps.org?address=A0027","Male","Prostate",164060,90.2,72.7,112.6,41020,108.0,77.9,152.1,"","","","",64990,103.2,60.1,177.5,45765,41.9,22.9,75.6,4,65568,0.0,14.3,38.3,22.4,3.3,28.9,42.3
"A0027","Santa Clara","San Jose","https://www.californiahealthmaps.org?address=A0027","Female","Breast",163780,126.6,108.3,147.7,39125,142.8,109.9,185.4,"","","","",64670,149.8,109.7,204.4,47835,91.7,66.9,124.6,4,65568,0.0,14.3,38.3,22.4,3.3,28.9,42.3
"A0027","Santa Clara","San Jose","https://www.californiahealthmaps.org?address=A0027","Male","Lung",164060,59.4,43.4,80.9,41020,66.0,39.5,108.7,"","","","",64990,"","","",45765,73.7,44.0,118.6,4,65568,0.0,14.3,38.3,22.4,3.3,28.9,42.3
"A0027","Santa Clara","San Jose","https://www.californiahealthmaps.org?address=A0027","Female","Lung",163780,33.3,23.3,46.6,39125,41.7,23.7,70.9,"","","","",64670,"","","",47835,"","","",4,65568,0.0,14.3,38.3,22.4,3.3,28.9,42.3
"A0027","Santa Clara","San Jose","https://www.californiahealthmaps.org?address=A0027","Male","CRC",164060,63.4,47.5,84.5,41020,60.2,34.2,103.0,"","","","",64990,62.9,33.6,123.8,45765,75.9,48.9,116.8,4,65568,0.0,14.3,38.3,22.4,3.3,28.9,42.3
"A0027","Santa Clara","San Jose","https://www.californiahealthmaps.org?address=A0027","Female","CRC",163780,31.0,21.7,43.5,39125,33.6,18.3,60.2,"","","","",64670,"","","",47835,"","","",4,65568,0.0,14.3,38.3,22.4,3.3,28.9,42.3
"A0027","Santa Clara","San Jose","https://www.californiahealthmaps.org?address=A0027","Male","Mela",164060,17.5,9.9,30.8,41020,47.3,26.3,84.5,"","","","",64990,"","","",45765,"","","",4,65568,0.0,14.3,38.3,22.4,3.3,28.9,42.3
"A0027","Santa Clara","San Jose","https://www.californiahealthmaps.org?address=A0027","Female","Mela",163780,14.0,8.4,22.6,39125,32.6,17.7,58.7,"","","","",64670,"","","",47835,"","","",4,65568,0.0,14.3,38.3,22.4,3.3,28.9,42.3
"A0027","Santa Clara","San Jose","https://www.californiahealthmaps.org?address=A0027","Female","Uterine",163780,28.7,20.3,40.2,39125,32.7,18.0,58.4,"","","","",64670,"","","",47835,"","","",4,65568,0.0,14.3,38.3,22.4,3.3,28.9,42.3
"A0027","Santa Clara","San Jose","https://www.californiahealthmaps.org?address=A0027","Male","Lymph",164060,16.8,10.0,29.2,41020,"","","","","","","",64990,"","","",45765,"","","",4,65568,0.0,14.3,38.3,22.4,3.3,28.9,42.3
"A0027","Santa Clara","San Jose","https://www.californiahealthmaps.org?address=A0027","Female","Lymph",163780,15.7,9.8,24.8,39125,"","","","","","","",64670,"","","",47835,"","","",4,65568,0.0,14.3,38.3,22.4,3.3,28.9,42.3
"A0027","Santa Clara","San Jose","https://www.californiahealthmaps.org?address=A0027","Male","Urinary",164060,15.6,8.0,29.3,41020,"","","","","","","",64990,"","","",45765,"","","",4,65568,0.0,14.3,38.3,22.4,3.3,28.9,42.3
"A0027","Santa Clara","San Jose","https://www.californiahealthmaps.org?address=A0027","Female","Urinary",163780,3.4,0.9,9.7,39125,"","","","","","","",64670,"","","",47835,"","","",4,65568,0.0,14.3,38.3,22.4,3.3,28.9,42.3
"A0027","Santa Clara","San Jose","https://www.californiahealthmaps.org?address=A0027","Male","Kidney",164060,17.5,10.7,29.7,41020,"","","","","","","",64990,"","","",45765,"","","",4,65568,0.0,14.3,38.3,22.4,3.3,28.9,42.3
"A0027","Santa Clara","San Jose","https://www.californiahealthmaps.org?address=A0027","Female","Kidney",163780,13.9,8.1,23.0,39125,"","","","","","","",64670,"","","",47835,"","","",4,65568,0.0,14.3,38.3,22.4,3.3,28.9,42.3
"A0027","Santa Clara","San Jose","https://www.californiahealthmaps.org?address=A0027","Male","Thyroid",164060,6.3,2.7,16.2,41020,"","","","","","","",64990,"","","",45765,"","","",4,65568,0.0,14.3,38.3,22.4,3.3,28.9,42.3
"A0027","Santa Clara","San Jose","https://www.californiahealthmaps.org?address=A0027","Female","Thyroid",163780,11.9,7.1,19.7,39125,"","","","","","","",64670,"","","",47835,"","","",4,65568,0.0,14.3,38.3,22.4,3.3,28.9,42.3
"A0027","Santa Clara","San Jose","https://www.californiahealthmaps.org?address=A0027","Both","AllSite",327840,422.4,395.5,451.0,80145,516.1,465.8,571.3,13630,364.8,255.3,547.8,129660,438.7,381.1,505.0,93600,342.7,301.9,388.3,4,65568,0.0,14.3,38.3,22.4,3.3,28.9,42.3
"A0027","Santa Clara","San Jose","https://www.californiahealthmaps.org?address=A0027","Both","Lung",327840,44.5,35.5,55.5,80145,53.0,36.9,74.6,13630,"","","",129660,31.6,17.3,56.3,93600,49.2,33.5,70.4,4,65568,0.0,14.3,38.3,22.4,3.3,28.9,42.3
"A0027","Santa Clara","San Jose","https://www.californiahealthmaps.org?address=A0027","Both","CRC",327840,45.3,36.5,55.9,80145,44.4,30.2,63.8,13630,"","","",129660,47.0,29.0,75.3,93600,51.5,36.5,71.6,4,65568,0.0,14.3,38.3,22.4,3.3,28.9,42.3
"A0027","Santa Clara","San Jose","https://www.californiahealthmaps.org?address=A0027","Both","Mela",327840,15.2,10.6,21.7,80145,38.8,26.1,56.7,13630,"","","",129660,"","","",93600,"","","",4,65568,0.0,14.3,38.3,22.4,3.3,28.9,42.3
"A0027","Santa Clara","San Jose","https://www.californiahealthmaps.org?address=A0027","Both","Lymph",327840,16.0,11.5,22.3,80145,16.6,8.9,29.8,13630,"","","",129660,18.9,10.3,37.6,93600,"","","",4,65568,0.0,14.3,38.3,22.4,3.3,28.9,42.3
"A0027","Santa Clara","San Jose","https://www.californiahealthmaps.org?address=A0027","Both","Urinary",327840,8.6,5.0,14.4,80145,"","","",13630,"","","",129660,"","","",93600,"","","",4,65568,0.0,14.3,38.3,22.4,3.3,28.9,42.3
"A0027","Santa Clara","San Jose","https://www.californiahealthmaps.org?address=A0027","Both","Kidney",327840,15.7,11.1,22.2,80145,26.6,16.4,42.1,13630,"","","",129660,"","","",93600,"","","",4,65568,0.0,14.3,38.3,22.4,3.3,28.9,42.3
"A0027","Santa Clara","San Jose","https://www.californiahealthmaps.org?address=A0027","Both","Thyroid",327840,9.0,5.8,13.9,80145,"","","",13630,"","","",129660,"","","",93600,"","","",4,65568,0.0,14.3,38.3,22.4,3.3,28.9,42.3
