"Zone","Counties","Cities","URL","Sex","Cancer","PopTot","AAIR","LCI","UCI","White_PopTot","White_AAIR","White_LCI","White_UCI","Black_PopTot","Black_AAIR","Black_LCI","Black_UCI","Hispanic_PopTot","Hispanic_AAIR","Hispanic_LCI","Hispanic_UCI","Asian_PopTot","Asian_AAIR","Asian_LCI","Asian_UCI","QNSES","PopAll","PerRural","PerUninsured","PerForeignBorn","PerWhite","PerBlack","PerAsian","PerHispanic","PerAPI","PerDocvisit","PerFOBT","PerMammo","PerMenPrev","PerPap","PerWomenPrev"
"A0770","Sacramento","Sacramento","https://www.californiahealthmaps.org?address=A0770","Male","AllSite",150685,499.6,451.2,553.3,58100,571.9,500.5,653.3,18440,606.8,436.7,859.5,28270,618.0,435.5,864.2,36505,283.5,216.1,374.5,4,62292,0.6,9.4,23.8,37.3,10.0,28.1,19.0,28.1,62.8,69.4,80.4,29.2,82.7,27.3
"A0770","Sacramento","Sacramento","https://www.californiahealthmaps.org?address=A0770","Female","AllSite",160775,498.3,457.4,542.4,60720,542.7,481.3,611.6,21315,546.3,430.1,694.4,29555,446.2,327.4,602.2,39295,422.6,350.0,509.6,4,62292,0.6,9.4,23.8,37.3,10.0,28.1,19.0,28.1,62.8,69.4,80.4,29.2,82.7,27.3
"A0770","Sacramento","Sacramento","https://www.californiahealthmaps.org?address=A0770","Male","Prostate",150685,117.4,95.4,144.8,58100,101.6,74.4,139.3,18440,223.8,145.2,390.3,28270,"","","",36505,81.5,47.1,142.4,4,62292,0.6,9.4,23.8,37.3,10.0,28.1,19.0,28.1,62.8,69.4,80.4,29.2,82.7,27.3
"A0770","Sacramento","Sacramento","https://www.californiahealthmaps.org?address=A0770","Female","Breast",160775,160.1,138.1,185.2,60720,176.3,142.9,217.5,21315,234.0,160.9,340.7,29555,125.8,69.0,222.2,39295,114.3,80.9,162.2,4,62292,0.6,9.4,23.8,37.3,10.0,28.1,19.0,28.1,62.8,69.4,80.4,29.2,82.7,27.3
"A0770","Sacramento","Sacramento","https://www.californiahealthmaps.org?address=A0770","Male","Lung",150685,56.9,40.3,79.9,58100,67.1,43.5,102.1,18440,"","","",28270,"","","",36505,"","","",4,62292,0.6,9.4,23.8,37.3,10.0,28.1,19.0,28.1,62.8,69.4,80.4,29.2,82.7,27.3
"A0770","Sacramento","Sacramento","https://www.californiahealthmaps.org?address=A0770","Female","Lung",160775,44.6,32.1,60.6,60720,60.7,40.2,89.9,21315,"","","",29555,"","","",39295,"","","",4,62292,0.6,9.4,23.8,37.3,10.0,28.1,19.0,28.1,62.8,69.4,80.4,29.2,82.7,27.3
"A0770","Sacramento","Sacramento","https://www.californiahealthmaps.org?address=A0770","Male","CRC",150685,53.9,38.9,74.9,58100,55.2,35.1,86.4,18440,"","","",28270,"","","",36505,"","","",4,62292,0.6,9.4,23.8,37.3,10.0,28.1,19.0,28.1,62.8,69.4,80.4,29.2,82.7,27.3
"A0770","Sacramento","Sacramento","https://www.californiahealthmaps.org?address=A0770","Female","CRC",160775,43.3,31.4,58.8,60720,39.7,24.4,63.7,21315,"","","",29555,"","","",39295,"","","",4,62292,0.6,9.4,23.8,37.3,10.0,28.1,19.0,28.1,62.8,69.4,80.4,29.2,82.7,27.3
"A0770","Sacramento","Sacramento","https://www.californiahealthmaps.org?address=A0770","Male","Mela",150685,33.4,21.7,51.2,58100,59.3,37.7,92.3,18440,"","","",28270,"","","",36505,"","","",4,62292,0.6,9.4,23.8,37.3,10.0,28.1,19.0,28.1,62.8,69.4,80.4,29.2,82.7,27.3
"A0770","Sacramento","Sacramento","https://www.californiahealthmaps.org?address=A0770","Female","Mela",160775,19.6,11.9,31.0,60720,33.9,19.3,57.5,21315,"","","",29555,"","","",39295,"","","",4,62292,0.6,9.4,23.8,37.3,10.0,28.1,19.0,28.1,62.8,69.4,80.4,29.2,82.7,27.3
"A0770","Sacramento","Sacramento","https://www.californiahealthmaps.org?address=A0770","Female","Uterine",160775,39.8,29.1,53.8,60720,49.0,32.4,74.0,21315,"","","",29555,"","","",39295,"","","",4,62292,0.6,9.4,23.8,37.3,10.0,28.1,19.0,28.1,62.8,69.4,80.4,29.2,82.7,27.3
"A0770","Sacramento","Sacramento","https://www.californiahealthmaps.org?address=A0770","Male","Lymph",150685,25.5,15.5,41.9,58100,37.4,20.7,66.0,18440,"","","",28270,"","","",36505,"","","",4,62292,0.6,9.4,23.8,37.3,10.0,28.1,19.0,28.1,62.8,69.4,80.4,29.2,82.7,27.3
"A0770","Sacramento","Sacramento","https://www.californiahealthmaps.org?address=A0770","Female","Lymph",160775,16.0,9.6,25.8,60720,"","","",21315,"","","",29555,"","","",39295,"","","",4,62292,0.6,9.4,23.8,37.3,10.0,28.1,19.0,28.1,62.8,69.4,80.4,29.2,82.7,27.3
"A0770","Sacramento","Sacramento","https://www.californiahealthmaps.org?address=A0770","Male","Urinary",150685,23.1,12.3,41.0,58100,"","","",18440,"","","",28270,"","","",36505,"","","",4,62292,0.6,9.4,23.8,37.3,10.0,28.1,19.0,28.1,62.8,69.4,80.4,29.2,82.7,27.3
"A0770","Sacramento","Sacramento","https://www.californiahealthmaps.org?address=A0770","Female","Urinary",160775,"","","",60720,"","","",21315,"","","",29555,"","","",39295,"","","",4,62292,0.6,9.4,23.8,37.3,10.0,28.1,19.0,28.1,62.8,69.4,80.4,29.2,82.7,27.3
"A0770","Sacramento","Sacramento","https://www.californiahealthmaps.org?address=A0770","Male","Kidney",150685,22.0,14.1,35.7,58100,24.6,13.4,47.0,18440,"","","",28270,"","","",36505,"","","",4,62292,0.6,9.4,23.8,37.3,10.0,28.1,19.0,28.1,62.8,69.4,80.4,29.2,82.7,27.3
"A0770","Sacramento","Sacramento","https://www.californiahealthmaps.org?address=A0770","Female","Kidney",160775,"","","",60720,"","","",21315,"","","",29555,"","","",39295,"","","",4,62292,0.6,9.4,23.8,37.3,10.0,28.1,19.0,28.1,62.8,69.4,80.4,29.2,82.7,27.3
"A0770","Sacramento","Sacramento","https://www.californiahealthmaps.org?address=A0770","Male","Thyroid",150685,"","","",58100,"","","",18440,"","","",28270,"","","",36505,"","","",4,62292,0.6,9.4,23.8,37.3,10.0,28.1,19.0,28.1,62.8,69.4,80.4,29.2,82.7,27.3
"A0770","Sacramento","Sacramento","https://www.californiahealthmaps.org?address=A0770","Female","Thyroid",160775,24.9,17.4,35.6,60720,28.0,16.3,48.3,21315,"","","",29555,"","","",39295,"","","",4,62292,0.6,9.4,23.8,37.3,10.0,28.1,19.0,28.1,62.8,69.4,80.4,29.2,82.7,27.3
"A0770","Sacramento","Sacramento","https://www.californiahealthmaps.org?address=A0770","Male","Liver",150685,16.2,8.9,30.0,58100,"","","",18440,"","","",28270,"","","",36505,"","","",4,62292,0.6,9.4,23.8,37.3,10.0,28.1,19.0,28.1,62.8,69.4,80.4,29.2,82.7,27.3
"A0770","Sacramento","Sacramento","https://www.californiahealthmaps.org?address=A0770","Female","Liver",160775,"","","",60720,"","","",21315,"","","",29555,"","","",39295,"","","",4,62292,0.6,9.4,23.8,37.3,10.0,28.1,19.0,28.1,62.8,69.4,80.4,29.2,82.7,27.3
"A0770","Sacramento","Sacramento","https://www.californiahealthmaps.org?address=A0770","Male","Pancreas",150685,24.9,14.8,41.4,58100,"","","",18440,"","","",28270,"","","",36505,"","","",4,62292,0.6,9.4,23.8,37.3,10.0,28.1,19.0,28.1,62.8,69.4,80.4,29.2,82.7,27.3
"A0770","Sacramento","Sacramento","https://www.californiahealthmaps.org?address=A0770","Female","Pancreas",160775,15.7,8.9,26.4,60720,"","","",21315,"","","",29555,"","","",39295,"","","",4,62292,0.6,9.4,23.8,37.3,10.0,28.1,19.0,28.1,62.8,69.4,80.4,29.2,82.7,27.3
"A0770","Sacramento","Sacramento","https://www.californiahealthmaps.org?address=A0770","Both","AllSite",311460,496.6,465.3,529.8,118820,554.3,507.5,604.8,39755,566.1,469.3,684.7,57825,509.2,406.7,633.8,75800,355.2,304.7,414.2,4,62292,0.6,9.4,23.8,37.3,10.0,28.1,19.0,28.1,62.8,69.4,80.4,29.2,82.7,27.3
"A0770","Sacramento","Sacramento","https://www.californiahealthmaps.org?address=A0770","Both","Lung",311460,49.8,39.6,62.2,118820,63.8,47.9,83.9,39755,"","","",57825,"","","",75800,"","","",4,62292,0.6,9.4,23.8,37.3,10.0,28.1,19.0,28.1,62.8,69.4,80.4,29.2,82.7,27.3
"A0770","Sacramento","Sacramento","https://www.californiahealthmaps.org?address=A0770","Both","CRC",311460,48.8,39.0,60.6,118820,47.9,34.7,65.1,39755,"","","",57825,"","","",75800,42.2,26.2,68.2,4,62292,0.6,9.4,23.8,37.3,10.0,28.1,19.0,28.1,62.8,69.4,80.4,29.2,82.7,27.3
"A0770","Sacramento","Sacramento","https://www.californiahealthmaps.org?address=A0770","Both","Mela",311460,25.9,18.9,35.0,118820,45.8,32.7,63.1,39755,"","","",57825,"","","",75800,"","","",4,62292,0.6,9.4,23.8,37.3,10.0,28.1,19.0,28.1,62.8,69.4,80.4,29.2,82.7,27.3
"A0770","Sacramento","Sacramento","https://www.californiahealthmaps.org?address=A0770","Both","Lymph",311460,19.9,14.2,27.7,118820,26.3,17.1,39.7,39755,"","","",57825,"","","",75800,"","","",4,62292,0.6,9.4,23.8,37.3,10.0,28.1,19.0,28.1,62.8,69.4,80.4,29.2,82.7,27.3
"A0770","Sacramento","Sacramento","https://www.californiahealthmaps.org?address=A0770","Both","Urinary",311460,13.2,7.9,21.0,118820,21.2,12.0,35.2,39755,"","","",57825,"","","",75800,"","","",4,62292,0.6,9.4,23.8,37.3,10.0,28.1,19.0,28.1,62.8,69.4,80.4,29.2,82.7,27.3
"A0770","Sacramento","Sacramento","https://www.californiahealthmaps.org?address=A0770","Both","Kidney",311460,15.8,11.0,22.6,118820,16.7,10.3,27.1,39755,"","","",57825,"","","",75800,"","","",4,62292,0.6,9.4,23.8,37.3,10.0,28.1,19.0,28.1,62.8,69.4,80.4,29.2,82.7,27.3
"A0770","Sacramento","Sacramento","https://www.californiahealthmaps.org?address=A0770","Both","Thyroid",311460,16.8,12.2,23.3,118820,17.2,10.6,27.7,39755,"","","",57825,"","","",75800,"","","",4,62292,0.6,9.4,23.8,37.3,10.0,28.1,19.0,28.1,62.8,69.4,80.4,29.2,82.7,27.3
"A0770","Sacramento","Sacramento","https://www.californiahealthmaps.org?address=A0770","Both","Liver",311460,9.9,6.0,16.1,118820,"","","",39755,"","","",57825,"","","",75800,"","","",4,62292,0.6,9.4,23.8,37.3,10.0,28.1,19.0,28.1,62.8,69.4,80.4,29.2,82.7,27.3
"A0770","Sacramento","Sacramento","https://www.californiahealthmaps.org?address=A0770","Both","Pancreas",311460,19.8,13.7,28.2,118820,"","","",39755,"","","",57825,"","","",75800,"","","",4,62292,0.6,9.4,23.8,37.3,10.0,28.1,19.0,28.1,62.8,69.4,80.4,29.2,82.7,27.3
