"Zone","Counties","Cities","URL","Sex","Cancer","PopTot","AAIR","LCI","UCI","White_PopTot","White_AAIR","White_LCI","White_UCI","Black_PopTot","Black_AAIR","Black_LCI","Black_UCI","Hispanic_PopTot","Hispanic_AAIR","Hispanic_LCI","Hispanic_UCI","Asian_PopTot","Asian_AAIR","Asian_LCI","Asian_UCI","QNSES","PopAll","PerRural","PerUninsured","PerForeignBorn","PerWhite","PerBlack","PerAsian","PerHispanic"
"A0174","Sonoma","Healdsburg, Santa Rosa, Windsor","https://www.californiahealthmaps.org?address=A0174","Male","AllSite",156755,525.9,492.5,561.4,103720,535.4,498.1,575.8,"","","","",42535,466.1,363.8,591.8,"","","","",4,63730,13.7,9.6,13.2,68.7,0.7,2.8,24.9
"A0174","Sonoma","Healdsburg, Santa Rosa, Windsor","https://www.californiahealthmaps.org?address=A0174","Female","AllSite",161895,473.9,443.9,505.8,111935,497.3,461.9,535.8,"","","","",38475,388.7,307.3,488.1,"","","","",4,63730,13.7,9.6,13.2,68.7,0.7,2.8,24.9
"A0174","Sonoma","Healdsburg, Santa Rosa, Windsor","https://www.californiahealthmaps.org?address=A0174","Male","Prostate",156755,111.2,96.4,128.0,103720,111.6,95.4,131.1,"","","","",42535,99.2,57.8,164.6,"","","","",4,63730,13.7,9.6,13.2,68.7,0.7,2.8,24.9
"A0174","Sonoma","Healdsburg, Santa Rosa, Windsor","https://www.californiahealthmaps.org?address=A0174","Female","Breast",161895,156.4,139.6,175.2,111935,164.5,145.0,187.2,"","","","",38475,79.6,47.2,130.8,"","","","",4,63730,13.7,9.6,13.2,68.7,0.7,2.8,24.9
"A0174","Sonoma","Healdsburg, Santa Rosa, Windsor","https://www.californiahealthmaps.org?address=A0174","Male","Lung",156755,48.1,38.4,60.0,103720,48.1,37.7,61.8,"","","","",42535,"","","","","","","",4,63730,13.7,9.6,13.2,68.7,0.7,2.8,24.9
"A0174","Sonoma","Healdsburg, Santa Rosa, Windsor","https://www.californiahealthmaps.org?address=A0174","Female","Lung",161895,46.1,37.4,56.7,111935,47.4,37.9,60.3,"","","","",38475,"","","","","","","",4,63730,13.7,9.6,13.2,68.7,0.7,2.8,24.9
"A0174","Sonoma","Healdsburg, Santa Rosa, Windsor","https://www.californiahealthmaps.org?address=A0174","Male","CRC",156755,49.0,39.2,60.8,103720,50.8,40.0,65.0,"","","","",42535,"","","","","","","",4,63730,13.7,9.6,13.2,68.7,0.7,2.8,24.9
"A0174","Sonoma","Healdsburg, Santa Rosa, Windsor","https://www.californiahealthmaps.org?address=A0174","Female","CRC",161895,32.4,25.3,41.5,111935,33.4,25.4,45.0,"","","","",38475,"","","","","","","",4,63730,13.7,9.6,13.2,68.7,0.7,2.8,24.9
"A0174","Sonoma","Healdsburg, Santa Rosa, Windsor","https://www.californiahealthmaps.org?address=A0174","Male","Mela",156755,66.8,55.3,80.5,103720,75.1,61.4,92.2,"","","","",42535,"","","","","","","",4,63730,13.7,9.6,13.2,68.7,0.7,2.8,24.9
"A0174","Sonoma","Healdsburg, Santa Rosa, Windsor","https://www.californiahealthmaps.org?address=A0174","Female","Mela",161895,45.1,36.0,56.3,111935,51.9,40.5,67.0,"","","","",38475,"","","","","","","",4,63730,13.7,9.6,13.2,68.7,0.7,2.8,24.9
"A0174","Sonoma","Healdsburg, Santa Rosa, Windsor","https://www.californiahealthmaps.org?address=A0174","Female","Uterine",161895,25.3,18.9,33.8,111935,25.5,18.5,36.3,"","","","",38475,"","","","","","","",4,63730,13.7,9.6,13.2,68.7,0.7,2.8,24.9
"A0174","Sonoma","Healdsburg, Santa Rosa, Windsor","https://www.californiahealthmaps.org?address=A0174","Male","Lymph",156755,33.8,25.7,44.0,103720,34.9,25.6,47.7,"","","","",42535,"","","","","","","",4,63730,13.7,9.6,13.2,68.7,0.7,2.8,24.9
"A0174","Sonoma","Healdsburg, Santa Rosa, Windsor","https://www.californiahealthmaps.org?address=A0174","Female","Lymph",161895,15.7,10.9,22.7,111935,15.4,10.3,24.4,"","","","",38475,"","","","","","","",4,63730,13.7,9.6,13.2,68.7,0.7,2.8,24.9
"A0174","Sonoma","Healdsburg, Santa Rosa, Windsor","https://www.californiahealthmaps.org?address=A0174","Male","Urinary",156755,21.0,14.8,29.5,103720,20.2,13.7,30.4,"","","","",42535,"","","","","","","",4,63730,13.7,9.6,13.2,68.7,0.7,2.8,24.9
"A0174","Sonoma","Healdsburg, Santa Rosa, Windsor","https://www.californiahealthmaps.org?address=A0174","Female","Urinary",161895,6.3,3.5,11.3,111935,"","","","","","","",38475,"","","","","","","",4,63730,13.7,9.6,13.2,68.7,0.7,2.8,24.9
"A0174","Sonoma","Healdsburg, Santa Rosa, Windsor","https://www.californiahealthmaps.org?address=A0174","Male","Kidney",156755,21.7,15.3,30.2,103720,20.0,13.5,30.1,"","","","",42535,"","","","","","","",4,63730,13.7,9.6,13.2,68.7,0.7,2.8,24.9
"A0174","Sonoma","Healdsburg, Santa Rosa, Windsor","https://www.californiahealthmaps.org?address=A0174","Female","Kidney",161895,11.7,7.4,18.3,111935,12.0,7.0,21.2,"","","","",38475,"","","","","","","",4,63730,13.7,9.6,13.2,68.7,0.7,2.8,24.9
"A0174","Sonoma","Healdsburg, Santa Rosa, Windsor","https://www.californiahealthmaps.org?address=A0174","Male","Thyroid",156755,5.6,2.4,11.5,103720,"","","","","","","",42535,"","","","","","","",4,63730,13.7,9.6,13.2,68.7,0.7,2.8,24.9
"A0174","Sonoma","Healdsburg, Santa Rosa, Windsor","https://www.californiahealthmaps.org?address=A0174","Female","Thyroid",161895,15.0,9.6,22.8,111935,"","","","","","","",38475,"","","","","","","",4,63730,13.7,9.6,13.2,68.7,0.7,2.8,24.9
"A0174","Sonoma","Healdsburg, Santa Rosa, Windsor","https://www.californiahealthmaps.org?address=A0174","Both","AllSite",318650,492.7,470.5,515.8,215655,509.8,484.4,536.9,"","","","",81010,415.8,351.9,489.3,"","","","",4,63730,13.7,9.6,13.2,68.7,0.7,2.8,24.9
"A0174","Sonoma","Healdsburg, Santa Rosa, Windsor","https://www.californiahealthmaps.org?address=A0174","Both","Lung",318650,46.9,40.4,54.4,215655,47.7,40.6,56.5,"","","","",81010,44.4,24.5,75.3,"","","","",4,63730,13.7,9.6,13.2,68.7,0.7,2.8,24.9
"A0174","Sonoma","Healdsburg, Santa Rosa, Windsor","https://www.californiahealthmaps.org?address=A0174","Both","CRC",318650,39.9,33.9,46.8,215655,41.1,34.4,49.4,"","","","",81010,41.0,22.6,70.0,"","","","",4,63730,13.7,9.6,13.2,68.7,0.7,2.8,24.9
"A0174","Sonoma","Healdsburg, Santa Rosa, Windsor","https://www.californiahealthmaps.org?address=A0174","Both","Mela",318650,54.1,46.8,62.3,215655,61.6,52.7,72.1,"","","","",81010,"","","","","","","",4,63730,13.7,9.6,13.2,68.7,0.7,2.8,24.9
"A0174","Sonoma","Healdsburg, Santa Rosa, Windsor","https://www.californiahealthmaps.org?address=A0174","Both","Lymph",318650,24.1,19.5,29.8,215655,24.6,19.3,31.5,"","","","",81010,"","","","","","","",4,63730,13.7,9.6,13.2,68.7,0.7,2.8,24.9
"A0174","Sonoma","Healdsburg, Santa Rosa, Windsor","https://www.californiahealthmaps.org?address=A0174","Both","Urinary",318650,12.6,9.4,16.8,215655,12.1,8.8,17.2,"","","","",81010,"","","","","","","",4,63730,13.7,9.6,13.2,68.7,0.7,2.8,24.9
"A0174","Sonoma","Healdsburg, Santa Rosa, Windsor","https://www.californiahealthmaps.org?address=A0174","Both","Kidney",318650,16.0,12.3,20.8,215655,15.5,11.4,21.4,"","","","",81010,"","","","","","","",4,63730,13.7,9.6,13.2,68.7,0.7,2.8,24.9
"A0174","Sonoma","Healdsburg, Santa Rosa, Windsor","https://www.californiahealthmaps.org?address=A0174","Both","Thyroid",318650,10.3,7.0,14.6,215655,8.1,4.6,13.8,"","","","",81010,"","","","","","","",4,63730,13.7,9.6,13.2,68.7,0.7,2.8,24.9
