"Zone","URL","Sex","Cancer","Years","Counties","Places","AAIR","LCI","UCI","White_PopTot","White_AAIR","White_LCI","White_UCI","Black_PopTot","Black_AAIR","Black_LCI","Black_UCI","Hispanic_PopTot","Hispanic_AAIR","Hispanic_LCI","Hispanic_UCI","Asian_PopTot","Asian_AAIR","Asian_LCI","Asian_UCI","TotalPop","Pct100Pov","PctMinority","PctHispanic","PctBlackNH","PctAPINH","PctRural"
"A9034","https://www.example.com?address=A9034","Both","AllSite","01yr","Caddo","Shreveport, Greenwood",487.034,462.682,511.386,35562,474.835,451.093,498.577,23579,495.628,470.846,520.409,1712,"","","",776,"","","",62719,18.49,40.96,2.32,35.88,1.04,27.18
"A9034","https://www.example.com?address=A9034","Female","AllSite","01yr","Caddo","Shreveport, Greenwood",439.892,417.898,461.887,18169,419.409,398.438,440.379,12490,426.433,405.111,447.754,826,"","","",412,"","","",62719,18.49,40.96,2.32,35.88,1.04,27.18
"A9034","https://www.example.com?address=A9034","Male","AllSite","01yr","Caddo","Shreveport, Greenwood",592.326,562.71,621.943,17393,620.144,589.137,651.152,11089,587.121,557.765,616.477,887,"","","",364,"","","",62719,18.49,40.96,2.32,35.88,1.04,27.18
"A9034","https://www.example.com?address=A9034","Male","Prostate","01yr","Caddo","Shreveport, Greenwood",208.208,197.798,218.619,17393,211.656,201.073,222.238,11089,157.548,149.671,165.425,887,"","","",364,"","","",62719,18.49,40.96,2.32,35.88,1.04,27.18
"A9034","https://www.example.com?address=A9034","Both","Lung","01yr","Caddo","Shreveport, Greenwood",85.595,81.315,89.874,35562,88.69,84.256,93.125,23579,"","","",1712,"","","",776,"","","",62719,18.49,40.96,2.32,35.88,1.04,27.18
"A9034","https://www.example.com?address=A9034","Female","Lung","01yr","Caddo","Shreveport, Greenwood",54.989,52.239,57.738,18169,"","","",12490,"","","",826,"","","",412,"","","",62719,18.49,40.96,2.32,35.88,1.04,27.18
"A9034","https://www.example.com?address=A9034","Male","Lung","01yr","Caddo","Shreveport, Greenwood",86.423,82.102,90.744,17393,106.771,101.433,112.11,11089,"","","",887,"","","",364,"","","",62719,18.49,40.96,2.32,35.88,1.04,27.18
"A9034","https://www.example.com?address=A9034","Female","Breast","01yr","Caddo","Shreveport, Greenwood",130.03,123.528,136.531,18169,122.31,116.195,128.426,12490,"","","",826,"","","",412,"","","",62719,18.49,40.96,2.32,35.88,1.04,27.18
"A9034","https://www.example.com?address=A9034","Both","CRC","01yr","Caddo","Shreveport, Greenwood",52.55,49.922,55.177,35562,"","","",23579,"","","",1712,"","","",776,"","","",62719,18.49,40.96,2.32,35.88,1.04,27.18
"A9034","https://www.example.com?address=A9034","Female","CRC","01yr","Caddo","Shreveport, Greenwood","","","",18169,"","","",12490,"","","",826,"","","",412,"","","",62719,18.49,40.96,2.32,35.88,1.04,27.18
"A9034","https://www.example.com?address=A9034","Male","CRC","01yr","Caddo","Shreveport, Greenwood",55.106,52.351,57.861,17393,"","","",11089,"","","",887,"","","",364,"","","",62719,18.49,40.96,2.32,35.88,1.04,27.18
"A9034","https://www.example.com?address=A9034","Both","Kidney","01yr","Caddo","Shreveport, Greenwood",25.252,23.99,26.515,35562,"","","",23579,"","","",1712,"","","",776,"","","",62719,18.49,40.96,2.32,35.88,1.04,27.18
"A9034","https://www.example.com?address=A9034","Female","Kidney","01yr","Caddo","Shreveport, Greenwood","","","",18169,"","","",12490,"","","",826,"","","",412,"","","",62719,18.49,40.96,2.32,35.88,1.04,27.18
"A9034","https://www.example.com?address=A9034","Male","Kidney","01yr","Caddo","Shreveport, Greenwood","","","",17393,"","","",11089,"","","",887,"","","",364,"","","",62719,18.49,40.96,2.32,35.88,1.04,27.18
"A9034","https://www.example.com?address=A9034","Both","NHL","01yr","Caddo","Shreveport, Greenwood","","","",35562,"","","",23579,"","","",1712,"","","",776,"","","",62719,18.49,40.96,2.32,35.88,1.04,27.18
"A9034","https://www.example.com?address=A9034","Female","NHL","01yr","Caddo","Shreveport, Greenwood","","","",18169,"","","",12490,"","","",826,"","","",412,"","","",62719,18.49,40.96,2.32,35.88,1.04,27.18
"A9034","https://www.example.com?address=A9034","Male","NHL","01yr","Caddo","Shreveport, Greenwood","","","",17393,"","","",11089,"","","",887,"","","",364,"","","",62719,18.49,40.96,2.32,35.88,1.04,27.18
"A9034","https://www.example.com?address=A9034","Both","Urinary","01yr","Caddo","Shreveport, Greenwood","","","",35562,"","","",23579,"","","",1712,"","","",776,"","","",62719,18.49,40.96,2.32,35.88,1.04,27.18
"A9034","https://www.example.com?address=A9034","Female","Urinary","01yr","Caddo","Shreveport, Greenwood","","","",18169,"","","",12490,"","","",826,"","","",412,"","","",62719,18.49,40.96,2.32,35.88,1.04,27.18
"A9034","https://www.example.com?address=A9034","Male","Urinary","01yr","Caddo","Shreveport, Greenwood","","","",17393,"","","",11089,"","","",887,"","","",364,"","","",62719,18.49,40.96,2.32,35.88,1.04,27.18
"A9034","https://www.example.com?address=A9034","Both","Mela","01yr","Caddo","Shreveport, Greenwood","","","",35562,"","","",23579,"","","",1712,"","","",776,"","","",62719,18.49,40.96,2.32,35.88,1.04,27.18
"A9034","https://www.example.com?address=A9034","Female","Mela","01yr","Caddo","Shreveport, Greenwood","","","",18169,"","","",12490,"","","",826,"","","",412,"","","",62719,18.49,40.96,2.32,35.88,1.04,27.18
"A9034","https://www.example.com?address=A9034","Male","Mela","01yr","Caddo","Shreveport, Greenwood","","","",17393,"","","",11089,"","","",887,"","","",364,"","","",62719,18.49,40.96,2.32,35.88,1.04,27.18
"A9034","https://www.example.com?address=A9034","Both","Pancreas","01yr","Caddo","Shreveport, Greenwood","","","",35562,"","","",23579,"","","",1712,"","","",776,"","","",62719,18.49,40.96,2.32,35.88,1.04,27.18
"A9034","https://www.example.com?address=A9034","Female","Pancreas","01yr","Caddo","Shreveport, Greenwood","","","",18169,"","","",12490,"","","",826,"","","",412,"","","",62719,18.49,40.96,2.32,35.88,1.04,27.18
"A9034","https://www.example.com?address=A9034","Male","Pancreas","01yr","Caddo","Shreveport, Greenwood","","","",17393,"","","",11089,"","","",887,"","","",364,"","","",62719,18.49,40.96,2.32,35.88,1.04,27.18
"A9034","https://www.example.com?address=A9034","Both","Leuks","01yr","Caddo","Shreveport, Greenwood","","","",35562,"","","",23579,"","","",1712,"","","",776,"","","",62719,18.49,40.96,2.32,35.88,1.04,27.18
"A9034","https://www.example.com?address=A9034","Female","Leuks","01yr","Caddo","Shreveport, Greenwood","","","",18169,"","","",12490,"","","",826,"","","",412,"","","",62719,18.49,40.96,2.32,35.88,1.04,27.18
"A9034","https://www.example.com?address=A9034","Male","Leuks","01yr","Caddo","Shreveport, Greenwood","","","",17393,"","","",11089,"","","",887,"","","",364,"","","",62719,18.49,40.96,2.32,35.88,1.04,27.18
"A9034","https://www.example.com?address=A9034","Both","Oral","01yr","Caddo","Shreveport, Greenwood","","","",35562,"","","",23579,"","","",1712,"","","",776,"","","",62719,18.49,40.96,2.32,35.88,1.04,27.18
"A9034","https://www.example.com?address=A9034","Female","Oral","01yr","Caddo","Shreveport, Greenwood","","","",18169,"","","",12490,"","","",826,"","","",412,"","","",62719,18.49,40.96,2.32,35.88,1.04,27.18
"A9034","https://www.example.com?address=A9034","Male","Oral","01yr","Caddo","Shreveport, Greenwood","","","",17393,"","","",11089,"","","",887,"","","",364,"","","",62719,18.49,40.96,2.32,35.88,1.04,27.18
"A9034","https://www.example.com?address=A9034","Both","Thyroid","01yr","Caddo","Shreveport, Greenwood","","","",35562,"","","",23579,"","","",1712,"","","",776,"","","",62719,18.49,40.96,2.32,35.88,1.04,27.18
"A9034","https://www.example.com?address=A9034","Female","Thyroid","01yr","Caddo","Shreveport, Greenwood","","","",18169,"","","",12490,"","","",826,"","","",412,"","","",62719,18.49,40.96,2.32,35.88,1.04,27.18
"A9034","https://www.example.com?address=A9034","Male","Thyroid","01yr","Caddo","Shreveport, Greenwood","","","",17393,"","","",11089,"","","",887,"","","",364,"","","",62719,18.49,40.96,2.32,35.88,1.04,27.18
"A9034","https://www.example.com?address=A9034","Female","Uterine","01yr","Caddo","Shreveport, Greenwood","","","",18169,"","","",12490,"","","",826,"","","",412,"","","",62719,18.49,40.96,2.32,35.88,1.04,27.18
"A9034","https://www.example.com?address=A9034","Both","Liver","01yr","Caddo","Shreveport, Greenwood","","","",35562,"","","",23579,"","","",1712,"","","",776,"","","",62719,18.49,40.96,2.32,35.88,1.04,27.18
"A9034","https://www.example.com?address=A9034","Female","Liver","01yr","Caddo","Shreveport, Greenwood","","","",18169,"","","",12490,"","","",826,"","","",412,"","","",62719,18.49,40.96,2.32,35.88,1.04,27.18
"A9034","https://www.example.com?address=A9034","Male","Liver","01yr","Caddo","Shreveport, Greenwood","","","",17393,"","","",11089,"","","",887,"","","",364,"","","",62719,18.49,40.96,2.32,35.88,1.04,27.18
"A9034","https://www.example.com?address=A9034","Both","Stomach","01yr","Caddo","Shreveport, Greenwood","","","",35562,"","","",23579,"","","",1712,"","","",776,"","","",62719,18.49,40.96,2.32,35.88,1.04,27.18
"A9034","https://www.example.com?address=A9034","Female","Stomach","01yr","Caddo","Shreveport, Greenwood","","","",18169,"","","",12490,"","","",826,"","","",412,"","","",62719,18.49,40.96,2.32,35.88,1.04,27.18
"A9034","https://www.example.com?address=A9034","Male","Stomach","01yr","Caddo","Shreveport, Greenwood","","","",17393,"","","",11089,"","","",887,"","","",364,"","","",62719,18.49,40.96,2.32,35.88,1.04,27.18
"A9034","https://www.example.com?address=A9034","Both","Myeloma","01yr","Caddo","Shreveport, Greenwood","","","",35562,"","","",23579,"","","",1712,"","","",776,"","","",62719,18.49,40.96,2.32,35.88,1.04,27.18
"A9034","https://www.example.com?address=A9034","Female","Myeloma","01yr","Caddo","Shreveport, Greenwood","","","",18169,"","","",12490,"","","",826,"","","",412,"","","",62719,18.49,40.96,2.32,35.88,1.04,27.18
"A9034","https://www.example.com?address=A9034","Male","Myeloma","01yr","Caddo","Shreveport, Greenwood","","","",17393,"","","",11089,"","","",887,"","","",364,"","","",62719,18.49,40.96,2.32,35.88,1.04,27.18
"A9034","https://www.example.com?address=A9034","Both","Brain","01yr","Caddo","Shreveport, Greenwood","","","",35562,"","","",23579,"","","",1712,"","","",776,"","","",62719,18.49,40.96,2.32,35.88,1.04,27.18
"A9034","https://www.example.com?address=A9034","Female","Brain","01yr","Caddo","Shreveport, Greenwood","","","",18169,"","","",12490,"","","",826,"","","",412,"","","",62719,18.49,40.96,2.32,35.88,1.04,27.18
"A9034","https://www.example.com?address=A9034","Male","Brain","01yr","Caddo","Shreveport, Greenwood","","","",17393,"","","",11089,"","","",887,"","","",364,"","","",62719,18.49,40.96,2.32,35.88,1.04,27.18
"A9034","https://www.example.com?address=A9034","Both","Larynx","01yr","Caddo","Shreveport, Greenwood","","","",35562,"","","",23579,"","","",1712,"","","",776,"","","",62719,18.49,40.96,2.32,35.88,1.04,27.18
"A9034","https://www.example.com?address=A9034","Female","Larynx","01yr","Caddo","Shreveport, Greenwood","","","",18169,"","","",12490,"","","",826,"","","",412,"","","",62719,18.49,40.96,2.32,35.88,1.04,27.18
"A9034","https://www.example.com?address=A9034","Male","Larynx","01yr","Caddo","Shreveport, Greenwood","","","",17393,"","","",11089,"","","",887,"","","",364,"","","",62719,18.49,40.96,2.32,35.88,1.04,27.18
"A9034","https://www.example.com?address=A9034","Female","Ovary","01yr","Caddo","Shreveport, Greenwood","","","",18169,"","","",12490,"","","",826,"","","",412,"","","",62719,18.49,40.96,2.32,35.88,1.04,27.18
"A9034","https://www.example.com?address=A9034","Both","Esoph","01yr","Caddo","Shreveport, Greenwood","","","",35562,"","","",23579,"","","",1712,"","","",776,"","","",62719,18.49,40.96,2.32,35.88,1.04,27.18
"A9034","https://www.example.com?address=A9034","Female","Esoph","01yr","Caddo","Shreveport, Greenwood","","","",18169,"","","",12490,"","","",826,"","","",412,"","","",62719,18.49,40.96,2.32,35.88,1.04,27.18
"A9034","https://www.example.com?address=A9034","Male","Esoph","01yr","Caddo","Shreveport, Greenwood","","","",17393,"","","",11089,"","","",887,"","","",364,"","","",62719,18.49,40.96,2.32,35.88,1.04,27.18
"A9034","https://www.example.com?address=A9034","Both","AllSite","05yrs","Caddo","Shreveport, Greenwood",510.394,484.875,535.914,182547,478.526,454.6,502.452,117246,454.997,432.248,477.747,8199,457.315,434.449,480.18,3826,510.582,485.052,536.111,62719,18.49,40.96,2.32,35.88,1.04,27.18
"A9034","https://www.example.com?address=A9034","Female","AllSite","05yrs","Caddo","Shreveport, Greenwood",395.417,375.647,415.188,93315,415.166,394.407,435.924,62191,415.875,395.081,436.668,3909,436.152,414.344,457.96,2031,401.097,381.042,421.152,62719,18.49,40.96,2.32,35.88,1.04,27.18
"A9034","https://www.example.com?address=A9034","Male","AllSite","05yrs","Caddo","Shreveport, Greenwood",612.977,582.328,643.626,89232,642.11,610.004,674.215,55056,654.728,621.992,687.465,4290,539.198,512.238,566.158,1796,621.389,590.319,652.458,62719,18.49,40.96,2.32,35.88,1.04,27.18
"A9034","https://www.example.com?address=A9034","Male","Prostate","05yrs","Caddo","Shreveport, Greenwood",165.0,156.75,173.25,89232,132.481,125.857,139.105,55056,156.354,148.536,164.172,4290,167.583,159.204,175.962,1796,205.761,195.473,216.049,62719,18.49,40.96,2.32,35.88,1.04,27.18
"A9034","https://www.example.com?address=A9034","Both","Lung","05yrs","Caddo","Shreveport, Greenwood",78.959,75.011,82.907,182547,62.456,59.334,65.579,117246,53.775,51.087,56.464,8199,88.11,83.705,92.516,3826,84.651,80.419,88.884,62719,18.49,40.96,2.32,35.88,1.04,27.18
"A9034","https://www.example.com?address=A9034","Female","Lung","05yrs","Caddo","Shreveport, Greenwood",60.253,57.24,63.265,93315,47.004,44.654,49.355,62191,71.446,67.874,75.018,3909,"","","",2031,"","","",62719,18.49,40.96,2.32,35.88,1.04,27.18
"A9034","https://www.example.com?address=A9034","Male","Lung","05yrs","Caddo","Shreveport, Greenwood",54.935,52.188,57.682,89232,71.155,67.598,74.713,55056,96.006,91.206,100.807,4290,78.471,74.548,82.395,1796,"","","",62719,18.49,40.96,2.32,35.88,1.04,27.18
"A9034","https://www.example.com?address=A9034","Female","Breast","05yrs","Caddo","Shreveport, Greenwood",133.246,126.584,139.908,93315,111.089,105.534,116.643,62191,100.311,95.295,105.326,3909,113.005,107.355,118.655,2031,"","","",62719,18.49,40.96,2.32,35.88,1.04,27.18
"A9034","https://www.example.com?address=A9034","Both","CRC","05yrs","Caddo","Shreveport, Greenwood",59.809,56.818,62.799,182547,61.029,57.978,64.081,117246,38.185,36.276,40.094,8199,48.436,46.014,50.858,3826,"","","",62719,18.49,40.96,2.32,35.88,1.04,27.18
"A9034","https://www.example.com?address=A9034","Female","CRC","05yrs","Caddo","Shreveport, Greenwood",45.107,42.852,47.362,93315,37.156,35.298,39.014,62191,33.105,31.449,34.76,3909,"","","",2031,"","","",62719,18.49,40.96,2.32,35.88,1.04,27.18
"A9034","https://www.example.com?address=A9034","Male","CRC","05yrs","Caddo","Shreveport, Greenwood",61.698,58.613,64.783,89232,36.919,35.073,38.765,55056,70.009,66.508,73.509,4290,"","","",1796,"","","",62719,18.49,40.96,2.32,35.88,1.04,27.18
"A9034","https://www.example.com?address=A9034","Both","Kidney","05yrs","Caddo","Shreveport, Greenwood",16.57,15.741,17.398,182547,22.665,21.532,23.798,117246,15.869,15.075,16.662,8199,"","","",3826,"","","",62719,18.49,40.96,2.32,35.88,1.04,27.18
"A9034","https://www.example.com?address=A9034","Female","Kidney","05yrs","Caddo","Shreveport, Greenwood",22.031,20.929,23.132,93315,22.368,21.249,23.486,62191,19.978,18.979,20.977,3909,"","","",2031,"","","",62719,18.49,40.96,2.32,35.88,1.04,27.18
"A9034","https://www.example.com?address=A9034","Male","Kidney","05yrs","Caddo","Shreveport, Greenwood",34.199,32.489,35.909,89232,21.939,20.842,23.036,55056,21.778,20.689,22.866,4290,"","","",1796,"","","",62719,18.49,40.96,2.32,35.88,1.04,27.18
"A9034","https://www.example.com?address=A9034","Both","NHL","05yrs","Caddo","Shreveport, Greenwood",15.822,15.031,16.613,182547,23.844,22.652,25.036,117246,18.331,17.415,19.248,8199,"","","",3826,"","","",62719,18.49,40.96,2.32,35.88,1.04,27.18
"A9034","https://www.example.com?address=A9034","Female","NHL","05yrs","Caddo","Shreveport, Greenwood",20.128,19.122,21.135,93315,9.321,8.855,9.787,62191,21.255,20.192,22.318,3909,"","","",2031,"","","",62719,18.49,40.96,2.32,35.88,1.04,27.18
"A9034","https://www.example.com?address=A9034","Male","NHL","05yrs","Caddo","Shreveport, Greenwood",20.522,19.496,21.548,89232,17.038,16.186,17.89,55056,16.665,15.832,17.499,4290,"","","",1796,"","","",62719,18.49,40.96,2.32,35.88,1.04,27.18
"A9034","https://www.example.com?address=A9034","Both","Urinary","05yrs","Caddo","Shreveport, Greenwood",13.494,12.819,14.169,182547,22.906,21.761,24.051,117246,24.893,23.649,26.138,8199,"","","",3826,"","","",62719,18.49,40.96,2.32,35.88,1.04,27.18
"A9034","https://www.example.com?address=A9034","Female","Urinary","05yrs","Caddo","Shreveport, Greenwood",3.754,3.566,3.942,93315,10.529,10.002,11.055,62191,12.582,11.953,13.211,3909,"","","",2031,"","","",62719,18.49,40.96,2.32,35.88,1.04,27.18
"A9034","https://www.example.com?address=A9034","Male","Urinary","05yrs","Caddo","Shreveport, Greenwood",30.952,29.405,32.5,89232,26.734,25.397,28.07,55056,22.374,21.256,23.493,4290,"","","",1796,"","","",62719,18.49,40.96,2.32,35.88,1.04,27.18
"A9034","https://www.example.com?address=A9034","Both","Mela","05yrs","Caddo","Shreveport, Greenwood",17.713,16.828,18.599,182547,13.183,12.523,13.842,117246,10.324,9.808,10.841,8199,"","","",3826,"","","",62719,18.49,40.96,2.32,35.88,1.04,27.18
"A9034","https://www.example.com?address=A9034","Female","Mela","05yrs","Caddo","Shreveport, Greenwood",18.189,17.279,19.098,93315,20.589,19.559,21.618,62191,15.617,14.836,16.398,3909,"","","",2031,"","","",62719,18.49,40.96,2.32,35.88,1.04,27.18
"A9034","https://www.example.com?address=A9034","Male","Mela","05yrs","Caddo","Shreveport, Greenwood",39.933,37.937,41.93,89232,13.711,13.025,14.396,55056,17.745,16.858,18.632,4290,"","","",1796,"","","",62719,18.49,40.96,2.32,35.88,1.04,27.18
"A9034","https://www.example.com?address=A9034","Both","Pancreas","05yrs","Caddo","Shreveport, Greenwood",13.999,13.299,14.699,182547,11.3,10.735,11.865,117246,13.565,12.887,14.243,8199,"","","",3826,"","","",62719,18.49,40.96,2.32,35.88,1.04,27.18
"A9034","https://www.example.com?address=A9034","Female","Pancreas","05yrs","Caddo","Shreveport, Greenwood",8.951,8.504,9.399,93315,11.765,11.177,12.353,62191,11.832,11.24,12.424,3909,"","","",2031,"","","",62719,18.49,40.96,2.32,35.88,1.04,27.18
"A9034","https://www.example.com?address=A9034","Male","Pancreas","05yrs","Caddo","Shreveport, Greenwood",15.619,14.838,16.4,89232,19.389,18.419,20.358,55056,11.149,10.592,11.707,4290,"","","",1796,"","","",62719,18.49,40.96,2.32,35.88,1.04,27.18
"A9034","https://www.example.com?address=A9034","Both","Leuks","05yrs","Caddo","Shreveport, Greenwood",12.332,11.716,12.949,182547,16.378,15.56,17.197,117246,13.547,12.87,14.225,8199,"","","",3826,"","","",62719,18.49,40.96,2.32,35.88,1.04,27.18
"A9034","https://www.example.com?address=A9034","Female","Leuks","05yrs","Caddo","Shreveport, Greenwood",8.589,8.16,9.019,93315,8.445,8.023,8.867,62191,8.583,8.154,9.012,3909,"","","",2031,"","","",62719,18.49,40.96,2.32,35.88,1.04,27.18
"A9034","https://www.example.com?address=A9034","Male","Leuks","05yrs","Caddo","Shreveport, Greenwood",19.521,18.545,20.497,89232,10.242,9.73,10.754,55056,20.038,19.036,21.04,4290,"","","",1796,"","","",62719,18.49,40.96,2.32,35.88,1.04,27.18
"A9034","https://www.example.com?address=A9034","Both","Oral","05yrs","Caddo","Shreveport, Greenwood",6.551,6.223,6.878,182547,8.359,7.941,8.777,117246,12.211,11.601,12.822,8199,"","","",3826,"","","",62719,18.49,40.96,2.32,35.88,1.04,27.18
"A9034","https://www.example.com?address=A9034","Female","Oral","05yrs","Caddo","Shreveport, Greenwood",8.925,8.479,9.371,93315,"","","",62191,6.919,6.573,7.265,3909,"","","",2031,"","","",62719,18.49,40.96,2.32,35.88,1.04,27.18
"A9034","https://www.example.com?address=A9034","Male","Oral","05yrs","Caddo","Shreveport, Greenwood",23.723,22.537,24.909,89232,24.066,22.863,25.269,55056,21.47,20.396,22.543,4290,"","","",1796,"","","",62719,18.49,40.96,2.32,35.88,1.04,27.18
"A9034","https://www.example.com?address=A9034","Both","Thyroid","05yrs","Caddo","Shreveport, Greenwood",7.634,7.252,8.016,182547,11.684,11.1,12.268,117246,12.104,11.498,12.709,8199,"","","",3826,"","","",62719,18.49,40.96,2.32,35.88,1.04,27.18
"A9034","https://www.example.com?address=A9034","Female","Thyroid","05yrs","Caddo","Shreveport, Greenwood",15.409,14.639,16.18,93315,10.749,10.212,11.287,62191,22.202,21.092,23.312,3909,"","","",2031,"","","",62719,18.49,40.96,2.32,35.88,1.04,27.18
"A9034","https://www.example.com?address=A9034","Male","Thyroid","05yrs","Caddo","Shreveport, Greenwood",3.8,3.61,3.99,89232,8.685,8.251,9.12,55056,9.824,9.333,10.315,4290,"","","",1796,"","","",62719,18.49,40.96,2.32,35.88,1.04,27.18
"A9034","https://www.example.com?address=A9034","Female","Uterine","05yrs","Caddo","Shreveport, Greenwood",17.103,16.248,17.959,93315,18.486,17.562,19.411,62191,18.102,17.197,19.007,3909,"","","",2031,"","","",62719,18.49,40.96,2.32,35.88,1.04,27.18
"A9034","https://www.example.com?address=A9034","Both","Liver","05yrs","Caddo","Shreveport, Greenwood",14.841,14.099,15.583,182547,5.117,4.861,5.372,117246,12.216,11.606,12.827,8199,"","","",3826,"","","",62719,18.49,40.96,2.32,35.88,1.04,27.18
"A9034","https://www.example.com?address=A9034","Female","Liver","05yrs","Caddo","Shreveport, Greenwood",7.479,7.105,7.852,93315,3.717,3.531,3.903,62191,6.861,6.518,7.204,3909,"","","",2031,"","","",62719,18.49,40.96,2.32,35.88,1.04,27.18
"A9034","https://www.example.com?address=A9034","Male","Liver","05yrs","Caddo","Shreveport, Greenwood",16.868,16.024,17.711,89232,14.276,13.562,14.99,55056,11.553,10.976,12.131,4290,"","","",1796,"","","",62719,18.49,40.96,2.32,35.88,1.04,27.18
"A9034","https://www.example.com?address=A9034","Both","Stomach","05yrs","Caddo","Shreveport, Greenwood",7.894,7.499,8.288,182547,7.92,7.524,8.316,117246,11.153,10.595,11.71,8199,"","","",3826,"","","",62719,18.49,40.96,2.32,35.88,1.04,27.18
"A9034","https://www.example.com?address=A9034","Female","Stomach","05yrs","Caddo","Shreveport, Greenwood",6.624,6.293,6.955,93315,6.583,6.254,6.912,62191,6.053,5.75,6.355,3909,"","","",2031,"","","",62719,18.49,40.96,2.32,35.88,1.04,27.18
"A9034","https://www.example.com?address=A9034","Male","Stomach","05yrs","Caddo","Shreveport, Greenwood",8.977,8.528,9.425,89232,9.734,9.247,10.22,55056,9.419,8.948,9.89,4290,"","","",1796,"","","",62719,18.49,40.96,2.32,35.88,1.04,27.18
"A9034","https://www.example.com?address=A9034","Both","Myeloma","05yrs","Caddo","Shreveport, Greenwood",5.07,4.817,5.324,182547,13.347,12.68,14.014,117246,8.176,7.767,8.585,8199,"","","",3826,"","","",62719,18.49,40.96,2.32,35.88,1.04,27.18
"A9034","https://www.example.com?address=A9034","Female","Myeloma","05yrs","Caddo","Shreveport, Greenwood",7.828,7.437,8.22,93315,3.974,3.775,4.173,62191,"","","",3909,"","","",2031,"","","",62719,18.49,40.96,2.32,35.88,1.04,27.18
"A9034","https://www.example.com?address=A9034","Male","Myeloma","05yrs","Caddo","Shreveport, Greenwood",7.592,7.212,7.971,89232,11.115,10.559,11.67,55056,16.646,15.814,17.479,4290,"","","",1796,"","","",62719,18.49,40.96,2.32,35.88,1.04,27.18
"A9034","https://www.example.com?address=A9034","Both","Brain","05yrs","Caddo","Shreveport, Greenwood",3.639,3.457,3.821,182547,5.117,4.861,5.373,117246,4.385,4.165,4.604,8199,"","","",3826,"","","",62719,18.49,40.96,2.32,35.88,1.04,27.18
"A9034","https://www.example.com?address=A9034","Female","Brain","05yrs","Caddo","Shreveport, Greenwood",2.582,2.453,2.711,93315,3.377,3.208,3.546,62191,6.369,6.05,6.687,3909,"","","",2031,"","","",62719,18.49,40.96,2.32,35.88,1.04,27.18
"A9034","https://www.example.com?address=A9034","Male","Brain","05yrs","Caddo","Shreveport, Greenwood",5.225,4.964,5.487,89232,11.204,10.643,11.764,55056,9.958,9.46,10.456,4290,"","","",1796,"","","",62719,18.49,40.96,2.32,35.88,1.04,27.18
"A9034","https://www.example.com?address=A9034","Both","Larynx","05yrs","Caddo","Shreveport, Greenwood",7.941,7.544,8.338,182547,4.394,4.174,4.613,117246,6.356,6.038,6.674,8199,"","","",3826,"","","",62719,18.49,40.96,2.32,35.88,1.04,27.18
"A9034","https://www.example.com?address=A9034","Female","Larynx","05yrs","Caddo","Shreveport, Greenwood",3.97,3.772,4.169,93315,"","","",62191,"","","",3909,"","","",2031,"","","",62719,18.49,40.96,2.32,35.88,1.04,27.18
"A9034","https://www.example.com?address=A9034","Male","Larynx","05yrs","Caddo","Shreveport, Greenwood",9.012,8.561,9.462,89232,13.522,12.846,14.198,55056,10.607,10.077,11.137,4290,"","","",1796,"","","",62719,18.49,40.96,2.32,35.88,1.04,27.18
"A9034","https://www.example.com?address=A9034","Female","Ovary","05yrs","Caddo","Shreveport, Greenwood",15.476,14.702,16.249,93315,4.84,4.598,5.082,62191,"","","",3909,"","","",2031,"","","",62719,18.49,40.96,2.32,35.88,1.04,27.18
"A9034","https://www.example.com?address=A9034","Both","Esoph","05yrs","Caddo","Shreveport, Greenwood",4.168,3.96,4.376,182547,3.945,3.747,4.142,117246,4.942,4.695,5.189,8199,"","","",3826,"","","",62719,18.49,40.96,2.32,35.88,1.04,27.18
"A9034","https://www.example.com?address=A9034","Female","Esoph","05yrs","Caddo","Shreveport, Greenwood","","","",93315,"","","",62191,"","","",3909,"","","",2031,"","","",62719,18.49,40.96,2.32,35.88,1.04,27.18
"A9034","https://www.example.com?address=A9034","Male","Esoph","05yrs","Caddo","Shreveport, Greenwood",5.744,5.457,6.031,89232,13.376,12.707,14.045,55056,11.387,10.817,11.956,4290,"","","",1796,"","","",62719,18.49,40.96,2.32,35.88,1.04,27.18
"A9034","https://www.example.com?address=A9034","Both","AllSite","10yrs","Caddo","Shreveport, Greenwood",480.28,456.266,504.293,366425,442.401,420.281,464.521,229364,511.938,486.341,537.534,14709,455.639,432.857,478.421,7152,456.862,434.019,479.705,62719,18.49,40.96,2.32,35.88,1.04,27.18
"A9034","https://www.example.com?address=A9034","Female","AllSite","10yrs","Caddo","Shreveport, Greenwood",445.71,423.424,467.995,187481,451.478,428.904,474.052,121828,430.298,408.784,451.813,7004,383.314,364.149,402.48,3785,438.323,416.407,460.239,62719,18.49,40.96,2.32,35.88,1.04,27.18
"A9034","https://www.example.com?address=A9034","Male","AllSite","10yrs","Caddo","Shreveport, Greenwood",535.951,509.153,562.748,178944,588.402,558.982,617.822,107536,556.895,529.051,584.74,7705,629.857,598.364,661.35,3367,542.184,515.075,569.294,62719,18.49,40.96,2.32,35.88,1.04,27.18
"A9034","https://www.example.com?address=A9034","Male","Prostate","10yrs","Caddo","Shreveport, Greenwood",148.358,140.94,155.776,178944,159.967,151.968,167.965,107536,206.523,196.197,216.849,7705,141.74,134.653,148.827,3367,210.843,200.301,221.385,62719,18.49,40.96,2.32,35.88,1.04,27.18
"A9034","https://www.example.com?address=A9034","Both","Lung","10yrs","Caddo","Shreveport, Greenwood",85.551,81.274,89.829,366425,58.672,55.738,61.605,229364,62.295,59.18,65.41,14709,82.974,78.826,87.123,7152,83.103,78.948,87.258,62719,18.49,40.96,2.32,35.88,1.04,27.18
"A9034","https://www.example.com?address=A9034","Female","Lung","10yrs","Caddo","Shreveport, Greenwood",64.895,61.65,68.14,187481,61.872,58.779,64.966,121828,64.135,60.928,67.341,7004,62.298,59.183,65.413,3785,52.606,49.976,55.236,62719,18.49,40.96,2.32,35.88,1.04,27.18
"A9034","https://www.example.com?address=A9034","Male","Lung","10yrs","Caddo","Shreveport, Greenwood",74.226,70.515,77.937,178944,98.985,94.035,103.934,107536,111.035,105.483,116.587,7705,76.155,72.347,79.962,3367,109.864,104.371,115.357,62719,18.49,40.96,2.32,35.88,1.04,27.18
"A9034","https://www.example.com?address=A9034","Female","Breast","10yrs","Caddo","Shreveport, Greenwood",102.788,97.649,107.928,187481,103.271,98.107,108.434,121828,120.116,114.11,126.121,7004,96.76,91.922,101.598,3785,109.291,103.826,114.755,62719,18.49,40.96,2.32,35.88,1.04,27.18
"A9034","https://www.example.com?address=A9034","Both","CRC","10yrs","Caddo","Shreveport, Greenwood",50.371,47.852,52.889,366425,47.363,44.995,49.732,229364,36.931,35.084,38.777,14709,52.975,50.326,55.624,7152,59.055,56.102,62.007,62719,18.49,40.96,2.32,35.88,1.04,27.18
"A9034","https://www.example.com?address=A9034","Female","CRC","10yrs","Caddo","Shreveport, Greenwood",35.16,33.402,36.918,187481,39.698,37.713,41.683,121828,31.635,30.053,33.217,7004,33.123,31.466,34.779,3785,"","","",62719,18.49,40.96,2.32,35.88,1.04,27.18
"A9034","https://www.example.com?address=A9034","Male","CRC","10yrs","Caddo","Shreveport, Greenwood",53.738,51.051,56.425,178944,75.006,71.256,78.756,107536,73.27,69.607,76.934,7705,51.557,48.979,54.135,3367,54.14,51.433,56.847,62719,18.49,40.96,2.32,35.88,1.04,27.18
"A9034","https://www.example.com?address=A9034","Both","Kidney","10yrs","Caddo","Shreveport, Greenwood",20.381,19.362,21.4,366425,15.351,14.583,16.118,229364,23.499,22.324,24.674,14709,22.864,21.721,24.008,7152,"","","",62719,18.49,40.96,2.32,35.88,1.04,27.18
"A9034","https://www.example.com?address=A9034","Female","Kidney","10yrs","Caddo","Shreveport, Greenwood",13.604,12.924,14.284,187481,20.972,19.923,22.021,121828,17.759,16.871,18.647,7004,"","","",3785,"","","",62719,18.49,40.96,2.32,35.88,1.04,27.18
"A9034","https://www.example.com?address=A9034","Male","Kidney","10yrs","Caddo","Shreveport, Greenwood",35.237,33.475,36.999,178944,26.603,25.273,27.933,107536,32.824,31.183,34.465,7705,35.04,33.288,36.792,3367,"","","",62719,18.49,40.96,2.32,35.88,1.04,27.18
"A9034","https://www.example.com?address=A9034","Both","NHL","10yrs","Caddo","Shreveport, Greenwood",22.494,21.369,23.618,366425,15.531,14.755,16.308,229364,21.686,20.602,22.771,14709,16.007,15.207,16.807,7152,"","","",62719,18.49,40.96,2.32,35.88,1.04,27.18
"A9034","https://www.example.com?address=A9034","Female","NHL","10yrs","Caddo","Shreveport, Greenwood",13.703,13.018,14.388,187481,10.873,10.33,11.417,121828,20.644,19.612,21.677,7004,"","","",3785,"","","",62719,18.49,40.96,2.32,35.88,1.04,27.18
"A9034","https://www.example.com?address=A9034","Male","NHL","10yrs","Caddo","Shreveport, Greenwood",22.569,21.441,23.698,178944,21.182,20.123,22.242,107536,18.959,18.011,19.907,7705,24.944,23.697,26.191,3367,"","","",62719,18.49,40.96,2.32,35.88,1.04,27.18
"A9034","https://www.example.com?address=A9034","Both","Urinary","10yrs","Caddo","Shreveport, Greenwood",27.075,25.721,28.429,366425,25.762,24.474,27.05,229364,12.916,12.271,13.562,14709,18.011,17.11,18.911,7152,"","","",62719,18.49,40.96,2.32,35.88,1.04,27.18
"A9034","https://www.example.com?address=A9034","Female","Urinary","10yrs","Caddo","Shreveport, Greenwood",7.068,6.715,7.422,187481,5.092,4.837,5.346,121828,5.995,5.695,6.295,7004,"","","",3785,"","","",62719,18.49,40.96,2.32,35.88,1.04,27.18
"A9034","https://www.example.com?address=A9034","Male","Urinary","10yrs","Caddo","Shreveport, Greenwood",43.598,41.418,45.778,178944,31.653,30.07,33.235,107536,34.418,32.697,36.139,7705,23.227,22.065,24.388,3367,"","","",62719,18.49,40.96,2.32,35.88,1.04,27.18
"A9034","https://www.example.com?address=A9034","Both","Mela","10yrs","Caddo","Shreveport, Greenwood",17.729,16.842,18.615,366425,11.391,10.821,11.96,229364,21.85,20.758,22.943,14709,"","","",7152,"","","",62719,18.49,40.96,2.32,35.88,1.04,27.18
"A9034","https://www.example.com?address=A9034","Female","Mela","10yrs","Caddo","Shreveport, Greenwood",20.018,19.017,21.019,187481,22.677,21.543,23.81,121828,13.839,13.147,14.531,7004,"","","",3785,"","","",62719,18.49,40.96,2.32,35.88,1.04,27.18
"A9034","https://www.example.com?address=A9034","Male","Mela","10yrs","Caddo","Shreveport, Greenwood",10.978,10.429,11.527,178944,26.887,25.543,28.231,107536,38.218,36.307,40.129,7705,"","","",3367,"","","",62719,18.49,40.96,2.32,35.88,1.04,27.18
"A9034","https://www.example.com?address=A9034","Both","Pancreas","10yrs","Caddo","Shreveport, Greenwood",12.253,11.641,12.866,366425,17.637,16.755,18.519,229364,10.407,9.887,10.927,14709,14.524,13.798,15.251,7152,"","","",62719,18.49,40.96,2.32,35.88,1.04,27.18
"A9034","https://www.example.com?address=A9034","Female","Pancreas","10yrs","Caddo","Shreveport, Greenwood",14.203,13.492,14.913,187481,11.644,11.062,12.227,121828,12.268,11.655,12.882,7004,"","","",3785,"","","",62719,18.49,40.96,2.32,35.88,1.04,27.18
"A9034","https://www.example.com?address=A9034","Male","Pancreas","10yrs","Caddo","Shreveport, Greenwood",16.521,15.695,17.347,178944,17.425,16.553,18.296,107536,13.219,12.558,13.88,7705,"","","",3367,"","","",62719,18.49,40.96,2.32,35.88,1.04,27.18
"A9034","https://www.example.com?address=A9034","Both","Leuks","10yrs","Caddo","Shreveport, Greenwood",14.524,13.798,15.25,366425,10.85,10.308,11.393,229364,17.86,16.967,18.753,14709,"","","",7152,"","","",62719,18.49,40.96,2.32,35.88,1.04,27.18
"A9034","https://www.example.com?address=A9034","Female","Leuks","10yrs","Caddo","Shreveport, Greenwood",12.895,12.25,13.539,187481,13.195,12.535,13.854,121828,12.188,11.578,12.797,7004,"","","",3785,"","","",62719,18.49,40.96,2.32,35.88,1.04,27.18
"A9034","https://www.example.com?address=A9034","Male","Leuks","10yrs","Caddo","Shreveport, Greenwood",18.202,17.291,19.112,178944,19.741,18.754,20.728,107536,22.97,21.822,24.119,7705,"","","",3367,"","","",62719,18.49,40.96,2.32,35.88,1.04,27.18
"A9034","https://www.example.com?address=A9034","Both","Oral","10yrs","Caddo","Shreveport, Greenwood",13.684,13.0,14.368,366425,7.736,7.349,8.123,229364,11.294,10.729,11.859,14709,"","","",7152,"","","",62719,18.49,40.96,2.32,35.88,1.04,27.18
"A9034","https://www.example.com?address=A9034","Female","Oral","10yrs","Caddo","Shreveport, Greenwood",6.197,5.887,6.507,187481,5.388,5.119,5.658,121828,8.554,8.126,8.981,7004,"","","",3785,"","","",62719,18.49,40.96,2.32,35.88,1.04,27.18
"A9034","https://www.example.com?address=A9034","Male","Oral","10yrs","Caddo","Shreveport, Greenwood",18.882,17.937,19.826,178944,21.47,20.397,22.544,107536,22.325,21.208,23.441,7705,"","","",3367,"","","",62719,18.49,40.96,2.32,35.88,1.04,27.18
"A9034","https://www.example.com?address=A9034","Both","Thyroid","10yrs","Caddo","Shreveport, Greenwood",16.434,15.612,17.256,366425,16.126,15.32,16.933,229364,17.414,16.543,18.285,14709,15.461,14.688,16.234,7152,"","","",62719,18.49,40.96,2.32,35.88,1.04,27.18
"A9034","https://www.example.com?address=A9034","Female","Thyroid","10yrs","Caddo","Shreveport, Greenwood",17.843,16.951,18.735,187481,24.707,23.471,25.942,121828,20.34,19.323,21.357,7004,"","","",3785,"","","",62719,18.49,40.96,2.32,35.88,1.04,27.18
"A9034","https://www.example.com?address=A9034","Male","Thyroid","10yrs","Caddo","Shreveport, Greenwood",7.984,7.585,8.383,178944,7.196,6.836,7.555,107536,8.931,8.484,9.377,7705,"","","",3367,"","","",62719,18.49,40.96,2.32,35.88,1.04,27.18
"A9034","https://www.example.com?address=A9034","Female","Uterine","10yrs","Caddo","Shreveport, Greenwood",24.906,23.66,26.151,187481,12.605,11.975,13.235,121828,17.741,16.854,18.628,7004,24.017,22.816,25.218,3785,"","","",62719,18.49,40.96,2.32,35.88,1.04,27.18
"A9034","https://www.example.com?address=A9034","Both","Liver","10yrs","Caddo","Shreveport, Greenwood",9.085,8.631,9.54,366425,8.515,8.089,8.941,229364,6.345,6.027,6.662,14709,"","","",7152,"","","",62719,18.49,40.96,2.32,35.88,1.04,27.18
"A9034","https://www.example.com?address=A9034","Female","Liver","10yrs","Caddo","Shreveport, Greenwood",4.951,4.703,5.198,187481,3.937,3.74,4.133,121828,1.668,1.584,1.751,7004,"","","",3785,"","","",62719,18.49,40.96,2.32,35.88,1.04,27.18
"A9034","https://www.example.com?address=A9034","Male","Liver","10yrs","Caddo","Shreveport, Greenwood",8.772,8.334,9.211,178944,23.006,21.856,24.157,107536,17.483,16.609,18.357,7705,"","","",3367,"","","",62719,18.49,40.96,2.32,35.88,1.04,27.18
"A9034","https://www.example.com?address=A9034","Both","Stomach","10yrs","Caddo","Shreveport, Greenwood",8.601,8.171,9.032,366425,10.946,10.398,11.493,229364,4.612,4.382,4.843,14709,"","","",7152,"","","",62719,18.49,40.96,2.32,35.88,1.04,27.18
"A9034","https://www.example.com?address=A9034","Female","Stomach","10yrs","Caddo","Shreveport, Greenwood",7.971,7.572,8.369,187481,4.011,3.81,4.211,121828,4.549,4.322,4.776,7004,"","","",3785,"","","",62719,18.49,40.96,2.32,35.88,1.04,27.18
"A9034","https://www.example.com?address=A9034","Male","Stomach","10yrs","Caddo","Shreveport, Greenwood",10.288,9.774,10.803,178944,12.22,11.609,12.831,107536,6.547,6.22,6.874,7705,"","","",3367,"","","",62719,18.49,40.96,2.32,35.88,1.04,27.18
"A9034","https://www.example.com?address=A9034","Both","Myeloma","10yrs","Caddo","Shreveport, Greenwood",10.921,10.375,11.467,366425,6.279,5.965,6.593,229364,10.419,9.898,10.94,14709,"","","",7152,"","","",62719,18.49,40.96,2.32,35.88,1.04,27.18
"A9034","https://www.example.com?address=A9034","Female","Myeloma","10yrs","Caddo","Shreveport, Greenwood",7.172,6.813,7.53,187481,12.737,12.1,13.373,121828,10.228,9.716,10.739,7004,"","","",3785,"","","",62719,18.49,40.96,2.32,35.88,1.04,27.18
"A9034","https://www.example.com?address=A9034","Male","Myeloma","10yrs","Caddo","Shreveport, Greenwood",12.741,12.104,13.378,178944,12.517,11.891,13.142,107536,16.134,15.327,16.941,7705,"","","",3367,"","","",62719,18.49,40.96,2.32,35.88,1.04,27.18
"A9034","https://www.example.com?address=A9034","Both","Brain","10yrs","Caddo","Shreveport, Greenwood",6.605,6.275,6.936,366425,4.625,4.394,4.856,229364,8.414,7.994,8.835,14709,"","","",7152,"","","",62719,18.49,40.96,2.32,35.88,1.04,27.18
"A9034","https://www.example.com?address=A9034","Female","Brain","10yrs","Caddo","Shreveport, Greenwood",6.149,5.842,6.457,187481,3.736,3.549,3.923,121828,7.661,7.278,8.044,7004,"","","",3785,"","","",62719,18.49,40.96,2.32,35.88,1.04,27.18
"A9034","https://www.example.com?address=A9034","Male","Brain","10yrs","Caddo","Shreveport, Greenwood",5.584,5.304,5.863,178944,9.795,9.305,10.285,107536,9.487,9.012,9.961,7705,"","","",3367,"","","",62719,18.49,40.96,2.32,35.88,1.04,27.18
"A9034","https://www.example.com?address=A9034","Both","Larynx","10yrs","Caddo","Shreveport, Greenwood",7.254,6.891,7.617,366425,3.374,3.205,3.542,229364,2.704,2.569,2.839,14709,"","","",7152,"","","",62719,18.49,40.96,2.32,35.88,1.04,27.18
"A9034","https://www.example.com?address=A9034","Female","Larynx","10yrs","Caddo","Shreveport, Greenwood",0.522,0.496,0.548,187481,3.058,2.905,3.211,121828,1.738,1.651,1.825,7004,"","","",3785,"","","",62719,18.49,40.96,2.32,35.88,1.04,27.18
"A9034","https://www.example.com?address=A9034","Male","Larynx","10yrs","Caddo","Shreveport, Greenwood",10.37,9.852,10.889,178944,9.947,9.45,10.444,107536,13.255,12.593,13.918,7705,"","","",3367,"","","",62719,18.49,40.96,2.32,35.88,1.04,27.18
"A9034","https://www.example.com?address=A9034","Female","Ovary","10yrs","Caddo","Shreveport, Greenwood",9.092,8.637,9.546,187481,5.017,4.766,5.267,121828,14.279,13.565,14.993,7004,"","","",3785,"","","",62719,18.49,40.96,2.32,35.88,1.04,27.18
"A9034","https://www.example.com?address=A9034","Both","Esoph","10yrs","Caddo","Shreveport, Greenwood",5.853,5.561,6.146,366425,7.412,7.041,7.782,229364,7.199,6.839,7.559,14709,"","","",7152,"","","",62719,18.49,40.96,2.32,35.88,1.04,27.18
"A9034","https://www.example.com?address=A9034","Female","Esoph","10yrs","Caddo","Shreveport, Greenwood",3.642,3.46,3.824,187481,3.156,2.998,3.313,121828,"","","",7004,"","","",3785,"","","",62719,18.49,40.96,2.32,35.88,1.04,27.18
"A9034","https://www.example.com?address=A9034","Male","Esoph","10yrs","Caddo","Shreveport, Greenwood",11.481,10.907,12.055,178944,5.062,4.809,5.315,107536,8.232,7.82,8.643,7705,"","","",3367,"","","",62719,18.49,40.96,2.32,35.88,1.04,27.18
