"Zone","Counties","Cities","URL","Sex","Cancer","PopTot","AAIR","LCI","UCI","White_PopTot","White_AAIR","White_LCI","White_UCI","Black_PopTot","Black_AAIR","Black_LCI","Black_UCI","Hispanic_PopTot","Hispanic_AAIR","Hispanic_LCI","Hispanic_UCI","Asian_PopTot","Asian_AAIR","Asian_LCI","Asian_UCI","QNSES","PopAll","PerRural","PerUninsured","PerForeignBorn","PerWhite","PerBlack","PerAsian","PerHispanic","PerAPI","PerDocvisit","PerFOBT","PerMammo","PerMenPrev","PerPap","PerWomenPrev"
"A0968","Alameda","Newark, Fremont","https://www.californiahealthmaps.org?address=A0968","Male","AllSite",156190,459.0,421.8,499.1,42270,516.8,457.0,585.1,"","","","",39925,540.7,431.8,675.4,60415,375.9,319.1,441.4,4,62526,0.0,8.6,38.2,29.8,3.2,39.4,23.9,39.4,"","","","","",""
"A0968","Alameda","Newark, Fremont","https://www.californiahealthmaps.org?address=A0968","Female","AllSite",156440,427.0,395.2,460.7,41215,477.8,424.4,539.4,"","","","",38815,506.0,422.5,603.4,62935,338.3,292.5,390.4,4,62526,0.0,8.6,38.2,29.8,3.2,39.4,23.9,39.4,"","","","","",""
"A0968","Alameda","Newark, Fremont","https://www.californiahealthmaps.org?address=A0968","Male","Prostate",156190,104.1,87.3,123.7,42270,104.7,80.3,137.8,"","","","",39925,112.7,70.3,182.0,60415,89.2,63.1,124.5,4,62526,0.0,8.6,38.2,29.8,3.2,39.4,23.9,39.4,"","","","","",""
"A0968","Alameda","Newark, Fremont","https://www.californiahealthmaps.org?address=A0968","Female","Breast",156440,153.3,134.7,174.0,41215,179.9,148.0,220.3,"","","","",38815,132.3,92.8,185.9,62935,126.1,99.1,159.5,4,62526,0.0,8.6,38.2,29.8,3.2,39.4,23.9,39.4,"","","","","",""
"A0968","Alameda","Newark, Fremont","https://www.californiahealthmaps.org?address=A0968","Male","Lung",156190,49.1,36.9,64.6,42270,41.0,25.6,66.1,"","","","",39925,"","","",60415,49.3,29.5,79.1,4,62526,0.0,8.6,38.2,29.8,3.2,39.4,23.9,39.4,"","","","","",""
"A0968","Alameda","Newark, Fremont","https://www.californiahealthmaps.org?address=A0968","Female","Lung",156440,48.2,37.7,60.9,41215,61.5,44.0,88.2,"","","","",38815,"","","",62935,30.0,17.0,50.3,4,62526,0.0,8.6,38.2,29.8,3.2,39.4,23.9,39.4,"","","","","",""
"A0968","Alameda","Newark, Fremont","https://www.californiahealthmaps.org?address=A0968","Male","CRC",156190,48.1,36.7,62.6,42270,47.0,30.3,73.3,"","","","",39925,82.7,41.8,154.4,60415,34.1,19.8,57.6,4,62526,0.0,8.6,38.2,29.8,3.2,39.4,23.9,39.4,"","","","","",""
"A0968","Alameda","Newark, Fremont","https://www.californiahealthmaps.org?address=A0968","Female","CRC",156440,40.1,30.8,51.5,41215,40.2,26.0,64.4,"","","","",38815,70.1,41.6,113.7,62935,28.6,16.1,48.4,4,62526,0.0,8.6,38.2,29.8,3.2,39.4,23.9,39.4,"","","","","",""
"A0968","Alameda","Newark, Fremont","https://www.californiahealthmaps.org?address=A0968","Male","Mela",156190,22.3,14.6,33.3,42270,48.9,31.3,76.3,"","","","",39925,"","","",60415,"","","",4,62526,0.0,8.6,38.2,29.8,3.2,39.4,23.9,39.4,"","","","","",""
"A0968","Alameda","Newark, Fremont","https://www.californiahealthmaps.org?address=A0968","Female","Mela",156440,10.4,6.0,16.9,41215,"","","","","","","",38815,"","","",62935,"","","",4,62526,0.0,8.6,38.2,29.8,3.2,39.4,23.9,39.4,"","","","","",""
"A0968","Alameda","Newark, Fremont","https://www.californiahealthmaps.org?address=A0968","Female","Uterine",156440,29.5,21.7,39.3,41215,22.6,12.0,43.9,"","","","",38815,"","","",62935,31.4,19.0,50.6,4,62526,0.0,8.6,38.2,29.8,3.2,39.4,23.9,39.4,"","","","","",""
"A0968","Alameda","Newark, Fremont","https://www.californiahealthmaps.org?address=A0968","Male","Lymph",156190,27.1,18.6,38.8,42270,36.6,21.4,62.1,"","","","",39925,"","","",60415,"","","",4,62526,0.0,8.6,38.2,29.8,3.2,39.4,23.9,39.4,"","","","","",""
"A0968","Alameda","Newark, Fremont","https://www.californiahealthmaps.org?address=A0968","Female","Lymph",156440,13.2,8.0,20.7,41215,"","","","","","","",38815,"","","",62935,"","","",4,62526,0.0,8.6,38.2,29.8,3.2,39.4,23.9,39.4,"","","","","",""
"A0968","Alameda","Newark, Fremont","https://www.californiahealthmaps.org?address=A0968","Male","Urinary",156190,14.7,8.5,24.2,42270,"","","","","","","",39925,"","","",60415,"","","",4,62526,0.0,8.6,38.2,29.8,3.2,39.4,23.9,39.4,"","","","","",""
"A0968","Alameda","Newark, Fremont","https://www.californiahealthmaps.org?address=A0968","Female","Urinary",156440,"","","",41215,"","","","","","","",38815,"","","",62935,"","","",4,62526,0.0,8.6,38.2,29.8,3.2,39.4,23.9,39.4,"","","","","",""
"A0968","Alameda","Newark, Fremont","https://www.californiahealthmaps.org?address=A0968","Male","Kidney",156190,24.7,16.6,36.1,42270,"","","","","","","",39925,"","","",60415,"","","",4,62526,0.0,8.6,38.2,29.8,3.2,39.4,23.9,39.4,"","","","","",""
"A0968","Alameda","Newark, Fremont","https://www.californiahealthmaps.org?address=A0968","Female","Kidney",156440,"","","",41215,"","","","","","","",38815,"","","",62935,"","","",4,62526,0.0,8.6,38.2,29.8,3.2,39.4,23.9,39.4,"","","","","",""
"A0968","Alameda","Newark, Fremont","https://www.californiahealthmaps.org?address=A0968","Male","Thyroid",156190,"","","",42270,"","","","","","","",39925,"","","",60415,"","","",4,62526,0.0,8.6,38.2,29.8,3.2,39.4,23.9,39.4,"","","","","",""
"A0968","Alameda","Newark, Fremont","https://www.californiahealthmaps.org?address=A0968","Female","Thyroid",156440,13.8,8.7,21.1,41215,"","","","","","","",38815,"","","",62935,22.4,12.6,38.9,4,62526,0.0,8.6,38.2,29.8,3.2,39.4,23.9,39.4,"","","","","",""
"A0968","Alameda","Newark, Fremont","https://www.californiahealthmaps.org?address=A0968","Male","Liver",156190,17.3,10.8,27.1,42270,"","","","","","","",39925,"","","",60415,"","","",4,62526,0.0,8.6,38.2,29.8,3.2,39.4,23.9,39.4,"","","","","",""
"A0968","Alameda","Newark, Fremont","https://www.californiahealthmaps.org?address=A0968","Female","Liver",156440,"","","",41215,"","","","","","","",38815,"","","",62935,"","","",4,62526,0.0,8.6,38.2,29.8,3.2,39.4,23.9,39.4,"","","","","",""
"A0968","Alameda","Newark, Fremont","https://www.californiahealthmaps.org?address=A0968","Male","Pancreas",156190,14.9,8.7,24.5,42270,"","","","","","","",39925,"","","",60415,"","","",4,62526,0.0,8.6,38.2,29.8,3.2,39.4,23.9,39.4,"","","","","",""
"A0968","Alameda","Newark, Fremont","https://www.californiahealthmaps.org?address=A0968","Female","Pancreas",156440,11.4,6.8,18.2,41215,"","","","","","","",38815,"","","",62935,"","","",4,62526,0.0,8.6,38.2,29.8,3.2,39.4,23.9,39.4,"","","","","",""
"A0968","Alameda","Newark, Fremont","https://www.californiahealthmaps.org?address=A0968","Both","AllSite",312630,436.8,412.9,461.9,83485,492.1,452.3,535.8,11975,613.4,451.7,824.9,78740,509.5,444.2,583.6,123350,349.7,314.2,388.5,4,62526,0.0,8.6,38.2,29.8,3.2,39.4,23.9,39.4,"","","","","",""
"A0968","Alameda","Newark, Fremont","https://www.californiahealthmaps.org?address=A0968","Both","Lung",312630,48.3,40.2,57.5,83485,53.1,40.7,69.9,11975,"","","",78740,49.7,29.8,79.7,123350,37.9,26.3,53.2,4,62526,0.0,8.6,38.2,29.8,3.2,39.4,23.9,39.4,"","","","","",""
"A0968","Alameda","Newark, Fremont","https://www.californiahealthmaps.org?address=A0968","Both","CRC",312630,43.7,36.3,52.2,83485,43.2,32.0,58.9,11975,"","","",78740,72.2,48.8,105.1,123350,31.5,21.6,45.0,4,62526,0.0,8.6,38.2,29.8,3.2,39.4,23.9,39.4,"","","","","",""
"A0968","Alameda","Newark, Fremont","https://www.californiahealthmaps.org?address=A0968","Both","Mela",312630,15.5,11.2,21.0,83485,32.5,22.8,46.8,11975,"","","",78740,"","","",123350,"","","",4,62526,0.0,8.6,38.2,29.8,3.2,39.4,23.9,39.4,"","","","","",""
"A0968","Alameda","Newark, Fremont","https://www.californiahealthmaps.org?address=A0968","Both","Lymph",312630,19.6,14.7,25.8,83485,26.1,17.1,39.9,11975,"","","",78740,"","","",123350,"","","",4,62526,0.0,8.6,38.2,29.8,3.2,39.4,23.9,39.4,"","","","","",""
"A0968","Alameda","Newark, Fremont","https://www.californiahealthmaps.org?address=A0968","Both","Urinary",312630,9.4,6.1,14.0,83485,14.2,8.4,25.1,11975,"","","",78740,"","","",123350,"","","",4,62526,0.0,8.6,38.2,29.8,3.2,39.4,23.9,39.4,"","","","","",""
"A0968","Alameda","Newark, Fremont","https://www.californiahealthmaps.org?address=A0968","Both","Kidney",312630,15.0,10.8,20.4,83485,12.7,7.2,23.3,11975,"","","",78740,43.0,25.1,71.0,123350,"","","",4,62526,0.0,8.6,38.2,29.8,3.2,39.4,23.9,39.4,"","","","","",""
"A0968","Alameda","Newark, Fremont","https://www.californiahealthmaps.org?address=A0968","Both","Thyroid",312630,9.0,6.0,13.1,83485,"","","",11975,"","","",78740,"","","",123350,14.2,8.4,23.3,4,62526,0.0,8.6,38.2,29.8,3.2,39.4,23.9,39.4,"","","","","",""
"A0968","Alameda","Newark, Fremont","https://www.californiahealthmaps.org?address=A0968","Both","Liver",312630,13.0,9.1,18.1,83485,"","","",11975,"","","",78740,"","","",123350,17.2,9.8,28.3,4,62526,0.0,8.6,38.2,29.8,3.2,39.4,23.9,39.4,"","","","","",""
"A0968","Alameda","Newark, Fremont","https://www.californiahealthmaps.org?address=A0968","Both","Pancreas",312630,12.6,8.9,17.6,83485,"","","",11975,"","","",78740,"","","",123350,"","","",4,62526,0.0,8.6,38.2,29.8,3.2,39.4,23.9,39.4,"","","","","",""
