"Zone","Counties","Cities","URL","Sex","Cancer","PopTot","AAIR","LCI","UCI","White_PopTot","White_AAIR","White_LCI","White_UCI","Black_PopTot","Black_AAIR","Black_LCI","Black_UCI","Hispanic_PopTot","Hispanic_AAIR","Hispanic_LCI","Hispanic_UCI","Asian_PopTot","Asian_AAIR","Asian_LCI","Asian_UCI","QNSES","PopAll","PerRural","PerUninsured","PerForeignBorn","PerWhite","PerBlack","PerAsian","PerHispanic"
"B0174","Butte, Glenn","Oroville","https://www.californiahealthmaps.org?address=B0174","Male","AllSite",199185,487.8,458.7,518.6,124540,505.7,472.2,541.7,"","","","",54060,369.2,294.7,461.6,"","","","",1,78978,49.0,19.5,12.5,63.4,0.9,4.4,27.0
"B0174","Butte, Glenn","Oroville","https://www.californiahealthmaps.org?address=B0174","Female","AllSite",195705,457.2,429.8,486.2,125955,448.2,417.6,481.4,"","","","",49705,467.2,386.9,561.8,"","","","",1,78978,49.0,19.5,12.5,63.4,0.9,4.4,27.0
"B0174","Butte, Glenn","Oroville","https://www.californiahealthmaps.org?address=B0174","Male","Prostate",199185,107.1,94.1,121.7,124540,102.8,88.8,119.2,"","","","",54060,111.3,71.5,170.5,"","","","",1,78978,49.0,19.5,12.5,63.4,0.9,4.4,27.0
"B0174","Butte, Glenn","Oroville","https://www.californiahealthmaps.org?address=B0174","Female","Breast",195705,124.4,110.0,140.5,125955,127.4,110.8,146.6,"","","","",49705,94.1,62.6,139.9,"","","","",1,78978,49.0,19.5,12.5,63.4,0.9,4.4,27.0
"B0174","Butte, Glenn","Oroville","https://www.californiahealthmaps.org?address=B0174","Male","Lung",199185,69.8,59.1,82.3,124540,74.7,62.4,89.6,"","","","",54060,"","","","","","","",1,78978,49.0,19.5,12.5,63.4,0.9,4.4,27.0
"B0174","Butte, Glenn","Oroville","https://www.californiahealthmaps.org?address=B0174","Female","Lung",195705,71.9,61.7,83.8,125955,75.4,63.8,89.5,"","","","",49705,"","","","","","","",1,78978,49.0,19.5,12.5,63.4,0.9,4.4,27.0
"B0174","Butte, Glenn","Oroville","https://www.californiahealthmaps.org?address=B0174","Male","CRC",199185,56.7,47.0,68.1,124540,57.8,47.0,71.2,"","","","",54060,"","","","","","","",1,78978,49.0,19.5,12.5,63.4,0.9,4.4,27.0
"B0174","Butte, Glenn","Oroville","https://www.californiahealthmaps.org?address=B0174","Female","CRC",195705,45.7,37.3,55.8,125955,39.1,30.6,50.2,"","","","",49705,73.5,42.6,120.8,"","","","",1,78978,49.0,19.5,12.5,63.4,0.9,4.4,27.0
"B0174","Butte, Glenn","Oroville","https://www.californiahealthmaps.org?address=B0174","Male","Mela",199185,25.3,18.9,33.5,124540,27.8,20.3,38.1,"","","","",54060,"","","","","","","",1,78978,49.0,19.5,12.5,63.4,0.9,4.4,27.0
"B0174","Butte, Glenn","Oroville","https://www.californiahealthmaps.org?address=B0174","Female","Mela",195705,22.6,16.7,30.4,125955,22.4,15.5,32.3,"","","","",49705,"","","","","","","",1,78978,49.0,19.5,12.5,63.4,0.9,4.4,27.0
"B0174","Butte, Glenn","Oroville","https://www.californiahealthmaps.org?address=B0174","Female","Uterine",195705,26.2,20.1,34.0,125955,25.0,18.3,34.6,"","","","",49705,"","","","","","","",1,78978,49.0,19.5,12.5,63.4,0.9,4.4,27.0
"B0174","Butte, Glenn","Oroville","https://www.californiahealthmaps.org?address=B0174","Male","Lymph",199185,25.4,19.0,33.6,124540,25.7,18.5,35.8,"","","","",54060,"","","","","","","",1,78978,49.0,19.5,12.5,63.4,0.9,4.4,27.0
"B0174","Butte, Glenn","Oroville","https://www.californiahealthmaps.org?address=B0174","Female","Lymph",195705,14.7,10.3,21.0,125955,15.7,10.3,24.0,"","","","",49705,"","","","","","","",1,78978,49.0,19.5,12.5,63.4,0.9,4.4,27.0
"B0174","Butte, Glenn","Oroville","https://www.californiahealthmaps.org?address=B0174","Male","Urinary",199185,16.5,11.4,23.5,124540,17.9,12.1,26.4,"","","","",54060,"","","","","","","",1,78978,49.0,19.5,12.5,63.4,0.9,4.4,27.0
"B0174","Butte, Glenn","Oroville","https://www.californiahealthmaps.org?address=B0174","Female","Urinary",195705,5.5,3.0,9.8,125955,"","","","","","","",49705,"","","","","","","",1,78978,49.0,19.5,12.5,63.4,0.9,4.4,27.0
"B0174","Butte, Glenn","Oroville","https://www.californiahealthmaps.org?address=B0174","Male","Kidney",199185,22.3,16.3,30.2,124540,22.6,15.6,32.6,"","","","",54060,"","","","","","","",1,78978,49.0,19.5,12.5,63.4,0.9,4.4,27.0
"B0174","Butte, Glenn","Oroville","https://www.californiahealthmaps.org?address=B0174","Female","Kidney",195705,16.5,11.6,23.3,125955,12.6,8.0,20.1,"","","","",49705,"","","","","","","",1,78978,49.0,19.5,12.5,63.4,0.9,4.4,27.0
"B0174","Butte, Glenn","Oroville","https://www.californiahealthmaps.org?address=B0174","Male","Thyroid",199185,7.1,3.9,12.2,124540,"","","","","","","",54060,"","","","","","","",1,78978,49.0,19.5,12.5,63.4,0.9,4.4,27.0
"B0174","Butte, Glenn","Oroville","https://www.californiahealthmaps.org?address=B0174","Female","Thyroid",195705,16.5,11.3,23.6,125955,14.6,9.1,23.2,"","","","",49705,"","","","","","","",1,78978,49.0,19.5,12.5,63.4,0.9,4.4,27.0
"B0174","Butte, Glenn","Oroville","https://www.californiahealthmaps.org?address=B0174","Both","AllSite",394890,470.2,450.3,490.9,250495,474.4,451.8,498.2,"","","","",103765,416.4,361.0,479.6,17340,504.2,363.3,694.4,1,78978,49.0,19.5,12.5,63.4,0.9,4.4,27.0
"B0174","Butte, Glenn","Oroville","https://www.californiahealthmaps.org?address=B0174","Both","Lung",394890,71.1,63.6,79.4,250495,75.2,66.7,84.9,"","","","",103765,"","","",17340,"","","",1,78978,49.0,19.5,12.5,63.4,0.9,4.4,27.0
"B0174","Butte, Glenn","Oroville","https://www.californiahealthmaps.org?address=B0174","Both","CRC",394890,51.0,44.5,58.2,250495,48.0,41.1,56.1,"","","","",103765,63.3,42.0,93.2,17340,"","","",1,78978,49.0,19.5,12.5,63.4,0.9,4.4,27.0
"B0174","Butte, Glenn","Oroville","https://www.californiahealthmaps.org?address=B0174","Both","Mela",394890,23.6,19.2,28.8,250495,24.6,19.5,31.1,"","","","",103765,"","","",17340,"","","",1,78978,49.0,19.5,12.5,63.4,0.9,4.4,27.0
"B0174","Butte, Glenn","Oroville","https://www.californiahealthmaps.org?address=B0174","Both","Lymph",394890,19.8,15.9,24.6,250495,20.3,15.8,26.2,"","","","",103765,"","","",17340,"","","",1,78978,49.0,19.5,12.5,63.4,0.9,4.4,27.0
"B0174","Butte, Glenn","Oroville","https://www.californiahealthmaps.org?address=B0174","Both","Urinary",394890,10.6,7.8,14.3,250495,10.9,7.9,15.3,"","","","",103765,"","","",17340,"","","",1,78978,49.0,19.5,12.5,63.4,0.9,4.4,27.0
"B0174","Butte, Glenn","Oroville","https://www.californiahealthmaps.org?address=B0174","Both","Kidney",394890,19.1,15.2,23.9,250495,17.2,13.0,22.8,"","","","",103765,24.1,13.2,43.4,17340,"","","",1,78978,49.0,19.5,12.5,63.4,0.9,4.4,27.0
"B0174","Butte, Glenn","Oroville","https://www.californiahealthmaps.org?address=B0174","Both","Thyroid",394890,11.7,8.6,15.7,250495,11.4,7.9,16.3,"","","","",103765,"","","",17340,"","","",1,78978,49.0,19.5,12.5,63.4,0.9,4.4,27.0
