"Zone","Counties","Cities","URL","Sex","Cancer","PopTot","AAIR","LCI","UCI","White_PopTot","White_AAIR","White_LCI","White_UCI","Black_PopTot","Black_AAIR","Black_LCI","Black_UCI","Hispanic_PopTot","Hispanic_AAIR","Hispanic_LCI","Hispanic_UCI","Asian_PopTot","Asian_AAIR","Asian_LCI","Asian_UCI","QNSES","PopAll","PerRural","PerUninsured","PerForeignBorn","PerWhite","PerBlack","PerAsian","PerHispanic","PerAPI","PerDocvisit","PerFOBT","PerMammo","PerMenPrev","PerPap","PerWomenPrev"
"A0976","San Diego","Escondido","https://www.californiahealthmaps.org?address=A0976","Male","AllSite",157610,423.6,382.5,468.5,43330,479.4,421.3,546.3,"","","","",100435,330.0,263.1,411.7,"","","","",2,63169,0.0,30.1,33.8,31.2,1.1,4.2,61.7,4.2,63.7,65.9,80.0,26.7,84.8,30.0
"A0976","San Diego","Escondido","https://www.californiahealthmaps.org?address=A0976","Female","AllSite",158235,415.1,380.6,452.2,47845,466.4,414.0,526.5,"","","","",96120,342.9,286.7,408.9,"","","","",2,63169,0.0,30.1,33.8,31.2,1.1,4.2,61.7,4.2,63.7,65.9,80.0,26.7,84.8,30.0
"A0976","San Diego","Escondido","https://www.californiahealthmaps.org?address=A0976","Male","Prostate",157610,103.8,83.7,127.8,43330,103.7,78.0,138.8,"","","","",100435,99.9,64.8,150.7,"","","","",2,63169,0.0,30.1,33.8,31.2,1.1,4.2,61.7,4.2,63.7,65.9,80.0,26.7,84.8,30.0
"A0976","San Diego","Escondido","https://www.californiahealthmaps.org?address=A0976","Female","Breast",158235,130.4,111.2,152.2,47845,148.5,118.9,186.6,"","","","",96120,101.0,72.5,139.7,"","","","",2,63169,0.0,30.1,33.8,31.2,1.1,4.2,61.7,4.2,63.7,65.9,80.0,26.7,84.8,30.0
"A0976","San Diego","Escondido","https://www.californiahealthmaps.org?address=A0976","Male","Lung",157610,69.3,52.7,89.8,43330,82.6,60.0,114.8,"","","","",100435,"","","","","","","",2,63169,0.0,30.1,33.8,31.2,1.1,4.2,61.7,4.2,63.7,65.9,80.0,26.7,84.8,30.0
"A0976","San Diego","Escondido","https://www.californiahealthmaps.org?address=A0976","Female","Lung",158235,45.5,34.4,59.4,47845,61.8,44.8,87.6,"","","","",96120,"","","","","","","",2,63169,0.0,30.1,33.8,31.2,1.1,4.2,61.7,4.2,63.7,65.9,80.0,26.7,84.8,30.0
"A0976","San Diego","Escondido","https://www.californiahealthmaps.org?address=A0976","Male","CRC",157610,45.9,33.1,62.5,43330,42.3,26.8,68.0,"","","","",100435,52.1,27.9,92.8,"","","","",2,63169,0.0,30.1,33.8,31.2,1.1,4.2,61.7,4.2,63.7,65.9,80.0,26.7,84.8,30.0
"A0976","San Diego","Escondido","https://www.californiahealthmaps.org?address=A0976","Female","CRC",158235,32.3,23.4,44.0,47845,38.3,23.5,62.7,"","","","",96120,"","","","","","","",2,63169,0.0,30.1,33.8,31.2,1.1,4.2,61.7,4.2,63.7,65.9,80.0,26.7,84.8,30.0
"A0976","San Diego","Escondido","https://www.californiahealthmaps.org?address=A0976","Male","Mela",157610,22.6,13.8,35.5,43330,33.0,19.3,57.2,"","","","",100435,"","","","","","","",2,63169,0.0,30.1,33.8,31.2,1.1,4.2,61.7,4.2,63.7,65.9,80.0,26.7,84.8,30.0
"A0976","San Diego","Escondido","https://www.californiahealthmaps.org?address=A0976","Female","Mela",158235,14.8,9.2,23.2,47845,22.7,12.1,43.5,"","","","",96120,"","","","","","","",2,63169,0.0,30.1,33.8,31.2,1.1,4.2,61.7,4.2,63.7,65.9,80.0,26.7,84.8,30.0
"A0976","San Diego","Escondido","https://www.californiahealthmaps.org?address=A0976","Female","Uterine",158235,25.2,17.1,36.1,47845,29.8,17.9,51.3,"","","","",96120,"","","","","","","",2,63169,0.0,30.1,33.8,31.2,1.1,4.2,61.7,4.2,63.7,65.9,80.0,26.7,84.8,30.0
"A0976","San Diego","Escondido","https://www.californiahealthmaps.org?address=A0976","Male","Lymph",157610,"","","",43330,"","","","","","","",100435,"","","","","","","",2,63169,0.0,30.1,33.8,31.2,1.1,4.2,61.7,4.2,63.7,65.9,80.0,26.7,84.8,30.0
"A0976","San Diego","Escondido","https://www.californiahealthmaps.org?address=A0976","Female","Lymph",158235,14.2,8.3,23.0,47845,"","","","","","","",96120,"","","","","","","",2,63169,0.0,30.1,33.8,31.2,1.1,4.2,61.7,4.2,63.7,65.9,80.0,26.7,84.8,30.0
"A0976","San Diego","Escondido","https://www.californiahealthmaps.org?address=A0976","Male","Urinary",157610,"","","",43330,"","","","","","","",100435,"","","","","","","",2,63169,0.0,30.1,33.8,31.2,1.1,4.2,61.7,4.2,63.7,65.9,80.0,26.7,84.8,30.0
"A0976","San Diego","Escondido","https://www.californiahealthmaps.org?address=A0976","Female","Urinary",158235,"","","",47845,"","","","","","","",96120,"","","","","","","",2,63169,0.0,30.1,33.8,31.2,1.1,4.2,61.7,4.2,63.7,65.9,80.0,26.7,84.8,30.0
"A0976","San Diego","Escondido","https://www.californiahealthmaps.org?address=A0976","Male","Kidney",157610,16.4,9.3,27.6,43330,"","","","","","","",100435,"","","","","","","",2,63169,0.0,30.1,33.8,31.2,1.1,4.2,61.7,4.2,63.7,65.9,80.0,26.7,84.8,30.0
"A0976","San Diego","Escondido","https://www.californiahealthmaps.org?address=A0976","Female","Kidney",158235,20.2,13.0,30.3,47845,"","","","","","","",96120,"","","","","","","",2,63169,0.0,30.1,33.8,31.2,1.1,4.2,61.7,4.2,63.7,65.9,80.0,26.7,84.8,30.0
"A0976","San Diego","Escondido","https://www.californiahealthmaps.org?address=A0976","Male","Thyroid",157610,"","","",43330,"","","","","","","",100435,"","","","","","","",2,63169,0.0,30.1,33.8,31.2,1.1,4.2,61.7,4.2,63.7,65.9,80.0,26.7,84.8,30.0
"A0976","San Diego","Escondido","https://www.californiahealthmaps.org?address=A0976","Female","Thyroid",158235,19.7,13.0,29.2,47845,"","","","","","","",96120,25.7,13.3,48.8,"","","","",2,63169,0.0,30.1,33.8,31.2,1.1,4.2,61.7,4.2,63.7,65.9,80.0,26.7,84.8,30.0
"A0976","San Diego","Escondido","https://www.californiahealthmaps.org?address=A0976","Male","Liver",157610,23.6,14.8,36.3,43330,"","","","","","","",100435,"","","","","","","",2,63169,0.0,30.1,33.8,31.2,1.1,4.2,61.7,4.2,63.7,65.9,80.0,26.7,84.8,30.0
"A0976","San Diego","Escondido","https://www.californiahealthmaps.org?address=A0976","Female","Liver",158235,"","","",47845,"","","","","","","",96120,"","","","","","","",2,63169,0.0,30.1,33.8,31.2,1.1,4.2,61.7,4.2,63.7,65.9,80.0,26.7,84.8,30.0
"A0976","San Diego","Escondido","https://www.californiahealthmaps.org?address=A0976","Male","Pancreas",157610,"","","",43330,"","","","","","","",100435,"","","","","","","",2,63169,0.0,30.1,33.8,31.2,1.1,4.2,61.7,4.2,63.7,65.9,80.0,26.7,84.8,30.0
"A0976","San Diego","Escondido","https://www.californiahealthmaps.org?address=A0976","Female","Pancreas",158235,"","","",47845,"","","","","","","",96120,"","","","","","","",2,63169,0.0,30.1,33.8,31.2,1.1,4.2,61.7,4.2,63.7,65.9,80.0,26.7,84.8,30.0
"A0976","San Diego","Escondido","https://www.californiahealthmaps.org?address=A0976","Both","AllSite",315845,409.9,384.0,437.4,91175,463.1,424.8,505.3,"","","","",196555,330.2,287.1,379.0,14585,361.4,272.1,474.9,2,63169,0.0,30.1,33.8,31.2,1.1,4.2,61.7,4.2,63.7,65.9,80.0,26.7,84.8,30.0
"A0976","San Diego","Escondido","https://www.californiahealthmaps.org?address=A0976","Both","Lung",315845,54.6,45.1,65.7,91175,68.9,55.2,86.9,"","","","",196555,"","","",14585,"","","",2,63169,0.0,30.1,33.8,31.2,1.1,4.2,61.7,4.2,63.7,65.9,80.0,26.7,84.8,30.0
"A0976","San Diego","Escondido","https://www.californiahealthmaps.org?address=A0976","Both","CRC",315845,38.0,30.4,47.1,91175,39.6,28.9,55.0,"","","","",196555,37.4,23.9,57.3,14585,"","","",2,63169,0.0,30.1,33.8,31.2,1.1,4.2,61.7,4.2,63.7,65.9,80.0,26.7,84.8,30.0
"A0976","San Diego","Escondido","https://www.californiahealthmaps.org?address=A0976","Both","Mela",315845,17.6,12.7,24.2,91175,26.3,17.8,39.4,"","","","",196555,"","","",14585,"","","",2,63169,0.0,30.1,33.8,31.2,1.1,4.2,61.7,4.2,63.7,65.9,80.0,26.7,84.8,30.0
"A0976","San Diego","Escondido","https://www.californiahealthmaps.org?address=A0976","Both","Lymph",315845,10.7,6.9,16.2,91175,12.5,7.0,23.1,"","","","",196555,"","","",14585,"","","",2,63169,0.0,30.1,33.8,31.2,1.1,4.2,61.7,4.2,63.7,65.9,80.0,26.7,84.8,30.0
"A0976","San Diego","Escondido","https://www.californiahealthmaps.org?address=A0976","Both","Urinary",315845,10.0,6.2,15.4,91175,15.4,9.2,26.6,"","","","",196555,"","","",14585,"","","",2,63169,0.0,30.1,33.8,31.2,1.1,4.2,61.7,4.2,63.7,65.9,80.0,26.7,84.8,30.0
"A0976","San Diego","Escondido","https://www.californiahealthmaps.org?address=A0976","Both","Kidney",315845,18.8,13.4,25.8,91175,22.0,14.1,34.8,"","","","",196555,"","","",14585,"","","",2,63169,0.0,30.1,33.8,31.2,1.1,4.2,61.7,4.2,63.7,65.9,80.0,26.7,84.8,30.0
"A0976","San Diego","Escondido","https://www.californiahealthmaps.org?address=A0976","Both","Thyroid",315845,14.7,10.3,20.6,91175,"","","","","","","",196555,19.3,10.7,34.2,14585,"","","",2,63169,0.0,30.1,33.8,31.2,1.1,4.2,61.7,4.2,63.7,65.9,80.0,26.7,84.8,30.0
"A0976","San Diego","Escondido","https://www.californiahealthmaps.org?address=A0976","Both","Liver",315845,14.3,9.7,20.5,91175,"","","","","","","",196555,21.5,11.3,38.5,14585,"","","",2,63169,0.0,30.1,33.8,31.2,1.1,4.2,61.7,4.2,63.7,65.9,80.0,26.7,84.8,30.0
"A0976","San Diego","Escondido","https://www.californiahealthmaps.org?address=A0976","Both","Pancreas",315845,8.2,4.9,13.1,91175,"","","","","","","",196555,"","","",14585,"","","",2,63169,0.0,30.1,33.8,31.2,1.1,4.2,61.7,4.2,63.7,65.9,80.0,26.7,84.8,30.0
