"Zone","Counties","Cities","URL","Sex","Cancer","PopTot","AAIR","LCI","UCI","White_PopTot","White_AAIR","White_LCI","White_UCI","Black_PopTot","Black_AAIR","Black_LCI","Black_UCI","Hispanic_PopTot","Hispanic_AAIR","Hispanic_LCI","Hispanic_UCI","Asian_PopTot","Asian_AAIR","Asian_LCI","Asian_UCI","QNSES","PopAll","PerRural","PerUninsured","PerForeignBorn","PerWhite","PerBlack","PerAsian","PerHispanic"
"A0905","Fresno","Fresno","https://www.californiahealthmaps.org?address=A0905","Male","AllSite",173125,495.4,453.6,540.7,44390,522.4,458.6,594.1,13980,852.7,566.0,1283.7,85140,463.5,394.6,542.9,24345,331.6,241.4,450.2,2,69789,7.0,20.4,21.7,24.5,8.1,14.9,48.7
"A0905","Fresno","Fresno","https://www.californiahealthmaps.org?address=A0905","Female","AllSite",175820,402.9,370.1,438.3,45660,430.7,377.3,491.5,14985,395.1,270.1,597.6,85190,419.3,359.6,489.4,24220,301.5,229.4,391.8,2,69789,7.0,20.4,21.7,24.5,8.1,14.9,48.7
"A0905","Fresno","Fresno","https://www.californiahealthmaps.org?address=A0905","Male","Prostate",173125,98.0,80.2,119.2,44390,89.3,65.5,121.1,13980,226.6,105.1,507.2,85140,96.5,65.6,138.8,24345,"","","",2,69789,7.0,20.4,21.7,24.5,8.1,14.9,48.7
"A0905","Fresno","Fresno","https://www.californiahealthmaps.org?address=A0905","Female","Breast",175820,115.1,98.2,134.4,45660,125.1,97.1,160.9,14985,119.1,65.0,261.7,85190,117.6,88.4,157.6,24220,75.4,42.5,127.5,2,69789,7.0,20.4,21.7,24.5,8.1,14.9,48.7
"A0905","Fresno","Fresno","https://www.californiahealthmaps.org?address=A0905","Male","Lung",173125,93.3,74.9,115.6,44390,118.7,88.8,157.0,13980,"","","",85140,67.4,40.8,106.3,24345,"","","",2,69789,7.0,20.4,21.7,24.5,8.1,14.9,48.7
"A0905","Fresno","Fresno","https://www.californiahealthmaps.org?address=A0905","Female","Lung",175820,43.3,32.7,56.6,45660,55.2,37.8,80.5,14985,"","","",85190,"","","",24220,"","","",2,69789,7.0,20.4,21.7,24.5,8.1,14.9,48.7
"A0905","Fresno","Fresno","https://www.californiahealthmaps.org?address=A0905","Male","CRC",173125,40.9,29.7,55.7,44390,30.6,17.2,52.8,13980,"","","",85140,50.1,30.1,81.1,24345,"","","",2,69789,7.0,20.4,21.7,24.5,8.1,14.9,48.7
"A0905","Fresno","Fresno","https://www.californiahealthmaps.org?address=A0905","Female","CRC",175820,32.0,23.1,43.5,45660,38.6,24.0,61.6,14985,"","","",85190,"","","",24220,"","","",2,69789,7.0,20.4,21.7,24.5,8.1,14.9,48.7
"A0905","Fresno","Fresno","https://www.californiahealthmaps.org?address=A0905","Male","Mela",173125,18.1,11.1,28.8,44390,36.0,20.5,60.7,13980,"","","",85140,"","","",24345,"","","",2,69789,7.0,20.4,21.7,24.5,8.1,14.9,48.7
"A0905","Fresno","Fresno","https://www.californiahealthmaps.org?address=A0905","Female","Mela",175820,11.3,6.2,19.2,45660,"","","",14985,"","","",85190,"","","",24220,"","","",2,69789,7.0,20.4,21.7,24.5,8.1,14.9,48.7
"A0905","Fresno","Fresno","https://www.californiahealthmaps.org?address=A0905","Female","Uterine",175820,22.9,15.8,32.4,45660,25.8,14.6,45.6,14985,"","","",85190,"","","",24220,"","","",2,69789,7.0,20.4,21.7,24.5,8.1,14.9,48.7
"A0905","Fresno","Fresno","https://www.californiahealthmaps.org?address=A0905","Male","Lymph",173125,24.5,16.1,36.6,44390,"","","",13980,"","","",85140,"","","",24345,"","","",2,69789,7.0,20.4,21.7,24.5,8.1,14.9,48.7
"A0905","Fresno","Fresno","https://www.californiahealthmaps.org?address=A0905","Female","Lymph",175820,16.0,10.0,24.7,45660,"","","",14985,"","","",85190,"","","",24220,"","","",2,69789,7.0,20.4,21.7,24.5,8.1,14.9,48.7
"A0905","Fresno","Fresno","https://www.californiahealthmaps.org?address=A0905","Male","Urinary",173125,19.8,11.6,32.3,44390,"","","",13980,"","","",85140,"","","",24345,"","","",2,69789,7.0,20.4,21.7,24.5,8.1,14.9,48.7
"A0905","Fresno","Fresno","https://www.californiahealthmaps.org?address=A0905","Female","Urinary",175820,2.6,0.5,7.9,45660,"","","",14985,"","","",85190,"","","",24220,"","","",2,69789,7.0,20.4,21.7,24.5,8.1,14.9,48.7
"A0905","Fresno","Fresno","https://www.californiahealthmaps.org?address=A0905","Male","Kidney",173125,27.4,18.6,39.9,44390,"","","",13980,"","","",85140,44.0,25.6,73.5,24345,"","","",2,69789,7.0,20.4,21.7,24.5,8.1,14.9,48.7
"A0905","Fresno","Fresno","https://www.californiahealthmaps.org?address=A0905","Female","Kidney",175820,13.8,8.2,22.1,45660,"","","",14985,"","","",85190,"","","",24220,"","","",2,69789,7.0,20.4,21.7,24.5,8.1,14.9,48.7
"A0905","Fresno","Fresno","https://www.californiahealthmaps.org?address=A0905","Male","Thyroid",173125,6.8,2.9,14.8,44390,"","","",13980,"","","",85140,"","","",24345,"","","",2,69789,7.0,20.4,21.7,24.5,8.1,14.9,48.7
"A0905","Fresno","Fresno","https://www.californiahealthmaps.org?address=A0905","Female","Thyroid",175820,28.7,20.8,39.0,45660,37.4,22.5,61.0,14985,"","","",85190,31.1,18.7,55.4,24220,"","","",2,69789,7.0,20.4,21.7,24.5,8.1,14.9,48.7
"A0905","Fresno","Fresno","https://www.californiahealthmaps.org?address=A0905","Both","AllSite",348945,440.5,414.6,467.7,90050,467.3,426.5,511.8,28965,562.7,430.8,741.2,170330,438.0,392.5,488.6,48565,302.5,247.5,367.2,2,69789,7.0,20.4,21.7,24.5,8.1,14.9,48.7
"A0905","Fresno","Fresno","https://www.californiahealthmaps.org?address=A0905","Both","Lung",348945,65.4,55.2,77.0,90050,83.4,66.7,103.9,28965,"","","",170330,50.3,34.4,72.3,48565,"","","",2,69789,7.0,20.4,21.7,24.5,8.1,14.9,48.7
"A0905","Fresno","Fresno","https://www.californiahealthmaps.org?address=A0905","Both","CRC",348945,35.7,28.6,44.2,90050,34.3,24.1,48.5,28965,"","","",170330,37.0,24.8,54.8,48565,"","","",2,69789,7.0,20.4,21.7,24.5,8.1,14.9,48.7
"A0905","Fresno","Fresno","https://www.californiahealthmaps.org?address=A0905","Both","Mela",348945,14.8,10.3,20.8,90050,26.4,17.1,40.0,28965,"","","",170330,"","","",48565,"","","",2,69789,7.0,20.4,21.7,24.5,8.1,14.9,48.7
"A0905","Fresno","Fresno","https://www.californiahealthmaps.org?address=A0905","Both","Lymph",348945,19.9,14.7,26.4,90050,17.6,10.3,29.2,28965,"","","",170330,23.5,13.5,39.5,48565,"","","",2,69789,7.0,20.4,21.7,24.5,8.1,14.9,48.7
"A0905","Fresno","Fresno","https://www.californiahealthmaps.org?address=A0905","Both","Urinary",348945,10.1,6.2,15.5,90050,"","","",28965,"","","",170330,"","","",48565,"","","",2,69789,7.0,20.4,21.7,24.5,8.1,14.9,48.7
"A0905","Fresno","Fresno","https://www.californiahealthmaps.org?address=A0905","Both","Kidney",348945,20.3,15.1,27.0,90050,16.2,9.3,27.5,28965,"","","",170330,32.4,20.6,50.1,48565,"","","",2,69789,7.0,20.4,21.7,24.5,8.1,14.9,48.7
"A0905","Fresno","Fresno","https://www.californiahealthmaps.org?address=A0905","Both","Thyroid",348945,17.9,13.3,23.8,90050,23.3,14.8,36.2,28965,"","","",170330,20.9,13.2,33.8,48565,"","","",2,69789,7.0,20.4,21.7,24.5,8.1,14.9,48.7
