"Zone","Counties","Cities","URL","Sex","Cancer","PopTot","AAIR","LCI","UCI","White_PopTot","White_AAIR","White_LCI","White_UCI","Black_PopTot","Black_AAIR","Black_LCI","Black_UCI","Hispanic_PopTot","Hispanic_AAIR","Hispanic_LCI","Hispanic_UCI","Asian_PopTot","Asian_AAIR","Asian_LCI","Asian_UCI","QNSES","PopAll","PerRural","PerUninsured","PerForeignBorn","PerWhite","PerBlack","PerAsian","PerHispanic"
"A0925","Orange","Santa Ana","https://www.californiahealthmaps.org?address=A0925","Male","AllSite",168125,432.2,385.8,483.7,12920,621.6,498.4,793.2,"","","","",142110,398.7,343.4,462.1,10080,365.8,243.2,539.9,2,65552,0.0,34.7,48.5,7.5,1.2,6.9,84.0
"A0925","Orange","Santa Ana","https://www.californiahealthmaps.org?address=A0925","Female","AllSite",159635,335.7,301.6,373.3,11525,438.1,330.8,601.6,"","","","",135400,331.8,290.7,378.2,10270,231.1,151.4,348.8,2,65552,0.0,34.7,48.5,7.5,1.2,6.9,84.0
"A0925","Orange","Santa Ana","https://www.californiahealthmaps.org?address=A0925","Male","Prostate",168125,107.6,84.4,136.3,12920,107.4,62.2,212.9,"","","","",142110,111.7,81.9,150.5,10080,"","","",2,65552,0.0,34.7,48.5,7.5,1.2,6.9,84.0
"A0925","Orange","Santa Ana","https://www.californiahealthmaps.org?address=A0925","Female","Breast",159635,90.2,73.9,109.9,11525,141.9,80.6,269.6,"","","","",135400,86.9,68.1,111.0,10270,"","","",2,65552,0.0,34.7,48.5,7.5,1.2,6.9,84.0
"A0925","Orange","Santa Ana","https://www.californiahealthmaps.org?address=A0925","Male","Lung",168125,47.7,32.2,68.9,12920,"","","","","","","",142110,"","","",10080,"","","",2,65552,0.0,34.7,48.5,7.5,1.2,6.9,84.0
"A0925","Orange","Santa Ana","https://www.californiahealthmaps.org?address=A0925","Female","Lung",159635,23.6,14.3,37.1,11525,"","","","","","","",135400,"","","",10270,"","","",2,65552,0.0,34.7,48.5,7.5,1.2,6.9,84.0
"A0925","Orange","Santa Ana","https://www.californiahealthmaps.org?address=A0925","Male","CRC",168125,45.2,31.0,64.9,12920,"","","","","","","",142110,40.7,25.1,65.2,10080,"","","",2,65552,0.0,34.7,48.5,7.5,1.2,6.9,84.0
"A0925","Orange","Santa Ana","https://www.californiahealthmaps.org?address=A0925","Female","CRC",159635,23.7,14.7,36.7,11525,"","","","","","","",135400,24.7,13.6,42.5,10270,"","","",2,65552,0.0,34.7,48.5,7.5,1.2,6.9,84.0
"A0925","Orange","Santa Ana","https://www.californiahealthmaps.org?address=A0925","Male","Mela",168125,10.4,4.5,22.2,12920,"","","","","","","",142110,"","","",10080,"","","",2,65552,0.0,34.7,48.5,7.5,1.2,6.9,84.0
"A0925","Orange","Santa Ana","https://www.californiahealthmaps.org?address=A0925","Female","Mela",159635,6.5,2.4,15.1,11525,"","","","","","","",135400,"","","",10270,"","","",2,65552,0.0,34.7,48.5,7.5,1.2,6.9,84.0
"A0925","Orange","Santa Ana","https://www.californiahealthmaps.org?address=A0925","Female","Uterine",159635,30.4,21.2,43.2,11525,"","","","","","","",135400,30.3,19.9,46.3,10270,"","","",2,65552,0.0,34.7,48.5,7.5,1.2,6.9,84.0
"A0925","Orange","Santa Ana","https://www.californiahealthmaps.org?address=A0925","Male","Lymph",168125,18.0,9.8,31.9,12920,"","","","","","","",142110,24.9,12.5,47.0,10080,"","","",2,65552,0.0,34.7,48.5,7.5,1.2,6.9,84.0
"A0925","Orange","Santa Ana","https://www.californiahealthmaps.org?address=A0925","Female","Lymph",159635,15.1,8.2,26.3,11525,"","","","","","","",135400,"","","",10270,"","","",2,65552,0.0,34.7,48.5,7.5,1.2,6.9,84.0
"A0925","Orange","Santa Ana","https://www.californiahealthmaps.org?address=A0925","Male","Urinary",168125,30.3,17.6,49.2,12920,"","","","","","","",142110,"","","",10080,"","","",2,65552,0.0,34.7,48.5,7.5,1.2,6.9,84.0
"A0925","Orange","Santa Ana","https://www.californiahealthmaps.org?address=A0925","Female","Urinary",159635,0.0,"",5.7,11525,"","","","","","","",135400,"","","",10270,"","","",2,65552,0.0,34.7,48.5,7.5,1.2,6.9,84.0
"A0925","Orange","Santa Ana","https://www.californiahealthmaps.org?address=A0925","Male","Kidney",168125,25.0,15.2,40.3,12920,"","","","","","","",142110,21.9,11.7,41.0,10080,"","","",2,65552,0.0,34.7,48.5,7.5,1.2,6.9,84.0
"A0925","Orange","Santa Ana","https://www.californiahealthmaps.org?address=A0925","Female","Kidney",159635,9.5,4.6,18.6,11525,"","","","","","","",135400,"","","",10270,"","","",2,65552,0.0,34.7,48.5,7.5,1.2,6.9,84.0
"A0925","Orange","Santa Ana","https://www.californiahealthmaps.org?address=A0925","Male","Thyroid",168125,6.6,2.8,16.3,12920,"","","","","","","",142110,"","","",10080,"","","",2,65552,0.0,34.7,48.5,7.5,1.2,6.9,84.0
"A0925","Orange","Santa Ana","https://www.californiahealthmaps.org?address=A0925","Female","Thyroid",159635,18.6,11.8,29.2,11525,"","","","","","","",135400,21.3,12.7,35.9,10270,"","","",2,65552,0.0,34.7,48.5,7.5,1.2,6.9,84.0
"A0925","Orange","Santa Ana","https://www.californiahealthmaps.org?address=A0925","Both","AllSite",327760,373.7,346.0,403.4,24445,505.7,427.8,606.6,"","","","",277510,356.6,323.3,393.0,20350,285.3,214.7,376.0,2,65552,0.0,34.7,48.5,7.5,1.2,6.9,84.0
"A0925","Orange","Santa Ana","https://www.californiahealthmaps.org?address=A0925","Both","Lung",327760,34.3,25.5,45.4,24445,68.7,42.5,123.9,"","","","",277510,21.4,13.2,33.4,20350,"","","",2,65552,0.0,34.7,48.5,7.5,1.2,6.9,84.0
"A0925","Orange","Santa Ana","https://www.californiahealthmaps.org?address=A0925","Both","CRC",327760,33.4,25.2,43.8,24445,50.1,27.8,103.2,"","","","",277510,31.9,22.4,44.9,20350,"","","",2,65552,0.0,34.7,48.5,7.5,1.2,6.9,84.0
"A0925","Orange","Santa Ana","https://www.californiahealthmaps.org?address=A0925","Both","Mela",327760,8.1,4.5,14.0,24445,"","","","","","","",277510,"","","",20350,"","","",2,65552,0.0,34.7,48.5,7.5,1.2,6.9,84.0
"A0925","Orange","Santa Ana","https://www.californiahealthmaps.org?address=A0925","Both","Lymph",327760,16.5,11.0,24.3,24445,"","","","","","","",277510,21.3,13.4,32.8,20350,"","","",2,65552,0.0,34.7,48.5,7.5,1.2,6.9,84.0
"A0925","Orange","Santa Ana","https://www.californiahealthmaps.org?address=A0925","Both","Urinary",327760,12.7,7.5,20.4,24445,"","","","","","","",277510,"","","",20350,"","","",2,65552,0.0,34.7,48.5,7.5,1.2,6.9,84.0
"A0925","Orange","Santa Ana","https://www.californiahealthmaps.org?address=A0925","Both","Kidney",327760,16.4,11.2,23.8,24445,"","","","","","","",277510,15.9,10.1,25.2,20350,"","","",2,65552,0.0,34.7,48.5,7.5,1.2,6.9,84.0
"A0925","Orange","Santa Ana","https://www.californiahealthmaps.org?address=A0925","Both","Thyroid",327760,12.7,8.5,18.9,24445,"","","","","","","",277510,13.0,8.2,21.1,20350,"","","",2,65552,0.0,34.7,48.5,7.5,1.2,6.9,84.0
