"Zone","Counties","Cities","URL","Sex","Cancer","PopTot","AAIR","LCI","UCI","White_PopTot","White_AAIR","White_LCI","White_UCI","Black_PopTot","Black_AAIR","Black_LCI","Black_UCI","Hispanic_PopTot","Hispanic_AAIR","Hispanic_LCI","Hispanic_UCI","Asian_PopTot","Asian_AAIR","Asian_LCI","Asian_UCI","QNSES","PopAll","PerRural","PerUninsured","PerForeignBorn","PerWhite","PerBlack","PerAsian","PerHispanic","PerAPI","PerDocvisit","PerFOBT","PerMammo","PerMenPrev","PerPap","PerWomenPrev"
"A1083","Stanislaus","Turlock, Ceres","https://www.californiahealthmaps.org?address=A1083","Male","AllSite",167225,494.1,453.2,538.3,65505,511.9,460.0,568.8,"","","","",81775,490.5,405.8,590.9,11555,427.4,279.8,643.8,1,66760,12.9,18.2,25.8,41.2,1.7,6.7,47.4,6.7,64.2,64.3,78.6,32.2,84.4,29.1
"A1083","Stanislaus","Turlock, Ceres","https://www.californiahealthmaps.org?address=A1083","Female","AllSite",166575,446.7,411.4,484.4,66365,438.5,392.7,488.9,"","","","",80475,439.7,371.7,519.1,11575,559.3,411.0,761.2,1,66760,12.9,18.2,25.8,41.2,1.7,6.7,47.4,6.7,64.2,64.3,78.6,32.2,84.4,29.1
"A1083","Stanislaus","Turlock, Ceres","https://www.californiahealthmaps.org?address=A1083","Male","Prostate",167225,97.7,80.2,118.5,65505,104.3,82.2,131.6,"","","","",81775,90.6,56.0,142.7,11555,"","","",1,66760,12.9,18.2,25.8,41.2,1.7,6.7,47.4,6.7,64.2,64.3,78.6,32.2,84.4,29.1
"A1083","Stanislaus","Turlock, Ceres","https://www.californiahealthmaps.org?address=A1083","Female","Breast",166575,139.6,120.3,161.4,66365,136.0,110.8,166.0,"","","","",80475,136.9,101.2,184.3,11575,183.0,103.5,321.2,1,66760,12.9,18.2,25.8,41.2,1.7,6.7,47.4,6.7,64.2,64.3,78.6,32.2,84.4,29.1
"A1083","Stanislaus","Turlock, Ceres","https://www.californiahealthmaps.org?address=A1083","Male","Lung",167225,68.3,52.9,87.3,65505,70.1,51.8,93.7,"","","","",81775,74.2,40.9,126.6,11555,"","","",1,66760,12.9,18.2,25.8,41.2,1.7,6.7,47.4,6.7,64.2,64.3,78.6,32.2,84.4,29.1
"A1083","Stanislaus","Turlock, Ceres","https://www.californiahealthmaps.org?address=A1083","Female","Lung",166575,52.6,40.6,67.3,66365,60.3,44.7,80.9,"","","","",80475,"","","",11575,"","","",1,66760,12.9,18.2,25.8,41.2,1.7,6.7,47.4,6.7,64.2,64.3,78.6,32.2,84.4,29.1
"A1083","Stanislaus","Turlock, Ceres","https://www.californiahealthmaps.org?address=A1083","Male","CRC",167225,40.9,29.3,56.1,65505,38.0,24.4,57.1,"","","","",81775,"","","",11555,"","","",1,66760,12.9,18.2,25.8,41.2,1.7,6.7,47.4,6.7,64.2,64.3,78.6,32.2,84.4,29.1
"A1083","Stanislaus","Turlock, Ceres","https://www.californiahealthmaps.org?address=A1083","Female","CRC",166575,44.2,33.4,57.7,66365,44.1,30.5,62.7,"","","","",80475,54.3,29.7,93.0,11575,"","","",1,66760,12.9,18.2,25.8,41.2,1.7,6.7,47.4,6.7,64.2,64.3,78.6,32.2,84.4,29.1
"A1083","Stanislaus","Turlock, Ceres","https://www.californiahealthmaps.org?address=A1083","Male","Mela",167225,21.2,13.5,32.5,65505,24.5,14.3,40.3,"","","","",81775,"","","",11555,"","","",1,66760,12.9,18.2,25.8,41.2,1.7,6.7,47.4,6.7,64.2,64.3,78.6,32.2,84.4,29.1
"A1083","Stanislaus","Turlock, Ceres","https://www.californiahealthmaps.org?address=A1083","Female","Mela",166575,"","","",66365,"","","","","","","",80475,"","","",11575,"","","",1,66760,12.9,18.2,25.8,41.2,1.7,6.7,47.4,6.7,64.2,64.3,78.6,32.2,84.4,29.1
"A1083","Stanislaus","Turlock, Ceres","https://www.californiahealthmaps.org?address=A1083","Female","Uterine",166575,19.8,12.9,29.3,66365,19.6,11.1,33.3,"","","","",80475,"","","",11575,"","","",1,66760,12.9,18.2,25.8,41.2,1.7,6.7,47.4,6.7,64.2,64.3,78.6,32.2,84.4,29.1
"A1083","Stanislaus","Turlock, Ceres","https://www.californiahealthmaps.org?address=A1083","Male","Lymph",167225,21.9,14.1,33.4,65505,25.4,14.6,41.9,"","","","",81775,"","","",11555,"","","",1,66760,12.9,18.2,25.8,41.2,1.7,6.7,47.4,6.7,64.2,64.3,78.6,32.2,84.4,29.1
"A1083","Stanislaus","Turlock, Ceres","https://www.californiahealthmaps.org?address=A1083","Female","Lymph",166575,13.6,8.1,21.8,66365,"","","","","","","",80475,"","","",11575,"","","",1,66760,12.9,18.2,25.8,41.2,1.7,6.7,47.4,6.7,64.2,64.3,78.6,32.2,84.4,29.1
"A1083","Stanislaus","Turlock, Ceres","https://www.californiahealthmaps.org?address=A1083","Male","Urinary",167225,23.7,15.3,35.8,65505,32.7,20.8,50.1,"","","","",81775,"","","",11555,"","","",1,66760,12.9,18.2,25.8,41.2,1.7,6.7,47.4,6.7,64.2,64.3,78.6,32.2,84.4,29.1
"A1083","Stanislaus","Turlock, Ceres","https://www.californiahealthmaps.org?address=A1083","Female","Urinary",166575,"","","",66365,"","","","","","","",80475,"","","",11575,"","","",1,66760,12.9,18.2,25.8,41.2,1.7,6.7,47.4,6.7,64.2,64.3,78.6,32.2,84.4,29.1
"A1083","Stanislaus","Turlock, Ceres","https://www.californiahealthmaps.org?address=A1083","Male","Kidney",167225,28.0,19.3,40.2,65505,29.0,18.0,45.5,"","","","",81775,"","","",11555,"","","",1,66760,12.9,18.2,25.8,41.2,1.7,6.7,47.4,6.7,64.2,64.3,78.6,32.2,84.4,29.1
"A1083","Stanislaus","Turlock, Ceres","https://www.californiahealthmaps.org?address=A1083","Female","Kidney",166575,17.4,11.1,26.2,66365,"","","","","","","",80475,"","","",11575,"","","",1,66760,12.9,18.2,25.8,41.2,1.7,6.7,47.4,6.7,64.2,64.3,78.6,32.2,84.4,29.1
"A1083","Stanislaus","Turlock, Ceres","https://www.californiahealthmaps.org?address=A1083","Male","Thyroid",167225,"","","",65505,"","","","","","","",81775,"","","",11555,"","","",1,66760,12.9,18.2,25.8,41.2,1.7,6.7,47.4,6.7,64.2,64.3,78.6,32.2,84.4,29.1
"A1083","Stanislaus","Turlock, Ceres","https://www.californiahealthmaps.org?address=A1083","Female","Thyroid",166575,22.6,15.5,32.1,66365,"","","","","","","",80475,29.8,15.9,56.2,11575,"","","",1,66760,12.9,18.2,25.8,41.2,1.7,6.7,47.4,6.7,64.2,64.3,78.6,32.2,84.4,29.1
"A1083","Stanislaus","Turlock, Ceres","https://www.californiahealthmaps.org?address=A1083","Male","Liver",167225,15.0,8.8,24.9,65505,"","","","","","","",81775,"","","",11555,"","","",1,66760,12.9,18.2,25.8,41.2,1.7,6.7,47.4,6.7,64.2,64.3,78.6,32.2,84.4,29.1
"A1083","Stanislaus","Turlock, Ceres","https://www.californiahealthmaps.org?address=A1083","Female","Liver",166575,"","","",66365,"","","","","","","",80475,"","","",11575,"","","",1,66760,12.9,18.2,25.8,41.2,1.7,6.7,47.4,6.7,64.2,64.3,78.6,32.2,84.4,29.1
"A1083","Stanislaus","Turlock, Ceres","https://www.californiahealthmaps.org?address=A1083","Male","Pancreas",167225,21.8,13.8,33.6,65505,21.2,12.0,35.9,"","","","",81775,"","","",11555,"","","",1,66760,12.9,18.2,25.8,41.2,1.7,6.7,47.4,6.7,64.2,64.3,78.6,32.2,84.4,29.1
"A1083","Stanislaus","Turlock, Ceres","https://www.californiahealthmaps.org?address=A1083","Female","Pancreas",166575,16.6,10.3,25.7,66365,"","","","","","","",80475,"","","",11575,"","","",1,66760,12.9,18.2,25.8,41.2,1.7,6.7,47.4,6.7,64.2,64.3,78.6,32.2,84.4,29.1
"A1083","Stanislaus","Turlock, Ceres","https://www.californiahealthmaps.org?address=A1083","Both","AllSite",333800,464.1,437.5,492.0,131870,469.8,435.5,506.4,"","","","",162250,458.5,404.9,518.6,23130,481.2,377.8,612.9,1,66760,12.9,18.2,25.8,41.2,1.7,6.7,47.4,6.7,64.2,64.3,78.6,32.2,84.4,29.1
"A1083","Stanislaus","Turlock, Ceres","https://www.californiahealthmaps.org?address=A1083","Both","Lung",333800,59.1,49.5,70.2,131870,65.0,52.8,79.6,"","","","",162250,50.8,32.5,76.9,23130,"","","",1,66760,12.9,18.2,25.8,41.2,1.7,6.7,47.4,6.7,64.2,64.3,78.6,32.2,84.4,29.1
"A1083","Stanislaus","Turlock, Ceres","https://www.californiahealthmaps.org?address=A1083","Both","CRC",333800,42.5,34.5,52.0,131870,40.9,31.2,53.1,"","","","",162250,51.3,32.9,77.5,23130,"","","",1,66760,12.9,18.2,25.8,41.2,1.7,6.7,47.4,6.7,64.2,64.3,78.6,32.2,84.4,29.1
"A1083","Stanislaus","Turlock, Ceres","https://www.californiahealthmaps.org?address=A1083","Both","Mela",333800,15.0,10.6,20.9,131870,18.4,12.1,27.3,"","","","",162250,"","","",23130,"","","",1,66760,12.9,18.2,25.8,41.2,1.7,6.7,47.4,6.7,64.2,64.3,78.6,32.2,84.4,29.1
"A1083","Stanislaus","Turlock, Ceres","https://www.californiahealthmaps.org?address=A1083","Both","Lymph",333800,17.2,12.5,23.3,131870,16.4,10.4,25.0,"","","","",162250,23.5,13.0,41.4,23130,"","","",1,66760,12.9,18.2,25.8,41.2,1.7,6.7,47.4,6.7,64.2,64.3,78.6,32.2,84.4,29.1
"A1083","Stanislaus","Turlock, Ceres","https://www.californiahealthmaps.org?address=A1083","Both","Urinary",333800,12.6,8.5,18.3,131870,17.2,11.3,25.6,"","","","",162250,"","","",23130,"","","",1,66760,12.9,18.2,25.8,41.2,1.7,6.7,47.4,6.7,64.2,64.3,78.6,32.2,84.4,29.1
"A1083","Stanislaus","Turlock, Ceres","https://www.californiahealthmaps.org?address=A1083","Both","Kidney",333800,22.2,16.9,29.0,131870,22.2,15.5,31.4,"","","","",162250,24.1,14.0,41.3,23130,"","","",1,66760,12.9,18.2,25.8,41.2,1.7,6.7,47.4,6.7,64.2,64.3,78.6,32.2,84.4,29.1
"A1083","Stanislaus","Turlock, Ceres","https://www.californiahealthmaps.org?address=A1083","Both","Thyroid",333800,15.9,11.5,21.6,131870,14.6,9.0,23.0,"","","","",162250,18.1,10.1,33.1,23130,"","","",1,66760,12.9,18.2,25.8,41.2,1.7,6.7,47.4,6.7,64.2,64.3,78.6,32.2,84.4,29.1
"A1083","Stanislaus","Turlock, Ceres","https://www.californiahealthmaps.org?address=A1083","Both","Liver",333800,8.7,5.5,13.5,131870,"","","","","","","",162250,"","","",23130,"","","",1,66760,12.9,18.2,25.8,41.2,1.7,6.7,47.4,6.7,64.2,64.3,78.6,32.2,84.4,29.1
"A1083","Stanislaus","Turlock, Ceres","https://www.californiahealthmaps.org?address=A1083","Both","Pancreas",333800,18.9,13.8,25.6,131870,18.0,11.9,26.7,"","","","",162250,22.7,12.0,41.1,23130,"","","",1,66760,12.9,18.2,25.8,41.2,1.7,6.7,47.4,6.7,64.2,64.3,78.6,32.2,84.4,29.1
