"Zone","Counties","Cities","URL","Sex","Cancer","PopTot","AAIR","LCI","UCI","White_PopTot","White_AAIR","White_LCI","White_UCI","Black_PopTot","Black_AAIR","Black_LCI","Black_UCI","Hispanic_PopTot","Hispanic_AAIR","Hispanic_LCI","Hispanic_UCI","Asian_PopTot","Asian_AAIR","Asian_LCI","Asian_UCI","QNSES","PopAll","PerRural","PerUninsured","PerForeignBorn","PerWhite","PerBlack","PerAsian","PerHispanic"
"A0410","Los Angeles","Los Angeles","https://www.californiahealthmaps.org?address=A0410","Male","AllSite",156565,499.2,462.8,538.3,92525,556.5,508.5,610.0,"","","","",33925,380.5,302.4,474.7,17410,314.3,234.2,433.0,5,62789,0.0,14.2,26.6,56.4,4.0,13.6,21.6
"A0410","Los Angeles","Los Angeles","https://www.californiahealthmaps.org?address=A0410","Female","AllSite",157380,461.1,429.8,494.9,87545,519.6,476.4,568.4,"","","","",34520,377.4,313.4,451.4,22260,413.7,334.0,524.1,5,62789,0.0,14.2,26.6,56.4,4.0,13.6,21.6
"A0410","Los Angeles","Los Angeles","https://www.californiahealthmaps.org?address=A0410","Male","Prostate",156565,115.3,98.1,135.3,92525,123.9,102.2,151.6,"","","","",33925,73.3,41.5,122.4,17410,93.0,52.4,178.6,5,62789,0.0,14.2,26.6,56.4,4.0,13.6,21.6
"A0410","Los Angeles","Los Angeles","https://www.californiahealthmaps.org?address=A0410","Female","Breast",157380,139.5,122.6,159.1,87545,168.1,144.4,197.7,"","","","",34520,76.5,48.9,114.9,22260,124.4,81.1,203.5,5,62789,0.0,14.2,26.6,56.4,4.0,13.6,21.6
"A0410","Los Angeles","Los Angeles","https://www.californiahealthmaps.org?address=A0410","Male","Lung",156565,51.2,39.6,65.7,92525,58.1,43.1,79.6,"","","","",33925,"","","",17410,"","","",5,62789,0.0,14.2,26.6,56.4,4.0,13.6,21.6
"A0410","Los Angeles","Los Angeles","https://www.californiahealthmaps.org?address=A0410","Female","Lung",157380,40.1,31.3,51.7,87545,48.0,35.6,67.2,"","","","",34520,"","","",22260,"","","",5,62789,0.0,14.2,26.6,56.4,4.0,13.6,21.6
"A0410","Los Angeles","Los Angeles","https://www.californiahealthmaps.org?address=A0410","Male","CRC",156565,42.3,32.3,55.3,92525,38.3,26.7,56.5,"","","","",33925,"","","",17410,"","","",5,62789,0.0,14.2,26.6,56.4,4.0,13.6,21.6
"A0410","Los Angeles","Los Angeles","https://www.californiahealthmaps.org?address=A0410","Female","CRC",157380,38.1,29.7,49.2,87545,38.5,27.8,56.0,"","","","",34520,46.8,26.7,77.4,22260,"","","",5,62789,0.0,14.2,26.6,56.4,4.0,13.6,21.6
"A0410","Los Angeles","Los Angeles","https://www.californiahealthmaps.org?address=A0410","Male","Mela",156565,37.4,28.3,49.4,92525,53.8,40.1,73.8,"","","","",33925,"","","",17410,"","","",5,62789,0.0,14.2,26.6,56.4,4.0,13.6,21.6
"A0410","Los Angeles","Los Angeles","https://www.californiahealthmaps.org?address=A0410","Female","Mela",157380,23.3,16.7,32.8,87545,32.2,22.2,49.2,"","","","",34520,"","","",22260,"","","",5,62789,0.0,14.2,26.6,56.4,4.0,13.6,21.6
"A0410","Los Angeles","Los Angeles","https://www.californiahealthmaps.org?address=A0410","Female","Uterine",157380,29.7,22.1,40.1,87545,28.7,18.7,46.1,"","","","",34520,"","","",22260,"","","",5,62789,0.0,14.2,26.6,56.4,4.0,13.6,21.6
"A0410","Los Angeles","Los Angeles","https://www.californiahealthmaps.org?address=A0410","Male","Lymph",156565,24.5,17.0,34.9,92525,33.7,23.0,51.2,"","","","",33925,"","","",17410,"","","",5,62789,0.0,14.2,26.6,56.4,4.0,13.6,21.6
"A0410","Los Angeles","Los Angeles","https://www.californiahealthmaps.org?address=A0410","Female","Lymph",157380,17.0,11.3,25.8,87545,21.1,12.3,37.7,"","","","",34520,"","","",22260,"","","",5,62789,0.0,14.2,26.6,56.4,4.0,13.6,21.6
"A0410","Los Angeles","Los Angeles","https://www.californiahealthmaps.org?address=A0410","Male","Urinary",156565,21.5,14.3,31.8,92525,25.8,16.2,42.4,"","","","",33925,"","","",17410,"","","",5,62789,0.0,14.2,26.6,56.4,4.0,13.6,21.6
"A0410","Los Angeles","Los Angeles","https://www.californiahealthmaps.org?address=A0410","Female","Urinary",157380,5.1,2.3,11.4,87545,"","","","","","","",34520,"","","",22260,"","","",5,62789,0.0,14.2,26.6,56.4,4.0,13.6,21.6
"A0410","Los Angeles","Los Angeles","https://www.californiahealthmaps.org?address=A0410","Male","Kidney",156565,21.4,14.3,31.5,92525,21.3,12.8,37.0,"","","","",33925,"","","",17410,"","","",5,62789,0.0,14.2,26.6,56.4,4.0,13.6,21.6
"A0410","Los Angeles","Los Angeles","https://www.californiahealthmaps.org?address=A0410","Female","Kidney",157380,6.8,3.5,13.4,87545,"","","","","","","",34520,"","","",22260,"","","",5,62789,0.0,14.2,26.6,56.4,4.0,13.6,21.6
"A0410","Los Angeles","Los Angeles","https://www.californiahealthmaps.org?address=A0410","Male","Thyroid",156565,10.1,5.9,17.3,92525,"","","","","","","",33925,"","","",17410,"","","",5,62789,0.0,14.2,26.6,56.4,4.0,13.6,21.6
"A0410","Los Angeles","Los Angeles","https://www.californiahealthmaps.org?address=A0410","Female","Thyroid",157380,31.2,23.5,41.8,87545,34.5,24.0,52.0,"","","","",34520,"","","",22260,"","","",5,62789,0.0,14.2,26.6,56.4,4.0,13.6,21.6
"A0410","Los Angeles","Los Angeles","https://www.californiahealthmaps.org?address=A0410","Both","AllSite",313945,472.4,448.9,497.2,180070,530.8,499.0,565.4,12725,473.2,366.2,610.3,68445,371.3,322.4,426.2,39670,364.9,307.8,438.0,5,62789,0.0,14.2,26.6,56.4,4.0,13.6,21.6
"A0410","Los Angeles","Los Angeles","https://www.californiahealthmaps.org?address=A0410","Both","Lung",313945,44.6,37.4,53.0,180070,52.3,42.5,65.1,12725,"","","",68445,32.7,19.0,52.9,39670,31.8,18.1,66.7,5,62789,0.0,14.2,26.6,56.4,4.0,13.6,21.6
"A0410","Los Angeles","Los Angeles","https://www.californiahealthmaps.org?address=A0410","Both","CRC",313945,40.5,33.9,48.5,180070,39.4,31.2,50.7,12725,"","","",68445,42.3,27.0,63.7,39670,47.6,28.6,86.8,5,62789,0.0,14.2,26.6,56.4,4.0,13.6,21.6
"A0410","Los Angeles","Los Angeles","https://www.californiahealthmaps.org?address=A0410","Both","Mela",313945,29.6,24.0,36.5,180070,42.1,33.7,53.6,12725,"","","",68445,"","","",39670,"","","",5,62789,0.0,14.2,26.6,56.4,4.0,13.6,21.6
"A0410","Los Angeles","Los Angeles","https://www.californiahealthmaps.org?address=A0410","Both","Lymph",313945,20.0,15.4,26.1,180070,26.7,19.7,36.9,12725,"","","",68445,"","","",39670,"","","",5,62789,0.0,14.2,26.6,56.4,4.0,13.6,21.6
"A0410","Los Angeles","Los Angeles","https://www.californiahealthmaps.org?address=A0410","Both","Urinary",313945,11.9,8.4,16.9,180070,13.3,8.7,21.4,12725,"","","",68445,"","","",39670,"","","",5,62789,0.0,14.2,26.6,56.4,4.0,13.6,21.6
"A0410","Los Angeles","Los Angeles","https://www.californiahealthmaps.org?address=A0410","Both","Kidney",313945,13.4,9.6,18.6,180070,15.1,10.1,23.6,12725,"","","",68445,"","","",39670,"","","",5,62789,0.0,14.2,26.6,56.4,4.0,13.6,21.6
"A0410","Los Angeles","Los Angeles","https://www.californiahealthmaps.org?address=A0410","Both","Thyroid",313945,20.9,16.3,26.8,180070,22.8,16.8,32.1,12725,"","","",68445,"","","",39670,"","","",5,62789,0.0,14.2,26.6,56.4,4.0,13.6,21.6
