"Zone","Counties","Cities","URL","Sex","Cancer","PopTot","AAIR","LCI","UCI","White_PopTot","White_AAIR","White_LCI","White_UCI","Black_PopTot","Black_AAIR","Black_LCI","Black_UCI","Hispanic_PopTot","Hispanic_AAIR","Hispanic_LCI","Hispanic_UCI","Asian_PopTot","Asian_AAIR","Asian_LCI","Asian_UCI","QNSES","PopAll","PerRural","PerUninsured","PerForeignBorn","PerWhite","PerBlack","PerAsian","PerHispanic","PerAPI","PerDocvisit","PerFOBT","PerMammo","PerMenPrev","PerPap","PerWomenPrev"
"A0230","Santa Clara","Sunnyvale","https://www.californiahealthmaps.org?address=A0230","Male","AllSite",157590,503.9,460.4,551.0,48255,596.5,528.1,676.4,"","","","",41345,534.5,426.0,667.3,58540,349.6,285.0,427.5,5,61892,0.0,12.2,44.2,30.7,2.3,39.3,24.2,39.3,63.6,70.9,80.1,35.4,82.0,34.2
"A0230","Santa Clara","Sunnyvale","https://www.californiahealthmaps.org?address=A0230","Female","AllSite",151870,435.1,400.5,472.3,44655,477.2,421.8,544.8,"","","","",38845,361.4,287.8,449.6,59765,436.4,374.4,507.9,5,61892,0.0,12.2,44.2,30.7,2.3,39.3,24.2,39.3,63.6,70.9,80.1,35.4,82.0,34.2
"A0230","Santa Clara","Sunnyvale","https://www.californiahealthmaps.org?address=A0230","Male","Prostate",157590,111.4,92.0,134.4,48255,112.8,85.0,153.5,"","","","",41345,166.0,108.7,248.9,58540,68.7,44.0,107.0,5,61892,0.0,12.2,44.2,30.7,2.3,39.3,24.2,39.3,63.6,70.9,80.1,35.4,82.0,34.2
"A0230","Santa Clara","Sunnyvale","https://www.californiahealthmaps.org?address=A0230","Female","Breast",151870,130.6,112.3,151.5,44655,140.5,111.2,183.5,"","","","",38845,106.5,69.9,157.8,59765,140.2,107.4,182.6,5,61892,0.0,12.2,44.2,30.7,2.3,39.3,24.2,39.3,63.6,70.9,80.1,35.4,82.0,34.2
"A0230","Santa Clara","Sunnyvale","https://www.californiahealthmaps.org?address=A0230","Male","Lung",157590,79.7,62.1,101.3,48255,108.7,80.1,150.5,"","","","",41345,"","","",58540,48.1,25.5,85.8,5,61892,0.0,12.2,44.2,30.7,2.3,39.3,24.2,39.3,63.6,70.9,80.1,35.4,82.0,34.2
"A0230","Santa Clara","Sunnyvale","https://www.californiahealthmaps.org?address=A0230","Female","Lung",151870,52.9,41.0,67.7,44655,70.5,50.5,105.3,"","","","",38845,"","","",59765,46.5,27.5,76.3,5,61892,0.0,12.2,44.2,30.7,2.3,39.3,24.2,39.3,63.6,70.9,80.1,35.4,82.0,34.2
"A0230","Santa Clara","Sunnyvale","https://www.californiahealthmaps.org?address=A0230","Male","CRC",157590,62.2,47.6,80.4,48255,63.7,44.0,96.9,"","","","",41345,"","","",58540,55.1,30.7,94.6,5,61892,0.0,12.2,44.2,30.7,2.3,39.3,24.2,39.3,63.6,70.9,80.1,35.4,82.0,34.2
"A0230","Santa Clara","Sunnyvale","https://www.californiahealthmaps.org?address=A0230","Female","CRC",151870,46.0,35.1,59.6,44655,49.7,33.9,81.1,"","","","",38845,"","","",59765,43.6,24.6,73.9,5,61892,0.0,12.2,44.2,30.7,2.3,39.3,24.2,39.3,63.6,70.9,80.1,35.4,82.0,34.2
"A0230","Santa Clara","Sunnyvale","https://www.californiahealthmaps.org?address=A0230","Male","Mela",157590,27.6,18.5,40.4,48255,50.5,33.0,82.1,"","","","",41345,"","","",58540,"","","",5,61892,0.0,12.2,44.2,30.7,2.3,39.3,24.2,39.3,63.6,70.9,80.1,35.4,82.0,34.2
"A0230","Santa Clara","Sunnyvale","https://www.californiahealthmaps.org?address=A0230","Female","Mela",151870,16.2,10.2,25.1,44655,38.7,24.1,69.5,"","","","",38845,"","","",59765,"","","",5,61892,0.0,12.2,44.2,30.7,2.3,39.3,24.2,39.3,63.6,70.9,80.1,35.4,82.0,34.2
"A0230","Santa Clara","Sunnyvale","https://www.californiahealthmaps.org?address=A0230","Female","Uterine",151870,34.4,25.2,46.5,44655,34.1,21.0,63.5,"","","","",38845,"","","",59765,"","","",5,61892,0.0,12.2,44.2,30.7,2.3,39.3,24.2,39.3,63.6,70.9,80.1,35.4,82.0,34.2
"A0230","Santa Clara","Sunnyvale","https://www.californiahealthmaps.org?address=A0230","Male","Lymph",157590,26.6,17.2,39.9,48255,40.0,22.3,73.0,"","","","",41345,"","","",58540,"","","",5,61892,0.0,12.2,44.2,30.7,2.3,39.3,24.2,39.3,63.6,70.9,80.1,35.4,82.0,34.2
"A0230","Santa Clara","Sunnyvale","https://www.californiahealthmaps.org?address=A0230","Female","Lymph",151870,21.0,14.0,31.0,44655,"","","","","","","",38845,"","","",59765,"","","",5,61892,0.0,12.2,44.2,30.7,2.3,39.3,24.2,39.3,63.6,70.9,80.1,35.4,82.0,34.2
"A0230","Santa Clara","Sunnyvale","https://www.californiahealthmaps.org?address=A0230","Male","Urinary",157590,"","","",48255,"","","","","","","",41345,"","","",58540,"","","",5,61892,0.0,12.2,44.2,30.7,2.3,39.3,24.2,39.3,63.6,70.9,80.1,35.4,82.0,34.2
"A0230","Santa Clara","Sunnyvale","https://www.californiahealthmaps.org?address=A0230","Female","Urinary",151870,"","","",44655,"","","","","","","",38845,"","","",59765,"","","",5,61892,0.0,12.2,44.2,30.7,2.3,39.3,24.2,39.3,63.6,70.9,80.1,35.4,82.0,34.2
"A0230","Santa Clara","Sunnyvale","https://www.californiahealthmaps.org?address=A0230","Male","Kidney",157590,15.0,8.4,25.5,48255,"","","","","","","",41345,"","","",58540,"","","",5,61892,0.0,12.2,44.2,30.7,2.3,39.3,24.2,39.3,63.6,70.9,80.1,35.4,82.0,34.2
"A0230","Santa Clara","Sunnyvale","https://www.californiahealthmaps.org?address=A0230","Female","Kidney",151870,"","","",44655,"","","","","","","",38845,"","","",59765,"","","",5,61892,0.0,12.2,44.2,30.7,2.3,39.3,24.2,39.3,63.6,70.9,80.1,35.4,82.0,34.2
"A0230","Santa Clara","Sunnyvale","https://www.californiahealthmaps.org?address=A0230","Male","Thyroid",157590,"","","",48255,"","","","","","","",41345,"","","",58540,"","","",5,61892,0.0,12.2,44.2,30.7,2.3,39.3,24.2,39.3,63.6,70.9,80.1,35.4,82.0,34.2
"A0230","Santa Clara","Sunnyvale","https://www.californiahealthmaps.org?address=A0230","Female","Thyroid",151870,20.5,13.7,30.1,44655,"","","","","","","",38845,"","","",59765,"","","",5,61892,0.0,12.2,44.2,30.7,2.3,39.3,24.2,39.3,63.6,70.9,80.1,35.4,82.0,34.2
"A0230","Santa Clara","Sunnyvale","https://www.californiahealthmaps.org?address=A0230","Male","Liver",157590,22.6,14.4,34.6,48255,"","","","","","","",41345,"","","",58540,"","","",5,61892,0.0,12.2,44.2,30.7,2.3,39.3,24.2,39.3,63.6,70.9,80.1,35.4,82.0,34.2
"A0230","Santa Clara","Sunnyvale","https://www.californiahealthmaps.org?address=A0230","Female","Liver",151870,"","","",44655,"","","","","","","",38845,"","","",59765,"","","",5,61892,0.0,12.2,44.2,30.7,2.3,39.3,24.2,39.3,63.6,70.9,80.1,35.4,82.0,34.2
"A0230","Santa Clara","Sunnyvale","https://www.californiahealthmaps.org?address=A0230","Male","Pancreas",157590,22.5,13.6,35.5,48255,"","","","","","","",41345,"","","",58540,"","","",5,61892,0.0,12.2,44.2,30.7,2.3,39.3,24.2,39.3,63.6,70.9,80.1,35.4,82.0,34.2
"A0230","Santa Clara","Sunnyvale","https://www.californiahealthmaps.org?address=A0230","Female","Pancreas",151870,14.9,8.7,24.2,44655,"","","","","","","",38845,"","","",59765,"","","",5,61892,0.0,12.2,44.2,30.7,2.3,39.3,24.2,39.3,63.6,70.9,80.1,35.4,82.0,34.2
"A0230","Santa Clara","Sunnyvale","https://www.californiahealthmaps.org?address=A0230","Both","AllSite",309460,458.7,431.8,487.1,92910,519.6,477.3,567.6,"","","","",80190,432.5,370.0,503.9,118305,393.7,348.6,444.2,5,61892,0.0,12.2,44.2,30.7,2.3,39.3,24.2,39.3,63.6,70.9,80.1,35.4,82.0,34.2
"A0230","Santa Clara","Sunnyvale","https://www.californiahealthmaps.org?address=A0230","Both","Lung",309460,63.0,52.9,74.7,92910,85.2,68.4,108.3,"","","","",80190,"","","",118305,46.5,31.5,67.4,5,61892,0.0,12.2,44.2,30.7,2.3,39.3,24.2,39.3,63.6,70.9,80.1,35.4,82.0,34.2
"A0230","Santa Clara","Sunnyvale","https://www.californiahealthmaps.org?address=A0230","Both","CRC",309460,53.4,44.4,63.8,92910,57.7,44.6,77.3,"","","","",80190,49.9,29.8,79.8,118305,48.5,32.7,70.3,5,61892,0.0,12.2,44.2,30.7,2.3,39.3,24.2,39.3,63.6,70.9,80.1,35.4,82.0,34.2
"A0230","Santa Clara","Sunnyvale","https://www.californiahealthmaps.org?address=A0230","Both","Mela",309460,21.0,15.7,27.8,92910,42.7,31.6,60.6,"","","","",80190,"","","",118305,"","","",5,61892,0.0,12.2,44.2,30.7,2.3,39.3,24.2,39.3,63.6,70.9,80.1,35.4,82.0,34.2
"A0230","Santa Clara","Sunnyvale","https://www.californiahealthmaps.org?address=A0230","Both","Lymph",309460,23.6,17.7,31.1,92910,30.3,20.0,48.0,"","","","",80190,"","","",118305,"","","",5,61892,0.0,12.2,44.2,30.7,2.3,39.3,24.2,39.3,63.6,70.9,80.1,35.4,82.0,34.2
"A0230","Santa Clara","Sunnyvale","https://www.californiahealthmaps.org?address=A0230","Both","Urinary",309460,8.3,4.9,13.3,92910,"","","","","","","",80190,"","","",118305,"","","",5,61892,0.0,12.2,44.2,30.7,2.3,39.3,24.2,39.3,63.6,70.9,80.1,35.4,82.0,34.2
"A0230","Santa Clara","Sunnyvale","https://www.californiahealthmaps.org?address=A0230","Both","Kidney",309460,12.8,8.5,18.6,92910,"","","","","","","",80190,"","","",118305,"","","",5,61892,0.0,12.2,44.2,30.7,2.3,39.3,24.2,39.3,63.6,70.9,80.1,35.4,82.0,34.2
"A0230","Santa Clara","Sunnyvale","https://www.californiahealthmaps.org?address=A0230","Both","Thyroid",309460,13.1,9.3,18.4,92910,20.4,11.8,36.8,"","","","",80190,"","","",118305,12.2,6.3,24.0,5,61892,0.0,12.2,44.2,30.7,2.3,39.3,24.2,39.3,63.6,70.9,80.1,35.4,82.0,34.2
"A0230","Santa Clara","Sunnyvale","https://www.californiahealthmaps.org?address=A0230","Both","Liver",309460,13.8,9.7,19.5,92910,"","","","","","","",80190,"","","",118305,"","","",5,61892,0.0,12.2,44.2,30.7,2.3,39.3,24.2,39.3,63.6,70.9,80.1,35.4,82.0,34.2
"A0230","Santa Clara","Sunnyvale","https://www.californiahealthmaps.org?address=A0230","Both","Pancreas",309460,18.3,12.9,25.3,92910,19.6,11.9,35.1,"","","","",80190,"","","",118305,"","","",5,61892,0.0,12.2,44.2,30.7,2.3,39.3,24.2,39.3,63.6,70.9,80.1,35.4,82.0,34.2
