"Zone","Counties","Cities","URL","Sex","Cancer","PopTot","AAIR","LCI","UCI","White_PopTot","White_AAIR","White_LCI","White_UCI","Black_PopTot","Black_AAIR","Black_LCI","Black_UCI","Hispanic_PopTot","Hispanic_AAIR","Hispanic_LCI","Hispanic_UCI","Asian_PopTot","Asian_AAIR","Asian_LCI","Asian_UCI","QNSES","PopAll","PerRural","PerUninsured","PerForeignBorn","PerWhite","PerBlack","PerAsian","PerHispanic","PerAPI","PerDocvisit","PerFOBT","PerMammo","PerMenPrev","PerPap","PerWomenPrev"
"A0450","Los Angeles","Los Angeles","https://www.californiahealthmaps.org?address=A0450","Male","AllSite",142995,497.7,458.2,540.1,44080,543.7,484.5,612.3,10000,613.9,445.4,836.9,77460,445.5,381.3,518.8,"","","","",2,57481,0.0,17.9,24.6,31.7,7.7,5.0,52.4,5.0,64.9,60.4,79.0,26.4,85.4,31.9
"A0450","Los Angeles","Los Angeles","https://www.californiahealthmaps.org?address=A0450","Female","AllSite",144410,423.8,391.4,458.4,42070,460.2,408.9,521.0,10305,501.9,367.1,680.9,78410,367.4,319.8,420.9,"","","","",2,57481,0.0,17.9,24.6,31.7,7.7,5.0,52.4,5.0,64.9,60.4,79.0,26.4,85.4,31.9
"A0450","Los Angeles","Los Angeles","https://www.californiahealthmaps.org?address=A0450","Male","Prostate",142995,113.3,94.8,134.6,44080,107.8,82.9,143.3,10000,"","","",77460,117.8,86.4,158.6,"","","","",2,57481,0.0,17.9,24.6,31.7,7.7,5.0,52.4,5.0,64.9,60.4,79.0,26.4,85.4,31.9
"A0450","Los Angeles","Los Angeles","https://www.californiahealthmaps.org?address=A0450","Female","Breast",144410,110.6,94.5,128.9,42070,119.0,93.5,155.0,10305,141.5,77.8,252.0,78410,94.0,70.8,123.4,"","","","",2,57481,0.0,17.9,24.6,31.7,7.7,5.0,52.4,5.0,64.9,60.4,79.0,26.4,85.4,31.9
"A0450","Los Angeles","Los Angeles","https://www.californiahealthmaps.org?address=A0450","Male","Lung",142995,64.3,50.4,81.2,44080,81.8,60.3,114.2,10000,"","","",77460,42.0,23.6,70.6,"","","","",2,57481,0.0,17.9,24.6,31.7,7.7,5.0,52.4,5.0,64.9,60.4,79.0,26.4,85.4,31.9
"A0450","Los Angeles","Los Angeles","https://www.californiahealthmaps.org?address=A0450","Female","Lung",144410,40.2,30.5,52.2,42070,55.6,39.4,83.1,10305,"","","",78410,"","","","","","","",2,57481,0.0,17.9,24.6,31.7,7.7,5.0,52.4,5.0,64.9,60.4,79.0,26.4,85.4,31.9
"A0450","Los Angeles","Los Angeles","https://www.californiahealthmaps.org?address=A0450","Male","CRC",142995,37.4,27.4,50.4,44080,43.9,28.3,71.3,10000,"","","",77460,31.3,16.5,56.0,"","","","",2,57481,0.0,17.9,24.6,31.7,7.7,5.0,52.4,5.0,64.9,60.4,79.0,26.4,85.4,31.9
"A0450","Los Angeles","Los Angeles","https://www.californiahealthmaps.org?address=A0450","Female","CRC",144410,33.8,25.1,44.7,42070,38.3,24.7,64.1,10305,"","","",78410,30.0,17.5,48.9,"","","","",2,57481,0.0,17.9,24.6,31.7,7.7,5.0,52.4,5.0,64.9,60.4,79.0,26.4,85.4,31.9
"A0450","Los Angeles","Los Angeles","https://www.californiahealthmaps.org?address=A0450","Male","Mela",142995,28.7,19.6,40.9,44080,48.7,31.9,77.1,10000,"","","",77460,"","","","","","","",2,57481,0.0,17.9,24.6,31.7,7.7,5.0,52.4,5.0,64.9,60.4,79.0,26.4,85.4,31.9
"A0450","Los Angeles","Los Angeles","https://www.californiahealthmaps.org?address=A0450","Female","Mela",144410,13.5,8.2,21.1,42070,"","","",10305,"","","",78410,"","","","","","","",2,57481,0.0,17.9,24.6,31.7,7.7,5.0,52.4,5.0,64.9,60.4,79.0,26.4,85.4,31.9
"A0450","Los Angeles","Los Angeles","https://www.californiahealthmaps.org?address=A0450","Female","Uterine",144410,32.4,23.9,43.0,42070,32.5,20.4,57.0,10305,"","","",78410,30.4,18.1,49.2,"","","","",2,57481,0.0,17.9,24.6,31.7,7.7,5.0,52.4,5.0,64.9,60.4,79.0,26.4,85.4,31.9
"A0450","Los Angeles","Los Angeles","https://www.californiahealthmaps.org?address=A0450","Male","Lymph",142995,21.2,13.6,31.8,44080,"","","",10000,"","","",77460,"","","","","","","",2,57481,0.0,17.9,24.6,31.7,7.7,5.0,52.4,5.0,64.9,60.4,79.0,26.4,85.4,31.9
"A0450","Los Angeles","Los Angeles","https://www.californiahealthmaps.org?address=A0450","Female","Lymph",144410,24.6,17.2,34.2,42070,21.0,11.6,43.5,10305,"","","",78410,25.3,14.3,42.8,"","","","",2,57481,0.0,17.9,24.6,31.7,7.7,5.0,52.4,5.0,64.9,60.4,79.0,26.4,85.4,31.9
"A0450","Los Angeles","Los Angeles","https://www.californiahealthmaps.org?address=A0450","Male","Urinary",142995,18.7,11.6,28.9,44080,"","","",10000,"","","",77460,"","","","","","","",2,57481,0.0,17.9,24.6,31.7,7.7,5.0,52.4,5.0,64.9,60.4,79.0,26.4,85.4,31.9
"A0450","Los Angeles","Los Angeles","https://www.californiahealthmaps.org?address=A0450","Female","Urinary",144410,"","","",42070,"","","",10305,"","","",78410,"","","","","","","",2,57481,0.0,17.9,24.6,31.7,7.7,5.0,52.4,5.0,64.9,60.4,79.0,26.4,85.4,31.9
"A0450","Los Angeles","Los Angeles","https://www.californiahealthmaps.org?address=A0450","Male","Kidney",142995,26.8,18.3,38.2,44080,27.2,15.6,51.1,10000,"","","",77460,"","","","","","","",2,57481,0.0,17.9,24.6,31.7,7.7,5.0,52.4,5.0,64.9,60.4,79.0,26.4,85.4,31.9
"A0450","Los Angeles","Los Angeles","https://www.californiahealthmaps.org?address=A0450","Female","Kidney",144410,11.5,6.7,18.5,42070,"","","",10305,"","","",78410,"","","","","","","",2,57481,0.0,17.9,24.6,31.7,7.7,5.0,52.4,5.0,64.9,60.4,79.0,26.4,85.4,31.9
"A0450","Los Angeles","Los Angeles","https://www.californiahealthmaps.org?address=A0450","Male","Thyroid",142995,"","","",44080,"","","",10000,"","","",77460,"","","","","","","",2,57481,0.0,17.9,24.6,31.7,7.7,5.0,52.4,5.0,64.9,60.4,79.0,26.4,85.4,31.9
"A0450","Los Angeles","Los Angeles","https://www.californiahealthmaps.org?address=A0450","Female","Thyroid",144410,19.7,13.2,28.5,42070,"","","",10305,"","","",78410,"","","","","","","",2,57481,0.0,17.9,24.6,31.7,7.7,5.0,52.4,5.0,64.9,60.4,79.0,26.4,85.4,31.9
"A0450","Los Angeles","Los Angeles","https://www.californiahealthmaps.org?address=A0450","Male","Liver",142995,25.2,17.2,36.2,44080,26.2,15.3,49.5,10000,"","","",77460,"","","","","","","",2,57481,0.0,17.9,24.6,31.7,7.7,5.0,52.4,5.0,64.9,60.4,79.0,26.4,85.4,31.9
"A0450","Los Angeles","Los Angeles","https://www.californiahealthmaps.org?address=A0450","Female","Liver",144410,"","","",42070,"","","",10305,"","","",78410,"","","","","","","",2,57481,0.0,17.9,24.6,31.7,7.7,5.0,52.4,5.0,64.9,60.4,79.0,26.4,85.4,31.9
"A0450","Los Angeles","Los Angeles","https://www.californiahealthmaps.org?address=A0450","Male","Pancreas",142995,15.2,8.8,24.7,44080,"","","",10000,"","","",77460,"","","","","","","",2,57481,0.0,17.9,24.6,31.7,7.7,5.0,52.4,5.0,64.9,60.4,79.0,26.4,85.4,31.9
"A0450","Los Angeles","Los Angeles","https://www.californiahealthmaps.org?address=A0450","Female","Pancreas",144410,16.4,10.6,24.5,42070,"","","",10305,"","","",78410,"","","","","","","",2,57481,0.0,17.9,24.6,31.7,7.7,5.0,52.4,5.0,64.9,60.4,79.0,26.4,85.4,31.9
"A0450","Los Angeles","Los Angeles","https://www.californiahealthmaps.org?address=A0450","Both","AllSite",287405,452.9,427.9,479.1,86150,496.5,457.7,539.7,20305,550.2,441.9,682.2,155870,393.5,355.3,435.2,16190,335.6,262.4,438.5,2,57481,0.0,17.9,24.6,31.7,7.7,5.0,52.4,5.0,64.9,60.4,79.0,26.4,85.4,31.9
"A0450","Los Angeles","Los Angeles","https://www.californiahealthmaps.org?address=A0450","Both","Lung",287405,51.1,42.8,60.7,86150,67.6,54.2,86.1,20305,"","","",155870,31.9,21.3,46.4,16190,"","","",2,57481,0.0,17.9,24.6,31.7,7.7,5.0,52.4,5.0,64.9,60.4,79.0,26.4,85.4,31.9
"A0450","Los Angeles","Los Angeles","https://www.californiahealthmaps.org?address=A0450","Both","CRC",287405,35.5,28.8,43.4,86150,41.2,30.5,57.4,20305,"","","",155870,30.6,20.7,44.3,16190,"","","",2,57481,0.0,17.9,24.6,31.7,7.7,5.0,52.4,5.0,64.9,60.4,79.0,26.4,85.4,31.9
"A0450","Los Angeles","Los Angeles","https://www.californiahealthmaps.org?address=A0450","Both","Mela",287405,19.8,14.8,26.1,86150,34.3,24.4,49.8,20305,"","","",155870,"","","",16190,"","","",2,57481,0.0,17.9,24.6,31.7,7.7,5.0,52.4,5.0,64.9,60.4,79.0,26.4,85.4,31.9
"A0450","Los Angeles","Los Angeles","https://www.californiahealthmaps.org?address=A0450","Both","Lymph",287405,22.7,17.3,29.3,86150,21.5,14.1,34.7,20305,"","","",155870,22.5,14.4,34.3,16190,"","","",2,57481,0.0,17.9,24.6,31.7,7.7,5.0,52.4,5.0,64.9,60.4,79.0,26.4,85.4,31.9
"A0450","Los Angeles","Los Angeles","https://www.californiahealthmaps.org?address=A0450","Both","Urinary",287405,11.4,7.6,16.4,86150,13.9,8.1,25.9,20305,"","","",155870,"","","",16190,"","","",2,57481,0.0,17.9,24.6,31.7,7.7,5.0,52.4,5.0,64.9,60.4,79.0,26.4,85.4,31.9
"A0450","Los Angeles","Los Angeles","https://www.californiahealthmaps.org?address=A0450","Both","Kidney",287405,18.4,13.6,24.4,86150,18.9,12.1,31.6,20305,"","","",155870,18.7,11.3,29.9,16190,"","","",2,57481,0.0,17.9,24.6,31.7,7.7,5.0,52.4,5.0,64.9,60.4,79.0,26.4,85.4,31.9
"A0450","Los Angeles","Los Angeles","https://www.californiahealthmaps.org?address=A0450","Both","Thyroid",287405,13.9,9.9,19.1,86150,15.8,9.0,28.8,20305,"","","",155870,"","","",16190,"","","",2,57481,0.0,17.9,24.6,31.7,7.7,5.0,52.4,5.0,64.9,60.4,79.0,26.4,85.4,31.9
"A0450","Los Angeles","Los Angeles","https://www.californiahealthmaps.org?address=A0450","Both","Liver",287405,15.6,11.3,21.1,86150,12.7,7.6,24.0,20305,"","","",155870,19.1,11.0,31.2,16190,"","","",2,57481,0.0,17.9,24.6,31.7,7.7,5.0,52.4,5.0,64.9,60.4,79.0,26.4,85.4,31.9
"A0450","Los Angeles","Los Angeles","https://www.californiahealthmaps.org?address=A0450","Both","Pancreas",287405,16.1,11.7,21.9,86150,13.9,8.3,25.7,20305,"","","",155870,18.8,10.7,30.9,16190,"","","",2,57481,0.0,17.9,24.6,31.7,7.7,5.0,52.4,5.0,64.9,60.4,79.0,26.4,85.4,31.9
