"Zone","Counties","Cities","URL","Sex","Cancer","PopTot","AAIR","LCI","UCI","White_PopTot","White_AAIR","White_LCI","White_UCI","Black_PopTot","Black_AAIR","Black_LCI","Black_UCI","Hispanic_PopTot","Hispanic_AAIR","Hispanic_LCI","Hispanic_UCI","Asian_PopTot","Asian_AAIR","Asian_LCI","Asian_UCI","QNSES","PopAll","PerRural","PerUninsured","PerForeignBorn","PerWhite","PerBlack","PerAsian","PerHispanic"
"A0329","Los Angeles","Los Angeles","https://www.californiahealthmaps.org?address=A0329","Male","AllSite",139150,469.4,438.6,502.6,112795,462.4,429.4,498.4,"","","","","","","","","","","","",5,58593,1.4,7.9,26.1,78.0,3.5,6.9,7.5
"A0329","Los Angeles","Los Angeles","https://www.californiahealthmaps.org?address=A0329","Female","AllSite",153815,458.7,429.5,490.0,118195,464.8,432.2,500.1,"","","","",13890,319.5,226.2,446.5,11755,532.1,399.6,705.1,5,58593,1.4,7.9,26.1,78.0,3.5,6.9,7.5
"A0329","Los Angeles","Los Angeles","https://www.californiahealthmaps.org?address=A0329","Male","Prostate",139150,118.6,103.7,135.7,112795,110.3,95.2,128.5,"","","","","","","","","","","","",5,58593,1.4,7.9,26.1,78.0,3.5,6.9,7.5
"A0329","Los Angeles","Los Angeles","https://www.californiahealthmaps.org?address=A0329","Female","Breast",153815,159.5,142.3,178.9,118195,162.0,142.8,184.2,"","","","",13890,"","","",11755,182.7,111.6,296.1,5,58593,1.4,7.9,26.1,78.0,3.5,6.9,7.5
"A0329","Los Angeles","Los Angeles","https://www.californiahealthmaps.org?address=A0329","Male","Lung",139150,33.2,25.7,43.3,112795,32.9,25.0,44.0,"","","","","","","","","","","","",5,58593,1.4,7.9,26.1,78.0,3.5,6.9,7.5
"A0329","Los Angeles","Los Angeles","https://www.californiahealthmaps.org?address=A0329","Female","Lung",153815,45.5,37.0,56.0,118195,47.3,38.0,59.5,"","","","",13890,"","","",11755,"","","",5,58593,1.4,7.9,26.1,78.0,3.5,6.9,7.5
"A0329","Los Angeles","Los Angeles","https://www.californiahealthmaps.org?address=A0329","Male","CRC",139150,45.7,36.3,57.6,112795,45.0,34.9,58.5,"","","","","","","","","","","","",5,58593,1.4,7.9,26.1,78.0,3.5,6.9,7.5
"A0329","Los Angeles","Los Angeles","https://www.californiahealthmaps.org?address=A0329","Female","CRC",153815,31.7,24.7,40.9,118195,31.0,23.5,41.5,"","","","",13890,"","","",11755,"","","",5,58593,1.4,7.9,26.1,78.0,3.5,6.9,7.5
"A0329","Los Angeles","Los Angeles","https://www.californiahealthmaps.org?address=A0329","Male","Mela",139150,41.7,33.0,52.9,112795,43.6,34.0,56.4,"","","","","","","","","","","","",5,58593,1.4,7.9,26.1,78.0,3.5,6.9,7.5
"A0329","Los Angeles","Los Angeles","https://www.californiahealthmaps.org?address=A0329","Female","Mela",153815,21.1,14.9,29.7,118195,21.4,14.4,31.8,"","","","",13890,"","","",11755,"","","",5,58593,1.4,7.9,26.1,78.0,3.5,6.9,7.5
"A0329","Los Angeles","Los Angeles","https://www.californiahealthmaps.org?address=A0329","Female","Uterine",153815,23.2,17.0,31.6,118195,21.1,14.8,30.6,"","","","",13890,"","","",11755,"","","",5,58593,1.4,7.9,26.1,78.0,3.5,6.9,7.5
"A0329","Los Angeles","Los Angeles","https://www.californiahealthmaps.org?address=A0329","Male","Lymph",139150,28.8,21.6,38.7,112795,28.2,20.5,39.3,"","","","","","","","","","","","",5,58593,1.4,7.9,26.1,78.0,3.5,6.9,7.5
"A0329","Los Angeles","Los Angeles","https://www.californiahealthmaps.org?address=A0329","Female","Lymph",153815,23.3,17.1,31.7,118195,23.2,16.6,33.0,"","","","",13890,"","","",11755,"","","",5,58593,1.4,7.9,26.1,78.0,3.5,6.9,7.5
"A0329","Los Angeles","Los Angeles","https://www.californiahealthmaps.org?address=A0329","Male","Urinary",139150,14.5,9.7,21.9,112795,14.4,9.4,23.0,"","","","","","","","","","","","",5,58593,1.4,7.9,26.1,78.0,3.5,6.9,7.5
"A0329","Los Angeles","Los Angeles","https://www.californiahealthmaps.org?address=A0329","Female","Urinary",153815,3.6,1.6,8.2,118195,"","","","","","","",13890,"","","",11755,"","","",5,58593,1.4,7.9,26.1,78.0,3.5,6.9,7.5
"A0329","Los Angeles","Los Angeles","https://www.californiahealthmaps.org?address=A0329","Male","Kidney",139150,23.7,17.2,32.9,112795,25.6,18.3,36.4,"","","","","","","","","","","","",5,58593,1.4,7.9,26.1,78.0,3.5,6.9,7.5
"A0329","Los Angeles","Los Angeles","https://www.californiahealthmaps.org?address=A0329","Female","Kidney",153815,11.3,7.2,17.6,118195,11.3,7.1,19.0,"","","","",13890,"","","",11755,"","","",5,58593,1.4,7.9,26.1,78.0,3.5,6.9,7.5
"A0329","Los Angeles","Los Angeles","https://www.californiahealthmaps.org?address=A0329","Male","Thyroid",139150,13.1,8.4,20.6,112795,14.8,9.4,24.0,"","","","","","","","","","","","",5,58593,1.4,7.9,26.1,78.0,3.5,6.9,7.5
"A0329","Los Angeles","Los Angeles","https://www.californiahealthmaps.org?address=A0329","Female","Thyroid",153815,31.1,23.0,41.6,118195,33.0,23.6,46.0,"","","","",13890,"","","",11755,"","","",5,58593,1.4,7.9,26.1,78.0,3.5,6.9,7.5
"A0329","Los Angeles","Los Angeles","https://www.californiahealthmaps.org?address=A0329","Both","AllSite",292965,461.7,440.5,484.0,230990,461.1,437.9,485.6,"","","","",23290,418.3,324.7,535.6,19590,445.1,352.8,559.5,5,58593,1.4,7.9,26.1,78.0,3.5,6.9,7.5
"A0329","Los Angeles","Los Angeles","https://www.californiahealthmaps.org?address=A0329","Both","Lung",292965,39.7,34.0,46.6,230990,40.5,34.3,48.2,"","","","",23290,"","","",19590,"","","",5,58593,1.4,7.9,26.1,78.0,3.5,6.9,7.5
"A0329","Los Angeles","Los Angeles","https://www.californiahealthmaps.org?address=A0329","Both","CRC",292965,38.3,32.4,45.2,230990,37.7,31.3,45.5,"","","","",23290,"","","",19590,"","","",5,58593,1.4,7.9,26.1,78.0,3.5,6.9,7.5
"A0329","Los Angeles","Los Angeles","https://www.californiahealthmaps.org?address=A0329","Both","Mela",292965,30.3,25.0,36.8,230990,31.4,25.5,38.9,"","","","",23290,"","","",19590,"","","",5,58593,1.4,7.9,26.1,78.0,3.5,6.9,7.5
"A0329","Los Angeles","Los Angeles","https://www.californiahealthmaps.org?address=A0329","Both","Lymph",292965,25.8,21.0,31.7,230990,25.6,20.4,32.3,"","","","",23290,"","","",19590,"","","",5,58593,1.4,7.9,26.1,78.0,3.5,6.9,7.5
"A0329","Los Angeles","Los Angeles","https://www.californiahealthmaps.org?address=A0329","Both","Urinary",292965,8.5,6.0,12.2,230990,8.8,6.1,13.2,"","","","",23290,"","","",19590,"","","",5,58593,1.4,7.9,26.1,78.0,3.5,6.9,7.5
"A0329","Los Angeles","Los Angeles","https://www.californiahealthmaps.org?address=A0329","Both","Kidney",292965,17.1,13.3,22.0,230990,18.1,13.8,23.9,"","","","",23290,"","","",19590,"","","",5,58593,1.4,7.9,26.1,78.0,3.5,6.9,7.5
"A0329","Los Angeles","Los Angeles","https://www.californiahealthmaps.org?address=A0329","Both","Thyroid",292965,22.4,17.6,28.5,230990,23.9,18.3,31.2,"","","","",23290,"","","",19590,"","","",5,58593,1.4,7.9,26.1,78.0,3.5,6.9,7.5
