"Zone","Counties","Cities","URL","Sex","Cancer","PopTot","AAIR","LCI","UCI","White_PopTot","White_AAIR","White_LCI","White_UCI","Black_PopTot","Black_AAIR","Black_LCI","Black_UCI","Hispanic_PopTot","Hispanic_AAIR","Hispanic_LCI","Hispanic_UCI","Asian_PopTot","Asian_AAIR","Asian_LCI","Asian_UCI","QNSES","PopAll","PerRural","PerUninsured","PerForeignBorn","PerWhite","PerBlack","PerAsian","PerHispanic","PerAPI","PerDocvisit","PerFOBT","PerMammo","PerMenPrev","PerPap","PerWomenPrev"
"A0320","Solano","Fairfield, Vacaville","https://www.californiahealthmaps.org?address=A0320","Male","AllSite",194400,564.1,520.2,611.4,84465,594.8,535.0,660.8,35755,534.0,421.6,685.1,41970,624.8,494.5,785.2,17475,476.7,358.2,631.1,3,70581,0.5,8.9,13.6,44.3,16.1,10.1,22.6,10.1,"","","","","",""
"A0320","Solano","Fairfield, Vacaville","https://www.californiahealthmaps.org?address=A0320","Female","AllSite",158505,520.0,481.0,561.7,72745,599.3,541.2,662.6,18740,553.4,433.7,705.6,34420,431.8,336.0,552.2,21235,415.5,333.5,515.5,3,70581,0.5,8.9,13.6,44.3,16.1,10.1,22.6,10.1,"","","","","",""
"A0320","Solano","Fairfield, Vacaville","https://www.californiahealthmaps.org?address=A0320","Male","Prostate",194400,102.2,84.3,123.8,84465,89.2,67.6,117.3,35755,142.6,85.5,245.1,41970,98.5,53.2,176.7,17475,135.3,77.0,232.3,3,70581,0.5,8.9,13.6,44.3,16.1,10.1,22.6,10.1,"","","","","",""
"A0320","Solano","Fairfield, Vacaville","https://www.californiahealthmaps.org?address=A0320","Female","Breast",158505,148.4,128.7,170.8,72745,167.6,138.6,201.8,18740,224.0,156.6,324.0,34420,93.5,55.6,157.0,21235,104.5,68.1,159.2,3,70581,0.5,8.9,13.6,44.3,16.1,10.1,22.6,10.1,"","","","","",""
"A0320","Solano","Fairfield, Vacaville","https://www.californiahealthmaps.org?address=A0320","Male","Lung",194400,67.6,52.9,86.1,84465,67.8,49.1,93.3,35755,78.5,41.1,163.7,41970,"","","",17475,"","","",3,70581,0.5,8.9,13.6,44.3,16.1,10.1,22.6,10.1,"","","","","",""
"A0320","Solano","Fairfield, Vacaville","https://www.californiahealthmaps.org?address=A0320","Female","Lung",158505,61.6,48.1,78.0,72745,87.7,65.6,115.7,18740,"","","",34420,"","","",21235,"","","",3,70581,0.5,8.9,13.6,44.3,16.1,10.1,22.6,10.1,"","","","","",""
"A0320","Solano","Fairfield, Vacaville","https://www.californiahealthmaps.org?address=A0320","Male","CRC",194400,59.1,44.8,77.5,84465,53.2,36.0,77.3,35755,"","","",41970,"","","",17475,"","","",3,70581,0.5,8.9,13.6,44.3,16.1,10.1,22.6,10.1,"","","","","",""
"A0320","Solano","Fairfield, Vacaville","https://www.californiahealthmaps.org?address=A0320","Female","CRC",158505,44.0,32.8,58.0,72745,54.6,37.4,77.7,18740,"","","",34420,"","","",21235,"","","",3,70581,0.5,8.9,13.6,44.3,16.1,10.1,22.6,10.1,"","","","","",""
"A0320","Solano","Fairfield, Vacaville","https://www.californiahealthmaps.org?address=A0320","Male","Mela",194400,23.1,15.2,35.0,84465,38.6,24.9,59.2,35755,"","","",41970,"","","",17475,"","","",3,70581,0.5,8.9,13.6,44.3,16.1,10.1,22.6,10.1,"","","","","",""
"A0320","Solano","Fairfield, Vacaville","https://www.californiahealthmaps.org?address=A0320","Female","Mela",158505,19.9,13.1,29.4,72745,33.0,20.7,50.9,18740,"","","",34420,"","","",21235,"","","",3,70581,0.5,8.9,13.6,44.3,16.1,10.1,22.6,10.1,"","","","","",""
"A0320","Solano","Fairfield, Vacaville","https://www.californiahealthmaps.org?address=A0320","Female","Uterine",158505,33.0,24.0,44.6,72745,36.8,23.8,55.6,18740,"","","",34420,"","","",21235,"","","",3,70581,0.5,8.9,13.6,44.3,16.1,10.1,22.6,10.1,"","","","","",""
"A0320","Solano","Fairfield, Vacaville","https://www.californiahealthmaps.org?address=A0320","Male","Lymph",194400,33.2,22.9,47.6,84465,40.7,25.3,63.6,35755,"","","",41970,"","","",17475,"","","",3,70581,0.5,8.9,13.6,44.3,16.1,10.1,22.6,10.1,"","","","","",""
"A0320","Solano","Fairfield, Vacaville","https://www.californiahealthmaps.org?address=A0320","Female","Lymph",158505,24.8,16.8,35.7,72745,22.3,12.8,37.6,18740,"","","",34420,"","","",21235,"","","",3,70581,0.5,8.9,13.6,44.3,16.1,10.1,22.6,10.1,"","","","","",""
"A0320","Solano","Fairfield, Vacaville","https://www.californiahealthmaps.org?address=A0320","Male","Urinary",194400,23.6,14.9,36.7,84465,35.0,21.0,56.4,35755,"","","",41970,"","","",17475,"","","",3,70581,0.5,8.9,13.6,44.3,16.1,10.1,22.6,10.1,"","","","","",""
"A0320","Solano","Fairfield, Vacaville","https://www.californiahealthmaps.org?address=A0320","Female","Urinary",158505,"","","",72745,"","","",18740,"","","",34420,"","","",21235,"","","",3,70581,0.5,8.9,13.6,44.3,16.1,10.1,22.6,10.1,"","","","","",""
"A0320","Solano","Fairfield, Vacaville","https://www.californiahealthmaps.org?address=A0320","Male","Kidney",194400,29.9,21.1,42.4,84465,27.8,17.4,45.0,35755,"","","",41970,"","","",17475,"","","",3,70581,0.5,8.9,13.6,44.3,16.1,10.1,22.6,10.1,"","","","","",""
"A0320","Solano","Fairfield, Vacaville","https://www.californiahealthmaps.org?address=A0320","Female","Kidney",158505,17.2,10.7,26.6,72745,"","","",18740,"","","",34420,"","","",21235,"","","",3,70581,0.5,8.9,13.6,44.3,16.1,10.1,22.6,10.1,"","","","","",""
"A0320","Solano","Fairfield, Vacaville","https://www.californiahealthmaps.org?address=A0320","Male","Thyroid",194400,"","","",84465,"","","",35755,"","","",41970,"","","",17475,"","","",3,70581,0.5,8.9,13.6,44.3,16.1,10.1,22.6,10.1,"","","","","",""
"A0320","Solano","Fairfield, Vacaville","https://www.californiahealthmaps.org?address=A0320","Female","Thyroid",158505,22.8,15.6,32.7,72745,20.2,11.3,34.8,18740,"","","",34420,"","","",21235,"","","",3,70581,0.5,8.9,13.6,44.3,16.1,10.1,22.6,10.1,"","","","","",""
"A0320","Solano","Fairfield, Vacaville","https://www.californiahealthmaps.org?address=A0320","Male","Liver",194400,29.6,21.4,41.5,84465,21.0,11.9,37.1,35755,"","","",41970,72.3,39.1,137.1,17475,"","","",3,70581,0.5,8.9,13.6,44.3,16.1,10.1,22.6,10.1,"","","","","",""
"A0320","Solano","Fairfield, Vacaville","https://www.californiahealthmaps.org?address=A0320","Female","Liver",158505,"","","",72745,"","","",18740,"","","",34420,"","","",21235,"","","",3,70581,0.5,8.9,13.6,44.3,16.1,10.1,22.6,10.1,"","","","","",""
"A0320","Solano","Fairfield, Vacaville","https://www.californiahealthmaps.org?address=A0320","Male","Pancreas",194400,23.6,15.5,35.8,84465,22.1,12.3,39.2,35755,"","","",41970,"","","",17475,"","","",3,70581,0.5,8.9,13.6,44.3,16.1,10.1,22.6,10.1,"","","","","",""
"A0320","Solano","Fairfield, Vacaville","https://www.californiahealthmaps.org?address=A0320","Female","Pancreas",158505,18.8,11.6,29.1,72745,"","","",18740,"","","",34420,"","","",21235,"","","",3,70581,0.5,8.9,13.6,44.3,16.1,10.1,22.6,10.1,"","","","","",""
"A0320","Solano","Fairfield, Vacaville","https://www.californiahealthmaps.org?address=A0320","Both","AllSite",352905,536.7,507.8,567.1,157210,595.5,553.9,639.7,54495,531.2,452.7,624.6,76390,518.3,438.6,611.0,38710,426.2,359.5,503.7,3,70581,0.5,8.9,13.6,44.3,16.1,10.1,22.6,10.1,"","","","","",""
"A0320","Solano","Fairfield, Vacaville","https://www.californiahealthmaps.org?address=A0320","Both","Lung",352905,65.0,54.8,76.7,157210,78.9,63.8,96.7,54495,69.8,42.5,114.9,76390,"","","",38710,47.9,26.9,81.2,3,70581,0.5,8.9,13.6,44.3,16.1,10.1,22.6,10.1,"","","","","",""
"A0320","Solano","Fairfield, Vacaville","https://www.californiahealthmaps.org?address=A0320","Both","CRC",352905,50.5,41.6,61.0,157210,54.1,41.6,69.4,54495,36.1,18.0,72.9,76390,59.7,33.5,101.3,38710,51.7,30.1,85.3,3,70581,0.5,8.9,13.6,44.3,16.1,10.1,22.6,10.1,"","","","","",""
"A0320","Solano","Fairfield, Vacaville","https://www.californiahealthmaps.org?address=A0320","Both","Mela",352905,21.1,15.9,27.7,157210,35.4,26.2,47.4,54495,"","","",76390,"","","",38710,"","","",3,70581,0.5,8.9,13.6,44.3,16.1,10.1,22.6,10.1,"","","","","",""
"A0320","Solano","Fairfield, Vacaville","https://www.californiahealthmaps.org?address=A0320","Both","Lymph",352905,28.4,22.0,36.4,157210,30.0,21.3,41.6,54495,"","","",76390,37.3,18.8,71.1,38710,"","","",3,70581,0.5,8.9,13.6,44.3,16.1,10.1,22.6,10.1,"","","","","",""
"A0320","Solano","Fairfield, Vacaville","https://www.californiahealthmaps.org?address=A0320","Both","Urinary",352905,12.9,8.6,18.9,157210,20.1,12.8,30.5,54495,"","","",76390,"","","",38710,"","","",3,70581,0.5,8.9,13.6,44.3,16.1,10.1,22.6,10.1,"","","","","",""
"A0320","Solano","Fairfield, Vacaville","https://www.californiahealthmaps.org?address=A0320","Both","Kidney",352905,23.9,18.3,31.0,157210,21.5,14.6,31.1,54495,44.8,23.7,84.5,76390,"","","",38710,"","","",3,70581,0.5,8.9,13.6,44.3,16.1,10.1,22.6,10.1,"","","","","",""
"A0320","Solano","Fairfield, Vacaville","https://www.californiahealthmaps.org?address=A0320","Both","Thyroid",352905,13.2,9.4,18.5,157210,13.1,8.1,20.9,54495,"","","",76390,"","","",38710,"","","",3,70581,0.5,8.9,13.6,44.3,16.1,10.1,22.6,10.1,"","","","","",""
"A0320","Solano","Fairfield, Vacaville","https://www.californiahealthmaps.org?address=A0320","Both","Liver",352905,18.4,13.7,24.6,157210,14.2,8.7,22.6,54495,"","","",76390,41.3,23.1,73.8,38710,"","","",3,70581,0.5,8.9,13.6,44.3,16.1,10.1,22.6,10.1,"","","","","",""
"A0320","Solano","Fairfield, Vacaville","https://www.californiahealthmaps.org?address=A0320","Both","Pancreas",352905,21.9,16.1,29.2,157210,22.0,14.4,32.6,54495,"","","",76390,"","","",38710,"","","",3,70581,0.5,8.9,13.6,44.3,16.1,10.1,22.6,10.1,"","","","","",""
