"Zone","Counties","Cities","URL","Sex","Cancer","PopTot","AAIR","LCI","UCI","White_PopTot","White_AAIR","White_LCI","White_UCI","Black_PopTot","Black_AAIR","Black_LCI","Black_UCI","Hispanic_PopTot","Hispanic_AAIR","Hispanic_LCI","Hispanic_UCI","Asian_PopTot","Asian_AAIR","Asian_LCI","Asian_UCI","QNSES","PopAll","PerRural","PerUninsured","PerForeignBorn","PerWhite","PerBlack","PerAsian","PerHispanic","PerAPI","PerDocvisit","PerFOBT","PerMammo","PerMenPrev","PerPap","PerWomenPrev"
"A0855","Los Angeles","Glendora, La Verne, San Dimas","https://www.californiahealthmaps.org?address=A0855","Male","AllSite",129425,514.2,478.8,552.3,76485,530.1,486.3,579.2,"","","","",35970,453.1,374.8,545.1,"","","","",4,54185,0.6,8.8,14.4,58.2,2.5,8.0,27.2,8.0,"","","","","",""
"A0855","Los Angeles","Glendora, La Verne, San Dimas","https://www.californiahealthmaps.org?address=A0855","Female","AllSite",141500,452.3,421.8,485.2,82640,447.7,409.2,491.2,"","","","",39820,498.8,430.8,575.1,11930,370.1,278.4,499.1,4,54185,0.6,8.8,14.4,58.2,2.5,8.0,27.2,8.0,"","","","","",""
"A0855","Los Angeles","Glendora, La Verne, San Dimas","https://www.californiahealthmaps.org?address=A0855","Male","Prostate",129425,154.9,136.4,176.0,76485,145.3,124.3,171.7,"","","","",35970,150.7,107.0,208.8,"","","","",4,54185,0.6,8.8,14.4,58.2,2.5,8.0,27.2,8.0,"","","","","",""
"A0855","Los Angeles","Glendora, La Verne, San Dimas","https://www.californiahealthmaps.org?address=A0855","Female","Breast",141500,140.6,124.0,159.7,82640,139.8,119.2,165.8,"","","","",39820,142.8,108.0,185.9,11930,129.9,77.9,223.9,4,54185,0.6,8.8,14.4,58.2,2.5,8.0,27.2,8.0,"","","","","",""
"A0855","Los Angeles","Glendora, La Verne, San Dimas","https://www.californiahealthmaps.org?address=A0855","Male","Lung",129425,47.9,37.5,61.2,76485,49.3,37.1,67.6,"","","","",35970,"","","","","","","",4,54185,0.6,8.8,14.4,58.2,2.5,8.0,27.2,8.0,"","","","","",""
"A0855","Los Angeles","Glendora, La Verne, San Dimas","https://www.californiahealthmaps.org?address=A0855","Female","Lung",141500,38.1,30.1,48.7,82640,45.0,34.5,61.1,"","","","",39820,"","","",11930,"","","",4,54185,0.6,8.8,14.4,58.2,2.5,8.0,27.2,8.0,"","","","","",""
"A0855","Los Angeles","Glendora, La Verne, San Dimas","https://www.californiahealthmaps.org?address=A0855","Male","CRC",129425,52.8,41.9,66.5,76485,53.5,40.6,72.4,"","","","",35970,52.5,29.8,89.9,"","","","",4,54185,0.6,8.8,14.4,58.2,2.5,8.0,27.2,8.0,"","","","","",""
"A0855","Los Angeles","Glendora, La Verne, San Dimas","https://www.californiahealthmaps.org?address=A0855","Female","CRC",141500,31.5,24.5,41.0,82640,33.4,24.7,48.0,"","","","",39820,"","","",11930,"","","",4,54185,0.6,8.8,14.4,58.2,2.5,8.0,27.2,8.0,"","","","","",""
"A0855","Los Angeles","Glendora, La Verne, San Dimas","https://www.californiahealthmaps.org?address=A0855","Male","Mela",129425,43.6,33.4,56.7,76485,50.8,36.8,71.1,"","","","",35970,"","","","","","","",4,54185,0.6,8.8,14.4,58.2,2.5,8.0,27.2,8.0,"","","","","",""
"A0855","Los Angeles","Glendora, La Verne, San Dimas","https://www.californiahealthmaps.org?address=A0855","Female","Mela",141500,25.3,18.2,35.2,82640,32.0,21.4,49.1,"","","","",39820,"","","",11930,"","","",4,54185,0.6,8.8,14.4,58.2,2.5,8.0,27.2,8.0,"","","","","",""
"A0855","Los Angeles","Glendora, La Verne, San Dimas","https://www.californiahealthmaps.org?address=A0855","Female","Uterine",141500,29.1,22.0,38.7,82640,27.7,19.5,41.9,"","","","",39820,"","","",11930,"","","",4,54185,0.6,8.8,14.4,58.2,2.5,8.0,27.2,8.0,"","","","","",""
"A0855","Los Angeles","Glendora, La Verne, San Dimas","https://www.californiahealthmaps.org?address=A0855","Male","Lymph",129425,26.4,18.5,37.2,76485,27.7,17.5,44.6,"","","","",35970,"","","","","","","",4,54185,0.6,8.8,14.4,58.2,2.5,8.0,27.2,8.0,"","","","","",""
"A0855","Los Angeles","Glendora, La Verne, San Dimas","https://www.californiahealthmaps.org?address=A0855","Female","Lymph",141500,15.2,10.4,22.5,82640,16.8,11.0,29.2,"","","","",39820,"","","",11930,"","","",4,54185,0.6,8.8,14.4,58.2,2.5,8.0,27.2,8.0,"","","","","",""
"A0855","Los Angeles","Glendora, La Verne, San Dimas","https://www.californiahealthmaps.org?address=A0855","Male","Urinary",129425,18.5,12.4,27.6,76485,21.1,13.6,35.3,"","","","",35970,"","","","","","","",4,54185,0.6,8.8,14.4,58.2,2.5,8.0,27.2,8.0,"","","","","",""
"A0855","Los Angeles","Glendora, La Verne, San Dimas","https://www.californiahealthmaps.org?address=A0855","Female","Urinary",141500,"","","",82640,"","","","","","","",39820,"","","",11930,"","","",4,54185,0.6,8.8,14.4,58.2,2.5,8.0,27.2,8.0,"","","","","",""
"A0855","Los Angeles","Glendora, La Verne, San Dimas","https://www.californiahealthmaps.org?address=A0855","Male","Kidney",129425,25.1,17.6,35.5,76485,26.4,17.1,42.3,"","","","",35970,"","","","","","","",4,54185,0.6,8.8,14.4,58.2,2.5,8.0,27.2,8.0,"","","","","",""
"A0855","Los Angeles","Glendora, La Verne, San Dimas","https://www.californiahealthmaps.org?address=A0855","Female","Kidney",141500,12.6,8.1,19.8,82640,"","","","","","","",39820,"","","",11930,"","","",4,54185,0.6,8.8,14.4,58.2,2.5,8.0,27.2,8.0,"","","","","",""
"A0855","Los Angeles","Glendora, La Verne, San Dimas","https://www.californiahealthmaps.org?address=A0855","Male","Thyroid",129425,"","","",76485,"","","","","","","",35970,"","","","","","","",4,54185,0.6,8.8,14.4,58.2,2.5,8.0,27.2,8.0,"","","","","",""
"A0855","Los Angeles","Glendora, La Verne, San Dimas","https://www.californiahealthmaps.org?address=A0855","Female","Thyroid",141500,34.8,25.6,47.0,82640,28.9,17.5,47.2,"","","","",39820,56.2,35.1,85.9,11930,"","","",4,54185,0.6,8.8,14.4,58.2,2.5,8.0,27.2,8.0,"","","","","",""
"A0855","Los Angeles","Glendora, La Verne, San Dimas","https://www.californiahealthmaps.org?address=A0855","Male","Liver",129425,13.2,8.2,21.3,76485,"","","","","","","",35970,"","","","","","","",4,54185,0.6,8.8,14.4,58.2,2.5,8.0,27.2,8.0,"","","","","",""
"A0855","Los Angeles","Glendora, La Verne, San Dimas","https://www.californiahealthmaps.org?address=A0855","Female","Liver",141500,"","","",82640,"","","","","","","",39820,"","","",11930,"","","",4,54185,0.6,8.8,14.4,58.2,2.5,8.0,27.2,8.0,"","","","","",""
"A0855","Los Angeles","Glendora, La Verne, San Dimas","https://www.californiahealthmaps.org?address=A0855","Male","Pancreas",129425,16.9,11.1,25.7,76485,16.0,9.0,30.2,"","","","",35970,"","","","","","","",4,54185,0.6,8.8,14.4,58.2,2.5,8.0,27.2,8.0,"","","","","",""
"A0855","Los Angeles","Glendora, La Verne, San Dimas","https://www.californiahealthmaps.org?address=A0855","Female","Pancreas",141500,14.6,10.0,21.9,82640,12.3,7.4,24.0,"","","","",39820,"","","",11930,"","","",4,54185,0.6,8.8,14.4,58.2,2.5,8.0,27.2,8.0,"","","","","",""
"A0855","Los Angeles","Glendora, La Verne, San Dimas","https://www.californiahealthmaps.org?address=A0855","Both","AllSite",270925,475.3,452.3,499.5,159125,480.4,451.6,511.6,"","","","",75790,471.9,421.0,527.7,21660,386.2,312.1,479.7,4,54185,0.6,8.8,14.4,58.2,2.5,8.0,27.2,8.0,"","","","","",""
"A0855","Los Angeles","Glendora, La Verne, San Dimas","https://www.californiahealthmaps.org?address=A0855","Both","Lung",270925,41.3,34.9,48.9,159125,46.0,38.0,56.6,"","","","",75790,"","","",21660,57.7,31.5,106.9,4,54185,0.6,8.8,14.4,58.2,2.5,8.0,27.2,8.0,"","","","","",""
"A0855","Los Angeles","Glendora, La Verne, San Dimas","https://www.californiahealthmaps.org?address=A0855","Both","CRC",270925,40.9,34.7,48.5,159125,42.1,34.5,52.4,"","","","",75790,38.4,25.0,57.0,21660,"","","",4,54185,0.6,8.8,14.4,58.2,2.5,8.0,27.2,8.0,"","","","","",""
"A0855","Los Angeles","Glendora, La Verne, San Dimas","https://www.californiahealthmaps.org?address=A0855","Both","Mela",270925,33.2,27.1,40.7,159125,40.3,31.4,52.1,"","","","",75790,"","","",21660,"","","",4,54185,0.6,8.8,14.4,58.2,2.5,8.0,27.2,8.0,"","","","","",""
"A0855","Los Angeles","Glendora, La Verne, San Dimas","https://www.californiahealthmaps.org?address=A0855","Both","Lymph",270925,20.4,15.9,26.3,159125,22.2,16.2,31.2,"","","","",75790,"","","",21660,"","","",4,54185,0.6,8.8,14.4,58.2,2.5,8.0,27.2,8.0,"","","","","",""
"A0855","Los Angeles","Glendora, La Verne, San Dimas","https://www.californiahealthmaps.org?address=A0855","Both","Urinary",270925,11.3,8.1,15.9,159125,12.2,8.4,19.0,"","","","",75790,"","","",21660,"","","",4,54185,0.6,8.8,14.4,58.2,2.5,8.0,27.2,8.0,"","","","","",""
"A0855","Los Angeles","Glendora, La Verne, San Dimas","https://www.californiahealthmaps.org?address=A0855","Both","Kidney",270925,18.0,13.8,23.6,159125,15.9,11.1,23.8,"","","","",75790,30.8,18.9,47.9,21660,"","","",4,54185,0.6,8.8,14.4,58.2,2.5,8.0,27.2,8.0,"","","","","",""
"A0855","Los Angeles","Glendora, La Verne, San Dimas","https://www.californiahealthmaps.org?address=A0855","Both","Thyroid",270925,22.7,17.4,29.5,159125,20.2,13.6,30.2,"","","","",75790,31.9,20.1,48.6,21660,"","","",4,54185,0.6,8.8,14.4,58.2,2.5,8.0,27.2,8.0,"","","","","",""
"A0855","Los Angeles","Glendora, La Verne, San Dimas","https://www.californiahealthmaps.org?address=A0855","Both","Liver",270925,6.6,4.3,10.4,159125,"","","","","","","",75790,"","","",21660,"","","",4,54185,0.6,8.8,14.4,58.2,2.5,8.0,27.2,8.0,"","","","","",""
"A0855","Los Angeles","Glendora, La Verne, San Dimas","https://www.californiahealthmaps.org?address=A0855","Both","Pancreas",270925,16.0,12.2,21.1,159125,14.4,9.9,22.0,"","","","",75790,"","","",21660,"","","",4,54185,0.6,8.8,14.4,58.2,2.5,8.0,27.2,8.0,"","","","","",""
