"Zone","Counties","Cities","URL","Sex","Cancer","PopTot","AAIR","LCI","UCI","White_PopTot","White_AAIR","White_LCI","White_UCI","Black_PopTot","Black_AAIR","Black_LCI","Black_UCI","Hispanic_PopTot","Hispanic_AAIR","Hispanic_LCI","Hispanic_UCI","Asian_PopTot","Asian_AAIR","Asian_LCI","Asian_UCI","QNSES","PopAll","PerRural","PerUninsured","PerForeignBorn","PerWhite","PerBlack","PerAsian","PerHispanic","PerAPI","PerDocvisit","PerFOBT","PerMammo","PerMenPrev","PerPap","PerWomenPrev"
"A1036","San Mateo","Menlo Park","https://www.californiahealthmaps.org?address=A1036","Male","AllSite",151765,452.2,411.4,496.5,40275,512.5,448.0,587.2,14640,480.6,382.9,602.8,78395,399.3,314.3,505.7,14190,396.4,276.3,558.9,4,59895,0.0,18.4,35.5,27.4,10.3,11.1,48.7,11.1,"","","","","",""
"A1036","San Mateo","Menlo Park","https://www.californiahealthmaps.org?address=A1036","Female","AllSite",147710,445.6,408.9,485.2,39275,533.4,468.1,609.0,15390,368.7,291.5,470.2,72560,388.3,318.1,472.2,16045,538.3,418.6,686.7,4,59895,0.0,18.4,35.5,27.4,10.3,11.1,48.7,11.1,"","","","","",""
"A1036","San Mateo","Menlo Park","https://www.californiahealthmaps.org?address=A1036","Male","Prostate",151765,95.0,77.2,116.4,40275,91.1,66.6,126.3,14640,104.6,62.2,174.1,78395,124.2,80.3,190.6,14190,"","","",4,59895,0.0,18.4,35.5,27.4,10.3,11.1,48.7,11.1,"","","","","",""
"A1036","San Mateo","Menlo Park","https://www.californiahealthmaps.org?address=A1036","Female","Breast",147710,148.1,127.5,171.5,39275,202.2,163.1,252.0,15390,127.9,84.8,197.8,72560,85.4,57.9,126.6,16045,152.8,93.6,242.2,4,59895,0.0,18.4,35.5,27.4,10.3,11.1,48.7,11.1,"","","","","",""
"A1036","San Mateo","Menlo Park","https://www.californiahealthmaps.org?address=A1036","Male","Lung",151765,48.5,35.1,65.9,40275,45.7,27.7,75.7,14640,79.7,43.7,143.6,78395,"","","",14190,"","","",4,59895,0.0,18.4,35.5,27.4,10.3,11.1,48.7,11.1,"","","","","",""
"A1036","San Mateo","Menlo Park","https://www.californiahealthmaps.org?address=A1036","Female","Lung",147710,37.1,26.4,51.0,39275,49.8,30.7,81.3,15390,"","","",72560,"","","",16045,"","","",4,59895,0.0,18.4,35.5,27.4,10.3,11.1,48.7,11.1,"","","","","",""
"A1036","San Mateo","Menlo Park","https://www.californiahealthmaps.org?address=A1036","Male","CRC",151765,36.1,25.6,50.3,40275,"","","",14640,"","","",78395,"","","",14190,"","","",4,59895,0.0,18.4,35.5,27.4,10.3,11.1,48.7,11.1,"","","","","",""
"A1036","San Mateo","Menlo Park","https://www.californiahealthmaps.org?address=A1036","Female","CRC",147710,35.6,25.6,48.5,39275,39.7,23.1,68.8,15390,"","","",72560,"","","",16045,"","","",4,59895,0.0,18.4,35.5,27.4,10.3,11.1,48.7,11.1,"","","","","",""
"A1036","San Mateo","Menlo Park","https://www.californiahealthmaps.org?address=A1036","Male","Mela",151765,37.1,26.0,51.9,40275,78.3,54.6,113.3,14640,"","","",78395,"","","",14190,"","","",4,59895,0.0,18.4,35.5,27.4,10.3,11.1,48.7,11.1,"","","","","",""
"A1036","San Mateo","Menlo Park","https://www.californiahealthmaps.org?address=A1036","Female","Mela",147710,23.4,15.7,34.1,39275,58.2,37.9,90.5,15390,"","","",72560,"","","",16045,"","","",4,59895,0.0,18.4,35.5,27.4,10.3,11.1,48.7,11.1,"","","","","",""
"A1036","San Mateo","Menlo Park","https://www.californiahealthmaps.org?address=A1036","Female","Uterine",147710,31.9,23.0,43.8,39275,"","","",15390,"","","",72560,"","","",16045,107.3,60.8,183.8,4,59895,0.0,18.4,35.5,27.4,10.3,11.1,48.7,11.1,"","","","","",""
"A1036","San Mateo","Menlo Park","https://www.californiahealthmaps.org?address=A1036","Male","Lymph",151765,26.1,17.1,39.0,40275,39.2,22.2,68.6,14640,"","","",78395,"","","",14190,"","","",4,59895,0.0,18.4,35.5,27.4,10.3,11.1,48.7,11.1,"","","","","",""
"A1036","San Mateo","Menlo Park","https://www.californiahealthmaps.org?address=A1036","Female","Lymph",147710,20.0,12.7,30.5,39275,"","","",15390,"","","",72560,"","","",16045,"","","",4,59895,0.0,18.4,35.5,27.4,10.3,11.1,48.7,11.1,"","","","","",""
"A1036","San Mateo","Menlo Park","https://www.californiahealthmaps.org?address=A1036","Male","Urinary",151765,15.0,8.2,25.7,40275,"","","",14640,"","","",78395,"","","",14190,"","","",4,59895,0.0,18.4,35.5,27.4,10.3,11.1,48.7,11.1,"","","","","",""
"A1036","San Mateo","Menlo Park","https://www.californiahealthmaps.org?address=A1036","Female","Urinary",147710,"","","",39275,"","","",15390,"","","",72560,"","","",16045,"","","",4,59895,0.0,18.4,35.5,27.4,10.3,11.1,48.7,11.1,"","","","","",""
"A1036","San Mateo","Menlo Park","https://www.californiahealthmaps.org?address=A1036","Male","Kidney",151765,21.1,13.1,33.0,40275,"","","",14640,"","","",78395,"","","",14190,"","","",4,59895,0.0,18.4,35.5,27.4,10.3,11.1,48.7,11.1,"","","","","",""
"A1036","San Mateo","Menlo Park","https://www.californiahealthmaps.org?address=A1036","Female","Kidney",147710,"","","",39275,"","","",15390,"","","",72560,"","","",16045,"","","",4,59895,0.0,18.4,35.5,27.4,10.3,11.1,48.7,11.1,"","","","","",""
"A1036","San Mateo","Menlo Park","https://www.californiahealthmaps.org?address=A1036","Male","Thyroid",151765,"","","",40275,"","","",14640,"","","",78395,"","","",14190,"","","",4,59895,0.0,18.4,35.5,27.4,10.3,11.1,48.7,11.1,"","","","","",""
"A1036","San Mateo","Menlo Park","https://www.californiahealthmaps.org?address=A1036","Female","Thyroid",147710,16.8,10.7,25.8,39275,"","","",15390,"","","",72560,"","","",16045,"","","",4,59895,0.0,18.4,35.5,27.4,10.3,11.1,48.7,11.1,"","","","","",""
"A1036","San Mateo","Menlo Park","https://www.californiahealthmaps.org?address=A1036","Male","Liver",151765,17.2,10.4,27.6,40275,"","","",14640,"","","",78395,"","","",14190,"","","",4,59895,0.0,18.4,35.5,27.4,10.3,11.1,48.7,11.1,"","","","","",""
"A1036","San Mateo","Menlo Park","https://www.californiahealthmaps.org?address=A1036","Female","Liver",147710,"","","",39275,"","","",15390,"","","",72560,"","","",16045,"","","",4,59895,0.0,18.4,35.5,27.4,10.3,11.1,48.7,11.1,"","","","","",""
"A1036","San Mateo","Menlo Park","https://www.californiahealthmaps.org?address=A1036","Male","Pancreas",151765,20.0,11.7,32.3,40275,"","","",14640,"","","",78395,"","","",14190,"","","",4,59895,0.0,18.4,35.5,27.4,10.3,11.1,48.7,11.1,"","","","","",""
"A1036","San Mateo","Menlo Park","https://www.californiahealthmaps.org?address=A1036","Female","Pancreas",147710,16.8,10.2,26.7,39275,"","","",15390,"","","",72560,"","","",16045,"","","",4,59895,0.0,18.4,35.5,27.4,10.3,11.1,48.7,11.1,"","","","","",""
"A1036","San Mateo","Menlo Park","https://www.californiahealthmaps.org?address=A1036","Both","AllSite",299475,444.2,417.0,472.9,79550,519.9,473.8,570.8,30030,406.0,346.7,476.8,150955,388.5,334.0,451.2,30235,466.5,381.6,567.9,4,59895,0.0,18.4,35.5,27.4,10.3,11.1,48.7,11.1,"","","","","",""
"A1036","San Mateo","Menlo Park","https://www.californiahealthmaps.org?address=A1036","Both","Lung",299475,41.9,33.3,52.1,79550,47.2,33.7,66.3,30030,53.8,34.4,86.3,150955,"","","",30235,"","","",4,59895,0.0,18.4,35.5,27.4,10.3,11.1,48.7,11.1,"","","","","",""
"A1036","San Mateo","Menlo Park","https://www.californiahealthmaps.org?address=A1036","Both","CRC",299475,36.2,28.8,45.3,79550,33.7,22.7,50.4,30030,40.9,24.1,71.3,150955,26.9,15.5,47.1,30235,"","","",4,59895,0.0,18.4,35.5,27.4,10.3,11.1,48.7,11.1,"","","","","",""
"A1036","San Mateo","Menlo Park","https://www.californiahealthmaps.org?address=A1036","Both","Mela",299475,29.1,22.5,37.4,79550,67.0,51.2,88.1,30030,"","","",150955,"","","",30235,"","","",4,59895,0.0,18.4,35.5,27.4,10.3,11.1,48.7,11.1,"","","","","",""
"A1036","San Mateo","Menlo Park","https://www.californiahealthmaps.org?address=A1036","Both","Lymph",299475,22.7,16.8,30.3,79550,26.5,16.7,42.2,30030,"","","",150955,28.8,14.8,52.6,30235,"","","",4,59895,0.0,18.4,35.5,27.4,10.3,11.1,48.7,11.1,"","","","","",""
"A1036","San Mateo","Menlo Park","https://www.californiahealthmaps.org?address=A1036","Both","Urinary",299475,8.7,5.2,13.8,79550,"","","",30030,"","","",150955,"","","",30235,"","","",4,59895,0.0,18.4,35.5,27.4,10.3,11.1,48.7,11.1,"","","","","",""
"A1036","San Mateo","Menlo Park","https://www.californiahealthmaps.org?address=A1036","Both","Kidney",299475,12.6,8.4,18.5,79550,16.4,9.2,29.6,30030,"","","",150955,"","","",30235,"","","",4,59895,0.0,18.4,35.5,27.4,10.3,11.1,48.7,11.1,"","","","","",""
"A1036","San Mateo","Menlo Park","https://www.californiahealthmaps.org?address=A1036","Both","Thyroid",299475,10.1,6.7,15.0,79550,"","","",30030,"","","",150955,"","","",30235,"","","",4,59895,0.0,18.4,35.5,27.4,10.3,11.1,48.7,11.1,"","","","","",""
"A1036","San Mateo","Menlo Park","https://www.californiahealthmaps.org?address=A1036","Both","Liver",299475,13.9,9.5,20.0,79550,"","","",30030,"","","",150955,"","","",30235,"","","",4,59895,0.0,18.4,35.5,27.4,10.3,11.1,48.7,11.1,"","","","","",""
"A1036","San Mateo","Menlo Park","https://www.californiahealthmaps.org?address=A1036","Both","Pancreas",299475,18.1,12.7,25.2,79550,"","","",30030,"","","",150955,"","","",30235,"","","",4,59895,0.0,18.4,35.5,27.4,10.3,11.1,48.7,11.1,"","","","","",""
