"Zone","Counties","Cities","URL","Sex","Cancer","PopTot","AAIR","LCI","UCI","White_PopTot","White_AAIR","White_LCI","White_UCI","Black_PopTot","Black_AAIR","Black_LCI","Black_UCI","Hispanic_PopTot","Hispanic_AAIR","Hispanic_LCI","Hispanic_UCI","Asian_PopTot","Asian_AAIR","Asian_LCI","Asian_UCI","QNSES","PopAll","PerRural","PerUninsured","PerForeignBorn","PerWhite","PerBlack","PerAsian","PerHispanic"
"A0818","Contra Costa","Richmond","https://www.californiahealthmaps.org?address=A0818","Male","AllSite",160370,459.7,420.0,502.7,19325,512.2,434.8,622.1,30050,539.7,458.7,633.0,93225,363.5,293.2,448.4,13600,400.4,297.9,533.7,1,64739,0.1,23.2,36.4,12.9,20.8,8.1,56.2
"A0818","Contra Costa","Richmond","https://www.californiahealthmaps.org?address=A0818","Female","AllSite",163325,360.4,329.6,393.6,20235,399.1,328.3,502.9,37145,413.0,353.6,480.9,86295,315.2,260.7,380.7,14950,301.8,225.4,404.4,1,64739,0.1,23.2,36.4,12.9,20.8,8.1,56.2
"A0818","Contra Costa","Richmond","https://www.californiahealthmaps.org?address=A0818","Male","Prostate",160370,100.3,82.5,121.5,19325,82.1,54.5,152.6,30050,155.0,113.9,208.7,93225,58.4,33.0,99.6,13600,"","","",1,64739,0.1,23.2,36.4,12.9,20.8,8.1,56.2
"A0818","Contra Costa","Richmond","https://www.californiahealthmaps.org?address=A0818","Female","Breast",163325,94.3,79.0,112.1,20235,100.9,69.0,172.9,37145,89.1,62.4,124.8,86295,85.5,59.4,123.1,14950,109.5,66.4,180.9,1,64739,0.1,23.2,36.4,12.9,20.8,8.1,56.2
"A0818","Contra Costa","Richmond","https://www.californiahealthmaps.org?address=A0818","Male","Lung",160370,55.4,41.8,72.6,19325,52.9,30.4,121.6,30050,93.0,60.9,138.3,93225,"","","",13600,"","","",1,64739,0.1,23.2,36.4,12.9,20.8,8.1,56.2
"A0818","Contra Costa","Richmond","https://www.californiahealthmaps.org?address=A0818","Female","Lung",163325,42.8,32.2,56.0,20235,57.3,34.4,124.4,37145,63.8,41.8,94.9,86295,"","","",14950,"","","",1,64739,0.1,23.2,36.4,12.9,20.8,8.1,56.2
"A0818","Contra Costa","Richmond","https://www.californiahealthmaps.org?address=A0818","Male","CRC",160370,43.4,32.1,58.1,19325,38.9,21.0,105.3,30050,53.1,29.3,90.7,93225,35.8,19.7,66.9,13600,"","","",1,64739,0.1,23.2,36.4,12.9,20.8,8.1,56.2
"A0818","Contra Costa","Richmond","https://www.californiahealthmaps.org?address=A0818","Female","CRC",163325,35.9,26.6,47.6,20235,46.0,26.5,111.4,37145,36.4,20.3,62.0,86295,"","","",14950,"","","",1,64739,0.1,23.2,36.4,12.9,20.8,8.1,56.2
"A0818","Contra Costa","Richmond","https://www.californiahealthmaps.org?address=A0818","Male","Mela",160370,10.3,5.3,19.0,19325,"","","",30050,"","","",93225,"","","",13600,"","","",1,64739,0.1,23.2,36.4,12.9,20.8,8.1,56.2
"A0818","Contra Costa","Richmond","https://www.californiahealthmaps.org?address=A0818","Female","Mela",163325,3.6,1.1,9.0,20235,"","","",37145,"","","",86295,"","","",14950,"","","",1,64739,0.1,23.2,36.4,12.9,20.8,8.1,56.2
"A0818","Contra Costa","Richmond","https://www.californiahealthmaps.org?address=A0818","Female","Uterine",163325,28.8,20.8,39.2,20235,"","","",37145,32.2,17.6,56.0,86295,"","","",14950,"","","",1,64739,0.1,23.2,36.4,12.9,20.8,8.1,56.2
"A0818","Contra Costa","Richmond","https://www.californiahealthmaps.org?address=A0818","Male","Lymph",160370,29.1,19.9,41.7,19325,40.5,22.1,107.2,30050,"","","",93225,"","","",13600,"","","",1,64739,0.1,23.2,36.4,12.9,20.8,8.1,56.2
"A0818","Contra Costa","Richmond","https://www.californiahealthmaps.org?address=A0818","Female","Lymph",163325,20.6,13.7,30.1,20235,"","","",37145,"","","",86295,"","","",14950,"","","",1,64739,0.1,23.2,36.4,12.9,20.8,8.1,56.2
"A0818","Contra Costa","Richmond","https://www.californiahealthmaps.org?address=A0818","Male","Urinary",160370,13.2,7.1,23.1,19325,"","","",30050,"","","",93225,"","","",13600,"","","",1,64739,0.1,23.2,36.4,12.9,20.8,8.1,56.2
"A0818","Contra Costa","Richmond","https://www.californiahealthmaps.org?address=A0818","Female","Urinary",163325,2.4,0.5,7.4,20235,"","","",37145,"","","",86295,"","","",14950,"","","",1,64739,0.1,23.2,36.4,12.9,20.8,8.1,56.2
"A0818","Contra Costa","Richmond","https://www.californiahealthmaps.org?address=A0818","Male","Kidney",160370,18.9,11.9,29.3,19325,"","","",30050,"","","",93225,"","","",13600,"","","",1,64739,0.1,23.2,36.4,12.9,20.8,8.1,56.2
"A0818","Contra Costa","Richmond","https://www.californiahealthmaps.org?address=A0818","Female","Kidney",163325,12.3,7.1,20.2,20235,"","","",37145,"","","",86295,"","","",14950,"","","",1,64739,0.1,23.2,36.4,12.9,20.8,8.1,56.2
"A0818","Contra Costa","Richmond","https://www.californiahealthmaps.org?address=A0818","Male","Thyroid",160370,4.3,1.5,11.0,19325,"","","",30050,"","","",93225,"","","",13600,"","","",1,64739,0.1,23.2,36.4,12.9,20.8,8.1,56.2
"A0818","Contra Costa","Richmond","https://www.californiahealthmaps.org?address=A0818","Female","Thyroid",163325,17.2,11.1,25.7,20235,"","","",37145,"","","",86295,"","","",14950,"","","",1,64739,0.1,23.2,36.4,12.9,20.8,8.1,56.2
"A0818","Contra Costa","Richmond","https://www.californiahealthmaps.org?address=A0818","Both","AllSite",323695,400.8,376.4,426.5,39560,450.3,398.2,517.5,67195,460.5,412.3,513.7,179520,333.5,289.7,383.4,28550,339.1,277.5,413.4,1,64739,0.1,23.2,36.4,12.9,20.8,8.1,56.2
"A0818","Contra Costa","Richmond","https://www.californiahealthmaps.org?address=A0818","Both","Lung",323695,48.1,39.5,58.1,39560,56.0,38.9,93.1,67195,74.9,56.1,98.9,179520,"","","",28550,"","","",1,64739,0.1,23.2,36.4,12.9,20.8,8.1,56.2
"A0818","Contra Costa","Richmond","https://www.californiahealthmaps.org?address=A0818","Both","CRC",323695,39.3,31.9,48.0,39560,43.0,29.1,77.9,67195,42.1,28.2,61.3,179520,35.8,23.1,55.1,28550,"","","",1,64739,0.1,23.2,36.4,12.9,20.8,8.1,56.2
"A0818","Contra Costa","Richmond","https://www.californiahealthmaps.org?address=A0818","Both","Mela",323695,6.6,3.8,10.9,39560,25.4,14.0,59.8,67195,"","","",179520,"","","",28550,"","","",1,64739,0.1,23.2,36.4,12.9,20.8,8.1,56.2
"A0818","Contra Costa","Richmond","https://www.californiahealthmaps.org?address=A0818","Both","Lymph",323695,24.5,18.7,31.7,39560,29.1,17.9,62.7,67195,25.7,14.9,42.1,179520,20.0,10.8,36.0,28550,"","","",1,64739,0.1,23.2,36.4,12.9,20.8,8.1,56.2
"A0818","Contra Costa","Richmond","https://www.californiahealthmaps.org?address=A0818","Both","Urinary",323695,7.2,4.2,11.9,39560,"","","",67195,"","","",179520,"","","",28550,"","","",1,64739,0.1,23.2,36.4,12.9,20.8,8.1,56.2
"A0818","Contra Costa","Richmond","https://www.californiahealthmaps.org?address=A0818","Both","Kidney",323695,15.7,11.2,21.7,39560,"","","",67195,21.3,12.1,36.1,179520,"","","",28550,"","","",1,64739,0.1,23.2,36.4,12.9,20.8,8.1,56.2
"A0818","Contra Costa","Richmond","https://www.californiahealthmaps.org?address=A0818","Both","Thyroid",323695,11.0,7.4,15.9,39560,"","","",67195,"","","",179520,"","","",28550,"","","",1,64739,0.1,23.2,36.4,12.9,20.8,8.1,56.2
