"Zone","Counties","Cities","URL","Sex","Cancer","PopTot","AAIR","LCI","UCI","White_PopTot","White_AAIR","White_LCI","White_UCI","Black_PopTot","Black_AAIR","Black_LCI","Black_UCI","Hispanic_PopTot","Hispanic_AAIR","Hispanic_LCI","Hispanic_UCI","Asian_PopTot","Asian_AAIR","Asian_LCI","Asian_UCI","QNSES","PopAll","PerRural","PerUninsured","PerForeignBorn","PerWhite","PerBlack","PerAsian","PerHispanic"
"A0419","Los Angeles","Los Angeles","https://www.californiahealthmaps.org?address=A0419","Male","AllSite",148770,469.4,426.7,515.8,"","","","",49490,522.3,462.8,589.1,93185,405.0,324.2,506.1,"","","","",1,61753,0.0,34.5,37.7,1.5,34.5,1.1,60.8
"A0419","Los Angeles","Los Angeles","https://www.californiahealthmaps.org?address=A0419","Female","AllSite",159995,374.5,344.0,407.3,"","","","",62180,369.1,328.9,414.3,90875,360.0,306.3,422.5,"","","","",1,61753,0.0,34.5,37.7,1.5,34.5,1.1,60.8
"A0419","Los Angeles","Los Angeles","https://www.californiahealthmaps.org?address=A0419","Male","Prostate",148770,148.6,125.1,176.0,"","","","",49490,172.0,139.5,212.0,93185,92.6,56.6,151.1,"","","","",1,61753,0.0,34.5,37.7,1.5,34.5,1.1,60.8
"A0419","Los Angeles","Los Angeles","https://www.californiahealthmaps.org?address=A0419","Female","Breast",159995,102.3,86.6,120.1,"","","","",62180,120.6,97.4,149.2,90875,74.9,52.6,106.2,"","","","",1,61753,0.0,34.5,37.7,1.5,34.5,1.1,60.8
"A0419","Los Angeles","Los Angeles","https://www.californiahealthmaps.org?address=A0419","Male","Lung",148770,52.8,39.1,70.6,"","","","",49490,68.3,48.4,96.1,93185,"","","","","","","",1,61753,0.0,34.5,37.7,1.5,34.5,1.1,60.8
"A0419","Los Angeles","Los Angeles","https://www.californiahealthmaps.org?address=A0419","Female","Lung",159995,34.7,25.6,46.0,"","","","",62180,46.1,33.0,64.7,90875,"","","","","","","",1,61753,0.0,34.5,37.7,1.5,34.5,1.1,60.8
"A0419","Los Angeles","Los Angeles","https://www.californiahealthmaps.org?address=A0419","Male","CRC",148770,57.0,42.6,75.5,"","","","",49490,63.9,44.5,91.2,93185,46.7,22.8,94.6,"","","","",1,61753,0.0,34.5,37.7,1.5,34.5,1.1,60.8
"A0419","Los Angeles","Los Angeles","https://www.californiahealthmaps.org?address=A0419","Female","CRC",159995,44.1,33.9,56.6,"","","","",62180,40.0,27.8,57.8,90875,42.3,24.5,70.2,"","","","",1,61753,0.0,34.5,37.7,1.5,34.5,1.1,60.8
"A0419","Los Angeles","Los Angeles","https://www.californiahealthmaps.org?address=A0419","Male","Mela",148770,5.5,1.5,14.8,"","","","",49490,"","","",93185,"","","","","","","",1,61753,0.0,34.5,37.7,1.5,34.5,1.1,60.8
"A0419","Los Angeles","Los Angeles","https://www.californiahealthmaps.org?address=A0419","Female","Mela",159995,1.1,0.1,4.7,"","","","",62180,"","","",90875,"","","","","","","",1,61753,0.0,34.5,37.7,1.5,34.5,1.1,60.8
"A0419","Los Angeles","Los Angeles","https://www.californiahealthmaps.org?address=A0419","Female","Uterine",159995,30.8,22.7,41.1,"","","","",62180,23.1,14.3,37.7,90875,34.4,20.1,58.1,"","","","",1,61753,0.0,34.5,37.7,1.5,34.5,1.1,60.8
"A0419","Los Angeles","Los Angeles","https://www.californiahealthmaps.org?address=A0419","Male","Lymph",148770,25.4,15.9,39.1,"","","","",49490,"","","",93185,"","","","","","","",1,61753,0.0,34.5,37.7,1.5,34.5,1.1,60.8
"A0419","Los Angeles","Los Angeles","https://www.californiahealthmaps.org?address=A0419","Female","Lymph",159995,19.3,13.0,28.0,"","","","",62180,17.3,9.5,31.0,90875,"","","","","","","",1,61753,0.0,34.5,37.7,1.5,34.5,1.1,60.8
"A0419","Los Angeles","Los Angeles","https://www.californiahealthmaps.org?address=A0419","Male","Urinary",148770,10.9,5.0,21.4,"","","","",49490,"","","",93185,"","","","","","","",1,61753,0.0,34.5,37.7,1.5,34.5,1.1,60.8
"A0419","Los Angeles","Los Angeles","https://www.californiahealthmaps.org?address=A0419","Female","Urinary",159995,5.7,2.4,11.6,"","","","",62180,"","","",90875,"","","","","","","",1,61753,0.0,34.5,37.7,1.5,34.5,1.1,60.8
"A0419","Los Angeles","Los Angeles","https://www.californiahealthmaps.org?address=A0419","Male","Kidney",148770,12.5,6.8,22.5,"","","","",49490,"","","",93185,"","","","","","","",1,61753,0.0,34.5,37.7,1.5,34.5,1.1,60.8
"A0419","Los Angeles","Los Angeles","https://www.californiahealthmaps.org?address=A0419","Female","Kidney",159995,10.3,5.8,17.1,"","","","",62180,"","","",90875,"","","","","","","",1,61753,0.0,34.5,37.7,1.5,34.5,1.1,60.8
"A0419","Los Angeles","Los Angeles","https://www.californiahealthmaps.org?address=A0419","Male","Thyroid",148770,3.5,1.1,10.5,"","","","",49490,"","","",93185,"","","","","","","",1,61753,0.0,34.5,37.7,1.5,34.5,1.1,60.8
"A0419","Los Angeles","Los Angeles","https://www.californiahealthmaps.org?address=A0419","Female","Thyroid",159995,9.7,5.5,16.1,"","","","",62180,"","","",90875,"","","","","","","",1,61753,0.0,34.5,37.7,1.5,34.5,1.1,60.8
"A0419","Los Angeles","Los Angeles","https://www.californiahealthmaps.org?address=A0419","Both","AllSite",308765,409.6,384.8,435.7,"","","","",111670,428.8,394.9,465.6,184060,367.8,323.6,417.6,"","","","",1,61753,0.0,34.5,37.7,1.5,34.5,1.1,60.8
"A0419","Los Angeles","Los Angeles","https://www.californiahealthmaps.org?address=A0419","Both","Lung",308765,41.7,33.9,50.8,"","","","",111670,54.1,42.9,68.4,184060,22.2,12.1,39.3,"","","","",1,61753,0.0,34.5,37.7,1.5,34.5,1.1,60.8
"A0419","Los Angeles","Los Angeles","https://www.californiahealthmaps.org?address=A0419","Both","CRC",308765,49.4,40.9,59.2,"","","","",111670,50.2,39.2,64.3,184060,43.2,28.8,64.0,"","","","",1,61753,0.0,34.5,37.7,1.5,34.5,1.1,60.8
"A0419","Los Angeles","Los Angeles","https://www.californiahealthmaps.org?address=A0419","Both","Mela",308765,2.5,0.9,5.7,"","","","",111670,"","","",184060,"","","","","","","",1,61753,0.0,34.5,37.7,1.5,34.5,1.1,60.8
"A0419","Los Angeles","Los Angeles","https://www.californiahealthmaps.org?address=A0419","Both","Lymph",308765,21.5,16.1,28.3,"","","","",111670,18.3,11.9,28.1,184060,25.5,14.6,43.2,"","","","",1,61753,0.0,34.5,37.7,1.5,34.5,1.1,60.8
"A0419","Los Angeles","Los Angeles","https://www.californiahealthmaps.org?address=A0419","Both","Urinary",308765,7.7,4.5,12.4,"","","","",111670,"","","",184060,"","","","","","","",1,61753,0.0,34.5,37.7,1.5,34.5,1.1,60.8
"A0419","Los Angeles","Los Angeles","https://www.californiahealthmaps.org?address=A0419","Both","Kidney",308765,11.0,7.4,15.9,"","","","",111670,12.2,7.2,20.6,184060,"","","","","","","",1,61753,0.0,34.5,37.7,1.5,34.5,1.1,60.8
"A0419","Los Angeles","Los Angeles","https://www.californiahealthmaps.org?address=A0419","Both","Thyroid",308765,6.9,4.2,10.8,"","","","",111670,"","","",184060,8.3,4.6,18.7,"","","","",1,61753,0.0,34.5,37.7,1.5,34.5,1.1,60.8
