"Zone","Counties","Cities","URL","Sex","Cancer","PopTot","AAIR","LCI","UCI","White_PopTot","White_AAIR","White_LCI","White_UCI","Black_PopTot","Black_AAIR","Black_LCI","Black_UCI","Hispanic_PopTot","Hispanic_AAIR","Hispanic_LCI","Hispanic_UCI","Asian_PopTot","Asian_AAIR","Asian_LCI","Asian_UCI","QNSES","PopAll","PerRural","PerUninsured","PerForeignBorn","PerWhite","PerBlack","PerAsian","PerHispanic","PerAPI","PerDocvisit","PerFOBT","PerMammo","PerMenPrev","PerPap","PerWomenPrev"
"A1103","Los Angeles","Los Angeles","https://www.californiahealthmaps.org?address=A1103","Male","AllSite",173500,406.8,369.4,447.3,16755,444.7,364.4,552.6,"","","","",143890,389.6,343.3,441.4,"","","","",2,69329,0.0,24.0,37.0,9.9,2.5,4.9,81.8,4.9,"","","","","",""
"A1103","Los Angeles","Los Angeles","https://www.californiahealthmaps.org?address=A1103","Female","AllSite",173145,368.0,336.7,401.8,16565,449.4,365.5,568.5,"","","","",142965,358.3,320.1,400.4,"","","","",2,69329,0.0,24.0,37.0,9.9,2.5,4.9,81.8,4.9,"","","","","",""
"A1103","Los Angeles","Los Angeles","https://www.californiahealthmaps.org?address=A1103","Male","Prostate",173500,102.8,84.6,124.3,16755,73.9,45.2,136.9,"","","","",143890,107.5,83.7,137.0,"","","","",2,69329,0.0,24.0,37.0,9.9,2.5,4.9,81.8,4.9,"","","","","",""
"A1103","Los Angeles","Los Angeles","https://www.californiahealthmaps.org?address=A1103","Female","Breast",173145,99.1,83.4,117.2,16565,120.0,81.4,200.4,"","","","",142965,97.4,78.3,120.4,"","","","",2,69329,0.0,24.0,37.0,9.9,2.5,4.9,81.8,4.9,"","","","","",""
"A1103","Los Angeles","Los Angeles","https://www.californiahealthmaps.org?address=A1103","Male","Lung",173500,41.9,29.9,57.4,16755,"","","","","","","",143890,42.4,27.2,64.1,"","","","",2,69329,0.0,24.0,37.0,9.9,2.5,4.9,81.8,4.9,"","","","","",""
"A1103","Los Angeles","Los Angeles","https://www.californiahealthmaps.org?address=A1103","Female","Lung",173145,37.6,27.7,50.2,16565,64.5,39.8,135.4,"","","","",142965,26.6,16.4,41.3,"","","","",2,69329,0.0,24.0,37.0,9.9,2.5,4.9,81.8,4.9,"","","","","",""
"A1103","Los Angeles","Los Angeles","https://www.californiahealthmaps.org?address=A1103","Male","CRC",173500,43.4,32.2,57.8,16755,"","","","","","","",143890,44.1,30.2,63.9,"","","","",2,69329,0.0,24.0,37.0,9.9,2.5,4.9,81.8,4.9,"","","","","",""
"A1103","Los Angeles","Los Angeles","https://www.californiahealthmaps.org?address=A1103","Female","CRC",173145,25.2,17.5,35.4,16565,"","","","","","","",142965,26.3,16.7,40.2,"","","","",2,69329,0.0,24.0,37.0,9.9,2.5,4.9,81.8,4.9,"","","","","",""
"A1103","Los Angeles","Los Angeles","https://www.californiahealthmaps.org?address=A1103","Male","Mela",173500,"","","",16755,"","","","","","","",143890,"","","","","","","",2,69329,0.0,24.0,37.0,9.9,2.5,4.9,81.8,4.9,"","","","","",""
"A1103","Los Angeles","Los Angeles","https://www.californiahealthmaps.org?address=A1103","Female","Mela",173145,"","","",16565,"","","","","","","",142965,"","","","","","","",2,69329,0.0,24.0,37.0,9.9,2.5,4.9,81.8,4.9,"","","","","",""
"A1103","Los Angeles","Los Angeles","https://www.californiahealthmaps.org?address=A1103","Female","Uterine",173145,27.6,19.6,38.1,16565,"","","","","","","",142965,26.4,16.9,40.0,"","","","",2,69329,0.0,24.0,37.0,9.9,2.5,4.9,81.8,4.9,"","","","","",""
"A1103","Los Angeles","Los Angeles","https://www.californiahealthmaps.org?address=A1103","Male","Lymph",173500,22.1,13.8,34.0,16755,"","","","","","","",143890,19.5,10.3,35.4,"","","","",2,69329,0.0,24.0,37.0,9.9,2.5,4.9,81.8,4.9,"","","","","",""
"A1103","Los Angeles","Los Angeles","https://www.californiahealthmaps.org?address=A1103","Female","Lymph",173145,16.8,10.7,25.5,16565,"","","","","","","",142965,"","","","","","","",2,69329,0.0,24.0,37.0,9.9,2.5,4.9,81.8,4.9,"","","","","",""
"A1103","Los Angeles","Los Angeles","https://www.californiahealthmaps.org?address=A1103","Male","Urinary",173500,"","","",16755,"","","","","","","",143890,"","","","","","","",2,69329,0.0,24.0,37.0,9.9,2.5,4.9,81.8,4.9,"","","","","",""
"A1103","Los Angeles","Los Angeles","https://www.californiahealthmaps.org?address=A1103","Female","Urinary",173145,"","","",16565,"","","","","","","",142965,"","","","","","","",2,69329,0.0,24.0,37.0,9.9,2.5,4.9,81.8,4.9,"","","","","",""
"A1103","Los Angeles","Los Angeles","https://www.californiahealthmaps.org?address=A1103","Male","Kidney",173500,22.9,14.8,34.5,16755,"","","","","","","",143890,25.5,15.0,42.1,"","","","",2,69329,0.0,24.0,37.0,9.9,2.5,4.9,81.8,4.9,"","","","","",""
"A1103","Los Angeles","Los Angeles","https://www.californiahealthmaps.org?address=A1103","Female","Kidney",173145,"","","",16565,"","","","","","","",142965,"","","","","","","",2,69329,0.0,24.0,37.0,9.9,2.5,4.9,81.8,4.9,"","","","","",""
"A1103","Los Angeles","Los Angeles","https://www.californiahealthmaps.org?address=A1103","Male","Thyroid",173500,"","","",16755,"","","","","","","",143890,"","","","","","","",2,69329,0.0,24.0,37.0,9.9,2.5,4.9,81.8,4.9,"","","","","",""
"A1103","Los Angeles","Los Angeles","https://www.californiahealthmaps.org?address=A1103","Female","Thyroid",173145,26.2,18.8,36.1,16565,"","","","","","","",142965,30.0,20.4,43.6,"","","","",2,69329,0.0,24.0,37.0,9.9,2.5,4.9,81.8,4.9,"","","","","",""
"A1103","Los Angeles","Los Angeles","https://www.californiahealthmaps.org?address=A1103","Male","Liver",173500,25.1,16.8,36.8,16755,"","","","","","","",143890,28.6,17.5,45.9,"","","","",2,69329,0.0,24.0,37.0,9.9,2.5,4.9,81.8,4.9,"","","","","",""
"A1103","Los Angeles","Los Angeles","https://www.californiahealthmaps.org?address=A1103","Female","Liver",173145,"","","",16565,"","","","","","","",142965,"","","","","","","",2,69329,0.0,24.0,37.0,9.9,2.5,4.9,81.8,4.9,"","","","","",""
"A1103","Los Angeles","Los Angeles","https://www.californiahealthmaps.org?address=A1103","Male","Pancreas",173500,"","","",16755,"","","","","","","",143890,"","","","","","","",2,69329,0.0,24.0,37.0,9.9,2.5,4.9,81.8,4.9,"","","","","",""
"A1103","Los Angeles","Los Angeles","https://www.californiahealthmaps.org?address=A1103","Female","Pancreas",173145,13.1,7.4,21.5,16565,"","","","","","","",142965,"","","","","","","",2,69329,0.0,24.0,37.0,9.9,2.5,4.9,81.8,4.9,"","","","","",""
"A1103","Los Angeles","Los Angeles","https://www.californiahealthmaps.org?address=A1103","Both","AllSite",346645,382.7,358.7,408.0,33320,440.6,382.8,512.0,"","","","",286855,370.1,340.5,401.9,13375,340.5,249.4,460.1,2,69329,0.0,24.0,37.0,9.9,2.5,4.9,81.8,4.9,"","","","","",""
"A1103","Los Angeles","Los Angeles","https://www.californiahealthmaps.org?address=A1103","Both","Lung",346645,39.5,31.7,48.8,33320,51.4,35.1,84.5,"","","","",286855,33.6,24.5,45.2,13375,"","","",2,69329,0.0,24.0,37.0,9.9,2.5,4.9,81.8,4.9,"","","","","",""
"A1103","Los Angeles","Los Angeles","https://www.californiahealthmaps.org?address=A1103","Both","CRC",346645,34.1,27.2,42.3,33320,36.2,22.5,67.6,"","","","",286855,34.6,26.1,45.4,13375,"","","",2,69329,0.0,24.0,37.0,9.9,2.5,4.9,81.8,4.9,"","","","","",""
"A1103","Los Angeles","Los Angeles","https://www.californiahealthmaps.org?address=A1103","Both","Mela",346645,9.8,6.2,15.0,33320,33.3,17.8,67.4,"","","","",286855,"","","",13375,"","","",2,69329,0.0,24.0,37.0,9.9,2.5,4.9,81.8,4.9,"","","","","",""
"A1103","Los Angeles","Los Angeles","https://www.californiahealthmaps.org?address=A1103","Both","Lymph",346645,19.1,13.9,25.7,33320,"","","","","","","",286855,17.4,11.2,26.0,13375,"","","",2,69329,0.0,24.0,37.0,9.9,2.5,4.9,81.8,4.9,"","","","","",""
"A1103","Los Angeles","Los Angeles","https://www.californiahealthmaps.org?address=A1103","Both","Urinary",346645,6.8,3.9,11.2,33320,"","","","","","","",286855,"","","",13375,"","","",2,69329,0.0,24.0,37.0,9.9,2.5,4.9,81.8,4.9,"","","","","",""
"A1103","Los Angeles","Los Angeles","https://www.californiahealthmaps.org?address=A1103","Both","Kidney",346645,15.7,11.1,21.7,33320,"","","","","","","",286855,17.7,11.8,25.9,13375,"","","",2,69329,0.0,24.0,37.0,9.9,2.5,4.9,81.8,4.9,"","","","","",""
"A1103","Los Angeles","Los Angeles","https://www.californiahealthmaps.org?address=A1103","Both","Thyroid",346645,15.7,11.5,21.2,33320,"","","","","","","",286855,17.8,12.4,25.5,13375,"","","",2,69329,0.0,24.0,37.0,9.9,2.5,4.9,81.8,4.9,"","","","","",""
"A1103","Los Angeles","Los Angeles","https://www.californiahealthmaps.org?address=A1103","Both","Liver",346645,16.4,11.7,22.5,33320,"","","","","","","",286855,16.4,10.5,24.7,13375,"","","",2,69329,0.0,24.0,37.0,9.9,2.5,4.9,81.8,4.9,"","","","","",""
"A1103","Los Angeles","Los Angeles","https://www.californiahealthmaps.org?address=A1103","Both","Pancreas",346645,12.6,8.4,18.2,33320,"","","","","","","",286855,11.1,6.3,18.5,13375,"","","",2,69329,0.0,24.0,37.0,9.9,2.5,4.9,81.8,4.9,"","","","","",""
