"Zone","Counties","Cities","URL","Sex","Cancer","PopTot","AAIR","LCI","UCI","White_PopTot","White_AAIR","White_LCI","White_UCI","Black_PopTot","Black_AAIR","Black_LCI","Black_UCI","Hispanic_PopTot","Hispanic_AAIR","Hispanic_LCI","Hispanic_UCI","Asian_PopTot","Asian_AAIR","Asian_LCI","Asian_UCI","QNSES","PopAll","PerRural","PerUninsured","PerForeignBorn","PerWhite","PerBlack","PerAsian","PerHispanic"
"A0305","Los Angeles","Santa Fe Springs","https://www.californiahealthmaps.org?address=A0305","Male","AllSite",154875,458.6,419.9,500.2,14520,479.1,387.6,600.7,"","","","",133715,447.8,403.2,496.4,"","","","",2,62378,0.0,24.4,29.4,9.2,0.8,2.3,86.8
"A0305","Los Angeles","Santa Fe Springs","https://www.californiahealthmaps.org?address=A0305","Female","AllSite",157015,403.3,371.5,437.3,15000,414.4,335.2,524.4,"","","","",135310,394.7,358.9,433.3,"","","","",2,62378,0.0,24.4,29.4,9.2,0.8,2.3,86.8
"A0305","Los Angeles","Santa Fe Springs","https://www.californiahealthmaps.org?address=A0305","Male","Prostate",154875,114.6,95.6,136.5,14520,"","","","","","","",133715,127.1,103.8,154.5,"","","","",2,62378,0.0,24.4,29.4,9.2,0.8,2.3,86.8
"A0305","Los Angeles","Santa Fe Springs","https://www.californiahealthmaps.org?address=A0305","Female","Breast",157015,112.1,95.5,130.9,15000,124.5,82.6,202.3,"","","","",135310,106.2,88.1,127.2,"","","","",2,62378,0.0,24.4,29.4,9.2,0.8,2.3,86.8
"A0305","Los Angeles","Santa Fe Springs","https://www.californiahealthmaps.org?address=A0305","Male","Lung",154875,41.1,29.6,55.8,14520,72.7,41.0,141.5,"","","","",133715,27.6,16.9,42.9,"","","","",2,62378,0.0,24.4,29.4,9.2,0.8,2.3,86.8
"A0305","Los Angeles","Santa Fe Springs","https://www.californiahealthmaps.org?address=A0305","Female","Lung",157015,32.1,23.4,43.2,15000,64.9,37.7,131.3,"","","","",135310,23.3,15.0,34.7,"","","","",2,62378,0.0,24.4,29.4,9.2,0.8,2.3,86.8
"A0305","Los Angeles","Santa Fe Springs","https://www.californiahealthmaps.org?address=A0305","Male","CRC",154875,66.5,52.3,83.7,14520,"","","","","","","",133715,70.1,53.1,91.3,"","","","",2,62378,0.0,24.4,29.4,9.2,0.8,2.3,86.8
"A0305","Los Angeles","Santa Fe Springs","https://www.californiahealthmaps.org?address=A0305","Female","CRC",157015,30.2,22.0,40.6,15000,"","","","","","","",135310,29.6,20.4,41.9,"","","","",2,62378,0.0,24.4,29.4,9.2,0.8,2.3,86.8
"A0305","Los Angeles","Santa Fe Springs","https://www.californiahealthmaps.org?address=A0305","Male","Mela",154875,13.7,7.9,22.7,14520,"","","","","","","",133715,"","","","","","","",2,62378,0.0,24.4,29.4,9.2,0.8,2.3,86.8
"A0305","Los Angeles","Santa Fe Springs","https://www.californiahealthmaps.org?address=A0305","Female","Mela",157015,4.6,1.8,9.9,15000,"","","","","","","",135310,"","","","","","","",2,62378,0.0,24.4,29.4,9.2,0.8,2.3,86.8
"A0305","Los Angeles","Santa Fe Springs","https://www.californiahealthmaps.org?address=A0305","Female","Uterine",157015,36.6,27.6,47.8,15000,"","","","","","","",135310,40.6,29.9,54.2,"","","","",2,62378,0.0,24.4,29.4,9.2,0.8,2.3,86.8
"A0305","Los Angeles","Santa Fe Springs","https://www.californiahealthmaps.org?address=A0305","Male","Lymph",154875,18.8,11.9,28.8,14520,"","","","","","","",133715,18.3,10.4,30.5,"","","","",2,62378,0.0,24.4,29.4,9.2,0.8,2.3,86.8
"A0305","Los Angeles","Santa Fe Springs","https://www.californiahealthmaps.org?address=A0305","Female","Lymph",157015,18.5,12.2,27.1,15000,"","","","","","","",135310,21.4,13.6,32.3,"","","","",2,62378,0.0,24.4,29.4,9.2,0.8,2.3,86.8
"A0305","Los Angeles","Santa Fe Springs","https://www.californiahealthmaps.org?address=A0305","Male","Urinary",154875,6.3,2.5,13.6,14520,"","","","","","","",133715,"","","","","","","",2,62378,0.0,24.4,29.4,9.2,0.8,2.3,86.8
"A0305","Los Angeles","Santa Fe Springs","https://www.californiahealthmaps.org?address=A0305","Female","Urinary",157015,5.3,2.1,11.1,15000,"","","","","","","",135310,"","","","","","","",2,62378,0.0,24.4,29.4,9.2,0.8,2.3,86.8
"A0305","Los Angeles","Santa Fe Springs","https://www.californiahealthmaps.org?address=A0305","Male","Kidney",154875,29.7,20.7,41.8,14520,"","","","","","","",133715,25.3,15.5,39.4,"","","","",2,62378,0.0,24.4,29.4,9.2,0.8,2.3,86.8
"A0305","Los Angeles","Santa Fe Springs","https://www.californiahealthmaps.org?address=A0305","Female","Kidney",157015,22.7,15.7,32.1,15000,"","","","","","","",135310,25.7,17.1,37.3,"","","","",2,62378,0.0,24.4,29.4,9.2,0.8,2.3,86.8
"A0305","Los Angeles","Santa Fe Springs","https://www.californiahealthmaps.org?address=A0305","Male","Thyroid",154875,7.7,3.6,14.9,14520,"","","","","","","",133715,"","","","","","","",2,62378,0.0,24.4,29.4,9.2,0.8,2.3,86.8
"A0305","Los Angeles","Santa Fe Springs","https://www.californiahealthmaps.org?address=A0305","Female","Thyroid",157015,25.0,17.6,34.6,15000,"","","","","","","",135310,24.9,17.0,35.7,"","","","",2,62378,0.0,24.4,29.4,9.2,0.8,2.3,86.8
"A0305","Los Angeles","Santa Fe Springs","https://www.californiahealthmaps.org?address=A0305","Both","AllSite",311890,422.4,398.0,448.1,29520,443.8,383.1,518.0,"","","","",269025,411.6,383.9,441.0,"","","","",2,62378,0.0,24.4,29.4,9.2,0.8,2.3,86.8
"A0305","Los Angeles","Santa Fe Springs","https://www.californiahealthmaps.org?address=A0305","Both","Lung",311890,35.7,28.6,44.1,29520,67.5,46.2,104.5,"","","","",269025,24.8,18.0,33.3,"","","","",2,62378,0.0,24.4,29.4,9.2,0.8,2.3,86.8
"A0305","Los Angeles","Santa Fe Springs","https://www.californiahealthmaps.org?address=A0305","Both","CRC",311890,46.2,38.3,55.3,29520,41.0,24.2,74.9,"","","","",269025,46.9,37.8,57.8,"","","","",2,62378,0.0,24.4,29.4,9.2,0.8,2.3,86.8
"A0305","Los Angeles","Santa Fe Springs","https://www.californiahealthmaps.org?address=A0305","Both","Mela",311890,8.6,5.4,12.9,29520,30.9,15.9,63.9,"","","","",269025,"","","","","","","",2,62378,0.0,24.4,29.4,9.2,0.8,2.3,86.8
"A0305","Los Angeles","Santa Fe Springs","https://www.californiahealthmaps.org?address=A0305","Both","Lymph",311890,18.6,13.8,24.7,29520,"","","","","","","",269025,20.1,14.3,27.6,"","","","",2,62378,0.0,24.4,29.4,9.2,0.8,2.3,86.8
"A0305","Los Angeles","Santa Fe Springs","https://www.californiahealthmaps.org?address=A0305","Both","Urinary",311890,5.8,3.1,9.8,29520,"","","","","","","",269025,"","","","","","","",2,62378,0.0,24.4,29.4,9.2,0.8,2.3,86.8
"A0305","Los Angeles","Santa Fe Springs","https://www.californiahealthmaps.org?address=A0305","Both","Kidney",311890,25.8,20.1,32.9,29520,"","","","","","","",269025,25.2,18.6,33.5,"","","","",2,62378,0.0,24.4,29.4,9.2,0.8,2.3,86.8
"A0305","Los Angeles","Santa Fe Springs","https://www.californiahealthmaps.org?address=A0305","Both","Thyroid",311890,16.4,12.1,22.0,29520,"","","","","","","",269025,16.7,11.9,23.1,"","","","",2,62378,0.0,24.4,29.4,9.2,0.8,2.3,86.8
