"Zone","Counties","Cities","URL","Sex","Cancer","PopTot","AAIR","LCI","UCI","White_PopTot","White_AAIR","White_LCI","White_UCI","Black_PopTot","Black_AAIR","Black_LCI","Black_UCI","Hispanic_PopTot","Hispanic_AAIR","Hispanic_LCI","Hispanic_UCI","Asian_PopTot","Asian_AAIR","Asian_LCI","Asian_UCI","QNSES","PopAll","PerRural","PerUninsured","PerForeignBorn","PerWhite","PerBlack","PerAsian","PerHispanic","PerAPI","PerDocvisit","PerFOBT","PerMammo","PerMenPrev","PerPap","PerWomenPrev"
"A0736","Los Angeles","Santa Clarita","https://www.californiahealthmaps.org?address=A0736","Male","AllSite",144615,515.2,472.0,561.8,89775,531.9,480.8,587.5,"","","","",28240,489.6,361.9,661.1,17780,380.0,272.5,523.7,5,59224,7.0,9.3,18.9,59.4,1.6,13.0,21.6,13.0,"","","","","",""
"A0736","Los Angeles","Santa Clarita","https://www.californiahealthmaps.org?address=A0736","Female","AllSite",151505,466.6,432.0,503.5,90725,473.1,431.2,518.6,"","","","",31215,515.1,418.7,628.6,20720,386.5,297.6,500.8,5,59224,7.0,9.3,18.9,59.4,1.6,13.0,21.6,13.0,"","","","","",""
"A0736","Los Angeles","Santa Clarita","https://www.californiahealthmaps.org?address=A0736","Male","Prostate",144615,130.3,109.4,154.7,89775,119.0,96.3,146.2,"","","","",28240,153.5,84.5,271.5,17780,"","","",5,59224,7.0,9.3,18.9,59.4,1.6,13.0,21.6,13.0,"","","","","",""
"A0736","Los Angeles","Santa Clarita","https://www.californiahealthmaps.org?address=A0736","Female","Breast",151505,165.2,145.2,187.6,90725,181.2,156.0,210.1,"","","","",31215,135.1,89.2,198.4,20720,113.3,71.8,180.9,5,59224,7.0,9.3,18.9,59.4,1.6,13.0,21.6,13.0,"","","","","",""
"A0736","Los Angeles","Santa Clarita","https://www.californiahealthmaps.org?address=A0736","Male","Lung",144615,44.6,31.9,61.3,89775,53.2,37.1,74.4,"","","","",28240,"","","",17780,"","","",5,59224,7.0,9.3,18.9,59.4,1.6,13.0,21.6,13.0,"","","","","",""
"A0736","Los Angeles","Santa Clarita","https://www.californiahealthmaps.org?address=A0736","Female","Lung",151505,36.5,27.1,48.5,90725,36.4,25.7,51.0,"","","","",31215,"","","",20720,"","","",5,59224,7.0,9.3,18.9,59.4,1.6,13.0,21.6,13.0,"","","","","",""
"A0736","Los Angeles","Santa Clarita","https://www.californiahealthmaps.org?address=A0736","Male","CRC",144615,45.3,33.2,61.0,89775,42.8,29.2,61.2,"","","","",28240,"","","",17780,"","","",5,59224,7.0,9.3,18.9,59.4,1.6,13.0,21.6,13.0,"","","","","",""
"A0736","Los Angeles","Santa Clarita","https://www.californiahealthmaps.org?address=A0736","Female","CRC",151505,31.8,23.0,43.1,90725,30.4,20.0,44.9,"","","","",31215,"","","",20720,"","","",5,59224,7.0,9.3,18.9,59.4,1.6,13.0,21.6,13.0,"","","","","",""
"A0736","Los Angeles","Santa Clarita","https://www.californiahealthmaps.org?address=A0736","Male","Mela",144615,41.5,30.0,56.6,89775,52.7,37.5,72.6,"","","","",28240,"","","",17780,"","","",5,59224,7.0,9.3,18.9,59.4,1.6,13.0,21.6,13.0,"","","","","",""
"A0736","Los Angeles","Santa Clarita","https://www.californiahealthmaps.org?address=A0736","Female","Mela",151505,24.7,17.2,34.8,90725,34.0,23.2,49.0,"","","","",31215,"","","",20720,"","","",5,59224,7.0,9.3,18.9,59.4,1.6,13.0,21.6,13.0,"","","","","",""
"A0736","Los Angeles","Santa Clarita","https://www.californiahealthmaps.org?address=A0736","Female","Uterine",151505,32.4,24.2,43.0,90725,34.3,24.4,48.1,"","","","",31215,"","","",20720,"","","",5,59224,7.0,9.3,18.9,59.4,1.6,13.0,21.6,13.0,"","","","","",""
"A0736","Los Angeles","Santa Clarita","https://www.californiahealthmaps.org?address=A0736","Male","Lymph",144615,25.6,17.2,37.6,89775,24.4,14.9,38.6,"","","","",28240,"","","",17780,"","","",5,59224,7.0,9.3,18.9,59.4,1.6,13.0,21.6,13.0,"","","","","",""
"A0736","Los Angeles","Santa Clarita","https://www.californiahealthmaps.org?address=A0736","Female","Lymph",151505,15.1,9.3,23.6,90725,"","","","","","","",31215,"","","",20720,"","","",5,59224,7.0,9.3,18.9,59.4,1.6,13.0,21.6,13.0,"","","","","",""
"A0736","Los Angeles","Santa Clarita","https://www.californiahealthmaps.org?address=A0736","Male","Urinary",144615,34.3,22.8,49.9,89775,38.3,24.4,57.6,"","","","",28240,"","","",17780,"","","",5,59224,7.0,9.3,18.9,59.4,1.6,13.0,21.6,13.0,"","","","","",""
"A0736","Los Angeles","Santa Clarita","https://www.californiahealthmaps.org?address=A0736","Female","Urinary",151505,"","","",90725,"","","","","","","",31215,"","","",20720,"","","",5,59224,7.0,9.3,18.9,59.4,1.6,13.0,21.6,13.0,"","","","","",""
"A0736","Los Angeles","Santa Clarita","https://www.californiahealthmaps.org?address=A0736","Male","Kidney",144615,16.0,9.3,26.5,89775,15.0,8.1,26.8,"","","","",28240,"","","",17780,"","","",5,59224,7.0,9.3,18.9,59.4,1.6,13.0,21.6,13.0,"","","","","",""
"A0736","Los Angeles","Santa Clarita","https://www.californiahealthmaps.org?address=A0736","Female","Kidney",151505,"","","",90725,"","","","","","","",31215,"","","",20720,"","","",5,59224,7.0,9.3,18.9,59.4,1.6,13.0,21.6,13.0,"","","","","",""
"A0736","Los Angeles","Santa Clarita","https://www.californiahealthmaps.org?address=A0736","Male","Thyroid",144615,14.7,9.1,23.8,89775,15.7,8.9,27.3,"","","","",28240,"","","",17780,"","","",5,59224,7.0,9.3,18.9,59.4,1.6,13.0,21.6,13.0,"","","","","",""
"A0736","Los Angeles","Santa Clarita","https://www.californiahealthmaps.org?address=A0736","Female","Thyroid",151505,25.6,18.4,35.3,90725,25.4,16.1,39.0,"","","","",31215,"","","",20720,"","","",5,59224,7.0,9.3,18.9,59.4,1.6,13.0,21.6,13.0,"","","","","",""
"A0736","Los Angeles","Santa Clarita","https://www.californiahealthmaps.org?address=A0736","Male","Liver",144615,14.6,8.0,25.1,89775,"","","","","","","",28240,"","","",17780,"","","",5,59224,7.0,9.3,18.9,59.4,1.6,13.0,21.6,13.0,"","","","","",""
"A0736","Los Angeles","Santa Clarita","https://www.californiahealthmaps.org?address=A0736","Female","Liver",151505,"","","",90725,"","","","","","","",31215,"","","",20720,"","","",5,59224,7.0,9.3,18.9,59.4,1.6,13.0,21.6,13.0,"","","","","",""
"A0736","Los Angeles","Santa Clarita","https://www.californiahealthmaps.org?address=A0736","Male","Pancreas",144615,17.4,9.8,29.0,89775,18.4,9.8,32.2,"","","","",28240,"","","",17780,"","","",5,59224,7.0,9.3,18.9,59.4,1.6,13.0,21.6,13.0,"","","","","",""
"A0736","Los Angeles","Santa Clarita","https://www.californiahealthmaps.org?address=A0736","Female","Pancreas",151505,"","","",90725,"","","","","","","",31215,"","","",20720,"","","",5,59224,7.0,9.3,18.9,59.4,1.6,13.0,21.6,13.0,"","","","","",""
"A0736","Los Angeles","Santa Clarita","https://www.californiahealthmaps.org?address=A0736","Both","AllSite",296120,481.4,454.8,509.4,180500,490.5,458.7,524.2,"","","","",59455,504.5,426.8,593.6,38500,378.7,309.6,461.6,5,59224,7.0,9.3,18.9,59.4,1.6,13.0,21.6,13.0,"","","","","",""
"A0736","Los Angeles","Santa Clarita","https://www.californiahealthmaps.org?address=A0736","Both","Lung",296120,39.4,31.8,48.6,180500,42.8,33.6,54.0,"","","","",59455,"","","",38500,"","","",5,59224,7.0,9.3,18.9,59.4,1.6,13.0,21.6,13.0,"","","","","",""
"A0736","Los Angeles","Santa Clarita","https://www.californiahealthmaps.org?address=A0736","Both","CRC",296120,37.2,30.0,45.9,180500,35.0,26.8,45.3,"","","","",59455,44.2,24.4,76.1,38500,"","","",5,59224,7.0,9.3,18.9,59.4,1.6,13.0,21.6,13.0,"","","","","",""
"A0736","Los Angeles","Santa Clarita","https://www.californiahealthmaps.org?address=A0736","Both","Mela",296120,32.1,25.5,40.2,180500,42.2,33.1,53.3,"","","","",59455,"","","",38500,"","","",5,59224,7.0,9.3,18.9,59.4,1.6,13.0,21.6,13.0,"","","","","",""
"A0736","Los Angeles","Santa Clarita","https://www.californiahealthmaps.org?address=A0736","Both","Lymph",296120,20.1,15.0,26.7,180500,18.4,12.6,26.2,"","","","",59455,"","","",38500,"","","",5,59224,7.0,9.3,18.9,59.4,1.6,13.0,21.6,13.0,"","","","","",""
"A0736","Los Angeles","Santa Clarita","https://www.californiahealthmaps.org?address=A0736","Both","Urinary",296120,16.3,11.5,22.7,180500,17.1,11.4,24.8,"","","","",59455,"","","",38500,"","","",5,59224,7.0,9.3,18.9,59.4,1.6,13.0,21.6,13.0,"","","","","",""
"A0736","Los Angeles","Santa Clarita","https://www.californiahealthmaps.org?address=A0736","Both","Kidney",296120,12.0,8.1,17.4,180500,9.1,5.4,14.9,"","","","",59455,"","","",38500,"","","",5,59224,7.0,9.3,18.9,59.4,1.6,13.0,21.6,13.0,"","","","","",""
"A0736","Los Angeles","Santa Clarita","https://www.californiahealthmaps.org?address=A0736","Both","Thyroid",296120,20.5,15.7,26.6,180500,20.7,14.7,28.8,"","","","",59455,"","","",38500,"","","",5,59224,7.0,9.3,18.9,59.4,1.6,13.0,21.6,13.0,"","","","","",""
"A0736","Los Angeles","Santa Clarita","https://www.californiahealthmaps.org?address=A0736","Both","Liver",296120,9.8,6.2,14.9,180500,"","","","","","","",59455,"","","",38500,"","","",5,59224,7.0,9.3,18.9,59.4,1.6,13.0,21.6,13.0,"","","","","",""
"A0736","Los Angeles","Santa Clarita","https://www.californiahealthmaps.org?address=A0736","Both","Pancreas",296120,12.3,8.3,17.8,180500,10.7,6.5,16.9,"","","","",59455,"","","",38500,"","","",5,59224,7.0,9.3,18.9,59.4,1.6,13.0,21.6,13.0,"","","","","",""
