"Zone","Counties","Cities","URL","Sex","Cancer","PopTot","AAIR","LCI","UCI","White_PopTot","White_AAIR","White_LCI","White_UCI","Black_PopTot","Black_AAIR","Black_LCI","Black_UCI","Hispanic_PopTot","Hispanic_AAIR","Hispanic_LCI","Hispanic_UCI","Asian_PopTot","Asian_AAIR","Asian_LCI","Asian_UCI","QNSES","PopAll","PerRural","PerUninsured","PerForeignBorn","PerWhite","PerBlack","PerAsian","PerHispanic"
"A0507","Los Angeles","","https://www.californiahealthmaps.org?address=A0507","Male","AllSite",161330,447.0,409.6,487.5,"","","","","","","","",134825,419.2,376.0,466.9,14260,448.8,342.4,586.6,2,65030,0.0,25.4,40.1,5.5,0.9,8.7,84.3
"A0507","Los Angeles","","https://www.californiahealthmaps.org?address=A0507","Female","AllSite",163820,400.0,368.9,433.2,"","","","","","","","",135870,385.7,350.1,424.5,15005,450.8,357.1,571.7,2,65030,0.0,25.4,40.1,5.5,0.9,8.7,84.3
"A0507","Los Angeles","","https://www.californiahealthmaps.org?address=A0507","Male","Prostate",161330,108.3,90.4,129.1,"","","","","","","","",134825,108.9,87.9,134.5,14260,"","","",2,65030,0.0,25.4,40.1,5.5,0.9,8.7,84.3
"A0507","Los Angeles","","https://www.californiahealthmaps.org?address=A0507","Female","Breast",163820,109.7,93.8,127.9,"","","","","","","","",135870,105.0,87.0,126.1,15005,103.4,61.3,176.7,2,65030,0.0,25.4,40.1,5.5,0.9,8.7,84.3
"A0507","Los Angeles","","https://www.californiahealthmaps.org?address=A0507","Male","Lung",161330,42.0,30.4,57.0,"","","","","","","","",134825,35.4,22.3,54.0,14260,"","","",2,65030,0.0,25.4,40.1,5.5,0.9,8.7,84.3
"A0507","Los Angeles","","https://www.californiahealthmaps.org?address=A0507","Female","Lung",163820,25.1,17.7,34.7,"","","","","","","","",135870,20.9,13.0,32.5,15005,"","","",2,65030,0.0,25.4,40.1,5.5,0.9,8.7,84.3
"A0507","Los Angeles","","https://www.californiahealthmaps.org?address=A0507","Male","CRC",161330,54.3,41.4,70.5,"","","","","","","","",134825,49.7,34.9,69.5,14260,"","","",2,65030,0.0,25.4,40.1,5.5,0.9,8.7,84.3
"A0507","Los Angeles","","https://www.californiahealthmaps.org?address=A0507","Female","CRC",163820,30.5,22.5,40.8,"","","","","","","","",135870,26.1,17.4,38.3,15005,"","","",2,65030,0.0,25.4,40.1,5.5,0.9,8.7,84.3
"A0507","Los Angeles","","https://www.californiahealthmaps.org?address=A0507","Male","Mela",161330,5.5,2.0,12.7,"","","","","","","","",134825,"","","",14260,"","","",2,65030,0.0,25.4,40.1,5.5,0.9,8.7,84.3
"A0507","Los Angeles","","https://www.californiahealthmaps.org?address=A0507","Female","Mela",163820,8.9,4.7,15.5,"","","","","","","","",135870,"","","",15005,"","","",2,65030,0.0,25.4,40.1,5.5,0.9,8.7,84.3
"A0507","Los Angeles","","https://www.californiahealthmaps.org?address=A0507","Female","Uterine",163820,38.9,29.8,50.2,"","","","","","","","",135870,35.2,25.3,48.4,15005,"","","",2,65030,0.0,25.4,40.1,5.5,0.9,8.7,84.3
"A0507","Los Angeles","","https://www.californiahealthmaps.org?address=A0507","Male","Lymph",161330,27.7,19.0,39.7,"","","","","","","","",134825,28.1,18.0,43.1,14260,"","","",2,65030,0.0,25.4,40.1,5.5,0.9,8.7,84.3
"A0507","Los Angeles","","https://www.californiahealthmaps.org?address=A0507","Female","Lymph",163820,22.0,15.3,31.0,"","","","","","","","",135870,20.8,13.3,31.6,15005,"","","",2,65030,0.0,25.4,40.1,5.5,0.9,8.7,84.3
"A0507","Los Angeles","","https://www.californiahealthmaps.org?address=A0507","Male","Urinary",161330,9.2,4.5,17.5,"","","","","","","","",134825,"","","",14260,"","","",2,65030,0.0,25.4,40.1,5.5,0.9,8.7,84.3
"A0507","Los Angeles","","https://www.californiahealthmaps.org?address=A0507","Female","Urinary",163820,1.9,0.4,6.2,"","","","","","","","",135870,"","","",15005,"","","",2,65030,0.0,25.4,40.1,5.5,0.9,8.7,84.3
"A0507","Los Angeles","","https://www.californiahealthmaps.org?address=A0507","Male","Kidney",161330,26.8,18.6,38.1,"","","","","","","","",134825,25.5,16.1,39.8,14260,"","","",2,65030,0.0,25.4,40.1,5.5,0.9,8.7,84.3
"A0507","Los Angeles","","https://www.californiahealthmaps.org?address=A0507","Female","Kidney",163820,17.1,11.3,25.1,"","","","","","","","",135870,20.7,13.4,31.5,15005,"","","",2,65030,0.0,25.4,40.1,5.5,0.9,8.7,84.3
"A0507","Los Angeles","","https://www.californiahealthmaps.org?address=A0507","Male","Thyroid",161330,4.6,1.8,11.0,"","","","","","","","",134825,"","","",14260,"","","",2,65030,0.0,25.4,40.1,5.5,0.9,8.7,84.3
"A0507","Los Angeles","","https://www.californiahealthmaps.org?address=A0507","Female","Thyroid",163820,23.2,16.2,32.4,"","","","","","","","",135870,22.8,15.0,34.0,15005,"","","",2,65030,0.0,25.4,40.1,5.5,0.9,8.7,84.3
"A0507","Los Angeles","","https://www.californiahealthmaps.org?address=A0507","Both","AllSite",325150,415.8,392.1,440.8,17685,464.7,389.0,560.3,"","","","",270695,395.0,367.7,424.1,29265,441.7,371.8,525.2,2,65030,0.0,25.4,40.1,5.5,0.9,8.7,84.3
"A0507","Los Angeles","","https://www.californiahealthmaps.org?address=A0507","Both","Lung",325150,32.0,25.4,39.9,17685,47.2,26.7,93.0,"","","","",270695,26.6,19.3,36.1,29265,45.8,26.7,80.4,2,65030,0.0,25.4,40.1,5.5,0.9,8.7,84.3
"A0507","Los Angeles","","https://www.californiahealthmaps.org?address=A0507","Both","CRC",325150,40.6,33.3,49.1,17685,"","","","","","","",270695,36.3,28.1,46.4,29265,63.3,38.8,103.3,2,65030,0.0,25.4,40.1,5.5,0.9,8.7,84.3
"A0507","Los Angeles","","https://www.californiahealthmaps.org?address=A0507","Both","Mela",325150,7.1,4.2,11.3,17685,"","","","","","","",270695,"","","",29265,"","","",2,65030,0.0,25.4,40.1,5.5,0.9,8.7,84.3
"A0507","Los Angeles","","https://www.californiahealthmaps.org?address=A0507","Both","Lymph",325150,24.5,19.0,31.2,17685,"","","","","","","",270695,23.8,17.6,31.9,29265,"","","",2,65030,0.0,25.4,40.1,5.5,0.9,8.7,84.3
"A0507","Los Angeles","","https://www.californiahealthmaps.org?address=A0507","Both","Urinary",325150,5.1,2.7,8.8,17685,"","","","","","","",270695,"","","",29265,"","","",2,65030,0.0,25.4,40.1,5.5,0.9,8.7,84.3
"A0507","Los Angeles","","https://www.californiahealthmaps.org?address=A0507","Both","Kidney",325150,21.5,16.5,27.7,17685,"","","","","","","",270695,22.8,16.9,30.7,29265,"","","",2,65030,0.0,25.4,40.1,5.5,0.9,8.7,84.3
"A0507","Los Angeles","","https://www.californiahealthmaps.org?address=A0507","Both","Thyroid",325150,14.5,10.5,19.9,17685,"","","","","","","",270695,13.7,9.3,20.1,29265,"","","",2,65030,0.0,25.4,40.1,5.5,0.9,8.7,84.3
