"Zone","Counties","Cities","URL","Sex","Cancer","PopTot","AAIR","LCI","UCI","White_PopTot","White_AAIR","White_LCI","White_UCI","Black_PopTot","Black_AAIR","Black_LCI","Black_UCI","Hispanic_PopTot","Hispanic_AAIR","Hispanic_LCI","Hispanic_UCI","Asian_PopTot","Asian_AAIR","Asian_LCI","Asian_UCI","QNSES","PopAll","PerRural","PerUninsured","PerForeignBorn","PerWhite","PerBlack","PerAsian","PerHispanic","PerAPI","PerDocvisit","PerFOBT","PerMammo","PerMenPrev","PerPap","PerWomenPrev"
"A0499","San Mateo","San Mateo, Foster City","https://www.californiahealthmaps.org?address=A0499","Male","AllSite",161410,444.5,410.8,480.4,58545,485.6,437.4,539.5,"","","","",41940,414.2,308.0,550.3,50250,400.3,340.4,468.6,5,65107,0.0,12.2,40.8,37.1,2.3,33.5,23.4,33.5,"","","","","",""
"A0499","San Mateo","San Mateo, Foster City","https://www.californiahealthmaps.org?address=A0499","Female","AllSite",164125,459.5,428.8,492.3,60320,505.1,457.3,558.8,"","","","",36975,414.3,334.8,509.5,56080,428.5,375.8,488.7,5,65107,0.0,12.2,40.8,37.1,2.3,33.5,23.4,33.5,"","","","","",""
"A0499","San Mateo","San Mateo, Foster City","https://www.californiahealthmaps.org?address=A0499","Male","Prostate",161410,96.6,81.4,114.2,58545,100.8,80.3,127.3,"","","","",41940,"","","",50250,88.9,61.9,124.8,5,65107,0.0,12.2,40.8,37.1,2.3,33.5,23.4,33.5,"","","","","",""
"A0499","San Mateo","San Mateo, Foster City","https://www.californiahealthmaps.org?address=A0499","Female","Breast",164125,163.7,145.6,183.9,60320,169.5,142.6,202.7,"","","","",36975,109.8,72.8,162.9,56080,179.5,146.6,220.0,5,65107,0.0,12.2,40.8,37.1,2.3,33.5,23.4,33.5,"","","","","",""
"A0499","San Mateo","San Mateo, Foster City","https://www.californiahealthmaps.org?address=A0499","Male","Lung",161410,44.7,34.2,57.5,58545,41.9,28.9,61.5,"","","","",41940,"","","",50250,50.5,30.6,79.8,5,65107,0.0,12.2,40.8,37.1,2.3,33.5,23.4,33.5,"","","","","",""
"A0499","San Mateo","San Mateo, Foster City","https://www.californiahealthmaps.org?address=A0499","Female","Lung",164125,51.8,41.8,63.8,60320,63.9,49.0,85.2,"","","","",36975,"","","",56080,38.9,23.9,62.4,5,65107,0.0,12.2,40.8,37.1,2.3,33.5,23.4,33.5,"","","","","",""
"A0499","San Mateo","San Mateo, Foster City","https://www.californiahealthmaps.org?address=A0499","Male","CRC",161410,50.1,39.3,63.1,58545,54.9,39.5,76.9,"","","","",41940,"","","",50250,55.8,35.2,85.4,5,65107,0.0,12.2,40.8,37.1,2.3,33.5,23.4,33.5,"","","","","",""
"A0499","San Mateo","San Mateo, Foster City","https://www.californiahealthmaps.org?address=A0499","Female","CRC",164125,31.6,23.8,41.5,60320,37.3,24.3,57.5,"","","","",36975,"","","",56080,"","","",5,65107,0.0,12.2,40.8,37.1,2.3,33.5,23.4,33.5,"","","","","",""
"A0499","San Mateo","San Mateo, Foster City","https://www.californiahealthmaps.org?address=A0499","Male","Mela",161410,25.6,18.1,35.3,58545,43.7,30.3,63.6,"","","","",41940,"","","",50250,"","","",5,65107,0.0,12.2,40.8,37.1,2.3,33.5,23.4,33.5,"","","","","",""
"A0499","San Mateo","San Mateo, Foster City","https://www.californiahealthmaps.org?address=A0499","Female","Mela",164125,22.1,15.8,30.5,60320,41.6,28.9,61.2,"","","","",36975,"","","",56080,"","","",5,65107,0.0,12.2,40.8,37.1,2.3,33.5,23.4,33.5,"","","","","",""
"A0499","San Mateo","San Mateo, Foster City","https://www.californiahealthmaps.org?address=A0499","Female","Uterine",164125,20.1,14.2,28.2,60320,18.3,10.9,33.1,"","","","",36975,"","","",56080,"","","",5,65107,0.0,12.2,40.8,37.1,2.3,33.5,23.4,33.5,"","","","","",""
"A0499","San Mateo","San Mateo, Foster City","https://www.californiahealthmaps.org?address=A0499","Male","Lymph",161410,25.4,17.9,35.3,58545,26.4,16.2,43.5,"","","","",41940,"","","",50250,"","","",5,65107,0.0,12.2,40.8,37.1,2.3,33.5,23.4,33.5,"","","","","",""
"A0499","San Mateo","San Mateo, Foster City","https://www.californiahealthmaps.org?address=A0499","Female","Lymph",164125,16.4,11.1,24.0,60320,16.6,9.0,32.0,"","","","",36975,"","","",56080,"","","",5,65107,0.0,12.2,40.8,37.1,2.3,33.5,23.4,33.5,"","","","","",""
"A0499","San Mateo","San Mateo, Foster City","https://www.californiahealthmaps.org?address=A0499","Male","Urinary",161410,13.8,8.2,21.8,58545,"","","","","","","",41940,"","","",50250,"","","",5,65107,0.0,12.2,40.8,37.1,2.3,33.5,23.4,33.5,"","","","","",""
"A0499","San Mateo","San Mateo, Foster City","https://www.californiahealthmaps.org?address=A0499","Female","Urinary",164125,"","","",60320,"","","","","","","",36975,"","","",56080,"","","",5,65107,0.0,12.2,40.8,37.1,2.3,33.5,23.4,33.5,"","","","","",""
"A0499","San Mateo","San Mateo, Foster City","https://www.californiahealthmaps.org?address=A0499","Male","Kidney",161410,26.8,18.9,37.1,58545,33.6,21.6,52.4,"","","","",41940,"","","",50250,"","","",5,65107,0.0,12.2,40.8,37.1,2.3,33.5,23.4,33.5,"","","","","",""
"A0499","San Mateo","San Mateo, Foster City","https://www.californiahealthmaps.org?address=A0499","Female","Kidney",164125,14.0,9.2,21.1,60320,"","","","","","","",36975,"","","",56080,"","","",5,65107,0.0,12.2,40.8,37.1,2.3,33.5,23.4,33.5,"","","","","",""
"A0499","San Mateo","San Mateo, Foster City","https://www.californiahealthmaps.org?address=A0499","Male","Thyroid",161410,"","","",58545,"","","","","","","",41940,"","","",50250,"","","",5,65107,0.0,12.2,40.8,37.1,2.3,33.5,23.4,33.5,"","","","","",""
"A0499","San Mateo","San Mateo, Foster City","https://www.californiahealthmaps.org?address=A0499","Female","Thyroid",164125,19.2,13.2,27.4,60320,"","","","","","","",36975,"","","",56080,24.6,13.8,43.9,5,65107,0.0,12.2,40.8,37.1,2.3,33.5,23.4,33.5,"","","","","",""
"A0499","San Mateo","San Mateo, Foster City","https://www.californiahealthmaps.org?address=A0499","Male","Liver",161410,17.2,11.3,25.5,58545,"","","","","","","",41940,"","","",50250,"","","",5,65107,0.0,12.2,40.8,37.1,2.3,33.5,23.4,33.5,"","","","","",""
"A0499","San Mateo","San Mateo, Foster City","https://www.californiahealthmaps.org?address=A0499","Female","Liver",164125,"","","",60320,"","","","","","","",36975,"","","",56080,"","","",5,65107,0.0,12.2,40.8,37.1,2.3,33.5,23.4,33.5,"","","","","",""
"A0499","San Mateo","San Mateo, Foster City","https://www.californiahealthmaps.org?address=A0499","Male","Pancreas",161410,13.8,8.5,21.6,58545,"","","","","","","",41940,"","","",50250,"","","",5,65107,0.0,12.2,40.8,37.1,2.3,33.5,23.4,33.5,"","","","","",""
"A0499","San Mateo","San Mateo, Foster City","https://www.californiahealthmaps.org?address=A0499","Female","Pancreas",164125,14.2,9.2,21.5,60320,"","","","","","","",36975,"","","",56080,"","","",5,65107,0.0,12.2,40.8,37.1,2.3,33.5,23.4,33.5,"","","","","",""
"A0499","San Mateo","San Mateo, Foster City","https://www.californiahealthmaps.org?address=A0499","Both","AllSite",325535,444.7,422.3,468.1,118865,485.2,451.9,521.3,"","","","",78915,397.6,335.3,469.8,106330,411.9,372.3,455.2,5,65107,0.0,12.2,40.8,37.1,2.3,33.5,23.4,33.5,"","","","","",""
"A0499","San Mateo","San Mateo, Foster City","https://www.californiahealthmaps.org?address=A0499","Both","Lung",325535,48.1,40.8,56.4,118865,53.1,43.0,66.2,"","","","",78915,"","","",106330,43.3,31.0,59.8,5,65107,0.0,12.2,40.8,37.1,2.3,33.5,23.4,33.5,"","","","","",""
"A0499","San Mateo","San Mateo, Foster City","https://www.californiahealthmaps.org?address=A0499","Both","CRC",325535,39.0,32.6,46.5,118865,44.5,34.5,57.7,"","","","",78915,"","","",106330,37.1,25.9,52.3,5,65107,0.0,12.2,40.8,37.1,2.3,33.5,23.4,33.5,"","","","","",""
"A0499","San Mateo","San Mateo, Foster City","https://www.californiahealthmaps.org?address=A0499","Both","Mela",325535,23.3,18.5,29.2,118865,41.6,32.4,53.9,"","","","",78915,"","","",106330,"","","",5,65107,0.0,12.2,40.8,37.1,2.3,33.5,23.4,33.5,"","","","","",""
"A0499","San Mateo","San Mateo, Foster City","https://www.californiahealthmaps.org?address=A0499","Both","Lymph",325535,20.1,15.6,25.6,118865,19.9,13.8,29.3,"","","","",78915,"","","",106330,13.5,7.4,23.7,5,65107,0.0,12.2,40.8,37.1,2.3,33.5,23.4,33.5,"","","","","",""
"A0499","San Mateo","San Mateo, Foster City","https://www.californiahealthmaps.org?address=A0499","Both","Urinary",325535,8.0,5.3,11.9,118865,8.5,4.9,15.7,"","","","",78915,"","","",106330,"","","",5,65107,0.0,12.2,40.8,37.1,2.3,33.5,23.4,33.5,"","","","","",""
"A0499","San Mateo","San Mateo, Foster City","https://www.californiahealthmaps.org?address=A0499","Both","Kidney",325535,19.5,15.0,25.0,118865,20.3,14.0,29.9,"","","","",78915,"","","",106330,15.8,8.8,27.2,5,65107,0.0,12.2,40.8,37.1,2.3,33.5,23.4,33.5,"","","","","",""
"A0499","San Mateo","San Mateo, Foster City","https://www.californiahealthmaps.org?address=A0499","Both","Thyroid",325535,12.6,9.1,17.2,118865,12.3,6.9,21.4,"","","","",78915,"","","",106330,17.3,10.4,28.2,5,65107,0.0,12.2,40.8,37.1,2.3,33.5,23.4,33.5,"","","","","",""
"A0499","San Mateo","San Mateo, Foster City","https://www.californiahealthmaps.org?address=A0499","Both","Liver",325535,9.4,6.4,13.5,118865,8.5,4.6,16.0,"","","","",78915,"","","",106330,"","","",5,65107,0.0,12.2,40.8,37.1,2.3,33.5,23.4,33.5,"","","","","",""
"A0499","San Mateo","San Mateo, Foster City","https://www.californiahealthmaps.org?address=A0499","Both","Pancreas",325535,14.2,10.4,19.2,118865,13.5,8.4,22.2,"","","","",78915,"","","",106330,17.2,9.8,29.0,5,65107,0.0,12.2,40.8,37.1,2.3,33.5,23.4,33.5,"","","","","",""
