"Zone","Counties","Cities","URL","Sex","Cancer","PopTot","AAIR","LCI","UCI","White_PopTot","White_AAIR","White_LCI","White_UCI","Black_PopTot","Black_AAIR","Black_LCI","Black_UCI","Hispanic_PopTot","Hispanic_AAIR","Hispanic_LCI","Hispanic_UCI","Asian_PopTot","Asian_AAIR","Asian_LCI","Asian_UCI","QNSES","PopAll","PerRural","PerUninsured","PerForeignBorn","PerWhite","PerBlack","PerAsian","PerHispanic"
"A0884","San Bernardino","Hesperia","https://www.californiahealthmaps.org?address=A0884","Male","AllSite",148545,525.4,483.3,570.7,62980,559.2,504.8,618.7,"","","","",71895,459.1,377.4,560.6,"","","","",1,60084,0.2,20.0,13.8,43.4,6.2,2.2,46.4
"A0884","San Bernardino","Hesperia","https://www.californiahealthmaps.org?address=A0884","Female","AllSite",151875,429.6,395.5,466.1,64785,451.7,405.6,502.8,"","","","",72375,391.3,332.5,459.2,"","","","",1,60084,0.2,20.0,13.8,43.4,6.2,2.2,46.4
"A0884","San Bernardino","Hesperia","https://www.californiahealthmaps.org?address=A0884","Male","Prostate",148545,112.6,93.7,134.7,62980,101.5,79.9,128.4,"","","","",71895,133.5,90.7,198.2,"","","","",1,60084,0.2,20.0,13.8,43.4,6.2,2.2,46.4
"A0884","San Bernardino","Hesperia","https://www.californiahealthmaps.org?address=A0884","Female","Breast",151875,117.6,100.2,137.3,64785,120.6,97.3,149.1,"","","","",72375,120.9,89.8,161.3,"","","","",1,60084,0.2,20.0,13.8,43.4,6.2,2.2,46.4
"A0884","San Bernardino","Hesperia","https://www.californiahealthmaps.org?address=A0884","Male","Lung",148545,74.9,59.0,94.2,62980,100.4,78.2,128.0,"","","","",71895,"","","","","","","",1,60084,0.2,20.0,13.8,43.4,6.2,2.2,46.4
"A0884","San Bernardino","Hesperia","https://www.californiahealthmaps.org?address=A0884","Female","Lung",151875,50.6,39.2,64.5,64785,60.5,45.1,81.1,"","","","",72375,"","","","","","","",1,60084,0.2,20.0,13.8,43.4,6.2,2.2,46.4
"A0884","San Bernardino","Hesperia","https://www.californiahealthmaps.org?address=A0884","Male","CRC",148545,52.9,40.5,68.4,62980,56.7,40.9,78.0,"","","","",71895,"","","","","","","",1,60084,0.2,20.0,13.8,43.4,6.2,2.2,46.4
"A0884","San Bernardino","Hesperia","https://www.californiahealthmaps.org?address=A0884","Female","CRC",151875,41.5,31.3,54.3,64785,42.2,29.3,60.5,"","","","",72375,39.3,22.1,66.8,"","","","",1,60084,0.2,20.0,13.8,43.4,6.2,2.2,46.4
"A0884","San Bernardino","Hesperia","https://www.californiahealthmaps.org?address=A0884","Male","Mela",148545,20.5,12.8,31.8,62980,30.4,18.9,47.7,"","","","",71895,"","","","","","","",1,60084,0.2,20.0,13.8,43.4,6.2,2.2,46.4
"A0884","San Bernardino","Hesperia","https://www.californiahealthmaps.org?address=A0884","Female","Mela",151875,13.0,7.7,20.9,64785,21.9,12.1,37.8,"","","","",72375,"","","","","","","",1,60084,0.2,20.0,13.8,43.4,6.2,2.2,46.4
"A0884","San Bernardino","Hesperia","https://www.californiahealthmaps.org?address=A0884","Female","Uterine",151875,33.8,25.0,45.0,64785,35.6,24.0,52.7,"","","","",72375,"","","","","","","",1,60084,0.2,20.0,13.8,43.4,6.2,2.2,46.4
"A0884","San Bernardino","Hesperia","https://www.californiahealthmaps.org?address=A0884","Male","Lymph",148545,15.3,9.2,24.7,62980,"","","","","","","",71895,"","","","","","","",1,60084,0.2,20.0,13.8,43.4,6.2,2.2,46.4
"A0884","San Bernardino","Hesperia","https://www.californiahealthmaps.org?address=A0884","Female","Lymph",151875,11.7,6.5,19.5,64785,"","","","","","","",72375,"","","","","","","",1,60084,0.2,20.0,13.8,43.4,6.2,2.2,46.4
"A0884","San Bernardino","Hesperia","https://www.californiahealthmaps.org?address=A0884","Male","Urinary",148545,25.5,16.7,38.0,62980,30.2,18.6,47.7,"","","","",71895,"","","","","","","",1,60084,0.2,20.0,13.8,43.4,6.2,2.2,46.4
"A0884","San Bernardino","Hesperia","https://www.californiahealthmaps.org?address=A0884","Female","Urinary",151875,6.1,2.6,12.2,64785,"","","","","","","",72375,"","","","","","","",1,60084,0.2,20.0,13.8,43.4,6.2,2.2,46.4
"A0884","San Bernardino","Hesperia","https://www.californiahealthmaps.org?address=A0884","Male","Kidney",148545,44.5,33.0,59.3,62980,50.0,34.7,71.0,"","","","",71895,"","","","","","","",1,60084,0.2,20.0,13.8,43.4,6.2,2.2,46.4
"A0884","San Bernardino","Hesperia","https://www.californiahealthmaps.org?address=A0884","Female","Kidney",151875,15.7,9.8,24.1,64785,"","","","","","","",72375,"","","","","","","",1,60084,0.2,20.0,13.8,43.4,6.2,2.2,46.4
"A0884","San Bernardino","Hesperia","https://www.californiahealthmaps.org?address=A0884","Male","Thyroid",148545,5.8,2.0,13.4,62980,"","","","","","","",71895,"","","","","","","",1,60084,0.2,20.0,13.8,43.4,6.2,2.2,46.4
"A0884","San Bernardino","Hesperia","https://www.californiahealthmaps.org?address=A0884","Female","Thyroid",151875,21.4,14.4,30.9,64785,21.9,11.8,38.2,"","","","",72375,"","","","","","","",1,60084,0.2,20.0,13.8,43.4,6.2,2.2,46.4
"A0884","San Bernardino","Hesperia","https://www.californiahealthmaps.org?address=A0884","Both","AllSite",300420,470.0,443.4,497.9,127765,498.1,462.8,535.8,14740,603.6,463.6,778.8,144270,414.4,367.0,467.9,"","","","",1,60084,0.2,20.0,13.8,43.4,6.2,2.2,46.4
"A0884","San Bernardino","Hesperia","https://www.californiahealthmaps.org?address=A0884","Both","Lung",300420,61.2,51.6,72.2,127765,78.2,64.9,94.0,14740,"","","",144270,20.9,11.1,37.9,"","","","",1,60084,0.2,20.0,13.8,43.4,6.2,2.2,46.4
"A0884","San Bernardino","Hesperia","https://www.californiahealthmaps.org?address=A0884","Both","CRC",300420,47.2,39.1,56.7,127765,49.8,39.3,62.9,14740,"","","",144270,38.0,24.8,57.8,"","","","",1,60084,0.2,20.0,13.8,43.4,6.2,2.2,46.4
"A0884","San Bernardino","Hesperia","https://www.californiahealthmaps.org?address=A0884","Both","Mela",300420,16.1,11.5,22.1,127765,25.1,17.6,35.4,14740,"","","",144270,"","","","","","","",1,60084,0.2,20.0,13.8,43.4,6.2,2.2,46.4
"A0884","San Bernardino","Hesperia","https://www.californiahealthmaps.org?address=A0884","Both","Lymph",300420,13.6,9.4,19.1,127765,15.2,9.7,23.6,14740,"","","",144270,"","","","","","","",1,60084,0.2,20.0,13.8,43.4,6.2,2.2,46.4
"A0884","San Bernardino","Hesperia","https://www.californiahealthmaps.org?address=A0884","Both","Urinary",300420,14.7,10.2,20.6,127765,16.8,10.9,25.4,14740,"","","",144270,"","","","","","","",1,60084,0.2,20.0,13.8,43.4,6.2,2.2,46.4
"A0884","San Bernardino","Hesperia","https://www.californiahealthmaps.org?address=A0884","Both","Kidney",300420,28.8,22.6,36.4,127765,31.5,23.2,42.4,14740,"","","",144270,22.3,13.0,38.3,"","","","",1,60084,0.2,20.0,13.8,43.4,6.2,2.2,46.4
"A0884","San Bernardino","Hesperia","https://www.californiahealthmaps.org?address=A0884","Both","Thyroid",300420,13.6,9.5,19.1,127765,13.2,7.6,21.8,14740,"","","",144270,13.9,7.5,27.1,"","","","",1,60084,0.2,20.0,13.8,43.4,6.2,2.2,46.4
