"Zone","Counties","Cities","URL","Sex","Cancer","PopTot","AAIR","LCI","UCI","White_PopTot","White_AAIR","White_LCI","White_UCI","Black_PopTot","Black_AAIR","Black_LCI","Black_UCI","Hispanic_PopTot","Hispanic_AAIR","Hispanic_LCI","Hispanic_UCI","Asian_PopTot","Asian_AAIR","Asian_LCI","Asian_UCI","QNSES","PopAll","PerRural","PerUninsured","PerForeignBorn","PerWhite","PerBlack","PerAsian","PerHispanic","PerAPI","PerDocvisit","PerFOBT","PerMammo","PerMenPrev","PerPap","PerWomenPrev"
"A0664","San Bernardino","San Bernardino","https://www.californiahealthmaps.org?address=A0664","Male","AllSite",144385,477.9,443.0,515.5,83445,462.7,423.3,506.2,11035,581.1,429.2,793.7,41445,506.3,399.3,642.5,"","","","",3,57291,7.8,20.1,13.3,52.5,8.6,2.3,32.9,2.3,"","","","","",""
"A0664","San Bernardino","San Bernardino","https://www.californiahealthmaps.org?address=A0664","Female","AllSite",142070,420.4,389.1,454.1,81545,407.1,370.4,448.1,10840,627.9,437.4,890.3,39975,530.0,436.7,642.4,"","","","",3,57291,7.8,20.1,13.3,52.5,8.6,2.3,32.9,2.3,"","","","","",""
"A0664","San Bernardino","San Bernardino","https://www.californiahealthmaps.org?address=A0664","Male","Prostate",144385,128.9,111.7,148.9,83445,117.4,99.0,140.0,11035,207.3,120.5,361.5,41445,131.2,79.4,215.6,"","","","",3,57291,7.8,20.1,13.3,52.5,8.6,2.3,32.9,2.3,"","","","","",""
"A0664","San Bernardino","San Bernardino","https://www.californiahealthmaps.org?address=A0664","Female","Breast",142070,137.1,119.6,157.1,81545,127.1,107.6,150.8,10840,172.8,85.8,336.5,39975,175.4,126.6,243.4,"","","","",3,57291,7.8,20.1,13.3,52.5,8.6,2.3,32.9,2.3,"","","","","",""
"A0664","San Bernardino","San Bernardino","https://www.californiahealthmaps.org?address=A0664","Male","Lung",144385,52.3,41.1,66.3,83445,51.5,39.0,68.6,11035,"","","",41445,"","","","","","","",3,57291,7.8,20.1,13.3,52.5,8.6,2.3,32.9,2.3,"","","","","",""
"A0664","San Bernardino","San Bernardino","https://www.californiahealthmaps.org?address=A0664","Female","Lung",142070,50.4,39.8,63.5,81545,51.7,39.7,68.5,10840,"","","",39975,"","","","","","","",3,57291,7.8,20.1,13.3,52.5,8.6,2.3,32.9,2.3,"","","","","",""
"A0664","San Bernardino","San Bernardino","https://www.californiahealthmaps.org?address=A0664","Male","CRC",144385,59.9,47.9,74.9,83445,54.9,41.7,72.8,11035,"","","",41445,96.8,52.3,175.4,"","","","",3,57291,7.8,20.1,13.3,52.5,8.6,2.3,32.9,2.3,"","","","","",""
"A0664","San Bernardino","San Bernardino","https://www.californiahealthmaps.org?address=A0664","Female","CRC",142070,30.8,23.0,41.0,81545,27.2,18.4,40.9,10840,"","","",39975,"","","","","","","",3,57291,7.8,20.1,13.3,52.5,8.6,2.3,32.9,2.3,"","","","","",""
"A0664","San Bernardino","San Bernardino","https://www.californiahealthmaps.org?address=A0664","Male","Mela",144385,36.0,27.1,47.8,83445,45.7,34.1,61.9,11035,"","","",41445,"","","","","","","",3,57291,7.8,20.1,13.3,52.5,8.6,2.3,32.9,2.3,"","","","","",""
"A0664","San Bernardino","San Bernardino","https://www.californiahealthmaps.org?address=A0664","Female","Mela",142070,18.4,12.3,27.0,81545,22.3,13.9,35.9,10840,"","","",39975,"","","","","","","",3,57291,7.8,20.1,13.3,52.5,8.6,2.3,32.9,2.3,"","","","","",""
"A0664","San Bernardino","San Bernardino","https://www.californiahealthmaps.org?address=A0664","Female","Uterine",142070,30.6,22.9,40.7,81545,27.1,18.8,40.4,10840,"","","",39975,"","","","","","","",3,57291,7.8,20.1,13.3,52.5,8.6,2.3,32.9,2.3,"","","","","",""
"A0664","San Bernardino","San Bernardino","https://www.californiahealthmaps.org?address=A0664","Male","Lymph",144385,26.6,18.3,38.0,83445,26.0,16.9,40.1,11035,"","","",41445,"","","","","","","",3,57291,7.8,20.1,13.3,52.5,8.6,2.3,32.9,2.3,"","","","","",""
"A0664","San Bernardino","San Bernardino","https://www.californiahealthmaps.org?address=A0664","Female","Lymph",142070,16.6,10.8,24.9,81545,13.0,7.5,23.9,10840,"","","",39975,"","","","","","","",3,57291,7.8,20.1,13.3,52.5,8.6,2.3,32.9,2.3,"","","","","",""
"A0664","San Bernardino","San Bernardino","https://www.californiahealthmaps.org?address=A0664","Male","Urinary",144385,24.5,16.4,35.8,83445,22.5,14.1,36.1,11035,"","","",41445,"","","","","","","",3,57291,7.8,20.1,13.3,52.5,8.6,2.3,32.9,2.3,"","","","","",""
"A0664","San Bernardino","San Bernardino","https://www.californiahealthmaps.org?address=A0664","Female","Urinary",142070,"","","",81545,"","","",10840,"","","",39975,"","","","","","","",3,57291,7.8,20.1,13.3,52.5,8.6,2.3,32.9,2.3,"","","","","",""
"A0664","San Bernardino","San Bernardino","https://www.californiahealthmaps.org?address=A0664","Male","Kidney",144385,19.7,12.9,29.7,83445,20.0,12.2,32.9,11035,"","","",41445,"","","","","","","",3,57291,7.8,20.1,13.3,52.5,8.6,2.3,32.9,2.3,"","","","","",""
"A0664","San Bernardino","San Bernardino","https://www.californiahealthmaps.org?address=A0664","Female","Kidney",142070,10.6,6.1,17.8,81545,"","","",10840,"","","",39975,"","","","","","","",3,57291,7.8,20.1,13.3,52.5,8.6,2.3,32.9,2.3,"","","","","",""
"A0664","San Bernardino","San Bernardino","https://www.californiahealthmaps.org?address=A0664","Male","Thyroid",144385,"","","",83445,"","","",11035,"","","",41445,"","","","","","","",3,57291,7.8,20.1,13.3,52.5,8.6,2.3,32.9,2.3,"","","","","",""
"A0664","San Bernardino","San Bernardino","https://www.californiahealthmaps.org?address=A0664","Female","Thyroid",142070,19.9,13.4,28.9,81545,24.4,14.4,40.2,10840,"","","",39975,"","","","","","","",3,57291,7.8,20.1,13.3,52.5,8.6,2.3,32.9,2.3,"","","","","",""
"A0664","San Bernardino","San Bernardino","https://www.californiahealthmaps.org?address=A0664","Male","Liver",144385,13.2,8.6,20.8,83445,"","","",11035,"","","",41445,"","","","","","","",3,57291,7.8,20.1,13.3,52.5,8.6,2.3,32.9,2.3,"","","","","",""
"A0664","San Bernardino","San Bernardino","https://www.californiahealthmaps.org?address=A0664","Female","Liver",142070,"","","",81545,"","","",10840,"","","",39975,"","","","","","","",3,57291,7.8,20.1,13.3,52.5,8.6,2.3,32.9,2.3,"","","","","",""
"A0664","San Bernardino","San Bernardino","https://www.californiahealthmaps.org?address=A0664","Male","Pancreas",144385,10.8,6.2,18.6,83445,"","","",11035,"","","",41445,"","","","","","","",3,57291,7.8,20.1,13.3,52.5,8.6,2.3,32.9,2.3,"","","","","",""
"A0664","San Bernardino","San Bernardino","https://www.californiahealthmaps.org?address=A0664","Female","Pancreas",142070,9.7,5.4,16.6,81545,"","","",10840,"","","",39975,"","","","","","","",3,57291,7.8,20.1,13.3,52.5,8.6,2.3,32.9,2.3,"","","","","",""
"A0664","San Bernardino","San Bernardino","https://www.californiahealthmaps.org?address=A0664","Both","AllSite",286455,446.6,423.3,471.1,164990,432.7,405.9,461.5,21875,599.9,478.1,752.6,81420,510.7,440.6,591.9,"","","","",3,57291,7.8,20.1,13.3,52.5,8.6,2.3,32.9,2.3,"","","","","",""
"A0664","San Bernardino","San Bernardino","https://www.californiahealthmaps.org?address=A0664","Both","Lung",286455,51.6,43.8,60.7,164990,52.0,43.1,63.0,21875,"","","",81420,42.7,24.3,74.0,"","","","",3,57291,7.8,20.1,13.3,52.5,8.6,2.3,32.9,2.3,"","","","","",""
"A0664","San Bernardino","San Bernardino","https://www.californiahealthmaps.org?address=A0664","Both","CRC",286455,44.8,37.7,53.1,164990,40.8,32.8,51.0,21875,76.8,43.4,143.9,81420,61.6,38.2,98.0,"","","","",3,57291,7.8,20.1,13.3,52.5,8.6,2.3,32.9,2.3,"","","","","",""
"A0664","San Bernardino","San Bernardino","https://www.californiahealthmaps.org?address=A0664","Both","Mela",286455,26.9,21.4,33.5,164990,33.6,26.4,43.1,21875,"","","",81420,"","","","","","","",3,57291,7.8,20.1,13.3,52.5,8.6,2.3,32.9,2.3,"","","","","",""
"A0664","San Bernardino","San Bernardino","https://www.californiahealthmaps.org?address=A0664","Both","Lymph",286455,21.0,16.1,27.2,164990,19.0,13.8,26.6,21875,"","","",81420,"","","","","","","",3,57291,7.8,20.1,13.3,52.5,8.6,2.3,32.9,2.3,"","","","","",""
"A0664","San Bernardino","San Bernardino","https://www.californiahealthmaps.org?address=A0664","Both","Urinary",286455,15.3,11.0,21.0,164990,14.7,10.1,21.7,21875,"","","",81420,"","","","","","","",3,57291,7.8,20.1,13.3,52.5,8.6,2.3,32.9,2.3,"","","","","",""
"A0664","San Bernardino","San Bernardino","https://www.californiahealthmaps.org?address=A0664","Both","Kidney",286455,14.6,10.6,19.9,164990,14.7,10.1,21.8,21875,"","","",81420,"","","","","","","",3,57291,7.8,20.1,13.3,52.5,8.6,2.3,32.9,2.3,"","","","","",""
"A0664","San Bernardino","San Bernardino","https://www.californiahealthmaps.org?address=A0664","Both","Thyroid",286455,13.6,9.8,18.7,164990,15.9,10.3,24.3,21875,"","","",81420,"","","","","","","",3,57291,7.8,20.1,13.3,52.5,8.6,2.3,32.9,2.3,"","","","","",""
"A0664","San Bernardino","San Bernardino","https://www.californiahealthmaps.org?address=A0664","Both","Liver",286455,10.4,7.3,14.6,164990,7.1,4.3,12.3,21875,"","","",81420,"","","","","","","",3,57291,7.8,20.1,13.3,52.5,8.6,2.3,32.9,2.3,"","","","","",""
"A0664","San Bernardino","San Bernardino","https://www.californiahealthmaps.org?address=A0664","Both","Pancreas",286455,10.4,7.1,15.1,164990,9.8,6.2,16.0,21875,"","","",81420,"","","","","","","",3,57291,7.8,20.1,13.3,52.5,8.6,2.3,32.9,2.3,"","","","","",""
