"Zone","Counties","Cities","URL","Sex","Cancer","PopTot","AAIR","LCI","UCI","White_PopTot","White_AAIR","White_LCI","White_UCI","Black_PopTot","Black_AAIR","Black_LCI","Black_UCI","Hispanic_PopTot","Hispanic_AAIR","Hispanic_LCI","Hispanic_UCI","Asian_PopTot","Asian_AAIR","Asian_LCI","Asian_UCI","QNSES","PopAll","PerRural","PerUninsured","PerForeignBorn","PerWhite","PerBlack","PerAsian","PerHispanic","PerAPI","PerDocvisit","PerFOBT","PerMammo","PerMenPrev","PerPap","PerWomenPrev"
"A0676","Merced","Merced, Livingston","https://www.californiahealthmaps.org?address=A0676","Male","AllSite",216720,431.6,397.3,468.3,51890,456.2,402.5,516.1,10380,645.5,468.5,875.9,122325,374.6,323.0,433.7,26575,359.4,263.3,483.7,1,86672,8.0,18.8,26.0,25.0,4.5,12.8,55.0,12.8,"","","","","",""
"A0676","Merced","Merced, Livingston","https://www.californiahealthmaps.org?address=A0676","Female","AllSite",216640,408.7,378.8,440.4,54850,453.4,405.0,507.7,10535,454.4,328.0,618.2,119860,356.4,310.2,408.9,25875,367.8,282.8,473.8,1,86672,8.0,18.8,26.0,25.0,4.5,12.8,55.0,12.8,"","","","","",""
"A0676","Merced","Merced, Livingston","https://www.californiahealthmaps.org?address=A0676","Male","Prostate",216720,70.4,56.8,86.5,51890,62.1,43.6,87.1,10380,"","","",122325,69.9,48.6,99.3,26575,"","","",1,86672,8.0,18.8,26.0,25.0,4.5,12.8,55.0,12.8,"","","","","",""
"A0676","Merced","Merced, Livingston","https://www.californiahealthmaps.org?address=A0676","Female","Breast",216640,101.0,86.5,117.4,54850,113.2,89.5,143.2,10535,"","","",119860,93.8,71.1,122.9,25875,102.0,61.8,163.7,1,86672,8.0,18.8,26.0,25.0,4.5,12.8,55.0,12.8,"","","","","",""
"A0676","Merced","Merced, Livingston","https://www.californiahealthmaps.org?address=A0676","Male","Lung",216720,60.4,47.6,75.8,51890,81.3,59.3,109.9,10380,"","","",122325,39.1,22.2,65.0,26575,"","","",1,86672,8.0,18.8,26.0,25.0,4.5,12.8,55.0,12.8,"","","","","",""
"A0676","Merced","Merced, Livingston","https://www.californiahealthmaps.org?address=A0676","Female","Lung",216640,50.6,40.2,63.0,54850,71.5,53.7,95.7,10535,"","","",119860,30.4,16.9,51.4,25875,"","","",1,86672,8.0,18.8,26.0,25.0,4.5,12.8,55.0,12.8,"","","","","",""
"A0676","Merced","Merced, Livingston","https://www.californiahealthmaps.org?address=A0676","Male","CRC",216720,48.9,37.8,62.4,51890,50.1,33.3,73.6,10380,"","","",122325,41.1,26.2,63.9,26575,"","","",1,86672,8.0,18.8,26.0,25.0,4.5,12.8,55.0,12.8,"","","","","",""
"A0676","Merced","Merced, Livingston","https://www.californiahealthmaps.org?address=A0676","Female","CRC",216640,39.5,30.7,50.3,54850,41.2,27.8,61.3,10535,"","","",119860,33.9,21.2,53.3,25875,"","","",1,86672,8.0,18.8,26.0,25.0,4.5,12.8,55.0,12.8,"","","","","",""
"A0676","Merced","Merced, Livingston","https://www.californiahealthmaps.org?address=A0676","Male","Mela",216720,17.2,10.9,26.1,51890,25.8,14.9,43.4,10380,"","","",122325,"","","",26575,"","","",1,86672,8.0,18.8,26.0,25.0,4.5,12.8,55.0,12.8,"","","","","",""
"A0676","Merced","Merced, Livingston","https://www.californiahealthmaps.org?address=A0676","Female","Mela",216640,9.7,5.7,15.8,54850,"","","",10535,"","","",119860,"","","",25875,"","","",1,86672,8.0,18.8,26.0,25.0,4.5,12.8,55.0,12.8,"","","","","",""
"A0676","Merced","Merced, Livingston","https://www.californiahealthmaps.org?address=A0676","Female","Uterine",216640,21.2,14.9,29.5,54850,21.3,11.9,37.9,10535,"","","",119860,22.6,12.3,40.1,25875,"","","",1,86672,8.0,18.8,26.0,25.0,4.5,12.8,55.0,12.8,"","","","","",""
"A0676","Merced","Merced, Livingston","https://www.californiahealthmaps.org?address=A0676","Male","Lymph",216720,20.3,13.6,29.5,51890,23.2,12.7,40.5,10380,"","","",122325,"","","",26575,"","","",1,86672,8.0,18.8,26.0,25.0,4.5,12.8,55.0,12.8,"","","","","",""
"A0676","Merced","Merced, Livingston","https://www.californiahealthmaps.org?address=A0676","Female","Lymph",216640,14.3,9.3,21.4,54850,"","","",10535,"","","",119860,22.9,12.3,40.6,25875,"","","",1,86672,8.0,18.8,26.0,25.0,4.5,12.8,55.0,12.8,"","","","","",""
"A0676","Merced","Merced, Livingston","https://www.californiahealthmaps.org?address=A0676","Male","Urinary",216720,17.3,10.9,26.4,51890,23.9,13.2,41.6,10380,"","","",122325,"","","",26575,"","","",1,86672,8.0,18.8,26.0,25.0,4.5,12.8,55.0,12.8,"","","","","",""
"A0676","Merced","Merced, Livingston","https://www.californiahealthmaps.org?address=A0676","Female","Urinary",216640,"","","",54850,"","","",10535,"","","",119860,"","","",25875,"","","",1,86672,8.0,18.8,26.0,25.0,4.5,12.8,55.0,12.8,"","","","","",""
"A0676","Merced","Merced, Livingston","https://www.californiahealthmaps.org?address=A0676","Male","Kidney",216720,22.2,15.1,31.7,51890,"","","",10380,"","","",122325,34.9,20.9,57.3,26575,"","","",1,86672,8.0,18.8,26.0,25.0,4.5,12.8,55.0,12.8,"","","","","",""
"A0676","Merced","Merced, Livingston","https://www.californiahealthmaps.org?address=A0676","Female","Kidney",216640,10.9,6.5,17.5,54850,"","","",10535,"","","",119860,"","","",25875,"","","",1,86672,8.0,18.8,26.0,25.0,4.5,12.8,55.0,12.8,"","","","","",""
"A0676","Merced","Merced, Livingston","https://www.californiahealthmaps.org?address=A0676","Male","Thyroid",216720,"","","",51890,"","","",10380,"","","",122325,"","","",26575,"","","",1,86672,8.0,18.8,26.0,25.0,4.5,12.8,55.0,12.8,"","","","","",""
"A0676","Merced","Merced, Livingston","https://www.californiahealthmaps.org?address=A0676","Female","Thyroid",216640,19.3,13.5,27.1,54850,"","","",10535,"","","",119860,16.8,9.3,31.1,25875,"","","",1,86672,8.0,18.8,26.0,25.0,4.5,12.8,55.0,12.8,"","","","","",""
"A0676","Merced","Merced, Livingston","https://www.californiahealthmaps.org?address=A0676","Male","Liver",216720,15.9,10.3,24.0,51890,"","","",10380,"","","",122325,"","","",26575,"","","",1,86672,8.0,18.8,26.0,25.0,4.5,12.8,55.0,12.8,"","","","","",""
"A0676","Merced","Merced, Livingston","https://www.californiahealthmaps.org?address=A0676","Female","Liver",216640,"","","",54850,"","","",10535,"","","",119860,"","","",25875,"","","",1,86672,8.0,18.8,26.0,25.0,4.5,12.8,55.0,12.8,"","","","","",""
"A0676","Merced","Merced, Livingston","https://www.californiahealthmaps.org?address=A0676","Male","Pancreas",216720,21.5,14.3,31.3,51890,"","","",10380,"","","",122325,"","","",26575,"","","",1,86672,8.0,18.8,26.0,25.0,4.5,12.8,55.0,12.8,"","","","","",""
"A0676","Merced","Merced, Livingston","https://www.californiahealthmaps.org?address=A0676","Female","Pancreas",216640,15.3,9.9,22.9,54850,20.2,11.4,36.1,10535,"","","",119860,"","","",25875,"","","",1,86672,8.0,18.8,26.0,25.0,4.5,12.8,55.0,12.8,"","","","","",""
"A0676","Merced","Merced, Livingston","https://www.californiahealthmaps.org?address=A0676","Both","AllSite",433360,414.8,392.4,438.2,106740,449.9,414.0,488.7,20915,527.1,422.7,651.7,242185,363.0,328.4,400.9,52450,359.9,295.9,435.0,1,86672,8.0,18.8,26.0,25.0,4.5,12.8,55.0,12.8,"","","","","",""
"A0676","Merced","Merced, Livingston","https://www.californiahealthmaps.org?address=A0676","Both","Lung",433360,54.1,46.0,63.3,106740,75.4,61.2,92.7,20915,103.2,59.5,169.1,242185,33.6,22.8,48.4,52450,"","","",1,86672,8.0,18.8,26.0,25.0,4.5,12.8,55.0,12.8,"","","","","",""
"A0676","Merced","Merced, Livingston","https://www.californiahealthmaps.org?address=A0676","Both","CRC",433360,43.6,36.6,51.7,106740,44.9,34.1,58.8,20915,"","","",242185,37.3,27.3,50.8,52450,"","","",1,86672,8.0,18.8,26.0,25.0,4.5,12.8,55.0,12.8,"","","","","",""
"A0676","Merced","Merced, Livingston","https://www.californiahealthmaps.org?address=A0676","Both","Mela",433360,12.6,9.0,17.2,106740,20.8,14.0,30.8,20915,"","","",242185,"","","",52450,"","","",1,86672,8.0,18.8,26.0,25.0,4.5,12.8,55.0,12.8,"","","","","",""
"A0676","Merced","Merced, Livingston","https://www.californiahealthmaps.org?address=A0676","Both","Lymph",433360,17.3,13.0,22.6,106740,15.9,10.0,25.2,20915,"","","",242185,20.7,13.1,32.1,52450,"","","",1,86672,8.0,18.8,26.0,25.0,4.5,12.8,55.0,12.8,"","","","","",""
"A0676","Merced","Merced, Livingston","https://www.californiahealthmaps.org?address=A0676","Both","Urinary",433360,10.0,6.8,14.3,106740,13.8,8.4,22.5,20915,"","","",242185,"","","",52450,"","","",1,86672,8.0,18.8,26.0,25.0,4.5,12.8,55.0,12.8,"","","","","",""
"A0676","Merced","Merced, Livingston","https://www.californiahealthmaps.org?address=A0676","Both","Kidney",433360,15.8,11.8,21.0,106740,"","","",20915,"","","",242185,27.3,18.5,39.7,52450,"","","",1,86672,8.0,18.8,26.0,25.0,4.5,12.8,55.0,12.8,"","","","","",""
"A0676","Merced","Merced, Livingston","https://www.californiahealthmaps.org?address=A0676","Both","Thyroid",433360,13.2,9.7,17.8,106740,"","","",20915,"","","",242185,14.3,8.8,23.3,52450,"","","",1,86672,8.0,18.8,26.0,25.0,4.5,12.8,55.0,12.8,"","","","","",""
"A0676","Merced","Merced, Livingston","https://www.californiahealthmaps.org?address=A0676","Both","Liver",433360,10.7,7.5,15.1,106740,"","","",20915,"","","",242185,13.6,7.5,23.7,52450,"","","",1,86672,8.0,18.8,26.0,25.0,4.5,12.8,55.0,12.8,"","","","","",""
"A0676","Merced","Merced, Livingston","https://www.californiahealthmaps.org?address=A0676","Both","Pancreas",433360,17.9,13.4,23.4,106740,18.6,12.1,28.4,20915,"","","",242185,19.1,11.2,31.2,52450,"","","",1,86672,8.0,18.8,26.0,25.0,4.5,12.8,55.0,12.8,"","","","","",""
