"Zone","Counties","Cities","URL","Sex","Cancer","PopTot","AAIR","LCI","UCI","White_PopTot","White_AAIR","White_LCI","White_UCI","Black_PopTot","Black_AAIR","Black_LCI","Black_UCI","Hispanic_PopTot","Hispanic_AAIR","Hispanic_LCI","Hispanic_UCI","Asian_PopTot","Asian_AAIR","Asian_LCI","Asian_UCI","QNSES","PopAll","PerRural","PerUninsured","PerForeignBorn","PerWhite","PerBlack","PerAsian","PerHispanic","PerAPI","PerDocvisit","PerFOBT","PerMammo","PerMenPrev","PerPap","PerWomenPrev"
"A0717","Santa Clara","Gilroy","https://www.californiahealthmaps.org?address=A0717","Male","AllSite",177965,505.0,466.6,546.1,64130,539.3,485.4,598.6,"","","","",94660,448.0,386.2,518.4,11810,424.7,309.5,574.7,3,71507,9.1,15.0,22.9,36.9,1.6,7.0,51.9,7.0,"","","","","",""
"A0717","Santa Clara","Gilroy","https://www.californiahealthmaps.org?address=A0717","Female","AllSite",179570,463.2,430.6,497.8,66715,507.8,460.2,560.2,"","","","",93275,358.6,311.4,412.7,12675,545.4,428.0,694.9,3,71507,9.1,15.0,22.9,36.9,1.6,7.0,51.9,7.0,"","","","","",""
"A0717","Santa Clara","Gilroy","https://www.californiahealthmaps.org?address=A0717","Male","Prostate",177965,111.7,94.5,131.5,64130,106.5,84.3,134.2,"","","","",94660,92.8,66.7,127.7,11810,"","","",3,71507,9.1,15.0,22.9,36.9,1.6,7.0,51.9,7.0,"","","","","",""
"A0717","Santa Clara","Gilroy","https://www.californiahealthmaps.org?address=A0717","Female","Breast",179570,167.2,148.1,188.4,66715,195.9,167.0,229.7,"","","","",93275,126.2,98.7,160.8,12675,177.1,114.4,274.2,3,71507,9.1,15.0,22.9,36.9,1.6,7.0,51.9,7.0,"","","","","",""
"A0717","Santa Clara","Gilroy","https://www.californiahealthmaps.org?address=A0717","Male","Lung",177965,55.7,42.7,71.6,64130,79.3,58.8,105.9,"","","","",94660,"","","",11810,"","","",3,71507,9.1,15.0,22.9,36.9,1.6,7.0,51.9,7.0,"","","","","",""
"A0717","Santa Clara","Gilroy","https://www.californiahealthmaps.org?address=A0717","Female","Lung",179570,51.8,40.8,65.0,66715,75.0,57.4,98.0,"","","","",93275,"","","",12675,"","","",3,71507,9.1,15.0,22.9,36.9,1.6,7.0,51.9,7.0,"","","","","",""
"A0717","Santa Clara","Gilroy","https://www.californiahealthmaps.org?address=A0717","Male","CRC",177965,42.2,31.7,55.4,64130,48.7,33.7,69.6,"","","","",94660,32.7,18.5,56.1,11810,"","","",3,71507,9.1,15.0,22.9,36.9,1.6,7.0,51.9,7.0,"","","","","",""
"A0717","Santa Clara","Gilroy","https://www.californiahealthmaps.org?address=A0717","Female","CRC",179570,28.4,20.8,38.1,66715,28.4,18.6,43.8,"","","","",93275,"","","",12675,"","","",3,71507,9.1,15.0,22.9,36.9,1.6,7.0,51.9,7.0,"","","","","",""
"A0717","Santa Clara","Gilroy","https://www.californiahealthmaps.org?address=A0717","Male","Mela",177965,22.6,15.6,32.4,64130,36.5,24.1,54.7,"","","","",94660,"","","",11810,"","","",3,71507,9.1,15.0,22.9,36.9,1.6,7.0,51.9,7.0,"","","","","",""
"A0717","Santa Clara","Gilroy","https://www.californiahealthmaps.org?address=A0717","Female","Mela",179570,25.4,18.1,34.8,66715,37.9,25.2,56.4,"","","","",93275,"","","",12675,"","","",3,71507,9.1,15.0,22.9,36.9,1.6,7.0,51.9,7.0,"","","","","",""
"A0717","Santa Clara","Gilroy","https://www.californiahealthmaps.org?address=A0717","Female","Uterine",179570,26.3,19.0,35.7,66715,29.5,19.0,45.7,"","","","",93275,22.8,12.6,41.0,12675,"","","",3,71507,9.1,15.0,22.9,36.9,1.6,7.0,51.9,7.0,"","","","","",""
"A0717","Santa Clara","Gilroy","https://www.californiahealthmaps.org?address=A0717","Male","Lymph",177965,32.8,23.7,44.7,64130,37.1,24.4,55.7,"","","","",94660,"","","",11810,"","","",3,71507,9.1,15.0,22.9,36.9,1.6,7.0,51.9,7.0,"","","","","",""
"A0717","Santa Clara","Gilroy","https://www.californiahealthmaps.org?address=A0717","Female","Lymph",179570,15.4,10.0,23.0,66715,16.8,9.3,30.2,"","","","",93275,"","","",12675,"","","",3,71507,9.1,15.0,22.9,36.9,1.6,7.0,51.9,7.0,"","","","","",""
"A0717","Santa Clara","Gilroy","https://www.californiahealthmaps.org?address=A0717","Male","Urinary",177965,20.7,13.0,31.5,64130,"","","","","","","",94660,"","","",11810,"","","",3,71507,9.1,15.0,22.9,36.9,1.6,7.0,51.9,7.0,"","","","","",""
"A0717","Santa Clara","Gilroy","https://www.californiahealthmaps.org?address=A0717","Female","Urinary",179570,"","","",66715,"","","","","","","",93275,"","","",12675,"","","",3,71507,9.1,15.0,22.9,36.9,1.6,7.0,51.9,7.0,"","","","","",""
"A0717","Santa Clara","Gilroy","https://www.californiahealthmaps.org?address=A0717","Male","Kidney",177965,24.1,16.8,34.1,64130,23.3,13.1,39.8,"","","","",94660,32.6,18.8,55.5,11810,"","","",3,71507,9.1,15.0,22.9,36.9,1.6,7.0,51.9,7.0,"","","","","",""
"A0717","Santa Clara","Gilroy","https://www.californiahealthmaps.org?address=A0717","Female","Kidney",179570,10.0,5.8,16.5,66715,"","","","","","","",93275,"","","",12675,"","","",3,71507,9.1,15.0,22.9,36.9,1.6,7.0,51.9,7.0,"","","","","",""
"A0717","Santa Clara","Gilroy","https://www.californiahealthmaps.org?address=A0717","Male","Thyroid",177965,"","","",64130,"","","","","","","",94660,"","","",11810,"","","",3,71507,9.1,15.0,22.9,36.9,1.6,7.0,51.9,7.0,"","","","","",""
"A0717","Santa Clara","Gilroy","https://www.californiahealthmaps.org?address=A0717","Female","Thyroid",179570,17.9,12.1,25.9,66715,"","","","","","","",93275,"","","",12675,"","","",3,71507,9.1,15.0,22.9,36.9,1.6,7.0,51.9,7.0,"","","","","",""
"A0717","Santa Clara","Gilroy","https://www.californiahealthmaps.org?address=A0717","Male","Liver",177965,19.7,13.0,29.1,64130,"","","","","","","",94660,"","","",11810,"","","",3,71507,9.1,15.0,22.9,36.9,1.6,7.0,51.9,7.0,"","","","","",""
"A0717","Santa Clara","Gilroy","https://www.californiahealthmaps.org?address=A0717","Female","Liver",179570,"","","",66715,"","","","","","","",93275,"","","",12675,"","","",3,71507,9.1,15.0,22.9,36.9,1.6,7.0,51.9,7.0,"","","","","",""
"A0717","Santa Clara","Gilroy","https://www.californiahealthmaps.org?address=A0717","Male","Pancreas",177965,19.0,12.3,28.7,64130,18.6,10.1,33.2,"","","","",94660,"","","",11810,"","","",3,71507,9.1,15.0,22.9,36.9,1.6,7.0,51.9,7.0,"","","","","",""
"A0717","Santa Clara","Gilroy","https://www.californiahealthmaps.org?address=A0717","Female","Pancreas",179570,"","","",66715,"","","","","","","",93275,"","","",12675,"","","",3,71507,9.1,15.0,22.9,36.9,1.6,7.0,51.9,7.0,"","","","","",""
"A0717","Santa Clara","Gilroy","https://www.californiahealthmaps.org?address=A0717","Both","AllSite",357535,476.0,451.4,501.7,130845,517.1,481.7,555.0,"","","","",187935,394.7,356.6,436.4,24485,482.0,399.2,579.8,3,71507,9.1,15.0,22.9,36.9,1.6,7.0,51.9,7.0,"","","","","",""
"A0717","Santa Clara","Gilroy","https://www.californiahealthmaps.org?address=A0717","Both","Lung",357535,52.9,44.5,62.5,130845,76.3,62.8,92.5,"","","","",187935,20.5,12.0,33.4,24485,"","","",3,71507,9.1,15.0,22.9,36.9,1.6,7.0,51.9,7.0,"","","","","",""
"A0717","Santa Clara","Gilroy","https://www.californiahealthmaps.org?address=A0717","Both","CRC",357535,34.6,28.2,42.2,130845,37.3,28.5,48.7,"","","","",187935,26.8,17.5,40.3,24485,"","","",3,71507,9.1,15.0,22.9,36.9,1.6,7.0,51.9,7.0,"","","","","",""
"A0717","Santa Clara","Gilroy","https://www.californiahealthmaps.org?address=A0717","Both","Mela",357535,24.3,19.0,30.7,130845,37.7,28.4,49.7,"","","","",187935,"","","",24485,"","","",3,71507,9.1,15.0,22.9,36.9,1.6,7.0,51.9,7.0,"","","","","",""
"A0717","Santa Clara","Gilroy","https://www.californiahealthmaps.org?address=A0717","Both","Lymph",357535,22.8,17.7,29.0,130845,25.3,18.2,35.1,"","","","",187935,19.6,12.0,31.4,24485,"","","",3,71507,9.1,15.0,22.9,36.9,1.6,7.0,51.9,7.0,"","","","","",""
"A0717","Santa Clara","Gilroy","https://www.californiahealthmaps.org?address=A0717","Both","Urinary",357535,12.2,8.3,17.3,130845,10.9,6.4,18.4,"","","","",187935,"","","",24485,"","","",3,71507,9.1,15.0,22.9,36.9,1.6,7.0,51.9,7.0,"","","","","",""
"A0717","Santa Clara","Gilroy","https://www.californiahealthmaps.org?address=A0717","Both","Kidney",357535,16.7,12.5,22.1,130845,11.6,6.7,19.5,"","","","",187935,25.6,16.8,38.3,24485,"","","",3,71507,9.1,15.0,22.9,36.9,1.6,7.0,51.9,7.0,"","","","","",""
"A0717","Santa Clara","Gilroy","https://www.californiahealthmaps.org?address=A0717","Both","Thyroid",357535,10.5,7.3,14.8,130845,9.2,4.9,16.5,"","","","",187935,"","","",24485,"","","",3,71507,9.1,15.0,22.9,36.9,1.6,7.0,51.9,7.0,"","","","","",""
"A0717","Santa Clara","Gilroy","https://www.californiahealthmaps.org?address=A0717","Both","Liver",357535,13.2,9.4,18.1,130845,8.3,4.7,14.9,"","","","",187935,15.9,9.2,26.8,24485,"","","",3,71507,9.1,15.0,22.9,36.9,1.6,7.0,51.9,7.0,"","","","","",""
"A0717","Santa Clara","Gilroy","https://www.californiahealthmaps.org?address=A0717","Both","Pancreas",357535,13.8,9.7,19.1,130845,15.6,9.9,24.2,"","","","",187935,"","","",24485,"","","",3,71507,9.1,15.0,22.9,36.9,1.6,7.0,51.9,7.0,"","","","","",""
