"Zone","Counties","Cities","URL","Sex","Cancer","PopTot","AAIR","LCI","UCI","White_PopTot","White_AAIR","White_LCI","White_UCI","Black_PopTot","Black_AAIR","Black_LCI","Black_UCI","Hispanic_PopTot","Hispanic_AAIR","Hispanic_LCI","Hispanic_UCI","Asian_PopTot","Asian_AAIR","Asian_LCI","Asian_UCI","QNSES","PopAll","PerRural","PerUninsured","PerForeignBorn","PerWhite","PerBlack","PerAsian","PerHispanic","PerAPI","PerDocvisit","PerFOBT","PerMammo","PerMenPrev","PerPap","PerWomenPrev"
"A1007","Santa Barbara","Goleta","https://www.californiahealthmaps.org?address=A1007","Male","AllSite",174510,474.2,439.7,511.2,112680,482.6,443.4,525.8,"","","","",37560,400.0,306.0,517.8,15640,286.2,163.3,496.8,4,70459,10.1,8.2,16.7,64.1,1.3,9.4,21.4,9.4,"","","","","",""
"A1007","Santa Barbara","Goleta","https://www.californiahealthmaps.org?address=A1007","Female","AllSite",177785,458.5,425.6,493.8,112990,460.6,422.3,503.0,"","","","",39350,470.4,376.2,583.8,16460,345.5,231.7,504.5,4,70459,10.1,8.2,16.7,64.1,1.3,9.4,21.4,9.4,"","","","","",""
"A1007","Santa Barbara","Goleta","https://www.californiahealthmaps.org?address=A1007","Male","Prostate",174510,98.3,83.2,116.0,112680,93.4,77.3,113.4,"","","","",37560,91.9,50.2,159.5,15640,"","","",4,70459,10.1,8.2,16.7,64.1,1.3,9.4,21.4,9.4,"","","","","",""
"A1007","Santa Barbara","Goleta","https://www.californiahealthmaps.org?address=A1007","Female","Breast",177785,153.9,135.2,175.2,112990,152.9,131.4,178.7,"","","","",39350,169.7,116.0,243.2,16460,"","","",4,70459,10.1,8.2,16.7,64.1,1.3,9.4,21.4,9.4,"","","","","",""
"A1007","Santa Barbara","Goleta","https://www.californiahealthmaps.org?address=A1007","Male","Lung",174510,41.5,31.8,53.8,112680,44.7,33.8,59.7,"","","","",37560,"","","",15640,"","","",4,70459,10.1,8.2,16.7,64.1,1.3,9.4,21.4,9.4,"","","","","",""
"A1007","Santa Barbara","Goleta","https://www.californiahealthmaps.org?address=A1007","Female","Lung",177785,28.6,21.5,38.3,112990,29.0,21.3,41.3,"","","","",39350,"","","",16460,"","","",4,70459,10.1,8.2,16.7,64.1,1.3,9.4,21.4,9.4,"","","","","",""
"A1007","Santa Barbara","Goleta","https://www.californiahealthmaps.org?address=A1007","Male","CRC",174510,38.8,29.3,51.1,112680,36.5,26.4,51.0,"","","","",37560,"","","",15640,"","","",4,70459,10.1,8.2,16.7,64.1,1.3,9.4,21.4,9.4,"","","","","",""
"A1007","Santa Barbara","Goleta","https://www.californiahealthmaps.org?address=A1007","Female","CRC",177785,35.3,26.7,46.7,112990,36.8,27.0,51.2,"","","","",39350,"","","",16460,"","","",4,70459,10.1,8.2,16.7,64.1,1.3,9.4,21.4,9.4,"","","","","",""
"A1007","Santa Barbara","Goleta","https://www.californiahealthmaps.org?address=A1007","Male","Mela",174510,59.5,47.9,73.8,112680,65.2,51.7,82.8,"","","","",37560,"","","",15640,"","","",4,70459,10.1,8.2,16.7,64.1,1.3,9.4,21.4,9.4,"","","","","",""
"A1007","Santa Barbara","Goleta","https://www.californiahealthmaps.org?address=A1007","Female","Mela",177785,25.2,17.8,35.3,112990,30.3,20.3,45.4,"","","","",39350,"","","",16460,"","","",4,70459,10.1,8.2,16.7,64.1,1.3,9.4,21.4,9.4,"","","","","",""
"A1007","Santa Barbara","Goleta","https://www.californiahealthmaps.org?address=A1007","Female","Uterine",177785,32.8,24.7,43.7,112990,35.1,25.7,49.2,"","","","",39350,"","","",16460,"","","",4,70459,10.1,8.2,16.7,64.1,1.3,9.4,21.4,9.4,"","","","","",""
"A1007","Santa Barbara","Goleta","https://www.californiahealthmaps.org?address=A1007","Male","Lymph",174510,30.4,22.0,41.6,112680,31.0,21.4,45.2,"","","","",37560,"","","",15640,"","","",4,70459,10.1,8.2,16.7,64.1,1.3,9.4,21.4,9.4,"","","","","",""
"A1007","Santa Barbara","Goleta","https://www.californiahealthmaps.org?address=A1007","Female","Lymph",177785,17.8,12.0,26.4,112990,16.2,9.7,27.7,"","","","",39350,"","","",16460,"","","",4,70459,10.1,8.2,16.7,64.1,1.3,9.4,21.4,9.4,"","","","","",""
"A1007","Santa Barbara","Goleta","https://www.californiahealthmaps.org?address=A1007","Male","Urinary",174510,21.2,14.5,30.6,112680,21.5,14.3,33.1,"","","","",37560,"","","",15640,"","","",4,70459,10.1,8.2,16.7,64.1,1.3,9.4,21.4,9.4,"","","","","",""
"A1007","Santa Barbara","Goleta","https://www.californiahealthmaps.org?address=A1007","Female","Urinary",177785,"","","",112990,"","","","","","","",39350,"","","",16460,"","","",4,70459,10.1,8.2,16.7,64.1,1.3,9.4,21.4,9.4,"","","","","",""
"A1007","Santa Barbara","Goleta","https://www.californiahealthmaps.org?address=A1007","Male","Kidney",174510,21.7,15.2,31.0,112680,20.2,13.2,31.7,"","","","",37560,"","","",15640,"","","",4,70459,10.1,8.2,16.7,64.1,1.3,9.4,21.4,9.4,"","","","","",""
"A1007","Santa Barbara","Goleta","https://www.californiahealthmaps.org?address=A1007","Female","Kidney",177785,"","","",112990,"","","","","","","",39350,"","","",16460,"","","",4,70459,10.1,8.2,16.7,64.1,1.3,9.4,21.4,9.4,"","","","","",""
"A1007","Santa Barbara","Goleta","https://www.californiahealthmaps.org?address=A1007","Male","Thyroid",174510,"","","",112680,"","","","","","","",37560,"","","",15640,"","","",4,70459,10.1,8.2,16.7,64.1,1.3,9.4,21.4,9.4,"","","","","",""
"A1007","Santa Barbara","Goleta","https://www.californiahealthmaps.org?address=A1007","Female","Thyroid",177785,35.9,26.2,48.7,112990,34.2,23.0,50.5,"","","","",39350,"","","",16460,"","","",4,70459,10.1,8.2,16.7,64.1,1.3,9.4,21.4,9.4,"","","","","",""
"A1007","Santa Barbara","Goleta","https://www.californiahealthmaps.org?address=A1007","Male","Liver",174510,"","","",112680,"","","","","","","",37560,"","","",15640,"","","",4,70459,10.1,8.2,16.7,64.1,1.3,9.4,21.4,9.4,"","","","","",""
"A1007","Santa Barbara","Goleta","https://www.californiahealthmaps.org?address=A1007","Female","Liver",177785,"","","",112990,"","","","","","","",39350,"","","",16460,"","","",4,70459,10.1,8.2,16.7,64.1,1.3,9.4,21.4,9.4,"","","","","",""
"A1007","Santa Barbara","Goleta","https://www.californiahealthmaps.org?address=A1007","Male","Pancreas",174510,22.7,15.6,32.7,112680,21.1,13.4,33.5,"","","","",37560,"","","",15640,"","","",4,70459,10.1,8.2,16.7,64.1,1.3,9.4,21.4,9.4,"","","","","",""
"A1007","Santa Barbara","Goleta","https://www.californiahealthmaps.org?address=A1007","Female","Pancreas",177785,11.5,7.1,18.9,112990,10.5,5.9,20.3,"","","","",39350,"","","",16460,"","","",4,70459,10.1,8.2,16.7,64.1,1.3,9.4,21.4,9.4,"","","","","",""
"A1007","Santa Barbara","Goleta","https://www.californiahealthmaps.org?address=A1007","Both","AllSite",352295,463.6,439.8,488.6,225670,468.2,440.8,497.5,"","","","",76910,436.6,369.0,514.5,32100,326.5,237.8,442.8,4,70459,10.1,8.2,16.7,64.1,1.3,9.4,21.4,9.4,"","","","","",""
"A1007","Santa Barbara","Goleta","https://www.californiahealthmaps.org?address=A1007","Both","Lung",352295,34.5,28.5,41.7,225670,36.2,29.6,44.9,"","","","",76910,"","","",32100,"","","",4,70459,10.1,8.2,16.7,64.1,1.3,9.4,21.4,9.4,"","","","","",""
"A1007","Santa Barbara","Goleta","https://www.californiahealthmaps.org?address=A1007","Both","CRC",352295,37.3,30.7,45.1,225670,36.9,29.7,46.3,"","","","",76910,"","","",32100,"","","",4,70459,10.1,8.2,16.7,64.1,1.3,9.4,21.4,9.4,"","","","","",""
"A1007","Santa Barbara","Goleta","https://www.californiahealthmaps.org?address=A1007","Both","Mela",352295,40.9,34.1,49.0,225670,46.1,37.8,56.5,"","","","",76910,"","","",32100,"","","",4,70459,10.1,8.2,16.7,64.1,1.3,9.4,21.4,9.4,"","","","","",""
"A1007","Santa Barbara","Goleta","https://www.californiahealthmaps.org?address=A1007","Both","Lymph",352295,23.7,18.5,30.1,225670,23.1,17.3,31.2,"","","","",76910,"","","",32100,"","","",4,70459,10.1,8.2,16.7,64.1,1.3,9.4,21.4,9.4,"","","","","",""
"A1007","Santa Barbara","Goleta","https://www.californiahealthmaps.org?address=A1007","Both","Urinary",352295,11.7,8.3,16.4,225670,11.8,8.2,17.7,"","","","",76910,"","","",32100,"","","",4,70459,10.1,8.2,16.7,64.1,1.3,9.4,21.4,9.4,"","","","","",""
"A1007","Santa Barbara","Goleta","https://www.californiahealthmaps.org?address=A1007","Both","Kidney",352295,14.1,10.3,19.2,225670,13.4,9.2,19.8,"","","","",76910,"","","",32100,"","","",4,70459,10.1,8.2,16.7,64.1,1.3,9.4,21.4,9.4,"","","","","",""
"A1007","Santa Barbara","Goleta","https://www.californiahealthmaps.org?address=A1007","Both","Thyroid",352295,22.2,16.8,29.1,225670,22.0,15.7,30.9,"","","","",76910,"","","",32100,"","","",4,70459,10.1,8.2,16.7,64.1,1.3,9.4,21.4,9.4,"","","","","",""
"A1007","Santa Barbara","Goleta","https://www.californiahealthmaps.org?address=A1007","Both","Liver",352295,6.9,4.3,10.9,225670,5.9,3.1,11.4,"","","","",76910,"","","",32100,"","","",4,70459,10.1,8.2,16.7,64.1,1.3,9.4,21.4,9.4,"","","","","",""
"A1007","Santa Barbara","Goleta","https://www.californiahealthmaps.org?address=A1007","Both","Pancreas",352295,16.8,12.5,22.3,225670,15.5,11.0,22.3,"","","","",76910,"","","",32100,"","","",4,70459,10.1,8.2,16.7,64.1,1.3,9.4,21.4,9.4,"","","","","",""
