"Zone","Counties","Cities","URL","Sex","Cancer","PopTot","AAIR","LCI","UCI","White_PopTot","White_AAIR","White_LCI","White_UCI","Black_PopTot","Black_AAIR","Black_LCI","Black_UCI","Hispanic_PopTot","Hispanic_AAIR","Hispanic_LCI","Hispanic_UCI","Asian_PopTot","Asian_AAIR","Asian_LCI","Asian_UCI","QNSES","PopAll","PerRural","PerUninsured","PerForeignBorn","PerWhite","PerBlack","PerAsian","PerHispanic","PerAPI","PerDocvisit","PerFOBT","PerMammo","PerMenPrev","PerPap","PerWomenPrev"
"A0964","San Bernardino","Montclair","https://www.californiahealthmaps.org?address=A0964","Male","AllSite",164520,456.6,417.4,498.9,32340,461.3,399.5,535.7,"","","","",110570,430.4,368.5,503.5,12700,470.8,347.7,627.7,2,66089,0.0,25.1,32.7,18.7,3.8,10.3,65.1,10.3,"","","","","",""
"A0964","San Bernardino","Montclair","https://www.californiahealthmaps.org?address=A0964","Female","AllSite",165925,403.0,371.4,436.9,33865,456.3,398.1,525.8,"","","","",109190,351.0,307.2,400.2,13615,368.1,275.2,488.1,2,66089,0.0,25.1,32.7,18.7,3.8,10.3,65.1,10.3,"","","","","",""
"A0964","San Bernardino","Montclair","https://www.californiahealthmaps.org?address=A0964","Male","Prostate",164520,99.8,82.0,120.8,32340,95.3,69.8,134.8,"","","","",110570,93.5,67.1,131.9,12700,"","","",2,66089,0.0,25.1,32.7,18.7,3.8,10.3,65.1,10.3,"","","","","",""
"A0964","San Bernardino","Montclair","https://www.californiahealthmaps.org?address=A0964","Female","Breast",165925,132.9,115.2,153.0,33865,157.2,124.2,202.5,"","","","",109190,111.6,88.1,140.5,13615,109.1,64.9,181.0,2,66089,0.0,25.1,32.7,18.7,3.8,10.3,65.1,10.3,"","","","","",""
"A0964","San Bernardino","Montclair","https://www.californiahealthmaps.org?address=A0964","Male","Lung",164520,49.2,36.3,65.5,32340,56.7,37.1,91.4,"","","","",110570,"","","",12700,"","","",2,66089,0.0,25.1,32.7,18.7,3.8,10.3,65.1,10.3,"","","","","",""
"A0964","San Bernardino","Montclair","https://www.californiahealthmaps.org?address=A0964","Female","Lung",165925,37.5,28.1,49.5,33865,59.1,41.0,90.5,"","","","",109190,"","","",13615,"","","",2,66089,0.0,25.1,32.7,18.7,3.8,10.3,65.1,10.3,"","","","","",""
"A0964","San Bernardino","Montclair","https://www.californiahealthmaps.org?address=A0964","Male","CRC",164520,62.3,48.4,79.6,32340,39.8,24.1,71.1,"","","","",110570,77.1,50.1,117.4,12700,"","","",2,66089,0.0,25.1,32.7,18.7,3.8,10.3,65.1,10.3,"","","","","",""
"A0964","San Bernardino","Montclair","https://www.californiahealthmaps.org?address=A0964","Female","CRC",165925,34.6,25.7,45.9,33865,27.3,16.1,53.2,"","","","",109190,29.5,17.2,48.2,13615,"","","",2,66089,0.0,25.1,32.7,18.7,3.8,10.3,65.1,10.3,"","","","","",""
"A0964","San Bernardino","Montclair","https://www.californiahealthmaps.org?address=A0964","Male","Mela",164520,20.0,12.6,30.8,32340,51.4,31.4,87.1,"","","","",110570,"","","",12700,"","","",2,66089,0.0,25.1,32.7,18.7,3.8,10.3,65.1,10.3,"","","","","",""
"A0964","San Bernardino","Montclair","https://www.californiahealthmaps.org?address=A0964","Female","Mela",165925,"","","",33865,"","","","","","","",109190,"","","",13615,"","","",2,66089,0.0,25.1,32.7,18.7,3.8,10.3,65.1,10.3,"","","","","",""
"A0964","San Bernardino","Montclair","https://www.californiahealthmaps.org?address=A0964","Female","Uterine",165925,26.2,18.8,35.9,33865,26.0,14.7,52.0,"","","","",109190,25.3,15.0,41.5,13615,"","","",2,66089,0.0,25.1,32.7,18.7,3.8,10.3,65.1,10.3,"","","","","",""
"A0964","San Bernardino","Montclair","https://www.californiahealthmaps.org?address=A0964","Male","Lymph",164520,24.4,15.8,36.5,32340,"","","","","","","",110570,34.5,17.3,66.0,12700,"","","",2,66089,0.0,25.1,32.7,18.7,3.8,10.3,65.1,10.3,"","","","","",""
"A0964","San Bernardino","Montclair","https://www.californiahealthmaps.org?address=A0964","Female","Lymph",165925,12.7,7.7,20.2,33865,"","","","","","","",109190,"","","",13615,"","","",2,66089,0.0,25.1,32.7,18.7,3.8,10.3,65.1,10.3,"","","","","",""
"A0964","San Bernardino","Montclair","https://www.californiahealthmaps.org?address=A0964","Male","Urinary",164520,14.4,8.1,24.2,32340,"","","","","","","",110570,"","","",12700,"","","",2,66089,0.0,25.1,32.7,18.7,3.8,10.3,65.1,10.3,"","","","","",""
"A0964","San Bernardino","Montclair","https://www.californiahealthmaps.org?address=A0964","Female","Urinary",165925,"","","",33865,"","","","","","","",109190,"","","",13615,"","","",2,66089,0.0,25.1,32.7,18.7,3.8,10.3,65.1,10.3,"","","","","",""
"A0964","San Bernardino","Montclair","https://www.californiahealthmaps.org?address=A0964","Male","Kidney",164520,24.4,16.7,35.2,32340,"","","","","","","",110570,26.6,15.6,50.7,12700,"","","",2,66089,0.0,25.1,32.7,18.7,3.8,10.3,65.1,10.3,"","","","","",""
"A0964","San Bernardino","Montclair","https://www.californiahealthmaps.org?address=A0964","Female","Kidney",165925,15.8,10.1,23.8,33865,"","","","","","","",109190,"","","",13615,"","","",2,66089,0.0,25.1,32.7,18.7,3.8,10.3,65.1,10.3,"","","","","",""
"A0964","San Bernardino","Montclair","https://www.californiahealthmaps.org?address=A0964","Male","Thyroid",164520,"","","",32340,"","","","","","","",110570,"","","",12700,"","","",2,66089,0.0,25.1,32.7,18.7,3.8,10.3,65.1,10.3,"","","","","",""
"A0964","San Bernardino","Montclair","https://www.californiahealthmaps.org?address=A0964","Female","Thyroid",165925,16.9,11.2,25.0,33865,"","","","","","","",109190,"","","",13615,"","","",2,66089,0.0,25.1,32.7,18.7,3.8,10.3,65.1,10.3,"","","","","",""
"A0964","San Bernardino","Montclair","https://www.californiahealthmaps.org?address=A0964","Male","Liver",164520,17.6,10.7,28.0,32340,"","","","","","","",110570,"","","",12700,"","","",2,66089,0.0,25.1,32.7,18.7,3.8,10.3,65.1,10.3,"","","","","",""
"A0964","San Bernardino","Montclair","https://www.californiahealthmaps.org?address=A0964","Female","Liver",165925,"","","",33865,"","","","","","","",109190,"","","",13615,"","","",2,66089,0.0,25.1,32.7,18.7,3.8,10.3,65.1,10.3,"","","","","",""
"A0964","San Bernardino","Montclair","https://www.californiahealthmaps.org?address=A0964","Male","Pancreas",164520,"","","",32340,"","","","","","","",110570,"","","",12700,"","","",2,66089,0.0,25.1,32.7,18.7,3.8,10.3,65.1,10.3,"","","","","",""
"A0964","San Bernardino","Montclair","https://www.californiahealthmaps.org?address=A0964","Female","Pancreas",165925,"","","",33865,"","","","","","","",109190,"","","",13615,"","","",2,66089,0.0,25.1,32.7,18.7,3.8,10.3,65.1,10.3,"","","","","",""
"A0964","San Bernardino","Montclair","https://www.californiahealthmaps.org?address=A0964","Both","AllSite",330445,421.1,396.8,446.7,66205,455.5,413.3,503.5,12585,535.6,414.7,687.2,219760,379.7,344.0,418.8,26315,409.4,333.6,499.2,2,66089,0.0,25.1,32.7,18.7,3.8,10.3,65.1,10.3,"","","","","",""
"A0964","San Bernardino","Montclair","https://www.californiahealthmaps.org?address=A0964","Both","Lung",330445,42.3,34.5,51.5,66205,58.4,44.7,78.5,12585,"","","",219760,22.8,14.0,35.7,26315,"","","",2,66089,0.0,25.1,32.7,18.7,3.8,10.3,65.1,10.3,"","","","","",""
"A0964","San Bernardino","Montclair","https://www.californiahealthmaps.org?address=A0964","Both","CRC",330445,46.3,38.5,55.5,66205,32.7,23.2,49.1,12585,"","","",219760,47.9,35.2,64.3,26315,53.9,29.8,92.7,2,66089,0.0,25.1,32.7,18.7,3.8,10.3,65.1,10.3,"","","","","",""
"A0964","San Bernardino","Montclair","https://www.californiahealthmaps.org?address=A0964","Both","Mela",330445,13.5,9.4,18.9,66205,34.3,22.8,52.9,12585,"","","",219760,"","","",26315,"","","",2,66089,0.0,25.1,32.7,18.7,3.8,10.3,65.1,10.3,"","","","","",""
"A0964","San Bernardino","Montclair","https://www.californiahealthmaps.org?address=A0964","Both","Lymph",330445,17.3,12.7,23.3,66205,"","","",12585,"","","",219760,23.4,15.0,35.7,26315,"","","",2,66089,0.0,25.1,32.7,18.7,3.8,10.3,65.1,10.3,"","","","","",""
"A0964","San Bernardino","Montclair","https://www.californiahealthmaps.org?address=A0964","Both","Urinary",330445,10.1,6.5,15.2,66205,"","","",12585,"","","",219760,"","","",26315,"","","",2,66089,0.0,25.1,32.7,18.7,3.8,10.3,65.1,10.3,"","","","","",""
"A0964","San Bernardino","Montclair","https://www.californiahealthmaps.org?address=A0964","Both","Kidney",330445,19.4,14.8,25.4,66205,18.0,10.6,32.8,12585,"","","",219760,22.3,15.0,33.1,26315,"","","",2,66089,0.0,25.1,32.7,18.7,3.8,10.3,65.1,10.3,"","","","","",""
"A0964","San Bernardino","Montclair","https://www.californiahealthmaps.org?address=A0964","Both","Thyroid",330445,12.0,8.4,17.0,66205,"","","",12585,"","","",219760,11.1,6.3,19.6,26315,"","","",2,66089,0.0,25.1,32.7,18.7,3.8,10.3,65.1,10.3,"","","","","",""
"A0964","San Bernardino","Montclair","https://www.californiahealthmaps.org?address=A0964","Both","Liver",330445,10.9,7.4,15.8,66205,"","","",12585,"","","",219760,14.7,8.3,25.0,26315,"","","",2,66089,0.0,25.1,32.7,18.7,3.8,10.3,65.1,10.3,"","","","","",""
"A0964","San Bernardino","Montclair","https://www.californiahealthmaps.org?address=A0964","Both","Pancreas",330445,7.9,4.9,12.3,66205,"","","",12585,"","","",219760,"","","",26315,"","","",2,66089,0.0,25.1,32.7,18.7,3.8,10.3,65.1,10.3,"","","","","",""
