"Zone","Counties","Cities","URL","Sex","Cancer","PopTot","AAIR","LCI","UCI","White_PopTot","White_AAIR","White_LCI","White_UCI","Black_PopTot","Black_AAIR","Black_LCI","Black_UCI","Hispanic_PopTot","Hispanic_AAIR","Hispanic_LCI","Hispanic_UCI","Asian_PopTot","Asian_AAIR","Asian_LCI","Asian_UCI","QNSES","PopAll","PerRural","PerUninsured","PerForeignBorn","PerWhite","PerBlack","PerAsian","PerHispanic","PerAPI","PerDocvisit","PerFOBT","PerMammo","PerMenPrev","PerPap","PerWomenPrev"
"A0633","Los Angeles","Los Angeles","https://www.californiahealthmaps.org?address=A0633","Male","AllSite",171060,450.2,409.4,494.5,39175,546.6,481.5,622.0,"","","","",98620,374.3,299.1,469.1,21745,305.0,230.3,401.1,2,67003,0.0,28.2,47.9,21.2,3.7,14.4,58.6,14.4,63.1,58.5,78.4,26.3,84.0,31.9
"A0633","Los Angeles","Los Angeles","https://www.californiahealthmaps.org?address=A0633","Female","AllSite",163955,418.2,384.1,454.8,38420,482.2,422.9,552.5,"","","","",90390,405.5,345.8,474.2,23440,332.7,260.7,421.5,2,67003,0.0,28.2,47.9,21.2,3.7,14.4,58.6,14.4,63.1,58.5,78.4,26.3,84.0,31.9
"A0633","Los Angeles","Los Angeles","https://www.californiahealthmaps.org?address=A0633","Male","Prostate",171060,91.1,73.2,112.6,39175,86.1,61.9,121.7,"","","","",98620,69.9,41.2,120.3,21745,90.4,52.8,151.0,2,67003,0.0,28.2,47.9,21.2,3.7,14.4,58.6,14.4,63.1,58.5,78.4,26.3,84.0,31.9
"A0633","Los Angeles","Los Angeles","https://www.californiahealthmaps.org?address=A0633","Female","Breast",163955,146.7,126.8,169.0,38420,184.5,148.6,232.2,"","","","",90390,105.7,78.4,141.8,23440,121.8,80.2,180.9,2,67003,0.0,28.2,47.9,21.2,3.7,14.4,58.6,14.4,63.1,58.5,78.4,26.3,84.0,31.9
"A0633","Los Angeles","Los Angeles","https://www.californiahealthmaps.org?address=A0633","Male","Lung",171060,56.2,41.9,74.2,39175,89.5,63.9,126.8,"","","","",98620,"","","",21745,"","","",2,67003,0.0,28.2,47.9,21.2,3.7,14.4,58.6,14.4,63.1,58.5,78.4,26.3,84.0,31.9
"A0633","Los Angeles","Los Angeles","https://www.californiahealthmaps.org?address=A0633","Female","Lung",163955,30.8,21.7,42.8,38420,42.9,27.6,71.7,"","","","",90390,"","","",23440,"","","",2,67003,0.0,28.2,47.9,21.2,3.7,14.4,58.6,14.4,63.1,58.5,78.4,26.3,84.0,31.9
"A0633","Los Angeles","Los Angeles","https://www.californiahealthmaps.org?address=A0633","Male","CRC",171060,50.5,37.5,67.2,39175,62.1,41.6,94.5,"","","","",98620,"","","",21745,"","","",2,67003,0.0,28.2,47.9,21.2,3.7,14.4,58.6,14.4,63.1,58.5,78.4,26.3,84.0,31.9
"A0633","Los Angeles","Los Angeles","https://www.californiahealthmaps.org?address=A0633","Female","CRC",163955,26.8,18.8,37.3,38420,"","","","","","","",90390,37.0,20.1,64.5,23440,"","","",2,67003,0.0,28.2,47.9,21.2,3.7,14.4,58.6,14.4,63.1,58.5,78.4,26.3,84.0,31.9
"A0633","Los Angeles","Los Angeles","https://www.californiahealthmaps.org?address=A0633","Male","Mela",171060,27.1,18.1,39.8,39175,48.1,30.5,77.8,"","","","",98620,"","","",21745,"","","",2,67003,0.0,28.2,47.9,21.2,3.7,14.4,58.6,14.4,63.1,58.5,78.4,26.3,84.0,31.9
"A0633","Los Angeles","Los Angeles","https://www.californiahealthmaps.org?address=A0633","Female","Mela",163955,"","","",38420,"","","","","","","",90390,"","","",23440,"","","",2,67003,0.0,28.2,47.9,21.2,3.7,14.4,58.6,14.4,63.1,58.5,78.4,26.3,84.0,31.9
"A0633","Los Angeles","Los Angeles","https://www.californiahealthmaps.org?address=A0633","Female","Uterine",163955,31.6,22.8,43.0,38420,34.0,20.4,61.7,"","","","",90390,30.2,16.5,53.9,23440,"","","",2,67003,0.0,28.2,47.9,21.2,3.7,14.4,58.6,14.4,63.1,58.5,78.4,26.3,84.0,31.9
"A0633","Los Angeles","Los Angeles","https://www.californiahealthmaps.org?address=A0633","Male","Lymph",171060,19.1,11.6,30.4,39175,"","","","","","","",98620,"","","",21745,"","","",2,67003,0.0,28.2,47.9,21.2,3.7,14.4,58.6,14.4,63.1,58.5,78.4,26.3,84.0,31.9
"A0633","Los Angeles","Los Angeles","https://www.californiahealthmaps.org?address=A0633","Female","Lymph",163955,18.2,11.5,27.6,38420,"","","","","","","",90390,"","","",23440,"","","",2,67003,0.0,28.2,47.9,21.2,3.7,14.4,58.6,14.4,63.1,58.5,78.4,26.3,84.0,31.9
"A0633","Los Angeles","Los Angeles","https://www.californiahealthmaps.org?address=A0633","Male","Urinary",171060,16.7,9.3,28.2,39175,31.3,17.7,57.5,"","","","",98620,"","","",21745,"","","",2,67003,0.0,28.2,47.9,21.2,3.7,14.4,58.6,14.4,63.1,58.5,78.4,26.3,84.0,31.9
"A0633","Los Angeles","Los Angeles","https://www.californiahealthmaps.org?address=A0633","Female","Urinary",163955,"","","",38420,"","","","","","","",90390,"","","",23440,"","","",2,67003,0.0,28.2,47.9,21.2,3.7,14.4,58.6,14.4,63.1,58.5,78.4,26.3,84.0,31.9
"A0633","Los Angeles","Los Angeles","https://www.californiahealthmaps.org?address=A0633","Male","Kidney",171060,29.4,19.7,42.9,39175,42.6,25.8,71.9,"","","","",98620,"","","",21745,"","","",2,67003,0.0,28.2,47.9,21.2,3.7,14.4,58.6,14.4,63.1,58.5,78.4,26.3,84.0,31.9
"A0633","Los Angeles","Los Angeles","https://www.californiahealthmaps.org?address=A0633","Female","Kidney",163955,"","","",38420,"","","","","","","",90390,"","","",23440,"","","",2,67003,0.0,28.2,47.9,21.2,3.7,14.4,58.6,14.4,63.1,58.5,78.4,26.3,84.0,31.9
"A0633","Los Angeles","Los Angeles","https://www.californiahealthmaps.org?address=A0633","Male","Thyroid",171060,"","","",39175,"","","","","","","",98620,"","","",21745,"","","",2,67003,0.0,28.2,47.9,21.2,3.7,14.4,58.6,14.4,63.1,58.5,78.4,26.3,84.0,31.9
"A0633","Los Angeles","Los Angeles","https://www.californiahealthmaps.org?address=A0633","Female","Thyroid",163955,20.4,13.9,29.3,38420,"","","","","","","",90390,24.0,12.6,45.1,23440,"","","",2,67003,0.0,28.2,47.9,21.2,3.7,14.4,58.6,14.4,63.1,58.5,78.4,26.3,84.0,31.9
"A0633","Los Angeles","Los Angeles","https://www.californiahealthmaps.org?address=A0633","Male","Liver",171060,18.5,11.1,29.7,39175,"","","","","","","",98620,"","","",21745,"","","",2,67003,0.0,28.2,47.9,21.2,3.7,14.4,58.6,14.4,63.1,58.5,78.4,26.3,84.0,31.9
"A0633","Los Angeles","Los Angeles","https://www.californiahealthmaps.org?address=A0633","Female","Liver",163955,"","","",38420,"","","","","","","",90390,"","","",23440,"","","",2,67003,0.0,28.2,47.9,21.2,3.7,14.4,58.6,14.4,63.1,58.5,78.4,26.3,84.0,31.9
"A0633","Los Angeles","Los Angeles","https://www.californiahealthmaps.org?address=A0633","Male","Pancreas",171060,18.5,10.7,30.4,39175,"","","","","","","",98620,"","","",21745,"","","",2,67003,0.0,28.2,47.9,21.2,3.7,14.4,58.6,14.4,63.1,58.5,78.4,26.3,84.0,31.9
"A0633","Los Angeles","Los Angeles","https://www.californiahealthmaps.org?address=A0633","Female","Pancreas",163955,12.7,7.3,20.9,38420,"","","","","","","",90390,"","","",23440,"","","",2,67003,0.0,28.2,47.9,21.2,3.7,14.4,58.6,14.4,63.1,58.5,78.4,26.3,84.0,31.9
"A0633","Los Angeles","Los Angeles","https://www.californiahealthmaps.org?address=A0633","Both","AllSite",335015,429.0,402.9,456.5,77595,509.0,465.4,557.8,14875,501.8,340.0,738.7,189010,384.7,338.3,437.1,45185,320.6,267.5,382.8,2,67003,0.0,28.2,47.9,21.2,3.7,14.4,58.6,14.4,63.1,58.5,78.4,26.3,84.0,31.9
"A0633","Los Angeles","Los Angeles","https://www.californiahealthmaps.org?address=A0633","Both","Lung",335015,42.4,34.1,52.3,77595,65.3,50.4,85.9,14875,"","","",189010,"","","",45185,"","","",2,67003,0.0,28.2,47.9,21.2,3.7,14.4,58.6,14.4,63.1,58.5,78.4,26.3,84.0,31.9
"A0633","Los Angeles","Los Angeles","https://www.californiahealthmaps.org?address=A0633","Both","CRC",335015,37.2,29.9,46.0,77595,37.0,26.2,53.8,14875,"","","",189010,40.0,25.2,61.7,45185,40.5,23.7,67.2,2,67003,0.0,28.2,47.9,21.2,3.7,14.4,58.6,14.4,63.1,58.5,78.4,26.3,84.0,31.9
"A0633","Los Angeles","Los Angeles","https://www.californiahealthmaps.org?address=A0633","Both","Mela",335015,16.4,11.6,22.8,77595,29.7,20.0,45.6,14875,"","","",189010,"","","",45185,"","","",2,67003,0.0,28.2,47.9,21.2,3.7,14.4,58.6,14.4,63.1,58.5,78.4,26.3,84.0,31.9
"A0633","Los Angeles","Los Angeles","https://www.californiahealthmaps.org?address=A0633","Both","Lymph",335015,18.6,13.4,25.2,77595,19.1,11.5,33.2,14875,"","","",189010,22.2,12.2,39.1,45185,"","","",2,67003,0.0,28.2,47.9,21.2,3.7,14.4,58.6,14.4,63.1,58.5,78.4,26.3,84.0,31.9
"A0633","Los Angeles","Los Angeles","https://www.californiahealthmaps.org?address=A0633","Both","Urinary",335015,9.7,6.1,14.9,77595,19.3,12.2,32.8,14875,"","","",189010,"","","",45185,"","","",2,67003,0.0,28.2,47.9,21.2,3.7,14.4,58.6,14.4,63.1,58.5,78.4,26.3,84.0,31.9
"A0633","Los Angeles","Los Angeles","https://www.californiahealthmaps.org?address=A0633","Both","Kidney",335015,18.2,13.1,24.8,77595,27.0,17.6,42.7,14875,"","","",189010,"","","",45185,"","","",2,67003,0.0,28.2,47.9,21.2,3.7,14.4,58.6,14.4,63.1,58.5,78.4,26.3,84.0,31.9
"A0633","Los Angeles","Los Angeles","https://www.californiahealthmaps.org?address=A0633","Both","Thyroid",335015,12.8,9.1,17.9,77595,"","","",14875,"","","",189010,14.3,7.6,27.7,45185,"","","",2,67003,0.0,28.2,47.9,21.2,3.7,14.4,58.6,14.4,63.1,58.5,78.4,26.3,84.0,31.9
"A0633","Los Angeles","Los Angeles","https://www.californiahealthmaps.org?address=A0633","Both","Liver",335015,11.3,7.3,16.8,77595,"","","",14875,"","","",189010,"","","",45185,"","","",2,67003,0.0,28.2,47.9,21.2,3.7,14.4,58.6,14.4,63.1,58.5,78.4,26.3,84.0,31.9
"A0633","Los Angeles","Los Angeles","https://www.californiahealthmaps.org?address=A0633","Both","Pancreas",335015,14.9,10.3,21.1,77595,14.5,7.8,28.1,14875,"","","",189010,23.0,12.0,41.4,45185,"","","",2,67003,0.0,28.2,47.9,21.2,3.7,14.4,58.6,14.4,63.1,58.5,78.4,26.3,84.0,31.9
