"Zone","Counties","Cities","URL","Sex","Cancer","PopTot","AAIR","LCI","UCI","White_PopTot","White_AAIR","White_LCI","White_UCI","Black_PopTot","Black_AAIR","Black_LCI","Black_UCI","Hispanic_PopTot","Hispanic_AAIR","Hispanic_LCI","Hispanic_UCI","Asian_PopTot","Asian_AAIR","Asian_LCI","Asian_UCI","QNSES","PopAll","PerRural","PerUninsured","PerForeignBorn","PerWhite","PerBlack","PerAsian","PerHispanic"
"A0782","Los Angeles","Los Angeles","https://www.californiahealthmaps.org?address=A0782","Male","AllSite",157950,434.1,387.2,486.1,"","","","",40345,484.1,416.7,561.4,114430,396.5,318.6,495.2,"","","","",1,64891,0.0,31.1,36.3,1.3,29.8,0.2,68.4
"A0782","Los Angeles","Los Angeles","https://www.californiahealthmaps.org?address=A0782","Female","AllSite",166505,367.9,332.4,406.5,"","","","",52430,370.8,321.8,426.1,110440,360.9,303.1,429.0,"","","","",1,64891,0.0,31.1,36.3,1.3,29.8,0.2,68.4
"A0782","Los Angeles","Los Angeles","https://www.californiahealthmaps.org?address=A0782","Male","Prostate",157950,123.8,99.6,153.2,"","","","",40345,125.8,93.7,167.9,114430,139.3,91.8,210.4,"","","","",1,64891,0.0,31.1,36.3,1.3,29.8,0.2,68.4
"A0782","Los Angeles","Los Angeles","https://www.californiahealthmaps.org?address=A0782","Female","Breast",166505,90.0,73.0,110.3,"","","","",52430,93.4,69.4,124.1,110440,76.6,52.6,111.3,"","","","",1,64891,0.0,31.1,36.3,1.3,29.8,0.2,68.4
"A0782","Los Angeles","Los Angeles","https://www.californiahealthmaps.org?address=A0782","Male","Lung",157950,42.7,28.0,63.3,"","","","",40345,65.7,42.7,99.4,114430,"","","","","","","",1,64891,0.0,31.1,36.3,1.3,29.8,0.2,68.4
"A0782","Los Angeles","Los Angeles","https://www.californiahealthmaps.org?address=A0782","Female","Lung",166505,34.9,24.2,49.0,"","","","",52430,46.2,30.4,68.7,110440,"","","","","","","",1,64891,0.0,31.1,36.3,1.3,29.8,0.2,68.4
"A0782","Los Angeles","Los Angeles","https://www.californiahealthmaps.org?address=A0782","Male","CRC",157950,45.0,31.1,64.2,"","","","",40345,45.9,26.6,76.5,114430,37.0,19.6,79.2,"","","","",1,64891,0.0,31.1,36.3,1.3,29.8,0.2,68.4
"A0782","Los Angeles","Los Angeles","https://www.californiahealthmaps.org?address=A0782","Female","CRC",166505,31.1,21.5,43.9,"","","","",52430,31.2,18.7,50.7,110440,30.1,16.0,55.8,"","","","",1,64891,0.0,31.1,36.3,1.3,29.8,0.2,68.4
"A0782","Los Angeles","Los Angeles","https://www.californiahealthmaps.org?address=A0782","Male","Mela",157950,2.9,0.2,13.3,"","","","",40345,"","","",114430,"","","","","","","",1,64891,0.0,31.1,36.3,1.3,29.8,0.2,68.4
"A0782","Los Angeles","Los Angeles","https://www.californiahealthmaps.org?address=A0782","Female","Mela",166505,0.0,"",4.6,"","","","",52430,"","","",110440,"","","","","","","",1,64891,0.0,31.1,36.3,1.3,29.8,0.2,68.4
"A0782","Los Angeles","Los Angeles","https://www.californiahealthmaps.org?address=A0782","Female","Uterine",166505,31.5,21.7,44.7,"","","","",52430,27.3,15.2,46.7,110440,33.9,18.6,60.7,"","","","",1,64891,0.0,31.1,36.3,1.3,29.8,0.2,68.4
"A0782","Los Angeles","Los Angeles","https://www.californiahealthmaps.org?address=A0782","Male","Lymph",157950,20.7,11.3,36.0,"","","","",40345,"","","",114430,"","","","","","","",1,64891,0.0,31.1,36.3,1.3,29.8,0.2,68.4
"A0782","Los Angeles","Los Angeles","https://www.californiahealthmaps.org?address=A0782","Female","Lymph",166505,11.4,5.9,20.3,"","","","",52430,"","","",110440,"","","","","","","",1,64891,0.0,31.1,36.3,1.3,29.8,0.2,68.4
"A0782","Los Angeles","Los Angeles","https://www.californiahealthmaps.org?address=A0782","Male","Urinary",157950,11.7,4.8,25.0,"","","","",40345,"","","",114430,"","","","","","","",1,64891,0.0,31.1,36.3,1.3,29.8,0.2,68.4
"A0782","Los Angeles","Los Angeles","https://www.californiahealthmaps.org?address=A0782","Female","Urinary",166505,4.2,1.3,10.7,"","","","",52430,"","","",110440,"","","","","","","",1,64891,0.0,31.1,36.3,1.3,29.8,0.2,68.4
"A0782","Los Angeles","Los Angeles","https://www.californiahealthmaps.org?address=A0782","Male","Kidney",157950,17.7,9.2,32.1,"","","","",40345,"","","",114430,"","","","","","","",1,64891,0.0,31.1,36.3,1.3,29.8,0.2,68.4
"A0782","Los Angeles","Los Angeles","https://www.californiahealthmaps.org?address=A0782","Female","Kidney",166505,11.8,6.3,20.7,"","","","",52430,"","","",110440,"","","","","","","",1,64891,0.0,31.1,36.3,1.3,29.8,0.2,68.4
"A0782","Los Angeles","Los Angeles","https://www.californiahealthmaps.org?address=A0782","Male","Thyroid",157950,4.3,1.2,14.0,"","","","",40345,"","","",114430,"","","","","","","",1,64891,0.0,31.1,36.3,1.3,29.8,0.2,68.4
"A0782","Los Angeles","Los Angeles","https://www.californiahealthmaps.org?address=A0782","Female","Thyroid",166505,10.1,5.3,18.2,"","","","",52430,"","","",110440,"","","","","","","",1,64891,0.0,31.1,36.3,1.3,29.8,0.2,68.4
"A0782","Los Angeles","Los Angeles","https://www.californiahealthmaps.org?address=A0782","Both","AllSite",324455,392.8,364.6,422.9,"","","","",92775,416.1,375.9,460.0,224870,368.3,322.3,420.9,"","","","",1,64891,0.0,31.1,36.3,1.3,29.8,0.2,68.4
"A0782","Los Angeles","Los Angeles","https://www.californiahealthmaps.org?address=A0782","Both","Lung",324455,37.5,28.7,48.3,"","","","",92775,53.6,40.1,71.1,224870,"","","","","","","",1,64891,0.0,31.1,36.3,1.3,29.8,0.2,68.4
"A0782","Los Angeles","Los Angeles","https://www.californiahealthmaps.org?address=A0782","Both","CRC",324455,37.2,29.0,47.4,"","","","",92775,37.0,25.9,52.3,224870,33.8,22.0,52.7,"","","","",1,64891,0.0,31.1,36.3,1.3,29.8,0.2,68.4
"A0782","Los Angeles","Los Angeles","https://www.californiahealthmaps.org?address=A0782","Both","Mela",324455,1.1,0.1,4.8,"","","","",92775,"","","",224870,"","","","","","","",1,64891,0.0,31.1,36.3,1.3,29.8,0.2,68.4
"A0782","Los Angeles","Los Angeles","https://www.californiahealthmaps.org?address=A0782","Both","Lymph",324455,14.9,9.8,21.9,"","","","",92775,"","","",224870,16.3,8.2,32.4,"","","","",1,64891,0.0,31.1,36.3,1.3,29.8,0.2,68.4
"A0782","Los Angeles","Los Angeles","https://www.californiahealthmaps.org?address=A0782","Both","Urinary",324455,7.1,3.8,12.6,"","","","",92775,"","","",224870,"","","","","","","",1,64891,0.0,31.1,36.3,1.3,29.8,0.2,68.4
"A0782","Los Angeles","Los Angeles","https://www.californiahealthmaps.org?address=A0782","Both","Kidney",324455,14.2,9.2,21.2,"","","","",92775,16.9,9.6,28.6,224870,"","","","","","","",1,64891,0.0,31.1,36.3,1.3,29.8,0.2,68.4
"A0782","Los Angeles","Los Angeles","https://www.californiahealthmaps.org?address=A0782","Both","Thyroid",324455,7.4,4.3,12.6,"","","","",92775,"","","",224870,"","","","","","","",1,64891,0.0,31.1,36.3,1.3,29.8,0.2,68.4
