"Zone","Counties","Cities","URL","Sex","Cancer","PopTot","AAIR","LCI","UCI","White_PopTot","White_AAIR","White_LCI","White_UCI","Black_PopTot","Black_AAIR","Black_LCI","Black_UCI","Hispanic_PopTot","Hispanic_AAIR","Hispanic_LCI","Hispanic_UCI","Asian_PopTot","Asian_AAIR","Asian_LCI","Asian_UCI","QNSES","PopAll","PerRural","PerUninsured","PerForeignBorn","PerWhite","PerBlack","PerAsian","PerHispanic"
"A0983","Santa Clara","San Jose","https://www.californiahealthmaps.org?address=A0983","Male","AllSite",162425,506.8,471.0,544.9,87090,528.7,484.5,577.2,"","","","",28765,480.1,351.7,650.5,36300,411.9,338.1,500.0,5,65720,0.6,8.5,29.0,52.4,1.9,23.5,17.8
"A0983","Santa Clara","San Jose","https://www.californiahealthmaps.org?address=A0983","Female","AllSite",166175,414.2,385.4,445.1,86635,437.9,400.6,479.5,"","","","",29555,303.5,228.0,400.4,39890,403.6,341.1,477.9,5,65720,0.6,8.5,29.0,52.4,1.9,23.5,17.8
"A0983","Santa Clara","San Jose","https://www.californiahealthmaps.org?address=A0983","Male","Prostate",162425,114.3,98.2,132.7,87090,113.8,94.7,137.2,"","","","",28765,145.8,82.9,252.8,36300,74.8,47.5,116.8,5,65720,0.6,8.5,29.0,52.4,1.9,23.5,17.8
"A0983","Santa Clara","San Jose","https://www.californiahealthmaps.org?address=A0983","Female","Breast",166175,145.3,128.6,163.9,86635,157.9,135.6,184.6,"","","","",29555,72.0,41.3,124.6,39890,152.3,116.2,200.3,5,65720,0.6,8.5,29.0,52.4,1.9,23.5,17.8
"A0983","Santa Clara","San Jose","https://www.californiahealthmaps.org?address=A0983","Male","Lung",162425,52.8,41.2,67.0,87090,53.4,39.8,71.9,"","","","",28765,"","","",36300,67.7,40.2,110.7,5,65720,0.6,8.5,29.0,52.4,1.9,23.5,17.8
"A0983","Santa Clara","San Jose","https://www.californiahealthmaps.org?address=A0983","Female","Lung",166175,45.1,35.8,56.5,86635,49.6,38.1,65.8,"","","","",29555,"","","",39890,40.4,22.6,72.0,5,65720,0.6,8.5,29.0,52.4,1.9,23.5,17.8
"A0983","Santa Clara","San Jose","https://www.californiahealthmaps.org?address=A0983","Male","CRC",162425,46.4,35.9,59.3,87090,45.5,33.1,62.7,"","","","",28765,"","","",36300,"","","",5,65720,0.6,8.5,29.0,52.4,1.9,23.5,17.8
"A0983","Santa Clara","San Jose","https://www.californiahealthmaps.org?address=A0983","Female","CRC",166175,25.0,18.4,33.7,86635,27.5,19.0,41.1,"","","","",29555,"","","",39890,"","","",5,65720,0.6,8.5,29.0,52.4,1.9,23.5,17.8
"A0983","Santa Clara","San Jose","https://www.californiahealthmaps.org?address=A0983","Male","Mela",162425,50.4,40.0,63.1,87090,66.7,52.1,85.9,"","","","",28765,"","","",36300,"","","",5,65720,0.6,8.5,29.0,52.4,1.9,23.5,17.8
"A0983","Santa Clara","San Jose","https://www.californiahealthmaps.org?address=A0983","Female","Mela",166175,27.6,20.6,36.9,86635,33.9,24.1,48.6,"","","","",29555,"","","",39890,"","","",5,65720,0.6,8.5,29.0,52.4,1.9,23.5,17.8
"A0983","Santa Clara","San Jose","https://www.californiahealthmaps.org?address=A0983","Female","Uterine",166175,24.1,17.7,32.5,86635,25.2,17.3,38.0,"","","","",29555,"","","",39890,"","","",5,65720,0.6,8.5,29.0,52.4,1.9,23.5,17.8
"A0983","Santa Clara","San Jose","https://www.californiahealthmaps.org?address=A0983","Male","Lymph",162425,24.8,17.5,34.6,87090,27.5,17.8,42.3,"","","","",28765,"","","",36300,"","","",5,65720,0.6,8.5,29.0,52.4,1.9,23.5,17.8
"A0983","Santa Clara","San Jose","https://www.californiahealthmaps.org?address=A0983","Female","Lymph",166175,20.5,14.4,28.9,86635,18.2,11.3,30.3,"","","","",29555,"","","",39890,"","","",5,65720,0.6,8.5,29.0,52.4,1.9,23.5,17.8
"A0983","Santa Clara","San Jose","https://www.californiahealthmaps.org?address=A0983","Male","Urinary",162425,21.4,14.3,31.3,87090,22.8,14.3,36.4,"","","","",28765,"","","",36300,"","","",5,65720,0.6,8.5,29.0,52.4,1.9,23.5,17.8
"A0983","Santa Clara","San Jose","https://www.californiahealthmaps.org?address=A0983","Female","Urinary",166175,5.8,2.8,11.4,86635,"","","","","","","",29555,"","","",39890,"","","",5,65720,0.6,8.5,29.0,52.4,1.9,23.5,17.8
"A0983","Santa Clara","San Jose","https://www.californiahealthmaps.org?address=A0983","Male","Kidney",162425,17.0,11.4,24.9,87090,16.9,10.3,28.4,"","","","",28765,"","","",36300,"","","",5,65720,0.6,8.5,29.0,52.4,1.9,23.5,17.8
"A0983","Santa Clara","San Jose","https://www.californiahealthmaps.org?address=A0983","Female","Kidney",166175,7.5,4.0,13.2,86635,"","","","","","","",29555,"","","",39890,"","","",5,65720,0.6,8.5,29.0,52.4,1.9,23.5,17.8
"A0983","Santa Clara","San Jose","https://www.californiahealthmaps.org?address=A0983","Male","Thyroid",162425,8.9,4.7,15.8,87090,"","","","","","","",28765,"","","",36300,"","","",5,65720,0.6,8.5,29.0,52.4,1.9,23.5,17.8
"A0983","Santa Clara","San Jose","https://www.californiahealthmaps.org?address=A0983","Female","Thyroid",166175,15.1,10.0,22.4,86635,12.5,7.0,23.6,"","","","",29555,"","","",39890,"","","",5,65720,0.6,8.5,29.0,52.4,1.9,23.5,17.8
"A0983","Santa Clara","San Jose","https://www.californiahealthmaps.org?address=A0983","Both","AllSite",328600,452.6,430.1,476.0,173725,475.1,446.7,505.6,"","","","",58320,367.4,299.5,449.0,76190,404.0,356.1,457.6,5,65720,0.6,8.5,29.0,52.4,1.9,23.5,17.8
"A0983","Santa Clara","San Jose","https://www.californiahealthmaps.org?address=A0983","Both","Lung",328600,48.4,41.0,56.9,173725,51.1,42.2,62.3,"","","","",58320,"","","",76190,52.3,36.1,74.9,5,65720,0.6,8.5,29.0,52.4,1.9,23.5,17.8
"A0983","Santa Clara","San Jose","https://www.californiahealthmaps.org?address=A0983","Both","CRC",328600,34.3,28.3,41.3,173725,35.4,28.1,45.0,"","","","",58320,"","","",76190,22.2,13.2,37.5,5,65720,0.6,8.5,29.0,52.4,1.9,23.5,17.8
"A0983","Santa Clara","San Jose","https://www.californiahealthmaps.org?address=A0983","Both","Mela",328600,38.5,32.3,45.9,173725,49.9,41.0,61.0,"","","","",58320,"","","",76190,"","","",5,65720,0.6,8.5,29.0,52.4,1.9,23.5,17.8
"A0983","Santa Clara","San Jose","https://www.californiahealthmaps.org?address=A0983","Both","Lymph",328600,22.6,17.8,28.5,173725,22.6,16.6,31.1,"","","","",58320,"","","",76190,22.5,12.0,39.9,5,65720,0.6,8.5,29.0,52.4,1.9,23.5,17.8
"A0983","Santa Clara","San Jose","https://www.californiahealthmaps.org?address=A0983","Both","Urinary",328600,12.4,8.8,17.2,173725,12.2,8.1,18.8,"","","","",58320,"","","",76190,"","","",5,65720,0.6,8.5,29.0,52.4,1.9,23.5,17.8
"A0983","Santa Clara","San Jose","https://www.californiahealthmaps.org?address=A0983","Both","Kidney",328600,12.0,8.7,16.4,173725,11.1,7.4,17.4,"","","","",58320,"","","",76190,"","","",5,65720,0.6,8.5,29.0,52.4,1.9,23.5,17.8
"A0983","Santa Clara","San Jose","https://www.californiahealthmaps.org?address=A0983","Both","Thyroid",328600,11.8,8.5,16.3,173725,10.2,6.4,16.5,"","","","",58320,"","","",76190,21.2,11.9,37.1,5,65720,0.6,8.5,29.0,52.4,1.9,23.5,17.8
