"Zone","Counties","Cities","URL","Sex","Cancer","PopTot","AAIR","LCI","UCI","White_PopTot","White_AAIR","White_LCI","White_UCI","Black_PopTot","Black_AAIR","Black_LCI","Black_UCI","Hispanic_PopTot","Hispanic_AAIR","Hispanic_LCI","Hispanic_UCI","Asian_PopTot","Asian_AAIR","Asian_LCI","Asian_UCI","QNSES","PopAll","PerRural","PerUninsured","PerForeignBorn","PerWhite","PerBlack","PerAsian","PerHispanic","PerAPI","PerDocvisit","PerFOBT","PerMammo","PerMenPrev","PerPap","PerWomenPrev"
"A0852","Sacramento","Sacramento, Elk Grove","https://www.californiahealthmaps.org?address=A0852","Male","AllSite",160830,543.2,499.8,589.9,39550,638.3,565.8,719.2,25875,605.1,483.3,753.9,44580,460.4,362.7,583.1,42555,431.9,357.5,520.3,3,64438,17.5,15.7,27.3,24.3,18.8,28.1,24.0,28.1,64.8,63.2,79.1,23.7,80.0,21.6
"A0852","Sacramento","Sacramento, Elk Grove","https://www.californiahealthmaps.org?address=A0852","Female","AllSite",161360,494.4,457.9,533.4,38250,543.9,480.4,615.5,27140,574.2,477.4,687.9,41870,441.9,354.1,549.6,45330,444.6,377.4,521.8,3,64438,17.5,15.7,27.3,24.3,18.8,28.1,24.0,28.1,64.8,63.2,79.1,23.7,80.0,21.6
"A0852","Sacramento","Sacramento, Elk Grove","https://www.californiahealthmaps.org?address=A0852","Male","Prostate",160830,97.6,80.8,117.6,39550,98.1,72.9,131.5,25875,158.9,106.3,237.9,44580,103.9,60.6,174.6,42555,64.0,38.7,104.3,3,64438,17.5,15.7,27.3,24.3,18.8,28.1,24.0,28.1,64.8,63.2,79.1,23.7,80.0,21.6
"A0852","Sacramento","Sacramento, Elk Grove","https://www.californiahealthmaps.org?address=A0852","Female","Breast",161360,164.7,144.1,187.7,38250,188.9,152.7,233.5,27140,243.8,181.6,323.6,41870,149.0,100.3,218.6,45330,121.3,89.4,163.0,3,64438,17.5,15.7,27.3,24.3,18.8,28.1,24.0,28.1,64.8,63.2,79.1,23.7,80.0,21.6
"A0852","Sacramento","Sacramento, Elk Grove","https://www.californiahealthmaps.org?address=A0852","Male","Lung",160830,84.3,67.0,105.4,39550,115.6,86.1,154.0,25875,"","","",44580,"","","",42555,58.6,32.5,101.0,3,64438,17.5,15.7,27.3,24.3,18.8,28.1,24.0,28.1,64.8,63.2,79.1,23.7,80.0,21.6
"A0852","Sacramento","Sacramento, Elk Grove","https://www.californiahealthmaps.org?address=A0852","Female","Lung",161360,53.8,41.7,68.4,38250,69.2,48.9,98.1,27140,"","","",41870,"","","",45330,"","","",3,64438,17.5,15.7,27.3,24.3,18.8,28.1,24.0,28.1,64.8,63.2,79.1,23.7,80.0,21.6
"A0852","Sacramento","Sacramento, Elk Grove","https://www.californiahealthmaps.org?address=A0852","Male","CRC",160830,52.4,39.6,68.7,39550,51.5,31.9,80.6,25875,"","","",44580,"","","",42555,45.4,24.9,81.2,3,64438,17.5,15.7,27.3,24.3,18.8,28.1,24.0,28.1,64.8,63.2,79.1,23.7,80.0,21.6
"A0852","Sacramento","Sacramento, Elk Grove","https://www.californiahealthmaps.org?address=A0852","Female","CRC",161360,41.5,31.2,54.4,38250,38.2,23.0,62.5,27140,"","","",41870,"","","",45330,50.4,28.8,83.4,3,64438,17.5,15.7,27.3,24.3,18.8,28.1,24.0,28.1,64.8,63.2,79.1,23.7,80.0,21.6
"A0852","Sacramento","Sacramento, Elk Grove","https://www.californiahealthmaps.org?address=A0852","Male","Mela",160830,23.2,15.0,35.2,39550,50.8,31.9,78.9,25875,"","","",44580,"","","",42555,"","","",3,64438,17.5,15.7,27.3,24.3,18.8,28.1,24.0,28.1,64.8,63.2,79.1,23.7,80.0,21.6
"A0852","Sacramento","Sacramento, Elk Grove","https://www.californiahealthmaps.org?address=A0852","Female","Mela",161360,17.1,11.2,25.6,38250,38.9,22.8,64.7,27140,"","","",41870,"","","",45330,"","","",3,64438,17.5,15.7,27.3,24.3,18.8,28.1,24.0,28.1,64.8,63.2,79.1,23.7,80.0,21.6
"A0852","Sacramento","Sacramento, Elk Grove","https://www.californiahealthmaps.org?address=A0852","Female","Uterine",161360,32.5,23.8,43.7,38250,31.1,17.3,54.6,27140,"","","",41870,"","","",45330,"","","",3,64438,17.5,15.7,27.3,24.3,18.8,28.1,24.0,28.1,64.8,63.2,79.1,23.7,80.0,21.6
"A0852","Sacramento","Sacramento, Elk Grove","https://www.californiahealthmaps.org?address=A0852","Male","Lymph",160830,26.5,17.4,39.3,39550,38.9,22.3,65.2,25875,"","","",44580,"","","",42555,"","","",3,64438,17.5,15.7,27.3,24.3,18.8,28.1,24.0,28.1,64.8,63.2,79.1,23.7,80.0,21.6
"A0852","Sacramento","Sacramento, Elk Grove","https://www.californiahealthmaps.org?address=A0852","Female","Lymph",161360,21.1,14.0,30.9,38250,"","","",27140,"","","",41870,"","","",45330,"","","",3,64438,17.5,15.7,27.3,24.3,18.8,28.1,24.0,28.1,64.8,63.2,79.1,23.7,80.0,21.6
"A0852","Sacramento","Sacramento, Elk Grove","https://www.californiahealthmaps.org?address=A0852","Male","Urinary",160830,19.4,11.7,31.1,39550,33.6,18.7,58.0,25875,"","","",44580,"","","",42555,"","","",3,64438,17.5,15.7,27.3,24.3,18.8,28.1,24.0,28.1,64.8,63.2,79.1,23.7,80.0,21.6
"A0852","Sacramento","Sacramento, Elk Grove","https://www.californiahealthmaps.org?address=A0852","Female","Urinary",161360,"","","",38250,"","","",27140,"","","",41870,"","","",45330,"","","",3,64438,17.5,15.7,27.3,24.3,18.8,28.1,24.0,28.1,64.8,63.2,79.1,23.7,80.0,21.6
"A0852","Sacramento","Sacramento, Elk Grove","https://www.californiahealthmaps.org?address=A0852","Male","Kidney",160830,32.6,22.8,46.0,39550,26.2,14.4,47.0,25875,"","","",44580,"","","",42555,"","","",3,64438,17.5,15.7,27.3,24.3,18.8,28.1,24.0,28.1,64.8,63.2,79.1,23.7,80.0,21.6
"A0852","Sacramento","Sacramento, Elk Grove","https://www.californiahealthmaps.org?address=A0852","Female","Kidney",161360,9.7,5.4,16.6,38250,"","","",27140,"","","",41870,"","","",45330,"","","",3,64438,17.5,15.7,27.3,24.3,18.8,28.1,24.0,28.1,64.8,63.2,79.1,23.7,80.0,21.6
"A0852","Sacramento","Sacramento, Elk Grove","https://www.californiahealthmaps.org?address=A0852","Male","Thyroid",160830,"","","",39550,"","","",25875,"","","",44580,"","","",42555,"","","",3,64438,17.5,15.7,27.3,24.3,18.8,28.1,24.0,28.1,64.8,63.2,79.1,23.7,80.0,21.6
"A0852","Sacramento","Sacramento, Elk Grove","https://www.californiahealthmaps.org?address=A0852","Female","Thyroid",161360,24.4,17.0,34.2,38250,"","","",27140,"","","",41870,"","","",45330,"","","",3,64438,17.5,15.7,27.3,24.3,18.8,28.1,24.0,28.1,64.8,63.2,79.1,23.7,80.0,21.6
"A0852","Sacramento","Sacramento, Elk Grove","https://www.californiahealthmaps.org?address=A0852","Male","Liver",160830,24.5,16.5,36.1,39550,"","","",25875,"","","",44580,"","","",42555,"","","",3,64438,17.5,15.7,27.3,24.3,18.8,28.1,24.0,28.1,64.8,63.2,79.1,23.7,80.0,21.6
"A0852","Sacramento","Sacramento, Elk Grove","https://www.californiahealthmaps.org?address=A0852","Female","Liver",161360,"","","",38250,"","","",27140,"","","",41870,"","","",45330,"","","",3,64438,17.5,15.7,27.3,24.3,18.8,28.1,24.0,28.1,64.8,63.2,79.1,23.7,80.0,21.6
"A0852","Sacramento","Sacramento, Elk Grove","https://www.californiahealthmaps.org?address=A0852","Male","Pancreas",160830,19.9,11.7,32.1,39550,"","","",25875,"","","",44580,"","","",42555,"","","",3,64438,17.5,15.7,27.3,24.3,18.8,28.1,24.0,28.1,64.8,63.2,79.1,23.7,80.0,21.6
"A0852","Sacramento","Sacramento, Elk Grove","https://www.californiahealthmaps.org?address=A0852","Female","Pancreas",161360,17.1,10.6,26.3,38250,"","","",27140,"","","",41870,"","","",45330,"","","",3,64438,17.5,15.7,27.3,24.3,18.8,28.1,24.0,28.1,64.8,63.2,79.1,23.7,80.0,21.6
"A0852","Sacramento","Sacramento, Elk Grove","https://www.californiahealthmaps.org?address=A0852","Both","AllSite",322190,513.1,485.2,542.3,77800,582.5,535.0,633.9,53015,582.9,506.5,669.4,86450,449.4,383.0,526.3,87885,437.1,386.9,492.9,3,64438,17.5,15.7,27.3,24.3,18.8,28.1,24.0,28.1,64.8,63.2,79.1,23.7,80.0,21.6
"A0852","Sacramento","Sacramento, Elk Grove","https://www.californiahealthmaps.org?address=A0852","Both","Lung",322190,67.5,57.1,79.3,77800,91.4,73.5,113.4,53015,58.0,35.5,91.8,86450,"","","",87885,47.8,31.8,70.0,3,64438,17.5,15.7,27.3,24.3,18.8,28.1,24.0,28.1,64.8,63.2,79.1,23.7,80.0,21.6
"A0852","Sacramento","Sacramento, Elk Grove","https://www.californiahealthmaps.org?address=A0852","Both","CRC",322190,46.7,38.4,56.3,77800,44.2,31.7,61.2,53015,55.2,32.9,88.9,86450,49.6,29.8,81.1,87885,48.3,32.5,70.1,3,64438,17.5,15.7,27.3,24.3,18.8,28.1,24.0,28.1,64.8,63.2,79.1,23.7,80.0,21.6
"A0852","Sacramento","Sacramento, Elk Grove","https://www.californiahealthmaps.org?address=A0852","Both","Mela",322190,19.4,14.4,25.7,77800,43.2,30.9,59.9,53015,"","","",86450,"","","",87885,"","","",3,64438,17.5,15.7,27.3,24.3,18.8,28.1,24.0,28.1,64.8,63.2,79.1,23.7,80.0,21.6
"A0852","Sacramento","Sacramento, Elk Grove","https://www.californiahealthmaps.org?address=A0852","Both","Lymph",322190,23.4,17.6,30.6,77800,29.2,19.3,43.6,53015,"","","",86450,"","","",87885,"","","",3,64438,17.5,15.7,27.3,24.3,18.8,28.1,24.0,28.1,64.8,63.2,79.1,23.7,80.0,21.6
"A0852","Sacramento","Sacramento, Elk Grove","https://www.californiahealthmaps.org?address=A0852","Both","Urinary",322190,9.5,5.9,14.5,77800,17.0,10.0,28.5,53015,"","","",86450,"","","",87885,"","","",3,64438,17.5,15.7,27.3,24.3,18.8,28.1,24.0,28.1,64.8,63.2,79.1,23.7,80.0,21.6
"A0852","Sacramento","Sacramento, Elk Grove","https://www.californiahealthmaps.org?address=A0852","Both","Kidney",322190,20.0,14.9,26.4,77800,18.9,11.7,30.3,53015,"","","",86450,"","","",87885,"","","",3,64438,17.5,15.7,27.3,24.3,18.8,28.1,24.0,28.1,64.8,63.2,79.1,23.7,80.0,21.6
"A0852","Sacramento","Sacramento, Elk Grove","https://www.californiahealthmaps.org?address=A0852","Both","Thyroid",322190,15.7,11.3,21.4,77800,"","","",53015,"","","",86450,"","","",87885,"","","",3,64438,17.5,15.7,27.3,24.3,18.8,28.1,24.0,28.1,64.8,63.2,79.1,23.7,80.0,21.6
"A0852","Sacramento","Sacramento, Elk Grove","https://www.californiahealthmaps.org?address=A0852","Both","Liver",322190,15.7,11.3,21.5,77800,"","","",53015,"","","",86450,"","","",87885,24.6,14.3,40.9,3,64438,17.5,15.7,27.3,24.3,18.8,28.1,24.0,28.1,64.8,63.2,79.1,23.7,80.0,21.6
"A0852","Sacramento","Sacramento, Elk Grove","https://www.californiahealthmaps.org?address=A0852","Both","Pancreas",322190,18.0,12.8,24.7,77800,18.4,10.7,30.7,53015,"","","",86450,"","","",87885,"","","",3,64438,17.5,15.7,27.3,24.3,18.8,28.1,24.0,28.1,64.8,63.2,79.1,23.7,80.0,21.6
