"Zone","Counties","Cities","URL","Sex","Cancer","PopTot","AAIR","LCI","UCI","White_PopTot","White_AAIR","White_LCI","White_UCI","Black_PopTot","Black_AAIR","Black_LCI","Black_UCI","Hispanic_PopTot","Hispanic_AAIR","Hispanic_LCI","Hispanic_UCI","Asian_PopTot","Asian_AAIR","Asian_LCI","Asian_UCI","QNSES","PopAll","PerRural","PerUninsured","PerForeignBorn","PerWhite","PerBlack","PerAsian","PerHispanic"
"A0840","Contra Costa","Richmond","https://www.californiahealthmaps.org?address=A0840","Male","AllSite",147945,475.7,435.5,519.0,26255,574.5,500.6,666.2,27170,594.2,492.7,715.7,51240,305.9,228.6,404.7,37400,369.8,298.0,461.9,3,61503,0.0,17.0,35.3,18.7,18.0,26.3,30.9
"A0840","Contra Costa","Richmond","https://www.californiahealthmaps.org?address=A0840","Female","AllSite",159570,422.9,391.1,456.8,27000,566.0,492.7,655.8,34770,489.5,416.6,573.4,50335,291.3,230.3,367.6,40985,358.0,300.4,425.1,3,61503,0.0,17.0,35.3,18.7,18.0,26.3,30.9
"A0840","Contra Costa","Richmond","https://www.californiahealthmaps.org?address=A0840","Male","Prostate",147945,102.4,84.5,123.4,26255,100.2,72.4,149.3,27170,153.2,107.0,220.0,51240,"","","",37400,92.2,59.9,147.0,3,61503,0.0,17.0,35.3,18.7,18.0,26.3,30.9
"A0840","Contra Costa","Richmond","https://www.californiahealthmaps.org?address=A0840","Female","Breast",159570,120.2,103.9,138.5,27000,157.8,120.5,213.6,34770,136.3,100.9,182.6,50335,84.6,52.5,133.9,40985,118.7,88.6,158.2,3,61503,0.0,17.0,35.3,18.7,18.0,26.3,30.9
"A0840","Contra Costa","Richmond","https://www.californiahealthmaps.org?address=A0840","Male","Lung",147945,74.4,58.4,93.8,26255,82.0,55.7,130.4,27170,104.5,61.6,171.1,51240,"","","",37400,54.5,30.8,102.1,3,61503,0.0,17.0,35.3,18.7,18.0,26.3,30.9
"A0840","Contra Costa","Richmond","https://www.californiahealthmaps.org?address=A0840","Female","Lung",159570,44.9,34.8,57.3,27000,71.8,50.0,113.6,34770,46.8,27.0,78.5,50335,"","","",40985,"","","",3,61503,0.0,17.0,35.3,18.7,18.0,26.3,30.9
"A0840","Contra Costa","Richmond","https://www.californiahealthmaps.org?address=A0840","Male","CRC",147945,46.4,34.6,61.5,26255,54.0,32.2,99.6,27170,"","","",51240,"","","",37400,"","","",3,61503,0.0,17.0,35.3,18.7,18.0,26.3,30.9
"A0840","Contra Costa","Richmond","https://www.californiahealthmaps.org?address=A0840","Female","CRC",159570,42.9,33.0,54.9,27000,48.8,31.4,87.6,34770,79.2,50.5,120.1,50335,"","","",40985,"","","",3,61503,0.0,17.0,35.3,18.7,18.0,26.3,30.9
"A0840","Contra Costa","Richmond","https://www.californiahealthmaps.org?address=A0840","Male","Mela",147945,18.4,11.5,28.7,26255,47.1,27.9,90.3,27170,"","","",51240,"","","",37400,"","","",3,61503,0.0,17.0,35.3,18.7,18.0,26.3,30.9
"A0840","Contra Costa","Richmond","https://www.californiahealthmaps.org?address=A0840","Female","Mela",159570,10.0,5.6,16.6,27000,"","","",34770,"","","",50335,"","","",40985,"","","",3,61503,0.0,17.0,35.3,18.7,18.0,26.3,30.9
"A0840","Contra Costa","Richmond","https://www.californiahealthmaps.org?address=A0840","Female","Uterine",159570,38.3,29.3,49.3,27000,60.0,39.6,101.1,34770,"","","",50335,"","","",40985,42.1,24.1,70.4,3,61503,0.0,17.0,35.3,18.7,18.0,26.3,30.9
"A0840","Contra Costa","Richmond","https://www.californiahealthmaps.org?address=A0840","Male","Lymph",147945,27.2,18.0,39.9,26255,43.1,24.3,86.2,27170,"","","",51240,"","","",37400,"","","",3,61503,0.0,17.0,35.3,18.7,18.0,26.3,30.9
"A0840","Contra Costa","Richmond","https://www.californiahealthmaps.org?address=A0840","Female","Lymph",159570,17.1,11.1,25.4,27000,"","","",34770,"","","",50335,"","","",40985,"","","",3,61503,0.0,17.0,35.3,18.7,18.0,26.3,30.9
"A0840","Contra Costa","Richmond","https://www.californiahealthmaps.org?address=A0840","Male","Urinary",147945,17.4,10.3,28.1,26255,"","","",27170,"","","",51240,"","","",37400,"","","",3,61503,0.0,17.0,35.3,18.7,18.0,26.3,30.9
"A0840","Contra Costa","Richmond","https://www.californiahealthmaps.org?address=A0840","Female","Urinary",159570,7.7,3.8,14.0,27000,"","","",34770,"","","",50335,"","","",40985,"","","",3,61503,0.0,17.0,35.3,18.7,18.0,26.3,30.9
"A0840","Contra Costa","Richmond","https://www.californiahealthmaps.org?address=A0840","Male","Kidney",147945,15.0,8.5,25.1,26255,"","","",27170,"","","",51240,"","","",37400,"","","",3,61503,0.0,17.0,35.3,18.7,18.0,26.3,30.9
"A0840","Contra Costa","Richmond","https://www.californiahealthmaps.org?address=A0840","Female","Kidney",159570,12.5,7.4,20.0,27000,"","","",34770,"","","",50335,"","","",40985,"","","",3,61503,0.0,17.0,35.3,18.7,18.0,26.3,30.9
"A0840","Contra Costa","Richmond","https://www.californiahealthmaps.org?address=A0840","Male","Thyroid",147945,7.0,3.1,14.7,26255,"","","",27170,"","","",51240,"","","",37400,"","","",3,61503,0.0,17.0,35.3,18.7,18.0,26.3,30.9
"A0840","Contra Costa","Richmond","https://www.californiahealthmaps.org?address=A0840","Female","Thyroid",159570,19.0,12.8,27.3,27000,"","","",34770,"","","",50335,"","","",40985,"","","",3,61503,0.0,17.0,35.3,18.7,18.0,26.3,30.9
"A0840","Contra Costa","Richmond","https://www.californiahealthmaps.org?address=A0840","Both","AllSite",307515,440.4,415.6,466.5,53255,558.6,507.5,617.9,61940,527.5,467.9,594.0,101575,290.2,242.3,346.7,78385,359.9,315.1,410.9,3,61503,0.0,17.0,35.3,18.7,18.0,26.3,30.9
"A0840","Contra Costa","Richmond","https://www.californiahealthmaps.org?address=A0840","Both","Lung",307515,56.9,47.9,67.2,53255,76.2,58.9,103.0,61940,67.9,47.1,96.3,101575,"","","",78385,39.0,25.4,59.4,3,61503,0.0,17.0,35.3,18.7,18.0,26.3,30.9
"A0840","Contra Costa","Richmond","https://www.californiahealthmaps.org?address=A0840","Both","CRC",307515,44.5,36.8,53.5,53255,52.2,37.5,76.9,61940,69.4,48.4,97.9,101575,36.6,21.1,61.7,78385,23.8,13.3,41.4,3,61503,0.0,17.0,35.3,18.7,18.0,26.3,30.9
"A0840","Contra Costa","Richmond","https://www.californiahealthmaps.org?address=A0840","Both","Mela",307515,13.5,9.6,18.8,53255,39.8,26.5,63.6,61940,"","","",101575,"","","",78385,"","","",3,61503,0.0,17.0,35.3,18.7,18.0,26.3,30.9
"A0840","Contra Costa","Richmond","https://www.californiahealthmaps.org?address=A0840","Both","Lymph",307515,21.1,15.8,27.7,53255,29.1,18.9,50.3,61940,"","","",101575,"","","",78385,"","","",3,61503,0.0,17.0,35.3,18.7,18.0,26.3,30.9
"A0840","Contra Costa","Richmond","https://www.californiahealthmaps.org?address=A0840","Both","Urinary",307515,11.8,7.9,17.0,53255,"","","",61940,"","","",101575,"","","",78385,"","","",3,61503,0.0,17.0,35.3,18.7,18.0,26.3,30.9
"A0840","Contra Costa","Richmond","https://www.californiahealthmaps.org?address=A0840","Both","Kidney",307515,13.5,9.3,19.0,53255,"","","",61940,"","","",101575,"","","",78385,"","","",3,61503,0.0,17.0,35.3,18.7,18.0,26.3,30.9
"A0840","Contra Costa","Richmond","https://www.californiahealthmaps.org?address=A0840","Both","Thyroid",307515,13.2,9.4,18.3,53255,"","","",61940,"","","",101575,17.6,8.7,36.2,78385,"","","",3,61503,0.0,17.0,35.3,18.7,18.0,26.3,30.9
