"Zone","Counties","Cities","URL","Sex","Cancer","PopTot","AAIR","LCI","UCI","White_PopTot","White_AAIR","White_LCI","White_UCI","Black_PopTot","Black_AAIR","Black_LCI","Black_UCI","Hispanic_PopTot","Hispanic_AAIR","Hispanic_LCI","Hispanic_UCI","Asian_PopTot","Asian_AAIR","Asian_LCI","Asian_UCI","QNSES","PopAll","PerRural","PerUninsured","PerForeignBorn","PerWhite","PerBlack","PerAsian","PerHispanic","PerAPI","PerDocvisit","PerFOBT","PerMammo","PerMenPrev","PerPap","PerWomenPrev"
"A0862","Los Angeles","Los Angeles","https://www.californiahealthmaps.org?address=A0862","Male","AllSite",127875,422.5,375.4,474.9,10940,553.3,437.1,704.7,"","","","",101365,388.0,328.0,457.9,"","","","",1,51229,0.0,29.0,38.4,9.0,4.8,5.1,79.5,5.1,65.2,57.0,78.1,23.3,84.5,29.5
"A0862","Los Angeles","Los Angeles","https://www.californiahealthmaps.org?address=A0862","Female","AllSite",128270,384.8,345.8,427.4,11195,509.5,403.9,655.3,"","","","",99270,344.0,296.8,397.6,"","","","",1,51229,0.0,29.0,38.4,9.0,4.8,5.1,79.5,5.1,65.2,57.0,78.1,23.3,84.5,29.5
"A0862","Los Angeles","Los Angeles","https://www.californiahealthmaps.org?address=A0862","Male","Prostate",127875,79.2,60.6,103.1,10940,"","","","","","","",101365,66.8,45.0,98.9,"","","","",1,51229,0.0,29.0,38.4,9.0,4.8,5.1,79.5,5.1,65.2,57.0,78.1,23.3,84.5,29.5
"A0862","Los Angeles","Los Angeles","https://www.californiahealthmaps.org?address=A0862","Female","Breast",128270,103.6,84.1,126.8,11195,182.3,122.0,287.6,"","","","",99270,82.9,60.8,111.7,"","","","",1,51229,0.0,29.0,38.4,9.0,4.8,5.1,79.5,5.1,65.2,57.0,78.1,23.3,84.5,29.5
"A0862","Los Angeles","Los Angeles","https://www.californiahealthmaps.org?address=A0862","Male","Lung",127875,53.9,36.6,77.3,10940,92.4,52.1,173.5,"","","","",101365,46.0,25.1,79.2,"","","","",1,51229,0.0,29.0,38.4,9.0,4.8,5.1,79.5,5.1,65.2,57.0,78.1,23.3,84.5,29.5
"A0862","Los Angeles","Los Angeles","https://www.californiahealthmaps.org?address=A0862","Female","Lung",128270,27.5,17.8,41.2,11195,"","","","","","","",99270,"","","","","","","",1,51229,0.0,29.0,38.4,9.0,4.8,5.1,79.5,5.1,65.2,57.0,78.1,23.3,84.5,29.5
"A0862","Los Angeles","Los Angeles","https://www.californiahealthmaps.org?address=A0862","Male","CRC",127875,33.4,21.8,50.5,10940,"","","","","","","",101365,35.2,18.9,62.9,"","","","",1,51229,0.0,29.0,38.4,9.0,4.8,5.1,79.5,5.1,65.2,57.0,78.1,23.3,84.5,29.5
"A0862","Los Angeles","Los Angeles","https://www.californiahealthmaps.org?address=A0862","Female","CRC",128270,49.1,35.3,66.9,11195,"","","","","","","",99270,49.6,31.8,74.7,"","","","",1,51229,0.0,29.0,38.4,9.0,4.8,5.1,79.5,5.1,65.2,57.0,78.1,23.3,84.5,29.5
"A0862","Los Angeles","Los Angeles","https://www.californiahealthmaps.org?address=A0862","Male","Mela",127875,21.6,11.9,37.3,10940,"","","","","","","",101365,"","","","","","","",1,51229,0.0,29.0,38.4,9.0,4.8,5.1,79.5,5.1,65.2,57.0,78.1,23.3,84.5,29.5
"A0862","Los Angeles","Los Angeles","https://www.californiahealthmaps.org?address=A0862","Female","Mela",128270,"","","",11195,"","","","","","","",99270,"","","","","","","",1,51229,0.0,29.0,38.4,9.0,4.8,5.1,79.5,5.1,65.2,57.0,78.1,23.3,84.5,29.5
"A0862","Los Angeles","Los Angeles","https://www.californiahealthmaps.org?address=A0862","Female","Uterine",128270,33.6,22.8,48.4,11195,"","","","","","","",99270,27.4,15.6,46.3,"","","","",1,51229,0.0,29.0,38.4,9.0,4.8,5.1,79.5,5.1,65.2,57.0,78.1,23.3,84.5,29.5
"A0862","Los Angeles","Los Angeles","https://www.californiahealthmaps.org?address=A0862","Male","Lymph",127875,20.6,11.7,35.1,10940,"","","","","","","",101365,"","","","","","","",1,51229,0.0,29.0,38.4,9.0,4.8,5.1,79.5,5.1,65.2,57.0,78.1,23.3,84.5,29.5
"A0862","Los Angeles","Los Angeles","https://www.californiahealthmaps.org?address=A0862","Female","Lymph",128270,"","","",11195,"","","","","","","",99270,"","","","","","","",1,51229,0.0,29.0,38.4,9.0,4.8,5.1,79.5,5.1,65.2,57.0,78.1,23.3,84.5,29.5
"A0862","Los Angeles","Los Angeles","https://www.californiahealthmaps.org?address=A0862","Male","Urinary",127875,"","","",10940,"","","","","","","",101365,"","","","","","","",1,51229,0.0,29.0,38.4,9.0,4.8,5.1,79.5,5.1,65.2,57.0,78.1,23.3,84.5,29.5
"A0862","Los Angeles","Los Angeles","https://www.californiahealthmaps.org?address=A0862","Female","Urinary",128270,"","","",11195,"","","","","","","",99270,"","","","","","","",1,51229,0.0,29.0,38.4,9.0,4.8,5.1,79.5,5.1,65.2,57.0,78.1,23.3,84.5,29.5
"A0862","Los Angeles","Los Angeles","https://www.californiahealthmaps.org?address=A0862","Male","Kidney",127875,31.2,20.0,48.0,10940,"","","","","","","",101365,30.2,15.9,55.9,"","","","",1,51229,0.0,29.0,38.4,9.0,4.8,5.1,79.5,5.1,65.2,57.0,78.1,23.3,84.5,29.5
"A0862","Los Angeles","Los Angeles","https://www.californiahealthmaps.org?address=A0862","Female","Kidney",128270,"","","",11195,"","","","","","","",99270,"","","","","","","",1,51229,0.0,29.0,38.4,9.0,4.8,5.1,79.5,5.1,65.2,57.0,78.1,23.3,84.5,29.5
"A0862","Los Angeles","Los Angeles","https://www.californiahealthmaps.org?address=A0862","Male","Thyroid",127875,"","","",10940,"","","","","","","",101365,"","","","","","","",1,51229,0.0,29.0,38.4,9.0,4.8,5.1,79.5,5.1,65.2,57.0,78.1,23.3,84.5,29.5
"A0862","Los Angeles","Los Angeles","https://www.californiahealthmaps.org?address=A0862","Female","Thyroid",128270,24.1,15.8,36.0,11195,"","","","","","","",99270,23.8,14.1,39.9,"","","","",1,51229,0.0,29.0,38.4,9.0,4.8,5.1,79.5,5.1,65.2,57.0,78.1,23.3,84.5,29.5
"A0862","Los Angeles","Los Angeles","https://www.californiahealthmaps.org?address=A0862","Male","Liver",127875,30.2,18.6,47.7,10940,"","","","","","","",101365,36.3,19.6,64.5,"","","","",1,51229,0.0,29.0,38.4,9.0,4.8,5.1,79.5,5.1,65.2,57.0,78.1,23.3,84.5,29.5
"A0862","Los Angeles","Los Angeles","https://www.californiahealthmaps.org?address=A0862","Female","Liver",128270,"","","",11195,"","","","","","","",99270,"","","","","","","",1,51229,0.0,29.0,38.4,9.0,4.8,5.1,79.5,5.1,65.2,57.0,78.1,23.3,84.5,29.5
"A0862","Los Angeles","Los Angeles","https://www.californiahealthmaps.org?address=A0862","Male","Pancreas",127875,"","","",10940,"","","","","","","",101365,"","","","","","","",1,51229,0.0,29.0,38.4,9.0,4.8,5.1,79.5,5.1,65.2,57.0,78.1,23.3,84.5,29.5
"A0862","Los Angeles","Los Angeles","https://www.californiahealthmaps.org?address=A0862","Female","Pancreas",128270,17.2,9.5,29.2,11195,"","","","","","","",99270,"","","","","","","",1,51229,0.0,29.0,38.4,9.0,4.8,5.1,79.5,5.1,65.2,57.0,78.1,23.3,84.5,29.5
"A0862","Los Angeles","Los Angeles","https://www.californiahealthmaps.org?address=A0862","Both","AllSite",256145,396.5,366.6,428.3,22135,529.6,450.2,626.0,13990,474.7,332.6,672.5,200635,355.6,318.9,396.0,15370,379.5,294.9,486.7,1,51229,0.0,29.0,38.4,9.0,4.8,5.1,79.5,5.1,65.2,57.0,78.1,23.3,84.5,29.5
"A0862","Los Angeles","Los Angeles","https://www.californiahealthmaps.org?address=A0862","Both","Lung",256145,37.5,28.4,49.0,22135,67.3,43.7,110.6,13990,"","","",200635,27.5,17.3,42.2,15370,"","","",1,51229,0.0,29.0,38.4,9.0,4.8,5.1,79.5,5.1,65.2,57.0,78.1,23.3,84.5,29.5
"A0862","Los Angeles","Los Angeles","https://www.californiahealthmaps.org?address=A0862","Both","CRC",256145,42.2,32.7,53.8,22135,"","","",13990,"","","",200635,41.9,29.6,58.3,15370,"","","",1,51229,0.0,29.0,38.4,9.0,4.8,5.1,79.5,5.1,65.2,57.0,78.1,23.3,84.5,29.5
"A0862","Los Angeles","Los Angeles","https://www.californiahealthmaps.org?address=A0862","Both","Mela",256145,13.9,8.7,21.5,22135,44.4,25.1,84.7,13990,"","","",200635,"","","",15370,"","","",1,51229,0.0,29.0,38.4,9.0,4.8,5.1,79.5,5.1,65.2,57.0,78.1,23.3,84.5,29.5
"A0862","Los Angeles","Los Angeles","https://www.californiahealthmaps.org?address=A0862","Both","Lymph",256145,15.8,10.6,23.2,22135,"","","",13990,"","","",200635,14.7,8.8,24.4,15370,"","","",1,51229,0.0,29.0,38.4,9.0,4.8,5.1,79.5,5.1,65.2,57.0,78.1,23.3,84.5,29.5
"A0862","Los Angeles","Los Angeles","https://www.californiahealthmaps.org?address=A0862","Both","Urinary",256145,"","","",22135,"","","",13990,"","","",200635,"","","",15370,"","","",1,51229,0.0,29.0,38.4,9.0,4.8,5.1,79.5,5.1,65.2,57.0,78.1,23.3,84.5,29.5
"A0862","Los Angeles","Los Angeles","https://www.californiahealthmaps.org?address=A0862","Both","Kidney",256145,22.0,15.4,30.9,22135,"","","",13990,"","","",200635,22.5,13.7,35.6,15370,"","","",1,51229,0.0,29.0,38.4,9.0,4.8,5.1,79.5,5.1,65.2,57.0,78.1,23.3,84.5,29.5
"A0862","Los Angeles","Los Angeles","https://www.californiahealthmaps.org?address=A0862","Both","Thyroid",256145,13.2,8.8,19.6,22135,"","","",13990,"","","",200635,12.5,7.5,21.4,15370,"","","",1,51229,0.0,29.0,38.4,9.0,4.8,5.1,79.5,5.1,65.2,57.0,78.1,23.3,84.5,29.5
"A0862","Los Angeles","Los Angeles","https://www.californiahealthmaps.org?address=A0862","Both","Liver",256145,15.2,9.7,22.9,22135,"","","",13990,"","","",200635,18.5,10.6,30.9,15370,"","","",1,51229,0.0,29.0,38.4,9.0,4.8,5.1,79.5,5.1,65.2,57.0,78.1,23.3,84.5,29.5
"A0862","Los Angeles","Los Angeles","https://www.californiahealthmaps.org?address=A0862","Both","Pancreas",256145,18.2,11.9,26.9,22135,"","","",13990,"","","",200635,"","","",15370,"","","",1,51229,0.0,29.0,38.4,9.0,4.8,5.1,79.5,5.1,65.2,57.0,78.1,23.3,84.5,29.5
