"Zone","Counties","Cities","URL","Sex","Cancer","PopTot","AAIR","LCI","UCI","White_PopTot","White_AAIR","White_LCI","White_UCI","Black_PopTot","Black_AAIR","Black_LCI","Black_UCI","Hispanic_PopTot","Hispanic_AAIR","Hispanic_LCI","Hispanic_UCI","Asian_PopTot","Asian_AAIR","Asian_LCI","Asian_UCI","QNSES","PopAll","PerRural","PerUninsured","PerForeignBorn","PerWhite","PerBlack","PerAsian","PerHispanic"
"A0647","San Luis Obispo","Atascadero, Morro Bay","https://www.californiahealthmaps.org?address=A0647","Male","AllSite",161395,491.4,462.7,522.0,127460,453.8,424.3,485.9,"","","","",24695,497.6,380.3,643.4,"","","","",4,65990,25.6,13.2,9.0,78.9,0.4,2.2,15.8
"A0647","San Luis Obispo","Atascadero, Morro Bay","https://www.californiahealthmaps.org?address=A0647","Female","AllSite",168555,442.0,415.0,470.9,134790,435.6,405.7,468.2,"","","","",23845,467.2,363.3,596.8,"","","","",4,65990,25.6,13.2,9.0,78.9,0.4,2.2,15.8
"A0647","San Luis Obispo","Atascadero, Morro Bay","https://www.californiahealthmaps.org?address=A0647","Male","Prostate",161395,104.5,92.3,118.7,127460,83.6,72.2,97.6,"","","","",24695,145.3,83.7,238.0,"","","","",4,65990,25.6,13.2,9.0,78.9,0.4,2.2,15.8
"A0647","San Luis Obispo","Atascadero, Morro Bay","https://www.californiahealthmaps.org?address=A0647","Female","Breast",168555,146.5,130.9,164.1,134790,151.8,134.1,172.4,"","","","",23845,125.5,78.3,199.0,"","","","",4,65990,25.6,13.2,9.0,78.9,0.4,2.2,15.8
"A0647","San Luis Obispo","Atascadero, Morro Bay","https://www.californiahealthmaps.org?address=A0647","Male","Lung",161395,53.9,44.8,65.0,127460,53.4,43.9,65.5,"","","","",24695,"","","","","","","",4,65990,25.6,13.2,9.0,78.9,0.4,2.2,15.8
"A0647","San Luis Obispo","Atascadero, Morro Bay","https://www.californiahealthmaps.org?address=A0647","Female","Lung",168555,47.2,39.5,57.0,134790,47.0,39.0,58.0,"","","","",23845,"","","","","","","",4,65990,25.6,13.2,9.0,78.9,0.4,2.2,15.8
"A0647","San Luis Obispo","Atascadero, Morro Bay","https://www.californiahealthmaps.org?address=A0647","Male","CRC",161395,37.6,30.2,47.1,127460,35.1,27.5,45.5,"","","","",24695,"","","","","","","",4,65990,25.6,13.2,9.0,78.9,0.4,2.2,15.8
"A0647","San Luis Obispo","Atascadero, Morro Bay","https://www.californiahealthmaps.org?address=A0647","Female","CRC",168555,37.5,30.1,47.1,134790,36.3,28.3,47.4,"","","","",23845,"","","","","","","",4,65990,25.6,13.2,9.0,78.9,0.4,2.2,15.8
"A0647","San Luis Obispo","Atascadero, Morro Bay","https://www.californiahealthmaps.org?address=A0647","Male","Mela",161395,54.7,45.4,66.1,127460,47.4,38.2,59.4,"","","","",24695,"","","","","","","",4,65990,25.6,13.2,9.0,78.9,0.4,2.2,15.8
"A0647","San Luis Obispo","Atascadero, Morro Bay","https://www.californiahealthmaps.org?address=A0647","Female","Mela",168555,37.7,29.9,47.7,134790,29.4,21.9,40.2,"","","","",23845,"","","","","","","",4,65990,25.6,13.2,9.0,78.9,0.4,2.2,15.8
"A0647","San Luis Obispo","Atascadero, Morro Bay","https://www.californiahealthmaps.org?address=A0647","Female","Uterine",168555,25.8,19.9,33.8,134790,24.6,18.5,33.9,"","","","",23845,"","","","","","","",4,65990,25.6,13.2,9.0,78.9,0.4,2.2,15.8
"A0647","San Luis Obispo","Atascadero, Morro Bay","https://www.californiahealthmaps.org?address=A0647","Male","Lymph",161395,27.5,21.2,36.0,127460,23.9,17.7,33.1,"","","","",24695,"","","","","","","",4,65990,25.6,13.2,9.0,78.9,0.4,2.2,15.8
"A0647","San Luis Obispo","Atascadero, Morro Bay","https://www.californiahealthmaps.org?address=A0647","Female","Lymph",168555,16.3,11.8,23.0,134790,14.2,9.4,22.5,"","","","",23845,"","","","","","","",4,65990,25.6,13.2,9.0,78.9,0.4,2.2,15.8
"A0647","San Luis Obispo","Atascadero, Morro Bay","https://www.californiahealthmaps.org?address=A0647","Male","Urinary",161395,21.3,15.9,28.9,127460,20.4,14.9,28.9,"","","","",24695,"","","","","","","",4,65990,25.6,13.2,9.0,78.9,0.4,2.2,15.8
"A0647","San Luis Obispo","Atascadero, Morro Bay","https://www.californiahealthmaps.org?address=A0647","Female","Urinary",168555,4.2,2.2,8.7,134790,"","","","","","","",23845,"","","","","","","",4,65990,25.6,13.2,9.0,78.9,0.4,2.2,15.8
"A0647","San Luis Obispo","Atascadero, Morro Bay","https://www.californiahealthmaps.org?address=A0647","Male","Kidney",161395,20.6,15.1,28.3,127460,19.6,14.0,28.4,"","","","",24695,"","","","","","","",4,65990,25.6,13.2,9.0,78.9,0.4,2.2,15.8
"A0647","San Luis Obispo","Atascadero, Morro Bay","https://www.californiahealthmaps.org?address=A0647","Female","Kidney",168555,6.7,4.1,11.7,134790,7.4,4.5,14.0,"","","","",23845,"","","","","","","",4,65990,25.6,13.2,9.0,78.9,0.4,2.2,15.8
"A0647","San Luis Obispo","Atascadero, Morro Bay","https://www.californiahealthmaps.org?address=A0647","Male","Thyroid",161395,8.7,4.8,15.0,127460,9.9,5.2,18.3,"","","","",24695,"","","","","","","",4,65990,25.6,13.2,9.0,78.9,0.4,2.2,15.8
"A0647","San Luis Obispo","Atascadero, Morro Bay","https://www.californiahealthmaps.org?address=A0647","Female","Thyroid",168555,14.4,8.9,22.7,134790,16.1,9.2,27.2,"","","","",23845,"","","","","","","",4,65990,25.6,13.2,9.0,78.9,0.4,2.2,15.8
"A0647","San Luis Obispo","Atascadero, Morro Bay","https://www.californiahealthmaps.org?address=A0647","Both","AllSite",329950,462.9,443.3,483.4,262250,441.4,420.5,463.7,"","","","",48540,476.5,398.3,567.3,"","","","",4,65990,25.6,13.2,9.0,78.9,0.4,2.2,15.8
"A0647","San Luis Obispo","Atascadero, Morro Bay","https://www.californiahealthmaps.org?address=A0647","Both","Lung",329950,50.3,44.3,57.2,262250,49.8,43.6,57.4,"","","","",48540,"","","","","","","",4,65990,25.6,13.2,9.0,78.9,0.4,2.2,15.8
"A0647","San Luis Obispo","Atascadero, Morro Bay","https://www.californiahealthmaps.org?address=A0647","Both","CRC",329950,37.5,32.2,43.8,262250,35.7,30.1,42.7,"","","","",48540,"","","","","","","",4,65990,25.6,13.2,9.0,78.9,0.4,2.2,15.8
"A0647","San Luis Obispo","Atascadero, Morro Bay","https://www.californiahealthmaps.org?address=A0647","Both","Mela",329950,45.1,39.0,52.1,262250,37.2,31.4,44.5,"","","","",48540,"","","","","","","",4,65990,25.6,13.2,9.0,78.9,0.4,2.2,15.8
"A0647","San Luis Obispo","Atascadero, Morro Bay","https://www.californiahealthmaps.org?address=A0647","Both","Lymph",329950,21.5,17.7,26.4,262250,18.6,14.7,24.0,"","","","",48540,"","","","","","","",4,65990,25.6,13.2,9.0,78.9,0.4,2.2,15.8
"A0647","San Luis Obispo","Atascadero, Morro Bay","https://www.californiahealthmaps.org?address=A0647","Both","Urinary",329950,12.0,9.2,15.7,262250,11.5,8.7,15.9,"","","","",48540,"","","","","","","",4,65990,25.6,13.2,9.0,78.9,0.4,2.2,15.8
"A0647","San Luis Obispo","Atascadero, Morro Bay","https://www.californiahealthmaps.org?address=A0647","Both","Kidney",329950,13.2,10.2,17.3,262250,13.1,9.9,17.7,"","","","",48540,"","","","","","","",4,65990,25.6,13.2,9.0,78.9,0.4,2.2,15.8
"A0647","San Luis Obispo","Atascadero, Morro Bay","https://www.californiahealthmaps.org?address=A0647","Both","Thyroid",329950,11.4,7.9,16.1,262250,12.9,8.6,19.1,"","","","",48540,"","","","","","","",4,65990,25.6,13.2,9.0,78.9,0.4,2.2,15.8
