"Zone","Counties","Cities","URL","Sex","Cancer","PopTot","AAIR","LCI","UCI","White_PopTot","White_AAIR","White_LCI","White_UCI","Black_PopTot","Black_AAIR","Black_LCI","Black_UCI","Hispanic_PopTot","Hispanic_AAIR","Hispanic_LCI","Hispanic_UCI","Asian_PopTot","Asian_AAIR","Asian_LCI","Asian_UCI","QNSES","PopAll","PerRural","PerUninsured","PerForeignBorn","PerWhite","PerBlack","PerAsian","PerHispanic"
"A0537","Yolo","Davis, West Sacramento","https://www.californiahealthmaps.org?address=A0537","Male","AllSite",242890,463.1,431.2,497.0,129020,494.0,455.2,535.7,"","","","",49000,405.6,320.4,510.3,43825,310.0,228.7,415.3,3,100742,2.4,10.3,20.1,52.3,3.3,18.2,20.8
"A0537","Yolo","Davis, West Sacramento","https://www.californiahealthmaps.org?address=A0537","Female","AllSite",260820,453.8,425.2,483.9,139440,476.0,440.9,513.9,"","","","",50895,480.3,397.6,577.6,49170,323.7,251.8,412.3,3,100742,2.4,10.3,20.1,52.3,3.3,18.2,20.8
"A0537","Yolo","Davis, West Sacramento","https://www.californiahealthmaps.org?address=A0537","Male","Prostate",242890,87.7,74.2,103.1,129020,93.3,77.2,112.4,"","","","",49000,"","","",43825,"","","",3,100742,2.4,10.3,20.1,52.3,3.3,18.2,20.8
"A0537","Yolo","Davis, West Sacramento","https://www.californiahealthmaps.org?address=A0537","Female","Breast",260820,141.2,125.6,158.3,139440,154.4,134.9,176.7,"","","","",50895,134.6,93.3,191.0,49170,87.7,52.5,140.6,3,100742,2.4,10.3,20.1,52.3,3.3,18.2,20.8
"A0537","Yolo","Davis, West Sacramento","https://www.californiahealthmaps.org?address=A0537","Male","Lung",242890,45.9,35.8,58.1,129020,44.9,33.5,59.5,"","","","",49000,"","","",43825,"","","",3,100742,2.4,10.3,20.1,52.3,3.3,18.2,20.8
"A0537","Yolo","Davis, West Sacramento","https://www.californiahealthmaps.org?address=A0537","Female","Lung",260820,51.1,41.6,62.4,139440,55.8,44.3,70.3,"","","","",50895,"","","",49170,"","","",3,100742,2.4,10.3,20.1,52.3,3.3,18.2,20.8
"A0537","Yolo","Davis, West Sacramento","https://www.californiahealthmaps.org?address=A0537","Male","CRC",242890,42.5,33.2,53.8,129020,43.6,32.7,57.6,"","","","",49000,"","","",43825,"","","",3,100742,2.4,10.3,20.1,52.3,3.3,18.2,20.8
"A0537","Yolo","Davis, West Sacramento","https://www.californiahealthmaps.org?address=A0537","Female","CRC",260820,38.0,29.9,47.8,139440,37.8,28.3,50.3,"","","","",50895,"","","",49170,"","","",3,100742,2.4,10.3,20.1,52.3,3.3,18.2,20.8
"A0537","Yolo","Davis, West Sacramento","https://www.californiahealthmaps.org?address=A0537","Male","Mela",242890,39.2,30.3,50.3,129020,52.9,40.6,68.3,"","","","",49000,"","","",43825,"","","",3,100742,2.4,10.3,20.1,52.3,3.3,18.2,20.8
"A0537","Yolo","Davis, West Sacramento","https://www.californiahealthmaps.org?address=A0537","Female","Mela",260820,31.2,24.0,40.0,139440,38.7,28.8,51.7,"","","","",50895,"","","",49170,"","","",3,100742,2.4,10.3,20.1,52.3,3.3,18.2,20.8
"A0537","Yolo","Davis, West Sacramento","https://www.californiahealthmaps.org?address=A0537","Female","Uterine",260820,28.5,21.8,36.7,139440,29.3,21.3,40.2,"","","","",50895,"","","",49170,"","","",3,100742,2.4,10.3,20.1,52.3,3.3,18.2,20.8
"A0537","Yolo","Davis, West Sacramento","https://www.californiahealthmaps.org?address=A0537","Male","Lymph",242890,24.1,17.2,33.1,129020,26.9,18.3,38.8,"","","","",49000,"","","",43825,"","","",3,100742,2.4,10.3,20.1,52.3,3.3,18.2,20.8
"A0537","Yolo","Davis, West Sacramento","https://www.californiahealthmaps.org?address=A0537","Female","Lymph",260820,15.6,10.8,22.1,139440,13.7,8.4,22.1,"","","","",50895,"","","",49170,"","","",3,100742,2.4,10.3,20.1,52.3,3.3,18.2,20.8
"A0537","Yolo","Davis, West Sacramento","https://www.californiahealthmaps.org?address=A0537","Male","Urinary",242890,23.5,16.6,32.5,129020,24.1,16.3,35.1,"","","","",49000,"","","",43825,"","","",3,100742,2.4,10.3,20.1,52.3,3.3,18.2,20.8
"A0537","Yolo","Davis, West Sacramento","https://www.californiahealthmaps.org?address=A0537","Female","Urinary",260820,3.5,1.5,7.4,139440,"","","","","","","",50895,"","","",49170,"","","",3,100742,2.4,10.3,20.1,52.3,3.3,18.2,20.8
"A0537","Yolo","Davis, West Sacramento","https://www.californiahealthmaps.org?address=A0537","Male","Kidney",242890,21.3,15.0,29.6,129020,20.4,13.2,30.7,"","","","",49000,"","","",43825,"","","",3,100742,2.4,10.3,20.1,52.3,3.3,18.2,20.8
"A0537","Yolo","Davis, West Sacramento","https://www.californiahealthmaps.org?address=A0537","Female","Kidney",260820,16.2,11.1,23.0,139440,17.2,10.8,26.8,"","","","",50895,"","","",49170,"","","",3,100742,2.4,10.3,20.1,52.3,3.3,18.2,20.8
"A0537","Yolo","Davis, West Sacramento","https://www.californiahealthmaps.org?address=A0537","Male","Thyroid",242890,9.4,5.4,15.4,129020,"","","","","","","",49000,"","","",43825,"","","",3,100742,2.4,10.3,20.1,52.3,3.3,18.2,20.8
"A0537","Yolo","Davis, West Sacramento","https://www.californiahealthmaps.org?address=A0537","Female","Thyroid",260820,22.6,16.6,30.3,139440,22.5,14.9,33.3,"","","","",50895,"","","",49170,"","","",3,100742,2.4,10.3,20.1,52.3,3.3,18.2,20.8
"A0537","Yolo","Davis, West Sacramento","https://www.californiahealthmaps.org?address=A0537","Both","AllSite",503710,453.9,432.7,475.9,268460,479.8,453.9,507.0,16590,536.0,392.7,726.4,99895,439.1,379.8,506.0,92995,314.9,260.6,378.2,3,100742,2.4,10.3,20.1,52.3,3.3,18.2,20.8
"A0537","Yolo","Davis, West Sacramento","https://www.californiahealthmaps.org?address=A0537","Both","Lung",503710,48.7,41.7,56.7,268460,50.8,42.5,60.6,16590,"","","",99895,45.8,26.3,74.8,92995,"","","",3,100742,2.4,10.3,20.1,52.3,3.3,18.2,20.8
"A0537","Yolo","Davis, West Sacramento","https://www.californiahealthmaps.org?address=A0537","Both","CRC",503710,39.8,33.6,46.8,268460,40.5,33.2,49.3,16590,"","","",99895,45.2,26.7,72.7,92995,45.9,25.7,76.5,3,100742,2.4,10.3,20.1,52.3,3.3,18.2,20.8
"A0537","Yolo","Davis, West Sacramento","https://www.californiahealthmaps.org?address=A0537","Both","Mela",503710,34.1,28.5,40.6,268460,44.1,36.4,53.3,16590,"","","",99895,"","","",92995,"","","",3,100742,2.4,10.3,20.1,52.3,3.3,18.2,20.8
"A0537","Yolo","Davis, West Sacramento","https://www.californiahealthmaps.org?address=A0537","Both","Lymph",503710,19.3,15.1,24.4,268460,19.5,14.5,25.9,16590,"","","",99895,"","","",92995,"","","",3,100742,2.4,10.3,20.1,52.3,3.3,18.2,20.8
"A0537","Yolo","Davis, West Sacramento","https://www.californiahealthmaps.org?address=A0537","Both","Urinary",503710,11.7,8.6,15.8,268460,11.5,8.0,16.5,16590,"","","",99895,"","","",92995,"","","",3,100742,2.4,10.3,20.1,52.3,3.3,18.2,20.8
"A0537","Yolo","Davis, West Sacramento","https://www.californiahealthmaps.org?address=A0537","Both","Kidney",503710,18.5,14.4,23.5,268460,18.6,13.7,25.0,16590,"","","",99895,"","","",92995,"","","",3,100742,2.4,10.3,20.1,52.3,3.3,18.2,20.8
"A0537","Yolo","Davis, West Sacramento","https://www.californiahealthmaps.org?address=A0537","Both","Thyroid",503710,16.1,12.4,20.7,268460,16.4,11.8,22.5,16590,"","","",99895,"","","",92995,"","","",3,100742,2.4,10.3,20.1,52.3,3.3,18.2,20.8
