"Zone","Counties","Cities","URL","Sex","Cancer","PopTot","AAIR","LCI","UCI","White_PopTot","White_AAIR","White_LCI","White_UCI","Black_PopTot","Black_AAIR","Black_LCI","Black_UCI","Hispanic_PopTot","Hispanic_AAIR","Hispanic_LCI","Hispanic_UCI","Asian_PopTot","Asian_AAIR","Asian_LCI","Asian_UCI","QNSES","PopAll","PerRural","PerUninsured","PerForeignBorn","PerWhite","PerBlack","PerAsian","PerHispanic","PerAPI","PerDocvisit","PerFOBT","PerMammo","PerMenPrev","PerPap","PerWomenPrev"
"A0645","San Joaquin","Ripon, Manteca","https://www.californiahealthmaps.org?address=A0645","Male","AllSite",160300,566.2,525.7,609.2,81850,577.1,529.0,629.2,"","","","",58555,504.3,414.0,611.6,"","","","",2,64780,7.5,15.0,14.0,53.5,3.0,5.0,34.9,5.0,"","","","","",""
"A0645","San Joaquin","Ripon, Manteca","https://www.californiahealthmaps.org?address=A0645","Female","AllSite",163600,432.1,400.7,465.4,87085,440.0,401.8,481.8,"","","","",56565,438.1,366.8,521.2,"","","","",2,64780,7.5,15.0,14.0,53.5,3.0,5.0,34.9,5.0,"","","","","",""
"A0645","San Joaquin","Ripon, Manteca","https://www.californiahealthmaps.org?address=A0645","Male","Prostate",160300,114.7,97.2,134.7,81850,116.5,95.9,141.2,"","","","",58555,61.5,35.9,104.8,"","","","",2,64780,7.5,15.0,14.0,53.5,3.0,5.0,34.9,5.0,"","","","","",""
"A0645","San Joaquin","Ripon, Manteca","https://www.californiahealthmaps.org?address=A0645","Female","Breast",163600,132.4,115.4,151.5,87085,133.1,112.6,157.2,"","","","",56565,137.0,99.3,186.9,"","","","",2,64780,7.5,15.0,14.0,53.5,3.0,5.0,34.9,5.0,"","","","","",""
"A0645","San Joaquin","Ripon, Manteca","https://www.californiahealthmaps.org?address=A0645","Male","Lung",160300,68.3,54.3,85.0,81850,75.5,58.7,96.5,"","","","",58555,"","","","","","","",2,64780,7.5,15.0,14.0,53.5,3.0,5.0,34.9,5.0,"","","","","",""
"A0645","San Joaquin","Ripon, Manteca","https://www.californiahealthmaps.org?address=A0645","Female","Lung",163600,50.7,40.2,63.3,87085,57.6,44.5,74.5,"","","","",56565,"","","","","","","",2,64780,7.5,15.0,14.0,53.5,3.0,5.0,34.9,5.0,"","","","","",""
"A0645","San Joaquin","Ripon, Manteca","https://www.californiahealthmaps.org?address=A0645","Male","CRC",160300,61.1,48.2,76.6,81850,63.4,47.9,83.3,"","","","",58555,52.3,27.5,95.7,"","","","",2,64780,7.5,15.0,14.0,53.5,3.0,5.0,34.9,5.0,"","","","","",""
"A0645","San Joaquin","Ripon, Manteca","https://www.californiahealthmaps.org?address=A0645","Female","CRC",163600,36.8,28.2,47.4,87085,38.0,27.7,52.0,"","","","",56565,"","","","","","","",2,64780,7.5,15.0,14.0,53.5,3.0,5.0,34.9,5.0,"","","","","",""
"A0645","San Joaquin","Ripon, Manteca","https://www.californiahealthmaps.org?address=A0645","Male","Mela",160300,27.5,19.1,38.6,81850,35.5,24.4,51.0,"","","","",58555,"","","","","","","",2,64780,7.5,15.0,14.0,53.5,3.0,5.0,34.9,5.0,"","","","","",""
"A0645","San Joaquin","Ripon, Manteca","https://www.californiahealthmaps.org?address=A0645","Female","Mela",163600,13.5,8.6,20.4,87085,16.7,9.9,27.6,"","","","",56565,"","","","","","","",2,64780,7.5,15.0,14.0,53.5,3.0,5.0,34.9,5.0,"","","","","",""
"A0645","San Joaquin","Ripon, Manteca","https://www.californiahealthmaps.org?address=A0645","Female","Uterine",163600,29.9,22.1,39.8,87085,31.2,21.9,44.4,"","","","",56565,"","","","","","","",2,64780,7.5,15.0,14.0,53.5,3.0,5.0,34.9,5.0,"","","","","",""
"A0645","San Joaquin","Ripon, Manteca","https://www.californiahealthmaps.org?address=A0645","Male","Lymph",160300,28.8,20.2,40.0,81850,25.9,16.5,39.9,"","","","",58555,"","","","","","","",2,64780,7.5,15.0,14.0,53.5,3.0,5.0,34.9,5.0,"","","","","",""
"A0645","San Joaquin","Ripon, Manteca","https://www.californiahealthmaps.org?address=A0645","Female","Lymph",163600,20.0,13.7,28.5,87085,18.5,11.5,29.7,"","","","",56565,"","","","","","","",2,64780,7.5,15.0,14.0,53.5,3.0,5.0,34.9,5.0,"","","","","",""
"A0645","San Joaquin","Ripon, Manteca","https://www.californiahealthmaps.org?address=A0645","Male","Urinary",160300,22.1,14.5,32.5,81850,24.9,15.8,38.4,"","","","",58555,"","","","","","","",2,64780,7.5,15.0,14.0,53.5,3.0,5.0,34.9,5.0,"","","","","",""
"A0645","San Joaquin","Ripon, Manteca","https://www.californiahealthmaps.org?address=A0645","Female","Urinary",163600,"","","",87085,"","","","","","","",56565,"","","","","","","",2,64780,7.5,15.0,14.0,53.5,3.0,5.0,34.9,5.0,"","","","","",""
"A0645","San Joaquin","Ripon, Manteca","https://www.californiahealthmaps.org?address=A0645","Male","Kidney",160300,27.3,19.4,37.8,81850,23.8,15.4,36.5,"","","","",58555,"","","","","","","",2,64780,7.5,15.0,14.0,53.5,3.0,5.0,34.9,5.0,"","","","","",""
"A0645","San Joaquin","Ripon, Manteca","https://www.californiahealthmaps.org?address=A0645","Female","Kidney",163600,13.5,8.4,20.7,87085,"","","","","","","",56565,"","","","","","","",2,64780,7.5,15.0,14.0,53.5,3.0,5.0,34.9,5.0,"","","","","",""
"A0645","San Joaquin","Ripon, Manteca","https://www.californiahealthmaps.org?address=A0645","Male","Thyroid",160300,"","","",81850,"","","","","","","",58555,"","","","","","","",2,64780,7.5,15.0,14.0,53.5,3.0,5.0,34.9,5.0,"","","","","",""
"A0645","San Joaquin","Ripon, Manteca","https://www.californiahealthmaps.org?address=A0645","Female","Thyroid",163600,15.7,10.1,23.3,87085,16.5,9.3,28.2,"","","","",56565,"","","","","","","",2,64780,7.5,15.0,14.0,53.5,3.0,5.0,34.9,5.0,"","","","","",""
"A0645","San Joaquin","Ripon, Manteca","https://www.californiahealthmaps.org?address=A0645","Male","Liver",160300,23.5,16.2,33.5,81850,17.6,10.5,29.2,"","","","",58555,"","","","","","","",2,64780,7.5,15.0,14.0,53.5,3.0,5.0,34.9,5.0,"","","","","",""
"A0645","San Joaquin","Ripon, Manteca","https://www.californiahealthmaps.org?address=A0645","Female","Liver",163600,"","","",87085,"","","","","","","",56565,"","","","","","","",2,64780,7.5,15.0,14.0,53.5,3.0,5.0,34.9,5.0,"","","","","",""
"A0645","San Joaquin","Ripon, Manteca","https://www.californiahealthmaps.org?address=A0645","Male","Pancreas",160300,26.0,17.6,37.2,81850,27.6,17.7,42.0,"","","","",58555,"","","","","","","",2,64780,7.5,15.0,14.0,53.5,3.0,5.0,34.9,5.0,"","","","","",""
"A0645","San Joaquin","Ripon, Manteca","https://www.californiahealthmaps.org?address=A0645","Female","Pancreas",163600,"","","",87085,"","","","","","","",56565,"","","","","","","",2,64780,7.5,15.0,14.0,53.5,3.0,5.0,34.9,5.0,"","","","","",""
"A0645","San Joaquin","Ripon, Manteca","https://www.californiahealthmaps.org?address=A0645","Both","AllSite",323900,488.2,463.3,514.2,168935,497.3,467.3,529.0,10250,614.2,447.8,833.2,115120,463.0,406.6,526.3,17370,424.4,322.8,551.5,2,64780,7.5,15.0,14.0,53.5,3.0,5.0,34.9,5.0,"","","","","",""
"A0645","San Joaquin","Ripon, Manteca","https://www.californiahealthmaps.org?address=A0645","Both","Lung",323900,57.9,49.4,67.6,168935,64.9,54.4,77.2,10250,"","","",115120,39.2,22.9,63.7,17370,"","","",2,64780,7.5,15.0,14.0,53.5,3.0,5.0,34.9,5.0,"","","","","",""
"A0645","San Joaquin","Ripon, Manteca","https://www.californiahealthmaps.org?address=A0645","Both","CRC",323900,47.4,39.9,56.1,168935,49.1,40.0,60.0,10250,"","","",115120,42.7,27.2,65.4,17370,"","","",2,64780,7.5,15.0,14.0,53.5,3.0,5.0,34.9,5.0,"","","","","",""
"A0645","San Joaquin","Ripon, Manteca","https://www.californiahealthmaps.org?address=A0645","Both","Mela",323900,19.6,14.9,25.4,168935,24.9,18.6,33.2,10250,"","","",115120,"","","",17370,"","","",2,64780,7.5,15.0,14.0,53.5,3.0,5.0,34.9,5.0,"","","","","",""
"A0645","San Joaquin","Ripon, Manteca","https://www.californiahealthmaps.org?address=A0645","Both","Lymph",323900,24.0,18.7,30.4,168935,21.9,16.0,29.8,10250,"","","",115120,25.0,13.6,44.0,17370,"","","",2,64780,7.5,15.0,14.0,53.5,3.0,5.0,34.9,5.0,"","","","","",""
"A0645","San Joaquin","Ripon, Manteca","https://www.californiahealthmaps.org?address=A0645","Both","Urinary",323900,13.6,9.6,18.7,168935,14.4,9.8,21.1,10250,"","","",115120,"","","",17370,"","","",2,64780,7.5,15.0,14.0,53.5,3.0,5.0,34.9,5.0,"","","","","",""
"A0645","San Joaquin","Ripon, Manteca","https://www.californiahealthmaps.org?address=A0645","Both","Kidney",323900,20.1,15.4,25.9,168935,18.1,12.9,25.4,10250,"","","",115120,34.2,19.7,56.7,17370,"","","",2,64780,7.5,15.0,14.0,53.5,3.0,5.0,34.9,5.0,"","","","","",""
"A0645","San Joaquin","Ripon, Manteca","https://www.californiahealthmaps.org?address=A0645","Both","Thyroid",323900,10.8,7.4,15.3,168935,11.2,6.8,17.8,10250,"","","",115120,"","","",17370,"","","",2,64780,7.5,15.0,14.0,53.5,3.0,5.0,34.9,5.0,"","","","","",""
"A0645","San Joaquin","Ripon, Manteca","https://www.californiahealthmaps.org?address=A0645","Both","Liver",323900,14.7,10.8,19.8,168935,10.4,6.6,16.2,10250,"","","",115120,32.8,19.1,54.2,17370,"","","",2,64780,7.5,15.0,14.0,53.5,3.0,5.0,34.9,5.0,"","","","","",""
"A0645","San Joaquin","Ripon, Manteca","https://www.californiahealthmaps.org?address=A0645","Both","Pancreas",323900,15.0,10.8,20.3,168935,15.1,10.3,22.0,10250,"","","",115120,"","","",17370,"","","",2,64780,7.5,15.0,14.0,53.5,3.0,5.0,34.9,5.0,"","","","","",""
