"Zone","Counties","Cities","URL","Sex","Cancer","PopTot","AAIR","LCI","UCI","White_PopTot","White_AAIR","White_LCI","White_UCI","Black_PopTot","Black_AAIR","Black_LCI","Black_UCI","Hispanic_PopTot","Hispanic_AAIR","Hispanic_LCI","Hispanic_UCI","Asian_PopTot","Asian_AAIR","Asian_LCI","Asian_UCI","QNSES","PopAll","PerRural","PerUninsured","PerForeignBorn","PerWhite","PerBlack","PerAsian","PerHispanic"
"A0392","Los Angeles","Cerritos","https://www.californiahealthmaps.org?address=A0392","Male","AllSite",148780,430.4,397.4,465.8,27355,471.6,408.0,550.4,"","","","",48345,483.0,408.6,568.9,59400,340.6,294.1,393.6,4,60881,0.0,17.9,41.8,18.0,6.4,40.6,32.0
"A0392","Los Angeles","Cerritos","https://www.californiahealthmaps.org?address=A0392","Female","AllSite",155625,382.8,355.1,412.5,28430,415.5,353.2,494.1,10275,497.9,344.3,719.5,47875,422.6,361.6,491.8,64910,353.2,312.3,399.5,4,60881,0.0,17.9,41.8,18.0,6.4,40.6,32.0
"A0392","Los Angeles","Cerritos","https://www.californiahealthmaps.org?address=A0392","Male","Prostate",148780,91.6,77.0,108.4,27355,84.9,61.4,126.3,"","","","",48345,102.2,70.0,146.2,59400,54.2,37.1,78.2,4,60881,0.0,17.9,41.8,18.0,6.4,40.6,32.0
"A0392","Los Angeles","Cerritos","https://www.californiahealthmaps.org?address=A0392","Female","Breast",155625,122.9,107.6,140.1,28430,98.9,74.2,141.6,10275,198.7,110.1,360.0,47875,134.9,101.9,176.1,64910,117.3,95.0,145.2,4,60881,0.0,17.9,41.8,18.0,6.4,40.6,32.0
"A0392","Los Angeles","Cerritos","https://www.californiahealthmaps.org?address=A0392","Male","Lung",148780,38.2,28.7,50.1,27355,36.3,21.4,71.6,"","","","",48345,"","","",59400,37.9,23.5,59.4,4,60881,0.0,17.9,41.8,18.0,6.4,40.6,32.0
"A0392","Los Angeles","Cerritos","https://www.californiahealthmaps.org?address=A0392","Female","Lung",155625,27.9,21.0,36.8,28430,25.8,15.1,58.8,10275,"","","",47875,"","","",64910,31.1,19.6,49.0,4,60881,0.0,17.9,41.8,18.0,6.4,40.6,32.0
"A0392","Los Angeles","Cerritos","https://www.californiahealthmaps.org?address=A0392","Male","CRC",148780,42.9,33.2,55.1,27355,36.6,20.3,73.4,"","","","",48345,47.6,26.7,81.0,59400,51.1,34.4,74.6,4,60881,0.0,17.9,41.8,18.0,6.4,40.6,32.0
"A0392","Los Angeles","Cerritos","https://www.californiahealthmaps.org?address=A0392","Female","CRC",155625,28.7,21.6,37.9,28430,39.4,23.7,76.1,10275,"","","",47875,41.6,24.1,67.8,64910,"","","",4,60881,0.0,17.9,41.8,18.0,6.4,40.6,32.0
"A0392","Los Angeles","Cerritos","https://www.californiahealthmaps.org?address=A0392","Male","Mela",148780,24.6,17.0,34.7,27355,55.4,36.3,93.6,"","","","",48345,"","","",59400,"","","",4,60881,0.0,17.9,41.8,18.0,6.4,40.6,32.0
"A0392","Los Angeles","Cerritos","https://www.californiahealthmaps.org?address=A0392","Female","Mela",155625,6.5,3.4,11.9,28430,"","","",10275,"","","",47875,"","","",64910,"","","",4,60881,0.0,17.9,41.8,18.0,6.4,40.6,32.0
"A0392","Los Angeles","Cerritos","https://www.californiahealthmaps.org?address=A0392","Female","Uterine",155625,37.1,28.8,47.6,28430,39.5,21.8,78.6,10275,"","","",47875,"","","",64910,37.6,25.3,56.0,4,60881,0.0,17.9,41.8,18.0,6.4,40.6,32.0
"A0392","Los Angeles","Cerritos","https://www.californiahealthmaps.org?address=A0392","Male","Lymph",148780,23.4,16.4,32.8,27355,"","","","","","","",48345,"","","",59400,21.9,11.9,39.1,4,60881,0.0,17.9,41.8,18.0,6.4,40.6,32.0
"A0392","Los Angeles","Cerritos","https://www.californiahealthmaps.org?address=A0392","Female","Lymph",155625,17.1,11.5,24.8,28430,"","","",10275,"","","",47875,"","","",64910,"","","",4,60881,0.0,17.9,41.8,18.0,6.4,40.6,32.0
"A0392","Los Angeles","Cerritos","https://www.californiahealthmaps.org?address=A0392","Male","Urinary",148780,20.1,13.3,29.6,27355,35.8,21.0,71.0,"","","","",48345,"","","",59400,"","","",4,60881,0.0,17.9,41.8,18.0,6.4,40.6,32.0
"A0392","Los Angeles","Cerritos","https://www.californiahealthmaps.org?address=A0392","Female","Urinary",155625,3.5,1.4,8.0,28430,"","","",10275,"","","",47875,"","","",64910,"","","",4,60881,0.0,17.9,41.8,18.0,6.4,40.6,32.0
"A0392","Los Angeles","Cerritos","https://www.californiahealthmaps.org?address=A0392","Male","Kidney",148780,27.8,20.1,38.0,27355,"","","","","","","",48345,"","","",59400,26.5,14.7,45.6,4,60881,0.0,17.9,41.8,18.0,6.4,40.6,32.0
"A0392","Los Angeles","Cerritos","https://www.californiahealthmaps.org?address=A0392","Female","Kidney",155625,12.1,7.8,18.6,28430,"","","",10275,"","","",47875,"","","",64910,"","","",4,60881,0.0,17.9,41.8,18.0,6.4,40.6,32.0
"A0392","Los Angeles","Cerritos","https://www.californiahealthmaps.org?address=A0392","Male","Thyroid",148780,11.6,6.8,19.0,27355,"","","","","","","",48345,"","","",59400,"","","",4,60881,0.0,17.9,41.8,18.0,6.4,40.6,32.0
"A0392","Los Angeles","Cerritos","https://www.californiahealthmaps.org?address=A0392","Female","Thyroid",155625,24.6,17.4,34.1,28430,"","","",10275,"","","",47875,"","","",64910,"","","",4,60881,0.0,17.9,41.8,18.0,6.4,40.6,32.0
"A0392","Los Angeles","Cerritos","https://www.californiahealthmaps.org?address=A0392","Both","AllSite",304405,399.2,378.2,421.2,55785,427.5,384.2,478.3,19830,546.6,428.4,692.4,96220,443.4,396.3,495.1,124310,345.0,314.3,378.5,4,60881,0.0,17.9,41.8,18.0,6.4,40.6,32.0
"A0392","Los Angeles","Cerritos","https://www.californiahealthmaps.org?address=A0392","Both","Lung",304405,32.3,26.5,39.1,55785,30.1,21.0,48.7,19830,"","","",96220,37.3,24.2,55.6,124310,34.1,24.8,46.6,4,60881,0.0,17.9,41.8,18.0,6.4,40.6,32.0
"A0392","Los Angeles","Cerritos","https://www.californiahealthmaps.org?address=A0392","Both","CRC",304405,35.5,29.4,42.6,55785,38.8,26.8,60.2,19830,"","","",96220,44.2,30.2,63.0,124310,32.3,23.5,44.3,4,60881,0.0,17.9,41.8,18.0,6.4,40.6,32.0
"A0392","Los Angeles","Cerritos","https://www.californiahealthmaps.org?address=A0392","Both","Mela",304405,13.7,10.1,18.4,55785,29.1,20.2,47.6,19830,"","","",96220,"","","",124310,"","","",4,60881,0.0,17.9,41.8,18.0,6.4,40.6,32.0
"A0392","Los Angeles","Cerritos","https://www.californiahealthmaps.org?address=A0392","Both","Lymph",304405,20.2,15.7,25.8,55785,20.9,11.3,40.9,19830,"","","",96220,28.9,17.9,45.0,124310,18.7,12.1,28.5,4,60881,0.0,17.9,41.8,18.0,6.4,40.6,32.0
"A0392","Los Angeles","Cerritos","https://www.californiahealthmaps.org?address=A0392","Both","Urinary",304405,10.2,7.1,14.4,55785,18.3,11.0,35.9,19830,"","","",96220,"","","",124310,"","","",4,60881,0.0,17.9,41.8,18.0,6.4,40.6,32.0
"A0392","Los Angeles","Cerritos","https://www.californiahealthmaps.org?address=A0392","Both","Kidney",304405,19.4,15.0,24.9,55785,17.8,10.0,36.2,19830,"","","",96220,27.1,16.4,42.8,124310,16.6,10.5,26.1,4,60881,0.0,17.9,41.8,18.0,6.4,40.6,32.0
"A0392","Los Angeles","Cerritos","https://www.californiahealthmaps.org?address=A0392","Both","Thyroid",304405,18.0,13.6,23.6,55785,29.3,15.9,53.6,19830,"","","",96220,19.8,11.5,33.0,124310,14.1,8.5,23.1,4,60881,0.0,17.9,41.8,18.0,6.4,40.6,32.0
