"Zone","Counties","Cities","URL","Sex","Cancer","PopTot","AAIR","LCI","UCI","White_PopTot","White_AAIR","White_LCI","White_UCI","Black_PopTot","Black_AAIR","Black_LCI","Black_UCI","Hispanic_PopTot","Hispanic_AAIR","Hispanic_LCI","Hispanic_UCI","Asian_PopTot","Asian_AAIR","Asian_LCI","Asian_UCI","QNSES","PopAll","PerRural","PerUninsured","PerForeignBorn","PerWhite","PerBlack","PerAsian","PerHispanic","PerAPI","PerDocvisit","PerFOBT","PerMammo","PerMenPrev","PerPap","PerWomenPrev"
"A0062","San Bernardino","Fontana","https://www.californiahealthmaps.org?address=A0062","Male","AllSite",152300,508.7,452.5,572.1,28795,662.6,528.0,831.1,20305,619.7,484.6,810.4,83410,481.9,396.2,584.9,15850,243.8,160.0,377.6,3,61709,0.0,17.8,23.9,17.7,15.3,9.5,54.4,9.5,63.0,58.1,81.7,24.6,83.4,26.6
"A0062","San Bernardino","Fontana","https://www.californiahealthmaps.org?address=A0062","Female","AllSite",156245,472.0,429.0,518.8,27965,667.2,552.7,802.5,21685,540.0,426.3,683.3,85565,433.0,373.2,501.7,16985,295.1,214.3,401.6,3,61709,0.0,17.8,23.9,17.7,15.3,9.5,54.4,9.5,63.0,58.1,81.7,24.6,83.4,26.6
"A0062","San Bernardino","Fontana","https://www.californiahealthmaps.org?address=A0062","Male","Prostate",152300,136.4,109.3,170.8,28795,136.2,88.8,218.1,20305,170.5,110.0,294.6,83410,141.6,96.1,206.0,15850,"","","",3,61709,0.0,17.8,23.9,17.7,15.3,9.5,54.4,9.5,63.0,58.1,81.7,24.6,83.4,26.6
"A0062","San Bernardino","Fontana","https://www.californiahealthmaps.org?address=A0062","Female","Breast",156245,150.6,127.7,177.4,27965,211.4,150.0,294.3,21685,172.8,113.3,263.8,85565,136.5,105.4,176.5,16985,103.3,59.6,173.8,3,61709,0.0,17.8,23.9,17.7,15.3,9.5,54.4,9.5,63.0,58.1,81.7,24.6,83.4,26.6
"A0062","San Bernardino","Fontana","https://www.californiahealthmaps.org?address=A0062","Male","Lung",152300,58.2,38.5,86.6,28795,"","","",20305,"","","",83410,"","","",15850,"","","",3,61709,0.0,17.8,23.9,17.7,15.3,9.5,54.4,9.5,63.0,58.1,81.7,24.6,83.4,26.6
"A0062","San Bernardino","Fontana","https://www.californiahealthmaps.org?address=A0062","Female","Lung",156245,48.8,34.2,68.0,27965,89.2,48.1,154.9,21685,"","","",85565,"","","",16985,"","","",3,61709,0.0,17.8,23.9,17.7,15.3,9.5,54.4,9.5,63.0,58.1,81.7,24.6,83.4,26.6
"A0062","San Bernardino","Fontana","https://www.californiahealthmaps.org?address=A0062","Male","CRC",152300,59.4,40.9,86.2,28795,"","","",20305,"","","",83410,63.2,36.5,108.7,15850,"","","",3,61709,0.0,17.8,23.9,17.7,15.3,9.5,54.4,9.5,63.0,58.1,81.7,24.6,83.4,26.6
"A0062","San Bernardino","Fontana","https://www.californiahealthmaps.org?address=A0062","Female","CRC",156245,39.2,27.1,55.7,27965,"","","",21685,"","","",85565,"","","",16985,"","","",3,61709,0.0,17.8,23.9,17.7,15.3,9.5,54.4,9.5,63.0,58.1,81.7,24.6,83.4,26.6
"A0062","San Bernardino","Fontana","https://www.californiahealthmaps.org?address=A0062","Male","Mela",152300,"","","",28795,"","","",20305,"","","",83410,"","","",15850,"","","",3,61709,0.0,17.8,23.9,17.7,15.3,9.5,54.4,9.5,63.0,58.1,81.7,24.6,83.4,26.6
"A0062","San Bernardino","Fontana","https://www.californiahealthmaps.org?address=A0062","Female","Mela",156245,"","","",27965,"","","",21685,"","","",85565,"","","",16985,"","","",3,61709,0.0,17.8,23.9,17.7,15.3,9.5,54.4,9.5,63.0,58.1,81.7,24.6,83.4,26.6
"A0062","San Bernardino","Fontana","https://www.californiahealthmaps.org?address=A0062","Female","Uterine",156245,40.0,29.3,54.6,27965,55.0,30.4,101.2,21685,"","","",85565,38.3,23.6,62.5,16985,"","","",3,61709,0.0,17.8,23.9,17.7,15.3,9.5,54.4,9.5,63.0,58.1,81.7,24.6,83.4,26.6
"A0062","San Bernardino","Fontana","https://www.californiahealthmaps.org?address=A0062","Male","Lymph",152300,22.1,11.8,41.1,28795,"","","",20305,"","","",83410,"","","",15850,"","","",3,61709,0.0,17.8,23.9,17.7,15.3,9.5,54.4,9.5,63.0,58.1,81.7,24.6,83.4,26.6
"A0062","San Bernardino","Fontana","https://www.californiahealthmaps.org?address=A0062","Female","Lymph",156245,15.5,8.2,27.4,27965,"","","",21685,"","","",85565,"","","",16985,"","","",3,61709,0.0,17.8,23.9,17.7,15.3,9.5,54.4,9.5,63.0,58.1,81.7,24.6,83.4,26.6
"A0062","San Bernardino","Fontana","https://www.californiahealthmaps.org?address=A0062","Male","Urinary",152300,"","","",28795,"","","",20305,"","","",83410,"","","",15850,"","","",3,61709,0.0,17.8,23.9,17.7,15.3,9.5,54.4,9.5,63.0,58.1,81.7,24.6,83.4,26.6
"A0062","San Bernardino","Fontana","https://www.californiahealthmaps.org?address=A0062","Female","Urinary",156245,"","","",27965,"","","",21685,"","","",85565,"","","",16985,"","","",3,61709,0.0,17.8,23.9,17.7,15.3,9.5,54.4,9.5,63.0,58.1,81.7,24.6,83.4,26.6
"A0062","San Bernardino","Fontana","https://www.californiahealthmaps.org?address=A0062","Male","Kidney",152300,29.0,18.3,47.8,28795,"","","",20305,"","","",83410,"","","",15850,"","","",3,61709,0.0,17.8,23.9,17.7,15.3,9.5,54.4,9.5,63.0,58.1,81.7,24.6,83.4,26.6
"A0062","San Bernardino","Fontana","https://www.californiahealthmaps.org?address=A0062","Female","Kidney",156245,"","","",27965,"","","",21685,"","","",85565,"","","",16985,"","","",3,61709,0.0,17.8,23.9,17.7,15.3,9.5,54.4,9.5,63.0,58.1,81.7,24.6,83.4,26.6
"A0062","San Bernardino","Fontana","https://www.californiahealthmaps.org?address=A0062","Male","Thyroid",152300,"","","",28795,"","","",20305,"","","",83410,"","","",15850,"","","",3,61709,0.0,17.8,23.9,17.7,15.3,9.5,54.4,9.5,63.0,58.1,81.7,24.6,83.4,26.6
"A0062","San Bernardino","Fontana","https://www.californiahealthmaps.org?address=A0062","Female","Thyroid",156245,32.4,23.2,45.4,27965,"","","",21685,"","","",85565,38.1,23.3,62.3,16985,"","","",3,61709,0.0,17.8,23.9,17.7,15.3,9.5,54.4,9.5,63.0,58.1,81.7,24.6,83.4,26.6
"A0062","San Bernardino","Fontana","https://www.californiahealthmaps.org?address=A0062","Male","Liver",152300,"","","",28795,"","","",20305,"","","",83410,"","","",15850,"","","",3,61709,0.0,17.8,23.9,17.7,15.3,9.5,54.4,9.5,63.0,58.1,81.7,24.6,83.4,26.6
"A0062","San Bernardino","Fontana","https://www.californiahealthmaps.org?address=A0062","Female","Liver",156245,"","","",27965,"","","",21685,"","","",85565,"","","",16985,"","","",3,61709,0.0,17.8,23.9,17.7,15.3,9.5,54.4,9.5,63.0,58.1,81.7,24.6,83.4,26.6
"A0062","San Bernardino","Fontana","https://www.californiahealthmaps.org?address=A0062","Male","Pancreas",152300,"","","",28795,"","","",20305,"","","",83410,"","","",15850,"","","",3,61709,0.0,17.8,23.9,17.7,15.3,9.5,54.4,9.5,63.0,58.1,81.7,24.6,83.4,26.6
"A0062","San Bernardino","Fontana","https://www.californiahealthmaps.org?address=A0062","Female","Pancreas",156245,"","","",27965,"","","",21685,"","","",85565,"","","",16985,"","","",3,61709,0.0,17.8,23.9,17.7,15.3,9.5,54.4,9.5,63.0,58.1,81.7,24.6,83.4,26.6
"A0062","San Bernardino","Fontana","https://www.californiahealthmaps.org?address=A0062","Both","AllSite",308545,481.9,448.0,518.1,56760,646.3,562.0,742.3,41990,577.8,488.3,685.6,168975,442.9,393.8,497.6,32835,269.3,210.7,343.0,3,61709,0.0,17.8,23.9,17.7,15.3,9.5,54.4,9.5,63.0,58.1,81.7,24.6,83.4,26.6
"A0062","San Bernardino","Fontana","https://www.californiahealthmaps.org?address=A0062","Both","Lung",308545,52.8,40.7,67.7,56760,87.6,55.1,134.0,41990,81.6,45.2,141.6,168975,36.9,22.1,58.6,32835,"","","",3,61709,0.0,17.8,23.9,17.7,15.3,9.5,54.4,9.5,63.0,58.1,81.7,24.6,83.4,26.6
"A0062","San Bernardino","Fontana","https://www.californiahealthmaps.org?address=A0062","Both","CRC",308545,47.5,36.9,60.7,56760,68.2,41.0,109.1,41990,65.2,36.2,116.6,168975,42.1,27.9,62.4,32835,"","","",3,61709,0.0,17.8,23.9,17.7,15.3,9.5,54.4,9.5,63.0,58.1,81.7,24.6,83.4,26.6
"A0062","San Bernardino","Fontana","https://www.californiahealthmaps.org?address=A0062","Both","Mela",308545,12.3,7.3,19.9,56760,46.2,25.9,79.7,41990,"","","",168975,"","","",32835,"","","",3,61709,0.0,17.8,23.9,17.7,15.3,9.5,54.4,9.5,63.0,58.1,81.7,24.6,83.4,26.6
"A0062","San Bernardino","Fontana","https://www.californiahealthmaps.org?address=A0062","Both","Lymph",308545,18.3,12.1,27.1,56760,"","","",41990,"","","",168975,"","","",32835,"","","",3,61709,0.0,17.8,23.9,17.7,15.3,9.5,54.4,9.5,63.0,58.1,81.7,24.6,83.4,26.6
"A0062","San Bernardino","Fontana","https://www.californiahealthmaps.org?address=A0062","Both","Urinary",308545,"","","",56760,"","","",41990,"","","",168975,"","","",32835,"","","",3,61709,0.0,17.8,23.9,17.7,15.3,9.5,54.4,9.5,63.0,58.1,81.7,24.6,83.4,26.6
"A0062","San Bernardino","Fontana","https://www.californiahealthmaps.org?address=A0062","Both","Kidney",308545,19.0,13.5,26.9,56760,"","","",41990,"","","",168975,17.3,9.4,31.4,32835,"","","",3,61709,0.0,17.8,23.9,17.7,15.3,9.5,54.4,9.5,63.0,58.1,81.7,24.6,83.4,26.6
"A0062","San Bernardino","Fontana","https://www.californiahealthmaps.org?address=A0062","Both","Thyroid",308545,19.3,14.0,26.9,56760,"","","",41990,"","","",168975,23.8,14.9,38.5,32835,"","","",3,61709,0.0,17.8,23.9,17.7,15.3,9.5,54.4,9.5,63.0,58.1,81.7,24.6,83.4,26.6
"A0062","San Bernardino","Fontana","https://www.californiahealthmaps.org?address=A0062","Both","Liver",308545,10.9,6.2,18.4,56760,"","","",41990,"","","",168975,"","","",32835,"","","",3,61709,0.0,17.8,23.9,17.7,15.3,9.5,54.4,9.5,63.0,58.1,81.7,24.6,83.4,26.6
"A0062","San Bernardino","Fontana","https://www.californiahealthmaps.org?address=A0062","Both","Pancreas",308545,12.4,7.3,20.4,56760,"","","",41990,"","","",168975,"","","",32835,"","","",3,61709,0.0,17.8,23.9,17.7,15.3,9.5,54.4,9.5,63.0,58.1,81.7,24.6,83.4,26.6
