"Zone","Counties","Cities","URL","Sex","Cancer","PopTot","AAIR","LCI","UCI","White_PopTot","White_AAIR","White_LCI","White_UCI","Black_PopTot","Black_AAIR","Black_LCI","Black_UCI","Hispanic_PopTot","Hispanic_AAIR","Hispanic_LCI","Hispanic_UCI","Asian_PopTot","Asian_AAIR","Asian_LCI","Asian_UCI","QNSES","PopAll","PerRural","PerUninsured","PerForeignBorn","PerWhite","PerBlack","PerAsian","PerHispanic","PerAPI","PerDocvisit","PerFOBT","PerMammo","PerMenPrev","PerPap","PerWomenPrev"
"A1105","Orange","Huntington Beach","https://www.californiahealthmaps.org?address=A1105","Male","AllSite",152400,501.2,466.2,538.5,115215,498.1,459.8,539.7,"","","","",18465,426.0,301.5,593.7,11920,420.4,312.4,562.7,5,60771,0.0,12.1,11.9,72.8,0.8,8.3,15.4,8.3,68.7,73.8,79.8,44.5,84.2,37.9
"A1105","Orange","Huntington Beach","https://www.californiahealthmaps.org?address=A1105","Female","AllSite",151455,478.6,447.1,512.3,111795,518.5,481.6,558.5,"","","","",18510,378.2,284.2,498.4,14765,267.9,195.3,368.3,5,60771,0.0,12.1,11.9,72.8,0.8,8.3,15.4,8.3,68.7,73.8,79.8,44.5,84.2,37.9
"A1105","Orange","Huntington Beach","https://www.californiahealthmaps.org?address=A1105","Male","Prostate",152400,109.0,93.3,127.0,115215,91.9,76.3,110.8,"","","","",18465,170.9,95.8,291.9,11920,107.9,60.5,191.6,5,60771,0.0,12.1,11.9,72.8,0.8,8.3,15.4,8.3,68.7,73.8,79.8,44.5,84.2,37.9
"A1105","Orange","Huntington Beach","https://www.californiahealthmaps.org?address=A1105","Female","Breast",151455,160.2,142.4,180.3,111795,176.1,155.0,200.4,"","","","",18510,"","","",14765,112.6,68.7,185.8,5,60771,0.0,12.1,11.9,72.8,0.8,8.3,15.4,8.3,68.7,73.8,79.8,44.5,84.2,37.9
"A1105","Orange","Huntington Beach","https://www.californiahealthmaps.org?address=A1105","Male","Lung",152400,48.5,37.9,61.6,115215,45.9,34.7,60.5,"","","","",18465,"","","",11920,"","","",5,60771,0.0,12.1,11.9,72.8,0.8,8.3,15.4,8.3,68.7,73.8,79.8,44.5,84.2,37.9
"A1105","Orange","Huntington Beach","https://www.californiahealthmaps.org?address=A1105","Female","Lung",151455,58.0,47.3,71.1,111795,67.1,54.4,83.3,"","","","",18510,"","","",14765,"","","",5,60771,0.0,12.1,11.9,72.8,0.8,8.3,15.4,8.3,68.7,73.8,79.8,44.5,84.2,37.9
"A1105","Orange","Huntington Beach","https://www.californiahealthmaps.org?address=A1105","Male","CRC",152400,31.1,22.8,42.0,115215,30.0,21.2,42.5,"","","","",18465,"","","",11920,"","","",5,60771,0.0,12.1,11.9,72.8,0.8,8.3,15.4,8.3,68.7,73.8,79.8,44.5,84.2,37.9
"A1105","Orange","Huntington Beach","https://www.californiahealthmaps.org?address=A1105","Female","CRC",151455,33.2,25.3,43.6,111795,33.4,24.7,45.6,"","","","",18510,"","","",14765,"","","",5,60771,0.0,12.1,11.9,72.8,0.8,8.3,15.4,8.3,68.7,73.8,79.8,44.5,84.2,37.9
"A1105","Orange","Huntington Beach","https://www.californiahealthmaps.org?address=A1105","Male","Mela",152400,68.8,56.4,83.6,115215,77.7,63.3,95.5,"","","","",18465,"","","",11920,"","","",5,60771,0.0,12.1,11.9,72.8,0.8,8.3,15.4,8.3,68.7,73.8,79.8,44.5,84.2,37.9
"A1105","Orange","Huntington Beach","https://www.californiahealthmaps.org?address=A1105","Female","Mela",151455,41.9,32.7,53.6,111795,47.8,36.5,62.8,"","","","",18510,"","","",14765,"","","",5,60771,0.0,12.1,11.9,72.8,0.8,8.3,15.4,8.3,68.7,73.8,79.8,44.5,84.2,37.9
"A1105","Orange","Huntington Beach","https://www.californiahealthmaps.org?address=A1105","Female","Uterine",151455,24.0,17.5,32.8,111795,26.8,19.2,38.0,"","","","",18510,"","","",14765,"","","",5,60771,0.0,12.1,11.9,72.8,0.8,8.3,15.4,8.3,68.7,73.8,79.8,44.5,84.2,37.9
"A1105","Orange","Huntington Beach","https://www.californiahealthmaps.org?address=A1105","Male","Lymph",152400,27.7,20.0,37.9,115215,28.9,20.3,41.0,"","","","",18465,"","","",11920,"","","",5,60771,0.0,12.1,11.9,72.8,0.8,8.3,15.4,8.3,68.7,73.8,79.8,44.5,84.2,37.9
"A1105","Orange","Huntington Beach","https://www.californiahealthmaps.org?address=A1105","Female","Lymph",151455,19.4,13.5,27.8,111795,19.5,12.9,29.8,"","","","",18510,"","","",14765,"","","",5,60771,0.0,12.1,11.9,72.8,0.8,8.3,15.4,8.3,68.7,73.8,79.8,44.5,84.2,37.9
"A1105","Orange","Huntington Beach","https://www.californiahealthmaps.org?address=A1105","Male","Urinary",152400,18.1,11.6,27.3,115215,20.2,12.8,31.5,"","","","",18465,"","","",11920,"","","",5,60771,0.0,12.1,11.9,72.8,0.8,8.3,15.4,8.3,68.7,73.8,79.8,44.5,84.2,37.9
"A1105","Orange","Huntington Beach","https://www.californiahealthmaps.org?address=A1105","Female","Urinary",151455,"","","",111795,"","","","","","","",18510,"","","",14765,"","","",5,60771,0.0,12.1,11.9,72.8,0.8,8.3,15.4,8.3,68.7,73.8,79.8,44.5,84.2,37.9
"A1105","Orange","Huntington Beach","https://www.californiahealthmaps.org?address=A1105","Male","Kidney",152400,16.6,10.9,24.8,115215,14.3,8.6,23.7,"","","","",18465,"","","",11920,"","","",5,60771,0.0,12.1,11.9,72.8,0.8,8.3,15.4,8.3,68.7,73.8,79.8,44.5,84.2,37.9
"A1105","Orange","Huntington Beach","https://www.californiahealthmaps.org?address=A1105","Female","Kidney",151455,11.1,6.7,18.0,111795,11.6,6.7,20.5,"","","","",18510,"","","",14765,"","","",5,60771,0.0,12.1,11.9,72.8,0.8,8.3,15.4,8.3,68.7,73.8,79.8,44.5,84.2,37.9
"A1105","Orange","Huntington Beach","https://www.californiahealthmaps.org?address=A1105","Male","Thyroid",152400,"","","",115215,"","","","","","","",18465,"","","",11920,"","","",5,60771,0.0,12.1,11.9,72.8,0.8,8.3,15.4,8.3,68.7,73.8,79.8,44.5,84.2,37.9
"A1105","Orange","Huntington Beach","https://www.californiahealthmaps.org?address=A1105","Female","Thyroid",151455,19.5,13.5,28.1,111795,17.0,10.7,27.1,"","","","",18510,"","","",14765,"","","",5,60771,0.0,12.1,11.9,72.8,0.8,8.3,15.4,8.3,68.7,73.8,79.8,44.5,84.2,37.9
"A1105","Orange","Huntington Beach","https://www.californiahealthmaps.org?address=A1105","Male","Liver",152400,12.0,7.3,19.2,115215,11.8,6.8,20.7,"","","","",18465,"","","",11920,"","","",5,60771,0.0,12.1,11.9,72.8,0.8,8.3,15.4,8.3,68.7,73.8,79.8,44.5,84.2,37.9
"A1105","Orange","Huntington Beach","https://www.californiahealthmaps.org?address=A1105","Female","Liver",151455,"","","",111795,"","","","","","","",18510,"","","",14765,"","","",5,60771,0.0,12.1,11.9,72.8,0.8,8.3,15.4,8.3,68.7,73.8,79.8,44.5,84.2,37.9
"A1105","Orange","Huntington Beach","https://www.californiahealthmaps.org?address=A1105","Male","Pancreas",152400,15.6,9.9,24.0,115215,17.3,10.7,27.8,"","","","",18465,"","","",11920,"","","",5,60771,0.0,12.1,11.9,72.8,0.8,8.3,15.4,8.3,68.7,73.8,79.8,44.5,84.2,37.9
"A1105","Orange","Huntington Beach","https://www.californiahealthmaps.org?address=A1105","Female","Pancreas",151455,8.2,4.8,14.2,111795,8.5,4.8,16.1,"","","","",18510,"","","",14765,"","","",5,60771,0.0,12.1,11.9,72.8,0.8,8.3,15.4,8.3,68.7,73.8,79.8,44.5,84.2,37.9
"A1105","Orange","Huntington Beach","https://www.californiahealthmaps.org?address=A1105","Both","AllSite",303855,482.5,459.3,506.7,227010,500.9,474.7,528.6,"","","","",36975,389.5,314.6,479.5,26685,336.4,272.6,414.2,5,60771,0.0,12.1,11.9,72.8,0.8,8.3,15.4,8.3,68.7,73.8,79.8,44.5,84.2,37.9
"A1105","Orange","Huntington Beach","https://www.californiahealthmaps.org?address=A1105","Both","Lung",303855,53.4,45.8,62.2,227010,57.1,48.4,67.4,"","","","",36975,"","","",26685,"","","",5,60771,0.0,12.1,11.9,72.8,0.8,8.3,15.4,8.3,68.7,73.8,79.8,44.5,84.2,37.9
"A1105","Orange","Huntington Beach","https://www.californiahealthmaps.org?address=A1105","Both","CRC",303855,32.6,26.7,39.7,227010,32.3,25.9,40.4,"","","","",36975,"","","",26685,"","","",5,60771,0.0,12.1,11.9,72.8,0.8,8.3,15.4,8.3,68.7,73.8,79.8,44.5,84.2,37.9
"A1105","Orange","Huntington Beach","https://www.californiahealthmaps.org?address=A1105","Both","Mela",303855,53.0,45.6,61.7,227010,60.2,51.3,70.8,"","","","",36975,"","","",26685,"","","",5,60771,0.0,12.1,11.9,72.8,0.8,8.3,15.4,8.3,68.7,73.8,79.8,44.5,84.2,37.9
"A1105","Orange","Huntington Beach","https://www.californiahealthmaps.org?address=A1105","Both","Lymph",303855,23.4,18.5,29.6,227010,23.9,18.5,31.1,"","","","",36975,"","","",26685,"","","",5,60771,0.0,12.1,11.9,72.8,0.8,8.3,15.4,8.3,68.7,73.8,79.8,44.5,84.2,37.9
"A1105","Orange","Huntington Beach","https://www.californiahealthmaps.org?address=A1105","Both","Urinary",303855,9.9,6.8,14.3,227010,11.4,7.8,16.9,"","","","",36975,"","","",26685,"","","",5,60771,0.0,12.1,11.9,72.8,0.8,8.3,15.4,8.3,68.7,73.8,79.8,44.5,84.2,37.9
"A1105","Orange","Huntington Beach","https://www.californiahealthmaps.org?address=A1105","Both","Kidney",303855,13.7,10.0,18.5,227010,12.9,9.0,18.5,"","","","",36975,"","","",26685,"","","",5,60771,0.0,12.1,11.9,72.8,0.8,8.3,15.4,8.3,68.7,73.8,79.8,44.5,84.2,37.9
"A1105","Orange","Huntington Beach","https://www.californiahealthmaps.org?address=A1105","Both","Thyroid",303855,12.8,9.3,17.5,227010,11.4,7.8,16.9,"","","","",36975,"","","",26685,"","","",5,60771,0.0,12.1,11.9,72.8,0.8,8.3,15.4,8.3,68.7,73.8,79.8,44.5,84.2,37.9
"A1105","Orange","Huntington Beach","https://www.californiahealthmaps.org?address=A1105","Both","Liver",303855,8.5,5.7,12.4,227010,8.5,5.4,13.4,"","","","",36975,"","","",26685,"","","",5,60771,0.0,12.1,11.9,72.8,0.8,8.3,15.4,8.3,68.7,73.8,79.8,44.5,84.2,37.9
"A1105","Orange","Huntington Beach","https://www.californiahealthmaps.org?address=A1105","Both","Pancreas",303855,11.9,8.5,16.5,227010,13.0,9.2,18.7,"","","","",36975,"","","",26685,"","","",5,60771,0.0,12.1,11.9,72.8,0.8,8.3,15.4,8.3,68.7,73.8,79.8,44.5,84.2,37.9
