"Zone","Counties","Cities","URL","Sex","Cancer","PopTot","AAIR","LCI","UCI","White_PopTot","White_AAIR","White_LCI","White_UCI","Black_PopTot","Black_AAIR","Black_LCI","Black_UCI","Hispanic_PopTot","Hispanic_AAIR","Hispanic_LCI","Hispanic_UCI","Asian_PopTot","Asian_AAIR","Asian_LCI","Asian_UCI","QNSES","PopAll","PerRural","PerUninsured","PerForeignBorn","PerWhite","PerBlack","PerAsian","PerHispanic","PerAPI","PerDocvisit","PerFOBT","PerMammo","PerMenPrev","PerPap","PerWomenPrev"
"A0641","Santa Clara","Sunnyvale","https://www.californiahealthmaps.org?address=A0641","Male","AllSite",173440,424.7,390.2,461.7,58095,457.4,408.5,512.6,"","","","",28235,528.7,384.9,719.8,77530,367.8,311.3,432.5,5,68564,0.0,10.2,48.8,33.8,1.8,44.2,16.0,44.2,64.3,74.7,81.1,39.3,82.6,37.6
"A0641","Santa Clara","Sunnyvale","https://www.californiahealthmaps.org?address=A0641","Female","AllSite",169380,390.1,360.4,422.0,54665,386.8,343.3,436.7,"","","","",27600,366.9,283.4,469.4,78145,391.2,342.3,446.7,5,68564,0.0,10.2,48.8,33.8,1.8,44.2,16.0,44.2,64.3,74.7,81.1,39.3,82.6,37.6
"A0641","Santa Clara","Sunnyvale","https://www.californiahealthmaps.org?address=A0641","Male","Prostate",173440,96.0,79.9,114.6,58095,86.8,67.2,113.1,"","","","",28235,192.1,107.4,328.9,77530,82.3,56.9,116.2,5,68564,0.0,10.2,48.8,33.8,1.8,44.2,16.0,44.2,64.3,74.7,81.1,39.3,82.6,37.6
"A0641","Santa Clara","Sunnyvale","https://www.californiahealthmaps.org?address=A0641","Female","Breast",169380,127.1,110.4,146.0,54665,121.8,98.2,152.1,"","","","",27600,133.2,85.1,201.0,78145,125.9,99.4,159.1,5,68564,0.0,10.2,48.8,33.8,1.8,44.2,16.0,44.2,64.3,74.7,81.1,39.3,82.6,37.6
"A0641","Santa Clara","Sunnyvale","https://www.californiahealthmaps.org?address=A0641","Male","Lung",173440,53.7,41.6,68.5,58095,51.8,36.6,74.1,"","","","",28235,"","","",77530,55.1,33.7,85.8,5,68564,0.0,10.2,48.8,33.8,1.8,44.2,16.0,44.2,64.3,74.7,81.1,39.3,82.6,37.6
"A0641","Santa Clara","Sunnyvale","https://www.californiahealthmaps.org?address=A0641","Female","Lung",169380,38.6,29.6,50.0,54665,45.4,31.8,66.5,"","","","",27600,"","","",78145,41.1,25.7,63.9,5,68564,0.0,10.2,48.8,33.8,1.8,44.2,16.0,44.2,64.3,74.7,81.1,39.3,82.6,37.6
"A0641","Santa Clara","Sunnyvale","https://www.californiahealthmaps.org?address=A0641","Male","CRC",173440,48.4,37.3,61.9,58095,54.0,38.3,76.7,"","","","",28235,"","","",77530,35.7,20.4,59.6,5,68564,0.0,10.2,48.8,33.8,1.8,44.2,16.0,44.2,64.3,74.7,81.1,39.3,82.6,37.6
"A0641","Santa Clara","Sunnyvale","https://www.californiahealthmaps.org?address=A0641","Female","CRC",169380,23.5,16.5,33.0,54665,26.0,15.9,43.9,"","","","",27600,"","","",78145,"","","",5,68564,0.0,10.2,48.8,33.8,1.8,44.2,16.0,44.2,64.3,74.7,81.1,39.3,82.6,37.6
"A0641","Santa Clara","Sunnyvale","https://www.californiahealthmaps.org?address=A0641","Male","Mela",173440,29.5,20.8,40.8,58095,48.3,33.7,69.9,"","","","",28235,"","","",77530,"","","",5,68564,0.0,10.2,48.8,33.8,1.8,44.2,16.0,44.2,64.3,74.7,81.1,39.3,82.6,37.6
"A0641","Santa Clara","Sunnyvale","https://www.californiahealthmaps.org?address=A0641","Female","Mela",169380,14.9,9.6,22.7,54665,25.6,15.0,44.3,"","","","",27600,"","","",78145,"","","",5,68564,0.0,10.2,48.8,33.8,1.8,44.2,16.0,44.2,64.3,74.7,81.1,39.3,82.6,37.6
"A0641","Santa Clara","Sunnyvale","https://www.californiahealthmaps.org?address=A0641","Female","Uterine",169380,31.6,23.6,42.0,54665,31.8,20.6,50.7,"","","","",27600,"","","",78145,25.9,14.7,44.5,5,68564,0.0,10.2,48.8,33.8,1.8,44.2,16.0,44.2,64.3,74.7,81.1,39.3,82.6,37.6
"A0641","Santa Clara","Sunnyvale","https://www.californiahealthmaps.org?address=A0641","Male","Lymph",173440,26.9,18.7,37.6,58095,32.6,20.6,52.0,"","","","",28235,"","","",77530,"","","",5,68564,0.0,10.2,48.8,33.8,1.8,44.2,16.0,44.2,64.3,74.7,81.1,39.3,82.6,37.6
"A0641","Santa Clara","Sunnyvale","https://www.californiahealthmaps.org?address=A0641","Female","Lymph",169380,16.3,10.7,24.4,54665,19.2,11.0,35.4,"","","","",27600,"","","",78145,"","","",5,68564,0.0,10.2,48.8,33.8,1.8,44.2,16.0,44.2,64.3,74.7,81.1,39.3,82.6,37.6
"A0641","Santa Clara","Sunnyvale","https://www.californiahealthmaps.org?address=A0641","Male","Urinary",173440,14.8,8.9,23.5,58095,"","","","","","","",28235,"","","",77530,"","","",5,68564,0.0,10.2,48.8,33.8,1.8,44.2,16.0,44.2,64.3,74.7,81.1,39.3,82.6,37.6
"A0641","Santa Clara","Sunnyvale","https://www.californiahealthmaps.org?address=A0641","Female","Urinary",169380,"","","",54665,"","","","","","","",27600,"","","",78145,"","","",5,68564,0.0,10.2,48.8,33.8,1.8,44.2,16.0,44.2,64.3,74.7,81.1,39.3,82.6,37.6
"A0641","Santa Clara","Sunnyvale","https://www.californiahealthmaps.org?address=A0641","Male","Kidney",173440,21.3,14.1,31.0,58095,20.0,11.1,36.6,"","","","",28235,"","","",77530,"","","",5,68564,0.0,10.2,48.8,33.8,1.8,44.2,16.0,44.2,64.3,74.7,81.1,39.3,82.6,37.6
"A0641","Santa Clara","Sunnyvale","https://www.californiahealthmaps.org?address=A0641","Female","Kidney",169380,"","","",54665,"","","","","","","",27600,"","","",78145,"","","",5,68564,0.0,10.2,48.8,33.8,1.8,44.2,16.0,44.2,64.3,74.7,81.1,39.3,82.6,37.6
"A0641","Santa Clara","Sunnyvale","https://www.californiahealthmaps.org?address=A0641","Male","Thyroid",173440,"","","",58095,"","","","","","","",28235,"","","",77530,"","","",5,68564,0.0,10.2,48.8,33.8,1.8,44.2,16.0,44.2,64.3,74.7,81.1,39.3,82.6,37.6
"A0641","Santa Clara","Sunnyvale","https://www.californiahealthmaps.org?address=A0641","Female","Thyroid",169380,17.2,11.5,25.5,54665,"","","","","","","",27600,"","","",78145,23.0,13.2,40.0,5,68564,0.0,10.2,48.8,33.8,1.8,44.2,16.0,44.2,64.3,74.7,81.1,39.3,82.6,37.6
"A0641","Santa Clara","Sunnyvale","https://www.californiahealthmaps.org?address=A0641","Male","Liver",173440,"","","",58095,"","","","","","","",28235,"","","",77530,"","","",5,68564,0.0,10.2,48.8,33.8,1.8,44.2,16.0,44.2,64.3,74.7,81.1,39.3,82.6,37.6
"A0641","Santa Clara","Sunnyvale","https://www.californiahealthmaps.org?address=A0641","Female","Liver",169380,10.3,5.8,17.3,54665,"","","","","","","",27600,"","","",78145,"","","",5,68564,0.0,10.2,48.8,33.8,1.8,44.2,16.0,44.2,64.3,74.7,81.1,39.3,82.6,37.6
"A0641","Santa Clara","Sunnyvale","https://www.californiahealthmaps.org?address=A0641","Male","Pancreas",173440,"","","",58095,"","","","","","","",28235,"","","",77530,"","","",5,68564,0.0,10.2,48.8,33.8,1.8,44.2,16.0,44.2,64.3,74.7,81.1,39.3,82.6,37.6
"A0641","Santa Clara","Sunnyvale","https://www.californiahealthmaps.org?address=A0641","Female","Pancreas",169380,11.9,7.2,19.1,54665,"","","","","","","",27600,"","","",78145,"","","",5,68564,0.0,10.2,48.8,33.8,1.8,44.2,16.0,44.2,64.3,74.7,81.1,39.3,82.6,37.6
"A0641","Santa Clara","Sunnyvale","https://www.californiahealthmaps.org?address=A0641","Both","AllSite",342820,398.5,376.3,421.9,112760,414.2,382.0,449.5,"","","","",55835,409.8,337.5,494.5,155675,375.3,338.4,415.8,5,68564,0.0,10.2,48.8,33.8,1.8,44.2,16.0,44.2,64.3,74.7,81.1,39.3,82.6,37.6
"A0641","Santa Clara","Sunnyvale","https://www.californiahealthmaps.org?address=A0641","Both","Lung",342820,44.2,36.9,52.7,112760,47.4,37.2,60.9,"","","","",55835,"","","",155675,45.5,32.8,62.1,5,68564,0.0,10.2,48.8,33.8,1.8,44.2,16.0,44.2,64.3,74.7,81.1,39.3,82.6,37.6
"A0641","Santa Clara","Sunnyvale","https://www.californiahealthmaps.org?address=A0641","Both","CRC",342820,34.7,28.3,42.3,112760,38.7,29.4,51.4,"","","","",55835,"","","",155675,28.6,18.9,42.3,5,68564,0.0,10.2,48.8,33.8,1.8,44.2,16.0,44.2,64.3,74.7,81.1,39.3,82.6,37.6
"A0641","Santa Clara","Sunnyvale","https://www.californiahealthmaps.org?address=A0641","Both","Mela",342820,20.6,15.8,26.6,112760,34.7,26.0,46.9,"","","","",55835,"","","",155675,"","","",5,68564,0.0,10.2,48.8,33.8,1.8,44.2,16.0,44.2,64.3,74.7,81.1,39.3,82.6,37.6
"A0641","Santa Clara","Sunnyvale","https://www.californiahealthmaps.org?address=A0641","Both","Lymph",342820,21.2,16.3,27.3,112760,25.9,18.4,36.9,"","","","",55835,"","","",155675,18.2,10.6,29.8,5,68564,0.0,10.2,48.8,33.8,1.8,44.2,16.0,44.2,64.3,74.7,81.1,39.3,82.6,37.6
"A0641","Santa Clara","Sunnyvale","https://www.californiahealthmaps.org?address=A0641","Both","Urinary",342820,8.7,5.7,13.0,112760,12.0,7.3,20.4,"","","","",55835,"","","",155675,"","","",5,68564,0.0,10.2,48.8,33.8,1.8,44.2,16.0,44.2,64.3,74.7,81.1,39.3,82.6,37.6
"A0641","Santa Clara","Sunnyvale","https://www.californiahealthmaps.org?address=A0641","Both","Kidney",342820,13.1,9.3,18.1,112760,12.2,7.3,20.9,"","","","",55835,"","","",155675,"","","",5,68564,0.0,10.2,48.8,33.8,1.8,44.2,16.0,44.2,64.3,74.7,81.1,39.3,82.6,37.6
"A0641","Santa Clara","Sunnyvale","https://www.californiahealthmaps.org?address=A0641","Both","Thyroid",342820,11.0,7.7,15.4,112760,"","","","","","","",55835,"","","",155675,15.0,9.1,24.5,5,68564,0.0,10.2,48.8,33.8,1.8,44.2,16.0,44.2,64.3,74.7,81.1,39.3,82.6,37.6
"A0641","Santa Clara","Sunnyvale","https://www.californiahealthmaps.org?address=A0641","Both","Liver",342820,9.4,6.1,13.9,112760,"","","","","","","",55835,"","","",155675,"","","",5,68564,0.0,10.2,48.8,33.8,1.8,44.2,16.0,44.2,64.3,74.7,81.1,39.3,82.6,37.6
"A0641","Santa Clara","Sunnyvale","https://www.californiahealthmaps.org?address=A0641","Both","Pancreas",342820,11.0,7.6,15.7,112760,"","","","","","","",55835,"","","",155675,18.5,10.9,30.3,5,68564,0.0,10.2,48.8,33.8,1.8,44.2,16.0,44.2,64.3,74.7,81.1,39.3,82.6,37.6
