"Zone","Counties","Cities","URL","Sex","Cancer","PopTot","AAIR","LCI","UCI","White_PopTot","White_AAIR","White_LCI","White_UCI","Black_PopTot","Black_AAIR","Black_LCI","Black_UCI","Hispanic_PopTot","Hispanic_AAIR","Hispanic_LCI","Hispanic_UCI","Asian_PopTot","Asian_AAIR","Asian_LCI","Asian_UCI","QNSES","PopAll","PerRural","PerUninsured","PerForeignBorn","PerWhite","PerBlack","PerAsian","PerHispanic","PerAPI","PerDocvisit","PerFOBT","PerMammo","PerMenPrev","PerPap","PerWomenPrev"
"A0516","San Luis Obispo","Pismo Beach","https://www.californiahealthmaps.org?address=A0516","Male","AllSite",156260,518.3,486.0,552.5,99810,501.2,465.0,540.6,"","","","",46130,467.7,381.3,572.3,"","","","",3,63754,6.4,16.6,12.0,66.3,0.9,3.8,26.2,3.8,"","","","","",""
"A0516","San Luis Obispo","Pismo Beach","https://www.californiahealthmaps.org?address=A0516","Female","AllSite",162510,459.5,430.5,490.3,106200,459.4,425.5,496.6,"","","","",45205,428.1,358.1,509.9,"","","","",3,63754,6.4,16.6,12.0,66.3,0.9,3.8,26.2,3.8,"","","","","",""
"A0516","San Luis Obispo","Pismo Beach","https://www.californiahealthmaps.org?address=A0516","Male","Prostate",156260,122.5,107.5,139.4,99810,100.2,85.5,118.0,"","","","",46130,112.9,75.5,169.0,"","","","",3,63754,6.4,16.6,12.0,66.3,0.9,3.8,26.2,3.8,"","","","","",""
"A0516","San Luis Obispo","Pismo Beach","https://www.californiahealthmaps.org?address=A0516","Female","Breast",162510,138.5,122.9,156.0,106200,137.0,119.2,158.2,"","","","",45205,153.5,112.0,207.6,"","","","",3,63754,6.4,16.6,12.0,66.3,0.9,3.8,26.2,3.8,"","","","","",""
"A0516","San Luis Obispo","Pismo Beach","https://www.californiahealthmaps.org?address=A0516","Male","Lung",156260,54.3,44.4,66.3,99810,52.5,41.9,66.5,"","","","",46130,78.8,42.1,138.0,"","","","",3,63754,6.4,16.6,12.0,66.3,0.9,3.8,26.2,3.8,"","","","","",""
"A0516","San Luis Obispo","Pismo Beach","https://www.californiahealthmaps.org?address=A0516","Female","Lung",162510,43.9,35.7,54.0,106200,44.0,35.2,56.2,"","","","",45205,"","","","","","","",3,63754,6.4,16.6,12.0,66.3,0.9,3.8,26.2,3.8,"","","","","",""
"A0516","San Luis Obispo","Pismo Beach","https://www.californiahealthmaps.org?address=A0516","Male","CRC",156260,33.8,25.9,43.8,99810,35.4,26.1,48.2,"","","","",46130,"","","","","","","",3,63754,6.4,16.6,12.0,66.3,0.9,3.8,26.2,3.8,"","","","","",""
"A0516","San Luis Obispo","Pismo Beach","https://www.californiahealthmaps.org?address=A0516","Female","CRC",162510,40.7,32.3,51.1,106200,36.4,27.8,48.5,"","","","",45205,48.5,28.1,81.8,"","","","",3,63754,6.4,16.6,12.0,66.3,0.9,3.8,26.2,3.8,"","","","","",""
"A0516","San Luis Obispo","Pismo Beach","https://www.californiahealthmaps.org?address=A0516","Male","Mela",156260,55.4,45.0,67.9,99810,55.1,43.3,70.4,"","","","",46130,"","","","","","","",3,63754,6.4,16.6,12.0,66.3,0.9,3.8,26.2,3.8,"","","","","",""
"A0516","San Luis Obispo","Pismo Beach","https://www.californiahealthmaps.org?address=A0516","Female","Mela",162510,30.7,23.5,39.9,106200,33.4,24.4,46.2,"","","","",45205,"","","","","","","",3,63754,6.4,16.6,12.0,66.3,0.9,3.8,26.2,3.8,"","","","","",""
"A0516","San Luis Obispo","Pismo Beach","https://www.californiahealthmaps.org?address=A0516","Female","Uterine",162510,21.1,15.6,28.5,106200,23.6,17.0,34.0,"","","","",45205,"","","","","","","",3,63754,6.4,16.6,12.0,66.3,0.9,3.8,26.2,3.8,"","","","","",""
"A0516","San Luis Obispo","Pismo Beach","https://www.californiahealthmaps.org?address=A0516","Male","Lymph",156260,23.0,16.8,31.4,99810,22.7,15.9,33.1,"","","","",46130,"","","","","","","",3,63754,6.4,16.6,12.0,66.3,0.9,3.8,26.2,3.8,"","","","","",""
"A0516","San Luis Obispo","Pismo Beach","https://www.californiahealthmaps.org?address=A0516","Female","Lymph",162510,22.5,16.5,30.5,106200,23.8,16.3,35.2,"","","","",45205,"","","","","","","",3,63754,6.4,16.6,12.0,66.3,0.9,3.8,26.2,3.8,"","","","","",""
"A0516","San Luis Obispo","Pismo Beach","https://www.californiahealthmaps.org?address=A0516","Male","Urinary",156260,21.3,15.1,29.6,99810,24.2,17.0,35.1,"","","","",46130,"","","","","","","",3,63754,6.4,16.6,12.0,66.3,0.9,3.8,26.2,3.8,"","","","","",""
"A0516","San Luis Obispo","Pismo Beach","https://www.californiahealthmaps.org?address=A0516","Female","Urinary",162510,5.8,3.2,10.6,106200,"","","","","","","",45205,"","","","","","","",3,63754,6.4,16.6,12.0,66.3,0.9,3.8,26.2,3.8,"","","","","",""
"A0516","San Luis Obispo","Pismo Beach","https://www.californiahealthmaps.org?address=A0516","Male","Kidney",156260,23.2,16.7,32.0,99810,17.7,11.8,27.3,"","","","",46130,"","","","","","","",3,63754,6.4,16.6,12.0,66.3,0.9,3.8,26.2,3.8,"","","","","",""
"A0516","San Luis Obispo","Pismo Beach","https://www.californiahealthmaps.org?address=A0516","Female","Kidney",162510,11.9,7.5,18.6,106200,11.8,6.4,21.5,"","","","",45205,"","","","","","","",3,63754,6.4,16.6,12.0,66.3,0.9,3.8,26.2,3.8,"","","","","",""
"A0516","San Luis Obispo","Pismo Beach","https://www.californiahealthmaps.org?address=A0516","Male","Thyroid",156260,"","","",99810,"","","","","","","",46130,"","","","","","","",3,63754,6.4,16.6,12.0,66.3,0.9,3.8,26.2,3.8,"","","","","",""
"A0516","San Luis Obispo","Pismo Beach","https://www.californiahealthmaps.org?address=A0516","Female","Thyroid",162510,18.1,12.0,26.6,106200,23.8,14.6,37.6,"","","","",45205,"","","","","","","",3,63754,6.4,16.6,12.0,66.3,0.9,3.8,26.2,3.8,"","","","","",""
"A0516","San Luis Obispo","Pismo Beach","https://www.californiahealthmaps.org?address=A0516","Male","Liver",156260,12.0,7.7,18.4,99810,10.7,6.3,19.0,"","","","",46130,"","","","","","","",3,63754,6.4,16.6,12.0,66.3,0.9,3.8,26.2,3.8,"","","","","",""
"A0516","San Luis Obispo","Pismo Beach","https://www.californiahealthmaps.org?address=A0516","Female","Liver",162510,"","","",106200,"","","","","","","",45205,"","","","","","","",3,63754,6.4,16.6,12.0,66.3,0.9,3.8,26.2,3.8,"","","","","",""
"A0516","San Luis Obispo","Pismo Beach","https://www.californiahealthmaps.org?address=A0516","Male","Pancreas",156260,15.3,10.4,22.4,99810,16.2,10.7,25.5,"","","","",46130,"","","","","","","",3,63754,6.4,16.6,12.0,66.3,0.9,3.8,26.2,3.8,"","","","","",""
"A0516","San Luis Obispo","Pismo Beach","https://www.californiahealthmaps.org?address=A0516","Female","Pancreas",162510,12.4,8.3,18.4,106200,14.0,9.2,22.7,"","","","",45205,"","","","","","","",3,63754,6.4,16.6,12.0,66.3,0.9,3.8,26.2,3.8,"","","","","",""
"A0516","San Luis Obispo","Pismo Beach","https://www.californiahealthmaps.org?address=A0516","Both","AllSite",318770,483.8,462.3,506.2,206010,476.9,452.1,503.2,"","","","",91335,439.5,385.0,501.1,"","","","",3,63754,6.4,16.6,12.0,66.3,0.9,3.8,26.2,3.8,"","","","","",""
"A0516","San Luis Obispo","Pismo Beach","https://www.californiahealthmaps.org?address=A0516","Both","Lung",318770,48.3,41.9,55.7,206010,47.8,40.9,56.4,"","","","",91335,52.2,32.9,80.0,"","","","",3,63754,6.4,16.6,12.0,66.3,0.9,3.8,26.2,3.8,"","","","","",""
"A0516","San Luis Obispo","Pismo Beach","https://www.californiahealthmaps.org?address=A0516","Both","CRC",318770,37.5,31.6,44.4,206010,36.1,29.7,44.2,"","","","",91335,44.5,28.6,68.1,"","","","",3,63754,6.4,16.6,12.0,66.3,0.9,3.8,26.2,3.8,"","","","","",""
"A0516","San Luis Obispo","Pismo Beach","https://www.californiahealthmaps.org?address=A0516","Both","Mela",318770,41.8,35.6,49.0,206010,43.1,35.7,52.2,"","","","",91335,"","","","","","","",3,63754,6.4,16.6,12.0,66.3,0.9,3.8,26.2,3.8,"","","","","",""
"A0516","San Luis Obispo","Pismo Beach","https://www.californiahealthmaps.org?address=A0516","Both","Lymph",318770,22.6,18.2,28.0,206010,23.1,17.9,30.0,"","","","",91335,"","","","","","","",3,63754,6.4,16.6,12.0,66.3,0.9,3.8,26.2,3.8,"","","","","",""
"A0516","San Luis Obispo","Pismo Beach","https://www.californiahealthmaps.org?address=A0516","Both","Urinary",318770,12.8,9.6,16.9,206010,14.4,10.7,19.9,"","","","",91335,"","","","","","","",3,63754,6.4,16.6,12.0,66.3,0.9,3.8,26.2,3.8,"","","","","",""
"A0516","San Luis Obispo","Pismo Beach","https://www.californiahealthmaps.org?address=A0516","Both","Kidney",318770,17.1,13.2,22.1,206010,14.4,10.3,20.2,"","","","",91335,30.4,17.3,51.6,"","","","",3,63754,6.4,16.6,12.0,66.3,0.9,3.8,26.2,3.8,"","","","","",""
"A0516","San Luis Obispo","Pismo Beach","https://www.californiahealthmaps.org?address=A0516","Both","Thyroid",318770,12.7,9.1,17.4,206010,15.8,10.5,23.2,"","","","",91335,"","","","","","","",3,63754,6.4,16.6,12.0,66.3,0.9,3.8,26.2,3.8,"","","","","",""
"A0516","San Luis Obispo","Pismo Beach","https://www.californiahealthmaps.org?address=A0516","Both","Liver",318770,7.2,4.9,10.6,206010,6.7,4.3,11.1,"","","","",91335,"","","","","","","",3,63754,6.4,16.6,12.0,66.3,0.9,3.8,26.2,3.8,"","","","","",""
"A0516","San Luis Obispo","Pismo Beach","https://www.californiahealthmaps.org?address=A0516","Both","Pancreas",318770,13.7,10.5,18.0,206010,15.0,11.3,20.5,"","","","",91335,"","","","","","","",3,63754,6.4,16.6,12.0,66.3,0.9,3.8,26.2,3.8,"","","","","",""
