"Zone","Counties","Cities","URL","Sex","Cancer","PopTot","AAIR","LCI","UCI","White_PopTot","White_AAIR","White_LCI","White_UCI","Black_PopTot","Black_AAIR","Black_LCI","Black_UCI","Hispanic_PopTot","Hispanic_AAIR","Hispanic_LCI","Hispanic_UCI","Asian_PopTot","Asian_AAIR","Asian_LCI","Asian_UCI","QNSES","PopAll","PerRural","PerUninsured","PerForeignBorn","PerWhite","PerBlack","PerAsian","PerHispanic","PerAPI","PerDocvisit","PerFOBT","PerMammo","PerMenPrev","PerPap","PerWomenPrev"
"A0996","Los Angeles","Los Angeles","https://www.californiahealthmaps.org?address=A0996","Male","AllSite",158855,427.0,386.9,470.7,39430,484.2,424.9,553.8,"","","","",95460,338.9,271.7,422.3,12255,377.3,275.1,511.4,2,63358,0.0,26.1,44.3,26.2,5.2,9.3,57.0,9.3,63.6,56.3,78.3,24.6,84.9,29.5
"A0996","Los Angeles","Los Angeles","https://www.californiahealthmaps.org?address=A0996","Female","AllSite",157935,400.9,367.8,436.5,38260,472.8,415.1,541.2,"","","","",92955,326.1,275.7,384.6,14585,371.2,283.5,488.1,2,63358,0.0,26.1,44.3,26.2,5.2,9.3,57.0,9.3,63.6,56.3,78.3,24.6,84.9,29.5
"A0996","Los Angeles","Los Angeles","https://www.californiahealthmaps.org?address=A0996","Male","Prostate",158855,101.7,82.3,124.8,39430,99.6,73.9,136.8,"","","","",95460,102.1,64.6,158.1,12255,"","","",2,63358,0.0,26.1,44.3,26.2,5.2,9.3,57.0,9.3,63.6,56.3,78.3,24.6,84.9,29.5
"A0996","Los Angeles","Los Angeles","https://www.californiahealthmaps.org?address=A0996","Female","Breast",157935,143.4,123.9,165.5,38260,169.2,135.4,214.7,"","","","",92955,112.0,83.8,148.6,14585,171.4,114.1,259.6,2,63358,0.0,26.1,44.3,26.2,5.2,9.3,57.0,9.3,63.6,56.3,78.3,24.6,84.9,29.5
"A0996","Los Angeles","Los Angeles","https://www.californiahealthmaps.org?address=A0996","Male","Lung",158855,44.9,32.2,61.4,39430,53.8,35.9,83.9,"","","","",95460,"","","",12255,"","","",2,63358,0.0,26.1,44.3,26.2,5.2,9.3,57.0,9.3,63.6,56.3,78.3,24.6,84.9,29.5
"A0996","Los Angeles","Los Angeles","https://www.californiahealthmaps.org?address=A0996","Female","Lung",157935,31.5,22.3,43.4,38260,52.9,35.1,83.9,"","","","",92955,"","","",14585,"","","",2,63358,0.0,26.1,44.3,26.2,5.2,9.3,57.0,9.3,63.6,56.3,78.3,24.6,84.9,29.5
"A0996","Los Angeles","Los Angeles","https://www.californiahealthmaps.org?address=A0996","Male","CRC",158855,45.3,32.8,61.6,39430,47.6,29.9,77.9,"","","","",95460,54.7,29.8,98.3,12255,"","","",2,63358,0.0,26.1,44.3,26.2,5.2,9.3,57.0,9.3,63.6,56.3,78.3,24.6,84.9,29.5
"A0996","Los Angeles","Los Angeles","https://www.californiahealthmaps.org?address=A0996","Female","CRC",157935,32.5,23.3,44.3,38260,26.1,15.0,51.5,"","","","",92955,28.4,14.9,51.3,14585,"","","",2,63358,0.0,26.1,44.3,26.2,5.2,9.3,57.0,9.3,63.6,56.3,78.3,24.6,84.9,29.5
"A0996","Los Angeles","Los Angeles","https://www.californiahealthmaps.org?address=A0996","Male","Mela",158855,19.2,11.7,30.5,39430,30.9,17.8,57.1,"","","","",95460,"","","",12255,"","","",2,63358,0.0,26.1,44.3,26.2,5.2,9.3,57.0,9.3,63.6,56.3,78.3,24.6,84.9,29.5
"A0996","Los Angeles","Los Angeles","https://www.californiahealthmaps.org?address=A0996","Female","Mela",157935,"","","",38260,"","","","","","","",92955,"","","",14585,"","","",2,63358,0.0,26.1,44.3,26.2,5.2,9.3,57.0,9.3,63.6,56.3,78.3,24.6,84.9,29.5
"A0996","Los Angeles","Los Angeles","https://www.californiahealthmaps.org?address=A0996","Female","Uterine",157935,28.5,20.4,39.1,38260,33.6,20.2,60.8,"","","","",92955,"","","",14585,"","","",2,63358,0.0,26.1,44.3,26.2,5.2,9.3,57.0,9.3,63.6,56.3,78.3,24.6,84.9,29.5
"A0996","Los Angeles","Los Angeles","https://www.californiahealthmaps.org?address=A0996","Male","Lymph",158855,28.2,18.3,42.0,39430,"","","","","","","",95460,"","","",12255,"","","",2,63358,0.0,26.1,44.3,26.2,5.2,9.3,57.0,9.3,63.6,56.3,78.3,24.6,84.9,29.5
"A0996","Los Angeles","Los Angeles","https://www.californiahealthmaps.org?address=A0996","Female","Lymph",157935,14.3,8.8,22.4,38260,"","","","","","","",92955,"","","",14585,"","","",2,63358,0.0,26.1,44.3,26.2,5.2,9.3,57.0,9.3,63.6,56.3,78.3,24.6,84.9,29.5
"A0996","Los Angeles","Los Angeles","https://www.californiahealthmaps.org?address=A0996","Male","Urinary",158855,"","","",39430,"","","","","","","",95460,"","","",12255,"","","",2,63358,0.0,26.1,44.3,26.2,5.2,9.3,57.0,9.3,63.6,56.3,78.3,24.6,84.9,29.5
"A0996","Los Angeles","Los Angeles","https://www.californiahealthmaps.org?address=A0996","Female","Urinary",157935,"","","",38260,"","","","","","","",92955,"","","",14585,"","","",2,63358,0.0,26.1,44.3,26.2,5.2,9.3,57.0,9.3,63.6,56.3,78.3,24.6,84.9,29.5
"A0996","Los Angeles","Los Angeles","https://www.californiahealthmaps.org?address=A0996","Male","Kidney",158855,28.7,19.5,41.6,39430,35.4,21.0,62.7,"","","","",95460,"","","",12255,"","","",2,63358,0.0,26.1,44.3,26.2,5.2,9.3,57.0,9.3,63.6,56.3,78.3,24.6,84.9,29.5
"A0996","Los Angeles","Los Angeles","https://www.californiahealthmaps.org?address=A0996","Female","Kidney",157935,"","","",38260,"","","","","","","",92955,"","","",14585,"","","",2,63358,0.0,26.1,44.3,26.2,5.2,9.3,57.0,9.3,63.6,56.3,78.3,24.6,84.9,29.5
"A0996","Los Angeles","Los Angeles","https://www.californiahealthmaps.org?address=A0996","Male","Thyroid",158855,"","","",39430,"","","","","","","",95460,"","","",12255,"","","",2,63358,0.0,26.1,44.3,26.2,5.2,9.3,57.0,9.3,63.6,56.3,78.3,24.6,84.9,29.5
"A0996","Los Angeles","Los Angeles","https://www.californiahealthmaps.org?address=A0996","Female","Thyroid",157935,13.7,8.5,21.4,38260,"","","","","","","",92955,"","","",14585,"","","",2,63358,0.0,26.1,44.3,26.2,5.2,9.3,57.0,9.3,63.6,56.3,78.3,24.6,84.9,29.5
"A0996","Los Angeles","Los Angeles","https://www.californiahealthmaps.org?address=A0996","Male","Liver",158855,15.6,8.9,26.1,39430,"","","","","","","",95460,"","","",12255,"","","",2,63358,0.0,26.1,44.3,26.2,5.2,9.3,57.0,9.3,63.6,56.3,78.3,24.6,84.9,29.5
"A0996","Los Angeles","Los Angeles","https://www.californiahealthmaps.org?address=A0996","Female","Liver",157935,"","","",38260,"","","","","","","",92955,"","","",14585,"","","",2,63358,0.0,26.1,44.3,26.2,5.2,9.3,57.0,9.3,63.6,56.3,78.3,24.6,84.9,29.5
"A0996","Los Angeles","Los Angeles","https://www.californiahealthmaps.org?address=A0996","Male","Pancreas",158855,"","","",39430,"","","","","","","",95460,"","","",12255,"","","",2,63358,0.0,26.1,44.3,26.2,5.2,9.3,57.0,9.3,63.6,56.3,78.3,24.6,84.9,29.5
"A0996","Los Angeles","Los Angeles","https://www.californiahealthmaps.org?address=A0996","Female","Pancreas",157935,12.5,7.3,20.3,38260,"","","","","","","",92955,"","","",14585,"","","",2,63358,0.0,26.1,44.3,26.2,5.2,9.3,57.0,9.3,63.6,56.3,78.3,24.6,84.9,29.5
"A0996","Los Angeles","Los Angeles","https://www.californiahealthmaps.org?address=A0996","Both","AllSite",316790,406.6,381.3,433.3,77690,470.6,429.7,516.5,16385,641.9,433.1,981.0,188415,326.0,285.7,371.3,26840,368.6,301.9,449.3,2,63358,0.0,26.1,44.3,26.2,5.2,9.3,57.0,9.3,63.6,56.3,78.3,24.6,84.9,29.5
"A0996","Los Angeles","Los Angeles","https://www.californiahealthmaps.org?address=A0996","Both","Lung",316790,36.6,29.0,45.8,77690,51.8,39.2,70.2,16385,"","","",188415,"","","",26840,"","","",2,63358,0.0,26.1,44.3,26.2,5.2,9.3,57.0,9.3,63.6,56.3,78.3,24.6,84.9,29.5
"A0996","Los Angeles","Los Angeles","https://www.californiahealthmaps.org?address=A0996","Both","CRC",316790,37.6,30.0,46.6,77690,36.4,25.8,53.2,16385,"","","",188415,38.0,25.2,56.3,26840,"","","",2,63358,0.0,26.1,44.3,26.2,5.2,9.3,57.0,9.3,63.6,56.3,78.3,24.6,84.9,29.5
"A0996","Los Angeles","Los Angeles","https://www.californiahealthmaps.org?address=A0996","Both","Mela",316790,13.0,8.8,18.7,77690,20.4,12.9,34.3,16385,"","","",188415,"","","",26840,"","","",2,63358,0.0,26.1,44.3,26.2,5.2,9.3,57.0,9.3,63.6,56.3,78.3,24.6,84.9,29.5
"A0996","Los Angeles","Los Angeles","https://www.californiahealthmaps.org?address=A0996","Both","Lymph",316790,20.4,14.9,27.3,77690,21.5,13.5,36.2,16385,"","","",188415,18.8,9.9,33.7,26840,"","","",2,63358,0.0,26.1,44.3,26.2,5.2,9.3,57.0,9.3,63.6,56.3,78.3,24.6,84.9,29.5
"A0996","Los Angeles","Los Angeles","https://www.californiahealthmaps.org?address=A0996","Both","Urinary",316790,8.5,5.0,13.6,77690,"","","",16385,"","","",188415,"","","",26840,"","","",2,63358,0.0,26.1,44.3,26.2,5.2,9.3,57.0,9.3,63.6,56.3,78.3,24.6,84.9,29.5
"A0996","Los Angeles","Los Angeles","https://www.californiahealthmaps.org?address=A0996","Both","Kidney",316790,17.3,12.5,23.6,77690,21.1,13.4,35.3,16385,"","","",188415,"","","",26840,"","","",2,63358,0.0,26.1,44.3,26.2,5.2,9.3,57.0,9.3,63.6,56.3,78.3,24.6,84.9,29.5
"A0996","Los Angeles","Los Angeles","https://www.californiahealthmaps.org?address=A0996","Both","Thyroid",316790,8.5,5.5,12.9,77690,"","","",16385,"","","",188415,"","","",26840,"","","",2,63358,0.0,26.1,44.3,26.2,5.2,9.3,57.0,9.3,63.6,56.3,78.3,24.6,84.9,29.5
"A0996","Los Angeles","Los Angeles","https://www.californiahealthmaps.org?address=A0996","Both","Liver",316790,10.9,7.1,16.2,77690,"","","",16385,"","","",188415,"","","",26840,"","","",2,63358,0.0,26.1,44.3,26.2,5.2,9.3,57.0,9.3,63.6,56.3,78.3,24.6,84.9,29.5
"A0996","Los Angeles","Los Angeles","https://www.californiahealthmaps.org?address=A0996","Both","Pancreas",316790,12.0,8.0,17.6,77690,13.0,7.5,25.2,16385,"","","",188415,"","","",26840,"","","",2,63358,0.0,26.1,44.3,26.2,5.2,9.3,57.0,9.3,63.6,56.3,78.3,24.6,84.9,29.5
