"Zone","Counties","Cities","URL","Sex","Cancer","PopTot","AAIR","LCI","UCI","White_PopTot","White_AAIR","White_LCI","White_UCI","Black_PopTot","Black_AAIR","Black_LCI","Black_UCI","Hispanic_PopTot","Hispanic_AAIR","Hispanic_LCI","Hispanic_UCI","Asian_PopTot","Asian_AAIR","Asian_LCI","Asian_UCI","QNSES","PopAll","PerRural","PerUninsured","PerForeignBorn","PerWhite","PerBlack","PerAsian","PerHispanic","PerAPI","PerDocvisit","PerFOBT","PerMammo","PerMenPrev","PerPap","PerWomenPrev"
"A0126","Orange","San Clemente, San Juan Capistrano","https://www.californiahealthmaps.org?address=A0126","Male","AllSite",168580,505.5,474.4,538.4,128905,501.0,468.0,536.5,"","","","",29125,434.4,334.6,558.7,"","","","",5,67266,0.0,12.1,12.8,76.4,0.3,3.5,17.1,3.5,"","","","","",""
"A0126","Orange","San Clemente, San Juan Capistrano","https://www.californiahealthmaps.org?address=A0126","Female","AllSite",167750,441.2,413.1,471.1,126950,439.6,408.2,473.6,"","","","",29050,438.4,350.0,545.4,"","","","",5,67266,0.0,12.1,12.8,76.4,0.3,3.5,17.1,3.5,"","","","","",""
"A0126","Orange","San Clemente, San Juan Capistrano","https://www.californiahealthmaps.org?address=A0126","Male","Prostate",168580,110.3,96.4,126.0,128905,108.6,94.0,125.7,"","","","",29125,90.8,50.4,156.8,"","","","",5,67266,0.0,12.1,12.8,76.4,0.3,3.5,17.1,3.5,"","","","","",""
"A0126","Orange","San Clemente, San Juan Capistrano","https://www.californiahealthmaps.org?address=A0126","Female","Breast",167750,154.2,137.8,172.5,126950,158.4,139.9,179.7,"","","","",29050,147.9,100.0,214.9,"","","","",5,67266,0.0,12.1,12.8,76.4,0.3,3.5,17.1,3.5,"","","","","",""
"A0126","Orange","San Clemente, San Juan Capistrano","https://www.californiahealthmaps.org?address=A0126","Male","Lung",168580,54.2,44.4,66.0,128905,56.6,46.0,69.9,"","","","",29125,"","","","","","","",5,67266,0.0,12.1,12.8,76.4,0.3,3.5,17.1,3.5,"","","","","",""
"A0126","Orange","San Clemente, San Juan Capistrano","https://www.californiahealthmaps.org?address=A0126","Female","Lung",167750,42.7,34.8,52.4,126950,44.5,35.9,55.9,"","","","",29050,"","","","","","","",5,67266,0.0,12.1,12.8,76.4,0.3,3.5,17.1,3.5,"","","","","",""
"A0126","Orange","San Clemente, San Juan Capistrano","https://www.californiahealthmaps.org?address=A0126","Male","CRC",168580,35.2,27.5,45.0,128905,35.9,27.6,46.9,"","","","",29125,"","","","","","","",5,67266,0.0,12.1,12.8,76.4,0.3,3.5,17.1,3.5,"","","","","",""
"A0126","Orange","San Clemente, San Juan Capistrano","https://www.californiahealthmaps.org?address=A0126","Female","CRC",167750,25.5,19.1,33.9,126950,24.5,17.5,34.6,"","","","",29050,"","","","","","","",5,67266,0.0,12.1,12.8,76.4,0.3,3.5,17.1,3.5,"","","","","",""
"A0126","Orange","San Clemente, San Juan Capistrano","https://www.californiahealthmaps.org?address=A0126","Male","Mela",168580,71.6,60.2,84.9,128905,71.7,59.5,86.5,"","","","",29125,"","","","","","","",5,67266,0.0,12.1,12.8,76.4,0.3,3.5,17.1,3.5,"","","","","",""
"A0126","Orange","San Clemente, San Juan Capistrano","https://www.californiahealthmaps.org?address=A0126","Female","Mela",167750,39.6,31.4,49.7,126950,40.1,30.9,52.3,"","","","",29050,"","","","","","","",5,67266,0.0,12.1,12.8,76.4,0.3,3.5,17.1,3.5,"","","","","",""
"A0126","Orange","San Clemente, San Juan Capistrano","https://www.californiahealthmaps.org?address=A0126","Female","Uterine",167750,25.0,18.7,33.2,126950,23.4,16.7,33.1,"","","","",29050,"","","","","","","",5,67266,0.0,12.1,12.8,76.4,0.3,3.5,17.1,3.5,"","","","","",""
"A0126","Orange","San Clemente, San Juan Capistrano","https://www.californiahealthmaps.org?address=A0126","Male","Lymph",168580,27.8,20.8,36.8,128905,26.7,19.3,36.8,"","","","",29125,"","","","","","","",5,67266,0.0,12.1,12.8,76.4,0.3,3.5,17.1,3.5,"","","","","",""
"A0126","Orange","San Clemente, San Juan Capistrano","https://www.californiahealthmaps.org?address=A0126","Female","Lymph",167750,13.5,9.0,20.0,126950,12.8,7.9,21.0,"","","","",29050,"","","","","","","",5,67266,0.0,12.1,12.8,76.4,0.3,3.5,17.1,3.5,"","","","","",""
"A0126","Orange","San Clemente, San Juan Capistrano","https://www.californiahealthmaps.org?address=A0126","Male","Urinary",168580,17.8,12.4,25.2,128905,18.7,12.9,27.3,"","","","",29125,"","","","","","","",5,67266,0.0,12.1,12.8,76.4,0.3,3.5,17.1,3.5,"","","","","",""
"A0126","Orange","San Clemente, San Juan Capistrano","https://www.californiahealthmaps.org?address=A0126","Female","Urinary",167750,"","","",126950,"","","","","","","",29050,"","","","","","","",5,67266,0.0,12.1,12.8,76.4,0.3,3.5,17.1,3.5,"","","","","",""
"A0126","Orange","San Clemente, San Juan Capistrano","https://www.californiahealthmaps.org?address=A0126","Male","Kidney",168580,19.8,13.9,27.8,128905,18.8,12.7,27.8,"","","","",29125,"","","","","","","",5,67266,0.0,12.1,12.8,76.4,0.3,3.5,17.1,3.5,"","","","","",""
"A0126","Orange","San Clemente, San Juan Capistrano","https://www.californiahealthmaps.org?address=A0126","Female","Kidney",167750,9.7,5.9,15.4,126950,9.6,5.4,17.2,"","","","",29050,"","","","","","","",5,67266,0.0,12.1,12.8,76.4,0.3,3.5,17.1,3.5,"","","","","",""
"A0126","Orange","San Clemente, San Juan Capistrano","https://www.californiahealthmaps.org?address=A0126","Male","Thyroid",168580,"","","",128905,"","","","","","","",29125,"","","","","","","",5,67266,0.0,12.1,12.8,76.4,0.3,3.5,17.1,3.5,"","","","","",""
"A0126","Orange","San Clemente, San Juan Capistrano","https://www.californiahealthmaps.org?address=A0126","Female","Thyroid",167750,25.8,18.5,35.2,126950,24.4,16.4,35.7,"","","","",29050,"","","","","","","",5,67266,0.0,12.1,12.8,76.4,0.3,3.5,17.1,3.5,"","","","","",""
"A0126","Orange","San Clemente, San Juan Capistrano","https://www.californiahealthmaps.org?address=A0126","Male","Liver",168580,9.1,5.5,14.8,128905,8.0,4.4,14.6,"","","","",29125,"","","","","","","",5,67266,0.0,12.1,12.8,76.4,0.3,3.5,17.1,3.5,"","","","","",""
"A0126","Orange","San Clemente, San Juan Capistrano","https://www.californiahealthmaps.org?address=A0126","Female","Liver",167750,"","","",126950,"","","","","","","",29050,"","","","","","","",5,67266,0.0,12.1,12.8,76.4,0.3,3.5,17.1,3.5,"","","","","",""
"A0126","Orange","San Clemente, San Juan Capistrano","https://www.californiahealthmaps.org?address=A0126","Male","Pancreas",168580,25.0,18.4,33.7,128905,24.3,17.4,33.9,"","","","",29125,"","","","","","","",5,67266,0.0,12.1,12.8,76.4,0.3,3.5,17.1,3.5,"","","","","",""
"A0126","Orange","San Clemente, San Juan Capistrano","https://www.californiahealthmaps.org?address=A0126","Female","Pancreas",167750,11.7,7.7,17.7,126950,9.5,5.8,16.4,"","","","",29050,"","","","","","","",5,67266,0.0,12.1,12.8,76.4,0.3,3.5,17.1,3.5,"","","","","",""
"A0126","Orange","San Clemente, San Juan Capistrano","https://www.californiahealthmaps.org?address=A0126","Both","AllSite",336330,466.3,445.6,487.8,255855,462.5,440.1,486.2,"","","","",58175,436.1,369.0,513.6,10905,433.5,323.1,580.0,5,67266,0.0,12.1,12.8,76.4,0.3,3.5,17.1,3.5,"","","","","",""
"A0126","Orange","San Clemente, San Juan Capistrano","https://www.californiahealthmaps.org?address=A0126","Both","Lung",336330,47.8,41.5,55.0,255855,49.7,42.9,57.8,"","","","",58175,"","","",10905,"","","",5,67266,0.0,12.1,12.8,76.4,0.3,3.5,17.1,3.5,"","","","","",""
"A0126","Orange","San Clemente, San Juan Capistrano","https://www.californiahealthmaps.org?address=A0126","Both","CRC",336330,30.4,25.3,36.5,255855,30.2,24.7,37.1,"","","","",58175,"","","",10905,"","","",5,67266,0.0,12.1,12.8,76.4,0.3,3.5,17.1,3.5,"","","","","",""
"A0126","Orange","San Clemente, San Juan Capistrano","https://www.californiahealthmaps.org?address=A0126","Both","Mela",336330,53.5,46.7,61.2,255855,53.8,46.3,62.6,"","","","",58175,"","","",10905,"","","",5,67266,0.0,12.1,12.8,76.4,0.3,3.5,17.1,3.5,"","","","","",""
"A0126","Orange","San Clemente, San Juan Capistrano","https://www.californiahealthmaps.org?address=A0126","Both","Lymph",336330,19.8,15.8,24.9,255855,18.9,14.5,24.7,"","","","",58175,"","","",10905,"","","",5,67266,0.0,12.1,12.8,76.4,0.3,3.5,17.1,3.5,"","","","","",""
"A0126","Orange","San Clemente, San Juan Capistrano","https://www.californiahealthmaps.org?address=A0126","Both","Urinary",336330,10.0,7.2,13.6,255855,10.1,7.2,14.4,"","","","",58175,"","","",10905,"","","",5,67266,0.0,12.1,12.8,76.4,0.3,3.5,17.1,3.5,"","","","","",""
"A0126","Orange","San Clemente, San Juan Capistrano","https://www.californiahealthmaps.org?address=A0126","Both","Kidney",336330,14.4,10.9,18.9,255855,13.9,10.1,19.1,"","","","",58175,"","","",10905,"","","",5,67266,0.0,12.1,12.8,76.4,0.3,3.5,17.1,3.5,"","","","","",""
"A0126","Orange","San Clemente, San Juan Capistrano","https://www.californiahealthmaps.org?address=A0126","Both","Thyroid",336330,15.3,11.4,20.3,255855,14.1,9.9,19.8,"","","","",58175,"","","",10905,"","","",5,67266,0.0,12.1,12.8,76.4,0.3,3.5,17.1,3.5,"","","","","",""
"A0126","Orange","San Clemente, San Juan Capistrano","https://www.californiahealthmaps.org?address=A0126","Both","Liver",336330,5.9,3.9,8.8,255855,4.9,3.0,8.3,"","","","",58175,"","","",10905,"","","",5,67266,0.0,12.1,12.8,76.4,0.3,3.5,17.1,3.5,"","","","","",""
"A0126","Orange","San Clemente, San Juan Capistrano","https://www.californiahealthmaps.org?address=A0126","Both","Pancreas",336330,18.1,14.2,22.9,255855,16.5,12.6,21.7,"","","","",58175,"","","",10905,"","","",5,67266,0.0,12.1,12.8,76.4,0.3,3.5,17.1,3.5,"","","","","",""
