"Zone","Counties","Cities","URL","Sex","Cancer","PopTot","AAIR","LCI","UCI","White_PopTot","White_AAIR","White_LCI","White_UCI","Black_PopTot","Black_AAIR","Black_LCI","Black_UCI","Hispanic_PopTot","Hispanic_AAIR","Hispanic_LCI","Hispanic_UCI","Asian_PopTot","Asian_AAIR","Asian_LCI","Asian_UCI","QNSES","PopAll","PerRural","PerUninsured","PerForeignBorn","PerWhite","PerBlack","PerAsian","PerHispanic"
"A0322","San Mateo","Daly City","https://www.californiahealthmaps.org?address=A0322","Male","AllSite",148965,442.1,408.4,478.1,34900,486.9,426.6,559.0,"","","","",27010,534.7,420.7,673.2,75280,405.4,357.4,459.4,4,60591,0.0,12.5,45.5,22.7,2.3,54.0,17.2
"A0322","San Mateo","Daly City","https://www.californiahealthmaps.org?address=A0322","Female","AllSite",153990,385.0,356.7,415.4,33455,441.0,382.3,512.0,"","","","",27310,340.9,271.5,423.9,81550,384.1,344.4,428.0,4,60591,0.0,12.5,45.5,22.7,2.3,54.0,17.2
"A0322","San Mateo","Daly City","https://www.californiahealthmaps.org?address=A0322","Male","Prostate",148965,97.5,82.3,115.0,34900,102.9,76.7,142.3,"","","","",27010,133.8,80.8,212.7,75280,75.3,56.7,99.9,4,60591,0.0,12.5,45.5,22.7,2.3,54.0,17.2
"A0322","San Mateo","Daly City","https://www.californiahealthmaps.org?address=A0322","Female","Breast",153990,132.9,116.5,151.5,33455,148.7,114.8,195.9,"","","","",27310,92.4,58.4,140.4,81550,141.3,118.4,168.6,4,60591,0.0,12.5,45.5,22.7,2.3,54.0,17.2
"A0322","San Mateo","Daly City","https://www.californiahealthmaps.org?address=A0322","Male","Lung",148965,65.5,52.7,80.6,34900,62.3,41.5,97.4,"","","","",27010,"","","",75280,82.4,60.6,110.8,4,60591,0.0,12.5,45.5,22.7,2.3,54.0,17.2
"A0322","San Mateo","Daly City","https://www.californiahealthmaps.org?address=A0322","Female","Lung",153990,39.1,30.7,49.8,33455,46.4,30.0,77.7,"","","","",27310,"","","",81550,34.4,23.3,50.3,4,60591,0.0,12.5,45.5,22.7,2.3,54.0,17.2
"A0322","San Mateo","Daly City","https://www.californiahealthmaps.org?address=A0322","Male","CRC",148965,42.2,32.3,54.5,34900,31.1,17.8,59.7,"","","","",27010,"","","",75280,44.1,29.4,65.4,4,60591,0.0,12.5,45.5,22.7,2.3,54.0,17.2
"A0322","San Mateo","Daly City","https://www.californiahealthmaps.org?address=A0322","Female","CRC",153990,28.4,21.1,37.8,33455,26.1,14.7,53.6,"","","","",27310,"","","",81550,27.9,17.9,42.8,4,60591,0.0,12.5,45.5,22.7,2.3,54.0,17.2
"A0322","San Mateo","Daly City","https://www.californiahealthmaps.org?address=A0322","Male","Mela",148965,18.8,12.4,27.7,34900,43.5,27.2,74.6,"","","","",27010,"","","",75280,"","","",4,60591,0.0,12.5,45.5,22.7,2.3,54.0,17.2
"A0322","San Mateo","Daly City","https://www.californiahealthmaps.org?address=A0322","Female","Mela",153990,7.8,4.3,13.8,33455,"","","","","","","",27310,"","","",81550,"","","",4,60591,0.0,12.5,45.5,22.7,2.3,54.0,17.2
"A0322","San Mateo","Daly City","https://www.californiahealthmaps.org?address=A0322","Female","Uterine",153990,26.8,19.8,36.1,33455,"","","","","","","",27310,"","","",81550,26.3,17.2,40.3,4,60591,0.0,12.5,45.5,22.7,2.3,54.0,17.2
"A0322","San Mateo","Daly City","https://www.californiahealthmaps.org?address=A0322","Male","Lymph",148965,25.1,17.5,35.2,34900,33.7,18.9,64.0,"","","","",27010,"","","",75280,23.7,12.9,41.5,4,60591,0.0,12.5,45.5,22.7,2.3,54.0,17.2
"A0322","San Mateo","Daly City","https://www.californiahealthmaps.org?address=A0322","Female","Lymph",153990,12.1,7.4,19.3,33455,"","","","","","","",27310,"","","",81550,"","","",4,60591,0.0,12.5,45.5,22.7,2.3,54.0,17.2
"A0322","San Mateo","Daly City","https://www.californiahealthmaps.org?address=A0322","Male","Urinary",148965,12.9,7.6,20.8,34900,"","","","","","","",27010,"","","",75280,"","","",4,60591,0.0,12.5,45.5,22.7,2.3,54.0,17.2
"A0322","San Mateo","Daly City","https://www.californiahealthmaps.org?address=A0322","Female","Urinary",153990,2.8,1.0,7.2,33455,"","","","","","","",27310,"","","",81550,"","","",4,60591,0.0,12.5,45.5,22.7,2.3,54.0,17.2
"A0322","San Mateo","Daly City","https://www.californiahealthmaps.org?address=A0322","Male","Kidney",148965,17.6,11.6,26.1,34900,"","","","","","","",27010,"","","",75280,"","","",4,60591,0.0,12.5,45.5,22.7,2.3,54.0,17.2
"A0322","San Mateo","Daly City","https://www.californiahealthmaps.org?address=A0322","Female","Kidney",153990,10.9,6.6,17.6,33455,"","","","","","","",27310,"","","",81550,"","","",4,60591,0.0,12.5,45.5,22.7,2.3,54.0,17.2
"A0322","San Mateo","Daly City","https://www.californiahealthmaps.org?address=A0322","Male","Thyroid",148965,5.9,2.7,11.8,34900,"","","","","","","",27010,"","","",75280,"","","",4,60591,0.0,12.5,45.5,22.7,2.3,54.0,17.2
"A0322","San Mateo","Daly City","https://www.californiahealthmaps.org?address=A0322","Female","Thyroid",153990,15.8,10.2,23.8,33455,"","","","","","","",27310,"","","",81550,"","","",4,60591,0.0,12.5,45.5,22.7,2.3,54.0,17.2
"A0322","San Mateo","Daly City","https://www.californiahealthmaps.org?address=A0322","Both","AllSite",302955,405.3,383.8,427.8,68355,456.2,414.7,503.4,11065,361.9,267.6,499.3,54320,406.3,346.5,474.2,156830,390.3,359.8,423.0,4,60591,0.0,12.5,45.5,22.7,2.3,54.0,17.2
"A0322","San Mateo","Daly City","https://www.californiahealthmaps.org?address=A0322","Both","Lung",302955,50.6,43.2,59.1,68355,54.4,40.9,74.6,11065,"","","",54320,44.7,25.9,72.4,156830,54.6,43.2,68.4,4,60591,0.0,12.5,45.5,22.7,2.3,54.0,17.2
"A0322","San Mateo","Daly City","https://www.californiahealthmaps.org?address=A0322","Both","CRC",302955,34.3,28.3,41.4,68355,28.3,19.4,44.4,11065,"","","",54320,49.1,29.8,77.2,156830,34.8,26.0,45.9,4,60591,0.0,12.5,45.5,22.7,2.3,54.0,17.2
"A0322","San Mateo","Daly City","https://www.californiahealthmaps.org?address=A0322","Both","Mela",302955,12.4,8.9,17.0,68355,32.6,22.2,50.1,11065,"","","",54320,"","","",156830,"","","",4,60591,0.0,12.5,45.5,22.7,2.3,54.0,17.2
"A0322","San Mateo","Daly City","https://www.californiahealthmaps.org?address=A0322","Both","Lymph",302955,17.5,13.2,22.9,68355,26.1,16.8,42.7,11065,"","","",54320,"","","",156830,15.5,9.9,23.7,4,60591,0.0,12.5,45.5,22.7,2.3,54.0,17.2
"A0322","San Mateo","Daly City","https://www.californiahealthmaps.org?address=A0322","Both","Urinary",302955,7.0,4.4,10.7,68355,"","","",11065,"","","",54320,"","","",156830,"","","",4,60591,0.0,12.5,45.5,22.7,2.3,54.0,17.2
"A0322","San Mateo","Daly City","https://www.californiahealthmaps.org?address=A0322","Both","Kidney",302955,14.0,10.2,18.8,68355,18.6,10.9,34.0,11065,"","","",54320,"","","",156830,12.7,7.7,20.2,4,60591,0.0,12.5,45.5,22.7,2.3,54.0,17.2
"A0322","San Mateo","Daly City","https://www.californiahealthmaps.org?address=A0322","Both","Thyroid",302955,11.0,7.6,15.6,68355,"","","",11065,"","","",54320,"","","",156830,12.2,7.4,19.4,4,60591,0.0,12.5,45.5,22.7,2.3,54.0,17.2
