"Zone","Counties","Cities","URL","Sex","Cancer","PopTot","AAIR","LCI","UCI","White_PopTot","White_AAIR","White_LCI","White_UCI","Black_PopTot","Black_AAIR","Black_LCI","Black_UCI","Hispanic_PopTot","Hispanic_AAIR","Hispanic_LCI","Hispanic_UCI","Asian_PopTot","Asian_AAIR","Asian_LCI","Asian_UCI","QNSES","PopAll","PerRural","PerUninsured","PerForeignBorn","PerWhite","PerBlack","PerAsian","PerHispanic","PerAPI","PerDocvisit","PerFOBT","PerMammo","PerMenPrev","PerPap","PerWomenPrev"
"A0951","Los Angeles","Los Angeles","https://www.californiahealthmaps.org?address=A0951","Male","AllSite",150065,427.0,396.1,460.7,108145,429.3,396.0,466.2,"","","","","","","","",23090,354.6,229.9,536.6,5,63760,1.7,4.3,23.0,68.8,2.4,16.6,8.8,16.6,69.2,74.3,80.8,37.2,84.1,43.2
"A0951","Los Angeles","Los Angeles","https://www.californiahealthmaps.org?address=A0951","Female","AllSite",168735,424.6,393.8,458.0,113890,440.9,406.1,479.2,"","","","",15480,308.4,191.6,481.7,28820,441.4,319.4,615.3,5,63760,1.7,4.3,23.0,68.8,2.4,16.6,8.8,16.6,69.2,74.3,80.8,37.2,84.1,43.2
"A0951","Los Angeles","Los Angeles","https://www.californiahealthmaps.org?address=A0951","Male","Prostate",150065,119.3,103.9,137.5,108145,116.8,100.8,136.6,"","","","","","","","",23090,"","","",5,63760,1.7,4.3,23.0,68.8,2.4,16.6,8.8,16.6,69.2,74.3,80.8,37.2,84.1,43.2
"A0951","Los Angeles","Los Angeles","https://www.californiahealthmaps.org?address=A0951","Female","Breast",168735,153.8,135.1,175.2,113890,162.7,141.3,187.8,"","","","",15480,"","","",28820,167.7,97.1,295.1,5,63760,1.7,4.3,23.0,68.8,2.4,16.6,8.8,16.6,69.2,74.3,80.8,37.2,84.1,43.2
"A0951","Los Angeles","Los Angeles","https://www.californiahealthmaps.org?address=A0951","Male","Lung",150065,27.8,20.7,37.9,108145,27.2,19.9,38.6,"","","","","","","","",23090,"","","",5,63760,1.7,4.3,23.0,68.8,2.4,16.6,8.8,16.6,69.2,74.3,80.8,37.2,84.1,43.2
"A0951","Los Angeles","Los Angeles","https://www.californiahealthmaps.org?address=A0951","Female","Lung",168735,35.9,28.2,46.2,113890,37.9,29.4,50.1,"","","","",15480,"","","",28820,"","","",5,63760,1.7,4.3,23.0,68.8,2.4,16.6,8.8,16.6,69.2,74.3,80.8,37.2,84.1,43.2
"A0951","Los Angeles","Los Angeles","https://www.californiahealthmaps.org?address=A0951","Male","CRC",150065,32.9,24.6,44.3,108145,32.9,24.1,45.9,"","","","","","","","",23090,"","","",5,63760,1.7,4.3,23.0,68.8,2.4,16.6,8.8,16.6,69.2,74.3,80.8,37.2,84.1,43.2
"A0951","Los Angeles","Los Angeles","https://www.californiahealthmaps.org?address=A0951","Female","CRC",168735,25.9,18.9,35.7,113890,22.1,15.5,32.7,"","","","",15480,"","","",28820,"","","",5,63760,1.7,4.3,23.0,68.8,2.4,16.6,8.8,16.6,69.2,74.3,80.8,37.2,84.1,43.2
"A0951","Los Angeles","Los Angeles","https://www.californiahealthmaps.org?address=A0951","Male","Mela",150065,35.3,26.5,47.4,108145,37.5,27.5,51.8,"","","","","","","","",23090,"","","",5,63760,1.7,4.3,23.0,68.8,2.4,16.6,8.8,16.6,69.2,74.3,80.8,37.2,84.1,43.2
"A0951","Los Angeles","Los Angeles","https://www.californiahealthmaps.org?address=A0951","Female","Mela",168735,22.1,15.7,31.2,113890,24.5,17.2,35.8,"","","","",15480,"","","",28820,"","","",5,63760,1.7,4.3,23.0,68.8,2.4,16.6,8.8,16.6,69.2,74.3,80.8,37.2,84.1,43.2
"A0951","Los Angeles","Los Angeles","https://www.californiahealthmaps.org?address=A0951","Female","Uterine",168735,16.4,11.0,24.8,113890,14.9,9.6,24.4,"","","","",15480,"","","",28820,"","","",5,63760,1.7,4.3,23.0,68.8,2.4,16.6,8.8,16.6,69.2,74.3,80.8,37.2,84.1,43.2
"A0951","Los Angeles","Los Angeles","https://www.californiahealthmaps.org?address=A0951","Male","Lymph",150065,27.1,19.5,38.0,108145,24.6,16.8,36.8,"","","","","","","","",23090,"","","",5,63760,1.7,4.3,23.0,68.8,2.4,16.6,8.8,16.6,69.2,74.3,80.8,37.2,84.1,43.2
"A0951","Los Angeles","Los Angeles","https://www.californiahealthmaps.org?address=A0951","Female","Lymph",168735,19.7,13.8,28.4,113890,17.5,11.6,27.5,"","","","",15480,"","","",28820,"","","",5,63760,1.7,4.3,23.0,68.8,2.4,16.6,8.8,16.6,69.2,74.3,80.8,37.2,84.1,43.2
"A0951","Los Angeles","Los Angeles","https://www.californiahealthmaps.org?address=A0951","Male","Urinary",150065,12.2,7.7,20.1,108145,13.3,8.3,22.9,"","","","","","","","",23090,"","","",5,63760,1.7,4.3,23.0,68.8,2.4,16.6,8.8,16.6,69.2,74.3,80.8,37.2,84.1,43.2
"A0951","Los Angeles","Los Angeles","https://www.californiahealthmaps.org?address=A0951","Female","Urinary",168735,"","","",113890,"","","","","","","",15480,"","","",28820,"","","",5,63760,1.7,4.3,23.0,68.8,2.4,16.6,8.8,16.6,69.2,74.3,80.8,37.2,84.1,43.2
"A0951","Los Angeles","Los Angeles","https://www.californiahealthmaps.org?address=A0951","Male","Kidney",150065,17.9,12.1,27.0,108145,19.1,12.8,29.9,"","","","","","","","",23090,"","","",5,63760,1.7,4.3,23.0,68.8,2.4,16.6,8.8,16.6,69.2,74.3,80.8,37.2,84.1,43.2
"A0951","Los Angeles","Los Angeles","https://www.californiahealthmaps.org?address=A0951","Female","Kidney",168735,10.5,6.2,17.8,113890,11.5,6.7,20.8,"","","","",15480,"","","",28820,"","","",5,63760,1.7,4.3,23.0,68.8,2.4,16.6,8.8,16.6,69.2,74.3,80.8,37.2,84.1,43.2
"A0951","Los Angeles","Los Angeles","https://www.californiahealthmaps.org?address=A0951","Male","Thyroid",150065,13.8,8.0,23.3,108145,14.4,7.7,26.3,"","","","","","","","",23090,"","","",5,63760,1.7,4.3,23.0,68.8,2.4,16.6,8.8,16.6,69.2,74.3,80.8,37.2,84.1,43.2
"A0951","Los Angeles","Los Angeles","https://www.californiahealthmaps.org?address=A0951","Female","Thyroid",168735,36.0,26.2,48.9,113890,40.5,28.4,57.2,"","","","",15480,"","","",28820,"","","",5,63760,1.7,4.3,23.0,68.8,2.4,16.6,8.8,16.6,69.2,74.3,80.8,37.2,84.1,43.2
"A0951","Los Angeles","Los Angeles","https://www.californiahealthmaps.org?address=A0951","Male","Liver",150065,"","","",108145,"","","","","","","","","","","",23090,"","","",5,63760,1.7,4.3,23.0,68.8,2.4,16.6,8.8,16.6,69.2,74.3,80.8,37.2,84.1,43.2
"A0951","Los Angeles","Los Angeles","https://www.californiahealthmaps.org?address=A0951","Female","Liver",168735,"","","",113890,"","","","","","","",15480,"","","",28820,"","","",5,63760,1.7,4.3,23.0,68.8,2.4,16.6,8.8,16.6,69.2,74.3,80.8,37.2,84.1,43.2
"A0951","Los Angeles","Los Angeles","https://www.californiahealthmaps.org?address=A0951","Male","Pancreas",150065,16.6,11.2,25.3,108145,17.7,11.8,27.9,"","","","","","","","",23090,"","","",5,63760,1.7,4.3,23.0,68.8,2.4,16.6,8.8,16.6,69.2,74.3,80.8,37.2,84.1,43.2
"A0951","Los Angeles","Los Angeles","https://www.californiahealthmaps.org?address=A0951","Female","Pancreas",168735,10.1,6.3,16.9,113890,9.5,5.6,17.8,"","","","",15480,"","","",28820,"","","",5,63760,1.7,4.3,23.0,68.8,2.4,16.6,8.8,16.6,69.2,74.3,80.8,37.2,84.1,43.2
"A0951","Los Angeles","Los Angeles","https://www.californiahealthmaps.org?address=A0951","Both","AllSite",318800,426.0,404.1,449.3,222035,434.9,410.7,460.9,"","","","",25035,390.9,279.3,539.3,51910,404.4,314.6,519.8,5,63760,1.7,4.3,23.0,68.8,2.4,16.6,8.8,16.6,69.2,74.3,80.8,37.2,84.1,43.2
"A0951","Los Angeles","Los Angeles","https://www.californiahealthmaps.org?address=A0951","Both","Lung",318800,32.0,26.7,38.7,222035,32.8,27.0,40.3,"","","","",25035,"","","",51910,"","","",5,63760,1.7,4.3,23.0,68.8,2.4,16.6,8.8,16.6,69.2,74.3,80.8,37.2,84.1,43.2
"A0951","Los Angeles","Los Angeles","https://www.californiahealthmaps.org?address=A0951","Both","CRC",318800,29.5,23.9,36.4,222035,27.6,22.0,35.1,"","","","",25035,"","","",51910,"","","",5,63760,1.7,4.3,23.0,68.8,2.4,16.6,8.8,16.6,69.2,74.3,80.8,37.2,84.1,43.2
"A0951","Los Angeles","Los Angeles","https://www.californiahealthmaps.org?address=A0951","Both","Mela",318800,28.4,22.9,35.3,222035,30.7,24.4,38.9,"","","","",25035,"","","",51910,"","","",5,63760,1.7,4.3,23.0,68.8,2.4,16.6,8.8,16.6,69.2,74.3,80.8,37.2,84.1,43.2
"A0951","Los Angeles","Los Angeles","https://www.californiahealthmaps.org?address=A0951","Both","Lymph",318800,23.1,18.2,29.4,222035,20.9,15.9,27.8,"","","","",25035,"","","",51910,"","","",5,63760,1.7,4.3,23.0,68.8,2.4,16.6,8.8,16.6,69.2,74.3,80.8,37.2,84.1,43.2
"A0951","Los Angeles","Los Angeles","https://www.californiahealthmaps.org?address=A0951","Both","Urinary",318800,8.4,5.7,12.5,222035,9.3,6.3,14.4,"","","","",25035,"","","",51910,"","","",5,63760,1.7,4.3,23.0,68.8,2.4,16.6,8.8,16.6,69.2,74.3,80.8,37.2,84.1,43.2
"A0951","Los Angeles","Los Angeles","https://www.californiahealthmaps.org?address=A0951","Both","Kidney",318800,14.1,10.4,19.3,222035,15.3,11.2,21.4,"","","","",25035,"","","",51910,"","","",5,63760,1.7,4.3,23.0,68.8,2.4,16.6,8.8,16.6,69.2,74.3,80.8,37.2,84.1,43.2
"A0951","Los Angeles","Los Angeles","https://www.californiahealthmaps.org?address=A0951","Both","Thyroid",318800,25.1,19.3,32.6,222035,27.5,20.4,36.9,"","","","",25035,"","","",51910,"","","",5,63760,1.7,4.3,23.0,68.8,2.4,16.6,8.8,16.6,69.2,74.3,80.8,37.2,84.1,43.2
"A0951","Los Angeles","Los Angeles","https://www.californiahealthmaps.org?address=A0951","Both","Liver",318800,4.9,2.7,8.8,222035,"","","","","","","",25035,"","","",51910,"","","",5,63760,1.7,4.3,23.0,68.8,2.4,16.6,8.8,16.6,69.2,74.3,80.8,37.2,84.1,43.2
"A0951","Los Angeles","Los Angeles","https://www.californiahealthmaps.org?address=A0951","Both","Pancreas",318800,13.3,9.9,18.1,222035,13.6,10.0,19.2,"","","","",25035,"","","",51910,"","","",5,63760,1.7,4.3,23.0,68.8,2.4,16.6,8.8,16.6,69.2,74.3,80.8,37.2,84.1,43.2
