"Zone","Counties","Cities","URL","Sex","Cancer","PopTot","AAIR","LCI","UCI","White_PopTot","White_AAIR","White_LCI","White_UCI","Black_PopTot","Black_AAIR","Black_LCI","Black_UCI","Hispanic_PopTot","Hispanic_AAIR","Hispanic_LCI","Hispanic_UCI","Asian_PopTot","Asian_AAIR","Asian_LCI","Asian_UCI","QNSES","PopAll","PerRural","PerUninsured","PerForeignBorn","PerWhite","PerBlack","PerAsian","PerHispanic"
"A0123","Santa Clara","Los Altos","https://www.californiahealthmaps.org?address=A0123","Male","AllSite",158945,474.3,441.0,509.7,81320,502.8,460.7,549.2,"","","","",27815,471.2,329.6,660.8,40785,401.8,334.1,480.2,5,64189,0.0,9.5,36.6,50.7,2.5,26.2,16.1
"A0123","Santa Clara","Los Altos","https://www.californiahealthmaps.org?address=A0123","Female","AllSite",162000,430.5,401.5,461.6,82075,451.7,412.8,495.1,"","","","",25360,387.3,286.8,516.5,45675,438.8,378.1,508.5,5,64189,0.0,9.5,36.6,50.7,2.5,26.2,16.1
"A0123","Santa Clara","Los Altos","https://www.californiahealthmaps.org?address=A0123","Male","Prostate",158945,117.6,101.4,135.9,81320,120.1,100.8,143.7,"","","","",27815,"","","",40785,101.2,68.2,145.7,5,64189,0.0,9.5,36.6,50.7,2.5,26.2,16.1
"A0123","Santa Clara","Los Altos","https://www.californiahealthmaps.org?address=A0123","Female","Breast",162000,152.1,134.9,171.3,82075,162.5,139.2,190.4,"","","","",25360,123.1,70.8,205.6,45675,152.1,118.4,195.1,5,64189,0.0,9.5,36.6,50.7,2.5,26.2,16.1
"A0123","Santa Clara","Los Altos","https://www.californiahealthmaps.org?address=A0123","Male","Lung",158945,31.8,23.5,42.2,81320,32.9,23.2,47.5,"","","","",27815,"","","",40785,"","","",5,64189,0.0,9.5,36.6,50.7,2.5,26.2,16.1
"A0123","Santa Clara","Los Altos","https://www.californiahealthmaps.org?address=A0123","Female","Lung",162000,41.8,33.4,52.3,82075,39.9,30.3,54.3,"","","","",25360,"","","",45675,53.9,33.6,84.6,5,64189,0.0,9.5,36.6,50.7,2.5,26.2,16.1
"A0123","Santa Clara","Los Altos","https://www.californiahealthmaps.org?address=A0123","Male","CRC",158945,38.1,29.3,48.9,81320,38.9,28.1,54.6,"","","","",27815,"","","",40785,"","","",5,64189,0.0,9.5,36.6,50.7,2.5,26.2,16.1
"A0123","Santa Clara","Los Altos","https://www.californiahealthmaps.org?address=A0123","Female","CRC",162000,30.0,22.9,39.1,82075,26.1,18.2,39.1,"","","","",25360,"","","",45675,36.5,20.6,62.9,5,64189,0.0,9.5,36.6,50.7,2.5,26.2,16.1
"A0123","Santa Clara","Los Altos","https://www.californiahealthmaps.org?address=A0123","Male","Mela",158945,48.4,38.2,60.8,81320,66.5,51.6,86.2,"","","","",27815,"","","",40785,"","","",5,64189,0.0,9.5,36.6,50.7,2.5,26.2,16.1
"A0123","Santa Clara","Los Altos","https://www.californiahealthmaps.org?address=A0123","Female","Mela",162000,29.5,22.1,39.1,82075,45.2,32.2,63.6,"","","","",25360,"","","",45675,"","","",5,64189,0.0,9.5,36.6,50.7,2.5,26.2,16.1
"A0123","Santa Clara","Los Altos","https://www.californiahealthmaps.org?address=A0123","Female","Uterine",162000,24.7,18.2,33.3,82075,24.5,16.9,37.4,"","","","",25360,"","","",45675,"","","",5,64189,0.0,9.5,36.6,50.7,2.5,26.2,16.1
"A0123","Santa Clara","Los Altos","https://www.californiahealthmaps.org?address=A0123","Male","Lymph",158945,36.3,27.5,47.4,81320,38.5,27.3,54.7,"","","","",27815,"","","",40785,"","","",5,64189,0.0,9.5,36.6,50.7,2.5,26.2,16.1
"A0123","Santa Clara","Los Altos","https://www.californiahealthmaps.org?address=A0123","Female","Lymph",162000,19.6,13.7,27.8,82075,17.9,10.2,31.4,"","","","",25360,"","","",45675,"","","",5,64189,0.0,9.5,36.6,50.7,2.5,26.2,16.1
"A0123","Santa Clara","Los Altos","https://www.californiahealthmaps.org?address=A0123","Male","Urinary",158945,16.1,10.4,24.0,81320,14.5,8.3,26.0,"","","","",27815,"","","",40785,"","","",5,64189,0.0,9.5,36.6,50.7,2.5,26.2,16.1
"A0123","Santa Clara","Los Altos","https://www.californiahealthmaps.org?address=A0123","Female","Urinary",162000,4.1,1.8,8.8,82075,"","","","","","","",25360,"","","",45675,"","","",5,64189,0.0,9.5,36.6,50.7,2.5,26.2,16.1
"A0123","Santa Clara","Los Altos","https://www.californiahealthmaps.org?address=A0123","Male","Kidney",158945,21.6,14.9,30.7,81320,20.3,12.6,33.3,"","","","",27815,"","","",40785,"","","",5,64189,0.0,9.5,36.6,50.7,2.5,26.2,16.1
"A0123","Santa Clara","Los Altos","https://www.californiahealthmaps.org?address=A0123","Female","Kidney",162000,6.3,3.3,11.7,82075,"","","","","","","",25360,"","","",45675,"","","",5,64189,0.0,9.5,36.6,50.7,2.5,26.2,16.1
"A0123","Santa Clara","Los Altos","https://www.californiahealthmaps.org?address=A0123","Male","Thyroid",158945,10.9,6.4,17.6,81320,"","","","","","","",27815,"","","",40785,"","","",5,64189,0.0,9.5,36.6,50.7,2.5,26.2,16.1
"A0123","Santa Clara","Los Altos","https://www.californiahealthmaps.org?address=A0123","Female","Thyroid",162000,17.1,11.5,25.1,82075,"","","","","","","",25360,"","","",45675,"","","",5,64189,0.0,9.5,36.6,50.7,2.5,26.2,16.1
"A0123","Santa Clara","Los Altos","https://www.californiahealthmaps.org?address=A0123","Both","AllSite",320945,446.3,424.6,469.1,163395,471.0,442.7,501.6,"","","","",53175,413.0,329.6,513.9,86460,418.7,373.4,468.6,5,64189,0.0,9.5,36.6,50.7,2.5,26.2,16.1
"A0123","Santa Clara","Los Altos","https://www.californiahealthmaps.org?address=A0123","Both","Lung",320945,37.4,31.3,44.4,163395,36.9,29.9,46.2,"","","","",53175,"","","",86460,43.4,29.3,62.6,5,64189,0.0,9.5,36.6,50.7,2.5,26.2,16.1
"A0123","Santa Clara","Los Altos","https://www.californiahealthmaps.org?address=A0123","Both","CRC",320945,33.7,28.1,40.4,163395,32.6,25.7,41.8,"","","","",53175,"","","",86460,37.8,25.1,55.5,5,64189,0.0,9.5,36.6,50.7,2.5,26.2,16.1
"A0123","Santa Clara","Los Altos","https://www.californiahealthmaps.org?address=A0123","Both","Mela",320945,37.9,31.7,45.2,163395,54.7,44.8,67.0,"","","","",53175,"","","",86460,"","","",5,64189,0.0,9.5,36.6,50.7,2.5,26.2,16.1
"A0123","Santa Clara","Los Altos","https://www.californiahealthmaps.org?address=A0123","Both","Lymph",320945,26.9,21.7,33.2,163395,27.1,20.4,36.4,"","","","",53175,"","","",86460,27.5,16.8,43.3,5,64189,0.0,9.5,36.6,50.7,2.5,26.2,16.1
"A0123","Santa Clara","Los Altos","https://www.californiahealthmaps.org?address=A0123","Both","Urinary",320945,9.4,6.5,13.3,163395,8.3,5.1,14.0,"","","","",53175,"","","",86460,"","","",5,64189,0.0,9.5,36.6,50.7,2.5,26.2,16.1
"A0123","Santa Clara","Los Altos","https://www.californiahealthmaps.org?address=A0123","Both","Kidney",320945,13.2,9.7,17.9,163395,12.7,8.4,19.5,"","","","",53175,"","","",86460,"","","",5,64189,0.0,9.5,36.6,50.7,2.5,26.2,16.1
"A0123","Santa Clara","Los Altos","https://www.californiahealthmaps.org?address=A0123","Both","Thyroid",320945,13.9,10.2,18.7,163395,15.9,10.2,24.4,"","","","",53175,"","","",86460,15.9,9.0,27.6,5,64189,0.0,9.5,36.6,50.7,2.5,26.2,16.1
