"Zone","Counties","Cities","URL","Sex","Cancer","PopTot","AAIR","LCI","UCI","White_PopTot","White_AAIR","White_LCI","White_UCI","Black_PopTot","Black_AAIR","Black_LCI","Black_UCI","Hispanic_PopTot","Hispanic_AAIR","Hispanic_LCI","Hispanic_UCI","Asian_PopTot","Asian_AAIR","Asian_LCI","Asian_UCI","QNSES","PopAll","PerRural","PerUninsured","PerForeignBorn","PerWhite","PerBlack","PerAsian","PerHispanic"
"A0141","Los Angeles","","https://www.californiahealthmaps.org?address=A0141","Male","AllSite",158615,378.9,329.4,435.9,"","","","",14695,510.9,407.4,640.9,141060,297.4,241.0,371.6,"","","","",1,62296,0.0,43.7,50.4,0.7,8.9,0.2,89.6
"A0141","Los Angeles","","https://www.californiahealthmaps.org?address=A0141","Female","AllSite",152865,354.4,313.0,400.8,"","","","",17975,421.1,333.1,530.8,132070,342.5,290.0,405.6,"","","","",1,62296,0.0,43.7,50.4,0.7,8.9,0.2,89.6
"A0141","Los Angeles","","https://www.californiahealthmaps.org?address=A0141","Male","Prostate",158615,90.3,67.3,121.3,"","","","",14695,167.3,111.2,251.6,141060,61.0,37.5,105.5,"","","","",1,62296,0.0,43.7,50.4,0.7,8.9,0.2,89.6
"A0141","Los Angeles","","https://www.californiahealthmaps.org?address=A0141","Female","Breast",152865,88.3,68.3,113.4,"","","","",17975,119.3,76.6,184.9,132070,69.1,48.9,100.6,"","","","",1,62296,0.0,43.7,50.4,0.7,8.9,0.2,89.6
"A0141","Los Angeles","","https://www.californiahealthmaps.org?address=A0141","Male","Lung",158615,55.2,36.2,82.7,"","","","",14695,98.1,56.5,169.5,141060,"","","","","","","",1,62296,0.0,43.7,50.4,0.7,8.9,0.2,89.6
"A0141","Los Angeles","","https://www.californiahealthmaps.org?address=A0141","Female","Lung",152865,17.7,9.8,31.3,"","","","",17975,"","","",132070,"","","","","","","",1,62296,0.0,43.7,50.4,0.7,8.9,0.2,89.6
"A0141","Los Angeles","","https://www.californiahealthmaps.org?address=A0141","Male","CRC",158615,48.7,32.7,72.7,"","","","",14695,"","","",141060,42.6,24.1,83.0,"","","","",1,62296,0.0,43.7,50.4,0.7,8.9,0.2,89.6
"A0141","Los Angeles","","https://www.californiahealthmaps.org?address=A0141","Female","CRC",152865,40.8,27.1,60.1,"","","","",17975,78.9,42.9,139.7,132070,32.4,16.0,62.6,"","","","",1,62296,0.0,43.7,50.4,0.7,8.9,0.2,89.6
"A0141","Los Angeles","","https://www.californiahealthmaps.org?address=A0141","Male","Mela",158615,1.9,0.2,14.8,"","","","",14695,"","","",141060,"","","","","","","",1,62296,0.0,43.7,50.4,0.7,8.9,0.2,89.6
"A0141","Los Angeles","","https://www.californiahealthmaps.org?address=A0141","Female","Mela",152865,2.0,0.2,10.8,"","","","",17975,"","","",132070,"","","","","","","",1,62296,0.0,43.7,50.4,0.7,8.9,0.2,89.6
"A0141","Los Angeles","","https://www.californiahealthmaps.org?address=A0141","Female","Uterine",152865,27.0,17.1,42.2,"","","","",17975,"","","",132070,27.7,16.4,51.3,"","","","",1,62296,0.0,43.7,50.4,0.7,8.9,0.2,89.6
"A0141","Los Angeles","","https://www.californiahealthmaps.org?address=A0141","Male","Lymph",158615,14.1,6.0,31.3,"","","","",14695,"","","",141060,"","","","","","","",1,62296,0.0,43.7,50.4,0.7,8.9,0.2,89.6
"A0141","Los Angeles","","https://www.californiahealthmaps.org?address=A0141","Female","Lymph",152865,17.9,9.4,32.3,"","","","",17975,"","","",132070,"","","","","","","",1,62296,0.0,43.7,50.4,0.7,8.9,0.2,89.6
"A0141","Los Angeles","","https://www.californiahealthmaps.org?address=A0141","Male","Urinary",158615,12.4,4.9,29.3,"","","","",14695,"","","",141060,"","","","","","","",1,62296,0.0,43.7,50.4,0.7,8.9,0.2,89.6
"A0141","Los Angeles","","https://www.californiahealthmaps.org?address=A0141","Female","Urinary",152865,3.0,0.3,13.4,"","","","",17975,"","","",132070,"","","","","","","",1,62296,0.0,43.7,50.4,0.7,8.9,0.2,89.6
"A0141","Los Angeles","","https://www.californiahealthmaps.org?address=A0141","Male","Kidney",158615,13.6,6.2,30.1,"","","","",14695,"","","",141060,"","","","","","","",1,62296,0.0,43.7,50.4,0.7,8.9,0.2,89.6
"A0141","Los Angeles","","https://www.californiahealthmaps.org?address=A0141","Female","Kidney",152865,8.0,3.5,18.4,"","","","",17975,"","","",132070,"","","","","","","",1,62296,0.0,43.7,50.4,0.7,8.9,0.2,89.6
"A0141","Los Angeles","","https://www.californiahealthmaps.org?address=A0141","Male","Thyroid",158615,5.0,1.6,18.4,"","","","",14695,"","","",141060,"","","","","","","",1,62296,0.0,43.7,50.4,0.7,8.9,0.2,89.6
"A0141","Los Angeles","","https://www.californiahealthmaps.org?address=A0141","Female","Thyroid",152865,11.7,6.6,22.2,"","","","",17975,"","","",132070,"","","","","","","",1,62296,0.0,43.7,50.4,0.7,8.9,0.2,89.6
"A0141","Los Angeles","","https://www.californiahealthmaps.org?address=A0141","Both","AllSite",311480,362.3,330.5,396.8,"","","","",32670,453.3,386.4,531.6,273130,318.0,279.3,363.1,"","","","",1,62296,0.0,43.7,50.4,0.7,8.9,0.2,89.6
"A0141","Los Angeles","","https://www.californiahealthmaps.org?address=A0141","Both","Lung",311480,34.1,24.5,46.8,"","","","",32670,65.5,43.0,100.5,273130,"","","","","","","",1,62296,0.0,43.7,50.4,0.7,8.9,0.2,89.6
"A0141","Los Angeles","","https://www.californiahealthmaps.org?address=A0141","Both","CRC",311480,45.2,34.2,59.2,"","","","",32670,74.0,47.6,113.4,273130,38.0,24.5,59.2,"","","","",1,62296,0.0,43.7,50.4,0.7,8.9,0.2,89.6
"A0141","Los Angeles","","https://www.californiahealthmaps.org?address=A0141","Both","Mela",311480,2.0,0.5,7.0,"","","","",32670,"","","",273130,"","","","","","","",1,62296,0.0,43.7,50.4,0.7,8.9,0.2,89.6
"A0141","Los Angeles","","https://www.californiahealthmaps.org?address=A0141","Both","Lymph",311480,16.4,10.1,25.9,"","","","",32670,"","","",273130,14.5,7.4,29.9,"","","","",1,62296,0.0,43.7,50.4,0.7,8.9,0.2,89.6
"A0141","Los Angeles","","https://www.californiahealthmaps.org?address=A0141","Both","Urinary",311480,7.4,3.3,15.0,"","","","",32670,"","","",273130,"","","","","","","",1,62296,0.0,43.7,50.4,0.7,8.9,0.2,89.6
"A0141","Los Angeles","","https://www.californiahealthmaps.org?address=A0141","Both","Kidney",311480,10.4,6.1,17.8,"","","","",32670,"","","",273130,11.9,6.6,25.4,"","","","",1,62296,0.0,43.7,50.4,0.7,8.9,0.2,89.6
"A0141","Los Angeles","","https://www.californiahealthmaps.org?address=A0141","Both","Thyroid",311480,8.2,5.0,14.4,"","","","",32670,"","","",273130,7.7,4.3,19.8,"","","","",1,62296,0.0,43.7,50.4,0.7,8.9,0.2,89.6
