"Zone","Counties","Cities","URL","Sex","Cancer","PopTot","AAIR","LCI","UCI","White_PopTot","White_AAIR","White_LCI","White_UCI","Black_PopTot","Black_AAIR","Black_LCI","Black_UCI","Hispanic_PopTot","Hispanic_AAIR","Hispanic_LCI","Hispanic_UCI","Asian_PopTot","Asian_AAIR","Asian_LCI","Asian_UCI","QNSES","PopAll","PerRural","PerUninsured","PerForeignBorn","PerWhite","PerBlack","PerAsian","PerHispanic","PerAPI","PerDocvisit","PerFOBT","PerMammo","PerMenPrev","PerPap","PerWomenPrev"
"A1045","San Bernardino","Rancho Cucamonga","https://www.californiahealthmaps.org?address=A1045","Male","AllSite",148610,499.2,455.0,547.0,66405,485.3,428.0,549.1,13265,564.6,400.9,803.7,48325,517.1,418.5,637.4,15195,614.7,446.4,845.1,4,61970,0.0,12.7,17.2,41.5,9.1,11.7,33.3,11.7,66.6,68.0,82.8,31.7,84.2,34.4
"A1045","San Bernardino","Rancho Cucamonga","https://www.californiahealthmaps.org?address=A1045","Female","AllSite",161240,469.4,434.3,506.9,69740,499.5,449.6,554.4,15290,423.7,318.1,560.9,53855,432.8,365.8,509.9,16780,504.0,380.7,671.6,4,61970,0.0,12.7,17.2,41.5,9.1,11.7,33.3,11.7,66.6,68.0,82.8,31.7,84.2,34.4
"A1045","San Bernardino","Rancho Cucamonga","https://www.californiahealthmaps.org?address=A1045","Male","Prostate",148610,111.1,91.6,134.2,66405,103.6,78.8,135.2,13265,162.6,101.0,304.8,48325,108.9,68.6,172.2,15195,"","","",4,61970,0.0,12.7,17.2,41.5,9.1,11.7,33.3,11.7,66.6,68.0,82.8,31.7,84.2,34.4
"A1045","San Bernardino","Rancho Cucamonga","https://www.californiahealthmaps.org?address=A1045","Female","Breast",161240,158.9,139.1,181.1,69740,175.8,147.4,209.3,15290,118.8,68.7,202.4,53855,143.4,106.3,190.7,16780,167.9,107.0,275.4,4,61970,0.0,12.7,17.2,41.5,9.1,11.7,33.3,11.7,66.6,68.0,82.8,31.7,84.2,34.4
"A1045","San Bernardino","Rancho Cucamonga","https://www.californiahealthmaps.org?address=A1045","Male","Lung",148610,60.0,44.7,79.4,66405,63.2,43.0,90.7,13265,"","","",48325,"","","",15195,"","","",4,61970,0.0,12.7,17.2,41.5,9.1,11.7,33.3,11.7,66.6,68.0,82.8,31.7,84.2,34.4
"A1045","San Bernardino","Rancho Cucamonga","https://www.californiahealthmaps.org?address=A1045","Female","Lung",161240,37.7,27.7,50.4,69740,47.0,32.1,67.5,15290,"","","",53855,"","","",16780,"","","",4,61970,0.0,12.7,17.2,41.5,9.1,11.7,33.3,11.7,66.6,68.0,82.8,31.7,84.2,34.4
"A1045","San Bernardino","Rancho Cucamonga","https://www.californiahealthmaps.org?address=A1045","Male","CRC",148610,45.7,33.0,62.4,66405,45.4,29.0,68.9,13265,"","","",48325,75.3,41.1,134.1,15195,"","","",4,61970,0.0,12.7,17.2,41.5,9.1,11.7,33.3,11.7,66.6,68.0,82.8,31.7,84.2,34.4
"A1045","San Bernardino","Rancho Cucamonga","https://www.californiahealthmaps.org?address=A1045","Female","CRC",161240,38.1,28.6,50.2,69740,41.4,28.2,59.9,15290,"","","",53855,"","","",16780,"","","",4,61970,0.0,12.7,17.2,41.5,9.1,11.7,33.3,11.7,66.6,68.0,82.8,31.7,84.2,34.4
"A1045","San Bernardino","Rancho Cucamonga","https://www.californiahealthmaps.org?address=A1045","Male","Mela",148610,18.5,11.4,29.3,66405,31.0,18.8,50.2,13265,"","","",48325,"","","",15195,"","","",4,61970,0.0,12.7,17.2,41.5,9.1,11.7,33.3,11.7,66.6,68.0,82.8,31.7,84.2,34.4
"A1045","San Bernardino","Rancho Cucamonga","https://www.californiahealthmaps.org?address=A1045","Female","Mela",161240,16.0,10.1,24.4,69740,27.9,16.8,44.6,15290,"","","",53855,"","","",16780,"","","",4,61970,0.0,12.7,17.2,41.5,9.1,11.7,33.3,11.7,66.6,68.0,82.8,31.7,84.2,34.4
"A1045","San Bernardino","Rancho Cucamonga","https://www.californiahealthmaps.org?address=A1045","Female","Uterine",161240,34.0,25.1,45.4,69740,36.0,23.2,54.4,15290,"","","",53855,"","","",16780,"","","",4,61970,0.0,12.7,17.2,41.5,9.1,11.7,33.3,11.7,66.6,68.0,82.8,31.7,84.2,34.4
"A1045","San Bernardino","Rancho Cucamonga","https://www.californiahealthmaps.org?address=A1045","Male","Lymph",148610,28.6,18.7,42.5,66405,29.0,16.3,49.1,13265,"","","",48325,"","","",15195,"","","",4,61970,0.0,12.7,17.2,41.5,9.1,11.7,33.3,11.7,66.6,68.0,82.8,31.7,84.2,34.4
"A1045","San Bernardino","Rancho Cucamonga","https://www.californiahealthmaps.org?address=A1045","Female","Lymph",161240,"","","",69740,"","","",15290,"","","",53855,"","","",16780,"","","",4,61970,0.0,12.7,17.2,41.5,9.1,11.7,33.3,11.7,66.6,68.0,82.8,31.7,84.2,34.4
"A1045","San Bernardino","Rancho Cucamonga","https://www.californiahealthmaps.org?address=A1045","Male","Urinary",148610,22.5,13.2,36.4,66405,30.1,16.3,52.0,13265,"","","",48325,"","","",15195,"","","",4,61970,0.0,12.7,17.2,41.5,9.1,11.7,33.3,11.7,66.6,68.0,82.8,31.7,84.2,34.4
"A1045","San Bernardino","Rancho Cucamonga","https://www.californiahealthmaps.org?address=A1045","Female","Urinary",161240,"","","",69740,"","","",15290,"","","",53855,"","","",16780,"","","",4,61970,0.0,12.7,17.2,41.5,9.1,11.7,33.3,11.7,66.6,68.0,82.8,31.7,84.2,34.4
"A1045","San Bernardino","Rancho Cucamonga","https://www.californiahealthmaps.org?address=A1045","Male","Kidney",148610,32.4,22.3,46.4,66405,25.2,13.4,44.7,13265,"","","",48325,"","","",15195,"","","",4,61970,0.0,12.7,17.2,41.5,9.1,11.7,33.3,11.7,66.6,68.0,82.8,31.7,84.2,34.4
"A1045","San Bernardino","Rancho Cucamonga","https://www.californiahealthmaps.org?address=A1045","Female","Kidney",161240,12.4,7.2,20.4,69740,"","","",15290,"","","",53855,"","","",16780,"","","",4,61970,0.0,12.7,17.2,41.5,9.1,11.7,33.3,11.7,66.6,68.0,82.8,31.7,84.2,34.4
"A1045","San Bernardino","Rancho Cucamonga","https://www.californiahealthmaps.org?address=A1045","Male","Thyroid",148610,"","","",66405,"","","",13265,"","","",48325,"","","",15195,"","","",4,61970,0.0,12.7,17.2,41.5,9.1,11.7,33.3,11.7,66.6,68.0,82.8,31.7,84.2,34.4
"A1045","San Bernardino","Rancho Cucamonga","https://www.californiahealthmaps.org?address=A1045","Female","Thyroid",161240,23.8,16.7,33.3,69740,25.8,15.3,42.2,15290,"","","",53855,"","","",16780,"","","",4,61970,0.0,12.7,17.2,41.5,9.1,11.7,33.3,11.7,66.6,68.0,82.8,31.7,84.2,34.4
"A1045","San Bernardino","Rancho Cucamonga","https://www.californiahealthmaps.org?address=A1045","Male","Liver",148610,19.7,11.8,31.6,66405,"","","",13265,"","","",48325,"","","",15195,"","","",4,61970,0.0,12.7,17.2,41.5,9.1,11.7,33.3,11.7,66.6,68.0,82.8,31.7,84.2,34.4
"A1045","San Bernardino","Rancho Cucamonga","https://www.californiahealthmaps.org?address=A1045","Female","Liver",161240,"","","",69740,"","","",15290,"","","",53855,"","","",16780,"","","",4,61970,0.0,12.7,17.2,41.5,9.1,11.7,33.3,11.7,66.6,68.0,82.8,31.7,84.2,34.4
"A1045","San Bernardino","Rancho Cucamonga","https://www.californiahealthmaps.org?address=A1045","Male","Pancreas",148610,14.2,7.8,24.6,66405,"","","",13265,"","","",48325,"","","",15195,"","","",4,61970,0.0,12.7,17.2,41.5,9.1,11.7,33.3,11.7,66.6,68.0,82.8,31.7,84.2,34.4
"A1045","San Bernardino","Rancho Cucamonga","https://www.californiahealthmaps.org?address=A1045","Female","Pancreas",161240,14.4,8.7,22.9,69740,"","","",15290,"","","",53855,"","","",16780,"","","",4,61970,0.0,12.7,17.2,41.5,9.1,11.7,33.3,11.7,66.6,68.0,82.8,31.7,84.2,34.4
"A1045","San Bernardino","Rancho Cucamonga","https://www.californiahealthmaps.org?address=A1045","Both","AllSite",309850,476.8,449.5,505.4,136145,487.3,450.1,527.1,28555,470.5,382.4,579.4,102180,456.9,401.5,519.0,31975,540.8,443.1,661.1,4,61970,0.0,12.7,17.2,41.5,9.1,11.7,33.3,11.7,66.6,68.0,82.8,31.7,84.2,34.4
"A1045","San Bernardino","Rancho Cucamonga","https://www.californiahealthmaps.org?address=A1045","Both","Lung",309850,46.8,38.1,57.1,136145,53.7,41.4,68.9,28555,"","","",102180,"","","",31975,60.3,34.0,112.1,4,61970,0.0,12.7,17.2,41.5,9.1,11.7,33.3,11.7,66.6,68.0,82.8,31.7,84.2,34.4
"A1045","San Bernardino","Rancho Cucamonga","https://www.californiahealthmaps.org?address=A1045","Both","CRC",309850,41.2,33.4,50.5,136145,43.1,32.7,56.4,28555,"","","",102180,49.7,32.2,74.5,31975,"","","",4,61970,0.0,12.7,17.2,41.5,9.1,11.7,33.3,11.7,66.6,68.0,82.8,31.7,84.2,34.4
"A1045","San Bernardino","Rancho Cucamonga","https://www.californiahealthmaps.org?address=A1045","Both","Mela",309850,17.1,12.5,23.3,136145,29.5,21.0,40.8,28555,"","","",102180,"","","",31975,"","","",4,61970,0.0,12.7,17.2,41.5,9.1,11.7,33.3,11.7,66.6,68.0,82.8,31.7,84.2,34.4
"A1045","San Bernardino","Rancho Cucamonga","https://www.californiahealthmaps.org?address=A1045","Both","Lymph",309850,17.5,12.4,24.1,136145,17.6,10.9,27.3,28555,"","","",102180,"","","",31975,"","","",4,61970,0.0,12.7,17.2,41.5,9.1,11.7,33.3,11.7,66.6,68.0,82.8,31.7,84.2,34.4
"A1045","San Bernardino","Rancho Cucamonga","https://www.californiahealthmaps.org?address=A1045","Both","Urinary",309850,12.7,8.2,18.8,136145,16.1,9.8,25.5,28555,"","","",102180,"","","",31975,"","","",4,61970,0.0,12.7,17.2,41.5,9.1,11.7,33.3,11.7,66.6,68.0,82.8,31.7,84.2,34.4
"A1045","San Bernardino","Rancho Cucamonga","https://www.californiahealthmaps.org?address=A1045","Both","Kidney",309850,21.2,15.8,28.1,136145,19.6,12.4,29.8,28555,"","","",102180,19.8,10.7,35.8,31975,"","","",4,61970,0.0,12.7,17.2,41.5,9.1,11.7,33.3,11.7,66.6,68.0,82.8,31.7,84.2,34.4
"A1045","San Bernardino","Rancho Cucamonga","https://www.californiahealthmaps.org?address=A1045","Both","Thyroid",309850,14.7,10.5,20.2,136145,14.6,8.9,23.2,28555,"","","",102180,"","","",31975,"","","",4,61970,0.0,12.7,17.2,41.5,9.1,11.7,33.3,11.7,66.6,68.0,82.8,31.7,84.2,34.4
"A1045","San Bernardino","Rancho Cucamonga","https://www.californiahealthmaps.org?address=A1045","Both","Liver",309850,13.3,9.0,19.2,136145,10.6,5.7,18.6,28555,"","","",102180,"","","",31975,"","","",4,61970,0.0,12.7,17.2,41.5,9.1,11.7,33.3,11.7,66.6,68.0,82.8,31.7,84.2,34.4
"A1045","San Bernardino","Rancho Cucamonga","https://www.californiahealthmaps.org?address=A1045","Both","Pancreas",309850,14.7,10.2,20.8,136145,12.7,7.5,20.8,28555,"","","",102180,"","","",31975,"","","",4,61970,0.0,12.7,17.2,41.5,9.1,11.7,33.3,11.7,66.6,68.0,82.8,31.7,84.2,34.4
