"Zone","Counties","Cities","URL","Sex","Cancer","PopTot","AAIR","LCI","UCI","White_PopTot","White_AAIR","White_LCI","White_UCI","Black_PopTot","Black_AAIR","Black_LCI","Black_UCI","Hispanic_PopTot","Hispanic_AAIR","Hispanic_LCI","Hispanic_UCI","Asian_PopTot","Asian_AAIR","Asian_LCI","Asian_UCI","QNSES","PopAll","PerRural","PerUninsured","PerForeignBorn","PerWhite","PerBlack","PerAsian","PerHispanic","PerAPI","PerDocvisit","PerFOBT","PerMammo","PerMenPrev","PerPap","PerWomenPrev"
"A0262","Sacramento","Sacramento","https://www.californiahealthmaps.org?address=A0262","Male","AllSite",151345,488.9,447.2,533.9,23140,611.9,524.8,715.9,23260,543.0,437.8,668.4,66660,433.0,358.7,520.1,31420,430.3,345.9,531.7,1,61527,0.0,21.0,32.0,16.6,14.1,23.2,41.7,23.2,"","","","","",""
"A0262","Sacramento","Sacramento","https://www.californiahealthmaps.org?address=A0262","Female","AllSite",156290,427.6,392.3,465.5,24635,475.0,403.4,563.2,27455,524.3,434.6,627.9,64340,394.9,331.7,468.3,32080,344.1,275.9,425.7,1,61527,0.0,21.0,32.0,16.6,14.1,23.2,41.7,23.2,"","","","","",""
"A0262","Sacramento","Sacramento","https://www.californiahealthmaps.org?address=A0262","Male","Prostate",151345,62.6,48.2,80.2,23140,72.2,44.6,120.1,23260,104.7,61.8,169.1,66660,63.9,38.2,103.4,31420,"","","",1,61527,0.0,21.0,32.0,16.6,14.1,23.2,41.7,23.2,"","","","","",""
"A0262","Sacramento","Sacramento","https://www.californiahealthmaps.org?address=A0262","Female","Breast",156290,126.3,107.3,147.9,24635,146.7,109.4,202.0,27455,166.2,116.6,230.5,64340,113.4,81.4,155.9,32080,87.1,54.2,134.5,1,61527,0.0,21.0,32.0,16.6,14.1,23.2,41.7,23.2,"","","","","",""
"A0262","Sacramento","Sacramento","https://www.californiahealthmaps.org?address=A0262","Male","Lung",151345,92.0,74.0,113.3,23140,112.5,78.4,165.4,23260,126.1,77.5,196.5,66660,54.2,29.2,93.9,31420,106.2,65.7,165.3,1,61527,0.0,21.0,32.0,16.6,14.1,23.2,41.7,23.2,"","","","","",""
"A0262","Sacramento","Sacramento","https://www.californiahealthmaps.org?address=A0262","Female","Lung",156290,54.0,41.7,69.0,24635,88.0,60.6,134.4,27455,66.3,36.8,110.9,64340,"","","",32080,"","","",1,61527,0.0,21.0,32.0,16.6,14.1,23.2,41.7,23.2,"","","","","",""
"A0262","Sacramento","Sacramento","https://www.californiahealthmaps.org?address=A0262","Male","CRC",151345,59.3,45.1,76.9,23140,75.2,46.5,124.1,23260,"","","",66660,53.1,28.8,91.8,31420,"","","",1,61527,0.0,21.0,32.0,16.6,14.1,23.2,41.7,23.2,"","","","","",""
"A0262","Sacramento","Sacramento","https://www.californiahealthmaps.org?address=A0262","Female","CRC",156290,46.4,35.2,60.3,24635,38.5,20.7,77.9,27455,61.9,34.3,104.4,64340,"","","",32080,"","","",1,61527,0.0,21.0,32.0,16.6,14.1,23.2,41.7,23.2,"","","","","",""
"A0262","Sacramento","Sacramento","https://www.californiahealthmaps.org?address=A0262","Male","Mela",151345,"","","",23140,"","","",23260,"","","",66660,"","","",31420,"","","",1,61527,0.0,21.0,32.0,16.6,14.1,23.2,41.7,23.2,"","","","","",""
"A0262","Sacramento","Sacramento","https://www.californiahealthmaps.org?address=A0262","Female","Mela",156290,"","","",24635,"","","",27455,"","","",64340,"","","",32080,"","","",1,61527,0.0,21.0,32.0,16.6,14.1,23.2,41.7,23.2,"","","","","",""
"A0262","Sacramento","Sacramento","https://www.californiahealthmaps.org?address=A0262","Female","Uterine",156290,30.1,21.5,41.3,24635,"","","",27455,"","","",64340,"","","",32080,"","","",1,61527,0.0,21.0,32.0,16.6,14.1,23.2,41.7,23.2,"","","","","",""
"A0262","Sacramento","Sacramento","https://www.californiahealthmaps.org?address=A0262","Male","Lymph",151345,18.5,11.0,29.5,23140,"","","",23260,"","","",66660,"","","",31420,"","","",1,61527,0.0,21.0,32.0,16.6,14.1,23.2,41.7,23.2,"","","","","",""
"A0262","Sacramento","Sacramento","https://www.californiahealthmaps.org?address=A0262","Female","Lymph",156290,16.0,9.8,25.0,24635,"","","",27455,"","","",64340,"","","",32080,"","","",1,61527,0.0,21.0,32.0,16.6,14.1,23.2,41.7,23.2,"","","","","",""
"A0262","Sacramento","Sacramento","https://www.californiahealthmaps.org?address=A0262","Male","Urinary",151345,19.5,11.4,31.2,23140,"","","",23260,"","","",66660,"","","",31420,"","","",1,61527,0.0,21.0,32.0,16.6,14.1,23.2,41.7,23.2,"","","","","",""
"A0262","Sacramento","Sacramento","https://www.californiahealthmaps.org?address=A0262","Female","Urinary",156290,"","","",24635,"","","",27455,"","","",64340,"","","",32080,"","","",1,61527,0.0,21.0,32.0,16.6,14.1,23.2,41.7,23.2,"","","","","",""
"A0262","Sacramento","Sacramento","https://www.californiahealthmaps.org?address=A0262","Male","Kidney",151345,28.6,19.6,40.9,23140,"","","",23260,"","","",66660,"","","",31420,"","","",1,61527,0.0,21.0,32.0,16.6,14.1,23.2,41.7,23.2,"","","","","",""
"A0262","Sacramento","Sacramento","https://www.californiahealthmaps.org?address=A0262","Female","Kidney",156290,13.6,7.9,22.2,24635,"","","",27455,"","","",64340,"","","",32080,"","","",1,61527,0.0,21.0,32.0,16.6,14.1,23.2,41.7,23.2,"","","","","",""
"A0262","Sacramento","Sacramento","https://www.californiahealthmaps.org?address=A0262","Male","Thyroid",151345,"","","",23140,"","","",23260,"","","",66660,"","","",31420,"","","",1,61527,0.0,21.0,32.0,16.6,14.1,23.2,41.7,23.2,"","","","","",""
"A0262","Sacramento","Sacramento","https://www.californiahealthmaps.org?address=A0262","Female","Thyroid",156290,14.8,8.9,23.5,24635,"","","",27455,"","","",64340,"","","",32080,"","","",1,61527,0.0,21.0,32.0,16.6,14.1,23.2,41.7,23.2,"","","","","",""
"A0262","Sacramento","Sacramento","https://www.californiahealthmaps.org?address=A0262","Male","Liver",151345,31.1,22.1,43.2,23140,"","","",23260,"","","",66660,"","","",31420,69.8,39.8,117.5,1,61527,0.0,21.0,32.0,16.6,14.1,23.2,41.7,23.2,"","","","","",""
"A0262","Sacramento","Sacramento","https://www.californiahealthmaps.org?address=A0262","Female","Liver",156290,15.1,9.3,23.6,24635,"","","",27455,"","","",64340,"","","",32080,"","","",1,61527,0.0,21.0,32.0,16.6,14.1,23.2,41.7,23.2,"","","","","",""
"A0262","Sacramento","Sacramento","https://www.californiahealthmaps.org?address=A0262","Male","Pancreas",151345,14.4,8.2,24.0,23140,"","","",23260,"","","",66660,"","","",31420,"","","",1,61527,0.0,21.0,32.0,16.6,14.1,23.2,41.7,23.2,"","","","","",""
"A0262","Sacramento","Sacramento","https://www.californiahealthmaps.org?address=A0262","Female","Pancreas",156290,"","","",24635,"","","",27455,"","","",64340,"","","",32080,"","","",1,61527,0.0,21.0,32.0,16.6,14.1,23.2,41.7,23.2,"","","","","",""
"A0262","Sacramento","Sacramento","https://www.californiahealthmaps.org?address=A0262","Both","AllSite",307635,452.7,425.7,481.0,47775,534.3,478.7,597.8,50715,532.7,463.6,609.8,131000,407.1,359.0,460.7,63500,382.8,328.7,443.8,1,61527,0.0,21.0,32.0,16.6,14.1,23.2,41.7,23.2,"","","","","",""
"A0262","Sacramento","Sacramento","https://www.californiahealthmaps.org?address=A0262","Both","Lung",307635,70.7,60.1,82.7,47775,99.8,77.7,130.5,50715,91.9,64.2,128.0,131000,43.2,27.8,64.8,63500,57.2,37.4,84.6,1,61527,0.0,21.0,32.0,16.6,14.1,23.2,41.7,23.2,"","","","","",""
"A0262","Sacramento","Sacramento","https://www.californiahealthmaps.org?address=A0262","Both","CRC",307635,52.1,43.1,62.6,47775,55.6,38.7,81.8,50715,59.6,38.1,89.5,131000,44.2,29.1,65.2,63500,59.2,38.9,87.0,1,61527,0.0,21.0,32.0,16.6,14.1,23.2,41.7,23.2,"","","","","",""
"A0262","Sacramento","Sacramento","https://www.californiahealthmaps.org?address=A0262","Both","Mela",307635,8.9,5.4,13.9,47775,26.0,14.8,47.2,50715,"","","",131000,"","","",63500,"","","",1,61527,0.0,21.0,32.0,16.6,14.1,23.2,41.7,23.2,"","","","","",""
"A0262","Sacramento","Sacramento","https://www.californiahealthmaps.org?address=A0262","Both","Lymph",307635,17.0,12.1,23.4,47775,22.8,12.7,43.1,50715,"","","",131000,"","","",63500,"","","",1,61527,0.0,21.0,32.0,16.6,14.1,23.2,41.7,23.2,"","","","","",""
"A0262","Sacramento","Sacramento","https://www.californiahealthmaps.org?address=A0262","Both","Urinary",307635,10.6,6.8,16.0,47775,"","","",50715,"","","",131000,"","","",63500,"","","",1,61527,0.0,21.0,32.0,16.6,14.1,23.2,41.7,23.2,"","","","","",""
"A0262","Sacramento","Sacramento","https://www.californiahealthmaps.org?address=A0262","Both","Kidney",307635,20.7,15.3,27.5,47775,23.2,13.0,43.6,50715,"","","",131000,24.4,14.4,40.1,63500,"","","",1,61527,0.0,21.0,32.0,16.6,14.1,23.2,41.7,23.2,"","","","","",""
"A0262","Sacramento","Sacramento","https://www.californiahealthmaps.org?address=A0262","Both","Thyroid",307635,11.7,7.9,17.0,47775,"","","",50715,"","","",131000,"","","",63500,"","","",1,61527,0.0,21.0,32.0,16.6,14.1,23.2,41.7,23.2,"","","","","",""
"A0262","Sacramento","Sacramento","https://www.californiahealthmaps.org?address=A0262","Both","Liver",307635,22.9,17.4,29.7,47775,"","","",50715,"","","",131000,"","","",63500,37.9,22.9,60.2,1,61527,0.0,21.0,32.0,16.6,14.1,23.2,41.7,23.2,"","","","","",""
"A0262","Sacramento","Sacramento","https://www.californiahealthmaps.org?address=A0262","Both","Pancreas",307635,12.6,8.5,18.2,47775,"","","",50715,"","","",131000,"","","",63500,"","","",1,61527,0.0,21.0,32.0,16.6,14.1,23.2,41.7,23.2,"","","","","",""
