"Zone","Counties","Cities","URL","Sex","Cancer","PopTot","AAIR","LCI","UCI","White_PopTot","White_AAIR","White_LCI","White_UCI","Black_PopTot","Black_AAIR","Black_LCI","Black_UCI","Hispanic_PopTot","Hispanic_AAIR","Hispanic_LCI","Hispanic_UCI","Asian_PopTot","Asian_AAIR","Asian_LCI","Asian_UCI","QNSES","PopAll","PerRural","PerUninsured","PerForeignBorn","PerWhite","PerBlack","PerAsian","PerHispanic"
"A0351","Alameda","Oakland","https://www.californiahealthmaps.org?address=A0351","Male","AllSite",149925,534.3,492.3,579.4,16350,487.2,393.5,607.2,60870,588.9,530.2,653.5,58595,535.4,402.9,711.1,"","","","",2,62502,0.0,19.7,23.6,11.4,43.6,6.7,34.6
"A0351","Alameda","Oakland","https://www.californiahealthmaps.org?address=A0351","Female","AllSite",162585,442.9,410.3,477.6,17230,435.2,354.4,543.9,76535,458.0,414.5,505.6,52840,449.1,352.7,569.5,10370,500.8,374.6,661.6,2,62502,0.0,19.7,23.6,11.4,43.6,6.7,34.6
"A0351","Alameda","Oakland","https://www.californiahealthmaps.org?address=A0351","Male","Prostate",149925,146.0,124.7,170.5,16350,128.5,83.8,202.7,60870,170.4,140.7,205.8,58595,143.6,71.8,268.0,"","","","",2,62502,0.0,19.7,23.6,11.4,43.6,6.7,34.6
"A0351","Alameda","Oakland","https://www.californiahealthmaps.org?address=A0351","Female","Breast",162585,137.0,119.1,157.2,17230,160.0,110.6,240.9,76535,147.0,122.5,175.6,52840,104.4,64.3,169.3,10370,153.2,87.4,256.1,2,62502,0.0,19.7,23.6,11.4,43.6,6.7,34.6
"A0351","Alameda","Oakland","https://www.californiahealthmaps.org?address=A0351","Male","Lung",149925,81.6,65.2,101.2,16350,"","","",60870,102.7,78.7,132.9,58595,"","","","","","","",2,62502,0.0,19.7,23.6,11.4,43.6,6.7,34.6
"A0351","Alameda","Oakland","https://www.californiahealthmaps.org?address=A0351","Female","Lung",162585,51.6,41.0,64.5,17230,"","","",76535,56.9,42.9,74.9,52840,"","","",10370,"","","",2,62502,0.0,19.7,23.6,11.4,43.6,6.7,34.6
"A0351","Alameda","Oakland","https://www.californiahealthmaps.org?address=A0351","Male","CRC",149925,54.3,41.3,70.6,16350,"","","",60870,59.4,41.5,83.6,58595,"","","","","","","",2,62502,0.0,19.7,23.6,11.4,43.6,6.7,34.6
"A0351","Alameda","Oakland","https://www.californiahealthmaps.org?address=A0351","Female","CRC",162585,44.7,34.6,57.0,17230,"","","",76535,51.7,38.2,69.4,52840,"","","",10370,"","","",2,62502,0.0,19.7,23.6,11.4,43.6,6.7,34.6
"A0351","Alameda","Oakland","https://www.californiahealthmaps.org?address=A0351","Male","Mela",149925,8.6,4.1,16.5,16350,"","","",60870,"","","",58595,"","","","","","","",2,62502,0.0,19.7,23.6,11.4,43.6,6.7,34.6
"A0351","Alameda","Oakland","https://www.californiahealthmaps.org?address=A0351","Female","Mela",162585,3.1,1.1,7.7,17230,"","","",76535,"","","",52840,"","","",10370,"","","",2,62502,0.0,19.7,23.6,11.4,43.6,6.7,34.6
"A0351","Alameda","Oakland","https://www.californiahealthmaps.org?address=A0351","Female","Uterine",162585,32.0,23.8,42.3,17230,"","","",76535,26.3,17.4,39.4,52840,"","","",10370,"","","",2,62502,0.0,19.7,23.6,11.4,43.6,6.7,34.6
"A0351","Alameda","Oakland","https://www.californiahealthmaps.org?address=A0351","Male","Lymph",149925,23.7,15.3,35.5,16350,"","","",60870,"","","",58595,"","","","","","","",2,62502,0.0,19.7,23.6,11.4,43.6,6.7,34.6
"A0351","Alameda","Oakland","https://www.californiahealthmaps.org?address=A0351","Female","Lymph",162585,21.2,14.5,30.2,17230,"","","",76535,20.9,12.4,34.0,52840,"","","",10370,"","","",2,62502,0.0,19.7,23.6,11.4,43.6,6.7,34.6
"A0351","Alameda","Oakland","https://www.californiahealthmaps.org?address=A0351","Male","Urinary",149925,14.1,7.8,24.0,16350,"","","",60870,"","","",58595,"","","","","","","",2,62502,0.0,19.7,23.6,11.4,43.6,6.7,34.6
"A0351","Alameda","Oakland","https://www.californiahealthmaps.org?address=A0351","Female","Urinary",162585,5.7,2.6,11.4,17230,"","","",76535,"","","",52840,"","","",10370,"","","",2,62502,0.0,19.7,23.6,11.4,43.6,6.7,34.6
"A0351","Alameda","Oakland","https://www.californiahealthmaps.org?address=A0351","Male","Kidney",149925,24.3,16.4,35.4,16350,"","","",60870,29.3,17.6,47.4,58595,"","","","","","","",2,62502,0.0,19.7,23.6,11.4,43.6,6.7,34.6
"A0351","Alameda","Oakland","https://www.californiahealthmaps.org?address=A0351","Female","Kidney",162585,12.6,7.6,19.9,17230,"","","",76535,17.2,9.7,29.3,52840,"","","",10370,"","","",2,62502,0.0,19.7,23.6,11.4,43.6,6.7,34.6
"A0351","Alameda","Oakland","https://www.californiahealthmaps.org?address=A0351","Male","Thyroid",149925,4.2,1.3,10.8,16350,"","","",60870,"","","",58595,"","","","","","","",2,62502,0.0,19.7,23.6,11.4,43.6,6.7,34.6
"A0351","Alameda","Oakland","https://www.californiahealthmaps.org?address=A0351","Female","Thyroid",162585,9.0,5.0,15.3,17230,"","","",76535,"","","",52840,"","","",10370,"","","",2,62502,0.0,19.7,23.6,11.4,43.6,6.7,34.6
"A0351","Alameda","Oakland","https://www.californiahealthmaps.org?address=A0351","Both","AllSite",312510,476.4,450.8,503.2,33580,452.8,391.6,526.7,137405,506.5,471.6,543.8,111435,466.1,391.9,553.3,19520,475.4,382.0,588.3,2,62502,0.0,19.7,23.6,11.4,43.6,6.7,34.6
"A0351","Alameda","Oakland","https://www.californiahealthmaps.org?address=A0351","Both","Lung",312510,64.0,54.7,74.5,33580,48.7,30.8,81.9,137405,74.7,61.9,89.9,111435,55.9,30.5,96.8,19520,"","","",2,62502,0.0,19.7,23.6,11.4,43.6,6.7,34.6
"A0351","Alameda","Oakland","https://www.californiahealthmaps.org?address=A0351","Both","CRC",312510,48.2,40.2,57.6,33580,37.4,21.9,69.0,137405,54.6,43.6,68.0,111435,50.7,27.7,88.7,19520,"","","",2,62502,0.0,19.7,23.6,11.4,43.6,6.7,34.6
"A0351","Alameda","Oakland","https://www.californiahealthmaps.org?address=A0351","Both","Mela",312510,5.4,3.1,9.2,33580,29.2,15.7,59.3,137405,"","","",111435,"","","",19520,"","","",2,62502,0.0,19.7,23.6,11.4,43.6,6.7,34.6
"A0351","Alameda","Oakland","https://www.californiahealthmaps.org?address=A0351","Both","Lymph",312510,22.0,16.7,28.7,33580,"","","",137405,20.1,13.5,29.3,111435,"","","",19520,"","","",2,62502,0.0,19.7,23.6,11.4,43.6,6.7,34.6
"A0351","Alameda","Oakland","https://www.californiahealthmaps.org?address=A0351","Both","Urinary",312510,9.1,5.8,13.8,33580,"","","",137405,9.6,5.3,16.6,111435,"","","",19520,"","","",2,62502,0.0,19.7,23.6,11.4,43.6,6.7,34.6
"A0351","Alameda","Oakland","https://www.californiahealthmaps.org?address=A0351","Both","Kidney",312510,17.8,13.2,23.7,33580,"","","",137405,22.1,15.4,31.4,111435,28.6,14.6,56.9,19520,"","","",2,62502,0.0,19.7,23.6,11.4,43.6,6.7,34.6
"A0351","Alameda","Oakland","https://www.californiahealthmaps.org?address=A0351","Both","Thyroid",312510,6.5,3.9,10.5,33580,"","","",137405,"","","",111435,"","","",19520,"","","",2,62502,0.0,19.7,23.6,11.4,43.6,6.7,34.6
