"Zone","Counties","Cities","URL","Sex","Cancer","PopTot","AAIR","LCI","UCI","White_PopTot","White_AAIR","White_LCI","White_UCI","Black_PopTot","Black_AAIR","Black_LCI","Black_UCI","Hispanic_PopTot","Hispanic_AAIR","Hispanic_LCI","Hispanic_UCI","Asian_PopTot","Asian_AAIR","Asian_LCI","Asian_UCI","QNSES","PopAll","PerRural","PerUninsured","PerForeignBorn","PerWhite","PerBlack","PerAsian","PerHispanic","PerAPI","PerDocvisit","PerFOBT","PerMammo","PerMenPrev","PerPap","PerWomenPrev"
"A0523","San Diego","Coronado, San Diego","https://www.californiahealthmaps.org?address=A0523","Male","AllSite",187295,493.8,459.5,530.4,132255,489.1,452.5,529.1,10695,"","","",30365,546.8,411.4,717.7,"","","","",5,66348,0.0,11.8,11.7,71.4,3.0,4.0,18.6,4.0,64.1,73.9,82.0,32.4,85.5,35.9
"A0523","San Diego","Coronado, San Diego","https://www.californiahealthmaps.org?address=A0523","Female","AllSite",144445,437.6,405.5,472.2,103280,431.1,395.7,470.3,"","","","",24055,505.4,399.5,634.3,"","","","",5,66348,0.0,11.8,11.7,71.4,3.0,4.0,18.6,4.0,64.1,73.9,82.0,32.4,85.5,35.9
"A0523","San Diego","Coronado, San Diego","https://www.californiahealthmaps.org?address=A0523","Male","Prostate",187295,137.0,119.3,157.2,132255,138.1,119.1,160.4,10695,"","","",30365,158.5,89.2,265.9,"","","","",5,66348,0.0,11.8,11.7,71.4,3.0,4.0,18.6,4.0,64.1,73.9,82.0,32.4,85.5,35.9
"A0523","San Diego","Coronado, San Diego","https://www.californiahealthmaps.org?address=A0523","Female","Breast",144445,167.5,147.6,189.9,103280,165.3,143.3,191.1,"","","","",24055,188.3,127.2,273.1,"","","","",5,66348,0.0,11.8,11.7,71.4,3.0,4.0,18.6,4.0,64.1,73.9,82.0,32.4,85.5,35.9
"A0523","San Diego","Coronado, San Diego","https://www.californiahealthmaps.org?address=A0523","Male","Lung",187295,38.6,29.4,50.4,132255,35.7,26.4,48.8,10695,"","","",30365,"","","","","","","",5,66348,0.0,11.8,11.7,71.4,3.0,4.0,18.6,4.0,64.1,73.9,82.0,32.4,85.5,35.9
"A0523","San Diego","Coronado, San Diego","https://www.californiahealthmaps.org?address=A0523","Female","Lung",144445,50.8,40.4,63.8,103280,52.2,40.8,67.6,"","","","",24055,"","","","","","","",5,66348,0.0,11.8,11.7,71.4,3.0,4.0,18.6,4.0,64.1,73.9,82.0,32.4,85.5,35.9
"A0523","San Diego","Coronado, San Diego","https://www.californiahealthmaps.org?address=A0523","Male","CRC",187295,41.4,31.7,53.6,132255,38.9,28.9,52.6,10695,"","","",30365,"","","","","","","",5,66348,0.0,11.8,11.7,71.4,3.0,4.0,18.6,4.0,64.1,73.9,82.0,32.4,85.5,35.9
"A0523","San Diego","Coronado, San Diego","https://www.californiahealthmaps.org?address=A0523","Female","CRC",144445,32.7,25.0,43.0,103280,29.9,21.8,42.0,"","","","",24055,"","","","","","","",5,66348,0.0,11.8,11.7,71.4,3.0,4.0,18.6,4.0,64.1,73.9,82.0,32.4,85.5,35.9
"A0523","San Diego","Coronado, San Diego","https://www.californiahealthmaps.org?address=A0523","Male","Mela",187295,45.1,35.3,57.5,132255,46.8,36.1,61.2,10695,"","","",30365,"","","","","","","",5,66348,0.0,11.8,11.7,71.4,3.0,4.0,18.6,4.0,64.1,73.9,82.0,32.4,85.5,35.9
"A0523","San Diego","Coronado, San Diego","https://www.californiahealthmaps.org?address=A0523","Female","Mela",144445,31.2,23.0,42.1,103280,32.3,22.8,46.1,"","","","",24055,"","","","","","","",5,66348,0.0,11.8,11.7,71.4,3.0,4.0,18.6,4.0,64.1,73.9,82.0,32.4,85.5,35.9
"A0523","San Diego","Coronado, San Diego","https://www.californiahealthmaps.org?address=A0523","Female","Uterine",144445,17.0,11.4,25.2,103280,15.4,9.7,25.5,"","","","",24055,"","","","","","","",5,66348,0.0,11.8,11.7,71.4,3.0,4.0,18.6,4.0,64.1,73.9,82.0,32.4,85.5,35.9
"A0523","San Diego","Coronado, San Diego","https://www.californiahealthmaps.org?address=A0523","Male","Lymph",187295,29.4,21.3,40.2,132255,30.6,21.4,43.9,10695,"","","",30365,"","","","","","","",5,66348,0.0,11.8,11.7,71.4,3.0,4.0,18.6,4.0,64.1,73.9,82.0,32.4,85.5,35.9
"A0523","San Diego","Coronado, San Diego","https://www.californiahealthmaps.org?address=A0523","Female","Lymph",144445,10.7,6.4,17.8,103280,11.3,6.4,20.8,"","","","",24055,"","","","","","","",5,66348,0.0,11.8,11.7,71.4,3.0,4.0,18.6,4.0,64.1,73.9,82.0,32.4,85.5,35.9
"A0523","San Diego","Coronado, San Diego","https://www.californiahealthmaps.org?address=A0523","Male","Urinary",187295,16.9,11.0,25.5,132255,16.3,10.3,26.4,10695,"","","",30365,"","","","","","","",5,66348,0.0,11.8,11.7,71.4,3.0,4.0,18.6,4.0,64.1,73.9,82.0,32.4,85.5,35.9
"A0523","San Diego","Coronado, San Diego","https://www.californiahealthmaps.org?address=A0523","Female","Urinary",144445,"","","",103280,"","","","","","","",24055,"","","","","","","",5,66348,0.0,11.8,11.7,71.4,3.0,4.0,18.6,4.0,64.1,73.9,82.0,32.4,85.5,35.9
"A0523","San Diego","Coronado, San Diego","https://www.californiahealthmaps.org?address=A0523","Male","Kidney",187295,20.1,13.8,28.9,132255,17.8,11.5,28.1,10695,"","","",30365,"","","","","","","",5,66348,0.0,11.8,11.7,71.4,3.0,4.0,18.6,4.0,64.1,73.9,82.0,32.4,85.5,35.9
"A0523","San Diego","Coronado, San Diego","https://www.californiahealthmaps.org?address=A0523","Female","Kidney",144445,"","","",103280,"","","","","","","",24055,"","","","","","","",5,66348,0.0,11.8,11.7,71.4,3.0,4.0,18.6,4.0,64.1,73.9,82.0,32.4,85.5,35.9
"A0523","San Diego","Coronado, San Diego","https://www.californiahealthmaps.org?address=A0523","Male","Thyroid",187295,"","","",132255,"","","",10695,"","","",30365,"","","","","","","",5,66348,0.0,11.8,11.7,71.4,3.0,4.0,18.6,4.0,64.1,73.9,82.0,32.4,85.5,35.9
"A0523","San Diego","Coronado, San Diego","https://www.californiahealthmaps.org?address=A0523","Female","Thyroid",144445,17.6,11.2,27.0,103280,15.4,8.6,27.2,"","","","",24055,"","","","","","","",5,66348,0.0,11.8,11.7,71.4,3.0,4.0,18.6,4.0,64.1,73.9,82.0,32.4,85.5,35.9
"A0523","San Diego","Coronado, San Diego","https://www.californiahealthmaps.org?address=A0523","Male","Liver",187295,12.6,7.9,20.0,132255,11.0,6.3,19.9,10695,"","","",30365,"","","","","","","",5,66348,0.0,11.8,11.7,71.4,3.0,4.0,18.6,4.0,64.1,73.9,82.0,32.4,85.5,35.9
"A0523","San Diego","Coronado, San Diego","https://www.californiahealthmaps.org?address=A0523","Female","Liver",144445,"","","",103280,"","","","","","","",24055,"","","","","","","",5,66348,0.0,11.8,11.7,71.4,3.0,4.0,18.6,4.0,64.1,73.9,82.0,32.4,85.5,35.9
"A0523","San Diego","Coronado, San Diego","https://www.californiahealthmaps.org?address=A0523","Male","Pancreas",187295,17.2,11.3,25.7,132255,16.2,10.3,26.2,10695,"","","",30365,"","","","","","","",5,66348,0.0,11.8,11.7,71.4,3.0,4.0,18.6,4.0,64.1,73.9,82.0,32.4,85.5,35.9
"A0523","San Diego","Coronado, San Diego","https://www.californiahealthmaps.org?address=A0523","Female","Pancreas",144445,9.8,5.6,16.9,103280,"","","","","","","",24055,"","","","","","","",5,66348,0.0,11.8,11.7,71.4,3.0,4.0,18.6,4.0,64.1,73.9,82.0,32.4,85.5,35.9
"A0523","San Diego","Coronado, San Diego","https://www.californiahealthmaps.org?address=A0523","Both","AllSite",331740,458.3,435.1,482.6,235535,453.4,428.2,480.3,16000,619.1,361.2,1063.2,54420,513.7,430.0,610.8,13475,325.0,221.1,472.1,5,66348,0.0,11.8,11.7,71.4,3.0,4.0,18.6,4.0,64.1,73.9,82.0,32.4,85.5,35.9
"A0523","San Diego","Coronado, San Diego","https://www.californiahealthmaps.org?address=A0523","Both","Lung",331740,44.9,37.8,53.2,235535,44.1,36.6,53.5,16000,"","","",54420,"","","",13475,"","","",5,66348,0.0,11.8,11.7,71.4,3.0,4.0,18.6,4.0,64.1,73.9,82.0,32.4,85.5,35.9
"A0523","San Diego","Coronado, San Diego","https://www.californiahealthmaps.org?address=A0523","Both","CRC",331740,37.3,31.0,44.8,235535,34.5,28.0,42.9,16000,"","","",54420,61.0,33.9,103.5,13475,"","","",5,66348,0.0,11.8,11.7,71.4,3.0,4.0,18.6,4.0,64.1,73.9,82.0,32.4,85.5,35.9
"A0523","San Diego","Coronado, San Diego","https://www.californiahealthmaps.org?address=A0523","Both","Mela",331740,36.6,30.3,44.1,235535,38.0,30.9,46.9,16000,"","","",54420,"","","",13475,"","","",5,66348,0.0,11.8,11.7,71.4,3.0,4.0,18.6,4.0,64.1,73.9,82.0,32.4,85.5,35.9
"A0523","San Diego","Coronado, San Diego","https://www.californiahealthmaps.org?address=A0523","Both","Lymph",331740,19.9,15.2,25.9,235535,20.9,15.5,28.3,16000,"","","",54420,"","","",13475,"","","",5,66348,0.0,11.8,11.7,71.4,3.0,4.0,18.6,4.0,64.1,73.9,82.0,32.4,85.5,35.9
"A0523","San Diego","Coronado, San Diego","https://www.californiahealthmaps.org?address=A0523","Both","Urinary",331740,9.5,6.5,13.8,235535,9.5,6.3,14.7,16000,"","","",54420,"","","",13475,"","","",5,66348,0.0,11.8,11.7,71.4,3.0,4.0,18.6,4.0,64.1,73.9,82.0,32.4,85.5,35.9
"A0523","San Diego","Coronado, San Diego","https://www.californiahealthmaps.org?address=A0523","Both","Kidney",331740,12.9,9.4,17.8,235535,12.0,8.2,17.9,16000,"","","",54420,"","","",13475,"","","",5,66348,0.0,11.8,11.7,71.4,3.0,4.0,18.6,4.0,64.1,73.9,82.0,32.4,85.5,35.9
"A0523","San Diego","Coronado, San Diego","https://www.californiahealthmaps.org?address=A0523","Both","Thyroid",331740,11.5,8.0,16.4,235535,10.7,6.8,16.8,16000,"","","",54420,"","","",13475,"","","",5,66348,0.0,11.8,11.7,71.4,3.0,4.0,18.6,4.0,64.1,73.9,82.0,32.4,85.5,35.9
"A0523","San Diego","Coronado, San Diego","https://www.californiahealthmaps.org?address=A0523","Both","Liver",331740,7.2,4.7,11.1,235535,6.1,3.7,10.8,16000,"","","",54420,"","","",13475,"","","",5,66348,0.0,11.8,11.7,71.4,3.0,4.0,18.6,4.0,64.1,73.9,82.0,32.4,85.5,35.9
"A0523","San Diego","Coronado, San Diego","https://www.californiahealthmaps.org?address=A0523","Both","Pancreas",331740,13.0,9.4,17.9,235535,11.5,8.0,17.1,16000,"","","",54420,"","","",13475,"","","",5,66348,0.0,11.8,11.7,71.4,3.0,4.0,18.6,4.0,64.1,73.9,82.0,32.4,85.5,35.9
