"Zone","Counties","Cities","URL","Sex","Cancer","PopTot","AAIR","LCI","UCI","White_PopTot","White_AAIR","White_LCI","White_UCI","Black_PopTot","Black_AAIR","Black_LCI","Black_UCI","Hispanic_PopTot","Hispanic_AAIR","Hispanic_LCI","Hispanic_UCI","Asian_PopTot","Asian_AAIR","Asian_LCI","Asian_UCI","QNSES","PopAll","PerRural","PerUninsured","PerForeignBorn","PerWhite","PerBlack","PerAsian","PerHispanic","PerAPI","PerDocvisit","PerFOBT","PerMammo","PerMenPrev","PerPap","PerWomenPrev"
"A0685","Kern","Bakersfield","https://www.californiahealthmaps.org?address=A0685","Male","AllSite",168980,518.0,474.3,565.7,105130,515.1,466.5,568.6,"","","","",43835,495.1,365.9,675.7,"","","","",3,69022,0.2,10.6,8.8,62.8,3.7,4.7,25.5,4.7,"","","","","",""
"A0685","Kern","Bakersfield","https://www.californiahealthmaps.org?address=A0685","Female","AllSite",176130,465.7,430.9,502.8,108890,458.6,418.9,501.4,"","","","",45180,493.4,403.2,603.8,"","","","",3,69022,0.2,10.6,8.8,62.8,3.7,4.7,25.5,4.7,"","","","","",""
"A0685","Kern","Bakersfield","https://www.californiahealthmaps.org?address=A0685","Male","Prostate",168980,120.8,100.7,145.0,105130,103.9,83.9,129.0,"","","","",43835,142.8,75.9,268.9,"","","","",3,69022,0.2,10.6,8.8,62.8,3.7,4.7,25.5,4.7,"","","","","",""
"A0685","Kern","Bakersfield","https://www.californiahealthmaps.org?address=A0685","Female","Breast",176130,134.3,116.1,155.0,108890,134.1,113.2,158.0,"","","","",45180,134.8,89.5,202.2,"","","","",3,69022,0.2,10.6,8.8,62.8,3.7,4.7,25.5,4.7,"","","","","",""
"A0685","Kern","Bakersfield","https://www.californiahealthmaps.org?address=A0685","Male","Lung",168980,71.3,54.4,92.8,105130,78.0,58.5,103.3,"","","","",43835,"","","","","","","",3,69022,0.2,10.6,8.8,62.8,3.7,4.7,25.5,4.7,"","","","","",""
"A0685","Kern","Bakersfield","https://www.californiahealthmaps.org?address=A0685","Female","Lung",176130,60.1,47.4,75.5,108890,65.2,50.3,83.2,"","","","",45180,"","","","","","","",3,69022,0.2,10.6,8.8,62.8,3.7,4.7,25.5,4.7,"","","","","",""
"A0685","Kern","Bakersfield","https://www.californiahealthmaps.org?address=A0685","Male","CRC",168980,51.8,38.1,70.0,105130,44.9,31.3,64.1,"","","","",43835,"","","","","","","",3,69022,0.2,10.6,8.8,62.8,3.7,4.7,25.5,4.7,"","","","","",""
"A0685","Kern","Bakersfield","https://www.californiahealthmaps.org?address=A0685","Female","CRC",176130,35.9,26.4,48.0,108890,36.8,25.8,51.0,"","","","",45180,"","","","","","","",3,69022,0.2,10.6,8.8,62.8,3.7,4.7,25.5,4.7,"","","","","",""
"A0685","Kern","Bakersfield","https://www.californiahealthmaps.org?address=A0685","Male","Mela",168980,35.3,25.1,49.9,105130,39.2,27.1,56.8,"","","","",43835,"","","","","","","",3,69022,0.2,10.6,8.8,62.8,3.7,4.7,25.5,4.7,"","","","","",""
"A0685","Kern","Bakersfield","https://www.californiahealthmaps.org?address=A0685","Female","Mela",176130,19.4,13.2,28.1,108890,20.0,12.6,30.7,"","","","",45180,"","","","","","","",3,69022,0.2,10.6,8.8,62.8,3.7,4.7,25.5,4.7,"","","","","",""
"A0685","Kern","Bakersfield","https://www.californiahealthmaps.org?address=A0685","Female","Uterine",176130,23.6,16.7,32.9,108890,21.2,13.8,31.6,"","","","",45180,"","","","","","","",3,69022,0.2,10.6,8.8,62.8,3.7,4.7,25.5,4.7,"","","","","",""
"A0685","Kern","Bakersfield","https://www.californiahealthmaps.org?address=A0685","Male","Lymph",168980,18.2,11.1,29.8,105130,18.7,10.6,32.8,"","","","",43835,"","","","","","","",3,69022,0.2,10.6,8.8,62.8,3.7,4.7,25.5,4.7,"","","","","",""
"A0685","Kern","Bakersfield","https://www.californiahealthmaps.org?address=A0685","Female","Lymph",176130,14.1,8.5,22.4,108890,"","","","","","","",45180,"","","","","","","",3,69022,0.2,10.6,8.8,62.8,3.7,4.7,25.5,4.7,"","","","","",""
"A0685","Kern","Bakersfield","https://www.californiahealthmaps.org?address=A0685","Male","Urinary",168980,20.3,12.3,33.0,105130,20.1,11.8,34.4,"","","","",43835,"","","","","","","",3,69022,0.2,10.6,8.8,62.8,3.7,4.7,25.5,4.7,"","","","","",""
"A0685","Kern","Bakersfield","https://www.californiahealthmaps.org?address=A0685","Female","Urinary",176130,"","","",108890,"","","","","","","",45180,"","","","","","","",3,69022,0.2,10.6,8.8,62.8,3.7,4.7,25.5,4.7,"","","","","",""
"A0685","Kern","Bakersfield","https://www.californiahealthmaps.org?address=A0685","Male","Kidney",168980,33.0,23.2,47.1,105130,30.6,19.8,47.1,"","","","",43835,"","","","","","","",3,69022,0.2,10.6,8.8,62.8,3.7,4.7,25.5,4.7,"","","","","",""
"A0685","Kern","Bakersfield","https://www.californiahealthmaps.org?address=A0685","Female","Kidney",176130,16.2,10.3,24.5,108890,15.7,9.2,25.4,"","","","",45180,"","","","","","","",3,69022,0.2,10.6,8.8,62.8,3.7,4.7,25.5,4.7,"","","","","",""
"A0685","Kern","Bakersfield","https://www.californiahealthmaps.org?address=A0685","Male","Thyroid",168980,11.5,6.1,21.7,105130,"","","","","","","",43835,"","","","","","","",3,69022,0.2,10.6,8.8,62.8,3.7,4.7,25.5,4.7,"","","","","",""
"A0685","Kern","Bakersfield","https://www.californiahealthmaps.org?address=A0685","Female","Thyroid",176130,33.3,25.0,43.8,108890,30.1,20.8,42.6,"","","","",45180,47.8,24.9,94.1,"","","","",3,69022,0.2,10.6,8.8,62.8,3.7,4.7,25.5,4.7,"","","","","",""
"A0685","Kern","Bakersfield","https://www.californiahealthmaps.org?address=A0685","Male","Liver",168980,14.7,9.2,24.8,105130,"","","","","","","",43835,"","","","","","","",3,69022,0.2,10.6,8.8,62.8,3.7,4.7,25.5,4.7,"","","","","",""
"A0685","Kern","Bakersfield","https://www.californiahealthmaps.org?address=A0685","Female","Liver",176130,"","","",108890,"","","","","","","",45180,"","","","","","","",3,69022,0.2,10.6,8.8,62.8,3.7,4.7,25.5,4.7,"","","","","",""
"A0685","Kern","Bakersfield","https://www.californiahealthmaps.org?address=A0685","Male","Pancreas",168980,17.4,9.7,30.1,105130,21.0,11.5,36.8,"","","","",43835,"","","","","","","",3,69022,0.2,10.6,8.8,62.8,3.7,4.7,25.5,4.7,"","","","","",""
"A0685","Kern","Bakersfield","https://www.californiahealthmaps.org?address=A0685","Female","Pancreas",176130,12.7,7.5,20.4,108890,"","","","","","","",45180,"","","","","","","",3,69022,0.2,10.6,8.8,62.8,3.7,4.7,25.5,4.7,"","","","","",""
"A0685","Kern","Bakersfield","https://www.californiahealthmaps.org?address=A0685","Both","AllSite",345110,482.5,455.7,510.8,214020,478.9,448.5,511.0,12705,500.1,312.9,807.7,89015,475.7,403.2,562.2,17630,398.1,281.1,561.4,3,69022,0.2,10.6,8.8,62.8,3.7,4.7,25.5,4.7,"","","","","",""
"A0685","Kern","Bakersfield","https://www.californiahealthmaps.org?address=A0685","Both","Lung",345110,63.8,53.6,75.5,214020,69.4,57.7,83.1,12705,"","","",89015,"","","",17630,"","","",3,69022,0.2,10.6,8.8,62.8,3.7,4.7,25.5,4.7,"","","","","",""
"A0685","Kern","Bakersfield","https://www.californiahealthmaps.org?address=A0685","Both","CRC",345110,42.3,34.4,51.8,214020,40.4,31.8,51.0,12705,"","","",89015,51.3,27.8,91.9,17630,"","","",3,69022,0.2,10.6,8.8,62.8,3.7,4.7,25.5,4.7,"","","","","",""
"A0685","Kern","Bakersfield","https://www.californiahealthmaps.org?address=A0685","Both","Mela",345110,26.4,20.6,33.6,214020,28.6,21.7,37.3,12705,"","","",89015,"","","",17630,"","","",3,69022,0.2,10.6,8.8,62.8,3.7,4.7,25.5,4.7,"","","","","",""
"A0685","Kern","Bakersfield","https://www.californiahealthmaps.org?address=A0685","Both","Lymph",345110,16.3,11.6,22.5,214020,14.9,9.9,21.9,12705,"","","",89015,"","","",17630,"","","",3,69022,0.2,10.6,8.8,62.8,3.7,4.7,25.5,4.7,"","","","","",""
"A0685","Kern","Bakersfield","https://www.californiahealthmaps.org?address=A0685","Both","Urinary",345110,12.4,8.3,18.2,214020,12.9,8.3,19.4,12705,"","","",89015,"","","",17630,"","","",3,69022,0.2,10.6,8.8,62.8,3.7,4.7,25.5,4.7,"","","","","",""
"A0685","Kern","Bakersfield","https://www.californiahealthmaps.org?address=A0685","Both","Kidney",345110,23.5,18.1,30.4,214020,22.0,16.0,29.8,12705,"","","",89015,"","","",17630,"","","",3,69022,0.2,10.6,8.8,62.8,3.7,4.7,25.5,4.7,"","","","","",""
"A0685","Kern","Bakersfield","https://www.californiahealthmaps.org?address=A0685","Both","Thyroid",345110,22.4,17.5,28.8,214020,21.0,15.3,28.5,12705,"","","",89015,29.5,15.7,59.8,17630,"","","",3,69022,0.2,10.6,8.8,62.8,3.7,4.7,25.5,4.7,"","","","","",""
"A0685","Kern","Bakersfield","https://www.californiahealthmaps.org?address=A0685","Both","Liver",345110,11.6,7.9,16.9,214020,8.2,4.6,13.7,12705,"","","",89015,36.7,19.6,70.4,17630,"","","",3,69022,0.2,10.6,8.8,62.8,3.7,4.7,25.5,4.7,"","","","","",""
"A0685","Kern","Bakersfield","https://www.californiahealthmaps.org?address=A0685","Both","Pancreas",345110,14.1,9.8,20.0,214020,14.0,9.2,20.7,12705,"","","",89015,"","","",17630,"","","",3,69022,0.2,10.6,8.8,62.8,3.7,4.7,25.5,4.7,"","","","","",""
