"Zone","Counties","Cities","URL","Sex","Cancer","PopTot","AAIR","LCI","UCI","White_PopTot","White_AAIR","White_LCI","White_UCI","Black_PopTot","Black_AAIR","Black_LCI","Black_UCI","Hispanic_PopTot","Hispanic_AAIR","Hispanic_LCI","Hispanic_UCI","Asian_PopTot","Asian_AAIR","Asian_LCI","Asian_UCI","QNSES","PopAll","PerRural","PerUninsured","PerForeignBorn","PerWhite","PerBlack","PerAsian","PerHispanic"
"A0378","San Luis Obispo","San Luis Obispo","https://www.californiahealthmaps.org?address=A0378","Male","AllSite",173885,441.2,402.4,483.7,112380,417.0,375.5,464.3,14560,454.6,179.7,1497.0,30560,675.4,482.1,932.8,"","","","",3,60155,2.9,12.3,9.9,69.0,4.6,6.4,16.9
"A0378","San Luis Obispo","San Luis Obispo","https://www.californiahealthmaps.org?address=A0378","Female","AllSite",126890,424.0,385.1,466.8,96740,418.1,375.5,466.5,"","","","",17600,367.0,243.6,543.1,"","","","",3,60155,2.9,12.3,9.9,69.0,4.6,6.4,16.9
"A0378","San Luis Obispo","San Luis Obispo","https://www.californiahealthmaps.org?address=A0378","Male","Prostate",173885,105.6,87.4,127.7,112380,91.2,72.6,116.0,14560,"","","",30560,"","","","","","","",3,60155,2.9,12.3,9.9,69.0,4.6,6.4,16.9
"A0378","San Luis Obispo","San Luis Obispo","https://www.californiahealthmaps.org?address=A0378","Female","Breast",126890,148.6,125.7,175.6,96740,152.3,126.6,184.3,"","","","",17600,"","","","","","","",3,60155,2.9,12.3,9.9,69.0,4.6,6.4,16.9
"A0378","San Luis Obispo","San Luis Obispo","https://www.californiahealthmaps.org?address=A0378","Male","Lung",173885,58.9,44.4,77.6,112380,56.4,41.3,78.3,14560,"","","",30560,"","","","","","","",3,60155,2.9,12.3,9.9,69.0,4.6,6.4,16.9
"A0378","San Luis Obispo","San Luis Obispo","https://www.californiahealthmaps.org?address=A0378","Female","Lung",126890,35.8,26.1,49.6,96740,37.1,26.7,54.1,"","","","",17600,"","","","","","","",3,60155,2.9,12.3,9.9,69.0,4.6,6.4,16.9
"A0378","San Luis Obispo","San Luis Obispo","https://www.californiahealthmaps.org?address=A0378","Male","CRC",173885,28.1,19.1,41.4,112380,27.0,17.3,44.0,14560,"","","",30560,"","","","","","","",3,60155,2.9,12.3,9.9,69.0,4.6,6.4,16.9
"A0378","San Luis Obispo","San Luis Obispo","https://www.californiahealthmaps.org?address=A0378","Female","CRC",126890,28.7,19.6,42.4,96740,28.2,18.3,45.2,"","","","",17600,"","","","","","","",3,60155,2.9,12.3,9.9,69.0,4.6,6.4,16.9
"A0378","San Luis Obispo","San Luis Obispo","https://www.californiahealthmaps.org?address=A0378","Male","Mela",173885,48.7,36.6,64.8,112380,52.4,38.3,73.2,14560,"","","",30560,"","","","","","","",3,60155,2.9,12.3,9.9,69.0,4.6,6.4,16.9
"A0378","San Luis Obispo","San Luis Obispo","https://www.californiahealthmaps.org?address=A0378","Female","Mela",126890,50.2,37.3,67.6,96740,48.2,34.0,69.2,"","","","",17600,"","","","","","","",3,60155,2.9,12.3,9.9,69.0,4.6,6.4,16.9
"A0378","San Luis Obispo","San Luis Obispo","https://www.californiahealthmaps.org?address=A0378","Female","Uterine",126890,17.1,10.1,28.7,96740,14.7,8.2,28.7,"","","","",17600,"","","","","","","",3,60155,2.9,12.3,9.9,69.0,4.6,6.4,16.9
"A0378","San Luis Obispo","San Luis Obispo","https://www.californiahealthmaps.org?address=A0378","Male","Lymph",173885,27.7,18.6,41.1,112380,23.5,14.3,40.1,14560,"","","",30560,"","","","","","","",3,60155,2.9,12.3,9.9,69.0,4.6,6.4,16.9
"A0378","San Luis Obispo","San Luis Obispo","https://www.californiahealthmaps.org?address=A0378","Female","Lymph",126890,23.2,14.5,36.7,96740,22.3,13.1,38.9,"","","","",17600,"","","","","","","",3,60155,2.9,12.3,9.9,69.0,4.6,6.4,16.9
"A0378","San Luis Obispo","San Luis Obispo","https://www.californiahealthmaps.org?address=A0378","Male","Urinary",173885,19.0,11.7,30.7,112380,20.3,12.2,35.9,14560,"","","",30560,"","","","","","","",3,60155,2.9,12.3,9.9,69.0,4.6,6.4,16.9
"A0378","San Luis Obispo","San Luis Obispo","https://www.californiahealthmaps.org?address=A0378","Female","Urinary",126890,5.7,2.1,14.5,96740,"","","","","","","",17600,"","","","","","","",3,60155,2.9,12.3,9.9,69.0,4.6,6.4,16.9
"A0378","San Luis Obispo","San Luis Obispo","https://www.californiahealthmaps.org?address=A0378","Male","Kidney",173885,13.6,7.7,23.9,112380,15.9,8.9,30.5,14560,"","","",30560,"","","","","","","",3,60155,2.9,12.3,9.9,69.0,4.6,6.4,16.9
"A0378","San Luis Obispo","San Luis Obispo","https://www.californiahealthmaps.org?address=A0378","Female","Kidney",126890,11.9,6.1,22.7,96740,"","","","","","","",17600,"","","","","","","",3,60155,2.9,12.3,9.9,69.0,4.6,6.4,16.9
"A0378","San Luis Obispo","San Luis Obispo","https://www.californiahealthmaps.org?address=A0378","Male","Thyroid",173885,6.1,2.4,14.8,112380,"","","",14560,"","","",30560,"","","","","","","",3,60155,2.9,12.3,9.9,69.0,4.6,6.4,16.9
"A0378","San Luis Obispo","San Luis Obispo","https://www.californiahealthmaps.org?address=A0378","Female","Thyroid",126890,11.9,5.6,23.3,96740,"","","","","","","",17600,"","","","","","","",3,60155,2.9,12.3,9.9,69.0,4.6,6.4,16.9
"A0378","San Luis Obispo","San Luis Obispo","https://www.californiahealthmaps.org?address=A0378","Both","AllSite",300775,418.4,392.2,446.5,209120,409.7,380.7,441.4,15525,316.7,146.6,1035.3,48160,487.0,379.5,619.4,16065,374.3,238.0,573.2,3,60155,2.9,12.3,9.9,69.0,4.6,6.4,16.9
"A0378","San Luis Obispo","San Luis Obispo","https://www.californiahealthmaps.org?address=A0378","Both","Lung",300775,46.4,37.9,57.0,209120,45.9,36.8,58.0,15525,"","","",48160,"","","",16065,"","","",3,60155,2.9,12.3,9.9,69.0,4.6,6.4,16.9
"A0378","San Luis Obispo","San Luis Obispo","https://www.californiahealthmaps.org?address=A0378","Both","CRC",300775,28.2,21.7,36.6,209120,27.7,20.5,38.0,15525,"","","",48160,"","","",16065,"","","",3,60155,2.9,12.3,9.9,69.0,4.6,6.4,16.9
"A0378","San Luis Obispo","San Luis Obispo","https://www.californiahealthmaps.org?address=A0378","Both","Mela",300775,47.7,39.1,58.1,209120,49.7,39.7,62.7,15525,"","","",48160,"","","",16065,"","","",3,60155,2.9,12.3,9.9,69.0,4.6,6.4,16.9
"A0378","San Luis Obispo","San Luis Obispo","https://www.californiahealthmaps.org?address=A0378","Both","Lymph",300775,24.7,18.5,33.0,209120,22.3,15.8,32.1,15525,"","","",48160,"","","",16065,"","","",3,60155,2.9,12.3,9.9,69.0,4.6,6.4,16.9
"A0378","San Luis Obispo","San Luis Obispo","https://www.californiahealthmaps.org?address=A0378","Both","Urinary",300775,11.1,7.2,17.0,209120,11.3,7.2,18.9,15525,"","","",48160,"","","",16065,"","","",3,60155,2.9,12.3,9.9,69.0,4.6,6.4,16.9
"A0378","San Luis Obispo","San Luis Obispo","https://www.californiahealthmaps.org?address=A0378","Both","Kidney",300775,12.0,8.0,18.2,209120,14.5,9.3,23.1,15525,"","","",48160,"","","",16065,"","","",3,60155,2.9,12.3,9.9,69.0,4.6,6.4,16.9
"A0378","San Luis Obispo","San Luis Obispo","https://www.californiahealthmaps.org?address=A0378","Both","Thyroid",300775,7.7,4.5,13.2,209120,"","","",15525,"","","",48160,"","","",16065,"","","",3,60155,2.9,12.3,9.9,69.0,4.6,6.4,16.9
