"Zone","Counties","Cities","URL","Sex","Cancer","PopTot","AAIR","LCI","UCI","White_PopTot","White_AAIR","White_LCI","White_UCI","Black_PopTot","Black_AAIR","Black_LCI","Black_UCI","Hispanic_PopTot","Hispanic_AAIR","Hispanic_LCI","Hispanic_UCI","Asian_PopTot","Asian_AAIR","Asian_LCI","Asian_UCI","QNSES","PopAll","PerRural","PerUninsured","PerForeignBorn","PerWhite","PerBlack","PerAsian","PerHispanic"
"A0568","Merced","Los Banos","https://www.californiahealthmaps.org?address=A0568","Male","AllSite",144240,441.4,402.9,482.8,42875,402.4,350.5,461.7,"","","","",91115,493.1,421.8,575.3,"","","","",1,57367,18.8,21.2,27.2,27.6,2.3,2.6,66.0
"A0568","Merced","Los Banos","https://www.californiahealthmaps.org?address=A0568","Female","AllSite",142595,418.8,383.7,456.5,44895,406.4,355.5,464.5,"","","","",86990,427.3,366.8,496.9,"","","","",1,57367,18.8,21.2,27.2,27.6,2.3,2.6,66.0
"A0568","Merced","Los Banos","https://www.californiahealthmaps.org?address=A0568","Male","Prostate",144240,94.2,76.9,114.5,42875,62.5,44.1,88.7,"","","","",91115,120.8,85.7,168.0,"","","","",1,57367,18.8,21.2,27.2,27.6,2.3,2.6,66.0
"A0568","Merced","Los Banos","https://www.californiahealthmaps.org?address=A0568","Female","Breast",142595,114.4,96.3,134.9,44895,119.0,91.5,154.4,"","","","",86990,100.0,72.4,137.2,"","","","",1,57367,18.8,21.2,27.2,27.6,2.3,2.6,66.0
"A0568","Merced","Los Banos","https://www.californiahealthmaps.org?address=A0568","Male","Lung",144240,58.1,44.0,75.4,42875,55.9,38.4,81.4,"","","","",91115,76.2,47.3,118.2,"","","","",1,57367,18.8,21.2,27.2,27.6,2.3,2.6,66.0
"A0568","Merced","Los Banos","https://www.californiahealthmaps.org?address=A0568","Female","Lung",142595,43.4,32.4,57.1,44895,57.7,41.0,82.2,"","","","",86990,"","","","","","","",1,57367,18.8,21.2,27.2,27.6,2.3,2.6,66.0
"A0568","Merced","Los Banos","https://www.californiahealthmaps.org?address=A0568","Male","CRC",144240,56.0,42.9,72.1,42875,55.5,37.0,82.4,"","","","",91115,61.4,39.5,94.9,"","","","",1,57367,18.8,21.2,27.2,27.6,2.3,2.6,66.0
"A0568","Merced","Los Banos","https://www.californiahealthmaps.org?address=A0568","Female","CRC",142595,35.1,25.7,47.2,44895,35.6,22.8,56.6,"","","","",86990,35.0,19.4,61.2,"","","","",1,57367,18.8,21.2,27.2,27.6,2.3,2.6,66.0
"A0568","Merced","Los Banos","https://www.californiahealthmaps.org?address=A0568","Male","Mela",144240,22.2,14.3,33.3,42875,"","","","","","","",91115,"","","","","","","",1,57367,18.8,21.2,27.2,27.6,2.3,2.6,66.0
"A0568","Merced","Los Banos","https://www.californiahealthmaps.org?address=A0568","Female","Mela",142595,9.2,4.7,16.4,44895,"","","","","","","",86990,"","","","","","","",1,57367,18.8,21.2,27.2,27.6,2.3,2.6,66.0
"A0568","Merced","Los Banos","https://www.californiahealthmaps.org?address=A0568","Female","Uterine",142595,24.0,16.1,34.6,44895,"","","","","","","",86990,27.0,14.7,49.5,"","","","",1,57367,18.8,21.2,27.2,27.6,2.3,2.6,66.0
"A0568","Merced","Los Banos","https://www.californiahealthmaps.org?address=A0568","Male","Lymph",144240,20.3,12.5,31.4,42875,"","","","","","","",91115,"","","","","","","",1,57367,18.8,21.2,27.2,27.6,2.3,2.6,66.0
"A0568","Merced","Los Banos","https://www.californiahealthmaps.org?address=A0568","Female","Lymph",142595,17.6,11.1,26.9,44895,"","","","","","","",86990,"","","","","","","",1,57367,18.8,21.2,27.2,27.6,2.3,2.6,66.0
"A0568","Merced","Los Banos","https://www.californiahealthmaps.org?address=A0568","Male","Urinary",144240,12.4,6.5,21.7,42875,"","","","","","","",91115,"","","","","","","",1,57367,18.8,21.2,27.2,27.6,2.3,2.6,66.0
"A0568","Merced","Los Banos","https://www.californiahealthmaps.org?address=A0568","Female","Urinary",142595,2.3,0.5,7.2,44895,"","","","","","","",86990,"","","","","","","",1,57367,18.8,21.2,27.2,27.6,2.3,2.6,66.0
"A0568","Merced","Los Banos","https://www.californiahealthmaps.org?address=A0568","Male","Kidney",144240,19.9,12.4,30.6,42875,"","","","","","","",91115,"","","","","","","",1,57367,18.8,21.2,27.2,27.6,2.3,2.6,66.0
"A0568","Merced","Los Banos","https://www.californiahealthmaps.org?address=A0568","Female","Kidney",142595,16.1,9.8,25.2,44895,"","","","","","","",86990,"","","","","","","",1,57367,18.8,21.2,27.2,27.6,2.3,2.6,66.0
"A0568","Merced","Los Banos","https://www.californiahealthmaps.org?address=A0568","Male","Thyroid",144240,7.8,3.7,15.2,42875,"","","","","","","",91115,"","","","","","","",1,57367,18.8,21.2,27.2,27.6,2.3,2.6,66.0
"A0568","Merced","Los Banos","https://www.californiahealthmaps.org?address=A0568","Female","Thyroid",142595,21.6,14.3,31.5,44895,"","","","","","","",86990,27.7,16.5,48.5,"","","","",1,57367,18.8,21.2,27.2,27.6,2.3,2.6,66.0
"A0568","Merced","Los Banos","https://www.californiahealthmaps.org?address=A0568","Both","AllSite",286835,427.2,401.3,454.4,87770,402.9,366.4,443.0,"","","","",178105,456.6,409.9,508.2,"","","","",1,57367,18.8,21.2,27.2,27.6,2.3,2.6,66.0
"A0568","Merced","Los Banos","https://www.californiahealthmaps.org?address=A0568","Both","Lung",286835,49.7,40.8,60.0,87770,56.6,44.3,72.6,"","","","",178105,51.4,34.9,73.8,"","","","",1,57367,18.8,21.2,27.2,27.6,2.3,2.6,66.0
"A0568","Merced","Los Banos","https://www.californiahealthmaps.org?address=A0568","Both","CRC",286835,45.0,36.9,54.4,87770,44.4,33.2,59.5,"","","","",178105,47.9,34.1,66.9,"","","","",1,57367,18.8,21.2,27.2,27.6,2.3,2.6,66.0
"A0568","Merced","Los Banos","https://www.californiahealthmaps.org?address=A0568","Both","Mela",286835,15.7,11.0,21.8,87770,15.7,9.4,26.1,"","","","",178105,"","","","","","","",1,57367,18.8,21.2,27.2,27.6,2.3,2.6,66.0
"A0568","Merced","Los Banos","https://www.californiahealthmaps.org?address=A0568","Both","Lymph",286835,18.9,13.7,25.5,87770,19.8,12.5,31.2,"","","","",178105,"","","","","","","",1,57367,18.8,21.2,27.2,27.6,2.3,2.6,66.0
"A0568","Merced","Los Banos","https://www.californiahealthmaps.org?address=A0568","Both","Urinary",286835,7.0,4.0,11.6,87770,"","","","","","","",178105,"","","","","","","",1,57367,18.8,21.2,27.2,27.6,2.3,2.6,66.0
"A0568","Merced","Los Banos","https://www.californiahealthmaps.org?address=A0568","Both","Kidney",286835,17.9,12.9,24.4,87770,19.0,11.5,30.8,"","","","",178105,18.0,10.0,31.5,"","","","",1,57367,18.8,21.2,27.2,27.6,2.3,2.6,66.0
"A0568","Merced","Los Banos","https://www.californiahealthmaps.org?address=A0568","Both","Thyroid",286835,14.7,10.4,20.4,87770,"","","","","","","",178105,17.7,11.2,29.2,"","","","",1,57367,18.8,21.2,27.2,27.6,2.3,2.6,66.0
