"Zone","Counties","Cities","URL","Sex","Cancer","PopTot","AAIR","LCI","UCI","White_PopTot","White_AAIR","White_LCI","White_UCI","Black_PopTot","Black_AAIR","Black_LCI","Black_UCI","Hispanic_PopTot","Hispanic_AAIR","Hispanic_LCI","Hispanic_UCI","Asian_PopTot","Asian_AAIR","Asian_LCI","Asian_UCI","QNSES","PopAll","PerRural","PerUninsured","PerForeignBorn","PerWhite","PerBlack","PerAsian","PerHispanic","PerAPI","PerDocvisit","PerFOBT","PerMammo","PerMenPrev","PerPap","PerWomenPrev"
"A1019","San Luis Obispo","Paso Robles, Arroyo Grande, Atascadero","https://www.californiahealthmaps.org?address=A1019","Male","AllSite",188135,500.4,470.9,531.5,144985,474.1,443.2,507.3,"","","","",30795,415.8,318.0,538.9,"","","","",3,75173,34.9,12.7,7.4,77.7,1.7,1.5,16.3,1.5,"","","","","",""
"A1019","San Luis Obispo","Paso Robles, Arroyo Grande, Atascadero","https://www.californiahealthmaps.org?address=A1019","Female","AllSite",187730,458.5,431.1,487.6,148415,448.3,418.9,480.0,"","","","",28225,446.9,349.2,568.9,"","","","",3,75173,34.9,12.7,7.4,77.7,1.7,1.5,16.3,1.5,"","","","","",""
"A1019","San Luis Obispo","Paso Robles, Arroyo Grande, Atascadero","https://www.californiahealthmaps.org?address=A1019","Male","Prostate",188135,120.2,106.6,135.6,144985,96.2,83.4,111.2,"","","","",30795,116.7,66.3,195.2,"","","","",3,75173,34.9,12.7,7.4,77.7,1.7,1.5,16.3,1.5,"","","","","",""
"A1019","San Luis Obispo","Paso Robles, Arroyo Grande, Atascadero","https://www.californiahealthmaps.org?address=A1019","Female","Breast",187730,163.4,147.1,181.4,148415,166.2,148.2,186.4,"","","","",28225,148.6,97.4,224.7,"","","","",3,75173,34.9,12.7,7.4,77.7,1.7,1.5,16.3,1.5,"","","","","",""
"A1019","San Luis Obispo","Paso Robles, Arroyo Grande, Atascadero","https://www.californiahealthmaps.org?address=A1019","Male","Lung",188135,51.5,42.3,62.4,144985,54.7,44.7,67.0,"","","","",30795,"","","","","","","",3,75173,34.9,12.7,7.4,77.7,1.7,1.5,16.3,1.5,"","","","","",""
"A1019","San Luis Obispo","Paso Robles, Arroyo Grande, Atascadero","https://www.californiahealthmaps.org?address=A1019","Female","Lung",187730,40.2,32.7,49.6,148415,40.2,32.3,50.5,"","","","",28225,"","","","","","","",3,75173,34.9,12.7,7.4,77.7,1.7,1.5,16.3,1.5,"","","","","",""
"A1019","San Luis Obispo","Paso Robles, Arroyo Grande, Atascadero","https://www.californiahealthmaps.org?address=A1019","Male","CRC",188135,38.1,30.4,47.7,144985,37.4,29.1,48.1,"","","","",30795,"","","","","","","",3,75173,34.9,12.7,7.4,77.7,1.7,1.5,16.3,1.5,"","","","","",""
"A1019","San Luis Obispo","Paso Robles, Arroyo Grande, Atascadero","https://www.californiahealthmaps.org?address=A1019","Female","CRC",187730,38.6,31.2,47.7,148415,37.4,29.6,47.6,"","","","",28225,"","","","","","","",3,75173,34.9,12.7,7.4,77.7,1.7,1.5,16.3,1.5,"","","","","",""
"A1019","San Luis Obispo","Paso Robles, Arroyo Grande, Atascadero","https://www.californiahealthmaps.org?address=A1019","Male","Mela",188135,62.4,52.0,74.6,144985,59.4,48.4,72.9,"","","","",30795,"","","","","","","",3,75173,34.9,12.7,7.4,77.7,1.7,1.5,16.3,1.5,"","","","","",""
"A1019","San Luis Obispo","Paso Robles, Arroyo Grande, Atascadero","https://www.californiahealthmaps.org?address=A1019","Female","Mela",187730,41.0,32.8,51.1,148415,31.6,23.8,41.9,"","","","",28225,"","","","","","","",3,75173,34.9,12.7,7.4,77.7,1.7,1.5,16.3,1.5,"","","","","",""
"A1019","San Luis Obispo","Paso Robles, Arroyo Grande, Atascadero","https://www.californiahealthmaps.org?address=A1019","Female","Uterine",187730,20.6,15.4,27.5,148415,22.0,16.4,30.1,"","","","",28225,"","","","","","","",3,75173,34.9,12.7,7.4,77.7,1.7,1.5,16.3,1.5,"","","","","",""
"A1019","San Luis Obispo","Paso Robles, Arroyo Grande, Atascadero","https://www.californiahealthmaps.org?address=A1019","Male","Lymph",188135,27.9,21.3,36.4,144985,27.5,20.6,37.0,"","","","",30795,"","","","","","","",3,75173,34.9,12.7,7.4,77.7,1.7,1.5,16.3,1.5,"","","","","",""
"A1019","San Luis Obispo","Paso Robles, Arroyo Grande, Atascadero","https://www.californiahealthmaps.org?address=A1019","Female","Lymph",187730,20.8,15.4,28.2,148415,16.4,11.4,23.8,"","","","",28225,"","","","","","","",3,75173,34.9,12.7,7.4,77.7,1.7,1.5,16.3,1.5,"","","","","",""
"A1019","San Luis Obispo","Paso Robles, Arroyo Grande, Atascadero","https://www.californiahealthmaps.org?address=A1019","Male","Urinary",188135,17.2,12.1,24.2,144985,17.0,11.7,25.0,"","","","",30795,"","","","","","","",3,75173,34.9,12.7,7.4,77.7,1.7,1.5,16.3,1.5,"","","","","",""
"A1019","San Luis Obispo","Paso Robles, Arroyo Grande, Atascadero","https://www.californiahealthmaps.org?address=A1019","Female","Urinary",187730,"","","",148415,"","","","","","","",28225,"","","","","","","",3,75173,34.9,12.7,7.4,77.7,1.7,1.5,16.3,1.5,"","","","","",""
"A1019","San Luis Obispo","Paso Robles, Arroyo Grande, Atascadero","https://www.californiahealthmaps.org?address=A1019","Male","Kidney",188135,23.8,17.6,31.9,144985,23.1,16.5,32.4,"","","","",30795,"","","","","","","",3,75173,34.9,12.7,7.4,77.7,1.7,1.5,16.3,1.5,"","","","","",""
"A1019","San Luis Obispo","Paso Robles, Arroyo Grande, Atascadero","https://www.californiahealthmaps.org?address=A1019","Female","Kidney",187730,5.9,3.2,10.6,148415,6.8,3.7,12.7,"","","","",28225,"","","","","","","",3,75173,34.9,12.7,7.4,77.7,1.7,1.5,16.3,1.5,"","","","","",""
"A1019","San Luis Obispo","Paso Robles, Arroyo Grande, Atascadero","https://www.californiahealthmaps.org?address=A1019","Male","Thyroid",188135,"","","",144985,"","","","","","","",30795,"","","","","","","",3,75173,34.9,12.7,7.4,77.7,1.7,1.5,16.3,1.5,"","","","","",""
"A1019","San Luis Obispo","Paso Robles, Arroyo Grande, Atascadero","https://www.californiahealthmaps.org?address=A1019","Female","Thyroid",187730,12.4,8.0,18.9,148415,13.8,8.4,21.9,"","","","",28225,"","","","","","","",3,75173,34.9,12.7,7.4,77.7,1.7,1.5,16.3,1.5,"","","","","",""
"A1019","San Luis Obispo","Paso Robles, Arroyo Grande, Atascadero","https://www.californiahealthmaps.org?address=A1019","Male","Liver",188135,11.4,7.4,17.2,144985,9.1,5.5,15.5,"","","","",30795,"","","","","","","",3,75173,34.9,12.7,7.4,77.7,1.7,1.5,16.3,1.5,"","","","","",""
"A1019","San Luis Obispo","Paso Robles, Arroyo Grande, Atascadero","https://www.californiahealthmaps.org?address=A1019","Female","Liver",187730,"","","",148415,"","","","","","","",28225,"","","","","","","",3,75173,34.9,12.7,7.4,77.7,1.7,1.5,16.3,1.5,"","","","","",""
"A1019","San Luis Obispo","Paso Robles, Arroyo Grande, Atascadero","https://www.californiahealthmaps.org?address=A1019","Male","Pancreas",188135,11.0,7.1,16.9,144985,11.7,7.3,18.9,"","","","",30795,"","","","","","","",3,75173,34.9,12.7,7.4,77.7,1.7,1.5,16.3,1.5,"","","","","",""
"A1019","San Luis Obispo","Paso Robles, Arroyo Grande, Atascadero","https://www.californiahealthmaps.org?address=A1019","Female","Pancreas",187730,13.1,9.0,19.2,148415,12.3,8.1,19.0,"","","","",28225,"","","","","","","",3,75173,34.9,12.7,7.4,77.7,1.7,1.5,16.3,1.5,"","","","","",""
"A1019","San Luis Obispo","Paso Robles, Arroyo Grande, Atascadero","https://www.californiahealthmaps.org?address=A1019","Both","AllSite",375865,477.2,457.1,498.1,293400,459.3,438.0,481.7,"","","","",59020,427.5,357.7,508.8,"","","","",3,75173,34.9,12.7,7.4,77.7,1.7,1.5,16.3,1.5,"","","","","",""
"A1019","San Luis Obispo","Paso Robles, Arroyo Grande, Atascadero","https://www.californiahealthmaps.org?address=A1019","Both","Lung",375865,45.2,39.3,51.9,293400,46.7,40.4,54.1,"","","","",59020,"","","","","","","",3,75173,34.9,12.7,7.4,77.7,1.7,1.5,16.3,1.5,"","","","","",""
"A1019","San Luis Obispo","Paso Robles, Arroyo Grande, Atascadero","https://www.californiahealthmaps.org?address=A1019","Both","CRC",375865,38.2,32.9,44.5,293400,37.4,31.7,44.3,"","","","",59020,"","","","","","","",3,75173,34.9,12.7,7.4,77.7,1.7,1.5,16.3,1.5,"","","","","",""
"A1019","San Luis Obispo","Paso Robles, Arroyo Grande, Atascadero","https://www.californiahealthmaps.org?address=A1019","Both","Mela",375865,51.0,44.4,58.5,293400,44.5,37.8,52.5,"","","","",59020,"","","","","","","",3,75173,34.9,12.7,7.4,77.7,1.7,1.5,16.3,1.5,"","","","","",""
"A1019","San Luis Obispo","Paso Robles, Arroyo Grande, Atascadero","https://www.californiahealthmaps.org?address=A1019","Both","Lymph",375865,24.4,20.1,29.7,293400,21.9,17.6,27.4,"","","","",59020,50.0,27.0,86.4,"","","","",3,75173,34.9,12.7,7.4,77.7,1.7,1.5,16.3,1.5,"","","","","",""
"A1019","San Luis Obispo","Paso Robles, Arroyo Grande, Atascadero","https://www.californiahealthmaps.org?address=A1019","Both","Urinary",375865,11.1,8.2,14.8,293400,10.8,7.8,14.9,"","","","",59020,"","","","","","","",3,75173,34.9,12.7,7.4,77.7,1.7,1.5,16.3,1.5,"","","","","",""
"A1019","San Luis Obispo","Paso Robles, Arroyo Grande, Atascadero","https://www.californiahealthmaps.org?address=A1019","Both","Kidney",375865,14.4,11.1,18.7,293400,14.6,11.0,19.5,"","","","",59020,"","","","","","","",3,75173,34.9,12.7,7.4,77.7,1.7,1.5,16.3,1.5,"","","","","",""
"A1019","San Luis Obispo","Paso Robles, Arroyo Grande, Atascadero","https://www.californiahealthmaps.org?address=A1019","Both","Thyroid",375865,9.3,6.5,13.0,293400,10.3,7.0,15.0,"","","","",59020,"","","","","","","",3,75173,34.9,12.7,7.4,77.7,1.7,1.5,16.3,1.5,"","","","","",""
"A1019","San Luis Obispo","Paso Robles, Arroyo Grande, Atascadero","https://www.californiahealthmaps.org?address=A1019","Both","Liver",375865,7.0,4.8,10.2,293400,6.1,4.0,9.5,"","","","",59020,"","","","","","","",3,75173,34.9,12.7,7.4,77.7,1.7,1.5,16.3,1.5,"","","","","",""
"A1019","San Luis Obispo","Paso Robles, Arroyo Grande, Atascadero","https://www.californiahealthmaps.org?address=A1019","Both","Pancreas",375865,12.3,9.3,16.3,293400,12.2,9.0,16.7,"","","","",59020,"","","","","","","",3,75173,34.9,12.7,7.4,77.7,1.7,1.5,16.3,1.5,"","","","","",""
