"Zone","Counties","Cities","URL","Sex","Cancer","PopTot","AAIR","LCI","UCI","White_PopTot","White_AAIR","White_LCI","White_UCI","Black_PopTot","Black_AAIR","Black_LCI","Black_UCI","Hispanic_PopTot","Hispanic_AAIR","Hispanic_LCI","Hispanic_UCI","Asian_PopTot","Asian_AAIR","Asian_LCI","Asian_UCI","QNSES","PopAll","PerRural","PerUninsured","PerForeignBorn","PerWhite","PerBlack","PerAsian","PerHispanic"
"A0436","Orange","Huntington Beach","https://www.californiahealthmaps.org?address=A0436","Male","AllSite",162955,490.7,455.9,527.8,108850,505.2,465.3,548.5,"","","","",33045,372.1,273.3,501.9,14200,354.9,263.0,474.4,5,64976,0.0,14.0,17.1,65.8,0.7,8.8,21.8
"A0436","Orange","Huntington Beach","https://www.californiahealthmaps.org?address=A0436","Female","AllSite",161925,465.6,434.2,498.9,105195,498.5,460.7,539.5,"","","","",32490,348.5,266.2,453.4,17770,436.4,348.7,546.3,5,64976,0.0,14.0,17.1,65.8,0.7,8.8,21.8
"A0436","Orange","Huntington Beach","https://www.californiahealthmaps.org?address=A0436","Male","Prostate",162955,108.4,92.8,126.2,108850,96.1,79.8,115.7,"","","","",33045,112.8,60.5,199.4,14200,"","","",5,64976,0.0,14.0,17.1,65.8,0.7,8.8,21.8
"A0436","Orange","Huntington Beach","https://www.californiahealthmaps.org?address=A0436","Female","Breast",161925,157.2,139.4,176.9,105195,175.5,153.6,200.8,"","","","",32490,76.9,44.2,133.1,17770,134.4,89.9,202.1,5,64976,0.0,14.0,17.1,65.8,0.7,8.8,21.8
"A0436","Orange","Huntington Beach","https://www.californiahealthmaps.org?address=A0436","Male","Lung",162955,49.1,37.9,62.8,108850,52.7,39.8,69.3,"","","","",33045,"","","",14200,"","","",5,64976,0.0,14.0,17.1,65.8,0.7,8.8,21.8
"A0436","Orange","Huntington Beach","https://www.californiahealthmaps.org?address=A0436","Female","Lung",161925,49.5,39.4,61.7,105195,50.0,38.5,65.0,"","","","",32490,"","","",17770,"","","",5,64976,0.0,14.0,17.1,65.8,0.7,8.8,21.8
"A0436","Orange","Huntington Beach","https://www.californiahealthmaps.org?address=A0436","Male","CRC",162955,36.1,27.4,47.0,108850,38.4,28.2,52.1,"","","","",33045,"","","",14200,"","","",5,64976,0.0,14.0,17.1,65.8,0.7,8.8,21.8
"A0436","Orange","Huntington Beach","https://www.californiahealthmaps.org?address=A0436","Female","CRC",161925,27.9,20.7,37.2,105195,29.3,20.9,41.4,"","","","",32490,"","","",17770,"","","",5,64976,0.0,14.0,17.1,65.8,0.7,8.8,21.8
"A0436","Orange","Huntington Beach","https://www.californiahealthmaps.org?address=A0436","Male","Mela",162955,69.3,56.7,84.1,108850,82.8,67.3,101.8,"","","","",33045,"","","",14200,"","","",5,64976,0.0,14.0,17.1,65.8,0.7,8.8,21.8
"A0436","Orange","Huntington Beach","https://www.californiahealthmaps.org?address=A0436","Female","Mela",161925,36.1,27.8,46.5,105195,44.5,33.6,59.1,"","","","",32490,"","","",17770,"","","",5,64976,0.0,14.0,17.1,65.8,0.7,8.8,21.8
"A0436","Orange","Huntington Beach","https://www.californiahealthmaps.org?address=A0436","Female","Uterine",161925,29.0,21.8,38.1,105195,32.6,24.0,44.9,"","","","",32490,"","","",17770,"","","",5,64976,0.0,14.0,17.1,65.8,0.7,8.8,21.8
"A0436","Orange","Huntington Beach","https://www.californiahealthmaps.org?address=A0436","Male","Lymph",162955,19.6,13.0,28.7,108850,17.9,10.9,28.9,"","","","",33045,"","","",14200,"","","",5,64976,0.0,14.0,17.1,65.8,0.7,8.8,21.8
"A0436","Orange","Huntington Beach","https://www.californiahealthmaps.org?address=A0436","Female","Lymph",161925,13.7,8.8,20.7,105195,"","","","","","","",32490,"","","",17770,"","","",5,64976,0.0,14.0,17.1,65.8,0.7,8.8,21.8
"A0436","Orange","Huntington Beach","https://www.californiahealthmaps.org?address=A0436","Male","Urinary",162955,16.2,10.0,25.0,108850,15.1,8.6,25.7,"","","","",33045,"","","",14200,"","","",5,64976,0.0,14.0,17.1,65.8,0.7,8.8,21.8
"A0436","Orange","Huntington Beach","https://www.californiahealthmaps.org?address=A0436","Female","Urinary",161925,3.9,1.5,8.6,105195,"","","","","","","",32490,"","","",17770,"","","",5,64976,0.0,14.0,17.1,65.8,0.7,8.8,21.8
"A0436","Orange","Huntington Beach","https://www.californiahealthmaps.org?address=A0436","Male","Kidney",162955,19.0,13.1,27.2,108850,17.8,11.5,27.9,"","","","",33045,"","","",14200,"","","",5,64976,0.0,14.0,17.1,65.8,0.7,8.8,21.8
"A0436","Orange","Huntington Beach","https://www.californiahealthmaps.org?address=A0436","Female","Kidney",161925,10.7,6.4,17.2,105195,"","","","","","","",32490,"","","",17770,"","","",5,64976,0.0,14.0,17.1,65.8,0.7,8.8,21.8
"A0436","Orange","Huntington Beach","https://www.californiahealthmaps.org?address=A0436","Male","Thyroid",162955,5.2,2.5,10.3,108850,"","","","","","","",33045,"","","",14200,"","","",5,64976,0.0,14.0,17.1,65.8,0.7,8.8,21.8
"A0436","Orange","Huntington Beach","https://www.californiahealthmaps.org?address=A0436","Female","Thyroid",161925,16.9,11.4,24.5,105195,16.9,10.3,27.4,"","","","",32490,"","","",17770,"","","",5,64976,0.0,14.0,17.1,65.8,0.7,8.8,21.8
"A0436","Orange","Huntington Beach","https://www.californiahealthmaps.org?address=A0436","Both","AllSite",324880,472.5,449.4,496.6,214045,495.4,468.3,524.1,"","","","",65535,359.9,295.1,437.4,31970,402.2,337.1,478.9,5,64976,0.0,14.0,17.1,65.8,0.7,8.8,21.8
"A0436","Orange","Huntington Beach","https://www.californiahealthmaps.org?address=A0436","Both","Lung",324880,47.7,40.4,56.2,214045,49.4,41.0,59.5,"","","","",65535,"","","",31970,46.2,26.1,79.3,5,64976,0.0,14.0,17.1,65.8,0.7,8.8,21.8
"A0436","Orange","Huntington Beach","https://www.californiahealthmaps.org?address=A0436","Both","CRC",324880,32.4,26.6,39.2,214045,34.4,27.6,43.0,"","","","",65535,"","","",31970,41.4,22.6,73.2,5,64976,0.0,14.0,17.1,65.8,0.7,8.8,21.8
"A0436","Orange","Huntington Beach","https://www.californiahealthmaps.org?address=A0436","Both","Mela",324880,51.0,43.6,59.3,214045,61.6,52.3,72.6,"","","","",65535,"","","",31970,"","","",5,64976,0.0,14.0,17.1,65.8,0.7,8.8,21.8
"A0436","Orange","Huntington Beach","https://www.californiahealthmaps.org?address=A0436","Both","Lymph",324880,16.4,12.2,21.6,214045,13.9,9.6,20.2,"","","","",65535,"","","",31970,"","","",5,64976,0.0,14.0,17.1,65.8,0.7,8.8,21.8
"A0436","Orange","Huntington Beach","https://www.californiahealthmaps.org?address=A0436","Both","Urinary",324880,8.9,5.9,13.0,214045,8.6,5.4,13.8,"","","","",65535,"","","",31970,"","","",5,64976,0.0,14.0,17.1,65.8,0.7,8.8,21.8
"A0436","Orange","Huntington Beach","https://www.californiahealthmaps.org?address=A0436","Both","Kidney",324880,14.6,10.9,19.3,214045,13.2,9.2,18.9,"","","","",65535,"","","",31970,"","","",5,64976,0.0,14.0,17.1,65.8,0.7,8.8,21.8
"A0436","Orange","Huntington Beach","https://www.californiahealthmaps.org?address=A0436","Both","Thyroid",324880,11.0,7.9,15.2,214045,11.2,7.5,16.8,"","","","",65535,"","","",31970,"","","",5,64976,0.0,14.0,17.1,65.8,0.7,8.8,21.8
