"Zone","Counties","Cities","URL","Sex","Cancer","PopTot","AAIR","LCI","UCI","White_PopTot","White_AAIR","White_LCI","White_UCI","Black_PopTot","Black_AAIR","Black_LCI","Black_UCI","Hispanic_PopTot","Hispanic_AAIR","Hispanic_LCI","Hispanic_UCI","Asian_PopTot","Asian_AAIR","Asian_LCI","Asian_UCI","QNSES","PopAll","PerRural","PerUninsured","PerForeignBorn","PerWhite","PerBlack","PerAsian","PerHispanic","PerAPI","PerDocvisit","PerFOBT","PerMammo","PerMenPrev","PerPap","PerWomenPrev"
"A0900","Los Angeles","Los Angeles","https://www.californiahealthmaps.org?address=A0900","Male","AllSite",156465,428.7,399.5,459.8,106885,423.3,390.9,458.7,"","","","",18500,379.4,270.7,519.8,18225,360.4,264.1,486.8,5,64338,0.0,11.1,27.0,64.5,4.7,12.9,12.6,12.9,68.9,70.7,79.4,34.6,86.1,41.0
"A0900","Los Angeles","Los Angeles","https://www.californiahealthmaps.org?address=A0900","Female","AllSite",165225,429.9,402.2,459.4,110195,436.6,403.1,473.2,"","","","",21615,407.3,315.5,519.7,20690,455.8,361.2,573.0,5,64338,0.0,11.1,27.0,64.5,4.7,12.9,12.6,12.9,68.9,70.7,79.4,34.6,86.1,41.0
"A0900","Los Angeles","Los Angeles","https://www.californiahealthmaps.org?address=A0900","Male","Prostate",156465,86.2,73.5,100.8,106885,69.3,56.7,85.0,"","","","",18500,"","","",18225,"","","",5,64338,0.0,11.1,27.0,64.5,4.7,12.9,12.6,12.9,68.9,70.7,79.4,34.6,86.1,41.0
"A0900","Los Angeles","Los Angeles","https://www.californiahealthmaps.org?address=A0900","Female","Breast",165225,147.7,131.6,165.7,110195,149.3,129.9,171.9,"","","","",21615,158.4,104.8,232.7,20690,162.7,108.8,240.4,5,64338,0.0,11.1,27.0,64.5,4.7,12.9,12.6,12.9,68.9,70.7,79.4,34.6,86.1,41.0
"A0900","Los Angeles","Los Angeles","https://www.californiahealthmaps.org?address=A0900","Male","Lung",156465,42.6,33.8,53.4,106885,42.1,32.6,54.8,"","","","",18500,"","","",18225,"","","",5,64338,0.0,11.1,27.0,64.5,4.7,12.9,12.6,12.9,68.9,70.7,79.4,34.6,86.1,41.0
"A0900","Los Angeles","Los Angeles","https://www.californiahealthmaps.org?address=A0900","Female","Lung",165225,40.8,33.0,50.4,110195,41.0,32.5,52.8,"","","","",21615,"","","",20690,"","","",5,64338,0.0,11.1,27.0,64.5,4.7,12.9,12.6,12.9,68.9,70.7,79.4,34.6,86.1,41.0
"A0900","Los Angeles","Los Angeles","https://www.californiahealthmaps.org?address=A0900","Male","CRC",156465,45.2,36.1,56.4,106885,48.0,37.6,61.7,"","","","",18500,"","","",18225,"","","",5,64338,0.0,11.1,27.0,64.5,4.7,12.9,12.6,12.9,68.9,70.7,79.4,34.6,86.1,41.0
"A0900","Los Angeles","Los Angeles","https://www.californiahealthmaps.org?address=A0900","Female","CRC",165225,37.9,30.2,47.6,110195,35.7,27.0,47.8,"","","","",21615,"","","",20690,"","","",5,64338,0.0,11.1,27.0,64.5,4.7,12.9,12.6,12.9,68.9,70.7,79.4,34.6,86.1,41.0
"A0900","Los Angeles","Los Angeles","https://www.californiahealthmaps.org?address=A0900","Male","Mela",156465,27.3,20.3,36.3,106885,30.9,22.7,42.4,"","","","",18500,"","","",18225,"","","",5,64338,0.0,11.1,27.0,64.5,4.7,12.9,12.6,12.9,68.9,70.7,79.4,34.6,86.1,41.0
"A0900","Los Angeles","Los Angeles","https://www.californiahealthmaps.org?address=A0900","Female","Mela",165225,16.0,11.0,23.1,110195,20.5,13.6,31.1,"","","","",21615,"","","",20690,"","","",5,64338,0.0,11.1,27.0,64.5,4.7,12.9,12.6,12.9,68.9,70.7,79.4,34.6,86.1,41.0
"A0900","Los Angeles","Los Angeles","https://www.californiahealthmaps.org?address=A0900","Female","Uterine",165225,21.0,15.4,28.6,110195,20.2,14.2,29.7,"","","","",21615,"","","",20690,"","","",5,64338,0.0,11.1,27.0,64.5,4.7,12.9,12.6,12.9,68.9,70.7,79.4,34.6,86.1,41.0
"A0900","Los Angeles","Los Angeles","https://www.californiahealthmaps.org?address=A0900","Male","Lymph",156465,26.8,19.9,35.8,106885,30.6,22.0,42.6,"","","","",18500,"","","",18225,"","","",5,64338,0.0,11.1,27.0,64.5,4.7,12.9,12.6,12.9,68.9,70.7,79.4,34.6,86.1,41.0
"A0900","Los Angeles","Los Angeles","https://www.californiahealthmaps.org?address=A0900","Female","Lymph",165225,14.1,9.6,20.6,110195,13.2,8.5,21.7,"","","","",21615,"","","",20690,"","","",5,64338,0.0,11.1,27.0,64.5,4.7,12.9,12.6,12.9,68.9,70.7,79.4,34.6,86.1,41.0
"A0900","Los Angeles","Los Angeles","https://www.californiahealthmaps.org?address=A0900","Male","Urinary",156465,17.7,12.2,25.3,106885,18.6,12.4,28.2,"","","","",18500,"","","",18225,"","","",5,64338,0.0,11.1,27.0,64.5,4.7,12.9,12.6,12.9,68.9,70.7,79.4,34.6,86.1,41.0
"A0900","Los Angeles","Los Angeles","https://www.californiahealthmaps.org?address=A0900","Female","Urinary",165225,"","","",110195,"","","","","","","",21615,"","","",20690,"","","",5,64338,0.0,11.1,27.0,64.5,4.7,12.9,12.6,12.9,68.9,70.7,79.4,34.6,86.1,41.0
"A0900","Los Angeles","Los Angeles","https://www.californiahealthmaps.org?address=A0900","Male","Kidney",156465,22.9,16.5,31.3,106885,22.0,14.8,32.6,"","","","",18500,"","","",18225,"","","",5,64338,0.0,11.1,27.0,64.5,4.7,12.9,12.6,12.9,68.9,70.7,79.4,34.6,86.1,41.0
"A0900","Los Angeles","Los Angeles","https://www.californiahealthmaps.org?address=A0900","Female","Kidney",165225,7.8,4.6,13.2,110195,"","","","","","","",21615,"","","",20690,"","","",5,64338,0.0,11.1,27.0,64.5,4.7,12.9,12.6,12.9,68.9,70.7,79.4,34.6,86.1,41.0
"A0900","Los Angeles","Los Angeles","https://www.californiahealthmaps.org?address=A0900","Male","Thyroid",156465,10.2,6.1,16.4,106885,10.7,6.0,19.1,"","","","",18500,"","","",18225,"","","",5,64338,0.0,11.1,27.0,64.5,4.7,12.9,12.6,12.9,68.9,70.7,79.4,34.6,86.1,41.0
"A0900","Los Angeles","Los Angeles","https://www.californiahealthmaps.org?address=A0900","Female","Thyroid",165225,33.7,25.7,43.8,110195,37.7,27.1,52.1,"","","","",21615,"","","",20690,"","","",5,64338,0.0,11.1,27.0,64.5,4.7,12.9,12.6,12.9,68.9,70.7,79.4,34.6,86.1,41.0
"A0900","Los Angeles","Los Angeles","https://www.californiahealthmaps.org?address=A0900","Male","Liver",156465,9.3,5.6,15.1,106885,"","","","","","","",18500,"","","",18225,"","","",5,64338,0.0,11.1,27.0,64.5,4.7,12.9,12.6,12.9,68.9,70.7,79.4,34.6,86.1,41.0
"A0900","Los Angeles","Los Angeles","https://www.californiahealthmaps.org?address=A0900","Female","Liver",165225,"","","",110195,"","","","","","","",21615,"","","",20690,"","","",5,64338,0.0,11.1,27.0,64.5,4.7,12.9,12.6,12.9,68.9,70.7,79.4,34.6,86.1,41.0
"A0900","Los Angeles","Los Angeles","https://www.californiahealthmaps.org?address=A0900","Male","Pancreas",156465,15.6,10.6,22.7,106885,11.7,7.1,19.9,"","","","",18500,"","","",18225,"","","",5,64338,0.0,11.1,27.0,64.5,4.7,12.9,12.6,12.9,68.9,70.7,79.4,34.6,86.1,41.0
"A0900","Los Angeles","Los Angeles","https://www.californiahealthmaps.org?address=A0900","Female","Pancreas",165225,10.3,6.7,16.1,110195,10.7,6.5,18.6,"","","","",21615,"","","",20690,"","","",5,64338,0.0,11.1,27.0,64.5,4.7,12.9,12.6,12.9,68.9,70.7,79.4,34.6,86.1,41.0
"A0900","Los Angeles","Los Angeles","https://www.californiahealthmaps.org?address=A0900","Both","AllSite",321690,425.0,405.1,445.8,217080,424.6,401.5,449.2,12055,598.6,430.0,836.3,40115,392.6,321.7,475.8,38915,406.3,339.1,485.1,5,64338,0.0,11.1,27.0,64.5,4.7,12.9,12.6,12.9,68.9,70.7,79.4,34.6,86.1,41.0
"A0900","Los Angeles","Los Angeles","https://www.californiahealthmaps.org?address=A0900","Both","Lung",321690,41.4,35.6,48.2,217080,41.4,35.0,49.4,12055,"","","",40115,"","","",38915,"","","",5,64338,0.0,11.1,27.0,64.5,4.7,12.9,12.6,12.9,68.9,70.7,79.4,34.6,86.1,41.0
"A0900","Los Angeles","Los Angeles","https://www.californiahealthmaps.org?address=A0900","Both","CRC",321690,40.9,34.9,47.7,217080,40.9,34.1,49.2,12055,"","","",40115,"","","",38915,48.8,27.3,83.2,5,64338,0.0,11.1,27.0,64.5,4.7,12.9,12.6,12.9,68.9,70.7,79.4,34.6,86.1,41.0
"A0900","Los Angeles","Los Angeles","https://www.californiahealthmaps.org?address=A0900","Both","Mela",321690,20.7,16.5,25.8,217080,24.6,19.3,31.5,12055,"","","",40115,"","","",38915,"","","",5,64338,0.0,11.1,27.0,64.5,4.7,12.9,12.6,12.9,68.9,70.7,79.4,34.6,86.1,41.0
"A0900","Los Angeles","Los Angeles","https://www.californiahealthmaps.org?address=A0900","Both","Lymph",321690,20.1,16.0,25.2,217080,21.6,16.7,28.2,12055,"","","",40115,"","","",38915,"","","",5,64338,0.0,11.1,27.0,64.5,4.7,12.9,12.6,12.9,68.9,70.7,79.4,34.6,86.1,41.0
"A0900","Los Angeles","Los Angeles","https://www.californiahealthmaps.org?address=A0900","Both","Urinary",321690,9.6,6.9,13.3,217080,9.9,6.9,14.7,12055,"","","",40115,"","","",38915,"","","",5,64338,0.0,11.1,27.0,64.5,4.7,12.9,12.6,12.9,68.9,70.7,79.4,34.6,86.1,41.0
"A0900","Los Angeles","Los Angeles","https://www.californiahealthmaps.org?address=A0900","Both","Kidney",321690,14.9,11.4,19.4,217080,14.3,10.4,19.9,12055,"","","",40115,"","","",38915,"","","",5,64338,0.0,11.1,27.0,64.5,4.7,12.9,12.6,12.9,68.9,70.7,79.4,34.6,86.1,41.0
"A0900","Los Angeles","Los Angeles","https://www.californiahealthmaps.org?address=A0900","Both","Thyroid",321690,22.3,17.7,28.0,217080,24.3,18.4,32.0,12055,"","","",40115,"","","",38915,"","","",5,64338,0.0,11.1,27.0,64.5,4.7,12.9,12.6,12.9,68.9,70.7,79.4,34.6,86.1,41.0
"A0900","Los Angeles","Los Angeles","https://www.californiahealthmaps.org?address=A0900","Both","Liver",321690,6.0,3.9,9.1,217080,5.0,2.9,9.0,12055,"","","",40115,"","","",38915,"","","",5,64338,0.0,11.1,27.0,64.5,4.7,12.9,12.6,12.9,68.9,70.7,79.4,34.6,86.1,41.0
"A0900","Los Angeles","Los Angeles","https://www.californiahealthmaps.org?address=A0900","Both","Pancreas",321690,12.6,9.5,16.7,217080,11.0,7.8,15.8,12055,"","","",40115,"","","",38915,"","","",5,64338,0.0,11.1,27.0,64.5,4.7,12.9,12.6,12.9,68.9,70.7,79.4,34.6,86.1,41.0
