"Zone","Counties","Cities","URL","Sex","Cancer","PopTot","AAIR","LCI","UCI","White_PopTot","White_AAIR","White_LCI","White_UCI","Black_PopTot","Black_AAIR","Black_LCI","Black_UCI","Hispanic_PopTot","Hispanic_AAIR","Hispanic_LCI","Hispanic_UCI","Asian_PopTot","Asian_AAIR","Asian_LCI","Asian_UCI","QNSES","PopAll","PerRural","PerUninsured","PerForeignBorn","PerWhite","PerBlack","PerAsian","PerHispanic","PerAPI","PerDocvisit","PerFOBT","PerMammo","PerMenPrev","PerPap","PerWomenPrev"
"A0971","Contra Costa","Martinez, Hercules","https://www.californiahealthmaps.org?address=A0971","Male","AllSite",154165,493.7,460.3,529.3,64105,514.9,468.5,567.0,18170,602.1,484.8,750.3,26205,538.6,425.1,678.0,37310,387.6,323.2,463.4,4,63132,1.6,9.8,25.7,41.9,10.9,24.0,17.2,24.0,"","","","","",""
"A0971","Contra Costa","Martinez, Hercules","https://www.californiahealthmaps.org?address=A0971","Female","AllSite",161495,414.4,386.2,444.6,64355,439.6,396.1,489.5,20170,541.6,442.4,659.6,27160,470.6,379.5,578.5,41215,347.7,297.0,407.3,4,63132,1.6,9.8,25.7,41.9,10.9,24.0,17.2,24.0,"","","","","",""
"A0971","Contra Costa","Martinez, Hercules","https://www.californiahealthmaps.org?address=A0971","Male","Prostate",154165,121.8,106.4,139.3,64105,109.1,89.7,134.4,18170,247.2,180.7,344.9,26205,153.7,98.0,236.1,37310,72.6,47.1,110.3,4,63132,1.6,9.8,25.7,41.9,10.9,24.0,17.2,24.0,"","","","","",""
"A0971","Contra Costa","Martinez, Hercules","https://www.californiahealthmaps.org?address=A0971","Female","Breast",161495,132.2,116.7,149.6,64355,131.1,108.6,160.5,20170,205.4,147.2,282.8,27160,108.1,67.8,165.9,41215,132.4,102.6,171.3,4,63132,1.6,9.8,25.7,41.9,10.9,24.0,17.2,24.0,"","","","","",""
"A0971","Contra Costa","Martinez, Hercules","https://www.californiahealthmaps.org?address=A0971","Male","Lung",154165,59.6,48.2,73.3,64105,61.8,46.8,83.2,18170,106.2,56.0,194.5,26205,"","","",37310,56.7,32.7,94.1,4,63132,1.6,9.8,25.7,41.9,10.9,24.0,17.2,24.0,"","","","","",""
"A0971","Contra Costa","Martinez, Hercules","https://www.californiahealthmaps.org?address=A0971","Female","Lung",161495,51.4,41.8,63.0,64355,63.8,48.8,86.1,20170,"","","",27160,"","","",41215,36.9,21.6,62.6,4,63132,1.6,9.8,25.7,41.9,10.9,24.0,17.2,24.0,"","","","","",""
"A0971","Contra Costa","Martinez, Hercules","https://www.californiahealthmaps.org?address=A0971","Male","CRC",154165,46.7,36.6,59.0,64105,36.9,25.0,55.6,18170,"","","",26205,"","","",37310,54.6,33.4,88.1,4,63132,1.6,9.8,25.7,41.9,10.9,24.0,17.2,24.0,"","","","","",""
"A0971","Contra Costa","Martinez, Hercules","https://www.californiahealthmaps.org?address=A0971","Female","CRC",161495,34.2,26.3,44.1,64355,30.8,20.0,49.8,20170,71.1,38.2,124.9,27160,"","","",41215,"","","",4,63132,1.6,9.8,25.7,41.9,10.9,24.0,17.2,24.0,"","","","","",""
"A0971","Contra Costa","Martinez, Hercules","https://www.californiahealthmaps.org?address=A0971","Male","Mela",154165,29.6,21.9,39.5,64105,44.1,31.8,63.0,18170,"","","",26205,"","","",37310,"","","",4,63132,1.6,9.8,25.7,41.9,10.9,24.0,17.2,24.0,"","","","","",""
"A0971","Contra Costa","Martinez, Hercules","https://www.californiahealthmaps.org?address=A0971","Female","Mela",161495,13.0,8.4,19.8,64355,19.5,11.3,36.3,20170,"","","",27160,"","","",41215,"","","",4,63132,1.6,9.8,25.7,41.9,10.9,24.0,17.2,24.0,"","","","","",""
"A0971","Contra Costa","Martinez, Hercules","https://www.californiahealthmaps.org?address=A0971","Female","Uterine",161495,31.5,24.3,40.7,64355,30.4,20.6,48.0,20170,"","","",27160,"","","",41215,30.2,16.9,53.9,4,63132,1.6,9.8,25.7,41.9,10.9,24.0,17.2,24.0,"","","","","",""
"A0971","Contra Costa","Martinez, Hercules","https://www.californiahealthmaps.org?address=A0971","Male","Lymph",154165,26.5,19.1,36.1,64105,33.3,22.0,51.7,18170,"","","",26205,"","","",37310,"","","",4,63132,1.6,9.8,25.7,41.9,10.9,24.0,17.2,24.0,"","","","","",""
"A0971","Contra Costa","Martinez, Hercules","https://www.californiahealthmaps.org?address=A0971","Female","Lymph",161495,20.3,14.3,28.4,64355,20.0,11.6,36.9,20170,"","","",27160,"","","",41215,"","","",4,63132,1.6,9.8,25.7,41.9,10.9,24.0,17.2,24.0,"","","","","",""
"A0971","Contra Costa","Martinez, Hercules","https://www.californiahealthmaps.org?address=A0971","Male","Urinary",154165,17.7,11.6,26.2,64105,16.9,9.7,31.6,18170,"","","",26205,"","","",37310,"","","",4,63132,1.6,9.8,25.7,41.9,10.9,24.0,17.2,24.0,"","","","","",""
"A0971","Contra Costa","Martinez, Hercules","https://www.californiahealthmaps.org?address=A0971","Female","Urinary",161495,"","","",64355,"","","",20170,"","","",27160,"","","",41215,"","","",4,63132,1.6,9.8,25.7,41.9,10.9,24.0,17.2,24.0,"","","","","",""
"A0971","Contra Costa","Martinez, Hercules","https://www.californiahealthmaps.org?address=A0971","Male","Kidney",154165,24.4,17.7,33.3,64105,17.9,10.5,32.6,18170,"","","",26205,"","","",37310,43.0,25.0,73.3,4,63132,1.6,9.8,25.7,41.9,10.9,24.0,17.2,24.0,"","","","","",""
"A0971","Contra Costa","Martinez, Hercules","https://www.californiahealthmaps.org?address=A0971","Female","Kidney",161495,10.2,6.3,16.3,64355,16.8,9.1,33.3,20170,"","","",27160,"","","",41215,"","","",4,63132,1.6,9.8,25.7,41.9,10.9,24.0,17.2,24.0,"","","","","",""
"A0971","Contra Costa","Martinez, Hercules","https://www.californiahealthmaps.org?address=A0971","Male","Thyroid",154165,"","","",64105,"","","",18170,"","","",26205,"","","",37310,"","","",4,63132,1.6,9.8,25.7,41.9,10.9,24.0,17.2,24.0,"","","","","",""
"A0971","Contra Costa","Martinez, Hercules","https://www.californiahealthmaps.org?address=A0971","Female","Thyroid",161495,13.9,8.8,21.3,64355,"","","",20170,"","","",27160,"","","",41215,"","","",4,63132,1.6,9.8,25.7,41.9,10.9,24.0,17.2,24.0,"","","","","",""
"A0971","Contra Costa","Martinez, Hercules","https://www.californiahealthmaps.org?address=A0971","Male","Liver",154165,15.5,10.0,23.2,64105,"","","",18170,"","","",26205,"","","",37310,"","","",4,63132,1.6,9.8,25.7,41.9,10.9,24.0,17.2,24.0,"","","","","",""
"A0971","Contra Costa","Martinez, Hercules","https://www.californiahealthmaps.org?address=A0971","Female","Liver",161495,6.8,3.7,12.1,64355,"","","",20170,"","","",27160,"","","",41215,"","","",4,63132,1.6,9.8,25.7,41.9,10.9,24.0,17.2,24.0,"","","","","",""
"A0971","Contra Costa","Martinez, Hercules","https://www.californiahealthmaps.org?address=A0971","Male","Pancreas",154165,17.8,12.1,25.9,64105,21.8,13.2,37.8,18170,"","","",26205,"","","",37310,"","","",4,63132,1.6,9.8,25.7,41.9,10.9,24.0,17.2,24.0,"","","","","",""
"A0971","Contra Costa","Martinez, Hercules","https://www.californiahealthmaps.org?address=A0971","Female","Pancreas",161495,8.1,4.8,13.5,64355,"","","",20170,"","","",27160,"","","",41215,"","","",4,63132,1.6,9.8,25.7,41.9,10.9,24.0,17.2,24.0,"","","","","",""
"A0971","Contra Costa","Martinez, Hercules","https://www.californiahealthmaps.org?address=A0971","Both","AllSite",315660,446.5,425.1,468.9,128460,469.6,438.3,503.9,38340,568.6,492.3,655.4,53365,498.1,426.2,579.6,78525,356.7,317.6,400.3,4,63132,1.6,9.8,25.7,41.9,10.9,24.0,17.2,24.0,"","","","","",""
"A0971","Contra Costa","Martinez, Hercules","https://www.californiahealthmaps.org?address=A0971","Both","Lung",315660,54.4,47.0,62.8,128460,62.1,51.4,76.0,38340,73.3,46.9,111.6,53365,"","","",78525,44.4,30.9,63.0,4,63132,1.6,9.8,25.7,41.9,10.9,24.0,17.2,24.0,"","","","","",""
"A0971","Contra Costa","Martinez, Hercules","https://www.californiahealthmaps.org?address=A0971","Both","CRC",315660,39.9,33.5,47.3,128460,33.8,25.6,45.5,38340,64.6,40.3,100.7,53365,56.9,34.0,90.3,78525,38.2,26.2,55.2,4,63132,1.6,9.8,25.7,41.9,10.9,24.0,17.2,24.0,"","","","","",""
"A0971","Contra Costa","Martinez, Hercules","https://www.californiahealthmaps.org?address=A0971","Both","Mela",315660,20.2,15.9,25.5,128460,30.8,23.4,41.5,38340,"","","",53365,"","","",78525,"","","",4,63132,1.6,9.8,25.7,41.9,10.9,24.0,17.2,24.0,"","","","","",""
"A0971","Contra Costa","Martinez, Hercules","https://www.californiahealthmaps.org?address=A0971","Both","Lymph",315660,22.7,18.0,28.4,128460,25.7,18.6,36.2,38340,"","","",53365,"","","",78525,16.5,8.9,29.5,4,63132,1.6,9.8,25.7,41.9,10.9,24.0,17.2,24.0,"","","","","",""
"A0971","Contra Costa","Martinez, Hercules","https://www.californiahealthmaps.org?address=A0971","Both","Urinary",315660,9.6,6.7,13.6,128460,10.5,6.7,18.1,38340,"","","",53365,"","","",78525,"","","",4,63132,1.6,9.8,25.7,41.9,10.9,24.0,17.2,24.0,"","","","","",""
"A0971","Contra Costa","Martinez, Hercules","https://www.californiahealthmaps.org?address=A0971","Both","Kidney",315660,17.2,13.2,22.1,128460,17.5,11.9,26.7,38340,"","","",53365,"","","",78525,20.3,12.0,33.8,4,63132,1.6,9.8,25.7,41.9,10.9,24.0,17.2,24.0,"","","","","",""
"A0971","Contra Costa","Martinez, Hercules","https://www.californiahealthmaps.org?address=A0971","Both","Thyroid",315660,10.3,7.0,14.8,128460,9.7,5.2,18.3,38340,"","","",53365,"","","",78525,"","","",4,63132,1.6,9.8,25.7,41.9,10.9,24.0,17.2,24.0,"","","","","",""
"A0971","Contra Costa","Martinez, Hercules","https://www.californiahealthmaps.org?address=A0971","Both","Liver",315660,10.5,7.5,14.6,128460,8.8,5.4,16.2,38340,"","","",53365,"","","",78525,"","","",4,63132,1.6,9.8,25.7,41.9,10.9,24.0,17.2,24.0,"","","","","",""
"A0971","Contra Costa","Martinez, Hercules","https://www.californiahealthmaps.org?address=A0971","Both","Pancreas",315660,12.7,9.4,17.0,128460,12.8,8.3,21.2,38340,"","","",53365,"","","",78525,"","","",4,63132,1.6,9.8,25.7,41.9,10.9,24.0,17.2,24.0,"","","","","",""
