"Zone","Counties","Cities","URL","Sex","Cancer","PopTot","AAIR","LCI","UCI","White_PopTot","White_AAIR","White_LCI","White_UCI","Black_PopTot","Black_AAIR","Black_LCI","Black_UCI","Hispanic_PopTot","Hispanic_AAIR","Hispanic_LCI","Hispanic_UCI","Asian_PopTot","Asian_AAIR","Asian_LCI","Asian_UCI","QNSES","PopAll","PerRural","PerUninsured","PerForeignBorn","PerWhite","PerBlack","PerAsian","PerHispanic","PerAPI","PerDocvisit","PerFOBT","PerMammo","PerMenPrev","PerPap","PerWomenPrev"
"A0911","Imperial","El Centro, Calipatria, Imperial, Brawley","https://www.californiahealthmaps.org?address=A0911","Male","AllSite",235325,478.8,445.8,514.0,41045,510.7,451.8,578.1,19385,612.1,409.3,900.3,169025,455.0,413.7,499.9,"","","","",1,86676,25.9,18.5,27.3,15.9,5.2,1.4,76.2,1.4,"","","","","",""
"A0911","Imperial","El Centro, Calipatria, Imperial, Brawley","https://www.californiahealthmaps.org?address=A0911","Female","AllSite",198055,371.9,344.6,401.0,32010,417.6,358.0,487.7,"","","","",157860,361.5,329.0,396.6,"","","","",1,86676,25.9,18.5,27.3,15.9,5.2,1.4,76.2,1.4,"","","","","",""
"A0911","Imperial","El Centro, Calipatria, Imperial, Brawley","https://www.californiahealthmaps.org?address=A0911","Male","Prostate",235325,124.0,107.6,142.7,41045,95.6,71.8,128.8,19385,"","","",169025,132.2,110.3,158.0,"","","","",1,86676,25.9,18.5,27.3,15.9,5.2,1.4,76.2,1.4,"","","","","",""
"A0911","Imperial","El Centro, Calipatria, Imperial, Brawley","https://www.californiahealthmaps.org?address=A0911","Female","Breast",198055,113.5,98.7,130.2,32010,127.3,95.6,170.1,"","","","",157860,109.2,91.8,129.1,"","","","",1,86676,25.9,18.5,27.3,15.9,5.2,1.4,76.2,1.4,"","","","","",""
"A0911","Imperial","El Centro, Calipatria, Imperial, Brawley","https://www.californiahealthmaps.org?address=A0911","Male","Lung",235325,57.7,46.2,71.5,41045,88.7,65.1,121.9,19385,"","","",169025,33.6,22.7,48.6,"","","","",1,86676,25.9,18.5,27.3,15.9,5.2,1.4,76.2,1.4,"","","","","",""
"A0911","Imperial","El Centro, Calipatria, Imperial, Brawley","https://www.californiahealthmaps.org?address=A0911","Female","Lung",198055,31.4,23.7,41.0,32010,45.3,29.3,73.0,"","","","",157860,21.8,14.2,32.3,"","","","",1,86676,25.9,18.5,27.3,15.9,5.2,1.4,76.2,1.4,"","","","","",""
"A0911","Imperial","El Centro, Calipatria, Imperial, Brawley","https://www.californiahealthmaps.org?address=A0911","Male","CRC",235325,44.1,34.6,55.8,41045,48.1,31.1,75.1,19385,"","","",169025,44.4,32.6,60.1,"","","","",1,86676,25.9,18.5,27.3,15.9,5.2,1.4,76.2,1.4,"","","","","",""
"A0911","Imperial","El Centro, Calipatria, Imperial, Brawley","https://www.californiahealthmaps.org?address=A0911","Female","CRC",198055,31.9,24.4,41.1,32010,36.7,22.6,62.6,"","","","",157860,28.0,19.6,39.1,"","","","",1,86676,25.9,18.5,27.3,15.9,5.2,1.4,76.2,1.4,"","","","","",""
"A0911","Imperial","El Centro, Calipatria, Imperial, Brawley","https://www.californiahealthmaps.org?address=A0911","Male","Mela",235325,13.3,8.3,20.8,41045,35.0,20.5,60.0,19385,"","","",169025,"","","","","","","",1,86676,25.9,18.5,27.3,15.9,5.2,1.4,76.2,1.4,"","","","","",""
"A0911","Imperial","El Centro, Calipatria, Imperial, Brawley","https://www.californiahealthmaps.org?address=A0911","Female","Mela",198055,"","","",32010,"","","","","","","",157860,"","","","","","","",1,86676,25.9,18.5,27.3,15.9,5.2,1.4,76.2,1.4,"","","","","",""
"A0911","Imperial","El Centro, Calipatria, Imperial, Brawley","https://www.californiahealthmaps.org?address=A0911","Female","Uterine",198055,30.3,22.9,39.5,32010,45.8,26.5,77.9,"","","","",157860,25.8,17.9,36.3,"","","","",1,86676,25.9,18.5,27.3,15.9,5.2,1.4,76.2,1.4,"","","","","",""
"A0911","Imperial","El Centro, Calipatria, Imperial, Brawley","https://www.californiahealthmaps.org?address=A0911","Male","Lymph",235325,24.9,17.8,34.3,41045,32.1,18.9,55.6,19385,"","","",169025,20.8,12.7,33.0,"","","","",1,86676,25.9,18.5,27.3,15.9,5.2,1.4,76.2,1.4,"","","","","",""
"A0911","Imperial","El Centro, Calipatria, Imperial, Brawley","https://www.californiahealthmaps.org?address=A0911","Female","Lymph",198055,16.5,11.2,23.5,32010,"","","","","","","",157860,20.7,13.7,30.4,"","","","",1,86676,25.9,18.5,27.3,15.9,5.2,1.4,76.2,1.4,"","","","","",""
"A0911","Imperial","El Centro, Calipatria, Imperial, Brawley","https://www.californiahealthmaps.org?address=A0911","Male","Urinary",235325,12.3,7.3,19.8,41045,"","","",19385,"","","",169025,"","","","","","","",1,86676,25.9,18.5,27.3,15.9,5.2,1.4,76.2,1.4,"","","","","",""
"A0911","Imperial","El Centro, Calipatria, Imperial, Brawley","https://www.californiahealthmaps.org?address=A0911","Female","Urinary",198055,"","","",32010,"","","","","","","",157860,"","","","","","","",1,86676,25.9,18.5,27.3,15.9,5.2,1.4,76.2,1.4,"","","","","",""
"A0911","Imperial","El Centro, Calipatria, Imperial, Brawley","https://www.californiahealthmaps.org?address=A0911","Male","Kidney",235325,27.3,19.9,37.0,41045,"","","",19385,"","","",169025,34.7,23.9,49.4,"","","","",1,86676,25.9,18.5,27.3,15.9,5.2,1.4,76.2,1.4,"","","","","",""
"A0911","Imperial","El Centro, Calipatria, Imperial, Brawley","https://www.californiahealthmaps.org?address=A0911","Female","Kidney",198055,12.9,8.2,19.4,32010,"","","","","","","",157860,14.4,8.5,23.2,"","","","",1,86676,25.9,18.5,27.3,15.9,5.2,1.4,76.2,1.4,"","","","","",""
"A0911","Imperial","El Centro, Calipatria, Imperial, Brawley","https://www.californiahealthmaps.org?address=A0911","Male","Thyroid",235325,"","","",41045,"","","",19385,"","","",169025,"","","","","","","",1,86676,25.9,18.5,27.3,15.9,5.2,1.4,76.2,1.4,"","","","","",""
"A0911","Imperial","El Centro, Calipatria, Imperial, Brawley","https://www.californiahealthmaps.org?address=A0911","Female","Thyroid",198055,20.5,14.4,28.4,32010,"","","","","","","",157860,21.0,14.0,30.7,"","","","",1,86676,25.9,18.5,27.3,15.9,5.2,1.4,76.2,1.4,"","","","","",""
"A0911","Imperial","El Centro, Calipatria, Imperial, Brawley","https://www.californiahealthmaps.org?address=A0911","Male","Liver",235325,24.9,17.9,34.2,41045,"","","",19385,"","","",169025,33.1,22.7,47.4,"","","","",1,86676,25.9,18.5,27.3,15.9,5.2,1.4,76.2,1.4,"","","","","",""
"A0911","Imperial","El Centro, Calipatria, Imperial, Brawley","https://www.californiahealthmaps.org?address=A0911","Female","Liver",198055,10.5,6.3,16.7,32010,"","","","","","","",157860,14.3,8.1,23.4,"","","","",1,86676,25.9,18.5,27.3,15.9,5.2,1.4,76.2,1.4,"","","","","",""
"A0911","Imperial","El Centro, Calipatria, Imperial, Brawley","https://www.californiahealthmaps.org?address=A0911","Male","Pancreas",235325,13.1,8.3,20.2,41045,"","","",19385,"","","",169025,"","","","","","","",1,86676,25.9,18.5,27.3,15.9,5.2,1.4,76.2,1.4,"","","","","",""
"A0911","Imperial","El Centro, Calipatria, Imperial, Brawley","https://www.californiahealthmaps.org?address=A0911","Female","Pancreas",198055,"","","",32010,"","","","","","","",157860,"","","","","","","",1,86676,25.9,18.5,27.3,15.9,5.2,1.4,76.2,1.4,"","","","","",""
"A0911","Imperial","El Centro, Calipatria, Imperial, Brawley","https://www.californiahealthmaps.org?address=A0911","Both","AllSite",433380,415.2,394.3,436.9,73055,454.9,414.3,499.8,22570,459.6,331.1,629.3,326885,399.1,373.6,426.2,"","","","",1,86676,25.9,18.5,27.3,15.9,5.2,1.4,76.2,1.4,"","","","","",""
"A0911","Imperial","El Centro, Calipatria, Imperial, Brawley","https://www.californiahealthmaps.org?address=A0911","Both","Lung",433380,43.1,36.3,50.7,73055,66.6,52.1,85.7,22570,"","","",326885,26.7,20.2,34.8,"","","","",1,86676,25.9,18.5,27.3,15.9,5.2,1.4,76.2,1.4,"","","","","",""
"A0911","Imperial","El Centro, Calipatria, Imperial, Brawley","https://www.californiahealthmaps.org?address=A0911","Both","CRC",433380,38.0,31.8,45.0,73055,42.4,31.1,58.5,22570,"","","",326885,35.7,28.4,44.5,"","","","",1,86676,25.9,18.5,27.3,15.9,5.2,1.4,76.2,1.4,"","","","","",""
"A0911","Imperial","El Centro, Calipatria, Imperial, Brawley","https://www.californiahealthmaps.org?address=A0911","Both","Mela",433380,10.1,7.0,14.1,73055,26.0,17.0,40.1,22570,"","","",326885,"","","","","","","",1,86676,25.9,18.5,27.3,15.9,5.2,1.4,76.2,1.4,"","","","","",""
"A0911","Imperial","El Centro, Calipatria, Imperial, Brawley","https://www.californiahealthmaps.org?address=A0911","Both","Lymph",433380,20.3,15.9,25.6,73055,19.2,11.8,31.7,22570,"","","",326885,20.4,15.0,27.3,"","","","",1,86676,25.9,18.5,27.3,15.9,5.2,1.4,76.2,1.4,"","","","","",""
"A0911","Imperial","El Centro, Calipatria, Imperial, Brawley","https://www.californiahealthmaps.org?address=A0911","Both","Urinary",433380,7.9,5.1,11.7,73055,"","","",22570,"","","",326885,8.0,4.6,13.3,"","","","",1,86676,25.9,18.5,27.3,15.9,5.2,1.4,76.2,1.4,"","","","","",""
"A0911","Imperial","El Centro, Calipatria, Imperial, Brawley","https://www.californiahealthmaps.org?address=A0911","Both","Kidney",433380,19.6,15.2,24.8,73055,14.3,8.1,25.8,22570,"","","",326885,23.3,17.4,30.8,"","","","",1,86676,25.9,18.5,27.3,15.9,5.2,1.4,76.2,1.4,"","","","","",""
"A0911","Imperial","El Centro, Calipatria, Imperial, Brawley","https://www.californiahealthmaps.org?address=A0911","Both","Thyroid",433380,10.8,7.8,14.7,73055,"","","",22570,"","","",326885,11.7,7.9,17.0,"","","","",1,86676,25.9,18.5,27.3,15.9,5.2,1.4,76.2,1.4,"","","","","",""
"A0911","Imperial","El Centro, Calipatria, Imperial, Brawley","https://www.californiahealthmaps.org?address=A0911","Both","Liver",433380,17.4,13.4,22.5,73055,"","","",22570,"","","",326885,22.7,16.8,30.3,"","","","",1,86676,25.9,18.5,27.3,15.9,5.2,1.4,76.2,1.4,"","","","","",""
"A0911","Imperial","El Centro, Calipatria, Imperial, Brawley","https://www.californiahealthmaps.org?address=A0911","Both","Pancreas",433380,10.0,7.0,13.9,73055,"","","",22570,"","","",326885,10.2,6.5,15.7,"","","","",1,86676,25.9,18.5,27.3,15.9,5.2,1.4,76.2,1.4,"","","","","",""
