"Zone","Counties","Cities","URL","Sex","Cancer","PopTot","AAIR","LCI","UCI","White_PopTot","White_AAIR","White_LCI","White_UCI","Black_PopTot","Black_AAIR","Black_LCI","Black_UCI","Hispanic_PopTot","Hispanic_AAIR","Hispanic_LCI","Hispanic_UCI","Asian_PopTot","Asian_AAIR","Asian_LCI","Asian_UCI","QNSES","PopAll","PerRural","PerUninsured","PerForeignBorn","PerWhite","PerBlack","PerAsian","PerHispanic","PerAPI","PerDocvisit","PerFOBT","PerMammo","PerMenPrev","PerPap","PerWomenPrev"
"A0308","Alameda","Pleasanton, Livermore","https://www.californiahealthmaps.org?address=A0308","Male","AllSite",164555,551.1,513.6,590.9,106010,534.1,492.6,578.7,"","","","",23115,580.3,432.5,773.7,26310,486.9,375.8,629.5,5,66923,0.0,7.3,19.9,63.1,1.6,17.6,14.5,17.6,67.6,74.8,80.0,40.1,84.5,39.7
"A0308","Alameda","Pleasanton, Livermore","https://www.californiahealthmaps.org?address=A0308","Female","AllSite",170060,460.4,430.0,492.9,109275,475.1,438.8,514.6,"","","","",22870,399.1,304.5,519.7,28640,406.8,321.3,513.2,5,66923,0.0,7.3,19.9,63.1,1.6,17.6,14.5,17.6,67.6,74.8,80.0,40.1,84.5,39.7
"A0308","Alameda","Pleasanton, Livermore","https://www.californiahealthmaps.org?address=A0308","Male","Prostate",164555,139.2,121.3,159.5,106010,136.2,116.7,159.0,"","","","",23115,"","","",26310,"","","",5,66923,0.0,7.3,19.9,63.1,1.6,17.6,14.5,17.6,67.6,74.8,80.0,40.1,84.5,39.7
"A0308","Alameda","Pleasanton, Livermore","https://www.californiahealthmaps.org?address=A0308","Female","Breast",170060,144.3,127.8,162.9,109275,150.2,130.6,173.2,"","","","",22870,93.6,53.9,160.4,28640,145.0,98.8,212.2,5,66923,0.0,7.3,19.9,63.1,1.6,17.6,14.5,17.6,67.6,74.8,80.0,40.1,84.5,39.7
"A0308","Alameda","Pleasanton, Livermore","https://www.californiahealthmaps.org?address=A0308","Male","Lung",164555,53.5,41.8,67.7,106010,50.6,38.2,66.6,"","","","",23115,"","","",26310,"","","",5,66923,0.0,7.3,19.9,63.1,1.6,17.6,14.5,17.6,67.6,74.8,80.0,40.1,84.5,39.7
"A0308","Alameda","Pleasanton, Livermore","https://www.californiahealthmaps.org?address=A0308","Female","Lung",170060,49.9,40.1,61.8,109275,48.6,38.0,62.7,"","","","",22870,"","","",28640,"","","",5,66923,0.0,7.3,19.9,63.1,1.6,17.6,14.5,17.6,67.6,74.8,80.0,40.1,84.5,39.7
"A0308","Alameda","Pleasanton, Livermore","https://www.californiahealthmaps.org?address=A0308","Male","CRC",164555,55.1,43.5,69.1,106010,46.0,34.2,61.2,"","","","",23115,"","","",26310,"","","",5,66923,0.0,7.3,19.9,63.1,1.6,17.6,14.5,17.6,67.6,74.8,80.0,40.1,84.5,39.7
"A0308","Alameda","Pleasanton, Livermore","https://www.californiahealthmaps.org?address=A0308","Female","CRC",170060,46.7,37.2,58.5,109275,50.0,38.4,65.2,"","","","",22870,"","","",28640,"","","",5,66923,0.0,7.3,19.9,63.1,1.6,17.6,14.5,17.6,67.6,74.8,80.0,40.1,84.5,39.7
"A0308","Alameda","Pleasanton, Livermore","https://www.californiahealthmaps.org?address=A0308","Male","Mela",164555,53.5,42.5,67.0,106010,55.2,42.6,71.3,"","","","",23115,"","","",26310,"","","",5,66923,0.0,7.3,19.9,63.1,1.6,17.6,14.5,17.6,67.6,74.8,80.0,40.1,84.5,39.7
"A0308","Alameda","Pleasanton, Livermore","https://www.californiahealthmaps.org?address=A0308","Female","Mela",170060,33.5,25.9,43.3,109275,37.0,27.6,50.1,"","","","",22870,"","","",28640,"","","",5,66923,0.0,7.3,19.9,63.1,1.6,17.6,14.5,17.6,67.6,74.8,80.0,40.1,84.5,39.7
"A0308","Alameda","Pleasanton, Livermore","https://www.californiahealthmaps.org?address=A0308","Female","Uterine",170060,30.3,23.1,39.7,109275,31.9,23.6,43.8,"","","","",22870,"","","",28640,"","","",5,66923,0.0,7.3,19.9,63.1,1.6,17.6,14.5,17.6,67.6,74.8,80.0,40.1,84.5,39.7
"A0308","Alameda","Pleasanton, Livermore","https://www.californiahealthmaps.org?address=A0308","Male","Lymph",164555,18.0,12.1,26.2,106010,16.3,9.9,26.3,"","","","",23115,"","","",26310,"","","",5,66923,0.0,7.3,19.9,63.1,1.6,17.6,14.5,17.6,67.6,74.8,80.0,40.1,84.5,39.7
"A0308","Alameda","Pleasanton, Livermore","https://www.californiahealthmaps.org?address=A0308","Female","Lymph",170060,14.8,9.6,22.5,109275,14.8,8.4,25.5,"","","","",22870,"","","",28640,"","","",5,66923,0.0,7.3,19.9,63.1,1.6,17.6,14.5,17.6,67.6,74.8,80.0,40.1,84.5,39.7
"A0308","Alameda","Pleasanton, Livermore","https://www.californiahealthmaps.org?address=A0308","Male","Urinary",164555,18.5,11.8,27.8,106010,19.2,11.8,30.2,"","","","",23115,"","","",26310,"","","",5,66923,0.0,7.3,19.9,63.1,1.6,17.6,14.5,17.6,67.6,74.8,80.0,40.1,84.5,39.7
"A0308","Alameda","Pleasanton, Livermore","https://www.californiahealthmaps.org?address=A0308","Female","Urinary",170060,"","","",109275,"","","","","","","",22870,"","","",28640,"","","",5,66923,0.0,7.3,19.9,63.1,1.6,17.6,14.5,17.6,67.6,74.8,80.0,40.1,84.5,39.7
"A0308","Alameda","Pleasanton, Livermore","https://www.californiahealthmaps.org?address=A0308","Male","Kidney",164555,27.5,19.6,37.9,106010,26.3,17.4,39.0,"","","","",23115,"","","",26310,"","","",5,66923,0.0,7.3,19.9,63.1,1.6,17.6,14.5,17.6,67.6,74.8,80.0,40.1,84.5,39.7
"A0308","Alameda","Pleasanton, Livermore","https://www.californiahealthmaps.org?address=A0308","Female","Kidney",170060,8.4,4.7,14.7,109275,"","","","","","","",22870,"","","",28640,"","","",5,66923,0.0,7.3,19.9,63.1,1.6,17.6,14.5,17.6,67.6,74.8,80.0,40.1,84.5,39.7
"A0308","Alameda","Pleasanton, Livermore","https://www.californiahealthmaps.org?address=A0308","Male","Thyroid",164555,12.2,7.0,20.1,106010,15.5,8.7,26.5,"","","","",23115,"","","",26310,"","","",5,66923,0.0,7.3,19.9,63.1,1.6,17.6,14.5,17.6,67.6,74.8,80.0,40.1,84.5,39.7
"A0308","Alameda","Pleasanton, Livermore","https://www.californiahealthmaps.org?address=A0308","Female","Thyroid",170060,22.4,16.2,31.0,109275,21.8,14.3,33.3,"","","","",22870,"","","",28640,"","","",5,66923,0.0,7.3,19.9,63.1,1.6,17.6,14.5,17.6,67.6,74.8,80.0,40.1,84.5,39.7
"A0308","Alameda","Pleasanton, Livermore","https://www.californiahealthmaps.org?address=A0308","Male","Liver",164555,15.2,9.7,23.1,106010,13.0,7.5,22.1,"","","","",23115,"","","",26310,"","","",5,66923,0.0,7.3,19.9,63.1,1.6,17.6,14.5,17.6,67.6,74.8,80.0,40.1,84.5,39.7
"A0308","Alameda","Pleasanton, Livermore","https://www.californiahealthmaps.org?address=A0308","Female","Liver",170060,"","","",109275,"","","","","","","",22870,"","","",28640,"","","",5,66923,0.0,7.3,19.9,63.1,1.6,17.6,14.5,17.6,67.6,74.8,80.0,40.1,84.5,39.7
"A0308","Alameda","Pleasanton, Livermore","https://www.californiahealthmaps.org?address=A0308","Male","Pancreas",164555,15.7,9.9,23.9,106010,17.2,10.6,27.5,"","","","",23115,"","","",26310,"","","",5,66923,0.0,7.3,19.9,63.1,1.6,17.6,14.5,17.6,67.6,74.8,80.0,40.1,84.5,39.7
"A0308","Alameda","Pleasanton, Livermore","https://www.californiahealthmaps.org?address=A0308","Female","Pancreas",170060,11.1,6.8,17.8,109275,11.9,6.9,20.8,"","","","",22870,"","","",28640,"","","",5,66923,0.0,7.3,19.9,63.1,1.6,17.6,14.5,17.6,67.6,74.8,80.0,40.1,84.5,39.7
"A0308","Alameda","Pleasanton, Livermore","https://www.californiahealthmaps.org?address=A0308","Both","AllSite",334615,496.8,473.3,521.4,215285,497.2,470.1,525.8,"","","","",45985,472.5,389.2,570.8,54950,433.9,366.1,513.8,5,66923,0.0,7.3,19.9,63.1,1.6,17.6,14.5,17.6,67.6,74.8,80.0,40.1,84.5,39.7
"A0308","Alameda","Pleasanton, Livermore","https://www.californiahealthmaps.org?address=A0308","Both","Lung",334615,51.4,43.8,60.2,215285,49.7,41.4,59.6,"","","","",45985,"","","",54950,60.5,35.3,99.9,5,66923,0.0,7.3,19.9,63.1,1.6,17.6,14.5,17.6,67.6,74.8,80.0,40.1,84.5,39.7
"A0308","Alameda","Pleasanton, Livermore","https://www.californiahealthmaps.org?address=A0308","Both","CRC",334615,50.2,42.8,58.7,215285,47.6,39.4,57.5,"","","","",45985,"","","",54950,51.5,30.1,86.5,5,66923,0.0,7.3,19.9,63.1,1.6,17.6,14.5,17.6,67.6,74.8,80.0,40.1,84.5,39.7
"A0308","Alameda","Pleasanton, Livermore","https://www.californiahealthmaps.org?address=A0308","Both","Mela",334615,42.0,35.5,49.6,215285,44.6,36.9,54.0,"","","","",45985,"","","",54950,"","","",5,66923,0.0,7.3,19.9,63.1,1.6,17.6,14.5,17.6,67.6,74.8,80.0,40.1,84.5,39.7
"A0308","Alameda","Pleasanton, Livermore","https://www.californiahealthmaps.org?address=A0308","Both","Lymph",334615,16.5,12.5,21.7,215285,15.5,10.8,22.1,"","","","",45985,"","","",54950,"","","",5,66923,0.0,7.3,19.9,63.1,1.6,17.6,14.5,17.6,67.6,74.8,80.0,40.1,84.5,39.7
"A0308","Alameda","Pleasanton, Livermore","https://www.californiahealthmaps.org?address=A0308","Both","Urinary",334615,9.3,6.4,13.5,215285,9.8,6.4,14.9,"","","","",45985,"","","",54950,"","","",5,66923,0.0,7.3,19.9,63.1,1.6,17.6,14.5,17.6,67.6,74.8,80.0,40.1,84.5,39.7
"A0308","Alameda","Pleasanton, Livermore","https://www.californiahealthmaps.org?address=A0308","Both","Kidney",334615,16.9,12.7,22.2,215285,17.2,12.3,24.0,"","","","",45985,"","","",54950,"","","",5,66923,0.0,7.3,19.9,63.1,1.6,17.6,14.5,17.6,67.6,74.8,80.0,40.1,84.5,39.7
"A0308","Alameda","Pleasanton, Livermore","https://www.californiahealthmaps.org?address=A0308","Both","Thyroid",334615,17.2,13.0,22.5,215285,18.4,13.2,25.5,"","","","",45985,"","","",54950,"","","",5,66923,0.0,7.3,19.9,63.1,1.6,17.6,14.5,17.6,67.6,74.8,80.0,40.1,84.5,39.7
"A0308","Alameda","Pleasanton, Livermore","https://www.californiahealthmaps.org?address=A0308","Both","Liver",334615,9.2,6.3,13.2,215285,7.3,4.5,11.8,"","","","",45985,"","","",54950,"","","",5,66923,0.0,7.3,19.9,63.1,1.6,17.6,14.5,17.6,67.6,74.8,80.0,40.1,84.5,39.7
"A0308","Alameda","Pleasanton, Livermore","https://www.californiahealthmaps.org?address=A0308","Both","Pancreas",334615,13.5,9.8,18.3,215285,14.7,10.4,20.7,"","","","",45985,"","","",54950,"","","",5,66923,0.0,7.3,19.9,63.1,1.6,17.6,14.5,17.6,67.6,74.8,80.0,40.1,84.5,39.7
