"Zone","Counties","Cities","URL","Sex","Cancer","PopTot","AAIR","LCI","UCI","White_PopTot","White_AAIR","White_LCI","White_UCI","Black_PopTot","Black_AAIR","Black_LCI","Black_UCI","Hispanic_PopTot","Hispanic_AAIR","Hispanic_LCI","Hispanic_UCI","Asian_PopTot","Asian_AAIR","Asian_LCI","Asian_UCI","QNSES","PopAll","PerRural","PerUninsured","PerForeignBorn","PerWhite","PerBlack","PerAsian","PerHispanic"
"A0018","San Diego","Chula Vista, San Diego","https://www.californiahealthmaps.org?address=A0018","Male","AllSite",164230,666.7,599.1,742.1,35160,796.1,660.9,957.6,14765,665.8,430.6,1171.0,75020,753.5,630.3,898.2,32455,408.4,310.7,542.2,4,62218,3.8,14.1,32.3,20.7,6.8,22.6,46.9
"A0018","San Diego","Chula Vista, San Diego","https://www.californiahealthmaps.org?address=A0018","Female","AllSite",146860,460.5,415.6,509.7,25345,624.7,507.3,768.4,"","","","",72015,443.1,372.1,526.3,36455,416.7,346.0,500.4,4,62218,3.8,14.1,32.3,20.7,6.8,22.6,46.9
"A0018","San Diego","Chula Vista, San Diego","https://www.californiahealthmaps.org?address=A0018","Male","Prostate",164230,163.4,131.1,203.7,35160,168.2,111.1,253.6,14765,324.5,162.4,791.2,75020,205.0,142.1,291.3,32455,"","","",4,62218,3.8,14.1,32.3,20.7,6.8,22.6,46.9
"A0018","San Diego","Chula Vista, San Diego","https://www.californiahealthmaps.org?address=A0018","Female","Breast",146860,145.8,122.1,173.9,25345,204.1,145.2,289.4,"","","","",72015,148.9,111.6,198.4,36455,110.5,76.3,158.4,4,62218,3.8,14.1,32.3,20.7,6.8,22.6,46.9
"A0018","San Diego","Chula Vista, San Diego","https://www.californiahealthmaps.org?address=A0018","Male","Lung",164230,80.8,57.0,113.6,35160,99.1,52.5,177.4,14765,"","","",75020,"","","",32455,"","","",4,62218,3.8,14.1,32.3,20.7,6.8,22.6,46.9
"A0018","San Diego","Chula Vista, San Diego","https://www.californiahealthmaps.org?address=A0018","Female","Lung",146860,43.6,29.4,63.1,25345,"","","","","","","",72015,"","","",36455,"","","",4,62218,3.8,14.1,32.3,20.7,6.8,22.6,46.9
"A0018","San Diego","Chula Vista, San Diego","https://www.californiahealthmaps.org?address=A0018","Male","CRC",164230,63.5,44.3,91.2,35160,"","","",14765,"","","",75020,65.6,35.4,119.5,32455,"","","",4,62218,3.8,14.1,32.3,20.7,6.8,22.6,46.9
"A0018","San Diego","Chula Vista, San Diego","https://www.californiahealthmaps.org?address=A0018","Female","CRC",146860,41.9,28.5,60.2,25345,"","","","","","","",72015,59.5,33.4,100.5,36455,"","","",4,62218,3.8,14.1,32.3,20.7,6.8,22.6,46.9
"A0018","San Diego","Chula Vista, San Diego","https://www.californiahealthmaps.org?address=A0018","Male","Mela",164230,30.9,17.9,53.1,35160,77.4,41.0,143.9,14765,"","","",75020,"","","",32455,"","","",4,62218,3.8,14.1,32.3,20.7,6.8,22.6,46.9
"A0018","San Diego","Chula Vista, San Diego","https://www.californiahealthmaps.org?address=A0018","Female","Mela",146860,6.1,2.6,14.8,25345,"","","","","","","",72015,"","","",36455,"","","",4,62218,3.8,14.1,32.3,20.7,6.8,22.6,46.9
"A0018","San Diego","Chula Vista, San Diego","https://www.californiahealthmaps.org?address=A0018","Female","Uterine",146860,37.3,25.1,54.3,25345,"","","","","","","",72015,"","","",36455,48.8,28.5,83.0,4,62218,3.8,14.1,32.3,20.7,6.8,22.6,46.9
"A0018","San Diego","Chula Vista, San Diego","https://www.californiahealthmaps.org?address=A0018","Male","Lymph",164230,38.3,23.6,61.9,35160,"","","",14765,"","","",75020,"","","",32455,"","","",4,62218,3.8,14.1,32.3,20.7,6.8,22.6,46.9
"A0018","San Diego","Chula Vista, San Diego","https://www.californiahealthmaps.org?address=A0018","Female","Lymph",146860,15.1,8.4,26.6,25345,"","","","","","","",72015,"","","",36455,"","","",4,62218,3.8,14.1,32.3,20.7,6.8,22.6,46.9
"A0018","San Diego","Chula Vista, San Diego","https://www.californiahealthmaps.org?address=A0018","Male","Urinary",164230,16.3,7.4,34.9,35160,"","","",14765,"","","",75020,"","","",32455,"","","",4,62218,3.8,14.1,32.3,20.7,6.8,22.6,46.9
"A0018","San Diego","Chula Vista, San Diego","https://www.californiahealthmaps.org?address=A0018","Female","Urinary",146860,2.5,0.2,11.3,25345,"","","","","","","",72015,"","","",36455,"","","",4,62218,3.8,14.1,32.3,20.7,6.8,22.6,46.9
"A0018","San Diego","Chula Vista, San Diego","https://www.californiahealthmaps.org?address=A0018","Male","Kidney",164230,31.6,18.6,53.7,35160,"","","",14765,"","","",75020,"","","",32455,"","","",4,62218,3.8,14.1,32.3,20.7,6.8,22.6,46.9
"A0018","San Diego","Chula Vista, San Diego","https://www.californiahealthmaps.org?address=A0018","Female","Kidney",146860,9.6,4.7,19.4,25345,"","","","","","","",72015,"","","",36455,"","","",4,62218,3.8,14.1,32.3,20.7,6.8,22.6,46.9
"A0018","San Diego","Chula Vista, San Diego","https://www.californiahealthmaps.org?address=A0018","Male","Thyroid",164230,9.3,4.7,23.6,35160,"","","",14765,"","","",75020,"","","",32455,"","","",4,62218,3.8,14.1,32.3,20.7,6.8,22.6,46.9
"A0018","San Diego","Chula Vista, San Diego","https://www.californiahealthmaps.org?address=A0018","Female","Thyroid",146860,33.9,23.9,48.3,25345,"","","","","","","",72015,37.0,18.9,69.3,36455,41.3,23.4,72.9,4,62218,3.8,14.1,32.3,20.7,6.8,22.6,46.9
"A0018","San Diego","Chula Vista, San Diego","https://www.californiahealthmaps.org?address=A0018","Both","AllSite",311090,541.5,503.3,582.5,60505,700.5,611.4,801.3,22080,542.3,389.4,771.0,147035,559.9,495.3,632.2,68910,407.4,349.8,474.2,4,62218,3.8,14.1,32.3,20.7,6.8,22.6,46.9
"A0018","San Diego","Chula Vista, San Diego","https://www.californiahealthmaps.org?address=A0018","Both","Lung",311090,59.3,46.1,75.6,60505,91.2,58.2,138.2,22080,"","","",147035,40.4,23.6,66.4,68910,62.1,39.5,95.4,4,62218,3.8,14.1,32.3,20.7,6.8,22.6,46.9
"A0018","San Diego","Chula Vista, San Diego","https://www.californiahealthmaps.org?address=A0018","Both","CRC",311090,51.5,39.9,66.1,60505,53.8,31.1,89.9,22080,"","","",147035,63.2,42.2,93.0,68910,27.5,15.0,50.5,4,62218,3.8,14.1,32.3,20.7,6.8,22.6,46.9
"A0018","San Diego","Chula Vista, San Diego","https://www.californiahealthmaps.org?address=A0018","Both","Mela",311090,16.7,10.8,25.7,60505,53.0,31.9,86.9,22080,"","","",147035,"","","",68910,"","","",4,62218,3.8,14.1,32.3,20.7,6.8,22.6,46.9
"A0018","San Diego","Chula Vista, San Diego","https://www.californiahealthmaps.org?address=A0018","Both","Lymph",311090,24.8,17.5,35.1,60505,"","","",22080,"","","",147035,31.3,18.2,52.9,68910,"","","",4,62218,3.8,14.1,32.3,20.7,6.8,22.6,46.9
"A0018","San Diego","Chula Vista, San Diego","https://www.californiahealthmaps.org?address=A0018","Both","Urinary",311090,8.7,4.3,16.5,60505,"","","",22080,"","","",147035,"","","",68910,"","","",4,62218,3.8,14.1,32.3,20.7,6.8,22.6,46.9
"A0018","San Diego","Chula Vista, San Diego","https://www.californiahealthmaps.org?address=A0018","Both","Kidney",311090,19.0,12.7,28.3,60505,"","","",22080,"","","",147035,20.7,11.4,38.4,68910,"","","",4,62218,3.8,14.1,32.3,20.7,6.8,22.6,46.9
"A0018","San Diego","Chula Vista, San Diego","https://www.californiahealthmaps.org?address=A0018","Both","Thyroid",311090,21.8,15.7,30.5,60505,"","","",22080,"","","",147035,24.9,13.4,45.0,68910,27.0,16.1,47.8,4,62218,3.8,14.1,32.3,20.7,6.8,22.6,46.9
