"Zone","Counties","Cities","URL","Sex","Cancer","PopTot","AAIR","LCI","UCI","White_PopTot","White_AAIR","White_LCI","White_UCI","Black_PopTot","Black_AAIR","Black_LCI","Black_UCI","Hispanic_PopTot","Hispanic_AAIR","Hispanic_LCI","Hispanic_UCI","Asian_PopTot","Asian_AAIR","Asian_LCI","Asian_UCI","QNSES","PopAll","PerRural","PerUninsured","PerForeignBorn","PerWhite","PerBlack","PerAsian","PerHispanic","PerAPI","PerDocvisit","PerFOBT","PerMammo","PerMenPrev","PerPap","PerWomenPrev"
"A1051","Santa Barbara","Santa Barbara","https://www.californiahealthmaps.org?address=A1051","Male","AllSite",170490,501.9,470.6,535.0,92515,525.7,487.6,568.5,"","","","",68275,349.4,290.7,417.6,"","","","",4,68435,5.6,21.2,24.3,53.1,1.5,2.8,40.4,2.8,"","","","","",""
"A1051","Santa Barbara","Santa Barbara","https://www.californiahealthmaps.org?address=A1051","Female","AllSite",171685,458.8,429.6,489.9,98165,476.9,440.1,518.1,"","","","",63235,387.1,332.1,449.3,"","","","",4,68435,5.6,21.2,24.3,53.1,1.5,2.8,40.4,2.8,"","","","","",""
"A1051","Santa Barbara","Santa Barbara","https://www.californiahealthmaps.org?address=A1051","Male","Prostate",170490,90.3,77.6,104.9,92515,90.1,75.7,109.6,"","","","",68275,51.7,30.1,83.8,"","","","",4,68435,5.6,21.2,24.3,53.1,1.5,2.8,40.4,2.8,"","","","","",""
"A1051","Santa Barbara","Santa Barbara","https://www.californiahealthmaps.org?address=A1051","Female","Breast",171685,149.3,132.8,167.7,98165,166.0,144.5,192.1,"","","","",63235,98.9,72.2,133.2,"","","","",4,68435,5.6,21.2,24.3,53.1,1.5,2.8,40.4,2.8,"","","","","",""
"A1051","Santa Barbara","Santa Barbara","https://www.californiahealthmaps.org?address=A1051","Male","Lung",170490,45.8,36.7,56.8,92515,51.7,40.6,68.2,"","","","",68275,"","","","","","","",4,68435,5.6,21.2,24.3,53.1,1.5,2.8,40.4,2.8,"","","","","",""
"A1051","Santa Barbara","Santa Barbara","https://www.californiahealthmaps.org?address=A1051","Female","Lung",171685,32.3,25.3,41.2,98165,35.1,26.8,48.6,"","","","",63235,"","","","","","","",4,68435,5.6,21.2,24.3,53.1,1.5,2.8,40.4,2.8,"","","","","",""
"A1051","Santa Barbara","Santa Barbara","https://www.californiahealthmaps.org?address=A1051","Male","CRC",170490,35.3,27.4,45.2,92515,34.4,25.0,49.4,"","","","",68275,50.1,28.6,82.3,"","","","",4,68435,5.6,21.2,24.3,53.1,1.5,2.8,40.4,2.8,"","","","","",""
"A1051","Santa Barbara","Santa Barbara","https://www.californiahealthmaps.org?address=A1051","Female","CRC",171685,24.7,18.4,33.0,98165,24.4,16.4,38.1,"","","","",63235,"","","","","","","",4,68435,5.6,21.2,24.3,53.1,1.5,2.8,40.4,2.8,"","","","","",""
"A1051","Santa Barbara","Santa Barbara","https://www.californiahealthmaps.org?address=A1051","Male","Mela",170490,65.5,54.5,78.4,92515,74.9,61.0,94.0,"","","","",68275,"","","","","","","",4,68435,5.6,21.2,24.3,53.1,1.5,2.8,40.4,2.8,"","","","","",""
"A1051","Santa Barbara","Santa Barbara","https://www.californiahealthmaps.org?address=A1051","Female","Mela",171685,26.9,20.1,35.7,98165,35.8,25.4,51.8,"","","","",63235,"","","","","","","",4,68435,5.6,21.2,24.3,53.1,1.5,2.8,40.4,2.8,"","","","","",""
"A1051","Santa Barbara","Santa Barbara","https://www.californiahealthmaps.org?address=A1051","Female","Uterine",171685,31.9,24.5,41.2,98165,29.0,21.1,42.2,"","","","",63235,32.7,18.1,55.4,"","","","",4,68435,5.6,21.2,24.3,53.1,1.5,2.8,40.4,2.8,"","","","","",""
"A1051","Santa Barbara","Santa Barbara","https://www.californiahealthmaps.org?address=A1051","Male","Lymph",170490,30.0,22.7,39.4,92515,33.6,23.7,49.5,"","","","",68275,"","","","","","","",4,68435,5.6,21.2,24.3,53.1,1.5,2.8,40.4,2.8,"","","","","",""
"A1051","Santa Barbara","Santa Barbara","https://www.californiahealthmaps.org?address=A1051","Female","Lymph",171685,20.8,15.0,28.7,98165,17.4,11.5,29.2,"","","","",63235,28.7,15.9,49.2,"","","","",4,68435,5.6,21.2,24.3,53.1,1.5,2.8,40.4,2.8,"","","","","",""
"A1051","Santa Barbara","Santa Barbara","https://www.californiahealthmaps.org?address=A1051","Male","Urinary",170490,26.3,19.5,35.1,92515,27.9,20.1,41.5,"","","","",68275,"","","","","","","",4,68435,5.6,21.2,24.3,53.1,1.5,2.8,40.4,2.8,"","","","","",""
"A1051","Santa Barbara","Santa Barbara","https://www.californiahealthmaps.org?address=A1051","Female","Urinary",171685,"","","",98165,"","","","","","","",63235,"","","","","","","",4,68435,5.6,21.2,24.3,53.1,1.5,2.8,40.4,2.8,"","","","","",""
"A1051","Santa Barbara","Santa Barbara","https://www.californiahealthmaps.org?address=A1051","Male","Kidney",170490,24.2,17.7,32.7,92515,25.4,16.8,40.0,"","","","",68275,"","","","","","","",4,68435,5.6,21.2,24.3,53.1,1.5,2.8,40.4,2.8,"","","","","",""
"A1051","Santa Barbara","Santa Barbara","https://www.californiahealthmaps.org?address=A1051","Female","Kidney",171685,11.1,7.0,17.3,98165,10.2,5.8,21.0,"","","","",63235,"","","","","","","",4,68435,5.6,21.2,24.3,53.1,1.5,2.8,40.4,2.8,"","","","","",""
"A1051","Santa Barbara","Santa Barbara","https://www.californiahealthmaps.org?address=A1051","Male","Thyroid",170490,8.2,4.5,14.1,92515,"","","","","","","",68275,"","","","","","","",4,68435,5.6,21.2,24.3,53.1,1.5,2.8,40.4,2.8,"","","","","",""
"A1051","Santa Barbara","Santa Barbara","https://www.californiahealthmaps.org?address=A1051","Female","Thyroid",171685,36.8,28.4,47.3,98165,36.1,24.6,53.4,"","","","",63235,43.4,27.2,67.2,"","","","",4,68435,5.6,21.2,24.3,53.1,1.5,2.8,40.4,2.8,"","","","","",""
"A1051","Santa Barbara","Santa Barbara","https://www.californiahealthmaps.org?address=A1051","Male","Liver",170490,22.5,16.5,30.5,92515,15.4,9.9,27.2,"","","","",68275,41.5,23.5,69.6,"","","","",4,68435,5.6,21.2,24.3,53.1,1.5,2.8,40.4,2.8,"","","","","",""
"A1051","Santa Barbara","Santa Barbara","https://www.californiahealthmaps.org?address=A1051","Female","Liver",171685,"","","",98165,"","","","","","","",63235,"","","","","","","",4,68435,5.6,21.2,24.3,53.1,1.5,2.8,40.4,2.8,"","","","","",""
"A1051","Santa Barbara","Santa Barbara","https://www.californiahealthmaps.org?address=A1051","Male","Pancreas",170490,16.1,10.9,23.3,92515,18.7,11.8,31.9,"","","","",68275,"","","","","","","",4,68435,5.6,21.2,24.3,53.1,1.5,2.8,40.4,2.8,"","","","","",""
"A1051","Santa Barbara","Santa Barbara","https://www.californiahealthmaps.org?address=A1051","Female","Pancreas",171685,13.0,8.7,19.3,98165,15.1,9.8,26.3,"","","","",63235,"","","","","","","",4,68435,5.6,21.2,24.3,53.1,1.5,2.8,40.4,2.8,"","","","","",""
"A1051","Santa Barbara","Santa Barbara","https://www.californiahealthmaps.org?address=A1051","Both","AllSite",342175,474.2,453.0,496.2,190680,495.6,469.2,524.1,"","","","",131510,363.3,323.4,407.2,"","","","",4,68435,5.6,21.2,24.3,53.1,1.5,2.8,40.4,2.8,"","","","","",""
"A1051","Santa Barbara","Santa Barbara","https://www.californiahealthmaps.org?address=A1051","Both","Lung",342175,38.3,32.5,44.9,190680,42.5,35.6,51.9,"","","","",131510,24.1,14.6,38.2,"","","","",4,68435,5.6,21.2,24.3,53.1,1.5,2.8,40.4,2.8,"","","","","",""
"A1051","Santa Barbara","Santa Barbara","https://www.californiahealthmaps.org?address=A1051","Both","CRC",342175,29.7,24.6,35.7,190680,29.2,22.9,38.1,"","","","",131510,38.0,25.5,54.9,"","","","",4,68435,5.6,21.2,24.3,53.1,1.5,2.8,40.4,2.8,"","","","","",""
"A1051","Santa Barbara","Santa Barbara","https://www.californiahealthmaps.org?address=A1051","Both","Mela",342175,44.5,38.2,51.8,190680,53.6,45.0,64.7,"","","","",131510,"","","","","","","",4,68435,5.6,21.2,24.3,53.1,1.5,2.8,40.4,2.8,"","","","","",""
"A1051","Santa Barbara","Santa Barbara","https://www.californiahealthmaps.org?address=A1051","Both","Lymph",342175,25.0,20.3,30.7,190680,25.2,19.3,33.8,"","","","",131510,26.7,16.9,40.8,"","","","",4,68435,5.6,21.2,24.3,53.1,1.5,2.8,40.4,2.8,"","","","","",""
"A1051","Santa Barbara","Santa Barbara","https://www.californiahealthmaps.org?address=A1051","Both","Urinary",342175,14.4,11.0,18.7,190680,15.3,11.4,21.9,"","","","",131510,"","","","","","","",4,68435,5.6,21.2,24.3,53.1,1.5,2.8,40.4,2.8,"","","","","",""
"A1051","Santa Barbara","Santa Barbara","https://www.californiahealthmaps.org?address=A1051","Both","Kidney",342175,17.2,13.4,22.0,190680,17.5,12.6,25.1,"","","","",131510,19.0,11.1,31.2,"","","","",4,68435,5.6,21.2,24.3,53.1,1.5,2.8,40.4,2.8,"","","","","",""
"A1051","Santa Barbara","Santa Barbara","https://www.californiahealthmaps.org?address=A1051","Both","Thyroid",342175,22.5,17.9,28.2,190680,22.7,16.4,32.0,"","","","",131510,22.9,14.5,35.2,"","","","",4,68435,5.6,21.2,24.3,53.1,1.5,2.8,40.4,2.8,"","","","","",""
"A1051","Santa Barbara","Santa Barbara","https://www.californiahealthmaps.org?address=A1051","Both","Liver",342175,12.8,9.6,16.9,190680,9.9,6.6,16.2,"","","","",131510,21.2,12.3,34.5,"","","","",4,68435,5.6,21.2,24.3,53.1,1.5,2.8,40.4,2.8,"","","","","",""
"A1051","Santa Barbara","Santa Barbara","https://www.californiahealthmaps.org?address=A1051","Both","Pancreas",342175,14.5,11.1,19.0,190680,16.9,12.4,24.2,"","","","",131510,"","","","","","","",4,68435,5.6,21.2,24.3,53.1,1.5,2.8,40.4,2.8,"","","","","",""
