"Zone","Counties","Cities","URL","Sex","Cancer","PopTot","AAIR","LCI","UCI","White_PopTot","White_AAIR","White_LCI","White_UCI","Black_PopTot","Black_AAIR","Black_LCI","Black_UCI","Hispanic_PopTot","Hispanic_AAIR","Hispanic_LCI","Hispanic_UCI","Asian_PopTot","Asian_AAIR","Asian_LCI","Asian_UCI","QNSES","PopAll","PerRural","PerUninsured","PerForeignBorn","PerWhite","PerBlack","PerAsian","PerHispanic","PerAPI","PerDocvisit","PerFOBT","PerMammo","PerMenPrev","PerPap","PerWomenPrev"
"A1048","San Diego","Poway, San Diego","https://www.californiahealthmaps.org?address=A1048","Male","AllSite",169115,489.9,454.5,527.7,105535,481.1,441.1,524.2,"","","","",21970,514.9,359.9,727.7,30955,443.2,345.1,563.4,5,69289,0.0,7.8,21.3,58.7,2.2,19.5,14.5,19.5,"","","","","",""
"A1048","San Diego","Poway, San Diego","https://www.californiahealthmaps.org?address=A1048","Female","AllSite",177330,426.8,397.7,457.7,109130,435.4,400.2,473.8,"","","","",23470,361.7,270.0,478.2,34645,399.4,331.1,479.6,5,69289,0.0,7.8,21.3,58.7,2.2,19.5,14.5,19.5,"","","","","",""
"A1048","San Diego","Poway, San Diego","https://www.californiahealthmaps.org?address=A1048","Male","Prostate",169115,127.3,109.5,147.4,105535,118.0,98.7,140.5,"","","","",21970,159.6,87.8,290.0,30955,106.7,59.9,178.2,5,69289,0.0,7.8,21.3,58.7,2.2,19.5,14.5,19.5,"","","","","",""
"A1048","San Diego","Poway, San Diego","https://www.californiahealthmaps.org?address=A1048","Female","Breast",177330,165.2,147.3,184.8,109130,164.3,143.0,188.7,"","","","",23470,144.7,90.3,224.4,34645,170.2,128.7,223.4,5,69289,0.0,7.8,21.3,58.7,2.2,19.5,14.5,19.5,"","","","","",""
"A1048","San Diego","Poway, San Diego","https://www.californiahealthmaps.org?address=A1048","Male","Lung",169115,52.1,40.4,66.2,105535,55.6,42.1,72.5,"","","","",21970,"","","",30955,"","","",5,69289,0.0,7.8,21.3,58.7,2.2,19.5,14.5,19.5,"","","","","",""
"A1048","San Diego","Poway, San Diego","https://www.californiahealthmaps.org?address=A1048","Female","Lung",177330,36.7,28.4,47.0,109130,40.2,30.2,53.4,"","","","",23470,"","","",34645,"","","",5,69289,0.0,7.8,21.3,58.7,2.2,19.5,14.5,19.5,"","","","","",""
"A1048","San Diego","Poway, San Diego","https://www.californiahealthmaps.org?address=A1048","Male","CRC",169115,40.7,31.2,52.6,105535,40.6,29.9,54.6,"","","","",21970,"","","",30955,"","","",5,69289,0.0,7.8,21.3,58.7,2.2,19.5,14.5,19.5,"","","","","",""
"A1048","San Diego","Poway, San Diego","https://www.californiahealthmaps.org?address=A1048","Female","CRC",177330,24.5,18.0,32.9,109130,21.7,14.7,32.1,"","","","",23470,"","","",34645,"","","",5,69289,0.0,7.8,21.3,58.7,2.2,19.5,14.5,19.5,"","","","","",""
"A1048","San Diego","Poway, San Diego","https://www.californiahealthmaps.org?address=A1048","Male","Mela",169115,42.1,32.4,54.1,105535,46.3,34.7,61.0,"","","","",21970,"","","",30955,"","","",5,69289,0.0,7.8,21.3,58.7,2.2,19.5,14.5,19.5,"","","","","",""
"A1048","San Diego","Poway, San Diego","https://www.californiahealthmaps.org?address=A1048","Female","Mela",177330,28.3,21.4,37.1,109130,35.6,25.9,48.8,"","","","",23470,"","","",34645,"","","",5,69289,0.0,7.8,21.3,58.7,2.2,19.5,14.5,19.5,"","","","","",""
"A1048","San Diego","Poway, San Diego","https://www.californiahealthmaps.org?address=A1048","Female","Uterine",177330,22.1,16.0,30.1,109130,23.1,15.8,33.8,"","","","",23470,"","","",34645,"","","",5,69289,0.0,7.8,21.3,58.7,2.2,19.5,14.5,19.5,"","","","","",""
"A1048","San Diego","Poway, San Diego","https://www.californiahealthmaps.org?address=A1048","Male","Lymph",169115,30.0,21.9,40.5,105535,26.6,17.9,38.6,"","","","",21970,"","","",30955,"","","",5,69289,0.0,7.8,21.3,58.7,2.2,19.5,14.5,19.5,"","","","","",""
"A1048","San Diego","Poway, San Diego","https://www.californiahealthmaps.org?address=A1048","Female","Lymph",177330,15.9,10.7,23.0,109130,16.1,9.9,25.8,"","","","",23470,"","","",34645,"","","",5,69289,0.0,7.8,21.3,58.7,2.2,19.5,14.5,19.5,"","","","","",""
"A1048","San Diego","Poway, San Diego","https://www.californiahealthmaps.org?address=A1048","Male","Urinary",169115,14.3,8.5,22.7,105535,13.7,7.6,23.5,"","","","",21970,"","","",30955,"","","",5,69289,0.0,7.8,21.3,58.7,2.2,19.5,14.5,19.5,"","","","","",""
"A1048","San Diego","Poway, San Diego","https://www.californiahealthmaps.org?address=A1048","Female","Urinary",177330,"","","",109130,"","","","","","","",23470,"","","",34645,"","","",5,69289,0.0,7.8,21.3,58.7,2.2,19.5,14.5,19.5,"","","","","",""
"A1048","San Diego","Poway, San Diego","https://www.californiahealthmaps.org?address=A1048","Male","Kidney",169115,25.2,17.7,35.1,105535,25.5,16.9,37.6,"","","","",21970,"","","",30955,"","","",5,69289,0.0,7.8,21.3,58.7,2.2,19.5,14.5,19.5,"","","","","",""
"A1048","San Diego","Poway, San Diego","https://www.californiahealthmaps.org?address=A1048","Female","Kidney",177330,7.9,4.5,13.4,109130,"","","","","","","",23470,"","","",34645,"","","",5,69289,0.0,7.8,21.3,58.7,2.2,19.5,14.5,19.5,"","","","","",""
"A1048","San Diego","Poway, San Diego","https://www.californiahealthmaps.org?address=A1048","Male","Thyroid",169115,"","","",105535,"","","","","","","",21970,"","","",30955,"","","",5,69289,0.0,7.8,21.3,58.7,2.2,19.5,14.5,19.5,"","","","","",""
"A1048","San Diego","Poway, San Diego","https://www.californiahealthmaps.org?address=A1048","Female","Thyroid",177330,21.7,15.5,29.9,109130,21.6,13.7,33.2,"","","","",23470,"","","",34645,"","","",5,69289,0.0,7.8,21.3,58.7,2.2,19.5,14.5,19.5,"","","","","",""
"A1048","San Diego","Poway, San Diego","https://www.californiahealthmaps.org?address=A1048","Male","Liver",169115,10.3,5.8,17.4,105535,"","","","","","","",21970,"","","",30955,"","","",5,69289,0.0,7.8,21.3,58.7,2.2,19.5,14.5,19.5,"","","","","",""
"A1048","San Diego","Poway, San Diego","https://www.californiahealthmaps.org?address=A1048","Female","Liver",177330,"","","",109130,"","","","","","","",23470,"","","",34645,"","","",5,69289,0.0,7.8,21.3,58.7,2.2,19.5,14.5,19.5,"","","","","",""
"A1048","San Diego","Poway, San Diego","https://www.californiahealthmaps.org?address=A1048","Male","Pancreas",169115,13.5,8.3,21.1,105535,12.4,6.9,21.3,"","","","",21970,"","","",30955,"","","",5,69289,0.0,7.8,21.3,58.7,2.2,19.5,14.5,19.5,"","","","","",""
"A1048","San Diego","Poway, San Diego","https://www.californiahealthmaps.org?address=A1048","Female","Pancreas",177330,12.9,8.3,19.5,109130,11.0,6.3,19.2,"","","","",23470,"","","",34645,"","","",5,69289,0.0,7.8,21.3,58.7,2.2,19.5,14.5,19.5,"","","","","",""
"A1048","San Diego","Poway, San Diego","https://www.californiahealthmaps.org?address=A1048","Both","AllSite",346445,448.2,425.9,471.4,214665,450.2,424.0,477.9,"","","","",45440,403.5,324.4,498.7,65600,402.5,346.9,465.6,5,69289,0.0,7.8,21.3,58.7,2.2,19.5,14.5,19.5,"","","","","",""
"A1048","San Diego","Poway, San Diego","https://www.californiahealthmaps.org?address=A1048","Both","Lung",346445,43.4,36.4,51.5,214665,47.1,38.8,57.0,"","","","",45440,"","","",65600,35.8,20.0,60.3,5,69289,0.0,7.8,21.3,58.7,2.2,19.5,14.5,19.5,"","","","","",""
"A1048","San Diego","Poway, San Diego","https://www.californiahealthmaps.org?address=A1048","Both","CRC",346445,31.7,26.1,38.4,214665,30.5,24.2,38.4,"","","","",45440,"","","",65600,45.7,27.8,72.2,5,69289,0.0,7.8,21.3,58.7,2.2,19.5,14.5,19.5,"","","","","",""
"A1048","San Diego","Poway, San Diego","https://www.californiahealthmaps.org?address=A1048","Both","Mela",346445,33.8,28.0,40.5,214665,39.7,32.3,48.7,"","","","",45440,"","","",65600,"","","",5,69289,0.0,7.8,21.3,58.7,2.2,19.5,14.5,19.5,"","","","","",""
"A1048","San Diego","Poway, San Diego","https://www.californiahealthmaps.org?address=A1048","Both","Lymph",346445,22.0,17.3,27.7,214665,21.0,15.7,28.1,"","","","",45440,"","","",65600,"","","",5,69289,0.0,7.8,21.3,58.7,2.2,19.5,14.5,19.5,"","","","","",""
"A1048","San Diego","Poway, San Diego","https://www.californiahealthmaps.org?address=A1048","Both","Urinary",346445,7.7,4.9,11.6,214665,8.1,4.9,13.0,"","","","",45440,"","","",65600,"","","",5,69289,0.0,7.8,21.3,58.7,2.2,19.5,14.5,19.5,"","","","","",""
"A1048","San Diego","Poway, San Diego","https://www.californiahealthmaps.org?address=A1048","Both","Kidney",346445,15.8,11.8,20.8,214665,15.9,11.2,22.3,"","","","",45440,"","","",65600,"","","",5,69289,0.0,7.8,21.3,58.7,2.2,19.5,14.5,19.5,"","","","","",""
"A1048","San Diego","Poway, San Diego","https://www.californiahealthmaps.org?address=A1048","Both","Thyroid",346445,13.3,9.8,17.9,214665,13.3,8.8,19.5,"","","","",45440,"","","",65600,"","","",5,69289,0.0,7.8,21.3,58.7,2.2,19.5,14.5,19.5,"","","","","",""
"A1048","San Diego","Poway, San Diego","https://www.californiahealthmaps.org?address=A1048","Both","Liver",346445,7.6,4.9,11.3,214665,"","","","","","","",45440,"","","",65600,"","","",5,69289,0.0,7.8,21.3,58.7,2.2,19.5,14.5,19.5,"","","","","",""
"A1048","San Diego","Poway, San Diego","https://www.californiahealthmaps.org?address=A1048","Both","Pancreas",346445,13.1,9.5,17.6,214665,11.5,7.9,16.8,"","","","",45440,"","","",65600,"","","",5,69289,0.0,7.8,21.3,58.7,2.2,19.5,14.5,19.5,"","","","","",""
