"Zone","Counties","Cities","URL","Sex","Cancer","PopTot","AAIR","LCI","UCI","White_PopTot","White_AAIR","White_LCI","White_UCI","Black_PopTot","Black_AAIR","Black_LCI","Black_UCI","Hispanic_PopTot","Hispanic_AAIR","Hispanic_LCI","Hispanic_UCI","Asian_PopTot","Asian_AAIR","Asian_LCI","Asian_UCI","QNSES","PopAll","PerRural","PerUninsured","PerForeignBorn","PerWhite","PerBlack","PerAsian","PerHispanic"
"A0534","Los Angeles","Walnut, West Covina","https://www.californiahealthmaps.org?address=A0534","Male","AllSite",156110,466.7,432.1,503.5,34005,540.7,475.3,619.2,"","","","",62330,525.2,449.5,612.7,50175,343.3,290.2,404.4,4,64509,0.0,13.6,34.8,21.3,3.7,32.7,40.0
"A0534","Los Angeles","Walnut, West Covina","https://www.californiahealthmaps.org?address=A0534","Female","AllSite",166435,394.3,366.3,424.1,35215,467.1,406.1,541.1,"","","","",67490,376.2,326.4,432.4,54255,355.1,310.1,407.4,4,64509,0.0,13.6,34.8,21.3,3.7,32.7,40.0
"A0534","Los Angeles","Walnut, West Covina","https://www.californiahealthmaps.org?address=A0534","Male","Prostate",156110,114.0,97.4,132.8,34005,113.5,87.6,154.0,"","","","",62330,154.9,114.3,208.2,50175,66.6,46.2,95.1,4,64509,0.0,13.6,34.8,21.3,3.7,32.7,40.0
"A0534","Los Angeles","Walnut, West Covina","https://www.californiahealthmaps.org?address=A0534","Female","Breast",166435,130.3,114.5,147.9,35215,169.6,132.4,221.0,"","","","",67490,98.8,74.8,129.3,54255,127.1,101.7,159.9,4,64509,0.0,13.6,34.8,21.3,3.7,32.7,40.0
"A0534","Los Angeles","Walnut, West Covina","https://www.californiahealthmaps.org?address=A0534","Male","Lung",156110,51.8,40.5,65.6,34005,55.4,38.0,88.9,"","","","",62330,"","","",50175,56.7,35.6,87.0,4,64509,0.0,13.6,34.8,21.3,3.7,32.7,40.0
"A0534","Los Angeles","Walnut, West Covina","https://www.californiahealthmaps.org?address=A0534","Female","Lung",166435,43.0,34.3,53.8,35215,43.6,30.1,73.0,"","","","",67490,"","","",54255,50.4,34.1,75.0,4,64509,0.0,13.6,34.8,21.3,3.7,32.7,40.0
"A0534","Los Angeles","Walnut, West Covina","https://www.californiahealthmaps.org?address=A0534","Male","CRC",156110,46.9,36.3,59.8,34005,56.3,37.1,91.8,"","","","",62330,63.6,37.1,104.4,50175,40.3,22.6,67.6,4,64509,0.0,13.6,34.8,21.3,3.7,32.7,40.0
"A0534","Los Angeles","Walnut, West Covina","https://www.californiahealthmaps.org?address=A0534","Female","CRC",166435,32.1,24.6,41.6,35215,31.5,19.9,59.7,"","","","",67490,34.4,20.0,56.1,54255,28.9,17.2,49.2,4,64509,0.0,13.6,34.8,21.3,3.7,32.7,40.0
"A0534","Los Angeles","Walnut, West Covina","https://www.californiahealthmaps.org?address=A0534","Male","Mela",156110,29.7,21.2,40.7,34005,60.4,39.9,97.3,"","","","",62330,"","","",50175,"","","",4,64509,0.0,13.6,34.8,21.3,3.7,32.7,40.0
"A0534","Los Angeles","Walnut, West Covina","https://www.californiahealthmaps.org?address=A0534","Female","Mela",166435,6.0,2.8,11.6,35215,"","","","","","","",67490,"","","",54255,"","","",4,64509,0.0,13.6,34.8,21.3,3.7,32.7,40.0
"A0534","Los Angeles","Walnut, West Covina","https://www.californiahealthmaps.org?address=A0534","Female","Uterine",166435,34.5,26.7,44.3,35215,50.9,34.4,82.9,"","","","",67490,30.7,18.3,50.0,54255,21.2,11.5,39.9,4,64509,0.0,13.6,34.8,21.3,3.7,32.7,40.0
"A0534","Los Angeles","Walnut, West Covina","https://www.californiahealthmaps.org?address=A0534","Male","Lymph",156110,28.0,20.1,38.3,34005,25.2,14.0,54.7,"","","","",62330,27.9,15.3,53.4,50175,"","","",4,64509,0.0,13.6,34.8,21.3,3.7,32.7,40.0
"A0534","Los Angeles","Walnut, West Covina","https://www.californiahealthmaps.org?address=A0534","Female","Lymph",166435,14.1,9.2,21.0,35215,"","","","","","","",67490,"","","",54255,"","","",4,64509,0.0,13.6,34.8,21.3,3.7,32.7,40.0
"A0534","Los Angeles","Walnut, West Covina","https://www.californiahealthmaps.org?address=A0534","Male","Urinary",156110,16.7,10.8,25.0,34005,"","","","","","","",62330,"","","",50175,"","","",4,64509,0.0,13.6,34.8,21.3,3.7,32.7,40.0
"A0534","Los Angeles","Walnut, West Covina","https://www.californiahealthmaps.org?address=A0534","Female","Urinary",166435,4.0,1.6,8.7,35215,"","","","","","","",67490,"","","",54255,"","","",4,64509,0.0,13.6,34.8,21.3,3.7,32.7,40.0
"A0534","Los Angeles","Walnut, West Covina","https://www.californiahealthmaps.org?address=A0534","Male","Kidney",156110,24.9,17.6,34.5,34005,"","","","","","","",62330,46.4,27.0,78.9,50175,"","","",4,64509,0.0,13.6,34.8,21.3,3.7,32.7,40.0
"A0534","Los Angeles","Walnut, West Covina","https://www.californiahealthmaps.org?address=A0534","Female","Kidney",166435,10.2,6.3,16.0,35215,"","","","","","","",67490,"","","",54255,"","","",4,64509,0.0,13.6,34.8,21.3,3.7,32.7,40.0
"A0534","Los Angeles","Walnut, West Covina","https://www.californiahealthmaps.org?address=A0534","Male","Thyroid",156110,7.6,4.2,13.1,34005,"","","","","","","",62330,"","","",50175,"","","",4,64509,0.0,13.6,34.8,21.3,3.7,32.7,40.0
"A0534","Los Angeles","Walnut, West Covina","https://www.californiahealthmaps.org?address=A0534","Female","Thyroid",166435,29.2,21.7,38.8,35215,"","","","","","","",67490,33.0,20.2,52.5,54255,33.7,20.5,55.7,4,64509,0.0,13.6,34.8,21.3,3.7,32.7,40.0
"A0534","Los Angeles","Walnut, West Covina","https://www.californiahealthmaps.org?address=A0534","Both","AllSite",322545,420.8,399.2,443.4,69220,495.1,450.7,545.8,11395,396.1,285.6,549.2,129820,431.2,389.1,477.2,104430,342.9,309.1,380.3,4,64509,0.0,13.6,34.8,21.3,3.7,32.7,40.0
"A0534","Los Angeles","Walnut, West Covina","https://www.californiahealthmaps.org?address=A0534","Both","Lung",322545,45.7,38.8,53.7,69220,48.0,37.1,66.1,11395,"","","",129820,29.7,19.0,44.8,104430,50.7,38.0,67.3,4,64509,0.0,13.6,34.8,21.3,3.7,32.7,40.0
"A0534","Los Angeles","Walnut, West Covina","https://www.californiahealthmaps.org?address=A0534","Both","CRC",322545,37.5,31.4,44.7,69220,42.6,31.3,61.2,11395,"","","",129820,43.5,30.3,61.1,104430,32.5,22.4,46.6,4,64509,0.0,13.6,34.8,21.3,3.7,32.7,40.0
"A0534","Los Angeles","Walnut, West Covina","https://www.californiahealthmaps.org?address=A0534","Both","Mela",322545,15.7,11.6,20.8,69220,34.6,23.1,54.1,11395,"","","",129820,"","","",104430,"","","",4,64509,0.0,13.6,34.8,21.3,3.7,32.7,40.0
"A0534","Los Angeles","Walnut, West Covina","https://www.californiahealthmaps.org?address=A0534","Both","Lymph",322545,20.3,15.7,25.9,69220,21.4,13.9,37.0,11395,"","","",129820,20.1,12.4,31.9,104430,14.3,7.8,25.1,4,64509,0.0,13.6,34.8,21.3,3.7,32.7,40.0
"A0534","Los Angeles","Walnut, West Covina","https://www.californiahealthmaps.org?address=A0534","Both","Urinary",322545,9.8,6.7,13.9,69220,13.5,7.2,28.7,11395,"","","",129820,"","","",104430,"","","",4,64509,0.0,13.6,34.8,21.3,3.7,32.7,40.0
"A0534","Los Angeles","Walnut, West Covina","https://www.californiahealthmaps.org?address=A0534","Both","Kidney",322545,16.8,12.8,21.8,69220,12.3,6.9,26.5,11395,"","","",129820,28.6,19.0,42.2,104430,"","","",4,64509,0.0,13.6,34.8,21.3,3.7,32.7,40.0
"A0534","Los Angeles","Walnut, West Covina","https://www.californiahealthmaps.org?address=A0534","Both","Thyroid",322545,19.1,14.7,24.5,69220,17.2,9.0,34.3,11395,"","","",129820,19.6,12.2,31.0,104430,23.1,15.1,35.2,4,64509,0.0,13.6,34.8,21.3,3.7,32.7,40.0
