"Zone","Counties","Cities","URL","Sex","Cancer","PopTot","AAIR","LCI","UCI","White_PopTot","White_AAIR","White_LCI","White_UCI","Black_PopTot","Black_AAIR","Black_LCI","Black_UCI","Hispanic_PopTot","Hispanic_AAIR","Hispanic_LCI","Hispanic_UCI","Asian_PopTot","Asian_AAIR","Asian_LCI","Asian_UCI","QNSES","PopAll","PerRural","PerUninsured","PerForeignBorn","PerWhite","PerBlack","PerAsian","PerHispanic"
"A0414","Los Angeles","Santa Clarita","https://www.californiahealthmaps.org?address=A0414","Male","AllSite",168625,488.7,445.1,536.0,90220,512.9,461.6,569.0,14145,481.5,238.4,985.4,41245,464.0,319.5,662.4,17885,468.5,337.9,640.2,5,62214,0.0,8.0,18.4,55.8,4.4,12.3,21.6
"A0414","Los Angeles","Santa Clarita","https://www.californiahealthmaps.org?address=A0414","Female","AllSite",142445,476.2,440.2,514.5,90050,489.4,446.4,536.0,"","","","",23285,411.7,315.8,529.6,20290,491.5,385.6,623.0,5,62214,0.0,8.0,18.4,55.8,4.4,12.3,21.6
"A0414","Los Angeles","Santa Clarita","https://www.californiahealthmaps.org?address=A0414","Male","Prostate",168625,125.8,104.5,150.8,90220,114.0,91.2,141.8,14145,"","","",41245,"","","",17885,"","","",5,62214,0.0,8.0,18.4,55.8,4.4,12.3,21.6
"A0414","Los Angeles","Santa Clarita","https://www.californiahealthmaps.org?address=A0414","Female","Breast",142445,168.6,147.7,191.9,90050,179.5,154.1,208.5,"","","","",23285,121.5,73.5,192.1,20290,155.3,103.0,232.9,5,62214,0.0,8.0,18.4,55.8,4.4,12.3,21.6
"A0414","Los Angeles","Santa Clarita","https://www.californiahealthmaps.org?address=A0414","Male","Lung",168625,49.2,34.8,68.1,90220,55.7,38.2,78.9,14145,"","","",41245,"","","",17885,"","","",5,62214,0.0,8.0,18.4,55.8,4.4,12.3,21.6
"A0414","Los Angeles","Santa Clarita","https://www.californiahealthmaps.org?address=A0414","Female","Lung",142445,38.0,28.1,50.5,90050,41.1,29.3,56.6,"","","","",23285,"","","",20290,"","","",5,62214,0.0,8.0,18.4,55.8,4.4,12.3,21.6
"A0414","Los Angeles","Santa Clarita","https://www.californiahealthmaps.org?address=A0414","Male","CRC",168625,42.2,30.0,58.3,90220,33.8,21.4,51.6,14145,"","","",41245,"","","",17885,"","","",5,62214,0.0,8.0,18.4,55.8,4.4,12.3,21.6
"A0414","Los Angeles","Santa Clarita","https://www.californiahealthmaps.org?address=A0414","Female","CRC",142445,31.8,22.9,43.3,90050,34.4,23.4,49.4,"","","","",23285,"","","",20290,"","","",5,62214,0.0,8.0,18.4,55.8,4.4,12.3,21.6
"A0414","Los Angeles","Santa Clarita","https://www.californiahealthmaps.org?address=A0414","Male","Mela",168625,44.2,31.9,60.5,90220,58.4,41.9,80.0,14145,"","","",41245,"","","",17885,"","","",5,62214,0.0,8.0,18.4,55.8,4.4,12.3,21.6
"A0414","Los Angeles","Santa Clarita","https://www.californiahealthmaps.org?address=A0414","Female","Mela",142445,26.2,18.3,36.6,90050,35.1,24.1,49.9,"","","","",23285,"","","",20290,"","","",5,62214,0.0,8.0,18.4,55.8,4.4,12.3,21.6
"A0414","Los Angeles","Santa Clarita","https://www.californiahealthmaps.org?address=A0414","Female","Uterine",142445,29.0,21.0,39.5,90050,29.7,20.4,42.6,"","","","",23285,"","","",20290,"","","",5,62214,0.0,8.0,18.4,55.8,4.4,12.3,21.6
"A0414","Los Angeles","Santa Clarita","https://www.californiahealthmaps.org?address=A0414","Male","Lymph",168625,26.6,17.4,39.8,90220,24.5,15.0,39.1,14145,"","","",41245,"","","",17885,"","","",5,62214,0.0,8.0,18.4,55.8,4.4,12.3,21.6
"A0414","Los Angeles","Santa Clarita","https://www.californiahealthmaps.org?address=A0414","Female","Lymph",142445,15.0,9.0,23.8,90050,"","","","","","","",23285,"","","",20290,"","","",5,62214,0.0,8.0,18.4,55.8,4.4,12.3,21.6
"A0414","Los Angeles","Santa Clarita","https://www.californiahealthmaps.org?address=A0414","Male","Urinary",168625,29.0,18.3,44.1,90220,32.6,19.8,51.2,14145,"","","",41245,"","","",17885,"","","",5,62214,0.0,8.0,18.4,55.8,4.4,12.3,21.6
"A0414","Los Angeles","Santa Clarita","https://www.californiahealthmaps.org?address=A0414","Female","Urinary",142445,7.6,3.6,14.6,90050,"","","","","","","",23285,"","","",20290,"","","",5,62214,0.0,8.0,18.4,55.8,4.4,12.3,21.6
"A0414","Los Angeles","Santa Clarita","https://www.californiahealthmaps.org?address=A0414","Male","Kidney",168625,15.1,8.7,25.6,90220,16.9,9.4,29.7,14145,"","","",41245,"","","",17885,"","","",5,62214,0.0,8.0,18.4,55.8,4.4,12.3,21.6
"A0414","Los Angeles","Santa Clarita","https://www.californiahealthmaps.org?address=A0414","Female","Kidney",142445,5.0,1.9,11.0,90050,"","","","","","","",23285,"","","",20290,"","","",5,62214,0.0,8.0,18.4,55.8,4.4,12.3,21.6
"A0414","Los Angeles","Santa Clarita","https://www.californiahealthmaps.org?address=A0414","Male","Thyroid",168625,15.1,9.3,24.6,90220,16.7,9.5,28.9,14145,"","","",41245,"","","",17885,"","","",5,62214,0.0,8.0,18.4,55.8,4.4,12.3,21.6
"A0414","Los Angeles","Santa Clarita","https://www.californiahealthmaps.org?address=A0414","Female","Thyroid",142445,27.4,19.5,37.8,90050,31.1,20.7,45.4,"","","","",23285,"","","",20290,"","","",5,62214,0.0,8.0,18.4,55.8,4.4,12.3,21.6
"A0414","Los Angeles","Santa Clarita","https://www.californiahealthmaps.org?address=A0414","Both","AllSite",311070,468.5,441.6,496.8,180270,489.6,457.4,523.8,18265,486.3,320.4,741.6,64530,412.1,333.8,505.0,38175,468.9,387.1,565.5,5,62214,0.0,8.0,18.4,55.8,4.4,12.3,21.6
"A0414","Los Angeles","Santa Clarita","https://www.californiahealthmaps.org?address=A0414","Both","Lung",311070,41.6,33.3,51.5,180270,45.8,35.9,57.9,18265,"","","",64530,"","","",38175,"","","",5,62214,0.0,8.0,18.4,55.8,4.4,12.3,21.6
"A0414","Los Angeles","Santa Clarita","https://www.californiahealthmaps.org?address=A0414","Both","CRC",311070,35.2,28.1,43.9,180270,32.7,24.7,42.8,18265,"","","",64530,"","","",38175,"","","",5,62214,0.0,8.0,18.4,55.8,4.4,12.3,21.6
"A0414","Los Angeles","Santa Clarita","https://www.californiahealthmaps.org?address=A0414","Both","Mela",311070,33.6,26.7,42.0,180270,44.4,35.0,55.9,18265,"","","",64530,"","","",38175,"","","",5,62214,0.0,8.0,18.4,55.8,4.4,12.3,21.6
"A0414","Los Angeles","Santa Clarita","https://www.californiahealthmaps.org?address=A0414","Both","Lymph",311070,20.3,14.9,27.3,180270,16.9,11.4,24.6,18265,"","","",64530,"","","",38175,"","","",5,62214,0.0,8.0,18.4,55.8,4.4,12.3,21.6
"A0414","Los Angeles","Santa Clarita","https://www.californiahealthmaps.org?address=A0414","Both","Urinary",311070,15.6,10.7,22.1,180270,16.2,10.7,24.0,18265,"","","",64530,"","","",38175,"","","",5,62214,0.0,8.0,18.4,55.8,4.4,12.3,21.6
"A0414","Los Angeles","Santa Clarita","https://www.californiahealthmaps.org?address=A0414","Both","Kidney",311070,9.8,6.2,14.9,180270,9.0,5.2,14.9,18265,"","","",64530,"","","",38175,"","","",5,62214,0.0,8.0,18.4,55.8,4.4,12.3,21.6
"A0414","Los Angeles","Santa Clarita","https://www.californiahealthmaps.org?address=A0414","Both","Thyroid",311070,20.4,15.5,26.6,180270,23.9,17.4,32.5,18265,"","","",64530,"","","",38175,"","","",5,62214,0.0,8.0,18.4,55.8,4.4,12.3,21.6
