"Zone","Counties","Cities","URL","Sex","Cancer","PopTot","AAIR","LCI","UCI","White_PopTot","White_AAIR","White_LCI","White_UCI","Black_PopTot","Black_AAIR","Black_LCI","Black_UCI","Hispanic_PopTot","Hispanic_AAIR","Hispanic_LCI","Hispanic_UCI","Asian_PopTot","Asian_AAIR","Asian_LCI","Asian_UCI","QNSES","PopAll","PerRural","PerUninsured","PerForeignBorn","PerWhite","PerBlack","PerAsian","PerHispanic","PerAPI","PerDocvisit","PerFOBT","PerMammo","PerMenPrev","PerPap","PerWomenPrev"
"A0672","Los Angeles","Los Angeles","https://www.californiahealthmaps.org?address=A0672","Male","AllSite",162535,426.5,383.9,473.2,32115,562.5,482.0,658.6,"","","","",114610,355.1,298.9,421.0,"","","","",1,63786,0.0,34.4,47.1,19.8,3.8,4.8,70.2,4.8,64.6,61.8,79.1,27.9,85.0,33.6
"A0672","Los Angeles","Los Angeles","https://www.californiahealthmaps.org?address=A0672","Female","AllSite",156395,365.1,332.1,400.9,29445,409.6,348.2,488.1,"","","","",110040,344.8,299.4,396.7,"","","","",1,63786,0.0,34.4,47.1,19.8,3.8,4.8,70.2,4.8,64.6,61.8,79.1,27.9,85.0,33.6
"A0672","Los Angeles","Los Angeles","https://www.californiahealthmaps.org?address=A0672","Male","Prostate",162535,86.2,67.0,109.5,32115,83.9,55.0,130.9,"","","","",114610,98.8,67.9,140.8,"","","","",1,63786,0.0,34.4,47.1,19.8,3.8,4.8,70.2,4.8,64.6,61.8,79.1,27.9,85.0,33.6
"A0672","Los Angeles","Los Angeles","https://www.californiahealthmaps.org?address=A0672","Female","Breast",156395,113.4,96.1,133.4,29445,152.1,115.7,207.2,"","","","",110040,80.1,61.4,104.8,"","","","",1,63786,0.0,34.4,47.1,19.8,3.8,4.8,70.2,4.8,64.6,61.8,79.1,27.9,85.0,33.6
"A0672","Los Angeles","Los Angeles","https://www.californiahealthmaps.org?address=A0672","Male","Lung",162535,59.2,43.3,79.6,32115,90.5,60.9,137.9,"","","","",114610,"","","","","","","",1,63786,0.0,34.4,47.1,19.8,3.8,4.8,70.2,4.8,64.6,61.8,79.1,27.9,85.0,33.6
"A0672","Los Angeles","Los Angeles","https://www.californiahealthmaps.org?address=A0672","Female","Lung",156395,32.4,22.5,45.4,29445,49.8,30.9,90.2,"","","","",110040,"","","","","","","",1,63786,0.0,34.4,47.1,19.8,3.8,4.8,70.2,4.8,64.6,61.8,79.1,27.9,85.0,33.6
"A0672","Los Angeles","Los Angeles","https://www.californiahealthmaps.org?address=A0672","Male","CRC",162535,64.6,48.2,85.2,32115,77.5,49.6,123.6,"","","","",114610,65.3,41.4,100.0,"","","","",1,63786,0.0,34.4,47.1,19.8,3.8,4.8,70.2,4.8,64.6,61.8,79.1,27.9,85.0,33.6
"A0672","Los Angeles","Los Angeles","https://www.californiahealthmaps.org?address=A0672","Female","CRC",156395,30.5,21.2,42.9,29445,39.2,22.3,78.7,"","","","",110040,25.8,13.9,45.3,"","","","",1,63786,0.0,34.4,47.1,19.8,3.8,4.8,70.2,4.8,64.6,61.8,79.1,27.9,85.0,33.6
"A0672","Los Angeles","Los Angeles","https://www.californiahealthmaps.org?address=A0672","Male","Mela",162535,"","","",32115,"","","","","","","",114610,"","","","","","","",1,63786,0.0,34.4,47.1,19.8,3.8,4.8,70.2,4.8,64.6,61.8,79.1,27.9,85.0,33.6
"A0672","Los Angeles","Los Angeles","https://www.californiahealthmaps.org?address=A0672","Female","Mela",156395,"","","",29445,"","","","","","","",110040,"","","","","","","",1,63786,0.0,34.4,47.1,19.8,3.8,4.8,70.2,4.8,64.6,61.8,79.1,27.9,85.0,33.6
"A0672","Los Angeles","Los Angeles","https://www.californiahealthmaps.org?address=A0672","Female","Uterine",156395,27.1,18.8,38.4,29445,"","","","","","","",110040,30.8,18.7,50.0,"","","","",1,63786,0.0,34.4,47.1,19.8,3.8,4.8,70.2,4.8,64.6,61.8,79.1,27.9,85.0,33.6
"A0672","Los Angeles","Los Angeles","https://www.californiahealthmaps.org?address=A0672","Male","Lymph",162535,26.6,17.1,40.5,32115,"","","","","","","",114610,"","","","","","","",1,63786,0.0,34.4,47.1,19.8,3.8,4.8,70.2,4.8,64.6,61.8,79.1,27.9,85.0,33.6
"A0672","Los Angeles","Los Angeles","https://www.californiahealthmaps.org?address=A0672","Female","Lymph",156395,17.6,11.1,27.1,29445,"","","","","","","",110040,20.3,11.0,36.9,"","","","",1,63786,0.0,34.4,47.1,19.8,3.8,4.8,70.2,4.8,64.6,61.8,79.1,27.9,85.0,33.6
"A0672","Los Angeles","Los Angeles","https://www.californiahealthmaps.org?address=A0672","Male","Urinary",162535,"","","",32115,"","","","","","","",114610,"","","","","","","",1,63786,0.0,34.4,47.1,19.8,3.8,4.8,70.2,4.8,64.6,61.8,79.1,27.9,85.0,33.6
"A0672","Los Angeles","Los Angeles","https://www.californiahealthmaps.org?address=A0672","Female","Urinary",156395,"","","",29445,"","","","","","","",110040,"","","","","","","",1,63786,0.0,34.4,47.1,19.8,3.8,4.8,70.2,4.8,64.6,61.8,79.1,27.9,85.0,33.6
"A0672","Los Angeles","Los Angeles","https://www.californiahealthmaps.org?address=A0672","Male","Kidney",162535,26.2,16.7,40.0,32115,"","","","","","","",114610,"","","","","","","",1,63786,0.0,34.4,47.1,19.8,3.8,4.8,70.2,4.8,64.6,61.8,79.1,27.9,85.0,33.6
"A0672","Los Angeles","Los Angeles","https://www.californiahealthmaps.org?address=A0672","Female","Kidney",156395,"","","",29445,"","","","","","","",110040,"","","","","","","",1,63786,0.0,34.4,47.1,19.8,3.8,4.8,70.2,4.8,64.6,61.8,79.1,27.9,85.0,33.6
"A0672","Los Angeles","Los Angeles","https://www.californiahealthmaps.org?address=A0672","Male","Thyroid",162535,"","","",32115,"","","","","","","",114610,"","","","","","","",1,63786,0.0,34.4,47.1,19.8,3.8,4.8,70.2,4.8,64.6,61.8,79.1,27.9,85.0,33.6
"A0672","Los Angeles","Los Angeles","https://www.californiahealthmaps.org?address=A0672","Female","Thyroid",156395,16.5,10.3,25.7,29445,"","","","","","","",110040,19.4,10.7,35.2,"","","","",1,63786,0.0,34.4,47.1,19.8,3.8,4.8,70.2,4.8,64.6,61.8,79.1,27.9,85.0,33.6
"A0672","Los Angeles","Los Angeles","https://www.californiahealthmaps.org?address=A0672","Male","Liver",162535,16.0,9.5,26.7,32115,"","","","","","","",114610,"","","","","","","",1,63786,0.0,34.4,47.1,19.8,3.8,4.8,70.2,4.8,64.6,61.8,79.1,27.9,85.0,33.6
"A0672","Los Angeles","Los Angeles","https://www.californiahealthmaps.org?address=A0672","Female","Liver",156395,"","","",29445,"","","","","","","",110040,"","","","","","","",1,63786,0.0,34.4,47.1,19.8,3.8,4.8,70.2,4.8,64.6,61.8,79.1,27.9,85.0,33.6
"A0672","Los Angeles","Los Angeles","https://www.californiahealthmaps.org?address=A0672","Male","Pancreas",162535,"","","",32115,"","","","","","","",114610,"","","","","","","",1,63786,0.0,34.4,47.1,19.8,3.8,4.8,70.2,4.8,64.6,61.8,79.1,27.9,85.0,33.6
"A0672","Los Angeles","Los Angeles","https://www.californiahealthmaps.org?address=A0672","Female","Pancreas",156395,"","","",29445,"","","","","","","",110040,"","","","","","","",1,63786,0.0,34.4,47.1,19.8,3.8,4.8,70.2,4.8,64.6,61.8,79.1,27.9,85.0,33.6
"A0672","Los Angeles","Los Angeles","https://www.californiahealthmaps.org?address=A0672","Both","AllSite",318930,386.1,360.0,413.7,61560,464.3,416.0,520.1,11765,458.9,310.3,704.7,224650,345.8,310.3,385.1,14790,314.6,230.0,429.7,1,63786,0.0,34.4,47.1,19.8,3.8,4.8,70.2,4.8,64.6,61.8,79.1,27.9,85.0,33.6
"A0672","Los Angeles","Los Angeles","https://www.californiahealthmaps.org?address=A0672","Both","Lung",318930,44.3,35.2,55.1,61560,67.8,50.6,93.7,11765,"","","",224650,19.5,11.1,32.6,14790,"","","",1,63786,0.0,34.4,47.1,19.8,3.8,4.8,70.2,4.8,64.6,61.8,79.1,27.9,85.0,33.6
"A0672","Los Angeles","Los Angeles","https://www.californiahealthmaps.org?address=A0672","Both","CRC",318930,45.2,36.3,55.8,61560,55.2,39.4,79.9,11765,"","","",224650,42.6,30.2,59.2,14790,"","","",1,63786,0.0,34.4,47.1,19.8,3.8,4.8,70.2,4.8,64.6,61.8,79.1,27.9,85.0,33.6
"A0672","Los Angeles","Los Angeles","https://www.californiahealthmaps.org?address=A0672","Both","Mela",318930,"","","",61560,"","","",11765,"","","",224650,"","","",14790,"","","",1,63786,0.0,34.4,47.1,19.8,3.8,4.8,70.2,4.8,64.6,61.8,79.1,27.9,85.0,33.6
"A0672","Los Angeles","Los Angeles","https://www.californiahealthmaps.org?address=A0672","Both","Lymph",318930,21.5,15.8,28.8,61560,21.6,12.3,41.0,11765,"","","",224650,18.4,11.9,28.9,14790,"","","",1,63786,0.0,34.4,47.1,19.8,3.8,4.8,70.2,4.8,64.6,61.8,79.1,27.9,85.0,33.6
"A0672","Los Angeles","Los Angeles","https://www.californiahealthmaps.org?address=A0672","Both","Urinary",318930,8.3,4.7,13.7,61560,"","","",11765,"","","",224650,"","","",14790,"","","",1,63786,0.0,34.4,47.1,19.8,3.8,4.8,70.2,4.8,64.6,61.8,79.1,27.9,85.0,33.6
"A0672","Los Angeles","Los Angeles","https://www.californiahealthmaps.org?address=A0672","Both","Kidney",318930,13.5,9.0,19.8,61560,"","","",11765,"","","",224650,12.7,6.9,22.9,14790,"","","",1,63786,0.0,34.4,47.1,19.8,3.8,4.8,70.2,4.8,64.6,61.8,79.1,27.9,85.0,33.6
"A0672","Los Angeles","Los Angeles","https://www.californiahealthmaps.org?address=A0672","Both","Thyroid",318930,11.2,7.4,16.6,61560,"","","",11765,"","","",224650,13.8,8.2,23.5,14790,"","","",1,63786,0.0,34.4,47.1,19.8,3.8,4.8,70.2,4.8,64.6,61.8,79.1,27.9,85.0,33.6
"A0672","Los Angeles","Los Angeles","https://www.californiahealthmaps.org?address=A0672","Both","Liver",318930,13.1,8.8,19.2,61560,"","","",11765,"","","",224650,17.8,10.3,29.7,14790,"","","",1,63786,0.0,34.4,47.1,19.8,3.8,4.8,70.2,4.8,64.6,61.8,79.1,27.9,85.0,33.6
"A0672","Los Angeles","Los Angeles","https://www.californiahealthmaps.org?address=A0672","Both","Pancreas",318930,10.2,6.3,16.0,61560,"","","",11765,"","","",224650,"","","",14790,"","","",1,63786,0.0,34.4,47.1,19.8,3.8,4.8,70.2,4.8,64.6,61.8,79.1,27.9,85.0,33.6
