"Zone","Counties","Cities","URL","Sex","Cancer","PopTot","AAIR","LCI","UCI","White_PopTot","White_AAIR","White_LCI","White_UCI","Black_PopTot","Black_AAIR","Black_LCI","Black_UCI","Hispanic_PopTot","Hispanic_AAIR","Hispanic_LCI","Hispanic_UCI","Asian_PopTot","Asian_AAIR","Asian_LCI","Asian_UCI","QNSES","PopAll","PerRural","PerUninsured","PerForeignBorn","PerWhite","PerBlack","PerAsian","PerHispanic"
"A0318","Los Angeles","","https://www.californiahealthmaps.org?address=A0318","Male","AllSite",144985,363.5,316.0,417.9,"","","","","","","","",139025,367.3,314.6,428.7,"","","","",1,58123,0.0,39.3,45.4,2.0,0.6,0.2,97.0
"A0318","Los Angeles","","https://www.californiahealthmaps.org?address=A0318","Female","AllSite",145630,369.0,328.9,413.3,"","","","","","","","",139865,358.6,316.4,405.8,"","","","",1,58123,0.0,39.3,45.4,2.0,0.6,0.2,97.0
"A0318","Los Angeles","","https://www.californiahealthmaps.org?address=A0318","Male","Prostate",144985,87.0,65.0,116.3,"","","","","","","","",139025,88.8,64.9,121.7,"","","","",1,58123,0.0,39.3,45.4,2.0,0.6,0.2,97.0
"A0318","Los Angeles","","https://www.californiahealthmaps.org?address=A0318","Female","Breast",145630,95.7,76.5,119.2,"","","","","","","","",139865,92.3,72.5,117.1,"","","","",1,58123,0.0,39.3,45.4,2.0,0.6,0.2,97.0
"A0318","Los Angeles","","https://www.californiahealthmaps.org?address=A0318","Male","Lung",144985,40.8,24.8,65.0,"","","","","","","","",139025,44.0,25.6,73.1,"","","","",1,58123,0.0,39.3,45.4,2.0,0.6,0.2,97.0
"A0318","Los Angeles","","https://www.californiahealthmaps.org?address=A0318","Female","Lung",145630,22.3,12.5,37.3,"","","","","","","","",139865,"","","","","","","",1,58123,0.0,39.3,45.4,2.0,0.6,0.2,97.0
"A0318","Los Angeles","","https://www.californiahealthmaps.org?address=A0318","Male","CRC",144985,54.8,38.1,78.8,"","","","","","","","",139025,55.1,36.9,82.7,"","","","",1,58123,0.0,39.3,45.4,2.0,0.6,0.2,97.0
"A0318","Los Angeles","","https://www.californiahealthmaps.org?address=A0318","Female","CRC",145630,39.5,26.8,57.1,"","","","","","","","",139865,35.4,22.7,53.7,"","","","",1,58123,0.0,39.3,45.4,2.0,0.6,0.2,97.0
"A0318","Los Angeles","","https://www.californiahealthmaps.org?address=A0318","Male","Mela",144985,5.5,1.0,19.8,"","","","","","","","",139025,"","","","","","","",1,58123,0.0,39.3,45.4,2.0,0.6,0.2,97.0
"A0318","Los Angeles","","https://www.californiahealthmaps.org?address=A0318","Female","Mela",145630,0.8,0.0,7.8,"","","","","","","","",139865,"","","","","","","",1,58123,0.0,39.3,45.4,2.0,0.6,0.2,97.0
"A0318","Los Angeles","","https://www.californiahealthmaps.org?address=A0318","Female","Uterine",145630,30.5,20.7,44.6,"","","","","","","","",139865,31.4,20.9,47.0,"","","","",1,58123,0.0,39.3,45.4,2.0,0.6,0.2,97.0
"A0318","Los Angeles","","https://www.californiahealthmaps.org?address=A0318","Male","Lymph",144985,35.6,21.1,58.1,"","","","","","","","",139025,39.6,22.7,67.0,"","","","",1,58123,0.0,39.3,45.4,2.0,0.6,0.2,97.0
"A0318","Los Angeles","","https://www.californiahealthmaps.org?address=A0318","Female","Lymph",145630,19.1,10.5,32.6,"","","","","","","","",139865,"","","","","","","",1,58123,0.0,39.3,45.4,2.0,0.6,0.2,97.0
"A0318","Los Angeles","","https://www.californiahealthmaps.org?address=A0318","Male","Urinary",144985,4.0,0.3,18.5,"","","","","","","","",139025,"","","","","","","",1,58123,0.0,39.3,45.4,2.0,0.6,0.2,97.0
"A0318","Los Angeles","","https://www.californiahealthmaps.org?address=A0318","Female","Urinary",145630,3.2,0.6,11.4,"","","","","","","","",139865,"","","","","","","",1,58123,0.0,39.3,45.4,2.0,0.6,0.2,97.0
"A0318","Los Angeles","","https://www.californiahealthmaps.org?address=A0318","Male","Kidney",144985,7.0,2.7,19.8,"","","","","","","","",139025,"","","","","","","",1,58123,0.0,39.3,45.4,2.0,0.6,0.2,97.0
"A0318","Los Angeles","","https://www.californiahealthmaps.org?address=A0318","Female","Kidney",145630,15.7,8.0,28.5,"","","","","","","","",139865,"","","","","","","",1,58123,0.0,39.3,45.4,2.0,0.6,0.2,97.0
"A0318","Los Angeles","","https://www.californiahealthmaps.org?address=A0318","Male","Thyroid",144985,6.3,1.7,20.1,"","","","","","","","",139025,"","","","","","","",1,58123,0.0,39.3,45.4,2.0,0.6,0.2,97.0
"A0318","Los Angeles","","https://www.californiahealthmaps.org?address=A0318","Female","Thyroid",145630,15.2,8.9,26.0,"","","","","","","","",139865,14.1,7.9,25.7,"","","","",1,58123,0.0,39.3,45.4,2.0,0.6,0.2,97.0
"A0318","Los Angeles","","https://www.californiahealthmaps.org?address=A0318","Both","AllSite",290615,362.3,331.8,395.3,"","","","","","","","",278890,357.5,324.7,393.6,"","","","",1,58123,0.0,39.3,45.4,2.0,0.6,0.2,97.0
"A0318","Los Angeles","","https://www.californiahealthmaps.org?address=A0318","Both","Lung",290615,30.3,21.1,42.4,"","","","","","","","",278890,27.2,17.7,40.5,"","","","",1,58123,0.0,39.3,45.4,2.0,0.6,0.2,97.0
"A0318","Los Angeles","","https://www.californiahealthmaps.org?address=A0318","Both","CRC",290615,46.7,36.2,59.9,"","","","","","","","",278890,44.3,33.3,58.6,"","","","",1,58123,0.0,39.3,45.4,2.0,0.6,0.2,97.0
"A0318","Los Angeles","","https://www.californiahealthmaps.org?address=A0318","Both","Mela",290615,2.7,0.7,8.2,"","","","","","","","",278890,"","","","","","","",1,58123,0.0,39.3,45.4,2.0,0.6,0.2,97.0
"A0318","Los Angeles","","https://www.californiahealthmaps.org?address=A0318","Both","Lymph",290615,25.7,17.7,36.4,"","","","","","","","",278890,26.4,17.6,38.8,"","","","",1,58123,0.0,39.3,45.4,2.0,0.6,0.2,97.0
"A0318","Los Angeles","","https://www.californiahealthmaps.org?address=A0318","Both","Urinary",290615,3.3,0.9,8.9,"","","","","","","","",278890,"","","","","","","",1,58123,0.0,39.3,45.4,2.0,0.6,0.2,97.0
"A0318","Los Angeles","","https://www.californiahealthmaps.org?address=A0318","Both","Kidney",290615,12.1,7.1,20.0,"","","","","","","","",278890,13.6,7.7,23.2,"","","","",1,58123,0.0,39.3,45.4,2.0,0.6,0.2,97.0
"A0318","Los Angeles","","https://www.californiahealthmaps.org?address=A0318","Both","Thyroid",290615,10.7,6.6,17.5,"","","","","","","","",278890,10.6,6.2,18.3,"","","","",1,58123,0.0,39.3,45.4,2.0,0.6,0.2,97.0
