"Zone","Counties","Cities","URL","Sex","Cancer","PopTot","AAIR","LCI","UCI","White_PopTot","White_AAIR","White_LCI","White_UCI","Black_PopTot","Black_AAIR","Black_LCI","Black_UCI","Hispanic_PopTot","Hispanic_AAIR","Hispanic_LCI","Hispanic_UCI","Asian_PopTot","Asian_AAIR","Asian_LCI","Asian_UCI","QNSES","PopAll","PerRural","PerUninsured","PerForeignBorn","PerWhite","PerBlack","PerAsian","PerHispanic","PerAPI","PerDocvisit","PerFOBT","PerMammo","PerMenPrev","PerPap","PerWomenPrev"
"A1081","Riverside","Coachella, La Quinta, Blythe","https://www.californiahealthmaps.org?address=A1081","Male","AllSite",170145,346.2,312.6,383.4,33605,425.3,371.4,491.3,13240,276.4,131.8,556.1,118745,264.2,218.1,321.6,"","","","",1,58529,44.0,28.2,31.9,22.9,6.0,1.3,68.3,1.3,"","","","","",""
"A1081","Riverside","Coachella, La Quinta, Blythe","https://www.californiahealthmaps.org?address=A1081","Female","AllSite",122500,332.7,298.5,370.1,26135,408.5,346.3,485.4,"","","","",90095,242.1,199.1,294.8,"","","","",1,58529,44.0,28.2,31.9,22.9,6.0,1.3,68.3,1.3,"","","","","",""
"A1081","Riverside","Coachella, La Quinta, Blythe","https://www.californiahealthmaps.org?address=A1081","Male","Prostate",170145,85.5,69.4,105.3,33605,105.7,81.0,144.0,13240,"","","",118745,55.2,37.3,85.7,"","","","",1,58529,44.0,28.2,31.9,22.9,6.0,1.3,68.3,1.3,"","","","","",""
"A1081","Riverside","Coachella, La Quinta, Blythe","https://www.californiahealthmaps.org?address=A1081","Female","Breast",122500,100.1,81.8,121.6,26135,117.4,88.2,162.4,"","","","",90095,67.8,46.4,99.7,"","","","",1,58529,44.0,28.2,31.9,22.9,6.0,1.3,68.3,1.3,"","","","","",""
"A1081","Riverside","Coachella, La Quinta, Blythe","https://www.californiahealthmaps.org?address=A1081","Male","Lung",170145,39.6,28.4,54.8,33605,61.7,42.4,95.8,13240,"","","",118745,"","","","","","","",1,58529,44.0,28.2,31.9,22.9,6.0,1.3,68.3,1.3,"","","","","",""
"A1081","Riverside","Coachella, La Quinta, Blythe","https://www.californiahealthmaps.org?address=A1081","Female","Lung",122500,30.2,20.4,43.4,26135,45.1,28.9,78.9,"","","","",90095,"","","","","","","",1,58529,44.0,28.2,31.9,22.9,6.0,1.3,68.3,1.3,"","","","","",""
"A1081","Riverside","Coachella, La Quinta, Blythe","https://www.californiahealthmaps.org?address=A1081","Male","CRC",170145,42.9,31.7,58.0,33605,45.4,29.3,76.8,13240,"","","",118745,32.1,19.4,58.1,"","","","",1,58529,44.0,28.2,31.9,22.9,6.0,1.3,68.3,1.3,"","","","","",""
"A1081","Riverside","Coachella, La Quinta, Blythe","https://www.californiahealthmaps.org?address=A1081","Female","CRC",122500,21.1,13.1,32.5,26135,"","","","","","","",90095,"","","","","","","",1,58529,44.0,28.2,31.9,22.9,6.0,1.3,68.3,1.3,"","","","","",""
"A1081","Riverside","Coachella, La Quinta, Blythe","https://www.californiahealthmaps.org?address=A1081","Male","Mela",170145,17.2,10.1,28.7,33605,34.1,20.1,64.1,13240,"","","",118745,"","","","","","","",1,58529,44.0,28.2,31.9,22.9,6.0,1.3,68.3,1.3,"","","","","",""
"A1081","Riverside","Coachella, La Quinta, Blythe","https://www.californiahealthmaps.org?address=A1081","Female","Mela",122500,15.2,8.8,25.0,26135,41.4,19.8,83.2,"","","","",90095,"","","","","","","",1,58529,44.0,28.2,31.9,22.9,6.0,1.3,68.3,1.3,"","","","","",""
"A1081","Riverside","Coachella, La Quinta, Blythe","https://www.californiahealthmaps.org?address=A1081","Female","Uterine",122500,36.9,26.5,50.5,26135,41.6,20.6,82.4,"","","","",90095,33.1,19.6,57.7,"","","","",1,58529,44.0,28.2,31.9,22.9,6.0,1.3,68.3,1.3,"","","","","",""
"A1081","Riverside","Coachella, La Quinta, Blythe","https://www.californiahealthmaps.org?address=A1081","Male","Lymph",170145,13.9,8.2,23.8,33605,"","","",13240,"","","",118745,"","","","","","","",1,58529,44.0,28.2,31.9,22.9,6.0,1.3,68.3,1.3,"","","","","",""
"A1081","Riverside","Coachella, La Quinta, Blythe","https://www.californiahealthmaps.org?address=A1081","Female","Lymph",122500,17.6,10.5,28.1,26135,"","","","","","","",90095,"","","","","","","",1,58529,44.0,28.2,31.9,22.9,6.0,1.3,68.3,1.3,"","","","","",""
"A1081","Riverside","Coachella, La Quinta, Blythe","https://www.californiahealthmaps.org?address=A1081","Male","Urinary",170145,"","","",33605,"","","",13240,"","","",118745,"","","","","","","",1,58529,44.0,28.2,31.9,22.9,6.0,1.3,68.3,1.3,"","","","","",""
"A1081","Riverside","Coachella, La Quinta, Blythe","https://www.californiahealthmaps.org?address=A1081","Female","Urinary",122500,"","","",26135,"","","","","","","",90095,"","","","","","","",1,58529,44.0,28.2,31.9,22.9,6.0,1.3,68.3,1.3,"","","","","",""
"A1081","Riverside","Coachella, La Quinta, Blythe","https://www.californiahealthmaps.org?address=A1081","Male","Kidney",170145,22.1,14.3,33.8,33605,"","","",13240,"","","",118745,24.9,12.0,52.4,"","","","",1,58529,44.0,28.2,31.9,22.9,6.0,1.3,68.3,1.3,"","","","","",""
"A1081","Riverside","Coachella, La Quinta, Blythe","https://www.californiahealthmaps.org?address=A1081","Female","Kidney",122500,"","","",26135,"","","","","","","",90095,"","","","","","","",1,58529,44.0,28.2,31.9,22.9,6.0,1.3,68.3,1.3,"","","","","",""
"A1081","Riverside","Coachella, La Quinta, Blythe","https://www.californiahealthmaps.org?address=A1081","Male","Thyroid",170145,"","","",33605,"","","",13240,"","","",118745,"","","","","","","",1,58529,44.0,28.2,31.9,22.9,6.0,1.3,68.3,1.3,"","","","","",""
"A1081","Riverside","Coachella, La Quinta, Blythe","https://www.californiahealthmaps.org?address=A1081","Female","Thyroid",122500,14.1,7.8,23.7,26135,"","","","","","","",90095,"","","","","","","",1,58529,44.0,28.2,31.9,22.9,6.0,1.3,68.3,1.3,"","","","","",""
"A1081","Riverside","Coachella, La Quinta, Blythe","https://www.californiahealthmaps.org?address=A1081","Male","Liver",170145,"","","",33605,"","","",13240,"","","",118745,"","","","","","","",1,58529,44.0,28.2,31.9,22.9,6.0,1.3,68.3,1.3,"","","","","",""
"A1081","Riverside","Coachella, La Quinta, Blythe","https://www.californiahealthmaps.org?address=A1081","Female","Liver",122500,"","","",26135,"","","","","","","",90095,"","","","","","","",1,58529,44.0,28.2,31.9,22.9,6.0,1.3,68.3,1.3,"","","","","",""
"A1081","Riverside","Coachella, La Quinta, Blythe","https://www.californiahealthmaps.org?address=A1081","Male","Pancreas",170145,15.2,8.7,26.0,33605,"","","",13240,"","","",118745,"","","","","","","",1,58529,44.0,28.2,31.9,22.9,6.0,1.3,68.3,1.3,"","","","","",""
"A1081","Riverside","Coachella, La Quinta, Blythe","https://www.californiahealthmaps.org?address=A1081","Female","Pancreas",122500,"","","",26135,"","","","","","","",90095,"","","","","","","",1,58529,44.0,28.2,31.9,22.9,6.0,1.3,68.3,1.3,"","","","","",""
"A1081","Riverside","Coachella, La Quinta, Blythe","https://www.californiahealthmaps.org?address=A1081","Both","AllSite",292645,330.6,307.4,355.4,59740,407.4,367.9,453.1,16520,221.6,135.9,355.2,208840,250.4,218.9,286.9,"","","","",1,58529,44.0,28.2,31.9,22.9,6.0,1.3,68.3,1.3,"","","","","",""
"A1081","Riverside","Coachella, La Quinta, Blythe","https://www.californiahealthmaps.org?address=A1081","Both","Lung",292645,34.5,27.1,43.7,59740,53.4,40.3,73.5,16520,"","","",208840,"","","","","","","",1,58529,44.0,28.2,31.9,22.9,6.0,1.3,68.3,1.3,"","","","","",""
"A1081","Riverside","Coachella, La Quinta, Blythe","https://www.californiahealthmaps.org?address=A1081","Both","CRC",292645,32.3,25.3,41.0,59740,36.9,25.8,55.6,16520,"","","",208840,24.3,16.0,38.2,"","","","",1,58529,44.0,28.2,31.9,22.9,6.0,1.3,68.3,1.3,"","","","","",""
"A1081","Riverside","Coachella, La Quinta, Blythe","https://www.californiahealthmaps.org?address=A1081","Both","Mela",292645,15.4,10.8,21.8,59740,34.4,22.9,53.7,16520,"","","",208840,"","","","","","","",1,58529,44.0,28.2,31.9,22.9,6.0,1.3,68.3,1.3,"","","","","",""
"A1081","Riverside","Coachella, La Quinta, Blythe","https://www.californiahealthmaps.org?address=A1081","Both","Lymph",292645,15.2,10.7,21.4,59740,14.2,8.0,28.9,16520,"","","",208840,16.8,9.3,30.6,"","","","",1,58529,44.0,28.2,31.9,22.9,6.0,1.3,68.3,1.3,"","","","","",""
"A1081","Riverside","Coachella, La Quinta, Blythe","https://www.californiahealthmaps.org?address=A1081","Both","Urinary",292645,8.1,4.7,13.3,59740,"","","",16520,"","","",208840,"","","","","","","",1,58529,44.0,28.2,31.9,22.9,6.0,1.3,68.3,1.3,"","","","","",""
"A1081","Riverside","Coachella, La Quinta, Blythe","https://www.californiahealthmaps.org?address=A1081","Both","Kidney",292645,17.9,12.8,24.7,59740,19.1,10.8,35.8,16520,"","","",208840,22.2,13.1,37.6,"","","","",1,58529,44.0,28.2,31.9,22.9,6.0,1.3,68.3,1.3,"","","","","",""
"A1081","Riverside","Coachella, La Quinta, Blythe","https://www.californiahealthmaps.org?address=A1081","Both","Thyroid",292645,7.5,4.6,12.1,59740,"","","",16520,"","","",208840,"","","","","","","",1,58529,44.0,28.2,31.9,22.9,6.0,1.3,68.3,1.3,"","","","","",""
"A1081","Riverside","Coachella, La Quinta, Blythe","https://www.californiahealthmaps.org?address=A1081","Both","Liver",292645,7.3,4.2,12.3,59740,"","","",16520,"","","",208840,"","","","","","","",1,58529,44.0,28.2,31.9,22.9,6.0,1.3,68.3,1.3,"","","","","",""
"A1081","Riverside","Coachella, La Quinta, Blythe","https://www.californiahealthmaps.org?address=A1081","Both","Pancreas",292645,12.4,8.0,18.5,59740,"","","",16520,"","","",208840,"","","","","","","",1,58529,44.0,28.2,31.9,22.9,6.0,1.3,68.3,1.3,"","","","","",""
