"Zone","Counties","Cities","URL","Sex","Cancer","PopTot","AAIR","LCI","UCI","White_PopTot","White_AAIR","White_LCI","White_UCI","Black_PopTot","Black_AAIR","Black_LCI","Black_UCI","Hispanic_PopTot","Hispanic_AAIR","Hispanic_LCI","Hispanic_UCI","Asian_PopTot","Asian_AAIR","Asian_LCI","Asian_UCI","QNSES","PopAll","PerRural","PerUninsured","PerForeignBorn","PerWhite","PerBlack","PerAsian","PerHispanic","PerAPI","PerDocvisit","PerFOBT","PerMammo","PerMenPrev","PerPap","PerWomenPrev"
"A0409","Orange","Costa Mesa, Newport Beach","https://www.californiahealthmaps.org?address=A0409","Male","AllSite",147695,464.3,430.0,500.9,112420,475.2,438.0,515.3,"","","","",23430,166.7,87.4,313.0,"","","","",5,59283,0.0,13.7,14.4,74.5,0.6,5.0,17.7,5.0,66.5,72.3,80.3,44.3,84.5,36.1
"A0409","Orange","Costa Mesa, Newport Beach","https://www.californiahealthmaps.org?address=A0409","Female","AllSite",148720,487.1,454.5,522.0,112250,506.7,470.0,546.5,"","","","",23435,384.0,282.6,516.2,"","","","",5,59283,0.0,13.7,14.4,74.5,0.6,5.0,17.7,5.0,66.5,72.3,80.3,44.3,84.5,36.1
"A0409","Orange","Costa Mesa, Newport Beach","https://www.californiahealthmaps.org?address=A0409","Male","Prostate",147695,115.8,99.1,135.0,112420,112.8,95.3,133.4,"","","","",23430,"","","","","","","",5,59283,0.0,13.7,14.4,74.5,0.6,5.0,17.7,5.0,66.5,72.3,80.3,44.3,84.5,36.1
"A0409","Orange","Costa Mesa, Newport Beach","https://www.californiahealthmaps.org?address=A0409","Female","Breast",148720,156.1,137.9,176.6,112250,165.0,144.4,188.7,"","","","",23435,91.2,50.1,163.5,"","","","",5,59283,0.0,13.7,14.4,74.5,0.6,5.0,17.7,5.0,66.5,72.3,80.3,44.3,84.5,36.1
"A0409","Orange","Costa Mesa, Newport Beach","https://www.californiahealthmaps.org?address=A0409","Male","Lung",147695,49.1,38.2,62.6,112420,51.8,39.9,66.9,"","","","",23430,"","","","","","","",5,59283,0.0,13.7,14.4,74.5,0.6,5.0,17.7,5.0,66.5,72.3,80.3,44.3,84.5,36.1
"A0409","Orange","Costa Mesa, Newport Beach","https://www.californiahealthmaps.org?address=A0409","Female","Lung",148720,51.0,40.9,63.3,112250,53.3,42.3,67.4,"","","","",23435,"","","","","","","",5,59283,0.0,13.7,14.4,74.5,0.6,5.0,17.7,5.0,66.5,72.3,80.3,44.3,84.5,36.1
"A0409","Orange","Costa Mesa, Newport Beach","https://www.californiahealthmaps.org?address=A0409","Male","CRC",147695,27.1,19.4,37.3,112420,25.0,17.3,36.0,"","","","",23430,"","","","","","","",5,59283,0.0,13.7,14.4,74.5,0.6,5.0,17.7,5.0,66.5,72.3,80.3,44.3,84.5,36.1
"A0409","Orange","Costa Mesa, Newport Beach","https://www.californiahealthmaps.org?address=A0409","Female","CRC",148720,31.5,23.8,41.4,112250,33.1,24.6,44.8,"","","","",23435,"","","","","","","",5,59283,0.0,13.7,14.4,74.5,0.6,5.0,17.7,5.0,66.5,72.3,80.3,44.3,84.5,36.1
"A0409","Orange","Costa Mesa, Newport Beach","https://www.californiahealthmaps.org?address=A0409","Male","Mela",147695,68.0,55.3,83.0,112420,68.0,54.5,84.7,"","","","",23430,"","","","","","","",5,59283,0.0,13.7,14.4,74.5,0.6,5.0,17.7,5.0,66.5,72.3,80.3,44.3,84.5,36.1
"A0409","Orange","Costa Mesa, Newport Beach","https://www.californiahealthmaps.org?address=A0409","Female","Mela",148720,47.6,37.6,60.0,112250,47.9,36.6,62.5,"","","","",23435,"","","","","","","",5,59283,0.0,13.7,14.4,74.5,0.6,5.0,17.7,5.0,66.5,72.3,80.3,44.3,84.5,36.1
"A0409","Orange","Costa Mesa, Newport Beach","https://www.californiahealthmaps.org?address=A0409","Female","Uterine",148720,25.7,18.7,35.2,112250,28.5,20.4,40.0,"","","","",23435,"","","","","","","",5,59283,0.0,13.7,14.4,74.5,0.6,5.0,17.7,5.0,66.5,72.3,80.3,44.3,84.5,36.1
"A0409","Orange","Costa Mesa, Newport Beach","https://www.californiahealthmaps.org?address=A0409","Male","Lymph",147695,24.5,17.1,34.5,112420,25.5,17.3,37.1,"","","","",23430,"","","","","","","",5,59283,0.0,13.7,14.4,74.5,0.6,5.0,17.7,5.0,66.5,72.3,80.3,44.3,84.5,36.1
"A0409","Orange","Costa Mesa, Newport Beach","https://www.californiahealthmaps.org?address=A0409","Female","Lymph",148720,15.1,10.0,22.7,112250,14.3,9.0,23.0,"","","","",23435,"","","","","","","",5,59283,0.0,13.7,14.4,74.5,0.6,5.0,17.7,5.0,66.5,72.3,80.3,44.3,84.5,36.1
"A0409","Orange","Costa Mesa, Newport Beach","https://www.californiahealthmaps.org?address=A0409","Male","Urinary",147695,14.4,8.8,22.6,112420,16.0,9.8,25.7,"","","","",23430,"","","","","","","",5,59283,0.0,13.7,14.4,74.5,0.6,5.0,17.7,5.0,66.5,72.3,80.3,44.3,84.5,36.1
"A0409","Orange","Costa Mesa, Newport Beach","https://www.californiahealthmaps.org?address=A0409","Female","Urinary",148720,"","","",112250,"","","","","","","",23435,"","","","","","","",5,59283,0.0,13.7,14.4,74.5,0.6,5.0,17.7,5.0,66.5,72.3,80.3,44.3,84.5,36.1
"A0409","Orange","Costa Mesa, Newport Beach","https://www.californiahealthmaps.org?address=A0409","Male","Kidney",147695,18.4,12.4,26.8,112420,18.0,11.7,27.5,"","","","",23430,"","","","","","","",5,59283,0.0,13.7,14.4,74.5,0.6,5.0,17.7,5.0,66.5,72.3,80.3,44.3,84.5,36.1
"A0409","Orange","Costa Mesa, Newport Beach","https://www.californiahealthmaps.org?address=A0409","Female","Kidney",148720,8.7,4.9,15.1,112250,"","","","","","","",23435,"","","","","","","",5,59283,0.0,13.7,14.4,74.5,0.6,5.0,17.7,5.0,66.5,72.3,80.3,44.3,84.5,36.1
"A0409","Orange","Costa Mesa, Newport Beach","https://www.californiahealthmaps.org?address=A0409","Male","Thyroid",147695,"","","",112420,"","","","","","","",23430,"","","","","","","",5,59283,0.0,13.7,14.4,74.5,0.6,5.0,17.7,5.0,66.5,72.3,80.3,44.3,84.5,36.1
"A0409","Orange","Costa Mesa, Newport Beach","https://www.californiahealthmaps.org?address=A0409","Female","Thyroid",148720,30.1,22.0,40.7,112250,31.0,21.5,44.0,"","","","",23435,"","","","","","","",5,59283,0.0,13.7,14.4,74.5,0.6,5.0,17.7,5.0,66.5,72.3,80.3,44.3,84.5,36.1
"A0409","Orange","Costa Mesa, Newport Beach","https://www.californiahealthmaps.org?address=A0409","Male","Liver",147695,"","","",112420,"","","","","","","",23430,"","","","","","","",5,59283,0.0,13.7,14.4,74.5,0.6,5.0,17.7,5.0,66.5,72.3,80.3,44.3,84.5,36.1
"A0409","Orange","Costa Mesa, Newport Beach","https://www.californiahealthmaps.org?address=A0409","Female","Liver",148720,"","","",112250,"","","","","","","",23435,"","","","","","","",5,59283,0.0,13.7,14.4,74.5,0.6,5.0,17.7,5.0,66.5,72.3,80.3,44.3,84.5,36.1
"A0409","Orange","Costa Mesa, Newport Beach","https://www.californiahealthmaps.org?address=A0409","Male","Pancreas",147695,11.5,6.7,18.7,112420,11.8,6.6,20.4,"","","","",23430,"","","","","","","",5,59283,0.0,13.7,14.4,74.5,0.6,5.0,17.7,5.0,66.5,72.3,80.3,44.3,84.5,36.1
"A0409","Orange","Costa Mesa, Newport Beach","https://www.californiahealthmaps.org?address=A0409","Female","Pancreas",148720,"","","",112250,"","","","","","","",23435,"","","","","","","",5,59283,0.0,13.7,14.4,74.5,0.6,5.0,17.7,5.0,66.5,72.3,80.3,44.3,84.5,36.1
"A0409","Orange","Costa Mesa, Newport Beach","https://www.californiahealthmaps.org?address=A0409","Both","AllSite",296415,471.6,448.2,496.2,224670,486.3,460.5,513.7,"","","","",46865,285.9,218.3,371.9,13720,339.7,242.6,477.6,5,59283,0.0,13.7,14.4,74.5,0.6,5.0,17.7,5.0,66.5,72.3,80.3,44.3,84.5,36.1
"A0409","Orange","Costa Mesa, Newport Beach","https://www.californiahealthmaps.org?address=A0409","Both","Lung",296415,50.0,42.5,58.6,224670,52.5,44.3,62.2,"","","","",46865,"","","",13720,"","","",5,59283,0.0,13.7,14.4,74.5,0.6,5.0,17.7,5.0,66.5,72.3,80.3,44.3,84.5,36.1
"A0409","Orange","Costa Mesa, Newport Beach","https://www.californiahealthmaps.org?address=A0409","Both","CRC",296415,29.8,24.2,36.5,224670,29.4,23.6,36.9,"","","","",46865,"","","",13720,"","","",5,59283,0.0,13.7,14.4,74.5,0.6,5.0,17.7,5.0,66.5,72.3,80.3,44.3,84.5,36.1
"A0409","Orange","Costa Mesa, Newport Beach","https://www.californiahealthmaps.org?address=A0409","Both","Mela",296415,55.4,47.6,64.4,224670,55.7,47.1,65.8,"","","","",46865,"","","",13720,"","","",5,59283,0.0,13.7,14.4,74.5,0.6,5.0,17.7,5.0,66.5,72.3,80.3,44.3,84.5,36.1
"A0409","Orange","Costa Mesa, Newport Beach","https://www.californiahealthmaps.org?address=A0409","Both","Lymph",296415,19.6,15.0,25.4,224670,19.9,14.9,26.5,"","","","",46865,"","","",13720,"","","",5,59283,0.0,13.7,14.4,74.5,0.6,5.0,17.7,5.0,66.5,72.3,80.3,44.3,84.5,36.1
"A0409","Orange","Costa Mesa, Newport Beach","https://www.californiahealthmaps.org?address=A0409","Both","Urinary",296415,7.5,4.8,11.5,224670,8.2,5.2,13.0,"","","","",46865,"","","",13720,"","","",5,59283,0.0,13.7,14.4,74.5,0.6,5.0,17.7,5.0,66.5,72.3,80.3,44.3,84.5,36.1
"A0409","Orange","Costa Mesa, Newport Beach","https://www.californiahealthmaps.org?address=A0409","Both","Kidney",296415,13.2,9.7,18.0,224670,12.9,9.2,18.2,"","","","",46865,"","","",13720,"","","",5,59283,0.0,13.7,14.4,74.5,0.6,5.0,17.7,5.0,66.5,72.3,80.3,44.3,84.5,36.1
"A0409","Orange","Costa Mesa, Newport Beach","https://www.californiahealthmaps.org?address=A0409","Both","Thyroid",296415,16.9,12.6,22.5,224670,17.7,12.7,24.4,"","","","",46865,"","","",13720,"","","",5,59283,0.0,13.7,14.4,74.5,0.6,5.0,17.7,5.0,66.5,72.3,80.3,44.3,84.5,36.1
"A0409","Orange","Costa Mesa, Newport Beach","https://www.californiahealthmaps.org?address=A0409","Both","Liver",296415,"","","",224670,"","","","","","","",46865,"","","",13720,"","","",5,59283,0.0,13.7,14.4,74.5,0.6,5.0,17.7,5.0,66.5,72.3,80.3,44.3,84.5,36.1
"A0409","Orange","Costa Mesa, Newport Beach","https://www.californiahealthmaps.org?address=A0409","Both","Pancreas",296415,8.4,5.6,12.4,224670,8.8,5.7,13.7,"","","","",46865,"","","",13720,"","","",5,59283,0.0,13.7,14.4,74.5,0.6,5.0,17.7,5.0,66.5,72.3,80.3,44.3,84.5,36.1
