"Zone","Counties","Cities","URL","Sex","Cancer","PopTot","AAIR","LCI","UCI","White_PopTot","White_AAIR","White_LCI","White_UCI","Black_PopTot","Black_AAIR","Black_LCI","Black_UCI","Hispanic_PopTot","Hispanic_AAIR","Hispanic_LCI","Hispanic_UCI","Asian_PopTot","Asian_AAIR","Asian_LCI","Asian_UCI","QNSES","PopAll","PerRural","PerUninsured","PerForeignBorn","PerWhite","PerBlack","PerAsian","PerHispanic"
"A0070","Los Angeles","Santa Clarita","https://www.californiahealthmaps.org?address=A0070","Male","AllSite",151255,607.3,547.8,673.4,67390,627.0,554.4,709.7,"","","","",59155,622.9,481.7,802.7,11630,507.5,279.7,984.6,4,61022,1.1,15.7,23.7,43.7,3.5,8.4,38.7
"A0070","Los Angeles","Santa Clarita","https://www.californiahealthmaps.org?address=A0070","Female","AllSite",153855,478.6,436.8,524.1,67450,546.3,487.6,611.1,"","","","",59650,327.9,261.9,411.6,13335,451.6,336.6,601.8,4,61022,1.1,15.7,23.7,43.7,3.5,8.4,38.7
"A0070","Los Angeles","Santa Clarita","https://www.californiahealthmaps.org?address=A0070","Male","Prostate",151255,149.1,120.8,184.4,67390,151.2,116.4,196.8,"","","","",59155,138.3,78.5,240.2,11630,"","","",4,61022,1.1,15.7,23.7,43.7,3.5,8.4,38.7
"A0070","Los Angeles","Santa Clarita","https://www.californiahealthmaps.org?address=A0070","Female","Breast",153855,163.2,139.6,190.5,67450,173.2,141.8,210.9,"","","","",59650,146.0,103.1,207.5,13335,168.6,98.8,277.4,4,61022,1.1,15.7,23.7,43.7,3.5,8.4,38.7
"A0070","Los Angeles","Santa Clarita","https://www.californiahealthmaps.org?address=A0070","Male","Lung",151255,74.8,53.8,103.3,67390,67.7,45.5,101.4,"","","","",59155,"","","",11630,"","","",4,61022,1.1,15.7,23.7,43.7,3.5,8.4,38.7
"A0070","Los Angeles","Santa Clarita","https://www.californiahealthmaps.org?address=A0070","Female","Lung",153855,50.1,36.2,68.3,67450,60.2,40.7,86.8,"","","","",59650,"","","",13335,"","","",4,61022,1.1,15.7,23.7,43.7,3.5,8.4,38.7
"A0070","Los Angeles","Santa Clarita","https://www.californiahealthmaps.org?address=A0070","Male","CRC",151255,40.7,25.9,63.4,67390,28.2,15.7,52.8,"","","","",59155,"","","",11630,"","","",4,61022,1.1,15.7,23.7,43.7,3.5,8.4,38.7
"A0070","Los Angeles","Santa Clarita","https://www.californiahealthmaps.org?address=A0070","Female","CRC",153855,41.0,29.2,56.9,67450,46.4,30.4,69.2,"","","","",59650,"","","",13335,"","","",4,61022,1.1,15.7,23.7,43.7,3.5,8.4,38.7
"A0070","Los Angeles","Santa Clarita","https://www.californiahealthmaps.org?address=A0070","Male","Mela",151255,40.0,26.3,61.3,67390,53.3,35.0,82.8,"","","","",59155,"","","",11630,"","","",4,61022,1.1,15.7,23.7,43.7,3.5,8.4,38.7
"A0070","Los Angeles","Santa Clarita","https://www.californiahealthmaps.org?address=A0070","Female","Mela",153855,14.4,8.0,25.1,67450,22.6,12.3,39.9,"","","","",59650,"","","",13335,"","","",4,61022,1.1,15.7,23.7,43.7,3.5,8.4,38.7
"A0070","Los Angeles","Santa Clarita","https://www.californiahealthmaps.org?address=A0070","Female","Uterine",153855,32.8,23.2,46.1,67450,36.8,23.8,56.3,"","","","",59650,"","","",13335,"","","",4,61022,1.1,15.7,23.7,43.7,3.5,8.4,38.7
"A0070","Los Angeles","Santa Clarita","https://www.californiahealthmaps.org?address=A0070","Male","Lymph",151255,40.9,25.6,64.2,67390,34.9,18.2,64.4,"","","","",59155,"","","",11630,"","","",4,61022,1.1,15.7,23.7,43.7,3.5,8.4,38.7
"A0070","Los Angeles","Santa Clarita","https://www.californiahealthmaps.org?address=A0070","Female","Lymph",153855,11.2,6.0,20.5,67450,"","","","","","","",59650,"","","",13335,"","","",4,61022,1.1,15.7,23.7,43.7,3.5,8.4,38.7
"A0070","Los Angeles","Santa Clarita","https://www.californiahealthmaps.org?address=A0070","Male","Urinary",151255,34.6,20.2,57.5,67390,47.6,26.6,81.7,"","","","",59155,"","","",11630,"","","",4,61022,1.1,15.7,23.7,43.7,3.5,8.4,38.7
"A0070","Los Angeles","Santa Clarita","https://www.californiahealthmaps.org?address=A0070","Female","Urinary",153855,4.9,1.3,13.5,67450,"","","","","","","",59650,"","","",13335,"","","",4,61022,1.1,15.7,23.7,43.7,3.5,8.4,38.7
"A0070","Los Angeles","Santa Clarita","https://www.californiahealthmaps.org?address=A0070","Male","Kidney",151255,28.9,18.0,47.4,67390,25.4,13.8,49.0,"","","","",59155,"","","",11630,"","","",4,61022,1.1,15.7,23.7,43.7,3.5,8.4,38.7
"A0070","Los Angeles","Santa Clarita","https://www.californiahealthmaps.org?address=A0070","Female","Kidney",153855,13.9,7.1,25.2,67450,"","","","","","","",59650,"","","",13335,"","","",4,61022,1.1,15.7,23.7,43.7,3.5,8.4,38.7
"A0070","Los Angeles","Santa Clarita","https://www.californiahealthmaps.org?address=A0070","Male","Thyroid",151255,8.6,4.1,21.6,67390,"","","","","","","",59155,"","","",11630,"","","",4,61022,1.1,15.7,23.7,43.7,3.5,8.4,38.7
"A0070","Los Angeles","Santa Clarita","https://www.californiahealthmaps.org?address=A0070","Female","Thyroid",153855,23.3,15.9,34.5,67450,23.4,13.0,40.5,"","","","",59650,"","","",13335,"","","",4,61022,1.1,15.7,23.7,43.7,3.5,8.4,38.7
"A0070","Los Angeles","Santa Clarita","https://www.californiahealthmaps.org?address=A0070","Both","AllSite",305110,526.7,492.5,563.2,134840,577.8,532.4,626.9,15990,528.0,331.1,827.5,118805,426.5,361.4,502.7,24965,434.2,340.5,552.7,4,61022,1.1,15.7,23.7,43.7,3.5,8.4,38.7
"A0070","Los Angeles","Santa Clarita","https://www.californiahealthmaps.org?address=A0070","Both","Lung",305110,59.9,47.9,74.5,134840,64.1,48.9,83.5,15990,"","","",118805,46.3,24.6,82.1,24965,"","","",4,61022,1.1,15.7,23.7,43.7,3.5,8.4,38.7
"A0070","Los Angeles","Santa Clarita","https://www.californiahealthmaps.org?address=A0070","Both","CRC",305110,40.3,31.0,52.1,134840,38.5,27.7,53.4,15990,"","","",118805,45.8,24.1,81.7,24965,"","","",4,61022,1.1,15.7,23.7,43.7,3.5,8.4,38.7
"A0070","Los Angeles","Santa Clarita","https://www.californiahealthmaps.org?address=A0070","Both","Mela",305110,25.7,18.6,35.3,134840,37.1,26.6,51.5,15990,"","","",118805,"","","",24965,"","","",4,61022,1.1,15.7,23.7,43.7,3.5,8.4,38.7
"A0070","Los Angeles","Santa Clarita","https://www.californiahealthmaps.org?address=A0070","Both","Lymph",305110,22.9,16.2,32.1,134840,21.9,14.0,34.0,15990,"","","",118805,"","","",24965,"","","",4,61022,1.1,15.7,23.7,43.7,3.5,8.4,38.7
"A0070","Los Angeles","Santa Clarita","https://www.californiahealthmaps.org?address=A0070","Both","Urinary",305110,16.8,10.7,25.8,134840,23.3,14.1,37.0,15990,"","","",118805,"","","",24965,"","","",4,61022,1.1,15.7,23.7,43.7,3.5,8.4,38.7
"A0070","Los Angeles","Santa Clarita","https://www.californiahealthmaps.org?address=A0070","Both","Kidney",305110,20.8,14.5,29.8,134840,19.5,11.9,31.4,15990,"","","",118805,"","","",24965,"","","",4,61022,1.1,15.7,23.7,43.7,3.5,8.4,38.7
"A0070","Los Angeles","Santa Clarita","https://www.californiahealthmaps.org?address=A0070","Both","Thyroid",305110,16.2,11.6,23.1,134840,16.8,10.4,27.3,15990,"","","",118805,"","","",24965,"","","",4,61022,1.1,15.7,23.7,43.7,3.5,8.4,38.7
