"Zone","Counties","Cities","URL","Sex","Cancer","PopTot","AAIR","LCI","UCI","White_PopTot","White_AAIR","White_LCI","White_UCI","Black_PopTot","Black_AAIR","Black_LCI","Black_UCI","Hispanic_PopTot","Hispanic_AAIR","Hispanic_LCI","Hispanic_UCI","Asian_PopTot","Asian_AAIR","Asian_LCI","Asian_UCI","QNSES","PopAll","PerRural","PerUninsured","PerForeignBorn","PerWhite","PerBlack","PerAsian","PerHispanic"
"A0889","Los Angeles","Los Angeles","https://www.californiahealthmaps.org?address=A0889","Male","AllSite",149620,498.2,460.5,538.5,77965,528.7,478.5,584.1,18190,452.8,369.6,557.4,35590,543.1,420.9,699.8,11725,408.6,277.7,593.9,4,62163,0.0,18.3,29.5,50.6,12.2,9.7,23.4
"A0889","Los Angeles","Los Angeles","https://www.californiahealthmaps.org?address=A0889","Female","AllSite",161195,420.5,389.8,453.5,79925,465.9,421.0,515.7,22690,408.9,342.3,496.6,36505,318.8,252.3,400.4,15070,445.0,333.9,600.3,4,62163,0.0,18.3,29.5,50.6,12.2,9.7,23.4
"A0889","Los Angeles","Los Angeles","https://www.californiahealthmaps.org?address=A0889","Male","Prostate",149620,138.8,119.3,161.0,77965,135.0,110.3,165.2,18190,187.5,136.1,261.4,35590,130.0,76.1,221.5,11725,"","","",4,62163,0.0,18.3,29.5,50.6,12.2,9.7,23.4
"A0889","Los Angeles","Los Angeles","https://www.californiahealthmaps.org?address=A0889","Female","Breast",161195,134.9,117.7,154.4,79925,151.8,126.7,181.9,22690,122.8,87.2,182.7,36505,91.8,59.7,139.3,15070,146.1,85.7,256.2,4,62163,0.0,18.3,29.5,50.6,12.2,9.7,23.4
"A0889","Los Angeles","Los Angeles","https://www.californiahealthmaps.org?address=A0889","Male","Lung",149620,55.1,42.6,70.3,77965,64.7,47.4,87.8,18190,"","","",35590,"","","",11725,"","","",4,62163,0.0,18.3,29.5,50.6,12.2,9.7,23.4
"A0889","Los Angeles","Los Angeles","https://www.californiahealthmaps.org?address=A0889","Female","Lung",161195,29.7,22.0,39.7,79925,25.8,16.4,40.8,22690,51.3,30.9,98.9,36505,"","","",15070,"","","",4,62163,0.0,18.3,29.5,50.6,12.2,9.7,23.4
"A0889","Los Angeles","Los Angeles","https://www.californiahealthmaps.org?address=A0889","Male","CRC",149620,43.1,32.8,56.0,77965,38.3,26.3,56.0,18190,"","","",35590,"","","",11725,"","","",4,62163,0.0,18.3,29.5,50.6,12.2,9.7,23.4
"A0889","Los Angeles","Los Angeles","https://www.californiahealthmaps.org?address=A0889","Female","CRC",161195,38.2,29.5,49.2,79925,36.7,25.3,53.4,22690,"","","",36505,"","","",15070,"","","",4,62163,0.0,18.3,29.5,50.6,12.2,9.7,23.4
"A0889","Los Angeles","Los Angeles","https://www.californiahealthmaps.org?address=A0889","Male","Mela",149620,16.9,10.4,26.3,77965,24.0,14.2,39.8,18190,"","","",35590,"","","",11725,"","","",4,62163,0.0,18.3,29.5,50.6,12.2,9.7,23.4
"A0889","Los Angeles","Los Angeles","https://www.californiahealthmaps.org?address=A0889","Female","Mela",161195,17.2,11.4,25.4,79925,34.2,22.6,51.3,22690,"","","",36505,"","","",15070,"","","",4,62163,0.0,18.3,29.5,50.6,12.2,9.7,23.4
"A0889","Los Angeles","Los Angeles","https://www.californiahealthmaps.org?address=A0889","Female","Uterine",161195,26.3,19.2,35.7,79925,26.6,17.0,41.9,22690,"","","",36505,"","","",15070,"","","",4,62163,0.0,18.3,29.5,50.6,12.2,9.7,23.4
"A0889","Los Angeles","Los Angeles","https://www.californiahealthmaps.org?address=A0889","Male","Lymph",149620,21.9,14.6,32.0,77965,24.9,15.1,40.6,18190,"","","",35590,"","","",11725,"","","",4,62163,0.0,18.3,29.5,50.6,12.2,9.7,23.4
"A0889","Los Angeles","Los Angeles","https://www.californiahealthmaps.org?address=A0889","Female","Lymph",161195,18.9,12.8,27.6,79925,17.1,9.4,30.6,22690,"","","",36505,"","","",15070,"","","",4,62163,0.0,18.3,29.5,50.6,12.2,9.7,23.4
"A0889","Los Angeles","Los Angeles","https://www.californiahealthmaps.org?address=A0889","Male","Urinary",149620,15.5,9.3,24.5,77965,19.6,10.7,34.7,18190,"","","",35590,"","","",11725,"","","",4,62163,0.0,18.3,29.5,50.6,12.2,9.7,23.4
"A0889","Los Angeles","Los Angeles","https://www.californiahealthmaps.org?address=A0889","Female","Urinary",161195,5.0,2.2,10.3,79925,"","","",22690,"","","",36505,"","","",15070,"","","",4,62163,0.0,18.3,29.5,50.6,12.2,9.7,23.4
"A0889","Los Angeles","Los Angeles","https://www.californiahealthmaps.org?address=A0889","Male","Kidney",149620,16.2,9.9,25.4,77965,"","","",18190,"","","",35590,"","","",11725,"","","",4,62163,0.0,18.3,29.5,50.6,12.2,9.7,23.4
"A0889","Los Angeles","Los Angeles","https://www.californiahealthmaps.org?address=A0889","Female","Kidney",161195,11.6,7.0,18.8,79925,"","","",22690,"","","",36505,"","","",15070,"","","",4,62163,0.0,18.3,29.5,50.6,12.2,9.7,23.4
"A0889","Los Angeles","Los Angeles","https://www.californiahealthmaps.org?address=A0889","Male","Thyroid",149620,11.0,6.1,18.6,77965,"","","",18190,"","","",35590,"","","",11725,"","","",4,62163,0.0,18.3,29.5,50.6,12.2,9.7,23.4
"A0889","Los Angeles","Los Angeles","https://www.californiahealthmaps.org?address=A0889","Female","Thyroid",161195,18.9,12.9,27.4,79925,29.4,18.7,45.9,22690,"","","",36505,"","","",15070,"","","",4,62163,0.0,18.3,29.5,50.6,12.2,9.7,23.4
"A0889","Los Angeles","Los Angeles","https://www.californiahealthmaps.org?address=A0889","Both","AllSite",310815,446.2,422.7,470.9,157890,483.5,450.6,518.9,40880,423.0,371.1,484.8,72095,396.3,335.0,467.8,26795,428.8,342.4,538.1,4,62163,0.0,18.3,29.5,50.6,12.2,9.7,23.4
"A0889","Los Angeles","Los Angeles","https://www.californiahealthmaps.org?address=A0889","Both","Lung",310815,39.9,33.0,48.0,157890,42.5,33.1,54.6,40880,48.8,32.8,76.8,72095,"","","",26795,"","","",4,62163,0.0,18.3,29.5,50.6,12.2,9.7,23.4
"A0889","Los Angeles","Los Angeles","https://www.californiahealthmaps.org?address=A0889","Both","CRC",310815,40.1,33.4,48.0,157890,37.0,28.6,48.0,40880,36.6,22.7,62.9,72095,50.7,29.8,83.3,26795,"","","",4,62163,0.0,18.3,29.5,50.6,12.2,9.7,23.4
"A0889","Los Angeles","Los Angeles","https://www.californiahealthmaps.org?address=A0889","Both","Mela",310815,16.2,12.0,21.6,157890,27.7,20.3,37.9,40880,"","","",72095,"","","",26795,"","","",4,62163,0.0,18.3,29.5,50.6,12.2,9.7,23.4
"A0889","Los Angeles","Los Angeles","https://www.californiahealthmaps.org?address=A0889","Both","Lymph",310815,19.9,15.2,25.9,157890,20.2,14.0,29.2,40880,"","","",72095,"","","",26795,"","","",4,62163,0.0,18.3,29.5,50.6,12.2,9.7,23.4
"A0889","Los Angeles","Los Angeles","https://www.californiahealthmaps.org?address=A0889","Both","Urinary",310815,9.4,6.2,13.8,157890,11.0,6.5,18.5,40880,"","","",72095,"","","",26795,"","","",4,62163,0.0,18.3,29.5,50.6,12.2,9.7,23.4
"A0889","Los Angeles","Los Angeles","https://www.californiahealthmaps.org?address=A0889","Both","Kidney",310815,13.3,9.5,18.3,157890,10.1,5.9,17.1,40880,"","","",72095,"","","",26795,"","","",4,62163,0.0,18.3,29.5,50.6,12.2,9.7,23.4
"A0889","Los Angeles","Los Angeles","https://www.californiahealthmaps.org?address=A0889","Both","Thyroid",310815,15.0,11.1,20.2,157890,22.7,15.9,32.4,40880,"","","",72095,"","","",26795,"","","",4,62163,0.0,18.3,29.5,50.6,12.2,9.7,23.4
