"Zone","Counties","Cities","URL","Sex","Cancer","PopTot","AAIR","LCI","UCI","White_PopTot","White_AAIR","White_LCI","White_UCI","Black_PopTot","Black_AAIR","Black_LCI","Black_UCI","Hispanic_PopTot","Hispanic_AAIR","Hispanic_LCI","Hispanic_UCI","Asian_PopTot","Asian_AAIR","Asian_LCI","Asian_UCI","QNSES","PopAll","PerRural","PerUninsured","PerForeignBorn","PerWhite","PerBlack","PerAsian","PerHispanic","PerAPI","PerDocvisit","PerFOBT","PerMammo","PerMenPrev","PerPap","PerWomenPrev"
"A0880","San Bernardino","Rancho Cucamonga, Upland","https://www.californiahealthmaps.org?address=A0880","Male","AllSite",155755,512.6,478.0,549.3,90455,541.7,499.4,588.0,"","","","",42905,386.0,305.3,487.1,11825,473.7,344.5,646.9,4,63902,0.0,11.7,13.8,57.7,3.8,7.2,28.7,7.2,68.4,69.5,82.2,33.1,83.7,35.0
"A0880","San Bernardino","Rancho Cucamonga, Upland","https://www.californiahealthmaps.org?address=A0880","Female","AllSite",163755,438.8,409.5,470.1,92505,441.2,404.2,482.1,"","","","",46560,478.7,409.6,557.3,13560,384.1,288.9,512.9,4,63902,0.0,11.7,13.8,57.7,3.8,7.2,28.7,7.2,68.4,69.5,82.2,33.1,83.7,35.0
"A0880","San Bernardino","Rancho Cucamonga, Upland","https://www.californiahealthmaps.org?address=A0880","Male","Prostate",155755,122.1,106.3,140.1,90455,112.2,94.7,133.7,"","","","",42905,131.8,86.9,198.4,11825,114.7,58.1,219.6,4,63902,0.0,11.7,13.8,57.7,3.8,7.2,28.7,7.2,68.4,69.5,82.2,33.1,83.7,35.0
"A0880","San Bernardino","Rancho Cucamonga, Upland","https://www.californiahealthmaps.org?address=A0880","Female","Breast",163755,144.4,127.9,162.8,92505,141.1,121.0,165.3,"","","","",46560,157.2,119.8,203.9,13560,147.0,92.8,236.9,4,63902,0.0,11.7,13.8,57.7,3.8,7.2,28.7,7.2,68.4,69.5,82.2,33.1,83.7,35.0
"A0880","San Bernardino","Rancho Cucamonga, Upland","https://www.californiahealthmaps.org?address=A0880","Male","Lung",155755,50.4,39.7,63.4,90455,55.7,42.9,72.9,"","","","",42905,"","","",11825,"","","",4,63902,0.0,11.7,13.8,57.7,3.8,7.2,28.7,7.2,68.4,69.5,82.2,33.1,83.7,35.0
"A0880","San Bernardino","Rancho Cucamonga, Upland","https://www.californiahealthmaps.org?address=A0880","Female","Lung",163755,38.9,30.6,49.3,92505,36.2,27.0,49.7,"","","","",46560,44.4,24.4,75.1,13560,"","","",4,63902,0.0,11.7,13.8,57.7,3.8,7.2,28.7,7.2,68.4,69.5,82.2,33.1,83.7,35.0
"A0880","San Bernardino","Rancho Cucamonga, Upland","https://www.californiahealthmaps.org?address=A0880","Male","CRC",155755,46.1,36.0,58.6,90455,48.9,36.4,65.9,"","","","",42905,"","","",11825,"","","",4,63902,0.0,11.7,13.8,57.7,3.8,7.2,28.7,7.2,68.4,69.5,82.2,33.1,83.7,35.0
"A0880","San Bernardino","Rancho Cucamonga, Upland","https://www.californiahealthmaps.org?address=A0880","Female","CRC",163755,41.6,32.9,52.4,92505,40.2,29.8,55.0,"","","","",46560,"","","",13560,"","","",4,63902,0.0,11.7,13.8,57.7,3.8,7.2,28.7,7.2,68.4,69.5,82.2,33.1,83.7,35.0
"A0880","San Bernardino","Rancho Cucamonga, Upland","https://www.californiahealthmaps.org?address=A0880","Male","Mela",155755,53.2,42.4,66.3,90455,70.8,55.5,90.5,"","","","",42905,"","","",11825,"","","",4,63902,0.0,11.7,13.8,57.7,3.8,7.2,28.7,7.2,68.4,69.5,82.2,33.1,83.7,35.0
"A0880","San Bernardino","Rancho Cucamonga, Upland","https://www.californiahealthmaps.org?address=A0880","Female","Mela",163755,17.7,12.3,25.3,92505,24.1,16.1,36.9,"","","","",46560,"","","",13560,"","","",4,63902,0.0,11.7,13.8,57.7,3.8,7.2,28.7,7.2,68.4,69.5,82.2,33.1,83.7,35.0
"A0880","San Bernardino","Rancho Cucamonga, Upland","https://www.californiahealthmaps.org?address=A0880","Female","Uterine",163755,36.4,28.5,46.3,92505,31.2,22.5,44.2,"","","","",46560,50.4,30.8,79.6,13560,"","","",4,63902,0.0,11.7,13.8,57.7,3.8,7.2,28.7,7.2,68.4,69.5,82.2,33.1,83.7,35.0
"A0880","San Bernardino","Rancho Cucamonga, Upland","https://www.californiahealthmaps.org?address=A0880","Male","Lymph",155755,20.7,14.5,29.3,90455,20.2,13.0,32.1,"","","","",42905,"","","",11825,"","","",4,63902,0.0,11.7,13.8,57.7,3.8,7.2,28.7,7.2,68.4,69.5,82.2,33.1,83.7,35.0
"A0880","San Bernardino","Rancho Cucamonga, Upland","https://www.californiahealthmaps.org?address=A0880","Female","Lymph",163755,16.4,10.9,24.2,92505,15.0,8.3,26.8,"","","","",46560,"","","",13560,"","","",4,63902,0.0,11.7,13.8,57.7,3.8,7.2,28.7,7.2,68.4,69.5,82.2,33.1,83.7,35.0
"A0880","San Bernardino","Rancho Cucamonga, Upland","https://www.californiahealthmaps.org?address=A0880","Male","Urinary",155755,19.4,13.0,28.2,90455,19.8,12.6,31.8,"","","","",42905,"","","",11825,"","","",4,63902,0.0,11.7,13.8,57.7,3.8,7.2,28.7,7.2,68.4,69.5,82.2,33.1,83.7,35.0
"A0880","San Bernardino","Rancho Cucamonga, Upland","https://www.californiahealthmaps.org?address=A0880","Female","Urinary",163755,"","","",92505,"","","","","","","",46560,"","","",13560,"","","",4,63902,0.0,11.7,13.8,57.7,3.8,7.2,28.7,7.2,68.4,69.5,82.2,33.1,83.7,35.0
"A0880","San Bernardino","Rancho Cucamonga, Upland","https://www.californiahealthmaps.org?address=A0880","Male","Kidney",155755,24.6,17.7,33.8,90455,28.7,19.9,42.1,"","","","",42905,"","","",11825,"","","",4,63902,0.0,11.7,13.8,57.7,3.8,7.2,28.7,7.2,68.4,69.5,82.2,33.1,83.7,35.0
"A0880","San Bernardino","Rancho Cucamonga, Upland","https://www.californiahealthmaps.org?address=A0880","Female","Kidney",163755,9.8,6.0,15.9,92505,10.0,5.5,19.5,"","","","",46560,"","","",13560,"","","",4,63902,0.0,11.7,13.8,57.7,3.8,7.2,28.7,7.2,68.4,69.5,82.2,33.1,83.7,35.0
"A0880","San Bernardino","Rancho Cucamonga, Upland","https://www.californiahealthmaps.org?address=A0880","Male","Thyroid",155755,10.5,6.2,17.3,90455,"","","","","","","",42905,"","","",11825,"","","",4,63902,0.0,11.7,13.8,57.7,3.8,7.2,28.7,7.2,68.4,69.5,82.2,33.1,83.7,35.0
"A0880","San Bernardino","Rancho Cucamonga, Upland","https://www.californiahealthmaps.org?address=A0880","Female","Thyroid",163755,29.2,21.5,39.2,92505,34.8,23.1,51.6,"","","","",46560,"","","",13560,"","","",4,63902,0.0,11.7,13.8,57.7,3.8,7.2,28.7,7.2,68.4,69.5,82.2,33.1,83.7,35.0
"A0880","San Bernardino","Rancho Cucamonga, Upland","https://www.californiahealthmaps.org?address=A0880","Male","Liver",155755,10.0,5.9,16.5,90455,"","","","","","","",42905,"","","",11825,"","","",4,63902,0.0,11.7,13.8,57.7,3.8,7.2,28.7,7.2,68.4,69.5,82.2,33.1,83.7,35.0
"A0880","San Bernardino","Rancho Cucamonga, Upland","https://www.californiahealthmaps.org?address=A0880","Female","Liver",163755,"","","",92505,"","","","","","","",46560,"","","",13560,"","","",4,63902,0.0,11.7,13.8,57.7,3.8,7.2,28.7,7.2,68.4,69.5,82.2,33.1,83.7,35.0
"A0880","San Bernardino","Rancho Cucamonga, Upland","https://www.californiahealthmaps.org?address=A0880","Male","Pancreas",155755,15.4,9.9,23.4,90455,14.4,8.1,25.7,"","","","",42905,"","","",11825,"","","",4,63902,0.0,11.7,13.8,57.7,3.8,7.2,28.7,7.2,68.4,69.5,82.2,33.1,83.7,35.0
"A0880","San Bernardino","Rancho Cucamonga, Upland","https://www.californiahealthmaps.org?address=A0880","Female","Pancreas",163755,10.0,6.1,16.3,92505,12.5,7.4,22.7,"","","","",46560,"","","",13560,"","","",4,63902,0.0,11.7,13.8,57.7,3.8,7.2,28.7,7.2,68.4,69.5,82.2,33.1,83.7,35.0
"A0880","San Bernardino","Rancho Cucamonga, Upland","https://www.californiahealthmaps.org?address=A0880","Both","AllSite",319510,468.2,446.0,491.4,182960,484.1,456.3,513.8,13165,536.8,412.7,694.2,89465,434.7,382.4,493.1,25385,424.5,345.4,520.7,4,63902,0.0,11.7,13.8,57.7,3.8,7.2,28.7,7.2,68.4,69.5,82.2,33.1,83.7,35.0
"A0880","San Bernardino","Rancho Cucamonga, Upland","https://www.californiahealthmaps.org?address=A0880","Both","Lung",319510,43.5,36.9,51.2,182960,44.6,36.8,54.3,13165,"","","",89465,32.7,19.3,53.2,25385,"","","",4,63902,0.0,11.7,13.8,57.7,3.8,7.2,28.7,7.2,68.4,69.5,82.2,33.1,83.7,35.0
"A0880","San Bernardino","Rancho Cucamonga, Upland","https://www.californiahealthmaps.org?address=A0880","Both","CRC",319510,43.5,36.8,51.2,182960,44.2,36.0,54.5,13165,"","","",89465,36.3,21.7,58.1,25385,81.2,47.2,135.2,4,63902,0.0,11.7,13.8,57.7,3.8,7.2,28.7,7.2,68.4,69.5,82.2,33.1,83.7,35.0
"A0880","San Bernardino","Rancho Cucamonga, Upland","https://www.californiahealthmaps.org?address=A0880","Both","Mela",319510,33.6,27.9,40.5,182960,45.8,37.3,56.5,13165,"","","",89465,"","","",25385,"","","",4,63902,0.0,11.7,13.8,57.7,3.8,7.2,28.7,7.2,68.4,69.5,82.2,33.1,83.7,35.0
"A0880","San Bernardino","Rancho Cucamonga, Upland","https://www.californiahealthmaps.org?address=A0880","Both","Lymph",319510,18.5,14.3,23.9,182960,17.4,12.4,24.7,13165,"","","",89465,25.5,14.0,43.9,25385,"","","",4,63902,0.0,11.7,13.8,57.7,3.8,7.2,28.7,7.2,68.4,69.5,82.2,33.1,83.7,35.0
"A0880","San Bernardino","Rancho Cucamonga, Upland","https://www.californiahealthmaps.org?address=A0880","Both","Urinary",319510,10.1,7.1,14.3,182960,10.9,7.2,16.9,13165,"","","",89465,"","","",25385,"","","",4,63902,0.0,11.7,13.8,57.7,3.8,7.2,28.7,7.2,68.4,69.5,82.2,33.1,83.7,35.0
"A0880","San Bernardino","Rancho Cucamonga, Upland","https://www.californiahealthmaps.org?address=A0880","Both","Kidney",319510,16.8,12.9,21.8,182960,19.0,14.0,26.1,13165,"","","",89465,"","","",25385,"","","",4,63902,0.0,11.7,13.8,57.7,3.8,7.2,28.7,7.2,68.4,69.5,82.2,33.1,83.7,35.0
"A0880","San Bernardino","Rancho Cucamonga, Upland","https://www.californiahealthmaps.org?address=A0880","Both","Thyroid",319510,20.1,15.6,25.8,182960,22.6,16.1,31.5,13165,"","","",89465,"","","",25385,"","","",4,63902,0.0,11.7,13.8,57.7,3.8,7.2,28.7,7.2,68.4,69.5,82.2,33.1,83.7,35.0
"A0880","San Bernardino","Rancho Cucamonga, Upland","https://www.californiahealthmaps.org?address=A0880","Both","Liver",319510,7.7,5.2,11.4,182960,5.3,3.0,10.1,13165,"","","",89465,"","","",25385,"","","",4,63902,0.0,11.7,13.8,57.7,3.8,7.2,28.7,7.2,68.4,69.5,82.2,33.1,83.7,35.0
"A0880","San Bernardino","Rancho Cucamonga, Upland","https://www.californiahealthmaps.org?address=A0880","Both","Pancreas",319510,12.2,8.9,16.7,182960,13.3,9.1,19.8,13165,"","","",89465,"","","",25385,"","","",4,63902,0.0,11.7,13.8,57.7,3.8,7.2,28.7,7.2,68.4,69.5,82.2,33.1,83.7,35.0
