"Zone","Counties","Cities","URL","Sex","Cancer","PopTot","AAIR","LCI","UCI","White_PopTot","White_AAIR","White_LCI","White_UCI","Black_PopTot","Black_AAIR","Black_LCI","Black_UCI","Hispanic_PopTot","Hispanic_AAIR","Hispanic_LCI","Hispanic_UCI","Asian_PopTot","Asian_AAIR","Asian_LCI","Asian_UCI","QNSES","PopAll","PerRural","PerUninsured","PerForeignBorn","PerWhite","PerBlack","PerAsian","PerHispanic","PerAPI","PerDocvisit","PerFOBT","PerMammo","PerMenPrev","PerPap","PerWomenPrev"
"A1031","Los Angeles","Rancho Palos Verdes, Los Angeles","https://www.californiahealthmaps.org?address=A1031","Male","AllSite",135080,454.7,425.2,486.7,83320,452.3,417.2,491.7,"","","","",21710,485.1,381.8,610.1,20530,365.2,284.8,468.1,5,55756,0.0,6.0,22.3,61.4,3.5,15.3,15.2,15.3,"","","","","",""
"A1031","Los Angeles","Rancho Palos Verdes, Los Angeles","https://www.californiahealthmaps.org?address=A1031","Female","AllSite",143700,459.0,429.0,491.3,85750,494.7,453.8,540.3,"","","","",24120,450.8,369.3,546.1,23995,397.3,324.7,488.8,5,55756,0.0,6.0,22.3,61.4,3.5,15.3,15.2,15.3,"","","","","",""
"A1031","Los Angeles","Rancho Palos Verdes, Los Angeles","https://www.californiahealthmaps.org?address=A1031","Male","Prostate",135080,106.1,92.7,122.1,83320,95.9,81.2,115.2,"","","","",21710,163.5,105.6,244.3,20530,55.4,31.2,103.9,5,55756,0.0,6.0,22.3,61.4,3.5,15.3,15.2,15.3,"","","","","",""
"A1031","Los Angeles","Rancho Palos Verdes, Los Angeles","https://www.californiahealthmaps.org?address=A1031","Female","Breast",143700,163.5,146.3,183.2,85750,177.3,154.1,205.4,"","","","",24120,156.5,110.5,216.7,23995,150.8,110.1,211.2,5,55756,0.0,6.0,22.3,61.4,3.5,15.3,15.2,15.3,"","","","","",""
"A1031","Los Angeles","Rancho Palos Verdes, Los Angeles","https://www.californiahealthmaps.org?address=A1031","Male","Lung",135080,36.4,28.7,46.8,83320,35.1,26.6,48.6,"","","","",21710,"","","",20530,"","","",5,55756,0.0,6.0,22.3,61.4,3.5,15.3,15.2,15.3,"","","","","",""
"A1031","Los Angeles","Rancho Palos Verdes, Los Angeles","https://www.californiahealthmaps.org?address=A1031","Female","Lung",143700,35.7,28.5,45.4,85750,38.1,29.7,51.9,"","","","",24120,"","","",23995,"","","",5,55756,0.0,6.0,22.3,61.4,3.5,15.3,15.2,15.3,"","","","","",""
"A1031","Los Angeles","Rancho Palos Verdes, Los Angeles","https://www.californiahealthmaps.org?address=A1031","Male","CRC",135080,37.6,29.1,48.8,83320,37.3,27.3,52.6,"","","","",21710,"","","",20530,"","","",5,55756,0.0,6.0,22.3,61.4,3.5,15.3,15.2,15.3,"","","","","",""
"A1031","Los Angeles","Rancho Palos Verdes, Los Angeles","https://www.californiahealthmaps.org?address=A1031","Female","CRC",143700,26.8,20.1,36.2,85750,30.0,20.1,46.0,"","","","",24120,"","","",23995,"","","",5,55756,0.0,6.0,22.3,61.4,3.5,15.3,15.2,15.3,"","","","","",""
"A1031","Los Angeles","Rancho Palos Verdes, Los Angeles","https://www.californiahealthmaps.org?address=A1031","Male","Mela",135080,49.2,39.7,61.4,83320,59.2,46.6,76.8,"","","","",21710,"","","",20530,"","","",5,55756,0.0,6.0,22.3,61.4,3.5,15.3,15.2,15.3,"","","","","",""
"A1031","Los Angeles","Rancho Palos Verdes, Los Angeles","https://www.californiahealthmaps.org?address=A1031","Female","Mela",143700,33.2,25.1,44.1,85750,42.7,30.8,60.3,"","","","",24120,"","","",23995,"","","",5,55756,0.0,6.0,22.3,61.4,3.5,15.3,15.2,15.3,"","","","","",""
"A1031","Los Angeles","Rancho Palos Verdes, Los Angeles","https://www.californiahealthmaps.org?address=A1031","Female","Uterine",143700,25.8,19.6,34.6,85750,26.9,19.2,40.3,"","","","",24120,"","","",23995,"","","",5,55756,0.0,6.0,22.3,61.4,3.5,15.3,15.2,15.3,"","","","","",""
"A1031","Los Angeles","Rancho Palos Verdes, Los Angeles","https://www.californiahealthmaps.org?address=A1031","Male","Lymph",135080,30.2,22.7,40.6,83320,30.1,20.9,44.7,"","","","",21710,"","","",20530,"","","",5,55756,0.0,6.0,22.3,61.4,3.5,15.3,15.2,15.3,"","","","","",""
"A1031","Los Angeles","Rancho Palos Verdes, Los Angeles","https://www.californiahealthmaps.org?address=A1031","Female","Lymph",143700,22.9,17.1,31.3,85750,25.7,18.4,38.8,"","","","",24120,"","","",23995,"","","",5,55756,0.0,6.0,22.3,61.4,3.5,15.3,15.2,15.3,"","","","","",""
"A1031","Los Angeles","Rancho Palos Verdes, Los Angeles","https://www.californiahealthmaps.org?address=A1031","Male","Urinary",135080,22.6,16.7,31.3,83320,23.0,16.3,35.1,"","","","",21710,"","","",20530,"","","",5,55756,0.0,6.0,22.3,61.4,3.5,15.3,15.2,15.3,"","","","","",""
"A1031","Los Angeles","Rancho Palos Verdes, Los Angeles","https://www.californiahealthmaps.org?address=A1031","Female","Urinary",143700,"","","",85750,"","","","","","","",24120,"","","",23995,"","","",5,55756,0.0,6.0,22.3,61.4,3.5,15.3,15.2,15.3,"","","","","",""
"A1031","Los Angeles","Rancho Palos Verdes, Los Angeles","https://www.californiahealthmaps.org?address=A1031","Male","Kidney",135080,18.0,12.4,26.5,83320,17.4,11.4,29.1,"","","","",21710,"","","",20530,"","","",5,55756,0.0,6.0,22.3,61.4,3.5,15.3,15.2,15.3,"","","","","",""
"A1031","Los Angeles","Rancho Palos Verdes, Los Angeles","https://www.californiahealthmaps.org?address=A1031","Female","Kidney",143700,9.1,5.2,16.0,85750,"","","","","","","",24120,"","","",23995,"","","",5,55756,0.0,6.0,22.3,61.4,3.5,15.3,15.2,15.3,"","","","","",""
"A1031","Los Angeles","Rancho Palos Verdes, Los Angeles","https://www.californiahealthmaps.org?address=A1031","Male","Thyroid",135080,9.0,5.0,16.2,83320,"","","","","","","",21710,"","","",20530,"","","",5,55756,0.0,6.0,22.3,61.4,3.5,15.3,15.2,15.3,"","","","","",""
"A1031","Los Angeles","Rancho Palos Verdes, Los Angeles","https://www.californiahealthmaps.org?address=A1031","Female","Thyroid",143700,28.0,19.8,39.2,85750,34.9,22.0,54.4,"","","","",24120,"","","",23995,"","","",5,55756,0.0,6.0,22.3,61.4,3.5,15.3,15.2,15.3,"","","","","",""
"A1031","Los Angeles","Rancho Palos Verdes, Los Angeles","https://www.californiahealthmaps.org?address=A1031","Male","Liver",135080,7.9,4.6,14.4,83320,"","","","","","","",21710,"","","",20530,"","","",5,55756,0.0,6.0,22.3,61.4,3.5,15.3,15.2,15.3,"","","","","",""
"A1031","Los Angeles","Rancho Palos Verdes, Los Angeles","https://www.californiahealthmaps.org?address=A1031","Female","Liver",143700,"","","",85750,"","","","","","","",24120,"","","",23995,"","","",5,55756,0.0,6.0,22.3,61.4,3.5,15.3,15.2,15.3,"","","","","",""
"A1031","Los Angeles","Rancho Palos Verdes, Los Angeles","https://www.californiahealthmaps.org?address=A1031","Male","Pancreas",135080,16.4,11.5,24.2,83320,18.8,12.7,30.4,"","","","",21710,"","","",20530,"","","",5,55756,0.0,6.0,22.3,61.4,3.5,15.3,15.2,15.3,"","","","","",""
"A1031","Los Angeles","Rancho Palos Verdes, Los Angeles","https://www.californiahealthmaps.org?address=A1031","Female","Pancreas",143700,13.1,8.9,19.9,85750,13.5,8.5,24.9,"","","","",24120,"","","",23995,"","","",5,55756,0.0,6.0,22.3,61.4,3.5,15.3,15.2,15.3,"","","","","",""
"A1031","Los Angeles","Rancho Palos Verdes, Los Angeles","https://www.californiahealthmaps.org?address=A1031","Both","AllSite",278780,454.5,433.5,476.7,169070,469.9,443.0,498.9,"","","","",45830,456.8,393.0,528.8,44525,380.2,326.9,442.6,5,55756,0.0,6.0,22.3,61.4,3.5,15.3,15.2,15.3,"","","","","",""
"A1031","Los Angeles","Rancho Palos Verdes, Los Angeles","https://www.californiahealthmaps.org?address=A1031","Both","Lung",278780,35.8,30.5,42.3,169070,36.6,30.5,45.0,"","","","",45830,"","","",44525,42.9,25.7,70.9,5,55756,0.0,6.0,22.3,61.4,3.5,15.3,15.2,15.3,"","","","","",""
"A1031","Los Angeles","Rancho Palos Verdes, Los Angeles","https://www.californiahealthmaps.org?address=A1031","Both","CRC",278780,31.8,26.4,38.5,169070,33.2,26.1,42.9,"","","","",45830,"","","",44525,25.6,14.0,48.0,5,55756,0.0,6.0,22.3,61.4,3.5,15.3,15.2,15.3,"","","","","",""
"A1031","Los Angeles","Rancho Palos Verdes, Los Angeles","https://www.californiahealthmaps.org?address=A1031","Both","Mela",278780,40.0,33.8,47.6,169070,49.8,41.0,61.0,"","","","",45830,"","","",44525,"","","",5,55756,0.0,6.0,22.3,61.4,3.5,15.3,15.2,15.3,"","","","","",""
"A1031","Los Angeles","Rancho Palos Verdes, Los Angeles","https://www.californiahealthmaps.org?address=A1031","Both","Lymph",278780,26.2,21.5,32.3,169070,27.8,21.8,36.4,"","","","",45830,"","","",44525,"","","",5,55756,0.0,6.0,22.3,61.4,3.5,15.3,15.2,15.3,"","","","","",""
"A1031","Los Angeles","Rancho Palos Verdes, Los Angeles","https://www.californiahealthmaps.org?address=A1031","Both","Urinary",278780,12.2,9.1,16.6,169070,11.6,8.4,17.7,"","","","",45830,"","","",44525,"","","",5,55756,0.0,6.0,22.3,61.4,3.5,15.3,15.2,15.3,"","","","","",""
"A1031","Los Angeles","Rancho Palos Verdes, Los Angeles","https://www.californiahealthmaps.org?address=A1031","Both","Kidney",278780,13.2,9.8,18.0,169070,11.6,8.2,17.8,"","","","",45830,"","","",44525,"","","",5,55756,0.0,6.0,22.3,61.4,3.5,15.3,15.2,15.3,"","","","","",""
"A1031","Los Angeles","Rancho Palos Verdes, Los Angeles","https://www.californiahealthmaps.org?address=A1031","Both","Thyroid",278780,18.7,14.0,24.9,169070,20.5,13.9,30.3,"","","","",45830,"","","",44525,"","","",5,55756,0.0,6.0,22.3,61.4,3.5,15.3,15.2,15.3,"","","","","",""
"A1031","Los Angeles","Rancho Palos Verdes, Los Angeles","https://www.californiahealthmaps.org?address=A1031","Both","Liver",278780,5.6,3.7,9.0,169070,"","","","","","","",45830,"","","",44525,"","","",5,55756,0.0,6.0,22.3,61.4,3.5,15.3,15.2,15.3,"","","","","",""
"A1031","Los Angeles","Rancho Palos Verdes, Los Angeles","https://www.californiahealthmaps.org?address=A1031","Both","Pancreas",278780,14.7,11.4,19.2,169070,16.1,12.1,22.8,"","","","",45830,"","","",44525,"","","",5,55756,0.0,6.0,22.3,61.4,3.5,15.3,15.2,15.3,"","","","","",""
