"Zone","Counties","Cities","URL","Sex","Cancer","PopTot","AAIR","LCI","UCI","White_PopTot","White_AAIR","White_LCI","White_UCI","Black_PopTot","Black_AAIR","Black_LCI","Black_UCI","Hispanic_PopTot","Hispanic_AAIR","Hispanic_LCI","Hispanic_UCI","Asian_PopTot","Asian_AAIR","Asian_LCI","Asian_UCI","QNSES","PopAll","PerRural","PerUninsured","PerForeignBorn","PerWhite","PerBlack","PerAsian","PerHispanic","PerAPI","PerDocvisit","PerFOBT","PerMammo","PerMenPrev","PerPap","PerWomenPrev"
"A0914","Butte","Oroville, Paradise","https://www.californiahealthmaps.org?address=A0914","Male","AllSite",181575,492.3,464.8,521.5,140035,494.6,464.9,526.4,"","","","",17580,494.5,368.3,654.3,10255,"","","",1,74644,11.4,14.2,6.3,78.4,1.4,5.7,9.2,5.7,"","","","","",""
"A0914","Butte","Oroville, Paradise","https://www.californiahealthmaps.org?address=A0914","Female","AllSite",191645,457.7,432.0,485.1,151570,463.1,434.9,493.4,"","","","",16805,464.0,350.6,606.9,10045,392.2,252.7,589.4,1,74644,11.4,14.2,6.3,78.4,1.4,5.7,9.2,5.7,"","","","","",""
"A0914","Butte","Oroville, Paradise","https://www.californiahealthmaps.org?address=A0914","Male","Prostate",181575,100.1,88.3,113.6,140035,96.3,84.1,110.6,"","","","",17580,"","","",10255,"","","",1,74644,11.4,14.2,6.3,78.4,1.4,5.7,9.2,5.7,"","","","","",""
"A0914","Butte","Oroville, Paradise","https://www.californiahealthmaps.org?address=A0914","Female","Breast",191645,136.3,122.4,151.9,151570,139.6,124.5,157.0,"","","","",16805,120.1,66.5,205.5,10045,"","","",1,74644,11.4,14.2,6.3,78.4,1.4,5.7,9.2,5.7,"","","","","",""
"A0914","Butte","Oroville, Paradise","https://www.californiahealthmaps.org?address=A0914","Male","Lung",181575,73.6,63.4,85.4,140035,75.9,65.0,89.0,"","","","",17580,"","","",10255,"","","",1,74644,11.4,14.2,6.3,78.4,1.4,5.7,9.2,5.7,"","","","","",""
"A0914","Butte","Oroville, Paradise","https://www.californiahealthmaps.org?address=A0914","Female","Lung",191645,61.5,53.0,71.8,151570,60.9,51.8,72.2,"","","","",16805,"","","",10045,"","","",1,74644,11.4,14.2,6.3,78.4,1.4,5.7,9.2,5.7,"","","","","",""
"A0914","Butte","Oroville, Paradise","https://www.californiahealthmaps.org?address=A0914","Male","CRC",181575,41.5,34.0,50.8,140035,41.3,33.3,51.5,"","","","",17580,"","","",10255,"","","",1,74644,11.4,14.2,6.3,78.4,1.4,5.7,9.2,5.7,"","","","","",""
"A0914","Butte","Oroville, Paradise","https://www.californiahealthmaps.org?address=A0914","Female","CRC",191645,39.4,32.3,48.3,151570,40.5,32.6,50.7,"","","","",16805,"","","",10045,"","","",1,74644,11.4,14.2,6.3,78.4,1.4,5.7,9.2,5.7,"","","","","",""
"A0914","Butte","Oroville, Paradise","https://www.californiahealthmaps.org?address=A0914","Male","Mela",181575,36.5,29.1,45.8,140035,36.2,28.3,46.5,"","","","",17580,"","","",10255,"","","",1,74644,11.4,14.2,6.3,78.4,1.4,5.7,9.2,5.7,"","","","","",""
"A0914","Butte","Oroville, Paradise","https://www.californiahealthmaps.org?address=A0914","Female","Mela",191645,21.6,16.2,29.0,151570,20.2,14.6,28.5,"","","","",16805,"","","",10045,"","","",1,74644,11.4,14.2,6.3,78.4,1.4,5.7,9.2,5.7,"","","","","",""
"A0914","Butte","Oroville, Paradise","https://www.californiahealthmaps.org?address=A0914","Female","Uterine",191645,28.0,21.9,36.0,151570,28.9,22.2,38.2,"","","","",16805,"","","",10045,"","","",1,74644,11.4,14.2,6.3,78.4,1.4,5.7,9.2,5.7,"","","","","",""
"A0914","Butte","Oroville, Paradise","https://www.californiahealthmaps.org?address=A0914","Male","Lymph",181575,21.7,15.8,29.7,140035,22.6,15.9,31.8,"","","","",17580,"","","",10255,"","","",1,74644,11.4,14.2,6.3,78.4,1.4,5.7,9.2,5.7,"","","","","",""
"A0914","Butte","Oroville, Paradise","https://www.californiahealthmaps.org?address=A0914","Female","Lymph",191645,18.7,13.9,25.3,151570,18.9,13.9,26.5,"","","","",16805,"","","",10045,"","","",1,74644,11.4,14.2,6.3,78.4,1.4,5.7,9.2,5.7,"","","","","",""
"A0914","Butte","Oroville, Paradise","https://www.californiahealthmaps.org?address=A0914","Male","Urinary",181575,23.6,18.1,31.0,140035,23.4,17.7,31.4,"","","","",17580,"","","",10255,"","","",1,74644,11.4,14.2,6.3,78.4,1.4,5.7,9.2,5.7,"","","","","",""
"A0914","Butte","Oroville, Paradise","https://www.californiahealthmaps.org?address=A0914","Female","Urinary",191645,"","","",151570,"","","","","","","",16805,"","","",10045,"","","",1,74644,11.4,14.2,6.3,78.4,1.4,5.7,9.2,5.7,"","","","","",""
"A0914","Butte","Oroville, Paradise","https://www.californiahealthmaps.org?address=A0914","Male","Kidney",181575,22.2,16.2,30.3,140035,20.5,14.2,29.4,"","","","",17580,"","","",10255,"","","",1,74644,11.4,14.2,6.3,78.4,1.4,5.7,9.2,5.7,"","","","","",""
"A0914","Butte","Oroville, Paradise","https://www.californiahealthmaps.org?address=A0914","Female","Kidney",191645,9.9,6.5,15.4,151570,9.3,5.6,15.8,"","","","",16805,"","","",10045,"","","",1,74644,11.4,14.2,6.3,78.4,1.4,5.7,9.2,5.7,"","","","","",""
"A0914","Butte","Oroville, Paradise","https://www.californiahealthmaps.org?address=A0914","Male","Thyroid",181575,"","","",140035,"","","","","","","",17580,"","","",10255,"","","",1,74644,11.4,14.2,6.3,78.4,1.4,5.7,9.2,5.7,"","","","","",""
"A0914","Butte","Oroville, Paradise","https://www.californiahealthmaps.org?address=A0914","Female","Thyroid",191645,18.4,12.8,26.3,151570,18.0,11.7,27.2,"","","","",16805,"","","",10045,"","","",1,74644,11.4,14.2,6.3,78.4,1.4,5.7,9.2,5.7,"","","","","",""
"A0914","Butte","Oroville, Paradise","https://www.californiahealthmaps.org?address=A0914","Male","Liver",181575,15.9,11.5,22.2,140035,14.0,9.7,20.9,"","","","",17580,"","","",10255,"","","",1,74644,11.4,14.2,6.3,78.4,1.4,5.7,9.2,5.7,"","","","","",""
"A0914","Butte","Oroville, Paradise","https://www.californiahealthmaps.org?address=A0914","Female","Liver",191645,6.0,3.5,10.7,151570,6.1,3.4,11.6,"","","","",16805,"","","",10045,"","","",1,74644,11.4,14.2,6.3,78.4,1.4,5.7,9.2,5.7,"","","","","",""
"A0914","Butte","Oroville, Paradise","https://www.californiahealthmaps.org?address=A0914","Male","Pancreas",181575,17.6,12.8,24.3,140035,17.5,12.5,24.9,"","","","",17580,"","","",10255,"","","",1,74644,11.4,14.2,6.3,78.4,1.4,5.7,9.2,5.7,"","","","","",""
"A0914","Butte","Oroville, Paradise","https://www.californiahealthmaps.org?address=A0914","Female","Pancreas",191645,11.2,7.7,16.7,151570,11.4,7.7,17.7,"","","","",16805,"","","",10045,"","","",1,74644,11.4,14.2,6.3,78.4,1.4,5.7,9.2,5.7,"","","","","",""
"A0914","Butte","Oroville, Paradise","https://www.californiahealthmaps.org?address=A0914","Both","AllSite",373220,471.3,452.6,490.8,291605,474.9,454.6,496.4,"","","","",34385,475.2,389.8,576.0,20300,348.9,242.5,490.5,1,74644,11.4,14.2,6.3,78.4,1.4,5.7,9.2,5.7,"","","","","",""
"A0914","Butte","Oroville, Paradise","https://www.californiahealthmaps.org?address=A0914","Both","Lung",373220,66.4,59.8,73.8,291605,67.0,60.0,75.1,"","","","",34385,"","","",20300,"","","",1,74644,11.4,14.2,6.3,78.4,1.4,5.7,9.2,5.7,"","","","","",""
"A0914","Butte","Oroville, Paradise","https://www.californiahealthmaps.org?address=A0914","Both","CRC",373220,40.3,35.1,46.4,291605,40.7,35.1,47.5,"","","","",34385,"","","",20300,"","","",1,74644,11.4,14.2,6.3,78.4,1.4,5.7,9.2,5.7,"","","","","",""
"A0914","Butte","Oroville, Paradise","https://www.californiahealthmaps.org?address=A0914","Both","Mela",373220,28.4,23.8,33.8,291605,27.4,22.5,33.4,"","","","",34385,"","","",20300,"","","",1,74644,11.4,14.2,6.3,78.4,1.4,5.7,9.2,5.7,"","","","","",""
"A0914","Butte","Oroville, Paradise","https://www.californiahealthmaps.org?address=A0914","Both","Lymph",373220,20.4,16.5,25.2,291605,21.0,16.7,26.5,"","","","",34385,"","","",20300,"","","",1,74644,11.4,14.2,6.3,78.4,1.4,5.7,9.2,5.7,"","","","","",""
"A0914","Butte","Oroville, Paradise","https://www.californiahealthmaps.org?address=A0914","Both","Urinary",373220,11.5,9.0,15.0,291605,11.3,8.6,15.1,"","","","",34385,"","","",20300,"","","",1,74644,11.4,14.2,6.3,78.4,1.4,5.7,9.2,5.7,"","","","","",""
"A0914","Butte","Oroville, Paradise","https://www.californiahealthmaps.org?address=A0914","Both","Kidney",373220,15.8,12.3,20.2,291605,14.5,10.8,19.4,"","","","",34385,"","","",20300,"","","",1,74644,11.4,14.2,6.3,78.4,1.4,5.7,9.2,5.7,"","","","","",""
"A0914","Butte","Oroville, Paradise","https://www.californiahealthmaps.org?address=A0914","Both","Thyroid",373220,10.5,7.5,14.7,291605,10.6,7.2,15.4,"","","","",34385,"","","",20300,"","","",1,74644,11.4,14.2,6.3,78.4,1.4,5.7,9.2,5.7,"","","","","",""
"A0914","Butte","Oroville, Paradise","https://www.californiahealthmaps.org?address=A0914","Both","Liver",373220,10.7,8.1,14.1,291605,9.8,7.2,13.6,"","","","",34385,"","","",20300,"","","",1,74644,11.4,14.2,6.3,78.4,1.4,5.7,9.2,5.7,"","","","","",""
"A0914","Butte","Oroville, Paradise","https://www.californiahealthmaps.org?address=A0914","Both","Pancreas",373220,14.0,11.1,17.9,291605,14.0,10.9,18.3,"","","","",34385,"","","",20300,"","","",1,74644,11.4,14.2,6.3,78.4,1.4,5.7,9.2,5.7,"","","","","",""
