"Zone","Counties","Cities","URL","Sex","Cancer","PopTot","AAIR","LCI","UCI","White_PopTot","White_AAIR","White_LCI","White_UCI","Black_PopTot","Black_AAIR","Black_LCI","Black_UCI","Hispanic_PopTot","Hispanic_AAIR","Hispanic_LCI","Hispanic_UCI","Asian_PopTot","Asian_AAIR","Asian_LCI","Asian_UCI","QNSES","PopAll","PerRural","PerUninsured","PerForeignBorn","PerWhite","PerBlack","PerAsian","PerHispanic","PerAPI","PerDocvisit","PerFOBT","PerMammo","PerMenPrev","PerPap","PerWomenPrev"
"A0802","San Francisco","San Francisco","https://www.californiahealthmaps.org?address=A0802","Male","AllSite",149105,417.0,387.0,449.5,65300,529.8,475.4,592.2,"","","","",10145,325.5,187.5,542.8,64305,329.2,292.2,372.0,5,61683,0.0,10.8,40.7,40.4,0.9,47.0,7.2,47.0,65.9,70.6,80.5,36.8,81.0,33.4
"A0802","San Francisco","San Francisco","https://www.californiahealthmaps.org?address=A0802","Female","AllSite",159310,383.6,356.9,412.9,62245,440.4,392.7,497.3,"","","","","","","","",78580,358.3,323.3,398.6,5,61683,0.0,10.8,40.7,40.4,0.9,47.0,7.2,47.0,65.9,70.6,80.5,36.8,81.0,33.4
"A0802","San Francisco","San Francisco","https://www.californiahealthmaps.org?address=A0802","Male","Prostate",149105,88.5,75.0,104.6,65300,111.8,88.1,144.3,"","","","",10145,"","","",64305,62.8,47.9,84.1,5,61683,0.0,10.8,40.7,40.4,0.9,47.0,7.2,47.0,65.9,70.6,80.5,36.8,81.0,33.4
"A0802","San Francisco","San Francisco","https://www.californiahealthmaps.org?address=A0802","Female","Breast",159310,122.2,107.2,139.8,62245,134.5,108.9,170.2,"","","","","","","","",78580,119.8,99.5,145.9,5,61683,0.0,10.8,40.7,40.4,0.9,47.0,7.2,47.0,65.9,70.6,80.5,36.8,81.0,33.4
"A0802","San Francisco","San Francisco","https://www.californiahealthmaps.org?address=A0802","Male","Lung",149105,49.8,39.8,62.4,65300,56.7,39.7,83.1,"","","","",10145,"","","",64305,41.4,29.4,60.0,5,61683,0.0,10.8,40.7,40.4,0.9,47.0,7.2,47.0,65.9,70.6,80.5,36.8,81.0,33.4
"A0802","San Francisco","San Francisco","https://www.californiahealthmaps.org?address=A0802","Female","Lung",159310,37.0,29.4,47.4,62245,38.9,26.3,63.1,"","","","","","","","",78580,39.1,28.7,55.7,5,61683,0.0,10.8,40.7,40.4,0.9,47.0,7.2,47.0,65.9,70.6,80.5,36.8,81.0,33.4
"A0802","San Francisco","San Francisco","https://www.californiahealthmaps.org?address=A0802","Male","CRC",149105,47.4,37.8,59.7,65300,44.9,30.7,68.7,"","","","",10145,"","","",64305,48.6,35.3,68.5,5,61683,0.0,10.8,40.7,40.4,0.9,47.0,7.2,47.0,65.9,70.6,80.5,36.8,81.0,33.4
"A0802","San Francisco","San Francisco","https://www.californiahealthmaps.org?address=A0802","Female","CRC",159310,33.2,25.9,43.3,62245,38.7,25.7,63.4,"","","","","","","","",78580,31.3,22.0,46.9,5,61683,0.0,10.8,40.7,40.4,0.9,47.0,7.2,47.0,65.9,70.6,80.5,36.8,81.0,33.4
"A0802","San Francisco","San Francisco","https://www.californiahealthmaps.org?address=A0802","Male","Mela",149105,16.2,10.8,24.4,65300,31.9,20.6,53.1,"","","","",10145,"","","",64305,"","","",5,61683,0.0,10.8,40.7,40.4,0.9,47.0,7.2,47.0,65.9,70.6,80.5,36.8,81.0,33.4
"A0802","San Francisco","San Francisco","https://www.californiahealthmaps.org?address=A0802","Female","Mela",159310,15.6,10.5,23.8,62245,33.3,21.2,57.4,"","","","","","","","",78580,"","","",5,61683,0.0,10.8,40.7,40.4,0.9,47.0,7.2,47.0,65.9,70.6,80.5,36.8,81.0,33.4
"A0802","San Francisco","San Francisco","https://www.californiahealthmaps.org?address=A0802","Female","Uterine",159310,25.3,18.9,34.6,62245,31.8,20.2,55.4,"","","","","","","","",78580,21.2,13.6,35.5,5,61683,0.0,10.8,40.7,40.4,0.9,47.0,7.2,47.0,65.9,70.6,80.5,36.8,81.0,33.4
"A0802","San Francisco","San Francisco","https://www.californiahealthmaps.org?address=A0802","Male","Lymph",149105,25.9,18.8,35.9,65300,36.7,23.3,60.0,"","","","",10145,"","","",64305,"","","",5,61683,0.0,10.8,40.7,40.4,0.9,47.0,7.2,47.0,65.9,70.6,80.5,36.8,81.0,33.4
"A0802","San Francisco","San Francisco","https://www.californiahealthmaps.org?address=A0802","Female","Lymph",159310,18.2,12.5,27.1,62245,"","","","","","","","","","","",78580,19.0,11.4,33.6,5,61683,0.0,10.8,40.7,40.4,0.9,47.0,7.2,47.0,65.9,70.6,80.5,36.8,81.0,33.4
"A0802","San Francisco","San Francisco","https://www.californiahealthmaps.org?address=A0802","Male","Urinary",149105,"","","",65300,"","","","","","","",10145,"","","",64305,"","","",5,61683,0.0,10.8,40.7,40.4,0.9,47.0,7.2,47.0,65.9,70.6,80.5,36.8,81.0,33.4
"A0802","San Francisco","San Francisco","https://www.californiahealthmaps.org?address=A0802","Female","Urinary",159310,"","","",62245,"","","","","","","","","","","",78580,"","","",5,61683,0.0,10.8,40.7,40.4,0.9,47.0,7.2,47.0,65.9,70.6,80.5,36.8,81.0,33.4
"A0802","San Francisco","San Francisco","https://www.californiahealthmaps.org?address=A0802","Male","Kidney",149105,16.0,10.4,24.4,65300,22.4,12.3,43.3,"","","","",10145,"","","",64305,"","","",5,61683,0.0,10.8,40.7,40.4,0.9,47.0,7.2,47.0,65.9,70.6,80.5,36.8,81.0,33.4
"A0802","San Francisco","San Francisco","https://www.californiahealthmaps.org?address=A0802","Female","Kidney",159310,"","","",62245,"","","","","","","","","","","",78580,"","","",5,61683,0.0,10.8,40.7,40.4,0.9,47.0,7.2,47.0,65.9,70.6,80.5,36.8,81.0,33.4
"A0802","San Francisco","San Francisco","https://www.californiahealthmaps.org?address=A0802","Male","Thyroid",149105,"","","",65300,"","","","","","","",10145,"","","",64305,"","","",5,61683,0.0,10.8,40.7,40.4,0.9,47.0,7.2,47.0,65.9,70.6,80.5,36.8,81.0,33.4
"A0802","San Francisco","San Francisco","https://www.californiahealthmaps.org?address=A0802","Female","Thyroid",159310,22.5,15.9,32.2,62245,24.9,12.8,50.2,"","","","","","","","",78580,21.3,12.9,36.8,5,61683,0.0,10.8,40.7,40.4,0.9,47.0,7.2,47.0,65.9,70.6,80.5,36.8,81.0,33.4
"A0802","San Francisco","San Francisco","https://www.californiahealthmaps.org?address=A0802","Male","Liver",149105,21.8,15.5,30.9,65300,"","","","","","","",10145,"","","",64305,25.6,16.2,42.0,5,61683,0.0,10.8,40.7,40.4,0.9,47.0,7.2,47.0,65.9,70.6,80.5,36.8,81.0,33.4
"A0802","San Francisco","San Francisco","https://www.californiahealthmaps.org?address=A0802","Female","Liver",159310,7.2,4.0,13.7,62245,"","","","","","","","","","","",78580,11.9,6.6,24.6,5,61683,0.0,10.8,40.7,40.4,0.9,47.0,7.2,47.0,65.9,70.6,80.5,36.8,81.0,33.4
"A0802","San Francisco","San Francisco","https://www.californiahealthmaps.org?address=A0802","Male","Pancreas",149105,13.8,8.9,21.7,65300,"","","","","","","",10145,"","","",64305,15.7,8.9,29.9,5,61683,0.0,10.8,40.7,40.4,0.9,47.0,7.2,47.0,65.9,70.6,80.5,36.8,81.0,33.4
"A0802","San Francisco","San Francisco","https://www.californiahealthmaps.org?address=A0802","Female","Pancreas",159310,9.5,5.9,16.4,62245,"","","","","","","","","","","",78580,10.5,5.8,22.6,5,61683,0.0,10.8,40.7,40.4,0.9,47.0,7.2,47.0,65.9,70.6,80.5,36.8,81.0,33.4
"A0802","San Francisco","San Francisco","https://www.californiahealthmaps.org?address=A0802","Both","AllSite",308415,396.1,376.2,417.2,127545,479.9,444.0,519.8,"","","","",19850,320.8,229.1,442.5,142885,344.3,318.7,372.5,5,61683,0.0,10.8,40.7,40.4,0.9,47.0,7.2,47.0,65.9,70.6,80.5,36.8,81.0,33.4
"A0802","San Francisco","San Francisco","https://www.californiahealthmaps.org?address=A0802","Both","Lung",308415,42.9,36.7,50.4,127545,47.6,36.9,62.9,"","","","",19850,"","","",142885,40.3,32.2,51.3,5,61683,0.0,10.8,40.7,40.4,0.9,47.0,7.2,47.0,65.9,70.6,80.5,36.8,81.0,33.4
"A0802","San Francisco","San Francisco","https://www.californiahealthmaps.org?address=A0802","Both","CRC",308415,39.7,33.7,47.0,127545,42.4,32.4,57.1,"","","","",19850,"","","",142885,38.7,30.7,49.6,5,61683,0.0,10.8,40.7,40.4,0.9,47.0,7.2,47.0,65.9,70.6,80.5,36.8,81.0,33.4
"A0802","San Francisco","San Francisco","https://www.californiahealthmaps.org?address=A0802","Both","Mela",308415,15.9,12.1,21.1,127545,32.4,23.9,45.7,"","","","",19850,"","","",142885,"","","",5,61683,0.0,10.8,40.7,40.4,0.9,47.0,7.2,47.0,65.9,70.6,80.5,36.8,81.0,33.4
"A0802","San Francisco","San Francisco","https://www.californiahealthmaps.org?address=A0802","Both","Lymph",308415,21.6,17.0,27.6,127545,27.1,19.1,40.1,"","","","",19850,"","","",142885,17.6,12.0,26.5,5,61683,0.0,10.8,40.7,40.4,0.9,47.0,7.2,47.0,65.9,70.6,80.5,36.8,81.0,33.4
"A0802","San Francisco","San Francisco","https://www.californiahealthmaps.org?address=A0802","Both","Urinary",308415,5.2,3.2,8.7,127545,"","","","","","","",19850,"","","",142885,"","","",5,61683,0.0,10.8,40.7,40.4,0.9,47.0,7.2,47.0,65.9,70.6,80.5,36.8,81.0,33.4
"A0802","San Francisco","San Francisco","https://www.californiahealthmaps.org?address=A0802","Both","Kidney",308415,10.4,7.3,14.9,127545,13.7,8.2,24.7,"","","","",19850,"","","",142885,7.9,4.5,15.0,5,61683,0.0,10.8,40.7,40.4,0.9,47.0,7.2,47.0,65.9,70.6,80.5,36.8,81.0,33.4
"A0802","San Francisco","San Francisco","https://www.californiahealthmaps.org?address=A0802","Both","Thyroid",308415,15.5,11.6,20.8,127545,16.4,9.8,28.6,"","","","",19850,"","","",142885,15.6,10.1,24.6,5,61683,0.0,10.8,40.7,40.4,0.9,47.0,7.2,47.0,65.9,70.6,80.5,36.8,81.0,33.4
"A0802","San Francisco","San Francisco","https://www.californiahealthmaps.org?address=A0802","Both","Liver",308415,13.8,10.4,18.7,127545,9.2,5.0,19.0,"","","","",19850,"","","",142885,17.9,12.6,26.4,5,61683,0.0,10.8,40.7,40.4,0.9,47.0,7.2,47.0,65.9,70.6,80.5,36.8,81.0,33.4
"A0802","San Francisco","San Francisco","https://www.californiahealthmaps.org?address=A0802","Both","Pancreas",308415,11.4,8.3,15.8,127545,"","","","","","","",19850,"","","",142885,12.6,8.5,20.0,5,61683,0.0,10.8,40.7,40.4,0.9,47.0,7.2,47.0,65.9,70.6,80.5,36.8,81.0,33.4
