"Zone","Counties","Cities","URL","Sex","Cancer","PopTot","AAIR","LCI","UCI","White_PopTot","White_AAIR","White_LCI","White_UCI","Black_PopTot","Black_AAIR","Black_LCI","Black_UCI","Hispanic_PopTot","Hispanic_AAIR","Hispanic_LCI","Hispanic_UCI","Asian_PopTot","Asian_AAIR","Asian_LCI","Asian_UCI","QNSES","PopAll","PerRural","PerUninsured","PerForeignBorn","PerWhite","PerBlack","PerAsian","PerHispanic"
"A0129","San Diego","El Cajon","https://www.californiahealthmaps.org?address=A0129","Male","AllSite",161795,504.1,470.9,539.4,116795,504.2,467.6,543.5,"","","","",27620,498.4,386.4,638.8,"","","","",4,66307,3.1,12.7,17.8,68.4,2.9,3.0,20.4
"A0129","San Diego","El Cajon","https://www.californiahealthmaps.org?address=A0129","Female","AllSite",169740,432.5,403.6,463.3,119805,440.6,407.3,476.6,"","","","",31200,438.8,356.7,539.8,"","","","",4,66307,3.1,12.7,17.8,68.4,2.9,3.0,20.4
"A0129","San Diego","El Cajon","https://www.californiahealthmaps.org?address=A0129","Male","Prostate",161795,111.5,96.4,128.7,116795,104.5,88.7,123.1,"","","","",27620,95.9,52.4,169.9,"","","","",4,66307,3.1,12.7,17.8,68.4,2.9,3.0,20.4
"A0129","San Diego","El Cajon","https://www.californiahealthmaps.org?address=A0129","Female","Breast",169740,134.6,118.8,152.4,119805,140.2,121.8,161.3,"","","","",31200,100.0,65.4,154.5,"","","","",4,66307,3.1,12.7,17.8,68.4,2.9,3.0,20.4
"A0129","San Diego","El Cajon","https://www.californiahealthmaps.org?address=A0129","Male","Lung",161795,58.3,47.2,71.6,116795,64.5,51.8,80.0,"","","","",27620,"","","","","","","",4,66307,3.1,12.7,17.8,68.4,2.9,3.0,20.4
"A0129","San Diego","El Cajon","https://www.californiahealthmaps.org?address=A0129","Female","Lung",169740,40.3,31.9,50.6,119805,42.4,32.7,54.9,"","","","",31200,"","","","","","","",4,66307,3.1,12.7,17.8,68.4,2.9,3.0,20.4
"A0129","San Diego","El Cajon","https://www.californiahealthmaps.org?address=A0129","Male","CRC",161795,39.4,30.7,50.2,116795,39.8,30.3,52.2,"","","","",27620,"","","","","","","",4,66307,3.1,12.7,17.8,68.4,2.9,3.0,20.4
"A0129","San Diego","El Cajon","https://www.californiahealthmaps.org?address=A0129","Female","CRC",169740,34.6,26.9,44.2,119805,32.2,24.1,43.3,"","","","",31200,"","","","","","","",4,66307,3.1,12.7,17.8,68.4,2.9,3.0,20.4
"A0129","San Diego","El Cajon","https://www.californiahealthmaps.org?address=A0129","Male","Mela",161795,42.3,33.0,53.8,116795,48.9,38.0,62.6,"","","","",27620,"","","","","","","",4,66307,3.1,12.7,17.8,68.4,2.9,3.0,20.4
"A0129","San Diego","El Cajon","https://www.californiahealthmaps.org?address=A0129","Female","Mela",169740,23.6,17.0,32.3,119805,28.6,20.1,40.2,"","","","",31200,"","","","","","","",4,66307,3.1,12.7,17.8,68.4,2.9,3.0,20.4
"A0129","San Diego","El Cajon","https://www.californiahealthmaps.org?address=A0129","Female","Uterine",169740,26.9,20.4,35.4,119805,28.2,20.8,38.3,"","","","",31200,"","","","","","","",4,66307,3.1,12.7,17.8,68.4,2.9,3.0,20.4
"A0129","San Diego","El Cajon","https://www.californiahealthmaps.org?address=A0129","Male","Lymph",161795,24.8,18.1,33.6,116795,26.3,18.7,37.0,"","","","",27620,"","","","","","","",4,66307,3.1,12.7,17.8,68.4,2.9,3.0,20.4
"A0129","San Diego","El Cajon","https://www.californiahealthmaps.org?address=A0129","Female","Lymph",169740,16.4,11.2,23.6,119805,15.5,9.8,24.4,"","","","",31200,"","","","","","","",4,66307,3.1,12.7,17.8,68.4,2.9,3.0,20.4
"A0129","San Diego","El Cajon","https://www.californiahealthmaps.org?address=A0129","Male","Urinary",161795,22.5,15.8,31.4,116795,22.5,15.4,32.5,"","","","",27620,"","","","","","","",4,66307,3.1,12.7,17.8,68.4,2.9,3.0,20.4
"A0129","San Diego","El Cajon","https://www.californiahealthmaps.org?address=A0129","Female","Urinary",169740,4.8,2.2,9.8,119805,"","","","","","","",31200,"","","","","","","",4,66307,3.1,12.7,17.8,68.4,2.9,3.0,20.4
"A0129","San Diego","El Cajon","https://www.californiahealthmaps.org?address=A0129","Male","Kidney",161795,25.5,18.5,34.7,116795,22.1,15.0,32.3,"","","","",27620,"","","","","","","",4,66307,3.1,12.7,17.8,68.4,2.9,3.0,20.4
"A0129","San Diego","El Cajon","https://www.californiahealthmaps.org?address=A0129","Female","Kidney",169740,15.8,10.6,23.2,119805,15.5,9.7,24.4,"","","","",31200,"","","","","","","",4,66307,3.1,12.7,17.8,68.4,2.9,3.0,20.4
"A0129","San Diego","El Cajon","https://www.californiahealthmaps.org?address=A0129","Male","Thyroid",161795,11.0,6.4,17.9,116795,"","","","","","","",27620,"","","","","","","",4,66307,3.1,12.7,17.8,68.4,2.9,3.0,20.4
"A0129","San Diego","El Cajon","https://www.californiahealthmaps.org?address=A0129","Female","Thyroid",169740,20.1,13.9,28.5,119805,22.6,14.8,33.9,"","","","",31200,"","","","","","","",4,66307,3.1,12.7,17.8,68.4,2.9,3.0,20.4
"A0129","San Diego","El Cajon","https://www.californiahealthmaps.org?address=A0129","Both","AllSite",331535,462.6,440.9,485.4,236600,466.7,442.2,492.6,10480,585.1,377.3,933.2,58820,467.3,398.7,546.6,10675,478.7,357.4,641.5,4,66307,3.1,12.7,17.8,68.4,2.9,3.0,20.4
"A0129","San Diego","El Cajon","https://www.californiahealthmaps.org?address=A0129","Both","Lung",331535,48.0,41.1,55.8,236600,52.0,44.2,61.2,10480,"","","",58820,"","","",10675,"","","",4,66307,3.1,12.7,17.8,68.4,2.9,3.0,20.4
"A0129","San Diego","El Cajon","https://www.californiahealthmaps.org?address=A0129","Both","CRC",331535,36.7,30.9,43.5,236600,35.6,29.2,43.2,10480,"","","",58820,49.4,28.8,82.2,10675,"","","",4,66307,3.1,12.7,17.8,68.4,2.9,3.0,20.4
"A0129","San Diego","El Cajon","https://www.californiahealthmaps.org?address=A0129","Both","Mela",331535,31.4,25.9,38.0,236600,37.2,30.4,45.3,10480,"","","",58820,"","","",10675,"","","",4,66307,3.1,12.7,17.8,68.4,2.9,3.0,20.4
"A0129","San Diego","El Cajon","https://www.californiahealthmaps.org?address=A0129","Both","Lymph",331535,20.7,16.4,26.0,236600,21.0,16.1,27.4,10480,"","","",58820,"","","",10675,"","","",4,66307,3.1,12.7,17.8,68.4,2.9,3.0,20.4
"A0129","San Diego","El Cajon","https://www.californiahealthmaps.org?address=A0129","Both","Urinary",331535,12.5,9.1,16.9,236600,12.8,9.1,17.9,10480,"","","",58820,"","","",10675,"","","",4,66307,3.1,12.7,17.8,68.4,2.9,3.0,20.4
"A0129","San Diego","El Cajon","https://www.californiahealthmaps.org?address=A0129","Both","Kidney",331535,20.2,15.8,25.6,236600,18.6,13.9,24.7,10480,"","","",58820,"","","",10675,"","","",4,66307,3.1,12.7,17.8,68.4,2.9,3.0,20.4
"A0129","San Diego","El Cajon","https://www.californiahealthmaps.org?address=A0129","Both","Thyroid",331535,15.6,11.6,20.7,236600,16.4,11.6,22.9,10480,"","","",58820,"","","",10675,"","","",4,66307,3.1,12.7,17.8,68.4,2.9,3.0,20.4
