"Zone","Counties","Cities","URL","Sex","Cancer","PopTot","AAIR","LCI","UCI","White_PopTot","White_AAIR","White_LCI","White_UCI","Black_PopTot","Black_AAIR","Black_LCI","Black_UCI","Hispanic_PopTot","Hispanic_AAIR","Hispanic_LCI","Hispanic_UCI","Asian_PopTot","Asian_AAIR","Asian_LCI","Asian_UCI","QNSES","PopAll","PerRural","PerUninsured","PerForeignBorn","PerWhite","PerBlack","PerAsian","PerHispanic"
"A0824","Los Angeles","Palos Verdes Estates, Rancho Palos Verdes","https://www.californiahealthmaps.org?address=A0824","Male","AllSite",144820,427.4,398.9,458.5,82745,449.1,412.7,491.3,"","","","",10395,455.3,316.7,638.4,43315,285.2,234.2,346.0,5,59818,0.0,6.6,28.6,56.3,2.5,30.6,6.5
"A0824","Los Angeles","Palos Verdes Estates, Rancho Palos Verdes","https://www.californiahealthmaps.org?address=A0824","Female","AllSite",154270,422.6,394.8,452.8,84335,455.7,416.2,501.4,"","","","",12175,465.2,347.4,613.7,48610,368.1,314.8,430.4,5,59818,0.0,6.6,28.6,56.3,2.5,30.6,6.5
"A0824","Los Angeles","Palos Verdes Estates, Rancho Palos Verdes","https://www.californiahealthmaps.org?address=A0824","Male","Prostate",144820,96.5,83.7,111.8,82745,97.0,81.7,118.8,"","","","",10395,"","","",43315,48.2,30.6,75.7,5,59818,0.0,6.6,28.6,56.3,2.5,30.6,6.5
"A0824","Los Angeles","Palos Verdes Estates, Rancho Palos Verdes","https://www.californiahealthmaps.org?address=A0824","Female","Breast",154270,158.4,141.8,177.6,84335,169.2,146.1,198.6,"","","","",12175,175.4,107.4,274.8,48610,141.1,110.6,180.9,5,59818,0.0,6.6,28.6,56.3,2.5,30.6,6.5
"A0824","Los Angeles","Palos Verdes Estates, Rancho Palos Verdes","https://www.californiahealthmaps.org?address=A0824","Male","Lung",144820,29.4,22.6,39.2,82745,29.9,21.8,46.0,"","","","",10395,"","","",43315,"","","",5,59818,0.0,6.6,28.6,56.3,2.5,30.6,6.5
"A0824","Los Angeles","Palos Verdes Estates, Rancho Palos Verdes","https://www.californiahealthmaps.org?address=A0824","Female","Lung",154270,35.7,28.6,45.5,84335,35.3,27.1,51.0,"","","","",12175,"","","",48610,41.0,24.0,68.8,5,59818,0.0,6.6,28.6,56.3,2.5,30.6,6.5
"A0824","Los Angeles","Palos Verdes Estates, Rancho Palos Verdes","https://www.californiahealthmaps.org?address=A0824","Male","CRC",144820,37.3,28.9,48.7,82745,33.1,23.4,50.6,"","","","",10395,"","","",43315,47.0,27.3,77.7,5,59818,0.0,6.6,28.6,56.3,2.5,30.6,6.5
"A0824","Los Angeles","Palos Verdes Estates, Rancho Palos Verdes","https://www.californiahealthmaps.org?address=A0824","Female","CRC",154270,26.7,19.9,36.4,84335,28.5,18.0,47.2,"","","","",12175,"","","",48610,26.6,14.4,49.4,5,59818,0.0,6.6,28.6,56.3,2.5,30.6,6.5
"A0824","Los Angeles","Palos Verdes Estates, Rancho Palos Verdes","https://www.californiahealthmaps.org?address=A0824","Male","Mela",144820,56.7,46.7,69.4,82745,67.1,54.3,86.9,"","","","",10395,"","","",43315,"","","",5,59818,0.0,6.6,28.6,56.3,2.5,30.6,6.5
"A0824","Los Angeles","Palos Verdes Estates, Rancho Palos Verdes","https://www.californiahealthmaps.org?address=A0824","Female","Mela",154270,23.4,16.3,33.5,84335,28.9,17.9,48.3,"","","","",12175,"","","",48610,"","","",5,59818,0.0,6.6,28.6,56.3,2.5,30.6,6.5
"A0824","Los Angeles","Palos Verdes Estates, Rancho Palos Verdes","https://www.californiahealthmaps.org?address=A0824","Female","Uterine",154270,26.5,20.2,35.6,84335,26.4,19.0,41.7,"","","","",12175,"","","",48610,"","","",5,59818,0.0,6.6,28.6,56.3,2.5,30.6,6.5
"A0824","Los Angeles","Palos Verdes Estates, Rancho Palos Verdes","https://www.californiahealthmaps.org?address=A0824","Male","Lymph",144820,24.3,18.1,33.5,82745,23.0,16.1,38.0,"","","","",10395,"","","",43315,"","","",5,59818,0.0,6.6,28.6,56.3,2.5,30.6,6.5
"A0824","Los Angeles","Palos Verdes Estates, Rancho Palos Verdes","https://www.californiahealthmaps.org?address=A0824","Female","Lymph",154270,20.7,14.8,29.5,84335,22.2,12.8,40.1,"","","","",12175,"","","",48610,"","","",5,59818,0.0,6.6,28.6,56.3,2.5,30.6,6.5
"A0824","Los Angeles","Palos Verdes Estates, Rancho Palos Verdes","https://www.californiahealthmaps.org?address=A0824","Male","Urinary",144820,15.6,10.8,23.4,82745,18.1,12.3,32.4,"","","","",10395,"","","",43315,"","","",5,59818,0.0,6.6,28.6,56.3,2.5,30.6,6.5
"A0824","Los Angeles","Palos Verdes Estates, Rancho Palos Verdes","https://www.californiahealthmaps.org?address=A0824","Female","Urinary",154270,5.9,3.3,11.8,84335,"","","","","","","",12175,"","","",48610,"","","",5,59818,0.0,6.6,28.6,56.3,2.5,30.6,6.5
"A0824","Los Angeles","Palos Verdes Estates, Rancho Palos Verdes","https://www.californiahealthmaps.org?address=A0824","Male","Kidney",144820,13.3,8.8,21.0,82745,15.5,9.5,30.3,"","","","",10395,"","","",43315,"","","",5,59818,0.0,6.6,28.6,56.3,2.5,30.6,6.5
"A0824","Los Angeles","Palos Verdes Estates, Rancho Palos Verdes","https://www.californiahealthmaps.org?address=A0824","Female","Kidney",154270,3.6,1.6,9.2,84335,"","","","","","","",12175,"","","",48610,"","","",5,59818,0.0,6.6,28.6,56.3,2.5,30.6,6.5
"A0824","Los Angeles","Palos Verdes Estates, Rancho Palos Verdes","https://www.californiahealthmaps.org?address=A0824","Male","Thyroid",144820,11.7,7.3,19.5,82745,14.7,8.2,30.1,"","","","",10395,"","","",43315,"","","",5,59818,0.0,6.6,28.6,56.3,2.5,30.6,6.5
"A0824","Los Angeles","Palos Verdes Estates, Rancho Palos Verdes","https://www.californiahealthmaps.org?address=A0824","Female","Thyroid",154270,27.1,19.8,37.5,84335,31.2,20.0,50.7,"","","","",12175,"","","",48610,"","","",5,59818,0.0,6.6,28.6,56.3,2.5,30.6,6.5
"A0824","Los Angeles","Palos Verdes Estates, Rancho Palos Verdes","https://www.californiahealthmaps.org?address=A0824","Both","AllSite",299090,424.4,404.4,445.6,167080,450.2,423.2,480.0,"","","","",22570,464.8,372.2,575.0,91925,330.4,292.9,372.3,5,59818,0.0,6.6,28.6,56.3,2.5,30.6,6.5
"A0824","Los Angeles","Palos Verdes Estates, Rancho Palos Verdes","https://www.californiahealthmaps.org?address=A0824","Both","Lung",299090,32.7,27.7,39.0,167080,32.6,26.8,42.0,"","","","",22570,"","","",91925,34.8,23.3,51.3,5,59818,0.0,6.6,28.6,56.3,2.5,30.6,6.5
"A0824","Los Angeles","Palos Verdes Estates, Rancho Palos Verdes","https://www.californiahealthmaps.org?address=A0824","Both","CRC",299090,31.5,26.1,38.3,167080,30.5,23.2,41.4,"","","","",22570,"","","",91925,36.2,24.5,52.7,5,59818,0.0,6.6,28.6,56.3,2.5,30.6,6.5
"A0824","Los Angeles","Palos Verdes Estates, Rancho Palos Verdes","https://www.californiahealthmaps.org?address=A0824","Both","Mela",299090,38.7,32.7,46.1,167080,46.6,38.0,58.6,"","","","",22570,"","","",91925,"","","",5,59818,0.0,6.6,28.6,56.3,2.5,30.6,6.5
"A0824","Los Angeles","Palos Verdes Estates, Rancho Palos Verdes","https://www.californiahealthmaps.org?address=A0824","Both","Lymph",299090,22.4,18.0,28.1,167080,22.5,16.4,32.4,"","","","",22570,"","","",91925,23.7,14.1,38.4,5,59818,0.0,6.6,28.6,56.3,2.5,30.6,6.5
"A0824","Los Angeles","Palos Verdes Estates, Rancho Palos Verdes","https://www.californiahealthmaps.org?address=A0824","Both","Urinary",299090,10.3,7.6,14.4,167080,11.1,8.0,18.3,"","","","",22570,"","","",91925,"","","",5,59818,0.0,6.6,28.6,56.3,2.5,30.6,6.5
"A0824","Los Angeles","Palos Verdes Estates, Rancho Palos Verdes","https://www.californiahealthmaps.org?address=A0824","Both","Kidney",299090,8.1,5.7,12.1,167080,9.4,6.2,16.8,"","","","",22570,"","","",91925,"","","",5,59818,0.0,6.6,28.6,56.3,2.5,30.6,6.5
"A0824","Los Angeles","Palos Verdes Estates, Rancho Palos Verdes","https://www.californiahealthmaps.org?address=A0824","Both","Thyroid",299090,19.8,15.3,25.8,167080,23.0,16.3,33.7,"","","","",22570,"","","",91925,16.9,9.7,28.9,5,59818,0.0,6.6,28.6,56.3,2.5,30.6,6.5
