"Zone","Counties","Cities","URL","Sex","Cancer","PopTot","AAIR","LCI","UCI","White_PopTot","White_AAIR","White_LCI","White_UCI","Black_PopTot","Black_AAIR","Black_LCI","Black_UCI","Hispanic_PopTot","Hispanic_AAIR","Hispanic_LCI","Hispanic_UCI","Asian_PopTot","Asian_AAIR","Asian_LCI","Asian_UCI","QNSES","PopAll","PerRural","PerUninsured","PerForeignBorn","PerWhite","PerBlack","PerAsian","PerHispanic","PerAPI","PerDocvisit","PerFOBT","PerMammo","PerMenPrev","PerPap","PerWomenPrev"
"A0879","Orange","Huntington Beach","https://www.californiahealthmaps.org?address=A0879","Male","AllSite",143515,509.6,473.8,547.8,92725,535.8,493.1,582.0,"","","","",24330,385.9,286.6,519.8,19300,396.4,314.7,495.5,4,57949,0.0,11.7,17.5,63.9,0.6,14.8,16.7,14.8,66.8,68.3,78.6,40.6,83.0,34.5
"A0879","Orange","Huntington Beach","https://www.californiahealthmaps.org?address=A0879","Female","AllSite",146230,459.4,427.7,493.2,91790,473.7,435.3,515.8,"","","","",25190,456.0,359.2,574.6,22280,351.9,284.7,435.0,4,57949,0.0,11.7,17.5,63.9,0.6,14.8,16.7,14.8,66.8,68.3,78.6,40.6,83.0,34.5
"A0879","Orange","Huntington Beach","https://www.californiahealthmaps.org?address=A0879","Male","Prostate",143515,112.2,96.0,130.6,92725,114.2,95.6,136.4,"","","","",24330,"","","",19300,74.1,41.0,126.5,4,57949,0.0,11.7,17.5,63.9,0.6,14.8,16.7,14.8,66.8,68.3,78.6,40.6,83.0,34.5
"A0879","Orange","Huntington Beach","https://www.californiahealthmaps.org?address=A0879","Female","Breast",146230,137.1,120.2,156.2,91790,145.1,124.3,169.6,"","","","",25190,89.6,50.7,151.8,22280,124.8,86.8,179.5,4,57949,0.0,11.7,17.5,63.9,0.6,14.8,16.7,14.8,66.8,68.3,78.6,40.6,83.0,34.5
"A0879","Orange","Huntington Beach","https://www.californiahealthmaps.org?address=A0879","Male","Lung",143515,53.9,42.4,67.8,92725,53.5,40.4,70.4,"","","","",24330,"","","",19300,77.6,44.0,130.1,4,57949,0.0,11.7,17.5,63.9,0.6,14.8,16.7,14.8,66.8,68.3,78.6,40.6,83.0,34.5
"A0879","Orange","Huntington Beach","https://www.californiahealthmaps.org?address=A0879","Female","Lung",146230,49.3,39.5,61.3,91790,48.7,37.5,63.7,"","","","",25190,"","","",22280,"","","",4,57949,0.0,11.7,17.5,63.9,0.6,14.8,16.7,14.8,66.8,68.3,78.6,40.6,83.0,34.5
"A0879","Orange","Huntington Beach","https://www.californiahealthmaps.org?address=A0879","Male","CRC",143515,41.9,32.2,54.0,92725,40.7,29.8,55.4,"","","","",24330,"","","",19300,"","","",4,57949,0.0,11.7,17.5,63.9,0.6,14.8,16.7,14.8,66.8,68.3,78.6,40.6,83.0,34.5
"A0879","Orange","Huntington Beach","https://www.californiahealthmaps.org?address=A0879","Female","CRC",146230,35.4,27.1,45.8,91790,37.8,27.8,51.9,"","","","",25190,"","","",22280,"","","",4,57949,0.0,11.7,17.5,63.9,0.6,14.8,16.7,14.8,66.8,68.3,78.6,40.6,83.0,34.5
"A0879","Orange","Huntington Beach","https://www.californiahealthmaps.org?address=A0879","Male","Mela",143515,53.0,41.7,66.9,92725,67.8,52.9,86.4,"","","","",24330,"","","",19300,"","","",4,57949,0.0,11.7,17.5,63.9,0.6,14.8,16.7,14.8,66.8,68.3,78.6,40.6,83.0,34.5
"A0879","Orange","Huntington Beach","https://www.californiahealthmaps.org?address=A0879","Female","Mela",146230,32.9,24.7,43.3,91790,40.1,29.2,55.1,"","","","",25190,"","","",22280,"","","",4,57949,0.0,11.7,17.5,63.9,0.6,14.8,16.7,14.8,66.8,68.3,78.6,40.6,83.0,34.5
"A0879","Orange","Huntington Beach","https://www.californiahealthmaps.org?address=A0879","Female","Uterine",146230,25.2,18.2,34.3,91790,23.2,15.6,34.9,"","","","",25190,"","","",22280,"","","",4,57949,0.0,11.7,17.5,63.9,0.6,14.8,16.7,14.8,66.8,68.3,78.6,40.6,83.0,34.5
"A0879","Orange","Huntington Beach","https://www.californiahealthmaps.org?address=A0879","Male","Lymph",143515,21.5,14.7,30.8,92725,14.5,8.2,24.9,"","","","",24330,"","","",19300,"","","",4,57949,0.0,11.7,17.5,63.9,0.6,14.8,16.7,14.8,66.8,68.3,78.6,40.6,83.0,34.5
"A0879","Orange","Huntington Beach","https://www.californiahealthmaps.org?address=A0879","Female","Lymph",146230,17.2,11.5,25.1,91790,14.0,8.2,24.3,"","","","",25190,"","","",22280,"","","",4,57949,0.0,11.7,17.5,63.9,0.6,14.8,16.7,14.8,66.8,68.3,78.6,40.6,83.0,34.5
"A0879","Orange","Huntington Beach","https://www.californiahealthmaps.org?address=A0879","Male","Urinary",143515,27.3,19.1,38.0,92725,33.1,22.9,47.3,"","","","",24330,"","","",19300,"","","",4,57949,0.0,11.7,17.5,63.9,0.6,14.8,16.7,14.8,66.8,68.3,78.6,40.6,83.0,34.5
"A0879","Orange","Huntington Beach","https://www.californiahealthmaps.org?address=A0879","Female","Urinary",146230,"","","",91790,"","","","","","","",25190,"","","",22280,"","","",4,57949,0.0,11.7,17.5,63.9,0.6,14.8,16.7,14.8,66.8,68.3,78.6,40.6,83.0,34.5
"A0879","Orange","Huntington Beach","https://www.californiahealthmaps.org?address=A0879","Male","Kidney",143515,17.8,11.8,26.4,92725,20.2,12.7,31.8,"","","","",24330,"","","",19300,"","","",4,57949,0.0,11.7,17.5,63.9,0.6,14.8,16.7,14.8,66.8,68.3,78.6,40.6,83.0,34.5
"A0879","Orange","Huntington Beach","https://www.californiahealthmaps.org?address=A0879","Female","Kidney",146230,"","","",91790,"","","","","","","",25190,"","","",22280,"","","",4,57949,0.0,11.7,17.5,63.9,0.6,14.8,16.7,14.8,66.8,68.3,78.6,40.6,83.0,34.5
"A0879","Orange","Huntington Beach","https://www.californiahealthmaps.org?address=A0879","Male","Thyroid",143515,"","","",92725,"","","","","","","",24330,"","","",19300,"","","",4,57949,0.0,11.7,17.5,63.9,0.6,14.8,16.7,14.8,66.8,68.3,78.6,40.6,83.0,34.5
"A0879","Orange","Huntington Beach","https://www.californiahealthmaps.org?address=A0879","Female","Thyroid",146230,29.4,21.6,39.5,91790,25.9,17.0,39.2,"","","","",25190,"","","",22280,"","","",4,57949,0.0,11.7,17.5,63.9,0.6,14.8,16.7,14.8,66.8,68.3,78.6,40.6,83.0,34.5
"A0879","Orange","Huntington Beach","https://www.californiahealthmaps.org?address=A0879","Male","Liver",143515,19.5,13.2,28.2,92725,16.1,9.5,26.8,"","","","",24330,"","","",19300,"","","",4,57949,0.0,11.7,17.5,63.9,0.6,14.8,16.7,14.8,66.8,68.3,78.6,40.6,83.0,34.5
"A0879","Orange","Huntington Beach","https://www.californiahealthmaps.org?address=A0879","Female","Liver",146230,"","","",91790,"","","","","","","",25190,"","","",22280,"","","",4,57949,0.0,11.7,17.5,63.9,0.6,14.8,16.7,14.8,66.8,68.3,78.6,40.6,83.0,34.5
"A0879","Orange","Huntington Beach","https://www.californiahealthmaps.org?address=A0879","Male","Pancreas",143515,21.2,14.3,30.6,92725,22.0,14.0,34.0,"","","","",24330,"","","",19300,"","","",4,57949,0.0,11.7,17.5,63.9,0.6,14.8,16.7,14.8,66.8,68.3,78.6,40.6,83.0,34.5
"A0879","Orange","Huntington Beach","https://www.californiahealthmaps.org?address=A0879","Female","Pancreas",146230,12.6,8.0,19.6,91790,11.9,6.8,21.5,"","","","",25190,"","","",22280,"","","",4,57949,0.0,11.7,17.5,63.9,0.6,14.8,16.7,14.8,66.8,68.3,78.6,40.6,83.0,34.5
"A0879","Orange","Huntington Beach","https://www.californiahealthmaps.org?address=A0879","Both","AllSite",289745,478.7,455.1,503.4,184515,498.8,470.4,529.0,"","","","",49520,426.4,355.0,510.4,41580,370.3,317.6,431.0,4,57949,0.0,11.7,17.5,63.9,0.6,14.8,16.7,14.8,66.8,68.3,78.6,40.6,83.0,34.5
"A0879","Orange","Huntington Beach","https://www.californiahealthmaps.org?address=A0879","Both","Lung",289745,51.1,43.6,59.8,184515,50.8,42.1,61.3,"","","","",49520,"","","",41580,58.7,38.9,87.3,4,57949,0.0,11.7,17.5,63.9,0.6,14.8,16.7,14.8,66.8,68.3,78.6,40.6,83.0,34.5
"A0879","Orange","Huntington Beach","https://www.californiahealthmaps.org?address=A0879","Both","CRC",289745,38.7,32.2,46.2,184515,39.6,32.0,49.1,"","","","",49520,"","","",41580,39.9,23.9,65.0,4,57949,0.0,11.7,17.5,63.9,0.6,14.8,16.7,14.8,66.8,68.3,78.6,40.6,83.0,34.5
"A0879","Orange","Huntington Beach","https://www.californiahealthmaps.org?address=A0879","Both","Mela",289745,41.6,34.7,49.5,184515,52.4,43.3,63.3,"","","","",49520,"","","",41580,"","","",4,57949,0.0,11.7,17.5,63.9,0.6,14.8,16.7,14.8,66.8,68.3,78.6,40.6,83.0,34.5
"A0879","Orange","Huntington Beach","https://www.californiahealthmaps.org?address=A0879","Both","Lymph",289745,19.3,14.8,24.9,184515,14.2,9.8,20.7,"","","","",49520,53.0,30.0,90.0,41580,"","","",4,57949,0.0,11.7,17.5,63.9,0.6,14.8,16.7,14.8,66.8,68.3,78.6,40.6,83.0,34.5
"A0879","Orange","Huntington Beach","https://www.californiahealthmaps.org?address=A0879","Both","Urinary",289745,15.4,11.4,20.6,184515,18.9,13.7,26.0,"","","","",49520,"","","",41580,"","","",4,57949,0.0,11.7,17.5,63.9,0.6,14.8,16.7,14.8,66.8,68.3,78.6,40.6,83.0,34.5
"A0879","Orange","Huntington Beach","https://www.californiahealthmaps.org?address=A0879","Both","Kidney",289745,11.1,7.8,15.6,184515,12.7,8.5,19.0,"","","","",49520,"","","",41580,"","","",4,57949,0.0,11.7,17.5,63.9,0.6,14.8,16.7,14.8,66.8,68.3,78.6,40.6,83.0,34.5
"A0879","Orange","Huntington Beach","https://www.californiahealthmaps.org?address=A0879","Both","Thyroid",289745,18.9,14.4,24.4,184515,15.2,10.4,22.0,"","","","",49520,"","","",41580,"","","",4,57949,0.0,11.7,17.5,63.9,0.6,14.8,16.7,14.8,66.8,68.3,78.6,40.6,83.0,34.5
"A0879","Orange","Huntington Beach","https://www.californiahealthmaps.org?address=A0879","Both","Liver",289745,10.6,7.4,15.0,184515,8.2,4.9,13.6,"","","","",49520,"","","",41580,"","","",4,57949,0.0,11.7,17.5,63.9,0.6,14.8,16.7,14.8,66.8,68.3,78.6,40.6,83.0,34.5
"A0879","Orange","Huntington Beach","https://www.californiahealthmaps.org?address=A0879","Both","Pancreas",289745,16.5,12.4,21.7,184515,16.4,11.7,23.1,"","","","",49520,"","","",41580,"","","",4,57949,0.0,11.7,17.5,63.9,0.6,14.8,16.7,14.8,66.8,68.3,78.6,40.6,83.0,34.5
