"Zone","Counties","Cities","URL","Sex","Cancer","PopTot","AAIR","LCI","UCI","White_PopTot","White_AAIR","White_LCI","White_UCI","Black_PopTot","Black_AAIR","Black_LCI","Black_UCI","Hispanic_PopTot","Hispanic_AAIR","Hispanic_LCI","Hispanic_UCI","Asian_PopTot","Asian_AAIR","Asian_LCI","Asian_UCI","QNSES","PopAll","PerRural","PerUninsured","PerForeignBorn","PerWhite","PerBlack","PerAsian","PerHispanic"
"A0220","Los Angeles","Long Beach","https://www.californiahealthmaps.org?address=A0220","Male","AllSite",158330,451.4,406.8,500.5,20715,497.0,411.0,635.8,22830,595.6,478.1,749.4,97450,422.9,342.9,522.1,13525,265.7,185.2,373.9,1,61830,0.0,27.6,35.6,11.8,14.0,9.1,60.5
"A0220","Los Angeles","Long Beach","https://www.californiahealthmaps.org?address=A0220","Female","AllSite",150820,380.7,343.6,421.3,15010,490.2,396.5,649.8,24990,477.0,388.9,584.1,91635,360.0,298.0,434.2,15170,262.6,188.0,363.8,1,61830,0.0,27.6,35.6,11.8,14.0,9.1,60.5
"A0220","Los Angeles","Long Beach","https://www.californiahealthmaps.org?address=A0220","Male","Prostate",158330,99.4,79.1,124.5,20715,70.2,40.8,172.4,22830,172.0,110.7,274.6,97450,113.3,71.7,177.0,13525,"","","",1,61830,0.0,27.6,35.6,11.8,14.0,9.1,60.5
"A0220","Los Angeles","Long Beach","https://www.californiahealthmaps.org?address=A0220","Female","Breast",150820,100.2,82.3,121.3,15010,123.3,78.0,251.2,24990,140.5,96.3,204.6,91635,82.0,58.0,118.0,15170,"","","",1,61830,0.0,27.6,35.6,11.8,14.0,9.1,60.5
"A0220","Los Angeles","Long Beach","https://www.californiahealthmaps.org?address=A0220","Male","Lung",158330,70.3,51.8,94.2,20715,102.1,63.5,209.0,22830,114.5,62.3,211.5,97450,"","","",13525,"","","",1,61830,0.0,27.6,35.6,11.8,14.0,9.1,60.5
"A0220","Los Angeles","Long Beach","https://www.californiahealthmaps.org?address=A0220","Female","Lung",150820,44.2,31.8,60.4,15010,"","","",24990,103.2,63.6,164.2,91635,"","","",15170,"","","",1,61830,0.0,27.6,35.6,11.8,14.0,9.1,60.5
"A0220","Los Angeles","Long Beach","https://www.californiahealthmaps.org?address=A0220","Male","CRC",158330,40.7,28.6,57.8,20715,"","","",22830,"","","",97450,41.8,21.3,84.9,13525,"","","",1,61830,0.0,27.6,35.6,11.8,14.0,9.1,60.5
"A0220","Los Angeles","Long Beach","https://www.californiahealthmaps.org?address=A0220","Female","CRC",150820,35.1,24.1,50.0,15010,"","","",24990,"","","",91635,"","","",15170,"","","",1,61830,0.0,27.6,35.6,11.8,14.0,9.1,60.5
"A0220","Los Angeles","Long Beach","https://www.californiahealthmaps.org?address=A0220","Male","Mela",158330,8.3,3.2,19.3,20715,"","","",22830,"","","",97450,"","","",13525,"","","",1,61830,0.0,27.6,35.6,11.8,14.0,9.1,60.5
"A0220","Los Angeles","Long Beach","https://www.californiahealthmaps.org?address=A0220","Female","Mela",150820,4.3,1.3,11.4,15010,"","","",24990,"","","",91635,"","","",15170,"","","",1,61830,0.0,27.6,35.6,11.8,14.0,9.1,60.5
"A0220","Los Angeles","Long Beach","https://www.californiahealthmaps.org?address=A0220","Female","Uterine",150820,27.3,18.2,40.0,15010,"","","",24990,"","","",91635,"","","",15170,"","","",1,61830,0.0,27.6,35.6,11.8,14.0,9.1,60.5
"A0220","Los Angeles","Long Beach","https://www.californiahealthmaps.org?address=A0220","Male","Lymph",158330,15.2,8.3,27.4,20715,"","","",22830,"","","",97450,"","","",13525,"","","",1,61830,0.0,27.6,35.6,11.8,14.0,9.1,60.5
"A0220","Los Angeles","Long Beach","https://www.californiahealthmaps.org?address=A0220","Female","Lymph",150820,20.4,12.3,32.2,15010,"","","",24990,"","","",91635,"","","",15170,"","","",1,61830,0.0,27.6,35.6,11.8,14.0,9.1,60.5
"A0220","Los Angeles","Long Beach","https://www.californiahealthmaps.org?address=A0220","Male","Urinary",158330,18.1,9.6,32.3,20715,"","","",22830,"","","",97450,"","","",13525,"","","",1,61830,0.0,27.6,35.6,11.8,14.0,9.1,60.5
"A0220","Los Angeles","Long Beach","https://www.californiahealthmaps.org?address=A0220","Female","Urinary",150820,1.4,0.0,7.8,15010,"","","",24990,"","","",91635,"","","",15170,"","","",1,61830,0.0,27.6,35.6,11.8,14.0,9.1,60.5
"A0220","Los Angeles","Long Beach","https://www.californiahealthmaps.org?address=A0220","Male","Kidney",158330,16.6,9.9,28.3,20715,"","","",22830,"","","",97450,"","","",13525,"","","",1,61830,0.0,27.6,35.6,11.8,14.0,9.1,60.5
"A0220","Los Angeles","Long Beach","https://www.californiahealthmaps.org?address=A0220","Female","Kidney",150820,14.1,7.7,24.4,15010,"","","",24990,"","","",91635,"","","",15170,"","","",1,61830,0.0,27.6,35.6,11.8,14.0,9.1,60.5
"A0220","Los Angeles","Long Beach","https://www.californiahealthmaps.org?address=A0220","Male","Thyroid",158330,2.6,0.7,10.8,20715,"","","",22830,"","","",97450,"","","",13525,"","","",1,61830,0.0,27.6,35.6,11.8,14.0,9.1,60.5
"A0220","Los Angeles","Long Beach","https://www.californiahealthmaps.org?address=A0220","Female","Thyroid",150820,14.5,8.3,24.2,15010,"","","",24990,"","","",91635,"","","",15170,"","","",1,61830,0.0,27.6,35.6,11.8,14.0,9.1,60.5
"A0220","Los Angeles","Long Beach","https://www.californiahealthmaps.org?address=A0220","Both","AllSite",309150,411.1,382.5,441.7,35725,483.5,421.0,572.8,47820,526.7,455.7,609.6,189085,384.1,334.9,440.6,28695,259.2,204.6,326.7,1,61830,0.0,27.6,35.6,11.8,14.0,9.1,60.5
"A0220","Los Angeles","Long Beach","https://www.californiahealthmaps.org?address=A0220","Both","Lung",309150,55.4,44.5,68.4,35725,75.7,51.8,135.0,47820,106.4,73.9,152.5,189085,25.0,12.6,46.5,28695,"","","",1,61830,0.0,27.6,35.6,11.8,14.0,9.1,60.5
"A0220","Los Angeles","Long Beach","https://www.californiahealthmaps.org?address=A0220","Both","CRC",309150,38.2,29.7,48.8,35725,45.4,27.6,101.9,47820,42.2,23.0,76.0,189085,36.3,22.4,58.6,28695,"","","",1,61830,0.0,27.6,35.6,11.8,14.0,9.1,60.5
"A0220","Los Angeles","Long Beach","https://www.californiahealthmaps.org?address=A0220","Both","Mela",309150,6.1,3.1,11.4,35725,"","","",47820,"","","",189085,"","","",28695,"","","",1,61830,0.0,27.6,35.6,11.8,14.0,9.1,60.5
"A0220","Los Angeles","Long Beach","https://www.californiahealthmaps.org?address=A0220","Both","Lymph",309150,17.9,12.3,25.6,35725,"","","",47820,"","","",189085,20.1,10.3,38.6,28695,"","","",1,61830,0.0,27.6,35.6,11.8,14.0,9.1,60.5
"A0220","Los Angeles","Long Beach","https://www.californiahealthmaps.org?address=A0220","Both","Urinary",309150,9.4,5.2,16.0,35725,"","","",47820,"","","",189085,"","","",28695,"","","",1,61830,0.0,27.6,35.6,11.8,14.0,9.1,60.5
"A0220","Los Angeles","Long Beach","https://www.californiahealthmaps.org?address=A0220","Both","Kidney",309150,15.6,10.7,22.6,35725,"","","",47820,"","","",189085,18.4,9.9,35.2,28695,"","","",1,61830,0.0,27.6,35.6,11.8,14.0,9.1,60.5
"A0220","Los Angeles","Long Beach","https://www.californiahealthmaps.org?address=A0220","Both","Thyroid",309150,8.5,5.1,13.9,35725,"","","",47820,"","","",189085,"","","",28695,"","","",1,61830,0.0,27.6,35.6,11.8,14.0,9.1,60.5
