"Zone","Counties","Cities","URL","Sex","Cancer","PopTot","AAIR","LCI","UCI","White_PopTot","White_AAIR","White_LCI","White_UCI","Black_PopTot","Black_AAIR","Black_LCI","Black_UCI","Hispanic_PopTot","Hispanic_AAIR","Hispanic_LCI","Hispanic_UCI","Asian_PopTot","Asian_AAIR","Asian_LCI","Asian_UCI","QNSES","PopAll","PerRural","PerUninsured","PerForeignBorn","PerWhite","PerBlack","PerAsian","PerHispanic"
"A0012","San Mateo","Belmont, San Carlos","https://www.californiahealthmaps.org?address=A0012","Male","AllSite",140380,472.6,439.5,508.3,99125,492.6,454.7,534.3,"","","","",13525,471.0,340.7,640.2,19650,349.0,264.9,456.6,5,57974,0.0,6.2,21.7,67.9,1.3,15.6,9.4
"A0012","San Mateo","Belmont, San Carlos","https://www.californiahealthmaps.org?address=A0012","Female","AllSite",149490,472.1,441.0,505.6,101075,480.3,443.4,521.1,"","","","",15780,448.2,337.8,591.1,24370,522.0,433.3,632.6,5,57974,0.0,6.2,21.7,67.9,1.3,15.6,9.4
"A0012","San Mateo","Belmont, San Carlos","https://www.californiahealthmaps.org?address=A0012","Male","Prostate",140380,119.0,103.1,137.5,99125,124.4,106.4,146.4,"","","","",13525,"","","",19650,87.3,49.3,150.5,5,57974,0.0,6.2,21.7,67.9,1.3,15.6,9.4
"A0012","San Mateo","Belmont, San Carlos","https://www.californiahealthmaps.org?address=A0012","Female","Breast",149490,180.3,161.4,201.7,101075,183.5,161.3,209.8,"","","","",15780,135.3,80.9,223.5,24370,206.1,155.4,279.4,5,57974,0.0,6.2,21.7,67.9,1.3,15.6,9.4
"A0012","San Mateo","Belmont, San Carlos","https://www.californiahealthmaps.org?address=A0012","Male","Lung",140380,37.9,28.9,49.8,99125,38.8,28.9,53.2,"","","","",13525,"","","",19650,"","","",5,57974,0.0,6.2,21.7,67.9,1.3,15.6,9.4
"A0012","San Mateo","Belmont, San Carlos","https://www.californiahealthmaps.org?address=A0012","Female","Lung",149490,43.4,34.6,55.0,101075,45.5,35.5,59.8,"","","","",15780,"","","",24370,"","","",5,57974,0.0,6.2,21.7,67.9,1.3,15.6,9.4
"A0012","San Mateo","Belmont, San Carlos","https://www.californiahealthmaps.org?address=A0012","Male","CRC",140380,35.6,27.1,47.0,99125,38.5,28.7,52.7,"","","","",13525,"","","",19650,"","","",5,57974,0.0,6.2,21.7,67.9,1.3,15.6,9.4
"A0012","San Mateo","Belmont, San Carlos","https://www.californiahealthmaps.org?address=A0012","Female","CRC",149490,30.2,23.0,40.3,101075,32.1,23.4,45.4,"","","","",15780,"","","",24370,"","","",5,57974,0.0,6.2,21.7,67.9,1.3,15.6,9.4
"A0012","San Mateo","Belmont, San Carlos","https://www.californiahealthmaps.org?address=A0012","Male","Mela",140380,48.5,38.2,61.5,99125,57.4,44.5,74.6,"","","","",13525,"","","",19650,"","","",5,57974,0.0,6.2,21.7,67.9,1.3,15.6,9.4
"A0012","San Mateo","Belmont, San Carlos","https://www.californiahealthmaps.org?address=A0012","Female","Mela",149490,32.6,24.8,43.3,101075,42.0,31.2,57.5,"","","","",15780,"","","",24370,"","","",5,57974,0.0,6.2,21.7,67.9,1.3,15.6,9.4
"A0012","San Mateo","Belmont, San Carlos","https://www.californiahealthmaps.org?address=A0012","Female","Uterine",149490,23.2,16.8,32.5,101075,21.8,14.5,33.9,"","","","",15780,"","","",24370,"","","",5,57974,0.0,6.2,21.7,67.9,1.3,15.6,9.4
"A0012","San Mateo","Belmont, San Carlos","https://www.californiahealthmaps.org?address=A0012","Male","Lymph",140380,25.1,17.9,35.1,99125,25.3,17.2,38.0,"","","","",13525,"","","",19650,"","","",5,57974,0.0,6.2,21.7,67.9,1.3,15.6,9.4
"A0012","San Mateo","Belmont, San Carlos","https://www.californiahealthmaps.org?address=A0012","Female","Lymph",149490,23.1,16.7,32.4,101075,21.7,14.7,33.4,"","","","",15780,"","","",24370,"","","",5,57974,0.0,6.2,21.7,67.9,1.3,15.6,9.4
"A0012","San Mateo","Belmont, San Carlos","https://www.californiahealthmaps.org?address=A0012","Male","Urinary",140380,18.5,12.5,27.4,99125,18.5,12.0,29.7,"","","","",13525,"","","",19650,"","","",5,57974,0.0,6.2,21.7,67.9,1.3,15.6,9.4
"A0012","San Mateo","Belmont, San Carlos","https://www.californiahealthmaps.org?address=A0012","Female","Urinary",149490,6.2,3.2,12.5,101075,"","","","","","","",15780,"","","",24370,"","","",5,57974,0.0,6.2,21.7,67.9,1.3,15.6,9.4
"A0012","San Mateo","Belmont, San Carlos","https://www.californiahealthmaps.org?address=A0012","Male","Kidney",140380,31.0,22.8,42.0,99125,27.8,19.5,40.7,"","","","",13525,"","","",19650,"","","",5,57974,0.0,6.2,21.7,67.9,1.3,15.6,9.4
"A0012","San Mateo","Belmont, San Carlos","https://www.californiahealthmaps.org?address=A0012","Female","Kidney",149490,5.5,2.7,11.8,101075,"","","","","","","",15780,"","","",24370,"","","",5,57974,0.0,6.2,21.7,67.9,1.3,15.6,9.4
"A0012","San Mateo","Belmont, San Carlos","https://www.californiahealthmaps.org?address=A0012","Male","Thyroid",140380,9.6,5.3,17.1,99125,"","","","","","","",13525,"","","",19650,"","","",5,57974,0.0,6.2,21.7,67.9,1.3,15.6,9.4
"A0012","San Mateo","Belmont, San Carlos","https://www.californiahealthmaps.org?address=A0012","Female","Thyroid",149490,19.6,13.2,29.1,101075,19.1,11.4,31.9,"","","","",15780,"","","",24370,"","","",5,57974,0.0,6.2,21.7,67.9,1.3,15.6,9.4
"A0012","San Mateo","Belmont, San Carlos","https://www.californiahealthmaps.org?address=A0012","Both","AllSite",289870,467.8,445.3,491.6,200200,480.2,454.1,508.3,"","","","",29305,453.6,368.6,555.5,44020,447.7,384.9,520.9,5,57974,0.0,6.2,21.7,67.9,1.3,15.6,9.4
"A0012","San Mateo","Belmont, San Carlos","https://www.californiahealthmaps.org?address=A0012","Both","Lung",289870,41.2,34.7,48.9,200200,42.8,35.5,52.1,"","","","",29305,"","","",44020,"","","",5,57974,0.0,6.2,21.7,67.9,1.3,15.6,9.4
"A0012","San Mateo","Belmont, San Carlos","https://www.californiahealthmaps.org?address=A0012","Both","CRC",289870,32.2,26.7,39.1,200200,34.4,27.9,42.9,"","","","",29305,"","","",44020,"","","",5,57974,0.0,6.2,21.7,67.9,1.3,15.6,9.4
"A0012","San Mateo","Belmont, San Carlos","https://www.californiahealthmaps.org?address=A0012","Both","Mela",289870,39.4,33.0,47.1,200200,48.5,40.1,58.9,"","","","",29305,"","","",44020,"","","",5,57974,0.0,6.2,21.7,67.9,1.3,15.6,9.4
"A0012","San Mateo","Belmont, San Carlos","https://www.californiahealthmaps.org?address=A0012","Both","Lymph",289870,24.2,19.3,30.4,200200,23.8,18.2,31.4,"","","","",29305,"","","",44020,"","","",5,57974,0.0,6.2,21.7,67.9,1.3,15.6,9.4
"A0012","San Mateo","Belmont, San Carlos","https://www.californiahealthmaps.org?address=A0012","Both","Urinary",289870,11.1,8.0,15.6,200200,10.9,7.5,16.5,"","","","",29305,"","","",44020,"","","",5,57974,0.0,6.2,21.7,67.9,1.3,15.6,9.4
"A0012","San Mateo","Belmont, San Carlos","https://www.californiahealthmaps.org?address=A0012","Both","Kidney",289870,17.1,12.9,22.6,200200,15.0,10.9,21.4,"","","","",29305,"","","",44020,"","","",5,57974,0.0,6.2,21.7,67.9,1.3,15.6,9.4
"A0012","San Mateo","Belmont, San Carlos","https://www.californiahealthmaps.org?address=A0012","Both","Thyroid",289870,14.7,10.7,20.1,200200,14.9,10.0,22.2,"","","","",29305,"","","",44020,"","","",5,57974,0.0,6.2,21.7,67.9,1.3,15.6,9.4
