"Zone","Counties","Cities","URL","Sex","Cancer","PopTot","AAIR","LCI","UCI","White_PopTot","White_AAIR","White_LCI","White_UCI","Black_PopTot","Black_AAIR","Black_LCI","Black_UCI","Hispanic_PopTot","Hispanic_AAIR","Hispanic_LCI","Hispanic_UCI","Asian_PopTot","Asian_AAIR","Asian_LCI","Asian_UCI","QNSES","PopAll","PerRural","PerUninsured","PerForeignBorn","PerWhite","PerBlack","PerAsian","PerHispanic"
"A0709","Riverside","Hemet, Menifee","https://www.californiahealthmaps.org?address=A0709","Male","AllSite",154240,557.2,517.3,599.4,82645,542.6,496.7,591.9,"","","","",43610,543.3,431.4,683.0,11615,362.6,227.5,598.9,3,62670,14.7,12.4,13.6,54.4,5.9,8.1,26.1
"A0709","Riverside","Hemet, Menifee","https://www.californiahealthmaps.org?address=A0709","Female","AllSite",159110,492.0,457.2,528.9,84820,507.2,463.7,554.1,"","","","",45210,472.7,385.7,577.0,13860,320.9,229.8,450.3,3,62670,14.7,12.4,13.6,54.4,5.9,8.1,26.1
"A0709","Riverside","Hemet, Menifee","https://www.californiahealthmaps.org?address=A0709","Male","Prostate",154240,145.2,125.3,167.6,82645,121.9,100.7,146.6,"","","","",43610,168.4,112.5,252.9,11615,"","","",3,62670,14.7,12.4,13.6,54.4,5.9,8.1,26.1
"A0709","Riverside","Hemet, Menifee","https://www.californiahealthmaps.org?address=A0709","Female","Breast",159110,162.5,142.8,184.3,84820,168.8,144.0,197.2,"","","","",45210,121.2,80.6,179.8,13860,114.4,66.2,203.6,3,62670,14.7,12.4,13.6,54.4,5.9,8.1,26.1
"A0709","Riverside","Hemet, Menifee","https://www.californiahealthmaps.org?address=A0709","Male","Lung",154240,60.6,47.8,76.0,82645,67.4,52.2,86.3,"","","","",43610,"","","",11615,"","","",3,62670,14.7,12.4,13.6,54.4,5.9,8.1,26.1
"A0709","Riverside","Hemet, Menifee","https://www.californiahealthmaps.org?address=A0709","Female","Lung",159110,49.8,39.2,62.6,84820,57.1,43.6,74.2,"","","","",45210,"","","",13860,"","","",3,62670,14.7,12.4,13.6,54.4,5.9,8.1,26.1
"A0709","Riverside","Hemet, Menifee","https://www.californiahealthmaps.org?address=A0709","Male","CRC",154240,43.8,33.1,56.9,82645,43.9,31.7,59.8,"","","","",43610,"","","",11615,"","","",3,62670,14.7,12.4,13.6,54.4,5.9,8.1,26.1
"A0709","Riverside","Hemet, Menifee","https://www.californiahealthmaps.org?address=A0709","Female","CRC",159110,51.2,40.4,64.2,84820,47.5,34.9,63.8,"","","","",45210,61.1,33.2,108.1,13860,"","","",3,62670,14.7,12.4,13.6,54.4,5.9,8.1,26.1
"A0709","Riverside","Hemet, Menifee","https://www.californiahealthmaps.org?address=A0709","Male","Mela",154240,41.4,31.2,54.2,82645,51.4,38.0,68.7,"","","","",43610,"","","",11615,"","","",3,62670,14.7,12.4,13.6,54.4,5.9,8.1,26.1
"A0709","Riverside","Hemet, Menifee","https://www.californiahealthmaps.org?address=A0709","Female","Mela",159110,23.0,16.0,32.2,84820,33.3,22.8,47.7,"","","","",45210,"","","",13860,"","","",3,62670,14.7,12.4,13.6,54.4,5.9,8.1,26.1
"A0709","Riverside","Hemet, Menifee","https://www.californiahealthmaps.org?address=A0709","Female","Uterine",159110,27.9,20.1,37.8,84820,24.5,16.0,36.9,"","","","",45210,"","","",13860,"","","",3,62670,14.7,12.4,13.6,54.4,5.9,8.1,26.1
"A0709","Riverside","Hemet, Menifee","https://www.californiahealthmaps.org?address=A0709","Male","Lymph",154240,23.4,15.8,33.5,82645,22.3,13.8,34.9,"","","","",43610,"","","",11615,"","","",3,62670,14.7,12.4,13.6,54.4,5.9,8.1,26.1
"A0709","Riverside","Hemet, Menifee","https://www.californiahealthmaps.org?address=A0709","Female","Lymph",159110,16.4,10.6,24.4,84820,15.7,9.0,26.3,"","","","",45210,"","","",13860,"","","",3,62670,14.7,12.4,13.6,54.4,5.9,8.1,26.1
"A0709","Riverside","Hemet, Menifee","https://www.californiahealthmaps.org?address=A0709","Male","Urinary",154240,22.6,15.1,32.8,82645,18.2,10.7,29.5,"","","","",43610,"","","",11615,"","","",3,62670,14.7,12.4,13.6,54.4,5.9,8.1,26.1
"A0709","Riverside","Hemet, Menifee","https://www.californiahealthmaps.org?address=A0709","Female","Urinary",159110,7.3,3.6,13.2,84820,"","","","","","","",45210,"","","",13860,"","","",3,62670,14.7,12.4,13.6,54.4,5.9,8.1,26.1
"A0709","Riverside","Hemet, Menifee","https://www.californiahealthmaps.org?address=A0709","Male","Kidney",154240,24.0,16.4,34.2,82645,22.0,13.4,34.6,"","","","",43610,"","","",11615,"","","",3,62670,14.7,12.4,13.6,54.4,5.9,8.1,26.1
"A0709","Riverside","Hemet, Menifee","https://www.californiahealthmaps.org?address=A0709","Female","Kidney",159110,12.0,7.2,19.0,84820,"","","","","","","",45210,"","","",13860,"","","",3,62670,14.7,12.4,13.6,54.4,5.9,8.1,26.1
"A0709","Riverside","Hemet, Menifee","https://www.californiahealthmaps.org?address=A0709","Male","Thyroid",154240,13.5,8.0,21.6,82645,"","","","","","","",43610,"","","",11615,"","","",3,62670,14.7,12.4,13.6,54.4,5.9,8.1,26.1
"A0709","Riverside","Hemet, Menifee","https://www.californiahealthmaps.org?address=A0709","Female","Thyroid",159110,23.3,16.3,32.4,84820,25.5,16.1,39.1,"","","","",45210,"","","",13860,"","","",3,62670,14.7,12.4,13.6,54.4,5.9,8.1,26.1
"A0709","Riverside","Hemet, Menifee","https://www.californiahealthmaps.org?address=A0709","Both","AllSite",313350,518.9,492.7,546.2,167465,520.2,488.8,553.5,18475,987.8,727.8,1345.3,88820,497.1,428.5,575.2,25475,328.6,253.3,429.8,3,62670,14.7,12.4,13.6,54.4,5.9,8.1,26.1
"A0709","Riverside","Hemet, Menifee","https://www.californiahealthmaps.org?address=A0709","Both","Lung",313350,54.2,46.0,63.7,167465,61.3,51.1,73.3,18475,"","","",88820,"","","",25475,"","","",3,62670,14.7,12.4,13.6,54.4,5.9,8.1,26.1
"A0709","Riverside","Hemet, Menifee","https://www.californiahealthmaps.org?address=A0709","Both","CRC",313350,47.4,39.7,56.3,167465,45.2,36.4,55.9,18475,"","","",88820,53.0,32.7,83.7,25475,"","","",3,62670,14.7,12.4,13.6,54.4,5.9,8.1,26.1
"A0709","Riverside","Hemet, Menifee","https://www.californiahealthmaps.org?address=A0709","Both","Mela",313350,31.4,25.2,38.6,167465,41.6,33.0,52.1,18475,"","","",88820,"","","",25475,"","","",3,62670,14.7,12.4,13.6,54.4,5.9,8.1,26.1
"A0709","Riverside","Hemet, Menifee","https://www.californiahealthmaps.org?address=A0709","Both","Lymph",313350,19.5,14.7,25.4,167465,18.8,13.2,26.3,18475,"","","",88820,"","","",25475,"","","",3,62670,14.7,12.4,13.6,54.4,5.9,8.1,26.1
"A0709","Riverside","Hemet, Menifee","https://www.californiahealthmaps.org?address=A0709","Both","Urinary",313350,14.3,10.2,19.5,167465,12.2,7.9,18.4,18475,"","","",88820,"","","",25475,"","","",3,62670,14.7,12.4,13.6,54.4,5.9,8.1,26.1
"A0709","Riverside","Hemet, Menifee","https://www.californiahealthmaps.org?address=A0709","Both","Kidney",313350,17.9,13.3,23.6,167465,16.0,10.9,23.1,18475,"","","",88820,"","","",25475,"","","",3,62670,14.7,12.4,13.6,54.4,5.9,8.1,26.1
"A0709","Riverside","Hemet, Menifee","https://www.californiahealthmaps.org?address=A0709","Both","Thyroid",313350,18.4,13.8,24.1,167465,18.8,12.9,26.7,18475,"","","",88820,27.2,14.7,49.9,25475,"","","",3,62670,14.7,12.4,13.6,54.4,5.9,8.1,26.1
