"Zone","Counties","Cities","URL","Sex","Cancer","PopTot","AAIR","LCI","UCI","White_PopTot","White_AAIR","White_LCI","White_UCI","Black_PopTot","Black_AAIR","Black_LCI","Black_UCI","Hispanic_PopTot","Hispanic_AAIR","Hispanic_LCI","Hispanic_UCI","Asian_PopTot","Asian_AAIR","Asian_LCI","Asian_UCI","QNSES","PopAll","PerRural","PerUninsured","PerForeignBorn","PerWhite","PerBlack","PerAsian","PerHispanic","PerAPI","PerDocvisit","PerFOBT","PerMammo","PerMenPrev","PerPap","PerWomenPrev"
"A0328","San Diego","Santee, El Cajon","https://www.californiahealthmaps.org?address=A0328","Male","AllSite",156780,507.2,469.2,547.6,101760,535.5,492.1,582.3,"","","","",34700,416.2,309.9,557.5,"","","","",3,65017,0.0,15.0,14.3,62.2,4.9,4.1,24.5,4.1,"","","","","",""
"A0328","San Diego","Santee, El Cajon","https://www.californiahealthmaps.org?address=A0328","Female","AllSite",168305,463.4,432.0,496.7,107940,472.4,436.2,511.6,"","","","",37185,433.5,349.3,535.3,"","","","",3,65017,0.0,15.0,14.3,62.2,4.9,4.1,24.5,4.1,"","","","","",""
"A0328","San Diego","Santee, El Cajon","https://www.californiahealthmaps.org?address=A0328","Male","Prostate",156780,100.9,84.3,120.0,101760,101.3,83.1,123.0,"","","","",34700,"","","","","","","",3,65017,0.0,15.0,14.3,62.2,4.9,4.1,24.5,4.1,"","","","","",""
"A0328","San Diego","Santee, El Cajon","https://www.californiahealthmaps.org?address=A0328","Female","Breast",168305,143.1,125.9,162.2,107940,144.6,124.8,167.5,"","","","",37185,131.9,88.7,193.5,"","","","",3,65017,0.0,15.0,14.3,62.2,4.9,4.1,24.5,4.1,"","","","","",""
"A0328","San Diego","Santee, El Cajon","https://www.californiahealthmaps.org?address=A0328","Male","Lung",156780,59.8,46.9,75.2,101760,64.6,49.9,83.0,"","","","",34700,"","","","","","","",3,65017,0.0,15.0,14.3,62.2,4.9,4.1,24.5,4.1,"","","","","",""
"A0328","San Diego","Santee, El Cajon","https://www.californiahealthmaps.org?address=A0328","Female","Lung",168305,57.1,46.3,69.8,107940,59.8,47.6,75.2,"","","","",37185,"","","","","","","",3,65017,0.0,15.0,14.3,62.2,4.9,4.1,24.5,4.1,"","","","","",""
"A0328","San Diego","Santee, El Cajon","https://www.californiahealthmaps.org?address=A0328","Male","CRC",156780,53.2,41.4,67.6,101760,55.2,41.9,72.0,"","","","",34700,"","","","","","","",3,65017,0.0,15.0,14.3,62.2,4.9,4.1,24.5,4.1,"","","","","",""
"A0328","San Diego","Santee, El Cajon","https://www.californiahealthmaps.org?address=A0328","Female","CRC",168305,37.5,29.1,47.8,107940,37.3,27.8,50.0,"","","","",37185,"","","","","","","",3,65017,0.0,15.0,14.3,62.2,4.9,4.1,24.5,4.1,"","","","","",""
"A0328","San Diego","Santee, El Cajon","https://www.californiahealthmaps.org?address=A0328","Male","Mela",156780,30.5,21.8,41.7,101760,34.9,24.6,48.8,"","","","",34700,"","","","","","","",3,65017,0.0,15.0,14.3,62.2,4.9,4.1,24.5,4.1,"","","","","",""
"A0328","San Diego","Santee, El Cajon","https://www.californiahealthmaps.org?address=A0328","Female","Mela",168305,24.9,18.1,33.6,107940,30.5,21.7,42.7,"","","","",37185,"","","","","","","",3,65017,0.0,15.0,14.3,62.2,4.9,4.1,24.5,4.1,"","","","","",""
"A0328","San Diego","Santee, El Cajon","https://www.californiahealthmaps.org?address=A0328","Female","Uterine",168305,28.9,21.5,38.3,107940,27.5,19.4,39.0,"","","","",37185,"","","","","","","",3,65017,0.0,15.0,14.3,62.2,4.9,4.1,24.5,4.1,"","","","","",""
"A0328","San Diego","Santee, El Cajon","https://www.californiahealthmaps.org?address=A0328","Male","Lymph",156780,27.0,18.9,37.8,101760,32.7,22.7,46.4,"","","","",34700,"","","","","","","",3,65017,0.0,15.0,14.3,62.2,4.9,4.1,24.5,4.1,"","","","","",""
"A0328","San Diego","Santee, El Cajon","https://www.californiahealthmaps.org?address=A0328","Female","Lymph",168305,14.8,9.7,21.9,107940,15.7,9.9,25.0,"","","","",37185,"","","","","","","",3,65017,0.0,15.0,14.3,62.2,4.9,4.1,24.5,4.1,"","","","","",""
"A0328","San Diego","Santee, El Cajon","https://www.californiahealthmaps.org?address=A0328","Male","Urinary",156780,23.1,15.3,33.6,101760,25.1,16.3,37.8,"","","","",34700,"","","","","","","",3,65017,0.0,15.0,14.3,62.2,4.9,4.1,24.5,4.1,"","","","","",""
"A0328","San Diego","Santee, El Cajon","https://www.californiahealthmaps.org?address=A0328","Female","Urinary",168305,"","","",107940,"","","","","","","",37185,"","","","","","","",3,65017,0.0,15.0,14.3,62.2,4.9,4.1,24.5,4.1,"","","","","",""
"A0328","San Diego","Santee, El Cajon","https://www.californiahealthmaps.org?address=A0328","Male","Kidney",156780,28.4,20.0,39.3,101760,31.4,21.7,44.8,"","","","",34700,"","","","","","","",3,65017,0.0,15.0,14.3,62.2,4.9,4.1,24.5,4.1,"","","","","",""
"A0328","San Diego","Santee, El Cajon","https://www.californiahealthmaps.org?address=A0328","Female","Kidney",168305,9.9,5.7,16.2,107940,"","","","","","","",37185,"","","","","","","",3,65017,0.0,15.0,14.3,62.2,4.9,4.1,24.5,4.1,"","","","","",""
"A0328","San Diego","Santee, El Cajon","https://www.californiahealthmaps.org?address=A0328","Male","Thyroid",156780,"","","",101760,"","","","","","","",34700,"","","","","","","",3,65017,0.0,15.0,14.3,62.2,4.9,4.1,24.5,4.1,"","","","","",""
"A0328","San Diego","Santee, El Cajon","https://www.californiahealthmaps.org?address=A0328","Female","Thyroid",168305,20.9,14.5,29.3,107940,22.0,14.2,33.4,"","","","",37185,"","","","","","","",3,65017,0.0,15.0,14.3,62.2,4.9,4.1,24.5,4.1,"","","","","",""
"A0328","San Diego","Santee, El Cajon","https://www.californiahealthmaps.org?address=A0328","Male","Liver",156780,21.1,14.3,30.6,101760,17.3,10.6,27.8,"","","","",34700,"","","","","","","",3,65017,0.0,15.0,14.3,62.2,4.9,4.1,24.5,4.1,"","","","","",""
"A0328","San Diego","Santee, El Cajon","https://www.californiahealthmaps.org?address=A0328","Female","Liver",168305,7.8,4.4,13.4,107940,"","","","","","","",37185,"","","","","","","",3,65017,0.0,15.0,14.3,62.2,4.9,4.1,24.5,4.1,"","","","","",""
"A0328","San Diego","Santee, El Cajon","https://www.californiahealthmaps.org?address=A0328","Male","Pancreas",156780,10.6,6.0,18.0,101760,"","","","","","","",34700,"","","","","","","",3,65017,0.0,15.0,14.3,62.2,4.9,4.1,24.5,4.1,"","","","","",""
"A0328","San Diego","Santee, El Cajon","https://www.californiahealthmaps.org?address=A0328","Female","Pancreas",168305,15.3,10.0,22.8,107940,15.0,9.2,24.4,"","","","",37185,"","","","","","","",3,65017,0.0,15.0,14.3,62.2,4.9,4.1,24.5,4.1,"","","","","",""
"A0328","San Diego","Santee, El Cajon","https://www.californiahealthmaps.org?address=A0328","Both","AllSite",325085,477.1,453.1,502.2,209700,494.7,467.1,523.8,15950,373.5,230.5,596.0,71885,418.0,352.3,494.4,13040,447.2,330.7,600.3,3,65017,0.0,15.0,14.3,62.2,4.9,4.1,24.5,4.1,"","","","","",""
"A0328","San Diego","Santee, El Cajon","https://www.californiahealthmaps.org?address=A0328","Both","Lung",325085,58.0,49.7,67.4,209700,61.4,52.0,72.6,15950,"","","",71885,43.7,23.5,76.5,13040,"","","",3,65017,0.0,15.0,14.3,62.2,4.9,4.1,24.5,4.1,"","","","","",""
"A0328","San Diego","Santee, El Cajon","https://www.californiahealthmaps.org?address=A0328","Both","CRC",325085,44.2,37.1,52.3,209700,44.8,36.8,54.4,15950,"","","",71885,"","","",13040,"","","",3,65017,0.0,15.0,14.3,62.2,4.9,4.1,24.5,4.1,"","","","","",""
"A0328","San Diego","Santee, El Cajon","https://www.californiahealthmaps.org?address=A0328","Both","Mela",325085,27.0,21.6,33.4,209700,32.0,25.3,40.4,15950,"","","",71885,"","","",13040,"","","",3,65017,0.0,15.0,14.3,62.2,4.9,4.1,24.5,4.1,"","","","","",""
"A0328","San Diego","Santee, El Cajon","https://www.californiahealthmaps.org?address=A0328","Both","Lymph",325085,20.0,15.4,25.8,209700,23.4,17.7,30.8,15950,"","","",71885,"","","",13040,"","","",3,65017,0.0,15.0,14.3,62.2,4.9,4.1,24.5,4.1,"","","","","",""
"A0328","San Diego","Santee, El Cajon","https://www.californiahealthmaps.org?address=A0328","Both","Urinary",325085,11.9,8.3,16.6,209700,12.4,8.4,18.2,15950,"","","",71885,"","","",13040,"","","",3,65017,0.0,15.0,14.3,62.2,4.9,4.1,24.5,4.1,"","","","","",""
"A0328","San Diego","Santee, El Cajon","https://www.californiahealthmaps.org?address=A0328","Both","Kidney",325085,17.7,13.4,23.2,209700,19.1,14.0,26.0,15950,"","","",71885,"","","",13040,"","","",3,65017,0.0,15.0,14.3,62.2,4.9,4.1,24.5,4.1,"","","","","",""
"A0328","San Diego","Santee, El Cajon","https://www.californiahealthmaps.org?address=A0328","Both","Thyroid",325085,13.4,9.6,18.3,209700,13.5,9.1,19.7,15950,"","","",71885,"","","",13040,"","","",3,65017,0.0,15.0,14.3,62.2,4.9,4.1,24.5,4.1,"","","","","",""
"A0328","San Diego","Santee, El Cajon","https://www.californiahealthmaps.org?address=A0328","Both","Liver",325085,13.8,10.1,18.6,209700,11.7,7.9,17.3,15950,"","","",71885,"","","",13040,"","","",3,65017,0.0,15.0,14.3,62.2,4.9,4.1,24.5,4.1,"","","","","",""
"A0328","San Diego","Santee, El Cajon","https://www.californiahealthmaps.org?address=A0328","Both","Pancreas",325085,13.6,9.7,18.6,209700,13.8,9.6,19.8,15950,"","","",71885,"","","",13040,"","","",3,65017,0.0,15.0,14.3,62.2,4.9,4.1,24.5,4.1,"","","","","",""
