"Zone","Counties","Cities","URL","Sex","Cancer","PopTot","AAIR","LCI","UCI","White_PopTot","White_AAIR","White_LCI","White_UCI","Black_PopTot","Black_AAIR","Black_LCI","Black_UCI","Hispanic_PopTot","Hispanic_AAIR","Hispanic_LCI","Hispanic_UCI","Asian_PopTot","Asian_AAIR","Asian_LCI","Asian_UCI","QNSES","PopAll","PerRural","PerUninsured","PerForeignBorn","PerWhite","PerBlack","PerAsian","PerHispanic","PerAPI","PerDocvisit","PerFOBT","PerMammo","PerMenPrev","PerPap","PerWomenPrev"
"A0931","Sacramento","Rancho Cordova","https://www.californiahealthmaps.org?address=A0931","Male","AllSite",153035,508.4,467.2,552.6,78540,555.5,502.3,613.5,15985,535.2,408.2,706.2,31440,510.3,341.6,759.7,17715,386.9,288.8,512.6,2,61858,0.8,14.6,24.0,50.7,10.1,12.8,20.1,12.8,"","","","","",""
"A0931","Sacramento","Rancho Cordova","https://www.californiahealthmaps.org?address=A0931","Female","AllSite",156255,479.2,444.3,516.3,80380,526.6,479.0,578.3,15725,478.9,359.8,634.0,30010,456.6,344.8,601.4,20360,420.0,339.6,518.5,2,61858,0.8,14.6,24.0,50.7,10.1,12.8,20.1,12.8,"","","","","",""
"A0931","Sacramento","Rancho Cordova","https://www.californiahealthmaps.org?address=A0931","Male","Prostate",153035,101.4,83.7,122.3,78540,101.7,79.8,128.3,15985,167.5,105.8,276.0,31440,"","","",17715,"","","",2,61858,0.8,14.6,24.0,50.7,10.1,12.8,20.1,12.8,"","","","","",""
"A0931","Sacramento","Rancho Cordova","https://www.californiahealthmaps.org?address=A0931","Female","Breast",156255,125.7,108.4,145.3,80380,132.9,109.9,160.2,15725,175.0,107.6,280.3,30010,118.4,62.6,212.3,20360,99.5,63.0,155.6,2,61858,0.8,14.6,24.0,50.7,10.1,12.8,20.1,12.8,"","","","","",""
"A0931","Sacramento","Rancho Cordova","https://www.californiahealthmaps.org?address=A0931","Male","Lung",153035,73.3,57.3,92.9,78540,76.9,56.9,102.1,15985,"","","",31440,"","","",17715,"","","",2,61858,0.8,14.6,24.0,50.7,10.1,12.8,20.1,12.8,"","","","","",""
"A0931","Sacramento","Rancho Cordova","https://www.californiahealthmaps.org?address=A0931","Female","Lung",156255,58.1,46.0,72.5,80380,67.7,51.1,88.8,15725,"","","",30010,"","","",20360,"","","",2,61858,0.8,14.6,24.0,50.7,10.1,12.8,20.1,12.8,"","","","","",""
"A0931","Sacramento","Rancho Cordova","https://www.californiahealthmaps.org?address=A0931","Male","CRC",153035,48.8,36.9,64.0,78540,55.7,40.2,75.9,15985,"","","",31440,"","","",17715,"","","",2,61858,0.8,14.6,24.0,50.7,10.1,12.8,20.1,12.8,"","","","","",""
"A0931","Sacramento","Rancho Cordova","https://www.californiahealthmaps.org?address=A0931","Female","CRC",156255,44.4,34.1,57.2,80380,47.1,33.5,65.2,15725,"","","",30010,"","","",20360,"","","",2,61858,0.8,14.6,24.0,50.7,10.1,12.8,20.1,12.8,"","","","","",""
"A0931","Sacramento","Rancho Cordova","https://www.californiahealthmaps.org?address=A0931","Male","Mela",153035,30.5,21.0,43.4,78540,47.8,32.9,67.9,15985,"","","",31440,"","","",17715,"","","",2,61858,0.8,14.6,24.0,50.7,10.1,12.8,20.1,12.8,"","","","","",""
"A0931","Sacramento","Rancho Cordova","https://www.californiahealthmaps.org?address=A0931","Female","Mela",156255,13.0,7.7,20.7,80380,20.4,11.7,33.8,15725,"","","",30010,"","","",20360,"","","",2,61858,0.8,14.6,24.0,50.7,10.1,12.8,20.1,12.8,"","","","","",""
"A0931","Sacramento","Rancho Cordova","https://www.californiahealthmaps.org?address=A0931","Female","Uterine",156255,38.4,29.4,49.7,80380,45.7,33.2,62.3,15725,"","","",30010,"","","",20360,"","","",2,61858,0.8,14.6,24.0,50.7,10.1,12.8,20.1,12.8,"","","","","",""
"A0931","Sacramento","Rancho Cordova","https://www.californiahealthmaps.org?address=A0931","Male","Lymph",153035,21.6,14.4,32.1,78540,30.3,19.2,46.3,15985,"","","",31440,"","","",17715,"","","",2,61858,0.8,14.6,24.0,50.7,10.1,12.8,20.1,12.8,"","","","","",""
"A0931","Sacramento","Rancho Cordova","https://www.californiahealthmaps.org?address=A0931","Female","Lymph",156255,13.2,8.0,20.9,80380,"","","",15725,"","","",30010,"","","",20360,"","","",2,61858,0.8,14.6,24.0,50.7,10.1,12.8,20.1,12.8,"","","","","",""
"A0931","Sacramento","Rancho Cordova","https://www.californiahealthmaps.org?address=A0931","Male","Urinary",153035,16.3,9.4,26.8,78540,"","","",15985,"","","",31440,"","","",17715,"","","",2,61858,0.8,14.6,24.0,50.7,10.1,12.8,20.1,12.8,"","","","","",""
"A0931","Sacramento","Rancho Cordova","https://www.californiahealthmaps.org?address=A0931","Female","Urinary",156255,"","","",80380,"","","",15725,"","","",30010,"","","",20360,"","","",2,61858,0.8,14.6,24.0,50.7,10.1,12.8,20.1,12.8,"","","","","",""
"A0931","Sacramento","Rancho Cordova","https://www.californiahealthmaps.org?address=A0931","Male","Kidney",153035,25.9,17.1,38.2,78540,30.2,18.8,46.8,15985,"","","",31440,"","","",17715,"","","",2,61858,0.8,14.6,24.0,50.7,10.1,12.8,20.1,12.8,"","","","","",""
"A0931","Sacramento","Rancho Cordova","https://www.californiahealthmaps.org?address=A0931","Female","Kidney",156255,17.0,11.0,25.4,80380,"","","",15725,"","","",30010,"","","",20360,"","","",2,61858,0.8,14.6,24.0,50.7,10.1,12.8,20.1,12.8,"","","","","",""
"A0931","Sacramento","Rancho Cordova","https://www.californiahealthmaps.org?address=A0931","Male","Thyroid",153035,"","","",78540,"","","",15985,"","","",31440,"","","",17715,"","","",2,61858,0.8,14.6,24.0,50.7,10.1,12.8,20.1,12.8,"","","","","",""
"A0931","Sacramento","Rancho Cordova","https://www.californiahealthmaps.org?address=A0931","Female","Thyroid",156255,25.9,18.5,35.6,80380,31.0,20.3,46.2,15725,"","","",30010,"","","",20360,"","","",2,61858,0.8,14.6,24.0,50.7,10.1,12.8,20.1,12.8,"","","","","",""
"A0931","Sacramento","Rancho Cordova","https://www.californiahealthmaps.org?address=A0931","Male","Liver",153035,17.9,11.5,27.6,78540,"","","",15985,"","","",31440,"","","",17715,"","","",2,61858,0.8,14.6,24.0,50.7,10.1,12.8,20.1,12.8,"","","","","",""
"A0931","Sacramento","Rancho Cordova","https://www.californiahealthmaps.org?address=A0931","Female","Liver",156255,"","","",80380,"","","",15725,"","","",30010,"","","",20360,"","","",2,61858,0.8,14.6,24.0,50.7,10.1,12.8,20.1,12.8,"","","","","",""
"A0931","Sacramento","Rancho Cordova","https://www.californiahealthmaps.org?address=A0931","Male","Pancreas",153035,20.1,12.3,31.6,78540,"","","",15985,"","","",31440,"","","",17715,"","","",2,61858,0.8,14.6,24.0,50.7,10.1,12.8,20.1,12.8,"","","","","",""
"A0931","Sacramento","Rancho Cordova","https://www.californiahealthmaps.org?address=A0931","Female","Pancreas",156255,10.9,6.2,18.2,80380,"","","",15725,"","","",30010,"","","",20360,"","","",2,61858,0.8,14.6,24.0,50.7,10.1,12.8,20.1,12.8,"","","","","",""
"A0931","Sacramento","Rancho Cordova","https://www.californiahealthmaps.org?address=A0931","Both","AllSite",309290,487.4,461.0,515.0,158920,534.2,499.0,571.5,31710,503.0,415.0,609.2,61450,455.2,364.0,566.8,38075,398.4,337.2,468.7,2,61858,0.8,14.6,24.0,50.7,10.1,12.8,20.1,12.8,"","","","","",""
"A0931","Sacramento","Rancho Cordova","https://www.californiahealthmaps.org?address=A0931","Both","Lung",309290,63.5,53.8,74.5,158920,70.8,57.9,86.0,31710,75.7,41.9,131.3,61450,"","","",38075,48.8,28.6,79.0,2,61858,0.8,14.6,24.0,50.7,10.1,12.8,20.1,12.8,"","","","","",""
"A0931","Sacramento","Rancho Cordova","https://www.californiahealthmaps.org?address=A0931","Both","CRC",309290,46.9,38.9,56.2,158920,51.4,40.9,64.1,31710,"","","",61450,"","","",38075,40.0,22.5,67.3,2,61858,0.8,14.6,24.0,50.7,10.1,12.8,20.1,12.8,"","","","","",""
"A0931","Sacramento","Rancho Cordova","https://www.californiahealthmaps.org?address=A0931","Both","Mela",309290,20.2,15.1,26.6,158920,32.1,23.8,42.7,31710,"","","",61450,"","","",38075,"","","",2,61858,0.8,14.6,24.0,50.7,10.1,12.8,20.1,12.8,"","","","","",""
"A0931","Sacramento","Rancho Cordova","https://www.californiahealthmaps.org?address=A0931","Both","Lymph",309290,17.2,12.7,23.1,158920,21.2,14.8,30.0,31710,"","","",61450,"","","",38075,"","","",2,61858,0.8,14.6,24.0,50.7,10.1,12.8,20.1,12.8,"","","","","",""
"A0931","Sacramento","Rancho Cordova","https://www.californiahealthmaps.org?address=A0931","Both","Urinary",309290,10.1,6.5,15.1,158920,11.2,6.5,18.2,31710,"","","",61450,"","","",38075,"","","",2,61858,0.8,14.6,24.0,50.7,10.1,12.8,20.1,12.8,"","","","","",""
"A0931","Sacramento","Rancho Cordova","https://www.californiahealthmaps.org?address=A0931","Both","Kidney",309290,20.6,15.4,27.1,158920,21.3,14.8,30.1,31710,"","","",61450,"","","",38075,"","","",2,61858,0.8,14.6,24.0,50.7,10.1,12.8,20.1,12.8,"","","","","",""
"A0931","Sacramento","Rancho Cordova","https://www.californiahealthmaps.org?address=A0931","Both","Thyroid",309290,14.6,10.6,19.9,158920,17.4,11.7,25.3,31710,"","","",61450,"","","",38075,"","","",2,61858,0.8,14.6,24.0,50.7,10.1,12.8,20.1,12.8,"","","","","",""
"A0931","Sacramento","Rancho Cordova","https://www.californiahealthmaps.org?address=A0931","Both","Liver",309290,13.3,9.3,18.5,158920,10.4,6.2,16.9,31710,"","","",61450,"","","",38075,"","","",2,61858,0.8,14.6,24.0,50.7,10.1,12.8,20.1,12.8,"","","","","",""
"A0931","Sacramento","Rancho Cordova","https://www.californiahealthmaps.org?address=A0931","Both","Pancreas",309290,14.9,10.4,20.7,158920,15.2,9.7,23.0,31710,"","","",61450,"","","",38075,"","","",2,61858,0.8,14.6,24.0,50.7,10.1,12.8,20.1,12.8,"","","","","",""
