"Zone","Counties","Cities","URL","Sex","Cancer","PopTot","AAIR","LCI","UCI","White_PopTot","White_AAIR","White_LCI","White_UCI","Black_PopTot","Black_AAIR","Black_LCI","Black_UCI","Hispanic_PopTot","Hispanic_AAIR","Hispanic_LCI","Hispanic_UCI","Asian_PopTot","Asian_AAIR","Asian_LCI","Asian_UCI","QNSES","PopAll","PerRural","PerUninsured","PerForeignBorn","PerWhite","PerBlack","PerAsian","PerHispanic"
"A1013","Kern","Bakersfield, Tehachapi","https://www.californiahealthmaps.org?address=A1013","Male","AllSite",187450,480.5,450.6,512.3,95665,493.7,457.4,533.7,"","","","",83000,380.1,317.8,453.5,"","","","",2,74178,46.5,20.6,18.4,51.0,0.8,1.2,44.3
"A1013","Kern","Bakersfield, Tehachapi","https://www.californiahealthmaps.org?address=A1013","Female","AllSite",183440,407.0,380.0,435.8,97305,427.6,393.6,465.3,"","","","",76515,326.4,273.0,389.1,"","","","",2,74178,46.5,20.6,18.4,51.0,0.8,1.2,44.3
"A1013","Kern","Bakersfield, Tehachapi","https://www.californiahealthmaps.org?address=A1013","Male","Prostate",187450,109.4,95.9,124.7,95665,101.2,86.5,119.6,"","","","",83000,95.0,65.5,136.2,"","","","",2,74178,46.5,20.6,18.4,51.0,0.8,1.2,44.3
"A1013","Kern","Bakersfield, Tehachapi","https://www.californiahealthmaps.org?address=A1013","Female","Breast",183440,120.1,105.8,136.2,97305,122.9,106.2,143.2,"","","","",76515,88.7,63.3,123.7,"","","","",2,74178,46.5,20.6,18.4,51.0,0.8,1.2,44.3
"A1013","Kern","Bakersfield, Tehachapi","https://www.californiahealthmaps.org?address=A1013","Male","Lung",187450,55.6,45.6,67.6,95665,61.4,49.5,77.4,"","","","",83000,"","","","","","","",2,74178,46.5,20.6,18.4,51.0,0.8,1.2,44.3
"A1013","Kern","Bakersfield, Tehachapi","https://www.californiahealthmaps.org?address=A1013","Female","Lung",183440,42.1,34.0,52.1,97305,46.4,36.8,59.9,"","","","",76515,"","","","","","","",2,74178,46.5,20.6,18.4,51.0,0.8,1.2,44.3
"A1013","Kern","Bakersfield, Tehachapi","https://www.californiahealthmaps.org?address=A1013","Male","CRC",187450,42.7,34.0,53.4,95665,41.3,31.3,55.7,"","","","",83000,34.8,19.8,61.5,"","","","",2,74178,46.5,20.6,18.4,51.0,0.8,1.2,44.3
"A1013","Kern","Bakersfield, Tehachapi","https://www.californiahealthmaps.org?address=A1013","Female","CRC",183440,32.0,25.0,41.1,97305,31.6,23.6,43.9,"","","","",76515,"","","","","","","",2,74178,46.5,20.6,18.4,51.0,0.8,1.2,44.3
"A1013","Kern","Bakersfield, Tehachapi","https://www.californiahealthmaps.org?address=A1013","Male","Mela",187450,33.7,26.1,43.3,95665,42.2,31.8,56.9,"","","","",83000,"","","","","","","",2,74178,46.5,20.6,18.4,51.0,0.8,1.2,44.3
"A1013","Kern","Bakersfield, Tehachapi","https://www.californiahealthmaps.org?address=A1013","Female","Mela",183440,21.4,15.4,29.4,97305,29.1,19.4,43.5,"","","","",76515,"","","","","","","",2,74178,46.5,20.6,18.4,51.0,0.8,1.2,44.3
"A1013","Kern","Bakersfield, Tehachapi","https://www.californiahealthmaps.org?address=A1013","Female","Uterine",183440,20.2,14.6,27.9,97305,23.0,16.1,34.4,"","","","",76515,"","","","","","","",2,74178,46.5,20.6,18.4,51.0,0.8,1.2,44.3
"A1013","Kern","Bakersfield, Tehachapi","https://www.californiahealthmaps.org?address=A1013","Male","Lymph",187450,21.2,15.2,29.4,95665,21.0,13.8,32.8,"","","","",83000,"","","","","","","",2,74178,46.5,20.6,18.4,51.0,0.8,1.2,44.3
"A1013","Kern","Bakersfield, Tehachapi","https://www.californiahealthmaps.org?address=A1013","Female","Lymph",183440,17.4,12.1,24.6,97305,13.8,8.1,24.4,"","","","",76515,"","","","","","","",2,74178,46.5,20.6,18.4,51.0,0.8,1.2,44.3
"A1013","Kern","Bakersfield, Tehachapi","https://www.californiahealthmaps.org?address=A1013","Male","Urinary",187450,18.5,12.9,26.3,95665,20.1,13.6,31.1,"","","","",83000,"","","","","","","",2,74178,46.5,20.6,18.4,51.0,0.8,1.2,44.3
"A1013","Kern","Bakersfield, Tehachapi","https://www.californiahealthmaps.org?address=A1013","Female","Urinary",183440,5.3,2.7,10.1,97305,"","","","","","","",76515,"","","","","","","",2,74178,46.5,20.6,18.4,51.0,0.8,1.2,44.3
"A1013","Kern","Bakersfield, Tehachapi","https://www.californiahealthmaps.org?address=A1013","Male","Kidney",187450,28.1,21.3,36.7,95665,29.0,20.6,41.8,"","","","",83000,"","","","","","","",2,74178,46.5,20.6,18.4,51.0,0.8,1.2,44.3
"A1013","Kern","Bakersfield, Tehachapi","https://www.californiahealthmaps.org?address=A1013","Female","Kidney",183440,7.3,4.1,12.7,97305,"","","","","","","",76515,"","","","","","","",2,74178,46.5,20.6,18.4,51.0,0.8,1.2,44.3
"A1013","Kern","Bakersfield, Tehachapi","https://www.californiahealthmaps.org?address=A1013","Male","Thyroid",187450,6.4,3.5,11.5,95665,"","","","","","","",83000,"","","","","","","",2,74178,46.5,20.6,18.4,51.0,0.8,1.2,44.3
"A1013","Kern","Bakersfield, Tehachapi","https://www.californiahealthmaps.org?address=A1013","Female","Thyroid",183440,21.4,14.7,30.3,97305,19.8,10.5,35.0,"","","","",76515,29.7,16.5,53.1,"","","","",2,74178,46.5,20.6,18.4,51.0,0.8,1.2,44.3
"A1013","Kern","Bakersfield, Tehachapi","https://www.californiahealthmaps.org?address=A1013","Both","AllSite",370890,440.5,420.5,461.4,192970,457.5,432.7,484.0,"","","","",159515,350.4,309.2,396.5,"","","","",2,74178,46.5,20.6,18.4,51.0,0.8,1.2,44.3
"A1013","Kern","Bakersfield, Tehachapi","https://www.californiahealthmaps.org?address=A1013","Both","Lung",370890,48.4,42.0,55.8,192970,53.4,45.7,62.9,"","","","",159515,29.9,17.8,48.0,"","","","",2,74178,46.5,20.6,18.4,51.0,0.8,1.2,44.3
"A1013","Kern","Bakersfield, Tehachapi","https://www.californiahealthmaps.org?address=A1013","Both","CRC",370890,37.0,31.4,43.6,192970,36.1,29.6,44.5,"","","","",159515,29.0,19.0,44.2,"","","","",2,74178,46.5,20.6,18.4,51.0,0.8,1.2,44.3
"A1013","Kern","Bakersfield, Tehachapi","https://www.californiahealthmaps.org?address=A1013","Both","Mela",370890,27.1,22.3,32.9,192970,35.1,27.9,44.3,"","","","",159515,"","","","","","","",2,74178,46.5,20.6,18.4,51.0,0.8,1.2,44.3
"A1013","Kern","Bakersfield, Tehachapi","https://www.californiahealthmaps.org?address=A1013","Both","Lymph",370890,19.0,15.0,24.0,192970,17.0,12.4,23.8,"","","","",159515,18.9,10.4,33.2,"","","","",2,74178,46.5,20.6,18.4,51.0,0.8,1.2,44.3
"A1013","Kern","Bakersfield, Tehachapi","https://www.californiahealthmaps.org?address=A1013","Both","Urinary",370890,11.4,8.4,15.4,192970,12.5,9.0,18.2,"","","","",159515,"","","","","","","",2,74178,46.5,20.6,18.4,51.0,0.8,1.2,44.3
"A1013","Kern","Bakersfield, Tehachapi","https://www.californiahealthmaps.org?address=A1013","Both","Kidney",370890,17.5,13.8,22.3,192970,17.4,12.9,24.0,"","","","",159515,20.3,11.5,34.7,"","","","",2,74178,46.5,20.6,18.4,51.0,0.8,1.2,44.3
"A1013","Kern","Bakersfield, Tehachapi","https://www.californiahealthmaps.org?address=A1013","Both","Thyroid",370890,13.8,10.1,18.6,192970,13.1,8.0,21.0,"","","","",159515,16.4,9.4,28.9,"","","","",2,74178,46.5,20.6,18.4,51.0,0.8,1.2,44.3
