"Zone","Counties","Cities","URL","Sex","Cancer","PopTot","AAIR","LCI","UCI","White_PopTot","White_AAIR","White_LCI","White_UCI","Black_PopTot","Black_AAIR","Black_LCI","Black_UCI","Hispanic_PopTot","Hispanic_AAIR","Hispanic_LCI","Hispanic_UCI","Asian_PopTot","Asian_AAIR","Asian_LCI","Asian_UCI","QNSES","PopAll","PerRural","PerUninsured","PerForeignBorn","PerWhite","PerBlack","PerAsian","PerHispanic","PerAPI","PerDocvisit","PerFOBT","PerMammo","PerMenPrev","PerPap","PerWomenPrev"
"A0107","Los Angeles","Los Angeles","https://www.californiahealthmaps.org?address=A0107","Male","AllSite",144890,489.5,451.1,530.7,"","","","",78910,495.0,450.2,544.2,60720,380.9,300.5,490.5,"","","","",1,62906,0.0,25.6,23.6,1.4,59.4,0.8,36.1,0.8,65.3,52.4,81.0,17.8,87.1,23.4
"A0107","Los Angeles","Los Angeles","https://www.californiahealthmaps.org?address=A0107","Female","AllSite",169640,422.7,393.4,453.8,"","","","",101570,430.3,395.9,467.6,61430,359.1,294.7,437.0,"","","","",1,62906,0.0,25.6,23.6,1.4,59.4,0.8,36.1,0.8,65.3,52.4,81.0,17.8,87.1,23.4
"A0107","Los Angeles","Los Angeles","https://www.californiahealthmaps.org?address=A0107","Male","Prostate",144890,154.0,133.3,177.4,"","","","",78910,156.8,132.8,185.1,60720,81.5,49.6,147.6,"","","","",1,62906,0.0,25.6,23.6,1.4,59.4,0.8,36.1,0.8,65.3,52.4,81.0,17.8,87.1,23.4
"A0107","Los Angeles","Los Angeles","https://www.californiahealthmaps.org?address=A0107","Female","Breast",169640,131.1,115.1,149.0,"","","","",101570,141.1,121.4,163.9,61430,89.2,61.0,131.2,"","","","",1,62906,0.0,25.6,23.6,1.4,59.4,0.8,36.1,0.8,65.3,52.4,81.0,17.8,87.1,23.4
"A0107","Los Angeles","Los Angeles","https://www.californiahealthmaps.org?address=A0107","Male","Lung",144890,64.2,50.5,80.9,"","","","",78910,71.3,54.9,92.3,60720,"","","","","","","",1,62906,0.0,25.6,23.6,1.4,59.4,0.8,36.1,0.8,65.3,52.4,81.0,17.8,87.1,23.4
"A0107","Los Angeles","Los Angeles","https://www.californiahealthmaps.org?address=A0107","Female","Lung",169640,52.0,42.2,63.8,"","","","",101570,61.6,49.4,76.9,61430,"","","","","","","",1,62906,0.0,25.6,23.6,1.4,59.4,0.8,36.1,0.8,65.3,52.4,81.0,17.8,87.1,23.4
"A0107","Los Angeles","Los Angeles","https://www.californiahealthmaps.org?address=A0107","Male","CRC",144890,48.2,36.4,63.0,"","","","",78910,44.3,31.7,61.7,60720,"","","","","","","",1,62906,0.0,25.6,23.6,1.4,59.4,0.8,36.1,0.8,65.3,52.4,81.0,17.8,87.1,23.4
"A0107","Los Angeles","Los Angeles","https://www.californiahealthmaps.org?address=A0107","Female","CRC",169640,44.1,34.8,55.2,"","","","",101570,40.5,30.7,53.4,61430,45.9,24.7,82.6,"","","","",1,62906,0.0,25.6,23.6,1.4,59.4,0.8,36.1,0.8,65.3,52.4,81.0,17.8,87.1,23.4
"A0107","Los Angeles","Los Angeles","https://www.californiahealthmaps.org?address=A0107","Male","Mela",144890,"","","","","","","",78910,"","","",60720,"","","","","","","",1,62906,0.0,25.6,23.6,1.4,59.4,0.8,36.1,0.8,65.3,52.4,81.0,17.8,87.1,23.4
"A0107","Los Angeles","Los Angeles","https://www.californiahealthmaps.org?address=A0107","Female","Mela",169640,"","","","","","","",101570,"","","",61430,"","","","","","","",1,62906,0.0,25.6,23.6,1.4,59.4,0.8,36.1,0.8,65.3,52.4,81.0,17.8,87.1,23.4
"A0107","Los Angeles","Los Angeles","https://www.californiahealthmaps.org?address=A0107","Female","Uterine",169640,26.3,19.5,35.1,"","","","",101570,28.0,20.0,39.2,61430,"","","","","","","",1,62906,0.0,25.6,23.6,1.4,59.4,0.8,36.1,0.8,65.3,52.4,81.0,17.8,87.1,23.4
"A0107","Los Angeles","Los Angeles","https://www.californiahealthmaps.org?address=A0107","Male","Lymph",144890,18.6,11.8,28.4,"","","","",78910,20.3,11.8,33.9,60720,"","","","","","","",1,62906,0.0,25.6,23.6,1.4,59.4,0.8,36.1,0.8,65.3,52.4,81.0,17.8,87.1,23.4
"A0107","Los Angeles","Los Angeles","https://www.californiahealthmaps.org?address=A0107","Female","Lymph",169640,14.6,9.6,21.6,"","","","",101570,12.4,7.0,21.3,61430,"","","","","","","",1,62906,0.0,25.6,23.6,1.4,59.4,0.8,36.1,0.8,65.3,52.4,81.0,17.8,87.1,23.4
"A0107","Los Angeles","Los Angeles","https://www.californiahealthmaps.org?address=A0107","Male","Urinary",144890,17.9,10.8,28.3,"","","","",78910,20.8,12.3,34.5,60720,"","","","","","","",1,62906,0.0,25.6,23.6,1.4,59.4,0.8,36.1,0.8,65.3,52.4,81.0,17.8,87.1,23.4
"A0107","Los Angeles","Los Angeles","https://www.californiahealthmaps.org?address=A0107","Female","Urinary",169640,"","","","","","","",101570,"","","",61430,"","","","","","","",1,62906,0.0,25.6,23.6,1.4,59.4,0.8,36.1,0.8,65.3,52.4,81.0,17.8,87.1,23.4
"A0107","Los Angeles","Los Angeles","https://www.californiahealthmaps.org?address=A0107","Male","Kidney",144890,14.6,8.8,23.3,"","","","",78910,"","","",60720,"","","","","","","",1,62906,0.0,25.6,23.6,1.4,59.4,0.8,36.1,0.8,65.3,52.4,81.0,17.8,87.1,23.4
"A0107","Los Angeles","Los Angeles","https://www.californiahealthmaps.org?address=A0107","Female","Kidney",169640,15.1,10.0,22.1,"","","","",101570,16.2,10.1,25.6,61430,"","","","","","","",1,62906,0.0,25.6,23.6,1.4,59.4,0.8,36.1,0.8,65.3,52.4,81.0,17.8,87.1,23.4
"A0107","Los Angeles","Los Angeles","https://www.californiahealthmaps.org?address=A0107","Male","Thyroid",144890,"","","","","","","",78910,"","","",60720,"","","","","","","",1,62906,0.0,25.6,23.6,1.4,59.4,0.8,36.1,0.8,65.3,52.4,81.0,17.8,87.1,23.4
"A0107","Los Angeles","Los Angeles","https://www.californiahealthmaps.org?address=A0107","Female","Thyroid",169640,14.6,9.5,21.8,"","","","",101570,"","","",61430,"","","","","","","",1,62906,0.0,25.6,23.6,1.4,59.4,0.8,36.1,0.8,65.3,52.4,81.0,17.8,87.1,23.4
"A0107","Los Angeles","Los Angeles","https://www.californiahealthmaps.org?address=A0107","Male","Liver",144890,14.1,8.4,22.9,"","","","",78910,"","","",60720,"","","","","","","",1,62906,0.0,25.6,23.6,1.4,59.4,0.8,36.1,0.8,65.3,52.4,81.0,17.8,87.1,23.4
"A0107","Los Angeles","Los Angeles","https://www.californiahealthmaps.org?address=A0107","Female","Liver",169640,"","","","","","","",101570,"","","",61430,"","","","","","","",1,62906,0.0,25.6,23.6,1.4,59.4,0.8,36.1,0.8,65.3,52.4,81.0,17.8,87.1,23.4
"A0107","Los Angeles","Los Angeles","https://www.californiahealthmaps.org?address=A0107","Male","Pancreas",144890,16.8,10.3,26.4,"","","","",78910,16.1,8.9,28.5,60720,"","","","","","","",1,62906,0.0,25.6,23.6,1.4,59.4,0.8,36.1,0.8,65.3,52.4,81.0,17.8,87.1,23.4
"A0107","Los Angeles","Los Angeles","https://www.californiahealthmaps.org?address=A0107","Female","Pancreas",169640,19.0,13.3,26.7,"","","","",101570,19.2,12.8,28.8,61430,"","","","","","","",1,62906,0.0,25.6,23.6,1.4,59.4,0.8,36.1,0.8,65.3,52.4,81.0,17.8,87.1,23.4
"A0107","Los Angeles","Los Angeles","https://www.californiahealthmaps.org?address=A0107","Both","AllSite",314530,446.6,423.3,470.8,"","","","",180480,452.9,425.7,481.9,122150,366.5,315.6,425.5,"","","","",1,62906,0.0,25.6,23.6,1.4,59.4,0.8,36.1,0.8,65.3,52.4,81.0,17.8,87.1,23.4
"A0107","Los Angeles","Los Angeles","https://www.californiahealthmaps.org?address=A0107","Both","Lung",314530,56.2,48.1,65.3,"","","","",180480,64.7,54.8,76.3,122150,"","","","","","","",1,62906,0.0,25.6,23.6,1.4,59.4,0.8,36.1,0.8,65.3,52.4,81.0,17.8,87.1,23.4
"A0107","Los Angeles","Los Angeles","https://www.californiahealthmaps.org?address=A0107","Both","CRC",314530,45.2,37.9,53.6,"","","","",180480,41.8,33.9,51.4,122150,38.9,23.9,63.2,"","","","",1,62906,0.0,25.6,23.6,1.4,59.4,0.8,36.1,0.8,65.3,52.4,81.0,17.8,87.1,23.4
"A0107","Los Angeles","Los Angeles","https://www.californiahealthmaps.org?address=A0107","Both","Mela",314530,"","","","","","","",180480,"","","",122150,"","","","","","","",1,62906,0.0,25.6,23.6,1.4,59.4,0.8,36.1,0.8,65.3,52.4,81.0,17.8,87.1,23.4
"A0107","Los Angeles","Los Angeles","https://www.californiahealthmaps.org?address=A0107","Both","Lymph",314530,16.3,12.1,21.6,"","","","",180480,15.6,10.7,22.4,122150,"","","","","","","",1,62906,0.0,25.6,23.6,1.4,59.4,0.8,36.1,0.8,65.3,52.4,81.0,17.8,87.1,23.4
"A0107","Los Angeles","Los Angeles","https://www.californiahealthmaps.org?address=A0107","Both","Urinary",314530,8.3,5.4,12.4,"","","","",180480,9.2,5.8,14.7,122150,"","","","","","","",1,62906,0.0,25.6,23.6,1.4,59.4,0.8,36.1,0.8,65.3,52.4,81.0,17.8,87.1,23.4
"A0107","Los Angeles","Los Angeles","https://www.californiahealthmaps.org?address=A0107","Both","Kidney",314530,15.0,11.1,20.1,"","","","",180480,15.7,11.0,22.3,122150,"","","","","","","",1,62906,0.0,25.6,23.6,1.4,59.4,0.8,36.1,0.8,65.3,52.4,81.0,17.8,87.1,23.4
"A0107","Los Angeles","Los Angeles","https://www.californiahealthmaps.org?address=A0107","Both","Thyroid",314530,10.0,6.7,14.3,"","","","",180480,7.1,4.0,12.3,122150,"","","","","","","",1,62906,0.0,25.6,23.6,1.4,59.4,0.8,36.1,0.8,65.3,52.4,81.0,17.8,87.1,23.4
"A0107","Los Angeles","Los Angeles","https://www.californiahealthmaps.org?address=A0107","Both","Liver",314530,9.4,6.4,13.6,"","","","",180480,9.6,6.2,15.0,122150,"","","","","","","",1,62906,0.0,25.6,23.6,1.4,59.4,0.8,36.1,0.8,65.3,52.4,81.0,17.8,87.1,23.4
"A0107","Los Angeles","Los Angeles","https://www.californiahealthmaps.org?address=A0107","Both","Pancreas",314530,18.1,13.7,23.6,"","","","",180480,17.9,13.0,24.7,122150,"","","","","","","",1,62906,0.0,25.6,23.6,1.4,59.4,0.8,36.1,0.8,65.3,52.4,81.0,17.8,87.1,23.4
