"Zone","Counties","Cities","URL","Sex","Cancer","PopTot","AAIR","LCI","UCI","White_PopTot","White_AAIR","White_LCI","White_UCI","Black_PopTot","Black_AAIR","Black_LCI","Black_UCI","Hispanic_PopTot","Hispanic_AAIR","Hispanic_LCI","Hispanic_UCI","Asian_PopTot","Asian_AAIR","Asian_LCI","Asian_UCI","QNSES","PopAll","PerRural","PerUninsured","PerForeignBorn","PerWhite","PerBlack","PerAsian","PerHispanic"
"A0152","San Bernardino","Chino Hills","https://www.californiahealthmaps.org?address=A0152","Male","AllSite",142295,583.1,530.8,640.5,51835,707.0,618.3,807.2,"","","","",42155,583.2,467.4,727.3,38150,335.4,267.9,418.7,5,57510,6.2,13.4,26.2,35.3,3.7,25.8,31.0
"A0152","San Bernardino","Chino Hills","https://www.californiahealthmaps.org?address=A0152","Female","AllSite",145255,430.4,393.0,471.0,50085,461.7,400.4,530.8,"","","","",43775,464.3,377.6,570.4,41630,369.6,310.7,439.5,5,57510,6.2,13.4,26.2,35.3,3.7,25.8,31.0
"A0152","San Bernardino","Chino Hills","https://www.californiahealthmaps.org?address=A0152","Male","Prostate",142295,156.1,131.1,186.1,51835,142.6,107.0,189.6,"","","","",42155,162.9,108.2,247.0,38150,87.0,54.2,137.2,5,57510,6.2,13.4,26.2,35.3,3.7,25.8,31.0
"A0152","San Bernardino","Chino Hills","https://www.californiahealthmaps.org?address=A0152","Female","Breast",145255,126.7,107.5,149.0,50085,138.8,107.4,178.0,"","","","",43775,110.6,72.1,169.8,41630,118.6,87.2,161.4,5,57510,6.2,13.4,26.2,35.3,3.7,25.8,31.0
"A0152","San Bernardino","Chino Hills","https://www.californiahealthmaps.org?address=A0152","Male","Lung",142295,62.8,44.6,87.0,51835,82.2,51.3,126.7,"","","","",42155,"","","",38150,"","","",5,57510,6.2,13.4,26.2,35.3,3.7,25.8,31.0
"A0152","San Bernardino","Chino Hills","https://www.californiahealthmaps.org?address=A0152","Female","Lung",145255,38.7,27.0,54.2,50085,51.7,30.8,82.1,"","","","",43775,"","","",41630,"","","",5,57510,6.2,13.4,26.2,35.3,3.7,25.8,31.0
"A0152","San Bernardino","Chino Hills","https://www.californiahealthmaps.org?address=A0152","Male","CRC",142295,55.0,39.6,75.9,51835,76.5,48.4,117.5,"","","","",42155,"","","",38150,"","","",5,57510,6.2,13.4,26.2,35.3,3.7,25.8,31.0
"A0152","San Bernardino","Chino Hills","https://www.californiahealthmaps.org?address=A0152","Female","CRC",145255,31.6,21.8,44.9,50085,"","","","","","","",43775,"","","",41630,"","","",5,57510,6.2,13.4,26.2,35.3,3.7,25.8,31.0
"A0152","San Bernardino","Chino Hills","https://www.californiahealthmaps.org?address=A0152","Male","Mela",142295,38.0,24.6,57.4,51835,85.2,54.8,128.8,"","","","",42155,"","","",38150,"","","",5,57510,6.2,13.4,26.2,35.3,3.7,25.8,31.0
"A0152","San Bernardino","Chino Hills","https://www.californiahealthmaps.org?address=A0152","Female","Mela",145255,12.7,7.8,20.9,50085,27.4,14.7,48.5,"","","","",43775,"","","",41630,"","","",5,57510,6.2,13.4,26.2,35.3,3.7,25.8,31.0
"A0152","San Bernardino","Chino Hills","https://www.californiahealthmaps.org?address=A0152","Female","Uterine",145255,37.1,26.7,50.8,50085,31.9,18.7,53.1,"","","","",43775,"","","",41630,"","","",5,57510,6.2,13.4,26.2,35.3,3.7,25.8,31.0
"A0152","San Bernardino","Chino Hills","https://www.californiahealthmaps.org?address=A0152","Male","Lymph",142295,17.4,9.4,31.3,51835,"","","","","","","",42155,"","","",38150,"","","",5,57510,6.2,13.4,26.2,35.3,3.7,25.8,31.0
"A0152","San Bernardino","Chino Hills","https://www.californiahealthmaps.org?address=A0152","Female","Lymph",145255,17.7,11.0,27.8,50085,"","","","","","","",43775,"","","",41630,"","","",5,57510,6.2,13.4,26.2,35.3,3.7,25.8,31.0
"A0152","San Bernardino","Chino Hills","https://www.californiahealthmaps.org?address=A0152","Male","Urinary",142295,19.7,10.4,35.4,51835,"","","","","","","",42155,"","","",38150,"","","",5,57510,6.2,13.4,26.2,35.3,3.7,25.8,31.0
"A0152","San Bernardino","Chino Hills","https://www.californiahealthmaps.org?address=A0152","Female","Urinary",145255,7.9,3.2,16.7,50085,"","","","","","","",43775,"","","",41630,"","","",5,57510,6.2,13.4,26.2,35.3,3.7,25.8,31.0
"A0152","San Bernardino","Chino Hills","https://www.californiahealthmaps.org?address=A0152","Male","Kidney",142295,33.2,21.4,50.7,51835,30.8,16.0,58.3,"","","","",42155,"","","",38150,"","","",5,57510,6.2,13.4,26.2,35.3,3.7,25.8,31.0
"A0152","San Bernardino","Chino Hills","https://www.californiahealthmaps.org?address=A0152","Female","Kidney",145255,9.7,4.9,18.2,50085,"","","","","","","",43775,"","","",41630,"","","",5,57510,6.2,13.4,26.2,35.3,3.7,25.8,31.0
"A0152","San Bernardino","Chino Hills","https://www.californiahealthmaps.org?address=A0152","Male","Thyroid",142295,14.0,7.8,25.9,51835,"","","","","","","",42155,"","","",38150,"","","",5,57510,6.2,13.4,26.2,35.3,3.7,25.8,31.0
"A0152","San Bernardino","Chino Hills","https://www.californiahealthmaps.org?address=A0152","Female","Thyroid",145255,24.9,17.5,35.5,50085,"","","","","","","",43775,"","","",41630,39.5,22.6,68.8,5,57510,6.2,13.4,26.2,35.3,3.7,25.8,31.0
"A0152","San Bernardino","Chino Hills","https://www.californiahealthmaps.org?address=A0152","Both","AllSite",287550,494.4,463.5,527.1,101920,563.3,512.4,618.5,11115,760.2,546.4,1083.5,85930,511.6,441.1,593.3,79780,351.8,306.9,403.1,5,57510,6.2,13.4,26.2,35.3,3.7,25.8,31.0
"A0152","San Bernardino","Chino Hills","https://www.californiahealthmaps.org?address=A0152","Both","Lung",287550,48.3,38.0,60.7,101920,62.6,44.9,85.2,11115,"","","",85930,43.1,22.2,78.4,79780,32.3,18.6,53.7,5,57510,6.2,13.4,26.2,35.3,3.7,25.8,31.0
"A0152","San Bernardino","Chino Hills","https://www.californiahealthmaps.org?address=A0152","Both","CRC",287550,42.1,33.2,52.9,101920,48.8,34.1,68.2,11115,"","","",85930,"","","",79780,38.0,24.6,58.5,5,57510,6.2,13.4,26.2,35.3,3.7,25.8,31.0
"A0152","San Bernardino","Chino Hills","https://www.californiahealthmaps.org?address=A0152","Both","Mela",287550,22.4,16.4,30.3,101920,48.5,34.7,66.6,11115,"","","",85930,"","","",79780,"","","",5,57510,6.2,13.4,26.2,35.3,3.7,25.8,31.0
"A0152","San Bernardino","Chino Hills","https://www.californiahealthmaps.org?address=A0152","Both","Lymph",287550,17.2,11.9,24.4,101920,20.8,12.0,34.3,11115,"","","",85930,"","","",79780,"","","",5,57510,6.2,13.4,26.2,35.3,3.7,25.8,31.0
"A0152","San Bernardino","Chino Hills","https://www.californiahealthmaps.org?address=A0152","Both","Urinary",287550,13.3,8.1,20.6,101920,21.8,12.3,36.3,11115,"","","",85930,"","","",79780,"","","",5,57510,6.2,13.4,26.2,35.3,3.7,25.8,31.0
"A0152","San Bernardino","Chino Hills","https://www.californiahealthmaps.org?address=A0152","Both","Kidney",287550,19.8,14.0,27.5,101920,17.6,10.0,29.8,11115,"","","",85930,35.2,17.9,66.3,79780,"","","",5,57510,6.2,13.4,26.2,35.3,3.7,25.8,31.0
"A0152","San Bernardino","Chino Hills","https://www.californiahealthmaps.org?address=A0152","Both","Thyroid",287550,19.5,14.5,26.2,101920,15.9,9.4,26.7,11115,"","","",85930,24.2,12.6,48.7,79780,25.3,15.5,42.1,5,57510,6.2,13.4,26.2,35.3,3.7,25.8,31.0
