"Zone","Counties","Cities","URL","Sex","Cancer","PopTot","AAIR","LCI","UCI","White_PopTot","White_AAIR","White_LCI","White_UCI","Black_PopTot","Black_AAIR","Black_LCI","Black_UCI","Hispanic_PopTot","Hispanic_AAIR","Hispanic_LCI","Hispanic_UCI","Asian_PopTot","Asian_AAIR","Asian_LCI","Asian_UCI","QNSES","PopAll","PerRural","PerUninsured","PerForeignBorn","PerWhite","PerBlack","PerAsian","PerHispanic"
"A0207","Placer","Auburn","https://www.californiahealthmaps.org?address=A0207","Male","AllSite",163775,489.1,458.8,521.4,134715,480.4,448.6,514.5,"","","","",20915,390.5,278.1,542.4,"","","","",3,65291,53.1,14.1,8.9,82.9,0.5,1.8,11.4
"A0207","Placer","Auburn","https://www.californiahealthmaps.org?address=A0207","Female","AllSite",162680,435.9,408.3,465.4,135570,432.1,402.9,463.7,"","","","",18450,321.6,226.4,449.2,"","","","",3,65291,53.1,14.1,8.9,82.9,0.5,1.8,11.4
"A0207","Placer","Auburn","https://www.californiahealthmaps.org?address=A0207","Male","Prostate",163775,109.0,95.5,124.4,134715,107.5,93.6,123.8,"","","","",20915,"","","","","","","",3,65291,53.1,14.1,8.9,82.9,0.5,1.8,11.4
"A0207","Placer","Auburn","https://www.californiahealthmaps.org?address=A0207","Female","Breast",162680,126.6,112.1,143.1,135570,127.4,112.0,145.2,"","","","",18450,"","","","","","","",3,65291,53.1,14.1,8.9,82.9,0.5,1.8,11.4
"A0207","Placer","Auburn","https://www.californiahealthmaps.org?address=A0207","Male","Lung",163775,49.8,40.5,61.2,134715,50.4,40.6,62.9,"","","","",20915,"","","","","","","",3,65291,53.1,14.1,8.9,82.9,0.5,1.8,11.4
"A0207","Placer","Auburn","https://www.californiahealthmaps.org?address=A0207","Female","Lung",162680,51.6,42.8,62.4,135570,52.4,43.2,64.2,"","","","",18450,"","","","","","","",3,65291,53.1,14.1,8.9,82.9,0.5,1.8,11.4
"A0207","Placer","Auburn","https://www.californiahealthmaps.org?address=A0207","Male","CRC",163775,41.4,32.9,52.1,134715,40.8,31.8,52.5,"","","","",20915,"","","","","","","",3,65291,53.1,14.1,8.9,82.9,0.5,1.8,11.4
"A0207","Placer","Auburn","https://www.californiahealthmaps.org?address=A0207","Female","CRC",162680,29.3,22.8,37.9,135570,28.9,22.2,38.3,"","","","",18450,"","","","","","","",3,65291,53.1,14.1,8.9,82.9,0.5,1.8,11.4
"A0207","Placer","Auburn","https://www.californiahealthmaps.org?address=A0207","Male","Mela",163775,61.8,51.0,74.6,134715,57.8,46.7,71.7,"","","","",20915,"","","","","","","",3,65291,53.1,14.1,8.9,82.9,0.5,1.8,11.4
"A0207","Placer","Auburn","https://www.californiahealthmaps.org?address=A0207","Female","Mela",162680,33.1,25.4,43.0,135570,28.5,20.8,39.1,"","","","",18450,"","","","","","","",3,65291,53.1,14.1,8.9,82.9,0.5,1.8,11.4
"A0207","Placer","Auburn","https://www.californiahealthmaps.org?address=A0207","Female","Uterine",162680,30.3,23.6,39.1,135570,32.2,24.9,42.1,"","","","",18450,"","","","","","","",3,65291,53.1,14.1,8.9,82.9,0.5,1.8,11.4
"A0207","Placer","Auburn","https://www.californiahealthmaps.org?address=A0207","Male","Lymph",163775,26.6,19.8,35.6,134715,25.5,18.4,35.4,"","","","",20915,"","","","","","","",3,65291,53.1,14.1,8.9,82.9,0.5,1.8,11.4
"A0207","Placer","Auburn","https://www.californiahealthmaps.org?address=A0207","Female","Lymph",162680,15.0,10.3,21.9,135570,14.0,9.3,21.7,"","","","",18450,"","","","","","","",3,65291,53.1,14.1,8.9,82.9,0.5,1.8,11.4
"A0207","Placer","Auburn","https://www.californiahealthmaps.org?address=A0207","Male","Urinary",163775,23.2,16.9,31.7,134715,23.8,17.2,33.3,"","","","",20915,"","","","","","","",3,65291,53.1,14.1,8.9,82.9,0.5,1.8,11.4
"A0207","Placer","Auburn","https://www.californiahealthmaps.org?address=A0207","Female","Urinary",162680,3.8,1.7,8.4,135570,"","","","","","","",18450,"","","","","","","",3,65291,53.1,14.1,8.9,82.9,0.5,1.8,11.4
"A0207","Placer","Auburn","https://www.californiahealthmaps.org?address=A0207","Male","Kidney",163775,15.5,10.4,22.8,134715,14.7,9.6,22.7,"","","","",20915,"","","","","","","",3,65291,53.1,14.1,8.9,82.9,0.5,1.8,11.4
"A0207","Placer","Auburn","https://www.californiahealthmaps.org?address=A0207","Female","Kidney",162680,12.4,8.2,18.8,135570,12.6,8.2,20.1,"","","","",18450,"","","","","","","",3,65291,53.1,14.1,8.9,82.9,0.5,1.8,11.4
"A0207","Placer","Auburn","https://www.californiahealthmaps.org?address=A0207","Male","Thyroid",163775,9.3,5.3,15.7,134715,9.6,5.3,17.1,"","","","",20915,"","","","","","","",3,65291,53.1,14.1,8.9,82.9,0.5,1.8,11.4
"A0207","Placer","Auburn","https://www.californiahealthmaps.org?address=A0207","Female","Thyroid",162680,25.0,18.0,34.3,135570,25.2,17.4,36.2,"","","","",18450,"","","","","","","",3,65291,53.1,14.1,8.9,82.9,0.5,1.8,11.4
"A0207","Placer","Auburn","https://www.californiahealthmaps.org?address=A0207","Both","AllSite",326455,456.3,436.1,477.5,270285,450.5,429.2,472.9,"","","","",39365,354.8,279.8,445.9,"","","","",3,65291,53.1,14.1,8.9,82.9,0.5,1.8,11.4
"A0207","Placer","Auburn","https://www.californiahealthmaps.org?address=A0207","Both","Lung",326455,50.5,44.0,57.9,270285,51.1,44.4,59.1,"","","","",39365,"","","","","","","",3,65291,53.1,14.1,8.9,82.9,0.5,1.8,11.4
"A0207","Placer","Auburn","https://www.californiahealthmaps.org?address=A0207","Both","CRC",326455,34.7,29.4,41.1,270285,34.3,28.7,41.2,"","","","",39365,"","","","","","","",3,65291,53.1,14.1,8.9,82.9,0.5,1.8,11.4
"A0207","Placer","Auburn","https://www.californiahealthmaps.org?address=A0207","Both","Mela",326455,45.9,39.4,53.3,270285,41.6,35.0,49.6,"","","","",39365,"","","","","","","",3,65291,53.1,14.1,8.9,82.9,0.5,1.8,11.4
"A0207","Placer","Auburn","https://www.californiahealthmaps.org?address=A0207","Both","Lymph",326455,20.2,16.1,25.3,270285,19.4,15.1,25.0,"","","","",39365,"","","","","","","",3,65291,53.1,14.1,8.9,82.9,0.5,1.8,11.4
"A0207","Placer","Auburn","https://www.californiahealthmaps.org?address=A0207","Both","Urinary",326455,12.1,9.1,16.2,270285,12.2,9.1,16.7,"","","","",39365,"","","","","","","",3,65291,53.1,14.1,8.9,82.9,0.5,1.8,11.4
"A0207","Placer","Auburn","https://www.californiahealthmaps.org?address=A0207","Both","Kidney",326455,13.8,10.5,18.2,270285,13.6,10.2,18.5,"","","","",39365,"","","","","","","",3,65291,53.1,14.1,8.9,82.9,0.5,1.8,11.4
"A0207","Placer","Auburn","https://www.californiahealthmaps.org?address=A0207","Both","Thyroid",326455,17.3,13.1,22.5,270285,17.5,13.0,23.6,"","","","",39365,"","","","","","","",3,65291,53.1,14.1,8.9,82.9,0.5,1.8,11.4
