"Zone","Counties","Cities","URL","Sex","Cancer","PopTot","AAIR","LCI","UCI","White_PopTot","White_AAIR","White_LCI","White_UCI","Black_PopTot","Black_AAIR","Black_LCI","Black_UCI","Hispanic_PopTot","Hispanic_AAIR","Hispanic_LCI","Hispanic_UCI","Asian_PopTot","Asian_AAIR","Asian_LCI","Asian_UCI","QNSES","PopAll","PerRural","PerUninsured","PerForeignBorn","PerWhite","PerBlack","PerAsian","PerHispanic"
"A0387","San Diego","Vista","https://www.californiahealthmaps.org?address=A0387","Male","AllSite",142385,445.2,405.5,488.2,62415,502.2,450.5,560.1,"","","","",62950,363.9,281.0,467.9,"","","","",3,56183,0.0,23.8,24.0,45.4,2.9,5.1,44.3
"A0387","San Diego","Vista","https://www.californiahealthmaps.org?address=A0387","Female","AllSite",138530,398.5,364.8,434.8,62070,411.7,367.5,462.1,"","","","",59725,366.8,299.2,447.4,"","","","",3,56183,0.0,23.8,24.0,45.4,2.9,5.1,44.3
"A0387","San Diego","Vista","https://www.californiahealthmaps.org?address=A0387","Male","Prostate",142385,107.4,88.0,130.2,62415,117.3,92.8,148.5,"","","","",62950,87.2,52.0,144.2,"","","","",3,56183,0.0,23.8,24.0,45.4,2.9,5.1,44.3
"A0387","San Diego","Vista","https://www.californiahealthmaps.org?address=A0387","Female","Breast",138530,114.0,96.3,134.3,62070,126.6,102.5,157.2,"","","","",59725,86.7,56.3,130.6,"","","","",3,56183,0.0,23.8,24.0,45.4,2.9,5.1,44.3
"A0387","San Diego","Vista","https://www.californiahealthmaps.org?address=A0387","Male","Lung",142385,59.0,44.5,77.0,62415,65.0,46.9,90.2,"","","","",62950,"","","","","","","",3,56183,0.0,23.8,24.0,45.4,2.9,5.1,44.3
"A0387","San Diego","Vista","https://www.californiahealthmaps.org?address=A0387","Female","Lung",138530,40.7,30.3,53.8,62070,41.6,29.1,60.8,"","","","",59725,"","","","","","","",3,56183,0.0,23.8,24.0,45.4,2.9,5.1,44.3
"A0387","San Diego","Vista","https://www.californiahealthmaps.org?address=A0387","Male","CRC",142385,48.9,36.6,64.6,62415,59.0,42.9,81.8,"","","","",62950,"","","","","","","",3,56183,0.0,23.8,24.0,45.4,2.9,5.1,44.3
"A0387","San Diego","Vista","https://www.californiahealthmaps.org?address=A0387","Female","CRC",138530,33.2,24.3,44.7,62070,34.3,23.2,52.4,"","","","",59725,"","","","","","","",3,56183,0.0,23.8,24.0,45.4,2.9,5.1,44.3
"A0387","San Diego","Vista","https://www.californiahealthmaps.org?address=A0387","Male","Mela",142385,34.9,24.4,48.8,62415,49.7,34.6,71.8,"","","","",62950,"","","","","","","",3,56183,0.0,23.8,24.0,45.4,2.9,5.1,44.3
"A0387","San Diego","Vista","https://www.californiahealthmaps.org?address=A0387","Female","Mela",138530,20.4,13.2,30.4,62070,28.0,16.8,46.7,"","","","",59725,"","","","","","","",3,56183,0.0,23.8,24.0,45.4,2.9,5.1,44.3
"A0387","San Diego","Vista","https://www.californiahealthmaps.org?address=A0387","Female","Uterine",138530,29.4,20.7,40.8,62070,24.5,15.1,41.2,"","","","",59725,"","","","","","","",3,56183,0.0,23.8,24.0,45.4,2.9,5.1,44.3
"A0387","San Diego","Vista","https://www.californiahealthmaps.org?address=A0387","Male","Lymph",142385,24.7,16.0,36.9,62415,29.3,18.1,47.9,"","","","",62950,"","","","","","","",3,56183,0.0,23.8,24.0,45.4,2.9,5.1,44.3
"A0387","San Diego","Vista","https://www.californiahealthmaps.org?address=A0387","Female","Lymph",138530,13.2,7.6,21.7,62070,"","","","","","","",59725,"","","","","","","",3,56183,0.0,23.8,24.0,45.4,2.9,5.1,44.3
"A0387","San Diego","Vista","https://www.californiahealthmaps.org?address=A0387","Male","Urinary",142385,15.5,8.7,26.0,62415,"","","","","","","",62950,"","","","","","","",3,56183,0.0,23.8,24.0,45.4,2.9,5.1,44.3
"A0387","San Diego","Vista","https://www.californiahealthmaps.org?address=A0387","Female","Urinary",138530,2.4,0.5,7.7,62070,"","","","","","","",59725,"","","","","","","",3,56183,0.0,23.8,24.0,45.4,2.9,5.1,44.3
"A0387","San Diego","Vista","https://www.californiahealthmaps.org?address=A0387","Male","Kidney",142385,14.9,8.7,24.6,62415,"","","","","","","",62950,"","","","","","","",3,56183,0.0,23.8,24.0,45.4,2.9,5.1,44.3
"A0387","San Diego","Vista","https://www.californiahealthmaps.org?address=A0387","Female","Kidney",138530,6.1,2.6,12.5,62070,"","","","","","","",59725,"","","","","","","",3,56183,0.0,23.8,24.0,45.4,2.9,5.1,44.3
"A0387","San Diego","Vista","https://www.californiahealthmaps.org?address=A0387","Male","Thyroid",142385,7.3,3.4,14.7,62415,"","","","","","","",62950,"","","","","","","",3,56183,0.0,23.8,24.0,45.4,2.9,5.1,44.3
"A0387","San Diego","Vista","https://www.californiahealthmaps.org?address=A0387","Female","Thyroid",138530,22.8,15.3,32.9,62070,18.0,9.7,34.2,"","","","",59725,"","","","","","","",3,56183,0.0,23.8,24.0,45.4,2.9,5.1,44.3
"A0387","San Diego","Vista","https://www.californiahealthmaps.org?address=A0387","Both","AllSite",280915,417.1,391.5,444.2,124485,451.0,417.4,487.6,"","","","",122675,357.7,305.5,417.8,15845,345.4,258.6,457.7,3,56183,0.0,23.8,24.0,45.4,2.9,5.1,44.3
"A0387","San Diego","Vista","https://www.californiahealthmaps.org?address=A0387","Both","Lung",280915,48.9,40.1,59.2,124485,52.4,41.5,66.5,"","","","",122675,"","","",15845,"","","",3,56183,0.0,23.8,24.0,45.4,2.9,5.1,44.3
"A0387","San Diego","Vista","https://www.californiahealthmaps.org?address=A0387","Both","CRC",280915,40.3,32.8,49.3,124485,45.5,35.8,58.3,"","","","",122675,"","","",15845,"","","",3,56183,0.0,23.8,24.0,45.4,2.9,5.1,44.3
"A0387","San Diego","Vista","https://www.californiahealthmaps.org?address=A0387","Both","Mela",280915,26.3,20.1,33.9,124485,37.2,28.0,49.8,"","","","",122675,"","","",15845,"","","",3,56183,0.0,23.8,24.0,45.4,2.9,5.1,44.3
"A0387","San Diego","Vista","https://www.californiahealthmaps.org?address=A0387","Both","Lymph",280915,18.4,13.3,25.1,124485,21.8,14.9,32.1,"","","","",122675,"","","",15845,"","","",3,56183,0.0,23.8,24.0,45.4,2.9,5.1,44.3
"A0387","San Diego","Vista","https://www.californiahealthmaps.org?address=A0387","Both","Urinary",280915,8.0,4.8,12.8,124485,9.4,5.2,17.4,"","","","",122675,"","","",15845,"","","",3,56183,0.0,23.8,24.0,45.4,2.9,5.1,44.3
"A0387","San Diego","Vista","https://www.californiahealthmaps.org?address=A0387","Both","Kidney",280915,10.0,6.5,15.1,124485,"","","","","","","",122675,"","","",15845,"","","",3,56183,0.0,23.8,24.0,45.4,2.9,5.1,44.3
"A0387","San Diego","Vista","https://www.californiahealthmaps.org?address=A0387","Both","Thyroid",280915,15.3,10.9,21.2,124485,15.5,9.6,25.1,"","","","",122675,17.4,9.3,33.7,15845,"","","",3,56183,0.0,23.8,24.0,45.4,2.9,5.1,44.3
