"Zone","Counties","Cities","URL","Sex","Cancer","PopTot","AAIR","LCI","UCI","White_PopTot","White_AAIR","White_LCI","White_UCI","Black_PopTot","Black_AAIR","Black_LCI","Black_UCI","Hispanic_PopTot","Hispanic_AAIR","Hispanic_LCI","Hispanic_UCI","Asian_PopTot","Asian_AAIR","Asian_LCI","Asian_UCI","QNSES","PopAll","PerRural","PerUninsured","PerForeignBorn","PerWhite","PerBlack","PerAsian","PerHispanic"
"A0515","Santa Barbara","Lompoc, Santa Maria","https://www.californiahealthmaps.org?address=A0515","Male","AllSite",187270,489.9,455.1,526.8,69330,507.4,461.5,557.7,"","","","",94655,432.1,365.8,510.2,"","","","",3,71921,4.5,17.7,22.2,39.8,3.0,4.1,49.7
"A0515","Santa Barbara","Lompoc, Santa Maria","https://www.californiahealthmaps.org?address=A0515","Female","AllSite",172335,432.5,401.8,465.1,68255,455.3,411.9,503.3,"","","","",84485,401.8,344.2,467.4,"","","","",3,71921,4.5,17.7,22.2,39.8,3.0,4.1,49.7
"A0515","Santa Barbara","Lompoc, Santa Maria","https://www.californiahealthmaps.org?address=A0515","Male","Prostate",187270,108.3,92.3,126.4,69330,89.3,71.1,112.3,"","","","",94655,112.7,81.9,155.7,"","","","",3,71921,4.5,17.7,22.2,39.8,3.0,4.1,49.7
"A0515","Santa Barbara","Lompoc, Santa Maria","https://www.californiahealthmaps.org?address=A0515","Female","Breast",172335,134.7,117.6,153.8,68255,152.6,127.1,183.0,"","","","",84485,104.3,77.2,139.3,"","","","",3,71921,4.5,17.7,22.2,39.8,3.0,4.1,49.7
"A0515","Santa Barbara","Lompoc, Santa Maria","https://www.californiahealthmaps.org?address=A0515","Male","Lung",187270,50.4,39.4,63.6,69330,59.5,44.8,78.9,"","","","",94655,44.8,23.8,80.5,"","","","",3,71921,4.5,17.7,22.2,39.8,3.0,4.1,49.7
"A0515","Santa Barbara","Lompoc, Santa Maria","https://www.californiahealthmaps.org?address=A0515","Female","Lung",172335,40.3,31.5,51.1,68255,48.6,36.6,65.4,"","","","",84485,"","","","","","","",3,71921,4.5,17.7,22.2,39.8,3.0,4.1,49.7
"A0515","Santa Barbara","Lompoc, Santa Maria","https://www.californiahealthmaps.org?address=A0515","Male","CRC",187270,50.6,40.1,63.3,69330,49.0,35.9,67.0,"","","","",94655,44.3,24.9,77.4,"","","","",3,71921,4.5,17.7,22.2,39.8,3.0,4.1,49.7
"A0515","Santa Barbara","Lompoc, Santa Maria","https://www.californiahealthmaps.org?address=A0515","Female","CRC",172335,42.1,33.0,53.2,68255,34.0,23.3,49.9,"","","","",84485,53.5,32.7,83.6,"","","","",3,71921,4.5,17.7,22.2,39.8,3.0,4.1,49.7
"A0515","Santa Barbara","Lompoc, Santa Maria","https://www.californiahealthmaps.org?address=A0515","Male","Mela",187270,31.4,22.9,42.3,69330,45.3,32.0,63.7,"","","","",94655,"","","","","","","",3,71921,4.5,17.7,22.2,39.8,3.0,4.1,49.7
"A0515","Santa Barbara","Lompoc, Santa Maria","https://www.californiahealthmaps.org?address=A0515","Female","Mela",172335,19.5,13.5,27.7,68255,24.0,14.6,39.0,"","","","",84485,"","","","","","","",3,71921,4.5,17.7,22.2,39.8,3.0,4.1,49.7
"A0515","Santa Barbara","Lompoc, Santa Maria","https://www.californiahealthmaps.org?address=A0515","Female","Uterine",172335,27.3,20.0,36.6,68255,30.1,20.1,45.3,"","","","",84485,28.0,15.4,48.9,"","","","",3,71921,4.5,17.7,22.2,39.8,3.0,4.1,49.7
"A0515","Santa Barbara","Lompoc, Santa Maria","https://www.californiahealthmaps.org?address=A0515","Male","Lymph",187270,27.4,19.6,37.4,69330,27.3,17.3,42.6,"","","","",94655,"","","","","","","",3,71921,4.5,17.7,22.2,39.8,3.0,4.1,49.7
"A0515","Santa Barbara","Lompoc, Santa Maria","https://www.californiahealthmaps.org?address=A0515","Female","Lymph",172335,13.3,8.5,20.2,68255,14.0,7.6,26.2,"","","","",84485,"","","","","","","",3,71921,4.5,17.7,22.2,39.8,3.0,4.1,49.7
"A0515","Santa Barbara","Lompoc, Santa Maria","https://www.californiahealthmaps.org?address=A0515","Male","Urinary",187270,15.6,9.8,23.7,69330,17.6,9.9,30.7,"","","","",94655,"","","","","","","",3,71921,4.5,17.7,22.2,39.8,3.0,4.1,49.7
"A0515","Santa Barbara","Lompoc, Santa Maria","https://www.californiahealthmaps.org?address=A0515","Female","Urinary",172335,5.5,2.6,10.6,68255,"","","","","","","",84485,"","","","","","","",3,71921,4.5,17.7,22.2,39.8,3.0,4.1,49.7
"A0515","Santa Barbara","Lompoc, Santa Maria","https://www.californiahealthmaps.org?address=A0515","Male","Kidney",187270,27.5,19.7,37.5,69330,27.2,17.4,42.2,"","","","",94655,"","","","","","","",3,71921,4.5,17.7,22.2,39.8,3.0,4.1,49.7
"A0515","Santa Barbara","Lompoc, Santa Maria","https://www.californiahealthmaps.org?address=A0515","Female","Kidney",172335,15.1,9.8,22.5,68255,16.3,8.5,29.9,"","","","",84485,"","","","","","","",3,71921,4.5,17.7,22.2,39.8,3.0,4.1,49.7
"A0515","Santa Barbara","Lompoc, Santa Maria","https://www.californiahealthmaps.org?address=A0515","Male","Thyroid",187270,6.1,3.0,11.4,69330,"","","","","","","",94655,"","","","","","","",3,71921,4.5,17.7,22.2,39.8,3.0,4.1,49.7
"A0515","Santa Barbara","Lompoc, Santa Maria","https://www.californiahealthmaps.org?address=A0515","Female","Thyroid",172335,23.0,16.2,31.8,68255,"","","","","","","",84485,22.9,12.4,41.4,"","","","",3,71921,4.5,17.7,22.2,39.8,3.0,4.1,49.7
"A0515","Santa Barbara","Lompoc, Santa Maria","https://www.californiahealthmaps.org?address=A0515","Both","AllSite",359605,452.8,430.1,476.4,137585,471.8,440.8,505.0,12670,543.2,410.9,712.5,179140,413.6,369.9,461.8,18420,394.1,309.6,497.8,3,71921,4.5,17.7,22.2,39.8,3.0,4.1,49.7
"A0515","Santa Barbara","Lompoc, Santa Maria","https://www.californiahealthmaps.org?address=A0515","Both","Lung",359605,44.6,37.6,52.5,137585,53.4,43.9,65.2,12670,"","","",179140,33.9,21.4,51.6,18420,"","","",3,71921,4.5,17.7,22.2,39.8,3.0,4.1,49.7
"A0515","Santa Barbara","Lompoc, Santa Maria","https://www.californiahealthmaps.org?address=A0515","Both","CRC",359605,46.8,39.7,54.8,137585,41.4,32.8,52.3,12670,"","","",179140,49.5,34.8,69.4,18420,76.1,42.8,129.9,3,71921,4.5,17.7,22.2,39.8,3.0,4.1,49.7
"A0515","Santa Barbara","Lompoc, Santa Maria","https://www.californiahealthmaps.org?address=A0515","Both","Mela",359605,23.9,18.9,29.8,137585,32.7,24.6,43.2,12670,"","","",179140,"","","",18420,"","","",3,71921,4.5,17.7,22.2,39.8,3.0,4.1,49.7
"A0515","Santa Barbara","Lompoc, Santa Maria","https://www.californiahealthmaps.org?address=A0515","Both","Lymph",359605,19.8,15.3,25.3,137585,20.2,14.2,28.7,12670,"","","",179140,19.6,10.6,34.1,18420,"","","",3,71921,4.5,17.7,22.2,39.8,3.0,4.1,49.7
"A0515","Santa Barbara","Lompoc, Santa Maria","https://www.californiahealthmaps.org?address=A0515","Both","Urinary",359605,10.1,6.9,14.2,137585,11.2,7.0,17.9,12670,"","","",179140,"","","",18420,"","","",3,71921,4.5,17.7,22.2,39.8,3.0,4.1,49.7
"A0515","Santa Barbara","Lompoc, Santa Maria","https://www.californiahealthmaps.org?address=A0515","Both","Kidney",359605,20.7,16.0,26.3,137585,20.5,14.4,29.1,12670,"","","",179140,26.4,16.3,41.7,18420,"","","",3,71921,4.5,17.7,22.2,39.8,3.0,4.1,49.7
"A0515","Santa Barbara","Lompoc, Santa Maria","https://www.californiahealthmaps.org?address=A0515","Both","Thyroid",359605,14.2,10.5,18.9,137585,10.8,6.4,17.9,12670,"","","",179140,13.1,7.2,23.8,18420,"","","",3,71921,4.5,17.7,22.2,39.8,3.0,4.1,49.7
