"Zone","Counties","Cities","URL","Sex","Cancer","PopTot","AAIR","LCI","UCI","White_PopTot","White_AAIR","White_LCI","White_UCI","Black_PopTot","Black_AAIR","Black_LCI","Black_UCI","Hispanic_PopTot","Hispanic_AAIR","Hispanic_LCI","Hispanic_UCI","Asian_PopTot","Asian_AAIR","Asian_LCI","Asian_UCI","QNSES","PopAll","PerRural","PerUninsured","PerForeignBorn","PerWhite","PerBlack","PerAsian","PerHispanic"
"A0842","San Luis Obispo","Atascadero, Paso Robles","https://www.californiahealthmaps.org?address=A0842","Male","AllSite",181180,520.8,487.9,555.6,123065,504.5,468.9,542.7,"","","","",45885,380.5,293.6,490.7,"","","","",3,72600,30.8,15.7,11.3,68.8,2.4,1.8,24.5
"A0842","San Luis Obispo","Atascadero, Paso Robles","https://www.californiahealthmaps.org?address=A0842","Female","AllSite",181820,463.5,434.2,494.4,127855,457.9,425.6,492.7,"","","","",42690,452.3,356.8,572.4,"","","","",3,72600,30.8,15.7,11.3,68.8,2.4,1.8,24.5
"A0842","San Luis Obispo","Atascadero, Paso Robles","https://www.californiahealthmaps.org?address=A0842","Male","Prostate",181180,124.1,108.7,141.3,123065,102.9,87.9,120.4,"","","","",45885,97.6,55.7,165.4,"","","","",3,72600,30.8,15.7,11.3,68.8,2.4,1.8,24.5
"A0842","San Luis Obispo","Atascadero, Paso Robles","https://www.californiahealthmaps.org?address=A0842","Female","Breast",181820,155.8,139.1,174.2,127855,154.2,135.7,175.2,"","","","",42690,156.9,105.7,233.5,"","","","",3,72600,30.8,15.7,11.3,68.8,2.4,1.8,24.5
"A0842","San Luis Obispo","Atascadero, Paso Robles","https://www.californiahealthmaps.org?address=A0842","Male","Lung",181180,62.4,51.1,75.7,123065,66.0,53.6,81.1,"","","","",45885,"","","","","","","",3,72600,30.8,15.7,11.3,68.8,2.4,1.8,24.5
"A0842","San Luis Obispo","Atascadero, Paso Robles","https://www.californiahealthmaps.org?address=A0842","Female","Lung",181820,43.6,35.1,54.0,127855,44.1,34.9,55.9,"","","","",42690,"","","","","","","",3,72600,30.8,15.7,11.3,68.8,2.4,1.8,24.5
"A0842","San Luis Obispo","Atascadero, Paso Robles","https://www.californiahealthmaps.org?address=A0842","Male","CRC",181180,39.6,31.0,50.3,123065,37.0,27.7,49.1,"","","","",45885,"","","","","","","",3,72600,30.8,15.7,11.3,68.8,2.4,1.8,24.5
"A0842","San Luis Obispo","Atascadero, Paso Robles","https://www.californiahealthmaps.org?address=A0842","Female","CRC",181820,38.6,30.7,48.3,127855,37.1,28.7,48.2,"","","","",42690,"","","","","","","",3,72600,30.8,15.7,11.3,68.8,2.4,1.8,24.5
"A0842","San Luis Obispo","Atascadero, Paso Robles","https://www.californiahealthmaps.org?address=A0842","Male","Mela",181180,59.6,48.8,72.4,123065,60.7,48.6,75.6,"","","","",45885,"","","","","","","",3,72600,30.8,15.7,11.3,68.8,2.4,1.8,24.5
"A0842","San Luis Obispo","Atascadero, Paso Robles","https://www.californiahealthmaps.org?address=A0842","Female","Mela",181820,35.7,27.8,45.4,127855,30.1,21.9,41.1,"","","","",42690,"","","","","","","",3,72600,30.8,15.7,11.3,68.8,2.4,1.8,24.5
"A0842","San Luis Obispo","Atascadero, Paso Robles","https://www.californiahealthmaps.org?address=A0842","Female","Uterine",181820,22.3,16.5,30.1,127855,22.2,15.9,31.2,"","","","",42690,"","","","","","","",3,72600,30.8,15.7,11.3,68.8,2.4,1.8,24.5
"A0842","San Luis Obispo","Atascadero, Paso Robles","https://www.californiahealthmaps.org?address=A0842","Male","Lymph",181180,29.5,22.1,38.8,123065,30.4,22.2,41.3,"","","","",45885,"","","","","","","",3,72600,30.8,15.7,11.3,68.8,2.4,1.8,24.5
"A0842","San Luis Obispo","Atascadero, Paso Robles","https://www.californiahealthmaps.org?address=A0842","Female","Lymph",181820,21.5,15.4,29.4,127855,18.1,12.3,26.8,"","","","",42690,"","","","","","","",3,72600,30.8,15.7,11.3,68.8,2.4,1.8,24.5
"A0842","San Luis Obispo","Atascadero, Paso Robles","https://www.californiahealthmaps.org?address=A0842","Male","Urinary",181180,19.3,13.2,27.4,123065,21.2,14.4,31.1,"","","","",45885,"","","","","","","",3,72600,30.8,15.7,11.3,68.8,2.4,1.8,24.5
"A0842","San Luis Obispo","Atascadero, Paso Robles","https://www.californiahealthmaps.org?address=A0842","Female","Urinary",181820,5.9,3.0,10.9,127855,"","","","","","","",42690,"","","","","","","",3,72600,30.8,15.7,11.3,68.8,2.4,1.8,24.5
"A0842","San Luis Obispo","Atascadero, Paso Robles","https://www.californiahealthmaps.org?address=A0842","Male","Kidney",181180,25.0,18.1,33.8,123065,24.8,17.3,35.2,"","","","",45885,"","","","","","","",3,72600,30.8,15.7,11.3,68.8,2.4,1.8,24.5
"A0842","San Luis Obispo","Atascadero, Paso Robles","https://www.californiahealthmaps.org?address=A0842","Female","Kidney",181820,7.3,4.1,12.6,127855,"","","","","","","",42690,"","","","","","","",3,72600,30.8,15.7,11.3,68.8,2.4,1.8,24.5
"A0842","San Luis Obispo","Atascadero, Paso Robles","https://www.californiahealthmaps.org?address=A0842","Male","Thyroid",181180,5.7,2.8,10.8,123065,"","","","","","","",45885,"","","","","","","",3,72600,30.8,15.7,11.3,68.8,2.4,1.8,24.5
"A0842","San Luis Obispo","Atascadero, Paso Robles","https://www.californiahealthmaps.org?address=A0842","Female","Thyroid",181820,11.7,7.3,18.2,127855,14.3,8.5,23.2,"","","","",42690,"","","","","","","",3,72600,30.8,15.7,11.3,68.8,2.4,1.8,24.5
"A0842","San Luis Obispo","Atascadero, Paso Robles","https://www.californiahealthmaps.org?address=A0842","Both","AllSite",363000,488.1,466.3,510.8,250920,477.3,453.4,502.3,"","","","",88575,415.2,349.6,492.5,"","","","",3,72600,30.8,15.7,11.3,68.8,2.4,1.8,24.5
"A0842","San Luis Obispo","Atascadero, Paso Robles","https://www.californiahealthmaps.org?address=A0842","Both","Lung",363000,51.7,44.8,59.6,250920,53.4,45.9,62.3,"","","","",88575,"","","","","","","",3,72600,30.8,15.7,11.3,68.8,2.4,1.8,24.5
"A0842","San Luis Obispo","Atascadero, Paso Robles","https://www.californiahealthmaps.org?address=A0842","Both","CRC",363000,39.4,33.4,46.3,250920,37.5,31.1,45.3,"","","","",88575,35.5,19.6,64.2,"","","","",3,72600,30.8,15.7,11.3,68.8,2.4,1.8,24.5
"A0842","San Luis Obispo","Atascadero, Paso Robles","https://www.californiahealthmaps.org?address=A0842","Both","Mela",363000,46.6,40.0,54.1,250920,44.0,36.8,52.5,"","","","",88575,"","","","","","","",3,72600,30.8,15.7,11.3,68.8,2.4,1.8,24.5
"A0842","San Luis Obispo","Atascadero, Paso Robles","https://www.californiahealthmaps.org?address=A0842","Both","Lymph",363000,25.4,20.5,31.1,250920,24.1,19.1,30.6,"","","","",88575,"","","","","","","",3,72600,30.8,15.7,11.3,68.8,2.4,1.8,24.5
"A0842","San Luis Obispo","Atascadero, Paso Robles","https://www.californiahealthmaps.org?address=A0842","Both","Urinary",363000,12.1,8.8,16.4,250920,12.8,9.2,17.9,"","","","",88575,"","","","","","","",3,72600,30.8,15.7,11.3,68.8,2.4,1.8,24.5
"A0842","San Luis Obispo","Atascadero, Paso Robles","https://www.californiahealthmaps.org?address=A0842","Both","Kidney",363000,15.5,11.8,20.2,250920,15.9,11.7,21.5,"","","","",88575,"","","","","","","",3,72600,30.8,15.7,11.3,68.8,2.4,1.8,24.5
"A0842","San Luis Obispo","Atascadero, Paso Robles","https://www.californiahealthmaps.org?address=A0842","Both","Thyroid",363000,8.8,6.0,12.6,250920,10.7,7.0,15.9,"","","","",88575,"","","","","","","",3,72600,30.8,15.7,11.3,68.8,2.4,1.8,24.5
