"Zone","Counties","Cities","URL","Sex","Cancer","PopTot","AAIR","LCI","UCI","White_PopTot","White_AAIR","White_LCI","White_UCI","Black_PopTot","Black_AAIR","Black_LCI","Black_UCI","Hispanic_PopTot","Hispanic_AAIR","Hispanic_LCI","Hispanic_UCI","Asian_PopTot","Asian_AAIR","Asian_LCI","Asian_UCI","QNSES","PopAll","PerRural","PerUninsured","PerForeignBorn","PerWhite","PerBlack","PerAsian","PerHispanic","PerAPI","PerDocvisit","PerFOBT","PerMammo","PerMenPrev","PerPap","PerWomenPrev"
"A0125","Riverside","Jurupa Valley","https://www.californiahealthmaps.org?address=A0125","Male","AllSite",165035,470.8,431.4,513.3,40995,537.1,475.4,607.5,"","","","",110505,400.8,341.9,468.9,"","","","",1,65694,0.0,27.3,28.4,23.3,4.1,3.2,67.8,3.2,"","","","","",""
"A0125","Riverside","Jurupa Valley","https://www.californiahealthmaps.org?address=A0125","Female","AllSite",163435,422.6,388.8,458.8,41605,451.2,397.1,513.8,"","","","",107345,417.7,364.1,478.2,"","","","",1,65694,0.0,27.3,28.4,23.3,4.1,3.2,67.8,3.2,"","","","","",""
"A0125","Riverside","Jurupa Valley","https://www.californiahealthmaps.org?address=A0125","Male","Prostate",165035,100.8,83.3,121.4,40995,85.6,63.4,117.1,"","","","",110505,92.8,65.8,129.7,"","","","",1,65694,0.0,27.3,28.4,23.3,4.1,3.2,67.8,3.2,"","","","","",""
"A0125","Riverside","Jurupa Valley","https://www.californiahealthmaps.org?address=A0125","Female","Breast",163435,127.1,109.1,147.5,41605,124.1,97.0,160.4,"","","","",107345,129.8,101.4,165.4,"","","","",1,65694,0.0,27.3,28.4,23.3,4.1,3.2,67.8,3.2,"","","","","",""
"A0125","Riverside","Jurupa Valley","https://www.californiahealthmaps.org?address=A0125","Male","Lung",165035,61.4,47.0,79.2,40995,91.8,67.2,126.1,"","","","",110505,"","","","","","","",1,65694,0.0,27.3,28.4,23.3,4.1,3.2,67.8,3.2,"","","","","",""
"A0125","Riverside","Jurupa Valley","https://www.californiahealthmaps.org?address=A0125","Female","Lung",163435,49.4,37.8,63.7,41605,73.1,52.9,102.8,"","","","",107345,"","","","","","","",1,65694,0.0,27.3,28.4,23.3,4.1,3.2,67.8,3.2,"","","","","",""
"A0125","Riverside","Jurupa Valley","https://www.californiahealthmaps.org?address=A0125","Male","CRC",165035,60.7,47.1,77.6,40995,72.2,50.9,103.1,"","","","",110505,56.4,36.2,86.5,"","","","",1,65694,0.0,27.3,28.4,23.3,4.1,3.2,67.8,3.2,"","","","","",""
"A0125","Riverside","Jurupa Valley","https://www.californiahealthmaps.org?address=A0125","Female","CRC",163435,36.6,27.2,48.6,41605,48.7,32.7,74.7,"","","","",107345,27.4,15.2,47.4,"","","","",1,65694,0.0,27.3,28.4,23.3,4.1,3.2,67.8,3.2,"","","","","",""
"A0125","Riverside","Jurupa Valley","https://www.californiahealthmaps.org?address=A0125","Male","Mela",165035,24.6,16.3,36.3,40995,51.9,32.4,81.9,"","","","",110505,"","","","","","","",1,65694,0.0,27.3,28.4,23.3,4.1,3.2,67.8,3.2,"","","","","",""
"A0125","Riverside","Jurupa Valley","https://www.californiahealthmaps.org?address=A0125","Female","Mela",163435,14.2,8.6,22.6,41605,26.5,14.7,49.1,"","","","",107345,"","","","","","","",1,65694,0.0,27.3,28.4,23.3,4.1,3.2,67.8,3.2,"","","","","",""
"A0125","Riverside","Jurupa Valley","https://www.californiahealthmaps.org?address=A0125","Female","Uterine",163435,30.5,22.0,41.5,41605,29.8,17.1,53.2,"","","","",107345,30.6,18.3,50.3,"","","","",1,65694,0.0,27.3,28.4,23.3,4.1,3.2,67.8,3.2,"","","","","",""
"A0125","Riverside","Jurupa Valley","https://www.californiahealthmaps.org?address=A0125","Male","Lymph",165035,23.0,14.8,34.7,40995,"","","","","","","",110505,"","","","","","","",1,65694,0.0,27.3,28.4,23.3,4.1,3.2,67.8,3.2,"","","","","",""
"A0125","Riverside","Jurupa Valley","https://www.californiahealthmaps.org?address=A0125","Female","Lymph",163435,14.1,8.5,22.4,41605,"","","","","","","",107345,"","","","","","","",1,65694,0.0,27.3,28.4,23.3,4.1,3.2,67.8,3.2,"","","","","",""
"A0125","Riverside","Jurupa Valley","https://www.californiahealthmaps.org?address=A0125","Male","Urinary",165035,"","","",40995,"","","","","","","",110505,"","","","","","","",1,65694,0.0,27.3,28.4,23.3,4.1,3.2,67.8,3.2,"","","","","",""
"A0125","Riverside","Jurupa Valley","https://www.californiahealthmaps.org?address=A0125","Female","Urinary",163435,"","","",41605,"","","","","","","",107345,"","","","","","","",1,65694,0.0,27.3,28.4,23.3,4.1,3.2,67.8,3.2,"","","","","",""
"A0125","Riverside","Jurupa Valley","https://www.californiahealthmaps.org?address=A0125","Male","Kidney",165035,18.5,11.8,28.6,40995,"","","","","","","",110505,"","","","","","","",1,65694,0.0,27.3,28.4,23.3,4.1,3.2,67.8,3.2,"","","","","",""
"A0125","Riverside","Jurupa Valley","https://www.californiahealthmaps.org?address=A0125","Female","Kidney",163435,11.1,6.3,18.6,41605,"","","","","","","",107345,"","","","","","","",1,65694,0.0,27.3,28.4,23.3,4.1,3.2,67.8,3.2,"","","","","",""
"A0125","Riverside","Jurupa Valley","https://www.californiahealthmaps.org?address=A0125","Male","Thyroid",165035,"","","",40995,"","","","","","","",110505,"","","","","","","",1,65694,0.0,27.3,28.4,23.3,4.1,3.2,67.8,3.2,"","","","","",""
"A0125","Riverside","Jurupa Valley","https://www.californiahealthmaps.org?address=A0125","Female","Thyroid",163435,12.1,7.1,19.7,41605,"","","","","","","",107345,"","","","","","","",1,65694,0.0,27.3,28.4,23.3,4.1,3.2,67.8,3.2,"","","","","",""
"A0125","Riverside","Jurupa Valley","https://www.californiahealthmaps.org?address=A0125","Male","Liver",165035,13.5,7.9,22.5,40995,"","","","","","","",110505,"","","","","","","",1,65694,0.0,27.3,28.4,23.3,4.1,3.2,67.8,3.2,"","","","","",""
"A0125","Riverside","Jurupa Valley","https://www.californiahealthmaps.org?address=A0125","Female","Liver",163435,"","","",41605,"","","","","","","",107345,"","","","","","","",1,65694,0.0,27.3,28.4,23.3,4.1,3.2,67.8,3.2,"","","","","",""
"A0125","Riverside","Jurupa Valley","https://www.californiahealthmaps.org?address=A0125","Male","Pancreas",165035,12.4,6.9,21.5,40995,"","","","","","","",110505,"","","","","","","",1,65694,0.0,27.3,28.4,23.3,4.1,3.2,67.8,3.2,"","","","","",""
"A0125","Riverside","Jurupa Valley","https://www.californiahealthmaps.org?address=A0125","Female","Pancreas",163435,12.8,7.3,21.0,41605,"","","","","","","",107345,"","","","","","","",1,65694,0.0,27.3,28.4,23.3,4.1,3.2,67.8,3.2,"","","","","",""
"A0125","Riverside","Jurupa Valley","https://www.californiahealthmaps.org?address=A0125","Both","AllSite",328470,441.3,415.8,468.2,82600,487.0,446.4,531.7,13695,419.0,333.0,533.7,217850,407.2,367.4,450.9,"","","","",1,65694,0.0,27.3,28.4,23.3,4.1,3.2,67.8,3.2,"","","","","",""
"A0125","Riverside","Jurupa Valley","https://www.californiahealthmaps.org?address=A0125","Both","Lung",328470,54.6,45.4,65.3,82600,81.0,65.1,101.4,13695,"","","",217850,21.5,12.7,34.7,"","","","",1,65694,0.0,27.3,28.4,23.3,4.1,3.2,67.8,3.2,"","","","","",""
"A0125","Riverside","Jurupa Valley","https://www.californiahealthmaps.org?address=A0125","Both","CRC",328470,47.3,39.2,56.7,82600,58.1,45.1,75.7,13695,"","","",217850,41.2,29.3,57.2,"","","","",1,65694,0.0,27.3,28.4,23.3,4.1,3.2,67.8,3.2,"","","","","",""
"A0125","Riverside","Jurupa Valley","https://www.californiahealthmaps.org?address=A0125","Both","Mela",328470,18.9,13.9,25.3,82600,38.4,26.9,54.9,13695,"","","",217850,"","","","","","","",1,65694,0.0,27.3,28.4,23.3,4.1,3.2,67.8,3.2,"","","","","",""
"A0125","Riverside","Jurupa Valley","https://www.californiahealthmaps.org?address=A0125","Both","Lymph",328470,17.7,12.9,24.0,82600,13.3,7.5,24.4,13695,"","","",217850,23.3,13.9,37.2,"","","","",1,65694,0.0,27.3,28.4,23.3,4.1,3.2,67.8,3.2,"","","","","",""
"A0125","Riverside","Jurupa Valley","https://www.californiahealthmaps.org?address=A0125","Both","Urinary",328470,8.5,5.2,13.3,82600,"","","",13695,"","","",217850,"","","","","","","",1,65694,0.0,27.3,28.4,23.3,4.1,3.2,67.8,3.2,"","","","","",""
"A0125","Riverside","Jurupa Valley","https://www.californiahealthmaps.org?address=A0125","Both","Kidney",328470,14.7,10.5,20.4,82600,15.8,9.4,27.4,13695,"","","",217850,13.1,7.9,22.4,"","","","",1,65694,0.0,27.3,28.4,23.3,4.1,3.2,67.8,3.2,"","","","","",""
"A0125","Riverside","Jurupa Valley","https://www.californiahealthmaps.org?address=A0125","Both","Thyroid",328470,8.5,5.5,13.0,82600,"","","",13695,"","","",217850,11.3,6.2,20.5,"","","","",1,65694,0.0,27.3,28.4,23.3,4.1,3.2,67.8,3.2,"","","","","",""
"A0125","Riverside","Jurupa Valley","https://www.californiahealthmaps.org?address=A0125","Both","Liver",328470,9.2,5.9,13.9,82600,"","","",13695,"","","",217850,15.8,8.9,27.1,"","","","",1,65694,0.0,27.3,28.4,23.3,4.1,3.2,67.8,3.2,"","","","","",""
"A0125","Riverside","Jurupa Valley","https://www.californiahealthmaps.org?address=A0125","Both","Pancreas",328470,12.7,8.6,18.2,82600,16.6,10.1,28.1,13695,"","","",217850,"","","","","","","",1,65694,0.0,27.3,28.4,23.3,4.1,3.2,67.8,3.2,"","","","","",""
