"Zone","Counties","Cities","URL","Sex","Cancer","PopTot","AAIR","LCI","UCI","White_PopTot","White_AAIR","White_LCI","White_UCI","Black_PopTot","Black_AAIR","Black_LCI","Black_UCI","Hispanic_PopTot","Hispanic_AAIR","Hispanic_LCI","Hispanic_UCI","Asian_PopTot","Asian_AAIR","Asian_LCI","Asian_UCI","QNSES","PopAll","PerRural","PerUninsured","PerForeignBorn","PerWhite","PerBlack","PerAsian","PerHispanic"
"A0666","Orange","Irvine","https://www.californiahealthmaps.org?address=A0666","Male","AllSite",160120,471.8,433.3,513.4,69260,519.4,467.1,576.7,"","","","",17590,544.8,361.3,808.2,62270,369.1,308.4,442.0,5,65913,0.0,10.4,36.9,42.1,2.0,39.6,11.7
"A0666","Orange","Irvine","https://www.californiahealthmaps.org?address=A0666","Female","AllSite",169445,414.0,383.0,447.1,70635,447.9,403.3,497.2,"","","","",19710,375.1,276.6,505.6,67810,411.4,354.8,476.3,5,65913,0.0,10.4,36.9,42.1,2.0,39.6,11.7
"A0666","Orange","Irvine","https://www.californiahealthmaps.org?address=A0666","Male","Prostate",160120,110.7,93.1,131.3,69260,122.8,99.0,151.5,"","","","",17590,"","","",62270,61.6,39.9,96.5,5,65913,0.0,10.4,36.9,42.1,2.0,39.6,11.7
"A0666","Orange","Irvine","https://www.californiahealthmaps.org?address=A0666","Female","Breast",169445,140.2,122.9,159.5,70635,148.5,123.9,177.9,"","","","",19710,139.3,81.9,231.1,67810,130.0,101.7,166.4,5,65913,0.0,10.4,36.9,42.1,2.0,39.6,11.7
"A0666","Orange","Irvine","https://www.californiahealthmaps.org?address=A0666","Male","Lung",160120,46.7,34.8,61.9,69260,46.3,31.4,66.6,"","","","",17590,"","","",62270,58.8,34.0,98.2,5,65913,0.0,10.4,36.9,42.1,2.0,39.6,11.7
"A0666","Orange","Irvine","https://www.californiahealthmaps.org?address=A0666","Female","Lung",169445,32.9,24.2,43.9,70635,29.6,19.4,45.3,"","","","",19710,"","","",67810,49.5,29.6,79.4,5,65913,0.0,10.4,36.9,42.1,2.0,39.6,11.7
"A0666","Orange","Irvine","https://www.californiahealthmaps.org?address=A0666","Male","CRC",160120,46.5,34.5,61.8,69260,38.6,25.0,57.8,"","","","",17590,"","","",62270,60.6,37.1,97.9,5,65913,0.0,10.4,36.9,42.1,2.0,39.6,11.7
"A0666","Orange","Irvine","https://www.californiahealthmaps.org?address=A0666","Female","CRC",169445,34.4,25.7,45.4,70635,35.4,23.8,52.3,"","","","",19710,"","","",67810,39.7,22.7,66.5,5,65913,0.0,10.4,36.9,42.1,2.0,39.6,11.7
"A0666","Orange","Irvine","https://www.californiahealthmaps.org?address=A0666","Male","Mela",160120,33.2,23.6,46.1,69260,52.0,36.3,72.9,"","","","",17590,"","","",62270,"","","",5,65913,0.0,10.4,36.9,42.1,2.0,39.6,11.7
"A0666","Orange","Irvine","https://www.californiahealthmaps.org?address=A0666","Female","Mela",169445,25.5,18.3,34.9,70635,49.6,35.0,69.6,"","","","",19710,"","","",67810,"","","",5,65913,0.0,10.4,36.9,42.1,2.0,39.6,11.7
"A0666","Orange","Irvine","https://www.californiahealthmaps.org?address=A0666","Female","Uterine",169445,30.9,23.1,41.0,70635,31.5,21.0,47.2,"","","","",19710,"","","",67810,27.0,14.2,49.6,5,65913,0.0,10.4,36.9,42.1,2.0,39.6,11.7
"A0666","Orange","Irvine","https://www.californiahealthmaps.org?address=A0666","Male","Lymph",160120,28.3,19.9,39.8,69260,32.6,20.7,49.6,"","","","",17590,"","","",62270,"","","",5,65913,0.0,10.4,36.9,42.1,2.0,39.6,11.7
"A0666","Orange","Irvine","https://www.californiahealthmaps.org?address=A0666","Female","Lymph",169445,14.4,9.0,22.1,70635,"","","","","","","",19710,"","","",67810,"","","",5,65913,0.0,10.4,36.9,42.1,2.0,39.6,11.7
"A0666","Orange","Irvine","https://www.californiahealthmaps.org?address=A0666","Male","Urinary",160120,15.0,8.3,25.4,69260,"","","","","","","",17590,"","","",62270,"","","",5,65913,0.0,10.4,36.9,42.1,2.0,39.6,11.7
"A0666","Orange","Irvine","https://www.californiahealthmaps.org?address=A0666","Female","Urinary",169445,4.4,1.6,9.9,70635,"","","","","","","",19710,"","","",67810,"","","",5,65913,0.0,10.4,36.9,42.1,2.0,39.6,11.7
"A0666","Orange","Irvine","https://www.californiahealthmaps.org?address=A0666","Male","Kidney",160120,20.5,13.1,31.3,69260,20.9,11.5,35.8,"","","","",17590,"","","",62270,"","","",5,65913,0.0,10.4,36.9,42.1,2.0,39.6,11.7
"A0666","Orange","Irvine","https://www.californiahealthmaps.org?address=A0666","Female","Kidney",169445,6.8,3.4,12.4,70635,"","","","","","","",19710,"","","",67810,"","","",5,65913,0.0,10.4,36.9,42.1,2.0,39.6,11.7
"A0666","Orange","Irvine","https://www.californiahealthmaps.org?address=A0666","Male","Thyroid",160120,11.7,7.1,19.3,69260,"","","","","","","",17590,"","","",62270,"","","",5,65913,0.0,10.4,36.9,42.1,2.0,39.6,11.7
"A0666","Orange","Irvine","https://www.californiahealthmaps.org?address=A0666","Female","Thyroid",169445,23.4,16.9,32.1,70635,30.9,19.7,47.8,"","","","",19710,"","","",67810,"","","",5,65913,0.0,10.4,36.9,42.1,2.0,39.6,11.7
"A0666","Orange","Irvine","https://www.californiahealthmaps.org?address=A0666","Both","AllSite",329565,434.0,410.1,459.2,139895,471.3,437.9,507.1,"","","","",37300,417.9,330.6,526.9,130080,393.4,351.4,439.9,5,65913,0.0,10.4,36.9,42.1,2.0,39.6,11.7
"A0666","Orange","Irvine","https://www.californiahealthmaps.org?address=A0666","Both","Lung",329565,38.8,31.6,47.3,139895,37.0,28.0,48.5,"","","","",37300,"","","",130080,51.7,36.4,72.3,5,65913,0.0,10.4,36.9,42.1,2.0,39.6,11.7
"A0666","Orange","Irvine","https://www.californiahealthmaps.org?address=A0666","Both","CRC",329565,38.8,31.7,47.2,139895,35.7,26.9,46.9,"","","","",37300,"","","",130080,49.6,34.8,69.5,5,65913,0.0,10.4,36.9,42.1,2.0,39.6,11.7
"A0666","Orange","Irvine","https://www.californiahealthmaps.org?address=A0666","Both","Mela",329565,28.3,22.5,35.3,139895,48.9,38.4,61.9,"","","","",37300,"","","",130080,"","","",5,65913,0.0,10.4,36.9,42.1,2.0,39.6,11.7
"A0666","Orange","Irvine","https://www.californiahealthmaps.org?address=A0666","Both","Lymph",329565,20.9,15.9,27.1,139895,21.6,15.0,30.9,"","","","",37300,"","","",130080,22.1,13.0,36.4,5,65913,0.0,10.4,36.9,42.1,2.0,39.6,11.7
"A0666","Orange","Irvine","https://www.californiahealthmaps.org?address=A0666","Both","Urinary",329565,8.7,5.4,13.4,139895,11.1,6.4,18.5,"","","","",37300,"","","",130080,"","","",5,65913,0.0,10.4,36.9,42.1,2.0,39.6,11.7
"A0666","Orange","Irvine","https://www.californiahealthmaps.org?address=A0666","Both","Kidney",329565,12.5,8.8,17.6,139895,11.8,7.0,19.3,"","","","",37300,"","","",130080,"","","",5,65913,0.0,10.4,36.9,42.1,2.0,39.6,11.7
"A0666","Orange","Irvine","https://www.californiahealthmaps.org?address=A0666","Both","Thyroid",329565,17.8,13.7,23.1,139895,23.0,15.9,32.8,"","","","",37300,"","","",130080,15.0,9.1,25.6,5,65913,0.0,10.4,36.9,42.1,2.0,39.6,11.7
