"Zone","Counties","Cities","URL","Sex","Cancer","PopTot","AAIR","LCI","UCI","White_PopTot","White_AAIR","White_LCI","White_UCI","Black_PopTot","Black_AAIR","Black_LCI","Black_UCI","Hispanic_PopTot","Hispanic_AAIR","Hispanic_LCI","Hispanic_UCI","Asian_PopTot","Asian_AAIR","Asian_LCI","Asian_UCI","QNSES","PopAll","PerRural","PerUninsured","PerForeignBorn","PerWhite","PerBlack","PerAsian","PerHispanic","PerAPI","PerDocvisit","PerFOBT","PerMammo","PerMenPrev","PerPap","PerWomenPrev"
"A0242","San Diego","Lemon Grove","https://www.californiahealthmaps.org?address=A0242","Male","AllSite",156800,481.8,443.5,522.8,41960,479.0,422.4,545.1,22590,691.0,560.1,854.3,72605,486.9,410.1,575.9,12805,317.0,222.7,444.8,2,64103,0.0,21.7,23.6,26.2,14.2,9.6,46.9,9.6,"","","","","",""
"A0242","San Diego","Lemon Grove","https://www.californiahealthmaps.org?address=A0242","Female","AllSite",163715,464.5,431.8,499.1,41175,527.7,469.1,596.1,23635,536.3,442.7,647.5,76125,406.9,351.5,469.9,15860,447.1,356.9,560.3,2,64103,0.0,21.7,23.6,26.2,14.2,9.6,46.9,9.6,"","","","","",""
"A0242","San Diego","Lemon Grove","https://www.californiahealthmaps.org?address=A0242","Male","Prostate",156800,107.5,89.9,127.9,41960,87.1,64.6,120.1,22590,189.5,128.2,285.4,72605,118.8,81.3,169.8,12805,"","","",2,64103,0.0,21.7,23.6,26.2,14.2,9.6,46.9,9.6,"","","","","",""
"A0242","San Diego","Lemon Grove","https://www.californiahealthmaps.org?address=A0242","Female","Breast",163715,133.2,116.0,152.5,41175,138.5,108.8,178.9,23635,199.9,145.1,272.7,76125,128.5,98.0,166.7,15860,95.4,56.8,159.6,2,64103,0.0,21.7,23.6,26.2,14.2,9.6,46.9,9.6,"","","","","",""
"A0242","San Diego","Lemon Grove","https://www.californiahealthmaps.org?address=A0242","Male","Lung",156800,65.1,50.9,82.4,41960,76.0,54.3,108.6,22590,"","","",72605,"","","",12805,"","","",2,64103,0.0,21.7,23.6,26.2,14.2,9.6,46.9,9.6,"","","","","",""
"A0242","San Diego","Lemon Grove","https://www.californiahealthmaps.org?address=A0242","Female","Lung",163715,55.8,44.9,68.8,41175,68.4,49.6,98.3,23635,84.9,51.1,137.8,76125,"","","",15860,"","","",2,64103,0.0,21.7,23.6,26.2,14.2,9.6,46.9,9.6,"","","","","",""
"A0242","San Diego","Lemon Grove","https://www.californiahealthmaps.org?address=A0242","Male","CRC",156800,49.5,38.0,63.9,41960,46.7,30.0,74.9,22590,115.6,62.3,208.4,72605,41.2,21.8,74.2,12805,"","","",2,64103,0.0,21.7,23.6,26.2,14.2,9.6,46.9,9.6,"","","","","",""
"A0242","San Diego","Lemon Grove","https://www.californiahealthmaps.org?address=A0242","Female","CRC",163715,33.3,25.2,43.4,41175,31.0,19.6,54.6,23635,"","","",76125,28.4,15.6,49.5,15860,"","","",2,64103,0.0,21.7,23.6,26.2,14.2,9.6,46.9,9.6,"","","","","",""
"A0242","San Diego","Lemon Grove","https://www.californiahealthmaps.org?address=A0242","Male","Mela",156800,18.2,11.6,27.7,41960,34.7,20.9,60.4,22590,"","","",72605,"","","",12805,"","","",2,64103,0.0,21.7,23.6,26.2,14.2,9.6,46.9,9.6,"","","","","",""
"A0242","San Diego","Lemon Grove","https://www.californiahealthmaps.org?address=A0242","Female","Mela",163715,"","","",41175,"","","",23635,"","","",76125,"","","",15860,"","","",2,64103,0.0,21.7,23.6,26.2,14.2,9.6,46.9,9.6,"","","","","",""
"A0242","San Diego","Lemon Grove","https://www.californiahealthmaps.org?address=A0242","Female","Uterine",163715,29.2,21.4,39.0,41175,40.0,24.8,67.5,23635,"","","",76125,"","","",15860,"","","",2,64103,0.0,21.7,23.6,26.2,14.2,9.6,46.9,9.6,"","","","","",""
"A0242","San Diego","Lemon Grove","https://www.californiahealthmaps.org?address=A0242","Male","Lymph",156800,20.9,13.6,31.2,41960,"","","",22590,"","","",72605,"","","",12805,"","","",2,64103,0.0,21.7,23.6,26.2,14.2,9.6,46.9,9.6,"","","","","",""
"A0242","San Diego","Lemon Grove","https://www.californiahealthmaps.org?address=A0242","Female","Lymph",163715,19.1,12.9,27.4,41175,"","","",23635,"","","",76125,"","","",15860,"","","",2,64103,0.0,21.7,23.6,26.2,14.2,9.6,46.9,9.6,"","","","","",""
"A0242","San Diego","Lemon Grove","https://www.californiahealthmaps.org?address=A0242","Male","Urinary",156800,16.6,9.9,26.5,41960,"","","",22590,"","","",72605,"","","",12805,"","","",2,64103,0.0,21.7,23.6,26.2,14.2,9.6,46.9,9.6,"","","","","",""
"A0242","San Diego","Lemon Grove","https://www.californiahealthmaps.org?address=A0242","Female","Urinary",163715,"","","",41175,"","","",23635,"","","",76125,"","","",15860,"","","",2,64103,0.0,21.7,23.6,26.2,14.2,9.6,46.9,9.6,"","","","","",""
"A0242","San Diego","Lemon Grove","https://www.californiahealthmaps.org?address=A0242","Male","Kidney",156800,27.2,18.7,38.7,41960,"","","",22590,"","","",72605,46.5,25.9,80.3,12805,"","","",2,64103,0.0,21.7,23.6,26.2,14.2,9.6,46.9,9.6,"","","","","",""
"A0242","San Diego","Lemon Grove","https://www.californiahealthmaps.org?address=A0242","Female","Kidney",163715,16.3,10.7,24.0,41175,"","","",23635,"","","",76125,"","","",15860,"","","",2,64103,0.0,21.7,23.6,26.2,14.2,9.6,46.9,9.6,"","","","","",""
"A0242","San Diego","Lemon Grove","https://www.californiahealthmaps.org?address=A0242","Male","Thyroid",156800,"","","",41960,"","","",22590,"","","",72605,"","","",12805,"","","",2,64103,0.0,21.7,23.6,26.2,14.2,9.6,46.9,9.6,"","","","","",""
"A0242","San Diego","Lemon Grove","https://www.californiahealthmaps.org?address=A0242","Female","Thyroid",163715,24.5,17.3,33.7,41175,"","","",23635,"","","",76125,26.8,15.5,45.7,15860,"","","",2,64103,0.0,21.7,23.6,26.2,14.2,9.6,46.9,9.6,"","","","","",""
"A0242","San Diego","Lemon Grove","https://www.californiahealthmaps.org?address=A0242","Male","Liver",156800,22.6,15.3,32.6,41960,"","","",22590,"","","",72605,"","","",12805,"","","",2,64103,0.0,21.7,23.6,26.2,14.2,9.6,46.9,9.6,"","","","","",""
"A0242","San Diego","Lemon Grove","https://www.californiahealthmaps.org?address=A0242","Female","Liver",163715,9.2,5.1,15.5,41175,"","","",23635,"","","",76125,"","","",15860,"","","",2,64103,0.0,21.7,23.6,26.2,14.2,9.6,46.9,9.6,"","","","","",""
"A0242","San Diego","Lemon Grove","https://www.californiahealthmaps.org?address=A0242","Male","Pancreas",156800,12.5,7.0,21.1,41960,"","","",22590,"","","",72605,"","","",12805,"","","",2,64103,0.0,21.7,23.6,26.2,14.2,9.6,46.9,9.6,"","","","","",""
"A0242","San Diego","Lemon Grove","https://www.californiahealthmaps.org?address=A0242","Female","Pancreas",163715,13.4,8.3,20.6,41175,"","","",23635,"","","",76125,"","","",15860,"","","",2,64103,0.0,21.7,23.6,26.2,14.2,9.6,46.9,9.6,"","","","","",""
"A0242","San Diego","Lemon Grove","https://www.californiahealthmaps.org?address=A0242","Both","AllSite",320515,467.4,442.8,493.1,83135,499.2,458.8,544.1,46225,593.9,517.8,680.8,148730,434.3,389.1,484.0,28665,389.8,324.0,467.2,2,64103,0.0,21.7,23.6,26.2,14.2,9.6,46.9,9.6,"","","","","",""
"A0242","San Diego","Lemon Grove","https://www.californiahealthmaps.org?address=A0242","Both","Lung",320515,59.7,50.9,69.7,83135,71.8,57.4,91.3,46225,81.6,55.6,119.4,148730,34.5,22.2,52.0,28665,53.4,30.8,89.0,2,64103,0.0,21.7,23.6,26.2,14.2,9.6,46.9,9.6,"","","","","",""
"A0242","San Diego","Lemon Grove","https://www.californiahealthmaps.org?address=A0242","Both","CRC",320515,40.5,33.6,48.5,83135,39.0,28.6,54.9,46225,67.9,42.3,106.3,148730,33.2,21.9,49.3,28665,46.0,25.9,78.9,2,64103,0.0,21.7,23.6,26.2,14.2,9.6,46.9,9.6,"","","","","",""
"A0242","San Diego","Lemon Grove","https://www.californiahealthmaps.org?address=A0242","Both","Mela",320515,12.5,8.8,17.3,83135,27.4,18.7,41.7,46225,"","","",148730,"","","",28665,"","","",2,64103,0.0,21.7,23.6,26.2,14.2,9.6,46.9,9.6,"","","","","",""
"A0242","San Diego","Lemon Grove","https://www.californiahealthmaps.org?address=A0242","Both","Lymph",320515,19.7,14.9,25.7,83135,19.5,12.1,32.8,46225,"","","",148730,21.7,12.7,35.7,28665,"","","",2,64103,0.0,21.7,23.6,26.2,14.2,9.6,46.9,9.6,"","","","","",""
"A0242","San Diego","Lemon Grove","https://www.californiahealthmaps.org?address=A0242","Both","Urinary",320515,8.6,5.5,13.0,83135,11.3,6.2,22.8,46225,"","","",148730,"","","",28665,"","","",2,64103,0.0,21.7,23.6,26.2,14.2,9.6,46.9,9.6,"","","","","",""
"A0242","San Diego","Lemon Grove","https://www.californiahealthmaps.org?address=A0242","Both","Kidney",320515,21.2,16.2,27.4,83135,19.6,12.4,32.7,46225,"","","",148730,31.6,20.4,47.7,28665,"","","",2,64103,0.0,21.7,23.6,26.2,14.2,9.6,46.9,9.6,"","","","","",""
"A0242","San Diego","Lemon Grove","https://www.californiahealthmaps.org?address=A0242","Both","Thyroid",320515,15.2,11.1,20.5,83135,"","","",46225,"","","",148730,18.1,11.0,29.9,28665,"","","",2,64103,0.0,21.7,23.6,26.2,14.2,9.6,46.9,9.6,"","","","","",""
"A0242","San Diego","Lemon Grove","https://www.californiahealthmaps.org?address=A0242","Both","Liver",320515,15.3,11.2,20.6,83135,"","","",46225,"","","",148730,25.1,15.2,40.2,28665,"","","",2,64103,0.0,21.7,23.6,26.2,14.2,9.6,46.9,9.6,"","","","","",""
"A0242","San Diego","Lemon Grove","https://www.californiahealthmaps.org?address=A0242","Both","Pancreas",320515,13.1,9.2,18.2,83135,12.2,6.7,24.0,46225,"","","",148730,"","","",28665,"","","",2,64103,0.0,21.7,23.6,26.2,14.2,9.6,46.9,9.6,"","","","","",""
