"Zone","Counties","Cities","URL","Sex","Cancer","PopTot","AAIR","LCI","UCI","White_PopTot","White_AAIR","White_LCI","White_UCI","Black_PopTot","Black_AAIR","Black_LCI","Black_UCI","Hispanic_PopTot","Hispanic_AAIR","Hispanic_LCI","Hispanic_UCI","Asian_PopTot","Asian_AAIR","Asian_LCI","Asian_UCI","QNSES","PopAll","PerRural","PerUninsured","PerForeignBorn","PerWhite","PerBlack","PerAsian","PerHispanic","PerAPI","PerDocvisit","PerFOBT","PerMammo","PerMenPrev","PerPap","PerWomenPrev"
"A1120","Los Angeles","El Segundo","https://www.californiahealthmaps.org?address=A1120","Male","AllSite",149755,483.5,444.9,524.9,73290,499.5,451.0,552.8,"","","","",50215,380.8,308.4,468.2,13495,366.8,258.8,523.8,5,60016,0.0,14.1,22.8,49.9,3.7,8.5,34.3,8.5,"","","","","",""
"A1120","Los Angeles","El Segundo","https://www.californiahealthmaps.org?address=A1120","Female","AllSite",150325,440.7,407.6,475.9,69915,456.2,411.7,505.5,"","","","",51535,394.8,332.5,466.5,15760,407.5,311.2,530.4,5,60016,0.0,14.1,22.8,49.9,3.7,8.5,34.3,8.5,"","","","","",""
"A1120","Los Angeles","El Segundo","https://www.californiahealthmaps.org?address=A1120","Male","Prostate",149755,104.8,87.7,124.8,73290,94.5,74.6,119.3,"","","","",50215,94.4,60.7,144.2,13495,"","","",5,60016,0.0,14.1,22.8,49.9,3.7,8.5,34.3,8.5,"","","","","",""
"A1120","Los Angeles","El Segundo","https://www.californiahealthmaps.org?address=A1120","Female","Breast",150325,129.5,112.1,149.0,69915,136.9,113.1,165.5,"","","","",51535,116.0,84.6,156.7,15760,128.9,78.9,206.9,5,60016,0.0,14.1,22.8,49.9,3.7,8.5,34.3,8.5,"","","","","",""
"A1120","Los Angeles","El Segundo","https://www.californiahealthmaps.org?address=A1120","Male","Lung",149755,56.3,43.2,72.5,73290,61.6,44.9,83.5,"","","","",50215,"","","",13495,"","","",5,60016,0.0,14.1,22.8,49.9,3.7,8.5,34.3,8.5,"","","","","",""
"A1120","Los Angeles","El Segundo","https://www.californiahealthmaps.org?address=A1120","Female","Lung",150325,51.6,40.4,65.2,69915,61.8,46.3,82.4,"","","","",51535,"","","",15760,"","","",5,60016,0.0,14.1,22.8,49.9,3.7,8.5,34.3,8.5,"","","","","",""
"A1120","Los Angeles","El Segundo","https://www.californiahealthmaps.org?address=A1120","Male","CRC",149755,36.3,26.6,49.0,73290,30.3,19.8,45.8,"","","","",50215,"","","",13495,"","","",5,60016,0.0,14.1,22.8,49.9,3.7,8.5,34.3,8.5,"","","","","",""
"A1120","Los Angeles","El Segundo","https://www.californiahealthmaps.org?address=A1120","Female","CRC",150325,32.9,24.3,43.7,69915,20.9,12.4,34.9,"","","","",51535,43.3,24.3,72.6,15760,"","","",5,60016,0.0,14.1,22.8,49.9,3.7,8.5,34.3,8.5,"","","","","",""
"A1120","Los Angeles","El Segundo","https://www.californiahealthmaps.org?address=A1120","Male","Mela",149755,39.5,29.1,52.9,73290,52.0,37.4,71.8,"","","","",50215,"","","",13495,"","","",5,60016,0.0,14.1,22.8,49.9,3.7,8.5,34.3,8.5,"","","","","",""
"A1120","Los Angeles","El Segundo","https://www.californiahealthmaps.org?address=A1120","Female","Mela",150325,26.3,18.7,36.1,69915,29.6,18.9,45.8,"","","","",51535,"","","",15760,"","","",5,60016,0.0,14.1,22.8,49.9,3.7,8.5,34.3,8.5,"","","","","",""
"A1120","Los Angeles","El Segundo","https://www.californiahealthmaps.org?address=A1120","Female","Uterine",150325,33.6,25.0,44.5,69915,34.0,23.0,50.3,"","","","",51535,"","","",15760,"","","",5,60016,0.0,14.1,22.8,49.9,3.7,8.5,34.3,8.5,"","","","","",""
"A1120","Los Angeles","El Segundo","https://www.californiahealthmaps.org?address=A1120","Male","Lymph",149755,33.1,23.6,45.7,73290,36.6,24.4,54.1,"","","","",50215,"","","",13495,"","","",5,60016,0.0,14.1,22.8,49.9,3.7,8.5,34.3,8.5,"","","","","",""
"A1120","Los Angeles","El Segundo","https://www.californiahealthmaps.org?address=A1120","Female","Lymph",150325,18.8,12.4,27.5,69915,17.2,9.4,30.6,"","","","",51535,"","","",15760,"","","",5,60016,0.0,14.1,22.8,49.9,3.7,8.5,34.3,8.5,"","","","","",""
"A1120","Los Angeles","El Segundo","https://www.californiahealthmaps.org?address=A1120","Male","Urinary",149755,18.7,11.4,29.3,73290,24.1,14.1,39.7,"","","","",50215,"","","",13495,"","","",5,60016,0.0,14.1,22.8,49.9,3.7,8.5,34.3,8.5,"","","","","",""
"A1120","Los Angeles","El Segundo","https://www.californiahealthmaps.org?address=A1120","Female","Urinary",150325,"","","",69915,"","","","","","","",51535,"","","",15760,"","","",5,60016,0.0,14.1,22.8,49.9,3.7,8.5,34.3,8.5,"","","","","",""
"A1120","Los Angeles","El Segundo","https://www.californiahealthmaps.org?address=A1120","Male","Kidney",149755,21.0,13.7,31.3,73290,17.3,9.5,30.5,"","","","",50215,"","","",13495,"","","",5,60016,0.0,14.1,22.8,49.9,3.7,8.5,34.3,8.5,"","","","","",""
"A1120","Los Angeles","El Segundo","https://www.californiahealthmaps.org?address=A1120","Female","Kidney",150325,"","","",69915,"","","","","","","",51535,"","","",15760,"","","",5,60016,0.0,14.1,22.8,49.9,3.7,8.5,34.3,8.5,"","","","","",""
"A1120","Los Angeles","El Segundo","https://www.californiahealthmaps.org?address=A1120","Male","Thyroid",149755,12.4,7.4,20.4,73290,"","","","","","","",50215,"","","",13495,"","","",5,60016,0.0,14.1,22.8,49.9,3.7,8.5,34.3,8.5,"","","","","",""
"A1120","Los Angeles","El Segundo","https://www.californiahealthmaps.org?address=A1120","Female","Thyroid",150325,27.3,19.7,37.0,69915,32.7,20.7,50.3,"","","","",51535,30.8,16.9,54.3,15760,"","","",5,60016,0.0,14.1,22.8,49.9,3.7,8.5,34.3,8.5,"","","","","",""
"A1120","Los Angeles","El Segundo","https://www.californiahealthmaps.org?address=A1120","Male","Liver",149755,12.5,7.0,21.0,73290,"","","","","","","",50215,"","","",13495,"","","",5,60016,0.0,14.1,22.8,49.9,3.7,8.5,34.3,8.5,"","","","","",""
"A1120","Los Angeles","El Segundo","https://www.californiahealthmaps.org?address=A1120","Female","Liver",150325,"","","",69915,"","","","","","","",51535,"","","",15760,"","","",5,60016,0.0,14.1,22.8,49.9,3.7,8.5,34.3,8.5,"","","","","",""
"A1120","Los Angeles","El Segundo","https://www.californiahealthmaps.org?address=A1120","Male","Pancreas",149755,17.0,10.5,26.4,73290,"","","","","","","",50215,"","","",13495,"","","",5,60016,0.0,14.1,22.8,49.9,3.7,8.5,34.3,8.5,"","","","","",""
"A1120","Los Angeles","El Segundo","https://www.californiahealthmaps.org?address=A1120","Female","Pancreas",150325,11.5,6.7,18.8,69915,"","","","","","","",51535,"","","",15760,"","","",5,60016,0.0,14.1,22.8,49.9,3.7,8.5,34.3,8.5,"","","","","",""
"A1120","Los Angeles","El Segundo","https://www.californiahealthmaps.org?address=A1120","Both","AllSite",300080,454.4,429.5,480.4,143205,468.9,436.6,503.5,14250,694.7,519.9,921.9,101750,386.3,338.7,439.6,29255,391.7,317.9,480.6,5,60016,0.0,14.1,22.8,49.9,3.7,8.5,34.3,8.5,"","","","","",""
"A1120","Los Angeles","El Segundo","https://www.californiahealthmaps.org?address=A1120","Both","Lung",300080,53.4,44.7,63.3,143205,61.0,49.6,74.9,14250,"","","",101750,29.4,16.7,48.7,29255,"","","",5,60016,0.0,14.1,22.8,49.9,3.7,8.5,34.3,8.5,"","","","","",""
"A1120","Los Angeles","El Segundo","https://www.californiahealthmaps.org?address=A1120","Both","CRC",300080,34.5,27.9,42.2,143205,26.2,19.1,35.7,14250,"","","",101750,36.8,23.3,56.3,29255,67.7,38.9,113.2,5,60016,0.0,14.1,22.8,49.9,3.7,8.5,34.3,8.5,"","","","","",""
"A1120","Los Angeles","El Segundo","https://www.californiahealthmaps.org?address=A1120","Both","Mela",300080,31.8,25.5,39.3,143205,39.7,30.7,51.2,14250,"","","",101750,"","","",29255,"","","",5,60016,0.0,14.1,22.8,49.9,3.7,8.5,34.3,8.5,"","","","","",""
"A1120","Los Angeles","El Segundo","https://www.californiahealthmaps.org?address=A1120","Both","Lymph",300080,25.3,19.6,32.1,143205,25.9,18.8,35.5,14250,"","","",101750,27.9,16.0,46.2,29255,"","","",5,60016,0.0,14.1,22.8,49.9,3.7,8.5,34.3,8.5,"","","","","",""
"A1120","Los Angeles","El Segundo","https://www.californiahealthmaps.org?address=A1120","Both","Urinary",300080,10.2,6.7,15.0,143205,12.2,7.5,19.6,14250,"","","",101750,"","","",29255,"","","",5,60016,0.0,14.1,22.8,49.9,3.7,8.5,34.3,8.5,"","","","","",""
"A1120","Los Angeles","El Segundo","https://www.californiahealthmaps.org?address=A1120","Both","Kidney",300080,13.7,9.7,19.0,143205,11.8,7.3,19.1,14250,"","","",101750,"","","",29255,"","","",5,60016,0.0,14.1,22.8,49.9,3.7,8.5,34.3,8.5,"","","","","",""
"A1120","Los Angeles","El Segundo","https://www.californiahealthmaps.org?address=A1120","Both","Thyroid",300080,19.8,15.2,25.6,143205,22.3,15.4,31.9,14250,"","","",101750,22.7,13.5,37.8,29255,"","","",5,60016,0.0,14.1,22.8,49.9,3.7,8.5,34.3,8.5,"","","","","",""
"A1120","Los Angeles","El Segundo","https://www.californiahealthmaps.org?address=A1120","Both","Liver",300080,8.5,5.4,13.0,143205,"","","",14250,"","","",101750,"","","",29255,"","","",5,60016,0.0,14.1,22.8,49.9,3.7,8.5,34.3,8.5,"","","","","",""
"A1120","Los Angeles","El Segundo","https://www.californiahealthmaps.org?address=A1120","Both","Pancreas",300080,14.3,10.1,19.7,143205,12.9,8.1,20.4,14250,"","","",101750,"","","",29255,"","","",5,60016,0.0,14.1,22.8,49.9,3.7,8.5,34.3,8.5,"","","","","",""
