"Zone","Counties","Cities","URL","Sex","Cancer","PopTot","AAIR","LCI","UCI","White_PopTot","White_AAIR","White_LCI","White_UCI","Black_PopTot","Black_AAIR","Black_LCI","Black_UCI","Hispanic_PopTot","Hispanic_AAIR","Hispanic_LCI","Hispanic_UCI","Asian_PopTot","Asian_AAIR","Asian_LCI","Asian_UCI","QNSES","PopAll","PerRural","PerUninsured","PerForeignBorn","PerWhite","PerBlack","PerAsian","PerHispanic","PerAPI","PerDocvisit","PerFOBT","PerMammo","PerMenPrev","PerPap","PerWomenPrev"
"A0547","Los Angeles","Arcadia","https://www.californiahealthmaps.org?address=A0547","Male","AllSite",152545,356.6,328.0,387.4,30155,395.8,341.2,464.9,"","","","",30285,315.5,247.9,398.0,87030,344.9,303.3,391.2,4,63777,0.0,17.9,51.3,21.1,1.1,56.8,18.6,56.8,"","","","","",""
"A0547","Los Angeles","Arcadia","https://www.californiahealthmaps.org?address=A0547","Female","AllSite",166340,346.5,321.0,374.0,32615,339.9,287.5,408.2,"","","","",29440,380.0,308.8,464.1,99135,348.7,313.0,388.1,4,63777,0.0,17.9,51.3,21.1,1.1,56.8,18.6,56.8,"","","","","",""
"A0547","Los Angeles","Arcadia","https://www.californiahealthmaps.org?address=A0547","Male","Prostate",152545,67.7,55.6,81.8,30155,73.3,52.5,111.4,"","","","",30285,65.1,37.4,108.5,87030,60.7,43.6,82.7,4,63777,0.0,17.9,51.3,21.1,1.1,56.8,18.6,56.8,"","","","","",""
"A0547","Los Angeles","Arcadia","https://www.californiahealthmaps.org?address=A0547","Female","Breast",166340,119.4,104.6,136.1,32615,107.0,78.5,153.5,"","","","",29440,124.9,86.8,175.9,99135,117.4,97.8,140.8,4,63777,0.0,17.9,51.3,21.1,1.1,56.8,18.6,56.8,"","","","","",""
"A0547","Los Angeles","Arcadia","https://www.californiahealthmaps.org?address=A0547","Male","Lung",152545,45.5,35.6,57.5,30155,39.5,25.4,72.6,"","","","",30285,"","","",87030,64.3,46.8,86.8,4,63777,0.0,17.9,51.3,21.1,1.1,56.8,18.6,56.8,"","","","","",""
"A0547","Los Angeles","Arcadia","https://www.californiahealthmaps.org?address=A0547","Female","Lung",166340,36.3,28.4,46.2,32615,33.6,21.9,66.3,"","","","",29440,"","","",99135,40.8,28.7,57.1,4,63777,0.0,17.9,51.3,21.1,1.1,56.8,18.6,56.8,"","","","","",""
"A0547","Los Angeles","Arcadia","https://www.californiahealthmaps.org?address=A0547","Male","CRC",152545,51.3,41.1,63.6,30155,40.0,24.8,74.2,"","","","",30285,"","","",87030,54.0,39.2,73.5,4,63777,0.0,17.9,51.3,21.1,1.1,56.8,18.6,56.8,"","","","","",""
"A0547","Los Angeles","Arcadia","https://www.californiahealthmaps.org?address=A0547","Female","CRC",166340,36.7,28.8,46.6,32615,24.4,13.7,57.3,"","","","",29440,"","","",99135,46.2,33.4,63.2,4,63777,0.0,17.9,51.3,21.1,1.1,56.8,18.6,56.8,"","","","","",""
"A0547","Los Angeles","Arcadia","https://www.californiahealthmaps.org?address=A0547","Male","Mela",152545,15.5,10.0,23.4,30155,43.5,24.6,81.9,"","","","",30285,"","","",87030,"","","",4,63777,0.0,17.9,51.3,21.1,1.1,56.8,18.6,56.8,"","","","","",""
"A0547","Los Angeles","Arcadia","https://www.californiahealthmaps.org?address=A0547","Female","Mela",166340,"","","",32615,"","","","","","","",29440,"","","",99135,"","","",4,63777,0.0,17.9,51.3,21.1,1.1,56.8,18.6,56.8,"","","","","",""
"A0547","Los Angeles","Arcadia","https://www.californiahealthmaps.org?address=A0547","Female","Uterine",166340,16.4,11.3,23.7,32615,"","","","","","","",29440,"","","",99135,15.6,9.1,26.3,4,63777,0.0,17.9,51.3,21.1,1.1,56.8,18.6,56.8,"","","","","",""
"A0547","Los Angeles","Arcadia","https://www.californiahealthmaps.org?address=A0547","Male","Lymph",152545,15.7,10.1,23.6,30155,"","","","","","","",30285,"","","",87030,"","","",4,63777,0.0,17.9,51.3,21.1,1.1,56.8,18.6,56.8,"","","","","",""
"A0547","Los Angeles","Arcadia","https://www.californiahealthmaps.org?address=A0547","Female","Lymph",166340,12.1,7.7,18.6,32615,"","","","","","","",29440,"","","",99135,"","","",4,63777,0.0,17.9,51.3,21.1,1.1,56.8,18.6,56.8,"","","","","",""
"A0547","Los Angeles","Arcadia","https://www.californiahealthmaps.org?address=A0547","Male","Urinary",152545,13.4,8.3,20.9,30155,"","","","","","","",30285,"","","",87030,"","","",4,63777,0.0,17.9,51.3,21.1,1.1,56.8,18.6,56.8,"","","","","",""
"A0547","Los Angeles","Arcadia","https://www.californiahealthmaps.org?address=A0547","Female","Urinary",166340,"","","",32615,"","","","","","","",29440,"","","",99135,"","","",4,63777,0.0,17.9,51.3,21.1,1.1,56.8,18.6,56.8,"","","","","",""
"A0547","Los Angeles","Arcadia","https://www.californiahealthmaps.org?address=A0547","Male","Kidney",152545,21.3,14.7,30.0,30155,"","","","","","","",30285,"","","",87030,"","","",4,63777,0.0,17.9,51.3,21.1,1.1,56.8,18.6,56.8,"","","","","",""
"A0547","Los Angeles","Arcadia","https://www.californiahealthmaps.org?address=A0547","Female","Kidney",166340,"","","",32615,"","","","","","","",29440,"","","",99135,"","","",4,63777,0.0,17.9,51.3,21.1,1.1,56.8,18.6,56.8,"","","","","",""
"A0547","Los Angeles","Arcadia","https://www.californiahealthmaps.org?address=A0547","Male","Thyroid",152545,"","","",30155,"","","","","","","",30285,"","","",87030,"","","",4,63777,0.0,17.9,51.3,21.1,1.1,56.8,18.6,56.8,"","","","","",""
"A0547","Los Angeles","Arcadia","https://www.californiahealthmaps.org?address=A0547","Female","Thyroid",166340,21.4,15.1,29.9,32615,"","","","","","","",29440,"","","",99135,20.0,12.5,31.5,4,63777,0.0,17.9,51.3,21.1,1.1,56.8,18.6,56.8,"","","","","",""
"A0547","Los Angeles","Arcadia","https://www.californiahealthmaps.org?address=A0547","Male","Liver",152545,14.2,9.0,21.7,30155,"","","","","","","",30285,"","","",87030,"","","",4,63777,0.0,17.9,51.3,21.1,1.1,56.8,18.6,56.8,"","","","","",""
"A0547","Los Angeles","Arcadia","https://www.californiahealthmaps.org?address=A0547","Female","Liver",166340,7.5,4.4,12.8,32615,"","","","","","","",29440,"","","",99135,"","","",4,63777,0.0,17.9,51.3,21.1,1.1,56.8,18.6,56.8,"","","","","",""
"A0547","Los Angeles","Arcadia","https://www.californiahealthmaps.org?address=A0547","Male","Pancreas",152545,12.4,7.6,19.4,30155,"","","","","","","",30285,"","","",87030,"","","",4,63777,0.0,17.9,51.3,21.1,1.1,56.8,18.6,56.8,"","","","","",""
"A0547","Los Angeles","Arcadia","https://www.californiahealthmaps.org?address=A0547","Female","Pancreas",166340,13.6,9.0,20.3,32615,"","","","","","","",29440,"","","",99135,"","","",4,63777,0.0,17.9,51.3,21.1,1.1,56.8,18.6,56.8,"","","","","",""
"A0547","Los Angeles","Arcadia","https://www.californiahealthmaps.org?address=A0547","Both","AllSite",318885,349.3,330.3,369.3,62770,363.2,325.5,407.7,"","","","",59725,348.6,298.7,405.3,186165,345.7,318.5,374.8,4,63777,0.0,17.9,51.3,21.1,1.1,56.8,18.6,56.8,"","","","","",""
"A0547","Los Angeles","Arcadia","https://www.californiahealthmaps.org?address=A0547","Both","Lung",318885,40.0,33.8,47.3,62770,36.0,26.7,53.7,"","","","",59725,"","","",186165,50.8,40.4,63.3,4,63777,0.0,17.9,51.3,21.1,1.1,56.8,18.6,56.8,"","","","","",""
"A0547","Los Angeles","Arcadia","https://www.californiahealthmaps.org?address=A0547","Both","CRC",318885,43.5,37.1,51.0,62770,31.8,22.4,50.0,"","","","",59725,45.4,28.2,70.0,186165,49.8,39.9,61.8,4,63777,0.0,17.9,51.3,21.1,1.1,56.8,18.6,56.8,"","","","","",""
"A0547","Los Angeles","Arcadia","https://www.californiahealthmaps.org?address=A0547","Both","Mela",318885,9.3,6.4,13.3,62770,29.5,17.9,50.4,"","","","",59725,"","","",186165,"","","",4,63777,0.0,17.9,51.3,21.1,1.1,56.8,18.6,56.8,"","","","","",""
"A0547","Los Angeles","Arcadia","https://www.californiahealthmaps.org?address=A0547","Both","Lymph",318885,13.6,10.0,18.2,62770,10.8,6.1,25.8,"","","","",59725,"","","",186165,12.5,7.8,19.3,4,63777,0.0,17.9,51.3,21.1,1.1,56.8,18.6,56.8,"","","","","",""
"A0547","Los Angeles","Arcadia","https://www.californiahealthmaps.org?address=A0547","Both","Urinary",318885,7.8,5.2,11.6,62770,11.7,6.7,26.9,"","","","",59725,"","","",186165,"","","",4,63777,0.0,17.9,51.3,21.1,1.1,56.8,18.6,56.8,"","","","","",""
"A0547","Los Angeles","Arcadia","https://www.californiahealthmaps.org?address=A0547","Both","Kidney",318885,13.1,9.6,17.7,62770,16.5,8.3,34.8,"","","","",59725,29.7,16.4,50.4,186165,9.8,5.7,16.1,4,63777,0.0,17.9,51.3,21.1,1.1,56.8,18.6,56.8,"","","","","",""
"A0547","Los Angeles","Arcadia","https://www.californiahealthmaps.org?address=A0547","Both","Thyroid",318885,14.0,10.3,18.7,62770,"","","","","","","",59725,"","","",186165,12.9,8.4,19.4,4,63777,0.0,17.9,51.3,21.1,1.1,56.8,18.6,56.8,"","","","","",""
"A0547","Los Angeles","Arcadia","https://www.californiahealthmaps.org?address=A0547","Both","Liver",318885,10.4,7.4,14.5,62770,"","","","","","","",59725,"","","",186165,14.1,8.9,21.4,4,63777,0.0,17.9,51.3,21.1,1.1,56.8,18.6,56.8,"","","","","",""
"A0547","Los Angeles","Arcadia","https://www.californiahealthmaps.org?address=A0547","Both","Pancreas",318885,12.9,9.5,17.4,62770,12.8,7.4,28.3,"","","","",59725,"","","",186165,12.2,7.5,19.1,4,63777,0.0,17.9,51.3,21.1,1.1,56.8,18.6,56.8,"","","","","",""
