"Zone","Counties","Cities","URL","Sex","Cancer","PopTot","AAIR","LCI","UCI","White_PopTot","White_AAIR","White_LCI","White_UCI","Black_PopTot","Black_AAIR","Black_LCI","Black_UCI","Hispanic_PopTot","Hispanic_AAIR","Hispanic_LCI","Hispanic_UCI","Asian_PopTot","Asian_AAIR","Asian_LCI","Asian_UCI","QNSES","PopAll","PerRural","PerUninsured","PerForeignBorn","PerWhite","PerBlack","PerAsian","PerHispanic"
"B0133","San Benito","Hollister","https://www.californiahealthmaps.org?address=B0133","Male","AllSite",138145,488.5,448.0,532.0,52295,516.0,460.6,577.9,"","","","",78800,427.5,366.2,497.9,"","","","",3,55269,27.6,16.3,20.5,38.0,0.8,2.2,56.4
"B0133","San Benito","Hollister","https://www.californiahealthmaps.org?address=B0133","Female","AllSite",138200,416.8,382.2,454.1,53475,395.0,348.6,447.8,"","","","",77130,448.0,390.3,513.0,"","","","",3,55269,27.6,16.3,20.5,38.0,0.8,2.2,56.4
"B0133","San Benito","Hollister","https://www.californiahealthmaps.org?address=B0133","Male","Prostate",138145,126.0,106.4,148.6,52295,114.3,90.3,144.9,"","","","",78800,125.7,93.9,166.8,"","","","",3,55269,27.6,16.3,20.5,38.0,0.8,2.2,56.4
"B0133","San Benito","Hollister","https://www.californiahealthmaps.org?address=B0133","Female","Breast",138200,127.3,108.8,148.5,53475,111.1,88.3,140.5,"","","","",77130,138.4,108.3,175.8,"","","","",3,55269,27.6,16.3,20.5,38.0,0.8,2.2,56.4
"B0133","San Benito","Hollister","https://www.californiahealthmaps.org?address=B0133","Male","Lung",138145,61.6,46.8,79.9,52295,73.0,52.5,100.6,"","","","",78800,"","","","","","","",3,55269,27.6,16.3,20.5,38.0,0.8,2.2,56.4
"B0133","San Benito","Hollister","https://www.californiahealthmaps.org?address=B0133","Female","Lung",138200,37.6,27.2,51.0,53475,37.6,24.2,58.3,"","","","",77130,37.5,21.3,62.4,"","","","",3,55269,27.6,16.3,20.5,38.0,0.8,2.2,56.4
"B0133","San Benito","Hollister","https://www.californiahealthmaps.org?address=B0133","Male","CRC",138145,51.4,38.8,67.3,52295,45.9,30.3,68.7,"","","","",78800,58.6,37.6,89.4,"","","","",3,55269,27.6,16.3,20.5,38.0,0.8,2.2,56.4
"B0133","San Benito","Hollister","https://www.californiahealthmaps.org?address=B0133","Female","CRC",138200,36.4,26.9,48.7,53475,40.1,26.8,60.5,"","","","",77130,28.3,15.5,49.3,"","","","",3,55269,27.6,16.3,20.5,38.0,0.8,2.2,56.4
"B0133","San Benito","Hollister","https://www.californiahealthmaps.org?address=B0133","Male","Mela",138145,29.5,20.1,42.3,52295,41.0,26.7,62.6,"","","","",78800,"","","","","","","",3,55269,27.6,16.3,20.5,38.0,0.8,2.2,56.4
"B0133","San Benito","Hollister","https://www.californiahealthmaps.org?address=B0133","Female","Mela",138200,15.1,9.2,23.9,53475,"","","","","","","",77130,"","","","","","","",3,55269,27.6,16.3,20.5,38.0,0.8,2.2,56.4
"B0133","San Benito","Hollister","https://www.californiahealthmaps.org?address=B0133","Female","Uterine",138200,25.3,17.1,36.4,53475,27.1,15.8,46.0,"","","","",77130,"","","","","","","",3,55269,27.6,16.3,20.5,38.0,0.8,2.2,56.4
"B0133","San Benito","Hollister","https://www.californiahealthmaps.org?address=B0133","Male","Lymph",138145,19.4,11.9,30.3,52295,26.7,15.2,45.8,"","","","",78800,"","","","","","","",3,55269,27.6,16.3,20.5,38.0,0.8,2.2,56.4
"B0133","San Benito","Hollister","https://www.californiahealthmaps.org?address=B0133","Female","Lymph",138200,22.2,14.7,32.7,53475,22.2,12.0,40.2,"","","","",77130,"","","","","","","",3,55269,27.6,16.3,20.5,38.0,0.8,2.2,56.4
"B0133","San Benito","Hollister","https://www.californiahealthmaps.org?address=B0133","Male","Urinary",138145,13.8,7.5,23.7,52295,"","","","","","","",78800,"","","","","","","",3,55269,27.6,16.3,20.5,38.0,0.8,2.2,56.4
"B0133","San Benito","Hollister","https://www.californiahealthmaps.org?address=B0133","Female","Urinary",138200,2.7,0.7,7.9,53475,"","","","","","","",77130,"","","","","","","",3,55269,27.6,16.3,20.5,38.0,0.8,2.2,56.4
"B0133","San Benito","Hollister","https://www.californiahealthmaps.org?address=B0133","Male","Kidney",138145,17.8,11.1,27.8,52295,20.1,11.3,36.2,"","","","",78800,"","","","","","","",3,55269,27.6,16.3,20.5,38.0,0.8,2.2,56.4
"B0133","San Benito","Hollister","https://www.californiahealthmaps.org?address=B0133","Female","Kidney",138200,17.0,10.6,26.4,53475,"","","","","","","",77130,30.1,16.5,52.0,"","","","",3,55269,27.6,16.3,20.5,38.0,0.8,2.2,56.4
"B0133","San Benito","Hollister","https://www.californiahealthmaps.org?address=B0133","Male","Thyroid",138145,4.6,1.6,11.2,52295,"","","","","","","",78800,"","","","","","","",3,55269,27.6,16.3,20.5,38.0,0.8,2.2,56.4
"B0133","San Benito","Hollister","https://www.californiahealthmaps.org?address=B0133","Female","Thyroid",138200,18.2,11.7,27.4,53475,"","","","","","","",77130,"","","","","","","",3,55269,27.6,16.3,20.5,38.0,0.8,2.2,56.4
"B0133","San Benito","Hollister","https://www.californiahealthmaps.org?address=B0133","Both","AllSite",276345,448.1,421.8,475.9,105770,450.3,414.5,489.3,"","","","",155930,436.4,394.2,482.5,"","","","",3,55269,27.6,16.3,20.5,38.0,0.8,2.2,56.4
"B0133","San Benito","Hollister","https://www.californiahealthmaps.org?address=B0133","Both","Lung",276345,47.4,38.7,57.7,105770,53.0,41.1,68.3,"","","","",155930,36.1,23.8,52.9,"","","","",3,55269,27.6,16.3,20.5,38.0,0.8,2.2,56.4
"B0133","San Benito","Hollister","https://www.californiahealthmaps.org?address=B0133","Both","CRC",276345,43.6,35.6,52.9,105770,42.8,32.4,56.7,"","","","",155930,42.9,30.5,59.4,"","","","",3,55269,27.6,16.3,20.5,38.0,0.8,2.2,56.4
"B0133","San Benito","Hollister","https://www.californiahealthmaps.org?address=B0133","Both","Mela",276345,21.2,15.8,28.0,105770,29.1,20.6,41.1,"","","","",155930,"","","","","","","",3,55269,27.6,16.3,20.5,38.0,0.8,2.2,56.4
"B0133","San Benito","Hollister","https://www.californiahealthmaps.org?address=B0133","Both","Lymph",276345,20.9,15.4,27.9,105770,24.2,16.3,35.8,"","","","",155930,18.6,10.6,31.0,"","","","",3,55269,27.6,16.3,20.5,38.0,0.8,2.2,56.4
"B0133","San Benito","Hollister","https://www.californiahealthmaps.org?address=B0133","Both","Urinary",276345,7.8,4.6,12.6,105770,"","","","","","","",155930,"","","","","","","",3,55269,27.6,16.3,20.5,38.0,0.8,2.2,56.4
"B0133","San Benito","Hollister","https://www.californiahealthmaps.org?address=B0133","Both","Kidney",276345,17.9,12.9,24.3,105770,14.1,8.7,23.1,"","","","",155930,22.6,13.5,36.2,"","","","",3,55269,27.6,16.3,20.5,38.0,0.8,2.2,56.4
"B0133","San Benito","Hollister","https://www.californiahealthmaps.org?address=B0133","Both","Thyroid",276345,11.4,7.7,16.6,105770,"","","","","","","",155930,11.7,6.4,20.9,"","","","",3,55269,27.6,16.3,20.5,38.0,0.8,2.2,56.4
