"Zone","Counties","Cities","URL","Sex","Cancer","PopTot","AAIR","LCI","UCI","White_PopTot","White_AAIR","White_LCI","White_UCI","Black_PopTot","Black_AAIR","Black_LCI","Black_UCI","Hispanic_PopTot","Hispanic_AAIR","Hispanic_LCI","Hispanic_UCI","Asian_PopTot","Asian_AAIR","Asian_LCI","Asian_UCI","QNSES","PopAll","PerRural","PerUninsured","PerForeignBorn","PerWhite","PerBlack","PerAsian","PerHispanic","PerAPI","PerDocvisit","PerFOBT","PerMammo","PerMenPrev","PerPap","PerWomenPrev"
"A0191","Orange","Fountain Valley","https://www.californiahealthmaps.org?address=A0191","Male","AllSite",146810,427.1,394.4,462.0,37500,496.8,440.2,564.0,"","","","",42710,377.4,294.3,482.5,61930,359.3,313.4,411.1,3,59102,0.0,17.9,44.7,21.3,1.2,44.3,30.9,44.3,"","","","","",""
"A0191","Orange","Fountain Valley","https://www.californiahealthmaps.org?address=A0191","Female","AllSite",148700,391.8,362.3,423.4,37980,494.2,433.1,567.4,"","","","",40810,341.8,275.6,420.8,65320,351.5,308.9,399.2,3,59102,0.0,17.9,44.7,21.3,1.2,44.3,30.9,44.3,"","","","","",""
"A0191","Orange","Fountain Valley","https://www.californiahealthmaps.org?address=A0191","Male","Prostate",146810,78.7,65.4,94.2,37500,101.1,78.0,136.3,"","","","",42710,88.7,49.7,152.6,61930,42.2,27.7,63.0,3,59102,0.0,17.9,44.7,21.3,1.2,44.3,30.9,44.3,"","","","","",""
"A0191","Orange","Fountain Valley","https://www.californiahealthmaps.org?address=A0191","Female","Breast",148700,114.3,98.6,132.2,37980,148.5,115.0,195.4,"","","","",40810,112.7,76.4,162.3,65320,96.7,75.6,123.0,3,59102,0.0,17.9,44.7,21.3,1.2,44.3,30.9,44.3,"","","","","",""
"A0191","Orange","Fountain Valley","https://www.californiahealthmaps.org?address=A0191","Male","Lung",146810,60.2,48.0,74.8,37500,68.7,49.6,100.5,"","","","",42710,"","","",61930,55.5,38.0,79.5,3,59102,0.0,17.9,44.7,21.3,1.2,44.3,30.9,44.3,"","","","","",""
"A0191","Orange","Fountain Valley","https://www.californiahealthmaps.org?address=A0191","Female","Lung",148700,47.8,38.0,59.7,37980,55.6,38.6,87.1,"","","","",40810,"","","",65320,54.4,38.2,76.0,3,59102,0.0,17.9,44.7,21.3,1.2,44.3,30.9,44.3,"","","","","",""
"A0191","Orange","Fountain Valley","https://www.californiahealthmaps.org?address=A0191","Male","CRC",146810,49.3,38.7,62.3,37500,44.9,29.5,73.7,"","","","",42710,"","","",61930,58.6,41.0,82.4,3,59102,0.0,17.9,44.7,21.3,1.2,44.3,30.9,44.3,"","","","","",""
"A0191","Orange","Fountain Valley","https://www.californiahealthmaps.org?address=A0191","Female","CRC",148700,37.9,29.2,48.7,37980,38.7,23.7,69.3,"","","","",40810,"","","",65320,37.2,24.4,55.5,3,59102,0.0,17.9,44.7,21.3,1.2,44.3,30.9,44.3,"","","","","",""
"A0191","Orange","Fountain Valley","https://www.californiahealthmaps.org?address=A0191","Male","Mela",146810,21.4,14.6,30.5,37500,45.0,28.9,74.8,"","","","",42710,"","","",61930,"","","",3,59102,0.0,17.9,44.7,21.3,1.2,44.3,30.9,44.3,"","","","","",""
"A0191","Orange","Fountain Valley","https://www.californiahealthmaps.org?address=A0191","Female","Mela",148700,10.2,5.9,16.8,37980,30.8,15.9,62.5,"","","","",40810,"","","",65320,"","","",3,59102,0.0,17.9,44.7,21.3,1.2,44.3,30.9,44.3,"","","","","",""
"A0191","Orange","Fountain Valley","https://www.californiahealthmaps.org?address=A0191","Female","Uterine",148700,22.3,15.9,30.9,37980,25.5,15.1,52.1,"","","","",40810,"","","",65320,"","","",3,59102,0.0,17.9,44.7,21.3,1.2,44.3,30.9,44.3,"","","","","",""
"A0191","Orange","Fountain Valley","https://www.californiahealthmaps.org?address=A0191","Male","Lymph",146810,23.6,16.4,33.3,37500,"","","","","","","",42710,"","","",61930,"","","",3,59102,0.0,17.9,44.7,21.3,1.2,44.3,30.9,44.3,"","","","","",""
"A0191","Orange","Fountain Valley","https://www.californiahealthmaps.org?address=A0191","Female","Lymph",148700,18.0,12.0,26.1,37980,"","","","","","","",40810,"","","",65320,21.9,12.1,37.4,3,59102,0.0,17.9,44.7,21.3,1.2,44.3,30.9,44.3,"","","","","",""
"A0191","Orange","Fountain Valley","https://www.californiahealthmaps.org?address=A0191","Male","Urinary",146810,17.3,11.1,26.0,37500,25.8,13.6,52.9,"","","","",42710,"","","",61930,"","","",3,59102,0.0,17.9,44.7,21.3,1.2,44.3,30.9,44.3,"","","","","",""
"A0191","Orange","Fountain Valley","https://www.californiahealthmaps.org?address=A0191","Female","Urinary",148700,"","","",37980,"","","","","","","",40810,"","","",65320,"","","",3,59102,0.0,17.9,44.7,21.3,1.2,44.3,30.9,44.3,"","","","","",""
"A0191","Orange","Fountain Valley","https://www.californiahealthmaps.org?address=A0191","Male","Kidney",146810,11.9,7.0,19.3,37500,"","","","","","","",42710,"","","",61930,"","","",3,59102,0.0,17.9,44.7,21.3,1.2,44.3,30.9,44.3,"","","","","",""
"A0191","Orange","Fountain Valley","https://www.californiahealthmaps.org?address=A0191","Female","Kidney",148700,14.6,9.3,22.2,37980,"","","","","","","",40810,"","","",65320,"","","",3,59102,0.0,17.9,44.7,21.3,1.2,44.3,30.9,44.3,"","","","","",""
"A0191","Orange","Fountain Valley","https://www.californiahealthmaps.org?address=A0191","Male","Thyroid",146810,"","","",37500,"","","","","","","",42710,"","","",61930,"","","",3,59102,0.0,17.9,44.7,21.3,1.2,44.3,30.9,44.3,"","","","","",""
"A0191","Orange","Fountain Valley","https://www.californiahealthmaps.org?address=A0191","Female","Thyroid",148700,18.6,12.5,27.1,37980,"","","","","","","",40810,"","","",65320,"","","",3,59102,0.0,17.9,44.7,21.3,1.2,44.3,30.9,44.3,"","","","","",""
"A0191","Orange","Fountain Valley","https://www.californiahealthmaps.org?address=A0191","Male","Liver",146810,25.7,18.4,35.4,37500,"","","","","","","",42710,"","","",61930,51.4,35.4,73.4,3,59102,0.0,17.9,44.7,21.3,1.2,44.3,30.9,44.3,"","","","","",""
"A0191","Orange","Fountain Valley","https://www.californiahealthmaps.org?address=A0191","Female","Liver",148700,10.3,6.1,16.9,37980,"","","","","","","",40810,"","","",65320,"","","",3,59102,0.0,17.9,44.7,21.3,1.2,44.3,30.9,44.3,"","","","","",""
"A0191","Orange","Fountain Valley","https://www.californiahealthmaps.org?address=A0191","Male","Pancreas",146810,16.6,10.6,25.0,37500,"","","","","","","",42710,"","","",61930,"","","",3,59102,0.0,17.9,44.7,21.3,1.2,44.3,30.9,44.3,"","","","","",""
"A0191","Orange","Fountain Valley","https://www.californiahealthmaps.org?address=A0191","Female","Pancreas",148700,"","","",37980,"","","","","","","",40810,"","","",65320,"","","",3,59102,0.0,17.9,44.7,21.3,1.2,44.3,30.9,44.3,"","","","","",""
"A0191","Orange","Fountain Valley","https://www.californiahealthmaps.org?address=A0191","Both","AllSite",295510,404.6,382.9,427.4,75480,485.9,445.1,532.2,"","","","",83520,353.2,301.0,413.2,127250,352.9,321.6,386.7,3,59102,0.0,17.9,44.7,21.3,1.2,44.3,30.9,44.3,"","","","","",""
"A0191","Orange","Fountain Valley","https://www.californiahealthmaps.org?address=A0191","Both","Lung",295510,52.7,45.0,61.4,75480,59.1,46.7,77.7,"","","","",83520,40.2,22.4,67.6,127250,54.5,42.4,69.3,3,59102,0.0,17.9,44.7,21.3,1.2,44.3,30.9,44.3,"","","","","",""
"A0191","Orange","Fountain Valley","https://www.californiahealthmaps.org?address=A0191","Both","CRC",295510,43.4,36.5,51.3,75480,42.5,31.4,60.2,"","","","",83520,37.5,23.0,60.2,127250,47.0,36.1,60.6,3,59102,0.0,17.9,44.7,21.3,1.2,44.3,30.9,44.3,"","","","","",""
"A0191","Orange","Fountain Valley","https://www.californiahealthmaps.org?address=A0191","Both","Mela",295510,15.3,11.3,20.4,75480,36.7,25.6,54.6,"","","","",83520,"","","",127250,"","","",3,59102,0.0,17.9,44.7,21.3,1.2,44.3,30.9,44.3,"","","","","",""
"A0191","Orange","Fountain Valley","https://www.californiahealthmaps.org?address=A0191","Both","Lymph",295510,20.8,16.0,26.7,75480,18.6,11.5,32.9,"","","","",83520,"","","",127250,20.5,13.4,30.4,3,59102,0.0,17.9,44.7,21.3,1.2,44.3,30.9,44.3,"","","","","",""
"A0191","Orange","Fountain Valley","https://www.californiahealthmaps.org?address=A0191","Both","Urinary",295510,9.7,6.6,13.9,75480,14.8,8.5,28.8,"","","","",83520,"","","",127250,"","","",3,59102,0.0,17.9,44.7,21.3,1.2,44.3,30.9,44.3,"","","","","",""
"A0191","Orange","Fountain Valley","https://www.californiahealthmaps.org?address=A0191","Both","Kidney",295510,13.1,9.4,17.9,75480,20.8,12.9,36.1,"","","","",83520,"","","",127250,"","","",3,59102,0.0,17.9,44.7,21.3,1.2,44.3,30.9,44.3,"","","","","",""
"A0191","Orange","Fountain Valley","https://www.californiahealthmaps.org?address=A0191","Both","Thyroid",295510,12.4,8.7,17.1,75480,17.2,9.3,32.9,"","","","",83520,"","","",127250,12.3,7.1,20.3,3,59102,0.0,17.9,44.7,21.3,1.2,44.3,30.9,44.3,"","","","","",""
"A0191","Orange","Fountain Valley","https://www.californiahealthmaps.org?address=A0191","Both","Liver",295510,17.6,13.4,22.9,75480,"","","","","","","",83520,"","","",127250,33.6,24.5,45.4,3,59102,0.0,17.9,44.7,21.3,1.2,44.3,30.9,44.3,"","","","","",""
"A0191","Orange","Fountain Valley","https://www.californiahealthmaps.org?address=A0191","Both","Pancreas",295510,11.9,8.4,16.4,75480,12.2,7.1,25.1,"","","","",83520,"","","",127250,"","","",3,59102,0.0,17.9,44.7,21.3,1.2,44.3,30.9,44.3,"","","","","",""
