"Zone","Counties","Cities","URL","Sex","Cancer","PopTot","AAIR","LCI","UCI","White_PopTot","White_AAIR","White_LCI","White_UCI","Black_PopTot","Black_AAIR","Black_LCI","Black_UCI","Hispanic_PopTot","Hispanic_AAIR","Hispanic_LCI","Hispanic_UCI","Asian_PopTot","Asian_AAIR","Asian_LCI","Asian_UCI","QNSES","PopAll","PerRural","PerUninsured","PerForeignBorn","PerWhite","PerBlack","PerAsian","PerHispanic","PerAPI","PerDocvisit","PerFOBT","PerMammo","PerMenPrev","PerPap","PerWomenPrev"
"A0251","Riverside","Norco, Corona, Riverside","https://www.californiahealthmaps.org?address=A0251","Male","AllSite",183155,493.0,452.8,536.6,74890,520.2,467.6,578.2,15165,509.9,324.0,790.5,76510,436.1,361.3,525.6,12060,358.7,242.2,538.4,3,69649,0.0,17.8,21.1,43.3,5.3,7.5,40.8,7.5,"","","","","",""
"A0251","Riverside","Norco, Corona, Riverside","https://www.californiahealthmaps.org?address=A0251","Female","AllSite",165090,398.0,366.7,431.6,71750,410.4,368.2,457.5,"","","","",68205,395.3,334.2,466.2,12950,384.3,278.0,525.2,3,69649,0.0,17.8,21.1,43.3,5.3,7.5,40.8,7.5,"","","","","",""
"A0251","Riverside","Norco, Corona, Riverside","https://www.californiahealthmaps.org?address=A0251","Male","Prostate",183155,126.7,106.8,150.0,74890,108.3,85.4,136.9,15165,"","","",76510,142.9,101.2,200.6,12060,"","","",3,69649,0.0,17.8,21.1,43.3,5.3,7.5,40.8,7.5,"","","","","",""
"A0251","Riverside","Norco, Corona, Riverside","https://www.californiahealthmaps.org?address=A0251","Female","Breast",165090,131.5,114.0,151.2,71750,127.3,104.5,155.0,"","","","",68205,133.8,100.5,177.0,12950,138.1,82.6,228.5,3,69649,0.0,17.8,21.1,43.3,5.3,7.5,40.8,7.5,"","","","","",""
"A0251","Riverside","Norco, Corona, Riverside","https://www.californiahealthmaps.org?address=A0251","Male","Lung",183155,70.7,55.1,89.9,74890,84.0,63.1,110.8,15165,"","","",76510,"","","",12060,"","","",3,69649,0.0,17.8,21.1,43.3,5.3,7.5,40.8,7.5,"","","","","",""
"A0251","Riverside","Norco, Corona, Riverside","https://www.californiahealthmaps.org?address=A0251","Female","Lung",165090,38.9,29.2,51.1,71750,50.7,36.8,69.8,"","","","",68205,"","","",12950,"","","",3,69649,0.0,17.8,21.1,43.3,5.3,7.5,40.8,7.5,"","","","","",""
"A0251","Riverside","Norco, Corona, Riverside","https://www.californiahealthmaps.org?address=A0251","Male","CRC",183155,48.8,37.2,63.8,74890,53.6,38.4,74.4,15165,"","","",76510,"","","",12060,"","","",3,69649,0.0,17.8,21.1,43.3,5.3,7.5,40.8,7.5,"","","","","",""
"A0251","Riverside","Norco, Corona, Riverside","https://www.californiahealthmaps.org?address=A0251","Female","CRC",165090,32.9,24.3,43.8,71750,29.7,19.4,45.5,"","","","",68205,36.5,20.0,64.3,12950,"","","",3,69649,0.0,17.8,21.1,43.3,5.3,7.5,40.8,7.5,"","","","","",""
"A0251","Riverside","Norco, Corona, Riverside","https://www.californiahealthmaps.org?address=A0251","Male","Mela",183155,30.4,21.2,43.2,74890,52.8,37.3,74.0,15165,"","","",76510,"","","",12060,"","","",3,69649,0.0,17.8,21.1,43.3,5.3,7.5,40.8,7.5,"","","","","",""
"A0251","Riverside","Norco, Corona, Riverside","https://www.californiahealthmaps.org?address=A0251","Female","Mela",165090,23.3,16.4,32.5,71750,41.0,28.1,59.3,"","","","",68205,"","","",12950,"","","",3,69649,0.0,17.8,21.1,43.3,5.3,7.5,40.8,7.5,"","","","","",""
"A0251","Riverside","Norco, Corona, Riverside","https://www.californiahealthmaps.org?address=A0251","Female","Uterine",165090,21.3,14.9,30.0,71750,20.7,12.6,34.2,"","","","",68205,"","","",12950,"","","",3,69649,0.0,17.8,21.1,43.3,5.3,7.5,40.8,7.5,"","","","","",""
"A0251","Riverside","Norco, Corona, Riverside","https://www.californiahealthmaps.org?address=A0251","Male","Lymph",183155,20.1,12.6,31.5,74890,"","","",15165,"","","",76510,"","","",12060,"","","",3,69649,0.0,17.8,21.1,43.3,5.3,7.5,40.8,7.5,"","","","","",""
"A0251","Riverside","Norco, Corona, Riverside","https://www.californiahealthmaps.org?address=A0251","Female","Lymph",165090,19.9,13.4,28.8,71750,23.1,14.1,37.6,"","","","",68205,"","","",12950,"","","",3,69649,0.0,17.8,21.1,43.3,5.3,7.5,40.8,7.5,"","","","","",""
"A0251","Riverside","Norco, Corona, Riverside","https://www.californiahealthmaps.org?address=A0251","Male","Urinary",183155,19.1,11.3,31.0,74890,"","","",15165,"","","",76510,"","","",12060,"","","",3,69649,0.0,17.8,21.1,43.3,5.3,7.5,40.8,7.5,"","","","","",""
"A0251","Riverside","Norco, Corona, Riverside","https://www.californiahealthmaps.org?address=A0251","Female","Urinary",165090,"","","",71750,"","","","","","","",68205,"","","",12950,"","","",3,69649,0.0,17.8,21.1,43.3,5.3,7.5,40.8,7.5,"","","","","",""
"A0251","Riverside","Norco, Corona, Riverside","https://www.californiahealthmaps.org?address=A0251","Male","Kidney",183155,19.2,12.6,29.4,74890,20.0,11.5,34.4,15165,"","","",76510,"","","",12060,"","","",3,69649,0.0,17.8,21.1,43.3,5.3,7.5,40.8,7.5,"","","","","",""
"A0251","Riverside","Norco, Corona, Riverside","https://www.californiahealthmaps.org?address=A0251","Female","Kidney",165090,12.3,7.4,19.6,71750,"","","","","","","",68205,"","","",12950,"","","",3,69649,0.0,17.8,21.1,43.3,5.3,7.5,40.8,7.5,"","","","","",""
"A0251","Riverside","Norco, Corona, Riverside","https://www.californiahealthmaps.org?address=A0251","Male","Thyroid",183155,"","","",74890,"","","",15165,"","","",76510,"","","",12060,"","","",3,69649,0.0,17.8,21.1,43.3,5.3,7.5,40.8,7.5,"","","","","",""
"A0251","Riverside","Norco, Corona, Riverside","https://www.californiahealthmaps.org?address=A0251","Female","Thyroid",165090,16.2,10.5,24.4,71750,"","","","","","","",68205,"","","",12950,"","","",3,69649,0.0,17.8,21.1,43.3,5.3,7.5,40.8,7.5,"","","","","",""
"A0251","Riverside","Norco, Corona, Riverside","https://www.californiahealthmaps.org?address=A0251","Male","Liver",183155,15.8,9.6,25.8,74890,"","","",15165,"","","",76510,"","","",12060,"","","",3,69649,0.0,17.8,21.1,43.3,5.3,7.5,40.8,7.5,"","","","","",""
"A0251","Riverside","Norco, Corona, Riverside","https://www.californiahealthmaps.org?address=A0251","Female","Liver",165090,"","","",71750,"","","","","","","",68205,"","","",12950,"","","",3,69649,0.0,17.8,21.1,43.3,5.3,7.5,40.8,7.5,"","","","","",""
"A0251","Riverside","Norco, Corona, Riverside","https://www.californiahealthmaps.org?address=A0251","Male","Pancreas",183155,"","","",74890,"","","",15165,"","","",76510,"","","",12060,"","","",3,69649,0.0,17.8,21.1,43.3,5.3,7.5,40.8,7.5,"","","","","",""
"A0251","Riverside","Norco, Corona, Riverside","https://www.californiahealthmaps.org?address=A0251","Female","Pancreas",165090,"","","",71750,"","","","","","","",68205,"","","",12950,"","","",3,69649,0.0,17.8,21.1,43.3,5.3,7.5,40.8,7.5,"","","","","",""
"A0251","Riverside","Norco, Corona, Riverside","https://www.californiahealthmaps.org?address=A0251","Both","AllSite",348245,431.1,406.8,456.6,146640,449.3,417.1,483.9,22855,444.4,334.6,586.0,144715,406.6,359.2,459.9,25010,374.0,293.9,473.0,3,69649,0.0,17.8,21.1,43.3,5.3,7.5,40.8,7.5,"","","","","",""
"A0251","Riverside","Norco, Corona, Riverside","https://www.californiahealthmaps.org?address=A0251","Both","Lung",348245,52.5,43.7,62.5,146640,64.7,52.7,79.4,22855,"","","",144715,27.1,15.1,46.3,25010,"","","",3,69649,0.0,17.8,21.1,43.3,5.3,7.5,40.8,7.5,"","","","","",""
"A0251","Riverside","Norco, Corona, Riverside","https://www.californiahealthmaps.org?address=A0251","Both","CRC",348245,40.3,33.1,48.7,146640,40.8,31.7,52.5,22855,"","","",144715,34.2,21.5,53.4,25010,"","","",3,69649,0.0,17.8,21.1,43.3,5.3,7.5,40.8,7.5,"","","","","",""
"A0251","Riverside","Norco, Corona, Riverside","https://www.californiahealthmaps.org?address=A0251","Both","Mela",348245,25.8,20.3,32.5,146640,45.2,35.4,57.6,22855,"","","",144715,"","","",25010,"","","",3,69649,0.0,17.8,21.1,43.3,5.3,7.5,40.8,7.5,"","","","","",""
"A0251","Riverside","Norco, Corona, Riverside","https://www.californiahealthmaps.org?address=A0251","Both","Lymph",348245,19.5,14.6,25.7,146640,20.5,14.0,29.7,22855,"","","",144715,24.0,13.0,41.9,25010,"","","",3,69649,0.0,17.8,21.1,43.3,5.3,7.5,40.8,7.5,"","","","","",""
"A0251","Riverside","Norco, Corona, Riverside","https://www.californiahealthmaps.org?address=A0251","Both","Urinary",348245,9.7,6.1,14.7,146640,"","","",22855,"","","",144715,"","","",25010,"","","",3,69649,0.0,17.8,21.1,43.3,5.3,7.5,40.8,7.5,"","","","","",""
"A0251","Riverside","Norco, Corona, Riverside","https://www.californiahealthmaps.org?address=A0251","Both","Kidney",348245,15.4,11.3,20.8,146640,13.8,8.9,21.6,22855,"","","",144715,18.4,10.0,33.3,25010,"","","",3,69649,0.0,17.8,21.1,43.3,5.3,7.5,40.8,7.5,"","","","","",""
"A0251","Riverside","Norco, Corona, Riverside","https://www.californiahealthmaps.org?address=A0251","Both","Thyroid",348245,11.1,7.7,15.8,146640,14.4,9.0,22.8,22855,"","","",144715,"","","",25010,"","","",3,69649,0.0,17.8,21.1,43.3,5.3,7.5,40.8,7.5,"","","","","",""
"A0251","Riverside","Norco, Corona, Riverside","https://www.californiahealthmaps.org?address=A0251","Both","Liver",348245,9.9,6.6,14.6,146640,"","","",22855,"","","",144715,"","","",25010,"","","",3,69649,0.0,17.8,21.1,43.3,5.3,7.5,40.8,7.5,"","","","","",""
"A0251","Riverside","Norco, Corona, Riverside","https://www.californiahealthmaps.org?address=A0251","Both","Pancreas",348245,7.2,4.5,11.4,146640,"","","",22855,"","","",144715,"","","",25010,"","","",3,69649,0.0,17.8,21.1,43.3,5.3,7.5,40.8,7.5,"","","","","",""
