"Zone","Counties","Cities","URL","Sex","Cancer","PopTot","AAIR","LCI","UCI","White_PopTot","White_AAIR","White_LCI","White_UCI","Black_PopTot","Black_AAIR","Black_LCI","Black_UCI","Hispanic_PopTot","Hispanic_AAIR","Hispanic_LCI","Hispanic_UCI","Asian_PopTot","Asian_AAIR","Asian_LCI","Asian_UCI","QNSES","PopAll","PerRural","PerUninsured","PerForeignBorn","PerWhite","PerBlack","PerAsian","PerHispanic","PerAPI","PerDocvisit","PerFOBT","PerMammo","PerMenPrev","PerPap","PerWomenPrev"
"A0670","Los Angeles","Los Angeles","https://www.californiahealthmaps.org?address=A0670","Male","AllSite",167450,494.2,459.8,531.8,126010,488.9,451.7,530.3,"","","","",13235,413.9,267.7,629.7,17965,371.8,240.1,637.3,5,63965,0.0,12.6,26.9,73.8,3.6,9.9,8.8,9.9,"","","","","",""
"A0670","Los Angeles","Los Angeles","https://www.californiahealthmaps.org?address=A0670","Female","AllSite",152375,465.1,432.0,501.3,108665,492.3,453.5,535.3,"","","","",11645,426.1,295.6,615.0,21185,381.6,269.4,533.2,5,63965,0.0,12.6,26.9,73.8,3.6,9.9,8.8,9.9,"","","","","",""
"A0670","Los Angeles","Los Angeles","https://www.californiahealthmaps.org?address=A0670","Male","Prostate",167450,116.7,100.3,136.4,126010,114.4,97.0,136.3,"","","","",13235,"","","",17965,"","","",5,63965,0.0,12.6,26.9,73.8,3.6,9.9,8.8,9.9,"","","","","",""
"A0670","Los Angeles","Los Angeles","https://www.californiahealthmaps.org?address=A0670","Female","Breast",152375,160.9,141.5,183.4,108665,181.9,158.4,209.7,"","","","",11645,"","","",21185,"","","",5,63965,0.0,12.6,26.9,73.8,3.6,9.9,8.8,9.9,"","","","","",""
"A0670","Los Angeles","Los Angeles","https://www.californiahealthmaps.org?address=A0670","Male","Lung",167450,48.2,37.6,62.3,126010,47.3,36.3,63.3,"","","","",13235,"","","",17965,"","","",5,63965,0.0,12.6,26.9,73.8,3.6,9.9,8.8,9.9,"","","","","",""
"A0670","Los Angeles","Los Angeles","https://www.californiahealthmaps.org?address=A0670","Female","Lung",152375,40.6,31.4,53.2,108665,43.6,33.1,58.7,"","","","",11645,"","","",21185,"","","",5,63965,0.0,12.6,26.9,73.8,3.6,9.9,8.8,9.9,"","","","","",""
"A0670","Los Angeles","Los Angeles","https://www.californiahealthmaps.org?address=A0670","Male","CRC",167450,41.4,32.1,54.3,126010,40.0,30.2,54.7,"","","","",13235,"","","",17965,"","","",5,63965,0.0,12.6,26.9,73.8,3.6,9.9,8.8,9.9,"","","","","",""
"A0670","Los Angeles","Los Angeles","https://www.californiahealthmaps.org?address=A0670","Female","CRC",152375,30.1,22.2,41.4,108665,28.8,20.4,42.2,"","","","",11645,"","","",21185,"","","",5,63965,0.0,12.6,26.9,73.8,3.6,9.9,8.8,9.9,"","","","","",""
"A0670","Los Angeles","Los Angeles","https://www.californiahealthmaps.org?address=A0670","Male","Mela",167450,27.8,20.3,39.0,126010,31.3,22.7,45.0,"","","","",13235,"","","",17965,"","","",5,63965,0.0,12.6,26.9,73.8,3.6,9.9,8.8,9.9,"","","","","",""
"A0670","Los Angeles","Los Angeles","https://www.californiahealthmaps.org?address=A0670","Female","Mela",152375,19.2,13.1,28.9,108665,22.2,14.8,34.8,"","","","",11645,"","","",21185,"","","",5,63965,0.0,12.6,26.9,73.8,3.6,9.9,8.8,9.9,"","","","","",""
"A0670","Los Angeles","Los Angeles","https://www.californiahealthmaps.org?address=A0670","Female","Uterine",152375,33.4,25.0,45.3,108665,33.8,24.1,48.3,"","","","",11645,"","","",21185,"","","",5,63965,0.0,12.6,26.9,73.8,3.6,9.9,8.8,9.9,"","","","","",""
"A0670","Los Angeles","Los Angeles","https://www.californiahealthmaps.org?address=A0670","Male","Lymph",167450,28.1,20.6,39.3,126010,28.1,19.9,41.5,"","","","",13235,"","","",17965,"","","",5,63965,0.0,12.6,26.9,73.8,3.6,9.9,8.8,9.9,"","","","","",""
"A0670","Los Angeles","Los Angeles","https://www.californiahealthmaps.org?address=A0670","Female","Lymph",152375,15.3,9.9,24.5,108665,16.1,10.0,27.6,"","","","",11645,"","","",21185,"","","",5,63965,0.0,12.6,26.9,73.8,3.6,9.9,8.8,9.9,"","","","","",""
"A0670","Los Angeles","Los Angeles","https://www.californiahealthmaps.org?address=A0670","Male","Urinary",167450,17.0,11.2,26.7,126010,18.2,11.9,30.0,"","","","",13235,"","","",17965,"","","",5,63965,0.0,12.6,26.9,73.8,3.6,9.9,8.8,9.9,"","","","","",""
"A0670","Los Angeles","Los Angeles","https://www.californiahealthmaps.org?address=A0670","Female","Urinary",152375,"","","",108665,"","","","","","","",11645,"","","",21185,"","","",5,63965,0.0,12.6,26.9,73.8,3.6,9.9,8.8,9.9,"","","","","",""
"A0670","Los Angeles","Los Angeles","https://www.californiahealthmaps.org?address=A0670","Male","Kidney",167450,25.0,17.7,36.0,126010,24.2,16.6,37.0,"","","","",13235,"","","",17965,"","","",5,63965,0.0,12.6,26.9,73.8,3.6,9.9,8.8,9.9,"","","","","",""
"A0670","Los Angeles","Los Angeles","https://www.californiahealthmaps.org?address=A0670","Female","Kidney",152375,"","","",108665,"","","","","","","",11645,"","","",21185,"","","",5,63965,0.0,12.6,26.9,73.8,3.6,9.9,8.8,9.9,"","","","","",""
"A0670","Los Angeles","Los Angeles","https://www.californiahealthmaps.org?address=A0670","Male","Thyroid",167450,8.9,5.2,16.8,126010,9.6,5.3,19.9,"","","","",13235,"","","",17965,"","","",5,63965,0.0,12.6,26.9,73.8,3.6,9.9,8.8,9.9,"","","","","",""
"A0670","Los Angeles","Los Angeles","https://www.californiahealthmaps.org?address=A0670","Female","Thyroid",152375,25.8,18.5,36.7,108665,23.5,15.6,36.5,"","","","",11645,"","","",21185,"","","",5,63965,0.0,12.6,26.9,73.8,3.6,9.9,8.8,9.9,"","","","","",""
"A0670","Los Angeles","Los Angeles","https://www.californiahealthmaps.org?address=A0670","Male","Liver",167450,9.3,5.3,17.5,126010,"","","","","","","",13235,"","","",17965,"","","",5,63965,0.0,12.6,26.9,73.8,3.6,9.9,8.8,9.9,"","","","","",""
"A0670","Los Angeles","Los Angeles","https://www.californiahealthmaps.org?address=A0670","Female","Liver",152375,"","","",108665,"","","","","","","",11645,"","","",21185,"","","",5,63965,0.0,12.6,26.9,73.8,3.6,9.9,8.8,9.9,"","","","","",""
"A0670","Los Angeles","Los Angeles","https://www.californiahealthmaps.org?address=A0670","Male","Pancreas",167450,20.8,14.1,31.4,126010,17.5,11.1,29.5,"","","","",13235,"","","",17965,"","","",5,63965,0.0,12.6,26.9,73.8,3.6,9.9,8.8,9.9,"","","","","",""
"A0670","Los Angeles","Los Angeles","https://www.californiahealthmaps.org?address=A0670","Female","Pancreas",152375,14.1,9.1,22.9,108665,15.3,9.5,26.5,"","","","",11645,"","","",21185,"","","",5,63965,0.0,12.6,26.9,73.8,3.6,9.9,8.8,9.9,"","","","","",""
"A0670","Los Angeles","Los Angeles","https://www.californiahealthmaps.org?address=A0670","Both","AllSite",319825,471.5,448.0,496.5,234675,480.8,454.5,509.1,10525,557.9,424.7,759.8,24880,411.5,314.5,536.0,39150,387.7,295.4,506.6,5,63965,0.0,12.6,26.9,73.8,3.6,9.9,8.8,9.9,"","","","","",""
"A0670","Los Angeles","Los Angeles","https://www.californiahealthmaps.org?address=A0670","Both","Lung",319825,43.9,36.9,52.6,234675,44.9,37.2,54.8,10525,"","","",24880,"","","",39150,"","","",5,63965,0.0,12.6,26.9,73.8,3.6,9.9,8.8,9.9,"","","","","",""
"A0670","Los Angeles","Los Angeles","https://www.californiahealthmaps.org?address=A0670","Both","CRC",319825,35.2,29.1,42.9,234675,34.1,27.6,42.9,10525,"","","",24880,"","","",39150,"","","",5,63965,0.0,12.6,26.9,73.8,3.6,9.9,8.8,9.9,"","","","","",""
"A0670","Los Angeles","Los Angeles","https://www.californiahealthmaps.org?address=A0670","Both","Mela",319825,23.1,18.3,29.6,234675,26.3,20.6,34.4,10525,"","","",24880,"","","",39150,"","","",5,63965,0.0,12.6,26.9,73.8,3.6,9.9,8.8,9.9,"","","","","",""
"A0670","Los Angeles","Los Angeles","https://www.californiahealthmaps.org?address=A0670","Both","Lymph",319825,21.9,17.1,28.4,234675,22.3,17.0,30.0,10525,"","","",24880,"","","",39150,"","","",5,63965,0.0,12.6,26.9,73.8,3.6,9.9,8.8,9.9,"","","","","",""
"A0670","Los Angeles","Los Angeles","https://www.californiahealthmaps.org?address=A0670","Both","Urinary",319825,10.1,7.1,15.0,234675,11.2,7.8,17.2,10525,"","","",24880,"","","",39150,"","","",5,63965,0.0,12.6,26.9,73.8,3.6,9.9,8.8,9.9,"","","","","",""
"A0670","Los Angeles","Los Angeles","https://www.californiahealthmaps.org?address=A0670","Both","Kidney",319825,16.7,12.5,22.7,234675,16.0,11.6,22.9,10525,"","","",24880,"","","",39150,"","","",5,63965,0.0,12.6,26.9,73.8,3.6,9.9,8.8,9.9,"","","","","",""
"A0670","Los Angeles","Los Angeles","https://www.californiahealthmaps.org?address=A0670","Both","Thyroid",319825,17.0,12.9,22.8,234675,16.4,11.9,23.4,10525,"","","",24880,"","","",39150,"","","",5,63965,0.0,12.6,26.9,73.8,3.6,9.9,8.8,9.9,"","","","","",""
"A0670","Los Angeles","Los Angeles","https://www.californiahealthmaps.org?address=A0670","Both","Liver",319825,6.8,4.2,11.3,234675,5.9,3.2,11.4,10525,"","","",24880,"","","",39150,"","","",5,63965,0.0,12.6,26.9,73.8,3.6,9.9,8.8,9.9,"","","","","",""
"A0670","Los Angeles","Los Angeles","https://www.californiahealthmaps.org?address=A0670","Both","Pancreas",319825,17.1,12.9,23.1,234675,16.1,11.7,23.0,10525,"","","",24880,"","","",39150,"","","",5,63965,0.0,12.6,26.9,73.8,3.6,9.9,8.8,9.9,"","","","","",""
