"Zone","Counties","Cities","URL","Sex","Cancer","PopTot","AAIR","LCI","UCI","White_PopTot","White_AAIR","White_LCI","White_UCI","Black_PopTot","Black_AAIR","Black_LCI","Black_UCI","Hispanic_PopTot","Hispanic_AAIR","Hispanic_LCI","Hispanic_UCI","Asian_PopTot","Asian_AAIR","Asian_LCI","Asian_UCI","QNSES","PopAll","PerRural","PerUninsured","PerForeignBorn","PerWhite","PerBlack","PerAsian","PerHispanic","PerAPI","PerDocvisit","PerFOBT","PerMammo","PerMenPrev","PerPap","PerWomenPrev"
"A0330","Contra Costa","Walnut Creek","https://www.californiahealthmaps.org?address=A0330","Male","AllSite",138275,545.2,506.3,586.6,95575,557.2,513.0,605.0,"","","","",17070,483.0,339.0,680.8,16380,384.5,282.8,516.9,5,57670,0.0,9.9,22.8,70.7,1.8,11.3,12.5,11.3,"","","","","",""
"A0330","Contra Costa","Walnut Creek","https://www.californiahealthmaps.org?address=A0330","Female","AllSite",150075,420.1,390.2,452.3,103150,421.5,387.2,459.4,"","","","",17220,429.8,322.9,564.7,20175,395.2,310.7,502.4,5,57670,0.0,9.9,22.8,70.7,1.8,11.3,12.5,11.3,"","","","","",""
"A0330","Contra Costa","Walnut Creek","https://www.californiahealthmaps.org?address=A0330","Male","Prostate",138275,121.5,103.6,142.0,95575,122.1,102.1,145.8,"","","","",17070,"","","",16380,"","","",5,57670,0.0,9.9,22.8,70.7,1.8,11.3,12.5,11.3,"","","","","",""
"A0330","Contra Costa","Walnut Creek","https://www.californiahealthmaps.org?address=A0330","Female","Breast",150075,141.2,124.1,160.6,103150,143.6,124.0,166.9,"","","","",17220,113.4,61.9,195.3,20175,126.8,81.8,196.2,5,57670,0.0,9.9,22.8,70.7,1.8,11.3,12.5,11.3,"","","","","",""
"A0330","Contra Costa","Walnut Creek","https://www.californiahealthmaps.org?address=A0330","Male","Lung",138275,46.3,35.3,60.0,95575,47.4,35.2,63.7,"","","","",17070,"","","",16380,"","","",5,57670,0.0,9.9,22.8,70.7,1.8,11.3,12.5,11.3,"","","","","",""
"A0330","Contra Costa","Walnut Creek","https://www.californiahealthmaps.org?address=A0330","Female","Lung",150075,36.6,28.2,47.6,103150,38.3,28.5,52.1,"","","","",17220,"","","",20175,"","","",5,57670,0.0,9.9,22.8,70.7,1.8,11.3,12.5,11.3,"","","","","",""
"A0330","Contra Costa","Walnut Creek","https://www.californiahealthmaps.org?address=A0330","Male","CRC",138275,51.2,39.9,65.1,95575,50.0,37.6,66.4,"","","","",17070,"","","",16380,"","","",5,57670,0.0,9.9,22.8,70.7,1.8,11.3,12.5,11.3,"","","","","",""
"A0330","Contra Costa","Walnut Creek","https://www.californiahealthmaps.org?address=A0330","Female","CRC",150075,34.4,26.3,45.0,103150,31.6,22.8,44.6,"","","","",17220,"","","",20175,"","","",5,57670,0.0,9.9,22.8,70.7,1.8,11.3,12.5,11.3,"","","","","",""
"A0330","Contra Costa","Walnut Creek","https://www.californiahealthmaps.org?address=A0330","Male","Mela",138275,70.4,56.9,86.5,95575,79.7,63.5,99.8,"","","","",17070,"","","",16380,"","","",5,57670,0.0,9.9,22.8,70.7,1.8,11.3,12.5,11.3,"","","","","",""
"A0330","Contra Costa","Walnut Creek","https://www.californiahealthmaps.org?address=A0330","Female","Mela",150075,40.0,30.9,51.6,103150,48.8,36.8,64.9,"","","","",17220,"","","",20175,"","","",5,57670,0.0,9.9,22.8,70.7,1.8,11.3,12.5,11.3,"","","","","",""
"A0330","Contra Costa","Walnut Creek","https://www.californiahealthmaps.org?address=A0330","Female","Uterine",150075,28.2,20.8,38.1,103150,25.3,17.5,37.3,"","","","",17220,"","","",20175,"","","",5,57670,0.0,9.9,22.8,70.7,1.8,11.3,12.5,11.3,"","","","","",""
"A0330","Contra Costa","Walnut Creek","https://www.californiahealthmaps.org?address=A0330","Male","Lymph",138275,26.3,18.1,37.1,95575,26.4,17.3,39.6,"","","","",17070,"","","",16380,"","","",5,57670,0.0,9.9,22.8,70.7,1.8,11.3,12.5,11.3,"","","","","",""
"A0330","Contra Costa","Walnut Creek","https://www.californiahealthmaps.org?address=A0330","Female","Lymph",150075,25.6,18.8,34.9,103150,25.7,18.1,37.4,"","","","",17220,"","","",20175,"","","",5,57670,0.0,9.9,22.8,70.7,1.8,11.3,12.5,11.3,"","","","","",""
"A0330","Contra Costa","Walnut Creek","https://www.californiahealthmaps.org?address=A0330","Male","Urinary",138275,21.3,14.1,31.2,95575,21.4,13.5,33.6,"","","","",17070,"","","",16380,"","","",5,57670,0.0,9.9,22.8,70.7,1.8,11.3,12.5,11.3,"","","","","",""
"A0330","Contra Costa","Walnut Creek","https://www.californiahealthmaps.org?address=A0330","Female","Urinary",150075,"","","",103150,"","","","","","","",17220,"","","",20175,"","","",5,57670,0.0,9.9,22.8,70.7,1.8,11.3,12.5,11.3,"","","","","",""
"A0330","Contra Costa","Walnut Creek","https://www.californiahealthmaps.org?address=A0330","Male","Kidney",138275,20.2,13.4,29.7,95575,19.3,12.1,30.7,"","","","",17070,"","","",16380,"","","",5,57670,0.0,9.9,22.8,70.7,1.8,11.3,12.5,11.3,"","","","","",""
"A0330","Contra Costa","Walnut Creek","https://www.californiahealthmaps.org?address=A0330","Female","Kidney",150075,"","","",103150,"","","","","","","",17220,"","","",20175,"","","",5,57670,0.0,9.9,22.8,70.7,1.8,11.3,12.5,11.3,"","","","","",""
"A0330","Contra Costa","Walnut Creek","https://www.californiahealthmaps.org?address=A0330","Male","Thyroid",138275,"","","",95575,"","","","","","","",17070,"","","",16380,"","","",5,57670,0.0,9.9,22.8,70.7,1.8,11.3,12.5,11.3,"","","","","",""
"A0330","Contra Costa","Walnut Creek","https://www.californiahealthmaps.org?address=A0330","Female","Thyroid",150075,11.9,7.2,19.5,103150,"","","","","","","",17220,"","","",20175,"","","",5,57670,0.0,9.9,22.8,70.7,1.8,11.3,12.5,11.3,"","","","","",""
"A0330","Contra Costa","Walnut Creek","https://www.californiahealthmaps.org?address=A0330","Male","Liver",138275,"","","",95575,"","","","","","","",17070,"","","",16380,"","","",5,57670,0.0,9.9,22.8,70.7,1.8,11.3,12.5,11.3,"","","","","",""
"A0330","Contra Costa","Walnut Creek","https://www.californiahealthmaps.org?address=A0330","Female","Liver",150075,"","","",103150,"","","","","","","",17220,"","","",20175,"","","",5,57670,0.0,9.9,22.8,70.7,1.8,11.3,12.5,11.3,"","","","","",""
"A0330","Contra Costa","Walnut Creek","https://www.californiahealthmaps.org?address=A0330","Male","Pancreas",138275,16.1,10.1,24.9,95575,15.6,9.1,26.4,"","","","",17070,"","","",16380,"","","",5,57670,0.0,9.9,22.8,70.7,1.8,11.3,12.5,11.3,"","","","","",""
"A0330","Contra Costa","Walnut Creek","https://www.californiahealthmaps.org?address=A0330","Female","Pancreas",150075,7.1,3.7,13.5,103150,"","","","","","","",17220,"","","",20175,"","","",5,57670,0.0,9.9,22.8,70.7,1.8,11.3,12.5,11.3,"","","","","",""
"A0330","Contra Costa","Walnut Creek","https://www.californiahealthmaps.org?address=A0330","Both","AllSite",288350,467.5,444.0,492.3,198725,474.1,447.1,502.9,"","","","",34290,437.0,352.2,538.2,36555,389.8,324.2,466.8,5,57670,0.0,9.9,22.8,70.7,1.8,11.3,12.5,11.3,"","","","","",""
"A0330","Contra Costa","Walnut Creek","https://www.californiahealthmaps.org?address=A0330","Both","Lung",288350,40.0,33.2,47.9,198725,41.2,33.6,50.8,"","","","",34290,"","","",36555,50.6,28.0,86.4,5,57670,0.0,9.9,22.8,70.7,1.8,11.3,12.5,11.3,"","","","","",""
"A0330","Contra Costa","Walnut Creek","https://www.californiahealthmaps.org?address=A0330","Both","CRC",288350,41.6,34.8,49.6,198725,39.7,32.2,49.0,"","","","",34290,"","","",36555,45.7,25.6,78.3,5,57670,0.0,9.9,22.8,70.7,1.8,11.3,12.5,11.3,"","","","","",""
"A0330","Contra Costa","Walnut Creek","https://www.californiahealthmaps.org?address=A0330","Both","Mela",288350,52.2,44.4,61.1,198725,60.9,51.2,72.5,"","","","",34290,"","","",36555,"","","",5,57670,0.0,9.9,22.8,70.7,1.8,11.3,12.5,11.3,"","","","","",""
"A0330","Contra Costa","Walnut Creek","https://www.californiahealthmaps.org?address=A0330","Both","Lymph",288350,25.8,20.5,32.4,198725,25.8,19.9,33.5,"","","","",34290,"","","",36555,"","","",5,57670,0.0,9.9,22.8,70.7,1.8,11.3,12.5,11.3,"","","","","",""
"A0330","Contra Costa","Walnut Creek","https://www.californiahealthmaps.org?address=A0330","Both","Urinary",288350,11.2,7.8,15.9,198725,11.6,7.7,17.4,"","","","",34290,"","","",36555,"","","",5,57670,0.0,9.9,22.8,70.7,1.8,11.3,12.5,11.3,"","","","","",""
"A0330","Contra Costa","Walnut Creek","https://www.californiahealthmaps.org?address=A0330","Both","Kidney",288350,12.9,9.2,17.8,198725,12.2,8.3,18.0,"","","","",34290,"","","",36555,"","","",5,57670,0.0,9.9,22.8,70.7,1.8,11.3,12.5,11.3,"","","","","",""
"A0330","Contra Costa","Walnut Creek","https://www.californiahealthmaps.org?address=A0330","Both","Thyroid",288350,10.2,7.0,14.8,198725,9.5,5.9,15.3,"","","","",34290,"","","",36555,"","","",5,57670,0.0,9.9,22.8,70.7,1.8,11.3,12.5,11.3,"","","","","",""
"A0330","Contra Costa","Walnut Creek","https://www.californiahealthmaps.org?address=A0330","Both","Liver",288350,5.3,3.1,8.8,198725,"","","","","","","",34290,"","","",36555,"","","",5,57670,0.0,9.9,22.8,70.7,1.8,11.3,12.5,11.3,"","","","","",""
"A0330","Contra Costa","Walnut Creek","https://www.californiahealthmaps.org?address=A0330","Both","Pancreas",288350,10.8,7.5,15.4,198725,10.8,7.0,16.6,"","","","",34290,"","","",36555,"","","",5,57670,0.0,9.9,22.8,70.7,1.8,11.3,12.5,11.3,"","","","","",""
