"Zone","Counties","Cities","URL","Sex","Cancer","PopTot","AAIR","LCI","UCI","White_PopTot","White_AAIR","White_LCI","White_UCI","Black_PopTot","Black_AAIR","Black_LCI","Black_UCI","Hispanic_PopTot","Hispanic_AAIR","Hispanic_LCI","Hispanic_UCI","Asian_PopTot","Asian_AAIR","Asian_LCI","Asian_UCI","QNSES","PopAll","PerRural","PerUninsured","PerForeignBorn","PerWhite","PerBlack","PerAsian","PerHispanic","PerAPI","PerDocvisit","PerFOBT","PerMammo","PerMenPrev","PerPap","PerWomenPrev"
"A0712","Los Angeles","Los Angeles","https://www.californiahealthmaps.org?address=A0712","Male","AllSite",155390,407.5,372.2,445.7,45115,461.3,407.3,523.8,"","","","",94220,329.8,275.5,394.0,"","","","",2,61879,0.3,25.5,42.9,29.4,2.2,8.9,57.9,8.9,63.1,55.0,79.0,21.9,84.7,27.5
"A0712","Los Angeles","Los Angeles","https://www.californiahealthmaps.org?address=A0712","Female","AllSite",154005,388.9,357.7,422.4,44180,466.8,412.6,530.2,"","","","",92845,338.1,293.3,388.9,11165,330.4,238.6,461.6,2,61879,0.3,25.5,42.9,29.4,2.2,8.9,57.9,8.9,63.1,55.0,79.0,21.9,84.7,27.5
"A0712","Los Angeles","Los Angeles","https://www.californiahealthmaps.org?address=A0712","Male","Prostate",155390,79.6,64.6,97.5,45115,83.8,62.5,114.3,"","","","",94220,69.2,46.1,103.0,"","","","",2,61879,0.3,25.5,42.9,29.4,2.2,8.9,57.9,8.9,63.1,55.0,79.0,21.9,84.7,27.5
"A0712","Los Angeles","Los Angeles","https://www.californiahealthmaps.org?address=A0712","Female","Breast",154005,119.5,102.5,138.8,44180,143.5,113.8,183.1,"","","","",92845,106.2,82.4,136.0,11165,111.1,62.8,202.8,2,61879,0.3,25.5,42.9,29.4,2.2,8.9,57.9,8.9,63.1,55.0,79.0,21.9,84.7,27.5
"A0712","Los Angeles","Los Angeles","https://www.californiahealthmaps.org?address=A0712","Male","Lung",155390,56.8,43.6,73.1,45115,66.4,47.4,94.8,"","","","",94220,"","","","","","","",2,61879,0.3,25.5,42.9,29.4,2.2,8.9,57.9,8.9,63.1,55.0,79.0,21.9,84.7,27.5
"A0712","Los Angeles","Los Angeles","https://www.californiahealthmaps.org?address=A0712","Female","Lung",154005,37.4,28.0,49.3,44180,50.3,34.6,76.7,"","","","",92845,"","","",11165,"","","",2,61879,0.3,25.5,42.9,29.4,2.2,8.9,57.9,8.9,63.1,55.0,79.0,21.9,84.7,27.5
"A0712","Los Angeles","Los Angeles","https://www.californiahealthmaps.org?address=A0712","Male","CRC",155390,53.4,41.2,68.5,45115,53.0,35.6,80.3,"","","","",94220,52.4,32.2,83.7,"","","","",2,61879,0.3,25.5,42.9,29.4,2.2,8.9,57.9,8.9,63.1,55.0,79.0,21.9,84.7,27.5
"A0712","Los Angeles","Los Angeles","https://www.californiahealthmaps.org?address=A0712","Female","CRC",154005,34.6,25.9,45.7,44180,36.0,23.0,60.2,"","","","",92845,24.1,13.3,41.6,11165,"","","",2,61879,0.3,25.5,42.9,29.4,2.2,8.9,57.9,8.9,63.1,55.0,79.0,21.9,84.7,27.5
"A0712","Los Angeles","Los Angeles","https://www.californiahealthmaps.org?address=A0712","Male","Mela",155390,24.1,15.8,35.6,45115,48.0,30.6,75.7,"","","","",94220,"","","","","","","",2,61879,0.3,25.5,42.9,29.4,2.2,8.9,57.9,8.9,63.1,55.0,79.0,21.9,84.7,27.5
"A0712","Los Angeles","Los Angeles","https://www.californiahealthmaps.org?address=A0712","Female","Mela",154005,"","","",44180,"","","","","","","",92845,"","","",11165,"","","",2,61879,0.3,25.5,42.9,29.4,2.2,8.9,57.9,8.9,63.1,55.0,79.0,21.9,84.7,27.5
"A0712","Los Angeles","Los Angeles","https://www.californiahealthmaps.org?address=A0712","Female","Uterine",154005,30.1,22.1,40.5,44180,39.2,23.8,66.2,"","","","",92845,29.2,17.9,46.8,11165,"","","",2,61879,0.3,25.5,42.9,29.4,2.2,8.9,57.9,8.9,63.1,55.0,79.0,21.9,84.7,27.5
"A0712","Los Angeles","Los Angeles","https://www.californiahealthmaps.org?address=A0712","Male","Lymph",155390,22.4,15.1,32.6,45115,"","","","","","","",94220,34.9,19.5,61.4,"","","","",2,61879,0.3,25.5,42.9,29.4,2.2,8.9,57.9,8.9,63.1,55.0,79.0,21.9,84.7,27.5
"A0712","Los Angeles","Los Angeles","https://www.californiahealthmaps.org?address=A0712","Female","Lymph",154005,16.8,10.8,25.2,44180,"","","","","","","",92845,"","","",11165,"","","",2,61879,0.3,25.5,42.9,29.4,2.2,8.9,57.9,8.9,63.1,55.0,79.0,21.9,84.7,27.5
"A0712","Los Angeles","Los Angeles","https://www.californiahealthmaps.org?address=A0712","Male","Urinary",155390,18.8,11.5,29.4,45115,30.8,18.2,53.7,"","","","",94220,"","","","","","","",2,61879,0.3,25.5,42.9,29.4,2.2,8.9,57.9,8.9,63.1,55.0,79.0,21.9,84.7,27.5
"A0712","Los Angeles","Los Angeles","https://www.californiahealthmaps.org?address=A0712","Female","Urinary",154005,"","","",44180,"","","","","","","",92845,"","","",11165,"","","",2,61879,0.3,25.5,42.9,29.4,2.2,8.9,57.9,8.9,63.1,55.0,79.0,21.9,84.7,27.5
"A0712","Los Angeles","Los Angeles","https://www.californiahealthmaps.org?address=A0712","Male","Kidney",155390,18.0,11.1,27.9,45115,26.8,14.9,49.3,"","","","",94220,"","","","","","","",2,61879,0.3,25.5,42.9,29.4,2.2,8.9,57.9,8.9,63.1,55.0,79.0,21.9,84.7,27.5
"A0712","Los Angeles","Los Angeles","https://www.californiahealthmaps.org?address=A0712","Female","Kidney",154005,12.8,7.6,20.5,44180,"","","","","","","",92845,"","","",11165,"","","",2,61879,0.3,25.5,42.9,29.4,2.2,8.9,57.9,8.9,63.1,55.0,79.0,21.9,84.7,27.5
"A0712","Los Angeles","Los Angeles","https://www.californiahealthmaps.org?address=A0712","Male","Thyroid",155390,"","","",45115,"","","","","","","",94220,"","","","","","","",2,61879,0.3,25.5,42.9,29.4,2.2,8.9,57.9,8.9,63.1,55.0,79.0,21.9,84.7,27.5
"A0712","Los Angeles","Los Angeles","https://www.californiahealthmaps.org?address=A0712","Female","Thyroid",154005,21.3,14.5,30.5,44180,"","","","","","","",92845,22.9,13.6,38.4,11165,"","","",2,61879,0.3,25.5,42.9,29.4,2.2,8.9,57.9,8.9,63.1,55.0,79.0,21.9,84.7,27.5
"A0712","Los Angeles","Los Angeles","https://www.californiahealthmaps.org?address=A0712","Male","Liver",155390,11.2,6.3,19.0,45115,"","","","","","","",94220,"","","","","","","",2,61879,0.3,25.5,42.9,29.4,2.2,8.9,57.9,8.9,63.1,55.0,79.0,21.9,84.7,27.5
"A0712","Los Angeles","Los Angeles","https://www.californiahealthmaps.org?address=A0712","Female","Liver",154005,"","","",44180,"","","","","","","",92845,"","","",11165,"","","",2,61879,0.3,25.5,42.9,29.4,2.2,8.9,57.9,8.9,63.1,55.0,79.0,21.9,84.7,27.5
"A0712","Los Angeles","Los Angeles","https://www.californiahealthmaps.org?address=A0712","Male","Pancreas",155390,"","","",45115,"","","","","","","",94220,"","","","","","","",2,61879,0.3,25.5,42.9,29.4,2.2,8.9,57.9,8.9,63.1,55.0,79.0,21.9,84.7,27.5
"A0712","Los Angeles","Los Angeles","https://www.californiahealthmaps.org?address=A0712","Female","Pancreas",154005,13.6,8.1,21.7,44180,"","","","","","","",92845,"","","",11165,"","","",2,61879,0.3,25.5,42.9,29.4,2.2,8.9,57.9,8.9,63.1,55.0,79.0,21.9,84.7,27.5
"A0712","Los Angeles","Los Angeles","https://www.californiahealthmaps.org?address=A0712","Both","AllSite",309395,393.3,370.1,417.8,89295,458.9,420.9,501.1,"","","","",187065,328.0,293.7,365.8,21110,401.7,325.3,498.5,2,61879,0.3,25.5,42.9,29.4,2.2,8.9,57.9,8.9,63.1,55.0,79.0,21.9,84.7,27.5
"A0712","Los Angeles","Los Angeles","https://www.californiahealthmaps.org?address=A0712","Both","Lung",309395,45.4,37.5,54.6,89295,56.2,44.1,73.1,"","","","",187065,28.6,18.3,43.2,21110,71.3,40.7,126.0,2,61879,0.3,25.5,42.9,29.4,2.2,8.9,57.9,8.9,63.1,55.0,79.0,21.9,84.7,27.5
"A0712","Los Angeles","Los Angeles","https://www.californiahealthmaps.org?address=A0712","Both","CRC",309395,43.5,36.1,52.2,89295,44.5,33.4,60.5,"","","","",187065,36.2,25.2,51.0,21110,73.4,42.2,128.6,2,61879,0.3,25.5,42.9,29.4,2.2,8.9,57.9,8.9,63.1,55.0,79.0,21.9,84.7,27.5
"A0712","Los Angeles","Los Angeles","https://www.californiahealthmaps.org?address=A0712","Both","Mela",309395,14.4,10.2,19.9,89295,30.2,20.5,45.0,"","","","",187065,"","","",21110,"","","",2,61879,0.3,25.5,42.9,29.4,2.2,8.9,57.9,8.9,63.1,55.0,79.0,21.9,84.7,27.5
"A0712","Los Angeles","Los Angeles","https://www.californiahealthmaps.org?address=A0712","Both","Lymph",309395,19.6,14.8,25.8,89295,21.5,13.6,34.9,"","","","",187065,22.5,14.5,34.4,21110,"","","",2,61879,0.3,25.5,42.9,29.4,2.2,8.9,57.9,8.9,63.1,55.0,79.0,21.9,84.7,27.5
"A0712","Los Angeles","Los Angeles","https://www.californiahealthmaps.org?address=A0712","Both","Urinary",309395,10.9,7.2,16.1,89295,18.7,11.9,30.9,"","","","",187065,"","","",21110,"","","",2,61879,0.3,25.5,42.9,29.4,2.2,8.9,57.9,8.9,63.1,55.0,79.0,21.9,84.7,27.5
"A0712","Los Angeles","Los Angeles","https://www.californiahealthmaps.org?address=A0712","Both","Kidney",309395,15.1,10.8,20.8,89295,20.7,13.1,33.6,"","","","",187065,"","","",21110,"","","",2,61879,0.3,25.5,42.9,29.4,2.2,8.9,57.9,8.9,63.1,55.0,79.0,21.9,84.7,27.5
"A0712","Los Angeles","Los Angeles","https://www.californiahealthmaps.org?address=A0712","Both","Thyroid",309395,14.9,10.8,20.3,89295,13.5,7.3,25.4,"","","","",187065,15.3,9.6,24.5,21110,"","","",2,61879,0.3,25.5,42.9,29.4,2.2,8.9,57.9,8.9,63.1,55.0,79.0,21.9,84.7,27.5
"A0712","Los Angeles","Los Angeles","https://www.californiahealthmaps.org?address=A0712","Both","Liver",309395,8.5,5.6,12.7,89295,"","","","","","","",187065,11.2,5.9,20.3,21110,"","","",2,61879,0.3,25.5,42.9,29.4,2.2,8.9,57.9,8.9,63.1,55.0,79.0,21.9,84.7,27.5
"A0712","Los Angeles","Los Angeles","https://www.californiahealthmaps.org?address=A0712","Both","Pancreas",309395,11.8,8.0,17.0,89295,10.7,5.9,21.1,"","","","",187065,"","","",21110,"","","",2,61879,0.3,25.5,42.9,29.4,2.2,8.9,57.9,8.9,63.1,55.0,79.0,21.9,84.7,27.5
