"Zone","Counties","Cities","URL","Sex","Cancer","PopTot","AAIR","LCI","UCI","White_PopTot","White_AAIR","White_LCI","White_UCI","Black_PopTot","Black_AAIR","Black_LCI","Black_UCI","Hispanic_PopTot","Hispanic_AAIR","Hispanic_LCI","Hispanic_UCI","Asian_PopTot","Asian_AAIR","Asian_LCI","Asian_UCI","QNSES","PopAll","PerRural","PerUninsured","PerForeignBorn","PerWhite","PerBlack","PerAsian","PerHispanic"
"A0137","Los Angeles","Bellflower","https://www.californiahealthmaps.org?address=A0137","Male","AllSite",155105,505.6,463.5,551.0,32980,549.6,483.2,627.5,18155,822.8,597.6,1209.1,81785,460.7,385.1,551.0,18325,336.3,250.4,450.5,2,63663,0.0,20.4,29.5,21.2,13.1,11.5,52.2
"A0137","Los Angeles","Bellflower","https://www.californiahealthmaps.org?address=A0137","Female","AllSite",163210,380.6,349.8,413.5,33865,388.0,332.8,455.4,20670,469.6,357.3,611.7,83515,366.1,312.6,427.7,21090,411.4,332.8,507.2,2,63663,0.0,20.4,29.5,21.2,13.1,11.5,52.2
"A0137","Los Angeles","Bellflower","https://www.californiahealthmaps.org?address=A0137","Male","Prostate",155105,127.4,106.9,151.2,32980,124.7,95.4,166.3,18155,225.9,142.5,505.8,81785,117.5,82.4,168.0,18325,"","","",2,63663,0.0,20.4,29.5,21.2,13.1,11.5,52.2
"A0137","Los Angeles","Bellflower","https://www.californiahealthmaps.org?address=A0137","Female","Breast",163210,118.3,101.6,137.2,33865,95.2,70.1,133.9,20670,155.3,98.9,241.2,83515,117.4,88.6,154.3,21090,143.8,99.6,206.0,2,63663,0.0,20.4,29.5,21.2,13.1,11.5,52.2
"A0137","Los Angeles","Bellflower","https://www.californiahealthmaps.org?address=A0137","Male","Lung",155105,75.5,59.2,95.4,32980,83.4,59.5,120.2,18155,"","","",81785,55.3,29.3,99.2,18325,"","","",2,63663,0.0,20.4,29.5,21.2,13.1,11.5,52.2
"A0137","Los Angeles","Bellflower","https://www.californiahealthmaps.org?address=A0137","Female","Lung",163210,29.8,21.4,40.6,33865,30.2,17.7,58.6,20670,"","","",83515,"","","",21090,"","","",2,63663,0.0,20.4,29.5,21.2,13.1,11.5,52.2
"A0137","Los Angeles","Bellflower","https://www.californiahealthmaps.org?address=A0137","Male","CRC",155105,42.3,30.7,57.5,32980,52.0,32.5,85.7,18155,"","","",81785,"","","",18325,"","","",2,63663,0.0,20.4,29.5,21.2,13.1,11.5,52.2
"A0137","Los Angeles","Bellflower","https://www.californiahealthmaps.org?address=A0137","Female","CRC",163210,39.0,29.3,51.1,33865,38.8,22.2,71.1,20670,"","","",83515,40.0,22.8,66.7,21090,"","","",2,63663,0.0,20.4,29.5,21.2,13.1,11.5,52.2
"A0137","Los Angeles","Bellflower","https://www.californiahealthmaps.org?address=A0137","Male","Mela",155105,15.5,8.7,26.0,32980,32.9,18.3,62.2,18155,"","","",81785,"","","",18325,"","","",2,63663,0.0,20.4,29.5,21.2,13.1,11.5,52.2
"A0137","Los Angeles","Bellflower","https://www.californiahealthmaps.org?address=A0137","Female","Mela",163210,13.5,8.3,21.1,33865,36.2,21.6,66.4,20670,"","","",83515,"","","",21090,"","","",2,63663,0.0,20.4,29.5,21.2,13.1,11.5,52.2
"A0137","Los Angeles","Bellflower","https://www.californiahealthmaps.org?address=A0137","Female","Uterine",163210,28.4,20.6,38.5,33865,32.0,18.7,61.1,20670,"","","",83515,"","","",21090,"","","",2,63663,0.0,20.4,29.5,21.2,13.1,11.5,52.2
"A0137","Los Angeles","Bellflower","https://www.californiahealthmaps.org?address=A0137","Male","Lymph",155105,28.0,18.7,40.8,32980,"","","",18155,"","","",81785,"","","",18325,"","","",2,63663,0.0,20.4,29.5,21.2,13.1,11.5,52.2
"A0137","Los Angeles","Bellflower","https://www.californiahealthmaps.org?address=A0137","Female","Lymph",163210,18.9,12.6,27.7,33865,28.5,14.4,59.3,20670,"","","",83515,"","","",21090,"","","",2,63663,0.0,20.4,29.5,21.2,13.1,11.5,52.2
"A0137","Los Angeles","Bellflower","https://www.californiahealthmaps.org?address=A0137","Male","Urinary",155105,14.6,8.0,25.0,32980,"","","",18155,"","","",81785,"","","",18325,"","","",2,63663,0.0,20.4,29.5,21.2,13.1,11.5,52.2
"A0137","Los Angeles","Bellflower","https://www.californiahealthmaps.org?address=A0137","Female","Urinary",163210,6.2,2.8,12.2,33865,"","","",20670,"","","",83515,"","","",21090,"","","",2,63663,0.0,20.4,29.5,21.2,13.1,11.5,52.2
"A0137","Los Angeles","Bellflower","https://www.californiahealthmaps.org?address=A0137","Male","Kidney",155105,20.4,13.2,31.0,32980,"","","",18155,"","","",81785,"","","",18325,"","","",2,63663,0.0,20.4,29.5,21.2,13.1,11.5,52.2
"A0137","Los Angeles","Bellflower","https://www.californiahealthmaps.org?address=A0137","Female","Kidney",163210,8.9,4.8,15.5,33865,"","","",20670,"","","",83515,"","","",21090,"","","",2,63663,0.0,20.4,29.5,21.2,13.1,11.5,52.2
"A0137","Los Angeles","Bellflower","https://www.californiahealthmaps.org?address=A0137","Male","Thyroid",155105,3.2,1.0,9.2,32980,"","","",18155,"","","",81785,"","","",18325,"","","",2,63663,0.0,20.4,29.5,21.2,13.1,11.5,52.2
"A0137","Los Angeles","Bellflower","https://www.californiahealthmaps.org?address=A0137","Female","Thyroid",163210,18.6,12.5,27.1,33865,"","","",20670,"","","",83515,22.8,13.1,40.7,21090,"","","",2,63663,0.0,20.4,29.5,21.2,13.1,11.5,52.2
"A0137","Los Angeles","Bellflower","https://www.californiahealthmaps.org?address=A0137","Both","AllSite",318315,429.0,404.1,455.1,66845,454.9,412.7,502.7,38825,598.5,495.4,723.6,165300,397.7,353.7,446.7,39415,373.8,316.0,440.3,2,63663,0.0,20.4,29.5,21.2,13.1,11.5,52.2
"A0137","Los Angeles","Bellflower","https://www.californiahealthmaps.org?address=A0137","Both","Lung",318315,48.2,39.8,57.9,66845,53.3,40.4,72.5,38825,87.8,51.1,149.8,165300,33.1,20.4,51.8,39415,49.4,29.0,79.9,2,63663,0.0,20.4,29.5,21.2,13.1,11.5,52.2
"A0137","Los Angeles","Bellflower","https://www.californiahealthmaps.org?address=A0137","Both","CRC",318315,40.1,32.6,49.0,66845,44.2,31.2,64.0,38825,"","","",165300,36.5,23.5,55.4,39415,40.2,22.9,67.3,2,63663,0.0,20.4,29.5,21.2,13.1,11.5,52.2
"A0137","Los Angeles","Bellflower","https://www.californiahealthmaps.org?address=A0137","Both","Mela",318315,14.1,9.9,19.7,66845,33.5,23.1,50.7,38825,"","","",165300,"","","",39415,"","","",2,63663,0.0,20.4,29.5,21.2,13.1,11.5,52.2
"A0137","Los Angeles","Bellflower","https://www.californiahealthmaps.org?address=A0137","Both","Lymph",318315,22.9,17.4,29.8,66845,28.5,18.5,45.7,38825,"","","",165300,20.2,11.3,34.8,39415,"","","",2,63663,0.0,20.4,29.5,21.2,13.1,11.5,52.2
"A0137","Los Angeles","Bellflower","https://www.californiahealthmaps.org?address=A0137","Both","Urinary",318315,9.4,6.0,14.3,66845,13.5,7.6,27.0,38825,"","","",165300,"","","",39415,"","","",2,63663,0.0,20.4,29.5,21.2,13.1,11.5,52.2
"A0137","Los Angeles","Bellflower","https://www.californiahealthmaps.org?address=A0137","Both","Kidney",318315,14.2,10.1,19.7,66845,"","","",38825,"","","",165300,15.0,8.3,27.2,39415,"","","",2,63663,0.0,20.4,29.5,21.2,13.1,11.5,52.2
"A0137","Los Angeles","Bellflower","https://www.californiahealthmaps.org?address=A0137","Both","Thyroid",318315,11.3,7.8,16.1,66845,"","","",38825,"","","",165300,12.5,7.3,23.0,39415,"","","",2,63663,0.0,20.4,29.5,21.2,13.1,11.5,52.2
