"Zone","Counties","Cities","URL","Sex","Cancer","PopTot","AAIR","LCI","UCI","White_PopTot","White_AAIR","White_LCI","White_UCI","Black_PopTot","Black_AAIR","Black_LCI","Black_UCI","Hispanic_PopTot","Hispanic_AAIR","Hispanic_LCI","Hispanic_UCI","Asian_PopTot","Asian_AAIR","Asian_LCI","Asian_UCI","QNSES","PopAll","PerRural","PerUninsured","PerForeignBorn","PerWhite","PerBlack","PerAsian","PerHispanic","PerAPI","PerDocvisit","PerFOBT","PerMammo","PerMenPrev","PerPap","PerWomenPrev"
"A0870","Riverside","Moreno Valley","https://www.californiahealthmaps.org?address=A0870","Male","AllSite",157835,517.1,463.5,576.7,23535,588.8,477.3,722.1,29365,596.9,476.5,749.9,90075,429.5,352.5,522.4,10455,372.2,247.8,553.4,2,64937,0.0,24.8,25.0,17.0,19.1,8.0,53.2,8.0,64.2,62.7,81.7,26.0,84.1,28.2
"A0870","Riverside","Moreno Valley","https://www.californiahealthmaps.org?address=A0870","Female","AllSite",166850,443.6,403.3,487.4,25045,558.3,467.5,663.7,33330,489.7,399.1,598.8,91410,394.6,334.4,465.8,12165,318.1,223.6,453.8,2,64937,0.0,24.8,25.0,17.0,19.1,8.0,53.2,8.0,64.2,62.7,81.7,26.0,84.1,28.2
"A0870","Riverside","Moreno Valley","https://www.californiahealthmaps.org?address=A0870","Male","Prostate",157835,135.2,108.6,167.9,23535,76.2,39.9,136.7,29365,207.2,136.8,313.8,90075,121.0,81.7,177.5,10455,"","","",2,64937,0.0,24.8,25.0,17.0,19.1,8.0,53.2,8.0,64.2,62.7,81.7,26.0,84.1,28.2
"A0870","Riverside","Moreno Valley","https://www.californiahealthmaps.org?address=A0870","Female","Breast",166850,125.7,105.8,149.1,25045,156.7,111.0,217.5,33330,125.0,83.8,184.9,91410,122.4,90.6,165.7,12165,105.8,59.7,195.6,2,64937,0.0,24.8,25.0,17.0,19.1,8.0,53.2,8.0,64.2,62.7,81.7,26.0,84.1,28.2
"A0870","Riverside","Moreno Valley","https://www.californiahealthmaps.org?address=A0870","Male","Lung",157835,87.7,64.4,117.8,23535,144.1,88.8,224.1,29365,92.7,49.2,174.7,90075,"","","",10455,"","","",2,64937,0.0,24.8,25.0,17.0,19.1,8.0,53.2,8.0,64.2,62.7,81.7,26.0,84.1,28.2
"A0870","Riverside","Moreno Valley","https://www.californiahealthmaps.org?address=A0870","Female","Lung",166850,48.8,35.0,66.7,25045,63.8,35.1,109.0,33330,76.9,42.1,133.1,91410,"","","",12165,"","","",2,64937,0.0,24.8,25.0,17.0,19.1,8.0,53.2,8.0,64.2,62.7,81.7,26.0,84.1,28.2
"A0870","Riverside","Moreno Valley","https://www.californiahealthmaps.org?address=A0870","Male","CRC",157835,48.4,33.3,70.0,23535,"","","",29365,"","","",90075,"","","",10455,"","","",2,64937,0.0,24.8,25.0,17.0,19.1,8.0,53.2,8.0,64.2,62.7,81.7,26.0,84.1,28.2
"A0870","Riverside","Moreno Valley","https://www.californiahealthmaps.org?address=A0870","Female","CRC",166850,30.8,20.4,45.2,25045,"","","",33330,"","","",91410,"","","",12165,"","","",2,64937,0.0,24.8,25.0,17.0,19.1,8.0,53.2,8.0,64.2,62.7,81.7,26.0,84.1,28.2
"A0870","Riverside","Moreno Valley","https://www.californiahealthmaps.org?address=A0870","Male","Mela",157835,21.6,11.1,39.5,23535,"","","",29365,"","","",90075,"","","",10455,"","","",2,64937,0.0,24.8,25.0,17.0,19.1,8.0,53.2,8.0,64.2,62.7,81.7,26.0,84.1,28.2
"A0870","Riverside","Moreno Valley","https://www.californiahealthmaps.org?address=A0870","Female","Mela",166850,10.6,5.7,19.6,25045,"","","",33330,"","","",91410,"","","",12165,"","","",2,64937,0.0,24.8,25.0,17.0,19.1,8.0,53.2,8.0,64.2,62.7,81.7,26.0,84.1,28.2
"A0870","Riverside","Moreno Valley","https://www.californiahealthmaps.org?address=A0870","Female","Uterine",166850,35.2,24.9,49.4,25045,52.9,28.5,93.2,33330,"","","",91410,32.5,17.4,60.7,12165,"","","",2,64937,0.0,24.8,25.0,17.0,19.1,8.0,53.2,8.0,64.2,62.7,81.7,26.0,84.1,28.2
"A0870","Riverside","Moreno Valley","https://www.californiahealthmaps.org?address=A0870","Male","Lymph",157835,17.5,9.2,32.8,23535,"","","",29365,"","","",90075,"","","",10455,"","","",2,64937,0.0,24.8,25.0,17.0,19.1,8.0,53.2,8.0,64.2,62.7,81.7,26.0,84.1,28.2
"A0870","Riverside","Moreno Valley","https://www.californiahealthmaps.org?address=A0870","Female","Lymph",166850,16.9,9.6,28.5,25045,"","","",33330,"","","",91410,"","","",12165,"","","",2,64937,0.0,24.8,25.0,17.0,19.1,8.0,53.2,8.0,64.2,62.7,81.7,26.0,84.1,28.2
"A0870","Riverside","Moreno Valley","https://www.californiahealthmaps.org?address=A0870","Male","Urinary",157835,"","","",23535,"","","",29365,"","","",90075,"","","",10455,"","","",2,64937,0.0,24.8,25.0,17.0,19.1,8.0,53.2,8.0,64.2,62.7,81.7,26.0,84.1,28.2
"A0870","Riverside","Moreno Valley","https://www.californiahealthmaps.org?address=A0870","Female","Urinary",166850,"","","",25045,"","","",33330,"","","",91410,"","","",12165,"","","",2,64937,0.0,24.8,25.0,17.0,19.1,8.0,53.2,8.0,64.2,62.7,81.7,26.0,84.1,28.2
"A0870","Riverside","Moreno Valley","https://www.californiahealthmaps.org?address=A0870","Male","Kidney",157835,27.2,17.0,44.0,23535,"","","",29365,"","","",90075,"","","",10455,"","","",2,64937,0.0,24.8,25.0,17.0,19.1,8.0,53.2,8.0,64.2,62.7,81.7,26.0,84.1,28.2
"A0870","Riverside","Moreno Valley","https://www.californiahealthmaps.org?address=A0870","Female","Kidney",166850,"","","",25045,"","","",33330,"","","",91410,"","","",12165,"","","",2,64937,0.0,24.8,25.0,17.0,19.1,8.0,53.2,8.0,64.2,62.7,81.7,26.0,84.1,28.2
"A0870","Riverside","Moreno Valley","https://www.californiahealthmaps.org?address=A0870","Male","Thyroid",157835,"","","",23535,"","","",29365,"","","",90075,"","","",10455,"","","",2,64937,0.0,24.8,25.0,17.0,19.1,8.0,53.2,8.0,64.2,62.7,81.7,26.0,84.1,28.2
"A0870","Riverside","Moreno Valley","https://www.californiahealthmaps.org?address=A0870","Female","Thyroid",166850,20.6,13.7,31.1,25045,"","","",33330,"","","",91410,21.5,11.3,44.7,12165,"","","",2,64937,0.0,24.8,25.0,17.0,19.1,8.0,53.2,8.0,64.2,62.7,81.7,26.0,84.1,28.2
"A0870","Riverside","Moreno Valley","https://www.californiahealthmaps.org?address=A0870","Male","Liver",157835,28.3,16.4,47.3,23535,"","","",29365,"","","",90075,"","","",10455,"","","",2,64937,0.0,24.8,25.0,17.0,19.1,8.0,53.2,8.0,64.2,62.7,81.7,26.0,84.1,28.2
"A0870","Riverside","Moreno Valley","https://www.californiahealthmaps.org?address=A0870","Female","Liver",166850,"","","",25045,"","","",33330,"","","",91410,"","","",12165,"","","",2,64937,0.0,24.8,25.0,17.0,19.1,8.0,53.2,8.0,64.2,62.7,81.7,26.0,84.1,28.2
"A0870","Riverside","Moreno Valley","https://www.californiahealthmaps.org?address=A0870","Male","Pancreas",157835,17.2,9.2,32.1,23535,"","","",29365,"","","",90075,"","","",10455,"","","",2,64937,0.0,24.8,25.0,17.0,19.1,8.0,53.2,8.0,64.2,62.7,81.7,26.0,84.1,28.2
"A0870","Riverside","Moreno Valley","https://www.californiahealthmaps.org?address=A0870","Female","Pancreas",166850,"","","",25045,"","","",33330,"","","",91410,"","","",12165,"","","",2,64937,0.0,24.8,25.0,17.0,19.1,8.0,53.2,8.0,64.2,62.7,81.7,26.0,84.1,28.2
"A0870","Riverside","Moreno Valley","https://www.californiahealthmaps.org?address=A0870","Both","AllSite",324685,470.5,438.3,504.9,48580,558.4,488.9,635.9,62695,534.4,461.4,618.6,181485,405.9,358.2,459.9,22620,332.8,257.7,428.2,2,64937,0.0,24.8,25.0,17.0,19.1,8.0,53.2,8.0,64.2,62.7,81.7,26.0,84.1,28.2
"A0870","Riverside","Moreno Valley","https://www.californiahealthmaps.org?address=A0870","Both","Lung",324685,64.5,51.9,79.7,48580,96.5,67.4,134.5,62695,85.2,56.2,127.1,181485,32.2,18.9,53.1,22620,"","","",2,64937,0.0,24.8,25.0,17.0,19.1,8.0,53.2,8.0,64.2,62.7,81.7,26.0,84.1,28.2
"A0870","Riverside","Moreno Valley","https://www.californiahealthmaps.org?address=A0870","Both","CRC",324685,38.3,29.4,49.6,48580,41.2,23.8,67.5,62695,33.4,19.1,60.3,181485,31.3,19.2,50.6,22620,"","","",2,64937,0.0,24.8,25.0,17.0,19.1,8.0,53.2,8.0,64.2,62.7,81.7,26.0,84.1,28.2
"A0870","Riverside","Moreno Valley","https://www.californiahealthmaps.org?address=A0870","Both","Mela",324685,14.7,9.4,22.4,48580,50.2,31.2,77.8,62695,"","","",181485,"","","",22620,"","","",2,64937,0.0,24.8,25.0,17.0,19.1,8.0,53.2,8.0,64.2,62.7,81.7,26.0,84.1,28.2
"A0870","Riverside","Moreno Valley","https://www.californiahealthmaps.org?address=A0870","Both","Lymph",324685,17.2,11.5,25.3,48580,"","","",62695,"","","",181485,23.7,13.0,41.8,22620,"","","",2,64937,0.0,24.8,25.0,17.0,19.1,8.0,53.2,8.0,64.2,62.7,81.7,26.0,84.1,28.2
"A0870","Riverside","Moreno Valley","https://www.californiahealthmaps.org?address=A0870","Both","Urinary",324685,"","","",48580,"","","",62695,"","","",181485,"","","",22620,"","","",2,64937,0.0,24.8,25.0,17.0,19.1,8.0,53.2,8.0,64.2,62.7,81.7,26.0,84.1,28.2
"A0870","Riverside","Moreno Valley","https://www.californiahealthmaps.org?address=A0870","Both","Kidney",324685,15.1,10.2,22.3,48580,"","","",62695,"","","",181485,16.8,8.6,32.4,22620,"","","",2,64937,0.0,24.8,25.0,17.0,19.1,8.0,53.2,8.0,64.2,62.7,81.7,26.0,84.1,28.2
"A0870","Riverside","Moreno Valley","https://www.californiahealthmaps.org?address=A0870","Both","Thyroid",324685,13.0,9.0,19.3,48580,"","","",62695,"","","",181485,12.9,7.0,26.0,22620,"","","",2,64937,0.0,24.8,25.0,17.0,19.1,8.0,53.2,8.0,64.2,62.7,81.7,26.0,84.1,28.2
"A0870","Riverside","Moreno Valley","https://www.californiahealthmaps.org?address=A0870","Both","Liver",324685,15.2,9.7,23.4,48580,"","","",62695,"","","",181485,"","","",22620,"","","",2,64937,0.0,24.8,25.0,17.0,19.1,8.0,53.2,8.0,64.2,62.7,81.7,26.0,84.1,28.2
"A0870","Riverside","Moreno Valley","https://www.californiahealthmaps.org?address=A0870","Both","Pancreas",324685,12.1,7.3,19.3,48580,"","","",62695,"","","",181485,"","","",22620,"","","",2,64937,0.0,24.8,25.0,17.0,19.1,8.0,53.2,8.0,64.2,62.7,81.7,26.0,84.1,28.2
