"Zone","Counties","Cities","URL","Sex","Cancer","PopTot","AAIR","LCI","UCI","White_PopTot","White_AAIR","White_LCI","White_UCI","Black_PopTot","Black_AAIR","Black_LCI","Black_UCI","Hispanic_PopTot","Hispanic_AAIR","Hispanic_LCI","Hispanic_UCI","Asian_PopTot","Asian_AAIR","Asian_LCI","Asian_UCI","QNSES","PopAll","PerRural","PerUninsured","PerForeignBorn","PerWhite","PerBlack","PerAsian","PerHispanic","PerAPI","PerDocvisit","PerFOBT","PerMammo","PerMenPrev","PerPap","PerWomenPrev"
"A0940","Los Angeles","Los Angeles","https://www.californiahealthmaps.org?address=A0940","Male","AllSite",156520,426.1,383.2,472.9,24390,889.6,641.5,1241.2,27990,475.1,400.6,562.8,80440,372.1,306.9,450.3,18970,319.8,212.5,610.0,1,63536,0.0,27.8,40.5,15.2,20.1,12.0,50.4,12.0,62.3,49.5,80.2,17.7,82.8,22.2
"A0940","Los Angeles","Los Angeles","https://www.californiahealthmaps.org?address=A0940","Female","AllSite",161160,334.2,303.1,367.8,20955,529.3,351.1,823.3,35410,368.0,313.4,432.2,81030,305.1,259.8,357.2,18760,333.9,207.3,622.8,1,63536,0.0,27.8,40.5,15.2,20.1,12.0,50.4,12.0,62.3,49.5,80.2,17.7,82.8,22.2
"A0940","Los Angeles","Los Angeles","https://www.californiahealthmaps.org?address=A0940","Male","Prostate",156520,107.1,86.1,132.1,24390,"","","",27990,146.7,107.8,199.3,80440,77.0,49.7,118.3,18970,"","","",1,63536,0.0,27.8,40.5,15.2,20.1,12.0,50.4,12.0,62.3,49.5,80.2,17.7,82.8,22.2
"A0940","Los Angeles","Los Angeles","https://www.californiahealthmaps.org?address=A0940","Female","Breast",161160,84.2,69.0,102.0,20955,254.7,140.7,494.3,35410,94.5,67.9,131.4,81030,70.3,50.0,97.8,18760,"","","",1,63536,0.0,27.8,40.5,15.2,20.1,12.0,50.4,12.0,62.3,49.5,80.2,17.7,82.8,22.2
"A0940","Los Angeles","Los Angeles","https://www.californiahealthmaps.org?address=A0940","Male","Lung",156520,55.7,40.3,75.5,24390,"","","",27990,57.2,34.2,94.8,80440,"","","",18970,"","","",1,63536,0.0,27.8,40.5,15.2,20.1,12.0,50.4,12.0,62.3,49.5,80.2,17.7,82.8,22.2
"A0940","Los Angeles","Los Angeles","https://www.californiahealthmaps.org?address=A0940","Female","Lung",161160,22.3,14.7,32.5,20955,"","","",35410,40.9,24.7,68.0,81030,"","","",18760,"","","",1,63536,0.0,27.8,40.5,15.2,20.1,12.0,50.4,12.0,62.3,49.5,80.2,17.7,82.8,22.2
"A0940","Los Angeles","Los Angeles","https://www.californiahealthmaps.org?address=A0940","Male","CRC",156520,44.3,31.4,61.4,24390,"","","",27990,"","","",80440,35.3,18.4,67.0,18970,"","","",1,63536,0.0,27.8,40.5,15.2,20.1,12.0,50.4,12.0,62.3,49.5,80.2,17.7,82.8,22.2
"A0940","Los Angeles","Los Angeles","https://www.californiahealthmaps.org?address=A0940","Female","CRC",161160,33.9,24.5,45.9,20955,"","","",35410,28.2,15.3,52.3,81030,39.2,23.6,62.6,18760,"","","",1,63536,0.0,27.8,40.5,15.2,20.1,12.0,50.4,12.0,62.3,49.5,80.2,17.7,82.8,22.2
"A0940","Los Angeles","Los Angeles","https://www.californiahealthmaps.org?address=A0940","Male","Mela",156520,"","","",24390,"","","",27990,"","","",80440,"","","",18970,"","","",1,63536,0.0,27.8,40.5,15.2,20.1,12.0,50.4,12.0,62.3,49.5,80.2,17.7,82.8,22.2
"A0940","Los Angeles","Los Angeles","https://www.californiahealthmaps.org?address=A0940","Female","Mela",161160,"","","",20955,"","","",35410,"","","",81030,"","","",18760,"","","",1,63536,0.0,27.8,40.5,15.2,20.1,12.0,50.4,12.0,62.3,49.5,80.2,17.7,82.8,22.2
"A0940","Los Angeles","Los Angeles","https://www.californiahealthmaps.org?address=A0940","Female","Uterine",161160,29.0,20.3,40.5,20955,"","","",35410,37.6,21.5,65.0,81030,26.2,14.2,45.9,18760,"","","",1,63536,0.0,27.8,40.5,15.2,20.1,12.0,50.4,12.0,62.3,49.5,80.2,17.7,82.8,22.2
"A0940","Los Angeles","Los Angeles","https://www.californiahealthmaps.org?address=A0940","Male","Lymph",156520,23.2,14.6,35.8,24390,"","","",27990,"","","",80440,34.6,18.0,66.0,18970,"","","",1,63536,0.0,27.8,40.5,15.2,20.1,12.0,50.4,12.0,62.3,49.5,80.2,17.7,82.8,22.2
"A0940","Los Angeles","Los Angeles","https://www.californiahealthmaps.org?address=A0940","Female","Lymph",161160,15.3,9.4,23.9,20955,"","","",35410,"","","",81030,"","","",18760,"","","",1,63536,0.0,27.8,40.5,15.2,20.1,12.0,50.4,12.0,62.3,49.5,80.2,17.7,82.8,22.2
"A0940","Los Angeles","Los Angeles","https://www.californiahealthmaps.org?address=A0940","Male","Urinary",156520,"","","",24390,"","","",27990,"","","",80440,"","","",18970,"","","",1,63536,0.0,27.8,40.5,15.2,20.1,12.0,50.4,12.0,62.3,49.5,80.2,17.7,82.8,22.2
"A0940","Los Angeles","Los Angeles","https://www.californiahealthmaps.org?address=A0940","Female","Urinary",161160,"","","",20955,"","","",35410,"","","",81030,"","","",18760,"","","",1,63536,0.0,27.8,40.5,15.2,20.1,12.0,50.4,12.0,62.3,49.5,80.2,17.7,82.8,22.2
"A0940","Los Angeles","Los Angeles","https://www.californiahealthmaps.org?address=A0940","Male","Kidney",156520,18.7,10.7,31.0,24390,"","","",27990,"","","",80440,"","","",18970,"","","",1,63536,0.0,27.8,40.5,15.2,20.1,12.0,50.4,12.0,62.3,49.5,80.2,17.7,82.8,22.2
"A0940","Los Angeles","Los Angeles","https://www.californiahealthmaps.org?address=A0940","Female","Kidney",161160,"","","",20955,"","","",35410,"","","",81030,"","","",18760,"","","",1,63536,0.0,27.8,40.5,15.2,20.1,12.0,50.4,12.0,62.3,49.5,80.2,17.7,82.8,22.2
"A0940","Los Angeles","Los Angeles","https://www.californiahealthmaps.org?address=A0940","Male","Thyroid",156520,"","","",24390,"","","",27990,"","","",80440,"","","",18970,"","","",1,63536,0.0,27.8,40.5,15.2,20.1,12.0,50.4,12.0,62.3,49.5,80.2,17.7,82.8,22.2
"A0940","Los Angeles","Los Angeles","https://www.californiahealthmaps.org?address=A0940","Female","Thyroid",161160,13.1,7.8,20.9,20955,"","","",35410,"","","",81030,"","","",18760,"","","",1,63536,0.0,27.8,40.5,15.2,20.1,12.0,50.4,12.0,62.3,49.5,80.2,17.7,82.8,22.2
"A0940","Los Angeles","Los Angeles","https://www.californiahealthmaps.org?address=A0940","Male","Liver",156520,22.9,14.1,35.8,24390,"","","",27990,"","","",80440,"","","",18970,"","","",1,63536,0.0,27.8,40.5,15.2,20.1,12.0,50.4,12.0,62.3,49.5,80.2,17.7,82.8,22.2
"A0940","Los Angeles","Los Angeles","https://www.californiahealthmaps.org?address=A0940","Female","Liver",161160,"","","",20955,"","","",35410,"","","",81030,"","","",18760,"","","",1,63536,0.0,27.8,40.5,15.2,20.1,12.0,50.4,12.0,62.3,49.5,80.2,17.7,82.8,22.2
"A0940","Los Angeles","Los Angeles","https://www.californiahealthmaps.org?address=A0940","Male","Pancreas",156520,17.3,9.7,29.3,24390,"","","",27990,"","","",80440,"","","",18970,"","","",1,63536,0.0,27.8,40.5,15.2,20.1,12.0,50.4,12.0,62.3,49.5,80.2,17.7,82.8,22.2
"A0940","Los Angeles","Los Angeles","https://www.californiahealthmaps.org?address=A0940","Female","Pancreas",161160,"","","",20955,"","","",35410,"","","",81030,"","","",18760,"","","",1,63536,0.0,27.8,40.5,15.2,20.1,12.0,50.4,12.0,62.3,49.5,80.2,17.7,82.8,22.2
"A0940","Los Angeles","Los Angeles","https://www.californiahealthmaps.org?address=A0940","Both","AllSite",317680,365.1,340.2,391.5,45345,658.8,513.5,854.7,63400,409.2,364.9,458.9,161470,326.3,288.9,368.1,37730,310.5,228.8,469.2,1,63536,0.0,27.8,40.5,15.2,20.1,12.0,50.4,12.0,62.3,49.5,80.2,17.7,82.8,22.2
"A0940","Los Angeles","Los Angeles","https://www.californiahealthmaps.org?address=A0940","Both","Lung",317680,35.1,27.5,44.4,45345,"","","",63400,48.4,34.3,68.3,161470,"","","",37730,"","","",1,63536,0.0,27.8,40.5,15.2,20.1,12.0,50.4,12.0,62.3,49.5,80.2,17.7,82.8,22.2
"A0940","Los Angeles","Los Angeles","https://www.californiahealthmaps.org?address=A0940","Both","CRC",317680,37.8,30.1,47.1,45345,"","","",63400,33.9,21.8,52.0,161470,37.9,25.8,55.0,37730,"","","",1,63536,0.0,27.8,40.5,15.2,20.1,12.0,50.4,12.0,62.3,49.5,80.2,17.7,82.8,22.2
"A0940","Los Angeles","Los Angeles","https://www.californiahealthmaps.org?address=A0940","Both","Mela",317680,"","","",45345,"","","",63400,"","","",161470,"","","",37730,"","","",1,63536,0.0,27.8,40.5,15.2,20.1,12.0,50.4,12.0,62.3,49.5,80.2,17.7,82.8,22.2
"A0940","Los Angeles","Los Angeles","https://www.californiahealthmaps.org?address=A0940","Both","Lymph",317680,19.1,13.8,25.8,45345,"","","",63400,"","","",161470,23.0,14.3,36.6,37730,"","","",1,63536,0.0,27.8,40.5,15.2,20.1,12.0,50.4,12.0,62.3,49.5,80.2,17.7,82.8,22.2
"A0940","Los Angeles","Los Angeles","https://www.californiahealthmaps.org?address=A0940","Both","Urinary",317680,9.0,5.4,14.2,45345,"","","",63400,"","","",161470,"","","",37730,"","","",1,63536,0.0,27.8,40.5,15.2,20.1,12.0,50.4,12.0,62.3,49.5,80.2,17.7,82.8,22.2
"A0940","Los Angeles","Los Angeles","https://www.californiahealthmaps.org?address=A0940","Both","Kidney",317680,12.2,7.9,18.1,45345,"","","",63400,"","","",161470,"","","",37730,"","","",1,63536,0.0,27.8,40.5,15.2,20.1,12.0,50.4,12.0,62.3,49.5,80.2,17.7,82.8,22.2
"A0940","Los Angeles","Los Angeles","https://www.californiahealthmaps.org?address=A0940","Both","Thyroid",317680,9.3,5.8,14.2,45345,"","","",63400,"","","",161470,12.7,6.8,23.7,37730,"","","",1,63536,0.0,27.8,40.5,15.2,20.1,12.0,50.4,12.0,62.3,49.5,80.2,17.7,82.8,22.2
"A0940","Los Angeles","Los Angeles","https://www.californiahealthmaps.org?address=A0940","Both","Liver",317680,15.6,10.8,22.0,45345,"","","",63400,"","","",161470,16.1,9.1,28.0,37730,"","","",1,63536,0.0,27.8,40.5,15.2,20.1,12.0,50.4,12.0,62.3,49.5,80.2,17.7,82.8,22.2
"A0940","Los Angeles","Los Angeles","https://www.californiahealthmaps.org?address=A0940","Both","Pancreas",317680,12.4,8.2,18.2,45345,"","","",63400,"","","",161470,"","","",37730,"","","",1,63536,0.0,27.8,40.5,15.2,20.1,12.0,50.4,12.0,62.3,49.5,80.2,17.7,82.8,22.2
