"Zone","Counties","Cities","URL","Sex","Cancer","PopTot","AAIR","LCI","UCI","White_PopTot","White_AAIR","White_LCI","White_UCI","Black_PopTot","Black_AAIR","Black_LCI","Black_UCI","Hispanic_PopTot","Hispanic_AAIR","Hispanic_LCI","Hispanic_UCI","Asian_PopTot","Asian_AAIR","Asian_LCI","Asian_UCI","QNSES","PopAll","PerRural","PerUninsured","PerForeignBorn","PerWhite","PerBlack","PerAsian","PerHispanic","PerAPI","PerDocvisit","PerFOBT","PerMammo","PerMenPrev","PerPap","PerWomenPrev"
"A1002","Alameda","Berkeley","https://www.californiahealthmaps.org?address=A1002","Male","AllSite",151245,466.3,432.5,502.4,97415,489.7,449.0,534.3,"","","","",12055,366.2,232.1,557.8,27235,316.3,241.1,413.8,5,61988,0.0,5.8,22.5,63.9,3.8,19.6,7.6,19.6,"","","","","",""
"A1002","Alameda","Berkeley","https://www.californiahealthmaps.org?address=A1002","Female","AllSite",158695,447.0,416.4,479.9,99815,479.4,441.2,521.3,"","","","",12480,421.6,300.7,580.8,30835,316.2,251.8,400.9,5,61988,0.0,5.8,22.5,63.9,3.8,19.6,7.6,19.6,"","","","","",""
"A1002","Alameda","Berkeley","https://www.californiahealthmaps.org?address=A1002","Male","Prostate",151245,121.1,105.0,139.7,97415,119.1,100.9,141.2,"","","","",12055,"","","",27235,"","","",5,61988,0.0,5.8,22.5,63.9,3.8,19.6,7.6,19.6,"","","","","",""
"A1002","Alameda","Berkeley","https://www.californiahealthmaps.org?address=A1002","Female","Breast",158695,155.5,137.6,175.9,99815,170.1,147.7,196.5,"","","","",12480,"","","",30835,97.2,63.1,153.7,5,61988,0.0,5.8,22.5,63.9,3.8,19.6,7.6,19.6,"","","","","",""
"A1002","Alameda","Berkeley","https://www.californiahealthmaps.org?address=A1002","Male","Lung",151245,35.6,26.6,47.3,97415,26.0,17.3,39.4,"","","","",12055,"","","",27235,82.0,46.3,142.3,5,61988,0.0,5.8,22.5,63.9,3.8,19.6,7.6,19.6,"","","","","",""
"A1002","Alameda","Berkeley","https://www.californiahealthmaps.org?address=A1002","Female","Lung",158695,35.2,27.3,45.5,99815,41.3,31.1,55.6,"","","","",12480,"","","",30835,"","","",5,61988,0.0,5.8,22.5,63.9,3.8,19.6,7.6,19.6,"","","","","",""
"A1002","Alameda","Berkeley","https://www.californiahealthmaps.org?address=A1002","Male","CRC",151245,29.2,21.3,39.8,97415,26.7,18.1,39.8,"","","","",12055,"","","",27235,"","","",5,61988,0.0,5.8,22.5,63.9,3.8,19.6,7.6,19.6,"","","","","",""
"A1002","Alameda","Berkeley","https://www.californiahealthmaps.org?address=A1002","Female","CRC",158695,29.9,22.5,39.8,99815,26.9,18.7,39.6,"","","","",12480,"","","",30835,"","","",5,61988,0.0,5.8,22.5,63.9,3.8,19.6,7.6,19.6,"","","","","",""
"A1002","Alameda","Berkeley","https://www.californiahealthmaps.org?address=A1002","Male","Mela",151245,42.9,33.0,55.4,97415,52.1,39.3,69.2,"","","","",12055,"","","",27235,"","","",5,61988,0.0,5.8,22.5,63.9,3.8,19.6,7.6,19.6,"","","","","",""
"A1002","Alameda","Berkeley","https://www.californiahealthmaps.org?address=A1002","Female","Mela",158695,30.0,22.6,40.0,99815,38.9,28.6,53.5,"","","","",12480,"","","",30835,"","","",5,61988,0.0,5.8,22.5,63.9,3.8,19.6,7.6,19.6,"","","","","",""
"A1002","Alameda","Berkeley","https://www.californiahealthmaps.org?address=A1002","Female","Uterine",158695,39.3,30.7,50.3,99815,36.7,27.2,50.4,"","","","",12480,"","","",30835,"","","",5,61988,0.0,5.8,22.5,63.9,3.8,19.6,7.6,19.6,"","","","","",""
"A1002","Alameda","Berkeley","https://www.californiahealthmaps.org?address=A1002","Male","Lymph",151245,39.5,29.7,52.0,97415,48.0,34.8,65.7,"","","","",12055,"","","",27235,"","","",5,61988,0.0,5.8,22.5,63.9,3.8,19.6,7.6,19.6,"","","","","",""
"A1002","Alameda","Berkeley","https://www.californiahealthmaps.org?address=A1002","Female","Lymph",158695,17.4,11.9,25.6,99815,21.2,13.8,33.1,"","","","",12480,"","","",30835,"","","",5,61988,0.0,5.8,22.5,63.9,3.8,19.6,7.6,19.6,"","","","","",""
"A1002","Alameda","Berkeley","https://www.californiahealthmaps.org?address=A1002","Male","Urinary",151245,16.3,10.4,25.1,97415,20.9,13.1,33.4,"","","","",12055,"","","",27235,"","","",5,61988,0.0,5.8,22.5,63.9,3.8,19.6,7.6,19.6,"","","","","",""
"A1002","Alameda","Berkeley","https://www.californiahealthmaps.org?address=A1002","Female","Urinary",158695,"","","",99815,"","","","","","","",12480,"","","",30835,"","","",5,61988,0.0,5.8,22.5,63.9,3.8,19.6,7.6,19.6,"","","","","",""
"A1002","Alameda","Berkeley","https://www.californiahealthmaps.org?address=A1002","Male","Kidney",151245,19.7,13.4,28.6,97415,22.6,14.8,34.8,"","","","",12055,"","","",27235,"","","",5,61988,0.0,5.8,22.5,63.9,3.8,19.6,7.6,19.6,"","","","","",""
"A1002","Alameda","Berkeley","https://www.californiahealthmaps.org?address=A1002","Female","Kidney",158695,"","","",99815,"","","","","","","",12480,"","","",30835,"","","",5,61988,0.0,5.8,22.5,63.9,3.8,19.6,7.6,19.6,"","","","","",""
"A1002","Alameda","Berkeley","https://www.californiahealthmaps.org?address=A1002","Male","Thyroid",151245,"","","",97415,"","","","","","","",12055,"","","",27235,"","","",5,61988,0.0,5.8,22.5,63.9,3.8,19.6,7.6,19.6,"","","","","",""
"A1002","Alameda","Berkeley","https://www.californiahealthmaps.org?address=A1002","Female","Thyroid",158695,10.4,5.9,18.0,99815,"","","","","","","",12480,"","","",30835,"","","",5,61988,0.0,5.8,22.5,63.9,3.8,19.6,7.6,19.6,"","","","","",""
"A1002","Alameda","Berkeley","https://www.californiahealthmaps.org?address=A1002","Male","Liver",151245,"","","",97415,"","","","","","","",12055,"","","",27235,"","","",5,61988,0.0,5.8,22.5,63.9,3.8,19.6,7.6,19.6,"","","","","",""
"A1002","Alameda","Berkeley","https://www.californiahealthmaps.org?address=A1002","Female","Liver",158695,"","","",99815,"","","","","","","",12480,"","","",30835,"","","",5,61988,0.0,5.8,22.5,63.9,3.8,19.6,7.6,19.6,"","","","","",""
"A1002","Alameda","Berkeley","https://www.californiahealthmaps.org?address=A1002","Male","Pancreas",151245,14.4,8.9,22.7,97415,15.3,8.8,26.7,"","","","",12055,"","","",27235,"","","",5,61988,0.0,5.8,22.5,63.9,3.8,19.6,7.6,19.6,"","","","","",""
"A1002","Alameda","Berkeley","https://www.californiahealthmaps.org?address=A1002","Female","Pancreas",158695,8.9,5.2,15.4,99815,"","","","","","","",12480,"","","",30835,"","","",5,61988,0.0,5.8,22.5,63.9,3.8,19.6,7.6,19.6,"","","","","",""
"A1002","Alameda","Berkeley","https://www.californiahealthmaps.org?address=A1002","Both","AllSite",309940,454.4,431.7,478.2,197230,482.7,454.8,512.4,13265,548.5,448.3,684.9,24535,385.6,296.4,496.1,58070,316.6,266.8,376.1,5,61988,0.0,5.8,22.5,63.9,3.8,19.6,7.6,19.6,"","","","","",""
"A1002","Alameda","Berkeley","https://www.californiahealthmaps.org?address=A1002","Both","Lung",309940,35.5,29.4,42.7,197230,34.5,27.5,43.5,13265,"","","",24535,"","","",58070,44.5,27.4,72.5,5,61988,0.0,5.8,22.5,63.9,3.8,19.6,7.6,19.6,"","","","","",""
"A1002","Alameda","Berkeley","https://www.californiahealthmaps.org?address=A1002","Both","CRC",309940,29.8,24.3,36.7,197230,26.9,20.8,35.2,13265,"","","",24535,"","","",58070,29.7,16.4,54.3,5,61988,0.0,5.8,22.5,63.9,3.8,19.6,7.6,19.6,"","","","","",""
"A1002","Alameda","Berkeley","https://www.californiahealthmaps.org?address=A1002","Both","Mela",309940,35.8,29.7,43.3,197230,44.9,36.7,55.3,13265,"","","",24535,"","","",58070,"","","",5,61988,0.0,5.8,22.5,63.9,3.8,19.6,7.6,19.6,"","","","","",""
"A1002","Alameda","Berkeley","https://www.californiahealthmaps.org?address=A1002","Both","Lymph",309940,27.5,22.0,34.4,197230,33.8,26.3,43.5,13265,"","","",24535,"","","",58070,"","","",5,61988,0.0,5.8,22.5,63.9,3.8,19.6,7.6,19.6,"","","","","",""
"A1002","Alameda","Berkeley","https://www.californiahealthmaps.org?address=A1002","Both","Urinary",309940,8.5,5.7,12.7,197230,11.4,7.6,17.5,13265,"","","",24535,"","","",58070,"","","",5,61988,0.0,5.8,22.5,63.9,3.8,19.6,7.6,19.6,"","","","","",""
"A1002","Alameda","Berkeley","https://www.californiahealthmaps.org?address=A1002","Both","Kidney",309940,12.5,9.1,17.2,197230,12.5,8.5,18.7,13265,"","","",24535,"","","",58070,"","","",5,61988,0.0,5.8,22.5,63.9,3.8,19.6,7.6,19.6,"","","","","",""
"A1002","Alameda","Berkeley","https://www.californiahealthmaps.org?address=A1002","Both","Thyroid",309940,7.8,5.0,12.1,197230,8.4,5.1,14.2,13265,"","","",24535,"","","",58070,"","","",5,61988,0.0,5.8,22.5,63.9,3.8,19.6,7.6,19.6,"","","","","",""
"A1002","Alameda","Berkeley","https://www.californiahealthmaps.org?address=A1002","Both","Liver",309940,6.5,4.0,10.4,197230,6.5,3.5,11.9,13265,"","","",24535,"","","",58070,"","","",5,61988,0.0,5.8,22.5,63.9,3.8,19.6,7.6,19.6,"","","","","",""
"A1002","Alameda","Berkeley","https://www.californiahealthmaps.org?address=A1002","Both","Pancreas",309940,11.4,8.1,16.0,197230,9.9,6.3,15.7,13265,"","","",24535,"","","",58070,"","","",5,61988,0.0,5.8,22.5,63.9,3.8,19.6,7.6,19.6,"","","","","",""
