"Zone","Counties","Cities","URL","Sex","Cancer","PopTot","AAIR","LCI","UCI","White_PopTot","White_AAIR","White_LCI","White_UCI","Black_PopTot","Black_AAIR","Black_LCI","Black_UCI","Hispanic_PopTot","Hispanic_AAIR","Hispanic_LCI","Hispanic_UCI","Asian_PopTot","Asian_AAIR","Asian_LCI","Asian_UCI","QNSES","PopAll","PerRural","PerUninsured","PerForeignBorn","PerWhite","PerBlack","PerAsian","PerHispanic","PerAPI","PerDocvisit","PerFOBT","PerMammo","PerMenPrev","PerPap","PerWomenPrev"
"A0904","Sonoma","Rohnert Park, Petaluma","https://www.californiahealthmaps.org?address=A0904","Male","AllSite",164990,557.1,516.9,600.0,117605,577.1,532.5,624.9,"","","","",32360,488.0,349.1,680.6,"","","","",3,67690,9.4,12.9,13.5,71.0,1.8,4.5,19.0,4.5,"","","","","",""
"A0904","Sonoma","Rohnert Park, Petaluma","https://www.californiahealthmaps.org?address=A0904","Female","AllSite",173460,482.2,449.7,516.6,125970,496.4,460.1,535.7,"","","","",31160,487.2,380.2,619.0,"","","","",3,67690,9.4,12.9,13.5,71.0,1.8,4.5,19.0,4.5,"","","","","",""
"A0904","Sonoma","Rohnert Park, Petaluma","https://www.californiahealthmaps.org?address=A0904","Male","Prostate",164990,107.6,90.4,127.5,117605,103.7,85.6,125.1,"","","","",32360,151.8,77.1,287.4,"","","","",3,67690,9.4,12.9,13.5,71.0,1.8,4.5,19.0,4.5,"","","","","",""
"A0904","Sonoma","Rohnert Park, Petaluma","https://www.californiahealthmaps.org?address=A0904","Female","Breast",173460,156.5,138.4,176.5,125970,157.3,137.6,180.0,"","","","",31160,161.6,104.5,244.1,"","","","",3,67690,9.4,12.9,13.5,71.0,1.8,4.5,19.0,4.5,"","","","","",""
"A0904","Sonoma","Rohnert Park, Petaluma","https://www.californiahealthmaps.org?address=A0904","Male","Lung",164990,64.2,50.6,80.8,117605,68.1,52.9,86.8,"","","","",32360,"","","","","","","",3,67690,9.4,12.9,13.5,71.0,1.8,4.5,19.0,4.5,"","","","","",""
"A0904","Sonoma","Rohnert Park, Petaluma","https://www.californiahealthmaps.org?address=A0904","Female","Lung",173460,50.6,40.1,63.2,125970,53.1,41.5,68.0,"","","","",31160,"","","","","","","",3,67690,9.4,12.9,13.5,71.0,1.8,4.5,19.0,4.5,"","","","","",""
"A0904","Sonoma","Rohnert Park, Petaluma","https://www.californiahealthmaps.org?address=A0904","Male","CRC",164990,57.9,45.4,73.2,117605,62.1,48.1,79.5,"","","","",32360,"","","","","","","",3,67690,9.4,12.9,13.5,71.0,1.8,4.5,19.0,4.5,"","","","","",""
"A0904","Sonoma","Rohnert Park, Petaluma","https://www.californiahealthmaps.org?address=A0904","Female","CRC",173460,40.2,31.3,51.1,125970,43.2,33.0,56.6,"","","","",31160,"","","","","","","",3,67690,9.4,12.9,13.5,71.0,1.8,4.5,19.0,4.5,"","","","","",""
"A0904","Sonoma","Rohnert Park, Petaluma","https://www.californiahealthmaps.org?address=A0904","Male","Mela",164990,64.6,51.7,80.3,117605,72.0,57.1,90.4,"","","","",32360,"","","","","","","",3,67690,9.4,12.9,13.5,71.0,1.8,4.5,19.0,4.5,"","","","","",""
"A0904","Sonoma","Rohnert Park, Petaluma","https://www.californiahealthmaps.org?address=A0904","Female","Mela",173460,32.3,24.5,42.2,125970,37.8,28.2,50.8,"","","","",31160,"","","","","","","",3,67690,9.4,12.9,13.5,71.0,1.8,4.5,19.0,4.5,"","","","","",""
"A0904","Sonoma","Rohnert Park, Petaluma","https://www.californiahealthmaps.org?address=A0904","Female","Uterine",173460,36.0,27.7,46.4,125970,38.1,28.7,50.8,"","","","",31160,"","","","","","","",3,67690,9.4,12.9,13.5,71.0,1.8,4.5,19.0,4.5,"","","","","",""
"A0904","Sonoma","Rohnert Park, Petaluma","https://www.californiahealthmaps.org?address=A0904","Male","Lymph",164990,34.8,25.2,47.2,117605,36.8,26.1,51.0,"","","","",32360,"","","","","","","",3,67690,9.4,12.9,13.5,71.0,1.8,4.5,19.0,4.5,"","","","","",""
"A0904","Sonoma","Rohnert Park, Petaluma","https://www.californiahealthmaps.org?address=A0904","Female","Lymph",173460,16.4,10.8,24.3,125970,18.0,11.4,28.3,"","","","",31160,"","","","","","","",3,67690,9.4,12.9,13.5,71.0,1.8,4.5,19.0,4.5,"","","","","",""
"A0904","Sonoma","Rohnert Park, Petaluma","https://www.californiahealthmaps.org?address=A0904","Male","Urinary",164990,18.3,11.4,28.3,117605,19.3,11.8,30.7,"","","","",32360,"","","","","","","",3,67690,9.4,12.9,13.5,71.0,1.8,4.5,19.0,4.5,"","","","","",""
"A0904","Sonoma","Rohnert Park, Petaluma","https://www.californiahealthmaps.org?address=A0904","Female","Urinary",173460,"","","",125970,"","","","","","","",31160,"","","","","","","",3,67690,9.4,12.9,13.5,71.0,1.8,4.5,19.0,4.5,"","","","","",""
"A0904","Sonoma","Rohnert Park, Petaluma","https://www.californiahealthmaps.org?address=A0904","Male","Kidney",164990,25.8,17.9,36.5,117605,26.2,17.5,38.3,"","","","",32360,"","","","","","","",3,67690,9.4,12.9,13.5,71.0,1.8,4.5,19.0,4.5,"","","","","",""
"A0904","Sonoma","Rohnert Park, Petaluma","https://www.californiahealthmaps.org?address=A0904","Female","Kidney",173460,11.3,6.8,18.2,125970,10.8,6.1,19.1,"","","","",31160,"","","","","","","",3,67690,9.4,12.9,13.5,71.0,1.8,4.5,19.0,4.5,"","","","","",""
"A0904","Sonoma","Rohnert Park, Petaluma","https://www.californiahealthmaps.org?address=A0904","Male","Thyroid",164990,"","","",117605,"","","","","","","",32360,"","","","","","","",3,67690,9.4,12.9,13.5,71.0,1.8,4.5,19.0,4.5,"","","","","",""
"A0904","Sonoma","Rohnert Park, Petaluma","https://www.californiahealthmaps.org?address=A0904","Female","Thyroid",173460,12.0,7.4,18.7,125970,12.0,6.5,21.2,"","","","",31160,"","","","","","","",3,67690,9.4,12.9,13.5,71.0,1.8,4.5,19.0,4.5,"","","","","",""
"A0904","Sonoma","Rohnert Park, Petaluma","https://www.californiahealthmaps.org?address=A0904","Male","Liver",164990,13.8,8.5,21.8,117605,13.5,8.1,22.4,"","","","",32360,"","","","","","","",3,67690,9.4,12.9,13.5,71.0,1.8,4.5,19.0,4.5,"","","","","",""
"A0904","Sonoma","Rohnert Park, Petaluma","https://www.californiahealthmaps.org?address=A0904","Female","Liver",173460,"","","",125970,"","","","","","","",31160,"","","","","","","",3,67690,9.4,12.9,13.5,71.0,1.8,4.5,19.0,4.5,"","","","","",""
"A0904","Sonoma","Rohnert Park, Petaluma","https://www.californiahealthmaps.org?address=A0904","Male","Pancreas",164990,13.1,7.7,21.3,117605,11.8,6.5,20.7,"","","","",32360,"","","","","","","",3,67690,9.4,12.9,13.5,71.0,1.8,4.5,19.0,4.5,"","","","","",""
"A0904","Sonoma","Rohnert Park, Petaluma","https://www.californiahealthmaps.org?address=A0904","Female","Pancreas",173460,14.9,9.6,22.3,125970,14.4,8.9,23.3,"","","","",31160,"","","","","","","",3,67690,9.4,12.9,13.5,71.0,1.8,4.5,19.0,4.5,"","","","","",""
"A0904","Sonoma","Rohnert Park, Petaluma","https://www.californiahealthmaps.org?address=A0904","Both","AllSite",338450,510.0,484.8,536.2,243575,527.0,499.0,556.6,"","","","",63520,476.5,393.1,575.9,13090,332.3,236.2,463.8,3,67690,9.4,12.9,13.5,71.0,1.8,4.5,19.0,4.5,"","","","","",""
"A0904","Sonoma","Rohnert Park, Petaluma","https://www.californiahealthmaps.org?address=A0904","Both","Lung",338450,56.4,47.9,66.0,243575,59.4,50.0,70.4,"","","","",63520,"","","",13090,"","","",3,67690,9.4,12.9,13.5,71.0,1.8,4.5,19.0,4.5,"","","","","",""
"A0904","Sonoma","Rohnert Park, Petaluma","https://www.californiahealthmaps.org?address=A0904","Both","CRC",338450,47.7,40.3,56.3,243575,51.3,42.8,61.3,"","","","",63520,"","","",13090,"","","",3,67690,9.4,12.9,13.5,71.0,1.8,4.5,19.0,4.5,"","","","","",""
"A0904","Sonoma","Rohnert Park, Petaluma","https://www.californiahealthmaps.org?address=A0904","Both","Mela",338450,46.0,38.8,54.3,243575,52.1,43.6,62.2,"","","","",63520,"","","",13090,"","","",3,67690,9.4,12.9,13.5,71.0,1.8,4.5,19.0,4.5,"","","","","",""
"A0904","Sonoma","Rohnert Park, Petaluma","https://www.californiahealthmaps.org?address=A0904","Both","Lymph",338450,24.2,18.9,30.7,243575,26.0,19.9,33.8,"","","","",63520,"","","",13090,"","","",3,67690,9.4,12.9,13.5,71.0,1.8,4.5,19.0,4.5,"","","","","",""
"A0904","Sonoma","Rohnert Park, Petaluma","https://www.californiahealthmaps.org?address=A0904","Both","Urinary",338450,9.4,6.2,13.8,243575,9.6,6.2,14.8,"","","","",63520,"","","",13090,"","","",3,67690,9.4,12.9,13.5,71.0,1.8,4.5,19.0,4.5,"","","","","",""
"A0904","Sonoma","Rohnert Park, Petaluma","https://www.californiahealthmaps.org?address=A0904","Both","Kidney",338450,18.3,13.7,24.0,243575,18.2,13.3,24.8,"","","","",63520,"","","",13090,"","","",3,67690,9.4,12.9,13.5,71.0,1.8,4.5,19.0,4.5,"","","","","",""
"A0904","Sonoma","Rohnert Park, Petaluma","https://www.californiahealthmaps.org?address=A0904","Both","Thyroid",338450,9.3,6.3,13.6,243575,8.9,5.5,14.2,"","","","",63520,"","","",13090,"","","",3,67690,9.4,12.9,13.5,71.0,1.8,4.5,19.0,4.5,"","","","","",""
"A0904","Sonoma","Rohnert Park, Petaluma","https://www.californiahealthmaps.org?address=A0904","Both","Liver",338450,8.7,5.8,12.9,243575,8.2,5.2,12.9,"","","","",63520,"","","",13090,"","","",3,67690,9.4,12.9,13.5,71.0,1.8,4.5,19.0,4.5,"","","","","",""
"A0904","Sonoma","Rohnert Park, Petaluma","https://www.californiahealthmaps.org?address=A0904","Both","Pancreas",338450,14.2,10.3,19.3,243575,13.5,9.5,19.3,"","","","",63520,"","","",13090,"","","",3,67690,9.4,12.9,13.5,71.0,1.8,4.5,19.0,4.5,"","","","","",""
