"Zone","Counties","Cities","URL","Sex","Cancer","PopTot","AAIR","LCI","UCI","White_PopTot","White_AAIR","White_LCI","White_UCI","Black_PopTot","Black_AAIR","Black_LCI","Black_UCI","Hispanic_PopTot","Hispanic_AAIR","Hispanic_LCI","Hispanic_UCI","Asian_PopTot","Asian_AAIR","Asian_LCI","Asian_UCI","QNSES","PopAll","PerRural","PerUninsured","PerForeignBorn","PerWhite","PerBlack","PerAsian","PerHispanic","PerAPI","PerDocvisit","PerFOBT","PerMammo","PerMenPrev","PerPap","PerWomenPrev"
"A0906","Sacramento","Sacramento, Elk Grove","https://www.californiahealthmaps.org?address=A0906","Male","AllSite",154540,499.8,458.2,545.0,64105,526.3,469.2,589.1,14425,649.8,454.1,956.7,27610,532.5,395.2,724.9,39715,405.2,330.8,494.8,4,63058,5.4,10.9,22.1,40.4,9.4,27.4,17.1,27.4,"","","","","",""
"A0906","Sacramento","Sacramento, Elk Grove","https://www.californiahealthmaps.org?address=A0906","Female","AllSite",160750,469.7,434.1,507.8,67195,511.7,460.7,567.8,15150,437.2,321.2,589.2,27930,445.0,337.8,585.3,41025,407.6,342.4,483.5,4,63058,5.4,10.9,22.1,40.4,9.4,27.4,17.1,27.4,"","","","","",""
"A0906","Sacramento","Sacramento, Elk Grove","https://www.californiahealthmaps.org?address=A0906","Male","Prostate",154540,105.9,88.0,127.2,64105,108.3,84.3,138.0,14425,198.2,94.6,433.0,27610,133.9,76.5,252.7,39715,68.3,40.0,113.2,4,63058,5.4,10.9,22.1,40.4,9.4,27.4,17.1,27.4,"","","","","",""
"A0906","Sacramento","Sacramento, Elk Grove","https://www.californiahealthmaps.org?address=A0906","Female","Breast",160750,145.8,126.8,167.3,67195,163.7,135.9,196.6,15150,139.9,81.1,236.0,27930,143.9,90.9,231.0,41025,110.4,79.8,151.5,4,63058,5.4,10.9,22.1,40.4,9.4,27.4,17.1,27.4,"","","","","",""
"A0906","Sacramento","Sacramento, Elk Grove","https://www.californiahealthmaps.org?address=A0906","Male","Lung",154540,60.5,45.9,79.1,64105,64.7,44.6,91.2,14425,"","","",27610,"","","",39715,62.8,35.4,107.3,4,63058,5.4,10.9,22.1,40.4,9.4,27.4,17.1,27.4,"","","","","",""
"A0906","Sacramento","Sacramento, Elk Grove","https://www.californiahealthmaps.org?address=A0906","Female","Lung",160750,49.8,38.2,64.1,67195,57.6,40.9,79.7,15150,"","","",27930,"","","",41025,"","","",4,63058,5.4,10.9,22.1,40.4,9.4,27.4,17.1,27.4,"","","","","",""
"A0906","Sacramento","Sacramento, Elk Grove","https://www.californiahealthmaps.org?address=A0906","Male","CRC",154540,56.3,43.0,73.3,64105,59.5,41.5,83.8,14425,"","","",27610,"","","",39715,52.5,29.7,91.6,4,63058,5.4,10.9,22.1,40.4,9.4,27.4,17.1,27.4,"","","","","",""
"A0906","Sacramento","Sacramento, Elk Grove","https://www.californiahealthmaps.org?address=A0906","Female","CRC",160750,47.9,36.7,61.8,67195,50.9,35.5,71.6,15150,"","","",27930,"","","",41025,57.7,34.7,92.6,4,63058,5.4,10.9,22.1,40.4,9.4,27.4,17.1,27.4,"","","","","",""
"A0906","Sacramento","Sacramento, Elk Grove","https://www.californiahealthmaps.org?address=A0906","Male","Mela",154540,32.0,22.3,45.4,64105,50.2,33.9,72.6,14425,"","","",27610,"","","",39715,"","","",4,63058,5.4,10.9,22.1,40.4,9.4,27.4,17.1,27.4,"","","","","",""
"A0906","Sacramento","Sacramento, Elk Grove","https://www.californiahealthmaps.org?address=A0906","Female","Mela",160750,15.4,9.8,23.5,67195,24.4,14.6,39.6,15150,"","","",27930,"","","",41025,"","","",4,63058,5.4,10.9,22.1,40.4,9.4,27.4,17.1,27.4,"","","","","",""
"A0906","Sacramento","Sacramento, Elk Grove","https://www.californiahealthmaps.org?address=A0906","Female","Uterine",160750,27.1,19.4,37.4,67195,35.0,23.3,51.9,15150,"","","",27930,"","","",41025,"","","",4,63058,5.4,10.9,22.1,40.4,9.4,27.4,17.1,27.4,"","","","","",""
"A0906","Sacramento","Sacramento, Elk Grove","https://www.californiahealthmaps.org?address=A0906","Male","Lymph",154540,28.6,18.8,42.3,64105,28.3,16.6,46.3,14425,"","","",27610,"","","",39715,"","","",4,63058,5.4,10.9,22.1,40.4,9.4,27.4,17.1,27.4,"","","","","",""
"A0906","Sacramento","Sacramento, Elk Grove","https://www.californiahealthmaps.org?address=A0906","Female","Lymph",160750,11.9,6.7,20.1,67195,"","","",15150,"","","",27930,"","","",41025,"","","",4,63058,5.4,10.9,22.1,40.4,9.4,27.4,17.1,27.4,"","","","","",""
"A0906","Sacramento","Sacramento, Elk Grove","https://www.californiahealthmaps.org?address=A0906","Male","Urinary",154540,16.5,9.0,28.4,64105,"","","",14425,"","","",27610,"","","",39715,"","","",4,63058,5.4,10.9,22.1,40.4,9.4,27.4,17.1,27.4,"","","","","",""
"A0906","Sacramento","Sacramento, Elk Grove","https://www.californiahealthmaps.org?address=A0906","Female","Urinary",160750,"","","",67195,"","","",15150,"","","",27930,"","","",41025,"","","",4,63058,5.4,10.9,22.1,40.4,9.4,27.4,17.1,27.4,"","","","","",""
"A0906","Sacramento","Sacramento, Elk Grove","https://www.californiahealthmaps.org?address=A0906","Male","Kidney",154540,27.2,18.5,39.5,64105,23.5,13.1,40.3,14425,"","","",27610,"","","",39715,"","","",4,63058,5.4,10.9,22.1,40.4,9.4,27.4,17.1,27.4,"","","","","",""
"A0906","Sacramento","Sacramento, Elk Grove","https://www.californiahealthmaps.org?address=A0906","Female","Kidney",160750,18.5,11.9,27.9,67195,"","","",15150,"","","",27930,"","","",41025,"","","",4,63058,5.4,10.9,22.1,40.4,9.4,27.4,17.1,27.4,"","","","","",""
"A0906","Sacramento","Sacramento, Elk Grove","https://www.californiahealthmaps.org?address=A0906","Male","Thyroid",154540,14.0,7.9,23.9,64105,"","","",14425,"","","",27610,"","","",39715,"","","",4,63058,5.4,10.9,22.1,40.4,9.4,27.4,17.1,27.4,"","","","","",""
"A0906","Sacramento","Sacramento, Elk Grove","https://www.californiahealthmaps.org?address=A0906","Female","Thyroid",160750,26.2,18.4,36.5,67195,26.8,15.6,43.9,15150,"","","",27930,"","","",41025,38.3,21.0,67.0,4,63058,5.4,10.9,22.1,40.4,9.4,27.4,17.1,27.4,"","","","","",""
"A0906","Sacramento","Sacramento, Elk Grove","https://www.californiahealthmaps.org?address=A0906","Male","Liver",154540,24.9,16.2,37.5,64105,"","","",14425,"","","",27610,"","","",39715,"","","",4,63058,5.4,10.9,22.1,40.4,9.4,27.4,17.1,27.4,"","","","","",""
"A0906","Sacramento","Sacramento, Elk Grove","https://www.californiahealthmaps.org?address=A0906","Female","Liver",160750,"","","",67195,"","","",15150,"","","",27930,"","","",41025,"","","",4,63058,5.4,10.9,22.1,40.4,9.4,27.4,17.1,27.4,"","","","","",""
"A0906","Sacramento","Sacramento, Elk Grove","https://www.californiahealthmaps.org?address=A0906","Male","Pancreas",154540,16.6,9.5,27.8,64105,"","","",14425,"","","",27610,"","","",39715,"","","",4,63058,5.4,10.9,22.1,40.4,9.4,27.4,17.1,27.4,"","","","","",""
"A0906","Sacramento","Sacramento, Elk Grove","https://www.californiahealthmaps.org?address=A0906","Female","Pancreas",160750,14.1,8.5,22.5,67195,"","","",15150,"","","",27930,"","","",41025,"","","",4,63058,5.4,10.9,22.1,40.4,9.4,27.4,17.1,27.4,"","","","","",""
"A0906","Sacramento","Sacramento, Elk Grove","https://www.californiahealthmaps.org?address=A0906","Both","AllSite",315290,481.8,454.7,510.1,131300,518.1,480.1,558.8,29575,513.8,414.3,635.4,55540,477.5,392.1,582.6,80740,403.3,354.1,458.3,4,63058,5.4,10.9,22.1,40.4,9.4,27.4,17.1,27.4,"","","","","",""
"A0906","Sacramento","Sacramento, Elk Grove","https://www.californiahealthmaps.org?address=A0906","Both","Lung",315290,54.1,44.9,64.9,131300,60.1,47.1,75.9,29575,"","","",55540,"","","",80740,46.0,29.5,69.2,4,63058,5.4,10.9,22.1,40.4,9.4,27.4,17.1,27.4,"","","","","",""
"A0906","Sacramento","Sacramento, Elk Grove","https://www.californiahealthmaps.org?address=A0906","Both","CRC",315290,52.1,43.3,62.2,131300,55.3,43.3,70.0,29575,"","","",55540,"","","",80740,56.5,39.1,80.0,4,63058,5.4,10.9,22.1,40.4,9.4,27.4,17.1,27.4,"","","","","",""
"A0906","Sacramento","Sacramento, Elk Grove","https://www.californiahealthmaps.org?address=A0906","Both","Mela",315290,22.9,17.4,29.7,131300,35.8,26.6,47.8,29575,"","","",55540,"","","",80740,"","","",4,63058,5.4,10.9,22.1,40.4,9.4,27.4,17.1,27.4,"","","","","",""
"A0906","Sacramento","Sacramento, Elk Grove","https://www.californiahealthmaps.org?address=A0906","Both","Lymph",315290,18.9,13.7,25.5,131300,19.5,12.8,29.0,29575,"","","",55540,"","","",80740,"","","",4,63058,5.4,10.9,22.1,40.4,9.4,27.4,17.1,27.4,"","","","","",""
"A0906","Sacramento","Sacramento, Elk Grove","https://www.californiahealthmaps.org?address=A0906","Both","Urinary",315290,10.1,6.3,15.5,131300,14.6,8.7,23.5,29575,"","","",55540,"","","",80740,"","","",4,63058,5.4,10.9,22.1,40.4,9.4,27.4,17.1,27.4,"","","","","",""
"A0906","Sacramento","Sacramento, Elk Grove","https://www.californiahealthmaps.org?address=A0906","Both","Kidney",315290,22.6,17.1,29.5,131300,18.4,11.9,27.7,29575,"","","",55540,49.1,26.6,94.5,80740,"","","",4,63058,5.4,10.9,22.1,40.4,9.4,27.4,17.1,27.4,"","","","","",""
"A0906","Sacramento","Sacramento, Elk Grove","https://www.californiahealthmaps.org?address=A0906","Both","Thyroid",315290,20.0,15.0,26.4,131300,18.6,11.7,28.5,29575,"","","",55540,"","","",80740,28.9,17.9,45.9,4,63058,5.4,10.9,22.1,40.4,9.4,27.4,17.1,27.4,"","","","","",""
"A0906","Sacramento","Sacramento, Elk Grove","https://www.californiahealthmaps.org?address=A0906","Both","Liver",315290,14.5,10.2,20.4,131300,10.5,5.8,18.2,29575,"","","",55540,"","","",80740,24.4,13.2,42.2,4,63058,5.4,10.9,22.1,40.4,9.4,27.4,17.1,27.4,"","","","","",""
"A0906","Sacramento","Sacramento, Elk Grove","https://www.californiahealthmaps.org?address=A0906","Both","Pancreas",315290,15.6,10.9,21.9,131300,13.3,7.7,21.8,29575,"","","",55540,"","","",80740,"","","",4,63058,5.4,10.9,22.1,40.4,9.4,27.4,17.1,27.4,"","","","","",""
