"Zone","Counties","Cities","URL","Sex","Cancer","PopTot","AAIR","LCI","UCI","White_PopTot","White_AAIR","White_LCI","White_UCI","Black_PopTot","Black_AAIR","Black_LCI","Black_UCI","Hispanic_PopTot","Hispanic_AAIR","Hispanic_LCI","Hispanic_UCI","Asian_PopTot","Asian_AAIR","Asian_LCI","Asian_UCI","QNSES","PopAll","PerRural","PerUninsured","PerForeignBorn","PerWhite","PerBlack","PerAsian","PerHispanic","PerAPI","PerDocvisit","PerFOBT","PerMammo","PerMenPrev","PerPap","PerWomenPrev"
"A0157","Los Angeles","Los Angeles","https://www.californiahealthmaps.org?address=A0157","Male","AllSite",171780,382.4,344.7,423.5,"","","","","","","","",161030,369.4,329.3,413.6,"","","","",1,68248,0.0,29.3,42.2,2.8,2.4,1.2,93.0,1.2,"","","","","",""
"A0157","Los Angeles","Los Angeles","https://www.californiahealthmaps.org?address=A0157","Female","AllSite",169460,319.1,289.6,351.0,"","","","","","","","",157625,313.4,281.7,347.9,"","","","",1,68248,0.0,29.3,42.2,2.8,2.4,1.2,93.0,1.2,"","","","","",""
"A0157","Los Angeles","Los Angeles","https://www.californiahealthmaps.org?address=A0157","Male","Prostate",171780,98.9,80.1,121.2,"","","","","","","","",161030,97.1,76.9,121.6,"","","","",1,68248,0.0,29.3,42.2,2.8,2.4,1.2,93.0,1.2,"","","","","",""
"A0157","Los Angeles","Los Angeles","https://www.californiahealthmaps.org?address=A0157","Female","Breast",169460,83.3,68.7,100.3,"","","","","","","","",157625,73.8,59.2,91.3,"","","","",1,68248,0.0,29.3,42.2,2.8,2.4,1.2,93.0,1.2,"","","","","",""
"A0157","Los Angeles","Los Angeles","https://www.californiahealthmaps.org?address=A0157","Male","Lung",171780,30.2,19.9,44.5,"","","","","","","","",161030,28.5,17.8,44.1,"","","","",1,68248,0.0,29.3,42.2,2.8,2.4,1.2,93.0,1.2,"","","","","",""
"A0157","Los Angeles","Los Angeles","https://www.californiahealthmaps.org?address=A0157","Female","Lung",169460,26.0,17.8,36.8,"","","","","","","","",157625,23.2,14.9,34.7,"","","","",1,68248,0.0,29.3,42.2,2.8,2.4,1.2,93.0,1.2,"","","","","",""
"A0157","Los Angeles","Los Angeles","https://www.californiahealthmaps.org?address=A0157","Male","CRC",171780,55.4,41.8,72.7,"","","","","","","","",161030,55.0,40.6,73.9,"","","","",1,68248,0.0,29.3,42.2,2.8,2.4,1.2,93.0,1.2,"","","","","",""
"A0157","Los Angeles","Los Angeles","https://www.californiahealthmaps.org?address=A0157","Female","CRC",169460,27.3,19.1,37.9,"","","","","","","","",157625,28.8,19.7,41.0,"","","","",1,68248,0.0,29.3,42.2,2.8,2.4,1.2,93.0,1.2,"","","","","",""
"A0157","Los Angeles","Los Angeles","https://www.californiahealthmaps.org?address=A0157","Male","Mela",171780,"","","","","","","","","","","",161030,"","","","","","","",1,68248,0.0,29.3,42.2,2.8,2.4,1.2,93.0,1.2,"","","","","",""
"A0157","Los Angeles","Los Angeles","https://www.californiahealthmaps.org?address=A0157","Female","Mela",169460,"","","","","","","","","","","",157625,"","","","","","","",1,68248,0.0,29.3,42.2,2.8,2.4,1.2,93.0,1.2,"","","","","",""
"A0157","Los Angeles","Los Angeles","https://www.californiahealthmaps.org?address=A0157","Female","Uterine",169460,26.7,18.8,37.1,"","","","","","","","",157625,25.3,17.1,36.5,"","","","",1,68248,0.0,29.3,42.2,2.8,2.4,1.2,93.0,1.2,"","","","","",""
"A0157","Los Angeles","Los Angeles","https://www.californiahealthmaps.org?address=A0157","Male","Lymph",171780,25.3,16.2,38.3,"","","","","","","","",161030,25.8,15.7,40.8,"","","","",1,68248,0.0,29.3,42.2,2.8,2.4,1.2,93.0,1.2,"","","","","",""
"A0157","Los Angeles","Los Angeles","https://www.californiahealthmaps.org?address=A0157","Female","Lymph",169460,17.0,10.7,25.8,"","","","","","","","",157625,17.6,10.7,27.8,"","","","",1,68248,0.0,29.3,42.2,2.8,2.4,1.2,93.0,1.2,"","","","","",""
"A0157","Los Angeles","Los Angeles","https://www.californiahealthmaps.org?address=A0157","Male","Urinary",171780,"","","","","","","","","","","",161030,"","","","","","","",1,68248,0.0,29.3,42.2,2.8,2.4,1.2,93.0,1.2,"","","","","",""
"A0157","Los Angeles","Los Angeles","https://www.californiahealthmaps.org?address=A0157","Female","Urinary",169460,"","","","","","","","","","","",157625,"","","","","","","",1,68248,0.0,29.3,42.2,2.8,2.4,1.2,93.0,1.2,"","","","","",""
"A0157","Los Angeles","Los Angeles","https://www.californiahealthmaps.org?address=A0157","Male","Kidney",171780,17.1,10.0,28.0,"","","","","","","","",161030,18.9,10.8,31.8,"","","","",1,68248,0.0,29.3,42.2,2.8,2.4,1.2,93.0,1.2,"","","","","",""
"A0157","Los Angeles","Los Angeles","https://www.californiahealthmaps.org?address=A0157","Female","Kidney",169460,18.0,11.6,27.0,"","","","","","","","",157625,18.0,11.2,27.9,"","","","",1,68248,0.0,29.3,42.2,2.8,2.4,1.2,93.0,1.2,"","","","","",""
"A0157","Los Angeles","Los Angeles","https://www.californiahealthmaps.org?address=A0157","Male","Thyroid",171780,"","","","","","","","","","","",161030,"","","","","","","",1,68248,0.0,29.3,42.2,2.8,2.4,1.2,93.0,1.2,"","","","","",""
"A0157","Los Angeles","Los Angeles","https://www.californiahealthmaps.org?address=A0157","Female","Thyroid",169460,18.9,12.5,27.8,"","","","","","","","",157625,16.6,10.5,25.7,"","","","",1,68248,0.0,29.3,42.2,2.8,2.4,1.2,93.0,1.2,"","","","","",""
"A0157","Los Angeles","Los Angeles","https://www.californiahealthmaps.org?address=A0157","Male","Liver",171780,15.1,8.4,25.8,"","","","","","","","",161030,17.1,9.2,29.9,"","","","",1,68248,0.0,29.3,42.2,2.8,2.4,1.2,93.0,1.2,"","","","","",""
"A0157","Los Angeles","Los Angeles","https://www.californiahealthmaps.org?address=A0157","Female","Liver",169460,"","","","","","","","","","","",157625,"","","","","","","",1,68248,0.0,29.3,42.2,2.8,2.4,1.2,93.0,1.2,"","","","","",""
"A0157","Los Angeles","Los Angeles","https://www.californiahealthmaps.org?address=A0157","Male","Pancreas",171780,"","","","","","","","","","","",161030,"","","","","","","",1,68248,0.0,29.3,42.2,2.8,2.4,1.2,93.0,1.2,"","","","","",""
"A0157","Los Angeles","Los Angeles","https://www.californiahealthmaps.org?address=A0157","Female","Pancreas",169460,"","","","","","","","","","","",157625,"","","","","","","",1,68248,0.0,29.3,42.2,2.8,2.4,1.2,93.0,1.2,"","","","","",""
"A0157","Los Angeles","Los Angeles","https://www.californiahealthmaps.org?address=A0157","Both","AllSite",341240,341.7,318.6,366.1,"","","","","","","","",318655,334.0,309.2,360.5,"","","","",1,68248,0.0,29.3,42.2,2.8,2.4,1.2,93.0,1.2,"","","","","",""
"A0157","Los Angeles","Los Angeles","https://www.californiahealthmaps.org?address=A0157","Both","Lung",341240,27.5,21.0,35.5,"","","","","","","","",318655,25.5,18.7,34.2,"","","","",1,68248,0.0,29.3,42.2,2.8,2.4,1.2,93.0,1.2,"","","","","",""
"A0157","Los Angeles","Los Angeles","https://www.californiahealthmaps.org?address=A0157","Both","CRC",341240,39.5,31.9,48.6,"","","","","","","","",318655,40.6,32.2,50.6,"","","","",1,68248,0.0,29.3,42.2,2.8,2.4,1.2,93.0,1.2,"","","","","",""
"A0157","Los Angeles","Los Angeles","https://www.californiahealthmaps.org?address=A0157","Both","Mela",341240,"","","","","","","","","","","",318655,"","","","","","","",1,68248,0.0,29.3,42.2,2.8,2.4,1.2,93.0,1.2,"","","","","",""
"A0157","Los Angeles","Los Angeles","https://www.californiahealthmaps.org?address=A0157","Both","Lymph",341240,20.4,15.0,27.3,"","","","","","","","",318655,21.0,14.9,28.9,"","","","",1,68248,0.0,29.3,42.2,2.8,2.4,1.2,93.0,1.2,"","","","","",""
"A0157","Los Angeles","Los Angeles","https://www.californiahealthmaps.org?address=A0157","Both","Urinary",341240,7.1,4.0,11.7,"","","","","","","","",318655,"","","","","","","",1,68248,0.0,29.3,42.2,2.8,2.4,1.2,93.0,1.2,"","","","","",""
"A0157","Los Angeles","Los Angeles","https://www.californiahealthmaps.org?address=A0157","Both","Kidney",341240,17.5,12.6,23.8,"","","","","","","","",318655,18.1,12.8,25.2,"","","","",1,68248,0.0,29.3,42.2,2.8,2.4,1.2,93.0,1.2,"","","","","",""
"A0157","Los Angeles","Los Angeles","https://www.californiahealthmaps.org?address=A0157","Both","Thyroid",341240,13.6,9.6,19.0,"","","","","","","","",318655,12.0,8.1,17.6,"","","","",1,68248,0.0,29.3,42.2,2.8,2.4,1.2,93.0,1.2,"","","","","",""
"A0157","Los Angeles","Los Angeles","https://www.californiahealthmaps.org?address=A0157","Both","Liver",341240,11.8,7.7,17.3,"","","","","","","","",318655,13.2,8.5,19.8,"","","","",1,68248,0.0,29.3,42.2,2.8,2.4,1.2,93.0,1.2,"","","","","",""
"A0157","Los Angeles","Los Angeles","https://www.californiahealthmaps.org?address=A0157","Both","Pancreas",341240,7.8,4.7,12.4,"","","","","","","","",318655,7.9,4.5,13.1,"","","","",1,68248,0.0,29.3,42.2,2.8,2.4,1.2,93.0,1.2,"","","","","",""
