"Zone","Counties","Cities","URL","Sex","Cancer","PopTot","AAIR","LCI","UCI","White_PopTot","White_AAIR","White_LCI","White_UCI","Black_PopTot","Black_AAIR","Black_LCI","Black_UCI","Hispanic_PopTot","Hispanic_AAIR","Hispanic_LCI","Hispanic_UCI","Asian_PopTot","Asian_AAIR","Asian_LCI","Asian_UCI","QNSES","PopAll","PerRural","PerUninsured","PerForeignBorn","PerWhite","PerBlack","PerAsian","PerHispanic"
"A0863","Los Angeles","","https://www.californiahealthmaps.org?address=A0863","Male","AllSite",147950,389.0,345.6,437.5,"","","","","","","","",136970,381.1,333.9,434.9,"","","","",1,60242,0.0,32.7,41.5,1.1,5.7,0.4,92.8
"A0863","Los Angeles","","https://www.californiahealthmaps.org?address=A0863","Female","AllSite",153260,345.9,310.6,384.5,"","","","",10255,365.6,250.4,519.2,139445,341.6,303.6,383.8,"","","","",1,60242,0.0,32.7,41.5,1.1,5.7,0.4,92.8
"A0863","Los Angeles","","https://www.californiahealthmaps.org?address=A0863","Male","Prostate",147950,92.4,71.9,118.2,"","","","","","","","",136970,90.9,68.4,120.3,"","","","",1,60242,0.0,32.7,41.5,1.1,5.7,0.4,92.8
"A0863","Los Angeles","","https://www.californiahealthmaps.org?address=A0863","Female","Breast",153260,95.5,77.8,116.4,"","","","",10255,"","","",139445,97.3,78.1,120.7,"","","","",1,60242,0.0,32.7,41.5,1.1,5.7,0.4,92.8
"A0863","Los Angeles","","https://www.californiahealthmaps.org?address=A0863","Male","Lung",147950,28.5,16.9,46.1,"","","","","","","","",136970,27.8,15.2,48.3,"","","","",1,60242,0.0,32.7,41.5,1.1,5.7,0.4,92.8
"A0863","Los Angeles","","https://www.californiahealthmaps.org?address=A0863","Female","Lung",153260,20.2,12.0,32.3,"","","","",10255,"","","",139445,"","","","","","","",1,60242,0.0,32.7,41.5,1.1,5.7,0.4,92.8
"A0863","Los Angeles","","https://www.californiahealthmaps.org?address=A0863","Male","CRC",147950,63.1,45.9,85.8,"","","","","","","","",136970,62.4,43.9,88.1,"","","","",1,60242,0.0,32.7,41.5,1.1,5.7,0.4,92.8
"A0863","Los Angeles","","https://www.californiahealthmaps.org?address=A0863","Female","CRC",153260,31.2,21.1,45.0,"","","","",10255,"","","",139445,29.3,19.0,44.2,"","","","",1,60242,0.0,32.7,41.5,1.1,5.7,0.4,92.8
"A0863","Los Angeles","","https://www.californiahealthmaps.org?address=A0863","Male","Mela",147950,3.1,0.3,13.5,"","","","","","","","",136970,"","","","","","","",1,60242,0.0,32.7,41.5,1.1,5.7,0.4,92.8
"A0863","Los Angeles","","https://www.californiahealthmaps.org?address=A0863","Female","Mela",153260,3.0,0.6,9.6,"","","","",10255,"","","",139445,"","","","","","","",1,60242,0.0,32.7,41.5,1.1,5.7,0.4,92.8
"A0863","Los Angeles","","https://www.californiahealthmaps.org?address=A0863","Female","Uterine",153260,31.6,22.0,44.7,"","","","",10255,"","","",139445,32.5,21.9,47.4,"","","","",1,60242,0.0,32.7,41.5,1.1,5.7,0.4,92.8
"A0863","Los Angeles","","https://www.californiahealthmaps.org?address=A0863","Male","Lymph",147950,25.6,15.8,41.0,"","","","","","","","",136970,26.2,15.5,44.2,"","","","",1,60242,0.0,32.7,41.5,1.1,5.7,0.4,92.8
"A0863","Los Angeles","","https://www.californiahealthmaps.org?address=A0863","Female","Lymph",153260,14.9,8.1,25.4,"","","","",10255,"","","",139445,"","","","","","","",1,60242,0.0,32.7,41.5,1.1,5.7,0.4,92.8
"A0863","Los Angeles","","https://www.californiahealthmaps.org?address=A0863","Male","Urinary",147950,8.5,2.6,21.2,"","","","","","","","",136970,"","","","","","","",1,60242,0.0,32.7,41.5,1.1,5.7,0.4,92.8
"A0863","Los Angeles","","https://www.californiahealthmaps.org?address=A0863","Female","Urinary",153260,4.8,1.5,12.3,"","","","",10255,"","","",139445,"","","","","","","",1,60242,0.0,32.7,41.5,1.1,5.7,0.4,92.8
"A0863","Los Angeles","","https://www.californiahealthmaps.org?address=A0863","Male","Kidney",147950,28.8,18.5,44.6,"","","","","","","","",136970,27.1,16.3,45.3,"","","","",1,60242,0.0,32.7,41.5,1.1,5.7,0.4,92.8
"A0863","Los Angeles","","https://www.californiahealthmaps.org?address=A0863","Female","Kidney",153260,11.4,5.6,21.1,"","","","",10255,"","","",139445,"","","","","","","",1,60242,0.0,32.7,41.5,1.1,5.7,0.4,92.8
"A0863","Los Angeles","","https://www.californiahealthmaps.org?address=A0863","Male","Thyroid",147950,6.5,2.3,16.9,"","","","","","","","",136970,"","","","","","","",1,60242,0.0,32.7,41.5,1.1,5.7,0.4,92.8
"A0863","Los Angeles","","https://www.californiahealthmaps.org?address=A0863","Female","Thyroid",153260,15.6,9.6,24.8,"","","","",10255,"","","",139445,16.4,10.0,27.0,"","","","",1,60242,0.0,32.7,41.5,1.1,5.7,0.4,92.8
"A0863","Los Angeles","","https://www.californiahealthmaps.org?address=A0863","Both","AllSite",301210,363.3,335.8,392.6,"","","","",17890,399.0,303.6,517.6,276415,356.5,326.8,388.6,"","","","",1,60242,0.0,32.7,41.5,1.1,5.7,0.4,92.8
"A0863","Los Angeles","","https://www.californiahealthmaps.org?address=A0863","Both","Lung",301210,23.8,16.7,33.1,"","","","",17890,"","","",276415,20.7,13.5,30.9,"","","","",1,60242,0.0,32.7,41.5,1.1,5.7,0.4,92.8
"A0863","Los Angeles","","https://www.californiahealthmaps.org?address=A0863","Both","CRC",301210,45.1,35.5,56.7,"","","","",17890,"","","",276415,43.7,33.6,56.5,"","","","",1,60242,0.0,32.7,41.5,1.1,5.7,0.4,92.8
"A0863","Los Angeles","","https://www.californiahealthmaps.org?address=A0863","Both","Mela",301210,2.9,0.9,7.3,"","","","",17890,"","","",276415,"","","","","","","",1,60242,0.0,32.7,41.5,1.1,5.7,0.4,92.8
"A0863","Los Angeles","","https://www.californiahealthmaps.org?address=A0863","Both","Lymph",301210,20.0,14.0,28.1,"","","","",17890,"","","",276415,20.5,13.9,29.7,"","","","",1,60242,0.0,32.7,41.5,1.1,5.7,0.4,92.8
"A0863","Los Angeles","","https://www.californiahealthmaps.org?address=A0863","Both","Urinary",301210,6.2,2.9,12.0,"","","","",17890,"","","",276415,"","","","","","","",1,60242,0.0,32.7,41.5,1.1,5.7,0.4,92.8
"A0863","Los Angeles","","https://www.californiahealthmaps.org?address=A0863","Both","Kidney",301210,19.6,13.6,27.6,"","","","",17890,"","","",276415,19.1,12.6,28.3,"","","","",1,60242,0.0,32.7,41.5,1.1,5.7,0.4,92.8
"A0863","Los Angeles","","https://www.californiahealthmaps.org?address=A0863","Both","Thyroid",301210,11.1,7.3,16.8,"","","","",17890,"","","",276415,11.9,7.7,18.5,"","","","",1,60242,0.0,32.7,41.5,1.1,5.7,0.4,92.8
