"Zone","Counties","Cities","URL","Sex","Cancer","PopTot","AAIR","LCI","UCI","White_PopTot","White_AAIR","White_LCI","White_UCI","Black_PopTot","Black_AAIR","Black_LCI","Black_UCI","Hispanic_PopTot","Hispanic_AAIR","Hispanic_LCI","Hispanic_UCI","Asian_PopTot","Asian_AAIR","Asian_LCI","Asian_UCI","QNSES","PopAll","PerRural","PerUninsured","PerForeignBorn","PerWhite","PerBlack","PerAsian","PerHispanic","PerAPI","PerDocvisit","PerFOBT","PerMammo","PerMenPrev","PerPap","PerWomenPrev"
"A0604","Los Angeles","San Marino","https://www.californiahealthmaps.org?address=A0604","Male","AllSite",158235,400.6,370.6,432.6,62445,427.9,384.1,477.4,"","","","",30120,480.3,389.6,589.3,55900,302.4,256.1,355.6,5,66194,0.0,10.8,33.7,37.7,3.1,35.6,20.2,35.6,"","","","","",""
"A0604","Los Angeles","San Marino","https://www.californiahealthmaps.org?address=A0604","Female","AllSite",172735,393.0,366.4,421.4,62590,439.1,395.5,488.6,"","","","",34705,287.2,233.7,350.3,64495,370.5,326.6,420.0,5,66194,0.0,10.8,33.7,37.7,3.1,35.6,20.2,35.6,"","","","","",""
"A0604","Los Angeles","San Marino","https://www.californiahealthmaps.org?address=A0604","Male","Prostate",158235,96.2,81.9,112.6,62445,90.1,71.2,114.9,"","","","",30120,149.0,100.0,217.6,55900,69.5,48.5,97.7,5,66194,0.0,10.8,33.7,37.7,3.1,35.6,20.2,35.6,"","","","","",""
"A0604","Los Angeles","San Marino","https://www.californiahealthmaps.org?address=A0604","Female","Breast",172735,140.1,124.4,157.6,62590,166.9,140.7,199.0,"","","","",34705,111.6,79.5,153.5,64495,119.5,95.6,149.2,5,66194,0.0,10.8,33.7,37.7,3.1,35.6,20.2,35.6,"","","","","",""
"A0604","Los Angeles","San Marino","https://www.californiahealthmaps.org?address=A0604","Male","Lung",158235,40.0,31.0,51.2,62445,37.1,25.5,55.0,"","","","",30120,"","","",55900,47.1,30.2,71.4,5,66194,0.0,10.8,33.7,37.7,3.1,35.6,20.2,35.6,"","","","","",""
"A0604","Los Angeles","San Marino","https://www.californiahealthmaps.org?address=A0604","Female","Lung",172735,28.5,22.0,37.0,62590,27.9,18.9,43.4,"","","","",34705,"","","",64495,37.5,24.4,56.9,5,66194,0.0,10.8,33.7,37.7,3.1,35.6,20.2,35.6,"","","","","",""
"A0604","Los Angeles","San Marino","https://www.californiahealthmaps.org?address=A0604","Male","CRC",158235,39.0,30.1,50.0,62445,34.7,23.3,52.7,"","","","",30120,"","","",55900,53.9,35.5,79.6,5,66194,0.0,10.8,33.7,37.7,3.1,35.6,20.2,35.6,"","","","","",""
"A0604","Los Angeles","San Marino","https://www.californiahealthmaps.org?address=A0604","Female","CRC",172735,33.8,26.5,43.0,62590,31.2,20.7,48.5,"","","","",34705,"","","",64495,40.2,26.8,60.0,5,66194,0.0,10.8,33.7,37.7,3.1,35.6,20.2,35.6,"","","","","",""
"A0604","Los Angeles","San Marino","https://www.californiahealthmaps.org?address=A0604","Male","Mela",158235,28.1,20.5,37.8,62445,46.3,32.7,66.3,"","","","",30120,"","","",55900,"","","",5,66194,0.0,10.8,33.7,37.7,3.1,35.6,20.2,35.6,"","","","","",""
"A0604","Los Angeles","San Marino","https://www.californiahealthmaps.org?address=A0604","Female","Mela",172735,13.8,9.2,20.5,62590,24.9,14.8,42.3,"","","","",34705,"","","",64495,"","","",5,66194,0.0,10.8,33.7,37.7,3.1,35.6,20.2,35.6,"","","","","",""
"A0604","Los Angeles","San Marino","https://www.californiahealthmaps.org?address=A0604","Female","Uterine",172735,25.9,19.6,34.2,62590,30.4,20.4,47.2,"","","","",34705,"","","",64495,26.5,16.2,43.2,5,66194,0.0,10.8,33.7,37.7,3.1,35.6,20.2,35.6,"","","","","",""
"A0604","Los Angeles","San Marino","https://www.californiahealthmaps.org?address=A0604","Male","Lymph",158235,20.7,14.3,29.3,62445,19.7,10.9,35.5,"","","","",30120,"","","",55900,"","","",5,66194,0.0,10.8,33.7,37.7,3.1,35.6,20.2,35.6,"","","","","",""
"A0604","Los Angeles","San Marino","https://www.californiahealthmaps.org?address=A0604","Female","Lymph",172735,14.5,9.8,21.4,62590,"","","","","","","",34705,"","","",64495,"","","",5,66194,0.0,10.8,33.7,37.7,3.1,35.6,20.2,35.6,"","","","","",""
"A0604","Los Angeles","San Marino","https://www.californiahealthmaps.org?address=A0604","Male","Urinary",158235,13.4,8.5,20.6,62445,"","","","","","","",30120,"","","",55900,"","","",5,66194,0.0,10.8,33.7,37.7,3.1,35.6,20.2,35.6,"","","","","",""
"A0604","Los Angeles","San Marino","https://www.californiahealthmaps.org?address=A0604","Female","Urinary",172735,"","","",62590,"","","","","","","",34705,"","","",64495,"","","",5,66194,0.0,10.8,33.7,37.7,3.1,35.6,20.2,35.6,"","","","","",""
"A0604","Los Angeles","San Marino","https://www.californiahealthmaps.org?address=A0604","Male","Kidney",158235,22.3,15.6,31.2,62445,25.4,15.8,41.6,"","","","",30120,"","","",55900,"","","",5,66194,0.0,10.8,33.7,37.7,3.1,35.6,20.2,35.6,"","","","","",""
"A0604","Los Angeles","San Marino","https://www.californiahealthmaps.org?address=A0604","Female","Kidney",172735,13.2,8.7,19.8,62590,14.6,7.7,29.0,"","","","",34705,"","","",64495,"","","",5,66194,0.0,10.8,33.7,37.7,3.1,35.6,20.2,35.6,"","","","","",""
"A0604","Los Angeles","San Marino","https://www.californiahealthmaps.org?address=A0604","Male","Thyroid",158235,10.1,5.9,16.7,62445,"","","","","","","",30120,"","","",55900,"","","",5,66194,0.0,10.8,33.7,37.7,3.1,35.6,20.2,35.6,"","","","","",""
"A0604","Los Angeles","San Marino","https://www.californiahealthmaps.org?address=A0604","Female","Thyroid",172735,22.7,16.2,31.2,62590,22.2,11.8,40.5,"","","","",34705,"","","",64495,20.6,11.5,36.5,5,66194,0.0,10.8,33.7,37.7,3.1,35.6,20.2,35.6,"","","","","",""
"A0604","Los Angeles","San Marino","https://www.californiahealthmaps.org?address=A0604","Male","Liver",158235,12.1,7.3,19.1,62445,"","","","","","","",30120,"","","",55900,"","","",5,66194,0.0,10.8,33.7,37.7,3.1,35.6,20.2,35.6,"","","","","",""
"A0604","Los Angeles","San Marino","https://www.californiahealthmaps.org?address=A0604","Female","Liver",172735,7.3,4.0,12.9,62590,"","","","","","","",34705,"","","",64495,"","","",5,66194,0.0,10.8,33.7,37.7,3.1,35.6,20.2,35.6,"","","","","",""
"A0604","Los Angeles","San Marino","https://www.californiahealthmaps.org?address=A0604","Male","Pancreas",158235,12.3,7.7,19.2,62445,18.3,10.6,32.9,"","","","",30120,"","","",55900,"","","",5,66194,0.0,10.8,33.7,37.7,3.1,35.6,20.2,35.6,"","","","","",""
"A0604","Los Angeles","San Marino","https://www.californiahealthmaps.org?address=A0604","Female","Pancreas",172735,10.3,6.6,16.0,62590,12.5,6.8,25.7,"","","","",34705,"","","",64495,"","","",5,66194,0.0,10.8,33.7,37.7,3.1,35.6,20.2,35.6,"","","","","",""
"A0604","Los Angeles","San Marino","https://www.californiahealthmaps.org?address=A0604","Both","AllSite",330970,391.2,371.5,411.8,125035,425.5,395.0,458.7,10020,514.1,386.7,688.5,64825,354.9,307.8,407.7,120395,339.6,307.4,374.7,5,66194,0.0,10.8,33.7,37.7,3.1,35.6,20.2,35.6,"","","","","",""
"A0604","Los Angeles","San Marino","https://www.californiahealthmaps.org?address=A0604","Both","Lung",330970,32.8,27.4,39.2,125035,31.6,24.3,41.8,10020,"","","",64825,"","","",120395,41.4,30.7,55.3,5,66194,0.0,10.8,33.7,37.7,3.1,35.6,20.2,35.6,"","","","","",""
"A0604","Los Angeles","San Marino","https://www.californiahealthmaps.org?address=A0604","Both","CRC",330970,36.1,30.4,42.8,125035,32.4,24.6,43.3,10020,"","","",64825,29.2,16.9,47.6,120395,46.5,35.1,61.3,5,66194,0.0,10.8,33.7,37.7,3.1,35.6,20.2,35.6,"","","","","",""
"A0604","Los Angeles","San Marino","https://www.californiahealthmaps.org?address=A0604","Both","Mela",330970,20.1,15.8,25.4,125035,34.4,26.0,45.9,10020,"","","",64825,"","","",120395,"","","",5,66194,0.0,10.8,33.7,37.7,3.1,35.6,20.2,35.6,"","","","","",""
"A0604","Los Angeles","San Marino","https://www.californiahealthmaps.org?address=A0604","Both","Lymph",330970,17.2,13.3,22.2,125035,14.7,9.5,23.3,10020,"","","",64825,"","","",120395,18.8,11.7,29.4,5,66194,0.0,10.8,33.7,37.7,3.1,35.6,20.2,35.6,"","","","","",""
"A0604","Los Angeles","San Marino","https://www.californiahealthmaps.org?address=A0604","Both","Urinary",330970,7.6,5.2,11.0,125035,8.2,4.9,14.9,10020,"","","",64825,"","","",120395,"","","",5,66194,0.0,10.8,33.7,37.7,3.1,35.6,20.2,35.6,"","","","","",""
"A0604","Los Angeles","San Marino","https://www.californiahealthmaps.org?address=A0604","Both","Kidney",330970,16.9,13.0,21.9,125035,19.1,13.3,28.1,10020,"","","",64825,"","","",120395,"","","",5,66194,0.0,10.8,33.7,37.7,3.1,35.6,20.2,35.6,"","","","","",""
"A0604","Los Angeles","San Marino","https://www.californiahealthmaps.org?address=A0604","Both","Thyroid",330970,16.6,12.6,21.7,125035,16.8,10.5,26.6,10020,"","","",64825,"","","",120395,14.7,8.8,24.1,5,66194,0.0,10.8,33.7,37.7,3.1,35.6,20.2,35.6,"","","","","",""
"A0604","Los Angeles","San Marino","https://www.californiahealthmaps.org?address=A0604","Both","Liver",330970,9.4,6.5,13.3,125035,9.7,5.7,17.2,10020,"","","",64825,"","","",120395,"","","",5,66194,0.0,10.8,33.7,37.7,3.1,35.6,20.2,35.6,"","","","","",""
"A0604","Los Angeles","San Marino","https://www.californiahealthmaps.org?address=A0604","Both","Pancreas",330970,11.1,8.2,15.1,125035,15.1,10.2,23.2,10020,"","","",64825,"","","",120395,"","","",5,66194,0.0,10.8,33.7,37.7,3.1,35.6,20.2,35.6,"","","","","",""
