"Zone","Counties","Cities","URL","Sex","Cancer","PopTot","AAIR","LCI","UCI","White_PopTot","White_AAIR","White_LCI","White_UCI","Black_PopTot","Black_AAIR","Black_LCI","Black_UCI","Hispanic_PopTot","Hispanic_AAIR","Hispanic_LCI","Hispanic_UCI","Asian_PopTot","Asian_AAIR","Asian_LCI","Asian_UCI","QNSES","PopAll","PerRural","PerUninsured","PerForeignBorn","PerWhite","PerBlack","PerAsian","PerHispanic"
"A0757","San Diego","Carlsbad, Encinitas","https://www.californiahealthmaps.org?address=A0757","Male","AllSite",157990,522.7,487.5,560.1,125725,524.7,486.7,565.5,"","","","",19245,345.0,231.6,503.0,"","","","",5,64680,0.0,9.5,13.5,77.4,0.9,6.3,12.6
"A0757","San Diego","Carlsbad, Encinitas","https://www.californiahealthmaps.org?address=A0757","Female","AllSite",165410,451.0,421.1,482.9,130565,446.1,413.4,481.7,"","","","",19775,474.8,369.9,605.5,"","","","",5,64680,0.0,9.5,13.5,77.4,0.9,6.3,12.6
"A0757","San Diego","Carlsbad, Encinitas","https://www.californiahealthmaps.org?address=A0757","Male","Prostate",157990,120.5,104.4,138.9,125725,119.5,102.3,139.5,"","","","",19245,"","","","","","","",5,64680,0.0,9.5,13.5,77.4,0.9,6.3,12.6
"A0757","San Diego","Carlsbad, Encinitas","https://www.californiahealthmaps.org?address=A0757","Female","Breast",165410,155.6,138.5,174.9,130565,153.9,135.2,175.6,"","","","",19775,148.5,95.5,227.9,"","","","",5,64680,0.0,9.5,13.5,77.4,0.9,6.3,12.6
"A0757","San Diego","Carlsbad, Encinitas","https://www.californiahealthmaps.org?address=A0757","Male","Lung",157990,50.5,39.7,63.8,125725,49.2,37.8,63.8,"","","","",19245,"","","","","","","",5,64680,0.0,9.5,13.5,77.4,0.9,6.3,12.6
"A0757","San Diego","Carlsbad, Encinitas","https://www.californiahealthmaps.org?address=A0757","Female","Lung",165410,45.6,36.3,57.2,130565,45.0,35.2,58.1,"","","","",19775,"","","","","","","",5,64680,0.0,9.5,13.5,77.4,0.9,6.3,12.6
"A0757","San Diego","Carlsbad, Encinitas","https://www.californiahealthmaps.org?address=A0757","Male","CRC",157990,34.5,26.1,45.2,125725,34.5,25.4,46.8,"","","","",19245,"","","","","","","",5,64680,0.0,9.5,13.5,77.4,0.9,6.3,12.6
"A0757","San Diego","Carlsbad, Encinitas","https://www.californiahealthmaps.org?address=A0757","Female","CRC",165410,31.6,24.2,41.2,130565,31.9,23.9,43.1,"","","","",19775,"","","","","","","",5,64680,0.0,9.5,13.5,77.4,0.9,6.3,12.6
"A0757","San Diego","Carlsbad, Encinitas","https://www.californiahealthmaps.org?address=A0757","Male","Mela",157990,64.1,52.3,78.2,125725,66.4,53.3,82.6,"","","","",19245,"","","","","","","",5,64680,0.0,9.5,13.5,77.4,0.9,6.3,12.6
"A0757","San Diego","Carlsbad, Encinitas","https://www.californiahealthmaps.org?address=A0757","Female","Mela",165410,41.0,32.1,52.2,130565,45.5,34.8,59.5,"","","","",19775,"","","","","","","",5,64680,0.0,9.5,13.5,77.4,0.9,6.3,12.6
"A0757","San Diego","Carlsbad, Encinitas","https://www.californiahealthmaps.org?address=A0757","Female","Uterine",165410,22.9,17.0,31.0,130565,21.6,15.4,30.9,"","","","",19775,"","","","","","","",5,64680,0.0,9.5,13.5,77.4,0.9,6.3,12.6
"A0757","San Diego","Carlsbad, Encinitas","https://www.californiahealthmaps.org?address=A0757","Male","Lymph",157990,34.8,26.1,45.9,125725,35.0,25.6,47.7,"","","","",19245,"","","","","","","",5,64680,0.0,9.5,13.5,77.4,0.9,6.3,12.6
"A0757","San Diego","Carlsbad, Encinitas","https://www.californiahealthmaps.org?address=A0757","Female","Lymph",165410,20.1,14.3,28.3,130565,20.8,14.4,30.5,"","","","",19775,"","","","","","","",5,64680,0.0,9.5,13.5,77.4,0.9,6.3,12.6
"A0757","San Diego","Carlsbad, Encinitas","https://www.californiahealthmaps.org?address=A0757","Male","Urinary",157990,22.9,16.0,32.3,125725,22.8,15.5,33.5,"","","","",19245,"","","","","","","",5,64680,0.0,9.5,13.5,77.4,0.9,6.3,12.6
"A0757","San Diego","Carlsbad, Encinitas","https://www.californiahealthmaps.org?address=A0757","Female","Urinary",165410,4.6,2.0,9.9,130565,"","","","","","","",19775,"","","","","","","",5,64680,0.0,9.5,13.5,77.4,0.9,6.3,12.6
"A0757","San Diego","Carlsbad, Encinitas","https://www.californiahealthmaps.org?address=A0757","Male","Kidney",157990,21.7,15.0,30.8,125725,22.0,14.9,32.4,"","","","",19245,"","","","","","","",5,64680,0.0,9.5,13.5,77.4,0.9,6.3,12.6
"A0757","San Diego","Carlsbad, Encinitas","https://www.californiahealthmaps.org?address=A0757","Female","Kidney",165410,9.3,5.3,15.8,130565,"","","","","","","",19775,"","","","","","","",5,64680,0.0,9.5,13.5,77.4,0.9,6.3,12.6
"A0757","San Diego","Carlsbad, Encinitas","https://www.californiahealthmaps.org?address=A0757","Male","Thyroid",157990,10.7,6.2,17.6,125725,10.9,5.9,19.4,"","","","",19245,"","","","","","","",5,64680,0.0,9.5,13.5,77.4,0.9,6.3,12.6
"A0757","San Diego","Carlsbad, Encinitas","https://www.californiahealthmaps.org?address=A0757","Female","Thyroid",165410,20.5,14.0,29.6,130565,20.2,12.6,31.6,"","","","",19775,"","","","","","","",5,64680,0.0,9.5,13.5,77.4,0.9,6.3,12.6
"A0757","San Diego","Carlsbad, Encinitas","https://www.californiahealthmaps.org?address=A0757","Both","AllSite",323400,478.9,456.3,502.6,256290,476.9,452.3,502.9,"","","","",39020,411.3,333.9,503.5,16190,485.4,386.9,610.4,5,64680,0.0,9.5,13.5,77.4,0.9,6.3,12.6
"A0757","San Diego","Carlsbad, Encinitas","https://www.californiahealthmaps.org?address=A0757","Both","Lung",323400,47.2,40.1,55.4,256290,46.1,38.6,55.1,"","","","",39020,"","","",16190,"","","",5,64680,0.0,9.5,13.5,77.4,0.9,6.3,12.6
"A0757","San Diego","Carlsbad, Encinitas","https://www.californiahealthmaps.org?address=A0757","Both","CRC",323400,33.1,27.5,39.9,256290,33.4,27.2,41.0,"","","","",39020,"","","",16190,"","","",5,64680,0.0,9.5,13.5,77.4,0.9,6.3,12.6
"A0757","San Diego","Carlsbad, Encinitas","https://www.californiahealthmaps.org?address=A0757","Both","Mela",323400,51.0,43.8,59.4,256290,54.4,46.0,64.2,"","","","",39020,"","","",16190,"","","",5,64680,0.0,9.5,13.5,77.4,0.9,6.3,12.6
"A0757","San Diego","Carlsbad, Encinitas","https://www.californiahealthmaps.org?address=A0757","Both","Lymph",323400,26.9,21.7,33.2,256290,27.3,21.6,34.5,"","","","",39020,"","","",16190,"","","",5,64680,0.0,9.5,13.5,77.4,0.9,6.3,12.6
"A0757","San Diego","Carlsbad, Encinitas","https://www.californiahealthmaps.org?address=A0757","Both","Urinary",323400,12.2,8.8,16.7,256290,12.2,8.6,17.4,"","","","",39020,"","","",16190,"","","",5,64680,0.0,9.5,13.5,77.4,0.9,6.3,12.6
"A0757","San Diego","Carlsbad, Encinitas","https://www.californiahealthmaps.org?address=A0757","Both","Kidney",323400,14.6,10.9,19.5,256290,13.9,10.0,19.3,"","","","",39020,"","","",16190,"","","",5,64680,0.0,9.5,13.5,77.4,0.9,6.3,12.6
"A0757","San Diego","Carlsbad, Encinitas","https://www.californiahealthmaps.org?address=A0757","Both","Thyroid",323400,15.8,11.7,21.1,256290,15.5,10.8,21.9,"","","","",39020,"","","",16190,"","","",5,64680,0.0,9.5,13.5,77.4,0.9,6.3,12.6
