"Zone","Counties","Cities","URL","Sex","Cancer","PopTot","AAIR","LCI","UCI","White_PopTot","White_AAIR","White_LCI","White_UCI","Black_PopTot","Black_AAIR","Black_LCI","Black_UCI","Hispanic_PopTot","Hispanic_AAIR","Hispanic_LCI","Hispanic_UCI","Asian_PopTot","Asian_AAIR","Asian_LCI","Asian_UCI","QNSES","PopAll","PerRural","PerUninsured","PerForeignBorn","PerWhite","PerBlack","PerAsian","PerHispanic","PerAPI","PerDocvisit","PerFOBT","PerMammo","PerMenPrev","PerPap","PerWomenPrev"
"A0575","Orange","Yorba Linda, Brea","https://www.californiahealthmaps.org?address=A0575","Male","AllSite",144815,519.8,482.4,559.5,76930,550.8,504.1,602.2,"","","","",37935,395.5,307.7,505.4,23900,500.3,382.9,650.5,4,59591,0.7,10.8,21.4,52.2,0.9,18.0,26.1,18.0,"","","","","",""
"A0575","Orange","Yorba Linda, Brea","https://www.californiahealthmaps.org?address=A0575","Female","AllSite",153140,443.8,413.0,476.6,81220,456.0,416.0,500.4,"","","","",39580,408.0,338.6,489.1,26445,448.4,358.4,560.3,4,59591,0.7,10.8,21.4,52.2,0.9,18.0,26.1,18.0,"","","","","",""
"A0575","Orange","Yorba Linda, Brea","https://www.californiahealthmaps.org?address=A0575","Male","Prostate",144815,106.0,90.3,124.1,76930,103.9,85.7,126.6,"","","","",37935,77.8,44.7,133.9,23900,88.0,46.4,165.0,4,59591,0.7,10.8,21.4,52.2,0.9,18.0,26.1,18.0,"","","","","",""
"A0575","Orange","Yorba Linda, Brea","https://www.californiahealthmaps.org?address=A0575","Female","Breast",153140,143.4,126.2,162.5,81220,139.9,118.4,166.0,"","","","",39580,138.8,100.8,188.5,26445,145.5,100.8,212.3,4,59591,0.7,10.8,21.4,52.2,0.9,18.0,26.1,18.0,"","","","","",""
"A0575","Orange","Yorba Linda, Brea","https://www.californiahealthmaps.org?address=A0575","Male","Lung",144815,49.6,38.1,63.6,76930,54.8,41.1,73.4,"","","","",37935,"","","",23900,"","","",4,59591,0.7,10.8,21.4,52.2,0.9,18.0,26.1,18.0,"","","","","",""
"A0575","Orange","Yorba Linda, Brea","https://www.californiahealthmaps.org?address=A0575","Female","Lung",153140,41.6,32.6,52.8,81220,45.3,34.3,61.0,"","","","",39580,"","","",26445,"","","",4,59591,0.7,10.8,21.4,52.2,0.9,18.0,26.1,18.0,"","","","","",""
"A0575","Orange","Yorba Linda, Brea","https://www.californiahealthmaps.org?address=A0575","Male","CRC",144815,43.9,33.5,56.8,76930,43.3,30.7,61.0,"","","","",37935,"","","",23900,"","","",4,59591,0.7,10.8,21.4,52.2,0.9,18.0,26.1,18.0,"","","","","",""
"A0575","Orange","Yorba Linda, Brea","https://www.californiahealthmaps.org?address=A0575","Female","CRC",153140,37.7,29.3,48.2,81220,41.8,30.6,57.9,"","","","",39580,"","","",26445,"","","",4,59591,0.7,10.8,21.4,52.2,0.9,18.0,26.1,18.0,"","","","","",""
"A0575","Orange","Yorba Linda, Brea","https://www.californiahealthmaps.org?address=A0575","Male","Mela",144815,62.3,49.8,77.2,76930,85.2,67.5,107.9,"","","","",37935,"","","",23900,"","","",4,59591,0.7,10.8,21.4,52.2,0.9,18.0,26.1,18.0,"","","","","",""
"A0575","Orange","Yorba Linda, Brea","https://www.californiahealthmaps.org?address=A0575","Female","Mela",153140,19.5,13.5,27.7,81220,23.3,15.2,36.5,"","","","",39580,"","","",26445,"","","",4,59591,0.7,10.8,21.4,52.2,0.9,18.0,26.1,18.0,"","","","","",""
"A0575","Orange","Yorba Linda, Brea","https://www.californiahealthmaps.org?address=A0575","Female","Uterine",153140,29.5,22.0,39.0,81220,35.6,25.1,51.2,"","","","",39580,"","","",26445,"","","",4,59591,0.7,10.8,21.4,52.2,0.9,18.0,26.1,18.0,"","","","","",""
"A0575","Orange","Yorba Linda, Brea","https://www.californiahealthmaps.org?address=A0575","Male","Lymph",144815,20.8,13.9,30.3,76930,19.6,11.8,32.8,"","","","",37935,"","","",23900,"","","",4,59591,0.7,10.8,21.4,52.2,0.9,18.0,26.1,18.0,"","","","","",""
"A0575","Orange","Yorba Linda, Brea","https://www.californiahealthmaps.org?address=A0575","Female","Lymph",153140,14.2,9.1,21.6,81220,16.2,9.2,28.8,"","","","",39580,"","","",26445,"","","",4,59591,0.7,10.8,21.4,52.2,0.9,18.0,26.1,18.0,"","","","","",""
"A0575","Orange","Yorba Linda, Brea","https://www.californiahealthmaps.org?address=A0575","Male","Urinary",144815,21.3,14.1,31.1,76930,22.4,14.3,35.8,"","","","",37935,"","","",23900,"","","",4,59591,0.7,10.8,21.4,52.2,0.9,18.0,26.1,18.0,"","","","","",""
"A0575","Orange","Yorba Linda, Brea","https://www.californiahealthmaps.org?address=A0575","Female","Urinary",153140,"","","",81220,"","","","","","","",39580,"","","",26445,"","","",4,59591,0.7,10.8,21.4,52.2,0.9,18.0,26.1,18.0,"","","","","",""
"A0575","Orange","Yorba Linda, Brea","https://www.californiahealthmaps.org?address=A0575","Male","Kidney",144815,20.8,14.1,29.9,76930,23.4,14.5,37.8,"","","","",37935,"","","",23900,"","","",4,59591,0.7,10.8,21.4,52.2,0.9,18.0,26.1,18.0,"","","","","",""
"A0575","Orange","Yorba Linda, Brea","https://www.californiahealthmaps.org?address=A0575","Female","Kidney",153140,"","","",81220,"","","","","","","",39580,"","","",26445,"","","",4,59591,0.7,10.8,21.4,52.2,0.9,18.0,26.1,18.0,"","","","","",""
"A0575","Orange","Yorba Linda, Brea","https://www.californiahealthmaps.org?address=A0575","Male","Thyroid",144815,"","","",76930,"","","","","","","",37935,"","","",23900,"","","",4,59591,0.7,10.8,21.4,52.2,0.9,18.0,26.1,18.0,"","","","","",""
"A0575","Orange","Yorba Linda, Brea","https://www.californiahealthmaps.org?address=A0575","Female","Thyroid",153140,33.3,24.8,44.0,81220,28.2,18.0,44.0,"","","","",39580,"","","",26445,"","","",4,59591,0.7,10.8,21.4,52.2,0.9,18.0,26.1,18.0,"","","","","",""
"A0575","Orange","Yorba Linda, Brea","https://www.californiahealthmaps.org?address=A0575","Male","Liver",144815,13.6,8.2,21.7,76930,"","","","","","","",37935,"","","",23900,"","","",4,59591,0.7,10.8,21.4,52.2,0.9,18.0,26.1,18.0,"","","","","",""
"A0575","Orange","Yorba Linda, Brea","https://www.californiahealthmaps.org?address=A0575","Female","Liver",153140,"","","",81220,"","","","","","","",39580,"","","",26445,"","","",4,59591,0.7,10.8,21.4,52.2,0.9,18.0,26.1,18.0,"","","","","",""
"A0575","Orange","Yorba Linda, Brea","https://www.californiahealthmaps.org?address=A0575","Male","Pancreas",144815,18.5,11.9,27.7,76930,20.0,12.3,33.1,"","","","",37935,"","","",23900,"","","",4,59591,0.7,10.8,21.4,52.2,0.9,18.0,26.1,18.0,"","","","","",""
"A0575","Orange","Yorba Linda, Brea","https://www.californiahealthmaps.org?address=A0575","Female","Pancreas",153140,9.0,5.3,14.9,81220,"","","","","","","",39580,"","","",26445,"","","",4,59591,0.7,10.8,21.4,52.2,0.9,18.0,26.1,18.0,"","","","","",""
"A0575","Orange","Yorba Linda, Brea","https://www.californiahealthmaps.org?address=A0575","Both","AllSite",297955,472.2,448.6,496.8,158150,494.8,464.5,527.3,"","","","",77515,393.4,339.7,454.4,50345,467.5,395.0,552.7,4,59591,0.7,10.8,21.4,52.2,0.9,18.0,26.1,18.0,"","","","","",""
"A0575","Orange","Yorba Linda, Brea","https://www.californiahealthmaps.org?address=A0575","Both","Lung",297955,44.4,37.2,52.6,158150,48.5,39.9,59.4,"","","","",77515,"","","",50345,"","","",4,59591,0.7,10.8,21.4,52.2,0.9,18.0,26.1,18.0,"","","","","",""
"A0575","Orange","Yorba Linda, Brea","https://www.californiahealthmaps.org?address=A0575","Both","CRC",297955,40.5,33.8,48.3,158150,42.6,34.0,53.5,"","","","",77515,32.0,18.7,53.2,50345,"","","",4,59591,0.7,10.8,21.4,52.2,0.9,18.0,26.1,18.0,"","","","","",""
"A0575","Orange","Yorba Linda, Brea","https://www.californiahealthmaps.org?address=A0575","Both","Mela",297955,38.1,31.7,45.7,158150,51.2,41.8,62.9,"","","","",77515,"","","",50345,"","","",4,59591,0.7,10.8,21.4,52.2,0.9,18.0,26.1,18.0,"","","","","",""
"A0575","Orange","Yorba Linda, Brea","https://www.californiahealthmaps.org?address=A0575","Both","Lymph",297955,16.8,12.6,22.1,158150,17.3,12.1,25.1,"","","","",77515,"","","",50345,"","","",4,59591,0.7,10.8,21.4,52.2,0.9,18.0,26.1,18.0,"","","","","",""
"A0575","Orange","Yorba Linda, Brea","https://www.californiahealthmaps.org?address=A0575","Both","Urinary",297955,10.8,7.6,15.2,158150,12.3,8.4,18.8,"","","","",77515,"","","",50345,"","","",4,59591,0.7,10.8,21.4,52.2,0.9,18.0,26.1,18.0,"","","","","",""
"A0575","Orange","Yorba Linda, Brea","https://www.californiahealthmaps.org?address=A0575","Both","Kidney",297955,13.0,9.4,17.8,158150,14.7,9.9,22.1,"","","","",77515,"","","",50345,"","","",4,59591,0.7,10.8,21.4,52.2,0.9,18.0,26.1,18.0,"","","","","",""
"A0575","Orange","Yorba Linda, Brea","https://www.californiahealthmaps.org?address=A0575","Both","Thyroid",297955,20.9,16.0,26.9,158150,19.2,12.9,28.3,"","","","",77515,"","","",50345,29.8,16.4,57.5,4,59591,0.7,10.8,21.4,52.2,0.9,18.0,26.1,18.0,"","","","","",""
"A0575","Orange","Yorba Linda, Brea","https://www.californiahealthmaps.org?address=A0575","Both","Liver",297955,8.2,5.4,12.2,158150,"","","","","","","",77515,"","","",50345,"","","",4,59591,0.7,10.8,21.4,52.2,0.9,18.0,26.1,18.0,"","","","","",""
"A0575","Orange","Yorba Linda, Brea","https://www.californiahealthmaps.org?address=A0575","Both","Pancreas",297955,13.0,9.4,17.7,158150,13.3,9.1,20.1,"","","","",77515,"","","",50345,"","","",4,59591,0.7,10.8,21.4,52.2,0.9,18.0,26.1,18.0,"","","","","",""
