"Zone","Counties","Cities","URL","Sex","Cancer","PopTot","AAIR","LCI","UCI","White_PopTot","White_AAIR","White_LCI","White_UCI","Black_PopTot","Black_AAIR","Black_LCI","Black_UCI","Hispanic_PopTot","Hispanic_AAIR","Hispanic_LCI","Hispanic_UCI","Asian_PopTot","Asian_AAIR","Asian_LCI","Asian_UCI","QNSES","PopAll","PerRural","PerUninsured","PerForeignBorn","PerWhite","PerBlack","PerAsian","PerHispanic","PerAPI","PerDocvisit","PerFOBT","PerMammo","PerMenPrev","PerPap","PerWomenPrev"
"A0937","San Mateo","Hillsborough, Burlingame","https://www.californiahealthmaps.org?address=A0937","Male","AllSite",150710,490.0,458.0,524.4,94290,517.8,479.1,560.5,"","","","",18075,432.3,315.2,585.0,30195,411.1,339.7,495.9,5,63091,0.0,7.0,26.0,62.0,1.3,20.0,12.5,20.0,"","","","","",""
"A0937","San Mateo","Hillsborough, Burlingame","https://www.californiahealthmaps.org?address=A0937","Female","AllSite",164745,435.8,407.8,466.1,99870,443.8,408.9,482.9,"","","","",20055,408.1,315.9,521.5,36495,427.0,363.7,501.7,5,63091,0.0,7.0,26.0,62.0,1.3,20.0,12.5,20.0,"","","","","",""
"A0937","San Mateo","Hillsborough, Burlingame","https://www.californiahealthmaps.org?address=A0937","Male","Prostate",150710,114.3,99.3,131.6,94290,118.5,101.1,140.2,"","","","",18075,"","","",30195,91.3,60.4,136.2,5,63091,0.0,7.0,26.0,62.0,1.3,20.0,12.5,20.0,"","","","","",""
"A0937","San Mateo","Hillsborough, Burlingame","https://www.californiahealthmaps.org?address=A0937","Female","Breast",164745,154.7,138.0,173.7,99870,157.1,136.7,181.8,"","","","",20055,93.4,53.8,154.9,36495,159.6,123.3,207.7,5,63091,0.0,7.0,26.0,62.0,1.3,20.0,12.5,20.0,"","","","","",""
"A0937","San Mateo","Hillsborough, Burlingame","https://www.californiahealthmaps.org?address=A0937","Male","Lung",150710,33.1,25.3,43.5,94290,31.2,22.7,44.5,"","","","",18075,"","","",30195,"","","",5,63091,0.0,7.0,26.0,62.0,1.3,20.0,12.5,20.0,"","","","","",""
"A0937","San Mateo","Hillsborough, Burlingame","https://www.californiahealthmaps.org?address=A0937","Female","Lung",164745,42.6,34.4,53.1,99870,42.0,32.6,56.0,"","","","",20055,"","","",36495,49.4,29.3,82.8,5,63091,0.0,7.0,26.0,62.0,1.3,20.0,12.5,20.0,"","","","","",""
"A0937","San Mateo","Hillsborough, Burlingame","https://www.californiahealthmaps.org?address=A0937","Male","CRC",150710,39.7,30.9,51.1,94290,40.7,29.9,56.4,"","","","",18075,"","","",30195,"","","",5,63091,0.0,7.0,26.0,62.0,1.3,20.0,12.5,20.0,"","","","","",""
"A0937","San Mateo","Hillsborough, Burlingame","https://www.californiahealthmaps.org?address=A0937","Female","CRC",164745,24.9,18.9,33.5,99870,21.0,14.7,32.3,"","","","",20055,"","","",36495,"","","",5,63091,0.0,7.0,26.0,62.0,1.3,20.0,12.5,20.0,"","","","","",""
"A0937","San Mateo","Hillsborough, Burlingame","https://www.californiahealthmaps.org?address=A0937","Male","Mela",150710,71.6,59.8,86.0,94290,87.3,71.9,107.2,"","","","",18075,"","","",30195,"","","",5,63091,0.0,7.0,26.0,62.0,1.3,20.0,12.5,20.0,"","","","","",""
"A0937","San Mateo","Hillsborough, Burlingame","https://www.californiahealthmaps.org?address=A0937","Female","Mela",164745,29.0,21.7,38.8,99870,42.0,30.4,58.7,"","","","",20055,"","","",36495,"","","",5,63091,0.0,7.0,26.0,62.0,1.3,20.0,12.5,20.0,"","","","","",""
"A0937","San Mateo","Hillsborough, Burlingame","https://www.californiahealthmaps.org?address=A0937","Female","Uterine",164745,23.4,17.5,31.9,99870,24.4,17.4,36.4,"","","","",20055,"","","",36495,"","","",5,63091,0.0,7.0,26.0,62.0,1.3,20.0,12.5,20.0,"","","","","",""
"A0937","San Mateo","Hillsborough, Burlingame","https://www.californiahealthmaps.org?address=A0937","Male","Lymph",150710,35.6,27.4,46.3,94290,37.0,27.3,51.4,"","","","",18075,"","","",30195,"","","",5,63091,0.0,7.0,26.0,62.0,1.3,20.0,12.5,20.0,"","","","","",""
"A0937","San Mateo","Hillsborough, Burlingame","https://www.californiahealthmaps.org?address=A0937","Female","Lymph",164745,16.7,11.5,24.6,99870,17.9,11.1,30.1,"","","","",20055,"","","",36495,"","","",5,63091,0.0,7.0,26.0,62.0,1.3,20.0,12.5,20.0,"","","","","",""
"A0937","San Mateo","Hillsborough, Burlingame","https://www.californiahealthmaps.org?address=A0937","Male","Urinary",150710,10.7,6.5,17.7,94290,12.2,7.2,22.7,"","","","",18075,"","","",30195,"","","",5,63091,0.0,7.0,26.0,62.0,1.3,20.0,12.5,20.0,"","","","","",""
"A0937","San Mateo","Hillsborough, Burlingame","https://www.californiahealthmaps.org?address=A0937","Female","Urinary",164745,"","","",99870,"","","","","","","",20055,"","","",36495,"","","",5,63091,0.0,7.0,26.0,62.0,1.3,20.0,12.5,20.0,"","","","","",""
"A0937","San Mateo","Hillsborough, Burlingame","https://www.californiahealthmaps.org?address=A0937","Male","Kidney",150710,20.5,14.4,29.3,94290,20.7,13.7,32.8,"","","","",18075,"","","",30195,"","","",5,63091,0.0,7.0,26.0,62.0,1.3,20.0,12.5,20.0,"","","","","",""
"A0937","San Mateo","Hillsborough, Burlingame","https://www.californiahealthmaps.org?address=A0937","Female","Kidney",164745,10.2,6.4,16.7,99870,8.6,4.6,18.4,"","","","",20055,"","","",36495,"","","",5,63091,0.0,7.0,26.0,62.0,1.3,20.0,12.5,20.0,"","","","","",""
"A0937","San Mateo","Hillsborough, Burlingame","https://www.californiahealthmaps.org?address=A0937","Male","Thyroid",150710,14.2,9.1,22.1,94290,"","","","","","","",18075,"","","",30195,"","","",5,63091,0.0,7.0,26.0,62.0,1.3,20.0,12.5,20.0,"","","","","",""
"A0937","San Mateo","Hillsborough, Burlingame","https://www.californiahealthmaps.org?address=A0937","Female","Thyroid",164745,21.6,15.0,31.0,99870,24.9,15.6,39.8,"","","","",20055,"","","",36495,"","","",5,63091,0.0,7.0,26.0,62.0,1.3,20.0,12.5,20.0,"","","","","",""
"A0937","San Mateo","Hillsborough, Burlingame","https://www.californiahealthmaps.org?address=A0937","Male","Liver",150710,9.5,5.7,16.1,94290,"","","","","","","",18075,"","","",30195,"","","",5,63091,0.0,7.0,26.0,62.0,1.3,20.0,12.5,20.0,"","","","","",""
"A0937","San Mateo","Hillsborough, Burlingame","https://www.californiahealthmaps.org?address=A0937","Female","Liver",164745,"","","",99870,"","","","","","","",20055,"","","",36495,"","","",5,63091,0.0,7.0,26.0,62.0,1.3,20.0,12.5,20.0,"","","","","",""
"A0937","San Mateo","Hillsborough, Burlingame","https://www.californiahealthmaps.org?address=A0937","Male","Pancreas",150710,9.5,5.6,16.3,94290,"","","","","","","",18075,"","","",30195,"","","",5,63091,0.0,7.0,26.0,62.0,1.3,20.0,12.5,20.0,"","","","","",""
"A0937","San Mateo","Hillsborough, Burlingame","https://www.californiahealthmaps.org?address=A0937","Female","Pancreas",164745,10.5,6.7,17.0,99870,8.0,4.4,17.6,"","","","",20055,"","","",36495,"","","",5,63091,0.0,7.0,26.0,62.0,1.3,20.0,12.5,20.0,"","","","","",""
"A0937","San Mateo","Hillsborough, Burlingame","https://www.californiahealthmaps.org?address=A0937","Both","AllSite",315455,456.5,435.5,478.6,194160,472.0,446.3,499.7,"","","","",38130,413.6,340.5,499.7,66690,420.6,372.7,474.6,5,63091,0.0,7.0,26.0,62.0,1.3,20.0,12.5,20.0,"","","","","",""
"A0937","San Mateo","Hillsborough, Burlingame","https://www.californiahealthmaps.org?address=A0937","Both","Lung",315455,37.5,31.8,44.4,194160,36.2,29.8,44.8,"","","","",38130,"","","",66690,47.1,31.7,69.3,5,63091,0.0,7.0,26.0,62.0,1.3,20.0,12.5,20.0,"","","","","",""
"A0937","San Mateo","Hillsborough, Burlingame","https://www.californiahealthmaps.org?address=A0937","Both","CRC",315455,32.1,26.7,38.6,194160,30.8,24.5,39.4,"","","","",38130,"","","",66690,33.5,21.3,52.5,5,63091,0.0,7.0,26.0,62.0,1.3,20.0,12.5,20.0,"","","","","",""
"A0937","San Mateo","Hillsborough, Burlingame","https://www.californiahealthmaps.org?address=A0937","Both","Mela",315455,47.5,40.8,55.4,194160,61.3,51.9,72.9,"","","","",38130,"","","",66690,"","","",5,63091,0.0,7.0,26.0,62.0,1.3,20.0,12.5,20.0,"","","","","",""
"A0937","San Mateo","Hillsborough, Burlingame","https://www.californiahealthmaps.org?address=A0937","Both","Lymph",315455,25.3,20.5,31.3,194160,26.8,20.9,35.1,"","","","",38130,"","","",66690,26.8,15.6,45.1,5,63091,0.0,7.0,26.0,62.0,1.3,20.0,12.5,20.0,"","","","","",""
"A0937","San Mateo","Hillsborough, Burlingame","https://www.californiahealthmaps.org?address=A0937","Both","Urinary",315455,7.2,4.9,10.9,194160,7.6,4.9,12.8,"","","","",38130,"","","",66690,"","","",5,63091,0.0,7.0,26.0,62.0,1.3,20.0,12.5,20.0,"","","","","",""
"A0937","San Mateo","Hillsborough, Burlingame","https://www.californiahealthmaps.org?address=A0937","Both","Kidney",315455,14.8,11.3,19.6,194160,14.2,10.2,20.7,"","","","",38130,"","","",66690,"","","",5,63091,0.0,7.0,26.0,62.0,1.3,20.0,12.5,20.0,"","","","","",""
"A0937","San Mateo","Hillsborough, Burlingame","https://www.californiahealthmaps.org?address=A0937","Both","Thyroid",315455,17.9,13.6,23.6,194160,17.4,12.0,25.4,"","","","",38130,"","","",66690,27.1,15.9,45.5,5,63091,0.0,7.0,26.0,62.0,1.3,20.0,12.5,20.0,"","","","","",""
"A0937","San Mateo","Hillsborough, Burlingame","https://www.californiahealthmaps.org?address=A0937","Both","Liver",315455,5.7,3.7,9.1,194160,"","","","","","","",38130,"","","",66690,"","","",5,63091,0.0,7.0,26.0,62.0,1.3,20.0,12.5,20.0,"","","","","",""
"A0937","San Mateo","Hillsborough, Burlingame","https://www.californiahealthmaps.org?address=A0937","Both","Pancreas",315455,10.1,7.3,14.3,194160,8.7,5.8,14.2,"","","","",38130,"","","",66690,"","","",5,63091,0.0,7.0,26.0,62.0,1.3,20.0,12.5,20.0,"","","","","",""
