"Zone","Counties","Cities","URL","Sex","Cancer","PopTot","AAIR","LCI","UCI","White_PopTot","White_AAIR","White_LCI","White_UCI","Black_PopTot","Black_AAIR","Black_LCI","Black_UCI","Hispanic_PopTot","Hispanic_AAIR","Hispanic_LCI","Hispanic_UCI","Asian_PopTot","Asian_AAIR","Asian_LCI","Asian_UCI","QNSES","PopAll","PerRural","PerUninsured","PerForeignBorn","PerWhite","PerBlack","PerAsian","PerHispanic","PerAPI","PerDocvisit","PerFOBT","PerMammo","PerMenPrev","PerPap","PerWomenPrev"
"A0715","Stanislaus","Modesto","https://www.californiahealthmaps.org?address=A0715","Male","AllSite",148620,525.0,487.5,565.0,88080,518.9,475.8,565.5,"","","","",43675,485.9,395.5,595.1,"","","","",2,61025,0.0,14.8,10.2,60.7,3.7,3.6,28.4,3.6,66.3,67.7,78.6,34.2,85.2,30.4
"A0715","Stanislaus","Modesto","https://www.californiahealthmaps.org?address=A0715","Female","AllSite",156505,465.9,434.4,499.5,96245,460.3,423.3,500.9,"","","","",42890,436.1,358.9,526.5,"","","","",2,61025,0.0,14.8,10.2,60.7,3.7,3.6,28.4,3.6,66.3,67.7,78.6,34.2,85.2,30.4
"A0715","Stanislaus","Modesto","https://www.californiahealthmaps.org?address=A0715","Male","Prostate",148620,102.0,86.0,120.5,88080,86.6,70.0,106.9,"","","","",43675,105.1,64.9,165.8,"","","","",2,61025,0.0,14.8,10.2,60.7,3.7,3.6,28.4,3.6,66.3,67.7,78.6,34.2,85.2,30.4
"A0715","Stanislaus","Modesto","https://www.californiahealthmaps.org?address=A0715","Female","Breast",156505,149.1,131.4,168.7,96245,155.3,134.3,180.0,"","","","",42890,134.5,93.7,189.0,"","","","",2,61025,0.0,14.8,10.2,60.7,3.7,3.6,28.4,3.6,66.3,67.7,78.6,34.2,85.2,30.4
"A0715","Stanislaus","Modesto","https://www.californiahealthmaps.org?address=A0715","Male","Lung",148620,70.9,57.3,87.1,88080,80.5,64.1,100.6,"","","","",43675,"","","","","","","",2,61025,0.0,14.8,10.2,60.7,3.7,3.6,28.4,3.6,66.3,67.7,78.6,34.2,85.2,30.4
"A0715","Stanislaus","Modesto","https://www.californiahealthmaps.org?address=A0715","Female","Lung",156505,54.0,43.8,66.2,96245,54.5,43.0,69.7,"","","","",42890,"","","","","","","",2,61025,0.0,14.8,10.2,60.7,3.7,3.6,28.4,3.6,66.3,67.7,78.6,34.2,85.2,30.4
"A0715","Stanislaus","Modesto","https://www.californiahealthmaps.org?address=A0715","Male","CRC",148620,44.8,34.6,57.6,88080,42.1,30.7,57.3,"","","","",43675,71.1,39.9,123.1,"","","","",2,61025,0.0,14.8,10.2,60.7,3.7,3.6,28.4,3.6,66.3,67.7,78.6,34.2,85.2,30.4
"A0715","Stanislaus","Modesto","https://www.californiahealthmaps.org?address=A0715","Female","CRC",156505,38.7,30.0,49.5,96245,38.9,28.5,53.4,"","","","",42890,"","","","","","","",2,61025,0.0,14.8,10.2,60.7,3.7,3.6,28.4,3.6,66.3,67.7,78.6,34.2,85.2,30.4
"A0715","Stanislaus","Modesto","https://www.californiahealthmaps.org?address=A0715","Male","Mela",148620,38.7,28.9,51.2,88080,44.6,32.4,60.8,"","","","",43675,"","","","","","","",2,61025,0.0,14.8,10.2,60.7,3.7,3.6,28.4,3.6,66.3,67.7,78.6,34.2,85.2,30.4
"A0715","Stanislaus","Modesto","https://www.californiahealthmaps.org?address=A0715","Female","Mela",156505,21.1,14.7,29.6,96245,20.6,13.2,32.3,"","","","",42890,"","","","","","","",2,61025,0.0,14.8,10.2,60.7,3.7,3.6,28.4,3.6,66.3,67.7,78.6,34.2,85.2,30.4
"A0715","Stanislaus","Modesto","https://www.californiahealthmaps.org?address=A0715","Female","Uterine",156505,25.6,18.7,34.6,96245,22.3,15.0,33.7,"","","","",42890,"","","","","","","",2,61025,0.0,14.8,10.2,60.7,3.7,3.6,28.4,3.6,66.3,67.7,78.6,34.2,85.2,30.4
"A0715","Stanislaus","Modesto","https://www.californiahealthmaps.org?address=A0715","Male","Lymph",148620,26.3,18.4,36.9,88080,31.7,21.7,45.7,"","","","",43675,"","","","","","","",2,61025,0.0,14.8,10.2,60.7,3.7,3.6,28.4,3.6,66.3,67.7,78.6,34.2,85.2,30.4
"A0715","Stanislaus","Modesto","https://www.californiahealthmaps.org?address=A0715","Female","Lymph",156505,21.3,15.0,29.8,96245,17.6,11.1,28.4,"","","","",42890,"","","","","","","",2,61025,0.0,14.8,10.2,60.7,3.7,3.6,28.4,3.6,66.3,67.7,78.6,34.2,85.2,30.4
"A0715","Stanislaus","Modesto","https://www.californiahealthmaps.org?address=A0715","Male","Urinary",148620,21.2,14.2,31.1,88080,23.5,15.0,36.0,"","","","",43675,"","","","","","","",2,61025,0.0,14.8,10.2,60.7,3.7,3.6,28.4,3.6,66.3,67.7,78.6,34.2,85.2,30.4
"A0715","Stanislaus","Modesto","https://www.californiahealthmaps.org?address=A0715","Female","Urinary",156505,"","","",96245,"","","","","","","",42890,"","","","","","","",2,61025,0.0,14.8,10.2,60.7,3.7,3.6,28.4,3.6,66.3,67.7,78.6,34.2,85.2,30.4
"A0715","Stanislaus","Modesto","https://www.californiahealthmaps.org?address=A0715","Male","Kidney",148620,20.1,13.4,29.4,88080,20.5,12.8,32.3,"","","","",43675,"","","","","","","",2,61025,0.0,14.8,10.2,60.7,3.7,3.6,28.4,3.6,66.3,67.7,78.6,34.2,85.2,30.4
"A0715","Stanislaus","Modesto","https://www.californiahealthmaps.org?address=A0715","Female","Kidney",156505,16.3,10.7,24.0,96245,15.8,9.7,26.1,"","","","",42890,"","","","","","","",2,61025,0.0,14.8,10.2,60.7,3.7,3.6,28.4,3.6,66.3,67.7,78.6,34.2,85.2,30.4
"A0715","Stanislaus","Modesto","https://www.californiahealthmaps.org?address=A0715","Male","Thyroid",148620,"","","",88080,"","","","","","","",43675,"","","","","","","",2,61025,0.0,14.8,10.2,60.7,3.7,3.6,28.4,3.6,66.3,67.7,78.6,34.2,85.2,30.4
"A0715","Stanislaus","Modesto","https://www.californiahealthmaps.org?address=A0715","Female","Thyroid",156505,21.3,14.5,30.4,96245,17.3,9.8,29.7,"","","","",42890,"","","","","","","",2,61025,0.0,14.8,10.2,60.7,3.7,3.6,28.4,3.6,66.3,67.7,78.6,34.2,85.2,30.4
"A0715","Stanislaus","Modesto","https://www.californiahealthmaps.org?address=A0715","Male","Liver",148620,19.5,13.2,28.3,88080,16.3,9.9,26.6,"","","","",43675,"","","","","","","",2,61025,0.0,14.8,10.2,60.7,3.7,3.6,28.4,3.6,66.3,67.7,78.6,34.2,85.2,30.4
"A0715","Stanislaus","Modesto","https://www.californiahealthmaps.org?address=A0715","Female","Liver",156505,"","","",96245,"","","","","","","",42890,"","","","","","","",2,61025,0.0,14.8,10.2,60.7,3.7,3.6,28.4,3.6,66.3,67.7,78.6,34.2,85.2,30.4
"A0715","Stanislaus","Modesto","https://www.californiahealthmaps.org?address=A0715","Male","Pancreas",148620,15.9,9.9,24.7,88080,16.5,9.6,27.5,"","","","",43675,"","","","","","","",2,61025,0.0,14.8,10.2,60.7,3.7,3.6,28.4,3.6,66.3,67.7,78.6,34.2,85.2,30.4
"A0715","Stanislaus","Modesto","https://www.californiahealthmaps.org?address=A0715","Female","Pancreas",156505,12.4,8.1,18.8,96245,12.0,7.2,21.1,"","","","",42890,"","","","","","","",2,61025,0.0,14.8,10.2,60.7,3.7,3.6,28.4,3.6,66.3,67.7,78.6,34.2,85.2,30.4
"A0715","Stanislaus","Modesto","https://www.californiahealthmaps.org?address=A0715","Both","AllSite",305125,489.3,465.2,514.3,184325,482.3,454.5,511.8,"","","","",86565,458.7,399.2,525.4,11560,468.5,351.3,618.5,2,61025,0.0,14.8,10.2,60.7,3.7,3.6,28.4,3.6,66.3,67.7,78.6,34.2,85.2,30.4
"A0715","Stanislaus","Modesto","https://www.californiahealthmaps.org?address=A0715","Both","Lung",305125,61.2,52.9,70.6,184325,65.6,55.9,77.1,"","","","",86565,"","","",11560,"","","",2,61025,0.0,14.8,10.2,60.7,3.7,3.6,28.4,3.6,66.3,67.7,78.6,34.2,85.2,30.4
"A0715","Stanislaus","Modesto","https://www.californiahealthmaps.org?address=A0715","Both","CRC",305125,41.3,34.6,49.1,184325,40.0,32.3,49.6,"","","","",86565,44.6,27.5,69.6,11560,"","","",2,61025,0.0,14.8,10.2,60.7,3.7,3.6,28.4,3.6,66.3,67.7,78.6,34.2,85.2,30.4
"A0715","Stanislaus","Modesto","https://www.californiahealthmaps.org?address=A0715","Both","Mela",305125,28.5,22.8,35.2,184325,30.6,23.8,39.4,"","","","",86565,"","","",11560,"","","",2,61025,0.0,14.8,10.2,60.7,3.7,3.6,28.4,3.6,66.3,67.7,78.6,34.2,85.2,30.4
"A0715","Stanislaus","Modesto","https://www.californiahealthmaps.org?address=A0715","Both","Lymph",305125,23.4,18.4,29.5,184325,23.5,17.7,31.1,"","","","",86565,"","","",11560,"","","",2,61025,0.0,14.8,10.2,60.7,3.7,3.6,28.4,3.6,66.3,67.7,78.6,34.2,85.2,30.4
"A0715","Stanislaus","Modesto","https://www.californiahealthmaps.org?address=A0715","Both","Urinary",305125,12.0,8.5,16.7,184325,13.1,8.9,19.2,"","","","",86565,"","","",11560,"","","",2,61025,0.0,14.8,10.2,60.7,3.7,3.6,28.4,3.6,66.3,67.7,78.6,34.2,85.2,30.4
"A0715","Stanislaus","Modesto","https://www.californiahealthmaps.org?address=A0715","Both","Kidney",305125,18.1,13.7,23.6,184325,18.1,13.1,25.1,"","","","",86565,"","","",11560,"","","",2,61025,0.0,14.8,10.2,60.7,3.7,3.6,28.4,3.6,66.3,67.7,78.6,34.2,85.2,30.4
"A0715","Stanislaus","Modesto","https://www.californiahealthmaps.org?address=A0715","Both","Thyroid",305125,15.1,11.0,20.4,184325,13.3,8.6,20.3,"","","","",86565,"","","",11560,"","","",2,61025,0.0,14.8,10.2,60.7,3.7,3.6,28.4,3.6,66.3,67.7,78.6,34.2,85.2,30.4
"A0715","Stanislaus","Modesto","https://www.californiahealthmaps.org?address=A0715","Both","Liver",305125,10.4,7.3,14.5,184325,9.1,5.9,14.3,"","","","",86565,"","","",11560,"","","",2,61025,0.0,14.8,10.2,60.7,3.7,3.6,28.4,3.6,66.3,67.7,78.6,34.2,85.2,30.4
"A0715","Stanislaus","Modesto","https://www.californiahealthmaps.org?address=A0715","Both","Pancreas",305125,14.2,10.5,19.1,184325,14.2,10.0,20.3,"","","","",86565,"","","",11560,"","","",2,61025,0.0,14.8,10.2,60.7,3.7,3.6,28.4,3.6,66.3,67.7,78.6,34.2,85.2,30.4
