"Zone","Counties","Cities","URL","Sex","Cancer","PopTot","AAIR","LCI","UCI","White_PopTot","White_AAIR","White_LCI","White_UCI","Black_PopTot","Black_AAIR","Black_LCI","Black_UCI","Hispanic_PopTot","Hispanic_AAIR","Hispanic_LCI","Hispanic_UCI","Asian_PopTot","Asian_AAIR","Asian_LCI","Asian_UCI","QNSES","PopAll","PerRural","PerUninsured","PerForeignBorn","PerWhite","PerBlack","PerAsian","PerHispanic"
"A0775","San Bernardino","Fontana","https://www.californiahealthmaps.org?address=A0775","Male","AllSite",155915,498.8,445.4,558.3,19500,511.0,420.1,620.3,11180,562.6,320.6,1087.7,115835,510.8,429.9,609.5,"","","","",1,62428,0.0,28.4,34.4,11.5,7.1,5.2,74.8
"A0775","San Bernardino","Fontana","https://www.californiahealthmaps.org?address=A0775","Female","AllSite",156225,409.4,369.5,452.8,19280,488.0,403.5,592.1,11865,581.9,397.3,843.8,115200,347.5,298.8,403.6,"","","","",1,62428,0.0,28.4,34.4,11.5,7.1,5.2,74.8
"A0775","San Bernardino","Fontana","https://www.californiahealthmaps.org?address=A0775","Male","Prostate",155915,119.8,95.0,151.0,19500,81.3,48.3,134.5,11180,"","","",115835,140.0,101.4,198.0,"","","","",1,62428,0.0,28.4,34.4,11.5,7.1,5.2,74.8
"A0775","San Bernardino","Fontana","https://www.californiahealthmaps.org?address=A0775","Female","Breast",156225,114.0,94.1,137.5,19280,168.2,121.0,236.2,11865,184.2,89.3,363.7,115200,79.5,59.6,106.7,"","","","",1,62428,0.0,28.4,34.4,11.5,7.1,5.2,74.8
"A0775","San Bernardino","Fontana","https://www.californiahealthmaps.org?address=A0775","Male","Lung",155915,42.4,27.2,64.8,19500,67.7,38.0,117.9,11180,"","","",115835,"","","","","","","",1,62428,0.0,28.4,34.4,11.5,7.1,5.2,74.8
"A0775","San Bernardino","Fontana","https://www.californiahealthmaps.org?address=A0775","Female","Lung",156225,34.6,23.1,50.2,19280,"","","",11865,"","","",115200,"","","","","","","",1,62428,0.0,28.4,34.4,11.5,7.1,5.2,74.8
"A0775","San Bernardino","Fontana","https://www.californiahealthmaps.org?address=A0775","Male","CRC",155915,51.4,35.9,73.7,19500,"","","",11180,"","","",115835,54.6,30.9,100.0,"","","","",1,62428,0.0,28.4,34.4,11.5,7.1,5.2,74.8
"A0775","San Bernardino","Fontana","https://www.californiahealthmaps.org?address=A0775","Female","CRC",156225,33.9,23.4,48.3,19280,"","","",11865,"","","",115200,34.8,20.8,57.3,"","","","",1,62428,0.0,28.4,34.4,11.5,7.1,5.2,74.8
"A0775","San Bernardino","Fontana","https://www.californiahealthmaps.org?address=A0775","Male","Mela",155915,20.6,10.2,38.9,19500,"","","",11180,"","","",115835,"","","","","","","",1,62428,0.0,28.4,34.4,11.5,7.1,5.2,74.8
"A0775","San Bernardino","Fontana","https://www.californiahealthmaps.org?address=A0775","Female","Mela",156225,9.2,4.2,18.3,19280,"","","",11865,"","","",115200,"","","","","","","",1,62428,0.0,28.4,34.4,11.5,7.1,5.2,74.8
"A0775","San Bernardino","Fontana","https://www.californiahealthmaps.org?address=A0775","Female","Uterine",156225,34.1,23.6,48.4,19280,"","","",11865,"","","",115200,30.5,17.6,51.9,"","","","",1,62428,0.0,28.4,34.4,11.5,7.1,5.2,74.8
"A0775","San Bernardino","Fontana","https://www.californiahealthmaps.org?address=A0775","Male","Lymph",155915,25.6,14.5,43.9,19500,"","","",11180,"","","",115835,"","","","","","","",1,62428,0.0,28.4,34.4,11.5,7.1,5.2,74.8
"A0775","San Bernardino","Fontana","https://www.californiahealthmaps.org?address=A0775","Female","Lymph",156225,19.3,11.3,31.3,19280,"","","",11865,"","","",115200,"","","","","","","",1,62428,0.0,28.4,34.4,11.5,7.1,5.2,74.8
"A0775","San Bernardino","Fontana","https://www.californiahealthmaps.org?address=A0775","Male","Urinary",155915,22.4,11.4,41.4,19500,"","","",11180,"","","",115835,"","","","","","","",1,62428,0.0,28.4,34.4,11.5,7.1,5.2,74.8
"A0775","San Bernardino","Fontana","https://www.californiahealthmaps.org?address=A0775","Female","Urinary",156225,5.8,1.8,14.4,19280,"","","",11865,"","","",115200,"","","","","","","",1,62428,0.0,28.4,34.4,11.5,7.1,5.2,74.8
"A0775","San Bernardino","Fontana","https://www.californiahealthmaps.org?address=A0775","Male","Kidney",155915,27.8,17.3,45.2,19500,"","","",11180,"","","",115835,29.5,15.2,66.6,"","","","",1,62428,0.0,28.4,34.4,11.5,7.1,5.2,74.8
"A0775","San Bernardino","Fontana","https://www.californiahealthmaps.org?address=A0775","Female","Kidney",156225,20.7,12.5,32.9,19280,"","","",11865,"","","",115200,"","","","","","","",1,62428,0.0,28.4,34.4,11.5,7.1,5.2,74.8
"A0775","San Bernardino","Fontana","https://www.californiahealthmaps.org?address=A0775","Male","Thyroid",155915,7.7,3.0,20.3,19500,"","","",11180,"","","",115835,"","","","","","","",1,62428,0.0,28.4,34.4,11.5,7.1,5.2,74.8
"A0775","San Bernardino","Fontana","https://www.californiahealthmaps.org?address=A0775","Female","Thyroid",156225,14.6,8.8,24.1,19280,"","","",11865,"","","",115200,"","","","","","","",1,62428,0.0,28.4,34.4,11.5,7.1,5.2,74.8
"A0775","San Bernardino","Fontana","https://www.californiahealthmaps.org?address=A0775","Both","AllSite",312140,442.9,411.0,477.0,38780,496.3,434.1,567.6,23045,580.1,435.0,779.6,231035,405.4,363.3,452.6,14515,406.4,300.2,547.2,1,62428,0.0,28.4,34.4,11.5,7.1,5.2,74.8
"A0775","San Bernardino","Fontana","https://www.californiahealthmaps.org?address=A0775","Both","Lung",312140,37.4,28.1,49.2,38780,59.2,39.4,89.2,23045,"","","",231035,22.3,12.5,38.6,14515,"","","",1,62428,0.0,28.4,34.4,11.5,7.1,5.2,74.8
"A0775","San Bernardino","Fontana","https://www.californiahealthmaps.org?address=A0775","Both","CRC",312140,41.1,32.1,52.4,38780,30.7,17.4,54.7,23045,"","","",231035,41.8,29.5,59.7,14515,"","","",1,62428,0.0,28.4,34.4,11.5,7.1,5.2,74.8
"A0775","San Bernardino","Fontana","https://www.californiahealthmaps.org?address=A0775","Both","Mela",312140,13.6,8.4,21.5,38780,34.0,19.6,59.1,23045,"","","",231035,"","","",14515,"","","",1,62428,0.0,28.4,34.4,11.5,7.1,5.2,74.8
"A0775","San Bernardino","Fontana","https://www.californiahealthmaps.org?address=A0775","Both","Lymph",312140,21.7,15.1,30.9,38780,"","","",23045,"","","",231035,26.0,16.0,41.9,14515,"","","",1,62428,0.0,28.4,34.4,11.5,7.1,5.2,74.8
"A0775","San Bernardino","Fontana","https://www.californiahealthmaps.org?address=A0775","Both","Urinary",312140,12.5,7.3,20.4,38780,"","","",23045,"","","",231035,"","","",14515,"","","",1,62428,0.0,28.4,34.4,11.5,7.1,5.2,74.8
"A0775","San Bernardino","Fontana","https://www.californiahealthmaps.org?address=A0775","Both","Kidney",312140,24.1,17.3,33.3,38780,"","","",23045,"","","",231035,19.4,11.5,33.3,14515,"","","",1,62428,0.0,28.4,34.4,11.5,7.1,5.2,74.8
"A0775","San Bernardino","Fontana","https://www.californiahealthmaps.org?address=A0775","Both","Thyroid",312140,11.1,7.2,17.4,38780,"","","",23045,"","","",231035,"","","",14515,"","","",1,62428,0.0,28.4,34.4,11.5,7.1,5.2,74.8
