"Zone","Counties","Cities","URL","Sex","Cancer","PopTot","AAIR","LCI","UCI","White_PopTot","White_AAIR","White_LCI","White_UCI","Black_PopTot","Black_AAIR","Black_LCI","Black_UCI","Hispanic_PopTot","Hispanic_AAIR","Hispanic_LCI","Hispanic_UCI","Asian_PopTot","Asian_AAIR","Asian_LCI","Asian_UCI","QNSES","PopAll","PerRural","PerUninsured","PerForeignBorn","PerWhite","PerBlack","PerAsian","PerHispanic","PerAPI","PerDocvisit","PerFOBT","PerMammo","PerMenPrev","PerPap","PerWomenPrev"
"A1055","Ventura","Port Hueneme, Oxnard","https://www.californiahealthmaps.org?address=A1055","Male","AllSite",142650,497.6,461.8,535.5,66335,510.4,466.0,560.5,"","","","",58150,435.0,357.7,526.1,"","","","",4,56540,0.1,16.2,20.3,45.4,3.5,6.1,42.3,6.1,"","","","","",""
"A1055","Ventura","Port Hueneme, Oxnard","https://www.californiahealthmaps.org?address=A1055","Female","AllSite",140050,430.1,398.4,464.0,62835,433.2,391.5,481.0,"","","","",58035,414.0,348.6,490.3,10380,343.5,251.5,475.3,4,56540,0.1,16.2,20.3,45.4,3.5,6.1,42.3,6.1,"","","","","",""
"A1055","Ventura","Port Hueneme, Oxnard","https://www.californiahealthmaps.org?address=A1055","Male","Prostate",142650,117.2,100.6,136.0,66335,111.3,92.2,136.7,"","","","",58150,109.6,73.5,160.0,"","","","",4,56540,0.1,16.2,20.3,45.4,3.5,6.1,42.3,6.1,"","","","","",""
"A1055","Ventura","Port Hueneme, Oxnard","https://www.californiahealthmaps.org?address=A1055","Female","Breast",140050,146.6,128.3,167.1,62835,157.8,133.0,189.1,"","","","",58035,107.8,76.5,150.4,10380,133.5,79.2,231.8,4,56540,0.1,16.2,20.3,45.4,3.5,6.1,42.3,6.1,"","","","","",""
"A1055","Ventura","Port Hueneme, Oxnard","https://www.californiahealthmaps.org?address=A1055","Male","Lung",142650,42.3,32.1,54.9,66335,37.9,26.7,56.2,"","","","",58150,"","","","","","","",4,56540,0.1,16.2,20.3,45.4,3.5,6.1,42.3,6.1,"","","","","",""
"A1055","Ventura","Port Hueneme, Oxnard","https://www.californiahealthmaps.org?address=A1055","Female","Lung",140050,42.4,33.0,54.1,62835,47.3,35.2,66.5,"","","","",58035,"","","",10380,"","","",4,56540,0.1,16.2,20.3,45.4,3.5,6.1,42.3,6.1,"","","","","",""
"A1055","Ventura","Port Hueneme, Oxnard","https://www.californiahealthmaps.org?address=A1055","Male","CRC",142650,41.6,31.7,53.8,66335,45.7,32.7,65.8,"","","","",58150,"","","","","","","",4,56540,0.1,16.2,20.3,45.4,3.5,6.1,42.3,6.1,"","","","","",""
"A1055","Ventura","Port Hueneme, Oxnard","https://www.californiahealthmaps.org?address=A1055","Female","CRC",140050,25.2,18.0,34.7,62835,25.3,16.3,42.1,"","","","",58035,"","","",10380,"","","",4,56540,0.1,16.2,20.3,45.4,3.5,6.1,42.3,6.1,"","","","","",""
"A1055","Ventura","Port Hueneme, Oxnard","https://www.californiahealthmaps.org?address=A1055","Male","Mela",142650,53.6,42.3,67.3,66335,68.9,53.5,90.9,"","","","",58150,"","","","","","","",4,56540,0.1,16.2,20.3,45.4,3.5,6.1,42.3,6.1,"","","","","",""
"A1055","Ventura","Port Hueneme, Oxnard","https://www.californiahealthmaps.org?address=A1055","Female","Mela",140050,21.6,14.9,30.8,62835,26.7,16.3,45.2,"","","","",58035,"","","",10380,"","","",4,56540,0.1,16.2,20.3,45.4,3.5,6.1,42.3,6.1,"","","","","",""
"A1055","Ventura","Port Hueneme, Oxnard","https://www.californiahealthmaps.org?address=A1055","Female","Uterine",140050,27.7,20.4,37.3,62835,25.1,16.8,41.1,"","","","",58035,"","","",10380,"","","",4,56540,0.1,16.2,20.3,45.4,3.5,6.1,42.3,6.1,"","","","","",""
"A1055","Ventura","Port Hueneme, Oxnard","https://www.californiahealthmaps.org?address=A1055","Male","Lymph",142650,22.4,15.2,32.0,66335,19.1,11.2,34.7,"","","","",58150,"","","","","","","",4,56540,0.1,16.2,20.3,45.4,3.5,6.1,42.3,6.1,"","","","","",""
"A1055","Ventura","Port Hueneme, Oxnard","https://www.californiahealthmaps.org?address=A1055","Female","Lymph",140050,18.8,12.7,27.2,62835,19.6,12.2,35.1,"","","","",58035,"","","",10380,"","","",4,56540,0.1,16.2,20.3,45.4,3.5,6.1,42.3,6.1,"","","","","",""
"A1055","Ventura","Port Hueneme, Oxnard","https://www.californiahealthmaps.org?address=A1055","Male","Urinary",142650,23.6,16.1,33.7,66335,27.8,18.4,44.5,"","","","",58150,"","","","","","","",4,56540,0.1,16.2,20.3,45.4,3.5,6.1,42.3,6.1,"","","","","",""
"A1055","Ventura","Port Hueneme, Oxnard","https://www.californiahealthmaps.org?address=A1055","Female","Urinary",140050,"","","",62835,"","","","","","","",58035,"","","",10380,"","","",4,56540,0.1,16.2,20.3,45.4,3.5,6.1,42.3,6.1,"","","","","",""
"A1055","Ventura","Port Hueneme, Oxnard","https://www.californiahealthmaps.org?address=A1055","Male","Kidney",142650,21.7,15.0,30.7,66335,23.3,15.1,39.0,"","","","",58150,"","","","","","","",4,56540,0.1,16.2,20.3,45.4,3.5,6.1,42.3,6.1,"","","","","",""
"A1055","Ventura","Port Hueneme, Oxnard","https://www.californiahealthmaps.org?address=A1055","Female","Kidney",140050,12.8,7.7,20.3,62835,"","","","","","","",58035,"","","",10380,"","","",4,56540,0.1,16.2,20.3,45.4,3.5,6.1,42.3,6.1,"","","","","",""
"A1055","Ventura","Port Hueneme, Oxnard","https://www.californiahealthmaps.org?address=A1055","Male","Thyroid",142650,"","","",66335,"","","","","","","",58150,"","","","","","","",4,56540,0.1,16.2,20.3,45.4,3.5,6.1,42.3,6.1,"","","","","",""
"A1055","Ventura","Port Hueneme, Oxnard","https://www.californiahealthmaps.org?address=A1055","Female","Thyroid",140050,21.4,14.4,30.9,62835,"","","","","","","",58035,30.6,17.7,54.5,10380,"","","",4,56540,0.1,16.2,20.3,45.4,3.5,6.1,42.3,6.1,"","","","","",""
"A1055","Ventura","Port Hueneme, Oxnard","https://www.californiahealthmaps.org?address=A1055","Male","Liver",142650,16.7,11.0,24.6,66335,12.0,6.7,25.4,"","","","",58150,"","","","","","","",4,56540,0.1,16.2,20.3,45.4,3.5,6.1,42.3,6.1,"","","","","",""
"A1055","Ventura","Port Hueneme, Oxnard","https://www.californiahealthmaps.org?address=A1055","Female","Liver",140050,9.5,5.4,16.0,62835,"","","","","","","",58035,"","","",10380,"","","",4,56540,0.1,16.2,20.3,45.4,3.5,6.1,42.3,6.1,"","","","","",""
"A1055","Ventura","Port Hueneme, Oxnard","https://www.californiahealthmaps.org?address=A1055","Male","Pancreas",142650,17.0,10.7,25.8,66335,17.7,10.4,32.7,"","","","",58150,"","","","","","","",4,56540,0.1,16.2,20.3,45.4,3.5,6.1,42.3,6.1,"","","","","",""
"A1055","Ventura","Port Hueneme, Oxnard","https://www.californiahealthmaps.org?address=A1055","Female","Pancreas",140050,10.9,6.5,17.6,62835,"","","","","","","",58035,"","","",10380,"","","",4,56540,0.1,16.2,20.3,45.4,3.5,6.1,42.3,6.1,"","","","","",""
"A1055","Ventura","Port Hueneme, Oxnard","https://www.californiahealthmaps.org?address=A1055","Both","AllSite",282700,459.7,436.0,484.6,129170,468.2,437.9,501.4,"","","","",116185,420.6,370.2,476.9,18840,395.1,314.6,494.5,4,56540,0.1,16.2,20.3,45.4,3.5,6.1,42.3,6.1,"","","","","",""
"A1055","Ventura","Port Hueneme, Oxnard","https://www.californiahealthmaps.org?address=A1055","Both","Lung",282700,42.3,35.3,50.5,129170,43.0,34.5,54.7,"","","","",116185,31.3,17.4,52.6,18840,"","","",4,56540,0.1,16.2,20.3,45.4,3.5,6.1,42.3,6.1,"","","","","",""
"A1055","Ventura","Port Hueneme, Oxnard","https://www.californiahealthmaps.org?address=A1055","Both","CRC",282700,32.8,26.7,40.0,129170,34.7,26.8,46.1,"","","","",116185,33.6,20.7,52.9,18840,"","","",4,56540,0.1,16.2,20.3,45.4,3.5,6.1,42.3,6.1,"","","","","",""
"A1055","Ventura","Port Hueneme, Oxnard","https://www.californiahealthmaps.org?address=A1055","Both","Mela",282700,36.5,30.0,44.1,129170,46.6,37.4,59.2,"","","","",116185,"","","",18840,"","","",4,56540,0.1,16.2,20.3,45.4,3.5,6.1,42.3,6.1,"","","","","",""
"A1055","Ventura","Port Hueneme, Oxnard","https://www.californiahealthmaps.org?address=A1055","Both","Lymph",282700,20.6,15.7,26.5,129170,19.6,13.9,28.8,"","","","",116185,21.6,11.5,38.5,18840,"","","",4,56540,0.1,16.2,20.3,45.4,3.5,6.1,42.3,6.1,"","","","","",""
"A1055","Ventura","Port Hueneme, Oxnard","https://www.californiahealthmaps.org?address=A1055","Both","Urinary",282700,13.5,9.6,18.4,129170,15.6,10.8,24.0,"","","","",116185,"","","",18840,"","","",4,56540,0.1,16.2,20.3,45.4,3.5,6.1,42.3,6.1,"","","","","",""
"A1055","Ventura","Port Hueneme, Oxnard","https://www.californiahealthmaps.org?address=A1055","Both","Kidney",282700,16.9,12.7,22.3,129170,17.2,12.0,26.0,"","","","",116185,"","","",18840,"","","",4,56540,0.1,16.2,20.3,45.4,3.5,6.1,42.3,6.1,"","","","","",""
"A1055","Ventura","Port Hueneme, Oxnard","https://www.californiahealthmaps.org?address=A1055","Both","Thyroid",282700,13.8,9.8,19.0,129170,10.4,5.8,19.1,"","","","",116185,23.4,13.7,39.3,18840,"","","",4,56540,0.1,16.2,20.3,45.4,3.5,6.1,42.3,6.1,"","","","","",""
"A1055","Ventura","Port Hueneme, Oxnard","https://www.californiahealthmaps.org?address=A1055","Both","Liver",282700,13.0,9.4,17.7,129170,8.2,5.0,15.4,"","","","",116185,31.9,18.9,51.6,18840,"","","",4,56540,0.1,16.2,20.3,45.4,3.5,6.1,42.3,6.1,"","","","","",""
"A1055","Ventura","Port Hueneme, Oxnard","https://www.californiahealthmaps.org?address=A1055","Both","Pancreas",282700,13.7,9.8,18.7,129170,11.3,7.3,19.1,"","","","",116185,"","","",18840,"","","",4,56540,0.1,16.2,20.3,45.4,3.5,6.1,42.3,6.1,"","","","","",""
