"Zone","Counties","Cities","URL","Sex","Cancer","PopTot","AAIR","LCI","UCI","White_PopTot","White_AAIR","White_LCI","White_UCI","Black_PopTot","Black_AAIR","Black_LCI","Black_UCI","Hispanic_PopTot","Hispanic_AAIR","Hispanic_LCI","Hispanic_UCI","Asian_PopTot","Asian_AAIR","Asian_LCI","Asian_UCI","QNSES","PopAll","PerRural","PerUninsured","PerForeignBorn","PerWhite","PerBlack","PerAsian","PerHispanic","PerAPI","PerDocvisit","PerFOBT","PerMammo","PerMenPrev","PerPap","PerWomenPrev"
"A0785","Los Angeles","Compton","https://www.californiahealthmaps.org?address=A0785","Male","AllSite",142130,478.9,434.1,528.3,"","","","",45670,519.4,453.0,595.4,82775,406.2,331.0,497.9,"","","","",1,59235,0.0,23.0,28.5,4.3,32.8,4.5,55.9,4.5,66.1,57.0,81.5,20.3,86.2,26.4
"A0785","Los Angeles","Compton","https://www.californiahealthmaps.org?address=A0785","Female","AllSite",154045,382.0,349.3,417.3,"","","","",56770,399.2,353.0,451.0,81690,306.6,252.9,370.8,"","","","",1,59235,0.0,23.0,28.5,4.3,32.8,4.5,55.9,4.5,66.1,57.0,81.5,20.3,86.2,26.4
"A0785","Los Angeles","Compton","https://www.californiahealthmaps.org?address=A0785","Male","Prostate",142130,134.5,111.8,161.8,"","","","",45670,157.2,123.0,201.1,82775,119.5,78.4,179.2,"","","","",1,59235,0.0,23.0,28.5,4.3,32.8,4.5,55.9,4.5,66.1,57.0,81.5,20.3,86.2,26.4
"A0785","Los Angeles","Compton","https://www.californiahealthmaps.org?address=A0785","Female","Breast",154045,106.9,90.1,126.2,"","","","",56770,113.5,89.5,143.5,81690,91.1,63.8,129.4,"","","","",1,59235,0.0,23.0,28.5,4.3,32.8,4.5,55.9,4.5,66.1,57.0,81.5,20.3,86.2,26.4
"A0785","Los Angeles","Compton","https://www.californiahealthmaps.org?address=A0785","Male","Lung",142130,56.3,41.4,76.3,"","","","",45670,66.0,44.2,98.2,82775,"","","","","","","",1,59235,0.0,23.0,28.5,4.3,32.8,4.5,55.9,4.5,66.1,57.0,81.5,20.3,86.2,26.4
"A0785","Los Angeles","Compton","https://www.californiahealthmaps.org?address=A0785","Female","Lung",154045,36.8,27.0,49.2,"","","","",56770,36.7,24.1,55.4,81690,"","","","","","","",1,59235,0.0,23.0,28.5,4.3,32.8,4.5,55.9,4.5,66.1,57.0,81.5,20.3,86.2,26.4
"A0785","Los Angeles","Compton","https://www.californiahealthmaps.org?address=A0785","Male","CRC",142130,48.8,35.4,67.2,"","","","",45670,57.2,37.1,88.0,82775,"","","","","","","",1,59235,0.0,23.0,28.5,4.3,32.8,4.5,55.9,4.5,66.1,57.0,81.5,20.3,86.2,26.4
"A0785","Los Angeles","Compton","https://www.californiahealthmaps.org?address=A0785","Female","CRC",154045,33.6,24.4,45.3,"","","","",56770,32.5,20.8,50.5,81690,33.2,17.1,61.3,"","","","",1,59235,0.0,23.0,28.5,4.3,32.8,4.5,55.9,4.5,66.1,57.0,81.5,20.3,86.2,26.4
"A0785","Los Angeles","Compton","https://www.californiahealthmaps.org?address=A0785","Male","Mela",142130,"","","","","","","",45670,"","","",82775,"","","","","","","",1,59235,0.0,23.0,28.5,4.3,32.8,4.5,55.9,4.5,66.1,57.0,81.5,20.3,86.2,26.4
"A0785","Los Angeles","Compton","https://www.californiahealthmaps.org?address=A0785","Female","Mela",154045,"","","","","","","",56770,"","","",81690,"","","","","","","",1,59235,0.0,23.0,28.5,4.3,32.8,4.5,55.9,4.5,66.1,57.0,81.5,20.3,86.2,26.4
"A0785","Los Angeles","Compton","https://www.californiahealthmaps.org?address=A0785","Female","Uterine",154045,27.9,19.7,38.5,"","","","",56770,21.7,12.3,37.5,81690,37.4,19.5,67.8,"","","","",1,59235,0.0,23.0,28.5,4.3,32.8,4.5,55.9,4.5,66.1,57.0,81.5,20.3,86.2,26.4
"A0785","Los Angeles","Compton","https://www.californiahealthmaps.org?address=A0785","Male","Lymph",142130,23.4,14.3,37.8,"","","","",45670,"","","",82775,"","","","","","","",1,59235,0.0,23.0,28.5,4.3,32.8,4.5,55.9,4.5,66.1,57.0,81.5,20.3,86.2,26.4
"A0785","Los Angeles","Compton","https://www.californiahealthmaps.org?address=A0785","Female","Lymph",154045,13.9,8.3,22.2,"","","","",56770,"","","",81690,"","","","","","","",1,59235,0.0,23.0,28.5,4.3,32.8,4.5,55.9,4.5,66.1,57.0,81.5,20.3,86.2,26.4
"A0785","Los Angeles","Compton","https://www.californiahealthmaps.org?address=A0785","Male","Urinary",142130,"","","","","","","",45670,"","","",82775,"","","","","","","",1,59235,0.0,23.0,28.5,4.3,32.8,4.5,55.9,4.5,66.1,57.0,81.5,20.3,86.2,26.4
"A0785","Los Angeles","Compton","https://www.californiahealthmaps.org?address=A0785","Female","Urinary",154045,"","","","","","","",56770,"","","",81690,"","","","","","","",1,59235,0.0,23.0,28.5,4.3,32.8,4.5,55.9,4.5,66.1,57.0,81.5,20.3,86.2,26.4
"A0785","Los Angeles","Compton","https://www.californiahealthmaps.org?address=A0785","Male","Kidney",142130,22.9,14.0,37.1,"","","","",45670,"","","",82775,"","","","","","","",1,59235,0.0,23.0,28.5,4.3,32.8,4.5,55.9,4.5,66.1,57.0,81.5,20.3,86.2,26.4
"A0785","Los Angeles","Compton","https://www.californiahealthmaps.org?address=A0785","Female","Kidney",154045,12.2,6.9,20.1,"","","","",56770,"","","",81690,"","","","","","","",1,59235,0.0,23.0,28.5,4.3,32.8,4.5,55.9,4.5,66.1,57.0,81.5,20.3,86.2,26.4
"A0785","Los Angeles","Compton","https://www.californiahealthmaps.org?address=A0785","Male","Thyroid",142130,"","","","","","","",45670,"","","",82775,"","","","","","","",1,59235,0.0,23.0,28.5,4.3,32.8,4.5,55.9,4.5,66.1,57.0,81.5,20.3,86.2,26.4
"A0785","Los Angeles","Compton","https://www.californiahealthmaps.org?address=A0785","Female","Thyroid",154045,19.4,12.8,28.7,"","","","",56770,"","","",81690,"","","","","","","",1,59235,0.0,23.0,28.5,4.3,32.8,4.5,55.9,4.5,66.1,57.0,81.5,20.3,86.2,26.4
"A0785","Los Angeles","Compton","https://www.californiahealthmaps.org?address=A0785","Male","Liver",142130,21.1,12.9,34.6,"","","","",45670,"","","",82775,"","","","","","","",1,59235,0.0,23.0,28.5,4.3,32.8,4.5,55.9,4.5,66.1,57.0,81.5,20.3,86.2,26.4
"A0785","Los Angeles","Compton","https://www.californiahealthmaps.org?address=A0785","Female","Liver",154045,14.4,8.6,22.9,"","","","",56770,"","","",81690,"","","","","","","",1,59235,0.0,23.0,28.5,4.3,32.8,4.5,55.9,4.5,66.1,57.0,81.5,20.3,86.2,26.4
"A0785","Los Angeles","Compton","https://www.californiahealthmaps.org?address=A0785","Male","Pancreas",142130,18.1,10.4,31.1,"","","","",45670,"","","",82775,"","","","","","","",1,59235,0.0,23.0,28.5,4.3,32.8,4.5,55.9,4.5,66.1,57.0,81.5,20.3,86.2,26.4
"A0785","Los Angeles","Compton","https://www.californiahealthmaps.org?address=A0785","Female","Pancreas",154045,12.9,7.3,21.2,"","","","",56770,"","","",81690,"","","","","","","",1,59235,0.0,23.0,28.5,4.3,32.8,4.5,55.9,4.5,66.1,57.0,81.5,20.3,86.2,26.4
"A0785","Los Angeles","Compton","https://www.californiahealthmaps.org?address=A0785","Both","AllSite",296175,419.0,392.6,447.0,11840,515.0,412.5,667.1,102440,444.4,406.3,485.6,164465,349.1,304.0,400.5,12540,372.6,265.5,531.2,1,59235,0.0,23.0,28.5,4.3,32.8,4.5,55.9,4.5,66.1,57.0,81.5,20.3,86.2,26.4
"A0785","Los Angeles","Compton","https://www.californiahealthmaps.org?address=A0785","Both","Lung",296175,44.6,36.1,54.7,11840,97.6,62.8,195.6,102440,47.8,36.2,62.7,164465,"","","",12540,"","","",1,59235,0.0,23.0,28.5,4.3,32.8,4.5,55.9,4.5,66.1,57.0,81.5,20.3,86.2,26.4
"A0785","Los Angeles","Compton","https://www.californiahealthmaps.org?address=A0785","Both","CRC",296175,39.7,31.9,49.2,11840,"","","",102440,42.0,31.1,56.1,164465,35.5,22.2,55.7,12540,"","","",1,59235,0.0,23.0,28.5,4.3,32.8,4.5,55.9,4.5,66.1,57.0,81.5,20.3,86.2,26.4
"A0785","Los Angeles","Compton","https://www.californiahealthmaps.org?address=A0785","Both","Mela",296175,"","","",11840,"","","",102440,"","","",164465,"","","",12540,"","","",1,59235,0.0,23.0,28.5,4.3,32.8,4.5,55.9,4.5,66.1,57.0,81.5,20.3,86.2,26.4
"A0785","Los Angeles","Compton","https://www.californiahealthmaps.org?address=A0785","Both","Lymph",296175,17.9,12.8,24.7,11840,"","","",102440,15.6,8.9,26.0,164465,"","","",12540,"","","",1,59235,0.0,23.0,28.5,4.3,32.8,4.5,55.9,4.5,66.1,57.0,81.5,20.3,86.2,26.4
"A0785","Los Angeles","Compton","https://www.californiahealthmaps.org?address=A0785","Both","Urinary",296175,9.0,5.1,14.7,11840,"","","",102440,"","","",164465,"","","",12540,"","","",1,59235,0.0,23.0,28.5,4.3,32.8,4.5,55.9,4.5,66.1,57.0,81.5,20.3,86.2,26.4
"A0785","Los Angeles","Compton","https://www.californiahealthmaps.org?address=A0785","Both","Kidney",296175,16.6,11.8,23.2,11840,"","","",102440,19.0,12.0,29.5,164465,"","","",12540,"","","",1,59235,0.0,23.0,28.5,4.3,32.8,4.5,55.9,4.5,66.1,57.0,81.5,20.3,86.2,26.4
"A0785","Los Angeles","Compton","https://www.californiahealthmaps.org?address=A0785","Both","Thyroid",296175,10.9,7.2,16.3,11840,"","","",102440,"","","",164465,"","","",12540,"","","",1,59235,0.0,23.0,28.5,4.3,32.8,4.5,55.9,4.5,66.1,57.0,81.5,20.3,86.2,26.4
"A0785","Los Angeles","Compton","https://www.californiahealthmaps.org?address=A0785","Both","Liver",296175,17.2,12.3,23.8,11840,"","","",102440,15.7,9.2,25.9,164465,"","","",12540,"","","",1,59235,0.0,23.0,28.5,4.3,32.8,4.5,55.9,4.5,66.1,57.0,81.5,20.3,86.2,26.4
"A0785","Los Angeles","Compton","https://www.californiahealthmaps.org?address=A0785","Both","Pancreas",296175,15.3,10.5,21.7,11840,"","","",102440,15.7,9.2,25.7,164465,"","","",12540,"","","",1,59235,0.0,23.0,28.5,4.3,32.8,4.5,55.9,4.5,66.1,57.0,81.5,20.3,86.2,26.4
