"Zone","Counties","Cities","URL","Sex","Cancer","PopTot","AAIR","LCI","UCI","White_PopTot","White_AAIR","White_LCI","White_UCI","Black_PopTot","Black_AAIR","Black_LCI","Black_UCI","Hispanic_PopTot","Hispanic_AAIR","Hispanic_LCI","Hispanic_UCI","Asian_PopTot","Asian_AAIR","Asian_LCI","Asian_UCI","QNSES","PopAll","PerRural","PerUninsured","PerForeignBorn","PerWhite","PerBlack","PerAsian","PerHispanic"
"A0071","San Diego","San Diego","https://www.californiahealthmaps.org?address=A0071","Male","AllSite",149150,464.1,425.7,505.2,83980,487.3,439.4,539.3,"","","","",15490,490.6,327.1,729.8,38045,344.3,270.4,435.7,5,61367,0.2,7.7,25.6,54.5,3.3,25.7,11.1
"A0071","San Diego","San Diego","https://www.californiahealthmaps.org?address=A0071","Female","AllSite",157685,435.6,403.2,470.1,86195,460.4,417.8,506.9,"","","","",17255,445.8,333.3,591.8,42895,388.7,328.5,458.1,5,61367,0.2,7.7,25.6,54.5,3.3,25.7,11.1
"A0071","San Diego","San Diego","https://www.californiahealthmaps.org?address=A0071","Male","Prostate",149150,116.0,97.1,137.7,83980,123.8,100.0,152.1,"","","","",15490,"","","",38045,"","","",5,61367,0.2,7.7,25.6,54.5,3.3,25.7,11.1
"A0071","San Diego","San Diego","https://www.californiahealthmaps.org?address=A0071","Female","Breast",157685,160.6,141.4,181.9,86195,169.9,144.4,199.2,"","","","",17255,173.4,110.3,270.4,42895,136.9,103.2,179.9,5,61367,0.2,7.7,25.6,54.5,3.3,25.7,11.1
"A0071","San Diego","San Diego","https://www.californiahealthmaps.org?address=A0071","Male","Lung",149150,52.7,39.7,68.8,83980,60.4,43.6,81.9,"","","","",15490,"","","",38045,"","","",5,61367,0.2,7.7,25.6,54.5,3.3,25.7,11.1
"A0071","San Diego","San Diego","https://www.californiahealthmaps.org?address=A0071","Female","Lung",157685,46.1,35.6,58.9,86195,51.2,37.7,68.8,"","","","",17255,"","","",42895,46.9,26.4,78.0,5,61367,0.2,7.7,25.6,54.5,3.3,25.7,11.1
"A0071","San Diego","San Diego","https://www.californiahealthmaps.org?address=A0071","Male","CRC",149150,38.5,28.3,51.7,83980,41.5,28.7,58.7,"","","","",15490,"","","",38045,"","","",5,61367,0.2,7.7,25.6,54.5,3.3,25.7,11.1
"A0071","San Diego","San Diego","https://www.californiahealthmaps.org?address=A0071","Female","CRC",157685,25.2,18.0,34.7,86195,20.4,12.6,32.2,"","","","",17255,"","","",42895,"","","",5,61367,0.2,7.7,25.6,54.5,3.3,25.7,11.1
"A0071","San Diego","San Diego","https://www.californiahealthmaps.org?address=A0071","Male","Mela",149150,34.2,24.9,46.4,83980,44.0,31.2,61.2,"","","","",15490,"","","",38045,"","","",5,61367,0.2,7.7,25.6,54.5,3.3,25.7,11.1
"A0071","San Diego","San Diego","https://www.californiahealthmaps.org?address=A0071","Female","Mela",157685,26.6,19.0,36.4,86195,34.3,23.3,49.5,"","","","",17255,"","","",42895,"","","",5,61367,0.2,7.7,25.6,54.5,3.3,25.7,11.1
"A0071","San Diego","San Diego","https://www.californiahealthmaps.org?address=A0071","Female","Uterine",157685,29.2,21.4,39.2,86195,34.3,23.5,49.2,"","","","",17255,"","","",42895,"","","",5,61367,0.2,7.7,25.6,54.5,3.3,25.7,11.1
"A0071","San Diego","San Diego","https://www.californiahealthmaps.org?address=A0071","Male","Lymph",149150,31.8,22.4,44.1,83980,32.5,21.3,48.3,"","","","",15490,"","","",38045,"","","",5,61367,0.2,7.7,25.6,54.5,3.3,25.7,11.1
"A0071","San Diego","San Diego","https://www.californiahealthmaps.org?address=A0071","Female","Lymph",157685,15.4,9.9,23.2,86195,"","","","","","","",17255,"","","",42895,"","","",5,61367,0.2,7.7,25.6,54.5,3.3,25.7,11.1
"A0071","San Diego","San Diego","https://www.californiahealthmaps.org?address=A0071","Male","Urinary",149150,15.4,8.8,25.2,83980,"","","","","","","",15490,"","","",38045,"","","",5,61367,0.2,7.7,25.6,54.5,3.3,25.7,11.1
"A0071","San Diego","San Diego","https://www.californiahealthmaps.org?address=A0071","Female","Urinary",157685,3.5,1.1,8.6,86195,"","","","","","","",17255,"","","",42895,"","","",5,61367,0.2,7.7,25.6,54.5,3.3,25.7,11.1
"A0071","San Diego","San Diego","https://www.californiahealthmaps.org?address=A0071","Male","Kidney",149150,27.7,19.2,39.2,83980,25.8,15.9,40.1,"","","","",15490,"","","",38045,"","","",5,61367,0.2,7.7,25.6,54.5,3.3,25.7,11.1
"A0071","San Diego","San Diego","https://www.californiahealthmaps.org?address=A0071","Female","Kidney",157685,11.5,6.6,18.8,86195,"","","","","","","",17255,"","","",42895,"","","",5,61367,0.2,7.7,25.6,54.5,3.3,25.7,11.1
"A0071","San Diego","San Diego","https://www.californiahealthmaps.org?address=A0071","Male","Thyroid",149150,4.8,1.9,10.9,83980,"","","","","","","",15490,"","","",38045,"","","",5,61367,0.2,7.7,25.6,54.5,3.3,25.7,11.1
"A0071","San Diego","San Diego","https://www.californiahealthmaps.org?address=A0071","Female","Thyroid",157685,28.6,20.9,38.4,86195,32.4,21.6,47.4,"","","","",17255,"","","",42895,"","","",5,61367,0.2,7.7,25.6,54.5,3.3,25.7,11.1
"A0071","San Diego","San Diego","https://www.californiahealthmaps.org?address=A0071","Both","AllSite",306835,443.3,418.7,469.0,170175,468.7,436.9,502.3,"","","","",32745,449.4,356.9,564.2,80940,362.9,316.7,415.0,5,61367,0.2,7.7,25.6,54.5,3.3,25.7,11.1
"A0071","San Diego","San Diego","https://www.californiahealthmaps.org?address=A0071","Both","Lung",306835,49.0,40.6,58.6,170175,55.8,44.9,68.8,"","","","",32745,"","","",80940,44.8,28.5,67.8,5,61367,0.2,7.7,25.6,54.5,3.3,25.7,11.1
"A0071","San Diego","San Diego","https://www.californiahealthmaps.org?address=A0071","Both","CRC",306835,31.0,24.9,38.4,170175,30.2,22.8,39.6,"","","","",32745,"","","",80940,34.4,20.8,54.6,5,61367,0.2,7.7,25.6,54.5,3.3,25.7,11.1
"A0071","San Diego","San Diego","https://www.californiahealthmaps.org?address=A0071","Both","Mela",306835,30.0,24.0,37.2,170175,38.8,30.3,49.4,"","","","",32745,"","","",80940,"","","",5,61367,0.2,7.7,25.6,54.5,3.3,25.7,11.1
"A0071","San Diego","San Diego","https://www.californiahealthmaps.org?address=A0071","Both","Lymph",306835,22.7,17.4,29.2,170175,20.5,14.3,28.7,"","","","",32745,"","","",80940,22.3,12.3,38.9,5,61367,0.2,7.7,25.6,54.5,3.3,25.7,11.1
"A0071","San Diego","San Diego","https://www.californiahealthmaps.org?address=A0071","Both","Urinary",306835,8.7,5.4,13.3,170175,10.6,6.2,17.2,"","","","",32745,"","","",80940,"","","",5,61367,0.2,7.7,25.6,54.5,3.3,25.7,11.1
"A0071","San Diego","San Diego","https://www.californiahealthmaps.org?address=A0071","Both","Kidney",306835,18.7,13.9,24.7,170175,18.0,12.2,25.9,"","","","",32745,"","","",80940,"","","",5,61367,0.2,7.7,25.6,54.5,3.3,25.7,11.1
"A0071","San Diego","San Diego","https://www.californiahealthmaps.org?address=A0071","Both","Thyroid",306835,17.1,12.8,22.6,170175,18.8,13.0,26.7,"","","","",32745,"","","",80940,21.0,11.3,37.3,5,61367,0.2,7.7,25.6,54.5,3.3,25.7,11.1
