"Zone","Counties","Cities","URL","Sex","Cancer","PopTot","AAIR","LCI","UCI","White_PopTot","White_AAIR","White_LCI","White_UCI","Black_PopTot","Black_AAIR","Black_LCI","Black_UCI","Hispanic_PopTot","Hispanic_AAIR","Hispanic_LCI","Hispanic_UCI","Asian_PopTot","Asian_AAIR","Asian_LCI","Asian_UCI","QNSES","PopAll","PerRural","PerUninsured","PerForeignBorn","PerWhite","PerBlack","PerAsian","PerHispanic","PerAPI","PerDocvisit","PerFOBT","PerMammo","PerMenPrev","PerPap","PerWomenPrev"
"A1012","Los Angeles","Paramount","https://www.californiahealthmaps.org?address=A1012","Male","AllSite",151000,450.9,399.8,509.0,"","","","",19155,475.1,364.3,628.2,121665,438.7,370.4,520.8,"","","","",1,61414,0.0,30.9,38.2,2.9,13.2,2.7,80.8,2.7,"","","","","",""
"A1012","Los Angeles","Paramount","https://www.californiahealthmaps.org?address=A1012","Female","AllSite",156070,424.0,382.5,469.7,"","","","",23125,470.0,382.7,575.4,121725,368.1,314.8,431.0,"","","","",1,61414,0.0,30.9,38.2,2.9,13.2,2.7,80.8,2.7,"","","","","",""
"A1012","Los Angeles","Paramount","https://www.californiahealthmaps.org?address=A1012","Male","Prostate",151000,115.4,90.8,147.4,"","","","",19155,107.0,66.7,195.1,121665,136.6,99.0,189.2,"","","","",1,61414,0.0,30.9,38.2,2.9,13.2,2.7,80.8,2.7,"","","","","",""
"A1012","Los Angeles","Paramount","https://www.californiahealthmaps.org?address=A1012","Female","Breast",156070,122.3,101.3,147.4,"","","","",23125,152.1,105.8,217.2,121725,94.8,71.0,128.2,"","","","",1,61414,0.0,30.9,38.2,2.9,13.2,2.7,80.8,2.7,"","","","","",""
"A1012","Los Angeles","Paramount","https://www.californiahealthmaps.org?address=A1012","Male","Lung",151000,59.6,41.8,85.5,"","","","",19155,"","","",121665,47.2,25.3,86.3,"","","","",1,61414,0.0,30.9,38.2,2.9,13.2,2.7,80.8,2.7,"","","","","",""
"A1012","Los Angeles","Paramount","https://www.californiahealthmaps.org?address=A1012","Female","Lung",156070,37.3,25.0,54.3,"","","","",23125,84.3,47.3,142.8,121725,"","","","","","","",1,61414,0.0,30.9,38.2,2.9,13.2,2.7,80.8,2.7,"","","","","",""
"A1012","Los Angeles","Paramount","https://www.californiahealthmaps.org?address=A1012","Male","CRC",151000,52.9,36.9,76.8,"","","","",19155,110.7,53.4,221.7,121665,30.2,18.4,57.9,"","","","",1,61414,0.0,30.9,38.2,2.9,13.2,2.7,80.8,2.7,"","","","","",""
"A1012","Los Angeles","Paramount","https://www.californiahealthmaps.org?address=A1012","Female","CRC",156070,39.2,27.5,55.3,"","","","",23125,"","","",121725,23.6,12.3,46.4,"","","","",1,61414,0.0,30.9,38.2,2.9,13.2,2.7,80.8,2.7,"","","","","",""
"A1012","Los Angeles","Paramount","https://www.californiahealthmaps.org?address=A1012","Male","Mela",151000,"","","","","","","",19155,"","","",121665,"","","","","","","",1,61414,0.0,30.9,38.2,2.9,13.2,2.7,80.8,2.7,"","","","","",""
"A1012","Los Angeles","Paramount","https://www.californiahealthmaps.org?address=A1012","Female","Mela",156070,"","","","","","","",23125,"","","",121725,"","","","","","","",1,61414,0.0,30.9,38.2,2.9,13.2,2.7,80.8,2.7,"","","","","",""
"A1012","Los Angeles","Paramount","https://www.californiahealthmaps.org?address=A1012","Female","Uterine",156070,33.9,23.4,48.8,"","","","",23125,"","","",121725,32.7,19.3,57.1,"","","","",1,61414,0.0,30.9,38.2,2.9,13.2,2.7,80.8,2.7,"","","","","",""
"A1012","Los Angeles","Paramount","https://www.californiahealthmaps.org?address=A1012","Male","Lymph",151000,25.8,14.9,45.2,"","","","",19155,"","","",121665,"","","","","","","",1,61414,0.0,30.9,38.2,2.9,13.2,2.7,80.8,2.7,"","","","","",""
"A1012","Los Angeles","Paramount","https://www.californiahealthmaps.org?address=A1012","Female","Lymph",156070,16.6,9.1,28.9,"","","","",23125,"","","",121725,"","","","","","","",1,61414,0.0,30.9,38.2,2.9,13.2,2.7,80.8,2.7,"","","","","",""
"A1012","Los Angeles","Paramount","https://www.californiahealthmaps.org?address=A1012","Male","Urinary",151000,"","","","","","","",19155,"","","",121665,"","","","","","","",1,61414,0.0,30.9,38.2,2.9,13.2,2.7,80.8,2.7,"","","","","",""
"A1012","Los Angeles","Paramount","https://www.californiahealthmaps.org?address=A1012","Female","Urinary",156070,"","","","","","","",23125,"","","",121725,"","","","","","","",1,61414,0.0,30.9,38.2,2.9,13.2,2.7,80.8,2.7,"","","","","",""
"A1012","Los Angeles","Paramount","https://www.californiahealthmaps.org?address=A1012","Male","Kidney",151000,17.2,9.2,34.0,"","","","",19155,"","","",121665,"","","","","","","",1,61414,0.0,30.9,38.2,2.9,13.2,2.7,80.8,2.7,"","","","","",""
"A1012","Los Angeles","Paramount","https://www.californiahealthmaps.org?address=A1012","Female","Kidney",156070,"","","","","","","",23125,"","","",121725,"","","","","","","",1,61414,0.0,30.9,38.2,2.9,13.2,2.7,80.8,2.7,"","","","","",""
"A1012","Los Angeles","Paramount","https://www.californiahealthmaps.org?address=A1012","Male","Thyroid",151000,"","","","","","","",19155,"","","",121665,"","","","","","","",1,61414,0.0,30.9,38.2,2.9,13.2,2.7,80.8,2.7,"","","","","",""
"A1012","Los Angeles","Paramount","https://www.californiahealthmaps.org?address=A1012","Female","Thyroid",156070,12.0,6.8,21.6,"","","","",23125,"","","",121725,"","","","","","","",1,61414,0.0,30.9,38.2,2.9,13.2,2.7,80.8,2.7,"","","","","",""
"A1012","Los Angeles","Paramount","https://www.californiahealthmaps.org?address=A1012","Male","Liver",151000,28.9,16.0,50.7,"","","","",19155,"","","",121665,"","","","","","","",1,61414,0.0,30.9,38.2,2.9,13.2,2.7,80.8,2.7,"","","","","",""
"A1012","Los Angeles","Paramount","https://www.californiahealthmaps.org?address=A1012","Female","Liver",156070,"","","","","","","",23125,"","","",121725,"","","","","","","",1,61414,0.0,30.9,38.2,2.9,13.2,2.7,80.8,2.7,"","","","","",""
"A1012","Los Angeles","Paramount","https://www.californiahealthmaps.org?address=A1012","Male","Pancreas",151000,"","","","","","","",19155,"","","",121665,"","","","","","","",1,61414,0.0,30.9,38.2,2.9,13.2,2.7,80.8,2.7,"","","","","",""
"A1012","Los Angeles","Paramount","https://www.californiahealthmaps.org?address=A1012","Female","Pancreas",156070,"","","","","","","",23125,"","","",121725,"","","","","","","",1,61414,0.0,30.9,38.2,2.9,13.2,2.7,80.8,2.7,"","","","","",""
"A1012","Los Angeles","Paramount","https://www.californiahealthmaps.org?address=A1012","Both","AllSite",307070,431.1,399.2,465.4,10805,591.1,480.8,738.6,42280,471.1,402.4,551.8,243390,392.6,351.1,438.9,"","","","",1,61414,0.0,30.9,38.2,2.9,13.2,2.7,80.8,2.7,"","","","","",""
"A1012","Los Angeles","Paramount","https://www.californiahealthmaps.org?address=A1012","Both","Lung",307070,46.9,36.3,60.2,10805,83.3,48.1,165.1,42280,73.4,46.2,114.8,243390,27.7,16.7,44.5,"","","","",1,61414,0.0,30.9,38.2,2.9,13.2,2.7,80.8,2.7,"","","","","",""
"A1012","Los Angeles","Paramount","https://www.californiahealthmaps.org?address=A1012","Both","CRC",307070,44.7,35.2,56.7,10805,85.4,45.6,172.8,42280,71.6,45.7,111.2,243390,27.5,18.4,41.8,"","","","",1,61414,0.0,30.9,38.2,2.9,13.2,2.7,80.8,2.7,"","","","","",""
"A1012","Los Angeles","Paramount","https://www.californiahealthmaps.org?address=A1012","Both","Mela",307070,"","","",10805,"","","",42280,"","","",243390,"","","","","","","",1,61414,0.0,30.9,38.2,2.9,13.2,2.7,80.8,2.7,"","","","","",""
"A1012","Los Angeles","Paramount","https://www.californiahealthmaps.org?address=A1012","Both","Lymph",307070,21.0,14.3,30.5,10805,"","","",42280,"","","",243390,19.0,10.8,32.7,"","","","",1,61414,0.0,30.9,38.2,2.9,13.2,2.7,80.8,2.7,"","","","","",""
"A1012","Los Angeles","Paramount","https://www.californiahealthmaps.org?address=A1012","Both","Urinary",307070,"","","",10805,"","","",42280,"","","",243390,"","","","","","","",1,61414,0.0,30.9,38.2,2.9,13.2,2.7,80.8,2.7,"","","","","",""
"A1012","Los Angeles","Paramount","https://www.californiahealthmaps.org?address=A1012","Both","Kidney",307070,15.7,10.1,23.9,10805,"","","",42280,"","","",243390,18.8,10.5,32.8,"","","","",1,61414,0.0,30.9,38.2,2.9,13.2,2.7,80.8,2.7,"","","","","",""
"A1012","Los Angeles","Paramount","https://www.californiahealthmaps.org?address=A1012","Both","Thyroid",307070,7.8,4.7,13.4,10805,"","","",42280,"","","",243390,9.9,5.7,19.6,"","","","",1,61414,0.0,30.9,38.2,2.9,13.2,2.7,80.8,2.7,"","","","","",""
"A1012","Los Angeles","Paramount","https://www.californiahealthmaps.org?address=A1012","Both","Liver",307070,17.0,10.8,25.9,10805,"","","",42280,"","","",243390,22.7,12.6,38.9,"","","","",1,61414,0.0,30.9,38.2,2.9,13.2,2.7,80.8,2.7,"","","","","",""
"A1012","Los Angeles","Paramount","https://www.californiahealthmaps.org?address=A1012","Both","Pancreas",307070,12.9,7.4,21.4,10805,"","","",42280,"","","",243390,"","","","","","","",1,61414,0.0,30.9,38.2,2.9,13.2,2.7,80.8,2.7,"","","","","",""
