"Zone","Counties","Cities","URL","Sex","Cancer","PopTot","AAIR","LCI","UCI","White_PopTot","White_AAIR","White_LCI","White_UCI","Black_PopTot","Black_AAIR","Black_LCI","Black_UCI","Hispanic_PopTot","Hispanic_AAIR","Hispanic_LCI","Hispanic_UCI","Asian_PopTot","Asian_AAIR","Asian_LCI","Asian_UCI","QNSES","PopAll","PerRural","PerUninsured","PerForeignBorn","PerWhite","PerBlack","PerAsian","PerHispanic","PerAPI","PerDocvisit","PerFOBT","PerMammo","PerMenPrev","PerPap","PerWomenPrev"
"A0324","Los Angeles","Los Angeles","https://www.californiahealthmaps.org?address=A0324","Male","AllSite",146260,521.1,487.8,556.4,117430,518.7,482.7,557.3,"","","","","","","","",10920,517.8,360.0,727.6,5,63380,0.0,9.0,30.6,80.3,2.8,7.9,5.4,7.9,"","","","","",""
"A0324","Los Angeles","Los Angeles","https://www.californiahealthmaps.org?address=A0324","Female","AllSite",170640,489.9,460.0,521.8,132820,496.4,462.9,532.5,"","","","",11105,436.3,318.9,591.5,15350,409.3,301.5,556.9,5,63380,0.0,9.0,30.6,80.3,2.8,7.9,5.4,7.9,"","","","","",""
"A0324","Los Angeles","Los Angeles","https://www.californiahealthmaps.org?address=A0324","Male","Prostate",146260,140.1,123.1,159.3,117430,136.9,118.8,157.8,"","","","","","","","",10920,"","","",5,63380,0.0,9.0,30.6,80.3,2.8,7.9,5.4,7.9,"","","","","",""
"A0324","Los Angeles","Los Angeles","https://www.californiahealthmaps.org?address=A0324","Female","Breast",170640,171.4,153.7,191.1,132820,170.7,151.2,192.9,"","","","",11105,197.5,119.0,316.8,15350,146.3,88.1,246.7,5,63380,0.0,9.0,30.6,80.3,2.8,7.9,5.4,7.9,"","","","","",""
"A0324","Los Angeles","Los Angeles","https://www.californiahealthmaps.org?address=A0324","Male","Lung",146260,46.4,36.9,58.1,117430,44.0,34.2,56.6,"","","","","","","","",10920,"","","",5,63380,0.0,9.0,30.6,80.3,2.8,7.9,5.4,7.9,"","","","","",""
"A0324","Los Angeles","Los Angeles","https://www.californiahealthmaps.org?address=A0324","Female","Lung",170640,39.6,31.8,49.6,132820,39.2,30.8,50.4,"","","","",11105,"","","",15350,"","","",5,63380,0.0,9.0,30.6,80.3,2.8,7.9,5.4,7.9,"","","","","",""
"A0324","Los Angeles","Los Angeles","https://www.californiahealthmaps.org?address=A0324","Male","CRC",146260,42.2,33.1,53.5,117430,39.9,30.4,52.3,"","","","","","","","",10920,"","","",5,63380,0.0,9.0,30.6,80.3,2.8,7.9,5.4,7.9,"","","","","",""
"A0324","Los Angeles","Los Angeles","https://www.californiahealthmaps.org?address=A0324","Female","CRC",170640,25.4,19.2,33.9,132820,25.3,18.6,34.9,"","","","",11105,"","","",15350,"","","",5,63380,0.0,9.0,30.6,80.3,2.8,7.9,5.4,7.9,"","","","","",""
"A0324","Los Angeles","Los Angeles","https://www.californiahealthmaps.org?address=A0324","Male","Mela",146260,33.4,25.3,43.8,117430,33.9,25.1,45.6,"","","","","","","","",10920,"","","",5,63380,0.0,9.0,30.6,80.3,2.8,7.9,5.4,7.9,"","","","","",""
"A0324","Los Angeles","Los Angeles","https://www.californiahealthmaps.org?address=A0324","Female","Mela",170640,21.6,15.7,29.8,132820,23.5,16.5,33.5,"","","","",11105,"","","",15350,"","","",5,63380,0.0,9.0,30.6,80.3,2.8,7.9,5.4,7.9,"","","","","",""
"A0324","Los Angeles","Los Angeles","https://www.californiahealthmaps.org?address=A0324","Female","Uterine",170640,24.3,18.2,32.7,132820,25.4,18.5,35.2,"","","","",11105,"","","",15350,"","","",5,63380,0.0,9.0,30.6,80.3,2.8,7.9,5.4,7.9,"","","","","",""
"A0324","Los Angeles","Los Angeles","https://www.californiahealthmaps.org?address=A0324","Male","Lymph",146260,35.6,27.2,46.2,117430,32.9,24.4,44.4,"","","","","","","","",10920,"","","",5,63380,0.0,9.0,30.6,80.3,2.8,7.9,5.4,7.9,"","","","","",""
"A0324","Los Angeles","Los Angeles","https://www.californiahealthmaps.org?address=A0324","Female","Lymph",170640,27.5,20.9,36.4,132820,29.6,22.1,40.0,"","","","",11105,"","","",15350,"","","",5,63380,0.0,9.0,30.6,80.3,2.8,7.9,5.4,7.9,"","","","","",""
"A0324","Los Angeles","Los Angeles","https://www.californiahealthmaps.org?address=A0324","Male","Urinary",146260,15.1,10.2,22.3,117430,17.0,11.4,25.5,"","","","","","","","",10920,"","","",5,63380,0.0,9.0,30.6,80.3,2.8,7.9,5.4,7.9,"","","","","",""
"A0324","Los Angeles","Los Angeles","https://www.californiahealthmaps.org?address=A0324","Female","Urinary",170640,"","","",132820,"","","","","","","",11105,"","","",15350,"","","",5,63380,0.0,9.0,30.6,80.3,2.8,7.9,5.4,7.9,"","","","","",""
"A0324","Los Angeles","Los Angeles","https://www.californiahealthmaps.org?address=A0324","Male","Kidney",146260,20.0,14.0,28.4,117430,20.0,13.6,29.4,"","","","","","","","",10920,"","","",5,63380,0.0,9.0,30.6,80.3,2.8,7.9,5.4,7.9,"","","","","",""
"A0324","Los Angeles","Los Angeles","https://www.californiahealthmaps.org?address=A0324","Female","Kidney",170640,"","","",132820,"","","","","","","",11105,"","","",15350,"","","",5,63380,0.0,9.0,30.6,80.3,2.8,7.9,5.4,7.9,"","","","","",""
"A0324","Los Angeles","Los Angeles","https://www.californiahealthmaps.org?address=A0324","Male","Thyroid",146260,16.3,10.5,24.5,117430,18.4,11.7,28.4,"","","","","","","","",10920,"","","",5,63380,0.0,9.0,30.6,80.3,2.8,7.9,5.4,7.9,"","","","","",""
"A0324","Los Angeles","Los Angeles","https://www.californiahealthmaps.org?address=A0324","Female","Thyroid",170640,38.9,30.4,49.8,132820,41.8,31.7,54.9,"","","","",11105,"","","",15350,"","","",5,63380,0.0,9.0,30.6,80.3,2.8,7.9,5.4,7.9,"","","","","",""
"A0324","Los Angeles","Los Angeles","https://www.californiahealthmaps.org?address=A0324","Male","Liver",146260,"","","",117430,"","","","","","","","","","","",10920,"","","",5,63380,0.0,9.0,30.6,80.3,2.8,7.9,5.4,7.9,"","","","","",""
"A0324","Los Angeles","Los Angeles","https://www.californiahealthmaps.org?address=A0324","Female","Liver",170640,"","","",132820,"","","","","","","",11105,"","","",15350,"","","",5,63380,0.0,9.0,30.6,80.3,2.8,7.9,5.4,7.9,"","","","","",""
"A0324","Los Angeles","Los Angeles","https://www.californiahealthmaps.org?address=A0324","Male","Pancreas",146260,23.5,16.9,32.5,117430,22.8,15.8,32.7,"","","","","","","","",10920,"","","",5,63380,0.0,9.0,30.6,80.3,2.8,7.9,5.4,7.9,"","","","","",""
"A0324","Los Angeles","Los Angeles","https://www.californiahealthmaps.org?address=A0324","Female","Pancreas",170640,14.5,10.0,21.2,132820,14.8,9.9,22.8,"","","","",11105,"","","",15350,"","","",5,63380,0.0,9.0,30.6,80.3,2.8,7.9,5.4,7.9,"","","","","",""
"A0324","Los Angeles","Los Angeles","https://www.californiahealthmaps.org?address=A0324","Both","AllSite",316900,499.1,477.0,522.3,250250,501.8,477.4,527.5,"","","","",19240,472.8,373.7,593.2,26270,457.6,363.8,573.1,5,63380,0.0,9.0,30.6,80.3,2.8,7.9,5.4,7.9,"","","","","",""
"A0324","Los Angeles","Los Angeles","https://www.californiahealthmaps.org?address=A0324","Both","Lung",316900,42.3,36.2,49.5,250250,41.1,34.6,48.9,"","","","",19240,"","","",26270,"","","",5,63380,0.0,9.0,30.6,80.3,2.8,7.9,5.4,7.9,"","","","","",""
"A0324","Los Angeles","Los Angeles","https://www.californiahealthmaps.org?address=A0324","Both","CRC",316900,32.7,27.3,39.2,250250,31.9,26.1,39.1,"","","","",19240,"","","",26270,"","","",5,63380,0.0,9.0,30.6,80.3,2.8,7.9,5.4,7.9,"","","","","",""
"A0324","Los Angeles","Los Angeles","https://www.californiahealthmaps.org?address=A0324","Both","Mela",316900,26.9,21.9,33.0,250250,28.1,22.5,35.2,"","","","",19240,"","","",26270,"","","",5,63380,0.0,9.0,30.6,80.3,2.8,7.9,5.4,7.9,"","","","","",""
"A0324","Los Angeles","Los Angeles","https://www.californiahealthmaps.org?address=A0324","Both","Lymph",316900,30.9,25.6,37.3,250250,30.9,25.2,38.1,"","","","",19240,"","","",26270,"","","",5,63380,0.0,9.0,30.6,80.3,2.8,7.9,5.4,7.9,"","","","","",""
"A0324","Los Angeles","Los Angeles","https://www.californiahealthmaps.org?address=A0324","Both","Urinary",316900,9.2,6.6,12.9,250250,10.1,7.1,14.4,"","","","",19240,"","","",26270,"","","",5,63380,0.0,9.0,30.6,80.3,2.8,7.9,5.4,7.9,"","","","","",""
"A0324","Los Angeles","Los Angeles","https://www.californiahealthmaps.org?address=A0324","Both","Kidney",316900,11.6,8.5,15.9,250250,11.3,7.9,16.1,"","","","",19240,"","","",26270,"","","",5,63380,0.0,9.0,30.6,80.3,2.8,7.9,5.4,7.9,"","","","","",""
"A0324","Los Angeles","Los Angeles","https://www.californiahealthmaps.org?address=A0324","Both","Thyroid",316900,28.4,23.0,34.9,250250,30.6,24.3,38.4,"","","","",19240,"","","",26270,"","","",5,63380,0.0,9.0,30.6,80.3,2.8,7.9,5.4,7.9,"","","","","",""
"A0324","Los Angeles","Los Angeles","https://www.californiahealthmaps.org?address=A0324","Both","Liver",316900,5.4,3.3,8.7,250250,"","","","","","","",19240,"","","",26270,"","","",5,63380,0.0,9.0,30.6,80.3,2.8,7.9,5.4,7.9,"","","","","",""
"A0324","Los Angeles","Los Angeles","https://www.californiahealthmaps.org?address=A0324","Both","Pancreas",316900,18.4,14.5,23.5,250250,18.3,14.1,24.0,"","","","",19240,"","","",26270,"","","",5,63380,0.0,9.0,30.6,80.3,2.8,7.9,5.4,7.9,"","","","","",""
