"Zone","Counties","Cities","URL","Sex","Cancer","PopTot","AAIR","LCI","UCI","White_PopTot","White_AAIR","White_LCI","White_UCI","Black_PopTot","Black_AAIR","Black_LCI","Black_UCI","Hispanic_PopTot","Hispanic_AAIR","Hispanic_LCI","Hispanic_UCI","Asian_PopTot","Asian_AAIR","Asian_LCI","Asian_UCI","QNSES","PopAll","PerRural","PerUninsured","PerForeignBorn","PerWhite","PerBlack","PerAsian","PerHispanic","PerAPI","PerDocvisit","PerFOBT","PerMammo","PerMenPrev","PerPap","PerWomenPrev"
"A1117","San Bernardino","Fontana","https://www.californiahealthmaps.org?address=A1117","Male","AllSite",159040,521.5,473.6,574.0,23295,542.5,465.7,634.9,"","","","",121205,510.4,438.5,594.2,"","","","",1,64476,0.0,29.1,32.3,14.2,5.4,2.1,76.0,2.1,61.1,52.2,81.0,21.5,82.8,22.4
"A1117","San Bernardino","Fontana","https://www.californiahealthmaps.org?address=A1117","Female","AllSite",163340,397.8,363.2,435.2,24380,429.8,365.6,509.2,11120,573.2,420.2,775.5,122545,340.0,295.8,391.3,"","","","",1,64476,0.0,29.1,32.3,14.2,5.4,2.1,76.0,2.1,61.1,52.2,81.0,21.5,82.8,22.4
"A1117","San Bernardino","Fontana","https://www.californiahealthmaps.org?address=A1117","Male","Prostate",159040,113.1,91.7,139.1,23295,67.1,43.1,109.2,"","","","",121205,141.5,105.9,189.6,"","","","",1,64476,0.0,29.1,32.3,14.2,5.4,2.1,76.0,2.1,61.1,52.2,81.0,21.5,82.8,22.4
"A1117","San Bernardino","Fontana","https://www.californiahealthmaps.org?address=A1117","Female","Breast",163340,101.0,84.0,120.7,24380,120.6,86.5,172.1,11120,164.0,92.2,287.1,122545,76.0,57.1,102.3,"","","","",1,64476,0.0,29.1,32.3,14.2,5.4,2.1,76.0,2.1,61.1,52.2,81.0,21.5,82.8,22.4
"A1117","San Bernardino","Fontana","https://www.californiahealthmaps.org?address=A1117","Male","Lung",159040,76.6,57.9,100.3,23295,101.6,70.5,150.1,"","","","",121205,62.3,35.2,104.8,"","","","",1,64476,0.0,29.1,32.3,14.2,5.4,2.1,76.0,2.1,61.1,52.2,81.0,21.5,82.8,22.4
"A1117","San Bernardino","Fontana","https://www.californiahealthmaps.org?address=A1117","Female","Lung",163340,44.7,33.2,59.3,24380,57.7,37.6,96.0,11120,"","","",122545,29.8,16.5,52.0,"","","","",1,64476,0.0,29.1,32.3,14.2,5.4,2.1,76.0,2.1,61.1,52.2,81.0,21.5,82.8,22.4
"A1117","San Bernardino","Fontana","https://www.californiahealthmaps.org?address=A1117","Male","CRC",159040,49.1,35.9,67.0,23295,59.4,34.9,102.9,"","","","",121205,44.0,27.1,74.1,"","","","",1,64476,0.0,29.1,32.3,14.2,5.4,2.1,76.0,2.1,61.1,52.2,81.0,21.5,82.8,22.4
"A1117","San Bernardino","Fontana","https://www.californiahealthmaps.org?address=A1117","Female","CRC",163340,41.2,30.6,54.7,24380,37.2,19.7,74.7,11120,"","","",122545,39.7,25.4,62.2,"","","","",1,64476,0.0,29.1,32.3,14.2,5.4,2.1,76.0,2.1,61.1,52.2,81.0,21.5,82.8,22.4
"A1117","San Bernardino","Fontana","https://www.californiahealthmaps.org?address=A1117","Male","Mela",159040,22.5,13.4,36.9,23295,47.9,27.6,87.3,"","","","",121205,"","","","","","","",1,64476,0.0,29.1,32.3,14.2,5.4,2.1,76.0,2.1,61.1,52.2,81.0,21.5,82.8,22.4
"A1117","San Bernardino","Fontana","https://www.californiahealthmaps.org?address=A1117","Female","Mela",163340,"","","",24380,"","","",11120,"","","",122545,"","","","","","","",1,64476,0.0,29.1,32.3,14.2,5.4,2.1,76.0,2.1,61.1,52.2,81.0,21.5,82.8,22.4
"A1117","San Bernardino","Fontana","https://www.californiahealthmaps.org?address=A1117","Female","Uterine",163340,43.5,32.8,57.1,24380,61.4,37.8,103.8,11120,"","","",122545,36.0,23.0,57.0,"","","","",1,64476,0.0,29.1,32.3,14.2,5.4,2.1,76.0,2.1,61.1,52.2,81.0,21.5,82.8,22.4
"A1117","San Bernardino","Fontana","https://www.californiahealthmaps.org?address=A1117","Male","Lymph",159040,22.2,12.5,37.5,23295,"","","","","","","",121205,"","","","","","","",1,64476,0.0,29.1,32.3,14.2,5.4,2.1,76.0,2.1,61.1,52.2,81.0,21.5,82.8,22.4
"A1117","San Bernardino","Fontana","https://www.californiahealthmaps.org?address=A1117","Female","Lymph",163340,15.5,9.3,24.9,24380,"","","",11120,"","","",122545,"","","","","","","",1,64476,0.0,29.1,32.3,14.2,5.4,2.1,76.0,2.1,61.1,52.2,81.0,21.5,82.8,22.4
"A1117","San Bernardino","Fontana","https://www.californiahealthmaps.org?address=A1117","Male","Urinary",159040,"","","",23295,"","","","","","","",121205,"","","","","","","",1,64476,0.0,29.1,32.3,14.2,5.4,2.1,76.0,2.1,61.1,52.2,81.0,21.5,82.8,22.4
"A1117","San Bernardino","Fontana","https://www.californiahealthmaps.org?address=A1117","Female","Urinary",163340,"","","",24380,"","","",11120,"","","",122545,"","","","","","","",1,64476,0.0,29.1,32.3,14.2,5.4,2.1,76.0,2.1,61.1,52.2,81.0,21.5,82.8,22.4
"A1117","San Bernardino","Fontana","https://www.californiahealthmaps.org?address=A1117","Male","Kidney",159040,32.3,21.6,48.0,23295,"","","","","","","",121205,30.6,16.2,59.2,"","","","",1,64476,0.0,29.1,32.3,14.2,5.4,2.1,76.0,2.1,61.1,52.2,81.0,21.5,82.8,22.4
"A1117","San Bernardino","Fontana","https://www.californiahealthmaps.org?address=A1117","Female","Kidney",163340,16.0,9.7,25.2,24380,"","","",11120,"","","",122545,23.0,12.8,41.7,"","","","",1,64476,0.0,29.1,32.3,14.2,5.4,2.1,76.0,2.1,61.1,52.2,81.0,21.5,82.8,22.4
"A1117","San Bernardino","Fontana","https://www.californiahealthmaps.org?address=A1117","Male","Thyroid",159040,"","","",23295,"","","","","","","",121205,"","","","","","","",1,64476,0.0,29.1,32.3,14.2,5.4,2.1,76.0,2.1,61.1,52.2,81.0,21.5,82.8,22.4
"A1117","San Bernardino","Fontana","https://www.californiahealthmaps.org?address=A1117","Female","Thyroid",163340,18.4,12.0,27.6,24380,"","","",11120,"","","",122545,17.2,9.7,33.1,"","","","",1,64476,0.0,29.1,32.3,14.2,5.4,2.1,76.0,2.1,61.1,52.2,81.0,21.5,82.8,22.4
"A1117","San Bernardino","Fontana","https://www.californiahealthmaps.org?address=A1117","Male","Liver",159040,19.7,11.5,32.9,23295,"","","","","","","",121205,"","","","","","","",1,64476,0.0,29.1,32.3,14.2,5.4,2.1,76.0,2.1,61.1,52.2,81.0,21.5,82.8,22.4
"A1117","San Bernardino","Fontana","https://www.californiahealthmaps.org?address=A1117","Female","Liver",163340,"","","",24380,"","","",11120,"","","",122545,"","","","","","","",1,64476,0.0,29.1,32.3,14.2,5.4,2.1,76.0,2.1,61.1,52.2,81.0,21.5,82.8,22.4
"A1117","San Bernardino","Fontana","https://www.californiahealthmaps.org?address=A1117","Male","Pancreas",159040,13.5,7.3,24.7,23295,"","","","","","","",121205,"","","","","","","",1,64476,0.0,29.1,32.3,14.2,5.4,2.1,76.0,2.1,61.1,52.2,81.0,21.5,82.8,22.4
"A1117","San Bernardino","Fontana","https://www.californiahealthmaps.org?address=A1117","Female","Pancreas",163340,13.2,7.3,22.2,24380,"","","",11120,"","","",122545,"","","","","","","",1,64476,0.0,29.1,32.3,14.2,5.4,2.1,76.0,2.1,61.1,52.2,81.0,21.5,82.8,22.4
"A1117","San Bernardino","Fontana","https://www.californiahealthmaps.org?address=A1117","Both","AllSite",322380,445.3,417.2,475.1,47675,475.5,426.4,532.0,21115,521.7,409.9,661.8,243750,406.8,367.6,450.3,"","","","",1,64476,0.0,29.1,32.3,14.2,5.4,2.1,76.0,2.1,61.1,52.2,81.0,21.5,82.8,22.4
"A1117","San Bernardino","Fontana","https://www.californiahealthmaps.org?address=A1117","Both","Lung",322380,57.3,47.1,69.4,47675,76.5,58.4,102.7,21115,111.5,61.2,194.3,243750,42.6,28.8,61.8,"","","","",1,64476,0.0,29.1,32.3,14.2,5.4,2.1,76.0,2.1,61.1,52.2,81.0,21.5,82.8,22.4
"A1117","San Bernardino","Fontana","https://www.californiahealthmaps.org?address=A1117","Both","CRC",322380,44.5,36.1,54.7,47675,48.3,32.7,72.8,21115,"","","",243750,41.3,30.0,57.2,"","","","",1,64476,0.0,29.1,32.3,14.2,5.4,2.1,76.0,2.1,61.1,52.2,81.0,21.5,82.8,22.4
"A1117","San Bernardino","Fontana","https://www.californiahealthmaps.org?address=A1117","Both","Mela",322380,11.3,7.2,17.3,47675,25.1,15.2,44.2,21115,"","","",243750,"","","","","","","",1,64476,0.0,29.1,32.3,14.2,5.4,2.1,76.0,2.1,61.1,52.2,81.0,21.5,82.8,22.4
"A1117","San Bernardino","Fontana","https://www.californiahealthmaps.org?address=A1117","Both","Lymph",322380,17.8,12.3,25.2,47675,22.1,13.0,40.5,21115,"","","",243750,13.9,7.7,25.2,"","","","",1,64476,0.0,29.1,32.3,14.2,5.4,2.1,76.0,2.1,61.1,52.2,81.0,21.5,82.8,22.4
"A1117","San Bernardino","Fontana","https://www.californiahealthmaps.org?address=A1117","Both","Urinary",322380,9.5,5.5,15.5,47675,"","","",21115,"","","",243750,"","","","","","","",1,64476,0.0,29.1,32.3,14.2,5.4,2.1,76.0,2.1,61.1,52.2,81.0,21.5,82.8,22.4
"A1117","San Bernardino","Fontana","https://www.californiahealthmaps.org?address=A1117","Both","Kidney",322380,23.0,17.0,30.7,47675,"","","",21115,"","","",243750,25.7,17.1,39.2,"","","","",1,64476,0.0,29.1,32.3,14.2,5.4,2.1,76.0,2.1,61.1,52.2,81.0,21.5,82.8,22.4
"A1117","San Bernardino","Fontana","https://www.californiahealthmaps.org?address=A1117","Both","Thyroid",322380,12.6,8.6,18.2,47675,"","","",21115,"","","",243750,12.2,7.3,22.1,"","","","",1,64476,0.0,29.1,32.3,14.2,5.4,2.1,76.0,2.1,61.1,52.2,81.0,21.5,82.8,22.4
"A1117","San Bernardino","Fontana","https://www.californiahealthmaps.org?address=A1117","Both","Liver",322380,12.8,8.4,18.9,47675,"","","",21115,"","","",243750,16.8,9.3,29.7,"","","","",1,64476,0.0,29.1,32.3,14.2,5.4,2.1,76.0,2.1,61.1,52.2,81.0,21.5,82.8,22.4
"A1117","San Bernardino","Fontana","https://www.californiahealthmaps.org?address=A1117","Both","Pancreas",322380,13.8,9.2,20.2,47675,"","","",21115,"","","",243750,12.4,6.8,23.2,"","","","",1,64476,0.0,29.1,32.3,14.2,5.4,2.1,76.0,2.1,61.1,52.2,81.0,21.5,82.8,22.4
