"Zone","Counties","Cities","URL","Sex","Cancer","PopTot","AAIR","LCI","UCI","White_PopTot","White_AAIR","White_LCI","White_UCI","Black_PopTot","Black_AAIR","Black_LCI","Black_UCI","Hispanic_PopTot","Hispanic_AAIR","Hispanic_LCI","Hispanic_UCI","Asian_PopTot","Asian_AAIR","Asian_LCI","Asian_UCI","QNSES","PopAll","PerRural","PerUninsured","PerForeignBorn","PerWhite","PerBlack","PerAsian","PerHispanic"
"A0472","San Diego","San Diego","https://www.californiahealthmaps.org?address=A0472","Male","AllSite",179725,549.4,515.4,586.2,118560,527.3,490.0,570.2,"","","","",34785,615.6,501.9,749.8,10880,597.4,439.6,819.1,4,70285,0.0,16.7,17.0,65.5,3.7,7.3,19.9
"A0472","San Diego","San Diego","https://www.californiahealthmaps.org?address=A0472","Female","AllSite",171700,446.5,416.0,479.7,109650,442.2,406.8,483.5,"","","","",34670,432.4,354.2,524.6,13445,512.4,390.0,689.4,4,70285,0.0,16.7,17.0,65.5,3.7,7.3,19.9
"A0472","San Diego","San Diego","https://www.californiahealthmaps.org?address=A0472","Male","Prostate",179725,120.3,104.6,138.9,118560,111.6,95.0,134.7,"","","","",34785,152.4,98.0,229.0,10880,"","","",4,70285,0.0,16.7,17.0,65.5,3.7,7.3,19.9
"A0472","San Diego","San Diego","https://www.californiahealthmaps.org?address=A0472","Female","Breast",171700,157.6,139.2,178.8,109650,158.3,136.6,186.6,"","","","",34670,150.6,105.4,210.4,13445,203.1,127.3,340.3,4,70285,0.0,16.7,17.0,65.5,3.7,7.3,19.9
"A0472","San Diego","San Diego","https://www.californiahealthmaps.org?address=A0472","Male","Lung",179725,58.4,47.4,72.4,118560,56.2,44.4,75.0,"","","","",34785,"","","",10880,"","","",4,70285,0.0,16.7,17.0,65.5,3.7,7.3,19.9
"A0472","San Diego","San Diego","https://www.californiahealthmaps.org?address=A0472","Female","Lung",171700,58.2,47.8,71.5,109650,62.0,49.7,81.5,"","","","",34670,"","","",13445,"","","",4,70285,0.0,16.7,17.0,65.5,3.7,7.3,19.9
"A0472","San Diego","San Diego","https://www.californiahealthmaps.org?address=A0472","Male","CRC",179725,50.9,40.9,63.9,118560,44.7,34.3,62.3,"","","","",34785,"","","",10880,"","","",4,70285,0.0,16.7,17.0,65.5,3.7,7.3,19.9
"A0472","San Diego","San Diego","https://www.californiahealthmaps.org?address=A0472","Female","CRC",171700,31.4,23.9,42.0,109650,24.6,17.4,40.1,"","","","",34670,"","","",13445,"","","",4,70285,0.0,16.7,17.0,65.5,3.7,7.3,19.9
"A0472","San Diego","San Diego","https://www.californiahealthmaps.org?address=A0472","Male","Mela",179725,48.5,38.8,61.1,118560,55.4,43.7,74.0,"","","","",34785,"","","",10880,"","","",4,70285,0.0,16.7,17.0,65.5,3.7,7.3,19.9
"A0472","San Diego","San Diego","https://www.californiahealthmaps.org?address=A0472","Female","Mela",171700,23.5,17.0,33.3,109650,28.9,20.3,45.6,"","","","",34670,"","","",13445,"","","",4,70285,0.0,16.7,17.0,65.5,3.7,7.3,19.9
"A0472","San Diego","San Diego","https://www.californiahealthmaps.org?address=A0472","Female","Uterine",171700,22.7,16.4,32.4,109650,23.0,15.7,38.7,"","","","",34670,"","","",13445,"","","",4,70285,0.0,16.7,17.0,65.5,3.7,7.3,19.9
"A0472","San Diego","San Diego","https://www.californiahealthmaps.org?address=A0472","Male","Lymph",179725,36.1,27.5,47.9,118560,32.6,23.6,49.3,"","","","",34785,"","","",10880,"","","",4,70285,0.0,16.7,17.0,65.5,3.7,7.3,19.9
"A0472","San Diego","San Diego","https://www.californiahealthmaps.org?address=A0472","Female","Lymph",171700,15.9,10.7,24.5,109650,17.8,11.4,33.1,"","","","",34670,"","","",13445,"","","",4,70285,0.0,16.7,17.0,65.5,3.7,7.3,19.9
"A0472","San Diego","San Diego","https://www.californiahealthmaps.org?address=A0472","Male","Urinary",179725,21.7,15.2,31.6,118560,22.2,15.0,37.6,"","","","",34785,"","","",10880,"","","",4,70285,0.0,16.7,17.0,65.5,3.7,7.3,19.9
"A0472","San Diego","San Diego","https://www.californiahealthmaps.org?address=A0472","Female","Urinary",171700,4.9,2.4,11.5,109650,"","","","","","","",34670,"","","",13445,"","","",4,70285,0.0,16.7,17.0,65.5,3.7,7.3,19.9
"A0472","San Diego","San Diego","https://www.californiahealthmaps.org?address=A0472","Male","Kidney",179725,27.8,20.8,38.0,118560,26.2,18.7,41.5,"","","","",34785,"","","",10880,"","","",4,70285,0.0,16.7,17.0,65.5,3.7,7.3,19.9
"A0472","San Diego","San Diego","https://www.californiahealthmaps.org?address=A0472","Female","Kidney",171700,10.6,6.5,18.2,109650,11.6,6.6,26.1,"","","","",34670,"","","",13445,"","","",4,70285,0.0,16.7,17.0,65.5,3.7,7.3,19.9
"A0472","San Diego","San Diego","https://www.californiahealthmaps.org?address=A0472","Male","Thyroid",179725,4.5,2.0,11.0,118560,"","","","","","","",34785,"","","",10880,"","","",4,70285,0.0,16.7,17.0,65.5,3.7,7.3,19.9
"A0472","San Diego","San Diego","https://www.californiahealthmaps.org?address=A0472","Female","Thyroid",171700,18.9,12.8,28.5,109650,14.3,8.1,29.7,"","","","",34670,"","","",13445,"","","",4,70285,0.0,16.7,17.0,65.5,3.7,7.3,19.9
"A0472","San Diego","San Diego","https://www.californiahealthmaps.org?address=A0472","Both","AllSite",351425,489.5,467.1,513.2,228210,477.2,452.0,505.2,15415,493.1,369.7,656.8,69455,496.6,431.9,569.2,24325,540.1,442.4,663.7,4,70285,0.0,16.7,17.0,65.5,3.7,7.3,19.9
"A0472","San Diego","San Diego","https://www.californiahealthmaps.org?address=A0472","Both","Lung",351425,57.9,50.3,66.9,228210,58.9,50.3,70.7,15415,"","","",69455,42.3,24.4,69.4,24325,"","","",4,70285,0.0,16.7,17.0,65.5,3.7,7.3,19.9
"A0472","San Diego","San Diego","https://www.californiahealthmaps.org?address=A0472","Both","CRC",351425,40.7,34.5,48.3,228210,34.8,28.4,44.7,15415,"","","",69455,53.4,34.1,81.3,24325,75.6,42.2,140.1,4,70285,0.0,16.7,17.0,65.5,3.7,7.3,19.9
"A0472","San Diego","San Diego","https://www.californiahealthmaps.org?address=A0472","Both","Mela",351425,35.5,29.7,42.8,228210,41.9,34.6,52.7,15415,"","","",69455,"","","",24325,"","","",4,70285,0.0,16.7,17.0,65.5,3.7,7.3,19.9
"A0472","San Diego","San Diego","https://www.californiahealthmaps.org?address=A0472","Both","Lymph",351425,26.0,20.9,32.7,228210,25.5,19.8,34.8,15415,"","","",69455,31.6,17.4,54.6,24325,"","","",4,70285,0.0,16.7,17.0,65.5,3.7,7.3,19.9
"A0472","San Diego","San Diego","https://www.californiahealthmaps.org?address=A0472","Both","Urinary",351425,12.6,9.2,17.5,228210,13.0,9.2,20.8,15415,"","","",69455,"","","",24325,"","","",4,70285,0.0,16.7,17.0,65.5,3.7,7.3,19.9
"A0472","San Diego","San Diego","https://www.californiahealthmaps.org?address=A0472","Both","Kidney",351425,18.8,14.8,24.4,228210,18.6,14.0,26.9,15415,"","","",69455,"","","",24325,"","","",4,70285,0.0,16.7,17.0,65.5,3.7,7.3,19.9
"A0472","San Diego","San Diego","https://www.californiahealthmaps.org?address=A0472","Both","Thyroid",351425,11.0,7.8,15.8,228210,8.6,5.3,16.2,15415,"","","",69455,"","","",24325,"","","",4,70285,0.0,16.7,17.0,65.5,3.7,7.3,19.9
