"Zone","Counties","Cities","URL","Sex","Cancer","PopTot","AAIR","LCI","UCI","White_PopTot","White_AAIR","White_LCI","White_UCI","Black_PopTot","Black_AAIR","Black_LCI","Black_UCI","Hispanic_PopTot","Hispanic_AAIR","Hispanic_LCI","Hispanic_UCI","Asian_PopTot","Asian_AAIR","Asian_LCI","Asian_UCI","QNSES","PopAll","PerRural","PerUninsured","PerForeignBorn","PerWhite","PerBlack","PerAsian","PerHispanic","PerAPI","PerDocvisit","PerFOBT","PerMammo","PerMenPrev","PerPap","PerWomenPrev"
"A0007","Los Angeles","Cerritos","https://www.californiahealthmaps.org?address=A0007","Male","AllSite",137895,414.9,381.0,451.5,19770,478.7,405.2,574.0,"","","","",38470,402.5,327.6,491.5,67705,330.3,287.7,378.8,4,56331,0.0,16.6,43.5,13.1,5.6,50.5,28.2,50.5,"","","","","",""
"A0007","Los Angeles","Cerritos","https://www.californiahealthmaps.org?address=A0007","Female","AllSite",143760,357.8,329.3,388.5,19180,446.4,370.2,546.9,"","","","",38685,378.6,315.4,451.9,73225,312.4,275.1,355.3,4,56331,0.0,16.6,43.5,13.1,5.6,50.5,28.2,50.5,"","","","","",""
"A0007","Los Angeles","Cerritos","https://www.californiahealthmaps.org?address=A0007","Male","Prostate",137895,99.0,83.4,117.2,19770,99.7,70.2,154.9,"","","","",38470,77.4,47.3,122.2,67705,66.5,49.1,89.9,4,56331,0.0,16.6,43.5,13.1,5.6,50.5,28.2,50.5,"","","","","",""
"A0007","Los Angeles","Cerritos","https://www.californiahealthmaps.org?address=A0007","Female","Breast",143760,112.6,97.2,130.4,19180,102.4,73.0,159.9,"","","","",38685,124.7,89.9,169.8,73225,93.1,74.3,117.7,4,56331,0.0,16.6,43.5,13.1,5.6,50.5,28.2,50.5,"","","","","",""
"A0007","Los Angeles","Cerritos","https://www.californiahealthmaps.org?address=A0007","Male","Lung",137895,48.2,36.8,62.5,19770,65.9,40.3,119.4,"","","","",38470,"","","",67705,39.5,25.7,59.7,4,56331,0.0,16.6,43.5,13.1,5.6,50.5,28.2,50.5,"","","","","",""
"A0007","Los Angeles","Cerritos","https://www.californiahealthmaps.org?address=A0007","Female","Lung",143760,25.7,18.7,35.2,19180,"","","","","","","",38685,"","","",73225,29.3,18.7,46.6,4,56331,0.0,16.6,43.5,13.1,5.6,50.5,28.2,50.5,"","","","","",""
"A0007","Los Angeles","Cerritos","https://www.californiahealthmaps.org?address=A0007","Male","CRC",137895,42.2,32.2,54.9,19770,"","","","","","","",38470,"","","",67705,40.1,26.8,59.6,4,56331,0.0,16.6,43.5,13.1,5.6,50.5,28.2,50.5,"","","","","",""
"A0007","Los Angeles","Cerritos","https://www.californiahealthmaps.org?address=A0007","Female","CRC",143760,28.5,21.0,38.5,19180,44.3,22.9,98.3,"","","","",38685,"","","",73225,23.6,14.2,39.8,4,56331,0.0,16.6,43.5,13.1,5.6,50.5,28.2,50.5,"","","","","",""
"A0007","Los Angeles","Cerritos","https://www.californiahealthmaps.org?address=A0007","Male","Mela",137895,15.0,8.9,24.2,19770,46.5,25.9,96.4,"","","","",38470,"","","",67705,"","","",4,56331,0.0,16.6,43.5,13.1,5.6,50.5,28.2,50.5,"","","","","",""
"A0007","Los Angeles","Cerritos","https://www.californiahealthmaps.org?address=A0007","Female","Mela",143760,9.2,5.1,16.0,19180,"","","","","","","",38685,"","","",73225,"","","",4,56331,0.0,16.6,43.5,13.1,5.6,50.5,28.2,50.5,"","","","","",""
"A0007","Los Angeles","Cerritos","https://www.californiahealthmaps.org?address=A0007","Female","Uterine",143760,29.4,22.0,39.3,19180,"","","","","","","",38685,"","","",73225,25.4,16.0,41.4,4,56331,0.0,16.6,43.5,13.1,5.6,50.5,28.2,50.5,"","","","","",""
"A0007","Los Angeles","Cerritos","https://www.californiahealthmaps.org?address=A0007","Male","Lymph",137895,18.9,12.5,28.2,19770,"","","","","","","",38470,"","","",67705,"","","",4,56331,0.0,16.6,43.5,13.1,5.6,50.5,28.2,50.5,"","","","","",""
"A0007","Los Angeles","Cerritos","https://www.californiahealthmaps.org?address=A0007","Female","Lymph",143760,14.8,9.4,22.7,19180,"","","","","","","",38685,"","","",73225,"","","",4,56331,0.0,16.6,43.5,13.1,5.6,50.5,28.2,50.5,"","","","","",""
"A0007","Los Angeles","Cerritos","https://www.californiahealthmaps.org?address=A0007","Male","Urinary",137895,20.5,13.2,30.9,19770,"","","","","","","",38470,"","","",67705,"","","",4,56331,0.0,16.6,43.5,13.1,5.6,50.5,28.2,50.5,"","","","","",""
"A0007","Los Angeles","Cerritos","https://www.californiahealthmaps.org?address=A0007","Female","Urinary",143760,"","","",19180,"","","","","","","",38685,"","","",73225,"","","",4,56331,0.0,16.6,43.5,13.1,5.6,50.5,28.2,50.5,"","","","","",""
"A0007","Los Angeles","Cerritos","https://www.californiahealthmaps.org?address=A0007","Male","Kidney",137895,18.8,12.2,28.2,19770,"","","","","","","",38470,"","","",67705,20.4,10.9,36.6,4,56331,0.0,16.6,43.5,13.1,5.6,50.5,28.2,50.5,"","","","","",""
"A0007","Los Angeles","Cerritos","https://www.californiahealthmaps.org?address=A0007","Female","Kidney",143760,12.0,7.3,19.2,19180,"","","","","","","",38685,"","","",73225,"","","",4,56331,0.0,16.6,43.5,13.1,5.6,50.5,28.2,50.5,"","","","","",""
"A0007","Los Angeles","Cerritos","https://www.californiahealthmaps.org?address=A0007","Male","Thyroid",137895,"","","",19770,"","","","","","","",38470,"","","",67705,"","","",4,56331,0.0,16.6,43.5,13.1,5.6,50.5,28.2,50.5,"","","","","",""
"A0007","Los Angeles","Cerritos","https://www.californiahealthmaps.org?address=A0007","Female","Thyroid",143760,24.6,17.1,34.8,19180,"","","","","","","",38685,"","","",73225,24.2,14.4,40.8,4,56331,0.0,16.6,43.5,13.1,5.6,50.5,28.2,50.5,"","","","","",""
"A0007","Los Angeles","Cerritos","https://www.californiahealthmaps.org?address=A0007","Male","Liver",137895,13.9,8.6,22.0,19770,"","","","","","","",38470,"","","",67705,"","","",4,56331,0.0,16.6,43.5,13.1,5.6,50.5,28.2,50.5,"","","","","",""
"A0007","Los Angeles","Cerritos","https://www.californiahealthmaps.org?address=A0007","Female","Liver",143760,"","","",19180,"","","","","","","",38685,"","","",73225,"","","",4,56331,0.0,16.6,43.5,13.1,5.6,50.5,28.2,50.5,"","","","","",""
"A0007","Los Angeles","Cerritos","https://www.californiahealthmaps.org?address=A0007","Male","Pancreas",137895,18.3,11.7,28.0,19770,"","","","","","","",38470,"","","",67705,"","","",4,56331,0.0,16.6,43.5,13.1,5.6,50.5,28.2,50.5,"","","","","",""
"A0007","Los Angeles","Cerritos","https://www.californiahealthmaps.org?address=A0007","Female","Pancreas",143760,10.1,5.8,17.0,19180,"","","","","","","",38685,"","","",73225,"","","",4,56331,0.0,16.6,43.5,13.1,5.6,50.5,28.2,50.5,"","","","","",""
"A0007","Los Angeles","Cerritos","https://www.californiahealthmaps.org?address=A0007","Both","AllSite",281655,381.6,359.9,404.5,38950,453.6,401.9,516.0,17435,512.8,407.4,641.5,77155,381.2,333.4,434.6,140930,320.6,292.3,351.7,4,56331,0.0,16.6,43.5,13.1,5.6,50.5,28.2,50.5,"","","","","",""
"A0007","Los Angeles","Cerritos","https://www.californiahealthmaps.org?address=A0007","Both","Lung",281655,35.5,29.0,43.2,38950,38.8,26.2,65.4,17435,"","","",77155,27.9,15.8,46.3,140930,34.0,25.2,45.8,4,56331,0.0,16.6,43.5,13.1,5.6,50.5,28.2,50.5,"","","","","",""
"A0007","Los Angeles","Cerritos","https://www.californiahealthmaps.org?address=A0007","Both","CRC",281655,35.2,28.9,42.7,38950,39.3,24.9,67.9,17435,"","","",77155,38.5,24.5,58.5,140930,31.7,23.3,43.0,4,56331,0.0,16.6,43.5,13.1,5.6,50.5,28.2,50.5,"","","","","",""
"A0007","Los Angeles","Cerritos","https://www.californiahealthmaps.org?address=A0007","Both","Mela",281655,11.5,7.9,16.4,38950,35.2,22.3,62.4,17435,"","","",77155,"","","",140930,"","","",4,56331,0.0,16.6,43.5,13.1,5.6,50.5,28.2,50.5,"","","","","",""
"A0007","Los Angeles","Cerritos","https://www.californiahealthmaps.org?address=A0007","Both","Lymph",281655,17.1,12.7,22.7,38950,19.0,10.7,42.9,17435,"","","",77155,"","","",140930,15.8,10.0,24.9,4,56331,0.0,16.6,43.5,13.1,5.6,50.5,28.2,50.5,"","","","","",""
"A0007","Los Angeles","Cerritos","https://www.californiahealthmaps.org?address=A0007","Both","Urinary",281655,11.4,7.8,16.3,38950,20.1,10.5,45.3,17435,"","","",77155,"","","",140930,"","","",4,56331,0.0,16.6,43.5,13.1,5.6,50.5,28.2,50.5,"","","","","",""
"A0007","Los Angeles","Cerritos","https://www.californiahealthmaps.org?address=A0007","Both","Kidney",281655,15.1,11.1,20.4,38950,"","","",17435,"","","",77155,24.1,13.3,41.0,140930,12.1,7.3,20.1,4,56331,0.0,16.6,43.5,13.1,5.6,50.5,28.2,50.5,"","","","","",""
"A0007","Los Angeles","Cerritos","https://www.californiahealthmaps.org?address=A0007","Both","Thyroid",281655,16.5,12.0,22.3,38950,"","","",17435,"","","",77155,"","","",140930,16.9,10.8,26.3,4,56331,0.0,16.6,43.5,13.1,5.6,50.5,28.2,50.5,"","","","","",""
"A0007","Los Angeles","Cerritos","https://www.californiahealthmaps.org?address=A0007","Both","Liver",281655,7.9,5.2,11.8,38950,"","","",17435,"","","",77155,"","","",140930,"","","",4,56331,0.0,16.6,43.5,13.1,5.6,50.5,28.2,50.5,"","","","","",""
"A0007","Los Angeles","Cerritos","https://www.californiahealthmaps.org?address=A0007","Both","Pancreas",281655,13.9,10.0,19.2,38950,"","","",17435,"","","",77155,"","","",140930,13.3,7.8,22.3,4,56331,0.0,16.6,43.5,13.1,5.6,50.5,28.2,50.5,"","","","","",""
