"Zone","Counties","Cities","URL","Sex","Cancer","PopTot","AAIR","LCI","UCI","White_PopTot","White_AAIR","White_LCI","White_UCI","Black_PopTot","Black_AAIR","Black_LCI","Black_UCI","Hispanic_PopTot","Hispanic_AAIR","Hispanic_LCI","Hispanic_UCI","Asian_PopTot","Asian_AAIR","Asian_LCI","Asian_UCI","QNSES","PopAll","PerRural","PerUninsured","PerForeignBorn","PerWhite","PerBlack","PerAsian","PerHispanic"
"A0790","Ventura","Oxnard, Port Hueneme","https://www.californiahealthmaps.org?address=A0790","Male","AllSite",173380,488.7,452.7,527.0,54375,531.3,480.4,589.8,"","","","",100930,412.0,353.8,478.1,"","","","",3,68014,0.0,22.8,27.9,31.8,3.0,4.8,57.9
"A0790","Ventura","Oxnard, Port Hueneme","https://www.californiahealthmaps.org?address=A0790","Female","AllSite",166690,426.0,395.0,459.1,50430,449.2,401.7,504.9,"","","","",97440,354.4,308.4,406.5,"","","","",3,68014,0.0,22.8,27.9,31.8,3.0,4.8,57.9
"A0790","Ventura","Oxnard, Port Hueneme","https://www.californiahealthmaps.org?address=A0790","Male","Prostate",173380,115.1,98.2,134.3,54375,115.8,93.7,146.0,"","","","",100930,98.6,71.1,134.4,"","","","",3,68014,0.0,22.8,27.9,31.8,3.0,4.8,57.9
"A0790","Ventura","Oxnard, Port Hueneme","https://www.californiahealthmaps.org?address=A0790","Female","Breast",166690,140.2,122.6,159.9,50430,152.9,126.1,188.7,"","","","",97440,95.5,72.6,124.6,"","","","",3,68014,0.0,22.8,27.9,31.8,3.0,4.8,57.9
"A0790","Ventura","Oxnard, Port Hueneme","https://www.californiahealthmaps.org?address=A0790","Male","Lung",173380,43.9,33.3,57.0,54375,47.4,33.3,70.6,"","","","",100930,"","","","","","","",3,68014,0.0,22.8,27.9,31.8,3.0,4.8,57.9
"A0790","Ventura","Oxnard, Port Hueneme","https://www.californiahealthmaps.org?address=A0790","Female","Lung",166690,43.1,33.6,54.8,50430,57.2,42.2,82.1,"","","","",97440,"","","","","","","",3,68014,0.0,22.8,27.9,31.8,3.0,4.8,57.9
"A0790","Ventura","Oxnard, Port Hueneme","https://www.californiahealthmaps.org?address=A0790","Male","CRC",173380,45.3,34.7,58.3,54375,56.8,40.1,82.6,"","","","",100930,35.1,19.9,59.0,"","","","",3,68014,0.0,22.8,27.9,31.8,3.0,4.8,57.9
"A0790","Ventura","Oxnard, Port Hueneme","https://www.californiahealthmaps.org?address=A0790","Female","CRC",166690,34.4,26.0,44.9,50430,32.2,20.9,54.1,"","","","",97440,39.4,25.1,60.4,"","","","",3,68014,0.0,22.8,27.9,31.8,3.0,4.8,57.9
"A0790","Ventura","Oxnard, Port Hueneme","https://www.californiahealthmaps.org?address=A0790","Male","Mela",173380,41.8,31.8,54.3,54375,70.7,53.3,96.8,"","","","",100930,"","","","","","","",3,68014,0.0,22.8,27.9,31.8,3.0,4.8,57.9
"A0790","Ventura","Oxnard, Port Hueneme","https://www.californiahealthmaps.org?address=A0790","Female","Mela",166690,17.1,11.3,25.1,50430,25.6,14.6,48.0,"","","","",97440,"","","","","","","",3,68014,0.0,22.8,27.9,31.8,3.0,4.8,57.9
"A0790","Ventura","Oxnard, Port Hueneme","https://www.californiahealthmaps.org?address=A0790","Female","Uterine",166690,25.7,18.6,34.8,50430,21.4,13.0,41.2,"","","","",97440,23.7,13.6,40.3,"","","","",3,68014,0.0,22.8,27.9,31.8,3.0,4.8,57.9
"A0790","Ventura","Oxnard, Port Hueneme","https://www.californiahealthmaps.org?address=A0790","Male","Lymph",173380,23.0,15.6,33.0,54375,"","","","","","","",100930,"","","","","","","",3,68014,0.0,22.8,27.9,31.8,3.0,4.8,57.9
"A0790","Ventura","Oxnard, Port Hueneme","https://www.californiahealthmaps.org?address=A0790","Female","Lymph",166690,18.7,12.8,26.9,50430,19.5,11.6,39.0,"","","","",97440,"","","","","","","",3,68014,0.0,22.8,27.9,31.8,3.0,4.8,57.9
"A0790","Ventura","Oxnard, Port Hueneme","https://www.californiahealthmaps.org?address=A0790","Male","Urinary",173380,21.2,13.9,31.2,54375,28.2,17.5,48.5,"","","","",100930,"","","","","","","",3,68014,0.0,22.8,27.9,31.8,3.0,4.8,57.9
"A0790","Ventura","Oxnard, Port Hueneme","https://www.californiahealthmaps.org?address=A0790","Female","Urinary",166690,2.6,0.7,7.0,50430,"","","","","","","",97440,"","","","","","","",3,68014,0.0,22.8,27.9,31.8,3.0,4.8,57.9
"A0790","Ventura","Oxnard, Port Hueneme","https://www.californiahealthmaps.org?address=A0790","Male","Kidney",173380,24.4,17.0,34.2,54375,24.9,15.2,44.4,"","","","",100930,"","","","","","","",3,68014,0.0,22.8,27.9,31.8,3.0,4.8,57.9
"A0790","Ventura","Oxnard, Port Hueneme","https://www.californiahealthmaps.org?address=A0790","Female","Kidney",166690,13.6,8.4,21.0,50430,"","","","","","","",97440,"","","","","","","",3,68014,0.0,22.8,27.9,31.8,3.0,4.8,57.9
"A0790","Ventura","Oxnard, Port Hueneme","https://www.californiahealthmaps.org?address=A0790","Male","Thyroid",173380,6.7,3.2,12.6,54375,"","","","","","","",100930,"","","","","","","",3,68014,0.0,22.8,27.9,31.8,3.0,4.8,57.9
"A0790","Ventura","Oxnard, Port Hueneme","https://www.californiahealthmaps.org?address=A0790","Female","Thyroid",166690,22.0,15.2,30.9,50430,"","","","","","","",97440,26.9,16.6,43.3,"","","","",3,68014,0.0,22.8,27.9,31.8,3.0,4.8,57.9
"A0790","Ventura","Oxnard, Port Hueneme","https://www.californiahealthmaps.org?address=A0790","Both","AllSite",340070,451.6,428.2,476.1,104805,486.1,451.5,524.5,10890,577.6,439.2,751.5,198370,375.6,339.2,415.3,17315,443.0,354.8,551.4,3,68014,0.0,22.8,27.9,31.8,3.0,4.8,57.9
"A0790","Ventura","Oxnard, Port Hueneme","https://www.californiahealthmaps.org?address=A0790","Both","Lung",340070,43.5,36.3,51.7,104805,52.6,42.1,67.5,10890,"","","",198370,24.9,15.5,38.4,17315,"","","",3,68014,0.0,22.8,27.9,31.8,3.0,4.8,57.9
"A0790","Ventura","Oxnard, Port Hueneme","https://www.californiahealthmaps.org?address=A0790","Both","CRC",340070,39.2,32.5,47.0,104805,44.0,33.8,58.7,10890,"","","",198370,37.5,26.6,51.9,17315,"","","",3,68014,0.0,22.8,27.9,31.8,3.0,4.8,57.9
"A0790","Ventura","Oxnard, Port Hueneme","https://www.californiahealthmaps.org?address=A0790","Both","Mela",340070,28.2,22.6,34.9,104805,46.6,36.4,61.3,10890,"","","",198370,"","","",17315,"","","",3,68014,0.0,22.8,27.9,31.8,3.0,4.8,57.9
"A0790","Ventura","Oxnard, Port Hueneme","https://www.californiahealthmaps.org?address=A0790","Both","Lymph",340070,20.7,15.9,26.6,104805,19.8,13.4,31.1,10890,"","","",198370,20.4,12.7,31.7,17315,"","","",3,68014,0.0,22.8,27.9,31.8,3.0,4.8,57.9
"A0790","Ventura","Oxnard, Port Hueneme","https://www.californiahealthmaps.org?address=A0790","Both","Urinary",340070,10.7,7.3,15.3,104805,14.5,9.4,24.8,10890,"","","",198370,"","","",17315,"","","",3,68014,0.0,22.8,27.9,31.8,3.0,4.8,57.9
"A0790","Ventura","Oxnard, Port Hueneme","https://www.californiahealthmaps.org?address=A0790","Both","Kidney",340070,18.5,14.0,24.1,104805,18.0,12.2,28.7,10890,"","","",198370,16.5,9.4,27.4,17315,"","","",3,68014,0.0,22.8,27.9,31.8,3.0,4.8,57.9
"A0790","Ventura","Oxnard, Port Hueneme","https://www.californiahealthmaps.org?address=A0790","Both","Thyroid",340070,14.1,10.3,19.0,104805,11.8,6.4,22.6,10890,"","","",198370,17.2,11.0,26.8,17315,"","","",3,68014,0.0,22.8,27.9,31.8,3.0,4.8,57.9
