"Zone","Counties","Cities","URL","Sex","Cancer","PopTot","AAIR","LCI","UCI","White_PopTot","White_AAIR","White_LCI","White_UCI","Black_PopTot","Black_AAIR","Black_LCI","Black_UCI","Hispanic_PopTot","Hispanic_AAIR","Hispanic_LCI","Hispanic_UCI","Asian_PopTot","Asian_AAIR","Asian_LCI","Asian_UCI","QNSES","PopAll","PerRural","PerUninsured","PerForeignBorn","PerWhite","PerBlack","PerAsian","PerHispanic","PerAPI","PerDocvisit","PerFOBT","PerMammo","PerMenPrev","PerPap","PerWomenPrev"
"A0616","Santa Clara","Los Altos Hills, Palo Alto, Los Altos","https://www.californiahealthmaps.org?address=A0616","Male","AllSite",169590,480.8,449.4,514.2,111050,484.4,448.3,523.7,"","","","",10155,483.5,311.7,727.0,37215,449.7,369.6,543.1,5,67821,0.1,3.7,26.0,63.8,2.6,22.6,7.1,22.6,"","","","","",""
"A0616","Santa Clara","Los Altos Hills, Palo Alto, Los Altos","https://www.californiahealthmaps.org?address=A0616","Female","AllSite",169515,438.5,409.4,469.5,107770,447.4,412.0,486.0,"","","","",10370,382.6,249.4,566.4,39820,428.3,362.5,504.0,5,67821,0.1,3.7,26.0,63.8,2.6,22.6,7.1,22.6,"","","","","",""
"A0616","Santa Clara","Los Altos Hills, Palo Alto, Los Altos","https://www.californiahealthmaps.org?address=A0616","Male","Prostate",169590,120.8,105.6,138.0,111050,116.4,100.0,135.9,"","","","",10155,"","","",37215,123.1,81.8,178.7,5,67821,0.1,3.7,26.0,63.8,2.6,22.6,7.1,22.6,"","","","","",""
"A0616","Santa Clara","Los Altos Hills, Palo Alto, Los Altos","https://www.californiahealthmaps.org?address=A0616","Female","Breast",169515,163.1,145.3,182.9,107770,169.7,147.6,195.1,"","","","",10370,"","","",39820,158.3,119.9,206.8,5,67821,0.1,3.7,26.0,63.8,2.6,22.6,7.1,22.6,"","","","","",""
"A0616","Santa Clara","Los Altos Hills, Palo Alto, Los Altos","https://www.californiahealthmaps.org?address=A0616","Male","Lung",169590,31.6,24.2,41.3,111050,24.2,17.0,35.0,"","","","",10155,"","","",37215,71.0,40.9,115.7,5,67821,0.1,3.7,26.0,63.8,2.6,22.6,7.1,22.6,"","","","","",""
"A0616","Santa Clara","Los Altos Hills, Palo Alto, Los Altos","https://www.californiahealthmaps.org?address=A0616","Female","Lung",169515,38.5,30.9,48.1,107770,38.5,29.8,50.4,"","","","",10370,"","","",39820,"","","",5,67821,0.1,3.7,26.0,63.8,2.6,22.6,7.1,22.6,"","","","","",""
"A0616","Santa Clara","Los Altos Hills, Palo Alto, Los Altos","https://www.californiahealthmaps.org?address=A0616","Male","CRC",169590,33.6,25.8,43.7,111050,33.8,24.7,46.3,"","","","",10155,"","","",37215,"","","",5,67821,0.1,3.7,26.0,63.8,2.6,22.6,7.1,22.6,"","","","","",""
"A0616","Santa Clara","Los Altos Hills, Palo Alto, Los Altos","https://www.californiahealthmaps.org?address=A0616","Female","CRC",169515,21.7,15.9,29.5,107770,16.7,11.2,25.7,"","","","",10370,"","","",39820,"","","",5,67821,0.1,3.7,26.0,63.8,2.6,22.6,7.1,22.6,"","","","","",""
"A0616","Santa Clara","Los Altos Hills, Palo Alto, Los Altos","https://www.californiahealthmaps.org?address=A0616","Male","Mela",169590,62.4,51.3,75.6,111050,74.5,60.9,91.5,"","","","",10155,"","","",37215,"","","",5,67821,0.1,3.7,26.0,63.8,2.6,22.6,7.1,22.6,"","","","","",""
"A0616","Santa Clara","Los Altos Hills, Palo Alto, Los Altos","https://www.californiahealthmaps.org?address=A0616","Female","Mela",169515,43.2,34.3,54.2,107770,55.4,42.8,71.7,"","","","",10370,"","","",39820,"","","",5,67821,0.1,3.7,26.0,63.8,2.6,22.6,7.1,22.6,"","","","","",""
"A0616","Santa Clara","Los Altos Hills, Palo Alto, Los Altos","https://www.californiahealthmaps.org?address=A0616","Female","Uterine",169515,24.8,18.4,33.2,107770,24.1,16.9,34.9,"","","","",10370,"","","",39820,"","","",5,67821,0.1,3.7,26.0,63.8,2.6,22.6,7.1,22.6,"","","","","",""
"A0616","Santa Clara","Los Altos Hills, Palo Alto, Los Altos","https://www.californiahealthmaps.org?address=A0616","Male","Lymph",169590,34.5,26.4,44.9,111050,35.0,25.7,47.7,"","","","",10155,"","","",37215,"","","",5,67821,0.1,3.7,26.0,63.8,2.6,22.6,7.1,22.6,"","","","","",""
"A0616","Santa Clara","Los Altos Hills, Palo Alto, Los Altos","https://www.californiahealthmaps.org?address=A0616","Female","Lymph",169515,24.1,17.5,32.8,107770,23.2,15.5,34.7,"","","","",10370,"","","",39820,"","","",5,67821,0.1,3.7,26.0,63.8,2.6,22.6,7.1,22.6,"","","","","",""
"A0616","Santa Clara","Los Altos Hills, Palo Alto, Los Altos","https://www.californiahealthmaps.org?address=A0616","Male","Urinary",169590,14.7,9.7,21.9,111050,12.4,7.4,21.1,"","","","",10155,"","","",37215,"","","",5,67821,0.1,3.7,26.0,63.8,2.6,22.6,7.1,22.6,"","","","","",""
"A0616","Santa Clara","Los Altos Hills, Palo Alto, Los Altos","https://www.californiahealthmaps.org?address=A0616","Female","Urinary",169515,"","","",107770,"","","","","","","",10370,"","","",39820,"","","",5,67821,0.1,3.7,26.0,63.8,2.6,22.6,7.1,22.6,"","","","","",""
"A0616","Santa Clara","Los Altos Hills, Palo Alto, Los Altos","https://www.californiahealthmaps.org?address=A0616","Male","Kidney",169590,20.2,14.0,28.7,111050,20.2,13.0,31.1,"","","","",10155,"","","",37215,"","","",5,67821,0.1,3.7,26.0,63.8,2.6,22.6,7.1,22.6,"","","","","",""
"A0616","Santa Clara","Los Altos Hills, Palo Alto, Los Altos","https://www.californiahealthmaps.org?address=A0616","Female","Kidney",169515,6.3,3.4,11.4,107770,"","","","","","","",10370,"","","",39820,"","","",5,67821,0.1,3.7,26.0,63.8,2.6,22.6,7.1,22.6,"","","","","",""
"A0616","Santa Clara","Los Altos Hills, Palo Alto, Los Altos","https://www.californiahealthmaps.org?address=A0616","Male","Thyroid",169590,12.9,7.9,20.3,111050,12.1,6.7,21.7,"","","","",10155,"","","",37215,"","","",5,67821,0.1,3.7,26.0,63.8,2.6,22.6,7.1,22.6,"","","","","",""
"A0616","Santa Clara","Los Altos Hills, Palo Alto, Los Altos","https://www.californiahealthmaps.org?address=A0616","Female","Thyroid",169515,20.0,13.4,28.8,107770,17.1,9.5,29.1,"","","","",10370,"","","",39820,"","","",5,67821,0.1,3.7,26.0,63.8,2.6,22.6,7.1,22.6,"","","","","",""
"A0616","Santa Clara","Los Altos Hills, Palo Alto, Los Altos","https://www.californiahealthmaps.org?address=A0616","Male","Liver",169590,7.3,4.0,12.9,111050,"","","","","","","",10155,"","","",37215,"","","",5,67821,0.1,3.7,26.0,63.8,2.6,22.6,7.1,22.6,"","","","","",""
"A0616","Santa Clara","Los Altos Hills, Palo Alto, Los Altos","https://www.californiahealthmaps.org?address=A0616","Female","Liver",169515,"","","",107770,"","","","","","","",10370,"","","",39820,"","","",5,67821,0.1,3.7,26.0,63.8,2.6,22.6,7.1,22.6,"","","","","",""
"A0616","Santa Clara","Los Altos Hills, Palo Alto, Los Altos","https://www.californiahealthmaps.org?address=A0616","Male","Pancreas",169590,17.0,11.6,24.6,111050,15.4,9.7,24.8,"","","","",10155,"","","",37215,"","","",5,67821,0.1,3.7,26.0,63.8,2.6,22.6,7.1,22.6,"","","","","",""
"A0616","Santa Clara","Los Altos Hills, Palo Alto, Los Altos","https://www.californiahealthmaps.org?address=A0616","Female","Pancreas",169515,"","","",107770,"","","","","","","",10370,"","","",39820,"","","",5,67821,0.1,3.7,26.0,63.8,2.6,22.6,7.1,22.6,"","","","","",""
"A0616","Santa Clara","Los Altos Hills, Palo Alto, Los Altos","https://www.californiahealthmaps.org?address=A0616","Both","AllSite",339105,456.6,435.3,478.9,218820,462.2,437.0,489.0,"","","","",20525,412.3,307.2,545.6,77035,434.5,383.4,491.2,5,67821,0.1,3.7,26.0,63.8,2.6,22.6,7.1,22.6,"","","","","",""
"A0616","Santa Clara","Los Altos Hills, Palo Alto, Los Altos","https://www.californiahealthmaps.org?address=A0616","Both","Lung",339105,35.6,30.2,42.1,218820,32.1,26.3,39.5,"","","","",20525,"","","",77035,52.7,35.3,76.2,5,67821,0.1,3.7,26.0,63.8,2.6,22.6,7.1,22.6,"","","","","",""
"A0616","Santa Clara","Los Altos Hills, Palo Alto, Los Altos","https://www.californiahealthmaps.org?address=A0616","Both","CRC",339105,27.3,22.4,33.2,218820,24.9,19.6,32.0,"","","","",20525,"","","",77035,30.6,18.1,49.1,5,67821,0.1,3.7,26.0,63.8,2.6,22.6,7.1,22.6,"","","","","",""
"A0616","Santa Clara","Los Altos Hills, Palo Alto, Los Altos","https://www.californiahealthmaps.org?address=A0616","Both","Mela",339105,51.7,44.7,59.8,218820,63.6,54.4,74.6,"","","","",20525,"","","",77035,"","","",5,67821,0.1,3.7,26.0,63.8,2.6,22.6,7.1,22.6,"","","","","",""
"A0616","Santa Clara","Los Altos Hills, Palo Alto, Los Altos","https://www.californiahealthmaps.org?address=A0616","Both","Lymph",339105,28.8,23.6,35.1,218820,28.5,22.5,36.3,"","","","",20525,"","","",77035,34.9,21.6,54.1,5,67821,0.1,3.7,26.0,63.8,2.6,22.6,7.1,22.6,"","","","","",""
"A0616","Santa Clara","Los Altos Hills, Palo Alto, Los Altos","https://www.californiahealthmaps.org?address=A0616","Both","Urinary",339105,7.9,5.4,11.3,218820,6.9,4.4,11.3,"","","","",20525,"","","",77035,"","","",5,67821,0.1,3.7,26.0,63.8,2.6,22.6,7.1,22.6,"","","","","",""
"A0616","Santa Clara","Los Altos Hills, Palo Alto, Los Altos","https://www.californiahealthmaps.org?address=A0616","Both","Kidney",339105,13.0,9.6,17.5,218820,12.4,8.6,18.2,"","","","",20525,"","","",77035,"","","",5,67821,0.1,3.7,26.0,63.8,2.6,22.6,7.1,22.6,"","","","","",""
"A0616","Santa Clara","Los Altos Hills, Palo Alto, Los Altos","https://www.californiahealthmaps.org?address=A0616","Both","Thyroid",339105,16.7,12.4,22.1,218820,14.8,9.9,21.7,"","","","",20525,"","","",77035,22.4,13.2,37.2,5,67821,0.1,3.7,26.0,63.8,2.6,22.6,7.1,22.6,"","","","","",""
"A0616","Santa Clara","Los Altos Hills, Palo Alto, Los Altos","https://www.californiahealthmaps.org?address=A0616","Both","Liver",339105,5.3,3.4,8.4,218820,4.2,2.3,8.0,"","","","",20525,"","","",77035,"","","",5,67821,0.1,3.7,26.0,63.8,2.6,22.6,7.1,22.6,"","","","","",""
"A0616","Santa Clara","Los Altos Hills, Palo Alto, Los Altos","https://www.californiahealthmaps.org?address=A0616","Both","Pancreas",339105,10.3,7.5,14.2,218820,10.0,6.9,14.9,"","","","",20525,"","","",77035,"","","",5,67821,0.1,3.7,26.0,63.8,2.6,22.6,7.1,22.6,"","","","","",""
