"Zone","Counties","Cities","URL","Sex","Cancer","PopTot","AAIR","LCI","UCI","White_PopTot","White_AAIR","White_LCI","White_UCI","Black_PopTot","Black_AAIR","Black_LCI","Black_UCI","Hispanic_PopTot","Hispanic_AAIR","Hispanic_LCI","Hispanic_UCI","Asian_PopTot","Asian_AAIR","Asian_LCI","Asian_UCI","QNSES","PopAll","PerRural","PerUninsured","PerForeignBorn","PerWhite","PerBlack","PerAsian","PerHispanic"
"A0288","Los Angeles","Los Angeles","https://www.californiahealthmaps.org?address=A0288","Male","AllSite",148680,459.5,412.8,511.3,15195,487.6,383.3,618.4,33545,513.0,425.2,618.7,93380,427.8,359.0,509.0,"","","","",2,60679,0.0,27.2,33.1,10.0,26.2,2.7,59.1
"A0288","Los Angeles","Los Angeles","https://www.californiahealthmaps.org?address=A0288","Female","AllSite",154715,406.9,370.3,446.6,14370,534.7,428.3,667.7,41295,503.7,432.0,585.9,91465,307.3,260.4,361.9,"","","","",2,60679,0.0,27.2,33.1,10.0,26.2,2.7,59.1
"A0288","Los Angeles","Los Angeles","https://www.californiahealthmaps.org?address=A0288","Male","Prostate",148680,125.6,102.2,154.1,15195,"","","",33545,165.2,118.8,230.3,93380,113.0,78.3,161.0,"","","","",2,60679,0.0,27.2,33.1,10.0,26.2,2.7,59.1
"A0288","Los Angeles","Los Angeles","https://www.californiahealthmaps.org?address=A0288","Female","Breast",154715,113.0,94.8,134.3,14370,130.9,82.1,208.8,41295,163.8,125.1,213.1,91465,67.2,47.4,94.8,"","","","",2,60679,0.0,27.2,33.1,10.0,26.2,2.7,59.1
"A0288","Los Angeles","Los Angeles","https://www.californiahealthmaps.org?address=A0288","Male","Lung",148680,50.6,35.3,71.6,15195,"","","",33545,74.3,42.1,127.7,93380,"","","","","","","",2,60679,0.0,27.2,33.1,10.0,26.2,2.7,59.1
"A0288","Los Angeles","Los Angeles","https://www.californiahealthmaps.org?address=A0288","Female","Lung",154715,46.5,33.7,62.8,14370,"","","",41295,70.9,44.4,109.5,91465,"","","","","","","",2,60679,0.0,27.2,33.1,10.0,26.2,2.7,59.1
"A0288","Los Angeles","Los Angeles","https://www.californiahealthmaps.org?address=A0288","Male","CRC",148680,46.4,32.1,66.3,15195,"","","",33545,"","","",93380,58.6,33.6,98.1,"","","","",2,60679,0.0,27.2,33.1,10.0,26.2,2.7,59.1
"A0288","Los Angeles","Los Angeles","https://www.californiahealthmaps.org?address=A0288","Female","CRC",154715,46.7,34.5,62.4,14370,"","","",41295,74.5,47.8,113.0,91465,"","","","","","","",2,60679,0.0,27.2,33.1,10.0,26.2,2.7,59.1
"A0288","Los Angeles","Los Angeles","https://www.californiahealthmaps.org?address=A0288","Male","Mela",148680,9.3,3.6,21.2,15195,"","","",33545,"","","",93380,"","","","","","","",2,60679,0.0,27.2,33.1,10.0,26.2,2.7,59.1
"A0288","Los Angeles","Los Angeles","https://www.californiahealthmaps.org?address=A0288","Female","Mela",154715,5.9,2.4,13.1,14370,"","","",41295,"","","",91465,"","","","","","","",2,60679,0.0,27.2,33.1,10.0,26.2,2.7,59.1
"A0288","Los Angeles","Los Angeles","https://www.californiahealthmaps.org?address=A0288","Female","Uterine",154715,35.1,25.3,48.3,14370,"","","",41295,41.8,23.1,72.5,91465,32.1,19.1,53.5,"","","","",2,60679,0.0,27.2,33.1,10.0,26.2,2.7,59.1
"A0288","Los Angeles","Los Angeles","https://www.californiahealthmaps.org?address=A0288","Male","Lymph",148680,26.7,16.2,43.0,15195,"","","",33545,"","","",93380,"","","","","","","",2,60679,0.0,27.2,33.1,10.0,26.2,2.7,59.1
"A0288","Los Angeles","Los Angeles","https://www.californiahealthmaps.org?address=A0288","Female","Lymph",154715,15.9,9.5,25.9,14370,"","","",41295,"","","",91465,"","","","","","","",2,60679,0.0,27.2,33.1,10.0,26.2,2.7,59.1
"A0288","Los Angeles","Los Angeles","https://www.californiahealthmaps.org?address=A0288","Male","Urinary",148680,20.3,10.3,36.7,15195,"","","",33545,"","","",93380,"","","","","","","",2,60679,0.0,27.2,33.1,10.0,26.2,2.7,59.1
"A0288","Los Angeles","Los Angeles","https://www.californiahealthmaps.org?address=A0288","Female","Urinary",154715,8.5,3.4,17.7,14370,"","","",41295,"","","",91465,"","","","","","","",2,60679,0.0,27.2,33.1,10.0,26.2,2.7,59.1
"A0288","Los Angeles","Los Angeles","https://www.californiahealthmaps.org?address=A0288","Male","Kidney",148680,18.1,10.8,30.8,15195,"","","",33545,"","","",93380,"","","","","","","",2,60679,0.0,27.2,33.1,10.0,26.2,2.7,59.1
"A0288","Los Angeles","Los Angeles","https://www.californiahealthmaps.org?address=A0288","Female","Kidney",154715,5.7,2.4,12.6,14370,"","","",41295,"","","",91465,"","","","","","","",2,60679,0.0,27.2,33.1,10.0,26.2,2.7,59.1
"A0288","Los Angeles","Los Angeles","https://www.californiahealthmaps.org?address=A0288","Male","Thyroid",148680,6.4,2.1,17.2,15195,"","","",33545,"","","",93380,"","","","","","","",2,60679,0.0,27.2,33.1,10.0,26.2,2.7,59.1
"A0288","Los Angeles","Los Angeles","https://www.californiahealthmaps.org?address=A0288","Female","Thyroid",154715,16.5,10.7,25.4,14370,"","","",41295,"","","",91465,"","","","","","","",2,60679,0.0,27.2,33.1,10.0,26.2,2.7,59.1
"A0288","Los Angeles","Los Angeles","https://www.californiahealthmaps.org?address=A0288","Both","AllSite",303395,426.1,397.4,456.7,29565,496.5,423.5,581.9,74840,506.4,450.7,568.6,184845,356.3,316.5,400.7,"","","","",2,60679,0.0,27.2,33.1,10.0,26.2,2.7,59.1
"A0288","Los Angeles","Los Angeles","https://www.californiahealthmaps.org?address=A0288","Both","Lung",303395,47.6,37.8,59.4,29565,65.3,40.6,104.2,74840,71.5,50.6,99.6,184845,28.4,17.5,44.8,"","","","",2,60679,0.0,27.2,33.1,10.0,26.2,2.7,59.1
"A0288","Los Angeles","Los Angeles","https://www.californiahealthmaps.org?address=A0288","Both","CRC",303395,46.7,37.2,58.2,29565,"","","",74840,62.5,43.6,88.5,184845,41.1,27.4,60.2,"","","","",2,60679,0.0,27.2,33.1,10.0,26.2,2.7,59.1
"A0288","Los Angeles","Los Angeles","https://www.californiahealthmaps.org?address=A0288","Both","Mela",303395,7.1,3.9,12.3,29565,"","","",74840,"","","",184845,"","","","","","","",2,60679,0.0,27.2,33.1,10.0,26.2,2.7,59.1
"A0288","Los Angeles","Los Angeles","https://www.californiahealthmaps.org?address=A0288","Both","Lymph",303395,20.7,14.7,28.7,29565,"","","",74840,"","","",184845,18.5,10.8,31.4,"","","","",2,60679,0.0,27.2,33.1,10.0,26.2,2.7,59.1
"A0288","Los Angeles","Los Angeles","https://www.californiahealthmaps.org?address=A0288","Both","Urinary",303395,13.1,7.9,20.7,29565,"","","",74840,"","","",184845,"","","","","","","",2,60679,0.0,27.2,33.1,10.0,26.2,2.7,59.1
"A0288","Los Angeles","Los Angeles","https://www.californiahealthmaps.org?address=A0288","Both","Kidney",303395,11.5,7.5,17.3,29565,"","","",74840,"","","",184845,11.6,6.4,21.9,"","","","",2,60679,0.0,27.2,33.1,10.0,26.2,2.7,59.1
"A0288","Los Angeles","Los Angeles","https://www.californiahealthmaps.org?address=A0288","Both","Thyroid",303395,11.5,7.7,17.1,29565,"","","",74840,"","","",184845,"","","","","","","",2,60679,0.0,27.2,33.1,10.0,26.2,2.7,59.1
