"Zone","Counties","Cities","URL","Sex","Cancer","PopTot","AAIR","LCI","UCI","White_PopTot","White_AAIR","White_LCI","White_UCI","Black_PopTot","Black_AAIR","Black_LCI","Black_UCI","Hispanic_PopTot","Hispanic_AAIR","Hispanic_LCI","Hispanic_UCI","Asian_PopTot","Asian_AAIR","Asian_LCI","Asian_UCI","QNSES","PopAll","PerRural","PerUninsured","PerForeignBorn","PerWhite","PerBlack","PerAsian","PerHispanic","PerAPI","PerDocvisit","PerFOBT","PerMammo","PerMenPrev","PerPap","PerWomenPrev"
"A1053","Imperial","Calexico, El Centro","https://www.californiahealthmaps.org?address=A1053","Male","AllSite",212905,512.9,480.9,546.6,24455,452.3,387.2,531.5,"","","","",179235,546.2,507.3,587.5,"","","","",1,87852,12.5,24.4,37.4,11.7,0.6,1.5,84.5,1.5,"","","","","",""
"A1053","Imperial","Calexico, El Centro","https://www.californiahealthmaps.org?address=A1053","Female","AllSite",226355,362.0,337.3,388.1,22125,404.4,334.2,491.9,"","","","",195235,356.6,329.3,385.9,"","","","",1,87852,12.5,24.4,37.4,11.7,0.6,1.5,84.5,1.5,"","","","","",""
"A1053","Imperial","Calexico, El Centro","https://www.californiahealthmaps.org?address=A1053","Male","Prostate",212905,119.9,104.8,136.8,24455,71.0,48.8,109.3,"","","","",179235,136.1,116.9,157.8,"","","","",1,87852,12.5,24.4,37.4,11.7,0.6,1.5,84.5,1.5,"","","","","",""
"A1053","Imperial","Calexico, El Centro","https://www.californiahealthmaps.org?address=A1053","Female","Breast",226355,106.2,93.1,120.7,22125,107.9,74.0,160.8,"","","","",195235,107.0,92.4,123.3,"","","","",1,87852,12.5,24.4,37.4,11.7,0.6,1.5,84.5,1.5,"","","","","",""
"A1053","Imperial","Calexico, El Centro","https://www.californiahealthmaps.org?address=A1053","Male","Lung",212905,58.1,47.6,70.3,24455,80.2,55.8,120.7,"","","","",179235,49.9,38.5,63.9,"","","","",1,87852,12.5,24.4,37.4,11.7,0.6,1.5,84.5,1.5,"","","","","",""
"A1053","Imperial","Calexico, El Centro","https://www.californiahealthmaps.org?address=A1053","Female","Lung",226355,29.5,22.7,37.8,22125,65.7,43.9,106.7,"","","","",195235,21.1,14.7,29.5,"","","","",1,87852,12.5,24.4,37.4,11.7,0.6,1.5,84.5,1.5,"","","","","",""
"A1053","Imperial","Calexico, El Centro","https://www.californiahealthmaps.org?address=A1053","Male","CRC",212905,59.9,49.3,72.1,24455,51.6,31.8,88.6,"","","","",179235,66.0,53.0,81.5,"","","","",1,87852,12.5,24.4,37.4,11.7,0.6,1.5,84.5,1.5,"","","","","",""
"A1053","Imperial","Calexico, El Centro","https://www.californiahealthmaps.org?address=A1053","Female","CRC",226355,27.4,21.0,35.3,22125,"","","","","","","",195235,26.9,19.9,35.9,"","","","",1,87852,12.5,24.4,37.4,11.7,0.6,1.5,84.5,1.5,"","","","","",""
"A1053","Imperial","Calexico, El Centro","https://www.californiahealthmaps.org?address=A1053","Male","Mela",212905,8.6,4.9,14.2,24455,"","","","","","","",179235,"","","","","","","",1,87852,12.5,24.4,37.4,11.7,0.6,1.5,84.5,1.5,"","","","","",""
"A1053","Imperial","Calexico, El Centro","https://www.californiahealthmaps.org?address=A1053","Female","Mela",226355,"","","",22125,"","","","","","","",195235,"","","","","","","",1,87852,12.5,24.4,37.4,11.7,0.6,1.5,84.5,1.5,"","","","","",""
"A1053","Imperial","Calexico, El Centro","https://www.californiahealthmaps.org?address=A1053","Female","Uterine",226355,19.7,14.3,26.6,22125,"","","","","","","",195235,18.7,12.9,26.4,"","","","",1,87852,12.5,24.4,37.4,11.7,0.6,1.5,84.5,1.5,"","","","","",""
"A1053","Imperial","Calexico, El Centro","https://www.californiahealthmaps.org?address=A1053","Male","Lymph",212905,29.5,22.2,38.7,24455,"","","","","","","",179235,29.3,20.9,40.3,"","","","",1,87852,12.5,24.4,37.4,11.7,0.6,1.5,84.5,1.5,"","","","","",""
"A1053","Imperial","Calexico, El Centro","https://www.californiahealthmaps.org?address=A1053","Female","Lymph",226355,16.7,11.8,23.2,22125,"","","","","","","",195235,18.4,12.5,26.3,"","","","",1,87852,12.5,24.4,37.4,11.7,0.6,1.5,84.5,1.5,"","","","","",""
"A1053","Imperial","Calexico, El Centro","https://www.californiahealthmaps.org?address=A1053","Male","Urinary",212905,12.9,8.1,19.5,24455,"","","","","","","",179235,11.8,6.6,19.8,"","","","",1,87852,12.5,24.4,37.4,11.7,0.6,1.5,84.5,1.5,"","","","","",""
"A1053","Imperial","Calexico, El Centro","https://www.californiahealthmaps.org?address=A1053","Female","Urinary",226355,"","","",22125,"","","","","","","",195235,"","","","","","","",1,87852,12.5,24.4,37.4,11.7,0.6,1.5,84.5,1.5,"","","","","",""
"A1053","Imperial","Calexico, El Centro","https://www.californiahealthmaps.org?address=A1053","Male","Kidney",212905,32.8,25.2,42.2,24455,"","","","","","","",179235,38.6,29.1,50.6,"","","","",1,87852,12.5,24.4,37.4,11.7,0.6,1.5,84.5,1.5,"","","","","",""
"A1053","Imperial","Calexico, El Centro","https://www.californiahealthmaps.org?address=A1053","Female","Kidney",226355,15.2,10.4,21.7,22125,"","","","","","","",195235,16.3,10.7,23.8,"","","","",1,87852,12.5,24.4,37.4,11.7,0.6,1.5,84.5,1.5,"","","","","",""
"A1053","Imperial","Calexico, El Centro","https://www.californiahealthmaps.org?address=A1053","Male","Thyroid",212905,"","","",24455,"","","","","","","",179235,"","","","","","","",1,87852,12.5,24.4,37.4,11.7,0.6,1.5,84.5,1.5,"","","","","",""
"A1053","Imperial","Calexico, El Centro","https://www.californiahealthmaps.org?address=A1053","Female","Thyroid",226355,20.0,14.3,27.2,22125,"","","","","","","",195235,20.8,14.5,29.0,"","","","",1,87852,12.5,24.4,37.4,11.7,0.6,1.5,84.5,1.5,"","","","","",""
"A1053","Imperial","Calexico, El Centro","https://www.californiahealthmaps.org?address=A1053","Male","Liver",212905,29.1,22.1,37.9,24455,"","","","","","","",179235,36.6,27.4,48.3,"","","","",1,87852,12.5,24.4,37.4,11.7,0.6,1.5,84.5,1.5,"","","","","",""
"A1053","Imperial","Calexico, El Centro","https://www.californiahealthmaps.org?address=A1053","Female","Liver",226355,8.2,4.9,13.0,22125,"","","","","","","",195235,8.5,4.7,14.2,"","","","",1,87852,12.5,24.4,37.4,11.7,0.6,1.5,84.5,1.5,"","","","","",""
"A1053","Imperial","Calexico, El Centro","https://www.californiahealthmaps.org?address=A1053","Male","Pancreas",212905,16.3,11.0,23.5,24455,"","","","","","","",179235,17.0,10.7,25.9,"","","","",1,87852,12.5,24.4,37.4,11.7,0.6,1.5,84.5,1.5,"","","","","",""
"A1053","Imperial","Calexico, El Centro","https://www.californiahealthmaps.org?address=A1053","Female","Pancreas",226355,10.0,6.3,15.3,22125,"","","","","","","",195235,8.3,4.6,14.0,"","","","",1,87852,12.5,24.4,37.4,11.7,0.6,1.5,84.5,1.5,"","","","","",""
"A1053","Imperial","Calexico, El Centro","https://www.californiahealthmaps.org?address=A1053","Both","AllSite",439260,429.2,409.4,449.8,46580,427.5,379.7,482.4,"","","","",374470,438.1,415.1,462.1,"","","","",1,87852,12.5,24.4,37.4,11.7,0.6,1.5,84.5,1.5,"","","","","",""
"A1053","Imperial","Calexico, El Centro","https://www.californiahealthmaps.org?address=A1053","Both","Lung",439260,42.5,36.3,49.4,46580,73.5,56.6,97.8,"","","","",374470,33.7,27.4,41.1,"","","","",1,87852,12.5,24.4,37.4,11.7,0.6,1.5,84.5,1.5,"","","","","",""
"A1053","Imperial","Calexico, El Centro","https://www.californiahealthmaps.org?address=A1053","Both","CRC",439260,42.1,36.1,48.9,46580,43.3,28.6,66.4,"","","","",374470,44.0,36.9,52.1,"","","","",1,87852,12.5,24.4,37.4,11.7,0.6,1.5,84.5,1.5,"","","","","",""
"A1053","Imperial","Calexico, El Centro","https://www.californiahealthmaps.org?address=A1053","Both","Mela",439260,7.1,4.7,10.3,46580,"","","","","","","",374470,"","","","","","","",1,87852,12.5,24.4,37.4,11.7,0.6,1.5,84.5,1.5,"","","","","",""
"A1053","Imperial","Calexico, El Centro","https://www.californiahealthmaps.org?address=A1053","Both","Lymph",439260,22.5,18.1,27.7,46580,23.1,13.4,41.6,"","","","",374470,23.2,18.1,29.4,"","","","",1,87852,12.5,24.4,37.4,11.7,0.6,1.5,84.5,1.5,"","","","","",""
"A1053","Imperial","Calexico, El Centro","https://www.californiahealthmaps.org?address=A1053","Both","Urinary",439260,7.4,5.0,10.6,46580,"","","","","","","",374470,6.8,4.1,10.6,"","","","",1,87852,12.5,24.4,37.4,11.7,0.6,1.5,84.5,1.5,"","","","","",""
"A1053","Imperial","Calexico, El Centro","https://www.californiahealthmaps.org?address=A1053","Both","Kidney",439260,23.4,18.9,28.6,46580,"","","","","","","",374470,26.2,20.8,32.6,"","","","",1,87852,12.5,24.4,37.4,11.7,0.6,1.5,84.5,1.5,"","","","","",""
"A1053","Imperial","Calexico, El Centro","https://www.californiahealthmaps.org?address=A1053","Both","Thyroid",439260,13.2,9.9,17.4,46580,"","","","","","","",374470,13.8,10.0,18.7,"","","","",1,87852,12.5,24.4,37.4,11.7,0.6,1.5,84.5,1.5,"","","","","",""
"A1053","Imperial","Calexico, El Centro","https://www.californiahealthmaps.org?address=A1053","Both","Liver",439260,17.8,14.1,22.4,46580,"","","","","","","",374470,21.0,16.3,26.7,"","","","",1,87852,12.5,24.4,37.4,11.7,0.6,1.5,84.5,1.5,"","","","","",""
"A1053","Imperial","Calexico, El Centro","https://www.californiahealthmaps.org?address=A1053","Both","Pancreas",439260,12.9,9.7,17.0,46580,"","","","","","","",374470,12.2,8.6,16.9,"","","","",1,87852,12.5,24.4,37.4,11.7,0.6,1.5,84.5,1.5,"","","","","",""
