"Zone","Counties","Cities","URL","Sex","Cancer","PopTot","AAIR","LCI","UCI","White_PopTot","White_AAIR","White_LCI","White_UCI","Black_PopTot","Black_AAIR","Black_LCI","Black_UCI","Hispanic_PopTot","Hispanic_AAIR","Hispanic_LCI","Hispanic_UCI","Asian_PopTot","Asian_AAIR","Asian_LCI","Asian_UCI","QNSES","PopAll","PerRural","PerUninsured","PerForeignBorn","PerWhite","PerBlack","PerAsian","PerHispanic"
"A1015","Alameda","Fremont, Hayward, Pleasanton, Union City","https://www.californiahealthmaps.org?address=A1015","Male","AllSite",147465,511.5,472.9,552.8,54080,523.0,470.0,583.2,18715,497.5,383.5,640.5,36760,556.6,435.8,707.4,30245,477.1,392.4,576.9,4,60847,3.0,13.4,27.5,34.5,12.3,23.0,25.4
"A1015","Alameda","Fremont, Hayward, Pleasanton, Union City","https://www.californiahealthmaps.org?address=A1015","Female","AllSite",156770,402.7,372.5,435.0,55300,402.6,358.8,453.5,22375,412.0,322.2,524.3,37590,384.9,309.2,476.1,33515,425.4,358.1,503.4,4,60847,3.0,13.4,27.5,34.5,12.3,23.0,25.4
"A1015","Alameda","Fremont, Hayward, Pleasanton, Union City","https://www.californiahealthmaps.org?address=A1015","Male","Prostate",147465,108.5,91.8,127.9,54080,88.7,68.4,116.6,18715,179.9,120.7,267.2,36760,123.1,73.1,204.9,30245,102.5,65.7,155.4,4,60847,3.0,13.4,27.5,34.5,12.3,23.0,25.4
"A1015","Alameda","Fremont, Hayward, Pleasanton, Union City","https://www.californiahealthmaps.org?address=A1015","Female","Breast",156770,136.2,119.0,155.5,55300,138.8,112.9,172.4,22375,131.3,83.8,202.5,37590,125.9,84.9,182.9,33515,157.2,119.1,206.1,4,60847,3.0,13.4,27.5,34.5,12.3,23.0,25.4
"A1015","Alameda","Fremont, Hayward, Pleasanton, Union City","https://www.californiahealthmaps.org?address=A1015","Male","Lung",147465,54.8,42.2,70.3,54080,56.8,40.2,81.6,18715,"","","",36760,"","","",30245,77.2,44.1,127.7,4,60847,3.0,13.4,27.5,34.5,12.3,23.0,25.4
"A1015","Alameda","Fremont, Hayward, Pleasanton, Union City","https://www.californiahealthmaps.org?address=A1015","Female","Lung",156770,33.1,24.7,43.6,55300,27.4,17.7,45.9,22375,"","","",37590,"","","",33515,"","","",4,60847,3.0,13.4,27.5,34.5,12.3,23.0,25.4
"A1015","Alameda","Fremont, Hayward, Pleasanton, Union City","https://www.californiahealthmaps.org?address=A1015","Male","CRC",147465,48.2,37.0,62.1,54080,47.7,32.5,71.2,18715,"","","",36760,"","","",30245,56.6,31.7,97.7,4,60847,3.0,13.4,27.5,34.5,12.3,23.0,25.4
"A1015","Alameda","Fremont, Hayward, Pleasanton, Union City","https://www.californiahealthmaps.org?address=A1015","Female","CRC",156770,28.4,20.8,38.2,55300,21.3,12.7,39.2,22375,"","","",37590,"","","",33515,"","","",4,60847,3.0,13.4,27.5,34.5,12.3,23.0,25.4
"A1015","Alameda","Fremont, Hayward, Pleasanton, Union City","https://www.californiahealthmaps.org?address=A1015","Male","Mela",147465,24.7,16.8,35.5,54080,42.8,28.2,65.9,18715,"","","",36760,"","","",30245,"","","",4,60847,3.0,13.4,27.5,34.5,12.3,23.0,25.4
"A1015","Alameda","Fremont, Hayward, Pleasanton, Union City","https://www.californiahealthmaps.org?address=A1015","Female","Mela",156770,9.9,5.7,16.6,55300,"","","",22375,"","","",37590,"","","",33515,"","","",4,60847,3.0,13.4,27.5,34.5,12.3,23.0,25.4
"A1015","Alameda","Fremont, Hayward, Pleasanton, Union City","https://www.californiahealthmaps.org?address=A1015","Female","Uterine",156770,28.5,21.2,38.1,55300,27.2,17.2,46.0,22375,"","","",37590,"","","",33515,"","","",4,60847,3.0,13.4,27.5,34.5,12.3,23.0,25.4
"A1015","Alameda","Fremont, Hayward, Pleasanton, Union City","https://www.californiahealthmaps.org?address=A1015","Male","Lymph",147465,25.8,17.7,36.7,54080,23.2,13.6,41.7,18715,"","","",36760,"","","",30245,"","","",4,60847,3.0,13.4,27.5,34.5,12.3,23.0,25.4
"A1015","Alameda","Fremont, Hayward, Pleasanton, Union City","https://www.californiahealthmaps.org?address=A1015","Female","Lymph",156770,17.6,11.6,25.9,55300,"","","",22375,"","","",37590,"","","",33515,"","","",4,60847,3.0,13.4,27.5,34.5,12.3,23.0,25.4
"A1015","Alameda","Fremont, Hayward, Pleasanton, Union City","https://www.californiahealthmaps.org?address=A1015","Male","Urinary",147465,17.9,11.4,27.5,54080,26.0,15.5,45.3,18715,"","","",36760,"","","",30245,"","","",4,60847,3.0,13.4,27.5,34.5,12.3,23.0,25.4
"A1015","Alameda","Fremont, Hayward, Pleasanton, Union City","https://www.californiahealthmaps.org?address=A1015","Female","Urinary",156770,4.0,1.5,9.2,55300,"","","",22375,"","","",37590,"","","",33515,"","","",4,60847,3.0,13.4,27.5,34.5,12.3,23.0,25.4
"A1015","Alameda","Fremont, Hayward, Pleasanton, Union City","https://www.californiahealthmaps.org?address=A1015","Male","Kidney",147465,27.3,18.7,38.7,54080,28.6,17.0,49.3,18715,"","","",36760,"","","",30245,"","","",4,60847,3.0,13.4,27.5,34.5,12.3,23.0,25.4
"A1015","Alameda","Fremont, Hayward, Pleasanton, Union City","https://www.californiahealthmaps.org?address=A1015","Female","Kidney",156770,10.3,6.1,16.9,55300,"","","",22375,"","","",37590,"","","",33515,"","","",4,60847,3.0,13.4,27.5,34.5,12.3,23.0,25.4
"A1015","Alameda","Fremont, Hayward, Pleasanton, Union City","https://www.californiahealthmaps.org?address=A1015","Male","Thyroid",147465,7.6,3.8,14.4,54080,"","","",18715,"","","",36760,"","","",30245,"","","",4,60847,3.0,13.4,27.5,34.5,12.3,23.0,25.4
"A1015","Alameda","Fremont, Hayward, Pleasanton, Union City","https://www.californiahealthmaps.org?address=A1015","Female","Thyroid",156770,19.0,12.9,27.4,55300,28.6,17.2,49.3,22375,"","","",37590,"","","",33515,"","","",4,60847,3.0,13.4,27.5,34.5,12.3,23.0,25.4
"A1015","Alameda","Fremont, Hayward, Pleasanton, Union City","https://www.californiahealthmaps.org?address=A1015","Both","AllSite",304235,448.2,424.3,473.2,109380,454.1,420.3,491.4,41090,451.2,378.8,535.9,74350,441.2,377.1,514.6,63760,443.9,390.9,502.9,4,60847,3.0,13.4,27.5,34.5,12.3,23.0,25.4
"A1015","Alameda","Fremont, Hayward, Pleasanton, Union City","https://www.californiahealthmaps.org?address=A1015","Both","Lung",304235,42.2,34.9,50.7,109380,40.0,30.7,53.2,41090,47.1,25.0,83.6,74350,"","","",63760,52.3,34.2,77.2,4,60847,3.0,13.4,27.5,34.5,12.3,23.0,25.4
"A1015","Alameda","Fremont, Hayward, Pleasanton, Union City","https://www.californiahealthmaps.org?address=A1015","Both","CRC",304235,38.2,31.4,46.3,109380,35.2,26.2,48.3,41090,"","","",74350,56.5,34.0,89.7,63760,40.9,26.4,61.8,4,60847,3.0,13.4,27.5,34.5,12.3,23.0,25.4
"A1015","Alameda","Fremont, Hayward, Pleasanton, Union City","https://www.californiahealthmaps.org?address=A1015","Both","Mela",304235,16.1,11.9,21.7,109380,29.7,20.9,42.8,41090,"","","",74350,"","","",63760,"","","",4,60847,3.0,13.4,27.5,34.5,12.3,23.0,25.4
"A1015","Alameda","Fremont, Hayward, Pleasanton, Union City","https://www.californiahealthmaps.org?address=A1015","Both","Lymph",304235,21.1,16.1,27.4,109380,20.0,13.4,30.8,41090,"","","",74350,"","","",63760,"","","",4,60847,3.0,13.4,27.5,34.5,12.3,23.0,25.4
"A1015","Alameda","Fremont, Hayward, Pleasanton, Union City","https://www.californiahealthmaps.org?address=A1015","Both","Urinary",304235,10.1,6.8,14.7,109380,14.6,9.3,24.3,41090,"","","",74350,"","","",63760,"","","",4,60847,3.0,13.4,27.5,34.5,12.3,23.0,25.4
"A1015","Alameda","Fremont, Hayward, Pleasanton, Union City","https://www.californiahealthmaps.org?address=A1015","Both","Kidney",304235,17.9,13.3,23.7,109380,17.4,11.2,27.9,41090,"","","",74350,"","","",63760,"","","",4,60847,3.0,13.4,27.5,34.5,12.3,23.0,25.4
"A1015","Alameda","Fremont, Hayward, Pleasanton, Union City","https://www.californiahealthmaps.org?address=A1015","Both","Thyroid",304235,13.5,9.7,18.5,109380,15.5,9.6,25.8,41090,"","","",74350,"","","",63760,"","","",4,60847,3.0,13.4,27.5,34.5,12.3,23.0,25.4
