"Zone","Counties","Cities","URL","Sex","Cancer","PopTot","AAIR","LCI","UCI","White_PopTot","White_AAIR","White_LCI","White_UCI","Black_PopTot","Black_AAIR","Black_LCI","Black_UCI","Hispanic_PopTot","Hispanic_AAIR","Hispanic_LCI","Hispanic_UCI","Asian_PopTot","Asian_AAIR","Asian_LCI","Asian_UCI","QNSES","PopAll","PerRural","PerUninsured","PerForeignBorn","PerWhite","PerBlack","PerAsian","PerHispanic","PerAPI","PerDocvisit","PerFOBT","PerMammo","PerMenPrev","PerPap","PerWomenPrev"
"A1000","Alameda","San Leandro","https://www.californiahealthmaps.org?address=A1000","Male","AllSite",161600,439.4,406.7,474.3,43700,465.0,413.2,527.3,11725,671.6,485.6,925.8,59080,438.4,364.3,524.5,41505,383.6,321.1,457.2,3,66119,0.0,13.3,33.3,26.8,8.2,26.1,35.1,26.1,"","","","","",""
"A1000","Alameda","San Leandro","https://www.californiahealthmaps.org?address=A1000","Female","AllSite",168995,420.3,391.7,450.5,45670,402.2,356.9,458.3,13365,678.2,517.0,885.7,58945,468.1,402.4,542.4,44940,384.7,330.6,446.4,3,66119,0.0,13.3,33.3,26.8,8.2,26.1,35.1,26.1,"","","","","",""
"A1000","Alameda","San Leandro","https://www.californiahealthmaps.org?address=A1000","Male","Prostate",161600,91.1,76.8,107.6,43700,83.2,64.3,114.3,11725,258.9,149.6,441.7,59080,102.2,67.5,150.0,41505,71.2,46.6,107.4,3,66119,0.0,13.3,33.3,26.8,8.2,26.1,35.1,26.1,"","","","","",""
"A1000","Alameda","San Leandro","https://www.californiahealthmaps.org?address=A1000","Female","Breast",168995,123.6,108.4,140.7,45670,109.7,87.0,144.8,13365,172.3,99.7,294.3,58945,125.7,93.4,166.8,44940,128.7,99.3,165.6,3,66119,0.0,13.3,33.3,26.8,8.2,26.1,35.1,26.1,"","","","","",""
"A1000","Alameda","San Leandro","https://www.californiahealthmaps.org?address=A1000","Male","Lung",161600,54.2,42.9,67.8,43700,54.1,37.7,83.7,11725,"","","",59080,"","","",41505,78.1,50.1,118.5,3,66119,0.0,13.3,33.3,26.8,8.2,26.1,35.1,26.1,"","","","","",""
"A1000","Alameda","San Leandro","https://www.californiahealthmaps.org?address=A1000","Female","Lung",168995,54.9,44.9,66.6,45670,52.6,39.0,79.7,13365,167.9,85.6,305.7,58945,45.9,26.5,74.9,44940,47.9,29.4,75.0,3,66119,0.0,13.3,33.3,26.8,8.2,26.1,35.1,26.1,"","","","","",""
"A1000","Alameda","San Leandro","https://www.californiahealthmaps.org?address=A1000","Male","CRC",161600,47.0,36.7,59.7,43700,56.2,39.2,86.3,11725,"","","",59080,"","","",41505,36.4,19.9,65.1,3,66119,0.0,13.3,33.3,26.8,8.2,26.1,35.1,26.1,"","","","","",""
"A1000","Alameda","San Leandro","https://www.californiahealthmaps.org?address=A1000","Female","CRC",168995,38.8,30.6,48.7,45670,31.1,20.1,56.9,13365,"","","",58945,52.5,31.7,82.6,44940,40.7,24.5,65.2,3,66119,0.0,13.3,33.3,26.8,8.2,26.1,35.1,26.1,"","","","","",""
"A1000","Alameda","San Leandro","https://www.californiahealthmaps.org?address=A1000","Male","Mela",161600,13.3,8.3,20.7,43700,24.8,14.4,49.8,11725,"","","",59080,"","","",41505,"","","",3,66119,0.0,13.3,33.3,26.8,8.2,26.1,35.1,26.1,"","","","","",""
"A1000","Alameda","San Leandro","https://www.californiahealthmaps.org?address=A1000","Female","Mela",168995,8.4,4.7,14.2,45670,"","","",13365,"","","",58945,"","","",44940,"","","",3,66119,0.0,13.3,33.3,26.8,8.2,26.1,35.1,26.1,"","","","","",""
"A1000","Alameda","San Leandro","https://www.californiahealthmaps.org?address=A1000","Female","Uterine",168995,32.4,24.9,41.7,45670,29.2,18.7,54.6,13365,"","","",58945,43.8,25.6,71.2,44940,"","","",3,66119,0.0,13.3,33.3,26.8,8.2,26.1,35.1,26.1,"","","","","",""
"A1000","Alameda","San Leandro","https://www.californiahealthmaps.org?address=A1000","Male","Lymph",161600,26.2,18.6,36.0,43700,26.5,16.5,51.0,11725,"","","",59080,"","","",41505,"","","",3,66119,0.0,13.3,33.3,26.8,8.2,26.1,35.1,26.1,"","","","","",""
"A1000","Alameda","San Leandro","https://www.californiahealthmaps.org?address=A1000","Female","Lymph",168995,12.9,8.4,19.3,45670,"","","",13365,"","","",58945,"","","",44940,"","","",3,66119,0.0,13.3,33.3,26.8,8.2,26.1,35.1,26.1,"","","","","",""
"A1000","Alameda","San Leandro","https://www.californiahealthmaps.org?address=A1000","Male","Urinary",161600,18.8,12.4,27.7,43700,20.5,11.5,44.7,11725,"","","",59080,"","","",41505,"","","",3,66119,0.0,13.3,33.3,26.8,8.2,26.1,35.1,26.1,"","","","","",""
"A1000","Alameda","San Leandro","https://www.californiahealthmaps.org?address=A1000","Female","Urinary",168995,"","","",45670,"","","",13365,"","","",58945,"","","",44940,"","","",3,66119,0.0,13.3,33.3,26.8,8.2,26.1,35.1,26.1,"","","","","",""
"A1000","Alameda","San Leandro","https://www.californiahealthmaps.org?address=A1000","Male","Kidney",161600,16.3,10.6,24.4,43700,"","","",11725,"","","",59080,"","","",41505,"","","",3,66119,0.0,13.3,33.3,26.8,8.2,26.1,35.1,26.1,"","","","","",""
"A1000","Alameda","San Leandro","https://www.californiahealthmaps.org?address=A1000","Female","Kidney",168995,13.0,8.4,19.6,45670,"","","",13365,"","","",58945,"","","",44940,"","","",3,66119,0.0,13.3,33.3,26.8,8.2,26.1,35.1,26.1,"","","","","",""
"A1000","Alameda","San Leandro","https://www.californiahealthmaps.org?address=A1000","Male","Thyroid",161600,"","","",43700,"","","",11725,"","","",59080,"","","",41505,"","","",3,66119,0.0,13.3,33.3,26.8,8.2,26.1,35.1,26.1,"","","","","",""
"A1000","Alameda","San Leandro","https://www.californiahealthmaps.org?address=A1000","Female","Thyroid",168995,14.0,9.1,20.8,45670,"","","",13365,"","","",58945,"","","",44940,"","","",3,66119,0.0,13.3,33.3,26.8,8.2,26.1,35.1,26.1,"","","","","",""
"A1000","Alameda","San Leandro","https://www.californiahealthmaps.org?address=A1000","Male","Liver",161600,24.3,17.3,33.6,43700,22.5,13.2,46.6,11725,"","","",59080,"","","",41505,37.7,21.0,66.4,3,66119,0.0,13.3,33.3,26.8,8.2,26.1,35.1,26.1,"","","","","",""
"A1000","Alameda","San Leandro","https://www.californiahealthmaps.org?address=A1000","Female","Liver",168995,7.7,4.4,13.0,45670,"","","",13365,"","","",58945,"","","",44940,"","","",3,66119,0.0,13.3,33.3,26.8,8.2,26.1,35.1,26.1,"","","","","",""
"A1000","Alameda","San Leandro","https://www.californiahealthmaps.org?address=A1000","Male","Pancreas",161600,16.9,10.8,25.3,43700,"","","",11725,"","","",59080,"","","",41505,"","","",3,66119,0.0,13.3,33.3,26.8,8.2,26.1,35.1,26.1,"","","","","",""
"A1000","Alameda","San Leandro","https://www.californiahealthmaps.org?address=A1000","Female","Pancreas",168995,11.1,6.9,17.2,45670,"","","",13365,"","","",58945,"","","",44940,"","","",3,66119,0.0,13.3,33.3,26.8,8.2,26.1,35.1,26.1,"","","","","",""
"A1000","Alameda","San Leandro","https://www.californiahealthmaps.org?address=A1000","Both","AllSite",330595,425.8,404.4,448.1,89370,427.5,393.4,466.6,25090,668.3,546.0,815.3,118025,452.0,402.7,506.3,86445,381.3,340.5,426.3,3,66119,0.0,13.3,33.3,26.8,8.2,26.1,35.1,26.1,"","","","","",""
"A1000","Alameda","San Leandro","https://www.californiahealthmaps.org?address=A1000","Both","Lung",330595,54.5,46.9,63.0,89370,53.6,42.8,70.3,25090,114.7,63.1,196.2,118025,43.8,28.8,64.4,86445,60.3,44.1,81.0,3,66119,0.0,13.3,33.3,26.8,8.2,26.1,35.1,26.1,"","","","","",""
"A1000","Alameda","San Leandro","https://www.californiahealthmaps.org?address=A1000","Both","CRC",330595,42.6,36.0,50.0,89370,43.1,33.0,59.4,25090,86.4,45.0,156.7,118025,43.7,28.9,64.1,86445,39.0,26.9,55.6,3,66119,0.0,13.3,33.3,26.8,8.2,26.1,35.1,26.1,"","","","","",""
"A1000","Alameda","San Leandro","https://www.californiahealthmaps.org?address=A1000","Both","Mela",330595,10.5,7.3,14.6,89370,19.2,12.5,32.7,25090,"","","",118025,"","","",86445,"","","",3,66119,0.0,13.3,33.3,26.8,8.2,26.1,35.1,26.1,"","","","","",""
"A1000","Alameda","San Leandro","https://www.californiahealthmaps.org?address=A1000","Both","Lymph",330595,18.7,14.4,24.0,89370,18.4,12.7,30.9,25090,"","","",118025,"","","",86445,"","","",3,66119,0.0,13.3,33.3,26.8,8.2,26.1,35.1,26.1,"","","","","",""
"A1000","Alameda","San Leandro","https://www.californiahealthmaps.org?address=A1000","Both","Urinary",330595,9.1,6.2,13.0,89370,10.7,6.4,22.4,25090,"","","",118025,"","","",86445,"","","",3,66119,0.0,13.3,33.3,26.8,8.2,26.1,35.1,26.1,"","","","","",""
"A1000","Alameda","San Leandro","https://www.californiahealthmaps.org?address=A1000","Both","Kidney",330595,14.4,10.7,19.1,89370,14.0,8.9,26.2,25090,"","","",118025,20.0,11.0,34.5,86445,"","","",3,66119,0.0,13.3,33.3,26.8,8.2,26.1,35.1,26.1,"","","","","",""
"A1000","Alameda","San Leandro","https://www.californiahealthmaps.org?address=A1000","Both","Thyroid",330595,9.7,6.7,13.7,89370,"","","",25090,"","","",118025,"","","",86445,"","","",3,66119,0.0,13.3,33.3,26.8,8.2,26.1,35.1,26.1,"","","","","",""
"A1000","Alameda","San Leandro","https://www.californiahealthmaps.org?address=A1000","Both","Liver",330595,15.3,11.5,20.0,89370,12.9,8.1,24.9,25090,"","","",118025,"","","",86445,23.0,13.9,36.5,3,66119,0.0,13.3,33.3,26.8,8.2,26.1,35.1,26.1,"","","","","",""
"A1000","Alameda","San Leandro","https://www.californiahealthmaps.org?address=A1000","Both","Pancreas",330595,13.6,9.9,18.2,89370,"","","",25090,"","","",118025,"","","",86445,"","","",3,66119,0.0,13.3,33.3,26.8,8.2,26.1,35.1,26.1,"","","","","",""
