"Zone","Counties","Cities","URL","Sex","Cancer","PopTot","AAIR","LCI","UCI","White_PopTot","White_AAIR","White_LCI","White_UCI","Black_PopTot","Black_AAIR","Black_LCI","Black_UCI","Hispanic_PopTot","Hispanic_AAIR","Hispanic_LCI","Hispanic_UCI","Asian_PopTot","Asian_AAIR","Asian_LCI","Asian_UCI","QNSES","PopAll","PerRural","PerUninsured","PerForeignBorn","PerWhite","PerBlack","PerAsian","PerHispanic","PerAPI","PerDocvisit","PerFOBT","PerMammo","PerMenPrev","PerPap","PerWomenPrev"
"B0236","Mendocino","Ukiah","https://www.californiahealthmaps.org?address=B0236","Male","AllSite",219915,485.7,458.3,514.5,148630,492.3,461.9,524.9,"","","","",51850,426.1,331.0,545.9,"","","","",2,87841,51.6,18.8,12.1,68.5,0.7,2.0,22.2,2.0,"","","","","",""
"B0236","Mendocino","Ukiah","https://www.californiahealthmaps.org?address=B0236","Female","AllSite",219290,412.1,387.6,438.0,152615,410.7,383.1,440.5,"","","","",45675,449.7,355.0,568.3,"","","","",2,87841,51.6,18.8,12.1,68.5,0.7,2.0,22.2,2.0,"","","","","",""
"B0236","Mendocino","Ukiah","https://www.californiahealthmaps.org?address=B0236","Male","Prostate",219915,97.9,86.1,111.0,148630,95.4,82.9,110.0,"","","","",51850,105.1,59.0,179.2,"","","","",2,87841,51.6,18.8,12.1,68.5,0.7,2.0,22.2,2.0,"","","","","",""
"B0236","Mendocino","Ukiah","https://www.californiahealthmaps.org?address=B0236","Female","Breast",219290,113.4,100.9,127.2,152615,114.7,100.9,130.8,"","","","",45675,110.9,67.4,180.3,"","","","",2,87841,51.6,18.8,12.1,68.5,0.7,2.0,22.2,2.0,"","","","","",""
"B0236","Mendocino","Ukiah","https://www.californiahealthmaps.org?address=B0236","Male","Lung",219915,61.4,51.9,72.3,148630,62.1,51.9,74.6,"","","","",51850,"","","","","","","",2,87841,51.6,18.8,12.1,68.5,0.7,2.0,22.2,2.0,"","","","","",""
"B0236","Mendocino","Ukiah","https://www.californiahealthmaps.org?address=B0236","Female","Lung",219290,47.3,39.6,56.5,152615,50.7,42.0,61.7,"","","","",45675,"","","","","","","",2,87841,51.6,18.8,12.1,68.5,0.7,2.0,22.2,2.0,"","","","","",""
"B0236","Mendocino","Ukiah","https://www.californiahealthmaps.org?address=B0236","Male","CRC",219915,40.8,33.2,50.0,148630,42.0,33.5,52.9,"","","","",51850,"","","","","","","",2,87841,51.6,18.8,12.1,68.5,0.7,2.0,22.2,2.0,"","","","","",""
"B0236","Mendocino","Ukiah","https://www.californiahealthmaps.org?address=B0236","Female","CRC",219290,35.0,28.0,43.5,152615,31.0,23.8,40.8,"","","","",45675,"","","","","","","",2,87841,51.6,18.8,12.1,68.5,0.7,2.0,22.2,2.0,"","","","","",""
"B0236","Mendocino","Ukiah","https://www.californiahealthmaps.org?address=B0236","Male","Mela",219915,33.4,26.6,41.8,148630,34.7,27.2,44.7,"","","","",51850,"","","","","","","",2,87841,51.6,18.8,12.1,68.5,0.7,2.0,22.2,2.0,"","","","","",""
"B0236","Mendocino","Ukiah","https://www.californiahealthmaps.org?address=B0236","Female","Mela",219290,27.5,21.0,35.7,152615,31.9,23.5,43.1,"","","","",45675,"","","","","","","",2,87841,51.6,18.8,12.1,68.5,0.7,2.0,22.2,2.0,"","","","","",""
"B0236","Mendocino","Ukiah","https://www.californiahealthmaps.org?address=B0236","Female","Uterine",219290,27.2,21.4,34.4,152615,27.0,20.7,35.7,"","","","",45675,"","","","","","","",2,87841,51.6,18.8,12.1,68.5,0.7,2.0,22.2,2.0,"","","","","",""
"B0236","Mendocino","Ukiah","https://www.californiahealthmaps.org?address=B0236","Male","Lymph",219915,26.5,20.4,34.2,148630,26.9,20.2,36.1,"","","","",51850,"","","","","","","",2,87841,51.6,18.8,12.1,68.5,0.7,2.0,22.2,2.0,"","","","","",""
"B0236","Mendocino","Ukiah","https://www.californiahealthmaps.org?address=B0236","Female","Lymph",219290,17.3,12.5,23.8,152615,16.4,11.1,24.4,"","","","",45675,"","","","","","","",2,87841,51.6,18.8,12.1,68.5,0.7,2.0,22.2,2.0,"","","","","",""
"B0236","Mendocino","Ukiah","https://www.californiahealthmaps.org?address=B0236","Male","Urinary",219915,23.0,17.1,30.4,148630,25.6,19.0,34.7,"","","","",51850,"","","","","","","",2,87841,51.6,18.8,12.1,68.5,0.7,2.0,22.2,2.0,"","","","","",""
"B0236","Mendocino","Ukiah","https://www.californiahealthmaps.org?address=B0236","Female","Urinary",219290,5.8,3.4,9.8,152615,6.1,3.5,11.6,"","","","",45675,"","","","","","","",2,87841,51.6,18.8,12.1,68.5,0.7,2.0,22.2,2.0,"","","","","",""
"B0236","Mendocino","Ukiah","https://www.californiahealthmaps.org?address=B0236","Male","Kidney",219915,27.2,21.2,34.8,148630,26.7,20.1,35.8,"","","","",51850,"","","","","","","",2,87841,51.6,18.8,12.1,68.5,0.7,2.0,22.2,2.0,"","","","","",""
"B0236","Mendocino","Ukiah","https://www.californiahealthmaps.org?address=B0236","Female","Kidney",219290,10.1,6.6,15.2,152615,8.9,5.5,15.1,"","","","",45675,"","","","","","","",2,87841,51.6,18.8,12.1,68.5,0.7,2.0,22.2,2.0,"","","","","",""
"B0236","Mendocino","Ukiah","https://www.californiahealthmaps.org?address=B0236","Male","Thyroid",219915,"","","",148630,"","","","","","","",51850,"","","","","","","",2,87841,51.6,18.8,12.1,68.5,0.7,2.0,22.2,2.0,"","","","","",""
"B0236","Mendocino","Ukiah","https://www.californiahealthmaps.org?address=B0236","Female","Thyroid",219290,16.6,11.5,23.4,152615,13.4,7.9,22.0,"","","","",45675,"","","","","","","",2,87841,51.6,18.8,12.1,68.5,0.7,2.0,22.2,2.0,"","","","","",""
"B0236","Mendocino","Ukiah","https://www.californiahealthmaps.org?address=B0236","Male","Liver",219915,16.6,12.2,22.4,148630,14.7,10.3,21.6,"","","","",51850,"","","","","","","",2,87841,51.6,18.8,12.1,68.5,0.7,2.0,22.2,2.0,"","","","","",""
"B0236","Mendocino","Ukiah","https://www.californiahealthmaps.org?address=B0236","Female","Liver",219290,5.5,3.1,9.6,152615,"","","","","","","",45675,"","","","","","","",2,87841,51.6,18.8,12.1,68.5,0.7,2.0,22.2,2.0,"","","","","",""
"B0236","Mendocino","Ukiah","https://www.californiahealthmaps.org?address=B0236","Male","Pancreas",219915,13.3,9.1,19.0,148630,13.9,9.3,21.0,"","","","",51850,"","","","","","","",2,87841,51.6,18.8,12.1,68.5,0.7,2.0,22.2,2.0,"","","","","",""
"B0236","Mendocino","Ukiah","https://www.californiahealthmaps.org?address=B0236","Female","Pancreas",219290,13.5,9.4,19.2,152615,14.3,9.4,21.9,"","","","",45675,"","","","","","","",2,87841,51.6,18.8,12.1,68.5,0.7,2.0,22.2,2.0,"","","","","",""
"B0236","Mendocino","Ukiah","https://www.californiahealthmaps.org?address=B0236","Both","AllSite",439205,442.6,424.5,461.4,301245,445.3,425.1,466.7,"","","","",97525,424.8,359.4,500.9,"","","","",2,87841,51.6,18.8,12.1,68.5,0.7,2.0,22.2,2.0,"","","","","",""
"B0236","Mendocino","Ukiah","https://www.californiahealthmaps.org?address=B0236","Both","Lung",439205,53.0,47.0,59.7,301245,55.1,48.5,62.8,"","","","",97525,"","","","","","","",2,87841,51.6,18.8,12.1,68.5,0.7,2.0,22.2,2.0,"","","","","",""
"B0236","Mendocino","Ukiah","https://www.californiahealthmaps.org?address=B0236","Both","CRC",439205,37.5,32.3,43.4,301245,36.1,30.5,42.8,"","","","",97525,39.1,22.6,67.1,"","","","",2,87841,51.6,18.8,12.1,68.5,0.7,2.0,22.2,2.0,"","","","","",""
"B0236","Mendocino","Ukiah","https://www.californiahealthmaps.org?address=B0236","Both","Mela",439205,30.1,25.4,35.5,301245,32.9,27.2,39.8,"","","","",97525,"","","","","","","",2,87841,51.6,18.8,12.1,68.5,0.7,2.0,22.2,2.0,"","","","","",""
"B0236","Mendocino","Ukiah","https://www.californiahealthmaps.org?address=B0236","Both","Lymph",439205,21.3,17.4,25.9,301245,20.9,16.7,26.3,"","","","",97525,"","","","","","","",2,87841,51.6,18.8,12.1,68.5,0.7,2.0,22.2,2.0,"","","","","",""
"B0236","Mendocino","Ukiah","https://www.californiahealthmaps.org?address=B0236","Both","Urinary",439205,13.5,10.5,17.3,301245,14.9,11.5,19.4,"","","","",97525,"","","","","","","",2,87841,51.6,18.8,12.1,68.5,0.7,2.0,22.2,2.0,"","","","","",""
"B0236","Mendocino","Ukiah","https://www.californiahealthmaps.org?address=B0236","Both","Kidney",439205,18.3,14.8,22.5,301245,17.5,13.7,22.4,"","","","",97525,"","","","","","","",2,87841,51.6,18.8,12.1,68.5,0.7,2.0,22.2,2.0,"","","","","",""
"B0236","Mendocino","Ukiah","https://www.californiahealthmaps.org?address=B0236","Both","Thyroid",439205,9.8,7.1,13.2,301245,8.4,5.4,12.8,"","","","",97525,"","","","","","","",2,87841,51.6,18.8,12.1,68.5,0.7,2.0,22.2,2.0,"","","","","",""
"B0236","Mendocino","Ukiah","https://www.californiahealthmaps.org?address=B0236","Both","Liver",439205,10.8,8.3,14.1,301245,9.3,6.8,13.0,"","","","",97525,"","","","","","","",2,87841,51.6,18.8,12.1,68.5,0.7,2.0,22.2,2.0,"","","","","",""
"B0236","Mendocino","Ukiah","https://www.californiahealthmaps.org?address=B0236","Both","Pancreas",439205,13.2,10.3,16.9,301245,13.7,10.4,18.3,"","","","",97525,"","","","","","","",2,87841,51.6,18.8,12.1,68.5,0.7,2.0,22.2,2.0,"","","","","",""
