"Zone","Counties","Cities","URL","Sex","Cancer","PopTot","AAIR","LCI","UCI","White_PopTot","White_AAIR","White_LCI","White_UCI","Black_PopTot","Black_AAIR","Black_LCI","Black_UCI","Hispanic_PopTot","Hispanic_AAIR","Hispanic_LCI","Hispanic_UCI","Asian_PopTot","Asian_AAIR","Asian_LCI","Asian_UCI","QNSES","PopAll","PerRural","PerUninsured","PerForeignBorn","PerWhite","PerBlack","PerAsian","PerHispanic"
"A0359","Los Angeles","Long Beach","https://www.californiahealthmaps.org?address=A0359","Male","AllSite",150605,429.5,384.5,479.3,19750,430.6,354.6,528.0,23130,571.2,428.9,777.1,87075,375.6,304.6,467.3,17350,386.4,269.9,547.7,2,61929,0.0,24.5,29.7,12.2,17.8,10.8,56.3
"A0359","Los Angeles","Long Beach","https://www.californiahealthmaps.org?address=A0359","Female","AllSite",159040,396.8,360.5,436.5,20745,438.0,364.9,532.5,27570,439.1,331.4,581.5,87440,361.9,305.2,428.6,19505,384.2,297.0,495.0,2,61929,0.0,24.5,29.7,12.2,17.8,10.8,56.3
"A0359","Los Angeles","Long Beach","https://www.californiahealthmaps.org?address=A0359","Male","Prostate",150605,92.4,72.7,116.9,19750,65.6,39.8,116.9,23130,183.2,111.4,326.7,87075,88.7,56.2,144.8,17350,"","","",2,61929,0.0,24.5,29.7,12.2,17.8,10.8,56.3
"A0359","Los Angeles","Long Beach","https://www.californiahealthmaps.org?address=A0359","Female","Breast",159040,114.4,95.7,136.5,20745,137.5,97.8,201.3,27570,122.6,72.1,210.2,87440,86.3,62.8,119.6,19505,117.2,72.3,187.0,2,61929,0.0,24.5,29.7,12.2,17.8,10.8,56.3
"A0359","Los Angeles","Long Beach","https://www.californiahealthmaps.org?address=A0359","Male","Lung",150605,70.2,51.3,94.5,19750,77.0,46.8,132.8,23130,"","","",87075,"","","",17350,"","","",2,61929,0.0,24.5,29.7,12.2,17.8,10.8,56.3
"A0359","Los Angeles","Long Beach","https://www.californiahealthmaps.org?address=A0359","Female","Lung",159040,42.5,30.3,58.5,20745,60.2,35.0,112.4,27570,"","","",87440,"","","",19505,"","","",2,61929,0.0,24.5,29.7,12.2,17.8,10.8,56.3
"A0359","Los Angeles","Long Beach","https://www.californiahealthmaps.org?address=A0359","Male","CRC",150605,45.3,32.3,63.1,19750,"","","",23130,"","","",87075,52.9,31.2,99.0,17350,"","","",2,61929,0.0,24.5,29.7,12.2,17.8,10.8,56.3
"A0359","Los Angeles","Long Beach","https://www.californiahealthmaps.org?address=A0359","Female","CRC",159040,47.0,34.5,63.1,20745,56.4,33.6,106.0,27570,"","","",87440,36.6,19.0,66.3,19505,"","","",2,61929,0.0,24.5,29.7,12.2,17.8,10.8,56.3
"A0359","Los Angeles","Long Beach","https://www.californiahealthmaps.org?address=A0359","Male","Mela",150605,11.3,4.8,23.8,19750,"","","",23130,"","","",87075,"","","",17350,"","","",2,61929,0.0,24.5,29.7,12.2,17.8,10.8,56.3
"A0359","Los Angeles","Long Beach","https://www.californiahealthmaps.org?address=A0359","Female","Mela",159040,3.6,1.1,10.4,20745,"","","",27570,"","","",87440,"","","",19505,"","","",2,61929,0.0,24.5,29.7,12.2,17.8,10.8,56.3
"A0359","Los Angeles","Long Beach","https://www.californiahealthmaps.org?address=A0359","Female","Uterine",159040,35.9,25.6,49.9,20745,"","","",27570,"","","",87440,"","","",19505,"","","",2,61929,0.0,24.5,29.7,12.2,17.8,10.8,56.3
"A0359","Los Angeles","Long Beach","https://www.californiahealthmaps.org?address=A0359","Male","Lymph",150605,19.6,11.4,33.1,19750,"","","",23130,"","","",87075,"","","",17350,"","","",2,61929,0.0,24.5,29.7,12.2,17.8,10.8,56.3
"A0359","Los Angeles","Long Beach","https://www.californiahealthmaps.org?address=A0359","Female","Lymph",159040,15.2,8.4,26.0,20745,"","","",27570,"","","",87440,"","","",19505,"","","",2,61929,0.0,24.5,29.7,12.2,17.8,10.8,56.3
"A0359","Los Angeles","Long Beach","https://www.californiahealthmaps.org?address=A0359","Male","Urinary",150605,29.3,17.8,46.6,19750,"","","",23130,"","","",87075,"","","",17350,"","","",2,61929,0.0,24.5,29.7,12.2,17.8,10.8,56.3
"A0359","Los Angeles","Long Beach","https://www.californiahealthmaps.org?address=A0359","Female","Urinary",159040,1.7,0.2,8.0,20745,"","","",27570,"","","",87440,"","","",19505,"","","",2,61929,0.0,24.5,29.7,12.2,17.8,10.8,56.3
"A0359","Los Angeles","Long Beach","https://www.californiahealthmaps.org?address=A0359","Male","Kidney",150605,14.0,8.0,25.0,19750,"","","",23130,"","","",87075,"","","",17350,"","","",2,61929,0.0,24.5,29.7,12.2,17.8,10.8,56.3
"A0359","Los Angeles","Long Beach","https://www.californiahealthmaps.org?address=A0359","Female","Kidney",159040,12.2,6.6,21.7,20745,"","","",27570,"","","",87440,"","","",19505,"","","",2,61929,0.0,24.5,29.7,12.2,17.8,10.8,56.3
"A0359","Los Angeles","Long Beach","https://www.californiahealthmaps.org?address=A0359","Male","Thyroid",150605,3.1,1.0,11.3,19750,"","","",23130,"","","",87075,"","","",17350,"","","",2,61929,0.0,24.5,29.7,12.2,17.8,10.8,56.3
"A0359","Los Angeles","Long Beach","https://www.californiahealthmaps.org?address=A0359","Female","Thyroid",159040,14.8,9.1,24.0,20745,"","","",27570,"","","",87440,"","","",19505,"","","",2,61929,0.0,24.5,29.7,12.2,17.8,10.8,56.3
"A0359","Los Angeles","Long Beach","https://www.californiahealthmaps.org?address=A0359","Both","AllSite",309645,409.3,380.9,439.5,40495,429.4,376.9,491.8,50700,501.5,413.2,607.9,174515,365.1,320.4,416.1,36855,372.2,304.1,454.0,2,61929,0.0,24.5,29.7,12.2,17.8,10.8,56.3
"A0359","Los Angeles","Long Beach","https://www.californiahealthmaps.org?address=A0359","Both","Lung",309645,54.1,43.3,67.1,40495,66.1,46.5,97.3,50700,109.8,66.0,175.5,174515,29.0,16.3,49.5,36855,58.3,32.0,100.7,2,61929,0.0,24.5,29.7,12.2,17.8,10.8,56.3
"A0359","Los Angeles","Long Beach","https://www.californiahealthmaps.org?address=A0359","Both","CRC",309645,47.8,38.3,59.4,40495,52.9,35.8,81.8,50700,"","","",174515,44.3,29.9,65.7,36855,"","","",2,61929,0.0,24.5,29.7,12.2,17.8,10.8,56.3
"A0359","Los Angeles","Long Beach","https://www.californiahealthmaps.org?address=A0359","Both","Mela",309645,6.8,3.5,12.4,40495,"","","",50700,"","","",174515,"","","",36855,"","","",2,61929,0.0,24.5,29.7,12.2,17.8,10.8,56.3
"A0359","Los Angeles","Long Beach","https://www.californiahealthmaps.org?address=A0359","Both","Lymph",309645,17.3,11.8,25.0,40495,"","","",50700,"","","",174515,19.7,10.1,37.0,36855,"","","",2,61929,0.0,24.5,29.7,12.2,17.8,10.8,56.3
"A0359","Los Angeles","Long Beach","https://www.californiahealthmaps.org?address=A0359","Both","Urinary",309645,13.2,8.3,20.3,40495,"","","",50700,"","","",174515,"","","",36855,"","","",2,61929,0.0,24.5,29.7,12.2,17.8,10.8,56.3
"A0359","Los Angeles","Long Beach","https://www.californiahealthmaps.org?address=A0359","Both","Kidney",309645,13.3,8.9,19.6,40495,"","","",50700,"","","",174515,"","","",36855,"","","",2,61929,0.0,24.5,29.7,12.2,17.8,10.8,56.3
"A0359","Los Angeles","Long Beach","https://www.californiahealthmaps.org?address=A0359","Both","Thyroid",309645,9.3,6.0,14.6,40495,"","","",50700,"","","",174515,"","","",36855,"","","",2,61929,0.0,24.5,29.7,12.2,17.8,10.8,56.3
