"Zone","Counties","Cities","URL","Sex","Cancer","PopTot","AAIR","LCI","UCI","White_PopTot","White_AAIR","White_LCI","White_UCI","Black_PopTot","Black_AAIR","Black_LCI","Black_UCI","Hispanic_PopTot","Hispanic_AAIR","Hispanic_LCI","Hispanic_UCI","Asian_PopTot","Asian_AAIR","Asian_LCI","Asian_UCI","QNSES","PopAll","PerRural","PerUninsured","PerForeignBorn","PerWhite","PerBlack","PerAsian","PerHispanic","PerAPI","PerDocvisit","PerFOBT","PerMammo","PerMenPrev","PerPap","PerWomenPrev"
"A1005","Santa Barbara","Santa Maria","https://www.californiahealthmaps.org?address=A1005","Male","AllSite",173765,529.5,498.1,562.8,96545,512.7,476.1,552.7,"","","","",60820,497.9,420.7,588.8,"","","","",4,70900,10.6,13.9,13.2,59.0,1.3,4.8,32.4,4.8,"","","","","",""
"A1005","Santa Barbara","Santa Maria","https://www.californiahealthmaps.org?address=A1005","Female","AllSite",180735,423.1,396.3,451.7,103240,403.8,371.4,439.5,"","","","",60420,466.9,399.6,543.8,"","","","",4,70900,10.6,13.9,13.2,59.0,1.3,4.8,32.4,4.8,"","","","","",""
"A1005","Santa Barbara","Santa Maria","https://www.californiahealthmaps.org?address=A1005","Male","Prostate",173765,125.4,110.6,142.1,96545,108.0,92.5,127.0,"","","","",60820,113.7,79.3,162.3,"","","","",4,70900,10.6,13.9,13.2,59.0,1.3,4.8,32.4,4.8,"","","","","",""
"A1005","Santa Barbara","Santa Maria","https://www.californiahealthmaps.org?address=A1005","Female","Breast",180735,147.9,131.8,165.7,103240,143.7,124.1,166.9,"","","","",60420,148.3,112.5,193.6,"","","","",4,70900,10.6,13.9,13.2,59.0,1.3,4.8,32.4,4.8,"","","","","",""
"A1005","Santa Barbara","Santa Maria","https://www.californiahealthmaps.org?address=A1005","Male","Lung",173765,59.5,49.3,71.6,96545,65.9,53.6,81.8,"","","","",60820,"","","","","","","",4,70900,10.6,13.9,13.2,59.0,1.3,4.8,32.4,4.8,"","","","","",""
"A1005","Santa Barbara","Santa Maria","https://www.californiahealthmaps.org?address=A1005","Female","Lung",180735,32.7,26.0,41.1,103240,32.5,25.0,43.6,"","","","",60420,"","","","","","","",4,70900,10.6,13.9,13.2,59.0,1.3,4.8,32.4,4.8,"","","","","",""
"A1005","Santa Barbara","Santa Maria","https://www.californiahealthmaps.org?address=A1005","Male","CRC",173765,43.0,34.3,53.6,96545,40.3,30.7,53.6,"","","","",60820,53.2,29.8,92.3,"","","","",4,70900,10.6,13.9,13.2,59.0,1.3,4.8,32.4,4.8,"","","","","",""
"A1005","Santa Barbara","Santa Maria","https://www.californiahealthmaps.org?address=A1005","Female","CRC",180735,33.5,26.4,42.4,103240,29.3,21.3,41.1,"","","","",60420,43.2,23.5,74.1,"","","","",4,70900,10.6,13.9,13.2,59.0,1.3,4.8,32.4,4.8,"","","","","",""
"A1005","Santa Barbara","Santa Maria","https://www.californiahealthmaps.org?address=A1005","Male","Mela",173765,45.9,37.0,56.7,96545,49.2,38.2,64.1,"","","","",60820,"","","","","","","",4,70900,10.6,13.9,13.2,59.0,1.3,4.8,32.4,4.8,"","","","","",""
"A1005","Santa Barbara","Santa Maria","https://www.californiahealthmaps.org?address=A1005","Female","Mela",180735,22.3,16.3,30.2,103240,23.2,15.0,35.5,"","","","",60420,"","","","","","","",4,70900,10.6,13.9,13.2,59.0,1.3,4.8,32.4,4.8,"","","","","",""
"A1005","Santa Barbara","Santa Maria","https://www.californiahealthmaps.org?address=A1005","Female","Uterine",180735,21.9,16.2,29.5,103240,24.3,17.1,35.3,"","","","",60420,"","","","","","","",4,70900,10.6,13.9,13.2,59.0,1.3,4.8,32.4,4.8,"","","","","",""
"A1005","Santa Barbara","Santa Maria","https://www.californiahealthmaps.org?address=A1005","Male","Lymph",173765,26.2,19.6,34.8,96545,26.4,18.5,38.5,"","","","",60820,"","","","","","","",4,70900,10.6,13.9,13.2,59.0,1.3,4.8,32.4,4.8,"","","","","",""
"A1005","Santa Barbara","Santa Maria","https://www.californiahealthmaps.org?address=A1005","Female","Lymph",180735,10.4,6.8,15.9,103240,8.2,4.6,16.1,"","","","",60420,"","","","","","","",4,70900,10.6,13.9,13.2,59.0,1.3,4.8,32.4,4.8,"","","","","",""
"A1005","Santa Barbara","Santa Maria","https://www.californiahealthmaps.org?address=A1005","Male","Urinary",173765,19.3,13.8,26.9,96545,21.5,15.0,32.0,"","","","",60820,"","","","","","","",4,70900,10.6,13.9,13.2,59.0,1.3,4.8,32.4,4.8,"","","","","",""
"A1005","Santa Barbara","Santa Maria","https://www.californiahealthmaps.org?address=A1005","Female","Urinary",180735,4.8,2.7,9.0,103240,"","","","","","","",60420,"","","","","","","",4,70900,10.6,13.9,13.2,59.0,1.3,4.8,32.4,4.8,"","","","","",""
"A1005","Santa Barbara","Santa Maria","https://www.californiahealthmaps.org?address=A1005","Male","Kidney",173765,26.3,19.7,35.0,96545,24.4,17.0,35.8,"","","","",60820,"","","","","","","",4,70900,10.6,13.9,13.2,59.0,1.3,4.8,32.4,4.8,"","","","","",""
"A1005","Santa Barbara","Santa Maria","https://www.californiahealthmaps.org?address=A1005","Female","Kidney",180735,10.8,6.8,16.7,103240,12.2,7.1,21.6,"","","","",60420,"","","","","","","",4,70900,10.6,13.9,13.2,59.0,1.3,4.8,32.4,4.8,"","","","","",""
"A1005","Santa Barbara","Santa Maria","https://www.californiahealthmaps.org?address=A1005","Male","Thyroid",173765,"","","",96545,"","","","","","","",60820,"","","","","","","",4,70900,10.6,13.9,13.2,59.0,1.3,4.8,32.4,4.8,"","","","","",""
"A1005","Santa Barbara","Santa Maria","https://www.californiahealthmaps.org?address=A1005","Female","Thyroid",180735,24.2,17.4,33.1,103240,19.5,11.5,32.1,"","","","",60420,34.0,19.8,57.9,"","","","",4,70900,10.6,13.9,13.2,59.0,1.3,4.8,32.4,4.8,"","","","","",""
"A1005","Santa Barbara","Santa Maria","https://www.californiahealthmaps.org?address=A1005","Male","Liver",173765,13.1,8.6,19.7,96545,"","","","","","","",60820,"","","","","","","",4,70900,10.6,13.9,13.2,59.0,1.3,4.8,32.4,4.8,"","","","","",""
"A1005","Santa Barbara","Santa Maria","https://www.californiahealthmaps.org?address=A1005","Female","Liver",180735,"","","",103240,"","","","","","","",60420,"","","","","","","",4,70900,10.6,13.9,13.2,59.0,1.3,4.8,32.4,4.8,"","","","","",""
"A1005","Santa Barbara","Santa Maria","https://www.californiahealthmaps.org?address=A1005","Male","Pancreas",173765,13.8,9.2,20.5,96545,14.6,9.2,24.2,"","","","",60820,"","","","","","","",4,70900,10.6,13.9,13.2,59.0,1.3,4.8,32.4,4.8,"","","","","",""
"A1005","Santa Barbara","Santa Maria","https://www.californiahealthmaps.org?address=A1005","Female","Pancreas",180735,11.9,8.1,17.5,103240,11.1,7.0,19.3,"","","","",60420,"","","","","","","",4,70900,10.6,13.9,13.2,59.0,1.3,4.8,32.4,4.8,"","","","","",""
"A1005","Santa Barbara","Santa Maria","https://www.californiahealthmaps.org?address=A1005","Both","AllSite",354500,467.2,446.9,488.4,199785,449.1,424.9,474.9,"","","","",121240,481.3,429.9,538.0,17405,427.2,342.1,536.5,4,70900,10.6,13.9,13.2,59.0,1.3,4.8,32.4,4.8,"","","","","",""
"A1005","Santa Barbara","Santa Maria","https://www.californiahealthmaps.org?address=A1005","Both","Lung",354500,44.5,38.6,51.3,199785,47.3,40.3,56.0,"","","","",121240,29.8,17.6,48.2,17405,"","","",4,70900,10.6,13.9,13.2,59.0,1.3,4.8,32.4,4.8,"","","","","",""
"A1005","Santa Barbara","Santa Maria","https://www.californiahealthmaps.org?address=A1005","Both","CRC",354500,37.8,32.2,44.3,199785,34.3,28.0,42.4,"","","","",121240,48.0,32.2,69.6,17405,"","","",4,70900,10.6,13.9,13.2,59.0,1.3,4.8,32.4,4.8,"","","","","",""
"A1005","Santa Barbara","Santa Maria","https://www.californiahealthmaps.org?address=A1005","Both","Mela",354500,31.9,26.8,38.0,199785,33.9,27.2,42.5,"","","","",121240,"","","",17405,"","","",4,70900,10.6,13.9,13.2,59.0,1.3,4.8,32.4,4.8,"","","","","",""
"A1005","Santa Barbara","Santa Maria","https://www.californiahealthmaps.org?address=A1005","Both","Lymph",354500,17.6,13.9,22.2,199785,16.6,12.3,22.8,"","","","",121240,"","","",17405,"","","",4,70900,10.6,13.9,13.2,59.0,1.3,4.8,32.4,4.8,"","","","","",""
"A1005","Santa Barbara","Santa Maria","https://www.californiahealthmaps.org?address=A1005","Both","Urinary",354500,11.2,8.4,14.9,199785,11.9,8.7,16.9,"","","","",121240,"","","",17405,"","","",4,70900,10.6,13.9,13.2,59.0,1.3,4.8,32.4,4.8,"","","","","",""
"A1005","Santa Barbara","Santa Maria","https://www.californiahealthmaps.org?address=A1005","Both","Kidney",354500,17.9,14.1,22.7,199785,17.7,13.2,24.0,"","","","",121240,21.2,11.5,37.0,17405,"","","",4,70900,10.6,13.9,13.2,59.0,1.3,4.8,32.4,4.8,"","","","","",""
"A1005","Santa Barbara","Santa Maria","https://www.californiahealthmaps.org?address=A1005","Both","Thyroid",354500,14.9,11.1,19.9,199785,13.2,8.3,20.3,"","","","",121240,22.0,13.5,36.0,17405,"","","",4,70900,10.6,13.9,13.2,59.0,1.3,4.8,32.4,4.8,"","","","","",""
"A1005","Santa Barbara","Santa Maria","https://www.californiahealthmaps.org?address=A1005","Both","Liver",354500,8.8,6.2,12.3,199785,5.0,2.9,9.2,"","","","",121240,24.5,13.9,41.1,17405,"","","",4,70900,10.6,13.9,13.2,59.0,1.3,4.8,32.4,4.8,"","","","","",""
"A1005","Santa Barbara","Santa Maria","https://www.californiahealthmaps.org?address=A1005","Both","Pancreas",354500,13.1,10.0,17.1,199785,12.9,9.4,18.3,"","","","",121240,"","","",17405,"","","",4,70900,10.6,13.9,13.2,59.0,1.3,4.8,32.4,4.8,"","","","","",""
