"Zone","Counties","Cities","URL","Sex","Cancer","PopTot","AAIR","LCI","UCI","White_PopTot","White_AAIR","White_LCI","White_UCI","Black_PopTot","Black_AAIR","Black_LCI","Black_UCI","Hispanic_PopTot","Hispanic_AAIR","Hispanic_LCI","Hispanic_UCI","Asian_PopTot","Asian_AAIR","Asian_LCI","Asian_UCI","QNSES","PopAll","PerRural","PerUninsured","PerForeignBorn","PerWhite","PerBlack","PerAsian","PerHispanic","PerAPI","PerDocvisit","PerFOBT","PerMammo","PerMenPrev","PerPap","PerWomenPrev"
"A0639","Los Angeles","El Monte","https://www.californiahealthmaps.org?address=A0639","Male","AllSite",156830,346.5,316.3,378.8,"","","","","","","","",83865,386.1,331.4,448.4,63170,306.1,267.2,350.4,1,63086,0.0,28.6,55.0,5.0,0.5,40.8,52.4,40.8,"","","","","",""
"A0639","Los Angeles","El Monte","https://www.californiahealthmaps.org?address=A0639","Female","AllSite",158600,321.4,294.8,350.0,"","","","","","","","",82770,337.0,292.3,387.3,66170,317.1,279.6,359.5,1,63086,0.0,28.6,55.0,5.0,0.5,40.8,52.4,40.8,"","","","","",""
"A0639","Los Angeles","El Monte","https://www.californiahealthmaps.org?address=A0639","Male","Prostate",156830,60.4,48.2,74.8,"","","","","","","","",83865,100.2,73.6,134.5,63170,30.6,19.3,47.7,1,63086,0.0,28.6,55.0,5.0,0.5,40.8,52.4,40.8,"","","","","",""
"A0639","Los Angeles","El Monte","https://www.californiahealthmaps.org?address=A0639","Female","Breast",158600,90.7,76.7,106.6,"","","","","","","","",82770,95.8,73.0,124.2,66170,84.5,65.7,108.7,1,63086,0.0,28.6,55.0,5.0,0.5,40.8,52.4,40.8,"","","","","",""
"A0639","Los Angeles","El Monte","https://www.californiahealthmaps.org?address=A0639","Male","Lung",156830,47.2,36.3,60.4,"","","","","","","","",83865,"","","",63170,59.7,43.2,81.7,1,63086,0.0,28.6,55.0,5.0,0.5,40.8,52.4,40.8,"","","","","",""
"A0639","Los Angeles","El Monte","https://www.californiahealthmaps.org?address=A0639","Female","Lung",158600,26.5,19.3,35.7,"","","","","","","","",82770,"","","",66170,28.4,18.1,44.4,1,63086,0.0,28.6,55.0,5.0,0.5,40.8,52.4,40.8,"","","","","",""
"A0639","Los Angeles","El Monte","https://www.californiahealthmaps.org?address=A0639","Male","CRC",156830,53.9,42.5,67.7,"","","","","","","","",83865,54.3,35.5,81.0,63170,55.7,39.7,77.4,1,63086,0.0,28.6,55.0,5.0,0.5,40.8,52.4,40.8,"","","","","",""
"A0639","Los Angeles","El Monte","https://www.californiahealthmaps.org?address=A0639","Female","CRC",158600,46.7,37.0,58.5,"","","","","","","","",82770,44.0,28.9,64.9,66170,49.3,35.4,68.5,1,63086,0.0,28.6,55.0,5.0,0.5,40.8,52.4,40.8,"","","","","",""
"A0639","Los Angeles","El Monte","https://www.californiahealthmaps.org?address=A0639","Male","Mela",156830,"","","","","","","","","","","",83865,"","","",63170,"","","",1,63086,0.0,28.6,55.0,5.0,0.5,40.8,52.4,40.8,"","","","","",""
"A0639","Los Angeles","El Monte","https://www.californiahealthmaps.org?address=A0639","Female","Mela",158600,"","","","","","","","","","","",82770,"","","",66170,"","","",1,63086,0.0,28.6,55.0,5.0,0.5,40.8,52.4,40.8,"","","","","",""
"A0639","Los Angeles","El Monte","https://www.californiahealthmaps.org?address=A0639","Female","Uterine",158600,20.7,14.4,29.0,"","","","","","","","",82770,"","","",66170,20.6,11.9,35.3,1,63086,0.0,28.6,55.0,5.0,0.5,40.8,52.4,40.8,"","","","","",""
"A0639","Los Angeles","El Monte","https://www.californiahealthmaps.org?address=A0639","Male","Lymph",156830,18.8,12.4,27.4,"","","","","","","","",83865,"","","",63170,"","","",1,63086,0.0,28.6,55.0,5.0,0.5,40.8,52.4,40.8,"","","","","",""
"A0639","Los Angeles","El Monte","https://www.californiahealthmaps.org?address=A0639","Female","Lymph",158600,11.2,6.8,17.6,"","","","","","","","",82770,"","","",66170,"","","",1,63086,0.0,28.6,55.0,5.0,0.5,40.8,52.4,40.8,"","","","","",""
"A0639","Los Angeles","El Monte","https://www.californiahealthmaps.org?address=A0639","Male","Urinary",156830,17.2,11.0,25.9,"","","","","","","","",83865,"","","",63170,"","","",1,63086,0.0,28.6,55.0,5.0,0.5,40.8,52.4,40.8,"","","","","",""
"A0639","Los Angeles","El Monte","https://www.californiahealthmaps.org?address=A0639","Female","Urinary",158600,"","","","","","","","","","","",82770,"","","",66170,"","","",1,63086,0.0,28.6,55.0,5.0,0.5,40.8,52.4,40.8,"","","","","",""
"A0639","Los Angeles","El Monte","https://www.californiahealthmaps.org?address=A0639","Male","Kidney",156830,11.7,6.8,19.1,"","","","","","","","",83865,"","","",63170,"","","",1,63086,0.0,28.6,55.0,5.0,0.5,40.8,52.4,40.8,"","","","","",""
"A0639","Los Angeles","El Monte","https://www.californiahealthmaps.org?address=A0639","Female","Kidney",158600,10.2,6.0,16.5,"","","","","","","","",82770,"","","",66170,"","","",1,63086,0.0,28.6,55.0,5.0,0.5,40.8,52.4,40.8,"","","","","",""
"A0639","Los Angeles","El Monte","https://www.californiahealthmaps.org?address=A0639","Male","Thyroid",156830,"","","","","","","","","","","",83865,"","","",63170,"","","",1,63086,0.0,28.6,55.0,5.0,0.5,40.8,52.4,40.8,"","","","","",""
"A0639","Los Angeles","El Monte","https://www.californiahealthmaps.org?address=A0639","Female","Thyroid",158600,14.4,9.1,21.8,"","","","","","","","",82770,"","","",66170,"","","",1,63086,0.0,28.6,55.0,5.0,0.5,40.8,52.4,40.8,"","","","","",""
"A0639","Los Angeles","El Monte","https://www.californiahealthmaps.org?address=A0639","Male","Liver",156830,30.2,21.8,40.9,"","","","","","","","",83865,33.1,18.1,56.7,63170,34.6,22.5,52.4,1,63086,0.0,28.6,55.0,5.0,0.5,40.8,52.4,40.8,"","","","","",""
"A0639","Los Angeles","El Monte","https://www.californiahealthmaps.org?address=A0639","Female","Liver",158600,12.5,7.7,19.4,"","","","","","","","",82770,"","","",66170,"","","",1,63086,0.0,28.6,55.0,5.0,0.5,40.8,52.4,40.8,"","","","","",""
"A0639","Los Angeles","El Monte","https://www.californiahealthmaps.org?address=A0639","Male","Pancreas",156830,"","","","","","","","","","","",83865,"","","",63170,"","","",1,63086,0.0,28.6,55.0,5.0,0.5,40.8,52.4,40.8,"","","","","",""
"A0639","Los Angeles","El Monte","https://www.californiahealthmaps.org?address=A0639","Female","Pancreas",158600,"","","","","","","","","","","",82770,"","","",66170,"","","",1,63086,0.0,28.6,55.0,5.0,0.5,40.8,52.4,40.8,"","","","","",""
"A0639","Los Angeles","El Monte","https://www.californiahealthmaps.org?address=A0639","Both","AllSite",315430,330.4,310.5,351.3,15825,366.8,294.7,473.6,"","","","",166635,356.1,321.4,394.0,129340,309.6,282.5,339.1,1,63086,0.0,28.6,55.0,5.0,0.5,40.8,52.4,40.8,"","","","","",""
"A0639","Los Angeles","El Monte","https://www.californiahealthmaps.org?address=A0639","Both","Lung",315430,35.5,29.2,43.0,15825,53.2,30.1,122.3,"","","","",166635,25.4,16.1,38.2,129340,42.6,33.1,54.9,1,63086,0.0,28.6,55.0,5.0,0.5,40.8,52.4,40.8,"","","","","",""
"A0639","Los Angeles","El Monte","https://www.californiahealthmaps.org?address=A0639","Both","CRC",315430,49.8,42.3,58.4,15825,43.6,24.3,110.5,"","","","",166635,48.0,36.0,63.3,129340,52.1,41.4,65.5,1,63086,0.0,28.6,55.0,5.0,0.5,40.8,52.4,40.8,"","","","","",""
"A0639","Los Angeles","El Monte","https://www.californiahealthmaps.org?address=A0639","Both","Mela",315430,4.7,2.6,7.9,15825,"","","","","","","",166635,"","","",129340,"","","",1,63086,0.0,28.6,55.0,5.0,0.5,40.8,52.4,40.8,"","","","","",""
"A0639","Los Angeles","El Monte","https://www.californiahealthmaps.org?address=A0639","Both","Lymph",315430,14.9,11.0,19.9,15825,"","","","","","","",166635,17.4,10.5,27.7,129340,14.0,8.7,22.2,1,63086,0.0,28.6,55.0,5.0,0.5,40.8,52.4,40.8,"","","","","",""
"A0639","Los Angeles","El Monte","https://www.californiahealthmaps.org?address=A0639","Both","Urinary",315430,9.8,6.6,14.0,15825,"","","","","","","",166635,"","","",129340,10.7,6.2,18.1,1,63086,0.0,28.6,55.0,5.0,0.5,40.8,52.4,40.8,"","","","","",""
"A0639","Los Angeles","El Monte","https://www.californiahealthmaps.org?address=A0639","Both","Kidney",315430,11.0,7.6,15.4,15825,"","","","","","","",166635,16.5,9.8,26.6,129340,"","","",1,63086,0.0,28.6,55.0,5.0,0.5,40.8,52.4,40.8,"","","","","",""
"A0639","Los Angeles","El Monte","https://www.californiahealthmaps.org?address=A0639","Both","Thyroid",315430,10.7,7.3,15.1,15825,"","","","","","","",166635,11.8,6.6,20.2,129340,11.1,6.3,18.9,1,63086,0.0,28.6,55.0,5.0,0.5,40.8,52.4,40.8,"","","","","",""
"A0639","Los Angeles","El Monte","https://www.californiahealthmaps.org?address=A0639","Both","Liver",315430,20.5,15.8,26.4,15825,"","","","","","","",166635,19.0,11.5,30.0,129340,24.9,17.8,34.8,1,63086,0.0,28.6,55.0,5.0,0.5,40.8,52.4,40.8,"","","","","",""
"A0639","Los Angeles","El Monte","https://www.californiahealthmaps.org?address=A0639","Both","Pancreas",315430,7.5,4.7,11.3,15825,"","","","","","","",166635,"","","",129340,"","","",1,63086,0.0,28.6,55.0,5.0,0.5,40.8,52.4,40.8,"","","","","",""
