"Zone","Counties","Cities","URL","Sex","Cancer","PopTot","AAIR","LCI","UCI","White_PopTot","White_AAIR","White_LCI","White_UCI","Black_PopTot","Black_AAIR","Black_LCI","Black_UCI","Hispanic_PopTot","Hispanic_AAIR","Hispanic_LCI","Hispanic_UCI","Asian_PopTot","Asian_AAIR","Asian_LCI","Asian_UCI","QNSES","PopAll","PerRural","PerUninsured","PerForeignBorn","PerWhite","PerBlack","PerAsian","PerHispanic","PerAPI","PerDocvisit","PerFOBT","PerMammo","PerMenPrev","PerPap","PerWomenPrev"
"A0915","San Bernardino","Fontana, Colton","https://www.californiahealthmaps.org?address=A0915","Male","AllSite",154170,472.1,418.7,532.4,19700,499.6,399.1,624.6,10810,623.6,409.7,995.3,114060,447.4,377.1,530.9,"","","","",1,61232,0.0,27.4,33.0,11.1,8.4,5.2,74.2,5.2,62.8,57.7,82.0,24.0,83.0,26.5
"A0915","San Bernardino","Fontana, Colton","https://www.californiahealthmaps.org?address=A0915","Female","AllSite",151990,398.2,358.0,442.4,18830,462.8,374.1,570.8,11570,449.1,299.1,680.3,111280,368.6,317.7,427.0,"","","","",1,61232,0.0,27.4,33.0,11.1,8.4,5.2,74.2,5.2,62.8,57.7,82.0,24.0,83.0,26.5
"A0915","San Bernardino","Fontana, Colton","https://www.californiahealthmaps.org?address=A0915","Male","Prostate",154170,118.1,93.2,150.0,19700,99.0,57.7,167.7,10810,176.2,98.4,438.7,114060,112.3,81.2,157.0,"","","","",1,61232,0.0,27.4,33.0,11.1,8.4,5.2,74.2,5.2,62.8,57.7,82.0,24.0,83.0,26.5
"A0915","San Bernardino","Fontana, Colton","https://www.californiahealthmaps.org?address=A0915","Female","Breast",151990,114.5,94.0,139.0,18830,151.1,103.3,219.2,11570,173.9,82.1,358.1,111280,95.0,72.0,125.3,"","","","",1,61232,0.0,27.4,33.0,11.1,8.4,5.2,74.2,5.2,62.8,57.7,82.0,24.0,83.0,26.5
"A0915","San Bernardino","Fontana, Colton","https://www.californiahealthmaps.org?address=A0915","Male","Lung",154170,37.6,23.4,59.8,19700,"","","",10810,"","","",114060,"","","","","","","",1,61232,0.0,27.4,33.0,11.1,8.4,5.2,74.2,5.2,62.8,57.7,82.0,24.0,83.0,26.5
"A0915","San Bernardino","Fontana, Colton","https://www.californiahealthmaps.org?address=A0915","Female","Lung",151990,29.7,19.2,44.8,18830,"","","",11570,"","","",111280,"","","","","","","",1,61232,0.0,27.4,33.0,11.1,8.4,5.2,74.2,5.2,62.8,57.7,82.0,24.0,83.0,26.5
"A0915","San Bernardino","Fontana, Colton","https://www.californiahealthmaps.org?address=A0915","Male","CRC",154170,52.4,36.1,76.3,19700,"","","",10810,"","","",114060,50.9,29.0,88.3,"","","","",1,61232,0.0,27.4,33.0,11.1,8.4,5.2,74.2,5.2,62.8,57.7,82.0,24.0,83.0,26.5
"A0915","San Bernardino","Fontana, Colton","https://www.californiahealthmaps.org?address=A0915","Female","CRC",151990,25.5,16.2,39.3,18830,"","","",11570,"","","",111280,23.2,12.3,42.7,"","","","",1,61232,0.0,27.4,33.0,11.1,8.4,5.2,74.2,5.2,62.8,57.7,82.0,24.0,83.0,26.5
"A0915","San Bernardino","Fontana, Colton","https://www.californiahealthmaps.org?address=A0915","Male","Mela",154170,"","","",19700,"","","",10810,"","","",114060,"","","","","","","",1,61232,0.0,27.4,33.0,11.1,8.4,5.2,74.2,5.2,62.8,57.7,82.0,24.0,83.0,26.5
"A0915","San Bernardino","Fontana, Colton","https://www.californiahealthmaps.org?address=A0915","Female","Mela",151990,"","","",18830,"","","",11570,"","","",111280,"","","","","","","",1,61232,0.0,27.4,33.0,11.1,8.4,5.2,74.2,5.2,62.8,57.7,82.0,24.0,83.0,26.5
"A0915","San Bernardino","Fontana, Colton","https://www.californiahealthmaps.org?address=A0915","Female","Uterine",151990,30.3,20.6,44.3,18830,"","","",11570,"","","",111280,27.8,16.2,47.5,"","","","",1,61232,0.0,27.4,33.0,11.1,8.4,5.2,74.2,5.2,62.8,57.7,82.0,24.0,83.0,26.5
"A0915","San Bernardino","Fontana, Colton","https://www.californiahealthmaps.org?address=A0915","Male","Lymph",154170,24.4,13.0,44.4,19700,"","","",10810,"","","",114060,"","","","","","","",1,61232,0.0,27.4,33.0,11.1,8.4,5.2,74.2,5.2,62.8,57.7,82.0,24.0,83.0,26.5
"A0915","San Bernardino","Fontana, Colton","https://www.californiahealthmaps.org?address=A0915","Female","Lymph",151990,22.8,13.4,37.0,18830,"","","",11570,"","","",111280,"","","","","","","",1,61232,0.0,27.4,33.0,11.1,8.4,5.2,74.2,5.2,62.8,57.7,82.0,24.0,83.0,26.5
"A0915","San Bernardino","Fontana, Colton","https://www.californiahealthmaps.org?address=A0915","Male","Urinary",154170,25.0,12.9,45.9,19700,"","","",10810,"","","",114060,"","","","","","","",1,61232,0.0,27.4,33.0,11.1,8.4,5.2,74.2,5.2,62.8,57.7,82.0,24.0,83.0,26.5
"A0915","San Bernardino","Fontana, Colton","https://www.californiahealthmaps.org?address=A0915","Female","Urinary",151990,"","","",18830,"","","",11570,"","","",111280,"","","","","","","",1,61232,0.0,27.4,33.0,11.1,8.4,5.2,74.2,5.2,62.8,57.7,82.0,24.0,83.0,26.5
"A0915","San Bernardino","Fontana, Colton","https://www.californiahealthmaps.org?address=A0915","Male","Kidney",154170,22.0,13.0,38.9,19700,"","","",10810,"","","",114060,"","","","","","","",1,61232,0.0,27.4,33.0,11.1,8.4,5.2,74.2,5.2,62.8,57.7,82.0,24.0,83.0,26.5
"A0915","San Bernardino","Fontana, Colton","https://www.californiahealthmaps.org?address=A0915","Female","Kidney",151990,21.6,12.8,35.0,18830,"","","",11570,"","","",111280,"","","","","","","",1,61232,0.0,27.4,33.0,11.1,8.4,5.2,74.2,5.2,62.8,57.7,82.0,24.0,83.0,26.5
"A0915","San Bernardino","Fontana, Colton","https://www.californiahealthmaps.org?address=A0915","Male","Thyroid",154170,"","","",19700,"","","",10810,"","","",114060,"","","","","","","",1,61232,0.0,27.4,33.0,11.1,8.4,5.2,74.2,5.2,62.8,57.7,82.0,24.0,83.0,26.5
"A0915","San Bernardino","Fontana, Colton","https://www.californiahealthmaps.org?address=A0915","Female","Thyroid",151990,13.9,8.5,23.4,18830,"","","",11570,"","","",111280,"","","","","","","",1,61232,0.0,27.4,33.0,11.1,8.4,5.2,74.2,5.2,62.8,57.7,82.0,24.0,83.0,26.5
"A0915","San Bernardino","Fontana, Colton","https://www.californiahealthmaps.org?address=A0915","Male","Liver",154170,33.6,21.0,54.1,19700,"","","",10810,"","","",114060,34.5,17.8,66.6,"","","","",1,61232,0.0,27.4,33.0,11.1,8.4,5.2,74.2,5.2,62.8,57.7,82.0,24.0,83.0,26.5
"A0915","San Bernardino","Fontana, Colton","https://www.californiahealthmaps.org?address=A0915","Female","Liver",151990,"","","",18830,"","","",11570,"","","",111280,"","","","","","","",1,61232,0.0,27.4,33.0,11.1,8.4,5.2,74.2,5.2,62.8,57.7,82.0,24.0,83.0,26.5
"A0915","San Bernardino","Fontana, Colton","https://www.californiahealthmaps.org?address=A0915","Male","Pancreas",154170,"","","",19700,"","","",10810,"","","",114060,"","","","","","","",1,61232,0.0,27.4,33.0,11.1,8.4,5.2,74.2,5.2,62.8,57.7,82.0,24.0,83.0,26.5
"A0915","San Bernardino","Fontana, Colton","https://www.californiahealthmaps.org?address=A0915","Female","Pancreas",151990,"","","",18830,"","","",11570,"","","",111280,"","","","","","","",1,61232,0.0,27.4,33.0,11.1,8.4,5.2,74.2,5.2,62.8,57.7,82.0,24.0,83.0,26.5
"A0915","San Bernardino","Fontana, Colton","https://www.californiahealthmaps.org?address=A0915","Both","AllSite",306160,425.7,393.5,460.4,38530,473.7,407.5,549.3,22380,536.3,406.8,715.2,225340,397.9,356.2,444.2,15065,427.4,317.0,578.7,1,61232,0.0,27.4,33.0,11.1,8.4,5.2,74.2,5.2,62.8,57.7,82.0,24.0,83.0,26.5
"A0915","San Bernardino","Fontana, Colton","https://www.californiahealthmaps.org?address=A0915","Both","Lung",306160,32.8,24.2,44.3,38530,61.1,39.2,93.2,22380,"","","",225340,22.0,12.6,37.0,15065,"","","",1,61232,0.0,27.4,33.0,11.1,8.4,5.2,74.2,5.2,62.8,57.7,82.0,24.0,83.0,26.5
"A0915","San Bernardino","Fontana, Colton","https://www.californiahealthmaps.org?address=A0915","Both","CRC",306160,37.6,28.5,49.3,38530,"","","",22380,"","","",225340,34.9,23.4,51.5,15065,"","","",1,61232,0.0,27.4,33.0,11.1,8.4,5.2,74.2,5.2,62.8,57.7,82.0,24.0,83.0,26.5
"A0915","San Bernardino","Fontana, Colton","https://www.californiahealthmaps.org?address=A0915","Both","Mela",306160,9.7,5.4,17.0,38530,35.6,19.2,62.7,22380,"","","",225340,"","","",15065,"","","",1,61232,0.0,27.4,33.0,11.1,8.4,5.2,74.2,5.2,62.8,57.7,82.0,24.0,83.0,26.5
"A0915","San Bernardino","Fontana, Colton","https://www.californiahealthmaps.org?address=A0915","Both","Lymph",306160,23.3,15.8,33.7,38530,"","","",22380,"","","",225340,31.4,19.8,48.5,15065,"","","",1,61232,0.0,27.4,33.0,11.1,8.4,5.2,74.2,5.2,62.8,57.7,82.0,24.0,83.0,26.5
"A0915","San Bernardino","Fontana, Colton","https://www.californiahealthmaps.org?address=A0915","Both","Urinary",306160,13.0,7.5,21.6,38530,"","","",22380,"","","",225340,"","","",15065,"","","",1,61232,0.0,27.4,33.0,11.1,8.4,5.2,74.2,5.2,62.8,57.7,82.0,24.0,83.0,26.5
"A0915","San Bernardino","Fontana, Colton","https://www.californiahealthmaps.org?address=A0915","Both","Kidney",306160,22.2,15.4,31.7,38530,"","","",22380,"","","",225340,20.9,12.3,34.9,15065,"","","",1,61232,0.0,27.4,33.0,11.1,8.4,5.2,74.2,5.2,62.8,57.7,82.0,24.0,83.0,26.5
"A0915","San Bernardino","Fontana, Colton","https://www.californiahealthmaps.org?address=A0915","Both","Thyroid",306160,12.6,8.4,19.5,38530,"","","",22380,"","","",225340,11.3,5.9,22.1,15065,"","","",1,61232,0.0,27.4,33.0,11.1,8.4,5.2,74.2,5.2,62.8,57.7,82.0,24.0,83.0,26.5
"A0915","San Bernardino","Fontana, Colton","https://www.californiahealthmaps.org?address=A0915","Both","Liver",306160,19.9,13.2,29.4,38530,"","","",22380,"","","",225340,21.6,12.5,36.2,15065,"","","",1,61232,0.0,27.4,33.0,11.1,8.4,5.2,74.2,5.2,62.8,57.7,82.0,24.0,83.0,26.5
"A0915","San Bernardino","Fontana, Colton","https://www.californiahealthmaps.org?address=A0915","Both","Pancreas",306160,9.9,5.8,17.0,38530,"","","",22380,"","","",225340,"","","",15065,"","","",1,61232,0.0,27.4,33.0,11.1,8.4,5.2,74.2,5.2,62.8,57.7,82.0,24.0,83.0,26.5
