"Zone","Counties","Cities","URL","Sex","Cancer","PopTot","AAIR","LCI","UCI","White_PopTot","White_AAIR","White_LCI","White_UCI","Black_PopTot","Black_AAIR","Black_LCI","Black_UCI","Hispanic_PopTot","Hispanic_AAIR","Hispanic_LCI","Hispanic_UCI","Asian_PopTot","Asian_AAIR","Asian_LCI","Asian_UCI","QNSES","PopAll","PerRural","PerUninsured","PerForeignBorn","PerWhite","PerBlack","PerAsian","PerHispanic","PerAPI","PerDocvisit","PerFOBT","PerMammo","PerMenPrev","PerPap","PerWomenPrev"
"A1091","Santa Barbara","Lompoc","https://www.californiahealthmaps.org?address=A1091","Male","AllSite",187975,480.0,445.8,516.5,76075,523.6,478.4,572.9,"","","","",91030,422.3,355.6,500.5,"","","","",3,72150,10.3,17.2,23.4,41.7,4.0,3.1,47.6,3.1,"","","","","",""
"A1091","Santa Barbara","Lompoc","https://www.californiahealthmaps.org?address=A1091","Female","AllSite",172775,477.5,445.8,511.1,75500,517.9,473.8,566.3,"","","","",79755,418.6,358.3,487.5,"","","","",3,72150,10.3,17.2,23.4,41.7,4.0,3.1,47.6,3.1,"","","","","",""
"A1091","Santa Barbara","Lompoc","https://www.californiahealthmaps.org?address=A1091","Male","Prostate",187975,100.4,85.1,117.9,76075,88.4,71.0,110.0,"","","","",91030,115.1,82.1,160.2,"","","","",3,72150,10.3,17.2,23.4,41.7,4.0,3.1,47.6,3.1,"","","","","",""
"A1091","Santa Barbara","Lompoc","https://www.californiahealthmaps.org?address=A1091","Female","Breast",172775,126.1,109.9,144.1,75500,141.2,118.5,168.5,"","","","",79755,81.8,58.1,114.3,"","","","",3,72150,10.3,17.2,23.4,41.7,4.0,3.1,47.6,3.1,"","","","","",""
"A1091","Santa Barbara","Lompoc","https://www.californiahealthmaps.org?address=A1091","Male","Lung",187975,47.2,36.7,60.0,76075,54.2,40.6,72.4,"","","","",91030,48.2,26.7,83.2,"","","","",3,72150,10.3,17.2,23.4,41.7,4.0,3.1,47.6,3.1,"","","","","",""
"A1091","Santa Barbara","Lompoc","https://www.californiahealthmaps.org?address=A1091","Female","Lung",172775,59.7,48.9,72.5,75500,66.2,52.5,84.3,"","","","",79755,46.2,27.0,75.5,"","","","",3,72150,10.3,17.2,23.4,41.7,4.0,3.1,47.6,3.1,"","","","","",""
"A1091","Santa Barbara","Lompoc","https://www.californiahealthmaps.org?address=A1091","Male","CRC",187975,45.6,35.8,57.5,76075,43.2,31.6,59.2,"","","","",91030,45.1,26.2,76.9,"","","","",3,72150,10.3,17.2,23.4,41.7,4.0,3.1,47.6,3.1,"","","","","",""
"A1091","Santa Barbara","Lompoc","https://www.californiahealthmaps.org?address=A1091","Female","CRC",172775,40.7,31.9,51.4,75500,33.6,23.6,48.5,"","","","",79755,57.7,35.9,89.3,"","","","",3,72150,10.3,17.2,23.4,41.7,4.0,3.1,47.6,3.1,"","","","","",""
"A1091","Santa Barbara","Lompoc","https://www.californiahealthmaps.org?address=A1091","Male","Mela",187975,39.8,30.3,51.6,76075,60.2,44.9,80.1,"","","","",91030,"","","","","","","",3,72150,10.3,17.2,23.4,41.7,4.0,3.1,47.6,3.1,"","","","","",""
"A1091","Santa Barbara","Lompoc","https://www.californiahealthmaps.org?address=A1091","Female","Mela",172775,23.6,17.1,32.2,75500,30.3,19.8,46.1,"","","","",79755,"","","","","","","",3,72150,10.3,17.2,23.4,41.7,4.0,3.1,47.6,3.1,"","","","","",""
"A1091","Santa Barbara","Lompoc","https://www.californiahealthmaps.org?address=A1091","Female","Uterine",172775,33.7,25.9,43.5,75500,37.8,27.1,53.2,"","","","",79755,35.7,20.2,60.7,"","","","",3,72150,10.3,17.2,23.4,41.7,4.0,3.1,47.6,3.1,"","","","","",""
"A1091","Santa Barbara","Lompoc","https://www.californiahealthmaps.org?address=A1091","Male","Lymph",187975,24.8,17.4,34.5,76075,27.4,17.6,42.0,"","","","",91030,"","","","","","","",3,72150,10.3,17.2,23.4,41.7,4.0,3.1,47.6,3.1,"","","","","",""
"A1091","Santa Barbara","Lompoc","https://www.californiahealthmaps.org?address=A1091","Female","Lymph",172775,17.1,11.6,24.6,75500,19.2,12.0,31.6,"","","","",79755,"","","","","","","",3,72150,10.3,17.2,23.4,41.7,4.0,3.1,47.6,3.1,"","","","","",""
"A1091","Santa Barbara","Lompoc","https://www.californiahealthmaps.org?address=A1091","Male","Urinary",187975,18.5,12.2,27.3,76075,22.8,14.2,36.4,"","","","",91030,"","","","","","","",3,72150,10.3,17.2,23.4,41.7,4.0,3.1,47.6,3.1,"","","","","",""
"A1091","Santa Barbara","Lompoc","https://www.californiahealthmaps.org?address=A1091","Female","Urinary",172775,"","","",75500,"","","","","","","",79755,"","","","","","","",3,72150,10.3,17.2,23.4,41.7,4.0,3.1,47.6,3.1,"","","","","",""
"A1091","Santa Barbara","Lompoc","https://www.californiahealthmaps.org?address=A1091","Male","Kidney",187975,30.7,22.4,41.3,76075,28.0,18.5,42.2,"","","","",91030,37.7,20.2,68.3,"","","","",3,72150,10.3,17.2,23.4,41.7,4.0,3.1,47.6,3.1,"","","","","",""
"A1091","Santa Barbara","Lompoc","https://www.californiahealthmaps.org?address=A1091","Female","Kidney",172775,15.0,9.9,22.0,75500,14.0,7.7,25.7,"","","","",79755,"","","","","","","",3,72150,10.3,17.2,23.4,41.7,4.0,3.1,47.6,3.1,"","","","","",""
"A1091","Santa Barbara","Lompoc","https://www.californiahealthmaps.org?address=A1091","Male","Thyroid",187975,"","","",76075,"","","","","","","",91030,"","","","","","","",3,72150,10.3,17.2,23.4,41.7,4.0,3.1,47.6,3.1,"","","","","",""
"A1091","Santa Barbara","Lompoc","https://www.californiahealthmaps.org?address=A1091","Female","Thyroid",172775,31.6,23.6,41.7,75500,38.3,25.5,56.6,"","","","",79755,"","","","","","","",3,72150,10.3,17.2,23.4,41.7,4.0,3.1,47.6,3.1,"","","","","",""
"A1091","Santa Barbara","Lompoc","https://www.californiahealthmaps.org?address=A1091","Male","Liver",187975,14.7,9.6,22.1,76075,16.3,9.6,27.8,"","","","",91030,"","","","","","","",3,72150,10.3,17.2,23.4,41.7,4.0,3.1,47.6,3.1,"","","","","",""
"A1091","Santa Barbara","Lompoc","https://www.californiahealthmaps.org?address=A1091","Female","Liver",172775,8.5,4.9,14.3,75500,"","","","","","","",79755,"","","","","","","",3,72150,10.3,17.2,23.4,41.7,4.0,3.1,47.6,3.1,"","","","","",""
"A1091","Santa Barbara","Lompoc","https://www.californiahealthmaps.org?address=A1091","Male","Pancreas",187975,17.4,11.1,26.3,76075,15.5,8.6,27.5,"","","","",91030,"","","","","","","",3,72150,10.3,17.2,23.4,41.7,4.0,3.1,47.6,3.1,"","","","","",""
"A1091","Santa Barbara","Lompoc","https://www.californiahealthmaps.org?address=A1091","Female","Pancreas",172775,10.9,6.6,17.2,75500,"","","","","","","",79755,"","","","","","","",3,72150,10.3,17.2,23.4,41.7,4.0,3.1,47.6,3.1,"","","","","",""
"A1091","Santa Barbara","Lompoc","https://www.californiahealthmaps.org?address=A1091","Both","AllSite",360750,473.6,450.6,497.5,151575,515.9,484.7,549.2,13600,563.6,416.4,757.5,170785,416.3,371.5,466.0,12470,306.1,217.3,424.1,3,72150,10.3,17.2,23.4,41.7,4.0,3.1,47.6,3.1,"","","","","",""
"A1091","Santa Barbara","Lompoc","https://www.californiahealthmaps.org?address=A1091","Both","Lung",360750,53.8,46.1,62.4,151575,60.7,50.8,72.7,13600,"","","",170785,47.1,32.2,67.4,12470,"","","",3,72150,10.3,17.2,23.4,41.7,4.0,3.1,47.6,3.1,"","","","","",""
"A1091","Santa Barbara","Lompoc","https://www.californiahealthmaps.org?address=A1091","Both","CRC",360750,43.8,37.1,51.5,151575,38.7,30.9,48.7,13600,"","","",170785,52.9,37.5,73.7,12470,"","","",3,72150,10.3,17.2,23.4,41.7,4.0,3.1,47.6,3.1,"","","","","",""
"A1091","Santa Barbara","Lompoc","https://www.californiahealthmaps.org?address=A1091","Both","Mela",360750,30.5,24.9,37.1,151575,43.7,34.5,55.2,13600,"","","",170785,"","","",12470,"","","",3,72150,10.3,17.2,23.4,41.7,4.0,3.1,47.6,3.1,"","","","","",""
"A1091","Santa Barbara","Lompoc","https://www.californiahealthmaps.org?address=A1091","Both","Lymph",360750,20.4,15.9,25.9,151575,23.1,16.9,31.6,13600,"","","",170785,"","","",12470,"","","",3,72150,10.3,17.2,23.4,41.7,4.0,3.1,47.6,3.1,"","","","","",""
"A1091","Santa Barbara","Lompoc","https://www.californiahealthmaps.org?address=A1091","Both","Urinary",360750,12.1,8.6,16.6,151575,15.0,10.2,22.3,13600,"","","",170785,"","","",12470,"","","",3,72150,10.3,17.2,23.4,41.7,4.0,3.1,47.6,3.1,"","","","","",""
"A1091","Santa Barbara","Lompoc","https://www.californiahealthmaps.org?address=A1091","Both","Kidney",360750,21.9,17.1,27.5,151575,19.8,14.3,27.6,13600,"","","",170785,31.9,20.4,48.8,12470,"","","",3,72150,10.3,17.2,23.4,41.7,4.0,3.1,47.6,3.1,"","","","","",""
"A1091","Santa Barbara","Lompoc","https://www.californiahealthmaps.org?address=A1091","Both","Thyroid",360750,18.1,13.9,23.3,151575,22.1,15.3,31.5,13600,"","","",170785,10.2,5.4,20.4,12470,"","","",3,72150,10.3,17.2,23.4,41.7,4.0,3.1,47.6,3.1,"","","","","",""
"A1091","Santa Barbara","Lompoc","https://www.californiahealthmaps.org?address=A1091","Both","Liver",360750,11.9,8.5,16.1,151575,10.3,6.6,16.5,13600,"","","",170785,"","","",12470,"","","",3,72150,10.3,17.2,23.4,41.7,4.0,3.1,47.6,3.1,"","","","","",""
"A1091","Santa Barbara","Lompoc","https://www.californiahealthmaps.org?address=A1091","Both","Pancreas",360750,13.8,10.0,18.7,151575,11.9,7.8,18.4,13600,"","","",170785,23.9,13.0,40.8,12470,"","","",3,72150,10.3,17.2,23.4,41.7,4.0,3.1,47.6,3.1,"","","","","",""
