"Zone","Counties","Cities","URL","Sex","Cancer","PopTot","AAIR","LCI","UCI","White_PopTot","White_AAIR","White_LCI","White_UCI","Black_PopTot","Black_AAIR","Black_LCI","Black_UCI","Hispanic_PopTot","Hispanic_AAIR","Hispanic_LCI","Hispanic_UCI","Asian_PopTot","Asian_AAIR","Asian_LCI","Asian_UCI","QNSES","PopAll","PerRural","PerUninsured","PerForeignBorn","PerWhite","PerBlack","PerAsian","PerHispanic","PerAPI","PerDocvisit","PerFOBT","PerMammo","PerMenPrev","PerPap","PerWomenPrev"
"A0121","Contra Costa","Danville, San Ramon","https://www.californiahealthmaps.org?address=A0121","Male","AllSite",134500,588.1,542.9,636.5,89700,576.4,526.2,631.0,"","","","",11960,496.2,311.5,786.5,24585,559.3,431.4,721.7,5,54854,0.4,4.9,21.5,65.8,1.7,21.1,7.5,21.1,"","","","","",""
"A0121","Contra Costa","Danville, San Ramon","https://www.californiahealthmaps.org?address=A0121","Female","AllSite",139770,524.9,486.9,565.8,91245,521.5,477.7,569.5,"","","","",13115,599.7,454.5,789.8,27310,471.2,376.7,586.9,5,54854,0.4,4.9,21.5,65.8,1.7,21.1,7.5,21.1,"","","","","",""
"A0121","Contra Costa","Danville, San Ramon","https://www.californiahealthmaps.org?address=A0121","Male","Prostate",134500,153.4,132.2,177.8,89700,147.5,124.4,174.9,"","","","",11960,"","","",24585,"","","",5,54854,0.4,4.9,21.5,65.8,1.7,21.1,7.5,21.1,"","","","","",""
"A0121","Contra Costa","Danville, San Ramon","https://www.californiahealthmaps.org?address=A0121","Female","Breast",139770,185.9,164.2,210.5,91245,190.1,164.7,219.7,"","","","",13115,180.1,110.6,296.6,27310,149.2,101.9,217.6,5,54854,0.4,4.9,21.5,65.8,1.7,21.1,7.5,21.1,"","","","","",""
"A0121","Contra Costa","Danville, San Ramon","https://www.californiahealthmaps.org?address=A0121","Male","Lung",134500,48.0,34.9,64.7,89700,50.6,35.8,70.4,"","","","",11960,"","","",24585,"","","",5,54854,0.4,4.9,21.5,65.8,1.7,21.1,7.5,21.1,"","","","","",""
"A0121","Contra Costa","Danville, San Ramon","https://www.californiahealthmaps.org?address=A0121","Female","Lung",139770,48.3,36.4,63.5,91245,47.5,34.4,65.4,"","","","",13115,"","","",27310,"","","",5,54854,0.4,4.9,21.5,65.8,1.7,21.1,7.5,21.1,"","","","","",""
"A0121","Contra Costa","Danville, San Ramon","https://www.californiahealthmaps.org?address=A0121","Male","CRC",134500,44.2,33.0,58.7,89700,44.8,31.9,62.4,"","","","",11960,"","","",24585,"","","",5,54854,0.4,4.9,21.5,65.8,1.7,21.1,7.5,21.1,"","","","","",""
"A0121","Contra Costa","Danville, San Ramon","https://www.californiahealthmaps.org?address=A0121","Female","CRC",139770,43.6,33.1,57.2,91245,44.6,32.6,61.3,"","","","",13115,"","","",27310,"","","",5,54854,0.4,4.9,21.5,65.8,1.7,21.1,7.5,21.1,"","","","","",""
"A0121","Contra Costa","Danville, San Ramon","https://www.californiahealthmaps.org?address=A0121","Male","Mela",134500,65.4,50.9,83.3,89700,71.3,54.3,93.0,"","","","",11960,"","","",24585,"","","",5,54854,0.4,4.9,21.5,65.8,1.7,21.1,7.5,21.1,"","","","","",""
"A0121","Contra Costa","Danville, San Ramon","https://www.californiahealthmaps.org?address=A0121","Female","Mela",139770,40.7,30.5,54.2,91245,44.2,31.9,61.3,"","","","",13115,"","","",27310,"","","",5,54854,0.4,4.9,21.5,65.8,1.7,21.1,7.5,21.1,"","","","","",""
"A0121","Contra Costa","Danville, San Ramon","https://www.californiahealthmaps.org?address=A0121","Female","Uterine",139770,24.8,17.5,35.3,91245,24.7,16.2,38.0,"","","","",13115,"","","",27310,"","","",5,54854,0.4,4.9,21.5,65.8,1.7,21.1,7.5,21.1,"","","","","",""
"A0121","Contra Costa","Danville, San Ramon","https://www.californiahealthmaps.org?address=A0121","Male","Lymph",134500,35.7,25.0,50.0,89700,34.1,22.2,51.0,"","","","",11960,"","","",24585,"","","",5,54854,0.4,4.9,21.5,65.8,1.7,21.1,7.5,21.1,"","","","","",""
"A0121","Contra Costa","Danville, San Ramon","https://www.californiahealthmaps.org?address=A0121","Female","Lymph",139770,19.5,12.4,30.2,91245,20.8,12.1,34.8,"","","","",13115,"","","",27310,"","","",5,54854,0.4,4.9,21.5,65.8,1.7,21.1,7.5,21.1,"","","","","",""
"A0121","Contra Costa","Danville, San Ramon","https://www.californiahealthmaps.org?address=A0121","Male","Urinary",134500,23.7,14.6,36.7,89700,26.5,15.9,42.5,"","","","",11960,"","","",24585,"","","",5,54854,0.4,4.9,21.5,65.8,1.7,21.1,7.5,21.1,"","","","","",""
"A0121","Contra Costa","Danville, San Ramon","https://www.californiahealthmaps.org?address=A0121","Female","Urinary",139770,"","","",91245,"","","","","","","",13115,"","","",27310,"","","",5,54854,0.4,4.9,21.5,65.8,1.7,21.1,7.5,21.1,"","","","","",""
"A0121","Contra Costa","Danville, San Ramon","https://www.californiahealthmaps.org?address=A0121","Male","Kidney",134500,27.3,18.6,39.5,89700,28.3,18.4,43.2,"","","","",11960,"","","",24585,"","","",5,54854,0.4,4.9,21.5,65.8,1.7,21.1,7.5,21.1,"","","","","",""
"A0121","Contra Costa","Danville, San Ramon","https://www.californiahealthmaps.org?address=A0121","Female","Kidney",139770,"","","",91245,"","","","","","","",13115,"","","",27310,"","","",5,54854,0.4,4.9,21.5,65.8,1.7,21.1,7.5,21.1,"","","","","",""
"A0121","Contra Costa","Danville, San Ramon","https://www.californiahealthmaps.org?address=A0121","Male","Thyroid",134500,"","","",89700,"","","","","","","",11960,"","","",24585,"","","",5,54854,0.4,4.9,21.5,65.8,1.7,21.1,7.5,21.1,"","","","","",""
"A0121","Contra Costa","Danville, San Ramon","https://www.californiahealthmaps.org?address=A0121","Female","Thyroid",139770,34.6,25.4,46.9,91245,32.9,22.0,48.9,"","","","",13115,"","","",27310,55.4,29.2,104.4,5,54854,0.4,4.9,21.5,65.8,1.7,21.1,7.5,21.1,"","","","","",""
"A0121","Contra Costa","Danville, San Ramon","https://www.californiahealthmaps.org?address=A0121","Male","Liver",134500,12.7,7.3,21.7,89700,"","","","","","","",11960,"","","",24585,"","","",5,54854,0.4,4.9,21.5,65.8,1.7,21.1,7.5,21.1,"","","","","",""
"A0121","Contra Costa","Danville, San Ramon","https://www.californiahealthmaps.org?address=A0121","Female","Liver",139770,"","","",91245,"","","","","","","",13115,"","","",27310,"","","",5,54854,0.4,4.9,21.5,65.8,1.7,21.1,7.5,21.1,"","","","","",""
"A0121","Contra Costa","Danville, San Ramon","https://www.californiahealthmaps.org?address=A0121","Male","Pancreas",134500,"","","",89700,"","","","","","","",11960,"","","",24585,"","","",5,54854,0.4,4.9,21.5,65.8,1.7,21.1,7.5,21.1,"","","","","",""
"A0121","Contra Costa","Danville, San Ramon","https://www.californiahealthmaps.org?address=A0121","Female","Pancreas",139770,10.9,6.1,19.2,91245,"","","","","","","",13115,"","","",27310,"","","",5,54854,0.4,4.9,21.5,65.8,1.7,21.1,7.5,21.1,"","","","","",""
"A0121","Contra Costa","Danville, San Ramon","https://www.californiahealthmaps.org?address=A0121","Both","AllSite",274270,549.7,520.8,580.1,180945,543.0,510.1,577.9,"","","","",25075,542.6,428.9,684.2,51895,505.2,428.2,594.6,5,54854,0.4,4.9,21.5,65.8,1.7,21.1,7.5,21.1,"","","","","",""
"A0121","Contra Costa","Danville, San Ramon","https://www.californiahealthmaps.org?address=A0121","Both","Lung",274270,47.9,39.0,58.4,180945,48.6,38.7,60.8,"","","","",25075,"","","",51895,"","","",5,54854,0.4,4.9,21.5,65.8,1.7,21.1,7.5,21.1,"","","","","",""
"A0121","Contra Costa","Danville, San Ramon","https://www.californiahealthmaps.org?address=A0121","Both","CRC",274270,44.3,36.5,53.7,180945,45.0,36.0,56.3,"","","","",25075,"","","",51895,57.1,34.1,93.8,5,54854,0.4,4.9,21.5,65.8,1.7,21.1,7.5,21.1,"","","","","",""
"A0121","Contra Costa","Danville, San Ramon","https://www.californiahealthmaps.org?address=A0121","Both","Mela",274270,51.9,43.2,62.1,180945,56.8,46.3,69.5,"","","","",25075,"","","",51895,"","","",5,54854,0.4,4.9,21.5,65.8,1.7,21.1,7.5,21.1,"","","","","",""
"A0121","Contra Costa","Danville, San Ramon","https://www.californiahealthmaps.org?address=A0121","Both","Lymph",274270,26.4,20.1,34.2,180945,26.3,19.1,36.0,"","","","",25075,"","","",51895,"","","",5,54854,0.4,4.9,21.5,65.8,1.7,21.1,7.5,21.1,"","","","","",""
"A0121","Contra Costa","Danville, San Ramon","https://www.californiahealthmaps.org?address=A0121","Both","Urinary",274270,12.2,8.0,18.0,180945,14.3,9.2,21.9,"","","","",25075,"","","",51895,"","","",5,54854,0.4,4.9,21.5,65.8,1.7,21.1,7.5,21.1,"","","","","",""
"A0121","Contra Costa","Danville, San Ramon","https://www.californiahealthmaps.org?address=A0121","Both","Kidney",274270,17.3,12.6,23.5,180945,15.9,10.9,23.3,"","","","",25075,"","","",51895,"","","",5,54854,0.4,4.9,21.5,65.8,1.7,21.1,7.5,21.1,"","","","","",""
"A0121","Contra Costa","Danville, San Ramon","https://www.californiahealthmaps.org?address=A0121","Both","Thyroid",274270,21.1,16.0,27.6,180945,19.2,13.3,27.5,"","","","",25075,"","","",51895,37.4,22.2,65.3,5,54854,0.4,4.9,21.5,65.8,1.7,21.1,7.5,21.1,"","","","","",""
"A0121","Contra Costa","Danville, San Ramon","https://www.californiahealthmaps.org?address=A0121","Both","Liver",274270,9.0,5.7,14.1,180945,"","","","","","","",25075,"","","",51895,"","","",5,54854,0.4,4.9,21.5,65.8,1.7,21.1,7.5,21.1,"","","","","",""
"A0121","Contra Costa","Danville, San Ramon","https://www.californiahealthmaps.org?address=A0121","Both","Pancreas",274270,10.7,6.9,16.1,180945,10.9,6.8,17.5,"","","","",25075,"","","",51895,"","","",5,54854,0.4,4.9,21.5,65.8,1.7,21.1,7.5,21.1,"","","","","",""
