"Zone","Counties","Cities","URL","Sex","Cancer","PopTot","AAIR","LCI","UCI","White_PopTot","White_AAIR","White_LCI","White_UCI","Black_PopTot","Black_AAIR","Black_LCI","Black_UCI","Hispanic_PopTot","Hispanic_AAIR","Hispanic_LCI","Hispanic_UCI","Asian_PopTot","Asian_AAIR","Asian_LCI","Asian_UCI","QNSES","PopAll","PerRural","PerUninsured","PerForeignBorn","PerWhite","PerBlack","PerAsian","PerHispanic","PerAPI","PerDocvisit","PerFOBT","PerMammo","PerMenPrev","PerPap","PerWomenPrev"
"A0828","San Diego","Oceanside, Carlsbad","https://www.californiahealthmaps.org?address=A0828","Male","AllSite",161310,520.1,486.9,555.1,111780,518.3,481.4,557.8,"","","","",29905,522.9,405.7,667.8,10510,364.6,257.9,531.5,4,66030,0.0,13.6,15.9,70.3,1.6,6.5,18.5,6.5,66.5,74.1,81.7,32.7,86.8,36.2
"A0828","San Diego","Oceanside, Carlsbad","https://www.californiahealthmaps.org?address=A0828","Female","AllSite",168840,462.7,433.4,493.8,115595,467.8,434.0,504.4,"","","","",31260,432.8,347.4,535.5,13085,392.0,295.5,521.5,4,66030,0.0,13.6,15.9,70.3,1.6,6.5,18.5,6.5,66.5,74.1,81.7,32.7,86.8,36.2
"A0828","San Diego","Oceanside, Carlsbad","https://www.californiahealthmaps.org?address=A0828","Male","Prostate",161310,133.0,116.4,151.4,111780,127.3,109.4,147.8,"","","","",29905,133.2,78.1,217.8,10510,"","","",4,66030,0.0,13.6,15.9,70.3,1.6,6.5,18.5,6.5,66.5,74.1,81.7,32.7,86.8,36.2
"A0828","San Diego","Oceanside, Carlsbad","https://www.californiahealthmaps.org?address=A0828","Female","Breast",168840,174.1,156.2,193.9,115595,178.8,157.9,202.6,"","","","",31260,149.4,102.1,214.3,13085,166.0,106.7,260.0,4,66030,0.0,13.6,15.9,70.3,1.6,6.5,18.5,6.5,66.5,74.1,81.7,32.7,86.8,36.2
"A0828","San Diego","Oceanside, Carlsbad","https://www.californiahealthmaps.org?address=A0828","Male","Lung",161310,38.0,29.5,48.4,111780,35.5,26.6,47.2,"","","","",29905,"","","",10510,"","","",4,66030,0.0,13.6,15.9,70.3,1.6,6.5,18.5,6.5,66.5,74.1,81.7,32.7,86.8,36.2
"A0828","San Diego","Oceanside, Carlsbad","https://www.californiahealthmaps.org?address=A0828","Female","Lung",168840,46.1,37.4,56.7,115595,45.6,36.1,58.0,"","","","",31260,"","","",13085,"","","",4,66030,0.0,13.6,15.9,70.3,1.6,6.5,18.5,6.5,66.5,74.1,81.7,32.7,86.8,36.2
"A0828","San Diego","Oceanside, Carlsbad","https://www.californiahealthmaps.org?address=A0828","Male","CRC",161310,38.5,29.9,49.0,111780,34.5,25.5,46.4,"","","","",29905,"","","",10510,"","","",4,66030,0.0,13.6,15.9,70.3,1.6,6.5,18.5,6.5,66.5,74.1,81.7,32.7,86.8,36.2
"A0828","San Diego","Oceanside, Carlsbad","https://www.californiahealthmaps.org?address=A0828","Female","CRC",168840,28.2,21.6,36.6,115595,30.1,22.3,40.9,"","","","",31260,"","","",13085,"","","",4,66030,0.0,13.6,15.9,70.3,1.6,6.5,18.5,6.5,66.5,74.1,81.7,32.7,86.8,36.2
"A0828","San Diego","Oceanside, Carlsbad","https://www.californiahealthmaps.org?address=A0828","Male","Mela",161310,62.4,51.2,75.6,111780,68.7,55.5,84.6,"","","","",29905,"","","",10510,"","","",4,66030,0.0,13.6,15.9,70.3,1.6,6.5,18.5,6.5,66.5,74.1,81.7,32.7,86.8,36.2
"A0828","San Diego","Oceanside, Carlsbad","https://www.californiahealthmaps.org?address=A0828","Female","Mela",168840,33.3,25.7,42.9,115595,37.9,28.5,50.5,"","","","",31260,"","","",13085,"","","",4,66030,0.0,13.6,15.9,70.3,1.6,6.5,18.5,6.5,66.5,74.1,81.7,32.7,86.8,36.2
"A0828","San Diego","Oceanside, Carlsbad","https://www.californiahealthmaps.org?address=A0828","Female","Uterine",168840,18.5,13.1,25.8,115595,19.8,13.6,29.3,"","","","",31260,"","","",13085,"","","",4,66030,0.0,13.6,15.9,70.3,1.6,6.5,18.5,6.5,66.5,74.1,81.7,32.7,86.8,36.2
"A0828","San Diego","Oceanside, Carlsbad","https://www.californiahealthmaps.org?address=A0828","Male","Lymph",161310,19.0,13.2,26.8,111780,20.6,13.9,30.3,"","","","",29905,"","","",10510,"","","",4,66030,0.0,13.6,15.9,70.3,1.6,6.5,18.5,6.5,66.5,74.1,81.7,32.7,86.8,36.2
"A0828","San Diego","Oceanside, Carlsbad","https://www.californiahealthmaps.org?address=A0828","Female","Lymph",168840,17.5,12.2,24.9,115595,13.2,8.4,21.3,"","","","",31260,"","","",13085,"","","",4,66030,0.0,13.6,15.9,70.3,1.6,6.5,18.5,6.5,66.5,74.1,81.7,32.7,86.8,36.2
"A0828","San Diego","Oceanside, Carlsbad","https://www.californiahealthmaps.org?address=A0828","Male","Urinary",161310,20.4,14.5,28.2,111780,21.9,15.3,31.4,"","","","",29905,"","","",10510,"","","",4,66030,0.0,13.6,15.9,70.3,1.6,6.5,18.5,6.5,66.5,74.1,81.7,32.7,86.8,36.2
"A0828","San Diego","Oceanside, Carlsbad","https://www.californiahealthmaps.org?address=A0828","Female","Urinary",168840,"","","",115595,"","","","","","","",31260,"","","",13085,"","","",4,66030,0.0,13.6,15.9,70.3,1.6,6.5,18.5,6.5,66.5,74.1,81.7,32.7,86.8,36.2
"A0828","San Diego","Oceanside, Carlsbad","https://www.californiahealthmaps.org?address=A0828","Male","Kidney",161310,22.8,16.3,31.4,111780,18.6,12.1,28.1,"","","","",29905,"","","",10510,"","","",4,66030,0.0,13.6,15.9,70.3,1.6,6.5,18.5,6.5,66.5,74.1,81.7,32.7,86.8,36.2
"A0828","San Diego","Oceanside, Carlsbad","https://www.californiahealthmaps.org?address=A0828","Female","Kidney",168840,"","","",115595,"","","","","","","",31260,"","","",13085,"","","",4,66030,0.0,13.6,15.9,70.3,1.6,6.5,18.5,6.5,66.5,74.1,81.7,32.7,86.8,36.2
"A0828","San Diego","Oceanside, Carlsbad","https://www.californiahealthmaps.org?address=A0828","Male","Thyroid",161310,"","","",111780,"","","","","","","",29905,"","","",10510,"","","",4,66030,0.0,13.6,15.9,70.3,1.6,6.5,18.5,6.5,66.5,74.1,81.7,32.7,86.8,36.2
"A0828","San Diego","Oceanside, Carlsbad","https://www.californiahealthmaps.org?address=A0828","Female","Thyroid",168840,28.7,21.4,38.1,115595,30.6,21.6,43.0,"","","","",31260,"","","",13085,"","","",4,66030,0.0,13.6,15.9,70.3,1.6,6.5,18.5,6.5,66.5,74.1,81.7,32.7,86.8,36.2
"A0828","San Diego","Oceanside, Carlsbad","https://www.californiahealthmaps.org?address=A0828","Male","Liver",161310,13.1,8.5,19.6,111780,11.8,7.2,19.5,"","","","",29905,"","","",10510,"","","",4,66030,0.0,13.6,15.9,70.3,1.6,6.5,18.5,6.5,66.5,74.1,81.7,32.7,86.8,36.2
"A0828","San Diego","Oceanside, Carlsbad","https://www.californiahealthmaps.org?address=A0828","Female","Liver",168840,"","","",115595,"","","","","","","",31260,"","","",13085,"","","",4,66030,0.0,13.6,15.9,70.3,1.6,6.5,18.5,6.5,66.5,74.1,81.7,32.7,86.8,36.2
"A0828","San Diego","Oceanside, Carlsbad","https://www.californiahealthmaps.org?address=A0828","Male","Pancreas",161310,14.5,9.5,21.3,111780,15.5,9.9,24.0,"","","","",29905,"","","",10510,"","","",4,66030,0.0,13.6,15.9,70.3,1.6,6.5,18.5,6.5,66.5,74.1,81.7,32.7,86.8,36.2
"A0828","San Diego","Oceanside, Carlsbad","https://www.californiahealthmaps.org?address=A0828","Female","Pancreas",168840,14.2,9.7,20.7,115595,15.4,10.2,23.8,"","","","",31260,"","","",13085,"","","",4,66030,0.0,13.6,15.9,70.3,1.6,6.5,18.5,6.5,66.5,74.1,81.7,32.7,86.8,36.2
"A0828","San Diego","Oceanside, Carlsbad","https://www.californiahealthmaps.org?address=A0828","Both","AllSite",330150,485.8,463.9,508.6,227375,487.7,462.9,513.9,"","","","",61165,459.5,390.5,538.7,23595,381.2,307.0,472.7,4,66030,0.0,13.6,15.9,70.3,1.6,6.5,18.5,6.5,66.5,74.1,81.7,32.7,86.8,36.2
"A0828","San Diego","Oceanside, Carlsbad","https://www.californiahealthmaps.org?address=A0828","Both","Lung",330150,42.3,36.1,49.4,227375,40.9,34.3,49.0,"","","","",61165,51.0,28.1,86.0,23595,"","","",4,66030,0.0,13.6,15.9,70.3,1.6,6.5,18.5,6.5,66.5,74.1,81.7,32.7,86.8,36.2
"A0828","San Diego","Oceanside, Carlsbad","https://www.californiahealthmaps.org?address=A0828","Both","CRC",330150,33.1,27.7,39.4,227375,32.2,26.2,39.7,"","","","",61165,"","","",23595,"","","",4,66030,0.0,13.6,15.9,70.3,1.6,6.5,18.5,6.5,66.5,74.1,81.7,32.7,86.8,36.2
"A0828","San Diego","Oceanside, Carlsbad","https://www.californiahealthmaps.org?address=A0828","Both","Mela",330150,46.3,39.6,53.9,227375,51.7,43.7,61.1,"","","","",61165,"","","",23595,"","","",4,66030,0.0,13.6,15.9,70.3,1.6,6.5,18.5,6.5,66.5,74.1,81.7,32.7,86.8,36.2
"A0828","San Diego","Oceanside, Carlsbad","https://www.californiahealthmaps.org?address=A0828","Both","Lymph",330150,18.0,14.0,23.0,227375,16.6,12.4,22.3,"","","","",61165,"","","",23595,"","","",4,66030,0.0,13.6,15.9,70.3,1.6,6.5,18.5,6.5,66.5,74.1,81.7,32.7,86.8,36.2
"A0828","San Diego","Oceanside, Carlsbad","https://www.californiahealthmaps.org?address=A0828","Both","Urinary",330150,11.4,8.4,15.3,227375,12.7,9.2,17.6,"","","","",61165,"","","",23595,"","","",4,66030,0.0,13.6,15.9,70.3,1.6,6.5,18.5,6.5,66.5,74.1,81.7,32.7,86.8,36.2
"A0828","San Diego","Oceanside, Carlsbad","https://www.californiahealthmaps.org?address=A0828","Both","Kidney",330150,13.8,10.3,18.2,227375,11.3,7.7,16.4,"","","","",61165,"","","",23595,"","","",4,66030,0.0,13.6,15.9,70.3,1.6,6.5,18.5,6.5,66.5,74.1,81.7,32.7,86.8,36.2
"A0828","San Diego","Oceanside, Carlsbad","https://www.californiahealthmaps.org?address=A0828","Both","Thyroid",330150,18.6,14.4,23.7,227375,19.4,14.4,26.0,"","","","",61165,"","","",23595,"","","",4,66030,0.0,13.6,15.9,70.3,1.6,6.5,18.5,6.5,66.5,74.1,81.7,32.7,86.8,36.2
"A0828","San Diego","Oceanside, Carlsbad","https://www.californiahealthmaps.org?address=A0828","Both","Liver",330150,7.0,4.7,10.2,227375,6.4,4.0,10.3,"","","","",61165,"","","",23595,"","","",4,66030,0.0,13.6,15.9,70.3,1.6,6.5,18.5,6.5,66.5,74.1,81.7,32.7,86.8,36.2
"A0828","San Diego","Oceanside, Carlsbad","https://www.californiahealthmaps.org?address=A0828","Both","Pancreas",330150,14.2,10.8,18.5,227375,15.3,11.4,20.7,"","","","",61165,"","","",23595,"","","",4,66030,0.0,13.6,15.9,70.3,1.6,6.5,18.5,6.5,66.5,74.1,81.7,32.7,86.8,36.2
