"Zone","Counties","Cities","URL","Sex","Cancer","PopTot","AAIR","LCI","UCI","White_PopTot","White_AAIR","White_LCI","White_UCI","Black_PopTot","Black_AAIR","Black_LCI","Black_UCI","Hispanic_PopTot","Hispanic_AAIR","Hispanic_LCI","Hispanic_UCI","Asian_PopTot","Asian_AAIR","Asian_LCI","Asian_UCI","QNSES","PopAll","PerRural","PerUninsured","PerForeignBorn","PerWhite","PerBlack","PerAsian","PerHispanic","PerAPI","PerDocvisit","PerFOBT","PerMammo","PerMenPrev","PerPap","PerWomenPrev"
"A0412","Contra Costa","Pittsburg","https://www.californiahealthmaps.org?address=A0412","Male","AllSite",145720,525.1,479.2,574.7,25380,573.6,492.3,671.2,22705,701.2,571.5,861.2,76320,450.5,371.3,543.9,16065,447.7,346.9,571.8,2,59490,0.0,19.5,34.5,16.2,18.4,11.2,49.8,11.2,"","","","","",""
"A0412","Contra Costa","Pittsburg","https://www.californiahealthmaps.org?address=A0412","Female","AllSite",151730,485.1,447.2,525.6,27620,528.2,456.7,615.0,27005,614.2,513.9,731.7,73970,445.0,377.6,522.9,17290,395.6,310.8,502.0,2,59490,0.0,19.5,34.5,16.2,18.4,11.2,49.8,11.2,"","","","","",""
"A0412","Contra Costa","Pittsburg","https://www.californiahealthmaps.org?address=A0412","Male","Prostate",145720,117.3,96.3,142.0,25380,102.9,71.3,153.0,22705,232.6,162.0,335.2,76320,102.3,66.1,153.5,16065,"","","",2,59490,0.0,19.5,34.5,16.2,18.4,11.2,49.8,11.2,"","","","","",""
"A0412","Contra Costa","Pittsburg","https://www.californiahealthmaps.org?address=A0412","Female","Breast",151730,132.6,113.3,154.6,27620,142.9,107.3,195.5,27005,142.8,98.4,205.1,73970,129.4,94.5,175.3,17290,130.4,84.2,199.6,2,59490,0.0,19.5,34.5,16.2,18.4,11.2,49.8,11.2,"","","","","",""
"A0412","Contra Costa","Pittsburg","https://www.californiahealthmaps.org?address=A0412","Male","Lung",145720,94.9,74.7,119.2,25380,112.0,75.9,167.2,22705,129.6,73.9,221.3,76320,76.7,44.9,124.5,16065,"","","",2,59490,0.0,19.5,34.5,16.2,18.4,11.2,49.8,11.2,"","","","","",""
"A0412","Contra Costa","Pittsburg","https://www.californiahealthmaps.org?address=A0412","Female","Lung",151730,52.1,39.9,67.0,27620,63.3,41.8,103.3,27005,88.7,53.3,143.2,73970,"","","",17290,"","","",2,59490,0.0,19.5,34.5,16.2,18.4,11.2,49.8,11.2,"","","","","",""
"A0412","Contra Costa","Pittsburg","https://www.californiahealthmaps.org?address=A0412","Male","CRC",145720,47.5,34.5,64.3,25380,42.3,23.0,82.2,22705,"","","",76320,"","","",16065,"","","",2,59490,0.0,19.5,34.5,16.2,18.4,11.2,49.8,11.2,"","","","","",""
"A0412","Contra Costa","Pittsburg","https://www.californiahealthmaps.org?address=A0412","Female","CRC",151730,50.6,38.7,65.3,27620,36.6,20.7,72.6,27005,120.0,75.1,184.8,73970,35.4,19.1,63.3,17290,"","","",2,59490,0.0,19.5,34.5,16.2,18.4,11.2,49.8,11.2,"","","","","",""
"A0412","Contra Costa","Pittsburg","https://www.californiahealthmaps.org?address=A0412","Male","Mela",145720,"","","",25380,"","","",22705,"","","",76320,"","","",16065,"","","",2,59490,0.0,19.5,34.5,16.2,18.4,11.2,49.8,11.2,"","","","","",""
"A0412","Contra Costa","Pittsburg","https://www.californiahealthmaps.org?address=A0412","Female","Mela",151730,"","","",27620,"","","",27005,"","","",73970,"","","",17290,"","","",2,59490,0.0,19.5,34.5,16.2,18.4,11.2,49.8,11.2,"","","","","",""
"A0412","Contra Costa","Pittsburg","https://www.californiahealthmaps.org?address=A0412","Female","Uterine",151730,40.2,30.1,53.1,27620,40.7,22.2,79.4,27005,"","","",73970,36.3,19.7,64.5,17290,"","","",2,59490,0.0,19.5,34.5,16.2,18.4,11.2,49.8,11.2,"","","","","",""
"A0412","Contra Costa","Pittsburg","https://www.californiahealthmaps.org?address=A0412","Male","Lymph",145720,26.3,17.0,39.4,25380,"","","",22705,"","","",76320,"","","",16065,"","","",2,59490,0.0,19.5,34.5,16.2,18.4,11.2,49.8,11.2,"","","","","",""
"A0412","Contra Costa","Pittsburg","https://www.californiahealthmaps.org?address=A0412","Female","Lymph",151730,22.4,15.0,32.6,27620,34.2,18.9,69.7,27005,"","","",73970,"","","",17290,"","","",2,59490,0.0,19.5,34.5,16.2,18.4,11.2,49.8,11.2,"","","","","",""
"A0412","Contra Costa","Pittsburg","https://www.californiahealthmaps.org?address=A0412","Male","Urinary",145720,17.0,9.6,28.6,25380,"","","",22705,"","","",76320,"","","",16065,"","","",2,59490,0.0,19.5,34.5,16.2,18.4,11.2,49.8,11.2,"","","","","",""
"A0412","Contra Costa","Pittsburg","https://www.californiahealthmaps.org?address=A0412","Female","Urinary",151730,"","","",27620,"","","",27005,"","","",73970,"","","",17290,"","","",2,59490,0.0,19.5,34.5,16.2,18.4,11.2,49.8,11.2,"","","","","",""
"A0412","Contra Costa","Pittsburg","https://www.californiahealthmaps.org?address=A0412","Male","Kidney",145720,20.4,12.3,32.4,25380,"","","",22705,"","","",76320,"","","",16065,"","","",2,59490,0.0,19.5,34.5,16.2,18.4,11.2,49.8,11.2,"","","","","",""
"A0412","Contra Costa","Pittsburg","https://www.californiahealthmaps.org?address=A0412","Female","Kidney",151730,16.7,10.5,25.7,27620,"","","",27005,"","","",73970,"","","",17290,"","","",2,59490,0.0,19.5,34.5,16.2,18.4,11.2,49.8,11.2,"","","","","",""
"A0412","Contra Costa","Pittsburg","https://www.californiahealthmaps.org?address=A0412","Male","Thyroid",145720,"","","",25380,"","","",22705,"","","",76320,"","","",16065,"","","",2,59490,0.0,19.5,34.5,16.2,18.4,11.2,49.8,11.2,"","","","","",""
"A0412","Contra Costa","Pittsburg","https://www.californiahealthmaps.org?address=A0412","Female","Thyroid",151730,17.0,10.7,26.1,27620,"","","",27005,"","","",73970,"","","",17290,"","","",2,59490,0.0,19.5,34.5,16.2,18.4,11.2,49.8,11.2,"","","","","",""
"A0412","Contra Costa","Pittsburg","https://www.californiahealthmaps.org?address=A0412","Male","Liver",145720,28.4,19.5,41.0,25380,"","","",22705,"","","",76320,"","","",16065,"","","",2,59490,0.0,19.5,34.5,16.2,18.4,11.2,49.8,11.2,"","","","","",""
"A0412","Contra Costa","Pittsburg","https://www.californiahealthmaps.org?address=A0412","Female","Liver",151730,"","","",27620,"","","",27005,"","","",73970,"","","",17290,"","","",2,59490,0.0,19.5,34.5,16.2,18.4,11.2,49.8,11.2,"","","","","",""
"A0412","Contra Costa","Pittsburg","https://www.californiahealthmaps.org?address=A0412","Male","Pancreas",145720,20.7,12.3,33.3,25380,"","","",22705,"","","",76320,"","","",16065,"","","",2,59490,0.0,19.5,34.5,16.2,18.4,11.2,49.8,11.2,"","","","","",""
"A0412","Contra Costa","Pittsburg","https://www.californiahealthmaps.org?address=A0412","Female","Pancreas",151730,12.8,7.4,21.1,27620,"","","",27005,"","","",73970,"","","",17290,"","","",2,59490,0.0,19.5,34.5,16.2,18.4,11.2,49.8,11.2,"","","","","",""
"A0412","Contra Costa","Pittsburg","https://www.californiahealthmaps.org?address=A0412","Both","AllSite",297450,499.0,469.9,529.6,53000,544.3,490.9,605.3,49710,645.2,566.0,734.0,150290,440.4,389.1,497.6,33355,415.8,350.3,491.8,2,59490,0.0,19.5,34.5,16.2,18.4,11.2,49.8,11.2,"","","","","",""
"A0412","Contra Costa","Pittsburg","https://www.californiahealthmaps.org?address=A0412","Both","Lung",297450,69.7,58.6,82.5,53000,81.4,61.8,109.6,49710,105.4,73.8,147.6,150290,50.8,33.2,75.3,33355,49.5,27.9,83.0,2,59490,0.0,19.5,34.5,16.2,18.4,11.2,49.8,11.2,"","","","","",""
"A0412","Contra Costa","Pittsburg","https://www.californiahealthmaps.org?address=A0412","Both","CRC",297450,49.3,40.4,59.9,53000,39.0,26.2,61.0,49710,89.9,60.7,129.8,150290,37.4,24.2,56.9,33355,48.2,27.7,80.2,2,59490,0.0,19.5,34.5,16.2,18.4,11.2,49.8,11.2,"","","","","",""
"A0412","Contra Costa","Pittsburg","https://www.californiahealthmaps.org?address=A0412","Both","Mela",297450,9.7,6.1,15.1,53000,24.0,13.5,44.5,49710,"","","",150290,"","","",33355,"","","",2,59490,0.0,19.5,34.5,16.2,18.4,11.2,49.8,11.2,"","","","","",""
"A0412","Contra Costa","Pittsburg","https://www.californiahealthmaps.org?address=A0412","Both","Lymph",297450,24.1,18.2,31.7,53000,31.5,19.6,52.9,49710,"","","",150290,27.6,16.0,45.8,33355,"","","",2,59490,0.0,19.5,34.5,16.2,18.4,11.2,49.8,11.2,"","","","","",""
"A0412","Contra Costa","Pittsburg","https://www.californiahealthmaps.org?address=A0412","Both","Urinary",297450,9.5,5.8,14.9,53000,"","","",49710,"","","",150290,"","","",33355,"","","",2,59490,0.0,19.5,34.5,16.2,18.4,11.2,49.8,11.2,"","","","","",""
"A0412","Contra Costa","Pittsburg","https://www.californiahealthmaps.org?address=A0412","Both","Kidney",297450,18.2,13.1,24.9,53000,"","","",49710,"","","",150290,23.4,13.1,40.2,33355,"","","",2,59490,0.0,19.5,34.5,16.2,18.4,11.2,49.8,11.2,"","","","","",""
"A0412","Contra Costa","Pittsburg","https://www.californiahealthmaps.org?address=A0412","Both","Thyroid",297450,13.3,9.1,19.1,53000,"","","",49710,"","","",150290,20.4,11.3,36.0,33355,"","","",2,59490,0.0,19.5,34.5,16.2,18.4,11.2,49.8,11.2,"","","","","",""
"A0412","Contra Costa","Pittsburg","https://www.californiahealthmaps.org?address=A0412","Both","Liver",297450,18.1,13.1,24.6,53000,20.2,11.6,38.8,49710,"","","",150290,"","","",33355,"","","",2,59490,0.0,19.5,34.5,16.2,18.4,11.2,49.8,11.2,"","","","","",""
"A0412","Contra Costa","Pittsburg","https://www.californiahealthmaps.org?address=A0412","Both","Pancreas",297450,16.0,11.1,22.5,53000,18.5,10.2,36.9,49710,"","","",150290,"","","",33355,"","","",2,59490,0.0,19.5,34.5,16.2,18.4,11.2,49.8,11.2,"","","","","",""
