"Zone","Counties","Cities","URL","Sex","Cancer","PopTot","AAIR","LCI","UCI","White_PopTot","White_AAIR","White_LCI","White_UCI","Black_PopTot","Black_AAIR","Black_LCI","Black_UCI","Hispanic_PopTot","Hispanic_AAIR","Hispanic_LCI","Hispanic_UCI","Asian_PopTot","Asian_AAIR","Asian_LCI","Asian_UCI","QNSES","PopAll","PerRural","PerUninsured","PerForeignBorn","PerWhite","PerBlack","PerAsian","PerHispanic","PerAPI","PerDocvisit","PerFOBT","PerMammo","PerMenPrev","PerPap","PerWomenPrev"
"A0805","Sonoma","Petaluma","https://www.californiahealthmaps.org?address=A0805","Male","AllSite",170640,545.1,509.9,582.3,117475,551.5,512.6,593.3,"","","","",36840,536.5,408.9,701.2,"","","","",4,70090,8.7,11.6,16.1,70.4,1.3,5.2,19.9,5.2,"","","","","",""
"A0805","Sonoma","Petaluma","https://www.californiahealthmaps.org?address=A0805","Female","AllSite",179810,466.9,438.3,497.2,126605,501.0,467.2,537.4,"","","","",35320,378.1,294.3,480.9,"","","","",4,70090,8.7,11.6,16.1,70.4,1.3,5.2,19.9,5.2,"","","","","",""
"A0805","Sonoma","Petaluma","https://www.californiahealthmaps.org?address=A0805","Male","Prostate",170640,100.6,86.5,116.7,117475,93.9,79.2,111.5,"","","","",36840,120.2,70.4,208.4,"","","","",4,70090,8.7,11.6,16.1,70.4,1.3,5.2,19.9,5.2,"","","","","",""
"A0805","Sonoma","Petaluma","https://www.californiahealthmaps.org?address=A0805","Female","Breast",179810,138.3,122.9,155.5,126605,148.0,129.9,168.7,"","","","",35320,97.8,59.4,155.7,"","","","",4,70090,8.7,11.6,16.1,70.4,1.3,5.2,19.9,5.2,"","","","","",""
"A0805","Sonoma","Petaluma","https://www.californiahealthmaps.org?address=A0805","Male","Lung",170640,56.3,45.0,69.7,117475,55.2,43.2,70.2,"","","","",36840,"","","","","","","",4,70090,8.7,11.6,16.1,70.4,1.3,5.2,19.9,5.2,"","","","","",""
"A0805","Sonoma","Petaluma","https://www.californiahealthmaps.org?address=A0805","Female","Lung",179810,48.9,40.1,59.6,126605,52.3,42.3,65.0,"","","","",35320,"","","","","","","",4,70090,8.7,11.6,16.1,70.4,1.3,5.2,19.9,5.2,"","","","","",""
"A0805","Sonoma","Petaluma","https://www.californiahealthmaps.org?address=A0805","Male","CRC",170640,54.9,44.1,67.7,117475,55.7,43.9,70.4,"","","","",36840,"","","","","","","",4,70090,8.7,11.6,16.1,70.4,1.3,5.2,19.9,5.2,"","","","","",""
"A0805","Sonoma","Petaluma","https://www.californiahealthmaps.org?address=A0805","Female","CRC",179810,40.2,32.2,50.1,126605,45.4,35.4,58.4,"","","","",35320,"","","","","","","",4,70090,8.7,11.6,16.1,70.4,1.3,5.2,19.9,5.2,"","","","","",""
"A0805","Sonoma","Petaluma","https://www.californiahealthmaps.org?address=A0805","Male","Mela",170640,56.8,45.8,70.0,117475,63.8,50.8,79.7,"","","","",36840,"","","","","","","",4,70090,8.7,11.6,16.1,70.4,1.3,5.2,19.9,5.2,"","","","","",""
"A0805","Sonoma","Petaluma","https://www.californiahealthmaps.org?address=A0805","Female","Mela",179810,29.9,23.1,38.6,126605,36.2,27.4,48.0,"","","","",35320,"","","","","","","",4,70090,8.7,11.6,16.1,70.4,1.3,5.2,19.9,5.2,"","","","","",""
"A0805","Sonoma","Petaluma","https://www.californiahealthmaps.org?address=A0805","Female","Uterine",179810,36.6,29.0,46.0,126605,38.8,30.2,50.2,"","","","",35320,"","","","","","","",4,70090,8.7,11.6,16.1,70.4,1.3,5.2,19.9,5.2,"","","","","",""
"A0805","Sonoma","Petaluma","https://www.californiahealthmaps.org?address=A0805","Male","Lymph",170640,22.9,16.2,31.7,117475,26.2,18.2,37.4,"","","","",36840,"","","","","","","",4,70090,8.7,11.6,16.1,70.4,1.3,5.2,19.9,5.2,"","","","","",""
"A0805","Sonoma","Petaluma","https://www.californiahealthmaps.org?address=A0805","Female","Lymph",179810,19.9,14.3,27.3,126605,18.1,12.3,26.8,"","","","",35320,"","","","","","","",4,70090,8.7,11.6,16.1,70.4,1.3,5.2,19.9,5.2,"","","","","",""
"A0805","Sonoma","Petaluma","https://www.californiahealthmaps.org?address=A0805","Male","Urinary",170640,25.3,17.8,35.0,117475,24.7,16.9,35.8,"","","","",36840,"","","","","","","",4,70090,8.7,11.6,16.1,70.4,1.3,5.2,19.9,5.2,"","","","","",""
"A0805","Sonoma","Petaluma","https://www.californiahealthmaps.org?address=A0805","Female","Urinary",179810,"","","",126605,"","","","","","","",35320,"","","","","","","",4,70090,8.7,11.6,16.1,70.4,1.3,5.2,19.9,5.2,"","","","","",""
"A0805","Sonoma","Petaluma","https://www.californiahealthmaps.org?address=A0805","Male","Kidney",170640,20.8,14.4,29.4,117475,23.3,15.6,34.2,"","","","",36840,"","","","","","","",4,70090,8.7,11.6,16.1,70.4,1.3,5.2,19.9,5.2,"","","","","",""
"A0805","Sonoma","Petaluma","https://www.californiahealthmaps.org?address=A0805","Female","Kidney",179810,9.1,5.5,14.6,126605,11.1,6.5,19.0,"","","","",35320,"","","","","","","",4,70090,8.7,11.6,16.1,70.4,1.3,5.2,19.9,5.2,"","","","","",""
"A0805","Sonoma","Petaluma","https://www.californiahealthmaps.org?address=A0805","Male","Thyroid",170640,9.8,5.6,16.3,117475,"","","","","","","",36840,"","","","","","","",4,70090,8.7,11.6,16.1,70.4,1.3,5.2,19.9,5.2,"","","","","",""
"A0805","Sonoma","Petaluma","https://www.californiahealthmaps.org?address=A0805","Female","Thyroid",179810,16.3,11.1,23.4,126605,18.2,11.6,28.2,"","","","",35320,"","","","","","","",4,70090,8.7,11.6,16.1,70.4,1.3,5.2,19.9,5.2,"","","","","",""
"A0805","Sonoma","Petaluma","https://www.californiahealthmaps.org?address=A0805","Male","Liver",170640,18.0,12.4,25.6,117475,16.3,10.6,25.1,"","","","",36840,"","","","","","","",4,70090,8.7,11.6,16.1,70.4,1.3,5.2,19.9,5.2,"","","","","",""
"A0805","Sonoma","Petaluma","https://www.californiahealthmaps.org?address=A0805","Female","Liver",179810,6.1,3.3,10.7,126605,"","","","","","","",35320,"","","","","","","",4,70090,8.7,11.6,16.1,70.4,1.3,5.2,19.9,5.2,"","","","","",""
"A0805","Sonoma","Petaluma","https://www.californiahealthmaps.org?address=A0805","Male","Pancreas",170640,19.4,13.1,27.9,117475,19.2,12.3,29.3,"","","","",36840,"","","","","","","",4,70090,8.7,11.6,16.1,70.4,1.3,5.2,19.9,5.2,"","","","","",""
"A0805","Sonoma","Petaluma","https://www.californiahealthmaps.org?address=A0805","Female","Pancreas",179810,12.1,8.0,18.1,126605,13.5,8.7,21.2,"","","","",35320,"","","","","","","",4,70090,8.7,11.6,16.1,70.4,1.3,5.2,19.9,5.2,"","","","","",""
"A0805","Sonoma","Petaluma","https://www.californiahealthmaps.org?address=A0805","Both","AllSite",350450,495.1,473.1,518.0,244080,516.5,491.3,543.0,"","","","",72160,437.9,366.4,521.3,17390,448.9,357.8,562.2,4,70090,8.7,11.6,16.1,70.4,1.3,5.2,19.9,5.2,"","","","","",""
"A0805","Sonoma","Petaluma","https://www.californiahealthmaps.org?address=A0805","Both","Lung",350450,51.6,44.6,59.6,244080,53.0,45.3,62.1,"","","","",72160,"","","",17390,"","","",4,70090,8.7,11.6,16.1,70.4,1.3,5.2,19.9,5.2,"","","","","",""
"A0805","Sonoma","Petaluma","https://www.californiahealthmaps.org?address=A0805","Both","CRC",350450,46.2,39.7,53.7,244080,49.4,41.8,58.4,"","","","",72160,"","","",17390,"","","",4,70090,8.7,11.6,16.1,70.4,1.3,5.2,19.9,5.2,"","","","","",""
"A0805","Sonoma","Petaluma","https://www.californiahealthmaps.org?address=A0805","Both","Mela",350450,41.0,34.9,48.1,244080,47.8,40.3,56.8,"","","","",72160,"","","",17390,"","","",4,70090,8.7,11.6,16.1,70.4,1.3,5.2,19.9,5.2,"","","","","",""
"A0805","Sonoma","Petaluma","https://www.californiahealthmaps.org?address=A0805","Both","Lymph",350450,21.3,16.9,26.7,244080,21.9,16.9,28.3,"","","","",72160,"","","",17390,"","","",4,70090,8.7,11.6,16.1,70.4,1.3,5.2,19.9,5.2,"","","","","",""
"A0805","Sonoma","Petaluma","https://www.californiahealthmaps.org?address=A0805","Both","Urinary",350450,12.3,9.0,16.6,244080,12.5,8.9,17.6,"","","","",72160,"","","",17390,"","","",4,70090,8.7,11.6,16.1,70.4,1.3,5.2,19.9,5.2,"","","","","",""
"A0805","Sonoma","Petaluma","https://www.californiahealthmaps.org?address=A0805","Both","Kidney",350450,14.1,10.6,18.6,244080,16.4,12.0,22.3,"","","","",72160,"","","",17390,"","","",4,70090,8.7,11.6,16.1,70.4,1.3,5.2,19.9,5.2,"","","","","",""
"A0805","Sonoma","Petaluma","https://www.californiahealthmaps.org?address=A0805","Both","Thyroid",350450,13.0,9.6,17.4,244080,13.5,9.4,19.2,"","","","",72160,"","","",17390,"","","",4,70090,8.7,11.6,16.1,70.4,1.3,5.2,19.9,5.2,"","","","","",""
"A0805","Sonoma","Petaluma","https://www.californiahealthmaps.org?address=A0805","Both","Liver",350450,11.0,8.1,14.8,244080,10.0,7.1,14.3,"","","","",72160,"","","",17390,"","","",4,70090,8.7,11.6,16.1,70.4,1.3,5.2,19.9,5.2,"","","","","",""
"A0805","Sonoma","Petaluma","https://www.californiahealthmaps.org?address=A0805","Both","Pancreas",350450,15.4,11.7,20.0,244080,16.0,11.8,21.6,"","","","",72160,"","","",17390,"","","",4,70090,8.7,11.6,16.1,70.4,1.3,5.2,19.9,5.2,"","","","","",""
