"Zone","Counties","Cities","URL","Sex","Cancer","PopTot","AAIR","LCI","UCI","White_PopTot","White_AAIR","White_LCI","White_UCI","Black_PopTot","Black_AAIR","Black_LCI","Black_UCI","Hispanic_PopTot","Hispanic_AAIR","Hispanic_LCI","Hispanic_UCI","Asian_PopTot","Asian_AAIR","Asian_LCI","Asian_UCI","QNSES","PopAll","PerRural","PerUninsured","PerForeignBorn","PerWhite","PerBlack","PerAsian","PerHispanic","PerAPI","PerDocvisit","PerFOBT","PerMammo","PerMenPrev","PerPap","PerWomenPrev"
"A0408","Sonoma","Healdsburg, Windsor, Santa Rosa","https://www.californiahealthmaps.org?address=A0408","Male","AllSite",185345,516.5,484.3,550.5,122835,530.7,494.9,569.2,"","","","",48155,453.3,354.6,575.4,"","","","",4,75373,11.0,10.4,13.1,68.4,0.8,2.8,25.1,2.8,"","","","","",""
"A0408","Sonoma","Healdsburg, Windsor, Santa Rosa","https://www.californiahealthmaps.org?address=A0408","Female","AllSite",191520,476.1,447.8,506.0,131770,496.9,464.2,532.3,"","","","",44410,377.8,302.0,470.1,"","","","",4,75373,11.0,10.4,13.1,68.4,0.8,2.8,25.1,2.8,"","","","","",""
"A0408","Sonoma","Healdsburg, Windsor, Santa Rosa","https://www.californiahealthmaps.org?address=A0408","Male","Prostate",185345,109.0,94.8,124.9,122835,110.2,94.7,128.4,"","","","",48155,91.3,52.6,154.5,"","","","",4,75373,11.0,10.4,13.1,68.4,0.8,2.8,25.1,2.8,"","","","","",""
"A0408","Sonoma","Healdsburg, Windsor, Santa Rosa","https://www.californiahealthmaps.org?address=A0408","Female","Breast",191520,155.0,139.2,172.5,131770,166.7,148.3,187.7,"","","","",44410,77.6,46.4,126.4,"","","","",4,75373,11.0,10.4,13.1,68.4,0.8,2.8,25.1,2.8,"","","","","",""
"A0408","Sonoma","Healdsburg, Windsor, Santa Rosa","https://www.californiahealthmaps.org?address=A0408","Male","Lung",185345,49.5,39.7,61.2,122835,49.8,39.3,63.1,"","","","",48155,"","","","","","","",4,75373,11.0,10.4,13.1,68.4,0.8,2.8,25.1,2.8,"","","","","",""
"A0408","Sonoma","Healdsburg, Windsor, Santa Rosa","https://www.californiahealthmaps.org?address=A0408","Female","Lung",191520,46.1,37.8,56.2,131770,48.1,38.9,60.1,"","","","",44410,"","","","","","","",4,75373,11.0,10.4,13.1,68.4,0.8,2.8,25.1,2.8,"","","","","",""
"A0408","Sonoma","Healdsburg, Windsor, Santa Rosa","https://www.californiahealthmaps.org?address=A0408","Male","CRC",185345,48.1,38.6,59.4,122835,51.3,40.6,64.7,"","","","",48155,"","","","","","","",4,75373,11.0,10.4,13.1,68.4,0.8,2.8,25.1,2.8,"","","","","",""
"A0408","Sonoma","Healdsburg, Windsor, Santa Rosa","https://www.californiahealthmaps.org?address=A0408","Female","CRC",191520,32.2,25.3,40.8,131770,32.5,24.9,43.0,"","","","",44410,"","","","","","","",4,75373,11.0,10.4,13.1,68.4,0.8,2.8,25.1,2.8,"","","","","",""
"A0408","Sonoma","Healdsburg, Windsor, Santa Rosa","https://www.californiahealthmaps.org?address=A0408","Male","Mela",185345,64.6,53.5,77.5,122835,72.5,59.6,88.1,"","","","",48155,"","","","","","","",4,75373,11.0,10.4,13.1,68.4,0.8,2.8,25.1,2.8,"","","","","",""
"A0408","Sonoma","Healdsburg, Windsor, Santa Rosa","https://www.californiahealthmaps.org?address=A0408","Female","Mela",191520,42.2,34.0,52.2,131770,48.1,37.9,61.2,"","","","",44410,"","","","","","","",4,75373,11.0,10.4,13.1,68.4,0.8,2.8,25.1,2.8,"","","","","",""
"A0408","Sonoma","Healdsburg, Windsor, Santa Rosa","https://www.californiahealthmaps.org?address=A0408","Female","Uterine",191520,27.9,21.4,36.1,131770,27.4,20.4,37.2,"","","","",44410,"","","","","","","",4,75373,11.0,10.4,13.1,68.4,0.8,2.8,25.1,2.8,"","","","","",""
"A0408","Sonoma","Healdsburg, Windsor, Santa Rosa","https://www.californiahealthmaps.org?address=A0408","Male","Lymph",185345,33.2,25.4,42.9,122835,34.9,26.0,46.7,"","","","",48155,"","","","","","","",4,75373,11.0,10.4,13.1,68.4,0.8,2.8,25.1,2.8,"","","","","",""
"A0408","Sonoma","Healdsburg, Windsor, Santa Rosa","https://www.californiahealthmaps.org?address=A0408","Female","Lymph",191520,15.5,10.8,21.8,131770,14.6,9.8,22.5,"","","","",44410,"","","","","","","",4,75373,11.0,10.4,13.1,68.4,0.8,2.8,25.1,2.8,"","","","","",""
"A0408","Sonoma","Healdsburg, Windsor, Santa Rosa","https://www.californiahealthmaps.org?address=A0408","Male","Urinary",185345,19.0,13.0,26.9,122835,18.5,12.3,27.8,"","","","",48155,"","","","","","","",4,75373,11.0,10.4,13.1,68.4,0.8,2.8,25.1,2.8,"","","","","",""
"A0408","Sonoma","Healdsburg, Windsor, Santa Rosa","https://www.californiahealthmaps.org?address=A0408","Female","Urinary",191520,6.9,4.0,11.7,131770,6.7,3.7,13.0,"","","","",44410,"","","","","","","",4,75373,11.0,10.4,13.1,68.4,0.8,2.8,25.1,2.8,"","","","","",""
"A0408","Sonoma","Healdsburg, Windsor, Santa Rosa","https://www.californiahealthmaps.org?address=A0408","Male","Kidney",185345,21.0,14.9,28.9,122835,18.0,12.1,27.0,"","","","",48155,"","","","","","","",4,75373,11.0,10.4,13.1,68.4,0.8,2.8,25.1,2.8,"","","","","",""
"A0408","Sonoma","Healdsburg, Windsor, Santa Rosa","https://www.californiahealthmaps.org?address=A0408","Female","Kidney",191520,11.6,7.5,17.4,131770,11.9,7.3,19.8,"","","","",44410,"","","","","","","",4,75373,11.0,10.4,13.1,68.4,0.8,2.8,25.1,2.8,"","","","","",""
"A0408","Sonoma","Healdsburg, Windsor, Santa Rosa","https://www.californiahealthmaps.org?address=A0408","Male","Thyroid",185345,"","","",122835,"","","","","","","",48155,"","","","","","","",4,75373,11.0,10.4,13.1,68.4,0.8,2.8,25.1,2.8,"","","","","",""
"A0408","Sonoma","Healdsburg, Windsor, Santa Rosa","https://www.californiahealthmaps.org?address=A0408","Female","Thyroid",191520,13.3,8.7,19.9,131770,"","","","","","","",44410,"","","","","","","",4,75373,11.0,10.4,13.1,68.4,0.8,2.8,25.1,2.8,"","","","","",""
"A0408","Sonoma","Healdsburg, Windsor, Santa Rosa","https://www.californiahealthmaps.org?address=A0408","Male","Liver",185345,15.3,10.4,22.0,122835,15.1,9.9,23.2,"","","","",48155,"","","","","","","",4,75373,11.0,10.4,13.1,68.4,0.8,2.8,25.1,2.8,"","","","","",""
"A0408","Sonoma","Healdsburg, Windsor, Santa Rosa","https://www.californiahealthmaps.org?address=A0408","Female","Liver",191520,7.3,4.2,12.2,131770,"","","","","","","",44410,"","","","","","","",4,75373,11.0,10.4,13.1,68.4,0.8,2.8,25.1,2.8,"","","","","",""
"A0408","Sonoma","Healdsburg, Windsor, Santa Rosa","https://www.californiahealthmaps.org?address=A0408","Male","Pancreas",185345,16.7,11.4,23.8,122835,15.6,10.2,23.9,"","","","",48155,"","","","","","","",4,75373,11.0,10.4,13.1,68.4,0.8,2.8,25.1,2.8,"","","","","",""
"A0408","Sonoma","Healdsburg, Windsor, Santa Rosa","https://www.californiahealthmaps.org?address=A0408","Female","Pancreas",191520,15.9,11.1,22.5,131770,15.5,10.5,23.6,"","","","",44410,"","","","","","","",4,75373,11.0,10.4,13.1,68.4,0.8,2.8,25.1,2.8,"","","","","",""
"A0408","Sonoma","Healdsburg, Windsor, Santa Rosa","https://www.californiahealthmaps.org?address=A0408","Both","AllSite",376865,489.7,468.6,511.6,254605,507.8,483.8,533.0,"","","","",92565,402.6,342.4,471.4,12510,445.8,314.7,621.5,4,75373,11.0,10.4,13.1,68.4,0.8,2.8,25.1,2.8,"","","","","",""
"A0408","Sonoma","Healdsburg, Windsor, Santa Rosa","https://www.californiahealthmaps.org?address=A0408","Both","Lung",376865,47.5,41.1,54.8,254605,48.9,41.8,57.2,"","","","",92565,42.6,23.9,71.5,12510,"","","",4,75373,11.0,10.4,13.1,68.4,0.8,2.8,25.1,2.8,"","","","","",""
"A0408","Sonoma","Healdsburg, Windsor, Santa Rosa","https://www.californiahealthmaps.org?address=A0408","Both","CRC",376865,39.5,33.7,46.1,254605,40.9,34.5,48.7,"","","","",92565,35.8,19.2,62.4,12510,"","","",4,75373,11.0,10.4,13.1,68.4,0.8,2.8,25.1,2.8,"","","","","",""
"A0408","Sonoma","Healdsburg, Windsor, Santa Rosa","https://www.californiahealthmaps.org?address=A0408","Both","Mela",376865,51.2,44.5,58.7,254605,58.0,50.0,67.3,"","","","",92565,"","","",12510,"","","",4,75373,11.0,10.4,13.1,68.4,0.8,2.8,25.1,2.8,"","","","","",""
"A0408","Sonoma","Healdsburg, Windsor, Santa Rosa","https://www.californiahealthmaps.org?address=A0408","Both","Lymph",376865,23.5,19.0,28.7,254605,23.7,18.8,30.1,"","","","",92565,"","","",12510,"","","",4,75373,11.0,10.4,13.1,68.4,0.8,2.8,25.1,2.8,"","","","","",""
"A0408","Sonoma","Healdsburg, Windsor, Santa Rosa","https://www.californiahealthmaps.org?address=A0408","Both","Urinary",376865,11.9,8.8,15.9,254605,11.7,8.5,16.5,"","","","",92565,"","","",12510,"","","",4,75373,11.0,10.4,13.1,68.4,0.8,2.8,25.1,2.8,"","","","","",""
"A0408","Sonoma","Healdsburg, Windsor, Santa Rosa","https://www.californiahealthmaps.org?address=A0408","Both","Kidney",376865,15.7,12.2,20.2,254605,14.6,10.8,19.8,"","","","",92565,"","","",12510,"","","",4,75373,11.0,10.4,13.1,68.4,0.8,2.8,25.1,2.8,"","","","","",""
"A0408","Sonoma","Healdsburg, Windsor, Santa Rosa","https://www.californiahealthmaps.org?address=A0408","Both","Thyroid",376865,9.2,6.3,13.0,254605,7.1,4.1,11.9,"","","","",92565,"","","",12510,"","","",4,75373,11.0,10.4,13.1,68.4,0.8,2.8,25.1,2.8,"","","","","",""
"A0408","Sonoma","Healdsburg, Windsor, Santa Rosa","https://www.californiahealthmaps.org?address=A0408","Both","Liver",376865,10.9,8.1,14.7,254605,10.4,7.3,14.9,"","","","",92565,"","","",12510,"","","",4,75373,11.0,10.4,13.1,68.4,0.8,2.8,25.1,2.8,"","","","","",""
"A0408","Sonoma","Healdsburg, Windsor, Santa Rosa","https://www.californiahealthmaps.org?address=A0408","Both","Pancreas",376865,16.3,12.7,20.8,254605,15.6,11.9,20.8,"","","","",92565,"","","",12510,"","","",4,75373,11.0,10.4,13.1,68.4,0.8,2.8,25.1,2.8,"","","","","",""
