"Zone","Counties","Cities","URL","Sex","Cancer","PopTot","AAIR","LCI","UCI","White_PopTot","White_AAIR","White_LCI","White_UCI","Black_PopTot","Black_AAIR","Black_LCI","Black_UCI","Hispanic_PopTot","Hispanic_AAIR","Hispanic_LCI","Hispanic_UCI","Asian_PopTot","Asian_AAIR","Asian_LCI","Asian_UCI","QNSES","PopAll","PerRural","PerUninsured","PerForeignBorn","PerWhite","PerBlack","PerAsian","PerHispanic"
"A0691","Los Angeles","Los Angeles","https://www.californiahealthmaps.org?address=A0691","Male","AllSite",158110,457.7,420.3,497.7,66990,498.7,449.3,553.5,"","","","",72720,345.6,281.1,423.7,"","","","",2,63413,0.0,29.0,40.3,40.7,5.1,5.1,47.3
"A0691","Los Angeles","Los Angeles","https://www.californiahealthmaps.org?address=A0691","Female","AllSite",158955,398.7,368.3,431.2,65210,430.3,386.8,479.6,"","","","",73655,360.4,307.6,421.0,"","","","",2,63413,0.0,29.0,40.3,40.7,5.1,5.1,47.3
"A0691","Los Angeles","Los Angeles","https://www.californiahealthmaps.org?address=A0691","Male","Prostate",158110,95.6,79.0,115.0,66990,93.4,73.1,119.5,"","","","",72720,97.3,62.6,147.3,"","","","",2,63413,0.0,29.0,40.3,40.7,5.1,5.1,47.3
"A0691","Los Angeles","Los Angeles","https://www.californiahealthmaps.org?address=A0691","Female","Breast",158955,137.1,119.7,156.5,65210,149.1,124.0,180.6,"","","","",73655,124.5,95.1,161.7,"","","","",2,63413,0.0,29.0,40.3,40.7,5.1,5.1,47.3
"A0691","Los Angeles","Los Angeles","https://www.californiahealthmaps.org?address=A0691","Male","Lung",158110,52.0,39.5,67.4,66990,70.2,52.3,94.1,"","","","",72720,"","","","","","","",2,63413,0.0,29.0,40.3,40.7,5.1,5.1,47.3
"A0691","Los Angeles","Los Angeles","https://www.californiahealthmaps.org?address=A0691","Female","Lung",158955,34.2,25.5,45.1,65210,41.3,29.1,60.4,"","","","",73655,"","","","","","","",2,63413,0.0,29.0,40.3,40.7,5.1,5.1,47.3
"A0691","Los Angeles","Los Angeles","https://www.californiahealthmaps.org?address=A0691","Male","CRC",158110,54.8,42.5,70.0,66990,51.5,36.9,72.1,"","","","",72720,66.2,38.7,109.2,"","","","",2,63413,0.0,29.0,40.3,40.7,5.1,5.1,47.3
"A0691","Los Angeles","Los Angeles","https://www.californiahealthmaps.org?address=A0691","Female","CRC",158955,32.1,24.0,42.3,65210,39.4,27.4,58.3,"","","","",73655,"","","","","","","",2,63413,0.0,29.0,40.3,40.7,5.1,5.1,47.3
"A0691","Los Angeles","Los Angeles","https://www.californiahealthmaps.org?address=A0691","Male","Mela",158110,13.6,7.8,22.4,66990,"","","","","","","",72720,"","","","","","","",2,63413,0.0,29.0,40.3,40.7,5.1,5.1,47.3
"A0691","Los Angeles","Los Angeles","https://www.californiahealthmaps.org?address=A0691","Female","Mela",158955,4.8,2.1,10.0,65210,"","","","","","","",73655,"","","","","","","",2,63413,0.0,29.0,40.3,40.7,5.1,5.1,47.3
"A0691","Los Angeles","Los Angeles","https://www.californiahealthmaps.org?address=A0691","Female","Uterine",158955,27.0,19.6,36.6,65210,26.8,17.0,44.0,"","","","",73655,"","","","","","","",2,63413,0.0,29.0,40.3,40.7,5.1,5.1,47.3
"A0691","Los Angeles","Los Angeles","https://www.californiahealthmaps.org?address=A0691","Male","Lymph",158110,26.9,18.5,38.1,66990,25.4,15.1,42.0,"","","","",72720,"","","","","","","",2,63413,0.0,29.0,40.3,40.7,5.1,5.1,47.3
"A0691","Los Angeles","Los Angeles","https://www.californiahealthmaps.org?address=A0691","Female","Lymph",158955,20.0,13.5,28.7,65210,17.7,9.8,33.3,"","","","",73655,33.4,17.9,58.1,"","","","",2,63413,0.0,29.0,40.3,40.7,5.1,5.1,47.3
"A0691","Los Angeles","Los Angeles","https://www.californiahealthmaps.org?address=A0691","Male","Urinary",158110,20.8,13.3,31.3,66990,31.1,19.7,48.7,"","","","",72720,"","","","","","","",2,63413,0.0,29.0,40.3,40.7,5.1,5.1,47.3
"A0691","Los Angeles","Los Angeles","https://www.californiahealthmaps.org?address=A0691","Female","Urinary",158955,3.2,1.0,7.8,65210,"","","","","","","",73655,"","","","","","","",2,63413,0.0,29.0,40.3,40.7,5.1,5.1,47.3
"A0691","Los Angeles","Los Angeles","https://www.californiahealthmaps.org?address=A0691","Male","Kidney",158110,29.9,21.0,41.6,66990,32.1,20.4,50.1,"","","","",72720,"","","","","","","",2,63413,0.0,29.0,40.3,40.7,5.1,5.1,47.3
"A0691","Los Angeles","Los Angeles","https://www.californiahealthmaps.org?address=A0691","Female","Kidney",158955,5.9,2.8,11.4,65210,"","","","","","","",73655,"","","","","","","",2,63413,0.0,29.0,40.3,40.7,5.1,5.1,47.3
"A0691","Los Angeles","Los Angeles","https://www.californiahealthmaps.org?address=A0691","Male","Thyroid",158110,5.4,2.3,11.6,66990,"","","","","","","",72720,"","","","","","","",2,63413,0.0,29.0,40.3,40.7,5.1,5.1,47.3
"A0691","Los Angeles","Los Angeles","https://www.californiahealthmaps.org?address=A0691","Female","Thyroid",158955,19.9,13.7,28.4,65210,23.5,13.5,41.3,"","","","",73655,"","","","","","","",2,63413,0.0,29.0,40.3,40.7,5.1,5.1,47.3
"A0691","Los Angeles","Los Angeles","https://www.californiahealthmaps.org?address=A0691","Both","AllSite",317065,418.4,395.0,443.0,132200,451.2,419.3,485.9,12350,493.2,340.5,724.6,146375,351.4,310.3,397.4,17790,355.5,274.5,461.0,2,63413,0.0,29.0,40.3,40.7,5.1,5.1,47.3
"A0691","Los Angeles","Los Angeles","https://www.californiahealthmaps.org?address=A0691","Both","Lung",317065,41.6,34.2,50.3,132200,53.8,43.2,67.4,12350,"","","",146375,"","","",17790,"","","",2,63413,0.0,29.0,40.3,40.7,5.1,5.1,47.3
"A0691","Los Angeles","Los Angeles","https://www.californiahealthmaps.org?address=A0691","Both","CRC",317065,41.4,34.3,49.6,132200,43.8,34.5,56.1,12350,"","","",146375,35.6,23.0,53.6,17790,"","","",2,63413,0.0,29.0,40.3,40.7,5.1,5.1,47.3
"A0691","Los Angeles","Los Angeles","https://www.californiahealthmaps.org?address=A0691","Both","Mela",317065,8.6,5.5,13.0,132200,12.3,7.4,20.6,12350,"","","",146375,"","","",17790,"","","",2,63413,0.0,29.0,40.3,40.7,5.1,5.1,47.3
"A0691","Los Angeles","Los Angeles","https://www.californiahealthmaps.org?address=A0691","Both","Lymph",317065,22.9,17.6,29.4,132200,20.4,14.1,30.0,12350,"","","",146375,29.1,17.8,46.0,17790,"","","",2,63413,0.0,29.0,40.3,40.7,5.1,5.1,47.3
"A0691","Los Angeles","Los Angeles","https://www.californiahealthmaps.org?address=A0691","Both","Urinary",317065,10.8,7.3,15.7,132200,15.4,10.1,24.1,12350,"","","",146375,"","","",17790,"","","",2,63413,0.0,29.0,40.3,40.7,5.1,5.1,47.3
"A0691","Los Angeles","Los Angeles","https://www.californiahealthmaps.org?address=A0691","Both","Kidney",317065,16.7,12.2,22.3,132200,18.0,12.1,27.3,12350,"","","",146375,17.8,9.9,31.0,17790,"","","",2,63413,0.0,29.0,40.3,40.7,5.1,5.1,47.3
"A0691","Los Angeles","Los Angeles","https://www.californiahealthmaps.org?address=A0691","Both","Thyroid",317065,12.8,9.1,17.6,132200,15.5,9.8,24.7,12350,"","","",146375,13.1,7.1,24.4,17790,"","","",2,63413,0.0,29.0,40.3,40.7,5.1,5.1,47.3
