"Zone","Counties","Cities","URL","Sex","Cancer","PopTot","AAIR","LCI","UCI","White_PopTot","White_AAIR","White_LCI","White_UCI","Black_PopTot","Black_AAIR","Black_LCI","Black_UCI","Hispanic_PopTot","Hispanic_AAIR","Hispanic_LCI","Hispanic_UCI","Asian_PopTot","Asian_AAIR","Asian_LCI","Asian_UCI","QNSES","PopAll","PerRural","PerUninsured","PerForeignBorn","PerWhite","PerBlack","PerAsian","PerHispanic"
"A0482","Riverside","Hemet, San Jacinto","https://www.californiahealthmaps.org?address=A0482","Male","AllSite",149820,463.9,432.1,497.8,64505,464.1,423.1,509.9,"","","","",68845,405.6,340.9,481.6,"","","","",1,63326,0.7,20.8,17.3,44.3,5.2,2.1,45.9
"A0482","Riverside","Hemet, San Jacinto","https://www.californiahealthmaps.org?address=A0482","Female","AllSite",166810,413.3,385.0,443.5,78205,412.2,373.6,455.8,"","","","",70240,366.0,313.0,426.4,"","","","",1,63326,0.7,20.8,17.3,44.3,5.2,2.1,45.9
"A0482","Riverside","Hemet, San Jacinto","https://www.californiahealthmaps.org?address=A0482","Male","Prostate",149820,91.1,77.4,107.0,64505,79.4,64.2,99.8,"","","","",68845,88.1,60.8,127.3,"","","","",1,63326,0.7,20.8,17.3,44.3,5.2,2.1,45.9
"A0482","Riverside","Hemet, San Jacinto","https://www.californiahealthmaps.org?address=A0482","Female","Breast",166810,119.8,104.4,137.3,78205,113.1,93.0,138.6,"","","","",70240,109.8,82.1,145.1,"","","","",1,63326,0.7,20.8,17.3,44.3,5.2,2.1,45.9
"A0482","Riverside","Hemet, San Jacinto","https://www.californiahealthmaps.org?address=A0482","Male","Lung",149820,64.7,53.6,78.1,64505,68.4,54.8,87.2,"","","","",68845,45.0,24.1,79.5,"","","","",1,63326,0.7,20.8,17.3,44.3,5.2,2.1,45.9
"A0482","Riverside","Hemet, San Jacinto","https://www.californiahealthmaps.org?address=A0482","Female","Lung",166810,52.5,43.5,63.6,78205,58.0,46.1,75.3,"","","","",70240,"","","","","","","",1,63326,0.7,20.8,17.3,44.3,5.2,2.1,45.9
"A0482","Riverside","Hemet, San Jacinto","https://www.californiahealthmaps.org?address=A0482","Male","CRC",149820,52.4,41.9,65.2,64505,54.7,40.6,74.6,"","","","",68845,50.1,28.1,85.5,"","","","",1,63326,0.7,20.8,17.3,44.3,5.2,2.1,45.9
"A0482","Riverside","Hemet, San Jacinto","https://www.californiahealthmaps.org?address=A0482","Female","CRC",166810,36.8,29.2,46.5,78205,41.5,29.2,59.9,"","","","",70240,"","","","","","","",1,63326,0.7,20.8,17.3,44.3,5.2,2.1,45.9
"A0482","Riverside","Hemet, San Jacinto","https://www.californiahealthmaps.org?address=A0482","Male","Mela",149820,21.8,15.4,30.6,64505,31.0,20.6,47.6,"","","","",68845,"","","","","","","",1,63326,0.7,20.8,17.3,44.3,5.2,2.1,45.9
"A0482","Riverside","Hemet, San Jacinto","https://www.californiahealthmaps.org?address=A0482","Female","Mela",166810,15.7,10.4,23.3,78205,23.5,14.5,39.1,"","","","",70240,"","","","","","","",1,63326,0.7,20.8,17.3,44.3,5.2,2.1,45.9
"A0482","Riverside","Hemet, San Jacinto","https://www.californiahealthmaps.org?address=A0482","Female","Uterine",166810,30.7,23.2,40.4,78205,28.1,18.6,43.7,"","","","",70240,35.1,20.7,57.4,"","","","",1,63326,0.7,20.8,17.3,44.3,5.2,2.1,45.9
"A0482","Riverside","Hemet, San Jacinto","https://www.californiahealthmaps.org?address=A0482","Male","Lymph",149820,20.4,13.9,29.4,64505,24.0,14.2,40.4,"","","","",68845,"","","","","","","",1,63326,0.7,20.8,17.3,44.3,5.2,2.1,45.9
"A0482","Riverside","Hemet, San Jacinto","https://www.californiahealthmaps.org?address=A0482","Female","Lymph",166810,17.8,12.5,25.1,78205,16.7,9.9,30.2,"","","","",70240,"","","","","","","",1,63326,0.7,20.8,17.3,44.3,5.2,2.1,45.9
"A0482","Riverside","Hemet, San Jacinto","https://www.californiahealthmaps.org?address=A0482","Male","Urinary",149820,21.6,15.5,30.1,64505,28.1,19.4,42.6,"","","","",68845,"","","","","","","",1,63326,0.7,20.8,17.3,44.3,5.2,2.1,45.9
"A0482","Riverside","Hemet, San Jacinto","https://www.californiahealthmaps.org?address=A0482","Female","Urinary",166810,3.9,2.0,8.1,78205,"","","","","","","",70240,"","","","","","","",1,63326,0.7,20.8,17.3,44.3,5.2,2.1,45.9
"A0482","Riverside","Hemet, San Jacinto","https://www.californiahealthmaps.org?address=A0482","Male","Kidney",149820,21.0,14.7,29.7,64505,16.9,10.1,30.0,"","","","",68845,"","","","","","","",1,63326,0.7,20.8,17.3,44.3,5.2,2.1,45.9
"A0482","Riverside","Hemet, San Jacinto","https://www.californiahealthmaps.org?address=A0482","Female","Kidney",166810,12.4,7.9,19.2,78205,12.9,7.3,25.2,"","","","",70240,"","","","","","","",1,63326,0.7,20.8,17.3,44.3,5.2,2.1,45.9
"A0482","Riverside","Hemet, San Jacinto","https://www.californiahealthmaps.org?address=A0482","Male","Thyroid",149820,4.2,1.7,9.4,64505,"","","","","","","",68845,"","","","","","","",1,63326,0.7,20.8,17.3,44.3,5.2,2.1,45.9
"A0482","Riverside","Hemet, San Jacinto","https://www.californiahealthmaps.org?address=A0482","Female","Thyroid",166810,15.8,10.1,24.0,78205,"","","","","","","",70240,"","","","","","","",1,63326,0.7,20.8,17.3,44.3,5.2,2.1,45.9
"A0482","Riverside","Hemet, San Jacinto","https://www.californiahealthmaps.org?address=A0482","Both","AllSite",316630,431.1,410.2,453.1,142710,429.8,401.9,460.0,17830,753.1,613.1,921.7,139085,375.6,335.3,420.1,"","","","",1,63326,0.7,20.8,17.3,44.3,5.2,2.1,45.9
"A0482","Riverside","Hemet, San Jacinto","https://www.californiahealthmaps.org?address=A0482","Both","Lung",316630,57.3,50.2,65.4,142710,61.9,52.9,73.4,17830,"","","",139085,35.0,23.2,51.4,"","","","",1,63326,0.7,20.8,17.3,44.3,5.2,2.1,45.9
"A0482","Riverside","Hemet, San Jacinto","https://www.californiahealthmaps.org?address=A0482","Both","CRC",316630,43.7,37.3,51.2,142710,46.8,37.5,58.9,17830,"","","",139085,33.3,21.7,49.6,"","","","",1,63326,0.7,20.8,17.3,44.3,5.2,2.1,45.9
"A0482","Riverside","Hemet, San Jacinto","https://www.californiahealthmaps.org?address=A0482","Both","Mela",316630,17.9,13.7,23.1,142710,26.1,19.2,35.9,17830,"","","",139085,"","","","","","","",1,63326,0.7,20.8,17.3,44.3,5.2,2.1,45.9
"A0482","Riverside","Hemet, San Jacinto","https://www.californiahealthmaps.org?address=A0482","Both","Lymph",316630,19.0,14.8,24.4,142710,20.1,14.0,29.3,17830,"","","",139085,"","","","","","","",1,63326,0.7,20.8,17.3,44.3,5.2,2.1,45.9
"A0482","Riverside","Hemet, San Jacinto","https://www.californiahealthmaps.org?address=A0482","Both","Urinary",316630,11.4,8.5,15.4,142710,14.2,10.2,21.2,17830,"","","",139085,"","","","","","","",1,63326,0.7,20.8,17.3,44.3,5.2,2.1,45.9
"A0482","Riverside","Hemet, San Jacinto","https://www.californiahealthmaps.org?address=A0482","Both","Kidney",316630,16.1,12.2,21.0,142710,14.4,9.9,21.8,17830,"","","",139085,17.8,10.2,29.9,"","","","",1,63326,0.7,20.8,17.3,44.3,5.2,2.1,45.9
"A0482","Riverside","Hemet, San Jacinto","https://www.californiahealthmaps.org?address=A0482","Both","Thyroid",316630,10.3,7.0,14.8,142710,7.5,3.7,14.9,17830,"","","",139085,"","","","","","","",1,63326,0.7,20.8,17.3,44.3,5.2,2.1,45.9
