"Zone","Counties","Cities","URL","Sex","Cancer","PopTot","AAIR","LCI","UCI","White_PopTot","White_AAIR","White_LCI","White_UCI","Black_PopTot","Black_AAIR","Black_LCI","Black_UCI","Hispanic_PopTot","Hispanic_AAIR","Hispanic_LCI","Hispanic_UCI","Asian_PopTot","Asian_AAIR","Asian_LCI","Asian_UCI","QNSES","PopAll","PerRural","PerUninsured","PerForeignBorn","PerWhite","PerBlack","PerAsian","PerHispanic","PerAPI","PerDocvisit","PerFOBT","PerMammo","PerMenPrev","PerPap","PerWomenPrev"
"A0814","Los Angeles","Los Angeles","https://www.californiahealthmaps.org?address=A0814","Male","AllSite",156475,392.9,357.8,430.9,32075,430.5,366.1,507.2,"","","","",92485,391.9,337.2,454.4,24190,285.8,223.7,362.9,3,64072,0.0,24.1,37.3,20.4,2.5,14.7,60.4,14.7,"","","","","",""
"A0814","Los Angeles","Los Angeles","https://www.californiahealthmaps.org?address=A0814","Female","AllSite",163885,353.0,324.3,383.7,31460,411.7,353.1,484.5,"","","","",96625,326.9,286.5,372.1,27670,321.1,261.7,395.0,3,64072,0.0,24.1,37.3,20.4,2.5,14.7,60.4,14.7,"","","","","",""
"A0814","Los Angeles","Los Angeles","https://www.californiahealthmaps.org?address=A0814","Male","Prostate",156475,77.6,62.4,95.8,32075,81.8,55.8,121.2,"","","","",92485,80.2,56.0,112.9,24190,"","","",3,64072,0.0,24.1,37.3,20.4,2.5,14.7,60.4,14.7,"","","","","",""
"A0814","Los Angeles","Los Angeles","https://www.californiahealthmaps.org?address=A0814","Female","Breast",163885,110.1,94.5,127.7,31460,142.9,109.7,191.5,"","","","",96625,95.1,74.4,120.8,27670,103.9,72.0,151.5,3,64072,0.0,24.1,37.3,20.4,2.5,14.7,60.4,14.7,"","","","","",""
"A0814","Los Angeles","Los Angeles","https://www.californiahealthmaps.org?address=A0814","Male","Lung",156475,40.6,29.5,54.9,32075,46.0,26.6,80.0,"","","","",92485,"","","",24190,"","","",3,64072,0.0,24.1,37.3,20.4,2.5,14.7,60.4,14.7,"","","","","",""
"A0814","Los Angeles","Los Angeles","https://www.californiahealthmaps.org?address=A0814","Female","Lung",163885,31.1,22.7,41.9,31460,40.6,23.8,75.6,"","","","",96625,"","","",27670,"","","",3,64072,0.0,24.1,37.3,20.4,2.5,14.7,60.4,14.7,"","","","","",""
"A0814","Los Angeles","Los Angeles","https://www.californiahealthmaps.org?address=A0814","Male","CRC",156475,54.3,41.8,69.8,32075,45.9,26.8,79.4,"","","","",92485,53.4,35.0,79.9,24190,59.5,33.9,101.2,3,64072,0.0,24.1,37.3,20.4,2.5,14.7,60.4,14.7,"","","","","",""
"A0814","Los Angeles","Los Angeles","https://www.californiahealthmaps.org?address=A0814","Female","CRC",163885,31.1,23.0,41.4,31460,40.4,24.1,74.7,"","","","",96625,26.1,15.2,42.5,27670,"","","",3,64072,0.0,24.1,37.3,20.4,2.5,14.7,60.4,14.7,"","","","","",""
"A0814","Los Angeles","Los Angeles","https://www.californiahealthmaps.org?address=A0814","Male","Mela",156475,16.9,10.2,26.8,32075,45.4,26.7,78.6,"","","","",92485,"","","",24190,"","","",3,64072,0.0,24.1,37.3,20.4,2.5,14.7,60.4,14.7,"","","","","",""
"A0814","Los Angeles","Los Angeles","https://www.californiahealthmaps.org?address=A0814","Female","Mela",163885,9.5,5.3,16.0,31460,"","","","","","","",96625,"","","",27670,"","","",3,64072,0.0,24.1,37.3,20.4,2.5,14.7,60.4,14.7,"","","","","",""
"A0814","Los Angeles","Los Angeles","https://www.californiahealthmaps.org?address=A0814","Female","Uterine",163885,28.1,20.6,37.6,31460,33.9,18.8,67.6,"","","","",96625,26.5,16.5,41.5,27670,"","","",3,64072,0.0,24.1,37.3,20.4,2.5,14.7,60.4,14.7,"","","","","",""
"A0814","Los Angeles","Los Angeles","https://www.californiahealthmaps.org?address=A0814","Male","Lymph",156475,22.4,14.9,32.9,32075,"","","","","","","",92485,"","","",24190,"","","",3,64072,0.0,24.1,37.3,20.4,2.5,14.7,60.4,14.7,"","","","","",""
"A0814","Los Angeles","Los Angeles","https://www.californiahealthmaps.org?address=A0814","Female","Lymph",163885,18.5,12.3,27.0,31460,"","","","","","","",96625,"","","",27670,"","","",3,64072,0.0,24.1,37.3,20.4,2.5,14.7,60.4,14.7,"","","","","",""
"A0814","Los Angeles","Los Angeles","https://www.californiahealthmaps.org?address=A0814","Male","Urinary",156475,15.8,9.0,26.2,32075,"","","","","","","",92485,"","","",24190,"","","",3,64072,0.0,24.1,37.3,20.4,2.5,14.7,60.4,14.7,"","","","","",""
"A0814","Los Angeles","Los Angeles","https://www.californiahealthmaps.org?address=A0814","Female","Urinary",163885,"","","",31460,"","","","","","","",96625,"","","",27670,"","","",3,64072,0.0,24.1,37.3,20.4,2.5,14.7,60.4,14.7,"","","","","",""
"A0814","Los Angeles","Los Angeles","https://www.californiahealthmaps.org?address=A0814","Male","Kidney",156475,16.6,10.6,25.7,32075,"","","","","","","",92485,23.9,13.4,42.4,24190,"","","",3,64072,0.0,24.1,37.3,20.4,2.5,14.7,60.4,14.7,"","","","","",""
"A0814","Los Angeles","Los Angeles","https://www.californiahealthmaps.org?address=A0814","Female","Kidney",163885,"","","",31460,"","","","","","","",96625,"","","",27670,"","","",3,64072,0.0,24.1,37.3,20.4,2.5,14.7,60.4,14.7,"","","","","",""
"A0814","Los Angeles","Los Angeles","https://www.californiahealthmaps.org?address=A0814","Male","Thyroid",156475,"","","",32075,"","","","","","","",92485,"","","",24190,"","","",3,64072,0.0,24.1,37.3,20.4,2.5,14.7,60.4,14.7,"","","","","",""
"A0814","Los Angeles","Los Angeles","https://www.californiahealthmaps.org?address=A0814","Female","Thyroid",163885,19.3,13.1,27.6,31460,"","","","","","","",96625,21.2,12.7,34.7,27670,"","","",3,64072,0.0,24.1,37.3,20.4,2.5,14.7,60.4,14.7,"","","","","",""
"A0814","Los Angeles","Los Angeles","https://www.californiahealthmaps.org?address=A0814","Male","Liver",156475,18.7,11.5,29.1,32075,"","","","","","","",92485,"","","",24190,"","","",3,64072,0.0,24.1,37.3,20.4,2.5,14.7,60.4,14.7,"","","","","",""
"A0814","Los Angeles","Los Angeles","https://www.californiahealthmaps.org?address=A0814","Female","Liver",163885,"","","",31460,"","","","","","","",96625,"","","",27670,"","","",3,64072,0.0,24.1,37.3,20.4,2.5,14.7,60.4,14.7,"","","","","",""
"A0814","Los Angeles","Los Angeles","https://www.californiahealthmaps.org?address=A0814","Male","Pancreas",156475,"","","",32075,"","","","","","","",92485,"","","",24190,"","","",3,64072,0.0,24.1,37.3,20.4,2.5,14.7,60.4,14.7,"","","","","",""
"A0814","Los Angeles","Los Angeles","https://www.californiahealthmaps.org?address=A0814","Female","Pancreas",163885,9.7,5.4,16.4,31460,"","","","","","","",96625,"","","",27670,"","","",3,64072,0.0,24.1,37.3,20.4,2.5,14.7,60.4,14.7,"","","","","",""
"A0814","Los Angeles","Los Angeles","https://www.californiahealthmaps.org?address=A0814","Both","AllSite",320360,366.9,344.8,390.2,63535,417.4,374.0,466.9,"","","","",189110,349.0,316.5,384.4,51860,306.2,262.5,356.7,3,64072,0.0,24.1,37.3,20.4,2.5,14.7,60.4,14.7,"","","","","",""
"A0814","Los Angeles","Los Angeles","https://www.californiahealthmaps.org?address=A0814","Both","Lung",320360,35.0,28.1,43.2,63535,42.1,29.2,62.2,"","","","",189110,21.6,13.6,32.9,51860,40.4,25.4,62.9,3,64072,0.0,24.1,37.3,20.4,2.5,14.7,60.4,14.7,"","","","","",""
"A0814","Los Angeles","Los Angeles","https://www.californiahealthmaps.org?address=A0814","Both","CRC",320360,41.6,34.3,50.1,63535,44.3,31.0,64.7,"","","","",189110,37.8,27.5,51.2,51860,45.1,29.5,68.1,3,64072,0.0,24.1,37.3,20.4,2.5,14.7,60.4,14.7,"","","","","",""
"A0814","Los Angeles","Los Angeles","https://www.californiahealthmaps.org?address=A0814","Both","Mela",320360,12.5,8.7,17.6,63535,31.3,20.5,49.4,"","","","",189110,"","","",51860,"","","",3,64072,0.0,24.1,37.3,20.4,2.5,14.7,60.4,14.7,"","","","","",""
"A0814","Los Angeles","Los Angeles","https://www.californiahealthmaps.org?address=A0814","Both","Lymph",320360,20.3,15.4,26.5,63535,26.3,16.4,43.8,"","","","",189110,18.3,11.8,28.0,51860,"","","",3,64072,0.0,24.1,37.3,20.4,2.5,14.7,60.4,14.7,"","","","","",""
"A0814","Los Angeles","Los Angeles","https://www.californiahealthmaps.org?address=A0814","Both","Urinary",320360,7.5,4.5,11.8,63535,"","","","","","","",189110,"","","",51860,"","","",3,64072,0.0,24.1,37.3,20.4,2.5,14.7,60.4,14.7,"","","","","",""
"A0814","Los Angeles","Los Angeles","https://www.californiahealthmaps.org?address=A0814","Both","Kidney",320360,11.1,7.6,15.8,63535,"","","","","","","",189110,16.7,10.5,25.9,51860,"","","",3,64072,0.0,24.1,37.3,20.4,2.5,14.7,60.4,14.7,"","","","","",""
"A0814","Los Angeles","Los Angeles","https://www.californiahealthmaps.org?address=A0814","Both","Thyroid",320360,12.4,8.8,17.1,63535,"","","","","","","",189110,13.7,8.7,21.6,51860,"","","",3,64072,0.0,24.1,37.3,20.4,2.5,14.7,60.4,14.7,"","","","","",""
"A0814","Los Angeles","Los Angeles","https://www.californiahealthmaps.org?address=A0814","Both","Liver",320360,12.0,8.2,17.1,63535,"","","","","","","",189110,17.7,10.6,28.2,51860,"","","",3,64072,0.0,24.1,37.3,20.4,2.5,14.7,60.4,14.7,"","","","","",""
"A0814","Los Angeles","Los Angeles","https://www.californiahealthmaps.org?address=A0814","Both","Pancreas",320360,10.7,7.0,15.6,63535,"","","","","","","",189110,"","","",51860,"","","",3,64072,0.0,24.1,37.3,20.4,2.5,14.7,60.4,14.7,"","","","","",""
