"Zone","Counties","Cities","URL","Sex","Cancer","PopTot","AAIR","LCI","UCI","White_PopTot","White_AAIR","White_LCI","White_UCI","Black_PopTot","Black_AAIR","Black_LCI","Black_UCI","Hispanic_PopTot","Hispanic_AAIR","Hispanic_LCI","Hispanic_UCI","Asian_PopTot","Asian_AAIR","Asian_LCI","Asian_UCI","QNSES","PopAll","PerRural","PerUninsured","PerForeignBorn","PerWhite","PerBlack","PerAsian","PerHispanic","PerAPI","PerDocvisit","PerFOBT","PerMammo","PerMenPrev","PerPap","PerWomenPrev"
"A0955","Orange","Orange, Anaheim","https://www.californiahealthmaps.org?address=A0955","Male","AllSite",143250,462.3,429.1,497.6,81590,467.3,428.0,510.7,"","","","",35415,498.6,388.5,636.6,20085,389.9,308.2,492.8,5,58337,0.0,11.0,21.8,57.3,1.4,14.6,23.8,14.6,67.2,69.5,79.4,41.7,83.3,34.9
"A0955","Orange","Orange, Anaheim","https://www.californiahealthmaps.org?address=A0955","Female","AllSite",148435,410.7,381.6,441.8,84070,420.4,384.1,460.8,"","","","",36270,379.7,305.5,468.9,22225,372.0,296.9,463.9,5,58337,0.0,11.0,21.8,57.3,1.4,14.6,23.8,14.6,67.2,69.5,79.4,41.7,83.3,34.9
"A0955","Orange","Orange, Anaheim","https://www.californiahealthmaps.org?address=A0955","Male","Prostate",143250,119.4,103.3,137.7,81590,115.6,97.5,138.0,"","","","",35415,141.9,89.0,223.7,20085,96.7,56.9,160.7,5,58337,0.0,11.0,21.8,57.3,1.4,14.6,23.8,14.6,67.2,69.5,79.4,41.7,83.3,34.9
"A0955","Orange","Orange, Anaheim","https://www.californiahealthmaps.org?address=A0955","Female","Breast",148435,138.2,121.5,156.9,84070,136.9,116.5,161.5,"","","","",36270,168.9,121.1,232.1,22225,93.8,59.4,145.7,5,58337,0.0,11.0,21.8,57.3,1.4,14.6,23.8,14.6,67.2,69.5,79.4,41.7,83.3,34.9
"A0955","Orange","Orange, Anaheim","https://www.californiahealthmaps.org?address=A0955","Male","Lung",143250,34.5,25.7,45.6,81590,33.7,23.9,48.1,"","","","",35415,"","","",20085,"","","",5,58337,0.0,11.0,21.8,57.3,1.4,14.6,23.8,14.6,67.2,69.5,79.4,41.7,83.3,34.9
"A0955","Orange","Orange, Anaheim","https://www.californiahealthmaps.org?address=A0955","Female","Lung",148435,41.8,33.2,52.5,84070,47.7,36.8,63.0,"","","","",36270,"","","",22225,"","","",5,58337,0.0,11.0,21.8,57.3,1.4,14.6,23.8,14.6,67.2,69.5,79.4,41.7,83.3,34.9
"A0955","Orange","Orange, Anaheim","https://www.californiahealthmaps.org?address=A0955","Male","CRC",143250,39.5,30.2,51.1,81590,43.7,31.6,60.7,"","","","",35415,"","","",20085,"","","",5,58337,0.0,11.0,21.8,57.3,1.4,14.6,23.8,14.6,67.2,69.5,79.4,41.7,83.3,34.9
"A0955","Orange","Orange, Anaheim","https://www.californiahealthmaps.org?address=A0955","Female","CRC",148435,32.7,25.1,42.4,84070,36.2,26.9,50.0,"","","","",36270,"","","",22225,"","","",5,58337,0.0,11.0,21.8,57.3,1.4,14.6,23.8,14.6,67.2,69.5,79.4,41.7,83.3,34.9
"A0955","Orange","Orange, Anaheim","https://www.californiahealthmaps.org?address=A0955","Male","Mela",143250,46.5,36.5,58.9,81590,53.5,41.0,70.6,"","","","",35415,"","","",20085,"","","",5,58337,0.0,11.0,21.8,57.3,1.4,14.6,23.8,14.6,67.2,69.5,79.4,41.7,83.3,34.9
"A0955","Orange","Orange, Anaheim","https://www.californiahealthmaps.org?address=A0955","Female","Mela",148435,27.0,19.6,36.6,84070,35.9,25.0,51.8,"","","","",36270,"","","",22225,"","","",5,58337,0.0,11.0,21.8,57.3,1.4,14.6,23.8,14.6,67.2,69.5,79.4,41.7,83.3,34.9
"A0955","Orange","Orange, Anaheim","https://www.californiahealthmaps.org?address=A0955","Female","Uterine",148435,24.0,17.6,32.4,84070,26.3,18.6,38.9,"","","","",36270,"","","",22225,"","","",5,58337,0.0,11.0,21.8,57.3,1.4,14.6,23.8,14.6,67.2,69.5,79.4,41.7,83.3,34.9
"A0955","Orange","Orange, Anaheim","https://www.californiahealthmaps.org?address=A0955","Male","Lymph",143250,26.2,18.9,35.7,81590,25.2,16.7,38.6,"","","","",35415,"","","",20085,"","","",5,58337,0.0,11.0,21.8,57.3,1.4,14.6,23.8,14.6,67.2,69.5,79.4,41.7,83.3,34.9
"A0955","Orange","Orange, Anaheim","https://www.californiahealthmaps.org?address=A0955","Female","Lymph",148435,13.5,8.8,20.3,84070,12.6,7.4,23.0,"","","","",36270,"","","",22225,"","","",5,58337,0.0,11.0,21.8,57.3,1.4,14.6,23.8,14.6,67.2,69.5,79.4,41.7,83.3,34.9
"A0955","Orange","Orange, Anaheim","https://www.californiahealthmaps.org?address=A0955","Male","Urinary",143250,15.9,10.1,24.2,81590,15.3,9.0,26.6,"","","","",35415,"","","",20085,"","","",5,58337,0.0,11.0,21.8,57.3,1.4,14.6,23.8,14.6,67.2,69.5,79.4,41.7,83.3,34.9
"A0955","Orange","Orange, Anaheim","https://www.californiahealthmaps.org?address=A0955","Female","Urinary",148435,"","","",84070,"","","","","","","",36270,"","","",22225,"","","",5,58337,0.0,11.0,21.8,57.3,1.4,14.6,23.8,14.6,67.2,69.5,79.4,41.7,83.3,34.9
"A0955","Orange","Orange, Anaheim","https://www.californiahealthmaps.org?address=A0955","Male","Kidney",143250,21.0,14.4,30.0,81590,19.6,12.3,31.7,"","","","",35415,"","","",20085,"","","",5,58337,0.0,11.0,21.8,57.3,1.4,14.6,23.8,14.6,67.2,69.5,79.4,41.7,83.3,34.9
"A0955","Orange","Orange, Anaheim","https://www.californiahealthmaps.org?address=A0955","Female","Kidney",148435,"","","",84070,"","","","","","","",36270,"","","",22225,"","","",5,58337,0.0,11.0,21.8,57.3,1.4,14.6,23.8,14.6,67.2,69.5,79.4,41.7,83.3,34.9
"A0955","Orange","Orange, Anaheim","https://www.californiahealthmaps.org?address=A0955","Male","Thyroid",143250,10.2,5.9,17.0,81590,12.5,6.9,23.4,"","","","",35415,"","","",20085,"","","",5,58337,0.0,11.0,21.8,57.3,1.4,14.6,23.8,14.6,67.2,69.5,79.4,41.7,83.3,34.9
"A0955","Orange","Orange, Anaheim","https://www.californiahealthmaps.org?address=A0955","Female","Thyroid",148435,29.5,21.7,39.7,84070,32.8,22.0,48.8,"","","","",36270,"","","",22225,"","","",5,58337,0.0,11.0,21.8,57.3,1.4,14.6,23.8,14.6,67.2,69.5,79.4,41.7,83.3,34.9
"A0955","Orange","Orange, Anaheim","https://www.californiahealthmaps.org?address=A0955","Male","Liver",143250,10.7,6.2,17.8,81590,"","","","","","","",35415,"","","",20085,"","","",5,58337,0.0,11.0,21.8,57.3,1.4,14.6,23.8,14.6,67.2,69.5,79.4,41.7,83.3,34.9
"A0955","Orange","Orange, Anaheim","https://www.californiahealthmaps.org?address=A0955","Female","Liver",148435,"","","",84070,"","","","","","","",36270,"","","",22225,"","","",5,58337,0.0,11.0,21.8,57.3,1.4,14.6,23.8,14.6,67.2,69.5,79.4,41.7,83.3,34.9
"A0955","Orange","Orange, Anaheim","https://www.californiahealthmaps.org?address=A0955","Male","Pancreas",143250,15.4,9.7,23.4,81590,14.2,8.0,25.7,"","","","",35415,"","","",20085,"","","",5,58337,0.0,11.0,21.8,57.3,1.4,14.6,23.8,14.6,67.2,69.5,79.4,41.7,83.3,34.9
"A0955","Orange","Orange, Anaheim","https://www.californiahealthmaps.org?address=A0955","Female","Pancreas",148435,10.9,6.6,17.5,84070,"","","","","","","",36270,"","","",22225,"","","",5,58337,0.0,11.0,21.8,57.3,1.4,14.6,23.8,14.6,67.2,69.5,79.4,41.7,83.3,34.9
"A0955","Orange","Orange, Anaheim","https://www.californiahealthmaps.org?address=A0955","Both","AllSite",291685,431.3,409.6,454.1,165660,438.9,412.4,467.3,"","","","",71685,421.9,358.8,494.1,42310,374.7,320.2,437.3,5,58337,0.0,11.0,21.8,57.3,1.4,14.6,23.8,14.6,67.2,69.5,79.4,41.7,83.3,34.9
"A0955","Orange","Orange, Anaheim","https://www.californiahealthmaps.org?address=A0955","Both","Lung",291685,38.3,32.1,45.6,165660,41.0,33.5,50.6,"","","","",71685,"","","",42310,40.0,23.6,65.5,5,58337,0.0,11.0,21.8,57.3,1.4,14.6,23.8,14.6,67.2,69.5,79.4,41.7,83.3,34.9
"A0955","Orange","Orange, Anaheim","https://www.californiahealthmaps.org?address=A0955","Both","CRC",291685,35.8,29.8,42.9,165660,39.7,32.0,49.6,"","","","",71685,"","","",42310,"","","",5,58337,0.0,11.0,21.8,57.3,1.4,14.6,23.8,14.6,67.2,69.5,79.4,41.7,83.3,34.9
"A0955","Orange","Orange, Anaheim","https://www.californiahealthmaps.org?address=A0955","Both","Mela",291685,35.8,29.6,43.0,165660,43.7,35.4,54.2,"","","","",71685,"","","",42310,"","","",5,58337,0.0,11.0,21.8,57.3,1.4,14.6,23.8,14.6,67.2,69.5,79.4,41.7,83.3,34.9
"A0955","Orange","Orange, Anaheim","https://www.californiahealthmaps.org?address=A0955","Both","Lymph",291685,19.5,15.2,25.0,165660,18.9,13.8,26.3,"","","","",71685,"","","",42310,"","","",5,58337,0.0,11.0,21.8,57.3,1.4,14.6,23.8,14.6,67.2,69.5,79.4,41.7,83.3,34.9
"A0955","Orange","Orange, Anaheim","https://www.californiahealthmaps.org?address=A0955","Both","Urinary",291685,9.2,6.3,13.3,165660,9.3,6.0,15.1,"","","","",71685,"","","",42310,"","","",5,58337,0.0,11.0,21.8,57.3,1.4,14.6,23.8,14.6,67.2,69.5,79.4,41.7,83.3,34.9
"A0955","Orange","Orange, Anaheim","https://www.californiahealthmaps.org?address=A0955","Both","Kidney",291685,12.3,8.9,16.8,165660,10.4,6.8,16.4,"","","","",71685,"","","",42310,"","","",5,58337,0.0,11.0,21.8,57.3,1.4,14.6,23.8,14.6,67.2,69.5,79.4,41.7,83.3,34.9
"A0955","Orange","Orange, Anaheim","https://www.californiahealthmaps.org?address=A0955","Both","Thyroid",291685,20.1,15.5,25.9,165660,22.6,16.4,31.3,"","","","",71685,"","","",42310,"","","",5,58337,0.0,11.0,21.8,57.3,1.4,14.6,23.8,14.6,67.2,69.5,79.4,41.7,83.3,34.9
"A0955","Orange","Orange, Anaheim","https://www.californiahealthmaps.org?address=A0955","Both","Liver",291685,7.7,5.0,11.5,165660,"","","","","","","",71685,"","","",42310,"","","",5,58337,0.0,11.0,21.8,57.3,1.4,14.6,23.8,14.6,67.2,69.5,79.4,41.7,83.3,34.9
"A0955","Orange","Orange, Anaheim","https://www.californiahealthmaps.org?address=A0955","Both","Pancreas",291685,12.6,9.2,17.3,165660,10.9,7.2,17.1,"","","","",71685,"","","",42310,"","","",5,58337,0.0,11.0,21.8,57.3,1.4,14.6,23.8,14.6,67.2,69.5,79.4,41.7,83.3,34.9
