"Zone","Counties","Cities","URL","Sex","Cancer","PopTot","AAIR","LCI","UCI","White_PopTot","White_AAIR","White_LCI","White_UCI","Black_PopTot","Black_AAIR","Black_LCI","Black_UCI","Hispanic_PopTot","Hispanic_AAIR","Hispanic_LCI","Hispanic_UCI","Asian_PopTot","Asian_AAIR","Asian_LCI","Asian_UCI","QNSES","PopAll","PerRural","PerUninsured","PerForeignBorn","PerWhite","PerBlack","PerAsian","PerHispanic"
"A0538","San Bernardino","Rialto","https://www.californiahealthmaps.org?address=A0538","Male","AllSite",154615,506.6,454.3,564.8,16605,501.1,406.4,620.7,18935,608.0,472.1,795.9,112995,505.2,428.1,595.7,"","","","",1,63195,0.0,28.0,28.9,12.3,12.2,3.0,70.4
"A0538","San Bernardino","Rialto","https://www.californiahealthmaps.org?address=A0538","Female","AllSite",161360,400.7,362.8,441.9,17170,475.1,391.2,580.8,22410,431.2,335.9,550.7,114870,353.3,304.1,410.1,"","","","",1,63195,0.0,28.0,28.9,12.3,12.2,3.0,70.4
"A0538","San Bernardino","Rialto","https://www.californiahealthmaps.org?address=A0538","Male","Prostate",154615,122.7,98.9,152.5,16605,67.9,39.4,125.2,18935,222.4,148.4,353.2,112995,123.3,88.2,172.3,"","","","",1,63195,0.0,28.0,28.9,12.3,12.2,3.0,70.4
"A0538","San Bernardino","Rialto","https://www.californiahealthmaps.org?address=A0538","Female","Breast",161360,104.4,86.2,125.9,17170,101.9,66.7,161.5,22410,147.8,98.0,221.9,114870,92.5,70.1,122.6,"","","","",1,63195,0.0,28.0,28.9,12.3,12.2,3.0,70.4
"A0538","San Bernardino","Rialto","https://www.californiahealthmaps.org?address=A0538","Male","Lung",154615,69.0,49.1,95.8,16605,71.8,39.3,133.9,18935,"","","",112995,68.6,39.6,113.6,"","","","",1,63195,0.0,28.0,28.9,12.3,12.2,3.0,70.4
"A0538","San Bernardino","Rialto","https://www.californiahealthmaps.org?address=A0538","Female","Lung",161360,33.6,22.7,48.2,17170,"","","",22410,"","","",114870,"","","","","","","",1,63195,0.0,28.0,28.9,12.3,12.2,3.0,70.4
"A0538","San Bernardino","Rialto","https://www.californiahealthmaps.org?address=A0538","Male","CRC",154615,53.9,38.4,75.8,16605,72.0,39.0,135.0,18935,"","","",112995,45.2,25.9,79.2,"","","","",1,63195,0.0,28.0,28.9,12.3,12.2,3.0,70.4
"A0538","San Bernardino","Rialto","https://www.californiahealthmaps.org?address=A0538","Female","CRC",161360,46.8,34.3,62.8,17170,"","","",22410,"","","",114870,35.2,21.5,57.3,"","","","",1,63195,0.0,28.0,28.9,12.3,12.2,3.0,70.4
"A0538","San Bernardino","Rialto","https://www.californiahealthmaps.org?address=A0538","Male","Mela",154615,12.0,5.3,26.1,16605,"","","",18935,"","","",112995,"","","","","","","",1,63195,0.0,28.0,28.9,12.3,12.2,3.0,70.4
"A0538","San Bernardino","Rialto","https://www.californiahealthmaps.org?address=A0538","Female","Mela",161360,2.1,0.2,8.6,17170,"","","",22410,"","","",114870,"","","","","","","",1,63195,0.0,28.0,28.9,12.3,12.2,3.0,70.4
"A0538","San Bernardino","Rialto","https://www.californiahealthmaps.org?address=A0538","Female","Uterine",161360,43.2,31.9,57.8,17170,78.7,47.3,135.5,22410,"","","",114870,34.1,21.1,55.4,"","","","",1,63195,0.0,28.0,28.9,12.3,12.2,3.0,70.4
"A0538","San Bernardino","Rialto","https://www.californiahealthmaps.org?address=A0538","Male","Lymph",154615,25.2,13.8,43.9,16605,"","","",18935,"","","",112995,"","","","","","","",1,63195,0.0,28.0,28.9,12.3,12.2,3.0,70.4
"A0538","San Bernardino","Rialto","https://www.californiahealthmaps.org?address=A0538","Female","Lymph",161360,10.3,5.0,19.3,17170,"","","",22410,"","","",114870,"","","","","","","",1,63195,0.0,28.0,28.9,12.3,12.2,3.0,70.4
"A0538","San Bernardino","Rialto","https://www.californiahealthmaps.org?address=A0538","Male","Urinary",154615,9.7,3.1,24.6,16605,"","","",18935,"","","",112995,"","","","","","","",1,63195,0.0,28.0,28.9,12.3,12.2,3.0,70.4
"A0538","San Bernardino","Rialto","https://www.californiahealthmaps.org?address=A0538","Female","Urinary",161360,5.4,1.5,14.0,17170,"","","",22410,"","","",114870,"","","","","","","",1,63195,0.0,28.0,28.9,12.3,12.2,3.0,70.4
"A0538","San Bernardino","Rialto","https://www.californiahealthmaps.org?address=A0538","Male","Kidney",154615,25.8,15.1,43.5,16605,"","","",18935,"","","",112995,"","","","","","","",1,63195,0.0,28.0,28.9,12.3,12.2,3.0,70.4
"A0538","San Bernardino","Rialto","https://www.californiahealthmaps.org?address=A0538","Female","Kidney",161360,17.0,10.0,27.8,17170,"","","",22410,"","","",114870,24.4,13.0,44.7,"","","","",1,63195,0.0,28.0,28.9,12.3,12.2,3.0,70.4
"A0538","San Bernardino","Rialto","https://www.californiahealthmaps.org?address=A0538","Male","Thyroid",154615,2.5,0.5,13.2,16605,"","","",18935,"","","",112995,"","","","","","","",1,63195,0.0,28.0,28.9,12.3,12.2,3.0,70.4
"A0538","San Bernardino","Rialto","https://www.californiahealthmaps.org?address=A0538","Female","Thyroid",161360,21.6,14.2,32.4,17170,"","","",22410,"","","",114870,27.0,15.2,47.4,"","","","",1,63195,0.0,28.0,28.9,12.3,12.2,3.0,70.4
"A0538","San Bernardino","Rialto","https://www.californiahealthmaps.org?address=A0538","Both","AllSite",315975,442.9,412.0,475.9,33775,486.2,423.1,560.3,41345,509.2,428.1,605.9,227865,411.4,368.7,458.9,"","","","",1,63195,0.0,28.0,28.9,12.3,12.2,3.0,70.4
"A0538","San Bernardino","Rialto","https://www.californiahealthmaps.org?address=A0538","Both","Lung",315975,47.8,37.3,60.7,33775,53.9,34.9,85.8,41345,56.8,32.2,99.5,227865,44.0,29.1,64.7,"","","","",1,63195,0.0,28.0,28.9,12.3,12.2,3.0,70.4
"A0538","San Bernardino","Rialto","https://www.californiahealthmaps.org?address=A0538","Both","CRC",315975,49.7,39.8,61.8,33775,62.6,40.6,97.7,41345,66.3,39.2,111.3,227865,38.9,27.4,55.5,"","","","",1,63195,0.0,28.0,28.9,12.3,12.2,3.0,70.4
"A0538","San Bernardino","Rialto","https://www.californiahealthmaps.org?address=A0538","Both","Mela",315975,6.5,3.2,12.3,33775,"","","",41345,"","","",227865,"","","","","","","",1,63195,0.0,28.0,28.9,12.3,12.2,3.0,70.4
"A0538","San Bernardino","Rialto","https://www.californiahealthmaps.org?address=A0538","Both","Lymph",315975,16.1,10.5,24.2,33775,"","","",41345,"","","",227865,14.1,7.2,26.6,"","","","",1,63195,0.0,28.0,28.9,12.3,12.2,3.0,70.4
"A0538","San Bernardino","Rialto","https://www.californiahealthmaps.org?address=A0538","Both","Urinary",315975,7.4,3.5,14.2,33775,"","","",41345,"","","",227865,"","","","","","","",1,63195,0.0,28.0,28.9,12.3,12.2,3.0,70.4
"A0538","San Bernardino","Rialto","https://www.californiahealthmaps.org?address=A0538","Both","Kidney",315975,20.5,14.3,29.0,33775,"","","",41345,"","","",227865,24.3,14.8,39.4,"","","","",1,63195,0.0,28.0,28.9,12.3,12.2,3.0,70.4
"A0538","San Bernardino","Rialto","https://www.californiahealthmaps.org?address=A0538","Both","Thyroid",315975,12.8,8.5,19.3,33775,"","","",41345,"","","",227865,15.9,8.8,28.5,"","","","",1,63195,0.0,28.0,28.9,12.3,12.2,3.0,70.4
