"Zone","Counties","Cities","URL","Sex","Cancer","PopTot","AAIR","LCI","UCI","White_PopTot","White_AAIR","White_LCI","White_UCI","Black_PopTot","Black_AAIR","Black_LCI","Black_UCI","Hispanic_PopTot","Hispanic_AAIR","Hispanic_LCI","Hispanic_UCI","Asian_PopTot","Asian_AAIR","Asian_LCI","Asian_UCI","QNSES","PopAll","PerRural","PerUninsured","PerForeignBorn","PerWhite","PerBlack","PerAsian","PerHispanic","PerAPI","PerDocvisit","PerFOBT","PerMammo","PerMenPrev","PerPap","PerWomenPrev"
"A1068","San Bernardino","Barstow, Twentynine Palms, Yucca Valley","https://www.californiahealthmaps.org?address=A1068","Male","AllSite",186020,456.9,425.1,490.8,104745,480.4,441.4,522.9,12755,431.7,303.0,609.8,56465,351.9,287.2,430.3,"","","","",1,70393,51.7,16.7,9.4,53.8,7.0,3.6,31.6,3.6,"","","","","",""
"A1068","San Bernardino","Barstow, Twentynine Palms, Yucca Valley","https://www.californiahealthmaps.org?address=A1068","Female","AllSite",165945,402.3,372.7,434.1,89625,439.1,400.6,481.2,11245,329.7,213.6,496.5,52215,350.4,291.6,418.6,"","","","",1,70393,51.7,16.7,9.4,53.8,7.0,3.6,31.6,3.6,"","","","","",""
"A1068","San Bernardino","Barstow, Twentynine Palms, Yucca Valley","https://www.californiahealthmaps.org?address=A1068","Male","Prostate",186020,108.3,93.5,125.1,104745,94.8,78.9,114.3,12755,162.9,92.5,284.5,56465,84.1,55.3,127.3,"","","","",1,70393,51.7,16.7,9.4,53.8,7.0,3.6,31.6,3.6,"","","","","",""
"A1068","San Bernardino","Barstow, Twentynine Palms, Yucca Valley","https://www.californiahealthmaps.org?address=A1068","Female","Breast",165945,105.3,90.4,122.3,89625,107.3,88.8,129.6,11245,"","","",52215,99.2,69.5,138.5,"","","","",1,70393,51.7,16.7,9.4,53.8,7.0,3.6,31.6,3.6,"","","","","",""
"A1068","San Bernardino","Barstow, Twentynine Palms, Yucca Valley","https://www.californiahealthmaps.org?address=A1068","Male","Lung",186020,55.6,44.9,68.5,104745,68.6,54.6,86.3,12755,"","","",56465,"","","","","","","",1,70393,51.7,16.7,9.4,53.8,7.0,3.6,31.6,3.6,"","","","","",""
"A1068","San Bernardino","Barstow, Twentynine Palms, Yucca Valley","https://www.californiahealthmaps.org?address=A1068","Female","Lung",165945,59.1,48.2,72.1,89625,67.4,53.5,85.1,11245,"","","",52215,"","","","","","","",1,70393,51.7,16.7,9.4,53.8,7.0,3.6,31.6,3.6,"","","","","",""
"A1068","San Bernardino","Barstow, Twentynine Palms, Yucca Valley","https://www.californiahealthmaps.org?address=A1068","Male","CRC",186020,52.0,41.6,64.6,104745,50.5,38.5,66.3,12755,"","","",56465,48.6,25.9,87.3,"","","","",1,70393,51.7,16.7,9.4,53.8,7.0,3.6,31.6,3.6,"","","","","",""
"A1068","San Bernardino","Barstow, Twentynine Palms, Yucca Valley","https://www.californiahealthmaps.org?address=A1068","Female","CRC",165945,44.5,35.1,56.1,89625,40.5,29.7,55.3,11245,"","","",52215,55.3,33.5,87.3,"","","","",1,70393,51.7,16.7,9.4,53.8,7.0,3.6,31.6,3.6,"","","","","",""
"A1068","San Bernardino","Barstow, Twentynine Palms, Yucca Valley","https://www.californiahealthmaps.org?address=A1068","Male","Mela",186020,23.8,16.7,33.2,104745,33.2,23.0,47.4,12755,"","","",56465,"","","","","","","",1,70393,51.7,16.7,9.4,53.8,7.0,3.6,31.6,3.6,"","","","","",""
"A1068","San Bernardino","Barstow, Twentynine Palms, Yucca Valley","https://www.californiahealthmaps.org?address=A1068","Female","Mela",165945,16.3,10.7,24.2,89625,22.0,14.0,34.4,11245,"","","",52215,"","","","","","","",1,70393,51.7,16.7,9.4,53.8,7.0,3.6,31.6,3.6,"","","","","",""
"A1068","San Bernardino","Barstow, Twentynine Palms, Yucca Valley","https://www.californiahealthmaps.org?address=A1068","Female","Uterine",165945,27.3,20.0,36.9,89625,28.0,18.8,41.5,11245,"","","",52215,"","","","","","","",1,70393,51.7,16.7,9.4,53.8,7.0,3.6,31.6,3.6,"","","","","",""
"A1068","San Bernardino","Barstow, Twentynine Palms, Yucca Valley","https://www.californiahealthmaps.org?address=A1068","Male","Lymph",186020,13.0,8.1,20.2,104745,15.1,9.0,25.3,12755,"","","",56465,"","","","","","","",1,70393,51.7,16.7,9.4,53.8,7.0,3.6,31.6,3.6,"","","","","",""
"A1068","San Bernardino","Barstow, Twentynine Palms, Yucca Valley","https://www.californiahealthmaps.org?address=A1068","Female","Lymph",165945,12.0,7.5,18.9,89625,13.9,8.0,24.2,11245,"","","",52215,"","","","","","","",1,70393,51.7,16.7,9.4,53.8,7.0,3.6,31.6,3.6,"","","","","",""
"A1068","San Bernardino","Barstow, Twentynine Palms, Yucca Valley","https://www.californiahealthmaps.org?address=A1068","Male","Urinary",186020,22.6,15.8,31.8,104745,26.6,18.0,39.2,12755,"","","",56465,"","","","","","","",1,70393,51.7,16.7,9.4,53.8,7.0,3.6,31.6,3.6,"","","","","",""
"A1068","San Bernardino","Barstow, Twentynine Palms, Yucca Valley","https://www.californiahealthmaps.org?address=A1068","Female","Urinary",165945,"","","",89625,"","","",11245,"","","",52215,"","","","","","","",1,70393,51.7,16.7,9.4,53.8,7.0,3.6,31.6,3.6,"","","","","",""
"A1068","San Bernardino","Barstow, Twentynine Palms, Yucca Valley","https://www.californiahealthmaps.org?address=A1068","Male","Kidney",186020,16.7,11.3,24.2,104745,16.1,10.0,26.2,12755,"","","",56465,"","","","","","","",1,70393,51.7,16.7,9.4,53.8,7.0,3.6,31.6,3.6,"","","","","",""
"A1068","San Bernardino","Barstow, Twentynine Palms, Yucca Valley","https://www.californiahealthmaps.org?address=A1068","Female","Kidney",165945,17.0,11.1,25.2,89625,16.0,9.0,27.6,11245,"","","",52215,"","","","","","","",1,70393,51.7,16.7,9.4,53.8,7.0,3.6,31.6,3.6,"","","","","",""
"A1068","San Bernardino","Barstow, Twentynine Palms, Yucca Valley","https://www.californiahealthmaps.org?address=A1068","Male","Thyroid",186020,"","","",104745,"","","",12755,"","","",56465,"","","","","","","",1,70393,51.7,16.7,9.4,53.8,7.0,3.6,31.6,3.6,"","","","","",""
"A1068","San Bernardino","Barstow, Twentynine Palms, Yucca Valley","https://www.californiahealthmaps.org?address=A1068","Female","Thyroid",165945,14.2,8.8,22.0,89625,17.3,9.6,29.7,11245,"","","",52215,"","","","","","","",1,70393,51.7,16.7,9.4,53.8,7.0,3.6,31.6,3.6,"","","","","",""
"A1068","San Bernardino","Barstow, Twentynine Palms, Yucca Valley","https://www.californiahealthmaps.org?address=A1068","Male","Liver",186020,11.9,7.3,18.8,104745,"","","",12755,"","","",56465,"","","","","","","",1,70393,51.7,16.7,9.4,53.8,7.0,3.6,31.6,3.6,"","","","","",""
"A1068","San Bernardino","Barstow, Twentynine Palms, Yucca Valley","https://www.californiahealthmaps.org?address=A1068","Female","Liver",165945,"","","",89625,"","","",11245,"","","",52215,"","","","","","","",1,70393,51.7,16.7,9.4,53.8,7.0,3.6,31.6,3.6,"","","","","",""
"A1068","San Bernardino","Barstow, Twentynine Palms, Yucca Valley","https://www.californiahealthmaps.org?address=A1068","Male","Pancreas",186020,15.1,10.0,22.5,104745,13.5,7.9,23.3,12755,"","","",56465,"","","","","","","",1,70393,51.7,16.7,9.4,53.8,7.0,3.6,31.6,3.6,"","","","","",""
"A1068","San Bernardino","Barstow, Twentynine Palms, Yucca Valley","https://www.californiahealthmaps.org?address=A1068","Female","Pancreas",165945,12.5,7.7,19.5,89625,13.7,7.6,24.2,11245,"","","",52215,"","","","","","","",1,70393,51.7,16.7,9.4,53.8,7.0,3.6,31.6,3.6,"","","","","",""
"A1068","San Bernardino","Barstow, Twentynine Palms, Yucca Valley","https://www.californiahealthmaps.org?address=A1068","Both","AllSite",351965,428.5,406.8,451.3,194370,458.8,431.3,488.0,24000,374.9,287.9,485.5,108680,349.5,305.6,398.7,"","","","",1,70393,51.7,16.7,9.4,53.8,7.0,3.6,31.6,3.6,"","","","","",""
"A1068","San Bernardino","Barstow, Twentynine Palms, Yucca Valley","https://www.californiahealthmaps.org?address=A1068","Both","Lung",351965,57.5,49.8,66.4,194370,67.9,57.9,79.7,24000,"","","",108680,31.0,18.0,50.5,"","","","",1,70393,51.7,16.7,9.4,53.8,7.0,3.6,31.6,3.6,"","","","","",""
"A1068","San Bernardino","Barstow, Twentynine Palms, Yucca Valley","https://www.californiahealthmaps.org?address=A1068","Both","CRC",351965,48.3,41.2,56.5,194370,45.8,37.5,55.9,24000,"","","",108680,51.5,35.4,73.4,"","","","",1,70393,51.7,16.7,9.4,53.8,7.0,3.6,31.6,3.6,"","","","","",""
"A1068","San Bernardino","Barstow, Twentynine Palms, Yucca Valley","https://www.californiahealthmaps.org?address=A1068","Both","Mela",351965,19.7,15.2,25.4,194370,27.3,20.7,35.8,24000,"","","",108680,"","","","","","","",1,70393,51.7,16.7,9.4,53.8,7.0,3.6,31.6,3.6,"","","","","",""
"A1068","San Bernardino","Barstow, Twentynine Palms, Yucca Valley","https://www.californiahealthmaps.org?address=A1068","Both","Lymph",351965,12.4,9.0,17.0,194370,14.3,10.0,20.7,24000,"","","",108680,"","","","","","","",1,70393,51.7,16.7,9.4,53.8,7.0,3.6,31.6,3.6,"","","","","",""
"A1068","San Bernardino","Barstow, Twentynine Palms, Yucca Valley","https://www.californiahealthmaps.org?address=A1068","Both","Urinary",351965,12.2,8.8,16.8,194370,14.5,10.1,20.8,24000,"","","",108680,"","","","","","","",1,70393,51.7,16.7,9.4,53.8,7.0,3.6,31.6,3.6,"","","","","",""
"A1068","San Bernardino","Barstow, Twentynine Palms, Yucca Valley","https://www.californiahealthmaps.org?address=A1068","Both","Kidney",351965,16.7,12.7,21.9,194370,15.9,11.2,22.7,24000,"","","",108680,22.2,12.8,37.5,"","","","",1,70393,51.7,16.7,9.4,53.8,7.0,3.6,31.6,3.6,"","","","","",""
"A1068","San Bernardino","Barstow, Twentynine Palms, Yucca Valley","https://www.californiahealthmaps.org?address=A1068","Both","Thyroid",351965,9.3,6.2,13.6,194370,11.7,7.3,18.5,24000,"","","",108680,"","","","","","","",1,70393,51.7,16.7,9.4,53.8,7.0,3.6,31.6,3.6,"","","","","",""
"A1068","San Bernardino","Barstow, Twentynine Palms, Yucca Valley","https://www.californiahealthmaps.org?address=A1068","Both","Liver",351965,8.3,5.6,12.1,194370,6.8,4.1,11.7,24000,"","","",108680,"","","","","","","",1,70393,51.7,16.7,9.4,53.8,7.0,3.6,31.6,3.6,"","","","","",""
"A1068","San Bernardino","Barstow, Twentynine Palms, Yucca Valley","https://www.californiahealthmaps.org?address=A1068","Both","Pancreas",351965,13.9,10.3,18.7,194370,13.7,9.4,20.1,24000,"","","",108680,"","","","","","","",1,70393,51.7,16.7,9.4,53.8,7.0,3.6,31.6,3.6,"","","","","",""
