"Zone","Counties","Cities","URL","Sex","Cancer","PopTot","AAIR","LCI","UCI","White_PopTot","White_AAIR","White_LCI","White_UCI","Black_PopTot","Black_AAIR","Black_LCI","Black_UCI","Hispanic_PopTot","Hispanic_AAIR","Hispanic_LCI","Hispanic_UCI","Asian_PopTot","Asian_AAIR","Asian_LCI","Asian_UCI","QNSES","PopAll","PerRural","PerUninsured","PerForeignBorn","PerWhite","PerBlack","PerAsian","PerHispanic"
"A0567","Santa Barbara","Goleta","https://www.californiahealthmaps.org?address=A0567","Male","AllSite",178155,497.4,461.1,536.3,104655,519.5,476.4,567.1,"","","","",51260,296.2,229.8,379.3,14090,"","","",4,71624,19.5,11.5,18.1,59.9,1.1,8.5,27.1
"A0567","Santa Barbara","Goleta","https://www.californiahealthmaps.org?address=A0567","Female","AllSite",179965,460.5,426.6,496.8,105815,467.4,426.7,512.7,"","","","",51310,427.8,350.4,520.4,14270,470.8,299.0,726.7,4,71624,19.5,11.5,18.1,59.9,1.1,8.5,27.1
"A0567","Santa Barbara","Goleta","https://www.californiahealthmaps.org?address=A0567","Male","Prostate",178155,89.2,74.6,106.4,104655,83.7,68.1,103.8,"","","","",51260,"","","",14090,"","","",4,71624,19.5,11.5,18.1,59.9,1.1,8.5,27.1
"A0567","Santa Barbara","Goleta","https://www.californiahealthmaps.org?address=A0567","Female","Breast",179965,160.8,141.1,183.1,105815,168.0,143.4,197.4,"","","","",51310,153.0,108.5,213.4,14270,"","","",4,71624,19.5,11.5,18.1,59.9,1.1,8.5,27.1
"A0567","Santa Barbara","Goleta","https://www.californiahealthmaps.org?address=A0567","Male","Lung",178155,48.7,37.6,62.5,104655,56.5,43.1,74.6,"","","","",51260,"","","",14090,"","","",4,71624,19.5,11.5,18.1,59.9,1.1,8.5,27.1
"A0567","Santa Barbara","Goleta","https://www.californiahealthmaps.org?address=A0567","Female","Lung",179965,37.2,28.3,48.6,105815,37.5,27.6,52.5,"","","","",51310,"","","",14270,"","","",4,71624,19.5,11.5,18.1,59.9,1.1,8.5,27.1
"A0567","Santa Barbara","Goleta","https://www.californiahealthmaps.org?address=A0567","Male","CRC",178155,45.5,34.8,59.0,104655,43.9,31.8,61.1,"","","","",51260,"","","",14090,"","","",4,71624,19.5,11.5,18.1,59.9,1.1,8.5,27.1
"A0567","Santa Barbara","Goleta","https://www.californiahealthmaps.org?address=A0567","Female","CRC",179965,24.8,17.4,34.9,105815,25.2,16.6,39.3,"","","","",51310,"","","",14270,"","","",4,71624,19.5,11.5,18.1,59.9,1.1,8.5,27.1
"A0567","Santa Barbara","Goleta","https://www.californiahealthmaps.org?address=A0567","Male","Mela",178155,75.9,62.1,92.3,104655,84.3,67.6,105.6,"","","","",51260,"","","",14090,"","","",4,71624,19.5,11.5,18.1,59.9,1.1,8.5,27.1
"A0567","Santa Barbara","Goleta","https://www.californiahealthmaps.org?address=A0567","Female","Mela",179965,30.2,22.1,41.0,105815,37.0,26.1,53.4,"","","","",51310,"","","",14270,"","","",4,71624,19.5,11.5,18.1,59.9,1.1,8.5,27.1
"A0567","Santa Barbara","Goleta","https://www.californiahealthmaps.org?address=A0567","Female","Uterine",179965,31.5,23.4,42.3,105815,33.5,24.0,48.2,"","","","",51310,"","","",14270,"","","",4,71624,19.5,11.5,18.1,59.9,1.1,8.5,27.1
"A0567","Santa Barbara","Goleta","https://www.californiahealthmaps.org?address=A0567","Male","Lymph",178155,25.1,17.3,35.8,104655,26.5,17.2,41.0,"","","","",51260,"","","",14090,"","","",4,71624,19.5,11.5,18.1,59.9,1.1,8.5,27.1
"A0567","Santa Barbara","Goleta","https://www.californiahealthmaps.org?address=A0567","Female","Lymph",179965,17.9,11.8,26.7,105815,16.3,10.0,28.4,"","","","",51310,"","","",14270,"","","",4,71624,19.5,11.5,18.1,59.9,1.1,8.5,27.1
"A0567","Santa Barbara","Goleta","https://www.californiahealthmaps.org?address=A0567","Male","Urinary",178155,17.9,11.6,27.1,104655,18.4,11.4,30.6,"","","","",51260,"","","",14090,"","","",4,71624,19.5,11.5,18.1,59.9,1.1,8.5,27.1
"A0567","Santa Barbara","Goleta","https://www.californiahealthmaps.org?address=A0567","Female","Urinary",179965,5.2,2.3,11.0,105815,"","","","","","","",51310,"","","",14270,"","","",4,71624,19.5,11.5,18.1,59.9,1.1,8.5,27.1
"A0567","Santa Barbara","Goleta","https://www.californiahealthmaps.org?address=A0567","Male","Kidney",178155,23.9,16.8,33.7,104655,25.5,16.3,39.9,"","","","",51260,"","","",14090,"","","",4,71624,19.5,11.5,18.1,59.9,1.1,8.5,27.1
"A0567","Santa Barbara","Goleta","https://www.californiahealthmaps.org?address=A0567","Female","Kidney",179965,4.6,2.0,10.3,105815,"","","","","","","",51310,"","","",14270,"","","",4,71624,19.5,11.5,18.1,59.9,1.1,8.5,27.1
"A0567","Santa Barbara","Goleta","https://www.californiahealthmaps.org?address=A0567","Male","Thyroid",178155,8.0,4.0,15.0,104655,"","","","","","","",51260,"","","",14090,"","","",4,71624,19.5,11.5,18.1,59.9,1.1,8.5,27.1
"A0567","Santa Barbara","Goleta","https://www.californiahealthmaps.org?address=A0567","Female","Thyroid",179965,40.1,30.3,52.7,105815,35.8,23.6,54.0,"","","","",51310,56.6,33.2,96.0,14270,"","","",4,71624,19.5,11.5,18.1,59.9,1.1,8.5,27.1
"A0567","Santa Barbara","Goleta","https://www.californiahealthmaps.org?address=A0567","Both","AllSite",358120,476.8,452.0,502.9,210470,491.7,461.9,523.6,"","","","",102570,365.0,312.9,424.5,28360,371.3,259.6,523.4,4,71624,19.5,11.5,18.1,59.9,1.1,8.5,27.1
"A0567","Santa Barbara","Goleta","https://www.californiahealthmaps.org?address=A0567","Both","Lung",358120,42.5,35.4,50.9,210470,46.2,37.9,56.8,"","","","",102570,"","","",28360,"","","",4,71624,19.5,11.5,18.1,59.9,1.1,8.5,27.1
"A0567","Santa Barbara","Goleta","https://www.californiahealthmaps.org?address=A0567","Both","CRC",358120,35.2,28.5,43.1,210470,34.6,27.0,44.7,"","","","",102570,34.6,19.8,57.7,28360,"","","",4,71624,19.5,11.5,18.1,59.9,1.1,8.5,27.1
"A0567","Santa Barbara","Goleta","https://www.californiahealthmaps.org?address=A0567","Both","Mela",358120,51.9,44.0,61.1,210470,59.5,49.6,71.9,"","","","",102570,"","","",28360,"","","",4,71624,19.5,11.5,18.1,59.9,1.1,8.5,27.1
"A0567","Santa Barbara","Goleta","https://www.californiahealthmaps.org?address=A0567","Both","Lymph",358120,21.1,16.1,27.5,210470,21.1,15.4,29.3,"","","","",102570,"","","",28360,"","","",4,71624,19.5,11.5,18.1,59.9,1.1,8.5,27.1
"A0567","Santa Barbara","Goleta","https://www.californiahealthmaps.org?address=A0567","Both","Urinary",358120,11.0,7.6,15.7,210470,11.1,7.4,17.4,"","","","",102570,"","","",28360,"","","",4,71624,19.5,11.5,18.1,59.9,1.1,8.5,27.1
"A0567","Santa Barbara","Goleta","https://www.californiahealthmaps.org?address=A0567","Both","Kidney",358120,13.9,10.1,19.0,210470,14.9,10.0,22.4,"","","","",102570,"","","",28360,"","","",4,71624,19.5,11.5,18.1,59.9,1.1,8.5,27.1
"A0567","Santa Barbara","Goleta","https://www.californiahealthmaps.org?address=A0567","Both","Thyroid",358120,24.3,18.8,31.1,210470,22.8,15.8,32.5,"","","","",102570,34.0,20.5,55.1,28360,"","","",4,71624,19.5,11.5,18.1,59.9,1.1,8.5,27.1
