"Zone","Counties","Cities","URL","Sex","Cancer","PopTot","AAIR","LCI","UCI","White_PopTot","White_AAIR","White_LCI","White_UCI","Black_PopTot","Black_AAIR","Black_LCI","Black_UCI","Hispanic_PopTot","Hispanic_AAIR","Hispanic_LCI","Hispanic_UCI","Asian_PopTot","Asian_AAIR","Asian_LCI","Asian_UCI","QNSES","PopAll","PerRural","PerUninsured","PerForeignBorn","PerWhite","PerBlack","PerAsian","PerHispanic"
"A0334","Los Angeles","Los Angeles","https://www.californiahealthmaps.org?address=A0334","Male","AllSite",142485,453.4,418.6,490.9,105600,443.7,405.9,485.1,"","","","",18405,471.6,337.8,646.1,"","","","",5,58418,0.0,14.0,21.4,72.0,4.5,6.9,13.1
"A0334","Los Angeles","Los Angeles","https://www.californiahealthmaps.org?address=A0334","Female","AllSite",149605,443.0,411.5,477.1,106650,456.3,420.3,496.3,"","","","",20450,447.8,341.8,583.2,10450,267.9,177.2,421.5,5,58418,0.0,14.0,21.4,72.0,4.5,6.9,13.1
"A0334","Los Angeles","Los Angeles","https://www.californiahealthmaps.org?address=A0334","Male","Prostate",142485,100.8,85.0,119.4,105600,95.6,78.9,116.1,"","","","",18405,"","","","","","","",5,58418,0.0,14.0,21.4,72.0,4.5,6.9,13.1
"A0334","Los Angeles","Los Angeles","https://www.californiahealthmaps.org?address=A0334","Female","Breast",149605,152.9,134.6,174.0,106650,160.3,139.2,185.5,"","","","",20450,121.6,70.2,204.9,10450,129.3,70.8,256.4,5,58418,0.0,14.0,21.4,72.0,4.5,6.9,13.1
"A0334","Los Angeles","Los Angeles","https://www.californiahealthmaps.org?address=A0334","Male","Lung",142485,40.9,30.4,54.4,105600,42.0,30.6,57.7,"","","","",18405,"","","","","","","",5,58418,0.0,14.0,21.4,72.0,4.5,6.9,13.1
"A0334","Los Angeles","Los Angeles","https://www.californiahealthmaps.org?address=A0334","Female","Lung",149605,40.4,31.1,52.6,106650,41.7,31.4,56.5,"","","","",20450,"","","",10450,"","","",5,58418,0.0,14.0,21.4,72.0,4.5,6.9,13.1
"A0334","Los Angeles","Los Angeles","https://www.californiahealthmaps.org?address=A0334","Male","CRC",142485,43.7,33.4,56.9,105600,39.3,28.8,54.0,"","","","",18405,"","","","","","","",5,58418,0.0,14.0,21.4,72.0,4.5,6.9,13.1
"A0334","Los Angeles","Los Angeles","https://www.californiahealthmaps.org?address=A0334","Female","CRC",149605,36.1,27.8,47.5,106650,37.1,27.7,51.1,"","","","",20450,"","","",10450,"","","",5,58418,0.0,14.0,21.4,72.0,4.5,6.9,13.1
"A0334","Los Angeles","Los Angeles","https://www.californiahealthmaps.org?address=A0334","Male","Mela",142485,35.2,26.2,47.1,105600,39.1,28.7,53.6,"","","","",18405,"","","","","","","",5,58418,0.0,14.0,21.4,72.0,4.5,6.9,13.1
"A0334","Los Angeles","Los Angeles","https://www.californiahealthmaps.org?address=A0334","Female","Mela",149605,15.9,10.5,24.5,106650,16.8,10.5,28.2,"","","","",20450,"","","",10450,"","","",5,58418,0.0,14.0,21.4,72.0,4.5,6.9,13.1
"A0334","Los Angeles","Los Angeles","https://www.californiahealthmaps.org?address=A0334","Female","Uterine",149605,24.1,17.4,33.8,106650,20.7,13.8,32.4,"","","","",20450,"","","",10450,"","","",5,58418,0.0,14.0,21.4,72.0,4.5,6.9,13.1
"A0334","Los Angeles","Los Angeles","https://www.californiahealthmaps.org?address=A0334","Male","Lymph",142485,23.1,15.9,33.2,105600,25.0,16.8,37.5,"","","","",18405,"","","","","","","",5,58418,0.0,14.0,21.4,72.0,4.5,6.9,13.1
"A0334","Los Angeles","Los Angeles","https://www.californiahealthmaps.org?address=A0334","Female","Lymph",149605,23.7,16.6,34.1,106650,23.1,15.2,36.0,"","","","",20450,"","","",10450,"","","",5,58418,0.0,14.0,21.4,72.0,4.5,6.9,13.1
"A0334","Los Angeles","Los Angeles","https://www.californiahealthmaps.org?address=A0334","Male","Urinary",142485,20.3,13.3,30.5,105600,17.9,10.8,29.5,"","","","",18405,"","","","","","","",5,58418,0.0,14.0,21.4,72.0,4.5,6.9,13.1
"A0334","Los Angeles","Los Angeles","https://www.californiahealthmaps.org?address=A0334","Female","Urinary",149605,3.5,1.3,9.6,106650,"","","","","","","",20450,"","","",10450,"","","",5,58418,0.0,14.0,21.4,72.0,4.5,6.9,13.1
"A0334","Los Angeles","Los Angeles","https://www.californiahealthmaps.org?address=A0334","Male","Kidney",142485,21.4,14.6,31.2,105600,20.2,13.1,31.6,"","","","",18405,"","","","","","","",5,58418,0.0,14.0,21.4,72.0,4.5,6.9,13.1
"A0334","Los Angeles","Los Angeles","https://www.californiahealthmaps.org?address=A0334","Female","Kidney",149605,7.1,3.7,14.0,106650,"","","","","","","",20450,"","","",10450,"","","",5,58418,0.0,14.0,21.4,72.0,4.5,6.9,13.1
"A0334","Los Angeles","Los Angeles","https://www.californiahealthmaps.org?address=A0334","Male","Thyroid",142485,9.0,4.8,16.3,105600,"","","","","","","",18405,"","","","","","","",5,58418,0.0,14.0,21.4,72.0,4.5,6.9,13.1
"A0334","Los Angeles","Los Angeles","https://www.californiahealthmaps.org?address=A0334","Female","Thyroid",149605,24.4,17.6,34.3,106650,29.0,20.1,42.7,"","","","",20450,"","","",10450,"","","",5,58418,0.0,14.0,21.4,72.0,4.5,6.9,13.1
"A0334","Los Angeles","Los Angeles","https://www.californiahealthmaps.org?address=A0334","Both","AllSite",292090,443.2,420.0,467.8,212250,445.0,419.1,472.7,12690,484.9,341.8,683.1,38855,453.7,369.7,554.1,17610,364.2,268.3,491.1,5,58418,0.0,14.0,21.4,72.0,4.5,6.9,13.1
"A0334","Los Angeles","Los Angeles","https://www.californiahealthmaps.org?address=A0334","Both","Lung",292090,40.8,33.7,49.3,212250,41.7,33.9,51.5,12690,"","","",38855,"","","",17610,"","","",5,58418,0.0,14.0,21.4,72.0,4.5,6.9,13.1
"A0334","Los Angeles","Los Angeles","https://www.californiahealthmaps.org?address=A0334","Both","CRC",292090,39.4,32.7,47.4,212250,37.9,30.7,47.0,12690,"","","",38855,"","","",17610,"","","",5,58418,0.0,14.0,21.4,72.0,4.5,6.9,13.1
"A0334","Los Angeles","Los Angeles","https://www.californiahealthmaps.org?address=A0334","Both","Mela",292090,24.2,19.1,30.7,212250,26.6,20.7,34.6,12690,"","","",38855,"","","",17610,"","","",5,58418,0.0,14.0,21.4,72.0,4.5,6.9,13.1
"A0334","Los Angeles","Los Angeles","https://www.californiahealthmaps.org?address=A0334","Both","Lymph",292090,23.4,18.2,30.0,212250,24.0,18.1,31.9,12690,"","","",38855,"","","",17610,"","","",5,58418,0.0,14.0,21.4,72.0,4.5,6.9,13.1
"A0334","Los Angeles","Los Angeles","https://www.californiahealthmaps.org?address=A0334","Both","Urinary",292090,11.0,7.5,16.0,212250,10.2,6.6,16.1,12690,"","","",38855,"","","",17610,"","","",5,58418,0.0,14.0,21.4,72.0,4.5,6.9,13.1
"A0334","Los Angeles","Los Angeles","https://www.californiahealthmaps.org?address=A0334","Both","Kidney",292090,13.7,9.9,18.9,212250,13.2,9.2,19.4,12690,"","","",38855,"","","",17610,"","","",5,58418,0.0,14.0,21.4,72.0,4.5,6.9,13.1
"A0334","Los Angeles","Los Angeles","https://www.californiahealthmaps.org?address=A0334","Both","Thyroid",292090,16.9,12.7,22.5,212250,18.6,13.5,25.8,12690,"","","",38855,"","","",17610,"","","",5,58418,0.0,14.0,21.4,72.0,4.5,6.9,13.1
