"Zone","Counties","Cities","URL","Sex","Cancer","PopTot","AAIR","LCI","UCI","White_PopTot","White_AAIR","White_LCI","White_UCI","Black_PopTot","Black_AAIR","Black_LCI","Black_UCI","Hispanic_PopTot","Hispanic_AAIR","Hispanic_LCI","Hispanic_UCI","Asian_PopTot","Asian_AAIR","Asian_LCI","Asian_UCI","QNSES","PopAll","PerRural","PerUninsured","PerForeignBorn","PerWhite","PerBlack","PerAsian","PerHispanic","PerAPI","PerDocvisit","PerFOBT","PerMammo","PerMenPrev","PerPap","PerWomenPrev"
"A0749","Fresno","Firebaugh, Coalinga, Mendota, Kerman","https://www.californiahealthmaps.org?address=A0749","Male","AllSite",212630,387.1,350.5,427.0,37655,433.9,372.1,506.2,"","","","",158465,355.5,308.7,409.0,"","","","",1,76206,23.4,26.2,35.6,17.0,2.6,2.3,76.4,2.3,"","","","","",""
"A0749","Fresno","Firebaugh, Coalinga, Mendota, Kerman","https://www.californiahealthmaps.org?address=A0749","Female","AllSite",168400,376.7,342.0,414.3,28130,345.4,288.8,413.1,"","","","",133040,385.1,337.6,439.4,"","","","",1,76206,23.4,26.2,35.6,17.0,2.6,2.3,76.4,2.3,"","","","","",""
"A0749","Fresno","Firebaugh, Coalinga, Mendota, Kerman","https://www.californiahealthmaps.org?address=A0749","Male","Prostate",212630,69.6,55.2,87.5,37655,69.6,46.9,103.7,"","","","",158465,66.1,47.8,91.4,"","","","",1,76206,23.4,26.2,35.6,17.0,2.6,2.3,76.4,2.3,"","","","","",""
"A0749","Fresno","Firebaugh, Coalinga, Mendota, Kerman","https://www.californiahealthmaps.org?address=A0749","Female","Breast",168400,104.1,86.9,124.2,28130,75.5,49.9,113.5,"","","","",133040,117.3,93.9,147.6,"","","","",1,76206,23.4,26.2,35.6,17.0,2.6,2.3,76.4,2.3,"","","","","",""
"A0749","Fresno","Firebaugh, Coalinga, Mendota, Kerman","https://www.californiahealthmaps.org?address=A0749","Male","Lung",212630,48.7,36.4,64.8,37655,73.0,49.8,107.4,"","","","",158465,33.3,19.6,54.8,"","","","",1,76206,23.4,26.2,35.6,17.0,2.6,2.3,76.4,2.3,"","","","","",""
"A0749","Fresno","Firebaugh, Coalinga, Mendota, Kerman","https://www.californiahealthmaps.org?address=A0749","Female","Lung",168400,36.5,25.7,50.6,28130,49.2,30.7,79.8,"","","","",133040,30.0,16.1,52.8,"","","","",1,76206,23.4,26.2,35.6,17.0,2.6,2.3,76.4,2.3,"","","","","",""
"A0749","Fresno","Firebaugh, Coalinga, Mendota, Kerman","https://www.californiahealthmaps.org?address=A0749","Male","CRC",212630,48.5,36.3,64.4,37655,50.2,30.1,82.4,"","","","",158465,49.9,34.4,72.3,"","","","",1,76206,23.4,26.2,35.6,17.0,2.6,2.3,76.4,2.3,"","","","","",""
"A0749","Fresno","Firebaugh, Coalinga, Mendota, Kerman","https://www.californiahealthmaps.org?address=A0749","Female","CRC",168400,30.4,21.2,42.6,28130,34.7,19.3,62.7,"","","","",133040,26.7,16.0,45.1,"","","","",1,76206,23.4,26.2,35.6,17.0,2.6,2.3,76.4,2.3,"","","","","",""
"A0749","Fresno","Firebaugh, Coalinga, Mendota, Kerman","https://www.californiahealthmaps.org?address=A0749","Male","Mela",212630,15.5,8.7,26.5,37655,"","","","","","","",158465,"","","","","","","",1,76206,23.4,26.2,35.6,17.0,2.6,2.3,76.4,2.3,"","","","","",""
"A0749","Fresno","Firebaugh, Coalinga, Mendota, Kerman","https://www.californiahealthmaps.org?address=A0749","Female","Mela",168400,"","","",28130,"","","","","","","",133040,"","","","","","","",1,76206,23.4,26.2,35.6,17.0,2.6,2.3,76.4,2.3,"","","","","",""
"A0749","Fresno","Firebaugh, Coalinga, Mendota, Kerman","https://www.californiahealthmaps.org?address=A0749","Female","Uterine",168400,24.1,16.0,35.3,28130,"","","","","","","",133040,23.9,14.0,41.5,"","","","",1,76206,23.4,26.2,35.6,17.0,2.6,2.3,76.4,2.3,"","","","","",""
"A0749","Fresno","Firebaugh, Coalinga, Mendota, Kerman","https://www.californiahealthmaps.org?address=A0749","Male","Lymph",212630,22.5,14.1,34.9,37655,"","","","","","","",158465,26.8,14.8,46.8,"","","","",1,76206,23.4,26.2,35.6,17.0,2.6,2.3,76.4,2.3,"","","","","",""
"A0749","Fresno","Firebaugh, Coalinga, Mendota, Kerman","https://www.californiahealthmaps.org?address=A0749","Female","Lymph",168400,19.0,11.8,29.3,28130,"","","","","","","",133040,20.8,10.4,39.8,"","","","",1,76206,23.4,26.2,35.6,17.0,2.6,2.3,76.4,2.3,"","","","","",""
"A0749","Fresno","Firebaugh, Coalinga, Mendota, Kerman","https://www.californiahealthmaps.org?address=A0749","Male","Urinary",212630,"","","",37655,"","","","","","","",158465,"","","","","","","",1,76206,23.4,26.2,35.6,17.0,2.6,2.3,76.4,2.3,"","","","","",""
"A0749","Fresno","Firebaugh, Coalinga, Mendota, Kerman","https://www.californiahealthmaps.org?address=A0749","Female","Urinary",168400,"","","",28130,"","","","","","","",133040,"","","","","","","",1,76206,23.4,26.2,35.6,17.0,2.6,2.3,76.4,2.3,"","","","","",""
"A0749","Fresno","Firebaugh, Coalinga, Mendota, Kerman","https://www.californiahealthmaps.org?address=A0749","Male","Kidney",212630,17.5,10.9,27.7,37655,"","","","","","","",158465,18.9,10.2,35.1,"","","","",1,76206,23.4,26.2,35.6,17.0,2.6,2.3,76.4,2.3,"","","","","",""
"A0749","Fresno","Firebaugh, Coalinga, Mendota, Kerman","https://www.californiahealthmaps.org?address=A0749","Female","Kidney",168400,18.1,11.1,28.3,28130,"","","","","","","",133040,23.3,12.2,42.9,"","","","",1,76206,23.4,26.2,35.6,17.0,2.6,2.3,76.4,2.3,"","","","","",""
"A0749","Fresno","Firebaugh, Coalinga, Mendota, Kerman","https://www.californiahealthmaps.org?address=A0749","Male","Thyroid",212630,"","","",37655,"","","","","","","",158465,"","","","","","","",1,76206,23.4,26.2,35.6,17.0,2.6,2.3,76.4,2.3,"","","","","",""
"A0749","Fresno","Firebaugh, Coalinga, Mendota, Kerman","https://www.californiahealthmaps.org?address=A0749","Female","Thyroid",168400,18.9,12.3,28.3,28130,"","","","","","","",133040,21.1,12.3,37.7,"","","","",1,76206,23.4,26.2,35.6,17.0,2.6,2.3,76.4,2.3,"","","","","",""
"A0749","Fresno","Firebaugh, Coalinga, Mendota, Kerman","https://www.californiahealthmaps.org?address=A0749","Male","Liver",212630,20.1,12.9,30.9,37655,30.0,16.5,55.6,"","","","",158465,"","","","","","","",1,76206,23.4,26.2,35.6,17.0,2.6,2.3,76.4,2.3,"","","","","",""
"A0749","Fresno","Firebaugh, Coalinga, Mendota, Kerman","https://www.californiahealthmaps.org?address=A0749","Female","Liver",168400,"","","",28130,"","","","","","","",133040,"","","","","","","",1,76206,23.4,26.2,35.6,17.0,2.6,2.3,76.4,2.3,"","","","","",""
"A0749","Fresno","Firebaugh, Coalinga, Mendota, Kerman","https://www.californiahealthmaps.org?address=A0749","Male","Pancreas",212630,11.7,6.2,21.0,37655,"","","","","","","",158465,"","","","","","","",1,76206,23.4,26.2,35.6,17.0,2.6,2.3,76.4,2.3,"","","","","",""
"A0749","Fresno","Firebaugh, Coalinga, Mendota, Kerman","https://www.californiahealthmaps.org?address=A0749","Female","Pancreas",168400,"","","",28130,"","","","","","","",133040,"","","","","","","",1,76206,23.4,26.2,35.6,17.0,2.6,2.3,76.4,2.3,"","","","","",""
"A0749","Fresno","Firebaugh, Coalinga, Mendota, Kerman","https://www.californiahealthmaps.org?address=A0749","Both","AllSite",381030,375.8,350.9,402.3,65785,381.5,340.4,427.6,"","","","",291505,367.8,334.3,404.7,"","","","",1,76206,23.4,26.2,35.6,17.0,2.6,2.3,76.4,2.3,"","","","","",""
"A0749","Fresno","Firebaugh, Coalinga, Mendota, Kerman","https://www.californiahealthmaps.org?address=A0749","Both","Lung",381030,43.9,35.3,54.2,65785,63.4,47.7,84.6,"","","","",291505,31.9,21.7,46.1,"","","","",1,76206,23.4,26.2,35.6,17.0,2.6,2.3,76.4,2.3,"","","","","",""
"A0749","Fresno","Firebaugh, Coalinga, Mendota, Kerman","https://www.californiahealthmaps.org?address=A0749","Both","CRC",381030,39.5,31.7,48.8,65785,41.4,28.7,59.9,"","","","",291505,39.4,29.5,52.9,"","","","",1,76206,23.4,26.2,35.6,17.0,2.6,2.3,76.4,2.3,"","","","","",""
"A0749","Fresno","Firebaugh, Coalinga, Mendota, Kerman","https://www.californiahealthmaps.org?address=A0749","Both","Mela",381030,11.2,7.3,16.8,65785,19.2,10.9,33.6,"","","","",291505,"","","","","","","",1,76206,23.4,26.2,35.6,17.0,2.6,2.3,76.4,2.3,"","","","","",""
"A0749","Fresno","Firebaugh, Coalinga, Mendota, Kerman","https://www.californiahealthmaps.org?address=A0749","Both","Lymph",381030,20.3,14.8,27.6,65785,"","","","","","","",291505,23.3,15.1,35.3,"","","","",1,76206,23.4,26.2,35.6,17.0,2.6,2.3,76.4,2.3,"","","","","",""
"A0749","Fresno","Firebaugh, Coalinga, Mendota, Kerman","https://www.californiahealthmaps.org?address=A0749","Both","Urinary",381030,"","","",65785,"","","","","","","",291505,"","","","","","","",1,76206,23.4,26.2,35.6,17.0,2.6,2.3,76.4,2.3,"","","","","",""
"A0749","Fresno","Firebaugh, Coalinga, Mendota, Kerman","https://www.californiahealthmaps.org?address=A0749","Both","Kidney",381030,18.1,13.1,24.8,65785,"","","","","","","",291505,21.4,14.0,32.6,"","","","",1,76206,23.4,26.2,35.6,17.0,2.6,2.3,76.4,2.3,"","","","","",""
"A0749","Fresno","Firebaugh, Coalinga, Mendota, Kerman","https://www.californiahealthmaps.org?address=A0749","Both","Thyroid",381030,9.6,6.5,14.3,65785,"","","","","","","",291505,11.4,7.0,19.5,"","","","",1,76206,23.4,26.2,35.6,17.0,2.6,2.3,76.4,2.3,"","","","","",""
"A0749","Fresno","Firebaugh, Coalinga, Mendota, Kerman","https://www.californiahealthmaps.org?address=A0749","Both","Liver",381030,15.1,10.7,21.2,65785,17.1,9.7,30.7,"","","","",291505,13.9,8.3,23.2,"","","","",1,76206,23.4,26.2,35.6,17.0,2.6,2.3,76.4,2.3,"","","","","",""
"A0749","Fresno","Firebaugh, Coalinga, Mendota, Kerman","https://www.californiahealthmaps.org?address=A0749","Both","Pancreas",381030,10.9,6.9,16.8,65785,"","","","","","","",291505,14.0,7.7,24.4,"","","","",1,76206,23.4,26.2,35.6,17.0,2.6,2.3,76.4,2.3,"","","","","",""
