"Zone","Counties","Cities","URL","Sex","Cancer","PopTot","AAIR","LCI","UCI","White_PopTot","White_AAIR","White_LCI","White_UCI","Black_PopTot","Black_AAIR","Black_LCI","Black_UCI","Hispanic_PopTot","Hispanic_AAIR","Hispanic_LCI","Hispanic_UCI","Asian_PopTot","Asian_AAIR","Asian_LCI","Asian_UCI","QNSES","PopAll","PerRural","PerUninsured","PerForeignBorn","PerWhite","PerBlack","PerAsian","PerHispanic"
"A0275","Contra Costa","Danville, Lafayette, Moraga, Walnut Creek","https://www.californiahealthmaps.org?address=A0275","Male","AllSite",134900,515.9,484.1,550.0,104990,520.8,485.5,559.3,"","","","",11440,513.3,351.7,730.3,11575,351.8,262.9,470.5,5,58072,0.6,6.5,16.2,76.4,1.4,9.5,9.2
"A0275","Contra Costa","Danville, Lafayette, Moraga, Walnut Creek","https://www.californiahealthmaps.org?address=A0275","Female","AllSite",155460,454.4,425.6,485.5,120885,453.5,420.6,489.7,"","","","",12065,488.1,359.0,652.8,15140,459.3,371.0,573.2,5,58072,0.6,6.5,16.2,76.4,1.4,9.5,9.2
"A0275","Contra Costa","Danville, Lafayette, Moraga, Walnut Creek","https://www.californiahealthmaps.org?address=A0275","Male","Prostate",134900,141.8,125.7,160.4,104990,139.8,122.4,160.6,"","","","",11440,"","","",11575,94.8,52.6,169.7,5,58072,0.6,6.5,16.2,76.4,1.4,9.5,9.2
"A0275","Contra Costa","Danville, Lafayette, Moraga, Walnut Creek","https://www.californiahealthmaps.org?address=A0275","Female","Breast",155460,159.2,142.1,178.8,120885,160.0,140.8,182.8,"","","","",12065,205.7,124.6,324.3,15140,167.5,115.5,247.6,5,58072,0.6,6.5,16.2,76.4,1.4,9.5,9.2
"A0275","Contra Costa","Danville, Lafayette, Moraga, Walnut Creek","https://www.californiahealthmaps.org?address=A0275","Male","Lung",134900,33.5,26.1,43.5,104990,32.3,24.7,43.7,"","","","",11440,"","","",11575,"","","",5,58072,0.6,6.5,16.2,76.4,1.4,9.5,9.2
"A0275","Contra Costa","Danville, Lafayette, Moraga, Walnut Creek","https://www.californiahealthmaps.org?address=A0275","Female","Lung",155460,35.9,29.3,45.0,120885,35.1,28.0,45.9,"","","","",12065,"","","",15140,"","","",5,58072,0.6,6.5,16.2,76.4,1.4,9.5,9.2
"A0275","Contra Costa","Danville, Lafayette, Moraga, Walnut Creek","https://www.californiahealthmaps.org?address=A0275","Male","CRC",134900,40.9,32.4,52.0,104990,40.9,31.7,53.9,"","","","",11440,"","","",11575,"","","",5,58072,0.6,6.5,16.2,76.4,1.4,9.5,9.2
"A0275","Contra Costa","Danville, Lafayette, Moraga, Walnut Creek","https://www.californiahealthmaps.org?address=A0275","Female","CRC",155460,30.1,23.1,39.7,120885,31.7,23.3,44.3,"","","","",12065,"","","",15140,"","","",5,58072,0.6,6.5,16.2,76.4,1.4,9.5,9.2
"A0275","Contra Costa","Danville, Lafayette, Moraga, Walnut Creek","https://www.californiahealthmaps.org?address=A0275","Male","Mela",134900,73.4,61.5,87.8,104990,78.7,64.8,96.2,"","","","",11440,"","","",11575,"","","",5,58072,0.6,6.5,16.2,76.4,1.4,9.5,9.2
"A0275","Contra Costa","Danville, Lafayette, Moraga, Walnut Creek","https://www.californiahealthmaps.org?address=A0275","Female","Mela",155460,55.6,45.2,68.6,120885,57.3,45.1,73.5,"","","","",12065,"","","",15140,"","","",5,58072,0.6,6.5,16.2,76.4,1.4,9.5,9.2
"A0275","Contra Costa","Danville, Lafayette, Moraga, Walnut Creek","https://www.californiahealthmaps.org?address=A0275","Female","Uterine",155460,23.0,17.3,31.3,120885,19.6,14.1,29.1,"","","","",12065,"","","",15140,"","","",5,58072,0.6,6.5,16.2,76.4,1.4,9.5,9.2
"A0275","Contra Costa","Danville, Lafayette, Moraga, Walnut Creek","https://www.californiahealthmaps.org?address=A0275","Male","Lymph",134900,28.6,21.4,38.4,104990,29.2,21.2,41.2,"","","","",11440,"","","",11575,"","","",5,58072,0.6,6.5,16.2,76.4,1.4,9.5,9.2
"A0275","Contra Costa","Danville, Lafayette, Moraga, Walnut Creek","https://www.californiahealthmaps.org?address=A0275","Female","Lymph",155460,19.1,13.7,27.3,120885,18.9,12.4,29.7,"","","","",12065,"","","",15140,"","","",5,58072,0.6,6.5,16.2,76.4,1.4,9.5,9.2
"A0275","Contra Costa","Danville, Lafayette, Moraga, Walnut Creek","https://www.californiahealthmaps.org?address=A0275","Male","Urinary",134900,16.7,11.8,24.3,104990,16.7,11.5,26.0,"","","","",11440,"","","",11575,"","","",5,58072,0.6,6.5,16.2,76.4,1.4,9.5,9.2
"A0275","Contra Costa","Danville, Lafayette, Moraga, Walnut Creek","https://www.californiahealthmaps.org?address=A0275","Female","Urinary",155460,3.1,1.5,8.0,120885,"","","","","","","",12065,"","","",15140,"","","",5,58072,0.6,6.5,16.2,76.4,1.4,9.5,9.2
"A0275","Contra Costa","Danville, Lafayette, Moraga, Walnut Creek","https://www.californiahealthmaps.org?address=A0275","Male","Kidney",134900,16.9,11.6,25.0,104990,18.2,12.2,28.4,"","","","",11440,"","","",11575,"","","",5,58072,0.6,6.5,16.2,76.4,1.4,9.5,9.2
"A0275","Contra Costa","Danville, Lafayette, Moraga, Walnut Creek","https://www.californiahealthmaps.org?address=A0275","Female","Kidney",155460,7.5,4.4,13.6,120885,9.0,5.0,17.6,"","","","",12065,"","","",15140,"","","",5,58072,0.6,6.5,16.2,76.4,1.4,9.5,9.2
"A0275","Contra Costa","Danville, Lafayette, Moraga, Walnut Creek","https://www.californiahealthmaps.org?address=A0275","Male","Thyroid",134900,10.9,6.0,19.0,104990,12.8,6.8,23.7,"","","","",11440,"","","",11575,"","","",5,58072,0.6,6.5,16.2,76.4,1.4,9.5,9.2
"A0275","Contra Costa","Danville, Lafayette, Moraga, Walnut Creek","https://www.californiahealthmaps.org?address=A0275","Female","Thyroid",155460,18.3,11.9,27.7,120885,14.4,7.9,25.6,"","","","",12065,"","","",15140,"","","",5,58072,0.6,6.5,16.2,76.4,1.4,9.5,9.2
"A0275","Contra Costa","Danville, Lafayette, Moraga, Walnut Creek","https://www.californiahealthmaps.org?address=A0275","Both","AllSite",290360,476.0,454.9,498.3,225875,477.6,453.8,503.0,"","","","",23505,470.7,374.0,586.6,26715,414.7,350.1,492.2,5,58072,0.6,6.5,16.2,76.4,1.4,9.5,9.2
"A0275","Contra Costa","Danville, Lafayette, Moraga, Walnut Creek","https://www.californiahealthmaps.org?address=A0275","Both","Lung",290360,34.9,29.9,41.0,225875,33.7,28.5,40.7,"","","","",23505,"","","",26715,41.4,23.0,75.4,5,58072,0.6,6.5,16.2,76.4,1.4,9.5,9.2
"A0275","Contra Costa","Danville, Lafayette, Moraga, Walnut Creek","https://www.californiahealthmaps.org?address=A0275","Both","CRC",290360,34.6,29.2,41.3,225875,35.6,29.4,43.7,"","","","",23505,"","","",26715,"","","",5,58072,0.6,6.5,16.2,76.4,1.4,9.5,9.2
"A0275","Contra Costa","Danville, Lafayette, Moraga, Walnut Creek","https://www.californiahealthmaps.org?address=A0275","Both","Mela",290360,62.5,54.7,71.6,225875,65.8,56.6,76.8,"","","","",23505,"","","",26715,"","","",5,58072,0.6,6.5,16.2,76.4,1.4,9.5,9.2
"A0275","Contra Costa","Danville, Lafayette, Moraga, Walnut Creek","https://www.californiahealthmaps.org?address=A0275","Both","Lymph",290360,23.1,18.6,28.7,225875,23.2,18.1,30.3,"","","","",23505,"","","",26715,"","","",5,58072,0.6,6.5,16.2,76.4,1.4,9.5,9.2
"A0275","Contra Costa","Danville, Lafayette, Moraga, Walnut Creek","https://www.californiahealthmaps.org?address=A0275","Both","Urinary",290360,8.6,6.3,12.2,225875,8.8,6.3,13.3,"","","","",23505,"","","",26715,"","","",5,58072,0.6,6.5,16.2,76.4,1.4,9.5,9.2
"A0275","Contra Costa","Danville, Lafayette, Moraga, Walnut Creek","https://www.californiahealthmaps.org?address=A0275","Both","Kidney",290360,11.3,8.4,15.6,225875,12.7,9.2,18.2,"","","","",23505,"","","",26715,"","","",5,58072,0.6,6.5,16.2,76.4,1.4,9.5,9.2
"A0275","Contra Costa","Danville, Lafayette, Moraga, Walnut Creek","https://www.californiahealthmaps.org?address=A0275","Both","Thyroid",290360,14.8,10.6,20.5,225875,13.7,9.0,20.5,"","","","",23505,"","","",26715,"","","",5,58072,0.6,6.5,16.2,76.4,1.4,9.5,9.2
