"Zone","Counties","Cities","URL","Sex","Cancer","PopTot","AAIR","LCI","UCI","White_PopTot","White_AAIR","White_LCI","White_UCI","Black_PopTot","Black_AAIR","Black_LCI","Black_UCI","Hispanic_PopTot","Hispanic_AAIR","Hispanic_LCI","Hispanic_UCI","Asian_PopTot","Asian_AAIR","Asian_LCI","Asian_UCI","QNSES","PopAll","PerRural","PerUninsured","PerForeignBorn","PerWhite","PerBlack","PerAsian","PerHispanic","PerAPI","PerDocvisit","PerFOBT","PerMammo","PerMenPrev","PerPap","PerWomenPrev"
"A0894","Los Angeles","Los Angeles, Long Beach","https://www.californiahealthmaps.org?address=A0894","Male","AllSite",149580,439.4,399.0,483.4,"","","","",13080,468.0,357.4,623.8,102325,356.1,302.2,418.7,22025,410.6,334.8,501.2,1,59687,0.0,25.7,40.0,5.0,9.0,14.6,68.0,14.6,68.0,62.4,79.3,25.7,83.5,33.3
"A0894","Los Angeles","Los Angeles, Long Beach","https://www.californiahealthmaps.org?address=A0894","Female","AllSite",148855,386.1,352.2,422.6,"","","","",15180,494.9,389.9,622.1,99355,329.0,282.9,381.7,23825,395.9,326.3,479.6,1,59687,0.0,25.7,40.0,5.0,9.0,14.6,68.0,14.6,68.0,62.4,79.3,25.7,83.5,33.3
"A0894","Los Angeles","Los Angeles, Long Beach","https://www.californiahealthmaps.org?address=A0894","Male","Prostate",149580,94.5,76.0,116.8,"","","","",13080,152.9,92.0,265.3,102325,91.7,63.9,129.2,22025,"","","",1,59687,0.0,25.7,40.0,5.0,9.0,14.6,68.0,14.6,68.0,62.4,79.3,25.7,83.5,33.3
"A0894","Los Angeles","Los Angeles, Long Beach","https://www.californiahealthmaps.org?address=A0894","Female","Breast",148855,103.0,85.9,122.8,"","","","",15180,169.6,111.1,251.2,99355,75.9,54.9,103.7,23825,103.2,68.9,153.1,1,59687,0.0,25.7,40.0,5.0,9.0,14.6,68.0,14.6,68.0,62.4,79.3,25.7,83.5,33.3
"A0894","Los Angeles","Los Angeles, Long Beach","https://www.californiahealthmaps.org?address=A0894","Male","Lung",149580,59.7,45.0,78.1,"","","","",13080,"","","",102325,37.7,21.1,64.6,22025,87.4,54.5,136.1,1,59687,0.0,25.7,40.0,5.0,9.0,14.6,68.0,14.6,68.0,62.4,79.3,25.7,83.5,33.3
"A0894","Los Angeles","Los Angeles, Long Beach","https://www.californiahealthmaps.org?address=A0894","Female","Lung",148855,39.3,28.8,52.6,"","","","",15180,"","","",99355,"","","",23825,43.3,24.0,78.4,1,59687,0.0,25.7,40.0,5.0,9.0,14.6,68.0,14.6,68.0,62.4,79.3,25.7,83.5,33.3
"A0894","Los Angeles","Los Angeles, Long Beach","https://www.californiahealthmaps.org?address=A0894","Male","CRC",149580,51.5,38.8,67.8,"","","","",13080,"","","",102325,34.1,20.8,56.5,22025,"","","",1,59687,0.0,25.7,40.0,5.0,9.0,14.6,68.0,14.6,68.0,62.4,79.3,25.7,83.5,33.3
"A0894","Los Angeles","Los Angeles, Long Beach","https://www.californiahealthmaps.org?address=A0894","Female","CRC",148855,35.0,25.3,47.5,"","","","",15180,"","","",99355,30.9,17.6,51.9,23825,"","","",1,59687,0.0,25.7,40.0,5.0,9.0,14.6,68.0,14.6,68.0,62.4,79.3,25.7,83.5,33.3
"A0894","Los Angeles","Los Angeles, Long Beach","https://www.californiahealthmaps.org?address=A0894","Male","Mela",149580,"","","","","","","",13080,"","","",102325,"","","",22025,"","","",1,59687,0.0,25.7,40.0,5.0,9.0,14.6,68.0,14.6,68.0,62.4,79.3,25.7,83.5,33.3
"A0894","Los Angeles","Los Angeles, Long Beach","https://www.californiahealthmaps.org?address=A0894","Female","Mela",148855,"","","","","","","",15180,"","","",99355,"","","",23825,"","","",1,59687,0.0,25.7,40.0,5.0,9.0,14.6,68.0,14.6,68.0,62.4,79.3,25.7,83.5,33.3
"A0894","Los Angeles","Los Angeles, Long Beach","https://www.californiahealthmaps.org?address=A0894","Female","Uterine",148855,39.6,29.3,52.5,"","","","",15180,"","","",99355,23.1,12.7,40.7,23825,63.0,36.4,106.1,1,59687,0.0,25.7,40.0,5.0,9.0,14.6,68.0,14.6,68.0,62.4,79.3,25.7,83.5,33.3
"A0894","Los Angeles","Los Angeles, Long Beach","https://www.californiahealthmaps.org?address=A0894","Male","Lymph",149580,23.7,15.0,36.4,"","","","",13080,"","","",102325,"","","",22025,"","","",1,59687,0.0,25.7,40.0,5.0,9.0,14.6,68.0,14.6,68.0,62.4,79.3,25.7,83.5,33.3
"A0894","Los Angeles","Los Angeles, Long Beach","https://www.californiahealthmaps.org?address=A0894","Female","Lymph",148855,18.8,12.0,28.4,"","","","",15180,"","","",99355,"","","",23825,"","","",1,59687,0.0,25.7,40.0,5.0,9.0,14.6,68.0,14.6,68.0,62.4,79.3,25.7,83.5,33.3
"A0894","Los Angeles","Los Angeles, Long Beach","https://www.californiahealthmaps.org?address=A0894","Male","Urinary",149580,16.4,9.1,27.9,"","","","",13080,"","","",102325,"","","",22025,"","","",1,59687,0.0,25.7,40.0,5.0,9.0,14.6,68.0,14.6,68.0,62.4,79.3,25.7,83.5,33.3
"A0894","Los Angeles","Los Angeles, Long Beach","https://www.californiahealthmaps.org?address=A0894","Female","Urinary",148855,"","","","","","","",15180,"","","",99355,"","","",23825,"","","",1,59687,0.0,25.7,40.0,5.0,9.0,14.6,68.0,14.6,68.0,62.4,79.3,25.7,83.5,33.3
"A0894","Los Angeles","Los Angeles, Long Beach","https://www.californiahealthmaps.org?address=A0894","Male","Kidney",149580,18.9,11.7,29.9,"","","","",13080,"","","",102325,"","","",22025,"","","",1,59687,0.0,25.7,40.0,5.0,9.0,14.6,68.0,14.6,68.0,62.4,79.3,25.7,83.5,33.3
"A0894","Los Angeles","Los Angeles, Long Beach","https://www.californiahealthmaps.org?address=A0894","Female","Kidney",148855,11.8,6.6,19.9,"","","","",15180,"","","",99355,"","","",23825,"","","",1,59687,0.0,25.7,40.0,5.0,9.0,14.6,68.0,14.6,68.0,62.4,79.3,25.7,83.5,33.3
"A0894","Los Angeles","Los Angeles, Long Beach","https://www.californiahealthmaps.org?address=A0894","Male","Thyroid",149580,"","","","","","","",13080,"","","",102325,"","","",22025,"","","",1,59687,0.0,25.7,40.0,5.0,9.0,14.6,68.0,14.6,68.0,62.4,79.3,25.7,83.5,33.3
"A0894","Los Angeles","Los Angeles, Long Beach","https://www.californiahealthmaps.org?address=A0894","Female","Thyroid",148855,20.7,13.5,30.5,"","","","",15180,"","","",99355,22.4,12.2,39.8,23825,"","","",1,59687,0.0,25.7,40.0,5.0,9.0,14.6,68.0,14.6,68.0,62.4,79.3,25.7,83.5,33.3
"A0894","Los Angeles","Los Angeles, Long Beach","https://www.californiahealthmaps.org?address=A0894","Male","Liver",149580,26.2,17.3,39.1,"","","","",13080,"","","",102325,33.6,18.6,58.6,22025,"","","",1,59687,0.0,25.7,40.0,5.0,9.0,14.6,68.0,14.6,68.0,62.4,79.3,25.7,83.5,33.3
"A0894","Los Angeles","Los Angeles, Long Beach","https://www.californiahealthmaps.org?address=A0894","Female","Liver",148855,"","","","","","","",15180,"","","",99355,"","","",23825,"","","",1,59687,0.0,25.7,40.0,5.0,9.0,14.6,68.0,14.6,68.0,62.4,79.3,25.7,83.5,33.3
"A0894","Los Angeles","Los Angeles, Long Beach","https://www.californiahealthmaps.org?address=A0894","Male","Pancreas",149580,"","","","","","","",13080,"","","",102325,"","","",22025,"","","",1,59687,0.0,25.7,40.0,5.0,9.0,14.6,68.0,14.6,68.0,62.4,79.3,25.7,83.5,33.3
"A0894","Los Angeles","Los Angeles, Long Beach","https://www.californiahealthmaps.org?address=A0894","Female","Pancreas",148855,"","","","","","","",15180,"","","",99355,"","","",23825,"","","",1,59687,0.0,25.7,40.0,5.0,9.0,14.6,68.0,14.6,68.0,62.4,79.3,25.7,83.5,33.3
"A0894","Los Angeles","Los Angeles, Long Beach","https://www.californiahealthmaps.org?address=A0894","Both","AllSite",298435,405.5,379.7,432.7,16710,669.8,572.3,798.2,28260,482.6,404.6,574.3,201680,337.2,302.3,375.6,45850,394.1,343.4,451.6,1,59687,0.0,25.7,40.0,5.0,9.0,14.6,68.0,14.6,68.0,62.4,79.3,25.7,83.5,33.3
"A0894","Los Angeles","Los Angeles, Long Beach","https://www.californiahealthmaps.org?address=A0894","Both","Lung",298435,48.3,39.5,58.6,16710,76.0,46.6,146.8,28260,71.8,45.9,112.0,201680,28.0,17.9,42.2,45850,61.3,43.0,86.8,1,59687,0.0,25.7,40.0,5.0,9.0,14.6,68.0,14.6,68.0,62.4,79.3,25.7,83.5,33.3
"A0894","Los Angeles","Los Angeles, Long Beach","https://www.californiahealthmaps.org?address=A0894","Both","CRC",298435,43.4,35.2,53.0,16710,89.3,55.8,163.3,28260,"","","",201680,33.2,23.2,47.0,45850,39.7,25.0,62.1,1,59687,0.0,25.7,40.0,5.0,9.0,14.6,68.0,14.6,68.0,62.4,79.3,25.7,83.5,33.3
"A0894","Los Angeles","Los Angeles, Long Beach","https://www.californiahealthmaps.org?address=A0894","Both","Mela",298435,"","","",16710,"","","",28260,"","","",201680,"","","",45850,"","","",1,59687,0.0,25.7,40.0,5.0,9.0,14.6,68.0,14.6,68.0,62.4,79.3,25.7,83.5,33.3
"A0894","Los Angeles","Los Angeles, Long Beach","https://www.californiahealthmaps.org?address=A0894","Both","Lymph",298435,20.9,15.4,28.0,16710,"","","",28260,"","","",201680,22.2,13.8,34.5,45850,"","","",1,59687,0.0,25.7,40.0,5.0,9.0,14.6,68.0,14.6,68.0,62.4,79.3,25.7,83.5,33.3
"A0894","Los Angeles","Los Angeles, Long Beach","https://www.californiahealthmaps.org?address=A0894","Both","Urinary",298435,9.2,5.6,14.5,16710,"","","",28260,"","","",201680,"","","",45850,"","","",1,59687,0.0,25.7,40.0,5.0,9.0,14.6,68.0,14.6,68.0,62.4,79.3,25.7,83.5,33.3
"A0894","Los Angeles","Los Angeles, Long Beach","https://www.californiahealthmaps.org?address=A0894","Both","Kidney",298435,15.1,10.6,21.1,16710,"","","",28260,"","","",201680,14.0,7.7,24.2,45850,"","","",1,59687,0.0,25.7,40.0,5.0,9.0,14.6,68.0,14.6,68.0,62.4,79.3,25.7,83.5,33.3
"A0894","Los Angeles","Los Angeles, Long Beach","https://www.californiahealthmaps.org?address=A0894","Both","Thyroid",298435,15.4,11.0,21.3,16710,"","","",28260,"","","",201680,14.3,8.4,23.8,45850,24.2,13.4,42.8,1,59687,0.0,25.7,40.0,5.0,9.0,14.6,68.0,14.6,68.0,62.4,79.3,25.7,83.5,33.3
"A0894","Los Angeles","Los Angeles, Long Beach","https://www.californiahealthmaps.org?address=A0894","Both","Liver",298435,15.4,10.7,21.5,16710,"","","",28260,"","","",201680,19.0,11.3,30.7,45850,"","","",1,59687,0.0,25.7,40.0,5.0,9.0,14.6,68.0,14.6,68.0,62.4,79.3,25.7,83.5,33.3
"A0894","Los Angeles","Los Angeles, Long Beach","https://www.californiahealthmaps.org?address=A0894","Both","Pancreas",298435,10.9,6.8,16.6,16710,"","","",28260,"","","",201680,"","","",45850,"","","",1,59687,0.0,25.7,40.0,5.0,9.0,14.6,68.0,14.6,68.0,62.4,79.3,25.7,83.5,33.3
