"Zone","Counties","Cities","URL","Sex","Cancer","PopTot","AAIR","LCI","UCI","White_PopTot","White_AAIR","White_LCI","White_UCI","Black_PopTot","Black_AAIR","Black_LCI","Black_UCI","Hispanic_PopTot","Hispanic_AAIR","Hispanic_LCI","Hispanic_UCI","Asian_PopTot","Asian_AAIR","Asian_LCI","Asian_UCI","QNSES","PopAll","PerRural","PerUninsured","PerForeignBorn","PerWhite","PerBlack","PerAsian","PerHispanic","PerAPI","PerDocvisit","PerFOBT","PerMammo","PerMenPrev","PerPap","PerWomenPrev"
"A1006","Marin","Mill Valley, Corte Madera, Tiburon","https://www.californiahealthmaps.org?address=A1006","Male","AllSite",153445,490.5,459.1,524.4,117410,501.8,466.5,541.3,11310,478.5,292.6,1705.2,11680,572.4,387.1,838.5,"","","","",5,59895,0.1,4.7,15.3,79.1,3.6,6.6,7.5,6.6,"","","","","",""
"A1006","Marin","Mill Valley, Corte Madera, Tiburon","https://www.californiahealthmaps.org?address=A1006","Female","AllSite",146030,463.8,433.7,497.0,120665,474.6,441.4,512.2,"","","","","","","","",10100,393.9,291.8,538.6,5,59895,0.1,4.7,15.3,79.1,3.6,6.6,7.5,6.6,"","","","","",""
"A1006","Marin","Mill Valley, Corte Madera, Tiburon","https://www.californiahealthmaps.org?address=A1006","Male","Prostate",153445,116.5,102.2,133.1,117410,110.7,96.0,129.8,11310,"","","",11680,"","","","","","","",5,59895,0.1,4.7,15.3,79.1,3.6,6.6,7.5,6.6,"","","","","",""
"A1006","Marin","Mill Valley, Corte Madera, Tiburon","https://www.californiahealthmaps.org?address=A1006","Female","Breast",146030,161.8,144.8,182.1,120665,162.7,144.6,185.4,"","","","","","","","",10100,177.8,113.5,287.7,5,59895,0.1,4.7,15.3,79.1,3.6,6.6,7.5,6.6,"","","","","",""
"A1006","Marin","Mill Valley, Corte Madera, Tiburon","https://www.californiahealthmaps.org?address=A1006","Male","Lung",153445,34.4,26.3,45.1,117410,35.1,26.4,49.0,11310,"","","",11680,"","","","","","","",5,59895,0.1,4.7,15.3,79.1,3.6,6.6,7.5,6.6,"","","","","",""
"A1006","Marin","Mill Valley, Corte Madera, Tiburon","https://www.californiahealthmaps.org?address=A1006","Female","Lung",146030,36.8,29.1,48.3,120665,36.3,28.1,49.8,"","","","","","","","",10100,"","","",5,59895,0.1,4.7,15.3,79.1,3.6,6.6,7.5,6.6,"","","","","",""
"A1006","Marin","Mill Valley, Corte Madera, Tiburon","https://www.californiahealthmaps.org?address=A1006","Male","CRC",153445,29.9,22.6,39.9,117410,30.9,22.8,44.4,11310,"","","",11680,"","","","","","","",5,59895,0.1,4.7,15.3,79.1,3.6,6.6,7.5,6.6,"","","","","",""
"A1006","Marin","Mill Valley, Corte Madera, Tiburon","https://www.californiahealthmaps.org?address=A1006","Female","CRC",146030,28.4,21.6,39.1,120665,27.0,19.9,39.8,"","","","","","","","",10100,"","","",5,59895,0.1,4.7,15.3,79.1,3.6,6.6,7.5,6.6,"","","","","",""
"A1006","Marin","Mill Valley, Corte Madera, Tiburon","https://www.californiahealthmaps.org?address=A1006","Male","Mela",153445,79.9,67.5,94.8,117410,89.1,74.8,108.0,11310,"","","",11680,"","","","","","","",5,59895,0.1,4.7,15.3,79.1,3.6,6.6,7.5,6.6,"","","","","",""
"A1006","Marin","Mill Valley, Corte Madera, Tiburon","https://www.californiahealthmaps.org?address=A1006","Female","Mela",146030,47.0,37.6,60.1,120665,51.9,40.9,68.1,"","","","","","","","",10100,"","","",5,59895,0.1,4.7,15.3,79.1,3.6,6.6,7.5,6.6,"","","","","",""
"A1006","Marin","Mill Valley, Corte Madera, Tiburon","https://www.californiahealthmaps.org?address=A1006","Female","Uterine",146030,26.4,20.1,36.6,120665,27.1,20.3,39.5,"","","","","","","","",10100,"","","",5,59895,0.1,4.7,15.3,79.1,3.6,6.6,7.5,6.6,"","","","","",""
"A1006","Marin","Mill Valley, Corte Madera, Tiburon","https://www.californiahealthmaps.org?address=A1006","Male","Lymph",153445,36.0,27.7,47.0,117410,35.2,25.9,49.8,11310,"","","",11680,"","","","","","","",5,59895,0.1,4.7,15.3,79.1,3.6,6.6,7.5,6.6,"","","","","",""
"A1006","Marin","Mill Valley, Corte Madera, Tiburon","https://www.californiahealthmaps.org?address=A1006","Female","Lymph",146030,20.8,14.9,30.8,120665,23.1,16.3,35.7,"","","","","","","","",10100,"","","",5,59895,0.1,4.7,15.3,79.1,3.6,6.6,7.5,6.6,"","","","","",""
"A1006","Marin","Mill Valley, Corte Madera, Tiburon","https://www.californiahealthmaps.org?address=A1006","Male","Urinary",153445,15.2,10.0,23.4,117410,15.6,10.0,27.0,11310,"","","",11680,"","","","","","","",5,59895,0.1,4.7,15.3,79.1,3.6,6.6,7.5,6.6,"","","","","",""
"A1006","Marin","Mill Valley, Corte Madera, Tiburon","https://www.californiahealthmaps.org?address=A1006","Female","Urinary",146030,"","","",120665,"","","","","","","","","","","",10100,"","","",5,59895,0.1,4.7,15.3,79.1,3.6,6.6,7.5,6.6,"","","","","",""
"A1006","Marin","Mill Valley, Corte Madera, Tiburon","https://www.californiahealthmaps.org?address=A1006","Male","Kidney",153445,16.3,11.2,24.2,117410,14.6,9.6,25.5,11310,"","","",11680,"","","","","","","",5,59895,0.1,4.7,15.3,79.1,3.6,6.6,7.5,6.6,"","","","","",""
"A1006","Marin","Mill Valley, Corte Madera, Tiburon","https://www.californiahealthmaps.org?address=A1006","Female","Kidney",146030,6.5,3.6,14.2,120665,7.3,4.0,17.6,"","","","","","","","",10100,"","","",5,59895,0.1,4.7,15.3,79.1,3.6,6.6,7.5,6.6,"","","","","",""
"A1006","Marin","Mill Valley, Corte Madera, Tiburon","https://www.californiahealthmaps.org?address=A1006","Male","Thyroid",153445,10.3,6.0,17.7,117410,"","","",11310,"","","",11680,"","","","","","","",5,59895,0.1,4.7,15.3,79.1,3.6,6.6,7.5,6.6,"","","","","",""
"A1006","Marin","Mill Valley, Corte Madera, Tiburon","https://www.californiahealthmaps.org?address=A1006","Female","Thyroid",146030,14.2,8.1,25.0,120665,15.1,7.4,29.8,"","","","","","","","",10100,"","","",5,59895,0.1,4.7,15.3,79.1,3.6,6.6,7.5,6.6,"","","","","",""
"A1006","Marin","Mill Valley, Corte Madera, Tiburon","https://www.californiahealthmaps.org?address=A1006","Male","Liver",153445,10.1,6.1,17.1,117410,"","","",11310,"","","",11680,"","","","","","","",5,59895,0.1,4.7,15.3,79.1,3.6,6.6,7.5,6.6,"","","","","",""
"A1006","Marin","Mill Valley, Corte Madera, Tiburon","https://www.californiahealthmaps.org?address=A1006","Female","Liver",146030,"","","",120665,"","","","","","","","","","","",10100,"","","",5,59895,0.1,4.7,15.3,79.1,3.6,6.6,7.5,6.6,"","","","","",""
"A1006","Marin","Mill Valley, Corte Madera, Tiburon","https://www.californiahealthmaps.org?address=A1006","Male","Pancreas",153445,17.3,12.0,25.5,117410,19.1,13.1,30.6,11310,"","","",11680,"","","","","","","",5,59895,0.1,4.7,15.3,79.1,3.6,6.6,7.5,6.6,"","","","","",""
"A1006","Marin","Mill Valley, Corte Madera, Tiburon","https://www.californiahealthmaps.org?address=A1006","Female","Pancreas",146030,10.2,6.4,18.5,120665,10.7,6.5,21.4,"","","","","","","","",10100,"","","",5,59895,0.1,4.7,15.3,79.1,3.6,6.6,7.5,6.6,"","","","","",""
"A1006","Marin","Mill Valley, Corte Madera, Tiburon","https://www.californiahealthmaps.org?address=A1006","Both","AllSite",299475,471.4,449.9,494.2,238075,483.7,459.7,509.9,12650,552.6,360.3,1770.5,20085,449.8,339.7,594.6,17075,357.4,278.6,458.5,5,59895,0.1,4.7,15.3,79.1,3.6,6.6,7.5,6.6,"","","","","",""
"A1006","Marin","Mill Valley, Corte Madera, Tiburon","https://www.californiahealthmaps.org?address=A1006","Both","Lung",299475,35.4,29.8,42.5,238075,35.6,29.5,44.0,12650,"","","",20085,"","","",17075,"","","",5,59895,0.1,4.7,15.3,79.1,3.6,6.6,7.5,6.6,"","","","","",""
"A1006","Marin","Mill Valley, Corte Madera, Tiburon","https://www.californiahealthmaps.org?address=A1006","Both","CRC",299475,28.8,23.8,35.2,238075,28.6,23.2,36.5,12650,"","","",20085,"","","",17075,"","","",5,59895,0.1,4.7,15.3,79.1,3.6,6.6,7.5,6.6,"","","","","",""
"A1006","Marin","Mill Valley, Corte Madera, Tiburon","https://www.californiahealthmaps.org?address=A1006","Both","Mela",299475,61.9,54.3,70.9,238075,69.0,60.0,80.2,12650,"","","",20085,"","","",17075,"","","",5,59895,0.1,4.7,15.3,79.1,3.6,6.6,7.5,6.6,"","","","","",""
"A1006","Marin","Mill Valley, Corte Madera, Tiburon","https://www.californiahealthmaps.org?address=A1006","Both","Lymph",299475,27.9,22.7,34.5,238075,28.3,22.6,36.6,12650,"","","",20085,"","","",17075,"","","",5,59895,0.1,4.7,15.3,79.1,3.6,6.6,7.5,6.6,"","","","","",""
"A1006","Marin","Mill Valley, Corte Madera, Tiburon","https://www.californiahealthmaps.org?address=A1006","Both","Urinary",299475,9.5,6.7,13.9,238075,9.7,6.7,15.6,12650,"","","",20085,"","","",17075,"","","",5,59895,0.1,4.7,15.3,79.1,3.6,6.6,7.5,6.6,"","","","","",""
"A1006","Marin","Mill Valley, Corte Madera, Tiburon","https://www.californiahealthmaps.org?address=A1006","Both","Kidney",299475,11.3,8.3,15.8,238075,11.0,7.9,17.0,12650,"","","",20085,"","","",17075,"","","",5,59895,0.1,4.7,15.3,79.1,3.6,6.6,7.5,6.6,"","","","","",""
"A1006","Marin","Mill Valley, Corte Madera, Tiburon","https://www.californiahealthmaps.org?address=A1006","Both","Thyroid",299475,11.9,8.3,17.3,238075,11.8,7.3,19.4,12650,"","","",20085,"","","",17075,"","","",5,59895,0.1,4.7,15.3,79.1,3.6,6.6,7.5,6.6,"","","","","",""
"A1006","Marin","Mill Valley, Corte Madera, Tiburon","https://www.californiahealthmaps.org?address=A1006","Both","Liver",299475,5.8,3.7,9.6,238075,4.5,2.5,9.7,12650,"","","",20085,"","","",17075,"","","",5,59895,0.1,4.7,15.3,79.1,3.6,6.6,7.5,6.6,"","","","","",""
"A1006","Marin","Mill Valley, Corte Madera, Tiburon","https://www.californiahealthmaps.org?address=A1006","Both","Pancreas",299475,13.5,10.2,18.3,238075,14.5,10.9,20.9,12650,"","","",20085,"","","",17075,"","","",5,59895,0.1,4.7,15.3,79.1,3.6,6.6,7.5,6.6,"","","","","",""
