"Zone","Counties","Cities","URL","Sex","Cancer","PopTot","AAIR","LCI","UCI","White_PopTot","White_AAIR","White_LCI","White_UCI","Black_PopTot","Black_AAIR","Black_LCI","Black_UCI","Hispanic_PopTot","Hispanic_AAIR","Hispanic_LCI","Hispanic_UCI","Asian_PopTot","Asian_AAIR","Asian_LCI","Asian_UCI","QNSES","PopAll","PerRural","PerUninsured","PerForeignBorn","PerWhite","PerBlack","PerAsian","PerHispanic"
"B0497","Shasta, Trinity","Redding","https://www.californiahealthmaps.org?address=B0497","Male","AllSite",173250,504.2,474.8,535.5,147535,508.5,477.5,541.8,"","","","",12405,350.3,230.1,527.8,"","","","",2,68911,79.0,16.0,4.3,84.6,0.5,2.8,6.4
"B0497","Shasta, Trinity","Redding","https://www.californiahealthmaps.org?address=B0497","Female","AllSite",171305,445.5,417.8,475.1,146415,452.7,422.8,485.0,"","","","",11805,468.6,332.4,657.6,"","","","",2,68911,79.0,16.0,4.3,84.6,0.5,2.8,6.4
"B0497","Shasta, Trinity","Redding","https://www.californiahealthmaps.org?address=B0497","Male","Prostate",173250,115.4,102.3,130.4,147535,114.8,101.2,130.7,"","","","",12405,"","","","","","","",2,68911,79.0,16.0,4.3,84.6,0.5,2.8,6.4
"B0497","Shasta, Trinity","Redding","https://www.californiahealthmaps.org?address=B0497","Female","Breast",171305,127.8,113.8,143.8,146415,130.1,115.0,147.6,"","","","",11805,"","","","","","","",2,68911,79.0,16.0,4.3,84.6,0.5,2.8,6.4
"B0497","Shasta, Trinity","Redding","https://www.californiahealthmaps.org?address=B0497","Male","Lung",173250,67.1,57.0,79.3,147535,68.4,57.8,81.4,"","","","",12405,"","","","","","","",2,68911,79.0,16.0,4.3,84.6,0.5,2.8,6.4
"B0497","Shasta, Trinity","Redding","https://www.californiahealthmaps.org?address=B0497","Female","Lung",171305,52.9,44.3,63.6,146415,55.9,46.5,67.6,"","","","",11805,"","","","","","","",2,68911,79.0,16.0,4.3,84.6,0.5,2.8,6.4
"B0497","Shasta, Trinity","Redding","https://www.californiahealthmaps.org?address=B0497","Male","CRC",173250,39.4,31.4,49.4,147535,39.3,31.0,50.0,"","","","",12405,"","","","","","","",2,68911,79.0,16.0,4.3,84.6,0.5,2.8,6.4
"B0497","Shasta, Trinity","Redding","https://www.californiahealthmaps.org?address=B0497","Female","CRC",171305,41.0,33.2,50.9,146415,39.7,31.6,50.4,"","","","",11805,"","","","","","","",2,68911,79.0,16.0,4.3,84.6,0.5,2.8,6.4
"B0497","Shasta, Trinity","Redding","https://www.californiahealthmaps.org?address=B0497","Male","Mela",173250,51.7,42.5,63.0,147535,54.0,44.1,66.4,"","","","",12405,"","","","","","","",2,68911,79.0,16.0,4.3,84.6,0.5,2.8,6.4
"B0497","Shasta, Trinity","Redding","https://www.californiahealthmaps.org?address=B0497","Female","Mela",171305,34.6,26.9,44.6,146415,37.2,28.4,48.7,"","","","",11805,"","","","","","","",2,68911,79.0,16.0,4.3,84.6,0.5,2.8,6.4
"B0497","Shasta, Trinity","Redding","https://www.californiahealthmaps.org?address=B0497","Female","Uterine",171305,21.3,16.0,28.6,146415,19.2,14.0,27.0,"","","","",11805,"","","","","","","",2,68911,79.0,16.0,4.3,84.6,0.5,2.8,6.4
"B0497","Shasta, Trinity","Redding","https://www.californiahealthmaps.org?address=B0497","Male","Lymph",173250,20.4,14.6,28.5,147535,19.8,13.8,28.5,"","","","",12405,"","","","","","","",2,68911,79.0,16.0,4.3,84.6,0.5,2.8,6.4
"B0497","Shasta, Trinity","Redding","https://www.californiahealthmaps.org?address=B0497","Female","Lymph",171305,15.0,10.4,21.7,146415,15.7,10.8,23.3,"","","","",11805,"","","","","","","",2,68911,79.0,16.0,4.3,84.6,0.5,2.8,6.4
"B0497","Shasta, Trinity","Redding","https://www.californiahealthmaps.org?address=B0497","Male","Urinary",173250,19.6,14.1,27.4,147535,20.9,15.0,29.5,"","","","",12405,"","","","","","","",2,68911,79.0,16.0,4.3,84.6,0.5,2.8,6.4
"B0497","Shasta, Trinity","Redding","https://www.californiahealthmaps.org?address=B0497","Female","Urinary",171305,4.9,2.5,9.8,146415,"","","","","","","",11805,"","","","","","","",2,68911,79.0,16.0,4.3,84.6,0.5,2.8,6.4
"B0497","Shasta, Trinity","Redding","https://www.californiahealthmaps.org?address=B0497","Male","Kidney",173250,16.5,11.5,23.7,147535,16.6,11.2,24.7,"","","","",12405,"","","","","","","",2,68911,79.0,16.0,4.3,84.6,0.5,2.8,6.4
"B0497","Shasta, Trinity","Redding","https://www.californiahealthmaps.org?address=B0497","Female","Kidney",171305,8.7,5.4,14.4,146415,8.5,5.1,15.0,"","","","",11805,"","","","","","","",2,68911,79.0,16.0,4.3,84.6,0.5,2.8,6.4
"B0497","Shasta, Trinity","Redding","https://www.californiahealthmaps.org?address=B0497","Male","Thyroid",173250,4.5,1.8,9.9,147535,"","","","","","","",12405,"","","","","","","",2,68911,79.0,16.0,4.3,84.6,0.5,2.8,6.4
"B0497","Shasta, Trinity","Redding","https://www.californiahealthmaps.org?address=B0497","Female","Thyroid",171305,18.2,11.7,27.3,146415,19.6,12.3,30.2,"","","","",11805,"","","","","","","",2,68911,79.0,16.0,4.3,84.6,0.5,2.8,6.4
"B0497","Shasta, Trinity","Redding","https://www.californiahealthmaps.org?address=B0497","Both","AllSite",344555,472.2,452.1,493.2,293950,478.1,456.6,500.7,"","","","",24210,387.4,301.0,494.5,"","","","",2,68911,79.0,16.0,4.3,84.6,0.5,2.8,6.4
"B0497","Shasta, Trinity","Redding","https://www.californiahealthmaps.org?address=B0497","Both","Lung",344555,60.1,53.4,67.8,293950,62.4,55.2,70.7,"","","","",24210,"","","","","","","",2,68911,79.0,16.0,4.3,84.6,0.5,2.8,6.4
"B0497","Shasta, Trinity","Redding","https://www.californiahealthmaps.org?address=B0497","Both","CRC",344555,40.0,34.4,46.7,293950,39.3,33.4,46.3,"","","","",24210,"","","","","","","",2,68911,79.0,16.0,4.3,84.6,0.5,2.8,6.4
"B0497","Shasta, Trinity","Redding","https://www.californiahealthmaps.org?address=B0497","Both","Mela",344555,42.2,36.3,49.2,293950,44.7,38.1,52.5,"","","","",24210,"","","","","","","",2,68911,79.0,16.0,4.3,84.6,0.5,2.8,6.4
"B0497","Shasta, Trinity","Redding","https://www.californiahealthmaps.org?address=B0497","Both","Lymph",344555,17.2,13.5,21.9,293950,17.3,13.4,22.4,"","","","",24210,"","","","","","","",2,68911,79.0,16.0,4.3,84.6,0.5,2.8,6.4
"B0497","Shasta, Trinity","Redding","https://www.californiahealthmaps.org?address=B0497","Both","Urinary",344555,11.9,8.9,15.9,293950,12.6,9.4,17.1,"","","","",24210,"","","","","","","",2,68911,79.0,16.0,4.3,84.6,0.5,2.8,6.4
"B0497","Shasta, Trinity","Redding","https://www.californiahealthmaps.org?address=B0497","Both","Kidney",344555,12.6,9.6,16.8,293950,12.6,9.3,17.2,"","","","",24210,"","","","","","","",2,68911,79.0,16.0,4.3,84.6,0.5,2.8,6.4
"B0497","Shasta, Trinity","Redding","https://www.californiahealthmaps.org?address=B0497","Both","Thyroid",344555,11.5,7.8,16.4,293950,12.5,8.4,18.3,"","","","",24210,"","","","","","","",2,68911,79.0,16.0,4.3,84.6,0.5,2.8,6.4
