"Zone","Counties","Cities","URL","Sex","Cancer","PopTot","AAIR","LCI","UCI","White_PopTot","White_AAIR","White_LCI","White_UCI","Black_PopTot","Black_AAIR","Black_LCI","Black_UCI","Hispanic_PopTot","Hispanic_AAIR","Hispanic_LCI","Hispanic_UCI","Asian_PopTot","Asian_AAIR","Asian_LCI","Asian_UCI","QNSES","PopAll","PerRural","PerUninsured","PerForeignBorn","PerWhite","PerBlack","PerAsian","PerHispanic","PerAPI","PerDocvisit","PerFOBT","PerMammo","PerMenPrev","PerPap","PerWomenPrev"
"A0492","Placer","Lincoln, Rocklin","https://www.californiahealthmaps.org?address=A0492","Male","AllSite",146760,585.6,541.2,632.9,109095,593.3,544.6,645.5,"","","","",17340,723.7,525.6,992.9,11525,275.1,162.9,448.9,4,60625,0.6,7.4,10.1,72.9,1.2,8.6,12.6,8.6,"","","","","",""
"A0492","Placer","Lincoln, Rocklin","https://www.californiahealthmaps.org?address=A0492","Female","AllSite",156365,503.7,468.0,541.5,115210,503.3,463.7,545.6,"","","","",18895,493.3,365.7,659.8,13555,489.7,366.7,647.4,4,60625,0.6,7.4,10.1,72.9,1.2,8.6,12.6,8.6,"","","","","",""
"A0492","Placer","Lincoln, Rocklin","https://www.californiahealthmaps.org?address=A0492","Male","Prostate",146760,164.5,141.6,190.5,109095,161.8,137.0,190.1,"","","","",17340,225.0,123.9,403.2,11525,"","","",4,60625,0.6,7.4,10.1,72.9,1.2,8.6,12.6,8.6,"","","","","",""
"A0492","Placer","Lincoln, Rocklin","https://www.californiahealthmaps.org?address=A0492","Female","Breast",156365,172.0,151.4,194.8,115210,183.8,160.2,210.2,"","","","",18895,"","","",13555,125.7,72.3,214.3,4,60625,0.6,7.4,10.1,72.9,1.2,8.6,12.6,8.6,"","","","","",""
"A0492","Placer","Lincoln, Rocklin","https://www.californiahealthmaps.org?address=A0492","Male","Lung",146760,52.8,39.4,69.5,109095,54.7,40.1,73.3,"","","","",17340,"","","",11525,"","","",4,60625,0.6,7.4,10.1,72.9,1.2,8.6,12.6,8.6,"","","","","",""
"A0492","Placer","Lincoln, Rocklin","https://www.californiahealthmaps.org?address=A0492","Female","Lung",156365,53.1,41.6,66.9,115210,58.9,45.6,75.0,"","","","",18895,"","","",13555,"","","",4,60625,0.6,7.4,10.1,72.9,1.2,8.6,12.6,8.6,"","","","","",""
"A0492","Placer","Lincoln, Rocklin","https://www.californiahealthmaps.org?address=A0492","Male","CRC",146760,36.8,26.8,49.9,109095,35.1,24.5,49.4,"","","","",17340,"","","",11525,"","","",4,60625,0.6,7.4,10.1,72.9,1.2,8.6,12.6,8.6,"","","","","",""
"A0492","Placer","Lincoln, Rocklin","https://www.californiahealthmaps.org?address=A0492","Female","CRC",156365,35.8,26.7,47.1,115210,35.8,25.8,48.6,"","","","",18895,"","","",13555,"","","",4,60625,0.6,7.4,10.1,72.9,1.2,8.6,12.6,8.6,"","","","","",""
"A0492","Placer","Lincoln, Rocklin","https://www.californiahealthmaps.org?address=A0492","Male","Mela",146760,59.6,46.3,75.9,109095,63.3,48.4,81.8,"","","","",17340,"","","",11525,"","","",4,60625,0.6,7.4,10.1,72.9,1.2,8.6,12.6,8.6,"","","","","",""
"A0492","Placer","Lincoln, Rocklin","https://www.californiahealthmaps.org?address=A0492","Female","Mela",156365,29.5,21.5,39.7,115210,27.4,18.8,38.8,"","","","",18895,"","","",13555,"","","",4,60625,0.6,7.4,10.1,72.9,1.2,8.6,12.6,8.6,"","","","","",""
"A0492","Placer","Lincoln, Rocklin","https://www.californiahealthmaps.org?address=A0492","Female","Uterine",156365,33.1,24.7,43.9,115210,33.0,23.7,45.0,"","","","",18895,"","","",13555,"","","",4,60625,0.6,7.4,10.1,72.9,1.2,8.6,12.6,8.6,"","","","","",""
"A0492","Placer","Lincoln, Rocklin","https://www.californiahealthmaps.org?address=A0492","Male","Lymph",146760,26.8,18.0,38.7,109095,24.0,15.2,36.6,"","","","",17340,"","","",11525,"","","",4,60625,0.6,7.4,10.1,72.9,1.2,8.6,12.6,8.6,"","","","","",""
"A0492","Placer","Lincoln, Rocklin","https://www.californiahealthmaps.org?address=A0492","Female","Lymph",156365,13.9,8.4,21.8,115210,14.6,8.5,23.8,"","","","",18895,"","","",13555,"","","",4,60625,0.6,7.4,10.1,72.9,1.2,8.6,12.6,8.6,"","","","","",""
"A0492","Placer","Lincoln, Rocklin","https://www.californiahealthmaps.org?address=A0492","Male","Urinary",146760,28.0,18.4,41.2,109095,32.6,21.4,47.9,"","","","",17340,"","","",11525,"","","",4,60625,0.6,7.4,10.1,72.9,1.2,8.6,12.6,8.6,"","","","","",""
"A0492","Placer","Lincoln, Rocklin","https://www.californiahealthmaps.org?address=A0492","Female","Urinary",156365,"","","",115210,"","","","","","","",18895,"","","",13555,"","","",4,60625,0.6,7.4,10.1,72.9,1.2,8.6,12.6,8.6,"","","","","",""
"A0492","Placer","Lincoln, Rocklin","https://www.californiahealthmaps.org?address=A0492","Male","Kidney",146760,17.2,10.4,27.2,109095,16.6,9.3,27.7,"","","","",17340,"","","",11525,"","","",4,60625,0.6,7.4,10.1,72.9,1.2,8.6,12.6,8.6,"","","","","",""
"A0492","Placer","Lincoln, Rocklin","https://www.californiahealthmaps.org?address=A0492","Female","Kidney",156365,11.1,6.4,18.2,115210,"","","","","","","",18895,"","","",13555,"","","",4,60625,0.6,7.4,10.1,72.9,1.2,8.6,12.6,8.6,"","","","","",""
"A0492","Placer","Lincoln, Rocklin","https://www.californiahealthmaps.org?address=A0492","Male","Thyroid",146760,15.5,9.3,24.9,109095,16.8,9.7,27.7,"","","","",17340,"","","",11525,"","","",4,60625,0.6,7.4,10.1,72.9,1.2,8.6,12.6,8.6,"","","","","",""
"A0492","Placer","Lincoln, Rocklin","https://www.californiahealthmaps.org?address=A0492","Female","Thyroid",156365,25.2,18.1,34.5,115210,20.9,13.7,30.9,"","","","",18895,"","","",13555,"","","",4,60625,0.6,7.4,10.1,72.9,1.2,8.6,12.6,8.6,"","","","","",""
"A0492","Placer","Lincoln, Rocklin","https://www.californiahealthmaps.org?address=A0492","Male","Liver",146760,14.0,7.8,23.5,109095,"","","","","","","",17340,"","","",11525,"","","",4,60625,0.6,7.4,10.1,72.9,1.2,8.6,12.6,8.6,"","","","","",""
"A0492","Placer","Lincoln, Rocklin","https://www.californiahealthmaps.org?address=A0492","Female","Liver",156365,"","","",115210,"","","","","","","",18895,"","","",13555,"","","",4,60625,0.6,7.4,10.1,72.9,1.2,8.6,12.6,8.6,"","","","","",""
"A0492","Placer","Lincoln, Rocklin","https://www.californiahealthmaps.org?address=A0492","Male","Pancreas",146760,17.8,10.6,28.5,109095,19.3,11.1,31.5,"","","","",17340,"","","",11525,"","","",4,60625,0.6,7.4,10.1,72.9,1.2,8.6,12.6,8.6,"","","","","",""
"A0492","Placer","Lincoln, Rocklin","https://www.californiahealthmaps.org?address=A0492","Female","Pancreas",156365,16.2,10.4,24.3,115210,15.6,9.4,24.7,"","","","",18895,"","","",13555,"","","",4,60625,0.6,7.4,10.1,72.9,1.2,8.6,12.6,8.6,"","","","","",""
"A0492","Placer","Lincoln, Rocklin","https://www.californiahealthmaps.org?address=A0492","Both","AllSite",303125,534.7,506.9,563.7,224305,538.0,507.4,570.2,"","","","",36235,579.7,468.5,715.2,25080,395.1,307.8,503.5,4,60625,0.6,7.4,10.1,72.9,1.2,8.6,12.6,8.6,"","","","","",""
"A0492","Placer","Lincoln, Rocklin","https://www.californiahealthmaps.org?address=A0492","Both","Lung",303125,52.0,43.3,62.1,224305,56.0,46.1,67.4,"","","","",36235,"","","",25080,"","","",4,60625,0.6,7.4,10.1,72.9,1.2,8.6,12.6,8.6,"","","","","",""
"A0492","Placer","Lincoln, Rocklin","https://www.californiahealthmaps.org?address=A0492","Both","CRC",303125,36.5,29.6,44.7,224305,35.8,28.3,44.8,"","","","",36235,"","","",25080,"","","",4,60625,0.6,7.4,10.1,72.9,1.2,8.6,12.6,8.6,"","","","","",""
"A0492","Placer","Lincoln, Rocklin","https://www.californiahealthmaps.org?address=A0492","Both","Mela",303125,42.1,34.8,50.7,224305,42.9,34.7,52.6,"","","","",36235,"","","",25080,"","","",4,60625,0.6,7.4,10.1,72.9,1.2,8.6,12.6,8.6,"","","","","",""
"A0492","Placer","Lincoln, Rocklin","https://www.californiahealthmaps.org?address=A0492","Both","Lymph",303125,19.5,14.5,25.8,224305,18.7,13.4,25.7,"","","","",36235,"","","",25080,"","","",4,60625,0.6,7.4,10.1,72.9,1.2,8.6,12.6,8.6,"","","","","",""
"A0492","Placer","Lincoln, Rocklin","https://www.californiahealthmaps.org?address=A0492","Both","Urinary",303125,14.9,10.4,20.9,224305,16.6,11.4,23.5,"","","","",36235,"","","",25080,"","","",4,60625,0.6,7.4,10.1,72.9,1.2,8.6,12.6,8.6,"","","","","",""
"A0492","Placer","Lincoln, Rocklin","https://www.californiahealthmaps.org?address=A0492","Both","Kidney",303125,13.7,9.7,19.2,224305,13.4,9.0,19.5,"","","","",36235,"","","",25080,"","","",4,60625,0.6,7.4,10.1,72.9,1.2,8.6,12.6,8.6,"","","","","",""
"A0492","Placer","Lincoln, Rocklin","https://www.californiahealthmaps.org?address=A0492","Both","Thyroid",303125,20.4,15.6,26.5,224305,18.8,13.6,25.6,"","","","",36235,"","","",25080,"","","",4,60625,0.6,7.4,10.1,72.9,1.2,8.6,12.6,8.6,"","","","","",""
"A0492","Placer","Lincoln, Rocklin","https://www.californiahealthmaps.org?address=A0492","Both","Liver",303125,9.9,6.3,14.9,224305,6.5,3.6,11.1,"","","","",36235,"","","",25080,"","","",4,60625,0.6,7.4,10.1,72.9,1.2,8.6,12.6,8.6,"","","","","",""
"A0492","Placer","Lincoln, Rocklin","https://www.californiahealthmaps.org?address=A0492","Both","Pancreas",303125,17.0,12.3,23.1,224305,17.3,12.1,24.2,"","","","",36235,"","","",25080,"","","",4,60625,0.6,7.4,10.1,72.9,1.2,8.6,12.6,8.6,"","","","","",""
