"Zone","Counties","Cities","URL","Sex","Cancer","PopTot","AAIR","LCI","UCI","White_PopTot","White_AAIR","White_LCI","White_UCI","Black_PopTot","Black_AAIR","Black_LCI","Black_UCI","Hispanic_PopTot","Hispanic_AAIR","Hispanic_LCI","Hispanic_UCI","Asian_PopTot","Asian_AAIR","Asian_LCI","Asian_UCI","QNSES","PopAll","PerRural","PerUninsured","PerForeignBorn","PerWhite","PerBlack","PerAsian","PerHispanic","PerAPI","PerDocvisit","PerFOBT","PerMammo","PerMenPrev","PerPap","PerWomenPrev"
"A0799","San Mateo","San Mateo","https://www.californiahealthmaps.org?address=A0799","Male","AllSite",148475,507.9,472.6,545.4,82465,513.5,470.7,560.2,"","","","",26760,579.2,448.8,742.0,29695,454.7,377.8,546.0,5,61367,0.0,6.8,28.2,54.7,1.6,21.8,16.2,21.8,"","","","","",""
"A0799","San Mateo","San Mateo","https://www.californiahealthmaps.org?address=A0799","Female","AllSite",158360,438.3,408.8,469.9,84990,457.9,419.3,500.8,"","","","",28560,456.5,361.5,572.1,35385,428.2,365.6,503.7,5,61367,0.0,6.8,28.2,54.7,1.6,21.8,16.2,21.8,"","","","","",""
"A0799","San Mateo","San Mateo","https://www.californiahealthmaps.org?address=A0799","Male","Prostate",148475,124.0,107.0,143.3,82465,131.2,110.4,156.1,"","","","",26760,162.5,96.2,264.3,29695,75.5,47.0,119.5,5,61367,0.0,6.8,28.2,54.7,1.6,21.8,16.2,21.8,"","","","","",""
"A0799","San Mateo","San Mateo","https://www.californiahealthmaps.org?address=A0799","Female","Breast",158360,166.5,148.3,186.9,84990,176.5,152.6,204.8,"","","","",28560,168.7,113.0,246.0,35385,171.7,133.1,223.8,5,61367,0.0,6.8,28.2,54.7,1.6,21.8,16.2,21.8,"","","","","",""
"A0799","San Mateo","San Mateo","https://www.californiahealthmaps.org?address=A0799","Male","Lung",148475,44.5,34.4,57.1,82465,41.2,29.6,57.1,"","","","",26760,"","","",29695,50.2,27.8,88.7,5,61367,0.0,6.8,28.2,54.7,1.6,21.8,16.2,21.8,"","","","","",""
"A0799","San Mateo","San Mateo","https://www.californiahealthmaps.org?address=A0799","Female","Lung",158360,41.9,33.3,52.7,84990,48.9,37.4,65.1,"","","","",28560,"","","",35385,"","","",5,61367,0.0,6.8,28.2,54.7,1.6,21.8,16.2,21.8,"","","","","",""
"A0799","San Mateo","San Mateo","https://www.californiahealthmaps.org?address=A0799","Male","CRC",148475,42.0,32.5,53.8,82465,33.3,23.6,47.2,"","","","",26760,"","","",29695,69.8,42.8,112.3,5,61367,0.0,6.8,28.2,54.7,1.6,21.8,16.2,21.8,"","","","","",""
"A0799","San Mateo","San Mateo","https://www.californiahealthmaps.org?address=A0799","Female","CRC",158360,29.1,22.1,38.3,84990,35.5,25.5,50.3,"","","","",28560,"","","",35385,"","","",5,61367,0.0,6.8,28.2,54.7,1.6,21.8,16.2,21.8,"","","","","",""
"A0799","San Mateo","San Mateo","https://www.californiahealthmaps.org?address=A0799","Male","Mela",148475,47.2,36.7,59.9,82465,59.4,45.3,77.8,"","","","",26760,"","","",29695,"","","",5,61367,0.0,6.8,28.2,54.7,1.6,21.8,16.2,21.8,"","","","","",""
"A0799","San Mateo","San Mateo","https://www.californiahealthmaps.org?address=A0799","Female","Mela",158360,25.0,18.3,34.1,84990,32.3,22.4,47.1,"","","","",28560,"","","",35385,"","","",5,61367,0.0,6.8,28.2,54.7,1.6,21.8,16.2,21.8,"","","","","",""
"A0799","San Mateo","San Mateo","https://www.californiahealthmaps.org?address=A0799","Female","Uterine",158360,24.8,18.2,33.7,84990,18.7,11.7,30.9,"","","","",28560,"","","",35385,"","","",5,61367,0.0,6.8,28.2,54.7,1.6,21.8,16.2,21.8,"","","","","",""
"A0799","San Mateo","San Mateo","https://www.californiahealthmaps.org?address=A0799","Male","Lymph",148475,34.8,26.0,45.8,82465,37.8,26.6,53.5,"","","","",26760,"","","",29695,"","","",5,61367,0.0,6.8,28.2,54.7,1.6,21.8,16.2,21.8,"","","","","",""
"A0799","San Mateo","San Mateo","https://www.californiahealthmaps.org?address=A0799","Female","Lymph",158360,16.1,11.0,23.4,84990,17.2,10.9,28.7,"","","","",28560,"","","",35385,"","","",5,61367,0.0,6.8,28.2,54.7,1.6,21.8,16.2,21.8,"","","","","",""
"A0799","San Mateo","San Mateo","https://www.californiahealthmaps.org?address=A0799","Male","Urinary",148475,18.5,12.1,27.4,82465,18.2,10.8,30.3,"","","","",26760,"","","",29695,"","","",5,61367,0.0,6.8,28.2,54.7,1.6,21.8,16.2,21.8,"","","","","",""
"A0799","San Mateo","San Mateo","https://www.californiahealthmaps.org?address=A0799","Female","Urinary",158360,"","","",84990,"","","","","","","",28560,"","","",35385,"","","",5,61367,0.0,6.8,28.2,54.7,1.6,21.8,16.2,21.8,"","","","","",""
"A0799","San Mateo","San Mateo","https://www.californiahealthmaps.org?address=A0799","Male","Kidney",148475,27.9,20.1,38.0,82465,25.6,16.9,38.8,"","","","",26760,"","","",29695,"","","",5,61367,0.0,6.8,28.2,54.7,1.6,21.8,16.2,21.8,"","","","","",""
"A0799","San Mateo","San Mateo","https://www.californiahealthmaps.org?address=A0799","Female","Kidney",158360,"","","",84990,"","","","","","","",28560,"","","",35385,"","","",5,61367,0.0,6.8,28.2,54.7,1.6,21.8,16.2,21.8,"","","","","",""
"A0799","San Mateo","San Mateo","https://www.californiahealthmaps.org?address=A0799","Male","Thyroid",148475,10.4,6.0,17.3,82465,"","","","","","","",26760,"","","",29695,"","","",5,61367,0.0,6.8,28.2,54.7,1.6,21.8,16.2,21.8,"","","","","",""
"A0799","San Mateo","San Mateo","https://www.californiahealthmaps.org?address=A0799","Female","Thyroid",158360,19.7,13.5,28.3,84990,18.7,10.7,32.3,"","","","",28560,"","","",35385,"","","",5,61367,0.0,6.8,28.2,54.7,1.6,21.8,16.2,21.8,"","","","","",""
"A0799","San Mateo","San Mateo","https://www.californiahealthmaps.org?address=A0799","Male","Liver",148475,11.2,6.5,18.3,82465,"","","","","","","",26760,"","","",29695,"","","",5,61367,0.0,6.8,28.2,54.7,1.6,21.8,16.2,21.8,"","","","","",""
"A0799","San Mateo","San Mateo","https://www.californiahealthmaps.org?address=A0799","Female","Liver",158360,"","","",84990,"","","","","","","",28560,"","","",35385,"","","",5,61367,0.0,6.8,28.2,54.7,1.6,21.8,16.2,21.8,"","","","","",""
"A0799","San Mateo","San Mateo","https://www.californiahealthmaps.org?address=A0799","Male","Pancreas",148475,14.8,9.2,22.9,82465,14.1,7.8,25.1,"","","","",26760,"","","",29695,"","","",5,61367,0.0,6.8,28.2,54.7,1.6,21.8,16.2,21.8,"","","","","",""
"A0799","San Mateo","San Mateo","https://www.californiahealthmaps.org?address=A0799","Female","Pancreas",158360,9.0,5.3,15.1,84990,"","","","","","","",28560,"","","",35385,"","","",5,61367,0.0,6.8,28.2,54.7,1.6,21.8,16.2,21.8,"","","","","",""
"A0799","San Mateo","San Mateo","https://www.californiahealthmaps.org?address=A0799","Both","AllSite",306835,465.1,442.6,488.7,167455,477.4,449.1,507.8,"","","","",55320,497.9,420.7,587.4,65080,438.7,389.6,494.4,5,61367,0.0,6.8,28.2,54.7,1.6,21.8,16.2,21.8,"","","","","",""
"A0799","San Mateo","San Mateo","https://www.californiahealthmaps.org?address=A0799","Both","Lung",306835,43.0,36.3,50.8,167455,45.3,37.0,55.7,"","","","",55320,"","","",65080,41.3,27.5,62.5,5,61367,0.0,6.8,28.2,54.7,1.6,21.8,16.2,21.8,"","","","","",""
"A0799","San Mateo","San Mateo","https://www.californiahealthmaps.org?address=A0799","Both","CRC",306835,34.6,28.8,41.4,167455,33.9,26.9,43.0,"","","","",55320,"","","",65080,44.5,30.2,66.0,5,61367,0.0,6.8,28.2,54.7,1.6,21.8,16.2,21.8,"","","","","",""
"A0799","San Mateo","San Mateo","https://www.californiahealthmaps.org?address=A0799","Both","Mela",306835,34.0,28.1,41.0,167455,43.3,35.0,53.8,"","","","",55320,"","","",65080,"","","",5,61367,0.0,6.8,28.2,54.7,1.6,21.8,16.2,21.8,"","","","","",""
"A0799","San Mateo","San Mateo","https://www.californiahealthmaps.org?address=A0799","Both","Lymph",306835,24.4,19.5,30.3,167455,26.9,20.5,35.5,"","","","",55320,"","","",65080,"","","",5,61367,0.0,6.8,28.2,54.7,1.6,21.8,16.2,21.8,"","","","","",""
"A0799","San Mateo","San Mateo","https://www.californiahealthmaps.org?address=A0799","Both","Urinary",306835,10.1,7.0,14.4,167455,9.9,6.3,16.0,"","","","",55320,"","","",65080,"","","",5,61367,0.0,6.8,28.2,54.7,1.6,21.8,16.2,21.8,"","","","","",""
"A0799","San Mateo","San Mateo","https://www.californiahealthmaps.org?address=A0799","Both","Kidney",306835,15.9,12.0,21.0,167455,13.2,9.0,19.8,"","","","",55320,"","","",65080,"","","",5,61367,0.0,6.8,28.2,54.7,1.6,21.8,16.2,21.8,"","","","","",""
"A0799","San Mateo","San Mateo","https://www.californiahealthmaps.org?address=A0799","Both","Thyroid",306835,15.2,11.2,20.3,167455,15.5,10.1,23.3,"","","","",55320,"","","",65080,"","","",5,61367,0.0,6.8,28.2,54.7,1.6,21.8,16.2,21.8,"","","","","",""
"A0799","San Mateo","San Mateo","https://www.californiahealthmaps.org?address=A0799","Both","Liver",306835,8.8,6.0,12.7,167455,7.4,4.4,12.8,"","","","",55320,"","","",65080,"","","",5,61367,0.0,6.8,28.2,54.7,1.6,21.8,16.2,21.8,"","","","","",""
"A0799","San Mateo","San Mateo","https://www.californiahealthmaps.org?address=A0799","Both","Pancreas",306835,11.6,8.3,16.1,167455,10.3,6.6,16.3,"","","","",55320,"","","",65080,"","","",5,61367,0.0,6.8,28.2,54.7,1.6,21.8,16.2,21.8,"","","","","",""
