"Zone","Counties","Cities","URL","Sex","Cancer","PopTot","AAIR","LCI","UCI","White_PopTot","White_AAIR","White_LCI","White_UCI","Black_PopTot","Black_AAIR","Black_LCI","Black_UCI","Hispanic_PopTot","Hispanic_AAIR","Hispanic_LCI","Hispanic_UCI","Asian_PopTot","Asian_AAIR","Asian_LCI","Asian_UCI","QNSES","PopAll","PerRural","PerUninsured","PerForeignBorn","PerWhite","PerBlack","PerAsian","PerHispanic"
"A0474","Orange","San Clemente, San Juan Capistrano","https://www.californiahealthmaps.org?address=A0474","Male","AllSite",150935,532.0,497.3,568.9,120065,520.6,484.2,559.8,"","","","",20080,500.1,369.6,667.5,"","","","",5,60556,0.0,8.4,10.7,79.1,0.5,4.3,13.3
"A0474","Orange","San Clemente, San Juan Capistrano","https://www.californiahealthmaps.org?address=A0474","Female","AllSite",151845,464.4,433.2,497.8,118915,464.4,429.9,501.8,"","","","",20825,436.5,334.4,566.6,"","","","",5,60556,0.0,8.4,10.7,79.1,0.5,4.3,13.3
"A0474","Orange","San Clemente, San Juan Capistrano","https://www.californiahealthmaps.org?address=A0474","Male","Prostate",150935,123.1,107.3,141.1,120065,119.3,102.8,138.6,"","","","",20080,"","","","","","","",5,60556,0.0,8.4,10.7,79.1,0.5,4.3,13.3
"A0474","Orange","San Clemente, San Juan Capistrano","https://www.californiahealthmaps.org?address=A0474","Female","Breast",151845,168.3,149.9,188.9,118915,170.1,149.8,193.3,"","","","",20825,162.9,105.9,248.6,"","","","",5,60556,0.0,8.4,10.7,79.1,0.5,4.3,13.3
"A0474","Orange","San Clemente, San Juan Capistrano","https://www.californiahealthmaps.org?address=A0474","Male","Lung",150935,50.1,39.8,62.9,120065,49.8,39.0,63.7,"","","","",20080,"","","","","","","",5,60556,0.0,8.4,10.7,79.1,0.5,4.3,13.3
"A0474","Orange","San Clemente, San Juan Capistrano","https://www.californiahealthmaps.org?address=A0474","Female","Lung",151845,40.7,32.2,51.6,118915,42.8,33.4,55.2,"","","","",20825,"","","","","","","",5,60556,0.0,8.4,10.7,79.1,0.5,4.3,13.3
"A0474","Orange","San Clemente, San Juan Capistrano","https://www.californiahealthmaps.org?address=A0474","Male","CRC",150935,36.1,27.5,47.1,120065,34.5,25.9,46.2,"","","","",20080,"","","","","","","",5,60556,0.0,8.4,10.7,79.1,0.5,4.3,13.3
"A0474","Orange","San Clemente, San Juan Capistrano","https://www.californiahealthmaps.org?address=A0474","Female","CRC",151845,26.0,19.1,35.2,118915,22.5,15.8,32.5,"","","","",20825,"","","","","","","",5,60556,0.0,8.4,10.7,79.1,0.5,4.3,13.3
"A0474","Orange","San Clemente, San Juan Capistrano","https://www.californiahealthmaps.org?address=A0474","Male","Mela",150935,82.3,68.9,98.1,120065,82.0,67.7,99.4,"","","","",20080,"","","","","","","",5,60556,0.0,8.4,10.7,79.1,0.5,4.3,13.3
"A0474","Orange","San Clemente, San Juan Capistrano","https://www.californiahealthmaps.org?address=A0474","Female","Mela",151845,41.7,32.6,53.1,118915,44.7,34.2,58.5,"","","","",20825,"","","","","","","",5,60556,0.0,8.4,10.7,79.1,0.5,4.3,13.3
"A0474","Orange","San Clemente, San Juan Capistrano","https://www.californiahealthmaps.org?address=A0474","Female","Uterine",151845,26.1,19.3,35.3,118915,25.6,18.2,36.1,"","","","",20825,"","","","","","","",5,60556,0.0,8.4,10.7,79.1,0.5,4.3,13.3
"A0474","Orange","San Clemente, San Juan Capistrano","https://www.californiahealthmaps.org?address=A0474","Male","Lymph",150935,30.1,22.2,40.5,120065,29.2,21.0,40.7,"","","","",20080,"","","","","","","",5,60556,0.0,8.4,10.7,79.1,0.5,4.3,13.3
"A0474","Orange","San Clemente, San Juan Capistrano","https://www.californiahealthmaps.org?address=A0474","Female","Lymph",151845,13.7,8.8,21.1,118915,12.6,7.4,21.2,"","","","",20825,"","","","","","","",5,60556,0.0,8.4,10.7,79.1,0.5,4.3,13.3
"A0474","Orange","San Clemente, San Juan Capistrano","https://www.californiahealthmaps.org?address=A0474","Male","Urinary",150935,19.4,13.1,28.3,120065,20.2,13.4,30.3,"","","","",20080,"","","","","","","",5,60556,0.0,8.4,10.7,79.1,0.5,4.3,13.3
"A0474","Orange","San Clemente, San Juan Capistrano","https://www.californiahealthmaps.org?address=A0474","Female","Urinary",151845,2.6,0.9,7.1,118915,"","","","","","","",20825,"","","","","","","",5,60556,0.0,8.4,10.7,79.1,0.5,4.3,13.3
"A0474","Orange","San Clemente, San Juan Capistrano","https://www.californiahealthmaps.org?address=A0474","Male","Kidney",150935,15.2,9.8,23.3,120065,14.3,8.8,23.2,"","","","",20080,"","","","","","","",5,60556,0.0,8.4,10.7,79.1,0.5,4.3,13.3
"A0474","Orange","San Clemente, San Juan Capistrano","https://www.californiahealthmaps.org?address=A0474","Female","Kidney",151845,11.2,6.7,18.3,118915,11.6,6.5,20.3,"","","","",20825,"","","","","","","",5,60556,0.0,8.4,10.7,79.1,0.5,4.3,13.3
"A0474","Orange","San Clemente, San Juan Capistrano","https://www.californiahealthmaps.org?address=A0474","Male","Thyroid",150935,6.8,3.3,13.1,120065,"","","","","","","",20080,"","","","","","","",5,60556,0.0,8.4,10.7,79.1,0.5,4.3,13.3
"A0474","Orange","San Clemente, San Juan Capistrano","https://www.californiahealthmaps.org?address=A0474","Female","Thyroid",151845,25.3,17.8,35.4,118915,26.4,17.6,38.8,"","","","",20825,"","","","","","","",5,60556,0.0,8.4,10.7,79.1,0.5,4.3,13.3
"A0474","Orange","San Clemente, San Juan Capistrano","https://www.californiahealthmaps.org?address=A0474","Both","AllSite",302780,492.4,469.3,516.6,238980,486.3,461.5,512.5,"","","","",40905,463.6,381.1,561.6,12075,468.9,355.0,619.1,5,60556,0.0,8.4,10.7,79.1,0.5,4.3,13.3
"A0474","Orange","San Clemente, San Juan Capistrano","https://www.californiahealthmaps.org?address=A0474","Both","Lung",302780,44.8,38.1,52.6,238980,45.6,38.5,54.2,"","","","",40905,"","","",12075,"","","",5,60556,0.0,8.4,10.7,79.1,0.5,4.3,13.3
"A0474","Orange","San Clemente, San Juan Capistrano","https://www.californiahealthmaps.org?address=A0474","Both","CRC",302780,30.8,25.2,37.4,238980,28.1,22.6,35.1,"","","","",40905,"","","",12075,"","","",5,60556,0.0,8.4,10.7,79.1,0.5,4.3,13.3
"A0474","Orange","San Clemente, San Juan Capistrano","https://www.californiahealthmaps.org?address=A0474","Both","Mela",302780,60.1,52.2,69.1,238980,61.6,52.8,72.0,"","","","",40905,"","","",12075,"","","",5,60556,0.0,8.4,10.7,79.1,0.5,4.3,13.3
"A0474","Orange","San Clemente, San Juan Capistrano","https://www.californiahealthmaps.org?address=A0474","Both","Lymph",302780,21.1,16.5,26.9,238980,20.2,15.4,26.6,"","","","",40905,"","","",12075,"","","",5,60556,0.0,8.4,10.7,79.1,0.5,4.3,13.3
"A0474","Orange","San Clemente, San Juan Capistrano","https://www.californiahealthmaps.org?address=A0474","Both","Urinary",302780,10.2,7.2,14.5,238980,10.8,7.4,15.7,"","","","",40905,"","","",12075,"","","",5,60556,0.0,8.4,10.7,79.1,0.5,4.3,13.3
"A0474","Orange","San Clemente, San Juan Capistrano","https://www.californiahealthmaps.org?address=A0474","Both","Kidney",302780,13.0,9.4,17.9,238980,12.8,8.9,18.2,"","","","",40905,"","","",12075,"","","",5,60556,0.0,8.4,10.7,79.1,0.5,4.3,13.3
"A0474","Orange","San Clemente, San Juan Capistrano","https://www.californiahealthmaps.org?address=A0474","Both","Thyroid",302780,16.0,11.8,21.5,238980,16.5,11.7,23.1,"","","","",40905,"","","",12075,"","","",5,60556,0.0,8.4,10.7,79.1,0.5,4.3,13.3
