"Zone","Counties","Cities","URL","Sex","Cancer","PopTot","AAIR","LCI","UCI","White_PopTot","White_AAIR","White_LCI","White_UCI","Black_PopTot","Black_AAIR","Black_LCI","Black_UCI","Hispanic_PopTot","Hispanic_AAIR","Hispanic_LCI","Hispanic_UCI","Asian_PopTot","Asian_AAIR","Asian_LCI","Asian_UCI","QNSES","PopAll","PerRural","PerUninsured","PerForeignBorn","PerWhite","PerBlack","PerAsian","PerHispanic"
"A0396","Stanislaus","Ceres, Modesto","https://www.californiahealthmaps.org?address=A0396","Male","AllSite",156660,512.0,470.1,557.3,58220,553.8,497.9,615.2,"","","","",79375,460.8,385.2,549.6,"","","","",1,62941,3.7,19.3,21.8,39.5,2.1,4.8,50.4
"A0396","Stanislaus","Ceres, Modesto","https://www.californiahealthmaps.org?address=A0396","Female","AllSite",158045,453.2,417.5,491.3,60715,461.0,413.5,513.9,"","","","",78125,404.3,341.9,477.1,"","","","",1,62941,3.7,19.3,21.8,39.5,2.1,4.8,50.4
"A0396","Stanislaus","Ceres, Modesto","https://www.californiahealthmaps.org?address=A0396","Male","Prostate",156660,98.0,80.5,119.0,58220,96.7,75.3,123.8,"","","","",79375,111.6,74.5,163.4,"","","","",1,62941,3.7,19.3,21.8,39.5,2.1,4.8,50.4
"A0396","Stanislaus","Ceres, Modesto","https://www.californiahealthmaps.org?address=A0396","Female","Breast",158045,128.6,109.9,149.9,60715,129.0,103.9,159.9,"","","","",78125,109.6,80.0,149.8,"","","","",1,62941,3.7,19.3,21.8,39.5,2.1,4.8,50.4
"A0396","Stanislaus","Ceres, Modesto","https://www.californiahealthmaps.org?address=A0396","Male","Lung",156660,70.7,54.8,90.3,58220,81.0,60.2,107.8,"","","","",79375,"","","","","","","",1,62941,3.7,19.3,21.8,39.5,2.1,4.8,50.4
"A0396","Stanislaus","Ceres, Modesto","https://www.californiahealthmaps.org?address=A0396","Female","Lung",158045,59.5,46.8,74.9,60715,69.8,52.8,92.4,"","","","",78125,"","","","","","","",1,62941,3.7,19.3,21.8,39.5,2.1,4.8,50.4
"A0396","Stanislaus","Ceres, Modesto","https://www.californiahealthmaps.org?address=A0396","Male","CRC",156660,51.7,38.5,68.5,58220,54.0,36.9,77.4,"","","","",79375,43.4,23.2,78.3,"","","","",1,62941,3.7,19.3,21.8,39.5,2.1,4.8,50.4
"A0396","Stanislaus","Ceres, Modesto","https://www.californiahealthmaps.org?address=A0396","Female","CRC",158045,41.8,31.4,54.9,60715,45.8,32.1,65.4,"","","","",78125,"","","","","","","",1,62941,3.7,19.3,21.8,39.5,2.1,4.8,50.4
"A0396","Stanislaus","Ceres, Modesto","https://www.californiahealthmaps.org?address=A0396","Male","Mela",156660,21.1,13.3,32.6,58220,23.4,13.1,40.2,"","","","",79375,"","","","","","","",1,62941,3.7,19.3,21.8,39.5,2.1,4.8,50.4
"A0396","Stanislaus","Ceres, Modesto","https://www.californiahealthmaps.org?address=A0396","Female","Mela",158045,10.6,6.0,17.9,60715,"","","","","","","",78125,"","","","","","","",1,62941,3.7,19.3,21.8,39.5,2.1,4.8,50.4
"A0396","Stanislaus","Ceres, Modesto","https://www.californiahealthmaps.org?address=A0396","Female","Uterine",158045,25.2,17.4,35.7,60715,29.1,18.3,46.1,"","","","",78125,"","","","","","","",1,62941,3.7,19.3,21.8,39.5,2.1,4.8,50.4
"A0396","Stanislaus","Ceres, Modesto","https://www.californiahealthmaps.org?address=A0396","Male","Lymph",156660,23.4,15.1,35.4,58220,26.7,15.3,44.6,"","","","",79375,"","","","","","","",1,62941,3.7,19.3,21.8,39.5,2.1,4.8,50.4
"A0396","Stanislaus","Ceres, Modesto","https://www.californiahealthmaps.org?address=A0396","Female","Lymph",158045,18.1,11.6,27.4,60715,"","","","","","","",78125,"","","","","","","",1,62941,3.7,19.3,21.8,39.5,2.1,4.8,50.4
"A0396","Stanislaus","Ceres, Modesto","https://www.californiahealthmaps.org?address=A0396","Male","Urinary",156660,26.4,17.5,39.1,58220,38.5,24.9,58.3,"","","","",79375,"","","","","","","",1,62941,3.7,19.3,21.8,39.5,2.1,4.8,50.4
"A0396","Stanislaus","Ceres, Modesto","https://www.californiahealthmaps.org?address=A0396","Female","Urinary",158045,5.3,2.1,11.4,60715,"","","","","","","",78125,"","","","","","","",1,62941,3.7,19.3,21.8,39.5,2.1,4.8,50.4
"A0396","Stanislaus","Ceres, Modesto","https://www.californiahealthmaps.org?address=A0396","Male","Kidney",156660,30.0,21.0,42.5,58220,32.1,20.3,49.9,"","","","",79375,"","","","","","","",1,62941,3.7,19.3,21.8,39.5,2.1,4.8,50.4
"A0396","Stanislaus","Ceres, Modesto","https://www.californiahealthmaps.org?address=A0396","Female","Kidney",158045,17.6,11.3,26.7,60715,18.1,10.0,32.5,"","","","",78125,"","","","","","","",1,62941,3.7,19.3,21.8,39.5,2.1,4.8,50.4
"A0396","Stanislaus","Ceres, Modesto","https://www.californiahealthmaps.org?address=A0396","Male","Thyroid",156660,6.2,2.6,13.9,58220,"","","","","","","",79375,"","","","","","","",1,62941,3.7,19.3,21.8,39.5,2.1,4.8,50.4
"A0396","Stanislaus","Ceres, Modesto","https://www.californiahealthmaps.org?address=A0396","Female","Thyroid",158045,21.9,15.0,31.4,60715,"","","","","","","",78125,29.7,16.0,54.7,"","","","",1,62941,3.7,19.3,21.8,39.5,2.1,4.8,50.4
"A0396","Stanislaus","Ceres, Modesto","https://www.californiahealthmaps.org?address=A0396","Both","AllSite",314705,477.5,450.3,506.0,118935,501.6,465.3,540.5,"","","","",157500,428.1,379.4,482.6,18770,480.8,366.3,631.3,1,62941,3.7,19.3,21.8,39.5,2.1,4.8,50.4
"A0396","Stanislaus","Ceres, Modesto","https://www.californiahealthmaps.org?address=A0396","Both","Lung",314705,63.8,53.8,75.4,118935,74.5,61.1,90.7,"","","","",157500,34.7,20.6,55.5,18770,"","","",1,62941,3.7,19.3,21.8,39.5,2.1,4.8,50.4
"A0396","Stanislaus","Ceres, Modesto","https://www.californiahealthmaps.org?address=A0396","Both","CRC",314705,46.3,37.9,56.1,118935,49.1,38.2,62.8,"","","","",157500,43.4,28.0,65.3,18770,"","","",1,62941,3.7,19.3,21.8,39.5,2.1,4.8,50.4
"A0396","Stanislaus","Ceres, Modesto","https://www.californiahealthmaps.org?address=A0396","Both","Mela",314705,15.3,10.9,21.2,118935,16.7,10.8,25.6,"","","","",157500,"","","",18770,"","","",1,62941,3.7,19.3,21.8,39.5,2.1,4.8,50.4
"A0396","Stanislaus","Ceres, Modesto","https://www.californiahealthmaps.org?address=A0396","Both","Lymph",314705,20.2,15.0,26.9,118935,18.0,11.6,27.4,"","","","",157500,25.2,14.6,42.2,18770,"","","",1,62941,3.7,19.3,21.8,39.5,2.1,4.8,50.4
"A0396","Stanislaus","Ceres, Modesto","https://www.californiahealthmaps.org?address=A0396","Both","Urinary",314705,15.0,10.5,21.1,118935,21.6,14.7,31.4,"","","","",157500,"","","",18770,"","","",1,62941,3.7,19.3,21.8,39.5,2.1,4.8,50.4
"A0396","Stanislaus","Ceres, Modesto","https://www.californiahealthmaps.org?address=A0396","Both","Kidney",314705,23.4,17.9,30.4,118935,24.6,17.4,34.7,"","","","",157500,25.9,15.7,42.3,18770,"","","",1,62941,3.7,19.3,21.8,39.5,2.1,4.8,50.4
"A0396","Stanislaus","Ceres, Modesto","https://www.californiahealthmaps.org?address=A0396","Both","Thyroid",314705,14.1,10.1,19.6,118935,11.8,6.6,20.2,"","","","",157500,17.9,10.2,31.7,18770,"","","",1,62941,3.7,19.3,21.8,39.5,2.1,4.8,50.4
