"Zone","Counties","Cities","URL","Sex","Cancer","PopTot","AAIR","LCI","UCI","White_PopTot","White_AAIR","White_LCI","White_UCI","Black_PopTot","Black_AAIR","Black_LCI","Black_UCI","Hispanic_PopTot","Hispanic_AAIR","Hispanic_LCI","Hispanic_UCI","Asian_PopTot","Asian_AAIR","Asian_LCI","Asian_UCI","QNSES","PopAll","PerRural","PerUninsured","PerForeignBorn","PerWhite","PerBlack","PerAsian","PerHispanic"
"A0841","Santa Clara","San Jose","https://www.californiahealthmaps.org?address=A0841","Male","AllSite",156600,584.5,536.8,635.8,60320,625.7,555.6,705.5,"","","","",67065,500.5,417.8,596.7,17470,548.6,423.5,716.0,4,59858,0.0,15.8,26.9,39.7,2.5,12.1,41.5
"A0841","Santa Clara","San Jose","https://www.californiahealthmaps.org?address=A0841","Female","AllSite",142690,448.6,411.4,488.7,54930,504.0,445.2,572.5,"","","","",59155,345.7,289.7,410.5,18320,495.6,397.0,633.0,4,59858,0.0,15.8,26.9,39.7,2.5,12.1,41.5
"A0841","Santa Clara","San Jose","https://www.californiahealthmaps.org?address=A0841","Male","Prostate",156600,108.5,88.5,132.2,60320,109.4,82.3,146.8,"","","","",67065,79.7,48.5,125.7,17470,"","","",4,59858,0.0,15.8,26.9,39.7,2.5,12.1,41.5
"A0841","Santa Clara","San Jose","https://www.californiahealthmaps.org?address=A0841","Female","Breast",142690,125.4,106.0,147.8,54930,159.8,127.4,202.7,"","","","",59155,69.7,45.8,103.0,18320,145.5,92.2,244.7,4,59858,0.0,15.8,26.9,39.7,2.5,12.1,41.5
"A0841","Santa Clara","San Jose","https://www.californiahealthmaps.org?address=A0841","Male","Lung",156600,52.9,38.4,71.3,60320,67.6,44.8,101.8,"","","","",67065,"","","",17470,"","","",4,59858,0.0,15.8,26.9,39.7,2.5,12.1,41.5
"A0841","Santa Clara","San Jose","https://www.californiahealthmaps.org?address=A0841","Female","Lung",142690,44.7,33.1,59.4,54930,47.9,31.2,76.4,"","","","",59155,"","","",18320,"","","",4,59858,0.0,15.8,26.9,39.7,2.5,12.1,41.5
"A0841","Santa Clara","San Jose","https://www.californiahealthmaps.org?address=A0841","Male","CRC",156600,59.3,45.0,77.4,60320,42.5,26.8,69.5,"","","","",67065,68.5,40.4,111.4,17470,"","","",4,59858,0.0,15.8,26.9,39.7,2.5,12.1,41.5
"A0841","Santa Clara","San Jose","https://www.californiahealthmaps.org?address=A0841","Female","CRC",142690,44.7,33.5,58.9,54930,47.9,30.9,76.8,"","","","",59155,43.6,25.6,71.1,18320,"","","",4,59858,0.0,15.8,26.9,39.7,2.5,12.1,41.5
"A0841","Santa Clara","San Jose","https://www.californiahealthmaps.org?address=A0841","Male","Mela",156600,52.7,39.0,70.3,60320,94.0,67.6,131.3,"","","","",67065,"","","",17470,"","","",4,59858,0.0,15.8,26.9,39.7,2.5,12.1,41.5
"A0841","Santa Clara","San Jose","https://www.californiahealthmaps.org?address=A0841","Female","Mela",142690,22.9,15.4,33.3,54930,37.6,23.5,63.6,"","","","",59155,"","","",18320,"","","",4,59858,0.0,15.8,26.9,39.7,2.5,12.1,41.5
"A0841","Santa Clara","San Jose","https://www.californiahealthmaps.org?address=A0841","Female","Uterine",142690,31.4,22.0,43.8,54930,34.5,20.8,60.4,"","","","",59155,"","","",18320,"","","",4,59858,0.0,15.8,26.9,39.7,2.5,12.1,41.5
"A0841","Santa Clara","San Jose","https://www.californiahealthmaps.org?address=A0841","Male","Lymph",156600,40.0,28.0,55.9,60320,44.2,26.2,74.2,"","","","",67065,"","","",17470,"","","",4,59858,0.0,15.8,26.9,39.7,2.5,12.1,41.5
"A0841","Santa Clara","San Jose","https://www.californiahealthmaps.org?address=A0841","Female","Lymph",142690,13.6,8.0,22.3,54930,"","","","","","","",59155,"","","",18320,"","","",4,59858,0.0,15.8,26.9,39.7,2.5,12.1,41.5
"A0841","Santa Clara","San Jose","https://www.californiahealthmaps.org?address=A0841","Male","Urinary",156600,19.6,11.4,32.0,60320,"","","","","","","",67065,"","","",17470,"","","",4,59858,0.0,15.8,26.9,39.7,2.5,12.1,41.5
"A0841","Santa Clara","San Jose","https://www.californiahealthmaps.org?address=A0841","Female","Urinary",142690,7.7,3.4,15.3,54930,"","","","","","","",59155,"","","",18320,"","","",4,59858,0.0,15.8,26.9,39.7,2.5,12.1,41.5
"A0841","Santa Clara","San Jose","https://www.californiahealthmaps.org?address=A0841","Male","Kidney",156600,31.8,21.5,46.0,60320,30.1,16.5,55.6,"","","","",67065,"","","",17470,"","","",4,59858,0.0,15.8,26.9,39.7,2.5,12.1,41.5
"A0841","Santa Clara","San Jose","https://www.californiahealthmaps.org?address=A0841","Female","Kidney",142690,8.4,4.1,15.9,54930,"","","","","","","",59155,"","","",18320,"","","",4,59858,0.0,15.8,26.9,39.7,2.5,12.1,41.5
"A0841","Santa Clara","San Jose","https://www.californiahealthmaps.org?address=A0841","Male","Thyroid",156600,5.4,2.3,12.5,60320,"","","","","","","",67065,"","","",17470,"","","",4,59858,0.0,15.8,26.9,39.7,2.5,12.1,41.5
"A0841","Santa Clara","San Jose","https://www.californiahealthmaps.org?address=A0841","Female","Thyroid",142690,18.9,12.3,28.4,54930,"","","","","","","",59155,"","","",18320,"","","",4,59858,0.0,15.8,26.9,39.7,2.5,12.1,41.5
"A0841","Santa Clara","San Jose","https://www.californiahealthmaps.org?address=A0841","Both","AllSite",299290,501.8,472.6,532.6,115250,555.5,510.5,605.3,11280,824.2,595.0,1141.1,126220,401.5,354.9,453.1,35790,508.7,430.9,605.5,4,59858,0.0,15.8,26.9,39.7,2.5,12.1,41.5
"A0841","Santa Clara","San Jose","https://www.californiahealthmaps.org?address=A0841","Both","Lung",299290,47.4,38.3,58.2,115250,56.8,42.7,76.4,11280,"","","",126220,35.6,21.7,55.5,35790,"","","",4,59858,0.0,15.8,26.9,39.7,2.5,12.1,41.5
"A0841","Santa Clara","San Jose","https://www.californiahealthmaps.org?address=A0841","Both","CRC",299290,51.2,42.2,61.8,115250,45.3,33.3,62.5,11280,"","","",126220,53.6,37.4,75.2,35790,52.2,29.9,98.5,4,59858,0.0,15.8,26.9,39.7,2.5,12.1,41.5
"A0841","Santa Clara","San Jose","https://www.californiahealthmaps.org?address=A0841","Both","Mela",299290,35.9,28.5,45.0,115250,63.0,48.4,82.7,11280,"","","",126220,"","","",35790,"","","",4,59858,0.0,15.8,26.9,39.7,2.5,12.1,41.5
"A0841","Santa Clara","San Jose","https://www.californiahealthmaps.org?address=A0841","Both","Lymph",299290,25.6,19.3,33.6,115250,27.6,17.8,43.2,11280,"","","",126220,27.4,16.0,44.6,35790,"","","",4,59858,0.0,15.8,26.9,39.7,2.5,12.1,41.5
"A0841","Santa Clara","San Jose","https://www.californiahealthmaps.org?address=A0841","Both","Urinary",299290,13.1,8.6,19.4,115250,"","","",11280,"","","",126220,"","","",35790,"","","",4,59858,0.0,15.8,26.9,39.7,2.5,12.1,41.5
"A0841","Santa Clara","San Jose","https://www.californiahealthmaps.org?address=A0841","Both","Kidney",299290,19.4,13.9,26.5,115250,17.7,10.3,31.1,11280,"","","",126220,18.3,9.9,32.3,35790,"","","",4,59858,0.0,15.8,26.9,39.7,2.5,12.1,41.5
"A0841","Santa Clara","San Jose","https://www.californiahealthmaps.org?address=A0841","Both","Thyroid",299290,11.7,8.1,16.9,115250,12.2,6.9,23.5,11280,"","","",126220,"","","",35790,"","","",4,59858,0.0,15.8,26.9,39.7,2.5,12.1,41.5
