"Zone","Counties","Cities","URL","Sex","Cancer","PopTot","AAIR","LCI","UCI","White_PopTot","White_AAIR","White_LCI","White_UCI","Black_PopTot","Black_AAIR","Black_LCI","Black_UCI","Hispanic_PopTot","Hispanic_AAIR","Hispanic_LCI","Hispanic_UCI","Asian_PopTot","Asian_AAIR","Asian_LCI","Asian_UCI","QNSES","PopAll","PerRural","PerUninsured","PerForeignBorn","PerWhite","PerBlack","PerAsian","PerHispanic","PerAPI","PerDocvisit","PerFOBT","PerMammo","PerMenPrev","PerPap","PerWomenPrev"
"A0692","Kern, Ventura","Ojai, Ventura","https://www.californiahealthmaps.org?address=A0692","Male","AllSite",159125,505.0,471.9,540.2,102490,513.2,475.5,554.1,"","","","",48050,405.8,319.9,511.6,"","","","",4,64370,14.6,15.6,15.5,65.0,0.9,2.3,29.5,2.3,"","","","","",""
"A0692","Kern, Ventura","Ojai, Ventura","https://www.californiahealthmaps.org?address=A0692","Female","AllSite",162725,420.5,391.8,451.0,106240,437.4,403.1,475.2,"","","","",46645,367.7,300.6,447.7,"","","","",4,64370,14.6,15.6,15.5,65.0,0.9,2.3,29.5,2.3,"","","","","",""
"A0692","Kern, Ventura","Ojai, Ventura","https://www.californiahealthmaps.org?address=A0692","Male","Prostate",159125,115.0,99.7,132.4,102490,107.5,91.4,127.1,"","","","",48050,114.9,70.4,181.4,"","","","",4,64370,14.6,15.6,15.5,65.0,0.9,2.3,29.5,2.3,"","","","","",""
"A0692","Kern, Ventura","Ojai, Ventura","https://www.californiahealthmaps.org?address=A0692","Female","Breast",162725,134.4,118.4,152.4,106240,141.4,122.3,164.1,"","","","",46645,114.1,78.7,163.0,"","","","",4,64370,14.6,15.6,15.5,65.0,0.9,2.3,29.5,2.3,"","","","","",""
"A0692","Kern, Ventura","Ojai, Ventura","https://www.californiahealthmaps.org?address=A0692","Male","Lung",159125,54.0,43.3,66.7,102490,59.5,47.4,75.3,"","","","",48050,"","","","","","","",4,64370,14.6,15.6,15.5,65.0,0.9,2.3,29.5,2.3,"","","","","",""
"A0692","Kern, Ventura","Ojai, Ventura","https://www.californiahealthmaps.org?address=A0692","Female","Lung",162725,48.3,39.0,59.6,106240,52.0,41.5,66.2,"","","","",46645,"","","","","","","",4,64370,14.6,15.6,15.5,65.0,0.9,2.3,29.5,2.3,"","","","","",""
"A0692","Kern, Ventura","Ojai, Ventura","https://www.californiahealthmaps.org?address=A0692","Male","CRC",159125,39.3,30.6,50.1,102490,38.3,28.9,51.5,"","","","",48050,"","","","","","","",4,64370,14.6,15.6,15.5,65.0,0.9,2.3,29.5,2.3,"","","","","",""
"A0692","Kern, Ventura","Ojai, Ventura","https://www.californiahealthmaps.org?address=A0692","Female","CRC",162725,25.6,19.1,34.1,106240,26.3,18.8,37.9,"","","","",46645,"","","","","","","",4,64370,14.6,15.6,15.5,65.0,0.9,2.3,29.5,2.3,"","","","","",""
"A0692","Kern, Ventura","Ojai, Ventura","https://www.californiahealthmaps.org?address=A0692","Male","Mela",159125,45.5,35.9,57.2,102490,53.8,41.9,69.5,"","","","",48050,"","","","","","","",4,64370,14.6,15.6,15.5,65.0,0.9,2.3,29.5,2.3,"","","","","",""
"A0692","Kern, Ventura","Ojai, Ventura","https://www.californiahealthmaps.org?address=A0692","Female","Mela",162725,28.8,21.5,38.2,106240,32.3,22.9,46.1,"","","","",46645,"","","","","","","",4,64370,14.6,15.6,15.5,65.0,0.9,2.3,29.5,2.3,"","","","","",""
"A0692","Kern, Ventura","Ojai, Ventura","https://www.californiahealthmaps.org?address=A0692","Female","Uterine",162725,23.9,17.8,31.9,106240,24.0,17.2,35.0,"","","","",46645,"","","","","","","",4,64370,14.6,15.6,15.5,65.0,0.9,2.3,29.5,2.3,"","","","","",""
"A0692","Kern, Ventura","Ojai, Ventura","https://www.californiahealthmaps.org?address=A0692","Male","Lymph",159125,22.7,16.1,31.6,102490,22.0,14.5,33.6,"","","","",48050,"","","","","","","",4,64370,14.6,15.6,15.5,65.0,0.9,2.3,29.5,2.3,"","","","","",""
"A0692","Kern, Ventura","Ojai, Ventura","https://www.californiahealthmaps.org?address=A0692","Female","Lymph",162725,17.9,12.4,25.4,106240,18.4,12.2,28.9,"","","","",46645,"","","","","","","",4,64370,14.6,15.6,15.5,65.0,0.9,2.3,29.5,2.3,"","","","","",""
"A0692","Kern, Ventura","Ojai, Ventura","https://www.californiahealthmaps.org?address=A0692","Male","Urinary",159125,21.7,15.2,30.5,102490,22.5,15.3,33.7,"","","","",48050,"","","","","","","",4,64370,14.6,15.6,15.5,65.0,0.9,2.3,29.5,2.3,"","","","","",""
"A0692","Kern, Ventura","Ojai, Ventura","https://www.californiahealthmaps.org?address=A0692","Female","Urinary",162725,"","","",106240,"","","","","","","",46645,"","","","","","","",4,64370,14.6,15.6,15.5,65.0,0.9,2.3,29.5,2.3,"","","","","",""
"A0692","Kern, Ventura","Ojai, Ventura","https://www.californiahealthmaps.org?address=A0692","Male","Kidney",159125,24.6,17.7,33.8,102490,26.2,18.2,38.2,"","","","",48050,"","","","","","","",4,64370,14.6,15.6,15.5,65.0,0.9,2.3,29.5,2.3,"","","","","",""
"A0692","Kern, Ventura","Ojai, Ventura","https://www.californiahealthmaps.org?address=A0692","Female","Kidney",162725,"","","",106240,"","","","","","","",46645,"","","","","","","",4,64370,14.6,15.6,15.5,65.0,0.9,2.3,29.5,2.3,"","","","","",""
"A0692","Kern, Ventura","Ojai, Ventura","https://www.californiahealthmaps.org?address=A0692","Male","Thyroid",159125,10.0,6.0,16.4,102490,12.2,6.7,22.1,"","","","",48050,"","","","","","","",4,64370,14.6,15.6,15.5,65.0,0.9,2.3,29.5,2.3,"","","","","",""
"A0692","Kern, Ventura","Ojai, Ventura","https://www.californiahealthmaps.org?address=A0692","Female","Thyroid",162725,16.7,10.9,24.7,106240,20.2,12.0,33.3,"","","","",46645,"","","","","","","",4,64370,14.6,15.6,15.5,65.0,0.9,2.3,29.5,2.3,"","","","","",""
"A0692","Kern, Ventura","Ojai, Ventura","https://www.californiahealthmaps.org?address=A0692","Male","Liver",159125,13.7,9.2,20.3,102490,10.4,6.1,18.8,"","","","",48050,"","","","","","","",4,64370,14.6,15.6,15.5,65.0,0.9,2.3,29.5,2.3,"","","","","",""
"A0692","Kern, Ventura","Ojai, Ventura","https://www.californiahealthmaps.org?address=A0692","Female","Liver",162725,"","","",106240,"","","","","","","",46645,"","","","","","","",4,64370,14.6,15.6,15.5,65.0,0.9,2.3,29.5,2.3,"","","","","",""
"A0692","Kern, Ventura","Ojai, Ventura","https://www.californiahealthmaps.org?address=A0692","Male","Pancreas",159125,17.1,11.5,24.8,102490,16.4,10.4,26.6,"","","","",48050,"","","","","","","",4,64370,14.6,15.6,15.5,65.0,0.9,2.3,29.5,2.3,"","","","","",""
"A0692","Kern, Ventura","Ojai, Ventura","https://www.californiahealthmaps.org?address=A0692","Female","Pancreas",162725,7.9,4.5,13.4,106240,"","","","","","","",46645,"","","","","","","",4,64370,14.6,15.6,15.5,65.0,0.9,2.3,29.5,2.3,"","","","","",""
"A0692","Kern, Ventura","Ojai, Ventura","https://www.californiahealthmaps.org?address=A0692","Both","AllSite",321850,455.4,433.8,477.9,208730,468.6,443.4,495.4,"","","","",94695,373.0,320.9,432.3,"","","","",4,64370,14.6,15.6,15.5,65.0,0.9,2.3,29.5,2.3,"","","","","",""
"A0692","Kern, Ventura","Ojai, Ventura","https://www.californiahealthmaps.org?address=A0692","Both","Lung",321850,51.1,44.0,59.2,208730,55.7,47.7,65.6,"","","","",94695,"","","","","","","",4,64370,14.6,15.6,15.5,65.0,0.9,2.3,29.5,2.3,"","","","","",""
"A0692","Kern, Ventura","Ojai, Ventura","https://www.californiahealthmaps.org?address=A0692","Both","CRC",321850,32.0,26.6,38.5,208730,32.0,25.9,39.9,"","","","",94695,29.6,15.9,51.4,"","","","",4,64370,14.6,15.6,15.5,65.0,0.9,2.3,29.5,2.3,"","","","","",""
"A0692","Kern, Ventura","Ojai, Ventura","https://www.californiahealthmaps.org?address=A0692","Both","Mela",321850,35.8,29.9,42.8,208730,41.6,34.0,51.0,"","","","",94695,"","","","","","","",4,64370,14.6,15.6,15.5,65.0,0.9,2.3,29.5,2.3,"","","","","",""
"A0692","Kern, Ventura","Ojai, Ventura","https://www.californiahealthmaps.org?address=A0692","Both","Lymph",321850,20.3,15.9,25.7,208730,20.3,15.3,27.3,"","","","",94695,"","","","","","","",4,64370,14.6,15.6,15.5,65.0,0.9,2.3,29.5,2.3,"","","","","",""
"A0692","Kern, Ventura","Ojai, Ventura","https://www.californiahealthmaps.org?address=A0692","Both","Urinary",321850,12.2,9.0,16.4,208730,12.4,8.8,17.9,"","","","",94695,"","","","","","","",4,64370,14.6,15.6,15.5,65.0,0.9,2.3,29.5,2.3,"","","","","",""
"A0692","Kern, Ventura","Ojai, Ventura","https://www.californiahealthmaps.org?address=A0692","Both","Kidney",321850,15.3,11.5,20.1,208730,16.8,12.3,23.2,"","","","",94695,"","","","","","","",4,64370,14.6,15.6,15.5,65.0,0.9,2.3,29.5,2.3,"","","","","",""
"A0692","Kern, Ventura","Ojai, Ventura","https://www.californiahealthmaps.org?address=A0692","Both","Thyroid",321850,13.2,9.6,17.9,208730,16.1,11.0,23.3,"","","","",94695,"","","","","","","",4,64370,14.6,15.6,15.5,65.0,0.9,2.3,29.5,2.3,"","","","","",""
"A0692","Kern, Ventura","Ojai, Ventura","https://www.californiahealthmaps.org?address=A0692","Both","Liver",321850,9.7,7.0,13.4,208730,8.2,5.2,13.2,"","","","",94695,"","","","","","","",4,64370,14.6,15.6,15.5,65.0,0.9,2.3,29.5,2.3,"","","","","",""
"A0692","Kern, Ventura","Ojai, Ventura","https://www.californiahealthmaps.org?address=A0692","Both","Pancreas",321850,12.1,8.9,16.3,208730,11.3,7.8,16.7,"","","","",94695,"","","","","","","",4,64370,14.6,15.6,15.5,65.0,0.9,2.3,29.5,2.3,"","","","","",""
