"Zone","Counties","Cities","URL","Sex","Cancer","PopTot","AAIR","LCI","UCI","White_PopTot","White_AAIR","White_LCI","White_UCI","Black_PopTot","Black_AAIR","Black_LCI","Black_UCI","Hispanic_PopTot","Hispanic_AAIR","Hispanic_LCI","Hispanic_UCI","Asian_PopTot","Asian_AAIR","Asian_LCI","Asian_UCI","QNSES","PopAll","PerRural","PerUninsured","PerForeignBorn","PerWhite","PerBlack","PerAsian","PerHispanic","PerAPI","PerDocvisit","PerFOBT","PerMammo","PerMenPrev","PerPap","PerWomenPrev"
"A0908","Los Angeles","Los Angeles","https://www.californiahealthmaps.org?address=A0908","Male","AllSite",151395,517.1,480.7,555.7,"","","","",84540,529.7,486.6,576.5,54500,392.8,292.8,530.0,"","","","",2,65801,0.0,21.2,23.8,3.8,60.0,2.3,30.7,2.3,"","","","","",""
"A0908","Los Angeles","Los Angeles","https://www.californiahealthmaps.org?address=A0908","Female","AllSite",177610,396.8,370.2,425.1,"","","","",107730,391.5,360.3,425.6,54020,387.0,313.1,476.8,"","","","",2,65801,0.0,21.2,23.8,3.8,60.0,2.3,30.7,2.3,"","","","","",""
"A0908","Los Angeles","Los Angeles","https://www.californiahealthmaps.org?address=A0908","Male","Prostate",151395,194.0,172.2,217.9,"","","","",84540,203.8,178.1,233.2,54500,166.3,98.9,275.9,"","","","",2,65801,0.0,21.2,23.8,3.8,60.0,2.3,30.7,2.3,"","","","","",""
"A0908","Los Angeles","Los Angeles","https://www.californiahealthmaps.org?address=A0908","Female","Breast",177610,139.6,123.8,157.2,"","","","",107730,149.5,129.9,172.1,54020,94.3,62.6,142.0,"","","","",2,65801,0.0,21.2,23.8,3.8,60.0,2.3,30.7,2.3,"","","","","",""
"A0908","Los Angeles","Los Angeles","https://www.californiahealthmaps.org?address=A0908","Male","Lung",151395,47.8,37.1,60.8,"","","","",84540,50.7,38.2,67.2,54500,"","","","","","","",2,65801,0.0,21.2,23.8,3.8,60.0,2.3,30.7,2.3,"","","","","",""
"A0908","Los Angeles","Los Angeles","https://www.californiahealthmaps.org?address=A0908","Female","Lung",177610,34.1,26.8,43.2,"","","","",107730,35.8,27.2,47.6,54020,"","","","","","","",2,65801,0.0,21.2,23.8,3.8,60.0,2.3,30.7,2.3,"","","","","",""
"A0908","Los Angeles","Los Angeles","https://www.californiahealthmaps.org?address=A0908","Male","CRC",151395,50.1,39.1,63.4,"","","","",84540,56.0,42.6,73.4,54500,"","","","","","","",2,65801,0.0,21.2,23.8,3.8,60.0,2.3,30.7,2.3,"","","","","",""
"A0908","Los Angeles","Los Angeles","https://www.californiahealthmaps.org?address=A0908","Female","CRC",177610,35.9,28.4,45.1,"","","","",107730,36.2,27.5,48.0,54020,"","","","","","","",2,65801,0.0,21.2,23.8,3.8,60.0,2.3,30.7,2.3,"","","","","",""
"A0908","Los Angeles","Los Angeles","https://www.californiahealthmaps.org?address=A0908","Male","Mela",151395,"","","","","","","",84540,"","","",54500,"","","","","","","",2,65801,0.0,21.2,23.8,3.8,60.0,2.3,30.7,2.3,"","","","","",""
"A0908","Los Angeles","Los Angeles","https://www.californiahealthmaps.org?address=A0908","Female","Mela",177610,"","","","","","","",107730,"","","",54020,"","","","","","","",2,65801,0.0,21.2,23.8,3.8,60.0,2.3,30.7,2.3,"","","","","",""
"A0908","Los Angeles","Los Angeles","https://www.californiahealthmaps.org?address=A0908","Female","Uterine",177610,30.0,23.1,38.6,"","","","",107730,28.1,20.2,39.2,54020,"","","","","","","",2,65801,0.0,21.2,23.8,3.8,60.0,2.3,30.7,2.3,"","","","","",""
"A0908","Los Angeles","Los Angeles","https://www.californiahealthmaps.org?address=A0908","Male","Lymph",151395,20.4,13.7,29.4,"","","","",84540,19.5,11.6,32.0,54500,"","","","","","","",2,65801,0.0,21.2,23.8,3.8,60.0,2.3,30.7,2.3,"","","","","",""
"A0908","Los Angeles","Los Angeles","https://www.californiahealthmaps.org?address=A0908","Female","Lymph",177610,16.5,11.4,23.4,"","","","",107730,15.4,9.7,24.6,54020,"","","","","","","",2,65801,0.0,21.2,23.8,3.8,60.0,2.3,30.7,2.3,"","","","","",""
"A0908","Los Angeles","Los Angeles","https://www.californiahealthmaps.org?address=A0908","Male","Urinary",151395,15.3,9.6,23.5,"","","","",84540,16.0,9.3,27.1,54500,"","","","","","","",2,65801,0.0,21.2,23.8,3.8,60.0,2.3,30.7,2.3,"","","","","",""
"A0908","Los Angeles","Los Angeles","https://www.californiahealthmaps.org?address=A0908","Female","Urinary",177610,"","","","","","","",107730,"","","",54020,"","","","","","","",2,65801,0.0,21.2,23.8,3.8,60.0,2.3,30.7,2.3,"","","","","",""
"A0908","Los Angeles","Los Angeles","https://www.californiahealthmaps.org?address=A0908","Male","Kidney",151395,25.5,18.1,35.2,"","","","",84540,25.6,16.9,38.6,54500,"","","","","","","",2,65801,0.0,21.2,23.8,3.8,60.0,2.3,30.7,2.3,"","","","","",""
"A0908","Los Angeles","Los Angeles","https://www.californiahealthmaps.org?address=A0908","Female","Kidney",177610,"","","","","","","",107730,"","","",54020,"","","","","","","",2,65801,0.0,21.2,23.8,3.8,60.0,2.3,30.7,2.3,"","","","","",""
"A0908","Los Angeles","Los Angeles","https://www.californiahealthmaps.org?address=A0908","Male","Thyroid",151395,"","","","","","","",84540,"","","",54500,"","","","","","","",2,65801,0.0,21.2,23.8,3.8,60.0,2.3,30.7,2.3,"","","","","",""
"A0908","Los Angeles","Los Angeles","https://www.californiahealthmaps.org?address=A0908","Female","Thyroid",177610,16.6,11.3,23.7,"","","","",107730,11.4,6.4,20.0,54020,"","","","","","","",2,65801,0.0,21.2,23.8,3.8,60.0,2.3,30.7,2.3,"","","","","",""
"A0908","Los Angeles","Los Angeles","https://www.californiahealthmaps.org?address=A0908","Male","Liver",151395,11.9,7.0,19.1,"","","","",84540,"","","",54500,"","","","","","","",2,65801,0.0,21.2,23.8,3.8,60.0,2.3,30.7,2.3,"","","","","",""
"A0908","Los Angeles","Los Angeles","https://www.californiahealthmaps.org?address=A0908","Female","Liver",177610,"","","","","","","",107730,"","","",54020,"","","","","","","",2,65801,0.0,21.2,23.8,3.8,60.0,2.3,30.7,2.3,"","","","","",""
"A0908","Los Angeles","Los Angeles","https://www.californiahealthmaps.org?address=A0908","Male","Pancreas",151395,13.9,8.5,21.8,"","","","",84540,14.4,8.2,24.9,54500,"","","","","","","",2,65801,0.0,21.2,23.8,3.8,60.0,2.3,30.7,2.3,"","","","","",""
"A0908","Los Angeles","Los Angeles","https://www.californiahealthmaps.org?address=A0908","Female","Pancreas",177610,12.2,8.0,18.2,"","","","",107730,13.4,8.5,21.7,54020,"","","","","","","",2,65801,0.0,21.2,23.8,3.8,60.0,2.3,30.7,2.3,"","","","","",""
"A0908","Los Angeles","Los Angeles","https://www.californiahealthmaps.org?address=A0908","Both","AllSite",329005,442.2,420.7,464.6,11240,748.9,609.5,935.1,192270,444.7,419.3,471.6,108520,384.0,324.0,454.5,"","","","",2,65801,0.0,21.2,23.8,3.8,60.0,2.3,30.7,2.3,"","","","","",""
"A0908","Los Angeles","Los Angeles","https://www.californiahealthmaps.org?address=A0908","Both","Lung",329005,39.2,33.0,46.3,11240,"","","",192270,41.6,34.3,50.5,108520,"","","","","","","",2,65801,0.0,21.2,23.8,3.8,60.0,2.3,30.7,2.3,"","","","","",""
"A0908","Los Angeles","Los Angeles","https://www.californiahealthmaps.org?address=A0908","Both","CRC",329005,41.6,35.2,49.0,11240,"","","",192270,44.1,36.5,53.3,108520,37.0,18.8,68.0,"","","","",2,65801,0.0,21.2,23.8,3.8,60.0,2.3,30.7,2.3,"","","","","",""
"A0908","Los Angeles","Los Angeles","https://www.californiahealthmaps.org?address=A0908","Both","Mela",329005,"","","",11240,"","","",192270,"","","",108520,"","","","","","","",2,65801,0.0,21.2,23.8,3.8,60.0,2.3,30.7,2.3,"","","","","",""
"A0908","Los Angeles","Los Angeles","https://www.californiahealthmaps.org?address=A0908","Both","Lymph",329005,18.1,13.9,23.2,11240,"","","",192270,17.1,12.2,23.7,108520,"","","","","","","",2,65801,0.0,21.2,23.8,3.8,60.0,2.3,30.7,2.3,"","","","","",""
"A0908","Los Angeles","Los Angeles","https://www.californiahealthmaps.org?address=A0908","Both","Urinary",329005,8.7,6.0,12.5,11240,"","","",192270,8.8,5.7,13.7,108520,"","","","","","","",2,65801,0.0,21.2,23.8,3.8,60.0,2.3,30.7,2.3,"","","","","",""
"A0908","Los Angeles","Los Angeles","https://www.californiahealthmaps.org?address=A0908","Both","Kidney",329005,13.2,9.7,17.7,11240,"","","",192270,12.8,8.8,18.6,108520,"","","","","","","",2,65801,0.0,21.2,23.8,3.8,60.0,2.3,30.7,2.3,"","","","","",""
"A0908","Los Angeles","Los Angeles","https://www.californiahealthmaps.org?address=A0908","Both","Thyroid",329005,12.2,8.7,16.6,11240,"","","",192270,9.9,6.2,15.5,108520,"","","","","","","",2,65801,0.0,21.2,23.8,3.8,60.0,2.3,30.7,2.3,"","","","","",""
"A0908","Los Angeles","Los Angeles","https://www.californiahealthmaps.org?address=A0908","Both","Liver",329005,8.3,5.6,12.0,11240,"","","",192270,7.7,4.8,12.4,108520,"","","","","","","",2,65801,0.0,21.2,23.8,3.8,60.0,2.3,30.7,2.3,"","","","","",""
"A0908","Los Angeles","Los Angeles","https://www.californiahealthmaps.org?address=A0908","Both","Pancreas",329005,13.0,9.5,17.4,11240,"","","",192270,14.0,9.9,19.8,108520,"","","","","","","",2,65801,0.0,21.2,23.8,3.8,60.0,2.3,30.7,2.3,"","","","","",""
