"Zone","Counties","Cities","URL","Sex","Cancer","PopTot","AAIR","LCI","UCI","White_PopTot","White_AAIR","White_LCI","White_UCI","Black_PopTot","Black_AAIR","Black_LCI","Black_UCI","Hispanic_PopTot","Hispanic_AAIR","Hispanic_LCI","Hispanic_UCI","Asian_PopTot","Asian_AAIR","Asian_LCI","Asian_UCI","QNSES","PopAll","PerRural","PerUninsured","PerForeignBorn","PerWhite","PerBlack","PerAsian","PerHispanic"
"A1065","Stanislaus","Modesto, Riverbank","https://www.californiahealthmaps.org?address=A1065","Male","AllSite",166490,474.0,439.8,510.3,85980,494.8,452.8,540.2,"","","","",58900,406.4,332.2,495.4,10790,311.0,202.9,471.2,2,68139,2.8,15.3,17.5,49.9,2.7,8.1,35.4
"A1065","Stanislaus","Modesto, Riverbank","https://www.californiahealthmaps.org?address=A1065","Female","AllSite",174205,420.5,391.4,451.3,92765,432.4,396.0,472.2,"","","","",58715,369.9,308.8,441.0,11760,462.8,338.7,627.7,2,68139,2.8,15.3,17.5,49.9,2.7,8.1,35.4
"A1065","Stanislaus","Modesto, Riverbank","https://www.californiahealthmaps.org?address=A1065","Male","Prostate",166490,100.5,85.3,117.7,85980,104.1,85.9,125.9,"","","","",58900,86.9,56.2,132.8,10790,"","","",2,68139,2.8,15.3,17.5,49.9,2.7,8.1,35.4
"A1065","Stanislaus","Modesto, Riverbank","https://www.californiahealthmaps.org?address=A1065","Female","Breast",174205,137.0,120.6,155.2,92765,142.7,122.4,166.5,"","","","",58715,119.8,86.3,163.7,11760,"","","",2,68139,2.8,15.3,17.5,49.9,2.7,8.1,35.4
"A1065","Stanislaus","Modesto, Riverbank","https://www.californiahealthmaps.org?address=A1065","Male","Lung",166490,60.7,48.5,75.1,85980,66.6,51.8,85.1,"","","","",58900,"","","",10790,"","","",2,68139,2.8,15.3,17.5,49.9,2.7,8.1,35.4
"A1065","Stanislaus","Modesto, Riverbank","https://www.californiahealthmaps.org?address=A1065","Female","Lung",174205,49.9,40.2,61.4,92765,58.9,46.3,75.0,"","","","",58715,"","","",11760,"","","",2,68139,2.8,15.3,17.5,49.9,2.7,8.1,35.4
"A1065","Stanislaus","Modesto, Riverbank","https://www.californiahealthmaps.org?address=A1065","Male","CRC",166490,41.5,31.8,53.4,85980,38.2,27.2,53.0,"","","","",58900,"","","",10790,"","","",2,68139,2.8,15.3,17.5,49.9,2.7,8.1,35.4
"A1065","Stanislaus","Modesto, Riverbank","https://www.californiahealthmaps.org?address=A1065","Female","CRC",174205,26.1,19.4,34.6,92765,28.2,19.4,40.9,"","","","",58715,"","","",11760,"","","",2,68139,2.8,15.3,17.5,49.9,2.7,8.1,35.4
"A1065","Stanislaus","Modesto, Riverbank","https://www.californiahealthmaps.org?address=A1065","Male","Mela",166490,32.3,23.8,43.0,85980,32.7,22.5,46.7,"","","","",58900,"","","",10790,"","","",2,68139,2.8,15.3,17.5,49.9,2.7,8.1,35.4
"A1065","Stanislaus","Modesto, Riverbank","https://www.californiahealthmaps.org?address=A1065","Female","Mela",174205,20.7,14.7,28.6,92765,28.1,19.2,41.0,"","","","",58715,"","","",11760,"","","",2,68139,2.8,15.3,17.5,49.9,2.7,8.1,35.4
"A1065","Stanislaus","Modesto, Riverbank","https://www.californiahealthmaps.org?address=A1065","Female","Uterine",174205,25.7,18.9,34.3,92765,27.7,19.3,40.0,"","","","",58715,"","","",11760,"","","",2,68139,2.8,15.3,17.5,49.9,2.7,8.1,35.4
"A1065","Stanislaus","Modesto, Riverbank","https://www.californiahealthmaps.org?address=A1065","Male","Lymph",166490,18.8,12.7,27.2,85980,21.6,13.7,33.4,"","","","",58900,"","","",10790,"","","",2,68139,2.8,15.3,17.5,49.9,2.7,8.1,35.4
"A1065","Stanislaus","Modesto, Riverbank","https://www.californiahealthmaps.org?address=A1065","Female","Lymph",174205,10.3,6.2,16.5,92765,12.0,6.9,21.2,"","","","",58715,"","","",11760,"","","",2,68139,2.8,15.3,17.5,49.9,2.7,8.1,35.4
"A1065","Stanislaus","Modesto, Riverbank","https://www.californiahealthmaps.org?address=A1065","Male","Urinary",166490,14.1,8.5,22.0,85980,14.9,8.5,25.5,"","","","",58900,"","","",10790,"","","",2,68139,2.8,15.3,17.5,49.9,2.7,8.1,35.4
"A1065","Stanislaus","Modesto, Riverbank","https://www.californiahealthmaps.org?address=A1065","Female","Urinary",174205,4.6,2.1,9.2,92765,"","","","","","","",58715,"","","",11760,"","","",2,68139,2.8,15.3,17.5,49.9,2.7,8.1,35.4
"A1065","Stanislaus","Modesto, Riverbank","https://www.californiahealthmaps.org?address=A1065","Male","Kidney",166490,31.8,23.5,42.4,85980,35.3,24.8,49.7,"","","","",58900,"","","",10790,"","","",2,68139,2.8,15.3,17.5,49.9,2.7,8.1,35.4
"A1065","Stanislaus","Modesto, Riverbank","https://www.californiahealthmaps.org?address=A1065","Female","Kidney",174205,12.2,7.8,18.6,92765,"","","","","","","",58715,"","","",11760,"","","",2,68139,2.8,15.3,17.5,49.9,2.7,8.1,35.4
"A1065","Stanislaus","Modesto, Riverbank","https://www.californiahealthmaps.org?address=A1065","Male","Thyroid",166490,5.9,2.9,11.1,85980,"","","","","","","",58900,"","","",10790,"","","",2,68139,2.8,15.3,17.5,49.9,2.7,8.1,35.4
"A1065","Stanislaus","Modesto, Riverbank","https://www.californiahealthmaps.org?address=A1065","Female","Thyroid",174205,22.5,15.9,31.0,92765,17.9,10.1,30.3,"","","","",58715,"","","",11760,"","","",2,68139,2.8,15.3,17.5,49.9,2.7,8.1,35.4
"A1065","Stanislaus","Modesto, Riverbank","https://www.californiahealthmaps.org?address=A1065","Both","AllSite",340695,441.3,419.2,464.3,178745,457.0,429.7,486.0,"","","","",117615,381.6,334.3,434.6,22550,394.1,308.9,498.8,2,68139,2.8,15.3,17.5,49.9,2.7,8.1,35.4
"A1065","Stanislaus","Modesto, Riverbank","https://www.californiahealthmaps.org?address=A1065","Both","Lung",340695,54.4,46.7,63.0,178745,62.2,52.5,73.6,"","","","",117615,31.7,18.2,51.9,22550,"","","",2,68139,2.8,15.3,17.5,49.9,2.7,8.1,35.4
"A1065","Stanislaus","Modesto, Riverbank","https://www.californiahealthmaps.org?address=A1065","Both","CRC",340695,32.5,26.8,39.2,178745,31.9,25.0,40.6,"","","","",117615,28.1,16.7,45.7,22550,"","","",2,68139,2.8,15.3,17.5,49.9,2.7,8.1,35.4
"A1065","Stanislaus","Modesto, Riverbank","https://www.californiahealthmaps.org?address=A1065","Both","Mela",340695,25.6,20.5,31.6,178745,29.7,23.0,38.3,"","","","",117615,"","","",22550,"","","",2,68139,2.8,15.3,17.5,49.9,2.7,8.1,35.4
"A1065","Stanislaus","Modesto, Riverbank","https://www.californiahealthmaps.org?address=A1065","Both","Lymph",340695,14.3,10.6,19.0,178745,16.4,11.7,22.9,"","","","",117615,"","","",22550,"","","",2,68139,2.8,15.3,17.5,49.9,2.7,8.1,35.4
"A1065","Stanislaus","Modesto, Riverbank","https://www.californiahealthmaps.org?address=A1065","Both","Urinary",340695,8.7,5.8,12.6,178745,9.0,5.6,14.2,"","","","",117615,"","","",22550,"","","",2,68139,2.8,15.3,17.5,49.9,2.7,8.1,35.4
"A1065","Stanislaus","Modesto, Riverbank","https://www.californiahealthmaps.org?address=A1065","Both","Kidney",340695,21.3,16.7,26.9,178745,20.4,15.0,27.6,"","","","",117615,27.2,15.7,45.1,22550,"","","",2,68139,2.8,15.3,17.5,49.9,2.7,8.1,35.4
"A1065","Stanislaus","Modesto, Riverbank","https://www.californiahealthmaps.org?address=A1065","Both","Thyroid",340695,14.5,10.7,19.3,178745,13.0,8.2,20.0,"","","","",117615,16.9,9.3,30.5,22550,"","","",2,68139,2.8,15.3,17.5,49.9,2.7,8.1,35.4
