"Zone","Counties","Cities","URL","Sex","Cancer","PopTot","AAIR","LCI","UCI","White_PopTot","White_AAIR","White_LCI","White_UCI","Black_PopTot","Black_AAIR","Black_LCI","Black_UCI","Hispanic_PopTot","Hispanic_AAIR","Hispanic_LCI","Hispanic_UCI","Asian_PopTot","Asian_AAIR","Asian_LCI","Asian_UCI","QNSES","PopAll","PerRural","PerUninsured","PerForeignBorn","PerWhite","PerBlack","PerAsian","PerHispanic"
"A0195","Contra Costa","Clayton, Concord, Walnut Creek","https://www.californiahealthmaps.org?address=A0195","Male","AllSite",144455,503.0,470.6,537.7,107605,514.4,478.2,554.1,"","","","",12180,534.5,376.6,744.2,16730,348.2,265.4,454.5,5,60005,0.6,3.6,18.6,71.9,1.8,12.4,10.1
"A0195","Contra Costa","Clayton, Concord, Walnut Creek","https://www.californiahealthmaps.org?address=A0195","Female","AllSite",155570,432.9,404.1,464.1,112980,443.3,409.6,480.5,"","","","",13550,389.8,287.0,524.5,20910,369.0,293.7,464.9,5,60005,0.6,3.6,18.6,71.9,1.8,12.4,10.1
"A0195","Contra Costa","Clayton, Concord, Walnut Creek","https://www.californiahealthmaps.org?address=A0195","Male","Prostate",144455,127.3,112.1,144.9,107605,122.0,105.7,141.6,"","","","",12180,200.1,110.5,343.7,16730,111.0,67.0,180.0,5,60005,0.6,3.6,18.6,71.9,1.8,12.4,10.1
"A0195","Contra Costa","Clayton, Concord, Walnut Creek","https://www.californiahealthmaps.org?address=A0195","Female","Breast",155570,144.4,128.1,163.1,112980,146.8,128.0,169.0,"","","","",13550,145.3,85.6,239.0,20910,121.0,80.1,184.0,5,60005,0.6,3.6,18.6,71.9,1.8,12.4,10.1
"A0195","Contra Costa","Clayton, Concord, Walnut Creek","https://www.californiahealthmaps.org?address=A0195","Male","Lung",144455,41.0,32.3,52.5,107605,41.7,32.2,55.0,"","","","",12180,"","","",16730,"","","",5,60005,0.6,3.6,18.6,71.9,1.8,12.4,10.1
"A0195","Contra Costa","Clayton, Concord, Walnut Creek","https://www.californiahealthmaps.org?address=A0195","Female","Lung",155570,36.7,29.1,46.7,112980,36.0,27.8,48.0,"","","","",13550,"","","",20910,"","","",5,60005,0.6,3.6,18.6,71.9,1.8,12.4,10.1
"A0195","Contra Costa","Clayton, Concord, Walnut Creek","https://www.californiahealthmaps.org?address=A0195","Male","CRC",144455,40.7,31.8,52.2,107605,39.8,30.3,53.1,"","","","",12180,"","","",16730,"","","",5,60005,0.6,3.6,18.6,71.9,1.8,12.4,10.1
"A0195","Contra Costa","Clayton, Concord, Walnut Creek","https://www.californiahealthmaps.org?address=A0195","Female","CRC",155570,27.4,20.9,36.6,112980,26.4,19.2,37.6,"","","","",13550,"","","",20910,"","","",5,60005,0.6,3.6,18.6,71.9,1.8,12.4,10.1
"A0195","Contra Costa","Clayton, Concord, Walnut Creek","https://www.californiahealthmaps.org?address=A0195","Male","Mela",144455,74.3,62.2,88.9,107605,85.8,71.4,104.0,"","","","",12180,"","","",16730,"","","",5,60005,0.6,3.6,18.6,71.9,1.8,12.4,10.1
"A0195","Contra Costa","Clayton, Concord, Walnut Creek","https://www.californiahealthmaps.org?address=A0195","Female","Mela",155570,40.6,31.7,52.3,112980,44.8,33.3,60.5,"","","","",13550,"","","",20910,"","","",5,60005,0.6,3.6,18.6,71.9,1.8,12.4,10.1
"A0195","Contra Costa","Clayton, Concord, Walnut Creek","https://www.californiahealthmaps.org?address=A0195","Female","Uterine",155570,25.3,19.1,34.1,112980,26.9,19.6,38.3,"","","","",13550,"","","",20910,"","","",5,60005,0.6,3.6,18.6,71.9,1.8,12.4,10.1
"A0195","Contra Costa","Clayton, Concord, Walnut Creek","https://www.californiahealthmaps.org?address=A0195","Male","Lymph",144455,26.2,19.2,35.9,107605,26.3,18.5,38.1,"","","","",12180,"","","",16730,"","","",5,60005,0.6,3.6,18.6,71.9,1.8,12.4,10.1
"A0195","Contra Costa","Clayton, Concord, Walnut Creek","https://www.californiahealthmaps.org?address=A0195","Female","Lymph",155570,18.8,13.3,27.1,112980,19.4,12.9,30.2,"","","","",13550,"","","",20910,"","","",5,60005,0.6,3.6,18.6,71.9,1.8,12.4,10.1
"A0195","Contra Costa","Clayton, Concord, Walnut Creek","https://www.californiahealthmaps.org?address=A0195","Male","Urinary",144455,11.8,7.4,19.2,107605,13.2,8.2,22.6,"","","","",12180,"","","",16730,"","","",5,60005,0.6,3.6,18.6,71.9,1.8,12.4,10.1
"A0195","Contra Costa","Clayton, Concord, Walnut Creek","https://www.californiahealthmaps.org?address=A0195","Female","Urinary",155570,4.2,2.0,9.7,112980,"","","","","","","",13550,"","","",20910,"","","",5,60005,0.6,3.6,18.6,71.9,1.8,12.4,10.1
"A0195","Contra Costa","Clayton, Concord, Walnut Creek","https://www.californiahealthmaps.org?address=A0195","Male","Kidney",144455,21.8,15.7,30.6,107605,23.3,16.4,34.2,"","","","",12180,"","","",16730,"","","",5,60005,0.6,3.6,18.6,71.9,1.8,12.4,10.1
"A0195","Contra Costa","Clayton, Concord, Walnut Creek","https://www.californiahealthmaps.org?address=A0195","Female","Kidney",155570,10.2,6.4,16.8,112980,10.1,6.0,18.7,"","","","",13550,"","","",20910,"","","",5,60005,0.6,3.6,18.6,71.9,1.8,12.4,10.1
"A0195","Contra Costa","Clayton, Concord, Walnut Creek","https://www.californiahealthmaps.org?address=A0195","Male","Thyroid",144455,9.9,5.3,17.7,107605,"","","","","","","",12180,"","","",16730,"","","",5,60005,0.6,3.6,18.6,71.9,1.8,12.4,10.1
"A0195","Contra Costa","Clayton, Concord, Walnut Creek","https://www.californiahealthmaps.org?address=A0195","Female","Thyroid",155570,28.4,20.4,39.5,112980,25.4,16.5,38.9,"","","","",13550,"","","",20910,"","","",5,60005,0.6,3.6,18.6,71.9,1.8,12.4,10.1
"A0195","Contra Costa","Clayton, Concord, Walnut Creek","https://www.californiahealthmaps.org?address=A0195","Both","AllSite",300025,463.3,441.8,486.0,220585,473.8,449.2,500.0,"","","","",25730,439.1,350.9,545.6,37640,361.8,304.9,429.4,5,60005,0.6,3.6,18.6,71.9,1.8,12.4,10.1
"A0195","Contra Costa","Clayton, Concord, Walnut Creek","https://www.californiahealthmaps.org?address=A0195","Both","Lung",300025,38.4,32.7,45.4,220585,38.4,32.1,46.4,"","","","",25730,"","","",37640,46.5,26.8,78.8,5,60005,0.6,3.6,18.6,71.9,1.8,12.4,10.1
"A0195","Contra Costa","Clayton, Concord, Walnut Creek","https://www.californiahealthmaps.org?address=A0195","Both","CRC",300025,33.6,28.1,40.4,220585,32.8,26.8,40.6,"","","","",25730,"","","",37640,"","","",5,60005,0.6,3.6,18.6,71.9,1.8,12.4,10.1
"A0195","Contra Costa","Clayton, Concord, Walnut Creek","https://www.californiahealthmaps.org?address=A0195","Both","Mela",300025,55.5,48.1,64.1,220585,63.0,53.9,73.9,"","","","",25730,"","","",37640,"","","",5,60005,0.6,3.6,18.6,71.9,1.8,12.4,10.1
"A0195","Contra Costa","Clayton, Concord, Walnut Creek","https://www.californiahealthmaps.org?address=A0195","Both","Lymph",300025,22.0,17.6,27.7,220585,22.5,17.3,29.5,"","","","",25730,"","","",37640,"","","",5,60005,0.6,3.6,18.6,71.9,1.8,12.4,10.1
"A0195","Contra Costa","Clayton, Concord, Walnut Creek","https://www.californiahealthmaps.org?address=A0195","Both","Urinary",300025,7.4,5.0,11.0,220585,8.5,5.8,13.3,"","","","",25730,"","","",37640,"","","",5,60005,0.6,3.6,18.6,71.9,1.8,12.4,10.1
"A0195","Contra Costa","Clayton, Concord, Walnut Creek","https://www.californiahealthmaps.org?address=A0195","Both","Kidney",300025,15.5,12.0,20.3,220585,16.3,12.3,22.1,"","","","",25730,"","","",37640,"","","",5,60005,0.6,3.6,18.6,71.9,1.8,12.4,10.1
"A0195","Contra Costa","Clayton, Concord, Walnut Creek","https://www.californiahealthmaps.org?address=A0195","Both","Thyroid",300025,19.7,14.8,26.0,220585,18.0,12.6,25.6,"","","","",25730,"","","",37640,"","","",5,60005,0.6,3.6,18.6,71.9,1.8,12.4,10.1
