"Zone","Counties","Cities","URL","Sex","Cancer","PopTot","AAIR","LCI","UCI","White_PopTot","White_AAIR","White_LCI","White_UCI","Black_PopTot","Black_AAIR","Black_LCI","Black_UCI","Hispanic_PopTot","Hispanic_AAIR","Hispanic_LCI","Hispanic_UCI","Asian_PopTot","Asian_AAIR","Asian_LCI","Asian_UCI","QNSES","PopAll","PerRural","PerUninsured","PerForeignBorn","PerWhite","PerBlack","PerAsian","PerHispanic","PerAPI","PerDocvisit","PerFOBT","PerMammo","PerMenPrev","PerPap","PerWomenPrev"
"A1041","Orange","Huntington Beach","https://www.californiahealthmaps.org?address=A1041","Male","AllSite",156875,494.3,458.8,531.9,88670,537.0,492.6,585.4,"","","","",40020,400.7,305.9,521.5,20840,356.5,283.5,446.0,4,63668,0.0,14.6,23.0,57.7,0.8,14.0,24.9,14.0,67.0,73.1,80.2,44.3,82.7,37.5
"A1041","Orange","Huntington Beach","https://www.californiahealthmaps.org?address=A1041","Female","AllSite",161465,449.8,418.9,482.6,88880,484.2,444.6,527.7,"","","","",40040,378.4,297.4,478.5,25490,434.5,360.9,521.9,4,63668,0.0,14.6,23.0,57.7,0.8,14.0,24.9,14.0,67.0,73.1,80.2,44.3,82.7,37.5
"A1041","Orange","Huntington Beach","https://www.californiahealthmaps.org?address=A1041","Male","Prostate",156875,106.5,90.8,124.4,88670,103.9,85.8,126.1,"","","","",40020,108.0,62.0,182.4,20840,74.7,44.1,123.3,4,63668,0.0,14.6,23.0,57.7,0.8,14.0,24.9,14.0,67.0,73.1,80.2,44.3,82.7,37.5
"A1041","Orange","Huntington Beach","https://www.californiahealthmaps.org?address=A1041","Female","Breast",161465,145.2,128.0,164.3,88880,165.0,142.6,191.4,"","","","",40040,92.7,58.0,146.6,25490,111.9,77.5,160.5,4,63668,0.0,14.6,23.0,57.7,0.8,14.0,24.9,14.0,67.0,73.1,80.2,44.3,82.7,37.5
"A1041","Orange","Huntington Beach","https://www.californiahealthmaps.org?address=A1041","Male","Lung",156875,55.7,43.9,70.0,88670,69.3,53.6,89.2,"","","","",40020,"","","",20840,"","","",4,63668,0.0,14.6,23.0,57.7,0.8,14.0,24.9,14.0,67.0,73.1,80.2,44.3,82.7,37.5
"A1041","Orange","Huntington Beach","https://www.californiahealthmaps.org?address=A1041","Female","Lung",161465,47.2,37.4,58.9,88880,48.9,37.1,64.9,"","","","",40040,"","","",25490,"","","",4,63668,0.0,14.6,23.0,57.7,0.8,14.0,24.9,14.0,67.0,73.1,80.2,44.3,82.7,37.5
"A1041","Orange","Huntington Beach","https://www.californiahealthmaps.org?address=A1041","Male","CRC",156875,37.4,28.3,48.7,88670,37.9,27.1,53.1,"","","","",40020,"","","",20840,"","","",4,63668,0.0,14.6,23.0,57.7,0.8,14.0,24.9,14.0,67.0,73.1,80.2,44.3,82.7,37.5
"A1041","Orange","Huntington Beach","https://www.californiahealthmaps.org?address=A1041","Female","CRC",161465,29.6,22.1,39.0,88880,31.4,22.1,45.2,"","","","",40040,"","","",25490,"","","",4,63668,0.0,14.6,23.0,57.7,0.8,14.0,24.9,14.0,67.0,73.1,80.2,44.3,82.7,37.5
"A1041","Orange","Huntington Beach","https://www.californiahealthmaps.org?address=A1041","Male","Mela",156875,53.0,41.8,66.6,88670,68.8,53.4,88.5,"","","","",40020,"","","",20840,"","","",4,63668,0.0,14.6,23.0,57.7,0.8,14.0,24.9,14.0,67.0,73.1,80.2,44.3,82.7,37.5
"A1041","Orange","Huntington Beach","https://www.californiahealthmaps.org?address=A1041","Female","Mela",161465,27.2,20.0,36.3,88880,38.2,27.7,53.2,"","","","",40040,"","","",25490,"","","",4,63668,0.0,14.6,23.0,57.7,0.8,14.0,24.9,14.0,67.0,73.1,80.2,44.3,82.7,37.5
"A1041","Orange","Huntington Beach","https://www.californiahealthmaps.org?address=A1041","Female","Uterine",161465,25.5,18.8,34.1,88880,27.3,19.1,39.9,"","","","",40040,"","","",25490,"","","",4,63668,0.0,14.6,23.0,57.7,0.8,14.0,24.9,14.0,67.0,73.1,80.2,44.3,82.7,37.5
"A1041","Orange","Huntington Beach","https://www.californiahealthmaps.org?address=A1041","Male","Lymph",156875,26.4,18.5,36.7,88670,28.0,18.3,42.2,"","","","",40020,"","","",20840,"","","",4,63668,0.0,14.6,23.0,57.7,0.8,14.0,24.9,14.0,67.0,73.1,80.2,44.3,82.7,37.5
"A1041","Orange","Huntington Beach","https://www.californiahealthmaps.org?address=A1041","Female","Lymph",161465,17.6,11.9,25.4,88880,16.9,10.0,28.7,"","","","",40040,"","","",25490,"","","",4,63668,0.0,14.6,23.0,57.7,0.8,14.0,24.9,14.0,67.0,73.1,80.2,44.3,82.7,37.5
"A1041","Orange","Huntington Beach","https://www.californiahealthmaps.org?address=A1041","Male","Urinary",156875,24.3,16.7,34.4,88670,22.6,14.0,36.0,"","","","",40020,"","","",20840,"","","",4,63668,0.0,14.6,23.0,57.7,0.8,14.0,24.9,14.0,67.0,73.1,80.2,44.3,82.7,37.5
"A1041","Orange","Huntington Beach","https://www.californiahealthmaps.org?address=A1041","Female","Urinary",161465,"","","",88880,"","","","","","","",40040,"","","",25490,"","","",4,63668,0.0,14.6,23.0,57.7,0.8,14.0,24.9,14.0,67.0,73.1,80.2,44.3,82.7,37.5
"A1041","Orange","Huntington Beach","https://www.californiahealthmaps.org?address=A1041","Male","Kidney",156875,17.5,11.8,25.4,88670,17.1,10.6,28.1,"","","","",40020,"","","",20840,"","","",4,63668,0.0,14.6,23.0,57.7,0.8,14.0,24.9,14.0,67.0,73.1,80.2,44.3,82.7,37.5
"A1041","Orange","Huntington Beach","https://www.californiahealthmaps.org?address=A1041","Female","Kidney",161465,9.3,5.4,15.3,88880,"","","","","","","",40040,"","","",25490,"","","",4,63668,0.0,14.6,23.0,57.7,0.8,14.0,24.9,14.0,67.0,73.1,80.2,44.3,82.7,37.5
"A1041","Orange","Huntington Beach","https://www.californiahealthmaps.org?address=A1041","Male","Thyroid",156875,"","","",88670,"","","","","","","",40020,"","","",20840,"","","",4,63668,0.0,14.6,23.0,57.7,0.8,14.0,24.9,14.0,67.0,73.1,80.2,44.3,82.7,37.5
"A1041","Orange","Huntington Beach","https://www.californiahealthmaps.org?address=A1041","Female","Thyroid",161465,15.8,10.3,23.3,88880,15.4,8.4,27.6,"","","","",40040,"","","",25490,"","","",4,63668,0.0,14.6,23.0,57.7,0.8,14.0,24.9,14.0,67.0,73.1,80.2,44.3,82.7,37.5
"A1041","Orange","Huntington Beach","https://www.californiahealthmaps.org?address=A1041","Male","Liver",156875,9.1,5.0,15.6,88670,"","","","","","","",40020,"","","",20840,"","","",4,63668,0.0,14.6,23.0,57.7,0.8,14.0,24.9,14.0,67.0,73.1,80.2,44.3,82.7,37.5
"A1041","Orange","Huntington Beach","https://www.californiahealthmaps.org?address=A1041","Female","Liver",161465,"","","",88880,"","","","","","","",40040,"","","",25490,"","","",4,63668,0.0,14.6,23.0,57.7,0.8,14.0,24.9,14.0,67.0,73.1,80.2,44.3,82.7,37.5
"A1041","Orange","Huntington Beach","https://www.californiahealthmaps.org?address=A1041","Male","Pancreas",156875,15.6,9.9,23.8,88670,17.7,10.4,29.6,"","","","",40020,"","","",20840,"","","",4,63668,0.0,14.6,23.0,57.7,0.8,14.0,24.9,14.0,67.0,73.1,80.2,44.3,82.7,37.5
"A1041","Orange","Huntington Beach","https://www.californiahealthmaps.org?address=A1041","Female","Pancreas",161465,11.5,7.1,18.0,88880,12.9,7.4,23.2,"","","","",40040,"","","",25490,"","","",4,63668,0.0,14.6,23.0,57.7,0.8,14.0,24.9,14.0,67.0,73.1,80.2,44.3,82.7,37.5
"A1041","Orange","Huntington Beach","https://www.californiahealthmaps.org?address=A1041","Both","AllSite",318340,466.7,443.5,490.9,177550,503.6,474.2,534.8,"","","","",80060,385.9,323.5,459.0,46330,401.0,347.9,461.5,4,63668,0.0,14.6,23.0,57.7,0.8,14.0,24.9,14.0,67.0,73.1,80.2,44.3,82.7,37.5
"A1041","Orange","Huntington Beach","https://www.californiahealthmaps.org?address=A1041","Both","Lung",318340,50.2,42.6,58.8,177550,57.0,47.4,68.5,"","","","",80060,"","","",46330,35.4,21.2,57.7,4,63668,0.0,14.6,23.0,57.7,0.8,14.0,24.9,14.0,67.0,73.1,80.2,44.3,82.7,37.5
"A1041","Orange","Huntington Beach","https://www.californiahealthmaps.org?address=A1041","Both","CRC",318340,33.6,27.6,40.7,177550,35.1,27.7,44.6,"","","","",80060,"","","",46330,40.2,24.7,63.9,4,63668,0.0,14.6,23.0,57.7,0.8,14.0,24.9,14.0,67.0,73.1,80.2,44.3,82.7,37.5
"A1041","Orange","Huntington Beach","https://www.californiahealthmaps.org?address=A1041","Both","Mela",318340,38.5,32.1,46.0,177550,51.2,42.2,62.3,"","","","",80060,"","","",46330,"","","",4,63668,0.0,14.6,23.0,57.7,0.8,14.0,24.9,14.0,67.0,73.1,80.2,44.3,82.7,37.5
"A1041","Orange","Huntington Beach","https://www.californiahealthmaps.org?address=A1041","Both","Lymph",318340,21.5,16.7,27.4,177550,21.9,16.0,30.1,"","","","",80060,"","","",46330,"","","",4,63668,0.0,14.6,23.0,57.7,0.8,14.0,24.9,14.0,67.0,73.1,80.2,44.3,82.7,37.5
"A1041","Orange","Huntington Beach","https://www.californiahealthmaps.org?address=A1041","Both","Urinary",318340,12.9,9.3,17.6,177550,12.1,7.9,18.5,"","","","",80060,"","","",46330,"","","",4,63668,0.0,14.6,23.0,57.7,0.8,14.0,24.9,14.0,67.0,73.1,80.2,44.3,82.7,37.5
"A1041","Orange","Huntington Beach","https://www.californiahealthmaps.org?address=A1041","Both","Kidney",318340,13.2,9.7,17.7,177550,12.9,8.8,19.1,"","","","",80060,"","","",46330,"","","",4,63668,0.0,14.6,23.0,57.7,0.8,14.0,24.9,14.0,67.0,73.1,80.2,44.3,82.7,37.5
"A1041","Orange","Huntington Beach","https://www.californiahealthmaps.org?address=A1041","Both","Thyroid",318340,11.5,8.1,15.9,177550,11.7,7.4,18.3,"","","","",80060,"","","",46330,"","","",4,63668,0.0,14.6,23.0,57.7,0.8,14.0,24.9,14.0,67.0,73.1,80.2,44.3,82.7,37.5
"A1041","Orange","Huntington Beach","https://www.californiahealthmaps.org?address=A1041","Both","Liver",318340,8.1,5.4,12.0,177550,"","","","","","","",80060,"","","",46330,"","","",4,63668,0.0,14.6,23.0,57.7,0.8,14.0,24.9,14.0,67.0,73.1,80.2,44.3,82.7,37.5
"A1041","Orange","Huntington Beach","https://www.californiahealthmaps.org?address=A1041","Both","Pancreas",318340,13.7,9.9,18.6,177550,15.4,10.7,22.4,"","","","",80060,"","","",46330,"","","",4,63668,0.0,14.6,23.0,57.7,0.8,14.0,24.9,14.0,67.0,73.1,80.2,44.3,82.7,37.5
