"Zone","Counties","Cities","URL","Sex","Cancer","PopTot","AAIR","LCI","UCI","White_PopTot","White_AAIR","White_LCI","White_UCI","Black_PopTot","Black_AAIR","Black_LCI","Black_UCI","Hispanic_PopTot","Hispanic_AAIR","Hispanic_LCI","Hispanic_UCI","Asian_PopTot","Asian_AAIR","Asian_LCI","Asian_UCI","QNSES","PopAll","PerRural","PerUninsured","PerForeignBorn","PerWhite","PerBlack","PerAsian","PerHispanic"
"A0876","Orange","Anaheim","https://www.californiahealthmaps.org?address=A0876","Male","AllSite",171180,457.9,417.9,501.2,35910,515.8,452.4,590.0,"","","","",111825,410.3,345.3,487.3,17525,374.2,280.3,493.6,3,67403,0.0,25.5,39.2,20.9,1.9,10.5,65.4
"A0876","Orange","Anaheim","https://www.californiahealthmaps.org?address=A0876","Female","AllSite",165835,396.8,363.9,432.1,36520,452.9,394.7,521.3,"","","","",106045,340.2,292.2,395.3,17930,393.9,307.9,502.4,3,67403,0.0,25.5,39.2,20.9,1.9,10.5,65.4
"A0876","Orange","Anaheim","https://www.californiahealthmaps.org?address=A0876","Male","Prostate",171180,94.1,76.6,115.1,35910,87.7,64.1,123.2,"","","","",111825,93.3,63.7,136.2,17525,"","","",3,67403,0.0,25.5,39.2,20.9,1.9,10.5,65.4
"A0876","Orange","Anaheim","https://www.californiahealthmaps.org?address=A0876","Female","Breast",165835,112.7,95.7,132.2,36520,124.9,94.5,166.4,"","","","",106045,104.9,78.9,138.4,17930,118.7,75.1,186.2,3,67403,0.0,25.5,39.2,20.9,1.9,10.5,65.4
"A0876","Orange","Anaheim","https://www.californiahealthmaps.org?address=A0876","Male","Lung",171180,46.3,33.7,62.5,35910,51.0,33.4,81.3,"","","","",111825,"","","",17525,"","","",3,67403,0.0,25.5,39.2,20.9,1.9,10.5,65.4
"A0876","Orange","Anaheim","https://www.californiahealthmaps.org?address=A0876","Female","Lung",165835,34.3,25.0,46.2,36520,38.6,24.6,64.4,"","","","",106045,"","","",17930,"","","",3,67403,0.0,25.5,39.2,20.9,1.9,10.5,65.4
"A0876","Orange","Anaheim","https://www.californiahealthmaps.org?address=A0876","Male","CRC",171180,30.7,21.0,44.0,35910,32.6,18.5,60.2,"","","","",111825,"","","",17525,"","","",3,67403,0.0,25.5,39.2,20.9,1.9,10.5,65.4
"A0876","Orange","Anaheim","https://www.californiahealthmaps.org?address=A0876","Female","CRC",165835,33.0,24.0,44.5,36520,35.0,21.7,60.4,"","","","",106045,24.2,12.8,43.7,17930,"","","",3,67403,0.0,25.5,39.2,20.9,1.9,10.5,65.4
"A0876","Orange","Anaheim","https://www.californiahealthmaps.org?address=A0876","Male","Mela",171180,30.8,20.9,44.4,35910,57.4,38.0,89.3,"","","","",111825,"","","",17525,"","","",3,67403,0.0,25.5,39.2,20.9,1.9,10.5,65.4
"A0876","Orange","Anaheim","https://www.californiahealthmaps.org?address=A0876","Female","Mela",165835,16.6,10.4,25.5,36520,39.5,21.9,70.3,"","","","",106045,"","","",17930,"","","",3,67403,0.0,25.5,39.2,20.9,1.9,10.5,65.4
"A0876","Orange","Anaheim","https://www.californiahealthmaps.org?address=A0876","Female","Uterine",165835,26.7,18.8,37.1,36520,35.1,19.9,63.0,"","","","",106045,"","","",17930,"","","",3,67403,0.0,25.5,39.2,20.9,1.9,10.5,65.4
"A0876","Orange","Anaheim","https://www.californiahealthmaps.org?address=A0876","Male","Lymph",171180,25.9,17.5,37.7,35910,"","","","","","","",111825,"","","",17525,"","","",3,67403,0.0,25.5,39.2,20.9,1.9,10.5,65.4
"A0876","Orange","Anaheim","https://www.californiahealthmaps.org?address=A0876","Female","Lymph",165835,19.4,12.7,28.8,36520,"","","","","","","",106045,"","","",17930,"","","",3,67403,0.0,25.5,39.2,20.9,1.9,10.5,65.4
"A0876","Orange","Anaheim","https://www.californiahealthmaps.org?address=A0876","Male","Urinary",171180,13.0,6.8,23.1,35910,"","","","","","","",111825,"","","",17525,"","","",3,67403,0.0,25.5,39.2,20.9,1.9,10.5,65.4
"A0876","Orange","Anaheim","https://www.californiahealthmaps.org?address=A0876","Female","Urinary",165835,3.5,0.9,9.1,36520,"","","","","","","",106045,"","","",17930,"","","",3,67403,0.0,25.5,39.2,20.9,1.9,10.5,65.4
"A0876","Orange","Anaheim","https://www.californiahealthmaps.org?address=A0876","Male","Kidney",171180,24.6,16.0,36.7,35910,"","","","","","","",111825,"","","",17525,"","","",3,67403,0.0,25.5,39.2,20.9,1.9,10.5,65.4
"A0876","Orange","Anaheim","https://www.californiahealthmaps.org?address=A0876","Female","Kidney",165835,10.7,5.9,18.1,36520,"","","","","","","",106045,"","","",17930,"","","",3,67403,0.0,25.5,39.2,20.9,1.9,10.5,65.4
"A0876","Orange","Anaheim","https://www.californiahealthmaps.org?address=A0876","Male","Thyroid",171180,9.0,4.5,17.0,35910,"","","","","","","",111825,"","","",17525,"","","",3,67403,0.0,25.5,39.2,20.9,1.9,10.5,65.4
"A0876","Orange","Anaheim","https://www.californiahealthmaps.org?address=A0876","Female","Thyroid",165835,27.4,19.7,37.4,36520,"","","","","","","",106045,33.6,21.4,53.1,17930,"","","",3,67403,0.0,25.5,39.2,20.9,1.9,10.5,65.4
"A0876","Orange","Anaheim","https://www.californiahealthmaps.org?address=A0876","Both","AllSite",337015,419.1,393.9,445.8,72430,474.8,432.3,522.3,"","","","",217870,364.7,325.9,407.9,35455,381.4,317.7,455.8,3,67403,0.0,25.5,39.2,20.9,1.9,10.5,65.4
"A0876","Orange","Anaheim","https://www.californiahealthmaps.org?address=A0876","Both","Lung",337015,39.1,31.4,48.1,72430,43.9,32.5,60.7,"","","","",217870,29.8,18.3,46.5,35455,43.6,23.9,75.1,3,67403,0.0,25.5,39.2,20.9,1.9,10.5,65.4
"A0876","Orange","Anaheim","https://www.californiahealthmaps.org?address=A0876","Both","CRC",337015,31.8,25.0,39.9,72430,33.4,23.5,49.0,"","","","",217870,25.3,16.1,39.4,35455,"","","",3,67403,0.0,25.5,39.2,20.9,1.9,10.5,65.4
"A0876","Orange","Anaheim","https://www.californiahealthmaps.org?address=A0876","Both","Mela",337015,22.6,16.9,29.7,72430,46.8,33.6,65.7,"","","","",217870,"","","",35455,"","","",3,67403,0.0,25.5,39.2,20.9,1.9,10.5,65.4
"A0876","Orange","Anaheim","https://www.californiahealthmaps.org?address=A0876","Both","Lymph",337015,22.5,17.0,29.3,72430,24.4,15.5,39.6,"","","","",217870,18.4,11.0,30.6,35455,"","","",3,67403,0.0,25.5,39.2,20.9,1.9,10.5,65.4
"A0876","Orange","Anaheim","https://www.californiahealthmaps.org?address=A0876","Both","Urinary",337015,7.7,4.5,12.6,72430,"","","","","","","",217870,"","","",35455,"","","",3,67403,0.0,25.5,39.2,20.9,1.9,10.5,65.4
"A0876","Orange","Anaheim","https://www.californiahealthmaps.org?address=A0876","Both","Kidney",337015,16.7,12.0,22.8,72430,18.3,10.9,31.8,"","","","",217870,12.0,6.2,22.7,35455,"","","",3,67403,0.0,25.5,39.2,20.9,1.9,10.5,65.4
"A0876","Orange","Anaheim","https://www.californiahealthmaps.org?address=A0876","Both","Thyroid",337015,18.0,13.5,23.9,72430,"","","","","","","",217870,25.3,16.8,38.4,35455,"","","",3,67403,0.0,25.5,39.2,20.9,1.9,10.5,65.4
