"Zone","Counties","Cities","URL","Sex","Cancer","PopTot","AAIR","LCI","UCI","White_PopTot","White_AAIR","White_LCI","White_UCI","Black_PopTot","Black_AAIR","Black_LCI","Black_UCI","Hispanic_PopTot","Hispanic_AAIR","Hispanic_LCI","Hispanic_UCI","Asian_PopTot","Asian_AAIR","Asian_LCI","Asian_UCI","QNSES","PopAll","PerRural","PerUninsured","PerForeignBorn","PerWhite","PerBlack","PerAsian","PerHispanic","PerAPI","PerDocvisit","PerFOBT","PerMammo","PerMenPrev","PerPap","PerWomenPrev"
"A0843","San Bernardino","Rancho Cucamonga","https://www.californiahealthmaps.org?address=A0843","Male","AllSite",153140,507.4,463.3,555.9,80845,540.1,484.4,602.5,"","","","",40340,538.4,419.2,699.7,17725,305.8,208.4,448.7,4,61253,19.2,10.2,17.5,51.5,5.7,11.9,28.0,11.9,"","","","","",""
"A0843","San Bernardino","Rancho Cucamonga","https://www.californiahealthmaps.org?address=A0843","Female","AllSite",153125,411.8,376.4,450.1,78035,404.8,360.0,454.3,"","","","",41625,391.3,309.6,494.2,18880,406.5,315.7,523.6,4,61253,19.2,10.2,17.5,51.5,5.7,11.9,28.0,11.9,"","","","","",""
"A0843","San Bernardino","Rancho Cucamonga","https://www.californiahealthmaps.org?address=A0843","Male","Prostate",153140,123.2,103.6,147.2,80845,110.2,87.4,139.7,"","","","",40340,153.6,98.5,255.1,17725,"","","",4,61253,19.2,10.2,17.5,51.5,5.7,11.9,28.0,11.9,"","","","","",""
"A0843","San Bernardino","Rancho Cucamonga","https://www.californiahealthmaps.org?address=A0843","Female","Breast",153125,132.1,112.9,154.1,78035,137.2,112.1,167.1,"","","","",41625,116.2,78.5,175.4,18880,99.5,62.1,164.2,4,61253,19.2,10.2,17.5,51.5,5.7,11.9,28.0,11.9,"","","","","",""
"A0843","San Bernardino","Rancho Cucamonga","https://www.californiahealthmaps.org?address=A0843","Male","Lung",153140,56.2,41.4,76.0,80845,66.0,47.1,92.1,"","","","",40340,"","","",17725,"","","",4,61253,19.2,10.2,17.5,51.5,5.7,11.9,28.0,11.9,"","","","","",""
"A0843","San Bernardino","Rancho Cucamonga","https://www.californiahealthmaps.org?address=A0843","Female","Lung",153125,41.1,29.9,55.5,78035,51.4,36.0,71.9,"","","","",41625,"","","",18880,"","","",4,61253,19.2,10.2,17.5,51.5,5.7,11.9,28.0,11.9,"","","","","",""
"A0843","San Bernardino","Rancho Cucamonga","https://www.californiahealthmaps.org?address=A0843","Male","CRC",153140,52.5,38.7,71.4,80845,49.2,33.1,72.8,"","","","",40340,"","","",17725,"","","",4,61253,19.2,10.2,17.5,51.5,5.7,11.9,28.0,11.9,"","","","","",""
"A0843","San Bernardino","Rancho Cucamonga","https://www.californiahealthmaps.org?address=A0843","Female","CRC",153125,34.1,23.7,47.8,78035,27.0,15.9,43.2,"","","","",41625,"","","",18880,"","","",4,61253,19.2,10.2,17.5,51.5,5.7,11.9,28.0,11.9,"","","","","",""
"A0843","San Bernardino","Rancho Cucamonga","https://www.californiahealthmaps.org?address=A0843","Male","Mela",153140,30.6,20.2,46.2,80845,44.6,29.3,67.5,"","","","",40340,"","","",17725,"","","",4,61253,19.2,10.2,17.5,51.5,5.7,11.9,28.0,11.9,"","","","","",""
"A0843","San Bernardino","Rancho Cucamonga","https://www.californiahealthmaps.org?address=A0843","Female","Mela",153125,14.9,9.5,23.3,78035,22.3,13.5,35.7,"","","","",41625,"","","",18880,"","","",4,61253,19.2,10.2,17.5,51.5,5.7,11.9,28.0,11.9,"","","","","",""
"A0843","San Bernardino","Rancho Cucamonga","https://www.californiahealthmaps.org?address=A0843","Female","Uterine",153125,20.8,13.7,31.0,78035,23.0,13.6,37.4,"","","","",41625,"","","",18880,"","","",4,61253,19.2,10.2,17.5,51.5,5.7,11.9,28.0,11.9,"","","","","",""
"A0843","San Bernardino","Rancho Cucamonga","https://www.californiahealthmaps.org?address=A0843","Male","Lymph",153140,25.5,16.8,39.1,80845,28.4,17.2,47.0,"","","","",40340,"","","",17725,"","","",4,61253,19.2,10.2,17.5,51.5,5.7,11.9,28.0,11.9,"","","","","",""
"A0843","San Bernardino","Rancho Cucamonga","https://www.californiahealthmaps.org?address=A0843","Female","Lymph",153125,21.0,13.5,31.7,78035,"","","","","","","",41625,"","","",18880,"","","",4,61253,19.2,10.2,17.5,51.5,5.7,11.9,28.0,11.9,"","","","","",""
"A0843","San Bernardino","Rancho Cucamonga","https://www.californiahealthmaps.org?address=A0843","Male","Urinary",153140,"","","",80845,"","","","","","","",40340,"","","",17725,"","","",4,61253,19.2,10.2,17.5,51.5,5.7,11.9,28.0,11.9,"","","","","",""
"A0843","San Bernardino","Rancho Cucamonga","https://www.californiahealthmaps.org?address=A0843","Female","Urinary",153125,"","","",78035,"","","","","","","",41625,"","","",18880,"","","",4,61253,19.2,10.2,17.5,51.5,5.7,11.9,28.0,11.9,"","","","","",""
"A0843","San Bernardino","Rancho Cucamonga","https://www.californiahealthmaps.org?address=A0843","Male","Kidney",153140,24.2,15.8,37.6,80845,26.3,15.4,45.0,"","","","",40340,"","","",17725,"","","",4,61253,19.2,10.2,17.5,51.5,5.7,11.9,28.0,11.9,"","","","","",""
"A0843","San Bernardino","Rancho Cucamonga","https://www.californiahealthmaps.org?address=A0843","Female","Kidney",153125,"","","",78035,"","","","","","","",41625,"","","",18880,"","","",4,61253,19.2,10.2,17.5,51.5,5.7,11.9,28.0,11.9,"","","","","",""
"A0843","San Bernardino","Rancho Cucamonga","https://www.californiahealthmaps.org?address=A0843","Male","Thyroid",153140,"","","",80845,"","","","","","","",40340,"","","",17725,"","","",4,61253,19.2,10.2,17.5,51.5,5.7,11.9,28.0,11.9,"","","","","",""
"A0843","San Bernardino","Rancho Cucamonga","https://www.californiahealthmaps.org?address=A0843","Female","Thyroid",153125,25.6,18.1,36.1,78035,22.4,12.7,37.3,"","","","",41625,"","","",18880,"","","",4,61253,19.2,10.2,17.5,51.5,5.7,11.9,28.0,11.9,"","","","","",""
"A0843","San Bernardino","Rancho Cucamonga","https://www.californiahealthmaps.org?address=A0843","Male","Liver",153140,15.9,9.3,27.9,80845,"","","","","","","",40340,"","","",17725,"","","",4,61253,19.2,10.2,17.5,51.5,5.7,11.9,28.0,11.9,"","","","","",""
"A0843","San Bernardino","Rancho Cucamonga","https://www.californiahealthmaps.org?address=A0843","Female","Liver",153125,"","","",78035,"","","","","","","",41625,"","","",18880,"","","",4,61253,19.2,10.2,17.5,51.5,5.7,11.9,28.0,11.9,"","","","","",""
"A0843","San Bernardino","Rancho Cucamonga","https://www.californiahealthmaps.org?address=A0843","Male","Pancreas",153140,13.6,6.9,25.8,80845,"","","","","","","",40340,"","","",17725,"","","",4,61253,19.2,10.2,17.5,51.5,5.7,11.9,28.0,11.9,"","","","","",""
"A0843","San Bernardino","Rancho Cucamonga","https://www.californiahealthmaps.org?address=A0843","Female","Pancreas",153125,14.1,7.7,24.2,78035,"","","","","","","",41625,"","","",18880,"","","",4,61253,19.2,10.2,17.5,51.5,5.7,11.9,28.0,11.9,"","","","","",""
"A0843","San Bernardino","Rancho Cucamonga","https://www.californiahealthmaps.org?address=A0843","Both","AllSite",306265,456.1,428.3,485.5,158880,469.2,433.9,507.0,19205,637.0,478.4,851.8,81965,450.3,381.3,532.6,36605,347.4,283.0,425.7,4,61253,19.2,10.2,17.5,51.5,5.7,11.9,28.0,11.9,"","","","","",""
"A0843","San Bernardino","Rancho Cucamonga","https://www.californiahealthmaps.org?address=A0843","Both","Lung",306265,48.2,39.0,59.4,158880,58.5,46.1,73.6,19205,"","","",81965,"","","",36605,"","","",4,61253,19.2,10.2,17.5,51.5,5.7,11.9,28.0,11.9,"","","","","",""
"A0843","San Bernardino","Rancho Cucamonga","https://www.californiahealthmaps.org?address=A0843","Both","CRC",306265,42.7,34.1,53.2,158880,37.5,27.8,49.9,19205,"","","",81965,60.4,34.0,103.7,36605,"","","",4,61253,19.2,10.2,17.5,51.5,5.7,11.9,28.0,11.9,"","","","","",""
"A0843","San Bernardino","Rancho Cucamonga","https://www.californiahealthmaps.org?address=A0843","Both","Mela",306265,21.7,16.2,29.1,158880,32.3,23.7,43.5,19205,"","","",81965,"","","",36605,"","","",4,61253,19.2,10.2,17.5,51.5,5.7,11.9,28.0,11.9,"","","","","",""
"A0843","San Bernardino","Rancho Cucamonga","https://www.californiahealthmaps.org?address=A0843","Both","Lymph",306265,23.2,17.4,30.8,158880,22.4,15.4,32.2,19205,"","","",81965,"","","",36605,"","","",4,61253,19.2,10.2,17.5,51.5,5.7,11.9,28.0,11.9,"","","","","",""
"A0843","San Bernardino","Rancho Cucamonga","https://www.californiahealthmaps.org?address=A0843","Both","Urinary",306265,5.8,3.0,10.7,158880,"","","",19205,"","","",81965,"","","",36605,"","","",4,61253,19.2,10.2,17.5,51.5,5.7,11.9,28.0,11.9,"","","","","",""
"A0843","San Bernardino","Rancho Cucamonga","https://www.californiahealthmaps.org?address=A0843","Both","Kidney",306265,14.9,10.6,21.1,158880,15.9,10.2,24.4,19205,"","","",81965,"","","",36605,"","","",4,61253,19.2,10.2,17.5,51.5,5.7,11.9,28.0,11.9,"","","","","",""
"A0843","San Bernardino","Rancho Cucamonga","https://www.californiahealthmaps.org?address=A0843","Both","Thyroid",306265,15.9,11.6,21.9,158880,14.9,9.4,23.2,19205,"","","",81965,"","","",36605,34.5,19.3,64.9,4,61253,19.2,10.2,17.5,51.5,5.7,11.9,28.0,11.9,"","","","","",""
"A0843","San Bernardino","Rancho Cucamonga","https://www.californiahealthmaps.org?address=A0843","Both","Liver",306265,9.1,5.6,14.5,158880,"","","",19205,"","","",81965,"","","",36605,"","","",4,61253,19.2,10.2,17.5,51.5,5.7,11.9,28.0,11.9,"","","","","",""
"A0843","San Bernardino","Rancho Cucamonga","https://www.californiahealthmaps.org?address=A0843","Both","Pancreas",306265,13.9,9.1,20.8,158880,13.1,7.4,21.9,19205,"","","",81965,"","","",36605,"","","",4,61253,19.2,10.2,17.5,51.5,5.7,11.9,28.0,11.9,"","","","","",""
