"Zone","Counties","Cities","URL","Sex","Cancer","PopTot","AAIR","LCI","UCI","White_PopTot","White_AAIR","White_LCI","White_UCI","Black_PopTot","Black_AAIR","Black_LCI","Black_UCI","Hispanic_PopTot","Hispanic_AAIR","Hispanic_LCI","Hispanic_UCI","Asian_PopTot","Asian_AAIR","Asian_LCI","Asian_UCI","QNSES","PopAll","PerRural","PerUninsured","PerForeignBorn","PerWhite","PerBlack","PerAsian","PerHispanic","PerAPI","PerDocvisit","PerFOBT","PerMammo","PerMenPrev","PerPap","PerWomenPrev"
"A0871","Santa Clara","Los Altos Hills, Palo Alto, Los Gatos, Saratoga, San Jose, Cupertino","https://www.californiahealthmaps.org?address=A0871","Male","AllSite",169910,510.6,480.3,543.3,109335,501.7,467.0,540.4,"","","","","","","","",45815,471.0,401.3,553.3,5,69463,7.0,4.1,30.0,62.3,0.4,28.9,3.9,28.9,"","","","","",""
"A0871","Santa Clara","Los Altos Hills, Palo Alto, Los Gatos, Saratoga, San Jose, Cupertino","https://www.californiahealthmaps.org?address=A0871","Female","AllSite",177405,407.9,381.8,436.2,110660,419.5,386.8,456.1,"","","","","","","","",50325,360.8,308.6,423.3,5,69463,7.0,4.1,30.0,62.3,0.4,28.9,3.9,28.9,"","","","","",""
"A0871","Santa Clara","Los Altos Hills, Palo Alto, Los Gatos, Saratoga, San Jose, Cupertino","https://www.californiahealthmaps.org?address=A0871","Male","Prostate",169910,132.1,117.9,148.8,109335,128.5,112.8,148.3,"","","","","","","","",45815,112.9,81.5,157.8,5,69463,7.0,4.1,30.0,62.3,0.4,28.9,3.9,28.9,"","","","","",""
"A0871","Santa Clara","Los Altos Hills, Palo Alto, Los Gatos, Saratoga, San Jose, Cupertino","https://www.californiahealthmaps.org?address=A0871","Female","Breast",177405,134.7,120.3,151.4,110660,132.4,115.2,153.5,"","","","","","","","",50325,124.4,97.0,162.3,5,69463,7.0,4.1,30.0,62.3,0.4,28.9,3.9,28.9,"","","","","",""
"A0871","Santa Clara","Los Altos Hills, Palo Alto, Los Gatos, Saratoga, San Jose, Cupertino","https://www.californiahealthmaps.org?address=A0871","Male","Lung",169910,35.2,27.9,45.4,109335,32.1,24.3,44.6,"","","","","","","","",45815,49.6,28.9,85.3,5,69463,7.0,4.1,30.0,62.3,0.4,28.9,3.9,28.9,"","","","","",""
"A0871","Santa Clara","Los Altos Hills, Palo Alto, Los Gatos, Saratoga, San Jose, Cupertino","https://www.californiahealthmaps.org?address=A0871","Female","Lung",177405,41.0,33.3,51.0,110660,42.9,34.1,55.9,"","","","","","","","",50325,32.7,17.6,60.7,5,69463,7.0,4.1,30.0,62.3,0.4,28.9,3.9,28.9,"","","","","",""
"A0871","Santa Clara","Los Altos Hills, Palo Alto, Los Gatos, Saratoga, San Jose, Cupertino","https://www.californiahealthmaps.org?address=A0871","Male","CRC",169910,39.4,31.6,49.9,109335,35.7,27.4,48.6,"","","","","","","","",45815,40.2,22.2,73.2,5,69463,7.0,4.1,30.0,62.3,0.4,28.9,3.9,28.9,"","","","","",""
"A0871","Santa Clara","Los Altos Hills, Palo Alto, Los Gatos, Saratoga, San Jose, Cupertino","https://www.californiahealthmaps.org?address=A0871","Female","CRC",177405,29.6,23.3,38.5,110660,30.5,22.7,42.9,"","","","","","","","",50325,"","","",5,69463,7.0,4.1,30.0,62.3,0.4,28.9,3.9,28.9,"","","","","",""
"A0871","Santa Clara","Los Altos Hills, Palo Alto, Los Gatos, Saratoga, San Jose, Cupertino","https://www.californiahealthmaps.org?address=A0871","Male","Mela",169910,75.7,64.3,89.8,109335,86.1,72.3,104.3,"","","","","","","","",45815,"","","",5,69463,7.0,4.1,30.0,62.3,0.4,28.9,3.9,28.9,"","","","","",""
"A0871","Santa Clara","Los Altos Hills, Palo Alto, Los Gatos, Saratoga, San Jose, Cupertino","https://www.californiahealthmaps.org?address=A0871","Female","Mela",177405,27.5,21.0,36.7,110660,33.7,24.7,47.4,"","","","","","","","",50325,"","","",5,69463,7.0,4.1,30.0,62.3,0.4,28.9,3.9,28.9,"","","","","",""
"A0871","Santa Clara","Los Altos Hills, Palo Alto, Los Gatos, Saratoga, San Jose, Cupertino","https://www.californiahealthmaps.org?address=A0871","Female","Uterine",177405,20.1,14.7,28.1,110660,21.4,14.4,33.3,"","","","","","","","",50325,"","","",5,69463,7.0,4.1,30.0,62.3,0.4,28.9,3.9,28.9,"","","","","",""
"A0871","Santa Clara","Los Altos Hills, Palo Alto, Los Gatos, Saratoga, San Jose, Cupertino","https://www.californiahealthmaps.org?address=A0871","Male","Lymph",169910,32.2,24.5,42.9,109335,33.1,23.6,47.6,"","","","","","","","",45815,"","","",5,69463,7.0,4.1,30.0,62.3,0.4,28.9,3.9,28.9,"","","","","",""
"A0871","Santa Clara","Los Altos Hills, Palo Alto, Los Gatos, Saratoga, San Jose, Cupertino","https://www.californiahealthmaps.org?address=A0871","Female","Lymph",177405,18.1,13.2,25.6,110660,17.6,12.0,28.1,"","","","","","","","",50325,"","","",5,69463,7.0,4.1,30.0,62.3,0.4,28.9,3.9,28.9,"","","","","",""
"A0871","Santa Clara","Los Altos Hills, Palo Alto, Los Gatos, Saratoga, San Jose, Cupertino","https://www.californiahealthmaps.org?address=A0871","Male","Urinary",169910,16.9,11.9,25.0,109335,19.4,13.5,30.4,"","","","","","","","",45815,"","","",5,69463,7.0,4.1,30.0,62.3,0.4,28.9,3.9,28.9,"","","","","",""
"A0871","Santa Clara","Los Altos Hills, Palo Alto, Los Gatos, Saratoga, San Jose, Cupertino","https://www.californiahealthmaps.org?address=A0871","Female","Urinary",177405,"","","",110660,"","","","","","","","","","","",50325,"","","",5,69463,7.0,4.1,30.0,62.3,0.4,28.9,3.9,28.9,"","","","","",""
"A0871","Santa Clara","Los Altos Hills, Palo Alto, Los Gatos, Saratoga, San Jose, Cupertino","https://www.californiahealthmaps.org?address=A0871","Male","Kidney",169910,18.7,13.2,27.3,109335,17.1,11.5,28.0,"","","","","","","","",45815,"","","",5,69463,7.0,4.1,30.0,62.3,0.4,28.9,3.9,28.9,"","","","","",""
"A0871","Santa Clara","Los Altos Hills, Palo Alto, Los Gatos, Saratoga, San Jose, Cupertino","https://www.californiahealthmaps.org?address=A0871","Female","Kidney",177405,6.2,3.2,12.2,110660,"","","","","","","","","","","",50325,"","","",5,69463,7.0,4.1,30.0,62.3,0.4,28.9,3.9,28.9,"","","","","",""
"A0871","Santa Clara","Los Altos Hills, Palo Alto, Los Gatos, Saratoga, San Jose, Cupertino","https://www.californiahealthmaps.org?address=A0871","Male","Thyroid",169910,8.3,5.0,15.0,109335,"","","","","","","","","","","",45815,"","","",5,69463,7.0,4.1,30.0,62.3,0.4,28.9,3.9,28.9,"","","","","",""
"A0871","Santa Clara","Los Altos Hills, Palo Alto, Los Gatos, Saratoga, San Jose, Cupertino","https://www.californiahealthmaps.org?address=A0871","Female","Thyroid",177405,21.4,14.8,31.0,110660,18.0,10.6,30.8,"","","","","","","","",50325,"","","",5,69463,7.0,4.1,30.0,62.3,0.4,28.9,3.9,28.9,"","","","","",""
"A0871","Santa Clara","Los Altos Hills, Palo Alto, Los Gatos, Saratoga, San Jose, Cupertino","https://www.californiahealthmaps.org?address=A0871","Male","Liver",169910,11.2,7.4,18.4,109335,"","","","","","","","","","","",45815,"","","",5,69463,7.0,4.1,30.0,62.3,0.4,28.9,3.9,28.9,"","","","","",""
"A0871","Santa Clara","Los Altos Hills, Palo Alto, Los Gatos, Saratoga, San Jose, Cupertino","https://www.californiahealthmaps.org?address=A0871","Female","Liver",177405,5.7,3.2,11.4,110660,"","","","","","","","","","","",50325,"","","",5,69463,7.0,4.1,30.0,62.3,0.4,28.9,3.9,28.9,"","","","","",""
"A0871","Santa Clara","Los Altos Hills, Palo Alto, Los Gatos, Saratoga, San Jose, Cupertino","https://www.californiahealthmaps.org?address=A0871","Male","Pancreas",169910,13.9,9.5,21.4,109335,11.4,7.1,21.4,"","","","","","","","",45815,"","","",5,69463,7.0,4.1,30.0,62.3,0.4,28.9,3.9,28.9,"","","","","",""
"A0871","Santa Clara","Los Altos Hills, Palo Alto, Los Gatos, Saratoga, San Jose, Cupertino","https://www.californiahealthmaps.org?address=A0871","Female","Pancreas",177405,11.2,7.5,17.8,110660,9.2,5.5,18.3,"","","","","","","","",50325,"","","",5,69463,7.0,4.1,30.0,62.3,0.4,28.9,3.9,28.9,"","","","","",""
"A0871","Santa Clara","Los Altos Hills, Palo Alto, Los Gatos, Saratoga, San Jose, Cupertino","https://www.californiahealthmaps.org?address=A0871","Both","AllSite",347315,455.4,435.6,476.5,219995,457.0,433.1,482.7,"","","","",16630,498.7,391.7,628.3,96140,409.7,367.0,457.6,5,69463,7.0,4.1,30.0,62.3,0.4,28.9,3.9,28.9,"","","","","",""
"A0871","Santa Clara","Los Altos Hills, Palo Alto, Los Gatos, Saratoga, San Jose, Cupertino","https://www.californiahealthmaps.org?address=A0871","Both","Lung",347315,38.3,33.0,45.0,219995,37.8,31.8,45.9,"","","","",16630,"","","",96140,40.5,27.4,59.4,5,69463,7.0,4.1,30.0,62.3,0.4,28.9,3.9,28.9,"","","","","",""
"A0871","Santa Clara","Los Altos Hills, Palo Alto, Los Gatos, Saratoga, San Jose, Cupertino","https://www.californiahealthmaps.org?address=A0871","Both","CRC",347315,34.5,29.4,40.8,219995,33.2,27.4,41.2,"","","","",16630,"","","",96140,29.1,19.0,45.0,5,69463,7.0,4.1,30.0,62.3,0.4,28.9,3.9,28.9,"","","","","",""
"A0871","Santa Clara","Los Altos Hills, Palo Alto, Los Gatos, Saratoga, San Jose, Cupertino","https://www.californiahealthmaps.org?address=A0871","Both","Mela",347315,49.7,43.3,57.4,219995,58.2,50.0,68.5,"","","","",16630,"","","",96140,"","","",5,69463,7.0,4.1,30.0,62.3,0.4,28.9,3.9,28.9,"","","","","",""
"A0871","Santa Clara","Los Altos Hills, Palo Alto, Los Gatos, Saratoga, San Jose, Cupertino","https://www.californiahealthmaps.org?address=A0871","Both","Lymph",347315,24.6,20.1,30.5,219995,24.9,19.3,32.8,"","","","",16630,"","","",96140,28.3,17.3,45.5,5,69463,7.0,4.1,30.0,62.3,0.4,28.9,3.9,28.9,"","","","","",""
"A0871","Santa Clara","Los Altos Hills, Palo Alto, Los Gatos, Saratoga, San Jose, Cupertino","https://www.californiahealthmaps.org?address=A0871","Both","Urinary",347315,9.6,7.0,13.5,219995,11.3,8.2,16.8,"","","","",16630,"","","",96140,"","","",5,69463,7.0,4.1,30.0,62.3,0.4,28.9,3.9,28.9,"","","","","",""
"A0871","Santa Clara","Los Altos Hills, Palo Alto, Los Gatos, Saratoga, San Jose, Cupertino","https://www.californiahealthmaps.org?address=A0871","Both","Kidney",347315,12.1,9.0,16.6,219995,11.8,8.2,17.9,"","","","",16630,"","","",96140,"","","",5,69463,7.0,4.1,30.0,62.3,0.4,28.9,3.9,28.9,"","","","","",""
"A0871","Santa Clara","Los Altos Hills, Palo Alto, Los Gatos, Saratoga, San Jose, Cupertino","https://www.californiahealthmaps.org?address=A0871","Both","Thyroid",347315,15.1,11.2,20.4,219995,13.8,9.3,20.9,"","","","",16630,"","","",96140,17.8,9.9,31.8,5,69463,7.0,4.1,30.0,62.3,0.4,28.9,3.9,28.9,"","","","","",""
"A0871","Santa Clara","Los Altos Hills, Palo Alto, Los Gatos, Saratoga, San Jose, Cupertino","https://www.californiahealthmaps.org?address=A0871","Both","Liver",347315,8.5,6.1,12.4,219995,5.5,3.4,10.3,"","","","",16630,"","","",96140,24.6,14.4,41.0,5,69463,7.0,4.1,30.0,62.3,0.4,28.9,3.9,28.9,"","","","","",""
"A0871","Santa Clara","Los Altos Hills, Palo Alto, Los Gatos, Saratoga, San Jose, Cupertino","https://www.californiahealthmaps.org?address=A0871","Both","Pancreas",347315,12.5,9.6,16.8,219995,10.4,7.4,15.9,"","","","",16630,"","","",96140,20.6,11.9,35.6,5,69463,7.0,4.1,30.0,62.3,0.4,28.9,3.9,28.9,"","","","","",""
