"Zone","Counties","Cities","URL","Sex","Cancer","PopTot","AAIR","LCI","UCI","White_PopTot","White_AAIR","White_LCI","White_UCI","Black_PopTot","Black_AAIR","Black_LCI","Black_UCI","Hispanic_PopTot","Hispanic_AAIR","Hispanic_LCI","Hispanic_UCI","Asian_PopTot","Asian_AAIR","Asian_LCI","Asian_UCI","QNSES","PopAll","PerRural","PerUninsured","PerForeignBorn","PerWhite","PerBlack","PerAsian","PerHispanic"
"A0913","Fresno","Fresno","https://www.californiahealthmaps.org?address=A0913","Male","AllSite",175660,484.1,442.8,528.7,27545,456.4,389.2,537.4,"","","","",109375,505.1,437.6,581.9,25495,460.3,334.6,631.2,1,70746,0.0,24.3,25.4,16.0,5.6,15.3,60.8
"A0913","Fresno","Fresno","https://www.californiahealthmaps.org?address=A0913","Female","AllSite",178070,366.6,334.8,401.0,29300,400.6,341.3,473.2,10900,559.7,363.4,845.8,108835,344.3,296.5,398.8,24785,322.8,235.7,436.7,1,70746,0.0,24.3,25.4,16.0,5.6,15.3,60.8
"A0913","Fresno","Fresno","https://www.californiahealthmaps.org?address=A0913","Male","Prostate",175660,90.1,72.3,111.3,27545,64.6,42.2,103.0,"","","","",109375,122.6,89.0,166.5,25495,"","","",1,70746,0.0,24.3,25.4,16.0,5.6,15.3,60.8
"A0913","Fresno","Fresno","https://www.californiahealthmaps.org?address=A0913","Female","Breast",178070,82.9,68.2,100.1,29300,88.0,62.9,128.1,10900,"","","",108835,86.1,63.1,116.0,24785,"","","",1,70746,0.0,24.3,25.4,16.0,5.6,15.3,60.8
"A0913","Fresno","Fresno","https://www.californiahealthmaps.org?address=A0913","Male","Lung",175660,76.3,59.6,96.6,27545,91.4,64.7,133.3,"","","","",109375,53.8,31.7,86.7,25495,"","","",1,70746,0.0,24.3,25.4,16.0,5.6,15.3,60.8
"A0913","Fresno","Fresno","https://www.californiahealthmaps.org?address=A0913","Female","Lung",178070,47.6,36.3,61.5,29300,70.1,48.1,107.4,10900,"","","",108835,"","","",24785,"","","",1,70746,0.0,24.3,25.4,16.0,5.6,15.3,60.8
"A0913","Fresno","Fresno","https://www.californiahealthmaps.org?address=A0913","Male","CRC",175660,50.8,38.2,66.7,27545,57.7,34.1,98.5,"","","","",109375,58.7,37.4,90.2,25495,"","","",1,70746,0.0,24.3,25.4,16.0,5.6,15.3,60.8
"A0913","Fresno","Fresno","https://www.californiahealthmaps.org?address=A0913","Female","CRC",178070,33.2,24.0,44.9,29300,27.7,15.0,57.8,10900,"","","",108835,34.4,20.8,55.1,24785,"","","",1,70746,0.0,24.3,25.4,16.0,5.6,15.3,60.8
"A0913","Fresno","Fresno","https://www.californiahealthmaps.org?address=A0913","Male","Mela",175660,11.8,6.1,21.2,27545,"","","","","","","",109375,"","","",25495,"","","",1,70746,0.0,24.3,25.4,16.0,5.6,15.3,60.8
"A0913","Fresno","Fresno","https://www.californiahealthmaps.org?address=A0913","Female","Mela",178070,6.8,3.2,13.1,29300,"","","",10900,"","","",108835,"","","",24785,"","","",1,70746,0.0,24.3,25.4,16.0,5.6,15.3,60.8
"A0913","Fresno","Fresno","https://www.californiahealthmaps.org?address=A0913","Female","Uterine",178070,19.8,13.0,29.3,29300,"","","",10900,"","","",108835,"","","",24785,"","","",1,70746,0.0,24.3,25.4,16.0,5.6,15.3,60.8
"A0913","Fresno","Fresno","https://www.californiahealthmaps.org?address=A0913","Male","Lymph",175660,28.8,19.5,41.6,27545,"","","","","","","",109375,29.0,15.6,52.7,25495,"","","",1,70746,0.0,24.3,25.4,16.0,5.6,15.3,60.8
"A0913","Fresno","Fresno","https://www.californiahealthmaps.org?address=A0913","Female","Lymph",178070,22.1,14.9,32.0,29300,30.2,15.3,62.8,10900,"","","",108835,"","","",24785,"","","",1,70746,0.0,24.3,25.4,16.0,5.6,15.3,60.8
"A0913","Fresno","Fresno","https://www.californiahealthmaps.org?address=A0913","Male","Urinary",175660,15.7,8.9,26.4,27545,"","","","","","","",109375,"","","",25495,"","","",1,70746,0.0,24.3,25.4,16.0,5.6,15.3,60.8
"A0913","Fresno","Fresno","https://www.californiahealthmaps.org?address=A0913","Female","Urinary",178070,4.3,1.5,10.0,29300,"","","",10900,"","","",108835,"","","",24785,"","","",1,70746,0.0,24.3,25.4,16.0,5.6,15.3,60.8
"A0913","Fresno","Fresno","https://www.californiahealthmaps.org?address=A0913","Male","Kidney",175660,21.3,13.3,32.9,27545,"","","","","","","",109375,"","","",25495,"","","",1,70746,0.0,24.3,25.4,16.0,5.6,15.3,60.8
"A0913","Fresno","Fresno","https://www.californiahealthmaps.org?address=A0913","Female","Kidney",178070,12.9,7.3,21.4,29300,"","","",10900,"","","",108835,"","","",24785,"","","",1,70746,0.0,24.3,25.4,16.0,5.6,15.3,60.8
"A0913","Fresno","Fresno","https://www.californiahealthmaps.org?address=A0913","Male","Thyroid",175660,3.6,1.1,10.0,27545,"","","","","","","",109375,"","","",25495,"","","",1,70746,0.0,24.3,25.4,16.0,5.6,15.3,60.8
"A0913","Fresno","Fresno","https://www.californiahealthmaps.org?address=A0913","Female","Thyroid",178070,13.9,8.7,21.7,29300,"","","",10900,"","","",108835,16.7,9.1,31.1,24785,"","","",1,70746,0.0,24.3,25.4,16.0,5.6,15.3,60.8
"A0913","Fresno","Fresno","https://www.californiahealthmaps.org?address=A0913","Both","AllSite",353730,415.1,389.8,441.9,56845,420.7,376.4,471.4,20195,641.0,472.1,864.7,218210,410.0,370.3,453.5,50280,378.0,304.9,467.2,1,70746,0.0,24.3,25.4,16.0,5.6,15.3,60.8
"A0913","Fresno","Fresno","https://www.californiahealthmaps.org?address=A0913","Both","Lung",353730,59.3,49.6,70.5,56845,76.9,60.0,100.7,20195,146.7,70.6,285.8,218210,36.2,24.0,53.0,50280,"","","",1,70746,0.0,24.3,25.4,16.0,5.6,15.3,60.8
"A0913","Fresno","Fresno","https://www.californiahealthmaps.org?address=A0913","Both","CRC",353730,40.9,33.2,50.0,56845,42.0,28.3,63.5,20195,"","","",218210,44.8,32.5,61.2,50280,"","","",1,70746,0.0,24.3,25.4,16.0,5.6,15.3,60.8
"A0913","Fresno","Fresno","https://www.californiahealthmaps.org?address=A0913","Both","Mela",353730,8.7,5.5,13.4,56845,19.5,11.1,36.2,20195,"","","",218210,"","","",50280,"","","",1,70746,0.0,24.3,25.4,16.0,5.6,15.3,60.8
"A0913","Fresno","Fresno","https://www.californiahealthmaps.org?address=A0913","Both","Lymph",353730,24.9,19.1,32.1,56845,25.1,15.5,42.7,20195,"","","",218210,25.9,17.0,38.8,50280,"","","",1,70746,0.0,24.3,25.4,16.0,5.6,15.3,60.8
"A0913","Fresno","Fresno","https://www.californiahealthmaps.org?address=A0913","Both","Urinary",353730,9.0,5.6,13.9,56845,"","","",20195,"","","",218210,"","","",50280,"","","",1,70746,0.0,24.3,25.4,16.0,5.6,15.3,60.8
"A0913","Fresno","Fresno","https://www.californiahealthmaps.org?address=A0913","Both","Kidney",353730,16.7,11.8,23.1,56845,"","","",20195,"","","",218210,20.5,12.6,32.6,50280,"","","",1,70746,0.0,24.3,25.4,16.0,5.6,15.3,60.8
"A0913","Fresno","Fresno","https://www.californiahealthmaps.org?address=A0913","Both","Thyroid",353730,8.9,5.8,13.3,56845,"","","",20195,"","","",218210,11.2,6.6,19.7,50280,"","","",1,70746,0.0,24.3,25.4,16.0,5.6,15.3,60.8
