"Zone","Counties","Cities","URL","Sex","Cancer","PopTot","AAIR","LCI","UCI","White_PopTot","White_AAIR","White_LCI","White_UCI","Black_PopTot","Black_AAIR","Black_LCI","Black_UCI","Hispanic_PopTot","Hispanic_AAIR","Hispanic_LCI","Hispanic_UCI","Asian_PopTot","Asian_AAIR","Asian_LCI","Asian_UCI","QNSES","PopAll","PerRural","PerUninsured","PerForeignBorn","PerWhite","PerBlack","PerAsian","PerHispanic","PerAPI","PerDocvisit","PerFOBT","PerMammo","PerMenPrev","PerPap","PerWomenPrev"
"A0599","Riverside","Hemet, Menifee","https://www.californiahealthmaps.org?address=A0599","Male","AllSite",161555,586.4,539.2,637.3,79520,580.6,524.4,641.9,10540,1479.5,715.6,3036.0,51775,590.8,450.3,778.8,12600,375.5,248.4,579.8,3,65277,4.9,13.8,14.0,50.2,6.8,9.5,28.1,9.5,"","","","","",""
"A0599","Riverside","Hemet, Menifee","https://www.californiahealthmaps.org?address=A0599","Female","AllSite",164830,516.9,477.0,559.6,80260,540.5,489.4,595.7,"","","","",52775,543.1,444.3,660.7,15250,281.3,200.8,403.2,3,65277,4.9,13.8,14.0,50.2,6.8,9.5,28.1,9.5,"","","","","",""
"A0599","Riverside","Hemet, Menifee","https://www.californiahealthmaps.org?address=A0599","Male","Prostate",161555,154.0,130.8,180.8,79520,125.1,100.0,155.2,10540,235.9,132.7,1316.5,51775,189.7,119.8,310.0,12600,130.9,72.6,273.3,3,65277,4.9,13.8,14.0,50.2,6.8,9.5,28.1,9.5,"","","","","",""
"A0599","Riverside","Hemet, Menifee","https://www.californiahealthmaps.org?address=A0599","Female","Breast",164830,146.6,126.1,169.8,80260,151.7,125.5,182.1,"","","","",52775,112.8,74.5,169.9,15250,109.3,62.8,201.8,3,65277,4.9,13.8,14.0,50.2,6.8,9.5,28.1,9.5,"","","","","",""
"A0599","Riverside","Hemet, Menifee","https://www.californiahealthmaps.org?address=A0599","Male","Lung",161555,66.3,50.5,86.1,79520,76.3,56.5,101.4,10540,"","","",51775,"","","",12600,"","","",3,65277,4.9,13.8,14.0,50.2,6.8,9.5,28.1,9.5,"","","","","",""
"A0599","Riverside","Hemet, Menifee","https://www.californiahealthmaps.org?address=A0599","Female","Lung",164830,68.1,53.6,85.7,80260,78.5,59.4,101.9,"","","","",52775,"","","",15250,"","","",3,65277,4.9,13.8,14.0,50.2,6.8,9.5,28.1,9.5,"","","","","",""
"A0599","Riverside","Hemet, Menifee","https://www.californiahealthmaps.org?address=A0599","Male","CRC",161555,56.5,42.4,74.5,79520,53.0,36.9,74.5,10540,"","","",51775,"","","",12600,"","","",3,65277,4.9,13.8,14.0,50.2,6.8,9.5,28.1,9.5,"","","","","",""
"A0599","Riverside","Hemet, Menifee","https://www.californiahealthmaps.org?address=A0599","Female","CRC",164830,56.3,43.5,72.0,80260,57.2,41.4,77.2,"","","","",52775,57.0,29.3,105.6,15250,"","","",3,65277,4.9,13.8,14.0,50.2,6.8,9.5,28.1,9.5,"","","","","",""
"A0599","Riverside","Hemet, Menifee","https://www.californiahealthmaps.org?address=A0599","Male","Mela",161555,33.9,23.6,48.1,79520,46.4,31.9,66.0,10540,"","","",51775,"","","",12600,"","","",3,65277,4.9,13.8,14.0,50.2,6.8,9.5,28.1,9.5,"","","","","",""
"A0599","Riverside","Hemet, Menifee","https://www.californiahealthmaps.org?address=A0599","Female","Mela",164830,25.1,17.1,36.0,80260,39.7,26.9,56.9,"","","","",52775,"","","",15250,"","","",3,65277,4.9,13.8,14.0,50.2,6.8,9.5,28.1,9.5,"","","","","",""
"A0599","Riverside","Hemet, Menifee","https://www.californiahealthmaps.org?address=A0599","Female","Uterine",164830,30.3,21.3,42.2,80260,27.8,17.4,42.7,"","","","",52775,"","","",15250,"","","",3,65277,4.9,13.8,14.0,50.2,6.8,9.5,28.1,9.5,"","","","","",""
"A0599","Riverside","Hemet, Menifee","https://www.californiahealthmaps.org?address=A0599","Male","Lymph",161555,29.6,19.4,43.9,79520,31.6,19.3,49.5,10540,"","","",51775,"","","",12600,"","","",3,65277,4.9,13.8,14.0,50.2,6.8,9.5,28.1,9.5,"","","","","",""
"A0599","Riverside","Hemet, Menifee","https://www.californiahealthmaps.org?address=A0599","Female","Lymph",164830,15.9,9.6,25.1,80260,"","","","","","","",52775,"","","",15250,"","","",3,65277,4.9,13.8,14.0,50.2,6.8,9.5,28.1,9.5,"","","","","",""
"A0599","Riverside","Hemet, Menifee","https://www.californiahealthmaps.org?address=A0599","Male","Urinary",161555,25.4,15.7,39.5,79520,"","","",10540,"","","",51775,"","","",12600,"","","",3,65277,4.9,13.8,14.0,50.2,6.8,9.5,28.1,9.5,"","","","","",""
"A0599","Riverside","Hemet, Menifee","https://www.californiahealthmaps.org?address=A0599","Female","Urinary",164830,"","","",80260,"","","","","","","",52775,"","","",15250,"","","",3,65277,4.9,13.8,14.0,50.2,6.8,9.5,28.1,9.5,"","","","","",""
"A0599","Riverside","Hemet, Menifee","https://www.californiahealthmaps.org?address=A0599","Male","Kidney",161555,26.2,17.4,38.9,79520,27.6,16.6,43.9,10540,"","","",51775,"","","",12600,"","","",3,65277,4.9,13.8,14.0,50.2,6.8,9.5,28.1,9.5,"","","","","",""
"A0599","Riverside","Hemet, Menifee","https://www.californiahealthmaps.org?address=A0599","Female","Kidney",164830,11.9,6.7,20.0,80260,"","","","","","","",52775,"","","",15250,"","","",3,65277,4.9,13.8,14.0,50.2,6.8,9.5,28.1,9.5,"","","","","",""
"A0599","Riverside","Hemet, Menifee","https://www.californiahealthmaps.org?address=A0599","Male","Thyroid",161555,"","","",79520,"","","",10540,"","","",51775,"","","",12600,"","","",3,65277,4.9,13.8,14.0,50.2,6.8,9.5,28.1,9.5,"","","","","",""
"A0599","Riverside","Hemet, Menifee","https://www.californiahealthmaps.org?address=A0599","Female","Thyroid",164830,25.6,18.2,35.8,80260,26.6,16.6,40.9,"","","","",52775,"","","",15250,"","","",3,65277,4.9,13.8,14.0,50.2,6.8,9.5,28.1,9.5,"","","","","",""
"A0599","Riverside","Hemet, Menifee","https://www.californiahealthmaps.org?address=A0599","Male","Liver",161555,15.9,9.1,26.9,79520,"","","",10540,"","","",51775,"","","",12600,"","","",3,65277,4.9,13.8,14.0,50.2,6.8,9.5,28.1,9.5,"","","","","",""
"A0599","Riverside","Hemet, Menifee","https://www.californiahealthmaps.org?address=A0599","Female","Liver",164830,"","","",80260,"","","","","","","",52775,"","","",15250,"","","",3,65277,4.9,13.8,14.0,50.2,6.8,9.5,28.1,9.5,"","","","","",""
"A0599","Riverside","Hemet, Menifee","https://www.californiahealthmaps.org?address=A0599","Male","Pancreas",161555,17.3,9.6,29.3,79520,"","","",10540,"","","",51775,"","","",12600,"","","",3,65277,4.9,13.8,14.0,50.2,6.8,9.5,28.1,9.5,"","","","","",""
"A0599","Riverside","Hemet, Menifee","https://www.californiahealthmaps.org?address=A0599","Female","Pancreas",164830,16.0,9.4,25.7,80260,19.7,11.0,33.0,"","","","",52775,"","","",15250,"","","",3,65277,4.9,13.8,14.0,50.2,6.8,9.5,28.1,9.5,"","","","","",""
"A0599","Riverside","Hemet, Menifee","https://www.californiahealthmaps.org?address=A0599","Both","AllSite",326385,545.5,515.0,577.5,159780,555.8,518.0,595.8,20235,900.3,671.3,1206.6,104550,538.4,461.9,626.8,27850,314.9,244.2,411.0,3,65277,4.9,13.8,14.0,50.2,6.8,9.5,28.1,9.5,"","","","","",""
"A0599","Riverside","Hemet, Menifee","https://www.californiahealthmaps.org?address=A0599","Both","Lung",326385,67.0,56.1,79.4,159780,77.5,63.5,93.8,20235,"","","",104550,53.4,29.1,92.2,27850,"","","",3,65277,4.9,13.8,14.0,50.2,6.8,9.5,28.1,9.5,"","","","","",""
"A0599","Riverside","Hemet, Menifee","https://www.californiahealthmaps.org?address=A0599","Both","CRC",326385,56.5,46.8,67.8,159780,55.0,43.5,68.9,20235,"","","",104550,62.5,38.3,100.1,27850,"","","",3,65277,4.9,13.8,14.0,50.2,6.8,9.5,28.1,9.5,"","","","","",""
"A0599","Riverside","Hemet, Menifee","https://www.californiahealthmaps.org?address=A0599","Both","Mela",326385,28.9,22.4,36.9,159780,42.5,32.7,54.5,20235,"","","",104550,"","","",27850,"","","",3,65277,4.9,13.8,14.0,50.2,6.8,9.5,28.1,9.5,"","","","","",""
"A0599","Riverside","Hemet, Menifee","https://www.californiahealthmaps.org?address=A0599","Both","Lymph",326385,21.8,16.0,29.2,159780,20.6,13.8,29.7,20235,"","","",104550,"","","",27850,"","","",3,65277,4.9,13.8,14.0,50.2,6.8,9.5,28.1,9.5,"","","","","",""
"A0599","Riverside","Hemet, Menifee","https://www.californiahealthmaps.org?address=A0599","Both","Urinary",326385,16.3,11.1,23.3,159780,15.9,9.9,24.4,20235,"","","",104550,"","","",27850,"","","",3,65277,4.9,13.8,14.0,50.2,6.8,9.5,28.1,9.5,"","","","","",""
"A0599","Riverside","Hemet, Menifee","https://www.californiahealthmaps.org?address=A0599","Both","Kidney",326385,18.7,13.6,25.4,159780,17.2,11.2,25.7,20235,"","","",104550,"","","",27850,"","","",3,65277,4.9,13.8,14.0,50.2,6.8,9.5,28.1,9.5,"","","","","",""
"A0599","Riverside","Hemet, Menifee","https://www.californiahealthmaps.org?address=A0599","Both","Thyroid",326385,18.7,13.9,24.9,159780,17.4,11.5,25.6,20235,"","","",104550,27.3,14.1,53.9,27850,"","","",3,65277,4.9,13.8,14.0,50.2,6.8,9.5,28.1,9.5,"","","","","",""
"A0599","Riverside","Hemet, Menifee","https://www.californiahealthmaps.org?address=A0599","Both","Liver",326385,9.3,5.7,14.6,159780,"","","",20235,"","","",104550,"","","",27850,"","","",3,65277,4.9,13.8,14.0,50.2,6.8,9.5,28.1,9.5,"","","","","",""
"A0599","Riverside","Hemet, Menifee","https://www.californiahealthmaps.org?address=A0599","Both","Pancreas",326385,16.6,11.4,23.5,159780,19.3,12.6,28.4,20235,"","","",104550,"","","",27850,"","","",3,65277,4.9,13.8,14.0,50.2,6.8,9.5,28.1,9.5,"","","","","",""
