"Zone","Counties","Cities","URL","Sex","Cancer","PopTot","AAIR","LCI","UCI","White_PopTot","White_AAIR","White_LCI","White_UCI","Black_PopTot","Black_AAIR","Black_LCI","Black_UCI","Hispanic_PopTot","Hispanic_AAIR","Hispanic_LCI","Hispanic_UCI","Asian_PopTot","Asian_AAIR","Asian_LCI","Asian_UCI","QNSES","PopAll","PerRural","PerUninsured","PerForeignBorn","PerWhite","PerBlack","PerAsian","PerHispanic"
"A0333","Los Angeles","Whittier","https://www.californiahealthmaps.org?address=A0333","Male","AllSite",149800,484.3,448.2,522.8,45595,514.2,459.4,578.2,"","","","",92995,500.5,439.4,568.8,"","","","",4,62107,0.0,12.2,17.4,29.2,1.3,5.4,62.0
"A0333","Los Angeles","Whittier","https://www.californiahealthmaps.org?address=A0333","Female","AllSite",160735,410.2,380.3,442.0,47095,455.5,403.8,516.4,"","","","",101290,377.6,335.9,423.9,"","","","",4,62107,0.0,12.2,17.4,29.2,1.3,5.4,62.0
"A0333","Los Angeles","Whittier","https://www.californiahealthmaps.org?address=A0333","Male","Prostate",149800,113.6,96.6,133.0,45595,101.7,80.2,133.2,"","","","",92995,139.0,107.8,177.7,"","","","",4,62107,0.0,12.2,17.4,29.2,1.3,5.4,62.0
"A0333","Los Angeles","Whittier","https://www.californiahealthmaps.org?address=A0333","Female","Breast",160735,138.0,120.7,157.3,47095,151.0,122.6,189.1,"","","","",101290,117.2,94.9,144.2,"","","","",4,62107,0.0,12.2,17.4,29.2,1.3,5.4,62.0
"A0333","Los Angeles","Whittier","https://www.californiahealthmaps.org?address=A0333","Male","Lung",149800,43.0,32.5,56.2,45595,53.5,37.2,81.0,"","","","",92995,39.4,22.4,65.0,"","","","",4,62107,0.0,12.2,17.4,29.2,1.3,5.4,62.0
"A0333","Los Angeles","Whittier","https://www.californiahealthmaps.org?address=A0333","Female","Lung",160735,26.9,19.9,35.8,47095,37.6,25.6,60.9,"","","","",101290,"","","","","","","",4,62107,0.0,12.2,17.4,29.2,1.3,5.4,62.0
"A0333","Los Angeles","Whittier","https://www.californiahealthmaps.org?address=A0333","Male","CRC",149800,44.6,34.2,57.5,45595,40.3,26.0,66.2,"","","","",92995,49.7,31.9,75.3,"","","","",4,62107,0.0,12.2,17.4,29.2,1.3,5.4,62.0
"A0333","Los Angeles","Whittier","https://www.californiahealthmaps.org?address=A0333","Female","CRC",160735,43.0,33.7,54.2,47095,49.5,34.6,75.4,"","","","",101290,37.4,25.0,54.9,"","","","",4,62107,0.0,12.2,17.4,29.2,1.3,5.4,62.0
"A0333","Los Angeles","Whittier","https://www.californiahealthmaps.org?address=A0333","Male","Mela",149800,31.9,23.1,43.2,45595,52.7,37.4,79.0,"","","","",92995,"","","","","","","",4,62107,0.0,12.2,17.4,29.2,1.3,5.4,62.0
"A0333","Los Angeles","Whittier","https://www.californiahealthmaps.org?address=A0333","Female","Mela",160735,14.8,9.7,22.0,47095,30.0,16.4,56.1,"","","","",101290,"","","","","","","",4,62107,0.0,12.2,17.4,29.2,1.3,5.4,62.0
"A0333","Los Angeles","Whittier","https://www.californiahealthmaps.org?address=A0333","Female","Uterine",160735,29.3,21.8,38.8,47095,30.3,19.6,52.6,"","","","",101290,25.6,16.0,40.2,"","","","",4,62107,0.0,12.2,17.4,29.2,1.3,5.4,62.0
"A0333","Los Angeles","Whittier","https://www.californiahealthmaps.org?address=A0333","Male","Lymph",149800,27.5,19.4,38.1,45595,34.9,21.3,60.4,"","","","",92995,"","","","","","","",4,62107,0.0,12.2,17.4,29.2,1.3,5.4,62.0
"A0333","Los Angeles","Whittier","https://www.californiahealthmaps.org?address=A0333","Female","Lymph",160735,19.8,13.7,28.0,47095,19.1,10.6,40.2,"","","","",101290,19.0,10.7,32.4,"","","","",4,62107,0.0,12.2,17.4,29.2,1.3,5.4,62.0
"A0333","Los Angeles","Whittier","https://www.californiahealthmaps.org?address=A0333","Male","Urinary",149800,18.3,11.5,28.0,45595,"","","","","","","",92995,"","","","","","","",4,62107,0.0,12.2,17.4,29.2,1.3,5.4,62.0
"A0333","Los Angeles","Whittier","https://www.californiahealthmaps.org?address=A0333","Female","Urinary",160735,1.1,0.1,4.5,47095,"","","","","","","",101290,"","","","","","","",4,62107,0.0,12.2,17.4,29.2,1.3,5.4,62.0
"A0333","Los Angeles","Whittier","https://www.californiahealthmaps.org?address=A0333","Male","Kidney",149800,35.8,26.7,47.5,45595,34.9,20.3,61.8,"","","","",92995,44.1,27.8,68.0,"","","","",4,62107,0.0,12.2,17.4,29.2,1.3,5.4,62.0
"A0333","Los Angeles","Whittier","https://www.californiahealthmaps.org?address=A0333","Female","Kidney",160735,18.7,12.9,26.6,47095,"","","","","","","",101290,20.4,11.7,34.3,"","","","",4,62107,0.0,12.2,17.4,29.2,1.3,5.4,62.0
"A0333","Los Angeles","Whittier","https://www.californiahealthmaps.org?address=A0333","Male","Thyroid",149800,6.7,3.0,13.2,45595,"","","","","","","",92995,"","","","","","","",4,62107,0.0,12.2,17.4,29.2,1.3,5.4,62.0
"A0333","Los Angeles","Whittier","https://www.californiahealthmaps.org?address=A0333","Female","Thyroid",160735,13.1,8.1,20.1,47095,"","","","","","","",101290,"","","","","","","",4,62107,0.0,12.2,17.4,29.2,1.3,5.4,62.0
"A0333","Los Angeles","Whittier","https://www.californiahealthmaps.org?address=A0333","Both","AllSite",310535,437.3,414.4,461.2,92690,475.2,437.9,516.8,"","","","",194285,422.9,388.1,460.5,15640,321.6,248.5,423.0,4,62107,0.0,12.2,17.4,29.2,1.3,5.4,62.0
"A0333","Los Angeles","Whittier","https://www.californiahealthmaps.org?address=A0333","Both","Lung",310535,33.5,27.4,40.7,92690,44.3,34.2,59.4,"","","","",194285,23.7,15.6,35.1,15640,"","","",4,62107,0.0,12.2,17.4,29.2,1.3,5.4,62.0
"A0333","Los Angeles","Whittier","https://www.californiahealthmaps.org?address=A0333","Both","CRC",310535,43.4,36.4,51.4,92690,44.9,34.3,60.5,"","","","",194285,41.9,31.4,55.3,15640,"","","",4,62107,0.0,12.2,17.4,29.2,1.3,5.4,62.0
"A0333","Los Angeles","Whittier","https://www.californiahealthmaps.org?address=A0333","Both","Mela",310535,21.1,16.4,26.9,92690,38.0,28.1,53.2,"","","","",194285,"","","",15640,"","","",4,62107,0.0,12.2,17.4,29.2,1.3,5.4,62.0
"A0333","Los Angeles","Whittier","https://www.californiahealthmaps.org?address=A0333","Both","Lymph",310535,22.6,17.6,28.6,92690,25.6,17.6,39.1,"","","","",194285,21.0,14.0,31.1,15640,"","","",4,62107,0.0,12.2,17.4,29.2,1.3,5.4,62.0
"A0333","Los Angeles","Whittier","https://www.californiahealthmaps.org?address=A0333","Both","Urinary",310535,8.3,5.3,12.5,92690,"","","","","","","",194285,"","","",15640,"","","",4,62107,0.0,12.2,17.4,29.2,1.3,5.4,62.0
"A0333","Los Angeles","Whittier","https://www.californiahealthmaps.org?address=A0333","Both","Kidney",310535,26.3,21.0,32.7,92690,24.7,15.8,39.2,"","","","",194285,30.0,21.5,41.5,15640,"","","",4,62107,0.0,12.2,17.4,29.2,1.3,5.4,62.0
"A0333","Los Angeles","Whittier","https://www.californiahealthmaps.org?address=A0333","Both","Thyroid",310535,9.9,6.7,14.3,92690,"","","","","","","",194285,8.8,4.8,15.7,15640,"","","",4,62107,0.0,12.2,17.4,29.2,1.3,5.4,62.0
