"Zone","Counties","Cities","URL","Sex","Cancer","PopTot","AAIR","LCI","UCI","White_PopTot","White_AAIR","White_LCI","White_UCI","Black_PopTot","Black_AAIR","Black_LCI","Black_UCI","Hispanic_PopTot","Hispanic_AAIR","Hispanic_LCI","Hispanic_UCI","Asian_PopTot","Asian_AAIR","Asian_LCI","Asian_UCI","QNSES","PopAll","PerRural","PerUninsured","PerForeignBorn","PerWhite","PerBlack","PerAsian","PerHispanic","PerAPI","PerDocvisit","PerFOBT","PerMammo","PerMenPrev","PerPap","PerWomenPrev"
"A0613","Riverside","Riverside","https://www.californiahealthmaps.org?address=A0613","Male","AllSite",158015,472.0,432.7,514.7,57580,533.6,475.7,598.2,"","","","",80695,406.0,340.7,483.8,"","","","",2,63625,2.3,21.9,22.8,35.8,5.2,4.9,51.0,4.9,"","","","","",""
"A0613","Riverside","Riverside","https://www.californiahealthmaps.org?address=A0613","Female","AllSite",160110,414.1,382.1,448.2,60100,442.4,395.0,496.0,"","","","",79585,380.5,327.5,440.7,"","","","",2,63625,2.3,21.9,22.8,35.8,5.2,4.9,51.0,4.9,"","","","","",""
"A0613","Riverside","Riverside","https://www.californiahealthmaps.org?address=A0613","Male","Prostate",158015,120.5,100.9,143.6,57580,105.6,81.3,136.7,"","","","",80695,119.1,83.9,168.0,"","","","",2,63625,2.3,21.9,22.8,35.8,5.2,4.9,51.0,4.9,"","","","","",""
"A0613","Riverside","Riverside","https://www.californiahealthmaps.org?address=A0613","Female","Breast",160110,131.4,113.6,151.3,60100,142.5,115.5,176.1,"","","","",79585,115.1,87.2,150.2,"","","","",2,63625,2.3,21.9,22.8,35.8,5.2,4.9,51.0,4.9,"","","","","",""
"A0613","Riverside","Riverside","https://www.californiahealthmaps.org?address=A0613","Male","Lung",158015,52.9,40.0,69.4,57580,71.9,51.7,99.3,"","","","",80695,"","","","","","","",2,63625,2.3,21.9,22.8,35.8,5.2,4.9,51.0,4.9,"","","","","",""
"A0613","Riverside","Riverside","https://www.californiahealthmaps.org?address=A0613","Female","Lung",160110,41.3,31.5,53.4,60100,49.8,35.4,71.1,"","","","",79585,"","","","","","","",2,63625,2.3,21.9,22.8,35.8,5.2,4.9,51.0,4.9,"","","","","",""
"A0613","Riverside","Riverside","https://www.californiahealthmaps.org?address=A0613","Male","CRC",158015,43.9,32.4,58.9,57580,42.5,26.8,65.8,"","","","",80695,45.6,26.3,79.1,"","","","",2,63625,2.3,21.9,22.8,35.8,5.2,4.9,51.0,4.9,"","","","","",""
"A0613","Riverside","Riverside","https://www.californiahealthmaps.org?address=A0613","Female","CRC",160110,38.3,28.9,49.8,60100,37.6,25.4,56.8,"","","","",79585,31.7,18.2,53.1,"","","","",2,63625,2.3,21.9,22.8,35.8,5.2,4.9,51.0,4.9,"","","","","",""
"A0613","Riverside","Riverside","https://www.californiahealthmaps.org?address=A0613","Male","Mela",158015,21.4,13.5,33.2,57580,35.9,22.0,57.3,"","","","",80695,"","","","","","","",2,63625,2.3,21.9,22.8,35.8,5.2,4.9,51.0,4.9,"","","","","",""
"A0613","Riverside","Riverside","https://www.californiahealthmaps.org?address=A0613","Female","Mela",160110,17.5,11.8,25.4,60100,29.3,18.6,47.1,"","","","",79585,"","","","","","","",2,63625,2.3,21.9,22.8,35.8,5.2,4.9,51.0,4.9,"","","","","",""
"A0613","Riverside","Riverside","https://www.californiahealthmaps.org?address=A0613","Female","Uterine",160110,31.1,22.8,41.7,60100,32.9,21.5,51.5,"","","","",79585,"","","","","","","",2,63625,2.3,21.9,22.8,35.8,5.2,4.9,51.0,4.9,"","","","","",""
"A0613","Riverside","Riverside","https://www.californiahealthmaps.org?address=A0613","Male","Lymph",158015,24.0,15.7,36.0,57580,"","","","","","","",80695,"","","","","","","",2,63625,2.3,21.9,22.8,35.8,5.2,4.9,51.0,4.9,"","","","","",""
"A0613","Riverside","Riverside","https://www.californiahealthmaps.org?address=A0613","Female","Lymph",160110,16.5,10.6,24.7,60100,"","","","","","","",79585,"","","","","","","",2,63625,2.3,21.9,22.8,35.8,5.2,4.9,51.0,4.9,"","","","","",""
"A0613","Riverside","Riverside","https://www.californiahealthmaps.org?address=A0613","Male","Urinary",158015,16.4,9.4,27.4,57580,"","","","","","","",80695,"","","","","","","",2,63625,2.3,21.9,22.8,35.8,5.2,4.9,51.0,4.9,"","","","","",""
"A0613","Riverside","Riverside","https://www.californiahealthmaps.org?address=A0613","Female","Urinary",160110,"","","",60100,"","","","","","","",79585,"","","","","","","",2,63625,2.3,21.9,22.8,35.8,5.2,4.9,51.0,4.9,"","","","","",""
"A0613","Riverside","Riverside","https://www.californiahealthmaps.org?address=A0613","Male","Kidney",158015,24.0,16.4,35.1,57580,35.0,22.3,54.9,"","","","",80695,"","","","","","","",2,63625,2.3,21.9,22.8,35.8,5.2,4.9,51.0,4.9,"","","","","",""
"A0613","Riverside","Riverside","https://www.californiahealthmaps.org?address=A0613","Female","Kidney",160110,14.4,9.1,22.0,60100,"","","","","","","",79585,"","","","","","","",2,63625,2.3,21.9,22.8,35.8,5.2,4.9,51.0,4.9,"","","","","",""
"A0613","Riverside","Riverside","https://www.californiahealthmaps.org?address=A0613","Male","Thyroid",158015,"","","",57580,"","","","","","","",80695,"","","","","","","",2,63625,2.3,21.9,22.8,35.8,5.2,4.9,51.0,4.9,"","","","","",""
"A0613","Riverside","Riverside","https://www.californiahealthmaps.org?address=A0613","Female","Thyroid",160110,15.1,9.6,22.9,60100,"","","","","","","",79585,"","","","","","","",2,63625,2.3,21.9,22.8,35.8,5.2,4.9,51.0,4.9,"","","","","",""
"A0613","Riverside","Riverside","https://www.californiahealthmaps.org?address=A0613","Male","Liver",158015,13.9,8.1,23.6,57580,"","","","","","","",80695,"","","","","","","",2,63625,2.3,21.9,22.8,35.8,5.2,4.9,51.0,4.9,"","","","","",""
"A0613","Riverside","Riverside","https://www.californiahealthmaps.org?address=A0613","Female","Liver",160110,"","","",60100,"","","","","","","",79585,"","","","","","","",2,63625,2.3,21.9,22.8,35.8,5.2,4.9,51.0,4.9,"","","","","",""
"A0613","Riverside","Riverside","https://www.californiahealthmaps.org?address=A0613","Male","Pancreas",158015,17.7,10.6,28.6,57580,"","","","","","","",80695,"","","","","","","",2,63625,2.3,21.9,22.8,35.8,5.2,4.9,51.0,4.9,"","","","","",""
"A0613","Riverside","Riverside","https://www.californiahealthmaps.org?address=A0613","Female","Pancreas",160110,10.8,6.0,18.0,60100,"","","","","","","",79585,"","","","","","","",2,63625,2.3,21.9,22.8,35.8,5.2,4.9,51.0,4.9,"","","","","",""
"A0613","Riverside","Riverside","https://www.californiahealthmaps.org?address=A0613","Both","AllSite",318125,433.4,409.0,459.0,117680,472.8,437.0,511.7,16875,532.1,434.1,651.6,160280,387.0,345.9,432.6,15265,251.7,180.4,348.1,2,63625,2.3,21.9,22.8,35.8,5.2,4.9,51.0,4.9,"","","","","",""
"A0613","Riverside","Riverside","https://www.californiahealthmaps.org?address=A0613","Both","Lung",318125,46.3,38.3,55.5,117680,58.0,46.2,73.1,16875,"","","",160280,30.5,19.1,47.2,15265,"","","",2,63625,2.3,21.9,22.8,35.8,5.2,4.9,51.0,4.9,"","","","","",""
"A0613","Riverside","Riverside","https://www.californiahealthmaps.org?address=A0613","Both","CRC",318125,40.2,32.9,48.6,117680,38.6,28.9,51.6,16875,"","","",160280,37.5,25.8,53.8,15265,"","","",2,63625,2.3,21.9,22.8,35.8,5.2,4.9,51.0,4.9,"","","","","",""
"A0613","Riverside","Riverside","https://www.californiahealthmaps.org?address=A0613","Both","Mela",318125,18.7,14.0,24.7,117680,31.8,23.0,43.9,16875,"","","",160280,"","","",15265,"","","",2,63625,2.3,21.9,22.8,35.8,5.2,4.9,51.0,4.9,"","","","","",""
"A0613","Riverside","Riverside","https://www.californiahealthmaps.org?address=A0613","Both","Lymph",318125,19.3,14.5,25.5,117680,19.5,12.5,30.1,16875,"","","",160280,18.7,10.8,31.6,15265,"","","",2,63625,2.3,21.9,22.8,35.8,5.2,4.9,51.0,4.9,"","","","","",""
"A0613","Riverside","Riverside","https://www.californiahealthmaps.org?address=A0613","Both","Urinary",318125,10.0,6.4,14.8,117680,14.3,8.8,23.5,16875,"","","",160280,"","","",15265,"","","",2,63625,2.3,21.9,22.8,35.8,5.2,4.9,51.0,4.9,"","","","","",""
"A0613","Riverside","Riverside","https://www.californiahealthmaps.org?address=A0613","Both","Kidney",318125,18.9,14.2,24.7,117680,20.5,14.0,30.5,16875,"","","",160280,15.2,8.5,26.8,15265,"","","",2,63625,2.3,21.9,22.8,35.8,5.2,4.9,51.0,4.9,"","","","","",""
"A0613","Riverside","Riverside","https://www.californiahealthmaps.org?address=A0613","Both","Thyroid",318125,11.9,8.4,16.8,117680,15.0,9.1,24.7,16875,"","","",160280,"","","",15265,"","","",2,63625,2.3,21.9,22.8,35.8,5.2,4.9,51.0,4.9,"","","","","",""
"A0613","Riverside","Riverside","https://www.californiahealthmaps.org?address=A0613","Both","Liver",318125,8.6,5.5,13.0,117680,"","","",16875,"","","",160280,"","","",15265,"","","",2,63625,2.3,21.9,22.8,35.8,5.2,4.9,51.0,4.9,"","","","","",""
"A0613","Riverside","Riverside","https://www.californiahealthmaps.org?address=A0613","Both","Pancreas",318125,13.8,9.6,19.2,117680,14.4,8.9,23.5,16875,"","","",160280,"","","",15265,"","","",2,63625,2.3,21.9,22.8,35.8,5.2,4.9,51.0,4.9,"","","","","",""
