"Zone","Counties","Cities","URL","Sex","Cancer","PopTot","AAIR","LCI","UCI","White_PopTot","White_AAIR","White_LCI","White_UCI","Black_PopTot","Black_AAIR","Black_LCI","Black_UCI","Hispanic_PopTot","Hispanic_AAIR","Hispanic_LCI","Hispanic_UCI","Asian_PopTot","Asian_AAIR","Asian_LCI","Asian_UCI","QNSES","PopAll","PerRural","PerUninsured","PerForeignBorn","PerWhite","PerBlack","PerAsian","PerHispanic","PerAPI","PerDocvisit","PerFOBT","PerMammo","PerMenPrev","PerPap","PerWomenPrev"
"A1116","Los Angeles","Santa Clarita","https://www.californiahealthmaps.org?address=A1116","Male","AllSite",174520,479.8,433.3,530.7,90515,506.9,451.3,568.6,14585,383.0,145.7,1039.4,48265,465.2,330.7,646.6,15930,439.1,299.2,648.9,5,62852,12.0,9.1,17.2,53.9,6.0,10.3,24.8,10.3,"","","","","",""
"A1116","Los Angeles","Santa Clarita","https://www.californiahealthmaps.org?address=A1116","Female","AllSite",139740,503.0,462.2,547.0,84825,522.1,471.7,577.3,"","","","",28395,420.3,321.7,544.2,17735,501.8,388.4,643.8,5,62852,12.0,9.1,17.2,53.9,6.0,10.3,24.8,10.3,"","","","","",""
"A1116","Los Angeles","Santa Clarita","https://www.californiahealthmaps.org?address=A1116","Male","Prostate",174520,111.9,90.9,137.5,90515,94.5,73.2,121.8,14585,"","","",48265,165.4,88.9,293.1,15930,"","","",5,62852,12.0,9.1,17.2,53.9,6.0,10.3,24.8,10.3,"","","","","",""
"A1116","Los Angeles","Santa Clarita","https://www.californiahealthmaps.org?address=A1116","Female","Breast",139740,144.4,123.5,168.5,84825,155.7,129.1,187.1,"","","","",28395,85.0,51.7,142.5,17735,131.1,82.8,207.6,5,62852,12.0,9.1,17.2,53.9,6.0,10.3,24.8,10.3,"","","","","",""
"A1116","Los Angeles","Santa Clarita","https://www.californiahealthmaps.org?address=A1116","Male","Lung",174520,48.5,33.8,68.5,90515,54.6,36.6,79.4,14585,"","","",48265,"","","",15930,"","","",5,62852,12.0,9.1,17.2,53.9,6.0,10.3,24.8,10.3,"","","","","",""
"A1116","Los Angeles","Santa Clarita","https://www.californiahealthmaps.org?address=A1116","Female","Lung",139740,48.9,35.7,65.8,84825,52.2,36.0,73.8,"","","","",28395,"","","",17735,"","","",5,62852,12.0,9.1,17.2,53.9,6.0,10.3,24.8,10.3,"","","","","",""
"A1116","Los Angeles","Santa Clarita","https://www.californiahealthmaps.org?address=A1116","Male","CRC",174520,35.5,23.6,52.6,90515,25.6,13.9,44.6,14585,"","","",48265,"","","",15930,"","","",5,62852,12.0,9.1,17.2,53.9,6.0,10.3,24.8,10.3,"","","","","",""
"A1116","Los Angeles","Santa Clarita","https://www.californiahealthmaps.org?address=A1116","Female","CRC",139740,47.1,34.9,62.7,84825,47.2,32.8,66.7,"","","","",28395,"","","",17735,"","","",5,62852,12.0,9.1,17.2,53.9,6.0,10.3,24.8,10.3,"","","","","",""
"A1116","Los Angeles","Santa Clarita","https://www.californiahealthmaps.org?address=A1116","Male","Mela",174520,39.0,27.2,55.5,90515,52.7,36.8,74.9,14585,"","","",48265,"","","",15930,"","","",5,62852,12.0,9.1,17.2,53.9,6.0,10.3,24.8,10.3,"","","","","",""
"A1116","Los Angeles","Santa Clarita","https://www.californiahealthmaps.org?address=A1116","Female","Mela",139740,23.1,15.6,34.0,84825,28.0,18.0,42.8,"","","","",28395,"","","",17735,"","","",5,62852,12.0,9.1,17.2,53.9,6.0,10.3,24.8,10.3,"","","","","",""
"A1116","Los Angeles","Santa Clarita","https://www.californiahealthmaps.org?address=A1116","Female","Uterine",139740,30.4,21.4,42.8,84825,26.3,16.8,40.5,"","","","",28395,"","","",17735,"","","",5,62852,12.0,9.1,17.2,53.9,6.0,10.3,24.8,10.3,"","","","","",""
"A1116","Los Angeles","Santa Clarita","https://www.californiahealthmaps.org?address=A1116","Male","Lymph",174520,22.4,13.3,36.8,90515,24.0,13.3,41.6,14585,"","","",48265,"","","",15930,"","","",5,62852,12.0,9.1,17.2,53.9,6.0,10.3,24.8,10.3,"","","","","",""
"A1116","Los Angeles","Santa Clarita","https://www.californiahealthmaps.org?address=A1116","Female","Lymph",139740,15.2,9.1,24.8,84825,"","","","","","","",28395,"","","",17735,"","","",5,62852,12.0,9.1,17.2,53.9,6.0,10.3,24.8,10.3,"","","","","",""
"A1116","Los Angeles","Santa Clarita","https://www.californiahealthmaps.org?address=A1116","Male","Urinary",174520,"","","",90515,"","","",14585,"","","",48265,"","","",15930,"","","",5,62852,12.0,9.1,17.2,53.9,6.0,10.3,24.8,10.3,"","","","","",""
"A1116","Los Angeles","Santa Clarita","https://www.californiahealthmaps.org?address=A1116","Female","Urinary",139740,"","","",84825,"","","","","","","",28395,"","","",17735,"","","",5,62852,12.0,9.1,17.2,53.9,6.0,10.3,24.8,10.3,"","","","","",""
"A1116","Los Angeles","Santa Clarita","https://www.californiahealthmaps.org?address=A1116","Male","Kidney",174520,16.1,9.1,28.1,90515,20.9,11.4,37.1,14585,"","","",48265,"","","",15930,"","","",5,62852,12.0,9.1,17.2,53.9,6.0,10.3,24.8,10.3,"","","","","",""
"A1116","Los Angeles","Santa Clarita","https://www.californiahealthmaps.org?address=A1116","Female","Kidney",139740,"","","",84825,"","","","","","","",28395,"","","",17735,"","","",5,62852,12.0,9.1,17.2,53.9,6.0,10.3,24.8,10.3,"","","","","",""
"A1116","Los Angeles","Santa Clarita","https://www.californiahealthmaps.org?address=A1116","Male","Thyroid",174520,11.7,6.1,22.5,90515,"","","",14585,"","","",48265,"","","",15930,"","","",5,62852,12.0,9.1,17.2,53.9,6.0,10.3,24.8,10.3,"","","","","",""
"A1116","Los Angeles","Santa Clarita","https://www.californiahealthmaps.org?address=A1116","Female","Thyroid",139740,31.3,22.2,43.8,84825,36.9,24.6,54.2,"","","","",28395,"","","",17735,"","","",5,62852,12.0,9.1,17.2,53.9,6.0,10.3,24.8,10.3,"","","","","",""
"A1116","Los Angeles","Santa Clarita","https://www.californiahealthmaps.org?address=A1116","Male","Liver",174520,14.4,7.5,26.5,90515,"","","",14585,"","","",48265,"","","",15930,"","","",5,62852,12.0,9.1,17.2,53.9,6.0,10.3,24.8,10.3,"","","","","",""
"A1116","Los Angeles","Santa Clarita","https://www.californiahealthmaps.org?address=A1116","Female","Liver",139740,"","","",84825,"","","","","","","",28395,"","","",17735,"","","",5,62852,12.0,9.1,17.2,53.9,6.0,10.3,24.8,10.3,"","","","","",""
"A1116","Los Angeles","Santa Clarita","https://www.californiahealthmaps.org?address=A1116","Male","Pancreas",174520,17.8,9.3,31.8,90515,"","","",14585,"","","",48265,"","","",15930,"","","",5,62852,12.0,9.1,17.2,53.9,6.0,10.3,24.8,10.3,"","","","","",""
"A1116","Los Angeles","Santa Clarita","https://www.californiahealthmaps.org?address=A1116","Female","Pancreas",139740,16.9,9.9,27.7,84825,"","","","","","","",28395,"","","",17735,"","","",5,62852,12.0,9.1,17.2,53.9,6.0,10.3,24.8,10.3,"","","","","",""
"A1116","Los Angeles","Santa Clarita","https://www.californiahealthmaps.org?address=A1116","Both","AllSite",314260,484.5,454.2,516.5,175340,510.7,473.5,550.4,18555,594.4,365.8,950.0,76660,426.2,346.5,521.5,33665,460.7,375.5,563.7,5,62852,12.0,9.1,17.2,53.9,6.0,10.3,24.8,10.3,"","","","","",""
"A1116","Los Angeles","Santa Clarita","https://www.californiahealthmaps.org?address=A1116","Both","Lung",314260,48.5,38.5,60.5,175340,53.2,40.9,68.4,18555,"","","",76660,"","","",33665,"","","",5,62852,12.0,9.1,17.2,53.9,6.0,10.3,24.8,10.3,"","","","","",""
"A1116","Los Angeles","Santa Clarita","https://www.californiahealthmaps.org?address=A1116","Both","CRC",314260,41.4,32.7,52.0,175340,37.0,27.3,49.5,18555,"","","",76660,"","","",33665,80.2,46.2,134.6,5,62852,12.0,9.1,17.2,53.9,6.0,10.3,24.8,10.3,"","","","","",""
"A1116","Los Angeles","Santa Clarita","https://www.californiahealthmaps.org?address=A1116","Both","Mela",314260,30.6,23.7,39.2,175340,39.8,30.5,51.8,18555,"","","",76660,"","","",33665,"","","",5,62852,12.0,9.1,17.2,53.9,6.0,10.3,24.8,10.3,"","","","","",""
"A1116","Los Angeles","Santa Clarita","https://www.californiahealthmaps.org?address=A1116","Both","Lymph",314260,18.3,12.9,25.7,175340,18.5,12.1,27.7,18555,"","","",76660,"","","",33665,"","","",5,62852,12.0,9.1,17.2,53.9,6.0,10.3,24.8,10.3,"","","","","",""
"A1116","Los Angeles","Santa Clarita","https://www.californiahealthmaps.org?address=A1116","Both","Urinary",314260,10.2,5.9,16.8,175340,12.4,6.8,21.0,18555,"","","",76660,"","","",33665,"","","",5,62852,12.0,9.1,17.2,53.9,6.0,10.3,24.8,10.3,"","","","","",""
"A1116","Los Angeles","Santa Clarita","https://www.californiahealthmaps.org?address=A1116","Both","Kidney",314260,12.4,8.3,18.4,175340,17.0,11.2,25.6,18555,"","","",76660,"","","",33665,"","","",5,62852,12.0,9.1,17.2,53.9,6.0,10.3,24.8,10.3,"","","","","",""
"A1116","Los Angeles","Santa Clarita","https://www.californiahealthmaps.org?address=A1116","Both","Thyroid",314260,20.1,14.9,27.2,175340,23.1,16.1,32.9,18555,"","","",76660,"","","",33665,"","","",5,62852,12.0,9.1,17.2,53.9,6.0,10.3,24.8,10.3,"","","","","",""
"A1116","Los Angeles","Santa Clarita","https://www.californiahealthmaps.org?address=A1116","Both","Liver",314260,8.9,5.3,14.6,175340,"","","",18555,"","","",76660,"","","",33665,"","","",5,62852,12.0,9.1,17.2,53.9,6.0,10.3,24.8,10.3,"","","","","",""
"A1116","Los Angeles","Santa Clarita","https://www.californiahealthmaps.org?address=A1116","Both","Pancreas",314260,17.1,11.5,24.9,175340,16.2,10.0,25.3,18555,"","","",76660,"","","",33665,"","","",5,62852,12.0,9.1,17.2,53.9,6.0,10.3,24.8,10.3,"","","","","",""
