"Zone","Counties","Cities","URL","Sex","Cancer","PopTot","AAIR","LCI","UCI","White_PopTot","White_AAIR","White_LCI","White_UCI","Black_PopTot","Black_AAIR","Black_LCI","Black_UCI","Hispanic_PopTot","Hispanic_AAIR","Hispanic_LCI","Hispanic_UCI","Asian_PopTot","Asian_AAIR","Asian_LCI","Asian_UCI","QNSES","PopAll","PerRural","PerUninsured","PerForeignBorn","PerWhite","PerBlack","PerAsian","PerHispanic","PerAPI","PerDocvisit","PerFOBT","PerMammo","PerMenPrev","PerPap","PerWomenPrev"
"A0509","Riverside","Riverside","https://www.californiahealthmaps.org?address=A0509","Male","AllSite",177710,477.0,432.1,526.2,36460,568.3,493.3,653.9,"","","","",119660,441.1,373.5,520.1,"","","","",1,71236,0.0,27.4,32.7,20.4,4.2,4.6,68.5,4.6,61.8,59.9,80.1,25.9,83.6,26.7
"A0509","Riverside","Riverside","https://www.californiahealthmaps.org?address=A0509","Female","AllSite",178470,416.9,382.5,454.0,38080,430.3,372.6,497.8,"","","","",118105,381.7,332.4,437.6,"","","","",1,71236,0.0,27.4,32.7,20.4,4.2,4.6,68.5,4.6,61.8,59.9,80.1,25.9,83.6,26.7
"A0509","Riverside","Riverside","https://www.californiahealthmaps.org?address=A0509","Male","Prostate",177710,116.7,95.1,142.6,36460,114.1,82.3,157.3,"","","","",119660,124.7,90.4,170.9,"","","","",1,71236,0.0,27.4,32.7,20.4,4.2,4.6,68.5,4.6,61.8,59.9,80.1,25.9,83.6,26.7
"A0509","Riverside","Riverside","https://www.californiahealthmaps.org?address=A0509","Female","Breast",178470,112.5,95.1,132.4,38080,118.2,90.1,156.5,"","","","",118105,90.8,67.9,120.6,"","","","",1,71236,0.0,27.4,32.7,20.4,4.2,4.6,68.5,4.6,61.8,59.9,80.1,25.9,83.6,26.7
"A0509","Riverside","Riverside","https://www.californiahealthmaps.org?address=A0509","Male","Lung",177710,52.7,38.0,72.0,36460,90.7,62.5,130.4,"","","","",119660,"","","","","","","",1,71236,0.0,27.4,32.7,20.4,4.2,4.6,68.5,4.6,61.8,59.9,80.1,25.9,83.6,26.7
"A0509","Riverside","Riverside","https://www.californiahealthmaps.org?address=A0509","Female","Lung",178470,45.8,34.1,60.2,38080,52.2,33.9,81.6,"","","","",118105,36.1,20.8,59.5,"","","","",1,71236,0.0,27.4,32.7,20.4,4.2,4.6,68.5,4.6,61.8,59.9,80.1,25.9,83.6,26.7
"A0509","Riverside","Riverside","https://www.californiahealthmaps.org?address=A0509","Male","CRC",177710,47.9,34.8,65.5,36460,48.4,29.2,79.3,"","","","",119660,49.0,28.6,82.3,"","","","",1,71236,0.0,27.4,32.7,20.4,4.2,4.6,68.5,4.6,61.8,59.9,80.1,25.9,83.6,26.7
"A0509","Riverside","Riverside","https://www.californiahealthmaps.org?address=A0509","Female","CRC",178470,47.2,35.8,61.5,38080,29.4,16.3,54.1,"","","","",118105,51.3,34.2,75.7,"","","","",1,71236,0.0,27.4,32.7,20.4,4.2,4.6,68.5,4.6,61.8,59.9,80.1,25.9,83.6,26.7
"A0509","Riverside","Riverside","https://www.californiahealthmaps.org?address=A0509","Male","Mela",177710,33.6,21.8,50.1,36460,69.6,44.7,106.4,"","","","",119660,"","","","","","","",1,71236,0.0,27.4,32.7,20.4,4.2,4.6,68.5,4.6,61.8,59.9,80.1,25.9,83.6,26.7
"A0509","Riverside","Riverside","https://www.californiahealthmaps.org?address=A0509","Female","Mela",178470,12.9,7.5,21.0,38080,31.6,17.2,57.9,"","","","",118105,"","","","","","","",1,71236,0.0,27.4,32.7,20.4,4.2,4.6,68.5,4.6,61.8,59.9,80.1,25.9,83.6,26.7
"A0509","Riverside","Riverside","https://www.californiahealthmaps.org?address=A0509","Female","Uterine",178470,22.7,15.5,32.4,38080,35.4,20.0,62.6,"","","","",118105,"","","","","","","",1,71236,0.0,27.4,32.7,20.4,4.2,4.6,68.5,4.6,61.8,59.9,80.1,25.9,83.6,26.7
"A0509","Riverside","Riverside","https://www.californiahealthmaps.org?address=A0509","Male","Lymph",177710,18.5,11.0,30.7,36460,"","","","","","","",119660,"","","","","","","",1,71236,0.0,27.4,32.7,20.4,4.2,4.6,68.5,4.6,61.8,59.9,80.1,25.9,83.6,26.7
"A0509","Riverside","Riverside","https://www.californiahealthmaps.org?address=A0509","Female","Lymph",178470,18.3,11.6,27.7,38080,"","","","","","","",118105,"","","","","","","",1,71236,0.0,27.4,32.7,20.4,4.2,4.6,68.5,4.6,61.8,59.9,80.1,25.9,83.6,26.7
"A0509","Riverside","Riverside","https://www.californiahealthmaps.org?address=A0509","Male","Urinary",177710,"","","",36460,"","","","","","","",119660,"","","","","","","",1,71236,0.0,27.4,32.7,20.4,4.2,4.6,68.5,4.6,61.8,59.9,80.1,25.9,83.6,26.7
"A0509","Riverside","Riverside","https://www.californiahealthmaps.org?address=A0509","Female","Urinary",178470,"","","",38080,"","","","","","","",118105,"","","","","","","",1,71236,0.0,27.4,32.7,20.4,4.2,4.6,68.5,4.6,61.8,59.9,80.1,25.9,83.6,26.7
"A0509","Riverside","Riverside","https://www.californiahealthmaps.org?address=A0509","Male","Kidney",177710,26.0,16.6,39.9,36460,"","","","","","","",119660,33.5,16.6,63.9,"","","","",1,71236,0.0,27.4,32.7,20.4,4.2,4.6,68.5,4.6,61.8,59.9,80.1,25.9,83.6,26.7
"A0509","Riverside","Riverside","https://www.californiahealthmaps.org?address=A0509","Female","Kidney",178470,"","","",38080,"","","","","","","",118105,"","","","","","","",1,71236,0.0,27.4,32.7,20.4,4.2,4.6,68.5,4.6,61.8,59.9,80.1,25.9,83.6,26.7
"A0509","Riverside","Riverside","https://www.californiahealthmaps.org?address=A0509","Male","Thyroid",177710,"","","",36460,"","","","","","","",119660,"","","","","","","",1,71236,0.0,27.4,32.7,20.4,4.2,4.6,68.5,4.6,61.8,59.9,80.1,25.9,83.6,26.7
"A0509","Riverside","Riverside","https://www.californiahealthmaps.org?address=A0509","Female","Thyroid",178470,20.3,13.8,29.4,38080,"","","","","","","",118105,23.0,14.0,38.9,"","","","",1,71236,0.0,27.4,32.7,20.4,4.2,4.6,68.5,4.6,61.8,59.9,80.1,25.9,83.6,26.7
"A0509","Riverside","Riverside","https://www.californiahealthmaps.org?address=A0509","Male","Liver",177710,14.2,7.6,25.5,36460,"","","","","","","",119660,"","","","","","","",1,71236,0.0,27.4,32.7,20.4,4.2,4.6,68.5,4.6,61.8,59.9,80.1,25.9,83.6,26.7
"A0509","Riverside","Riverside","https://www.californiahealthmaps.org?address=A0509","Female","Liver",178470,"","","",38080,"","","","","","","",118105,"","","","","","","",1,71236,0.0,27.4,32.7,20.4,4.2,4.6,68.5,4.6,61.8,59.9,80.1,25.9,83.6,26.7
"A0509","Riverside","Riverside","https://www.californiahealthmaps.org?address=A0509","Male","Pancreas",177710,"","","",36460,"","","","","","","",119660,"","","","","","","",1,71236,0.0,27.4,32.7,20.4,4.2,4.6,68.5,4.6,61.8,59.9,80.1,25.9,83.6,26.7
"A0509","Riverside","Riverside","https://www.californiahealthmaps.org?address=A0509","Female","Pancreas",178470,"","","",38080,"","","","","","","",118105,"","","","","","","",1,71236,0.0,27.4,32.7,20.4,4.2,4.6,68.5,4.6,61.8,59.9,80.1,25.9,83.6,26.7
"A0509","Riverside","Riverside","https://www.californiahealthmaps.org?address=A0509","Both","AllSite",356180,435.9,408.8,464.4,74540,482.5,437.3,532.6,17005,465.7,342.7,629.8,237765,398.2,358.6,441.9,18860,359.7,274.8,465.6,1,71236,0.0,27.4,32.7,20.4,4.2,4.6,68.5,4.6,61.8,59.9,80.1,25.9,83.6,26.7
"A0509","Riverside","Riverside","https://www.californiahealthmaps.org?address=A0509","Both","Lung",356180,48.8,39.5,59.8,74540,69.3,52.8,91.0,17005,"","","",237765,30.6,19.5,46.6,18860,"","","",1,71236,0.0,27.4,32.7,20.4,4.2,4.6,68.5,4.6,61.8,59.9,80.1,25.9,83.6,26.7
"A0509","Riverside","Riverside","https://www.californiahealthmaps.org?address=A0509","Both","CRC",356180,47.6,38.9,57.9,74540,39.0,27.1,56.3,17005,"","","",237765,49.5,36.2,67.0,18860,"","","",1,71236,0.0,27.4,32.7,20.4,4.2,4.6,68.5,4.6,61.8,59.9,80.1,25.9,83.6,26.7
"A0509","Riverside","Riverside","https://www.californiahealthmaps.org?address=A0509","Both","Mela",356180,20.6,15.0,27.8,74540,45.8,32.6,64.3,17005,"","","",237765,"","","",18860,"","","",1,71236,0.0,27.4,32.7,20.4,4.2,4.6,68.5,4.6,61.8,59.9,80.1,25.9,83.6,26.7
"A0509","Riverside","Riverside","https://www.californiahealthmaps.org?address=A0509","Both","Lymph",356180,18.8,13.6,25.7,74540,26.0,16.2,41.5,17005,"","","",237765,14.2,7.5,25.7,18860,"","","",1,71236,0.0,27.4,32.7,20.4,4.2,4.6,68.5,4.6,61.8,59.9,80.1,25.9,83.6,26.7
"A0509","Riverside","Riverside","https://www.californiahealthmaps.org?address=A0509","Both","Urinary",356180,10.0,6.0,15.7,74540,"","","",17005,"","","",237765,"","","",18860,"","","",1,71236,0.0,27.4,32.7,20.4,4.2,4.6,68.5,4.6,61.8,59.9,80.1,25.9,83.6,26.7
"A0509","Riverside","Riverside","https://www.californiahealthmaps.org?address=A0509","Both","Kidney",356180,16.7,11.9,23.0,74540,"","","",17005,"","","",237765,21.7,13.4,34.5,18860,"","","",1,71236,0.0,27.4,32.7,20.4,4.2,4.6,68.5,4.6,61.8,59.9,80.1,25.9,83.6,26.7
"A0509","Riverside","Riverside","https://www.californiahealthmaps.org?address=A0509","Both","Thyroid",356180,13.3,9.4,18.5,74540,"","","",17005,"","","",237765,16.3,10.3,26.5,18860,"","","",1,71236,0.0,27.4,32.7,20.4,4.2,4.6,68.5,4.6,61.8,59.9,80.1,25.9,83.6,26.7
"A0509","Riverside","Riverside","https://www.californiahealthmaps.org?address=A0509","Both","Liver",356180,9.4,5.8,14.5,74540,"","","",17005,"","","",237765,"","","",18860,"","","",1,71236,0.0,27.4,32.7,20.4,4.2,4.6,68.5,4.6,61.8,59.9,80.1,25.9,83.6,26.7
"A0509","Riverside","Riverside","https://www.californiahealthmaps.org?address=A0509","Both","Pancreas",356180,10.4,6.4,16.0,74540,"","","",17005,"","","",237765,"","","",18860,"","","",1,71236,0.0,27.4,32.7,20.4,4.2,4.6,68.5,4.6,61.8,59.9,80.1,25.9,83.6,26.7
