"Zone","Counties","Cities","URL","Sex","Cancer","PopTot","AAIR","LCI","UCI","White_PopTot","White_AAIR","White_LCI","White_UCI","Black_PopTot","Black_AAIR","Black_LCI","Black_UCI","Hispanic_PopTot","Hispanic_AAIR","Hispanic_LCI","Hispanic_UCI","Asian_PopTot","Asian_AAIR","Asian_LCI","Asian_UCI","QNSES","PopAll","PerRural","PerUninsured","PerForeignBorn","PerWhite","PerBlack","PerAsian","PerHispanic"
"A0030","Los Angeles","","https://www.californiahealthmaps.org?address=A0030","Male","AllSite",146785,343.5,303.2,389.3,10685,435.1,314.0,730.0,"","","","",73215,367.5,270.9,513.3,53025,317.3,265.6,379.0,1,57596,0.0,49.2,65.3,6.6,4.2,38.3,49.3
"A0030","Los Angeles","","https://www.californiahealthmaps.org?address=A0030","Female","AllSite",141195,297.3,267.0,330.5,"","","","","","","","",64650,257.5,203.2,326.4,59855,275.4,236.3,323.1,1,57596,0.0,49.2,65.3,6.6,4.2,38.3,49.3
"A0030","Los Angeles","","https://www.californiahealthmaps.org?address=A0030","Male","Prostate",146785,70.1,52.2,94.0,10685,"","","","","","","",73215,108.4,62.6,211.0,53025,"","","",1,57596,0.0,49.2,65.3,6.6,4.2,38.3,49.3
"A0030","Los Angeles","","https://www.californiahealthmaps.org?address=A0030","Female","Breast",141195,82.7,67.6,100.5,"","","","","","","","",64650,54.3,34.3,89.4,59855,93.8,72.3,124.3,1,57596,0.0,49.2,65.3,6.6,4.2,38.3,49.3
"A0030","Los Angeles","","https://www.californiahealthmaps.org?address=A0030","Male","Lung",146785,51.4,35.6,73.6,10685,"","","","","","","",73215,"","","",53025,61.6,38.9,95.8,1,57596,0.0,49.2,65.3,6.6,4.2,38.3,49.3
"A0030","Los Angeles","","https://www.californiahealthmaps.org?address=A0030","Female","Lung",141195,22.1,13.9,33.5,"","","","","","","","",64650,"","","",59855,23.6,13.0,45.2,1,57596,0.0,49.2,65.3,6.6,4.2,38.3,49.3
"A0030","Los Angeles","","https://www.californiahealthmaps.org?address=A0030","Male","CRC",146785,57.3,41.1,79.6,10685,"","","","","","","",73215,"","","",53025,59.0,38.9,89.8,1,57596,0.0,49.2,65.3,6.6,4.2,38.3,49.3
"A0030","Los Angeles","","https://www.californiahealthmaps.org?address=A0030","Female","CRC",141195,37.0,26.2,51.0,"","","","","","","","",64650,"","","",59855,34.5,21.5,58.0,1,57596,0.0,49.2,65.3,6.6,4.2,38.3,49.3
"A0030","Los Angeles","","https://www.californiahealthmaps.org?address=A0030","Male","Mela",146785,4.2,1.1,15.1,10685,"","","","","","","",73215,"","","",53025,"","","",1,57596,0.0,49.2,65.3,6.6,4.2,38.3,49.3
"A0030","Los Angeles","","https://www.californiahealthmaps.org?address=A0030","Female","Mela",141195,2.7,0.5,8.5,"","","","","","","","",64650,"","","",59855,"","","",1,57596,0.0,49.2,65.3,6.6,4.2,38.3,49.3
"A0030","Los Angeles","","https://www.californiahealthmaps.org?address=A0030","Female","Uterine",141195,21.2,14.1,31.3,"","","","","","","","",64650,"","","",59855,"","","",1,57596,0.0,49.2,65.3,6.6,4.2,38.3,49.3
"A0030","Los Angeles","","https://www.californiahealthmaps.org?address=A0030","Male","Lymph",146785,14.0,6.7,28.4,10685,"","","","","","","",73215,"","","",53025,"","","",1,57596,0.0,49.2,65.3,6.6,4.2,38.3,49.3
"A0030","Los Angeles","","https://www.californiahealthmaps.org?address=A0030","Female","Lymph",141195,11.0,5.7,19.6,"","","","","","","","",64650,"","","",59855,"","","",1,57596,0.0,49.2,65.3,6.6,4.2,38.3,49.3
"A0030","Los Angeles","","https://www.californiahealthmaps.org?address=A0030","Male","Urinary",146785,7.8,2.1,21.4,10685,"","","","","","","",73215,"","","",53025,"","","",1,57596,0.0,49.2,65.3,6.6,4.2,38.3,49.3
"A0030","Los Angeles","","https://www.californiahealthmaps.org?address=A0030","Female","Urinary",141195,1.2,0.0,6.5,"","","","","","","","",64650,"","","",59855,"","","",1,57596,0.0,49.2,65.3,6.6,4.2,38.3,49.3
"A0030","Los Angeles","","https://www.californiahealthmaps.org?address=A0030","Male","Kidney",146785,10.5,4.9,22.9,10685,"","","","","","","",73215,"","","",53025,"","","",1,57596,0.0,49.2,65.3,6.6,4.2,38.3,49.3
"A0030","Los Angeles","","https://www.californiahealthmaps.org?address=A0030","Female","Kidney",141195,6.6,2.8,13.9,"","","","","","","","",64650,"","","",59855,"","","",1,57596,0.0,49.2,65.3,6.6,4.2,38.3,49.3
"A0030","Los Angeles","","https://www.californiahealthmaps.org?address=A0030","Male","Thyroid",146785,8.7,4.6,19.6,10685,"","","","","","","",73215,"","","",53025,"","","",1,57596,0.0,49.2,65.3,6.6,4.2,38.3,49.3
"A0030","Los Angeles","","https://www.californiahealthmaps.org?address=A0030","Female","Thyroid",141195,13.2,8.0,21.4,"","","","","","","","",64650,"","","",59855,"","","",1,57596,0.0,49.2,65.3,6.6,4.2,38.3,49.3
"A0030","Los Angeles","","https://www.californiahealthmaps.org?address=A0030","Both","AllSite",287980,311.9,287.8,337.9,18660,517.1,409.3,707.6,13855,528.4,373.1,746.5,137865,291.1,241.7,351.2,112880,287.6,256.8,322.7,1,57596,0.0,49.2,65.3,6.6,4.2,38.3,49.3
"A0030","Los Angeles","","https://www.californiahealthmaps.org?address=A0030","Both","Lung",287980,34.0,25.9,44.1,18660,"","","",13855,"","","",137865,"","","",112880,38.4,27.3,54.4,1,57596,0.0,49.2,65.3,6.6,4.2,38.3,49.3
"A0030","Los Angeles","","https://www.californiahealthmaps.org?address=A0030","Both","CRC",287980,45.9,36.5,57.3,18660,97.4,57.0,247.4,13855,"","","",137865,25.5,12.6,51.5,112880,45.4,33.6,61.8,1,57596,0.0,49.2,65.3,6.6,4.2,38.3,49.3
"A0030","Los Angeles","","https://www.californiahealthmaps.org?address=A0030","Both","Mela",287980,3.5,1.3,8.0,18660,"","","",13855,"","","",137865,"","","",112880,"","","",1,57596,0.0,49.2,65.3,6.6,4.2,38.3,49.3
"A0030","Los Angeles","","https://www.californiahealthmaps.org?address=A0030","Both","Lymph",287980,12.2,7.7,18.9,18660,"","","",13855,"","","",137865,"","","",112880,"","","",1,57596,0.0,49.2,65.3,6.6,4.2,38.3,49.3
"A0030","Los Angeles","","https://www.californiahealthmaps.org?address=A0030","Both","Urinary",287980,3.7,1.3,8.7,18660,"","","",13855,"","","",137865,"","","",112880,"","","",1,57596,0.0,49.2,65.3,6.6,4.2,38.3,49.3
"A0030","Los Angeles","","https://www.californiahealthmaps.org?address=A0030","Both","Kidney",287980,8.5,4.9,14.1,18660,"","","",13855,"","","",137865,"","","",112880,"","","",1,57596,0.0,49.2,65.3,6.6,4.2,38.3,49.3
"A0030","Los Angeles","","https://www.californiahealthmaps.org?address=A0030","Both","Thyroid",287980,10.9,7.5,16.2,18660,"","","",13855,"","","",137865,"","","",112880,11.0,6.2,20.9,1,57596,0.0,49.2,65.3,6.6,4.2,38.3,49.3
