"Zone","Counties","Cities","URL","Sex","Cancer","PopTot","AAIR","LCI","UCI","White_PopTot","White_AAIR","White_LCI","White_UCI","Black_PopTot","Black_AAIR","Black_LCI","Black_UCI","Hispanic_PopTot","Hispanic_AAIR","Hispanic_LCI","Hispanic_UCI","Asian_PopTot","Asian_AAIR","Asian_LCI","Asian_UCI","QNSES","PopAll","PerRural","PerUninsured","PerForeignBorn","PerWhite","PerBlack","PerAsian","PerHispanic"
"A0965","Santa Clara","San Jose","https://www.californiahealthmaps.org?address=A0965","Male","AllSite",154135,496.2,461.0,533.7,84125,515.7,472.6,562.8,"","","","",44360,393.2,312.3,491.4,15025,438.1,331.3,577.2,5,63216,0.0,9.8,19.6,53.7,3.3,10.6,29.0
"A0965","Santa Clara","San Jose","https://www.californiahealthmaps.org?address=A0965","Female","AllSite",161945,438.7,409.1,470.4,89620,457.8,420.2,499.3,"","","","",44295,434.9,363.5,518.0,17555,388.3,303.9,502.6,5,63216,0.0,9.8,19.6,53.7,3.3,10.6,29.0
"A0965","Santa Clara","San Jose","https://www.californiahealthmaps.org?address=A0965","Male","Prostate",154135,110.7,94.6,129.1,84125,114.7,95.8,137.8,"","","","",44360,81.3,47.6,133.4,15025,"","","",5,63216,0.0,9.8,19.6,53.7,3.3,10.6,29.0
"A0965","Santa Clara","San Jose","https://www.californiahealthmaps.org?address=A0965","Female","Breast",161945,153.9,136.5,173.4,89620,157.7,136.4,183.2,"","","","",44295,151.6,110.6,204.9,17555,154.8,104.2,237.9,5,63216,0.0,9.8,19.6,53.7,3.3,10.6,29.0
"A0965","Santa Clara","San Jose","https://www.californiahealthmaps.org?address=A0965","Male","Lung",154135,45.9,35.4,58.9,84125,34.9,24.6,49.8,"","","","",44360,"","","",15025,"","","",5,63216,0.0,9.8,19.6,53.7,3.3,10.6,29.0
"A0965","Santa Clara","San Jose","https://www.californiahealthmaps.org?address=A0965","Female","Lung",161945,49.0,39.3,60.9,89620,51.1,39.5,67.2,"","","","",44295,"","","",17555,"","","",5,63216,0.0,9.8,19.6,53.7,3.3,10.6,29.0
"A0965","Santa Clara","San Jose","https://www.californiahealthmaps.org?address=A0965","Male","CRC",154135,42.1,32.3,54.2,84125,41.4,29.8,57.7,"","","","",44360,"","","",15025,"","","",5,63216,0.0,9.8,19.6,53.7,3.3,10.6,29.0
"A0965","Santa Clara","San Jose","https://www.californiahealthmaps.org?address=A0965","Female","CRC",161945,29.2,22.1,38.4,89620,28.9,20.0,42.6,"","","","",44295,52.6,29.8,88.5,17555,"","","",5,63216,0.0,9.8,19.6,53.7,3.3,10.6,29.0
"A0965","Santa Clara","San Jose","https://www.californiahealthmaps.org?address=A0965","Male","Mela",154135,56.0,44.6,69.6,84125,68.4,53.5,87.6,"","","","",44360,"","","",15025,"","","",5,63216,0.0,9.8,19.6,53.7,3.3,10.6,29.0
"A0965","Santa Clara","San Jose","https://www.californiahealthmaps.org?address=A0965","Female","Mela",161945,29.4,22.0,38.9,89620,38.7,27.6,54.6,"","","","",44295,"","","",17555,"","","",5,63216,0.0,9.8,19.6,53.7,3.3,10.6,29.0
"A0965","Santa Clara","San Jose","https://www.californiahealthmaps.org?address=A0965","Female","Uterine",161945,29.5,22.3,38.8,89620,27.8,19.6,40.6,"","","","",44295,"","","",17555,"","","",5,63216,0.0,9.8,19.6,53.7,3.3,10.6,29.0
"A0965","Santa Clara","San Jose","https://www.californiahealthmaps.org?address=A0965","Male","Lymph",154135,29.8,21.4,40.6,84125,27.1,17.8,41.1,"","","","",44360,"","","",15025,"","","",5,63216,0.0,9.8,19.6,53.7,3.3,10.6,29.0
"A0965","Santa Clara","San Jose","https://www.californiahealthmaps.org?address=A0965","Female","Lymph",161945,17.1,11.6,24.9,89620,17.0,10.3,28.9,"","","","",44295,"","","",17555,"","","",5,63216,0.0,9.8,19.6,53.7,3.3,10.6,29.0
"A0965","Santa Clara","San Jose","https://www.californiahealthmaps.org?address=A0965","Male","Urinary",154135,18.6,12.2,27.3,84125,23.5,15.2,36.5,"","","","",44360,"","","",15025,"","","",5,63216,0.0,9.8,19.6,53.7,3.3,10.6,29.0
"A0965","Santa Clara","San Jose","https://www.californiahealthmaps.org?address=A0965","Female","Urinary",161945,4.6,2.1,9.6,89620,"","","","","","","",44295,"","","",17555,"","","",5,63216,0.0,9.8,19.6,53.7,3.3,10.6,29.0
"A0965","Santa Clara","San Jose","https://www.californiahealthmaps.org?address=A0965","Male","Kidney",154135,22.7,15.6,32.2,84125,21.6,13.4,34.7,"","","","",44360,"","","",15025,"","","",5,63216,0.0,9.8,19.6,53.7,3.3,10.6,29.0
"A0965","Santa Clara","San Jose","https://www.californiahealthmaps.org?address=A0965","Female","Kidney",161945,12.4,7.8,19.4,89620,15.7,9.1,27.7,"","","","",44295,"","","",17555,"","","",5,63216,0.0,9.8,19.6,53.7,3.3,10.6,29.0
"A0965","Santa Clara","San Jose","https://www.californiahealthmaps.org?address=A0965","Male","Thyroid",154135,7.0,3.5,13.1,84125,"","","","","","","",44360,"","","",15025,"","","",5,63216,0.0,9.8,19.6,53.7,3.3,10.6,29.0
"A0965","Santa Clara","San Jose","https://www.californiahealthmaps.org?address=A0965","Female","Thyroid",161945,15.7,10.3,23.4,89620,15.9,9.0,28.1,"","","","",44295,"","","",17555,"","","",5,63216,0.0,9.8,19.6,53.7,3.3,10.6,29.0
"A0965","Santa Clara","San Jose","https://www.californiahealthmaps.org?address=A0965","Both","AllSite",316080,459.3,436.8,482.9,173745,478.2,450.1,508.3,"","","","",88655,412.6,358.9,473.0,32580,400.6,334.6,480.6,5,63216,0.0,9.8,19.6,53.7,3.3,10.6,29.0
"A0965","Santa Clara","San Jose","https://www.californiahealthmaps.org?address=A0965","Both","Lung",316080,47.3,40.1,55.6,173745,43.7,35.7,53.9,"","","","",88655,57.1,36.5,85.5,32580,63.2,38.3,104.5,5,63216,0.0,9.8,19.6,53.7,3.3,10.6,29.0
"A0965","Santa Clara","San Jose","https://www.californiahealthmaps.org?address=A0965","Both","CRC",316080,35.2,29.2,42.2,173745,34.2,27.0,43.6,"","","","",88655,48.1,31.2,72.1,32580,"","","",5,63216,0.0,9.8,19.6,53.7,3.3,10.6,29.0
"A0965","Santa Clara","San Jose","https://www.californiahealthmaps.org?address=A0965","Both","Mela",316080,40.3,33.9,47.8,173745,50.9,41.9,62.0,"","","","",88655,"","","",32580,"","","",5,63216,0.0,9.8,19.6,53.7,3.3,10.6,29.0
"A0965","Santa Clara","San Jose","https://www.californiahealthmaps.org?address=A0965","Both","Lymph",316080,22.9,17.9,28.9,173745,21.7,16.0,29.7,"","","","",88655,"","","",32580,"","","",5,63216,0.0,9.8,19.6,53.7,3.3,10.6,29.0
"A0965","Santa Clara","San Jose","https://www.californiahealthmaps.org?address=A0965","Both","Urinary",316080,10.4,7.3,14.6,173745,11.9,8.0,18.1,"","","","",88655,"","","",32580,"","","",5,63216,0.0,9.8,19.6,53.7,3.3,10.6,29.0
"A0965","Santa Clara","San Jose","https://www.californiahealthmaps.org?address=A0965","Both","Kidney",316080,16.8,12.6,22.0,173745,18.3,12.9,26.0,"","","","",88655,"","","",32580,"","","",5,63216,0.0,9.8,19.6,53.7,3.3,10.6,29.0
"A0965","Santa Clara","San Jose","https://www.californiahealthmaps.org?address=A0965","Both","Thyroid",316080,11.5,8.1,16.0,173745,11.5,7.2,18.4,"","","","",88655,"","","",32580,"","","",5,63216,0.0,9.8,19.6,53.7,3.3,10.6,29.0
