"Zone","Counties","Cities","URL","Sex","Cancer","PopTot","AAIR","LCI","UCI","White_PopTot","White_AAIR","White_LCI","White_UCI","Black_PopTot","Black_AAIR","Black_LCI","Black_UCI","Hispanic_PopTot","Hispanic_AAIR","Hispanic_LCI","Hispanic_UCI","Asian_PopTot","Asian_AAIR","Asian_LCI","Asian_UCI","QNSES","PopAll","PerRural","PerUninsured","PerForeignBorn","PerWhite","PerBlack","PerAsian","PerHispanic"
"A0498","Orange","Anaheim","https://www.californiahealthmaps.org?address=A0498","Male","AllSite",167855,419.2,383.5,457.7,38025,463.5,405.8,530.9,"","","","",90740,411.0,329.7,511.2,31720,379.8,311.8,460.4,2,67522,0.0,23.4,40.1,24.7,2.0,21.9,50.2
"A0498","Orange","Anaheim","https://www.californiahealthmaps.org?address=A0498","Female","AllSite",169755,402.1,371.5,434.8,39520,448.3,393.2,514.5,"","","","",88820,377.6,321.4,442.7,34200,347.4,290.1,414.4,2,67522,0.0,23.4,40.1,24.7,2.0,21.9,50.2
"A0498","Orange","Anaheim","https://www.californiahealthmaps.org?address=A0498","Male","Prostate",167855,76.2,61.2,94.3,38025,74.2,53.5,105.8,"","","","",90740,79.4,46.7,132.7,31720,"","","",2,67522,0.0,23.4,40.1,24.7,2.0,21.9,50.2
"A0498","Orange","Anaheim","https://www.californiahealthmaps.org?address=A0498","Female","Breast",169755,113.7,97.6,132.0,39520,132.4,103.6,173.5,"","","","",88820,88.7,64.0,122.3,34200,92.6,64.9,130.3,2,67522,0.0,23.4,40.1,24.7,2.0,21.9,50.2
"A0498","Orange","Anaheim","https://www.californiahealthmaps.org?address=A0498","Male","Lung",167855,52.8,40.1,68.6,38025,53.3,35.7,82.2,"","","","",90740,"","","",31720,63.5,36.7,104.3,2,67522,0.0,23.4,40.1,24.7,2.0,21.9,50.2
"A0498","Orange","Anaheim","https://www.californiahealthmaps.org?address=A0498","Female","Lung",169755,38.3,29.2,49.7,39520,49.0,33.9,77.7,"","","","",88820,"","","",34200,"","","",2,67522,0.0,23.4,40.1,24.7,2.0,21.9,50.2
"A0498","Orange","Anaheim","https://www.californiahealthmaps.org?address=A0498","Male","CRC",167855,44.3,33.3,58.3,38025,46.3,29.0,75.4,"","","","",90740,61.4,33.4,110.4,31720,"","","",2,67522,0.0,23.4,40.1,24.7,2.0,21.9,50.2
"A0498","Orange","Anaheim","https://www.californiahealthmaps.org?address=A0498","Female","CRC",169755,39.8,30.7,51.1,39520,45.6,28.6,76.7,"","","","",88820,"","","",34200,44.2,25.9,72.8,2,67522,0.0,23.4,40.1,24.7,2.0,21.9,50.2
"A0498","Orange","Anaheim","https://www.californiahealthmaps.org?address=A0498","Male","Mela",167855,19.4,12.3,29.5,38025,35.8,22.3,61.1,"","","","",90740,"","","",31720,"","","",2,67522,0.0,23.4,40.1,24.7,2.0,21.9,50.2
"A0498","Orange","Anaheim","https://www.californiahealthmaps.org?address=A0498","Female","Mela",169755,11.2,6.7,18.0,39520,19.4,10.4,44.3,"","","","",88820,"","","",34200,"","","",2,67522,0.0,23.4,40.1,24.7,2.0,21.9,50.2
"A0498","Orange","Anaheim","https://www.californiahealthmaps.org?address=A0498","Female","Uterine",169755,26.7,19.3,36.2,39520,43.6,27.0,74.5,"","","","",88820,"","","",34200,"","","",2,67522,0.0,23.4,40.1,24.7,2.0,21.9,50.2
"A0498","Orange","Anaheim","https://www.californiahealthmaps.org?address=A0498","Male","Lymph",167855,20.1,12.8,30.4,38025,"","","","","","","",90740,"","","",31720,"","","",2,67522,0.0,23.4,40.1,24.7,2.0,21.9,50.2
"A0498","Orange","Anaheim","https://www.californiahealthmaps.org?address=A0498","Female","Lymph",169755,17.7,11.7,25.8,39520,"","","","","","","",88820,"","","",34200,"","","",2,67522,0.0,23.4,40.1,24.7,2.0,21.9,50.2
"A0498","Orange","Anaheim","https://www.californiahealthmaps.org?address=A0498","Male","Urinary",167855,22.2,14.4,33.3,38025,31.1,18.6,55.6,"","","","",90740,"","","",31720,"","","",2,67522,0.0,23.4,40.1,24.7,2.0,21.9,50.2
"A0498","Orange","Anaheim","https://www.californiahealthmaps.org?address=A0498","Female","Urinary",169755,5.4,2.4,10.8,39520,"","","","","","","",88820,"","","",34200,"","","",2,67522,0.0,23.4,40.1,24.7,2.0,21.9,50.2
"A0498","Orange","Anaheim","https://www.californiahealthmaps.org?address=A0498","Male","Kidney",167855,18.1,11.6,27.6,38025,"","","","","","","",90740,"","","",31720,"","","",2,67522,0.0,23.4,40.1,24.7,2.0,21.9,50.2
"A0498","Orange","Anaheim","https://www.californiahealthmaps.org?address=A0498","Female","Kidney",169755,9.7,5.4,16.3,39520,"","","","","","","",88820,"","","",34200,"","","",2,67522,0.0,23.4,40.1,24.7,2.0,21.9,50.2
"A0498","Orange","Anaheim","https://www.californiahealthmaps.org?address=A0498","Male","Thyroid",167855,10.1,5.4,18.0,38025,"","","","","","","",90740,"","","",31720,"","","",2,67522,0.0,23.4,40.1,24.7,2.0,21.9,50.2
"A0498","Orange","Anaheim","https://www.californiahealthmaps.org?address=A0498","Female","Thyroid",169755,28.0,20.6,37.6,39520,"","","","","","","",88820,36.8,22.7,60.0,34200,"","","",2,67522,0.0,23.4,40.1,24.7,2.0,21.9,50.2
"A0498","Orange","Anaheim","https://www.californiahealthmaps.org?address=A0498","Both","AllSite",337610,402.7,379.8,426.6,77545,449.8,410.2,494.4,"","","","",179560,379.1,333.6,430.5,65920,357.2,313.4,406.2,2,67522,0.0,23.4,40.1,24.7,2.0,21.9,50.2
"A0498","Orange","Anaheim","https://www.californiahealthmaps.org?address=A0498","Both","Lung",337610,43.9,36.3,52.6,77545,49.5,38.0,66.7,"","","","",179560,30.4,17.6,50.2,65920,46.4,31.1,67.4,2,67522,0.0,23.4,40.1,24.7,2.0,21.9,50.2
"A0498","Orange","Anaheim","https://www.californiahealthmaps.org?address=A0498","Both","CRC",337610,42.0,34.8,50.3,77545,46.9,34.3,65.4,"","","","",179560,43.9,28.8,65.6,65920,41.9,28.3,61.1,2,67522,0.0,23.4,40.1,24.7,2.0,21.9,50.2
"A0498","Orange","Anaheim","https://www.californiahealthmaps.org?address=A0498","Both","Mela",337610,14.3,10.3,19.4,77545,26.0,18.0,40.1,"","","","",179560,"","","",65920,"","","",2,67522,0.0,23.4,40.1,24.7,2.0,21.9,50.2
"A0498","Orange","Anaheim","https://www.californiahealthmaps.org?address=A0498","Both","Lymph",337610,18.6,13.9,24.5,77545,19.0,12.1,32.2,"","","","",179560,28.4,16.1,47.8,65920,"","","",2,67522,0.0,23.4,40.1,24.7,2.0,21.9,50.2
"A0498","Orange","Anaheim","https://www.californiahealthmaps.org?address=A0498","Both","Urinary",337610,11.9,8.3,16.8,77545,16.8,10.6,29.4,"","","","",179560,"","","",65920,"","","",2,67522,0.0,23.4,40.1,24.7,2.0,21.9,50.2
"A0498","Orange","Anaheim","https://www.californiahealthmaps.org?address=A0498","Both","Kidney",337610,13.7,9.7,18.9,77545,15.3,8.8,28.4,"","","","",179560,19.1,10.4,34.5,65920,"","","",2,67522,0.0,23.4,40.1,24.7,2.0,21.9,50.2
"A0498","Orange","Anaheim","https://www.californiahealthmaps.org?address=A0498","Both","Thyroid",337610,19.0,14.5,24.6,77545,18.4,10.5,33.0,"","","","",179560,19.3,11.6,33.1,65920,22.0,12.5,37.4,2,67522,0.0,23.4,40.1,24.7,2.0,21.9,50.2
