"Zone","Counties","Cities","URL","Sex","Cancer","PopTot","AAIR","LCI","UCI","White_PopTot","White_AAIR","White_LCI","White_UCI","Black_PopTot","Black_AAIR","Black_LCI","Black_UCI","Hispanic_PopTot","Hispanic_AAIR","Hispanic_LCI","Hispanic_UCI","Asian_PopTot","Asian_AAIR","Asian_LCI","Asian_UCI","QNSES","PopAll","PerRural","PerUninsured","PerForeignBorn","PerWhite","PerBlack","PerAsian","PerHispanic","PerAPI","PerDocvisit","PerFOBT","PerMammo","PerMenPrev","PerPap","PerWomenPrev"
"A0973","Santa Clara","Saratoga, Campbell","https://www.californiahealthmaps.org?address=A0973","Male","AllSite",159675,492.8,459.8,527.9,87845,508.0,467.1,552.8,"","","","",20435,440.7,314.1,608.5,41320,439.1,372.6,516.0,5,65368,0.0,8.1,28.2,54.7,1.5,27.7,12.1,27.7,"","","","","",""
"A0973","Santa Clara","Saratoga, Campbell","https://www.californiahealthmaps.org?address=A0973","Female","AllSite",167165,445.9,417.3,476.4,89555,470.8,433.0,512.4,"","","","",21280,403.7,309.5,519.2,46380,377.3,324.7,439.4,5,65368,0.0,8.1,28.2,54.7,1.5,27.7,12.1,27.7,"","","","","",""
"A0973","Santa Clara","Saratoga, Campbell","https://www.californiahealthmaps.org?address=A0973","Male","Prostate",159675,109.5,94.6,126.5,87845,106.6,89.1,128.0,"","","","",20435,"","","",41320,64.7,42.0,98.3,5,65368,0.0,8.1,28.2,54.7,1.5,27.7,12.1,27.7,"","","","","",""
"A0973","Santa Clara","Saratoga, Campbell","https://www.californiahealthmaps.org?address=A0973","Female","Breast",167165,148.1,131.9,166.2,89555,160.2,138.7,185.6,"","","","",21280,133.3,81.7,207.3,46380,121.3,93.5,159.0,5,65368,0.0,8.1,28.2,54.7,1.5,27.7,12.1,27.7,"","","","","",""
"A0973","Santa Clara","Saratoga, Campbell","https://www.californiahealthmaps.org?address=A0973","Male","Lung",159675,49.9,39.7,62.3,87845,46.4,34.9,62.1,"","","","",20435,"","","",41320,61.4,37.6,96.9,5,65368,0.0,8.1,28.2,54.7,1.5,27.7,12.1,27.7,"","","","","",""
"A0973","Santa Clara","Saratoga, Campbell","https://www.californiahealthmaps.org?address=A0973","Female","Lung",167165,43.5,35.0,54.0,89555,44.9,34.7,59.0,"","","","",21280,"","","",46380,"","","",5,65368,0.0,8.1,28.2,54.7,1.5,27.7,12.1,27.7,"","","","","",""
"A0973","Santa Clara","Saratoga, Campbell","https://www.californiahealthmaps.org?address=A0973","Male","CRC",159675,43.9,34.5,55.5,87845,34.5,24.3,49.2,"","","","",20435,"","","",41320,65.2,41.9,99.7,5,65368,0.0,8.1,28.2,54.7,1.5,27.7,12.1,27.7,"","","","","",""
"A0973","Santa Clara","Saratoga, Campbell","https://www.californiahealthmaps.org?address=A0973","Female","CRC",167165,34.3,26.8,43.7,89555,34.1,24.9,47.5,"","","","",21280,"","","",46380,"","","",5,65368,0.0,8.1,28.2,54.7,1.5,27.7,12.1,27.7,"","","","","",""
"A0973","Santa Clara","Saratoga, Campbell","https://www.californiahealthmaps.org?address=A0973","Male","Mela",159675,54.8,44.2,67.5,87845,75.3,60.2,94.6,"","","","",20435,"","","",41320,"","","",5,65368,0.0,8.1,28.2,54.7,1.5,27.7,12.1,27.7,"","","","","",""
"A0973","Santa Clara","Saratoga, Campbell","https://www.californiahealthmaps.org?address=A0973","Female","Mela",167165,34.8,26.9,44.7,89555,51.3,38.4,68.4,"","","","",21280,"","","",46380,"","","",5,65368,0.0,8.1,28.2,54.7,1.5,27.7,12.1,27.7,"","","","","",""
"A0973","Santa Clara","Saratoga, Campbell","https://www.californiahealthmaps.org?address=A0973","Female","Uterine",167165,24.5,18.3,32.7,89555,24.5,16.9,36.3,"","","","",21280,"","","",46380,"","","",5,65368,0.0,8.1,28.2,54.7,1.5,27.7,12.1,27.7,"","","","","",""
"A0973","Santa Clara","Saratoga, Campbell","https://www.californiahealthmaps.org?address=A0973","Male","Lymph",159675,32.4,24.4,42.6,87845,27.8,19.2,40.9,"","","","",20435,"","","",41320,53.8,32.0,87.1,5,65368,0.0,8.1,28.2,54.7,1.5,27.7,12.1,27.7,"","","","","",""
"A0973","Santa Clara","Saratoga, Campbell","https://www.californiahealthmaps.org?address=A0973","Female","Lymph",167165,16.9,11.7,24.1,89555,14.9,9.3,25.1,"","","","",21280,"","","",46380,"","","",5,65368,0.0,8.1,28.2,54.7,1.5,27.7,12.1,27.7,"","","","","",""
"A0973","Santa Clara","Saratoga, Campbell","https://www.californiahealthmaps.org?address=A0973","Male","Urinary",159675,16.6,11.0,24.5,87845,17.4,10.7,28.6,"","","","",20435,"","","",41320,"","","",5,65368,0.0,8.1,28.2,54.7,1.5,27.7,12.1,27.7,"","","","","",""
"A0973","Santa Clara","Saratoga, Campbell","https://www.californiahealthmaps.org?address=A0973","Female","Urinary",167165,"","","",89555,"","","","","","","",21280,"","","",46380,"","","",5,65368,0.0,8.1,28.2,54.7,1.5,27.7,12.1,27.7,"","","","","",""
"A0973","Santa Clara","Saratoga, Campbell","https://www.californiahealthmaps.org?address=A0973","Male","Kidney",159675,19.1,13.1,27.3,87845,23.1,14.9,35.8,"","","","",20435,"","","",41320,"","","",5,65368,0.0,8.1,28.2,54.7,1.5,27.7,12.1,27.7,"","","","","",""
"A0973","Santa Clara","Saratoga, Campbell","https://www.californiahealthmaps.org?address=A0973","Female","Kidney",167165,"","","",89555,"","","","","","","",21280,"","","",46380,"","","",5,65368,0.0,8.1,28.2,54.7,1.5,27.7,12.1,27.7,"","","","","",""
"A0973","Santa Clara","Saratoga, Campbell","https://www.californiahealthmaps.org?address=A0973","Male","Thyroid",159675,8.9,5.0,15.0,87845,"","","","","","","",20435,"","","",41320,"","","",5,65368,0.0,8.1,28.2,54.7,1.5,27.7,12.1,27.7,"","","","","",""
"A0973","Santa Clara","Saratoga, Campbell","https://www.californiahealthmaps.org?address=A0973","Female","Thyroid",167165,20.2,14.1,28.6,89555,14.8,7.9,26.7,"","","","",21280,"","","",46380,27.4,15.1,51.4,5,65368,0.0,8.1,28.2,54.7,1.5,27.7,12.1,27.7,"","","","","",""
"A0973","Santa Clara","Saratoga, Campbell","https://www.californiahealthmaps.org?address=A0973","Male","Liver",159675,16.7,11.2,24.3,87845,14.2,8.2,24.8,"","","","",20435,"","","",41320,"","","",5,65368,0.0,8.1,28.2,54.7,1.5,27.7,12.1,27.7,"","","","","",""
"A0973","Santa Clara","Saratoga, Campbell","https://www.californiahealthmaps.org?address=A0973","Female","Liver",167165,6.8,3.7,12.1,89555,"","","","","","","",21280,"","","",46380,"","","",5,65368,0.0,8.1,28.2,54.7,1.5,27.7,12.1,27.7,"","","","","",""
"A0973","Santa Clara","Saratoga, Campbell","https://www.californiahealthmaps.org?address=A0973","Male","Pancreas",159675,17.0,11.3,24.9,87845,18.9,11.9,30.3,"","","","",20435,"","","",41320,"","","",5,65368,0.0,8.1,28.2,54.7,1.5,27.7,12.1,27.7,"","","","","",""
"A0973","Santa Clara","Saratoga, Campbell","https://www.californiahealthmaps.org?address=A0973","Female","Pancreas",167165,12.5,8.3,18.9,89555,12.4,7.4,21.9,"","","","",21280,"","","",46380,"","","",5,65368,0.0,8.1,28.2,54.7,1.5,27.7,12.1,27.7,"","","","","",""
"A0973","Santa Clara","Saratoga, Campbell","https://www.californiahealthmaps.org?address=A0973","Both","AllSite",326840,462.2,440.7,484.6,177400,482.7,455.2,512.1,"","","","",41715,404.3,330.2,491.5,87700,404.8,362.7,451.7,5,65368,0.0,8.1,28.2,54.7,1.5,27.7,12.1,27.7,"","","","","",""
"A0973","Santa Clara","Saratoga, Campbell","https://www.californiahealthmaps.org?address=A0973","Both","Lung",326840,45.6,39.0,53.1,177400,45.1,37.5,54.8,"","","","",41715,"","","",87700,41.4,28.5,59.8,5,65368,0.0,8.1,28.2,54.7,1.5,27.7,12.1,27.7,"","","","","",""
"A0973","Santa Clara","Saratoga, Campbell","https://www.californiahealthmaps.org?address=A0973","Both","CRC",326840,38.9,32.9,46.0,177400,34.7,27.6,43.8,"","","","",41715,"","","",87700,42.8,29.9,61.0,5,65368,0.0,8.1,28.2,54.7,1.5,27.7,12.1,27.7,"","","","","",""
"A0973","Santa Clara","Saratoga, Campbell","https://www.californiahealthmaps.org?address=A0973","Both","Mela",326840,42.9,36.5,50.3,177400,60.7,51.0,72.4,"","","","",41715,"","","",87700,"","","",5,65368,0.0,8.1,28.2,54.7,1.5,27.7,12.1,27.7,"","","","","",""
"A0973","Santa Clara","Saratoga, Campbell","https://www.californiahealthmaps.org?address=A0973","Both","Lymph",326840,24.0,19.3,29.7,177400,20.9,15.7,28.1,"","","","",41715,"","","",87700,34.9,23.0,52.5,5,65368,0.0,8.1,28.2,54.7,1.5,27.7,12.1,27.7,"","","","","",""
"A0973","Santa Clara","Saratoga, Campbell","https://www.californiahealthmaps.org?address=A0973","Both","Urinary",326840,9.7,6.9,13.6,177400,9.6,6.3,15.0,"","","","",41715,"","","",87700,"","","",5,65368,0.0,8.1,28.2,54.7,1.5,27.7,12.1,27.7,"","","","","",""
"A0973","Santa Clara","Saratoga, Campbell","https://www.californiahealthmaps.org?address=A0973","Both","Kidney",326840,11.1,8.0,15.2,177400,12.9,8.5,19.6,"","","","",41715,"","","",87700,"","","",5,65368,0.0,8.1,28.2,54.7,1.5,27.7,12.1,27.7,"","","","","",""
"A0973","Santa Clara","Saratoga, Campbell","https://www.californiahealthmaps.org?address=A0973","Both","Thyroid",326840,14.6,10.9,19.4,177400,11.3,6.9,18.0,"","","","",41715,"","","",87700,23.3,14.3,37.7,5,65368,0.0,8.1,28.2,54.7,1.5,27.7,12.1,27.7,"","","","","",""
"A0973","Santa Clara","Saratoga, Campbell","https://www.californiahealthmaps.org?address=A0973","Both","Liver",326840,11.3,8.2,15.4,177400,8.9,5.7,14.4,"","","","",41715,"","","",87700,"","","",5,65368,0.0,8.1,28.2,54.7,1.5,27.7,12.1,27.7,"","","","","",""
"A0973","Santa Clara","Saratoga, Campbell","https://www.californiahealthmaps.org?address=A0973","Both","Pancreas",326840,14.5,11.0,19.1,177400,15.3,11.0,21.7,"","","","",41715,"","","",87700,"","","",5,65368,0.0,8.1,28.2,54.7,1.5,27.7,12.1,27.7,"","","","","",""
