"Zone","Counties","Cities","URL","Sex","Cancer","PopTot","AAIR","LCI","UCI","White_PopTot","White_AAIR","White_LCI","White_UCI","Black_PopTot","Black_AAIR","Black_LCI","Black_UCI","Hispanic_PopTot","Hispanic_AAIR","Hispanic_LCI","Hispanic_UCI","Asian_PopTot","Asian_AAIR","Asian_LCI","Asian_UCI","QNSES","PopAll","PerRural","PerUninsured","PerForeignBorn","PerWhite","PerBlack","PerAsian","PerHispanic"
"A0418","Los Angeles","Santa Clarita","https://www.californiahealthmaps.org?address=A0418","Male","AllSite",155115,487.9,445.9,533.5,101470,495.5,446.8,548.8,"","","","",33705,519.6,401.9,674.2,10450,309.5,190.5,509.1,4,61875,15.5,9.1,14.5,63.4,2.7,8.0,21.5
"A0418","Los Angeles","Santa Clarita","https://www.californiahealthmaps.org?address=A0418","Female","AllSite",154260,475.5,439.0,514.7,98540,488.2,444.3,535.9,"","","","",34845,420.3,336.1,522.7,12120,482.7,358.1,645.3,4,61875,15.5,9.1,14.5,63.4,2.7,8.0,21.5
"A0418","Los Angeles","Santa Clarita","https://www.californiahealthmaps.org?address=A0418","Male","Prostate",155115,129.4,109.4,153.1,101470,112.2,91.3,137.8,"","","","",33705,214.8,141.8,327.4,10450,"","","",4,61875,15.5,9.1,14.5,63.4,2.7,8.0,21.5
"A0418","Los Angeles","Santa Clarita","https://www.californiahealthmaps.org?address=A0418","Female","Breast",154260,143.8,124.8,165.5,98540,150.5,127.3,177.4,"","","","",34845,122.8,82.4,181.4,12120,130.6,76.6,222.9,4,61875,15.5,9.1,14.5,63.4,2.7,8.0,21.5
"A0418","Los Angeles","Santa Clarita","https://www.californiahealthmaps.org?address=A0418","Male","Lung",155115,49.3,35.8,66.9,101470,50.7,35.5,71.2,"","","","",33705,"","","",10450,"","","",4,61875,15.5,9.1,14.5,63.4,2.7,8.0,21.5
"A0418","Los Angeles","Santa Clarita","https://www.californiahealthmaps.org?address=A0418","Female","Lung",154260,48.9,37.0,63.8,98540,48.6,34.9,66.4,"","","","",34845,"","","",12120,"","","",4,61875,15.5,9.1,14.5,63.4,2.7,8.0,21.5
"A0418","Los Angeles","Santa Clarita","https://www.californiahealthmaps.org?address=A0418","Male","CRC",155115,35.6,25.0,50.1,101470,37.2,24.5,55.2,"","","","",33705,"","","",10450,"","","",4,61875,15.5,9.1,14.5,63.4,2.7,8.0,21.5
"A0418","Los Angeles","Santa Clarita","https://www.californiahealthmaps.org?address=A0418","Female","CRC",154260,39.9,29.7,53.1,98540,40.3,28.3,56.5,"","","","",34845,"","","",12120,"","","",4,61875,15.5,9.1,14.5,63.4,2.7,8.0,21.5
"A0418","Los Angeles","Santa Clarita","https://www.californiahealthmaps.org?address=A0418","Male","Mela",155115,39.5,28.6,54.4,101470,48.8,34.7,67.8,"","","","",33705,"","","",10450,"","","",4,61875,15.5,9.1,14.5,63.4,2.7,8.0,21.5
"A0418","Los Angeles","Santa Clarita","https://www.californiahealthmaps.org?address=A0418","Female","Mela",154260,15.2,9.6,23.7,98540,17.5,10.5,28.5,"","","","",34845,"","","",12120,"","","",4,61875,15.5,9.1,14.5,63.4,2.7,8.0,21.5
"A0418","Los Angeles","Santa Clarita","https://www.californiahealthmaps.org?address=A0418","Female","Uterine",154260,38.6,29.2,50.8,98540,34.6,24.4,48.7,"","","","",34845,"","","",12120,"","","",4,61875,15.5,9.1,14.5,63.4,2.7,8.0,21.5
"A0418","Los Angeles","Santa Clarita","https://www.californiahealthmaps.org?address=A0418","Male","Lymph",155115,20.3,11.9,33.1,101470,25.1,14.4,41.4,"","","","",33705,"","","",10450,"","","",4,61875,15.5,9.1,14.5,63.4,2.7,8.0,21.5
"A0418","Los Angeles","Santa Clarita","https://www.californiahealthmaps.org?address=A0418","Female","Lymph",154260,18.8,12.0,28.7,98540,17.6,9.7,30.1,"","","","",34845,"","","",12120,"","","",4,61875,15.5,9.1,14.5,63.4,2.7,8.0,21.5
"A0418","Los Angeles","Santa Clarita","https://www.californiahealthmaps.org?address=A0418","Male","Urinary",155115,15.4,8.1,27.3,101470,18.4,9.5,33.2,"","","","",33705,"","","",10450,"","","",4,61875,15.5,9.1,14.5,63.4,2.7,8.0,21.5
"A0418","Los Angeles","Santa Clarita","https://www.californiahealthmaps.org?address=A0418","Female","Urinary",154260,4.0,1.2,10.4,98540,"","","","","","","",34845,"","","",12120,"","","",4,61875,15.5,9.1,14.5,63.4,2.7,8.0,21.5
"A0418","Los Angeles","Santa Clarita","https://www.californiahealthmaps.org?address=A0418","Male","Kidney",155115,24.0,15.7,36.4,101470,22.8,13.8,36.8,"","","","",33705,"","","",10450,"","","",4,61875,15.5,9.1,14.5,63.4,2.7,8.0,21.5
"A0418","Los Angeles","Santa Clarita","https://www.californiahealthmaps.org?address=A0418","Female","Kidney",154260,11.0,6.2,18.7,98540,"","","","","","","",34845,"","","",12120,"","","",4,61875,15.5,9.1,14.5,63.4,2.7,8.0,21.5
"A0418","Los Angeles","Santa Clarita","https://www.californiahealthmaps.org?address=A0418","Male","Thyroid",155115,6.6,3.3,14.0,101470,"","","","","","","",33705,"","","",10450,"","","",4,61875,15.5,9.1,14.5,63.4,2.7,8.0,21.5
"A0418","Los Angeles","Santa Clarita","https://www.californiahealthmaps.org?address=A0418","Female","Thyroid",154260,21.5,14.5,31.3,98540,19.7,11.8,31.9,"","","","",34845,"","","",12120,"","","",4,61875,15.5,9.1,14.5,63.4,2.7,8.0,21.5
"A0418","Los Angeles","Santa Clarita","https://www.californiahealthmaps.org?address=A0418","Both","AllSite",309375,479.8,452.2,508.8,200010,488.8,456.2,523.3,"","","","",68550,459.0,388.9,540.5,22570,402.6,314.9,510.4,4,61875,15.5,9.1,14.5,63.4,2.7,8.0,21.5
"A0418","Los Angeles","Santa Clarita","https://www.californiahealthmaps.org?address=A0418","Both","Lung",309375,48.6,39.6,59.2,200010,49.1,38.8,61.6,"","","","",68550,"","","",22570,"","","",4,61875,15.5,9.1,14.5,63.4,2.7,8.0,21.5
"A0418","Los Angeles","Santa Clarita","https://www.californiahealthmaps.org?address=A0418","Both","CRC",309375,38.0,30.4,47.1,200010,38.7,29.7,49.8,"","","","",68550,32.6,16.9,61.2,22570,"","","",4,61875,15.5,9.1,14.5,63.4,2.7,8.0,21.5
"A0418","Los Angeles","Santa Clarita","https://www.californiahealthmaps.org?address=A0418","Both","Mela",309375,26.6,20.6,34.2,200010,32.6,24.8,42.4,"","","","",68550,"","","",22570,"","","",4,61875,15.5,9.1,14.5,63.4,2.7,8.0,21.5
"A0418","Los Angeles","Santa Clarita","https://www.californiahealthmaps.org?address=A0418","Both","Lymph",309375,19.2,13.8,26.3,200010,20.9,14.2,29.9,"","","","",68550,"","","",22570,"","","",4,61875,15.5,9.1,14.5,63.4,2.7,8.0,21.5
"A0418","Los Angeles","Santa Clarita","https://www.californiahealthmaps.org?address=A0418","Both","Urinary",309375,8.8,5.2,14.1,200010,11.1,6.5,18.1,"","","","",68550,"","","",22570,"","","",4,61875,15.5,9.1,14.5,63.4,2.7,8.0,21.5
"A0418","Los Angeles","Santa Clarita","https://www.californiahealthmaps.org?address=A0418","Both","Kidney",309375,17.2,12.4,23.6,200010,16.8,11.5,24.2,"","","","",68550,"","","",22570,"","","",4,61875,15.5,9.1,14.5,63.4,2.7,8.0,21.5
"A0418","Los Angeles","Santa Clarita","https://www.californiahealthmaps.org?address=A0418","Both","Thyroid",309375,14.3,10.2,19.8,200010,13.5,8.9,20.3,"","","","",68550,"","","",22570,"","","",4,61875,15.5,9.1,14.5,63.4,2.7,8.0,21.5
