"Zone","Counties","Cities","URL","Sex","Cancer","PopTot","AAIR","LCI","UCI","White_PopTot","White_AAIR","White_LCI","White_UCI","Black_PopTot","Black_AAIR","Black_LCI","Black_UCI","Hispanic_PopTot","Hispanic_AAIR","Hispanic_LCI","Hispanic_UCI","Asian_PopTot","Asian_AAIR","Asian_LCI","Asian_UCI","QNSES","PopAll","PerRural","PerUninsured","PerForeignBorn","PerWhite","PerBlack","PerAsian","PerHispanic","PerAPI","PerDocvisit","PerFOBT","PerMammo","PerMenPrev","PerPap","PerWomenPrev"
"A0726","Placer","Roseville","https://www.californiahealthmaps.org?address=A0726","Male","AllSite",145725,563.5,525.4,603.9,109670,577.6,535.3,623.0,"","","","",19460,461.1,342.4,613.2,"","","","",4,60505,0.4,9.1,11.2,74.9,1.3,7.2,12.8,7.2,"","","","","",""
"A0726","Placer","Roseville","https://www.californiahealthmaps.org?address=A0726","Female","AllSite",156800,487.8,455.9,521.8,119145,496.1,460.3,534.8,"","","","",18890,471.7,362.9,605.2,10800,418.9,299.3,579.6,4,60505,0.4,9.1,11.2,74.9,1.3,7.2,12.8,7.2,"","","","","",""
"A0726","Placer","Roseville","https://www.californiahealthmaps.org?address=A0726","Male","Prostate",145725,115.1,98.8,133.8,109670,114.3,96.7,135.0,"","","","",19460,137.8,75.8,235.9,"","","","",4,60505,0.4,9.1,11.2,74.9,1.3,7.2,12.8,7.2,"","","","","",""
"A0726","Placer","Roseville","https://www.californiahealthmaps.org?address=A0726","Female","Breast",156800,173.6,154.8,194.5,119145,177.1,156.1,200.9,"","","","",18890,174.9,111.3,264.2,10800,"","","",4,60505,0.4,9.1,11.2,74.9,1.3,7.2,12.8,7.2,"","","","","",""
"A0726","Placer","Roseville","https://www.californiahealthmaps.org?address=A0726","Male","Lung",145725,67.7,54.7,83.3,109670,74.8,60.0,92.9,"","","","",19460,"","","","","","","",4,60505,0.4,9.1,11.2,74.9,1.3,7.2,12.8,7.2,"","","","","",""
"A0726","Placer","Roseville","https://www.californiahealthmaps.org?address=A0726","Female","Lung",156800,47.2,37.8,58.8,119145,48.1,37.6,61.6,"","","","",18890,"","","",10800,"","","",4,60505,0.4,9.1,11.2,74.9,1.3,7.2,12.8,7.2,"","","","","",""
"A0726","Placer","Roseville","https://www.californiahealthmaps.org?address=A0726","Male","CRC",145725,48.0,37.4,61.1,109670,48.6,36.9,63.8,"","","","",19460,"","","","","","","",4,60505,0.4,9.1,11.2,74.9,1.3,7.2,12.8,7.2,"","","","","",""
"A0726","Placer","Roseville","https://www.californiahealthmaps.org?address=A0726","Female","CRC",156800,36.4,28.5,46.4,119145,37.9,29.0,49.8,"","","","",18890,"","","",10800,"","","",4,60505,0.4,9.1,11.2,74.9,1.3,7.2,12.8,7.2,"","","","","",""
"A0726","Placer","Roseville","https://www.californiahealthmaps.org?address=A0726","Male","Mela",145725,46.8,36.2,60.0,109670,50.9,38.8,66.3,"","","","",19460,"","","","","","","",4,60505,0.4,9.1,11.2,74.9,1.3,7.2,12.8,7.2,"","","","","",""
"A0726","Placer","Roseville","https://www.californiahealthmaps.org?address=A0726","Female","Mela",156800,30.0,22.3,40.0,119145,28.7,20.2,40.5,"","","","",18890,"","","",10800,"","","",4,60505,0.4,9.1,11.2,74.9,1.3,7.2,12.8,7.2,"","","","","",""
"A0726","Placer","Roseville","https://www.californiahealthmaps.org?address=A0726","Female","Uterine",156800,23.2,17.0,31.6,119145,26.2,19.0,36.5,"","","","",18890,"","","",10800,"","","",4,60505,0.4,9.1,11.2,74.9,1.3,7.2,12.8,7.2,"","","","","",""
"A0726","Placer","Roseville","https://www.californiahealthmaps.org?address=A0726","Male","Lymph",145725,36.1,27.0,47.9,109670,34.3,24.7,47.2,"","","","",19460,"","","","","","","",4,60505,0.4,9.1,11.2,74.9,1.3,7.2,12.8,7.2,"","","","","",""
"A0726","Placer","Roseville","https://www.californiahealthmaps.org?address=A0726","Female","Lymph",156800,24.0,17.1,33.2,119145,19.5,12.7,29.7,"","","","",18890,"","","",10800,"","","",4,60505,0.4,9.1,11.2,74.9,1.3,7.2,12.8,7.2,"","","","","",""
"A0726","Placer","Roseville","https://www.californiahealthmaps.org?address=A0726","Male","Urinary",145725,24.4,16.9,34.6,109670,27.1,18.5,39.2,"","","","",19460,"","","","","","","",4,60505,0.4,9.1,11.2,74.9,1.3,7.2,12.8,7.2,"","","","","",""
"A0726","Placer","Roseville","https://www.californiahealthmaps.org?address=A0726","Female","Urinary",156800,"","","",119145,"","","","","","","",18890,"","","",10800,"","","",4,60505,0.4,9.1,11.2,74.9,1.3,7.2,12.8,7.2,"","","","","",""
"A0726","Placer","Roseville","https://www.californiahealthmaps.org?address=A0726","Male","Kidney",145725,33.4,24.9,44.4,109670,32.6,23.5,45.0,"","","","",19460,"","","","","","","",4,60505,0.4,9.1,11.2,74.9,1.3,7.2,12.8,7.2,"","","","","",""
"A0726","Placer","Roseville","https://www.californiahealthmaps.org?address=A0726","Female","Kidney",156800,9.9,5.9,16.3,119145,10.6,6.1,18.7,"","","","",18890,"","","",10800,"","","",4,60505,0.4,9.1,11.2,74.9,1.3,7.2,12.8,7.2,"","","","","",""
"A0726","Placer","Roseville","https://www.californiahealthmaps.org?address=A0726","Male","Thyroid",145725,11.2,6.4,18.7,109670,12.7,6.9,22.3,"","","","",19460,"","","","","","","",4,60505,0.4,9.1,11.2,74.9,1.3,7.2,12.8,7.2,"","","","","",""
"A0726","Placer","Roseville","https://www.californiahealthmaps.org?address=A0726","Female","Thyroid",156800,21.4,14.8,30.4,119145,23.6,15.6,35.1,"","","","",18890,"","","",10800,"","","",4,60505,0.4,9.1,11.2,74.9,1.3,7.2,12.8,7.2,"","","","","",""
"A0726","Placer","Roseville","https://www.californiahealthmaps.org?address=A0726","Male","Liver",145725,10.7,6.3,17.6,109670,"","","","","","","",19460,"","","","","","","",4,60505,0.4,9.1,11.2,74.9,1.3,7.2,12.8,7.2,"","","","","",""
"A0726","Placer","Roseville","https://www.californiahealthmaps.org?address=A0726","Female","Liver",156800,"","","",119145,"","","","","","","",18890,"","","",10800,"","","",4,60505,0.4,9.1,11.2,74.9,1.3,7.2,12.8,7.2,"","","","","",""
"A0726","Placer","Roseville","https://www.californiahealthmaps.org?address=A0726","Male","Pancreas",145725,19.5,12.8,28.8,109670,18.7,11.5,29.7,"","","","",19460,"","","","","","","",4,60505,0.4,9.1,11.2,74.9,1.3,7.2,12.8,7.2,"","","","","",""
"A0726","Placer","Roseville","https://www.californiahealthmaps.org?address=A0726","Female","Pancreas",156800,16.1,10.8,23.8,119145,15.4,9.7,24.7,"","","","",18890,"","","",10800,"","","",4,60505,0.4,9.1,11.2,74.9,1.3,7.2,12.8,7.2,"","","","","",""
"A0726","Placer","Roseville","https://www.californiahealthmaps.org?address=A0726","Both","AllSite",302525,515.7,491.4,541.0,228815,526.0,498.9,554.6,"","","","",38350,453.7,374.8,545.4,19215,468.5,370.5,588.9,4,60505,0.4,9.1,11.2,74.9,1.3,7.2,12.8,7.2,"","","","","",""
"A0726","Placer","Roseville","https://www.californiahealthmaps.org?address=A0726","Both","Lung",302525,55.2,47.5,64.1,228815,58.8,50.1,69.0,"","","","",38350,"","","",19215,"","","",4,60505,0.4,9.1,11.2,74.9,1.3,7.2,12.8,7.2,"","","","","",""
"A0726","Placer","Roseville","https://www.californiahealthmaps.org?address=A0726","Both","CRC",302525,41.5,34.9,49.1,228815,42.3,35.1,51.0,"","","","",38350,"","","",19215,"","","",4,60505,0.4,9.1,11.2,74.9,1.3,7.2,12.8,7.2,"","","","","",""
"A0726","Placer","Roseville","https://www.californiahealthmaps.org?address=A0726","Both","Mela",302525,37.3,30.8,44.9,228815,38.3,31.0,47.1,"","","","",38350,"","","",19215,"","","",4,60505,0.4,9.1,11.2,74.9,1.3,7.2,12.8,7.2,"","","","","",""
"A0726","Placer","Roseville","https://www.californiahealthmaps.org?address=A0726","Both","Lymph",302525,28.8,23.2,35.5,228815,25.7,20.0,33.1,"","","","",38350,"","","",19215,"","","",4,60505,0.4,9.1,11.2,74.9,1.3,7.2,12.8,7.2,"","","","","",""
"A0726","Placer","Roseville","https://www.californiahealthmaps.org?address=A0726","Both","Urinary",302525,12.3,8.8,17.0,228815,13.9,9.8,19.5,"","","","",38350,"","","",19215,"","","",4,60505,0.4,9.1,11.2,74.9,1.3,7.2,12.8,7.2,"","","","","",""
"A0726","Placer","Roseville","https://www.californiahealthmaps.org?address=A0726","Both","Kidney",302525,20.4,15.9,26.1,228815,20.6,15.7,27.1,"","","","",38350,"","","",19215,"","","",4,60505,0.4,9.1,11.2,74.9,1.3,7.2,12.8,7.2,"","","","","",""
"A0726","Placer","Roseville","https://www.californiahealthmaps.org?address=A0726","Both","Thyroid",302525,16.5,12.3,22.0,228815,18.3,13.2,25.2,"","","","",38350,"","","",19215,"","","",4,60505,0.4,9.1,11.2,74.9,1.3,7.2,12.8,7.2,"","","","","",""
"A0726","Placer","Roseville","https://www.californiahealthmaps.org?address=A0726","Both","Liver",302525,7.4,4.9,11.1,228815,6.7,4.1,11.0,"","","","",38350,"","","",19215,"","","",4,60505,0.4,9.1,11.2,74.9,1.3,7.2,12.8,7.2,"","","","","",""
"A0726","Placer","Roseville","https://www.californiahealthmaps.org?address=A0726","Both","Pancreas",302525,17.2,13.0,22.7,228815,16.5,11.9,22.8,"","","","",38350,"","","",19215,"","","",4,60505,0.4,9.1,11.2,74.9,1.3,7.2,12.8,7.2,"","","","","",""
