"Zone","Counties","Cities","URL","Sex","Cancer","PopTot","AAIR","LCI","UCI","White_PopTot","White_AAIR","White_LCI","White_UCI","Black_PopTot","Black_AAIR","Black_LCI","Black_UCI","Hispanic_PopTot","Hispanic_AAIR","Hispanic_LCI","Hispanic_UCI","Asian_PopTot","Asian_AAIR","Asian_LCI","Asian_UCI","QNSES","PopAll","PerRural","PerUninsured","PerForeignBorn","PerWhite","PerBlack","PerAsian","PerHispanic","PerAPI","PerDocvisit","PerFOBT","PerMammo","PerMenPrev","PerPap","PerWomenPrev"
"A1049","Los Angeles","Lakewood, Long Beach","https://www.californiahealthmaps.org?address=A1049","Male","AllSite",143145,498.6,460.5,539.3,82715,479.3,436.3,526.4,"","","","",34820,472.7,365.6,612.0,13420,481.9,345.5,659.3,4,58943,0.0,9.1,12.9,57.2,4.4,8.6,25.6,8.6,68.7,68.3,80.1,32.2,85.6,38.4
"A1049","Los Angeles","Lakewood, Long Beach","https://www.californiahealthmaps.org?address=A1049","Female","AllSite",151570,472.3,439.6,507.2,86160,468.3,428.6,511.9,"","","","",37420,493.8,408.0,595.7,15875,432.3,338.7,548.2,4,58943,0.0,9.1,12.9,57.2,4.4,8.6,25.6,8.6,68.7,68.3,80.1,32.2,85.6,38.4
"A1049","Los Angeles","Lakewood, Long Beach","https://www.californiahealthmaps.org?address=A1049","Male","Prostate",143145,105.9,89.3,125.3,82715,89.7,72.8,110.8,"","","","",34820,123.7,75.3,206.7,13420,"","","",4,58943,0.0,9.1,12.9,57.2,4.4,8.6,25.6,8.6,68.7,68.3,80.1,32.2,85.6,38.4
"A1049","Los Angeles","Lakewood, Long Beach","https://www.californiahealthmaps.org?address=A1049","Female","Breast",151570,141.7,124.1,161.4,86160,138.2,116.9,163.7,"","","","",37420,153.7,108.9,214.9,15875,128.4,82.1,197.6,4,58943,0.0,9.1,12.9,57.2,4.4,8.6,25.6,8.6,68.7,68.3,80.1,32.2,85.6,38.4
"A1049","Los Angeles","Lakewood, Long Beach","https://www.californiahealthmaps.org?address=A1049","Male","Lung",143145,65.1,51.5,81.8,82715,68.7,52.8,89.0,"","","","",34820,"","","",13420,"","","",4,58943,0.0,9.1,12.9,57.2,4.4,8.6,25.6,8.6,68.7,68.3,80.1,32.2,85.6,38.4
"A1049","Los Angeles","Lakewood, Long Beach","https://www.californiahealthmaps.org?address=A1049","Female","Lung",151570,49.1,38.8,61.5,86160,49.7,37.8,65.8,"","","","",37420,"","","",15875,"","","",4,58943,0.0,9.1,12.9,57.2,4.4,8.6,25.6,8.6,68.7,68.3,80.1,32.2,85.6,38.4
"A1049","Los Angeles","Lakewood, Long Beach","https://www.californiahealthmaps.org?address=A1049","Male","CRC",143145,37.4,27.5,50.3,82715,30.3,20.4,44.7,"","","","",34820,"","","",13420,"","","",4,58943,0.0,9.1,12.9,57.2,4.4,8.6,25.6,8.6,68.7,68.3,80.1,32.2,85.6,38.4
"A1049","Los Angeles","Lakewood, Long Beach","https://www.californiahealthmaps.org?address=A1049","Female","CRC",151570,41.3,32.0,52.8,86160,39.0,28.5,53.9,"","","","",37420,"","","",15875,"","","",4,58943,0.0,9.1,12.9,57.2,4.4,8.6,25.6,8.6,68.7,68.3,80.1,32.2,85.6,38.4
"A1049","Los Angeles","Lakewood, Long Beach","https://www.californiahealthmaps.org?address=A1049","Male","Mela",143145,45.5,34.8,59.0,82715,51.6,38.4,69.1,"","","","",34820,"","","",13420,"","","",4,58943,0.0,9.1,12.9,57.2,4.4,8.6,25.6,8.6,68.7,68.3,80.1,32.2,85.6,38.4
"A1049","Los Angeles","Lakewood, Long Beach","https://www.californiahealthmaps.org?address=A1049","Female","Mela",151570,29.6,21.9,39.5,86160,37.8,26.6,53.5,"","","","",37420,"","","",15875,"","","",4,58943,0.0,9.1,12.9,57.2,4.4,8.6,25.6,8.6,68.7,68.3,80.1,32.2,85.6,38.4
"A1049","Los Angeles","Lakewood, Long Beach","https://www.californiahealthmaps.org?address=A1049","Female","Uterine",151570,40.8,31.8,51.9,86160,40.3,29.7,55.2,"","","","",37420,"","","",15875,"","","",4,58943,0.0,9.1,12.9,57.2,4.4,8.6,25.6,8.6,68.7,68.3,80.1,32.2,85.6,38.4
"A1049","Los Angeles","Lakewood, Long Beach","https://www.californiahealthmaps.org?address=A1049","Male","Lymph",143145,20.1,13.0,30.3,82715,19.5,11.6,32.1,"","","","",34820,"","","",13420,"","","",4,58943,0.0,9.1,12.9,57.2,4.4,8.6,25.6,8.6,68.7,68.3,80.1,32.2,85.6,38.4
"A1049","Los Angeles","Lakewood, Long Beach","https://www.californiahealthmaps.org?address=A1049","Female","Lymph",151570,24.1,17.4,33.0,86160,23.0,15.2,35.3,"","","","",37420,"","","",15875,"","","",4,58943,0.0,9.1,12.9,57.2,4.4,8.6,25.6,8.6,68.7,68.3,80.1,32.2,85.6,38.4
"A1049","Los Angeles","Lakewood, Long Beach","https://www.californiahealthmaps.org?address=A1049","Male","Urinary",143145,16.9,10.4,26.5,82715,18.4,10.6,30.9,"","","","",34820,"","","",13420,"","","",4,58943,0.0,9.1,12.9,57.2,4.4,8.6,25.6,8.6,68.7,68.3,80.1,32.2,85.6,38.4
"A1049","Los Angeles","Lakewood, Long Beach","https://www.californiahealthmaps.org?address=A1049","Female","Urinary",151570,"","","",86160,"","","","","","","",37420,"","","",15875,"","","",4,58943,0.0,9.1,12.9,57.2,4.4,8.6,25.6,8.6,68.7,68.3,80.1,32.2,85.6,38.4
"A1049","Los Angeles","Lakewood, Long Beach","https://www.californiahealthmaps.org?address=A1049","Male","Kidney",143145,33.0,24.0,44.8,82715,29.1,19.4,43.4,"","","","",34820,"","","",13420,"","","",4,58943,0.0,9.1,12.9,57.2,4.4,8.6,25.6,8.6,68.7,68.3,80.1,32.2,85.6,38.4
"A1049","Los Angeles","Lakewood, Long Beach","https://www.californiahealthmaps.org?address=A1049","Female","Kidney",151570,13.5,8.4,20.8,86160,16.7,10.0,28.2,"","","","",37420,"","","",15875,"","","",4,58943,0.0,9.1,12.9,57.2,4.4,8.6,25.6,8.6,68.7,68.3,80.1,32.2,85.6,38.4
"A1049","Los Angeles","Lakewood, Long Beach","https://www.californiahealthmaps.org?address=A1049","Male","Thyroid",143145,"","","",82715,"","","","","","","",34820,"","","",13420,"","","",4,58943,0.0,9.1,12.9,57.2,4.4,8.6,25.6,8.6,68.7,68.3,80.1,32.2,85.6,38.4
"A1049","Los Angeles","Lakewood, Long Beach","https://www.californiahealthmaps.org?address=A1049","Female","Thyroid",151570,27.4,19.9,37.2,86160,21.4,12.6,35.4,"","","","",37420,"","","",15875,"","","",4,58943,0.0,9.1,12.9,57.2,4.4,8.6,25.6,8.6,68.7,68.3,80.1,32.2,85.6,38.4
"A1049","Los Angeles","Lakewood, Long Beach","https://www.californiahealthmaps.org?address=A1049","Male","Liver",143145,14.5,8.7,23.4,82715,"","","","","","","",34820,"","","",13420,"","","",4,58943,0.0,9.1,12.9,57.2,4.4,8.6,25.6,8.6,68.7,68.3,80.1,32.2,85.6,38.4
"A1049","Los Angeles","Lakewood, Long Beach","https://www.californiahealthmaps.org?address=A1049","Female","Liver",151570,"","","",86160,"","","","","","","",37420,"","","",15875,"","","",4,58943,0.0,9.1,12.9,57.2,4.4,8.6,25.6,8.6,68.7,68.3,80.1,32.2,85.6,38.4
"A1049","Los Angeles","Lakewood, Long Beach","https://www.californiahealthmaps.org?address=A1049","Male","Pancreas",143145,14.1,8.4,22.9,82715,16.3,9.2,28.0,"","","","",34820,"","","",13420,"","","",4,58943,0.0,9.1,12.9,57.2,4.4,8.6,25.6,8.6,68.7,68.3,80.1,32.2,85.6,38.4
"A1049","Los Angeles","Lakewood, Long Beach","https://www.californiahealthmaps.org?address=A1049","Female","Pancreas",151570,11.4,6.8,18.4,86160,12.0,6.6,22.3,"","","","",37420,"","","",15875,"","","",4,58943,0.0,9.1,12.9,57.2,4.4,8.6,25.6,8.6,68.7,68.3,80.1,32.2,85.6,38.4
"A1049","Los Angeles","Lakewood, Long Beach","https://www.californiahealthmaps.org?address=A1049","Both","AllSite",294715,479.8,455.2,505.6,168875,469.7,440.7,500.6,12245,343.9,234.2,550.6,72240,473.8,408.5,548.5,29295,442.0,364.3,533.9,4,58943,0.0,9.1,12.9,57.2,4.4,8.6,25.6,8.6,68.7,68.3,80.1,32.2,85.6,38.4
"A1049","Los Angeles","Lakewood, Long Beach","https://www.californiahealthmaps.org?address=A1049","Both","Lung",294715,55.7,47.4,65.3,168875,57.9,48.1,69.8,12245,"","","",72240,44.0,24.6,74.6,29295,"","","",4,58943,0.0,9.1,12.9,57.2,4.4,8.6,25.6,8.6,68.7,68.3,80.1,32.2,85.6,38.4
"A1049","Los Angeles","Lakewood, Long Beach","https://www.californiahealthmaps.org?address=A1049","Both","CRC",294715,39.0,32.2,47.0,168875,34.5,27.2,44.0,12245,"","","",72240,48.0,28.1,78.9,29295,"","","",4,58943,0.0,9.1,12.9,57.2,4.4,8.6,25.6,8.6,68.7,68.3,80.1,32.2,85.6,38.4
"A1049","Los Angeles","Lakewood, Long Beach","https://www.californiahealthmaps.org?address=A1049","Both","Mela",294715,36.2,29.8,43.8,168875,43.4,34.9,54.1,12245,"","","",72240,"","","",29295,"","","",4,58943,0.0,9.1,12.9,57.2,4.4,8.6,25.6,8.6,68.7,68.3,80.1,32.2,85.6,38.4
"A1049","Los Angeles","Lakewood, Long Beach","https://www.californiahealthmaps.org?address=A1049","Both","Lymph",294715,22.5,17.5,28.8,168875,21.5,15.8,29.4,12245,"","","",72240,"","","",29295,"","","",4,58943,0.0,9.1,12.9,57.2,4.4,8.6,25.6,8.6,68.7,68.3,80.1,32.2,85.6,38.4
"A1049","Los Angeles","Lakewood, Long Beach","https://www.californiahealthmaps.org?address=A1049","Both","Urinary",294715,10.4,7.0,15.0,168875,11.4,7.4,17.8,12245,"","","",72240,"","","",29295,"","","",4,58943,0.0,9.1,12.9,57.2,4.4,8.6,25.6,8.6,68.7,68.3,80.1,32.2,85.6,38.4
"A1049","Los Angeles","Lakewood, Long Beach","https://www.californiahealthmaps.org?address=A1049","Both","Kidney",294715,22.5,17.4,28.7,168875,22.6,16.6,30.7,12245,"","","",72240,"","","",29295,"","","",4,58943,0.0,9.1,12.9,57.2,4.4,8.6,25.6,8.6,68.7,68.3,80.1,32.2,85.6,38.4
"A1049","Los Angeles","Lakewood, Long Beach","https://www.californiahealthmaps.org?address=A1049","Both","Thyroid",294715,17.8,13.4,23.4,168875,13.7,8.7,21.2,12245,"","","",72240,21.3,11.8,40.8,29295,"","","",4,58943,0.0,9.1,12.9,57.2,4.4,8.6,25.6,8.6,68.7,68.3,80.1,32.2,85.6,38.4
"A1049","Los Angeles","Lakewood, Long Beach","https://www.californiahealthmaps.org?address=A1049","Both","Liver",294715,8.5,5.5,12.6,168875,7.5,4.4,13.0,12245,"","","",72240,"","","",29295,"","","",4,58943,0.0,9.1,12.9,57.2,4.4,8.6,25.6,8.6,68.7,68.3,80.1,32.2,85.6,38.4
"A1049","Los Angeles","Lakewood, Long Beach","https://www.californiahealthmaps.org?address=A1049","Both","Pancreas",294715,13.0,9.2,18.1,168875,14.3,9.7,21.2,12245,"","","",72240,"","","",29295,"","","",4,58943,0.0,9.1,12.9,57.2,4.4,8.6,25.6,8.6,68.7,68.3,80.1,32.2,85.6,38.4
