"Zone","Counties","Cities","URL","Sex","Cancer","PopTot","AAIR","LCI","UCI","White_PopTot","White_AAIR","White_LCI","White_UCI","Black_PopTot","Black_AAIR","Black_LCI","Black_UCI","Hispanic_PopTot","Hispanic_AAIR","Hispanic_LCI","Hispanic_UCI","Asian_PopTot","Asian_AAIR","Asian_LCI","Asian_UCI","QNSES","PopAll","PerRural","PerUninsured","PerForeignBorn","PerWhite","PerBlack","PerAsian","PerHispanic","PerAPI","PerDocvisit","PerFOBT","PerMammo","PerMenPrev","PerPap","PerWomenPrev"
"A0597","Santa Cruz","Scotts Valley, Santa Cruz","https://www.californiahealthmaps.org?address=A0597","Male","AllSite",210050,516.7,483.6,551.9,163755,525.3,490.0,563.0,"","","","",24635,386.4,267.2,566.1,10760,430.5,248.1,725.9,5,83723,23.7,9.3,9.1,77.8,1.2,5.4,11.6,5.4,"","","","","",""
"A0597","Santa Cruz","Scotts Valley, Santa Cruz","https://www.californiahealthmaps.org?address=A0597","Female","AllSite",208565,475.1,445.2,506.9,159575,487.0,454.4,521.9,"","","","",25640,401.8,288.6,558.8,12590,385.3,255.1,613.8,5,83723,23.7,9.3,9.1,77.8,1.2,5.4,11.6,5.4,"","","","","",""
"A0597","Santa Cruz","Scotts Valley, Santa Cruz","https://www.californiahealthmaps.org?address=A0597","Male","Prostate",210050,130.5,114.6,148.5,163755,130.7,113.8,150.0,"","","","",24635,"","","",10760,"","","",5,83723,23.7,9.3,9.1,77.8,1.2,5.4,11.6,5.4,"","","","","",""
"A0597","Santa Cruz","Scotts Valley, Santa Cruz","https://www.californiahealthmaps.org?address=A0597","Female","Breast",208565,158.0,141.0,176.8,159575,165.3,146.7,186.3,"","","","",25640,"","","",12590,"","","",5,83723,23.7,9.3,9.1,77.8,1.2,5.4,11.6,5.4,"","","","","",""
"A0597","Santa Cruz","Scotts Valley, Santa Cruz","https://www.californiahealthmaps.org?address=A0597","Male","Lung",210050,51.7,40.9,64.8,163755,49.9,38.9,63.7,"","","","",24635,"","","",10760,"","","",5,83723,23.7,9.3,9.1,77.8,1.2,5.4,11.6,5.4,"","","","","",""
"A0597","Santa Cruz","Scotts Valley, Santa Cruz","https://www.californiahealthmaps.org?address=A0597","Female","Lung",208565,44.1,35.1,54.9,159575,45.8,36.2,57.9,"","","","",25640,"","","",12590,"","","",5,83723,23.7,9.3,9.1,77.8,1.2,5.4,11.6,5.4,"","","","","",""
"A0597","Santa Cruz","Scotts Valley, Santa Cruz","https://www.californiahealthmaps.org?address=A0597","Male","CRC",210050,43.8,34.5,55.3,163755,43.8,34.0,56.2,"","","","",24635,"","","",10760,"","","",5,83723,23.7,9.3,9.1,77.8,1.2,5.4,11.6,5.4,"","","","","",""
"A0597","Santa Cruz","Scotts Valley, Santa Cruz","https://www.californiahealthmaps.org?address=A0597","Female","CRC",208565,29.5,22.4,38.5,159575,30.1,22.5,40.3,"","","","",25640,"","","",12590,"","","",5,83723,23.7,9.3,9.1,77.8,1.2,5.4,11.6,5.4,"","","","","",""
"A0597","Santa Cruz","Scotts Valley, Santa Cruz","https://www.californiahealthmaps.org?address=A0597","Male","Mela",210050,59.9,49.0,72.8,163755,61.2,49.7,75.2,"","","","",24635,"","","",10760,"","","",5,83723,23.7,9.3,9.1,77.8,1.2,5.4,11.6,5.4,"","","","","",""
"A0597","Santa Cruz","Scotts Valley, Santa Cruz","https://www.californiahealthmaps.org?address=A0597","Female","Mela",208565,30.6,23.5,39.7,159575,31.2,23.3,41.6,"","","","",25640,"","","",12590,"","","",5,83723,23.7,9.3,9.1,77.8,1.2,5.4,11.6,5.4,"","","","","",""
"A0597","Santa Cruz","Scotts Valley, Santa Cruz","https://www.californiahealthmaps.org?address=A0597","Female","Uterine",208565,30.3,23.5,39.1,159575,29.6,22.4,39.2,"","","","",25640,"","","",12590,"","","",5,83723,23.7,9.3,9.1,77.8,1.2,5.4,11.6,5.4,"","","","","",""
"A0597","Santa Cruz","Scotts Valley, Santa Cruz","https://www.californiahealthmaps.org?address=A0597","Male","Lymph",210050,27.0,19.8,36.3,163755,26.3,19.1,36.2,"","","","",24635,"","","",10760,"","","",5,83723,23.7,9.3,9.1,77.8,1.2,5.4,11.6,5.4,"","","","","",""
"A0597","Santa Cruz","Scotts Valley, Santa Cruz","https://www.californiahealthmaps.org?address=A0597","Female","Lymph",208565,29.5,22.2,38.7,159575,31.4,23.4,42.2,"","","","",25640,"","","",12590,"","","",5,83723,23.7,9.3,9.1,77.8,1.2,5.4,11.6,5.4,"","","","","",""
"A0597","Santa Cruz","Scotts Valley, Santa Cruz","https://www.californiahealthmaps.org?address=A0597","Male","Urinary",210050,23.2,16.2,32.6,163755,23.1,15.7,33.2,"","","","",24635,"","","",10760,"","","",5,83723,23.7,9.3,9.1,77.8,1.2,5.4,11.6,5.4,"","","","","",""
"A0597","Santa Cruz","Scotts Valley, Santa Cruz","https://www.californiahealthmaps.org?address=A0597","Female","Urinary",208565,"","","",159575,"","","","","","","",25640,"","","",12590,"","","",5,83723,23.7,9.3,9.1,77.8,1.2,5.4,11.6,5.4,"","","","","",""
"A0597","Santa Cruz","Scotts Valley, Santa Cruz","https://www.californiahealthmaps.org?address=A0597","Male","Kidney",210050,19.5,13.7,27.4,163755,20.8,14.5,29.8,"","","","",24635,"","","",10760,"","","",5,83723,23.7,9.3,9.1,77.8,1.2,5.4,11.6,5.4,"","","","","",""
"A0597","Santa Cruz","Scotts Valley, Santa Cruz","https://www.californiahealthmaps.org?address=A0597","Female","Kidney",208565,10.3,6.3,16.4,159575,11.2,6.6,18.7,"","","","",25640,"","","",12590,"","","",5,83723,23.7,9.3,9.1,77.8,1.2,5.4,11.6,5.4,"","","","","",""
"A0597","Santa Cruz","Scotts Valley, Santa Cruz","https://www.californiahealthmaps.org?address=A0597","Male","Thyroid",210050,"","","",163755,"","","","","","","",24635,"","","",10760,"","","",5,83723,23.7,9.3,9.1,77.8,1.2,5.4,11.6,5.4,"","","","","",""
"A0597","Santa Cruz","Scotts Valley, Santa Cruz","https://www.californiahealthmaps.org?address=A0597","Female","Thyroid",208565,19.6,13.8,27.5,159575,22.3,15.3,32.0,"","","","",25640,"","","",12590,"","","",5,83723,23.7,9.3,9.1,77.8,1.2,5.4,11.6,5.4,"","","","","",""
"A0597","Santa Cruz","Scotts Valley, Santa Cruz","https://www.californiahealthmaps.org?address=A0597","Male","Liver",210050,11.6,7.3,18.1,163755,10.5,6.1,17.6,"","","","",24635,"","","",10760,"","","",5,83723,23.7,9.3,9.1,77.8,1.2,5.4,11.6,5.4,"","","","","",""
"A0597","Santa Cruz","Scotts Valley, Santa Cruz","https://www.californiahealthmaps.org?address=A0597","Female","Liver",208565,7.6,4.3,12.8,159575,"","","","","","","",25640,"","","",12590,"","","",5,83723,23.7,9.3,9.1,77.8,1.2,5.4,11.6,5.4,"","","","","",""
"A0597","Santa Cruz","Scotts Valley, Santa Cruz","https://www.californiahealthmaps.org?address=A0597","Male","Pancreas",210050,14.7,9.6,22.1,163755,14.0,8.7,22.0,"","","","",24635,"","","",10760,"","","",5,83723,23.7,9.3,9.1,77.8,1.2,5.4,11.6,5.4,"","","","","",""
"A0597","Santa Cruz","Scotts Valley, Santa Cruz","https://www.californiahealthmaps.org?address=A0597","Female","Pancreas",208565,13.3,8.5,20.2,159575,14.5,9.2,22.6,"","","","",25640,"","","",12590,"","","",5,83723,23.7,9.3,9.1,77.8,1.2,5.4,11.6,5.4,"","","","","",""
"A0597","Santa Cruz","Scotts Valley, Santa Cruz","https://www.californiahealthmaps.org?address=A0597","Both","AllSite",418615,492.4,470.2,515.4,323330,502.6,478.8,527.6,"","","","",50275,400.7,315.0,507.4,23350,389.4,285.5,529.8,5,83723,23.7,9.3,9.1,77.8,1.2,5.4,11.6,5.4,"","","","","",""
"A0597","Santa Cruz","Scotts Valley, Santa Cruz","https://www.californiahealthmaps.org?address=A0597","Both","Lung",418615,47.4,40.4,55.4,323330,47.6,40.3,56.2,"","","","",50275,"","","",23350,"","","",5,83723,23.7,9.3,9.1,77.8,1.2,5.4,11.6,5.4,"","","","","",""
"A0597","Santa Cruz","Scotts Valley, Santa Cruz","https://www.californiahealthmaps.org?address=A0597","Both","CRC",418615,36.6,30.7,43.5,323330,36.9,30.6,44.4,"","","","",50275,"","","",23350,"","","",5,83723,23.7,9.3,9.1,77.8,1.2,5.4,11.6,5.4,"","","","","",""
"A0597","Santa Cruz","Scotts Valley, Santa Cruz","https://www.californiahealthmaps.org?address=A0597","Both","Mela",418615,43.6,37.3,50.8,323330,44.8,38.0,52.8,"","","","",50275,"","","",23350,"","","",5,83723,23.7,9.3,9.1,77.8,1.2,5.4,11.6,5.4,"","","","","",""
"A0597","Santa Cruz","Scotts Valley, Santa Cruz","https://www.californiahealthmaps.org?address=A0597","Both","Lymph",418615,28.2,23.0,34.4,323330,28.8,23.3,35.6,"","","","",50275,"","","",23350,"","","",5,83723,23.7,9.3,9.1,77.8,1.2,5.4,11.6,5.4,"","","","","",""
"A0597","Santa Cruz","Scotts Valley, Santa Cruz","https://www.californiahealthmaps.org?address=A0597","Both","Urinary",418615,12.3,8.9,16.8,323330,11.3,7.9,16.0,"","","","",50275,"","","",23350,"","","",5,83723,23.7,9.3,9.1,77.8,1.2,5.4,11.6,5.4,"","","","","",""
"A0597","Santa Cruz","Scotts Valley, Santa Cruz","https://www.californiahealthmaps.org?address=A0597","Both","Kidney",418615,14.8,11.2,19.4,323330,16.0,12.0,21.2,"","","","",50275,"","","",23350,"","","",5,83723,23.7,9.3,9.1,77.8,1.2,5.4,11.6,5.4,"","","","","",""
"A0597","Santa Cruz","Scotts Valley, Santa Cruz","https://www.californiahealthmaps.org?address=A0597","Both","Thyroid",418615,11.5,8.3,15.7,323330,12.8,9.1,18.0,"","","","",50275,"","","",23350,"","","",5,83723,23.7,9.3,9.1,77.8,1.2,5.4,11.6,5.4,"","","","","",""
"A0597","Santa Cruz","Scotts Valley, Santa Cruz","https://www.californiahealthmaps.org?address=A0597","Both","Liver",418615,9.8,6.9,13.6,323330,8.4,5.6,12.6,"","","","",50275,"","","",23350,"","","",5,83723,23.7,9.3,9.1,77.8,1.2,5.4,11.6,5.4,"","","","","",""
"A0597","Santa Cruz","Scotts Valley, Santa Cruz","https://www.californiahealthmaps.org?address=A0597","Both","Pancreas",418615,14.2,10.6,18.9,323330,14.4,10.5,19.7,"","","","",50275,"","","",23350,"","","",5,83723,23.7,9.3,9.1,77.8,1.2,5.4,11.6,5.4,"","","","","",""
