"Zone","Counties","Cities","URL","Sex","Cancer","PopTot","AAIR","LCI","UCI","White_PopTot","White_AAIR","White_LCI","White_UCI","Black_PopTot","Black_AAIR","Black_LCI","Black_UCI","Hispanic_PopTot","Hispanic_AAIR","Hispanic_LCI","Hispanic_UCI","Asian_PopTot","Asian_AAIR","Asian_LCI","Asian_UCI","QNSES","PopAll","PerRural","PerUninsured","PerForeignBorn","PerWhite","PerBlack","PerAsian","PerHispanic"
"A0858","Sacramento","Sacramento","https://www.californiahealthmaps.org?address=A0858","Male","AllSite",144575,446.3,414.3,480.6,43490,512.4,457.2,576.7,22215,516.5,421.8,632.3,27830,549.2,429.6,696.7,42620,340.5,292.7,396.6,3,61337,0.0,11.7,19.2,32.0,17.2,27.6,17.7
"A0858","Sacramento","Sacramento","https://www.californiahealthmaps.org?address=A0858","Female","AllSite",162110,411.0,382.6,441.4,48460,458.5,408.1,517.6,26830,430.2,354.7,519.3,29890,414.5,327.9,519.7,47795,379.1,330.6,435.1,3,61337,0.0,11.7,19.2,32.0,17.2,27.6,17.7
"A0858","Sacramento","Sacramento","https://www.californiahealthmaps.org?address=A0858","Male","Prostate",144575,93.6,79.6,109.9,43490,88.9,68.4,119.6,22215,159.9,110.0,232.1,27830,120.4,70.8,199.2,42620,65.9,46.5,94.0,3,61337,0.0,11.7,19.2,32.0,17.2,27.6,17.7
"A0858","Sacramento","Sacramento","https://www.californiahealthmaps.org?address=A0858","Female","Breast",162110,125.9,110.5,143.3,48460,138.6,111.9,174.7,26830,156.4,112.8,213.9,29890,108.8,68.5,168.4,47795,116.8,90.3,151.2,3,61337,0.0,11.7,19.2,32.0,17.2,27.6,17.7
"A0858","Sacramento","Sacramento","https://www.californiahealthmaps.org?address=A0858","Male","Lung",144575,49.8,39.5,62.5,43490,60.5,43.2,88.5,22215,"","","",27830,"","","",42620,38.2,23.8,61.9,3,61337,0.0,11.7,19.2,32.0,17.2,27.6,17.7
"A0858","Sacramento","Sacramento","https://www.californiahealthmaps.org?address=A0858","Female","Lung",162110,49.2,40.1,60.3,48460,51.5,37.5,75.7,26830,"","","",29890,"","","",47795,58.3,41.7,82.7,3,61337,0.0,11.7,19.2,32.0,17.2,27.6,17.7
"A0858","Sacramento","Sacramento","https://www.californiahealthmaps.org?address=A0858","Male","CRC",144575,34.1,25.9,44.8,43490,27.7,16.9,50.4,22215,"","","",27830,"","","",42620,39.5,24.6,63.9,3,61337,0.0,11.7,19.2,32.0,17.2,27.6,17.7
"A0858","Sacramento","Sacramento","https://www.californiahealthmaps.org?address=A0858","Female","CRC",162110,34.6,26.7,44.7,48460,33.5,20.6,57.6,26830,52.8,29.1,91.3,29890,"","","",47795,31.9,19.2,53.1,3,61337,0.0,11.7,19.2,32.0,17.2,27.6,17.7
"A0858","Sacramento","Sacramento","https://www.californiahealthmaps.org?address=A0858","Male","Mela",144575,21.2,14.6,30.4,43490,46.8,31.1,73.9,22215,"","","",27830,"","","",42620,"","","",3,61337,0.0,11.7,19.2,32.0,17.2,27.6,17.7
"A0858","Sacramento","Sacramento","https://www.californiahealthmaps.org?address=A0858","Female","Mela",162110,11.6,6.8,18.8,48460,"","","",26830,"","","",29890,"","","",47795,"","","",3,61337,0.0,11.7,19.2,32.0,17.2,27.6,17.7
"A0858","Sacramento","Sacramento","https://www.californiahealthmaps.org?address=A0858","Female","Uterine",162110,27.5,20.5,36.7,48460,30.4,18.4,53.8,26830,"","","",29890,"","","",47795,25.6,14.0,46.2,3,61337,0.0,11.7,19.2,32.0,17.2,27.6,17.7
"A0858","Sacramento","Sacramento","https://www.californiahealthmaps.org?address=A0858","Male","Lymph",144575,24.1,17.2,33.6,43490,34.1,21.2,58.8,22215,"","","",27830,"","","",42620,"","","",3,61337,0.0,11.7,19.2,32.0,17.2,27.6,17.7
"A0858","Sacramento","Sacramento","https://www.californiahealthmaps.org?address=A0858","Female","Lymph",162110,19.3,13.5,27.3,48460,"","","",26830,"","","",29890,"","","",47795,"","","",3,61337,0.0,11.7,19.2,32.0,17.2,27.6,17.7
"A0858","Sacramento","Sacramento","https://www.californiahealthmaps.org?address=A0858","Male","Urinary",144575,18.6,12.7,27.1,43490,27.6,17.0,50.0,22215,"","","",27830,"","","",42620,"","","",3,61337,0.0,11.7,19.2,32.0,17.2,27.6,17.7
"A0858","Sacramento","Sacramento","https://www.californiahealthmaps.org?address=A0858","Female","Urinary",162110,2.7,1.0,7.0,48460,"","","",26830,"","","",29890,"","","",47795,"","","",3,61337,0.0,11.7,19.2,32.0,17.2,27.6,17.7
"A0858","Sacramento","Sacramento","https://www.californiahealthmaps.org?address=A0858","Male","Kidney",144575,29.1,21.4,39.3,43490,30.1,18.7,53.2,22215,"","","",27830,"","","",42620,"","","",3,61337,0.0,11.7,19.2,32.0,17.2,27.6,17.7
"A0858","Sacramento","Sacramento","https://www.californiahealthmaps.org?address=A0858","Female","Kidney",162110,7.8,4.5,13.4,48460,"","","",26830,"","","",29890,"","","",47795,"","","",3,61337,0.0,11.7,19.2,32.0,17.2,27.6,17.7
"A0858","Sacramento","Sacramento","https://www.californiahealthmaps.org?address=A0858","Male","Thyroid",144575,9.4,5.0,16.6,43490,"","","",22215,"","","",27830,"","","",42620,"","","",3,61337,0.0,11.7,19.2,32.0,17.2,27.6,17.7
"A0858","Sacramento","Sacramento","https://www.californiahealthmaps.org?address=A0858","Female","Thyroid",162110,19.4,13.0,28.2,48460,"","","",26830,"","","",29890,"","","",47795,"","","",3,61337,0.0,11.7,19.2,32.0,17.2,27.6,17.7
"A0858","Sacramento","Sacramento","https://www.californiahealthmaps.org?address=A0858","Both","AllSite",306685,424.8,403.6,447.1,91950,479.9,442.6,521.5,49045,466.5,406.6,534.0,57720,464.0,393.3,545.0,90415,361.3,326.8,399.7,3,61337,0.0,11.7,19.2,32.0,17.2,27.6,17.7
"A0858","Sacramento","Sacramento","https://www.californiahealthmaps.org?address=A0858","Both","Lung",306685,49.3,42.4,57.3,91950,55.5,44.3,71.5,49045,46.8,29.4,72.4,57720,"","","",90415,49.3,37.8,64.7,3,61337,0.0,11.7,19.2,32.0,17.2,27.6,17.7
"A0858","Sacramento","Sacramento","https://www.californiahealthmaps.org?address=A0858","Both","CRC",306685,34.1,28.3,41.0,91950,30.3,21.7,44.2,49045,46.5,29.0,72.2,57720,45.3,24.6,77.6,90415,35.3,25.3,49.5,3,61337,0.0,11.7,19.2,32.0,17.2,27.6,17.7
"A0858","Sacramento","Sacramento","https://www.californiahealthmaps.org?address=A0858","Both","Mela",306685,15.5,11.5,20.7,91950,30.0,20.9,44.4,49045,"","","",57720,"","","",90415,"","","",3,61337,0.0,11.7,19.2,32.0,17.2,27.6,17.7
"A0858","Sacramento","Sacramento","https://www.californiahealthmaps.org?address=A0858","Both","Lymph",306685,21.1,16.6,26.8,91950,23.6,16.1,36.4,49045,"","","",57720,"","","",90415,16.4,10.0,27.1,3,61337,0.0,11.7,19.2,32.0,17.2,27.6,17.7
"A0858","Sacramento","Sacramento","https://www.californiahealthmaps.org?address=A0858","Both","Urinary",306685,9.2,6.5,13.1,91950,12.9,8.1,23.5,49045,"","","",57720,"","","",90415,"","","",3,61337,0.0,11.7,19.2,32.0,17.2,27.6,17.7
"A0858","Sacramento","Sacramento","https://www.californiahealthmaps.org?address=A0858","Both","Kidney",306685,17.2,13.3,22.4,91950,16.6,10.9,27.8,49045,"","","",57720,"","","",90415,13.4,7.5,23.8,3,61337,0.0,11.7,19.2,32.0,17.2,27.6,17.7
"A0858","Sacramento","Sacramento","https://www.californiahealthmaps.org?address=A0858","Both","Thyroid",306685,14.7,10.6,20.1,91950,18.6,10.5,32.8,49045,"","","",57720,"","","",90415,19.4,11.1,32.6,3,61337,0.0,11.7,19.2,32.0,17.2,27.6,17.7
