"Zone","Counties","Cities","URL","Sex","Cancer","PopTot","AAIR","LCI","UCI","White_PopTot","White_AAIR","White_LCI","White_UCI","Black_PopTot","Black_AAIR","Black_LCI","Black_UCI","Hispanic_PopTot","Hispanic_AAIR","Hispanic_LCI","Hispanic_UCI","Asian_PopTot","Asian_AAIR","Asian_LCI","Asian_UCI","QNSES","PopAll","PerRural","PerUninsured","PerForeignBorn","PerWhite","PerBlack","PerAsian","PerHispanic","PerAPI","PerDocvisit","PerFOBT","PerMammo","PerMenPrev","PerPap","PerWomenPrev"
"A1046","Sacramento","Sacramento","https://www.californiahealthmaps.org?address=A1046","Male","AllSite",151945,458.0,423.5,494.8,77060,468.6,427.7,514.7,17155,514.4,376.1,702.8,38385,302.9,215.4,424.4,11585,407.5,279.1,580.7,2,63045,0.0,17.2,16.1,52.4,11.5,6.8,24.7,6.8,"","","","","",""
"A1046","Sacramento","Sacramento","https://www.californiahealthmaps.org?address=A1046","Female","AllSite",163280,447.7,416.8,480.8,85215,451.7,413.9,494.5,18210,612.1,456.0,815.6,38315,383.3,295.4,492.6,12710,469.3,351.8,626.1,2,63045,0.0,17.2,16.1,52.4,11.5,6.8,24.7,6.8,"","","","","",""
"A1046","Sacramento","Sacramento","https://www.californiahealthmaps.org?address=A1046","Male","Prostate",151945,81.7,67.6,98.2,77060,83.0,66.7,104.9,17155,149.8,77.2,279.7,38385,"","","",11585,"","","",2,63045,0.0,17.2,16.1,52.4,11.5,6.8,24.7,6.8,"","","","","",""
"A1046","Sacramento","Sacramento","https://www.californiahealthmaps.org?address=A1046","Female","Breast",163280,144.3,126.9,163.8,85215,146.0,125.6,171.7,18210,158.8,90.9,275.7,38315,91.5,53.1,152.1,12710,159.6,94.3,268.0,2,63045,0.0,17.2,16.1,52.4,11.5,6.8,24.7,6.8,"","","","","",""
"A1046","Sacramento","Sacramento","https://www.californiahealthmaps.org?address=A1046","Male","Lung",151945,62.5,50.1,77.3,77060,63.7,49.4,83.8,17155,"","","",38385,"","","",11585,"","","",2,63045,0.0,17.2,16.1,52.4,11.5,6.8,24.7,6.8,"","","","","",""
"A1046","Sacramento","Sacramento","https://www.californiahealthmaps.org?address=A1046","Female","Lung",163280,52.9,42.7,65.3,85215,56.1,43.9,74.1,18210,"","","",38315,"","","",12710,"","","",2,63045,0.0,17.2,16.1,52.4,11.5,6.8,24.7,6.8,"","","","","",""
"A1046","Sacramento","Sacramento","https://www.californiahealthmaps.org?address=A1046","Male","CRC",151945,39.3,29.7,51.2,77060,31.1,21.7,46.8,17155,"","","",38385,"","","",11585,"","","",2,63045,0.0,17.2,16.1,52.4,11.5,6.8,24.7,6.8,"","","","","",""
"A1046","Sacramento","Sacramento","https://www.californiahealthmaps.org?address=A1046","Female","CRC",163280,31.6,24.0,41.3,85215,27.4,19.4,41.7,18210,"","","",38315,"","","",12710,"","","",2,63045,0.0,17.2,16.1,52.4,11.5,6.8,24.7,6.8,"","","","","",""
"A1046","Sacramento","Sacramento","https://www.californiahealthmaps.org?address=A1046","Male","Mela",151945,49.8,38.9,63.1,77060,58.5,44.8,78.0,17155,"","","",38385,"","","",11585,"","","",2,63045,0.0,17.2,16.1,52.4,11.5,6.8,24.7,6.8,"","","","","",""
"A1046","Sacramento","Sacramento","https://www.californiahealthmaps.org?address=A1046","Female","Mela",163280,20.8,14.4,29.6,85215,26.6,17.4,42.4,18210,"","","",38315,"","","",12710,"","","",2,63045,0.0,17.2,16.1,52.4,11.5,6.8,24.7,6.8,"","","","","",""
"A1046","Sacramento","Sacramento","https://www.californiahealthmaps.org?address=A1046","Female","Uterine",163280,28.2,20.8,37.8,85215,32.7,23.2,48.4,18210,"","","",38315,"","","",12710,"","","",2,63045,0.0,17.2,16.1,52.4,11.5,6.8,24.7,6.8,"","","","","",""
"A1046","Sacramento","Sacramento","https://www.californiahealthmaps.org?address=A1046","Male","Lymph",151945,25.9,18.0,36.3,77060,25.8,17.1,40.8,17155,"","","",38385,"","","",11585,"","","",2,63045,0.0,17.2,16.1,52.4,11.5,6.8,24.7,6.8,"","","","","",""
"A1046","Sacramento","Sacramento","https://www.californiahealthmaps.org?address=A1046","Female","Lymph",163280,13.2,8.5,20.3,85215,10.1,5.5,22.0,18210,"","","",38315,"","","",12710,"","","",2,63045,0.0,17.2,16.1,52.4,11.5,6.8,24.7,6.8,"","","","","",""
"A1046","Sacramento","Sacramento","https://www.californiahealthmaps.org?address=A1046","Male","Urinary",151945,19.4,12.8,28.5,77060,19.0,11.9,32.9,17155,"","","",38385,"","","",11585,"","","",2,63045,0.0,17.2,16.1,52.4,11.5,6.8,24.7,6.8,"","","","","",""
"A1046","Sacramento","Sacramento","https://www.californiahealthmaps.org?address=A1046","Female","Urinary",163280,7.1,4.0,12.7,85215,8.1,4.4,19.4,18210,"","","",38315,"","","",12710,"","","",2,63045,0.0,17.2,16.1,52.4,11.5,6.8,24.7,6.8,"","","","","",""
"A1046","Sacramento","Sacramento","https://www.californiahealthmaps.org?address=A1046","Male","Kidney",151945,20.2,13.4,29.5,77060,21.4,13.2,36.3,17155,"","","",38385,"","","",11585,"","","",2,63045,0.0,17.2,16.1,52.4,11.5,6.8,24.7,6.8,"","","","","",""
"A1046","Sacramento","Sacramento","https://www.californiahealthmaps.org?address=A1046","Female","Kidney",163280,14.6,9.4,22.4,85215,14.4,8.0,28.0,18210,"","","",38315,"","","",12710,"","","",2,63045,0.0,17.2,16.1,52.4,11.5,6.8,24.7,6.8,"","","","","",""
"A1046","Sacramento","Sacramento","https://www.californiahealthmaps.org?address=A1046","Male","Thyroid",151945,"","","",77060,"","","",17155,"","","",38385,"","","",11585,"","","",2,63045,0.0,17.2,16.1,52.4,11.5,6.8,24.7,6.8,"","","","","",""
"A1046","Sacramento","Sacramento","https://www.californiahealthmaps.org?address=A1046","Female","Thyroid",163280,17.1,11.2,25.4,85215,19.9,11.3,35.6,18210,"","","",38315,"","","",12710,"","","",2,63045,0.0,17.2,16.1,52.4,11.5,6.8,24.7,6.8,"","","","","",""
"A1046","Sacramento","Sacramento","https://www.californiahealthmaps.org?address=A1046","Male","Liver",151945,18.0,11.9,26.5,77060,15.5,9.1,28.6,17155,"","","",38385,"","","",11585,"","","",2,63045,0.0,17.2,16.1,52.4,11.5,6.8,24.7,6.8,"","","","","",""
"A1046","Sacramento","Sacramento","https://www.californiahealthmaps.org?address=A1046","Female","Liver",163280,"","","",85215,"","","",18210,"","","",38315,"","","",12710,"","","",2,63045,0.0,17.2,16.1,52.4,11.5,6.8,24.7,6.8,"","","","","",""
"A1046","Sacramento","Sacramento","https://www.californiahealthmaps.org?address=A1046","Male","Pancreas",151945,10.1,5.6,17.2,77060,"","","",17155,"","","",38385,"","","",11585,"","","",2,63045,0.0,17.2,16.1,52.4,11.5,6.8,24.7,6.8,"","","","","",""
"A1046","Sacramento","Sacramento","https://www.californiahealthmaps.org?address=A1046","Female","Pancreas",163280,12.0,7.6,18.9,85215,10.6,5.9,22.5,18210,"","","",38315,"","","",12710,"","","",2,63045,0.0,17.2,16.1,52.4,11.5,6.8,24.7,6.8,"","","","","",""
"A1046","Sacramento","Sacramento","https://www.californiahealthmaps.org?address=A1046","Both","AllSite",315225,448.2,425.4,472.2,162275,454.0,426.4,484.0,35365,556.7,452.9,681.5,76700,347.2,283.8,423.2,24295,434.1,347.3,539.7,2,63045,0.0,17.2,16.1,52.4,11.5,6.8,24.7,6.8,"","","","","",""
"A1046","Sacramento","Sacramento","https://www.californiahealthmaps.org?address=A1046","Both","Lung",315225,57.0,49.0,66.1,162275,59.2,49.8,71.3,35365,103.7,60.2,171.2,76700,"","","",24295,"","","",2,63045,0.0,17.2,16.1,52.4,11.5,6.8,24.7,6.8,"","","","","",""
"A1046","Sacramento","Sacramento","https://www.californiahealthmaps.org?address=A1046","Both","CRC",315225,35.6,29.4,42.8,162275,29.3,22.9,38.4,35365,"","","",76700,58.6,33.1,98.8,24295,"","","",2,63045,0.0,17.2,16.1,52.4,11.5,6.8,24.7,6.8,"","","","","",""
"A1046","Sacramento","Sacramento","https://www.californiahealthmaps.org?address=A1046","Both","Mela",315225,32.3,26.4,39.4,162275,39.4,31.5,50.2,35365,"","","",76700,"","","",24295,"","","",2,63045,0.0,17.2,16.1,52.4,11.5,6.8,24.7,6.8,"","","","","",""
"A1046","Sacramento","Sacramento","https://www.californiahealthmaps.org?address=A1046","Both","Lymph",315225,18.5,14.1,24.1,162275,16.5,11.9,24.1,35365,"","","",76700,"","","",24295,"","","",2,63045,0.0,17.2,16.1,52.4,11.5,6.8,24.7,6.8,"","","","","",""
"A1046","Sacramento","Sacramento","https://www.californiahealthmaps.org?address=A1046","Both","Urinary",315225,12.1,8.7,16.7,162275,12.5,8.7,19.5,35365,"","","",76700,"","","",24295,"","","",2,63045,0.0,17.2,16.1,52.4,11.5,6.8,24.7,6.8,"","","","","",""
"A1046","Sacramento","Sacramento","https://www.californiahealthmaps.org?address=A1046","Both","Kidney",315225,17.1,12.7,22.6,162275,17.5,12.1,25.9,35365,"","","",76700,"","","",24295,"","","",2,63045,0.0,17.2,16.1,52.4,11.5,6.8,24.7,6.8,"","","","","",""
"A1046","Sacramento","Sacramento","https://www.californiahealthmaps.org?address=A1046","Both","Thyroid",315225,11.1,7.7,15.6,162275,12.6,7.8,20.7,35365,"","","",76700,"","","",24295,"","","",2,63045,0.0,17.2,16.1,52.4,11.5,6.8,24.7,6.8,"","","","","",""
"A1046","Sacramento","Sacramento","https://www.californiahealthmaps.org?address=A1046","Both","Liver",315225,10.9,7.7,15.3,162275,9.1,5.8,15.7,35365,"","","",76700,"","","",24295,"","","",2,63045,0.0,17.2,16.1,52.4,11.5,6.8,24.7,6.8,"","","","","",""
"A1046","Sacramento","Sacramento","https://www.californiahealthmaps.org?address=A1046","Both","Pancreas",315225,11.3,8.0,15.8,162275,11.0,7.3,17.9,35365,"","","",76700,"","","",24295,"","","",2,63045,0.0,17.2,16.1,52.4,11.5,6.8,24.7,6.8,"","","","","",""
