"Zone","Counties","Cities","URL","Sex","Cancer","PopTot","AAIR","LCI","UCI","White_PopTot","White_AAIR","White_LCI","White_UCI","Black_PopTot","Black_AAIR","Black_LCI","Black_UCI","Hispanic_PopTot","Hispanic_AAIR","Hispanic_LCI","Hispanic_UCI","Asian_PopTot","Asian_AAIR","Asian_LCI","Asian_UCI","QNSES","PopAll","PerRural","PerUninsured","PerForeignBorn","PerWhite","PerBlack","PerAsian","PerHispanic","PerAPI","PerDocvisit","PerFOBT","PerMammo","PerMenPrev","PerPap","PerWomenPrev"
"A0987","Sacramento","Galt, Elk Grove","https://www.californiahealthmaps.org?address=A0987","Male","AllSite",140995,503.7,466.0,544.1,84580,525.6,481.5,573.8,"","","","",40195,373.1,285.3,485.1,"","","","",3,56890,26.1,12.9,14.7,62.4,3.1,4.7,27.3,4.7,"","","","","",""
"A0987","Sacramento","Galt, Elk Grove","https://www.californiahealthmaps.org?address=A0987","Female","AllSite",143455,477.6,443.6,513.8,87740,483.4,443.6,526.9,"","","","",39130,429.7,345.4,537.0,"","","","",3,56890,26.1,12.9,14.7,62.4,3.1,4.7,27.3,4.7,"","","","","",""
"A0987","Sacramento","Galt, Elk Grove","https://www.californiahealthmaps.org?address=A0987","Male","Prostate",140995,91.7,77.0,109.1,84580,85.7,69.7,105.8,"","","","",40195,91.5,53.4,155.0,"","","","",3,56890,26.1,12.9,14.7,62.4,3.1,4.7,27.3,4.7,"","","","","",""
"A0987","Sacramento","Galt, Elk Grove","https://www.californiahealthmaps.org?address=A0987","Female","Breast",143455,158.7,139.6,180.0,87740,168.0,145.3,194.5,"","","","",39130,135.6,92.0,203.7,"","","","",3,56890,26.1,12.9,14.7,62.4,3.1,4.7,27.3,4.7,"","","","","",""
"A0987","Sacramento","Galt, Elk Grove","https://www.californiahealthmaps.org?address=A0987","Male","Lung",140995,67.2,53.5,83.8,84580,77.3,61.0,97.9,"","","","",40195,"","","","","","","",3,56890,26.1,12.9,14.7,62.4,3.1,4.7,27.3,4.7,"","","","","",""
"A0987","Sacramento","Galt, Elk Grove","https://www.californiahealthmaps.org?address=A0987","Female","Lung",143455,50.2,39.7,63.0,87740,53.3,41.2,69.4,"","","","",39130,"","","","","","","",3,56890,26.1,12.9,14.7,62.4,3.1,4.7,27.3,4.7,"","","","","",""
"A0987","Sacramento","Galt, Elk Grove","https://www.californiahealthmaps.org?address=A0987","Male","CRC",140995,55.3,43.4,69.9,84580,51.2,37.9,68.9,"","","","",40195,66.5,35.1,123.9,"","","","",3,56890,26.1,12.9,14.7,62.4,3.1,4.7,27.3,4.7,"","","","","",""
"A0987","Sacramento","Galt, Elk Grove","https://www.californiahealthmaps.org?address=A0987","Female","CRC",143455,31.6,23.7,41.8,87740,32.4,23.4,45.4,"","","","",39130,"","","","","","","",3,56890,26.1,12.9,14.7,62.4,3.1,4.7,27.3,4.7,"","","","","",""
"A0987","Sacramento","Galt, Elk Grove","https://www.californiahealthmaps.org?address=A0987","Male","Mela",140995,50.9,39.2,65.5,84580,60.7,46.0,79.8,"","","","",40195,"","","","","","","",3,56890,26.1,12.9,14.7,62.4,3.1,4.7,27.3,4.7,"","","","","",""
"A0987","Sacramento","Galt, Elk Grove","https://www.californiahealthmaps.org?address=A0987","Female","Mela",143455,31.8,23.2,42.7,87740,35.7,25.1,50.8,"","","","",39130,"","","","","","","",3,56890,26.1,12.9,14.7,62.4,3.1,4.7,27.3,4.7,"","","","","",""
"A0987","Sacramento","Galt, Elk Grove","https://www.californiahealthmaps.org?address=A0987","Female","Uterine",143455,26.2,18.7,36.1,87740,27.3,18.4,40.5,"","","","",39130,"","","","","","","",3,56890,26.1,12.9,14.7,62.4,3.1,4.7,27.3,4.7,"","","","","",""
"A0987","Sacramento","Galt, Elk Grove","https://www.californiahealthmaps.org?address=A0987","Male","Lymph",140995,27.0,18.7,38.2,84580,33.0,22.3,48.3,"","","","",40195,"","","","","","","",3,56890,26.1,12.9,14.7,62.4,3.1,4.7,27.3,4.7,"","","","","",""
"A0987","Sacramento","Galt, Elk Grove","https://www.californiahealthmaps.org?address=A0987","Female","Lymph",143455,20.2,13.7,29.1,87740,19.1,11.8,30.9,"","","","",39130,"","","","","","","",3,56890,26.1,12.9,14.7,62.4,3.1,4.7,27.3,4.7,"","","","","",""
"A0987","Sacramento","Galt, Elk Grove","https://www.californiahealthmaps.org?address=A0987","Male","Urinary",140995,24.9,16.8,36.0,84580,30.3,20.5,44.7,"","","","",40195,"","","","","","","",3,56890,26.1,12.9,14.7,62.4,3.1,4.7,27.3,4.7,"","","","","",""
"A0987","Sacramento","Galt, Elk Grove","https://www.californiahealthmaps.org?address=A0987","Female","Urinary",143455,"","","",87740,"","","","","","","",39130,"","","","","","","",3,56890,26.1,12.9,14.7,62.4,3.1,4.7,27.3,4.7,"","","","","",""
"A0987","Sacramento","Galt, Elk Grove","https://www.californiahealthmaps.org?address=A0987","Male","Kidney",140995,23.8,16.2,34.5,84580,25.4,16.4,39.0,"","","","",40195,"","","","","","","",3,56890,26.1,12.9,14.7,62.4,3.1,4.7,27.3,4.7,"","","","","",""
"A0987","Sacramento","Galt, Elk Grove","https://www.californiahealthmaps.org?address=A0987","Female","Kidney",143455,13.3,8.4,20.6,87740,14.5,8.6,24.8,"","","","",39130,"","","","","","","",3,56890,26.1,12.9,14.7,62.4,3.1,4.7,27.3,4.7,"","","","","",""
"A0987","Sacramento","Galt, Elk Grove","https://www.californiahealthmaps.org?address=A0987","Male","Thyroid",140995,"","","",84580,"","","","","","","",40195,"","","","","","","",3,56890,26.1,12.9,14.7,62.4,3.1,4.7,27.3,4.7,"","","","","",""
"A0987","Sacramento","Galt, Elk Grove","https://www.californiahealthmaps.org?address=A0987","Female","Thyroid",143455,31.8,23.1,42.9,87740,27.0,17.6,40.9,"","","","",39130,"","","","","","","",3,56890,26.1,12.9,14.7,62.4,3.1,4.7,27.3,4.7,"","","","","",""
"A0987","Sacramento","Galt, Elk Grove","https://www.californiahealthmaps.org?address=A0987","Male","Liver",140995,13.9,8.2,22.7,84580,"","","","","","","",40195,"","","","","","","",3,56890,26.1,12.9,14.7,62.4,3.1,4.7,27.3,4.7,"","","","","",""
"A0987","Sacramento","Galt, Elk Grove","https://www.californiahealthmaps.org?address=A0987","Female","Liver",143455,"","","",87740,"","","","","","","",39130,"","","","","","","",3,56890,26.1,12.9,14.7,62.4,3.1,4.7,27.3,4.7,"","","","","",""
"A0987","Sacramento","Galt, Elk Grove","https://www.californiahealthmaps.org?address=A0987","Male","Pancreas",140995,15.9,9.5,25.5,84580,15.2,8.5,26.8,"","","","",40195,"","","","","","","",3,56890,26.1,12.9,14.7,62.4,3.1,4.7,27.3,4.7,"","","","","",""
"A0987","Sacramento","Galt, Elk Grove","https://www.californiahealthmaps.org?address=A0987","Female","Pancreas",143455,13.9,8.6,21.6,87740,"","","","","","","",39130,"","","","","","","",3,56890,26.1,12.9,14.7,62.4,3.1,4.7,27.3,4.7,"","","","","",""
"A0987","Sacramento","Galt, Elk Grove","https://www.californiahealthmaps.org?address=A0987","Both","AllSite",284450,483.9,459.0,510.0,172320,497.6,468.3,528.8,"","","","",79325,399.1,337.7,471.8,14465,487.2,376.5,624.3,3,56890,26.1,12.9,14.7,62.4,3.1,4.7,27.3,4.7,"","","","","",""
"A0987","Sacramento","Galt, Elk Grove","https://www.californiahealthmaps.org?address=A0987","Both","Lung",284450,57.4,48.9,67.0,172320,63.8,53.8,75.7,"","","","",79325,"","","",14465,"","","",3,56890,26.1,12.9,14.7,62.4,3.1,4.7,27.3,4.7,"","","","","",""
"A0987","Sacramento","Galt, Elk Grove","https://www.californiahealthmaps.org?address=A0987","Both","CRC",284450,43.1,35.9,51.4,172320,41.5,33.5,51.6,"","","","",79325,42.1,24.7,72.3,14465,"","","",3,56890,26.1,12.9,14.7,62.4,3.1,4.7,27.3,4.7,"","","","","",""
"A0987","Sacramento","Galt, Elk Grove","https://www.californiahealthmaps.org?address=A0987","Both","Mela",284450,39.5,32.5,47.6,172320,45.9,37.1,56.8,"","","","",79325,"","","",14465,"","","",3,56890,26.1,12.9,14.7,62.4,3.1,4.7,27.3,4.7,"","","","","",""
"A0987","Sacramento","Galt, Elk Grove","https://www.californiahealthmaps.org?address=A0987","Both","Lymph",284450,23.0,17.8,29.5,172320,25.5,19.0,34.2,"","","","",79325,"","","",14465,"","","",3,56890,26.1,12.9,14.7,62.4,3.1,4.7,27.3,4.7,"","","","","",""
"A0987","Sacramento","Galt, Elk Grove","https://www.californiahealthmaps.org?address=A0987","Both","Urinary",284450,14.8,10.6,20.2,172320,17.3,12.3,24.4,"","","","",79325,"","","",14465,"","","",3,56890,26.1,12.9,14.7,62.4,3.1,4.7,27.3,4.7,"","","","","",""
"A0987","Sacramento","Galt, Elk Grove","https://www.californiahealthmaps.org?address=A0987","Both","Kidney",284450,17.9,13.5,23.6,172320,19.2,13.9,26.6,"","","","",79325,"","","",14465,"","","",3,56890,26.1,12.9,14.7,62.4,3.1,4.7,27.3,4.7,"","","","","",""
"A0987","Sacramento","Galt, Elk Grove","https://www.californiahealthmaps.org?address=A0987","Both","Thyroid",284450,19.4,14.6,25.4,172320,16.8,11.4,24.4,"","","","",79325,23.5,13.0,46.9,14465,"","","",3,56890,26.1,12.9,14.7,62.4,3.1,4.7,27.3,4.7,"","","","","",""
"A0987","Sacramento","Galt, Elk Grove","https://www.californiahealthmaps.org?address=A0987","Both","Liver",284450,9.9,6.6,14.5,172320,9.0,5.6,14.8,"","","","",79325,"","","",14465,"","","",3,56890,26.1,12.9,14.7,62.4,3.1,4.7,27.3,4.7,"","","","","",""
"A0987","Sacramento","Galt, Elk Grove","https://www.californiahealthmaps.org?address=A0987","Both","Pancreas",284450,14.6,10.4,19.9,172320,12.1,8.0,18.3,"","","","",79325,"","","",14465,"","","",3,56890,26.1,12.9,14.7,62.4,3.1,4.7,27.3,4.7,"","","","","",""
