"Zone","Counties","Cities","URL","Sex","Cancer","PopTot","AAIR","LCI","UCI","White_PopTot","White_AAIR","White_LCI","White_UCI","Black_PopTot","Black_AAIR","Black_LCI","Black_UCI","Hispanic_PopTot","Hispanic_AAIR","Hispanic_LCI","Hispanic_UCI","Asian_PopTot","Asian_AAIR","Asian_LCI","Asian_UCI","QNSES","PopAll","PerRural","PerUninsured","PerForeignBorn","PerWhite","PerBlack","PerAsian","PerHispanic"
"A0941","Orange","Irvine, Newport Beach","https://www.californiahealthmaps.org?address=A0941","Male","AllSite",165990,527.8,497.8,559.7,128570,527.4,494.8,562.7,"","","","",10650,312.6,196.5,491.1,20545,480.4,368.7,622.3,5,67443,0.3,7.8,18.4,77.8,0.4,12.3,7.1
"A0941","Orange","Irvine, Newport Beach","https://www.californiahealthmaps.org?address=A0941","Female","AllSite",171225,469.7,441.7,499.5,129280,482.3,450.4,516.9,"","","","",12425,378.5,269.2,521.6,23480,383.8,296.3,494.3,5,67443,0.3,7.8,18.4,77.8,0.4,12.3,7.1
"A0941","Orange","Irvine, Newport Beach","https://www.californiahealthmaps.org?address=A0941","Male","Prostate",165990,129.0,114.9,144.9,128570,122.5,107.9,139.9,"","","","",10650,"","","",20545,"","","",5,67443,0.3,7.8,18.4,77.8,0.4,12.3,7.1
"A0941","Orange","Irvine, Newport Beach","https://www.californiahealthmaps.org?address=A0941","Female","Breast",171225,180.3,163.0,199.4,129280,188.0,168.3,210.4,"","","","",12425,"","","",23480,114.6,70.9,182.5,5,67443,0.3,7.8,18.4,77.8,0.4,12.3,7.1
"A0941","Orange","Irvine, Newport Beach","https://www.californiahealthmaps.org?address=A0941","Male","Lung",165990,35.6,28.2,44.9,128570,33.5,26.0,44.0,"","","","",10650,"","","",20545,"","","",5,67443,0.3,7.8,18.4,77.8,0.4,12.3,7.1
"A0941","Orange","Irvine, Newport Beach","https://www.californiahealthmaps.org?address=A0941","Female","Lung",171225,41.8,34.3,51.1,129280,39.3,31.7,49.7,"","","","",12425,"","","",23480,"","","",5,67443,0.3,7.8,18.4,77.8,0.4,12.3,7.1
"A0941","Orange","Irvine, Newport Beach","https://www.californiahealthmaps.org?address=A0941","Male","CRC",165990,37.5,29.8,47.3,128570,39.4,30.6,51.2,"","","","",10650,"","","",20545,"","","",5,67443,0.3,7.8,18.4,77.8,0.4,12.3,7.1
"A0941","Orange","Irvine, Newport Beach","https://www.californiahealthmaps.org?address=A0941","Female","CRC",171225,28.2,22.0,36.4,129280,25.5,19.1,34.9,"","","","",12425,"","","",23480,"","","",5,67443,0.3,7.8,18.4,77.8,0.4,12.3,7.1
"A0941","Orange","Irvine, Newport Beach","https://www.californiahealthmaps.org?address=A0941","Male","Mela",165990,82.6,71.0,96.1,128570,88.3,75.2,104.1,"","","","",10650,"","","",20545,"","","",5,67443,0.3,7.8,18.4,77.8,0.4,12.3,7.1
"A0941","Orange","Irvine, Newport Beach","https://www.californiahealthmaps.org?address=A0941","Female","Mela",171225,40.2,32.0,50.6,129280,42.3,32.7,55.0,"","","","",12425,"","","",23480,"","","",5,67443,0.3,7.8,18.4,77.8,0.4,12.3,7.1
"A0941","Orange","Irvine, Newport Beach","https://www.californiahealthmaps.org?address=A0941","Female","Uterine",171225,22.7,17.2,30.2,129280,23.9,17.7,33.1,"","","","",12425,"","","",23480,"","","",5,67443,0.3,7.8,18.4,77.8,0.4,12.3,7.1
"A0941","Orange","Irvine, Newport Beach","https://www.californiahealthmaps.org?address=A0941","Male","Lymph",165990,31.8,24.7,41.1,128570,31.4,23.6,42.2,"","","","",10650,"","","",20545,"","","",5,67443,0.3,7.8,18.4,77.8,0.4,12.3,7.1
"A0941","Orange","Irvine, Newport Beach","https://www.californiahealthmaps.org?address=A0941","Female","Lymph",171225,20.0,14.6,27.6,129280,19.8,13.8,28.9,"","","","",12425,"","","",23480,"","","",5,67443,0.3,7.8,18.4,77.8,0.4,12.3,7.1
"A0941","Orange","Irvine, Newport Beach","https://www.californiahealthmaps.org?address=A0941","Male","Urinary",165990,19.2,13.8,26.7,128570,20.7,14.9,29.7,"","","","",10650,"","","",20545,"","","",5,67443,0.3,7.8,18.4,77.8,0.4,12.3,7.1
"A0941","Orange","Irvine, Newport Beach","https://www.californiahealthmaps.org?address=A0941","Female","Urinary",171225,2.8,1.2,6.8,129280,"","","","","","","",12425,"","","",23480,"","","",5,67443,0.3,7.8,18.4,77.8,0.4,12.3,7.1
"A0941","Orange","Irvine, Newport Beach","https://www.californiahealthmaps.org?address=A0941","Male","Kidney",165990,23.5,17.5,31.6,128570,22.1,15.8,31.6,"","","","",10650,"","","",20545,"","","",5,67443,0.3,7.8,18.4,77.8,0.4,12.3,7.1
"A0941","Orange","Irvine, Newport Beach","https://www.californiahealthmaps.org?address=A0941","Female","Kidney",171225,4.4,2.1,9.1,129280,"","","","","","","",12425,"","","",23480,"","","",5,67443,0.3,7.8,18.4,77.8,0.4,12.3,7.1
"A0941","Orange","Irvine, Newport Beach","https://www.californiahealthmaps.org?address=A0941","Male","Thyroid",165990,11.4,7.1,18.1,128570,8.0,4.3,15.2,"","","","",10650,"","","",20545,"","","",5,67443,0.3,7.8,18.4,77.8,0.4,12.3,7.1
"A0941","Orange","Irvine, Newport Beach","https://www.californiahealthmaps.org?address=A0941","Female","Thyroid",171225,22.9,16.5,31.5,129280,22.9,15.3,34.0,"","","","",12425,"","","",23480,"","","",5,67443,0.3,7.8,18.4,77.8,0.4,12.3,7.1
"A0941","Orange","Irvine, Newport Beach","https://www.californiahealthmaps.org?address=A0941","Both","AllSite",337215,493.9,473.5,515.2,257850,499.8,477.1,523.8,"","","","",23075,350.4,268.2,453.3,44025,430.2,359.3,513.5,5,67443,0.3,7.8,18.4,77.8,0.4,12.3,7.1
"A0941","Orange","Irvine, Newport Beach","https://www.californiahealthmaps.org?address=A0941","Both","Lung",337215,38.8,33.5,45.0,257850,36.6,31.2,43.4,"","","","",23075,"","","",44025,50.7,28.5,86.7,5,67443,0.3,7.8,18.4,77.8,0.4,12.3,7.1
"A0941","Orange","Irvine, Newport Beach","https://www.californiahealthmaps.org?address=A0941","Both","CRC",337215,32.7,27.7,38.7,257850,32.3,26.7,39.2,"","","","",23075,"","","",44025,"","","",5,67443,0.3,7.8,18.4,77.8,0.4,12.3,7.1
"A0941","Orange","Irvine, Newport Beach","https://www.californiahealthmaps.org?address=A0941","Both","Mela",337215,59.3,52.3,67.3,257850,63.3,55.3,72.7,"","","","",23075,"","","",44025,"","","",5,67443,0.3,7.8,18.4,77.8,0.4,12.3,7.1
"A0941","Orange","Irvine, Newport Beach","https://www.californiahealthmaps.org?address=A0941","Both","Lymph",337215,25.4,20.9,30.9,257850,25.1,20.1,31.5,"","","","",23075,"","","",44025,"","","",5,67443,0.3,7.8,18.4,77.8,0.4,12.3,7.1
"A0941","Orange","Irvine, Newport Beach","https://www.californiahealthmaps.org?address=A0941","Both","Urinary",337215,10.3,7.6,14.1,257850,11.3,8.3,15.8,"","","","",23075,"","","",44025,"","","",5,67443,0.3,7.8,18.4,77.8,0.4,12.3,7.1
"A0941","Orange","Irvine, Newport Beach","https://www.californiahealthmaps.org?address=A0941","Both","Kidney",337215,13.4,10.3,17.6,257850,12.8,9.3,17.7,"","","","",23075,"","","",44025,"","","",5,67443,0.3,7.8,18.4,77.8,0.4,12.3,7.1
"A0941","Orange","Irvine, Newport Beach","https://www.californiahealthmaps.org?address=A0941","Both","Thyroid",337215,17.1,13.1,22.1,257850,15.2,11.0,21.2,"","","","",23075,"","","",44025,"","","",5,67443,0.3,7.8,18.4,77.8,0.4,12.3,7.1
