"Zone","Counties","Cities","URL","Sex","Cancer","PopTot","AAIR","LCI","UCI","White_PopTot","White_AAIR","White_LCI","White_UCI","Black_PopTot","Black_AAIR","Black_LCI","Black_UCI","Hispanic_PopTot","Hispanic_AAIR","Hispanic_LCI","Hispanic_UCI","Asian_PopTot","Asian_AAIR","Asian_LCI","Asian_UCI","QNSES","PopAll","PerRural","PerUninsured","PerForeignBorn","PerWhite","PerBlack","PerAsian","PerHispanic"
"A0835","Alameda","Alameda","https://www.californiahealthmaps.org?address=A0835","Male","AllSite",158615,481.1,448.4,515.7,71370,527.0,479.5,580.0,11030,825.7,645.3,1046.2,17780,524.2,381.7,708.6,49420,351.4,303.3,406.3,4,66431,0.0,11.4,28.5,42.9,7.0,32.5,12.7
"A0835","Alameda","Alameda","https://www.californiahealthmaps.org?address=A0835","Female","AllSite",173540,417.9,390.7,447.0,74785,443.5,403.6,489.0,12185,477.7,356.6,637.2,18000,385.5,291.6,503.7,58690,389.7,344.9,440.7,4,66431,0.0,11.4,28.5,42.9,7.0,32.5,12.7
"A0835","Alameda","Alameda","https://www.californiahealthmaps.org?address=A0835","Male","Prostate",158615,109.2,94.2,126.2,71370,106.9,87.1,132.3,11030,305.3,198.2,454.9,17780,"","","",49420,64.3,45.0,90.8,4,66431,0.0,11.4,28.5,42.9,7.0,32.5,12.7
"A0835","Alameda","Alameda","https://www.californiahealthmaps.org?address=A0835","Female","Breast",173540,150.6,134.5,168.6,74785,153.4,130.4,182.2,12185,155.6,99.5,249.8,18000,124.2,73.8,200.2,58690,149.8,122.8,183.2,4,66431,0.0,11.4,28.5,42.9,7.0,32.5,12.7
"A0835","Alameda","Alameda","https://www.californiahealthmaps.org?address=A0835","Male","Lung",158615,51.0,40.8,63.3,71370,42.3,30.1,60.6,11030,"","","",17780,"","","",49420,56.8,38.7,82.2,4,66431,0.0,11.4,28.5,42.9,7.0,32.5,12.7
"A0835","Alameda","Alameda","https://www.californiahealthmaps.org?address=A0835","Female","Lung",173540,36.3,28.8,45.7,74785,38.5,28.0,55.5,12185,"","","",18000,"","","",58690,32.0,20.7,50.2,4,66431,0.0,11.4,28.5,42.9,7.0,32.5,12.7
"A0835","Alameda","Alameda","https://www.californiahealthmaps.org?address=A0835","Male","CRC",158615,45.7,36.0,57.4,71370,36.9,25.2,55.0,11030,"","","",17780,"","","",49420,55.4,37.5,80.7,4,66431,0.0,11.4,28.5,42.9,7.0,32.5,12.7
"A0835","Alameda","Alameda","https://www.californiahealthmaps.org?address=A0835","Female","CRC",173540,31.7,24.8,40.6,74785,28.7,19.5,44.8,12185,"","","",18000,"","","",58690,39.6,26.7,59.3,4,66431,0.0,11.4,28.5,42.9,7.0,32.5,12.7
"A0835","Alameda","Alameda","https://www.californiahealthmaps.org?address=A0835","Male","Mela",158615,44.7,35.1,56.4,71370,78.1,60.3,102.0,11030,"","","",17780,"","","",49420,"","","",4,66431,0.0,11.4,28.5,42.9,7.0,32.5,12.7
"A0835","Alameda","Alameda","https://www.californiahealthmaps.org?address=A0835","Female","Mela",173540,16.3,11.4,23.3,74785,30.4,20.5,47.2,12185,"","","",18000,"","","",58690,"","","",4,66431,0.0,11.4,28.5,42.9,7.0,32.5,12.7
"A0835","Alameda","Alameda","https://www.californiahealthmaps.org?address=A0835","Female","Uterine",173540,28.0,21.5,36.5,74785,34.1,24.1,50.7,12185,"","","",18000,"","","",58690,"","","",4,66431,0.0,11.4,28.5,42.9,7.0,32.5,12.7
"A0835","Alameda","Alameda","https://www.californiahealthmaps.org?address=A0835","Male","Lymph",158615,26.7,19.5,36.1,71370,26.6,17.1,42.8,11030,"","","",17780,"","","",49420,32.1,18.6,53.5,4,66431,0.0,11.4,28.5,42.9,7.0,32.5,12.7
"A0835","Alameda","Alameda","https://www.californiahealthmaps.org?address=A0835","Female","Lymph",173540,17.1,11.9,24.4,74785,20.7,12.9,35.7,12185,"","","",18000,"","","",58690,"","","",4,66431,0.0,11.4,28.5,42.9,7.0,32.5,12.7
"A0835","Alameda","Alameda","https://www.californiahealthmaps.org?address=A0835","Male","Urinary",158615,21.4,15.0,30.0,71370,24.2,15.2,39.9,11030,"","","",17780,"","","",49420,"","","",4,66431,0.0,11.4,28.5,42.9,7.0,32.5,12.7
"A0835","Alameda","Alameda","https://www.californiahealthmaps.org?address=A0835","Female","Urinary",173540,2.2,0.8,6.1,74785,"","","",12185,"","","",18000,"","","",58690,"","","",4,66431,0.0,11.4,28.5,42.9,7.0,32.5,12.7
"A0835","Alameda","Alameda","https://www.californiahealthmaps.org?address=A0835","Male","Kidney",158615,12.1,7.4,19.1,71370,"","","",11030,"","","",17780,"","","",49420,"","","",4,66431,0.0,11.4,28.5,42.9,7.0,32.5,12.7
"A0835","Alameda","Alameda","https://www.californiahealthmaps.org?address=A0835","Female","Kidney",173540,11.1,6.9,17.5,74785,13.8,7.5,27.7,12185,"","","",18000,"","","",58690,"","","",4,66431,0.0,11.4,28.5,42.9,7.0,32.5,12.7
"A0835","Alameda","Alameda","https://www.californiahealthmaps.org?address=A0835","Male","Thyroid",158615,5.6,2.6,10.9,71370,"","","",11030,"","","",17780,"","","",49420,"","","",4,66431,0.0,11.4,28.5,42.9,7.0,32.5,12.7
"A0835","Alameda","Alameda","https://www.californiahealthmaps.org?address=A0835","Female","Thyroid",173540,14.0,9.0,21.2,74785,"","","",12185,"","","",18000,"","","",58690,"","","",4,66431,0.0,11.4,28.5,42.9,7.0,32.5,12.7
"A0835","Alameda","Alameda","https://www.californiahealthmaps.org?address=A0835","Both","AllSite",332155,440.7,420.0,462.4,146155,476.7,446.1,509.9,23215,626.7,521.5,750.2,35780,428.4,349.3,522.2,108110,370.1,337.4,406.0,4,66431,0.0,11.4,28.5,42.9,7.0,32.5,12.7
"A0835","Alameda","Alameda","https://www.californiahealthmaps.org?address=A0835","Both","Lung",332155,42.3,36.1,49.4,146155,40.2,32.0,51.2,23215,75.6,41.6,130.2,35780,"","","",108110,41.8,31.6,55.3,4,66431,0.0,11.4,28.5,42.9,7.0,32.5,12.7
"A0835","Alameda","Alameda","https://www.californiahealthmaps.org?address=A0835","Both","CRC",332155,38.3,32.4,45.1,146155,32.3,24.9,42.7,23215,"","","",35780,"","","",108110,46.9,35.8,61.3,4,66431,0.0,11.4,28.5,42.9,7.0,32.5,12.7
"A0835","Alameda","Alameda","https://www.californiahealthmaps.org?address=A0835","Both","Mela",332155,28.6,23.5,34.7,146155,51.9,42.0,64.8,23215,"","","",35780,"","","",108110,"","","",4,66431,0.0,11.4,28.5,42.9,7.0,32.5,12.7
"A0835","Alameda","Alameda","https://www.californiahealthmaps.org?address=A0835","Both","Lymph",332155,21.4,17.0,26.9,146155,23.2,16.9,32.5,23215,"","","",35780,"","","",108110,19.9,12.7,30.9,4,66431,0.0,11.4,28.5,42.9,7.0,32.5,12.7
"A0835","Alameda","Alameda","https://www.californiahealthmaps.org?address=A0835","Both","Urinary",332155,10.0,7.1,13.8,146155,12.2,8.0,19.7,23215,"","","",35780,"","","",108110,"","","",4,66431,0.0,11.4,28.5,42.9,7.0,32.5,12.7
"A0835","Alameda","Alameda","https://www.californiahealthmaps.org?address=A0835","Both","Kidney",332155,11.6,8.4,15.9,146155,11.5,7.1,19.2,23215,"","","",35780,"","","",108110,"","","",4,66431,0.0,11.4,28.5,42.9,7.0,32.5,12.7
"A0835","Alameda","Alameda","https://www.californiahealthmaps.org?address=A0835","Both","Thyroid",332155,10.0,7.0,14.1,146155,8.0,4.3,15.3,23215,"","","",35780,"","","",108110,"","","",4,66431,0.0,11.4,28.5,42.9,7.0,32.5,12.7
