"Zone","Counties","Cities","URL","Sex","Cancer","PopTot","AAIR","LCI","UCI","White_PopTot","White_AAIR","White_LCI","White_UCI","Black_PopTot","Black_AAIR","Black_LCI","Black_UCI","Hispanic_PopTot","Hispanic_AAIR","Hispanic_LCI","Hispanic_UCI","Asian_PopTot","Asian_AAIR","Asian_LCI","Asian_UCI","QNSES","PopAll","PerRural","PerUninsured","PerForeignBorn","PerWhite","PerBlack","PerAsian","PerHispanic"
"A0434","Fresno","Sanger","https://www.californiahealthmaps.org?address=A0434","Male","AllSite",176225,442.6,410.5,476.8,64155,466.8,422.9,515.9,"","","","",101305,377.1,326.6,434.6,"","","","",2,69965,59.4,19.8,21.3,35.1,1.2,3.0,57.5
"A0434","Fresno","Sanger","https://www.californiahealthmaps.org?address=A0434","Female","AllSite",173600,415.9,385.8,448.0,63985,426.7,384.0,474.7,"","","","",99335,380.7,334.3,432.5,"","","","",2,69965,59.4,19.8,21.3,35.1,1.2,3.0,57.5
"A0434","Fresno","Sanger","https://www.californiahealthmaps.org?address=A0434","Male","Prostate",176225,99.8,85.4,116.3,64155,97.0,79.1,120.2,"","","","",101305,96.8,72.5,128.3,"","","","",2,69965,59.4,19.8,21.3,35.1,1.2,3.0,57.5
"A0434","Fresno","Sanger","https://www.californiahealthmaps.org?address=A0434","Female","Breast",173600,122.9,106.9,140.9,63985,128.8,106.5,156.6,"","","","",99335,112.0,87.8,141.5,"","","","",2,69965,59.4,19.8,21.3,35.1,1.2,3.0,57.5
"A0434","Fresno","Sanger","https://www.californiahealthmaps.org?address=A0434","Male","Lung",176225,55.8,44.7,69.3,64155,67.9,52.2,89.2,"","","","",101305,37.2,21.8,60.8,"","","","",2,69965,59.4,19.8,21.3,35.1,1.2,3.0,57.5
"A0434","Fresno","Sanger","https://www.californiahealthmaps.org?address=A0434","Female","Lung",173600,42.2,32.9,53.5,63985,53.1,39.2,73.1,"","","","",99335,28.0,15.8,46.5,"","","","",2,69965,59.4,19.8,21.3,35.1,1.2,3.0,57.5
"A0434","Fresno","Sanger","https://www.californiahealthmaps.org?address=A0434","Male","CRC",176225,41.4,32.1,53.0,64155,35.0,23.1,53.1,"","","","",101305,54.6,36.7,80.1,"","","","",2,69965,59.4,19.8,21.3,35.1,1.2,3.0,57.5
"A0434","Fresno","Sanger","https://www.californiahealthmaps.org?address=A0434","Female","CRC",173600,29.3,21.8,38.8,63985,26.9,17.0,43.3,"","","","",99335,27.6,16.1,44.9,"","","","",2,69965,59.4,19.8,21.3,35.1,1.2,3.0,57.5
"A0434","Fresno","Sanger","https://www.californiahealthmaps.org?address=A0434","Male","Mela",176225,27.9,20.2,38.0,64155,38.6,26.0,57.5,"","","","",101305,"","","","","","","",2,69965,59.4,19.8,21.3,35.1,1.2,3.0,57.5
"A0434","Fresno","Sanger","https://www.californiahealthmaps.org?address=A0434","Female","Mela",173600,16.8,11.2,24.5,63985,21.8,12.1,38.7,"","","","",99335,"","","","","","","",2,69965,59.4,19.8,21.3,35.1,1.2,3.0,57.5
"A0434","Fresno","Sanger","https://www.californiahealthmaps.org?address=A0434","Female","Uterine",173600,29.0,21.5,38.6,63985,34.0,23.5,50.5,"","","","",99335,"","","","","","","",2,69965,59.4,19.8,21.3,35.1,1.2,3.0,57.5
"A0434","Fresno","Sanger","https://www.californiahealthmaps.org?address=A0434","Male","Lymph",176225,17.6,11.4,26.1,64155,16.6,8.8,31.2,"","","","",101305,"","","","","","","",2,69965,59.4,19.8,21.3,35.1,1.2,3.0,57.5
"A0434","Fresno","Sanger","https://www.californiahealthmaps.org?address=A0434","Female","Lymph",173600,16.8,11.2,24.5,63985,"","","","","","","",99335,24.6,14.0,40.9,"","","","",2,69965,59.4,19.8,21.3,35.1,1.2,3.0,57.5
"A0434","Fresno","Sanger","https://www.californiahealthmaps.org?address=A0434","Male","Urinary",176225,17.9,11.5,26.7,64155,24.0,14.8,39.4,"","","","",101305,"","","","","","","",2,69965,59.4,19.8,21.3,35.1,1.2,3.0,57.5
"A0434","Fresno","Sanger","https://www.californiahealthmaps.org?address=A0434","Female","Urinary",173600,4.6,2.0,9.5,63985,"","","","","","","",99335,"","","","","","","",2,69965,59.4,19.8,21.3,35.1,1.2,3.0,57.5
"A0434","Fresno","Sanger","https://www.californiahealthmaps.org?address=A0434","Male","Kidney",176225,20.7,14.2,29.5,64155,22.4,12.7,38.9,"","","","",101305,"","","","","","","",2,69965,59.4,19.8,21.3,35.1,1.2,3.0,57.5
"A0434","Fresno","Sanger","https://www.californiahealthmaps.org?address=A0434","Female","Kidney",173600,11.6,7.0,18.4,63985,"","","","","","","",99335,"","","","","","","",2,69965,59.4,19.8,21.3,35.1,1.2,3.0,57.5
"A0434","Fresno","Sanger","https://www.californiahealthmaps.org?address=A0434","Male","Thyroid",176225,5.6,2.8,10.8,64155,"","","","","","","",101305,"","","","","","","",2,69965,59.4,19.8,21.3,35.1,1.2,3.0,57.5
"A0434","Fresno","Sanger","https://www.californiahealthmaps.org?address=A0434","Female","Thyroid",173600,23.3,16.5,32.3,63985,23.9,14.0,40.7,"","","","",99335,20.8,12.3,34.7,"","","","",2,69965,59.4,19.8,21.3,35.1,1.2,3.0,57.5
"A0434","Fresno","Sanger","https://www.californiahealthmaps.org?address=A0434","Both","AllSite",349825,427.2,405.3,450.1,128140,444.9,414.2,478.1,"","","","",200640,377.2,342.9,414.5,"","","","",2,69965,59.4,19.8,21.3,35.1,1.2,3.0,57.5
"A0434","Fresno","Sanger","https://www.californiahealthmaps.org?address=A0434","Both","Lung",349825,48.8,41.5,57.1,128140,60.3,49.7,73.7,"","","","",200640,32.7,22.5,46.3,"","","","",2,69965,59.4,19.8,21.3,35.1,1.2,3.0,57.5
"A0434","Fresno","Sanger","https://www.californiahealthmaps.org?address=A0434","Both","CRC",349825,35.1,29.1,42.1,128140,30.8,22.9,41.7,"","","","",200640,40.3,29.6,54.1,"","","","",2,69965,59.4,19.8,21.3,35.1,1.2,3.0,57.5
"A0434","Fresno","Sanger","https://www.californiahealthmaps.org?address=A0434","Both","Mela",349825,21.9,17.1,27.6,128140,29.5,21.4,40.6,"","","","",200640,"","","","","","","",2,69965,59.4,19.8,21.3,35.1,1.2,3.0,57.5
"A0434","Fresno","Sanger","https://www.californiahealthmaps.org?address=A0434","Both","Lymph",349825,16.8,12.6,22.1,128140,14.3,8.9,23.0,"","","","",200640,20.7,13.2,31.4,"","","","",2,69965,59.4,19.8,21.3,35.1,1.2,3.0,57.5
"A0434","Fresno","Sanger","https://www.californiahealthmaps.org?address=A0434","Both","Urinary",349825,10.5,7.2,14.8,128140,12.8,8.3,20.4,"","","","",200640,"","","","","","","",2,69965,59.4,19.8,21.3,35.1,1.2,3.0,57.5
"A0434","Fresno","Sanger","https://www.californiahealthmaps.org?address=A0434","Both","Kidney",349825,16.0,12.0,21.1,128140,16.7,10.8,25.9,"","","","",200640,14.6,8.6,23.8,"","","","",2,69965,59.4,19.8,21.3,35.1,1.2,3.0,57.5
"A0434","Fresno","Sanger","https://www.californiahealthmaps.org?address=A0434","Both","Thyroid",349825,14.4,10.6,19.2,128140,15.0,9.5,23.7,"","","","",200640,12.2,7.6,19.7,"","","","",2,69965,59.4,19.8,21.3,35.1,1.2,3.0,57.5
