"Zone","Counties","Cities","URL","Sex","Cancer","PopTot","AAIR","LCI","UCI","White_PopTot","White_AAIR","White_LCI","White_UCI","Black_PopTot","Black_AAIR","Black_LCI","Black_UCI","Hispanic_PopTot","Hispanic_AAIR","Hispanic_LCI","Hispanic_UCI","Asian_PopTot","Asian_AAIR","Asian_LCI","Asian_UCI","QNSES","PopAll","PerRural","PerUninsured","PerForeignBorn","PerWhite","PerBlack","PerAsian","PerHispanic","PerAPI","PerDocvisit","PerFOBT","PerMammo","PerMenPrev","PerPap","PerWomenPrev"
"A0455","Santa Clara","Santa Clara, San Jose","https://www.californiahealthmaps.org?address=A0455","Male","AllSite",159475,516.2,475.8,559.6,79355,547.4,494.5,606.1,"","","","",41650,421.4,335.9,525.0,26325,517.5,413.7,644.0,4,63894,0.0,11.3,24.1,48.1,3.3,16.6,28.1,16.6,62.7,69.1,80.3,34.1,83.7,31.0
"A0455","Santa Clara","Santa Clara, San Jose","https://www.californiahealthmaps.org?address=A0455","Female","AllSite",159995,427.0,394.3,462.1,76900,435.7,392.3,485.2,"","","","",42070,389.5,319.1,472.6,29460,429.9,353.5,526.1,4,63894,0.0,11.3,24.1,48.1,3.3,16.6,28.1,16.6,62.7,69.1,80.3,34.1,83.7,31.0
"A0455","Santa Clara","Santa Clara, San Jose","https://www.californiahealthmaps.org?address=A0455","Male","Prostate",159475,102.1,84.4,122.8,79355,104.4,82.2,132.7,"","","","",41650,71.5,39.2,123.7,26325,94.2,51.3,163.2,4,63894,0.0,11.3,24.1,48.1,3.3,16.6,28.1,16.6,62.7,69.1,80.3,34.1,83.7,31.0
"A0455","Santa Clara","Santa Clara, San Jose","https://www.californiahealthmaps.org?address=A0455","Female","Breast",159995,134.5,116.4,155.3,76900,140.6,115.9,171.8,"","","","",42070,123.9,86.6,174.2,29460,140.6,98.9,203.8,4,63894,0.0,11.3,24.1,48.1,3.3,16.6,28.1,16.6,62.7,69.1,80.3,34.1,83.7,31.0
"A0455","Santa Clara","Santa Clara, San Jose","https://www.californiahealthmaps.org?address=A0455","Male","Lung",159475,57.8,44.0,74.9,79355,63.5,45.2,88.5,"","","","",41650,"","","",26325,"","","",4,63894,0.0,11.3,24.1,48.1,3.3,16.6,28.1,16.6,62.7,69.1,80.3,34.1,83.7,31.0
"A0455","Santa Clara","Santa Clara, San Jose","https://www.californiahealthmaps.org?address=A0455","Female","Lung",159995,44.3,33.9,57.5,76900,47.4,33.9,67.9,"","","","",42070,"","","",29460,"","","",4,63894,0.0,11.3,24.1,48.1,3.3,16.6,28.1,16.6,62.7,69.1,80.3,34.1,83.7,31.0
"A0455","Santa Clara","Santa Clara, San Jose","https://www.californiahealthmaps.org?address=A0455","Male","CRC",159475,45.0,34.1,58.9,79355,42.4,29.4,61.8,"","","","",41650,"","","",26325,91.7,52.5,155.4,4,63894,0.0,11.3,24.1,48.1,3.3,16.6,28.1,16.6,62.7,69.1,80.3,34.1,83.7,31.0
"A0455","Santa Clara","Santa Clara, San Jose","https://www.californiahealthmaps.org?address=A0455","Female","CRC",159995,38.8,29.4,51.0,76900,38.4,26.4,57.6,"","","","",42070,"","","",29460,"","","",4,63894,0.0,11.3,24.1,48.1,3.3,16.6,28.1,16.6,62.7,69.1,80.3,34.1,83.7,31.0
"A0455","Santa Clara","Santa Clara, San Jose","https://www.californiahealthmaps.org?address=A0455","Male","Mela",159475,33.0,23.2,46.1,79355,45.6,31.0,66.7,"","","","",41650,"","","",26325,"","","",4,63894,0.0,11.3,24.1,48.1,3.3,16.6,28.1,16.6,62.7,69.1,80.3,34.1,83.7,31.0
"A0455","Santa Clara","Santa Clara, San Jose","https://www.californiahealthmaps.org?address=A0455","Female","Mela",159995,24.5,17.3,34.4,76900,33.2,22.2,51.5,"","","","",42070,"","","",29460,"","","",4,63894,0.0,11.3,24.1,48.1,3.3,16.6,28.1,16.6,62.7,69.1,80.3,34.1,83.7,31.0
"A0455","Santa Clara","Santa Clara, San Jose","https://www.californiahealthmaps.org?address=A0455","Female","Uterine",159995,27.2,19.5,37.7,76900,25.6,16.2,42.4,"","","","",42070,"","","",29460,"","","",4,63894,0.0,11.3,24.1,48.1,3.3,16.6,28.1,16.6,62.7,69.1,80.3,34.1,83.7,31.0
"A0455","Santa Clara","Santa Clara, San Jose","https://www.californiahealthmaps.org?address=A0455","Male","Lymph",159475,28.2,19.4,40.2,79355,24.8,14.4,42.2,"","","","",41650,"","","",26325,"","","",4,63894,0.0,11.3,24.1,48.1,3.3,16.6,28.1,16.6,62.7,69.1,80.3,34.1,83.7,31.0
"A0455","Santa Clara","Santa Clara, San Jose","https://www.californiahealthmaps.org?address=A0455","Female","Lymph",159995,10.7,6.2,18.1,76900,"","","","","","","",42070,"","","",29460,"","","",4,63894,0.0,11.3,24.1,48.1,3.3,16.6,28.1,16.6,62.7,69.1,80.3,34.1,83.7,31.0
"A0455","Santa Clara","Santa Clara, San Jose","https://www.californiahealthmaps.org?address=A0455","Male","Urinary",159475,16.7,10.1,26.5,79355,19.8,11.0,35.7,"","","","",41650,"","","",26325,"","","",4,63894,0.0,11.3,24.1,48.1,3.3,16.6,28.1,16.6,62.7,69.1,80.3,34.1,83.7,31.0
"A0455","Santa Clara","Santa Clara, San Jose","https://www.californiahealthmaps.org?address=A0455","Female","Urinary",159995,"","","",76900,"","","","","","","",42070,"","","",29460,"","","",4,63894,0.0,11.3,24.1,48.1,3.3,16.6,28.1,16.6,62.7,69.1,80.3,34.1,83.7,31.0
"A0455","Santa Clara","Santa Clara, San Jose","https://www.californiahealthmaps.org?address=A0455","Male","Kidney",159475,26.3,18.0,37.8,79355,27.1,16.8,44.1,"","","","",41650,"","","",26325,"","","",4,63894,0.0,11.3,24.1,48.1,3.3,16.6,28.1,16.6,62.7,69.1,80.3,34.1,83.7,31.0
"A0455","Santa Clara","Santa Clara, San Jose","https://www.californiahealthmaps.org?address=A0455","Female","Kidney",159995,"","","",76900,"","","","","","","",42070,"","","",29460,"","","",4,63894,0.0,11.3,24.1,48.1,3.3,16.6,28.1,16.6,62.7,69.1,80.3,34.1,83.7,31.0
"A0455","Santa Clara","Santa Clara, San Jose","https://www.californiahealthmaps.org?address=A0455","Male","Thyroid",159475,"","","",79355,"","","","","","","",41650,"","","",26325,"","","",4,63894,0.0,11.3,24.1,48.1,3.3,16.6,28.1,16.6,62.7,69.1,80.3,34.1,83.7,31.0
"A0455","Santa Clara","Santa Clara, San Jose","https://www.californiahealthmaps.org?address=A0455","Female","Thyroid",159995,18.8,12.6,27.8,76900,20.9,11.8,38.1,"","","","",42070,"","","",29460,"","","",4,63894,0.0,11.3,24.1,48.1,3.3,16.6,28.1,16.6,62.7,69.1,80.3,34.1,83.7,31.0
"A0455","Santa Clara","Santa Clara, San Jose","https://www.californiahealthmaps.org?address=A0455","Male","Liver",159475,25.7,17.6,37.0,79355,"","","","","","","",41650,"","","",26325,"","","",4,63894,0.0,11.3,24.1,48.1,3.3,16.6,28.1,16.6,62.7,69.1,80.3,34.1,83.7,31.0
"A0455","Santa Clara","Santa Clara, San Jose","https://www.californiahealthmaps.org?address=A0455","Female","Liver",159995,"","","",76900,"","","","","","","",42070,"","","",29460,"","","",4,63894,0.0,11.3,24.1,48.1,3.3,16.6,28.1,16.6,62.7,69.1,80.3,34.1,83.7,31.0
"A0455","Santa Clara","Santa Clara, San Jose","https://www.californiahealthmaps.org?address=A0455","Male","Pancreas",159475,18.1,11.2,28.4,79355,20.2,11.3,36.1,"","","","",41650,"","","",26325,"","","",4,63894,0.0,11.3,24.1,48.1,3.3,16.6,28.1,16.6,62.7,69.1,80.3,34.1,83.7,31.0
"A0455","Santa Clara","Santa Clara, San Jose","https://www.californiahealthmaps.org?address=A0455","Female","Pancreas",159995,17.0,11.0,25.9,76900,16.8,9.2,32.4,"","","","",42070,"","","",29460,"","","",4,63894,0.0,11.3,24.1,48.1,3.3,16.6,28.1,16.6,62.7,69.1,80.3,34.1,83.7,31.0
"A0455","Santa Clara","Santa Clara, San Jose","https://www.californiahealthmaps.org?address=A0455","Both","AllSite",319470,458.1,433.0,484.5,156255,479.8,446.4,516.2,10580,556.4,364.2,921.1,83720,389.2,336.0,449.4,55785,459.0,397.2,530.7,4,63894,0.0,11.3,24.1,48.1,3.3,16.6,28.1,16.6,62.7,69.1,80.3,34.1,83.7,31.0
"A0455","Santa Clara","Santa Clara, San Jose","https://www.californiahealthmaps.org?address=A0455","Both","Lung",319470,49.3,40.9,59.1,156255,53.9,42.7,68.3,10580,"","","",83720,"","","",55785,53.9,33.6,85.9,4,63894,0.0,11.3,24.1,48.1,3.3,16.6,28.1,16.6,62.7,69.1,80.3,34.1,83.7,31.0
"A0455","Santa Clara","Santa Clara, San Jose","https://www.californiahealthmaps.org?address=A0455","Both","CRC",319470,41.9,34.6,50.6,156255,41.0,31.8,53.4,10580,"","","",83720,34.3,19.8,56.9,55785,63.7,42.1,96.6,4,63894,0.0,11.3,24.1,48.1,3.3,16.6,28.1,16.6,62.7,69.1,80.3,34.1,83.7,31.0
"A0455","Santa Clara","Santa Clara, San Jose","https://www.californiahealthmaps.org?address=A0455","Both","Mela",319470,27.3,21.5,34.5,156255,37.3,28.5,49.3,10580,"","","",83720,"","","",55785,"","","",4,63894,0.0,11.3,24.1,48.1,3.3,16.6,28.1,16.6,62.7,69.1,80.3,34.1,83.7,31.0
"A0455","Santa Clara","Santa Clara, San Jose","https://www.californiahealthmaps.org?address=A0455","Both","Lymph",319470,18.4,13.7,24.6,156255,18.0,11.8,27.7,10580,"","","",83720,"","","",55785,"","","",4,63894,0.0,11.3,24.1,48.1,3.3,16.6,28.1,16.6,62.7,69.1,80.3,34.1,83.7,31.0
"A0455","Santa Clara","Santa Clara, San Jose","https://www.californiahealthmaps.org?address=A0455","Both","Urinary",319470,9.0,5.8,13.6,156255,9.6,5.6,17.2,10580,"","","",83720,"","","",55785,"","","",4,63894,0.0,11.3,24.1,48.1,3.3,16.6,28.1,16.6,62.7,69.1,80.3,34.1,83.7,31.0
"A0455","Santa Clara","Santa Clara, San Jose","https://www.californiahealthmaps.org?address=A0455","Both","Kidney",319470,16.3,11.9,22.1,156255,16.5,11.0,25.5,10580,"","","",83720,"","","",55785,"","","",4,63894,0.0,11.3,24.1,48.1,3.3,16.6,28.1,16.6,62.7,69.1,80.3,34.1,83.7,31.0
"A0455","Santa Clara","Santa Clara, San Jose","https://www.californiahealthmaps.org?address=A0455","Both","Thyroid",319470,11.7,8.2,16.5,156255,13.1,8.1,21.6,10580,"","","",83720,"","","",55785,"","","",4,63894,0.0,11.3,24.1,48.1,3.3,16.6,28.1,16.6,62.7,69.1,80.3,34.1,83.7,31.0
"A0455","Santa Clara","Santa Clara, San Jose","https://www.californiahealthmaps.org?address=A0455","Both","Liver",319470,14.8,10.6,20.4,156255,8.9,5.0,16.5,10580,"","","",83720,"","","",55785,"","","",4,63894,0.0,11.3,24.1,48.1,3.3,16.6,28.1,16.6,62.7,69.1,80.3,34.1,83.7,31.0
"A0455","Santa Clara","Santa Clara, San Jose","https://www.californiahealthmaps.org?address=A0455","Both","Pancreas",319470,17.3,12.6,23.4,156255,18.3,12.3,27.7,10580,"","","",83720,"","","",55785,"","","",4,63894,0.0,11.3,24.1,48.1,3.3,16.6,28.1,16.6,62.7,69.1,80.3,34.1,83.7,31.0
