"Zone","Counties","Cities","URL","Sex","Cancer","PopTot","AAIR","LCI","UCI","White_PopTot","White_AAIR","White_LCI","White_UCI","Black_PopTot","Black_AAIR","Black_LCI","Black_UCI","Hispanic_PopTot","Hispanic_AAIR","Hispanic_LCI","Hispanic_UCI","Asian_PopTot","Asian_AAIR","Asian_LCI","Asian_UCI","QNSES","PopAll","PerRural","PerUninsured","PerForeignBorn","PerWhite","PerBlack","PerAsian","PerHispanic","PerAPI","PerDocvisit","PerFOBT","PerMammo","PerMenPrev","PerPap","PerWomenPrev"
"A0080","Los Angeles","Long Beach","https://www.californiahealthmaps.org?address=A0080","Male","AllSite",133510,523.9,475.4,576.7,19215,570.4,480.5,689.5,20610,728.5,584.6,914.3,62900,506.6,401.2,640.1,27285,341.8,265.5,435.5,2,54477,0.0,21.7,32.3,11.8,15.5,19.2,47.6,19.2,"","","","","",""
"A0080","Los Angeles","Long Beach","https://www.californiahealthmaps.org?address=A0080","Female","AllSite",138875,407.5,370.7,447.5,17300,453.2,372.1,565.4,25005,457.4,375.2,555.2,62710,383.9,314.2,467.9,29840,350.5,285.0,428.0,2,54477,0.0,21.7,32.3,11.8,15.5,19.2,47.6,19.2,"","","","","",""
"A0080","Los Angeles","Long Beach","https://www.californiahealthmaps.org?address=A0080","Male","Prostate",133510,119.5,97.5,145.9,19215,137.5,96.8,212.7,20610,181.6,111.8,299.7,62900,122.2,72.4,203.7,27285,"","","",2,54477,0.0,21.7,32.3,11.8,15.5,19.2,47.6,19.2,"","","","","",""
"A0080","Los Angeles","Long Beach","https://www.californiahealthmaps.org?address=A0080","Female","Breast",138875,120.3,101.2,142.5,17300,132.5,92.1,209.1,25005,161.1,114.6,223.6,62710,98.4,67.6,143.7,29840,86.9,56.7,129.6,2,54477,0.0,21.7,32.3,11.8,15.5,19.2,47.6,19.2,"","","","","",""
"A0080","Los Angeles","Long Beach","https://www.californiahealthmaps.org?address=A0080","Male","Lung",133510,57.6,42.3,77.6,19215,53.8,30.9,116.5,20610,139.8,79.5,249.8,62900,"","","",27285,"","","",2,54477,0.0,21.7,32.3,11.8,15.5,19.2,47.6,19.2,"","","","","",""
"A0080","Los Angeles","Long Beach","https://www.californiahealthmaps.org?address=A0080","Female","Lung",138875,59.2,45.1,76.7,17300,75.6,44.3,146.8,25005,95.7,60.0,148.3,62710,"","","",29840,"","","",2,54477,0.0,21.7,32.3,11.8,15.5,19.2,47.6,19.2,"","","","","",""
"A0080","Los Angeles","Long Beach","https://www.californiahealthmaps.org?address=A0080","Male","CRC",133510,49.6,35.9,67.9,19215,"","","",20610,"","","",62900,57.6,24.6,125.5,27285,"","","",2,54477,0.0,21.7,32.3,11.8,15.5,19.2,47.6,19.2,"","","","","",""
"A0080","Los Angeles","Long Beach","https://www.californiahealthmaps.org?address=A0080","Female","CRC",138875,41.4,30.3,55.7,17300,"","","",25005,"","","",62710,"","","",29840,"","","",2,54477,0.0,21.7,32.3,11.8,15.5,19.2,47.6,19.2,"","","","","",""
"A0080","Los Angeles","Long Beach","https://www.californiahealthmaps.org?address=A0080","Male","Mela",133510,"","","",19215,"","","",20610,"","","",62900,"","","",27285,"","","",2,54477,0.0,21.7,32.3,11.8,15.5,19.2,47.6,19.2,"","","","","",""
"A0080","Los Angeles","Long Beach","https://www.californiahealthmaps.org?address=A0080","Female","Mela",138875,"","","",17300,"","","",25005,"","","",62710,"","","",29840,"","","",2,54477,0.0,21.7,32.3,11.8,15.5,19.2,47.6,19.2,"","","","","",""
"A0080","Los Angeles","Long Beach","https://www.californiahealthmaps.org?address=A0080","Female","Uterine",138875,21.0,13.5,31.8,17300,"","","",25005,"","","",62710,"","","",29840,"","","",2,54477,0.0,21.7,32.3,11.8,15.5,19.2,47.6,19.2,"","","","","",""
"A0080","Los Angeles","Long Beach","https://www.californiahealthmaps.org?address=A0080","Male","Lymph",133510,41.3,27.8,59.7,19215,"","","",20610,"","","",62900,"","","",27285,"","","",2,54477,0.0,21.7,32.3,11.8,15.5,19.2,47.6,19.2,"","","","","",""
"A0080","Los Angeles","Long Beach","https://www.californiahealthmaps.org?address=A0080","Female","Lymph",138875,14.3,8.2,23.9,17300,"","","",25005,"","","",62710,"","","",29840,"","","",2,54477,0.0,21.7,32.3,11.8,15.5,19.2,47.6,19.2,"","","","","",""
"A0080","Los Angeles","Long Beach","https://www.californiahealthmaps.org?address=A0080","Male","Urinary",133510,"","","",19215,"","","",20610,"","","",62900,"","","",27285,"","","",2,54477,0.0,21.7,32.3,11.8,15.5,19.2,47.6,19.2,"","","","","",""
"A0080","Los Angeles","Long Beach","https://www.californiahealthmaps.org?address=A0080","Female","Urinary",138875,"","","",17300,"","","",25005,"","","",62710,"","","",29840,"","","",2,54477,0.0,21.7,32.3,11.8,15.5,19.2,47.6,19.2,"","","","","",""
"A0080","Los Angeles","Long Beach","https://www.californiahealthmaps.org?address=A0080","Male","Kidney",133510,28.8,18.7,43.5,19215,"","","",20610,"","","",62900,"","","",27285,"","","",2,54477,0.0,21.7,32.3,11.8,15.5,19.2,47.6,19.2,"","","","","",""
"A0080","Los Angeles","Long Beach","https://www.californiahealthmaps.org?address=A0080","Female","Kidney",138875,"","","",17300,"","","",25005,"","","",62710,"","","",29840,"","","",2,54477,0.0,21.7,32.3,11.8,15.5,19.2,47.6,19.2,"","","","","",""
"A0080","Los Angeles","Long Beach","https://www.californiahealthmaps.org?address=A0080","Male","Thyroid",133510,"","","",19215,"","","",20610,"","","",62900,"","","",27285,"","","",2,54477,0.0,21.7,32.3,11.8,15.5,19.2,47.6,19.2,"","","","","",""
"A0080","Los Angeles","Long Beach","https://www.californiahealthmaps.org?address=A0080","Female","Thyroid",138875,10.3,5.8,18.2,17300,"","","",25005,"","","",62710,"","","",29840,"","","",2,54477,0.0,21.7,32.3,11.8,15.5,19.2,47.6,19.2,"","","","","",""
"A0080","Los Angeles","Long Beach","https://www.californiahealthmaps.org?address=A0080","Male","Liver",133510,29.8,18.9,45.6,19215,"","","",20610,"","","",62900,"","","",27285,"","","",2,54477,0.0,21.7,32.3,11.8,15.5,19.2,47.6,19.2,"","","","","",""
"A0080","Los Angeles","Long Beach","https://www.californiahealthmaps.org?address=A0080","Female","Liver",138875,"","","",17300,"","","",25005,"","","",62710,"","","",29840,"","","",2,54477,0.0,21.7,32.3,11.8,15.5,19.2,47.6,19.2,"","","","","",""
"A0080","Los Angeles","Long Beach","https://www.californiahealthmaps.org?address=A0080","Male","Pancreas",133510,"","","",19215,"","","",20610,"","","",62900,"","","",27285,"","","",2,54477,0.0,21.7,32.3,11.8,15.5,19.2,47.6,19.2,"","","","","",""
"A0080","Los Angeles","Long Beach","https://www.californiahealthmaps.org?address=A0080","Female","Pancreas",138875,"","","",17300,"","","",25005,"","","",62710,"","","",29840,"","","",2,54477,0.0,21.7,32.3,11.8,15.5,19.2,47.6,19.2,"","","","","",""
"A0080","Los Angeles","Long Beach","https://www.californiahealthmaps.org?address=A0080","Both","AllSite",272385,455.5,426.0,486.7,36515,506.7,446.4,580.3,45615,555.6,483.2,638.0,125610,427.3,368.8,494.5,57125,342.5,292.8,399.0,2,54477,0.0,21.7,32.3,11.8,15.5,19.2,47.6,19.2,"","","","","",""
"A0080","Los Angeles","Long Beach","https://www.californiahealthmaps.org?address=A0080","Both","Lung",272385,58.0,47.5,70.3,36515,64.3,44.4,100.8,45615,108.0,77.4,149.2,125610,"","","",57125,41.8,25.2,66.0,2,54477,0.0,21.7,32.3,11.8,15.5,19.2,47.6,19.2,"","","","","",""
"A0080","Los Angeles","Long Beach","https://www.californiahealthmaps.org?address=A0080","Both","CRC",272385,44.8,36.1,55.3,36515,47.1,29.6,82.2,45615,53.4,33.6,83.8,125610,45.4,27.9,72.6,57125,43.6,27.4,67.0,2,54477,0.0,21.7,32.3,11.8,15.5,19.2,47.6,19.2,"","","","","",""
"A0080","Los Angeles","Long Beach","https://www.californiahealthmaps.org?address=A0080","Both","Mela",272385,10.7,6.4,17.0,36515,"","","",45615,"","","",125610,"","","",57125,"","","",2,54477,0.0,21.7,32.3,11.8,15.5,19.2,47.6,19.2,"","","","","",""
"A0080","Los Angeles","Long Beach","https://www.californiahealthmaps.org?address=A0080","Both","Lymph",272385,25.6,18.8,34.3,36515,31.3,17.7,63.6,45615,"","","",125610,30.6,16.6,54.8,57125,"","","",2,54477,0.0,21.7,32.3,11.8,15.5,19.2,47.6,19.2,"","","","","",""
"A0080","Los Angeles","Long Beach","https://www.californiahealthmaps.org?address=A0080","Both","Urinary",272385,9.5,5.5,15.6,36515,"","","",45615,"","","",125610,"","","",57125,"","","",2,54477,0.0,21.7,32.3,11.8,15.5,19.2,47.6,19.2,"","","","","",""
"A0080","Los Angeles","Long Beach","https://www.californiahealthmaps.org?address=A0080","Both","Kidney",272385,17.6,12.5,24.6,36515,"","","",45615,"","","",125610,"","","",57125,"","","",2,54477,0.0,21.7,32.3,11.8,15.5,19.2,47.6,19.2,"","","","","",""
"A0080","Los Angeles","Long Beach","https://www.californiahealthmaps.org?address=A0080","Both","Thyroid",272385,8.6,5.3,13.8,36515,"","","",45615,"","","",125610,"","","",57125,"","","",2,54477,0.0,21.7,32.3,11.8,15.5,19.2,47.6,19.2,"","","","","",""
"A0080","Los Angeles","Long Beach","https://www.californiahealthmaps.org?address=A0080","Both","Liver",272385,19.2,13.4,26.8,36515,"","","",45615,"","","",125610,"","","",57125,30.1,16.4,51.5,2,54477,0.0,21.7,32.3,11.8,15.5,19.2,47.6,19.2,"","","","","",""
"A0080","Los Angeles","Long Beach","https://www.californiahealthmaps.org?address=A0080","Both","Pancreas",272385,11.8,7.5,18.1,36515,"","","",45615,"","","",125610,"","","",57125,"","","",2,54477,0.0,21.7,32.3,11.8,15.5,19.2,47.6,19.2,"","","","","",""
