"Zone","Counties","Cities","URL","Sex","Cancer","PopTot","AAIR","LCI","UCI","White_PopTot","White_AAIR","White_LCI","White_UCI","Black_PopTot","Black_AAIR","Black_LCI","Black_UCI","Hispanic_PopTot","Hispanic_AAIR","Hispanic_LCI","Hispanic_UCI","Asian_PopTot","Asian_AAIR","Asian_LCI","Asian_UCI","QNSES","PopAll","PerRural","PerUninsured","PerForeignBorn","PerWhite","PerBlack","PerAsian","PerHispanic","PerAPI","PerDocvisit","PerFOBT","PerMammo","PerMenPrev","PerPap","PerWomenPrev"
"A0829","Los Angeles","","https://www.californiahealthmaps.org?address=A0829","Male","AllSite",160930,318.7,286.8,353.5,"","","","","","","","",151515,311.0,277.3,347.9,"","","","",1,65640,0.0,32.8,40.6,2.2,0.3,2.3,94.9,2.3,"","","","","",""
"A0829","Los Angeles","","https://www.californiahealthmaps.org?address=A0829","Female","AllSite",167270,322.6,295.1,352.0,"","","","","","","","",157095,302.9,274.9,333.0,"","","","",1,65640,0.0,32.8,40.6,2.2,0.3,2.3,94.9,2.3,"","","","","",""
"A0829","Los Angeles","","https://www.californiahealthmaps.org?address=A0829","Male","Prostate",160930,65.8,51.6,83.0,"","","","","","","","",151515,63.8,48.9,82.1,"","","","",1,65640,0.0,32.8,40.6,2.2,0.3,2.3,94.9,2.3,"","","","","",""
"A0829","Los Angeles","","https://www.californiahealthmaps.org?address=A0829","Female","Breast",167270,94.4,79.8,111.1,"","","","","","","","",157095,85.3,70.7,102.2,"","","","",1,65640,0.0,32.8,40.6,2.2,0.3,2.3,94.9,2.3,"","","","","",""
"A0829","Los Angeles","","https://www.californiahealthmaps.org?address=A0829","Male","Lung",160930,25.8,17.2,37.5,"","","","","","","","",151515,20.0,12.1,31.5,"","","","",1,65640,0.0,32.8,40.6,2.2,0.3,2.3,94.9,2.3,"","","","","",""
"A0829","Los Angeles","","https://www.californiahealthmaps.org?address=A0829","Female","Lung",167270,17.6,11.8,25.4,"","","","","","","","",157095,15.0,9.4,23.0,"","","","",1,65640,0.0,32.8,40.6,2.2,0.3,2.3,94.9,2.3,"","","","","",""
"A0829","Los Angeles","","https://www.californiahealthmaps.org?address=A0829","Male","CRC",160930,42.4,31.2,56.6,"","","","","","","","",151515,38.9,27.6,53.6,"","","","",1,65640,0.0,32.8,40.6,2.2,0.3,2.3,94.9,2.3,"","","","","",""
"A0829","Los Angeles","","https://www.californiahealthmaps.org?address=A0829","Female","CRC",167270,27.3,19.9,36.6,"","","","","","","","",157095,27.5,19.7,37.5,"","","","",1,65640,0.0,32.8,40.6,2.2,0.3,2.3,94.9,2.3,"","","","","",""
"A0829","Los Angeles","","https://www.californiahealthmaps.org?address=A0829","Male","Mela",160930,"","","","","","","","","","","",151515,"","","","","","","",1,65640,0.0,32.8,40.6,2.2,0.3,2.3,94.9,2.3,"","","","","",""
"A0829","Los Angeles","","https://www.californiahealthmaps.org?address=A0829","Female","Mela",167270,"","","","","","","","","","","",157095,"","","","","","","",1,65640,0.0,32.8,40.6,2.2,0.3,2.3,94.9,2.3,"","","","","",""
"A0829","Los Angeles","","https://www.californiahealthmaps.org?address=A0829","Female","Uterine",167270,39.6,30.4,50.9,"","","","","","","","",157095,35.5,26.5,46.8,"","","","",1,65640,0.0,32.8,40.6,2.2,0.3,2.3,94.9,2.3,"","","","","",""
"A0829","Los Angeles","","https://www.californiahealthmaps.org?address=A0829","Male","Lymph",160930,12.7,7.0,21.5,"","","","","","","","",151515,"","","","","","","",1,65640,0.0,32.8,40.6,2.2,0.3,2.3,94.9,2.3,"","","","","",""
"A0829","Los Angeles","","https://www.californiahealthmaps.org?address=A0829","Female","Lymph",167270,16.7,10.8,24.7,"","","","","","","","",157095,16.4,10.4,24.9,"","","","",1,65640,0.0,32.8,40.6,2.2,0.3,2.3,94.9,2.3,"","","","","",""
"A0829","Los Angeles","","https://www.californiahealthmaps.org?address=A0829","Male","Urinary",160930,"","","","","","","","","","","",151515,"","","","","","","",1,65640,0.0,32.8,40.6,2.2,0.3,2.3,94.9,2.3,"","","","","",""
"A0829","Los Angeles","","https://www.californiahealthmaps.org?address=A0829","Female","Urinary",167270,"","","","","","","","","","","",157095,"","","","","","","",1,65640,0.0,32.8,40.6,2.2,0.3,2.3,94.9,2.3,"","","","","",""
"A0829","Los Angeles","","https://www.californiahealthmaps.org?address=A0829","Male","Kidney",160930,14.6,8.6,23.7,"","","","","","","","",151515,16.5,9.6,26.8,"","","","",1,65640,0.0,32.8,40.6,2.2,0.3,2.3,94.9,2.3,"","","","","",""
"A0829","Los Angeles","","https://www.californiahealthmaps.org?address=A0829","Female","Kidney",167270,"","","","","","","","","","","",157095,"","","","","","","",1,65640,0.0,32.8,40.6,2.2,0.3,2.3,94.9,2.3,"","","","","",""
"A0829","Los Angeles","","https://www.californiahealthmaps.org?address=A0829","Male","Thyroid",160930,"","","","","","","","","","","",151515,"","","","","","","",1,65640,0.0,32.8,40.6,2.2,0.3,2.3,94.9,2.3,"","","","","",""
"A0829","Los Angeles","","https://www.californiahealthmaps.org?address=A0829","Female","Thyroid",167270,19.5,13.3,27.8,"","","","","","","","",157095,18.5,12.2,27.0,"","","","",1,65640,0.0,32.8,40.6,2.2,0.3,2.3,94.9,2.3,"","","","","",""
"A0829","Los Angeles","","https://www.californiahealthmaps.org?address=A0829","Male","Liver",160930,20.4,13.0,30.9,"","","","","","","","",151515,16.3,9.4,26.8,"","","","",1,65640,0.0,32.8,40.6,2.2,0.3,2.3,94.9,2.3,"","","","","",""
"A0829","Los Angeles","","https://www.californiahealthmaps.org?address=A0829","Female","Liver",167270,"","","","","","","","","","","",157095,"","","","","","","",1,65640,0.0,32.8,40.6,2.2,0.3,2.3,94.9,2.3,"","","","","",""
"A0829","Los Angeles","","https://www.californiahealthmaps.org?address=A0829","Male","Pancreas",160930,"","","","","","","","","","","",151515,"","","","","","","",1,65640,0.0,32.8,40.6,2.2,0.3,2.3,94.9,2.3,"","","","","",""
"A0829","Los Angeles","","https://www.californiahealthmaps.org?address=A0829","Female","Pancreas",167270,"","","","","","","","","","","",157095,"","","","","","","",1,65640,0.0,32.8,40.6,2.2,0.3,2.3,94.9,2.3,"","","","","",""
"A0829","Los Angeles","","https://www.californiahealthmaps.org?address=A0829","Both","AllSite",328200,314.7,294.2,336.3,"","","","","","","","",308610,300.4,279.2,322.9,"","","","",1,65640,0.0,32.8,40.6,2.2,0.3,2.3,94.9,2.3,"","","","","",""
"A0829","Los Angeles","","https://www.californiahealthmaps.org?address=A0829","Both","Lung",328200,21.1,16.0,27.3,"","","","","","","","",308610,17.1,12.3,23.3,"","","","",1,65640,0.0,32.8,40.6,2.2,0.3,2.3,94.9,2.3,"","","","","",""
"A0829","Los Angeles","","https://www.californiahealthmaps.org?address=A0829","Both","CRC",328200,33.4,27.0,41.0,"","","","","","","","",308610,32.1,25.4,40.1,"","","","",1,65640,0.0,32.8,40.6,2.2,0.3,2.3,94.9,2.3,"","","","","",""
"A0829","Los Angeles","","https://www.californiahealthmaps.org?address=A0829","Both","Mela",328200,"","","","","","","","","","","",308610,"","","","","","","",1,65640,0.0,32.8,40.6,2.2,0.3,2.3,94.9,2.3,"","","","","",""
"A0829","Los Angeles","","https://www.californiahealthmaps.org?address=A0829","Both","Lymph",328200,15.0,10.7,20.5,"","","","","","","","",308610,15.3,10.7,21.2,"","","","",1,65640,0.0,32.8,40.6,2.2,0.3,2.3,94.9,2.3,"","","","","",""
"A0829","Los Angeles","","https://www.californiahealthmaps.org?address=A0829","Both","Urinary",328200,"","","","","","","","","","","",308610,"","","","","","","",1,65640,0.0,32.8,40.6,2.2,0.3,2.3,94.9,2.3,"","","","","",""
"A0829","Los Angeles","","https://www.californiahealthmaps.org?address=A0829","Both","Kidney",328200,10.0,6.6,14.7,"","","","","","","","",308610,11.2,7.4,16.4,"","","","",1,65640,0.0,32.8,40.6,2.2,0.3,2.3,94.9,2.3,"","","","","",""
"A0829","Los Angeles","","https://www.californiahealthmaps.org?address=A0829","Both","Thyroid",328200,11.2,7.8,15.8,"","","","","","","","",308610,10.6,7.1,15.4,"","","","",1,65640,0.0,32.8,40.6,2.2,0.3,2.3,94.9,2.3,"","","","","",""
"A0829","Los Angeles","","https://www.californiahealthmaps.org?address=A0829","Both","Liver",328200,12.6,8.8,17.7,"","","","","","","","",308610,11.2,7.4,16.5,"","","","",1,65640,0.0,32.8,40.6,2.2,0.3,2.3,94.9,2.3,"","","","","",""
"A0829","Los Angeles","","https://www.californiahealthmaps.org?address=A0829","Both","Pancreas",328200,7.6,4.7,11.8,"","","","","","","","",308610,8.2,5.0,12.8,"","","","",1,65640,0.0,32.8,40.6,2.2,0.3,2.3,94.9,2.3,"","","","","",""
