"Zone","Counties","Cities","URL","Sex","Cancer","PopTot","AAIR","LCI","UCI","White_PopTot","White_AAIR","White_LCI","White_UCI","Black_PopTot","Black_AAIR","Black_LCI","Black_UCI","Hispanic_PopTot","Hispanic_AAIR","Hispanic_LCI","Hispanic_UCI","Asian_PopTot","Asian_AAIR","Asian_LCI","Asian_UCI","QNSES","PopAll","PerRural","PerUninsured","PerForeignBorn","PerWhite","PerBlack","PerAsian","PerHispanic"
"A0591","Los Angeles","Arcadia","https://www.californiahealthmaps.org?address=A0591","Male","AllSite",147305,362.5,333.2,394.0,37465,404.7,354.2,465.2,"","","","",37290,347.0,274.1,436.2,63880,322.1,276.6,373.6,4,61681,0.0,15.8,41.9,27.8,3.3,41.6,24.4
"A0591","Los Angeles","Arcadia","https://www.californiahealthmaps.org?address=A0591","Female","AllSite",161100,391.6,364.1,421.1,40080,403.8,353.3,464.5,"","","","",39920,402.0,336.0,478.0,71730,360.2,319.0,406.6,4,61681,0.0,15.8,41.9,27.8,3.3,41.6,24.4
"A0591","Los Angeles","Arcadia","https://www.californiahealthmaps.org?address=A0591","Male","Prostate",147305,76.8,63.8,92.0,37465,87.5,66.3,119.8,"","","","",37290,73.7,42.2,122.9,63880,58.6,40.2,83.4,4,61681,0.0,15.8,41.9,27.8,3.3,41.6,24.4
"A0591","Los Angeles","Arcadia","https://www.californiahealthmaps.org?address=A0591","Female","Breast",161100,138.8,122.6,156.9,40080,156.6,125.5,198.7,"","","","",39920,107.4,75.4,149.8,71730,130.4,106.6,159.4,4,61681,0.0,15.8,41.9,27.8,3.3,41.6,24.4
"A0591","Los Angeles","Arcadia","https://www.californiahealthmaps.org?address=A0591","Male","Lung",147305,41.7,32.1,53.6,37465,39.2,25.5,65.0,"","","","",37290,"","","",63880,59.8,40.4,85.6,4,61681,0.0,15.8,41.9,27.8,3.3,41.6,24.4
"A0591","Los Angeles","Arcadia","https://www.californiahealthmaps.org?address=A0591","Female","Lung",161100,39.2,31.0,49.4,40080,38.1,26.2,62.3,"","","","",39920,"","","",71730,41.7,27.9,61.5,4,61681,0.0,15.8,41.9,27.8,3.3,41.6,24.4
"A0591","Los Angeles","Arcadia","https://www.californiahealthmaps.org?address=A0591","Male","CRC",147305,49.9,39.5,62.4,37465,47.2,32.0,74.3,"","","","",37290,"","","",63880,51.8,35.1,74.6,4,61681,0.0,15.8,41.9,27.8,3.3,41.6,24.4
"A0591","Los Angeles","Arcadia","https://www.californiahealthmaps.org?address=A0591","Female","CRC",161100,38.4,30.4,48.5,40080,26.4,15.2,50.9,"","","","",39920,73.8,45.9,113.1,71730,32.6,21.0,50.0,4,61681,0.0,15.8,41.9,27.8,3.3,41.6,24.4
"A0591","Los Angeles","Arcadia","https://www.californiahealthmaps.org?address=A0591","Male","Mela",147305,20.0,13.5,28.6,37465,45.4,28.3,75.1,"","","","",37290,"","","",63880,"","","",4,61681,0.0,15.8,41.9,27.8,3.3,41.6,24.4
"A0591","Los Angeles","Arcadia","https://www.californiahealthmaps.org?address=A0591","Female","Mela",161100,5.2,2.4,10.5,40080,"","","","","","","",39920,"","","",71730,"","","",4,61681,0.0,15.8,41.9,27.8,3.3,41.6,24.4
"A0591","Los Angeles","Arcadia","https://www.californiahealthmaps.org?address=A0591","Female","Uterine",161100,25.8,19.3,34.4,40080,30.9,19.7,54.8,"","","","",39920,"","","",71730,18.9,10.8,32.7,4,61681,0.0,15.8,41.9,27.8,3.3,41.6,24.4
"A0591","Los Angeles","Arcadia","https://www.californiahealthmaps.org?address=A0591","Male","Lymph",147305,15.6,9.9,23.6,37465,23.6,12.6,48.0,"","","","",37290,"","","",63880,"","","",4,61681,0.0,15.8,41.9,27.8,3.3,41.6,24.4
"A0591","Los Angeles","Arcadia","https://www.californiahealthmaps.org?address=A0591","Female","Lymph",161100,15.9,10.8,23.0,40080,"","","","","","","",39920,"","","",71730,"","","",4,61681,0.0,15.8,41.9,27.8,3.3,41.6,24.4
"A0591","Los Angeles","Arcadia","https://www.californiahealthmaps.org?address=A0591","Male","Urinary",147305,14.4,9.0,22.1,37465,"","","","","","","",37290,"","","",63880,"","","",4,61681,0.0,15.8,41.9,27.8,3.3,41.6,24.4
"A0591","Los Angeles","Arcadia","https://www.californiahealthmaps.org?address=A0591","Female","Urinary",161100,4.0,1.8,8.5,40080,"","","","","","","",39920,"","","",71730,"","","",4,61681,0.0,15.8,41.9,27.8,3.3,41.6,24.4
"A0591","Los Angeles","Arcadia","https://www.californiahealthmaps.org?address=A0591","Male","Kidney",147305,15.6,10.1,23.4,37465,"","","","","","","",37290,"","","",63880,"","","",4,61681,0.0,15.8,41.9,27.8,3.3,41.6,24.4
"A0591","Los Angeles","Arcadia","https://www.californiahealthmaps.org?address=A0591","Female","Kidney",161100,10.2,6.1,16.5,40080,"","","","","","","",39920,"","","",71730,"","","",4,61681,0.0,15.8,41.9,27.8,3.3,41.6,24.4
"A0591","Los Angeles","Arcadia","https://www.californiahealthmaps.org?address=A0591","Male","Thyroid",147305,7.5,4.0,13.4,37465,"","","","","","","",37290,"","","",63880,"","","",4,61681,0.0,15.8,41.9,27.8,3.3,41.6,24.4
"A0591","Los Angeles","Arcadia","https://www.californiahealthmaps.org?address=A0591","Female","Thyroid",161100,24.9,17.9,34.0,40080,"","","","","","","",39920,"","","",71730,25.4,15.5,41.2,4,61681,0.0,15.8,41.9,27.8,3.3,41.6,24.4
"A0591","Los Angeles","Arcadia","https://www.californiahealthmaps.org?address=A0591","Both","AllSite",308405,376.3,356.2,397.3,77545,401.3,365.8,441.7,10610,482.4,367.9,632.7,77210,375.0,325.9,430.2,135610,342.5,311.7,375.9,4,61681,0.0,15.8,41.9,27.8,3.3,41.6,24.4
"A0591","Los Angeles","Arcadia","https://www.californiahealthmaps.org?address=A0591","Both","Lung",308405,40.0,33.7,47.3,77545,39.4,30.1,54.4,10610,"","","",77210,32.6,18.8,53.4,135610,48.6,37.1,63.2,4,61681,0.0,15.8,41.9,27.8,3.3,41.6,24.4
"A0591","Los Angeles","Arcadia","https://www.californiahealthmaps.org?address=A0591","Both","CRC",308405,43.6,37.1,51.1,77545,35.9,26.5,51.1,10610,"","","",77210,63.7,43.5,90.7,135610,41.0,30.9,53.9,4,61681,0.0,15.8,41.9,27.8,3.3,41.6,24.4
"A0591","Los Angeles","Arcadia","https://www.californiahealthmaps.org?address=A0591","Both","Mela",308405,11.9,8.5,16.3,77545,28.4,18.4,44.7,10610,"","","",77210,"","","",135610,"","","",4,61681,0.0,15.8,41.9,27.8,3.3,41.6,24.4
"A0591","Los Angeles","Arcadia","https://www.californiahealthmaps.org?address=A0591","Both","Lymph",308405,15.7,11.8,20.7,77545,19.0,11.5,32.9,10610,"","","",77210,"","","",135610,"","","",4,61681,0.0,15.8,41.9,27.8,3.3,41.6,24.4
"A0591","Los Angeles","Arcadia","https://www.californiahealthmaps.org?address=A0591","Both","Urinary",308405,8.2,5.5,11.9,77545,10.9,6.3,22.1,10610,"","","",77210,"","","",135610,"","","",4,61681,0.0,15.8,41.9,27.8,3.3,41.6,24.4
"A0591","Los Angeles","Arcadia","https://www.californiahealthmaps.org?address=A0591","Both","Kidney",308405,12.7,9.2,17.2,77545,14.1,8.2,26.5,10610,"","","",77210,"","","",135610,"","","",4,61681,0.0,15.8,41.9,27.8,3.3,41.6,24.4
"A0591","Los Angeles","Arcadia","https://www.californiahealthmaps.org?address=A0591","Both","Thyroid",308405,16.6,12.5,21.8,77545,"","","",10610,"","","",77210,"","","",135610,17.2,11.1,26.3,4,61681,0.0,15.8,41.9,27.8,3.3,41.6,24.4
