"Zone","Counties","Cities","URL","Sex","Cancer","PopTot","AAIR","LCI","UCI","White_PopTot","White_AAIR","White_LCI","White_UCI","Black_PopTot","Black_AAIR","Black_LCI","Black_UCI","Hispanic_PopTot","Hispanic_AAIR","Hispanic_LCI","Hispanic_UCI","Asian_PopTot","Asian_AAIR","Asian_LCI","Asian_UCI","QNSES","PopAll","PerRural","PerUninsured","PerForeignBorn","PerWhite","PerBlack","PerAsian","PerHispanic","PerAPI","PerDocvisit","PerFOBT","PerMammo","PerMenPrev","PerPap","PerWomenPrev"
"A0108","Alameda","Dublin, Livermore","https://www.californiahealthmaps.org?address=A0108","Male","AllSite",181165,521.6,479.7,566.9,91310,574.4,519.9,633.7,15860,201.2,121.2,1283.4,36620,334.1,237.0,472.1,30185,559.6,445.4,707.4,5,70396,0.8,9.4,21.7,54.2,5.2,16.9,20.2,16.9,"","","","","",""
"A0108","Alameda","Dublin, Livermore","https://www.californiahealthmaps.org?address=A0108","Female","AllSite",170815,517.3,480.5,556.4,90120,553.2,506.1,604.0,"","","","",35190,408.1,314.7,527.2,31510,467.7,380.9,573.1,5,70396,0.8,9.4,21.7,54.2,5.2,16.9,20.2,16.9,"","","","","",""
"A0108","Alameda","Dublin, Livermore","https://www.californiahealthmaps.org?address=A0108","Male","Prostate",181165,118.7,100.1,140.8,91310,119.9,96.6,148.0,15860,"","","",36620,105.5,56.6,199.4,30185,108.6,64.4,190.9,5,70396,0.8,9.4,21.7,54.2,5.2,16.9,20.2,16.9,"","","","","",""
"A0108","Alameda","Dublin, Livermore","https://www.californiahealthmaps.org?address=A0108","Female","Breast",170815,170.1,149.7,192.9,90120,184.5,158.2,214.6,"","","","",35190,129.6,81.8,204.0,31510,153.3,110.0,215.0,5,70396,0.8,9.4,21.7,54.2,5.2,16.9,20.2,16.9,"","","","","",""
"A0108","Alameda","Dublin, Livermore","https://www.californiahealthmaps.org?address=A0108","Male","Lung",181165,62.2,47.7,80.6,91310,70.3,51.0,94.9,15860,"","","",36620,"","","",30185,"","","",5,70396,0.8,9.4,21.7,54.2,5.2,16.9,20.2,16.9,"","","","","",""
"A0108","Alameda","Dublin, Livermore","https://www.californiahealthmaps.org?address=A0108","Female","Lung",170815,46.0,34.9,59.7,90120,46.3,33.1,63.5,"","","","",35190,"","","",31510,"","","",5,70396,0.8,9.4,21.7,54.2,5.2,16.9,20.2,16.9,"","","","","",""
"A0108","Alameda","Dublin, Livermore","https://www.californiahealthmaps.org?address=A0108","Male","CRC",181165,53.7,40.6,70.5,91310,53.9,37.7,75.4,15860,"","","",36620,"","","",30185,79.7,45.5,152.9,5,70396,0.8,9.4,21.7,54.2,5.2,16.9,20.2,16.9,"","","","","",""
"A0108","Alameda","Dublin, Livermore","https://www.californiahealthmaps.org?address=A0108","Female","CRC",170815,47.6,36.6,61.2,90120,49.2,35.7,66.8,"","","","",35190,"","","",31510,"","","",5,70396,0.8,9.4,21.7,54.2,5.2,16.9,20.2,16.9,"","","","","",""
"A0108","Alameda","Dublin, Livermore","https://www.californiahealthmaps.org?address=A0108","Male","Mela",181165,45.8,33.6,61.8,91310,63.8,46.5,86.2,15860,"","","",36620,"","","",30185,"","","",5,70396,0.8,9.4,21.7,54.2,5.2,16.9,20.2,16.9,"","","","","",""
"A0108","Alameda","Dublin, Livermore","https://www.californiahealthmaps.org?address=A0108","Female","Mela",170815,34.6,26.0,45.7,90120,42.7,30.5,58.7,"","","","",35190,"","","",31510,"","","",5,70396,0.8,9.4,21.7,54.2,5.2,16.9,20.2,16.9,"","","","","",""
"A0108","Alameda","Dublin, Livermore","https://www.californiahealthmaps.org?address=A0108","Female","Uterine",170815,33.1,24.5,44.2,90120,36.9,26.0,51.7,"","","","",35190,"","","",31510,"","","",5,70396,0.8,9.4,21.7,54.2,5.2,16.9,20.2,16.9,"","","","","",""
"A0108","Alameda","Dublin, Livermore","https://www.californiahealthmaps.org?address=A0108","Male","Lymph",181165,24.6,16.4,36.7,91310,22.4,13.3,36.6,15860,"","","",36620,"","","",30185,"","","",5,70396,0.8,9.4,21.7,54.2,5.2,16.9,20.2,16.9,"","","","","",""
"A0108","Alameda","Dublin, Livermore","https://www.californiahealthmaps.org?address=A0108","Female","Lymph",170815,20.6,13.8,30.1,90120,22.5,13.9,35.2,"","","","",35190,"","","",31510,"","","",5,70396,0.8,9.4,21.7,54.2,5.2,16.9,20.2,16.9,"","","","","",""
"A0108","Alameda","Dublin, Livermore","https://www.californiahealthmaps.org?address=A0108","Male","Urinary",181165,21.5,12.9,34.5,91310,"","","",15860,"","","",36620,"","","",30185,"","","",5,70396,0.8,9.4,21.7,54.2,5.2,16.9,20.2,16.9,"","","","","",""
"A0108","Alameda","Dublin, Livermore","https://www.californiahealthmaps.org?address=A0108","Female","Urinary",170815,"","","",90120,"","","","","","","",35190,"","","",31510,"","","",5,70396,0.8,9.4,21.7,54.2,5.2,16.9,20.2,16.9,"","","","","",""
"A0108","Alameda","Dublin, Livermore","https://www.californiahealthmaps.org?address=A0108","Male","Kidney",181165,21.7,14.1,33.1,91310,22.7,13.6,36.8,15860,"","","",36620,"","","",30185,"","","",5,70396,0.8,9.4,21.7,54.2,5.2,16.9,20.2,16.9,"","","","","",""
"A0108","Alameda","Dublin, Livermore","https://www.californiahealthmaps.org?address=A0108","Female","Kidney",170815,"","","",90120,"","","","","","","",35190,"","","",31510,"","","",5,70396,0.8,9.4,21.7,54.2,5.2,16.9,20.2,16.9,"","","","","",""
"A0108","Alameda","Dublin, Livermore","https://www.californiahealthmaps.org?address=A0108","Male","Thyroid",181165,"","","",91310,"","","",15860,"","","",36620,"","","",30185,"","","",5,70396,0.8,9.4,21.7,54.2,5.2,16.9,20.2,16.9,"","","","","",""
"A0108","Alameda","Dublin, Livermore","https://www.californiahealthmaps.org?address=A0108","Female","Thyroid",170815,22.3,15.9,31.0,90120,24.2,15.1,37.2,"","","","",35190,"","","",31510,"","","",5,70396,0.8,9.4,21.7,54.2,5.2,16.9,20.2,16.9,"","","","","",""
"A0108","Alameda","Dublin, Livermore","https://www.californiahealthmaps.org?address=A0108","Male","Liver",181165,16.0,9.6,26.4,91310,"","","",15860,"","","",36620,"","","",30185,"","","",5,70396,0.8,9.4,21.7,54.2,5.2,16.9,20.2,16.9,"","","","","",""
"A0108","Alameda","Dublin, Livermore","https://www.californiahealthmaps.org?address=A0108","Female","Liver",170815,"","","",90120,"","","","","","","",35190,"","","",31510,"","","",5,70396,0.8,9.4,21.7,54.2,5.2,16.9,20.2,16.9,"","","","","",""
"A0108","Alameda","Dublin, Livermore","https://www.californiahealthmaps.org?address=A0108","Male","Pancreas",181165,12.3,6.4,22.4,91310,"","","",15860,"","","",36620,"","","",30185,"","","",5,70396,0.8,9.4,21.7,54.2,5.2,16.9,20.2,16.9,"","","","","",""
"A0108","Alameda","Dublin, Livermore","https://www.californiahealthmaps.org?address=A0108","Female","Pancreas",170815,14.2,8.5,22.6,90120,"","","","","","","",35190,"","","",31510,"","","",5,70396,0.8,9.4,21.7,54.2,5.2,16.9,20.2,16.9,"","","","","",""
"A0108","Alameda","Dublin, Livermore","https://www.californiahealthmaps.org?address=A0108","Both","AllSite",351980,512.1,484.9,540.7,181430,554.9,519.7,592.2,22220,243.7,170.9,768.6,71810,368.4,301.0,449.5,61695,503.6,433.8,585.0,5,70396,0.8,9.4,21.7,54.2,5.2,16.9,20.2,16.9,"","","","","",""
"A0108","Alameda","Dublin, Livermore","https://www.californiahealthmaps.org?address=A0108","Both","Lung",351980,54.4,45.1,65.2,181430,57.3,45.7,71.0,22220,"","","",71810,"","","",61695,63.4,37.9,102.9,5,70396,0.8,9.4,21.7,54.2,5.2,16.9,20.2,16.9,"","","","","",""
"A0108","Alameda","Dublin, Livermore","https://www.californiahealthmaps.org?address=A0108","Both","CRC",351980,50.4,41.8,60.3,181430,50.6,40.2,63.2,22220,"","","",71810,"","","",61695,66.9,42.0,105.1,5,70396,0.8,9.4,21.7,54.2,5.2,16.9,20.2,16.9,"","","","","",""
"A0108","Alameda","Dublin, Livermore","https://www.californiahealthmaps.org?address=A0108","Both","Mela",351980,38.1,31.1,46.4,181430,49.9,40.0,61.8,22220,"","","",71810,"","","",61695,"","","",5,70396,0.8,9.4,21.7,54.2,5.2,16.9,20.2,16.9,"","","","","",""
"A0108","Alameda","Dublin, Livermore","https://www.californiahealthmaps.org?address=A0108","Both","Lymph",351980,22.2,16.9,28.9,181430,22.4,16.0,31.0,22220,"","","",71810,"","","",61695,"","","",5,70396,0.8,9.4,21.7,54.2,5.2,16.9,20.2,16.9,"","","","","",""
"A0108","Alameda","Dublin, Livermore","https://www.californiahealthmaps.org?address=A0108","Both","Urinary",351980,11.8,7.6,17.5,181430,11.0,6.2,18.1,22220,"","","",71810,"","","",61695,"","","",5,70396,0.8,9.4,21.7,54.2,5.2,16.9,20.2,16.9,"","","","","",""
"A0108","Alameda","Dublin, Livermore","https://www.californiahealthmaps.org?address=A0108","Both","Kidney",351980,14.2,10.1,19.8,181430,15.2,10.0,22.5,22220,"","","",71810,"","","",61695,"","","",5,70396,0.8,9.4,21.7,54.2,5.2,16.9,20.2,16.9,"","","","","",""
"A0108","Alameda","Dublin, Livermore","https://www.californiahealthmaps.org?address=A0108","Both","Thyroid",351980,14.6,10.9,19.6,181430,17.5,12.0,25.2,22220,"","","",71810,"","","",61695,"","","",5,70396,0.8,9.4,21.7,54.2,5.2,16.9,20.2,16.9,"","","","","",""
"A0108","Alameda","Dublin, Livermore","https://www.californiahealthmaps.org?address=A0108","Both","Liver",351980,11.4,7.6,16.6,181430,9.7,5.6,16.1,22220,"","","",71810,"","","",61695,"","","",5,70396,0.8,9.4,21.7,54.2,5.2,16.9,20.2,16.9,"","","","","",""
"A0108","Alameda","Dublin, Livermore","https://www.californiahealthmaps.org?address=A0108","Both","Pancreas",351980,13.0,8.9,18.6,181430,13.9,8.9,21.0,22220,"","","",71810,"","","",61695,"","","",5,70396,0.8,9.4,21.7,54.2,5.2,16.9,20.2,16.9,"","","","","",""
