"Zone","Counties","Cities","URL","Sex","Cancer","PopTot","AAIR","LCI","UCI","White_PopTot","White_AAIR","White_LCI","White_UCI","Black_PopTot","Black_AAIR","Black_LCI","Black_UCI","Hispanic_PopTot","Hispanic_AAIR","Hispanic_LCI","Hispanic_UCI","Asian_PopTot","Asian_AAIR","Asian_LCI","Asian_UCI","QNSES","PopAll","PerRural","PerUninsured","PerForeignBorn","PerWhite","PerBlack","PerAsian","PerHispanic"
"A0416","Orange","Aliso Viejo","https://www.californiahealthmaps.org?address=A0416","Male","AllSite",141685,508.9,475.0,545.1,88920,505.4,465.6,548.9,"","","","",26325,457.7,337.2,614.0,18115,574.5,466.1,705.1,4,62805,0.0,10.4,25.4,63.4,2.2,13.6,17.2
"A0416","Orange","Aliso Viejo","https://www.californiahealthmaps.org?address=A0416","Female","AllSite",172340,452.7,425.0,482.4,112465,475.6,440.9,513.8,"","","","",28035,345.7,272.2,434.7,23225,423.9,351.8,512.4,4,62805,0.0,10.4,25.4,63.4,2.2,13.6,17.2
"A0416","Orange","Aliso Viejo","https://www.californiahealthmaps.org?address=A0416","Male","Prostate",141685,106.5,91.1,124.2,88920,104.3,86.7,125.9,"","","","",26325,"","","",18115,78.8,45.0,135.8,4,62805,0.0,10.4,25.4,63.4,2.2,13.6,17.2
"A0416","Orange","Aliso Viejo","https://www.californiahealthmaps.org?address=A0416","Female","Breast",172340,157.5,141.2,175.8,112465,164.4,144.3,188.1,"","","","",28035,108.2,69.5,162.9,23225,148.6,108.3,206.4,4,62805,0.0,10.4,25.4,63.4,2.2,13.6,17.2
"A0416","Orange","Aliso Viejo","https://www.californiahealthmaps.org?address=A0416","Male","Lung",141685,52.1,41.9,64.5,88920,49.4,38.1,64.9,"","","","",26325,"","","",18115,"","","",4,62805,0.0,10.4,25.4,63.4,2.2,13.6,17.2
"A0416","Orange","Aliso Viejo","https://www.californiahealthmaps.org?address=A0416","Female","Lung",172340,42.4,35.0,51.8,112465,47.1,38.1,59.9,"","","","",28035,"","","",23225,"","","",4,62805,0.0,10.4,25.4,63.4,2.2,13.6,17.2
"A0416","Orange","Aliso Viejo","https://www.californiahealthmaps.org?address=A0416","Male","CRC",141685,40.2,31.2,51.6,88920,42.5,31.6,57.7,"","","","",26325,"","","",18115,"","","",4,62805,0.0,10.4,25.4,63.4,2.2,13.6,17.2
"A0416","Orange","Aliso Viejo","https://www.californiahealthmaps.org?address=A0416","Female","CRC",172340,33.3,26.1,42.6,112465,35.4,26.4,48.6,"","","","",28035,"","","",23225,"","","",4,62805,0.0,10.4,25.4,63.4,2.2,13.6,17.2
"A0416","Orange","Aliso Viejo","https://www.californiahealthmaps.org?address=A0416","Male","Mela",141685,34.0,25.9,44.5,88920,38.6,28.4,53.2,"","","","",26325,"","","",18115,"","","",4,62805,0.0,10.4,25.4,63.4,2.2,13.6,17.2
"A0416","Orange","Aliso Viejo","https://www.californiahealthmaps.org?address=A0416","Female","Mela",172340,27.2,20.7,36.0,112465,36.1,26.7,49.6,"","","","",28035,"","","",23225,"","","",4,62805,0.0,10.4,25.4,63.4,2.2,13.6,17.2
"A0416","Orange","Aliso Viejo","https://www.californiahealthmaps.org?address=A0416","Female","Uterine",172340,27.3,21.1,35.7,112465,27.0,19.8,38.3,"","","","",28035,"","","",23225,"","","",4,62805,0.0,10.4,25.4,63.4,2.2,13.6,17.2
"A0416","Orange","Aliso Viejo","https://www.californiahealthmaps.org?address=A0416","Male","Lymph",141685,36.4,27.7,47.6,88920,38.5,27.7,53.7,"","","","",26325,"","","",18115,"","","",4,62805,0.0,10.4,25.4,63.4,2.2,13.6,17.2
"A0416","Orange","Aliso Viejo","https://www.californiahealthmaps.org?address=A0416","Female","Lymph",172340,17.2,12.3,24.2,112465,15.3,10.1,24.9,"","","","",28035,"","","",23225,"","","",4,62805,0.0,10.4,25.4,63.4,2.2,13.6,17.2
"A0416","Orange","Aliso Viejo","https://www.californiahealthmaps.org?address=A0416","Male","Urinary",141685,20.2,14.3,28.5,88920,22.3,15.0,34.0,"","","","",26325,"","","",18115,"","","",4,62805,0.0,10.4,25.4,63.4,2.2,13.6,17.2
"A0416","Orange","Aliso Viejo","https://www.californiahealthmaps.org?address=A0416","Female","Urinary",172340,2.1,0.9,6.1,112465,"","","","","","","",28035,"","","",23225,"","","",4,62805,0.0,10.4,25.4,63.4,2.2,13.6,17.2
"A0416","Orange","Aliso Viejo","https://www.californiahealthmaps.org?address=A0416","Male","Kidney",141685,30.8,22.6,41.4,88920,30.1,20.6,44.1,"","","","",26325,"","","",18115,"","","",4,62805,0.0,10.4,25.4,63.4,2.2,13.6,17.2
"A0416","Orange","Aliso Viejo","https://www.californiahealthmaps.org?address=A0416","Female","Kidney",172340,7.4,4.3,12.9,112465,"","","","","","","",28035,"","","",23225,"","","",4,62805,0.0,10.4,25.4,63.4,2.2,13.6,17.2
"A0416","Orange","Aliso Viejo","https://www.californiahealthmaps.org?address=A0416","Male","Thyroid",141685,6.3,3.0,12.2,88920,"","","","","","","",26325,"","","",18115,"","","",4,62805,0.0,10.4,25.4,63.4,2.2,13.6,17.2
"A0416","Orange","Aliso Viejo","https://www.californiahealthmaps.org?address=A0416","Female","Thyroid",172340,25.4,18.4,34.8,112465,18.3,11.4,29.9,"","","","",28035,"","","",23225,"","","",4,62805,0.0,10.4,25.4,63.4,2.2,13.6,17.2
"A0416","Orange","Aliso Viejo","https://www.californiahealthmaps.org?address=A0416","Both","AllSite",314025,467.0,445.9,489.2,201385,477.7,452.2,505.0,"","","","",54360,369.2,307.6,441.2,41340,478.3,417.2,548.4,4,62805,0.0,10.4,25.4,63.4,2.2,13.6,17.2
"A0416","Orange","Aliso Viejo","https://www.californiahealthmaps.org?address=A0416","Both","Lung",314025,45.7,39.6,52.7,201385,47.5,40.4,56.4,"","","","",54360,"","","",41340,51.6,33.3,80.1,4,62805,0.0,10.4,25.4,63.4,2.2,13.6,17.2
"A0416","Orange","Aliso Viejo","https://www.californiahealthmaps.org?address=A0416","Both","CRC",314025,35.5,29.9,42.1,201385,37.6,30.7,46.4,"","","","",54360,"","","",41340,46.0,27.8,74.9,4,62805,0.0,10.4,25.4,63.4,2.2,13.6,17.2
"A0416","Orange","Aliso Viejo","https://www.californiahealthmaps.org?address=A0416","Both","Mela",314025,29.3,24.1,35.4,201385,36.0,29.1,44.8,"","","","",54360,"","","",41340,"","","",4,62805,0.0,10.4,25.4,63.4,2.2,13.6,17.2
"A0416","Orange","Aliso Viejo","https://www.californiahealthmaps.org?address=A0416","Both","Lymph",314025,24.9,20.2,30.6,201385,25.1,19.4,32.8,"","","","",54360,"","","",41340,"","","",4,62805,0.0,10.4,25.4,63.4,2.2,13.6,17.2
"A0416","Orange","Aliso Viejo","https://www.californiahealthmaps.org?address=A0416","Both","Urinary",314025,8.8,6.4,12.4,201385,9.9,6.8,15.2,"","","","",54360,"","","",41340,"","","",4,62805,0.0,10.4,25.4,63.4,2.2,13.6,17.2
"A0416","Orange","Aliso Viejo","https://www.californiahealthmaps.org?address=A0416","Both","Kidney",314025,17.2,13.2,22.3,201385,15.9,11.4,22.5,"","","","",54360,"","","",41340,"","","",4,62805,0.0,10.4,25.4,63.4,2.2,13.6,17.2
"A0416","Orange","Aliso Viejo","https://www.californiahealthmaps.org?address=A0416","Both","Thyroid",314025,16.6,12.5,22.0,201385,13.1,8.8,19.7,"","","","",54360,"","","",41340,"","","",4,62805,0.0,10.4,25.4,63.4,2.2,13.6,17.2
