"Zone","Counties","Cities","URL","Sex","Cancer","PopTot","AAIR","LCI","UCI","White_PopTot","White_AAIR","White_LCI","White_UCI","Black_PopTot","Black_AAIR","Black_LCI","Black_UCI","Hispanic_PopTot","Hispanic_AAIR","Hispanic_LCI","Hispanic_UCI","Asian_PopTot","Asian_AAIR","Asian_LCI","Asian_UCI","QNSES","PopAll","PerRural","PerUninsured","PerForeignBorn","PerWhite","PerBlack","PerAsian","PerHispanic"
"B0219","Yuba","Marysville, Wheatland","https://www.californiahealthmaps.org?address=B0219","Male","AllSite",181760,525.9,488.9,565.3,106475,539.9,497.1,585.8,"","","","",45920,469.9,369.9,594.1,12285,555.0,389.2,785.4,1,72155,30.7,15.4,12.1,58.5,2.7,7.4,25.2
"B0219","Yuba","Marysville, Wheatland","https://www.californiahealthmaps.org?address=B0219","Female","AllSite",179015,442.7,411.1,476.4,105605,463.6,425.8,504.3,"","","","",44335,388.1,305.0,491.4,12615,347.3,242.7,485.4,1,72155,30.7,15.4,12.1,58.5,2.7,7.4,25.2
"B0219","Yuba","Marysville, Wheatland","https://www.californiahealthmaps.org?address=B0219","Male","Prostate",181760,89.8,74.9,107.2,106475,85.2,69.0,104.7,"","","","",45920,120.7,72.0,196.1,12285,"","","",1,72155,30.7,15.4,12.1,58.5,2.7,7.4,25.2
"B0219","Yuba","Marysville, Wheatland","https://www.californiahealthmaps.org?address=B0219","Female","Breast",179015,116.6,100.9,134.3,105605,122.3,103.5,144.0,"","","","",44335,103.1,66.4,159.9,12615,"","","",1,72155,30.7,15.4,12.1,58.5,2.7,7.4,25.2
"B0219","Yuba","Marysville, Wheatland","https://www.californiahealthmaps.org?address=B0219","Male","Lung",181760,86.2,71.2,103.8,106475,97.6,79.8,118.6,"","","","",45920,"","","",12285,"","","",1,72155,30.7,15.4,12.1,58.5,2.7,7.4,25.2
"B0219","Yuba","Marysville, Wheatland","https://www.californiahealthmaps.org?address=B0219","Female","Lung",179015,60.7,49.2,74.4,105605,67.9,54.2,84.6,"","","","",44335,"","","",12615,"","","",1,72155,30.7,15.4,12.1,58.5,2.7,7.4,25.2
"B0219","Yuba","Marysville, Wheatland","https://www.californiahealthmaps.org?address=B0219","Male","CRC",181760,48.1,37.4,61.3,106475,50.1,37.3,66.1,"","","","",45920,"","","",12285,"","","",1,72155,30.7,15.4,12.1,58.5,2.7,7.4,25.2
"B0219","Yuba","Marysville, Wheatland","https://www.californiahealthmaps.org?address=B0219","Female","CRC",179015,35.9,27.2,46.8,105605,38.2,27.8,51.7,"","","","",44335,"","","",12615,"","","",1,72155,30.7,15.4,12.1,58.5,2.7,7.4,25.2
"B0219","Yuba","Marysville, Wheatland","https://www.californiahealthmaps.org?address=B0219","Male","Mela",181760,37.0,27.6,49.0,106475,45.7,33.6,61.2,"","","","",45920,"","","",12285,"","","",1,72155,30.7,15.4,12.1,58.5,2.7,7.4,25.2
"B0219","Yuba","Marysville, Wheatland","https://www.californiahealthmaps.org?address=B0219","Female","Mela",179015,23.8,16.8,32.9,105605,27.9,18.9,40.3,"","","","",44335,"","","",12615,"","","",1,72155,30.7,15.4,12.1,58.5,2.7,7.4,25.2
"B0219","Yuba","Marysville, Wheatland","https://www.californiahealthmaps.org?address=B0219","Female","Uterine",179015,31.2,23.3,41.1,105605,32.4,23.0,45.0,"","","","",44335,"","","",12615,"","","",1,72155,30.7,15.4,12.1,58.5,2.7,7.4,25.2
"B0219","Yuba","Marysville, Wheatland","https://www.californiahealthmaps.org?address=B0219","Male","Lymph",181760,31.5,23.0,42.6,106475,29.2,20.1,41.5,"","","","",45920,"","","",12285,"","","",1,72155,30.7,15.4,12.1,58.5,2.7,7.4,25.2
"B0219","Yuba","Marysville, Wheatland","https://www.californiahealthmaps.org?address=B0219","Female","Lymph",179015,17.5,11.8,25.2,105605,19.7,12.6,30.0,"","","","",44335,"","","",12615,"","","",1,72155,30.7,15.4,12.1,58.5,2.7,7.4,25.2
"B0219","Yuba","Marysville, Wheatland","https://www.californiahealthmaps.org?address=B0219","Male","Urinary",181760,14.7,9.2,22.9,106475,15.7,9.3,25.4,"","","","",45920,"","","",12285,"","","",1,72155,30.7,15.4,12.1,58.5,2.7,7.4,25.2
"B0219","Yuba","Marysville, Wheatland","https://www.californiahealthmaps.org?address=B0219","Female","Urinary",179015,1.2,0.1,4.8,105605,"","","","","","","",44335,"","","",12615,"","","",1,72155,30.7,15.4,12.1,58.5,2.7,7.4,25.2
"B0219","Yuba","Marysville, Wheatland","https://www.californiahealthmaps.org?address=B0219","Male","Kidney",181760,26.1,18.4,36.4,106475,26.3,17.4,38.6,"","","","",45920,"","","",12285,"","","",1,72155,30.7,15.4,12.1,58.5,2.7,7.4,25.2
"B0219","Yuba","Marysville, Wheatland","https://www.californiahealthmaps.org?address=B0219","Female","Kidney",179015,15.1,9.8,22.6,105605,16.3,9.8,26.0,"","","","",44335,"","","",12615,"","","",1,72155,30.7,15.4,12.1,58.5,2.7,7.4,25.2
"B0219","Yuba","Marysville, Wheatland","https://www.californiahealthmaps.org?address=B0219","Male","Thyroid",181760,4.2,1.7,9.6,106475,"","","","","","","",45920,"","","",12285,"","","",1,72155,30.7,15.4,12.1,58.5,2.7,7.4,25.2
"B0219","Yuba","Marysville, Wheatland","https://www.californiahealthmaps.org?address=B0219","Female","Thyroid",179015,19.1,13.1,27.3,105605,18.7,11.5,29.2,"","","","",44335,"","","",12615,"","","",1,72155,30.7,15.4,12.1,58.5,2.7,7.4,25.2
"B0219","Yuba","Marysville, Wheatland","https://www.californiahealthmaps.org?address=B0219","Both","AllSite",360775,477.8,453.8,502.7,212080,495.1,467.0,524.8,10610,501.3,348.7,717.1,90255,426.4,360.8,502.8,24900,433.1,339.7,547.2,1,72155,30.7,15.4,12.1,58.5,2.7,7.4,25.2
"B0219","Yuba","Marysville, Wheatland","https://www.californiahealthmaps.org?address=B0219","Both","Lung",360775,71.5,62.2,81.8,212080,80.6,69.6,93.1,10610,"","","",90255,"","","",24900,"","","",1,72155,30.7,15.4,12.1,58.5,2.7,7.4,25.2
"B0219","Yuba","Marysville, Wheatland","https://www.californiahealthmaps.org?address=B0219","Both","CRC",360775,41.5,34.6,49.5,212080,43.6,35.3,53.4,10610,"","","",90255,"","","",24900,"","","",1,72155,30.7,15.4,12.1,58.5,2.7,7.4,25.2
"B0219","Yuba","Marysville, Wheatland","https://www.californiahealthmaps.org?address=B0219","Both","Mela",360775,29.9,24.0,36.8,212080,36.1,28.5,45.2,10610,"","","",90255,"","","",24900,"","","",1,72155,30.7,15.4,12.1,58.5,2.7,7.4,25.2
"B0219","Yuba","Marysville, Wheatland","https://www.californiahealthmaps.org?address=B0219","Both","Lymph",360775,24.0,18.9,30.2,212080,24.2,18.3,31.5,10610,"","","",90255,"","","",24900,"","","",1,72155,30.7,15.4,12.1,58.5,2.7,7.4,25.2
"B0219","Yuba","Marysville, Wheatland","https://www.californiahealthmaps.org?address=B0219","Both","Urinary",360775,7.7,4.9,11.6,212080,8.3,5.1,13.1,10610,"","","",90255,"","","",24900,"","","",1,72155,30.7,15.4,12.1,58.5,2.7,7.4,25.2
"B0219","Yuba","Marysville, Wheatland","https://www.californiahealthmaps.org?address=B0219","Both","Kidney",360775,20.2,15.5,26.0,212080,20.9,15.3,28.0,10610,"","","",90255,"","","",24900,"","","",1,72155,30.7,15.4,12.1,58.5,2.7,7.4,25.2
"B0219","Yuba","Marysville, Wheatland","https://www.californiahealthmaps.org?address=B0219","Both","Thyroid",360775,11.7,8.3,16.2,212080,11.4,7.4,17.1,10610,"","","",90255,"","","",24900,"","","",1,72155,30.7,15.4,12.1,58.5,2.7,7.4,25.2
