"Zone","Counties","Cities","URL","Sex","Cancer","PopTot","AAIR","LCI","UCI","White_PopTot","White_AAIR","White_LCI","White_UCI","Black_PopTot","Black_AAIR","Black_LCI","Black_UCI","Hispanic_PopTot","Hispanic_AAIR","Hispanic_LCI","Hispanic_UCI","Asian_PopTot","Asian_AAIR","Asian_LCI","Asian_UCI","QNSES","PopAll","PerRural","PerUninsured","PerForeignBorn","PerWhite","PerBlack","PerAsian","PerHispanic","PerAPI","PerDocvisit","PerFOBT","PerMammo","PerMenPrev","PerPap","PerWomenPrev"
"A0920","San Bernardino","Upland","https://www.californiahealthmaps.org?address=A0920","Male","AllSite",154755,527.7,483.5,575.4,43095,557.3,495.0,627.7,10275,851.3,586.1,1234.0,89735,451.9,378.7,537.9,"","","","",2,63894,0.0,22.8,25.0,29.2,5.1,5.7,57.0,5.7,63.3,58.1,81.6,25.6,83.6,26.2
"A0920","San Bernardino","Upland","https://www.californiahealthmaps.org?address=A0920","Female","AllSite",164715,388.3,356.3,422.5,46780,399.4,351.6,455.7,11955,396.0,266.1,575.0,93765,360.2,310.5,416.4,"","","","",2,63894,0.0,22.8,25.0,29.2,5.1,5.7,57.0,5.7,63.3,58.1,81.6,25.6,83.6,26.2
"A0920","San Bernardino","Upland","https://www.californiahealthmaps.org?address=A0920","Male","Prostate",154755,117.8,97.4,141.8,43095,121.7,94.2,157.8,10275,"","","",89735,108.7,73.0,158.4,"","","","",2,63894,0.0,22.8,25.0,29.2,5.1,5.7,57.0,5.7,63.3,58.1,81.6,25.6,83.6,26.2
"A0920","San Bernardino","Upland","https://www.californiahealthmaps.org?address=A0920","Female","Breast",164715,114.5,97.7,133.7,46780,112.7,88.6,146.0,11955,"","","",93765,107.0,80.7,140.0,"","","","",2,63894,0.0,22.8,25.0,29.2,5.1,5.7,57.0,5.7,63.3,58.1,81.6,25.6,83.6,26.2
"A0920","San Bernardino","Upland","https://www.californiahealthmaps.org?address=A0920","Male","Lung",154755,69.0,52.9,88.8,43095,76.1,54.2,107.1,10275,"","","",89735,"","","","","","","",2,63894,0.0,22.8,25.0,29.2,5.1,5.7,57.0,5.7,63.3,58.1,81.6,25.6,83.6,26.2
"A0920","San Bernardino","Upland","https://www.californiahealthmaps.org?address=A0920","Female","Lung",164715,48.8,37.6,62.5,46780,63.4,45.9,90.4,11955,"","","",93765,"","","","","","","",2,63894,0.0,22.8,25.0,29.2,5.1,5.7,57.0,5.7,63.3,58.1,81.6,25.6,83.6,26.2
"A0920","San Bernardino","Upland","https://www.californiahealthmaps.org?address=A0920","Male","CRC",154755,59.4,44.8,77.6,43095,56.8,38.4,84.4,10275,"","","",89735,59.4,33.2,100.5,"","","","",2,63894,0.0,22.8,25.0,29.2,5.1,5.7,57.0,5.7,63.3,58.1,81.6,25.6,83.6,26.2
"A0920","San Bernardino","Upland","https://www.californiahealthmaps.org?address=A0920","Female","CRC",164715,42.0,31.8,54.5,46780,39.3,25.2,63.7,11955,"","","",93765,57.8,38.3,84.4,"","","","",2,63894,0.0,22.8,25.0,29.2,5.1,5.7,57.0,5.7,63.3,58.1,81.6,25.6,83.6,26.2
"A0920","San Bernardino","Upland","https://www.californiahealthmaps.org?address=A0920","Male","Mela",154755,21.7,13.4,33.8,43095,38.8,23.5,63.8,10275,"","","",89735,"","","","","","","",2,63894,0.0,22.8,25.0,29.2,5.1,5.7,57.0,5.7,63.3,58.1,81.6,25.6,83.6,26.2
"A0920","San Bernardino","Upland","https://www.californiahealthmaps.org?address=A0920","Female","Mela",164715,11.9,6.7,19.5,46780,"","","",11955,"","","",93765,"","","","","","","",2,63894,0.0,22.8,25.0,29.2,5.1,5.7,57.0,5.7,63.3,58.1,81.6,25.6,83.6,26.2
"A0920","San Bernardino","Upland","https://www.californiahealthmaps.org?address=A0920","Female","Uterine",164715,29.0,20.7,39.7,46780,24.1,13.7,45.4,11955,"","","",93765,25.6,14.2,43.7,"","","","",2,63894,0.0,22.8,25.0,29.2,5.1,5.7,57.0,5.7,63.3,58.1,81.6,25.6,83.6,26.2
"A0920","San Bernardino","Upland","https://www.californiahealthmaps.org?address=A0920","Male","Lymph",154755,21.8,13.8,33.4,43095,"","","",10275,"","","",89735,"","","","","","","",2,63894,0.0,22.8,25.0,29.2,5.1,5.7,57.0,5.7,63.3,58.1,81.6,25.6,83.6,26.2
"A0920","San Bernardino","Upland","https://www.californiahealthmaps.org?address=A0920","Female","Lymph",164715,"","","",46780,"","","",11955,"","","",93765,"","","","","","","",2,63894,0.0,22.8,25.0,29.2,5.1,5.7,57.0,5.7,63.3,58.1,81.6,25.6,83.6,26.2
"A0920","San Bernardino","Upland","https://www.californiahealthmaps.org?address=A0920","Male","Urinary",154755,17.6,9.9,29.3,43095,"","","",10275,"","","",89735,"","","","","","","",2,63894,0.0,22.8,25.0,29.2,5.1,5.7,57.0,5.7,63.3,58.1,81.6,25.6,83.6,26.2
"A0920","San Bernardino","Upland","https://www.californiahealthmaps.org?address=A0920","Female","Urinary",164715,"","","",46780,"","","",11955,"","","",93765,"","","","","","","",2,63894,0.0,22.8,25.0,29.2,5.1,5.7,57.0,5.7,63.3,58.1,81.6,25.6,83.6,26.2
"A0920","San Bernardino","Upland","https://www.californiahealthmaps.org?address=A0920","Male","Kidney",154755,28.9,19.6,41.6,43095,"","","",10275,"","","",89735,"","","","","","","",2,63894,0.0,22.8,25.0,29.2,5.1,5.7,57.0,5.7,63.3,58.1,81.6,25.6,83.6,26.2
"A0920","San Bernardino","Upland","https://www.californiahealthmaps.org?address=A0920","Female","Kidney",164715,"","","",46780,"","","",11955,"","","",93765,"","","","","","","",2,63894,0.0,22.8,25.0,29.2,5.1,5.7,57.0,5.7,63.3,58.1,81.6,25.6,83.6,26.2
"A0920","San Bernardino","Upland","https://www.californiahealthmaps.org?address=A0920","Male","Thyroid",154755,"","","",43095,"","","",10275,"","","",89735,"","","","","","","",2,63894,0.0,22.8,25.0,29.2,5.1,5.7,57.0,5.7,63.3,58.1,81.6,25.6,83.6,26.2
"A0920","San Bernardino","Upland","https://www.californiahealthmaps.org?address=A0920","Female","Thyroid",164715,20.3,13.8,29.1,46780,"","","",11955,"","","",93765,25.1,14.4,42.3,"","","","",2,63894,0.0,22.8,25.0,29.2,5.1,5.7,57.0,5.7,63.3,58.1,81.6,25.6,83.6,26.2
"A0920","San Bernardino","Upland","https://www.californiahealthmaps.org?address=A0920","Male","Liver",154755,19.8,12.3,30.9,43095,"","","",10275,"","","",89735,"","","","","","","",2,63894,0.0,22.8,25.0,29.2,5.1,5.7,57.0,5.7,63.3,58.1,81.6,25.6,83.6,26.2
"A0920","San Bernardino","Upland","https://www.californiahealthmaps.org?address=A0920","Female","Liver",164715,"","","",46780,"","","",11955,"","","",93765,"","","","","","","",2,63894,0.0,22.8,25.0,29.2,5.1,5.7,57.0,5.7,63.3,58.1,81.6,25.6,83.6,26.2
"A0920","San Bernardino","Upland","https://www.californiahealthmaps.org?address=A0920","Male","Pancreas",154755,23.7,14.9,36.4,43095,"","","",10275,"","","",89735,"","","","","","","",2,63894,0.0,22.8,25.0,29.2,5.1,5.7,57.0,5.7,63.3,58.1,81.6,25.6,83.6,26.2
"A0920","San Bernardino","Upland","https://www.californiahealthmaps.org?address=A0920","Female","Pancreas",164715,10.6,6.0,17.7,46780,"","","",11955,"","","",93765,"","","","","","","",2,63894,0.0,22.8,25.0,29.2,5.1,5.7,57.0,5.7,63.3,58.1,81.6,25.6,83.6,26.2
"A0920","San Bernardino","Upland","https://www.californiahealthmaps.org?address=A0920","Both","AllSite",319470,440.8,414.9,468.1,89875,462.0,424.0,504.0,22230,562.4,434.2,723.3,183500,387.6,346.8,432.4,16865,409.6,312.7,532.3,2,63894,0.0,22.8,25.0,29.2,5.1,5.7,57.0,5.7,63.3,58.1,81.6,25.6,83.6,26.2
"A0920","San Bernardino","Upland","https://www.californiahealthmaps.org?address=A0920","Both","Lung",319470,56.9,47.4,67.8,89875,68.3,54.4,86.5,22230,"","","",183500,30.8,19.3,47.0,16865,"","","",2,63894,0.0,22.8,25.0,29.2,5.1,5.7,57.0,5.7,63.3,58.1,81.6,25.6,83.6,26.2
"A0920","San Bernardino","Upland","https://www.californiahealthmaps.org?address=A0920","Both","CRC",319470,48.6,40.1,58.5,89875,45.8,34.5,61.6,22230,"","","",183500,57.2,41.4,77.7,16865,"","","",2,63894,0.0,22.8,25.0,29.2,5.1,5.7,57.0,5.7,63.3,58.1,81.6,25.6,83.6,26.2
"A0920","San Bernardino","Upland","https://www.californiahealthmaps.org?address=A0920","Both","Mela",319470,15.6,11.0,21.6,89875,27.0,18.3,40.6,22230,"","","",183500,"","","",16865,"","","",2,63894,0.0,22.8,25.0,29.2,5.1,5.7,57.0,5.7,63.3,58.1,81.6,25.6,83.6,26.2
"A0920","San Bernardino","Upland","https://www.californiahealthmaps.org?address=A0920","Both","Lymph",319470,14.3,10.0,19.9,89875,13.7,7.6,24.9,22230,"","","",183500,15.6,8.5,27.2,16865,"","","",2,63894,0.0,22.8,25.0,29.2,5.1,5.7,57.0,5.7,63.3,58.1,81.6,25.6,83.6,26.2
"A0920","San Bernardino","Upland","https://www.californiahealthmaps.org?address=A0920","Both","Urinary",319470,8.9,5.4,13.9,89875,"","","",22230,"","","",183500,"","","",16865,"","","",2,63894,0.0,22.8,25.0,29.2,5.1,5.7,57.0,5.7,63.3,58.1,81.6,25.6,83.6,26.2
"A0920","San Bernardino","Upland","https://www.californiahealthmaps.org?address=A0920","Both","Kidney",319470,16.9,12.2,23.0,89875,15.7,9.3,27.2,22230,"","","",183500,15.9,8.9,27.3,16865,"","","",2,63894,0.0,22.8,25.0,29.2,5.1,5.7,57.0,5.7,63.3,58.1,81.6,25.6,83.6,26.2
"A0920","San Bernardino","Upland","https://www.californiahealthmaps.org?address=A0920","Both","Thyroid",319470,14.7,10.5,20.3,89875,12.8,7.0,23.7,22230,"","","",183500,16.6,9.7,27.8,16865,"","","",2,63894,0.0,22.8,25.0,29.2,5.1,5.7,57.0,5.7,63.3,58.1,81.6,25.6,83.6,26.2
"A0920","San Bernardino","Upland","https://www.californiahealthmaps.org?address=A0920","Both","Liver",319470,12.8,8.7,18.2,89875,"","","",22230,"","","",183500,17.7,10.0,30.0,16865,"","","",2,63894,0.0,22.8,25.0,29.2,5.1,5.7,57.0,5.7,63.3,58.1,81.6,25.6,83.6,26.2
"A0920","San Bernardino","Upland","https://www.californiahealthmaps.org?address=A0920","Both","Pancreas",319470,15.5,11.0,21.5,89875,11.4,6.4,21.6,22230,"","","",183500,"","","",16865,"","","",2,63894,0.0,22.8,25.0,29.2,5.1,5.7,57.0,5.7,63.3,58.1,81.6,25.6,83.6,26.2
