"Zone","Counties","Cities","URL","Sex","Cancer","PopTot","AAIR","LCI","UCI","White_PopTot","White_AAIR","White_LCI","White_UCI","Black_PopTot","Black_AAIR","Black_LCI","Black_UCI","Hispanic_PopTot","Hispanic_AAIR","Hispanic_LCI","Hispanic_UCI","Asian_PopTot","Asian_AAIR","Asian_LCI","Asian_UCI","QNSES","PopAll","PerRural","PerUninsured","PerForeignBorn","PerWhite","PerBlack","PerAsian","PerHispanic","PerAPI","PerDocvisit","PerFOBT","PerMammo","PerMenPrev","PerPap","PerWomenPrev"
"A0055","Ventura","Moorpark","https://www.californiahealthmaps.org?address=A0055","Male","AllSite",135525,494.2,453.8,537.5,76485,520.7,471.5,574.3,"","","","",44910,395.5,314.0,496.7,"","","","",4,55175,6.5,11.2,17.5,57.9,1.2,6.0,32.6,6.0,"","","","","",""
"A0055","Ventura","Moorpark","https://www.californiahealthmaps.org?address=A0055","Female","AllSite",140350,432.7,399.2,468.6,80490,470.1,427.6,516.8,"","","","",44730,323.2,259.4,399.7,"","","","",4,55175,6.5,11.2,17.5,57.9,1.2,6.0,32.6,6.0,"","","","","",""
"A0055","Ventura","Moorpark","https://www.californiahealthmaps.org?address=A0055","Male","Prostate",135525,112.4,94.0,133.7,76485,109.2,88.4,134.4,"","","","",44910,102.3,61.9,164.5,"","","","",4,55175,6.5,11.2,17.5,57.9,1.2,6.0,32.6,6.0,"","","","","",""
"A0055","Ventura","Moorpark","https://www.californiahealthmaps.org?address=A0055","Female","Breast",140350,157.2,137.4,179.4,80490,168.1,143.4,197.1,"","","","",44730,111.3,76.1,159.4,"","","","",4,55175,6.5,11.2,17.5,57.9,1.2,6.0,32.6,6.0,"","","","","",""
"A0055","Ventura","Moorpark","https://www.californiahealthmaps.org?address=A0055","Male","Lung",135525,48.8,36.3,64.5,76485,47.8,33.5,67.1,"","","","",44910,"","","","","","","",4,55175,6.5,11.2,17.5,57.9,1.2,6.0,32.6,6.0,"","","","","",""
"A0055","Ventura","Moorpark","https://www.californiahealthmaps.org?address=A0055","Female","Lung",140350,39.1,29.3,51.5,80490,42.7,30.8,59.1,"","","","",44730,"","","","","","","",4,55175,6.5,11.2,17.5,57.9,1.2,6.0,32.6,6.0,"","","","","",""
"A0055","Ventura","Moorpark","https://www.californiahealthmaps.org?address=A0055","Male","CRC",135525,54.6,41.6,70.6,76485,58.7,42.8,79.7,"","","","",44910,"","","","","","","",4,55175,6.5,11.2,17.5,57.9,1.2,6.0,32.6,6.0,"","","","","",""
"A0055","Ventura","Moorpark","https://www.californiahealthmaps.org?address=A0055","Female","CRC",140350,34.3,25.5,45.5,80490,39.5,28.1,55.4,"","","","",44730,"","","","","","","",4,55175,6.5,11.2,17.5,57.9,1.2,6.0,32.6,6.0,"","","","","",""
"A0055","Ventura","Moorpark","https://www.californiahealthmaps.org?address=A0055","Male","Mela",135525,49.9,37.5,65.4,76485,63.8,47.0,85.5,"","","","",44910,"","","","","","","",4,55175,6.5,11.2,17.5,57.9,1.2,6.0,32.6,6.0,"","","","","",""
"A0055","Ventura","Moorpark","https://www.californiahealthmaps.org?address=A0055","Female","Mela",140350,16.0,10.4,24.0,80490,18.8,11.2,31.1,"","","","",44730,"","","","","","","",4,55175,6.5,11.2,17.5,57.9,1.2,6.0,32.6,6.0,"","","","","",""
"A0055","Ventura","Moorpark","https://www.californiahealthmaps.org?address=A0055","Female","Uterine",140350,33.0,24.3,44.1,80490,33.4,23.1,48.3,"","","","",44730,"","","","","","","",4,55175,6.5,11.2,17.5,57.9,1.2,6.0,32.6,6.0,"","","","","",""
"A0055","Ventura","Moorpark","https://www.californiahealthmaps.org?address=A0055","Male","Lymph",135525,17.9,10.9,28.2,76485,22.1,12.7,36.7,"","","","",44910,"","","","","","","",4,55175,6.5,11.2,17.5,57.9,1.2,6.0,32.6,6.0,"","","","","",""
"A0055","Ventura","Moorpark","https://www.californiahealthmaps.org?address=A0055","Female","Lymph",140350,15.5,9.6,24.0,80490,16.1,8.9,28.3,"","","","",44730,"","","","","","","",4,55175,6.5,11.2,17.5,57.9,1.2,6.0,32.6,6.0,"","","","","",""
"A0055","Ventura","Moorpark","https://www.californiahealthmaps.org?address=A0055","Male","Urinary",135525,17.7,10.5,28.2,76485,21.4,12.2,35.8,"","","","",44910,"","","","","","","",4,55175,6.5,11.2,17.5,57.9,1.2,6.0,32.6,6.0,"","","","","",""
"A0055","Ventura","Moorpark","https://www.californiahealthmaps.org?address=A0055","Female","Urinary",140350,"","","",80490,"","","","","","","",44730,"","","","","","","",4,55175,6.5,11.2,17.5,57.9,1.2,6.0,32.6,6.0,"","","","","",""
"A0055","Ventura","Moorpark","https://www.californiahealthmaps.org?address=A0055","Male","Kidney",135525,21.3,13.9,31.9,76485,24.2,14.7,38.7,"","","","",44910,"","","","","","","",4,55175,6.5,11.2,17.5,57.9,1.2,6.0,32.6,6.0,"","","","","",""
"A0055","Ventura","Moorpark","https://www.californiahealthmaps.org?address=A0055","Female","Kidney",140350,"","","",80490,"","","","","","","",44730,"","","","","","","",4,55175,6.5,11.2,17.5,57.9,1.2,6.0,32.6,6.0,"","","","","",""
"A0055","Ventura","Moorpark","https://www.californiahealthmaps.org?address=A0055","Male","Thyroid",135525,13.8,8.0,22.7,76485,"","","","","","","",44910,"","","","","","","",4,55175,6.5,11.2,17.5,57.9,1.2,6.0,32.6,6.0,"","","","","",""
"A0055","Ventura","Moorpark","https://www.californiahealthmaps.org?address=A0055","Female","Thyroid",140350,28.2,20.1,38.7,80490,31.2,20.4,47.0,"","","","",44730,"","","","","","","",4,55175,6.5,11.2,17.5,57.9,1.2,6.0,32.6,6.0,"","","","","",""
"A0055","Ventura","Moorpark","https://www.californiahealthmaps.org?address=A0055","Male","Liver",135525,14.7,8.6,23.9,76485,"","","","","","","",44910,"","","","","","","",4,55175,6.5,11.2,17.5,57.9,1.2,6.0,32.6,6.0,"","","","","",""
"A0055","Ventura","Moorpark","https://www.californiahealthmaps.org?address=A0055","Female","Liver",140350,"","","",80490,"","","","","","","",44730,"","","","","","","",4,55175,6.5,11.2,17.5,57.9,1.2,6.0,32.6,6.0,"","","","","",""
"A0055","Ventura","Moorpark","https://www.californiahealthmaps.org?address=A0055","Male","Pancreas",135525,15.4,8.8,25.4,76485,"","","","","","","",44910,"","","","","","","",4,55175,6.5,11.2,17.5,57.9,1.2,6.0,32.6,6.0,"","","","","",""
"A0055","Ventura","Moorpark","https://www.californiahealthmaps.org?address=A0055","Female","Pancreas",140350,13.3,7.9,21.3,80490,15.7,8.9,27.4,"","","","",44730,"","","","","","","",4,55175,6.5,11.2,17.5,57.9,1.2,6.0,32.6,6.0,"","","","","",""
"A0055","Ventura","Moorpark","https://www.californiahealthmaps.org?address=A0055","Both","AllSite",275875,455.1,429.5,482.0,156975,486.2,454.4,520.1,"","","","",89640,353.6,302.5,412.2,16155,364.8,276.2,477.9,4,55175,6.5,11.2,17.5,57.9,1.2,6.0,32.6,6.0,"","","","","",""
"A0055","Ventura","Moorpark","https://www.californiahealthmaps.org?address=A0055","Both","Lung",275875,43.2,35.3,52.5,156975,44.6,35.4,56.1,"","","","",89640,37.0,20.6,62.4,16155,"","","",4,55175,6.5,11.2,17.5,57.9,1.2,6.0,32.6,6.0,"","","","","",""
"A0055","Ventura","Moorpark","https://www.californiahealthmaps.org?address=A0055","Both","CRC",275875,42.9,35.3,51.8,156975,47.2,37.7,59.0,"","","","",89640,32.2,17.8,55.0,16155,"","","",4,55175,6.5,11.2,17.5,57.9,1.2,6.0,32.6,6.0,"","","","","",""
"A0055","Ventura","Moorpark","https://www.californiahealthmaps.org?address=A0055","Both","Mela",275875,29.9,23.7,37.4,156975,37.2,28.8,47.9,"","","","",89640,"","","",16155,"","","",4,55175,6.5,11.2,17.5,57.9,1.2,6.0,32.6,6.0,"","","","","",""
"A0055","Ventura","Moorpark","https://www.californiahealthmaps.org?address=A0055","Both","Lymph",275875,16.2,11.7,22.2,156975,18.2,12.4,26.5,"","","","",89640,"","","",16155,"","","",4,55175,6.5,11.2,17.5,57.9,1.2,6.0,32.6,6.0,"","","","","",""
"A0055","Ventura","Moorpark","https://www.californiahealthmaps.org?address=A0055","Both","Urinary",275875,9.6,6.2,14.5,156975,11.9,7.4,18.7,"","","","",89640,"","","",16155,"","","",4,55175,6.5,11.2,17.5,57.9,1.2,6.0,32.6,6.0,"","","","","",""
"A0055","Ventura","Moorpark","https://www.californiahealthmaps.org?address=A0055","Both","Kidney",275875,14.5,10.2,20.1,156975,16.1,10.7,23.9,"","","","",89640,"","","",16155,"","","",4,55175,6.5,11.2,17.5,57.9,1.2,6.0,32.6,6.0,"","","","","",""
"A0055","Ventura","Moorpark","https://www.californiahealthmaps.org?address=A0055","Both","Thyroid",275875,21.2,16.0,27.7,156975,23.5,16.6,32.8,"","","","",89640,26.5,14.6,46.4,16155,"","","",4,55175,6.5,11.2,17.5,57.9,1.2,6.0,32.6,6.0,"","","","","",""
"A0055","Ventura","Moorpark","https://www.californiahealthmaps.org?address=A0055","Both","Liver",275875,7.6,4.7,11.9,156975,"","","","","","","",89640,"","","",16155,"","","",4,55175,6.5,11.2,17.5,57.9,1.2,6.0,32.6,6.0,"","","","","",""
"A0055","Ventura","Moorpark","https://www.californiahealthmaps.org?address=A0055","Both","Pancreas",275875,14.2,9.8,19.9,156975,15.5,10.3,23.1,"","","","",89640,"","","",16155,"","","",4,55175,6.5,11.2,17.5,57.9,1.2,6.0,32.6,6.0,"","","","","",""
