"Zone","Counties","Cities","URL","Sex","Cancer","PopTot","AAIR","LCI","UCI","White_PopTot","White_AAIR","White_LCI","White_UCI","Black_PopTot","Black_AAIR","Black_LCI","Black_UCI","Hispanic_PopTot","Hispanic_AAIR","Hispanic_LCI","Hispanic_UCI","Asian_PopTot","Asian_AAIR","Asian_LCI","Asian_UCI","QNSES","PopAll","PerRural","PerUninsured","PerForeignBorn","PerWhite","PerBlack","PerAsian","PerHispanic"
"A0217","Orange","Anaheim","https://www.californiahealthmaps.org?address=A0217","Male","AllSite",155920,466.9,418.6,520.0,22440,605.7,511.8,718.0,"","","","",114465,379.4,315.3,455.7,13405,377.2,267.4,527.5,2,62034,0.0,30.4,42.3,15.0,2.0,8.7,73.1
"A0217","Orange","Anaheim","https://www.californiahealthmaps.org?address=A0217","Female","AllSite",154250,415.4,377.5,456.4,22550,481.2,405.4,575.9,"","","","",110520,385.9,332.0,447.4,14955,437.2,337.3,564.1,2,62034,0.0,30.4,42.3,15.0,2.0,8.7,73.1
"A0217","Orange","Anaheim","https://www.californiahealthmaps.org?address=A0217","Male","Prostate",155920,74.6,56.2,97.9,22440,85.3,53.6,137.9,"","","","",114465,68.5,42.7,108.0,13405,"","","",2,62034,0.0,30.4,42.3,15.0,2.0,8.7,73.1
"A0217","Orange","Anaheim","https://www.californiahealthmaps.org?address=A0217","Female","Breast",154250,118.9,99.0,142.1,22550,137.8,98.3,198.4,"","","","",110520,110.0,83.1,144.6,14955,103.7,58.5,178.4,2,62034,0.0,30.4,42.3,15.0,2.0,8.7,73.1
"A0217","Orange","Anaheim","https://www.californiahealthmaps.org?address=A0217","Male","Lung",155920,63.0,45.2,86.1,22440,110.3,72.9,168.3,"","","","",114465,"","","",13405,"","","",2,62034,0.0,30.4,42.3,15.0,2.0,8.7,73.1
"A0217","Orange","Anaheim","https://www.californiahealthmaps.org?address=A0217","Female","Lung",154250,37.7,26.7,52.0,22550,62.9,39.4,109.1,"","","","",110520,"","","",14955,"","","",2,62034,0.0,30.4,42.3,15.0,2.0,8.7,73.1
"A0217","Orange","Anaheim","https://www.californiahealthmaps.org?address=A0217","Male","CRC",155920,55.0,39.7,75.4,22440,63.2,35.7,112.7,"","","","",114465,53.5,31.8,88.8,13405,"","","",2,62034,0.0,30.4,42.3,15.0,2.0,8.7,73.1
"A0217","Orange","Anaheim","https://www.californiahealthmaps.org?address=A0217","Female","CRC",154250,31.6,21.9,44.8,22550,"","","","","","","",110520,"","","",14955,"","","",2,62034,0.0,30.4,42.3,15.0,2.0,8.7,73.1
"A0217","Orange","Anaheim","https://www.californiahealthmaps.org?address=A0217","Male","Mela",155920,17.5,9.6,30.5,22440,"","","","","","","",114465,"","","",13405,"","","",2,62034,0.0,30.4,42.3,15.0,2.0,8.7,73.1
"A0217","Orange","Anaheim","https://www.californiahealthmaps.org?address=A0217","Female","Mela",154250,12.0,6.8,20.6,22550,"","","","","","","",110520,"","","",14955,"","","",2,62034,0.0,30.4,42.3,15.0,2.0,8.7,73.1
"A0217","Orange","Anaheim","https://www.californiahealthmaps.org?address=A0217","Female","Uterine",154250,35.7,25.2,49.6,22550,"","","","","","","",110520,35.7,19.7,60.8,14955,"","","",2,62034,0.0,30.4,42.3,15.0,2.0,8.7,73.1
"A0217","Orange","Anaheim","https://www.californiahealthmaps.org?address=A0217","Male","Lymph",155920,19.6,10.8,33.8,22440,"","","","","","","",114465,"","","",13405,"","","",2,62034,0.0,30.4,42.3,15.0,2.0,8.7,73.1
"A0217","Orange","Anaheim","https://www.californiahealthmaps.org?address=A0217","Female","Lymph",154250,20.0,12.4,31.2,22550,"","","","","","","",110520,"","","",14955,"","","",2,62034,0.0,30.4,42.3,15.0,2.0,8.7,73.1
"A0217","Orange","Anaheim","https://www.californiahealthmaps.org?address=A0217","Male","Urinary",155920,20.7,11.1,36.0,22440,"","","","","","","",114465,"","","",13405,"","","",2,62034,0.0,30.4,42.3,15.0,2.0,8.7,73.1
"A0217","Orange","Anaheim","https://www.californiahealthmaps.org?address=A0217","Female","Urinary",154250,3.7,0.8,11.0,22550,"","","","","","","",110520,"","","",14955,"","","",2,62034,0.0,30.4,42.3,15.0,2.0,8.7,73.1
"A0217","Orange","Anaheim","https://www.californiahealthmaps.org?address=A0217","Male","Kidney",155920,29.5,18.5,45.7,22440,"","","","","","","",114465,"","","",13405,"","","",2,62034,0.0,30.4,42.3,15.0,2.0,8.7,73.1
"A0217","Orange","Anaheim","https://www.californiahealthmaps.org?address=A0217","Female","Kidney",154250,12.2,6.4,21.8,22550,"","","","","","","",110520,"","","",14955,"","","",2,62034,0.0,30.4,42.3,15.0,2.0,8.7,73.1
"A0217","Orange","Anaheim","https://www.californiahealthmaps.org?address=A0217","Male","Thyroid",155920,7.8,3.0,18.2,22440,"","","","","","","",114465,"","","",13405,"","","",2,62034,0.0,30.4,42.3,15.0,2.0,8.7,73.1
"A0217","Orange","Anaheim","https://www.californiahealthmaps.org?address=A0217","Female","Thyroid",154250,26.1,18.1,37.2,22550,"","","","","","","",110520,20.7,11.9,37.2,14955,"","","",2,62034,0.0,30.4,42.3,15.0,2.0,8.7,73.1
"A0217","Orange","Anaheim","https://www.californiahealthmaps.org?address=A0217","Both","AllSite",310170,430.7,401.1,462.2,44990,522.7,464.5,589.8,"","","","",224985,380.8,339.2,426.9,28360,408.2,333.6,496.7,2,62034,0.0,30.4,42.3,15.0,2.0,8.7,73.1
"A0217","Orange","Anaheim","https://www.californiahealthmaps.org?address=A0217","Both","Lung",310170,47.4,37.6,59.3,44990,80.8,59.8,111.4,"","","","",224985,26.9,15.9,43.4,28360,"","","",2,62034,0.0,30.4,42.3,15.0,2.0,8.7,73.1
"A0217","Orange","Anaheim","https://www.californiahealthmaps.org?address=A0217","Both","CRC",310170,42.1,33.3,52.9,44990,43.5,28.3,69.2,"","","","",224985,37.0,24.9,54.1,28360,58.8,32.9,100.0,2,62034,0.0,30.4,42.3,15.0,2.0,8.7,73.1
"A0217","Orange","Anaheim","https://www.californiahealthmaps.org?address=A0217","Both","Mela",310170,14.1,9.5,20.6,44990,33.6,20.5,57.5,"","","","",224985,"","","",28360,"","","",2,62034,0.0,30.4,42.3,15.0,2.0,8.7,73.1
"A0217","Orange","Anaheim","https://www.californiahealthmaps.org?address=A0217","Both","Lymph",310170,19.8,13.8,27.7,44990,24.9,13.5,47.7,"","","","",224985,19.6,11.2,33.2,28360,"","","",2,62034,0.0,30.4,42.3,15.0,2.0,8.7,73.1
"A0217","Orange","Anaheim","https://www.californiahealthmaps.org?address=A0217","Both","Urinary",310170,10.8,6.2,17.6,44990,"","","","","","","",224985,"","","",28360,"","","",2,62034,0.0,30.4,42.3,15.0,2.0,8.7,73.1
"A0217","Orange","Anaheim","https://www.californiahealthmaps.org?address=A0217","Both","Kidney",310170,20.0,14.0,28.2,44990,"","","","","","","",224985,22.0,12.9,36.4,28360,"","","",2,62034,0.0,30.4,42.3,15.0,2.0,8.7,73.1
"A0217","Orange","Anaheim","https://www.californiahealthmaps.org?address=A0217","Both","Thyroid",310170,16.8,12.0,23.5,44990,25.7,13.9,48.8,"","","","",224985,12.4,7.2,22.3,28360,"","","",2,62034,0.0,30.4,42.3,15.0,2.0,8.7,73.1
