"Zone","Counties","Cities","URL","Sex","Cancer","PopTot","AAIR","LCI","UCI","White_PopTot","White_AAIR","White_LCI","White_UCI","Black_PopTot","Black_AAIR","Black_LCI","Black_UCI","Hispanic_PopTot","Hispanic_AAIR","Hispanic_LCI","Hispanic_UCI","Asian_PopTot","Asian_AAIR","Asian_LCI","Asian_UCI","QNSES","PopAll","PerRural","PerUninsured","PerForeignBorn","PerWhite","PerBlack","PerAsian","PerHispanic"
"A0653","Los Angeles","Torrance","https://www.californiahealthmaps.org?address=A0653","Male","AllSite",149180,464.1,431.6,498.5,54015,490.4,442.8,544.5,"","","","",44055,429.9,348.4,527.9,36210,430.4,367.5,502.4,4,61784,0.0,16.7,29.2,32.5,5.5,24.2,33.0
"A0653","Los Angeles","Torrance","https://www.californiahealthmaps.org?address=A0653","Female","AllSite",159740,430.5,402.1,460.8,55580,445.2,399.1,498.4,"","","","",46220,442.0,378.6,513.8,41985,401.5,349.2,462.1,4,61784,0.0,16.7,29.2,32.5,5.5,24.2,33.0
"A0653","Los Angeles","Torrance","https://www.californiahealthmaps.org?address=A0653","Male","Prostate",149180,86.1,72.7,101.6,54015,84.9,66.8,110.1,"","","","",44055,81.6,50.4,129.7,36210,53.9,33.4,84.2,4,61784,0.0,16.7,29.2,32.5,5.5,24.2,33.0
"A0653","Los Angeles","Torrance","https://www.californiahealthmaps.org?address=A0653","Female","Breast",159740,140.4,124.4,158.4,55580,130.1,107.0,160.6,"","","","",46220,113.8,83.1,153.2,41985,167.1,133.8,209.0,4,61784,0.0,16.7,29.2,32.5,5.5,24.2,33.0
"A0653","Los Angeles","Torrance","https://www.californiahealthmaps.org?address=A0653","Male","Lung",149180,50.3,40.0,62.8,54015,54.7,40.4,76.6,"","","","",44055,"","","",36210,56.6,35.0,88.3,4,61784,0.0,16.7,29.2,32.5,5.5,24.2,33.0
"A0653","Los Angeles","Torrance","https://www.californiahealthmaps.org?address=A0653","Female","Lung",159740,42.0,33.8,52.1,55580,56.5,43.1,77.7,"","","","",46220,"","","",41985,"","","",4,61784,0.0,16.7,29.2,32.5,5.5,24.2,33.0
"A0653","Los Angeles","Torrance","https://www.californiahealthmaps.org?address=A0653","Male","CRC",149180,50.4,40.1,62.7,54015,36.4,25.0,55.7,"","","","",44055,"","","",36210,72.4,48.7,105.7,4,61784,0.0,16.7,29.2,32.5,5.5,24.2,33.0
"A0653","Los Angeles","Torrance","https://www.californiahealthmaps.org?address=A0653","Female","CRC",159740,28.4,21.7,37.0,55580,30.9,21.4,49.0,"","","","",46220,"","","",41985,"","","",4,61784,0.0,16.7,29.2,32.5,5.5,24.2,33.0
"A0653","Los Angeles","Torrance","https://www.californiahealthmaps.org?address=A0653","Male","Mela",149180,33.8,25.5,44.3,54015,61.7,45.3,85.7,"","","","",44055,"","","",36210,"","","",4,61784,0.0,16.7,29.2,32.5,5.5,24.2,33.0
"A0653","Los Angeles","Torrance","https://www.californiahealthmaps.org?address=A0653","Female","Mela",159740,16.8,11.5,24.2,55580,27.6,16.3,48.2,"","","","",46220,"","","",41985,"","","",4,61784,0.0,16.7,29.2,32.5,5.5,24.2,33.0
"A0653","Los Angeles","Torrance","https://www.californiahealthmaps.org?address=A0653","Female","Uterine",159740,33.0,25.7,42.4,55580,25.9,16.5,44.3,"","","","",46220,41.4,24.1,67.8,41985,38.3,23.8,62.3,4,61784,0.0,16.7,29.2,32.5,5.5,24.2,33.0
"A0653","Los Angeles","Torrance","https://www.californiahealthmaps.org?address=A0653","Male","Lymph",149180,31.8,23.7,42.1,54015,38.7,25.3,60.4,"","","","",44055,"","","",36210,"","","",4,61784,0.0,16.7,29.2,32.5,5.5,24.2,33.0
"A0653","Los Angeles","Torrance","https://www.californiahealthmaps.org?address=A0653","Female","Lymph",159740,14.7,9.9,21.6,55580,15.2,8.3,31.7,"","","","",46220,"","","",41985,"","","",4,61784,0.0,16.7,29.2,32.5,5.5,24.2,33.0
"A0653","Los Angeles","Torrance","https://www.californiahealthmaps.org?address=A0653","Male","Urinary",149180,19.3,13.1,27.8,54015,17.4,9.9,33.6,"","","","",44055,"","","",36210,"","","",4,61784,0.0,16.7,29.2,32.5,5.5,24.2,33.0
"A0653","Los Angeles","Torrance","https://www.californiahealthmaps.org?address=A0653","Female","Urinary",159740,4.2,1.9,8.8,55580,"","","","","","","",46220,"","","",41985,"","","",4,61784,0.0,16.7,29.2,32.5,5.5,24.2,33.0
"A0653","Los Angeles","Torrance","https://www.californiahealthmaps.org?address=A0653","Male","Kidney",149180,25.6,18.5,34.9,54015,28.3,17.5,47.4,"","","","",44055,"","","",36210,"","","",4,61784,0.0,16.7,29.2,32.5,5.5,24.2,33.0
"A0653","Los Angeles","Torrance","https://www.californiahealthmaps.org?address=A0653","Female","Kidney",159740,6.4,3.5,11.5,55580,"","","","","","","",46220,"","","",41985,"","","",4,61784,0.0,16.7,29.2,32.5,5.5,24.2,33.0
"A0653","Los Angeles","Torrance","https://www.californiahealthmaps.org?address=A0653","Male","Thyroid",149180,6.8,3.3,12.5,54015,"","","","","","","",44055,"","","",36210,"","","",4,61784,0.0,16.7,29.2,32.5,5.5,24.2,33.0
"A0653","Los Angeles","Torrance","https://www.californiahealthmaps.org?address=A0653","Female","Thyroid",159740,30.1,22.3,40.0,55580,34.3,19.7,58.8,"","","","",46220,"","","",41985,38.4,22.7,64.0,4,61784,0.0,16.7,29.2,32.5,5.5,24.2,33.0
"A0653","Los Angeles","Torrance","https://www.californiahealthmaps.org?address=A0653","Both","AllSite",308920,437.3,416.2,459.2,109595,458.9,426.2,494.9,18835,516.7,424.3,627.0,90275,420.6,372.0,474.2,78195,410.3,370.0,454.8,4,61784,0.0,16.7,29.2,32.5,5.5,24.2,33.0
"A0653","Los Angeles","Torrance","https://www.californiahealthmaps.org?address=A0653","Both","Lung",308920,44.9,38.5,52.4,109595,55.0,45.2,68.3,18835,"","","",90275,34.8,21.3,54.0,78195,36.7,25.5,52.6,4,61784,0.0,16.7,29.2,32.5,5.5,24.2,33.0
"A0653","Los Angeles","Torrance","https://www.californiahealthmaps.org?address=A0653","Both","CRC",308920,37.6,31.7,44.5,109595,33.3,25.8,44.5,18835,"","","",90275,37.8,24.0,57.3,78195,44.5,32.3,61.1,4,61784,0.0,16.7,29.2,32.5,5.5,24.2,33.0
"A0653","Los Angeles","Torrance","https://www.californiahealthmaps.org?address=A0653","Both","Mela",308920,23.9,19.2,29.7,109595,42.8,32.9,56.4,18835,"","","",90275,"","","",78195,"","","",4,61784,0.0,16.7,29.2,32.5,5.5,24.2,33.0
"A0653","Los Angeles","Torrance","https://www.californiahealthmaps.org?address=A0653","Both","Lymph",308920,22.4,17.8,28.0,109595,26.6,18.9,38.3,18835,"","","",90275,"","","",78195,23.2,14.2,37.1,4,61784,0.0,16.7,29.2,32.5,5.5,24.2,33.0
"A0653","Los Angeles","Torrance","https://www.californiahealthmaps.org?address=A0653","Both","Urinary",308920,9.9,7.1,13.8,109595,10.9,6.5,19.6,18835,"","","",90275,"","","",78195,"","","",4,61784,0.0,16.7,29.2,32.5,5.5,24.2,33.0
"A0653","Los Angeles","Torrance","https://www.californiahealthmaps.org?address=A0653","Both","Kidney",308920,15.0,11.3,19.7,109595,15.6,10.0,25.3,18835,"","","",90275,"","","",78195,"","","",4,61784,0.0,16.7,29.2,32.5,5.5,24.2,33.0
"A0653","Los Angeles","Torrance","https://www.californiahealthmaps.org?address=A0653","Both","Thyroid",308920,19.0,14.6,24.5,109595,20.0,12.4,32.1,18835,"","","",90275,"","","",78195,23.6,14.5,37.6,4,61784,0.0,16.7,29.2,32.5,5.5,24.2,33.0
