"Zone","Counties","Cities","URL","Sex","Cancer","PopTot","AAIR","LCI","UCI","White_PopTot","White_AAIR","White_LCI","White_UCI","Black_PopTot","Black_AAIR","Black_LCI","Black_UCI","Hispanic_PopTot","Hispanic_AAIR","Hispanic_LCI","Hispanic_UCI","Asian_PopTot","Asian_AAIR","Asian_LCI","Asian_UCI","QNSES","PopAll","PerRural","PerUninsured","PerForeignBorn","PerWhite","PerBlack","PerAsian","PerHispanic","PerAPI","PerDocvisit","PerFOBT","PerMammo","PerMenPrev","PerPap","PerWomenPrev"
"A0834","Riverside","Coachella, Indio","https://www.californiahealthmaps.org?address=A0834","Male","AllSite",164780,446.6,400.2,498.0,"","","","","","","","",153465,417.4,368.5,472.4,"","","","",1,65743,0.0,34.7,40.0,3.8,1.3,0.2,94.0,0.2,"","","","","",""
"A0834","Riverside","Coachella, Indio","https://www.californiahealthmaps.org?address=A0834","Female","AllSite",163935,357.2,320.3,397.9,"","","","","","","","",153470,343.5,304.3,387.1,"","","","",1,65743,0.0,34.7,40.0,3.8,1.3,0.2,94.0,0.2,"","","","","",""
"A0834","Riverside","Coachella, Indio","https://www.californiahealthmaps.org?address=A0834","Male","Prostate",164780,117.4,93.7,146.2,"","","","","","","","",153465,119.3,93.2,151.9,"","","","",1,65743,0.0,34.7,40.0,3.8,1.3,0.2,94.0,0.2,"","","","","",""
"A0834","Riverside","Coachella, Indio","https://www.californiahealthmaps.org?address=A0834","Female","Breast",163935,85.2,68.4,105.7,"","","","","","","","",153470,80.1,62.8,101.8,"","","","",1,65743,0.0,34.7,40.0,3.8,1.3,0.2,94.0,0.2,"","","","","",""
"A0834","Riverside","Coachella, Indio","https://www.californiahealthmaps.org?address=A0834","Male","Lung",164780,45.7,31.4,65.3,"","","","","","","","",153465,34.8,21.2,55.4,"","","","",1,65743,0.0,34.7,40.0,3.8,1.3,0.2,94.0,0.2,"","","","","",""
"A0834","Riverside","Coachella, Indio","https://www.californiahealthmaps.org?address=A0834","Female","Lung",163935,27.2,17.2,41.4,"","","","","","","","",153470,21.8,12.1,36.7,"","","","",1,65743,0.0,34.7,40.0,3.8,1.3,0.2,94.0,0.2,"","","","","",""
"A0834","Riverside","Coachella, Indio","https://www.californiahealthmaps.org?address=A0834","Male","CRC",164780,45.3,31.4,64.5,"","","","","","","","",153465,44.1,29.2,65.7,"","","","",1,65743,0.0,34.7,40.0,3.8,1.3,0.2,94.0,0.2,"","","","","",""
"A0834","Riverside","Coachella, Indio","https://www.californiahealthmaps.org?address=A0834","Female","CRC",163935,45.4,33.0,61.7,"","","","","","","","",153470,45.5,32.1,63.7,"","","","",1,65743,0.0,34.7,40.0,3.8,1.3,0.2,94.0,0.2,"","","","","",""
"A0834","Riverside","Coachella, Indio","https://www.californiahealthmaps.org?address=A0834","Male","Mela",164780,"","","","","","","","","","","",153465,"","","","","","","",1,65743,0.0,34.7,40.0,3.8,1.3,0.2,94.0,0.2,"","","","","",""
"A0834","Riverside","Coachella, Indio","https://www.californiahealthmaps.org?address=A0834","Female","Mela",163935,"","","","","","","","","","","",153470,"","","","","","","",1,65743,0.0,34.7,40.0,3.8,1.3,0.2,94.0,0.2,"","","","","",""
"A0834","Riverside","Coachella, Indio","https://www.californiahealthmaps.org?address=A0834","Female","Uterine",163935,28.7,19.1,42.1,"","","","","","","","",153470,29.0,18.8,44.0,"","","","",1,65743,0.0,34.7,40.0,3.8,1.3,0.2,94.0,0.2,"","","","","",""
"A0834","Riverside","Coachella, Indio","https://www.californiahealthmaps.org?address=A0834","Male","Lymph",164780,19.8,11.2,34.1,"","","","","","","","",153465,20.7,11.2,37.3,"","","","",1,65743,0.0,34.7,40.0,3.8,1.3,0.2,94.0,0.2,"","","","","",""
"A0834","Riverside","Coachella, Indio","https://www.californiahealthmaps.org?address=A0834","Female","Lymph",163935,19.5,11.3,32.0,"","","","","","","","",153470,18.4,9.9,32.0,"","","","",1,65743,0.0,34.7,40.0,3.8,1.3,0.2,94.0,0.2,"","","","","",""
"A0834","Riverside","Coachella, Indio","https://www.californiahealthmaps.org?address=A0834","Male","Urinary",164780,"","","","","","","","","","","",153465,"","","","","","","",1,65743,0.0,34.7,40.0,3.8,1.3,0.2,94.0,0.2,"","","","","",""
"A0834","Riverside","Coachella, Indio","https://www.californiahealthmaps.org?address=A0834","Female","Urinary",163935,"","","","","","","","","","","",153470,"","","","","","","",1,65743,0.0,34.7,40.0,3.8,1.3,0.2,94.0,0.2,"","","","","",""
"A0834","Riverside","Coachella, Indio","https://www.californiahealthmaps.org?address=A0834","Male","Kidney",164780,36.7,24.2,54.7,"","","","","","","","",153465,30.7,19.2,48.7,"","","","",1,65743,0.0,34.7,40.0,3.8,1.3,0.2,94.0,0.2,"","","","","",""
"A0834","Riverside","Coachella, Indio","https://www.californiahealthmaps.org?address=A0834","Female","Kidney",163935,"","","","","","","","","","","",153470,"","","","","","","",1,65743,0.0,34.7,40.0,3.8,1.3,0.2,94.0,0.2,"","","","","",""
"A0834","Riverside","Coachella, Indio","https://www.californiahealthmaps.org?address=A0834","Male","Thyroid",164780,"","","","","","","","","","","",153465,"","","","","","","",1,65743,0.0,34.7,40.0,3.8,1.3,0.2,94.0,0.2,"","","","","",""
"A0834","Riverside","Coachella, Indio","https://www.californiahealthmaps.org?address=A0834","Female","Thyroid",163935,14.3,8.5,23.7,"","","","","","","","",153470,14.7,8.6,25.3,"","","","",1,65743,0.0,34.7,40.0,3.8,1.3,0.2,94.0,0.2,"","","","","",""
"A0834","Riverside","Coachella, Indio","https://www.californiahealthmaps.org?address=A0834","Male","Liver",164780,17.4,9.8,30.5,"","","","","","","","",153465,18.1,9.6,33.5,"","","","",1,65743,0.0,34.7,40.0,3.8,1.3,0.2,94.0,0.2,"","","","","",""
"A0834","Riverside","Coachella, Indio","https://www.californiahealthmaps.org?address=A0834","Female","Liver",163935,"","","","","","","","","","","",153470,"","","","","","","",1,65743,0.0,34.7,40.0,3.8,1.3,0.2,94.0,0.2,"","","","","",""
"A0834","Riverside","Coachella, Indio","https://www.californiahealthmaps.org?address=A0834","Male","Pancreas",164780,22.1,12.5,37.4,"","","","","","","","",153465,24.8,13.7,43.1,"","","","",1,65743,0.0,34.7,40.0,3.8,1.3,0.2,94.0,0.2,"","","","","",""
"A0834","Riverside","Coachella, Indio","https://www.californiahealthmaps.org?address=A0834","Female","Pancreas",163935,"","","","","","","","","","","",153470,"","","","","","","",1,65743,0.0,34.7,40.0,3.8,1.3,0.2,94.0,0.2,"","","","","",""
"A0834","Riverside","Coachella, Indio","https://www.californiahealthmaps.org?address=A0834","Both","AllSite",328715,395.7,366.5,426.9,14420,530.8,427.0,659.5,"","","","",306935,374.7,343.8,408.0,"","","","",1,65743,0.0,34.7,40.0,3.8,1.3,0.2,94.0,0.2,"","","","","",""
"A0834","Riverside","Coachella, Indio","https://www.californiahealthmaps.org?address=A0834","Both","Lung",328715,36.2,27.3,47.3,14420,77.5,42.8,140.3,"","","","",306935,28.1,19.5,39.6,"","","","",1,65743,0.0,34.7,40.0,3.8,1.3,0.2,94.0,0.2,"","","","","",""
"A0834","Riverside","Coachella, Indio","https://www.californiahealthmaps.org?address=A0834","Both","CRC",328715,45.0,35.6,56.5,14420,"","","","","","","",306935,44.4,34.2,57.2,"","","","",1,65743,0.0,34.7,40.0,3.8,1.3,0.2,94.0,0.2,"","","","","",""
"A0834","Riverside","Coachella, Indio","https://www.californiahealthmaps.org?address=A0834","Both","Mela",328715,"","","",14420,"","","","","","","",306935,"","","","","","","",1,65743,0.0,34.7,40.0,3.8,1.3,0.2,94.0,0.2,"","","","","",""
"A0834","Riverside","Coachella, Indio","https://www.californiahealthmaps.org?address=A0834","Both","Lymph",328715,19.6,13.4,27.9,14420,"","","","","","","",306935,19.5,12.9,29.0,"","","","",1,65743,0.0,34.7,40.0,3.8,1.3,0.2,94.0,0.2,"","","","","",""
"A0834","Riverside","Coachella, Indio","https://www.californiahealthmaps.org?address=A0834","Both","Urinary",328715,"","","",14420,"","","","","","","",306935,"","","","","","","",1,65743,0.0,34.7,40.0,3.8,1.3,0.2,94.0,0.2,"","","","","",""
"A0834","Riverside","Coachella, Indio","https://www.californiahealthmaps.org?address=A0834","Both","Kidney",328715,24.4,17.5,33.6,14420,"","","","","","","",306935,22.5,15.5,32.1,"","","","",1,65743,0.0,34.7,40.0,3.8,1.3,0.2,94.0,0.2,"","","","","",""
"A0834","Riverside","Coachella, Indio","https://www.californiahealthmaps.org?address=A0834","Both","Thyroid",328715,9.6,6.0,15.1,14420,"","","","","","","",306935,9.4,5.8,15.6,"","","","",1,65743,0.0,34.7,40.0,3.8,1.3,0.2,94.0,0.2,"","","","","",""
"A0834","Riverside","Coachella, Indio","https://www.californiahealthmaps.org?address=A0834","Both","Liver",328715,10.6,6.4,16.9,14420,"","","","","","","",306935,11.4,6.6,19.1,"","","","",1,65743,0.0,34.7,40.0,3.8,1.3,0.2,94.0,0.2,"","","","","",""
"A0834","Riverside","Coachella, Indio","https://www.californiahealthmaps.org?address=A0834","Both","Pancreas",328715,17.4,11.4,25.6,14420,"","","","","","","",306935,17.8,11.3,27.3,"","","","",1,65743,0.0,34.7,40.0,3.8,1.3,0.2,94.0,0.2,"","","","","",""
