"Zone","Counties","Cities","URL","Sex","Cancer","PopTot","AAIR","LCI","UCI","White_PopTot","White_AAIR","White_LCI","White_UCI","Black_PopTot","Black_AAIR","Black_LCI","Black_UCI","Hispanic_PopTot","Hispanic_AAIR","Hispanic_LCI","Hispanic_UCI","Asian_PopTot","Asian_AAIR","Asian_LCI","Asian_UCI","QNSES","PopAll","PerRural","PerUninsured","PerForeignBorn","PerWhite","PerBlack","PerAsian","PerHispanic","PerAPI","PerDocvisit","PerFOBT","PerMammo","PerMenPrev","PerPap","PerWomenPrev"
"A0698","Santa Cruz","Watsonville","https://www.californiahealthmaps.org?address=A0698","Male","AllSite",231210,462.9,432.5,495.0,75955,515.0,472.8,561.6,"","","","",143140,374.0,324.8,430.0,"","","","",3,92611,14.5,19.3,31.4,34.1,0.5,3.4,60.4,3.4,"","","","","",""
"A0698","Santa Cruz","Watsonville","https://www.californiahealthmaps.org?address=A0698","Female","AllSite",231845,443.2,416.0,471.8,80610,475.7,435.5,520.4,"","","","",138225,410.3,366.1,459.0,"","","","",3,92611,14.5,19.3,31.4,34.1,0.5,3.4,60.4,3.4,"","","","","",""
"A0698","Santa Cruz","Watsonville","https://www.californiahealthmaps.org?address=A0698","Male","Prostate",231210,104.4,90.6,120.1,75955,117.8,99.2,140.8,"","","","",143140,74.9,53.8,103.3,"","","","",3,92611,14.5,19.3,31.4,34.1,0.5,3.4,60.4,3.4,"","","","","",""
"A0698","Santa Cruz","Watsonville","https://www.californiahealthmaps.org?address=A0698","Female","Breast",231845,150.4,134.8,167.5,80610,180.9,156.7,209.7,"","","","",138225,108.7,86.8,135.2,"","","","",3,92611,14.5,19.3,31.4,34.1,0.5,3.4,60.4,3.4,"","","","","",""
"A0698","Santa Cruz","Watsonville","https://www.californiahealthmaps.org?address=A0698","Male","Lung",231210,50.8,40.6,62.9,75955,48.5,36.4,65.4,"","","","",143140,58.0,37.3,87.2,"","","","",3,92611,14.5,19.3,31.4,34.1,0.5,3.4,60.4,3.4,"","","","","",""
"A0698","Santa Cruz","Watsonville","https://www.californiahealthmaps.org?address=A0698","Female","Lung",231845,28.1,21.5,36.3,80610,33.5,23.9,48.2,"","","","",138225,21.1,11.4,36.2,"","","","",3,92611,14.5,19.3,31.4,34.1,0.5,3.4,60.4,3.4,"","","","","",""
"A0698","Santa Cruz","Watsonville","https://www.californiahealthmaps.org?address=A0698","Male","CRC",231210,39.3,31.2,49.3,75955,39.4,28.7,55.0,"","","","",143140,46.5,31.2,68.9,"","","","",3,92611,14.5,19.3,31.4,34.1,0.5,3.4,60.4,3.4,"","","","","",""
"A0698","Santa Cruz","Watsonville","https://www.californiahealthmaps.org?address=A0698","Female","CRC",231845,32.7,25.9,41.1,80610,34.5,24.5,49.8,"","","","",138225,31.9,20.8,47.9,"","","","",3,92611,14.5,19.3,31.4,34.1,0.5,3.4,60.4,3.4,"","","","","",""
"A0698","Santa Cruz","Watsonville","https://www.californiahealthmaps.org?address=A0698","Male","Mela",231210,47.0,37.4,58.4,75955,70.4,55.0,90.5,"","","","",143140,"","","","","","","",3,92611,14.5,19.3,31.4,34.1,0.5,3.4,60.4,3.4,"","","","","",""
"A0698","Santa Cruz","Watsonville","https://www.californiahealthmaps.org?address=A0698","Female","Mela",231845,23.6,17.6,31.1,80610,34.9,24.7,50.4,"","","","",138225,"","","","","","","",3,92611,14.5,19.3,31.4,34.1,0.5,3.4,60.4,3.4,"","","","","",""
"A0698","Santa Cruz","Watsonville","https://www.californiahealthmaps.org?address=A0698","Female","Uterine",231845,27.2,20.8,35.0,80610,22.5,15.3,34.9,"","","","",138225,31.6,20.8,47.3,"","","","",3,92611,14.5,19.3,31.4,34.1,0.5,3.4,60.4,3.4,"","","","","",""
"A0698","Santa Cruz","Watsonville","https://www.californiahealthmaps.org?address=A0698","Male","Lymph",231210,29.8,22.3,39.2,75955,34.8,24.3,50.4,"","","","",143140,21.2,11.0,39.3,"","","","",3,92611,14.5,19.3,31.4,34.1,0.5,3.4,60.4,3.4,"","","","","",""
"A0698","Santa Cruz","Watsonville","https://www.californiahealthmaps.org?address=A0698","Female","Lymph",231845,21.3,15.8,28.3,80610,24.3,16.2,37.7,"","","","",138225,"","","","","","","",3,92611,14.5,19.3,31.4,34.1,0.5,3.4,60.4,3.4,"","","","","",""
"A0698","Santa Cruz","Watsonville","https://www.californiahealthmaps.org?address=A0698","Male","Urinary",231210,18.2,12.4,26.0,75955,22.6,14.6,35.8,"","","","",143140,"","","","","","","",3,92611,14.5,19.3,31.4,34.1,0.5,3.4,60.4,3.4,"","","","","",""
"A0698","Santa Cruz","Watsonville","https://www.californiahealthmaps.org?address=A0698","Female","Urinary",231845,"","","",80610,"","","","","","","",138225,"","","","","","","",3,92611,14.5,19.3,31.4,34.1,0.5,3.4,60.4,3.4,"","","","","",""
"A0698","Santa Cruz","Watsonville","https://www.californiahealthmaps.org?address=A0698","Male","Kidney",231210,14.6,9.7,21.3,75955,11.9,6.3,23.2,"","","","",143140,"","","","","","","",3,92611,14.5,19.3,31.4,34.1,0.5,3.4,60.4,3.4,"","","","","",""
"A0698","Santa Cruz","Watsonville","https://www.californiahealthmaps.org?address=A0698","Female","Kidney",231845,11.1,7.3,16.4,80610,"","","","","","","",138225,19.2,10.6,33.0,"","","","",3,92611,14.5,19.3,31.4,34.1,0.5,3.4,60.4,3.4,"","","","","",""
"A0698","Santa Cruz","Watsonville","https://www.californiahealthmaps.org?address=A0698","Male","Thyroid",231210,"","","",75955,"","","","","","","",143140,"","","","","","","",3,92611,14.5,19.3,31.4,34.1,0.5,3.4,60.4,3.4,"","","","","",""
"A0698","Santa Cruz","Watsonville","https://www.californiahealthmaps.org?address=A0698","Female","Thyroid",231845,19.7,14.2,26.7,80610,"","","","","","","",138225,28.0,18.5,42.1,"","","","",3,92611,14.5,19.3,31.4,34.1,0.5,3.4,60.4,3.4,"","","","","",""
"A0698","Santa Cruz","Watsonville","https://www.californiahealthmaps.org?address=A0698","Male","Liver",231210,14.1,9.4,20.7,75955,14.4,8.4,25.8,"","","","",143140,"","","","","","","",3,92611,14.5,19.3,31.4,34.1,0.5,3.4,60.4,3.4,"","","","","",""
"A0698","Santa Cruz","Watsonville","https://www.californiahealthmaps.org?address=A0698","Female","Liver",231845,"","","",80610,"","","","","","","",138225,"","","","","","","",3,92611,14.5,19.3,31.4,34.1,0.5,3.4,60.4,3.4,"","","","","",""
"A0698","Santa Cruz","Watsonville","https://www.californiahealthmaps.org?address=A0698","Male","Pancreas",231210,18.3,12.5,26.0,75955,14.5,8.4,26.1,"","","","",143140,"","","","","","","",3,92611,14.5,19.3,31.4,34.1,0.5,3.4,60.4,3.4,"","","","","",""
"A0698","Santa Cruz","Watsonville","https://www.californiahealthmaps.org?address=A0698","Female","Pancreas",231845,13.0,8.7,18.8,80610,11.8,6.8,22.6,"","","","",138225,"","","","","","","",3,92611,14.5,19.3,31.4,34.1,0.5,3.4,60.4,3.4,"","","","","",""
"A0698","Santa Cruz","Watsonville","https://www.californiahealthmaps.org?address=A0698","Both","AllSite",463055,448.1,428.1,469.0,156565,491.0,462.0,522.1,"","","","",281365,388.4,355.7,423.8,13890,370.7,287.3,485.8,3,92611,14.5,19.3,31.4,34.1,0.5,3.4,60.4,3.4,"","","","","",""
"A0698","Santa Cruz","Watsonville","https://www.californiahealthmaps.org?address=A0698","Both","Lung",463055,37.7,31.8,44.3,156565,40.0,32.4,50.0,"","","","",281365,36.5,25.8,50.4,13890,"","","",3,92611,14.5,19.3,31.4,34.1,0.5,3.4,60.4,3.4,"","","","","",""
"A0698","Santa Cruz","Watsonville","https://www.californiahealthmaps.org?address=A0698","Both","CRC",463055,35.8,30.4,41.9,156565,37.0,29.5,46.8,"","","","",281365,38.4,29.0,50.5,13890,"","","",3,92611,14.5,19.3,31.4,34.1,0.5,3.4,60.4,3.4,"","","","","",""
"A0698","Santa Cruz","Watsonville","https://www.californiahealthmaps.org?address=A0698","Both","Mela",463055,33.7,28.3,39.9,156565,50.5,41.5,61.9,"","","","",281365,"","","",13890,"","","",3,92611,14.5,19.3,31.4,34.1,0.5,3.4,60.4,3.4,"","","","","",""
"A0698","Santa Cruz","Watsonville","https://www.californiahealthmaps.org?address=A0698","Both","Lymph",463055,25.2,20.6,30.7,156565,29.1,22.4,38.2,"","","","",281365,19.5,12.5,29.5,13890,"","","",3,92611,14.5,19.3,31.4,34.1,0.5,3.4,60.4,3.4,"","","","","",""
"A0698","Santa Cruz","Watsonville","https://www.californiahealthmaps.org?address=A0698","Both","Urinary",463055,11.0,8.0,14.8,156565,12.8,8.8,19.4,"","","","",281365,"","","",13890,"","","",3,92611,14.5,19.3,31.4,34.1,0.5,3.4,60.4,3.4,"","","","","",""
"A0698","Santa Cruz","Watsonville","https://www.californiahealthmaps.org?address=A0698","Both","Kidney",463055,12.7,9.6,16.7,156565,9.9,6.1,16.5,"","","","",281365,19.1,12.1,29.1,13890,"","","",3,92611,14.5,19.3,31.4,34.1,0.5,3.4,60.4,3.4,"","","","","",""
"A0698","Santa Cruz","Watsonville","https://www.californiahealthmaps.org?address=A0698","Both","Thyroid",463055,12.2,9.1,16.2,156565,"","","","","","","",281365,16.8,11.3,25.1,13890,"","","",3,92611,14.5,19.3,31.4,34.1,0.5,3.4,60.4,3.4,"","","","","",""
"A0698","Santa Cruz","Watsonville","https://www.californiahealthmaps.org?address=A0698","Both","Liver",463055,8.5,6.0,11.8,156565,8.0,5.0,13.7,"","","","",281365,"","","",13890,"","","",3,92611,14.5,19.3,31.4,34.1,0.5,3.4,60.4,3.4,"","","","","",""
"A0698","Santa Cruz","Watsonville","https://www.californiahealthmaps.org?address=A0698","Both","Pancreas",463055,15.4,11.8,19.9,156565,13.2,9.2,19.9,"","","","",281365,21.4,13.7,32.5,13890,"","","",3,92611,14.5,19.3,31.4,34.1,0.5,3.4,60.4,3.4,"","","","","",""
