"Zone","Counties","Cities","URL","Sex","Cancer","PopTot","AAIR","LCI","UCI","White_PopTot","White_AAIR","White_LCI","White_UCI","Black_PopTot","Black_AAIR","Black_LCI","Black_UCI","Hispanic_PopTot","Hispanic_AAIR","Hispanic_LCI","Hispanic_UCI","Asian_PopTot","Asian_AAIR","Asian_LCI","Asian_UCI","QNSES","PopAll","PerRural","PerUninsured","PerForeignBorn","PerWhite","PerBlack","PerAsian","PerHispanic"
"A0924","Monterey","Marina, Salinas, Seaside","https://www.californiahealthmaps.org?address=A0924","Male","AllSite",205910,507.5,476.6,540.2,96025,538.1,498.9,580.3,"","","","",74435,456.4,378.0,549.1,19380,355.9,276.7,453.9,4,84823,13.1,16.1,22.0,47.1,3.3,9.1,36.8
"A0924","Monterey","Marina, Salinas, Seaside","https://www.californiahealthmaps.org?address=A0924","Female","AllSite",218205,441.3,414.7,469.4,103445,456.5,421.0,495.0,"","","","",74390,437.7,371.6,514.2,24295,370.8,307.2,450.2,4,84823,13.1,16.1,22.0,47.1,3.3,9.1,36.8
"A0924","Monterey","Marina, Salinas, Seaside","https://www.californiahealthmaps.org?address=A0924","Male","Prostate",205910,121.0,106.3,137.2,96025,116.9,99.7,137.2,"","","","",74435,169.5,121.7,232.7,19380,69.5,39.3,119.1,4,84823,13.1,16.1,22.0,47.1,3.3,9.1,36.8
"A0924","Monterey","Marina, Salinas, Seaside","https://www.californiahealthmaps.org?address=A0924","Female","Breast",218205,131.9,117.5,147.8,103445,141.5,122.2,164.0,"","","","",74390,108.3,78.3,148.9,24295,111.4,78.4,161.5,4,84823,13.1,16.1,22.0,47.1,3.3,9.1,36.8
"A0924","Monterey","Marina, Salinas, Seaside","https://www.californiahealthmaps.org?address=A0924","Male","Lung",205910,47.9,38.6,59.0,96025,50.8,39.4,65.5,"","","","",74435,"","","",19380,"","","",4,84823,13.1,16.1,22.0,47.1,3.3,9.1,36.8
"A0924","Monterey","Marina, Salinas, Seaside","https://www.californiahealthmaps.org?address=A0924","Female","Lung",218205,38.2,30.7,47.1,103445,38.4,29.3,50.5,"","","","",74390,"","","",24295,46.6,27.1,84.9,4,84823,13.1,16.1,22.0,47.1,3.3,9.1,36.8
"A0924","Monterey","Marina, Salinas, Seaside","https://www.californiahealthmaps.org?address=A0924","Male","CRC",205910,42.3,33.7,52.7,96025,41.5,31.0,55.6,"","","","",74435,60.5,33.7,103.6,19380,"","","",4,84823,13.1,16.1,22.0,47.1,3.3,9.1,36.8
"A0924","Monterey","Marina, Salinas, Seaside","https://www.californiahealthmaps.org?address=A0924","Female","CRC",218205,31.6,24.9,39.8,103445,28.3,20.4,39.5,"","","","",74390,"","","",24295,"","","",4,84823,13.1,16.1,22.0,47.1,3.3,9.1,36.8
"A0924","Monterey","Marina, Salinas, Seaside","https://www.californiahealthmaps.org?address=A0924","Male","Mela",205910,52.3,42.7,63.7,96025,67.4,54.3,83.7,"","","","",74435,"","","",19380,"","","",4,84823,13.1,16.1,22.0,47.1,3.3,9.1,36.8
"A0924","Monterey","Marina, Salinas, Seaside","https://www.californiahealthmaps.org?address=A0924","Female","Mela",218205,32.9,25.9,41.4,103445,42.9,32.3,56.9,"","","","",74390,"","","",24295,"","","",4,84823,13.1,16.1,22.0,47.1,3.3,9.1,36.8
"A0924","Monterey","Marina, Salinas, Seaside","https://www.californiahealthmaps.org?address=A0924","Female","Uterine",218205,29.6,23.1,37.7,103445,29.5,21.5,40.8,"","","","",74390,"","","",24295,"","","",4,84823,13.1,16.1,22.0,47.1,3.3,9.1,36.8
"A0924","Monterey","Marina, Salinas, Seaside","https://www.californiahealthmaps.org?address=A0924","Male","Lymph",205910,28.1,21.1,36.9,96025,32.8,23.4,45.7,"","","","",74435,"","","",19380,"","","",4,84823,13.1,16.1,22.0,47.1,3.3,9.1,36.8
"A0924","Monterey","Marina, Salinas, Seaside","https://www.californiahealthmaps.org?address=A0924","Female","Lymph",218205,21.9,16.3,29.1,103445,20.4,13.8,30.4,"","","","",74390,"","","",24295,"","","",4,84823,13.1,16.1,22.0,47.1,3.3,9.1,36.8
"A0924","Monterey","Marina, Salinas, Seaside","https://www.californiahealthmaps.org?address=A0924","Male","Urinary",205910,20.4,14.6,28.0,96025,20.3,13.7,30.5,"","","","",74435,"","","",19380,"","","",4,84823,13.1,16.1,22.0,47.1,3.3,9.1,36.8
"A0924","Monterey","Marina, Salinas, Seaside","https://www.californiahealthmaps.org?address=A0924","Female","Urinary",218205,2.4,0.9,5.6,103445,"","","","","","","",74390,"","","",24295,"","","",4,84823,13.1,16.1,22.0,47.1,3.3,9.1,36.8
"A0924","Monterey","Marina, Salinas, Seaside","https://www.californiahealthmaps.org?address=A0924","Male","Kidney",205910,21.0,15.0,28.7,96025,21.1,13.8,32.0,"","","","",74435,"","","",19380,"","","",4,84823,13.1,16.1,22.0,47.1,3.3,9.1,36.8
"A0924","Monterey","Marina, Salinas, Seaside","https://www.californiahealthmaps.org?address=A0924","Female","Kidney",218205,7.7,4.5,12.5,103445,"","","","","","","",74390,"","","",24295,"","","",4,84823,13.1,16.1,22.0,47.1,3.3,9.1,36.8
"A0924","Monterey","Marina, Salinas, Seaside","https://www.californiahealthmaps.org?address=A0924","Male","Thyroid",205910,5.6,2.9,10.2,96025,"","","","","","","",74435,"","","",19380,"","","",4,84823,13.1,16.1,22.0,47.1,3.3,9.1,36.8
"A0924","Monterey","Marina, Salinas, Seaside","https://www.californiahealthmaps.org?address=A0924","Female","Thyroid",218205,28.4,21.7,36.7,103445,30.1,20.3,43.8,"","","","",74390,"","","",24295,"","","",4,84823,13.1,16.1,22.0,47.1,3.3,9.1,36.8
"A0924","Monterey","Marina, Salinas, Seaside","https://www.californiahealthmaps.org?address=A0924","Both","AllSite",424115,467.3,447.2,488.1,199470,491.0,464.8,518.8,13910,543.0,415.2,707.9,148825,439.8,389.3,496.2,43675,358.8,309.8,415.6,4,84823,13.1,16.1,22.0,47.1,3.3,9.1,36.8
"A0924","Monterey","Marina, Salinas, Seaside","https://www.californiahealthmaps.org?address=A0924","Both","Lung",424115,42.2,36.3,48.9,199470,43.6,36.4,52.4,13910,"","","",148825,"","","",43675,52.4,34.9,78.6,4,84823,13.1,16.1,22.0,47.1,3.3,9.1,36.8
"A0924","Monterey","Marina, Salinas, Seaside","https://www.californiahealthmaps.org?address=A0924","Both","CRC",424115,36.2,30.8,42.4,199470,34.3,27.7,42.5,13910,"","","",148825,47.3,31.3,69.8,43675,34.6,20.9,57.3,4,84823,13.1,16.1,22.0,47.1,3.3,9.1,36.8
"A0924","Monterey","Marina, Salinas, Seaside","https://www.californiahealthmaps.org?address=A0924","Both","Mela",424115,41.2,35.4,47.8,199470,53.8,45.4,63.7,13910,"","","",148825,"","","",43675,"","","",4,84823,13.1,16.1,22.0,47.1,3.3,9.1,36.8
"A0924","Monterey","Marina, Salinas, Seaside","https://www.californiahealthmaps.org?address=A0924","Both","Lymph",424115,24.9,20.4,30.2,199470,26.4,20.6,33.8,13910,"","","",148825,27.6,15.8,46.1,43675,"","","",4,84823,13.1,16.1,22.0,47.1,3.3,9.1,36.8
"A0924","Monterey","Marina, Salinas, Seaside","https://www.californiahealthmaps.org?address=A0924","Both","Urinary",424115,9.9,7.2,13.3,199470,9.8,6.8,14.5,13910,"","","",148825,"","","",43675,"","","",4,84823,13.1,16.1,22.0,47.1,3.3,9.1,36.8
"A0924","Monterey","Marina, Salinas, Seaside","https://www.californiahealthmaps.org?address=A0924","Both","Kidney",424115,13.7,10.4,17.8,199470,14.2,9.9,20.2,13910,"","","",148825,"","","",43675,"","","",4,84823,13.1,16.1,22.0,47.1,3.3,9.1,36.8
"A0924","Monterey","Marina, Salinas, Seaside","https://www.californiahealthmaps.org?address=A0924","Both","Thyroid",424115,17.4,13.6,22.0,199470,18.8,13.2,26.3,13910,"","","",148825,11.1,6.0,22.2,43675,"","","",4,84823,13.1,16.1,22.0,47.1,3.3,9.1,36.8
