"Zone","Counties","Cities","URL","Sex","Cancer","PopTot","AAIR","LCI","UCI","White_PopTot","White_AAIR","White_LCI","White_UCI","Black_PopTot","Black_AAIR","Black_LCI","Black_UCI","Hispanic_PopTot","Hispanic_AAIR","Hispanic_LCI","Hispanic_UCI","Asian_PopTot","Asian_AAIR","Asian_LCI","Asian_UCI","QNSES","PopAll","PerRural","PerUninsured","PerForeignBorn","PerWhite","PerBlack","PerAsian","PerHispanic","PerAPI","PerDocvisit","PerFOBT","PerMammo","PerMenPrev","PerPap","PerWomenPrev"
"A1070","Riverside","Desert Hot Springs, Palm Springs, Banning","https://www.californiahealthmaps.org?address=A1070","Male","AllSite",169340,493.1,461.6,526.7,98255,485.2,449.2,524.8,"","","","",48740,435.7,354.6,533.8,"","","","",2,66874,56.0,17.2,12.0,61.2,3.9,4.6,26.1,4.6,"","","","","",""
"A1070","Riverside","Desert Hot Springs, Palm Springs, Banning","https://www.californiahealthmaps.org?address=A1070","Female","AllSite",165030,415.7,387.1,446.2,95640,425.9,390.9,464.6,"","","","",46405,369.4,305.2,445.7,"","","","",2,66874,56.0,17.2,12.0,61.2,3.9,4.6,26.1,4.6,"","","","","",""
"A1070","Riverside","Desert Hot Springs, Palm Springs, Banning","https://www.californiahealthmaps.org?address=A1070","Male","Prostate",169340,112.7,98.3,129.0,98255,100.1,85.1,118.8,"","","","",48740,110.5,70.5,169.5,"","","","",2,66874,56.0,17.2,12.0,61.2,3.9,4.6,26.1,4.6,"","","","","",""
"A1070","Riverside","Desert Hot Springs, Palm Springs, Banning","https://www.californiahealthmaps.org?address=A1070","Female","Breast",165030,112.0,97.6,128.3,95640,112.6,95.1,133.8,"","","","",46405,98.3,67.1,142.2,"","","","",2,66874,56.0,17.2,12.0,61.2,3.9,4.6,26.1,4.6,"","","","","",""
"A1070","Riverside","Desert Hot Springs, Palm Springs, Banning","https://www.californiahealthmaps.org?address=A1070","Male","Lung",169340,65.0,53.7,78.3,98255,65.5,52.9,82.0,"","","","",48740,"","","","","","","",2,66874,56.0,17.2,12.0,61.2,3.9,4.6,26.1,4.6,"","","","","",""
"A1070","Riverside","Desert Hot Springs, Palm Springs, Banning","https://www.californiahealthmaps.org?address=A1070","Female","Lung",165030,48.8,39.5,60.1,95640,58.0,46.5,73.3,"","","","",46405,"","","","","","","",2,66874,56.0,17.2,12.0,61.2,3.9,4.6,26.1,4.6,"","","","","",""
"A1070","Riverside","Desert Hot Springs, Palm Springs, Banning","https://www.californiahealthmaps.org?address=A1070","Male","CRC",169340,44.5,35.3,55.8,98255,43.9,33.6,58.2,"","","","",48740,"","","","","","","",2,66874,56.0,17.2,12.0,61.2,3.9,4.6,26.1,4.6,"","","","","",""
"A1070","Riverside","Desert Hot Springs, Palm Springs, Banning","https://www.californiahealthmaps.org?address=A1070","Female","CRC",165030,39.6,31.4,49.9,95640,40.2,30.8,53.4,"","","","",46405,"","","","","","","",2,66874,56.0,17.2,12.0,61.2,3.9,4.6,26.1,4.6,"","","","","",""
"A1070","Riverside","Desert Hot Springs, Palm Springs, Banning","https://www.californiahealthmaps.org?address=A1070","Male","Mela",169340,38.6,30.0,49.4,98255,46.0,35.2,60.8,"","","","",48740,"","","","","","","",2,66874,56.0,17.2,12.0,61.2,3.9,4.6,26.1,4.6,"","","","","",""
"A1070","Riverside","Desert Hot Springs, Palm Springs, Banning","https://www.californiahealthmaps.org?address=A1070","Female","Mela",165030,24.3,17.6,33.1,95640,30.5,21.0,44.3,"","","","",46405,"","","","","","","",2,66874,56.0,17.2,12.0,61.2,3.9,4.6,26.1,4.6,"","","","","",""
"A1070","Riverside","Desert Hot Springs, Palm Springs, Banning","https://www.californiahealthmaps.org?address=A1070","Female","Uterine",165030,25.6,19.1,34.2,95640,22.3,15.7,33.1,"","","","",46405,"","","","","","","",2,66874,56.0,17.2,12.0,61.2,3.9,4.6,26.1,4.6,"","","","","",""
"A1070","Riverside","Desert Hot Springs, Palm Springs, Banning","https://www.californiahealthmaps.org?address=A1070","Male","Lymph",169340,24.3,17.6,33.1,98255,22.0,15.1,33.1,"","","","",48740,"","","","","","","",2,66874,56.0,17.2,12.0,61.2,3.9,4.6,26.1,4.6,"","","","","",""
"A1070","Riverside","Desert Hot Springs, Palm Springs, Banning","https://www.californiahealthmaps.org?address=A1070","Female","Lymph",165030,12.0,7.6,18.5,95640,13.0,7.6,22.7,"","","","",46405,"","","","","","","",2,66874,56.0,17.2,12.0,61.2,3.9,4.6,26.1,4.6,"","","","","",""
"A1070","Riverside","Desert Hot Springs, Palm Springs, Banning","https://www.californiahealthmaps.org?address=A1070","Male","Urinary",169340,28.1,20.8,37.6,98255,32.4,23.5,45.3,"","","","",48740,"","","","","","","",2,66874,56.0,17.2,12.0,61.2,3.9,4.6,26.1,4.6,"","","","","",""
"A1070","Riverside","Desert Hot Springs, Palm Springs, Banning","https://www.californiahealthmaps.org?address=A1070","Female","Urinary",165030,"","","",95640,"","","","","","","",46405,"","","","","","","",2,66874,56.0,17.2,12.0,61.2,3.9,4.6,26.1,4.6,"","","","","",""
"A1070","Riverside","Desert Hot Springs, Palm Springs, Banning","https://www.californiahealthmaps.org?address=A1070","Male","Kidney",169340,20.7,14.7,28.8,98255,18.1,11.4,29.2,"","","","",48740,"","","","","","","",2,66874,56.0,17.2,12.0,61.2,3.9,4.6,26.1,4.6,"","","","","",""
"A1070","Riverside","Desert Hot Springs, Palm Springs, Banning","https://www.californiahealthmaps.org?address=A1070","Female","Kidney",165030,11.8,7.4,18.5,95640,11.1,6.0,20.9,"","","","",46405,"","","","","","","",2,66874,56.0,17.2,12.0,61.2,3.9,4.6,26.1,4.6,"","","","","",""
"A1070","Riverside","Desert Hot Springs, Palm Springs, Banning","https://www.californiahealthmaps.org?address=A1070","Male","Thyroid",169340,"","","",98255,"","","","","","","",48740,"","","","","","","",2,66874,56.0,17.2,12.0,61.2,3.9,4.6,26.1,4.6,"","","","","",""
"A1070","Riverside","Desert Hot Springs, Palm Springs, Banning","https://www.californiahealthmaps.org?address=A1070","Female","Thyroid",165030,21.6,15.1,30.2,95640,24.6,15.7,38.2,"","","","",46405,"","","","","","","",2,66874,56.0,17.2,12.0,61.2,3.9,4.6,26.1,4.6,"","","","","",""
"A1070","Riverside","Desert Hot Springs, Palm Springs, Banning","https://www.californiahealthmaps.org?address=A1070","Male","Liver",169340,16.6,11.6,23.8,98255,14.0,8.3,24.3,"","","","",48740,"","","","","","","",2,66874,56.0,17.2,12.0,61.2,3.9,4.6,26.1,4.6,"","","","","",""
"A1070","Riverside","Desert Hot Springs, Palm Springs, Banning","https://www.californiahealthmaps.org?address=A1070","Female","Liver",165030,"","","",95640,"","","","","","","",46405,"","","","","","","",2,66874,56.0,17.2,12.0,61.2,3.9,4.6,26.1,4.6,"","","","","",""
"A1070","Riverside","Desert Hot Springs, Palm Springs, Banning","https://www.californiahealthmaps.org?address=A1070","Male","Pancreas",169340,11.6,7.3,18.1,98255,12.7,7.7,22.2,"","","","",48740,"","","","","","","",2,66874,56.0,17.2,12.0,61.2,3.9,4.6,26.1,4.6,"","","","","",""
"A1070","Riverside","Desert Hot Springs, Palm Springs, Banning","https://www.californiahealthmaps.org?address=A1070","Female","Pancreas",165030,10.5,6.5,16.6,95640,10.8,6.2,19.8,"","","","",46405,"","","","","","","",2,66874,56.0,17.2,12.0,61.2,3.9,4.6,26.1,4.6,"","","","","",""
"A1070","Riverside","Desert Hot Springs, Palm Springs, Banning","https://www.californiahealthmaps.org?address=A1070","Both","AllSite",334370,451.0,429.8,473.2,193895,453.2,428.1,480.0,12800,504.6,380.8,660.1,95145,394.3,343.6,452.0,14265,318.8,222.2,455.0,2,66874,56.0,17.2,12.0,61.2,3.9,4.6,26.1,4.6,"","","","","",""
"A1070","Riverside","Desert Hot Springs, Palm Springs, Banning","https://www.californiahealthmaps.org?address=A1070","Both","Lung",334370,56.5,49.2,64.8,193895,61.7,53.1,72.2,12800,"","","",95145,35.7,20.5,59.3,14265,"","","",2,66874,56.0,17.2,12.0,61.2,3.9,4.6,26.1,4.6,"","","","","",""
"A1070","Riverside","Desert Hot Springs, Palm Springs, Banning","https://www.californiahealthmaps.org?address=A1070","Both","CRC",334370,41.9,35.6,49.1,193895,41.8,34.7,50.6,12800,"","","",95145,37.4,22.3,60.5,14265,"","","",2,66874,56.0,17.2,12.0,61.2,3.9,4.6,26.1,4.6,"","","","","",""
"A1070","Riverside","Desert Hot Springs, Palm Springs, Banning","https://www.californiahealthmaps.org?address=A1070","Both","Mela",334370,30.9,25.4,37.3,193895,37.8,30.5,47.0,12800,"","","",95145,"","","",14265,"","","",2,66874,56.0,17.2,12.0,61.2,3.9,4.6,26.1,4.6,"","","","","",""
"A1070","Riverside","Desert Hot Springs, Palm Springs, Banning","https://www.californiahealthmaps.org?address=A1070","Both","Lymph",334370,17.8,13.8,22.8,193895,17.3,12.9,23.7,12800,"","","",95145,"","","",14265,"","","",2,66874,56.0,17.2,12.0,61.2,3.9,4.6,26.1,4.6,"","","","","",""
"A1070","Riverside","Desert Hot Springs, Palm Springs, Banning","https://www.californiahealthmaps.org?address=A1070","Both","Urinary",334370,16.7,12.8,21.6,193895,19.3,14.6,26.0,12800,"","","",95145,"","","",14265,"","","",2,66874,56.0,17.2,12.0,61.2,3.9,4.6,26.1,4.6,"","","","","",""
"A1070","Riverside","Desert Hot Springs, Palm Springs, Banning","https://www.californiahealthmaps.org?address=A1070","Both","Kidney",334370,16.3,12.5,21.2,193895,14.5,10.2,21.0,12800,"","","",95145,"","","",14265,"","","",2,66874,56.0,17.2,12.0,61.2,3.9,4.6,26.1,4.6,"","","","","",""
"A1070","Riverside","Desert Hot Springs, Palm Springs, Banning","https://www.californiahealthmaps.org?address=A1070","Both","Thyroid",334370,14.7,10.9,19.6,193895,15.2,10.4,22.3,12800,"","","",95145,"","","",14265,"","","",2,66874,56.0,17.2,12.0,61.2,3.9,4.6,26.1,4.6,"","","","","",""
"A1070","Riverside","Desert Hot Springs, Palm Springs, Banning","https://www.californiahealthmaps.org?address=A1070","Both","Liver",334370,10.0,7.2,13.8,193895,7.5,4.5,12.7,12800,"","","",95145,"","","",14265,"","","",2,66874,56.0,17.2,12.0,61.2,3.9,4.6,26.1,4.6,"","","","","",""
"A1070","Riverside","Desert Hot Springs, Palm Springs, Banning","https://www.californiahealthmaps.org?address=A1070","Both","Pancreas",334370,11.0,8.0,15.1,193895,11.8,8.2,17.3,12800,"","","",95145,"","","",14265,"","","",2,66874,56.0,17.2,12.0,61.2,3.9,4.6,26.1,4.6,"","","","","",""
