"Zone","Counties","Cities","URL","Sex","Cancer","PopTot","AAIR","LCI","UCI","White_PopTot","White_AAIR","White_LCI","White_UCI","Black_PopTot","Black_AAIR","Black_LCI","Black_UCI","Hispanic_PopTot","Hispanic_AAIR","Hispanic_LCI","Hispanic_UCI","Asian_PopTot","Asian_AAIR","Asian_LCI","Asian_UCI","QNSES","PopAll","PerRural","PerUninsured","PerForeignBorn","PerWhite","PerBlack","PerAsian","PerHispanic","PerAPI","PerDocvisit","PerFOBT","PerMammo","PerMenPrev","PerPap","PerWomenPrev"
"A0794","Sacramento","Citrus Heights","https://www.californiahealthmaps.org?address=A0794","Male","AllSite",145210,507.4,472.9,544.0,105110,509.3,471.6,549.8,"","","","",22350,567.3,412.1,767.0,"","","","",3,61121,0.0,14.0,14.4,70.5,4.4,4.9,16.0,4.9,"","","","","",""
"A0794","Sacramento","Citrus Heights","https://www.californiahealthmaps.org?address=A0794","Female","AllSite",160395,463.8,434.6,495.0,118765,465.0,432.8,499.9,"","","","",21825,388.7,289.5,514.2,"","","","",3,61121,0.0,14.0,14.4,70.5,4.4,4.9,16.0,4.9,"","","","","",""
"A0794","Sacramento","Citrus Heights","https://www.californiahealthmaps.org?address=A0794","Male","Prostate",145210,109.7,94.1,127.5,105110,103.8,87.4,123.0,"","","","",22350,"","","","","","","",3,61121,0.0,14.0,14.4,70.5,4.4,4.9,16.0,4.9,"","","","","",""
"A0794","Sacramento","Citrus Heights","https://www.californiahealthmaps.org?address=A0794","Female","Breast",160395,145.1,128.8,163.4,118765,136.8,119.4,157.0,"","","","",21825,169.0,105.0,260.7,"","","","",3,61121,0.0,14.0,14.4,70.5,4.4,4.9,16.0,4.9,"","","","","",""
"A0794","Sacramento","Citrus Heights","https://www.californiahealthmaps.org?address=A0794","Male","Lung",145210,67.5,55.4,81.8,105110,68.4,55.5,84.4,"","","","",22350,"","","","","","","",3,61121,0.0,14.0,14.4,70.5,4.4,4.9,16.0,4.9,"","","","","",""
"A0794","Sacramento","Citrus Heights","https://www.californiahealthmaps.org?address=A0794","Female","Lung",160395,62.5,52.5,74.4,118765,67.4,56.2,81.4,"","","","",21825,"","","","","","","",3,61121,0.0,14.0,14.4,70.5,4.4,4.9,16.0,4.9,"","","","","",""
"A0794","Sacramento","Citrus Heights","https://www.californiahealthmaps.org?address=A0794","Male","CRC",145210,39.0,30.0,50.2,105110,37.2,27.6,49.8,"","","","",22350,"","","","","","","",3,61121,0.0,14.0,14.4,70.5,4.4,4.9,16.0,4.9,"","","","","",""
"A0794","Sacramento","Citrus Heights","https://www.californiahealthmaps.org?address=A0794","Female","CRC",160395,34.9,27.3,44.4,118765,34.5,26.3,45.6,"","","","",21825,"","","","","","","",3,61121,0.0,14.0,14.4,70.5,4.4,4.9,16.0,4.9,"","","","","",""
"A0794","Sacramento","Citrus Heights","https://www.californiahealthmaps.org?address=A0794","Male","Mela",145210,46.5,36.4,58.7,105110,51.3,39.7,66.0,"","","","",22350,"","","","","","","",3,61121,0.0,14.0,14.4,70.5,4.4,4.9,16.0,4.9,"","","","","",""
"A0794","Sacramento","Citrus Heights","https://www.californiahealthmaps.org?address=A0794","Female","Mela",160395,22.9,16.7,31.2,118765,23.8,16.9,33.9,"","","","",21825,"","","","","","","",3,61121,0.0,14.0,14.4,70.5,4.4,4.9,16.0,4.9,"","","","","",""
"A0794","Sacramento","Citrus Heights","https://www.californiahealthmaps.org?address=A0794","Female","Uterine",160395,29.5,22.5,38.4,118765,30.2,22.7,40.8,"","","","",21825,"","","","","","","",3,61121,0.0,14.0,14.4,70.5,4.4,4.9,16.0,4.9,"","","","","",""
"A0794","Sacramento","Citrus Heights","https://www.californiahealthmaps.org?address=A0794","Male","Lymph",145210,27.2,19.6,37.1,105110,27.4,19.2,38.9,"","","","",22350,"","","","","","","",3,61121,0.0,14.0,14.4,70.5,4.4,4.9,16.0,4.9,"","","","","",""
"A0794","Sacramento","Citrus Heights","https://www.californiahealthmaps.org?address=A0794","Female","Lymph",160395,14.3,9.6,21.0,118765,15.6,10.1,24.3,"","","","",21825,"","","","","","","",3,61121,0.0,14.0,14.4,70.5,4.4,4.9,16.0,4.9,"","","","","",""
"A0794","Sacramento","Citrus Heights","https://www.californiahealthmaps.org?address=A0794","Male","Urinary",145210,21.5,15.0,30.4,105110,22.4,15.3,32.7,"","","","",22350,"","","","","","","",3,61121,0.0,14.0,14.4,70.5,4.4,4.9,16.0,4.9,"","","","","",""
"A0794","Sacramento","Citrus Heights","https://www.californiahealthmaps.org?address=A0794","Female","Urinary",160395,"","","",118765,"","","","","","","",21825,"","","","","","","",3,61121,0.0,14.0,14.4,70.5,4.4,4.9,16.0,4.9,"","","","","",""
"A0794","Sacramento","Citrus Heights","https://www.californiahealthmaps.org?address=A0794","Male","Kidney",145210,29.2,21.3,39.5,105110,26.6,18.3,38.1,"","","","",22350,"","","","","","","",3,61121,0.0,14.0,14.4,70.5,4.4,4.9,16.0,4.9,"","","","","",""
"A0794","Sacramento","Citrus Heights","https://www.californiahealthmaps.org?address=A0794","Female","Kidney",160395,11.8,7.5,18.3,118765,13.0,8.0,21.5,"","","","",21825,"","","","","","","",3,61121,0.0,14.0,14.4,70.5,4.4,4.9,16.0,4.9,"","","","","",""
"A0794","Sacramento","Citrus Heights","https://www.californiahealthmaps.org?address=A0794","Male","Thyroid",145210,"","","",105110,"","","","","","","",22350,"","","","","","","",3,61121,0.0,14.0,14.4,70.5,4.4,4.9,16.0,4.9,"","","","","",""
"A0794","Sacramento","Citrus Heights","https://www.californiahealthmaps.org?address=A0794","Female","Thyroid",160395,18.0,12.3,25.8,118765,19.0,12.3,29.2,"","","","",21825,"","","","","","","",3,61121,0.0,14.0,14.4,70.5,4.4,4.9,16.0,4.9,"","","","","",""
"A0794","Sacramento","Citrus Heights","https://www.californiahealthmaps.org?address=A0794","Male","Liver",145210,10.2,6.0,16.7,105110,10.0,5.6,17.8,"","","","",22350,"","","","","","","",3,61121,0.0,14.0,14.4,70.5,4.4,4.9,16.0,4.9,"","","","","",""
"A0794","Sacramento","Citrus Heights","https://www.californiahealthmaps.org?address=A0794","Female","Liver",160395,"","","",118765,"","","","","","","",21825,"","","","","","","",3,61121,0.0,14.0,14.4,70.5,4.4,4.9,16.0,4.9,"","","","","",""
"A0794","Sacramento","Citrus Heights","https://www.californiahealthmaps.org?address=A0794","Male","Pancreas",145210,13.8,8.6,21.3,105110,14.8,9.0,24.0,"","","","",22350,"","","","","","","",3,61121,0.0,14.0,14.4,70.5,4.4,4.9,16.0,4.9,"","","","","",""
"A0794","Sacramento","Citrus Heights","https://www.californiahealthmaps.org?address=A0794","Female","Pancreas",160395,13.7,9.4,20.0,118765,12.9,8.5,20.5,"","","","",21825,"","","","","","","",3,61121,0.0,14.0,14.4,70.5,4.4,4.9,16.0,4.9,"","","","","",""
"A0794","Sacramento","Citrus Heights","https://www.californiahealthmaps.org?address=A0794","Both","AllSite",305605,478.7,456.5,501.8,223875,480.7,456.4,506.4,11530,604.8,448.8,808.1,44175,446.5,361.5,547.5,11690,432.8,324.2,577.3,3,61121,0.0,14.0,14.4,70.5,4.4,4.9,16.0,4.9,"","","","","",""
"A0794","Sacramento","Citrus Heights","https://www.californiahealthmaps.org?address=A0794","Both","Lung",305605,64.2,56.4,72.9,223875,67.3,58.8,77.2,11530,"","","",44175,"","","",11690,"","","",3,61121,0.0,14.0,14.4,70.5,4.4,4.9,16.0,4.9,"","","","","",""
"A0794","Sacramento","Citrus Heights","https://www.californiahealthmaps.org?address=A0794","Both","CRC",305605,36.6,30.8,43.5,223875,35.9,29.6,43.7,11530,"","","",44175,"","","",11690,"","","",3,61121,0.0,14.0,14.4,70.5,4.4,4.9,16.0,4.9,"","","","","",""
"A0794","Sacramento","Citrus Heights","https://www.californiahealthmaps.org?address=A0794","Both","Mela",305605,32.7,27.1,39.4,223875,35.6,29.0,43.6,11530,"","","",44175,"","","",11690,"","","",3,61121,0.0,14.0,14.4,70.5,4.4,4.9,16.0,4.9,"","","","","",""
"A0794","Sacramento","Citrus Heights","https://www.californiahealthmaps.org?address=A0794","Both","Lymph",305605,19.8,15.5,25.1,223875,20.7,15.8,27.1,11530,"","","",44175,"","","",11690,"","","",3,61121,0.0,14.0,14.4,70.5,4.4,4.9,16.0,4.9,"","","","","",""
"A0794","Sacramento","Citrus Heights","https://www.californiahealthmaps.org?address=A0794","Both","Urinary",305605,12.1,8.9,16.4,223875,12.1,8.7,17.0,11530,"","","",44175,"","","",11690,"","","",3,61121,0.0,14.0,14.4,70.5,4.4,4.9,16.0,4.9,"","","","","",""
"A0794","Sacramento","Citrus Heights","https://www.californiahealthmaps.org?address=A0794","Both","Kidney",305605,19.2,14.9,24.5,223875,18.7,14.0,24.9,11530,"","","",44175,"","","",11690,"","","",3,61121,0.0,14.0,14.4,70.5,4.4,4.9,16.0,4.9,"","","","","",""
"A0794","Sacramento","Citrus Heights","https://www.californiahealthmaps.org?address=A0794","Both","Thyroid",305605,11.5,8.2,16.0,223875,12.2,8.2,17.8,11530,"","","",44175,"","","",11690,"","","",3,61121,0.0,14.0,14.4,70.5,4.4,4.9,16.0,4.9,"","","","","",""
"A0794","Sacramento","Citrus Heights","https://www.californiahealthmaps.org?address=A0794","Both","Liver",305605,7.7,5.2,11.3,223875,7.3,4.7,11.5,11530,"","","",44175,"","","",11690,"","","",3,61121,0.0,14.0,14.4,70.5,4.4,4.9,16.0,4.9,"","","","","",""
"A0794","Sacramento","Citrus Heights","https://www.californiahealthmaps.org?address=A0794","Both","Pancreas",305605,13.9,10.5,18.4,223875,13.8,10.1,19.1,11530,"","","",44175,"","","",11690,"","","",3,61121,0.0,14.0,14.4,70.5,4.4,4.9,16.0,4.9,"","","","","",""
