"Zone","Counties","Cities","URL","Sex","Cancer","PopTot","AAIR","LCI","UCI","White_PopTot","White_AAIR","White_LCI","White_UCI","Black_PopTot","Black_AAIR","Black_LCI","Black_UCI","Hispanic_PopTot","Hispanic_AAIR","Hispanic_LCI","Hispanic_UCI","Asian_PopTot","Asian_AAIR","Asian_LCI","Asian_UCI","QNSES","PopAll","PerRural","PerUninsured","PerForeignBorn","PerWhite","PerBlack","PerAsian","PerHispanic","PerAPI","PerDocvisit","PerFOBT","PerMammo","PerMenPrev","PerPap","PerWomenPrev"
"A0956","Los Angeles","Malibu, Los Angeles","https://www.californiahealthmaps.org?address=A0956","Male","AllSite",160675,481.1,452.3,512.1,134740,465.2,435.1,498.2,"","","","","","","","","","","","",5,65523,7.3,5.7,22.3,83.8,2.3,5.0,6.7,5.0,"","","","","",""
"A0956","Los Angeles","Malibu, Los Angeles","https://www.californiahealthmaps.org?address=A0956","Female","AllSite",166940,458.0,430.0,488.0,135695,478.8,447.5,512.7,"","","","",11405,303.9,211.1,434.3,10495,347.8,248.6,502.5,5,65523,7.3,5.7,22.3,83.8,2.3,5.0,6.7,5.0,"","","","","",""
"A0956","Los Angeles","Malibu, Los Angeles","https://www.californiahealthmaps.org?address=A0956","Male","Prostate",160675,120.1,106.8,135.7,134740,113.1,99.5,129.5,"","","","","","","","","","","","",5,65523,7.3,5.7,22.3,83.8,2.3,5.0,6.7,5.0,"","","","","",""
"A0956","Los Angeles","Malibu, Los Angeles","https://www.californiahealthmaps.org?address=A0956","Female","Breast",166940,173.9,156.9,193.0,135695,186.3,167.1,208.4,"","","","",11405,"","","",10495,153.4,92.6,275.1,5,65523,7.3,5.7,22.3,83.8,2.3,5.0,6.7,5.0,"","","","","",""
"A0956","Los Angeles","Malibu, Los Angeles","https://www.californiahealthmaps.org?address=A0956","Male","Lung",160675,40.8,32.9,51.0,134740,34.1,26.7,44.8,"","","","","","","","","","","","",5,65523,7.3,5.7,22.3,83.8,2.3,5.0,6.7,5.0,"","","","","",""
"A0956","Los Angeles","Malibu, Los Angeles","https://www.californiahealthmaps.org?address=A0956","Female","Lung",166940,36.5,29.2,46.0,135695,38.1,30.2,49.0,"","","","",11405,"","","",10495,"","","",5,65523,7.3,5.7,22.3,83.8,2.3,5.0,6.7,5.0,"","","","","",""
"A0956","Los Angeles","Malibu, Los Angeles","https://www.californiahealthmaps.org?address=A0956","Male","CRC",160675,36.8,29.2,46.9,134740,37.2,28.9,48.7,"","","","","","","","","","","","",5,65523,7.3,5.7,22.3,83.8,2.3,5.0,6.7,5.0,"","","","","",""
"A0956","Los Angeles","Malibu, Los Angeles","https://www.californiahealthmaps.org?address=A0956","Female","CRC",166940,28.9,22.3,37.7,135695,29.8,22.5,40.2,"","","","",11405,"","","",10495,"","","",5,65523,7.3,5.7,22.3,83.8,2.3,5.0,6.7,5.0,"","","","","",""
"A0956","Los Angeles","Malibu, Los Angeles","https://www.californiahealthmaps.org?address=A0956","Male","Mela",160675,47.4,38.9,58.3,134740,46.1,37.2,58.0,"","","","","","","","","","","","",5,65523,7.3,5.7,22.3,83.8,2.3,5.0,6.7,5.0,"","","","","",""
"A0956","Los Angeles","Malibu, Los Angeles","https://www.californiahealthmaps.org?address=A0956","Female","Mela",166940,19.8,14.3,27.6,135695,20.4,14.4,29.5,"","","","",11405,"","","",10495,"","","",5,65523,7.3,5.7,22.3,83.8,2.3,5.0,6.7,5.0,"","","","","",""
"A0956","Los Angeles","Malibu, Los Angeles","https://www.californiahealthmaps.org?address=A0956","Female","Uterine",166940,26.2,20.1,34.6,135695,25.1,18.7,34.7,"","","","",11405,"","","",10495,"","","",5,65523,7.3,5.7,22.3,83.8,2.3,5.0,6.7,5.0,"","","","","",""
"A0956","Los Angeles","Malibu, Los Angeles","https://www.californiahealthmaps.org?address=A0956","Male","Lymph",160675,25.1,18.7,34.2,134740,25.1,18.1,35.7,"","","","","","","","","","","","",5,65523,7.3,5.7,22.3,83.8,2.3,5.0,6.7,5.0,"","","","","",""
"A0956","Los Angeles","Malibu, Los Angeles","https://www.californiahealthmaps.org?address=A0956","Female","Lymph",166940,16.4,11.6,23.5,135695,17.7,12.4,26.2,"","","","",11405,"","","",10495,"","","",5,65523,7.3,5.7,22.3,83.8,2.3,5.0,6.7,5.0,"","","","","",""
"A0956","Los Angeles","Malibu, Los Angeles","https://www.californiahealthmaps.org?address=A0956","Male","Urinary",160675,18.2,12.9,26.1,134740,19.0,13.3,28.2,"","","","","","","","","","","","",5,65523,7.3,5.7,22.3,83.8,2.3,5.0,6.7,5.0,"","","","","",""
"A0956","Los Angeles","Malibu, Los Angeles","https://www.californiahealthmaps.org?address=A0956","Female","Urinary",166940,"","","",135695,"","","","","","","",11405,"","","",10495,"","","",5,65523,7.3,5.7,22.3,83.8,2.3,5.0,6.7,5.0,"","","","","",""
"A0956","Los Angeles","Malibu, Los Angeles","https://www.californiahealthmaps.org?address=A0956","Male","Kidney",160675,18.5,13.3,26.4,134740,19.8,13.9,29.2,"","","","","","","","","","","","",5,65523,7.3,5.7,22.3,83.8,2.3,5.0,6.7,5.0,"","","","","",""
"A0956","Los Angeles","Malibu, Los Angeles","https://www.californiahealthmaps.org?address=A0956","Female","Kidney",166940,9.5,5.8,15.9,135695,11.0,6.6,19.0,"","","","",11405,"","","",10495,"","","",5,65523,7.3,5.7,22.3,83.8,2.3,5.0,6.7,5.0,"","","","","",""
"A0956","Los Angeles","Malibu, Los Angeles","https://www.californiahealthmaps.org?address=A0956","Male","Thyroid",160675,10.8,6.5,17.9,134740,12.6,7.5,21.6,"","","","","","","","","","","","",5,65523,7.3,5.7,22.3,83.8,2.3,5.0,6.7,5.0,"","","","","",""
"A0956","Los Angeles","Malibu, Los Angeles","https://www.californiahealthmaps.org?address=A0956","Female","Thyroid",166940,31.8,23.8,42.3,135695,33.7,24.3,46.5,"","","","",11405,"","","",10495,"","","",5,65523,7.3,5.7,22.3,83.8,2.3,5.0,6.7,5.0,"","","","","",""
"A0956","Los Angeles","Malibu, Los Angeles","https://www.californiahealthmaps.org?address=A0956","Male","Liver",160675,8.8,5.3,15.1,134740,8.7,5.0,16.2,"","","","","","","","","","","","",5,65523,7.3,5.7,22.3,83.8,2.3,5.0,6.7,5.0,"","","","","",""
"A0956","Los Angeles","Malibu, Los Angeles","https://www.californiahealthmaps.org?address=A0956","Female","Liver",166940,"","","",135695,"","","","","","","",11405,"","","",10495,"","","",5,65523,7.3,5.7,22.3,83.8,2.3,5.0,6.7,5.0,"","","","","",""
"A0956","Los Angeles","Malibu, Los Angeles","https://www.californiahealthmaps.org?address=A0956","Male","Pancreas",160675,14.0,9.4,21.3,134740,13.5,8.7,22.0,"","","","","","","","","","","","",5,65523,7.3,5.7,22.3,83.8,2.3,5.0,6.7,5.0,"","","","","",""
"A0956","Los Angeles","Malibu, Los Angeles","https://www.californiahealthmaps.org?address=A0956","Female","Pancreas",166940,11.5,7.6,17.8,135695,12.7,8.3,20.5,"","","","",11405,"","","",10495,"","","",5,65523,7.3,5.7,22.3,83.8,2.3,5.0,6.7,5.0,"","","","","",""
"A0956","Los Angeles","Malibu, Los Angeles","https://www.californiahealthmaps.org?address=A0956","Both","AllSite",327615,468.4,448.3,489.6,270435,470.6,448.8,493.7,"","","","",20110,406.6,314.8,521.9,18370,358.6,281.3,457.2,5,65523,7.3,5.7,22.3,83.8,2.3,5.0,6.7,5.0,"","","","","",""
"A0956","Los Angeles","Malibu, Los Angeles","https://www.californiahealthmaps.org?address=A0956","Both","Lung",327615,38.3,32.9,44.7,270435,36.0,30.5,42.9,"","","","",20110,"","","",18370,79.6,44.8,138.9,5,65523,7.3,5.7,22.3,83.8,2.3,5.0,6.7,5.0,"","","","","",""
"A0956","Los Angeles","Malibu, Los Angeles","https://www.californiahealthmaps.org?address=A0956","Both","CRC",327615,32.7,27.6,38.9,270435,33.4,27.8,40.5,"","","","",20110,"","","",18370,"","","",5,65523,7.3,5.7,22.3,83.8,2.3,5.0,6.7,5.0,"","","","","",""
"A0956","Los Angeles","Malibu, Los Angeles","https://www.californiahealthmaps.org?address=A0956","Both","Mela",327615,33.2,28.1,39.3,270435,33.0,27.6,39.8,"","","","",20110,"","","",18370,"","","",5,65523,7.3,5.7,22.3,83.8,2.3,5.0,6.7,5.0,"","","","","",""
"A0956","Los Angeles","Malibu, Los Angeles","https://www.californiahealthmaps.org?address=A0956","Both","Lymph",327615,20.6,16.5,25.9,270435,21.4,16.8,27.4,"","","","",20110,"","","",18370,"","","",5,65523,7.3,5.7,22.3,83.8,2.3,5.0,6.7,5.0,"","","","","",""
"A0956","Los Angeles","Malibu, Los Angeles","https://www.californiahealthmaps.org?address=A0956","Both","Urinary",327615,10.6,7.9,14.6,270435,11.1,8.1,15.8,"","","","",20110,"","","",18370,"","","",5,65523,7.3,5.7,22.3,83.8,2.3,5.0,6.7,5.0,"","","","","",""
"A0956","Los Angeles","Malibu, Los Angeles","https://www.californiahealthmaps.org?address=A0956","Both","Kidney",327615,13.7,10.5,18.2,270435,15.2,11.5,20.6,"","","","",20110,"","","",18370,"","","",5,65523,7.3,5.7,22.3,83.8,2.3,5.0,6.7,5.0,"","","","","",""
"A0956","Los Angeles","Malibu, Los Angeles","https://www.californiahealthmaps.org?address=A0956","Both","Thyroid",327615,21.7,17.0,27.8,270435,23.3,17.8,30.6,"","","","",20110,"","","",18370,"","","",5,65523,7.3,5.7,22.3,83.8,2.3,5.0,6.7,5.0,"","","","","",""
"A0956","Los Angeles","Malibu, Los Angeles","https://www.californiahealthmaps.org?address=A0956","Both","Liver",327615,5.5,3.6,8.7,270435,5.2,3.2,8.9,"","","","",20110,"","","",18370,"","","",5,65523,7.3,5.7,22.3,83.8,2.3,5.0,6.7,5.0,"","","","","",""
"A0956","Los Angeles","Malibu, Los Angeles","https://www.californiahealthmaps.org?address=A0956","Both","Pancreas",327615,12.7,9.6,17.0,270435,13.1,9.7,18.0,"","","","",20110,"","","",18370,"","","",5,65523,7.3,5.7,22.3,83.8,2.3,5.0,6.7,5.0,"","","","","",""
