"Zone","Counties","Cities","URL","Sex","Cancer","PopTot","AAIR","LCI","UCI","White_PopTot","White_AAIR","White_LCI","White_UCI","Black_PopTot","Black_AAIR","Black_LCI","Black_UCI","Hispanic_PopTot","Hispanic_AAIR","Hispanic_LCI","Hispanic_UCI","Asian_PopTot","Asian_AAIR","Asian_LCI","Asian_UCI","QNSES","PopAll","PerRural","PerUninsured","PerForeignBorn","PerWhite","PerBlack","PerAsian","PerHispanic"
"A0579","Los Angeles","Pomona, San Dimas","https://www.californiahealthmaps.org?address=A0579","Male","AllSite",153625,454.5,413.7,498.8,26840,491.5,420.8,577.0,"","","","",105500,441.9,378.2,515.2,10905,450.2,320.5,626.3,2,61644,0.0,25.2,33.5,17.2,6.0,7.9,67.1
"A0579","Los Angeles","Pomona, San Dimas","https://www.californiahealthmaps.org?address=A0579","Female","AllSite",154595,360.8,328.8,395.5,26710,399.3,332.4,482.0,"","","","",105885,356.7,310.7,408.4,11480,413.3,300.8,566.5,2,61644,0.0,25.2,33.5,17.2,6.0,7.9,67.1
"A0579","Los Angeles","Pomona, San Dimas","https://www.californiahealthmaps.org?address=A0579","Male","Prostate",153625,101.6,83.3,123.4,26840,99.0,71.1,143.1,"","","","",105500,101.6,72.8,140.5,10905,"","","",2,61644,0.0,25.2,33.5,17.2,6.0,7.9,67.1
"A0579","Los Angeles","Pomona, San Dimas","https://www.californiahealthmaps.org?address=A0579","Female","Breast",154595,118.1,100.1,138.6,26710,165.1,121.4,226.1,"","","","",105885,102.5,79.1,131.7,11480,128.0,74.0,225.0,2,61644,0.0,25.2,33.5,17.2,6.0,7.9,67.1
"A0579","Los Angeles","Pomona, San Dimas","https://www.californiahealthmaps.org?address=A0579","Male","Lung",153625,46.9,34.0,63.8,26840,53.6,32.4,92.8,"","","","",105500,38.0,20.8,66.3,10905,"","","",2,61644,0.0,25.2,33.5,17.2,6.0,7.9,67.1
"A0579","Los Angeles","Pomona, San Dimas","https://www.californiahealthmaps.org?address=A0579","Female","Lung",154595,29.3,20.6,40.8,26710,40.8,23.1,77.6,"","","","",105885,"","","",11480,"","","",2,61644,0.0,25.2,33.5,17.2,6.0,7.9,67.1
"A0579","Los Angeles","Pomona, San Dimas","https://www.californiahealthmaps.org?address=A0579","Male","CRC",153625,57.5,43.5,75.1,26840,56.1,34.3,95.8,"","","","",105500,46.9,28.6,75.8,10905,"","","",2,61644,0.0,25.2,33.5,17.2,6.0,7.9,67.1
"A0579","Los Angeles","Pomona, San Dimas","https://www.californiahealthmaps.org?address=A0579","Female","CRC",154595,30.5,21.7,42.0,26710,"","","","","","","",105885,28.4,16.4,46.7,11480,"","","",2,61644,0.0,25.2,33.5,17.2,6.0,7.9,67.1
"A0579","Los Angeles","Pomona, San Dimas","https://www.californiahealthmaps.org?address=A0579","Male","Mela",153625,17.6,10.2,29.0,26840,"","","","","","","",105500,"","","",10905,"","","",2,61644,0.0,25.2,33.5,17.2,6.0,7.9,67.1
"A0579","Los Angeles","Pomona, San Dimas","https://www.californiahealthmaps.org?address=A0579","Female","Mela",154595,8.3,4.2,15.3,26710,"","","","","","","",105885,"","","",11480,"","","",2,61644,0.0,25.2,33.5,17.2,6.0,7.9,67.1
"A0579","Los Angeles","Pomona, San Dimas","https://www.californiahealthmaps.org?address=A0579","Female","Uterine",154595,20.8,13.8,30.6,26710,"","","","","","","",105885,24.8,14.4,41.1,11480,"","","",2,61644,0.0,25.2,33.5,17.2,6.0,7.9,67.1
"A0579","Los Angeles","Pomona, San Dimas","https://www.californiahealthmaps.org?address=A0579","Male","Lymph",153625,13.9,7.6,24.2,26840,"","","","","","","",105500,"","","",10905,"","","",2,61644,0.0,25.2,33.5,17.2,6.0,7.9,67.1
"A0579","Los Angeles","Pomona, San Dimas","https://www.californiahealthmaps.org?address=A0579","Female","Lymph",154595,14.9,8.7,24.1,26710,"","","","","","","",105885,"","","",11480,"","","",2,61644,0.0,25.2,33.5,17.2,6.0,7.9,67.1
"A0579","Los Angeles","Pomona, San Dimas","https://www.californiahealthmaps.org?address=A0579","Male","Urinary",153625,16.1,8.9,27.5,26840,"","","","","","","",105500,"","","",10905,"","","",2,61644,0.0,25.2,33.5,17.2,6.0,7.9,67.1
"A0579","Los Angeles","Pomona, San Dimas","https://www.californiahealthmaps.org?address=A0579","Female","Urinary",154595,1.7,0.2,6.8,26710,"","","","","","","",105885,"","","",11480,"","","",2,61644,0.0,25.2,33.5,17.2,6.0,7.9,67.1
"A0579","Los Angeles","Pomona, San Dimas","https://www.californiahealthmaps.org?address=A0579","Male","Kidney",153625,29.2,20.0,42.0,26840,"","","","","","","",105500,36.2,20.9,62.0,10905,"","","",2,61644,0.0,25.2,33.5,17.2,6.0,7.9,67.1
"A0579","Los Angeles","Pomona, San Dimas","https://www.californiahealthmaps.org?address=A0579","Female","Kidney",154595,9.9,5.3,17.4,26710,"","","","","","","",105885,"","","",11480,"","","",2,61644,0.0,25.2,33.5,17.2,6.0,7.9,67.1
"A0579","Los Angeles","Pomona, San Dimas","https://www.californiahealthmaps.org?address=A0579","Male","Thyroid",153625,2.7,0.6,9.4,26840,"","","","","","","",105500,"","","",10905,"","","",2,61644,0.0,25.2,33.5,17.2,6.0,7.9,67.1
"A0579","Los Angeles","Pomona, San Dimas","https://www.californiahealthmaps.org?address=A0579","Female","Thyroid",154595,19.3,12.6,28.8,26710,"","","","","","","",105885,18.4,10.2,32.5,11480,"","","",2,61644,0.0,25.2,33.5,17.2,6.0,7.9,67.1
"A0579","Los Angeles","Pomona, San Dimas","https://www.californiahealthmaps.org?address=A0579","Both","AllSite",308220,401.0,375.7,427.8,53550,444.9,396.0,501.0,16195,424.5,334.9,536.8,211385,388.2,350.6,429.3,22385,428.3,342.0,534.0,2,61644,0.0,25.2,33.5,17.2,6.0,7.9,67.1
"A0579","Los Angeles","Pomona, San Dimas","https://www.californiahealthmaps.org?address=A0579","Both","Lung",308220,37.4,29.7,46.7,53550,47.4,33.1,70.1,16195,"","","",211385,31.3,20.7,45.8,22385,"","","",2,61644,0.0,25.2,33.5,17.2,6.0,7.9,67.1
"A0579","Los Angeles","Pomona, San Dimas","https://www.californiahealthmaps.org?address=A0579","Both","CRC",308220,42.2,34.3,51.6,53550,44.3,30.5,66.6,16195,"","","",211385,36.2,25.6,50.6,22385,"","","",2,61644,0.0,25.2,33.5,17.2,6.0,7.9,67.1
"A0579","Los Angeles","Pomona, San Dimas","https://www.californiahealthmaps.org?address=A0579","Both","Mela",308220,12.7,8.4,18.5,53550,27.8,16.5,48.4,16195,"","","",211385,"","","",22385,"","","",2,61644,0.0,25.2,33.5,17.2,6.0,7.9,67.1
"A0579","Los Angeles","Pomona, San Dimas","https://www.californiahealthmaps.org?address=A0579","Both","Lymph",308220,14.5,9.9,20.7,53550,"","","",16195,"","","",211385,13.9,7.3,24.6,22385,"","","",2,61644,0.0,25.2,33.5,17.2,6.0,7.9,67.1
"A0579","Los Angeles","Pomona, San Dimas","https://www.californiahealthmaps.org?address=A0579","Both","Urinary",308220,8.1,4.7,13.2,53550,"","","",16195,"","","",211385,"","","",22385,"","","",2,61644,0.0,25.2,33.5,17.2,6.0,7.9,67.1
"A0579","Los Angeles","Pomona, San Dimas","https://www.californiahealthmaps.org?address=A0579","Both","Kidney",308220,19.0,13.9,25.6,53550,"","","",16195,"","","",211385,25.2,16.6,37.5,22385,"","","",2,61644,0.0,25.2,33.5,17.2,6.0,7.9,67.1
"A0579","Los Angeles","Pomona, San Dimas","https://www.californiahealthmaps.org?address=A0579","Both","Thyroid",308220,11.1,7.4,16.3,53550,"","","",16195,"","","",211385,12.2,7.0,21.2,22385,"","","",2,61644,0.0,25.2,33.5,17.2,6.0,7.9,67.1
