"Zone","Counties","Cities","URL","Sex","Cancer","PopTot","AAIR","LCI","UCI","White_PopTot","White_AAIR","White_LCI","White_UCI","Black_PopTot","Black_AAIR","Black_LCI","Black_UCI","Hispanic_PopTot","Hispanic_AAIR","Hispanic_LCI","Hispanic_UCI","Asian_PopTot","Asian_AAIR","Asian_LCI","Asian_UCI","QNSES","PopAll","PerRural","PerUninsured","PerForeignBorn","PerWhite","PerBlack","PerAsian","PerHispanic","PerAPI","PerDocvisit","PerFOBT","PerMammo","PerMenPrev","PerPap","PerWomenPrev"
"A0563","Los Angeles","Santa Fe Springs","https://www.californiahealthmaps.org?address=A0563","Male","AllSite",152035,444.6,407.6,484.4,12815,489.6,391.7,626.0,"","","","",127450,432.3,389.8,478.7,"","","","",2,61672,0.0,23.6,30.4,7.9,2.2,4.4,84.7,4.4,"","","","","",""
"A0563","Los Angeles","Santa Fe Springs","https://www.californiahealthmaps.org?address=A0563","Female","AllSite",156325,402.7,371.7,435.7,12325,575.2,461.8,732.2,"","","","",132645,377.0,343.1,413.4,"","","","",2,61672,0.0,23.6,30.4,7.9,2.2,4.4,84.7,4.4,"","","","","",""
"A0563","Los Angeles","Santa Fe Springs","https://www.californiahealthmaps.org?address=A0563","Male","Prostate",152035,91.0,74.7,110.0,12815,"","","","","","","",127450,96.8,77.4,120.2,"","","","",2,61672,0.0,23.6,30.4,7.9,2.2,4.4,84.7,4.4,"","","","","",""
"A0563","Los Angeles","Santa Fe Springs","https://www.californiahealthmaps.org?address=A0563","Female","Breast",156325,118.7,102.2,137.3,12325,198.0,130.9,315.1,"","","","",132645,108.6,90.8,129.0,"","","","",2,61672,0.0,23.6,30.4,7.9,2.2,4.4,84.7,4.4,"","","","","",""
"A0563","Los Angeles","Santa Fe Springs","https://www.californiahealthmaps.org?address=A0563","Male","Lung",152035,36.2,25.9,49.3,12815,"","","","","","","",127450,26.8,16.7,41.4,"","","","",2,61672,0.0,23.6,30.4,7.9,2.2,4.4,84.7,4.4,"","","","","",""
"A0563","Los Angeles","Santa Fe Springs","https://www.californiahealthmaps.org?address=A0563","Female","Lung",156325,34.5,25.9,45.3,12325,83.9,51.3,171.4,"","","","",132645,20.7,13.2,31.0,"","","","",2,61672,0.0,23.6,30.4,7.9,2.2,4.4,84.7,4.4,"","","","","",""
"A0563","Los Angeles","Santa Fe Springs","https://www.californiahealthmaps.org?address=A0563","Male","CRC",152035,60.2,46.9,76.4,12815,"","","","","","","",127450,68.8,52.0,89.8,"","","","",2,61672,0.0,23.6,30.4,7.9,2.2,4.4,84.7,4.4,"","","","","",""
"A0563","Los Angeles","Santa Fe Springs","https://www.californiahealthmaps.org?address=A0563","Female","CRC",156325,36.1,27.1,47.2,12325,"","","","","","","",132645,31.8,22.5,43.9,"","","","",2,61672,0.0,23.6,30.4,7.9,2.2,4.4,84.7,4.4,"","","","","",""
"A0563","Los Angeles","Santa Fe Springs","https://www.californiahealthmaps.org?address=A0563","Male","Mela",152035,"","","",12815,"","","","","","","",127450,"","","","","","","",2,61672,0.0,23.6,30.4,7.9,2.2,4.4,84.7,4.4,"","","","","",""
"A0563","Los Angeles","Santa Fe Springs","https://www.californiahealthmaps.org?address=A0563","Female","Mela",156325,"","","",12325,"","","","","","","",132645,"","","","","","","",2,61672,0.0,23.6,30.4,7.9,2.2,4.4,84.7,4.4,"","","","","",""
"A0563","Los Angeles","Santa Fe Springs","https://www.californiahealthmaps.org?address=A0563","Female","Uterine",156325,32.6,24.3,43.0,12325,"","","","","","","",132645,31.1,22.1,42.9,"","","","",2,61672,0.0,23.6,30.4,7.9,2.2,4.4,84.7,4.4,"","","","","",""
"A0563","Los Angeles","Santa Fe Springs","https://www.californiahealthmaps.org?address=A0563","Male","Lymph",152035,21.6,14.1,32.0,12815,"","","","","","","",127450,18.1,10.4,30.0,"","","","",2,61672,0.0,23.6,30.4,7.9,2.2,4.4,84.7,4.4,"","","","","",""
"A0563","Los Angeles","Santa Fe Springs","https://www.californiahealthmaps.org?address=A0563","Female","Lymph",156325,17.7,11.7,25.8,12325,"","","","","","","",132645,14.5,8.4,23.4,"","","","",2,61672,0.0,23.6,30.4,7.9,2.2,4.4,84.7,4.4,"","","","","",""
"A0563","Los Angeles","Santa Fe Springs","https://www.californiahealthmaps.org?address=A0563","Male","Urinary",152035,"","","",12815,"","","","","","","",127450,"","","","","","","",2,61672,0.0,23.6,30.4,7.9,2.2,4.4,84.7,4.4,"","","","","",""
"A0563","Los Angeles","Santa Fe Springs","https://www.californiahealthmaps.org?address=A0563","Female","Urinary",156325,"","","",12325,"","","","","","","",132645,"","","","","","","",2,61672,0.0,23.6,30.4,7.9,2.2,4.4,84.7,4.4,"","","","","",""
"A0563","Los Angeles","Santa Fe Springs","https://www.californiahealthmaps.org?address=A0563","Male","Kidney",152035,26.7,18.3,37.9,12815,"","","","","","","",127450,24.2,15.0,37.8,"","","","",2,61672,0.0,23.6,30.4,7.9,2.2,4.4,84.7,4.4,"","","","","",""
"A0563","Los Angeles","Santa Fe Springs","https://www.californiahealthmaps.org?address=A0563","Female","Kidney",156325,18.6,12.5,26.8,12325,"","","","","","","",132645,21.4,13.9,31.6,"","","","",2,61672,0.0,23.6,30.4,7.9,2.2,4.4,84.7,4.4,"","","","","",""
"A0563","Los Angeles","Santa Fe Springs","https://www.californiahealthmaps.org?address=A0563","Male","Thyroid",152035,"","","",12815,"","","","","","","",127450,"","","","","","","",2,61672,0.0,23.6,30.4,7.9,2.2,4.4,84.7,4.4,"","","","","",""
"A0563","Los Angeles","Santa Fe Springs","https://www.californiahealthmaps.org?address=A0563","Female","Thyroid",156325,22.5,15.6,31.6,12325,"","","","","","","",132645,21.3,14.0,31.4,"","","","",2,61672,0.0,23.6,30.4,7.9,2.2,4.4,84.7,4.4,"","","","","",""
"A0563","Los Angeles","Santa Fe Springs","https://www.californiahealthmaps.org?address=A0563","Male","Liver",152035,29.7,20.7,41.4,12815,"","","","","","","",127450,32.4,21.6,47.3,"","","","",2,61672,0.0,23.6,30.4,7.9,2.2,4.4,84.7,4.4,"","","","","",""
"A0563","Los Angeles","Santa Fe Springs","https://www.californiahealthmaps.org?address=A0563","Female","Liver",156325,"","","",12325,"","","","","","","",132645,"","","","","","","",2,61672,0.0,23.6,30.4,7.9,2.2,4.4,84.7,4.4,"","","","","",""
"A0563","Los Angeles","Santa Fe Springs","https://www.californiahealthmaps.org?address=A0563","Male","Pancreas",152035,13.2,7.5,21.9,12815,"","","","","","","",127450,"","","","","","","",2,61672,0.0,23.6,30.4,7.9,2.2,4.4,84.7,4.4,"","","","","",""
"A0563","Los Angeles","Santa Fe Springs","https://www.californiahealthmaps.org?address=A0563","Female","Pancreas",156325,"","","",12325,"","","","","","","",132645,"","","","","","","",2,61672,0.0,23.6,30.4,7.9,2.2,4.4,84.7,4.4,"","","","","",""
"A0563","Los Angeles","Santa Fe Springs","https://www.californiahealthmaps.org?address=A0563","Both","AllSite",308360,416.2,392.6,440.9,25140,519.4,445.9,611.5,"","","","",260095,394.9,368.6,422.7,13810,394.2,302.6,515.2,2,61672,0.0,23.6,30.4,7.9,2.2,4.4,84.7,4.4,"","","","","",""
"A0563","Los Angeles","Santa Fe Springs","https://www.californiahealthmaps.org?address=A0563","Both","Lung",308360,35.3,28.5,43.2,25140,72.5,49.6,117.7,"","","","",260095,23.0,16.8,30.8,13810,"","","",2,61672,0.0,23.6,30.4,7.9,2.2,4.4,84.7,4.4,"","","","","",""
"A0563","Los Angeles","Santa Fe Springs","https://www.californiahealthmaps.org?address=A0563","Both","CRC",308360,45.9,38.2,54.8,25140,42.3,23.6,85.7,"","","","",260095,46.7,37.8,57.1,13810,"","","",2,61672,0.0,23.6,30.4,7.9,2.2,4.4,84.7,4.4,"","","","","",""
"A0563","Los Angeles","Santa Fe Springs","https://www.californiahealthmaps.org?address=A0563","Both","Mela",308360,"","","",25140,"","","","","","","",260095,"","","",13810,"","","",2,61672,0.0,23.6,30.4,7.9,2.2,4.4,84.7,4.4,"","","","","",""
"A0563","Los Angeles","Santa Fe Springs","https://www.californiahealthmaps.org?address=A0563","Both","Lymph",308360,19.3,14.5,25.2,25140,41.2,21.0,86.9,"","","","",260095,16.0,11.0,22.6,13810,"","","",2,61672,0.0,23.6,30.4,7.9,2.2,4.4,84.7,4.4,"","","","","",""
"A0563","Los Angeles","Santa Fe Springs","https://www.californiahealthmaps.org?address=A0563","Both","Urinary",308360,8.7,5.5,13.2,25140,"","","","","","","",260095,"","","",13810,"","","",2,61672,0.0,23.6,30.4,7.9,2.2,4.4,84.7,4.4,"","","","","",""
"A0563","Los Angeles","Santa Fe Springs","https://www.californiahealthmaps.org?address=A0563","Both","Kidney",308360,22.2,17.0,28.5,25140,"","","","","","","",260095,22.5,16.5,30.1,13810,"","","",2,61672,0.0,23.6,30.4,7.9,2.2,4.4,84.7,4.4,"","","","","",""
"A0563","Los Angeles","Santa Fe Springs","https://www.californiahealthmaps.org?address=A0563","Both","Thyroid",308360,16.3,12.0,21.7,25140,"","","","","","","",260095,14.7,10.2,20.7,13810,"","","",2,61672,0.0,23.6,30.4,7.9,2.2,4.4,84.7,4.4,"","","","","",""
"A0563","Los Angeles","Santa Fe Springs","https://www.californiahealthmaps.org?address=A0563","Both","Liver",308360,17.3,12.7,23.0,25140,"","","","","","","",260095,18.9,13.4,25.9,13810,"","","",2,61672,0.0,23.6,30.4,7.9,2.2,4.4,84.7,4.4,"","","","","",""
"A0563","Los Angeles","Santa Fe Springs","https://www.californiahealthmaps.org?address=A0563","Both","Pancreas",308360,10.0,6.6,14.7,25140,"","","","","","","",260095,8.9,5.2,14.2,13810,"","","",2,61672,0.0,23.6,30.4,7.9,2.2,4.4,84.7,4.4,"","","","","",""
