"Zone","Counties","Cities","URL","Sex","Cancer","PopTot","AAIR","LCI","UCI","White_PopTot","White_AAIR","White_LCI","White_UCI","Black_PopTot","Black_AAIR","Black_LCI","Black_UCI","Hispanic_PopTot","Hispanic_AAIR","Hispanic_LCI","Hispanic_UCI","Asian_PopTot","Asian_AAIR","Asian_LCI","Asian_UCI","QNSES","PopAll","PerRural","PerUninsured","PerForeignBorn","PerWhite","PerBlack","PerAsian","PerHispanic","PerAPI","PerDocvisit","PerFOBT","PerMammo","PerMenPrev","PerPap","PerWomenPrev"
"A1026","Los Angeles","Palmdale, Lancaster","https://www.californiahealthmaps.org?address=A1026","Male","AllSite",156135,533.7,491.8,579.2,64875,550.3,496.3,610.7,11835,670.8,496.7,903.1,72310,458.5,376.9,560.8,"","","","",2,61684,42.7,17.5,16.9,42.2,7.1,2.1,46.2,2.1,"","","","","",""
"A1026","Los Angeles","Palmdale, Lancaster","https://www.californiahealthmaps.org?address=A1026","Female","AllSite",152285,422.1,387.7,459.1,62135,445.5,397.7,499.6,11805,421.4,299.5,586.4,70730,421.7,354.4,501.4,"","","","",2,61684,42.7,17.5,16.9,42.2,7.1,2.1,46.2,2.1,"","","","","",""
"A1026","Los Angeles","Palmdale, Lancaster","https://www.californiahealthmaps.org?address=A1026","Male","Prostate",156135,150.1,129.8,173.9,64875,125.9,103.4,154.7,11835,297.7,191.2,463.7,72310,165.8,118.6,235.4,"","","","",2,61684,42.7,17.5,16.9,42.2,7.1,2.1,46.2,2.1,"","","","","",""
"A1026","Los Angeles","Palmdale, Lancaster","https://www.californiahealthmaps.org?address=A1026","Female","Breast",152285,133.7,115.3,154.6,62135,138.6,114.5,169.0,11805,"","","",70730,132.3,96.8,180.7,"","","","",2,61684,42.7,17.5,16.9,42.2,7.1,2.1,46.2,2.1,"","","","","",""
"A1026","Los Angeles","Palmdale, Lancaster","https://www.californiahealthmaps.org?address=A1026","Male","Lung",156135,56.7,42.9,74.7,64875,63.1,45.2,88.4,11835,"","","",72310,"","","","","","","",2,61684,42.7,17.5,16.9,42.2,7.1,2.1,46.2,2.1,"","","","","",""
"A1026","Los Angeles","Palmdale, Lancaster","https://www.californiahealthmaps.org?address=A1026","Female","Lung",152285,44.9,33.6,59.1,62135,47.0,32.8,68.1,11805,"","","",70730,"","","","","","","",2,61684,42.7,17.5,16.9,42.2,7.1,2.1,46.2,2.1,"","","","","",""
"A1026","Los Angeles","Palmdale, Lancaster","https://www.californiahealthmaps.org?address=A1026","Male","CRC",156135,59.7,45.8,77.4,64875,65.2,46.0,92.0,11835,"","","",72310,53.2,29.4,102.0,"","","","",2,61684,42.7,17.5,16.9,42.2,7.1,2.1,46.2,2.1,"","","","","",""
"A1026","Los Angeles","Palmdale, Lancaster","https://www.californiahealthmaps.org?address=A1026","Female","CRC",152285,32.4,23.4,44.3,62135,37.7,24.3,58.7,11805,"","","",70730,"","","","","","","",2,61684,42.7,17.5,16.9,42.2,7.1,2.1,46.2,2.1,"","","","","",""
"A1026","Los Angeles","Palmdale, Lancaster","https://www.californiahealthmaps.org?address=A1026","Male","Mela",156135,42.0,30.1,58.2,64875,57.6,40.3,82.4,11835,"","","",72310,"","","","","","","",2,61684,42.7,17.5,16.9,42.2,7.1,2.1,46.2,2.1,"","","","","",""
"A1026","Los Angeles","Palmdale, Lancaster","https://www.californiahealthmaps.org?address=A1026","Female","Mela",152285,21.4,14.1,31.6,62135,38.1,24.3,59.5,11805,"","","",70730,"","","","","","","",2,61684,42.7,17.5,16.9,42.2,7.1,2.1,46.2,2.1,"","","","","",""
"A1026","Los Angeles","Palmdale, Lancaster","https://www.californiahealthmaps.org?address=A1026","Female","Uterine",152285,27.9,19.9,38.6,62135,25.8,16.0,43.0,11805,"","","",70730,31.5,17.0,60.0,"","","","",2,61684,42.7,17.5,16.9,42.2,7.1,2.1,46.2,2.1,"","","","","",""
"A1026","Los Angeles","Palmdale, Lancaster","https://www.californiahealthmaps.org?address=A1026","Male","Lymph",156135,20.9,13.3,32.6,64875,24.6,14.5,42.5,11835,"","","",72310,"","","","","","","",2,61684,42.7,17.5,16.9,42.2,7.1,2.1,46.2,2.1,"","","","","",""
"A1026","Los Angeles","Palmdale, Lancaster","https://www.californiahealthmaps.org?address=A1026","Female","Lymph",152285,13.7,8.1,22.2,62135,"","","",11805,"","","",70730,"","","","","","","",2,61684,42.7,17.5,16.9,42.2,7.1,2.1,46.2,2.1,"","","","","",""
"A1026","Los Angeles","Palmdale, Lancaster","https://www.californiahealthmaps.org?address=A1026","Male","Urinary",156135,26.1,17.4,39.0,64875,28.5,17.5,47.2,11835,"","","",72310,"","","","","","","",2,61684,42.7,17.5,16.9,42.2,7.1,2.1,46.2,2.1,"","","","","",""
"A1026","Los Angeles","Palmdale, Lancaster","https://www.californiahealthmaps.org?address=A1026","Female","Urinary",152285,"","","",62135,"","","",11805,"","","",70730,"","","","","","","",2,61684,42.7,17.5,16.9,42.2,7.1,2.1,46.2,2.1,"","","","","",""
"A1026","Los Angeles","Palmdale, Lancaster","https://www.californiahealthmaps.org?address=A1026","Male","Kidney",156135,22.2,14.8,33.6,64875,21.3,11.6,39.0,11835,"","","",72310,"","","","","","","",2,61684,42.7,17.5,16.9,42.2,7.1,2.1,46.2,2.1,"","","","","",""
"A1026","Los Angeles","Palmdale, Lancaster","https://www.californiahealthmaps.org?address=A1026","Female","Kidney",152285,"","","",62135,"","","",11805,"","","",70730,"","","","","","","",2,61684,42.7,17.5,16.9,42.2,7.1,2.1,46.2,2.1,"","","","","",""
"A1026","Los Angeles","Palmdale, Lancaster","https://www.californiahealthmaps.org?address=A1026","Male","Thyroid",156135,"","","",64875,"","","",11835,"","","",72310,"","","","","","","",2,61684,42.7,17.5,16.9,42.2,7.1,2.1,46.2,2.1,"","","","","",""
"A1026","Los Angeles","Palmdale, Lancaster","https://www.californiahealthmaps.org?address=A1026","Female","Thyroid",152285,13.4,8.1,21.4,62135,"","","",11805,"","","",70730,"","","","","","","",2,61684,42.7,17.5,16.9,42.2,7.1,2.1,46.2,2.1,"","","","","",""
"A1026","Los Angeles","Palmdale, Lancaster","https://www.californiahealthmaps.org?address=A1026","Male","Liver",156135,17.4,10.7,28.3,64875,12.9,7.3,26.4,11835,"","","",72310,"","","","","","","",2,61684,42.7,17.5,16.9,42.2,7.1,2.1,46.2,2.1,"","","","","",""
"A1026","Los Angeles","Palmdale, Lancaster","https://www.californiahealthmaps.org?address=A1026","Female","Liver",152285,"","","",62135,"","","",11805,"","","",70730,"","","","","","","",2,61684,42.7,17.5,16.9,42.2,7.1,2.1,46.2,2.1,"","","","","",""
"A1026","Los Angeles","Palmdale, Lancaster","https://www.californiahealthmaps.org?address=A1026","Male","Pancreas",156135,"","","",64875,"","","",11835,"","","",72310,"","","","","","","",2,61684,42.7,17.5,16.9,42.2,7.1,2.1,46.2,2.1,"","","","","",""
"A1026","Los Angeles","Palmdale, Lancaster","https://www.californiahealthmaps.org?address=A1026","Female","Pancreas",152285,"","","",62135,"","","",11805,"","","",70730,"","","","","","","",2,61684,42.7,17.5,16.9,42.2,7.1,2.1,46.2,2.1,"","","","","",""
"A1026","Los Angeles","Palmdale, Lancaster","https://www.californiahealthmaps.org?address=A1026","Both","AllSite",308420,474.6,447.8,502.9,127010,493.6,457.9,532.3,23640,534.3,429.8,662.6,143040,436.9,384.4,496.8,"","","","",2,61684,42.7,17.5,16.9,42.2,7.1,2.1,46.2,2.1,"","","","","",""
"A1026","Los Angeles","Palmdale, Lancaster","https://www.californiahealthmaps.org?address=A1026","Both","Lung",308420,50.4,41.4,61.0,127010,54.2,42.8,69.0,23640,89.2,49.5,155.7,143040,34.6,19.7,58.9,"","","","",2,61684,42.7,17.5,16.9,42.2,7.1,2.1,46.2,2.1,"","","","","",""
"A1026","Los Angeles","Palmdale, Lancaster","https://www.californiahealthmaps.org?address=A1026","Both","CRC",308420,44.9,36.9,54.6,127010,50.2,38.6,65.4,23640,"","","",143040,40.1,26.6,61.8,"","","","",2,61684,42.7,17.5,16.9,42.2,7.1,2.1,46.2,2.1,"","","","","",""
"A1026","Los Angeles","Palmdale, Lancaster","https://www.californiahealthmaps.org?address=A1026","Both","Mela",308420,30.8,24.0,39.3,127010,46.7,35.8,61.3,23640,"","","",143040,"","","","","","","",2,61684,42.7,17.5,16.9,42.2,7.1,2.1,46.2,2.1,"","","","","",""
"A1026","Los Angeles","Palmdale, Lancaster","https://www.californiahealthmaps.org?address=A1026","Both","Lymph",308420,17.0,12.3,23.3,127010,16.7,10.9,26.1,23640,"","","",143040,"","","","","","","",2,61684,42.7,17.5,16.9,42.2,7.1,2.1,46.2,2.1,"","","","","",""
"A1026","Los Angeles","Palmdale, Lancaster","https://www.californiahealthmaps.org?address=A1026","Both","Urinary",308420,17.3,12.3,24.0,127010,19.2,12.5,29.6,23640,"","","",143040,"","","","","","","",2,61684,42.7,17.5,16.9,42.2,7.1,2.1,46.2,2.1,"","","","","",""
"A1026","Los Angeles","Palmdale, Lancaster","https://www.californiahealthmaps.org?address=A1026","Both","Kidney",308420,15.6,11.1,21.6,127010,16.0,10.1,25.8,23640,"","","",143040,14.9,7.8,31.2,"","","","",2,61684,42.7,17.5,16.9,42.2,7.1,2.1,46.2,2.1,"","","","","",""
"A1026","Los Angeles","Palmdale, Lancaster","https://www.californiahealthmaps.org?address=A1026","Both","Thyroid",308420,9.1,6.0,13.8,127010,"","","",23640,"","","",143040,"","","","","","","",2,61684,42.7,17.5,16.9,42.2,7.1,2.1,46.2,2.1,"","","","","",""
"A1026","Los Angeles","Palmdale, Lancaster","https://www.californiahealthmaps.org?address=A1026","Both","Liver",308420,11.7,8.0,17.1,127010,9.9,6.1,17.3,23640,"","","",143040,"","","","","","","",2,61684,42.7,17.5,16.9,42.2,7.1,2.1,46.2,2.1,"","","","","",""
"A1026","Los Angeles","Palmdale, Lancaster","https://www.californiahealthmaps.org?address=A1026","Both","Pancreas",308420,9.5,5.9,14.9,127010,"","","",23640,"","","",143040,"","","","","","","",2,61684,42.7,17.5,16.9,42.2,7.1,2.1,46.2,2.1,"","","","","",""
