"Zone","Counties","Cities","URL","Sex","Cancer","PopTot","AAIR","LCI","UCI","White_PopTot","White_AAIR","White_LCI","White_UCI","Black_PopTot","Black_AAIR","Black_LCI","Black_UCI","Hispanic_PopTot","Hispanic_AAIR","Hispanic_LCI","Hispanic_UCI","Asian_PopTot","Asian_AAIR","Asian_LCI","Asian_UCI","QNSES","PopAll","PerRural","PerUninsured","PerForeignBorn","PerWhite","PerBlack","PerAsian","PerHispanic","PerAPI","PerDocvisit","PerFOBT","PerMammo","PerMenPrev","PerPap","PerWomenPrev"
"A0735","Sacramento","Rancho Cordova, Folsom","https://www.californiahealthmaps.org?address=A0735","Male","AllSite",180970,553.0,506.0,603.9,103450,581.3,525.3,642.5,18990,1284.4,707.9,2219.5,23240,357.4,243.9,525.1,26905,289.7,197.4,434.6,5,66959,2.1,7.0,18.5,59.0,7.0,17.1,12.9,17.1,"","","","","",""
"A0735","Sacramento","Rancho Cordova, Folsom","https://www.californiahealthmaps.org?address=A0735","Female","AllSite",153825,533.9,494.1,576.3,101205,546.5,500.1,596.6,"","","","",15530,569.7,420.1,770.0,27765,468.4,366.6,597.6,5,66959,2.1,7.0,18.5,59.0,7.0,17.1,12.9,17.1,"","","","","",""
"A0735","Sacramento","Rancho Cordova, Folsom","https://www.californiahealthmaps.org?address=A0735","Male","Prostate",180970,122.6,101.6,147.4,103450,122.7,98.6,152.0,18990,"","","",23240,"","","",26905,"","","",5,66959,2.1,7.0,18.5,59.0,7.0,17.1,12.9,17.1,"","","","","",""
"A0735","Sacramento","Rancho Cordova, Folsom","https://www.californiahealthmaps.org?address=A0735","Female","Breast",153825,193.6,170.5,219.5,101205,198.5,171.2,229.4,"","","","",15530,212.3,127.8,350.6,27765,152.9,105.4,227.4,5,66959,2.1,7.0,18.5,59.0,7.0,17.1,12.9,17.1,"","","","","",""
"A0735","Sacramento","Rancho Cordova, Folsom","https://www.californiahealthmaps.org?address=A0735","Male","Lung",180970,60.9,45.0,81.2,103450,63.3,45.0,87.3,18990,"","","",23240,"","","",26905,"","","",5,66959,2.1,7.0,18.5,59.0,7.0,17.1,12.9,17.1,"","","","","",""
"A0735","Sacramento","Rancho Cordova, Folsom","https://www.californiahealthmaps.org?address=A0735","Female","Lung",153825,48.1,36.0,63.2,101205,53.5,39.1,71.9,"","","","",15530,"","","",27765,"","","",5,66959,2.1,7.0,18.5,59.0,7.0,17.1,12.9,17.1,"","","","","",""
"A0735","Sacramento","Rancho Cordova, Folsom","https://www.californiahealthmaps.org?address=A0735","Male","CRC",180970,36.0,25.9,50.1,103450,35.3,23.4,52.4,18990,"","","",23240,"","","",26905,"","","",5,66959,2.1,7.0,18.5,59.0,7.0,17.1,12.9,17.1,"","","","","",""
"A0735","Sacramento","Rancho Cordova, Folsom","https://www.californiahealthmaps.org?address=A0735","Female","CRC",153825,39.4,28.8,53.0,101205,36.5,25.2,51.8,"","","","",15530,"","","",27765,"","","",5,66959,2.1,7.0,18.5,59.0,7.0,17.1,12.9,17.1,"","","","","",""
"A0735","Sacramento","Rancho Cordova, Folsom","https://www.californiahealthmaps.org?address=A0735","Male","Mela",180970,71.0,54.3,92.0,103450,81.1,60.9,106.7,18990,"","","",23240,"","","",26905,"","","",5,66959,2.1,7.0,18.5,59.0,7.0,17.1,12.9,17.1,"","","","","",""
"A0735","Sacramento","Rancho Cordova, Folsom","https://www.californiahealthmaps.org?address=A0735","Female","Mela",153825,33.9,24.6,46.2,101205,40.6,28.6,56.6,"","","","",15530,"","","",27765,"","","",5,66959,2.1,7.0,18.5,59.0,7.0,17.1,12.9,17.1,"","","","","",""
"A0735","Sacramento","Rancho Cordova, Folsom","https://www.californiahealthmaps.org?address=A0735","Female","Uterine",153825,27.4,19.3,38.3,101205,29.6,20.0,43.1,"","","","",15530,"","","",27765,"","","",5,66959,2.1,7.0,18.5,59.0,7.0,17.1,12.9,17.1,"","","","","",""
"A0735","Sacramento","Rancho Cordova, Folsom","https://www.californiahealthmaps.org?address=A0735","Male","Lymph",180970,28.9,19.5,42.5,103450,26.9,16.8,42.4,18990,"","","",23240,"","","",26905,"","","",5,66959,2.1,7.0,18.5,59.0,7.0,17.1,12.9,17.1,"","","","","",""
"A0735","Sacramento","Rancho Cordova, Folsom","https://www.californiahealthmaps.org?address=A0735","Female","Lymph",153825,18.2,11.4,28.1,101205,20.2,12.0,32.4,"","","","",15530,"","","",27765,"","","",5,66959,2.1,7.0,18.5,59.0,7.0,17.1,12.9,17.1,"","","","","",""
"A0735","Sacramento","Rancho Cordova, Folsom","https://www.californiahealthmaps.org?address=A0735","Male","Urinary",180970,23.0,13.6,37.1,103450,25.1,13.9,42.5,18990,"","","",23240,"","","",26905,"","","",5,66959,2.1,7.0,18.5,59.0,7.0,17.1,12.9,17.1,"","","","","",""
"A0735","Sacramento","Rancho Cordova, Folsom","https://www.californiahealthmaps.org?address=A0735","Female","Urinary",153825,"","","",101205,"","","","","","","",15530,"","","",27765,"","","",5,66959,2.1,7.0,18.5,59.0,7.0,17.1,12.9,17.1,"","","","","",""
"A0735","Sacramento","Rancho Cordova, Folsom","https://www.californiahealthmaps.org?address=A0735","Male","Kidney",180970,21.5,13.7,33.5,103450,22.7,13.0,38.0,18990,"","","",23240,"","","",26905,"","","",5,66959,2.1,7.0,18.5,59.0,7.0,17.1,12.9,17.1,"","","","","",""
"A0735","Sacramento","Rancho Cordova, Folsom","https://www.californiahealthmaps.org?address=A0735","Female","Kidney",153825,12.8,7.2,21.7,101205,"","","","","","","",15530,"","","",27765,"","","",5,66959,2.1,7.0,18.5,59.0,7.0,17.1,12.9,17.1,"","","","","",""
"A0735","Sacramento","Rancho Cordova, Folsom","https://www.californiahealthmaps.org?address=A0735","Male","Thyroid",180970,"","","",103450,"","","",18990,"","","",23240,"","","",26905,"","","",5,66959,2.1,7.0,18.5,59.0,7.0,17.1,12.9,17.1,"","","","","",""
"A0735","Sacramento","Rancho Cordova, Folsom","https://www.californiahealthmaps.org?address=A0735","Female","Thyroid",153825,30.1,21.7,41.3,101205,32.1,21.9,46.2,"","","","",15530,"","","",27765,"","","",5,66959,2.1,7.0,18.5,59.0,7.0,17.1,12.9,17.1,"","","","","",""
"A0735","Sacramento","Rancho Cordova, Folsom","https://www.californiahealthmaps.org?address=A0735","Male","Liver",180970,21.7,13.8,33.7,103450,"","","",18990,"","","",23240,"","","",26905,"","","",5,66959,2.1,7.0,18.5,59.0,7.0,17.1,12.9,17.1,"","","","","",""
"A0735","Sacramento","Rancho Cordova, Folsom","https://www.californiahealthmaps.org?address=A0735","Female","Liver",153825,"","","",101205,"","","","","","","",15530,"","","",27765,"","","",5,66959,2.1,7.0,18.5,59.0,7.0,17.1,12.9,17.1,"","","","","",""
"A0735","Sacramento","Rancho Cordova, Folsom","https://www.californiahealthmaps.org?address=A0735","Male","Pancreas",180970,19.9,11.4,32.9,103450,24.0,13.2,40.8,18990,"","","",23240,"","","",26905,"","","",5,66959,2.1,7.0,18.5,59.0,7.0,17.1,12.9,17.1,"","","","","",""
"A0735","Sacramento","Rancho Cordova, Folsom","https://www.californiahealthmaps.org?address=A0735","Female","Pancreas",153825,15.8,9.5,25.2,101205,16.0,9.0,27.2,"","","","",15530,"","","",27765,"","","",5,66959,2.1,7.0,18.5,59.0,7.0,17.1,12.9,17.1,"","","","","",""
"A0735","Sacramento","Rancho Cordova, Folsom","https://www.californiahealthmaps.org?address=A0735","Both","AllSite",334795,530.2,500.5,561.5,204655,551.0,515.8,588.2,22000,975.7,637.4,1467.5,38770,459.0,362.6,580.6,54670,384.6,313.6,472.7,5,66959,2.1,7.0,18.5,59.0,7.0,17.1,12.9,17.1,"","","","","",""
"A0735","Sacramento","Rancho Cordova, Folsom","https://www.californiahealthmaps.org?address=A0735","Both","Lung",334795,53.8,43.9,65.4,204655,57.9,46.3,71.9,22000,"","","",38770,"","","",54670,"","","",5,66959,2.1,7.0,18.5,59.0,7.0,17.1,12.9,17.1,"","","","","",""
"A0735","Sacramento","Rancho Cordova, Folsom","https://www.californiahealthmaps.org?address=A0735","Both","CRC",334795,38.4,30.8,47.5,204655,35.6,27.4,46.0,22000,"","","",38770,"","","",54670,"","","",5,66959,2.1,7.0,18.5,59.0,7.0,17.1,12.9,17.1,"","","","","",""
"A0735","Sacramento","Rancho Cordova, Folsom","https://www.californiahealthmaps.org?address=A0735","Both","Mela",334795,47.8,39.2,58.0,204655,56.4,45.5,69.4,22000,"","","",38770,"","","",54670,"","","",5,66959,2.1,7.0,18.5,59.0,7.0,17.1,12.9,17.1,"","","","","",""
"A0735","Sacramento","Rancho Cordova, Folsom","https://www.californiahealthmaps.org?address=A0735","Both","Lymph",334795,23.3,17.5,30.8,204655,23.3,16.7,32.0,22000,"","","",38770,"","","",54670,"","","",5,66959,2.1,7.0,18.5,59.0,7.0,17.1,12.9,17.1,"","","","","",""
"A0735","Sacramento","Rancho Cordova, Folsom","https://www.californiahealthmaps.org?address=A0735","Both","Urinary",334795,11.9,7.4,18.1,204655,12.2,7.2,19.8,22000,"","","",38770,"","","",54670,"","","",5,66959,2.1,7.0,18.5,59.0,7.0,17.1,12.9,17.1,"","","","","",""
"A0735","Sacramento","Rancho Cordova, Folsom","https://www.californiahealthmaps.org?address=A0735","Both","Kidney",334795,17.3,12.4,23.8,204655,18.1,12.1,26.3,22000,"","","",38770,"","","",54670,"","","",5,66959,2.1,7.0,18.5,59.0,7.0,17.1,12.9,17.1,"","","","","",""
"A0735","Sacramento","Rancho Cordova, Folsom","https://www.californiahealthmaps.org?address=A0735","Both","Thyroid",334795,17.6,13.0,23.8,204655,19.6,13.7,27.6,22000,"","","",38770,"","","",54670,"","","",5,66959,2.1,7.0,18.5,59.0,7.0,17.1,12.9,17.1,"","","","","",""
"A0735","Sacramento","Rancho Cordova, Folsom","https://www.californiahealthmaps.org?address=A0735","Both","Liver",334795,12.9,8.8,18.7,204655,9.3,5.3,15.7,22000,"","","",38770,"","","",54670,"","","",5,66959,2.1,7.0,18.5,59.0,7.0,17.1,12.9,17.1,"","","","","",""
"A0735","Sacramento","Rancho Cordova, Folsom","https://www.californiahealthmaps.org?address=A0735","Both","Pancreas",334795,17.6,12.3,24.7,204655,19.4,13.0,28.0,22000,"","","",38770,"","","",54670,"","","",5,66959,2.1,7.0,18.5,59.0,7.0,17.1,12.9,17.1,"","","","","",""
