"Zone","Counties","Cities","URL","Sex","Cancer","PopTot","AAIR","LCI","UCI","White_PopTot","White_AAIR","White_LCI","White_UCI","Black_PopTot","Black_AAIR","Black_LCI","Black_UCI","Hispanic_PopTot","Hispanic_AAIR","Hispanic_LCI","Hispanic_UCI","Asian_PopTot","Asian_AAIR","Asian_LCI","Asian_UCI","QNSES","PopAll","PerRural","PerUninsured","PerForeignBorn","PerWhite","PerBlack","PerAsian","PerHispanic","PerAPI","PerDocvisit","PerFOBT","PerMammo","PerMenPrev","PerPap","PerWomenPrev"
"A0150","San Bernardino","Chino Hills","https://www.californiahealthmaps.org?address=A0150","Male","AllSite",157705,502.6,457.1,552.7,57525,641.4,558.5,736.7,"","","","",43470,422.0,329.0,541.9,44995,351.2,289.8,424.7,5,63642,5.6,11.5,26.1,35.0,3.8,27.9,29.8,27.9,66.0,66.6,82.7,31.9,82.0,34.6
"A0150","San Bernardino","Chino Hills","https://www.californiahealthmaps.org?address=A0150","Female","AllSite",160505,437.7,401.5,476.8,54860,481.8,419.3,552.4,"","","","",45865,432.7,358.2,521.9,48235,402.4,344.3,469.2,5,63642,5.6,11.5,26.1,35.0,3.8,27.9,29.8,27.9,66.0,66.6,82.7,31.9,82.0,34.6
"A0150","San Bernardino","Chino Hills","https://www.californiahealthmaps.org?address=A0150","Male","Prostate",157705,131.5,109.9,157.6,57525,122.7,91.1,166.8,"","","","",43470,129.4,81.9,205.8,44995,86.9,56.9,130.3,5,63642,5.6,11.5,26.1,35.0,3.8,27.9,29.8,27.9,66.0,66.6,82.7,31.9,82.0,34.6
"A0150","San Bernardino","Chino Hills","https://www.californiahealthmaps.org?address=A0150","Female","Breast",160505,132.7,113.8,154.4,54860,141.2,109.8,180.6,"","","","",45865,129.8,90.9,184.2,48235,125.2,94.6,164.6,5,63642,5.6,11.5,26.1,35.0,3.8,27.9,29.8,27.9,66.0,66.6,82.7,31.9,82.0,34.6
"A0150","San Bernardino","Chino Hills","https://www.californiahealthmaps.org?address=A0150","Male","Lung",157705,50.9,36.1,71.0,57525,77.4,49.0,120.3,"","","","",43470,"","","",44995,"","","",5,63642,5.6,11.5,26.1,35.0,3.8,27.9,29.8,27.9,66.0,66.6,82.7,31.9,82.0,34.6
"A0150","San Bernardino","Chino Hills","https://www.californiahealthmaps.org?address=A0150","Female","Lung",160505,46.6,34.2,62.6,54860,53.8,32.9,84.1,"","","","",45865,"","","",48235,41.9,22.5,72.2,5,63642,5.6,11.5,26.1,35.0,3.8,27.9,29.8,27.9,66.0,66.6,82.7,31.9,82.0,34.6
"A0150","San Bernardino","Chino Hills","https://www.californiahealthmaps.org?address=A0150","Male","CRC",157705,55.4,40.6,75.3,57525,61.5,36.7,100.8,"","","","",43470,"","","",44995,60.8,36.6,98.4,5,63642,5.6,11.5,26.1,35.0,3.8,27.9,29.8,27.9,66.0,66.6,82.7,31.9,82.0,34.6
"A0150","San Bernardino","Chino Hills","https://www.californiahealthmaps.org?address=A0150","Female","CRC",160505,34.3,24.4,47.6,54860,34.6,18.1,60.7,"","","","",45865,"","","",48235,37.6,21.5,63.6,5,63642,5.6,11.5,26.1,35.0,3.8,27.9,29.8,27.9,66.0,66.6,82.7,31.9,82.0,34.6
"A0150","San Bernardino","Chino Hills","https://www.californiahealthmaps.org?address=A0150","Male","Mela",157705,39.3,26.0,58.0,57525,89.7,57.2,137.1,"","","","",43470,"","","",44995,"","","",5,63642,5.6,11.5,26.1,35.0,3.8,27.9,29.8,27.9,66.0,66.6,82.7,31.9,82.0,34.6
"A0150","San Bernardino","Chino Hills","https://www.californiahealthmaps.org?address=A0150","Female","Mela",160505,12.7,7.9,20.6,54860,29.0,16.1,50.5,"","","","",45865,"","","",48235,"","","",5,63642,5.6,11.5,26.1,35.0,3.8,27.9,29.8,27.9,66.0,66.6,82.7,31.9,82.0,34.6
"A0150","San Bernardino","Chino Hills","https://www.californiahealthmaps.org?address=A0150","Female","Uterine",160505,37.2,27.3,50.2,54860,33.4,20.2,54.6,"","","","",45865,"","","",48235,33.9,18.6,59.2,5,63642,5.6,11.5,26.1,35.0,3.8,27.9,29.8,27.9,66.0,66.6,82.7,31.9,82.0,34.6
"A0150","San Bernardino","Chino Hills","https://www.californiahealthmaps.org?address=A0150","Male","Lymph",157705,22.3,13.5,36.4,57525,"","","","","","","",43470,"","","",44995,"","","",5,63642,5.6,11.5,26.1,35.0,3.8,27.9,29.8,27.9,66.0,66.6,82.7,31.9,82.0,34.6
"A0150","San Bernardino","Chino Hills","https://www.californiahealthmaps.org?address=A0150","Female","Lymph",160505,15.8,9.8,25.1,54860,"","","","","","","",45865,"","","",48235,"","","",5,63642,5.6,11.5,26.1,35.0,3.8,27.9,29.8,27.9,66.0,66.6,82.7,31.9,82.0,34.6
"A0150","San Bernardino","Chino Hills","https://www.californiahealthmaps.org?address=A0150","Male","Urinary",157705,16.1,8.4,29.6,57525,"","","","","","","",43470,"","","",44995,"","","",5,63642,5.6,11.5,26.1,35.0,3.8,27.9,29.8,27.9,66.0,66.6,82.7,31.9,82.0,34.6
"A0150","San Bernardino","Chino Hills","https://www.californiahealthmaps.org?address=A0150","Female","Urinary",160505,"","","",54860,"","","","","","","",45865,"","","",48235,"","","",5,63642,5.6,11.5,26.1,35.0,3.8,27.9,29.8,27.9,66.0,66.6,82.7,31.9,82.0,34.6
"A0150","San Bernardino","Chino Hills","https://www.californiahealthmaps.org?address=A0150","Male","Kidney",157705,23.0,15.0,36.1,57525,"","","","","","","",43470,"","","",44995,"","","",5,63642,5.6,11.5,26.1,35.0,3.8,27.9,29.8,27.9,66.0,66.6,82.7,31.9,82.0,34.6
"A0150","San Bernardino","Chino Hills","https://www.californiahealthmaps.org?address=A0150","Female","Kidney",160505,10.3,5.6,18.4,54860,"","","","","","","",45865,"","","",48235,"","","",5,63642,5.6,11.5,26.1,35.0,3.8,27.9,29.8,27.9,66.0,66.6,82.7,31.9,82.0,34.6
"A0150","San Bernardino","Chino Hills","https://www.californiahealthmaps.org?address=A0150","Male","Thyroid",157705,11.4,6.5,21.6,57525,"","","","","","","",43470,"","","",44995,"","","",5,63642,5.6,11.5,26.1,35.0,3.8,27.9,29.8,27.9,66.0,66.6,82.7,31.9,82.0,34.6
"A0150","San Bernardino","Chino Hills","https://www.californiahealthmaps.org?address=A0150","Female","Thyroid",160505,29.1,21.3,39.9,54860,"","","","","","","",45865,35.8,20.2,67.2,48235,38.2,23.0,62.8,5,63642,5.6,11.5,26.1,35.0,3.8,27.9,29.8,27.9,66.0,66.6,82.7,31.9,82.0,34.6
"A0150","San Bernardino","Chino Hills","https://www.californiahealthmaps.org?address=A0150","Male","Liver",157705,11.4,6.8,21.1,57525,"","","","","","","",43470,"","","",44995,"","","",5,63642,5.6,11.5,26.1,35.0,3.8,27.9,29.8,27.9,66.0,66.6,82.7,31.9,82.0,34.6
"A0150","San Bernardino","Chino Hills","https://www.californiahealthmaps.org?address=A0150","Female","Liver",160505,"","","",54860,"","","","","","","",45865,"","","",48235,"","","",5,63642,5.6,11.5,26.1,35.0,3.8,27.9,29.8,27.9,66.0,66.6,82.7,31.9,82.0,34.6
"A0150","San Bernardino","Chino Hills","https://www.californiahealthmaps.org?address=A0150","Male","Pancreas",157705,"","","",57525,"","","","","","","",43470,"","","",44995,"","","",5,63642,5.6,11.5,26.1,35.0,3.8,27.9,29.8,27.9,66.0,66.6,82.7,31.9,82.0,34.6
"A0150","San Bernardino","Chino Hills","https://www.californiahealthmaps.org?address=A0150","Female","Pancreas",160505,15.5,9.0,25.4,54860,"","","","","","","",45865,"","","",48235,"","","",5,63642,5.6,11.5,26.1,35.0,3.8,27.9,29.8,27.9,66.0,66.6,82.7,31.9,82.0,34.6
"A0150","San Bernardino","Chino Hills","https://www.californiahealthmaps.org?address=A0150","Both","AllSite",318210,465.1,436.7,495.1,112385,547.2,497.8,601.0,13605,530.3,374.7,750.1,89335,422.1,363.5,490.0,93230,378.7,336.0,426.5,5,63642,5.6,11.5,26.1,35.0,3.8,27.9,29.8,27.9,66.0,66.6,82.7,31.9,82.0,34.6
"A0150","San Bernardino","Chino Hills","https://www.californiahealthmaps.org?address=A0150","Both","Lung",318210,48.4,38.7,60.0,112385,62.7,45.6,84.8,13605,"","","",89335,"","","",93230,38.7,25.0,58.2,5,63642,5.6,11.5,26.1,35.0,3.8,27.9,29.8,27.9,66.0,66.6,82.7,31.9,82.0,34.6
"A0150","San Bernardino","Chino Hills","https://www.californiahealthmaps.org?address=A0150","Both","CRC",318210,43.9,35.2,54.5,112385,46.5,32.0,66.2,13605,"","","",89335,31.8,17.8,56.5,93230,48.2,33.6,68.3,5,63642,5.6,11.5,26.1,35.0,3.8,27.9,29.8,27.9,66.0,66.6,82.7,31.9,82.0,34.6
"A0150","San Bernardino","Chino Hills","https://www.californiahealthmaps.org?address=A0150","Both","Mela",318210,23.3,17.3,31.1,112385,51.1,36.9,70.0,13605,"","","",89335,"","","",93230,"","","",5,63642,5.6,11.5,26.1,35.0,3.8,27.9,29.8,27.9,66.0,66.6,82.7,31.9,82.0,34.6
"A0150","San Bernardino","Chino Hills","https://www.californiahealthmaps.org?address=A0150","Both","Lymph",318210,18.5,13.3,25.5,112385,25.2,15.5,39.7,13605,"","","",89335,"","","",93230,17.2,9.5,30.5,5,63642,5.6,11.5,26.1,35.0,3.8,27.9,29.8,27.9,66.0,66.6,82.7,31.9,82.0,34.6
"A0150","San Bernardino","Chino Hills","https://www.californiahealthmaps.org?address=A0150","Both","Urinary",318210,11.1,6.6,17.5,112385,18.7,9.9,32.7,13605,"","","",89335,"","","",93230,"","","",5,63642,5.6,11.5,26.1,35.0,3.8,27.9,29.8,27.9,66.0,66.6,82.7,31.9,82.0,34.6
"A0150","San Bernardino","Chino Hills","https://www.californiahealthmaps.org?address=A0150","Both","Kidney",318210,16.3,11.6,22.8,112385,12.7,6.6,23.7,13605,"","","",89335,30.3,16.6,54.7,93230,"","","",5,63642,5.6,11.5,26.1,35.0,3.8,27.9,29.8,27.9,66.0,66.6,82.7,31.9,82.0,34.6
"A0150","San Bernardino","Chino Hills","https://www.californiahealthmaps.org?address=A0150","Both","Thyroid",318210,20.6,15.7,27.0,112385,15.3,8.8,26.3,13605,"","","",89335,28.5,16.9,50.3,93230,25.4,16.4,39.6,5,63642,5.6,11.5,26.1,35.0,3.8,27.9,29.8,27.9,66.0,66.6,82.7,31.9,82.0,34.6
"A0150","San Bernardino","Chino Hills","https://www.californiahealthmaps.org?address=A0150","Both","Liver",318210,11.4,7.4,17.3,112385,"","","",13605,"","","",89335,"","","",93230,"","","",5,63642,5.6,11.5,26.1,35.0,3.8,27.9,29.8,27.9,66.0,66.6,82.7,31.9,82.0,34.6
"A0150","San Bernardino","Chino Hills","https://www.californiahealthmaps.org?address=A0150","Both","Pancreas",318210,14.5,9.5,21.5,112385,"","","",13605,"","","",89335,"","","",93230,"","","",5,63642,5.6,11.5,26.1,35.0,3.8,27.9,29.8,27.9,66.0,66.6,82.7,31.9,82.0,34.6
