"Zone","Counties","Cities","URL","Sex","Cancer","PopTot","AAIR","LCI","UCI","White_PopTot","White_AAIR","White_LCI","White_UCI","Black_PopTot","Black_AAIR","Black_LCI","Black_UCI","Hispanic_PopTot","Hispanic_AAIR","Hispanic_LCI","Hispanic_UCI","Asian_PopTot","Asian_AAIR","Asian_LCI","Asian_UCI","QNSES","PopAll","PerRural","PerUninsured","PerForeignBorn","PerWhite","PerBlack","PerAsian","PerHispanic","PerAPI","PerDocvisit","PerFOBT","PerMammo","PerMenPrev","PerPap","PerWomenPrev"
"A0977","San Mateo","Redwood City","https://www.californiahealthmaps.org?address=A0977","Male","AllSite",154975,500.8,456.5,548.9,50445,572.1,507.4,645.1,"","","","",78020,401.1,324.7,495.1,17130,373.0,270.8,514.0,3,61082,1.2,18.9,39.4,33.6,2.7,11.9,49.1,11.9,"","","","","",""
"A0977","San Mateo","Redwood City","https://www.californiahealthmaps.org?address=A0977","Female","AllSite",150435,439.9,404.2,478.3,50730,510.4,455.4,573.1,"","","","",71005,358.1,297.8,429.3,20215,444.6,349.9,564.1,3,61082,1.2,18.9,39.4,33.6,2.7,11.9,49.1,11.9,"","","","","",""
"A0977","San Mateo","Redwood City","https://www.californiahealthmaps.org?address=A0977","Male","Prostate",154975,112.0,91.9,136.0,50445,100.9,75.7,134.8,"","","","",78020,129.4,88.3,189.0,17130,"","","",3,61082,1.2,18.9,39.4,33.6,2.7,11.9,49.1,11.9,"","","","","",""
"A0977","San Mateo","Redwood City","https://www.californiahealthmaps.org?address=A0977","Female","Breast",150435,124.3,106.1,145.3,50730,160.0,130.5,197.7,"","","","",71005,64.7,42.8,97.5,20215,135.2,87.8,208.6,3,61082,1.2,18.9,39.4,33.6,2.7,11.9,49.1,11.9,"","","","","",""
"A0977","San Mateo","Redwood City","https://www.californiahealthmaps.org?address=A0977","Male","Lung",154975,55.1,40.0,74.3,50445,52.0,32.9,81.0,"","","","",78020,"","","",17130,"","","",3,61082,1.2,18.9,39.4,33.6,2.7,11.9,49.1,11.9,"","","","","",""
"A0977","San Mateo","Redwood City","https://www.californiahealthmaps.org?address=A0977","Female","Lung",150435,49.7,37.4,64.9,50730,63.8,44.9,91.5,"","","","",71005,"","","",20215,"","","",3,61082,1.2,18.9,39.4,33.6,2.7,11.9,49.1,11.9,"","","","","",""
"A0977","San Mateo","Redwood City","https://www.californiahealthmaps.org?address=A0977","Male","CRC",154975,52.5,39.1,69.8,50445,65.4,45.1,94.7,"","","","",78020,"","","",17130,"","","",3,61082,1.2,18.9,39.4,33.6,2.7,11.9,49.1,11.9,"","","","","",""
"A0977","San Mateo","Redwood City","https://www.californiahealthmaps.org?address=A0977","Female","CRC",150435,32.3,22.9,44.7,50730,29.9,17.9,51.5,"","","","",71005,"","","",20215,"","","",3,61082,1.2,18.9,39.4,33.6,2.7,11.9,49.1,11.9,"","","","","",""
"A0977","San Mateo","Redwood City","https://www.californiahealthmaps.org?address=A0977","Male","Mela",154975,34.4,23.7,49.0,50445,60.6,40.8,89.7,"","","","",78020,"","","",17130,"","","",3,61082,1.2,18.9,39.4,33.6,2.7,11.9,49.1,11.9,"","","","","",""
"A0977","San Mateo","Redwood City","https://www.californiahealthmaps.org?address=A0977","Female","Mela",150435,22.6,15.4,32.7,50730,46.8,30.6,72.3,"","","","",71005,"","","",20215,"","","",3,61082,1.2,18.9,39.4,33.6,2.7,11.9,49.1,11.9,"","","","","",""
"A0977","San Mateo","Redwood City","https://www.californiahealthmaps.org?address=A0977","Female","Uterine",150435,30.4,22.2,41.4,50730,33.0,21.1,54.0,"","","","",71005,"","","",20215,"","","",3,61082,1.2,18.9,39.4,33.6,2.7,11.9,49.1,11.9,"","","","","",""
"A0977","San Mateo","Redwood City","https://www.californiahealthmaps.org?address=A0977","Male","Lymph",154975,29.5,19.5,43.7,50445,37.2,22.2,61.8,"","","","",78020,"","","",17130,"","","",3,61082,1.2,18.9,39.4,33.6,2.7,11.9,49.1,11.9,"","","","","",""
"A0977","San Mateo","Redwood City","https://www.californiahealthmaps.org?address=A0977","Female","Lymph",150435,16.8,10.8,25.8,50730,"","","","","","","",71005,"","","",20215,"","","",3,61082,1.2,18.9,39.4,33.6,2.7,11.9,49.1,11.9,"","","","","",""
"A0977","San Mateo","Redwood City","https://www.californiahealthmaps.org?address=A0977","Male","Urinary",154975,17.9,9.8,30.6,50445,"","","","","","","",78020,"","","",17130,"","","",3,61082,1.2,18.9,39.4,33.6,2.7,11.9,49.1,11.9,"","","","","",""
"A0977","San Mateo","Redwood City","https://www.californiahealthmaps.org?address=A0977","Female","Urinary",150435,"","","",50730,"","","","","","","",71005,"","","",20215,"","","",3,61082,1.2,18.9,39.4,33.6,2.7,11.9,49.1,11.9,"","","","","",""
"A0977","San Mateo","Redwood City","https://www.californiahealthmaps.org?address=A0977","Male","Kidney",154975,28.6,19.2,42.0,50445,28.2,15.6,50.7,"","","","",78020,"","","",17130,"","","",3,61082,1.2,18.9,39.4,33.6,2.7,11.9,49.1,11.9,"","","","","",""
"A0977","San Mateo","Redwood City","https://www.californiahealthmaps.org?address=A0977","Female","Kidney",150435,14.1,8.3,23.0,50730,"","","","","","","",71005,"","","",20215,"","","",3,61082,1.2,18.9,39.4,33.6,2.7,11.9,49.1,11.9,"","","","","",""
"A0977","San Mateo","Redwood City","https://www.californiahealthmaps.org?address=A0977","Male","Thyroid",154975,"","","",50445,"","","","","","","",78020,"","","",17130,"","","",3,61082,1.2,18.9,39.4,33.6,2.7,11.9,49.1,11.9,"","","","","",""
"A0977","San Mateo","Redwood City","https://www.californiahealthmaps.org?address=A0977","Female","Thyroid",150435,18.5,12.3,27.4,50730,24.7,14.0,45.2,"","","","",71005,"","","",20215,"","","",3,61082,1.2,18.9,39.4,33.6,2.7,11.9,49.1,11.9,"","","","","",""
"A0977","San Mateo","Redwood City","https://www.californiahealthmaps.org?address=A0977","Male","Liver",154975,11.4,6.3,20.5,50445,"","","","","","","",78020,"","","",17130,"","","",3,61082,1.2,18.9,39.4,33.6,2.7,11.9,49.1,11.9,"","","","","",""
"A0977","San Mateo","Redwood City","https://www.californiahealthmaps.org?address=A0977","Female","Liver",150435,"","","",50730,"","","","","","","",71005,"","","",20215,"","","",3,61082,1.2,18.9,39.4,33.6,2.7,11.9,49.1,11.9,"","","","","",""
"A0977","San Mateo","Redwood City","https://www.californiahealthmaps.org?address=A0977","Male","Pancreas",154975,23.7,14.5,37.3,50445,"","","","","","","",78020,"","","",17130,"","","",3,61082,1.2,18.9,39.4,33.6,2.7,11.9,49.1,11.9,"","","","","",""
"A0977","San Mateo","Redwood City","https://www.californiahealthmaps.org?address=A0977","Female","Pancreas",150435,"","","",50730,"","","","","","","",71005,"","","",20215,"","","",3,61082,1.2,18.9,39.4,33.6,2.7,11.9,49.1,11.9,"","","","","",""
"A0977","San Mateo","Redwood City","https://www.californiahealthmaps.org?address=A0977","Both","AllSite",305410,462.5,434.8,491.8,101175,530.3,488.7,575.8,"","","","",149025,374.9,327.1,429.1,37345,416.3,344.7,501.1,3,61082,1.2,18.9,39.4,33.6,2.7,11.9,49.1,11.9,"","","","","",""
"A0977","San Mateo","Redwood City","https://www.californiahealthmaps.org?address=A0977","Both","Lung",305410,51.9,42.3,63.3,101175,58.9,45.0,77.2,"","","","",149025,"","","",37345,67.9,39.8,111.0,3,61082,1.2,18.9,39.4,33.6,2.7,11.9,49.1,11.9,"","","","","",""
"A0977","San Mateo","Redwood City","https://www.californiahealthmaps.org?address=A0977","Both","CRC",305410,41.2,33.2,50.9,101175,45.4,34.0,61.1,"","","","",149025,32.0,19.0,52.2,37345,46.9,26.3,81.8,3,61082,1.2,18.9,39.4,33.6,2.7,11.9,49.1,11.9,"","","","","",""
"A0977","San Mateo","Redwood City","https://www.californiahealthmaps.org?address=A0977","Both","Mela",305410,27.5,21.2,35.4,101175,51.9,39.3,68.7,"","","","",149025,"","","",37345,"","","",3,61082,1.2,18.9,39.4,33.6,2.7,11.9,49.1,11.9,"","","","","",""
"A0977","San Mateo","Redwood City","https://www.californiahealthmaps.org?address=A0977","Both","Lymph",305410,22.1,16.5,29.3,101175,22.8,15.1,35.1,"","","","",149025,32.0,18.4,53.1,37345,"","","",3,61082,1.2,18.9,39.4,33.6,2.7,11.9,49.1,11.9,"","","","","",""
"A0977","San Mateo","Redwood City","https://www.californiahealthmaps.org?address=A0977","Both","Urinary",305410,9.0,5.2,14.7,101175,13.2,7.1,24.4,"","","","",149025,"","","",37345,"","","",3,61082,1.2,18.9,39.4,33.6,2.7,11.9,49.1,11.9,"","","","","",""
"A0977","San Mateo","Redwood City","https://www.californiahealthmaps.org?address=A0977","Both","Kidney",305410,21.1,15.6,28.4,101175,19.8,12.3,31.9,"","","","",149025,31.4,18.3,51.9,37345,"","","",3,61082,1.2,18.9,39.4,33.6,2.7,11.9,49.1,11.9,"","","","","",""
"A0977","San Mateo","Redwood City","https://www.californiahealthmaps.org?address=A0977","Both","Thyroid",305410,11.5,7.9,16.7,101175,16.5,10.0,27.8,"","","","",149025,"","","",37345,"","","",3,61082,1.2,18.9,39.4,33.6,2.7,11.9,49.1,11.9,"","","","","",""
"A0977","San Mateo","Redwood City","https://www.californiahealthmaps.org?address=A0977","Both","Liver",305410,9.3,5.8,14.5,101175,"","","","","","","",149025,"","","",37345,"","","",3,61082,1.2,18.9,39.4,33.6,2.7,11.9,49.1,11.9,"","","","","",""
"A0977","San Mateo","Redwood City","https://www.californiahealthmaps.org?address=A0977","Both","Pancreas",305410,15.5,10.7,22.0,101175,13.8,7.8,24.7,"","","","",149025,"","","",37345,"","","",3,61082,1.2,18.9,39.4,33.6,2.7,11.9,49.1,11.9,"","","","","",""
