"Zone","Counties","Cities","URL","Sex","Cancer","PopTot","AAIR","LCI","UCI","White_PopTot","White_AAIR","White_LCI","White_UCI","Black_PopTot","Black_AAIR","Black_LCI","Black_UCI","Hispanic_PopTot","Hispanic_AAIR","Hispanic_LCI","Hispanic_UCI","Asian_PopTot","Asian_AAIR","Asian_LCI","Asian_UCI","QNSES","PopAll","PerRural","PerUninsured","PerForeignBorn","PerWhite","PerBlack","PerAsian","PerHispanic","PerAPI","PerDocvisit","PerFOBT","PerMammo","PerMenPrev","PerPap","PerWomenPrev"
"A0865","Contra Costa","Lafayette, Walnut Creek, Moraga","https://www.californiahealthmaps.org?address=A0865","Male","AllSite",137095,488.3,457.6,521.7,109040,505.7,470.8,544.2,"","","","","","","","",12745,309.7,232.3,417.7,5,59035,0.5,5.1,14.6,78.1,1.1,9.5,7.5,9.5,"","","","","",""
"A0865","Contra Costa","Lafayette, Walnut Creek, Moraga","https://www.californiahealthmaps.org?address=A0865","Female","AllSite",158080,446.6,418.6,477.2,123515,450.9,418.8,486.7,"","","","",10245,443.5,320.0,602.2,17060,396.8,319.8,497.3,5,59035,0.5,5.1,14.6,78.1,1.1,9.5,7.5,9.5,"","","","","",""
"A0865","Contra Costa","Lafayette, Walnut Creek, Moraga","https://www.californiahealthmaps.org?address=A0865","Male","Prostate",137095,138.1,123.0,155.9,109040,138.5,122.2,158.5,"","","","","","","","",12745,"","","",5,59035,0.5,5.1,14.6,78.1,1.1,9.5,7.5,9.5,"","","","","",""
"A0865","Contra Costa","Lafayette, Walnut Creek, Moraga","https://www.californiahealthmaps.org?address=A0865","Female","Breast",158080,150.6,134.6,169.2,123515,144.8,127.7,165.7,"","","","",10245,198.3,120.1,312.5,17060,181.6,130.0,258.7,5,59035,0.5,5.1,14.6,78.1,1.1,9.5,7.5,9.5,"","","","","",""
"A0865","Contra Costa","Lafayette, Walnut Creek, Moraga","https://www.californiahealthmaps.org?address=A0865","Male","Lung",137095,30.6,24.0,40.2,109040,29.9,23.1,41.0,"","","","","","","","",12745,"","","",5,59035,0.5,5.1,14.6,78.1,1.1,9.5,7.5,9.5,"","","","","",""
"A0865","Contra Costa","Lafayette, Walnut Creek, Moraga","https://www.californiahealthmaps.org?address=A0865","Female","Lung",158080,38.6,32.1,47.8,123515,37.5,30.7,48.5,"","","","",10245,"","","",17060,"","","",5,59035,0.5,5.1,14.6,78.1,1.1,9.5,7.5,9.5,"","","","","",""
"A0865","Contra Costa","Lafayette, Walnut Creek, Moraga","https://www.californiahealthmaps.org?address=A0865","Male","CRC",137095,47.0,37.9,59.1,109040,46.0,35.9,60.3,"","","","","","","","",12745,"","","",5,59035,0.5,5.1,14.6,78.1,1.1,9.5,7.5,9.5,"","","","","",""
"A0865","Contra Costa","Lafayette, Walnut Creek, Moraga","https://www.californiahealthmaps.org?address=A0865","Female","CRC",158080,31.9,25.1,41.6,123515,31.5,23.9,43.6,"","","","",10245,"","","",17060,"","","",5,59035,0.5,5.1,14.6,78.1,1.1,9.5,7.5,9.5,"","","","","",""
"A0865","Contra Costa","Lafayette, Walnut Creek, Moraga","https://www.californiahealthmaps.org?address=A0865","Male","Mela",137095,67.6,56.3,82.0,109040,73.3,60.0,90.7,"","","","","","","","",12745,"","","",5,59035,0.5,5.1,14.6,78.1,1.1,9.5,7.5,9.5,"","","","","",""
"A0865","Contra Costa","Lafayette, Walnut Creek, Moraga","https://www.californiahealthmaps.org?address=A0865","Female","Mela",158080,52.8,42.5,66.2,123515,55.8,43.2,73.0,"","","","",10245,"","","",17060,"","","",5,59035,0.5,5.1,14.6,78.1,1.1,9.5,7.5,9.5,"","","","","",""
"A0865","Contra Costa","Lafayette, Walnut Creek, Moraga","https://www.californiahealthmaps.org?address=A0865","Female","Uterine",158080,23.6,18.0,32.3,123515,22.4,16.5,32.8,"","","","",10245,"","","",17060,"","","",5,59035,0.5,5.1,14.6,78.1,1.1,9.5,7.5,9.5,"","","","","",""
"A0865","Contra Costa","Lafayette, Walnut Creek, Moraga","https://www.californiahealthmaps.org?address=A0865","Male","Lymph",137095,25.8,18.9,36.0,109040,26.9,18.9,39.4,"","","","","","","","",12745,"","","",5,59035,0.5,5.1,14.6,78.1,1.1,9.5,7.5,9.5,"","","","","",""
"A0865","Contra Costa","Lafayette, Walnut Creek, Moraga","https://www.californiahealthmaps.org?address=A0865","Female","Lymph",158080,18.5,13.7,26.3,123515,18.8,13.6,28.7,"","","","",10245,"","","",17060,"","","",5,59035,0.5,5.1,14.6,78.1,1.1,9.5,7.5,9.5,"","","","","",""
"A0865","Contra Costa","Lafayette, Walnut Creek, Moraga","https://www.californiahealthmaps.org?address=A0865","Male","Urinary",137095,14.0,9.9,21.5,109040,15.2,10.6,24.5,"","","","","","","","",12745,"","","",5,59035,0.5,5.1,14.6,78.1,1.1,9.5,7.5,9.5,"","","","","",""
"A0865","Contra Costa","Lafayette, Walnut Creek, Moraga","https://www.californiahealthmaps.org?address=A0865","Female","Urinary",158080,"","","",123515,"","","","","","","",10245,"","","",17060,"","","",5,59035,0.5,5.1,14.6,78.1,1.1,9.5,7.5,9.5,"","","","","",""
"A0865","Contra Costa","Lafayette, Walnut Creek, Moraga","https://www.californiahealthmaps.org?address=A0865","Male","Kidney",137095,19.8,13.6,29.4,109040,21.1,13.9,33.0,"","","","","","","","",12745,"","","",5,59035,0.5,5.1,14.6,78.1,1.1,9.5,7.5,9.5,"","","","","",""
"A0865","Contra Costa","Lafayette, Walnut Creek, Moraga","https://www.californiahealthmaps.org?address=A0865","Female","Kidney",158080,6.7,3.8,13.1,123515,7.5,4.0,16.5,"","","","",10245,"","","",17060,"","","",5,59035,0.5,5.1,14.6,78.1,1.1,9.5,7.5,9.5,"","","","","",""
"A0865","Contra Costa","Lafayette, Walnut Creek, Moraga","https://www.californiahealthmaps.org?address=A0865","Male","Thyroid",137095,"","","",109040,"","","","","","","","","","","",12745,"","","",5,59035,0.5,5.1,14.6,78.1,1.1,9.5,7.5,9.5,"","","","","",""
"A0865","Contra Costa","Lafayette, Walnut Creek, Moraga","https://www.californiahealthmaps.org?address=A0865","Female","Thyroid",158080,21.1,13.7,32.0,123515,22.2,13.1,36.7,"","","","",10245,"","","",17060,"","","",5,59035,0.5,5.1,14.6,78.1,1.1,9.5,7.5,9.5,"","","","","",""
"A0865","Contra Costa","Lafayette, Walnut Creek, Moraga","https://www.californiahealthmaps.org?address=A0865","Male","Liver",137095,6.3,3.5,12.9,109040,"","","","","","","","","","","",12745,"","","",5,59035,0.5,5.1,14.6,78.1,1.1,9.5,7.5,9.5,"","","","","",""
"A0865","Contra Costa","Lafayette, Walnut Creek, Moraga","https://www.californiahealthmaps.org?address=A0865","Female","Liver",158080,"","","",123515,"","","","","","","",10245,"","","",17060,"","","",5,59035,0.5,5.1,14.6,78.1,1.1,9.5,7.5,9.5,"","","","","",""
"A0865","Contra Costa","Lafayette, Walnut Creek, Moraga","https://www.californiahealthmaps.org?address=A0865","Male","Pancreas",137095,14.3,9.1,23.0,109040,13.4,8.1,23.5,"","","","","","","","",12745,"","","",5,59035,0.5,5.1,14.6,78.1,1.1,9.5,7.5,9.5,"","","","","",""
"A0865","Contra Costa","Lafayette, Walnut Creek, Moraga","https://www.californiahealthmaps.org?address=A0865","Female","Pancreas",158080,8.7,5.8,14.9,123515,9.1,5.9,17.6,"","","","",10245,"","","",17060,"","","",5,59035,0.5,5.1,14.6,78.1,1.1,9.5,7.5,9.5,"","","","","",""
"A0865","Contra Costa","Lafayette, Walnut Creek, Moraga","https://www.californiahealthmaps.org?address=A0865","Both","AllSite",295175,461.7,441.0,483.6,232555,471.2,447.7,496.5,"","","","",18630,441.4,344.7,558.9,29805,362.3,305.8,431.2,5,59035,0.5,5.1,14.6,78.1,1.1,9.5,7.5,9.5,"","","","","",""
"A0865","Contra Costa","Lafayette, Walnut Creek, Moraga","https://www.californiahealthmaps.org?address=A0865","Both","Lung",295175,35.2,30.4,41.2,232555,34.2,29.3,41.1,"","","","",18630,"","","",29805,40.6,23.9,72.2,5,59035,0.5,5.1,14.6,78.1,1.1,9.5,7.5,9.5,"","","","","",""
"A0865","Contra Costa","Lafayette, Walnut Creek, Moraga","https://www.californiahealthmaps.org?address=A0865","Both","CRC",295175,38.5,32.8,45.5,232555,38.0,31.6,46.3,"","","","",18630,"","","",29805,48.8,30.0,82.3,5,59035,0.5,5.1,14.6,78.1,1.1,9.5,7.5,9.5,"","","","","",""
"A0865","Contra Costa","Lafayette, Walnut Creek, Moraga","https://www.californiahealthmaps.org?address=A0865","Both","Mela",295175,58.4,50.8,67.5,232555,62.2,53.1,73.4,"","","","",18630,"","","",29805,"","","",5,59035,0.5,5.1,14.6,78.1,1.1,9.5,7.5,9.5,"","","","","",""
"A0865","Contra Costa","Lafayette, Walnut Creek, Moraga","https://www.californiahealthmaps.org?address=A0865","Both","Lymph",295175,21.8,17.6,27.5,232555,22.7,17.9,29.6,"","","","",18630,"","","",29805,"","","",5,59035,0.5,5.1,14.6,78.1,1.1,9.5,7.5,9.5,"","","","","",""
"A0865","Contra Costa","Lafayette, Walnut Creek, Moraga","https://www.californiahealthmaps.org?address=A0865","Both","Urinary",295175,7.9,5.8,11.5,232555,8.6,6.3,13.2,"","","","",18630,"","","",29805,"","","",5,59035,0.5,5.1,14.6,78.1,1.1,9.5,7.5,9.5,"","","","","",""
"A0865","Contra Costa","Lafayette, Walnut Creek, Moraga","https://www.californiahealthmaps.org?address=A0865","Both","Kidney",295175,12.5,9.2,17.4,232555,13.7,9.7,20.0,"","","","",18630,"","","",29805,"","","",5,59035,0.5,5.1,14.6,78.1,1.1,9.5,7.5,9.5,"","","","","",""
"A0865","Contra Costa","Lafayette, Walnut Creek, Moraga","https://www.californiahealthmaps.org?address=A0865","Both","Thyroid",295175,14.2,10.0,20.2,232555,15.0,9.9,22.6,"","","","",18630,"","","",29805,"","","",5,59035,0.5,5.1,14.6,78.1,1.1,9.5,7.5,9.5,"","","","","",""
"A0865","Contra Costa","Lafayette, Walnut Creek, Moraga","https://www.californiahealthmaps.org?address=A0865","Both","Liver",295175,5.2,3.3,8.9,232555,4.4,2.6,8.7,"","","","",18630,"","","",29805,"","","",5,59035,0.5,5.1,14.6,78.1,1.1,9.5,7.5,9.5,"","","","","",""
"A0865","Contra Costa","Lafayette, Walnut Creek, Moraga","https://www.californiahealthmaps.org?address=A0865","Both","Pancreas",295175,11.3,8.4,15.7,232555,11.1,8.0,16.4,"","","","",18630,"","","",29805,"","","",5,59035,0.5,5.1,14.6,78.1,1.1,9.5,7.5,9.5,"","","","","",""
