"Zone","Counties","Cities","URL","Sex","Cancer","PopTot","AAIR","LCI","UCI","White_PopTot","White_AAIR","White_LCI","White_UCI","Black_PopTot","Black_AAIR","Black_LCI","Black_UCI","Hispanic_PopTot","Hispanic_AAIR","Hispanic_LCI","Hispanic_UCI","Asian_PopTot","Asian_AAIR","Asian_LCI","Asian_UCI","QNSES","PopAll","PerRural","PerUninsured","PerForeignBorn","PerWhite","PerBlack","PerAsian","PerHispanic"
"A0763","Sonoma","Petaluma, Rohnert Park","https://www.californiahealthmaps.org?address=A0763","Male","AllSite",151700,563.3,520.6,609.0,101155,593.2,544.1,646.1,"","","","",34215,473.6,352.3,638.3,"","","","",3,62969,3.4,13.4,15.1,67.1,1.8,6.0,20.7
"A0763","Sonoma","Petaluma, Rohnert Park","https://www.californiahealthmaps.org?address=A0763","Female","AllSite",163145,514.9,479.7,552.2,111190,542.9,502.0,587.2,"","","","",33975,433.9,338.4,551.6,"","","","",3,62969,3.4,13.4,15.1,67.1,1.8,6.0,20.7
"A0763","Sonoma","Petaluma, Rohnert Park","https://www.californiahealthmaps.org?address=A0763","Male","Prostate",151700,101.6,84.4,121.7,101155,98.7,80.0,121.1,"","","","",34215,117.3,64.6,218.0,"","","","",3,62969,3.4,13.4,15.1,67.1,1.8,6.0,20.7
"A0763","Sonoma","Petaluma, Rohnert Park","https://www.californiahealthmaps.org?address=A0763","Female","Breast",163145,145.2,127.0,165.7,111190,149.9,129.1,174.1,"","","","",33975,122.3,76.8,190.4,"","","","",3,62969,3.4,13.4,15.1,67.1,1.8,6.0,20.7
"A0763","Sonoma","Petaluma, Rohnert Park","https://www.californiahealthmaps.org?address=A0763","Male","Lung",151700,62.7,48.5,80.2,101155,69.3,52.8,89.9,"","","","",34215,"","","","","","","",3,62969,3.4,13.4,15.1,67.1,1.8,6.0,20.7
"A0763","Sonoma","Petaluma, Rohnert Park","https://www.californiahealthmaps.org?address=A0763","Female","Lung",163145,61.0,49.0,75.4,111190,63.2,49.7,80.4,"","","","",33975,"","","","","","","",3,62969,3.4,13.4,15.1,67.1,1.8,6.0,20.7
"A0763","Sonoma","Petaluma, Rohnert Park","https://www.californiahealthmaps.org?address=A0763","Male","CRC",151700,69.2,54.9,86.7,101155,76.7,59.8,97.6,"","","","",34215,"","","","","","","",3,62969,3.4,13.4,15.1,67.1,1.8,6.0,20.7
"A0763","Sonoma","Petaluma, Rohnert Park","https://www.californiahealthmaps.org?address=A0763","Female","CRC",163145,44.5,34.7,56.6,111190,49.9,38.0,65.5,"","","","",33975,"","","","","","","",3,62969,3.4,13.4,15.1,67.1,1.8,6.0,20.7
"A0763","Sonoma","Petaluma, Rohnert Park","https://www.californiahealthmaps.org?address=A0763","Male","Mela",151700,55.9,42.9,72.1,101155,64.7,49.1,84.5,"","","","",34215,"","","","","","","",3,62969,3.4,13.4,15.1,67.1,1.8,6.0,20.7
"A0763","Sonoma","Petaluma, Rohnert Park","https://www.californiahealthmaps.org?address=A0763","Female","Mela",163145,31.8,23.7,42.1,111190,38.9,28.6,52.8,"","","","",33975,"","","","","","","",3,62969,3.4,13.4,15.1,67.1,1.8,6.0,20.7
"A0763","Sonoma","Petaluma, Rohnert Park","https://www.californiahealthmaps.org?address=A0763","Female","Uterine",163145,35.6,27.0,46.5,111190,37.8,28.0,51.1,"","","","",33975,"","","","","","","",3,62969,3.4,13.4,15.1,67.1,1.8,6.0,20.7
"A0763","Sonoma","Petaluma, Rohnert Park","https://www.californiahealthmaps.org?address=A0763","Male","Lymph",151700,24.3,16.2,35.6,101155,28.7,18.6,43.2,"","","","",34215,"","","","","","","",3,62969,3.4,13.4,15.1,67.1,1.8,6.0,20.7
"A0763","Sonoma","Petaluma, Rohnert Park","https://www.californiahealthmaps.org?address=A0763","Female","Lymph",163145,21.6,14.8,30.7,111190,24.0,15.8,36.2,"","","","",33975,"","","","","","","",3,62969,3.4,13.4,15.1,67.1,1.8,6.0,20.7
"A0763","Sonoma","Petaluma, Rohnert Park","https://www.californiahealthmaps.org?address=A0763","Male","Urinary",151700,31.6,21.5,45.1,101155,33.4,22.2,49.0,"","","","",34215,"","","","","","","",3,62969,3.4,13.4,15.1,67.1,1.8,6.0,20.7
"A0763","Sonoma","Petaluma, Rohnert Park","https://www.californiahealthmaps.org?address=A0763","Female","Urinary",163145,3.2,1.0,8.0,111190,"","","","","","","",33975,"","","","","","","",3,62969,3.4,13.4,15.1,67.1,1.8,6.0,20.7
"A0763","Sonoma","Petaluma, Rohnert Park","https://www.californiahealthmaps.org?address=A0763","Male","Kidney",151700,20.4,13.2,30.8,101155,19.0,11.4,30.9,"","","","",34215,"","","","","","","",3,62969,3.4,13.4,15.1,67.1,1.8,6.0,20.7
"A0763","Sonoma","Petaluma, Rohnert Park","https://www.californiahealthmaps.org?address=A0763","Female","Kidney",163145,10.1,5.7,17.0,111190,11.7,6.4,21.2,"","","","",33975,"","","","","","","",3,62969,3.4,13.4,15.1,67.1,1.8,6.0,20.7
"A0763","Sonoma","Petaluma, Rohnert Park","https://www.californiahealthmaps.org?address=A0763","Male","Thyroid",151700,4.6,1.8,10.9,101155,"","","","","","","",34215,"","","","","","","",3,62969,3.4,13.4,15.1,67.1,1.8,6.0,20.7
"A0763","Sonoma","Petaluma, Rohnert Park","https://www.californiahealthmaps.org?address=A0763","Female","Thyroid",163145,17.0,11.3,25.0,111190,17.1,10.3,27.8,"","","","",33975,"","","","","","","",3,62969,3.4,13.4,15.1,67.1,1.8,6.0,20.7
"A0763","Sonoma","Petaluma, Rohnert Park","https://www.californiahealthmaps.org?address=A0763","Both","AllSite",314845,529.5,502.6,557.6,212345,557.8,526.7,590.7,"","","","",68190,450.5,373.8,541.3,16270,450.3,349.4,578.6,3,62969,3.4,13.4,15.1,67.1,1.8,6.0,20.7
"A0763","Sonoma","Petaluma, Rohnert Park","https://www.californiahealthmaps.org?address=A0763","Both","Lung",314845,61.5,52.2,72.1,212345,65.3,54.8,77.7,"","","","",68190,55.6,30.0,97.5,16270,"","","",3,62969,3.4,13.4,15.1,67.1,1.8,6.0,20.7
"A0763","Sonoma","Petaluma, Rohnert Park","https://www.californiahealthmaps.org?address=A0763","Both","CRC",314845,54.8,46.4,64.4,212345,61.3,51.2,73.1,"","","","",68190,"","","",16270,"","","",3,62969,3.4,13.4,15.1,67.1,1.8,6.0,20.7
"A0763","Sonoma","Petaluma, Rohnert Park","https://www.californiahealthmaps.org?address=A0763","Both","Mela",314845,41.0,33.8,49.3,212345,48.4,39.6,59.0,"","","","",68190,"","","",16270,"","","",3,62969,3.4,13.4,15.1,67.1,1.8,6.0,20.7
"A0763","Sonoma","Petaluma, Rohnert Park","https://www.californiahealthmaps.org?address=A0763","Both","Lymph",314845,23.0,17.6,29.6,212345,26.2,19.6,34.8,"","","","",68190,"","","",16270,"","","",3,62969,3.4,13.4,15.1,67.1,1.8,6.0,20.7
"A0763","Sonoma","Petaluma, Rohnert Park","https://www.californiahealthmaps.org?address=A0763","Both","Urinary",314845,14.4,10.1,20.0,212345,15.6,10.7,22.5,"","","","",68190,"","","",16270,"","","",3,62969,3.4,13.4,15.1,67.1,1.8,6.0,20.7
"A0763","Sonoma","Petaluma, Rohnert Park","https://www.californiahealthmaps.org?address=A0763","Both","Kidney",314845,14.9,10.7,20.4,212345,15.3,10.5,22.0,"","","","",68190,"","","",16270,"","","",3,62969,3.4,13.4,15.1,67.1,1.8,6.0,20.7
"A0763","Sonoma","Petaluma, Rohnert Park","https://www.californiahealthmaps.org?address=A0763","Both","Thyroid",314845,11.2,7.8,15.8,212345,10.5,6.7,16.3,"","","","",68190,"","","",16270,"","","",3,62969,3.4,13.4,15.1,67.1,1.8,6.0,20.7
