"Zone","Counties","Cities","URL","Sex","Cancer","PopTot","AAIR","LCI","UCI","White_PopTot","White_AAIR","White_LCI","White_UCI","Black_PopTot","Black_AAIR","Black_LCI","Black_UCI","Hispanic_PopTot","Hispanic_AAIR","Hispanic_LCI","Hispanic_UCI","Asian_PopTot","Asian_AAIR","Asian_LCI","Asian_UCI","QNSES","PopAll","PerRural","PerUninsured","PerForeignBorn","PerWhite","PerBlack","PerAsian","PerHispanic"
"A0864","Contra Costa","Antioch, Pittsburg","https://www.californiahealthmaps.org?address=A0864","Male","AllSite",147490,518.5,477.5,562.4,48655,517.1,460.7,580.8,20560,660.5,524.4,830.0,61550,483.0,399.6,580.9,10245,499.2,358.2,685.6,2,60065,0.0,17.2,21.6,32.3,15.3,7.4,41.1
"A0864","Contra Costa","Antioch, Pittsburg","https://www.californiahealthmaps.org?address=A0864","Female","AllSite",152835,448.9,415.1,485.0,51065,433.6,385.2,489.0,23375,593.4,486.4,721.1,59880,419.1,353.3,494.9,11590,480.1,368.2,623.9,2,60065,0.0,17.2,21.6,32.3,15.3,7.4,41.1
"A0864","Contra Costa","Antioch, Pittsburg","https://www.californiahealthmaps.org?address=A0864","Male","Prostate",147490,121.2,102.2,143.2,48655,98.4,75.9,128.6,20560,186.4,119.7,288.3,61550,125.7,84.8,182.0,10245,"","","",2,60065,0.0,17.2,21.6,32.3,15.3,7.4,41.1
"A0864","Contra Costa","Antioch, Pittsburg","https://www.californiahealthmaps.org?address=A0864","Female","Breast",152835,132.7,114.8,152.8,51065,126.2,100.9,159.0,23375,183.9,127.5,262.0,59880,109.8,78.1,151.6,11590,177.4,113.6,275.0,2,60065,0.0,17.2,21.6,32.3,15.3,7.4,41.1
"A0864","Contra Costa","Antioch, Pittsburg","https://www.californiahealthmaps.org?address=A0864","Male","Lung",147490,80.8,64.2,100.7,48655,82.1,60.6,111.8,20560,"","","",61550,"","","",10245,"","","",2,60065,0.0,17.2,21.6,32.3,15.3,7.4,41.1
"A0864","Contra Costa","Antioch, Pittsburg","https://www.californiahealthmaps.org?address=A0864","Female","Lung",152835,56.9,45.2,71.0,51065,73.1,55.2,98.6,23375,83.5,45.5,145.4,59880,"","","",11590,"","","",2,60065,0.0,17.2,21.6,32.3,15.3,7.4,41.1
"A0864","Contra Costa","Antioch, Pittsburg","https://www.californiahealthmaps.org?address=A0864","Male","CRC",147490,45.9,34.0,61.0,48655,51.5,33.7,78.1,20560,"","","",61550,"","","",10245,"","","",2,60065,0.0,17.2,21.6,32.3,15.3,7.4,41.1
"A0864","Contra Costa","Antioch, Pittsburg","https://www.californiahealthmaps.org?address=A0864","Female","CRC",152835,43.5,33.3,56.0,51065,38.7,25.6,59.9,23375,"","","",59880,42.9,24.1,72.3,11590,"","","",2,60065,0.0,17.2,21.6,32.3,15.3,7.4,41.1
"A0864","Contra Costa","Antioch, Pittsburg","https://www.californiahealthmaps.org?address=A0864","Male","Mela",147490,24.5,16.1,36.1,48655,42.0,27.0,65.6,20560,"","","",61550,"","","",10245,"","","",2,60065,0.0,17.2,21.6,32.3,15.3,7.4,41.1
"A0864","Contra Costa","Antioch, Pittsburg","https://www.californiahealthmaps.org?address=A0864","Female","Mela",152835,12.5,7.3,20.0,51065,"","","",23375,"","","",59880,"","","",11590,"","","",2,60065,0.0,17.2,21.6,32.3,15.3,7.4,41.1
"A0864","Contra Costa","Antioch, Pittsburg","https://www.californiahealthmaps.org?address=A0864","Female","Uterine",152835,35.2,26.3,46.4,51065,32.7,21.1,52.6,23375,"","","",59880,"","","",11590,"","","",2,60065,0.0,17.2,21.6,32.3,15.3,7.4,41.1
"A0864","Contra Costa","Antioch, Pittsburg","https://www.californiahealthmaps.org?address=A0864","Male","Lymph",147490,20.1,12.9,30.3,48655,"","","",20560,"","","",61550,"","","",10245,"","","",2,60065,0.0,17.2,21.6,32.3,15.3,7.4,41.1
"A0864","Contra Costa","Antioch, Pittsburg","https://www.californiahealthmaps.org?address=A0864","Female","Lymph",152835,21.9,14.9,31.3,51065,"","","",23375,"","","",59880,"","","",11590,"","","",2,60065,0.0,17.2,21.6,32.3,15.3,7.4,41.1
"A0864","Contra Costa","Antioch, Pittsburg","https://www.californiahealthmaps.org?address=A0864","Male","Urinary",147490,15.0,8.4,24.9,48655,"","","",20560,"","","",61550,"","","",10245,"","","",2,60065,0.0,17.2,21.6,32.3,15.3,7.4,41.1
"A0864","Contra Costa","Antioch, Pittsburg","https://www.californiahealthmaps.org?address=A0864","Female","Urinary",152835,5.6,2.4,11.4,51065,"","","",23375,"","","",59880,"","","",11590,"","","",2,60065,0.0,17.2,21.6,32.3,15.3,7.4,41.1
"A0864","Contra Costa","Antioch, Pittsburg","https://www.californiahealthmaps.org?address=A0864","Male","Kidney",147490,24.0,16.1,35.1,48655,23.3,12.7,43.0,20560,"","","",61550,"","","",10245,"","","",2,60065,0.0,17.2,21.6,32.3,15.3,7.4,41.1
"A0864","Contra Costa","Antioch, Pittsburg","https://www.californiahealthmaps.org?address=A0864","Female","Kidney",152835,10.4,5.9,17.3,51065,"","","",23375,"","","",59880,"","","",11590,"","","",2,60065,0.0,17.2,21.6,32.3,15.3,7.4,41.1
"A0864","Contra Costa","Antioch, Pittsburg","https://www.californiahealthmaps.org?address=A0864","Male","Thyroid",147490,10.0,5.4,17.7,48655,"","","",20560,"","","",61550,"","","",10245,"","","",2,60065,0.0,17.2,21.6,32.3,15.3,7.4,41.1
"A0864","Contra Costa","Antioch, Pittsburg","https://www.californiahealthmaps.org?address=A0864","Female","Thyroid",152835,17.7,11.4,26.4,51065,"","","",23375,"","","",59880,31.0,16.8,55.3,11590,"","","",2,60065,0.0,17.2,21.6,32.3,15.3,7.4,41.1
"A0864","Contra Costa","Antioch, Pittsburg","https://www.californiahealthmaps.org?address=A0864","Both","AllSite",300325,476.5,450.5,503.8,99720,469.5,432.7,509.7,43935,618.0,533.3,714.6,121430,440.6,389.0,497.9,21835,477.0,389.4,581.9,2,60065,0.0,17.2,21.6,32.3,15.3,7.4,41.1
"A0864","Contra Costa","Antioch, Pittsburg","https://www.californiahealthmaps.org?address=A0864","Both","Lung",300325,67.0,57.0,78.2,99720,76.7,62.7,94.3,43935,91.6,58.6,138.4,121430,32.5,18.8,53.0,21835,82.1,45.6,139.1,2,60065,0.0,17.2,21.6,32.3,15.3,7.4,41.1
"A0864","Contra Costa","Antioch, Pittsburg","https://www.californiahealthmaps.org?address=A0864","Both","CRC",300325,44.3,36.5,53.5,99720,45.1,33.8,60.3,43935,64.2,38.0,103.9,121430,43.2,28.1,64.5,21835,"","","",2,60065,0.0,17.2,21.6,32.3,15.3,7.4,41.1
"A0864","Contra Costa","Antioch, Pittsburg","https://www.californiahealthmaps.org?address=A0864","Both","Mela",300325,17.5,12.7,23.5,99720,28.1,19.4,41.0,43935,"","","",121430,"","","",21835,"","","",2,60065,0.0,17.2,21.6,32.3,15.3,7.4,41.1
"A0864","Contra Costa","Antioch, Pittsburg","https://www.californiahealthmaps.org?address=A0864","Both","Lymph",300325,21.0,15.9,27.5,99720,17.8,11.6,28.2,43935,"","","",121430,24.0,13.2,41.1,21835,"","","",2,60065,0.0,17.2,21.6,32.3,15.3,7.4,41.1
"A0864","Contra Costa","Antioch, Pittsburg","https://www.californiahealthmaps.org?address=A0864","Both","Urinary",300325,9.6,6.1,14.5,99720,"","","",43935,"","","",121430,"","","",21835,"","","",2,60065,0.0,17.2,21.6,32.3,15.3,7.4,41.1
"A0864","Contra Costa","Antioch, Pittsburg","https://www.californiahealthmaps.org?address=A0864","Both","Kidney",300325,16.5,12.0,22.3,99720,15.1,9.2,25.2,43935,"","","",121430,20.0,10.8,35.4,21835,"","","",2,60065,0.0,17.2,21.6,32.3,15.3,7.4,41.1
"A0864","Contra Costa","Antioch, Pittsburg","https://www.californiahealthmaps.org?address=A0864","Both","Thyroid",300325,13.9,9.8,19.2,99720,"","","",43935,"","","",121430,24.9,15.0,40.5,21835,"","","",2,60065,0.0,17.2,21.6,32.3,15.3,7.4,41.1
