"Zone","Counties","Cities","URL","Sex","Cancer","PopTot","AAIR","LCI","UCI","White_PopTot","White_AAIR","White_LCI","White_UCI","Black_PopTot","Black_AAIR","Black_LCI","Black_UCI","Hispanic_PopTot","Hispanic_AAIR","Hispanic_LCI","Hispanic_UCI","Asian_PopTot","Asian_AAIR","Asian_LCI","Asian_UCI","QNSES","PopAll","PerRural","PerUninsured","PerForeignBorn","PerWhite","PerBlack","PerAsian","PerHispanic","PerAPI","PerDocvisit","PerFOBT","PerMammo","PerMenPrev","PerPap","PerWomenPrev"
"A0722","San Bernardino","San Bernardino","https://www.californiahealthmaps.org?address=A0722","Male","AllSite",146925,498.9,454.5,547.0,40210,484.7,425.7,552.4,18160,727.9,532.2,999.4,80755,448.3,372.5,540.2,"","","","",1,60035,0.0,20.2,16.8,26.9,14.3,3.3,53.2,3.3,64.5,58.9,81.7,25.8,83.4,26.9
"A0722","San Bernardino","San Bernardino","https://www.californiahealthmaps.org?address=A0722","Female","AllSite",153250,403.4,368.8,440.6,41980,438.0,383.2,501.9,20820,447.1,338.6,587.3,81590,386.0,326.8,454.7,"","","","",1,60035,0.0,20.2,16.8,26.9,14.3,3.3,53.2,3.3,64.5,58.9,81.7,25.8,83.4,26.9
"A0722","San Bernardino","San Bernardino","https://www.californiahealthmaps.org?address=A0722","Male","Prostate",146925,125.7,104.1,151.1,40210,103.2,77.7,138.0,18160,179.8,111.0,328.5,80755,124.4,85.0,181.7,"","","","",1,60035,0.0,20.2,16.8,26.9,14.3,3.3,53.2,3.3,64.5,58.9,81.7,25.8,83.4,26.9
"A0722","San Bernardino","San Bernardino","https://www.californiahealthmaps.org?address=A0722","Female","Breast",153250,117.1,98.7,138.4,41980,129.5,101.0,167.7,20820,130.3,75.9,218.9,81590,111.9,80.1,154.0,"","","","",1,60035,0.0,20.2,16.8,26.9,14.3,3.3,53.2,3.3,64.5,58.9,81.7,25.8,83.4,26.9
"A0722","San Bernardino","San Bernardino","https://www.californiahealthmaps.org?address=A0722","Male","Lung",146925,74.5,57.0,96.1,40210,81.7,58.3,115.0,18160,"","","",80755,"","","","","","","",1,60035,0.0,20.2,16.8,26.9,14.3,3.3,53.2,3.3,64.5,58.9,81.7,25.8,83.4,26.9
"A0722","San Bernardino","San Bernardino","https://www.californiahealthmaps.org?address=A0722","Female","Lung",153250,38.2,27.7,51.6,41980,52.3,35.7,79.1,20820,"","","",81590,"","","","","","","",1,60035,0.0,20.2,16.8,26.9,14.3,3.3,53.2,3.3,64.5,58.9,81.7,25.8,83.4,26.9
"A0722","San Bernardino","San Bernardino","https://www.californiahealthmaps.org?address=A0722","Male","CRC",146925,53.7,40.2,71.0,40210,41.5,25.9,67.2,18160,123.5,63.6,269.2,80755,49.8,28.0,90.3,"","","","",1,60035,0.0,20.2,16.8,26.9,14.3,3.3,53.2,3.3,64.5,58.9,81.7,25.8,83.4,26.9
"A0722","San Bernardino","San Bernardino","https://www.californiahealthmaps.org?address=A0722","Female","CRC",153250,37.2,27.5,49.6,41980,34.6,22.0,57.9,20820,"","","",81590,"","","","","","","",1,60035,0.0,20.2,16.8,26.9,14.3,3.3,53.2,3.3,64.5,58.9,81.7,25.8,83.4,26.9
"A0722","San Bernardino","San Bernardino","https://www.californiahealthmaps.org?address=A0722","Male","Mela",146925,23.5,14.2,37.0,40210,42.4,25.7,69.6,18160,"","","",80755,"","","","","","","",1,60035,0.0,20.2,16.8,26.9,14.3,3.3,53.2,3.3,64.5,58.9,81.7,25.8,83.4,26.9
"A0722","San Bernardino","San Bernardino","https://www.californiahealthmaps.org?address=A0722","Female","Mela",153250,13.2,7.6,21.7,41980,"","","",20820,"","","",81590,"","","","","","","",1,60035,0.0,20.2,16.8,26.9,14.3,3.3,53.2,3.3,64.5,58.9,81.7,25.8,83.4,26.9
"A0722","San Bernardino","San Bernardino","https://www.californiahealthmaps.org?address=A0722","Female","Uterine",153250,35.0,25.5,47.2,41980,38.2,23.2,64.3,20820,"","","",81590,33.6,20.3,56.6,"","","","",1,60035,0.0,20.2,16.8,26.9,14.3,3.3,53.2,3.3,64.5,58.9,81.7,25.8,83.4,26.9
"A0722","San Bernardino","San Bernardino","https://www.californiahealthmaps.org?address=A0722","Male","Lymph",146925,21.7,13.8,33.7,40210,"","","",18160,"","","",80755,"","","","","","","",1,60035,0.0,20.2,16.8,26.9,14.3,3.3,53.2,3.3,64.5,58.9,81.7,25.8,83.4,26.9
"A0722","San Bernardino","San Bernardino","https://www.californiahealthmaps.org?address=A0722","Female","Lymph",153250,"","","",41980,"","","",20820,"","","",81590,"","","","","","","",1,60035,0.0,20.2,16.8,26.9,14.3,3.3,53.2,3.3,64.5,58.9,81.7,25.8,83.4,26.9
"A0722","San Bernardino","San Bernardino","https://www.californiahealthmaps.org?address=A0722","Male","Urinary",146925,"","","",40210,"","","",18160,"","","",80755,"","","","","","","",1,60035,0.0,20.2,16.8,26.9,14.3,3.3,53.2,3.3,64.5,58.9,81.7,25.8,83.4,26.9
"A0722","San Bernardino","San Bernardino","https://www.californiahealthmaps.org?address=A0722","Female","Urinary",153250,"","","",41980,"","","",20820,"","","",81590,"","","","","","","",1,60035,0.0,20.2,16.8,26.9,14.3,3.3,53.2,3.3,64.5,58.9,81.7,25.8,83.4,26.9
"A0722","San Bernardino","San Bernardino","https://www.californiahealthmaps.org?address=A0722","Male","Kidney",146925,21.4,13.0,34.2,40210,"","","",18160,"","","",80755,"","","","","","","",1,60035,0.0,20.2,16.8,26.9,14.3,3.3,53.2,3.3,64.5,58.9,81.7,25.8,83.4,26.9
"A0722","San Bernardino","San Bernardino","https://www.californiahealthmaps.org?address=A0722","Female","Kidney",153250,12.9,7.4,21.3,41980,"","","",20820,"","","",81590,"","","","","","","",1,60035,0.0,20.2,16.8,26.9,14.3,3.3,53.2,3.3,64.5,58.9,81.7,25.8,83.4,26.9
"A0722","San Bernardino","San Bernardino","https://www.californiahealthmaps.org?address=A0722","Male","Thyroid",146925,"","","",40210,"","","",18160,"","","",80755,"","","","","","","",1,60035,0.0,20.2,16.8,26.9,14.3,3.3,53.2,3.3,64.5,58.9,81.7,25.8,83.4,26.9
"A0722","San Bernardino","San Bernardino","https://www.californiahealthmaps.org?address=A0722","Female","Thyroid",153250,20.5,13.4,30.5,41980,"","","",20820,"","","",81590,"","","","","","","",1,60035,0.0,20.2,16.8,26.9,14.3,3.3,53.2,3.3,64.5,58.9,81.7,25.8,83.4,26.9
"A0722","San Bernardino","San Bernardino","https://www.californiahealthmaps.org?address=A0722","Male","Liver",146925,20.0,12.4,31.7,40210,"","","",18160,"","","",80755,"","","","","","","",1,60035,0.0,20.2,16.8,26.9,14.3,3.3,53.2,3.3,64.5,58.9,81.7,25.8,83.4,26.9
"A0722","San Bernardino","San Bernardino","https://www.californiahealthmaps.org?address=A0722","Female","Liver",153250,"","","",41980,"","","",20820,"","","",81590,"","","","","","","",1,60035,0.0,20.2,16.8,26.9,14.3,3.3,53.2,3.3,64.5,58.9,81.7,25.8,83.4,26.9
"A0722","San Bernardino","San Bernardino","https://www.californiahealthmaps.org?address=A0722","Male","Pancreas",146925,"","","",40210,"","","",18160,"","","",80755,"","","","","","","",1,60035,0.0,20.2,16.8,26.9,14.3,3.3,53.2,3.3,64.5,58.9,81.7,25.8,83.4,26.9
"A0722","San Bernardino","San Bernardino","https://www.californiahealthmaps.org?address=A0722","Female","Pancreas",153250,"","","",41980,"","","",20820,"","","",81590,"","","","","","","",1,60035,0.0,20.2,16.8,26.9,14.3,3.3,53.2,3.3,64.5,58.9,81.7,25.8,83.4,26.9
"A0722","San Bernardino","San Bernardino","https://www.californiahealthmaps.org?address=A0722","Both","AllSite",300175,440.1,413.0,468.8,82190,452.3,412.7,496.2,38980,545.6,448.8,662.2,162345,410.0,362.9,462.5,"","","","",1,60035,0.0,20.2,16.8,26.9,14.3,3.3,53.2,3.3,64.5,58.9,81.7,25.8,83.4,26.9
"A0722","San Bernardino","San Bernardino","https://www.californiahealthmaps.org?address=A0722","Both","Lung",300175,52.3,42.9,63.5,82190,64.4,50.3,83.2,38980,"","","",162345,36.2,22.0,57.0,"","","","",1,60035,0.0,20.2,16.8,26.9,14.3,3.3,53.2,3.3,64.5,58.9,81.7,25.8,83.4,26.9
"A0722","San Bernardino","San Bernardino","https://www.californiahealthmaps.org?address=A0722","Both","CRC",300175,45.4,37.1,55.3,82190,38.9,28.5,54.0,38980,72.4,43.4,122.5,162345,37.3,24.5,56.2,"","","","",1,60035,0.0,20.2,16.8,26.9,14.3,3.3,53.2,3.3,64.5,58.9,81.7,25.8,83.4,26.9
"A0722","San Bernardino","San Bernardino","https://www.californiahealthmaps.org?address=A0722","Both","Mela",300175,17.3,12.1,24.1,82190,33.3,22.6,49.3,38980,"","","",162345,"","","","","","","",1,60035,0.0,20.2,16.8,26.9,14.3,3.3,53.2,3.3,64.5,58.9,81.7,25.8,83.4,26.9
"A0722","San Bernardino","San Bernardino","https://www.californiahealthmaps.org?address=A0722","Both","Lymph",300175,15.2,10.6,21.4,82190,14.6,8.2,26.4,38980,"","","",162345,17.3,9.1,31.9,"","","","",1,60035,0.0,20.2,16.8,26.9,14.3,3.3,53.2,3.3,64.5,58.9,81.7,25.8,83.4,26.9
"A0722","San Bernardino","San Bernardino","https://www.californiahealthmaps.org?address=A0722","Both","Urinary",300175,9.9,6.1,15.4,82190,"","","",38980,"","","",162345,"","","","","","","",1,60035,0.0,20.2,16.8,26.9,14.3,3.3,53.2,3.3,64.5,58.9,81.7,25.8,83.4,26.9
"A0722","San Bernardino","San Bernardino","https://www.californiahealthmaps.org?address=A0722","Both","Kidney",300175,16.4,11.5,23.0,82190,17.0,10.0,29.3,38980,"","","",162345,17.4,9.1,32.2,"","","","",1,60035,0.0,20.2,16.8,26.9,14.3,3.3,53.2,3.3,64.5,58.9,81.7,25.8,83.4,26.9
"A0722","San Bernardino","San Bernardino","https://www.californiahealthmaps.org?address=A0722","Both","Thyroid",300175,13.1,8.8,19.0,82190,"","","",38980,"","","",162345,15.4,8.2,28.6,"","","","",1,60035,0.0,20.2,16.8,26.9,14.3,3.3,53.2,3.3,64.5,58.9,81.7,25.8,83.4,26.9
"A0722","San Bernardino","San Bernardino","https://www.californiahealthmaps.org?address=A0722","Both","Liver",300175,13.7,9.3,19.7,82190,"","","",38980,"","","",162345,27.4,15.9,45.2,"","","","",1,60035,0.0,20.2,16.8,26.9,14.3,3.3,53.2,3.3,64.5,58.9,81.7,25.8,83.4,26.9
"A0722","San Bernardino","San Bernardino","https://www.californiahealthmaps.org?address=A0722","Both","Pancreas",300175,10.6,6.7,16.2,82190,"","","",38980,"","","",162345,"","","","","","","",1,60035,0.0,20.2,16.8,26.9,14.3,3.3,53.2,3.3,64.5,58.9,81.7,25.8,83.4,26.9
