"Zone","Counties","Cities","URL","Sex","Cancer","PopTot","AAIR","LCI","UCI","White_PopTot","White_AAIR","White_LCI","White_UCI","Black_PopTot","Black_AAIR","Black_LCI","Black_UCI","Hispanic_PopTot","Hispanic_AAIR","Hispanic_LCI","Hispanic_UCI","Asian_PopTot","Asian_AAIR","Asian_LCI","Asian_UCI","QNSES","PopAll","PerRural","PerUninsured","PerForeignBorn","PerWhite","PerBlack","PerAsian","PerHispanic","PerAPI","PerDocvisit","PerFOBT","PerMammo","PerMenPrev","PerPap","PerWomenPrev"
"A0204","San Francisco","San Francisco","https://www.californiahealthmaps.org?address=A0204","Male","AllSite",158585,537.1,491.3,586.7,71185,645.1,563.1,748.1,13805,662.2,499.1,887.7,40835,369.0,295.3,457.7,26415,462.3,369.4,576.5,5,57348,0.0,14.8,32.4,44.0,6.6,19.4,25.7,19.4,66.2,60.1,79.5,26.8,85.7,25.8
"A0204","San Francisco","San Francisco","https://www.californiahealthmaps.org?address=A0204","Female","AllSite",128155,452.5,412.4,496.4,51650,524.5,449.7,622.2,"","","","",33755,391.3,322.9,471.0,27750,402.8,327.8,499.7,5,57348,0.0,14.8,32.4,44.0,6.6,19.4,25.7,19.4,66.2,60.1,79.5,26.8,85.7,25.8
"A0204","San Francisco","San Francisco","https://www.californiahealthmaps.org?address=A0204","Male","Prostate",158585,97.8,79.1,120.6,71185,94.5,65.9,149.1,13805,202.5,133.4,337.7,40835,"","","",26415,"","","",5,57348,0.0,14.8,32.4,44.0,6.6,19.4,25.7,19.4,66.2,60.1,79.5,26.8,85.7,25.8
"A0204","San Francisco","San Francisco","https://www.californiahealthmaps.org?address=A0204","Female","Breast",128155,132.1,111.4,156.8,51650,166.2,126.3,232.0,"","","","",33755,103.7,70.4,148.8,27750,135.9,95.5,200.2,5,57348,0.0,14.8,32.4,44.0,6.6,19.4,25.7,19.4,66.2,60.1,79.5,26.8,85.7,25.8
"A0204","San Francisco","San Francisco","https://www.californiahealthmaps.org?address=A0204","Male","Lung",158585,52.2,37.5,71.4,71185,57.9,35.0,109.1,13805,"","","",40835,"","","",26415,"","","",5,57348,0.0,14.8,32.4,44.0,6.6,19.4,25.7,19.4,66.2,60.1,79.5,26.8,85.7,25.8
"A0204","San Francisco","San Francisco","https://www.californiahealthmaps.org?address=A0204","Female","Lung",128155,52.8,39.4,70.7,51650,58.2,34.7,112.2,"","","","",33755,"","","",27750,"","","",5,57348,0.0,14.8,32.4,44.0,6.6,19.4,25.7,19.4,66.2,60.1,79.5,26.8,85.7,25.8
"A0204","San Francisco","San Francisco","https://www.californiahealthmaps.org?address=A0204","Male","CRC",158585,51.8,38.9,68.7,71185,56.5,36.0,105.1,13805,"","","",40835,49.4,26.8,87.6,26415,"","","",5,57348,0.0,14.8,32.4,44.0,6.6,19.4,25.7,19.4,66.2,60.1,79.5,26.8,85.7,25.8
"A0204","San Francisco","San Francisco","https://www.californiahealthmaps.org?address=A0204","Female","CRC",128155,31.5,21.3,46.2,51650,"","","","","","","",33755,"","","",27750,"","","",5,57348,0.0,14.8,32.4,44.0,6.6,19.4,25.7,19.4,66.2,60.1,79.5,26.8,85.7,25.8
"A0204","San Francisco","San Francisco","https://www.californiahealthmaps.org?address=A0204","Male","Mela",158585,32.6,22.3,47.1,71185,62.9,40.9,112.5,13805,"","","",40835,"","","",26415,"","","",5,57348,0.0,14.8,32.4,44.0,6.6,19.4,25.7,19.4,66.2,60.1,79.5,26.8,85.7,25.8
"A0204","San Francisco","San Francisco","https://www.californiahealthmaps.org?address=A0204","Female","Mela",128155,11.7,6.3,21.9,51650,"","","","","","","",33755,"","","",27750,"","","",5,57348,0.0,14.8,32.4,44.0,6.6,19.4,25.7,19.4,66.2,60.1,79.5,26.8,85.7,25.8
"A0204","San Francisco","San Francisco","https://www.californiahealthmaps.org?address=A0204","Female","Uterine",128155,36.0,25.6,50.8,51650,50.6,29.1,103.5,"","","","",33755,"","","",27750,"","","",5,57348,0.0,14.8,32.4,44.0,6.6,19.4,25.7,19.4,66.2,60.1,79.5,26.8,85.7,25.8
"A0204","San Francisco","San Francisco","https://www.californiahealthmaps.org?address=A0204","Male","Lymph",158585,36.6,25.8,51.6,71185,59.6,38.0,109.1,13805,"","","",40835,"","","",26415,"","","",5,57348,0.0,14.8,32.4,44.0,6.6,19.4,25.7,19.4,66.2,60.1,79.5,26.8,85.7,25.8
"A0204","San Francisco","San Francisco","https://www.californiahealthmaps.org?address=A0204","Female","Lymph",128155,17.8,10.8,29.4,51650,"","","","","","","",33755,"","","",27750,"","","",5,57348,0.0,14.8,32.4,44.0,6.6,19.4,25.7,19.4,66.2,60.1,79.5,26.8,85.7,25.8
"A0204","San Francisco","San Francisco","https://www.californiahealthmaps.org?address=A0204","Male","Urinary",158585,29.0,18.2,44.7,71185,41.0,20.9,91.3,13805,"","","",40835,"","","",26415,"","","",5,57348,0.0,14.8,32.4,44.0,6.6,19.4,25.7,19.4,66.2,60.1,79.5,26.8,85.7,25.8
"A0204","San Francisco","San Francisco","https://www.californiahealthmaps.org?address=A0204","Female","Urinary",128155,"","","",51650,"","","","","","","",33755,"","","",27750,"","","",5,57348,0.0,14.8,32.4,44.0,6.6,19.4,25.7,19.4,66.2,60.1,79.5,26.8,85.7,25.8
"A0204","San Francisco","San Francisco","https://www.californiahealthmaps.org?address=A0204","Male","Kidney",158585,27.8,18.2,41.8,71185,40.6,21.4,89.8,13805,"","","",40835,"","","",26415,"","","",5,57348,0.0,14.8,32.4,44.0,6.6,19.4,25.7,19.4,66.2,60.1,79.5,26.8,85.7,25.8
"A0204","San Francisco","San Francisco","https://www.californiahealthmaps.org?address=A0204","Female","Kidney",128155,"","","",51650,"","","","","","","",33755,"","","",27750,"","","",5,57348,0.0,14.8,32.4,44.0,6.6,19.4,25.7,19.4,66.2,60.1,79.5,26.8,85.7,25.8
"A0204","San Francisco","San Francisco","https://www.californiahealthmaps.org?address=A0204","Male","Thyroid",158585,"","","",71185,"","","",13805,"","","",40835,"","","",26415,"","","",5,57348,0.0,14.8,32.4,44.0,6.6,19.4,25.7,19.4,66.2,60.1,79.5,26.8,85.7,25.8
"A0204","San Francisco","San Francisco","https://www.californiahealthmaps.org?address=A0204","Female","Thyroid",128155,26.7,17.9,39.9,51650,"","","","","","","",33755,44.0,24.2,75.7,27750,"","","",5,57348,0.0,14.8,32.4,44.0,6.6,19.4,25.7,19.4,66.2,60.1,79.5,26.8,85.7,25.8
"A0204","San Francisco","San Francisco","https://www.californiahealthmaps.org?address=A0204","Male","Liver",158585,33.9,23.6,48.4,71185,36.0,19.7,82.6,13805,"","","",40835,"","","",26415,"","","",5,57348,0.0,14.8,32.4,44.0,6.6,19.4,25.7,19.4,66.2,60.1,79.5,26.8,85.7,25.8
"A0204","San Francisco","San Francisco","https://www.californiahealthmaps.org?address=A0204","Female","Liver",128155,"","","",51650,"","","","","","","",33755,"","","",27750,"","","",5,57348,0.0,14.8,32.4,44.0,6.6,19.4,25.7,19.4,66.2,60.1,79.5,26.8,85.7,25.8
"A0204","San Francisco","San Francisco","https://www.californiahealthmaps.org?address=A0204","Male","Pancreas",158585,18.3,10.3,30.9,71185,"","","",13805,"","","",40835,"","","",26415,"","","",5,57348,0.0,14.8,32.4,44.0,6.6,19.4,25.7,19.4,66.2,60.1,79.5,26.8,85.7,25.8
"A0204","San Francisco","San Francisco","https://www.californiahealthmaps.org?address=A0204","Female","Pancreas",128155,18.7,10.9,31.4,51650,"","","","","","","",33755,"","","",27750,"","","",5,57348,0.0,14.8,32.4,44.0,6.6,19.4,25.7,19.4,66.2,60.1,79.5,26.8,85.7,25.8
"A0204","San Francisco","San Francisco","https://www.californiahealthmaps.org?address=A0204","Both","AllSite",286740,485.0,455.3,516.6,122835,582.6,527.1,648.4,23425,614.4,508.5,740.6,74590,372.2,322.9,427.5,54165,407.2,351.3,472.7,5,57348,0.0,14.8,32.4,44.0,6.6,19.4,25.7,19.4,66.2,60.1,79.5,26.8,85.7,25.8
"A0204","San Francisco","San Francisco","https://www.californiahealthmaps.org?address=A0204","Both","Lung",286740,50.4,40.7,62.2,122835,56.3,39.8,86.1,23425,83.0,45.0,145.1,74590,"","","",54165,53.7,34.6,84.0,5,57348,0.0,14.8,32.4,44.0,6.6,19.4,25.7,19.4,66.2,60.1,79.5,26.8,85.7,25.8
"A0204","San Francisco","San Francisco","https://www.californiahealthmaps.org?address=A0204","Both","CRC",286740,42.6,34.2,53.2,122835,40.1,27.2,66.8,23425,"","","",74590,47.1,30.4,70.2,54165,37.2,21.9,64.0,5,57348,0.0,14.8,32.4,44.0,6.6,19.4,25.7,19.4,66.2,60.1,79.5,26.8,85.7,25.8
"A0204","San Francisco","San Francisco","https://www.californiahealthmaps.org?address=A0204","Both","Mela",286740,22.5,16.5,30.5,122835,46.8,32.7,74.4,23425,"","","",74590,"","","",54165,"","","",5,57348,0.0,14.8,32.4,44.0,6.6,19.4,25.7,19.4,66.2,60.1,79.5,26.8,85.7,25.8
"A0204","San Francisco","San Francisco","https://www.californiahealthmaps.org?address=A0204","Both","Lymph",286740,27.2,20.7,35.7,122835,42.8,29.4,70.0,23425,"","","",74590,"","","",54165,"","","",5,57348,0.0,14.8,32.4,44.0,6.6,19.4,25.7,19.4,66.2,60.1,79.5,26.8,85.7,25.8
"A0204","San Francisco","San Francisco","https://www.californiahealthmaps.org?address=A0204","Both","Urinary",286740,14.1,9.0,21.5,122835,23.5,12.5,49.9,23425,"","","",74590,"","","",54165,"","","",5,57348,0.0,14.8,32.4,44.0,6.6,19.4,25.7,19.4,66.2,60.1,79.5,26.8,85.7,25.8
"A0204","San Francisco","San Francisco","https://www.californiahealthmaps.org?address=A0204","Both","Kidney",286740,21.4,15.3,29.8,122835,26.8,15.2,53.3,23425,"","","",74590,"","","",54165,"","","",5,57348,0.0,14.8,32.4,44.0,6.6,19.4,25.7,19.4,66.2,60.1,79.5,26.8,85.7,25.8
"A0204","San Francisco","San Francisco","https://www.californiahealthmaps.org?address=A0204","Both","Thyroid",286740,13.6,9.2,20.1,122835,9.1,5.0,31.0,23425,"","","",74590,21.4,11.9,37.0,54165,"","","",5,57348,0.0,14.8,32.4,44.0,6.6,19.4,25.7,19.4,66.2,60.1,79.5,26.8,85.7,25.8
"A0204","San Francisco","San Francisco","https://www.californiahealthmaps.org?address=A0204","Both","Liver",286740,22.0,16.1,29.9,122835,23.8,14.2,48.5,23425,"","","",74590,"","","",54165,"","","",5,57348,0.0,14.8,32.4,44.0,6.6,19.4,25.7,19.4,66.2,60.1,79.5,26.8,85.7,25.8
"A0204","San Francisco","San Francisco","https://www.californiahealthmaps.org?address=A0204","Both","Pancreas",286740,18.6,12.8,26.6,122835,29.8,16.9,57.7,23425,"","","",74590,"","","",54165,"","","",5,57348,0.0,14.8,32.4,44.0,6.6,19.4,25.7,19.4,66.2,60.1,79.5,26.8,85.7,25.8
