"Zone","Counties","Cities","URL","Sex","Cancer","PopTot","AAIR","LCI","UCI","White_PopTot","White_AAIR","White_LCI","White_UCI","Black_PopTot","Black_AAIR","Black_LCI","Black_UCI","Hispanic_PopTot","Hispanic_AAIR","Hispanic_LCI","Hispanic_UCI","Asian_PopTot","Asian_AAIR","Asian_LCI","Asian_UCI","QNSES","PopAll","PerRural","PerUninsured","PerForeignBorn","PerWhite","PerBlack","PerAsian","PerHispanic","PerAPI","PerDocvisit","PerFOBT","PerMammo","PerMenPrev","PerPap","PerWomenPrev"
"A0761","Los Angeles","Los Angeles","https://www.californiahealthmaps.org?address=A0761","Male","AllSite",149125,486.1,447.7,527.4,"","","","",61730,536.6,484.7,593.6,76740,433.2,344.4,545.7,"","","","",1,63163,0.0,28.2,28.9,2.1,45.9,3.0,46.0,3.0,62.3,49.5,80.2,17.7,86.8,22.2
"A0761","Los Angeles","Los Angeles","https://www.californiahealthmaps.org?address=A0761","Female","AllSite",166690,385.9,357.8,415.9,"","","","",77855,392.4,355.8,433.1,75805,395.3,335.1,466.5,"","","","",1,63163,0.0,28.2,28.9,2.1,45.9,3.0,46.0,3.0,62.3,49.5,80.2,17.7,86.8,22.2
"A0761","Los Angeles","Los Angeles","https://www.californiahealthmaps.org?address=A0761","Male","Prostate",149125,139.1,119.1,161.8,"","","","",61730,159.1,132.1,191.3,76740,130.1,80.7,206.6,"","","","",1,63163,0.0,28.2,28.9,2.1,45.9,3.0,46.0,3.0,62.3,49.5,80.2,17.7,86.8,22.2
"A0761","Los Angeles","Los Angeles","https://www.californiahealthmaps.org?address=A0761","Female","Breast",166690,114.1,99.0,131.1,"","","","",77855,118.9,98.5,143.5,75805,104.7,77.6,143.1,"","","","",1,63163,0.0,28.2,28.9,2.1,45.9,3.0,46.0,3.0,62.3,49.5,80.2,17.7,86.8,22.2
"A0761","Los Angeles","Los Angeles","https://www.californiahealthmaps.org?address=A0761","Male","Lung",149125,56.1,43.1,72.0,"","","","",61730,67.4,50.0,90.3,76740,"","","","","","","",1,63163,0.0,28.2,28.9,2.1,45.9,3.0,46.0,3.0,62.3,49.5,80.2,17.7,86.8,22.2
"A0761","Los Angeles","Los Angeles","https://www.californiahealthmaps.org?address=A0761","Female","Lung",166690,36.8,28.6,46.8,"","","","",77855,45.8,34.6,61.4,75805,"","","","","","","",1,63163,0.0,28.2,28.9,2.1,45.9,3.0,46.0,3.0,62.3,49.5,80.2,17.7,86.8,22.2
"A0761","Los Angeles","Los Angeles","https://www.californiahealthmaps.org?address=A0761","Male","CRC",149125,54.8,42.5,69.9,"","","","",61730,58.2,42.2,79.8,76740,48.5,21.4,104.9,"","","","",1,63163,0.0,28.2,28.9,2.1,45.9,3.0,46.0,3.0,62.3,49.5,80.2,17.7,86.8,22.2
"A0761","Los Angeles","Los Angeles","https://www.californiahealthmaps.org?address=A0761","Female","CRC",166690,32.9,25.1,42.7,"","","","",77855,35.0,25.0,49.6,75805,"","","","","","","",1,63163,0.0,28.2,28.9,2.1,45.9,3.0,46.0,3.0,62.3,49.5,80.2,17.7,86.8,22.2
"A0761","Los Angeles","Los Angeles","https://www.californiahealthmaps.org?address=A0761","Male","Mela",149125,"","","","","","","",61730,"","","",76740,"","","","","","","",1,63163,0.0,28.2,28.9,2.1,45.9,3.0,46.0,3.0,62.3,49.5,80.2,17.7,86.8,22.2
"A0761","Los Angeles","Los Angeles","https://www.californiahealthmaps.org?address=A0761","Female","Mela",166690,"","","","","","","",77855,"","","",75805,"","","","","","","",1,63163,0.0,28.2,28.9,2.1,45.9,3.0,46.0,3.0,62.3,49.5,80.2,17.7,86.8,22.2
"A0761","Los Angeles","Los Angeles","https://www.californiahealthmaps.org?address=A0761","Female","Uterine",166690,33.5,25.6,43.2,"","","","",77855,31.0,21.8,44.6,75805,28.3,14.6,55.3,"","","","",1,63163,0.0,28.2,28.9,2.1,45.9,3.0,46.0,3.0,62.3,49.5,80.2,17.7,86.8,22.2
"A0761","Los Angeles","Los Angeles","https://www.californiahealthmaps.org?address=A0761","Male","Lymph",149125,21.9,14.3,32.4,"","","","",61730,22.3,12.6,38.0,76740,"","","","","","","",1,63163,0.0,28.2,28.9,2.1,45.9,3.0,46.0,3.0,62.3,49.5,80.2,17.7,86.8,22.2
"A0761","Los Angeles","Los Angeles","https://www.californiahealthmaps.org?address=A0761","Female","Lymph",166690,14.6,9.7,21.5,"","","","",77855,15.0,8.4,26.5,75805,"","","","","","","",1,63163,0.0,28.2,28.9,2.1,45.9,3.0,46.0,3.0,62.3,49.5,80.2,17.7,86.8,22.2
"A0761","Los Angeles","Los Angeles","https://www.californiahealthmaps.org?address=A0761","Male","Urinary",149125,15.8,9.4,25.4,"","","","",61730,"","","",76740,"","","","","","","",1,63163,0.0,28.2,28.9,2.1,45.9,3.0,46.0,3.0,62.3,49.5,80.2,17.7,86.8,22.2
"A0761","Los Angeles","Los Angeles","https://www.californiahealthmaps.org?address=A0761","Female","Urinary",166690,"","","","","","","",77855,"","","",75805,"","","","","","","",1,63163,0.0,28.2,28.9,2.1,45.9,3.0,46.0,3.0,62.3,49.5,80.2,17.7,86.8,22.2
"A0761","Los Angeles","Los Angeles","https://www.californiahealthmaps.org?address=A0761","Male","Kidney",149125,20.2,13.2,30.2,"","","","",61730,"","","",76740,"","","","","","","",1,63163,0.0,28.2,28.9,2.1,45.9,3.0,46.0,3.0,62.3,49.5,80.2,17.7,86.8,22.2
"A0761","Los Angeles","Los Angeles","https://www.californiahealthmaps.org?address=A0761","Female","Kidney",166690,13.8,9.0,20.6,"","","","",77855,"","","",75805,"","","","","","","",1,63163,0.0,28.2,28.9,2.1,45.9,3.0,46.0,3.0,62.3,49.5,80.2,17.7,86.8,22.2
"A0761","Los Angeles","Los Angeles","https://www.californiahealthmaps.org?address=A0761","Male","Thyroid",149125,"","","","","","","",61730,"","","",76740,"","","","","","","",1,63163,0.0,28.2,28.9,2.1,45.9,3.0,46.0,3.0,62.3,49.5,80.2,17.7,86.8,22.2
"A0761","Los Angeles","Los Angeles","https://www.californiahealthmaps.org?address=A0761","Female","Thyroid",166690,11.8,7.1,18.4,"","","","",77855,"","","",75805,"","","","","","","",1,63163,0.0,28.2,28.9,2.1,45.9,3.0,46.0,3.0,62.3,49.5,80.2,17.7,86.8,22.2
"A0761","Los Angeles","Los Angeles","https://www.californiahealthmaps.org?address=A0761","Male","Liver",149125,21.2,13.7,31.7,"","","","",61730,"","","",76740,"","","","","","","",1,63163,0.0,28.2,28.9,2.1,45.9,3.0,46.0,3.0,62.3,49.5,80.2,17.7,86.8,22.2
"A0761","Los Angeles","Los Angeles","https://www.californiahealthmaps.org?address=A0761","Female","Liver",166690,"","","","","","","",77855,"","","",75805,"","","","","","","",1,63163,0.0,28.2,28.9,2.1,45.9,3.0,46.0,3.0,62.3,49.5,80.2,17.7,86.8,22.2
"A0761","Los Angeles","Los Angeles","https://www.californiahealthmaps.org?address=A0761","Male","Pancreas",149125,21.0,13.4,31.6,"","","","",61730,25.2,14.8,41.7,76740,"","","","","","","",1,63163,0.0,28.2,28.9,2.1,45.9,3.0,46.0,3.0,62.3,49.5,80.2,17.7,86.8,22.2
"A0761","Los Angeles","Los Angeles","https://www.californiahealthmaps.org?address=A0761","Female","Pancreas",166690,13.3,8.5,20.1,"","","","",77855,17.1,10.4,28.6,75805,"","","","","","","",1,63163,0.0,28.2,28.9,2.1,45.9,3.0,46.0,3.0,62.3,49.5,80.2,17.7,86.8,22.2
"A0761","Los Angeles","Los Angeles","https://www.californiahealthmaps.org?address=A0761","Both","AllSite",315815,421.7,399.1,445.4,"","","","",139585,445.9,415.8,478.0,152545,395.1,347.0,450.4,"","","","",1,63163,0.0,28.2,28.9,2.1,45.9,3.0,46.0,3.0,62.3,49.5,80.2,17.7,86.8,22.2
"A0761","Los Angeles","Los Angeles","https://www.californiahealthmaps.org?address=A0761","Both","Lung",315815,44.2,37.0,52.4,"","","","",139585,54.2,44.4,66.2,152545,22.8,12.2,42.3,"","","","",1,63163,0.0,28.2,28.9,2.1,45.9,3.0,46.0,3.0,62.3,49.5,80.2,17.7,86.8,22.2
"A0761","Los Angeles","Los Angeles","https://www.californiahealthmaps.org?address=A0761","Both","CRC",315815,41.5,34.6,49.4,"","","","",139585,43.7,34.9,54.9,152545,40.0,24.7,64.2,"","","","",1,63163,0.0,28.2,28.9,2.1,45.9,3.0,46.0,3.0,62.3,49.5,80.2,17.7,86.8,22.2
"A0761","Los Angeles","Los Angeles","https://www.californiahealthmaps.org?address=A0761","Both","Mela",315815,"","","","","","","",139585,"","","",152545,"","","","","","","",1,63163,0.0,28.2,28.9,2.1,45.9,3.0,46.0,3.0,62.3,49.5,80.2,17.7,86.8,22.2
"A0761","Los Angeles","Los Angeles","https://www.californiahealthmaps.org?address=A0761","Both","Lymph",315815,17.4,13.1,22.8,"","","","",139585,18.0,12.3,26.2,152545,22.1,12.0,41.0,"","","","",1,63163,0.0,28.2,28.9,2.1,45.9,3.0,46.0,3.0,62.3,49.5,80.2,17.7,86.8,22.2
"A0761","Los Angeles","Los Angeles","https://www.californiahealthmaps.org?address=A0761","Both","Urinary",315815,8.8,5.8,12.9,"","","","",139585,10.3,6.2,16.8,152545,"","","","","","","",1,63163,0.0,28.2,28.9,2.1,45.9,3.0,46.0,3.0,62.3,49.5,80.2,17.7,86.8,22.2
"A0761","Los Angeles","Los Angeles","https://www.californiahealthmaps.org?address=A0761","Both","Kidney",315815,16.1,12.0,21.2,"","","","",139585,13.8,9.0,20.9,152545,23.1,13.6,40.9,"","","","",1,63163,0.0,28.2,28.9,2.1,45.9,3.0,46.0,3.0,62.3,49.5,80.2,17.7,86.8,22.2
"A0761","Los Angeles","Los Angeles","https://www.californiahealthmaps.org?address=A0761","Both","Thyroid",315815,9.2,6.1,13.5,"","","","",139585,9.9,5.5,17.0,152545,"","","","","","","",1,63163,0.0,28.2,28.9,2.1,45.9,3.0,46.0,3.0,62.3,49.5,80.2,17.7,86.8,22.2
"A0761","Los Angeles","Los Angeles","https://www.californiahealthmaps.org?address=A0761","Both","Liver",315815,11.8,8.3,16.4,"","","","",139585,9.7,5.8,16.1,152545,"","","","","","","",1,63163,0.0,28.2,28.9,2.1,45.9,3.0,46.0,3.0,62.3,49.5,80.2,17.7,86.8,22.2
"A0761","Los Angeles","Los Angeles","https://www.californiahealthmaps.org?address=A0761","Both","Pancreas",315815,16.2,12.0,21.6,"","","","",139585,20.2,14.2,28.6,152545,"","","","","","","",1,63163,0.0,28.2,28.9,2.1,45.9,3.0,46.0,3.0,62.3,49.5,80.2,17.7,86.8,22.2
