"Zone","Counties","Cities","URL","Sex","Cancer","PopTot","AAIR","LCI","UCI","White_PopTot","White_AAIR","White_LCI","White_UCI","Black_PopTot","Black_AAIR","Black_LCI","Black_UCI","Hispanic_PopTot","Hispanic_AAIR","Hispanic_LCI","Hispanic_UCI","Asian_PopTot","Asian_AAIR","Asian_LCI","Asian_UCI","QNSES","PopAll","PerRural","PerUninsured","PerForeignBorn","PerWhite","PerBlack","PerAsian","PerHispanic"
"A0970","Los Angeles","","https://www.californiahealthmaps.org?address=A0970","Male","AllSite",141165,405.7,361.1,454.9,10185,553.5,435.8,722.6,10075,391.0,193.2,848.5,114215,398.3,341.3,463.5,"","","","",1,57646,0.0,29.2,37.2,9.3,6.3,3.5,80.1
"A0970","Los Angeles","","https://www.californiahealthmaps.org?address=A0970","Female","AllSite",147065,387.5,351.2,427.1,10705,460.0,354.9,616.5,12755,437.4,301.8,634.5,115900,372.7,327.8,423.2,"","","","",1,57646,0.0,29.2,37.2,9.3,6.3,3.5,80.1
"A0970","Los Angeles","","https://www.californiahealthmaps.org?address=A0970","Male","Prostate",141165,104.5,82.8,130.9,10185,85.3,46.2,190.1,10075,"","","",114215,115.0,85.2,153.6,"","","","",1,57646,0.0,29.2,37.2,9.3,6.3,3.5,80.1
"A0970","Los Angeles","","https://www.californiahealthmaps.org?address=A0970","Female","Breast",147065,100.7,82.6,122.2,10705,107.4,59.6,218.5,12755,"","","",115900,100.2,78.6,127.2,"","","","",1,57646,0.0,29.2,37.2,9.3,6.3,3.5,80.1
"A0970","Los Angeles","","https://www.californiahealthmaps.org?address=A0970","Male","Lung",141165,55.1,38.3,77.3,10185,101.9,55.0,213.3,10075,"","","",114215,47.4,27.8,76.8,"","","","",1,57646,0.0,29.2,37.2,9.3,6.3,3.5,80.1
"A0970","Los Angeles","","https://www.californiahealthmaps.org?address=A0970","Female","Lung",147065,38.9,27.4,54.2,10705,81.9,46.4,182.5,12755,"","","",115900,"","","","","","","",1,57646,0.0,29.2,37.2,9.3,6.3,3.5,80.1
"A0970","Los Angeles","","https://www.californiahealthmaps.org?address=A0970","Male","CRC",141165,44.0,30.5,62.3,10185,"","","",10075,"","","",114215,47.2,29.8,73.4,"","","","",1,57646,0.0,29.2,37.2,9.3,6.3,3.5,80.1
"A0970","Los Angeles","","https://www.californiahealthmaps.org?address=A0970","Female","CRC",147065,37.7,26.8,52.2,10705,"","","",12755,"","","",115900,38.8,24.4,59.5,"","","","",1,57646,0.0,29.2,37.2,9.3,6.3,3.5,80.1
"A0970","Los Angeles","","https://www.californiahealthmaps.org?address=A0970","Male","Mela",141165,12.8,5.3,26.4,10185,"","","",10075,"","","",114215,"","","","","","","",1,57646,0.0,29.2,37.2,9.3,6.3,3.5,80.1
"A0970","Los Angeles","","https://www.californiahealthmaps.org?address=A0970","Female","Mela",147065,5.9,2.3,13.6,10705,"","","",12755,"","","",115900,"","","","","","","",1,57646,0.0,29.2,37.2,9.3,6.3,3.5,80.1
"A0970","Los Angeles","","https://www.californiahealthmaps.org?address=A0970","Female","Uterine",147065,37.5,27.3,51.2,10705,"","","",12755,"","","",115900,34.4,22.4,52.2,"","","","",1,57646,0.0,29.2,37.2,9.3,6.3,3.5,80.1
"A0970","Los Angeles","","https://www.californiahealthmaps.org?address=A0970","Male","Lymph",141165,12.9,6.0,25.4,10185,"","","",10075,"","","",114215,"","","","","","","",1,57646,0.0,29.2,37.2,9.3,6.3,3.5,80.1
"A0970","Los Angeles","","https://www.californiahealthmaps.org?address=A0970","Female","Lymph",147065,10.7,5.4,19.9,10705,"","","",12755,"","","",115900,"","","","","","","",1,57646,0.0,29.2,37.2,9.3,6.3,3.5,80.1
"A0970","Los Angeles","","https://www.californiahealthmaps.org?address=A0970","Male","Urinary",141165,14.6,7.0,27.8,10185,"","","",10075,"","","",114215,"","","","","","","",1,57646,0.0,29.2,37.2,9.3,6.3,3.5,80.1
"A0970","Los Angeles","","https://www.californiahealthmaps.org?address=A0970","Female","Urinary",147065,2.1,0.3,8.7,10705,"","","",12755,"","","",115900,"","","","","","","",1,57646,0.0,29.2,37.2,9.3,6.3,3.5,80.1
"A0970","Los Angeles","","https://www.californiahealthmaps.org?address=A0970","Male","Kidney",141165,24.8,15.4,39.3,10185,"","","",10075,"","","",114215,"","","","","","","",1,57646,0.0,29.2,37.2,9.3,6.3,3.5,80.1
"A0970","Los Angeles","","https://www.californiahealthmaps.org?address=A0970","Female","Kidney",147065,20.9,13.1,32.5,10705,"","","",12755,"","","",115900,22.8,12.8,39.1,"","","","",1,57646,0.0,29.2,37.2,9.3,6.3,3.5,80.1
"A0970","Los Angeles","","https://www.californiahealthmaps.org?address=A0970","Male","Thyroid",141165,0.8,0.0,8.2,10185,"","","",10075,"","","",114215,"","","","","","","",1,57646,0.0,29.2,37.2,9.3,6.3,3.5,80.1
"A0970","Los Angeles","","https://www.californiahealthmaps.org?address=A0970","Female","Thyroid",147065,14.0,8.4,23.2,10705,"","","",12755,"","","",115900,"","","","","","","",1,57646,0.0,29.2,37.2,9.3,6.3,3.5,80.1
"A0970","Los Angeles","","https://www.californiahealthmaps.org?address=A0970","Both","AllSite",288230,390.1,362.1,420.0,20890,491.4,413.8,590.9,22830,391.9,292.7,531.7,230115,378.7,343.3,417.4,10850,305.3,214.7,433.2,1,57646,0.0,29.2,37.2,9.3,6.3,3.5,80.1
"A0970","Los Angeles","","https://www.californiahealthmaps.org?address=A0970","Both","Lung",288230,44.8,35.0,56.7,20890,86.5,57.9,141.0,22830,"","","",230115,30.3,20.1,44.3,10850,"","","",1,57646,0.0,29.2,37.2,9.3,6.3,3.5,80.1
"A0970","Los Angeles","","https://www.californiahealthmaps.org?address=A0970","Both","CRC",288230,40.7,32.0,51.5,20890,47.7,25.3,99.1,22830,"","","",230115,42.7,31.2,57.8,10850,"","","",1,57646,0.0,29.2,37.2,9.3,6.3,3.5,80.1
"A0970","Los Angeles","","https://www.californiahealthmaps.org?address=A0970","Both","Mela",288230,8.7,4.7,15.1,20890,"","","",22830,"","","",230115,"","","",10850,"","","",1,57646,0.0,29.2,37.2,9.3,6.3,3.5,80.1
"A0970","Los Angeles","","https://www.californiahealthmaps.org?address=A0970","Both","Lymph",288230,11.7,7.2,18.3,20890,"","","",22830,"","","",230115,12.1,6.5,21.5,10850,"","","",1,57646,0.0,29.2,37.2,9.3,6.3,3.5,80.1
"A0970","Los Angeles","","https://www.californiahealthmaps.org?address=A0970","Both","Urinary",288230,7.5,3.9,13.5,20890,"","","",22830,"","","",230115,"","","",10850,"","","",1,57646,0.0,29.2,37.2,9.3,6.3,3.5,80.1
"A0970","Los Angeles","","https://www.californiahealthmaps.org?address=A0970","Both","Kidney",288230,22.6,16.3,30.8,20890,"","","",22830,"","","",230115,21.1,13.7,32.0,10850,"","","",1,57646,0.0,29.2,37.2,9.3,6.3,3.5,80.1
"A0970","Los Angeles","","https://www.californiahealthmaps.org?address=A0970","Both","Thyroid",288230,7.8,4.7,12.9,20890,"","","",22830,"","","",230115,8.3,4.5,15.4,10850,"","","",1,57646,0.0,29.2,37.2,9.3,6.3,3.5,80.1
