"Zone","Counties","Cities","URL","Sex","Cancer","PopTot","AAIR","LCI","UCI","White_PopTot","White_AAIR","White_LCI","White_UCI","Black_PopTot","Black_AAIR","Black_LCI","Black_UCI","Hispanic_PopTot","Hispanic_AAIR","Hispanic_LCI","Hispanic_UCI","Asian_PopTot","Asian_AAIR","Asian_LCI","Asian_UCI","QNSES","PopAll","PerRural","PerUninsured","PerForeignBorn","PerWhite","PerBlack","PerAsian","PerHispanic","PerAPI","PerDocvisit","PerFOBT","PerMammo","PerMenPrev","PerPap","PerWomenPrev"
"A0349","Riverside","Indio","https://www.californiahealthmaps.org?address=A0349","Male","AllSite",161675,508.7,478.7,540.5,74915,520.9,482.4,564.0,"","","","",76520,505.9,424.8,600.4,"","","","",3,66945,1.6,18.0,19.7,46.6,2.1,2.6,46.9,2.6,"","","","","",""
"A0349","Riverside","Indio","https://www.californiahealthmaps.org?address=A0349","Female","AllSite",173050,444.3,416.5,473.7,81870,452.2,413.9,495.8,"","","","",80340,421.8,364.9,486.3,"","","","",3,66945,1.6,18.0,19.7,46.6,2.1,2.6,46.9,2.6,"","","","","",""
"A0349","Riverside","Indio","https://www.californiahealthmaps.org?address=A0349","Male","Prostate",161675,120.2,106.3,135.9,74915,112.1,96.2,132.7,"","","","",76520,151.8,108.3,209.2,"","","","",3,66945,1.6,18.0,19.7,46.6,2.1,2.6,46.9,2.6,"","","","","",""
"A0349","Riverside","Indio","https://www.californiahealthmaps.org?address=A0349","Female","Breast",173050,139.6,123.8,157.2,81870,140.9,119.7,167.9,"","","","",80340,116.3,88.9,151.3,"","","","",3,66945,1.6,18.0,19.7,46.6,2.1,2.6,46.9,2.6,"","","","","",""
"A0349","Riverside","Indio","https://www.californiahealthmaps.org?address=A0349","Male","Lung",161675,57.6,48.3,68.8,74915,59.2,48.7,74.8,"","","","",76520,"","","","","","","",3,66945,1.6,18.0,19.7,46.6,2.1,2.6,46.9,2.6,"","","","","",""
"A0349","Riverside","Indio","https://www.californiahealthmaps.org?address=A0349","Female","Lung",173050,51.4,43.0,61.5,81870,54.2,44.2,70.0,"","","","",80340,38.4,21.0,65.1,"","","","",3,66945,1.6,18.0,19.7,46.6,2.1,2.6,46.9,2.6,"","","","","",""
"A0349","Riverside","Indio","https://www.californiahealthmaps.org?address=A0349","Male","CRC",161675,41.7,33.3,52.1,74915,38.2,27.8,54.3,"","","","",76520,58.7,32.8,99.6,"","","","",3,66945,1.6,18.0,19.7,46.6,2.1,2.6,46.9,2.6,"","","","","",""
"A0349","Riverside","Indio","https://www.californiahealthmaps.org?address=A0349","Female","CRC",173050,33.1,26.2,41.8,81870,27.4,20.1,41.2,"","","","",80340,41.8,24.5,67.8,"","","","",3,66945,1.6,18.0,19.7,46.6,2.1,2.6,46.9,2.6,"","","","","",""
"A0349","Riverside","Indio","https://www.californiahealthmaps.org?address=A0349","Male","Mela",161675,41.2,33.1,51.2,74915,53.6,41.3,71.2,"","","","",76520,"","","","","","","",3,66945,1.6,18.0,19.7,46.6,2.1,2.6,46.9,2.6,"","","","","",""
"A0349","Riverside","Indio","https://www.californiahealthmaps.org?address=A0349","Female","Mela",173050,23.1,17.1,31.0,81870,33.4,22.6,51.1,"","","","",80340,"","","","","","","",3,66945,1.6,18.0,19.7,46.6,2.1,2.6,46.9,2.6,"","","","","",""
"A0349","Riverside","Indio","https://www.californiahealthmaps.org?address=A0349","Female","Uterine",173050,23.3,17.4,30.9,81870,22.2,14.9,36.4,"","","","",80340,30.9,16.9,53.4,"","","","",3,66945,1.6,18.0,19.7,46.6,2.1,2.6,46.9,2.6,"","","","","",""
"A0349","Riverside","Indio","https://www.californiahealthmaps.org?address=A0349","Male","Lymph",161675,17.6,12.3,24.9,74915,15.6,10.5,26.8,"","","","",76520,"","","","","","","",3,66945,1.6,18.0,19.7,46.6,2.1,2.6,46.9,2.6,"","","","","",""
"A0349","Riverside","Indio","https://www.californiahealthmaps.org?address=A0349","Female","Lymph",173050,17.4,12.4,24.1,81870,15.4,10.0,28.0,"","","","",80340,"","","","","","","",3,66945,1.6,18.0,19.7,46.6,2.1,2.6,46.9,2.6,"","","","","",""
"A0349","Riverside","Indio","https://www.californiahealthmaps.org?address=A0349","Male","Urinary",161675,24.6,18.5,32.6,74915,27.8,19.7,41.6,"","","","",76520,"","","","","","","",3,66945,1.6,18.0,19.7,46.6,2.1,2.6,46.9,2.6,"","","","","",""
"A0349","Riverside","Indio","https://www.californiahealthmaps.org?address=A0349","Female","Urinary",173050,"","","",81870,"","","","","","","",80340,"","","","","","","",3,66945,1.6,18.0,19.7,46.6,2.1,2.6,46.9,2.6,"","","","","",""
"A0349","Riverside","Indio","https://www.californiahealthmaps.org?address=A0349","Male","Kidney",161675,23.8,17.5,32.0,74915,19.3,12.7,31.9,"","","","",76520,57.5,32.2,97.6,"","","","",3,66945,1.6,18.0,19.7,46.6,2.1,2.6,46.9,2.6,"","","","","",""
"A0349","Riverside","Indio","https://www.californiahealthmaps.org?address=A0349","Female","Kidney",173050,13.7,9.1,20.3,81870,15.4,8.2,30.1,"","","","",80340,"","","","","","","",3,66945,1.6,18.0,19.7,46.6,2.1,2.6,46.9,2.6,"","","","","",""
"A0349","Riverside","Indio","https://www.californiahealthmaps.org?address=A0349","Male","Thyroid",161675,11.2,7.0,17.5,74915,14.3,7.6,27.8,"","","","",76520,"","","","","","","",3,66945,1.6,18.0,19.7,46.6,2.1,2.6,46.9,2.6,"","","","","",""
"A0349","Riverside","Indio","https://www.californiahealthmaps.org?address=A0349","Female","Thyroid",173050,23.9,16.9,33.0,81870,24.0,13.0,42.9,"","","","",80340,35.6,21.6,57.5,"","","","",3,66945,1.6,18.0,19.7,46.6,2.1,2.6,46.9,2.6,"","","","","",""
"A0349","Riverside","Indio","https://www.californiahealthmaps.org?address=A0349","Male","Liver",161675,13.5,8.8,20.3,74915,9.3,4.7,20.6,"","","","",76520,"","","","","","","",3,66945,1.6,18.0,19.7,46.6,2.1,2.6,46.9,2.6,"","","","","",""
"A0349","Riverside","Indio","https://www.californiahealthmaps.org?address=A0349","Female","Liver",173050,"","","",81870,"","","","","","","",80340,"","","","","","","",3,66945,1.6,18.0,19.7,46.6,2.1,2.6,46.9,2.6,"","","","","",""
"A0349","Riverside","Indio","https://www.californiahealthmaps.org?address=A0349","Male","Pancreas",161675,14.6,10.0,21.2,74915,17.7,11.4,30.1,"","","","",76520,"","","","","","","",3,66945,1.6,18.0,19.7,46.6,2.1,2.6,46.9,2.6,"","","","","",""
"A0349","Riverside","Indio","https://www.californiahealthmaps.org?address=A0349","Female","Pancreas",173050,8.7,5.5,13.8,81870,10.0,6.0,21.6,"","","","",80340,"","","","","","","",3,66945,1.6,18.0,19.7,46.6,2.1,2.6,46.9,2.6,"","","","","",""
"A0349","Riverside","Indio","https://www.californiahealthmaps.org?address=A0349","Both","AllSite",334725,473.1,452.7,494.3,156785,483.7,456.6,513.2,"","","","",156860,446.6,399.9,498.0,"","","","",3,66945,1.6,18.0,19.7,46.6,2.1,2.6,46.9,2.6,"","","","","",""
"A0349","Riverside","Indio","https://www.californiahealthmaps.org?address=A0349","Both","Lung",334725,54.3,47.9,61.4,156785,56.6,49.3,66.4,"","","","",156860,44.5,29.3,65.2,"","","","",3,66945,1.6,18.0,19.7,46.6,2.1,2.6,46.9,2.6,"","","","","",""
"A0349","Riverside","Indio","https://www.californiahealthmaps.org?address=A0349","Both","CRC",334725,37.2,31.7,43.5,156785,32.6,26.2,41.8,"","","","",156860,48.2,33.1,68.5,"","","","",3,66945,1.6,18.0,19.7,46.6,2.1,2.6,46.9,2.6,"","","","","",""
"A0349","Riverside","Indio","https://www.californiahealthmaps.org?address=A0349","Both","Mela",334725,31.5,26.4,37.4,156785,43.0,34.6,54.1,"","","","",156860,"","","","","","","",3,66945,1.6,18.0,19.7,46.6,2.1,2.6,46.9,2.6,"","","","","",""
"A0349","Riverside","Indio","https://www.californiahealthmaps.org?address=A0349","Both","Lymph",334725,17.7,14.0,22.3,156785,15.6,11.8,22.4,"","","","",156860,15.7,8.6,27.8,"","","","",3,66945,1.6,18.0,19.7,46.6,2.1,2.6,46.9,2.6,"","","","","",""
"A0349","Riverside","Indio","https://www.californiahealthmaps.org?address=A0349","Both","Urinary",334725,13.7,10.6,17.8,156785,15.7,11.6,22.8,"","","","",156860,"","","","","","","",3,66945,1.6,18.0,19.7,46.6,2.1,2.6,46.9,2.6,"","","","","",""
"A0349","Riverside","Indio","https://www.californiahealthmaps.org?address=A0349","Both","Kidney",334725,18.2,14.3,23.0,156785,16.8,11.8,24.9,"","","","",156860,32.5,20.6,49.5,"","","","",3,66945,1.6,18.0,19.7,46.6,2.1,2.6,46.9,2.6,"","","","","",""
"A0349","Riverside","Indio","https://www.californiahealthmaps.org?address=A0349","Both","Thyroid",334725,17.9,13.6,23.2,156785,19.1,12.4,29.2,"","","","",156860,21.5,13.2,34.5,"","","","",3,66945,1.6,18.0,19.7,46.6,2.1,2.6,46.9,2.6,"","","","","",""
"A0349","Riverside","Indio","https://www.californiahealthmaps.org?address=A0349","Both","Liver",334725,8.4,5.9,11.9,156785,5.1,2.9,10.9,"","","","",156860,"","","","","","","",3,66945,1.6,18.0,19.7,46.6,2.1,2.6,46.9,2.6,"","","","","",""
"A0349","Riverside","Indio","https://www.californiahealthmaps.org?address=A0349","Both","Pancreas",334725,11.4,8.6,15.2,156785,13.5,9.8,20.3,"","","","",156860,"","","","","","","",3,66945,1.6,18.0,19.7,46.6,2.1,2.6,46.9,2.6,"","","","","",""
