"Zone","Counties","Cities","URL","Sex","Cancer","PopTot","AAIR","LCI","UCI","White_PopTot","White_AAIR","White_LCI","White_UCI","Black_PopTot","Black_AAIR","Black_LCI","Black_UCI","Hispanic_PopTot","Hispanic_AAIR","Hispanic_LCI","Hispanic_UCI","Asian_PopTot","Asian_AAIR","Asian_LCI","Asian_UCI","QNSES","PopAll","PerRural","PerUninsured","PerForeignBorn","PerWhite","PerBlack","PerAsian","PerHispanic"
"A0699","San Diego","Escondido, San Marcos","https://www.californiahealthmaps.org?address=A0699","Male","AllSite",153895,445.8,409.6,484.6,64270,462.8,418.1,512.6,"","","","",73685,399.6,314.7,503.2,"","","","",2,62423,0.5,23.6,24.7,47.8,1.8,4.7,43.8
"A0699","San Diego","Escondido, San Marcos","https://www.californiahealthmaps.org?address=A0699","Female","AllSite",158220,414.8,383.6,447.9,70400,417.0,377.2,461.7,"","","","",71180,328.4,269.3,400.6,"","","","",2,62423,0.5,23.6,24.7,47.8,1.8,4.7,43.8
"A0699","San Diego","Escondido, San Marcos","https://www.californiahealthmaps.org?address=A0699","Male","Prostate",153895,108.6,91.0,128.9,64270,105.1,84.8,130.6,"","","","",73685,109.4,67.8,170.5,"","","","",2,62423,0.5,23.6,24.7,47.8,1.8,4.7,43.8
"A0699","San Diego","Escondido, San Marcos","https://www.californiahealthmaps.org?address=A0699","Female","Breast",158220,145.3,126.9,165.8,70400,147.1,123.6,175.8,"","","","",71180,115.7,82.3,162.7,"","","","",2,62423,0.5,23.6,24.7,47.8,1.8,4.7,43.8
"A0699","San Diego","Escondido, San Marcos","https://www.californiahealthmaps.org?address=A0699","Male","Lung",153895,49.9,38.0,64.5,64270,52.3,38.3,71.7,"","","","",73685,"","","","","","","",2,62423,0.5,23.6,24.7,47.8,1.8,4.7,43.8
"A0699","San Diego","Escondido, San Marcos","https://www.californiahealthmaps.org?address=A0699","Female","Lung",158220,36.3,27.7,46.9,70400,41.9,30.9,58.3,"","","","",71180,"","","","","","","",2,62423,0.5,23.6,24.7,47.8,1.8,4.7,43.8
"A0699","San Diego","Escondido, San Marcos","https://www.californiahealthmaps.org?address=A0699","Male","CRC",153895,44.1,33.2,57.6,64270,32.8,21.8,49.6,"","","","",73685,68.4,37.7,118.6,"","","","",2,62423,0.5,23.6,24.7,47.8,1.8,4.7,43.8
"A0699","San Diego","Escondido, San Marcos","https://www.californiahealthmaps.org?address=A0699","Female","CRC",158220,27.9,20.4,37.4,70400,32.3,22.3,48.0,"","","","",71180,"","","","","","","",2,62423,0.5,23.6,24.7,47.8,1.8,4.7,43.8
"A0699","San Diego","Escondido, San Marcos","https://www.californiahealthmaps.org?address=A0699","Male","Mela",153895,40.5,30.1,53.7,64270,55.2,40.4,75.5,"","","","",73685,"","","","","","","",2,62423,0.5,23.6,24.7,47.8,1.8,4.7,43.8
"A0699","San Diego","Escondido, San Marcos","https://www.californiahealthmaps.org?address=A0699","Female","Mela",158220,21.2,14.5,30.1,70400,25.5,15.1,42.2,"","","","",71180,"","","","","","","",2,62423,0.5,23.6,24.7,47.8,1.8,4.7,43.8
"A0699","San Diego","Escondido, San Marcos","https://www.californiahealthmaps.org?address=A0699","Female","Uterine",158220,33.4,24.9,44.1,70400,25.9,16.9,40.7,"","","","",71180,"","","","","","","",2,62423,0.5,23.6,24.7,47.8,1.8,4.7,43.8
"A0699","San Diego","Escondido, San Marcos","https://www.californiahealthmaps.org?address=A0699","Male","Lymph",153895,13.2,7.9,21.3,64270,"","","","","","","",73685,"","","","","","","",2,62423,0.5,23.6,24.7,47.8,1.8,4.7,43.8
"A0699","San Diego","Escondido, San Marcos","https://www.californiahealthmaps.org?address=A0699","Female","Lymph",158220,12.2,7.5,19.0,70400,12.8,7.0,25.0,"","","","",71180,"","","","","","","",2,62423,0.5,23.6,24.7,47.8,1.8,4.7,43.8
"A0699","San Diego","Escondido, San Marcos","https://www.californiahealthmaps.org?address=A0699","Male","Urinary",153895,20.8,13.4,30.9,64270,23.7,14.5,38.8,"","","","",73685,"","","","","","","",2,62423,0.5,23.6,24.7,47.8,1.8,4.7,43.8
"A0699","San Diego","Escondido, San Marcos","https://www.californiahealthmaps.org?address=A0699","Female","Urinary",158220,6.4,3.1,12.0,70400,"","","","","","","",71180,"","","","","","","",2,62423,0.5,23.6,24.7,47.8,1.8,4.7,43.8
"A0699","San Diego","Escondido, San Marcos","https://www.californiahealthmaps.org?address=A0699","Male","Kidney",153895,21.1,13.9,31.0,64270,20.5,12.1,35.0,"","","","",73685,"","","","","","","",2,62423,0.5,23.6,24.7,47.8,1.8,4.7,43.8
"A0699","San Diego","Escondido, San Marcos","https://www.californiahealthmaps.org?address=A0699","Female","Kidney",158220,18.4,12.4,26.4,70400,17.0,10.4,29.6,"","","","",71180,"","","","","","","",2,62423,0.5,23.6,24.7,47.8,1.8,4.7,43.8
"A0699","San Diego","Escondido, San Marcos","https://www.californiahealthmaps.org?address=A0699","Male","Thyroid",153895,7.5,3.5,14.3,64270,"","","","","","","",73685,"","","","","","","",2,62423,0.5,23.6,24.7,47.8,1.8,4.7,43.8
"A0699","San Diego","Escondido, San Marcos","https://www.californiahealthmaps.org?address=A0699","Female","Thyroid",158220,17.2,11.3,25.2,70400,"","","","","","","",71180,"","","","","","","",2,62423,0.5,23.6,24.7,47.8,1.8,4.7,43.8
"A0699","San Diego","Escondido, San Marcos","https://www.californiahealthmaps.org?address=A0699","Both","AllSite",312115,422.2,398.9,446.7,134670,432.7,403.1,464.7,"","","","",144865,351.7,301.9,408.8,17750,442.2,352.2,552.1,2,62423,0.5,23.6,24.7,47.8,1.8,4.7,43.8
"A0699","San Diego","Escondido, San Marcos","https://www.californiahealthmaps.org?address=A0699","Both","Lung",312115,42.1,34.9,50.5,134670,46.2,37.4,57.6,"","","","",144865,"","","",17750,"","","",2,62423,0.5,23.6,24.7,47.8,1.8,4.7,43.8
"A0699","San Diego","Escondido, San Marcos","https://www.californiahealthmaps.org?address=A0699","Both","CRC",312115,34.9,28.5,42.5,134670,32.1,24.6,42.3,"","","","",144865,40.0,24.4,63.7,17750,"","","",2,62423,0.5,23.6,24.7,47.8,1.8,4.7,43.8
"A0699","San Diego","Escondido, San Marcos","https://www.californiahealthmaps.org?address=A0699","Both","Mela",312115,28.8,22.9,35.9,134670,37.7,28.9,49.2,"","","","",144865,"","","",17750,"","","",2,62423,0.5,23.6,24.7,47.8,1.8,4.7,43.8
"A0699","San Diego","Escondido, San Marcos","https://www.californiahealthmaps.org?address=A0699","Both","Lymph",312115,12.5,8.9,17.2,134670,13.4,8.8,20.9,"","","","",144865,"","","",17750,"","","",2,62423,0.5,23.6,24.7,47.8,1.8,4.7,43.8
"A0699","San Diego","Escondido, San Marcos","https://www.californiahealthmaps.org?address=A0699","Both","Urinary",312115,12.7,8.9,17.7,134670,14.3,9.5,22.0,"","","","",144865,"","","",17750,"","","",2,62423,0.5,23.6,24.7,47.8,1.8,4.7,43.8
"A0699","San Diego","Escondido, San Marcos","https://www.californiahealthmaps.org?address=A0699","Both","Kidney",312115,19.5,14.8,25.3,134670,18.5,13.0,26.8,"","","","",144865,"","","",17750,"","","",2,62423,0.5,23.6,24.7,47.8,1.8,4.7,43.8
"A0699","San Diego","Escondido, San Marcos","https://www.californiahealthmaps.org?address=A0699","Both","Thyroid",312115,12.3,8.6,17.1,134670,12.4,7.4,20.5,"","","","",144865,"","","",17750,"","","",2,62423,0.5,23.6,24.7,47.8,1.8,4.7,43.8
