"Zone","Counties","Cities","URL","Sex","Cancer","PopTot","AAIR","LCI","UCI","White_PopTot","White_AAIR","White_LCI","White_UCI","Black_PopTot","Black_AAIR","Black_LCI","Black_UCI","Hispanic_PopTot","Hispanic_AAIR","Hispanic_LCI","Hispanic_UCI","Asian_PopTot","Asian_AAIR","Asian_LCI","Asian_UCI","QNSES","PopAll","PerRural","PerUninsured","PerForeignBorn","PerWhite","PerBlack","PerAsian","PerHispanic"
"A0464","San Diego","San Diego","https://www.californiahealthmaps.org?address=A0464","Male","AllSite",164240,521.1,478.8,566.5,93680,544.9,494.7,599.8,13150,623.8,421.2,962.0,31835,447.7,319.9,619.0,16320,347.8,239.3,495.8,4,66131,0.0,12.2,14.8,56.1,6.8,12.0,19.7
"A0464","San Diego","San Diego","https://www.californiahealthmaps.org?address=A0464","Female","AllSite",166415,425.7,391.5,462.2,91960,446.7,403.9,494.5,11015,464.1,285.4,734.5,33715,385.9,300.0,492.1,20115,417.6,323.7,538.2,4,66131,0.0,12.2,14.8,56.1,6.8,12.0,19.7
"A0464","San Diego","San Diego","https://www.californiahealthmaps.org?address=A0464","Male","Prostate",164240,119.0,98.7,142.6,93680,113.3,90.7,141.1,13150,"","","",31835,"","","",16320,"","","",4,66131,0.0,12.2,14.8,56.1,6.8,12.0,19.7
"A0464","San Diego","San Diego","https://www.californiahealthmaps.org?address=A0464","Female","Breast",166415,140.3,121.0,162.1,91960,146.7,122.5,176.1,11015,"","","",33715,138.8,88.6,210.6,20115,126.2,78.3,202.7,4,66131,0.0,12.2,14.8,56.1,6.8,12.0,19.7
"A0464","San Diego","San Diego","https://www.californiahealthmaps.org?address=A0464","Male","Lung",164240,56.6,43.0,73.5,93680,62.3,46.1,83.7,13150,"","","",31835,"","","",16320,"","","",4,66131,0.0,12.2,14.8,56.1,6.8,12.0,19.7
"A0464","San Diego","San Diego","https://www.californiahealthmaps.org?address=A0464","Female","Lung",166415,46.8,35.7,60.4,91960,48.6,35.5,67.2,11015,"","","",33715,"","","",20115,"","","",4,66131,0.0,12.2,14.8,56.1,6.8,12.0,19.7
"A0464","San Diego","San Diego","https://www.californiahealthmaps.org?address=A0464","Male","CRC",164240,50.4,37.9,66.2,93680,53.2,38.5,73.1,13150,"","","",31835,"","","",16320,"","","",4,66131,0.0,12.2,14.8,56.1,6.8,12.0,19.7
"A0464","San Diego","San Diego","https://www.californiahealthmaps.org?address=A0464","Female","CRC",166415,38.4,28.5,50.9,91960,35.9,24.4,53.0,11015,"","","",33715,"","","",20115,"","","",4,66131,0.0,12.2,14.8,56.1,6.8,12.0,19.7
"A0464","San Diego","San Diego","https://www.californiahealthmaps.org?address=A0464","Male","Mela",164240,34.4,24.0,48.0,93680,41.4,28.5,59.8,13150,"","","",31835,"","","",16320,"","","",4,66131,0.0,12.2,14.8,56.1,6.8,12.0,19.7
"A0464","San Diego","San Diego","https://www.californiahealthmaps.org?address=A0464","Female","Mela",166415,22.9,15.6,32.7,91960,32.8,21.9,49.4,11015,"","","",33715,"","","",20115,"","","",4,66131,0.0,12.2,14.8,56.1,6.8,12.0,19.7
"A0464","San Diego","San Diego","https://www.californiahealthmaps.org?address=A0464","Female","Uterine",166415,20.2,13.4,29.6,91960,18.7,10.9,32.4,11015,"","","",33715,"","","",20115,"","","",4,66131,0.0,12.2,14.8,56.1,6.8,12.0,19.7
"A0464","San Diego","San Diego","https://www.californiahealthmaps.org?address=A0464","Male","Lymph",164240,39.6,28.6,54.0,93680,43.6,29.8,62.9,13150,"","","",31835,"","","",16320,"","","",4,66131,0.0,12.2,14.8,56.1,6.8,12.0,19.7
"A0464","San Diego","San Diego","https://www.californiahealthmaps.org?address=A0464","Female","Lymph",166415,15.5,9.6,24.0,91960,"","","",11015,"","","",33715,"","","",20115,"","","",4,66131,0.0,12.2,14.8,56.1,6.8,12.0,19.7
"A0464","San Diego","San Diego","https://www.californiahealthmaps.org?address=A0464","Male","Urinary",164240,14.8,8.3,24.7,93680,"","","",13150,"","","",31835,"","","",16320,"","","",4,66131,0.0,12.2,14.8,56.1,6.8,12.0,19.7
"A0464","San Diego","San Diego","https://www.californiahealthmaps.org?address=A0464","Female","Urinary",166415,3.0,0.8,8.2,91960,"","","",11015,"","","",33715,"","","",20115,"","","",4,66131,0.0,12.2,14.8,56.1,6.8,12.0,19.7
"A0464","San Diego","San Diego","https://www.californiahealthmaps.org?address=A0464","Male","Kidney",164240,16.1,9.8,25.7,93680,"","","",13150,"","","",31835,"","","",16320,"","","",4,66131,0.0,12.2,14.8,56.1,6.8,12.0,19.7
"A0464","San Diego","San Diego","https://www.californiahealthmaps.org?address=A0464","Female","Kidney",166415,12.2,6.9,20.2,91960,"","","",11015,"","","",33715,"","","",20115,"","","",4,66131,0.0,12.2,14.8,56.1,6.8,12.0,19.7
"A0464","San Diego","San Diego","https://www.californiahealthmaps.org?address=A0464","Male","Thyroid",164240,9.6,5.0,17.4,93680,"","","",13150,"","","",31835,"","","",16320,"","","",4,66131,0.0,12.2,14.8,56.1,6.8,12.0,19.7
"A0464","San Diego","San Diego","https://www.californiahealthmaps.org?address=A0464","Female","Thyroid",166415,21.0,14.3,30.3,91960,24.3,14.9,39.7,11015,"","","",33715,"","","",20115,"","","",4,66131,0.0,12.2,14.8,56.1,6.8,12.0,19.7
"A0464","San Diego","San Diego","https://www.californiahealthmaps.org?address=A0464","Both","AllSite",330655,462.9,436.4,490.7,185640,486.0,453.7,520.8,24165,546.1,407.9,724.2,65550,392.0,322.8,473.4,36435,384.5,313.2,469.6,4,66131,0.0,12.2,14.8,56.1,6.8,12.0,19.7
"A0464","San Diego","San Diego","https://www.californiahealthmaps.org?address=A0464","Both","Lung",330655,50.6,41.9,60.6,185640,54.3,43.9,67.2,24165,"","","",65550,"","","",36435,"","","",4,66131,0.0,12.2,14.8,56.1,6.8,12.0,19.7
"A0464","San Diego","San Diego","https://www.californiahealthmaps.org?address=A0464","Both","CRC",330655,43.6,35.7,53.0,185640,44.0,34.6,56.0,24165,"","","",65550,"","","",36435,56.2,31.7,95.7,4,66131,0.0,12.2,14.8,56.1,6.8,12.0,19.7
"A0464","San Diego","San Diego","https://www.californiahealthmaps.org?address=A0464","Both","Mela",330655,27.2,21.1,34.7,185640,35.5,27.2,46.4,24165,"","","",65550,"","","",36435,"","","",4,66131,0.0,12.2,14.8,56.1,6.8,12.0,19.7
"A0464","San Diego","San Diego","https://www.californiahealthmaps.org?address=A0464","Both","Lymph",330655,26.7,20.6,34.3,185640,28.0,20.4,38.3,24165,"","","",65550,"","","",36435,"","","",4,66131,0.0,12.2,14.8,56.1,6.8,12.0,19.7
"A0464","San Diego","San Diego","https://www.californiahealthmaps.org?address=A0464","Both","Urinary",330655,8.2,5.0,13.0,185640,9.3,5.3,16.2,24165,"","","",65550,"","","",36435,"","","",4,66131,0.0,12.2,14.8,56.1,6.8,12.0,19.7
"A0464","San Diego","San Diego","https://www.californiahealthmaps.org?address=A0464","Both","Kidney",330655,14.1,9.9,19.8,185640,14.3,9.3,22.1,24165,"","","",65550,"","","",36435,"","","",4,66131,0.0,12.2,14.8,56.1,6.8,12.0,19.7
"A0464","San Diego","San Diego","https://www.californiahealthmaps.org?address=A0464","Both","Thyroid",330655,15.2,11.0,20.7,185640,17.5,11.9,25.8,24165,"","","",65550,"","","",36435,"","","",4,66131,0.0,12.2,14.8,56.1,6.8,12.0,19.7
