"Zone","URL","Sex","Cancer","Years","Counties","Places","AAIR","LCI","UCI","White_PopTot","White_AAIR","White_LCI","White_UCI","Black_PopTot","Black_AAIR","Black_LCI","Black_UCI","TotalPop","PctMinority","PctHispanic","PctBlackNH","PctRural","PctBelowPov","PctEducLHS","PctEducBch","PctNoHealthIns"
"A9010","https://www.example.com?address=A9010","Both","AllSite","05yrs","Caddo","Shreveport",447.0,425.4,469.6,207391,449.1,423.5,476.0,86956,456.1,411.3,504.4,63250,33.99,3.59,26.13,0.25,15.75,9.48,37.49,13.44
"A9010","https://www.example.com?address=A9010","Female","AllSite","05yrs","Caddo","Shreveport",390.8,363.1,420.1,109118,401.2,367.8,437.1,46287,367.4,313.7,427.7,63250,33.99,3.59,26.13,0.25,15.75,9.48,37.49,13.44
"A9010","https://www.example.com?address=A9010","Male","AllSite","05yrs","Caddo","Shreveport",530.4,495.3,567.4,98273,522.6,482.0,565.9,40669,577.2,500.9,661.6,63250,33.99,3.59,26.13,0.25,15.75,9.48,37.49,13.44
"A9010","https://www.example.com?address=A9010","Male","Prostate","05yrs","Caddo","Shreveport",134.1,117.2,153.0,98273,131.5,112.0,153.7,40669,158.3,120.3,204.4,63250,33.99,3.59,26.13,0.25,15.75,9.48,37.49,13.44
"A9010","https://www.example.com?address=A9010","Both","Lung","05yrs","Caddo","Shreveport",62.7,55.0,71.2,207391,61.2,52.4,71.1,86956,71.0,54.5,91.1,63250,33.99,3.59,26.13,0.25,15.75,9.48,37.49,13.44
"A9010","https://www.example.com?address=A9010","Female","Lung","05yrs","Caddo","Shreveport",47.2,38.5,57.4,109118,46.1,36.2,58.2,46287,52.1,34.0,76.6,63250,33.99,3.59,26.13,0.25,15.75,9.48,37.49,13.44
"A9010","https://www.example.com?address=A9010","Male","Lung","05yrs","Caddo","Shreveport",84.0,70.6,99.3,98273,82.0,66.7,100.0,40669,96.3,66.9,134.2,63250,33.99,3.59,26.13,0.25,15.75,9.48,37.49,13.44
"A9010","https://www.example.com?address=A9010","Female","Breast","05yrs","Caddo","Shreveport",115.4,100.3,132.3,109118,121.4,102.9,142.6,46287,96.3,69.2,130.4,63250,33.99,3.59,26.13,0.25,15.75,9.48,37.49,13.44
"A9010","https://www.example.com?address=A9010","Both","CRC","05yrs","Caddo","Shreveport",40.0,33.7,47.1,207391,33.8,27.2,41.8,86956,63.2,47.0,83.2,63250,33.99,3.59,26.13,0.25,15.75,9.48,37.49,13.44
"A9010","https://www.example.com?address=A9010","Female","CRC","05yrs","Caddo","Shreveport",38.4,30.1,48.4,109118,31.8,23.2,43.0,46287,60.8,40.2,88.3,63250,33.99,3.59,26.13,0.25,15.75,9.48,37.49,13.44
"A9010","https://www.example.com?address=A9010","Male","CRC","05yrs","Caddo","Shreveport",43.6,34.0,55.1,98273,36.9,26.9,49.7,40669,70.8,44.8,105.8,63250,33.99,3.59,26.13,0.25,15.75,9.48,37.49,13.44
"A9010","https://www.example.com?address=A9010","Both","Kidney","05yrs","Caddo","Shreveport",15.6,11.8,20.4,207391,17.3,12.4,23.6,86956,"","","",63250,33.99,3.59,26.13,0.25,15.75,9.48,37.49,13.44
"A9010","https://www.example.com?address=A9010","Female","Kidney","05yrs","Caddo","Shreveport",9.0,5.2,14.6,109118,11.0,5.8,19.0,46287,"","","",63250,33.99,3.59,26.13,0.25,15.75,9.48,37.49,13.44
"A9010","https://www.example.com?address=A9010","Male","Kidney","05yrs","Caddo","Shreveport",23.7,16.7,32.5,98273,25.0,16.6,36.4,40669,"","","",63250,33.99,3.59,26.13,0.25,15.75,9.48,37.49,13.44
"A9010","https://www.example.com?address=A9010","Both","NHL","05yrs","Caddo","Shreveport",20.4,15.9,25.9,207391,20.7,15.2,27.5,86956,"","","",63250,33.99,3.59,26.13,0.25,15.75,9.48,37.49,13.44
"A9010","https://www.example.com?address=A9010","Female","NHL","05yrs","Caddo","Shreveport",15.4,10.2,22.5,109118,18.5,11.4,28.6,46287,"","","",63250,33.99,3.59,26.13,0.25,15.75,9.48,37.49,13.44
"A9010","https://www.example.com?address=A9010","Male","NHL","05yrs","Caddo","Shreveport",27.2,19.6,36.8,98273,24.2,15.9,35.5,40669,"","","",63250,33.99,3.59,26.13,0.25,15.75,9.48,37.49,13.44
"A9010","https://www.example.com?address=A9010","Both","Urinary","05yrs","Caddo","Shreveport",14.7,11.1,19.1,207391,17.7,13.2,23.5,86956,"","","",63250,33.99,3.59,26.13,0.25,15.75,9.48,37.49,13.44
"A9010","https://www.example.com?address=A9010","Female","Urinary","05yrs","Caddo","Shreveport","","","",109118,"","","",46287,"","","",63250,33.99,3.59,26.13,0.25,15.75,9.48,37.49,13.44
"A9010","https://www.example.com?address=A9010","Male","Urinary","05yrs","Caddo","Shreveport",27.4,19.9,36.9,98273,32.5,23.2,44.7,40669,"","","",63250,33.99,3.59,26.13,0.25,15.75,9.48,37.49,13.44
"A9010","https://www.example.com?address=A9010","Both","Mela","05yrs","Caddo","Shreveport",17.7,13.4,22.9,207391,25.1,19.0,32.6,86956,"","","",63250,33.99,3.59,26.13,0.25,15.75,9.48,37.49,13.44
"A9010","https://www.example.com?address=A9010","Female","Mela","05yrs","Caddo","Shreveport",12.9,8.2,19.4,109118,18.8,11.7,28.6,46287,"","","",63250,33.99,3.59,26.13,0.25,15.75,9.48,37.49,13.44
"A9010","https://www.example.com?address=A9010","Male","Mela","05yrs","Caddo","Shreveport",24.5,17.2,33.9,98273,34.0,23.7,47.3,40669,"","","",63250,33.99,3.59,26.13,0.25,15.75,9.48,37.49,13.44
"A9010","https://www.example.com?address=A9010","Both","Pancreas","05yrs","Caddo","Shreveport",10.5,7.6,14.3,207391,10.9,7.6,15.6,86956,"","","",63250,33.99,3.59,26.13,0.25,15.75,9.48,37.49,13.44
"A9010","https://www.example.com?address=A9010","Female","Pancreas","05yrs","Caddo","Shreveport",9.5,5.9,14.9,109118,9.8,5.6,16.5,46287,"","","",63250,33.99,3.59,26.13,0.25,15.75,9.48,37.49,13.44
"A9010","https://www.example.com?address=A9010","Male","Pancreas","05yrs","Caddo","Shreveport",12.4,7.7,19.0,98273,13.0,7.6,21.2,40669,"","","",63250,33.99,3.59,26.13,0.25,15.75,9.48,37.49,13.44
"A9010","https://www.example.com?address=A9010","Both","Leuks","05yrs","Caddo","Shreveport",18.3,14.1,23.3,207391,19.3,14.4,25.5,86956,"","","",63250,33.99,3.59,26.13,0.25,15.75,9.48,37.49,13.44
"A9010","https://www.example.com?address=A9010","Female","Leuks","05yrs","Caddo","Shreveport",10.7,6.6,16.5,109118,10.5,5.7,18.0,46287,"","","",63250,33.99,3.59,26.13,0.25,15.75,9.48,37.49,13.44
"A9010","https://www.example.com?address=A9010","Male","Leuks","05yrs","Caddo","Shreveport",28.9,21.1,38.7,98273,31.6,22.4,43.7,40669,"","","",63250,33.99,3.59,26.13,0.25,15.75,9.48,37.49,13.44
"A9010","https://www.example.com?address=A9010","Both","Oral","05yrs","Caddo","Shreveport",12.1,8.5,16.6,207391,9.2,5.7,14.2,86956,20.9,11.9,33.7,63250,33.99,3.59,26.13,0.25,15.75,9.48,37.49,13.44
"A9010","https://www.example.com?address=A9010","Female","Oral","05yrs","Caddo","Shreveport","","","",109118,"","","",46287,"","","",63250,33.99,3.59,26.13,0.25,15.75,9.48,37.49,13.44
"A9010","https://www.example.com?address=A9010","Male","Oral","05yrs","Caddo","Shreveport",19.1,12.6,27.6,98273,"","","",40669,"","","",63250,33.99,3.59,26.13,0.25,15.75,9.48,37.49,13.44
"A9010","https://www.example.com?address=A9010","Both","Thyroid","05yrs","Caddo","Shreveport",14.2,10.3,19.0,207391,16.0,11.0,22.5,86956,"","","",63250,33.99,3.59,26.13,0.25,15.75,9.48,37.49,13.44
"A9010","https://www.example.com?address=A9010","Female","Thyroid","05yrs","Caddo","Shreveport",18.0,12.1,25.7,109118,21.2,13.5,31.7,46287,"","","",63250,33.99,3.59,26.13,0.25,15.75,9.48,37.49,13.44
"A9010","https://www.example.com?address=A9010","Male","Thyroid","05yrs","Caddo","Shreveport","","","",98273,"","","",40669,"","","",63250,33.99,3.59,26.13,0.25,15.75,9.48,37.49,13.44
"A9010","https://www.example.com?address=A9010","Female","Uterine","05yrs","Caddo","Shreveport",20.9,15.3,28.2,109118,19.9,13.4,28.9,46287,"","","",63250,33.99,3.59,26.13,0.25,15.75,9.48,37.49,13.44
"A9010","https://www.example.com?address=A9010","Both","Liver","05yrs","Caddo","Shreveport",8.8,6.1,12.4,207391,7.7,4.8,12.0,86956,"","","",63250,33.99,3.59,26.13,0.25,15.75,9.48,37.49,13.44
"A9010","https://www.example.com?address=A9010","Female","Liver","05yrs","Caddo","Shreveport","","","",109118,"","","",46287,"","","",63250,33.99,3.59,26.13,0.25,15.75,9.48,37.49,13.44
"A9010","https://www.example.com?address=A9010","Male","Liver","05yrs","Caddo","Shreveport",16.5,11.0,24.0,98273,15.1,9.0,24.1,40669,"","","",63250,33.99,3.59,26.13,0.25,15.75,9.48,37.49,13.44
"A9010","https://www.example.com?address=A9010","Both","Stomach","05yrs","Caddo","Shreveport",7.7,5.1,11.3,207391,"","","",86956,"","","",63250,33.99,3.59,26.13,0.25,15.75,9.48,37.49,13.44
"A9010","https://www.example.com?address=A9010","Female","Stomach","05yrs","Caddo","Shreveport","","","",109118,"","","",46287,"","","",63250,33.99,3.59,26.13,0.25,15.75,9.48,37.49,13.44
"A9010","https://www.example.com?address=A9010","Male","Stomach","05yrs","Caddo","Shreveport",9.7,5.5,16.0,98273,"","","",40669,"","","",63250,33.99,3.59,26.13,0.25,15.75,9.48,37.49,13.44
"A9010","https://www.example.com?address=A9010","Both","Myeloma","05yrs","Caddo","Shreveport",6.3,4.0,9.4,207391,"","","",86956,"","","",63250,33.99,3.59,26.13,0.25,15.75,9.48,37.49,13.44
"A9010","https://www.example.com?address=A9010","Female","Myeloma","05yrs","Caddo","Shreveport","","","",109118,"","","",46287,"","","",63250,33.99,3.59,26.13,0.25,15.75,9.48,37.49,13.44
"A9010","https://www.example.com?address=A9010","Male","Myeloma","05yrs","Caddo","Shreveport","","","",98273,"","","",40669,"","","",63250,33.99,3.59,26.13,0.25,15.75,9.48,37.49,13.44
"A9010","https://www.example.com?address=A9010","Both","Brain","05yrs","Caddo","Shreveport",8.7,5.8,12.7,207391,10.3,6.5,15.6,86956,"","","",63250,33.99,3.59,26.13,0.25,15.75,9.48,37.49,13.44
"A9010","https://www.example.com?address=A9010","Female","Brain","05yrs","Caddo","Shreveport",10.8,6.3,17.1,109118,14.1,8.0,23.1,46287,"","","",63250,33.99,3.59,26.13,0.25,15.75,9.48,37.49,13.44
"A9010","https://www.example.com?address=A9010","Male","Brain","05yrs","Caddo","Shreveport","","","",98273,"","","",40669,"","","",63250,33.99,3.59,26.13,0.25,15.75,9.48,37.49,13.44
"A9010","https://www.example.com?address=A9010","Both","Larynx","05yrs","Caddo","Shreveport","","","",207391,"","","",86956,"","","",63250,33.99,3.59,26.13,0.25,15.75,9.48,37.49,13.44
"A9010","https://www.example.com?address=A9010","Female","Larynx","05yrs","Caddo","Shreveport","","","",109118,"","","",46287,"","","",63250,33.99,3.59,26.13,0.25,15.75,9.48,37.49,13.44
"A9010","https://www.example.com?address=A9010","Male","Larynx","05yrs","Caddo","Shreveport","","","",98273,"","","",40669,"","","",63250,33.99,3.59,26.13,0.25,15.75,9.48,37.49,13.44
"A9010","https://www.example.com?address=A9010","Female","Ovary","05yrs","Caddo","Shreveport",8.8,5.2,14.3,109118,9.6,5.2,16.8,46287,"","","",63250,33.99,3.59,26.13,0.25,15.75,9.48,37.49,13.44
"A9010","https://www.example.com?address=A9010","Both","Esoph","05yrs","Caddo","Shreveport",5.2,3.2,8.2,207391,"","","",86956,"","","",63250,33.99,3.59,26.13,0.25,15.75,9.48,37.49,13.44
"A9010","https://www.example.com?address=A9010","Female","Esoph","05yrs","Caddo","Shreveport","","","",109118,"","","",46287,"","","",63250,33.99,3.59,26.13,0.25,15.75,9.48,37.49,13.44
"A9010","https://www.example.com?address=A9010","Male","Esoph","05yrs","Caddo","Shreveport","","","",98273,"","","",40669,"","","",63250,33.99,3.59,26.13,0.25,15.75,9.48,37.49,13.44
"A9010","https://www.example.com?address=A9010","Both","AllSite","10yrs","Caddo","Shreveport",462.7,447.1,478.8,416483,461.2,442.9,480.1,172988,482.4,448.8,517.8,63250,33.99,3.59,26.13,0.25,15.75,9.48,37.49,13.44
"A9010","https://www.example.com?address=A9010","Female","AllSite","10yrs","Caddo","Shreveport",395.2,375.6,415.7,219491,399.6,376.2,424.1,92529,390.2,350.3,433.4,63250,33.99,3.59,26.13,0.25,15.75,9.48,37.49,13.44
"A9010","https://www.example.com?address=A9010","Male","AllSite","10yrs","Caddo","Shreveport",560.1,534.2,586.9,196992,551.5,521.8,582.5,80459,609.3,551.0,671.9,63250,33.99,3.59,26.13,0.25,15.75,9.48,37.49,13.44
"A9010","https://www.example.com?address=A9010","Male","Prostate","10yrs","Caddo","Shreveport",157.1,143.7,171.4,196992,151.5,136.4,168.0,80459,190.9,159.1,227.0,63250,33.99,3.59,26.13,0.25,15.75,9.48,37.49,13.44
"A9010","https://www.example.com?address=A9010","Both","Lung","10yrs","Caddo","Shreveport",64.2,58.5,70.2,416483,63.4,57.0,70.5,172988,67.8,55.7,81.8,63250,33.99,3.59,26.13,0.25,15.75,9.48,37.49,13.44
"A9010","https://www.example.com?address=A9010","Female","Lung","10yrs","Caddo","Shreveport",52.7,46.1,60.2,219491,54.4,46.6,63.2,92529,46.8,33.9,63.0,63250,33.99,3.59,26.13,0.25,15.75,9.48,37.49,13.44
"A9010","https://www.example.com?address=A9010","Male","Lung","10yrs","Caddo","Shreveport",80.0,70.5,90.6,196992,76.0,65.3,88.1,80459,97.9,75.3,124.9,63250,33.99,3.59,26.13,0.25,15.75,9.48,37.49,13.44
"A9010","https://www.example.com?address=A9010","Female","Breast","10yrs","Caddo","Shreveport",114.1,103.4,125.6,219491,119.8,106.7,134.1,92529,98.4,78.7,121.4,63250,33.99,3.59,26.13,0.25,15.75,9.48,37.49,13.44
"A9010","https://www.example.com?address=A9010","Both","CRC","10yrs","Caddo","Shreveport",42.6,38.1,47.7,416483,36.1,31.3,41.5,172988,66.3,54.0,80.4,63250,33.99,3.59,26.13,0.25,15.75,9.48,37.49,13.44
"A9010","https://www.example.com?address=A9010","Female","CRC","10yrs","Caddo","Shreveport",38.6,32.8,45.2,219491,30.1,24.4,37.0,92529,65.5,49.8,84.6,63250,33.99,3.59,26.13,0.25,15.75,9.48,37.49,13.44
"A9010","https://www.example.com?address=A9010","Male","CRC","10yrs","Caddo","Shreveport",49.0,41.6,57.4,196992,44.3,36.3,53.6,80459,69.5,50.0,93.8,63250,33.99,3.59,26.13,0.25,15.75,9.48,37.49,13.44
"A9010","https://www.example.com?address=A9010","Both","Kidney","10yrs","Caddo","Shreveport",17.5,14.5,20.9,416483,18.3,14.8,22.6,172988,17.2,11.4,24.8,63250,33.99,3.59,26.13,0.25,15.75,9.48,37.49,13.44
"A9010","https://www.example.com?address=A9010","Female","Kidney","10yrs","Caddo","Shreveport",9.3,6.6,12.9,219491,9.7,6.5,14.3,92529,"","","",63250,33.99,3.59,26.13,0.25,15.75,9.48,37.49,13.44
"A9010","https://www.example.com?address=A9010","Male","Kidney","10yrs","Caddo","Shreveport",27.6,22.1,34.1,196992,28.8,22.2,36.9,80459,27.7,16.6,43.2,63250,33.99,3.59,26.13,0.25,15.75,9.48,37.49,13.44
"A9010","https://www.example.com?address=A9010","Both","NHL","10yrs","Caddo","Shreveport",20.0,16.8,23.7,416483,20.6,16.7,25.1,172988,17.1,11.3,24.9,63250,33.99,3.59,26.13,0.25,15.75,9.48,37.49,13.44
"A9010","https://www.example.com?address=A9010","Female","NHL","10yrs","Caddo","Shreveport",15.7,11.9,20.4,219491,17.1,12.4,23.1,92529,"","","",63250,33.99,3.59,26.13,0.25,15.75,9.48,37.49,13.44
"A9010","https://www.example.com?address=A9010","Male","NHL","10yrs","Caddo","Shreveport",25.4,20.0,31.8,196992,24.9,18.7,32.7,80459,22.6,12.9,36.7,63250,33.99,3.59,26.13,0.25,15.75,9.48,37.49,13.44
"A9010","https://www.example.com?address=A9010","Both","Urinary","10yrs","Caddo","Shreveport",16.8,14.0,19.9,416483,19.6,16.2,23.6,172988,"","","",63250,33.99,3.59,26.13,0.25,15.75,9.48,37.49,13.44
"A9010","https://www.example.com?address=A9010","Female","Urinary","10yrs","Caddo","Shreveport",6.6,4.4,9.6,219491,6.8,4.4,10.5,92529,"","","",63250,33.99,3.59,26.13,0.25,15.75,9.48,37.49,13.44
"A9010","https://www.example.com?address=A9010","Male","Urinary","10yrs","Caddo","Shreveport",31.7,25.9,38.5,196992,37.9,30.6,46.5,80459,"","","",63250,33.99,3.59,26.13,0.25,15.75,9.48,37.49,13.44
"A9010","https://www.example.com?address=A9010","Both","Mela","10yrs","Caddo","Shreveport",17.6,14.6,21.1,416483,24.6,20.2,29.6,172988,"","","",63250,33.99,3.59,26.13,0.25,15.75,9.48,37.49,13.44
"A9010","https://www.example.com?address=A9010","Female","Mela","10yrs","Caddo","Shreveport",12.8,9.2,17.3,219491,18.6,13.3,25.4,92529,"","","",63250,33.99,3.59,26.13,0.25,15.75,9.48,37.49,13.44
"A9010","https://www.example.com?address=A9010","Male","Mela","10yrs","Caddo","Shreveport",24.8,19.6,31.1,196992,33.4,26.2,42.0,80459,"","","",63250,33.99,3.59,26.13,0.25,15.75,9.48,37.49,13.44
"A9010","https://www.example.com?address=A9010","Both","Pancreas","10yrs","Caddo","Shreveport",10.5,8.4,13.1,416483,10.3,7.9,13.3,172988,10.5,6.1,16.8,63250,33.99,3.59,26.13,0.25,15.75,9.48,37.49,13.44
"A9010","https://www.example.com?address=A9010","Female","Pancreas","10yrs","Caddo","Shreveport",9.5,6.9,13.0,219491,9.5,6.5,13.7,92529,"","","",63250,33.99,3.59,26.13,0.25,15.75,9.48,37.49,13.44
"A9010","https://www.example.com?address=A9010","Male","Pancreas","10yrs","Caddo","Shreveport",12.0,8.5,16.5,196992,11.4,7.6,16.6,80459,"","","",63250,33.99,3.59,26.13,0.25,15.75,9.48,37.49,13.44
"A9010","https://www.example.com?address=A9010","Both","Leuks","10yrs","Caddo","Shreveport",18.1,15.1,21.5,416483,19.4,15.8,23.6,172988,10.4,6.0,16.7,63250,33.99,3.59,26.13,0.25,15.75,9.48,37.49,13.44
"A9010","https://www.example.com?address=A9010","Female","Leuks","10yrs","Caddo","Shreveport",12.4,9.1,16.6,219491,13.5,9.4,18.9,92529,"","","",63250,33.99,3.59,26.13,0.25,15.75,9.48,37.49,13.44
"A9010","https://www.example.com?address=A9010","Male","Leuks","10yrs","Caddo","Shreveport",26.0,20.6,32.3,196992,28.0,21.7,35.6,80459,"","","",63250,33.99,3.59,26.13,0.25,15.75,9.48,37.49,13.44
"A9010","https://www.example.com?address=A9010","Both","Oral","10yrs","Caddo","Shreveport",13.5,10.9,16.6,416483,11.9,9.0,15.4,172988,19.5,13.2,27.6,63250,33.99,3.59,26.13,0.25,15.75,9.48,37.49,13.44
"A9010","https://www.example.com?address=A9010","Female","Oral","10yrs","Caddo","Shreveport",7.0,4.6,10.3,219491,6.6,3.8,10.7,92529,"","","",63250,33.99,3.59,26.13,0.25,15.75,9.48,37.49,13.44
"A9010","https://www.example.com?address=A9010","Male","Oral","10yrs","Caddo","Shreveport",21.5,16.6,27.5,196992,18.5,13.2,25.3,80459,32.4,20.5,48.8,63250,33.99,3.59,26.13,0.25,15.75,9.48,37.49,13.44
"A9010","https://www.example.com?address=A9010","Both","Thyroid","10yrs","Caddo","Shreveport",12.9,10.2,16.0,416483,14.5,11.1,18.6,172988,"","","",63250,33.99,3.59,26.13,0.25,15.75,9.48,37.49,13.44
"A9010","https://www.example.com?address=A9010","Female","Thyroid","10yrs","Caddo","Shreveport",17.4,13.2,22.5,219491,20.1,14.7,26.9,92529,"","","",63250,33.99,3.59,26.13,0.25,15.75,9.48,37.49,13.44
"A9010","https://www.example.com?address=A9010","Male","Thyroid","10yrs","Caddo","Shreveport",7.7,4.7,11.7,196992,8.1,4.6,13.2,80459,"","","",63250,33.99,3.59,26.13,0.25,15.75,9.48,37.49,13.44
"A9010","https://www.example.com?address=A9010","Female","Uterine","10yrs","Caddo","Shreveport",21.0,16.8,25.9,219491,18.1,13.6,23.8,92529,32.6,22.2,46.2,63250,33.99,3.59,26.13,0.25,15.75,9.48,37.49,13.44
"A9010","https://www.example.com?address=A9010","Both","Liver","10yrs","Caddo","Shreveport",8.0,6.0,10.4,416483,6.0,4.1,8.6,172988,12.9,7.9,19.9,63250,33.99,3.59,26.13,0.25,15.75,9.48,37.49,13.44
"A9010","https://www.example.com?address=A9010","Female","Liver","10yrs","Caddo","Shreveport","","","",219491,"","","",92529,"","","",63250,33.99,3.59,26.13,0.25,15.75,9.48,37.49,13.44
"A9010","https://www.example.com?address=A9010","Male","Liver","10yrs","Caddo","Shreveport",13.7,9.9,18.4,196992,10.3,6.7,15.3,80459,21.6,12.1,35.6,63250,33.99,3.59,26.13,0.25,15.75,9.48,37.49,13.44
"A9010","https://www.example.com?address=A9010","Both","Stomach","10yrs","Caddo","Shreveport",7.8,5.9,10.1,416483,5.1,3.4,7.4,172988,16.2,10.6,23.6,63250,33.99,3.59,26.13,0.25,15.75,9.48,37.49,13.44
"A9010","https://www.example.com?address=A9010","Female","Stomach","10yrs","Caddo","Shreveport",6.5,4.2,9.5,219491,4.6,2.6,8.0,92529,"","","",63250,33.99,3.59,26.13,0.25,15.75,9.48,37.49,13.44
"A9010","https://www.example.com?address=A9010","Male","Stomach","10yrs","Caddo","Shreveport",9.4,6.3,13.5,196992,"","","",80459,"","","",63250,33.99,3.59,26.13,0.25,15.75,9.48,37.49,13.44
"A9010","https://www.example.com?address=A9010","Both","Myeloma","10yrs","Caddo","Shreveport",6.3,4.7,8.4,416483,4.6,3.1,6.8,172988,11.5,6.8,18.0,63250,33.99,3.59,26.13,0.25,15.75,9.48,37.49,13.44
"A9010","https://www.example.com?address=A9010","Female","Myeloma","10yrs","Caddo","Shreveport",6.0,3.9,8.9,219491,4.8,2.8,8.2,92529,"","","",63250,33.99,3.59,26.13,0.25,15.75,9.48,37.49,13.44
"A9010","https://www.example.com?address=A9010","Male","Myeloma","10yrs","Caddo","Shreveport",7.0,4.5,10.6,196992,"","","",80459,"","","",63250,33.99,3.59,26.13,0.25,15.75,9.48,37.49,13.44
"A9010","https://www.example.com?address=A9010","Both","Brain","10yrs","Caddo","Shreveport",7.5,5.5,9.9,416483,8.4,5.9,11.5,172988,"","","",63250,33.99,3.59,26.13,0.25,15.75,9.48,37.49,13.44
"A9010","https://www.example.com?address=A9010","Female","Brain","10yrs","Caddo","Shreveport",8.1,5.4,11.7,219491,9.3,5.9,14.1,92529,"","","",63250,33.99,3.59,26.13,0.25,15.75,9.48,37.49,13.44
"A9010","https://www.example.com?address=A9010","Male","Brain","10yrs","Caddo","Shreveport",6.4,3.8,10.0,196992,"","","",80459,"","","",63250,33.99,3.59,26.13,0.25,15.75,9.48,37.49,13.44
"A9010","https://www.example.com?address=A9010","Both","Larynx","10yrs","Caddo","Shreveport",3.9,2.5,5.6,416483,"","","",172988,"","","",63250,33.99,3.59,26.13,0.25,15.75,9.48,37.49,13.44
"A9010","https://www.example.com?address=A9010","Female","Larynx","10yrs","Caddo","Shreveport","","","",219491,"","","",92529,"","","",63250,33.99,3.59,26.13,0.25,15.75,9.48,37.49,13.44
"A9010","https://www.example.com?address=A9010","Male","Larynx","10yrs","Caddo","Shreveport",6.9,4.3,10.6,196992,"","","",80459,"","","",63250,33.99,3.59,26.13,0.25,15.75,9.48,37.49,13.44
"A9010","https://www.example.com?address=A9010","Female","Ovary","10yrs","Caddo","Shreveport",11.0,8.0,14.9,219491,11.7,8.0,16.7,92529,"","","",63250,33.99,3.59,26.13,0.25,15.75,9.48,37.49,13.44
"A9010","https://www.example.com?address=A9010","Both","Esoph","10yrs","Caddo","Shreveport",5.0,3.5,6.9,416483,4.6,3.0,6.8,172988,"","","",63250,33.99,3.59,26.13,0.25,15.75,9.48,37.49,13.44
"A9010","https://www.example.com?address=A9010","Female","Esoph","10yrs","Caddo","Shreveport","","","",219491,"","","",92529,"","","",63250,33.99,3.59,26.13,0.25,15.75,9.48,37.49,13.44
"A9010","https://www.example.com?address=A9010","Male","Esoph","10yrs","Caddo","Shreveport",7.9,5.1,11.7,196992,7.0,4.1,11.4,80459,"","","",63250,33.99,3.59,26.13,0.25,15.75,9.48,37.49,13.44
