"Zone","Counties","Cities","URL","Sex","Cancer","PopTot","AAIR","LCI","UCI","White_PopTot","White_AAIR","White_LCI","White_UCI","Black_PopTot","Black_AAIR","Black_LCI","Black_UCI","Hispanic_PopTot","Hispanic_AAIR","Hispanic_LCI","Hispanic_UCI","Asian_PopTot","Asian_AAIR","Asian_LCI","Asian_UCI","QNSES","PopAll","PerRural","PerUninsured","PerForeignBorn","PerWhite","PerBlack","PerAsian","PerHispanic","PerAPI","PerDocvisit","PerFOBT","PerMammo","PerMenPrev","PerPap","PerWomenPrev"
"A0663","Placer","Auburn, Loomis","https://www.californiahealthmaps.org?address=A0663","Male","AllSite",132390,568.4,532.5,606.8,110220,562.6,524.8,603.5,"","","","",13405,593.3,427.4,827.8,"","","","",3,54008,17.9,9.6,6.9,84.6,0.7,3.1,8.1,3.1,"","","","","",""
"A0663","Placer","Auburn, Loomis","https://www.californiahealthmaps.org?address=A0663","Female","AllSite",137650,469.6,437.9,503.7,114515,463.5,429.7,500.2,"","","","",13300,438.9,310.5,610.8,"","","","",3,54008,17.9,9.6,6.9,84.6,0.7,3.1,8.1,3.1,"","","","","",""
"A0663","Placer","Auburn, Loomis","https://www.californiahealthmaps.org?address=A0663","Male","Prostate",132390,143.6,126.4,163.4,110220,144.3,126.1,165.6,"","","","",13405,"","","","","","","",3,54008,17.9,9.6,6.9,84.6,0.7,3.1,8.1,3.1,"","","","","",""
"A0663","Placer","Auburn, Loomis","https://www.californiahealthmaps.org?address=A0663","Female","Breast",137650,143.6,126.6,163.1,114515,147.8,129.2,169.4,"","","","",13300,"","","","","","","",3,54008,17.9,9.6,6.9,84.6,0.7,3.1,8.1,3.1,"","","","","",""
"A0663","Placer","Auburn, Loomis","https://www.californiahealthmaps.org?address=A0663","Male","Lung",132390,59.6,48.3,73.7,110220,61.3,49.0,76.9,"","","","",13405,"","","","","","","",3,54008,17.9,9.6,6.9,84.6,0.7,3.1,8.1,3.1,"","","","","",""
"A0663","Placer","Auburn, Loomis","https://www.californiahealthmaps.org?address=A0663","Female","Lung",137650,45.9,36.9,57.4,114515,45.4,36.0,57.9,"","","","",13300,"","","","","","","",3,54008,17.9,9.6,6.9,84.6,0.7,3.1,8.1,3.1,"","","","","",""
"A0663","Placer","Auburn, Loomis","https://www.californiahealthmaps.org?address=A0663","Male","CRC",132390,45.1,35.7,57.2,110220,44.4,34.5,57.6,"","","","",13405,"","","","","","","",3,54008,17.9,9.6,6.9,84.6,0.7,3.1,8.1,3.1,"","","","","",""
"A0663","Placer","Auburn, Loomis","https://www.californiahealthmaps.org?address=A0663","Female","CRC",137650,27.6,20.8,37.0,114515,25.7,19.0,35.7,"","","","",13300,"","","","","","","",3,54008,17.9,9.6,6.9,84.6,0.7,3.1,8.1,3.1,"","","","","",""
"A0663","Placer","Auburn, Loomis","https://www.californiahealthmaps.org?address=A0663","Male","Mela",132390,57.5,46.1,71.8,110220,57.5,45.1,73.6,"","","","",13405,"","","","","","","",3,54008,17.9,9.6,6.9,84.6,0.7,3.1,8.1,3.1,"","","","","",""
"A0663","Placer","Auburn, Loomis","https://www.californiahealthmaps.org?address=A0663","Female","Mela",137650,42.6,32.7,55.4,114515,33.9,24.4,47.1,"","","","",13300,"","","","","","","",3,54008,17.9,9.6,6.9,84.6,0.7,3.1,8.1,3.1,"","","","","",""
"A0663","Placer","Auburn, Loomis","https://www.californiahealthmaps.org?address=A0663","Female","Uterine",137650,22.4,16.3,31.0,114515,23.5,17.0,33.4,"","","","",13300,"","","","","","","",3,54008,17.9,9.6,6.9,84.6,0.7,3.1,8.1,3.1,"","","","","",""
"A0663","Placer","Auburn, Loomis","https://www.californiahealthmaps.org?address=A0663","Male","Lymph",132390,33.6,25.3,44.7,110220,33.8,24.9,46.2,"","","","",13405,"","","","","","","",3,54008,17.9,9.6,6.9,84.6,0.7,3.1,8.1,3.1,"","","","","",""
"A0663","Placer","Auburn, Loomis","https://www.californiahealthmaps.org?address=A0663","Female","Lymph",137650,18.1,12.8,26.2,114515,18.1,12.4,27.2,"","","","",13300,"","","","","","","",3,54008,17.9,9.6,6.9,84.6,0.7,3.1,8.1,3.1,"","","","","",""
"A0663","Placer","Auburn, Loomis","https://www.californiahealthmaps.org?address=A0663","Male","Urinary",132390,21.7,15.2,31.3,110220,22.8,15.8,33.6,"","","","",13405,"","","","","","","",3,54008,17.9,9.6,6.9,84.6,0.7,3.1,8.1,3.1,"","","","","",""
"A0663","Placer","Auburn, Loomis","https://www.californiahealthmaps.org?address=A0663","Female","Urinary",137650,"","","",114515,"","","","","","","",13300,"","","","","","","",3,54008,17.9,9.6,6.9,84.6,0.7,3.1,8.1,3.1,"","","","","",""
"A0663","Placer","Auburn, Loomis","https://www.californiahealthmaps.org?address=A0663","Male","Kidney",132390,29.2,21.6,39.7,110220,27.5,19.8,38.8,"","","","",13405,"","","","","","","",3,54008,17.9,9.6,6.9,84.6,0.7,3.1,8.1,3.1,"","","","","",""
"A0663","Placer","Auburn, Loomis","https://www.californiahealthmaps.org?address=A0663","Female","Kidney",137650,11.2,7.0,18.3,114515,12.0,7.3,20.2,"","","","",13300,"","","","","","","",3,54008,17.9,9.6,6.9,84.6,0.7,3.1,8.1,3.1,"","","","","",""
"A0663","Placer","Auburn, Loomis","https://www.californiahealthmaps.org?address=A0663","Male","Thyroid",132390,"","","",110220,"","","","","","","",13405,"","","","","","","",3,54008,17.9,9.6,6.9,84.6,0.7,3.1,8.1,3.1,"","","","","",""
"A0663","Placer","Auburn, Loomis","https://www.californiahealthmaps.org?address=A0663","Female","Thyroid",137650,26.5,18.3,37.8,114515,28.7,19.0,42.3,"","","","",13300,"","","","","","","",3,54008,17.9,9.6,6.9,84.6,0.7,3.1,8.1,3.1,"","","","","",""
"A0663","Placer","Auburn, Loomis","https://www.californiahealthmaps.org?address=A0663","Male","Liver",132390,10.8,6.7,17.9,110220,10.7,6.5,18.9,"","","","",13405,"","","","","","","",3,54008,17.9,9.6,6.9,84.6,0.7,3.1,8.1,3.1,"","","","","",""
"A0663","Placer","Auburn, Loomis","https://www.californiahealthmaps.org?address=A0663","Female","Liver",137650,8.6,4.7,15.5,114515,"","","","","","","",13300,"","","","","","","",3,54008,17.9,9.6,6.9,84.6,0.7,3.1,8.1,3.1,"","","","","",""
"A0663","Placer","Auburn, Loomis","https://www.californiahealthmaps.org?address=A0663","Male","Pancreas",132390,11.2,6.9,18.6,110220,11.2,6.7,19.6,"","","","",13405,"","","","","","","",3,54008,17.9,9.6,6.9,84.6,0.7,3.1,8.1,3.1,"","","","","",""
"A0663","Placer","Auburn, Loomis","https://www.californiahealthmaps.org?address=A0663","Female","Pancreas",137650,"","","",114515,"","","","","","","",13300,"","","","","","","",3,54008,17.9,9.6,6.9,84.6,0.7,3.1,8.1,3.1,"","","","","",""
"A0663","Placer","Auburn, Loomis","https://www.californiahealthmaps.org?address=A0663","Both","AllSite",270040,511.6,488.0,536.4,224735,505.7,480.7,532.2,"","","","",26705,500.1,399.6,623.4,"","","","",3,54008,17.9,9.6,6.9,84.6,0.7,3.1,8.1,3.1,"","","","","",""
"A0663","Placer","Auburn, Loomis","https://www.californiahealthmaps.org?address=A0663","Both","Lung",270040,52.1,44.9,60.6,224735,52.6,44.9,61.8,"","","","",26705,"","","","","","","",3,54008,17.9,9.6,6.9,84.6,0.7,3.1,8.1,3.1,"","","","","",""
"A0663","Placer","Auburn, Loomis","https://www.californiahealthmaps.org?address=A0663","Both","CRC",270040,35.4,29.7,42.4,224735,34.2,28.4,41.7,"","","","",26705,"","","","","","","",3,54008,17.9,9.6,6.9,84.6,0.7,3.1,8.1,3.1,"","","","","",""
"A0663","Placer","Auburn, Loomis","https://www.californiahealthmaps.org?address=A0663","Both","Mela",270040,48.7,41.2,57.5,224735,44.3,36.5,53.8,"","","","",26705,"","","","","","","",3,54008,17.9,9.6,6.9,84.6,0.7,3.1,8.1,3.1,"","","","","",""
"A0663","Placer","Auburn, Loomis","https://www.californiahealthmaps.org?address=A0663","Both","Lymph",270040,25.2,20.3,31.4,224735,25.4,20.1,32.3,"","","","",26705,"","","","","","","",3,54008,17.9,9.6,6.9,84.6,0.7,3.1,8.1,3.1,"","","","","",""
"A0663","Placer","Auburn, Loomis","https://www.californiahealthmaps.org?address=A0663","Both","Urinary",270040,11.7,8.5,16.3,224735,11.8,8.4,17.0,"","","","",26705,"","","","","","","",3,54008,17.9,9.6,6.9,84.6,0.7,3.1,8.1,3.1,"","","","","",""
"A0663","Placer","Auburn, Loomis","https://www.californiahealthmaps.org?address=A0663","Both","Kidney",270040,19.8,15.4,25.5,224735,19.3,14.8,25.5,"","","","",26705,"","","","","","","",3,54008,17.9,9.6,6.9,84.6,0.7,3.1,8.1,3.1,"","","","","",""
"A0663","Placer","Auburn, Loomis","https://www.californiahealthmaps.org?address=A0663","Both","Thyroid",270040,17.7,13.0,23.9,224735,18.7,13.3,26.0,"","","","",26705,"","","","","","","",3,54008,17.9,9.6,6.9,84.6,0.7,3.1,8.1,3.1,"","","","","",""
"A0663","Placer","Auburn, Loomis","https://www.californiahealthmaps.org?address=A0663","Both","Liver",270040,9.6,6.7,14.0,224735,9.5,6.5,14.4,"","","","",26705,"","","","","","","",3,54008,17.9,9.6,6.9,84.6,0.7,3.1,8.1,3.1,"","","","","",""
"A0663","Placer","Auburn, Loomis","https://www.californiahealthmaps.org?address=A0663","Both","Pancreas",270040,9.2,6.3,13.6,224735,9.4,6.3,14.4,"","","","",26705,"","","","","","","",3,54008,17.9,9.6,6.9,84.6,0.7,3.1,8.1,3.1,"","","","","",""
