"Zone","Counties","Cities","URL","Sex","Cancer","PopTot","AAIR","LCI","UCI","White_PopTot","White_AAIR","White_LCI","White_UCI","Black_PopTot","Black_AAIR","Black_LCI","Black_UCI","Hispanic_PopTot","Hispanic_AAIR","Hispanic_LCI","Hispanic_UCI","Asian_PopTot","Asian_AAIR","Asian_LCI","Asian_UCI","QNSES","PopAll","PerRural","PerUninsured","PerForeignBorn","PerWhite","PerBlack","PerAsian","PerHispanic","PerAPI","PerDocvisit","PerFOBT","PerMammo","PerMenPrev","PerPap","PerWomenPrev"
"A0630","Los Angeles","Los Angeles","https://www.californiahealthmaps.org?address=A0630","Male","AllSite",157230,462.2,432.0,494.6,128770,464.4,431.9,499.7,"","","","","","","","",10290,404.2,275.9,580.0,5,66791,0.0,7.2,21.3,80.5,1.8,8.1,6.3,8.1,65.2,68.1,80.3,33.4,88.3,38.0
"A0630","Los Angeles","Los Angeles","https://www.californiahealthmaps.org?address=A0630","Female","AllSite",176725,493.8,464.7,525.0,141115,493.3,461.4,528.0,"","","","",11275,575.4,432.8,756.4,15425,437.6,336.4,581.5,5,66791,0.0,7.2,21.3,80.5,1.8,8.1,6.3,8.1,65.2,68.1,80.3,33.4,88.3,38.0
"A0630","Los Angeles","Los Angeles","https://www.californiahealthmaps.org?address=A0630","Male","Prostate",157230,120.8,105.9,138.0,128770,114.0,98.6,132.3,"","","","","","","","",10290,"","","",5,66791,0.0,7.2,21.3,80.5,1.8,8.1,6.3,8.1,65.2,68.1,80.3,33.4,88.3,38.0
"A0630","Los Angeles","Los Angeles","https://www.californiahealthmaps.org?address=A0630","Female","Breast",176725,181.5,163.9,201.2,141115,180.4,161.3,202.4,"","","","",11275,216.3,133.9,338.7,15425,180.3,119.6,287.7,5,66791,0.0,7.2,21.3,80.5,1.8,8.1,6.3,8.1,65.2,68.1,80.3,33.4,88.3,38.0
"A0630","Los Angeles","Los Angeles","https://www.californiahealthmaps.org?address=A0630","Male","Lung",157230,41.5,32.9,52.5,128770,39.7,31.0,51.6,"","","","","","","","",10290,"","","",5,66791,0.0,7.2,21.3,80.5,1.8,8.1,6.3,8.1,65.2,68.1,80.3,33.4,88.3,38.0
"A0630","Los Angeles","Los Angeles","https://www.californiahealthmaps.org?address=A0630","Female","Lung",176725,41.3,33.6,51.2,141115,40.9,32.9,52.0,"","","","",11275,"","","",15425,"","","",5,66791,0.0,7.2,21.3,80.5,1.8,8.1,6.3,8.1,65.2,68.1,80.3,33.4,88.3,38.0
"A0630","Los Angeles","Los Angeles","https://www.californiahealthmaps.org?address=A0630","Male","CRC",157230,29.6,22.4,39.4,128770,32.5,24.3,43.9,"","","","","","","","",10290,"","","",5,66791,0.0,7.2,21.3,80.5,1.8,8.1,6.3,8.1,65.2,68.1,80.3,33.4,88.3,38.0
"A0630","Los Angeles","Los Angeles","https://www.californiahealthmaps.org?address=A0630","Female","CRC",176725,26.8,20.6,35.4,141115,28.0,21.1,38.1,"","","","",11275,"","","",15425,"","","",5,66791,0.0,7.2,21.3,80.5,1.8,8.1,6.3,8.1,65.2,68.1,80.3,33.4,88.3,38.0
"A0630","Los Angeles","Los Angeles","https://www.californiahealthmaps.org?address=A0630","Male","Mela",157230,50.4,40.9,62.4,128770,55.1,44.3,69.0,"","","","","","","","",10290,"","","",5,66791,0.0,7.2,21.3,80.5,1.8,8.1,6.3,8.1,65.2,68.1,80.3,33.4,88.3,38.0
"A0630","Los Angeles","Los Angeles","https://www.californiahealthmaps.org?address=A0630","Female","Mela",176725,26.1,19.7,35.0,141115,28.0,20.7,38.7,"","","","",11275,"","","",15425,"","","",5,66791,0.0,7.2,21.3,80.5,1.8,8.1,6.3,8.1,65.2,68.1,80.3,33.4,88.3,38.0
"A0630","Los Angeles","Los Angeles","https://www.californiahealthmaps.org?address=A0630","Female","Uterine",176725,31.6,24.7,40.8,141115,32.1,24.6,42.7,"","","","",11275,"","","",15425,"","","",5,66791,0.0,7.2,21.3,80.5,1.8,8.1,6.3,8.1,65.2,68.1,80.3,33.4,88.3,38.0
"A0630","Los Angeles","Los Angeles","https://www.californiahealthmaps.org?address=A0630","Male","Lymph",157230,32.5,24.7,42.8,128770,31.5,23.3,43.0,"","","","","","","","",10290,"","","",5,66791,0.0,7.2,21.3,80.5,1.8,8.1,6.3,8.1,65.2,68.1,80.3,33.4,88.3,38.0
"A0630","Los Angeles","Los Angeles","https://www.californiahealthmaps.org?address=A0630","Female","Lymph",176725,21.1,15.5,29.2,141115,19.2,13.5,28.2,"","","","",11275,"","","",15425,"","","",5,66791,0.0,7.2,21.3,80.5,1.8,8.1,6.3,8.1,65.2,68.1,80.3,33.4,88.3,38.0
"A0630","Los Angeles","Los Angeles","https://www.californiahealthmaps.org?address=A0630","Male","Urinary",157230,16.1,10.9,23.8,128770,16.3,10.8,25.2,"","","","","","","","",10290,"","","",5,66791,0.0,7.2,21.3,80.5,1.8,8.1,6.3,8.1,65.2,68.1,80.3,33.4,88.3,38.0
"A0630","Los Angeles","Los Angeles","https://www.californiahealthmaps.org?address=A0630","Female","Urinary",176725,5.2,2.9,10.4,141115,"","","","","","","",11275,"","","",15425,"","","",5,66791,0.0,7.2,21.3,80.5,1.8,8.1,6.3,8.1,65.2,68.1,80.3,33.4,88.3,38.0
"A0630","Los Angeles","Los Angeles","https://www.californiahealthmaps.org?address=A0630","Male","Kidney",157230,16.0,10.8,23.8,128770,16.2,10.6,25.2,"","","","","","","","",10290,"","","",5,66791,0.0,7.2,21.3,80.5,1.8,8.1,6.3,8.1,65.2,68.1,80.3,33.4,88.3,38.0
"A0630","Los Angeles","Los Angeles","https://www.californiahealthmaps.org?address=A0630","Female","Kidney",176725,6.3,3.5,11.9,141115,"","","","","","","",11275,"","","",15425,"","","",5,66791,0.0,7.2,21.3,80.5,1.8,8.1,6.3,8.1,65.2,68.1,80.3,33.4,88.3,38.0
"A0630","Los Angeles","Los Angeles","https://www.californiahealthmaps.org?address=A0630","Male","Thyroid",157230,13.1,8.4,20.5,128770,13.6,8.5,22.4,"","","","","","","","",10290,"","","",5,66791,0.0,7.2,21.3,80.5,1.8,8.1,6.3,8.1,65.2,68.1,80.3,33.4,88.3,38.0
"A0630","Los Angeles","Los Angeles","https://www.californiahealthmaps.org?address=A0630","Female","Thyroid",176725,32.1,24.7,42.1,141115,33.6,25.0,45.6,"","","","",11275,"","","",15425,"","","",5,66791,0.0,7.2,21.3,80.5,1.8,8.1,6.3,8.1,65.2,68.1,80.3,33.4,88.3,38.0
"A0630","Los Angeles","Los Angeles","https://www.californiahealthmaps.org?address=A0630","Male","Liver",157230,11.3,6.8,18.5,128770,10.1,5.7,18.2,"","","","","","","","",10290,"","","",5,66791,0.0,7.2,21.3,80.5,1.8,8.1,6.3,8.1,65.2,68.1,80.3,33.4,88.3,38.0
"A0630","Los Angeles","Los Angeles","https://www.californiahealthmaps.org?address=A0630","Female","Liver",176725,"","","",141115,"","","","","","","",11275,"","","",15425,"","","",5,66791,0.0,7.2,21.3,80.5,1.8,8.1,6.3,8.1,65.2,68.1,80.3,33.4,88.3,38.0
"A0630","Los Angeles","Los Angeles","https://www.californiahealthmaps.org?address=A0630","Male","Pancreas",157230,15.9,10.8,23.7,128770,17.1,11.3,26.2,"","","","","","","","",10290,"","","",5,66791,0.0,7.2,21.3,80.5,1.8,8.1,6.3,8.1,65.2,68.1,80.3,33.4,88.3,38.0
"A0630","Los Angeles","Los Angeles","https://www.californiahealthmaps.org?address=A0630","Female","Pancreas",176725,10.2,6.5,16.6,141115,10.7,6.6,18.3,"","","","",11275,"","","",15425,"","","",5,66791,0.0,7.2,21.3,80.5,1.8,8.1,6.3,8.1,65.2,68.1,80.3,33.4,88.3,38.0
"A0630","Los Angeles","Los Angeles","https://www.californiahealthmaps.org?address=A0630","Both","AllSite",333955,476.5,455.6,498.4,269885,476.5,453.8,500.6,"","","","",19700,513.8,407.5,641.7,25715,422.9,342.0,523.6,5,66791,0.0,7.2,21.3,80.5,1.8,8.1,6.3,8.1,65.2,68.1,80.3,33.4,88.3,38.0
"A0630","Los Angeles","Los Angeles","https://www.californiahealthmaps.org?address=A0630","Both","Lung",333955,41.3,35.5,48.2,269885,40.3,34.3,47.8,"","","","",19700,"","","",25715,"","","",5,66791,0.0,7.2,21.3,80.5,1.8,8.1,6.3,8.1,65.2,68.1,80.3,33.4,88.3,38.0
"A0630","Los Angeles","Los Angeles","https://www.californiahealthmaps.org?address=A0630","Both","CRC",333955,28.5,23.6,34.5,269885,30.6,25.2,37.6,"","","","",19700,"","","",25715,"","","",5,66791,0.0,7.2,21.3,80.5,1.8,8.1,6.3,8.1,65.2,68.1,80.3,33.4,88.3,38.0
"A0630","Los Angeles","Los Angeles","https://www.californiahealthmaps.org?address=A0630","Both","Mela",333955,37.0,31.4,43.8,269885,40.2,33.7,48.1,"","","","",19700,"","","",25715,"","","",5,66791,0.0,7.2,21.3,80.5,1.8,8.1,6.3,8.1,65.2,68.1,80.3,33.4,88.3,38.0
"A0630","Los Angeles","Los Angeles","https://www.californiahealthmaps.org?address=A0630","Both","Lymph",333955,26.0,21.3,31.9,269885,24.6,19.7,31.1,"","","","",19700,"","","",25715,"","","",5,66791,0.0,7.2,21.3,80.5,1.8,8.1,6.3,8.1,65.2,68.1,80.3,33.4,88.3,38.0
"A0630","Los Angeles","Los Angeles","https://www.californiahealthmaps.org?address=A0630","Both","Urinary",333955,10.0,7.3,13.9,269885,10.2,7.3,14.8,"","","","",19700,"","","",25715,"","","",5,66791,0.0,7.2,21.3,80.5,1.8,8.1,6.3,8.1,65.2,68.1,80.3,33.4,88.3,38.0
"A0630","Los Angeles","Los Angeles","https://www.californiahealthmaps.org?address=A0630","Both","Kidney",333955,10.7,7.8,14.8,269885,10.3,7.2,15.0,"","","","",19700,"","","",25715,"","","",5,66791,0.0,7.2,21.3,80.5,1.8,8.1,6.3,8.1,65.2,68.1,80.3,33.4,88.3,38.0
"A0630","Los Angeles","Los Angeles","https://www.californiahealthmaps.org?address=A0630","Both","Thyroid",333955,23.1,18.5,28.9,269885,24.0,18.8,30.8,"","","","",19700,"","","",25715,"","","",5,66791,0.0,7.2,21.3,80.5,1.8,8.1,6.3,8.1,65.2,68.1,80.3,33.4,88.3,38.0
"A0630","Los Angeles","Los Angeles","https://www.californiahealthmaps.org?address=A0630","Both","Liver",333955,7.7,5.2,11.6,269885,7.2,4.6,11.5,"","","","",19700,"","","",25715,"","","",5,66791,0.0,7.2,21.3,80.5,1.8,8.1,6.3,8.1,65.2,68.1,80.3,33.4,88.3,38.0
"A0630","Los Angeles","Los Angeles","https://www.californiahealthmaps.org?address=A0630","Both","Pancreas",333955,12.8,9.6,17.2,269885,13.7,10.1,18.8,"","","","",19700,"","","",25715,"","","",5,66791,0.0,7.2,21.3,80.5,1.8,8.1,6.3,8.1,65.2,68.1,80.3,33.4,88.3,38.0
