"Zone","Counties","Cities","URL","Sex","Cancer","PopTot","AAIR","LCI","UCI","White_PopTot","White_AAIR","White_LCI","White_UCI","Black_PopTot","Black_AAIR","Black_LCI","Black_UCI","Hispanic_PopTot","Hispanic_AAIR","Hispanic_LCI","Hispanic_UCI","Asian_PopTot","Asian_AAIR","Asian_LCI","Asian_UCI","QNSES","PopAll","PerRural","PerUninsured","PerForeignBorn","PerWhite","PerBlack","PerAsian","PerHispanic","PerAPI","PerDocvisit","PerFOBT","PerMammo","PerMenPrev","PerPap","PerWomenPrev"
"A0453","Sonoma","Santa Rosa","https://www.californiahealthmaps.org?address=A0453","Male","AllSite",164590,487.1,459.8,516.2,120940,483.8,454.2,516.3,"","","","",33920,431.0,320.8,576.7,"","","","",4,69391,12.4,11.2,14.8,73.0,1.0,3.7,19.6,3.7,"","","","","",""
"A0453","Sonoma","Santa Rosa","https://www.californiahealthmaps.org?address=A0453","Female","AllSite",182365,439.7,414.0,467.4,139930,442.2,412.5,475.1,"","","","",30270,476.9,375.8,601.0,"","","","",4,69391,12.4,11.2,14.8,73.0,1.0,3.7,19.6,3.7,"","","","","",""
"A0453","Sonoma","Santa Rosa","https://www.californiahealthmaps.org?address=A0453","Male","Prostate",164590,101.8,90.2,115.2,120940,102.5,90.2,117.9,"","","","",33920,103.0,52.3,194.1,"","","","",4,69391,12.4,11.2,14.8,73.0,1.0,3.7,19.6,3.7,"","","","","",""
"A0453","Sonoma","Santa Rosa","https://www.californiahealthmaps.org?address=A0453","Female","Breast",182365,142.1,127.7,158.4,139930,144.4,128.0,164.0,"","","","",30270,119.8,73.8,189.7,"","","","",4,69391,12.4,11.2,14.8,73.0,1.0,3.7,19.6,3.7,"","","","","",""
"A0453","Sonoma","Santa Rosa","https://www.californiahealthmaps.org?address=A0453","Male","Lung",164590,40.6,33.3,49.8,120940,39.9,32.5,50.7,"","","","",33920,"","","","","","","",4,69391,12.4,11.2,14.8,73.0,1.0,3.7,19.6,3.7,"","","","","",""
"A0453","Sonoma","Santa Rosa","https://www.californiahealthmaps.org?address=A0453","Female","Lung",182365,40.9,34.2,49.6,139930,37.8,31.3,48.0,"","","","",30270,"","","","","","","",4,69391,12.4,11.2,14.8,73.0,1.0,3.7,19.6,3.7,"","","","","",""
"A0453","Sonoma","Santa Rosa","https://www.californiahealthmaps.org?address=A0453","Male","CRC",164590,40.6,33.1,50.1,120940,42.2,33.6,54.2,"","","","",33920,"","","","","","","",4,69391,12.4,11.2,14.8,73.0,1.0,3.7,19.6,3.7,"","","","","",""
"A0453","Sonoma","Santa Rosa","https://www.californiahealthmaps.org?address=A0453","Female","CRC",182365,35.5,28.4,44.8,139930,35.5,27.4,47.5,"","","","",30270,"","","","","","","",4,69391,12.4,11.2,14.8,73.0,1.0,3.7,19.6,3.7,"","","","","",""
"A0453","Sonoma","Santa Rosa","https://www.californiahealthmaps.org?address=A0453","Male","Mela",164590,63.3,53.9,74.6,120940,66.8,56.1,80.8,"","","","",33920,"","","","","","","",4,69391,12.4,11.2,14.8,73.0,1.0,3.7,19.6,3.7,"","","","","",""
"A0453","Sonoma","Santa Rosa","https://www.californiahealthmaps.org?address=A0453","Female","Mela",182365,49.3,40.4,60.3,139930,53.4,42.2,68.5,"","","","",30270,"","","","","","","",4,69391,12.4,11.2,14.8,73.0,1.0,3.7,19.6,3.7,"","","","","",""
"A0453","Sonoma","Santa Rosa","https://www.californiahealthmaps.org?address=A0453","Female","Uterine",182365,26.3,20.9,33.7,139930,24.9,19.3,34.3,"","","","",30270,"","","","","","","",4,69391,12.4,11.2,14.8,73.0,1.0,3.7,19.6,3.7,"","","","","",""
"A0453","Sonoma","Santa Rosa","https://www.californiahealthmaps.org?address=A0453","Male","Lymph",164590,29.2,22.5,37.9,120940,25.7,19.5,35.5,"","","","",33920,"","","","","","","",4,69391,12.4,11.2,14.8,73.0,1.0,3.7,19.6,3.7,"","","","","",""
"A0453","Sonoma","Santa Rosa","https://www.californiahealthmaps.org?address=A0453","Female","Lymph",182365,14.9,10.6,21.3,139930,14.8,10.1,23.8,"","","","",30270,"","","","","","","",4,69391,12.4,11.2,14.8,73.0,1.0,3.7,19.6,3.7,"","","","","",""
"A0453","Sonoma","Santa Rosa","https://www.californiahealthmaps.org?address=A0453","Male","Urinary",164590,22.7,17.4,29.9,120940,23.9,18.2,33.2,"","","","",33920,"","","","","","","",4,69391,12.4,11.2,14.8,73.0,1.0,3.7,19.6,3.7,"","","","","",""
"A0453","Sonoma","Santa Rosa","https://www.californiahealthmaps.org?address=A0453","Female","Urinary",182365,3.6,2.0,7.7,139930,3.8,2.1,10.8,"","","","",30270,"","","","","","","",4,69391,12.4,11.2,14.8,73.0,1.0,3.7,19.6,3.7,"","","","","",""
"A0453","Sonoma","Santa Rosa","https://www.californiahealthmaps.org?address=A0453","Male","Kidney",164590,18.5,13.3,25.9,120940,18.8,12.4,29.4,"","","","",33920,"","","","","","","",4,69391,12.4,11.2,14.8,73.0,1.0,3.7,19.6,3.7,"","","","","",""
"A0453","Sonoma","Santa Rosa","https://www.californiahealthmaps.org?address=A0453","Female","Kidney",182365,10.1,6.7,15.8,139930,8.5,5.4,16.1,"","","","",30270,"","","","","","","",4,69391,12.4,11.2,14.8,73.0,1.0,3.7,19.6,3.7,"","","","","",""
"A0453","Sonoma","Santa Rosa","https://www.californiahealthmaps.org?address=A0453","Male","Thyroid",164590,"","","",120940,"","","","","","","",33920,"","","","","","","",4,69391,12.4,11.2,14.8,73.0,1.0,3.7,19.6,3.7,"","","","","",""
"A0453","Sonoma","Santa Rosa","https://www.californiahealthmaps.org?address=A0453","Female","Thyroid",182365,11.9,7.2,19.3,139930,11.9,5.9,23.0,"","","","",30270,"","","","","","","",4,69391,12.4,11.2,14.8,73.0,1.0,3.7,19.6,3.7,"","","","","",""
"A0453","Sonoma","Santa Rosa","https://www.californiahealthmaps.org?address=A0453","Male","Liver",164590,12.0,8.1,18.0,120940,11.5,7.4,19.7,"","","","",33920,"","","","","","","",4,69391,12.4,11.2,14.8,73.0,1.0,3.7,19.6,3.7,"","","","","",""
"A0453","Sonoma","Santa Rosa","https://www.californiahealthmaps.org?address=A0453","Female","Liver",182365,4.5,2.5,9.0,139930,"","","","","","","",30270,"","","","","","","",4,69391,12.4,11.2,14.8,73.0,1.0,3.7,19.6,3.7,"","","","","",""
"A0453","Sonoma","Santa Rosa","https://www.californiahealthmaps.org?address=A0453","Male","Pancreas",164590,15.7,11.3,22.1,120940,16.5,11.7,25.1,"","","","",33920,"","","","","","","",4,69391,12.4,11.2,14.8,73.0,1.0,3.7,19.6,3.7,"","","","","",""
"A0453","Sonoma","Santa Rosa","https://www.californiahealthmaps.org?address=A0453","Female","Pancreas",182365,11.3,8.0,16.8,139930,9.7,6.6,17.4,"","","","",30270,"","","","","","","",4,69391,12.4,11.2,14.8,73.0,1.0,3.7,19.6,3.7,"","","","","",""
"A0453","Sonoma","Santa Rosa","https://www.californiahealthmaps.org?address=A0453","Both","AllSite",346955,456.2,437.6,475.6,260870,456.0,435.2,478.4,"","","","",64190,439.5,368.6,522.5,11000,406.4,304.6,545.8,4,69391,12.4,11.2,14.8,73.0,1.0,3.7,19.6,3.7,"","","","","",""
"A0453","Sonoma","Santa Rosa","https://www.californiahealthmaps.org?address=A0453","Both","Lung",346955,40.4,35.5,46.3,260870,38.4,33.5,45.0,"","","","",64190,"","","",11000,"","","",4,69391,12.4,11.2,14.8,73.0,1.0,3.7,19.6,3.7,"","","","","",""
"A0453","Sonoma","Santa Rosa","https://www.californiahealthmaps.org?address=A0453","Both","CRC",346955,37.2,32.0,43.3,260870,37.9,32.0,45.6,"","","","",64190,"","","",11000,"","","",4,69391,12.4,11.2,14.8,73.0,1.0,3.7,19.6,3.7,"","","","","",""
"A0453","Sonoma","Santa Rosa","https://www.californiahealthmaps.org?address=A0453","Both","Mela",346955,54.4,48.0,61.7,260870,58.1,50.4,67.5,"","","","",64190,"","","",11000,"","","",4,69391,12.4,11.2,14.8,73.0,1.0,3.7,19.6,3.7,"","","","","",""
"A0453","Sonoma","Santa Rosa","https://www.californiahealthmaps.org?address=A0453","Both","Lymph",346955,21.3,17.4,26.2,260870,19.5,15.7,25.2,"","","","",64190,"","","",11000,"","","",4,69391,12.4,11.2,14.8,73.0,1.0,3.7,19.6,3.7,"","","","","",""
"A0453","Sonoma","Santa Rosa","https://www.californiahealthmaps.org?address=A0453","Both","Urinary",346955,11.8,9.3,15.3,260870,12.5,9.8,17.1,"","","","",64190,"","","",11000,"","","",4,69391,12.4,11.2,14.8,73.0,1.0,3.7,19.6,3.7,"","","","","",""
"A0453","Sonoma","Santa Rosa","https://www.californiahealthmaps.org?address=A0453","Both","Kidney",346955,14.0,10.8,18.2,260870,13.4,9.7,18.9,"","","","",64190,"","","",11000,"","","",4,69391,12.4,11.2,14.8,73.0,1.0,3.7,19.6,3.7,"","","","","",""
"A0453","Sonoma","Santa Rosa","https://www.californiahealthmaps.org?address=A0453","Both","Thyroid",346955,9.2,6.1,13.5,260870,9.6,5.7,15.8,"","","","",64190,"","","",11000,"","","",4,69391,12.4,11.2,14.8,73.0,1.0,3.7,19.6,3.7,"","","","","",""
"A0453","Sonoma","Santa Rosa","https://www.californiahealthmaps.org?address=A0453","Both","Liver",346955,7.9,5.7,11.0,260870,7.5,5.3,11.8,"","","","",64190,"","","",11000,"","","",4,69391,12.4,11.2,14.8,73.0,1.0,3.7,19.6,3.7,"","","","","",""
"A0453","Sonoma","Santa Rosa","https://www.californiahealthmaps.org?address=A0453","Both","Pancreas",346955,13.1,10.4,16.8,260870,12.6,9.8,17.3,"","","","",64190,"","","",11000,"","","",4,69391,12.4,11.2,14.8,73.0,1.0,3.7,19.6,3.7,"","","","","",""
