"Zone","Counties","Cities","URL","Sex","Cancer","PopTot","AAIR","LCI","UCI","White_PopTot","White_AAIR","White_LCI","White_UCI","Black_PopTot","Black_AAIR","Black_LCI","Black_UCI","Hispanic_PopTot","Hispanic_AAIR","Hispanic_LCI","Hispanic_UCI","Asian_PopTot","Asian_AAIR","Asian_LCI","Asian_UCI","QNSES","PopAll","PerRural","PerUninsured","PerForeignBorn","PerWhite","PerBlack","PerAsian","PerHispanic","PerAPI","PerDocvisit","PerFOBT","PerMammo","PerMenPrev","PerPap","PerWomenPrev"
"A1064","Napa","American Canyon, Napa, St. Helena","https://www.californiahealthmaps.org?address=A1064","Male","AllSite",168420,501.8,472.1,533.3,97135,531.2,495.4,570.6,"","","","",44735,432.5,344.9,538.5,16840,347.2,248.8,479.6,4,68029,29.7,10.1,19.9,58.0,3.1,10.7,25.0,10.7,"","","","","",""
"A1064","Napa","American Canyon, Napa, St. Helena","https://www.californiahealthmaps.org?address=A1064","Female","AllSite",171725,432.9,405.6,461.9,101955,458.8,423.7,497.5,"","","","",41055,355.5,286.0,439.4,19140,434.8,347.2,540.5,4,68029,29.7,10.1,19.9,58.0,3.1,10.7,25.0,10.7,"","","","","",""
"A1064","Napa","American Canyon, Napa, St. Helena","https://www.californiahealthmaps.org?address=A1064","Male","Prostate",168420,98.4,85.9,112.6,97135,105.4,90.9,123.6,"","","","",44735,"","","",16840,"","","",4,68029,29.7,10.1,19.9,58.0,3.1,10.7,25.0,10.7,"","","","","",""
"A1064","Napa","American Canyon, Napa, St. Helena","https://www.californiahealthmaps.org?address=A1064","Female","Breast",171725,145.8,129.8,163.6,101955,154.3,133.9,178.7,"","","","",41055,128.5,89.5,182.1,19140,159.1,109.0,227.8,4,68029,29.7,10.1,19.9,58.0,3.1,10.7,25.0,10.7,"","","","","",""
"A1064","Napa","American Canyon, Napa, St. Helena","https://www.californiahealthmaps.org?address=A1064","Male","Lung",168420,50.8,41.8,61.6,97135,55.4,44.9,70.0,"","","","",44735,"","","",16840,"","","",4,68029,29.7,10.1,19.9,58.0,3.1,10.7,25.0,10.7,"","","","","",""
"A1064","Napa","American Canyon, Napa, St. Helena","https://www.californiahealthmaps.org?address=A1064","Female","Lung",171725,40.3,32.7,49.7,101955,44.9,35.9,58.0,"","","","",41055,"","","",19140,"","","",4,68029,29.7,10.1,19.9,58.0,3.1,10.7,25.0,10.7,"","","","","",""
"A1064","Napa","American Canyon, Napa, St. Helena","https://www.californiahealthmaps.org?address=A1064","Male","CRC",168420,41.4,33.0,51.6,97135,44.8,34.6,59.1,"","","","",44735,"","","",16840,"","","",4,68029,29.7,10.1,19.9,58.0,3.1,10.7,25.0,10.7,"","","","","",""
"A1064","Napa","American Canyon, Napa, St. Helena","https://www.californiahealthmaps.org?address=A1064","Female","CRC",171725,34.5,27.3,43.5,101955,33.1,24.5,46.0,"","","","",41055,"","","",19140,"","","",4,68029,29.7,10.1,19.9,58.0,3.1,10.7,25.0,10.7,"","","","","",""
"A1064","Napa","American Canyon, Napa, St. Helena","https://www.californiahealthmaps.org?address=A1064","Male","Mela",168420,51.6,42.3,62.7,97135,64.4,51.7,81.3,"","","","",44735,"","","",16840,"","","",4,68029,29.7,10.1,19.9,58.0,3.1,10.7,25.0,10.7,"","","","","",""
"A1064","Napa","American Canyon, Napa, St. Helena","https://www.californiahealthmaps.org?address=A1064","Female","Mela",171725,32.4,24.9,42.0,101955,45.4,33.6,61.8,"","","","",41055,"","","",19140,"","","",4,68029,29.7,10.1,19.9,58.0,3.1,10.7,25.0,10.7,"","","","","",""
"A1064","Napa","American Canyon, Napa, St. Helena","https://www.californiahealthmaps.org?address=A1064","Female","Uterine",171725,22.1,16.6,29.4,101955,19.8,13.9,30.2,"","","","",41055,"","","",19140,"","","",4,68029,29.7,10.1,19.9,58.0,3.1,10.7,25.0,10.7,"","","","","",""
"A1064","Napa","American Canyon, Napa, St. Helena","https://www.californiahealthmaps.org?address=A1064","Male","Lymph",168420,20.4,14.5,28.1,97135,18.2,11.9,29.1,"","","","",44735,"","","",16840,"","","",4,68029,29.7,10.1,19.9,58.0,3.1,10.7,25.0,10.7,"","","","","",""
"A1064","Napa","American Canyon, Napa, St. Helena","https://www.californiahealthmaps.org?address=A1064","Female","Lymph",171725,14.5,9.9,21.1,101955,16.3,10.5,26.8,"","","","",41055,"","","",19140,"","","",4,68029,29.7,10.1,19.9,58.0,3.1,10.7,25.0,10.7,"","","","","",""
"A1064","Napa","American Canyon, Napa, St. Helena","https://www.californiahealthmaps.org?address=A1064","Male","Urinary",168420,23.7,17.7,31.5,97135,24.4,17.8,35.5,"","","","",44735,"","","",16840,"","","",4,68029,29.7,10.1,19.9,58.0,3.1,10.7,25.0,10.7,"","","","","",""
"A1064","Napa","American Canyon, Napa, St. Helena","https://www.californiahealthmaps.org?address=A1064","Female","Urinary",171725,"","","",101955,"","","","","","","",41055,"","","",19140,"","","",4,68029,29.7,10.1,19.9,58.0,3.1,10.7,25.0,10.7,"","","","","",""
"A1064","Napa","American Canyon, Napa, St. Helena","https://www.californiahealthmaps.org?address=A1064","Male","Kidney",168420,27.5,20.8,36.1,97135,26.8,19.1,38.9,"","","","",44735,"","","",16840,"","","",4,68029,29.7,10.1,19.9,58.0,3.1,10.7,25.0,10.7,"","","","","",""
"A1064","Napa","American Canyon, Napa, St. Helena","https://www.californiahealthmaps.org?address=A1064","Female","Kidney",171725,10.5,6.8,16.2,101955,11.1,6.4,20.9,"","","","",41055,"","","",19140,"","","",4,68029,29.7,10.1,19.9,58.0,3.1,10.7,25.0,10.7,"","","","","",""
"A1064","Napa","American Canyon, Napa, St. Helena","https://www.californiahealthmaps.org?address=A1064","Male","Thyroid",168420,8.6,4.8,14.6,97135,"","","","","","","",44735,"","","",16840,"","","",4,68029,29.7,10.1,19.9,58.0,3.1,10.7,25.0,10.7,"","","","","",""
"A1064","Napa","American Canyon, Napa, St. Helena","https://www.californiahealthmaps.org?address=A1064","Female","Thyroid",171725,13.2,8.3,20.3,101955,"","","","","","","",41055,"","","",19140,"","","",4,68029,29.7,10.1,19.9,58.0,3.1,10.7,25.0,10.7,"","","","","",""
"A1064","Napa","American Canyon, Napa, St. Helena","https://www.californiahealthmaps.org?address=A1064","Male","Liver",168420,12.8,8.5,19.1,97135,11.3,6.5,20.9,"","","","",44735,"","","",16840,"","","",4,68029,29.7,10.1,19.9,58.0,3.1,10.7,25.0,10.7,"","","","","",""
"A1064","Napa","American Canyon, Napa, St. Helena","https://www.californiahealthmaps.org?address=A1064","Female","Liver",171725,5.6,3.1,10.1,101955,"","","","","","","",41055,"","","",19140,"","","",4,68029,29.7,10.1,19.9,58.0,3.1,10.7,25.0,10.7,"","","","","",""
"A1064","Napa","American Canyon, Napa, St. Helena","https://www.californiahealthmaps.org?address=A1064","Male","Pancreas",168420,14.2,9.7,20.6,97135,15.0,9.9,24.9,"","","","",44735,"","","",16840,"","","",4,68029,29.7,10.1,19.9,58.0,3.1,10.7,25.0,10.7,"","","","","",""
"A1064","Napa","American Canyon, Napa, St. Helena","https://www.californiahealthmaps.org?address=A1064","Female","Pancreas",171725,13.0,9.0,19.0,101955,14.0,9.3,23.4,"","","","",41055,"","","",19140,"","","",4,68029,29.7,10.1,19.9,58.0,3.1,10.7,25.0,10.7,"","","","","",""
"A1064","Napa","American Canyon, Napa, St. Helena","https://www.californiahealthmaps.org?address=A1064","Both","AllSite",340145,463.9,443.8,484.9,199090,492.5,467.4,519.4,"","","","",85790,388.7,333.0,452.1,35980,396.9,330.9,473.6,4,68029,29.7,10.1,19.9,58.0,3.1,10.7,25.0,10.7,"","","","","",""
"A1064","Napa","American Canyon, Napa, St. Helena","https://www.californiahealthmaps.org?address=A1064","Both","Lung",340145,45.0,39.1,51.7,199090,49.7,42.7,58.5,"","","","",85790,"","","",35980,"","","",4,68029,29.7,10.1,19.9,58.0,3.1,10.7,25.0,10.7,"","","","","",""
"A1064","Napa","American Canyon, Napa, St. Helena","https://www.californiahealthmaps.org?address=A1064","Both","CRC",340145,37.8,32.2,44.3,199090,38.7,32.0,47.4,"","","","",85790,31.4,17.3,54.1,35980,51.7,28.6,87.0,4,68029,29.7,10.1,19.9,58.0,3.1,10.7,25.0,10.7,"","","","","",""
"A1064","Napa","American Canyon, Napa, St. Helena","https://www.californiahealthmaps.org?address=A1064","Both","Mela",340145,41.3,35.3,48.3,199090,54.5,45.7,65.4,"","","","",85790,"","","",35980,"","","",4,68029,29.7,10.1,19.9,58.0,3.1,10.7,25.0,10.7,"","","","","",""
"A1064","Napa","American Canyon, Napa, St. Helena","https://www.californiahealthmaps.org?address=A1064","Both","Lymph",340145,17.1,13.4,21.8,199090,17.0,12.6,23.5,"","","","",85790,"","","",35980,"","","",4,68029,29.7,10.1,19.9,58.0,3.1,10.7,25.0,10.7,"","","","","",""
"A1064","Napa","American Canyon, Napa, St. Helena","https://www.californiahealthmaps.org?address=A1064","Both","Urinary",340145,12.5,9.5,16.4,199090,13.0,9.7,18.5,"","","","",85790,"","","",35980,"","","",4,68029,29.7,10.1,19.9,58.0,3.1,10.7,25.0,10.7,"","","","","",""
"A1064","Napa","American Canyon, Napa, St. Helena","https://www.californiahealthmaps.org?address=A1064","Both","Kidney",340145,18.6,14.8,23.4,199090,18.8,14.1,25.5,"","","","",85790,"","","",35980,"","","",4,68029,29.7,10.1,19.9,58.0,3.1,10.7,25.0,10.7,"","","","","",""
"A1064","Napa","American Canyon, Napa, St. Helena","https://www.californiahealthmaps.org?address=A1064","Both","Thyroid",340145,10.9,7.7,15.1,199090,9.1,5.2,15.6,"","","","",85790,"","","",35980,"","","",4,68029,29.7,10.1,19.9,58.0,3.1,10.7,25.0,10.7,"","","","","",""
"A1064","Napa","American Canyon, Napa, St. Helena","https://www.californiahealthmaps.org?address=A1064","Both","Liver",340145,9.1,6.6,12.5,199090,7.5,4.8,12.5,"","","","",85790,"","","",35980,"","","",4,68029,29.7,10.1,19.9,58.0,3.1,10.7,25.0,10.7,"","","","","",""
"A1064","Napa","American Canyon, Napa, St. Helena","https://www.californiahealthmaps.org?address=A1064","Both","Pancreas",340145,13.6,10.5,17.6,199090,14.5,10.9,20.2,"","","","",85790,"","","",35980,"","","",4,68029,29.7,10.1,19.9,58.0,3.1,10.7,25.0,10.7,"","","","","",""
