"Zone","Counties","Cities","URL","Sex","Cancer","PopTot","AAIR","LCI","UCI","White_PopTot","White_AAIR","White_LCI","White_UCI","Black_PopTot","Black_AAIR","Black_LCI","Black_UCI","Hispanic_PopTot","Hispanic_AAIR","Hispanic_LCI","Hispanic_UCI","Asian_PopTot","Asian_AAIR","Asian_LCI","Asian_UCI","QNSES","PopAll","PerRural","PerUninsured","PerForeignBorn","PerWhite","PerBlack","PerAsian","PerHispanic","PerAPI","PerDocvisit","PerFOBT","PerMammo","PerMenPrev","PerPap","PerWomenPrev"
"A0028","Tulare","Visalia, Tulare","https://www.californiahealthmaps.org?address=A0028","Male","AllSite",159525,424.0,389.1,461.4,65325,399.0,357.3,445.4,"","","","",81740,467.6,388.6,561.8,"","","","",2,65042,6.7,19.3,16.6,44.5,3.1,2.8,47.1,2.8,"","","","","",""
"A0028","Tulare","Visalia, Tulare","https://www.californiahealthmaps.org?address=A0028","Female","AllSite",165685,385.8,356.1,417.6,72705,367.6,330.7,408.9,"","","","",80545,421.4,358.7,494.1,"","","","",2,65042,6.7,19.3,16.6,44.5,3.1,2.8,47.1,2.8,"","","","","",""
"A0028","Tulare","Visalia, Tulare","https://www.californiahealthmaps.org?address=A0028","Male","Prostate",159525,91.8,75.9,110.3,65325,71.9,55.7,92.9,"","","","",81740,143.5,100.4,203.0,"","","","",2,65042,6.7,19.3,16.6,44.5,3.1,2.8,47.1,2.8,"","","","","",""
"A0028","Tulare","Visalia, Tulare","https://www.californiahealthmaps.org?address=A0028","Female","Breast",165685,105.8,90.4,123.2,72705,110.6,90.6,135.3,"","","","",80545,85.9,60.7,121.2,"","","","",2,65042,6.7,19.3,16.6,44.5,3.1,2.8,47.1,2.8,"","","","","",""
"A0028","Tulare","Visalia, Tulare","https://www.californiahealthmaps.org?address=A0028","Male","Lung",159525,44.3,33.4,57.9,65325,47.0,33.9,65.1,"","","","",81740,"","","","","","","",2,65042,6.7,19.3,16.6,44.5,3.1,2.8,47.1,2.8,"","","","","",""
"A0028","Tulare","Visalia, Tulare","https://www.californiahealthmaps.org?address=A0028","Female","Lung",165685,41.0,31.9,52.1,72705,45.9,34.2,62.3,"","","","",80545,"","","","","","","",2,65042,6.7,19.3,16.6,44.5,3.1,2.8,47.1,2.8,"","","","","",""
"A0028","Tulare","Visalia, Tulare","https://www.californiahealthmaps.org?address=A0028","Male","CRC",159525,43.0,32.3,56.3,65325,40.1,27.5,58.0,"","","","",81740,56.3,30.7,99.5,"","","","",2,65042,6.7,19.3,16.6,44.5,3.1,2.8,47.1,2.8,"","","","","",""
"A0028","Tulare","Visalia, Tulare","https://www.californiahealthmaps.org?address=A0028","Female","CRC",165685,31.9,23.8,42.1,72705,28.3,19.2,42.3,"","","","",80545,39.4,21.6,68.8,"","","","",2,65042,6.7,19.3,16.6,44.5,3.1,2.8,47.1,2.8,"","","","","",""
"A0028","Tulare","Visalia, Tulare","https://www.californiahealthmaps.org?address=A0028","Male","Mela",159525,34.1,24.6,46.2,65325,35.0,23.1,52.2,"","","","",81740,"","","","","","","",2,65042,6.7,19.3,16.6,44.5,3.1,2.8,47.1,2.8,"","","","","",""
"A0028","Tulare","Visalia, Tulare","https://www.californiahealthmaps.org?address=A0028","Female","Mela",165685,12.0,7.3,18.9,72705,"","","","","","","",80545,"","","","","","","",2,65042,6.7,19.3,16.6,44.5,3.1,2.8,47.1,2.8,"","","","","",""
"A0028","Tulare","Visalia, Tulare","https://www.californiahealthmaps.org?address=A0028","Female","Uterine",165685,23.0,16.2,31.9,72705,17.5,10.5,29.7,"","","","",80545,35.1,19.1,62.4,"","","","",2,65042,6.7,19.3,16.6,44.5,3.1,2.8,47.1,2.8,"","","","","",""
"A0028","Tulare","Visalia, Tulare","https://www.californiahealthmaps.org?address=A0028","Male","Lymph",159525,12.9,7.4,21.1,65325,"","","","","","","",81740,"","","","","","","",2,65042,6.7,19.3,16.6,44.5,3.1,2.8,47.1,2.8,"","","","","",""
"A0028","Tulare","Visalia, Tulare","https://www.californiahealthmaps.org?address=A0028","Female","Lymph",165685,15.5,10.1,23.1,72705,"","","","","","","",80545,"","","","","","","",2,65042,6.7,19.3,16.6,44.5,3.1,2.8,47.1,2.8,"","","","","",""
"A0028","Tulare","Visalia, Tulare","https://www.californiahealthmaps.org?address=A0028","Male","Urinary",159525,20.7,13.3,30.9,65325,21.5,12.9,35.6,"","","","",81740,"","","","","","","",2,65042,6.7,19.3,16.6,44.5,3.1,2.8,47.1,2.8,"","","","","",""
"A0028","Tulare","Visalia, Tulare","https://www.californiahealthmaps.org?address=A0028","Female","Urinary",165685,"","","",72705,"","","","","","","",80545,"","","","","","","",2,65042,6.7,19.3,16.6,44.5,3.1,2.8,47.1,2.8,"","","","","",""
"A0028","Tulare","Visalia, Tulare","https://www.californiahealthmaps.org?address=A0028","Male","Kidney",159525,27.0,18.9,37.7,65325,22.9,13.8,37.4,"","","","",81740,35.0,18.0,69.1,"","","","",2,65042,6.7,19.3,16.6,44.5,3.1,2.8,47.1,2.8,"","","","","",""
"A0028","Tulare","Visalia, Tulare","https://www.californiahealthmaps.org?address=A0028","Female","Kidney",165685,10.6,6.3,17.2,72705,"","","","","","","",80545,"","","","","","","",2,65042,6.7,19.3,16.6,44.5,3.1,2.8,47.1,2.8,"","","","","",""
"A0028","Tulare","Visalia, Tulare","https://www.californiahealthmaps.org?address=A0028","Male","Thyroid",159525,"","","",65325,"","","","","","","",81740,"","","","","","","",2,65042,6.7,19.3,16.6,44.5,3.1,2.8,47.1,2.8,"","","","","",""
"A0028","Tulare","Visalia, Tulare","https://www.californiahealthmaps.org?address=A0028","Female","Thyroid",165685,29.6,21.5,40.1,72705,18.4,9.9,32.7,"","","","",80545,45.1,28.4,72.2,"","","","",2,65042,6.7,19.3,16.6,44.5,3.1,2.8,47.1,2.8,"","","","","",""
"A0028","Tulare","Visalia, Tulare","https://www.californiahealthmaps.org?address=A0028","Male","Liver",159525,12.1,7.0,20.0,65325,"","","","","","","",81740,"","","","","","","",2,65042,6.7,19.3,16.6,44.5,3.1,2.8,47.1,2.8,"","","","","",""
"A0028","Tulare","Visalia, Tulare","https://www.californiahealthmaps.org?address=A0028","Female","Liver",165685,"","","",72705,"","","","","","","",80545,"","","","","","","",2,65042,6.7,19.3,16.6,44.5,3.1,2.8,47.1,2.8,"","","","","",""
"A0028","Tulare","Visalia, Tulare","https://www.californiahealthmaps.org?address=A0028","Male","Pancreas",159525,11.2,6.2,19.0,65325,"","","","","","","",81740,"","","","","","","",2,65042,6.7,19.3,16.6,44.5,3.1,2.8,47.1,2.8,"","","","","",""
"A0028","Tulare","Visalia, Tulare","https://www.californiahealthmaps.org?address=A0028","Female","Pancreas",165685,"","","",72705,"","","","","","","",80545,"","","","","","","",2,65042,6.7,19.3,16.6,44.5,3.1,2.8,47.1,2.8,"","","","","",""
"A0028","Tulare","Visalia, Tulare","https://www.californiahealthmaps.org?address=A0028","Both","AllSite",325210,397.6,375.2,421.0,138030,378.0,350.5,407.7,"","","","",162285,436.9,387.5,492.1,"","","","",2,65042,6.7,19.3,16.6,44.5,3.1,2.8,47.1,2.8,"","","","","",""
"A0028","Tulare","Visalia, Tulare","https://www.californiahealthmaps.org?address=A0028","Both","Lung",325210,42.1,35.0,50.2,138030,46.2,37.3,57.3,"","","","",162285,27.4,15.3,46.6,"","","","",2,65042,6.7,19.3,16.6,44.5,3.1,2.8,47.1,2.8,"","","","","",""
"A0028","Tulare","Visalia, Tulare","https://www.californiahealthmaps.org?address=A0028","Both","CRC",325210,36.5,29.9,44.2,138030,33.5,25.7,43.6,"","","","",162285,46.7,31.2,68.9,"","","","",2,65042,6.7,19.3,16.6,44.5,3.1,2.8,47.1,2.8,"","","","","",""
"A0028","Tulare","Visalia, Tulare","https://www.californiahealthmaps.org?address=A0028","Both","Mela",325210,21.6,16.6,27.7,138030,22.2,15.7,31.1,"","","","",162285,"","","","","","","",2,65042,6.7,19.3,16.6,44.5,3.1,2.8,47.1,2.8,"","","","","",""
"A0028","Tulare","Visalia, Tulare","https://www.californiahealthmaps.org?address=A0028","Both","Lymph",325210,14.4,10.4,19.5,138030,10.6,6.6,17.2,"","","","",162285,25.2,14.3,43.0,"","","","",2,65042,6.7,19.3,16.6,44.5,3.1,2.8,47.1,2.8,"","","","","",""
"A0028","Tulare","Visalia, Tulare","https://www.californiahealthmaps.org?address=A0028","Both","Urinary",325210,12.3,8.5,17.1,138030,11.2,7.2,17.7,"","","","",162285,"","","","","","","",2,65042,6.7,19.3,16.6,44.5,3.1,2.8,47.1,2.8,"","","","","",""
"A0028","Tulare","Visalia, Tulare","https://www.californiahealthmaps.org?address=A0028","Both","Kidney",325210,18.2,13.7,23.8,138030,17.3,11.6,25.5,"","","","",162285,23.1,13.5,39.3,"","","","",2,65042,6.7,19.3,16.6,44.5,3.1,2.8,47.1,2.8,"","","","","",""
"A0028","Tulare","Visalia, Tulare","https://www.californiahealthmaps.org?address=A0028","Both","Thyroid",325210,18.4,13.7,24.2,138030,12.6,7.5,20.5,"","","","",162285,25.9,16.7,41.3,"","","","",2,65042,6.7,19.3,16.6,44.5,3.1,2.8,47.1,2.8,"","","","","",""
"A0028","Tulare","Visalia, Tulare","https://www.californiahealthmaps.org?address=A0028","Both","Liver",325210,10.4,7.0,14.9,138030,"","","","","","","",162285,"","","","","","","",2,65042,6.7,19.3,16.6,44.5,3.1,2.8,47.1,2.8,"","","","","",""
"A0028","Tulare","Visalia, Tulare","https://www.californiahealthmaps.org?address=A0028","Both","Pancreas",325210,9.5,6.3,13.8,138030,7.8,4.4,13.8,"","","","",162285,"","","","","","","",2,65042,6.7,19.3,16.6,44.5,3.1,2.8,47.1,2.8,"","","","","",""
