"Zone","Counties","Cities","URL","Sex","Cancer","PopTot","AAIR","LCI","UCI","White_PopTot","White_AAIR","White_LCI","White_UCI","Black_PopTot","Black_AAIR","Black_LCI","Black_UCI","Hispanic_PopTot","Hispanic_AAIR","Hispanic_LCI","Hispanic_UCI","Asian_PopTot","Asian_AAIR","Asian_LCI","Asian_UCI","QNSES","PopAll","PerRural","PerUninsured","PerForeignBorn","PerWhite","PerBlack","PerAsian","PerHispanic"
"B0229","Colusa, Lake","Clearlake, Colusa, Williams","https://www.californiahealthmaps.org?address=B0229","Male","AllSite",217405,435.9,410.6,462.6,140315,448.4,419.7,479.6,"","","","",60310,385.5,309.9,477.2,"","","","",1,86084,34.9,19.7,12.2,65.6,1.8,1.3,26.6
"B0229","Colusa, Lake","Clearlake, Colusa, Williams","https://www.californiahealthmaps.org?address=B0229","Female","AllSite",213015,427.2,402.5,453.4,141995,436.4,407.9,467.4,"","","","",54150,415.9,343.0,503.3,"","","","",1,86084,34.9,19.7,12.2,65.6,1.8,1.3,26.6
"B0229","Colusa, Lake","Clearlake, Colusa, Williams","https://www.californiahealthmaps.org?address=B0229","Male","Prostate",217405,83.9,73.4,95.8,140315,84.6,73.1,98.5,"","","","",60310,75.2,43.7,124.4,"","","","",1,86084,34.9,19.7,12.2,65.6,1.8,1.3,26.6
"B0229","Colusa, Lake","Clearlake, Colusa, Williams","https://www.californiahealthmaps.org?address=B0229","Female","Breast",213015,111.9,99.4,125.9,141995,114.2,99.7,131.1,"","","","",54150,117.7,82.9,167.2,"","","","",1,86084,34.9,19.7,12.2,65.6,1.8,1.3,26.6
"B0229","Colusa, Lake","Clearlake, Colusa, Williams","https://www.californiahealthmaps.org?address=B0229","Male","Lung",217405,75.3,65.0,87.1,140315,81.6,69.8,95.9,"","","","",60310,"","","","","","","",1,86084,34.9,19.7,12.2,65.6,1.8,1.3,26.6
"B0229","Colusa, Lake","Clearlake, Colusa, Williams","https://www.californiahealthmaps.org?address=B0229","Female","Lung",213015,75.4,65.6,86.6,141995,78.2,67.3,91.5,"","","","",54150,71.2,39.8,120.3,"","","","",1,86084,34.9,19.7,12.2,65.6,1.8,1.3,26.6
"B0229","Colusa, Lake","Clearlake, Colusa, Williams","https://www.californiahealthmaps.org?address=B0229","Male","CRC",217405,39.7,32.3,48.6,140315,40.6,32.5,51.2,"","","","",60310,"","","","","","","",1,86084,34.9,19.7,12.2,65.6,1.8,1.3,26.6
"B0229","Colusa, Lake","Clearlake, Colusa, Williams","https://www.californiahealthmaps.org?address=B0229","Female","CRC",213015,38.4,31.3,47.0,141995,36.9,29.1,47.2,"","","","",54150,"","","","","","","",1,86084,34.9,19.7,12.2,65.6,1.8,1.3,26.6
"B0229","Colusa, Lake","Clearlake, Colusa, Williams","https://www.californiahealthmaps.org?address=B0229","Male","Mela",217405,30.2,23.8,38.2,140315,34.2,26.3,44.7,"","","","",60310,"","","","","","","",1,86084,34.9,19.7,12.2,65.6,1.8,1.3,26.6
"B0229","Colusa, Lake","Clearlake, Colusa, Williams","https://www.californiahealthmaps.org?address=B0229","Female","Mela",213015,14.7,10.3,20.7,141995,16.1,11.0,24.1,"","","","",54150,"","","","","","","",1,86084,34.9,19.7,12.2,65.6,1.8,1.3,26.6
"B0229","Colusa, Lake","Clearlake, Colusa, Williams","https://www.californiahealthmaps.org?address=B0229","Female","Uterine",213015,20.5,15.4,27.1,141995,20.9,14.8,29.8,"","","","",54150,"","","","","","","",1,86084,34.9,19.7,12.2,65.6,1.8,1.3,26.6
"B0229","Colusa, Lake","Clearlake, Colusa, Williams","https://www.californiahealthmaps.org?address=B0229","Male","Lymph",217405,17.7,12.8,24.3,140315,17.7,12.1,26.2,"","","","",60310,"","","","","","","",1,86084,34.9,19.7,12.2,65.6,1.8,1.3,26.6
"B0229","Colusa, Lake","Clearlake, Colusa, Williams","https://www.californiahealthmaps.org?address=B0229","Female","Lymph",213015,17.0,12.5,23.1,141995,20.6,14.7,29.2,"","","","",54150,"","","","","","","",1,86084,34.9,19.7,12.2,65.6,1.8,1.3,26.6
"B0229","Colusa, Lake","Clearlake, Colusa, Williams","https://www.californiahealthmaps.org?address=B0229","Male","Urinary",217405,12.0,8.1,17.6,140315,12.3,8.1,19.5,"","","","",60310,"","","","","","","",1,86084,34.9,19.7,12.2,65.6,1.8,1.3,26.6
"B0229","Colusa, Lake","Clearlake, Colusa, Williams","https://www.californiahealthmaps.org?address=B0229","Female","Urinary",213015,5.6,3.2,9.7,141995,6.7,3.8,12.5,"","","","",54150,"","","","","","","",1,86084,34.9,19.7,12.2,65.6,1.8,1.3,26.6
"B0229","Colusa, Lake","Clearlake, Colusa, Williams","https://www.californiahealthmaps.org?address=B0229","Male","Kidney",217405,19.9,14.8,26.8,140315,19.3,13.4,28.0,"","","","",60310,"","","","","","","",1,86084,34.9,19.7,12.2,65.6,1.8,1.3,26.6
"B0229","Colusa, Lake","Clearlake, Colusa, Williams","https://www.californiahealthmaps.org?address=B0229","Female","Kidney",213015,9.6,6.2,14.6,141995,9.1,5.4,15.7,"","","","",54150,"","","","","","","",1,86084,34.9,19.7,12.2,65.6,1.8,1.3,26.6
"B0229","Colusa, Lake","Clearlake, Colusa, Williams","https://www.californiahealthmaps.org?address=B0229","Male","Thyroid",217405,3.9,1.8,8.0,140315,"","","","","","","",60310,"","","","","","","",1,86084,34.9,19.7,12.2,65.6,1.8,1.3,26.6
"B0229","Colusa, Lake","Clearlake, Colusa, Williams","https://www.californiahealthmaps.org?address=B0229","Female","Thyroid",213015,12.1,7.7,18.4,141995,11.7,6.3,20.5,"","","","",54150,"","","","","","","",1,86084,34.9,19.7,12.2,65.6,1.8,1.3,26.6
"B0229","Colusa, Lake","Clearlake, Colusa, Williams","https://www.californiahealthmaps.org?address=B0229","Both","AllSite",430420,428.7,411.1,447.0,282310,439.9,419.7,461.3,"","","","",114460,392.4,340.5,451.2,"","","","",1,86084,34.9,19.7,12.2,65.6,1.8,1.3,26.6
"B0229","Colusa, Lake","Clearlake, Colusa, Williams","https://www.californiahealthmaps.org?address=B0229","Both","Lung",430420,74.9,67.8,82.8,282310,79.4,71.3,88.6,"","","","",114460,55.3,35.8,82.9,"","","","",1,86084,34.9,19.7,12.2,65.6,1.8,1.3,26.6
"B0229","Colusa, Lake","Clearlake, Colusa, Williams","https://www.californiahealthmaps.org?address=B0229","Both","CRC",430420,38.5,33.4,44.3,282310,38.1,32.5,44.9,"","","","",114460,43.5,27.2,67.5,"","","","",1,86084,34.9,19.7,12.2,65.6,1.8,1.3,26.6
"B0229","Colusa, Lake","Clearlake, Colusa, Williams","https://www.californiahealthmaps.org?address=B0229","Both","Mela",430420,21.8,18.0,26.4,282310,24.4,19.7,30.3,"","","","",114460,"","","","","","","",1,86084,34.9,19.7,12.2,65.6,1.8,1.3,26.6
"B0229","Colusa, Lake","Clearlake, Colusa, Williams","https://www.californiahealthmaps.org?address=B0229","Both","Lymph",430420,17.3,13.9,21.4,282310,19.1,15.0,24.6,"","","","",114460,"","","","","","","",1,86084,34.9,19.7,12.2,65.6,1.8,1.3,26.6
"B0229","Colusa, Lake","Clearlake, Colusa, Williams","https://www.californiahealthmaps.org?address=B0229","Both","Urinary",430420,8.6,6.3,11.6,282310,9.3,6.7,13.3,"","","","",114460,"","","","","","","",1,86084,34.9,19.7,12.2,65.6,1.8,1.3,26.6
"B0229","Colusa, Lake","Clearlake, Colusa, Williams","https://www.californiahealthmaps.org?address=B0229","Both","Kidney",430420,14.6,11.5,18.5,282310,14.0,10.5,18.8,"","","","",114460,"","","","","","","",1,86084,34.9,19.7,12.2,65.6,1.8,1.3,26.6
"B0229","Colusa, Lake","Clearlake, Colusa, Williams","https://www.californiahealthmaps.org?address=B0229","Both","Thyroid",430420,7.9,5.4,11.3,282310,7.1,4.2,11.7,"","","","",114460,"","","","","","","",1,86084,34.9,19.7,12.2,65.6,1.8,1.3,26.6
