"Zone","Counties","Cities","URL","Sex","Cancer","PopTot","AAIR","LCI","UCI","White_PopTot","White_AAIR","White_LCI","White_UCI","Black_PopTot","Black_AAIR","Black_LCI","Black_UCI","Hispanic_PopTot","Hispanic_AAIR","Hispanic_LCI","Hispanic_UCI","Asian_PopTot","Asian_AAIR","Asian_LCI","Asian_UCI","QNSES","PopAll","PerRural","PerUninsured","PerForeignBorn","PerWhite","PerBlack","PerAsian","PerHispanic"
"A0581","Orange","Laguna Hills, Mission Viejo","https://www.californiahealthmaps.org?address=A0581","Male","AllSite",161575,519.9,485.7,556.4,114715,513.1,474.9,554.5,"","","","",21365,631.8,472.1,838.1,16695,362.3,270.8,481.8,5,66578,0.0,8.5,20.8,71.8,1.1,10.6,12.1
"A0581","Orange","Laguna Hills, Mission Viejo","https://www.californiahealthmaps.org?address=A0581","Female","AllSite",171315,418.1,389.9,448.3,119530,431.3,398.4,467.3,"","","","",23035,373.4,286.0,483.2,20165,289.2,222.0,375.8,5,66578,0.0,8.5,20.8,71.8,1.1,10.6,12.1
"A0581","Orange","Laguna Hills, Mission Viejo","https://www.californiahealthmaps.org?address=A0581","Male","Prostate",161575,138.3,121.3,157.5,114715,127.2,109.3,148.4,"","","","",21365,237.7,148.7,374.3,16695,"","","",5,66578,0.0,8.5,20.8,71.8,1.1,10.6,12.1
"A0581","Orange","Laguna Hills, Mission Viejo","https://www.californiahealthmaps.org?address=A0581","Female","Breast",171315,132.4,117.2,149.5,119530,138.3,120.8,159.0,"","","","",23035,100.4,60.2,163.5,20165,98.5,63.9,152.8,5,66578,0.0,8.5,20.8,71.8,1.1,10.6,12.1
"A0581","Orange","Laguna Hills, Mission Viejo","https://www.californiahealthmaps.org?address=A0581","Male","Lung",161575,44.1,34.3,56.3,114715,42.9,32.3,57.1,"","","","",21365,"","","",16695,"","","",5,66578,0.0,8.5,20.8,71.8,1.1,10.6,12.1
"A0581","Orange","Laguna Hills, Mission Viejo","https://www.californiahealthmaps.org?address=A0581","Female","Lung",171315,39.8,31.5,50.3,119530,42.1,32.4,55.2,"","","","",23035,"","","",20165,"","","",5,66578,0.0,8.5,20.8,71.8,1.1,10.6,12.1
"A0581","Orange","Laguna Hills, Mission Viejo","https://www.californiahealthmaps.org?address=A0581","Male","CRC",161575,43.4,34.0,55.2,114715,41.8,31.6,55.6,"","","","",21365,"","","",16695,"","","",5,66578,0.0,8.5,20.8,71.8,1.1,10.6,12.1
"A0581","Orange","Laguna Hills, Mission Viejo","https://www.californiahealthmaps.org?address=A0581","Female","CRC",171315,29.3,22.1,38.7,119530,28.6,20.5,40.4,"","","","",23035,"","","",20165,"","","",5,66578,0.0,8.5,20.8,71.8,1.1,10.6,12.1
"A0581","Orange","Laguna Hills, Mission Viejo","https://www.californiahealthmaps.org?address=A0581","Male","Mela",161575,57.7,46.6,71.1,114715,62.6,49.6,79.3,"","","","",21365,"","","",16695,"","","",5,66578,0.0,8.5,20.8,71.8,1.1,10.6,12.1
"A0581","Orange","Laguna Hills, Mission Viejo","https://www.californiahealthmaps.org?address=A0581","Female","Mela",171315,28.3,21.2,37.6,119530,31.8,22.9,44.4,"","","","",23035,"","","",20165,"","","",5,66578,0.0,8.5,20.8,71.8,1.1,10.6,12.1
"A0581","Orange","Laguna Hills, Mission Viejo","https://www.californiahealthmaps.org?address=A0581","Female","Uterine",171315,26.3,19.8,35.1,119530,28.1,20.5,39.1,"","","","",23035,"","","",20165,"","","",5,66578,0.0,8.5,20.8,71.8,1.1,10.6,12.1
"A0581","Orange","Laguna Hills, Mission Viejo","https://www.californiahealthmaps.org?address=A0581","Male","Lymph",161575,35.6,27.0,46.6,114715,36.4,27.0,49.3,"","","","",21365,"","","",16695,"","","",5,66578,0.0,8.5,20.8,71.8,1.1,10.6,12.1
"A0581","Orange","Laguna Hills, Mission Viejo","https://www.californiahealthmaps.org?address=A0581","Female","Lymph",171315,16.9,11.5,24.6,119530,16.5,10.2,26.6,"","","","",23035,"","","",20165,"","","",5,66578,0.0,8.5,20.8,71.8,1.1,10.6,12.1
"A0581","Orange","Laguna Hills, Mission Viejo","https://www.californiahealthmaps.org?address=A0581","Male","Urinary",161575,11.1,6.6,18.1,114715,11.8,6.9,20.6,"","","","",21365,"","","",16695,"","","",5,66578,0.0,8.5,20.8,71.8,1.1,10.6,12.1
"A0581","Orange","Laguna Hills, Mission Viejo","https://www.californiahealthmaps.org?address=A0581","Female","Urinary",171315,5.4,2.6,10.6,119530,"","","","","","","",23035,"","","",20165,"","","",5,66578,0.0,8.5,20.8,71.8,1.1,10.6,12.1
"A0581","Orange","Laguna Hills, Mission Viejo","https://www.californiahealthmaps.org?address=A0581","Male","Kidney",161575,20.5,14.2,29.2,114715,17.3,11.1,27.3,"","","","",21365,"","","",16695,"","","",5,66578,0.0,8.5,20.8,71.8,1.1,10.6,12.1
"A0581","Orange","Laguna Hills, Mission Viejo","https://www.californiahealthmaps.org?address=A0581","Female","Kidney",171315,8.1,4.5,14.2,119530,"","","","","","","",23035,"","","",20165,"","","",5,66578,0.0,8.5,20.8,71.8,1.1,10.6,12.1
"A0581","Orange","Laguna Hills, Mission Viejo","https://www.californiahealthmaps.org?address=A0581","Male","Thyroid",161575,10.0,5.8,16.9,114715,12.1,6.5,21.9,"","","","",21365,"","","",16695,"","","",5,66578,0.0,8.5,20.8,71.8,1.1,10.6,12.1
"A0581","Orange","Laguna Hills, Mission Viejo","https://www.californiahealthmaps.org?address=A0581","Female","Thyroid",171315,24.8,17.9,33.9,119530,22.5,15.2,33.5,"","","","",23035,"","","",20165,"","","",5,66578,0.0,8.5,20.8,71.8,1.1,10.6,12.1
"A0581","Orange","Laguna Hills, Mission Viejo","https://www.californiahealthmaps.org?address=A0581","Both","AllSite",332890,462.0,440.1,484.8,234245,466.4,441.5,492.9,"","","","",44400,469.5,387.8,565.8,36860,324.0,267.7,390.7,5,66578,0.0,8.5,20.8,71.8,1.1,10.6,12.1
"A0581","Orange","Laguna Hills, Mission Viejo","https://www.californiahealthmaps.org?address=A0581","Both","Lung",332890,41.4,35.0,48.9,234245,42.3,35.1,51.2,"","","","",44400,"","","",36860,40.0,23.1,67.9,5,66578,0.0,8.5,20.8,71.8,1.1,10.6,12.1
"A0581","Orange","Laguna Hills, Mission Viejo","https://www.californiahealthmaps.org?address=A0581","Both","CRC",332890,35.4,29.6,42.4,234245,34.4,27.9,42.5,"","","","",44400,"","","",36860,"","","",5,66578,0.0,8.5,20.8,71.8,1.1,10.6,12.1
"A0581","Orange","Laguna Hills, Mission Viejo","https://www.californiahealthmaps.org?address=A0581","Both","Mela",332890,41.6,35.2,49.1,234245,46.1,38.2,55.7,"","","","",44400,"","","",36860,"","","",5,66578,0.0,8.5,20.8,71.8,1.1,10.6,12.1
"A0581","Orange","Laguna Hills, Mission Viejo","https://www.californiahealthmaps.org?address=A0581","Both","Lymph",332890,25.0,20.1,31.0,234245,25.1,19.6,32.3,"","","","",44400,"","","",36860,"","","",5,66578,0.0,8.5,20.8,71.8,1.1,10.6,12.1
"A0581","Orange","Laguna Hills, Mission Viejo","https://www.californiahealthmaps.org?address=A0581","Both","Urinary",332890,7.7,5.2,11.5,234245,8.5,5.6,13.2,"","","","",44400,"","","",36860,"","","",5,66578,0.0,8.5,20.8,71.8,1.1,10.6,12.1
"A0581","Orange","Laguna Hills, Mission Viejo","https://www.californiahealthmaps.org?address=A0581","Both","Kidney",332890,13.7,10.2,18.5,234245,11.6,8.0,17.0,"","","","",44400,"","","",36860,"","","",5,66578,0.0,8.5,20.8,71.8,1.1,10.6,12.1
"A0581","Orange","Laguna Hills, Mission Viejo","https://www.californiahealthmaps.org?address=A0581","Both","Thyroid",332890,17.7,13.5,23.1,234245,17.4,12.6,24.0,"","","","",44400,"","","",36860,"","","",5,66578,0.0,8.5,20.8,71.8,1.1,10.6,12.1
