"Zone","Counties","Cities","URL","Sex","Cancer","PopTot","AAIR","LCI","UCI","White_PopTot","White_AAIR","White_LCI","White_UCI","Black_PopTot","Black_AAIR","Black_LCI","Black_UCI","Hispanic_PopTot","Hispanic_AAIR","Hispanic_LCI","Hispanic_UCI","Asian_PopTot","Asian_AAIR","Asian_LCI","Asian_UCI","QNSES","PopAll","PerRural","PerUninsured","PerForeignBorn","PerWhite","PerBlack","PerAsian","PerHispanic"
"A0648","Los Angeles","Pomona","https://www.californiahealthmaps.org?address=A0648","Male","AllSite",150605,474.0,433.0,518.1,38565,469.7,407.9,542.6,11530,635.6,484.2,825.1,85115,453.3,382.1,538.0,11575,372.7,261.5,524.0,2,62481,0.0,19.8,27.2,25.5,9.6,7.9,55.2
"A0648","Los Angeles","Pomona","https://www.californiahealthmaps.org?address=A0648","Female","AllSite",161800,417.9,385.4,452.6,44510,421.6,367.7,487.4,13615,461.7,361.8,587.4,86245,401.3,346.4,463.4,12865,441.2,333.9,585.2,2,62481,0.0,19.8,27.2,25.5,9.6,7.9,55.2
"A0648","Los Angeles","Pomona","https://www.californiahealthmaps.org?address=A0648","Male","Prostate",150605,130.0,108.9,154.3,38565,141.9,108.8,187.0,11530,174.4,102.5,285.6,85115,108.3,75.9,155.0,11575,"","","",2,62481,0.0,19.8,27.2,25.5,9.6,7.9,55.2
"A0648","Los Angeles","Pomona","https://www.californiahealthmaps.org?address=A0648","Female","Breast",161800,114.7,97.9,133.7,44510,118.2,90.6,159.0,13615,139.2,87.1,219.3,86245,90.6,66.4,122.1,12865,139.1,81.8,236.9,2,62481,0.0,19.8,27.2,25.5,9.6,7.9,55.2
"A0648","Los Angeles","Pomona","https://www.californiahealthmaps.org?address=A0648","Male","Lung",150605,54.8,41.0,72.1,38565,66.6,43.7,102.8,11530,"","","",85115,"","","",11575,"","","",2,62481,0.0,19.8,27.2,25.5,9.6,7.9,55.2
"A0648","Los Angeles","Pomona","https://www.californiahealthmaps.org?address=A0648","Female","Lung",161800,32.6,24.1,43.4,44510,36.5,22.9,65.3,13615,"","","",86245,"","","",12865,"","","",2,62481,0.0,19.8,27.2,25.5,9.6,7.9,55.2
"A0648","Los Angeles","Pomona","https://www.californiahealthmaps.org?address=A0648","Male","CRC",150605,45.8,33.7,61.2,38565,36.7,21.4,65.8,11530,"","","",85115,38.1,20.1,71.8,11575,"","","",2,62481,0.0,19.8,27.2,25.5,9.6,7.9,55.2
"A0648","Los Angeles","Pomona","https://www.californiahealthmaps.org?address=A0648","Female","CRC",161800,40.3,30.8,52.1,44510,40.7,25.3,71.3,13615,"","","",86245,41.8,25.2,66.3,12865,"","","",2,62481,0.0,19.8,27.2,25.5,9.6,7.9,55.2
"A0648","Los Angeles","Pomona","https://www.californiahealthmaps.org?address=A0648","Male","Mela",150605,24.4,15.9,36.2,38565,40.9,25.5,69.7,11530,"","","",85115,"","","",11575,"","","",2,62481,0.0,19.8,27.2,25.5,9.6,7.9,55.2
"A0648","Los Angeles","Pomona","https://www.californiahealthmaps.org?address=A0648","Female","Mela",161800,13.4,8.4,20.6,44510,29.0,16.3,57.8,13615,"","","",86245,"","","",12865,"","","",2,62481,0.0,19.8,27.2,25.5,9.6,7.9,55.2
"A0648","Los Angeles","Pomona","https://www.californiahealthmaps.org?address=A0648","Female","Uterine",161800,39.9,30.1,52.0,44510,27.6,15.6,55.7,13615,"","","",86245,57.1,37.1,85.1,12865,"","","",2,62481,0.0,19.8,27.2,25.5,9.6,7.9,55.2
"A0648","Los Angeles","Pomona","https://www.californiahealthmaps.org?address=A0648","Male","Lymph",150605,38.7,27.6,53.2,38565,"","","",11530,"","","",85115,53.2,31.6,90.1,11575,"","","",2,62481,0.0,19.8,27.2,25.5,9.6,7.9,55.2
"A0648","Los Angeles","Pomona","https://www.californiahealthmaps.org?address=A0648","Female","Lymph",161800,15.8,10.1,23.7,44510,"","","",13615,"","","",86245,"","","",12865,"","","",2,62481,0.0,19.8,27.2,25.5,9.6,7.9,55.2
"A0648","Los Angeles","Pomona","https://www.californiahealthmaps.org?address=A0648","Male","Urinary",150605,13.6,7.3,23.5,38565,"","","",11530,"","","",85115,"","","",11575,"","","",2,62481,0.0,19.8,27.2,25.5,9.6,7.9,55.2
"A0648","Los Angeles","Pomona","https://www.californiahealthmaps.org?address=A0648","Female","Urinary",161800,4.0,1.4,9.1,44510,"","","",13615,"","","",86245,"","","",12865,"","","",2,62481,0.0,19.8,27.2,25.5,9.6,7.9,55.2
"A0648","Los Angeles","Pomona","https://www.californiahealthmaps.org?address=A0648","Male","Kidney",150605,22.4,14.2,34.1,38565,"","","",11530,"","","",85115,"","","",11575,"","","",2,62481,0.0,19.8,27.2,25.5,9.6,7.9,55.2
"A0648","Los Angeles","Pomona","https://www.californiahealthmaps.org?address=A0648","Female","Kidney",161800,17.3,11.3,25.7,44510,"","","",13615,"","","",86245,30.6,17.2,51.9,12865,"","","",2,62481,0.0,19.8,27.2,25.5,9.6,7.9,55.2
"A0648","Los Angeles","Pomona","https://www.californiahealthmaps.org?address=A0648","Male","Thyroid",150605,7.0,2.9,14.7,38565,"","","",11530,"","","",85115,"","","",11575,"","","",2,62481,0.0,19.8,27.2,25.5,9.6,7.9,55.2
"A0648","Los Angeles","Pomona","https://www.californiahealthmaps.org?address=A0648","Female","Thyroid",161800,15.5,9.7,23.6,44510,"","","",13615,"","","",86245,"","","",12865,"","","",2,62481,0.0,19.8,27.2,25.5,9.6,7.9,55.2
"A0648","Los Angeles","Pomona","https://www.californiahealthmaps.org?address=A0648","Both","AllSite",312405,437.2,411.9,463.7,83075,437.3,397.3,482.6,25145,520.3,436.2,619.0,171360,418.3,375.0,466.2,24440,410.0,331.2,506.8,2,62481,0.0,19.8,27.2,25.5,9.6,7.9,55.2
"A0648","Los Angeles","Pomona","https://www.californiahealthmaps.org?address=A0648","Both","Lung",312405,41.4,33.7,50.4,83075,48.7,36.0,67.5,25145,62.8,35.5,106.6,171360,28.8,17.3,45.8,24440,"","","",2,62481,0.0,19.8,27.2,25.5,9.6,7.9,55.2
"A0648","Los Angeles","Pomona","https://www.californiahealthmaps.org?address=A0648","Both","CRC",312405,42.8,35.1,51.7,83075,38.4,27.5,55.8,25145,64.1,36.7,107.9,171360,40.5,27.7,58.4,24440,"","","",2,62481,0.0,19.8,27.2,25.5,9.6,7.9,55.2
"A0648","Los Angeles","Pomona","https://www.californiahealthmaps.org?address=A0648","Both","Mela",312405,17.3,12.8,23.1,83075,32.2,22.6,48.2,25145,"","","",171360,"","","",24440,"","","",2,62481,0.0,19.8,27.2,25.5,9.6,7.9,55.2
"A0648","Los Angeles","Pomona","https://www.californiahealthmaps.org?address=A0648","Both","Lymph",312405,25.3,19.6,32.4,83075,20.2,12.6,34.8,25145,"","","",171360,34.1,22.7,50.4,24440,"","","",2,62481,0.0,19.8,27.2,25.5,9.6,7.9,55.2
"A0648","Los Angeles","Pomona","https://www.californiahealthmaps.org?address=A0648","Both","Urinary",312405,7.9,4.8,12.5,83075,"","","",25145,"","","",171360,"","","",24440,"","","",2,62481,0.0,19.8,27.2,25.5,9.6,7.9,55.2
"A0648","Los Angeles","Pomona","https://www.californiahealthmaps.org?address=A0648","Both","Kidney",312405,19.1,14.1,25.4,83075,"","","",25145,"","","",171360,28.3,17.9,43.6,24440,"","","",2,62481,0.0,19.8,27.2,25.5,9.6,7.9,55.2
"A0648","Los Angeles","Pomona","https://www.californiahealthmaps.org?address=A0648","Both","Thyroid",312405,11.5,7.8,16.7,83075,"","","",25145,"","","",171360,"","","",24440,"","","",2,62481,0.0,19.8,27.2,25.5,9.6,7.9,55.2
