"Zone","Counties","Cities","URL","Sex","Cancer","PopTot","AAIR","LCI","UCI","White_PopTot","White_AAIR","White_LCI","White_UCI","Black_PopTot","Black_AAIR","Black_LCI","Black_UCI","Hispanic_PopTot","Hispanic_AAIR","Hispanic_LCI","Hispanic_UCI","Asian_PopTot","Asian_AAIR","Asian_LCI","Asian_UCI","QNSES","PopAll","PerRural","PerUninsured","PerForeignBorn","PerWhite","PerBlack","PerAsian","PerHispanic"
"A0720","San Luis Obispo","Arroyo Grande, Pismo Beach","https://www.californiahealthmaps.org?address=A0720","Male","AllSite",173535,513.1,482.9,545.0,114445,494.3,460.7,530.6,"","","","",47685,489.1,401.8,593.9,"","","","",3,70892,5.8,15.8,11.4,67.6,1.1,3.7,24.8
"A0720","San Luis Obispo","Arroyo Grande, Pismo Beach","https://www.californiahealthmaps.org?address=A0720","Female","AllSite",180925,462.2,434.9,491.3,121745,459.4,427.7,493.8,"","","","",46905,437.9,368.4,518.8,"","","","",3,70892,5.8,15.8,11.4,67.6,1.1,3.7,24.8
"A0720","San Luis Obispo","Arroyo Grande, Pismo Beach","https://www.californiahealthmaps.org?address=A0720","Male","Prostate",173535,118.4,104.7,133.9,114445,97.0,83.7,113.1,"","","","",47685,113.1,76.7,167.3,"","","","",3,70892,5.8,15.8,11.4,67.6,1.1,3.7,24.8
"A0720","San Luis Obispo","Arroyo Grande, Pismo Beach","https://www.californiahealthmaps.org?address=A0720","Female","Breast",180925,145.5,130.5,162.2,121745,144.7,127.7,164.6,"","","","",46905,157.6,116.5,210.9,"","","","",3,70892,5.8,15.8,11.4,67.6,1.1,3.7,24.8
"A0720","San Luis Obispo","Arroyo Grande, Pismo Beach","https://www.californiahealthmaps.org?address=A0720","Male","Lung",173535,50.1,41.1,60.8,114445,47.9,38.4,60.2,"","","","",47685,75.8,40.5,132.5,"","","","",3,70892,5.8,15.8,11.4,67.6,1.1,3.7,24.8
"A0720","San Luis Obispo","Arroyo Grande, Pismo Beach","https://www.californiahealthmaps.org?address=A0720","Female","Lung",180925,43.0,35.3,52.3,121745,43.4,35.2,54.6,"","","","",46905,"","","","","","","",3,70892,5.8,15.8,11.4,67.6,1.1,3.7,24.8
"A0720","San Luis Obispo","Arroyo Grande, Pismo Beach","https://www.californiahealthmaps.org?address=A0720","Male","CRC",173535,35.3,27.7,44.7,114445,36.2,27.5,47.9,"","","","",47685,"","","","","","","",3,70892,5.8,15.8,11.4,67.6,1.1,3.7,24.8
"A0720","San Luis Obispo","Arroyo Grande, Pismo Beach","https://www.californiahealthmaps.org?address=A0720","Female","CRC",180925,40.4,32.6,50.1,121745,35.9,28.0,46.9,"","","","",46905,48.7,28.7,81.0,"","","","",3,70892,5.8,15.8,11.4,67.6,1.1,3.7,24.8
"A0720","San Luis Obispo","Arroyo Grande, Pismo Beach","https://www.californiahealthmaps.org?address=A0720","Male","Mela",173535,58.3,48.3,70.2,114445,58.6,47.2,73.1,"","","","",47685,"","","","","","","",3,70892,5.8,15.8,11.4,67.6,1.1,3.7,24.8
"A0720","San Luis Obispo","Arroyo Grande, Pismo Beach","https://www.californiahealthmaps.org?address=A0720","Female","Mela",180925,30.7,24.0,39.4,121745,31.4,23.2,42.8,"","","","",46905,"","","","","","","",3,70892,5.8,15.8,11.4,67.6,1.1,3.7,24.8
"A0720","San Luis Obispo","Arroyo Grande, Pismo Beach","https://www.californiahealthmaps.org?address=A0720","Female","Uterine",180925,20.0,15.0,26.8,121745,22.3,16.3,31.6,"","","","",46905,"","","","","","","",3,70892,5.8,15.8,11.4,67.6,1.1,3.7,24.8
"A0720","San Luis Obispo","Arroyo Grande, Pismo Beach","https://www.californiahealthmaps.org?address=A0720","Male","Lymph",173535,21.6,15.9,29.2,114445,21.1,14.9,30.4,"","","","",47685,"","","","","","","",3,70892,5.8,15.8,11.4,67.6,1.1,3.7,24.8
"A0720","San Luis Obispo","Arroyo Grande, Pismo Beach","https://www.californiahealthmaps.org?address=A0720","Female","Lymph",180925,24.4,18.5,32.2,121745,24.6,17.5,35.1,"","","","",46905,"","","","","","","",3,70892,5.8,15.8,11.4,67.6,1.1,3.7,24.8
"A0720","San Luis Obispo","Arroyo Grande, Pismo Beach","https://www.californiahealthmaps.org?address=A0720","Male","Urinary",173535,20.3,14.7,27.9,114445,22.4,15.9,32.0,"","","","",47685,"","","","","","","",3,70892,5.8,15.8,11.4,67.6,1.1,3.7,24.8
"A0720","San Luis Obispo","Arroyo Grande, Pismo Beach","https://www.californiahealthmaps.org?address=A0720","Female","Urinary",180925,5.5,3.1,9.8,121745,5.9,3.3,12.2,"","","","",46905,"","","","","","","",3,70892,5.8,15.8,11.4,67.6,1.1,3.7,24.8
"A0720","San Luis Obispo","Arroyo Grande, Pismo Beach","https://www.californiahealthmaps.org?address=A0720","Male","Kidney",173535,24.1,17.8,32.4,114445,18.4,12.8,27.2,"","","","",47685,"","","","","","","",3,70892,5.8,15.8,11.4,67.6,1.1,3.7,24.8
"A0720","San Luis Obispo","Arroyo Grande, Pismo Beach","https://www.californiahealthmaps.org?address=A0720","Female","Kidney",180925,11.4,7.3,17.5,121745,11.3,6.4,20.0,"","","","",46905,"","","","","","","",3,70892,5.8,15.8,11.4,67.6,1.1,3.7,24.8
"A0720","San Luis Obispo","Arroyo Grande, Pismo Beach","https://www.californiahealthmaps.org?address=A0720","Male","Thyroid",173535,7.1,3.9,12.4,114445,"","","","","","","",47685,"","","","","","","",3,70892,5.8,15.8,11.4,67.6,1.1,3.7,24.8
"A0720","San Luis Obispo","Arroyo Grande, Pismo Beach","https://www.californiahealthmaps.org?address=A0720","Female","Thyroid",180925,19.1,13.1,27.2,121745,25.0,16.1,37.8,"","","","",46905,"","","","","","","",3,70892,5.8,15.8,11.4,67.6,1.1,3.7,24.8
"A0720","San Luis Obispo","Arroyo Grande, Pismo Beach","https://www.californiahealthmaps.org?address=A0720","Both","AllSite",354460,483.4,463.2,504.5,236190,474.2,451.1,498.6,"","","","",94590,454.3,399.7,515.7,10640,395.9,297.7,532.4,3,70892,5.8,15.8,11.4,67.6,1.1,3.7,24.8
"A0720","San Luis Obispo","Arroyo Grande, Pismo Beach","https://www.californiahealthmaps.org?address=A0720","Both","Lung",354460,45.9,40.0,52.6,236190,45.4,39.1,53.0,"","","","",94590,50.1,31.5,76.8,10640,"","","",3,70892,5.8,15.8,11.4,67.6,1.1,3.7,24.8
"A0720","San Luis Obispo","Arroyo Grande, Pismo Beach","https://www.californiahealthmaps.org?address=A0720","Both","CRC",354460,38.0,32.4,44.4,236190,36.2,30.2,43.6,"","","","",94590,48.3,31.8,72.3,10640,"","","",3,70892,5.8,15.8,11.4,67.6,1.1,3.7,24.8
"A0720","San Luis Obispo","Arroyo Grande, Pismo Beach","https://www.californiahealthmaps.org?address=A0720","Both","Mela",354460,43.2,37.2,50.0,236190,43.7,36.7,52.1,"","","","",94590,"","","",10640,"","","",3,70892,5.8,15.8,11.4,67.6,1.1,3.7,24.8
"A0720","San Luis Obispo","Arroyo Grande, Pismo Beach","https://www.californiahealthmaps.org?address=A0720","Both","Lymph",354460,23.0,18.8,28.2,236190,22.8,18.0,29.2,"","","","",94590,"","","",10640,"","","",3,70892,5.8,15.8,11.4,67.6,1.1,3.7,24.8
"A0720","San Luis Obispo","Arroyo Grande, Pismo Beach","https://www.californiahealthmaps.org?address=A0720","Both","Urinary",354460,12.1,9.2,16.0,236190,13.4,10.0,18.3,"","","","",94590,"","","",10640,"","","",3,70892,5.8,15.8,11.4,67.6,1.1,3.7,24.8
"A0720","San Luis Obispo","Arroyo Grande, Pismo Beach","https://www.californiahealthmaps.org?address=A0720","Both","Kidney",354460,17.3,13.5,22.0,236190,14.5,10.7,19.9,"","","","",94590,31.5,18.2,52.5,10640,"","","",3,70892,5.8,15.8,11.4,67.6,1.1,3.7,24.8
"A0720","San Luis Obispo","Arroyo Grande, Pismo Beach","https://www.californiahealthmaps.org?address=A0720","Both","Thyroid",354460,13.1,9.6,17.7,236190,16.3,11.3,23.2,"","","","",94590,"","","",10640,"","","",3,70892,5.8,15.8,11.4,67.6,1.1,3.7,24.8
