"Zone","Counties","Cities","URL","Sex","Cancer","PopTot","AAIR","LCI","UCI","White_PopTot","White_AAIR","White_LCI","White_UCI","Black_PopTot","Black_AAIR","Black_LCI","Black_UCI","Hispanic_PopTot","Hispanic_AAIR","Hispanic_LCI","Hispanic_UCI","Asian_PopTot","Asian_AAIR","Asian_LCI","Asian_UCI","QNSES","PopAll","PerRural","PerUninsured","PerForeignBorn","PerWhite","PerBlack","PerAsian","PerHispanic","PerAPI","PerDocvisit","PerFOBT","PerMammo","PerMenPrev","PerPap","PerWomenPrev"
"A0796","Los Angeles","","https://www.californiahealthmaps.org?address=A0796","Male","AllSite",152550,323.3,289.1,360.8,"","","","","","","","",148385,318.3,283.1,357.1,"","","","",1,61114,0.0,38.3,42.8,1.1,0.2,0.8,97.7,0.8,"","","","","",""
"A0796","Los Angeles","","https://www.californiahealthmaps.org?address=A0796","Female","AllSite",153020,302.5,272.8,334.8,"","","","","","","","",148945,300.5,270.2,333.5,"","","","",1,61114,0.0,38.3,42.8,1.1,0.2,0.8,97.7,0.8,"","","","","",""
"A0796","Los Angeles","","https://www.californiahealthmaps.org?address=A0796","Male","Prostate",152550,71.2,55.5,90.4,"","","","","","","","",148385,69.4,53.4,89.1,"","","","",1,61114,0.0,38.3,42.8,1.1,0.2,0.8,97.7,0.8,"","","","","",""
"A0796","Los Angeles","","https://www.californiahealthmaps.org?address=A0796","Female","Breast",153020,88.6,72.8,107.0,"","","","","","","","",148945,89.6,73.4,108.5,"","","","",1,61114,0.0,38.3,42.8,1.1,0.2,0.8,97.7,0.8,"","","","","",""
"A0796","Los Angeles","","https://www.californiahealthmaps.org?address=A0796","Male","Lung",152550,26.1,16.8,39.1,"","","","","","","","",148385,25.8,16.2,39.4,"","","","",1,61114,0.0,38.3,42.8,1.1,0.2,0.8,97.7,0.8,"","","","","",""
"A0796","Los Angeles","","https://www.californiahealthmaps.org?address=A0796","Female","Lung",153020,18.0,11.4,27.4,"","","","","","","","",148945,16.7,10.2,26.2,"","","","",1,61114,0.0,38.3,42.8,1.1,0.2,0.8,97.7,0.8,"","","","","",""
"A0796","Los Angeles","","https://www.californiahealthmaps.org?address=A0796","Male","CRC",152550,43.9,31.9,59.3,"","","","","","","","",148385,41.0,29.0,56.7,"","","","",1,61114,0.0,38.3,42.8,1.1,0.2,0.8,97.7,0.8,"","","","","",""
"A0796","Los Angeles","","https://www.californiahealthmaps.org?address=A0796","Female","CRC",153020,24.9,16.8,35.6,"","","","","","","","",148945,23.7,15.7,34.6,"","","","",1,61114,0.0,38.3,42.8,1.1,0.2,0.8,97.7,0.8,"","","","","",""
"A0796","Los Angeles","","https://www.californiahealthmaps.org?address=A0796","Male","Mela",152550,"","","","","","","","","","","",148385,"","","","","","","",1,61114,0.0,38.3,42.8,1.1,0.2,0.8,97.7,0.8,"","","","","",""
"A0796","Los Angeles","","https://www.californiahealthmaps.org?address=A0796","Female","Mela",153020,"","","","","","","","","","","",148945,"","","","","","","",1,61114,0.0,38.3,42.8,1.1,0.2,0.8,97.7,0.8,"","","","","",""
"A0796","Los Angeles","","https://www.californiahealthmaps.org?address=A0796","Female","Uterine",153020,35.2,25.7,47.3,"","","","","","","","",148945,34.9,25.3,47.3,"","","","",1,61114,0.0,38.3,42.8,1.1,0.2,0.8,97.7,0.8,"","","","","",""
"A0796","Los Angeles","","https://www.californiahealthmaps.org?address=A0796","Male","Lymph",152550,22.4,13.9,34.6,"","","","","","","","",148385,23.0,14.0,36.0,"","","","",1,61114,0.0,38.3,42.8,1.1,0.2,0.8,97.7,0.8,"","","","","",""
"A0796","Los Angeles","","https://www.californiahealthmaps.org?address=A0796","Female","Lymph",153020,"","","","","","","","","","","",148945,"","","","","","","",1,61114,0.0,38.3,42.8,1.1,0.2,0.8,97.7,0.8,"","","","","",""
"A0796","Los Angeles","","https://www.californiahealthmaps.org?address=A0796","Male","Urinary",152550,"","","","","","","","","","","",148385,"","","","","","","",1,61114,0.0,38.3,42.8,1.1,0.2,0.8,97.7,0.8,"","","","","",""
"A0796","Los Angeles","","https://www.californiahealthmaps.org?address=A0796","Female","Urinary",153020,"","","","","","","","","","","",148945,"","","","","","","",1,61114,0.0,38.3,42.8,1.1,0.2,0.8,97.7,0.8,"","","","","",""
"A0796","Los Angeles","","https://www.californiahealthmaps.org?address=A0796","Male","Kidney",152550,21.2,13.6,32.1,"","","","","","","","",148385,21.3,13.5,32.7,"","","","",1,61114,0.0,38.3,42.8,1.1,0.2,0.8,97.7,0.8,"","","","","",""
"A0796","Los Angeles","","https://www.californiahealthmaps.org?address=A0796","Female","Kidney",153020,"","","","","","","","","","","",148945,"","","","","","","",1,61114,0.0,38.3,42.8,1.1,0.2,0.8,97.7,0.8,"","","","","",""
"A0796","Los Angeles","","https://www.californiahealthmaps.org?address=A0796","Male","Thyroid",152550,"","","","","","","","","","","",148385,"","","","","","","",1,61114,0.0,38.3,42.8,1.1,0.2,0.8,97.7,0.8,"","","","","",""
"A0796","Los Angeles","","https://www.californiahealthmaps.org?address=A0796","Female","Thyroid",153020,19.0,12.2,28.4,"","","","","","","","",148945,17.6,11.0,27.0,"","","","",1,61114,0.0,38.3,42.8,1.1,0.2,0.8,97.7,0.8,"","","","","",""
"A0796","Los Angeles","","https://www.californiahealthmaps.org?address=A0796","Male","Liver",152550,14.1,7.8,24.0,"","","","","","","","",148385,14.9,8.2,25.5,"","","","",1,61114,0.0,38.3,42.8,1.1,0.2,0.8,97.7,0.8,"","","","","",""
"A0796","Los Angeles","","https://www.californiahealthmaps.org?address=A0796","Female","Liver",153020,"","","","","","","","","","","",148945,"","","","","","","",1,61114,0.0,38.3,42.8,1.1,0.2,0.8,97.7,0.8,"","","","","",""
"A0796","Los Angeles","","https://www.californiahealthmaps.org?address=A0796","Male","Pancreas",152550,"","","","","","","","","","","",148385,"","","","","","","",1,61114,0.0,38.3,42.8,1.1,0.2,0.8,97.7,0.8,"","","","","",""
"A0796","Los Angeles","","https://www.californiahealthmaps.org?address=A0796","Female","Pancreas",153020,"","","","","","","","","","","",148945,"","","","","","","",1,61114,0.0,38.3,42.8,1.1,0.2,0.8,97.7,0.8,"","","","","",""
"A0796","Los Angeles","","https://www.californiahealthmaps.org?address=A0796","Both","AllSite",305570,309.3,286.9,333.1,"","","","","","","","",297330,305.5,282.6,329.8,"","","","",1,61114,0.0,38.3,42.8,1.1,0.2,0.8,97.7,0.8,"","","","","",""
"A0796","Los Angeles","","https://www.californiahealthmaps.org?address=A0796","Both","Lung",305570,21.8,16.0,29.1,"","","","","","","","",297330,20.9,15.1,28.3,"","","","",1,61114,0.0,38.3,42.8,1.1,0.2,0.8,97.7,0.8,"","","","","",""
"A0796","Los Angeles","","https://www.californiahealthmaps.org?address=A0796","Both","CRC",305570,33.8,26.6,42.4,"","","","","","","","",297330,31.6,24.4,40.2,"","","","",1,61114,0.0,38.3,42.8,1.1,0.2,0.8,97.7,0.8,"","","","","",""
"A0796","Los Angeles","","https://www.californiahealthmaps.org?address=A0796","Both","Mela",305570,"","","","","","","","","","","",297330,"","","","","","","",1,61114,0.0,38.3,42.8,1.1,0.2,0.8,97.7,0.8,"","","","","",""
"A0796","Los Angeles","","https://www.californiahealthmaps.org?address=A0796","Both","Lymph",305570,15.4,10.6,21.7,"","","","","","","","",297330,15.8,10.8,22.4,"","","","",1,61114,0.0,38.3,42.8,1.1,0.2,0.8,97.7,0.8,"","","","","",""
"A0796","Los Angeles","","https://www.californiahealthmaps.org?address=A0796","Both","Urinary",305570,"","","","","","","","","","","",297330,"","","","","","","",1,61114,0.0,38.3,42.8,1.1,0.2,0.8,97.7,0.8,"","","","","",""
"A0796","Los Angeles","","https://www.californiahealthmaps.org?address=A0796","Both","Kidney",305570,14.7,10.2,20.6,"","","","","","","","",297330,14.3,9.8,20.4,"","","","",1,61114,0.0,38.3,42.8,1.1,0.2,0.8,97.7,0.8,"","","","","",""
"A0796","Los Angeles","","https://www.californiahealthmaps.org?address=A0796","Both","Thyroid",305570,11.0,7.3,16.2,"","","","","","","","",297330,9.8,6.3,14.9,"","","","",1,61114,0.0,38.3,42.8,1.1,0.2,0.8,97.7,0.8,"","","","","",""
"A0796","Los Angeles","","https://www.californiahealthmaps.org?address=A0796","Both","Liver",305570,11.6,7.5,17.1,"","","","","","","","",297330,12.2,7.9,18.1,"","","","",1,61114,0.0,38.3,42.8,1.1,0.2,0.8,97.7,0.8,"","","","","",""
"A0796","Los Angeles","","https://www.californiahealthmaps.org?address=A0796","Both","Pancreas",305570,9.9,6.2,15.2,"","","","","","","","",297330,9.7,5.9,15.1,"","","","",1,61114,0.0,38.3,42.8,1.1,0.2,0.8,97.7,0.8,"","","","","",""
