"Zone","Counties","Cities","URL","Sex","Cancer","PopTot","AAIR","LCI","UCI","White_PopTot","White_AAIR","White_LCI","White_UCI","Black_PopTot","Black_AAIR","Black_LCI","Black_UCI","Hispanic_PopTot","Hispanic_AAIR","Hispanic_LCI","Hispanic_UCI","Asian_PopTot","Asian_AAIR","Asian_LCI","Asian_UCI","QNSES","PopAll","PerRural","PerUninsured","PerForeignBorn","PerWhite","PerBlack","PerAsian","PerHispanic","PerAPI","PerDocvisit","PerFOBT","PerMammo","PerMenPrev","PerPap","PerWomenPrev"
"A0787","Tulare","Porterville","https://www.californiahealthmaps.org?address=A0787","Male","AllSite",166340,390.7,354.4,430.1,36985,431.4,377.4,493.7,"","","","",120215,344.9,289.3,410.0,"","","","",1,65248,31.7,25.6,31.7,23.9,0.6,3.0,70.7,3.0,"","","","","",""
"A0787","Tulare","Porterville","https://www.californiahealthmaps.org?address=A0787","Female","AllSite",159900,311.5,282.0,343.4,38735,310.9,265.2,365.1,"","","","",112145,328.2,279.0,385.6,"","","","",1,65248,31.7,25.6,31.7,23.9,0.6,3.0,70.7,3.0,"","","","","",""
"A0787","Tulare","Porterville","https://www.californiahealthmaps.org?address=A0787","Male","Prostate",166340,77.1,61.8,95.5,36985,78.8,57.5,109.2,"","","","",120215,74.2,50.1,108.5,"","","","",1,65248,31.7,25.6,31.7,23.9,0.6,3.0,70.7,3.0,"","","","","",""
"A0787","Tulare","Porterville","https://www.californiahealthmaps.org?address=A0787","Female","Breast",159900,75.8,61.8,92.2,38735,80.0,58.6,110.5,"","","","",112145,67.7,47.3,96.5,"","","","",1,65248,31.7,25.6,31.7,23.9,0.6,3.0,70.7,3.0,"","","","","",""
"A0787","Tulare","Porterville","https://www.californiahealthmaps.org?address=A0787","Male","Lung",166340,62.2,47.6,80.1,36985,75.4,53.8,106.1,"","","","",120215,57.0,33.0,93.0,"","","","",1,65248,31.7,25.6,31.7,23.9,0.6,3.0,70.7,3.0,"","","","","",""
"A0787","Tulare","Porterville","https://www.californiahealthmaps.org?address=A0787","Female","Lung",159900,30.4,21.7,41.7,38735,41.8,27.8,65.2,"","","","",112145,"","","","","","","",1,65248,31.7,25.6,31.7,23.9,0.6,3.0,70.7,3.0,"","","","","",""
"A0787","Tulare","Porterville","https://www.californiahealthmaps.org?address=A0787","Male","CRC",166340,41.3,30.3,55.4,36985,41.9,26.1,67.5,"","","","",120215,41.3,24.5,68.5,"","","","",1,65248,31.7,25.6,31.7,23.9,0.6,3.0,70.7,3.0,"","","","","",""
"A0787","Tulare","Porterville","https://www.californiahealthmaps.org?address=A0787","Female","CRC",159900,32.4,23.4,44.0,38735,36.4,22.6,60.0,"","","","",112145,25.6,13.5,47.2,"","","","",1,65248,31.7,25.6,31.7,23.9,0.6,3.0,70.7,3.0,"","","","","",""
"A0787","Tulare","Porterville","https://www.californiahealthmaps.org?address=A0787","Male","Mela",166340,17.8,10.4,28.6,36985,"","","","","","","",120215,"","","","","","","",1,65248,31.7,25.6,31.7,23.9,0.6,3.0,70.7,3.0,"","","","","",""
"A0787","Tulare","Porterville","https://www.californiahealthmaps.org?address=A0787","Female","Mela",159900,"","","",38735,"","","","","","","",112145,"","","","","","","",1,65248,31.7,25.6,31.7,23.9,0.6,3.0,70.7,3.0,"","","","","",""
"A0787","Tulare","Porterville","https://www.californiahealthmaps.org?address=A0787","Female","Uterine",159900,14.7,9.0,23.1,38735,"","","","","","","",112145,"","","","","","","",1,65248,31.7,25.6,31.7,23.9,0.6,3.0,70.7,3.0,"","","","","",""
"A0787","Tulare","Porterville","https://www.californiahealthmaps.org?address=A0787","Male","Lymph",166340,27.6,18.5,39.9,36985,"","","","","","","",120215,"","","","","","","",1,65248,31.7,25.6,31.7,23.9,0.6,3.0,70.7,3.0,"","","","","",""
"A0787","Tulare","Porterville","https://www.californiahealthmaps.org?address=A0787","Female","Lymph",159900,13.0,7.7,20.8,38735,"","","","","","","",112145,"","","","","","","",1,65248,31.7,25.6,31.7,23.9,0.6,3.0,70.7,3.0,"","","","","",""
"A0787","Tulare","Porterville","https://www.californiahealthmaps.org?address=A0787","Male","Urinary",166340,"","","",36985,"","","","","","","",120215,"","","","","","","",1,65248,31.7,25.6,31.7,23.9,0.6,3.0,70.7,3.0,"","","","","",""
"A0787","Tulare","Porterville","https://www.californiahealthmaps.org?address=A0787","Female","Urinary",159900,"","","",38735,"","","","","","","",112145,"","","","","","","",1,65248,31.7,25.6,31.7,23.9,0.6,3.0,70.7,3.0,"","","","","",""
"A0787","Tulare","Porterville","https://www.californiahealthmaps.org?address=A0787","Male","Kidney",166340,18.2,11.3,28.2,36985,"","","","","","","",120215,"","","","","","","",1,65248,31.7,25.6,31.7,23.9,0.6,3.0,70.7,3.0,"","","","","",""
"A0787","Tulare","Porterville","https://www.californiahealthmaps.org?address=A0787","Female","Kidney",159900,14.1,8.5,22.4,38735,"","","","","","","",112145,"","","","","","","",1,65248,31.7,25.6,31.7,23.9,0.6,3.0,70.7,3.0,"","","","","",""
"A0787","Tulare","Porterville","https://www.californiahealthmaps.org?address=A0787","Male","Thyroid",166340,"","","",36985,"","","","","","","",120215,"","","","","","","",1,65248,31.7,25.6,31.7,23.9,0.6,3.0,70.7,3.0,"","","","","",""
"A0787","Tulare","Porterville","https://www.californiahealthmaps.org?address=A0787","Female","Thyroid",159900,13.1,7.6,21.3,38735,"","","","","","","",112145,"","","","","","","",1,65248,31.7,25.6,31.7,23.9,0.6,3.0,70.7,3.0,"","","","","",""
"A0787","Tulare","Porterville","https://www.californiahealthmaps.org?address=A0787","Male","Liver",166340,13.4,7.8,22.2,36985,"","","","","","","",120215,"","","","","","","",1,65248,31.7,25.6,31.7,23.9,0.6,3.0,70.7,3.0,"","","","","",""
"A0787","Tulare","Porterville","https://www.californiahealthmaps.org?address=A0787","Female","Liver",159900,"","","",38735,"","","","","","","",112145,"","","","","","","",1,65248,31.7,25.6,31.7,23.9,0.6,3.0,70.7,3.0,"","","","","",""
"A0787","Tulare","Porterville","https://www.californiahealthmaps.org?address=A0787","Male","Pancreas",166340,"","","",36985,"","","","","","","",120215,"","","","","","","",1,65248,31.7,25.6,31.7,23.9,0.6,3.0,70.7,3.0,"","","","","",""
"A0787","Tulare","Porterville","https://www.californiahealthmaps.org?address=A0787","Female","Pancreas",159900,"","","",38735,"","","","","","","",112145,"","","","","","","",1,65248,31.7,25.6,31.7,23.9,0.6,3.0,70.7,3.0,"","","","","",""
"A0787","Tulare","Porterville","https://www.californiahealthmaps.org?address=A0787","Both","AllSite",326240,342.3,319.6,366.4,75720,360.1,325.5,398.8,"","","","",232360,333.7,296.5,375.2,11185,248.5,167.2,364.3,1,65248,31.7,25.6,31.7,23.9,0.6,3.0,70.7,3.0,"","","","","",""
"A0787","Tulare","Porterville","https://www.californiahealthmaps.org?address=A0787","Both","Lung",326240,43.8,35.7,53.3,75720,56.0,43.5,72.8,"","","","",232360,35.4,22.5,53.6,11185,"","","",1,65248,31.7,25.6,31.7,23.9,0.6,3.0,70.7,3.0,"","","","","",""
"A0787","Tulare","Porterville","https://www.californiahealthmaps.org?address=A0787","Both","CRC",326240,36.3,29.2,44.8,75720,38.9,28.2,54.2,"","","","",232360,33.0,22.4,48.2,11185,"","","",1,65248,31.7,25.6,31.7,23.9,0.6,3.0,70.7,3.0,"","","","","",""
"A0787","Tulare","Porterville","https://www.californiahealthmaps.org?address=A0787","Both","Mela",326240,10.9,7.1,16.1,75720,14.5,8.5,25.5,"","","","",232360,"","","",11185,"","","",1,65248,31.7,25.6,31.7,23.9,0.6,3.0,70.7,3.0,"","","","","",""
"A0787","Tulare","Porterville","https://www.californiahealthmaps.org?address=A0787","Both","Lymph",326240,19.7,14.5,26.3,75720,15.2,9.0,26.2,"","","","",232360,22.1,13.8,35.1,11185,"","","",1,65248,31.7,25.6,31.7,23.9,0.6,3.0,70.7,3.0,"","","","","",""
"A0787","Tulare","Porterville","https://www.californiahealthmaps.org?address=A0787","Both","Urinary",326240,"","","",75720,"","","","","","","",232360,"","","",11185,"","","",1,65248,31.7,25.6,31.7,23.9,0.6,3.0,70.7,3.0,"","","","","",""
"A0787","Tulare","Porterville","https://www.californiahealthmaps.org?address=A0787","Both","Kidney",326240,15.9,11.4,21.7,75720,14.4,8.4,25.3,"","","","",232360,18.4,10.8,30.8,11185,"","","",1,65248,31.7,25.6,31.7,23.9,0.6,3.0,70.7,3.0,"","","","","",""
"A0787","Tulare","Porterville","https://www.californiahealthmaps.org?address=A0787","Both","Thyroid",326240,8.1,5.0,12.6,75720,"","","","","","","",232360,"","","",11185,"","","",1,65248,31.7,25.6,31.7,23.9,0.6,3.0,70.7,3.0,"","","","","",""
"A0787","Tulare","Porterville","https://www.californiahealthmaps.org?address=A0787","Both","Liver",326240,9.4,6.1,14.1,75720,"","","","","","","",232360,12.5,6.7,23.3,11185,"","","",1,65248,31.7,25.6,31.7,23.9,0.6,3.0,70.7,3.0,"","","","","",""
"A0787","Tulare","Porterville","https://www.californiahealthmaps.org?address=A0787","Both","Pancreas",326240,7.9,4.7,12.6,75720,"","","","","","","",232360,"","","",11185,"","","",1,65248,31.7,25.6,31.7,23.9,0.6,3.0,70.7,3.0,"","","","","",""
