"Zone","Counties","Cities","URL","Sex","Cancer","PopTot","AAIR","LCI","UCI","White_PopTot","White_AAIR","White_LCI","White_UCI","Black_PopTot","Black_AAIR","Black_LCI","Black_UCI","Hispanic_PopTot","Hispanic_AAIR","Hispanic_LCI","Hispanic_UCI","Asian_PopTot","Asian_AAIR","Asian_LCI","Asian_UCI","QNSES","PopAll","PerRural","PerUninsured","PerForeignBorn","PerWhite","PerBlack","PerAsian","PerHispanic","PerAPI","PerDocvisit","PerFOBT","PerMammo","PerMenPrev","PerPap","PerWomenPrev"
"A0929","Orange","Santa Ana","https://www.californiahealthmaps.org?address=A0929","Male","AllSite",150875,412.0,374.5,452.8,39020,496.5,434.8,568.9,"","","","",80205,356.8,288.6,441.3,25815,276.1,215.0,351.5,3,60266,0.0,22.3,39.1,26.9,2.0,18.8,50.7,18.8,"","","","","",""
"A0929","Orange","Santa Ana","https://www.californiahealthmaps.org?address=A0929","Female","AllSite",150455,358.7,327.7,392.0,37625,446.2,386.2,518.7,"","","","",79670,336.7,283.1,399.4,27890,302.8,243.5,375.7,3,60266,0.0,22.3,39.1,26.9,2.0,18.8,50.7,18.8,"","","","","",""
"A0929","Orange","Santa Ana","https://www.californiahealthmaps.org?address=A0929","Male","Prostate",150875,93.3,75.7,114.2,39020,102.9,76.7,140.8,"","","","",80205,90.6,58.0,141.2,25815,"","","",3,60266,0.0,22.3,39.1,26.9,2.0,18.8,50.7,18.8,"","","","","",""
"A0929","Orange","Santa Ana","https://www.californiahealthmaps.org?address=A0929","Female","Breast",150455,104.8,88.7,123.4,37625,137.4,105.3,183.4,"","","","",79670,79.7,56.8,111.7,27890,97.1,65.0,143.7,3,60266,0.0,22.3,39.1,26.9,2.0,18.8,50.7,18.8,"","","","","",""
"A0929","Orange","Santa Ana","https://www.californiahealthmaps.org?address=A0929","Male","Lung",150875,36.1,25.3,50.3,39020,45.0,27.9,74.9,"","","","",80205,"","","",25815,"","","",3,60266,0.0,22.3,39.1,26.9,2.0,18.8,50.7,18.8,"","","","","",""
"A0929","Orange","Santa Ana","https://www.californiahealthmaps.org?address=A0929","Female","Lung",150455,28.5,20.0,39.7,37625,39.5,24.5,70.3,"","","","",79670,"","","",27890,"","","",3,60266,0.0,22.3,39.1,26.9,2.0,18.8,50.7,18.8,"","","","","",""
"A0929","Orange","Santa Ana","https://www.californiahealthmaps.org?address=A0929","Male","CRC",150875,44.4,33.4,58.7,39020,44.4,27.8,73.9,"","","","",80205,42.8,23.3,80.8,25815,"","","",3,60266,0.0,22.3,39.1,26.9,2.0,18.8,50.7,18.8,"","","","","",""
"A0929","Orange","Santa Ana","https://www.californiahealthmaps.org?address=A0929","Female","CRC",150455,20.9,14.0,30.4,37625,"","","","","","","",79670,"","","",27890,"","","",3,60266,0.0,22.3,39.1,26.9,2.0,18.8,50.7,18.8,"","","","","",""
"A0929","Orange","Santa Ana","https://www.californiahealthmaps.org?address=A0929","Male","Mela",150875,22.3,14.1,34.0,39020,45.1,28.1,75.2,"","","","",80205,"","","",25815,"","","",3,60266,0.0,22.3,39.1,26.9,2.0,18.8,50.7,18.8,"","","","","",""
"A0929","Orange","Santa Ana","https://www.californiahealthmaps.org?address=A0929","Female","Mela",150455,15.0,9.3,23.5,37625,41.3,22.9,76.4,"","","","",79670,"","","",27890,"","","",3,60266,0.0,22.3,39.1,26.9,2.0,18.8,50.7,18.8,"","","","","",""
"A0929","Orange","Santa Ana","https://www.californiahealthmaps.org?address=A0929","Female","Uterine",150455,23.1,15.9,32.8,37625,"","","","","","","",79670,"","","",27890,"","","",3,60266,0.0,22.3,39.1,26.9,2.0,18.8,50.7,18.8,"","","","","",""
"A0929","Orange","Santa Ana","https://www.californiahealthmaps.org?address=A0929","Male","Lymph",150875,21.5,13.5,33.1,39020,"","","","","","","",80205,"","","",25815,"","","",3,60266,0.0,22.3,39.1,26.9,2.0,18.8,50.7,18.8,"","","","","",""
"A0929","Orange","Santa Ana","https://www.californiahealthmaps.org?address=A0929","Female","Lymph",150455,14.3,8.7,22.7,37625,"","","","","","","",79670,"","","",27890,"","","",3,60266,0.0,22.3,39.1,26.9,2.0,18.8,50.7,18.8,"","","","","",""
"A0929","Orange","Santa Ana","https://www.californiahealthmaps.org?address=A0929","Male","Urinary",150875,24.8,15.7,37.7,39020,33.1,18.7,60.9,"","","","",80205,"","","",25815,"","","",3,60266,0.0,22.3,39.1,26.9,2.0,18.8,50.7,18.8,"","","","","",""
"A0929","Orange","Santa Ana","https://www.californiahealthmaps.org?address=A0929","Female","Urinary",150455,"","","",37625,"","","","","","","",79670,"","","",27890,"","","",3,60266,0.0,22.3,39.1,26.9,2.0,18.8,50.7,18.8,"","","","","",""
"A0929","Orange","Santa Ana","https://www.californiahealthmaps.org?address=A0929","Male","Kidney",150875,22.9,14.7,34.6,39020,"","","","","","","",80205,"","","",25815,"","","",3,60266,0.0,22.3,39.1,26.9,2.0,18.8,50.7,18.8,"","","","","",""
"A0929","Orange","Santa Ana","https://www.californiahealthmaps.org?address=A0929","Female","Kidney",150455,10.9,6.1,18.5,37625,"","","","","","","",79670,"","","",27890,"","","",3,60266,0.0,22.3,39.1,26.9,2.0,18.8,50.7,18.8,"","","","","",""
"A0929","Orange","Santa Ana","https://www.californiahealthmaps.org?address=A0929","Male","Thyroid",150875,"","","",39020,"","","","","","","",80205,"","","",25815,"","","",3,60266,0.0,22.3,39.1,26.9,2.0,18.8,50.7,18.8,"","","","","",""
"A0929","Orange","Santa Ana","https://www.californiahealthmaps.org?address=A0929","Female","Thyroid",150455,22.0,15.3,31.2,37625,"","","","","","","",79670,"","","",27890,"","","",3,60266,0.0,22.3,39.1,26.9,2.0,18.8,50.7,18.8,"","","","","",""
"A0929","Orange","Santa Ana","https://www.californiahealthmaps.org?address=A0929","Male","Liver",150875,19.1,11.9,29.6,39020,"","","","","","","",80205,"","","",25815,"","","",3,60266,0.0,22.3,39.1,26.9,2.0,18.8,50.7,18.8,"","","","","",""
"A0929","Orange","Santa Ana","https://www.californiahealthmaps.org?address=A0929","Female","Liver",150455,"","","",37625,"","","","","","","",79670,"","","",27890,"","","",3,60266,0.0,22.3,39.1,26.9,2.0,18.8,50.7,18.8,"","","","","",""
"A0929","Orange","Santa Ana","https://www.californiahealthmaps.org?address=A0929","Male","Pancreas",150875,17.2,9.8,28.2,39020,"","","","","","","",80205,"","","",25815,"","","",3,60266,0.0,22.3,39.1,26.9,2.0,18.8,50.7,18.8,"","","","","",""
"A0929","Orange","Santa Ana","https://www.californiahealthmaps.org?address=A0929","Female","Pancreas",150455,15.0,9.2,23.3,37625,"","","","","","","",79670,"","","",27890,"","","",3,60266,0.0,22.3,39.1,26.9,2.0,18.8,50.7,18.8,"","","","","",""
"A0929","Orange","Santa Ana","https://www.californiahealthmaps.org?address=A0929","Both","AllSite",301330,377.1,353.4,402.1,76645,455.4,413.7,502.5,"","","","",159875,344.0,301.3,392.4,53705,289.4,246.2,339.4,3,60266,0.0,22.3,39.1,26.9,2.0,18.8,50.7,18.8,"","","","","",""
"A0929","Orange","Santa Ana","https://www.californiahealthmaps.org?address=A0929","Both","Lung",301330,31.7,24.8,39.9,76645,41.0,29.6,58.8,"","","","",159875,23.2,12.1,41.2,53705,29.6,17.1,49.6,3,60266,0.0,22.3,39.1,26.9,2.0,18.8,50.7,18.8,"","","","","",""
"A0929","Orange","Santa Ana","https://www.californiahealthmaps.org?address=A0929","Both","CRC",301330,32.2,25.7,40.1,76645,34.2,23.8,51.3,"","","","",159875,34.8,22.6,53.0,53705,30.3,17.1,51.2,3,60266,0.0,22.3,39.1,26.9,2.0,18.8,50.7,18.8,"","","","","",""
"A0929","Orange","Santa Ana","https://www.californiahealthmaps.org?address=A0929","Both","Mela",301330,17.9,13.0,24.2,76645,41.0,28.7,60.0,"","","","",159875,"","","",53705,"","","",3,60266,0.0,22.3,39.1,26.9,2.0,18.8,50.7,18.8,"","","","","",""
"A0929","Orange","Santa Ana","https://www.californiahealthmaps.org?address=A0929","Both","Lymph",301330,17.2,12.4,23.4,76645,19.1,11.5,33.8,"","","","",159875,18.2,9.4,33.6,53705,"","","",3,60266,0.0,22.3,39.1,26.9,2.0,18.8,50.7,18.8,"","","","","",""
"A0929","Orange","Santa Ana","https://www.californiahealthmaps.org?address=A0929","Both","Urinary",301330,12.7,8.5,18.5,76645,16.7,9.9,30.6,"","","","",159875,"","","",53705,"","","",3,60266,0.0,22.3,39.1,26.9,2.0,18.8,50.7,18.8,"","","","","",""
"A0929","Orange","Santa Ana","https://www.californiahealthmaps.org?address=A0929","Both","Kidney",301330,16.0,11.4,22.1,76645,20.3,12.1,35.7,"","","","",159875,18.1,9.6,33.0,53705,"","","",3,60266,0.0,22.3,39.1,26.9,2.0,18.8,50.7,18.8,"","","","","",""
"A0929","Orange","Santa Ana","https://www.californiahealthmaps.org?address=A0929","Both","Thyroid",301330,13.5,9.7,18.6,76645,15.6,8.7,30.0,"","","","",159875,11.5,6.2,22.9,53705,"","","",3,60266,0.0,22.3,39.1,26.9,2.0,18.8,50.7,18.8,"","","","","",""
"A0929","Orange","Santa Ana","https://www.californiahealthmaps.org?address=A0929","Both","Liver",301330,13.6,9.4,19.2,76645,"","","","","","","",159875,"","","",53705,"","","",3,60266,0.0,22.3,39.1,26.9,2.0,18.8,50.7,18.8,"","","","","",""
"A0929","Orange","Santa Ana","https://www.californiahealthmaps.org?address=A0929","Both","Pancreas",301330,15.6,11.0,21.7,76645,16.9,9.8,31.2,"","","","",159875,"","","",53705,"","","",3,60266,0.0,22.3,39.1,26.9,2.0,18.8,50.7,18.8,"","","","","",""
