"Zone","Counties","Cities","URL","Sex","Cancer","PopTot","AAIR","LCI","UCI","White_PopTot","White_AAIR","White_LCI","White_UCI","Black_PopTot","Black_AAIR","Black_LCI","Black_UCI","Hispanic_PopTot","Hispanic_AAIR","Hispanic_LCI","Hispanic_UCI","Asian_PopTot","Asian_AAIR","Asian_LCI","Asian_UCI","QNSES","PopAll","PerRural","PerUninsured","PerForeignBorn","PerWhite","PerBlack","PerAsian","PerHispanic","PerAPI","PerDocvisit","PerFOBT","PerMammo","PerMenPrev","PerPap","PerWomenPrev"
"A0819","Los Angeles","Palos Verdes Estates","https://www.californiahealthmaps.org?address=A0819","Male","AllSite",148820,442.6,413.8,473.9,91155,468.2,431.7,509.2,"","","","",14325,447.4,323.1,610.6,34485,285.3,230.3,351.9,5,61599,0.0,6.9,24.7,59.7,2.4,24.2,9.3,24.2,"","","","","",""
"A0819","Los Angeles","Palos Verdes Estates","https://www.californiahealthmaps.org?address=A0819","Female","AllSite",159175,427.4,399.9,457.2,92675,439.2,403.2,479.7,"","","","",16755,421.1,322.4,544.2,39800,395.6,336.6,465.6,5,61599,0.0,6.9,24.7,59.7,2.4,24.2,9.3,24.2,"","","","","",""
"A0819","Los Angeles","Palos Verdes Estates","https://www.californiahealthmaps.org?address=A0819","Male","Prostate",148820,102.0,89.0,117.3,91155,102.9,87.8,122.9,"","","","",14325,"","","",34485,49.8,30.5,80.9,5,61599,0.0,6.9,24.7,59.7,2.4,24.2,9.3,24.2,"","","","","",""
"A0819","Los Angeles","Palos Verdes Estates","https://www.californiahealthmaps.org?address=A0819","Female","Breast",159175,159.7,143.0,178.8,92675,160.2,138.7,186.6,"","","","",16755,135.3,82.5,213.6,39800,162.1,127.2,208.2,5,61599,0.0,6.9,24.7,59.7,2.4,24.2,9.3,24.2,"","","","","",""
"A0819","Los Angeles","Palos Verdes Estates","https://www.californiahealthmaps.org?address=A0819","Male","Lung",148820,32.6,25.4,42.4,91155,33.0,24.7,46.7,"","","","",14325,"","","",34485,"","","",5,61599,0.0,6.9,24.7,59.7,2.4,24.2,9.3,24.2,"","","","","",""
"A0819","Los Angeles","Palos Verdes Estates","https://www.californiahealthmaps.org?address=A0819","Female","Lung",159175,39.7,32.2,49.6,92675,37.8,29.5,51.4,"","","","",16755,"","","",39800,47.5,27.8,80.4,5,61599,0.0,6.9,24.7,59.7,2.4,24.2,9.3,24.2,"","","","","",""
"A0819","Los Angeles","Palos Verdes Estates","https://www.californiahealthmaps.org?address=A0819","Male","CRC",148820,37.0,28.7,48.1,91155,38.0,27.3,54.5,"","","","",14325,"","","",34485,"","","",5,61599,0.0,6.9,24.7,59.7,2.4,24.2,9.3,24.2,"","","","","",""
"A0819","Los Angeles","Palos Verdes Estates","https://www.californiahealthmaps.org?address=A0819","Female","CRC",159175,28.7,22.2,37.7,92675,30.2,22.0,43.9,"","","","",16755,"","","",39800,"","","",5,61599,0.0,6.9,24.7,59.7,2.4,24.2,9.3,24.2,"","","","","",""
"A0819","Los Angeles","Palos Verdes Estates","https://www.californiahealthmaps.org?address=A0819","Male","Mela",148820,56.7,46.7,69.2,91155,66.3,53.5,84.2,"","","","",14325,"","","",34485,"","","",5,61599,0.0,6.9,24.7,59.7,2.4,24.2,9.3,24.2,"","","","","",""
"A0819","Los Angeles","Palos Verdes Estates","https://www.californiahealthmaps.org?address=A0819","Female","Mela",159175,22.8,16.6,31.7,92675,21.9,14.9,34.8,"","","","",16755,"","","",39800,"","","",5,61599,0.0,6.9,24.7,59.7,2.4,24.2,9.3,24.2,"","","","","",""
"A0819","Los Angeles","Palos Verdes Estates","https://www.californiahealthmaps.org?address=A0819","Female","Uterine",159175,24.1,18.3,32.6,92675,23.5,16.9,35.7,"","","","",16755,"","","",39800,"","","",5,61599,0.0,6.9,24.7,59.7,2.4,24.2,9.3,24.2,"","","","","",""
"A0819","Los Angeles","Palos Verdes Estates","https://www.californiahealthmaps.org?address=A0819","Male","Lymph",148820,27.1,20.0,37.0,91155,30.3,20.4,46.2,"","","","",14325,"","","",34485,"","","",5,61599,0.0,6.9,24.7,59.7,2.4,24.2,9.3,24.2,"","","","","",""
"A0819","Los Angeles","Palos Verdes Estates","https://www.californiahealthmaps.org?address=A0819","Female","Lymph",159175,20.2,14.6,28.5,92675,20.8,12.8,34.9,"","","","",16755,"","","",39800,"","","",5,61599,0.0,6.9,24.7,59.7,2.4,24.2,9.3,24.2,"","","","","",""
"A0819","Los Angeles","Palos Verdes Estates","https://www.californiahealthmaps.org?address=A0819","Male","Urinary",148820,16.7,11.8,24.4,91155,19.9,14.0,31.7,"","","","",14325,"","","",34485,"","","",5,61599,0.0,6.9,24.7,59.7,2.4,24.2,9.3,24.2,"","","","","",""
"A0819","Los Angeles","Palos Verdes Estates","https://www.californiahealthmaps.org?address=A0819","Female","Urinary",159175,"","","",92675,"","","","","","","",16755,"","","",39800,"","","",5,61599,0.0,6.9,24.7,59.7,2.4,24.2,9.3,24.2,"","","","","",""
"A0819","Los Angeles","Palos Verdes Estates","https://www.californiahealthmaps.org?address=A0819","Male","Kidney",148820,17.7,12.3,26.1,91155,17.6,10.8,30.6,"","","","",14325,"","","",34485,"","","",5,61599,0.0,6.9,24.7,59.7,2.4,24.2,9.3,24.2,"","","","","",""
"A0819","Los Angeles","Palos Verdes Estates","https://www.californiahealthmaps.org?address=A0819","Female","Kidney",159175,"","","",92675,"","","","","","","",16755,"","","",39800,"","","",5,61599,0.0,6.9,24.7,59.7,2.4,24.2,9.3,24.2,"","","","","",""
"A0819","Los Angeles","Palos Verdes Estates","https://www.californiahealthmaps.org?address=A0819","Male","Thyroid",148820,12.0,7.5,19.4,91155,14.9,8.5,27.6,"","","","",14325,"","","",34485,"","","",5,61599,0.0,6.9,24.7,59.7,2.4,24.2,9.3,24.2,"","","","","",""
"A0819","Los Angeles","Palos Verdes Estates","https://www.californiahealthmaps.org?address=A0819","Female","Thyroid",159175,24.3,17.7,33.7,92675,25.6,17.0,40.1,"","","","",16755,"","","",39800,"","","",5,61599,0.0,6.9,24.7,59.7,2.4,24.2,9.3,24.2,"","","","","",""
"A0819","Los Angeles","Palos Verdes Estates","https://www.californiahealthmaps.org?address=A0819","Male","Liver",148820,7.4,4.2,13.7,91155,"","","","","","","",14325,"","","",34485,"","","",5,61599,0.0,6.9,24.7,59.7,2.4,24.2,9.3,24.2,"","","","","",""
"A0819","Los Angeles","Palos Verdes Estates","https://www.californiahealthmaps.org?address=A0819","Female","Liver",159175,"","","",92675,"","","","","","","",16755,"","","",39800,"","","",5,61599,0.0,6.9,24.7,59.7,2.4,24.2,9.3,24.2,"","","","","",""
"A0819","Los Angeles","Palos Verdes Estates","https://www.californiahealthmaps.org?address=A0819","Male","Pancreas",148820,12.8,8.2,20.4,91155,13.8,7.6,26.5,"","","","",14325,"","","",34485,"","","",5,61599,0.0,6.9,24.7,59.7,2.4,24.2,9.3,24.2,"","","","","",""
"A0819","Los Angeles","Palos Verdes Estates","https://www.californiahealthmaps.org?address=A0819","Female","Pancreas",159175,16.5,11.9,23.9,92675,17.0,11.3,28.6,"","","","",16755,"","","",39800,"","","",5,61599,0.0,6.9,24.7,59.7,2.4,24.2,9.3,24.2,"","","","","",""
"A0819","Los Angeles","Palos Verdes Estates","https://www.californiahealthmaps.org?address=A0819","Both","AllSite",307995,433.7,413.7,454.8,183830,450.8,425.1,478.7,"","","","",31080,426.7,348.8,518.9,74285,346.4,305.2,393.0,5,61599,0.0,6.9,24.7,59.7,2.4,24.2,9.3,24.2,"","","","","",""
"A0819","Los Angeles","Palos Verdes Estates","https://www.californiahealthmaps.org?address=A0819","Both","Lung",307995,36.2,30.9,42.6,183830,35.4,29.4,43.8,"","","","",31080,"","","",74285,40.6,27.0,60.1,5,61599,0.0,6.9,24.7,59.7,2.4,24.2,9.3,24.2,"","","","","",""
"A0819","Los Angeles","Palos Verdes Estates","https://www.californiahealthmaps.org?address=A0819","Both","CRC",307995,32.4,27.2,38.9,183830,33.8,27.0,43.2,"","","","",31080,"","","",74285,30.5,19.1,48.0,5,61599,0.0,6.9,24.7,59.7,2.4,24.2,9.3,24.2,"","","","","",""
"A0819","Los Angeles","Palos Verdes Estates","https://www.californiahealthmaps.org?address=A0819","Both","Mela",307995,38.5,32.7,45.5,183830,42.8,35.5,52.5,"","","","",31080,"","","",74285,"","","",5,61599,0.0,6.9,24.7,59.7,2.4,24.2,9.3,24.2,"","","","","",""
"A0819","Los Angeles","Palos Verdes Estates","https://www.californiahealthmaps.org?address=A0819","Both","Lymph",307995,23.5,18.9,29.3,183830,25.5,18.9,34.9,"","","","",31080,"","","",74285,23.1,13.0,39.4,5,61599,0.0,6.9,24.7,59.7,2.4,24.2,9.3,24.2,"","","","","",""
"A0819","Los Angeles","Palos Verdes Estates","https://www.californiahealthmaps.org?address=A0819","Both","Urinary",307995,9.6,7.1,13.4,183830,11.0,7.9,16.9,"","","","",31080,"","","",74285,"","","",5,61599,0.0,6.9,24.7,59.7,2.4,24.2,9.3,24.2,"","","","","",""
"A0819","Los Angeles","Palos Verdes Estates","https://www.californiahealthmaps.org?address=A0819","Both","Kidney",307995,10.1,7.2,14.3,183830,10.6,6.8,17.4,"","","","",31080,"","","",74285,"","","",5,61599,0.0,6.9,24.7,59.7,2.4,24.2,9.3,24.2,"","","","","",""
"A0819","Los Angeles","Palos Verdes Estates","https://www.californiahealthmaps.org?address=A0819","Both","Thyroid",307995,18.5,14.3,24.0,183830,20.4,14.8,28.8,"","","","",31080,"","","",74285,"","","",5,61599,0.0,6.9,24.7,59.7,2.4,24.2,9.3,24.2,"","","","","",""
"A0819","Los Angeles","Palos Verdes Estates","https://www.californiahealthmaps.org?address=A0819","Both","Liver",307995,4.5,2.8,7.6,183830,"","","","","","","",31080,"","","",74285,"","","",5,61599,0.0,6.9,24.7,59.7,2.4,24.2,9.3,24.2,"","","","","",""
"A0819","Los Angeles","Palos Verdes Estates","https://www.californiahealthmaps.org?address=A0819","Both","Pancreas",307995,14.7,11.3,19.3,183830,15.5,11.1,22.6,"","","","",31080,"","","",74285,18.0,9.8,32.3,5,61599,0.0,6.9,24.7,59.7,2.4,24.2,9.3,24.2,"","","","","",""
