"Zone","Counties","Cities","URL","Sex","Cancer","PopTot","AAIR","LCI","UCI","White_PopTot","White_AAIR","White_LCI","White_UCI","Black_PopTot","Black_AAIR","Black_LCI","Black_UCI","Hispanic_PopTot","Hispanic_AAIR","Hispanic_LCI","Hispanic_UCI","Asian_PopTot","Asian_AAIR","Asian_LCI","Asian_UCI","QNSES","PopAll","PerRural","PerUninsured","PerForeignBorn","PerWhite","PerBlack","PerAsian","PerHispanic","PerAPI","PerDocvisit","PerFOBT","PerMammo","PerMenPrev","PerPap","PerWomenPrev"
"A0603","San Diego","Chula Vista","https://www.californiahealthmaps.org?address=A0603","Male","AllSite",158335,514.5,476.1,555.7,99210,524.0,480.9,570.7,"","","","",38490,503.7,387.2,653.5,"","","","",4,60793,22.0,10.8,14.2,61.8,3.8,6.1,24.4,6.1,"","","","","",""
"A0603","San Diego","Chula Vista","https://www.californiahealthmaps.org?address=A0603","Female","AllSite",145630,456.9,423.5,492.5,93145,472.0,432.5,515.2,"","","","",34745,400.2,319.8,498.2,"","","","",4,60793,22.0,10.8,14.2,61.8,3.8,6.1,24.4,6.1,"","","","","",""
"A0603","San Diego","Chula Vista","https://www.californiahealthmaps.org?address=A0603","Male","Prostate",158335,120.4,102.8,140.8,99210,118.5,99.2,141.4,"","","","",38490,104.5,59.6,185.0,"","","","",4,60793,22.0,10.8,14.2,61.8,3.8,6.1,24.4,6.1,"","","","","",""
"A0603","San Diego","Chula Vista","https://www.californiahealthmaps.org?address=A0603","Female","Breast",145630,144.5,126.5,164.8,93145,141.9,121.4,166.1,"","","","",34745,153.5,106.2,219.1,"","","","",4,60793,22.0,10.8,14.2,61.8,3.8,6.1,24.4,6.1,"","","","","",""
"A0603","San Diego","Chula Vista","https://www.californiahealthmaps.org?address=A0603","Male","Lung",158335,55.0,42.4,70.8,99210,56.0,42.5,73.4,"","","","",38490,"","","","","","","",4,60793,22.0,10.8,14.2,61.8,3.8,6.1,24.4,6.1,"","","","","",""
"A0603","San Diego","Chula Vista","https://www.californiahealthmaps.org?address=A0603","Female","Lung",145630,42.3,32.5,54.5,93145,43.7,32.4,59.2,"","","","",34745,"","","","","","","",4,60793,22.0,10.8,14.2,61.8,3.8,6.1,24.4,6.1,"","","","","",""
"A0603","San Diego","Chula Vista","https://www.californiahealthmaps.org?address=A0603","Male","CRC",158335,43.5,33.0,57.1,99210,43.1,31.5,58.7,"","","","",38490,"","","","","","","",4,60793,22.0,10.8,14.2,61.8,3.8,6.1,24.4,6.1,"","","","","",""
"A0603","San Diego","Chula Vista","https://www.californiahealthmaps.org?address=A0603","Female","CRC",145630,36.3,27.1,47.9,93145,41.1,29.9,56.4,"","","","",34745,"","","","","","","",4,60793,22.0,10.8,14.2,61.8,3.8,6.1,24.4,6.1,"","","","","",""
"A0603","San Diego","Chula Vista","https://www.californiahealthmaps.org?address=A0603","Male","Mela",158335,51.3,39.6,66.3,99210,60.8,46.4,79.0,"","","","",38490,"","","","","","","",4,60793,22.0,10.8,14.2,61.8,3.8,6.1,24.4,6.1,"","","","","",""
"A0603","San Diego","Chula Vista","https://www.californiahealthmaps.org?address=A0603","Female","Mela",145630,25.4,18.0,35.2,93145,31.3,21.5,45.4,"","","","",34745,"","","","","","","",4,60793,22.0,10.8,14.2,61.8,3.8,6.1,24.4,6.1,"","","","","",""
"A0603","San Diego","Chula Vista","https://www.californiahealthmaps.org?address=A0603","Female","Uterine",145630,36.0,27.6,46.7,93145,37.5,27.8,51.2,"","","","",34745,"","","","","","","",4,60793,22.0,10.8,14.2,61.8,3.8,6.1,24.4,6.1,"","","","","",""
"A0603","San Diego","Chula Vista","https://www.californiahealthmaps.org?address=A0603","Male","Lymph",158335,24.1,16.8,34.6,99210,26.7,18.0,39.4,"","","","",38490,"","","","","","","",4,60793,22.0,10.8,14.2,61.8,3.8,6.1,24.4,6.1,"","","","","",""
"A0603","San Diego","Chula Vista","https://www.californiahealthmaps.org?address=A0603","Female","Lymph",145630,17.3,11.3,25.9,93145,15.9,9.4,26.9,"","","","",34745,"","","","","","","",4,60793,22.0,10.8,14.2,61.8,3.8,6.1,24.4,6.1,"","","","","",""
"A0603","San Diego","Chula Vista","https://www.californiahealthmaps.org?address=A0603","Male","Urinary",158335,19.6,12.4,30.2,99210,21.7,13.4,34.1,"","","","",38490,"","","","","","","",4,60793,22.0,10.8,14.2,61.8,3.8,6.1,24.4,6.1,"","","","","",""
"A0603","San Diego","Chula Vista","https://www.californiahealthmaps.org?address=A0603","Female","Urinary",145630,"","","",93145,"","","","","","","",34745,"","","","","","","",4,60793,22.0,10.8,14.2,61.8,3.8,6.1,24.4,6.1,"","","","","",""
"A0603","San Diego","Chula Vista","https://www.californiahealthmaps.org?address=A0603","Male","Kidney",158335,27.3,18.9,38.9,99210,25.7,16.9,38.5,"","","","",38490,"","","","","","","",4,60793,22.0,10.8,14.2,61.8,3.8,6.1,24.4,6.1,"","","","","",""
"A0603","San Diego","Chula Vista","https://www.californiahealthmaps.org?address=A0603","Female","Kidney",145630,12.1,7.3,19.5,93145,13.6,7.3,24.5,"","","","",34745,"","","","","","","",4,60793,22.0,10.8,14.2,61.8,3.8,6.1,24.4,6.1,"","","","","",""
"A0603","San Diego","Chula Vista","https://www.californiahealthmaps.org?address=A0603","Male","Thyroid",158335,10.5,6.0,18.3,99210,"","","","","","","",38490,"","","","","","","",4,60793,22.0,10.8,14.2,61.8,3.8,6.1,24.4,6.1,"","","","","",""
"A0603","San Diego","Chula Vista","https://www.californiahealthmaps.org?address=A0603","Female","Thyroid",145630,20.6,14.0,29.8,93145,18.9,10.9,31.6,"","","","",34745,"","","","","","","",4,60793,22.0,10.8,14.2,61.8,3.8,6.1,24.4,6.1,"","","","","",""
"A0603","San Diego","Chula Vista","https://www.californiahealthmaps.org?address=A0603","Male","Liver",158335,10.3,5.9,18.1,99210,"","","","","","","",38490,"","","","","","","",4,60793,22.0,10.8,14.2,61.8,3.8,6.1,24.4,6.1,"","","","","",""
"A0603","San Diego","Chula Vista","https://www.californiahealthmaps.org?address=A0603","Female","Liver",145630,"","","",93145,"","","","","","","",34745,"","","","","","","",4,60793,22.0,10.8,14.2,61.8,3.8,6.1,24.4,6.1,"","","","","",""
"A0603","San Diego","Chula Vista","https://www.californiahealthmaps.org?address=A0603","Male","Pancreas",158335,15.7,9.6,25.1,99210,14.5,8.1,25.3,"","","","",38490,"","","","","","","",4,60793,22.0,10.8,14.2,61.8,3.8,6.1,24.4,6.1,"","","","","",""
"A0603","San Diego","Chula Vista","https://www.californiahealthmaps.org?address=A0603","Female","Pancreas",145630,15.6,9.6,24.1,93145,13.6,7.5,24.3,"","","","",34745,"","","","","","","",4,60793,22.0,10.8,14.2,61.8,3.8,6.1,24.4,6.1,"","","","","",""
"A0603","San Diego","Chula Vista","https://www.californiahealthmaps.org?address=A0603","Both","AllSite",303965,480.3,455.4,506.4,192355,494.1,465.2,524.9,"","","","",73235,435.4,368.7,513.0,18010,379.6,285.1,504.3,4,60793,22.0,10.8,14.2,61.8,3.8,6.1,24.4,6.1,"","","","","",""
"A0603","San Diego","Chula Vista","https://www.californiahealthmaps.org?address=A0603","Both","Lung",303965,47.7,39.9,56.8,192355,49.8,40.8,60.6,"","","","",73235,49.8,27.3,85.6,18010,"","","",4,60793,22.0,10.8,14.2,61.8,3.8,6.1,24.4,6.1,"","","","","",""
"A0603","San Diego","Chula Vista","https://www.californiahealthmaps.org?address=A0603","Both","CRC",303965,39.8,32.8,48.0,192355,41.9,33.8,52.0,"","","","",73235,43.2,23.4,75.6,18010,"","","",4,60793,22.0,10.8,14.2,61.8,3.8,6.1,24.4,6.1,"","","","","",""
"A0603","San Diego","Chula Vista","https://www.californiahealthmaps.org?address=A0603","Both","Mela",303965,37.3,30.5,45.3,192355,45.0,36.4,55.6,"","","","",73235,"","","",18010,"","","",4,60793,22.0,10.8,14.2,61.8,3.8,6.1,24.4,6.1,"","","","","",""
"A0603","San Diego","Chula Vista","https://www.californiahealthmaps.org?address=A0603","Both","Lymph",303965,20.9,16.0,27.0,192355,21.6,15.9,29.3,"","","","",73235,"","","",18010,"","","",4,60793,22.0,10.8,14.2,61.8,3.8,6.1,24.4,6.1,"","","","","",""
"A0603","San Diego","Chula Vista","https://www.californiahealthmaps.org?address=A0603","Both","Urinary",303965,10.2,6.8,14.9,192355,11.6,7.6,17.7,"","","","",73235,"","","",18010,"","","",4,60793,22.0,10.8,14.2,61.8,3.8,6.1,24.4,6.1,"","","","","",""
"A0603","San Diego","Chula Vista","https://www.californiahealthmaps.org?address=A0603","Both","Kidney",303965,18.8,14.2,24.6,192355,19.0,13.7,26.4,"","","","",73235,"","","",18010,"","","",4,60793,22.0,10.8,14.2,61.8,3.8,6.1,24.4,6.1,"","","","","",""
"A0603","San Diego","Chula Vista","https://www.californiahealthmaps.org?address=A0603","Both","Thyroid",303965,15.4,11.3,20.7,192355,13.2,8.5,20.1,"","","","",73235,"","","",18010,"","","",4,60793,22.0,10.8,14.2,61.8,3.8,6.1,24.4,6.1,"","","","","",""
"A0603","San Diego","Chula Vista","https://www.californiahealthmaps.org?address=A0603","Both","Liver",303965,9.1,5.9,13.5,192355,7.3,4.2,12.6,"","","","",73235,"","","",18010,"","","",4,60793,22.0,10.8,14.2,61.8,3.8,6.1,24.4,6.1,"","","","","",""
"A0603","San Diego","Chula Vista","https://www.californiahealthmaps.org?address=A0603","Both","Pancreas",303965,16.1,11.6,21.9,192355,14.5,9.8,21.4,"","","","",73235,"","","",18010,"","","",4,60793,22.0,10.8,14.2,61.8,3.8,6.1,24.4,6.1,"","","","","",""
