"Zone","Counties","Cities","URL","Sex","Cancer","PopTot","AAIR","LCI","UCI","White_PopTot","White_AAIR","White_LCI","White_UCI","Black_PopTot","Black_AAIR","Black_LCI","Black_UCI","Hispanic_PopTot","Hispanic_AAIR","Hispanic_LCI","Hispanic_UCI","Asian_PopTot","Asian_AAIR","Asian_LCI","Asian_UCI","QNSES","PopAll","PerRural","PerUninsured","PerForeignBorn","PerWhite","PerBlack","PerAsian","PerHispanic"
"A0307","Kern","Bakersfield","https://www.californiahealthmaps.org?address=A0307","Male","AllSite",185620,478.3,445.0,513.6,87365,480.0,439.8,523.9,14005,562.9,405.2,788.4,68345,435.3,358.7,530.1,"","","","",2,77167,0.0,17.1,14.6,45.4,6.8,6.1,37.8
"A0307","Kern","Bakersfield","https://www.californiahealthmaps.org?address=A0307","Female","AllSite",200215,411.2,383.7,440.5,95675,420.1,384.5,459.3,16190,467.1,350.0,617.4,70380,351.1,292.6,420.3,11075,384.9,277.9,525.7,2,77167,0.0,17.1,14.6,45.4,6.8,6.1,37.8
"A0307","Kern","Bakersfield","https://www.californiahealthmaps.org?address=A0307","Male","Prostate",185620,107.1,91.9,124.3,87365,107.2,89.3,129.0,14005,154.8,89.3,293.8,68345,66.3,38.7,115.1,"","","","",2,77167,0.0,17.1,14.6,45.4,6.8,6.1,37.8
"A0307","Kern","Bakersfield","https://www.californiahealthmaps.org?address=A0307","Female","Breast",200215,115.9,101.6,132.0,95675,124.5,105.1,147.7,16190,"","","",70380,88.8,61.7,126.9,11075,136.3,78.0,229.5,2,77167,0.0,17.1,14.6,45.4,6.8,6.1,37.8
"A0307","Kern","Bakersfield","https://www.californiahealthmaps.org?address=A0307","Male","Lung",185620,55.7,44.4,69.2,87365,62.6,48.8,80.4,14005,"","","",68345,"","","","","","","",2,77167,0.0,17.1,14.6,45.4,6.8,6.1,37.8
"A0307","Kern","Bakersfield","https://www.californiahealthmaps.org?address=A0307","Female","Lung",200215,42.2,33.7,52.4,95675,50.8,39.9,65.6,16190,"","","",70380,"","","",11075,"","","",2,77167,0.0,17.1,14.6,45.4,6.8,6.1,37.8
"A0307","Kern","Bakersfield","https://www.californiahealthmaps.org?address=A0307","Male","CRC",185620,48.8,38.6,61.1,87365,41.8,30.6,56.9,14005,"","","",68345,53.1,31.9,94.8,"","","","",2,77167,0.0,17.1,14.6,45.4,6.8,6.1,37.8
"A0307","Kern","Bakersfield","https://www.californiahealthmaps.org?address=A0307","Female","CRC",200215,36.8,28.9,46.4,95675,32.5,23.3,45.8,16190,"","","",70380,"","","",11075,"","","",2,77167,0.0,17.1,14.6,45.4,6.8,6.1,37.8
"A0307","Kern","Bakersfield","https://www.californiahealthmaps.org?address=A0307","Male","Mela",185620,30.1,22.1,40.1,87365,43.2,31.1,59.5,14005,"","","",68345,"","","","","","","",2,77167,0.0,17.1,14.6,45.4,6.8,6.1,37.8
"A0307","Kern","Bakersfield","https://www.californiahealthmaps.org?address=A0307","Female","Mela",200215,15.0,10.2,21.6,95675,17.9,11.5,28.8,16190,"","","",70380,"","","",11075,"","","",2,77167,0.0,17.1,14.6,45.4,6.8,6.1,37.8
"A0307","Kern","Bakersfield","https://www.californiahealthmaps.org?address=A0307","Female","Uterine",200215,36.2,28.4,45.6,95675,38.2,28.2,52.3,16190,"","","",70380,"","","",11075,"","","",2,77167,0.0,17.1,14.6,45.4,6.8,6.1,37.8
"A0307","Kern","Bakersfield","https://www.californiahealthmaps.org?address=A0307","Male","Lymph",185620,26.9,19.6,36.4,87365,28.7,19.6,42.0,14005,"","","",68345,"","","","","","","",2,77167,0.0,17.1,14.6,45.4,6.8,6.1,37.8
"A0307","Kern","Bakersfield","https://www.californiahealthmaps.org?address=A0307","Female","Lymph",200215,17.9,12.6,25.1,95675,18.0,11.8,28.6,16190,"","","",70380,"","","",11075,"","","",2,77167,0.0,17.1,14.6,45.4,6.8,6.1,37.8
"A0307","Kern","Bakersfield","https://www.californiahealthmaps.org?address=A0307","Male","Urinary",185620,23.2,16.1,32.4,87365,26.5,17.6,39.6,14005,"","","",68345,"","","","","","","",2,77167,0.0,17.1,14.6,45.4,6.8,6.1,37.8
"A0307","Kern","Bakersfield","https://www.californiahealthmaps.org?address=A0307","Female","Urinary",200215,1.5,0.4,4.7,95675,"","","",16190,"","","",70380,"","","",11075,"","","",2,77167,0.0,17.1,14.6,45.4,6.8,6.1,37.8
"A0307","Kern","Bakersfield","https://www.californiahealthmaps.org?address=A0307","Male","Kidney",185620,35.5,26.8,46.3,87365,33.4,23.4,47.5,14005,"","","",68345,"","","","","","","",2,77167,0.0,17.1,14.6,45.4,6.8,6.1,37.8
"A0307","Kern","Bakersfield","https://www.californiahealthmaps.org?address=A0307","Female","Kidney",200215,13.8,9.1,20.3,95675,12.2,7.0,21.9,16190,"","","",70380,"","","",11075,"","","",2,77167,0.0,17.1,14.6,45.4,6.8,6.1,37.8
"A0307","Kern","Bakersfield","https://www.californiahealthmaps.org?address=A0307","Male","Thyroid",185620,6.5,3.2,12.1,87365,"","","",14005,"","","",68345,"","","","","","","",2,77167,0.0,17.1,14.6,45.4,6.8,6.1,37.8
"A0307","Kern","Bakersfield","https://www.californiahealthmaps.org?address=A0307","Female","Thyroid",200215,24.8,18.1,33.4,95675,21.7,13.4,34.8,16190,"","","",70380,27.7,14.6,52.5,11075,"","","",2,77167,0.0,17.1,14.6,45.4,6.8,6.1,37.8
"A0307","Kern","Bakersfield","https://www.californiahealthmaps.org?address=A0307","Both","AllSite",385835,437.9,416.8,460.0,183040,443.5,417.0,471.7,30195,509.6,412.9,626.4,138725,387.5,340.1,441.2,20790,310.4,235.5,404.2,2,77167,0.0,17.1,14.6,45.4,6.8,6.1,37.8
"A0307","Kern","Bakersfield","https://www.californiahealthmaps.org?address=A0307","Both","Lung",385835,47.7,40.8,55.6,183040,55.6,46.9,66.1,30195,"","","",138725,"","","",20790,"","","",2,77167,0.0,17.1,14.6,45.4,6.8,6.1,37.8
"A0307","Kern","Bakersfield","https://www.californiahealthmaps.org?address=A0307","Both","CRC",385835,42.0,35.7,49.3,183040,36.3,29.1,45.3,30195,81.4,46.0,139.0,138725,44.0,29.2,65.9,20790,"","","",2,77167,0.0,17.1,14.6,45.4,6.8,6.1,37.8
"A0307","Kern","Bakersfield","https://www.californiahealthmaps.org?address=A0307","Both","Mela",385835,21.6,17.1,27.0,183040,29.3,22.6,38.0,30195,"","","",138725,"","","",20790,"","","",2,77167,0.0,17.1,14.6,45.4,6.8,6.1,37.8
"A0307","Kern","Bakersfield","https://www.californiahealthmaps.org?address=A0307","Both","Lymph",385835,21.7,17.2,27.2,183040,22.7,17.2,30.2,30195,"","","",138725,16.7,8.6,32.3,20790,"","","",2,77167,0.0,17.1,14.6,45.4,6.8,6.1,37.8
"A0307","Kern","Bakersfield","https://www.californiahealthmaps.org?address=A0307","Both","Urinary",385835,10.7,7.6,14.8,183040,12.0,8.1,18.0,30195,"","","",138725,"","","",20790,"","","",2,77167,0.0,17.1,14.6,45.4,6.8,6.1,37.8
"A0307","Kern","Bakersfield","https://www.californiahealthmaps.org?address=A0307","Both","Kidney",385835,23.3,18.6,29.0,183040,21.7,16.2,29.1,30195,"","","",138725,31.3,18.9,51.0,20790,"","","",2,77167,0.0,17.1,14.6,45.4,6.8,6.1,37.8
"A0307","Kern","Bakersfield","https://www.californiahealthmaps.org?address=A0307","Both","Thyroid",385835,16.1,12.1,21.0,183040,13.4,8.7,20.3,30195,"","","",138725,21.9,12.1,39.1,20790,"","","",2,77167,0.0,17.1,14.6,45.4,6.8,6.1,37.8
