"Zone","Counties","Cities","URL","Sex","Cancer","PopTot","AAIR","LCI","UCI","White_PopTot","White_AAIR","White_LCI","White_UCI","Black_PopTot","Black_AAIR","Black_LCI","Black_UCI","Hispanic_PopTot","Hispanic_AAIR","Hispanic_LCI","Hispanic_UCI","Asian_PopTot","Asian_AAIR","Asian_LCI","Asian_UCI","QNSES","PopAll","PerRural","PerUninsured","PerForeignBorn","PerWhite","PerBlack","PerAsian","PerHispanic"
"A0959","Kern","Bakersfield","https://www.californiahealthmaps.org?address=A0959","Male","AllSite",168130,456.8,420.2,496.0,49750,479.8,428.4,537.6,"","","","",105295,437.6,374.2,511.0,"","","","",1,68650,0.4,21.9,18.5,30.5,3.1,2.2,62.3
"A0959","Kern","Bakersfield","https://www.californiahealthmaps.org?address=A0959","Female","AllSite",175120,389.7,359.7,421.8,53845,371.0,329.9,418.4,"","","","",106355,395.3,343.3,454.5,"","","","",1,68650,0.4,21.9,18.5,30.5,3.1,2.2,62.3
"A0959","Kern","Bakersfield","https://www.californiahealthmaps.org?address=A0959","Male","Prostate",168130,99.7,83.2,118.9,49750,100.5,78.9,128.9,"","","","",105295,99.0,70.1,138.6,"","","","",1,68650,0.4,21.9,18.5,30.5,3.1,2.2,62.3
"A0959","Kern","Bakersfield","https://www.californiahealthmaps.org?address=A0959","Female","Breast",175120,112.8,96.9,130.8,53845,119.1,96.0,149.0,"","","","",106355,87.1,64.8,116.9,"","","","",1,68650,0.4,21.9,18.5,30.5,3.1,2.2,62.3
"A0959","Kern","Bakersfield","https://www.californiahealthmaps.org?address=A0959","Male","Lung",168130,46.6,35.3,60.8,49750,53.8,38.5,76.2,"","","","",105295,"","","","","","","",1,68650,0.4,21.9,18.5,30.5,3.1,2.2,62.3
"A0959","Kern","Bakersfield","https://www.californiahealthmaps.org?address=A0959","Female","Lung",175120,47.6,37.5,59.8,53845,60.1,45.7,81.3,"","","","",106355,"","","","","","","",1,68650,0.4,21.9,18.5,30.5,3.1,2.2,62.3
"A0959","Kern","Bakersfield","https://www.californiahealthmaps.org?address=A0959","Male","CRC",168130,45.2,34.2,59.0,49750,50.4,35.3,72.6,"","","","",105295,37.5,21.1,65.2,"","","","",1,68650,0.4,21.9,18.5,30.5,3.1,2.2,62.3
"A0959","Kern","Bakersfield","https://www.californiahealthmaps.org?address=A0959","Female","CRC",175120,28.5,20.9,38.4,53845,19.9,12.1,35.6,"","","","",106355,34.4,21.2,55.7,"","","","",1,68650,0.4,21.9,18.5,30.5,3.1,2.2,62.3
"A0959","Kern","Bakersfield","https://www.californiahealthmaps.org?address=A0959","Male","Mela",168130,18.1,11.3,27.7,49750,29.3,17.0,49.4,"","","","",105295,"","","","","","","",1,68650,0.4,21.9,18.5,30.5,3.1,2.2,62.3
"A0959","Kern","Bakersfield","https://www.californiahealthmaps.org?address=A0959","Female","Mela",175120,11.8,7.1,18.9,53845,16.1,8.5,32.0,"","","","",106355,"","","","","","","",1,68650,0.4,21.9,18.5,30.5,3.1,2.2,62.3
"A0959","Kern","Bakersfield","https://www.californiahealthmaps.org?address=A0959","Female","Uterine",175120,28.7,21.0,38.5,53845,32.3,20.1,52.5,"","","","",106355,27.4,15.7,47.4,"","","","",1,68650,0.4,21.9,18.5,30.5,3.1,2.2,62.3
"A0959","Kern","Bakersfield","https://www.californiahealthmaps.org?address=A0959","Male","Lymph",168130,17.2,11.0,26.2,49750,"","","","","","","",105295,"","","","","","","",1,68650,0.4,21.9,18.5,30.5,3.1,2.2,62.3
"A0959","Kern","Bakersfield","https://www.californiahealthmaps.org?address=A0959","Female","Lymph",175120,16.8,11.0,24.8,53845,"","","","","","","",106355,29.1,15.6,51.4,"","","","",1,68650,0.4,21.9,18.5,30.5,3.1,2.2,62.3
"A0959","Kern","Bakersfield","https://www.californiahealthmaps.org?address=A0959","Male","Urinary",168130,21.3,13.9,31.5,49750,24.4,14.6,41.7,"","","","",105295,"","","","","","","",1,68650,0.4,21.9,18.5,30.5,3.1,2.2,62.3
"A0959","Kern","Bakersfield","https://www.californiahealthmaps.org?address=A0959","Female","Urinary",175120,5.3,2.4,10.6,53845,"","","","","","","",106355,"","","","","","","",1,68650,0.4,21.9,18.5,30.5,3.1,2.2,62.3
"A0959","Kern","Bakersfield","https://www.californiahealthmaps.org?address=A0959","Male","Kidney",168130,35.4,25.9,47.5,49750,32.5,19.0,54.1,"","","","",105295,40.1,24.5,66.2,"","","","",1,68650,0.4,21.9,18.5,30.5,3.1,2.2,62.3
"A0959","Kern","Bakersfield","https://www.californiahealthmaps.org?address=A0959","Female","Kidney",175120,14.4,9.2,21.9,53845,"","","","","","","",106355,"","","","","","","",1,68650,0.4,21.9,18.5,30.5,3.1,2.2,62.3
"A0959","Kern","Bakersfield","https://www.californiahealthmaps.org?address=A0959","Male","Thyroid",168130,8.4,4.1,15.6,49750,"","","","","","","",105295,"","","","","","","",1,68650,0.4,21.9,18.5,30.5,3.1,2.2,62.3
"A0959","Kern","Bakersfield","https://www.californiahealthmaps.org?address=A0959","Female","Thyroid",175120,19.6,13.3,28.0,53845,"","","","","","","",106355,25.1,15.1,42.9,"","","","",1,68650,0.4,21.9,18.5,30.5,3.1,2.2,62.3
"A0959","Kern","Bakersfield","https://www.californiahealthmaps.org?address=A0959","Both","AllSite",343250,416.2,393.0,440.5,103595,418.0,385.5,453.6,12370,586.6,414.0,814.0,211650,413.0,372.3,457.9,"","","","",1,68650,0.4,21.9,18.5,30.5,3.1,2.2,62.3
"A0959","Kern","Bakersfield","https://www.californiahealthmaps.org?address=A0959","Both","Lung",343250,47.1,39.4,55.8,103595,57.0,46.3,70.8,12370,"","","",211650,28.6,17.6,44.8,"","","","",1,68650,0.4,21.9,18.5,30.5,3.1,2.2,62.3
"A0959","Kern","Bakersfield","https://www.californiahealthmaps.org?address=A0959","Both","CRC",343250,35.5,29.0,43.2,103595,33.2,25.0,44.8,12370,"","","",211650,35.7,24.9,51.0,"","","","",1,68650,0.4,21.9,18.5,30.5,3.1,2.2,62.3
"A0959","Kern","Bakersfield","https://www.californiahealthmaps.org?address=A0959","Both","Mela",343250,14.6,10.4,19.9,103595,22.1,14.8,33.1,12370,"","","",211650,"","","","","","","",1,68650,0.4,21.9,18.5,30.5,3.1,2.2,62.3
"A0959","Kern","Bakersfield","https://www.californiahealthmaps.org?address=A0959","Both","Lymph",343250,17.2,12.8,22.8,103595,17.1,10.7,27.5,12370,"","","",211650,20.4,12.1,33.4,"","","","",1,68650,0.4,21.9,18.5,30.5,3.1,2.2,62.3
"A0959","Kern","Bakersfield","https://www.californiahealthmaps.org?address=A0959","Both","Urinary",343250,12.2,8.5,17.0,103595,13.2,8.5,21.6,12370,"","","",211650,"","","","","","","",1,68650,0.4,21.9,18.5,30.5,3.1,2.2,62.3
"A0959","Kern","Bakersfield","https://www.californiahealthmaps.org?address=A0959","Both","Kidney",343250,24.1,18.8,30.5,103595,21.8,14.0,33.5,12370,"","","",211650,27.1,18.5,40.1,"","","","",1,68650,0.4,21.9,18.5,30.5,3.1,2.2,62.3
"A0959","Kern","Bakersfield","https://www.californiahealthmaps.org?address=A0959","Both","Thyroid",343250,14.0,10.1,19.1,103595,13.2,7.1,23.7,12370,"","","",211650,16.8,10.4,27.6,"","","","",1,68650,0.4,21.9,18.5,30.5,3.1,2.2,62.3
