"Zone","Counties","Cities","URL","Sex","Cancer","PopTot","AAIR","LCI","UCI","White_PopTot","White_AAIR","White_LCI","White_UCI","Black_PopTot","Black_AAIR","Black_LCI","Black_UCI","Hispanic_PopTot","Hispanic_AAIR","Hispanic_LCI","Hispanic_UCI","Asian_PopTot","Asian_AAIR","Asian_LCI","Asian_UCI","QNSES","PopAll","PerRural","PerUninsured","PerForeignBorn","PerWhite","PerBlack","PerAsian","PerHispanic","PerAPI","PerDocvisit","PerFOBT","PerMammo","PerMenPrev","PerPap","PerWomenPrev"
"A0989","Los Angeles","Los Angeles","https://www.californiahealthmaps.org?address=A0989","Male","AllSite",162020,372.0,337.0,410.1,"","","","","","","","",140860,347.6,307.5,392.2,13525,316.7,238.6,420.1,1,64997,0.0,36.3,47.2,2.6,1.2,9.4,86.4,9.4,"","","","","",""
"A0989","Los Angeles","Los Angeles","https://www.californiahealthmaps.org?address=A0989","Female","AllSite",162965,312.1,283.9,342.5,"","","","","","","","",140865,305.2,273.8,339.5,15745,319.1,240.0,426.5,1,64997,0.0,36.3,47.2,2.6,1.2,9.4,86.4,9.4,"","","","","",""
"A0989","Los Angeles","Los Angeles","https://www.californiahealthmaps.org?address=A0989","Male","Prostate",162020,76.5,60.6,95.7,"","","","","","","","",140860,82.7,63.1,107.2,13525,"","","",1,64997,0.0,36.3,47.2,2.6,1.2,9.4,86.4,9.4,"","","","","",""
"A0989","Los Angeles","Los Angeles","https://www.californiahealthmaps.org?address=A0989","Female","Breast",162965,86.5,71.9,103.5,"","","","","","","","",140865,82.8,66.7,101.8,15745,80.8,45.9,147.1,1,64997,0.0,36.3,47.2,2.6,1.2,9.4,86.4,9.4,"","","","","",""
"A0989","Los Angeles","Los Angeles","https://www.californiahealthmaps.org?address=A0989","Male","Lung",162020,38.8,27.7,53.4,"","","","","","","","",140860,22.6,12.7,37.8,13525,95.1,54.5,163.7,1,64997,0.0,36.3,47.2,2.6,1.2,9.4,86.4,9.4,"","","","","",""
"A0989","Los Angeles","Los Angeles","https://www.californiahealthmaps.org?address=A0989","Female","Lung",162965,14.1,8.6,22.0,"","","","","","","","",140865,"","","",15745,"","","",1,64997,0.0,36.3,47.2,2.6,1.2,9.4,86.4,9.4,"","","","","",""
"A0989","Los Angeles","Los Angeles","https://www.californiahealthmaps.org?address=A0989","Male","CRC",162020,38.9,28.3,52.7,"","","","","","","","",140860,32.7,21.7,48.5,13525,"","","",1,64997,0.0,36.3,47.2,2.6,1.2,9.4,86.4,9.4,"","","","","",""
"A0989","Los Angeles","Los Angeles","https://www.californiahealthmaps.org?address=A0989","Female","CRC",162965,28.1,20.3,38.2,"","","","","","","","",140865,27.1,18.3,39.1,15745,"","","",1,64997,0.0,36.3,47.2,2.6,1.2,9.4,86.4,9.4,"","","","","",""
"A0989","Los Angeles","Los Angeles","https://www.californiahealthmaps.org?address=A0989","Male","Mela",162020,"","","","","","","","","","","",140860,"","","",13525,"","","",1,64997,0.0,36.3,47.2,2.6,1.2,9.4,86.4,9.4,"","","","","",""
"A0989","Los Angeles","Los Angeles","https://www.californiahealthmaps.org?address=A0989","Female","Mela",162965,"","","","","","","","","","","",140865,"","","",15745,"","","",1,64997,0.0,36.3,47.2,2.6,1.2,9.4,86.4,9.4,"","","","","",""
"A0989","Los Angeles","Los Angeles","https://www.californiahealthmaps.org?address=A0989","Female","Uterine",162965,24.0,16.6,33.7,"","","","","","","","",140865,26.7,18.1,38.3,15745,"","","",1,64997,0.0,36.3,47.2,2.6,1.2,9.4,86.4,9.4,"","","","","",""
"A0989","Los Angeles","Los Angeles","https://www.californiahealthmaps.org?address=A0989","Male","Lymph",162020,13.7,7.8,22.8,"","","","","","","","",140860,"","","",13525,"","","",1,64997,0.0,36.3,47.2,2.6,1.2,9.4,86.4,9.4,"","","","","",""
"A0989","Los Angeles","Los Angeles","https://www.californiahealthmaps.org?address=A0989","Female","Lymph",162965,13.1,7.9,20.8,"","","","","","","","",140865,13.7,7.8,22.8,15745,"","","",1,64997,0.0,36.3,47.2,2.6,1.2,9.4,86.4,9.4,"","","","","",""
"A0989","Los Angeles","Los Angeles","https://www.californiahealthmaps.org?address=A0989","Male","Urinary",162020,"","","","","","","","","","","",140860,"","","",13525,"","","",1,64997,0.0,36.3,47.2,2.6,1.2,9.4,86.4,9.4,"","","","","",""
"A0989","Los Angeles","Los Angeles","https://www.californiahealthmaps.org?address=A0989","Female","Urinary",162965,"","","","","","","","","","","",140865,"","","",15745,"","","",1,64997,0.0,36.3,47.2,2.6,1.2,9.4,86.4,9.4,"","","","","",""
"A0989","Los Angeles","Los Angeles","https://www.californiahealthmaps.org?address=A0989","Male","Kidney",162020,18.6,11.4,29.2,"","","","","","","","",140860,18.7,10.4,32.0,13525,"","","",1,64997,0.0,36.3,47.2,2.6,1.2,9.4,86.4,9.4,"","","","","",""
"A0989","Los Angeles","Los Angeles","https://www.californiahealthmaps.org?address=A0989","Female","Kidney",162965,10.3,5.7,17.4,"","","","","","","","",140865,"","","",15745,"","","",1,64997,0.0,36.3,47.2,2.6,1.2,9.4,86.4,9.4,"","","","","",""
"A0989","Los Angeles","Los Angeles","https://www.californiahealthmaps.org?address=A0989","Male","Thyroid",162020,"","","","","","","","","","","",140860,"","","",13525,"","","",1,64997,0.0,36.3,47.2,2.6,1.2,9.4,86.4,9.4,"","","","","",""
"A0989","Los Angeles","Los Angeles","https://www.californiahealthmaps.org?address=A0989","Female","Thyroid",162965,10.9,6.2,18.1,"","","","","","","","",140865,"","","",15745,"","","",1,64997,0.0,36.3,47.2,2.6,1.2,9.4,86.4,9.4,"","","","","",""
"A0989","Los Angeles","Los Angeles","https://www.californiahealthmaps.org?address=A0989","Male","Liver",162020,20.7,13.3,31.5,"","","","","","","","",140860,20.4,12.0,33.5,13525,"","","",1,64997,0.0,36.3,47.2,2.6,1.2,9.4,86.4,9.4,"","","","","",""
"A0989","Los Angeles","Los Angeles","https://www.californiahealthmaps.org?address=A0989","Female","Liver",162965,"","","","","","","","","","","",140865,"","","",15745,"","","",1,64997,0.0,36.3,47.2,2.6,1.2,9.4,86.4,9.4,"","","","","",""
"A0989","Los Angeles","Los Angeles","https://www.californiahealthmaps.org?address=A0989","Male","Pancreas",162020,"","","","","","","","","","","",140860,"","","",13525,"","","",1,64997,0.0,36.3,47.2,2.6,1.2,9.4,86.4,9.4,"","","","","",""
"A0989","Los Angeles","Los Angeles","https://www.californiahealthmaps.org?address=A0989","Female","Pancreas",162965,10.6,5.9,17.7,"","","","","","","","",140865,"","","",15745,"","","",1,64997,0.0,36.3,47.2,2.6,1.2,9.4,86.4,9.4,"","","","","",""
"A0989","Los Angeles","Los Angeles","https://www.californiahealthmaps.org?address=A0989","Both","AllSite",324985,333.6,311.9,356.6,"","","","","","","","",281725,318.0,293.6,344.2,29270,317.0,260.4,386.4,1,64997,0.0,36.3,47.2,2.6,1.2,9.4,86.4,9.4,"","","","","",""
"A0989","Los Angeles","Los Angeles","https://www.californiahealthmaps.org?address=A0989","Both","Lung",324985,24.7,18.8,31.8,"","","","","","","","",281725,15.3,10.1,22.4,29270,54.4,33.2,90.0,1,64997,0.0,36.3,47.2,2.6,1.2,9.4,86.4,9.4,"","","","","",""
"A0989","Los Angeles","Los Angeles","https://www.californiahealthmaps.org?address=A0989","Both","CRC",324985,33.6,27.0,41.5,"","","","","","","","",281725,30.1,22.9,39.1,29270,41.6,24.6,72.9,1,64997,0.0,36.3,47.2,2.6,1.2,9.4,86.4,9.4,"","","","","",""
"A0989","Los Angeles","Los Angeles","https://www.californiahealthmaps.org?address=A0989","Both","Mela",324985,"","","","","","","","","","","",281725,"","","",29270,"","","",1,64997,0.0,36.3,47.2,2.6,1.2,9.4,86.4,9.4,"","","","","",""
"A0989","Los Angeles","Los Angeles","https://www.californiahealthmaps.org?address=A0989","Both","Lymph",324985,13.0,9.1,18.3,"","","","","","","","",281725,11.9,7.6,17.9,29270,"","","",1,64997,0.0,36.3,47.2,2.6,1.2,9.4,86.4,9.4,"","","","","",""
"A0989","Los Angeles","Los Angeles","https://www.californiahealthmaps.org?address=A0989","Both","Urinary",324985,6.7,4.0,10.9,"","","","","","","","",281725,"","","",29270,"","","",1,64997,0.0,36.3,47.2,2.6,1.2,9.4,86.4,9.4,"","","","","",""
"A0989","Los Angeles","Los Angeles","https://www.californiahealthmaps.org?address=A0989","Both","Kidney",324985,13.7,9.5,19.1,"","","","","","","","",281725,14.6,9.8,21.2,29270,"","","",1,64997,0.0,36.3,47.2,2.6,1.2,9.4,86.4,9.4,"","","","","",""
"A0989","Los Angeles","Los Angeles","https://www.californiahealthmaps.org?address=A0989","Both","Thyroid",324985,7.4,4.5,11.5,"","","","","","","","",281725,7.0,4.1,11.8,29270,"","","",1,64997,0.0,36.3,47.2,2.6,1.2,9.4,86.4,9.4,"","","","","",""
"A0989","Los Angeles","Los Angeles","https://www.californiahealthmaps.org?address=A0989","Both","Liver",324985,13.9,9.8,19.4,"","","","","","","","",281725,12.9,8.4,19.1,29270,"","","",1,64997,0.0,36.3,47.2,2.6,1.2,9.4,86.4,9.4,"","","","","",""
"A0989","Los Angeles","Los Angeles","https://www.californiahealthmaps.org?address=A0989","Both","Pancreas",324985,9.7,6.2,14.5,"","","","","","","","",281725,10.2,6.1,16.1,29270,"","","",1,64997,0.0,36.3,47.2,2.6,1.2,9.4,86.4,9.4,"","","","","",""
