"Zone","Counties","Cities","URL","Sex","Cancer","PopTot","AAIR","LCI","UCI","White_PopTot","White_AAIR","White_LCI","White_UCI","Black_PopTot","Black_AAIR","Black_LCI","Black_UCI","Hispanic_PopTot","Hispanic_AAIR","Hispanic_LCI","Hispanic_UCI","Asian_PopTot","Asian_AAIR","Asian_LCI","Asian_UCI","QNSES","PopAll","PerRural","PerUninsured","PerForeignBorn","PerWhite","PerBlack","PerAsian","PerHispanic","PerAPI","PerDocvisit","PerFOBT","PerMammo","PerMenPrev","PerPap","PerWomenPrev"
"A0449","Ventura","Santa Paula, Fillmore","https://www.californiahealthmaps.org?address=A0449","Male","AllSite",129805,429.6,390.2,472.3,26435,534.7,462.7,619.8,"","","","",100600,363.8,315.4,418.4,"","","","",2,51548,13.2,20.9,28.8,21.3,0.3,1.8,75.7,1.8,"","","","","",""
"A0449","Ventura","Santa Paula, Fillmore","https://www.californiahealthmaps.org?address=A0449","Female","AllSite",127935,404.5,369.0,442.7,28800,470.0,404.0,549.9,"","","","",96085,375.9,330.6,426.3,"","","","",2,51548,13.2,20.9,28.8,21.3,0.3,1.8,75.7,1.8,"","","","","",""
"A0449","Ventura","Santa Paula, Fillmore","https://www.californiahealthmaps.org?address=A0449","Male","Prostate",129805,96.6,78.5,117.9,26435,98.5,71.5,139.6,"","","","",100600,96.0,71.5,127.0,"","","","",2,51548,13.2,20.9,28.8,21.3,0.3,1.8,75.7,1.8,"","","","","",""
"A0449","Ventura","Santa Paula, Fillmore","https://www.californiahealthmaps.org?address=A0449","Female","Breast",127935,114.5,96.1,135.7,28800,134.2,101.6,181.9,"","","","",96085,105.0,81.8,133.4,"","","","",2,51548,13.2,20.9,28.8,21.3,0.3,1.8,75.7,1.8,"","","","","",""
"A0449","Ventura","Santa Paula, Fillmore","https://www.californiahealthmaps.org?address=A0449","Male","Lung",129805,48.6,35.4,65.2,26435,62.6,41.1,99.2,"","","","",100600,35.7,20.9,57.7,"","","","",2,51548,13.2,20.9,28.8,21.3,0.3,1.8,75.7,1.8,"","","","","",""
"A0449","Ventura","Santa Paula, Fillmore","https://www.californiahealthmaps.org?address=A0449","Female","Lung",127935,43.4,32.4,57.3,28800,61.3,41.6,97.3,"","","","",96085,29.1,17.4,46.3,"","","","",2,51548,13.2,20.9,28.8,21.3,0.3,1.8,75.7,1.8,"","","","","",""
"A0449","Ventura","Santa Paula, Fillmore","https://www.californiahealthmaps.org?address=A0449","Male","CRC",129805,50.2,37.4,66.4,26435,61.7,37.6,101.7,"","","","",100600,46.1,30.4,68.3,"","","","",2,51548,13.2,20.9,28.8,21.3,0.3,1.8,75.7,1.8,"","","","","",""
"A0449","Ventura","Santa Paula, Fillmore","https://www.californiahealthmaps.org?address=A0449","Female","CRC",127935,37.3,27.1,50.3,28800,59.2,36.4,99.1,"","","","",96085,25.4,14.9,41.3,"","","","",2,51548,13.2,20.9,28.8,21.3,0.3,1.8,75.7,1.8,"","","","","",""
"A0449","Ventura","Santa Paula, Fillmore","https://www.californiahealthmaps.org?address=A0449","Male","Mela",129805,23.0,14.6,34.7,26435,43.6,26.0,77.0,"","","","",100600,"","","","","","","",2,51548,13.2,20.9,28.8,21.3,0.3,1.8,75.7,1.8,"","","","","",""
"A0449","Ventura","Santa Paula, Fillmore","https://www.californiahealthmaps.org?address=A0449","Female","Mela",127935,14.8,8.6,24.0,28800,"","","","","","","",96085,"","","","","","","",2,51548,13.2,20.9,28.8,21.3,0.3,1.8,75.7,1.8,"","","","","",""
"A0449","Ventura","Santa Paula, Fillmore","https://www.californiahealthmaps.org?address=A0449","Female","Uterine",127935,32.8,23.4,45.1,28800,35.4,19.0,70.0,"","","","",96085,34.2,21.7,52.1,"","","","",2,51548,13.2,20.9,28.8,21.3,0.3,1.8,75.7,1.8,"","","","","",""
"A0449","Ventura","Santa Paula, Fillmore","https://www.californiahealthmaps.org?address=A0449","Male","Lymph",129805,25.7,16.5,38.3,26435,"","","","","","","",100600,"","","","","","","",2,51548,13.2,20.9,28.8,21.3,0.3,1.8,75.7,1.8,"","","","","",""
"A0449","Ventura","Santa Paula, Fillmore","https://www.californiahealthmaps.org?address=A0449","Female","Lymph",127935,13.9,8.1,22.7,28800,"","","","","","","",96085,"","","","","","","",2,51548,13.2,20.9,28.8,21.3,0.3,1.8,75.7,1.8,"","","","","",""
"A0449","Ventura","Santa Paula, Fillmore","https://www.californiahealthmaps.org?address=A0449","Male","Urinary",129805,16.8,9.7,27.4,26435,37.9,20.9,71.3,"","","","",100600,"","","","","","","",2,51548,13.2,20.9,28.8,21.3,0.3,1.8,75.7,1.8,"","","","","",""
"A0449","Ventura","Santa Paula, Fillmore","https://www.californiahealthmaps.org?address=A0449","Female","Urinary",127935,"","","",28800,"","","","","","","",96085,"","","","","","","",2,51548,13.2,20.9,28.8,21.3,0.3,1.8,75.7,1.8,"","","","","",""
"A0449","Ventura","Santa Paula, Fillmore","https://www.californiahealthmaps.org?address=A0449","Male","Kidney",129805,14.2,7.9,24.0,26435,"","","","","","","",100600,"","","","","","","",2,51548,13.2,20.9,28.8,21.3,0.3,1.8,75.7,1.8,"","","","","",""
"A0449","Ventura","Santa Paula, Fillmore","https://www.californiahealthmaps.org?address=A0449","Female","Kidney",127935,13.9,7.9,22.9,28800,"","","","","","","",96085,"","","","","","","",2,51548,13.2,20.9,28.8,21.3,0.3,1.8,75.7,1.8,"","","","","",""
"A0449","Ventura","Santa Paula, Fillmore","https://www.californiahealthmaps.org?address=A0449","Male","Thyroid",129805,"","","",26435,"","","","","","","",100600,"","","","","","","",2,51548,13.2,20.9,28.8,21.3,0.3,1.8,75.7,1.8,"","","","","",""
"A0449","Ventura","Santa Paula, Fillmore","https://www.californiahealthmaps.org?address=A0449","Female","Thyroid",127935,29.1,20.1,41.1,28800,"","","","","","","",96085,34.3,22.6,51.0,"","","","",2,51548,13.2,20.9,28.8,21.3,0.3,1.8,75.7,1.8,"","","","","",""
"A0449","Ventura","Santa Paula, Fillmore","https://www.californiahealthmaps.org?address=A0449","Male","Liver",129805,17.2,10.2,27.6,26435,"","","","","","","",100600,24.2,13.1,42.1,"","","","",2,51548,13.2,20.9,28.8,21.3,0.3,1.8,75.7,1.8,"","","","","",""
"A0449","Ventura","Santa Paula, Fillmore","https://www.californiahealthmaps.org?address=A0449","Female","Liver",127935,"","","",28800,"","","","","","","",96085,"","","","","","","",2,51548,13.2,20.9,28.8,21.3,0.3,1.8,75.7,1.8,"","","","","",""
"A0449","Ventura","Santa Paula, Fillmore","https://www.californiahealthmaps.org?address=A0449","Male","Pancreas",129805,"","","",26435,"","","","","","","",100600,"","","","","","","",2,51548,13.2,20.9,28.8,21.3,0.3,1.8,75.7,1.8,"","","","","",""
"A0449","Ventura","Santa Paula, Fillmore","https://www.californiahealthmaps.org?address=A0449","Female","Pancreas",127935,"","","",28800,"","","","","","","",96085,"","","","","","","",2,51548,13.2,20.9,28.8,21.3,0.3,1.8,75.7,1.8,"","","","","",""
"A0449","Ventura","Santa Paula, Fillmore","https://www.californiahealthmaps.org?address=A0449","Both","AllSite",257740,410.7,384.6,438.3,55235,491.9,443.6,546.4,"","","","",196685,366.7,333.6,402.4,"","","","",2,51548,13.2,20.9,28.8,21.3,0.3,1.8,75.7,1.8,"","","","","",""
"A0449","Ventura","Santa Paula, Fillmore","https://www.californiahealthmaps.org?address=A0449","Both","Lung",257740,45.0,36.4,55.0,55235,60.4,45.8,81.7,"","","","",196685,31.9,22.3,44.5,"","","","",2,51548,13.2,20.9,28.8,21.3,0.3,1.8,75.7,1.8,"","","","","",""
"A0449","Ventura","Santa Paula, Fillmore","https://www.californiahealthmaps.org?address=A0449","Both","CRC",257740,43.2,35.0,52.9,55235,60.0,43.0,84.4,"","","","",196685,35.3,25.7,47.7,"","","","",2,51548,13.2,20.9,28.8,21.3,0.3,1.8,75.7,1.8,"","","","","",""
"A0449","Ventura","Santa Paula, Fillmore","https://www.californiahealthmaps.org?address=A0449","Both","Mela",257740,18.3,13.1,25.0,55235,34.5,23.0,53.4,"","","","",196685,"","","","","","","",2,51548,13.2,20.9,28.8,21.3,0.3,1.8,75.7,1.8,"","","","","",""
"A0449","Ventura","Santa Paula, Fillmore","https://www.californiahealthmaps.org?address=A0449","Both","Lymph",257740,18.8,13.5,25.6,55235,17.9,10.0,33.8,"","","","",196685,19.0,11.9,29.0,"","","","",2,51548,13.2,20.9,28.8,21.3,0.3,1.8,75.7,1.8,"","","","","",""
"A0449","Ventura","Santa Paula, Fillmore","https://www.californiahealthmaps.org?address=A0449","Both","Urinary",257740,8.3,4.9,13.3,55235,18.2,10.2,34.2,"","","","",196685,"","","","","","","",2,51548,13.2,20.9,28.8,21.3,0.3,1.8,75.7,1.8,"","","","","",""
"A0449","Ventura","Santa Paula, Fillmore","https://www.californiahealthmaps.org?address=A0449","Both","Kidney",257740,14.2,9.6,20.3,55235,"","","","","","","",196685,15.9,9.6,25.1,"","","","",2,51548,13.2,20.9,28.8,21.3,0.3,1.8,75.7,1.8,"","","","","",""
"A0449","Ventura","Santa Paula, Fillmore","https://www.californiahealthmaps.org?address=A0449","Both","Thyroid",257740,17.8,12.8,24.2,55235,"","","","","","","",196685,18.6,12.5,27.3,"","","","",2,51548,13.2,20.9,28.8,21.3,0.3,1.8,75.7,1.8,"","","","","",""
"A0449","Ventura","Santa Paula, Fillmore","https://www.californiahealthmaps.org?address=A0449","Both","Liver",257740,10.5,6.8,15.8,55235,"","","","","","","",196685,14.5,8.5,23.4,"","","","",2,51548,13.2,20.9,28.8,21.3,0.3,1.8,75.7,1.8,"","","","","",""
"A0449","Ventura","Santa Paula, Fillmore","https://www.californiahealthmaps.org?address=A0449","Both","Pancreas",257740,9.2,5.7,14.3,55235,"","","","","","","",196685,12.8,7.1,21.5,"","","","",2,51548,13.2,20.9,28.8,21.3,0.3,1.8,75.7,1.8,"","","","","",""
