"Zone","Counties","Cities","URL","Sex","Cancer","PopTot","AAIR","LCI","UCI","White_PopTot","White_AAIR","White_LCI","White_UCI","Black_PopTot","Black_AAIR","Black_LCI","Black_UCI","Hispanic_PopTot","Hispanic_AAIR","Hispanic_LCI","Hispanic_UCI","Asian_PopTot","Asian_AAIR","Asian_LCI","Asian_UCI","QNSES","PopAll","PerRural","PerUninsured","PerForeignBorn","PerWhite","PerBlack","PerAsian","PerHispanic","PerAPI","PerDocvisit","PerFOBT","PerMammo","PerMenPrev","PerPap","PerWomenPrev"
"A0743","Contra Costa","Brentwood, Oakley","https://www.californiahealthmaps.org?address=A0743","Male","AllSite",166610,585.5,539.8,634.7,78910,591.1,533.7,653.5,13000,820.2,574.0,1200.4,54045,493.3,403.2,600.8,12785,569.8,391.6,835.3,4,67934,2.4,11.2,16.9,46.9,8.7,7.2,33.0,7.2,"","","","","",""
"A0743","Contra Costa","Brentwood, Oakley","https://www.californiahealthmaps.org?address=A0743","Female","AllSite",173060,488.0,451.7,526.8,81845,513.0,465.1,565.0,14235,746.5,552.9,1006.9,53905,391.2,323.2,470.9,14480,450.3,338.8,599.6,4,67934,2.4,11.2,16.9,46.9,8.7,7.2,33.0,7.2,"","","","","",""
"A0743","Contra Costa","Brentwood, Oakley","https://www.californiahealthmaps.org?address=A0743","Male","Prostate",166610,155.5,132.4,182.1,78910,146.0,118.3,178.9,13000,305.9,173.2,586.5,54045,140.5,94.7,204.8,12785,"","","",4,67934,2.4,11.2,16.9,46.9,8.7,7.2,33.0,7.2,"","","","","",""
"A0743","Contra Costa","Brentwood, Oakley","https://www.californiahealthmaps.org?address=A0743","Female","Breast",173060,153.0,133.5,174.9,81845,158.4,132.9,187.9,14235,204.0,123.0,353.8,53905,99.4,68.0,142.8,14480,218.1,145.9,329.4,4,67934,2.4,11.2,16.9,46.9,8.7,7.2,33.0,7.2,"","","","","",""
"A0743","Contra Costa","Brentwood, Oakley","https://www.californiahealthmaps.org?address=A0743","Male","Lung",166610,72.4,56.1,92.6,78910,84.6,62.9,111.8,13000,"","","",54045,"","","",12785,"","","",4,67934,2.4,11.2,16.9,46.9,8.7,7.2,33.0,7.2,"","","","","",""
"A0743","Contra Costa","Brentwood, Oakley","https://www.californiahealthmaps.org?address=A0743","Female","Lung",173060,58.7,45.8,74.3,81845,75.6,57.4,98.2,14235,"","","",53905,"","","",14480,"","","",4,67934,2.4,11.2,16.9,46.9,8.7,7.2,33.0,7.2,"","","","","",""
"A0743","Contra Costa","Brentwood, Oakley","https://www.californiahealthmaps.org?address=A0743","Male","CRC",166610,50.4,38.3,66.0,78910,43.8,29.7,63.2,13000,"","","",54045,56.0,30.7,99.8,12785,"","","",4,67934,2.4,11.2,16.9,46.9,8.7,7.2,33.0,7.2,"","","","","",""
"A0743","Contra Costa","Brentwood, Oakley","https://www.californiahealthmaps.org?address=A0743","Female","CRC",173060,39.1,29.2,51.5,81845,39.2,26.9,55.9,14235,"","","",53905,"","","",14480,"","","",4,67934,2.4,11.2,16.9,46.9,8.7,7.2,33.0,7.2,"","","","","",""
"A0743","Contra Costa","Brentwood, Oakley","https://www.californiahealthmaps.org?address=A0743","Male","Mela",166610,40.5,29.7,54.9,78910,52.3,37.0,72.7,13000,"","","",54045,"","","",12785,"","","",4,67934,2.4,11.2,16.9,46.9,8.7,7.2,33.0,7.2,"","","","","",""
"A0743","Contra Costa","Brentwood, Oakley","https://www.californiahealthmaps.org?address=A0743","Female","Mela",173060,29.3,21.2,39.8,81845,36.6,24.7,52.9,14235,"","","",53905,"","","",14480,"","","",4,67934,2.4,11.2,16.9,46.9,8.7,7.2,33.0,7.2,"","","","","",""
"A0743","Contra Costa","Brentwood, Oakley","https://www.californiahealthmaps.org?address=A0743","Female","Uterine",173060,33.0,24.1,44.5,81845,28.2,18.0,42.8,14235,"","","",53905,49.2,27.0,84.5,14480,"","","",4,67934,2.4,11.2,16.9,46.9,8.7,7.2,33.0,7.2,"","","","","",""
"A0743","Contra Costa","Brentwood, Oakley","https://www.californiahealthmaps.org?address=A0743","Male","Lymph",166610,27.8,18.2,41.4,78910,31.2,18.7,49.4,13000,"","","",54045,"","","",12785,"","","",4,67934,2.4,11.2,16.9,46.9,8.7,7.2,33.0,7.2,"","","","","",""
"A0743","Contra Costa","Brentwood, Oakley","https://www.californiahealthmaps.org?address=A0743","Female","Lymph",173060,17.1,10.9,26.0,81845,"","","",14235,"","","",53905,"","","",14480,"","","",4,67934,2.4,11.2,16.9,46.9,8.7,7.2,33.0,7.2,"","","","","",""
"A0743","Contra Costa","Brentwood, Oakley","https://www.californiahealthmaps.org?address=A0743","Male","Urinary",166610,17.8,10.0,29.9,78910,"","","",13000,"","","",54045,"","","",12785,"","","",4,67934,2.4,11.2,16.9,46.9,8.7,7.2,33.0,7.2,"","","","","",""
"A0743","Contra Costa","Brentwood, Oakley","https://www.californiahealthmaps.org?address=A0743","Female","Urinary",173060,"","","",81845,"","","",14235,"","","",53905,"","","",14480,"","","",4,67934,2.4,11.2,16.9,46.9,8.7,7.2,33.0,7.2,"","","","","",""
"A0743","Contra Costa","Brentwood, Oakley","https://www.californiahealthmaps.org?address=A0743","Male","Kidney",166610,40.3,29.4,54.6,78910,39.2,26.1,57.7,13000,"","","",54045,"","","",12785,"","","",4,67934,2.4,11.2,16.9,46.9,8.7,7.2,33.0,7.2,"","","","","",""
"A0743","Contra Costa","Brentwood, Oakley","https://www.californiahealthmaps.org?address=A0743","Female","Kidney",173060,12.5,7.3,20.3,81845,"","","",14235,"","","",53905,"","","",14480,"","","",4,67934,2.4,11.2,16.9,46.9,8.7,7.2,33.0,7.2,"","","","","",""
"A0743","Contra Costa","Brentwood, Oakley","https://www.californiahealthmaps.org?address=A0743","Male","Thyroid",166610,"","","",78910,"","","",13000,"","","",54045,"","","",12785,"","","",4,67934,2.4,11.2,16.9,46.9,8.7,7.2,33.0,7.2,"","","","","",""
"A0743","Contra Costa","Brentwood, Oakley","https://www.californiahealthmaps.org?address=A0743","Female","Thyroid",173060,21.4,14.9,30.3,81845,20.1,11.6,33.2,14235,"","","",53905,"","","",14480,"","","",4,67934,2.4,11.2,16.9,46.9,8.7,7.2,33.0,7.2,"","","","","",""
"A0743","Contra Costa","Brentwood, Oakley","https://www.californiahealthmaps.org?address=A0743","Male","Liver",166610,15.1,8.9,25.2,78910,"","","",13000,"","","",54045,"","","",12785,"","","",4,67934,2.4,11.2,16.9,46.9,8.7,7.2,33.0,7.2,"","","","","",""
"A0743","Contra Costa","Brentwood, Oakley","https://www.californiahealthmaps.org?address=A0743","Female","Liver",173060,"","","",81845,"","","",14235,"","","",53905,"","","",14480,"","","",4,67934,2.4,11.2,16.9,46.9,8.7,7.2,33.0,7.2,"","","","","",""
"A0743","Contra Costa","Brentwood, Oakley","https://www.californiahealthmaps.org?address=A0743","Male","Pancreas",166610,"","","",78910,"","","",13000,"","","",54045,"","","",12785,"","","",4,67934,2.4,11.2,16.9,46.9,8.7,7.2,33.0,7.2,"","","","","",""
"A0743","Contra Costa","Brentwood, Oakley","https://www.californiahealthmaps.org?address=A0743","Female","Pancreas",173060,13.5,7.9,21.7,81845,"","","",14235,"","","",53905,"","","",14480,"","","",4,67934,2.4,11.2,16.9,46.9,8.7,7.2,33.0,7.2,"","","","","",""
"A0743","Contra Costa","Brentwood, Oakley","https://www.californiahealthmaps.org?address=A0743","Both","AllSite",339670,528.2,499.7,558.2,160755,543.8,507.1,582.6,27235,776.0,623.0,969.7,107950,432.8,377.5,494.9,27265,484.9,389.6,605.2,4,67934,2.4,11.2,16.9,46.9,8.7,7.2,33.0,7.2,"","","","","",""
"A0743","Contra Costa","Brentwood, Oakley","https://www.californiahealthmaps.org?address=A0743","Both","Lung",339670,64.8,54.5,76.7,160755,79.6,65.4,96.1,27235,"","","",107950,"","","",27265,"","","",4,67934,2.4,11.2,16.9,46.9,8.7,7.2,33.0,7.2,"","","","","",""
"A0743","Contra Costa","Brentwood, Oakley","https://www.californiahealthmaps.org?address=A0743","Both","CRC",339670,44.6,36.7,53.8,160755,41.2,31.7,52.9,27235,"","","",107950,37.7,23.4,59.4,27265,60.5,34.4,115.0,4,67934,2.4,11.2,16.9,46.9,8.7,7.2,33.0,7.2,"","","","","",""
"A0743","Contra Costa","Brentwood, Oakley","https://www.californiahealthmaps.org?address=A0743","Both","Mela",339670,34.1,27.4,42.1,160755,43.4,33.8,55.3,27235,"","","",107950,"","","",27265,"","","",4,67934,2.4,11.2,16.9,46.9,8.7,7.2,33.0,7.2,"","","","","",""
"A0743","Contra Costa","Brentwood, Oakley","https://www.californiahealthmaps.org?address=A0743","Both","Lymph",339670,21.4,15.9,28.4,160755,20.5,13.7,29.6,27235,"","","",107950,"","","",27265,"","","",4,67934,2.4,11.2,16.9,46.9,8.7,7.2,33.0,7.2,"","","","","",""
"A0743","Contra Costa","Brentwood, Oakley","https://www.californiahealthmaps.org?address=A0743","Both","Urinary",339670,9.1,5.5,14.4,160755,10.9,6.0,18.2,27235,"","","",107950,"","","",27265,"","","",4,67934,2.4,11.2,16.9,46.9,8.7,7.2,33.0,7.2,"","","","","",""
"A0743","Contra Costa","Brentwood, Oakley","https://www.californiahealthmaps.org?address=A0743","Both","Kidney",339670,25.2,19.4,32.5,160755,25.9,18.6,35.4,27235,"","","",107950,27.1,14.7,47.4,27265,"","","",4,67934,2.4,11.2,16.9,46.9,8.7,7.2,33.0,7.2,"","","","","",""
"A0743","Contra Costa","Brentwood, Oakley","https://www.californiahealthmaps.org?address=A0743","Both","Thyroid",339670,13.9,10.0,19.1,160755,12.0,7.2,19.0,27235,"","","",107950,18.8,10.2,34.6,27265,"","","",4,67934,2.4,11.2,16.9,46.9,8.7,7.2,33.0,7.2,"","","","","",""
"A0743","Contra Costa","Brentwood, Oakley","https://www.californiahealthmaps.org?address=A0743","Both","Liver",339670,9.1,5.7,14.0,160755,"","","",27235,"","","",107950,"","","",27265,"","","",4,67934,2.4,11.2,16.9,46.9,8.7,7.2,33.0,7.2,"","","","","",""
"A0743","Contra Costa","Brentwood, Oakley","https://www.californiahealthmaps.org?address=A0743","Both","Pancreas",339670,12.6,8.5,18.2,160755,12.2,7.3,19.3,27235,"","","",107950,"","","",27265,"","","",4,67934,2.4,11.2,16.9,46.9,8.7,7.2,33.0,7.2,"","","","","",""
