"Zone","Counties","Cities","URL","Sex","Cancer","PopTot","AAIR","LCI","UCI","White_PopTot","White_AAIR","White_LCI","White_UCI","Black_PopTot","Black_AAIR","Black_LCI","Black_UCI","Hispanic_PopTot","Hispanic_AAIR","Hispanic_LCI","Hispanic_UCI","Asian_PopTot","Asian_AAIR","Asian_LCI","Asian_UCI","QNSES","PopAll","PerRural","PerUninsured","PerForeignBorn","PerWhite","PerBlack","PerAsian","PerHispanic","PerAPI","PerDocvisit","PerFOBT","PerMammo","PerMenPrev","PerPap","PerWomenPrev"
"A0961","Los Angeles","Culver City","https://www.californiahealthmaps.org?address=A0961","Male","AllSite",158045,485.7,448.6,525.2,67180,523.7,470.8,583.7,13775,537.3,416.3,688.3,41980,486.5,395.7,595.5,27900,342.5,267.4,436.0,4,64832,0.0,16.9,31.6,40.2,10.2,17.1,28.3,17.1,"","","","","",""
"A0961","Los Angeles","Culver City","https://www.californiahealthmaps.org?address=A0961","Female","AllSite",166115,423.9,394.1,455.9,66285,466.6,421.3,519.2,16085,447.1,356.1,569.0,43740,339.7,281.4,407.6,32285,393.7,326.5,476.9,4,64832,0.0,16.9,31.6,40.2,10.2,17.1,28.3,17.1,"","","","","",""
"A0961","Los Angeles","Culver City","https://www.californiahealthmaps.org?address=A0961","Male","Prostate",158045,109.9,92.6,129.8,67180,100.7,78.4,130.6,13775,190.2,122.8,288.7,41980,122.5,78.9,185.7,27900,71.8,39.5,124.6,4,64832,0.0,16.9,31.6,40.2,10.2,17.1,28.3,17.1,"","","","","",""
"A0961","Los Angeles","Culver City","https://www.californiahealthmaps.org?address=A0961","Female","Breast",166115,138.5,121.7,157.6,66285,159.9,133.6,193.9,16085,137.7,91.6,218.1,43740,98.8,68.7,138.8,32285,125.2,88.9,178.9,4,64832,0.0,16.9,31.6,40.2,10.2,17.1,28.3,17.1,"","","","","",""
"A0961","Los Angeles","Culver City","https://www.californiahealthmaps.org?address=A0961","Male","Lung",158045,57.4,44.9,72.5,67180,56.8,40.5,81.2,13775,"","","",41980,"","","",27900,"","","",4,64832,0.0,16.9,31.6,40.2,10.2,17.1,28.3,17.1,"","","","","",""
"A0961","Los Angeles","Culver City","https://www.californiahealthmaps.org?address=A0961","Female","Lung",166115,36.7,28.4,47.4,66285,42.6,30.1,64.0,16085,"","","",43740,"","","",32285,"","","",4,64832,0.0,16.9,31.6,40.2,10.2,17.1,28.3,17.1,"","","","","",""
"A0961","Los Angeles","Culver City","https://www.californiahealthmaps.org?address=A0961","Male","CRC",158045,47.0,36.3,60.3,67180,50.8,35.9,73.7,13775,"","","",41980,"","","",27900,"","","",4,64832,0.0,16.9,31.6,40.2,10.2,17.1,28.3,17.1,"","","","","",""
"A0961","Los Angeles","Culver City","https://www.californiahealthmaps.org?address=A0961","Female","CRC",166115,43.4,34.2,55.1,66285,46.3,32.9,68.5,16085,79.9,43.9,153.4,43740,"","","",32285,"","","",4,64832,0.0,16.9,31.6,40.2,10.2,17.1,28.3,17.1,"","","","","",""
"A0961","Los Angeles","Culver City","https://www.californiahealthmaps.org?address=A0961","Male","Mela",158045,25.5,17.5,36.1,67180,39.2,25.7,61.1,13775,"","","",41980,"","","",27900,"","","",4,64832,0.0,16.9,31.6,40.2,10.2,17.1,28.3,17.1,"","","","","",""
"A0961","Los Angeles","Culver City","https://www.californiahealthmaps.org?address=A0961","Female","Mela",166115,11.8,7.2,18.9,66285,24.4,14.6,43.9,16085,"","","",43740,"","","",32285,"","","",4,64832,0.0,16.9,31.6,40.2,10.2,17.1,28.3,17.1,"","","","","",""
"A0961","Los Angeles","Culver City","https://www.californiahealthmaps.org?address=A0961","Female","Uterine",166115,29.3,22.0,38.9,66285,35.3,24.1,55.6,16085,"","","",43740,"","","",32285,"","","",4,64832,0.0,16.9,31.6,40.2,10.2,17.1,28.3,17.1,"","","","","",""
"A0961","Los Angeles","Culver City","https://www.californiahealthmaps.org?address=A0961","Male","Lymph",158045,17.7,11.3,26.7,67180,23.9,13.2,43.8,13775,"","","",41980,"","","",27900,"","","",4,64832,0.0,16.9,31.6,40.2,10.2,17.1,28.3,17.1,"","","","","",""
"A0961","Los Angeles","Culver City","https://www.californiahealthmaps.org?address=A0961","Female","Lymph",166115,15.7,10.4,23.5,66285,"","","",16085,"","","",43740,"","","",32285,"","","",4,64832,0.0,16.9,31.6,40.2,10.2,17.1,28.3,17.1,"","","","","",""
"A0961","Los Angeles","Culver City","https://www.californiahealthmaps.org?address=A0961","Male","Urinary",158045,17.9,11.3,27.1,67180,18.5,10.1,35.9,13775,"","","",41980,"","","",27900,"","","",4,64832,0.0,16.9,31.6,40.2,10.2,17.1,28.3,17.1,"","","","","",""
"A0961","Los Angeles","Culver City","https://www.californiahealthmaps.org?address=A0961","Female","Urinary",166115,"","","",66285,"","","",16085,"","","",43740,"","","",32285,"","","",4,64832,0.0,16.9,31.6,40.2,10.2,17.1,28.3,17.1,"","","","","",""
"A0961","Los Angeles","Culver City","https://www.californiahealthmaps.org?address=A0961","Male","Kidney",158045,25.8,17.7,36.7,67180,28.5,17.1,48.7,13775,"","","",41980,"","","",27900,"","","",4,64832,0.0,16.9,31.6,40.2,10.2,17.1,28.3,17.1,"","","","","",""
"A0961","Los Angeles","Culver City","https://www.californiahealthmaps.org?address=A0961","Female","Kidney",166115,8.0,4.4,14.2,66285,"","","",16085,"","","",43740,"","","",32285,"","","",4,64832,0.0,16.9,31.6,40.2,10.2,17.1,28.3,17.1,"","","","","",""
"A0961","Los Angeles","Culver City","https://www.californiahealthmaps.org?address=A0961","Male","Thyroid",158045,"","","",67180,"","","",13775,"","","",41980,"","","",27900,"","","",4,64832,0.0,16.9,31.6,40.2,10.2,17.1,28.3,17.1,"","","","","",""
"A0961","Los Angeles","Culver City","https://www.californiahealthmaps.org?address=A0961","Female","Thyroid",166115,21.4,15.1,30.1,66285,22.2,12.5,41.9,16085,"","","",43740,"","","",32285,"","","",4,64832,0.0,16.9,31.6,40.2,10.2,17.1,28.3,17.1,"","","","","",""
"A0961","Los Angeles","Culver City","https://www.californiahealthmaps.org?address=A0961","Male","Liver",158045,18.3,11.8,27.5,67180,"","","",13775,"","","",41980,"","","",27900,"","","",4,64832,0.0,16.9,31.6,40.2,10.2,17.1,28.3,17.1,"","","","","",""
"A0961","Los Angeles","Culver City","https://www.californiahealthmaps.org?address=A0961","Female","Liver",166115,"","","",66285,"","","",16085,"","","",43740,"","","",32285,"","","",4,64832,0.0,16.9,31.6,40.2,10.2,17.1,28.3,17.1,"","","","","",""
"A0961","Los Angeles","Culver City","https://www.californiahealthmaps.org?address=A0961","Male","Pancreas",158045,16.5,10.2,25.5,67180,"","","",13775,"","","",41980,"","","",27900,"","","",4,64832,0.0,16.9,31.6,40.2,10.2,17.1,28.3,17.1,"","","","","",""
"A0961","Los Angeles","Culver City","https://www.californiahealthmaps.org?address=A0961","Female","Pancreas",166115,12.3,7.8,19.3,66285,"","","",16085,"","","",43740,"","","",32285,"","","",4,64832,0.0,16.9,31.6,40.2,10.2,17.1,28.3,17.1,"","","","","",""
"A0961","Los Angeles","Culver City","https://www.californiahealthmaps.org?address=A0961","Both","AllSite",324160,445.2,422.1,469.4,133465,488.2,453.9,526.0,29860,481.8,408.1,569.5,85720,385.8,336.7,440.4,60185,368.1,317.8,426.3,4,64832,0.0,16.9,31.6,40.2,10.2,17.1,28.3,17.1,"","","","","",""
"A0961","Los Angeles","Culver City","https://www.californiahealthmaps.org?address=A0961","Both","Lung",324160,45.3,38.1,53.8,133465,49.0,38.7,63.2,29860,"","","",85720,45.4,29.0,68.0,60185,43.5,27.3,68.8,4,64832,0.0,16.9,31.6,40.2,10.2,17.1,28.3,17.1,"","","","","",""
"A0961","Los Angeles","Culver City","https://www.californiahealthmaps.org?address=A0961","Both","CRC",324160,45.0,37.9,53.3,133465,48.8,38.6,62.9,29860,69.1,42.7,111.5,85720,32.3,19.2,51.4,60185,33.7,19.8,56.7,4,64832,0.0,16.9,31.6,40.2,10.2,17.1,28.3,17.1,"","","","","",""
"A0961","Los Angeles","Culver City","https://www.californiahealthmaps.org?address=A0961","Both","Mela",324160,17.1,12.8,22.7,133465,30.1,22.0,42.4,29860,"","","",85720,"","","",60185,"","","",4,64832,0.0,16.9,31.6,40.2,10.2,17.1,28.3,17.1,"","","","","",""
"A0961","Los Angeles","Culver City","https://www.californiahealthmaps.org?address=A0961","Both","Lymph",324160,16.6,12.4,22.1,133465,16.8,10.6,27.5,29860,"","","",85720,"","","",60185,"","","",4,64832,0.0,16.9,31.6,40.2,10.2,17.1,28.3,17.1,"","","","","",""
"A0961","Los Angeles","Culver City","https://www.californiahealthmaps.org?address=A0961","Both","Urinary",324160,9.9,6.7,14.3,133465,11.5,7.1,20.5,29860,"","","",85720,"","","",60185,"","","",4,64832,0.0,16.9,31.6,40.2,10.2,17.1,28.3,17.1,"","","","","",""
"A0961","Los Angeles","Culver City","https://www.californiahealthmaps.org?address=A0961","Both","Kidney",324160,15.7,11.6,21.1,133465,15.5,9.9,25.5,29860,"","","",85720,"","","",60185,"","","",4,64832,0.0,16.9,31.6,40.2,10.2,17.1,28.3,17.1,"","","","","",""
"A0961","Los Angeles","Culver City","https://www.californiahealthmaps.org?address=A0961","Both","Thyroid",324160,14.4,10.6,19.5,133465,14.5,9.0,24.6,29860,"","","",85720,"","","",60185,"","","",4,64832,0.0,16.9,31.6,40.2,10.2,17.1,28.3,17.1,"","","","","",""
"A0961","Los Angeles","Culver City","https://www.californiahealthmaps.org?address=A0961","Both","Liver",324160,10.8,7.5,15.4,133465,"","","",29860,"","","",85720,"","","",60185,"","","",4,64832,0.0,16.9,31.6,40.2,10.2,17.1,28.3,17.1,"","","","","",""
"A0961","Los Angeles","Culver City","https://www.californiahealthmaps.org?address=A0961","Both","Pancreas",324160,14.2,10.3,19.3,133465,13.2,8.2,22.8,29860,"","","",85720,"","","",60185,"","","",4,64832,0.0,16.9,31.6,40.2,10.2,17.1,28.3,17.1,"","","","","",""
