"Zone","Counties","Cities","URL","Sex","Cancer","PopTot","AAIR","LCI","UCI","White_PopTot","White_AAIR","White_LCI","White_UCI","Black_PopTot","Black_AAIR","Black_LCI","Black_UCI","Hispanic_PopTot","Hispanic_AAIR","Hispanic_LCI","Hispanic_UCI","Asian_PopTot","Asian_AAIR","Asian_LCI","Asian_UCI","QNSES","PopAll","PerRural","PerUninsured","PerForeignBorn","PerWhite","PerBlack","PerAsian","PerHispanic"
"A0542","Riverside","Jurupa Valley","https://www.californiahealthmaps.org?address=A0542","Male","AllSite",160375,460.7,420.0,504.7,39940,536.8,472.6,609.8,"","","","",105410,388.6,330.1,456.6,"","","","",1,63752,0.0,27.1,27.2,23.7,3.7,4.1,66.6
"A0542","Riverside","Jurupa Valley","https://www.californiahealthmaps.org?address=A0542","Female","AllSite",158385,396.2,361.7,433.5,39590,430.4,374.5,494.9,"","","","",102905,378.6,327.2,437.5,"","","","",1,63752,0.0,27.1,27.2,23.7,3.7,4.1,66.6
"A0542","Riverside","Jurupa Valley","https://www.californiahealthmaps.org?address=A0542","Male","Prostate",160375,100.6,82.3,122.3,39940,87.0,63.5,119.9,"","","","",105410,100.7,71.6,139.9,"","","","",1,63752,0.0,27.1,27.2,23.7,3.7,4.1,66.6
"A0542","Riverside","Jurupa Valley","https://www.californiahealthmaps.org?address=A0542","Female","Breast",158385,123.4,104.9,144.7,39590,121.4,93.2,158.8,"","","","",102905,127.0,98.4,163.2,"","","","",1,63752,0.0,27.1,27.2,23.7,3.7,4.1,66.6
"A0542","Riverside","Jurupa Valley","https://www.californiahealthmaps.org?address=A0542","Male","Lung",160375,61.7,46.8,80.3,39940,94.6,68.3,130.7,"","","","",105410,"","","","","","","",1,63752,0.0,27.1,27.2,23.7,3.7,4.1,66.6
"A0542","Riverside","Jurupa Valley","https://www.californiahealthmaps.org?address=A0542","Female","Lung",158385,48.0,35.8,63.3,39590,81.8,58.9,114.2,"","","","",102905,"","","","","","","",1,63752,0.0,27.1,27.2,23.7,3.7,4.1,66.6
"A0542","Riverside","Jurupa Valley","https://www.californiahealthmaps.org?address=A0542","Male","CRC",160375,60.8,46.6,78.6,39940,72.9,50.6,105.0,"","","","",105410,56.0,35.7,86.7,"","","","",1,63752,0.0,27.1,27.2,23.7,3.7,4.1,66.6
"A0542","Riverside","Jurupa Valley","https://www.californiahealthmaps.org?address=A0542","Female","CRC",158385,29.6,20.8,41.3,39590,39.6,24.4,64.8,"","","","",102905,23.3,12.5,42.4,"","","","",1,63752,0.0,27.1,27.2,23.7,3.7,4.1,66.6
"A0542","Riverside","Jurupa Valley","https://www.californiahealthmaps.org?address=A0542","Male","Mela",160375,23.9,15.2,36.3,39940,51.7,32.3,81.6,"","","","",105410,"","","","","","","",1,63752,0.0,27.1,27.2,23.7,3.7,4.1,66.6
"A0542","Riverside","Jurupa Valley","https://www.californiahealthmaps.org?address=A0542","Female","Mela",158385,11.9,6.5,20.4,39590,"","","","","","","",102905,"","","","","","","",1,63752,0.0,27.1,27.2,23.7,3.7,4.1,66.6
"A0542","Riverside","Jurupa Valley","https://www.californiahealthmaps.org?address=A0542","Female","Uterine",158385,28.3,19.7,39.9,39590,"","","","","","","",102905,27.9,16.1,47.9,"","","","",1,63752,0.0,27.1,27.2,23.7,3.7,4.1,66.6
"A0542","Riverside","Jurupa Valley","https://www.californiahealthmaps.org?address=A0542","Male","Lymph",160375,18.4,11.0,29.6,39940,"","","","","","","",105410,"","","","","","","",1,63752,0.0,27.1,27.2,23.7,3.7,4.1,66.6
"A0542","Riverside","Jurupa Valley","https://www.californiahealthmaps.org?address=A0542","Female","Lymph",158385,13.5,7.8,22.3,39590,"","","","","","","",102905,"","","","","","","",1,63752,0.0,27.1,27.2,23.7,3.7,4.1,66.6
"A0542","Riverside","Jurupa Valley","https://www.californiahealthmaps.org?address=A0542","Male","Urinary",160375,13.8,7.3,24.2,39940,"","","","","","","",105410,"","","","","","","",1,63752,0.0,27.1,27.2,23.7,3.7,4.1,66.6
"A0542","Riverside","Jurupa Valley","https://www.californiahealthmaps.org?address=A0542","Female","Urinary",158385,4.4,1.6,10.5,39590,"","","","","","","",102905,"","","","","","","",1,63752,0.0,27.1,27.2,23.7,3.7,4.1,66.6
"A0542","Riverside","Jurupa Valley","https://www.californiahealthmaps.org?address=A0542","Male","Kidney",160375,15.7,9.4,25.7,39940,"","","","","","","",105410,"","","","","","","",1,63752,0.0,27.1,27.2,23.7,3.7,4.1,66.6
"A0542","Riverside","Jurupa Valley","https://www.californiahealthmaps.org?address=A0542","Female","Kidney",158385,11.4,6.3,19.7,39590,"","","","","","","",102905,"","","","","","","",1,63752,0.0,27.1,27.2,23.7,3.7,4.1,66.6
"A0542","Riverside","Jurupa Valley","https://www.californiahealthmaps.org?address=A0542","Male","Thyroid",160375,4.9,1.7,12.1,39940,"","","","","","","",105410,"","","","","","","",1,63752,0.0,27.1,27.2,23.7,3.7,4.1,66.6
"A0542","Riverside","Jurupa Valley","https://www.californiahealthmaps.org?address=A0542","Female","Thyroid",158385,10.5,5.8,18.2,39590,"","","","","","","",102905,"","","","","","","",1,63752,0.0,27.1,27.2,23.7,3.7,4.1,66.6
"A0542","Riverside","Jurupa Valley","https://www.californiahealthmaps.org?address=A0542","Both","AllSite",318760,423.3,397.0,451.1,79530,477.0,434.8,523.4,13630,383.1,288.8,504.7,208315,380.8,342.0,423.6,11620,246.2,157.0,378.2,1,63752,0.0,27.1,27.2,23.7,3.7,4.1,66.6
"A0542","Riverside","Jurupa Valley","https://www.californiahealthmaps.org?address=A0542","Both","Lung",318760,54.5,44.7,65.8,79530,87.4,69.8,109.6,13630,"","","",208315,16.6,9.5,28.1,11620,"","","",1,63752,0.0,27.1,27.2,23.7,3.7,4.1,66.6
"A0542","Riverside","Jurupa Valley","https://www.californiahealthmaps.org?address=A0542","Both","CRC",318760,43.9,35.7,53.6,79530,53.8,40.6,71.6,13630,"","","",208315,39.5,27.7,55.5,11620,"","","",1,63752,0.0,27.1,27.2,23.7,3.7,4.1,66.6
"A0542","Riverside","Jurupa Valley","https://www.californiahealthmaps.org?address=A0542","Both","Mela",318760,17.2,12.2,23.8,79530,34.4,23.3,50.4,13630,"","","",208315,"","","",11620,"","","",1,63752,0.0,27.1,27.2,23.7,3.7,4.1,66.6
"A0542","Riverside","Jurupa Valley","https://www.californiahealthmaps.org?address=A0542","Both","Lymph",318760,15.3,10.7,21.5,79530,14.5,8.0,26.1,13630,"","","",208315,17.3,9.5,29.7,11620,"","","",1,63752,0.0,27.1,27.2,23.7,3.7,4.1,66.6
"A0542","Riverside","Jurupa Valley","https://www.californiahealthmaps.org?address=A0542","Both","Urinary",318760,8.6,5.2,13.6,79530,"","","",13630,"","","",208315,"","","",11620,"","","",1,63752,0.0,27.1,27.2,23.7,3.7,4.1,66.6
"A0542","Riverside","Jurupa Valley","https://www.californiahealthmaps.org?address=A0542","Both","Kidney",318760,13.6,9.4,19.5,79530,13.9,7.7,25.4,13630,"","","",208315,12.7,7.4,22.2,11620,"","","",1,63752,0.0,27.1,27.2,23.7,3.7,4.1,66.6
"A0542","Riverside","Jurupa Valley","https://www.californiahealthmaps.org?address=A0542","Both","Thyroid",318760,7.6,4.6,12.1,79530,"","","",13630,"","","",208315,9.7,5.0,18.7,11620,"","","",1,63752,0.0,27.1,27.2,23.7,3.7,4.1,66.6
