"Zone","Counties","Cities","URL","Sex","Cancer","PopTot","AAIR","LCI","UCI","White_PopTot","White_AAIR","White_LCI","White_UCI","Black_PopTot","Black_AAIR","Black_LCI","Black_UCI","Hispanic_PopTot","Hispanic_AAIR","Hispanic_LCI","Hispanic_UCI","Asian_PopTot","Asian_AAIR","Asian_LCI","Asian_UCI","QNSES","PopAll","PerRural","PerUninsured","PerForeignBorn","PerWhite","PerBlack","PerAsian","PerHispanic"
"A0675","Alameda","Hayward, Union City","https://www.californiahealthmaps.org?address=A0675","Male","AllSite",141910,423.5,388.3,461.4,26025,519.3,448.2,604.0,"","","","",27495,444.0,346.1,564.9,71975,358.1,311.1,411.6,4,57934,0.0,8.6,43.2,18.2,6.7,53.7,17.0
"A0675","Alameda","Hayward, Union City","https://www.californiahealthmaps.org?address=A0675","Female","AllSite",147760,388.2,358.5,420.0,26190,472.3,402.3,557.2,"","","","",28020,423.0,339.6,523.8,76020,356.8,316.9,401.0,4,57934,0.0,8.6,43.2,18.2,6.7,53.7,17.0
"A0675","Alameda","Hayward, Union City","https://www.californiahealthmaps.org?address=A0675","Male","Prostate",141910,86.5,71.5,104.2,26025,86.0,59.7,127.6,"","","","",27495,105.4,60.9,174.6,71975,74.4,54.5,101.1,4,57934,0.0,8.6,43.2,18.2,6.7,53.7,17.0
"A0675","Alameda","Hayward, Union City","https://www.californiahealthmaps.org?address=A0675","Female","Breast",147760,128.5,111.6,147.4,26190,159.9,118.9,217.3,"","","","",28020,153.3,106.3,218.0,76020,114.6,93.1,140.3,4,57934,0.0,8.6,43.2,18.2,6.7,53.7,17.0
"A0675","Alameda","Hayward, Union City","https://www.californiahealthmaps.org?address=A0675","Male","Lung",141910,66.9,52.8,83.9,26025,71.1,46.8,111.3,"","","","",27495,"","","",71975,66.9,46.3,95.1,4,57934,0.0,8.6,43.2,18.2,6.7,53.7,17.0
"A0675","Alameda","Hayward, Union City","https://www.californiahealthmaps.org?address=A0675","Female","Lung",147760,43.6,34.0,55.3,26190,49.6,30.4,86.7,"","","","",28020,"","","",76020,39.3,26.4,56.8,4,57934,0.0,8.6,43.2,18.2,6.7,53.7,17.0
"A0675","Alameda","Hayward, Union City","https://www.californiahealthmaps.org?address=A0675","Male","CRC",141910,34.0,24.9,45.7,26025,39.8,22.5,74.2,"","","","",27495,"","","",71975,22.3,13.3,38.3,4,57934,0.0,8.6,43.2,18.2,6.7,53.7,17.0
"A0675","Alameda","Hayward, Union City","https://www.californiahealthmaps.org?address=A0675","Female","CRC",147760,28.6,21.0,38.2,26190,35.3,19.1,70.5,"","","","",28020,"","","",76020,27.1,17.2,41.7,4,57934,0.0,8.6,43.2,18.2,6.7,53.7,17.0
"A0675","Alameda","Hayward, Union City","https://www.californiahealthmaps.org?address=A0675","Male","Mela",141910,15.4,9.4,24.2,26025,41.2,23.7,75.6,"","","","",27495,"","","",71975,"","","",4,57934,0.0,8.6,43.2,18.2,6.7,53.7,17.0
"A0675","Alameda","Hayward, Union City","https://www.californiahealthmaps.org?address=A0675","Female","Mela",147760,5.1,2.2,10.4,26190,"","","","","","","",28020,"","","",76020,"","","",4,57934,0.0,8.6,43.2,18.2,6.7,53.7,17.0
"A0675","Alameda","Hayward, Union City","https://www.californiahealthmaps.org?address=A0675","Female","Uterine",147760,31.2,23.4,41.1,26190,35.1,19.4,69.5,"","","","",28020,"","","",76020,29.7,19.6,44.3,4,57934,0.0,8.6,43.2,18.2,6.7,53.7,17.0
"A0675","Alameda","Hayward, Union City","https://www.californiahealthmaps.org?address=A0675","Male","Lymph",141910,25.3,17.1,36.6,26025,41.4,23.4,76.5,"","","","",27495,"","","",71975,"","","",4,57934,0.0,8.6,43.2,18.2,6.7,53.7,17.0
"A0675","Alameda","Hayward, Union City","https://www.californiahealthmaps.org?address=A0675","Female","Lymph",147760,14.4,9.2,21.7,26190,"","","","","","","",28020,"","","",76020,"","","",4,57934,0.0,8.6,43.2,18.2,6.7,53.7,17.0
"A0675","Alameda","Hayward, Union City","https://www.californiahealthmaps.org?address=A0675","Male","Urinary",141910,19.7,12.3,30.1,26025,39.2,21.6,74.0,"","","","",27495,"","","",71975,"","","",4,57934,0.0,8.6,43.2,18.2,6.7,53.7,17.0
"A0675","Alameda","Hayward, Union City","https://www.californiahealthmaps.org?address=A0675","Female","Urinary",147760,2.2,0.6,6.2,26190,"","","","","","","",28020,"","","",76020,"","","",4,57934,0.0,8.6,43.2,18.2,6.7,53.7,17.0
"A0675","Alameda","Hayward, Union City","https://www.californiahealthmaps.org?address=A0675","Male","Kidney",141910,27.4,19.2,38.3,26025,"","","","","","","",27495,"","","",71975,"","","",4,57934,0.0,8.6,43.2,18.2,6.7,53.7,17.0
"A0675","Alameda","Hayward, Union City","https://www.californiahealthmaps.org?address=A0675","Female","Kidney",147760,7.2,3.7,12.9,26190,"","","","","","","",28020,"","","",76020,"","","",4,57934,0.0,8.6,43.2,18.2,6.7,53.7,17.0
"A0675","Alameda","Hayward, Union City","https://www.californiahealthmaps.org?address=A0675","Male","Thyroid",141910,6.0,2.6,12.3,26025,"","","","","","","",27495,"","","",71975,"","","",4,57934,0.0,8.6,43.2,18.2,6.7,53.7,17.0
"A0675","Alameda","Hayward, Union City","https://www.californiahealthmaps.org?address=A0675","Female","Thyroid",147760,9.9,5.6,16.5,26190,"","","","","","","",28020,"","","",76020,"","","",4,57934,0.0,8.6,43.2,18.2,6.7,53.7,17.0
"A0675","Alameda","Hayward, Union City","https://www.californiahealthmaps.org?address=A0675","Both","AllSite",289670,400.9,378.3,424.6,52215,487.0,437.9,542.8,18755,531.9,418.8,670.7,55515,431.7,367.2,505.9,147995,354.7,324.4,387.5,4,57934,0.0,8.6,43.2,18.2,6.7,53.7,17.0
"A0675","Alameda","Hayward, Union City","https://www.californiahealthmaps.org?address=A0675","Both","Lung",289670,53.7,45.4,63.2,52215,59.9,44.2,83.2,18755,"","","",55515,54.4,32.3,87.5,147995,51.6,39.7,66.2,4,57934,0.0,8.6,43.2,18.2,6.7,53.7,17.0
"A0675","Alameda","Hayward, Union City","https://www.californiahealthmaps.org?address=A0675","Both","CRC",289670,31.4,25.4,38.5,52215,38.1,25.8,58.6,18755,"","","",55515,38.7,21.4,66.9,147995,25.6,18.3,35.4,4,57934,0.0,8.6,43.2,18.2,6.7,53.7,17.0
"A0675","Alameda","Hayward, Union City","https://www.californiahealthmaps.org?address=A0675","Both","Mela",289670,9.6,6.4,14.0,52215,31.7,19.8,52.1,18755,"","","",55515,"","","",147995,"","","",4,57934,0.0,8.6,43.2,18.2,6.7,53.7,17.0
"A0675","Alameda","Hayward, Union City","https://www.californiahealthmaps.org?address=A0675","Both","Lymph",289670,18.9,14.2,24.7,52215,24.7,15.5,42.3,18755,"","","",55515,"","","",147995,15.0,9.4,23.3,4,57934,0.0,8.6,43.2,18.2,6.7,53.7,17.0
"A0675","Alameda","Hayward, Union City","https://www.californiahealthmaps.org?address=A0675","Both","Urinary",289670,9.6,6.3,14.1,52215,18.0,10.0,34.8,18755,"","","",55515,"","","",147995,"","","",4,57934,0.0,8.6,43.2,18.2,6.7,53.7,17.0
"A0675","Alameda","Hayward, Union City","https://www.californiahealthmaps.org?address=A0675","Both","Kidney",289670,16.5,12.2,21.9,52215,"","","",18755,"","","",55515,"","","",147995,12.5,7.4,20.4,4,57934,0.0,8.6,43.2,18.2,6.7,53.7,17.0
"A0675","Alameda","Hayward, Union City","https://www.californiahealthmaps.org?address=A0675","Both","Thyroid",289670,7.9,5.1,11.9,52215,"","","",18755,"","","",55515,"","","",147995,11.4,6.8,18.7,4,57934,0.0,8.6,43.2,18.2,6.7,53.7,17.0
