"Zone","Counties","Cities","URL","Sex","Cancer","PopTot","AAIR","LCI","UCI","White_PopTot","White_AAIR","White_LCI","White_UCI","Black_PopTot","Black_AAIR","Black_LCI","Black_UCI","Hispanic_PopTot","Hispanic_AAIR","Hispanic_LCI","Hispanic_UCI","Asian_PopTot","Asian_AAIR","Asian_LCI","Asian_UCI","QNSES","PopAll","PerRural","PerUninsured","PerForeignBorn","PerWhite","PerBlack","PerAsian","PerHispanic","PerAPI","PerDocvisit","PerFOBT","PerMammo","PerMenPrev","PerPap","PerWomenPrev"
"A1025","Stanislaus","Modesto","https://www.californiahealthmaps.org?address=A1025","Male","AllSite",177170,471.4,429.1,517.6,37610,576.3,504.6,657.6,"","","","",118885,414.6,353.4,486.3,10505,281.4,167.6,470.1,1,69931,1.7,23.5,31.0,21.5,2.9,6.5,66.4,6.5,"","","","","",""
"A1025","Stanislaus","Modesto","https://www.californiahealthmaps.org?address=A1025","Female","AllSite",172485,365.0,332.3,400.4,39050,437.0,381.7,501.0,"","","","",113380,297.6,252.9,350.4,10540,347.9,218.0,539.2,1,69931,1.7,23.5,31.0,21.5,2.9,6.5,66.4,6.5,"","","","","",""
"A1025","Stanislaus","Modesto","https://www.californiahealthmaps.org?address=A1025","Male","Prostate",177170,79.5,62.4,100.7,37610,79.3,54.1,114.9,"","","","",118885,82.1,56.5,119.1,10505,"","","",1,69931,1.7,23.5,31.0,21.5,2.9,6.5,66.4,6.5,"","","","","",""
"A1025","Stanislaus","Modesto","https://www.californiahealthmaps.org?address=A1025","Female","Breast",172485,89.8,74.0,108.2,39050,97.8,72.7,132.4,"","","","",113380,82.1,60.8,111.6,10540,"","","",1,69931,1.7,23.5,31.0,21.5,2.9,6.5,66.4,6.5,"","","","","",""
"A1025","Stanislaus","Modesto","https://www.californiahealthmaps.org?address=A1025","Male","Lung",177170,63.1,47.5,83.1,37610,106.1,76.3,146.2,"","","","",118885,"","","",10505,"","","",1,69931,1.7,23.5,31.0,21.5,2.9,6.5,66.4,6.5,"","","","","",""
"A1025","Stanislaus","Modesto","https://www.californiahealthmaps.org?address=A1025","Female","Lung",172485,63.1,49.4,79.5,39050,95.9,71.7,129.5,"","","","",113380,35.3,19.3,61.2,10540,"","","",1,69931,1.7,23.5,31.0,21.5,2.9,6.5,66.4,6.5,"","","","","",""
"A1025","Stanislaus","Modesto","https://www.californiahealthmaps.org?address=A1025","Male","CRC",177170,59.6,45.6,77.5,37610,53.3,33.4,83.9,"","","","",118885,74.1,49.6,110.1,10505,"","","",1,69931,1.7,23.5,31.0,21.5,2.9,6.5,66.4,6.5,"","","","","",""
"A1025","Stanislaus","Modesto","https://www.californiahealthmaps.org?address=A1025","Female","CRC",172485,41.6,31.2,54.8,39050,49.7,32.5,76.8,"","","","",113380,26.2,14.6,47.0,10540,"","","",1,69931,1.7,23.5,31.0,21.5,2.9,6.5,66.4,6.5,"","","","","",""
"A1025","Stanislaus","Modesto","https://www.californiahealthmaps.org?address=A1025","Male","Mela",177170,24.4,15.5,37.6,37610,48.4,28.6,79.4,"","","","",118885,"","","",10505,"","","",1,69931,1.7,23.5,31.0,21.5,2.9,6.5,66.4,6.5,"","","","","",""
"A1025","Stanislaus","Modesto","https://www.californiahealthmaps.org?address=A1025","Female","Mela",172485,"","","",39050,"","","","","","","",113380,"","","",10540,"","","",1,69931,1.7,23.5,31.0,21.5,2.9,6.5,66.4,6.5,"","","","","",""
"A1025","Stanislaus","Modesto","https://www.californiahealthmaps.org?address=A1025","Female","Uterine",172485,21.5,14.4,31.4,39050,29.3,16.6,52.6,"","","","",113380,"","","",10540,"","","",1,69931,1.7,23.5,31.0,21.5,2.9,6.5,66.4,6.5,"","","","","",""
"A1025","Stanislaus","Modesto","https://www.californiahealthmaps.org?address=A1025","Male","Lymph",177170,25.9,16.2,40.1,37610,"","","","","","","",118885,"","","",10505,"","","",1,69931,1.7,23.5,31.0,21.5,2.9,6.5,66.4,6.5,"","","","","",""
"A1025","Stanislaus","Modesto","https://www.californiahealthmaps.org?address=A1025","Female","Lymph",172485,13.9,8.1,22.6,39050,"","","","","","","",113380,"","","",10540,"","","",1,69931,1.7,23.5,31.0,21.5,2.9,6.5,66.4,6.5,"","","","","",""
"A1025","Stanislaus","Modesto","https://www.californiahealthmaps.org?address=A1025","Male","Urinary",177170,19.3,10.9,32.4,37610,"","","","","","","",118885,"","","",10505,"","","",1,69931,1.7,23.5,31.0,21.5,2.9,6.5,66.4,6.5,"","","","","",""
"A1025","Stanislaus","Modesto","https://www.californiahealthmaps.org?address=A1025","Female","Urinary",172485,"","","",39050,"","","","","","","",113380,"","","",10540,"","","",1,69931,1.7,23.5,31.0,21.5,2.9,6.5,66.4,6.5,"","","","","",""
"A1025","Stanislaus","Modesto","https://www.californiahealthmaps.org?address=A1025","Male","Kidney",177170,20.3,12.5,32.5,37610,"","","","","","","",118885,"","","",10505,"","","",1,69931,1.7,23.5,31.0,21.5,2.9,6.5,66.4,6.5,"","","","","",""
"A1025","Stanislaus","Modesto","https://www.californiahealthmaps.org?address=A1025","Female","Kidney",172485,14.2,8.3,23.1,39050,"","","","","","","",113380,"","","",10540,"","","",1,69931,1.7,23.5,31.0,21.5,2.9,6.5,66.4,6.5,"","","","","",""
"A1025","Stanislaus","Modesto","https://www.californiahealthmaps.org?address=A1025","Male","Thyroid",177170,"","","",37610,"","","","","","","",118885,"","","",10505,"","","",1,69931,1.7,23.5,31.0,21.5,2.9,6.5,66.4,6.5,"","","","","",""
"A1025","Stanislaus","Modesto","https://www.californiahealthmaps.org?address=A1025","Female","Thyroid",172485,12.5,7.5,20.3,39050,"","","","","","","",113380,"","","",10540,"","","",1,69931,1.7,23.5,31.0,21.5,2.9,6.5,66.4,6.5,"","","","","",""
"A1025","Stanislaus","Modesto","https://www.californiahealthmaps.org?address=A1025","Male","Liver",177170,31.1,21.5,44.7,37610,28.5,16.0,51.5,"","","","",118885,39.6,22.7,68.5,10505,"","","",1,69931,1.7,23.5,31.0,21.5,2.9,6.5,66.4,6.5,"","","","","",""
"A1025","Stanislaus","Modesto","https://www.californiahealthmaps.org?address=A1025","Female","Liver",172485,"","","",39050,"","","","","","","",113380,"","","",10540,"","","",1,69931,1.7,23.5,31.0,21.5,2.9,6.5,66.4,6.5,"","","","","",""
"A1025","Stanislaus","Modesto","https://www.californiahealthmaps.org?address=A1025","Male","Pancreas",177170,"","","",37610,"","","","","","","",118885,"","","",10505,"","","",1,69931,1.7,23.5,31.0,21.5,2.9,6.5,66.4,6.5,"","","","","",""
"A1025","Stanislaus","Modesto","https://www.californiahealthmaps.org?address=A1025","Female","Pancreas",172485,"","","",39050,"","","","","","","",113380,"","","",10540,"","","",1,69931,1.7,23.5,31.0,21.5,2.9,6.5,66.4,6.5,"","","","","",""
"A1025","Stanislaus","Modesto","https://www.californiahealthmaps.org?address=A1025","Both","AllSite",349655,410.5,384.5,438.1,76660,494.8,450.8,543.2,10735,435.7,309.2,606.7,232265,350.3,313.1,392.0,21045,316.9,226.1,439.9,1,69931,1.7,23.5,31.0,21.5,2.9,6.5,66.4,6.5,"","","","","",""
"A1025","Stanislaus","Modesto","https://www.californiahealthmaps.org?address=A1025","Both","Lung",349655,62.7,52.3,74.8,76660,99.3,80.3,122.9,10735,"","","",232265,30.2,18.8,47.0,21045,"","","",1,69931,1.7,23.5,31.0,21.5,2.9,6.5,66.4,6.5,"","","","","",""
"A1025","Stanislaus","Modesto","https://www.californiahealthmaps.org?address=A1025","Both","CRC",349655,50.2,41.5,60.5,76660,52.4,38.7,70.9,10735,"","","",232265,48.8,35.6,66.8,21045,"","","",1,69931,1.7,23.5,31.0,21.5,2.9,6.5,66.4,6.5,"","","","","",""
"A1025","Stanislaus","Modesto","https://www.californiahealthmaps.org?address=A1025","Both","Mela",349655,14.8,10.1,21.1,76660,25.9,16.2,40.9,10735,"","","",232265,"","","",21045,"","","",1,69931,1.7,23.5,31.0,21.5,2.9,6.5,66.4,6.5,"","","","","",""
"A1025","Stanislaus","Modesto","https://www.californiahealthmaps.org?address=A1025","Both","Lymph",349655,18.9,13.5,25.9,76660,18.5,10.8,31.3,10735,"","","",232265,20.7,12.3,34.3,21045,"","","",1,69931,1.7,23.5,31.0,21.5,2.9,6.5,66.4,6.5,"","","","","",""
"A1025","Stanislaus","Modesto","https://www.californiahealthmaps.org?address=A1025","Both","Urinary",349655,9.7,5.9,15.3,76660,"","","",10735,"","","",232265,"","","",21045,"","","",1,69931,1.7,23.5,31.0,21.5,2.9,6.5,66.4,6.5,"","","","","",""
"A1025","Stanislaus","Modesto","https://www.californiahealthmaps.org?address=A1025","Both","Kidney",349655,17.1,12.1,23.7,76660,18.5,10.7,31.6,10735,"","","",232265,19.8,11.6,33.3,21045,"","","",1,69931,1.7,23.5,31.0,21.5,2.9,6.5,66.4,6.5,"","","","","",""
"A1025","Stanislaus","Modesto","https://www.californiahealthmaps.org?address=A1025","Both","Thyroid",349655,9.3,6.1,14.1,76660,"","","",10735,"","","",232265,9.7,5.6,18.9,21045,"","","",1,69931,1.7,23.5,31.0,21.5,2.9,6.5,66.4,6.5,"","","","","",""
"A1025","Stanislaus","Modesto","https://www.californiahealthmaps.org?address=A1025","Both","Liver",349655,17.4,12.5,23.9,76660,16.4,9.8,28.1,10735,"","","",232265,21.4,13.0,35.1,21045,"","","",1,69931,1.7,23.5,31.0,21.5,2.9,6.5,66.4,6.5,"","","","","",""
"A1025","Stanislaus","Modesto","https://www.californiahealthmaps.org?address=A1025","Both","Pancreas",349655,8.4,5.1,13.3,76660,"","","",10735,"","","",232265,"","","",21045,"","","",1,69931,1.7,23.5,31.0,21.5,2.9,6.5,66.4,6.5,"","","","","",""
