"Zone","Counties","Cities","URL","Sex","Cancer","PopTot","AAIR","LCI","UCI","White_PopTot","White_AAIR","White_LCI","White_UCI","Black_PopTot","Black_AAIR","Black_LCI","Black_UCI","Hispanic_PopTot","Hispanic_AAIR","Hispanic_LCI","Hispanic_UCI","Asian_PopTot","Asian_AAIR","Asian_LCI","Asian_UCI","QNSES","PopAll","PerRural","PerUninsured","PerForeignBorn","PerWhite","PerBlack","PerAsian","PerHispanic","PerAPI","PerDocvisit","PerFOBT","PerMammo","PerMenPrev","PerPap","PerWomenPrev"
"A0688","Los Angeles","Montebello, Pico Rivera","https://www.californiahealthmaps.org?address=A0688","Male","AllSite",151505,414.3,378.7,452.5,"","","","","","","","",139005,376.5,339.3,416.9,"","","","",2,61537,0.0,27.6,36.3,5.2,0.7,2.1,91.0,2.1,"","","","","",""
"A0688","Los Angeles","Montebello, Pico Rivera","https://www.californiahealthmaps.org?address=A0688","Female","AllSite",156180,375.1,345.2,407.1,"","","","","","","","",143145,367.5,335.7,401.7,"","","","",2,61537,0.0,27.6,36.3,5.2,0.7,2.1,91.0,2.1,"","","","","",""
"A0688","Los Angeles","Montebello, Pico Rivera","https://www.californiahealthmaps.org?address=A0688","Male","Prostate",151505,91.5,75.0,110.6,"","","","","","","","",139005,95.2,76.6,117.1,"","","","",2,61537,0.0,27.6,36.3,5.2,0.7,2.1,91.0,2.1,"","","","","",""
"A0688","Los Angeles","Montebello, Pico Rivera","https://www.californiahealthmaps.org?address=A0688","Female","Breast",156180,97.1,82.0,114.3,"","","","","","","","",143145,93.1,77.4,111.2,"","","","",2,61537,0.0,27.6,36.3,5.2,0.7,2.1,91.0,2.1,"","","","","",""
"A0688","Los Angeles","Montebello, Pico Rivera","https://www.californiahealthmaps.org?address=A0688","Male","Lung",151505,37.2,27.0,50.3,"","","","","","","","",139005,16.4,9.3,27.1,"","","","",2,61537,0.0,27.6,36.3,5.2,0.7,2.1,91.0,2.1,"","","","","",""
"A0688","Los Angeles","Montebello, Pico Rivera","https://www.californiahealthmaps.org?address=A0688","Female","Lung",156180,24.1,17.0,33.3,"","","","","","","","",143145,21.2,14.0,30.9,"","","","",2,61537,0.0,27.6,36.3,5.2,0.7,2.1,91.0,2.1,"","","","","",""
"A0688","Los Angeles","Montebello, Pico Rivera","https://www.californiahealthmaps.org?address=A0688","Male","CRC",151505,51.1,39.2,65.8,"","","","","","","","",139005,48.7,36.0,64.9,"","","","",2,61537,0.0,27.6,36.3,5.2,0.7,2.1,91.0,2.1,"","","","","",""
"A0688","Los Angeles","Montebello, Pico Rivera","https://www.californiahealthmaps.org?address=A0688","Female","CRC",156180,40.2,31.0,51.6,"","","","","","","","",143145,35.2,25.9,46.8,"","","","",2,61537,0.0,27.6,36.3,5.2,0.7,2.1,91.0,2.1,"","","","","",""
"A0688","Los Angeles","Montebello, Pico Rivera","https://www.californiahealthmaps.org?address=A0688","Male","Mela",151505,"","","","","","","","","","","",139005,"","","","","","","",2,61537,0.0,27.6,36.3,5.2,0.7,2.1,91.0,2.1,"","","","","",""
"A0688","Los Angeles","Montebello, Pico Rivera","https://www.californiahealthmaps.org?address=A0688","Female","Mela",156180,"","","","","","","","","","","",143145,"","","","","","","",2,61537,0.0,27.6,36.3,5.2,0.7,2.1,91.0,2.1,"","","","","",""
"A0688","Los Angeles","Montebello, Pico Rivera","https://www.californiahealthmaps.org?address=A0688","Female","Uterine",156180,39.8,30.4,51.3,"","","","","","","","",143145,39.7,29.7,52.1,"","","","",2,61537,0.0,27.6,36.3,5.2,0.7,2.1,91.0,2.1,"","","","","",""
"A0688","Los Angeles","Montebello, Pico Rivera","https://www.californiahealthmaps.org?address=A0688","Male","Lymph",151505,17.3,10.7,26.9,"","","","","","","","",139005,"","","","","","","",2,61537,0.0,27.6,36.3,5.2,0.7,2.1,91.0,2.1,"","","","","",""
"A0688","Los Angeles","Montebello, Pico Rivera","https://www.californiahealthmaps.org?address=A0688","Female","Lymph",156180,17.9,11.8,26.1,"","","","","","","","",143145,17.6,11.1,26.6,"","","","",2,61537,0.0,27.6,36.3,5.2,0.7,2.1,91.0,2.1,"","","","","",""
"A0688","Los Angeles","Montebello, Pico Rivera","https://www.californiahealthmaps.org?address=A0688","Male","Urinary",151505,12.7,7.1,21.3,"","","","","","","","",139005,"","","","","","","",2,61537,0.0,27.6,36.3,5.2,0.7,2.1,91.0,2.1,"","","","","",""
"A0688","Los Angeles","Montebello, Pico Rivera","https://www.californiahealthmaps.org?address=A0688","Female","Urinary",156180,"","","","","","","","","","","",143145,"","","","","","","",2,61537,0.0,27.6,36.3,5.2,0.7,2.1,91.0,2.1,"","","","","",""
"A0688","Los Angeles","Montebello, Pico Rivera","https://www.californiahealthmaps.org?address=A0688","Male","Kidney",151505,26.1,17.9,37.0,"","","","","","","","",139005,25.3,16.6,37.6,"","","","",2,61537,0.0,27.6,36.3,5.2,0.7,2.1,91.0,2.1,"","","","","",""
"A0688","Los Angeles","Montebello, Pico Rivera","https://www.californiahealthmaps.org?address=A0688","Female","Kidney",156180,13.3,8.1,20.8,"","","","","","","","",143145,15.3,9.4,23.9,"","","","",2,61537,0.0,27.6,36.3,5.2,0.7,2.1,91.0,2.1,"","","","","",""
"A0688","Los Angeles","Montebello, Pico Rivera","https://www.californiahealthmaps.org?address=A0688","Male","Thyroid",151505,"","","","","","","","","","","",139005,"","","","","","","",2,61537,0.0,27.6,36.3,5.2,0.7,2.1,91.0,2.1,"","","","","",""
"A0688","Los Angeles","Montebello, Pico Rivera","https://www.californiahealthmaps.org?address=A0688","Female","Thyroid",156180,13.8,8.6,21.1,"","","","","","","","",143145,14.8,9.2,23.0,"","","","",2,61537,0.0,27.6,36.3,5.2,0.7,2.1,91.0,2.1,"","","","","",""
"A0688","Los Angeles","Montebello, Pico Rivera","https://www.californiahealthmaps.org?address=A0688","Male","Liver",151505,26.5,18.2,37.7,"","","","","","","","",139005,29.4,19.7,42.6,"","","","",2,61537,0.0,27.6,36.3,5.2,0.7,2.1,91.0,2.1,"","","","","",""
"A0688","Los Angeles","Montebello, Pico Rivera","https://www.californiahealthmaps.org?address=A0688","Female","Liver",156180,"","","","","","","","","","","",143145,"","","","","","","",2,61537,0.0,27.6,36.3,5.2,0.7,2.1,91.0,2.1,"","","","","",""
"A0688","Los Angeles","Montebello, Pico Rivera","https://www.californiahealthmaps.org?address=A0688","Male","Pancreas",151505,"","","","","","","","","","","",139005,"","","","","","","",2,61537,0.0,27.6,36.3,5.2,0.7,2.1,91.0,2.1,"","","","","",""
"A0688","Los Angeles","Montebello, Pico Rivera","https://www.californiahealthmaps.org?address=A0688","Female","Pancreas",156180,10.7,6.4,17.2,"","","","","","","","",143145,11.2,6.4,18.5,"","","","",2,61537,0.0,27.6,36.3,5.2,0.7,2.1,91.0,2.1,"","","","","",""
"A0688","Los Angeles","Montebello, Pico Rivera","https://www.californiahealthmaps.org?address=A0688","Both","AllSite",307685,386.6,364.0,410.3,15690,523.7,432.0,645.5,"","","","",282150,366.0,342.1,391.2,"","","","",2,61537,0.0,27.6,36.3,5.2,0.7,2.1,91.0,2.1,"","","","","",""
"A0688","Los Angeles","Montebello, Pico Rivera","https://www.californiahealthmaps.org?address=A0688","Both","Lung",307685,29.3,23.3,36.5,15690,85.9,53.3,155.8,"","","","",282150,19.3,14.0,26.1,"","","","",2,61537,0.0,27.6,36.3,5.2,0.7,2.1,91.0,2.1,"","","","","",""
"A0688","Los Angeles","Montebello, Pico Rivera","https://www.californiahealthmaps.org?address=A0688","Both","CRC",307685,44.8,37.3,53.4,15690,65.8,36.3,134.4,"","","","",282150,40.4,32.8,49.4,"","","","",2,61537,0.0,27.6,36.3,5.2,0.7,2.1,91.0,2.1,"","","","","",""
"A0688","Los Angeles","Montebello, Pico Rivera","https://www.californiahealthmaps.org?address=A0688","Both","Mela",307685,"","","",15690,"","","","","","","",282150,"","","","","","","",2,61537,0.0,27.6,36.3,5.2,0.7,2.1,91.0,2.1,"","","","","",""
"A0688","Los Angeles","Montebello, Pico Rivera","https://www.californiahealthmaps.org?address=A0688","Both","Lymph",307685,17.5,12.9,23.2,15690,"","","","","","","",282150,15.8,11.1,21.9,"","","","",2,61537,0.0,27.6,36.3,5.2,0.7,2.1,91.0,2.1,"","","","","",""
"A0688","Los Angeles","Montebello, Pico Rivera","https://www.californiahealthmaps.org?address=A0688","Both","Urinary",307685,7.9,5.0,12.0,15690,"","","","","","","",282150,"","","","","","","",2,61537,0.0,27.6,36.3,5.2,0.7,2.1,91.0,2.1,"","","","","",""
"A0688","Los Angeles","Montebello, Pico Rivera","https://www.californiahealthmaps.org?address=A0688","Both","Kidney",307685,18.9,14.1,24.8,15690,"","","","","","","",282150,19.6,14.4,26.3,"","","","",2,61537,0.0,27.6,36.3,5.2,0.7,2.1,91.0,2.1,"","","","","",""
"A0688","Los Angeles","Montebello, Pico Rivera","https://www.californiahealthmaps.org?address=A0688","Both","Thyroid",307685,9.5,6.3,13.9,15690,"","","","","","","",282150,9.5,6.1,14.3,"","","","",2,61537,0.0,27.6,36.3,5.2,0.7,2.1,91.0,2.1,"","","","","",""
"A0688","Los Angeles","Montebello, Pico Rivera","https://www.californiahealthmaps.org?address=A0688","Both","Liver",307685,15.5,11.3,20.9,15690,"","","","","","","",282150,16.9,12.0,23.1,"","","","",2,61537,0.0,27.6,36.3,5.2,0.7,2.1,91.0,2.1,"","","","","",""
"A0688","Los Angeles","Montebello, Pico Rivera","https://www.californiahealthmaps.org?address=A0688","Both","Pancreas",307685,11.0,7.5,15.6,15690,"","","","","","","",282150,11.7,7.8,17.1,"","","","",2,61537,0.0,27.6,36.3,5.2,0.7,2.1,91.0,2.1,"","","","","",""
