"Zone","Counties","Cities","URL","Sex","Cancer","PopTot","AAIR","LCI","UCI","White_PopTot","White_AAIR","White_LCI","White_UCI","Black_PopTot","Black_AAIR","Black_LCI","Black_UCI","Hispanic_PopTot","Hispanic_AAIR","Hispanic_LCI","Hispanic_UCI","Asian_PopTot","Asian_AAIR","Asian_LCI","Asian_UCI","QNSES","PopAll","PerRural","PerUninsured","PerForeignBorn","PerWhite","PerBlack","PerAsian","PerHispanic"
"A0773","San Joaquin","Stockton","https://www.californiahealthmaps.org?address=A0773","Male","AllSite",169605,434.2,399.9,470.9,32840,502.7,441.2,574.7,17040,746.3,572.3,968.4,58985,423.3,344.7,516.6,53605,325.7,272.8,387.5,1,69904,0.8,18.9,29.0,18.4,11.2,30.9,34.7
"A0773","San Joaquin","Stockton","https://www.californiahealthmaps.org?address=A0773","Female","AllSite",179915,405.7,376.1,437.2,37190,452.2,395.6,520.2,19615,519.1,410.3,654.3,59715,393.8,327.1,473.2,55900,352.1,300.5,410.7,1,69904,0.8,18.9,29.0,18.4,11.2,30.9,34.7
"A0773","San Joaquin","Stockton","https://www.californiahealthmaps.org?address=A0773","Male","Prostate",169605,76.8,62.9,93.1,32840,93.0,68.4,129.2,17040,180.3,109.5,300.0,58985,72.7,42.7,118.7,53605,"","","",1,69904,0.8,18.9,29.0,18.4,11.2,30.9,34.7
"A0773","San Joaquin","Stockton","https://www.californiahealthmaps.org?address=A0773","Female","Breast",179915,116.9,101.1,134.7,37190,144.2,111.7,189.4,19615,179.2,117.1,269.7,59715,95.9,66.6,138.2,55900,95.2,69.5,128.2,1,69904,0.8,18.9,29.0,18.4,11.2,30.9,34.7
"A0773","San Joaquin","Stockton","https://www.californiahealthmaps.org?address=A0773","Male","Lung",169605,74.4,60.3,91.0,32840,83.4,61.0,117.5,17040,187.0,101.7,327.1,58985,"","","",53605,77.9,52.3,113.2,1,69904,0.8,18.9,29.0,18.4,11.2,30.9,34.7
"A0773","San Joaquin","Stockton","https://www.californiahealthmaps.org?address=A0773","Female","Lung",179915,58.3,47.6,71.0,37190,76.4,57.5,108.3,19615,"","","",59715,"","","",55900,43.5,26.9,67.5,1,69904,0.8,18.9,29.0,18.4,11.2,30.9,34.7
"A0773","San Joaquin","Stockton","https://www.californiahealthmaps.org?address=A0773","Male","CRC",169605,46.9,36.2,60.0,32840,34.3,21.0,60.4,17040,"","","",58985,"","","",53605,52.6,32.8,82.0,1,69904,0.8,18.9,29.0,18.4,11.2,30.9,34.7
"A0773","San Joaquin","Stockton","https://www.californiahealthmaps.org?address=A0773","Female","CRC",179915,38.2,29.6,48.7,37190,38.2,24.3,66.5,19615,"","","",59715,"","","",55900,49.5,31.1,75.5,1,69904,0.8,18.9,29.0,18.4,11.2,30.9,34.7
"A0773","San Joaquin","Stockton","https://www.californiahealthmaps.org?address=A0773","Male","Mela",169605,16.8,10.7,25.4,32840,45.5,28.2,75.6,17040,"","","",58985,"","","",53605,"","","",1,69904,0.8,18.9,29.0,18.4,11.2,30.9,34.7
"A0773","San Joaquin","Stockton","https://www.californiahealthmaps.org?address=A0773","Female","Mela",179915,10.6,6.3,17.0,37190,28.2,14.1,58.3,19615,"","","",59715,"","","",55900,"","","",1,69904,0.8,18.9,29.0,18.4,11.2,30.9,34.7
"A0773","San Joaquin","Stockton","https://www.californiahealthmaps.org?address=A0773","Female","Uterine",179915,24.4,17.6,33.3,37190,21.8,12.0,47.3,19615,"","","",59715,"","","",55900,"","","",1,69904,0.8,18.9,29.0,18.4,11.2,30.9,34.7
"A0773","San Joaquin","Stockton","https://www.californiahealthmaps.org?address=A0773","Male","Lymph",169605,19.6,12.9,28.9,32840,"","","",17040,"","","",58985,"","","",53605,"","","",1,69904,0.8,18.9,29.0,18.4,11.2,30.9,34.7
"A0773","San Joaquin","Stockton","https://www.californiahealthmaps.org?address=A0773","Female","Lymph",179915,15.4,10.0,23.0,37190,"","","",19615,"","","",59715,"","","",55900,"","","",1,69904,0.8,18.9,29.0,18.4,11.2,30.9,34.7
"A0773","San Joaquin","Stockton","https://www.californiahealthmaps.org?address=A0773","Male","Urinary",169605,23.7,16.2,33.9,32840,35.9,21.5,63.3,17040,"","","",58985,"","","",53605,"","","",1,69904,0.8,18.9,29.0,18.4,11.2,30.9,34.7
"A0773","San Joaquin","Stockton","https://www.californiahealthmaps.org?address=A0773","Female","Urinary",179915,3.2,1.3,7.4,37190,"","","",19615,"","","",59715,"","","",55900,"","","",1,69904,0.8,18.9,29.0,18.4,11.2,30.9,34.7
"A0773","San Joaquin","Stockton","https://www.californiahealthmaps.org?address=A0773","Male","Kidney",169605,20.9,13.9,30.5,32840,"","","",17040,"","","",58985,"","","",53605,"","","",1,69904,0.8,18.9,29.0,18.4,11.2,30.9,34.7
"A0773","San Joaquin","Stockton","https://www.californiahealthmaps.org?address=A0773","Female","Kidney",179915,12.8,8.0,19.6,37190,"","","",19615,"","","",59715,"","","",55900,"","","",1,69904,0.8,18.9,29.0,18.4,11.2,30.9,34.7
"A0773","San Joaquin","Stockton","https://www.californiahealthmaps.org?address=A0773","Male","Thyroid",169605,5.2,2.0,11.2,32840,"","","",17040,"","","",58985,"","","",53605,"","","",1,69904,0.8,18.9,29.0,18.4,11.2,30.9,34.7
"A0773","San Joaquin","Stockton","https://www.californiahealthmaps.org?address=A0773","Female","Thyroid",179915,17.6,11.7,25.7,37190,"","","",19615,"","","",59715,"","","",55900,"","","",1,69904,0.8,18.9,29.0,18.4,11.2,30.9,34.7
"A0773","San Joaquin","Stockton","https://www.californiahealthmaps.org?address=A0773","Both","AllSite",349520,415.4,393.1,438.7,70030,469.7,428.6,515.8,36655,595.5,502.0,704.2,118700,399.8,349.3,456.9,109505,339.8,302.5,380.8,1,69904,0.8,18.9,29.0,18.4,11.2,30.9,34.7
"A0773","San Joaquin","Stockton","https://www.californiahealthmaps.org?address=A0773","Both","Lung",349520,64.8,56.2,74.5,70030,78.4,63.9,98.2,36655,124.5,81.9,184.2,118700,33.7,18.8,56.7,109505,58.6,43.6,77.5,1,69904,0.8,18.9,29.0,18.4,11.2,30.9,34.7
"A0773","San Joaquin","Stockton","https://www.californiahealthmaps.org?address=A0773","Both","CRC",349520,41.9,35.1,49.7,70030,35.5,25.8,51.0,36655,58.4,32.0,102.0,118700,34.1,21.6,53.5,109505,52.2,37.9,70.5,1,69904,0.8,18.9,29.0,18.4,11.2,30.9,34.7
"A0773","San Joaquin","Stockton","https://www.californiahealthmaps.org?address=A0773","Both","Mela",349520,13.3,9.6,18.1,70030,35.4,24.1,52.8,36655,"","","",118700,"","","",109505,"","","",1,69904,0.8,18.9,29.0,18.4,11.2,30.9,34.7
"A0773","San Joaquin","Stockton","https://www.californiahealthmaps.org?address=A0773","Both","Lymph",349520,17.4,13.0,22.9,70030,17.6,11.1,30.4,36655,"","","",118700,"","","",109505,"","","",1,69904,0.8,18.9,29.0,18.4,11.2,30.9,34.7
"A0773","San Joaquin","Stockton","https://www.californiahealthmaps.org?address=A0773","Both","Urinary",349520,12.0,8.5,16.6,70030,18.1,11.4,31.0,36655,"","","",118700,"","","",109505,"","","",1,69904,0.8,18.9,29.0,18.4,11.2,30.9,34.7
"A0773","San Joaquin","Stockton","https://www.californiahealthmaps.org?address=A0773","Both","Kidney",349520,16.3,12.1,21.6,70030,19.6,11.2,34.7,36655,"","","",118700,"","","",109505,"","","",1,69904,0.8,18.9,29.0,18.4,11.2,30.9,34.7
"A0773","San Joaquin","Stockton","https://www.californiahealthmaps.org?address=A0773","Both","Thyroid",349520,11.5,8.0,16.1,70030,"","","",36655,"","","",118700,"","","",109505,"","","",1,69904,0.8,18.9,29.0,18.4,11.2,30.9,34.7
