"Zone","Counties","Cities","URL","Sex","Cancer","PopTot","AAIR","LCI","UCI","White_PopTot","White_AAIR","White_LCI","White_UCI","Black_PopTot","Black_AAIR","Black_LCI","Black_UCI","Hispanic_PopTot","Hispanic_AAIR","Hispanic_LCI","Hispanic_UCI","Asian_PopTot","Asian_AAIR","Asian_LCI","Asian_UCI","QNSES","PopAll","PerRural","PerUninsured","PerForeignBorn","PerWhite","PerBlack","PerAsian","PerHispanic"
"A0734","Los Angeles","Los Angeles","https://www.californiahealthmaps.org?address=A0734","Male","AllSite",157220,382.1,344.2,423.6,28175,473.8,403.2,557.7,"","","","",109430,349.7,292.1,418.4,12200,282.7,199.3,404.7,1,62220,0.0,31.4,51.2,18.9,3.2,9.4,67.7
"A0734","Los Angeles","Los Angeles","https://www.californiahealthmaps.org?address=A0734","Female","AllSite",153880,382.5,350.0,417.6,27370,496.7,428.4,578.7,"","","","",106145,325.8,281.8,375.6,13060,331.3,248.1,449.6,1,62220,0.0,31.4,51.2,18.9,3.2,9.4,67.7
"A0734","Los Angeles","Los Angeles","https://www.californiahealthmaps.org?address=A0734","Male","Prostate",157220,83.8,66.2,105.2,28175,77.3,51.9,117.5,"","","","",109430,87.3,59.0,127.9,12200,"","","",1,62220,0.0,31.4,51.2,18.9,3.2,9.4,67.7
"A0734","Los Angeles","Los Angeles","https://www.californiahealthmaps.org?address=A0734","Female","Breast",153880,107.5,90.8,126.9,27370,129.0,96.8,176.0,"","","","",106145,82.5,61.9,109.0,13060,118.4,73.9,201.2,1,62220,0.0,31.4,51.2,18.9,3.2,9.4,67.7
"A0734","Los Angeles","Los Angeles","https://www.californiahealthmaps.org?address=A0734","Male","Lung",157220,55.2,40.8,73.6,28175,88.8,60.6,131.7,"","","","",109430,"","","",12200,"","","",1,62220,0.0,31.4,51.2,18.9,3.2,9.4,67.7
"A0734","Los Angeles","Los Angeles","https://www.californiahealthmaps.org?address=A0734","Female","Lung",153880,31.5,22.5,43.2,27370,37.0,21.3,69.8,"","","","",106145,"","","",13060,"","","",1,62220,0.0,31.4,51.2,18.9,3.2,9.4,67.7
"A0734","Los Angeles","Los Angeles","https://www.californiahealthmaps.org?address=A0734","Male","CRC",157220,52.1,38.9,69.0,28175,57.2,34.6,95.5,"","","","",109430,56.9,35.0,91.2,12200,"","","",1,62220,0.0,31.4,51.2,18.9,3.2,9.4,67.7
"A0734","Los Angeles","Los Angeles","https://www.californiahealthmaps.org?address=A0734","Female","CRC",153880,34.3,25.0,46.3,27370,55.1,35.2,91.2,"","","","",106145,"","","",13060,"","","",1,62220,0.0,31.4,51.2,18.9,3.2,9.4,67.7
"A0734","Los Angeles","Los Angeles","https://www.californiahealthmaps.org?address=A0734","Male","Mela",157220,4.2,1.3,11.4,28175,"","","","","","","",109430,"","","",12200,"","","",1,62220,0.0,31.4,51.2,18.9,3.2,9.4,67.7
"A0734","Los Angeles","Los Angeles","https://www.californiahealthmaps.org?address=A0734","Female","Mela",153880,5.0,2.0,10.8,27370,"","","","","","","",106145,"","","",13060,"","","",1,62220,0.0,31.4,51.2,18.9,3.2,9.4,67.7
"A0734","Los Angeles","Los Angeles","https://www.californiahealthmaps.org?address=A0734","Female","Uterine",153880,23.6,16.0,33.8,27370,"","","","","","","",106145,19.8,11.4,34.1,13060,"","","",1,62220,0.0,31.4,51.2,18.9,3.2,9.4,67.7
"A0734","Los Angeles","Los Angeles","https://www.californiahealthmaps.org?address=A0734","Male","Lymph",157220,24.3,15.7,36.7,28175,"","","","","","","",109430,32.8,17.0,61.7,12200,"","","",1,62220,0.0,31.4,51.2,18.9,3.2,9.4,67.7
"A0734","Los Angeles","Los Angeles","https://www.californiahealthmaps.org?address=A0734","Female","Lymph",153880,21.0,14.1,30.6,27370,"","","","","","","",106145,19.8,10.8,35.2,13060,"","","",1,62220,0.0,31.4,51.2,18.9,3.2,9.4,67.7
"A0734","Los Angeles","Los Angeles","https://www.californiahealthmaps.org?address=A0734","Male","Urinary",157220,17.0,9.3,29.0,28175,"","","","","","","",109430,"","","",12200,"","","",1,62220,0.0,31.4,51.2,18.9,3.2,9.4,67.7
"A0734","Los Angeles","Los Angeles","https://www.californiahealthmaps.org?address=A0734","Female","Urinary",153880,0.8,0.0,5.0,27370,"","","","","","","",106145,"","","",13060,"","","",1,62220,0.0,31.4,51.2,18.9,3.2,9.4,67.7
"A0734","Los Angeles","Los Angeles","https://www.californiahealthmaps.org?address=A0734","Male","Kidney",157220,18.3,11.3,29.0,28175,"","","","","","","",109430,"","","",12200,"","","",1,62220,0.0,31.4,51.2,18.9,3.2,9.4,67.7
"A0734","Los Angeles","Los Angeles","https://www.californiahealthmaps.org?address=A0734","Female","Kidney",153880,6.0,2.7,12.2,27370,"","","","","","","",106145,"","","",13060,"","","",1,62220,0.0,31.4,51.2,18.9,3.2,9.4,67.7
"A0734","Los Angeles","Los Angeles","https://www.californiahealthmaps.org?address=A0734","Male","Thyroid",157220,6.8,3.2,14.2,28175,"","","","","","","",109430,"","","",12200,"","","",1,62220,0.0,31.4,51.2,18.9,3.2,9.4,67.7
"A0734","Los Angeles","Los Angeles","https://www.californiahealthmaps.org?address=A0734","Female","Thyroid",153880,21.8,14.8,31.4,27370,"","","","","","","",106145,20.8,11.7,36.1,13060,"","","",1,62220,0.0,31.4,51.2,18.9,3.2,9.4,67.7
"A0734","Los Angeles","Los Angeles","https://www.californiahealthmaps.org?address=A0734","Both","AllSite",311100,377.1,352.6,403.0,55545,477.1,428.7,531.9,"","","","",215575,329.5,294.7,367.9,25260,304.4,245.5,380.6,1,62220,0.0,31.4,51.2,18.9,3.2,9.4,67.7
"A0734","Los Angeles","Los Angeles","https://www.californiahealthmaps.org?address=A0734","Both","Lung",311100,41.3,33.2,51.0,55545,59.7,44.2,82.2,"","","","",215575,20.3,11.8,33.2,25260,60.4,35.8,105.2,1,62220,0.0,31.4,51.2,18.9,3.2,9.4,67.7
"A0734","Los Angeles","Los Angeles","https://www.californiahealthmaps.org?address=A0734","Both","CRC",311100,42.8,34.8,52.4,55545,55.8,40.5,78.1,"","","","",215575,38.0,26.5,53.6,25260,"","","",1,62220,0.0,31.4,51.2,18.9,3.2,9.4,67.7
"A0734","Los Angeles","Los Angeles","https://www.californiahealthmaps.org?address=A0734","Both","Mela",311100,4.7,2.4,8.6,55545,"","","","","","","",215575,"","","",25260,"","","",1,62220,0.0,31.4,51.2,18.9,3.2,9.4,67.7
"A0734","Los Angeles","Los Angeles","https://www.californiahealthmaps.org?address=A0734","Both","Lymph",311100,22.4,16.9,29.5,55545,22.0,11.8,40.5,"","","","",215575,24.6,16.2,36.9,25260,"","","",1,62220,0.0,31.4,51.2,18.9,3.2,9.4,67.7
"A0734","Los Angeles","Los Angeles","https://www.californiahealthmaps.org?address=A0734","Both","Urinary",311100,7.7,4.3,12.7,55545,"","","","","","","",215575,"","","",25260,"","","",1,62220,0.0,31.4,51.2,18.9,3.2,9.4,67.7
"A0734","Los Angeles","Los Angeles","https://www.californiahealthmaps.org?address=A0734","Both","Kidney",311100,11.7,7.9,16.9,55545,"","","","","","","",215575,10.6,5.7,19.6,25260,"","","",1,62220,0.0,31.4,51.2,18.9,3.2,9.4,67.7
"A0734","Los Angeles","Los Angeles","https://www.californiahealthmaps.org?address=A0734","Both","Thyroid",311100,14.4,10.3,19.9,55545,"","","","","","","",215575,12.6,7.4,21.7,25260,"","","",1,62220,0.0,31.4,51.2,18.9,3.2,9.4,67.7
