"Zone","Counties","Cities","URL","Sex","Cancer","PopTot","AAIR","LCI","UCI","White_PopTot","White_AAIR","White_LCI","White_UCI","Black_PopTot","Black_AAIR","Black_LCI","Black_UCI","Hispanic_PopTot","Hispanic_AAIR","Hispanic_LCI","Hispanic_UCI","Asian_PopTot","Asian_AAIR","Asian_LCI","Asian_UCI","QNSES","PopAll","PerRural","PerUninsured","PerForeignBorn","PerWhite","PerBlack","PerAsian","PerHispanic"
"A1028","San Bernardino","San Bernardino","https://www.californiahealthmaps.org?address=A1028","Male","AllSite",161265,496.1,449.7,546.7,26955,479.5,409.1,564.9,22135,793.2,599.9,1059.1,102480,442.3,371.8,525.1,"","","","",1,64783,0.0,25.0,23.5,17.6,13.2,4.3,62.6
"A1028","San Bernardino","San Bernardino","https://www.californiahealthmaps.org?address=A1028","Female","AllSite",162650,384.4,349.5,422.3,27320,413.5,350.0,493.4,24655,392.3,290.3,526.1,100440,405.8,346.5,474.6,"","","","",1,64783,0.0,25.0,23.5,17.6,13.2,4.3,62.6
"A1028","San Bernardino","San Bernardino","https://www.californiahealthmaps.org?address=A1028","Male","Prostate",161265,122.5,99.6,149.8,26955,94.7,65.3,141.0,22135,205.0,125.2,364.2,102480,104.1,71.2,150.5,"","","","",1,64783,0.0,25.0,23.5,17.6,13.2,4.3,62.6
"A1028","San Bernardino","San Bernardino","https://www.californiahealthmaps.org?address=A1028","Female","Breast",162650,105.2,87.2,126.2,27320,117.5,87.6,165.2,24655,107.6,58.0,192.1,100440,95.1,68.4,131.9,"","","","",1,64783,0.0,25.0,23.5,17.6,13.2,4.3,62.6
"A1028","San Bernardino","San Bernardino","https://www.californiahealthmaps.org?address=A1028","Male","Lung",161265,65.8,49.3,86.8,26955,76.8,51.4,119.3,22135,"","","",102480,"","","","","","","",1,64783,0.0,25.0,23.5,17.6,13.2,4.3,62.6
"A1028","San Bernardino","San Bernardino","https://www.californiahealthmaps.org?address=A1028","Female","Lung",162650,45.4,33.4,60.7,27320,55.5,36.1,94.7,24655,"","","",100440,"","","","","","","",1,64783,0.0,25.0,23.5,17.6,13.2,4.3,62.6
"A1028","San Bernardino","San Bernardino","https://www.californiahealthmaps.org?address=A1028","Male","CRC",161265,61.3,45.8,81.1,26955,61.3,37.3,103.3,22135,"","","",102480,71.6,45.3,111.5,"","","","",1,64783,0.0,25.0,23.5,17.6,13.2,4.3,62.6
"A1028","San Bernardino","San Bernardino","https://www.californiahealthmaps.org?address=A1028","Female","CRC",162650,37.3,26.9,50.8,27320,37.1,20.1,75.4,24655,"","","",100440,45.4,27.0,74.7,"","","","",1,64783,0.0,25.0,23.5,17.6,13.2,4.3,62.6
"A1028","San Bernardino","San Bernardino","https://www.californiahealthmaps.org?address=A1028","Male","Mela",161265,20.9,11.5,35.5,26955,"","","",22135,"","","",102480,"","","","","","","",1,64783,0.0,25.0,23.5,17.6,13.2,4.3,62.6
"A1028","San Bernardino","San Bernardino","https://www.californiahealthmaps.org?address=A1028","Female","Mela",162650,5.4,2.1,12.3,27320,"","","",24655,"","","",100440,"","","","","","","",1,64783,0.0,25.0,23.5,17.6,13.2,4.3,62.6
"A1028","San Bernardino","San Bernardino","https://www.californiahealthmaps.org?address=A1028","Female","Uterine",162650,27.4,19.0,38.9,27320,"","","",24655,"","","",100440,30.0,17.2,53.2,"","","","",1,64783,0.0,25.0,23.5,17.6,13.2,4.3,62.6
"A1028","San Bernardino","San Bernardino","https://www.californiahealthmaps.org?address=A1028","Male","Lymph",161265,24.0,14.4,38.3,26955,"","","",22135,"","","",102480,"","","","","","","",1,64783,0.0,25.0,23.5,17.6,13.2,4.3,62.6
"A1028","San Bernardino","San Bernardino","https://www.californiahealthmaps.org?address=A1028","Female","Lymph",162650,12.1,6.6,20.8,27320,"","","",24655,"","","",100440,"","","","","","","",1,64783,0.0,25.0,23.5,17.6,13.2,4.3,62.6
"A1028","San Bernardino","San Bernardino","https://www.californiahealthmaps.org?address=A1028","Male","Urinary",161265,11.3,5.4,21.9,26955,"","","",22135,"","","",102480,"","","","","","","",1,64783,0.0,25.0,23.5,17.6,13.2,4.3,62.6
"A1028","San Bernardino","San Bernardino","https://www.californiahealthmaps.org?address=A1028","Female","Urinary",162650,3.1,0.8,9.0,27320,"","","",24655,"","","",100440,"","","","","","","",1,64783,0.0,25.0,23.5,17.6,13.2,4.3,62.6
"A1028","San Bernardino","San Bernardino","https://www.californiahealthmaps.org?address=A1028","Male","Kidney",161265,19.1,11.0,31.8,26955,"","","",22135,"","","",102480,"","","","","","","",1,64783,0.0,25.0,23.5,17.6,13.2,4.3,62.6
"A1028","San Bernardino","San Bernardino","https://www.californiahealthmaps.org?address=A1028","Female","Kidney",162650,16.6,10.0,26.4,27320,"","","",24655,"","","",100440,"","","","","","","",1,64783,0.0,25.0,23.5,17.6,13.2,4.3,62.6
"A1028","San Bernardino","San Bernardino","https://www.californiahealthmaps.org?address=A1028","Male","Thyroid",161265,4.7,1.5,13.1,26955,"","","",22135,"","","",102480,"","","","","","","",1,64783,0.0,25.0,23.5,17.6,13.2,4.3,62.6
"A1028","San Bernardino","San Bernardino","https://www.californiahealthmaps.org?address=A1028","Female","Thyroid",162650,14.3,8.5,23.3,27320,"","","",24655,"","","",100440,"","","","","","","",1,64783,0.0,25.0,23.5,17.6,13.2,4.3,62.6
"A1028","San Bernardino","San Bernardino","https://www.californiahealthmaps.org?address=A1028","Both","AllSite",323915,430.9,402.7,460.7,54275,434.6,388.5,488.1,46790,545.3,450.2,661.0,202920,420.7,374.9,471.9,11430,362.3,254.0,515.4,1,64783,0.0,25.0,23.5,17.6,13.2,4.3,62.6
"A1028","San Bernardino","San Bernardino","https://www.californiahealthmaps.org?address=A1028","Both","Lung",323915,54.1,44.1,65.9,54275,65.0,49.0,89.4,46790,89.5,50.2,153.7,202920,38.0,23.7,58.8,11430,"","","",1,64783,0.0,25.0,23.5,17.6,13.2,4.3,62.6
"A1028","San Bernardino","San Bernardino","https://www.californiahealthmaps.org?address=A1028","Both","CRC",323915,48.4,39.2,59.3,54275,48.3,33.5,72.0,46790,"","","",202920,57.6,41.4,79.6,11430,"","","",1,64783,0.0,25.0,23.5,17.6,13.2,4.3,62.6
"A1028","San Bernardino","San Bernardino","https://www.californiahealthmaps.org?address=A1028","Both","Mela",323915,12.1,7.4,18.8,54275,25.4,15.1,45.4,46790,"","","",202920,"","","",11430,"","","",1,64783,0.0,25.0,23.5,17.6,13.2,4.3,62.6
"A1028","San Bernardino","San Bernardino","https://www.californiahealthmaps.org?address=A1028","Both","Lymph",323915,16.6,11.5,23.6,54275,"","","",46790,"","","",202920,17.9,9.8,32.1,11430,"","","",1,64783,0.0,25.0,23.5,17.6,13.2,4.3,62.6
"A1028","San Bernardino","San Bernardino","https://www.californiahealthmaps.org?address=A1028","Both","Urinary",323915,6.6,3.7,11.5,54275,"","","",46790,"","","",202920,"","","",11430,"","","",1,64783,0.0,25.0,23.5,17.6,13.2,4.3,62.6
"A1028","San Bernardino","San Bernardino","https://www.californiahealthmaps.org?address=A1028","Both","Kidney",323915,17.8,12.5,25.0,54275,"","","",46790,"","","",202920,22.1,12.8,37.4,11430,"","","",1,64783,0.0,25.0,23.5,17.6,13.2,4.3,62.6
"A1028","San Bernardino","San Bernardino","https://www.californiahealthmaps.org?address=A1028","Both","Thyroid",323915,9.8,6.2,15.3,54275,"","","",46790,"","","",202920,"","","",11430,"","","",1,64783,0.0,25.0,23.5,17.6,13.2,4.3,62.6
