"Zone","Counties","Cities","URL","Sex","Cancer","PopTot","AAIR","LCI","UCI","White_PopTot","White_AAIR","White_LCI","White_UCI","Black_PopTot","Black_AAIR","Black_LCI","Black_UCI","Hispanic_PopTot","Hispanic_AAIR","Hispanic_LCI","Hispanic_UCI","Asian_PopTot","Asian_AAIR","Asian_LCI","Asian_UCI","QNSES","PopAll","PerRural","PerUninsured","PerForeignBorn","PerWhite","PerBlack","PerAsian","PerHispanic","PerAPI","PerDocvisit","PerFOBT","PerMammo","PerMenPrev","PerPap","PerWomenPrev"
"A0933","Los Angeles","Diamond Bar","https://www.californiahealthmaps.org?address=A0933","Male","AllSite",140460,419.6,385.2,456.6,21720,529.1,448.8,632.6,"","","","",29400,463.4,363.2,590.1,83550,343.5,302.9,389.0,4,57403,0.0,18.0,52.4,14.4,1.1,61.6,21.0,61.6,"","","","","",""
"A0933","Los Angeles","Diamond Bar","https://www.californiahealthmaps.org?address=A0933","Female","AllSite",146555,355.1,326.3,386.3,20590,416.6,345.5,514.2,"","","","",29900,425.6,347.4,518.5,90310,311.7,277.2,350.8,4,57403,0.0,18.0,52.4,14.4,1.1,61.6,21.0,61.6,"","","","","",""
"A0933","Los Angeles","Diamond Bar","https://www.californiahealthmaps.org?address=A0933","Male","Prostate",140460,92.2,77.3,109.7,21720,114.4,84.2,171.5,"","","","",29400,115.1,71.3,186.9,83550,53.2,38.4,72.9,4,57403,0.0,18.0,52.4,14.4,1.1,61.6,21.0,61.6,"","","","","",""
"A0933","Los Angeles","Diamond Bar","https://www.californiahealthmaps.org?address=A0933","Female","Breast",146555,114.2,98.3,132.6,20590,152.2,106.4,228.6,"","","","",29900,123.2,84.2,177.2,90310,94.5,76.5,117.1,4,57403,0.0,18.0,52.4,14.4,1.1,61.6,21.0,61.6,"","","","","",""
"A0933","Los Angeles","Diamond Bar","https://www.californiahealthmaps.org?address=A0933","Male","Lung",140460,38.9,28.5,52.2,21720,"","","","","","","",29400,"","","",83550,38.2,25.4,56.0,4,57403,0.0,18.0,52.4,14.4,1.1,61.6,21.0,61.6,"","","","","",""
"A0933","Los Angeles","Diamond Bar","https://www.californiahealthmaps.org?address=A0933","Female","Lung",146555,31.2,23.0,42.0,20590,"","","","","","","",29900,"","","",90310,32.8,22.3,48.5,4,57403,0.0,18.0,52.4,14.4,1.1,61.6,21.0,61.6,"","","","","",""
"A0933","Los Angeles","Diamond Bar","https://www.californiahealthmaps.org?address=A0933","Male","CRC",140460,57.7,45.5,72.7,21720,84.1,48.7,149.8,"","","","",29400,"","","",83550,60.2,44.2,81.1,4,57403,0.0,18.0,52.4,14.4,1.1,61.6,21.0,61.6,"","","","","",""
"A0933","Los Angeles","Diamond Bar","https://www.californiahealthmaps.org?address=A0933","Female","CRC",146555,32.5,24.2,43.5,20590,"","","","","","","",29900,"","","",90310,28.7,18.8,43.9,4,57403,0.0,18.0,52.4,14.4,1.1,61.6,21.0,61.6,"","","","","",""
"A0933","Los Angeles","Diamond Bar","https://www.californiahealthmaps.org?address=A0933","Male","Mela",140460,"","","",21720,"","","","","","","",29400,"","","",83550,"","","",4,57403,0.0,18.0,52.4,14.4,1.1,61.6,21.0,61.6,"","","","","",""
"A0933","Los Angeles","Diamond Bar","https://www.californiahealthmaps.org?address=A0933","Female","Mela",146555,"","","",20590,"","","","","","","",29900,"","","",90310,"","","",4,57403,0.0,18.0,52.4,14.4,1.1,61.6,21.0,61.6,"","","","","",""
"A0933","Los Angeles","Diamond Bar","https://www.californiahealthmaps.org?address=A0933","Female","Uterine",146555,24.2,17.5,33.4,20590,"","","","","","","",29900,"","","",90310,22.3,14.5,35.1,4,57403,0.0,18.0,52.4,14.4,1.1,61.6,21.0,61.6,"","","","","",""
"A0933","Los Angeles","Diamond Bar","https://www.californiahealthmaps.org?address=A0933","Male","Lymph",140460,24.7,16.9,35.3,21720,"","","","","","","",29400,"","","",83550,21.1,11.7,35.9,4,57403,0.0,18.0,52.4,14.4,1.1,61.6,21.0,61.6,"","","","","",""
"A0933","Los Angeles","Diamond Bar","https://www.californiahealthmaps.org?address=A0933","Female","Lymph",146555,12.5,7.5,20.4,20590,"","","","","","","",29900,"","","",90310,"","","",4,57403,0.0,18.0,52.4,14.4,1.1,61.6,21.0,61.6,"","","","","",""
"A0933","Los Angeles","Diamond Bar","https://www.californiahealthmaps.org?address=A0933","Male","Urinary",140460,15.0,9.0,23.9,21720,"","","","","","","",29400,"","","",83550,"","","",4,57403,0.0,18.0,52.4,14.4,1.1,61.6,21.0,61.6,"","","","","",""
"A0933","Los Angeles","Diamond Bar","https://www.californiahealthmaps.org?address=A0933","Female","Urinary",146555,"","","",20590,"","","","","","","",29900,"","","",90310,"","","",4,57403,0.0,18.0,52.4,14.4,1.1,61.6,21.0,61.6,"","","","","",""
"A0933","Los Angeles","Diamond Bar","https://www.californiahealthmaps.org?address=A0933","Male","Kidney",140460,23.5,15.8,34.0,21720,"","","","","","","",29400,"","","",83550,"","","",4,57403,0.0,18.0,52.4,14.4,1.1,61.6,21.0,61.6,"","","","","",""
"A0933","Los Angeles","Diamond Bar","https://www.californiahealthmaps.org?address=A0933","Female","Kidney",146555,13.6,8.5,21.4,20590,"","","","","","","",29900,"","","",90310,"","","",4,57403,0.0,18.0,52.4,14.4,1.1,61.6,21.0,61.6,"","","","","",""
"A0933","Los Angeles","Diamond Bar","https://www.californiahealthmaps.org?address=A0933","Male","Thyroid",140460,"","","",21720,"","","","","","","",29400,"","","",83550,"","","",4,57403,0.0,18.0,52.4,14.4,1.1,61.6,21.0,61.6,"","","","","",""
"A0933","Los Angeles","Diamond Bar","https://www.californiahealthmaps.org?address=A0933","Female","Thyroid",146555,21.1,14.7,30.2,20590,"","","","","","","",29900,"","","",90310,29.0,19.4,43.6,4,57403,0.0,18.0,52.4,14.4,1.1,61.6,21.0,61.6,"","","","","",""
"A0933","Los Angeles","Diamond Bar","https://www.californiahealthmaps.org?address=A0933","Male","Liver",140460,21.0,14.1,30.8,21720,"","","","","","","",29400,"","","",83550,23.4,13.8,38.3,4,57403,0.0,18.0,52.4,14.4,1.1,61.6,21.0,61.6,"","","","","",""
"A0933","Los Angeles","Diamond Bar","https://www.californiahealthmaps.org?address=A0933","Female","Liver",146555,"","","",20590,"","","","","","","",29900,"","","",90310,"","","",4,57403,0.0,18.0,52.4,14.4,1.1,61.6,21.0,61.6,"","","","","",""
"A0933","Los Angeles","Diamond Bar","https://www.californiahealthmaps.org?address=A0933","Male","Pancreas",140460,18.6,11.6,28.6,21720,"","","","","","","",29400,"","","",83550,"","","",4,57403,0.0,18.0,52.4,14.4,1.1,61.6,21.0,61.6,"","","","","",""
"A0933","Los Angeles","Diamond Bar","https://www.californiahealthmaps.org?address=A0933","Female","Pancreas",146555,9.1,5.1,15.9,20590,"","","","","","","",29900,"","","",90310,"","","",4,57403,0.0,18.0,52.4,14.4,1.1,61.6,21.0,61.6,"","","","","",""
"A0933","Los Angeles","Diamond Bar","https://www.californiahealthmaps.org?address=A0933","Both","AllSite",287015,383.8,361.6,407.2,42310,465.7,412.6,530.4,"","","","",59300,432.1,371.2,501.9,173860,325.6,299.0,354.3,4,57403,0.0,18.0,52.4,14.4,1.1,61.6,21.0,61.6,"","","","","",""
"A0933","Los Angeles","Diamond Bar","https://www.californiahealthmaps.org?address=A0933","Both","Lung",287015,34.5,27.9,42.4,42310,36.1,23.2,64.6,"","","","",59300,"","","",173860,35.1,26.7,45.9,4,57403,0.0,18.0,52.4,14.4,1.1,61.6,21.0,61.6,"","","","","",""
"A0933","Los Angeles","Diamond Bar","https://www.californiahealthmaps.org?address=A0933","Both","CRC",287015,44.3,36.9,52.9,42310,60.5,39.5,96.6,"","","","",59300,43.7,25.0,72.5,173860,43.2,33.9,54.9,4,57403,0.0,18.0,52.4,14.4,1.1,61.6,21.0,61.6,"","","","","",""
"A0933","Los Angeles","Diamond Bar","https://www.californiahealthmaps.org?address=A0933","Both","Mela",287015,9.0,5.7,13.6,42310,30.3,18.9,57.6,"","","","",59300,"","","",173860,"","","",4,57403,0.0,18.0,52.4,14.4,1.1,61.6,21.0,61.6,"","","","","",""
"A0933","Los Angeles","Diamond Bar","https://www.californiahealthmaps.org?address=A0933","Both","Lymph",287015,18.1,13.5,24.0,42310,30.4,16.6,60.7,"","","","",59300,"","","",173860,14.8,9.4,22.8,4,57403,0.0,18.0,52.4,14.4,1.1,61.6,21.0,61.6,"","","","","",""
"A0933","Los Angeles","Diamond Bar","https://www.californiahealthmaps.org?address=A0933","Both","Urinary",287015,9.1,5.9,13.7,42310,"","","","","","","",59300,"","","",173860,"","","",4,57403,0.0,18.0,52.4,14.4,1.1,61.6,21.0,61.6,"","","","","",""
"A0933","Los Angeles","Diamond Bar","https://www.californiahealthmaps.org?address=A0933","Both","Kidney",287015,17.8,13.3,23.5,42310,22.9,11.8,51.1,"","","","",59300,35.8,21.4,59.4,173860,12.9,7.8,20.7,4,57403,0.0,18.0,52.4,14.4,1.1,61.6,21.0,61.6,"","","","","",""
"A0933","Los Angeles","Diamond Bar","https://www.californiahealthmaps.org?address=A0933","Both","Thyroid",287015,14.2,10.3,19.4,42310,"","","","","","","",59300,"","","",173860,18.9,13.2,27.0,4,57403,0.0,18.0,52.4,14.4,1.1,61.6,21.0,61.6,"","","","","",""
"A0933","Los Angeles","Diamond Bar","https://www.californiahealthmaps.org?address=A0933","Both","Liver",287015,12.3,8.6,17.2,42310,"","","","","","","",59300,"","","",173860,12.8,8.0,20.2,4,57403,0.0,18.0,52.4,14.4,1.1,61.6,21.0,61.6,"","","","","",""
"A0933","Los Angeles","Diamond Bar","https://www.californiahealthmaps.org?address=A0933","Both","Pancreas",287015,13.3,9.4,18.7,42310,"","","","","","","",59300,"","","",173860,13.3,8.1,21.2,4,57403,0.0,18.0,52.4,14.4,1.1,61.6,21.0,61.6,"","","","","",""
