"Zone","Counties","Cities","URL","Sex","Cancer","PopTot","AAIR","LCI","UCI","White_PopTot","White_AAIR","White_LCI","White_UCI","Black_PopTot","Black_AAIR","Black_LCI","Black_UCI","Hispanic_PopTot","Hispanic_AAIR","Hispanic_LCI","Hispanic_UCI","Asian_PopTot","Asian_AAIR","Asian_LCI","Asian_UCI","QNSES","PopAll","PerRural","PerUninsured","PerForeignBorn","PerWhite","PerBlack","PerAsian","PerHispanic","PerAPI","PerDocvisit","PerFOBT","PerMammo","PerMenPrev","PerPap","PerWomenPrev"
"A0917","Los Angeles","Los Angeles","https://www.californiahealthmaps.org?address=A0917","Male","AllSite",160885,465.9,432.4,502.5,101920,482.6,443.5,526.7,"","","","",18415,434.8,307.0,607.2,29080,376.8,281.7,503.5,5,65861,0.0,11.3,33.1,58.8,2.5,20.8,12.9,20.8,64.6,69.4,80.5,32.8,84.9,38.2
"A0917","Los Angeles","Los Angeles","https://www.californiahealthmaps.org?address=A0917","Female","AllSite",168420,482.8,450.7,517.7,103105,492.6,454.1,535.9,"","","","",17810,498.8,381.0,646.9,36135,476.1,390.1,591.6,5,65861,0.0,11.3,33.1,58.8,2.5,20.8,12.9,20.8,64.6,69.4,80.5,32.8,84.9,38.2
"A0917","Los Angeles","Los Angeles","https://www.californiahealthmaps.org?address=A0917","Male","Prostate",160885,127.6,110.2,148.1,101920,124.4,105.3,148.8,"","","","",18415,"","","",29080,"","","",5,65861,0.0,11.3,33.1,58.8,2.5,20.8,12.9,20.8,64.6,69.4,80.5,32.8,84.9,38.2
"A0917","Los Angeles","Los Angeles","https://www.californiahealthmaps.org?address=A0917","Female","Breast",168420,176.7,157.3,199.2,103105,176.9,153.9,205.1,"","","","",17810,237.8,157.5,350.0,36135,166.4,118.2,247.6,5,65861,0.0,11.3,33.1,58.8,2.5,20.8,12.9,20.8,64.6,69.4,80.5,32.8,84.9,38.2
"A0917","Los Angeles","Los Angeles","https://www.californiahealthmaps.org?address=A0917","Male","Lung",160885,33.8,25.3,45.7,101920,32.8,23.7,48.0,"","","","",18415,"","","",29080,"","","",5,65861,0.0,11.3,33.1,58.8,2.5,20.8,12.9,20.8,64.6,69.4,80.5,32.8,84.9,38.2
"A0917","Los Angeles","Los Angeles","https://www.californiahealthmaps.org?address=A0917","Female","Lung",168420,40.8,32.4,52.6,103105,42.7,32.9,58.1,"","","","",17810,"","","",36135,"","","",5,65861,0.0,11.3,33.1,58.8,2.5,20.8,12.9,20.8,64.6,69.4,80.5,32.8,84.9,38.2
"A0917","Los Angeles","Los Angeles","https://www.californiahealthmaps.org?address=A0917","Male","CRC",160885,42.1,32.6,55.1,101920,46.4,35.0,63.6,"","","","",18415,"","","",29080,"","","",5,65861,0.0,11.3,33.1,58.8,2.5,20.8,12.9,20.8,64.6,69.4,80.5,32.8,84.9,38.2
"A0917","Los Angeles","Los Angeles","https://www.californiahealthmaps.org?address=A0917","Female","CRC",168420,28.8,21.6,39.4,103105,26.1,18.4,40.0,"","","","",17810,"","","",36135,"","","",5,65861,0.0,11.3,33.1,58.8,2.5,20.8,12.9,20.8,64.6,69.4,80.5,32.8,84.9,38.2
"A0917","Los Angeles","Los Angeles","https://www.californiahealthmaps.org?address=A0917","Male","Mela",160885,33.6,25.1,45.5,101920,39.9,29.3,56.5,"","","","",18415,"","","",29080,"","","",5,65861,0.0,11.3,33.1,58.8,2.5,20.8,12.9,20.8,64.6,69.4,80.5,32.8,84.9,38.2
"A0917","Los Angeles","Los Angeles","https://www.californiahealthmaps.org?address=A0917","Female","Mela",168420,18.1,12.3,27.5,103105,22.7,14.8,37.1,"","","","",17810,"","","",36135,"","","",5,65861,0.0,11.3,33.1,58.8,2.5,20.8,12.9,20.8,64.6,69.4,80.5,32.8,84.9,38.2
"A0917","Los Angeles","Los Angeles","https://www.californiahealthmaps.org?address=A0917","Female","Uterine",168420,23.1,16.5,33.2,103105,23.6,16.0,37.5,"","","","",17810,"","","",36135,"","","",5,65861,0.0,11.3,33.1,58.8,2.5,20.8,12.9,20.8,64.6,69.4,80.5,32.8,84.9,38.2
"A0917","Los Angeles","Los Angeles","https://www.californiahealthmaps.org?address=A0917","Male","Lymph",160885,25.3,18.1,35.9,101920,26.5,18.3,40.9,"","","","",18415,"","","",29080,"","","",5,65861,0.0,11.3,33.1,58.8,2.5,20.8,12.9,20.8,64.6,69.4,80.5,32.8,84.9,38.2
"A0917","Los Angeles","Los Angeles","https://www.californiahealthmaps.org?address=A0917","Female","Lymph",168420,20.9,15.0,30.3,103105,21.4,14.9,34.3,"","","","",17810,"","","",36135,"","","",5,65861,0.0,11.3,33.1,58.8,2.5,20.8,12.9,20.8,64.6,69.4,80.5,32.8,84.9,38.2
"A0917","Los Angeles","Los Angeles","https://www.californiahealthmaps.org?address=A0917","Male","Urinary",160885,15.4,10.0,24.6,101920,16.7,10.5,29.5,"","","","",18415,"","","",29080,"","","",5,65861,0.0,11.3,33.1,58.8,2.5,20.8,12.9,20.8,64.6,69.4,80.5,32.8,84.9,38.2
"A0917","Los Angeles","Los Angeles","https://www.californiahealthmaps.org?address=A0917","Female","Urinary",168420,6.1,3.3,13.1,103105,"","","","","","","",17810,"","","",36135,"","","",5,65861,0.0,11.3,33.1,58.8,2.5,20.8,12.9,20.8,64.6,69.4,80.5,32.8,84.9,38.2
"A0917","Los Angeles","Los Angeles","https://www.californiahealthmaps.org?address=A0917","Male","Kidney",160885,24.1,16.9,35.0,101920,22.3,14.4,36.6,"","","","",18415,"","","",29080,"","","",5,65861,0.0,11.3,33.1,58.8,2.5,20.8,12.9,20.8,64.6,69.4,80.5,32.8,84.9,38.2
"A0917","Los Angeles","Los Angeles","https://www.californiahealthmaps.org?address=A0917","Female","Kidney",168420,7.8,4.4,15.2,103105,"","","","","","","",17810,"","","",36135,"","","",5,65861,0.0,11.3,33.1,58.8,2.5,20.8,12.9,20.8,64.6,69.4,80.5,32.8,84.9,38.2
"A0917","Los Angeles","Los Angeles","https://www.californiahealthmaps.org?address=A0917","Male","Thyroid",160885,14.1,8.4,23.7,101920,16.4,8.8,31.0,"","","","",18415,"","","",29080,"","","",5,65861,0.0,11.3,33.1,58.8,2.5,20.8,12.9,20.8,64.6,69.4,80.5,32.8,84.9,38.2
"A0917","Los Angeles","Los Angeles","https://www.californiahealthmaps.org?address=A0917","Female","Thyroid",168420,31.8,23.6,43.5,103105,34.3,23.4,51.5,"","","","",17810,"","","",36135,"","","",5,65861,0.0,11.3,33.1,58.8,2.5,20.8,12.9,20.8,64.6,69.4,80.5,32.8,84.9,38.2
"A0917","Los Angeles","Los Angeles","https://www.californiahealthmaps.org?address=A0917","Male","Liver",160885,9.9,5.5,18.3,101920,"","","","","","","",18415,"","","",29080,"","","",5,65861,0.0,11.3,33.1,58.8,2.5,20.8,12.9,20.8,64.6,69.4,80.5,32.8,84.9,38.2
"A0917","Los Angeles","Los Angeles","https://www.californiahealthmaps.org?address=A0917","Female","Liver",168420,"","","",103105,"","","","","","","",17810,"","","",36135,"","","",5,65861,0.0,11.3,33.1,58.8,2.5,20.8,12.9,20.8,64.6,69.4,80.5,32.8,84.9,38.2
"A0917","Los Angeles","Los Angeles","https://www.californiahealthmaps.org?address=A0917","Male","Pancreas",160885,22.9,16.0,33.4,101920,24.0,16.0,38.2,"","","","",18415,"","","",29080,"","","",5,65861,0.0,11.3,33.1,58.8,2.5,20.8,12.9,20.8,64.6,69.4,80.5,32.8,84.9,38.2
"A0917","Los Angeles","Los Angeles","https://www.californiahealthmaps.org?address=A0917","Female","Pancreas",168420,11.2,7.0,19.1,103105,11.0,6.5,22.6,"","","","",17810,"","","",36135,"","","",5,65861,0.0,11.3,33.1,58.8,2.5,20.8,12.9,20.8,64.6,69.4,80.5,32.8,84.9,38.2
"A0917","Los Angeles","Los Angeles","https://www.californiahealthmaps.org?address=A0917","Both","AllSite",329305,470.3,447.2,494.8,205025,482.8,455.6,512.4,"","","","",36225,463.3,375.8,568.2,65215,426.4,363.2,503.8,5,65861,0.0,11.3,33.1,58.8,2.5,20.8,12.9,20.8,64.6,69.4,80.5,32.8,84.9,38.2
"A0917","Los Angeles","Los Angeles","https://www.californiahealthmaps.org?address=A0917","Both","Lung",329305,37.7,31.6,45.4,205025,38.2,31.3,47.7,"","","","",36225,"","","",65215,44.8,26.0,81.2,5,65861,0.0,11.3,33.1,58.8,2.5,20.8,12.9,20.8,64.6,69.4,80.5,32.8,84.9,38.2
"A0917","Los Angeles","Los Angeles","https://www.californiahealthmaps.org?address=A0917","Both","CRC",329305,34.7,28.8,42.3,205025,35.3,28.5,44.9,"","","","",36225,"","","",65215,46.0,26.9,82.7,5,65861,0.0,11.3,33.1,58.8,2.5,20.8,12.9,20.8,64.6,69.4,80.5,32.8,84.9,38.2
"A0917","Los Angeles","Los Angeles","https://www.californiahealthmaps.org?address=A0917","Both","Mela",329305,24.9,19.8,31.6,205025,30.2,23.6,39.6,"","","","",36225,"","","",65215,"","","",5,65861,0.0,11.3,33.1,58.8,2.5,20.8,12.9,20.8,64.6,69.4,80.5,32.8,84.9,38.2
"A0917","Los Angeles","Los Angeles","https://www.californiahealthmaps.org?address=A0917","Both","Lymph",329305,22.9,18.2,29.2,205025,23.7,18.4,31.9,"","","","",36225,"","","",65215,"","","",5,65861,0.0,11.3,33.1,58.8,2.5,20.8,12.9,20.8,64.6,69.4,80.5,32.8,84.9,38.2
"A0917","Los Angeles","Los Angeles","https://www.californiahealthmaps.org?address=A0917","Both","Urinary",329305,10.1,7.2,14.8,205025,11.3,7.9,17.9,"","","","",36225,"","","",65215,"","","",5,65861,0.0,11.3,33.1,58.8,2.5,20.8,12.9,20.8,64.6,69.4,80.5,32.8,84.9,38.2
"A0917","Los Angeles","Los Angeles","https://www.californiahealthmaps.org?address=A0917","Both","Kidney",329305,15.2,11.3,20.8,205025,15.2,10.7,22.7,"","","","",36225,"","","",65215,"","","",5,65861,0.0,11.3,33.1,58.8,2.5,20.8,12.9,20.8,64.6,69.4,80.5,32.8,84.9,38.2
"A0917","Los Angeles","Los Angeles","https://www.californiahealthmaps.org?address=A0917","Both","Thyroid",329305,22.9,17.8,29.7,205025,25.1,18.3,34.9,"","","","",36225,"","","",65215,"","","",5,65861,0.0,11.3,33.1,58.8,2.5,20.8,12.9,20.8,64.6,69.4,80.5,32.8,84.9,38.2
"A0917","Los Angeles","Los Angeles","https://www.californiahealthmaps.org?address=A0917","Both","Liver",329305,6.8,4.3,11.2,205025,"","","","","","","",36225,"","","",65215,"","","",5,65861,0.0,11.3,33.1,58.8,2.5,20.8,12.9,20.8,64.6,69.4,80.5,32.8,84.9,38.2
"A0917","Los Angeles","Los Angeles","https://www.californiahealthmaps.org?address=A0917","Both","Pancreas",329305,16.4,12.4,22.1,205025,16.9,12.4,24.4,"","","","",36225,"","","",65215,"","","",5,65861,0.0,11.3,33.1,58.8,2.5,20.8,12.9,20.8,64.6,69.4,80.5,32.8,84.9,38.2
