"Zone","Counties","Cities","URL","Sex","Cancer","PopTot","AAIR","LCI","UCI","White_PopTot","White_AAIR","White_LCI","White_UCI","Black_PopTot","Black_AAIR","Black_LCI","Black_UCI","Hispanic_PopTot","Hispanic_AAIR","Hispanic_LCI","Hispanic_UCI","Asian_PopTot","Asian_AAIR","Asian_LCI","Asian_UCI","QNSES","PopAll","PerRural","PerUninsured","PerForeignBorn","PerWhite","PerBlack","PerAsian","PerHispanic"
"A0845","Los Angeles","Norwalk","https://www.californiahealthmaps.org?address=A0845","Male","AllSite",149585,449.8,411.8,490.7,22735,457.2,388.2,546.7,"","","","",108530,434.5,382.1,493.3,11205,432.0,317.6,584.3,3,60355,0.0,22.3,33.5,14.5,3.2,9.0,72.2
"A0845","Los Angeles","Norwalk","https://www.californiahealthmaps.org?address=A0845","Female","AllSite",152190,417.6,385.4,451.9,21800,436.8,367.6,532.4,"","","","",111310,410.1,368.4,455.6,12230,423.3,320.2,557.1,3,60355,0.0,22.3,33.5,14.5,3.2,9.0,72.2
"A0845","Los Angeles","Norwalk","https://www.californiahealthmaps.org?address=A0845","Male","Prostate",149585,100.5,82.9,121.1,22735,85.3,58.4,137.1,"","","","",108530,103.1,78.2,134.9,11205,"","","",3,60355,0.0,22.3,33.5,14.5,3.2,9.0,72.2
"A0845","Los Angeles","Norwalk","https://www.californiahealthmaps.org?address=A0845","Female","Breast",152190,132.9,115.1,152.8,21800,122.1,86.6,188.9,"","","","",111310,130.3,107.7,156.7,12230,135.6,83.1,220.3,3,60355,0.0,22.3,33.5,14.5,3.2,9.0,72.2
"A0845","Los Angeles","Norwalk","https://www.californiahealthmaps.org?address=A0845","Male","Lung",149585,48.8,36.5,64.2,22735,71.9,47.5,121.8,"","","","",108530,28.1,15.9,47.7,11205,"","","",3,60355,0.0,22.3,33.5,14.5,3.2,9.0,72.2
"A0845","Los Angeles","Norwalk","https://www.californiahealthmaps.org?address=A0845","Female","Lung",152190,36.6,27.5,47.9,21800,64.7,42.0,121.9,"","","","",111310,24.1,14.6,38.0,12230,"","","",3,60355,0.0,22.3,33.5,14.5,3.2,9.0,72.2
"A0845","Los Angeles","Norwalk","https://www.californiahealthmaps.org?address=A0845","Male","CRC",149585,54.4,41.6,70.3,22735,"","","","","","","",108530,71.5,50.9,99.1,11205,"","","",3,60355,0.0,22.3,33.5,14.5,3.2,9.0,72.2
"A0845","Los Angeles","Norwalk","https://www.californiahealthmaps.org?address=A0845","Female","CRC",152190,41.6,31.9,53.6,21800,47.9,27.0,105.2,"","","","",111310,36.1,24.3,52.3,12230,"","","",3,60355,0.0,22.3,33.5,14.5,3.2,9.0,72.2
"A0845","Los Angeles","Norwalk","https://www.californiahealthmaps.org?address=A0845","Male","Mela",149585,9.1,4.5,17.1,22735,"","","","","","","",108530,"","","",11205,"","","",3,60355,0.0,22.3,33.5,14.5,3.2,9.0,72.2
"A0845","Los Angeles","Norwalk","https://www.californiahealthmaps.org?address=A0845","Female","Mela",152190,9.7,5.4,16.4,21800,"","","","","","","",111310,"","","",12230,"","","",3,60355,0.0,22.3,33.5,14.5,3.2,9.0,72.2
"A0845","Los Angeles","Norwalk","https://www.californiahealthmaps.org?address=A0845","Female","Uterine",152190,35.7,26.7,47.0,21800,"","","","","","","",111310,36.1,24.6,51.7,12230,"","","",3,60355,0.0,22.3,33.5,14.5,3.2,9.0,72.2
"A0845","Los Angeles","Norwalk","https://www.californiahealthmaps.org?address=A0845","Male","Lymph",149585,30.1,20.9,42.3,22735,44.6,25.4,91.5,"","","","",108530,24.4,13.2,43.2,11205,"","","",3,60355,0.0,22.3,33.5,14.5,3.2,9.0,72.2
"A0845","Los Angeles","Norwalk","https://www.californiahealthmaps.org?address=A0845","Female","Lymph",152190,13.2,8.2,20.5,21800,"","","","","","","",111310,"","","",12230,"","","",3,60355,0.0,22.3,33.5,14.5,3.2,9.0,72.2
"A0845","Los Angeles","Norwalk","https://www.californiahealthmaps.org?address=A0845","Male","Urinary",149585,15.6,8.8,25.8,22735,"","","","","","","",108530,"","","",11205,"","","",3,60355,0.0,22.3,33.5,14.5,3.2,9.0,72.2
"A0845","Los Angeles","Norwalk","https://www.californiahealthmaps.org?address=A0845","Female","Urinary",152190,6.3,2.9,12.2,21800,"","","","","","","",111310,"","","",12230,"","","",3,60355,0.0,22.3,33.5,14.5,3.2,9.0,72.2
"A0845","Los Angeles","Norwalk","https://www.californiahealthmaps.org?address=A0845","Male","Kidney",149585,21.3,13.9,31.8,22735,"","","","","","","",108530,22.2,12.4,39.2,11205,"","","",3,60355,0.0,22.3,33.5,14.5,3.2,9.0,72.2
"A0845","Los Angeles","Norwalk","https://www.californiahealthmaps.org?address=A0845","Female","Kidney",152190,16.6,10.6,25.0,21800,"","","","","","","",111310,21.0,12.1,34.3,12230,"","","",3,60355,0.0,22.3,33.5,14.5,3.2,9.0,72.2
"A0845","Los Angeles","Norwalk","https://www.californiahealthmaps.org?address=A0845","Male","Thyroid",149585,7.1,3.4,13.9,22735,"","","","","","","",108530,"","","",11205,"","","",3,60355,0.0,22.3,33.5,14.5,3.2,9.0,72.2
"A0845","Los Angeles","Norwalk","https://www.californiahealthmaps.org?address=A0845","Female","Thyroid",152190,17.0,11.0,25.3,21800,"","","","","","","",111310,17.2,9.9,28.7,12230,"","","",3,60355,0.0,22.3,33.5,14.5,3.2,9.0,72.2
"A0845","Los Angeles","Norwalk","https://www.californiahealthmaps.org?address=A0845","Both","AllSite",301775,426.7,402.4,452.3,44535,440.8,392.3,499.6,"","","","",219840,414.0,381.7,448.5,23435,421.1,344.6,513.4,3,60355,0.0,22.3,33.5,14.5,3.2,9.0,72.2
"A0845","Los Angeles","Norwalk","https://www.californiahealthmaps.org?address=A0845","Both","Lung",301775,41.5,34.0,50.2,44535,66.7,50.1,95.6,"","","","",219840,25.6,17.9,35.9,23435,"","","",3,60355,0.0,22.3,33.5,14.5,3.2,9.0,72.2
"A0845","Los Angeles","Norwalk","https://www.californiahealthmaps.org?address=A0845","Both","CRC",301775,47.2,39.3,56.5,44535,40.0,26.7,66.6,"","","","",219840,51.2,40.0,64.9,23435,66.7,37.4,114.1,3,60355,0.0,22.3,33.5,14.5,3.2,9.0,72.2
"A0845","Los Angeles","Norwalk","https://www.californiahealthmaps.org?address=A0845","Both","Mela",301775,9.3,6.0,13.8,44535,25.2,15.0,49.8,"","","","",219840,"","","",23435,"","","",3,60355,0.0,22.3,33.5,14.5,3.2,9.0,72.2
"A0845","Los Angeles","Norwalk","https://www.californiahealthmaps.org?address=A0845","Both","Lymph",301775,20.4,15.4,26.5,44535,32.7,19.6,59.7,"","","","",219840,18.4,12.1,27.1,23435,"","","",3,60355,0.0,22.3,33.5,14.5,3.2,9.0,72.2
"A0845","Los Angeles","Norwalk","https://www.californiahealthmaps.org?address=A0845","Both","Urinary",301775,10.2,6.6,15.2,44535,"","","","","","","",219840,"","","",23435,"","","",3,60355,0.0,22.3,33.5,14.5,3.2,9.0,72.2
"A0845","Los Angeles","Norwalk","https://www.californiahealthmaps.org?address=A0845","Both","Kidney",301775,18.7,13.9,24.8,44535,"","","","","","","",219840,21.8,14.8,31.2,23435,"","","",3,60355,0.0,22.3,33.5,14.5,3.2,9.0,72.2
"A0845","Los Angeles","Norwalk","https://www.californiahealthmaps.org?address=A0845","Both","Thyroid",301775,12.1,8.4,17.0,44535,"","","","","","","",219840,11.8,7.3,18.6,23435,"","","",3,60355,0.0,22.3,33.5,14.5,3.2,9.0,72.2
