"Zone","Counties","Cities","URL","Sex","Cancer","PopTot","AAIR","LCI","UCI","White_PopTot","White_AAIR","White_LCI","White_UCI","Black_PopTot","Black_AAIR","Black_LCI","Black_UCI","Hispanic_PopTot","Hispanic_AAIR","Hispanic_LCI","Hispanic_UCI","Asian_PopTot","Asian_AAIR","Asian_LCI","Asian_UCI","QNSES","PopAll","PerRural","PerUninsured","PerForeignBorn","PerWhite","PerBlack","PerAsian","PerHispanic"
"A0861","Los Angeles","Lancaster, Palmdale","https://www.californiahealthmaps.org?address=A0861","Male","AllSite",157695,505.4,461.7,553.0,44040,528.0,465.7,598.1,33990,605.3,490.0,760.3,69820,394.6,316.2,493.8,"","","","",1,65829,1.1,18.1,13.2,25.7,22.9,4.9,43.3
"A0861","Los Angeles","Lancaster, Palmdale","https://www.californiahealthmaps.org?address=A0861","Female","AllSite",171450,463.3,427.9,501.0,46475,431.1,378.8,490.6,41480,604.7,512.3,711.9,71705,469.4,396.1,554.7,"","","","",1,65829,1.1,18.1,13.2,25.7,22.9,4.9,43.3
"A0861","Los Angeles","Lancaster, Palmdale","https://www.californiahealthmaps.org?address=A0861","Male","Prostate",157695,108.1,88.9,131.2,44040,77.7,55.5,108.0,33990,203.3,136.9,315.0,69820,98.3,62.2,157.6,"","","","",1,65829,1.1,18.1,13.2,25.7,22.9,4.9,43.3
"A0861","Los Angeles","Lancaster, Palmdale","https://www.californiahealthmaps.org?address=A0861","Female","Breast",171450,125.5,107.6,145.7,46475,119.3,92.6,153.7,41480,166.7,120.0,229.1,71705,124.0,90.6,169.2,"","","","",1,65829,1.1,18.1,13.2,25.7,22.9,4.9,43.3
"A0861","Los Angeles","Lancaster, Palmdale","https://www.californiahealthmaps.org?address=A0861","Male","Lung",157695,71.0,54.7,91.4,44040,79.0,56.0,110.3,33990,111.5,60.8,212.4,69820,"","","","","","","",1,65829,1.1,18.1,13.2,25.7,22.9,4.9,43.3
"A0861","Los Angeles","Lancaster, Palmdale","https://www.californiahealthmaps.org?address=A0861","Female","Lung",171450,62.6,49.5,78.2,46475,74.3,54.2,102.1,41480,93.8,58.0,146.6,71705,"","","","","","","",1,65829,1.1,18.1,13.2,25.7,22.9,4.9,43.3
"A0861","Los Angeles","Lancaster, Palmdale","https://www.californiahealthmaps.org?address=A0861","Male","CRC",157695,58.8,44.3,77.6,44040,64.1,43.7,92.9,33990,68.0,35.5,152.1,69820,"","","","","","","",1,65829,1.1,18.1,13.2,25.7,22.9,4.9,43.3
"A0861","Los Angeles","Lancaster, Palmdale","https://www.californiahealthmaps.org?address=A0861","Female","CRC",171450,43.8,33.3,56.7,46475,28.4,17.0,48.0,41480,65.4,37.1,110.6,71705,49.8,27.2,86.4,"","","","",1,65829,1.1,18.1,13.2,25.7,22.9,4.9,43.3
"A0861","Los Angeles","Lancaster, Palmdale","https://www.californiahealthmaps.org?address=A0861","Male","Mela",157695,27.9,18.0,42.2,44040,52.4,34.1,79.3,33990,"","","",69820,"","","","","","","",1,65829,1.1,18.1,13.2,25.7,22.9,4.9,43.3
"A0861","Los Angeles","Lancaster, Palmdale","https://www.californiahealthmaps.org?address=A0861","Female","Mela",171450,8.0,4.1,14.5,46475,"","","",41480,"","","",71705,"","","","","","","",1,65829,1.1,18.1,13.2,25.7,22.9,4.9,43.3
"A0861","Los Angeles","Lancaster, Palmdale","https://www.californiahealthmaps.org?address=A0861","Female","Uterine",171450,30.1,21.8,40.9,46475,39.5,24.2,63.3,41480,"","","",71705,"","","","","","","",1,65829,1.1,18.1,13.2,25.7,22.9,4.9,43.3
"A0861","Los Angeles","Lancaster, Palmdale","https://www.californiahealthmaps.org?address=A0861","Male","Lymph",157695,26.9,17.2,41.2,44040,"","","",33990,"","","",69820,"","","","","","","",1,65829,1.1,18.1,13.2,25.7,22.9,4.9,43.3
"A0861","Los Angeles","Lancaster, Palmdale","https://www.californiahealthmaps.org?address=A0861","Female","Lymph",171450,11.9,6.7,19.7,46475,"","","",41480,"","","",71705,"","","","","","","",1,65829,1.1,18.1,13.2,25.7,22.9,4.9,43.3
"A0861","Los Angeles","Lancaster, Palmdale","https://www.californiahealthmaps.org?address=A0861","Male","Urinary",157695,22.0,13.2,35.4,44040,"","","",33990,"","","",69820,"","","","","","","",1,65829,1.1,18.1,13.2,25.7,22.9,4.9,43.3
"A0861","Los Angeles","Lancaster, Palmdale","https://www.californiahealthmaps.org?address=A0861","Female","Urinary",171450,3.2,0.9,8.5,46475,"","","",41480,"","","",71705,"","","","","","","",1,65829,1.1,18.1,13.2,25.7,22.9,4.9,43.3
"A0861","Los Angeles","Lancaster, Palmdale","https://www.californiahealthmaps.org?address=A0861","Male","Kidney",157695,17.4,10.4,28.8,44040,"","","",33990,"","","",69820,"","","","","","","",1,65829,1.1,18.1,13.2,25.7,22.9,4.9,43.3
"A0861","Los Angeles","Lancaster, Palmdale","https://www.californiahealthmaps.org?address=A0861","Female","Kidney",171450,11.2,6.3,18.6,46475,"","","",41480,"","","",71705,"","","","","","","",1,65829,1.1,18.1,13.2,25.7,22.9,4.9,43.3
"A0861","Los Angeles","Lancaster, Palmdale","https://www.californiahealthmaps.org?address=A0861","Male","Thyroid",157695,2.0,0.4,8.9,44040,"","","",33990,"","","",69820,"","","","","","","",1,65829,1.1,18.1,13.2,25.7,22.9,4.9,43.3
"A0861","Los Angeles","Lancaster, Palmdale","https://www.californiahealthmaps.org?address=A0861","Female","Thyroid",171450,19.7,13.4,28.3,46475,"","","",41480,"","","",71705,"","","","","","","",1,65829,1.1,18.1,13.2,25.7,22.9,4.9,43.3
"A0861","Los Angeles","Lancaster, Palmdale","https://www.californiahealthmaps.org?address=A0861","Both","AllSite",329145,477.5,450.2,506.3,90515,467.9,428.2,511.3,75470,600.6,529.4,681.8,141525,433.3,379.1,494.8,"","","","",1,65829,1.1,18.1,13.2,25.7,22.9,4.9,43.3
"A0861","Los Angeles","Lancaster, Palmdale","https://www.californiahealthmaps.org?address=A0861","Both","Lung",329145,65.9,55.6,77.6,90515,75.5,60.2,94.6,75470,98.0,69.4,137.9,141525,33.9,19.1,57.6,"","","","",1,65829,1.1,18.1,13.2,25.7,22.9,4.9,43.3
"A0861","Los Angeles","Lancaster, Palmdale","https://www.californiahealthmaps.org?address=A0861","Both","CRC",329145,49.7,41.1,59.8,90515,43.3,32.2,58.2,75470,66.8,44.4,100.6,141525,47.7,30.7,73.0,"","","","",1,65829,1.1,18.1,13.2,25.7,22.9,4.9,43.3
"A0861","Los Angeles","Lancaster, Palmdale","https://www.californiahealthmaps.org?address=A0861","Both","Mela",329145,15.8,11.2,21.9,90515,33.2,23.2,47.2,75470,"","","",141525,"","","","","","","",1,65829,1.1,18.1,13.2,25.7,22.9,4.9,43.3
"A0861","Los Angeles","Lancaster, Palmdale","https://www.californiahealthmaps.org?address=A0861","Both","Lymph",329145,17.9,12.8,24.5,90515,18.1,11.0,29.5,75470,"","","",141525,"","","","","","","",1,65829,1.1,18.1,13.2,25.7,22.9,4.9,43.3
"A0861","Los Angeles","Lancaster, Palmdale","https://www.californiahealthmaps.org?address=A0861","Both","Urinary",329145,11.1,7.0,16.8,90515,13.1,7.3,23.3,75470,"","","",141525,"","","","","","","",1,65829,1.1,18.1,13.2,25.7,22.9,4.9,43.3
"A0861","Los Angeles","Lancaster, Palmdale","https://www.californiahealthmaps.org?address=A0861","Both","Kidney",329145,13.9,9.6,19.6,90515,"","","",75470,"","","",141525,"","","","","","","",1,65829,1.1,18.1,13.2,25.7,22.9,4.9,43.3
"A0861","Los Angeles","Lancaster, Palmdale","https://www.californiahealthmaps.org?address=A0861","Both","Thyroid",329145,11.3,7.9,16.1,90515,"","","",75470,"","","",141525,"","","","","","","",1,65829,1.1,18.1,13.2,25.7,22.9,4.9,43.3
