"Zone","Counties","Cities","URL","Sex","Cancer","PopTot","AAIR","LCI","UCI","White_PopTot","White_AAIR","White_LCI","White_UCI","Black_PopTot","Black_AAIR","Black_LCI","Black_UCI","Hispanic_PopTot","Hispanic_AAIR","Hispanic_LCI","Hispanic_UCI","Asian_PopTot","Asian_AAIR","Asian_LCI","Asian_UCI","QNSES","PopAll","PerRural","PerUninsured","PerForeignBorn","PerWhite","PerBlack","PerAsian","PerHispanic","PerAPI","PerDocvisit","PerFOBT","PerMammo","PerMenPrev","PerPap","PerWomenPrev"
"A0564","Riverside","Wildomar, Lake Elsinore, Menifee","https://www.californiahealthmaps.org?address=A0564","Male","AllSite",165585,537.2,495.3,582.2,86290,536.1,485.8,590.7,"","","","",58880,556.9,462.3,668.4,"","","","",3,66314,3.0,19.0,17.2,51.4,4.4,5.2,36.3,5.2,"","","","","",""
"A0564","Riverside","Wildomar, Lake Elsinore, Menifee","https://www.californiahealthmaps.org?address=A0564","Female","AllSite",165985,478.6,443.1,516.3,85330,510.4,464.6,559.8,"","","","",59660,451.1,378.4,535.9,"","","","",3,66314,3.0,19.0,17.2,51.4,4.4,5.2,36.3,5.2,"","","","","",""
"A0564","Riverside","Wildomar, Lake Elsinore, Menifee","https://www.californiahealthmaps.org?address=A0564","Male","Prostate",165585,126.9,106.9,150.0,86290,101.5,80.5,127.0,"","","","",58880,157.4,108.5,224.3,"","","","",3,66314,3.0,19.0,17.2,51.4,4.4,5.2,36.3,5.2,"","","","","",""
"A0564","Riverside","Wildomar, Lake Elsinore, Menifee","https://www.californiahealthmaps.org?address=A0564","Female","Breast",165985,140.8,122.1,161.9,85330,160.8,135.7,189.6,"","","","",59660,108.9,75.8,154.4,"","","","",3,66314,3.0,19.0,17.2,51.4,4.4,5.2,36.3,5.2,"","","","","",""
"A0564","Riverside","Wildomar, Lake Elsinore, Menifee","https://www.californiahealthmaps.org?address=A0564","Male","Lung",165585,67.2,52.3,85.5,86290,78.6,59.5,102.3,"","","","",58880,"","","","","","","",3,66314,3.0,19.0,17.2,51.4,4.4,5.2,36.3,5.2,"","","","","",""
"A0564","Riverside","Wildomar, Lake Elsinore, Menifee","https://www.californiahealthmaps.org?address=A0564","Female","Lung",165985,53.0,41.1,67.5,85330,62.9,47.3,82.3,"","","","",59660,"","","","","","","",3,66314,3.0,19.0,17.2,51.4,4.4,5.2,36.3,5.2,"","","","","",""
"A0564","Riverside","Wildomar, Lake Elsinore, Menifee","https://www.californiahealthmaps.org?address=A0564","Male","CRC",165585,58.8,45.7,75.2,86290,47.5,33.7,65.9,"","","","",58880,96.1,59.3,151.3,"","","","",3,66314,3.0,19.0,17.2,51.4,4.4,5.2,36.3,5.2,"","","","","",""
"A0564","Riverside","Wildomar, Lake Elsinore, Menifee","https://www.californiahealthmaps.org?address=A0564","Female","CRC",165985,39.8,30.0,52.1,85330,40.5,28.4,56.6,"","","","",59660,"","","","","","","",3,66314,3.0,19.0,17.2,51.4,4.4,5.2,36.3,5.2,"","","","","",""
"A0564","Riverside","Wildomar, Lake Elsinore, Menifee","https://www.californiahealthmaps.org?address=A0564","Male","Mela",165585,35.9,25.7,49.4,86290,52.2,37.2,71.7,"","","","",58880,"","","","","","","",3,66314,3.0,19.0,17.2,51.4,4.4,5.2,36.3,5.2,"","","","","",""
"A0564","Riverside","Wildomar, Lake Elsinore, Menifee","https://www.californiahealthmaps.org?address=A0564","Female","Mela",165985,18.0,11.8,26.7,85330,27.9,18.1,41.6,"","","","",59660,"","","","","","","",3,66314,3.0,19.0,17.2,51.4,4.4,5.2,36.3,5.2,"","","","","",""
"A0564","Riverside","Wildomar, Lake Elsinore, Menifee","https://www.californiahealthmaps.org?address=A0564","Female","Uterine",165985,36.2,27.2,47.5,85330,29.6,19.7,43.3,"","","","",59660,58.5,35.3,94.9,"","","","",3,66314,3.0,19.0,17.2,51.4,4.4,5.2,36.3,5.2,"","","","","",""
"A0564","Riverside","Wildomar, Lake Elsinore, Menifee","https://www.californiahealthmaps.org?address=A0564","Male","Lymph",165585,23.1,15.3,34.3,86290,22.0,13.1,35.5,"","","","",58880,"","","","","","","",3,66314,3.0,19.0,17.2,51.4,4.4,5.2,36.3,5.2,"","","","","",""
"A0564","Riverside","Wildomar, Lake Elsinore, Menifee","https://www.californiahealthmaps.org?address=A0564","Female","Lymph",165985,18.2,11.7,27.3,85330,18.2,10.3,30.1,"","","","",59660,"","","","","","","",3,66314,3.0,19.0,17.2,51.4,4.4,5.2,36.3,5.2,"","","","","",""
"A0564","Riverside","Wildomar, Lake Elsinore, Menifee","https://www.californiahealthmaps.org?address=A0564","Male","Urinary",165585,18.5,11.3,29.2,86290,21.2,12.2,34.9,"","","","",58880,"","","","","","","",3,66314,3.0,19.0,17.2,51.4,4.4,5.2,36.3,5.2,"","","","","",""
"A0564","Riverside","Wildomar, Lake Elsinore, Menifee","https://www.californiahealthmaps.org?address=A0564","Female","Urinary",165985,"","","",85330,"","","","","","","",59660,"","","","","","","",3,66314,3.0,19.0,17.2,51.4,4.4,5.2,36.3,5.2,"","","","","",""
"A0564","Riverside","Wildomar, Lake Elsinore, Menifee","https://www.californiahealthmaps.org?address=A0564","Male","Kidney",165585,28.5,19.6,40.7,86290,32.8,21.2,49.3,"","","","",58880,"","","","","","","",3,66314,3.0,19.0,17.2,51.4,4.4,5.2,36.3,5.2,"","","","","",""
"A0564","Riverside","Wildomar, Lake Elsinore, Menifee","https://www.californiahealthmaps.org?address=A0564","Female","Kidney",165985,10.9,6.1,18.1,85330,"","","","","","","",59660,"","","","","","","",3,66314,3.0,19.0,17.2,51.4,4.4,5.2,36.3,5.2,"","","","","",""
"A0564","Riverside","Wildomar, Lake Elsinore, Menifee","https://www.californiahealthmaps.org?address=A0564","Male","Thyroid",165585,12.0,6.7,20.7,86290,"","","","","","","",58880,"","","","","","","",3,66314,3.0,19.0,17.2,51.4,4.4,5.2,36.3,5.2,"","","","","",""
"A0564","Riverside","Wildomar, Lake Elsinore, Menifee","https://www.californiahealthmaps.org?address=A0564","Female","Thyroid",165985,27.1,19.7,36.9,85330,28.9,18.5,43.3,"","","","",59660,29.2,15.9,55.1,"","","","",3,66314,3.0,19.0,17.2,51.4,4.4,5.2,36.3,5.2,"","","","","",""
"A0564","Riverside","Wildomar, Lake Elsinore, Menifee","https://www.californiahealthmaps.org?address=A0564","Male","Liver",165585,18.0,11.3,28.1,86290,16.0,8.7,27.9,"","","","",58880,"","","","","","","",3,66314,3.0,19.0,17.2,51.4,4.4,5.2,36.3,5.2,"","","","","",""
"A0564","Riverside","Wildomar, Lake Elsinore, Menifee","https://www.californiahealthmaps.org?address=A0564","Female","Liver",165985,"","","",85330,"","","","","","","",59660,"","","","","","","",3,66314,3.0,19.0,17.2,51.4,4.4,5.2,36.3,5.2,"","","","","",""
"A0564","Riverside","Wildomar, Lake Elsinore, Menifee","https://www.californiahealthmaps.org?address=A0564","Male","Pancreas",165585,17.4,10.6,27.6,86290,"","","","","","","",58880,"","","","","","","",3,66314,3.0,19.0,17.2,51.4,4.4,5.2,36.3,5.2,"","","","","",""
"A0564","Riverside","Wildomar, Lake Elsinore, Menifee","https://www.californiahealthmaps.org?address=A0564","Female","Pancreas",165985,19.4,12.6,28.8,85330,16.6,9.2,28.0,"","","","",59660,"","","","","","","",3,66314,3.0,19.0,17.2,51.4,4.4,5.2,36.3,5.2,"","","","","",""
"A0564","Riverside","Wildomar, Lake Elsinore, Menifee","https://www.californiahealthmaps.org?address=A0564","Both","AllSite",331570,502.3,475.3,530.5,171620,520.0,486.2,555.7,11705,544.0,392.0,753.9,118540,495.0,436.6,560.1,18340,380.4,284.3,505.6,3,66314,3.0,19.0,17.2,51.4,4.4,5.2,36.3,5.2,"","","","","",""
"A0564","Riverside","Wildomar, Lake Elsinore, Menifee","https://www.californiahealthmaps.org?address=A0564","Both","Lung",331570,59.5,50.0,70.4,171620,70.4,58.1,84.8,11705,"","","",118540,"","","",18340,"","","",3,66314,3.0,19.0,17.2,51.4,4.4,5.2,36.3,5.2,"","","","","",""
"A0564","Riverside","Wildomar, Lake Elsinore, Menifee","https://www.californiahealthmaps.org?address=A0564","Both","CRC",331570,48.8,40.7,58.3,171620,44.2,34.7,55.5,11705,"","","",118540,65.9,45.3,93.7,18340,"","","",3,66314,3.0,19.0,17.2,51.4,4.4,5.2,36.3,5.2,"","","","","",""
"A0564","Riverside","Wildomar, Lake Elsinore, Menifee","https://www.californiahealthmaps.org?address=A0564","Both","Mela",331570,26.1,20.3,33.3,171620,38.9,30.1,49.6,11705,"","","",118540,"","","",18340,"","","",3,66314,3.0,19.0,17.2,51.4,4.4,5.2,36.3,5.2,"","","","","",""
"A0564","Riverside","Wildomar, Lake Elsinore, Menifee","https://www.californiahealthmaps.org?address=A0564","Both","Lymph",331570,20.6,15.4,27.2,171620,20.4,14.1,28.6,11705,"","","",118540,"","","",18340,"","","",3,66314,3.0,19.0,17.2,51.4,4.4,5.2,36.3,5.2,"","","","","",""
"A0564","Riverside","Wildomar, Lake Elsinore, Menifee","https://www.californiahealthmaps.org?address=A0564","Both","Urinary",331570,14.0,9.7,19.7,171620,15.7,10.4,23.1,11705,"","","",118540,"","","",18340,"","","",3,66314,3.0,19.0,17.2,51.4,4.4,5.2,36.3,5.2,"","","","","",""
"A0564","Riverside","Wildomar, Lake Elsinore, Menifee","https://www.californiahealthmaps.org?address=A0564","Both","Kidney",331570,18.9,14.0,25.1,171620,18.0,12.2,25.9,11705,"","","",118540,25.5,14.4,43.8,18340,"","","",3,66314,3.0,19.0,17.2,51.4,4.4,5.2,36.3,5.2,"","","","","",""
"A0564","Riverside","Wildomar, Lake Elsinore, Menifee","https://www.californiahealthmaps.org?address=A0564","Both","Thyroid",331570,19.3,14.7,25.2,171620,21.8,15.2,30.4,11705,"","","",118540,17.4,9.8,31.7,18340,"","","",3,66314,3.0,19.0,17.2,51.4,4.4,5.2,36.3,5.2,"","","","","",""
"A0564","Riverside","Wildomar, Lake Elsinore, Menifee","https://www.californiahealthmaps.org?address=A0564","Both","Liver",331570,10.0,6.5,14.8,171620,9.3,5.5,15.2,11705,"","","",118540,"","","",18340,"","","",3,66314,3.0,19.0,17.2,51.4,4.4,5.2,36.3,5.2,"","","","","",""
"A0564","Riverside","Wildomar, Lake Elsinore, Menifee","https://www.californiahealthmaps.org?address=A0564","Both","Pancreas",331570,18.5,13.5,24.9,171620,16.1,10.6,23.7,11705,"","","",118540,"","","",18340,"","","",3,66314,3.0,19.0,17.2,51.4,4.4,5.2,36.3,5.2,"","","","","",""
