"Zone","Counties","Cities","URL","Sex","Cancer","PopTot","AAIR","LCI","UCI","White_PopTot","White_AAIR","White_LCI","White_UCI","Black_PopTot","Black_AAIR","Black_LCI","Black_UCI","Hispanic_PopTot","Hispanic_AAIR","Hispanic_LCI","Hispanic_UCI","Asian_PopTot","Asian_AAIR","Asian_LCI","Asian_UCI","QNSES","PopAll","PerRural","PerUninsured","PerForeignBorn","PerWhite","PerBlack","PerAsian","PerHispanic"
"A0544","San Bernardino","Ontario, Rancho Cucamonga","https://www.californiahealthmaps.org?address=A0544","Male","AllSite",161130,510.7,461.2,565.5,49455,536.2,463.0,619.9,16565,881.6,586.8,1321.2,74325,435.6,357.0,530.4,15865,600.9,401.4,892.5,3,66500,0.0,17.6,24.2,30.1,9.6,11.3,45.0
"A0544","San Bernardino","Ontario, Rancho Cucamonga","https://www.californiahealthmaps.org?address=A0544","Female","AllSite",171370,458.4,420.7,499.0,51200,501.5,440.8,569.6,19495,548.7,431.8,697.5,78265,376.2,320.5,440.6,16950,402.7,293.5,576.1,3,66500,0.0,17.6,24.2,30.1,9.6,11.3,45.0
"A0544","San Bernardino","Ontario, Rancho Cucamonga","https://www.californiahealthmaps.org?address=A0544","Male","Prostate",161130,127.8,104.9,156.0,49455,141.0,105.8,187.2,16565,215.8,130.5,453.0,74325,89.6,56.0,140.9,15865,"","","",3,66500,0.0,17.6,24.2,30.1,9.6,11.3,45.0
"A0544","San Bernardino","Ontario, Rancho Cucamonga","https://www.californiahealthmaps.org?address=A0544","Female","Breast",171370,142.5,122.2,165.7,51200,152.1,119.9,191.7,19495,159.3,102.4,249.8,78265,120.2,89.8,159.6,16950,155.2,92.0,291.4,3,66500,0.0,17.6,24.2,30.1,9.6,11.3,45.0
"A0544","San Bernardino","Ontario, Rancho Cucamonga","https://www.californiahealthmaps.org?address=A0544","Male","Lung",161130,51.5,35.5,73.7,49455,60.8,37.0,96.7,16565,"","","",74325,"","","",15865,"","","",3,66500,0.0,17.6,24.2,30.1,9.6,11.3,45.0
"A0544","San Bernardino","Ontario, Rancho Cucamonga","https://www.californiahealthmaps.org?address=A0544","Female","Lung",171370,44.9,32.8,60.3,51200,58.0,37.8,86.3,19495,"","","",78265,"","","",16950,"","","",3,66500,0.0,17.6,24.2,30.1,9.6,11.3,45.0
"A0544","San Bernardino","Ontario, Rancho Cucamonga","https://www.californiahealthmaps.org?address=A0544","Male","CRC",161130,58.4,42.2,80.5,49455,58.4,35.4,93.4,16565,"","","",74325,76.3,44.9,126.0,15865,"","","",3,66500,0.0,17.6,24.2,30.1,9.6,11.3,45.0
"A0544","San Bernardino","Ontario, Rancho Cucamonga","https://www.californiahealthmaps.org?address=A0544","Female","CRC",171370,49.9,37.4,65.5,51200,50.6,32.1,77.4,19495,"","","",78265,41.6,23.6,69.9,16950,"","","",3,66500,0.0,17.6,24.2,30.1,9.6,11.3,45.0
"A0544","San Bernardino","Ontario, Rancho Cucamonga","https://www.californiahealthmaps.org?address=A0544","Male","Mela",161130,17.3,9.2,31.9,49455,34.4,19.2,61.3,16565,"","","",74325,"","","",15865,"","","",3,66500,0.0,17.6,24.2,30.1,9.6,11.3,45.0
"A0544","San Bernardino","Ontario, Rancho Cucamonga","https://www.californiahealthmaps.org?address=A0544","Female","Mela",171370,9.8,5.2,17.7,51200,"","","",19495,"","","",78265,"","","",16950,"","","",3,66500,0.0,17.6,24.2,30.1,9.6,11.3,45.0
"A0544","San Bernardino","Ontario, Rancho Cucamonga","https://www.californiahealthmaps.org?address=A0544","Female","Uterine",171370,37.3,27.5,50.0,51200,34.4,20.5,56.3,19495,"","","",78265,44.9,27.6,71.5,16950,"","","",3,66500,0.0,17.6,24.2,30.1,9.6,11.3,45.0
"A0544","San Bernardino","Ontario, Rancho Cucamonga","https://www.californiahealthmaps.org?address=A0544","Male","Lymph",161130,22.2,13.7,36.5,49455,"","","",16565,"","","",74325,"","","",15865,"","","",3,66500,0.0,17.6,24.2,30.1,9.6,11.3,45.0
"A0544","San Bernardino","Ontario, Rancho Cucamonga","https://www.californiahealthmaps.org?address=A0544","Female","Lymph",171370,15.7,9.2,25.5,51200,"","","",19495,"","","",78265,"","","",16950,"","","",3,66500,0.0,17.6,24.2,30.1,9.6,11.3,45.0
"A0544","San Bernardino","Ontario, Rancho Cucamonga","https://www.californiahealthmaps.org?address=A0544","Male","Urinary",161130,19.2,10.5,34.2,49455,"","","",16565,"","","",74325,"","","",15865,"","","",3,66500,0.0,17.6,24.2,30.1,9.6,11.3,45.0
"A0544","San Bernardino","Ontario, Rancho Cucamonga","https://www.californiahealthmaps.org?address=A0544","Female","Urinary",171370,5.4,1.9,12.7,51200,"","","",19495,"","","",78265,"","","",16950,"","","",3,66500,0.0,17.6,24.2,30.1,9.6,11.3,45.0
"A0544","San Bernardino","Ontario, Rancho Cucamonga","https://www.californiahealthmaps.org?address=A0544","Male","Kidney",161130,21.5,12.8,36.1,49455,"","","",16565,"","","",74325,"","","",15865,"","","",3,66500,0.0,17.6,24.2,30.1,9.6,11.3,45.0
"A0544","San Bernardino","Ontario, Rancho Cucamonga","https://www.californiahealthmaps.org?address=A0544","Female","Kidney",171370,12.2,6.3,21.8,51200,"","","",19495,"","","",78265,"","","",16950,"","","",3,66500,0.0,17.6,24.2,30.1,9.6,11.3,45.0
"A0544","San Bernardino","Ontario, Rancho Cucamonga","https://www.californiahealthmaps.org?address=A0544","Male","Thyroid",161130,7.0,3.4,17.1,49455,"","","",16565,"","","",74325,"","","",15865,"","","",3,66500,0.0,17.6,24.2,30.1,9.6,11.3,45.0
"A0544","San Bernardino","Ontario, Rancho Cucamonga","https://www.californiahealthmaps.org?address=A0544","Female","Thyroid",171370,24.7,17.7,34.6,51200,"","","",19495,"","","",78265,"","","",16950,"","","",3,66500,0.0,17.6,24.2,30.1,9.6,11.3,45.0
"A0544","San Bernardino","Ontario, Rancho Cucamonga","https://www.californiahealthmaps.org?address=A0544","Both","AllSite",332500,474.9,445.1,506.5,100655,515.9,469.0,566.8,36060,595.7,492.4,722.1,152590,394.6,349.0,445.7,32815,478.5,372.6,620.0,3,66500,0.0,17.6,24.2,30.1,9.6,11.3,45.0
"A0544","San Bernardino","Ontario, Rancho Cucamonga","https://www.californiahealthmaps.org?address=A0544","Both","Lung",332500,47.2,37.4,59.0,100655,59.7,43.7,79.9,36060,"","","",152590,26.5,14.5,45.4,32815,"","","",3,66500,0.0,17.6,24.2,30.1,9.6,11.3,45.0
"A0544","San Bernardino","Ontario, Rancho Cucamonga","https://www.californiahealthmaps.org?address=A0544","Both","CRC",332500,53.2,43.2,65.1,100655,54.5,39.4,73.8,36060,63.7,32.2,123.6,152590,55.4,38.4,78.6,32815,"","","",3,66500,0.0,17.6,24.2,30.1,9.6,11.3,45.0
"A0544","San Bernardino","Ontario, Rancho Cucamonga","https://www.californiahealthmaps.org?address=A0544","Both","Mela",332500,12.8,8.4,19.2,100655,28.3,18.7,41.9,36060,"","","",152590,"","","",32815,"","","",3,66500,0.0,17.6,24.2,30.1,9.6,11.3,45.0
"A0544","San Bernardino","Ontario, Rancho Cucamonga","https://www.californiahealthmaps.org?address=A0544","Both","Lymph",332500,18.9,13.4,26.4,100655,18.4,10.4,30.7,36060,"","","",152590,18.8,9.9,34.1,32815,"","","",3,66500,0.0,17.6,24.2,30.1,9.6,11.3,45.0
"A0544","San Bernardino","Ontario, Rancho Cucamonga","https://www.californiahealthmaps.org?address=A0544","Both","Urinary",332500,11.4,6.9,17.9,100655,17.4,9.4,29.9,36060,"","","",152590,"","","",32815,"","","",3,66500,0.0,17.6,24.2,30.1,9.6,11.3,45.0
"A0544","San Bernardino","Ontario, Rancho Cucamonga","https://www.californiahealthmaps.org?address=A0544","Both","Kidney",332500,16.3,11.1,23.6,100655,"","","",36060,"","","",152590,"","","",32815,"","","",3,66500,0.0,17.6,24.2,30.1,9.6,11.3,45.0
"A0544","San Bernardino","Ontario, Rancho Cucamonga","https://www.californiahealthmaps.org?address=A0544","Both","Thyroid",332500,16.3,12.1,22.3,100655,13.3,7.4,23.2,36060,"","","",152590,13.6,7.8,25.2,32815,"","","",3,66500,0.0,17.6,24.2,30.1,9.6,11.3,45.0
