"Zone","Counties","Cities","URL","Sex","Cancer","PopTot","AAIR","LCI","UCI","White_PopTot","White_AAIR","White_LCI","White_UCI","Black_PopTot","Black_AAIR","Black_LCI","Black_UCI","Hispanic_PopTot","Hispanic_AAIR","Hispanic_LCI","Hispanic_UCI","Asian_PopTot","Asian_AAIR","Asian_LCI","Asian_UCI","QNSES","PopAll","PerRural","PerUninsured","PerForeignBorn","PerWhite","PerBlack","PerAsian","PerHispanic"
"A0797","Los Angeles","Baldwin Park","https://www.californiahealthmaps.org?address=A0797","Male","AllSite",154790,421.7,382.4,464.5,"","","","","","","","",119195,397.4,346.6,455.3,22905,394.1,317.5,486.0,1,62877,0.0,27.4,44.8,5.3,1.8,15.6,76.5
"A0797","Los Angeles","Baldwin Park","https://www.californiahealthmaps.org?address=A0797","Female","AllSite",159595,349.1,318.6,381.9,"","","","","","","","",122040,357.6,318.0,401.3,24420,304.1,244.5,378.3,1,62877,0.0,27.4,44.8,5.3,1.8,15.6,76.5
"A0797","Los Angeles","Baldwin Park","https://www.californiahealthmaps.org?address=A0797","Male","Prostate",154790,102.4,83.6,124.8,"","","","","","","","",119195,123.8,95.7,159.5,22905,57.6,31.3,100.7,1,62877,0.0,27.4,44.8,5.3,1.8,15.6,76.5
"A0797","Los Angeles","Baldwin Park","https://www.californiahealthmaps.org?address=A0797","Female","Breast",159595,110.4,93.8,129.3,"","","","","","","","",122040,123.6,101.4,149.9,24420,80.8,52.8,124.4,1,62877,0.0,27.4,44.8,5.3,1.8,15.6,76.5
"A0797","Los Angeles","Baldwin Park","https://www.californiahealthmaps.org?address=A0797","Male","Lung",154790,54.1,39.9,72.2,"","","","","","","","",119195,38.2,23.1,61.5,22905,86.5,51.2,139.0,1,62877,0.0,27.4,44.8,5.3,1.8,15.6,76.5
"A0797","Los Angeles","Baldwin Park","https://www.californiahealthmaps.org?address=A0797","Female","Lung",159595,30.5,21.7,41.9,"","","","","","","","",122040,22.6,12.5,37.7,24420,"","","",1,62877,0.0,27.4,44.8,5.3,1.8,15.6,76.5
"A0797","Los Angeles","Baldwin Park","https://www.californiahealthmaps.org?address=A0797","Male","CRC",154790,62.8,48.2,81.2,"","","","","","","","",119195,46.9,31.2,70.2,22905,76.7,46.5,123.0,1,62877,0.0,27.4,44.8,5.3,1.8,15.6,76.5
"A0797","Los Angeles","Baldwin Park","https://www.californiahealthmaps.org?address=A0797","Female","CRC",159595,28.4,20.3,39.0,"","","","","","","","",122040,26.9,17.1,41.1,24420,"","","",1,62877,0.0,27.4,44.8,5.3,1.8,15.6,76.5
"A0797","Los Angeles","Baldwin Park","https://www.californiahealthmaps.org?address=A0797","Male","Mela",154790,12.9,6.7,23.1,"","","","","","","","",119195,"","","",22905,"","","",1,62877,0.0,27.4,44.8,5.3,1.8,15.6,76.5
"A0797","Los Angeles","Baldwin Park","https://www.californiahealthmaps.org?address=A0797","Female","Mela",159595,5.1,2.0,11.0,"","","","","","","","",122040,"","","",24420,"","","",1,62877,0.0,27.4,44.8,5.3,1.8,15.6,76.5
"A0797","Los Angeles","Baldwin Park","https://www.californiahealthmaps.org?address=A0797","Female","Uterine",159595,25.3,17.7,35.4,"","","","","","","","",122040,21.4,13.0,34.1,24420,"","","",1,62877,0.0,27.4,44.8,5.3,1.8,15.6,76.5
"A0797","Los Angeles","Baldwin Park","https://www.californiahealthmaps.org?address=A0797","Male","Lymph",154790,18.3,10.6,30.0,"","","","","","","","",119195,"","","",22905,"","","",1,62877,0.0,27.4,44.8,5.3,1.8,15.6,76.5
"A0797","Los Angeles","Baldwin Park","https://www.californiahealthmaps.org?address=A0797","Female","Lymph",159595,6.3,2.7,12.7,"","","","","","","","",122040,"","","",24420,"","","",1,62877,0.0,27.4,44.8,5.3,1.8,15.6,76.5
"A0797","Los Angeles","Baldwin Park","https://www.californiahealthmaps.org?address=A0797","Male","Urinary",154790,13.4,6.7,24.4,"","","","","","","","",119195,"","","",22905,"","","",1,62877,0.0,27.4,44.8,5.3,1.8,15.6,76.5
"A0797","Los Angeles","Baldwin Park","https://www.californiahealthmaps.org?address=A0797","Female","Urinary",159595,4.0,1.3,9.5,"","","","","","","","",122040,"","","",24420,"","","",1,62877,0.0,27.4,44.8,5.3,1.8,15.6,76.5
"A0797","Los Angeles","Baldwin Park","https://www.californiahealthmaps.org?address=A0797","Male","Kidney",154790,19.7,12.2,31.0,"","","","","","","","",119195,"","","",22905,"","","",1,62877,0.0,27.4,44.8,5.3,1.8,15.6,76.5
"A0797","Los Angeles","Baldwin Park","https://www.californiahealthmaps.org?address=A0797","Female","Kidney",159595,7.1,3.5,13.3,"","","","","","","","",122040,"","","",24420,"","","",1,62877,0.0,27.4,44.8,5.3,1.8,15.6,76.5
"A0797","Los Angeles","Baldwin Park","https://www.californiahealthmaps.org?address=A0797","Male","Thyroid",154790,6.1,2.5,13.7,"","","","","","","","",119195,"","","",22905,"","","",1,62877,0.0,27.4,44.8,5.3,1.8,15.6,76.5
"A0797","Los Angeles","Baldwin Park","https://www.californiahealthmaps.org?address=A0797","Female","Thyroid",159595,21.8,15.0,31.2,"","","","","","","","",122040,22.8,14.3,35.4,24420,"","","",1,62877,0.0,27.4,44.8,5.3,1.8,15.6,76.5
"A0797","Los Angeles","Baldwin Park","https://www.californiahealthmaps.org?address=A0797","Both","AllSite",314385,377.6,353.5,403.1,18960,435.8,359.7,537.0,"","","","",241235,370.4,339.3,404.0,47325,342.1,294.4,396.9,1,62877,0.0,27.4,44.8,5.3,1.8,15.6,76.5
"A0797","Los Angeles","Baldwin Park","https://www.californiahealthmaps.org?address=A0797","Both","Lung",314385,40.4,32.4,49.8,18960,63.5,39.3,119.1,"","","","",241235,29.5,20.4,41.4,47325,55.8,37.5,82.0,1,62877,0.0,27.4,44.8,5.3,1.8,15.6,76.5
"A0797","Los Angeles","Baldwin Park","https://www.californiahealthmaps.org?address=A0797","Both","CRC",314385,43.1,35.2,52.3,18960,"","","","","","","",241235,35.5,26.6,47.0,47325,53.7,36.4,78.7,1,62877,0.0,27.4,44.8,5.3,1.8,15.6,76.5
"A0797","Los Angeles","Baldwin Park","https://www.californiahealthmaps.org?address=A0797","Both","Mela",314385,8.4,5.1,13.1,18960,"","","","","","","",241235,"","","",47325,"","","",1,62877,0.0,27.4,44.8,5.3,1.8,15.6,76.5
"A0797","Los Angeles","Baldwin Park","https://www.californiahealthmaps.org?address=A0797","Both","Lymph",314385,11.4,7.4,16.9,18960,"","","","","","","",241235,10.7,6.0,18.4,47325,"","","",1,62877,0.0,27.4,44.8,5.3,1.8,15.6,76.5
"A0797","Los Angeles","Baldwin Park","https://www.californiahealthmaps.org?address=A0797","Both","Urinary",314385,7.7,4.4,12.6,18960,"","","","","","","",241235,"","","",47325,"","","",1,62877,0.0,27.4,44.8,5.3,1.8,15.6,76.5
"A0797","Los Angeles","Baldwin Park","https://www.californiahealthmaps.org?address=A0797","Both","Kidney",314385,12.7,8.7,18.1,18960,"","","","","","","",241235,13.9,8.6,21.8,47325,"","","",1,62877,0.0,27.4,44.8,5.3,1.8,15.6,76.5
"A0797","Los Angeles","Baldwin Park","https://www.californiahealthmaps.org?address=A0797","Both","Thyroid",314385,14.2,10.1,19.7,18960,"","","","","","","",241235,15.9,10.5,23.9,47325,"","","",1,62877,0.0,27.4,44.8,5.3,1.8,15.6,76.5
