"Zone","URL","Sex","Cancer","Years","Counties","Places","AAIR","LCI","UCI","White_PopTot","White_AAIR","White_LCI","White_UCI","Black_PopTot","Black_AAIR","Black_LCI","Black_UCI","TotalPop","PctMinority","PctHispanic","PctBlackNH","PctRural","PctBelowPov","PctEducLHS","PctEducBch","PctNoHealthIns"
"A9034","https://www.example.com?address=A9034","Both","AllSite","05yrs","Caddo","Shreveport, Greenwood",469.2,446.9,492.4,182547,458.9,431.9,487.3,117246,519.2,476.0,565.3,62719,40.96,2.32,35.88,27.18,17.12,13.35,23.08,12.25
"A9034","https://www.example.com?address=A9034","Female","AllSite","05yrs","Caddo","Shreveport, Greenwood",413.4,384.7,443.7,93315,405.1,369.5,443.5,62191,462.3,408.4,521.3,62719,40.96,2.32,35.88,27.18,17.12,13.35,23.08,12.25
"A9034","https://www.example.com?address=A9034","Male","AllSite","05yrs","Caddo","Shreveport, Greenwood",542.5,507.0,580.0,89232,533.4,491.1,578.7,55056,591.2,521.2,667.7,62719,40.96,2.32,35.88,27.18,17.12,13.35,23.08,12.25
"A9034","https://www.example.com?address=A9034","Male","Prostate","05yrs","Caddo","Shreveport, Greenwood",129.8,113.3,148.1,89232,116.3,98.0,137.5,55056,178.4,140.5,223.1,62719,40.96,2.32,35.88,27.18,17.12,13.35,23.08,12.25
"A9034","https://www.example.com?address=A9034","Both","Lung","05yrs","Caddo","Shreveport, Greenwood",66.0,57.9,74.9,182547,65.1,55.6,76.0,117246,67.9,53.3,85.3,62719,40.96,2.32,35.88,27.18,17.12,13.35,23.08,12.25
"A9034","https://www.example.com?address=A9034","Female","Lung","05yrs","Caddo","Shreveport, Greenwood",53.5,43.7,64.9,93315,59.3,47.1,74.2,62191,40.0,25.3,60.1,62719,40.96,2.32,35.88,27.18,17.12,13.35,23.08,12.25
"A9034","https://www.example.com?address=A9034","Male","Lung","05yrs","Caddo","Shreveport, Greenwood",81.5,68.2,96.7,89232,73.0,58.0,90.9,55056,104.9,77.7,138.4,62719,40.96,2.32,35.88,27.18,17.12,13.35,23.08,12.25
"A9034","https://www.example.com?address=A9034","Female","Breast","05yrs","Caddo","Shreveport, Greenwood",122.2,106.8,139.3,93315,108.9,90.9,129.7,62191,156.7,126.2,192.2,62719,40.96,2.32,35.88,27.18,17.12,13.35,23.08,12.25
"A9034","https://www.example.com?address=A9034","Both","CRC","05yrs","Caddo","Shreveport, Greenwood",49.1,41.9,57.1,182547,44.3,36.1,54.0,117246,62.1,47.6,79.5,62719,40.96,2.32,35.88,27.18,17.12,13.35,23.08,12.25
"A9034","https://www.example.com?address=A9034","Female","CRC","05yrs","Caddo","Shreveport, Greenwood",45.6,36.4,56.6,93315,39.9,29.2,53.4,62191,62.7,44.0,86.7,62719,40.96,2.32,35.88,27.18,17.12,13.35,23.08,12.25
"A9034","https://www.example.com?address=A9034","Male","CRC","05yrs","Caddo","Shreveport, Greenwood",53.1,42.2,66.0,89232,50.3,37.7,66.2,55056,58.9,38.3,86.4,62719,40.96,2.32,35.88,27.18,17.12,13.35,23.08,12.25
"A9034","https://www.example.com?address=A9034","Both","Kidney","05yrs","Caddo","Shreveport, Greenwood",21.6,17.0,27.2,182547,23.0,17.1,30.3,117246,19.3,11.7,29.9,62719,40.96,2.32,35.88,27.18,17.12,13.35,23.08,12.25
"A9034","https://www.example.com?address=A9034","Female","Kidney","05yrs","Caddo","Shreveport, Greenwood",14.3,9.4,21.0,93315,17.8,10.6,28.2,62191,"","","",62719,40.96,2.32,35.88,27.18,17.12,13.35,23.08,12.25
"A9034","https://www.example.com?address=A9034","Male","Kidney","05yrs","Caddo","Shreveport, Greenwood",30.5,22.3,40.6,89232,28.9,19.9,41.1,55056,"","","",62719,40.96,2.32,35.88,27.18,17.12,13.35,23.08,12.25
"A9034","https://www.example.com?address=A9034","Both","NHL","05yrs","Caddo","Shreveport, Greenwood",17.8,13.7,22.8,182547,19.4,14.3,25.9,117246,"","","",62719,40.96,2.32,35.88,27.18,17.12,13.35,23.08,12.25
"A9034","https://www.example.com?address=A9034","Female","NHL","05yrs","Caddo","Shreveport, Greenwood",15.7,10.7,22.3,93315,16.7,10.6,25.7,62191,"","","",62719,40.96,2.32,35.88,27.18,17.12,13.35,23.08,12.25
"A9034","https://www.example.com?address=A9034","Male","NHL","05yrs","Caddo","Shreveport, Greenwood",20.0,13.7,28.4,89232,22.5,14.5,33.6,55056,"","","",62719,40.96,2.32,35.88,27.18,17.12,13.35,23.08,12.25
"A9034","https://www.example.com?address=A9034","Both","Urinary","05yrs","Caddo","Shreveport, Greenwood",18.4,14.2,23.4,182547,22.9,17.4,29.9,117246,"","","",62719,40.96,2.32,35.88,27.18,17.12,13.35,23.08,12.25
"A9034","https://www.example.com?address=A9034","Female","Urinary","05yrs","Caddo","Shreveport, Greenwood",7.1,4.0,11.7,93315,"","","",62191,"","","",62719,40.96,2.32,35.88,27.18,17.12,13.35,23.08,12.25
"A9034","https://www.example.com?address=A9034","Male","Urinary","05yrs","Caddo","Shreveport, Greenwood",32.7,24.2,43.2,89232,42.6,31.1,57.2,55056,"","","",62719,40.96,2.32,35.88,27.18,17.12,13.35,23.08,12.25
"A9034","https://www.example.com?address=A9034","Both","Mela","05yrs","Caddo","Shreveport, Greenwood",14.2,10.4,18.8,182547,21.3,15.4,28.8,117246,"","","",62719,40.96,2.32,35.88,27.18,17.12,13.35,23.08,12.25
"A9034","https://www.example.com?address=A9034","Female","Mela","05yrs","Caddo","Shreveport, Greenwood",11.0,6.7,17.2,93315,17.9,10.5,28.6,62191,"","","",62719,40.96,2.32,35.88,27.18,17.12,13.35,23.08,12.25
"A9034","https://www.example.com?address=A9034","Male","Mela","05yrs","Caddo","Shreveport, Greenwood",19.1,12.6,27.6,89232,27.2,17.7,40.0,55056,"","","",62719,40.96,2.32,35.88,27.18,17.12,13.35,23.08,12.25
"A9034","https://www.example.com?address=A9034","Both","Pancreas","05yrs","Caddo","Shreveport, Greenwood",15.1,11.3,19.9,182547,13.0,8.8,18.6,117246,21.7,13.2,33.2,62719,40.96,2.32,35.88,27.18,17.12,13.35,23.08,12.25
"A9034","https://www.example.com?address=A9034","Female","Pancreas","05yrs","Caddo","Shreveport, Greenwood",12.4,7.8,18.8,93315,"","","",62191,"","","",62719,40.96,2.32,35.88,27.18,17.12,13.35,23.08,12.25
"A9034","https://www.example.com?address=A9034","Male","Pancreas","05yrs","Caddo","Shreveport, Greenwood",19.2,12.8,27.7,89232,19.8,12.2,30.6,55056,"","","",62719,40.96,2.32,35.88,27.18,17.12,13.35,23.08,12.25
"A9034","https://www.example.com?address=A9034","Both","Leuks","05yrs","Caddo","Shreveport, Greenwood",14.0,10.4,18.6,182547,16.7,11.8,23.0,117246,"","","",62719,40.96,2.32,35.88,27.18,17.12,13.35,23.08,12.25
"A9034","https://www.example.com?address=A9034","Female","Leuks","05yrs","Caddo","Shreveport, Greenwood",12.0,7.5,18.3,93315,13.4,7.7,22.1,62191,"","","",62719,40.96,2.32,35.88,27.18,17.12,13.35,23.08,12.25
"A9034","https://www.example.com?address=A9034","Male","Leuks","05yrs","Caddo","Shreveport, Greenwood",16.7,10.9,24.4,89232,21.0,13.2,32.2,55056,"","","",62719,40.96,2.32,35.88,27.18,17.12,13.35,23.08,12.25
"A9034","https://www.example.com?address=A9034","Both","Oral","05yrs","Caddo","Shreveport, Greenwood",13.6,10.1,17.9,182547,17.0,12.1,23.4,117246,"","","",62719,40.96,2.32,35.88,27.18,17.12,13.35,23.08,12.25
"A9034","https://www.example.com?address=A9034","Female","Oral","05yrs","Caddo","Shreveport, Greenwood","","","",93315,"","","",62191,"","","",62719,40.96,2.32,35.88,27.18,17.12,13.35,23.08,12.25
"A9034","https://www.example.com?address=A9034","Male","Oral","05yrs","Caddo","Shreveport, Greenwood",21.2,14.9,29.3,89232,24.8,16.5,36.1,55056,"","","",62719,40.96,2.32,35.88,27.18,17.12,13.35,23.08,12.25
"A9034","https://www.example.com?address=A9034","Both","Thyroid","05yrs","Caddo","Shreveport, Greenwood",12.0,8.5,16.3,182547,11.8,7.5,17.7,117246,"","","",62719,40.96,2.32,35.88,27.18,17.12,13.35,23.08,12.25
"A9034","https://www.example.com?address=A9034","Female","Thyroid","05yrs","Caddo","Shreveport, Greenwood",19.0,13.0,26.9,93315,19.5,11.7,30.7,62191,"","","",62719,40.96,2.32,35.88,27.18,17.12,13.35,23.08,12.25
"A9034","https://www.example.com?address=A9034","Male","Thyroid","05yrs","Caddo","Shreveport, Greenwood","","","",89232,"","","",55056,"","","",62719,40.96,2.32,35.88,27.18,17.12,13.35,23.08,12.25
"A9034","https://www.example.com?address=A9034","Female","Uterine","05yrs","Caddo","Shreveport, Greenwood",20.7,14.8,28.2,93315,12.6,7.5,20.6,62191,35.6,22.0,54.5,62719,40.96,2.32,35.88,27.18,17.12,13.35,23.08,12.25
"A9034","https://www.example.com?address=A9034","Both","Liver","05yrs","Caddo","Shreveport, Greenwood",6.2,4.0,9.3,182547,"","","",117246,"","","",62719,40.96,2.32,35.88,27.18,17.12,13.35,23.08,12.25
"A9034","https://www.example.com?address=A9034","Female","Liver","05yrs","Caddo","Shreveport, Greenwood","","","",93315,"","","",62191,"","","",62719,40.96,2.32,35.88,27.18,17.12,13.35,23.08,12.25
"A9034","https://www.example.com?address=A9034","Male","Liver","05yrs","Caddo","Shreveport, Greenwood",10.4,6.3,16.5,89232,"","","",55056,"","","",62719,40.96,2.32,35.88,27.18,17.12,13.35,23.08,12.25
"A9034","https://www.example.com?address=A9034","Both","Stomach","05yrs","Caddo","Shreveport, Greenwood",8.2,5.4,12.0,182547,"","","",117246,"","","",62719,40.96,2.32,35.88,27.18,17.12,13.35,23.08,12.25
"A9034","https://www.example.com?address=A9034","Female","Stomach","05yrs","Caddo","Shreveport, Greenwood","","","",93315,"","","",62191,"","","",62719,40.96,2.32,35.88,27.18,17.12,13.35,23.08,12.25
"A9034","https://www.example.com?address=A9034","Male","Stomach","05yrs","Caddo","Shreveport, Greenwood","","","",89232,"","","",55056,"","","",62719,40.96,2.32,35.88,27.18,17.12,13.35,23.08,12.25
"A9034","https://www.example.com?address=A9034","Both","Myeloma","05yrs","Caddo","Shreveport, Greenwood",10.0,7.0,14.0,182547,7.4,4.5,11.9,117246,17.2,9.9,27.7,62719,40.96,2.32,35.88,27.18,17.12,13.35,23.08,12.25
"A9034","https://www.example.com?address=A9034","Female","Myeloma","05yrs","Caddo","Shreveport, Greenwood","","","",93315,"","","",62191,"","","",62719,40.96,2.32,35.88,27.18,17.12,13.35,23.08,12.25
"A9034","https://www.example.com?address=A9034","Male","Myeloma","05yrs","Caddo","Shreveport, Greenwood",14.0,8.6,21.4,89232,"","","",55056,"","","",62719,40.96,2.32,35.88,27.18,17.12,13.35,23.08,12.25
"A9034","https://www.example.com?address=A9034","Both","Brain","05yrs","Caddo","Shreveport, Greenwood",6.6,4.2,9.8,182547,8.1,4.8,12.9,117246,"","","",62719,40.96,2.32,35.88,27.18,17.12,13.35,23.08,12.25
"A9034","https://www.example.com?address=A9034","Female","Brain","05yrs","Caddo","Shreveport, Greenwood","","","",93315,"","","",62191,"","","",62719,40.96,2.32,35.88,27.18,17.12,13.35,23.08,12.25
"A9034","https://www.example.com?address=A9034","Male","Brain","05yrs","Caddo","Shreveport, Greenwood",8.2,4.6,13.6,89232,"","","",55056,"","","",62719,40.96,2.32,35.88,27.18,17.12,13.35,23.08,12.25
"A9034","https://www.example.com?address=A9034","Both","Larynx","05yrs","Caddo","Shreveport, Greenwood",4.6,2.7,7.4,182547,"","","",117246,"","","",62719,40.96,2.32,35.88,27.18,17.12,13.35,23.08,12.25
"A9034","https://www.example.com?address=A9034","Female","Larynx","05yrs","Caddo","Shreveport, Greenwood","","","",93315,"","","",62191,"","","",62719,40.96,2.32,35.88,27.18,17.12,13.35,23.08,12.25
"A9034","https://www.example.com?address=A9034","Male","Larynx","05yrs","Caddo","Shreveport, Greenwood","","","",89232,"","","",55056,"","","",62719,40.96,2.32,35.88,27.18,17.12,13.35,23.08,12.25
"A9034","https://www.example.com?address=A9034","Female","Ovary","05yrs","Caddo","Shreveport, Greenwood","","","",93315,"","","",62191,"","","",62719,40.96,2.32,35.88,27.18,17.12,13.35,23.08,12.25
"A9034","https://www.example.com?address=A9034","Both","Esoph","05yrs","Caddo","Shreveport, Greenwood",5.7,3.6,8.7,182547,5.4,3.1,9.2,117246,"","","",62719,40.96,2.32,35.88,27.18,17.12,13.35,23.08,12.25
"A9034","https://www.example.com?address=A9034","Female","Esoph","05yrs","Caddo","Shreveport, Greenwood","","","",93315,"","","",62191,"","","",62719,40.96,2.32,35.88,27.18,17.12,13.35,23.08,12.25
"A9034","https://www.example.com?address=A9034","Male","Esoph","05yrs","Caddo","Shreveport, Greenwood",10.8,6.3,17.2,89232,"","","",55056,"","","",62719,40.96,2.32,35.88,27.18,17.12,13.35,23.08,12.25
"A9034","https://www.example.com?address=A9034","Both","AllSite","10yrs","Caddo","Shreveport, Greenwood",476.8,460.7,493.4,366425,464.8,445.5,484.8,229364,527.8,496.1,560.8,62719,40.96,2.32,35.88,27.18,17.12,13.35,23.08,12.25
"A9034","https://www.example.com?address=A9034","Female","AllSite","10yrs","Caddo","Shreveport, Greenwood",408.0,387.6,429.3,187481,404.7,379.3,431.5,121828,437.7,399.9,478.0,62719,40.96,2.32,35.88,27.18,17.12,13.35,23.08,12.25
"A9034","https://www.example.com?address=A9034","Male","AllSite","10yrs","Caddo","Shreveport, Greenwood",568.0,541.7,595.2,178944,546.3,515.7,578.3,107536,651.1,596.7,709.0,62719,40.96,2.32,35.88,27.18,17.12,13.35,23.08,12.25
"A9034","https://www.example.com?address=A9034","Male","Prostate","10yrs","Caddo","Shreveport, Greenwood",156.3,143.0,170.6,178944,140.0,125.2,156.1,107536,214.2,183.2,248.8,62719,40.96,2.32,35.88,27.18,17.12,13.35,23.08,12.25
"A9034","https://www.example.com?address=A9034","Both","Lung","10yrs","Caddo","Shreveport, Greenwood",71.7,65.5,78.2,366425,71.3,64.0,79.2,229364,72.2,61.0,84.7,62719,40.96,2.32,35.88,27.18,17.12,13.35,23.08,12.25
"A9034","https://www.example.com?address=A9034","Female","Lung","10yrs","Caddo","Shreveport, Greenwood",53.8,46.6,61.8,187481,58.4,49.5,68.6,121828,41.4,30.3,55.2,62719,40.96,2.32,35.88,27.18,17.12,13.35,23.08,12.25
"A9034","https://www.example.com?address=A9034","Male","Lung","10yrs","Caddo","Shreveport, Greenwood",95.2,84.6,106.8,178944,88.6,76.4,102.2,107536,115.3,93.6,140.4,62719,40.96,2.32,35.88,27.18,17.12,13.35,23.08,12.25
"A9034","https://www.example.com?address=A9034","Female","Breast","10yrs","Caddo","Shreveport, Greenwood",113.1,102.3,124.6,187481,104.3,91.7,118.4,121828,135.1,114.6,158.2,62719,40.96,2.32,35.88,27.18,17.12,13.35,23.08,12.25
"A9034","https://www.example.com?address=A9034","Both","CRC","10yrs","Caddo","Shreveport, Greenwood",45.2,40.3,50.5,366425,40.7,35.1,46.9,229364,59.5,49.1,71.4,62719,40.96,2.32,35.88,27.18,17.12,13.35,23.08,12.25
"A9034","https://www.example.com?address=A9034","Female","CRC","10yrs","Caddo","Shreveport, Greenwood",39.9,33.7,46.8,187481,36.0,28.8,44.5,121828,53.0,40.3,68.3,62719,40.96,2.32,35.88,27.18,17.12,13.35,23.08,12.25
"A9034","https://www.example.com?address=A9034","Male","CRC","10yrs","Caddo","Shreveport, Greenwood",51.8,44.0,60.6,178944,46.5,37.8,56.7,107536,68.2,51.3,88.7,62719,40.96,2.32,35.88,27.18,17.12,13.35,23.08,12.25
"A9034","https://www.example.com?address=A9034","Both","Kidney","10yrs","Caddo","Shreveport, Greenwood",18.8,15.6,22.3,366425,19.4,15.5,24.0,229364,19.4,13.7,26.6,62719,40.96,2.32,35.88,27.18,17.12,13.35,23.08,12.25
"A9034","https://www.example.com?address=A9034","Female","Kidney","10yrs","Caddo","Shreveport, Greenwood",13.4,9.9,17.8,187481,14.6,9.8,21.1,121828,14.0,8.2,22.4,62719,40.96,2.32,35.88,27.18,17.12,13.35,23.08,12.25
"A9034","https://www.example.com?address=A9034","Male","Kidney","10yrs","Caddo","Shreveport, Greenwood",25.2,19.9,31.6,178944,24.7,18.6,32.3,107536,27.2,16.6,41.7,62719,40.96,2.32,35.88,27.18,17.12,13.35,23.08,12.25
"A9034","https://www.example.com?address=A9034","Both","NHL","10yrs","Caddo","Shreveport, Greenwood",20.1,16.9,23.7,366425,21.8,17.8,26.5,229364,15.0,10.0,21.6,62719,40.96,2.32,35.88,27.18,17.12,13.35,23.08,12.25
"A9034","https://www.example.com?address=A9034","Female","NHL","10yrs","Caddo","Shreveport, Greenwood",17.8,13.8,22.7,187481,20.4,15.3,26.8,121828,"","","",62719,40.96,2.32,35.88,27.18,17.12,13.35,23.08,12.25
"A9034","https://www.example.com?address=A9034","Male","NHL","10yrs","Caddo","Shreveport, Greenwood",23.0,17.9,29.2,178944,23.8,17.7,31.5,107536,19.0,10.6,31.2,62719,40.96,2.32,35.88,27.18,17.12,13.35,23.08,12.25
"A9034","https://www.example.com?address=A9034","Both","Urinary","10yrs","Caddo","Shreveport, Greenwood",20.3,17.1,23.9,366425,24.5,20.4,29.4,229364,9.7,5.9,15.1,62719,40.96,2.32,35.88,27.18,17.12,13.35,23.08,12.25
"A9034","https://www.example.com?address=A9034","Female","Urinary","10yrs","Caddo","Shreveport, Greenwood",6.7,4.5,9.8,187481,7.1,4.4,11.2,121828,"","","",62719,40.96,2.32,35.88,27.18,17.12,13.35,23.08,12.25
"A9034","https://www.example.com?address=A9034","Male","Urinary","10yrs","Caddo","Shreveport, Greenwood",37.4,30.8,45.1,178944,46.0,37.3,56.2,107536,"","","",62719,40.96,2.32,35.88,27.18,17.12,13.35,23.08,12.25
"A9034","https://www.example.com?address=A9034","Both","Mela","10yrs","Caddo","Shreveport, Greenwood",14.6,11.9,17.9,366425,21.4,17.2,26.3,229364,"","","",62719,40.96,2.32,35.88,27.18,17.12,13.35,23.08,12.25
"A9034","https://www.example.com?address=A9034","Female","Mela","10yrs","Caddo","Shreveport, Greenwood",12.5,9.1,16.9,187481,19.2,13.6,26.4,121828,"","","",62719,40.96,2.32,35.88,27.18,17.12,13.35,23.08,12.25
"A9034","https://www.example.com?address=A9034","Male","Mela","10yrs","Caddo","Shreveport, Greenwood",17.9,13.4,23.3,178944,25.1,18.7,33.0,107536,"","","",62719,40.96,2.32,35.88,27.18,17.12,13.35,23.08,12.25
"A9034","https://www.example.com?address=A9034","Both","Pancreas","10yrs","Caddo","Shreveport, Greenwood",13.1,10.6,16.1,366425,11.1,8.3,14.5,229364,19.2,13.4,26.5,62719,40.96,2.32,35.88,27.18,17.12,13.35,23.08,12.25
"A9034","https://www.example.com?address=A9034","Female","Pancreas","10yrs","Caddo","Shreveport, Greenwood",12.4,9.1,16.6,187481,9.6,6.2,14.5,121828,20.3,12.8,30.6,62719,40.96,2.32,35.88,27.18,17.12,13.35,23.08,12.25
"A9034","https://www.example.com?address=A9034","Male","Pancreas","10yrs","Caddo","Shreveport, Greenwood",14.1,10.2,19.2,178944,13.6,9.0,19.7,107536,"","","",62719,40.96,2.32,35.88,27.18,17.12,13.35,23.08,12.25
"A9034","https://www.example.com?address=A9034","Both","Leuks","10yrs","Caddo","Shreveport, Greenwood",13.2,10.6,16.2,366425,14.5,11.2,18.5,229364,10.0,6.1,15.4,62719,40.96,2.32,35.88,27.18,17.12,13.35,23.08,12.25
"A9034","https://www.example.com?address=A9034","Female","Leuks","10yrs","Caddo","Shreveport, Greenwood",11.9,8.6,16.1,187481,13.0,8.8,18.6,121828,"","","",62719,40.96,2.32,35.88,27.18,17.12,13.35,23.08,12.25
"A9034","https://www.example.com?address=A9034","Male","Leuks","10yrs","Caddo","Shreveport, Greenwood",14.7,10.7,19.8,178944,16.6,11.5,23.4,107536,"","","",62719,40.96,2.32,35.88,27.18,17.12,13.35,23.08,12.25
"A9034","https://www.example.com?address=A9034","Both","Oral","10yrs","Caddo","Shreveport, Greenwood",13.0,10.5,16.0,366425,14.7,11.4,18.6,229364,10.8,6.8,16.2,62719,40.96,2.32,35.88,27.18,17.12,13.35,23.08,12.25
"A9034","https://www.example.com?address=A9034","Female","Oral","10yrs","Caddo","Shreveport, Greenwood",8.0,5.4,11.5,187481,8.7,5.3,13.5,121828,"","","",62719,40.96,2.32,35.88,27.18,17.12,13.35,23.08,12.25
"A9034","https://www.example.com?address=A9034","Male","Oral","10yrs","Caddo","Shreveport, Greenwood",18.6,14.3,23.9,178944,20.8,15.4,27.8,107536,"","","",62719,40.96,2.32,35.88,27.18,17.12,13.35,23.08,12.25
"A9034","https://www.example.com?address=A9034","Both","Thyroid","10yrs","Caddo","Shreveport, Greenwood",11.7,9.2,14.7,366425,13.9,10.4,18.2,229364,8.0,4.6,12.8,62719,40.96,2.32,35.88,27.18,17.12,13.35,23.08,12.25
"A9034","https://www.example.com?address=A9034","Female","Thyroid","10yrs","Caddo","Shreveport, Greenwood",18.4,14.0,23.7,187481,22.5,16.1,30.5,121828,"","","",62719,40.96,2.32,35.88,27.18,17.12,13.35,23.08,12.25
"A9034","https://www.example.com?address=A9034","Male","Thyroid","10yrs","Caddo","Shreveport, Greenwood","","","",178944,"","","",107536,"","","",62719,40.96,2.32,35.88,27.18,17.12,13.35,23.08,12.25
"A9034","https://www.example.com?address=A9034","Female","Uterine","10yrs","Caddo","Shreveport, Greenwood",20.8,16.5,25.9,187481,15.4,11.0,21.1,121828,31.5,22.0,43.6,62719,40.96,2.32,35.88,27.18,17.12,13.35,23.08,12.25
"A9034","https://www.example.com?address=A9034","Both","Liver","10yrs","Caddo","Shreveport, Greenwood",6.6,4.9,8.8,366425,5.2,3.3,7.8,229364,9.3,5.8,14.3,62719,40.96,2.32,35.88,27.18,17.12,13.35,23.08,12.25
"A9034","https://www.example.com?address=A9034","Female","Liver","10yrs","Caddo","Shreveport, Greenwood","","","",187481,"","","",121828,"","","",62719,40.96,2.32,35.88,27.18,17.12,13.35,23.08,12.25
"A9034","https://www.example.com?address=A9034","Male","Liver","10yrs","Caddo","Shreveport, Greenwood",11.0,7.7,15.3,178944,7.9,4.6,12.9,107536,18.0,10.4,29.0,62719,40.96,2.32,35.88,27.18,17.12,13.35,23.08,12.25
"A9034","https://www.example.com?address=A9034","Both","Stomach","10yrs","Caddo","Shreveport, Greenwood",9.4,7.3,12.0,366425,6.7,4.6,9.5,229364,16.7,11.3,23.6,62719,40.96,2.32,35.88,27.18,17.12,13.35,23.08,12.25
"A9034","https://www.example.com?address=A9034","Female","Stomach","10yrs","Caddo","Shreveport, Greenwood",8.8,6.0,12.4,187481,5.7,3.2,9.7,121828,16.4,9.6,26.1,62719,40.96,2.32,35.88,27.18,17.12,13.35,23.08,12.25
"A9034","https://www.example.com?address=A9034","Male","Stomach","10yrs","Caddo","Shreveport, Greenwood",10.3,7.0,14.6,178944,7.9,4.6,12.9,107536,"","","",62719,40.96,2.32,35.88,27.18,17.12,13.35,23.08,12.25
"A9034","https://www.example.com?address=A9034","Both","Myeloma","10yrs","Caddo","Shreveport, Greenwood",8.5,6.4,11.0,366425,6.3,4.3,9.0,229364,14.3,9.3,20.9,62719,40.96,2.32,35.88,27.18,17.12,13.35,23.08,12.25
"A9034","https://www.example.com?address=A9034","Female","Myeloma","10yrs","Caddo","Shreveport, Greenwood",7.3,4.8,10.7,187481,6.0,3.4,10.1,121828,"","","",62719,40.96,2.32,35.88,27.18,17.12,13.35,23.08,12.25
"A9034","https://www.example.com?address=A9034","Male","Myeloma","10yrs","Caddo","Shreveport, Greenwood",10.3,6.9,14.7,178944,7.1,4.0,11.8,107536,"","","",62719,40.96,2.32,35.88,27.18,17.12,13.35,23.08,12.25
"A9034","https://www.example.com?address=A9034","Both","Brain","10yrs","Caddo","Shreveport, Greenwood",6.3,4.6,8.5,366425,7.0,4.9,10.0,229364,"","","",62719,40.96,2.32,35.88,27.18,17.12,13.35,23.08,12.25
"A9034","https://www.example.com?address=A9034","Female","Brain","10yrs","Caddo","Shreveport, Greenwood",4.7,2.7,7.6,187481,"","","",121828,"","","",62719,40.96,2.32,35.88,27.18,17.12,13.35,23.08,12.25
"A9034","https://www.example.com?address=A9034","Male","Brain","10yrs","Caddo","Shreveport, Greenwood",8.0,5.3,11.7,178944,9.4,5.9,14.5,107536,"","","",62719,40.96,2.32,35.88,27.18,17.12,13.35,23.08,12.25
"A9034","https://www.example.com?address=A9034","Both","Larynx","10yrs","Caddo","Shreveport, Greenwood",6.0,4.4,8.2,366425,5.4,3.5,8.0,229364,8.2,4.8,13.2,62719,40.96,2.32,35.88,27.18,17.12,13.35,23.08,12.25
"A9034","https://www.example.com?address=A9034","Female","Larynx","10yrs","Caddo","Shreveport, Greenwood","","","",187481,"","","",121828,"","","",62719,40.96,2.32,35.88,27.18,17.12,13.35,23.08,12.25
"A9034","https://www.example.com?address=A9034","Male","Larynx","10yrs","Caddo","Shreveport, Greenwood",10.5,7.3,14.7,178944,9.0,5.5,14.1,107536,"","","",62719,40.96,2.32,35.88,27.18,17.12,13.35,23.08,12.25
"A9034","https://www.example.com?address=A9034","Female","Ovary","10yrs","Caddo","Shreveport, Greenwood",7.5,4.9,10.9,187481,9.5,5.9,14.5,121828,"","","",62719,40.96,2.32,35.88,27.18,17.12,13.35,23.08,12.25
"A9034","https://www.example.com?address=A9034","Both","Esoph","10yrs","Caddo","Shreveport, Greenwood",5.5,4.0,7.5,366425,5.3,3.5,7.7,229364,"","","",62719,40.96,2.32,35.88,27.18,17.12,13.35,23.08,12.25
"A9034","https://www.example.com?address=A9034","Female","Esoph","10yrs","Caddo","Shreveport, Greenwood","","","",187481,"","","",121828,"","","",62719,40.96,2.32,35.88,27.18,17.12,13.35,23.08,12.25
"A9034","https://www.example.com?address=A9034","Male","Esoph","10yrs","Caddo","Shreveport, Greenwood",9.4,6.4,13.3,178944,9.3,5.8,14.3,107536,"","","",62719,40.96,2.32,35.88,27.18,17.12,13.35,23.08,12.25
