"Zone","Counties","Cities","URL","Sex","Cancer","PopTot","AAIR","LCI","UCI","White_PopTot","White_AAIR","White_LCI","White_UCI","Black_PopTot","Black_AAIR","Black_LCI","Black_UCI","Hispanic_PopTot","Hispanic_AAIR","Hispanic_LCI","Hispanic_UCI","Asian_PopTot","Asian_AAIR","Asian_LCI","Asian_UCI","QNSES","PopAll","PerRural","PerUninsured","PerForeignBorn","PerWhite","PerBlack","PerAsian","PerHispanic","PerAPI","PerDocvisit","PerFOBT","PerMammo","PerMenPrev","PerPap","PerWomenPrev"
"A0181","Orange","San Juan Capistrano, Laguna Niguel","https://www.californiahealthmaps.org?address=A0181","Male","AllSite",157930,502.6,467.1,540.3,96705,499.6,459.7,543.1,"","","","",47590,410.8,308.5,544.8,"","","","",5,63939,0.0,16.3,23.9,62.5,1.3,5.4,27.9,5.4,"","","","","",""
"A0181","Orange","San Juan Capistrano, Laguna Niguel","https://www.californiahealthmaps.org?address=A0181","Female","AllSite",161765,435.2,404.9,467.4,100140,438.6,403.6,477.0,"","","","",46745,403.5,325.3,498.0,"","","","",5,63939,0.0,16.3,23.9,62.5,1.3,5.4,27.9,5.4,"","","","","",""
"A0181","Orange","San Juan Capistrano, Laguna Niguel","https://www.californiahealthmaps.org?address=A0181","Male","Prostate",157930,124.8,108.0,143.9,96705,123.5,104.9,145.8,"","","","",47590,91.0,53.2,161.1,"","","","",5,63939,0.0,16.3,23.9,62.5,1.3,5.4,27.9,5.4,"","","","","",""
"A0181","Orange","San Juan Capistrano, Laguna Niguel","https://www.californiahealthmaps.org?address=A0181","Female","Breast",161765,154.9,137.4,174.4,100140,161.5,141.1,185.4,"","","","",46745,125.9,84.8,184.0,"","","","",5,63939,0.0,16.3,23.9,62.5,1.3,5.4,27.9,5.4,"","","","","",""
"A0181","Orange","San Juan Capistrano, Laguna Niguel","https://www.californiahealthmaps.org?address=A0181","Male","Lung",157930,48.7,37.8,61.9,96705,52.8,40.3,69.3,"","","","",47590,"","","","","","","",5,63939,0.0,16.3,23.9,62.5,1.3,5.4,27.9,5.4,"","","","","",""
"A0181","Orange","San Juan Capistrano, Laguna Niguel","https://www.californiahealthmaps.org?address=A0181","Female","Lung",161765,45.3,35.8,57.0,100140,49.7,38.5,64.6,"","","","",46745,"","","","","","","",5,63939,0.0,16.3,23.9,62.5,1.3,5.4,27.9,5.4,"","","","","",""
"A0181","Orange","San Juan Capistrano, Laguna Niguel","https://www.californiahealthmaps.org?address=A0181","Male","CRC",157930,47.7,37.2,60.6,96705,45.9,34.3,61.7,"","","","",47590,"","","","","","","",5,63939,0.0,16.3,23.9,62.5,1.3,5.4,27.9,5.4,"","","","","",""
"A0181","Orange","San Juan Capistrano, Laguna Niguel","https://www.californiahealthmaps.org?address=A0181","Female","CRC",161765,23.2,16.8,31.8,100140,25.8,18.0,37.5,"","","","",46745,"","","","","","","",5,63939,0.0,16.3,23.9,62.5,1.3,5.4,27.9,5.4,"","","","","",""
"A0181","Orange","San Juan Capistrano, Laguna Niguel","https://www.californiahealthmaps.org?address=A0181","Male","Mela",157930,52.2,41.2,65.6,96705,55.3,42.3,72.3,"","","","",47590,"","","","","","","",5,63939,0.0,16.3,23.9,62.5,1.3,5.4,27.9,5.4,"","","","","",""
"A0181","Orange","San Juan Capistrano, Laguna Niguel","https://www.californiahealthmaps.org?address=A0181","Female","Mela",161765,28.6,21.4,37.8,100140,29.0,20.6,41.2,"","","","",46745,"","","","","","","",5,63939,0.0,16.3,23.9,62.5,1.3,5.4,27.9,5.4,"","","","","",""
"A0181","Orange","San Juan Capistrano, Laguna Niguel","https://www.californiahealthmaps.org?address=A0181","Female","Uterine",161765,23.8,17.2,32.5,100140,21.0,14.2,31.7,"","","","",46745,"","","","","","","",5,63939,0.0,16.3,23.9,62.5,1.3,5.4,27.9,5.4,"","","","","",""
"A0181","Orange","San Juan Capistrano, Laguna Niguel","https://www.californiahealthmaps.org?address=A0181","Male","Lymph",157930,25.3,17.7,35.3,96705,25.5,16.9,38.4,"","","","",47590,"","","","","","","",5,63939,0.0,16.3,23.9,62.5,1.3,5.4,27.9,5.4,"","","","","",""
"A0181","Orange","San Juan Capistrano, Laguna Niguel","https://www.californiahealthmaps.org?address=A0181","Female","Lymph",161765,21.4,15.2,29.8,100140,21.8,15.0,32.6,"","","","",46745,"","","","","","","",5,63939,0.0,16.3,23.9,62.5,1.3,5.4,27.9,5.4,"","","","","",""
"A0181","Orange","San Juan Capistrano, Laguna Niguel","https://www.californiahealthmaps.org?address=A0181","Male","Urinary",157930,20.0,13.2,29.3,96705,19.4,12.3,30.9,"","","","",47590,"","","","","","","",5,63939,0.0,16.3,23.9,62.5,1.3,5.4,27.9,5.4,"","","","","",""
"A0181","Orange","San Juan Capistrano, Laguna Niguel","https://www.californiahealthmaps.org?address=A0181","Female","Urinary",161765,"","","",100140,"","","","","","","",46745,"","","","","","","",5,63939,0.0,16.3,23.9,62.5,1.3,5.4,27.9,5.4,"","","","","",""
"A0181","Orange","San Juan Capistrano, Laguna Niguel","https://www.californiahealthmaps.org?address=A0181","Male","Kidney",157930,15.3,9.8,23.2,96705,16.1,9.7,27.0,"","","","",47590,"","","","","","","",5,63939,0.0,16.3,23.9,62.5,1.3,5.4,27.9,5.4,"","","","","",""
"A0181","Orange","San Juan Capistrano, Laguna Niguel","https://www.californiahealthmaps.org?address=A0181","Female","Kidney",161765,"","","",100140,"","","","","","","",46745,"","","","","","","",5,63939,0.0,16.3,23.9,62.5,1.3,5.4,27.9,5.4,"","","","","",""
"A0181","Orange","San Juan Capistrano, Laguna Niguel","https://www.californiahealthmaps.org?address=A0181","Male","Thyroid",157930,12.7,7.7,20.0,96705,12.7,6.9,23.1,"","","","",47590,"","","","","","","",5,63939,0.0,16.3,23.9,62.5,1.3,5.4,27.9,5.4,"","","","","",""
"A0181","Orange","San Juan Capistrano, Laguna Niguel","https://www.californiahealthmaps.org?address=A0181","Female","Thyroid",161765,18.9,12.7,27.3,100140,17.4,10.4,28.8,"","","","",46745,"","","","","","","",5,63939,0.0,16.3,23.9,62.5,1.3,5.4,27.9,5.4,"","","","","",""
"A0181","Orange","San Juan Capistrano, Laguna Niguel","https://www.californiahealthmaps.org?address=A0181","Male","Liver",157930,10.4,6.0,17.1,96705,"","","","","","","",47590,"","","","","","","",5,63939,0.0,16.3,23.9,62.5,1.3,5.4,27.9,5.4,"","","","","",""
"A0181","Orange","San Juan Capistrano, Laguna Niguel","https://www.californiahealthmaps.org?address=A0181","Female","Liver",161765,"","","",100140,"","","","","","","",46745,"","","","","","","",5,63939,0.0,16.3,23.9,62.5,1.3,5.4,27.9,5.4,"","","","","",""
"A0181","Orange","San Juan Capistrano, Laguna Niguel","https://www.californiahealthmaps.org?address=A0181","Male","Pancreas",157930,17.3,11.2,25.7,96705,13.9,8.1,24.1,"","","","",47590,"","","","","","","",5,63939,0.0,16.3,23.9,62.5,1.3,5.4,27.9,5.4,"","","","","",""
"A0181","Orange","San Juan Capistrano, Laguna Niguel","https://www.californiahealthmaps.org?address=A0181","Female","Pancreas",161765,12.0,7.4,18.8,100140,12.9,7.6,22.3,"","","","",46745,"","","","","","","",5,63939,0.0,16.3,23.9,62.5,1.3,5.4,27.9,5.4,"","","","","",""
"A0181","Orange","San Juan Capistrano, Laguna Niguel","https://www.californiahealthmaps.org?address=A0181","Both","AllSite",319695,462.1,439.2,486.1,196845,463.1,436.9,491.1,"","","","",94335,396.4,334.7,468.6,16735,349.6,267.2,460.9,5,63939,0.0,16.3,23.9,62.5,1.3,5.4,27.9,5.4,"","","","","",""
"A0181","Orange","San Juan Capistrano, Laguna Niguel","https://www.californiahealthmaps.org?address=A0181","Both","Lung",319695,46.4,39.2,54.7,196845,50.4,42.1,60.6,"","","","",94335,"","","",16735,"","","",5,63939,0.0,16.3,23.9,62.5,1.3,5.4,27.9,5.4,"","","","","",""
"A0181","Orange","San Juan Capistrano, Laguna Niguel","https://www.californiahealthmaps.org?address=A0181","Both","CRC",319695,34.5,28.4,41.6,196845,35.1,28.2,44.0,"","","","",94335,"","","",16735,"","","",5,63939,0.0,16.3,23.9,62.5,1.3,5.4,27.9,5.4,"","","","","",""
"A0181","Orange","San Juan Capistrano, Laguna Niguel","https://www.californiahealthmaps.org?address=A0181","Both","Mela",319695,38.8,32.4,46.2,196845,40.6,33.1,50.0,"","","","",94335,"","","",16735,"","","",5,63939,0.0,16.3,23.9,62.5,1.3,5.4,27.9,5.4,"","","","","",""
"A0181","Orange","San Juan Capistrano, Laguna Niguel","https://www.californiahealthmaps.org?address=A0181","Both","Lymph",319695,23.5,18.5,29.5,196845,23.9,18.2,31.4,"","","","",94335,"","","",16735,"","","",5,63939,0.0,16.3,23.9,62.5,1.3,5.4,27.9,5.4,"","","","","",""
"A0181","Orange","San Juan Capistrano, Laguna Niguel","https://www.californiahealthmaps.org?address=A0181","Both","Urinary",319695,11.6,8.2,16.2,196845,10.6,7.1,16.2,"","","","",94335,"","","",16735,"","","",5,63939,0.0,16.3,23.9,62.5,1.3,5.4,27.9,5.4,"","","","","",""
"A0181","Orange","San Juan Capistrano, Laguna Niguel","https://www.californiahealthmaps.org?address=A0181","Both","Kidney",319695,11.1,7.8,15.6,196845,10.2,6.6,15.9,"","","","",94335,"","","",16735,"","","",5,63939,0.0,16.3,23.9,62.5,1.3,5.4,27.9,5.4,"","","","","",""
"A0181","Orange","San Juan Capistrano, Laguna Niguel","https://www.californiahealthmaps.org?address=A0181","Both","Thyroid",319695,15.7,11.6,20.8,196845,14.9,10.2,21.7,"","","","",94335,"","","",16735,"","","",5,63939,0.0,16.3,23.9,62.5,1.3,5.4,27.9,5.4,"","","","","",""
"A0181","Orange","San Juan Capistrano, Laguna Niguel","https://www.californiahealthmaps.org?address=A0181","Both","Liver",319695,6.7,4.2,10.3,196845,7.0,3.9,12.4,"","","","",94335,"","","",16735,"","","",5,63939,0.0,16.3,23.9,62.5,1.3,5.4,27.9,5.4,"","","","","",""
"A0181","Orange","San Juan Capistrano, Laguna Niguel","https://www.californiahealthmaps.org?address=A0181","Both","Pancreas",319695,14.2,10.4,19.1,196845,13.2,9.2,19.1,"","","","",94335,"","","",16735,"","","",5,63939,0.0,16.3,23.9,62.5,1.3,5.4,27.9,5.4,"","","","","",""
