"Zone","Counties","Cities","URL","Sex","Cancer","PopTot","AAIR","LCI","UCI","White_PopTot","White_AAIR","White_LCI","White_UCI","Black_PopTot","Black_AAIR","Black_LCI","Black_UCI","Hispanic_PopTot","Hispanic_AAIR","Hispanic_LCI","Hispanic_UCI","Asian_PopTot","Asian_AAIR","Asian_LCI","Asian_UCI","QNSES","PopAll","PerRural","PerUninsured","PerForeignBorn","PerWhite","PerBlack","PerAsian","PerHispanic"
"A0697","San Bernardino","Chino, Ontario","https://www.californiahealthmaps.org?address=A0697","Male","AllSite",157415,461.2,405.6,526.9,42720,574.7,468.0,710.9,15615,302.9,177.3,533.3,74235,459.1,358.0,601.2,20785,400.6,290.3,575.5,4,60725,4.0,16.2,21.4,26.7,8.8,13.2,47.2
"A0697","San Bernardino","Chino, Ontario","https://www.californiahealthmaps.org?address=A0697","Female","AllSite",146210,463.8,417.8,514.6,38780,539.4,452.8,641.3,11675,531.4,340.1,822.5,69575,384.2,318.6,463.6,22165,528.3,411.7,675.5,4,60725,4.0,16.2,21.4,26.7,8.8,13.2,47.2
"A0697","San Bernardino","Chino, Ontario","https://www.californiahealthmaps.org?address=A0697","Male","Prostate",157415,111.9,86.8,148.0,42720,126.6,79.4,207.8,15615,"","","",74235,121.8,80.6,209.5,20785,"","","",4,60725,4.0,16.2,21.4,26.7,8.8,13.2,47.2
"A0697","San Bernardino","Chino, Ontario","https://www.californiahealthmaps.org?address=A0697","Female","Breast",146210,147.9,123.6,176.8,38780,167.4,121.4,229.2,11675,204.6,105.5,406.9,69575,126.5,92.8,174.1,22165,136.6,86.4,218.1,4,60725,4.0,16.2,21.4,26.7,8.8,13.2,47.2
"A0697","San Bernardino","Chino, Ontario","https://www.californiahealthmaps.org?address=A0697","Male","Lung",157415,62.2,41.6,95.1,42720,88.7,48.7,164.6,15615,"","","",74235,"","","",20785,"","","",4,60725,4.0,16.2,21.4,26.7,8.8,13.2,47.2
"A0697","San Bernardino","Chino, Ontario","https://www.californiahealthmaps.org?address=A0697","Female","Lung",146210,34.1,21.6,52.4,38780,"","","",11675,"","","",69575,"","","",22165,"","","",4,60725,4.0,16.2,21.4,26.7,8.8,13.2,47.2
"A0697","San Bernardino","Chino, Ontario","https://www.californiahealthmaps.org?address=A0697","Male","CRC",157415,36.7,21.4,65.0,42720,"","","",15615,"","","",74235,"","","",20785,"","","",4,60725,4.0,16.2,21.4,26.7,8.8,13.2,47.2
"A0697","San Bernardino","Chino, Ontario","https://www.californiahealthmaps.org?address=A0697","Female","CRC",146210,40.2,26.7,59.2,38780,"","","",11675,"","","",69575,"","","",22165,"","","",4,60725,4.0,16.2,21.4,26.7,8.8,13.2,47.2
"A0697","San Bernardino","Chino, Ontario","https://www.californiahealthmaps.org?address=A0697","Male","Mela",157415,20.5,11.8,42.6,42720,46.0,24.1,105.0,15615,"","","",74235,"","","",20785,"","","",4,60725,4.0,16.2,21.4,26.7,8.8,13.2,47.2
"A0697","San Bernardino","Chino, Ontario","https://www.californiahealthmaps.org?address=A0697","Female","Mela",146210,8.6,4.5,18.1,38780,"","","",11675,"","","",69575,"","","",22165,"","","",4,60725,4.0,16.2,21.4,26.7,8.8,13.2,47.2
"A0697","San Bernardino","Chino, Ontario","https://www.californiahealthmaps.org?address=A0697","Female","Uterine",146210,25.2,15.7,40.0,38780,"","","",11675,"","","",69575,"","","",22165,"","","",4,60725,4.0,16.2,21.4,26.7,8.8,13.2,47.2
"A0697","San Bernardino","Chino, Ontario","https://www.californiahealthmaps.org?address=A0697","Male","Lymph",157415,25.8,14.4,50.6,42720,"","","",15615,"","","",74235,"","","",20785,"","","",4,60725,4.0,16.2,21.4,26.7,8.8,13.2,47.2
"A0697","San Bernardino","Chino, Ontario","https://www.californiahealthmaps.org?address=A0697","Female","Lymph",146210,20.3,11.3,35.1,38780,"","","",11675,"","","",69575,"","","",22165,"","","",4,60725,4.0,16.2,21.4,26.7,8.8,13.2,47.2
"A0697","San Bernardino","Chino, Ontario","https://www.californiahealthmaps.org?address=A0697","Male","Urinary",157415,20.6,8.2,48.1,42720,"","","",15615,"","","",74235,"","","",20785,"","","",4,60725,4.0,16.2,21.4,26.7,8.8,13.2,47.2
"A0697","San Bernardino","Chino, Ontario","https://www.californiahealthmaps.org?address=A0697","Female","Urinary",146210,6.8,1.9,18.3,38780,"","","",11675,"","","",69575,"","","",22165,"","","",4,60725,4.0,16.2,21.4,26.7,8.8,13.2,47.2
"A0697","San Bernardino","Chino, Ontario","https://www.californiahealthmaps.org?address=A0697","Male","Kidney",157415,23.0,13.2,46.2,42720,"","","",15615,"","","",74235,"","","",20785,"","","",4,60725,4.0,16.2,21.4,26.7,8.8,13.2,47.2
"A0697","San Bernardino","Chino, Ontario","https://www.californiahealthmaps.org?address=A0697","Female","Kidney",146210,25.1,14.6,41.3,38780,"","","",11675,"","","",69575,"","","",22165,"","","",4,60725,4.0,16.2,21.4,26.7,8.8,13.2,47.2
"A0697","San Bernardino","Chino, Ontario","https://www.californiahealthmaps.org?address=A0697","Male","Thyroid",157415,4.1,1.7,23.8,42720,"","","",15615,"","","",74235,"","","",20785,"","","",4,60725,4.0,16.2,21.4,26.7,8.8,13.2,47.2
"A0697","San Bernardino","Chino, Ontario","https://www.californiahealthmaps.org?address=A0697","Female","Thyroid",146210,34.2,23.9,49.3,38780,33.5,18.4,64.9,11675,"","","",69575,21.0,11.6,46.4,22165,"","","",4,60725,4.0,16.2,21.4,26.7,8.8,13.2,47.2
"A0697","San Bernardino","Chino, Ontario","https://www.californiahealthmaps.org?address=A0697","Both","AllSite",303625,460.7,425.4,499.0,81500,554.2,486.3,630.4,27290,400.3,289.7,551.1,143810,410.0,354.8,475.0,42950,472.5,389.8,574.4,4,60725,4.0,16.2,21.4,26.7,8.8,13.2,47.2
"A0697","San Bernardino","Chino, Ontario","https://www.californiahealthmaps.org?address=A0697","Both","Lung",303625,47.2,35.4,62.3,81500,70.9,46.0,105.6,27290,"","","",143810,"","","",42950,81.3,46.3,139.8,4,60725,4.0,16.2,21.4,26.7,8.8,13.2,47.2
"A0697","San Bernardino","Chino, Ontario","https://www.californiahealthmaps.org?address=A0697","Both","CRC",303625,38.2,28.1,51.6,81500,39.3,21.9,66.5,27290,"","","",143810,37.1,22.0,63.9,42950,"","","",4,60725,4.0,16.2,21.4,26.7,8.8,13.2,47.2
"A0697","San Bernardino","Chino, Ontario","https://www.californiahealthmaps.org?address=A0697","Both","Mela",303625,14.3,9.5,22.2,81500,33.4,20.7,54.6,27290,"","","",143810,"","","",42950,"","","",4,60725,4.0,16.2,21.4,26.7,8.8,13.2,47.2
"A0697","San Bernardino","Chino, Ontario","https://www.californiahealthmaps.org?address=A0697","Both","Lymph",303625,23.6,15.8,34.9,81500,31.1,16.7,55.0,27290,"","","",143810,22.8,10.4,48.0,42950,"","","",4,60725,4.0,16.2,21.4,26.7,8.8,13.2,47.2
"A0697","San Bernardino","Chino, Ontario","https://www.californiahealthmaps.org?address=A0697","Both","Urinary",303625,12.0,6.3,21.5,81500,"","","",27290,"","","",143810,"","","",42950,"","","",4,60725,4.0,16.2,21.4,26.7,8.8,13.2,47.2
"A0697","San Bernardino","Chino, Ontario","https://www.californiahealthmaps.org?address=A0697","Both","Kidney",303625,24.7,17.0,35.7,81500,31.4,16.0,56.9,27290,"","","",143810,22.8,12.7,44.6,42950,"","","",4,60725,4.0,16.2,21.4,26.7,8.8,13.2,47.2
"A0697","San Bernardino","Chino, Ontario","https://www.californiahealthmaps.org?address=A0697","Both","Thyroid",303625,19.0,13.6,27.6,81500,16.4,9.2,32.2,27290,"","","",143810,12.3,7.1,30.1,42950,34.6,17.9,74.6,4,60725,4.0,16.2,21.4,26.7,8.8,13.2,47.2
