"Zone","Counties","Cities","URL","Sex","Cancer","PopTot","AAIR","LCI","UCI","White_PopTot","White_AAIR","White_LCI","White_UCI","Black_PopTot","Black_AAIR","Black_LCI","Black_UCI","Hispanic_PopTot","Hispanic_AAIR","Hispanic_LCI","Hispanic_UCI","Asian_PopTot","Asian_AAIR","Asian_LCI","Asian_UCI","QNSES","PopAll","PerRural","PerUninsured","PerForeignBorn","PerWhite","PerBlack","PerAsian","PerHispanic"
"A0778","Los Angeles","Los Angeles","https://www.californiahealthmaps.org?address=A0778","Male","AllSite",148230,526.3,489.1,566.9,103985,513.7,472.8,560.2,"","","","",16000,453.8,321.6,631.3,13855,455.2,318.2,648.0,5,59940,0.0,11.0,17.6,65.4,6.3,11.6,12.4
"A0778","Los Angeles","Los Angeles","https://www.californiahealthmaps.org?address=A0778","Female","AllSite",151470,451.8,418.6,488.4,98065,453.2,413.9,498.4,"","","","",19050,417.7,317.5,544.8,18635,402.4,306.4,549.6,5,59940,0.0,11.0,17.6,65.4,6.3,11.6,12.4
"A0778","Los Angeles","Los Angeles","https://www.californiahealthmaps.org?address=A0778","Male","Prostate",148230,120.1,103.1,140.7,103985,113.6,95.3,138.4,"","","","",16000,"","","",13855,"","","",5,59940,0.0,11.0,17.6,65.4,6.3,11.6,12.4
"A0778","Los Angeles","Los Angeles","https://www.californiahealthmaps.org?address=A0778","Female","Breast",151470,151.6,132.9,173.8,98065,148.9,127.2,176.9,"","","","",19050,155.8,96.5,244.0,18635,167.7,110.4,282.2,5,59940,0.0,11.0,17.6,65.4,6.3,11.6,12.4
"A0778","Los Angeles","Los Angeles","https://www.californiahealthmaps.org?address=A0778","Male","Lung",148230,60.1,47.7,76.3,103985,56.9,43.8,77.1,"","","","",16000,"","","",13855,"","","",5,59940,0.0,11.0,17.6,65.4,6.3,11.6,12.4
"A0778","Los Angeles","Los Angeles","https://www.californiahealthmaps.org?address=A0778","Female","Lung",151470,47.9,37.5,62.2,98065,47.2,35.6,65.9,"","","","",19050,"","","",18635,"","","",5,59940,0.0,11.0,17.6,65.4,6.3,11.6,12.4
"A0778","Los Angeles","Los Angeles","https://www.californiahealthmaps.org?address=A0778","Male","CRC",148230,47.9,37.1,62.5,103985,38.9,28.3,56.9,"","","","",16000,"","","",13855,"","","",5,59940,0.0,11.0,17.6,65.4,6.3,11.6,12.4
"A0778","Los Angeles","Los Angeles","https://www.californiahealthmaps.org?address=A0778","Female","CRC",151470,36.6,27.3,49.8,98065,35.8,24.4,54.8,"","","","",19050,"","","",18635,"","","",5,59940,0.0,11.0,17.6,65.4,6.3,11.6,12.4
"A0778","Los Angeles","Los Angeles","https://www.californiahealthmaps.org?address=A0778","Male","Mela",148230,44.1,33.7,58.3,103985,51.4,38.8,70.9,"","","","",16000,"","","",13855,"","","",5,59940,0.0,11.0,17.6,65.4,6.3,11.6,12.4
"A0778","Los Angeles","Los Angeles","https://www.californiahealthmaps.org?address=A0778","Female","Mela",151470,20.0,13.9,30.3,98065,23.6,15.9,39.2,"","","","",19050,"","","",18635,"","","",5,59940,0.0,11.0,17.6,65.4,6.3,11.6,12.4
"A0778","Los Angeles","Los Angeles","https://www.californiahealthmaps.org?address=A0778","Female","Uterine",151470,21.6,14.9,32.3,98065,21.1,13.7,36.7,"","","","",19050,"","","",18635,"","","",5,59940,0.0,11.0,17.6,65.4,6.3,11.6,12.4
"A0778","Los Angeles","Los Angeles","https://www.californiahealthmaps.org?address=A0778","Male","Lymph",148230,30.3,21.6,43.1,103985,27.6,18.8,44.0,"","","","",16000,"","","",13855,"","","",5,59940,0.0,11.0,17.6,65.4,6.3,11.6,12.4
"A0778","Los Angeles","Los Angeles","https://www.californiahealthmaps.org?address=A0778","Female","Lymph",151470,18.8,12.8,29.1,98065,15.7,9.6,30.1,"","","","",19050,"","","",18635,"","","",5,59940,0.0,11.0,17.6,65.4,6.3,11.6,12.4
"A0778","Los Angeles","Los Angeles","https://www.californiahealthmaps.org?address=A0778","Male","Urinary",148230,14.3,8.5,24.5,103985,15.4,8.9,30.4,"","","","",16000,"","","",13855,"","","",5,59940,0.0,11.0,17.6,65.4,6.3,11.6,12.4
"A0778","Los Angeles","Los Angeles","https://www.californiahealthmaps.org?address=A0778","Female","Urinary",151470,7.2,3.4,15.9,98065,"","","","","","","",19050,"","","",18635,"","","",5,59940,0.0,11.0,17.6,65.4,6.3,11.6,12.4
"A0778","Los Angeles","Los Angeles","https://www.californiahealthmaps.org?address=A0778","Male","Kidney",148230,20.1,13.4,31.0,103985,18.3,11.3,33.5,"","","","",16000,"","","",13855,"","","",5,59940,0.0,11.0,17.6,65.4,6.3,11.6,12.4
"A0778","Los Angeles","Los Angeles","https://www.californiahealthmaps.org?address=A0778","Female","Kidney",151470,10.1,5.4,19.6,98065,"","","","","","","",19050,"","","",18635,"","","",5,59940,0.0,11.0,17.6,65.4,6.3,11.6,12.4
"A0778","Los Angeles","Los Angeles","https://www.californiahealthmaps.org?address=A0778","Male","Thyroid",148230,12.0,7.0,21.4,103985,"","","","","","","",16000,"","","",13855,"","","",5,59940,0.0,11.0,17.6,65.4,6.3,11.6,12.4
"A0778","Los Angeles","Los Angeles","https://www.californiahealthmaps.org?address=A0778","Female","Thyroid",151470,26.6,18.9,38.4,98065,30.1,19.4,48.7,"","","","",19050,"","","",18635,"","","",5,59940,0.0,11.0,17.6,65.4,6.3,11.6,12.4
"A0778","Los Angeles","Los Angeles","https://www.californiahealthmaps.org?address=A0778","Both","AllSite",299700,485.5,460.8,512.0,202050,480.5,452.2,511.6,16375,645.4,519.2,800.7,35050,424.3,345.0,518.6,32490,418.9,339.3,522.8,5,59940,0.0,11.0,17.6,65.4,6.3,11.6,12.4
"A0778","Los Angeles","Los Angeles","https://www.californiahealthmaps.org?address=A0778","Both","Lung",299700,53.4,45.3,63.3,202050,51.9,43.0,64.0,16375,123.7,66.8,215.9,35050,"","","",32490,"","","",5,59940,0.0,11.0,17.6,65.4,6.3,11.6,12.4
"A0778","Los Angeles","Los Angeles","https://www.californiahealthmaps.org?address=A0778","Both","CRC",299700,41.6,34.5,50.5,202050,36.9,29.0,48.3,16375,"","","",35050,61.4,33.6,105.9,32490,51.6,27.7,105.7,5,59940,0.0,11.0,17.6,65.4,6.3,11.6,12.4
"A0778","Los Angeles","Los Angeles","https://www.californiahealthmaps.org?address=A0778","Both","Mela",299700,31.6,25.6,39.5,202050,37.4,29.9,48.2,16375,"","","",35050,"","","",32490,"","","",5,59940,0.0,11.0,17.6,65.4,6.3,11.6,12.4
"A0778","Los Angeles","Los Angeles","https://www.californiahealthmaps.org?address=A0778","Both","Lymph",299700,24.3,19.0,31.6,202050,21.6,16.1,30.6,16375,"","","",35050,"","","",32490,"","","",5,59940,0.0,11.0,17.6,65.4,6.3,11.6,12.4
"A0778","Los Angeles","Los Angeles","https://www.californiahealthmaps.org?address=A0778","Both","Urinary",299700,10.5,6.9,16.1,202050,11.6,7.5,19.7,16375,"","","",35050,"","","",32490,"","","",5,59940,0.0,11.0,17.6,65.4,6.3,11.6,12.4
"A0778","Los Angeles","Los Angeles","https://www.californiahealthmaps.org?address=A0778","Both","Kidney",299700,14.6,10.5,20.8,202050,13.9,9.1,22.6,16375,"","","",35050,"","","",32490,"","","",5,59940,0.0,11.0,17.6,65.4,6.3,11.6,12.4
"A0778","Los Angeles","Los Angeles","https://www.californiahealthmaps.org?address=A0778","Both","Thyroid",299700,19.0,14.4,25.6,202050,19.5,13.6,29.2,16375,"","","",35050,"","","",32490,"","","",5,59940,0.0,11.0,17.6,65.4,6.3,11.6,12.4
