"Zone","Counties","Cities","URL","Sex","Cancer","PopTot","AAIR","LCI","UCI","White_PopTot","White_AAIR","White_LCI","White_UCI","Black_PopTot","Black_AAIR","Black_LCI","Black_UCI","Hispanic_PopTot","Hispanic_AAIR","Hispanic_LCI","Hispanic_UCI","Asian_PopTot","Asian_AAIR","Asian_LCI","Asian_UCI","QNSES","PopAll","PerRural","PerUninsured","PerForeignBorn","PerWhite","PerBlack","PerAsian","PerHispanic","PerAPI","PerDocvisit","PerFOBT","PerMammo","PerMenPrev","PerPap","PerWomenPrev"
"A1095","Santa Barbara","Santa Maria","https://www.californiahealthmaps.org?address=A1095","Male","AllSite",186555,451.7,411.4,495.2,24530,480.9,413.3,563.5,"","","","",150515,383.1,329.2,445.1,"","","","",1,72808,0.3,32.4,40.1,14.9,0.6,3.9,79.1,3.9,60.1,54.8,75.0,23.8,81.3,22.9
"A1095","Santa Barbara","Santa Maria","https://www.californiahealthmaps.org?address=A1095","Female","AllSite",177485,398.4,364.6,434.7,27830,444.8,383.7,521.7,"","","","",137220,349.6,303.0,402.4,"","","","",1,72808,0.3,32.4,40.1,14.9,0.6,3.9,79.1,3.9,60.1,54.8,75.0,23.8,81.3,22.9
"A1095","Santa Barbara","Santa Maria","https://www.californiahealthmaps.org?address=A1095","Male","Prostate",186555,93.3,75.2,114.8,24530,75.2,50.2,118.1,"","","","",150515,90.0,64.1,124.8,"","","","",1,72808,0.3,32.4,40.1,14.9,0.6,3.9,79.1,3.9,60.1,54.8,75.0,23.8,81.3,22.9
"A1095","Santa Barbara","Santa Maria","https://www.californiahealthmaps.org?address=A1095","Female","Breast",177485,114.3,96.5,134.7,27830,125.4,94.3,174.5,"","","","",137220,99.9,76.3,129.8,"","","","",1,72808,0.3,32.4,40.1,14.9,0.6,3.9,79.1,3.9,60.1,54.8,75.0,23.8,81.3,22.9
"A1095","Santa Barbara","Santa Maria","https://www.californiahealthmaps.org?address=A1095","Male","Lung",186555,61.2,46.3,79.6,24530,84.1,57.6,128.2,"","","","",150515,39.4,22.1,66.4,"","","","",1,72808,0.3,32.4,40.1,14.9,0.6,3.9,79.1,3.9,60.1,54.8,75.0,23.8,81.3,22.9
"A1095","Santa Barbara","Santa Maria","https://www.californiahealthmaps.org?address=A1095","Female","Lung",177485,44.4,33.3,58.2,27830,64.2,44.2,103.5,"","","","",137220,"","","","","","","",1,72808,0.3,32.4,40.1,14.9,0.6,3.9,79.1,3.9,60.1,54.8,75.0,23.8,81.3,22.9
"A1095","Santa Barbara","Santa Maria","https://www.californiahealthmaps.org?address=A1095","Male","CRC",186555,44.3,32.7,59.2,24530,37.2,20.4,73.5,"","","","",150515,44.7,29.1,68.7,"","","","",1,72808,0.3,32.4,40.1,14.9,0.6,3.9,79.1,3.9,60.1,54.8,75.0,23.8,81.3,22.9
"A1095","Santa Barbara","Santa Maria","https://www.californiahealthmaps.org?address=A1095","Female","CRC",177485,41.5,31.2,54.4,27830,52.9,34.7,91.1,"","","","",137220,27.8,15.7,46.8,"","","","",1,72808,0.3,32.4,40.1,14.9,0.6,3.9,79.1,3.9,60.1,54.8,75.0,23.8,81.3,22.9
"A1095","Santa Barbara","Santa Maria","https://www.californiahealthmaps.org?address=A1095","Male","Mela",186555,14.8,8.2,24.9,24530,"","","","","","","",150515,"","","","","","","",1,72808,0.3,32.4,40.1,14.9,0.6,3.9,79.1,3.9,60.1,54.8,75.0,23.8,81.3,22.9
"A1095","Santa Barbara","Santa Maria","https://www.californiahealthmaps.org?address=A1095","Female","Mela",177485,12.6,7.3,20.5,27830,"","","","","","","",137220,"","","","","","","",1,72808,0.3,32.4,40.1,14.9,0.6,3.9,79.1,3.9,60.1,54.8,75.0,23.8,81.3,22.9
"A1095","Santa Barbara","Santa Maria","https://www.californiahealthmaps.org?address=A1095","Female","Uterine",177485,25.5,17.5,36.1,27830,36.0,18.5,75.4,"","","","",137220,22.1,12.3,38.5,"","","","",1,72808,0.3,32.4,40.1,14.9,0.6,3.9,79.1,3.9,60.1,54.8,75.0,23.8,81.3,22.9
"A1095","Santa Barbara","Santa Maria","https://www.californiahealthmaps.org?address=A1095","Male","Lymph",186555,31.3,21.5,44.4,24530,"","","","","","","",150515,27.8,15.8,48.6,"","","","",1,72808,0.3,32.4,40.1,14.9,0.6,3.9,79.1,3.9,60.1,54.8,75.0,23.8,81.3,22.9
"A1095","Santa Barbara","Santa Maria","https://www.californiahealthmaps.org?address=A1095","Female","Lymph",177485,11.9,6.8,19.7,27830,"","","","","","","",137220,"","","","","","","",1,72808,0.3,32.4,40.1,14.9,0.6,3.9,79.1,3.9,60.1,54.8,75.0,23.8,81.3,22.9
"A1095","Santa Barbara","Santa Maria","https://www.californiahealthmaps.org?address=A1095","Male","Urinary",186555,15.2,8.5,25.6,24530,"","","","","","","",150515,"","","","","","","",1,72808,0.3,32.4,40.1,14.9,0.6,3.9,79.1,3.9,60.1,54.8,75.0,23.8,81.3,22.9
"A1095","Santa Barbara","Santa Maria","https://www.californiahealthmaps.org?address=A1095","Female","Urinary",177485,"","","",27830,"","","","","","","",137220,"","","","","","","",1,72808,0.3,32.4,40.1,14.9,0.6,3.9,79.1,3.9,60.1,54.8,75.0,23.8,81.3,22.9
"A1095","Santa Barbara","Santa Maria","https://www.californiahealthmaps.org?address=A1095","Male","Kidney",186555,29.6,20.0,42.7,24530,"","","","","","","",150515,27.8,14.7,50.4,"","","","",1,72808,0.3,32.4,40.1,14.9,0.6,3.9,79.1,3.9,60.1,54.8,75.0,23.8,81.3,22.9
"A1095","Santa Barbara","Santa Maria","https://www.californiahealthmaps.org?address=A1095","Female","Kidney",177485,12.2,6.8,20.4,27830,"","","","","","","",137220,"","","","","","","",1,72808,0.3,32.4,40.1,14.9,0.6,3.9,79.1,3.9,60.1,54.8,75.0,23.8,81.3,22.9
"A1095","Santa Barbara","Santa Maria","https://www.californiahealthmaps.org?address=A1095","Male","Thyroid",186555,"","","",24530,"","","","","","","",150515,"","","","","","","",1,72808,0.3,32.4,40.1,14.9,0.6,3.9,79.1,3.9,60.1,54.8,75.0,23.8,81.3,22.9
"A1095","Santa Barbara","Santa Maria","https://www.californiahealthmaps.org?address=A1095","Female","Thyroid",177485,17.5,11.3,26.3,27830,"","","","","","","",137220,17.2,9.6,31.2,"","","","",1,72808,0.3,32.4,40.1,14.9,0.6,3.9,79.1,3.9,60.1,54.8,75.0,23.8,81.3,22.9
"A1095","Santa Barbara","Santa Maria","https://www.californiahealthmaps.org?address=A1095","Male","Liver",186555,15.8,9.6,25.4,24530,"","","","","","","",150515,23.0,12.9,41.7,"","","","",1,72808,0.3,32.4,40.1,14.9,0.6,3.9,79.1,3.9,60.1,54.8,75.0,23.8,81.3,22.9
"A1095","Santa Barbara","Santa Maria","https://www.californiahealthmaps.org?address=A1095","Female","Liver",177485,"","","",27830,"","","","","","","",137220,"","","","","","","",1,72808,0.3,32.4,40.1,14.9,0.6,3.9,79.1,3.9,60.1,54.8,75.0,23.8,81.3,22.9
"A1095","Santa Barbara","Santa Maria","https://www.californiahealthmaps.org?address=A1095","Male","Pancreas",186555,20.4,12.5,31.9,24530,"","","","","","","",150515,"","","","","","","",1,72808,0.3,32.4,40.1,14.9,0.6,3.9,79.1,3.9,60.1,54.8,75.0,23.8,81.3,22.9
"A1095","Santa Barbara","Santa Maria","https://www.californiahealthmaps.org?address=A1095","Female","Pancreas",177485,"","","",27830,"","","","","","","",137220,"","","","","","","",1,72808,0.3,32.4,40.1,14.9,0.6,3.9,79.1,3.9,60.1,54.8,75.0,23.8,81.3,22.9
"A1095","Santa Barbara","Santa Maria","https://www.californiahealthmaps.org?address=A1095","Both","AllSite",364040,418.6,392.8,445.9,52360,455.8,410.7,508.2,"","","","",287735,363.4,327.8,402.4,14395,336.7,256.6,439.3,1,72808,0.3,32.4,40.1,14.9,0.6,3.9,79.1,3.9,60.1,54.8,75.0,23.8,81.3,22.9
"A1095","Santa Barbara","Santa Maria","https://www.californiahealthmaps.org?address=A1095","Both","Lung",364040,51.8,42.6,62.5,52360,73.0,56.4,97.9,"","","","",287735,32.5,21.5,47.5,14395,"","","",1,72808,0.3,32.4,40.1,14.9,0.6,3.9,79.1,3.9,60.1,54.8,75.0,23.8,81.3,22.9
"A1095","Santa Barbara","Santa Maria","https://www.californiahealthmaps.org?address=A1095","Both","CRC",364040,43.4,35.4,52.7,52360,46.6,33.4,68.5,"","","","",287735,36.4,26.1,50.3,14395,"","","",1,72808,0.3,32.4,40.1,14.9,0.6,3.9,79.1,3.9,60.1,54.8,75.0,23.8,81.3,22.9
"A1095","Santa Barbara","Santa Maria","https://www.californiahealthmaps.org?address=A1095","Both","Mela",364040,13.0,8.9,18.7,52360,16.6,9.4,34.0,"","","","",287735,"","","",14395,"","","",1,72808,0.3,32.4,40.1,14.9,0.6,3.9,79.1,3.9,60.1,54.8,75.0,23.8,81.3,22.9
"A1095","Santa Barbara","Santa Maria","https://www.californiahealthmaps.org?address=A1095","Both","Lymph",364040,21.0,15.5,27.8,52360,22.0,13.6,40.1,"","","","",287735,19.4,11.8,30.9,14395,"","","",1,72808,0.3,32.4,40.1,14.9,0.6,3.9,79.1,3.9,60.1,54.8,75.0,23.8,81.3,22.9
"A1095","Santa Barbara","Santa Maria","https://www.californiahealthmaps.org?address=A1095","Both","Urinary",364040,8.8,5.4,13.7,52360,13.6,7.5,30.1,"","","","",287735,"","","",14395,"","","",1,72808,0.3,32.4,40.1,14.9,0.6,3.9,79.1,3.9,60.1,54.8,75.0,23.8,81.3,22.9
"A1095","Santa Barbara","Santa Maria","https://www.californiahealthmaps.org?address=A1095","Both","Kidney",364040,20.2,14.8,27.2,52360,19.8,11.4,38.2,"","","","",287735,22.0,13.7,34.3,14395,"","","",1,72808,0.3,32.4,40.1,14.9,0.6,3.9,79.1,3.9,60.1,54.8,75.0,23.8,81.3,22.9
"A1095","Santa Barbara","Santa Maria","https://www.californiahealthmaps.org?address=A1095","Both","Thyroid",364040,10.1,6.6,14.9,52360,"","","","","","","",287735,8.3,4.6,15.7,14395,"","","",1,72808,0.3,32.4,40.1,14.9,0.6,3.9,79.1,3.9,60.1,54.8,75.0,23.8,81.3,22.9
"A1095","Santa Barbara","Santa Maria","https://www.californiahealthmaps.org?address=A1095","Both","Liver",364040,10.9,7.2,16.2,52360,"","","","","","","",287735,17.3,10.6,27.8,14395,"","","",1,72808,0.3,32.4,40.1,14.9,0.6,3.9,79.1,3.9,60.1,54.8,75.0,23.8,81.3,22.9
"A1095","Santa Barbara","Santa Maria","https://www.californiahealthmaps.org?address=A1095","Both","Pancreas",364040,13.2,8.9,18.9,52360,"","","","","","","",287735,"","","",14395,"","","",1,72808,0.3,32.4,40.1,14.9,0.6,3.9,79.1,3.9,60.1,54.8,75.0,23.8,81.3,22.9
