"Zone","Counties","Cities","URL","Sex","Cancer","PopTot","AAIR","LCI","UCI","White_PopTot","White_AAIR","White_LCI","White_UCI","Black_PopTot","Black_AAIR","Black_LCI","Black_UCI","Hispanic_PopTot","Hispanic_AAIR","Hispanic_LCI","Hispanic_UCI","Asian_PopTot","Asian_AAIR","Asian_LCI","Asian_UCI","QNSES","PopAll","PerRural","PerUninsured","PerForeignBorn","PerWhite","PerBlack","PerAsian","PerHispanic"
"A0546","Kern","Bakersfield","https://www.californiahealthmaps.org?address=A0546","Male","AllSite",179305,536.7,493.4,583.5,116225,561.4,511.5,615.5,"","","","",42435,432.8,321.7,578.7,10755,300.5,171.4,518.3,4,72537,2.0,8.3,9.2,64.7,3.2,5.6,22.6
"A0546","Kern","Bakersfield","https://www.californiahealthmaps.org?address=A0546","Female","AllSite",183380,478.6,443.1,516.7,118580,467.0,427.0,510.5,"","","","",42555,598.5,485.7,736.7,11810,367.2,248.8,536.0,4,72537,2.0,8.3,9.2,64.7,3.2,5.6,22.6
"A0546","Kern","Bakersfield","https://www.californiahealthmaps.org?address=A0546","Male","Prostate",179305,129.0,108.7,152.6,116225,122.9,101.3,148.8,"","","","",42435,"","","",10755,"","","",4,72537,2.0,8.3,9.2,64.7,3.2,5.6,22.6
"A0546","Kern","Bakersfield","https://www.californiahealthmaps.org?address=A0546","Female","Breast",183380,153.4,134.0,175.4,118580,154.3,132.0,179.9,"","","","",42555,159.0,106.7,237.6,11810,"","","",4,72537,2.0,8.3,9.2,64.7,3.2,5.6,22.6
"A0546","Kern","Bakersfield","https://www.californiahealthmaps.org?address=A0546","Male","Lung",179305,58.8,44.5,76.9,116225,62.2,45.7,83.5,"","","","",42435,"","","",10755,"","","",4,72537,2.0,8.3,9.2,64.7,3.2,5.6,22.6
"A0546","Kern","Bakersfield","https://www.californiahealthmaps.org?address=A0546","Female","Lung",183380,49.1,37.2,63.9,118580,55.5,41.4,73.3,"","","","",42555,"","","",11810,"","","",4,72537,2.0,8.3,9.2,64.7,3.2,5.6,22.6
"A0546","Kern","Bakersfield","https://www.californiahealthmaps.org?address=A0546","Male","CRC",179305,48.7,36.3,64.6,116225,43.1,30.3,60.5,"","","","",42435,"","","",10755,"","","",4,72537,2.0,8.3,9.2,64.7,3.2,5.6,22.6
"A0546","Kern","Bakersfield","https://www.californiahealthmaps.org?address=A0546","Female","CRC",183380,39.8,29.5,53.0,118580,36.8,25.9,51.4,"","","","",42555,"","","",11810,"","","",4,72537,2.0,8.3,9.2,64.7,3.2,5.6,22.6
"A0546","Kern","Bakersfield","https://www.californiahealthmaps.org?address=A0546","Male","Mela",179305,50.1,37.4,66.4,116225,60.6,44.8,80.8,"","","","",42435,"","","",10755,"","","",4,72537,2.0,8.3,9.2,64.7,3.2,5.6,22.6
"A0546","Kern","Bakersfield","https://www.californiahealthmaps.org?address=A0546","Female","Mela",183380,23.1,16.5,32.4,118580,23.0,15.3,34.2,"","","","",42555,"","","",11810,"","","",4,72537,2.0,8.3,9.2,64.7,3.2,5.6,22.6
"A0546","Kern","Bakersfield","https://www.californiahealthmaps.org?address=A0546","Female","Uterine",183380,25.7,18.1,36.0,118580,25.7,17.3,37.8,"","","","",42555,"","","",11810,"","","",4,72537,2.0,8.3,9.2,64.7,3.2,5.6,22.6
"A0546","Kern","Bakersfield","https://www.californiahealthmaps.org?address=A0546","Male","Lymph",179305,19.4,12.1,30.5,116225,20.4,11.8,33.9,"","","","",42435,"","","",10755,"","","",4,72537,2.0,8.3,9.2,64.7,3.2,5.6,22.6
"A0546","Kern","Bakersfield","https://www.californiahealthmaps.org?address=A0546","Female","Lymph",183380,11.8,6.8,19.8,118580,"","","","","","","",42555,"","","",11810,"","","",4,72537,2.0,8.3,9.2,64.7,3.2,5.6,22.6
"A0546","Kern","Bakersfield","https://www.californiahealthmaps.org?address=A0546","Male","Urinary",179305,26.6,17.2,39.8,116225,26.6,16.5,41.4,"","","","",42435,"","","",10755,"","","",4,72537,2.0,8.3,9.2,64.7,3.2,5.6,22.6
"A0546","Kern","Bakersfield","https://www.californiahealthmaps.org?address=A0546","Female","Urinary",183380,2.8,0.7,8.3,118580,"","","","","","","",42555,"","","",11810,"","","",4,72537,2.0,8.3,9.2,64.7,3.2,5.6,22.6
"A0546","Kern","Bakersfield","https://www.californiahealthmaps.org?address=A0546","Male","Kidney",179305,30.3,21.2,42.8,116225,30.1,19.7,45.2,"","","","",42435,"","","",10755,"","","",4,72537,2.0,8.3,9.2,64.7,3.2,5.6,22.6
"A0546","Kern","Bakersfield","https://www.californiahealthmaps.org?address=A0546","Female","Kidney",183380,11.5,6.7,19.3,118580,"","","","","","","",42555,"","","",11810,"","","",4,72537,2.0,8.3,9.2,64.7,3.2,5.6,22.6
"A0546","Kern","Bakersfield","https://www.californiahealthmaps.org?address=A0546","Male","Thyroid",179305,10.1,5.2,18.8,116225,"","","","","","","",42435,"","","",10755,"","","",4,72537,2.0,8.3,9.2,64.7,3.2,5.6,22.6
"A0546","Kern","Bakersfield","https://www.californiahealthmaps.org?address=A0546","Female","Thyroid",183380,30.6,22.9,40.9,118580,27.1,18.5,39.2,"","","","",42555,50.2,26.3,102.4,11810,"","","",4,72537,2.0,8.3,9.2,64.7,3.2,5.6,22.6
"A0546","Kern","Bakersfield","https://www.californiahealthmaps.org?address=A0546","Both","AllSite",362685,501.9,474.4,530.8,234805,507.8,476.4,541.0,"","","","",84990,518.4,437.7,613.3,22565,337.5,246.4,459.4,4,72537,2.0,8.3,9.2,64.7,3.2,5.6,22.6
"A0546","Kern","Bakersfield","https://www.californiahealthmaps.org?address=A0546","Both","Lung",362685,53.8,44.4,64.7,234805,59.0,48.0,72.0,"","","","",84990,"","","",22565,"","","",4,72537,2.0,8.3,9.2,64.7,3.2,5.6,22.6
"A0546","Kern","Bakersfield","https://www.californiahealthmaps.org?address=A0546","Both","CRC",362685,43.7,35.7,53.2,234805,39.8,31.3,50.3,"","","","",84990,69.9,39.2,118.3,22565,"","","",4,72537,2.0,8.3,9.2,64.7,3.2,5.6,22.6
"A0546","Kern","Bakersfield","https://www.californiahealthmaps.org?address=A0546","Both","Mela",362685,34.7,28.0,42.9,234805,39.2,31.0,49.3,"","","","",84990,"","","",22565,"","","",4,72537,2.0,8.3,9.2,64.7,3.2,5.6,22.6
"A0546","Kern","Bakersfield","https://www.californiahealthmaps.org?address=A0546","Both","Lymph",362685,15.5,11.0,21.5,234805,14.8,9.8,22.0,"","","","",84990,"","","",22565,"","","",4,72537,2.0,8.3,9.2,64.7,3.2,5.6,22.6
"A0546","Kern","Bakersfield","https://www.californiahealthmaps.org?address=A0546","Both","Urinary",362685,13.7,9.3,19.9,234805,14.4,9.4,21.5,"","","","",84990,"","","",22565,"","","",4,72537,2.0,8.3,9.2,64.7,3.2,5.6,22.6
"A0546","Kern","Bakersfield","https://www.californiahealthmaps.org?address=A0546","Both","Kidney",362685,20.3,15.3,26.7,234805,19.7,14.1,27.2,"","","","",84990,"","","",22565,"","","",4,72537,2.0,8.3,9.2,64.7,3.2,5.6,22.6
"A0546","Kern","Bakersfield","https://www.californiahealthmaps.org?address=A0546","Both","Thyroid",362685,20.4,15.8,26.5,234805,19.3,14.0,26.6,"","","","",84990,27.6,14.6,56.6,22565,"","","",4,72537,2.0,8.3,9.2,64.7,3.2,5.6,22.6
