"Zone","Counties","Cities","URL","Sex","Cancer","PopTot","AAIR","LCI","UCI","White_PopTot","White_AAIR","White_LCI","White_UCI","Black_PopTot","Black_AAIR","Black_LCI","Black_UCI","Hispanic_PopTot","Hispanic_AAIR","Hispanic_LCI","Hispanic_UCI","Asian_PopTot","Asian_AAIR","Asian_LCI","Asian_UCI","QNSES","PopAll","PerRural","PerUninsured","PerForeignBorn","PerWhite","PerBlack","PerAsian","PerHispanic"
"A0034","San Diego","San Diego","https://www.californiahealthmaps.org?address=A0034","Male","AllSite",156295,496.3,457.2,538.1,28080,582.6,503.6,679.0,30335,445.0,375.2,526.6,70880,528.7,447.4,621.7,22015,426.5,335.7,538.2,2,63744,0.0,25.9,29.3,17.2,20.0,15.3,44.7
"A0034","San Diego","San Diego","https://www.californiahealthmaps.org?address=A0034","Female","AllSite",162425,388.1,357.3,421.1,26425,503.1,430.1,595.6,33255,465.4,398.7,542.4,73550,317.7,266.0,378.3,23600,272.1,210.0,348.8,2,63744,0.0,25.9,29.3,17.2,20.0,15.3,44.7
"A0034","San Diego","San Diego","https://www.californiahealthmaps.org?address=A0034","Male","Prostate",156295,99.1,82.3,118.6,28080,126.7,92.0,181.2,30335,113.6,80.6,158.8,70880,104.6,70.1,151.3,22015,"","","",2,63744,0.0,25.9,29.3,17.2,20.0,15.3,44.7
"A0034","San Diego","San Diego","https://www.californiahealthmaps.org?address=A0034","Female","Breast",162425,109.1,93.0,127.4,26425,149.2,109.2,211.5,33255,145.7,109.0,193.3,73550,83.6,58.6,118.0,23600,69.2,40.3,113.4,2,63744,0.0,25.9,29.3,17.2,20.0,15.3,44.7
"A0034","San Diego","San Diego","https://www.californiahealthmaps.org?address=A0034","Male","Lung",156295,56.6,43.5,72.6,28080,72.8,46.2,120.9,30335,53.9,31.3,89.7,70880,"","","",22015,"","","",2,63744,0.0,25.9,29.3,17.2,20.0,15.3,44.7
"A0034","San Diego","San Diego","https://www.californiahealthmaps.org?address=A0034","Female","Lung",162425,45.5,35.1,58.1,26425,69.5,44.4,119.1,33255,59.3,38.7,90.8,73550,"","","",23600,"","","",2,63744,0.0,25.9,29.3,17.2,20.0,15.3,44.7
"A0034","San Diego","San Diego","https://www.californiahealthmaps.org?address=A0034","Male","CRC",156295,62.2,48.8,78.4,28080,65.8,41.3,111.9,30335,62.4,38.0,100.0,70880,"","","",22015,96.2,55.9,159.2,2,63744,0.0,25.9,29.3,17.2,20.0,15.3,44.7
"A0034","San Diego","San Diego","https://www.californiahealthmaps.org?address=A0034","Female","CRC",162425,37.4,28.3,48.9,26425,38.8,21.6,82.6,33255,"","","",73550,40.4,23.4,67.4,23600,"","","",2,63744,0.0,25.9,29.3,17.2,20.0,15.3,44.7
"A0034","San Diego","San Diego","https://www.californiahealthmaps.org?address=A0034","Male","Mela",156295,8.5,4.2,15.9,28080,"","","",30335,"","","",70880,"","","",22015,"","","",2,63744,0.0,25.9,29.3,17.2,20.0,15.3,44.7
"A0034","San Diego","San Diego","https://www.californiahealthmaps.org?address=A0034","Female","Mela",162425,10.2,5.8,16.9,26425,"","","",33255,"","","",73550,"","","",23600,"","","",2,63744,0.0,25.9,29.3,17.2,20.0,15.3,44.7
"A0034","San Diego","San Diego","https://www.californiahealthmaps.org?address=A0034","Female","Uterine",162425,23.6,16.6,32.7,26425,"","","",33255,"","","",73550,"","","",23600,"","","",2,63744,0.0,25.9,29.3,17.2,20.0,15.3,44.7
"A0034","San Diego","San Diego","https://www.californiahealthmaps.org?address=A0034","Male","Lymph",156295,24.2,16.2,35.2,28080,"","","",30335,"","","",70880,"","","",22015,"","","",2,63744,0.0,25.9,29.3,17.2,20.0,15.3,44.7
"A0034","San Diego","San Diego","https://www.californiahealthmaps.org?address=A0034","Female","Lymph",162425,13.4,8.2,21.0,26425,"","","",33255,"","","",73550,"","","",23600,"","","",2,63744,0.0,25.9,29.3,17.2,20.0,15.3,44.7
"A0034","San Diego","San Diego","https://www.californiahealthmaps.org?address=A0034","Male","Urinary",156295,14.9,8.6,24.3,28080,"","","",30335,"","","",70880,"","","",22015,"","","",2,63744,0.0,25.9,29.3,17.2,20.0,15.3,44.7
"A0034","San Diego","San Diego","https://www.californiahealthmaps.org?address=A0034","Female","Urinary",162425,3.9,1.4,8.9,26425,"","","",33255,"","","",73550,"","","",23600,"","","",2,63744,0.0,25.9,29.3,17.2,20.0,15.3,44.7
"A0034","San Diego","San Diego","https://www.californiahealthmaps.org?address=A0034","Male","Kidney",156295,27.9,19.3,39.5,28080,"","","",30335,"","","",70880,56.3,32.1,93.1,22015,"","","",2,63744,0.0,25.9,29.3,17.2,20.0,15.3,44.7
"A0034","San Diego","San Diego","https://www.californiahealthmaps.org?address=A0034","Female","Kidney",162425,13.6,8.2,21.2,26425,"","","",33255,"","","",73550,"","","",23600,"","","",2,63744,0.0,25.9,29.3,17.2,20.0,15.3,44.7
"A0034","San Diego","San Diego","https://www.californiahealthmaps.org?address=A0034","Male","Thyroid",156295,8.4,4.2,15.4,28080,"","","",30335,"","","",70880,"","","",22015,"","","",2,63744,0.0,25.9,29.3,17.2,20.0,15.3,44.7
"A0034","San Diego","San Diego","https://www.californiahealthmaps.org?address=A0034","Female","Thyroid",162425,24.3,17.1,33.7,26425,"","","",33255,"","","",73550,"","","",23600,"","","",2,63744,0.0,25.9,29.3,17.2,20.0,15.3,44.7
"A0034","San Diego","San Diego","https://www.californiahealthmaps.org?address=A0034","Both","AllSite",318720,432.9,408.6,458.4,54505,536.2,482.8,598.2,63590,452.7,404.4,506.3,144430,400.6,355.3,450.8,45615,336.5,283.5,397.5,2,63744,0.0,25.9,29.3,17.2,20.0,15.3,44.7
"A0034","San Diego","San Diego","https://www.californiahealthmaps.org?address=A0034","Both","Lung",318720,50.1,41.8,59.6,54505,69.7,51.2,98.5,63590,56.6,40.9,77.8,144430,25.2,14.4,41.8,45615,43.4,25.4,70.2,2,63744,0.0,25.9,29.3,17.2,20.0,15.3,44.7
"A0034","San Diego","San Diego","https://www.californiahealthmaps.org?address=A0034","Both","CRC",318720,48.1,40.2,57.2,54505,52.5,37.0,78.8,63590,48.1,33.0,69.1,144430,43.3,29.0,63.0,45615,61.4,40.0,91.3,2,63744,0.0,25.9,29.3,17.2,20.0,15.3,44.7
"A0034","San Diego","San Diego","https://www.californiahealthmaps.org?address=A0034","Both","Mela",318720,9.3,6.1,13.8,54505,25.6,15.0,48.1,63590,"","","",144430,"","","",45615,"","","",2,63744,0.0,25.9,29.3,17.2,20.0,15.3,44.7
"A0034","San Diego","San Diego","https://www.californiahealthmaps.org?address=A0034","Both","Lymph",318720,18.0,13.3,23.9,54505,"","","",63590,"","","",144430,25.6,15.1,41.7,45615,"","","",2,63744,0.0,25.9,29.3,17.2,20.0,15.3,44.7
"A0034","San Diego","San Diego","https://www.californiahealthmaps.org?address=A0034","Both","Urinary",318720,8.7,5.5,13.2,54505,"","","",63590,"","","",144430,"","","",45615,"","","",2,63744,0.0,25.9,29.3,17.2,20.0,15.3,44.7
"A0034","San Diego","San Diego","https://www.californiahealthmaps.org?address=A0034","Both","Kidney",318720,20.2,15.1,26.5,54505,"","","",63590,"","","",144430,34.5,22.0,52.5,45615,"","","",2,63744,0.0,25.9,29.3,17.2,20.0,15.3,44.7
"A0034","San Diego","San Diego","https://www.californiahealthmaps.org?address=A0034","Both","Thyroid",318720,16.6,12.3,22.2,54505,23.8,13.0,46.9,63590,"","","",144430,13.6,7.2,25.2,45615,"","","",2,63744,0.0,25.9,29.3,17.2,20.0,15.3,44.7
