"Zone","Counties","Cities","URL","Sex","Cancer","PopTot","AAIR","LCI","UCI","White_PopTot","White_AAIR","White_LCI","White_UCI","Black_PopTot","Black_AAIR","Black_LCI","Black_UCI","Hispanic_PopTot","Hispanic_AAIR","Hispanic_LCI","Hispanic_UCI","Asian_PopTot","Asian_AAIR","Asian_LCI","Asian_UCI","QNSES","PopAll","PerRural","PerUninsured","PerForeignBorn","PerWhite","PerBlack","PerAsian","PerHispanic","PerAPI","PerDocvisit","PerFOBT","PerMammo","PerMenPrev","PerPap","PerWomenPrev"
"A0815","Santa Clara","Palo Alto, Mountain View","https://www.californiahealthmaps.org?address=A0815","Male","AllSite",163780,460.8,427.1,496.5,77595,484.9,441.7,532.7,"","","","",29040,448.3,317.9,620.8,47155,389.4,326.5,461.5,5,65528,0.0,10.5,39.2,46.7,2.6,29.4,17.1,29.4,"","","","","",""
"A0815","Santa Clara","Palo Alto, Mountain View","https://www.californiahealthmaps.org?address=A0815","Female","AllSite",163860,429.9,400.7,461.1,76480,445.9,405.9,490.2,"","","","",26475,344.7,253.5,463.0,51400,435.9,378.7,500.8,5,65528,0.0,10.5,39.2,46.7,2.6,29.4,17.1,29.4,"","","","","",""
"A0815","Santa Clara","Palo Alto, Mountain View","https://www.californiahealthmaps.org?address=A0815","Male","Prostate",163780,118.3,101.7,137.0,77595,121.5,101.0,146.7,"","","","",29040,"","","",47155,95.4,65.3,135.0,5,65528,0.0,10.5,39.2,46.7,2.6,29.4,17.1,29.4,"","","","","",""
"A0815","Santa Clara","Palo Alto, Mountain View","https://www.californiahealthmaps.org?address=A0815","Female","Breast",163860,145.0,128.1,163.8,76480,150.3,127.4,177.8,"","","","",26475,"","","",51400,150.3,118.3,190.0,5,65528,0.0,10.5,39.2,46.7,2.6,29.4,17.1,29.4,"","","","","",""
"A0815","Santa Clara","Palo Alto, Mountain View","https://www.californiahealthmaps.org?address=A0815","Male","Lung",163780,45.1,34.9,57.6,77595,47.7,35.0,65.5,"","","","",29040,"","","",47155,"","","",5,65528,0.0,10.5,39.2,46.7,2.6,29.4,17.1,29.4,"","","","","",""
"A0815","Santa Clara","Palo Alto, Mountain View","https://www.californiahealthmaps.org?address=A0815","Female","Lung",163860,38.0,29.8,48.3,76480,39.2,29.0,54.3,"","","","",26475,"","","",51400,47.8,29.5,75.1,5,65528,0.0,10.5,39.2,46.7,2.6,29.4,17.1,29.4,"","","","","",""
"A0815","Santa Clara","Palo Alto, Mountain View","https://www.californiahealthmaps.org?address=A0815","Male","CRC",163780,38.1,29.0,49.3,77595,32.5,22.3,47.9,"","","","",29040,"","","",47155,52.8,31.7,83.5,5,65528,0.0,10.5,39.2,46.7,2.6,29.4,17.1,29.4,"","","","","",""
"A0815","Santa Clara","Palo Alto, Mountain View","https://www.californiahealthmaps.org?address=A0815","Female","CRC",163860,28.6,21.5,37.7,76480,26.1,17.5,39.8,"","","","",26475,"","","",51400,36.2,21.2,59.8,5,65528,0.0,10.5,39.2,46.7,2.6,29.4,17.1,29.4,"","","","","",""
"A0815","Santa Clara","Palo Alto, Mountain View","https://www.californiahealthmaps.org?address=A0815","Male","Mela",163780,39.8,30.4,51.4,77595,56.6,42.2,76.1,"","","","",29040,"","","",47155,"","","",5,65528,0.0,10.5,39.2,46.7,2.6,29.4,17.1,29.4,"","","","","",""
"A0815","Santa Clara","Palo Alto, Mountain View","https://www.californiahealthmaps.org?address=A0815","Female","Mela",163860,28.1,20.9,37.5,76480,48.3,34.6,67.4,"","","","",26475,"","","",51400,"","","",5,65528,0.0,10.5,39.2,46.7,2.6,29.4,17.1,29.4,"","","","","",""
"A0815","Santa Clara","Palo Alto, Mountain View","https://www.californiahealthmaps.org?address=A0815","Female","Uterine",163860,26.0,19.3,34.8,76480,23.1,15.6,35.8,"","","","",26475,"","","",51400,"","","",5,65528,0.0,10.5,39.2,46.7,2.6,29.4,17.1,29.4,"","","","","",""
"A0815","Santa Clara","Palo Alto, Mountain View","https://www.californiahealthmaps.org?address=A0815","Male","Lymph",163780,25.9,18.3,35.7,77595,28.1,18.4,43.2,"","","","",29040,"","","",47155,"","","",5,65528,0.0,10.5,39.2,46.7,2.6,29.4,17.1,29.4,"","","","","",""
"A0815","Santa Clara","Palo Alto, Mountain View","https://www.californiahealthmaps.org?address=A0815","Female","Lymph",163860,20.5,14.5,28.7,76480,17.6,10.2,30.6,"","","","",26475,"","","",51400,"","","",5,65528,0.0,10.5,39.2,46.7,2.6,29.4,17.1,29.4,"","","","","",""
"A0815","Santa Clara","Palo Alto, Mountain View","https://www.californiahealthmaps.org?address=A0815","Male","Urinary",163780,13.8,8.5,21.4,77595,15.1,8.4,27.5,"","","","",29040,"","","",47155,"","","",5,65528,0.0,10.5,39.2,46.7,2.6,29.4,17.1,29.4,"","","","","",""
"A0815","Santa Clara","Palo Alto, Mountain View","https://www.californiahealthmaps.org?address=A0815","Female","Urinary",163860,"","","",76480,"","","","","","","",26475,"","","",51400,"","","",5,65528,0.0,10.5,39.2,46.7,2.6,29.4,17.1,29.4,"","","","","",""
"A0815","Santa Clara","Palo Alto, Mountain View","https://www.californiahealthmaps.org?address=A0815","Male","Kidney",163780,14.2,8.7,22.0,77595,"","","","","","","",29040,"","","",47155,"","","",5,65528,0.0,10.5,39.2,46.7,2.6,29.4,17.1,29.4,"","","","","",""
"A0815","Santa Clara","Palo Alto, Mountain View","https://www.californiahealthmaps.org?address=A0815","Female","Kidney",163860,8.0,4.5,13.7,76480,"","","","","","","",26475,"","","",51400,"","","",5,65528,0.0,10.5,39.2,46.7,2.6,29.4,17.1,29.4,"","","","","",""
"A0815","Santa Clara","Palo Alto, Mountain View","https://www.californiahealthmaps.org?address=A0815","Male","Thyroid",163780,"","","",77595,"","","","","","","",29040,"","","",47155,"","","",5,65528,0.0,10.5,39.2,46.7,2.6,29.4,17.1,29.4,"","","","","",""
"A0815","Santa Clara","Palo Alto, Mountain View","https://www.californiahealthmaps.org?address=A0815","Female","Thyroid",163860,22.1,15.7,30.6,76480,20.4,11.4,35.3,"","","","",26475,"","","",51400,27.9,16.1,47.9,5,65528,0.0,10.5,39.2,46.7,2.6,29.4,17.1,29.4,"","","","","",""
"A0815","Santa Clara","Palo Alto, Mountain View","https://www.californiahealthmaps.org?address=A0815","Male","Liver",163780,9.7,5.4,16.3,77595,"","","","","","","",29040,"","","",47155,"","","",5,65528,0.0,10.5,39.2,46.7,2.6,29.4,17.1,29.4,"","","","","",""
"A0815","Santa Clara","Palo Alto, Mountain View","https://www.californiahealthmaps.org?address=A0815","Female","Liver",163860,"","","",76480,"","","","","","","",26475,"","","",51400,"","","",5,65528,0.0,10.5,39.2,46.7,2.6,29.4,17.1,29.4,"","","","","",""
"A0815","Santa Clara","Palo Alto, Mountain View","https://www.californiahealthmaps.org?address=A0815","Male","Pancreas",163780,16.2,10.5,24.3,77595,17.9,10.5,30.8,"","","","",29040,"","","",47155,"","","",5,65528,0.0,10.5,39.2,46.7,2.6,29.4,17.1,29.4,"","","","","",""
"A0815","Santa Clara","Palo Alto, Mountain View","https://www.californiahealthmaps.org?address=A0815","Female","Pancreas",163860,9.1,5.4,15.0,76480,"","","","","","","",26475,"","","",51400,"","","",5,65528,0.0,10.5,39.2,46.7,2.6,29.4,17.1,29.4,"","","","","",""
"A0815","Santa Clara","Palo Alto, Mountain View","https://www.californiahealthmaps.org?address=A0815","Both","AllSite",327640,437.9,416.1,460.7,154075,457.3,428.4,488.3,"","","","",55515,375.7,301.0,466.1,98555,411.9,369.4,458.4,5,65528,0.0,10.5,39.2,46.7,2.6,29.4,17.1,29.4,"","","","","",""
"A0815","Santa Clara","Palo Alto, Mountain View","https://www.californiahealthmaps.org?address=A0815","Both","Lung",327640,40.8,34.3,48.4,154075,42.4,34.3,52.8,"","","","",55515,"","","",98555,42.8,29.3,60.7,5,65528,0.0,10.5,39.2,46.7,2.6,29.4,17.1,29.4,"","","","","",""
"A0815","Santa Clara","Palo Alto, Mountain View","https://www.californiahealthmaps.org?address=A0815","Both","CRC",327640,32.6,26.9,39.3,154075,29.2,22.4,38.3,"","","","",55515,"","","",98555,43.3,30.4,60.5,5,65528,0.0,10.5,39.2,46.7,2.6,29.4,17.1,29.4,"","","","","",""
"A0815","Santa Clara","Palo Alto, Mountain View","https://www.californiahealthmaps.org?address=A0815","Both","Mela",327640,33.0,27.1,39.9,154075,51.3,41.4,63.7,"","","","",55515,"","","",98555,"","","",5,65528,0.0,10.5,39.2,46.7,2.6,29.4,17.1,29.4,"","","","","",""
"A0815","Santa Clara","Palo Alto, Mountain View","https://www.californiahealthmaps.org?address=A0815","Both","Lymph",327640,22.5,17.7,28.3,154075,21.9,15.8,30.4,"","","","",55515,"","","",98555,20.2,11.9,32.9,5,65528,0.0,10.5,39.2,46.7,2.6,29.4,17.1,29.4,"","","","","",""
"A0815","Santa Clara","Palo Alto, Mountain View","https://www.californiahealthmaps.org?address=A0815","Both","Urinary",327640,8.5,5.7,12.4,154075,7.9,4.6,13.8,"","","","",55515,"","","",98555,"","","",5,65528,0.0,10.5,39.2,46.7,2.6,29.4,17.1,29.4,"","","","","",""
"A0815","Santa Clara","Palo Alto, Mountain View","https://www.californiahealthmaps.org?address=A0815","Both","Kidney",327640,10.8,7.6,15.1,154075,10.2,6.3,16.7,"","","","",55515,"","","",98555,"","","",5,65528,0.0,10.5,39.2,46.7,2.6,29.4,17.1,29.4,"","","","","",""
"A0815","Santa Clara","Palo Alto, Mountain View","https://www.californiahealthmaps.org?address=A0815","Both","Thyroid",327640,14.9,11.1,19.8,154075,16.1,10.4,24.5,"","","","",55515,"","","",98555,16.4,9.8,27.0,5,65528,0.0,10.5,39.2,46.7,2.6,29.4,17.1,29.4,"","","","","",""
"A0815","Santa Clara","Palo Alto, Mountain View","https://www.californiahealthmaps.org?address=A0815","Both","Liver",327640,6.7,4.2,10.2,154075,6.2,3.4,11.7,"","","","",55515,"","","",98555,"","","",5,65528,0.0,10.5,39.2,46.7,2.6,29.4,17.1,29.4,"","","","","",""
"A0815","Santa Clara","Palo Alto, Mountain View","https://www.californiahealthmaps.org?address=A0815","Both","Pancreas",327640,12.3,8.9,16.7,154075,13.2,8.9,20.0,"","","","",55515,"","","",98555,"","","",5,65528,0.0,10.5,39.2,46.7,2.6,29.4,17.1,29.4,"","","","","",""
