"Zone","Counties","Cities","URL","Sex","Cancer","PopTot","AAIR","LCI","UCI","White_PopTot","White_AAIR","White_LCI","White_UCI","Black_PopTot","Black_AAIR","Black_LCI","Black_UCI","Hispanic_PopTot","Hispanic_AAIR","Hispanic_LCI","Hispanic_UCI","Asian_PopTot","Asian_AAIR","Asian_LCI","Asian_UCI","QNSES","PopAll","PerRural","PerUninsured","PerForeignBorn","PerWhite","PerBlack","PerAsian","PerHispanic","PerAPI","PerDocvisit","PerFOBT","PerMammo","PerMenPrev","PerPap","PerWomenPrev"
"A0945","Riverside","Wildomar, Temecula, Murrieta","https://www.californiahealthmaps.org?address=A0945","Male","AllSite",179170,529.5,492.8,568.4,103275,532.9,490.5,578.5,"","","","",47075,472.6,376.7,589.0,13825,363.0,256.3,510.3,3,73572,9.6,14.3,13.6,56.0,3.8,7.5,28.1,7.5,65.3,68.5,80.6,33.0,84.6,33.6
"A0945","Riverside","Wildomar, Temecula, Murrieta","https://www.californiahealthmaps.org?address=A0945","Female","AllSite",188690,409.9,381.4,440.1,109020,428.6,393.5,466.6,"","","","",48520,330.9,264.9,411.0,16150,394.3,287.9,539.5,3,73572,9.6,14.3,13.6,56.0,3.8,7.5,28.1,7.5,65.3,68.5,80.6,33.0,84.6,33.6
"A0945","Riverside","Wildomar, Temecula, Murrieta","https://www.californiahealthmaps.org?address=A0945","Male","Prostate",179170,125.2,108.0,144.7,103275,113.4,94.6,135.3,"","","","",47075,95.8,56.6,156.7,13825,"","","",3,73572,9.6,14.3,13.6,56.0,3.8,7.5,28.1,7.5,65.3,68.5,80.6,33.0,84.6,33.6
"A0945","Riverside","Wildomar, Temecula, Murrieta","https://www.californiahealthmaps.org?address=A0945","Female","Breast",188690,132.3,116.3,150.0,109020,128.6,109.9,150.2,"","","","",48520,131.7,92.0,185.7,16150,121.3,73.2,209.3,3,73572,9.6,14.3,13.6,56.0,3.8,7.5,28.1,7.5,65.3,68.5,80.6,33.0,84.6,33.6
"A0945","Riverside","Wildomar, Temecula, Murrieta","https://www.californiahealthmaps.org?address=A0945","Male","Lung",179170,58.2,46.3,72.4,103275,59.4,45.9,76.0,"","","","",47075,"","","",13825,"","","",3,73572,9.6,14.3,13.6,56.0,3.8,7.5,28.1,7.5,65.3,68.5,80.6,33.0,84.6,33.6
"A0945","Riverside","Wildomar, Temecula, Murrieta","https://www.californiahealthmaps.org?address=A0945","Female","Lung",188690,35.5,27.6,45.3,109020,38.3,28.8,50.8,"","","","",48520,"","","",16150,"","","",3,73572,9.6,14.3,13.6,56.0,3.8,7.5,28.1,7.5,65.3,68.5,80.6,33.0,84.6,33.6
"A0945","Riverside","Wildomar, Temecula, Murrieta","https://www.californiahealthmaps.org?address=A0945","Male","CRC",179170,46.5,36.0,59.3,103275,49.9,37.7,65.4,"","","","",47075,"","","",13825,"","","",3,73572,9.6,14.3,13.6,56.0,3.8,7.5,28.1,7.5,65.3,68.5,80.6,33.0,84.6,33.6
"A0945","Riverside","Wildomar, Temecula, Murrieta","https://www.californiahealthmaps.org?address=A0945","Female","CRC",188690,30.6,23.2,39.8,109020,32.2,23.2,44.3,"","","","",48520,"","","",16150,"","","",3,73572,9.6,14.3,13.6,56.0,3.8,7.5,28.1,7.5,65.3,68.5,80.6,33.0,84.6,33.6
"A0945","Riverside","Wildomar, Temecula, Murrieta","https://www.californiahealthmaps.org?address=A0945","Male","Mela",179170,46.1,35.7,58.9,103275,57.6,44.2,74.3,"","","","",47075,"","","",13825,"","","",3,73572,9.6,14.3,13.6,56.0,3.8,7.5,28.1,7.5,65.3,68.5,80.6,33.0,84.6,33.6
"A0945","Riverside","Wildomar, Temecula, Murrieta","https://www.californiahealthmaps.org?address=A0945","Female","Mela",188690,21.5,15.4,29.5,109020,28.9,20.1,41.0,"","","","",48520,"","","",16150,"","","",3,73572,9.6,14.3,13.6,56.0,3.8,7.5,28.1,7.5,65.3,68.5,80.6,33.0,84.6,33.6
"A0945","Riverside","Wildomar, Temecula, Murrieta","https://www.californiahealthmaps.org?address=A0945","Female","Uterine",188690,25.4,18.8,33.8,109020,25.1,17.4,36.0,"","","","",48520,"","","",16150,"","","",3,73572,9.6,14.3,13.6,56.0,3.8,7.5,28.1,7.5,65.3,68.5,80.6,33.0,84.6,33.6
"A0945","Riverside","Wildomar, Temecula, Murrieta","https://www.californiahealthmaps.org?address=A0945","Male","Lymph",179170,30.6,22.1,41.6,103275,25.2,16.5,37.3,"","","","",47075,"","","",13825,"","","",3,73572,9.6,14.3,13.6,56.0,3.8,7.5,28.1,7.5,65.3,68.5,80.6,33.0,84.6,33.6
"A0945","Riverside","Wildomar, Temecula, Murrieta","https://www.californiahealthmaps.org?address=A0945","Female","Lymph",188690,12.8,8.1,19.2,109020,14.3,8.5,23.5,"","","","",48520,"","","",16150,"","","",3,73572,9.6,14.3,13.6,56.0,3.8,7.5,28.1,7.5,65.3,68.5,80.6,33.0,84.6,33.6
"A0945","Riverside","Wildomar, Temecula, Murrieta","https://www.californiahealthmaps.org?address=A0945","Male","Urinary",179170,27.2,19.0,37.8,103275,30.0,20.4,42.9,"","","","",47075,"","","",13825,"","","",3,73572,9.6,14.3,13.6,56.0,3.8,7.5,28.1,7.5,65.3,68.5,80.6,33.0,84.6,33.6
"A0945","Riverside","Wildomar, Temecula, Murrieta","https://www.californiahealthmaps.org?address=A0945","Female","Urinary",188690,"","","",109020,"","","","","","","",48520,"","","",16150,"","","",3,73572,9.6,14.3,13.6,56.0,3.8,7.5,28.1,7.5,65.3,68.5,80.6,33.0,84.6,33.6
"A0945","Riverside","Wildomar, Temecula, Murrieta","https://www.californiahealthmaps.org?address=A0945","Male","Kidney",179170,18.0,12.0,26.4,103275,14.0,7.9,23.6,"","","","",47075,"","","",13825,"","","",3,73572,9.6,14.3,13.6,56.0,3.8,7.5,28.1,7.5,65.3,68.5,80.6,33.0,84.6,33.6
"A0945","Riverside","Wildomar, Temecula, Murrieta","https://www.californiahealthmaps.org?address=A0945","Female","Kidney",188690,8.1,4.5,13.6,109020,"","","","","","","",48520,"","","",16150,"","","",3,73572,9.6,14.3,13.6,56.0,3.8,7.5,28.1,7.5,65.3,68.5,80.6,33.0,84.6,33.6
"A0945","Riverside","Wildomar, Temecula, Murrieta","https://www.californiahealthmaps.org?address=A0945","Male","Thyroid",179170,"","","",103275,"","","","","","","",47075,"","","",13825,"","","",3,73572,9.6,14.3,13.6,56.0,3.8,7.5,28.1,7.5,65.3,68.5,80.6,33.0,84.6,33.6
"A0945","Riverside","Wildomar, Temecula, Murrieta","https://www.californiahealthmaps.org?address=A0945","Female","Thyroid",188690,24.2,17.6,32.7,109020,30.7,21.1,43.6,"","","","",48520,"","","",16150,"","","",3,73572,9.6,14.3,13.6,56.0,3.8,7.5,28.1,7.5,65.3,68.5,80.6,33.0,84.6,33.6
"A0945","Riverside","Wildomar, Temecula, Murrieta","https://www.californiahealthmaps.org?address=A0945","Male","Liver",179170,14.7,9.1,22.7,103275,13.3,7.4,22.7,"","","","",47075,"","","",13825,"","","",3,73572,9.6,14.3,13.6,56.0,3.8,7.5,28.1,7.5,65.3,68.5,80.6,33.0,84.6,33.6
"A0945","Riverside","Wildomar, Temecula, Murrieta","https://www.californiahealthmaps.org?address=A0945","Female","Liver",188690,"","","",109020,"","","","","","","",48520,"","","",16150,"","","",3,73572,9.6,14.3,13.6,56.0,3.8,7.5,28.1,7.5,65.3,68.5,80.6,33.0,84.6,33.6
"A0945","Riverside","Wildomar, Temecula, Murrieta","https://www.californiahealthmaps.org?address=A0945","Male","Pancreas",179170,21.8,14.9,31.2,103275,23.5,15.3,35.1,"","","","",47075,"","","",13825,"","","",3,73572,9.6,14.3,13.6,56.0,3.8,7.5,28.1,7.5,65.3,68.5,80.6,33.0,84.6,33.6
"A0945","Riverside","Wildomar, Temecula, Murrieta","https://www.californiahealthmaps.org?address=A0945","Female","Pancreas",188690,13.5,8.8,20.1,109020,15.9,10.0,25.0,"","","","",48520,"","","",16150,"","","",3,73572,9.6,14.3,13.6,56.0,3.8,7.5,28.1,7.5,65.3,68.5,80.6,33.0,84.6,33.6
"A0945","Riverside","Wildomar, Temecula, Murrieta","https://www.californiahealthmaps.org?address=A0945","Both","AllSite",367860,458.3,435.7,481.7,212295,469.1,442.3,497.4,15200,550.3,410.8,731.3,95595,386.8,330.9,450.6,29975,376.4,300.6,471.0,3,73572,9.6,14.3,13.6,56.0,3.8,7.5,28.1,7.5,65.3,68.5,80.6,33.0,84.6,33.6
"A0945","Riverside","Wildomar, Temecula, Murrieta","https://www.californiahealthmaps.org?address=A0945","Both","Lung",367860,45.3,38.4,53.2,212295,47.5,39.4,57.1,15200,"","","",95595,"","","",29975,"","","",3,73572,9.6,14.3,13.6,56.0,3.8,7.5,28.1,7.5,65.3,68.5,80.6,33.0,84.6,33.6
"A0945","Riverside","Wildomar, Temecula, Murrieta","https://www.californiahealthmaps.org?address=A0945","Both","CRC",367860,37.1,30.9,44.2,212295,39.8,32.3,48.8,15200,"","","",95595,31.9,16.9,55.9,29975,"","","",3,73572,9.6,14.3,13.6,56.0,3.8,7.5,28.1,7.5,65.3,68.5,80.6,33.0,84.6,33.6
"A0945","Riverside","Wildomar, Temecula, Murrieta","https://www.californiahealthmaps.org?address=A0945","Both","Mela",367860,31.8,26.1,38.5,212295,40.9,33.2,50.2,15200,"","","",95595,"","","",29975,"","","",3,73572,9.6,14.3,13.6,56.0,3.8,7.5,28.1,7.5,65.3,68.5,80.6,33.0,84.6,33.6
"A0945","Riverside","Wildomar, Temecula, Murrieta","https://www.californiahealthmaps.org?address=A0945","Both","Lymph",367860,20.2,15.7,25.7,212295,18.4,13.4,25.0,15200,"","","",95595,"","","",29975,"","","",3,73572,9.6,14.3,13.6,56.0,3.8,7.5,28.1,7.5,65.3,68.5,80.6,33.0,84.6,33.6
"A0945","Riverside","Wildomar, Temecula, Murrieta","https://www.californiahealthmaps.org?address=A0945","Both","Urinary",367860,13.5,9.8,18.2,212295,14.9,10.5,20.8,15200,"","","",95595,"","","",29975,"","","",3,73572,9.6,14.3,13.6,56.0,3.8,7.5,28.1,7.5,65.3,68.5,80.6,33.0,84.6,33.6
"A0945","Riverside","Wildomar, Temecula, Murrieta","https://www.californiahealthmaps.org?address=A0945","Both","Kidney",367860,12.8,9.3,17.2,212295,10.7,6.9,16.1,15200,"","","",95595,"","","",29975,"","","",3,73572,9.6,14.3,13.6,56.0,3.8,7.5,28.1,7.5,65.3,68.5,80.6,33.0,84.6,33.6
"A0945","Riverside","Wildomar, Temecula, Murrieta","https://www.californiahealthmaps.org?address=A0945","Both","Thyroid",367860,15.7,11.8,20.5,212295,19.4,13.9,26.6,15200,"","","",95595,"","","",29975,"","","",3,73572,9.6,14.3,13.6,56.0,3.8,7.5,28.1,7.5,65.3,68.5,80.6,33.0,84.6,33.6
"A0945","Riverside","Wildomar, Temecula, Murrieta","https://www.californiahealthmaps.org?address=A0945","Both","Liver",367860,8.0,5.3,11.7,212295,6.6,3.9,11.1,15200,"","","",95595,"","","",29975,"","","",3,73572,9.6,14.3,13.6,56.0,3.8,7.5,28.1,7.5,65.3,68.5,80.6,33.0,84.6,33.6
"A0945","Riverside","Wildomar, Temecula, Murrieta","https://www.californiahealthmaps.org?address=A0945","Both","Pancreas",367860,17.5,13.3,22.7,212295,19.5,14.4,26.2,15200,"","","",95595,"","","",29975,"","","",3,73572,9.6,14.3,13.6,56.0,3.8,7.5,28.1,7.5,65.3,68.5,80.6,33.0,84.6,33.6
