"Zone","Counties","Cities","URL","Sex","Cancer","PopTot","AAIR","LCI","UCI","White_PopTot","White_AAIR","White_LCI","White_UCI","Black_PopTot","Black_AAIR","Black_LCI","Black_UCI","Hispanic_PopTot","Hispanic_AAIR","Hispanic_LCI","Hispanic_UCI","Asian_PopTot","Asian_AAIR","Asian_LCI","Asian_UCI","QNSES","PopAll","PerRural","PerUninsured","PerForeignBorn","PerWhite","PerBlack","PerAsian","PerHispanic","PerAPI","PerDocvisit","PerFOBT","PerMammo","PerMenPrev","PerPap","PerWomenPrev"
"A0877","Riverside","Desert Hot Springs, Palm Springs, Cathedral City","https://www.californiahealthmaps.org?address=A0877","Male","AllSite",134580,496.4,461.3,533.8,51620,499.4,454.6,552.3,"","","","",70565,556.2,458.7,675.0,"","","","",1,53705,7.7,26.1,25.6,37.1,4.7,2.8,51.4,2.8,"","","","","",""
"A0877","Riverside","Desert Hot Springs, Palm Springs, Cathedral City","https://www.californiahealthmaps.org?address=A0877","Female","AllSite",133945,406.2,374.7,440.0,51715,380.6,338.8,430.6,"","","","",69370,444.5,369.9,535.5,"","","","",1,53705,7.7,26.1,25.6,37.1,4.7,2.8,51.4,2.8,"","","","","",""
"A0877","Riverside","Desert Hot Springs, Palm Springs, Cathedral City","https://www.californiahealthmaps.org?address=A0877","Male","Prostate",134580,119.8,103.1,138.8,51620,95.5,78.8,121.4,"","","","",70565,187.6,132.2,265.7,"","","","",1,53705,7.7,26.1,25.6,37.1,4.7,2.8,51.4,2.8,"","","","","",""
"A0877","Riverside","Desert Hot Springs, Palm Springs, Cathedral City","https://www.californiahealthmaps.org?address=A0877","Female","Breast",133945,114.9,98.1,134.1,51715,89.4,69.9,118.3,"","","","",69370,126.6,93.3,176.5,"","","","",1,53705,7.7,26.1,25.6,37.1,4.7,2.8,51.4,2.8,"","","","","",""
"A0877","Riverside","Desert Hot Springs, Palm Springs, Cathedral City","https://www.californiahealthmaps.org?address=A0877","Male","Lung",134580,60.4,48.7,74.6,51620,63.0,49.2,86.8,"","","","",70565,"","","","","","","",1,53705,7.7,26.1,25.6,37.1,4.7,2.8,51.4,2.8,"","","","","",""
"A0877","Riverside","Desert Hot Springs, Palm Springs, Cathedral City","https://www.californiahealthmaps.org?address=A0877","Female","Lung",133945,52.4,42.1,65.0,51715,65.7,52.1,88.7,"","","","",69370,"","","","","","","",1,53705,7.7,26.1,25.6,37.1,4.7,2.8,51.4,2.8,"","","","","",""
"A0877","Riverside","Desert Hot Springs, Palm Springs, Cathedral City","https://www.californiahealthmaps.org?address=A0877","Male","CRC",134580,50.3,39.4,63.7,51620,42.1,30.9,63.9,"","","","",70565,67.4,37.1,122.3,"","","","",1,53705,7.7,26.1,25.6,37.1,4.7,2.8,51.4,2.8,"","","","","",""
"A0877","Riverside","Desert Hot Springs, Palm Springs, Cathedral City","https://www.californiahealthmaps.org?address=A0877","Female","CRC",133945,40.2,31.0,51.8,51715,27.6,18.7,47.1,"","","","",69370,77.5,47.1,126.9,"","","","",1,53705,7.7,26.1,25.6,37.1,4.7,2.8,51.4,2.8,"","","","","",""
"A0877","Riverside","Desert Hot Springs, Palm Springs, Cathedral City","https://www.californiahealthmaps.org?address=A0877","Male","Mela",134580,37.1,27.9,48.9,51620,48.8,35.6,72.4,"","","","",70565,"","","","","","","",1,53705,7.7,26.1,25.6,37.1,4.7,2.8,51.4,2.8,"","","","","",""
"A0877","Riverside","Desert Hot Springs, Palm Springs, Cathedral City","https://www.californiahealthmaps.org?address=A0877","Female","Mela",133945,13.0,7.7,21.1,51715,"","","","","","","",69370,"","","","","","","",1,53705,7.7,26.1,25.6,37.1,4.7,2.8,51.4,2.8,"","","","","",""
"A0877","Riverside","Desert Hot Springs, Palm Springs, Cathedral City","https://www.californiahealthmaps.org?address=A0877","Female","Uterine",133945,19.3,12.9,28.2,51715,21.5,11.5,43.1,"","","","",69370,"","","","","","","",1,53705,7.7,26.1,25.6,37.1,4.7,2.8,51.4,2.8,"","","","","",""
"A0877","Riverside","Desert Hot Springs, Palm Springs, Cathedral City","https://www.californiahealthmaps.org?address=A0877","Male","Lymph",134580,18.4,12.1,27.3,51620,16.2,9.4,35.5,"","","","",70565,"","","","","","","",1,53705,7.7,26.1,25.6,37.1,4.7,2.8,51.4,2.8,"","","","","",""
"A0877","Riverside","Desert Hot Springs, Palm Springs, Cathedral City","https://www.californiahealthmaps.org?address=A0877","Female","Lymph",133945,18.0,12.0,26.5,51715,18.5,10.2,38.3,"","","","",69370,"","","","","","","",1,53705,7.7,26.1,25.6,37.1,4.7,2.8,51.4,2.8,"","","","","",""
"A0877","Riverside","Desert Hot Springs, Palm Springs, Cathedral City","https://www.californiahealthmaps.org?address=A0877","Male","Urinary",134580,18.6,12.4,27.5,51620,19.5,12.2,38.8,"","","","",70565,"","","","","","","",1,53705,7.7,26.1,25.6,37.1,4.7,2.8,51.4,2.8,"","","","","",""
"A0877","Riverside","Desert Hot Springs, Palm Springs, Cathedral City","https://www.californiahealthmaps.org?address=A0877","Female","Urinary",133945,"","","",51715,"","","","","","","",69370,"","","","","","","",1,53705,7.7,26.1,25.6,37.1,4.7,2.8,51.4,2.8,"","","","","",""
"A0877","Riverside","Desert Hot Springs, Palm Springs, Cathedral City","https://www.californiahealthmaps.org?address=A0877","Male","Kidney",134580,16.7,10.8,25.2,51620,18.2,11.2,37.3,"","","","",70565,"","","","","","","",1,53705,7.7,26.1,25.6,37.1,4.7,2.8,51.4,2.8,"","","","","",""
"A0877","Riverside","Desert Hot Springs, Palm Springs, Cathedral City","https://www.californiahealthmaps.org?address=A0877","Female","Kidney",133945,13.0,7.9,20.7,51715,"","","","","","","",69370,"","","","","","","",1,53705,7.7,26.1,25.6,37.1,4.7,2.8,51.4,2.8,"","","","","",""
"A0877","Riverside","Desert Hot Springs, Palm Springs, Cathedral City","https://www.californiahealthmaps.org?address=A0877","Male","Thyroid",134580,"","","",51620,"","","","","","","",70565,"","","","","","","",1,53705,7.7,26.1,25.6,37.1,4.7,2.8,51.4,2.8,"","","","","",""
"A0877","Riverside","Desert Hot Springs, Palm Springs, Cathedral City","https://www.californiahealthmaps.org?address=A0877","Female","Thyroid",133945,14.0,8.3,22.4,51715,"","","","","","","",69370,"","","","","","","",1,53705,7.7,26.1,25.6,37.1,4.7,2.8,51.4,2.8,"","","","","",""
"A0877","Riverside","Desert Hot Springs, Palm Springs, Cathedral City","https://www.californiahealthmaps.org?address=A0877","Male","Liver",134580,23.0,16.1,32.5,51620,14.2,7.9,33.2,"","","","",70565,55.4,30.2,104.9,"","","","",1,53705,7.7,26.1,25.6,37.1,4.7,2.8,51.4,2.8,"","","","","",""
"A0877","Riverside","Desert Hot Springs, Palm Springs, Cathedral City","https://www.californiahealthmaps.org?address=A0877","Female","Liver",133945,"","","",51715,"","","","","","","",69370,"","","","","","","",1,53705,7.7,26.1,25.6,37.1,4.7,2.8,51.4,2.8,"","","","","",""
"A0877","Riverside","Desert Hot Springs, Palm Springs, Cathedral City","https://www.californiahealthmaps.org?address=A0877","Male","Pancreas",134580,16.5,10.6,25.1,51620,16.2,8.4,36.6,"","","","",70565,"","","","","","","",1,53705,7.7,26.1,25.6,37.1,4.7,2.8,51.4,2.8,"","","","","",""
"A0877","Riverside","Desert Hot Springs, Palm Springs, Cathedral City","https://www.californiahealthmaps.org?address=A0877","Female","Pancreas",133945,10.4,6.1,17.1,51715,"","","","","","","",69370,"","","","","","","",1,53705,7.7,26.1,25.6,37.1,4.7,2.8,51.4,2.8,"","","","","",""
"A0877","Riverside","Desert Hot Springs, Palm Springs, Cathedral City","https://www.californiahealthmaps.org?address=A0877","Both","AllSite",268525,446.2,422.8,470.8,103335,436.5,405.8,471.1,12715,738.9,559.6,975.6,139935,489.7,429.4,559.0,"","","","",1,53705,7.7,26.1,25.6,37.1,4.7,2.8,51.4,2.8,"","","","","",""
"A0877","Riverside","Desert Hot Springs, Palm Springs, Cathedral City","https://www.californiahealthmaps.org?address=A0877","Both","Lung",268525,56.2,48.3,65.2,103335,64.3,54.5,78.6,12715,"","","",139935,30.2,16.3,55.3,"","","","",1,53705,7.7,26.1,25.6,37.1,4.7,2.8,51.4,2.8,"","","","","",""
"A0877","Riverside","Desert Hot Springs, Palm Springs, Cathedral City","https://www.californiahealthmaps.org?address=A0877","Both","CRC",268525,44.8,37.6,53.2,103335,34.6,27.3,46.6,12715,"","","",139935,72.1,50.0,104.3,"","","","",1,53705,7.7,26.1,25.6,37.1,4.7,2.8,51.4,2.8,"","","","","",""
"A0877","Riverside","Desert Hot Springs, Palm Springs, Cathedral City","https://www.californiahealthmaps.org?address=A0877","Both","Mela",268525,24.3,19.0,30.8,103335,31.6,23.3,44.8,12715,"","","",139935,"","","","","","","",1,53705,7.7,26.1,25.6,37.1,4.7,2.8,51.4,2.8,"","","","","",""
"A0877","Riverside","Desert Hot Springs, Palm Springs, Cathedral City","https://www.californiahealthmaps.org?address=A0877","Both","Lymph",268525,18.1,13.6,23.8,103335,17.2,11.7,28.0,12715,"","","",139935,"","","","","","","",1,53705,7.7,26.1,25.6,37.1,4.7,2.8,51.4,2.8,"","","","","",""
"A0877","Riverside","Desert Hot Springs, Palm Springs, Cathedral City","https://www.californiahealthmaps.org?address=A0877","Both","Urinary",268525,12.0,8.5,16.7,103335,12.7,8.6,22.4,12715,"","","",139935,"","","","","","","",1,53705,7.7,26.1,25.6,37.1,4.7,2.8,51.4,2.8,"","","","","",""
"A0877","Riverside","Desert Hot Springs, Palm Springs, Cathedral City","https://www.californiahealthmaps.org?address=A0877","Both","Kidney",268525,14.7,10.7,20.0,103335,15.4,10.5,25.8,12715,"","","",139935,"","","","","","","",1,53705,7.7,26.1,25.6,37.1,4.7,2.8,51.4,2.8,"","","","","",""
"A0877","Riverside","Desert Hot Springs, Palm Springs, Cathedral City","https://www.californiahealthmaps.org?address=A0877","Both","Thyroid",268525,11.1,7.5,16.1,103335,9.9,4.7,21.2,12715,"","","",139935,"","","","","","","",1,53705,7.7,26.1,25.6,37.1,4.7,2.8,51.4,2.8,"","","","","",""
"A0877","Riverside","Desert Hot Springs, Palm Springs, Cathedral City","https://www.californiahealthmaps.org?address=A0877","Both","Liver",268525,13.8,10.0,18.7,103335,9.3,5.6,18.9,12715,"","","",139935,32.6,18.8,56.9,"","","","",1,53705,7.7,26.1,25.6,37.1,4.7,2.8,51.4,2.8,"","","","","",""
"A0877","Riverside","Desert Hot Springs, Palm Springs, Cathedral City","https://www.californiahealthmaps.org?address=A0877","Both","Pancreas",268525,13.4,9.6,18.4,103335,13.8,8.7,24.4,12715,"","","",139935,"","","","","","","",1,53705,7.7,26.1,25.6,37.1,4.7,2.8,51.4,2.8,"","","","","",""
