"Zone","Counties","Cities","URL","Sex","Cancer","PopTot","AAIR","LCI","UCI","White_PopTot","White_AAIR","White_LCI","White_UCI","Black_PopTot","Black_AAIR","Black_LCI","Black_UCI","Hispanic_PopTot","Hispanic_AAIR","Hispanic_LCI","Hispanic_UCI","Asian_PopTot","Asian_AAIR","Asian_LCI","Asian_UCI","QNSES","PopAll","PerRural","PerUninsured","PerForeignBorn","PerWhite","PerBlack","PerAsian","PerHispanic","PerAPI","PerDocvisit","PerFOBT","PerMammo","PerMenPrev","PerPap","PerWomenPrev"
"B0094","Tuolumne, Mariposa","Sonora","https://www.californiahealthmaps.org?address=B0094","Male","AllSite",192570,414.6,390.6,440.3,153215,401.2,376.0,428.6,"","","","",22820,367.9,276.1,485.2,"","","","",2,73616,63.0,12.6,4.5,81.8,1.7,1.3,10.4,1.3,"","","","","",""
"B0094","Tuolumne, Mariposa","Sonora","https://www.californiahealthmaps.org?address=B0094","Female","AllSite",175510,393.4,368.8,419.9,149370,374.3,348.8,402.2,"","","","",15150,507.8,393.3,648.4,"","","","",2,73616,63.0,12.6,4.5,81.8,1.7,1.3,10.4,1.3,"","","","","",""
"B0094","Tuolumne, Mariposa","Sonora","https://www.californiahealthmaps.org?address=B0094","Male","Prostate",192570,84.3,74.1,96.3,153215,81.2,70.6,93.9,"","","","",22820,"","","","","","","",2,73616,63.0,12.6,4.5,81.8,1.7,1.3,10.4,1.3,"","","","","",""
"B0094","Tuolumne, Mariposa","Sonora","https://www.californiahealthmaps.org?address=B0094","Female","Breast",175510,108.6,96.1,123.1,149370,105.2,92.0,120.8,"","","","",15150,143.0,88.9,223.2,"","","","",2,73616,63.0,12.6,4.5,81.8,1.7,1.3,10.4,1.3,"","","","","",""
"B0094","Tuolumne, Mariposa","Sonora","https://www.californiahealthmaps.org?address=B0094","Male","Lung",192570,48.3,40.4,57.8,153215,48.8,40.6,59.3,"","","","",22820,"","","","","","","",2,73616,63.0,12.6,4.5,81.8,1.7,1.3,10.4,1.3,"","","","","",""
"B0094","Tuolumne, Mariposa","Sonora","https://www.californiahealthmaps.org?address=B0094","Female","Lung",175510,46.3,38.9,55.6,149370,45.6,37.9,55.7,"","","","",15150,"","","","","","","",2,73616,63.0,12.6,4.5,81.8,1.7,1.3,10.4,1.3,"","","","","",""
"B0094","Tuolumne, Mariposa","Sonora","https://www.californiahealthmaps.org?address=B0094","Male","CRC",192570,29.4,23.2,37.5,153215,30.5,23.5,39.9,"","","","",22820,"","","","","","","",2,73616,63.0,12.6,4.5,81.8,1.7,1.3,10.4,1.3,"","","","","",""
"B0094","Tuolumne, Mariposa","Sonora","https://www.californiahealthmaps.org?address=B0094","Female","CRC",175510,28.0,21.9,36.4,149370,28.0,21.4,37.4,"","","","",15150,"","","","","","","",2,73616,63.0,12.6,4.5,81.8,1.7,1.3,10.4,1.3,"","","","","",""
"B0094","Tuolumne, Mariposa","Sonora","https://www.californiahealthmaps.org?address=B0094","Male","Mela",192570,45.9,38.0,55.6,153215,39.7,31.8,50.0,"","","","",22820,"","","","","","","",2,73616,63.0,12.6,4.5,81.8,1.7,1.3,10.4,1.3,"","","","","",""
"B0094","Tuolumne, Mariposa","Sonora","https://www.californiahealthmaps.org?address=B0094","Female","Mela",175510,33.2,25.6,43.2,149370,20.3,14.4,29.1,"","","","",15150,"","","","","","","",2,73616,63.0,12.6,4.5,81.8,1.7,1.3,10.4,1.3,"","","","","",""
"B0094","Tuolumne, Mariposa","Sonora","https://www.californiahealthmaps.org?address=B0094","Female","Uterine",175510,29.9,23.5,38.4,149370,29.6,22.7,39.2,"","","","",15150,"","","","","","","",2,73616,63.0,12.6,4.5,81.8,1.7,1.3,10.4,1.3,"","","","","",""
"B0094","Tuolumne, Mariposa","Sonora","https://www.californiahealthmaps.org?address=B0094","Male","Lymph",192570,18.3,13.7,24.8,153215,18.7,13.8,26.0,"","","","",22820,"","","","","","","",2,73616,63.0,12.6,4.5,81.8,1.7,1.3,10.4,1.3,"","","","","",""
"B0094","Tuolumne, Mariposa","Sonora","https://www.californiahealthmaps.org?address=B0094","Female","Lymph",175510,15.0,10.8,21.5,149370,14.5,10.1,21.8,"","","","",15150,"","","","","","","",2,73616,63.0,12.6,4.5,81.8,1.7,1.3,10.4,1.3,"","","","","",""
"B0094","Tuolumne, Mariposa","Sonora","https://www.californiahealthmaps.org?address=B0094","Male","Urinary",192570,21.9,16.7,29.0,153215,21.5,16.0,29.4,"","","","",22820,"","","","","","","",2,73616,63.0,12.6,4.5,81.8,1.7,1.3,10.4,1.3,"","","","","",""
"B0094","Tuolumne, Mariposa","Sonora","https://www.californiahealthmaps.org?address=B0094","Female","Urinary",175510,"","","",149370,"","","","","","","",15150,"","","","","","","",2,73616,63.0,12.6,4.5,81.8,1.7,1.3,10.4,1.3,"","","","","",""
"B0094","Tuolumne, Mariposa","Sonora","https://www.californiahealthmaps.org?address=B0094","Male","Kidney",192570,18.9,14.1,25.6,153215,19.2,14.0,27.0,"","","","",22820,"","","","","","","",2,73616,63.0,12.6,4.5,81.8,1.7,1.3,10.4,1.3,"","","","","",""
"B0094","Tuolumne, Mariposa","Sonora","https://www.californiahealthmaps.org?address=B0094","Female","Kidney",175510,8.6,5.3,14.3,149370,9.6,5.9,16.3,"","","","",15150,"","","","","","","",2,73616,63.0,12.6,4.5,81.8,1.7,1.3,10.4,1.3,"","","","","",""
"B0094","Tuolumne, Mariposa","Sonora","https://www.californiahealthmaps.org?address=B0094","Male","Thyroid",192570,"","","",153215,"","","","","","","",22820,"","","","","","","",2,73616,63.0,12.6,4.5,81.8,1.7,1.3,10.4,1.3,"","","","","",""
"B0094","Tuolumne, Mariposa","Sonora","https://www.californiahealthmaps.org?address=B0094","Female","Thyroid",175510,10.9,6.7,17.7,149370,11.2,6.8,18.8,"","","","",15150,"","","","","","","",2,73616,63.0,12.6,4.5,81.8,1.7,1.3,10.4,1.3,"","","","","",""
"B0094","Tuolumne, Mariposa","Sonora","https://www.californiahealthmaps.org?address=B0094","Male","Liver",192570,10.8,7.2,16.3,153215,7.9,4.9,13.7,"","","","",22820,"","","","","","","",2,73616,63.0,12.6,4.5,81.8,1.7,1.3,10.4,1.3,"","","","","",""
"B0094","Tuolumne, Mariposa","Sonora","https://www.californiahealthmaps.org?address=B0094","Female","Liver",175510,"","","",149370,"","","","","","","",15150,"","","","","","","",2,73616,63.0,12.6,4.5,81.8,1.7,1.3,10.4,1.3,"","","","","",""
"B0094","Tuolumne, Mariposa","Sonora","https://www.californiahealthmaps.org?address=B0094","Male","Pancreas",192570,14.3,10.1,20.3,153215,14.5,10.0,21.5,"","","","",22820,"","","","","","","",2,73616,63.0,12.6,4.5,81.8,1.7,1.3,10.4,1.3,"","","","","",""
"B0094","Tuolumne, Mariposa","Sonora","https://www.californiahealthmaps.org?address=B0094","Female","Pancreas",175510,8.2,5.3,13.4,149370,8.0,5.1,13.9,"","","","",15150,"","","","","","","",2,73616,63.0,12.6,4.5,81.8,1.7,1.3,10.4,1.3,"","","","","",""
"B0094","Tuolumne, Mariposa","Sonora","https://www.californiahealthmaps.org?address=B0094","Both","AllSite",368080,399.9,382.9,417.6,302585,385.2,367.3,404.1,"","","","",37970,422.9,350.9,507.3,"","","","",2,73616,63.0,12.6,4.5,81.8,1.7,1.3,10.4,1.3,"","","","","",""
"B0094","Tuolumne, Mariposa","Sonora","https://www.californiahealthmaps.org?address=B0094","Both","Lung",368080,46.9,41.5,53.1,302585,46.9,41.2,53.6,"","","","",37970,66.9,39.6,108.0,"","","","",2,73616,63.0,12.6,4.5,81.8,1.7,1.3,10.4,1.3,"","","","","",""
"B0094","Tuolumne, Mariposa","Sonora","https://www.californiahealthmaps.org?address=B0094","Both","CRC",368080,28.9,24.4,34.2,302585,29.4,24.5,35.5,"","","","",37970,"","","","","","","",2,73616,63.0,12.6,4.5,81.8,1.7,1.3,10.4,1.3,"","","","","",""
"B0094","Tuolumne, Mariposa","Sonora","https://www.californiahealthmaps.org?address=B0094","Both","Mela",368080,38.6,33.3,44.9,302585,29.5,24.5,35.6,"","","","",37970,"","","","","","","",2,73616,63.0,12.6,4.5,81.8,1.7,1.3,10.4,1.3,"","","","","",""
"B0094","Tuolumne, Mariposa","Sonora","https://www.californiahealthmaps.org?address=B0094","Both","Lymph",368080,16.6,13.5,20.7,302585,16.6,13.2,21.1,"","","","",37970,"","","","","","","",2,73616,63.0,12.6,4.5,81.8,1.7,1.3,10.4,1.3,"","","","","",""
"B0094","Tuolumne, Mariposa","Sonora","https://www.californiahealthmaps.org?address=B0094","Both","Urinary",368080,12.8,9.9,16.5,302585,12.5,9.5,16.8,"","","","",37970,"","","","","","","",2,73616,63.0,12.6,4.5,81.8,1.7,1.3,10.4,1.3,"","","","","",""
"B0094","Tuolumne, Mariposa","Sonora","https://www.californiahealthmaps.org?address=B0094","Both","Kidney",368080,13.5,10.6,17.4,302585,14.2,11.0,18.7,"","","","",37970,"","","","","","","",2,73616,63.0,12.6,4.5,81.8,1.7,1.3,10.4,1.3,"","","","","",""
"B0094","Tuolumne, Mariposa","Sonora","https://www.californiahealthmaps.org?address=B0094","Both","Thyroid",368080,8.0,5.4,11.7,302585,8.8,5.8,13.3,"","","","",37970,"","","","","","","",2,73616,63.0,12.6,4.5,81.8,1.7,1.3,10.4,1.3,"","","","","",""
"B0094","Tuolumne, Mariposa","Sonora","https://www.californiahealthmaps.org?address=B0094","Both","Liver",368080,7.5,5.2,10.7,302585,6.0,4.0,9.5,"","","","",37970,"","","","","","","",2,73616,63.0,12.6,4.5,81.8,1.7,1.3,10.4,1.3,"","","","","",""
"B0094","Tuolumne, Mariposa","Sonora","https://www.californiahealthmaps.org?address=B0094","Both","Pancreas",368080,11.3,8.7,14.8,302585,11.3,8.5,15.2,"","","","",37970,"","","","","","","",2,73616,63.0,12.6,4.5,81.8,1.7,1.3,10.4,1.3,"","","","","",""
