"Zone","Counties","Cities","URL","Sex","Cancer","PopTot","AAIR","LCI","UCI","White_PopTot","White_AAIR","White_LCI","White_UCI","Black_PopTot","Black_AAIR","Black_LCI","Black_UCI","Hispanic_PopTot","Hispanic_AAIR","Hispanic_LCI","Hispanic_UCI","Asian_PopTot","Asian_AAIR","Asian_LCI","Asian_UCI","QNSES","PopAll","PerRural","PerUninsured","PerForeignBorn","PerWhite","PerBlack","PerAsian","PerHispanic","PerAPI","PerDocvisit","PerFOBT","PerMammo","PerMenPrev","PerPap","PerWomenPrev"
"A0360","Los Angeles","Pomona, Diamond Bar","https://www.californiahealthmaps.org?address=A0360","Male","AllSite",150310,447.1,407.0,491.1,33250,515.6,439.6,607.0,"","","","",61300,448.0,371.7,539.5,42180,382.7,314.3,464.6,4,60402,0.0,16.3,34.3,22.2,6.0,30.1,39.3,30.1,"","","","","",""
"A0360","Los Angeles","Pomona, Diamond Bar","https://www.californiahealthmaps.org?address=A0360","Female","AllSite",151700,368.5,336.8,402.8,31035,416.3,352.5,496.1,"","","","",62550,340.4,285.2,404.9,44340,343.1,289.3,406.1,4,60402,0.0,16.3,34.3,22.2,6.0,30.1,39.3,30.1,"","","","","",""
"A0360","Los Angeles","Pomona, Diamond Bar","https://www.californiahealthmaps.org?address=A0360","Male","Prostate",150310,109.4,91.0,131.7,33250,89.3,62.2,133.1,"","","","",61300,117.2,79.2,172.0,42180,85.8,56.8,128.9,4,60402,0.0,16.3,34.3,22.2,6.0,30.1,39.3,30.1,"","","","","",""
"A0360","Los Angeles","Pomona, Diamond Bar","https://www.californiahealthmaps.org?address=A0360","Female","Breast",151700,117.2,100.0,136.9,31035,141.2,105.2,194.9,"","","","",62550,82.1,57.4,116.2,44340,119.2,89.0,158.9,4,60402,0.0,16.3,34.3,22.2,6.0,30.1,39.3,30.1,"","","","","",""
"A0360","Los Angeles","Pomona, Diamond Bar","https://www.californiahealthmaps.org?address=A0360","Male","Lung",150310,45.4,32.8,62.5,33250,51.0,29.3,91.2,"","","","",61300,"","","",42180,52.5,29.1,91.4,4,60402,0.0,16.3,34.3,22.2,6.0,30.1,39.3,30.1,"","","","","",""
"A0360","Los Angeles","Pomona, Diamond Bar","https://www.californiahealthmaps.org?address=A0360","Female","Lung",151700,29.9,20.8,41.9,31035,"","","","","","","",62550,"","","",44340,"","","",4,60402,0.0,16.3,34.3,22.2,6.0,30.1,39.3,30.1,"","","","","",""
"A0360","Los Angeles","Pomona, Diamond Bar","https://www.californiahealthmaps.org?address=A0360","Male","CRC",150310,46.2,33.5,63.2,33250,40.5,21.4,78.8,"","","","",61300,50.7,26.7,92.8,42180,65.4,37.6,108.9,4,60402,0.0,16.3,34.3,22.2,6.0,30.1,39.3,30.1,"","","","","",""
"A0360","Los Angeles","Pomona, Diamond Bar","https://www.californiahealthmaps.org?address=A0360","Female","CRC",151700,34.2,25.2,45.9,31035,32.8,18.1,68.6,"","","","",62550,34.7,19.1,60.6,44340,32.2,17.5,57.2,4,60402,0.0,16.3,34.3,22.2,6.0,30.1,39.3,30.1,"","","","","",""
"A0360","Los Angeles","Pomona, Diamond Bar","https://www.californiahealthmaps.org?address=A0360","Male","Mela",150310,18.9,11.4,30.9,33250,50.3,28.1,91.3,"","","","",61300,"","","",42180,"","","",4,60402,0.0,16.3,34.3,22.2,6.0,30.1,39.3,30.1,"","","","","",""
"A0360","Los Angeles","Pomona, Diamond Bar","https://www.californiahealthmaps.org?address=A0360","Female","Mela",151700,"","","",31035,"","","","","","","",62550,"","","",44340,"","","",4,60402,0.0,16.3,34.3,22.2,6.0,30.1,39.3,30.1,"","","","","",""
"A0360","Los Angeles","Pomona, Diamond Bar","https://www.californiahealthmaps.org?address=A0360","Female","Uterine",151700,26.8,19.1,37.0,31035,34.5,18.9,71.2,"","","","",62550,"","","",44340,"","","",4,60402,0.0,16.3,34.3,22.2,6.0,30.1,39.3,30.1,"","","","","",""
"A0360","Los Angeles","Pomona, Diamond Bar","https://www.californiahealthmaps.org?address=A0360","Male","Lymph",150310,19.0,11.7,30.7,33250,"","","","","","","",61300,"","","",42180,"","","",4,60402,0.0,16.3,34.3,22.2,6.0,30.1,39.3,30.1,"","","","","",""
"A0360","Los Angeles","Pomona, Diamond Bar","https://www.californiahealthmaps.org?address=A0360","Female","Lymph",151700,10.6,5.7,18.3,31035,"","","","","","","",62550,"","","",44340,"","","",4,60402,0.0,16.3,34.3,22.2,6.0,30.1,39.3,30.1,"","","","","",""
"A0360","Los Angeles","Pomona, Diamond Bar","https://www.californiahealthmaps.org?address=A0360","Male","Urinary",150310,15.2,8.1,27.0,33250,"","","","","","","",61300,"","","",42180,"","","",4,60402,0.0,16.3,34.3,22.2,6.0,30.1,39.3,30.1,"","","","","",""
"A0360","Los Angeles","Pomona, Diamond Bar","https://www.californiahealthmaps.org?address=A0360","Female","Urinary",151700,"","","",31035,"","","","","","","",62550,"","","",44340,"","","",4,60402,0.0,16.3,34.3,22.2,6.0,30.1,39.3,30.1,"","","","","",""
"A0360","Los Angeles","Pomona, Diamond Bar","https://www.californiahealthmaps.org?address=A0360","Male","Kidney",150310,18.6,11.6,29.8,33250,"","","","","","","",61300,"","","",42180,"","","",4,60402,0.0,16.3,34.3,22.2,6.0,30.1,39.3,30.1,"","","","","",""
"A0360","Los Angeles","Pomona, Diamond Bar","https://www.californiahealthmaps.org?address=A0360","Female","Kidney",151700,10.1,5.5,17.5,31035,"","","","","","","",62550,"","","",44340,"","","",4,60402,0.0,16.3,34.3,22.2,6.0,30.1,39.3,30.1,"","","","","",""
"A0360","Los Angeles","Pomona, Diamond Bar","https://www.californiahealthmaps.org?address=A0360","Male","Thyroid",150310,"","","",33250,"","","","","","","",61300,"","","",42180,"","","",4,60402,0.0,16.3,34.3,22.2,6.0,30.1,39.3,30.1,"","","","","",""
"A0360","Los Angeles","Pomona, Diamond Bar","https://www.californiahealthmaps.org?address=A0360","Female","Thyroid",151700,28.1,20.2,38.6,31035,"","","","","","","",62550,31.3,17.6,54.6,44340,"","","",4,60402,0.0,16.3,34.3,22.2,6.0,30.1,39.3,30.1,"","","","","",""
"A0360","Los Angeles","Pomona, Diamond Bar","https://www.californiahealthmaps.org?address=A0360","Male","Liver",150310,16.9,10.0,28.3,33250,"","","","","","","",61300,"","","",42180,"","","",4,60402,0.0,16.3,34.3,22.2,6.0,30.1,39.3,30.1,"","","","","",""
"A0360","Los Angeles","Pomona, Diamond Bar","https://www.californiahealthmaps.org?address=A0360","Female","Liver",151700,"","","",31035,"","","","","","","",62550,"","","",44340,"","","",4,60402,0.0,16.3,34.3,22.2,6.0,30.1,39.3,30.1,"","","","","",""
"A0360","Los Angeles","Pomona, Diamond Bar","https://www.californiahealthmaps.org?address=A0360","Male","Pancreas",150310,25.6,15.9,40.1,33250,"","","","","","","",61300,"","","",42180,"","","",4,60402,0.0,16.3,34.3,22.2,6.0,30.1,39.3,30.1,"","","","","",""
"A0360","Los Angeles","Pomona, Diamond Bar","https://www.californiahealthmaps.org?address=A0360","Female","Pancreas",151700,13.5,7.6,22.4,31035,"","","","","","","",62550,"","","",44340,"","","",4,60402,0.0,16.3,34.3,22.2,6.0,30.1,39.3,30.1,"","","","","",""
"A0360","Los Angeles","Pomona, Diamond Bar","https://www.californiahealthmaps.org?address=A0360","Both","AllSite",302010,402.2,377.1,428.6,64285,459.9,410.7,516.5,19160,416.0,325.5,532.2,123850,383.7,338.4,434.7,86520,358.9,316.5,406.3,4,60402,0.0,16.3,34.3,22.2,6.0,30.1,39.3,30.1,"","","","","",""
"A0360","Los Angeles","Pomona, Diamond Bar","https://www.californiahealthmaps.org?address=A0360","Both","Lung",302010,37.0,29.2,46.4,64285,44.2,29.9,67.4,19160,"","","",123850,29.6,16.8,49.4,86520,40.4,26.4,60.0,4,60402,0.0,16.3,34.3,22.2,6.0,30.1,39.3,30.1,"","","","","",""
"A0360","Los Angeles","Pomona, Diamond Bar","https://www.californiahealthmaps.org?address=A0360","Both","CRC",302010,38.8,31.3,47.7,64285,37.4,24.7,59.3,19160,"","","",123850,40.7,27.1,60.5,86520,44.8,30.5,64.5,4,60402,0.0,16.3,34.3,22.2,6.0,30.1,39.3,30.1,"","","","","",""
"A0360","Los Angeles","Pomona, Diamond Bar","https://www.californiahealthmaps.org?address=A0360","Both","Mela",302010,12.5,8.3,18.3,64285,34.1,20.8,57.0,19160,"","","",123850,"","","",86520,"","","",4,60402,0.0,16.3,34.3,22.2,6.0,30.1,39.3,30.1,"","","","","",""
"A0360","Los Angeles","Pomona, Diamond Bar","https://www.californiahealthmaps.org?address=A0360","Both","Lymph",302010,14.7,10.2,20.7,64285,23.4,13.0,43.6,19160,"","","",123850,16.3,8.3,30.7,86520,"","","",4,60402,0.0,16.3,34.3,22.2,6.0,30.1,39.3,30.1,"","","","","",""
"A0360","Los Angeles","Pomona, Diamond Bar","https://www.californiahealthmaps.org?address=A0360","Both","Urinary",302010,9.3,5.6,14.6,64285,"","","",19160,"","","",123850,"","","",86520,"","","",4,60402,0.0,16.3,34.3,22.2,6.0,30.1,39.3,30.1,"","","","","",""
"A0360","Los Angeles","Pomona, Diamond Bar","https://www.californiahealthmaps.org?address=A0360","Both","Kidney",302010,14.1,9.9,19.9,64285,"","","",19160,"","","",123850,17.9,9.8,32.2,86520,"","","",4,60402,0.0,16.3,34.3,22.2,6.0,30.1,39.3,30.1,"","","","","",""
"A0360","Los Angeles","Pomona, Diamond Bar","https://www.californiahealthmaps.org?address=A0360","Both","Thyroid",302010,18.2,13.5,24.4,64285,22.0,11.9,42.0,19160,"","","",123850,18.8,10.9,32.8,86520,15.5,8.5,28.0,4,60402,0.0,16.3,34.3,22.2,6.0,30.1,39.3,30.1,"","","","","",""
"A0360","Los Angeles","Pomona, Diamond Bar","https://www.californiahealthmaps.org?address=A0360","Both","Liver",302010,10.2,6.6,15.4,64285,"","","",19160,"","","",123850,"","","",86520,"","","",4,60402,0.0,16.3,34.3,22.2,6.0,30.1,39.3,30.1,"","","","","",""
"A0360","Los Angeles","Pomona, Diamond Bar","https://www.californiahealthmaps.org?address=A0360","Both","Pancreas",302010,18.2,12.9,25.3,64285,"","","",19160,"","","",123850,"","","",86520,"","","",4,60402,0.0,16.3,34.3,22.2,6.0,30.1,39.3,30.1,"","","","","",""
