"Zone","Counties","Cities","URL","Sex","Cancer","PopTot","AAIR","LCI","UCI","White_PopTot","White_AAIR","White_LCI","White_UCI","Black_PopTot","Black_AAIR","Black_LCI","Black_UCI","Hispanic_PopTot","Hispanic_AAIR","Hispanic_LCI","Hispanic_UCI","Asian_PopTot","Asian_AAIR","Asian_LCI","Asian_UCI","QNSES","PopAll","PerRural","PerUninsured","PerForeignBorn","PerWhite","PerBlack","PerAsian","PerHispanic"
"A0535","San Joaquin","Tracy","https://www.californiahealthmaps.org?address=A0535","Male","AllSite",168230,507.9,461.5,558.7,60955,550.4,481.0,628.3,11870,755.7,530.5,1113.3,52245,439.9,345.6,562.5,33725,444.1,347.9,567.3,3,67676,2.8,11.4,26.8,35.1,7.0,19.8,32.7
"A0535","San Joaquin","Tracy","https://www.californiahealthmaps.org?address=A0535","Female","AllSite",170150,434.7,398.2,474.0,61475,490.5,433.8,553.4,12110,479.7,339.6,674.4,51870,378.4,306.3,465.3,35560,358.4,290.1,441.7,3,67676,2.8,11.4,26.8,35.1,7.0,19.8,32.7
"A0535","San Joaquin","Tracy","https://www.californiahealthmaps.org?address=A0535","Male","Prostate",168230,130.8,108.3,157.7,60955,134.5,101.7,176.1,11870,279.1,171.9,532.4,52245,72.5,40.9,136.3,33725,119.6,72.8,196.1,3,67676,2.8,11.4,26.8,35.1,7.0,19.8,32.7
"A0535","San Joaquin","Tracy","https://www.californiahealthmaps.org?address=A0535","Female","Breast",170150,145.4,125.2,168.6,61475,145.6,116.5,181.1,12110,224.9,134.4,372.5,51870,110.0,75.0,159.9,35560,152.9,110.8,210.2,3,67676,2.8,11.4,26.8,35.1,7.0,19.8,32.7
"A0535","San Joaquin","Tracy","https://www.californiahealthmaps.org?address=A0535","Male","Lung",168230,58.9,43.0,79.5,60955,69.9,45.7,103.8,11870,"","","",52245,"","","",33725,"","","",3,67676,2.8,11.4,26.8,35.1,7.0,19.8,32.7
"A0535","San Joaquin","Tracy","https://www.californiahealthmaps.org?address=A0535","Female","Lung",170150,42.3,31.0,56.8,61475,65.2,44.8,92.5,12110,"","","",51870,"","","",35560,"","","",3,67676,2.8,11.4,26.8,35.1,7.0,19.8,32.7
"A0535","San Joaquin","Tracy","https://www.californiahealthmaps.org?address=A0535","Male","CRC",168230,46.2,33.5,63.4,60955,36.1,20.8,60.7,11870,"","","",52245,"","","",33725,"","","",3,67676,2.8,11.4,26.8,35.1,7.0,19.8,32.7
"A0535","San Joaquin","Tracy","https://www.californiahealthmaps.org?address=A0535","Female","CRC",170150,45.7,34.0,60.6,61475,50.7,32.8,75.8,12110,"","","",51870,66.4,37.8,111.6,35560,"","","",3,67676,2.8,11.4,26.8,35.1,7.0,19.8,32.7
"A0535","San Joaquin","Tracy","https://www.californiahealthmaps.org?address=A0535","Male","Mela",168230,21.9,13.2,35.5,60955,42.9,26.0,68.9,11870,"","","",52245,"","","",33725,"","","",3,67676,2.8,11.4,26.8,35.1,7.0,19.8,32.7
"A0535","San Joaquin","Tracy","https://www.californiahealthmaps.org?address=A0535","Female","Mela",170150,20.2,13.2,30.3,61475,26.2,15.2,43.9,12110,"","","",51870,"","","",35560,"","","",3,67676,2.8,11.4,26.8,35.1,7.0,19.8,32.7
"A0535","San Joaquin","Tracy","https://www.californiahealthmaps.org?address=A0535","Female","Uterine",170150,29.4,20.7,41.2,61475,33.5,20.4,53.3,12110,"","","",51870,"","","",35560,"","","",3,67676,2.8,11.4,26.8,35.1,7.0,19.8,32.7
"A0535","San Joaquin","Tracy","https://www.californiahealthmaps.org?address=A0535","Male","Lymph",168230,28.4,18.2,43.4,60955,34.0,18.6,59.2,11870,"","","",52245,"","","",33725,"","","",3,67676,2.8,11.4,26.8,35.1,7.0,19.8,32.7
"A0535","San Joaquin","Tracy","https://www.californiahealthmaps.org?address=A0535","Female","Lymph",170150,14.0,8.1,23.4,61475,"","","",12110,"","","",51870,"","","",35560,"","","",3,67676,2.8,11.4,26.8,35.1,7.0,19.8,32.7
"A0535","San Joaquin","Tracy","https://www.californiahealthmaps.org?address=A0535","Male","Urinary",168230,20.8,11.7,35.2,60955,"","","",11870,"","","",52245,"","","",33725,"","","",3,67676,2.8,11.4,26.8,35.1,7.0,19.8,32.7
"A0535","San Joaquin","Tracy","https://www.californiahealthmaps.org?address=A0535","Female","Urinary",170150,2.5,0.5,8.4,61475,"","","",12110,"","","",51870,"","","",35560,"","","",3,67676,2.8,11.4,26.8,35.1,7.0,19.8,32.7
"A0535","San Joaquin","Tracy","https://www.californiahealthmaps.org?address=A0535","Male","Kidney",168230,24.0,14.9,37.9,60955,"","","",11870,"","","",52245,"","","",33725,"","","",3,67676,2.8,11.4,26.8,35.1,7.0,19.8,32.7
"A0535","San Joaquin","Tracy","https://www.californiahealthmaps.org?address=A0535","Female","Kidney",170150,11.3,6.1,19.8,61475,"","","",12110,"","","",51870,"","","",35560,"","","",3,67676,2.8,11.4,26.8,35.1,7.0,19.8,32.7
"A0535","San Joaquin","Tracy","https://www.californiahealthmaps.org?address=A0535","Male","Thyroid",168230,8.9,4.8,17.7,60955,"","","",11870,"","","",52245,"","","",33725,"","","",3,67676,2.8,11.4,26.8,35.1,7.0,19.8,32.7
"A0535","San Joaquin","Tracy","https://www.californiahealthmaps.org?address=A0535","Female","Thyroid",170150,15.3,9.9,23.8,61475,"","","",12110,"","","",51870,"","","",35560,"","","",3,67676,2.8,11.4,26.8,35.1,7.0,19.8,32.7
"A0535","San Joaquin","Tracy","https://www.californiahealthmaps.org?address=A0535","Both","AllSite",338380,461.6,433.1,491.7,122430,509.5,466.0,556.5,23980,579.3,459.9,729.8,104115,399.3,342.0,465.9,69285,388.2,332.0,453.4,3,67676,2.8,11.4,26.8,35.1,7.0,19.8,32.7
"A0535","San Joaquin","Tracy","https://www.californiahealthmaps.org?address=A0535","Both","Lung",338380,49.1,39.7,60.4,122430,66.2,50.5,85.7,23980,"","","",104115,"","","",69285,36.9,21.0,63.2,3,67676,2.8,11.4,26.8,35.1,7.0,19.8,32.7
"A0535","San Joaquin","Tracy","https://www.californiahealthmaps.org?address=A0535","Both","CRC",338380,45.9,37.2,56.3,122430,44.8,32.2,61.2,23980,"","","",104115,60.8,39.6,92.4,69285,36.5,20.3,63.5,3,67676,2.8,11.4,26.8,35.1,7.0,19.8,32.7
"A0535","San Joaquin","Tracy","https://www.californiahealthmaps.org?address=A0535","Both","Mela",338380,20.2,14.8,27.3,122430,32.7,23.0,45.9,23980,"","","",104115,"","","",69285,"","","",3,67676,2.8,11.4,26.8,35.1,7.0,19.8,32.7
"A0535","San Joaquin","Tracy","https://www.californiahealthmaps.org?address=A0535","Both","Lymph",338380,20.4,14.7,27.9,122430,23.5,14.7,36.2,23980,"","","",104115,"","","",69285,"","","",3,67676,2.8,11.4,26.8,35.1,7.0,19.8,32.7
"A0535","San Joaquin","Tracy","https://www.californiahealthmaps.org?address=A0535","Both","Urinary",338380,10.5,6.2,16.8,122430,"","","",23980,"","","",104115,"","","",69285,"","","",3,67676,2.8,11.4,26.8,35.1,7.0,19.8,32.7
"A0535","San Joaquin","Tracy","https://www.californiahealthmaps.org?address=A0535","Both","Kidney",338380,16.8,11.8,23.6,122430,17.1,10.0,28.1,23980,"","","",104115,"","","",69285,"","","",3,67676,2.8,11.4,26.8,35.1,7.0,19.8,32.7
"A0535","San Joaquin","Tracy","https://www.californiahealthmaps.org?address=A0535","Both","Thyroid",338380,12.3,8.7,17.5,122430,11.4,6.3,20.3,23980,"","","",104115,"","","",69285,"","","",3,67676,2.8,11.4,26.8,35.1,7.0,19.8,32.7
