"Zone","Counties","Cities","URL","Sex","Cancer","PopTot","AAIR","LCI","UCI","White_PopTot","White_AAIR","White_LCI","White_UCI","Black_PopTot","Black_AAIR","Black_LCI","Black_UCI","Hispanic_PopTot","Hispanic_AAIR","Hispanic_LCI","Hispanic_UCI","Asian_PopTot","Asian_AAIR","Asian_LCI","Asian_UCI","QNSES","PopAll","PerRural","PerUninsured","PerForeignBorn","PerWhite","PerBlack","PerAsian","PerHispanic","PerAPI","PerDocvisit","PerFOBT","PerMammo","PerMenPrev","PerPap","PerWomenPrev"
"A0477","Ventura","Camarillo, Oxnard","https://www.californiahealthmaps.org?address=A0477","Male","AllSite",141805,468.5,434.4,504.8,74175,493.1,451.0,539.2,"","","","",50810,455.3,378.0,545.0,"","","","",4,57918,1.5,15.3,20.0,50.9,2.1,7.2,36.9,7.2,"","","","","",""
"A0477","Ventura","Camarillo, Oxnard","https://www.californiahealthmaps.org?address=A0477","Female","AllSite",147785,424.5,393.8,457.3,78495,447.7,407.7,492.0,"","","","",50600,388.9,325.7,461.8,11840,350.4,259.8,473.9,4,57918,1.5,15.3,20.0,50.9,2.1,7.2,36.9,7.2,"","","","","",""
"A0477","Ventura","Camarillo, Oxnard","https://www.californiahealthmaps.org?address=A0477","Male","Prostate",141805,96.7,81.9,113.8,74175,92.8,75.9,113.9,"","","","",50810,108.8,71.7,159.4,"","","","",4,57918,1.5,15.3,20.0,50.9,2.1,7.2,36.9,7.2,"","","","","",""
"A0477","Ventura","Camarillo, Oxnard","https://www.californiahealthmaps.org?address=A0477","Female","Breast",147785,147.1,129.2,167.2,78495,163.3,139.4,191.5,"","","","",50600,104.1,72.9,145.3,11840,150.9,94.9,241.8,4,57918,1.5,15.3,20.0,50.9,2.1,7.2,36.9,7.2,"","","","","",""
"A0477","Ventura","Camarillo, Oxnard","https://www.californiahealthmaps.org?address=A0477","Male","Lung",141805,47.2,36.8,60.1,74175,51.6,38.9,68.7,"","","","",50810,"","","","","","","",4,57918,1.5,15.3,20.0,50.9,2.1,7.2,36.9,7.2,"","","","","",""
"A0477","Ventura","Camarillo, Oxnard","https://www.californiahealthmaps.org?address=A0477","Female","Lung",147785,40.0,31.3,50.9,78495,41.5,31.0,56.6,"","","","",50600,"","","",11840,"","","",4,57918,1.5,15.3,20.0,50.9,2.1,7.2,36.9,7.2,"","","","","",""
"A0477","Ventura","Camarillo, Oxnard","https://www.californiahealthmaps.org?address=A0477","Male","CRC",141805,51.7,40.9,64.8,74175,56.7,43.2,74.7,"","","","",50810,"","","","","","","",4,57918,1.5,15.3,20.0,50.9,2.1,7.2,36.9,7.2,"","","","","",""
"A0477","Ventura","Camarillo, Oxnard","https://www.californiahealthmaps.org?address=A0477","Female","CRC",147785,26.0,18.9,35.3,78495,25.0,16.6,38.2,"","","","",50600,"","","",11840,"","","",4,57918,1.5,15.3,20.0,50.9,2.1,7.2,36.9,7.2,"","","","","",""
"A0477","Ventura","Camarillo, Oxnard","https://www.californiahealthmaps.org?address=A0477","Male","Mela",141805,51.4,40.4,64.7,74175,68.6,52.9,88.9,"","","","",50810,"","","","","","","",4,57918,1.5,15.3,20.0,50.9,2.1,7.2,36.9,7.2,"","","","","",""
"A0477","Ventura","Camarillo, Oxnard","https://www.californiahealthmaps.org?address=A0477","Female","Mela",147785,26.0,18.8,35.6,78495,36.2,24.7,52.8,"","","","",50600,"","","",11840,"","","",4,57918,1.5,15.3,20.0,50.9,2.1,7.2,36.9,7.2,"","","","","",""
"A0477","Ventura","Camarillo, Oxnard","https://www.californiahealthmaps.org?address=A0477","Female","Uterine",147785,18.7,12.8,26.9,78495,18.0,11.3,29.6,"","","","",50600,"","","",11840,"","","",4,57918,1.5,15.3,20.0,50.9,2.1,7.2,36.9,7.2,"","","","","",""
"A0477","Ventura","Camarillo, Oxnard","https://www.californiahealthmaps.org?address=A0477","Male","Lymph",141805,25.1,17.8,34.8,74175,26.2,17.4,39.7,"","","","",50810,"","","","","","","",4,57918,1.5,15.3,20.0,50.9,2.1,7.2,36.9,7.2,"","","","","",""
"A0477","Ventura","Camarillo, Oxnard","https://www.californiahealthmaps.org?address=A0477","Female","Lymph",147785,16.1,10.7,23.8,78495,13.6,8.0,24.4,"","","","",50600,"","","",11840,"","","",4,57918,1.5,15.3,20.0,50.9,2.1,7.2,36.9,7.2,"","","","","",""
"A0477","Ventura","Camarillo, Oxnard","https://www.californiahealthmaps.org?address=A0477","Male","Urinary",141805,17.3,11.3,25.8,74175,19.9,12.4,32.1,"","","","",50810,"","","","","","","",4,57918,1.5,15.3,20.0,50.9,2.1,7.2,36.9,7.2,"","","","","",""
"A0477","Ventura","Camarillo, Oxnard","https://www.californiahealthmaps.org?address=A0477","Female","Urinary",147785,"","","",78495,"","","","","","","",50600,"","","",11840,"","","",4,57918,1.5,15.3,20.0,50.9,2.1,7.2,36.9,7.2,"","","","","",""
"A0477","Ventura","Camarillo, Oxnard","https://www.californiahealthmaps.org?address=A0477","Male","Kidney",141805,22.5,15.5,31.9,74175,21.6,13.8,34.1,"","","","",50810,"","","","","","","",4,57918,1.5,15.3,20.0,50.9,2.1,7.2,36.9,7.2,"","","","","",""
"A0477","Ventura","Camarillo, Oxnard","https://www.californiahealthmaps.org?address=A0477","Female","Kidney",147785,11.7,7.0,18.6,78495,"","","","","","","",50600,"","","",11840,"","","",4,57918,1.5,15.3,20.0,50.9,2.1,7.2,36.9,7.2,"","","","","",""
"A0477","Ventura","Camarillo, Oxnard","https://www.californiahealthmaps.org?address=A0477","Male","Thyroid",141805,"","","",74175,"","","","","","","",50810,"","","","","","","",4,57918,1.5,15.3,20.0,50.9,2.1,7.2,36.9,7.2,"","","","","",""
"A0477","Ventura","Camarillo, Oxnard","https://www.californiahealthmaps.org?address=A0477","Female","Thyroid",147785,22.5,15.4,32.0,78495,20.4,11.0,35.7,"","","","",50600,"","","",11840,"","","",4,57918,1.5,15.3,20.0,50.9,2.1,7.2,36.9,7.2,"","","","","",""
"A0477","Ventura","Camarillo, Oxnard","https://www.californiahealthmaps.org?address=A0477","Male","Liver",141805,12.7,7.9,20.0,74175,"","","","","","","",50810,"","","","","","","",4,57918,1.5,15.3,20.0,50.9,2.1,7.2,36.9,7.2,"","","","","",""
"A0477","Ventura","Camarillo, Oxnard","https://www.californiahealthmaps.org?address=A0477","Female","Liver",147785,"","","",78495,"","","","","","","",50600,"","","",11840,"","","",4,57918,1.5,15.3,20.0,50.9,2.1,7.2,36.9,7.2,"","","","","",""
"A0477","Ventura","Camarillo, Oxnard","https://www.californiahealthmaps.org?address=A0477","Male","Pancreas",141805,19.8,13.3,28.6,74175,20.2,12.8,32.3,"","","","",50810,"","","","","","","",4,57918,1.5,15.3,20.0,50.9,2.1,7.2,36.9,7.2,"","","","","",""
"A0477","Ventura","Camarillo, Oxnard","https://www.californiahealthmaps.org?address=A0477","Female","Pancreas",147785,12.2,7.7,19.0,78495,11.1,6.1,21.2,"","","","",50600,"","","",11840,"","","",4,57918,1.5,15.3,20.0,50.9,2.1,7.2,36.9,7.2,"","","","","",""
"A0477","Ventura","Camarillo, Oxnard","https://www.californiahealthmaps.org?address=A0477","Both","AllSite",289590,439.5,416.9,463.2,152670,463.7,435.0,494.4,"","","","",101410,416.6,367.1,471.5,21820,293.4,229.9,372.8,4,57918,1.5,15.3,20.0,50.9,2.1,7.2,36.9,7.2,"","","","","",""
"A0477","Ventura","Camarillo, Oxnard","https://www.californiahealthmaps.org?address=A0477","Both","Lung",289590,43.3,36.5,51.2,152670,46.6,38.3,57.1,"","","","",101410,36.0,21.9,56.2,21820,"","","",4,57918,1.5,15.3,20.0,50.9,2.1,7.2,36.9,7.2,"","","","","",""
"A0477","Ventura","Camarillo, Oxnard","https://www.californiahealthmaps.org?address=A0477","Both","CRC",289590,37.3,31.0,44.6,152670,39.5,31.6,49.5,"","","","",101410,32.6,20.0,50.9,21820,"","","",4,57918,1.5,15.3,20.0,50.9,2.1,7.2,36.9,7.2,"","","","","",""
"A0477","Ventura","Camarillo, Oxnard","https://www.californiahealthmaps.org?address=A0477","Both","Mela",289590,36.6,30.3,44.1,152670,50.0,40.4,61.8,"","","","",101410,"","","",21820,"","","",4,57918,1.5,15.3,20.0,50.9,2.1,7.2,36.9,7.2,"","","","","",""
"A0477","Ventura","Camarillo, Oxnard","https://www.californiahealthmaps.org?address=A0477","Both","Lymph",289590,20.3,15.7,25.9,152670,19.5,14.2,27.0,"","","","",101410,"","","",21820,"","","",4,57918,1.5,15.3,20.0,50.9,2.1,7.2,36.9,7.2,"","","","","",""
"A0477","Ventura","Camarillo, Oxnard","https://www.californiahealthmaps.org?address=A0477","Both","Urinary",289590,10.4,7.2,14.7,152670,12.7,8.6,19.2,"","","","",101410,"","","",21820,"","","",4,57918,1.5,15.3,20.0,50.9,2.1,7.2,36.9,7.2,"","","","","",""
"A0477","Ventura","Camarillo, Oxnard","https://www.californiahealthmaps.org?address=A0477","Both","Kidney",289590,16.5,12.4,21.8,152670,15.0,10.3,22.1,"","","","",101410,22.0,12.3,37.2,21820,"","","",4,57918,1.5,15.3,20.0,50.9,2.1,7.2,36.9,7.2,"","","","","",""
"A0477","Ventura","Camarillo, Oxnard","https://www.californiahealthmaps.org?address=A0477","Both","Thyroid",289590,14.3,10.3,19.5,152670,14.3,8.8,22.6,"","","","",101410,"","","",21820,"","","",4,57918,1.5,15.3,20.0,50.9,2.1,7.2,36.9,7.2,"","","","","",""
"A0477","Ventura","Camarillo, Oxnard","https://www.californiahealthmaps.org?address=A0477","Both","Liver",289590,8.0,5.3,11.8,152670,"","","","","","","",101410,"","","",21820,"","","",4,57918,1.5,15.3,20.0,50.9,2.1,7.2,36.9,7.2,"","","","","",""
"A0477","Ventura","Camarillo, Oxnard","https://www.californiahealthmaps.org?address=A0477","Both","Pancreas",289590,15.5,11.6,20.5,152670,15.0,10.5,21.6,"","","","",101410,"","","",21820,"","","",4,57918,1.5,15.3,20.0,50.9,2.1,7.2,36.9,7.2,"","","","","",""
