"Zone","Counties","Cities","URL","Sex","Cancer","PopTot","AAIR","LCI","UCI","White_PopTot","White_AAIR","White_LCI","White_UCI","Black_PopTot","Black_AAIR","Black_LCI","Black_UCI","Hispanic_PopTot","Hispanic_AAIR","Hispanic_LCI","Hispanic_UCI","Asian_PopTot","Asian_AAIR","Asian_LCI","Asian_UCI","QNSES","PopAll","PerRural","PerUninsured","PerForeignBorn","PerWhite","PerBlack","PerAsian","PerHispanic","PerAPI","PerDocvisit","PerFOBT","PerMammo","PerMenPrev","PerPap","PerWomenPrev"
"A0200","Stanislaus","Modesto","https://www.californiahealthmaps.org?address=A0200","Male","AllSite",168820,510.4,472.4,551.0,86980,522.3,476.9,571.4,"","","","",59870,468.1,380.5,576.2,11025,391.8,251.2,621.2,2,68750,13.5,15.9,16.5,52.5,2.8,6.3,34.9,6.3,"","","","","",""
"A0200","Stanislaus","Modesto","https://www.californiahealthmaps.org?address=A0200","Female","AllSite",174930,469.0,436.5,503.4,93240,468.2,428.5,511.1,"","","","",58685,456.3,383.2,543.2,11880,529.2,400.6,711.0,2,68750,13.5,15.9,16.5,52.5,2.8,6.3,34.9,6.3,"","","","","",""
"A0200","Stanislaus","Modesto","https://www.californiahealthmaps.org?address=A0200","Male","Prostate",168820,102.3,86.1,121.2,86980,97.0,78.6,118.9,"","","","",59870,130.6,85.0,199.2,11025,"","","",2,68750,13.5,15.9,16.5,52.5,2.8,6.3,34.9,6.3,"","","","","",""
"A0200","Stanislaus","Modesto","https://www.californiahealthmaps.org?address=A0200","Female","Breast",174930,132.0,115.0,150.9,93240,126.0,105.6,149.7,"","","","",58685,115.5,80.6,165.2,11880,218.2,140.4,354.0,2,68750,13.5,15.9,16.5,52.5,2.8,6.3,34.9,6.3,"","","","","",""
"A0200","Stanislaus","Modesto","https://www.californiahealthmaps.org?address=A0200","Male","Lung",168820,64.3,50.6,80.8,86980,69.0,52.8,88.9,"","","","",59870,"","","",11025,"","","",2,68750,13.5,15.9,16.5,52.5,2.8,6.3,34.9,6.3,"","","","","",""
"A0200","Stanislaus","Modesto","https://www.californiahealthmaps.org?address=A0200","Female","Lung",174930,45.4,35.6,57.3,93240,56.5,43.7,72.6,"","","","",58685,"","","",11880,"","","",2,68750,13.5,15.9,16.5,52.5,2.8,6.3,34.9,6.3,"","","","","",""
"A0200","Stanislaus","Modesto","https://www.californiahealthmaps.org?address=A0200","Male","CRC",168820,57.2,45.0,72.1,86980,54.1,40.1,71.9,"","","","",59870,61.4,33.8,112.7,11025,"","","",2,68750,13.5,15.9,16.5,52.5,2.8,6.3,34.9,6.3,"","","","","",""
"A0200","Stanislaus","Modesto","https://www.californiahealthmaps.org?address=A0200","Female","CRC",174930,48.4,38.2,60.6,93240,55.4,42.3,72.0,"","","","",58685,"","","",11880,"","","",2,68750,13.5,15.9,16.5,52.5,2.8,6.3,34.9,6.3,"","","","","",""
"A0200","Stanislaus","Modesto","https://www.californiahealthmaps.org?address=A0200","Male","Mela",168820,31.7,22.7,43.7,86980,31.9,21.4,46.3,"","","","",59870,"","","",11025,"","","",2,68750,13.5,15.9,16.5,52.5,2.8,6.3,34.9,6.3,"","","","","",""
"A0200","Stanislaus","Modesto","https://www.californiahealthmaps.org?address=A0200","Female","Mela",174930,20.1,13.9,28.3,93240,22.6,14.3,34.6,"","","","",58685,"","","",11880,"","","",2,68750,13.5,15.9,16.5,52.5,2.8,6.3,34.9,6.3,"","","","","",""
"A0200","Stanislaus","Modesto","https://www.californiahealthmaps.org?address=A0200","Female","Uterine",174930,31.3,23.6,41.0,93240,33.1,23.6,46.2,"","","","",58685,"","","",11880,"","","",2,68750,13.5,15.9,16.5,52.5,2.8,6.3,34.9,6.3,"","","","","",""
"A0200","Stanislaus","Modesto","https://www.californiahealthmaps.org?address=A0200","Male","Lymph",168820,28.5,20.3,39.5,86980,27.0,17.6,40.2,"","","","",59870,"","","",11025,"","","",2,68750,13.5,15.9,16.5,52.5,2.8,6.3,34.9,6.3,"","","","","",""
"A0200","Stanislaus","Modesto","https://www.californiahealthmaps.org?address=A0200","Female","Lymph",174930,18.9,12.8,27.1,93240,17.0,10.3,27.4,"","","","",58685,"","","",11880,"","","",2,68750,13.5,15.9,16.5,52.5,2.8,6.3,34.9,6.3,"","","","","",""
"A0200","Stanislaus","Modesto","https://www.californiahealthmaps.org?address=A0200","Male","Urinary",168820,27.8,19.2,39.5,86980,29.6,19.3,43.8,"","","","",59870,"","","",11025,"","","",2,68750,13.5,15.9,16.5,52.5,2.8,6.3,34.9,6.3,"","","","","",""
"A0200","Stanislaus","Modesto","https://www.californiahealthmaps.org?address=A0200","Female","Urinary",174930,"","","",93240,"","","","","","","",58685,"","","",11880,"","","",2,68750,13.5,15.9,16.5,52.5,2.8,6.3,34.9,6.3,"","","","","",""
"A0200","Stanislaus","Modesto","https://www.californiahealthmaps.org?address=A0200","Male","Kidney",168820,28.7,20.8,39.3,86980,31.7,21.6,45.5,"","","","",59870,"","","",11025,"","","",2,68750,13.5,15.9,16.5,52.5,2.8,6.3,34.9,6.3,"","","","","",""
"A0200","Stanislaus","Modesto","https://www.californiahealthmaps.org?address=A0200","Female","Kidney",174930,15.3,10.0,22.7,93240,13.8,7.6,23.9,"","","","",58685,"","","",11880,"","","",2,68750,13.5,15.9,16.5,52.5,2.8,6.3,34.9,6.3,"","","","","",""
"A0200","Stanislaus","Modesto","https://www.californiahealthmaps.org?address=A0200","Male","Thyroid",168820,"","","",86980,"","","","","","","",59870,"","","",11025,"","","",2,68750,13.5,15.9,16.5,52.5,2.8,6.3,34.9,6.3,"","","","","",""
"A0200","Stanislaus","Modesto","https://www.californiahealthmaps.org?address=A0200","Female","Thyroid",174930,30.5,22.6,40.4,93240,22.8,14.3,35.2,"","","","",58685,41.6,24.0,74.6,11880,"","","",2,68750,13.5,15.9,16.5,52.5,2.8,6.3,34.9,6.3,"","","","","",""
"A0200","Stanislaus","Modesto","https://www.californiahealthmaps.org?address=A0200","Male","Liver",168820,16.6,10.6,25.4,86980,"","","","","","","",59870,"","","",11025,"","","",2,68750,13.5,15.9,16.5,52.5,2.8,6.3,34.9,6.3,"","","","","",""
"A0200","Stanislaus","Modesto","https://www.californiahealthmaps.org?address=A0200","Female","Liver",174930,"","","",93240,"","","","","","","",58685,"","","",11880,"","","",2,68750,13.5,15.9,16.5,52.5,2.8,6.3,34.9,6.3,"","","","","",""
"A0200","Stanislaus","Modesto","https://www.californiahealthmaps.org?address=A0200","Male","Pancreas",168820,20.5,13.3,30.5,86980,22.3,13.6,34.9,"","","","",59870,"","","",11025,"","","",2,68750,13.5,15.9,16.5,52.5,2.8,6.3,34.9,6.3,"","","","","",""
"A0200","Stanislaus","Modesto","https://www.californiahealthmaps.org?address=A0200","Female","Pancreas",174930,12.3,7.4,19.3,93240,12.0,6.7,21.1,"","","","",58685,"","","",11880,"","","",2,68750,13.5,15.9,16.5,52.5,2.8,6.3,34.9,6.3,"","","","","",""
"A0200","Stanislaus","Modesto","https://www.californiahealthmaps.org?address=A0200","Both","AllSite",343750,484.1,459.5,509.7,180220,490.6,460.7,522.1,"","","","",118555,456.8,400.6,520.7,22905,461.4,366.0,587.9,2,68750,13.5,15.9,16.5,52.5,2.8,6.3,34.9,6.3,"","","","","",""
"A0200","Stanislaus","Modesto","https://www.californiahealthmaps.org?address=A0200","Both","Lung",343750,53.1,45.0,62.4,180220,61.6,51.4,73.5,"","","","",118555,"","","",22905,"","","",2,68750,13.5,15.9,16.5,52.5,2.8,6.3,34.9,6.3,"","","","","",""
"A0200","Stanislaus","Modesto","https://www.californiahealthmaps.org?address=A0200","Both","CRC",343750,52.5,44.5,61.5,180220,54.9,45.1,66.4,"","","","",118555,48.3,31.8,73.2,22905,"","","",2,68750,13.5,15.9,16.5,52.5,2.8,6.3,34.9,6.3,"","","","","",""
"A0200","Stanislaus","Modesto","https://www.californiahealthmaps.org?address=A0200","Both","Mela",343750,24.8,19.5,31.2,180220,26.4,19.8,34.9,"","","","",118555,"","","",22905,"","","",2,68750,13.5,15.9,16.5,52.5,2.8,6.3,34.9,6.3,"","","","","",""
"A0200","Stanislaus","Modesto","https://www.californiahealthmaps.org?address=A0200","Both","Lymph",343750,23.7,18.4,30.0,180220,22.0,16.0,29.7,"","","","",118555,33.6,18.3,58.3,22905,"","","",2,68750,13.5,15.9,16.5,52.5,2.8,6.3,34.9,6.3,"","","","","",""
"A0200","Stanislaus","Modesto","https://www.californiahealthmaps.org?address=A0200","Both","Urinary",343750,15.1,10.8,20.5,180220,17.0,11.7,24.0,"","","","",118555,"","","",22905,"","","",2,68750,13.5,15.9,16.5,52.5,2.8,6.3,34.9,6.3,"","","","","",""
"A0200","Stanislaus","Modesto","https://www.californiahealthmaps.org?address=A0200","Both","Kidney",343750,21.5,16.8,27.4,180220,22.1,16.2,29.8,"","","","",118555,28.0,17.1,47.2,22905,"","","",2,68750,13.5,15.9,16.5,52.5,2.8,6.3,34.9,6.3,"","","","","",""
"A0200","Stanislaus","Modesto","https://www.californiahealthmaps.org?address=A0200","Both","Thyroid",343750,18.2,13.8,23.7,180220,14.5,9.5,21.4,"","","","",118555,24.3,14.4,42.6,22905,"","","",2,68750,13.5,15.9,16.5,52.5,2.8,6.3,34.9,6.3,"","","","","",""
"A0200","Stanislaus","Modesto","https://www.californiahealthmaps.org?address=A0200","Both","Liver",343750,11.3,7.9,15.9,180220,9.5,5.9,14.9,"","","","",118555,"","","",22905,"","","",2,68750,13.5,15.9,16.5,52.5,2.8,6.3,34.9,6.3,"","","","","",""
"A0200","Stanislaus","Modesto","https://www.californiahealthmaps.org?address=A0200","Both","Pancreas",343750,16.0,11.7,21.5,180220,16.6,11.5,23.5,"","","","",118555,"","","",22905,"","","",2,68750,13.5,15.9,16.5,52.5,2.8,6.3,34.9,6.3,"","","","","",""
