"Zone","Counties","Cities","URL","Sex","Cancer","PopTot","AAIR","LCI","UCI","White_PopTot","White_AAIR","White_LCI","White_UCI","Black_PopTot","Black_AAIR","Black_LCI","Black_UCI","Hispanic_PopTot","Hispanic_AAIR","Hispanic_LCI","Hispanic_UCI","Asian_PopTot","Asian_AAIR","Asian_LCI","Asian_UCI","QNSES","PopAll","PerRural","PerUninsured","PerForeignBorn","PerWhite","PerBlack","PerAsian","PerHispanic","PerAPI","PerDocvisit","PerFOBT","PerMammo","PerMenPrev","PerPap","PerWomenPrev"
"B0256","Calaveras, Amador","Jackson, Angels Camp, Ione","https://www.californiahealthmaps.org?address=B0256","Male","AllSite",217855,467.6,443.5,493.2,172515,460.4,434.8,488.0,"","","","",28170,421.7,326.6,544.1,"","","","",3,83669,77.8,11.6,4.9,81.9,1.7,1.4,11.3,1.4,"","","","","",""
"B0256","Calaveras, Amador","Jackson, Angels Camp, Ione","https://www.californiahealthmaps.org?address=B0256","Female","AllSite",200490,408.0,384.2,433.5,169480,398.6,373.7,425.6,"","","","",19125,470.2,370.3,593.3,"","","","",3,83669,77.8,11.6,4.9,81.9,1.7,1.4,11.3,1.4,"","","","","",""
"B0256","Calaveras, Amador","Jackson, Angels Camp, Ione","https://www.californiahealthmaps.org?address=B0256","Male","Prostate",217855,94.2,84.3,105.6,172515,89.6,79.4,101.7,"","","","",28170,97.8,60.0,164.2,"","","","",3,83669,77.8,11.6,4.9,81.9,1.7,1.4,11.3,1.4,"","","","","",""
"B0256","Calaveras, Amador","Jackson, Angels Camp, Ione","https://www.californiahealthmaps.org?address=B0256","Female","Breast",200490,112.4,100.5,126.0,169480,110.0,97.6,124.4,"","","","",19125,127.4,78.1,202.0,"","","","",3,83669,77.8,11.6,4.9,81.9,1.7,1.4,11.3,1.4,"","","","","",""
"B0256","Calaveras, Amador","Jackson, Angels Camp, Ione","https://www.californiahealthmaps.org?address=B0256","Male","Lung",217855,59.3,51.2,69.0,172515,63.4,54.5,74.3,"","","","",28170,"","","","","","","",3,83669,77.8,11.6,4.9,81.9,1.7,1.4,11.3,1.4,"","","","","",""
"B0256","Calaveras, Amador","Jackson, Angels Camp, Ione","https://www.californiahealthmaps.org?address=B0256","Female","Lung",200490,55.9,48.3,65.3,169480,58.3,50.2,68.6,"","","","",19125,"","","","","","","",3,83669,77.8,11.6,4.9,81.9,1.7,1.4,11.3,1.4,"","","","","",""
"B0256","Calaveras, Amador","Jackson, Angels Camp, Ione","https://www.californiahealthmaps.org?address=B0256","Male","CRC",217855,40.3,33.3,49.0,172515,41.1,33.5,50.9,"","","","",28170,"","","","","","","",3,83669,77.8,11.6,4.9,81.9,1.7,1.4,11.3,1.4,"","","","","",""
"B0256","Calaveras, Amador","Jackson, Angels Camp, Ione","https://www.californiahealthmaps.org?address=B0256","Female","CRC",200490,27.8,22.4,35.0,169480,27.9,22.3,35.6,"","","","",19125,"","","","","","","",3,83669,77.8,11.6,4.9,81.9,1.7,1.4,11.3,1.4,"","","","","",""
"B0256","Calaveras, Amador","Jackson, Angels Camp, Ione","https://www.californiahealthmaps.org?address=B0256","Male","Mela",217855,45.2,38.0,54.1,172515,41.4,33.9,51.2,"","","","",28170,"","","","","","","",3,83669,77.8,11.6,4.9,81.9,1.7,1.4,11.3,1.4,"","","","","",""
"B0256","Calaveras, Amador","Jackson, Angels Camp, Ione","https://www.californiahealthmaps.org?address=B0256","Female","Mela",200490,31.7,25.0,40.5,169480,28.3,21.4,37.5,"","","","",19125,"","","","","","","",3,83669,77.8,11.6,4.9,81.9,1.7,1.4,11.3,1.4,"","","","","",""
"B0256","Calaveras, Amador","Jackson, Angels Camp, Ione","https://www.californiahealthmaps.org?address=B0256","Female","Uterine",200490,20.3,15.6,26.8,169480,20.2,15.1,27.5,"","","","",19125,"","","","","","","",3,83669,77.8,11.6,4.9,81.9,1.7,1.4,11.3,1.4,"","","","","",""
"B0256","Calaveras, Amador","Jackson, Angels Camp, Ione","https://www.californiahealthmaps.org?address=B0256","Male","Lymph",217855,20.8,15.8,27.5,172515,21.8,16.1,29.8,"","","","",28170,"","","","","","","",3,83669,77.8,11.6,4.9,81.9,1.7,1.4,11.3,1.4,"","","","","",""
"B0256","Calaveras, Amador","Jackson, Angels Camp, Ione","https://www.californiahealthmaps.org?address=B0256","Female","Lymph",200490,16.9,12.2,23.7,169480,16.7,11.5,24.4,"","","","",19125,"","","","","","","",3,83669,77.8,11.6,4.9,81.9,1.7,1.4,11.3,1.4,"","","","","",""
"B0256","Calaveras, Amador","Jackson, Angels Camp, Ione","https://www.californiahealthmaps.org?address=B0256","Male","Urinary",217855,25.0,19.7,32.0,172515,25.2,19.7,33.0,"","","","",28170,"","","","","","","",3,83669,77.8,11.6,4.9,81.9,1.7,1.4,11.3,1.4,"","","","","",""
"B0256","Calaveras, Amador","Jackson, Angels Camp, Ione","https://www.californiahealthmaps.org?address=B0256","Female","Urinary",200490,4.5,2.6,8.6,169480,"","","","","","","",19125,"","","","","","","",3,83669,77.8,11.6,4.9,81.9,1.7,1.4,11.3,1.4,"","","","","",""
"B0256","Calaveras, Amador","Jackson, Angels Camp, Ione","https://www.californiahealthmaps.org?address=B0256","Male","Kidney",217855,21.7,16.8,28.4,172515,22.4,16.9,30.2,"","","","",28170,"","","","","","","",3,83669,77.8,11.6,4.9,81.9,1.7,1.4,11.3,1.4,"","","","","",""
"B0256","Calaveras, Amador","Jackson, Angels Camp, Ione","https://www.californiahealthmaps.org?address=B0256","Female","Kidney",200490,12.1,8.2,17.9,169480,11.6,7.6,18.1,"","","","",19125,"","","","","","","",3,83669,77.8,11.6,4.9,81.9,1.7,1.4,11.3,1.4,"","","","","",""
"B0256","Calaveras, Amador","Jackson, Angels Camp, Ione","https://www.californiahealthmaps.org?address=B0256","Male","Thyroid",217855,"","","",172515,"","","","","","","",28170,"","","","","","","",3,83669,77.8,11.6,4.9,81.9,1.7,1.4,11.3,1.4,"","","","","",""
"B0256","Calaveras, Amador","Jackson, Angels Camp, Ione","https://www.californiahealthmaps.org?address=B0256","Female","Thyroid",200490,16.2,10.5,24.3,169480,17.5,11.0,27.0,"","","","",19125,"","","","","","","",3,83669,77.8,11.6,4.9,81.9,1.7,1.4,11.3,1.4,"","","","","",""
"B0256","Calaveras, Amador","Jackson, Angels Camp, Ione","https://www.californiahealthmaps.org?address=B0256","Male","Liver",217855,16.6,12.6,22.2,172515,13.0,9.4,19.0,"","","","",28170,62.2,31.5,124.1,"","","","",3,83669,77.8,11.6,4.9,81.9,1.7,1.4,11.3,1.4,"","","","","",""
"B0256","Calaveras, Amador","Jackson, Angels Camp, Ione","https://www.californiahealthmaps.org?address=B0256","Female","Liver",200490,4.4,2.5,8.5,169480,"","","","","","","",19125,"","","","","","","",3,83669,77.8,11.6,4.9,81.9,1.7,1.4,11.3,1.4,"","","","","",""
"B0256","Calaveras, Amador","Jackson, Angels Camp, Ione","https://www.californiahealthmaps.org?address=B0256","Male","Pancreas",217855,15.2,11.1,21.1,172515,15.9,11.3,22.9,"","","","",28170,"","","","","","","",3,83669,77.8,11.6,4.9,81.9,1.7,1.4,11.3,1.4,"","","","","",""
"B0256","Calaveras, Amador","Jackson, Angels Camp, Ione","https://www.californiahealthmaps.org?address=B0256","Female","Pancreas",200490,9.4,6.5,14.2,169480,9.3,6.4,14.7,"","","","",19125,"","","","","","","",3,83669,77.8,11.6,4.9,81.9,1.7,1.4,11.3,1.4,"","","","","",""
"B0256","Calaveras, Amador","Jackson, Angels Camp, Ione","https://www.californiahealthmaps.org?address=B0256","Both","AllSite",418345,432.9,416.3,450.4,341995,425.6,407.9,444.3,"","","","",47295,428.9,362.7,506.0,"","","","",3,83669,77.8,11.6,4.9,81.9,1.7,1.4,11.3,1.4,"","","","","",""
"B0256","Calaveras, Amador","Jackson, Angels Camp, Ione","https://www.californiahealthmaps.org?address=B0256","Both","Lung",418345,57.7,52.1,64.1,341995,60.9,54.8,67.9,"","","","",47295,"","","","","","","",3,83669,77.8,11.6,4.9,81.9,1.7,1.4,11.3,1.4,"","","","","",""
"B0256","Calaveras, Amador","Jackson, Angels Camp, Ione","https://www.californiahealthmaps.org?address=B0256","Both","CRC",418345,34.0,29.5,39.3,341995,34.3,29.6,40.1,"","","","",47295,"","","","","","","",3,83669,77.8,11.6,4.9,81.9,1.7,1.4,11.3,1.4,"","","","","",""
"B0256","Calaveras, Amador","Jackson, Angels Camp, Ione","https://www.californiahealthmaps.org?address=B0256","Both","Mela",418345,37.8,32.9,43.5,341995,34.3,29.3,40.5,"","","","",47295,"","","","","","","",3,83669,77.8,11.6,4.9,81.9,1.7,1.4,11.3,1.4,"","","","","",""
"B0256","Calaveras, Amador","Jackson, Angels Camp, Ione","https://www.californiahealthmaps.org?address=B0256","Both","Lymph",418345,18.4,15.0,22.6,341995,18.8,15.0,23.8,"","","","",47295,"","","","","","","",3,83669,77.8,11.6,4.9,81.9,1.7,1.4,11.3,1.4,"","","","","",""
"B0256","Calaveras, Amador","Jackson, Angels Camp, Ione","https://www.californiahealthmaps.org?address=B0256","Both","Urinary",418345,14.2,11.4,17.7,341995,14.0,11.1,17.9,"","","","",47295,"","","","","","","",3,83669,77.8,11.6,4.9,81.9,1.7,1.4,11.3,1.4,"","","","","",""
"B0256","Calaveras, Amador","Jackson, Angels Camp, Ione","https://www.californiahealthmaps.org?address=B0256","Both","Kidney",418345,16.8,13.6,20.8,341995,16.8,13.4,21.4,"","","","",47295,"","","","","","","",3,83669,77.8,11.6,4.9,81.9,1.7,1.4,11.3,1.4,"","","","","",""
"B0256","Calaveras, Amador","Jackson, Angels Camp, Ione","https://www.californiahealthmaps.org?address=B0256","Both","Thyroid",418345,8.9,6.2,12.7,341995,9.3,6.1,13.9,"","","","",47295,"","","","","","","",3,83669,77.8,11.6,4.9,81.9,1.7,1.4,11.3,1.4,"","","","","",""
"B0256","Calaveras, Amador","Jackson, Angels Camp, Ione","https://www.californiahealthmaps.org?address=B0256","Both","Liver",418345,10.5,8.2,13.6,341995,8.7,6.6,11.9,"","","","",47295,34.8,19.1,62.6,"","","","",3,83669,77.8,11.6,4.9,81.9,1.7,1.4,11.3,1.4,"","","","","",""
"B0256","Calaveras, Amador","Jackson, Angels Camp, Ione","https://www.californiahealthmaps.org?address=B0256","Both","Pancreas",418345,12.3,9.8,15.7,341995,12.6,9.8,16.6,"","","","",47295,"","","","","","","",3,83669,77.8,11.6,4.9,81.9,1.7,1.4,11.3,1.4,"","","","","",""
