"Zone","Counties","Cities","URL","Sex","Cancer","PopTot","AAIR","LCI","UCI","White_PopTot","White_AAIR","White_LCI","White_UCI","Black_PopTot","Black_AAIR","Black_LCI","Black_UCI","Hispanic_PopTot","Hispanic_AAIR","Hispanic_LCI","Hispanic_UCI","Asian_PopTot","Asian_AAIR","Asian_LCI","Asian_UCI","QNSES","PopAll","PerRural","PerUninsured","PerForeignBorn","PerWhite","PerBlack","PerAsian","PerHispanic"
"A1003","Riverside","Indian Wells, La Quinta, Palm Desert","https://www.californiahealthmaps.org?address=A1003","Male","AllSite",166155,477.2,445.8,510.5,67865,502.0,461.9,547.3,"","","","",87960,346.5,283.9,422.8,"","","","",3,65682,33.8,23.5,26.9,45.3,1.0,2.7,49.2
"A1003","Riverside","Indian Wells, La Quinta, Palm Desert","https://www.californiahealthmaps.org?address=A1003","Female","AllSite",162255,375.6,347.8,405.5,70660,404.4,365.9,448.4,"","","","",81370,303.5,248.2,371.0,"","","","",3,65682,33.8,23.5,26.9,45.3,1.0,2.7,49.2
"A1003","Riverside","Indian Wells, La Quinta, Palm Desert","https://www.californiahealthmaps.org?address=A1003","Male","Prostate",166155,108.2,94.0,124.4,67865,103.1,87.0,124.6,"","","","",87960,85.7,56.9,129.1,"","","","",3,65682,33.8,23.5,26.9,45.3,1.0,2.7,49.2
"A1003","Riverside","Indian Wells, La Quinta, Palm Desert","https://www.californiahealthmaps.org?address=A1003","Female","Breast",162255,112.2,97.2,129.2,70660,116.4,95.7,143.0,"","","","",81370,112.9,80.9,157.5,"","","","",3,65682,33.8,23.5,26.9,45.3,1.0,2.7,49.2
"A1003","Riverside","Indian Wells, La Quinta, Palm Desert","https://www.californiahealthmaps.org?address=A1003","Male","Lung",166155,50.9,41.0,62.8,67865,54.4,43.0,71.6,"","","","",87960,"","","","","","","",3,65682,33.8,23.5,26.9,45.3,1.0,2.7,49.2
"A1003","Riverside","Indian Wells, La Quinta, Palm Desert","https://www.californiahealthmaps.org?address=A1003","Female","Lung",162255,42.4,33.6,53.2,70660,50.5,39.4,67.7,"","","","",81370,"","","","","","","",3,65682,33.8,23.5,26.9,45.3,1.0,2.7,49.2
"A1003","Riverside","Indian Wells, La Quinta, Palm Desert","https://www.californiahealthmaps.org?address=A1003","Male","CRC",166155,55.1,44.7,67.6,67865,57.7,44.3,77.0,"","","","",87960,35.9,20.2,66.8,"","","","",3,65682,33.8,23.5,26.9,45.3,1.0,2.7,49.2
"A1003","Riverside","Indian Wells, La Quinta, Palm Desert","https://www.californiahealthmaps.org?address=A1003","Female","CRC",162255,30.7,23.2,40.3,70660,36.4,26.6,52.6,"","","","",81370,"","","","","","","",3,65682,33.8,23.5,26.9,45.3,1.0,2.7,49.2
"A1003","Riverside","Indian Wells, La Quinta, Palm Desert","https://www.californiahealthmaps.org?address=A1003","Male","Mela",166155,44.4,35.1,55.8,67865,57.9,44.1,77.6,"","","","",87960,"","","","","","","",3,65682,33.8,23.5,26.9,45.3,1.0,2.7,49.2
"A1003","Riverside","Indian Wells, La Quinta, Palm Desert","https://www.californiahealthmaps.org?address=A1003","Female","Mela",162255,33.5,25.2,43.9,70660,44.1,30.7,64.4,"","","","",81370,"","","","","","","",3,65682,33.8,23.5,26.9,45.3,1.0,2.7,49.2
"A1003","Riverside","Indian Wells, La Quinta, Palm Desert","https://www.californiahealthmaps.org?address=A1003","Female","Uterine",162255,18.8,13.2,26.4,70660,16.5,10.0,30.3,"","","","",81370,"","","","","","","",3,65682,33.8,23.5,26.9,45.3,1.0,2.7,49.2
"A1003","Riverside","Indian Wells, La Quinta, Palm Desert","https://www.californiahealthmaps.org?address=A1003","Male","Lymph",166155,24.8,18.0,33.7,67865,24.2,16.6,38.4,"","","","",87960,"","","","","","","",3,65682,33.8,23.5,26.9,45.3,1.0,2.7,49.2
"A1003","Riverside","Indian Wells, La Quinta, Palm Desert","https://www.californiahealthmaps.org?address=A1003","Female","Lymph",162255,15.3,10.3,22.5,70660,13.7,8.0,26.7,"","","","",81370,"","","","","","","",3,65682,33.8,23.5,26.9,45.3,1.0,2.7,49.2
"A1003","Riverside","Indian Wells, La Quinta, Palm Desert","https://www.californiahealthmaps.org?address=A1003","Male","Urinary",166155,21.5,15.1,30.1,67865,25.2,17.3,39.7,"","","","",87960,"","","","","","","",3,65682,33.8,23.5,26.9,45.3,1.0,2.7,49.2
"A1003","Riverside","Indian Wells, La Quinta, Palm Desert","https://www.californiahealthmaps.org?address=A1003","Female","Urinary",162255,4.0,1.6,8.8,70660,"","","","","","","",81370,"","","","","","","",3,65682,33.8,23.5,26.9,45.3,1.0,2.7,49.2
"A1003","Riverside","Indian Wells, La Quinta, Palm Desert","https://www.californiahealthmaps.org?address=A1003","Male","Kidney",166155,19.2,13.3,27.3,67865,18.9,11.0,33.9,"","","","",87960,"","","","","","","",3,65682,33.8,23.5,26.9,45.3,1.0,2.7,49.2
"A1003","Riverside","Indian Wells, La Quinta, Palm Desert","https://www.californiahealthmaps.org?address=A1003","Female","Kidney",162255,7.1,3.7,12.7,70660,"","","","","","","",81370,"","","","","","","",3,65682,33.8,23.5,26.9,45.3,1.0,2.7,49.2
"A1003","Riverside","Indian Wells, La Quinta, Palm Desert","https://www.californiahealthmaps.org?address=A1003","Male","Thyroid",166155,4.9,2.2,10.0,67865,"","","","","","","",87960,"","","","","","","",3,65682,33.8,23.5,26.9,45.3,1.0,2.7,49.2
"A1003","Riverside","Indian Wells, La Quinta, Palm Desert","https://www.californiahealthmaps.org?address=A1003","Female","Thyroid",162255,17.5,11.8,25.5,70660,22.5,12.0,41.0,"","","","",81370,"","","","","","","",3,65682,33.8,23.5,26.9,45.3,1.0,2.7,49.2
"A1003","Riverside","Indian Wells, La Quinta, Palm Desert","https://www.californiahealthmaps.org?address=A1003","Both","AllSite",328410,425.6,404.6,447.6,138525,452.8,424.8,483.4,"","","","",169330,325.4,283.0,374.1,"","","","",3,65682,33.8,23.5,26.9,45.3,1.0,2.7,49.2
"A1003","Riverside","Indian Wells, La Quinta, Palm Desert","https://www.californiahealthmaps.org?address=A1003","Both","Lung",328410,46.3,39.6,54.0,138525,52.1,44.1,62.9,"","","","",169330,"","","","","","","",3,65682,33.8,23.5,26.9,45.3,1.0,2.7,49.2
"A1003","Riverside","Indian Wells, La Quinta, Palm Desert","https://www.californiahealthmaps.org?address=A1003","Both","CRC",328410,42.7,36.2,50.3,138525,46.9,38.5,58.2,"","","","",169330,24.5,15.3,40.7,"","","","",3,65682,33.8,23.5,26.9,45.3,1.0,2.7,49.2
"A1003","Riverside","Indian Wells, La Quinta, Palm Desert","https://www.californiahealthmaps.org?address=A1003","Both","Mela",328410,39.0,32.6,46.4,138525,51.0,41.2,63.9,"","","","",169330,"","","","","","","",3,65682,33.8,23.5,26.9,45.3,1.0,2.7,49.2
"A1003","Riverside","Indian Wells, La Quinta, Palm Desert","https://www.californiahealthmaps.org?address=A1003","Both","Lymph",328410,20.1,15.8,25.5,138525,19.0,14.1,27.1,"","","","",169330,22.1,11.5,40.5,"","","","",3,65682,33.8,23.5,26.9,45.3,1.0,2.7,49.2
"A1003","Riverside","Indian Wells, La Quinta, Palm Desert","https://www.californiahealthmaps.org?address=A1003","Both","Urinary",328410,12.5,9.1,17.0,138525,14.4,10.2,21.8,"","","","",169330,"","","","","","","",3,65682,33.8,23.5,26.9,45.3,1.0,2.7,49.2
"A1003","Riverside","Indian Wells, La Quinta, Palm Desert","https://www.californiahealthmaps.org?address=A1003","Both","Kidney",328410,13.0,9.5,17.6,138525,13.4,8.5,21.8,"","","","",169330,"","","","","","","",3,65682,33.8,23.5,26.9,45.3,1.0,2.7,49.2
"A1003","Riverside","Indian Wells, La Quinta, Palm Desert","https://www.californiahealthmaps.org?address=A1003","Both","Thyroid",328410,11.3,8.0,15.7,138525,13.8,8.1,23.3,"","","","",169330,"","","","","","","",3,65682,33.8,23.5,26.9,45.3,1.0,2.7,49.2
