"Zone","Counties","Cities","URL","Sex","Cancer","PopTot","AAIR","LCI","UCI","White_PopTot","White_AAIR","White_LCI","White_UCI","Black_PopTot","Black_AAIR","Black_LCI","Black_UCI","Hispanic_PopTot","Hispanic_AAIR","Hispanic_LCI","Hispanic_UCI","Asian_PopTot","Asian_AAIR","Asian_LCI","Asian_UCI","QNSES","PopAll","PerRural","PerUninsured","PerForeignBorn","PerWhite","PerBlack","PerAsian","PerHispanic","PerAPI","PerDocvisit","PerFOBT","PerMammo","PerMenPrev","PerPap","PerWomenPrev"
"A0254","San Bernardino","Ontario","https://www.californiahealthmaps.org?address=A0254","Male","AllSite",152440,461.3,410.4,518.5,16500,532.0,432.6,655.8,"","","","",120775,425.2,358.0,505.4,"","","","",1,60703,0.0,28.3,34.9,12.3,5.5,2.7,77.3,2.7,63.1,62.0,82.2,27.1,82.7,29.8
"A0254","San Bernardino","Ontario","https://www.californiahealthmaps.org?address=A0254","Female","AllSite",151075,404.2,366.3,445.3,17645,468.7,381.8,586.2,"","","","",116230,385.5,336.1,441.6,"","","","",1,60703,0.0,28.3,34.9,12.3,5.5,2.7,77.3,2.7,63.1,62.0,82.2,27.1,82.7,29.8
"A0254","San Bernardino","Ontario","https://www.californiahealthmaps.org?address=A0254","Male","Prostate",152440,100.7,78.5,129.4,16500,82.5,49.8,142.2,"","","","",120775,93.5,63.5,137.9,"","","","",1,60703,0.0,28.3,34.9,12.3,5.5,2.7,77.3,2.7,63.1,62.0,82.2,27.1,82.7,29.8
"A0254","San Bernardino","Ontario","https://www.californiahealthmaps.org?address=A0254","Female","Breast",151075,109.4,90.5,131.5,17645,73.5,45.2,139.7,"","","","",116230,107.7,82.9,139.2,"","","","",1,60703,0.0,28.3,34.9,12.3,5.5,2.7,77.3,2.7,63.1,62.0,82.2,27.1,82.7,29.8
"A0254","San Bernardino","Ontario","https://www.californiahealthmaps.org?address=A0254","Male","Lung",152440,61.1,42.0,87.7,16500,81.9,46.6,145.4,"","","","",120775,"","","","","","","",1,60703,0.0,28.3,34.9,12.3,5.5,2.7,77.3,2.7,63.1,62.0,82.2,27.1,82.7,29.8
"A0254","San Bernardino","Ontario","https://www.californiahealthmaps.org?address=A0254","Female","Lung",151075,33.2,22.4,47.7,17645,68.6,40.9,134.7,"","","","",116230,"","","","","","","",1,60703,0.0,28.3,34.9,12.3,5.5,2.7,77.3,2.7,63.1,62.0,82.2,27.1,82.7,29.8
"A0254","San Bernardino","Ontario","https://www.californiahealthmaps.org?address=A0254","Male","CRC",152440,52.2,35.5,76.2,16500,"","","","","","","",120775,46.0,26.6,80.6,"","","","",1,60703,0.0,28.3,34.9,12.3,5.5,2.7,77.3,2.7,63.1,62.0,82.2,27.1,82.7,29.8
"A0254","San Bernardino","Ontario","https://www.californiahealthmaps.org?address=A0254","Female","CRC",151075,45.2,32.7,61.2,17645,"","","","","","","",116230,59.7,40.3,86.6,"","","","",1,60703,0.0,28.3,34.9,12.3,5.5,2.7,77.3,2.7,63.1,62.0,82.2,27.1,82.7,29.8
"A0254","San Bernardino","Ontario","https://www.californiahealthmaps.org?address=A0254","Male","Mela",152440,"","","",16500,"","","","","","","",120775,"","","","","","","",1,60703,0.0,28.3,34.9,12.3,5.5,2.7,77.3,2.7,63.1,62.0,82.2,27.1,82.7,29.8
"A0254","San Bernardino","Ontario","https://www.californiahealthmaps.org?address=A0254","Female","Mela",151075,"","","",17645,"","","","","","","",116230,"","","","","","","",1,60703,0.0,28.3,34.9,12.3,5.5,2.7,77.3,2.7,63.1,62.0,82.2,27.1,82.7,29.8
"A0254","San Bernardino","Ontario","https://www.californiahealthmaps.org?address=A0254","Female","Uterine",151075,35.1,24.9,48.7,17645,"","","","","","","",116230,31.0,19.3,49.7,"","","","",1,60703,0.0,28.3,34.9,12.3,5.5,2.7,77.3,2.7,63.1,62.0,82.2,27.1,82.7,29.8
"A0254","San Bernardino","Ontario","https://www.californiahealthmaps.org?address=A0254","Male","Lymph",152440,16.1,8.8,30.9,16500,"","","","","","","",120775,"","","","","","","",1,60703,0.0,28.3,34.9,12.3,5.5,2.7,77.3,2.7,63.1,62.0,82.2,27.1,82.7,29.8
"A0254","San Bernardino","Ontario","https://www.californiahealthmaps.org?address=A0254","Female","Lymph",151075,22.5,14.0,34.7,17645,"","","","","","","",116230,"","","","","","","",1,60703,0.0,28.3,34.9,12.3,5.5,2.7,77.3,2.7,63.1,62.0,82.2,27.1,82.7,29.8
"A0254","San Bernardino","Ontario","https://www.californiahealthmaps.org?address=A0254","Male","Urinary",152440,"","","",16500,"","","","","","","",120775,"","","","","","","",1,60703,0.0,28.3,34.9,12.3,5.5,2.7,77.3,2.7,63.1,62.0,82.2,27.1,82.7,29.8
"A0254","San Bernardino","Ontario","https://www.californiahealthmaps.org?address=A0254","Female","Urinary",151075,"","","",17645,"","","","","","","",116230,"","","","","","","",1,60703,0.0,28.3,34.9,12.3,5.5,2.7,77.3,2.7,63.1,62.0,82.2,27.1,82.7,29.8
"A0254","San Bernardino","Ontario","https://www.californiahealthmaps.org?address=A0254","Male","Kidney",152440,36.2,23.8,55.6,16500,"","","","","","","",120775,44.3,27.1,76.1,"","","","",1,60703,0.0,28.3,34.9,12.3,5.5,2.7,77.3,2.7,63.1,62.0,82.2,27.1,82.7,29.8
"A0254","San Bernardino","Ontario","https://www.californiahealthmaps.org?address=A0254","Female","Kidney",151075,"","","",17645,"","","","","","","",116230,"","","","","","","",1,60703,0.0,28.3,34.9,12.3,5.5,2.7,77.3,2.7,63.1,62.0,82.2,27.1,82.7,29.8
"A0254","San Bernardino","Ontario","https://www.californiahealthmaps.org?address=A0254","Male","Thyroid",152440,"","","",16500,"","","","","","","",120775,"","","","","","","",1,60703,0.0,28.3,34.9,12.3,5.5,2.7,77.3,2.7,63.1,62.0,82.2,27.1,82.7,29.8
"A0254","San Bernardino","Ontario","https://www.californiahealthmaps.org?address=A0254","Female","Thyroid",151075,16.6,10.1,26.5,17645,"","","","","","","",116230,"","","","","","","",1,60703,0.0,28.3,34.9,12.3,5.5,2.7,77.3,2.7,63.1,62.0,82.2,27.1,82.7,29.8
"A0254","San Bernardino","Ontario","https://www.californiahealthmaps.org?address=A0254","Male","Liver",152440,25.2,14.2,44.0,16500,"","","","","","","",120775,"","","","","","","",1,60703,0.0,28.3,34.9,12.3,5.5,2.7,77.3,2.7,63.1,62.0,82.2,27.1,82.7,29.8
"A0254","San Bernardino","Ontario","https://www.californiahealthmaps.org?address=A0254","Female","Liver",151075,"","","",17645,"","","","","","","",116230,"","","","","","","",1,60703,0.0,28.3,34.9,12.3,5.5,2.7,77.3,2.7,63.1,62.0,82.2,27.1,82.7,29.8
"A0254","San Bernardino","Ontario","https://www.californiahealthmaps.org?address=A0254","Male","Pancreas",152440,"","","",16500,"","","","","","","",120775,"","","","","","","",1,60703,0.0,28.3,34.9,12.3,5.5,2.7,77.3,2.7,63.1,62.0,82.2,27.1,82.7,29.8
"A0254","San Bernardino","Ontario","https://www.californiahealthmaps.org?address=A0254","Female","Pancreas",151075,13.5,7.5,23.0,17645,"","","","","","","",116230,"","","","","","","",1,60703,0.0,28.3,34.9,12.3,5.5,2.7,77.3,2.7,63.1,62.0,82.2,27.1,82.7,29.8
"A0254","San Bernardino","Ontario","https://www.californiahealthmaps.org?address=A0254","Both","AllSite",303515,419.3,389.4,451.2,34145,488.0,424.1,564.2,14490,500.5,373.2,663.1,237005,391.6,352.5,434.9,13480,412.8,307.0,550.6,1,60703,0.0,28.3,34.9,12.3,5.5,2.7,77.3,2.7,63.1,62.0,82.2,27.1,82.7,29.8
"A0254","San Bernardino","Ontario","https://www.californiahealthmaps.org?address=A0254","Both","Lung",303515,43.5,33.5,55.8,34145,74.2,51.5,110.9,14490,"","","",237005,25.4,15.3,40.7,13480,"","","",1,60703,0.0,28.3,34.9,12.3,5.5,2.7,77.3,2.7,63.1,62.0,82.2,27.1,82.7,29.8
"A0254","San Bernardino","Ontario","https://www.californiahealthmaps.org?address=A0254","Both","CRC",303515,47.4,37.4,59.6,34145,56.5,35.5,92.3,14490,"","","",237005,53.4,39.3,72.1,13480,"","","",1,60703,0.0,28.3,34.9,12.3,5.5,2.7,77.3,2.7,63.1,62.0,82.2,27.1,82.7,29.8
"A0254","San Bernardino","Ontario","https://www.californiahealthmaps.org?address=A0254","Both","Mela",303515,"","","",34145,"","","",14490,"","","",237005,"","","",13480,"","","",1,60703,0.0,28.3,34.9,12.3,5.5,2.7,77.3,2.7,63.1,62.0,82.2,27.1,82.7,29.8
"A0254","San Bernardino","Ontario","https://www.californiahealthmaps.org?address=A0254","Both","Lymph",303515,20.1,14.0,28.5,34145,42.0,23.0,76.9,14490,"","","",237005,17.6,10.2,30.1,13480,"","","",1,60703,0.0,28.3,34.9,12.3,5.5,2.7,77.3,2.7,63.1,62.0,82.2,27.1,82.7,29.8
"A0254","San Bernardino","Ontario","https://www.californiahealthmaps.org?address=A0254","Both","Urinary",303515,9.5,5.3,16.1,34145,"","","",14490,"","","",237005,"","","",13480,"","","",1,60703,0.0,28.3,34.9,12.3,5.5,2.7,77.3,2.7,63.1,62.0,82.2,27.1,82.7,29.8
"A0254","San Bernardino","Ontario","https://www.californiahealthmaps.org?address=A0254","Both","Kidney",303515,20.9,15.0,29.0,34145,"","","",14490,"","","",237005,25.4,17.1,38.4,13480,"","","",1,60703,0.0,28.3,34.9,12.3,5.5,2.7,77.3,2.7,63.1,62.0,82.2,27.1,82.7,29.8
"A0254","San Bernardino","Ontario","https://www.californiahealthmaps.org?address=A0254","Both","Thyroid",303515,9.8,6.2,15.6,34145,"","","",14490,"","","",237005,"","","",13480,"","","",1,60703,0.0,28.3,34.9,12.3,5.5,2.7,77.3,2.7,63.1,62.0,82.2,27.1,82.7,29.8
"A0254","San Bernardino","Ontario","https://www.californiahealthmaps.org?address=A0254","Both","Liver",303515,16.6,10.8,24.7,34145,"","","",14490,"","","",237005,24.0,14.1,39.2,13480,"","","",1,60703,0.0,28.3,34.9,12.3,5.5,2.7,77.3,2.7,63.1,62.0,82.2,27.1,82.7,29.8
"A0254","San Bernardino","Ontario","https://www.californiahealthmaps.org?address=A0254","Both","Pancreas",303515,15.4,10.0,23.1,34145,"","","",14490,"","","",237005,16.2,8.5,29.2,13480,"","","",1,60703,0.0,28.3,34.9,12.3,5.5,2.7,77.3,2.7,63.1,62.0,82.2,27.1,82.7,29.8
