"Zone","Counties","Cities","URL","Sex","Cancer","PopTot","AAIR","LCI","UCI","White_PopTot","White_AAIR","White_LCI","White_UCI","Black_PopTot","Black_AAIR","Black_LCI","Black_UCI","Hispanic_PopTot","Hispanic_AAIR","Hispanic_LCI","Hispanic_UCI","Asian_PopTot","Asian_AAIR","Asian_LCI","Asian_UCI","QNSES","PopAll","PerRural","PerUninsured","PerForeignBorn","PerWhite","PerBlack","PerAsian","PerHispanic","PerAPI","PerDocvisit","PerFOBT","PerMammo","PerMenPrev","PerPap","PerWomenPrev"
"A0100","Los Angeles","Baldwin Park","https://www.californiahealthmaps.org?address=A0100","Male","AllSite",148815,402.7,363.0,446.3,"","","","","","","","",117045,389.2,338.6,447.2,23000,364.8,291.5,453.8,1,60220,0.0,28.5,47.0,4.6,1.0,16.0,77.7,16.0,62.9,57.5,78.4,23.2,82.7,29.9
"A0100","Los Angeles","Baldwin Park","https://www.californiahealthmaps.org?address=A0100","Female","AllSite",152285,324.7,294.3,357.7,"","","","","","","","",118725,335.9,297.3,379.0,24565,282.8,225.2,354.7,1,60220,0.0,28.5,47.0,4.6,1.0,16.0,77.7,16.0,62.9,57.5,78.4,23.2,82.7,29.9
"A0100","Los Angeles","Baldwin Park","https://www.californiahealthmaps.org?address=A0100","Male","Prostate",148815,107.9,87.9,131.9,"","","","","","","","",117045,132.1,102.9,169.2,23000,"","","",1,60220,0.0,28.5,47.0,4.6,1.0,16.0,77.7,16.0,62.9,57.5,78.4,23.2,82.7,29.9
"A0100","Los Angeles","Baldwin Park","https://www.californiahealthmaps.org?address=A0100","Female","Breast",152285,101.9,85.4,121.0,"","","","","","","","",118725,113.5,91.8,139.6,24565,77.1,49.5,119.9,1,60220,0.0,28.5,47.0,4.6,1.0,16.0,77.7,16.0,62.9,57.5,78.4,23.2,82.7,29.9
"A0100","Los Angeles","Baldwin Park","https://www.californiahealthmaps.org?address=A0100","Male","Lung",148815,50.2,36.2,68.6,"","","","","","","","",117045,34.0,19.9,56.9,23000,70.9,39.9,119.6,1,60220,0.0,28.5,47.0,4.6,1.0,16.0,77.7,16.0,62.9,57.5,78.4,23.2,82.7,29.9
"A0100","Los Angeles","Baldwin Park","https://www.californiahealthmaps.org?address=A0100","Female","Lung",152285,21.4,13.9,31.8,"","","","","","","","",118725,"","","",24565,"","","",1,60220,0.0,28.5,47.0,4.6,1.0,16.0,77.7,16.0,62.9,57.5,78.4,23.2,82.7,29.9
"A0100","Los Angeles","Baldwin Park","https://www.californiahealthmaps.org?address=A0100","Male","CRC",148815,56.3,42.0,74.7,"","","","","","","","",117045,49.8,33.4,74.2,23000,64.2,37.0,108.1,1,60220,0.0,28.5,47.0,4.6,1.0,16.0,77.7,16.0,62.9,57.5,78.4,23.2,82.7,29.9
"A0100","Los Angeles","Baldwin Park","https://www.californiahealthmaps.org?address=A0100","Female","CRC",152285,26.9,18.7,37.7,"","","","","","","","",118725,22.0,13.4,35.2,24565,"","","",1,60220,0.0,28.5,47.0,4.6,1.0,16.0,77.7,16.0,62.9,57.5,78.4,23.2,82.7,29.9
"A0100","Los Angeles","Baldwin Park","https://www.californiahealthmaps.org?address=A0100","Male","Mela",148815,"","","","","","","","","","","",117045,"","","",23000,"","","",1,60220,0.0,28.5,47.0,4.6,1.0,16.0,77.7,16.0,62.9,57.5,78.4,23.2,82.7,29.9
"A0100","Los Angeles","Baldwin Park","https://www.californiahealthmaps.org?address=A0100","Female","Mela",152285,"","","","","","","","","","","",118725,"","","",24565,"","","",1,60220,0.0,28.5,47.0,4.6,1.0,16.0,77.7,16.0,62.9,57.5,78.4,23.2,82.7,29.9
"A0100","Los Angeles","Baldwin Park","https://www.californiahealthmaps.org?address=A0100","Female","Uterine",152285,26.1,18.2,36.7,"","","","","","","","",118725,25.3,16.1,39.2,24565,"","","",1,60220,0.0,28.5,47.0,4.6,1.0,16.0,77.7,16.0,62.9,57.5,78.4,23.2,82.7,29.9
"A0100","Los Angeles","Baldwin Park","https://www.californiahealthmaps.org?address=A0100","Male","Lymph",148815,14.0,7.5,25.0,"","","","","","","","",117045,"","","",23000,"","","",1,60220,0.0,28.5,47.0,4.6,1.0,16.0,77.7,16.0,62.9,57.5,78.4,23.2,82.7,29.9
"A0100","Los Angeles","Baldwin Park","https://www.californiahealthmaps.org?address=A0100","Female","Lymph",152285,"","","","","","","","","","","",118725,"","","",24565,"","","",1,60220,0.0,28.5,47.0,4.6,1.0,16.0,77.7,16.0,62.9,57.5,78.4,23.2,82.7,29.9
"A0100","Los Angeles","Baldwin Park","https://www.californiahealthmaps.org?address=A0100","Male","Urinary",148815,"","","","","","","","","","","",117045,"","","",23000,"","","",1,60220,0.0,28.5,47.0,4.6,1.0,16.0,77.7,16.0,62.9,57.5,78.4,23.2,82.7,29.9
"A0100","Los Angeles","Baldwin Park","https://www.californiahealthmaps.org?address=A0100","Female","Urinary",152285,"","","","","","","","","","","",118725,"","","",24565,"","","",1,60220,0.0,28.5,47.0,4.6,1.0,16.0,77.7,16.0,62.9,57.5,78.4,23.2,82.7,29.9
"A0100","Los Angeles","Baldwin Park","https://www.californiahealthmaps.org?address=A0100","Male","Kidney",148815,18.2,11.1,29.7,"","","","","","","","",117045,"","","",23000,"","","",1,60220,0.0,28.5,47.0,4.6,1.0,16.0,77.7,16.0,62.9,57.5,78.4,23.2,82.7,29.9
"A0100","Los Angeles","Baldwin Park","https://www.californiahealthmaps.org?address=A0100","Female","Kidney",152285,"","","","","","","","","","","",118725,"","","",24565,"","","",1,60220,0.0,28.5,47.0,4.6,1.0,16.0,77.7,16.0,62.9,57.5,78.4,23.2,82.7,29.9
"A0100","Los Angeles","Baldwin Park","https://www.californiahealthmaps.org?address=A0100","Male","Thyroid",148815,"","","","","","","","","","","",117045,"","","",23000,"","","",1,60220,0.0,28.5,47.0,4.6,1.0,16.0,77.7,16.0,62.9,57.5,78.4,23.2,82.7,29.9
"A0100","Los Angeles","Baldwin Park","https://www.californiahealthmaps.org?address=A0100","Female","Thyroid",152285,22.0,14.9,31.6,"","","","","","","","",118725,21.2,13.0,34.0,24565,"","","",1,60220,0.0,28.5,47.0,4.6,1.0,16.0,77.7,16.0,62.9,57.5,78.4,23.2,82.7,29.9
"A0100","Los Angeles","Baldwin Park","https://www.californiahealthmaps.org?address=A0100","Male","Liver",148815,19.7,11.8,31.9,"","","","","","","","",117045,"","","",23000,"","","",1,60220,0.0,28.5,47.0,4.6,1.0,16.0,77.7,16.0,62.9,57.5,78.4,23.2,82.7,29.9
"A0100","Los Angeles","Baldwin Park","https://www.californiahealthmaps.org?address=A0100","Female","Liver",152285,"","","","","","","","","","","",118725,"","","",24565,"","","",1,60220,0.0,28.5,47.0,4.6,1.0,16.0,77.7,16.0,62.9,57.5,78.4,23.2,82.7,29.9
"A0100","Los Angeles","Baldwin Park","https://www.californiahealthmaps.org?address=A0100","Male","Pancreas",148815,"","","","","","","","","","","",117045,"","","",23000,"","","",1,60220,0.0,28.5,47.0,4.6,1.0,16.0,77.7,16.0,62.9,57.5,78.4,23.2,82.7,29.9
"A0100","Los Angeles","Baldwin Park","https://www.californiahealthmaps.org?address=A0100","Female","Pancreas",152285,13.8,7.8,22.7,"","","","","","","","",118725,"","","",24565,"","","",1,60220,0.0,28.5,47.0,4.6,1.0,16.0,77.7,16.0,62.9,57.5,78.4,23.2,82.7,29.9
"A0100","Los Angeles","Baldwin Park","https://www.californiahealthmaps.org?address=A0100","Both","AllSite",301100,354.6,330.5,380.2,12995,437.3,343.2,566.1,"","","","",235770,353.1,322.5,386.2,47565,317.1,271.2,370.2,1,60220,0.0,28.5,47.0,4.6,1.0,16.0,77.7,16.0,62.9,57.5,78.4,23.2,82.7,29.9
"A0100","Los Angeles","Baldwin Park","https://www.californiahealthmaps.org?address=A0100","Both","Lung",301100,33.5,26.1,42.6,12995,"","","","","","","",235770,22.8,15.1,33.4,47565,47.2,30.5,71.7,1,60220,0.0,28.5,47.0,4.6,1.0,16.0,77.7,16.0,62.9,57.5,78.4,23.2,82.7,29.9
"A0100","Los Angeles","Baldwin Park","https://www.californiahealthmaps.org?address=A0100","Both","CRC",301100,39.3,31.5,48.6,12995,"","","","","","","",235770,33.8,25.1,45.3,47565,48.6,32.2,72.7,1,60220,0.0,28.5,47.0,4.6,1.0,16.0,77.7,16.0,62.9,57.5,78.4,23.2,82.7,29.9
"A0100","Los Angeles","Baldwin Park","https://www.californiahealthmaps.org?address=A0100","Both","Mela",301100,"","","",12995,"","","","","","","",235770,"","","",47565,"","","",1,60220,0.0,28.5,47.0,4.6,1.0,16.0,77.7,16.0,62.9,57.5,78.4,23.2,82.7,29.9
"A0100","Los Angeles","Baldwin Park","https://www.californiahealthmaps.org?address=A0100","Both","Lymph",301100,10.6,6.7,16.0,12995,"","","","","","","",235770,12.4,7.3,20.4,47565,"","","",1,60220,0.0,28.5,47.0,4.6,1.0,16.0,77.7,16.0,62.9,57.5,78.4,23.2,82.7,29.9
"A0100","Los Angeles","Baldwin Park","https://www.californiahealthmaps.org?address=A0100","Both","Urinary",301100,9.5,5.6,15.1,12995,"","","","","","","",235770,"","","",47565,"","","",1,60220,0.0,28.5,47.0,4.6,1.0,16.0,77.7,16.0,62.9,57.5,78.4,23.2,82.7,29.9
"A0100","Los Angeles","Baldwin Park","https://www.californiahealthmaps.org?address=A0100","Both","Kidney",301100,12.6,8.6,18.2,12995,"","","","","","","",235770,12.5,7.5,20.2,47565,"","","",1,60220,0.0,28.5,47.0,4.6,1.0,16.0,77.7,16.0,62.9,57.5,78.4,23.2,82.7,29.9
"A0100","Los Angeles","Baldwin Park","https://www.californiahealthmaps.org?address=A0100","Both","Thyroid",301100,15.5,11.1,21.5,12995,"","","","","","","",235770,16.0,10.5,24.2,47565,"","","",1,60220,0.0,28.5,47.0,4.6,1.0,16.0,77.7,16.0,62.9,57.5,78.4,23.2,82.7,29.9
"A0100","Los Angeles","Baldwin Park","https://www.californiahealthmaps.org?address=A0100","Both","Liver",301100,12.6,8.4,18.5,12995,"","","","","","","",235770,11.8,6.6,19.9,47565,"","","",1,60220,0.0,28.5,47.0,4.6,1.0,16.0,77.7,16.0,62.9,57.5,78.4,23.2,82.7,29.9
"A0100","Los Angeles","Baldwin Park","https://www.californiahealthmaps.org?address=A0100","Both","Pancreas",301100,12.3,8.0,18.4,12995,"","","","","","","",235770,14.5,8.4,23.8,47565,"","","",1,60220,0.0,28.5,47.0,4.6,1.0,16.0,77.7,16.0,62.9,57.5,78.4,23.2,82.7,29.9
