"Zone","Counties","Cities","URL","Sex","Cancer","PopTot","AAIR","LCI","UCI","White_PopTot","White_AAIR","White_LCI","White_UCI","Black_PopTot","Black_AAIR","Black_LCI","Black_UCI","Hispanic_PopTot","Hispanic_AAIR","Hispanic_LCI","Hispanic_UCI","Asian_PopTot","Asian_AAIR","Asian_LCI","Asian_UCI","QNSES","PopAll","PerRural","PerUninsured","PerForeignBorn","PerWhite","PerBlack","PerAsian","PerHispanic","PerAPI","PerDocvisit","PerFOBT","PerMammo","PerMenPrev","PerPap","PerWomenPrev"
"A0988","Sonoma","Cloverdale","https://www.californiahealthmaps.org?address=A0988","Male","AllSite",166155,509.7,478.9,542.4,129860,511.9,478.6,548.2,"","","","",27735,463.1,353.0,606.3,"","","","",4,66270,50.6,12.8,10.6,79.5,0.8,2.5,14.8,2.5,"","","","","",""
"A0988","Sonoma","Cloverdale","https://www.californiahealthmaps.org?address=A0988","Female","AllSite",165195,448.3,419.4,479.2,132865,452.1,420.3,486.8,"","","","",22960,463.3,354.8,599.2,"","","","",4,66270,50.6,12.8,10.6,79.5,0.8,2.5,14.8,2.5,"","","","","",""
"A0988","Sonoma","Cloverdale","https://www.californiahealthmaps.org?address=A0988","Male","Prostate",166155,92.8,80.9,106.5,129860,92.6,80.1,108.0,"","","","",27735,"","","","","","","",4,66270,50.6,12.8,10.6,79.5,0.8,2.5,14.8,2.5,"","","","","",""
"A0988","Sonoma","Cloverdale","https://www.californiahealthmaps.org?address=A0988","Female","Breast",165195,144.0,128.3,161.8,132865,151.0,133.3,171.7,"","","","",22960,120.7,73.0,195.7,"","","","",4,66270,50.6,12.8,10.6,79.5,0.8,2.5,14.8,2.5,"","","","","",""
"A0988","Sonoma","Cloverdale","https://www.californiahealthmaps.org?address=A0988","Male","Lung",166155,46.0,37.2,56.9,129860,46.8,37.4,59.4,"","","","",27735,"","","","","","","",4,66270,50.6,12.8,10.6,79.5,0.8,2.5,14.8,2.5,"","","","","",""
"A0988","Sonoma","Cloverdale","https://www.californiahealthmaps.org?address=A0988","Female","Lung",165195,46.0,37.1,57.1,132865,46.5,36.8,59.5,"","","","",22960,"","","","","","","",4,66270,50.6,12.8,10.6,79.5,0.8,2.5,14.8,2.5,"","","","","",""
"A0988","Sonoma","Cloverdale","https://www.californiahealthmaps.org?address=A0988","Male","CRC",166155,37.2,29.3,47.2,129860,32.2,24.4,43.3,"","","","",27735,106.2,57.5,192.2,"","","","",4,66270,50.6,12.8,10.6,79.5,0.8,2.5,14.8,2.5,"","","","","",""
"A0988","Sonoma","Cloverdale","https://www.californiahealthmaps.org?address=A0988","Female","CRC",165195,33.5,26.5,42.7,132865,32.7,25.4,43.3,"","","","",22960,"","","","","","","",4,66270,50.6,12.8,10.6,79.5,0.8,2.5,14.8,2.5,"","","","","",""
"A0988","Sonoma","Cloverdale","https://www.californiahealthmaps.org?address=A0988","Male","Mela",166155,70.9,59.6,84.4,129860,73.5,61.0,89.2,"","","","",27735,"","","","","","","",4,66270,50.6,12.8,10.6,79.5,0.8,2.5,14.8,2.5,"","","","","",""
"A0988","Sonoma","Cloverdale","https://www.californiahealthmaps.org?address=A0988","Female","Mela",165195,40.4,31.5,51.5,132865,39.4,29.8,52.5,"","","","",22960,"","","","","","","",4,66270,50.6,12.8,10.6,79.5,0.8,2.5,14.8,2.5,"","","","","",""
"A0988","Sonoma","Cloverdale","https://www.californiahealthmaps.org?address=A0988","Female","Uterine",165195,29.3,22.2,38.6,132865,28.0,20.7,38.8,"","","","",22960,"","","","","","","",4,66270,50.6,12.8,10.6,79.5,0.8,2.5,14.8,2.5,"","","","","",""
"A0988","Sonoma","Cloverdale","https://www.californiahealthmaps.org?address=A0988","Male","Lymph",166155,26.5,19.7,35.4,129860,25.6,18.8,35.9,"","","","",27735,"","","","","","","",4,66270,50.6,12.8,10.6,79.5,0.8,2.5,14.8,2.5,"","","","","",""
"A0988","Sonoma","Cloverdale","https://www.californiahealthmaps.org?address=A0988","Female","Lymph",165195,15.1,10.2,22.3,132865,15.2,10.0,24.0,"","","","",22960,"","","","","","","",4,66270,50.6,12.8,10.6,79.5,0.8,2.5,14.8,2.5,"","","","","",""
"A0988","Sonoma","Cloverdale","https://www.californiahealthmaps.org?address=A0988","Male","Urinary",166155,27.6,20.6,36.9,129860,30.1,22.4,41.4,"","","","",27735,"","","","","","","",4,66270,50.6,12.8,10.6,79.5,0.8,2.5,14.8,2.5,"","","","","",""
"A0988","Sonoma","Cloverdale","https://www.californiahealthmaps.org?address=A0988","Female","Urinary",165195,"","","",132865,"","","","","","","",22960,"","","","","","","",4,66270,50.6,12.8,10.6,79.5,0.8,2.5,14.8,2.5,"","","","","",""
"A0988","Sonoma","Cloverdale","https://www.californiahealthmaps.org?address=A0988","Male","Kidney",166155,19.7,14.0,27.7,129860,20.6,14.2,30.6,"","","","",27735,"","","","","","","",4,66270,50.6,12.8,10.6,79.5,0.8,2.5,14.8,2.5,"","","","","",""
"A0988","Sonoma","Cloverdale","https://www.californiahealthmaps.org?address=A0988","Female","Kidney",165195,8.0,4.7,13.6,132865,8.3,4.8,15.7,"","","","",22960,"","","","","","","",4,66270,50.6,12.8,10.6,79.5,0.8,2.5,14.8,2.5,"","","","","",""
"A0988","Sonoma","Cloverdale","https://www.californiahealthmaps.org?address=A0988","Male","Thyroid",166155,"","","",129860,"","","","","","","",27735,"","","","","","","",4,66270,50.6,12.8,10.6,79.5,0.8,2.5,14.8,2.5,"","","","","",""
"A0988","Sonoma","Cloverdale","https://www.californiahealthmaps.org?address=A0988","Female","Thyroid",165195,16.2,10.2,24.8,132865,16.1,9.4,27.0,"","","","",22960,"","","","","","","",4,66270,50.6,12.8,10.6,79.5,0.8,2.5,14.8,2.5,"","","","","",""
"A0988","Sonoma","Cloverdale","https://www.californiahealthmaps.org?address=A0988","Male","Liver",166155,17.7,12.7,24.9,129860,15.0,10.3,23.3,"","","","",27735,"","","","","","","",4,66270,50.6,12.8,10.6,79.5,0.8,2.5,14.8,2.5,"","","","","",""
"A0988","Sonoma","Cloverdale","https://www.californiahealthmaps.org?address=A0988","Female","Liver",165195,"","","",132865,"","","","","","","",22960,"","","","","","","",4,66270,50.6,12.8,10.6,79.5,0.8,2.5,14.8,2.5,"","","","","",""
"A0988","Sonoma","Cloverdale","https://www.californiahealthmaps.org?address=A0988","Male","Pancreas",166155,16.3,11.3,23.4,129860,14.4,9.6,23.0,"","","","",27735,"","","","","","","",4,66270,50.6,12.8,10.6,79.5,0.8,2.5,14.8,2.5,"","","","","",""
"A0988","Sonoma","Cloverdale","https://www.californiahealthmaps.org?address=A0988","Female","Pancreas",165195,10.9,6.8,17.3,132865,11.4,7.1,19.5,"","","","",22960,"","","","","","","",4,66270,50.6,12.8,10.6,79.5,0.8,2.5,14.8,2.5,"","","","","",""
"A0988","Sonoma","Cloverdale","https://www.californiahealthmaps.org?address=A0988","Both","AllSite",331350,474.9,454.0,496.8,262725,477.9,455.0,502.2,"","","","",50695,462.4,383.7,554.8,"","","","",4,66270,50.6,12.8,10.6,79.5,0.8,2.5,14.8,2.5,"","","","","",""
"A0988","Sonoma","Cloverdale","https://www.californiahealthmaps.org?address=A0988","Both","Lung",331350,45.1,38.9,52.3,262725,45.7,39.0,53.9,"","","","",50695,56.6,30.4,98.9,"","","","",4,66270,50.6,12.8,10.6,79.5,0.8,2.5,14.8,2.5,"","","","","",""
"A0988","Sonoma","Cloverdale","https://www.californiahealthmaps.org?address=A0988","Both","CRC",331350,35.9,30.4,42.3,262725,32.9,27.4,40.0,"","","","",50695,72.4,43.6,116.2,"","","","",4,66270,50.6,12.8,10.6,79.5,0.8,2.5,14.8,2.5,"","","","","",""
"A0988","Sonoma","Cloverdale","https://www.californiahealthmaps.org?address=A0988","Both","Mela",331350,54.9,47.7,63.1,262725,55.6,47.8,65.1,"","","","",50695,"","","","","","","",4,66270,50.6,12.8,10.6,79.5,0.8,2.5,14.8,2.5,"","","","","",""
"A0988","Sonoma","Cloverdale","https://www.californiahealthmaps.org?address=A0988","Both","Lymph",331350,20.6,16.4,25.9,262725,20.1,15.8,26.1,"","","","",50695,"","","","","","","",4,66270,50.6,12.8,10.6,79.5,0.8,2.5,14.8,2.5,"","","","","",""
"A0988","Sonoma","Cloverdale","https://www.californiahealthmaps.org?address=A0988","Both","Urinary",331350,16.0,12.3,20.7,262725,17.1,13.2,22.8,"","","","",50695,"","","","","","","",4,66270,50.6,12.8,10.6,79.5,0.8,2.5,14.8,2.5,"","","","","",""
"A0988","Sonoma","Cloverdale","https://www.californiahealthmaps.org?address=A0988","Both","Kidney",331350,13.8,10.4,18.2,262725,14.4,10.7,19.8,"","","","",50695,"","","","","","","",4,66270,50.6,12.8,10.6,79.5,0.8,2.5,14.8,2.5,"","","","","",""
"A0988","Sonoma","Cloverdale","https://www.californiahealthmaps.org?address=A0988","Both","Thyroid",331350,10.5,7.2,15.0,262725,10.1,6.5,15.7,"","","","",50695,"","","","","","","",4,66270,50.6,12.8,10.6,79.5,0.8,2.5,14.8,2.5,"","","","","",""
"A0988","Sonoma","Cloverdale","https://www.californiahealthmaps.org?address=A0988","Both","Liver",331350,10.0,7.3,13.7,262725,8.4,5.9,12.5,"","","","",50695,"","","","","","","",4,66270,50.6,12.8,10.6,79.5,0.8,2.5,14.8,2.5,"","","","","",""
"A0988","Sonoma","Cloverdale","https://www.californiahealthmaps.org?address=A0988","Both","Pancreas",331350,13.1,10.0,17.4,262725,12.5,9.2,17.4,"","","","",50695,"","","","","","","",4,66270,50.6,12.8,10.6,79.5,0.8,2.5,14.8,2.5,"","","","","",""
