"Zone","Counties","Cities","URL","Sex","Cancer","PopTot","AAIR","LCI","UCI","White_PopTot","White_AAIR","White_LCI","White_UCI","Black_PopTot","Black_AAIR","Black_LCI","Black_UCI","Hispanic_PopTot","Hispanic_AAIR","Hispanic_LCI","Hispanic_UCI","Asian_PopTot","Asian_AAIR","Asian_LCI","Asian_UCI","QNSES","PopAll","PerRural","PerUninsured","PerForeignBorn","PerWhite","PerBlack","PerAsian","PerHispanic","PerAPI","PerDocvisit","PerFOBT","PerMammo","PerMenPrev","PerPap","PerWomenPrev"
"A0716","Los Angeles","Santa Clarita","https://www.californiahealthmaps.org?address=A0716","Male","AllSite",159675,544.3,499.4,592.6,74920,549.6,496.3,607.5,"","","","",57205,573.9,455.2,720.9,14305,354.3,220.5,578.3,4,64938,1.6,14.6,23.1,46.3,3.9,10.2,34.6,10.2,65.4,65.6,79.1,31.0,85.7,37.7
"A0716","Los Angeles","Santa Clarita","https://www.californiahealthmaps.org?address=A0716","Female","AllSite",165015,453.7,420.0,489.7,76700,495.7,451.3,544.6,"","","","",58685,371.9,304.0,454.3,16285,403.5,302.4,537.0,4,64938,1.6,14.6,23.1,46.3,3.9,10.2,34.6,10.2,65.4,65.6,79.1,31.0,85.7,37.7
"A0716","Los Angeles","Santa Clarita","https://www.californiahealthmaps.org?address=A0716","Male","Prostate",159675,131.8,110.5,156.6,74920,114.3,91.3,141.9,"","","","",57205,159.8,100.6,249.4,14305,"","","",4,64938,1.6,14.6,23.1,46.3,3.9,10.2,34.6,10.2,65.4,65.6,79.1,31.0,85.7,37.7
"A0716","Los Angeles","Santa Clarita","https://www.californiahealthmaps.org?address=A0716","Female","Breast",165015,144.5,125.8,165.4,76700,159.7,135.0,188.8,"","","","",58685,134.9,97.1,187.5,16285,122.9,71.4,209.3,4,64938,1.6,14.6,23.1,46.3,3.9,10.2,34.6,10.2,65.4,65.6,79.1,31.0,85.7,37.7
"A0716","Los Angeles","Santa Clarita","https://www.californiahealthmaps.org?address=A0716","Male","Lung",159675,65.8,49.9,85.6,74920,63.4,45.6,86.4,"","","","",57205,"","","",14305,"","","",4,64938,1.6,14.6,23.1,46.3,3.9,10.2,34.6,10.2,65.4,65.6,79.1,31.0,85.7,37.7
"A0716","Los Angeles","Santa Clarita","https://www.californiahealthmaps.org?address=A0716","Female","Lung",165015,49.7,38.8,62.9,76700,52.4,38.9,70.6,"","","","",58685,"","","",16285,"","","",4,64938,1.6,14.6,23.1,46.3,3.9,10.2,34.6,10.2,65.4,65.6,79.1,31.0,85.7,37.7
"A0716","Los Angeles","Santa Clarita","https://www.californiahealthmaps.org?address=A0716","Male","CRC",159675,46.9,34.3,63.1,74920,44.6,30.4,63.9,"","","","",57205,"","","",14305,"","","",4,64938,1.6,14.6,23.1,46.3,3.9,10.2,34.6,10.2,65.4,65.6,79.1,31.0,85.7,37.7
"A0716","Los Angeles","Santa Clarita","https://www.californiahealthmaps.org?address=A0716","Female","CRC",165015,41.0,31.2,53.1,76700,38.0,26.4,54.4,"","","","",58685,"","","",16285,"","","",4,64938,1.6,14.6,23.1,46.3,3.9,10.2,34.6,10.2,65.4,65.6,79.1,31.0,85.7,37.7
"A0716","Los Angeles","Santa Clarita","https://www.californiahealthmaps.org?address=A0716","Male","Mela",159675,39.3,28.1,54.0,74920,55.0,39.1,75.7,"","","","",57205,"","","",14305,"","","",4,64938,1.6,14.6,23.1,46.3,3.9,10.2,34.6,10.2,65.4,65.6,79.1,31.0,85.7,37.7
"A0716","Los Angeles","Santa Clarita","https://www.californiahealthmaps.org?address=A0716","Female","Mela",165015,16.6,10.7,24.7,76700,24.2,14.9,38.6,"","","","",58685,"","","",16285,"","","",4,64938,1.6,14.6,23.1,46.3,3.9,10.2,34.6,10.2,65.4,65.6,79.1,31.0,85.7,37.7
"A0716","Los Angeles","Santa Clarita","https://www.californiahealthmaps.org?address=A0716","Female","Uterine",165015,32.9,24.4,43.6,76700,37.0,25.9,52.8,"","","","",58685,"","","",16285,"","","",4,64938,1.6,14.6,23.1,46.3,3.9,10.2,34.6,10.2,65.4,65.6,79.1,31.0,85.7,37.7
"A0716","Los Angeles","Santa Clarita","https://www.californiahealthmaps.org?address=A0716","Male","Lymph",159675,31.0,21.1,44.6,74920,30.0,18.7,46.2,"","","","",57205,"","","",14305,"","","",4,64938,1.6,14.6,23.1,46.3,3.9,10.2,34.6,10.2,65.4,65.6,79.1,31.0,85.7,37.7
"A0716","Los Angeles","Santa Clarita","https://www.californiahealthmaps.org?address=A0716","Female","Lymph",165015,16.0,10.0,24.4,76700,17.4,10.0,29.8,"","","","",58685,"","","",16285,"","","",4,64938,1.6,14.6,23.1,46.3,3.9,10.2,34.6,10.2,65.4,65.6,79.1,31.0,85.7,37.7
"A0716","Los Angeles","Santa Clarita","https://www.californiahealthmaps.org?address=A0716","Male","Urinary",159675,23.1,14.1,36.2,74920,23.6,13.0,39.6,"","","","",57205,"","","",14305,"","","",4,64938,1.6,14.6,23.1,46.3,3.9,10.2,34.6,10.2,65.4,65.6,79.1,31.0,85.7,37.7
"A0716","Los Angeles","Santa Clarita","https://www.californiahealthmaps.org?address=A0716","Female","Urinary",165015,"","","",76700,"","","","","","","",58685,"","","",16285,"","","",4,64938,1.6,14.6,23.1,46.3,3.9,10.2,34.6,10.2,65.4,65.6,79.1,31.0,85.7,37.7
"A0716","Los Angeles","Santa Clarita","https://www.californiahealthmaps.org?address=A0716","Male","Kidney",159675,23.2,14.9,35.2,74920,22.0,12.3,36.8,"","","","",57205,"","","",14305,"","","",4,64938,1.6,14.6,23.1,46.3,3.9,10.2,34.6,10.2,65.4,65.6,79.1,31.0,85.7,37.7
"A0716","Los Angeles","Santa Clarita","https://www.californiahealthmaps.org?address=A0716","Female","Kidney",165015,12.8,7.7,20.4,76700,"","","","","","","",58685,"","","",16285,"","","",4,64938,1.6,14.6,23.1,46.3,3.9,10.2,34.6,10.2,65.4,65.6,79.1,31.0,85.7,37.7
"A0716","Los Angeles","Santa Clarita","https://www.californiahealthmaps.org?address=A0716","Male","Thyroid",159675,"","","",74920,"","","","","","","",57205,"","","",14305,"","","",4,64938,1.6,14.6,23.1,46.3,3.9,10.2,34.6,10.2,65.4,65.6,79.1,31.0,85.7,37.7
"A0716","Los Angeles","Santa Clarita","https://www.californiahealthmaps.org?address=A0716","Female","Thyroid",165015,20.1,13.8,28.6,76700,22.5,13.3,37.0,"","","","",58685,"","","",16285,"","","",4,64938,1.6,14.6,23.1,46.3,3.9,10.2,34.6,10.2,65.4,65.6,79.1,31.0,85.7,37.7
"A0716","Los Angeles","Santa Clarita","https://www.californiahealthmaps.org?address=A0716","Male","Liver",159675,18.6,11.8,29.1,74920,"","","","","","","",57205,"","","",14305,"","","",4,64938,1.6,14.6,23.1,46.3,3.9,10.2,34.6,10.2,65.4,65.6,79.1,31.0,85.7,37.7
"A0716","Los Angeles","Santa Clarita","https://www.californiahealthmaps.org?address=A0716","Female","Liver",165015,"","","",76700,"","","","","","","",58685,"","","",16285,"","","",4,64938,1.6,14.6,23.1,46.3,3.9,10.2,34.6,10.2,65.4,65.6,79.1,31.0,85.7,37.7
"A0716","Los Angeles","Santa Clarita","https://www.californiahealthmaps.org?address=A0716","Male","Pancreas",159675,"","","",74920,"","","","","","","",57205,"","","",14305,"","","",4,64938,1.6,14.6,23.1,46.3,3.9,10.2,34.6,10.2,65.4,65.6,79.1,31.0,85.7,37.7
"A0716","Los Angeles","Santa Clarita","https://www.californiahealthmaps.org?address=A0716","Female","Pancreas",165015,12.3,7.3,19.6,76700,"","","","","","","",58685,"","","",16285,"","","",4,64938,1.6,14.6,23.1,46.3,3.9,10.2,34.6,10.2,65.4,65.6,79.1,31.0,85.7,37.7
"A0716","Los Angeles","Santa Clarita","https://www.californiahealthmaps.org?address=A0716","Both","AllSite",324690,486.5,459.6,514.7,151620,512.6,478.8,548.5,15855,503.0,347.5,731.5,115890,439.2,379.2,508.3,30590,369.4,291.2,467.2,4,64938,1.6,14.6,23.1,46.3,3.9,10.2,34.6,10.2,65.4,65.6,79.1,31.0,85.7,37.7
"A0716","Los Angeles","Santa Clarita","https://www.californiahealthmaps.org?address=A0716","Both","Lung",324690,55.4,46.2,66.0,151620,56.2,45.3,69.4,15855,"","","",115890,43.7,24.8,73.9,30590,"","","",4,64938,1.6,14.6,23.1,46.3,3.9,10.2,34.6,10.2,65.4,65.6,79.1,31.0,85.7,37.7
"A0716","Los Angeles","Santa Clarita","https://www.californiahealthmaps.org?address=A0716","Both","CRC",324690,43.2,35.4,52.4,151620,40.3,31.2,51.6,15855,"","","",115890,46.0,27.6,75.2,30590,"","","",4,64938,1.6,14.6,23.1,46.3,3.9,10.2,34.6,10.2,65.4,65.6,79.1,31.0,85.7,37.7
"A0716","Los Angeles","Santa Clarita","https://www.californiahealthmaps.org?address=A0716","Both","Mela",324690,26.1,20.2,33.2,151620,37.5,28.7,48.7,15855,"","","",115890,"","","",30590,"","","",4,64938,1.6,14.6,23.1,46.3,3.9,10.2,34.6,10.2,65.4,65.6,79.1,31.0,85.7,37.7
"A0716","Los Angeles","Santa Clarita","https://www.californiahealthmaps.org?address=A0716","Both","Lymph",324690,22.0,16.6,28.8,151620,22.7,16.2,31.6,15855,"","","",115890,"","","",30590,"","","",4,64938,1.6,14.6,23.1,46.3,3.9,10.2,34.6,10.2,65.4,65.6,79.1,31.0,85.7,37.7
"A0716","Los Angeles","Santa Clarita","https://www.californiahealthmaps.org?address=A0716","Both","Urinary",324690,11.6,7.5,17.1,151620,11.9,7.1,19.3,15855,"","","",115890,"","","",30590,"","","",4,64938,1.6,14.6,23.1,46.3,3.9,10.2,34.6,10.2,65.4,65.6,79.1,31.0,85.7,37.7
"A0716","Los Angeles","Santa Clarita","https://www.californiahealthmaps.org?address=A0716","Both","Kidney",324690,17.4,12.6,23.5,151620,15.7,10.2,23.6,15855,"","","",115890,"","","",30590,"","","",4,64938,1.6,14.6,23.1,46.3,3.9,10.2,34.6,10.2,65.4,65.6,79.1,31.0,85.7,37.7
"A0716","Los Angeles","Santa Clarita","https://www.californiahealthmaps.org?address=A0716","Both","Thyroid",324690,14.8,10.8,20.0,151620,16.6,10.9,24.8,15855,"","","",115890,"","","",30590,"","","",4,64938,1.6,14.6,23.1,46.3,3.9,10.2,34.6,10.2,65.4,65.6,79.1,31.0,85.7,37.7
"A0716","Los Angeles","Santa Clarita","https://www.californiahealthmaps.org?address=A0716","Both","Liver",324690,10.3,6.9,15.0,151620,"","","",15855,"","","",115890,"","","",30590,"","","",4,64938,1.6,14.6,23.1,46.3,3.9,10.2,34.6,10.2,65.4,65.6,79.1,31.0,85.7,37.7
"A0716","Los Angeles","Santa Clarita","https://www.californiahealthmaps.org?address=A0716","Both","Pancreas",324690,10.4,6.8,15.4,151620,11.5,7.0,18.4,15855,"","","",115890,"","","",30590,"","","",4,64938,1.6,14.6,23.1,46.3,3.9,10.2,34.6,10.2,65.4,65.6,79.1,31.0,85.7,37.7
