"Zone","Counties","Cities","URL","Sex","Cancer","PopTot","AAIR","LCI","UCI","White_PopTot","White_AAIR","White_LCI","White_UCI","Black_PopTot","Black_AAIR","Black_LCI","Black_UCI","Hispanic_PopTot","Hispanic_AAIR","Hispanic_LCI","Hispanic_UCI","Asian_PopTot","Asian_AAIR","Asian_LCI","Asian_UCI","QNSES","PopAll","PerRural","PerUninsured","PerForeignBorn","PerWhite","PerBlack","PerAsian","PerHispanic","PerAPI","PerDocvisit","PerFOBT","PerMammo","PerMenPrev","PerPap","PerWomenPrev"
"A0252","Santa Clara","Santa Clara","https://www.californiahealthmaps.org?address=A0252","Male","AllSite",160595,484.2,447.2,523.7,55285,527.0,474.4,586.1,"","","","",34820,474.6,377.6,592.6,60280,403.7,339.8,477.9,5,63888,0.0,11.6,43.0,34.2,2.5,37.8,21.6,37.8,65.0,72.4,79.8,37.5,81.8,35.5
"A0252","Santa Clara","Santa Clara","https://www.californiahealthmaps.org?address=A0252","Female","AllSite",158845,396.3,366.2,428.5,52730,439.0,391.7,493.1,"","","","",34275,467.9,383.1,567.0,61795,339.2,289.1,396.7,5,63888,0.0,11.6,43.0,34.2,2.5,37.8,21.6,37.8,65.0,72.4,79.8,37.5,81.8,35.5
"A0252","Santa Clara","Santa Clara","https://www.californiahealthmaps.org?address=A0252","Male","Prostate",160595,111.7,94.2,131.8,55285,114.4,91.1,144.6,"","","","",34820,111.0,67.0,177.5,60280,80.8,53.4,119.2,5,63888,0.0,11.6,43.0,34.2,2.5,37.8,21.6,37.8,65.0,72.4,79.8,37.5,81.8,35.5
"A0252","Santa Clara","Santa Clara","https://www.californiahealthmaps.org?address=A0252","Female","Breast",158845,119.1,102.9,137.6,52730,140.2,113.7,174.0,"","","","",34275,150.9,105.0,211.4,61795,90.8,66.4,122.8,5,63888,0.0,11.6,43.0,34.2,2.5,37.8,21.6,37.8,65.0,72.4,79.8,37.5,81.8,35.5
"A0252","Santa Clara","Santa Clara","https://www.californiahealthmaps.org?address=A0252","Male","Lung",160595,50.1,38.4,64.4,55285,53.1,37.4,76.1,"","","","",34820,"","","",60280,"","","",5,63888,0.0,11.6,43.0,34.2,2.5,37.8,21.6,37.8,65.0,72.4,79.8,37.5,81.8,35.5
"A0252","Santa Clara","Santa Clara","https://www.californiahealthmaps.org?address=A0252","Female","Lung",158845,37.2,28.5,48.2,52730,40.7,28.3,60.7,"","","","",34275,"","","",61795,27.7,15.1,48.4,5,63888,0.0,11.6,43.0,34.2,2.5,37.8,21.6,37.8,65.0,72.4,79.8,37.5,81.8,35.5
"A0252","Santa Clara","Santa Clara","https://www.californiahealthmaps.org?address=A0252","Male","CRC",160595,53.4,41.6,67.7,55285,56.9,40.7,80.2,"","","","",34820,"","","",60280,50.7,30.2,82.2,5,63888,0.0,11.6,43.0,34.2,2.5,37.8,21.6,37.8,65.0,72.4,79.8,37.5,81.8,35.5
"A0252","Santa Clara","Santa Clara","https://www.californiahealthmaps.org?address=A0252","Female","CRC",158845,28.6,20.9,38.4,52730,25.5,16.0,43.1,"","","","",34275,"","","",61795,34.8,20.2,57.6,5,63888,0.0,11.6,43.0,34.2,2.5,37.8,21.6,37.8,65.0,72.4,79.8,37.5,81.8,35.5
"A0252","Santa Clara","Santa Clara","https://www.californiahealthmaps.org?address=A0252","Male","Mela",160595,28.2,19.7,39.5,55285,49.9,34.6,72.6,"","","","",34820,"","","",60280,"","","",5,63888,0.0,11.6,43.0,34.2,2.5,37.8,21.6,37.8,65.0,72.4,79.8,37.5,81.8,35.5
"A0252","Santa Clara","Santa Clara","https://www.californiahealthmaps.org?address=A0252","Female","Mela",158845,18.7,12.6,27.0,52730,37.7,23.5,60.3,"","","","",34275,"","","",61795,"","","",5,63888,0.0,11.6,43.0,34.2,2.5,37.8,21.6,37.8,65.0,72.4,79.8,37.5,81.8,35.5
"A0252","Santa Clara","Santa Clara","https://www.californiahealthmaps.org?address=A0252","Female","Uterine",158845,28.3,20.7,38.1,52730,37.8,25.0,58.6,"","","","",34275,"","","",61795,"","","",5,63888,0.0,11.6,43.0,34.2,2.5,37.8,21.6,37.8,65.0,72.4,79.8,37.5,81.8,35.5
"A0252","Santa Clara","Santa Clara","https://www.californiahealthmaps.org?address=A0252","Male","Lymph",160595,18.9,12.3,28.2,55285,24.8,14.0,43.6,"","","","",34820,"","","",60280,"","","",5,63888,0.0,11.6,43.0,34.2,2.5,37.8,21.6,37.8,65.0,72.4,79.8,37.5,81.8,35.5
"A0252","Santa Clara","Santa Clara","https://www.californiahealthmaps.org?address=A0252","Female","Lymph",158845,24.2,17.2,33.4,52730,17.7,9.9,34.0,"","","","",34275,"","","",61795,37.9,21.7,62.8,5,63888,0.0,11.6,43.0,34.2,2.5,37.8,21.6,37.8,65.0,72.4,79.8,37.5,81.8,35.5
"A0252","Santa Clara","Santa Clara","https://www.californiahealthmaps.org?address=A0252","Male","Urinary",160595,18.5,11.8,28.1,55285,20.8,11.8,37.7,"","","","",34820,"","","",60280,"","","",5,63888,0.0,11.6,43.0,34.2,2.5,37.8,21.6,37.8,65.0,72.4,79.8,37.5,81.8,35.5
"A0252","Santa Clara","Santa Clara","https://www.californiahealthmaps.org?address=A0252","Female","Urinary",158845,"","","",52730,"","","","","","","",34275,"","","",61795,"","","",5,63888,0.0,11.6,43.0,34.2,2.5,37.8,21.6,37.8,65.0,72.4,79.8,37.5,81.8,35.5
"A0252","Santa Clara","Santa Clara","https://www.californiahealthmaps.org?address=A0252","Male","Kidney",160595,24.6,16.9,34.8,55285,25.2,14.8,43.5,"","","","",34820,"","","",60280,"","","",5,63888,0.0,11.6,43.0,34.2,2.5,37.8,21.6,37.8,65.0,72.4,79.8,37.5,81.8,35.5
"A0252","Santa Clara","Santa Clara","https://www.californiahealthmaps.org?address=A0252","Female","Kidney",158845,"","","",52730,"","","","","","","",34275,"","","",61795,"","","",5,63888,0.0,11.6,43.0,34.2,2.5,37.8,21.6,37.8,65.0,72.4,79.8,37.5,81.8,35.5
"A0252","Santa Clara","Santa Clara","https://www.californiahealthmaps.org?address=A0252","Male","Thyroid",160595,9.4,5.3,16.1,55285,"","","","","","","",34820,"","","",60280,"","","",5,63888,0.0,11.6,43.0,34.2,2.5,37.8,21.6,37.8,65.0,72.4,79.8,37.5,81.8,35.5
"A0252","Santa Clara","Santa Clara","https://www.californiahealthmaps.org?address=A0252","Female","Thyroid",158845,22.7,15.9,31.8,52730,"","","","","","","",34275,"","","",61795,27.8,15.2,48.4,5,63888,0.0,11.6,43.0,34.2,2.5,37.8,21.6,37.8,65.0,72.4,79.8,37.5,81.8,35.5
"A0252","Santa Clara","Santa Clara","https://www.californiahealthmaps.org?address=A0252","Male","Liver",160595,17.7,11.4,26.5,55285,"","","","","","","",34820,"","","",60280,"","","",5,63888,0.0,11.6,43.0,34.2,2.5,37.8,21.6,37.8,65.0,72.4,79.8,37.5,81.8,35.5
"A0252","Santa Clara","Santa Clara","https://www.californiahealthmaps.org?address=A0252","Female","Liver",158845,"","","",52730,"","","","","","","",34275,"","","",61795,"","","",5,63888,0.0,11.6,43.0,34.2,2.5,37.8,21.6,37.8,65.0,72.4,79.8,37.5,81.8,35.5
"A0252","Santa Clara","Santa Clara","https://www.californiahealthmaps.org?address=A0252","Male","Pancreas",160595,17.4,10.8,26.8,55285,"","","","","","","",34820,"","","",60280,"","","",5,63888,0.0,11.6,43.0,34.2,2.5,37.8,21.6,37.8,65.0,72.4,79.8,37.5,81.8,35.5
"A0252","Santa Clara","Santa Clara","https://www.californiahealthmaps.org?address=A0252","Female","Pancreas",158845,9.6,5.4,16.1,52730,"","","","","","","",34275,"","","",61795,"","","",5,63888,0.0,11.6,43.0,34.2,2.5,37.8,21.6,37.8,65.0,72.4,79.8,37.5,81.8,35.5
"A0252","Santa Clara","Santa Clara","https://www.californiahealthmaps.org?address=A0252","Both","AllSite",319440,430.8,407.6,455.0,108015,470.0,435.5,507.7,"","","","",69095,471.5,406.7,544.7,122075,363.6,323.9,407.4,5,63888,0.0,11.6,43.0,34.2,2.5,37.8,21.6,37.8,65.0,72.4,79.8,37.5,81.8,35.5
"A0252","Santa Clara","Santa Clara","https://www.californiahealthmaps.org?address=A0252","Both","Lung",319440,42.5,35.4,50.8,108015,46.6,36.5,60.2,"","","","",69095,52.8,32.0,83.0,122075,32.3,21.0,48.3,5,63888,0.0,11.6,43.0,34.2,2.5,37.8,21.6,37.8,65.0,72.4,79.8,37.5,81.8,35.5
"A0252","Santa Clara","Santa Clara","https://www.californiahealthmaps.org?address=A0252","Both","CRC",319440,39.8,33.0,47.7,108015,40.2,30.9,53.0,"","","","",69095,40.1,22.7,66.7,122075,41.6,29.0,58.5,5,63888,0.0,11.6,43.0,34.2,2.5,37.8,21.6,37.8,65.0,72.4,79.8,37.5,81.8,35.5
"A0252","Santa Clara","Santa Clara","https://www.californiahealthmaps.org?address=A0252","Both","Mela",319440,22.5,17.4,28.7,108015,41.5,31.4,55.3,"","","","",69095,"","","",122075,"","","",5,63888,0.0,11.6,43.0,34.2,2.5,37.8,21.6,37.8,65.0,72.4,79.8,37.5,81.8,35.5
"A0252","Santa Clara","Santa Clara","https://www.californiahealthmaps.org?address=A0252","Both","Lymph",319440,22.1,17.1,28.3,108015,20.9,14.2,31.4,"","","","",69095,"","","",122075,26.0,16.1,40.5,5,63888,0.0,11.6,43.0,34.2,2.5,37.8,21.6,37.8,65.0,72.4,79.8,37.5,81.8,35.5
"A0252","Santa Clara","Santa Clara","https://www.californiahealthmaps.org?address=A0252","Both","Urinary",319440,8.6,5.6,12.8,108015,9.6,5.6,17.7,"","","","",69095,"","","",122075,"","","",5,63888,0.0,11.6,43.0,34.2,2.5,37.8,21.6,37.8,65.0,72.4,79.8,37.5,81.8,35.5
"A0252","Santa Clara","Santa Clara","https://www.californiahealthmaps.org?address=A0252","Both","Kidney",319440,15.6,11.4,20.9,108015,15.4,9.8,24.8,"","","","",69095,"","","",122075,"","","",5,63888,0.0,11.6,43.0,34.2,2.5,37.8,21.6,37.8,65.0,72.4,79.8,37.5,81.8,35.5
"A0252","Santa Clara","Santa Clara","https://www.californiahealthmaps.org?address=A0252","Both","Thyroid",319440,16.1,12.0,21.3,108015,17.7,10.9,28.6,"","","","",69095,"","","",122075,19.7,11.9,31.8,5,63888,0.0,11.6,43.0,34.2,2.5,37.8,21.6,37.8,65.0,72.4,79.8,37.5,81.8,35.5
"A0252","Santa Clara","Santa Clara","https://www.californiahealthmaps.org?address=A0252","Both","Liver",319440,12.4,8.8,17.3,108015,9.7,5.5,17.9,"","","","",69095,"","","",122075,"","","",5,63888,0.0,11.6,43.0,34.2,2.5,37.8,21.6,37.8,65.0,72.4,79.8,37.5,81.8,35.5
"A0252","Santa Clara","Santa Clara","https://www.californiahealthmaps.org?address=A0252","Both","Pancreas",319440,12.9,9.1,17.8,108015,12.6,7.7,21.4,"","","","",69095,"","","",122075,"","","",5,63888,0.0,11.6,43.0,34.2,2.5,37.8,21.6,37.8,65.0,72.4,79.8,37.5,81.8,35.5
