"Zone","Counties","Cities","URL","Sex","Cancer","PopTot","AAIR","LCI","UCI","White_PopTot","White_AAIR","White_LCI","White_UCI","Black_PopTot","Black_AAIR","Black_LCI","Black_UCI","Hispanic_PopTot","Hispanic_AAIR","Hispanic_LCI","Hispanic_UCI","Asian_PopTot","Asian_AAIR","Asian_LCI","Asian_UCI","QNSES","PopAll","PerRural","PerUninsured","PerForeignBorn","PerWhite","PerBlack","PerAsian","PerHispanic"
"B0285","Tehama","Corning, Red Bluff","https://www.californiahealthmaps.org?address=B0285","Male","AllSite",158050,555.3,521.5,591.1,112410,569.5,532.4,609.2,"","","","",35945,433.0,309.4,604.2,"","","","",1,63463,53.3,17.6,9.1,71.9,0.6,1.2,22.0
"B0285","Tehama","Corning, Red Bluff","https://www.californiahealthmaps.org?address=B0285","Female","AllSite",159265,449.5,419.8,481.2,115605,458.0,424.8,494.0,"","","","",33585,375.9,288.9,487.0,"","","","",1,63463,53.3,17.6,9.1,71.9,0.6,1.2,22.0
"B0285","Tehama","Corning, Red Bluff","https://www.californiahealthmaps.org?address=B0285","Male","Prostate",158050,130.9,115.2,148.5,112410,129.0,112.5,148.1,"","","","",35945,106.5,54.1,210.7,"","","","",1,63463,53.3,17.6,9.1,71.9,0.6,1.2,22.0
"B0285","Tehama","Corning, Red Bluff","https://www.californiahealthmaps.org?address=B0285","Female","Breast",159265,127.6,112.1,145.1,115605,128.7,111.7,148.6,"","","","",33585,108.3,65.5,176.7,"","","","",1,63463,53.3,17.6,9.1,71.9,0.6,1.2,22.0
"B0285","Tehama","Corning, Red Bluff","https://www.californiahealthmaps.org?address=B0285","Male","Lung",158050,79.0,66.6,93.4,112410,84.8,71.2,101.1,"","","","",35945,"","","","","","","",1,63463,53.3,17.6,9.1,71.9,0.6,1.2,22.0
"B0285","Tehama","Corning, Red Bluff","https://www.californiahealthmaps.org?address=B0285","Female","Lung",159265,56.3,46.6,68.1,115605,60.7,50.0,74.2,"","","","",33585,"","","","","","","",1,63463,53.3,17.6,9.1,71.9,0.6,1.2,22.0
"B0285","Tehama","Corning, Red Bluff","https://www.californiahealthmaps.org?address=B0285","Male","CRC",158050,50.0,40.1,62.1,112410,53.5,42.2,67.7,"","","","",35945,"","","","","","","",1,63463,53.3,17.6,9.1,71.9,0.6,1.2,22.0
"B0285","Tehama","Corning, Red Bluff","https://www.californiahealthmaps.org?address=B0285","Female","CRC",159265,33.7,26.1,43.3,115605,35.3,27.0,46.6,"","","","",33585,"","","","","","","",1,63463,53.3,17.6,9.1,71.9,0.6,1.2,22.0
"B0285","Tehama","Corning, Red Bluff","https://www.californiahealthmaps.org?address=B0285","Male","Mela",158050,42.1,33.2,53.2,112410,40.6,31.0,53.3,"","","","",35945,"","","","","","","",1,63463,53.3,17.6,9.1,71.9,0.6,1.2,22.0
"B0285","Tehama","Corning, Red Bluff","https://www.californiahealthmaps.org?address=B0285","Female","Mela",159265,25.7,18.8,34.7,115605,26.4,18.4,37.6,"","","","",33585,"","","","","","","",1,63463,53.3,17.6,9.1,71.9,0.6,1.2,22.0
"B0285","Tehama","Corning, Red Bluff","https://www.californiahealthmaps.org?address=B0285","Female","Uterine",159265,28.0,21.4,36.8,115605,26.1,19.2,35.9,"","","","",33585,"","","","","","","",1,63463,53.3,17.6,9.1,71.9,0.6,1.2,22.0
"B0285","Tehama","Corning, Red Bluff","https://www.californiahealthmaps.org?address=B0285","Male","Lymph",158050,22.6,16.3,31.0,112410,24.3,17.1,34.5,"","","","",35945,"","","","","","","",1,63463,53.3,17.6,9.1,71.9,0.6,1.2,22.0
"B0285","Tehama","Corning, Red Bluff","https://www.californiahealthmaps.org?address=B0285","Female","Lymph",159265,16.1,10.8,23.6,115605,15.2,10.0,23.6,"","","","",33585,"","","","","","","",1,63463,53.3,17.6,9.1,71.9,0.6,1.2,22.0
"B0285","Tehama","Corning, Red Bluff","https://www.californiahealthmaps.org?address=B0285","Male","Urinary",158050,27.7,20.3,37.2,112410,28.2,20.5,39.0,"","","","",35945,"","","","","","","",1,63463,53.3,17.6,9.1,71.9,0.6,1.2,22.0
"B0285","Tehama","Corning, Red Bluff","https://www.californiahealthmaps.org?address=B0285","Female","Urinary",159265,5.5,2.7,10.6,115605,"","","","","","","",33585,"","","","","","","",1,63463,53.3,17.6,9.1,71.9,0.6,1.2,22.0
"B0285","Tehama","Corning, Red Bluff","https://www.californiahealthmaps.org?address=B0285","Male","Kidney",158050,27.1,20.1,36.2,112410,26.6,19.2,37.0,"","","","",35945,"","","","","","","",1,63463,53.3,17.6,9.1,71.9,0.6,1.2,22.0
"B0285","Tehama","Corning, Red Bluff","https://www.californiahealthmaps.org?address=B0285","Female","Kidney",159265,13.7,8.7,21.1,115605,14.0,8.4,23.1,"","","","",33585,"","","","","","","",1,63463,53.3,17.6,9.1,71.9,0.6,1.2,22.0
"B0285","Tehama","Corning, Red Bluff","https://www.californiahealthmaps.org?address=B0285","Male","Thyroid",158050,3.5,1.3,8.1,112410,"","","","","","","",35945,"","","","","","","",1,63463,53.3,17.6,9.1,71.9,0.6,1.2,22.0
"B0285","Tehama","Corning, Red Bluff","https://www.californiahealthmaps.org?address=B0285","Female","Thyroid",159265,16.9,10.8,25.5,115605,16.5,9.5,27.2,"","","","",33585,"","","","","","","",1,63463,53.3,17.6,9.1,71.9,0.6,1.2,22.0
"B0285","Tehama","Corning, Red Bluff","https://www.californiahealthmaps.org?address=B0285","Both","AllSite",317315,496.5,474.2,519.7,228015,508.3,483.6,534.3,"","","","",69530,390.8,319.1,477.6,"","","","",1,63463,53.3,17.6,9.1,71.9,0.6,1.2,22.0
"B0285","Tehama","Corning, Red Bluff","https://www.californiahealthmaps.org?address=B0285","Both","Lung",317315,66.2,58.5,75.0,228015,71.2,62.7,81.1,"","","","",69530,"","","","","","","",1,63463,53.3,17.6,9.1,71.9,0.6,1.2,22.0
"B0285","Tehama","Corning, Red Bluff","https://www.californiahealthmaps.org?address=B0285","Both","CRC",317315,41.3,35.1,48.6,228015,44.0,36.9,52.5,"","","","",69530,"","","","","","","",1,63463,53.3,17.6,9.1,71.9,0.6,1.2,22.0
"B0285","Tehama","Corning, Red Bluff","https://www.californiahealthmaps.org?address=B0285","Both","Mela",317315,33.2,27.6,39.8,228015,32.9,26.7,40.7,"","","","",69530,"","","","","","","",1,63463,53.3,17.6,9.1,71.9,0.6,1.2,22.0
"B0285","Tehama","Corning, Red Bluff","https://www.californiahealthmaps.org?address=B0285","Both","Lymph",317315,19.2,15.0,24.4,228015,19.6,15.1,25.6,"","","","",69530,"","","","","","","",1,63463,53.3,17.6,9.1,71.9,0.6,1.2,22.0
"B0285","Tehama","Corning, Red Bluff","https://www.californiahealthmaps.org?address=B0285","Both","Urinary",317315,15.3,11.6,20.1,228015,16.0,12.0,21.4,"","","","",69530,"","","","","","","",1,63463,53.3,17.6,9.1,71.9,0.6,1.2,22.0
"B0285","Tehama","Corning, Red Bluff","https://www.californiahealthmaps.org?address=B0285","Both","Kidney",317315,20.1,15.8,25.5,228015,20.0,15.3,26.2,"","","","",69530,"","","","","","","",1,63463,53.3,17.6,9.1,71.9,0.6,1.2,22.0
"B0285","Tehama","Corning, Red Bluff","https://www.californiahealthmaps.org?address=B0285","Both","Thyroid",317315,10.1,6.8,14.6,228015,9.3,5.7,14.8,"","","","",69530,"","","","","","","",1,63463,53.3,17.6,9.1,71.9,0.6,1.2,22.0
