"Zone","Counties","Cities","URL","Sex","Cancer","PopTot","AAIR","LCI","UCI","White_PopTot","White_AAIR","White_LCI","White_UCI","Black_PopTot","Black_AAIR","Black_LCI","Black_UCI","Hispanic_PopTot","Hispanic_AAIR","Hispanic_LCI","Hispanic_UCI","Asian_PopTot","Asian_AAIR","Asian_LCI","Asian_UCI","QNSES","PopAll","PerRural","PerUninsured","PerForeignBorn","PerWhite","PerBlack","PerAsian","PerHispanic"
"A0232","Santa Clara","San Jose","https://www.californiahealthmaps.org?address=A0232","Male","AllSite",170595,412.6,379.9,447.7,30185,438.0,376.8,513.1,"","","","",67805,355.9,294.3,428.5,63805,419.4,366.8,478.3,4,67924,0.3,14.5,40.8,15.9,2.8,38.0,41.2
"A0232","Santa Clara","San Jose","https://www.californiahealthmaps.org?address=A0232","Female","AllSite",169025,378.2,350.1,408.0,28050,417.8,354.9,496.7,"","","","",65625,422.5,365.1,487.3,66955,346.4,304.8,392.7,4,67924,0.3,14.5,40.8,15.9,2.8,38.0,41.2
"A0232","Santa Clara","San Jose","https://www.californiahealthmaps.org?address=A0232","Male","Prostate",170595,77.7,64.2,93.6,30185,74.1,51.8,112.6,"","","","",67805,73.6,47.4,111.4,63805,63.4,44.2,89.3,4,67924,0.3,14.5,40.8,15.9,2.8,38.0,41.2
"A0232","Santa Clara","San Jose","https://www.californiahealthmaps.org?address=A0232","Female","Breast",169025,115.4,100.2,132.4,28050,119.1,87.0,169.1,"","","","",65625,132.9,101.6,171.7,66955,107.0,84.8,133.8,4,67924,0.3,14.5,40.8,15.9,2.8,38.0,41.2
"A0232","Santa Clara","San Jose","https://www.californiahealthmaps.org?address=A0232","Male","Lung",170595,59.5,47.0,74.6,30185,66.0,44.1,104.7,"","","","",67805,"","","",63805,70.6,49.0,99.3,4,67924,0.3,14.5,40.8,15.9,2.8,38.0,41.2
"A0232","Santa Clara","San Jose","https://www.californiahealthmaps.org?address=A0232","Female","Lung",169025,34.3,26.2,44.3,28050,46.2,28.9,83.5,"","","","",65625,"","","",66955,34.2,21.8,51.8,4,67924,0.3,14.5,40.8,15.9,2.8,38.0,41.2
"A0232","Santa Clara","San Jose","https://www.californiahealthmaps.org?address=A0232","Male","CRC",170595,37.1,27.9,48.6,30185,"","","","","","","",67805,"","","",63805,51.3,34.6,74.5,4,67924,0.3,14.5,40.8,15.9,2.8,38.0,41.2
"A0232","Santa Clara","San Jose","https://www.californiahealthmaps.org?address=A0232","Female","CRC",169025,31.0,23.4,40.5,28050,"","","","","","","",65625,41.3,25.3,64.9,66955,24.9,14.9,39.9,4,67924,0.3,14.5,40.8,15.9,2.8,38.0,41.2
"A0232","Santa Clara","San Jose","https://www.californiahealthmaps.org?address=A0232","Male","Mela",170595,16.0,10.1,24.5,30185,41.2,24.4,75.8,"","","","",67805,"","","",63805,"","","",4,67924,0.3,14.5,40.8,15.9,2.8,38.0,41.2
"A0232","Santa Clara","San Jose","https://www.californiahealthmaps.org?address=A0232","Female","Mela",169025,10.7,6.4,17.0,28050,"","","","","","","",65625,"","","",66955,"","","",4,67924,0.3,14.5,40.8,15.9,2.8,38.0,41.2
"A0232","Santa Clara","San Jose","https://www.californiahealthmaps.org?address=A0232","Female","Uterine",169025,28.5,21.4,37.5,28050,"","","","","","","",65625,"","","",66955,33.6,22.1,50.0,4,67924,0.3,14.5,40.8,15.9,2.8,38.0,41.2
"A0232","Santa Clara","San Jose","https://www.californiahealthmaps.org?address=A0232","Male","Lymph",170595,26.5,18.7,36.9,30185,"","","","","","","",67805,"","","",63805,36.7,22.0,58.3,4,67924,0.3,14.5,40.8,15.9,2.8,38.0,41.2
"A0232","Santa Clara","San Jose","https://www.californiahealthmaps.org?address=A0232","Female","Lymph",169025,19.5,13.4,27.4,28050,"","","","","","","",65625,"","","",66955,23.1,13.1,38.4,4,67924,0.3,14.5,40.8,15.9,2.8,38.0,41.2
"A0232","Santa Clara","San Jose","https://www.californiahealthmaps.org?address=A0232","Male","Urinary",170595,11.0,5.9,18.8,30185,"","","","","","","",67805,"","","",63805,"","","",4,67924,0.3,14.5,40.8,15.9,2.8,38.0,41.2
"A0232","Santa Clara","San Jose","https://www.californiahealthmaps.org?address=A0232","Female","Urinary",169025,1.6,0.3,4.9,28050,"","","","","","","",65625,"","","",66955,"","","",4,67924,0.3,14.5,40.8,15.9,2.8,38.0,41.2
"A0232","Santa Clara","San Jose","https://www.californiahealthmaps.org?address=A0232","Male","Kidney",170595,21.3,14.7,30.3,30185,"","","","","","","",67805,42.2,23.9,72.1,63805,"","","",4,67924,0.3,14.5,40.8,15.9,2.8,38.0,41.2
"A0232","Santa Clara","San Jose","https://www.californiahealthmaps.org?address=A0232","Female","Kidney",169025,10.6,6.5,16.7,28050,"","","","","","","",65625,"","","",66955,"","","",4,67924,0.3,14.5,40.8,15.9,2.8,38.0,41.2
"A0232","Santa Clara","San Jose","https://www.californiahealthmaps.org?address=A0232","Male","Thyroid",170595,5.9,2.8,11.5,30185,"","","","","","","",67805,"","","",63805,"","","",4,67924,0.3,14.5,40.8,15.9,2.8,38.0,41.2
"A0232","Santa Clara","San Jose","https://www.californiahealthmaps.org?address=A0232","Female","Thyroid",169025,17.1,11.6,24.6,28050,"","","","","","","",65625,"","","",66955,"","","",4,67924,0.3,14.5,40.8,15.9,2.8,38.0,41.2
"A0232","Santa Clara","San Jose","https://www.californiahealthmaps.org?address=A0232","Both","AllSite",339620,389.6,368.4,411.7,58235,417.2,374.6,467.0,"","","","",133430,384.6,343.1,430.5,130760,376.6,343.8,412.1,4,67924,0.3,14.5,40.8,15.9,2.8,38.0,41.2
"A0232","Santa Clara","San Jose","https://www.californiahealthmaps.org?address=A0232","Both","Lung",339620,44.7,37.6,52.9,58235,54.1,40.3,76.1,"","","","",133430,30.1,19.0,45.9,130760,49.4,37.5,64.0,4,67924,0.3,14.5,40.8,15.9,2.8,38.0,41.2
"A0232","Santa Clara","San Jose","https://www.californiahealthmaps.org?address=A0232","Both","CRC",339620,33.9,27.9,40.8,58235,25.8,16.5,44.2,"","","","",133430,35.7,24.1,51.9,130760,37.2,27.5,49.5,4,67924,0.3,14.5,40.8,15.9,2.8,38.0,41.2
"A0232","Santa Clara","San Jose","https://www.californiahealthmaps.org?address=A0232","Both","Mela",339620,12.9,9.3,17.6,58235,34.6,23.2,54.8,"","","","",133430,"","","",130760,"","","",4,67924,0.3,14.5,40.8,15.9,2.8,38.0,41.2
"A0232","Santa Clara","San Jose","https://www.californiahealthmaps.org?address=A0232","Both","Lymph",339620,22.5,17.6,28.5,58235,17.8,10.3,35.1,"","","","",133430,20.7,12.0,34.2,130760,29.1,20.3,40.9,4,67924,0.3,14.5,40.8,15.9,2.8,38.0,41.2
"A0232","Santa Clara","San Jose","https://www.californiahealthmaps.org?address=A0232","Both","Urinary",339620,5.6,3.2,9.0,58235,"","","","","","","",133430,"","","",130760,"","","",4,67924,0.3,14.5,40.8,15.9,2.8,38.0,41.2
"A0232","Santa Clara","San Jose","https://www.californiahealthmaps.org?address=A0232","Both","Kidney",339620,15.7,11.7,20.6,58235,14.9,8.3,31.5,"","","","",133430,27.0,17.1,41.5,130760,"","","",4,67924,0.3,14.5,40.8,15.9,2.8,38.0,41.2
"A0232","Santa Clara","San Jose","https://www.californiahealthmaps.org?address=A0232","Both","Thyroid",339620,11.7,8.3,16.0,58235,"","","","","","","",133430,"","","",130760,13.6,8.2,21.7,4,67924,0.3,14.5,40.8,15.9,2.8,38.0,41.2
