"Zone","Counties","Cities","URL","Sex","Cancer","PopTot","AAIR","LCI","UCI","White_PopTot","White_AAIR","White_LCI","White_UCI","Black_PopTot","Black_AAIR","Black_LCI","Black_UCI","Hispanic_PopTot","Hispanic_AAIR","Hispanic_LCI","Hispanic_UCI","Asian_PopTot","Asian_AAIR","Asian_LCI","Asian_UCI","QNSES","PopAll","PerRural","PerUninsured","PerForeignBorn","PerWhite","PerBlack","PerAsian","PerHispanic"
"A0939","San Diego","San Diego","https://www.californiahealthmaps.org?address=A0939","Male","AllSite",151875,533.5,497.6,571.8,93310,497.1,458.2,539.9,"","","","",42385,774.3,650.6,921.0,"","","","",3,57178,65.0,14.3,14.0,63.9,3.0,3.9,25.5
"A0939","San Diego","San Diego","https://www.californiahealthmaps.org?address=A0939","Female","AllSite",134015,463.9,430.5,499.7,86100,423.6,386.5,464.9,"","","","",36020,608.9,514.5,718.6,"","","","",3,57178,65.0,14.3,14.0,63.9,3.0,3.9,25.5
"A0939","San Diego","San Diego","https://www.californiahealthmaps.org?address=A0939","Male","Prostate",151875,122.0,105.9,140.4,93310,107.5,91.1,127.7,"","","","",42385,205.0,145.0,289.4,"","","","",3,57178,65.0,14.3,14.0,63.9,3.0,3.9,25.5
"A0939","San Diego","San Diego","https://www.californiahealthmaps.org?address=A0939","Female","Breast",134015,147.4,129.3,168.0,86100,127.7,108.7,150.8,"","","","",36020,218.8,165.7,287.5,"","","","",3,57178,65.0,14.3,14.0,63.9,3.0,3.9,25.5
"A0939","San Diego","San Diego","https://www.californiahealthmaps.org?address=A0939","Male","Lung",151875,55.6,44.0,69.8,93310,53.2,41.0,69.5,"","","","",42385,"","","","","","","",3,57178,65.0,14.3,14.0,63.9,3.0,3.9,25.5
"A0939","San Diego","San Diego","https://www.californiahealthmaps.org?address=A0939","Female","Lung",134015,54.8,43.8,68.2,86100,52.0,40.2,68.2,"","","","",36020,71.0,40.8,118.7,"","","","",3,57178,65.0,14.3,14.0,63.9,3.0,3.9,25.5
"A0939","San Diego","San Diego","https://www.californiahealthmaps.org?address=A0939","Male","CRC",151875,41.1,31.7,53.1,93310,34.6,25.3,48.2,"","","","",42385,86.4,48.0,151.8,"","","","",3,57178,65.0,14.3,14.0,63.9,3.0,3.9,25.5
"A0939","San Diego","San Diego","https://www.californiahealthmaps.org?address=A0939","Female","CRC",134015,28.5,20.9,38.8,86100,30.2,21.2,43.9,"","","","",36020,"","","","","","","",3,57178,65.0,14.3,14.0,63.9,3.0,3.9,25.5
"A0939","San Diego","San Diego","https://www.californiahealthmaps.org?address=A0939","Male","Mela",151875,52.7,41.9,66.1,93310,59.5,46.2,77.0,"","","","",42385,"","","","","","","",3,57178,65.0,14.3,14.0,63.9,3.0,3.9,25.5
"A0939","San Diego","San Diego","https://www.californiahealthmaps.org?address=A0939","Female","Mela",134015,23.2,16.0,33.0,86100,27.1,17.6,41.7,"","","","",36020,"","","","","","","",3,57178,65.0,14.3,14.0,63.9,3.0,3.9,25.5
"A0939","San Diego","San Diego","https://www.californiahealthmaps.org?address=A0939","Female","Uterine",134015,34.4,26.0,45.2,86100,30.9,22.2,44.3,"","","","",36020,"","","","","","","",3,57178,65.0,14.3,14.0,63.9,3.0,3.9,25.5
"A0939","San Diego","San Diego","https://www.californiahealthmaps.org?address=A0939","Male","Lymph",151875,25.7,18.6,35.4,93310,22.3,14.9,34.2,"","","","",42385,"","","","","","","",3,57178,65.0,14.3,14.0,63.9,3.0,3.9,25.5
"A0939","San Diego","San Diego","https://www.californiahealthmaps.org?address=A0939","Female","Lymph",134015,17.1,11.1,25.8,86100,17.9,10.8,30.2,"","","","",36020,"","","","","","","",3,57178,65.0,14.3,14.0,63.9,3.0,3.9,25.5
"A0939","San Diego","San Diego","https://www.californiahealthmaps.org?address=A0939","Male","Urinary",151875,19.8,13.1,29.2,93310,20.5,13.1,32.5,"","","","",42385,"","","","","","","",3,57178,65.0,14.3,14.0,63.9,3.0,3.9,25.5
"A0939","San Diego","San Diego","https://www.californiahealthmaps.org?address=A0939","Female","Urinary",134015,2.6,0.7,7.8,86100,"","","","","","","",36020,"","","","","","","",3,57178,65.0,14.3,14.0,63.9,3.0,3.9,25.5
"A0939","San Diego","San Diego","https://www.californiahealthmaps.org?address=A0939","Male","Kidney",151875,25.6,18.2,35.8,93310,23.3,15.3,35.8,"","","","",42385,"","","","","","","",3,57178,65.0,14.3,14.0,63.9,3.0,3.9,25.5
"A0939","San Diego","San Diego","https://www.californiahealthmaps.org?address=A0939","Female","Kidney",134015,10.6,6.1,17.9,86100,"","","","","","","",36020,"","","","","","","",3,57178,65.0,14.3,14.0,63.9,3.0,3.9,25.5
"A0939","San Diego","San Diego","https://www.californiahealthmaps.org?address=A0939","Male","Thyroid",151875,8.2,4.3,14.8,93310,"","","","","","","",42385,"","","","","","","",3,57178,65.0,14.3,14.0,63.9,3.0,3.9,25.5
"A0939","San Diego","San Diego","https://www.californiahealthmaps.org?address=A0939","Female","Thyroid",134015,24.4,16.6,35.0,86100,14.3,7.7,26.5,"","","","",36020,"","","","","","","",3,57178,65.0,14.3,14.0,63.9,3.0,3.9,25.5
"A0939","San Diego","San Diego","https://www.californiahealthmaps.org?address=A0939","Both","AllSite",285890,495.8,471.5,521.3,179410,459.3,432.5,488.1,"","","","",78405,676.4,600.7,760.4,10120,333.1,214.2,518.1,3,57178,65.0,14.3,14.0,63.9,3.0,3.9,25.5
"A0939","San Diego","San Diego","https://www.californiahealthmaps.org?address=A0939","Both","Lung",285890,54.3,46.4,63.4,179410,51.9,43.5,62.4,"","","","",78405,76.9,51.1,112.3,10120,"","","",3,57178,65.0,14.3,14.0,63.9,3.0,3.9,25.5
"A0939","San Diego","San Diego","https://www.californiahealthmaps.org?address=A0939","Both","CRC",285890,34.8,28.7,42.1,179410,32.6,26.0,41.3,"","","","",78405,46.1,28.3,73.2,10120,"","","",3,57178,65.0,14.3,14.0,63.9,3.0,3.9,25.5
"A0939","San Diego","San Diego","https://www.californiahealthmaps.org?address=A0939","Both","Mela",285890,38.1,31.4,45.9,179410,43.5,35.1,54.0,"","","","",78405,"","","",10120,"","","",3,57178,65.0,14.3,14.0,63.9,3.0,3.9,25.5
"A0939","San Diego","San Diego","https://www.californiahealthmaps.org?address=A0939","Both","Lymph",285890,21.7,16.8,27.7,179410,20.5,15.1,28.2,"","","","",78405,28.5,15.0,51.5,10120,"","","",3,57178,65.0,14.3,14.0,63.9,3.0,3.9,25.5
"A0939","San Diego","San Diego","https://www.californiahealthmaps.org?address=A0939","Both","Urinary",285890,10.8,7.4,15.4,179410,11.2,7.4,17.2,"","","","",78405,"","","",10120,"","","",3,57178,65.0,14.3,14.0,63.9,3.0,3.9,25.5
"A0939","San Diego","San Diego","https://www.californiahealthmaps.org?address=A0939","Both","Kidney",285890,17.9,13.5,23.5,179410,16.1,11.1,23.5,"","","","",78405,31.8,16.6,57.0,10120,"","","",3,57178,65.0,14.3,14.0,63.9,3.0,3.9,25.5
"A0939","San Diego","San Diego","https://www.californiahealthmaps.org?address=A0939","Both","Thyroid",285890,15.8,11.6,21.4,179410,9.5,5.6,15.8,"","","","",78405,24.0,14.2,42.2,10120,"","","",3,57178,65.0,14.3,14.0,63.9,3.0,3.9,25.5
