"Zone","Counties","Cities","URL","Sex","Cancer","PopTot","AAIR","LCI","UCI","White_PopTot","White_AAIR","White_LCI","White_UCI","Black_PopTot","Black_AAIR","Black_LCI","Black_UCI","Hispanic_PopTot","Hispanic_AAIR","Hispanic_LCI","Hispanic_UCI","Asian_PopTot","Asian_AAIR","Asian_LCI","Asian_UCI","QNSES","PopAll","PerRural","PerUninsured","PerForeignBorn","PerWhite","PerBlack","PerAsian","PerHispanic","PerAPI","PerDocvisit","PerFOBT","PerMammo","PerMenPrev","PerPap","PerWomenPrev"
"A0552","San Bernardino","San Bernardino, Colton","https://www.californiahealthmaps.org?address=A0552","Male","AllSite",150595,439.9,396.7,487.0,15585,650.5,530.5,794.9,"","","","",118430,391.0,342.6,445.2,"","","","",1,60923,0.0,28.2,28.2,10.5,4.8,3.4,79.3,3.4,"","","","","",""
"A0552","San Bernardino","San Bernardino, Colton","https://www.californiahealthmaps.org?address=A0552","Female","AllSite",154020,432.6,395.0,473.2,16090,500.0,407.1,615.3,10395,513.9,337.8,803.8,119055,415.9,371.5,464.7,"","","","",1,60923,0.0,28.2,28.2,10.5,4.8,3.4,79.3,3.4,"","","","","",""
"A0552","San Bernardino","San Bernardino, Colton","https://www.californiahealthmaps.org?address=A0552","Male","Prostate",150595,101.5,81.3,125.8,15585,116.0,69.5,189.0,"","","","",118430,91.5,68.7,120.3,"","","","",1,60923,0.0,28.2,28.2,10.5,4.8,3.4,79.3,3.4,"","","","","",""
"A0552","San Bernardino","San Bernardino, Colton","https://www.californiahealthmaps.org?address=A0552","Female","Breast",154020,131.5,111.4,154.6,16090,162.1,110.8,237.8,10395,231.7,133.3,451.5,119055,116.1,93.5,143.2,"","","","",1,60923,0.0,28.2,28.2,10.5,4.8,3.4,79.3,3.4,"","","","","",""
"A0552","San Bernardino","San Bernardino, Colton","https://www.californiahealthmaps.org?address=A0552","Male","Lung",150595,56.0,41.0,75.3,15585,122.2,72.9,198.6,"","","","",118430,35.2,21.4,55.5,"","","","",1,60923,0.0,28.2,28.2,10.5,4.8,3.4,79.3,3.4,"","","","","",""
"A0552","San Bernardino","San Bernardino, Colton","https://www.californiahealthmaps.org?address=A0552","Female","Lung",154020,32.2,22.2,45.5,16090,73.2,40.5,132.4,10395,"","","",119055,"","","","","","","",1,60923,0.0,28.2,28.2,10.5,4.8,3.4,79.3,3.4,"","","","","",""
"A0552","San Bernardino","San Bernardino, Colton","https://www.californiahealthmaps.org?address=A0552","Male","CRC",150595,39.2,27.2,55.6,15585,"","","","","","","",118430,32.4,19.9,51.1,"","","","",1,60923,0.0,28.2,28.2,10.5,4.8,3.4,79.3,3.4,"","","","","",""
"A0552","San Bernardino","San Bernardino, Colton","https://www.californiahealthmaps.org?address=A0552","Female","CRC",154020,48.0,35.8,63.2,16090,"","","",10395,"","","",119055,48.1,33.7,67.1,"","","","",1,60923,0.0,28.2,28.2,10.5,4.8,3.4,79.3,3.4,"","","","","",""
"A0552","San Bernardino","San Bernardino, Colton","https://www.californiahealthmaps.org?address=A0552","Male","Mela",150595,"","","",15585,"","","","","","","",118430,"","","","","","","",1,60923,0.0,28.2,28.2,10.5,4.8,3.4,79.3,3.4,"","","","","",""
"A0552","San Bernardino","San Bernardino, Colton","https://www.californiahealthmaps.org?address=A0552","Female","Mela",154020,"","","",16090,"","","",10395,"","","",119055,"","","","","","","",1,60923,0.0,28.2,28.2,10.5,4.8,3.4,79.3,3.4,"","","","","",""
"A0552","San Bernardino","San Bernardino, Colton","https://www.californiahealthmaps.org?address=A0552","Female","Uterine",154020,39.1,28.4,52.9,16090,"","","",10395,"","","",119055,41.8,28.5,59.7,"","","","",1,60923,0.0,28.2,28.2,10.5,4.8,3.4,79.3,3.4,"","","","","",""
"A0552","San Bernardino","San Bernardino, Colton","https://www.californiahealthmaps.org?address=A0552","Male","Lymph",150595,29.8,19.2,44.6,15585,"","","","","","","",118430,35.8,22.2,55.8,"","","","",1,60923,0.0,28.2,28.2,10.5,4.8,3.4,79.3,3.4,"","","","","",""
"A0552","San Bernardino","San Bernardino, Colton","https://www.californiahealthmaps.org?address=A0552","Female","Lymph",154020,13.9,7.8,23.2,16090,"","","",10395,"","","",119055,"","","","","","","",1,60923,0.0,28.2,28.2,10.5,4.8,3.4,79.3,3.4,"","","","","",""
"A0552","San Bernardino","San Bernardino, Colton","https://www.californiahealthmaps.org?address=A0552","Male","Urinary",150595,"","","",15585,"","","","","","","",118430,"","","","","","","",1,60923,0.0,28.2,28.2,10.5,4.8,3.4,79.3,3.4,"","","","","",""
"A0552","San Bernardino","San Bernardino, Colton","https://www.californiahealthmaps.org?address=A0552","Female","Urinary",154020,"","","",16090,"","","",10395,"","","",119055,"","","","","","","",1,60923,0.0,28.2,28.2,10.5,4.8,3.4,79.3,3.4,"","","","","",""
"A0552","San Bernardino","San Bernardino, Colton","https://www.californiahealthmaps.org?address=A0552","Male","Kidney",150595,36.5,24.5,52.9,15585,"","","","","","","",118430,37.8,23.2,59.1,"","","","",1,60923,0.0,28.2,28.2,10.5,4.8,3.4,79.3,3.4,"","","","","",""
"A0552","San Bernardino","San Bernardino, Colton","https://www.californiahealthmaps.org?address=A0552","Female","Kidney",154020,"","","",16090,"","","",10395,"","","",119055,"","","","","","","",1,60923,0.0,28.2,28.2,10.5,4.8,3.4,79.3,3.4,"","","","","",""
"A0552","San Bernardino","San Bernardino, Colton","https://www.californiahealthmaps.org?address=A0552","Male","Thyroid",150595,"","","",15585,"","","","","","","",118430,"","","","","","","",1,60923,0.0,28.2,28.2,10.5,4.8,3.4,79.3,3.4,"","","","","",""
"A0552","San Bernardino","San Bernardino, Colton","https://www.californiahealthmaps.org?address=A0552","Female","Thyroid",154020,22.0,14.7,32.2,16090,"","","",10395,"","","",119055,25.9,16.5,39.7,"","","","",1,60923,0.0,28.2,28.2,10.5,4.8,3.4,79.3,3.4,"","","","","",""
"A0552","San Bernardino","San Bernardino, Colton","https://www.californiahealthmaps.org?address=A0552","Male","Liver",150595,24.4,15.5,37.4,15585,"","","","","","","",118430,28.3,16.6,46.3,"","","","",1,60923,0.0,28.2,28.2,10.5,4.8,3.4,79.3,3.4,"","","","","",""
"A0552","San Bernardino","San Bernardino, Colton","https://www.californiahealthmaps.org?address=A0552","Female","Liver",154020,13.1,7.2,22.2,16090,"","","",10395,"","","",119055,"","","","","","","",1,60923,0.0,28.2,28.2,10.5,4.8,3.4,79.3,3.4,"","","","","",""
"A0552","San Bernardino","San Bernardino, Colton","https://www.californiahealthmaps.org?address=A0552","Male","Pancreas",150595,"","","",15585,"","","","","","","",118430,"","","","","","","",1,60923,0.0,28.2,28.2,10.5,4.8,3.4,79.3,3.4,"","","","","",""
"A0552","San Bernardino","San Bernardino, Colton","https://www.californiahealthmaps.org?address=A0552","Female","Pancreas",154020,"","","",16090,"","","",10395,"","","",119055,"","","","","","","",1,60923,0.0,28.2,28.2,10.5,4.8,3.4,79.3,3.4,"","","","","",""
"A0552","San Bernardino","San Bernardino, Colton","https://www.californiahealthmaps.org?address=A0552","Both","AllSite",304615,432.4,404.1,462.4,31675,566.8,491.8,653.1,19410,532.0,388.7,738.4,237485,400.2,367.6,435.3,10780,341.3,232.9,500.6,1,60923,0.0,28.2,28.2,10.5,4.8,3.4,79.3,3.4,"","","","","",""
"A0552","San Bernardino","San Bernardino, Colton","https://www.californiahealthmaps.org?address=A0552","Both","Lung",304615,43.1,34.2,53.9,31675,94.8,65.4,136.6,19410,"","","",237485,26.8,18.5,37.8,10780,"","","",1,60923,0.0,28.2,28.2,10.5,4.8,3.4,79.3,3.4,"","","","","",""
"A0552","San Bernardino","San Bernardino, Colton","https://www.californiahealthmaps.org?address=A0552","Both","CRC",304615,43.9,35.1,54.5,31675,53.0,31.9,87.0,19410,"","","",237485,40.8,30.9,53.3,10780,"","","",1,60923,0.0,28.2,28.2,10.5,4.8,3.4,79.3,3.4,"","","","","",""
"A0552","San Bernardino","San Bernardino, Colton","https://www.californiahealthmaps.org?address=A0552","Both","Mela",304615,7.1,3.9,12.2,31675,"","","",19410,"","","",237485,"","","",10780,"","","",1,60923,0.0,28.2,28.2,10.5,4.8,3.4,79.3,3.4,"","","","","",""
"A0552","San Bernardino","San Bernardino, Colton","https://www.californiahealthmaps.org?address=A0552","Both","Lymph",304615,20.9,15.0,28.6,31675,"","","",19410,"","","",237485,22.4,15.1,32.3,10780,"","","",1,60923,0.0,28.2,28.2,10.5,4.8,3.4,79.3,3.4,"","","","","",""
"A0552","San Bernardino","San Bernardino, Colton","https://www.californiahealthmaps.org?address=A0552","Both","Urinary",304615,9.4,5.6,15.1,31675,"","","",19410,"","","",237485,"","","",10780,"","","",1,60923,0.0,28.2,28.2,10.5,4.8,3.4,79.3,3.4,"","","","","",""
"A0552","San Bernardino","San Bernardino, Colton","https://www.californiahealthmaps.org?address=A0552","Both","Kidney",304615,23.4,17.0,31.6,31675,"","","",19410,"","","",237485,24.0,16.2,34.6,10780,"","","",1,60923,0.0,28.2,28.2,10.5,4.8,3.4,79.3,3.4,"","","","","",""
"A0552","San Bernardino","San Bernardino, Colton","https://www.californiahealthmaps.org?address=A0552","Both","Thyroid",304615,13.2,9.1,19.0,31675,"","","",19410,"","","",237485,15.3,10.1,23.0,10780,"","","",1,60923,0.0,28.2,28.2,10.5,4.8,3.4,79.3,3.4,"","","","","",""
"A0552","San Bernardino","San Bernardino, Colton","https://www.californiahealthmaps.org?address=A0552","Both","Liver",304615,18.5,13.1,25.7,31675,"","","",19410,"","","",237485,21.2,14.2,30.9,10780,"","","",1,60923,0.0,28.2,28.2,10.5,4.8,3.4,79.3,3.4,"","","","","",""
"A0552","San Bernardino","San Bernardino, Colton","https://www.californiahealthmaps.org?address=A0552","Both","Pancreas",304615,13.5,8.8,20.2,31675,"","","",19410,"","","",237485,12.9,7.4,21.3,10780,"","","",1,60923,0.0,28.2,28.2,10.5,4.8,3.4,79.3,3.4,"","","","","",""
