"Zone","Counties","Cities","URL","Sex","Cancer","PopTot","AAIR","LCI","UCI","White_PopTot","White_AAIR","White_LCI","White_UCI","Black_PopTot","Black_AAIR","Black_LCI","Black_UCI","Hispanic_PopTot","Hispanic_AAIR","Hispanic_LCI","Hispanic_UCI","Asian_PopTot","Asian_AAIR","Asian_LCI","Asian_UCI","QNSES","PopAll","PerRural","PerUninsured","PerForeignBorn","PerWhite","PerBlack","PerAsian","PerHispanic","PerAPI","PerDocvisit","PerFOBT","PerMammo","PerMenPrev","PerPap","PerWomenPrev"
"A0228","Tulare","Visalia","https://www.californiahealthmaps.org?address=A0228","Male","AllSite",143955,484.8,445.7,526.7,63315,473.5,427.1,524.7,"","","","",70135,488.6,405.4,586.9,"","","","",2,58475,6.9,19.5,14.8,46.4,1.2,2.4,47.9,2.4,"","","","","",""
"A0228","Tulare","Visalia","https://www.californiahealthmaps.org?address=A0228","Female","AllSite",148420,432.7,399.0,468.8,67875,445.5,402.5,493.0,"","","","",69520,371.2,312.4,440.2,"","","","",2,58475,6.9,19.5,14.8,46.4,1.2,2.4,47.9,2.4,"","","","","",""
"A0228","Tulare","Visalia","https://www.californiahealthmaps.org?address=A0228","Male","Prostate",143955,107.0,89.3,127.5,63315,97.5,77.9,122.0,"","","","",70135,132.7,90.2,191.4,"","","","",2,58475,6.9,19.5,14.8,46.4,1.2,2.4,47.9,2.4,"","","","","",""
"A0228","Tulare","Visalia","https://www.californiahealthmaps.org?address=A0228","Female","Breast",148420,140.7,121.8,161.9,67875,149.6,125.5,178.3,"","","","",69520,118.3,86.4,160.8,"","","","",2,58475,6.9,19.5,14.8,46.4,1.2,2.4,47.9,2.4,"","","","","",""
"A0228","Tulare","Visalia","https://www.californiahealthmaps.org?address=A0228","Male","Lung",143955,68.2,53.7,85.6,63315,73.8,56.2,96.6,"","","","",70135,"","","","","","","",2,58475,6.9,19.5,14.8,46.4,1.2,2.4,47.9,2.4,"","","","","",""
"A0228","Tulare","Visalia","https://www.californiahealthmaps.org?address=A0228","Female","Lung",148420,39.4,29.7,51.6,67875,43.2,31.4,59.7,"","","","",69520,"","","","","","","",2,58475,6.9,19.5,14.8,46.4,1.2,2.4,47.9,2.4,"","","","","",""
"A0228","Tulare","Visalia","https://www.californiahealthmaps.org?address=A0228","Male","CRC",143955,47.0,35.4,61.3,63315,48.1,34.1,67.3,"","","","",70135,43.1,23.4,78.7,"","","","",2,58475,6.9,19.5,14.8,46.4,1.2,2.4,47.9,2.4,"","","","","",""
"A0228","Tulare","Visalia","https://www.californiahealthmaps.org?address=A0228","Female","CRC",148420,31.8,23.1,43.1,67875,33.8,23.0,49.7,"","","","",69520,"","","","","","","",2,58475,6.9,19.5,14.8,46.4,1.2,2.4,47.9,2.4,"","","","","",""
"A0228","Tulare","Visalia","https://www.californiahealthmaps.org?address=A0228","Male","Mela",143955,27.3,18.8,38.7,63315,29.3,19.0,44.9,"","","","",70135,"","","","","","","",2,58475,6.9,19.5,14.8,46.4,1.2,2.4,47.9,2.4,"","","","","",""
"A0228","Tulare","Visalia","https://www.californiahealthmaps.org?address=A0228","Female","Mela",148420,16.7,10.8,25.2,67875,20.6,11.7,35.2,"","","","",69520,"","","","","","","",2,58475,6.9,19.5,14.8,46.4,1.2,2.4,47.9,2.4,"","","","","",""
"A0228","Tulare","Visalia","https://www.californiahealthmaps.org?address=A0228","Female","Uterine",148420,30.1,21.9,40.7,67875,31.5,21.0,47.2,"","","","",69520,"","","","","","","",2,58475,6.9,19.5,14.8,46.4,1.2,2.4,47.9,2.4,"","","","","",""
"A0228","Tulare","Visalia","https://www.californiahealthmaps.org?address=A0228","Male","Lymph",143955,22.8,14.8,33.7,63315,19.4,10.8,33.9,"","","","",70135,"","","","","","","",2,58475,6.9,19.5,14.8,46.4,1.2,2.4,47.9,2.4,"","","","","",""
"A0228","Tulare","Visalia","https://www.californiahealthmaps.org?address=A0228","Female","Lymph",148420,21.9,14.9,31.5,67875,25.4,16.0,39.9,"","","","",69520,"","","","","","","",2,58475,6.9,19.5,14.8,46.4,1.2,2.4,47.9,2.4,"","","","","",""
"A0228","Tulare","Visalia","https://www.californiahealthmaps.org?address=A0228","Male","Urinary",143955,14.8,8.7,24.1,63315,16.5,9.1,29.4,"","","","",70135,"","","","","","","",2,58475,6.9,19.5,14.8,46.4,1.2,2.4,47.9,2.4,"","","","","",""
"A0228","Tulare","Visalia","https://www.californiahealthmaps.org?address=A0228","Female","Urinary",148420,"","","",67875,"","","","","","","",69520,"","","","","","","",2,58475,6.9,19.5,14.8,46.4,1.2,2.4,47.9,2.4,"","","","","",""
"A0228","Tulare","Visalia","https://www.californiahealthmaps.org?address=A0228","Male","Kidney",143955,28.2,19.2,40.3,63315,22.9,13.5,38.0,"","","","",70135,"","","","","","","",2,58475,6.9,19.5,14.8,46.4,1.2,2.4,47.9,2.4,"","","","","",""
"A0228","Tulare","Visalia","https://www.californiahealthmaps.org?address=A0228","Female","Kidney",148420,12.2,6.9,20.2,67875,"","","","","","","",69520,"","","","","","","",2,58475,6.9,19.5,14.8,46.4,1.2,2.4,47.9,2.4,"","","","","",""
"A0228","Tulare","Visalia","https://www.californiahealthmaps.org?address=A0228","Male","Thyroid",143955,"","","",63315,"","","","","","","",70135,"","","","","","","",2,58475,6.9,19.5,14.8,46.4,1.2,2.4,47.9,2.4,"","","","","",""
"A0228","Tulare","Visalia","https://www.californiahealthmaps.org?address=A0228","Female","Thyroid",148420,23.0,15.7,32.8,67875,25.7,15.2,41.8,"","","","",69520,"","","","","","","",2,58475,6.9,19.5,14.8,46.4,1.2,2.4,47.9,2.4,"","","","","",""
"A0228","Tulare","Visalia","https://www.californiahealthmaps.org?address=A0228","Male","Liver",143955,16.8,10.3,26.3,63315,"","","","","","","",70135,"","","","","","","",2,58475,6.9,19.5,14.8,46.4,1.2,2.4,47.9,2.4,"","","","","",""
"A0228","Tulare","Visalia","https://www.californiahealthmaps.org?address=A0228","Female","Liver",148420,"","","",67875,"","","","","","","",69520,"","","","","","","",2,58475,6.9,19.5,14.8,46.4,1.2,2.4,47.9,2.4,"","","","","",""
"A0228","Tulare","Visalia","https://www.californiahealthmaps.org?address=A0228","Male","Pancreas",143955,20.4,12.9,30.9,63315,24.6,14.7,40.1,"","","","",70135,"","","","","","","",2,58475,6.9,19.5,14.8,46.4,1.2,2.4,47.9,2.4,"","","","","",""
"A0228","Tulare","Visalia","https://www.californiahealthmaps.org?address=A0228","Female","Pancreas",148420,10.7,5.9,18.1,67875,"","","","","","","",69520,"","","","","","","",2,58475,6.9,19.5,14.8,46.4,1.2,2.4,47.9,2.4,"","","","","",""
"A0228","Tulare","Visalia","https://www.californiahealthmaps.org?address=A0228","Both","AllSite",292375,451.4,426.0,477.9,131190,454.6,423.2,488.3,"","","","",139655,415.3,366.6,469.7,"","","","",2,58475,6.9,19.5,14.8,46.4,1.2,2.4,47.9,2.4,"","","","","",""
"A0228","Tulare","Visalia","https://www.californiahealthmaps.org?address=A0228","Both","Lung",292375,52.3,43.8,62.2,131190,57.0,46.5,69.8,"","","","",139655,31.8,18.7,51.6,"","","","",2,58475,6.9,19.5,14.8,46.4,1.2,2.4,47.9,2.4,"","","","","",""
"A0228","Tulare","Visalia","https://www.californiahealthmaps.org?address=A0228","Both","CRC",292375,38.5,31.3,46.9,131190,39.8,31.0,51.0,"","","","",139655,37.4,23.9,57.3,"","","","",2,58475,6.9,19.5,14.8,46.4,1.2,2.4,47.9,2.4,"","","","","",""
"A0228","Tulare","Visalia","https://www.californiahealthmaps.org?address=A0228","Both","Mela",292375,21.1,16.1,27.5,131190,24.0,17.2,33.3,"","","","",139655,"","","","","","","",2,58475,6.9,19.5,14.8,46.4,1.2,2.4,47.9,2.4,"","","","","",""
"A0228","Tulare","Visalia","https://www.californiahealthmaps.org?address=A0228","Both","Lymph",292375,21.6,16.4,28.1,131190,22.1,15.6,31.2,"","","","",139655,22.2,12.2,38.7,"","","","",2,58475,6.9,19.5,14.8,46.4,1.2,2.4,47.9,2.4,"","","","","",""
"A0228","Tulare","Visalia","https://www.californiahealthmaps.org?address=A0228","Both","Urinary",292375,8.8,5.6,13.3,131190,10.2,6.2,16.8,"","","","",139655,"","","","","","","",2,58475,6.9,19.5,14.8,46.4,1.2,2.4,47.9,2.4,"","","","","",""
"A0228","Tulare","Visalia","https://www.californiahealthmaps.org?address=A0228","Both","Kidney",292375,19.0,13.9,25.4,131190,15.7,10.2,23.8,"","","","",139655,19.8,10.6,35.5,"","","","",2,58475,6.9,19.5,14.8,46.4,1.2,2.4,47.9,2.4,"","","","","",""
"A0228","Tulare","Visalia","https://www.californiahealthmaps.org?address=A0228","Both","Thyroid",292375,14.5,10.3,19.9,131190,15.4,9.7,24.0,"","","","",139655,"","","","","","","",2,58475,6.9,19.5,14.8,46.4,1.2,2.4,47.9,2.4,"","","","","",""
"A0228","Tulare","Visalia","https://www.californiahealthmaps.org?address=A0228","Both","Liver",292375,11.9,8.1,17.0,131190,8.9,5.2,15.3,"","","","",139655,"","","","","","","",2,58475,6.9,19.5,14.8,46.4,1.2,2.4,47.9,2.4,"","","","","",""
"A0228","Tulare","Visalia","https://www.californiahealthmaps.org?address=A0228","Both","Pancreas",292375,14.8,10.5,20.5,131190,15.2,9.9,23.1,"","","","",139655,"","","","","","","",2,58475,6.9,19.5,14.8,46.4,1.2,2.4,47.9,2.4,"","","","","",""
