"Zone","Counties","Cities","URL","Sex","Cancer","PopTot","AAIR","LCI","UCI","White_PopTot","White_AAIR","White_LCI","White_UCI","Black_PopTot","Black_AAIR","Black_LCI","Black_UCI","Hispanic_PopTot","Hispanic_AAIR","Hispanic_LCI","Hispanic_UCI","Asian_PopTot","Asian_AAIR","Asian_LCI","Asian_UCI","QNSES","PopAll","PerRural","PerUninsured","PerForeignBorn","PerWhite","PerBlack","PerAsian","PerHispanic"
"A0659","San Joaquin","Stockton","https://www.californiahealthmaps.org?address=A0659","Male","AllSite",172345,504.8,468.0,544.0,49950,513.3,459.1,575.3,15405,668.8,526.7,844.6,81245,455.5,390.8,529.9,18380,496.9,392.3,624.8,1,69865,0.0,20.1,22.9,29.2,7.7,13.2,46.2
"A0659","San Joaquin","Stockton","https://www.californiahealthmaps.org?address=A0659","Female","AllSite",176980,413.0,382.8,445.2,53430,461.0,411.1,518.7,15850,542.8,424.1,694.0,78705,376.9,323.4,437.7,21150,341.3,265.8,436.1,1,69865,0.0,20.1,22.9,29.2,7.7,13.2,46.2
"A0659","San Joaquin","Stockton","https://www.californiahealthmaps.org?address=A0659","Male","Prostate",172345,87.9,73.3,104.9,49950,66.3,48.3,93.1,15405,226.8,149.1,339.5,81245,84.5,59.3,119.7,18380,"","","",1,69865,0.0,20.1,22.9,29.2,7.7,13.2,46.2
"A0659","San Joaquin","Stockton","https://www.californiahealthmaps.org?address=A0659","Female","Breast",176980,119.8,103.6,138.1,53430,126.6,100.5,161.2,15850,193.0,126.5,293.9,78705,110.2,82.1,145.8,21150,117.0,73.2,181.9,1,69865,0.0,20.1,22.9,29.2,7.7,13.2,46.2
"A0659","San Joaquin","Stockton","https://www.californiahealthmaps.org?address=A0659","Male","Lung",172345,77.6,63.3,94.4,49950,100.8,78.1,131.9,15405,"","","",81245,51.1,30.0,83.4,18380,"","","",1,69865,0.0,20.1,22.9,29.2,7.7,13.2,46.2
"A0659","San Joaquin","Stockton","https://www.californiahealthmaps.org?address=A0659","Female","Lung",176980,48.5,38.5,60.6,53430,56.1,40.8,80.4,15850,"","","",78705,48.6,29.7,75.9,21150,"","","",1,69865,0.0,20.1,22.9,29.2,7.7,13.2,46.2
"A0659","San Joaquin","Stockton","https://www.californiahealthmaps.org?address=A0659","Male","CRC",172345,54.9,43.1,69.3,49950,43.0,28.0,67.3,15405,"","","",81245,79.5,52.7,117.2,18380,"","","",1,69865,0.0,20.1,22.9,29.2,7.7,13.2,46.2
"A0659","San Joaquin","Stockton","https://www.californiahealthmaps.org?address=A0659","Female","CRC",176980,44.2,34.9,55.5,53430,39.2,26.7,61.2,15850,"","","",78705,44.8,27.0,71.0,21150,"","","",1,69865,0.0,20.1,22.9,29.2,7.7,13.2,46.2
"A0659","San Joaquin","Stockton","https://www.californiahealthmaps.org?address=A0659","Male","Mela",172345,20.5,13.2,30.5,49950,40.8,26.1,65.0,15405,"","","",81245,"","","",18380,"","","",1,69865,0.0,20.1,22.9,29.2,7.7,13.2,46.2
"A0659","San Joaquin","Stockton","https://www.californiahealthmaps.org?address=A0659","Female","Mela",176980,10.1,6.0,16.4,53430,17.8,9.5,36.7,15850,"","","",78705,"","","",21150,"","","",1,69865,0.0,20.1,22.9,29.2,7.7,13.2,46.2
"A0659","San Joaquin","Stockton","https://www.californiahealthmaps.org?address=A0659","Female","Uterine",176980,26.8,19.5,36.2,53430,33.2,21.7,54.4,15850,"","","",78705,"","","",21150,"","","",1,69865,0.0,20.1,22.9,29.2,7.7,13.2,46.2
"A0659","San Joaquin","Stockton","https://www.californiahealthmaps.org?address=A0659","Male","Lymph",172345,23.0,15.8,33.0,49950,22.0,12.3,41.6,15405,"","","",81245,"","","",18380,"","","",1,69865,0.0,20.1,22.9,29.2,7.7,13.2,46.2
"A0659","San Joaquin","Stockton","https://www.californiahealthmaps.org?address=A0659","Female","Lymph",176980,13.6,8.8,20.5,53430,"","","",15850,"","","",78705,"","","",21150,"","","",1,69865,0.0,20.1,22.9,29.2,7.7,13.2,46.2
"A0659","San Joaquin","Stockton","https://www.californiahealthmaps.org?address=A0659","Male","Urinary",172345,21.6,14.5,31.3,49950,27.6,16.4,48.6,15405,"","","",81245,"","","",18380,"","","",1,69865,0.0,20.1,22.9,29.2,7.7,13.2,46.2
"A0659","San Joaquin","Stockton","https://www.californiahealthmaps.org?address=A0659","Female","Urinary",176980,4.0,1.6,8.8,53430,"","","",15850,"","","",78705,"","","",21150,"","","",1,69865,0.0,20.1,22.9,29.2,7.7,13.2,46.2
"A0659","San Joaquin","Stockton","https://www.californiahealthmaps.org?address=A0659","Male","Kidney",172345,27.0,19.0,37.6,49950,23.6,13.3,43.9,15405,"","","",81245,"","","",18380,"","","",1,69865,0.0,20.1,22.9,29.2,7.7,13.2,46.2
"A0659","San Joaquin","Stockton","https://www.californiahealthmaps.org?address=A0659","Female","Kidney",176980,15.1,9.8,22.7,53430,"","","",15850,"","","",78705,"","","",21150,"","","",1,69865,0.0,20.1,22.9,29.2,7.7,13.2,46.2
"A0659","San Joaquin","Stockton","https://www.californiahealthmaps.org?address=A0659","Male","Thyroid",172345,6.4,3.0,12.5,49950,"","","",15405,"","","",81245,"","","",18380,"","","",1,69865,0.0,20.1,22.9,29.2,7.7,13.2,46.2
"A0659","San Joaquin","Stockton","https://www.californiahealthmaps.org?address=A0659","Female","Thyroid",176980,16.5,10.8,24.3,53430,"","","",15850,"","","",78705,"","","",21150,"","","",1,69865,0.0,20.1,22.9,29.2,7.7,13.2,46.2
"A0659","San Joaquin","Stockton","https://www.californiahealthmaps.org?address=A0659","Both","AllSite",349325,450.1,426.8,474.5,103380,477.5,441.2,517.4,31255,599.6,507.0,708.1,159950,413.0,371.1,459.0,39530,402.8,340.3,475.4,1,69865,0.0,20.1,22.9,29.2,7.7,13.2,46.2
"A0659","San Joaquin","Stockton","https://www.californiahealthmaps.org?address=A0659","Both","Lung",349325,61.7,53.1,71.3,103380,76.4,62.9,94.0,31255,"","","",159950,49.9,35.2,69.2,39530,48.5,28.9,79.2,1,69865,0.0,20.1,22.9,29.2,7.7,13.2,46.2
"A0659","San Joaquin","Stockton","https://www.californiahealthmaps.org?address=A0659","Both","CRC",349325,49.0,41.5,57.6,103380,40.8,30.9,55.0,31255,63.5,36.6,108.3,159950,61.2,45.0,82.0,39530,51.6,31.7,82.3,1,69865,0.0,20.1,22.9,29.2,7.7,13.2,46.2
"A0659","San Joaquin","Stockton","https://www.californiahealthmaps.org?address=A0659","Both","Mela",349325,14.5,10.5,19.7,103380,27.5,19.4,40.1,31255,"","","",159950,"","","",39530,"","","",1,69865,0.0,20.1,22.9,29.2,7.7,13.2,46.2
"A0659","San Joaquin","Stockton","https://www.californiahealthmaps.org?address=A0659","Both","Lymph",349325,17.8,13.5,23.2,103380,18.2,11.8,29.3,31255,"","","",159950,"","","",39530,"","","",1,69865,0.0,20.1,22.9,29.2,7.7,13.2,46.2
"A0659","San Joaquin","Stockton","https://www.californiahealthmaps.org?address=A0659","Both","Urinary",349325,11.6,8.1,16.2,103380,14.5,9.1,24.7,31255,"","","",159950,"","","",39530,"","","",1,69865,0.0,20.1,22.9,29.2,7.7,13.2,46.2
"A0659","San Joaquin","Stockton","https://www.californiahealthmaps.org?address=A0659","Both","Kidney",349325,20.3,15.5,26.1,103380,17.6,11.5,28.6,31255,"","","",159950,26.4,16.7,40.7,39530,"","","",1,69865,0.0,20.1,22.9,29.2,7.7,13.2,46.2
"A0659","San Joaquin","Stockton","https://www.californiahealthmaps.org?address=A0659","Both","Thyroid",349325,11.6,8.1,16.2,103380,14.5,7.9,26.3,31255,"","","",159950,12.1,6.8,21.7,39530,"","","",1,69865,0.0,20.1,22.9,29.2,7.7,13.2,46.2
