"Zone","Counties","Cities","URL","Sex","Cancer","PopTot","AAIR","LCI","UCI","White_PopTot","White_AAIR","White_LCI","White_UCI","Black_PopTot","Black_AAIR","Black_LCI","Black_UCI","Hispanic_PopTot","Hispanic_AAIR","Hispanic_LCI","Hispanic_UCI","Asian_PopTot","Asian_AAIR","Asian_LCI","Asian_UCI","QNSES","PopAll","PerRural","PerUninsured","PerForeignBorn","PerWhite","PerBlack","PerAsian","PerHispanic"
"A0748","Riverside","Riverside","https://www.californiahealthmaps.org?address=A0748","Male","AllSite",153100,493.8,449.8,541.5,59255,517.5,456.0,586.3,13395,630.2,492.5,802.0,65675,429.6,348.0,527.8,10295,351.5,218.2,560.2,2,61654,3.8,20.8,19.9,37.8,10.6,5.5,43.3
"A0748","Riverside","Riverside","https://www.californiahealthmaps.org?address=A0748","Female","AllSite",155170,417.8,382.4,456.1,57995,426.2,374.4,484.2,13725,431.9,324.6,568.1,67030,425.4,357.9,505.4,11645,326.0,230.5,459.3,2,61654,3.8,20.8,19.9,37.8,10.6,5.5,43.3
"A0748","Riverside","Riverside","https://www.californiahealthmaps.org?address=A0748","Male","Prostate",153100,118.9,98.2,143.5,59255,97.5,73.2,128.9,13395,284.1,194.8,409.0,65675,94.0,57.4,148.9,10295,"","","",2,61654,3.8,20.8,19.9,37.8,10.6,5.5,43.3
"A0748","Riverside","Riverside","https://www.californiahealthmaps.org?address=A0748","Female","Breast",155170,132.7,113.1,155.3,57995,128.6,100.5,163.1,13725,177.1,112.6,271.2,67030,101.1,71.6,143.6,11645,163.4,100.9,264.6,2,61654,3.8,20.8,19.9,37.8,10.6,5.5,43.3
"A0748","Riverside","Riverside","https://www.californiahealthmaps.org?address=A0748","Male","Lung",153100,56.8,41.9,76.0,59255,69.6,47.5,99.7,13395,"","","",65675,"","","",10295,"","","",2,61654,3.8,20.8,19.9,37.8,10.6,5.5,43.3
"A0748","Riverside","Riverside","https://www.californiahealthmaps.org?address=A0748","Female","Lung",155170,32.4,22.6,45.3,57995,35.1,21.3,55.9,13725,"","","",67030,"","","",11645,"","","",2,61654,3.8,20.8,19.9,37.8,10.6,5.5,43.3
"A0748","Riverside","Riverside","https://www.californiahealthmaps.org?address=A0748","Male","CRC",153100,41.5,29.9,57.0,59255,35.7,21.4,57.8,13395,"","","",65675,61.6,32.5,109.7,10295,"","","",2,61654,3.8,20.8,19.9,37.8,10.6,5.5,43.3
"A0748","Riverside","Riverside","https://www.californiahealthmaps.org?address=A0748","Female","CRC",155170,40.1,29.5,53.7,57995,43.8,28.7,65.4,13725,"","","",67030,46.4,25.6,81.8,11645,"","","",2,61654,3.8,20.8,19.9,37.8,10.6,5.5,43.3
"A0748","Riverside","Riverside","https://www.californiahealthmaps.org?address=A0748","Male","Mela",153100,28.9,18.6,43.6,59255,50.7,31.9,77.6,13395,"","","",65675,"","","",10295,"","","",2,61654,3.8,20.8,19.9,37.8,10.6,5.5,43.3
"A0748","Riverside","Riverside","https://www.californiahealthmaps.org?address=A0748","Female","Mela",155170,20.4,13.5,30.4,57995,32.9,20.2,52.4,13725,"","","",67030,"","","",11645,"","","",2,61654,3.8,20.8,19.9,37.8,10.6,5.5,43.3
"A0748","Riverside","Riverside","https://www.californiahealthmaps.org?address=A0748","Female","Uterine",155170,28.8,20.4,40.1,57995,33.8,20.8,53.6,13725,"","","",67030,"","","",11645,"","","",2,61654,3.8,20.8,19.9,37.8,10.6,5.5,43.3
"A0748","Riverside","Riverside","https://www.californiahealthmaps.org?address=A0748","Male","Lymph",153100,37.0,25.8,52.5,59255,39.7,24.1,63.4,13395,"","","",65675,"","","",10295,"","","",2,61654,3.8,20.8,19.9,37.8,10.6,5.5,43.3
"A0748","Riverside","Riverside","https://www.californiahealthmaps.org?address=A0748","Female","Lymph",155170,15.6,9.4,25.0,57995,"","","",13725,"","","",67030,"","","",11645,"","","",2,61654,3.8,20.8,19.9,37.8,10.6,5.5,43.3
"A0748","Riverside","Riverside","https://www.californiahealthmaps.org?address=A0748","Male","Urinary",153100,14.4,7.2,26.3,59255,"","","",13395,"","","",65675,"","","",10295,"","","",2,61654,3.8,20.8,19.9,37.8,10.6,5.5,43.3
"A0748","Riverside","Riverside","https://www.californiahealthmaps.org?address=A0748","Female","Urinary",155170,5.1,1.8,11.9,57995,"","","",13725,"","","",67030,"","","",11645,"","","",2,61654,3.8,20.8,19.9,37.8,10.6,5.5,43.3
"A0748","Riverside","Riverside","https://www.californiahealthmaps.org?address=A0748","Male","Kidney",153100,26.6,17.8,39.2,59255,33.9,20.2,55.5,13395,"","","",65675,"","","",10295,"","","",2,61654,3.8,20.8,19.9,37.8,10.6,5.5,43.3
"A0748","Riverside","Riverside","https://www.californiahealthmaps.org?address=A0748","Female","Kidney",155170,17.0,10.6,26.4,57995,"","","",13725,"","","",67030,"","","",11645,"","","",2,61654,3.8,20.8,19.9,37.8,10.6,5.5,43.3
"A0748","Riverside","Riverside","https://www.californiahealthmaps.org?address=A0748","Male","Thyroid",153100,9.6,4.9,18.6,59255,"","","",13395,"","","",65675,"","","",10295,"","","",2,61654,3.8,20.8,19.9,37.8,10.6,5.5,43.3
"A0748","Riverside","Riverside","https://www.californiahealthmaps.org?address=A0748","Female","Thyroid",155170,13.3,8.0,21.5,57995,"","","",13725,"","","",67030,"","","",11645,"","","",2,61654,3.8,20.8,19.9,37.8,10.6,5.5,43.3
"A0748","Riverside","Riverside","https://www.californiahealthmaps.org?address=A0748","Both","AllSite",308270,448.6,421.0,477.8,117250,464.6,425.0,507.4,27120,525.4,438.3,627.1,132705,420.7,368.6,479.8,21940,328.6,250.8,430.2,2,61654,3.8,20.8,19.9,37.8,10.6,5.5,43.3
"A0748","Riverside","Riverside","https://www.californiahealthmaps.org?address=A0748","Both","Lung",308270,43.1,34.4,53.6,117250,50.1,37.4,66.4,27120,"","","",132705,46.2,27.9,73.1,21940,"","","",2,61654,3.8,20.8,19.9,37.8,10.6,5.5,43.3
"A0748","Riverside","Riverside","https://www.californiahealthmaps.org?address=A0748","Both","CRC",308270,40.7,32.8,50.3,117250,39.7,29.1,53.6,27120,"","","",132705,52.8,34.8,78.7,21940,"","","",2,61654,3.8,20.8,19.9,37.8,10.6,5.5,43.3
"A0748","Riverside","Riverside","https://www.californiahealthmaps.org?address=A0748","Both","Mela",308270,23.7,17.7,31.5,117250,40.4,29.1,55.1,27120,"","","",132705,"","","",21940,"","","",2,61654,3.8,20.8,19.9,37.8,10.6,5.5,43.3
"A0748","Riverside","Riverside","https://www.californiahealthmaps.org?address=A0748","Both","Lymph",308270,25.3,19.0,33.2,117250,23.0,14.8,34.8,27120,"","","",132705,"","","",21940,"","","",2,61654,3.8,20.8,19.9,37.8,10.6,5.5,43.3
"A0748","Riverside","Riverside","https://www.californiahealthmaps.org?address=A0748","Both","Urinary",308270,9.0,5.3,14.6,117250,"","","",27120,"","","",132705,"","","",21940,"","","",2,61654,3.8,20.8,19.9,37.8,10.6,5.5,43.3
"A0748","Riverside","Riverside","https://www.californiahealthmaps.org?address=A0748","Both","Kidney",308270,21.4,16.0,28.5,117250,23.1,15.1,34.6,27120,"","","",132705,21.2,12.1,37.9,21940,"","","",2,61654,3.8,20.8,19.9,37.8,10.6,5.5,43.3
"A0748","Riverside","Riverside","https://www.californiahealthmaps.org?address=A0748","Both","Thyroid",308270,11.3,7.7,16.6,117250,12.8,7.3,21.8,27120,"","","",132705,"","","",21940,"","","",2,61654,3.8,20.8,19.9,37.8,10.6,5.5,43.3
