"Zone","Counties","Cities","URL","Sex","Cancer","PopTot","AAIR","LCI","UCI","White_PopTot","White_AAIR","White_LCI","White_UCI","Black_PopTot","Black_AAIR","Black_LCI","Black_UCI","Hispanic_PopTot","Hispanic_AAIR","Hispanic_LCI","Hispanic_UCI","Asian_PopTot","Asian_AAIR","Asian_LCI","Asian_UCI","QNSES","PopAll","PerRural","PerUninsured","PerForeignBorn","PerWhite","PerBlack","PerAsian","PerHispanic"
"A0624","Los Angeles","Los Angeles","https://www.californiahealthmaps.org?address=A0624","Male","AllSite",154025,367.3,335.7,401.7,76515,410.6,363.5,466.6,"","","","",47875,318.4,259.0,389.8,20250,241.7,185.6,320.1,4,60766,0.0,21.8,36.5,46.3,3.2,15.2,32.4
"A0624","Los Angeles","Los Angeles","https://www.californiahealthmaps.org?address=A0624","Female","AllSite",149805,358.7,330.0,390.1,67935,395.9,350.9,449.9,"","","","",47340,298.8,250.9,353.9,25740,352.6,286.4,440.9,4,60766,0.0,21.8,36.5,46.3,3.2,15.2,32.4
"A0624","Los Angeles","Los Angeles","https://www.californiahealthmaps.org?address=A0624","Male","Prostate",154025,84.8,70.0,102.4,76515,77.4,58.3,106.7,"","","","",47875,85.6,55.2,129.4,20250,"","","",4,60766,0.0,21.8,36.5,46.3,3.2,15.2,32.4
"A0624","Los Angeles","Los Angeles","https://www.californiahealthmaps.org?address=A0624","Female","Breast",149805,113.0,97.1,131.6,67935,133.4,107.5,169.1,"","","","",47340,75.1,52.3,105.2,25740,120.4,84.0,181.3,4,60766,0.0,21.8,36.5,46.3,3.2,15.2,32.4
"A0624","Los Angeles","Los Angeles","https://www.californiahealthmaps.org?address=A0624","Male","Lung",154025,43.0,32.4,56.8,76515,55.7,39.1,83.3,"","","","",47875,"","","",20250,"","","",4,60766,0.0,21.8,36.5,46.3,3.2,15.2,32.4
"A0624","Los Angeles","Los Angeles","https://www.californiahealthmaps.org?address=A0624","Female","Lung",149805,24.7,17.7,34.8,67935,25.7,15.4,48.1,"","","","",47340,"","","",25740,"","","",4,60766,0.0,21.8,36.5,46.3,3.2,15.2,32.4
"A0624","Los Angeles","Los Angeles","https://www.californiahealthmaps.org?address=A0624","Male","CRC",154025,39.4,29.4,52.6,76515,32.9,20.5,56.8,"","","","",47875,40.9,21.6,73.6,20250,"","","",4,60766,0.0,21.8,36.5,46.3,3.2,15.2,32.4
"A0624","Los Angeles","Los Angeles","https://www.californiahealthmaps.org?address=A0624","Female","CRC",149805,36.1,27.7,47.4,67935,40.7,27.8,64.7,"","","","",47340,"","","",25740,39.1,21.7,85.0,4,60766,0.0,21.8,36.5,46.3,3.2,15.2,32.4
"A0624","Los Angeles","Los Angeles","https://www.californiahealthmaps.org?address=A0624","Male","Mela",154025,14.9,9.0,24.1,76515,21.0,11.5,42.8,"","","","",47875,"","","",20250,"","","",4,60766,0.0,21.8,36.5,46.3,3.2,15.2,32.4
"A0624","Los Angeles","Los Angeles","https://www.californiahealthmaps.org?address=A0624","Female","Mela",149805,5.5,2.5,12.0,67935,"","","","","","","",47340,"","","",25740,"","","",4,60766,0.0,21.8,36.5,46.3,3.2,15.2,32.4
"A0624","Los Angeles","Los Angeles","https://www.californiahealthmaps.org?address=A0624","Female","Uterine",149805,20.5,14.2,29.9,67935,23.6,13.6,45.8,"","","","",47340,"","","",25740,"","","",4,60766,0.0,21.8,36.5,46.3,3.2,15.2,32.4
"A0624","Los Angeles","Los Angeles","https://www.californiahealthmaps.org?address=A0624","Male","Lymph",154025,25.0,17.2,35.9,76515,"","","","","","","",47875,"","","",20250,"","","",4,60766,0.0,21.8,36.5,46.3,3.2,15.2,32.4
"A0624","Los Angeles","Los Angeles","https://www.californiahealthmaps.org?address=A0624","Female","Lymph",149805,13.9,8.8,22.0,67935,"","","","","","","",47340,"","","",25740,"","","",4,60766,0.0,21.8,36.5,46.3,3.2,15.2,32.4
"A0624","Los Angeles","Los Angeles","https://www.californiahealthmaps.org?address=A0624","Male","Urinary",154025,14.0,8.5,22.6,76515,24.5,14.6,46.3,"","","","",47875,"","","",20250,"","","",4,60766,0.0,21.8,36.5,46.3,3.2,15.2,32.4
"A0624","Los Angeles","Los Angeles","https://www.californiahealthmaps.org?address=A0624","Female","Urinary",149805,2.0,0.5,7.5,67935,"","","","","","","",47340,"","","",25740,"","","",4,60766,0.0,21.8,36.5,46.3,3.2,15.2,32.4
"A0624","Los Angeles","Los Angeles","https://www.californiahealthmaps.org?address=A0624","Male","Kidney",154025,13.4,8.2,21.8,76515,"","","","","","","",47875,"","","",20250,"","","",4,60766,0.0,21.8,36.5,46.3,3.2,15.2,32.4
"A0624","Los Angeles","Los Angeles","https://www.californiahealthmaps.org?address=A0624","Female","Kidney",149805,5.9,2.8,12.5,67935,"","","","","","","",47340,"","","",25740,"","","",4,60766,0.0,21.8,36.5,46.3,3.2,15.2,32.4
"A0624","Los Angeles","Los Angeles","https://www.californiahealthmaps.org?address=A0624","Male","Thyroid",154025,7.2,3.4,14.3,76515,"","","","","","","",47875,"","","",20250,"","","",4,60766,0.0,21.8,36.5,46.3,3.2,15.2,32.4
"A0624","Los Angeles","Los Angeles","https://www.californiahealthmaps.org?address=A0624","Female","Thyroid",149805,13.4,8.5,21.4,67935,18.7,10.4,39.4,"","","","",47340,"","","",25740,"","","",4,60766,0.0,21.8,36.5,46.3,3.2,15.2,32.4
"A0624","Los Angeles","Los Angeles","https://www.californiahealthmaps.org?address=A0624","Both","AllSite",303830,357.7,336.7,380.0,144450,399.5,367.1,436.2,"","","","",95215,305.1,267.8,346.6,45990,297.1,253.5,351.1,4,60766,0.0,21.8,36.5,46.3,3.2,15.2,32.4
"A0624","Los Angeles","Los Angeles","https://www.californiahealthmaps.org?address=A0624","Both","Lung",303830,32.5,26.3,40.2,144450,40.2,30.3,55.2,"","","","",95215,"","","",45990,24.2,14.1,47.8,4,60766,0.0,21.8,36.5,46.3,3.2,15.2,32.4
"A0624","Los Angeles","Los Angeles","https://www.californiahealthmaps.org?address=A0624","Both","CRC",303830,37.4,30.9,45.3,144450,36.7,27.6,51.0,"","","","",95215,34.7,23.1,50.9,45990,40.7,27.0,66.8,4,60766,0.0,21.8,36.5,46.3,3.2,15.2,32.4
"A0624","Los Angeles","Los Angeles","https://www.californiahealthmaps.org?address=A0624","Both","Mela",303830,9.5,6.4,14.3,144450,14.2,8.6,25.8,"","","","",95215,"","","",45990,"","","",4,60766,0.0,21.8,36.5,46.3,3.2,15.2,32.4
"A0624","Los Angeles","Los Angeles","https://www.californiahealthmaps.org?address=A0624","Both","Lymph",303830,18.9,14.3,25.0,144450,13.0,7.8,24.1,"","","","",95215,24.4,15.0,38.3,45990,"","","",4,60766,0.0,21.8,36.5,46.3,3.2,15.2,32.4
"A0624","Los Angeles","Los Angeles","https://www.californiahealthmaps.org?address=A0624","Both","Urinary",303830,7.7,5.0,12.0,144450,14.2,8.9,25.4,"","","","",95215,"","","",45990,"","","",4,60766,0.0,21.8,36.5,46.3,3.2,15.2,32.4
"A0624","Los Angeles","Los Angeles","https://www.californiahealthmaps.org?address=A0624","Both","Kidney",303830,9.5,6.5,14.1,144450,11.5,6.8,22.2,"","","","",95215,"","","",45990,"","","",4,60766,0.0,21.8,36.5,46.3,3.2,15.2,32.4
"A0624","Los Angeles","Los Angeles","https://www.californiahealthmaps.org?address=A0624","Both","Thyroid",303830,9.8,6.7,14.3,144450,13.9,8.7,25.0,"","","","",95215,"","","",45990,"","","",4,60766,0.0,21.8,36.5,46.3,3.2,15.2,32.4
