"Zone","Counties","Cities","URL","Sex","Cancer","PopTot","AAIR","LCI","UCI","White_PopTot","White_AAIR","White_LCI","White_UCI","Black_PopTot","Black_AAIR","Black_LCI","Black_UCI","Hispanic_PopTot","Hispanic_AAIR","Hispanic_LCI","Hispanic_UCI","Asian_PopTot","Asian_AAIR","Asian_LCI","Asian_UCI","QNSES","PopAll","PerRural","PerUninsured","PerForeignBorn","PerWhite","PerBlack","PerAsian","PerHispanic","PerAPI","PerDocvisit","PerFOBT","PerMammo","PerMenPrev","PerPap","PerWomenPrev"
"A0282","San Mateo","South San Francisco","https://www.californiahealthmaps.org?address=A0282","Male","AllSite",142980,455.9,418.8,495.7,29325,568.5,498.9,653.5,"","","","",56990,377.1,311.3,456.2,47795,412.4,348.6,487.1,4,57095,0.0,13.1,46.7,18.2,2.5,37.9,39.0,37.9,"","","","","",""
"A0282","San Mateo","South San Francisco","https://www.californiahealthmaps.org?address=A0282","Female","AllSite",142495,370.9,341.2,402.8,26530,456.6,394.2,534.4,"","","","",54225,308.6,258.3,366.5,52335,348.3,300.5,402.7,4,57095,0.0,13.1,46.7,18.2,2.5,37.9,39.0,37.9,"","","","","",""
"A0282","San Mateo","South San Francisco","https://www.californiahealthmaps.org?address=A0282","Male","Prostate",142980,101.0,83.9,120.9,29325,123.4,92.6,171.9,"","","","",56990,105.8,72.0,153.8,47795,81.9,53.9,121.9,4,57095,0.0,13.1,46.7,18.2,2.5,37.9,39.0,37.9,"","","","","",""
"A0282","San Mateo","South San Francisco","https://www.californiahealthmaps.org?address=A0282","Female","Breast",142495,118.3,101.9,136.8,26530,135.4,102.1,186.0,"","","","",54225,86.5,61.8,119.0,52335,129.0,101.8,162.9,4,57095,0.0,13.1,46.7,18.2,2.5,37.9,39.0,37.9,"","","","","",""
"A0282","San Mateo","South San Francisco","https://www.californiahealthmaps.org?address=A0282","Male","Lung",142980,55.1,42.3,70.8,29325,68.7,46.2,110.5,"","","","",56990,"","","",47795,66.5,40.7,104.8,4,57095,0.0,13.1,46.7,18.2,2.5,37.9,39.0,37.9,"","","","","",""
"A0282","San Mateo","South San Francisco","https://www.californiahealthmaps.org?address=A0282","Female","Lung",142495,38.0,28.9,49.2,26530,54.3,36.0,91.8,"","","","",54225,"","","",52335,37.9,22.5,61.0,4,57095,0.0,13.1,46.7,18.2,2.5,37.9,39.0,37.9,"","","","","",""
"A0282","San Mateo","South San Francisco","https://www.californiahealthmaps.org?address=A0282","Male","CRC",142980,39.2,29.3,51.9,29325,41.4,25.0,78.4,"","","","",56990,"","","",47795,50.9,31.7,81.5,4,57095,0.0,13.1,46.7,18.2,2.5,37.9,39.0,37.9,"","","","","",""
"A0282","San Mateo","South San Francisco","https://www.californiahealthmaps.org?address=A0282","Female","CRC",142495,30.4,22.2,40.8,26530,41.1,24.0,78.5,"","","","",54225,"","","",52335,"","","",4,57095,0.0,13.1,46.7,18.2,2.5,37.9,39.0,37.9,"","","","","",""
"A0282","San Mateo","South San Francisco","https://www.californiahealthmaps.org?address=A0282","Male","Mela",142980,20.7,13.4,30.9,29325,50.1,30.7,89.7,"","","","",56990,"","","",47795,"","","",4,57095,0.0,13.1,46.7,18.2,2.5,37.9,39.0,37.9,"","","","","",""
"A0282","San Mateo","South San Francisco","https://www.californiahealthmaps.org?address=A0282","Female","Mela",142495,10.0,5.8,16.6,26530,"","","","","","","",54225,"","","",52335,"","","",4,57095,0.0,13.1,46.7,18.2,2.5,37.9,39.0,37.9,"","","","","",""
"A0282","San Mateo","South San Francisco","https://www.californiahealthmaps.org?address=A0282","Female","Uterine",142495,27.2,19.7,37.0,26530,32.3,17.8,67.7,"","","","",54225,"","","",52335,"","","",4,57095,0.0,13.1,46.7,18.2,2.5,37.9,39.0,37.9,"","","","","",""
"A0282","San Mateo","South San Francisco","https://www.californiahealthmaps.org?address=A0282","Male","Lymph",142980,23.8,15.9,34.6,29325,"","","","","","","",56990,"","","",47795,"","","",4,57095,0.0,13.1,46.7,18.2,2.5,37.9,39.0,37.9,"","","","","",""
"A0282","San Mateo","South San Francisco","https://www.californiahealthmaps.org?address=A0282","Female","Lymph",142495,11.3,6.8,18.2,26530,"","","","","","","",54225,"","","",52335,"","","",4,57095,0.0,13.1,46.7,18.2,2.5,37.9,39.0,37.9,"","","","","",""
"A0282","San Mateo","South San Francisco","https://www.californiahealthmaps.org?address=A0282","Male","Urinary",142980,12.9,7.1,21.9,29325,"","","","","","","",56990,"","","",47795,"","","",4,57095,0.0,13.1,46.7,18.2,2.5,37.9,39.0,37.9,"","","","","",""
"A0282","San Mateo","South San Francisco","https://www.californiahealthmaps.org?address=A0282","Female","Urinary",142495,"","","",26530,"","","","","","","",54225,"","","",52335,"","","",4,57095,0.0,13.1,46.7,18.2,2.5,37.9,39.0,37.9,"","","","","",""
"A0282","San Mateo","South San Francisco","https://www.californiahealthmaps.org?address=A0282","Male","Kidney",142980,19.6,12.5,29.7,29325,"","","","","","","",56990,"","","",47795,"","","",4,57095,0.0,13.1,46.7,18.2,2.5,37.9,39.0,37.9,"","","","","",""
"A0282","San Mateo","South San Francisco","https://www.californiahealthmaps.org?address=A0282","Female","Kidney",142495,13.9,8.6,21.7,26530,"","","","","","","",54225,"","","",52335,"","","",4,57095,0.0,13.1,46.7,18.2,2.5,37.9,39.0,37.9,"","","","","",""
"A0282","San Mateo","South San Francisco","https://www.californiahealthmaps.org?address=A0282","Male","Thyroid",142980,"","","",29325,"","","","","","","",56990,"","","",47795,"","","",4,57095,0.0,13.1,46.7,18.2,2.5,37.9,39.0,37.9,"","","","","",""
"A0282","San Mateo","South San Francisco","https://www.californiahealthmaps.org?address=A0282","Female","Thyroid",142495,20.7,14.2,29.5,26530,"","","","","","","",54225,"","","",52335,25.2,13.8,44.2,4,57095,0.0,13.1,46.7,18.2,2.5,37.9,39.0,37.9,"","","","","",""
"A0282","San Mateo","South San Francisco","https://www.californiahealthmaps.org?address=A0282","Male","Liver",142980,22.4,15.1,32.5,29325,"","","","","","","",56990,"","","",47795,"","","",4,57095,0.0,13.1,46.7,18.2,2.5,37.9,39.0,37.9,"","","","","",""
"A0282","San Mateo","South San Francisco","https://www.californiahealthmaps.org?address=A0282","Female","Liver",142495,"","","",26530,"","","","","","","",54225,"","","",52335,"","","",4,57095,0.0,13.1,46.7,18.2,2.5,37.9,39.0,37.9,"","","","","",""
"A0282","San Mateo","South San Francisco","https://www.californiahealthmaps.org?address=A0282","Male","Pancreas",142980,19.7,12.4,30.0,29325,"","","","","","","",56990,"","","",47795,"","","",4,57095,0.0,13.1,46.7,18.2,2.5,37.9,39.0,37.9,"","","","","",""
"A0282","San Mateo","South San Francisco","https://www.californiahealthmaps.org?address=A0282","Female","Pancreas",142495,12.9,7.8,20.4,26530,"","","","","","","",54225,"","","",52335,"","","",4,57095,0.0,13.1,46.7,18.2,2.5,37.9,39.0,37.9,"","","","","",""
"A0282","San Mateo","South San Francisco","https://www.californiahealthmaps.org?address=A0282","Both","AllSite",285475,404.7,381.6,428.9,55855,505.2,458.9,558.9,"","","","",111215,332.6,292.9,376.8,100130,372.0,333.5,414.4,4,57095,0.0,13.1,46.7,18.2,2.5,37.9,39.0,37.9,"","","","","",""
"A0282","San Mateo","South San Francisco","https://www.californiahealthmaps.org?address=A0282","Both","Lung",285475,45.4,37.8,54.2,55855,62.1,47.1,85.9,"","","","",111215,27.1,16.1,43.2,100130,49.5,35.2,68.4,4,57095,0.0,13.1,46.7,18.2,2.5,37.9,39.0,37.9,"","","","","",""
"A0282","San Mateo","South San Francisco","https://www.californiahealthmaps.org?address=A0282","Both","CRC",285475,35.0,28.4,42.7,55855,41.4,29.3,62.7,"","","","",111215,29.0,18.1,44.9,100130,34.7,24.1,49.5,4,57095,0.0,13.1,46.7,18.2,2.5,37.9,39.0,37.9,"","","","","",""
"A0282","San Mateo","South San Francisco","https://www.californiahealthmaps.org?address=A0282","Both","Mela",285475,14.5,10.4,19.6,55855,32.8,21.7,53.4,"","","","",111215,"","","",100130,"","","",4,57095,0.0,13.1,46.7,18.2,2.5,37.9,39.0,37.9,"","","","","",""
"A0282","San Mateo","South San Francisco","https://www.californiahealthmaps.org?address=A0282","Both","Lymph",285475,17.0,12.5,22.7,55855,22.0,13.1,41.0,"","","","",111215,"","","",100130,"","","",4,57095,0.0,13.1,46.7,18.2,2.5,37.9,39.0,37.9,"","","","","",""
"A0282","San Mateo","South San Francisco","https://www.californiahealthmaps.org?address=A0282","Both","Urinary",285475,8.5,5.3,12.9,55855,"","","","","","","",111215,"","","",100130,"","","",4,57095,0.0,13.1,46.7,18.2,2.5,37.9,39.0,37.9,"","","","","",""
"A0282","San Mateo","South San Francisco","https://www.californiahealthmaps.org?address=A0282","Both","Kidney",285475,16.5,12.0,22.2,55855,17.3,9.7,35.4,"","","","",111215,19.5,10.7,33.5,100130,"","","",4,57095,0.0,13.1,46.7,18.2,2.5,37.9,39.0,37.9,"","","","","",""
"A0282","San Mateo","South San Francisco","https://www.californiahealthmaps.org?address=A0282","Both","Thyroid",285475,15.1,11.0,20.2,55855,"","","","","","","",111215,"","","",100130,19.5,11.8,31.6,4,57095,0.0,13.1,46.7,18.2,2.5,37.9,39.0,37.9,"","","","","",""
"A0282","San Mateo","South San Francisco","https://www.californiahealthmaps.org?address=A0282","Both","Liver",285475,15.3,11.2,20.7,55855,"","","","","","","",111215,21.3,12.0,35.8,100130,13.7,7.5,24.3,4,57095,0.0,13.1,46.7,18.2,2.5,37.9,39.0,37.9,"","","","","",""
"A0282","San Mateo","South San Francisco","https://www.californiahealthmaps.org?address=A0282","Both","Pancreas",285475,15.9,11.5,21.5,55855,19.2,11.3,37.4,"","","","",111215,"","","",100130,"","","",4,57095,0.0,13.1,46.7,18.2,2.5,37.9,39.0,37.9,"","","","","",""
