"Zone","Counties","Cities","URL","Sex","Cancer","PopTot","AAIR","LCI","UCI","White_PopTot","White_AAIR","White_LCI","White_UCI","Black_PopTot","Black_AAIR","Black_LCI","Black_UCI","Hispanic_PopTot","Hispanic_AAIR","Hispanic_LCI","Hispanic_UCI","Asian_PopTot","Asian_AAIR","Asian_LCI","Asian_UCI","QNSES","PopAll","PerRural","PerUninsured","PerForeignBorn","PerWhite","PerBlack","PerAsian","PerHispanic","PerAPI","PerDocvisit","PerFOBT","PerMammo","PerMenPrev","PerPap","PerWomenPrev"
"A1087","Los Angeles","Pasadena, Arcadia, Monrovia","https://www.californiahealthmaps.org?address=A1087","Male","AllSite",151445,411.7,382.3,443.0,79895,404.9,369.0,444.7,"","","","",32050,437.8,351.9,541.3,29985,320.8,259.5,394.5,5,63009,0.4,9.5,26.3,51.1,3.3,20.7,21.9,20.7,"","","","","",""
"A1087","Los Angeles","Pasadena, Arcadia, Monrovia","https://www.californiahealthmaps.org?address=A1087","Female","AllSite",163600,404.0,377.0,432.9,82900,410.5,374.2,451.2,"","","","",35715,391.6,325.7,468.0,35105,394.5,333.7,465.6,5,63009,0.4,9.5,26.3,51.1,3.3,20.7,21.9,20.7,"","","","","",""
"A1087","Los Angeles","Pasadena, Arcadia, Monrovia","https://www.californiahealthmaps.org?address=A1087","Male","Prostate",151445,111.2,96.4,128.0,79895,105.2,87.9,126.6,"","","","",32050,104.8,64.9,163.6,29985,66.3,40.6,105.4,5,63009,0.4,9.5,26.3,51.1,3.3,20.7,21.9,20.7,"","","","","",""
"A1087","Los Angeles","Pasadena, Arcadia, Monrovia","https://www.californiahealthmaps.org?address=A1087","Female","Breast",163600,143.3,127.5,161.1,82900,141.5,120.6,166.9,"","","","",35715,144.2,106.3,192.5,35105,142.5,108.8,186.6,5,63009,0.4,9.5,26.3,51.1,3.3,20.7,21.9,20.7,"","","","","",""
"A1087","Los Angeles","Pasadena, Arcadia, Monrovia","https://www.californiahealthmaps.org?address=A1087","Male","Lung",151445,34.5,26.3,44.8,79895,30.9,21.8,44.6,"","","","",32050,"","","",29985,44.2,24.3,77.4,5,63009,0.4,9.5,26.3,51.1,3.3,20.7,21.9,20.7,"","","","","",""
"A1087","Los Angeles","Pasadena, Arcadia, Monrovia","https://www.californiahealthmaps.org?address=A1087","Female","Lung",163600,33.8,26.6,43.0,82900,36.0,26.6,50.3,"","","","",35715,"","","",35105,"","","",5,63009,0.4,9.5,26.3,51.1,3.3,20.7,21.9,20.7,"","","","","",""
"A1087","Los Angeles","Pasadena, Arcadia, Monrovia","https://www.californiahealthmaps.org?address=A1087","Male","CRC",151445,33.5,25.6,43.3,79895,31.0,21.6,44.9,"","","","",32050,"","","",29985,"","","",5,63009,0.4,9.5,26.3,51.1,3.3,20.7,21.9,20.7,"","","","","",""
"A1087","Los Angeles","Pasadena, Arcadia, Monrovia","https://www.californiahealthmaps.org?address=A1087","Female","CRC",163600,39.8,31.9,49.6,82900,37.1,27.4,51.5,"","","","",35715,51.2,29.0,85.0,35105,41.8,23.0,72.8,5,63009,0.4,9.5,26.3,51.1,3.3,20.7,21.9,20.7,"","","","","",""
"A1087","Los Angeles","Pasadena, Arcadia, Monrovia","https://www.californiahealthmaps.org?address=A1087","Male","Mela",151445,28.5,21.3,37.8,79895,30.9,21.9,44.4,"","","","",32050,"","","",29985,"","","",5,63009,0.4,9.5,26.3,51.1,3.3,20.7,21.9,20.7,"","","","","",""
"A1087","Los Angeles","Pasadena, Arcadia, Monrovia","https://www.californiahealthmaps.org?address=A1087","Female","Mela",163600,17.8,12.3,25.4,82900,24.4,15.7,38.6,"","","","",35715,"","","",35105,"","","",5,63009,0.4,9.5,26.3,51.1,3.3,20.7,21.9,20.7,"","","","","",""
"A1087","Los Angeles","Pasadena, Arcadia, Monrovia","https://www.californiahealthmaps.org?address=A1087","Female","Uterine",163600,22.4,16.6,30.3,82900,29.2,20.5,42.9,"","","","",35715,"","","",35105,"","","",5,63009,0.4,9.5,26.3,51.1,3.3,20.7,21.9,20.7,"","","","","",""
"A1087","Los Angeles","Pasadena, Arcadia, Monrovia","https://www.californiahealthmaps.org?address=A1087","Male","Lymph",151445,20.0,14.0,28.2,79895,17.6,11.1,28.8,"","","","",32050,"","","",29985,"","","",5,63009,0.4,9.5,26.3,51.1,3.3,20.7,21.9,20.7,"","","","","",""
"A1087","Los Angeles","Pasadena, Arcadia, Monrovia","https://www.californiahealthmaps.org?address=A1087","Female","Lymph",163600,17.0,11.9,24.2,82900,14.1,8.5,25.1,"","","","",35715,"","","",35105,"","","",5,63009,0.4,9.5,26.3,51.1,3.3,20.7,21.9,20.7,"","","","","",""
"A1087","Los Angeles","Pasadena, Arcadia, Monrovia","https://www.californiahealthmaps.org?address=A1087","Male","Urinary",151445,15.6,10.4,23.0,79895,19.6,12.6,31.3,"","","","",32050,"","","",29985,"","","",5,63009,0.4,9.5,26.3,51.1,3.3,20.7,21.9,20.7,"","","","","",""
"A1087","Los Angeles","Pasadena, Arcadia, Monrovia","https://www.californiahealthmaps.org?address=A1087","Female","Urinary",163600,"","","",82900,"","","","","","","",35715,"","","",35105,"","","",5,63009,0.4,9.5,26.3,51.1,3.3,20.7,21.9,20.7,"","","","","",""
"A1087","Los Angeles","Pasadena, Arcadia, Monrovia","https://www.californiahealthmaps.org?address=A1087","Male","Kidney",151445,22.9,16.4,31.6,79895,24.5,16.3,37.4,"","","","",32050,"","","",29985,"","","",5,63009,0.4,9.5,26.3,51.1,3.3,20.7,21.9,20.7,"","","","","",""
"A1087","Los Angeles","Pasadena, Arcadia, Monrovia","https://www.californiahealthmaps.org?address=A1087","Female","Kidney",163600,11.8,7.5,18.3,82900,"","","","","","","",35715,"","","",35105,"","","",5,63009,0.4,9.5,26.3,51.1,3.3,20.7,21.9,20.7,"","","","","",""
"A1087","Los Angeles","Pasadena, Arcadia, Monrovia","https://www.californiahealthmaps.org?address=A1087","Male","Thyroid",151445,8.0,4.4,13.9,79895,"","","","","","","",32050,"","","",29985,"","","",5,63009,0.4,9.5,26.3,51.1,3.3,20.7,21.9,20.7,"","","","","",""
"A1087","Los Angeles","Pasadena, Arcadia, Monrovia","https://www.californiahealthmaps.org?address=A1087","Female","Thyroid",163600,23.4,16.9,32.2,82900,22.3,13.5,36.8,"","","","",35715,"","","",35105,"","","",5,63009,0.4,9.5,26.3,51.1,3.3,20.7,21.9,20.7,"","","","","",""
"A1087","Los Angeles","Pasadena, Arcadia, Monrovia","https://www.californiahealthmaps.org?address=A1087","Male","Liver",151445,8.4,4.7,14.4,79895,"","","","","","","",32050,"","","",29985,"","","",5,63009,0.4,9.5,26.3,51.1,3.3,20.7,21.9,20.7,"","","","","",""
"A1087","Los Angeles","Pasadena, Arcadia, Monrovia","https://www.californiahealthmaps.org?address=A1087","Female","Liver",163600,"","","",82900,"","","","","","","",35715,"","","",35105,"","","",5,63009,0.4,9.5,26.3,51.1,3.3,20.7,21.9,20.7,"","","","","",""
"A1087","Los Angeles","Pasadena, Arcadia, Monrovia","https://www.californiahealthmaps.org?address=A1087","Male","Pancreas",151445,16.2,10.8,23.9,79895,18.4,11.3,30.5,"","","","",32050,"","","",29985,"","","",5,63009,0.4,9.5,26.3,51.1,3.3,20.7,21.9,20.7,"","","","","",""
"A1087","Los Angeles","Pasadena, Arcadia, Monrovia","https://www.californiahealthmaps.org?address=A1087","Female","Pancreas",163600,"","","",82900,"","","","","","","",35715,"","","",35105,"","","",5,63009,0.4,9.5,26.3,51.1,3.3,20.7,21.9,20.7,"","","","","",""
"A1087","Los Angeles","Pasadena, Arcadia, Monrovia","https://www.californiahealthmaps.org?address=A1087","Both","AllSite",315045,406.0,386.2,426.8,162795,405.3,379.9,432.8,"","","","",67765,405.2,352.8,464.0,65090,363.2,319.1,412.7,5,63009,0.4,9.5,26.3,51.1,3.3,20.7,21.9,20.7,"","","","","",""
"A1087","Los Angeles","Pasadena, Arcadia, Monrovia","https://www.californiahealthmaps.org?address=A1087","Both","Lung",315045,34.1,28.6,40.5,162795,33.4,26.7,42.2,"","","","",67765,33.3,18.8,55.1,65090,41.6,27.4,61.8,5,63009,0.4,9.5,26.3,51.1,3.3,20.7,21.9,20.7,"","","","","",""
"A1087","Los Angeles","Pasadena, Arcadia, Monrovia","https://www.californiahealthmaps.org?address=A1087","Both","CRC",315045,37.2,31.5,43.9,162795,34.6,27.7,43.8,"","","","",67765,53.0,35.1,77.7,65090,41.5,27.1,61.9,5,63009,0.4,9.5,26.3,51.1,3.3,20.7,21.9,20.7,"","","","","",""
"A1087","Los Angeles","Pasadena, Arcadia, Monrovia","https://www.californiahealthmaps.org?address=A1087","Both","Mela",315045,22.5,18.0,28.0,162795,27.2,20.9,35.8,"","","","",67765,"","","",65090,"","","",5,63009,0.4,9.5,26.3,51.1,3.3,20.7,21.9,20.7,"","","","","",""
"A1087","Los Angeles","Pasadena, Arcadia, Monrovia","https://www.californiahealthmaps.org?address=A1087","Both","Lymph",315045,18.3,14.3,23.3,162795,15.5,11.1,22.1,"","","","",67765,"","","",65090,"","","",5,63009,0.4,9.5,26.3,51.1,3.3,20.7,21.9,20.7,"","","","","",""
"A1087","Los Angeles","Pasadena, Arcadia, Monrovia","https://www.californiahealthmaps.org?address=A1087","Both","Urinary",315045,9.0,6.3,12.7,162795,10.3,6.8,16.2,"","","","",67765,"","","",65090,"","","",5,63009,0.4,9.5,26.3,51.1,3.3,20.7,21.9,20.7,"","","","","",""
"A1087","Los Angeles","Pasadena, Arcadia, Monrovia","https://www.californiahealthmaps.org?address=A1087","Both","Kidney",315045,16.9,13.0,21.8,162795,16.2,11.7,23.1,"","","","",67765,"","","",65090,"","","",5,63009,0.4,9.5,26.3,51.1,3.3,20.7,21.9,20.7,"","","","","",""
"A1087","Los Angeles","Pasadena, Arcadia, Monrovia","https://www.californiahealthmaps.org?address=A1087","Both","Thyroid",315045,16.0,12.1,21.0,162795,14.0,9.1,21.4,"","","","",67765,"","","",65090,27.2,16.2,44.1,5,63009,0.4,9.5,26.3,51.1,3.3,20.7,21.9,20.7,"","","","","",""
"A1087","Los Angeles","Pasadena, Arcadia, Monrovia","https://www.californiahealthmaps.org?address=A1087","Both","Liver",315045,5.5,3.5,8.6,162795,5.4,3.0,10.3,"","","","",67765,"","","",65090,"","","",5,63009,0.4,9.5,26.3,51.1,3.3,20.7,21.9,20.7,"","","","","",""
"A1087","Los Angeles","Pasadena, Arcadia, Monrovia","https://www.californiahealthmaps.org?address=A1087","Both","Pancreas",315045,10.3,7.4,14.2,162795,11.5,7.7,17.9,"","","","",67765,"","","",65090,"","","",5,63009,0.4,9.5,26.3,51.1,3.3,20.7,21.9,20.7,"","","","","",""
