"Zone","Counties","Cities","URL","Sex","Cancer","PopTot","AAIR","LCI","UCI","White_PopTot","White_AAIR","White_LCI","White_UCI","Black_PopTot","Black_AAIR","Black_LCI","Black_UCI","Hispanic_PopTot","Hispanic_AAIR","Hispanic_LCI","Hispanic_UCI","Asian_PopTot","Asian_AAIR","Asian_LCI","Asian_UCI","QNSES","PopAll","PerRural","PerUninsured","PerForeignBorn","PerWhite","PerBlack","PerAsian","PerHispanic","PerAPI","PerDocvisit","PerFOBT","PerMammo","PerMenPrev","PerPap","PerWomenPrev"
"A0820","Stanislaus","Turlock","https://www.californiahealthmaps.org?address=A0820","Male","AllSite",153210,464.4,429.4,501.8,80870,470.0,428.3,515.4,"","","","",58940,467.7,381.7,571.0,"","","","",2,62871,2.6,16.1,22.9,55.6,1.0,4.2,35.7,4.2,63.4,63.9,78.1,32.2,84.7,29.0
"A0820","Stanislaus","Turlock","https://www.californiahealthmaps.org?address=A0820","Female","AllSite",161145,421.2,390.8,453.6,89465,419.2,382.8,459.2,"","","","",57635,442.7,368.5,530.3,"","","","",2,62871,2.6,16.1,22.9,55.6,1.0,4.2,35.7,4.2,63.4,63.9,78.1,32.2,84.7,29.0
"A0820","Stanislaus","Turlock","https://www.californiahealthmaps.org?address=A0820","Male","Prostate",153210,102.5,86.7,120.7,80870,109.0,90.1,131.6,"","","","",58940,84.5,51.5,135.9,"","","","",2,62871,2.6,16.1,22.9,55.6,1.0,4.2,35.7,4.2,63.4,63.9,78.1,32.2,84.7,29.0
"A0820","Stanislaus","Turlock","https://www.californiahealthmaps.org?address=A0820","Female","Breast",161145,125.3,108.8,143.8,89465,130.4,110.3,154.2,"","","","",57635,116.6,80.3,167.1,"","","","",2,62871,2.6,16.1,22.9,55.6,1.0,4.2,35.7,4.2,63.4,63.9,78.1,32.2,84.7,29.0
"A0820","Stanislaus","Turlock","https://www.californiahealthmaps.org?address=A0820","Male","Lung",153210,57.3,45.3,71.8,80870,63.3,48.6,82.0,"","","","",58940,"","","","","","","",2,62871,2.6,16.1,22.9,55.6,1.0,4.2,35.7,4.2,63.4,63.9,78.1,32.2,84.7,29.0
"A0820","Stanislaus","Turlock","https://www.californiahealthmaps.org?address=A0820","Female","Lung",161145,39.2,30.4,50.1,89465,42.0,31.5,56.3,"","","","",57635,"","","","","","","",2,62871,2.6,16.1,22.9,55.6,1.0,4.2,35.7,4.2,63.4,63.9,78.1,32.2,84.7,29.0
"A0820","Stanislaus","Turlock","https://www.californiahealthmaps.org?address=A0820","Male","CRC",153210,47.6,36.9,60.6,80870,43.9,32.0,60.0,"","","","",58940,61.0,33.9,106.8,"","","","",2,62871,2.6,16.1,22.9,55.6,1.0,4.2,35.7,4.2,63.4,63.9,78.1,32.2,84.7,29.0
"A0820","Stanislaus","Turlock","https://www.californiahealthmaps.org?address=A0820","Female","CRC",161145,47.0,37.4,58.6,89465,47.1,35.9,62.1,"","","","",57635,57.7,33.1,97.4,"","","","",2,62871,2.6,16.1,22.9,55.6,1.0,4.2,35.7,4.2,63.4,63.9,78.1,32.2,84.7,29.0
"A0820","Stanislaus","Turlock","https://www.californiahealthmaps.org?address=A0820","Male","Mela",153210,19.9,13.1,29.1,80870,24.0,15.1,37.4,"","","","",58940,"","","","","","","",2,62871,2.6,16.1,22.9,55.6,1.0,4.2,35.7,4.2,63.4,63.9,78.1,32.2,84.7,29.0
"A0820","Stanislaus","Turlock","https://www.californiahealthmaps.org?address=A0820","Female","Mela",161145,18.2,12.5,26.2,89465,16.9,10.4,27.7,"","","","",57635,"","","","","","","",2,62871,2.6,16.1,22.9,55.6,1.0,4.2,35.7,4.2,63.4,63.9,78.1,32.2,84.7,29.0
"A0820","Stanislaus","Turlock","https://www.californiahealthmaps.org?address=A0820","Female","Uterine",161145,19.5,13.3,27.9,89465,13.0,7.4,22.9,"","","","",57635,"","","","","","","",2,62871,2.6,16.1,22.9,55.6,1.0,4.2,35.7,4.2,63.4,63.9,78.1,32.2,84.7,29.0
"A0820","Stanislaus","Turlock","https://www.californiahealthmaps.org?address=A0820","Male","Lymph",153210,27.0,19.0,37.6,80870,28.6,19.1,42.4,"","","","",58940,"","","","","","","",2,62871,2.6,16.1,22.9,55.6,1.0,4.2,35.7,4.2,63.4,63.9,78.1,32.2,84.7,29.0
"A0820","Stanislaus","Turlock","https://www.californiahealthmaps.org?address=A0820","Female","Lymph",161145,15.4,10.1,22.9,89465,16.2,10.0,26.7,"","","","",57635,"","","","","","","",2,62871,2.6,16.1,22.9,55.6,1.0,4.2,35.7,4.2,63.4,63.9,78.1,32.2,84.7,29.0
"A0820","Stanislaus","Turlock","https://www.californiahealthmaps.org?address=A0820","Male","Urinary",153210,12.6,7.4,20.2,80870,"","","","","","","",58940,"","","","","","","",2,62871,2.6,16.1,22.9,55.6,1.0,4.2,35.7,4.2,63.4,63.9,78.1,32.2,84.7,29.0
"A0820","Stanislaus","Turlock","https://www.californiahealthmaps.org?address=A0820","Female","Urinary",161145,"","","",89465,"","","","","","","",57635,"","","","","","","",2,62871,2.6,16.1,22.9,55.6,1.0,4.2,35.7,4.2,63.4,63.9,78.1,32.2,84.7,29.0
"A0820","Stanislaus","Turlock","https://www.californiahealthmaps.org?address=A0820","Male","Kidney",153210,22.6,15.3,32.3,80870,20.3,12.4,32.5,"","","","",58940,"","","","","","","",2,62871,2.6,16.1,22.9,55.6,1.0,4.2,35.7,4.2,63.4,63.9,78.1,32.2,84.7,29.0
"A0820","Stanislaus","Turlock","https://www.californiahealthmaps.org?address=A0820","Female","Kidney",161145,12.3,7.4,19.5,89465,"","","","","","","",57635,"","","","","","","",2,62871,2.6,16.1,22.9,55.6,1.0,4.2,35.7,4.2,63.4,63.9,78.1,32.2,84.7,29.0
"A0820","Stanislaus","Turlock","https://www.californiahealthmaps.org?address=A0820","Male","Thyroid",153210,"","","",80870,"","","","","","","",58940,"","","","","","","",2,62871,2.6,16.1,22.9,55.6,1.0,4.2,35.7,4.2,63.4,63.9,78.1,32.2,84.7,29.0
"A0820","Stanislaus","Turlock","https://www.californiahealthmaps.org?address=A0820","Female","Thyroid",161145,15.0,9.6,22.8,89465,18.4,10.6,30.9,"","","","",57635,"","","","","","","",2,62871,2.6,16.1,22.9,55.6,1.0,4.2,35.7,4.2,63.4,63.9,78.1,32.2,84.7,29.0
"A0820","Stanislaus","Turlock","https://www.californiahealthmaps.org?address=A0820","Male","Liver",153210,14.4,9.0,22.2,80870,"","","","","","","",58940,"","","","","","","",2,62871,2.6,16.1,22.9,55.6,1.0,4.2,35.7,4.2,63.4,63.9,78.1,32.2,84.7,29.0
"A0820","Stanislaus","Turlock","https://www.californiahealthmaps.org?address=A0820","Female","Liver",161145,9.8,5.8,16.1,89465,"","","","","","","",57635,"","","","","","","",2,62871,2.6,16.1,22.9,55.6,1.0,4.2,35.7,4.2,63.4,63.9,78.1,32.2,84.7,29.0
"A0820","Stanislaus","Turlock","https://www.californiahealthmaps.org?address=A0820","Male","Pancreas",153210,16.1,10.1,24.5,80870,13.7,7.7,24.2,"","","","",58940,"","","","","","","",2,62871,2.6,16.1,22.9,55.6,1.0,4.2,35.7,4.2,63.4,63.9,78.1,32.2,84.7,29.0
"A0820","Stanislaus","Turlock","https://www.californiahealthmaps.org?address=A0820","Female","Pancreas",161145,9.4,5.5,15.5,89465,11.9,6.9,21.1,"","","","",57635,"","","","","","","",2,62871,2.6,16.1,22.9,55.6,1.0,4.2,35.7,4.2,63.4,63.9,78.1,32.2,84.7,29.0
"A0820","Stanislaus","Turlock","https://www.californiahealthmaps.org?address=A0820","Both","AllSite",314355,436.8,414.0,460.7,170335,438.9,411.6,468.0,"","","","",116575,452.2,395.3,516.5,12905,429.6,319.9,569.5,2,62871,2.6,16.1,22.9,55.6,1.0,4.2,35.7,4.2,63.4,63.9,78.1,32.2,84.7,29.0
"A0820","Stanislaus","Turlock","https://www.californiahealthmaps.org?address=A0820","Both","Lung",314355,46.3,39.1,54.6,170335,50.5,41.7,61.1,"","","","",116575,43.3,26.1,69.0,12905,"","","",2,62871,2.6,16.1,22.9,55.6,1.0,4.2,35.7,4.2,63.4,63.9,78.1,32.2,84.7,29.0
"A0820","Stanislaus","Turlock","https://www.californiahealthmaps.org?address=A0820","Both","CRC",314355,47.4,40.2,55.7,170335,46.1,37.7,56.3,"","","","",116575,60.5,41.0,88.0,12905,"","","",2,62871,2.6,16.1,22.9,55.6,1.0,4.2,35.7,4.2,63.4,63.9,78.1,32.2,84.7,29.0
"A0820","Stanislaus","Turlock","https://www.californiahealthmaps.org?address=A0820","Both","Mela",314355,18.8,14.3,24.4,170335,20.0,14.5,27.5,"","","","",116575,"","","",12905,"","","",2,62871,2.6,16.1,22.9,55.6,1.0,4.2,35.7,4.2,63.4,63.9,78.1,32.2,84.7,29.0
"A0820","Stanislaus","Turlock","https://www.californiahealthmaps.org?address=A0820","Both","Lymph",314355,20.6,15.9,26.5,170335,21.8,16.2,29.5,"","","","",116575,"","","",12905,"","","",2,62871,2.6,16.1,22.9,55.6,1.0,4.2,35.7,4.2,63.4,63.9,78.1,32.2,84.7,29.0
"A0820","Stanislaus","Turlock","https://www.californiahealthmaps.org?address=A0820","Both","Urinary",314355,9.4,6.4,13.6,170335,8.8,5.6,14.1,"","","","",116575,"","","",12905,"","","",2,62871,2.6,16.1,22.9,55.6,1.0,4.2,35.7,4.2,63.4,63.9,78.1,32.2,84.7,29.0
"A0820","Stanislaus","Turlock","https://www.californiahealthmaps.org?address=A0820","Both","Kidney",314355,16.3,12.1,21.7,170335,15.6,10.6,22.7,"","","","",116575,"","","",12905,"","","",2,62871,2.6,16.1,22.9,55.6,1.0,4.2,35.7,4.2,63.4,63.9,78.1,32.2,84.7,29.0
"A0820","Stanislaus","Turlock","https://www.californiahealthmaps.org?address=A0820","Both","Thyroid",314355,9.7,6.5,14.1,170335,12.2,7.6,19.0,"","","","",116575,"","","",12905,"","","",2,62871,2.6,16.1,22.9,55.6,1.0,4.2,35.7,4.2,63.4,63.9,78.1,32.2,84.7,29.0
"A0820","Stanislaus","Turlock","https://www.californiahealthmaps.org?address=A0820","Both","Liver",314355,11.8,8.4,16.3,170335,7.9,4.7,13.1,"","","","",116575,30.6,17.5,52.0,12905,"","","",2,62871,2.6,16.1,22.9,55.6,1.0,4.2,35.7,4.2,63.4,63.9,78.1,32.2,84.7,29.0
"A0820","Stanislaus","Turlock","https://www.californiahealthmaps.org?address=A0820","Both","Pancreas",314355,12.4,8.9,17.1,170335,12.8,8.8,18.9,"","","","",116575,"","","",12905,"","","",2,62871,2.6,16.1,22.9,55.6,1.0,4.2,35.7,4.2,63.4,63.9,78.1,32.2,84.7,29.0
