"Zone","Counties","Cities","URL","Sex","Cancer","PopTot","AAIR","LCI","UCI","White_PopTot","White_AAIR","White_LCI","White_UCI","Black_PopTot","Black_AAIR","Black_LCI","Black_UCI","Hispanic_PopTot","Hispanic_AAIR","Hispanic_LCI","Hispanic_UCI","Asian_PopTot","Asian_AAIR","Asian_LCI","Asian_UCI","QNSES","PopAll","PerRural","PerUninsured","PerForeignBorn","PerWhite","PerBlack","PerAsian","PerHispanic"
"A0899","San Mateo","Foster City, Redwood City","https://www.californiahealthmaps.org?address=A0899","Male","AllSite",147345,473.6,436.9,513.0,64940,519.3,469.3,574.7,"","","","",17380,387.3,261.7,562.0,54915,407.1,344.2,480.1,5,60810,0.0,5.9,38.0,44.1,2.0,38.7,10.0
"A0899","San Mateo","Foster City, Redwood City","https://www.californiahealthmaps.org?address=A0899","Female","AllSite",156705,474.9,442.5,509.6,67370,530.8,483.5,583.4,"","","","",18225,357.6,264.6,478.0,61215,429.7,374.9,492.8,5,60810,0.0,5.9,38.0,44.1,2.0,38.7,10.0
"A0899","San Mateo","Foster City, Redwood City","https://www.californiahealthmaps.org?address=A0899","Male","Prostate",147345,113.7,96.4,133.7,64940,99.9,79.5,125.9,"","","","",17380,"","","",54915,123.8,89.9,168.4,5,60810,0.0,5.9,38.0,44.1,2.0,38.7,10.0
"A0899","San Mateo","Foster City, Redwood City","https://www.californiahealthmaps.org?address=A0899","Female","Breast",156705,176.8,157.5,198.4,67370,196.1,168.1,229.5,"","","","",18225,99.0,55.7,170.7,61215,167.8,134.8,209.3,5,60810,0.0,5.9,38.0,44.1,2.0,38.7,10.0
"A0899","San Mateo","Foster City, Redwood City","https://www.californiahealthmaps.org?address=A0899","Male","Lung",147345,48.2,36.7,62.6,64940,46.4,32.1,66.8,"","","","",17380,"","","",54915,62.7,39.1,97.5,5,60810,0.0,5.9,38.0,44.1,2.0,38.7,10.0
"A0899","San Mateo","Foster City, Redwood City","https://www.californiahealthmaps.org?address=A0899","Female","Lung",156705,52.3,41.7,65.4,67370,65.2,49.8,86.5,"","","","",18225,"","","",61215,39.2,23.1,65.2,5,60810,0.0,5.9,38.0,44.1,2.0,38.7,10.0
"A0899","San Mateo","Foster City, Redwood City","https://www.californiahealthmaps.org?address=A0899","Male","CRC",147345,51.2,39.6,65.5,64940,59.8,43.9,81.8,"","","","",17380,"","","",54915,38.6,21.1,67.5,5,60810,0.0,5.9,38.0,44.1,2.0,38.7,10.0
"A0899","San Mateo","Foster City, Redwood City","https://www.californiahealthmaps.org?address=A0899","Female","CRC",156705,34.7,26.1,45.8,67370,36.4,24.1,55.0,"","","","",18225,"","","",61215,34.5,20.5,58.0,5,60810,0.0,5.9,38.0,44.1,2.0,38.7,10.0
"A0899","San Mateo","Foster City, Redwood City","https://www.californiahealthmaps.org?address=A0899","Male","Mela",147345,31.5,22.9,42.7,64940,48.5,34.4,68.6,"","","","",17380,"","","",54915,"","","",5,60810,0.0,5.9,38.0,44.1,2.0,38.7,10.0
"A0899","San Mateo","Foster City, Redwood City","https://www.californiahealthmaps.org?address=A0899","Female","Mela",156705,19.9,13.7,28.7,67370,34.4,23.2,51.9,"","","","",18225,"","","",61215,"","","",5,60810,0.0,5.9,38.0,44.1,2.0,38.7,10.0
"A0899","San Mateo","Foster City, Redwood City","https://www.californiahealthmaps.org?address=A0899","Female","Uterine",156705,23.5,17.0,32.6,67370,22.0,14.0,36.3,"","","","",18225,"","","",61215,"","","",5,60810,0.0,5.9,38.0,44.1,2.0,38.7,10.0
"A0899","San Mateo","Foster City, Redwood City","https://www.californiahealthmaps.org?address=A0899","Male","Lymph",147345,29.0,20.3,40.5,64940,37.6,24.9,56.7,"","","","",17380,"","","",54915,"","","",5,60810,0.0,5.9,38.0,44.1,2.0,38.7,10.0
"A0899","San Mateo","Foster City, Redwood City","https://www.californiahealthmaps.org?address=A0899","Female","Lymph",156705,17.4,11.7,25.6,67370,20.3,12.1,35.1,"","","","",18225,"","","",61215,"","","",5,60810,0.0,5.9,38.0,44.1,2.0,38.7,10.0
"A0899","San Mateo","Foster City, Redwood City","https://www.californiahealthmaps.org?address=A0899","Male","Urinary",147345,17.0,10.2,26.8,64940,"","","","","","","",17380,"","","",54915,"","","",5,60810,0.0,5.9,38.0,44.1,2.0,38.7,10.0
"A0899","San Mateo","Foster City, Redwood City","https://www.californiahealthmaps.org?address=A0899","Female","Urinary",156705,4.0,1.5,9.7,67370,"","","","","","","",18225,"","","",61215,"","","",5,60810,0.0,5.9,38.0,44.1,2.0,38.7,10.0
"A0899","San Mateo","Foster City, Redwood City","https://www.californiahealthmaps.org?address=A0899","Male","Kidney",147345,30.3,21.4,41.9,64940,37.6,24.9,56.6,"","","","",17380,"","","",54915,"","","",5,60810,0.0,5.9,38.0,44.1,2.0,38.7,10.0
"A0899","San Mateo","Foster City, Redwood City","https://www.californiahealthmaps.org?address=A0899","Female","Kidney",156705,9.1,5.2,15.9,67370,"","","","","","","",18225,"","","",61215,"","","",5,60810,0.0,5.9,38.0,44.1,2.0,38.7,10.0
"A0899","San Mateo","Foster City, Redwood City","https://www.californiahealthmaps.org?address=A0899","Male","Thyroid",147345,6.0,2.7,12.4,64940,"","","","","","","",17380,"","","",54915,"","","",5,60810,0.0,5.9,38.0,44.1,2.0,38.7,10.0
"A0899","San Mateo","Foster City, Redwood City","https://www.californiahealthmaps.org?address=A0899","Female","Thyroid",156705,24.6,17.5,34.3,67370,24.1,13.9,41.2,"","","","",18225,"","","",61215,26.1,15.1,46.5,5,60810,0.0,5.9,38.0,44.1,2.0,38.7,10.0
"A0899","San Mateo","Foster City, Redwood City","https://www.californiahealthmaps.org?address=A0899","Both","AllSite",304050,467.9,443.9,493.1,132310,516.5,482.7,552.9,"","","","",35605,362.3,287.1,454.2,116130,416.2,374.8,461.9,5,60810,0.0,5.9,38.0,44.1,2.0,38.7,10.0
"A0899","San Mateo","Foster City, Redwood City","https://www.californiahealthmaps.org?address=A0899","Both","Lung",304050,50.1,42.3,59.3,132310,56.5,45.7,70.0,"","","","",35605,"","","",116130,48.8,34.8,67.6,5,60810,0.0,5.9,38.0,44.1,2.0,38.7,10.0
"A0899","San Mateo","Foster City, Redwood City","https://www.californiahealthmaps.org?address=A0899","Both","CRC",304050,41.3,34.4,49.6,132310,46.2,36.4,58.9,"","","","",35605,"","","",116130,36.0,24.7,51.9,5,60810,0.0,5.9,38.0,44.1,2.0,38.7,10.0
"A0899","San Mateo","Foster City, Redwood City","https://www.californiahealthmaps.org?address=A0899","Both","Mela",304050,25.2,19.9,31.7,132310,40.7,31.7,52.6,"","","","",35605,"","","",116130,"","","",5,60810,0.0,5.9,38.0,44.1,2.0,38.7,10.0
"A0899","San Mateo","Foster City, Redwood City","https://www.californiahealthmaps.org?address=A0899","Both","Lymph",304050,22.1,17.2,28.4,132310,27.2,19.9,37.4,"","","","",35605,"","","",116130,"","","",5,60810,0.0,5.9,38.0,44.1,2.0,38.7,10.0
"A0899","San Mateo","Foster City, Redwood City","https://www.californiahealthmaps.org?address=A0899","Both","Urinary",304050,9.4,6.1,14.1,132310,11.3,6.7,19.0,"","","","",35605,"","","",116130,"","","",5,60810,0.0,5.9,38.0,44.1,2.0,38.7,10.0
"A0899","San Mateo","Foster City, Redwood City","https://www.californiahealthmaps.org?address=A0899","Both","Kidney",304050,18.3,13.8,24.2,132310,21.3,14.9,30.6,"","","","",35605,"","","",116130,"","","",5,60810,0.0,5.9,38.0,44.1,2.0,38.7,10.0
"A0899","San Mateo","Foster City, Redwood City","https://www.californiahealthmaps.org?address=A0899","Both","Thyroid",304050,15.5,11.4,20.8,132310,15.3,9.5,24.3,"","","","",35605,"","","",116130,17.5,10.5,29.1,5,60810,0.0,5.9,38.0,44.1,2.0,38.7,10.0
