"Zone","Counties","Cities","URL","Sex","Cancer","PopTot","AAIR","LCI","UCI","White_PopTot","White_AAIR","White_LCI","White_UCI","Black_PopTot","Black_AAIR","Black_LCI","Black_UCI","Hispanic_PopTot","Hispanic_AAIR","Hispanic_LCI","Hispanic_UCI","Asian_PopTot","Asian_AAIR","Asian_LCI","Asian_UCI","QNSES","PopAll","PerRural","PerUninsured","PerForeignBorn","PerWhite","PerBlack","PerAsian","PerHispanic"
"A0259","San Diego","San Diego","https://www.californiahealthmaps.org?address=A0259","Male","AllSite",173725,481.7,441.4,525.1,62485,564.0,497.1,649.5,14725,560.1,438.2,722.6,85695,412.2,347.5,487.6,"","","","",2,63337,0.0,30.5,28.0,35.1,8.0,3.6,50.8
"A0259","San Diego","San Diego","https://www.californiahealthmaps.org?address=A0259","Female","AllSite",142960,445.2,407.4,485.8,46955,553.3,483.5,641.9,"","","","",76425,353.6,301.0,413.5,"","","","",2,63337,0.0,30.5,28.0,35.1,8.0,3.6,50.8
"A0259","San Diego","San Diego","https://www.californiahealthmaps.org?address=A0259","Male","Prostate",173725,101.1,83.0,122.6,62485,101.1,76.1,148.9,14725,164.1,103.5,269.9,85695,95.6,63.5,140.0,"","","","",2,63337,0.0,30.5,28.0,35.1,8.0,3.6,50.8
"A0259","San Diego","San Diego","https://www.californiahealthmaps.org?address=A0259","Female","Breast",142960,120.5,101.5,142.5,46955,151.3,118.0,206.0,"","","","",76425,80.2,57.4,110.3,"","","","",2,63337,0.0,30.5,28.0,35.1,8.0,3.6,50.8
"A0259","San Diego","San Diego","https://www.californiahealthmaps.org?address=A0259","Male","Lung",173725,65.3,50.3,83.8,62485,79.9,56.3,127.2,14725,"","","",85695,40.4,21.5,71.8,"","","","",2,63337,0.0,30.5,28.0,35.1,8.0,3.6,50.8
"A0259","San Diego","San Diego","https://www.californiahealthmaps.org?address=A0259","Female","Lung",142960,34.3,23.8,48.0,46955,46.6,28.4,90.6,"","","","",76425,"","","","","","","",2,63337,0.0,30.5,28.0,35.1,8.0,3.6,50.8
"A0259","San Diego","San Diego","https://www.californiahealthmaps.org?address=A0259","Male","CRC",173725,55.4,42.3,71.8,62485,63.1,43.2,107.7,14725,"","","",85695,42.9,24.4,73.2,"","","","",2,63337,0.0,30.5,28.0,35.1,8.0,3.6,50.8
"A0259","San Diego","San Diego","https://www.californiahealthmaps.org?address=A0259","Female","CRC",142960,42.2,31.0,56.6,46955,56.8,36.5,102.1,"","","","",76425,"","","","","","","",2,63337,0.0,30.5,28.0,35.1,8.0,3.6,50.8
"A0259","San Diego","San Diego","https://www.californiahealthmaps.org?address=A0259","Male","Mela",173725,26.3,17.8,38.2,62485,44.7,28.4,87.1,14725,"","","",85695,"","","","","","","",2,63337,0.0,30.5,28.0,35.1,8.0,3.6,50.8
"A0259","San Diego","San Diego","https://www.californiahealthmaps.org?address=A0259","Female","Mela",142960,23.8,15.8,34.8,46955,49.0,30.8,92.8,"","","","",76425,"","","","","","","",2,63337,0.0,30.5,28.0,35.1,8.0,3.6,50.8
"A0259","San Diego","San Diego","https://www.californiahealthmaps.org?address=A0259","Female","Uterine",142960,37.7,27.4,50.9,46955,39.0,24.0,80.6,"","","","",76425,41.6,24.9,66.4,"","","","",2,63337,0.0,30.5,28.0,35.1,8.0,3.6,50.8
"A0259","San Diego","San Diego","https://www.californiahealthmaps.org?address=A0259","Male","Lymph",173725,26.6,17.8,38.8,62485,28.5,15.8,69.4,14725,"","","",85695,"","","","","","","",2,63337,0.0,30.5,28.0,35.1,8.0,3.6,50.8
"A0259","San Diego","San Diego","https://www.californiahealthmaps.org?address=A0259","Female","Lymph",142960,18.7,11.4,29.3,46955,"","","","","","","",76425,"","","","","","","",2,63337,0.0,30.5,28.0,35.1,8.0,3.6,50.8
"A0259","San Diego","San Diego","https://www.californiahealthmaps.org?address=A0259","Male","Urinary",173725,12.5,6.4,22.5,62485,"","","",14725,"","","",85695,"","","","","","","",2,63337,0.0,30.5,28.0,35.1,8.0,3.6,50.8
"A0259","San Diego","San Diego","https://www.californiahealthmaps.org?address=A0259","Female","Urinary",142960,3.6,1.0,10.0,46955,"","","","","","","",76425,"","","","","","","",2,63337,0.0,30.5,28.0,35.1,8.0,3.6,50.8
"A0259","San Diego","San Diego","https://www.californiahealthmaps.org?address=A0259","Male","Kidney",173725,18.5,11.9,28.5,62485,"","","",14725,"","","",85695,"","","","","","","",2,63337,0.0,30.5,28.0,35.1,8.0,3.6,50.8
"A0259","San Diego","San Diego","https://www.californiahealthmaps.org?address=A0259","Female","Kidney",142960,19.0,11.9,29.2,46955,"","","","","","","",76425,"","","","","","","",2,63337,0.0,30.5,28.0,35.1,8.0,3.6,50.8
"A0259","San Diego","San Diego","https://www.californiahealthmaps.org?address=A0259","Male","Thyroid",173725,5.1,2.4,11.3,62485,"","","",14725,"","","",85695,"","","","","","","",2,63337,0.0,30.5,28.0,35.1,8.0,3.6,50.8
"A0259","San Diego","San Diego","https://www.californiahealthmaps.org?address=A0259","Female","Thyroid",142960,18.0,11.4,27.8,46955,"","","","","","","",76425,"","","","","","","",2,63337,0.0,30.5,28.0,35.1,8.0,3.6,50.8
"A0259","San Diego","San Diego","https://www.californiahealthmaps.org?address=A0259","Both","AllSite",316685,457.5,430.2,486.3,109440,549.9,502.2,606.5,24125,531.7,440.1,644.9,162120,374.8,334.0,420.0,11580,346.5,242.6,539.9,2,63337,0.0,30.5,28.0,35.1,8.0,3.6,50.8
"A0259","San Diego","San Diego","https://www.californiahealthmaps.org?address=A0259","Both","Lung",316685,49.6,40.4,60.5,109440,64.3,48.8,90.8,24125,83.4,45.9,147.9,162120,31.1,19.7,47.3,11580,"","","",2,63337,0.0,30.5,28.0,35.1,8.0,3.6,50.8
"A0259","San Diego","San Diego","https://www.californiahealthmaps.org?address=A0259","Both","CRC",316685,48.8,40.1,59.0,109440,59.8,45.4,85.4,24125,67.8,37.3,124.5,162120,33.3,22.2,49.0,11580,"","","",2,63337,0.0,30.5,28.0,35.1,8.0,3.6,50.8
"A0259","San Diego","San Diego","https://www.californiahealthmaps.org?address=A0259","Both","Mela",316685,24.2,18.4,31.5,109440,44.3,32.5,67.8,24125,"","","",162120,"","","",11580,"","","",2,63337,0.0,30.5,28.0,35.1,8.0,3.6,50.8
"A0259","San Diego","San Diego","https://www.californiahealthmaps.org?address=A0259","Both","Lymph",316685,22.9,17.0,30.4,109440,26.2,15.8,49.4,24125,"","","",162120,23.6,13.8,38.3,11580,"","","",2,63337,0.0,30.5,28.0,35.1,8.0,3.6,50.8
"A0259","San Diego","San Diego","https://www.californiahealthmaps.org?address=A0259","Both","Urinary",316685,7.8,4.5,12.8,109440,"","","",24125,"","","",162120,"","","",11580,"","","",2,63337,0.0,30.5,28.0,35.1,8.0,3.6,50.8
"A0259","San Diego","San Diego","https://www.californiahealthmaps.org?address=A0259","Both","Kidney",316685,18.8,13.8,25.3,109440,13.1,7.3,33.2,24125,"","","",162120,25.8,16.0,40.4,11580,"","","",2,63337,0.0,30.5,28.0,35.1,8.0,3.6,50.8
"A0259","San Diego","San Diego","https://www.californiahealthmaps.org?address=A0259","Both","Thyroid",316685,10.9,7.5,15.9,109440,14.3,8.3,34.3,24125,"","","",162120,"","","",11580,"","","",2,63337,0.0,30.5,28.0,35.1,8.0,3.6,50.8
