"Zone","Counties","Cities","URL","Sex","Cancer","PopTot","AAIR","LCI","UCI","White_PopTot","White_AAIR","White_LCI","White_UCI","Black_PopTot","Black_AAIR","Black_LCI","Black_UCI","Hispanic_PopTot","Hispanic_AAIR","Hispanic_LCI","Hispanic_UCI","Asian_PopTot","Asian_AAIR","Asian_LCI","Asian_UCI","QNSES","PopAll","PerRural","PerUninsured","PerForeignBorn","PerWhite","PerBlack","PerAsian","PerHispanic","PerAPI","PerDocvisit","PerFOBT","PerMammo","PerMenPrev","PerPap","PerWomenPrev"
"A0781","Orange","Irvine, Laguna Beach","https://www.californiahealthmaps.org?address=A0781","Male","AllSite",147535,500.7,471.1,532.5,104960,490.7,457.7,527.3,"","","","",15555,415.8,295.7,576.4,20305,593.4,487.4,719.4,5,63111,0.5,8.4,23.4,71.9,0.9,14.2,10.7,14.2,"","","","","",""
"A0781","Orange","Irvine, Laguna Beach","https://www.californiahealthmaps.org?address=A0781","Female","AllSite",168020,456.8,429.8,486.1,119800,467.2,434.8,503.3,"","","","",17085,417.0,323.8,530.1,24380,389.9,320.4,477.0,5,63111,0.5,8.4,23.4,71.9,0.9,14.2,10.7,14.2,"","","","","",""
"A0781","Orange","Irvine, Laguna Beach","https://www.californiahealthmaps.org?address=A0781","Male","Prostate",147535,117.1,103.3,133.2,104960,119.0,103.5,138.3,"","","","",15555,"","","",20305,80.4,45.9,136.5,5,63111,0.5,8.4,23.4,71.9,0.9,14.2,10.7,14.2,"","","","","",""
"A0781","Orange","Irvine, Laguna Beach","https://www.californiahealthmaps.org?address=A0781","Female","Breast",168020,152.6,137.4,170.3,119800,154.3,136.6,175.6,"","","","",17085,139.5,88.1,211.8,24380,112.1,77.6,165.7,5,63111,0.5,8.4,23.4,71.9,0.9,14.2,10.7,14.2,"","","","","",""
"A0781","Orange","Irvine, Laguna Beach","https://www.californiahealthmaps.org?address=A0781","Male","Lung",147535,46.2,38.0,56.8,104960,41.0,32.6,53.5,"","","","",15555,"","","",20305,100.0,58.5,163.8,5,63111,0.5,8.4,23.4,71.9,0.9,14.2,10.7,14.2,"","","","","",""
"A0781","Orange","Irvine, Laguna Beach","https://www.californiahealthmaps.org?address=A0781","Female","Lung",168020,36.6,30.0,45.6,119800,35.1,27.9,46.5,"","","","",17085,"","","",24380,43.5,24.1,84.1,5,63111,0.5,8.4,23.4,71.9,0.9,14.2,10.7,14.2,"","","","","",""
"A0781","Orange","Irvine, Laguna Beach","https://www.californiahealthmaps.org?address=A0781","Male","CRC",147535,35.8,28.4,45.8,104960,35.9,27.7,48.3,"","","","",15555,"","","",20305,"","","",5,63111,0.5,8.4,23.4,71.9,0.9,14.2,10.7,14.2,"","","","","",""
"A0781","Orange","Irvine, Laguna Beach","https://www.californiahealthmaps.org?address=A0781","Female","CRC",168020,34.5,27.3,44.4,119800,33.8,25.0,47.1,"","","","",17085,"","","",24380,"","","",5,63111,0.5,8.4,23.4,71.9,0.9,14.2,10.7,14.2,"","","","","",""
"A0781","Orange","Irvine, Laguna Beach","https://www.californiahealthmaps.org?address=A0781","Male","Mela",147535,47.8,39.1,59.0,104960,51.0,40.9,65.2,"","","","",15555,"","","",20305,"","","",5,63111,0.5,8.4,23.4,71.9,0.9,14.2,10.7,14.2,"","","","","",""
"A0781","Orange","Irvine, Laguna Beach","https://www.californiahealthmaps.org?address=A0781","Female","Mela",168020,32.3,25.1,42.2,119800,37.4,28.3,50.9,"","","","",17085,"","","",24380,"","","",5,63111,0.5,8.4,23.4,71.9,0.9,14.2,10.7,14.2,"","","","","",""
"A0781","Orange","Irvine, Laguna Beach","https://www.californiahealthmaps.org?address=A0781","Female","Uterine",168020,28.1,22.2,36.6,119800,29.3,22.6,40.4,"","","","",17085,"","","",24380,"","","",5,63111,0.5,8.4,23.4,71.9,0.9,14.2,10.7,14.2,"","","","","",""
"A0781","Orange","Irvine, Laguna Beach","https://www.californiahealthmaps.org?address=A0781","Male","Lymph",147535,32.3,25.1,42.0,104960,33.4,25.0,46.1,"","","","",15555,"","","",20305,"","","",5,63111,0.5,8.4,23.4,71.9,0.9,14.2,10.7,14.2,"","","","","",""
"A0781","Orange","Irvine, Laguna Beach","https://www.californiahealthmaps.org?address=A0781","Female","Lymph",168020,16.6,12.2,23.7,119800,16.7,11.6,26.5,"","","","",17085,"","","",24380,"","","",5,63111,0.5,8.4,23.4,71.9,0.9,14.2,10.7,14.2,"","","","","",""
"A0781","Orange","Irvine, Laguna Beach","https://www.californiahealthmaps.org?address=A0781","Male","Urinary",147535,20.8,15.3,29.1,104960,22.1,15.6,33.2,"","","","",15555,"","","",20305,"","","",5,63111,0.5,8.4,23.4,71.9,0.9,14.2,10.7,14.2,"","","","","",""
"A0781","Orange","Irvine, Laguna Beach","https://www.californiahealthmaps.org?address=A0781","Female","Urinary",168020,3.2,1.7,8.1,119800,"","","","","","","",17085,"","","",24380,"","","",5,63111,0.5,8.4,23.4,71.9,0.9,14.2,10.7,14.2,"","","","","",""
"A0781","Orange","Irvine, Laguna Beach","https://www.californiahealthmaps.org?address=A0781","Male","Kidney",147535,22.4,16.2,31.5,104960,19.5,13.1,30.5,"","","","",15555,"","","",20305,"","","",5,63111,0.5,8.4,23.4,71.9,0.9,14.2,10.7,14.2,"","","","","",""
"A0781","Orange","Irvine, Laguna Beach","https://www.californiahealthmaps.org?address=A0781","Female","Kidney",168020,7.2,4.3,13.2,119800,7.3,3.9,16.1,"","","","",17085,"","","",24380,"","","",5,63111,0.5,8.4,23.4,71.9,0.9,14.2,10.7,14.2,"","","","","",""
"A0781","Orange","Irvine, Laguna Beach","https://www.californiahealthmaps.org?address=A0781","Male","Thyroid",147535,"","","",104960,"","","","","","","",15555,"","","",20305,"","","",5,63111,0.5,8.4,23.4,71.9,0.9,14.2,10.7,14.2,"","","","","",""
"A0781","Orange","Irvine, Laguna Beach","https://www.californiahealthmaps.org?address=A0781","Female","Thyroid",168020,27.8,20.0,38.5,119800,26.4,17.2,40.7,"","","","",17085,"","","",24380,"","","",5,63111,0.5,8.4,23.4,71.9,0.9,14.2,10.7,14.2,"","","","","",""
"A0781","Orange","Irvine, Laguna Beach","https://www.californiahealthmaps.org?address=A0781","Male","Liver",147535,10.6,6.9,17.1,104960,7.8,4.5,16.3,"","","","",15555,"","","",20305,"","","",5,63111,0.5,8.4,23.4,71.9,0.9,14.2,10.7,14.2,"","","","","",""
"A0781","Orange","Irvine, Laguna Beach","https://www.californiahealthmaps.org?address=A0781","Female","Liver",168020,"","","",119800,"","","","","","","",17085,"","","",24380,"","","",5,63111,0.5,8.4,23.4,71.9,0.9,14.2,10.7,14.2,"","","","","",""
"A0781","Orange","Irvine, Laguna Beach","https://www.californiahealthmaps.org?address=A0781","Male","Pancreas",147535,18.1,13.1,25.9,104960,16.6,11.3,26.5,"","","","",15555,"","","",20305,"","","",5,63111,0.5,8.4,23.4,71.9,0.9,14.2,10.7,14.2,"","","","","",""
"A0781","Orange","Irvine, Laguna Beach","https://www.californiahealthmaps.org?address=A0781","Female","Pancreas",168020,9.8,6.7,15.8,119800,10.8,7.1,19.4,"","","","",17085,"","","",24380,"","","",5,63111,0.5,8.4,23.4,71.9,0.9,14.2,10.7,14.2,"","","","","",""
"A0781","Orange","Irvine, Laguna Beach","https://www.californiahealthmaps.org?address=A0781","Both","AllSite",315555,468.8,449.1,489.6,224760,468.9,446.1,493.4,"","","","",32640,403.5,331.2,488.5,44685,476.4,415.7,545.9,5,63111,0.5,8.4,23.4,71.9,0.9,14.2,10.7,14.2,"","","","","",""
"A0781","Orange","Irvine, Laguna Beach","https://www.californiahealthmaps.org?address=A0781","Both","Lung",315555,40.0,34.9,46.3,224760,36.8,31.3,44.1,"","","","",32640,"","","",44685,66.0,45.0,96.7,5,63111,0.5,8.4,23.4,71.9,0.9,14.2,10.7,14.2,"","","","","",""
"A0781","Orange","Irvine, Laguna Beach","https://www.californiahealthmaps.org?address=A0781","Both","CRC",315555,34.8,29.6,41.2,224760,34.3,28.3,42.4,"","","","",32640,"","","",44685,49.5,30.9,78.2,5,63111,0.5,8.4,23.4,71.9,0.9,14.2,10.7,14.2,"","","","","",""
"A0781","Orange","Irvine, Laguna Beach","https://www.californiahealthmaps.org?address=A0781","Both","Mela",315555,37.8,32.3,44.5,224760,41.6,34.9,50.2,"","","","",32640,"","","",44685,"","","",5,63111,0.5,8.4,23.4,71.9,0.9,14.2,10.7,14.2,"","","","","",""
"A0781","Orange","Irvine, Laguna Beach","https://www.californiahealthmaps.org?address=A0781","Both","Lymph",315555,23.3,19.3,28.7,224760,24.0,19.2,30.9,"","","","",32640,"","","",44685,"","","",5,63111,0.5,8.4,23.4,71.9,0.9,14.2,10.7,14.2,"","","","","",""
"A0781","Orange","Irvine, Laguna Beach","https://www.californiahealthmaps.org?address=A0781","Both","Urinary",315555,10.6,8.0,14.6,224760,11.3,8.2,16.7,"","","","",32640,"","","",44685,"","","",5,63111,0.5,8.4,23.4,71.9,0.9,14.2,10.7,14.2,"","","","","",""
"A0781","Orange","Irvine, Laguna Beach","https://www.californiahealthmaps.org?address=A0781","Both","Kidney",315555,14.0,10.6,18.6,224760,12.5,9.0,18.2,"","","","",32640,"","","",44685,"","","",5,63111,0.5,8.4,23.4,71.9,0.9,14.2,10.7,14.2,"","","","","",""
"A0781","Orange","Irvine, Laguna Beach","https://www.californiahealthmaps.org?address=A0781","Both","Thyroid",315555,17.6,13.2,23.4,224760,15.2,10.4,22.5,"","","","",32640,"","","",44685,"","","",5,63111,0.5,8.4,23.4,71.9,0.9,14.2,10.7,14.2,"","","","","",""
"A0781","Orange","Irvine, Laguna Beach","https://www.californiahealthmaps.org?address=A0781","Both","Liver",315555,6.8,4.8,10.2,224760,5.2,3.3,9.7,"","","","",32640,"","","",44685,"","","",5,63111,0.5,8.4,23.4,71.9,0.9,14.2,10.7,14.2,"","","","","",""
"A0781","Orange","Irvine, Laguna Beach","https://www.californiahealthmaps.org?address=A0781","Both","Pancreas",315555,13.4,10.5,17.5,224760,13.3,10.1,18.6,"","","","",32640,"","","",44685,"","","",5,63111,0.5,8.4,23.4,71.9,0.9,14.2,10.7,14.2,"","","","","",""
