"Zone","Counties","Cities","URL","Sex","Cancer","PopTot","AAIR","LCI","UCI","White_PopTot","White_AAIR","White_LCI","White_UCI","Black_PopTot","Black_AAIR","Black_LCI","Black_UCI","Hispanic_PopTot","Hispanic_AAIR","Hispanic_LCI","Hispanic_UCI","Asian_PopTot","Asian_AAIR","Asian_LCI","Asian_UCI","QNSES","PopAll","PerRural","PerUninsured","PerForeignBorn","PerWhite","PerBlack","PerAsian","PerHispanic","PerAPI","PerDocvisit","PerFOBT","PerMammo","PerMenPrev","PerPap","PerWomenPrev"
"A0485","Solano","Fairfield, Benicia","https://www.californiahealthmaps.org?address=A0485","Male","AllSite",165735,500.0,467.2,534.8,83865,500.9,460.0,545.9,17450,553.5,445.4,692.9,28435,508.4,396.1,646.9,25595,478.2,387.9,587.6,4,67634,12.6,7.0,16.5,49.2,10.2,18.4,16.7,18.4,"","","","","",""
"A0485","Solano","Fairfield, Benicia","https://www.californiahealthmaps.org?address=A0485","Female","AllSite",172435,464.0,434.1,495.6,84795,479.1,438.9,523.3,18335,572.7,459.3,714.1,29550,407.5,326.3,505.1,29295,427.5,358.7,507.8,4,67634,12.6,7.0,16.5,49.2,10.2,18.4,16.7,18.4,"","","","","",""
"A0485","Solano","Fairfield, Benicia","https://www.californiahealthmaps.org?address=A0485","Male","Prostate",165735,132.5,116.5,150.5,83865,113.8,95.8,135.7,17450,261.2,192.5,362.2,28435,136.7,81.7,219.7,25595,107.7,70.4,164.7,4,67634,12.6,7.0,16.5,49.2,10.2,18.4,16.7,18.4,"","","","","",""
"A0485","Solano","Fairfield, Benicia","https://www.californiahealthmaps.org?address=A0485","Female","Breast",172435,148.2,131.7,166.4,84795,133.6,113.2,158.0,18335,214.0,149.6,307.5,29550,161.9,113.4,227.1,29295,165.5,123.8,219.2,4,67634,12.6,7.0,16.5,49.2,10.2,18.4,16.7,18.4,"","","","","",""
"A0485","Solano","Fairfield, Benicia","https://www.californiahealthmaps.org?address=A0485","Male","Lung",165735,64.9,52.9,78.9,83865,66.1,51.6,84.9,17450,"","","",28435,"","","",25595,69.4,38.2,122.0,4,67634,12.6,7.0,16.5,49.2,10.2,18.4,16.7,18.4,"","","","","",""
"A0485","Solano","Fairfield, Benicia","https://www.californiahealthmaps.org?address=A0485","Female","Lung",172435,48.0,38.7,59.1,84795,55.6,42.9,72.6,18335,"","","",29550,"","","",29295,"","","",4,67634,12.6,7.0,16.5,49.2,10.2,18.4,16.7,18.4,"","","","","",""
"A0485","Solano","Fairfield, Benicia","https://www.californiahealthmaps.org?address=A0485","Male","CRC",165735,39.7,31.0,50.4,83865,35.7,25.2,50.7,17450,"","","",28435,"","","",25595,66.9,35.9,119.7,4,67634,12.6,7.0,16.5,49.2,10.2,18.4,16.7,18.4,"","","","","",""
"A0485","Solano","Fairfield, Benicia","https://www.californiahealthmaps.org?address=A0485","Female","CRC",172435,31.8,24.3,41.1,84795,33.2,23.7,47.2,18335,"","","",29550,"","","",29295,"","","",4,67634,12.6,7.0,16.5,49.2,10.2,18.4,16.7,18.4,"","","","","",""
"A0485","Solano","Fairfield, Benicia","https://www.californiahealthmaps.org?address=A0485","Male","Mela",165735,42.0,32.8,53.2,83865,59.3,45.4,77.8,17450,"","","",28435,"","","",25595,"","","",4,67634,12.6,7.0,16.5,49.2,10.2,18.4,16.7,18.4,"","","","","",""
"A0485","Solano","Fairfield, Benicia","https://www.californiahealthmaps.org?address=A0485","Female","Mela",172435,24.9,18.3,33.5,84795,35.0,24.4,50.3,18335,"","","",29550,"","","",29295,"","","",4,67634,12.6,7.0,16.5,49.2,10.2,18.4,16.7,18.4,"","","","","",""
"A0485","Solano","Fairfield, Benicia","https://www.californiahealthmaps.org?address=A0485","Female","Uterine",172435,32.1,24.7,41.4,84795,25.7,17.2,38.7,18335,"","","",29550,"","","",29295,"","","",4,67634,12.6,7.0,16.5,49.2,10.2,18.4,16.7,18.4,"","","","","",""
"A0485","Solano","Fairfield, Benicia","https://www.californiahealthmaps.org?address=A0485","Male","Lymph",165735,23.4,16.9,32.0,83865,22.8,14.7,35.6,17450,"","","",28435,"","","",25595,"","","",4,67634,12.6,7.0,16.5,49.2,10.2,18.4,16.7,18.4,"","","","","",""
"A0485","Solano","Fairfield, Benicia","https://www.californiahealthmaps.org?address=A0485","Female","Lymph",172435,24.3,17.8,32.7,84795,29.5,20.4,43.1,18335,"","","",29550,"","","",29295,"","","",4,67634,12.6,7.0,16.5,49.2,10.2,18.4,16.7,18.4,"","","","","",""
"A0485","Solano","Fairfield, Benicia","https://www.californiahealthmaps.org?address=A0485","Male","Urinary",165735,20.4,14.0,28.9,83865,19.8,12.5,31.7,17450,"","","",28435,"","","",25595,"","","",4,67634,12.6,7.0,16.5,49.2,10.2,18.4,16.7,18.4,"","","","","",""
"A0485","Solano","Fairfield, Benicia","https://www.californiahealthmaps.org?address=A0485","Female","Urinary",172435,"","","",84795,"","","",18335,"","","",29550,"","","",29295,"","","",4,67634,12.6,7.0,16.5,49.2,10.2,18.4,16.7,18.4,"","","","","",""
"A0485","Solano","Fairfield, Benicia","https://www.californiahealthmaps.org?address=A0485","Male","Kidney",165735,26.7,19.6,35.8,83865,22.0,14.0,34.6,17450,"","","",28435,"","","",25595,"","","",4,67634,12.6,7.0,16.5,49.2,10.2,18.4,16.7,18.4,"","","","","",""
"A0485","Solano","Fairfield, Benicia","https://www.californiahealthmaps.org?address=A0485","Female","Kidney",172435,13.0,8.3,19.9,84795,13.8,7.5,25.1,18335,"","","",29550,"","","",29295,"","","",4,67634,12.6,7.0,16.5,49.2,10.2,18.4,16.7,18.4,"","","","","",""
"A0485","Solano","Fairfield, Benicia","https://www.californiahealthmaps.org?address=A0485","Male","Thyroid",165735,"","","",83865,"","","",17450,"","","",28435,"","","",25595,"","","",4,67634,12.6,7.0,16.5,49.2,10.2,18.4,16.7,18.4,"","","","","",""
"A0485","Solano","Fairfield, Benicia","https://www.californiahealthmaps.org?address=A0485","Female","Thyroid",172435,13.2,8.5,19.9,84795,15.2,8.6,26.8,18335,"","","",29550,"","","",29295,"","","",4,67634,12.6,7.0,16.5,49.2,10.2,18.4,16.7,18.4,"","","","","",""
"A0485","Solano","Fairfield, Benicia","https://www.californiahealthmaps.org?address=A0485","Male","Liver",165735,13.3,8.8,19.9,83865,11.4,6.3,21.4,17450,"","","",28435,"","","",25595,"","","",4,67634,12.6,7.0,16.5,49.2,10.2,18.4,16.7,18.4,"","","","","",""
"A0485","Solano","Fairfield, Benicia","https://www.californiahealthmaps.org?address=A0485","Female","Liver",172435,"","","",84795,"","","",18335,"","","",29550,"","","",29295,"","","",4,67634,12.6,7.0,16.5,49.2,10.2,18.4,16.7,18.4,"","","","","",""
"A0485","Solano","Fairfield, Benicia","https://www.californiahealthmaps.org?address=A0485","Male","Pancreas",165735,10.4,6.1,17.0,83865,"","","",17450,"","","",28435,"","","",25595,"","","",4,67634,12.6,7.0,16.5,49.2,10.2,18.4,16.7,18.4,"","","","","",""
"A0485","Solano","Fairfield, Benicia","https://www.californiahealthmaps.org?address=A0485","Female","Pancreas",172435,10.2,6.3,16.0,84795,"","","",18335,"","","",29550,"","","",29295,"","","",4,67634,12.6,7.0,16.5,49.2,10.2,18.4,16.7,18.4,"","","","","",""
"A0485","Solano","Fairfield, Benicia","https://www.californiahealthmaps.org?address=A0485","Both","AllSite",338170,480.6,458.5,503.7,168660,488.9,460.1,519.6,35785,568.0,487.4,662.9,57985,441.9,375.6,518.1,54890,444.5,389.7,506.3,4,67634,12.6,7.0,16.5,49.2,10.2,18.4,16.7,18.4,"","","","","",""
"A0485","Solano","Fairfield, Benicia","https://www.californiahealthmaps.org?address=A0485","Both","Lung",338170,55.1,47.7,63.5,168660,60.0,50.3,71.7,35785,64.0,36.6,109.2,57985,"","","",54890,53.2,35.2,79.0,4,67634,12.6,7.0,16.5,49.2,10.2,18.4,16.7,18.4,"","","","","",""
"A0485","Solano","Fairfield, Benicia","https://www.californiahealthmaps.org?address=A0485","Both","CRC",338170,35.6,29.8,42.4,168660,34.3,27.0,43.6,35785,"","","",57985,38.0,21.0,65.7,54890,46.0,29.6,70.2,4,67634,12.6,7.0,16.5,49.2,10.2,18.4,16.7,18.4,"","","","","",""
"A0485","Solano","Fairfield, Benicia","https://www.californiahealthmaps.org?address=A0485","Both","Mela",338170,33.0,27.3,39.6,168660,47.1,38.1,58.2,35785,"","","",57985,"","","",54890,"","","",4,67634,12.6,7.0,16.5,49.2,10.2,18.4,16.7,18.4,"","","","","",""
"A0485","Solano","Fairfield, Benicia","https://www.californiahealthmaps.org?address=A0485","Both","Lymph",338170,24.2,19.4,29.9,168660,26.6,20.2,35.1,35785,"","","",57985,"","","",54890,"","","",4,67634,12.6,7.0,16.5,49.2,10.2,18.4,16.7,18.4,"","","","","",""
"A0485","Solano","Fairfield, Benicia","https://www.californiahealthmaps.org?address=A0485","Both","Urinary",338170,12.6,9.2,17.0,168660,13.6,9.4,20.1,35785,"","","",57985,"","","",54890,"","","",4,67634,12.6,7.0,16.5,49.2,10.2,18.4,16.7,18.4,"","","","","",""
"A0485","Solano","Fairfield, Benicia","https://www.californiahealthmaps.org?address=A0485","Both","Kidney",338170,19.6,15.2,24.8,168660,18.1,12.8,25.7,35785,"","","",57985,"","","",54890,"","","",4,67634,12.6,7.0,16.5,49.2,10.2,18.4,16.7,18.4,"","","","","",""
"A0485","Solano","Fairfield, Benicia","https://www.californiahealthmaps.org?address=A0485","Both","Thyroid",338170,9.0,6.2,12.8,168660,9.9,6.1,16.1,35785,"","","",57985,"","","",54890,"","","",4,67634,12.6,7.0,16.5,49.2,10.2,18.4,16.7,18.4,"","","","","",""
"A0485","Solano","Fairfield, Benicia","https://www.californiahealthmaps.org?address=A0485","Both","Liver",338170,9.2,6.5,12.9,168660,7.2,4.3,12.5,35785,"","","",57985,"","","",54890,"","","",4,67634,12.6,7.0,16.5,49.2,10.2,18.4,16.7,18.4,"","","","","",""
"A0485","Solano","Fairfield, Benicia","https://www.californiahealthmaps.org?address=A0485","Both","Pancreas",338170,10.4,7.4,14.5,168660,10.3,6.7,16.3,35785,"","","",57985,"","","",54890,"","","",4,67634,12.6,7.0,16.5,49.2,10.2,18.4,16.7,18.4,"","","","","",""
