"Zone","Counties","Cities","URL","Sex","Cancer","PopTot","AAIR","LCI","UCI","White_PopTot","White_AAIR","White_LCI","White_UCI","Black_PopTot","Black_AAIR","Black_LCI","Black_UCI","Hispanic_PopTot","Hispanic_AAIR","Hispanic_LCI","Hispanic_UCI","Asian_PopTot","Asian_AAIR","Asian_LCI","Asian_UCI","QNSES","PopAll","PerRural","PerUninsured","PerForeignBorn","PerWhite","PerBlack","PerAsian","PerHispanic","PerAPI","PerDocvisit","PerFOBT","PerMammo","PerMenPrev","PerPap","PerWomenPrev"
"A0011","San Diego","Escondido, San Marcos, Encinitas","https://www.californiahealthmaps.org?address=A0011","Male","AllSite",161375,507.5,472.1,545.1,100370,523.0,482.8,566.1,"","","","",37950,416.3,311.6,554.6,12740,387.5,262.7,563.2,4,66911,3.1,12.9,16.0,65.2,2.2,6.7,22.8,6.7,63.7,65.9,80.0,26.7,85.9,30.0
"A0011","San Diego","Escondido, San Marcos, Encinitas","https://www.californiahealthmaps.org?address=A0011","Female","AllSite",173180,436.9,407.5,468.0,108355,434.6,400.5,471.5,"","","","",40520,423.7,342.5,522.7,15000,399.2,297.9,532.8,4,66911,3.1,12.9,16.0,65.2,2.2,6.7,22.8,6.7,63.7,65.9,80.0,26.7,85.9,30.0
"A0011","San Diego","Escondido, San Marcos, Encinitas","https://www.californiahealthmaps.org?address=A0011","Male","Prostate",161375,117.6,101.1,136.4,100370,119.3,100.9,140.7,"","","","",37950,111.3,61.2,198.5,12740,"","","",4,66911,3.1,12.9,16.0,65.2,2.2,6.7,22.8,6.7,63.7,65.9,80.0,26.7,85.9,30.0
"A0011","San Diego","Escondido, San Marcos, Encinitas","https://www.californiahealthmaps.org?address=A0011","Female","Breast",173180,157.2,139.6,176.5,108355,154.6,134.4,177.7,"","","","",40520,147.7,102.9,210.7,15000,170.1,109.2,264.3,4,66911,3.1,12.9,16.0,65.2,2.2,6.7,22.8,6.7,63.7,65.9,80.0,26.7,85.9,30.0
"A0011","San Diego","Escondido, San Marcos, Encinitas","https://www.californiahealthmaps.org?address=A0011","Male","Lung",161375,53.9,42.4,67.8,100370,53.4,40.9,69.0,"","","","",37950,"","","",12740,"","","",4,66911,3.1,12.9,16.0,65.2,2.2,6.7,22.8,6.7,63.7,65.9,80.0,26.7,85.9,30.0
"A0011","San Diego","Escondido, San Marcos, Encinitas","https://www.californiahealthmaps.org?address=A0011","Female","Lung",173180,43.4,34.6,53.9,108355,49.7,39.2,63.1,"","","","",40520,"","","",15000,"","","",4,66911,3.1,12.9,16.0,65.2,2.2,6.7,22.8,6.7,63.7,65.9,80.0,26.7,85.9,30.0
"A0011","San Diego","Escondido, San Marcos, Encinitas","https://www.californiahealthmaps.org?address=A0011","Male","CRC",161375,39.6,30.1,51.5,100370,37.3,27.0,50.9,"","","","",37950,"","","",12740,"","","",4,66911,3.1,12.9,16.0,65.2,2.2,6.7,22.8,6.7,63.7,65.9,80.0,26.7,85.9,30.0
"A0011","San Diego","Escondido, San Marcos, Encinitas","https://www.californiahealthmaps.org?address=A0011","Female","CRC",173180,27.1,20.3,35.8,108355,28.4,20.6,39.2,"","","","",40520,"","","",15000,"","","",4,66911,3.1,12.9,16.0,65.2,2.2,6.7,22.8,6.7,63.7,65.9,80.0,26.7,85.9,30.0
"A0011","San Diego","Escondido, San Marcos, Encinitas","https://www.californiahealthmaps.org?address=A0011","Male","Mela",161375,54.8,43.7,68.1,100370,64.4,51.0,80.9,"","","","",37950,"","","",12740,"","","",4,66911,3.1,12.9,16.0,65.2,2.2,6.7,22.8,6.7,63.7,65.9,80.0,26.7,85.9,30.0
"A0011","San Diego","Escondido, San Marcos, Encinitas","https://www.californiahealthmaps.org?address=A0011","Female","Mela",173180,21.3,15.1,29.3,108355,20.6,13.3,31.2,"","","","",40520,"","","",15000,"","","",4,66911,3.1,12.9,16.0,65.2,2.2,6.7,22.8,6.7,63.7,65.9,80.0,26.7,85.9,30.0
"A0011","San Diego","Escondido, San Marcos, Encinitas","https://www.californiahealthmaps.org?address=A0011","Female","Uterine",173180,32.8,25.2,42.3,108355,26.8,19.1,37.5,"","","","",40520,"","","",15000,"","","",4,66911,3.1,12.9,16.0,65.2,2.2,6.7,22.8,6.7,63.7,65.9,80.0,26.7,85.9,30.0
"A0011","San Diego","Escondido, San Marcos, Encinitas","https://www.californiahealthmaps.org?address=A0011","Male","Lymph",161375,27.6,19.6,38.0,100370,27.9,19.1,40.0,"","","","",37950,"","","",12740,"","","",4,66911,3.1,12.9,16.0,65.2,2.2,6.7,22.8,6.7,63.7,65.9,80.0,26.7,85.9,30.0
"A0011","San Diego","Escondido, San Marcos, Encinitas","https://www.californiahealthmaps.org?address=A0011","Female","Lymph",173180,19.5,13.8,27.0,108355,21.0,14.1,31.0,"","","","",40520,"","","",15000,"","","",4,66911,3.1,12.9,16.0,65.2,2.2,6.7,22.8,6.7,63.7,65.9,80.0,26.7,85.9,30.0
"A0011","San Diego","Escondido, San Marcos, Encinitas","https://www.californiahealthmaps.org?address=A0011","Male","Urinary",161375,19.7,13.2,28.6,100370,20.7,13.4,31.2,"","","","",37950,"","","",12740,"","","",4,66911,3.1,12.9,16.0,65.2,2.2,6.7,22.8,6.7,63.7,65.9,80.0,26.7,85.9,30.0
"A0011","San Diego","Escondido, San Marcos, Encinitas","https://www.californiahealthmaps.org?address=A0011","Female","Urinary",173180,7.7,4.2,13.1,108355,"","","","","","","",40520,"","","",15000,"","","",4,66911,3.1,12.9,16.0,65.2,2.2,6.7,22.8,6.7,63.7,65.9,80.0,26.7,85.9,30.0
"A0011","San Diego","Escondido, San Marcos, Encinitas","https://www.californiahealthmaps.org?address=A0011","Male","Kidney",161375,20.2,13.9,28.9,100370,16.2,10.1,25.4,"","","","",37950,"","","",12740,"","","",4,66911,3.1,12.9,16.0,65.2,2.2,6.7,22.8,6.7,63.7,65.9,80.0,26.7,85.9,30.0
"A0011","San Diego","Escondido, San Marcos, Encinitas","https://www.californiahealthmaps.org?address=A0011","Female","Kidney",173180,13.3,8.7,19.9,108355,14.8,8.9,24.0,"","","","",40520,"","","",15000,"","","",4,66911,3.1,12.9,16.0,65.2,2.2,6.7,22.8,6.7,63.7,65.9,80.0,26.7,85.9,30.0
"A0011","San Diego","Escondido, San Marcos, Encinitas","https://www.californiahealthmaps.org?address=A0011","Male","Thyroid",161375,"","","",100370,"","","","","","","",37950,"","","",12740,"","","",4,66911,3.1,12.9,16.0,65.2,2.2,6.7,22.8,6.7,63.7,65.9,80.0,26.7,85.9,30.0
"A0011","San Diego","Escondido, San Marcos, Encinitas","https://www.californiahealthmaps.org?address=A0011","Female","Thyroid",173180,17.8,12.1,25.3,108355,18.0,10.9,28.5,"","","","",40520,"","","",15000,"","","",4,66911,3.1,12.9,16.0,65.2,2.2,6.7,22.8,6.7,63.7,65.9,80.0,26.7,85.9,30.0
"A0011","San Diego","Escondido, San Marcos, Encinitas","https://www.californiahealthmaps.org?address=A0011","Male","Liver",161375,19.0,12.5,28.0,100370,16.8,10.1,26.7,"","","","",37950,"","","",12740,"","","",4,66911,3.1,12.9,16.0,65.2,2.2,6.7,22.8,6.7,63.7,65.9,80.0,26.7,85.9,30.0
"A0011","San Diego","Escondido, San Marcos, Encinitas","https://www.californiahealthmaps.org?address=A0011","Female","Liver",173180,"","","",108355,"","","","","","","",40520,"","","",15000,"","","",4,66911,3.1,12.9,16.0,65.2,2.2,6.7,22.8,6.7,63.7,65.9,80.0,26.7,85.9,30.0
"A0011","San Diego","Escondido, San Marcos, Encinitas","https://www.californiahealthmaps.org?address=A0011","Male","Pancreas",161375,18.9,12.4,27.7,100370,20.0,12.7,30.5,"","","","",37950,"","","",12740,"","","",4,66911,3.1,12.9,16.0,65.2,2.2,6.7,22.8,6.7,63.7,65.9,80.0,26.7,85.9,30.0
"A0011","San Diego","Escondido, San Marcos, Encinitas","https://www.californiahealthmaps.org?address=A0011","Female","Pancreas",173180,11.9,7.6,18.2,108355,12.6,7.4,21.0,"","","","",40520,"","","",15000,"","","",4,66911,3.1,12.9,16.0,65.2,2.2,6.7,22.8,6.7,63.7,65.9,80.0,26.7,85.9,30.0
"A0011","San Diego","Escondido, San Marcos, Encinitas","https://www.californiahealthmaps.org?address=A0011","Both","AllSite",334555,462.8,440.3,486.1,208725,468.1,442.3,495.3,"","","","",78470,416.0,351.7,490.7,27740,386.1,308.3,481.7,4,66911,3.1,12.9,16.0,65.2,2.2,6.7,22.8,6.7,63.7,65.9,80.0,26.7,85.9,30.0
"A0011","San Diego","Escondido, San Marcos, Encinitas","https://www.californiahealthmaps.org?address=A0011","Both","Lung",334555,47.1,40.1,55.1,208725,50.2,42.2,59.7,"","","","",78470,"","","",27740,"","","",4,66911,3.1,12.9,16.0,65.2,2.2,6.7,22.8,6.7,63.7,65.9,80.0,26.7,85.9,30.0
"A0011","San Diego","Escondido, San Marcos, Encinitas","https://www.californiahealthmaps.org?address=A0011","Both","CRC",334555,32.8,27.0,39.6,208725,32.5,26.1,40.5,"","","","",78470,42.0,23.5,72.0,27740,"","","",4,66911,3.1,12.9,16.0,65.2,2.2,6.7,22.8,6.7,63.7,65.9,80.0,26.7,85.9,30.0
"A0011","San Diego","Escondido, San Marcos, Encinitas","https://www.californiahealthmaps.org?address=A0011","Both","Mela",334555,35.6,29.6,42.5,208725,39.7,32.4,48.6,"","","","",78470,"","","",27740,"","","",4,66911,3.1,12.9,16.0,65.2,2.2,6.7,22.8,6.7,63.7,65.9,80.0,26.7,85.9,30.0
"A0011","San Diego","Escondido, San Marcos, Encinitas","https://www.californiahealthmaps.org?address=A0011","Both","Lymph",334555,22.7,18.0,28.5,208725,23.6,18.0,30.6,"","","","",78470,"","","",27740,"","","",4,66911,3.1,12.9,16.0,65.2,2.2,6.7,22.8,6.7,63.7,65.9,80.0,26.7,85.9,30.0
"A0011","San Diego","Escondido, San Marcos, Encinitas","https://www.californiahealthmaps.org?address=A0011","Both","Urinary",334555,12.7,9.2,17.2,208725,13.4,9.4,18.9,"","","","",78470,"","","",27740,"","","",4,66911,3.1,12.9,16.0,65.2,2.2,6.7,22.8,6.7,63.7,65.9,80.0,26.7,85.9,30.0
"A0011","San Diego","Escondido, San Marcos, Encinitas","https://www.californiahealthmaps.org?address=A0011","Both","Kidney",334555,16.3,12.3,21.1,208725,15.1,10.8,20.9,"","","","",78470,"","","",27740,"","","",4,66911,3.1,12.9,16.0,65.2,2.2,6.7,22.8,6.7,63.7,65.9,80.0,26.7,85.9,30.0
"A0011","San Diego","Escondido, San Marcos, Encinitas","https://www.californiahealthmaps.org?address=A0011","Both","Thyroid",334555,12.8,9.3,17.3,208725,13.0,8.7,19.0,"","","","",78470,"","","",27740,"","","",4,66911,3.1,12.9,16.0,65.2,2.2,6.7,22.8,6.7,63.7,65.9,80.0,26.7,85.9,30.0
"A0011","San Diego","Escondido, San Marcos, Encinitas","https://www.californiahealthmaps.org?address=A0011","Both","Liver",334555,10.3,7.2,14.5,208725,9.1,5.9,13.9,"","","","",78470,"","","",27740,"","","",4,66911,3.1,12.9,16.0,65.2,2.2,6.7,22.8,6.7,63.7,65.9,80.0,26.7,85.9,30.0
"A0011","San Diego","Escondido, San Marcos, Encinitas","https://www.californiahealthmaps.org?address=A0011","Both","Pancreas",334555,14.9,11.1,19.7,208725,15.7,11.3,21.7,"","","","",78470,"","","",27740,"","","",4,66911,3.1,12.9,16.0,65.2,2.2,6.7,22.8,6.7,63.7,65.9,80.0,26.7,85.9,30.0
