"Zone","Counties","Cities","URL","Sex","Cancer","PopTot","AAIR","LCI","UCI","White_PopTot","White_AAIR","White_LCI","White_UCI","Black_PopTot","Black_AAIR","Black_LCI","Black_UCI","Hispanic_PopTot","Hispanic_AAIR","Hispanic_LCI","Hispanic_UCI","Asian_PopTot","Asian_AAIR","Asian_LCI","Asian_UCI","QNSES","PopAll","PerRural","PerUninsured","PerForeignBorn","PerWhite","PerBlack","PerAsian","PerHispanic"
"A0265","Orange","Irvine, Lake Forest","https://www.californiahealthmaps.org?address=A0265","Male","AllSite",169045,521.4,480.4,565.3,105610,525.0,478.0,575.8,"","","","",29695,551.2,408.9,739.2,24115,392.1,295.9,517.1,5,68326,0.5,8.0,21.2,62.7,1.1,17.1,15.8
"A0265","Orange","Irvine, Lake Forest","https://www.californiahealthmaps.org?address=A0265","Female","AllSite",172585,521.7,486.4,559.2,106375,534.4,492.3,579.7,"","","","",30125,451.3,346.4,584.8,26595,563.3,461.8,683.8,5,68326,0.5,8.0,21.2,62.7,1.1,17.1,15.8
"A0265","Orange","Irvine, Lake Forest","https://www.californiahealthmaps.org?address=A0265","Male","Prostate",169045,135.4,115.7,158.0,105610,130.5,108.5,156.3,"","","","",29695,152.2,86.0,267.2,24115,87.9,47.1,160.2,5,68326,0.5,8.0,21.2,62.7,1.1,17.1,15.8
"A0265","Orange","Irvine, Lake Forest","https://www.californiahealthmaps.org?address=A0265","Female","Breast",172585,166.9,147.5,188.5,106375,168.7,145.8,194.8,"","","","",30125,163.1,103.6,252.8,26595,161.1,113.5,227.0,5,68326,0.5,8.0,21.2,62.7,1.1,17.1,15.8
"A0265","Orange","Irvine, Lake Forest","https://www.californiahealthmaps.org?address=A0265","Male","Lung",169045,45.1,33.3,60.2,105610,45.4,32.3,62.7,"","","","",29695,"","","",24115,"","","",5,68326,0.5,8.0,21.2,62.7,1.1,17.1,15.8
"A0265","Orange","Irvine, Lake Forest","https://www.californiahealthmaps.org?address=A0265","Female","Lung",172585,52.1,40.7,65.9,106375,54.3,40.9,71.2,"","","","",30125,"","","",26595,"","","",5,68326,0.5,8.0,21.2,62.7,1.1,17.1,15.8
"A0265","Orange","Irvine, Lake Forest","https://www.californiahealthmaps.org?address=A0265","Male","CRC",169045,47.6,35.6,62.8,105610,44.7,31.6,62.0,"","","","",29695,"","","",24115,"","","",5,68326,0.5,8.0,21.2,62.7,1.1,17.1,15.8
"A0265","Orange","Irvine, Lake Forest","https://www.californiahealthmaps.org?address=A0265","Female","CRC",172585,41.5,31.8,53.4,106375,39.0,28.3,53.2,"","","","",30125,"","","",26595,"","","",5,68326,0.5,8.0,21.2,62.7,1.1,17.1,15.8
"A0265","Orange","Irvine, Lake Forest","https://www.californiahealthmaps.org?address=A0265","Male","Mela",169045,42.4,30.9,57.3,105610,52.9,38.4,71.7,"","","","",29695,"","","",24115,"","","",5,68326,0.5,8.0,21.2,62.7,1.1,17.1,15.8
"A0265","Orange","Irvine, Lake Forest","https://www.californiahealthmaps.org?address=A0265","Female","Mela",172585,31.9,24.1,41.9,106375,36.8,26.5,50.5,"","","","",30125,"","","",26595,"","","",5,68326,0.5,8.0,21.2,62.7,1.1,17.1,15.8
"A0265","Orange","Irvine, Lake Forest","https://www.californiahealthmaps.org?address=A0265","Female","Uterine",172585,35.0,26.5,45.6,106375,37.1,27.1,50.6,"","","","",30125,"","","",26595,"","","",5,68326,0.5,8.0,21.2,62.7,1.1,17.1,15.8
"A0265","Orange","Irvine, Lake Forest","https://www.californiahealthmaps.org?address=A0265","Male","Lymph",169045,32.9,22.9,46.3,105610,28.4,17.9,43.2,"","","","",29695,"","","",24115,"","","",5,68326,0.5,8.0,21.2,62.7,1.1,17.1,15.8
"A0265","Orange","Irvine, Lake Forest","https://www.californiahealthmaps.org?address=A0265","Female","Lymph",172585,29.2,21.2,39.5,106375,34.3,24.2,47.9,"","","","",30125,"","","",26595,"","","",5,68326,0.5,8.0,21.2,62.7,1.1,17.1,15.8
"A0265","Orange","Irvine, Lake Forest","https://www.californiahealthmaps.org?address=A0265","Male","Urinary",169045,18.7,11.4,29.5,105610,20.8,12.2,33.7,"","","","",29695,"","","",24115,"","","",5,68326,0.5,8.0,21.2,62.7,1.1,17.1,15.8
"A0265","Orange","Irvine, Lake Forest","https://www.californiahealthmaps.org?address=A0265","Female","Urinary",172585,6.0,2.5,12.1,106375,"","","","","","","",30125,"","","",26595,"","","",5,68326,0.5,8.0,21.2,62.7,1.1,17.1,15.8
"A0265","Orange","Irvine, Lake Forest","https://www.californiahealthmaps.org?address=A0265","Male","Kidney",169045,18.2,11.6,28.0,105610,16.2,9.4,27.1,"","","","",29695,"","","",24115,"","","",5,68326,0.5,8.0,21.2,62.7,1.1,17.1,15.8
"A0265","Orange","Irvine, Lake Forest","https://www.californiahealthmaps.org?address=A0265","Female","Kidney",172585,11.5,6.7,18.7,106375,"","","","","","","",30125,"","","",26595,"","","",5,68326,0.5,8.0,21.2,62.7,1.1,17.1,15.8
"A0265","Orange","Irvine, Lake Forest","https://www.californiahealthmaps.org?address=A0265","Male","Thyroid",169045,9.9,5.3,17.8,105610,"","","","","","","",29695,"","","",24115,"","","",5,68326,0.5,8.0,21.2,62.7,1.1,17.1,15.8
"A0265","Orange","Irvine, Lake Forest","https://www.californiahealthmaps.org?address=A0265","Female","Thyroid",172585,22.7,16.3,31.2,106375,20.5,13.2,31.3,"","","","",30125,"","","",26595,"","","",5,68326,0.5,8.0,21.2,62.7,1.1,17.1,15.8
"A0265","Orange","Irvine, Lake Forest","https://www.californiahealthmaps.org?address=A0265","Both","AllSite",341630,516.4,489.8,544.2,211985,524.9,493.7,557.7,"","","","",59820,476.8,394.4,574.6,50710,485.6,413.9,568.3,5,68326,0.5,8.0,21.2,62.7,1.1,17.1,15.8
"A0265","Orange","Irvine, Lake Forest","https://www.californiahealthmaps.org?address=A0265","Both","Lung",341630,49.3,40.9,59.1,211985,50.7,41.0,62.2,"","","","",59820,"","","",50710,47.4,25.8,82.0,5,68326,0.5,8.0,21.2,62.7,1.1,17.1,15.8
"A0265","Orange","Irvine, Lake Forest","https://www.californiahealthmaps.org?address=A0265","Both","CRC",341630,43.7,36.2,52.6,211985,41.2,32.8,51.4,"","","","",59820,"","","",50710,55.9,33.6,90.2,5,68326,0.5,8.0,21.2,62.7,1.1,17.1,15.8
"A0265","Orange","Irvine, Lake Forest","https://www.californiahealthmaps.org?address=A0265","Both","Mela",341630,35.1,28.6,42.9,211985,42.1,33.7,52.2,"","","","",59820,"","","",50710,"","","",5,68326,0.5,8.0,21.2,62.7,1.1,17.1,15.8
"A0265","Orange","Irvine, Lake Forest","https://www.californiahealthmaps.org?address=A0265","Both","Lymph",341630,30.4,24.0,38.0,211985,31.2,23.8,40.4,"","","","",59820,"","","",50710,"","","",5,68326,0.5,8.0,21.2,62.7,1.1,17.1,15.8
"A0265","Orange","Irvine, Lake Forest","https://www.californiahealthmaps.org?address=A0265","Both","Urinary",341630,11.5,7.7,16.8,211985,13.0,8.3,19.5,"","","","",59820,"","","",50710,"","","",5,68326,0.5,8.0,21.2,62.7,1.1,17.1,15.8
"A0265","Orange","Irvine, Lake Forest","https://www.californiahealthmaps.org?address=A0265","Both","Kidney",341630,14.7,10.5,20.1,211985,14.0,9.4,20.5,"","","","",59820,"","","",50710,"","","",5,68326,0.5,8.0,21.2,62.7,1.1,17.1,15.8
"A0265","Orange","Irvine, Lake Forest","https://www.californiahealthmaps.org?address=A0265","Both","Thyroid",341630,16.3,12.2,21.5,211985,14.8,10.2,21.1,"","","","",59820,"","","",50710,"","","",5,68326,0.5,8.0,21.2,62.7,1.1,17.1,15.8
