"Zone","Counties","Cities","URL","Sex","Cancer","PopTot","AAIR","LCI","UCI","White_PopTot","White_AAIR","White_LCI","White_UCI","Black_PopTot","Black_AAIR","Black_LCI","Black_UCI","Hispanic_PopTot","Hispanic_AAIR","Hispanic_LCI","Hispanic_UCI","Asian_PopTot","Asian_AAIR","Asian_LCI","Asian_UCI","QNSES","PopAll","PerRural","PerUninsured","PerForeignBorn","PerWhite","PerBlack","PerAsian","PerHispanic","PerAPI","PerDocvisit","PerFOBT","PerMammo","PerMenPrev","PerPap","PerWomenPrev"
"A0776","Los Angeles","Downey","https://www.californiahealthmaps.org?address=A0776","Male","AllSite",146550,424.7,387.5,465.0,24570,412.3,348.2,493.0,"","","","",106535,450.9,392.9,516.0,"","","","",2,60699,0.0,22.6,33.9,16.7,4.3,6.3,71.6,6.3,64.8,61.0,79.2,26.8,85.7,32.1
"A0776","Los Angeles","Downey","https://www.californiahealthmaps.org?address=A0776","Female","AllSite",156945,389.2,358.0,422.5,25725,382.2,323.9,459.1,"","","","",113325,379.8,338.1,425.8,"","","","",2,60699,0.0,22.6,33.9,16.7,4.3,6.3,71.6,6.3,64.8,61.0,79.2,26.8,85.7,32.1
"A0776","Los Angeles","Downey","https://www.californiahealthmaps.org?address=A0776","Male","Prostate",146550,99.9,82.3,120.5,24570,92.3,64.4,139.2,"","","","",106535,100.9,74.7,134.4,"","","","",2,60699,0.0,22.6,33.9,16.7,4.3,6.3,71.6,6.3,64.8,61.0,79.2,26.8,85.7,32.1
"A0776","Los Angeles","Downey","https://www.californiahealthmaps.org?address=A0776","Female","Breast",156945,126.9,109.4,146.7,25725,109.4,81.2,159.0,"","","","",113325,122.3,99.5,149.4,"","","","",2,60699,0.0,22.6,33.9,16.7,4.3,6.3,71.6,6.3,64.8,61.0,79.2,26.8,85.7,32.1
"A0776","Los Angeles","Downey","https://www.californiahealthmaps.org?address=A0776","Male","Lung",146550,39.8,28.5,54.3,24570,48.5,30.4,87.1,"","","","",106535,31.5,17.2,53.7,"","","","",2,60699,0.0,22.6,33.9,16.7,4.3,6.3,71.6,6.3,64.8,61.0,79.2,26.8,85.7,32.1
"A0776","Los Angeles","Downey","https://www.californiahealthmaps.org?address=A0776","Female","Lung",156945,36.3,27.1,47.7,25725,52.1,33.9,94.3,"","","","",113325,26.5,15.7,42.3,"","","","",2,60699,0.0,22.6,33.9,16.7,4.3,6.3,71.6,6.3,64.8,61.0,79.2,26.8,85.7,32.1
"A0776","Los Angeles","Downey","https://www.californiahealthmaps.org?address=A0776","Male","CRC",146550,44.5,32.9,59.2,24570,48.1,27.8,89.5,"","","","",106535,47.2,29.7,72.5,"","","","",2,60699,0.0,22.6,33.9,16.7,4.3,6.3,71.6,6.3,64.8,61.0,79.2,26.8,85.7,32.1
"A0776","Los Angeles","Downey","https://www.californiahealthmaps.org?address=A0776","Female","CRC",156945,31.7,23.2,42.5,25725,27.2,14.4,66.7,"","","","",113325,31.9,20.3,48.3,"","","","",2,60699,0.0,22.6,33.9,16.7,4.3,6.3,71.6,6.3,64.8,61.0,79.2,26.8,85.7,32.1
"A0776","Los Angeles","Downey","https://www.californiahealthmaps.org?address=A0776","Male","Mela",146550,"","","",24570,"","","","","","","",106535,"","","","","","","",2,60699,0.0,22.6,33.9,16.7,4.3,6.3,71.6,6.3,64.8,61.0,79.2,26.8,85.7,32.1
"A0776","Los Angeles","Downey","https://www.californiahealthmaps.org?address=A0776","Female","Mela",156945,"","","",25725,"","","","","","","",113325,"","","","","","","",2,60699,0.0,22.6,33.9,16.7,4.3,6.3,71.6,6.3,64.8,61.0,79.2,26.8,85.7,32.1
"A0776","Los Angeles","Downey","https://www.californiahealthmaps.org?address=A0776","Female","Uterine",156945,31.9,23.5,42.4,25725,45.3,25.8,89.5,"","","","",113325,28.6,18.4,43.2,"","","","",2,60699,0.0,22.6,33.9,16.7,4.3,6.3,71.6,6.3,64.8,61.0,79.2,26.8,85.7,32.1
"A0776","Los Angeles","Downey","https://www.californiahealthmaps.org?address=A0776","Male","Lymph",146550,15.5,8.9,25.5,24570,"","","","","","","",106535,"","","","","","","",2,60699,0.0,22.6,33.9,16.7,4.3,6.3,71.6,6.3,64.8,61.0,79.2,26.8,85.7,32.1
"A0776","Los Angeles","Downey","https://www.californiahealthmaps.org?address=A0776","Female","Lymph",156945,"","","",25725,"","","","","","","",113325,"","","","","","","",2,60699,0.0,22.6,33.9,16.7,4.3,6.3,71.6,6.3,64.8,61.0,79.2,26.8,85.7,32.1
"A0776","Los Angeles","Downey","https://www.californiahealthmaps.org?address=A0776","Male","Urinary",146550,16.1,9.6,25.9,24570,"","","","","","","",106535,"","","","","","","",2,60699,0.0,22.6,33.9,16.7,4.3,6.3,71.6,6.3,64.8,61.0,79.2,26.8,85.7,32.1
"A0776","Los Angeles","Downey","https://www.californiahealthmaps.org?address=A0776","Female","Urinary",156945,"","","",25725,"","","","","","","",113325,"","","","","","","",2,60699,0.0,22.6,33.9,16.7,4.3,6.3,71.6,6.3,64.8,61.0,79.2,26.8,85.7,32.1
"A0776","Los Angeles","Downey","https://www.californiahealthmaps.org?address=A0776","Male","Kidney",146550,26.3,17.7,38.1,24570,"","","","","","","",106535,36.5,21.6,58.9,"","","","",2,60699,0.0,22.6,33.9,16.7,4.3,6.3,71.6,6.3,64.8,61.0,79.2,26.8,85.7,32.1
"A0776","Los Angeles","Downey","https://www.californiahealthmaps.org?address=A0776","Female","Kidney",156945,13.7,8.2,21.6,25725,"","","","","","","",113325,"","","","","","","",2,60699,0.0,22.6,33.9,16.7,4.3,6.3,71.6,6.3,64.8,61.0,79.2,26.8,85.7,32.1
"A0776","Los Angeles","Downey","https://www.californiahealthmaps.org?address=A0776","Male","Thyroid",146550,"","","",24570,"","","","","","","",106535,"","","","","","","",2,60699,0.0,22.6,33.9,16.7,4.3,6.3,71.6,6.3,64.8,61.0,79.2,26.8,85.7,32.1
"A0776","Los Angeles","Downey","https://www.californiahealthmaps.org?address=A0776","Female","Thyroid",156945,18.5,12.4,26.9,25725,"","","","","","","",113325,20.1,12.3,32.5,"","","","",2,60699,0.0,22.6,33.9,16.7,4.3,6.3,71.6,6.3,64.8,61.0,79.2,26.8,85.7,32.1
"A0776","Los Angeles","Downey","https://www.californiahealthmaps.org?address=A0776","Male","Liver",146550,13.7,7.8,23.0,24570,"","","","","","","",106535,"","","","","","","",2,60699,0.0,22.6,33.9,16.7,4.3,6.3,71.6,6.3,64.8,61.0,79.2,26.8,85.7,32.1
"A0776","Los Angeles","Downey","https://www.californiahealthmaps.org?address=A0776","Female","Liver",156945,"","","",25725,"","","","","","","",113325,"","","","","","","",2,60699,0.0,22.6,33.9,16.7,4.3,6.3,71.6,6.3,64.8,61.0,79.2,26.8,85.7,32.1
"A0776","Los Angeles","Downey","https://www.californiahealthmaps.org?address=A0776","Male","Pancreas",146550,17.3,10.4,27.4,24570,"","","","","","","",106535,"","","","","","","",2,60699,0.0,22.6,33.9,16.7,4.3,6.3,71.6,6.3,64.8,61.0,79.2,26.8,85.7,32.1
"A0776","Los Angeles","Downey","https://www.californiahealthmaps.org?address=A0776","Female","Pancreas",156945,10.3,5.8,17.1,25725,"","","","","","","",113325,"","","","","","","",2,60699,0.0,22.6,33.9,16.7,4.3,6.3,71.6,6.3,64.8,61.0,79.2,26.8,85.7,32.1
"A0776","Los Angeles","Downey","https://www.californiahealthmaps.org?address=A0776","Both","AllSite",303495,399.8,376.0,424.8,50295,395.3,351.6,447.4,13095,521.6,396.0,681.3,219860,401.8,367.9,438.3,16615,376.0,292.0,485.9,2,60699,0.0,22.6,33.9,16.7,4.3,6.3,71.6,6.3,64.8,61.0,79.2,26.8,85.7,32.1
"A0776","Los Angeles","Downey","https://www.californiahealthmaps.org?address=A0776","Both","Lung",303495,37.6,30.3,46.1,50295,49.7,36.6,72.8,13095,"","","",219860,28.4,19.4,40.3,16615,"","","",2,60699,0.0,22.6,33.9,16.7,4.3,6.3,71.6,6.3,64.8,61.0,79.2,26.8,85.7,32.1
"A0776","Los Angeles","Downey","https://www.californiahealthmaps.org?address=A0776","Both","CRC",303495,37.2,30.1,45.5,50295,37.1,24.8,60.0,13095,"","","",219860,37.8,27.7,50.8,16615,"","","",2,60699,0.0,22.6,33.9,16.7,4.3,6.3,71.6,6.3,64.8,61.0,79.2,26.8,85.7,32.1
"A0776","Los Angeles","Downey","https://www.californiahealthmaps.org?address=A0776","Both","Mela",303495,7.5,4.6,11.6,50295,15.7,8.5,34.9,13095,"","","",219860,"","","",16615,"","","",2,60699,0.0,22.6,33.9,16.7,4.3,6.3,71.6,6.3,64.8,61.0,79.2,26.8,85.7,32.1
"A0776","Los Angeles","Downey","https://www.californiahealthmaps.org?address=A0776","Both","Lymph",303495,10.6,7.0,15.6,50295,"","","",13095,"","","",219860,14.5,8.4,23.8,16615,"","","",2,60699,0.0,22.6,33.9,16.7,4.3,6.3,71.6,6.3,64.8,61.0,79.2,26.8,85.7,32.1
"A0776","Los Angeles","Downey","https://www.californiahealthmaps.org?address=A0776","Both","Urinary",303495,7.7,4.8,12.0,50295,"","","",13095,"","","",219860,"","","",16615,"","","",2,60699,0.0,22.6,33.9,16.7,4.3,6.3,71.6,6.3,64.8,61.0,79.2,26.8,85.7,32.1
"A0776","Los Angeles","Downey","https://www.californiahealthmaps.org?address=A0776","Both","Kidney",303495,19.2,14.2,25.6,50295,"","","",13095,"","","",219860,25.8,17.7,36.8,16615,"","","",2,60699,0.0,22.6,33.9,16.7,4.3,6.3,71.6,6.3,64.8,61.0,79.2,26.8,85.7,32.1
"A0776","Los Angeles","Downey","https://www.californiahealthmaps.org?address=A0776","Both","Thyroid",303495,11.9,8.3,16.8,50295,"","","",13095,"","","",219860,13.0,8.2,20.3,16615,"","","",2,60699,0.0,22.6,33.9,16.7,4.3,6.3,71.6,6.3,64.8,61.0,79.2,26.8,85.7,32.1
"A0776","Los Angeles","Downey","https://www.californiahealthmaps.org?address=A0776","Both","Liver",303495,8.8,5.6,13.3,50295,"","","",13095,"","","",219860,"","","",16615,"","","",2,60699,0.0,22.6,33.9,16.7,4.3,6.3,71.6,6.3,64.8,61.0,79.2,26.8,85.7,32.1
"A0776","Los Angeles","Downey","https://www.californiahealthmaps.org?address=A0776","Both","Pancreas",303495,13.3,9.3,18.7,50295,"","","",13095,"","","",219860,"","","",16615,"","","",2,60699,0.0,22.6,33.9,16.7,4.3,6.3,71.6,6.3,64.8,61.0,79.2,26.8,85.7,32.1
