"Zone","Counties","Cities","URL","Sex","Cancer","PopTot","AAIR","LCI","UCI","White_PopTot","White_AAIR","White_LCI","White_UCI","Black_PopTot","Black_AAIR","Black_LCI","Black_UCI","Hispanic_PopTot","Hispanic_AAIR","Hispanic_LCI","Hispanic_UCI","Asian_PopTot","Asian_AAIR","Asian_LCI","Asian_UCI","QNSES","PopAll","PerRural","PerUninsured","PerForeignBorn","PerWhite","PerBlack","PerAsian","PerHispanic"
"A0669","Riverside","Coachella, Indio, La Quinta","https://www.californiahealthmaps.org?address=A0669","Male","AllSite",160500,478.5,439.9,520.3,30610,479.6,423.5,551.2,"","","","",126050,427.5,371.5,491.7,"","","","",1,64527,4.8,29.1,33.5,18.9,1.3,0.6,78.6
"A0669","Riverside","Coachella, Indio, La Quinta","https://www.californiahealthmaps.org?address=A0669","Female","AllSite",162135,402.7,369.3,438.8,31870,479.1,411.9,563.2,"","","","",126110,354.6,310.2,404.9,"","","","",1,64527,4.8,29.1,33.5,18.9,1.3,0.6,78.6
"A0669","Riverside","Coachella, Indio, La Quinta","https://www.californiahealthmaps.org?address=A0669","Male","Prostate",160500,130.0,111.2,152.0,30610,122.2,98.2,164.1,"","","","",126050,135.3,102.7,177.0,"","","","",1,64527,4.8,29.1,33.5,18.9,1.3,0.6,78.6
"A0669","Riverside","Coachella, Indio, La Quinta","https://www.californiahealthmaps.org?address=A0669","Female","Breast",162135,112.7,95.7,132.4,31870,123.4,93.3,172.2,"","","","",126110,97.0,75.4,124.5,"","","","",1,64527,4.8,29.1,33.5,18.9,1.3,0.6,78.6
"A0669","Riverside","Coachella, Indio, La Quinta","https://www.californiahealthmaps.org?address=A0669","Male","Lung",160500,45.5,34.1,60.4,30610,46.3,31.3,82.4,"","","","",126050,38.2,22.1,64.2,"","","","",1,64527,4.8,29.1,33.5,18.9,1.3,0.6,78.6
"A0669","Riverside","Coachella, Indio, La Quinta","https://www.californiahealthmaps.org?address=A0669","Female","Lung",162135,46.6,35.1,61.0,31870,55.8,37.2,95.3,"","","","",126110,37.3,22.0,59.9,"","","","",1,64527,4.8,29.1,33.5,18.9,1.3,0.6,78.6
"A0669","Riverside","Coachella, Indio, La Quinta","https://www.californiahealthmaps.org?address=A0669","Male","CRC",160500,42.3,31.3,56.9,30610,45.7,28.9,83.8,"","","","",126050,37.3,23.3,60.2,"","","","",1,64527,4.8,29.1,33.5,18.9,1.3,0.6,78.6
"A0669","Riverside","Coachella, Indio, La Quinta","https://www.californiahealthmaps.org?address=A0669","Female","CRC",162135,35.8,26.3,48.1,31870,42.1,24.6,81.6,"","","","",126110,31.9,20.0,50.3,"","","","",1,64527,4.8,29.1,33.5,18.9,1.3,0.6,78.6
"A0669","Riverside","Coachella, Indio, La Quinta","https://www.californiahealthmaps.org?address=A0669","Male","Mela",160500,37.2,26.8,51.3,30610,57.3,40.3,94.6,"","","","",126050,"","","","","","","",1,64527,4.8,29.1,33.5,18.9,1.3,0.6,78.6
"A0669","Riverside","Coachella, Indio, La Quinta","https://www.californiahealthmaps.org?address=A0669","Female","Mela",162135,16.3,10.3,25.2,31870,32.8,19.7,68.5,"","","","",126110,"","","","","","","",1,64527,4.8,29.1,33.5,18.9,1.3,0.6,78.6
"A0669","Riverside","Coachella, Indio, La Quinta","https://www.californiahealthmaps.org?address=A0669","Female","Uterine",162135,20.7,14.1,29.8,31870,"","","","","","","",126110,23.1,13.8,38.6,"","","","",1,64527,4.8,29.1,33.5,18.9,1.3,0.6,78.6
"A0669","Riverside","Coachella, Indio, La Quinta","https://www.californiahealthmaps.org?address=A0669","Male","Lymph",160500,19.4,12.0,30.7,30610,"","","","","","","",126050,"","","","","","","",1,64527,4.8,29.1,33.5,18.9,1.3,0.6,78.6
"A0669","Riverside","Coachella, Indio, La Quinta","https://www.californiahealthmaps.org?address=A0669","Female","Lymph",162135,18.7,12.0,28.4,31870,"","","","","","","",126110,"","","","","","","",1,64527,4.8,29.1,33.5,18.9,1.3,0.6,78.6
"A0669","Riverside","Coachella, Indio, La Quinta","https://www.californiahealthmaps.org?address=A0669","Male","Urinary",160500,10.8,6.1,19.2,30610,"","","","","","","",126050,"","","","","","","",1,64527,4.8,29.1,33.5,18.9,1.3,0.6,78.6
"A0669","Riverside","Coachella, Indio, La Quinta","https://www.californiahealthmaps.org?address=A0669","Female","Urinary",162135,3.6,1.3,9.1,31870,"","","","","","","",126110,"","","","","","","",1,64527,4.8,29.1,33.5,18.9,1.3,0.6,78.6
"A0669","Riverside","Coachella, Indio, La Quinta","https://www.californiahealthmaps.org?address=A0669","Male","Kidney",160500,28.8,19.9,41.3,30610,29.4,14.1,68.1,"","","","",126050,33.5,19.4,57.1,"","","","",1,64527,4.8,29.1,33.5,18.9,1.3,0.6,78.6
"A0669","Riverside","Coachella, Indio, La Quinta","https://www.californiahealthmaps.org?address=A0669","Female","Kidney",162135,9.5,5.0,17.1,31870,"","","","","","","",126110,"","","","","","","",1,64527,4.8,29.1,33.5,18.9,1.3,0.6,78.6
"A0669","Riverside","Coachella, Indio, La Quinta","https://www.californiahealthmaps.org?address=A0669","Male","Thyroid",160500,7.0,3.0,15.0,30610,"","","","","","","",126050,"","","","","","","",1,64527,4.8,29.1,33.5,18.9,1.3,0.6,78.6
"A0669","Riverside","Coachella, Indio, La Quinta","https://www.californiahealthmaps.org?address=A0669","Female","Thyroid",162135,25.3,17.8,35.5,31870,48.4,23.2,97.7,"","","","",126110,19.4,11.5,33.4,"","","","",1,64527,4.8,29.1,33.5,18.9,1.3,0.6,78.6
"A0669","Riverside","Coachella, Indio, La Quinta","https://www.californiahealthmaps.org?address=A0669","Both","AllSite",322635,438.1,412.8,464.9,62480,479.7,435.6,531.5,"","","","",252160,385.6,350.4,424.2,"","","","",1,64527,4.8,29.1,33.5,18.9,1.3,0.6,78.6
"A0669","Riverside","Coachella, Indio, La Quinta","https://www.californiahealthmaps.org?address=A0669","Both","Lung",322635,45.5,37.4,55.2,62480,49.9,37.9,71.2,"","","","",252160,37.9,26.3,53.5,"","","","",1,64527,4.8,29.1,33.5,18.9,1.3,0.6,78.6
"A0669","Riverside","Coachella, Indio, La Quinta","https://www.californiahealthmaps.org?address=A0669","Both","CRC",322635,38.6,31.3,47.3,62480,43.2,30.8,65.4,"","","","",252160,34.3,24.9,47.2,"","","","",1,64527,4.8,29.1,33.5,18.9,1.3,0.6,78.6
"A0669","Riverside","Coachella, Indio, La Quinta","https://www.californiahealthmaps.org?address=A0669","Both","Mela",322635,26.5,20.5,34.1,62480,46.0,34.7,66.7,"","","","",252160,"","","","","","","",1,64527,4.8,29.1,33.5,18.9,1.3,0.6,78.6
"A0669","Riverside","Coachella, Indio, La Quinta","https://www.californiahealthmaps.org?address=A0669","Both","Lymph",322635,18.8,13.7,25.5,62480,18.8,10.3,38.4,"","","","",252160,17.5,10.9,27.7,"","","","",1,64527,4.8,29.1,33.5,18.9,1.3,0.6,78.6
"A0669","Riverside","Coachella, Indio, La Quinta","https://www.californiahealthmaps.org?address=A0669","Both","Urinary",322635,7.3,4.5,11.6,62480,"","","","","","","",252160,"","","","","","","",1,64527,4.8,29.1,33.5,18.9,1.3,0.6,78.6
"A0669","Riverside","Coachella, Indio, La Quinta","https://www.californiahealthmaps.org?address=A0669","Both","Kidney",322635,18.8,13.8,25.4,62480,16.6,8.7,36.0,"","","","",252160,23.2,15.0,35.2,"","","","",1,64527,4.8,29.1,33.5,18.9,1.3,0.6,78.6
"A0669","Riverside","Coachella, Indio, La Quinta","https://www.californiahealthmaps.org?address=A0669","Both","Thyroid",322635,16.3,11.9,22.2,62480,27.7,14.5,52.5,"","","","",252160,14.0,8.7,23.0,"","","","",1,64527,4.8,29.1,33.5,18.9,1.3,0.6,78.6
