"Zone","Counties","Cities","URL","Sex","Cancer","PopTot","AAIR","LCI","UCI","White_PopTot","White_AAIR","White_LCI","White_UCI","Black_PopTot","Black_AAIR","Black_LCI","Black_UCI","Hispanic_PopTot","Hispanic_AAIR","Hispanic_LCI","Hispanic_UCI","Asian_PopTot","Asian_AAIR","Asian_LCI","Asian_UCI","QNSES","PopAll","PerRural","PerUninsured","PerForeignBorn","PerWhite","PerBlack","PerAsian","PerHispanic"
"A0264","Santa Clara","Mountain View, Palo Alto","https://www.californiahealthmaps.org?address=A0264","Male","AllSite",156880,493.6,458.0,531.5,81660,505.0,460.4,554.1,"","","","",20685,587.5,451.9,755.7,44695,419.9,351.9,498.4,5,62634,0.0,7.2,32.7,51.4,1.6,28.6,14.2
"A0264","Santa Clara","Mountain View, Palo Alto","https://www.californiahealthmaps.org?address=A0264","Female","AllSite",156290,436.5,406.1,469.2,78460,466.0,424.6,512.0,"","","","",20850,383.5,291.8,497.4,47650,392.6,337.4,458.1,5,62634,0.0,7.2,32.7,51.4,1.6,28.6,14.2
"A0264","Santa Clara","Mountain View, Palo Alto","https://www.californiahealthmaps.org?address=A0264","Male","Prostate",156880,131.3,113.3,151.7,81660,128.1,106.5,154.2,"","","","",20685,135.2,76.8,227.7,44695,115.3,80.9,160.6,5,62634,0.0,7.2,32.7,51.4,1.6,28.6,14.2
"A0264","Santa Clara","Mountain View, Palo Alto","https://www.californiahealthmaps.org?address=A0264","Female","Breast",156290,148.2,130.6,168.1,78460,152.7,129.4,180.7,"","","","",20850,97.9,56.4,162.3,47650,154.6,121.0,199.0,5,62634,0.0,7.2,32.7,51.4,1.6,28.6,14.2
"A0264","Santa Clara","Mountain View, Palo Alto","https://www.californiahealthmaps.org?address=A0264","Male","Lung",156880,56.5,44.7,70.8,81660,50.2,36.8,68.6,"","","","",20685,"","","",44695,66.9,41.1,104.1,5,62634,0.0,7.2,32.7,51.4,1.6,28.6,14.2
"A0264","Santa Clara","Mountain View, Palo Alto","https://www.californiahealthmaps.org?address=A0264","Female","Lung",156290,37.3,28.8,48.3,78460,39.0,28.1,55.1,"","","","",20850,"","","",47650,40.2,23.5,69.4,5,62634,0.0,7.2,32.7,51.4,1.6,28.6,14.2
"A0264","Santa Clara","Mountain View, Palo Alto","https://www.californiahealthmaps.org?address=A0264","Male","CRC",156880,44.9,34.6,57.6,81660,39.3,27.8,55.8,"","","","",20685,"","","",44695,46.2,25.7,78.2,5,62634,0.0,7.2,32.7,51.4,1.6,28.6,14.2
"A0264","Santa Clara","Mountain View, Palo Alto","https://www.californiahealthmaps.org?address=A0264","Female","CRC",156290,32.2,24.4,42.4,78460,28.8,19.6,43.3,"","","","",20850,"","","",47650,38.0,22.0,66.6,5,62634,0.0,7.2,32.7,51.4,1.6,28.6,14.2
"A0264","Santa Clara","Mountain View, Palo Alto","https://www.californiahealthmaps.org?address=A0264","Male","Mela",156880,39.5,30.0,51.4,81660,49.9,36.7,68.0,"","","","",20685,"","","",44695,"","","",5,62634,0.0,7.2,32.7,51.4,1.6,28.6,14.2
"A0264","Santa Clara","Mountain View, Palo Alto","https://www.californiahealthmaps.org?address=A0264","Female","Mela",156290,29.0,21.6,38.7,78460,47.6,34.8,65.6,"","","","",20850,"","","",47650,"","","",5,62634,0.0,7.2,32.7,51.4,1.6,28.6,14.2
"A0264","Santa Clara","Mountain View, Palo Alto","https://www.californiahealthmaps.org?address=A0264","Female","Uterine",156290,35.5,27.3,46.1,78460,31.3,21.9,45.9,"","","","",20850,"","","",47650,33.6,19.2,60.6,5,62634,0.0,7.2,32.7,51.4,1.6,28.6,14.2
"A0264","Santa Clara","Mountain View, Palo Alto","https://www.californiahealthmaps.org?address=A0264","Male","Lymph",156880,26.0,18.3,36.3,81660,30.7,20.0,46.7,"","","","",20685,"","","",44695,"","","",5,62634,0.0,7.2,32.7,51.4,1.6,28.6,14.2
"A0264","Santa Clara","Mountain View, Palo Alto","https://www.californiahealthmaps.org?address=A0264","Female","Lymph",156290,23.9,17.2,33.1,78460,27.2,17.9,41.8,"","","","",20850,"","","",47650,"","","",5,62634,0.0,7.2,32.7,51.4,1.6,28.6,14.2
"A0264","Santa Clara","Mountain View, Palo Alto","https://www.californiahealthmaps.org?address=A0264","Male","Urinary",156880,16.4,10.3,25.1,81660,20.6,12.4,34.1,"","","","",20685,"","","",44695,"","","",5,62634,0.0,7.2,32.7,51.4,1.6,28.6,14.2
"A0264","Santa Clara","Mountain View, Palo Alto","https://www.californiahealthmaps.org?address=A0264","Female","Urinary",156290,1.5,0.3,5.9,78460,"","","","","","","",20850,"","","",47650,"","","",5,62634,0.0,7.2,32.7,51.4,1.6,28.6,14.2
"A0264","Santa Clara","Mountain View, Palo Alto","https://www.californiahealthmaps.org?address=A0264","Male","Kidney",156880,17.0,11.0,25.5,81660,16.2,8.9,28.9,"","","","",20685,"","","",44695,"","","",5,62634,0.0,7.2,32.7,51.4,1.6,28.6,14.2
"A0264","Santa Clara","Mountain View, Palo Alto","https://www.californiahealthmaps.org?address=A0264","Female","Kidney",156290,9.2,5.3,15.7,78460,"","","","","","","",20850,"","","",47650,"","","",5,62634,0.0,7.2,32.7,51.4,1.6,28.6,14.2
"A0264","Santa Clara","Mountain View, Palo Alto","https://www.californiahealthmaps.org?address=A0264","Male","Thyroid",156880,10.1,5.9,16.7,81660,"","","","","","","",20685,"","","",44695,"","","",5,62634,0.0,7.2,32.7,51.4,1.6,28.6,14.2
"A0264","Santa Clara","Mountain View, Palo Alto","https://www.californiahealthmaps.org?address=A0264","Female","Thyroid",156290,26.3,18.9,36.2,78460,28.9,17.9,45.7,"","","","",20850,"","","",47650,"","","",5,62634,0.0,7.2,32.7,51.4,1.6,28.6,14.2
"A0264","Santa Clara","Mountain View, Palo Alto","https://www.californiahealthmaps.org?address=A0264","Both","AllSite",313170,453.9,431.1,477.8,160120,474.9,445.1,506.9,"","","","",41535,457.9,380.9,547.6,92345,397.2,354.5,444.9,5,62634,0.0,7.2,32.7,51.4,1.6,28.6,14.2
"A0264","Santa Clara","Mountain View, Palo Alto","https://www.californiahealthmaps.org?address=A0264","Both","Lung",313170,45.1,38.1,53.4,160120,43.2,34.7,54.1,"","","","",41535,"","","",92345,51.2,36.2,71.7,5,62634,0.0,7.2,32.7,51.4,1.6,28.6,14.2
"A0264","Santa Clara","Mountain View, Palo Alto","https://www.californiahealthmaps.org?address=A0264","Both","CRC",313170,37.3,31.0,44.8,160120,33.4,26.0,43.1,"","","","",41535,61.0,34.4,101.9,92345,41.1,28.0,59.8,5,62634,0.0,7.2,32.7,51.4,1.6,28.6,14.2
"A0264","Santa Clara","Mountain View, Palo Alto","https://www.californiahealthmaps.org?address=A0264","Both","Mela",313170,33.2,27.3,40.2,160120,47.4,38.3,58.9,"","","","",41535,"","","",92345,"","","",5,62634,0.0,7.2,32.7,51.4,1.6,28.6,14.2
"A0264","Santa Clara","Mountain View, Palo Alto","https://www.californiahealthmaps.org?address=A0264","Both","Lymph",313170,24.6,19.5,31.0,160120,28.5,21.3,38.3,"","","","",41535,"","","",92345,"","","",5,62634,0.0,7.2,32.7,51.4,1.6,28.6,14.2
"A0264","Santa Clara","Mountain View, Palo Alto","https://www.californiahealthmaps.org?address=A0264","Both","Urinary",313170,7.7,5.0,11.7,160120,9.1,5.6,15.3,"","","","",41535,"","","",92345,"","","",5,62634,0.0,7.2,32.7,51.4,1.6,28.6,14.2
"A0264","Santa Clara","Mountain View, Palo Alto","https://www.californiahealthmaps.org?address=A0264","Both","Kidney",313170,12.9,9.3,17.7,160120,12.3,8.0,19.3,"","","","",41535,"","","",92345,"","","",5,62634,0.0,7.2,32.7,51.4,1.6,28.6,14.2
"A0264","Santa Clara","Mountain View, Palo Alto","https://www.californiahealthmaps.org?address=A0264","Both","Thyroid",313170,17.9,13.7,23.4,160120,19.4,13.3,28.3,"","","","",41535,"","","",92345,20.5,12.2,34.2,5,62634,0.0,7.2,32.7,51.4,1.6,28.6,14.2
