"Zone","Counties","Cities","URL","Sex","Cancer","PopTot","AAIR","LCI","UCI","White_PopTot","White_AAIR","White_LCI","White_UCI","Black_PopTot","Black_AAIR","Black_LCI","Black_UCI","Hispanic_PopTot","Hispanic_AAIR","Hispanic_LCI","Hispanic_UCI","Asian_PopTot","Asian_AAIR","Asian_LCI","Asian_UCI","QNSES","PopAll","PerRural","PerUninsured","PerForeignBorn","PerWhite","PerBlack","PerAsian","PerHispanic","PerAPI","PerDocvisit","PerFOBT","PerMammo","PerMenPrev","PerPap","PerWomenPrev"
"A0982","Sacramento","Sacramento","https://www.californiahealthmaps.org?address=A0982","Male","AllSite",158475,542.5,500.5,587.7,79115,583.1,528.9,642.5,15500,514.0,396.3,659.8,40235,379.5,287.3,499.1,15465,493.2,350.7,684.4,1,63587,1.4,18.7,21.2,50.1,9.8,10.1,25.6,10.1,"","","","","",""
"A0982","Sacramento","Sacramento","https://www.californiahealthmaps.org?address=A0982","Female","AllSite",159460,504.6,468.4,543.0,79700,568.0,519.1,620.9,16525,344.2,258.1,452.1,37775,507.6,409.8,626.1,16510,337.8,246.6,457.3,1,63587,1.4,18.7,21.2,50.1,9.8,10.1,25.6,10.1,"","","","","",""
"A0982","Sacramento","Sacramento","https://www.californiahealthmaps.org?address=A0982","Male","Prostate",158475,103.7,86.0,124.7,79115,104.3,82.7,131.2,15500,126.4,74.6,206.9,40235,105.6,57.9,184.4,15465,"","","",1,63587,1.4,18.7,21.2,50.1,9.8,10.1,25.6,10.1,"","","","","",""
"A0982","Sacramento","Sacramento","https://www.californiahealthmaps.org?address=A0982","Female","Breast",159460,139.7,121.0,160.7,79700,148.5,123.9,177.3,16525,145.8,91.7,222.6,37775,160.6,108.8,234.0,16510,"","","",1,63587,1.4,18.7,21.2,50.1,9.8,10.1,25.6,10.1,"","","","","",""
"A0982","Sacramento","Sacramento","https://www.californiahealthmaps.org?address=A0982","Male","Lung",158475,98.3,80.3,119.8,79115,108.2,85.0,137.0,15500,"","","",40235,"","","",15465,"","","",1,63587,1.4,18.7,21.2,50.1,9.8,10.1,25.6,10.1,"","","","","",""
"A0982","Sacramento","Sacramento","https://www.californiahealthmaps.org?address=A0982","Female","Lung",159460,87.8,73.0,104.8,79700,107.3,87.1,131.8,16525,"","","",37775,"","","",16510,"","","",1,63587,1.4,18.7,21.2,50.1,9.8,10.1,25.6,10.1,"","","","","",""
"A0982","Sacramento","Sacramento","https://www.californiahealthmaps.org?address=A0982","Male","CRC",158475,62.0,48.0,79.6,79115,66.0,48.0,89.9,15500,"","","",40235,"","","",15465,"","","",1,63587,1.4,18.7,21.2,50.1,9.8,10.1,25.6,10.1,"","","","","",""
"A0982","Sacramento","Sacramento","https://www.californiahealthmaps.org?address=A0982","Female","CRC",159460,39.8,30.1,51.9,79700,41.3,29.2,57.9,16525,"","","",37775,"","","",16510,"","","",1,63587,1.4,18.7,21.2,50.1,9.8,10.1,25.6,10.1,"","","","","",""
"A0982","Sacramento","Sacramento","https://www.californiahealthmaps.org?address=A0982","Male","Mela",158475,19.6,12.4,30.6,79115,23.8,13.6,40.3,15500,"","","",40235,"","","",15465,"","","",1,63587,1.4,18.7,21.2,50.1,9.8,10.1,25.6,10.1,"","","","","",""
"A0982","Sacramento","Sacramento","https://www.californiahealthmaps.org?address=A0982","Female","Mela",159460,15.6,9.9,23.6,79700,21.3,12.8,34.4,16525,"","","",37775,"","","",16510,"","","",1,63587,1.4,18.7,21.2,50.1,9.8,10.1,25.6,10.1,"","","","","",""
"A0982","Sacramento","Sacramento","https://www.californiahealthmaps.org?address=A0982","Female","Uterine",159460,35.3,26.6,46.2,79700,41.3,29.4,57.4,16525,"","","",37775,"","","",16510,"","","",1,63587,1.4,18.7,21.2,50.1,9.8,10.1,25.6,10.1,"","","","","",""
"A0982","Sacramento","Sacramento","https://www.californiahealthmaps.org?address=A0982","Male","Lymph",158475,23.8,16.2,34.9,79115,27.5,17.6,43.1,15500,"","","",40235,"","","",15465,"","","",1,63587,1.4,18.7,21.2,50.1,9.8,10.1,25.6,10.1,"","","","","",""
"A0982","Sacramento","Sacramento","https://www.californiahealthmaps.org?address=A0982","Female","Lymph",159460,19.2,12.7,28.0,79700,21.6,13.2,34.6,16525,"","","",37775,"","","",16510,"","","",1,63587,1.4,18.7,21.2,50.1,9.8,10.1,25.6,10.1,"","","","","",""
"A0982","Sacramento","Sacramento","https://www.californiahealthmaps.org?address=A0982","Male","Urinary",158475,12.8,7.2,22.1,79115,"","","",15500,"","","",40235,"","","",15465,"","","",1,63587,1.4,18.7,21.2,50.1,9.8,10.1,25.6,10.1,"","","","","",""
"A0982","Sacramento","Sacramento","https://www.californiahealthmaps.org?address=A0982","Female","Urinary",159460,11.0,6.1,18.4,79700,"","","",16525,"","","",37775,"","","",16510,"","","",1,63587,1.4,18.7,21.2,50.1,9.8,10.1,25.6,10.1,"","","","","",""
"A0982","Sacramento","Sacramento","https://www.californiahealthmaps.org?address=A0982","Male","Kidney",158475,16.6,10.3,26.5,79115,"","","",15500,"","","",40235,"","","",15465,"","","",1,63587,1.4,18.7,21.2,50.1,9.8,10.1,25.6,10.1,"","","","","",""
"A0982","Sacramento","Sacramento","https://www.californiahealthmaps.org?address=A0982","Female","Kidney",159460,14.3,8.6,22.3,79700,"","","",16525,"","","",37775,"","","",16510,"","","",1,63587,1.4,18.7,21.2,50.1,9.8,10.1,25.6,10.1,"","","","","",""
"A0982","Sacramento","Sacramento","https://www.californiahealthmaps.org?address=A0982","Male","Thyroid",158475,"","","",79115,"","","",15500,"","","",40235,"","","",15465,"","","",1,63587,1.4,18.7,21.2,50.1,9.8,10.1,25.6,10.1,"","","","","",""
"A0982","Sacramento","Sacramento","https://www.californiahealthmaps.org?address=A0982","Female","Thyroid",159460,15.8,10.1,23.9,79700,"","","",16525,"","","",37775,"","","",16510,"","","",1,63587,1.4,18.7,21.2,50.1,9.8,10.1,25.6,10.1,"","","","","",""
"A0982","Sacramento","Sacramento","https://www.californiahealthmaps.org?address=A0982","Male","Liver",158475,24.2,16.7,35.0,79115,23.9,15.2,38.3,15500,"","","",40235,"","","",15465,"","","",1,63587,1.4,18.7,21.2,50.1,9.8,10.1,25.6,10.1,"","","","","",""
"A0982","Sacramento","Sacramento","https://www.californiahealthmaps.org?address=A0982","Female","Liver",159460,9.6,5.3,16.4,79700,"","","",16525,"","","",37775,"","","",16510,"","","",1,63587,1.4,18.7,21.2,50.1,9.8,10.1,25.6,10.1,"","","","","",""
"A0982","Sacramento","Sacramento","https://www.californiahealthmaps.org?address=A0982","Male","Pancreas",158475,19.7,12.4,30.8,79115,23.9,14.0,39.7,15500,"","","",40235,"","","",15465,"","","",1,63587,1.4,18.7,21.2,50.1,9.8,10.1,25.6,10.1,"","","","","",""
"A0982","Sacramento","Sacramento","https://www.californiahealthmaps.org?address=A0982","Female","Pancreas",159460,13.7,8.2,21.7,79700,"","","",16525,"","","",37775,"","","",16510,"","","",1,63587,1.4,18.7,21.2,50.1,9.8,10.1,25.6,10.1,"","","","","",""
"A0982","Sacramento","Sacramento","https://www.californiahealthmaps.org?address=A0982","Both","AllSite",317935,518.6,491.3,547.1,158815,573.3,537.1,611.6,32025,416.2,345.1,498.8,78010,443.1,375.0,522.6,31975,389.9,312.3,482.9,1,63587,1.4,18.7,21.2,50.1,9.8,10.1,25.6,10.1,"","","","","",""
"A0982","Sacramento","Sacramento","https://www.californiahealthmaps.org?address=A0982","Both","Lung",317935,91.7,80.2,104.5,158815,106.8,91.5,124.3,32025,74.7,47.0,114.3,78010,60.3,35.4,98.7,31975,"","","",1,63587,1.4,18.7,21.2,50.1,9.8,10.1,25.6,10.1,"","","","","",""
"A0982","Sacramento","Sacramento","https://www.californiahealthmaps.org?address=A0982","Both","CRC",317935,49.2,40.9,58.8,158815,51.8,41.3,64.6,32025,"","","",78010,55.0,30.7,93.2,31975,"","","",1,63587,1.4,18.7,21.2,50.1,9.8,10.1,25.6,10.1,"","","","","",""
"A0982","Sacramento","Sacramento","https://www.californiahealthmaps.org?address=A0982","Both","Mela",317935,17.5,12.8,23.5,158815,22.0,15.4,31.0,32025,"","","",78010,"","","",31975,"","","",1,63587,1.4,18.7,21.2,50.1,9.8,10.1,25.6,10.1,"","","","","",""
"A0982","Sacramento","Sacramento","https://www.californiahealthmaps.org?address=A0982","Both","Lymph",317935,21.4,16.3,27.9,158815,24.7,17.9,33.7,32025,"","","",78010,"","","",31975,"","","",1,63587,1.4,18.7,21.2,50.1,9.8,10.1,25.6,10.1,"","","","","",""
"A0982","Sacramento","Sacramento","https://www.californiahealthmaps.org?address=A0982","Both","Urinary",317935,12.1,8.1,17.4,158815,13.3,8.2,20.8,32025,"","","",78010,"","","",31975,"","","",1,63587,1.4,18.7,21.2,50.1,9.8,10.1,25.6,10.1,"","","","","",""
"A0982","Sacramento","Sacramento","https://www.californiahealthmaps.org?address=A0982","Both","Kidney",317935,15.5,11.1,21.2,158815,14.8,9.5,22.6,32025,"","","",78010,"","","",31975,"","","",1,63587,1.4,18.7,21.2,50.1,9.8,10.1,25.6,10.1,"","","","","",""
"A0982","Sacramento","Sacramento","https://www.californiahealthmaps.org?address=A0982","Both","Thyroid",317935,11.0,7.6,15.8,158815,9.9,5.7,16.5,32025,"","","",78010,"","","",31975,"","","",1,63587,1.4,18.7,21.2,50.1,9.8,10.1,25.6,10.1,"","","","","",""
"A0982","Sacramento","Sacramento","https://www.californiahealthmaps.org?address=A0982","Both","Liver",317935,16.6,12.3,22.2,158815,16.6,11.3,24.0,32025,"","","",78010,"","","",31975,"","","",1,63587,1.4,18.7,21.2,50.1,9.8,10.1,25.6,10.1,"","","","","",""
"A0982","Sacramento","Sacramento","https://www.californiahealthmaps.org?address=A0982","Both","Pancreas",317935,16.6,11.9,22.7,158815,19.6,13.4,28.2,32025,"","","",78010,"","","",31975,"","","",1,63587,1.4,18.7,21.2,50.1,9.8,10.1,25.6,10.1,"","","","","",""
