"Zone","Counties","Cities","URL","Sex","Cancer","PopTot","AAIR","LCI","UCI","White_PopTot","White_AAIR","White_LCI","White_UCI","Black_PopTot","Black_AAIR","Black_LCI","Black_UCI","Hispanic_PopTot","Hispanic_AAIR","Hispanic_LCI","Hispanic_UCI","Asian_PopTot","Asian_AAIR","Asian_LCI","Asian_UCI","QNSES","PopAll","PerRural","PerUninsured","PerForeignBorn","PerWhite","PerBlack","PerAsian","PerHispanic","PerAPI","PerDocvisit","PerFOBT","PerMammo","PerMenPrev","PerPap","PerWomenPrev"
"A0689","San Bernardino","Yucaipa, Redlands, Loma Linda","https://www.californiahealthmaps.org?address=A0689","Male","AllSite",148220,464.2,432.1,498.4,85005,477.5,438.5,520.2,"","","","",36750,432.9,351.2,529.8,14370,338.3,246.1,458.1,4,62169,1.9,13.0,16.1,54.2,6.1,9.7,27.1,9.7,"","","","","",""
"A0689","San Bernardino","Yucaipa, Redlands, Loma Linda","https://www.californiahealthmaps.org?address=A0689","Female","AllSite",162625,375.2,348.3,403.9,93770,367.6,334.2,404.9,"","","","",39345,475.7,400.1,562.7,16370,301.6,229.9,396.0,4,62169,1.9,13.0,16.1,54.2,6.1,9.7,27.1,9.7,"","","","","",""
"A0689","San Bernardino","Yucaipa, Redlands, Loma Linda","https://www.californiahealthmaps.org?address=A0689","Male","Prostate",148220,120.7,104.9,138.6,85005,119.8,101.4,142.1,"","","","",36750,117.6,77.0,174.3,14370,"","","",4,62169,1.9,13.0,16.1,54.2,6.1,9.7,27.1,9.7,"","","","","",""
"A0689","San Bernardino","Yucaipa, Redlands, Loma Linda","https://www.californiahealthmaps.org?address=A0689","Female","Breast",162625,119.6,104.4,136.7,93770,119.3,100.3,142.3,"","","","",39345,137.4,98.1,188.6,16370,99.7,59.9,164.6,4,62169,1.9,13.0,16.1,54.2,6.1,9.7,27.1,9.7,"","","","","",""
"A0689","San Bernardino","Yucaipa, Redlands, Loma Linda","https://www.californiahealthmaps.org?address=A0689","Male","Lung",148220,37.1,28.3,48.1,85005,38.5,28.1,53.2,"","","","",36750,"","","",14370,"","","",4,62169,1.9,13.0,16.1,54.2,6.1,9.7,27.1,9.7,"","","","","",""
"A0689","San Bernardino","Yucaipa, Redlands, Loma Linda","https://www.californiahealthmaps.org?address=A0689","Female","Lung",162625,38.6,30.6,48.5,93770,41.4,31.9,54.9,"","","","",39345,"","","",16370,"","","",4,62169,1.9,13.0,16.1,54.2,6.1,9.7,27.1,9.7,"","","","","",""
"A0689","San Bernardino","Yucaipa, Redlands, Loma Linda","https://www.californiahealthmaps.org?address=A0689","Male","CRC",148220,40.2,31.2,51.4,85005,42.3,31.5,57.3,"","","","",36750,"","","",14370,"","","",4,62169,1.9,13.0,16.1,54.2,6.1,9.7,27.1,9.7,"","","","","",""
"A0689","San Bernardino","Yucaipa, Redlands, Loma Linda","https://www.californiahealthmaps.org?address=A0689","Female","CRC",162625,25.9,19.5,34.4,93770,26.2,18.1,38.7,"","","","",39345,"","","",16370,"","","",4,62169,1.9,13.0,16.1,54.2,6.1,9.7,27.1,9.7,"","","","","",""
"A0689","San Bernardino","Yucaipa, Redlands, Loma Linda","https://www.californiahealthmaps.org?address=A0689","Male","Mela",148220,34.6,26.1,45.4,85005,46.7,34.6,63.1,"","","","",36750,"","","",14370,"","","",4,62169,1.9,13.0,16.1,54.2,6.1,9.7,27.1,9.7,"","","","","",""
"A0689","San Bernardino","Yucaipa, Redlands, Loma Linda","https://www.californiahealthmaps.org?address=A0689","Female","Mela",162625,14.6,9.5,22.0,93770,20.0,12.1,32.9,"","","","",39345,"","","",16370,"","","",4,62169,1.9,13.0,16.1,54.2,6.1,9.7,27.1,9.7,"","","","","",""
"A0689","San Bernardino","Yucaipa, Redlands, Loma Linda","https://www.californiahealthmaps.org?address=A0689","Female","Uterine",162625,29.3,22.3,38.2,93770,25.7,17.7,38.0,"","","","",39345,"","","",16370,"","","",4,62169,1.9,13.0,16.1,54.2,6.1,9.7,27.1,9.7,"","","","","",""
"A0689","San Bernardino","Yucaipa, Redlands, Loma Linda","https://www.californiahealthmaps.org?address=A0689","Male","Lymph",148220,24.3,17.3,33.6,85005,25.9,17.2,39.1,"","","","",36750,"","","",14370,"","","",4,62169,1.9,13.0,16.1,54.2,6.1,9.7,27.1,9.7,"","","","","",""
"A0689","San Bernardino","Yucaipa, Redlands, Loma Linda","https://www.californiahealthmaps.org?address=A0689","Female","Lymph",162625,19.2,13.6,26.8,93770,16.8,10.3,27.8,"","","","",39345,"","","",16370,"","","",4,62169,1.9,13.0,16.1,54.2,6.1,9.7,27.1,9.7,"","","","","",""
"A0689","San Bernardino","Yucaipa, Redlands, Loma Linda","https://www.californiahealthmaps.org?address=A0689","Male","Urinary",148220,18.6,12.6,27.0,85005,22.7,14.9,34.9,"","","","",36750,"","","",14370,"","","",4,62169,1.9,13.0,16.1,54.2,6.1,9.7,27.1,9.7,"","","","","",""
"A0689","San Bernardino","Yucaipa, Redlands, Loma Linda","https://www.californiahealthmaps.org?address=A0689","Female","Urinary",162625,"","","",93770,"","","","","","","",39345,"","","",16370,"","","",4,62169,1.9,13.0,16.1,54.2,6.1,9.7,27.1,9.7,"","","","","",""
"A0689","San Bernardino","Yucaipa, Redlands, Loma Linda","https://www.californiahealthmaps.org?address=A0689","Male","Kidney",148220,14.8,9.7,22.3,85005,13.3,7.8,23.5,"","","","",36750,"","","",14370,"","","",4,62169,1.9,13.0,16.1,54.2,6.1,9.7,27.1,9.7,"","","","","",""
"A0689","San Bernardino","Yucaipa, Redlands, Loma Linda","https://www.californiahealthmaps.org?address=A0689","Female","Kidney",162625,10.0,5.9,16.4,93770,"","","","","","","",39345,"","","",16370,"","","",4,62169,1.9,13.0,16.1,54.2,6.1,9.7,27.1,9.7,"","","","","",""
"A0689","San Bernardino","Yucaipa, Redlands, Loma Linda","https://www.californiahealthmaps.org?address=A0689","Male","Thyroid",148220,"","","",85005,"","","","","","","",36750,"","","",14370,"","","",4,62169,1.9,13.0,16.1,54.2,6.1,9.7,27.1,9.7,"","","","","",""
"A0689","San Bernardino","Yucaipa, Redlands, Loma Linda","https://www.californiahealthmaps.org?address=A0689","Female","Thyroid",162625,18.8,12.6,27.2,93770,22.0,13.0,36.1,"","","","",39345,"","","",16370,"","","",4,62169,1.9,13.0,16.1,54.2,6.1,9.7,27.1,9.7,"","","","","",""
"A0689","San Bernardino","Yucaipa, Redlands, Loma Linda","https://www.californiahealthmaps.org?address=A0689","Male","Liver",148220,13.0,8.2,20.0,85005,"","","","","","","",36750,"","","",14370,"","","",4,62169,1.9,13.0,16.1,54.2,6.1,9.7,27.1,9.7,"","","","","",""
"A0689","San Bernardino","Yucaipa, Redlands, Loma Linda","https://www.californiahealthmaps.org?address=A0689","Female","Liver",162625,"","","",93770,"","","","","","","",39345,"","","",16370,"","","",4,62169,1.9,13.0,16.1,54.2,6.1,9.7,27.1,9.7,"","","","","",""
"A0689","San Bernardino","Yucaipa, Redlands, Loma Linda","https://www.californiahealthmaps.org?address=A0689","Male","Pancreas",148220,14.8,9.7,22.2,85005,15.9,9.7,26.6,"","","","",36750,"","","",14370,"","","",4,62169,1.9,13.0,16.1,54.2,6.1,9.7,27.1,9.7,"","","","","",""
"A0689","San Bernardino","Yucaipa, Redlands, Loma Linda","https://www.californiahealthmaps.org?address=A0689","Female","Pancreas",162625,8.8,5.4,14.3,93770,"","","","","","","",39345,"","","",16370,"","","",4,62169,1.9,13.0,16.1,54.2,6.1,9.7,27.1,9.7,"","","","","",""
"A0689","San Bernardino","Yucaipa, Redlands, Loma Linda","https://www.californiahealthmaps.org?address=A0689","Both","AllSite",310845,410.4,389.9,431.9,178775,412.0,386.9,439.0,15045,519.3,408.3,653.7,76095,449.8,394.6,511.2,30740,314.7,257.3,383.9,4,62169,1.9,13.0,16.1,54.2,6.1,9.7,27.1,9.7,"","","","","",""
"A0689","San Bernardino","Yucaipa, Redlands, Loma Linda","https://www.californiahealthmaps.org?address=A0689","Both","Lung",310845,37.8,31.8,44.8,178775,39.9,32.8,49.0,15045,"","","",76095,37.4,21.7,60.4,30740,"","","",4,62169,1.9,13.0,16.1,54.2,6.1,9.7,27.1,9.7,"","","","","",""
"A0689","San Bernardino","Yucaipa, Redlands, Loma Linda","https://www.californiahealthmaps.org?address=A0689","Both","CRC",310845,32.3,26.8,38.7,178775,33.5,26.8,42.3,15045,"","","",76095,31.9,18.4,52.3,30740,"","","",4,62169,1.9,13.0,16.1,54.2,6.1,9.7,27.1,9.7,"","","","","",""
"A0689","San Bernardino","Yucaipa, Redlands, Loma Linda","https://www.californiahealthmaps.org?address=A0689","Both","Mela",310845,23.2,18.4,29.0,178775,31.6,24.5,40.8,15045,"","","",76095,"","","",30740,"","","",4,62169,1.9,13.0,16.1,54.2,6.1,9.7,27.1,9.7,"","","","","",""
"A0689","San Bernardino","Yucaipa, Redlands, Loma Linda","https://www.californiahealthmaps.org?address=A0689","Both","Lymph",310845,21.3,16.8,26.8,178775,20.7,15.3,28.3,15045,"","","",76095,33.0,19.6,53.2,30740,"","","",4,62169,1.9,13.0,16.1,54.2,6.1,9.7,27.1,9.7,"","","","","",""
"A0689","San Bernardino","Yucaipa, Redlands, Loma Linda","https://www.californiahealthmaps.org?address=A0689","Both","Urinary",310845,10.5,7.5,14.5,178775,12.5,8.7,18.5,15045,"","","",76095,"","","",30740,"","","",4,62169,1.9,13.0,16.1,54.2,6.1,9.7,27.1,9.7,"","","","","",""
"A0689","San Bernardino","Yucaipa, Redlands, Loma Linda","https://www.californiahealthmaps.org?address=A0689","Both","Kidney",310845,12.1,8.8,16.4,178775,12.0,8.1,18.2,15045,"","","",76095,"","","",30740,"","","",4,62169,1.9,13.0,16.1,54.2,6.1,9.7,27.1,9.7,"","","","","",""
"A0689","San Bernardino","Yucaipa, Redlands, Loma Linda","https://www.californiahealthmaps.org?address=A0689","Both","Thyroid",310845,13.2,9.5,18.1,178775,14.5,9.4,22.0,15045,"","","",76095,"","","",30740,"","","",4,62169,1.9,13.0,16.1,54.2,6.1,9.7,27.1,9.7,"","","","","",""
"A0689","San Bernardino","Yucaipa, Redlands, Loma Linda","https://www.californiahealthmaps.org?address=A0689","Both","Liver",310845,7.8,5.4,11.4,178775,5.0,2.8,9.5,15045,"","","",76095,"","","",30740,"","","",4,62169,1.9,13.0,16.1,54.2,6.1,9.7,27.1,9.7,"","","","","",""
"A0689","San Bernardino","Yucaipa, Redlands, Loma Linda","https://www.californiahealthmaps.org?address=A0689","Both","Pancreas",310845,11.1,8.1,15.2,178775,11.3,7.8,17.0,15045,"","","",76095,"","","",30740,"","","",4,62169,1.9,13.0,16.1,54.2,6.1,9.7,27.1,9.7,"","","","","",""
