"Zone","Counties","Cities","URL","Sex","Cancer","PopTot","AAIR","LCI","UCI","White_PopTot","White_AAIR","White_LCI","White_UCI","Black_PopTot","Black_AAIR","Black_LCI","Black_UCI","Hispanic_PopTot","Hispanic_AAIR","Hispanic_LCI","Hispanic_UCI","Asian_PopTot","Asian_AAIR","Asian_LCI","Asian_UCI","QNSES","PopAll","PerRural","PerUninsured","PerForeignBorn","PerWhite","PerBlack","PerAsian","PerHispanic"
"A0752","San Francisco","San Francisco","https://www.californiahealthmaps.org?address=A0752","Male","AllSite",142125,433.3,401.1,468.2,68480,563.1,505.4,628.3,"","","","","","","","",55265,318.5,279.6,364.4,5,59572,0.0,9.4,36.6,44.1,1.6,43.0,7.0
"A0752","San Francisco","San Francisco","https://www.californiahealthmaps.org?address=A0752","Female","AllSite",155735,380.5,352.9,410.8,68295,453.3,404.0,511.2,"","","","","","","","",69415,346.7,309.9,389.8,5,59572,0.0,9.4,36.6,44.1,1.6,43.0,7.0
"A0752","San Francisco","San Francisco","https://www.californiahealthmaps.org?address=A0752","Male","Prostate",142125,91.0,76.6,108.2,68480,124.4,98.7,158.1,"","","","","","","","",55265,56.8,41.7,79.7,5,59572,0.0,9.4,36.6,44.1,1.6,43.0,7.0
"A0752","San Francisco","San Francisco","https://www.californiahealthmaps.org?address=A0752","Female","Breast",155735,120.3,104.9,138.5,68295,133.4,107.8,168.5,"","","","","","","","",69415,117.7,95.9,146.5,5,59572,0.0,9.4,36.6,44.1,1.6,43.0,7.0
"A0752","San Francisco","San Francisco","https://www.californiahealthmaps.org?address=A0752","Male","Lung",142125,52.1,41.4,65.7,68480,61.4,43.2,88.3,"","","","","","","","",55265,38.1,26.4,57.8,5,59572,0.0,9.4,36.6,44.1,1.6,43.0,7.0
"A0752","San Francisco","San Francisco","https://www.californiahealthmaps.org?address=A0752","Female","Lung",155735,37.0,29.1,47.8,68295,33.0,21.5,55.5,"","","","","","","","",69415,42.8,31.3,61.9,5,59572,0.0,9.4,36.6,44.1,1.6,43.0,7.0
"A0752","San Francisco","San Francisco","https://www.californiahealthmaps.org?address=A0752","Male","CRC",142125,50.7,40.1,64.2,68480,54.2,37.6,79.4,"","","","","","","","",55265,45.6,31.7,67.6,5,59572,0.0,9.4,36.6,44.1,1.6,43.0,7.0
"A0752","San Francisco","San Francisco","https://www.californiahealthmaps.org?address=A0752","Female","CRC",155735,32.6,25.0,43.1,68295,37.8,24.8,61.8,"","","","","","","","",69415,29.7,20.2,47.0,5,59572,0.0,9.4,36.6,44.1,1.6,43.0,7.0
"A0752","San Francisco","San Francisco","https://www.californiahealthmaps.org?address=A0752","Male","Mela",142125,22.1,15.4,31.8,68480,45.5,30.7,69.1,"","","","","","","","",55265,"","","",5,59572,0.0,9.4,36.6,44.1,1.6,43.0,7.0
"A0752","San Francisco","San Francisco","https://www.californiahealthmaps.org?address=A0752","Female","Mela",155735,18.1,12.4,26.9,68295,39.2,26.1,63.1,"","","","","","","","",69415,"","","",5,59572,0.0,9.4,36.6,44.1,1.6,43.0,7.0
"A0752","San Francisco","San Francisco","https://www.californiahealthmaps.org?address=A0752","Female","Uterine",155735,23.2,16.9,32.4,68295,29.7,18.5,52.2,"","","","","","","","",69415,18.4,11.1,34.3,5,59572,0.0,9.4,36.6,44.1,1.6,43.0,7.0
"A0752","San Francisco","San Francisco","https://www.californiahealthmaps.org?address=A0752","Male","Lymph",142125,29.6,21.5,40.6,68480,38.5,24.8,61.1,"","","","","","","","",55265,20.9,11.5,39.4,5,59572,0.0,9.4,36.6,44.1,1.6,43.0,7.0
"A0752","San Francisco","San Francisco","https://www.californiahealthmaps.org?address=A0752","Female","Lymph",155735,18.4,12.4,27.5,68295,23.4,13.6,44.9,"","","","","","","","",69415,16.3,8.4,33.3,5,59572,0.0,9.4,36.6,44.1,1.6,43.0,7.0
"A0752","San Francisco","San Francisco","https://www.californiahealthmaps.org?address=A0752","Male","Urinary",142125,10.7,6.2,18.5,68480,"","","","","","","","","","","",55265,"","","",5,59572,0.0,9.4,36.6,44.1,1.6,43.0,7.0
"A0752","San Francisco","San Francisco","https://www.californiahealthmaps.org?address=A0752","Female","Urinary",155735,2.4,0.8,8.0,68295,"","","","","","","","","","","",69415,"","","",5,59572,0.0,9.4,36.6,44.1,1.6,43.0,7.0
"A0752","San Francisco","San Francisco","https://www.californiahealthmaps.org?address=A0752","Male","Kidney",142125,16.6,10.7,25.7,68480,"","","","","","","","","","","",55265,"","","",5,59572,0.0,9.4,36.6,44.1,1.6,43.0,7.0
"A0752","San Francisco","San Francisco","https://www.californiahealthmaps.org?address=A0752","Female","Kidney",155735,5.1,2.4,11.4,68295,"","","","","","","","","","","",69415,"","","",5,59572,0.0,9.4,36.6,44.1,1.6,43.0,7.0
"A0752","San Francisco","San Francisco","https://www.californiahealthmaps.org?address=A0752","Male","Thyroid",142125,4.3,1.7,10.5,68480,"","","","","","","","","","","",55265,"","","",5,59572,0.0,9.4,36.6,44.1,1.6,43.0,7.0
"A0752","San Francisco","San Francisco","https://www.californiahealthmaps.org?address=A0752","Female","Thyroid",155735,21.5,14.6,31.6,68295,24.9,11.5,51.3,"","","","","","","","",69415,23.0,13.4,41.1,5,59572,0.0,9.4,36.6,44.1,1.6,43.0,7.0
"A0752","San Francisco","San Francisco","https://www.californiahealthmaps.org?address=A0752","Both","AllSite",297860,399.6,378.8,421.7,136775,495.9,458.8,536.7,"","","","",19085,373.0,266.1,516.4,124680,333.1,306.2,363.1,5,59572,0.0,9.4,36.6,44.1,1.6,43.0,7.0
"A0752","San Francisco","San Francisco","https://www.californiahealthmaps.org?address=A0752","Both","Lung",297860,43.6,37.1,51.5,136775,46.1,35.4,61.2,"","","","",19085,"","","",124680,41.1,32.5,53.1,5,59572,0.0,9.4,36.6,44.1,1.6,43.0,7.0
"A0752","San Francisco","San Francisco","https://www.californiahealthmaps.org?address=A0752","Both","CRC",297860,40.4,34.0,48.1,136775,45.6,34.9,60.7,"","","","",19085,"","","",124680,36.4,28.1,48.1,5,59572,0.0,9.4,36.6,44.1,1.6,43.0,7.0
"A0752","San Francisco","San Francisco","https://www.californiahealthmaps.org?address=A0752","Both","Mela",297860,19.8,15.3,25.6,136775,41.3,31.4,55.6,"","","","",19085,"","","",124680,"","","",5,59572,0.0,9.4,36.6,44.1,1.6,43.0,7.0
"A0752","San Francisco","San Francisco","https://www.californiahealthmaps.org?address=A0752","Both","Lymph",297860,23.3,18.3,29.7,136775,30.4,21.9,43.4,"","","","",19085,"","","",124680,18.2,11.9,28.5,5,59572,0.0,9.4,36.6,44.1,1.6,43.0,7.0
"A0752","San Francisco","San Francisco","https://www.californiahealthmaps.org?address=A0752","Both","Urinary",297860,6.0,3.8,9.8,136775,"","","","","","","",19085,"","","",124680,"","","",5,59572,0.0,9.4,36.6,44.1,1.6,43.0,7.0
"A0752","San Francisco","San Francisco","https://www.californiahealthmaps.org?address=A0752","Both","Kidney",297860,10.2,7.0,14.9,136775,11.9,6.8,22.2,"","","","",19085,"","","",124680,8.0,4.3,15.9,5,59572,0.0,9.4,36.6,44.1,1.6,43.0,7.0
"A0752","San Francisco","San Francisco","https://www.californiahealthmaps.org?address=A0752","Both","Thyroid",297860,13.2,9.4,18.6,136775,13.6,7.1,25.7,"","","","",19085,"","","",124680,14.5,8.9,24.3,5,59572,0.0,9.4,36.6,44.1,1.6,43.0,7.0
