"Zone","Counties","Cities","URL","Sex","Cancer","PopTot","AAIR","LCI","UCI","White_PopTot","White_AAIR","White_LCI","White_UCI","Black_PopTot","Black_AAIR","Black_LCI","Black_UCI","Hispanic_PopTot","Hispanic_AAIR","Hispanic_LCI","Hispanic_UCI","Asian_PopTot","Asian_AAIR","Asian_LCI","Asian_UCI","QNSES","PopAll","PerRural","PerUninsured","PerForeignBorn","PerWhite","PerBlack","PerAsian","PerHispanic"
"A0753","Merced","Merced","https://www.californiahealthmaps.org?address=A0753","Male","AllSite",166280,459.1,421.3,499.7,49715,499.7,443.9,561.8,"","","","",86245,370.7,312.5,437.7,17400,402.5,260.6,605.5,1,67214,2.1,17.3,20.9,33.1,5.4,9.2,50.0
"A0753","Merced","Merced","https://www.californiahealthmaps.org?address=A0753","Female","AllSite",169790,395.8,364.4,429.5,54325,407.8,362.7,458.8,"","","","",84865,351.9,300.3,411.0,17100,260.8,171.9,387.2,1,67214,2.1,17.3,20.9,33.1,5.4,9.2,50.0
"A0753","Merced","Merced","https://www.californiahealthmaps.org?address=A0753","Male","Prostate",166280,68.4,54.4,85.2,49715,65.9,47.4,91.2,"","","","",86245,69.2,44.7,103.4,17400,"","","",1,67214,2.1,17.3,20.9,33.1,5.4,9.2,50.0
"A0753","Merced","Merced","https://www.californiahealthmaps.org?address=A0753","Female","Breast",169790,108.8,92.6,127.2,54325,130.6,104.8,162.8,"","","","",84865,93.4,67.8,126.9,17100,"","","",1,67214,2.1,17.3,20.9,33.1,5.4,9.2,50.0
"A0753","Merced","Merced","https://www.californiahealthmaps.org?address=A0753","Male","Lung",166280,70.5,55.8,88.2,49715,90.7,67.9,120.3,"","","","",86245,"","","",17400,"","","",1,67214,2.1,17.3,20.9,33.1,5.4,9.2,50.0
"A0753","Merced","Merced","https://www.californiahealthmaps.org?address=A0753","Female","Lung",169790,54.5,43.3,68.1,54325,60.3,44.8,82.1,"","","","",84865,37.4,20.7,63.1,17100,"","","",1,67214,2.1,17.3,20.9,33.1,5.4,9.2,50.0
"A0753","Merced","Merced","https://www.californiahealthmaps.org?address=A0753","Male","CRC",166280,39.7,29.4,52.7,49715,46.7,30.9,69.5,"","","","",86245,28.5,15.6,50.5,17400,"","","",1,67214,2.1,17.3,20.9,33.1,5.4,9.2,50.0
"A0753","Merced","Merced","https://www.californiahealthmaps.org?address=A0753","Female","CRC",169790,37.2,28.1,48.6,54325,36.0,23.5,55.4,"","","","",84865,31.2,18.0,52.2,17100,"","","",1,67214,2.1,17.3,20.9,33.1,5.4,9.2,50.0
"A0753","Merced","Merced","https://www.californiahealthmaps.org?address=A0753","Male","Mela",166280,22.1,14.5,32.7,49715,25.2,14.2,43.5,"","","","",86245,"","","",17400,"","","",1,67214,2.1,17.3,20.9,33.1,5.4,9.2,50.0
"A0753","Merced","Merced","https://www.californiahealthmaps.org?address=A0753","Female","Mela",169790,12.8,7.8,20.2,54325,"","","","","","","",84865,"","","",17100,"","","",1,67214,2.1,17.3,20.9,33.1,5.4,9.2,50.0
"A0753","Merced","Merced","https://www.californiahealthmaps.org?address=A0753","Female","Uterine",169790,17.4,11.4,25.8,54325,18.2,10.0,33.7,"","","","",84865,"","","",17100,"","","",1,67214,2.1,17.3,20.9,33.1,5.4,9.2,50.0
"A0753","Merced","Merced","https://www.californiahealthmaps.org?address=A0753","Male","Lymph",166280,22.6,14.9,33.4,49715,"","","","","","","",86245,"","","",17400,"","","",1,67214,2.1,17.3,20.9,33.1,5.4,9.2,50.0
"A0753","Merced","Merced","https://www.californiahealthmaps.org?address=A0753","Female","Lymph",169790,15.5,9.8,23.5,54325,"","","","","","","",84865,"","","",17100,"","","",1,67214,2.1,17.3,20.9,33.1,5.4,9.2,50.0
"A0753","Merced","Merced","https://www.californiahealthmaps.org?address=A0753","Male","Urinary",166280,24.7,16.4,36.1,49715,31.3,19.0,50.8,"","","","",86245,"","","",17400,"","","",1,67214,2.1,17.3,20.9,33.1,5.4,9.2,50.0
"A0753","Merced","Merced","https://www.californiahealthmaps.org?address=A0753","Female","Urinary",169790,4.3,1.6,9.8,54325,"","","","","","","",84865,"","","",17100,"","","",1,67214,2.1,17.3,20.9,33.1,5.4,9.2,50.0
"A0753","Merced","Merced","https://www.californiahealthmaps.org?address=A0753","Male","Kidney",166280,24.9,16.8,35.9,49715,31.1,18.1,51.5,"","","","",86245,"","","",17400,"","","",1,67214,2.1,17.3,20.9,33.1,5.4,9.2,50.0
"A0753","Merced","Merced","https://www.californiahealthmaps.org?address=A0753","Female","Kidney",169790,7.7,4.1,13.8,54325,"","","","","","","",84865,"","","",17100,"","","",1,67214,2.1,17.3,20.9,33.1,5.4,9.2,50.0
"A0753","Merced","Merced","https://www.californiahealthmaps.org?address=A0753","Male","Thyroid",166280,6.2,2.6,12.9,49715,"","","","","","","",86245,"","","",17400,"","","",1,67214,2.1,17.3,20.9,33.1,5.4,9.2,50.0
"A0753","Merced","Merced","https://www.californiahealthmaps.org?address=A0753","Female","Thyroid",169790,20.0,13.4,28.9,54325,"","","","","","","",84865,"","","",17100,"","","",1,67214,2.1,17.3,20.9,33.1,5.4,9.2,50.0
"A0753","Merced","Merced","https://www.californiahealthmaps.org?address=A0753","Both","AllSite",336070,419.7,395.6,444.9,104040,443.6,408.5,481.6,16855,574.9,457.0,716.0,171110,359.1,320.3,401.9,34500,311.9,233.9,412.1,1,67214,2.1,17.3,20.9,33.1,5.4,9.2,50.0
"A0753","Merced","Merced","https://www.californiahealthmaps.org?address=A0753","Both","Lung",336070,61.3,52.1,71.6,104040,73.9,60.3,90.5,16855,110.4,62.7,182.9,171110,34.9,22.6,52.0,34500,"","","",1,67214,2.1,17.3,20.9,33.1,5.4,9.2,50.0
"A0753","Merced","Merced","https://www.californiahealthmaps.org?address=A0753","Both","CRC",336070,38.3,31.4,46.5,104040,40.9,30.7,54.3,16855,"","","",171110,30.3,20.5,44.0,34500,"","","",1,67214,2.1,17.3,20.9,33.1,5.4,9.2,50.0
"A0753","Merced","Merced","https://www.californiahealthmaps.org?address=A0753","Both","Mela",336070,16.7,12.2,22.4,104040,20.6,13.7,30.8,16855,"","","",171110,"","","",34500,"","","",1,67214,2.1,17.3,20.9,33.1,5.4,9.2,50.0
"A0753","Merced","Merced","https://www.californiahealthmaps.org?address=A0753","Both","Lymph",336070,18.7,13.9,24.7,104040,15.3,9.6,24.4,16855,"","","",171110,25.0,15.1,39.4,34500,"","","",1,67214,2.1,17.3,20.9,33.1,5.4,9.2,50.0
"A0753","Merced","Merced","https://www.californiahealthmaps.org?address=A0753","Both","Urinary",336070,12.8,8.9,17.9,104040,15.5,9.8,24.5,16855,"","","",171110,"","","",34500,"","","",1,67214,2.1,17.3,20.9,33.1,5.4,9.2,50.0
"A0753","Merced","Merced","https://www.californiahealthmaps.org?address=A0753","Both","Kidney",336070,15.4,11.2,20.9,104040,17.9,11.2,28.1,16855,"","","",171110,15.9,9.1,26.9,34500,"","","",1,67214,2.1,17.3,20.9,33.1,5.4,9.2,50.0
"A0753","Merced","Merced","https://www.californiahealthmaps.org?address=A0753","Both","Thyroid",336070,13.4,9.4,18.6,104040,11.6,6.4,20.4,16855,"","","",171110,13.3,7.2,23.7,34500,"","","",1,67214,2.1,17.3,20.9,33.1,5.4,9.2,50.0
