"Zone","Counties","Cities","URL","Sex","Cancer","PopTot","AAIR","LCI","UCI","White_PopTot","White_AAIR","White_LCI","White_UCI","Black_PopTot","Black_AAIR","Black_LCI","Black_UCI","Hispanic_PopTot","Hispanic_AAIR","Hispanic_LCI","Hispanic_UCI","Asian_PopTot","Asian_AAIR","Asian_LCI","Asian_UCI","QNSES","PopAll","PerRural","PerUninsured","PerForeignBorn","PerWhite","PerBlack","PerAsian","PerHispanic","PerAPI","PerDocvisit","PerFOBT","PerMammo","PerMenPrev","PerPap","PerWomenPrev"
"A1085","Kings","Hanford, Corcoran, Avenal","https://www.californiahealthmaps.org?address=A1085","Male","AllSite",233190,373.0,334.3,416.3,55330,405.3,340.3,481.5,29660,344.5,186.6,631.0,136705,345.2,293.7,406.2,"","","","",1,72654,15.9,25.0,26.6,22.6,7.7,2.5,63.6,2.5,"","","","","",""
"A1085","Kings","Hanford, Corcoran, Avenal","https://www.californiahealthmaps.org?address=A1085","Female","AllSite",130080,344.6,307.1,385.8,27925,372.7,306.1,453.0,"","","","",89100,310.9,263.5,365.7,"","","","",1,72654,15.9,25.0,26.6,22.6,7.7,2.5,63.6,2.5,"","","","","",""
"A1085","Kings","Hanford, Corcoran, Avenal","https://www.californiahealthmaps.org?address=A1085","Male","Prostate",233190,72.9,55.7,95.0,55330,51.8,30.5,85.7,29660,"","","",136705,83.4,57.5,120.4,"","","","",1,72654,15.9,25.0,26.6,22.6,7.7,2.5,63.6,2.5,"","","","","",""
"A1085","Kings","Hanford, Corcoran, Avenal","https://www.californiahealthmaps.org?address=A1085","Female","Breast",130080,103.5,83.3,127.4,27925,103.0,69.7,150.8,"","","","",89100,90.2,65.7,122.2,"","","","",1,72654,15.9,25.0,26.6,22.6,7.7,2.5,63.6,2.5,"","","","","",""
"A1085","Kings","Hanford, Corcoran, Avenal","https://www.californiahealthmaps.org?address=A1085","Male","Lung",233190,40.0,27.9,57.1,55330,68.1,43.5,104.7,29660,"","","",136705,"","","","","","","",1,72654,15.9,25.0,26.6,22.6,7.7,2.5,63.6,2.5,"","","","","",""
"A1085","Kings","Hanford, Corcoran, Avenal","https://www.californiahealthmaps.org?address=A1085","Female","Lung",130080,31.9,21.1,46.7,27925,54.1,30.6,93.0,"","","","",89100,"","","","","","","",1,72654,15.9,25.0,26.6,22.6,7.7,2.5,63.6,2.5,"","","","","",""
"A1085","Kings","Hanford, Corcoran, Avenal","https://www.californiahealthmaps.org?address=A1085","Male","CRC",233190,51.7,37.3,71.2,55330,52.7,29.8,88.6,29660,"","","",136705,48.7,29.6,79.3,"","","","",1,72654,15.9,25.0,26.6,22.6,7.7,2.5,63.6,2.5,"","","","","",""
"A1085","Kings","Hanford, Corcoran, Avenal","https://www.californiahealthmaps.org?address=A1085","Female","CRC",130080,27.1,17.3,40.9,27925,"","","","","","","",89100,"","","","","","","",1,72654,15.9,25.0,26.6,22.6,7.7,2.5,63.6,2.5,"","","","","",""
"A1085","Kings","Hanford, Corcoran, Avenal","https://www.californiahealthmaps.org?address=A1085","Male","Mela",233190,"","","",55330,"","","",29660,"","","",136705,"","","","","","","",1,72654,15.9,25.0,26.6,22.6,7.7,2.5,63.6,2.5,"","","","","",""
"A1085","Kings","Hanford, Corcoran, Avenal","https://www.californiahealthmaps.org?address=A1085","Female","Mela",130080,"","","",27925,"","","","","","","",89100,"","","","","","","",1,72654,15.9,25.0,26.6,22.6,7.7,2.5,63.6,2.5,"","","","","",""
"A1085","Kings","Hanford, Corcoran, Avenal","https://www.californiahealthmaps.org?address=A1085","Female","Uterine",130080,24.1,15.2,36.8,27925,"","","","","","","",89100,25.8,14.2,45.4,"","","","",1,72654,15.9,25.0,26.6,22.6,7.7,2.5,63.6,2.5,"","","","","",""
"A1085","Kings","Hanford, Corcoran, Avenal","https://www.californiahealthmaps.org?address=A1085","Male","Lymph",233190,9.9,5.3,19.7,55330,"","","",29660,"","","",136705,"","","","","","","",1,72654,15.9,25.0,26.6,22.6,7.7,2.5,63.6,2.5,"","","","","",""
"A1085","Kings","Hanford, Corcoran, Avenal","https://www.californiahealthmaps.org?address=A1085","Female","Lymph",130080,"","","",27925,"","","","","","","",89100,"","","","","","","",1,72654,15.9,25.0,26.6,22.6,7.7,2.5,63.6,2.5,"","","","","",""
"A1085","Kings","Hanford, Corcoran, Avenal","https://www.californiahealthmaps.org?address=A1085","Male","Urinary",233190,"","","",55330,"","","",29660,"","","",136705,"","","","","","","",1,72654,15.9,25.0,26.6,22.6,7.7,2.5,63.6,2.5,"","","","","",""
"A1085","Kings","Hanford, Corcoran, Avenal","https://www.californiahealthmaps.org?address=A1085","Female","Urinary",130080,"","","",27925,"","","","","","","",89100,"","","","","","","",1,72654,15.9,25.0,26.6,22.6,7.7,2.5,63.6,2.5,"","","","","",""
"A1085","Kings","Hanford, Corcoran, Avenal","https://www.californiahealthmaps.org?address=A1085","Male","Kidney",233190,18.0,10.9,30.3,55330,"","","",29660,"","","",136705,28.4,16.1,51.9,"","","","",1,72654,15.9,25.0,26.6,22.6,7.7,2.5,63.6,2.5,"","","","","",""
"A1085","Kings","Hanford, Corcoran, Avenal","https://www.californiahealthmaps.org?address=A1085","Female","Kidney",130080,"","","",27925,"","","","","","","",89100,"","","","","","","",1,72654,15.9,25.0,26.6,22.6,7.7,2.5,63.6,2.5,"","","","","",""
"A1085","Kings","Hanford, Corcoran, Avenal","https://www.californiahealthmaps.org?address=A1085","Male","Thyroid",233190,"","","",55330,"","","",29660,"","","",136705,"","","","","","","",1,72654,15.9,25.0,26.6,22.6,7.7,2.5,63.6,2.5,"","","","","",""
"A1085","Kings","Hanford, Corcoran, Avenal","https://www.californiahealthmaps.org?address=A1085","Female","Thyroid",130080,20.7,12.9,32.1,27925,"","","","","","","",89100,23.3,12.9,41.4,"","","","",1,72654,15.9,25.0,26.6,22.6,7.7,2.5,63.6,2.5,"","","","","",""
"A1085","Kings","Hanford, Corcoran, Avenal","https://www.californiahealthmaps.org?address=A1085","Male","Liver",233190,23.3,15.7,35.6,55330,"","","",29660,"","","",136705,22.6,12.7,43.6,"","","","",1,72654,15.9,25.0,26.6,22.6,7.7,2.5,63.6,2.5,"","","","","",""
"A1085","Kings","Hanford, Corcoran, Avenal","https://www.californiahealthmaps.org?address=A1085","Female","Liver",130080,"","","",27925,"","","","","","","",89100,"","","","","","","",1,72654,15.9,25.0,26.6,22.6,7.7,2.5,63.6,2.5,"","","","","",""
"A1085","Kings","Hanford, Corcoran, Avenal","https://www.californiahealthmaps.org?address=A1085","Male","Pancreas",233190,11.1,5.4,22.2,55330,"","","",29660,"","","",136705,"","","","","","","",1,72654,15.9,25.0,26.6,22.6,7.7,2.5,63.6,2.5,"","","","","",""
"A1085","Kings","Hanford, Corcoran, Avenal","https://www.californiahealthmaps.org?address=A1085","Female","Pancreas",130080,"","","",27925,"","","","","","","",89100,"","","","","","","",1,72654,15.9,25.0,26.6,22.6,7.7,2.5,63.6,2.5,"","","","","",""
"A1085","Kings","Hanford, Corcoran, Avenal","https://www.californiahealthmaps.org?address=A1085","Both","AllSite",363270,345.6,319.7,373.3,83255,373.5,329.7,422.4,35145,342.5,230.2,507.0,225805,319.3,284.9,357.6,"","","","",1,72654,15.9,25.0,26.6,22.6,7.7,2.5,63.6,2.5,"","","","","",""
"A1085","Kings","Hanford, Corcoran, Avenal","https://www.californiahealthmaps.org?address=A1085","Both","Lung",363270,35.7,27.5,46.0,83255,57.7,41.4,79.3,35145,"","","",225805,23.7,14.4,37.7,"","","","",1,72654,15.9,25.0,26.6,22.6,7.7,2.5,63.6,2.5,"","","","","",""
"A1085","Kings","Hanford, Corcoran, Avenal","https://www.californiahealthmaps.org?address=A1085","Both","CRC",363270,38.3,30.0,48.6,83255,41.6,27.7,61.2,35145,"","","",225805,36.2,25.1,51.8,"","","","",1,72654,15.9,25.0,26.6,22.6,7.7,2.5,63.6,2.5,"","","","","",""
"A1085","Kings","Hanford, Corcoran, Avenal","https://www.californiahealthmaps.org?address=A1085","Both","Mela",363270,8.3,4.6,14.1,83255,"","","",35145,"","","",225805,"","","","","","","",1,72654,15.9,25.0,26.6,22.6,7.7,2.5,63.6,2.5,"","","","","",""
"A1085","Kings","Hanford, Corcoran, Avenal","https://www.californiahealthmaps.org?address=A1085","Both","Lymph",363270,13.8,8.9,20.8,83255,"","","",35145,"","","",225805,16.2,8.7,28.5,"","","","",1,72654,15.9,25.0,26.6,22.6,7.7,2.5,63.6,2.5,"","","","","",""
"A1085","Kings","Hanford, Corcoran, Avenal","https://www.californiahealthmaps.org?address=A1085","Both","Urinary",363270,"","","",83255,"","","",35145,"","","",225805,"","","","","","","",1,72654,15.9,25.0,26.6,22.6,7.7,2.5,63.6,2.5,"","","","","",""
"A1085","Kings","Hanford, Corcoran, Avenal","https://www.californiahealthmaps.org?address=A1085","Both","Kidney",363270,15.3,10.4,22.1,83255,"","","",35145,"","","",225805,23.4,15.0,36.0,"","","","",1,72654,15.9,25.0,26.6,22.6,7.7,2.5,63.6,2.5,"","","","","",""
"A1085","Kings","Hanford, Corcoran, Avenal","https://www.californiahealthmaps.org?address=A1085","Both","Thyroid",363270,9.8,6.4,15.1,83255,"","","",35145,"","","",225805,11.3,6.4,20.5,"","","","",1,72654,15.9,25.0,26.6,22.6,7.7,2.5,63.6,2.5,"","","","","",""
"A1085","Kings","Hanford, Corcoran, Avenal","https://www.californiahealthmaps.org?address=A1085","Both","Liver",363270,15.6,10.9,22.0,83255,"","","",35145,"","","",225805,14.8,8.8,25.2,"","","","",1,72654,15.9,25.0,26.6,22.6,7.7,2.5,63.6,2.5,"","","","","",""
"A1085","Kings","Hanford, Corcoran, Avenal","https://www.californiahealthmaps.org?address=A1085","Both","Pancreas",363270,11.4,7.0,17.9,83255,"","","",35145,"","","",225805,"","","","","","","",1,72654,15.9,25.0,26.6,22.6,7.7,2.5,63.6,2.5,"","","","","",""
