"Zone","Counties","Cities","URL","Sex","Cancer","PopTot","AAIR","LCI","UCI","White_PopTot","White_AAIR","White_LCI","White_UCI","Black_PopTot","Black_AAIR","Black_LCI","Black_UCI","Hispanic_PopTot","Hispanic_AAIR","Hispanic_LCI","Hispanic_UCI","Asian_PopTot","Asian_AAIR","Asian_LCI","Asian_UCI","QNSES","PopAll","PerRural","PerUninsured","PerForeignBorn","PerWhite","PerBlack","PerAsian","PerHispanic"
"A0366","Orange","Cypress","https://www.californiahealthmaps.org?address=A0366","Male","AllSite",154595,447.5,414.2,483.2,55785,461.3,413.9,515.4,"","","","",31660,435.6,350.2,537.8,56075,396.6,337.5,466.0,4,64077,0.0,15.1,31.9,36.7,3.3,36.3,20.0
"A0366","Orange","Cypress","https://www.californiahealthmaps.org?address=A0366","Female","AllSite",165790,414.8,386.6,444.9,57860,442.7,398.8,493.3,"","","","",34510,408.4,339.5,488.0,61735,347.2,302.5,397.5,4,64077,0.0,15.1,31.9,36.7,3.3,36.3,20.0
"A0366","Orange","Cypress","https://www.californiahealthmaps.org?address=A0366","Male","Prostate",154595,90.2,76.0,106.7,55785,81.4,63.1,107.1,"","","","",31660,142.9,95.6,207.9,56075,51.9,32.3,82.9,4,64077,0.0,15.1,31.9,36.7,3.3,36.3,20.0
"A0366","Orange","Cypress","https://www.californiahealthmaps.org?address=A0366","Female","Breast",165790,127.1,111.7,144.5,57860,137.3,112.8,168.9,"","","","",34510,116.1,80.6,162.8,61735,105.3,82.5,133.7,4,64077,0.0,15.1,31.9,36.7,3.3,36.3,20.0
"A0366","Orange","Cypress","https://www.californiahealthmaps.org?address=A0366","Male","Lung",154595,49.5,38.6,63.0,55785,50.2,35.7,72.7,"","","","",31660,"","","",56075,59.5,37.4,93.3,4,64077,0.0,15.1,31.9,36.7,3.3,36.3,20.0
"A0366","Orange","Cypress","https://www.californiahealthmaps.org?address=A0366","Female","Lung",165790,38.2,30.1,48.4,57860,45.7,33.7,65.4,"","","","",34510,"","","",61735,26.3,14.6,44.8,4,64077,0.0,15.1,31.9,36.7,3.3,36.3,20.0
"A0366","Orange","Cypress","https://www.californiahealthmaps.org?address=A0366","Male","CRC",154595,48.4,38.1,61.2,55785,48.8,34.2,71.5,"","","","",31660,65.2,35.9,112.4,56075,45.5,28.0,74.3,4,64077,0.0,15.1,31.9,36.7,3.3,36.3,20.0
"A0366","Orange","Cypress","https://www.californiahealthmaps.org?address=A0366","Female","CRC",165790,35.7,27.8,45.5,57860,34.0,23.6,52.3,"","","","",34510,"","","",61735,37.3,23.2,58.0,4,64077,0.0,15.1,31.9,36.7,3.3,36.3,20.0
"A0366","Orange","Cypress","https://www.californiahealthmaps.org?address=A0366","Male","Mela",154595,29.0,20.9,39.6,55785,50.7,35.8,73.6,"","","","",31660,"","","",56075,"","","",4,64077,0.0,15.1,31.9,36.7,3.3,36.3,20.0
"A0366","Orange","Cypress","https://www.californiahealthmaps.org?address=A0366","Female","Mela",165790,15.4,10.4,22.5,57860,21.1,13.2,37.6,"","","","",34510,"","","",61735,"","","",4,64077,0.0,15.1,31.9,36.7,3.3,36.3,20.0
"A0366","Orange","Cypress","https://www.californiahealthmaps.org?address=A0366","Female","Uterine",165790,26.2,19.5,34.8,57860,31.4,19.9,51.4,"","","","",34510,"","","",61735,"","","",4,64077,0.0,15.1,31.9,36.7,3.3,36.3,20.0
"A0366","Orange","Cypress","https://www.californiahealthmaps.org?address=A0366","Male","Lymph",154595,19.6,13.1,28.7,55785,"","","","","","","",31660,"","","",56075,"","","",4,64077,0.0,15.1,31.9,36.7,3.3,36.3,20.0
"A0366","Orange","Cypress","https://www.californiahealthmaps.org?address=A0366","Female","Lymph",165790,21.6,15.6,29.7,57860,25.7,16.1,43.8,"","","","",34510,"","","",61735,"","","",4,64077,0.0,15.1,31.9,36.7,3.3,36.3,20.0
"A0366","Orange","Cypress","https://www.californiahealthmaps.org?address=A0366","Male","Urinary",154595,22.0,14.7,31.9,55785,24.1,14.4,42.6,"","","","",31660,"","","",56075,"","","",4,64077,0.0,15.1,31.9,36.7,3.3,36.3,20.0
"A0366","Orange","Cypress","https://www.californiahealthmaps.org?address=A0366","Female","Urinary",165790,3.0,1.1,7.4,57860,"","","","","","","",34510,"","","",61735,"","","",4,64077,0.0,15.1,31.9,36.7,3.3,36.3,20.0
"A0366","Orange","Cypress","https://www.californiahealthmaps.org?address=A0366","Male","Kidney",154595,15.9,10.3,24.1,55785,"","","","","","","",31660,"","","",56075,"","","",4,64077,0.0,15.1,31.9,36.7,3.3,36.3,20.0
"A0366","Orange","Cypress","https://www.californiahealthmaps.org?address=A0366","Female","Kidney",165790,10.6,6.5,16.8,57860,"","","","","","","",34510,"","","",61735,"","","",4,64077,0.0,15.1,31.9,36.7,3.3,36.3,20.0
"A0366","Orange","Cypress","https://www.californiahealthmaps.org?address=A0366","Male","Thyroid",154595,6.6,3.1,13.0,55785,"","","","","","","",31660,"","","",56075,"","","",4,64077,0.0,15.1,31.9,36.7,3.3,36.3,20.0
"A0366","Orange","Cypress","https://www.californiahealthmaps.org?address=A0366","Female","Thyroid",165790,27.4,20.3,36.5,57860,21.0,11.3,39.9,"","","","",34510,"","","",61735,33.5,21.0,52.3,4,64077,0.0,15.1,31.9,36.7,3.3,36.3,20.0
"A0366","Orange","Cypress","https://www.californiahealthmaps.org?address=A0366","Both","AllSite",320385,424.9,403.6,447.2,113645,446.7,414.8,481.8,12100,700.6,520.5,953.9,66170,414.8,361.2,474.9,117810,362.1,326.8,400.9,4,64077,0.0,15.1,31.9,36.7,3.3,36.3,20.0
"A0366","Orange","Cypress","https://www.californiahealthmaps.org?address=A0366","Both","Lung",320385,42.8,36.2,50.4,113645,47.4,38.0,60.4,12100,"","","",66170,30.2,16.7,50.8,117810,40.2,28.5,55.7,4,64077,0.0,15.1,31.9,36.7,3.3,36.3,20.0
"A0366","Orange","Cypress","https://www.californiahealthmaps.org?address=A0366","Both","CRC",320385,41.5,35.1,49.0,113645,40.7,31.7,53.3,12100,"","","",66170,43.1,27.2,65.9,117810,41.4,29.9,56.6,4,64077,0.0,15.1,31.9,36.7,3.3,36.3,20.0
"A0366","Orange","Cypress","https://www.californiahealthmaps.org?address=A0366","Both","Mela",320385,21.2,16.7,26.8,113645,34.5,26.3,46.5,12100,"","","",66170,"","","",117810,"","","",4,64077,0.0,15.1,31.9,36.7,3.3,36.3,20.0
"A0366","Orange","Cypress","https://www.californiahealthmaps.org?address=A0366","Both","Lymph",320385,20.6,16.1,26.1,113645,21.2,14.7,31.6,12100,"","","",66170,"","","",117810,19.7,12.2,31.0,4,64077,0.0,15.1,31.9,36.7,3.3,36.3,20.0
"A0366","Orange","Cypress","https://www.californiahealthmaps.org?address=A0366","Both","Urinary",320385,10.8,7.6,15.2,113645,12.4,7.8,21.1,12100,"","","",66170,"","","",117810,"","","",4,64077,0.0,15.1,31.9,36.7,3.3,36.3,20.0
"A0366","Orange","Cypress","https://www.californiahealthmaps.org?address=A0366","Both","Kidney",320385,13.0,9.5,17.5,113645,12.3,7.8,21.0,12100,"","","",66170,"","","",117810,14.5,7.9,25.1,4,64077,0.0,15.1,31.9,36.7,3.3,36.3,20.0
"A0366","Orange","Cypress","https://www.californiahealthmaps.org?address=A0366","Both","Thyroid",320385,17.6,13.4,22.8,113645,13.2,7.6,23.3,12100,"","","",66170,"","","",117810,21.3,13.7,32.7,4,64077,0.0,15.1,31.9,36.7,3.3,36.3,20.0
