"Zone","Counties","Cities","URL","Sex","Cancer","PopTot","AAIR","LCI","UCI","White_PopTot","White_AAIR","White_LCI","White_UCI","Black_PopTot","Black_AAIR","Black_LCI","Black_UCI","Hispanic_PopTot","Hispanic_AAIR","Hispanic_LCI","Hispanic_UCI","Asian_PopTot","Asian_AAIR","Asian_LCI","Asian_UCI","QNSES","PopAll","PerRural","PerUninsured","PerForeignBorn","PerWhite","PerBlack","PerAsian","PerHispanic","PerAPI","PerDocvisit","PerFOBT","PerMammo","PerMenPrev","PerPap","PerWomenPrev"
"A0857","Los Angeles","Los Angeles","https://www.californiahealthmaps.org?address=A0857","Male","AllSite",178515,323.6,292.4,357.5,28920,414.9,318.3,618.3,21580,484.5,253.1,910.9,88665,338.0,285.2,400.4,36755,231.0,189.3,284.5,1,62422,0.0,36.4,50.3,14.4,6.6,25.5,51.6,25.5,61.8,49.0,79.2,18.7,82.0,23.3
"A0857","Los Angeles","Los Angeles","https://www.californiahealthmaps.org?address=A0857","Female","AllSite",133595,301.4,272.4,333.1,15785,546.2,400.8,777.4,"","","","",71055,294.2,251.1,343.3,39190,261.2,216.1,318.1,1,62422,0.0,36.4,50.3,14.4,6.6,25.5,51.6,25.5,61.8,49.0,79.2,18.7,82.0,23.3
"A0857","Los Angeles","Los Angeles","https://www.californiahealthmaps.org?address=A0857","Male","Prostate",178515,70.0,55.9,86.8,28920,104.5,57.2,286.3,21580,106.5,56.5,377.6,88665,82.1,57.2,117.5,36755,"","","",1,62422,0.0,36.4,50.3,14.4,6.6,25.5,51.6,25.5,61.8,49.0,79.2,18.7,82.0,23.3
"A0857","Los Angeles","Los Angeles","https://www.californiahealthmaps.org?address=A0857","Female","Breast",133595,74.7,60.6,91.4,15785,174.7,98.7,351.3,"","","","",71055,71.6,51.8,97.4,39190,62.5,40.8,98.0,1,62422,0.0,36.4,50.3,14.4,6.6,25.5,51.6,25.5,61.8,49.0,79.2,18.7,82.0,23.3
"A0857","Los Angeles","Los Angeles","https://www.californiahealthmaps.org?address=A0857","Male","Lung",178515,30.3,20.7,43.1,28920,"","","",21580,"","","",88665,"","","",36755,32.5,18.9,60.5,1,62422,0.0,36.4,50.3,14.4,6.6,25.5,51.6,25.5,61.8,49.0,79.2,18.7,82.0,23.3
"A0857","Los Angeles","Los Angeles","https://www.californiahealthmaps.org?address=A0857","Female","Lung",133595,24.1,16.5,34.4,15785,"","","","","","","",71055,"","","",39190,23.7,13.2,48.8,1,62422,0.0,36.4,50.3,14.4,6.6,25.5,51.6,25.5,61.8,49.0,79.2,18.7,82.0,23.3
"A0857","Los Angeles","Los Angeles","https://www.californiahealthmaps.org?address=A0857","Male","CRC",178515,45.7,34.3,60.0,28920,"","","",21580,"","","",88665,44.1,26.0,73.3,36755,49.0,30.8,80.8,1,62422,0.0,36.4,50.3,14.4,6.6,25.5,51.6,25.5,61.8,49.0,79.2,18.7,82.0,23.3
"A0857","Los Angeles","Los Angeles","https://www.californiahealthmaps.org?address=A0857","Female","CRC",133595,33.6,24.4,45.6,15785,"","","","","","","",71055,"","","",39190,35.7,21.9,63.5,1,62422,0.0,36.4,50.3,14.4,6.6,25.5,51.6,25.5,61.8,49.0,79.2,18.7,82.0,23.3
"A0857","Los Angeles","Los Angeles","https://www.californiahealthmaps.org?address=A0857","Male","Mela",178515,"","","",28920,"","","",21580,"","","",88665,"","","",36755,"","","",1,62422,0.0,36.4,50.3,14.4,6.6,25.5,51.6,25.5,61.8,49.0,79.2,18.7,82.0,23.3
"A0857","Los Angeles","Los Angeles","https://www.californiahealthmaps.org?address=A0857","Female","Mela",133595,"","","",15785,"","","","","","","",71055,"","","",39190,"","","",1,62422,0.0,36.4,50.3,14.4,6.6,25.5,51.6,25.5,61.8,49.0,79.2,18.7,82.0,23.3
"A0857","Los Angeles","Los Angeles","https://www.californiahealthmaps.org?address=A0857","Female","Uterine",133595,24.4,16.7,34.9,15785,"","","","","","","",71055,33.6,20.4,53.2,39190,"","","",1,62422,0.0,36.4,50.3,14.4,6.6,25.5,51.6,25.5,61.8,49.0,79.2,18.7,82.0,23.3
"A0857","Los Angeles","Los Angeles","https://www.californiahealthmaps.org?address=A0857","Male","Lymph",178515,12.0,6.8,20.2,28920,"","","",21580,"","","",88665,"","","",36755,"","","",1,62422,0.0,36.4,50.3,14.4,6.6,25.5,51.6,25.5,61.8,49.0,79.2,18.7,82.0,23.3
"A0857","Los Angeles","Los Angeles","https://www.californiahealthmaps.org?address=A0857","Female","Lymph",133595,12.7,7.4,20.7,15785,"","","","","","","",71055,"","","",39190,"","","",1,62422,0.0,36.4,50.3,14.4,6.6,25.5,51.6,25.5,61.8,49.0,79.2,18.7,82.0,23.3
"A0857","Los Angeles","Los Angeles","https://www.californiahealthmaps.org?address=A0857","Male","Urinary",178515,"","","",28920,"","","",21580,"","","",88665,"","","",36755,"","","",1,62422,0.0,36.4,50.3,14.4,6.6,25.5,51.6,25.5,61.8,49.0,79.2,18.7,82.0,23.3
"A0857","Los Angeles","Los Angeles","https://www.californiahealthmaps.org?address=A0857","Female","Urinary",133595,"","","",15785,"","","","","","","",71055,"","","",39190,"","","",1,62422,0.0,36.4,50.3,14.4,6.6,25.5,51.6,25.5,61.8,49.0,79.2,18.7,82.0,23.3
"A0857","Los Angeles","Los Angeles","https://www.californiahealthmaps.org?address=A0857","Male","Kidney",178515,"","","",28920,"","","",21580,"","","",88665,"","","",36755,"","","",1,62422,0.0,36.4,50.3,14.4,6.6,25.5,51.6,25.5,61.8,49.0,79.2,18.7,82.0,23.3
"A0857","Los Angeles","Los Angeles","https://www.californiahealthmaps.org?address=A0857","Female","Kidney",133595,"","","",15785,"","","","","","","",71055,"","","",39190,"","","",1,62422,0.0,36.4,50.3,14.4,6.6,25.5,51.6,25.5,61.8,49.0,79.2,18.7,82.0,23.3
"A0857","Los Angeles","Los Angeles","https://www.californiahealthmaps.org?address=A0857","Male","Thyroid",178515,"","","",28920,"","","",21580,"","","",88665,"","","",36755,"","","",1,62422,0.0,36.4,50.3,14.4,6.6,25.5,51.6,25.5,61.8,49.0,79.2,18.7,82.0,23.3
"A0857","Los Angeles","Los Angeles","https://www.californiahealthmaps.org?address=A0857","Female","Thyroid",133595,14.6,8.9,23.2,15785,"","","","","","","",71055,"","","",39190,"","","",1,62422,0.0,36.4,50.3,14.4,6.6,25.5,51.6,25.5,61.8,49.0,79.2,18.7,82.0,23.3
"A0857","Los Angeles","Los Angeles","https://www.californiahealthmaps.org?address=A0857","Male","Liver",178515,15.5,9.5,24.4,28920,"","","",21580,"","","",88665,"","","",36755,"","","",1,62422,0.0,36.4,50.3,14.4,6.6,25.5,51.6,25.5,61.8,49.0,79.2,18.7,82.0,23.3
"A0857","Los Angeles","Los Angeles","https://www.californiahealthmaps.org?address=A0857","Female","Liver",133595,12.7,7.2,21.0,15785,"","","","","","","",71055,"","","",39190,"","","",1,62422,0.0,36.4,50.3,14.4,6.6,25.5,51.6,25.5,61.8,49.0,79.2,18.7,82.0,23.3
"A0857","Los Angeles","Los Angeles","https://www.californiahealthmaps.org?address=A0857","Male","Pancreas",178515,"","","",28920,"","","",21580,"","","",88665,"","","",36755,"","","",1,62422,0.0,36.4,50.3,14.4,6.6,25.5,51.6,25.5,61.8,49.0,79.2,18.7,82.0,23.3
"A0857","Los Angeles","Los Angeles","https://www.californiahealthmaps.org?address=A0857","Female","Pancreas",133595,"","","",15785,"","","","","","","",71055,"","","",39190,"","","",1,62422,0.0,36.4,50.3,14.4,6.6,25.5,51.6,25.5,61.8,49.0,79.2,18.7,82.0,23.3
"A0857","Los Angeles","Los Angeles","https://www.californiahealthmaps.org?address=A0857","Both","AllSite",312110,304.4,283.8,326.3,44705,465.4,381.6,591.8,26445,490.8,343.3,708.6,159720,309.1,276.0,345.7,75945,242.4,211.8,278.5,1,62422,0.0,36.4,50.3,14.4,6.6,25.5,51.6,25.5,61.8,49.0,79.2,18.7,82.0,23.3
"A0857","Los Angeles","Los Angeles","https://www.californiahealthmaps.org?address=A0857","Both","Lung",312110,26.3,20.3,33.7,44705,"","","",26445,"","","",159720,14.2,7.6,25.1,75945,27.1,18.5,42.1,1,62422,0.0,36.4,50.3,14.4,6.6,25.5,51.6,25.5,61.8,49.0,79.2,18.7,82.0,23.3
"A0857","Los Angeles","Los Angeles","https://www.californiahealthmaps.org?address=A0857","Both","CRC",312110,39.4,32.0,48.1,44705,"","","",26445,"","","",159720,34.0,23.4,48.5,75945,41.5,30.0,59.2,1,62422,0.0,36.4,50.3,14.4,6.6,25.5,51.6,25.5,61.8,49.0,79.2,18.7,82.0,23.3
"A0857","Los Angeles","Los Angeles","https://www.californiahealthmaps.org?address=A0857","Both","Mela",312110,6.9,4.2,11.0,44705,46.1,22.5,130.9,26445,"","","",159720,"","","",75945,"","","",1,62422,0.0,36.4,50.3,14.4,6.6,25.5,51.6,25.5,61.8,49.0,79.2,18.7,82.0,23.3
"A0857","Los Angeles","Los Angeles","https://www.californiahealthmaps.org?address=A0857","Both","Lymph",312110,12.8,8.8,18.0,44705,"","","",26445,"","","",159720,18.6,10.8,30.6,75945,"","","",1,62422,0.0,36.4,50.3,14.4,6.6,25.5,51.6,25.5,61.8,49.0,79.2,18.7,82.0,23.3
"A0857","Los Angeles","Los Angeles","https://www.californiahealthmaps.org?address=A0857","Both","Urinary",312110,"","","",44705,"","","",26445,"","","",159720,"","","",75945,"","","",1,62422,0.0,36.4,50.3,14.4,6.6,25.5,51.6,25.5,61.8,49.0,79.2,18.7,82.0,23.3
"A0857","Los Angeles","Los Angeles","https://www.californiahealthmaps.org?address=A0857","Both","Kidney",312110,6.3,3.7,10.2,44705,"","","",26445,"","","",159720,"","","",75945,"","","",1,62422,0.0,36.4,50.3,14.4,6.6,25.5,51.6,25.5,61.8,49.0,79.2,18.7,82.0,23.3
"A0857","Los Angeles","Los Angeles","https://www.californiahealthmaps.org?address=A0857","Both","Thyroid",312110,9.2,6.1,13.7,44705,"","","",26445,"","","",159720,"","","",75945,"","","",1,62422,0.0,36.4,50.3,14.4,6.6,25.5,51.6,25.5,61.8,49.0,79.2,18.7,82.0,23.3
"A0857","Los Angeles","Los Angeles","https://www.californiahealthmaps.org?address=A0857","Both","Liver",312110,14.2,10.0,19.7,44705,"","","",26445,"","","",159720,"","","",75945,15.5,8.6,29.5,1,62422,0.0,36.4,50.3,14.4,6.6,25.5,51.6,25.5,61.8,49.0,79.2,18.7,82.0,23.3
"A0857","Los Angeles","Los Angeles","https://www.californiahealthmaps.org?address=A0857","Both","Pancreas",312110,9.3,5.9,14.0,44705,"","","",26445,"","","",159720,"","","",75945,"","","",1,62422,0.0,36.4,50.3,14.4,6.6,25.5,51.6,25.5,61.8,49.0,79.2,18.7,82.0,23.3
