"Zone","Counties","Cities","URL","Sex","Cancer","PopTot","AAIR","LCI","UCI","White_PopTot","White_AAIR","White_LCI","White_UCI","Black_PopTot","Black_AAIR","Black_LCI","Black_UCI","Hispanic_PopTot","Hispanic_AAIR","Hispanic_LCI","Hispanic_UCI","Asian_PopTot","Asian_AAIR","Asian_LCI","Asian_UCI","QNSES","PopAll","PerRural","PerUninsured","PerForeignBorn","PerWhite","PerBlack","PerAsian","PerHispanic","PerAPI","PerDocvisit","PerFOBT","PerMammo","PerMenPrev","PerPap","PerWomenPrev"
"A1067","San Bernardino","San Bernardino","https://www.californiahealthmaps.org?address=A1067","Male","AllSite",154715,524.0,475.2,577.1,20710,539.6,452.6,647.1,22485,658.8,519.2,841.2,102655,454.7,386.4,533.7,"","","","",1,62001,0.0,26.5,26.9,13.7,12.7,4.4,66.4,4.4,61.9,49.2,81.3,19.9,82.1,20.3
"A1067","San Bernardino","San Bernardino","https://www.californiahealthmaps.org?address=A1067","Female","AllSite",155290,385.2,348.4,425.2,19855,405.6,334.6,502.5,25365,463.9,357.7,595.3,101095,377.9,322.7,441.7,"","","","",1,62001,0.0,26.5,26.9,13.7,12.7,4.4,66.4,4.4,61.9,49.2,81.3,19.9,82.1,20.3
"A1067","San Bernardino","San Bernardino","https://www.californiahealthmaps.org?address=A1067","Male","Prostate",154715,139.0,114.3,168.2,20710,98.4,63.8,156.6,22485,220.6,147.8,339.2,102655,113.3,81.2,156.4,"","","","",1,62001,0.0,26.5,26.9,13.7,12.7,4.4,66.4,4.4,61.9,49.2,81.3,19.9,82.1,20.3
"A1067","San Bernardino","San Bernardino","https://www.californiahealthmaps.org?address=A1067","Female","Breast",155290,96.7,78.7,118.1,19855,115.2,80.9,179.6,25365,114.7,64.8,192.2,101095,82.2,58.9,114.4,"","","","",1,62001,0.0,26.5,26.9,13.7,12.7,4.4,66.4,4.4,61.9,49.2,81.3,19.9,82.1,20.3
"A1067","San Bernardino","San Bernardino","https://www.californiahealthmaps.org?address=A1067","Male","Lung",154715,64.8,48.2,86.1,20710,86.1,55.4,140.5,22485,"","","",102655,"","","","","","","",1,62001,0.0,26.5,26.9,13.7,12.7,4.4,66.4,4.4,61.9,49.2,81.3,19.9,82.1,20.3
"A1067","San Bernardino","San Bernardino","https://www.californiahealthmaps.org?address=A1067","Female","Lung",155290,42.4,30.6,57.8,19855,59.9,36.5,116.6,25365,"","","",101095,"","","","","","","",1,62001,0.0,26.5,26.9,13.7,12.7,4.4,66.4,4.4,61.9,49.2,81.3,19.9,82.1,20.3
"A1067","San Bernardino","San Bernardino","https://www.californiahealthmaps.org?address=A1067","Male","CRC",154715,60.5,44.6,80.9,20710,73.7,43.5,128.6,22485,"","","",102655,70.0,44.3,107.6,"","","","",1,62001,0.0,26.5,26.9,13.7,12.7,4.4,66.4,4.4,61.9,49.2,81.3,19.9,82.1,20.3
"A1067","San Bernardino","San Bernardino","https://www.californiahealthmaps.org?address=A1067","Female","CRC",155290,40.7,29.3,55.7,19855,"","","",25365,"","","",101095,48.8,30.0,77.3,"","","","",1,62001,0.0,26.5,26.9,13.7,12.7,4.4,66.4,4.4,61.9,49.2,81.3,19.9,82.1,20.3
"A1067","San Bernardino","San Bernardino","https://www.californiahealthmaps.org?address=A1067","Male","Mela",154715,"","","",20710,"","","",22485,"","","",102655,"","","","","","","",1,62001,0.0,26.5,26.9,13.7,12.7,4.4,66.4,4.4,61.9,49.2,81.3,19.9,82.1,20.3
"A1067","San Bernardino","San Bernardino","https://www.californiahealthmaps.org?address=A1067","Female","Mela",155290,"","","",19855,"","","",25365,"","","",101095,"","","","","","","",1,62001,0.0,26.5,26.9,13.7,12.7,4.4,66.4,4.4,61.9,49.2,81.3,19.9,82.1,20.3
"A1067","San Bernardino","San Bernardino","https://www.californiahealthmaps.org?address=A1067","Female","Uterine",155290,33.4,23.2,47.2,19855,"","","",25365,"","","",101095,"","","","","","","",1,62001,0.0,26.5,26.9,13.7,12.7,4.4,66.4,4.4,61.9,49.2,81.3,19.9,82.1,20.3
"A1067","San Bernardino","San Bernardino","https://www.californiahealthmaps.org?address=A1067","Male","Lymph",154715,23.2,13.2,38.4,20710,"","","",22485,"","","",102655,"","","","","","","",1,62001,0.0,26.5,26.9,13.7,12.7,4.4,66.4,4.4,61.9,49.2,81.3,19.9,82.1,20.3
"A1067","San Bernardino","San Bernardino","https://www.californiahealthmaps.org?address=A1067","Female","Lymph",155290,"","","",19855,"","","",25365,"","","",101095,"","","","","","","",1,62001,0.0,26.5,26.9,13.7,12.7,4.4,66.4,4.4,61.9,49.2,81.3,19.9,82.1,20.3
"A1067","San Bernardino","San Bernardino","https://www.californiahealthmaps.org?address=A1067","Male","Urinary",154715,"","","",20710,"","","",22485,"","","",102655,"","","","","","","",1,62001,0.0,26.5,26.9,13.7,12.7,4.4,66.4,4.4,61.9,49.2,81.3,19.9,82.1,20.3
"A1067","San Bernardino","San Bernardino","https://www.californiahealthmaps.org?address=A1067","Female","Urinary",155290,"","","",19855,"","","",25365,"","","",101095,"","","","","","","",1,62001,0.0,26.5,26.9,13.7,12.7,4.4,66.4,4.4,61.9,49.2,81.3,19.9,82.1,20.3
"A1067","San Bernardino","San Bernardino","https://www.californiahealthmaps.org?address=A1067","Male","Kidney",154715,23.3,14.1,37.1,20710,"","","",22485,"","","",102655,"","","","","","","",1,62001,0.0,26.5,26.9,13.7,12.7,4.4,66.4,4.4,61.9,49.2,81.3,19.9,82.1,20.3
"A1067","San Bernardino","San Bernardino","https://www.californiahealthmaps.org?address=A1067","Female","Kidney",155290,14.0,7.9,23.7,19855,"","","",25365,"","","",101095,"","","","","","","",1,62001,0.0,26.5,26.9,13.7,12.7,4.4,66.4,4.4,61.9,49.2,81.3,19.9,82.1,20.3
"A1067","San Bernardino","San Bernardino","https://www.californiahealthmaps.org?address=A1067","Male","Thyroid",154715,"","","",20710,"","","",22485,"","","",102655,"","","","","","","",1,62001,0.0,26.5,26.9,13.7,12.7,4.4,66.4,4.4,61.9,49.2,81.3,19.9,82.1,20.3
"A1067","San Bernardino","San Bernardino","https://www.californiahealthmaps.org?address=A1067","Female","Thyroid",155290,11.8,6.5,20.7,19855,"","","",25365,"","","",101095,"","","","","","","",1,62001,0.0,26.5,26.9,13.7,12.7,4.4,66.4,4.4,61.9,49.2,81.3,19.9,82.1,20.3
"A1067","San Bernardino","San Bernardino","https://www.californiahealthmaps.org?address=A1067","Male","Liver",154715,35.2,24.5,50.1,20710,"","","",22485,"","","",102655,41.5,24.3,70.0,"","","","",1,62001,0.0,26.5,26.9,13.7,12.7,4.4,66.4,4.4,61.9,49.2,81.3,19.9,82.1,20.3
"A1067","San Bernardino","San Bernardino","https://www.californiahealthmaps.org?address=A1067","Female","Liver",155290,"","","",19855,"","","",25365,"","","",101095,"","","","","","","",1,62001,0.0,26.5,26.9,13.7,12.7,4.4,66.4,4.4,61.9,49.2,81.3,19.9,82.1,20.3
"A1067","San Bernardino","San Bernardino","https://www.californiahealthmaps.org?address=A1067","Male","Pancreas",154715,"","","",20710,"","","",22485,"","","",102655,"","","","","","","",1,62001,0.0,26.5,26.9,13.7,12.7,4.4,66.4,4.4,61.9,49.2,81.3,19.9,82.1,20.3
"A1067","San Bernardino","San Bernardino","https://www.californiahealthmaps.org?address=A1067","Female","Pancreas",155290,"","","",19855,"","","",25365,"","","",101095,"","","","","","","",1,62001,0.0,26.5,26.9,13.7,12.7,4.4,66.4,4.4,61.9,49.2,81.3,19.9,82.1,20.3
"A1067","San Bernardino","San Bernardino","https://www.californiahealthmaps.org?address=A1067","Both","AllSite",310005,445.4,415.7,476.9,40565,462.3,407.1,528.2,47850,554.7,467.8,656.7,203750,410.3,366.9,458.3,10340,416.6,305.0,569.2,1,62001,0.0,26.5,26.9,13.7,12.7,4.4,66.4,4.4,61.9,49.2,81.3,19.9,82.1,20.3
"A1067","San Bernardino","San Bernardino","https://www.californiahealthmaps.org?address=A1067","Both","Lung",310005,52.7,42.6,64.8,40565,72.7,53.0,104.9,47850,85.4,51.8,136.2,203750,25.3,14.9,41.0,10340,"","","",1,62001,0.0,26.5,26.9,13.7,12.7,4.4,66.4,4.4,61.9,49.2,81.3,19.9,82.1,20.3
"A1067","San Bernardino","San Bernardino","https://www.californiahealthmaps.org?address=A1067","Both","CRC",310005,49.5,39.8,61.0,40565,50.8,33.3,81.5,47850,"","","",203750,58.0,42.1,78.9,10340,"","","",1,62001,0.0,26.5,26.9,13.7,12.7,4.4,66.4,4.4,61.9,49.2,81.3,19.9,82.1,20.3
"A1067","San Bernardino","San Bernardino","https://www.californiahealthmaps.org?address=A1067","Both","Mela",310005,9.8,5.7,16.1,40565,"","","",47850,"","","",203750,"","","",10340,"","","",1,62001,0.0,26.5,26.9,13.7,12.7,4.4,66.4,4.4,61.9,49.2,81.3,19.9,82.1,20.3
"A1067","San Bernardino","San Bernardino","https://www.californiahealthmaps.org?address=A1067","Both","Lymph",310005,16.5,11.1,23.9,40565,"","","",47850,"","","",203750,18.4,10.0,32.2,10340,"","","",1,62001,0.0,26.5,26.9,13.7,12.7,4.4,66.4,4.4,61.9,49.2,81.3,19.9,82.1,20.3
"A1067","San Bernardino","San Bernardino","https://www.californiahealthmaps.org?address=A1067","Both","Urinary",310005,9.0,5.1,14.9,40565,"","","",47850,"","","",203750,"","","",10340,"","","",1,62001,0.0,26.5,26.9,13.7,12.7,4.4,66.4,4.4,61.9,49.2,81.3,19.9,82.1,20.3
"A1067","San Bernardino","San Bernardino","https://www.californiahealthmaps.org?address=A1067","Both","Kidney",310005,18.1,12.7,25.5,40565,"","","",47850,"","","",203750,23.3,14.0,37.8,10340,"","","",1,62001,0.0,26.5,26.9,13.7,12.7,4.4,66.4,4.4,61.9,49.2,81.3,19.9,82.1,20.3
"A1067","San Bernardino","San Bernardino","https://www.californiahealthmaps.org?address=A1067","Both","Thyroid",310005,9.5,5.8,15.1,40565,"","","",47850,"","","",203750,"","","",10340,"","","",1,62001,0.0,26.5,26.9,13.7,12.7,4.4,66.4,4.4,61.9,49.2,81.3,19.9,82.1,20.3
"A1067","San Bernardino","San Bernardino","https://www.californiahealthmaps.org?address=A1067","Both","Liver",310005,22.6,16.5,30.6,40565,"","","",47850,"","","",203750,29.1,18.5,44.9,10340,"","","",1,62001,0.0,26.5,26.9,13.7,12.7,4.4,66.4,4.4,61.9,49.2,81.3,19.9,82.1,20.3
"A1067","San Bernardino","San Bernardino","https://www.californiahealthmaps.org?address=A1067","Both","Pancreas",310005,11.3,7.0,17.7,40565,"","","",47850,"","","",203750,"","","",10340,"","","",1,62001,0.0,26.5,26.9,13.7,12.7,4.4,66.4,4.4,61.9,49.2,81.3,19.9,82.1,20.3
