"Zone","Counties","Cities","URL","Sex","Cancer","PopTot","AAIR","LCI","UCI","White_PopTot","White_AAIR","White_LCI","White_UCI","Black_PopTot","Black_AAIR","Black_LCI","Black_UCI","Hispanic_PopTot","Hispanic_AAIR","Hispanic_LCI","Hispanic_UCI","Asian_PopTot","Asian_AAIR","Asian_LCI","Asian_UCI","QNSES","PopAll","PerRural","PerUninsured","PerForeignBorn","PerWhite","PerBlack","PerAsian","PerHispanic","PerAPI","PerDocvisit","PerFOBT","PerMammo","PerMenPrev","PerPap","PerWomenPrev"
"A1018","Los Angeles","West Covina","https://www.californiahealthmaps.org?address=A1018","Male","AllSite",155975,455.5,418.8,494.9,16410,485.5,400.2,599.7,"","","","",110125,429.4,378.5,486.3,22825,496.7,405.0,605.9,2,63709,0.0,21.1,34.4,11.2,2.7,14.9,70.2,14.9,"","","","","",""
"A1018","Los Angeles","West Covina","https://www.californiahealthmaps.org?address=A1018","Female","AllSite",162570,395.5,365.8,427.2,17410,384.5,308.9,489.5,"","","","",113830,400.8,360.4,445.0,24525,415.5,345.1,501.7,2,63709,0.0,21.1,34.4,11.2,2.7,14.9,70.2,14.9,"","","","","",""
"A1018","Los Angeles","West Covina","https://www.californiahealthmaps.org?address=A1018","Male","Prostate",155975,119.4,101.1,140.4,16410,106.1,73.2,173.0,"","","","",110125,122.2,95.9,154.7,22825,87.6,53.3,140.2,2,63709,0.0,21.1,34.4,11.2,2.7,14.9,70.2,14.9,"","","","","",""
"A1018","Los Angeles","West Covina","https://www.californiahealthmaps.org?address=A1018","Female","Breast",162570,116.8,100.8,134.8,17410,123.1,77.9,203.1,"","","","",113830,114.3,93.5,138.9,24525,124.5,88.2,177.7,2,63709,0.0,21.1,34.4,11.2,2.7,14.9,70.2,14.9,"","","","","",""
"A1018","Los Angeles","West Covina","https://www.californiahealthmaps.org?address=A1018","Male","Lung",155975,44.7,33.5,58.6,16410,"","","","","","","",110125,46.9,30.0,71.0,22825,67.7,37.5,117.0,2,63709,0.0,21.1,34.4,11.2,2.7,14.9,70.2,14.9,"","","","","",""
"A1018","Los Angeles","West Covina","https://www.californiahealthmaps.org?address=A1018","Female","Lung",162570,32.3,24.2,42.3,17410,"","","","","","","",113830,32.2,21.1,47.4,24525,"","","",2,63709,0.0,21.1,34.4,11.2,2.7,14.9,70.2,14.9,"","","","","",""
"A1018","Los Angeles","West Covina","https://www.californiahealthmaps.org?address=A1018","Male","CRC",155975,56.4,43.7,71.8,16410,66.2,40.5,128.8,"","","","",110125,38.6,24.0,60.2,22825,86.0,51.0,139.9,2,63709,0.0,21.1,34.4,11.2,2.7,14.9,70.2,14.9,"","","","","",""
"A1018","Los Angeles","West Covina","https://www.californiahealthmaps.org?address=A1018","Female","CRC",162570,35.7,27.3,46.1,17410,"","","","","","","",113830,35.7,24.2,51.2,24525,"","","",2,63709,0.0,21.1,34.4,11.2,2.7,14.9,70.2,14.9,"","","","","",""
"A1018","Los Angeles","West Covina","https://www.californiahealthmaps.org?address=A1018","Male","Mela",155975,"","","",16410,"","","","","","","",110125,"","","",22825,"","","",2,63709,0.0,21.1,34.4,11.2,2.7,14.9,70.2,14.9,"","","","","",""
"A1018","Los Angeles","West Covina","https://www.californiahealthmaps.org?address=A1018","Female","Mela",162570,13.7,8.7,20.6,17410,"","","","","","","",113830,"","","",24525,"","","",2,63709,0.0,21.1,34.4,11.2,2.7,14.9,70.2,14.9,"","","","","",""
"A1018","Los Angeles","West Covina","https://www.californiahealthmaps.org?address=A1018","Female","Uterine",162570,34.0,25.8,44.2,17410,"","","","","","","",113830,33.5,22.9,47.9,24525,"","","",2,63709,0.0,21.1,34.4,11.2,2.7,14.9,70.2,14.9,"","","","","",""
"A1018","Los Angeles","West Covina","https://www.californiahealthmaps.org?address=A1018","Male","Lymph",155975,24.1,16.2,34.9,16410,"","","","","","","",110125,24.7,14.1,42.1,22825,"","","",2,63709,0.0,21.1,34.4,11.2,2.7,14.9,70.2,14.9,"","","","","",""
"A1018","Los Angeles","West Covina","https://www.californiahealthmaps.org?address=A1018","Female","Lymph",162570,18.8,12.8,26.9,17410,"","","","","","","",113830,20.2,12.0,32.4,24525,"","","",2,63709,0.0,21.1,34.4,11.2,2.7,14.9,70.2,14.9,"","","","","",""
"A1018","Los Angeles","West Covina","https://www.californiahealthmaps.org?address=A1018","Male","Urinary",155975,12.7,7.1,21.3,16410,"","","","","","","",110125,"","","",22825,"","","",2,63709,0.0,21.1,34.4,11.2,2.7,14.9,70.2,14.9,"","","","","",""
"A1018","Los Angeles","West Covina","https://www.californiahealthmaps.org?address=A1018","Female","Urinary",162570,"","","",17410,"","","","","","","",113830,"","","",24525,"","","",2,63709,0.0,21.1,34.4,11.2,2.7,14.9,70.2,14.9,"","","","","",""
"A1018","Los Angeles","West Covina","https://www.californiahealthmaps.org?address=A1018","Male","Kidney",155975,28.4,20.0,39.5,16410,"","","","","","","",110125,28.5,17.2,46.5,22825,"","","",2,63709,0.0,21.1,34.4,11.2,2.7,14.9,70.2,14.9,"","","","","",""
"A1018","Los Angeles","West Covina","https://www.californiahealthmaps.org?address=A1018","Female","Kidney",162570,11.3,6.9,17.8,17410,"","","","","","","",113830,"","","",24525,"","","",2,63709,0.0,21.1,34.4,11.2,2.7,14.9,70.2,14.9,"","","","","",""
"A1018","Los Angeles","West Covina","https://www.californiahealthmaps.org?address=A1018","Male","Thyroid",155975,"","","",16410,"","","","","","","",110125,"","","",22825,"","","",2,63709,0.0,21.1,34.4,11.2,2.7,14.9,70.2,14.9,"","","","","",""
"A1018","Los Angeles","West Covina","https://www.californiahealthmaps.org?address=A1018","Female","Thyroid",162570,20.2,13.8,28.6,17410,"","","","","","","",113830,17.3,10.2,28.4,24525,"","","",2,63709,0.0,21.1,34.4,11.2,2.7,14.9,70.2,14.9,"","","","","",""
"A1018","Los Angeles","West Covina","https://www.californiahealthmaps.org?address=A1018","Male","Liver",155975,24.5,16.5,35.4,16410,"","","","","","","",110125,35.8,22.0,56.4,22825,"","","",2,63709,0.0,21.1,34.4,11.2,2.7,14.9,70.2,14.9,"","","","","",""
"A1018","Los Angeles","West Covina","https://www.californiahealthmaps.org?address=A1018","Female","Liver",162570,"","","",17410,"","","","","","","",113830,"","","",24525,"","","",2,63709,0.0,21.1,34.4,11.2,2.7,14.9,70.2,14.9,"","","","","",""
"A1018","Los Angeles","West Covina","https://www.californiahealthmaps.org?address=A1018","Male","Pancreas",155975,13.8,7.9,22.7,16410,"","","","","","","",110125,"","","",22825,"","","",2,63709,0.0,21.1,34.4,11.2,2.7,14.9,70.2,14.9,"","","","","",""
"A1018","Los Angeles","West Covina","https://www.californiahealthmaps.org?address=A1018","Female","Pancreas",162570,18.3,12.3,26.3,17410,"","","","","","","",113830,19.5,11.2,32.0,24525,"","","",2,63709,0.0,21.1,34.4,11.2,2.7,14.9,70.2,14.9,"","","","","",""
"A1018","Los Angeles","West Covina","https://www.californiahealthmaps.org?address=A1018","Both","AllSite",318545,415.7,392.9,439.6,33820,426.3,369.2,497.1,"","","","",223955,406.0,374.6,439.6,47350,446.8,390.5,510.8,2,63709,0.0,21.1,34.4,11.2,2.7,14.9,70.2,14.9,"","","","","",""
"A1018","Los Angeles","West Covina","https://www.californiahealthmaps.org?address=A1018","Both","Lung",318545,37.3,30.6,45.1,33820,34.5,22.1,65.1,"","","","",223955,37.8,28.1,50.0,47350,44.9,28.5,69.9,2,63709,0.0,21.1,34.4,11.2,2.7,14.9,70.2,14.9,"","","","","",""
"A1018","Los Angeles","West Covina","https://www.californiahealthmaps.org?address=A1018","Both","CRC",318545,44.0,36.8,52.4,33820,41.7,27.9,73.0,"","","","",223955,36.2,27.1,47.8,47350,60.9,41.3,89.1,2,63709,0.0,21.1,34.4,11.2,2.7,14.9,70.2,14.9,"","","","","",""
"A1018","Los Angeles","West Covina","https://www.californiahealthmaps.org?address=A1018","Both","Mela",318545,11.5,8.0,16.2,33820,30.6,18.6,61.1,"","","","",223955,"","","",47350,"","","",2,63709,0.0,21.1,34.4,11.2,2.7,14.9,70.2,14.9,"","","","","",""
"A1018","Los Angeles","West Covina","https://www.californiahealthmaps.org?address=A1018","Both","Lymph",318545,20.9,16.0,26.9,33820,"","","","","","","",223955,22.0,15.3,31.2,47350,"","","",2,63709,0.0,21.1,34.4,11.2,2.7,14.9,70.2,14.9,"","","","","",""
"A1018","Los Angeles","West Covina","https://www.californiahealthmaps.org?address=A1018","Both","Urinary",318545,6.5,3.9,10.2,33820,"","","","","","","",223955,"","","",47350,"","","",2,63709,0.0,21.1,34.4,11.2,2.7,14.9,70.2,14.9,"","","","","",""
"A1018","Los Angeles","West Covina","https://www.californiahealthmaps.org?address=A1018","Both","Kidney",318545,18.9,14.3,24.5,33820,"","","","","","","",223955,19.7,13.5,28.3,47350,"","","",2,63709,0.0,21.1,34.4,11.2,2.7,14.9,70.2,14.9,"","","","","",""
"A1018","Los Angeles","West Covina","https://www.californiahealthmaps.org?address=A1018","Both","Thyroid",318545,13.5,9.7,18.3,33820,"","","","","","","",223955,11.1,6.9,17.7,47350,29.4,16.5,51.3,2,63709,0.0,21.1,34.4,11.2,2.7,14.9,70.2,14.9,"","","","","",""
"A1018","Los Angeles","West Covina","https://www.californiahealthmaps.org?address=A1018","Both","Liver",318545,11.0,7.6,15.6,33820,"","","","","","","",223955,15.4,9.6,23.7,47350,"","","",2,63709,0.0,21.1,34.4,11.2,2.7,14.9,70.2,14.9,"","","","","",""
"A1018","Los Angeles","West Covina","https://www.californiahealthmaps.org?address=A1018","Both","Pancreas",318545,16.0,11.7,21.4,33820,"","","","","","","",223955,17.2,11.1,26.0,47350,"","","",2,63709,0.0,21.1,34.4,11.2,2.7,14.9,70.2,14.9,"","","","","",""
