"Zone","Counties","Cities","URL","Sex","Cancer","PopTot","AAIR","LCI","UCI","White_PopTot","White_AAIR","White_LCI","White_UCI","Black_PopTot","Black_AAIR","Black_LCI","Black_UCI","Hispanic_PopTot","Hispanic_AAIR","Hispanic_LCI","Hispanic_UCI","Asian_PopTot","Asian_AAIR","Asian_LCI","Asian_UCI","QNSES","PopAll","PerRural","PerUninsured","PerForeignBorn","PerWhite","PerBlack","PerAsian","PerHispanic"
"A1023","Ventura","Simi Valley","https://www.californiahealthmaps.org?address=A1023","Male","AllSite",169000,476.1,438.4,516.6,109940,467.6,425.2,513.5,"","","","",36845,483.2,355.7,665.6,14370,469.8,335.2,648.1,5,68558,2.8,12.3,19.6,64.6,1.0,8.3,22.4
"A1023","Ventura","Simi Valley","https://www.californiahealthmaps.org?address=A1023","Female","AllSite",173790,451.9,420.5,485.4,111885,478.4,440.2,519.7,"","","","",37630,400.9,324.3,492.6,16270,330.3,240.0,449.3,5,68558,2.8,12.3,19.6,64.6,1.0,8.3,22.4
"A1023","Ventura","Simi Valley","https://www.californiahealthmaps.org?address=A1023","Male","Prostate",169000,119.2,101.3,139.9,109940,109.8,90.6,132.5,"","","","",36845,121.5,62.4,244.7,14370,"","","",5,68558,2.8,12.3,19.6,64.6,1.0,8.3,22.4
"A1023","Ventura","Simi Valley","https://www.californiahealthmaps.org?address=A1023","Female","Breast",173790,140.4,123.6,159.3,111885,153.3,132.6,177.1,"","","","",37630,89.5,56.3,138.4,16270,123.4,75.3,200.0,5,68558,2.8,12.3,19.6,64.6,1.0,8.3,22.4
"A1023","Ventura","Simi Valley","https://www.californiahealthmaps.org?address=A1023","Male","Lung",169000,57.1,43.7,73.8,109940,58.8,43.8,77.7,"","","","",36845,"","","",14370,"","","",5,68558,2.8,12.3,19.6,64.6,1.0,8.3,22.4
"A1023","Ventura","Simi Valley","https://www.californiahealthmaps.org?address=A1023","Female","Lung",173790,48.4,38.1,60.9,111885,54.8,42.3,70.8,"","","","",37630,"","","",16270,"","","",5,68558,2.8,12.3,19.6,64.6,1.0,8.3,22.4
"A1023","Ventura","Simi Valley","https://www.californiahealthmaps.org?address=A1023","Male","CRC",169000,33.4,23.9,45.9,109940,30.5,20.5,44.3,"","","","",36845,"","","",14370,"","","",5,68558,2.8,12.3,19.6,64.6,1.0,8.3,22.4
"A1023","Ventura","Simi Valley","https://www.californiahealthmaps.org?address=A1023","Female","CRC",173790,22.5,15.9,31.2,111885,21.6,14.1,32.6,"","","","",37630,"","","",16270,"","","",5,68558,2.8,12.3,19.6,64.6,1.0,8.3,22.4
"A1023","Ventura","Simi Valley","https://www.californiahealthmaps.org?address=A1023","Male","Mela",169000,32.3,23.2,44.4,109940,36.9,25.5,52.0,"","","","",36845,"","","",14370,"","","",5,68558,2.8,12.3,19.6,64.6,1.0,8.3,22.4
"A1023","Ventura","Simi Valley","https://www.californiahealthmaps.org?address=A1023","Female","Mela",173790,22.0,15.7,30.5,111885,21.3,13.9,32.1,"","","","",37630,"","","",16270,"","","",5,68558,2.8,12.3,19.6,64.6,1.0,8.3,22.4
"A1023","Ventura","Simi Valley","https://www.californiahealthmaps.org?address=A1023","Female","Uterine",173790,30.8,22.9,40.8,111885,32.0,22.7,44.8,"","","","",37630,"","","",16270,"","","",5,68558,2.8,12.3,19.6,64.6,1.0,8.3,22.4
"A1023","Ventura","Simi Valley","https://www.californiahealthmaps.org?address=A1023","Male","Lymph",169000,23.0,15.0,34.2,109940,23.6,14.7,36.5,"","","","",36845,"","","",14370,"","","",5,68558,2.8,12.3,19.6,64.6,1.0,8.3,22.4
"A1023","Ventura","Simi Valley","https://www.californiahealthmaps.org?address=A1023","Female","Lymph",173790,14.8,9.6,22.4,111885,17.1,10.6,27.3,"","","","",37630,"","","",16270,"","","",5,68558,2.8,12.3,19.6,64.6,1.0,8.3,22.4
"A1023","Ventura","Simi Valley","https://www.californiahealthmaps.org?address=A1023","Male","Urinary",169000,16.9,10.2,27.0,109940,20.4,12.2,32.7,"","","","",36845,"","","",14370,"","","",5,68558,2.8,12.3,19.6,64.6,1.0,8.3,22.4
"A1023","Ventura","Simi Valley","https://www.californiahealthmaps.org?address=A1023","Female","Urinary",173790,5.7,2.6,11.1,111885,"","","","","","","",37630,"","","",16270,"","","",5,68558,2.8,12.3,19.6,64.6,1.0,8.3,22.4
"A1023","Ventura","Simi Valley","https://www.californiahealthmaps.org?address=A1023","Male","Kidney",169000,23.3,15.5,34.3,109940,23.4,14.3,36.4,"","","","",36845,"","","",14370,"","","",5,68558,2.8,12.3,19.6,64.6,1.0,8.3,22.4
"A1023","Ventura","Simi Valley","https://www.californiahealthmaps.org?address=A1023","Female","Kidney",173790,10.3,6.1,16.6,111885,"","","","","","","",37630,"","","",16270,"","","",5,68558,2.8,12.3,19.6,64.6,1.0,8.3,22.4
"A1023","Ventura","Simi Valley","https://www.californiahealthmaps.org?address=A1023","Male","Thyroid",169000,11.5,6.8,19.2,109940,"","","","","","","",36845,"","","",14370,"","","",5,68558,2.8,12.3,19.6,64.6,1.0,8.3,22.4
"A1023","Ventura","Simi Valley","https://www.californiahealthmaps.org?address=A1023","Female","Thyroid",173790,32.5,24.6,42.5,111885,29.9,20.9,42.2,"","","","",37630,"","","",16270,"","","",5,68558,2.8,12.3,19.6,64.6,1.0,8.3,22.4
"A1023","Ventura","Simi Valley","https://www.californiahealthmaps.org?address=A1023","Both","AllSite",342790,457.3,433.4,482.4,221825,467.9,439.9,497.6,"","","","",74475,411.5,350.1,483.0,30640,385.3,307.1,479.8,5,68558,2.8,12.3,19.6,64.6,1.0,8.3,22.4
"A1023","Ventura","Simi Valley","https://www.californiahealthmaps.org?address=A1023","Both","Lung",342790,51.9,43.6,61.5,221825,56.3,46.5,67.7,"","","","",74475,"","","",30640,"","","",5,68558,2.8,12.3,19.6,64.6,1.0,8.3,22.4
"A1023","Ventura","Simi Valley","https://www.californiahealthmaps.org?address=A1023","Both","CRC",342790,27.3,21.7,34.2,221825,25.9,19.6,33.9,"","","","",74475,45.1,26.0,75.8,30640,"","","",5,68558,2.8,12.3,19.6,64.6,1.0,8.3,22.4
"A1023","Ventura","Simi Valley","https://www.californiahealthmaps.org?address=A1023","Both","Mela",342790,26.2,20.9,32.7,221825,28.0,21.4,36.4,"","","","",74475,"","","",30640,"","","",5,68558,2.8,12.3,19.6,64.6,1.0,8.3,22.4
"A1023","Ventura","Simi Valley","https://www.californiahealthmaps.org?address=A1023","Both","Lymph",342790,17.9,13.4,23.7,221825,19.6,14.2,26.8,"","","","",74475,"","","",30640,"","","",5,68558,2.8,12.3,19.6,64.6,1.0,8.3,22.4
"A1023","Ventura","Simi Valley","https://www.californiahealthmaps.org?address=A1023","Both","Urinary",342790,10.2,6.9,14.7,221825,12.2,8.1,18.0,"","","","",74475,"","","",30640,"","","",5,68558,2.8,12.3,19.6,64.6,1.0,8.3,22.4
"A1023","Ventura","Simi Valley","https://www.californiahealthmaps.org?address=A1023","Both","Kidney",342790,16.3,12.0,21.8,221825,14.9,10.0,21.5,"","","","",74475,"","","",30640,"","","",5,68558,2.8,12.3,19.6,64.6,1.0,8.3,22.4
"A1023","Ventura","Simi Valley","https://www.californiahealthmaps.org?address=A1023","Both","Thyroid",342790,22.4,17.6,28.4,221825,20.5,15.1,27.7,"","","","",74475,29.5,15.5,55.0,30640,"","","",5,68558,2.8,12.3,19.6,64.6,1.0,8.3,22.4
