"Zone","Counties","Cities","URL","Sex","Cancer","PopTot","AAIR","LCI","UCI","White_PopTot","White_AAIR","White_LCI","White_UCI","Black_PopTot","Black_AAIR","Black_LCI","Black_UCI","Hispanic_PopTot","Hispanic_AAIR","Hispanic_LCI","Hispanic_UCI","Asian_PopTot","Asian_AAIR","Asian_LCI","Asian_UCI","QNSES","PopAll","PerRural","PerUninsured","PerForeignBorn","PerWhite","PerBlack","PerAsian","PerHispanic","PerAPI","PerDocvisit","PerFOBT","PerMammo","PerMenPrev","PerPap","PerWomenPrev"
"A0957","Ventura","Simi Valley, Thousand Oaks","https://www.californiahealthmaps.org?address=A0957","Male","AllSite",154055,515.6,479.7,554.2,119080,522.6,482.8,565.9,"","","","",15920,432.1,300.3,638.4,12685,327.3,228.1,461.8,5,63060,1.3,6.6,13.8,76.3,0.8,8.3,11.8,8.3,"","","","","",""
"A0957","Ventura","Simi Valley, Thousand Oaks","https://www.californiahealthmaps.org?address=A0957","Female","AllSite",161245,524.3,490.0,561.0,122680,536.8,497.8,579.0,"","","","",17345,471.6,357.6,617.4,15080,449.1,344.1,590.8,5,63060,1.3,6.6,13.8,76.3,0.8,8.3,11.8,8.3,"","","","","",""
"A0957","Ventura","Simi Valley, Thousand Oaks","https://www.californiahealthmaps.org?address=A0957","Male","Prostate",154055,129.7,113.2,148.7,119080,121.7,104.5,142.5,"","","","",15920,160.1,92.1,310.1,12685,"","","",5,63060,1.3,6.6,13.8,76.3,0.8,8.3,11.8,8.3,"","","","","",""
"A0957","Ventura","Simi Valley, Thousand Oaks","https://www.californiahealthmaps.org?address=A0957","Female","Breast",161245,185.6,166.2,207.3,122680,201.1,178.3,227.1,"","","","",17345,151.1,91.5,244.4,15080,106.2,61.5,192.2,5,63060,1.3,6.6,13.8,76.3,0.8,8.3,11.8,8.3,"","","","","",""
"A0957","Ventura","Simi Valley, Thousand Oaks","https://www.californiahealthmaps.org?address=A0957","Male","Lung",154055,45.4,34.9,58.9,119080,50.8,38.7,67.0,"","","","",15920,"","","",12685,"","","",5,63060,1.3,6.6,13.8,76.3,0.8,8.3,11.8,8.3,"","","","","",""
"A0957","Ventura","Simi Valley, Thousand Oaks","https://www.californiahealthmaps.org?address=A0957","Female","Lung",161245,44.9,35.0,57.3,122680,44.8,34.0,59.0,"","","","",17345,"","","",15080,"","","",5,63060,1.3,6.6,13.8,76.3,0.8,8.3,11.8,8.3,"","","","","",""
"A0957","Ventura","Simi Valley, Thousand Oaks","https://www.californiahealthmaps.org?address=A0957","Male","CRC",154055,43.9,33.3,57.3,119080,43.7,32.2,59.4,"","","","",15920,"","","",12685,"","","",5,63060,1.3,6.6,13.8,76.3,0.8,8.3,11.8,8.3,"","","","","",""
"A0957","Ventura","Simi Valley, Thousand Oaks","https://www.californiahealthmaps.org?address=A0957","Female","CRC",161245,29.9,22.1,40.2,122680,29.6,21.1,41.7,"","","","",17345,"","","",15080,"","","",5,63060,1.3,6.6,13.8,76.3,0.8,8.3,11.8,8.3,"","","","","",""
"A0957","Ventura","Simi Valley, Thousand Oaks","https://www.californiahealthmaps.org?address=A0957","Male","Mela",154055,51.6,40.7,65.3,119080,53.4,41.1,69.5,"","","","",15920,"","","",12685,"","","",5,63060,1.3,6.6,13.8,76.3,0.8,8.3,11.8,8.3,"","","","","",""
"A0957","Ventura","Simi Valley, Thousand Oaks","https://www.californiahealthmaps.org?address=A0957","Female","Mela",161245,29.3,21.5,39.7,122680,29.2,20.3,41.9,"","","","",17345,"","","",15080,"","","",5,63060,1.3,6.6,13.8,76.3,0.8,8.3,11.8,8.3,"","","","","",""
"A0957","Ventura","Simi Valley, Thousand Oaks","https://www.californiahealthmaps.org?address=A0957","Female","Uterine",161245,27.5,20.5,37.0,122680,27.6,19.9,38.9,"","","","",17345,"","","",15080,"","","",5,63060,1.3,6.6,13.8,76.3,0.8,8.3,11.8,8.3,"","","","","",""
"A0957","Ventura","Simi Valley, Thousand Oaks","https://www.californiahealthmaps.org?address=A0957","Male","Lymph",154055,23.5,16.2,33.7,119080,24.1,16.2,36.2,"","","","",15920,"","","",12685,"","","",5,63060,1.3,6.6,13.8,76.3,0.8,8.3,11.8,8.3,"","","","","",""
"A0957","Ventura","Simi Valley, Thousand Oaks","https://www.californiahealthmaps.org?address=A0957","Female","Lymph",161245,18.9,12.8,27.7,122680,17.5,11.1,27.8,"","","","",17345,"","","",15080,"","","",5,63060,1.3,6.6,13.8,76.3,0.8,8.3,11.8,8.3,"","","","","",""
"A0957","Ventura","Simi Valley, Thousand Oaks","https://www.californiahealthmaps.org?address=A0957","Male","Urinary",154055,19.6,13.0,29.1,119080,20.9,13.6,32.3,"","","","",15920,"","","",12685,"","","",5,63060,1.3,6.6,13.8,76.3,0.8,8.3,11.8,8.3,"","","","","",""
"A0957","Ventura","Simi Valley, Thousand Oaks","https://www.californiahealthmaps.org?address=A0957","Female","Urinary",161245,"","","",122680,"","","","","","","",17345,"","","",15080,"","","",5,63060,1.3,6.6,13.8,76.3,0.8,8.3,11.8,8.3,"","","","","",""
"A0957","Ventura","Simi Valley, Thousand Oaks","https://www.californiahealthmaps.org?address=A0957","Male","Kidney",154055,25.6,18.2,35.8,119080,25.4,17.4,37.5,"","","","",15920,"","","",12685,"","","",5,63060,1.3,6.6,13.8,76.3,0.8,8.3,11.8,8.3,"","","","","",""
"A0957","Ventura","Simi Valley, Thousand Oaks","https://www.californiahealthmaps.org?address=A0957","Female","Kidney",161245,8.8,5.1,15.3,122680,"","","","","","","",17345,"","","",15080,"","","",5,63060,1.3,6.6,13.8,76.3,0.8,8.3,11.8,8.3,"","","","","",""
"A0957","Ventura","Simi Valley, Thousand Oaks","https://www.californiahealthmaps.org?address=A0957","Male","Thyroid",154055,20.3,13.7,29.9,119080,20.7,13.3,32.3,"","","","",15920,"","","",12685,"","","",5,63060,1.3,6.6,13.8,76.3,0.8,8.3,11.8,8.3,"","","","","",""
"A0957","Ventura","Simi Valley, Thousand Oaks","https://www.californiahealthmaps.org?address=A0957","Female","Thyroid",161245,33.2,24.4,44.5,122680,34.2,23.7,48.6,"","","","",17345,"","","",15080,"","","",5,63060,1.3,6.6,13.8,76.3,0.8,8.3,11.8,8.3,"","","","","",""
"A0957","Ventura","Simi Valley, Thousand Oaks","https://www.californiahealthmaps.org?address=A0957","Male","Liver",154055,"","","",119080,"","","","","","","",15920,"","","",12685,"","","",5,63060,1.3,6.6,13.8,76.3,0.8,8.3,11.8,8.3,"","","","","",""
"A0957","Ventura","Simi Valley, Thousand Oaks","https://www.californiahealthmaps.org?address=A0957","Female","Liver",161245,"","","",122680,"","","","","","","",17345,"","","",15080,"","","",5,63060,1.3,6.6,13.8,76.3,0.8,8.3,11.8,8.3,"","","","","",""
"A0957","Ventura","Simi Valley, Thousand Oaks","https://www.californiahealthmaps.org?address=A0957","Male","Pancreas",154055,15.8,10.0,24.6,119080,16.7,10.4,27.2,"","","","",15920,"","","",12685,"","","",5,63060,1.3,6.6,13.8,76.3,0.8,8.3,11.8,8.3,"","","","","",""
"A0957","Ventura","Simi Valley, Thousand Oaks","https://www.californiahealthmaps.org?address=A0957","Female","Pancreas",161245,18.4,12.4,27.2,122680,18.6,12.0,28.9,"","","","",17345,"","","",15080,"","","",5,63060,1.3,6.6,13.8,76.3,0.8,8.3,11.8,8.3,"","","","","",""
"A0957","Ventura","Simi Valley, Thousand Oaks","https://www.californiahealthmaps.org?address=A0957","Both","AllSite",315300,519.6,494.7,545.7,241760,529.1,501.2,558.6,"","","","",33265,455.2,367.4,564.1,27765,389.0,315.7,479.3,5,63060,1.3,6.6,13.8,76.3,0.8,8.3,11.8,8.3,"","","","","",""
"A0957","Ventura","Simi Valley, Thousand Oaks","https://www.californiahealthmaps.org?address=A0957","Both","Lung",315300,45.2,37.9,53.8,241760,47.8,39.6,57.8,"","","","",33265,"","","",27765,"","","",5,63060,1.3,6.6,13.8,76.3,0.8,8.3,11.8,8.3,"","","","","",""
"A0957","Ventura","Simi Valley, Thousand Oaks","https://www.californiahealthmaps.org?address=A0957","Both","CRC",315300,36.3,29.8,44.2,241760,36.2,29.0,45.2,"","","","",33265,"","","",27765,"","","",5,63060,1.3,6.6,13.8,76.3,0.8,8.3,11.8,8.3,"","","","","",""
"A0957","Ventura","Simi Valley, Thousand Oaks","https://www.californiahealthmaps.org?address=A0957","Both","Mela",315300,39.5,32.9,47.5,241760,40.4,32.9,49.8,"","","","",33265,"","","",27765,"","","",5,63060,1.3,6.6,13.8,76.3,0.8,8.3,11.8,8.3,"","","","","",""
"A0957","Ventura","Simi Valley, Thousand Oaks","https://www.californiahealthmaps.org?address=A0957","Both","Lymph",315300,20.9,16.1,27.0,241760,20.5,15.3,27.5,"","","","",33265,"","","",27765,"","","",5,63060,1.3,6.6,13.8,76.3,0.8,8.3,11.8,8.3,"","","","","",""
"A0957","Ventura","Simi Valley, Thousand Oaks","https://www.californiahealthmaps.org?address=A0957","Both","Urinary",315300,11.2,7.8,15.8,241760,12.2,8.4,17.9,"","","","",33265,"","","",27765,"","","",5,63060,1.3,6.6,13.8,76.3,0.8,8.3,11.8,8.3,"","","","","",""
"A0957","Ventura","Simi Valley, Thousand Oaks","https://www.californiahealthmaps.org?address=A0957","Both","Kidney",315300,16.9,12.8,22.4,241760,16.0,11.6,22.3,"","","","",33265,"","","",27765,"","","",5,63060,1.3,6.6,13.8,76.3,0.8,8.3,11.8,8.3,"","","","","",""
"A0957","Ventura","Simi Valley, Thousand Oaks","https://www.californiahealthmaps.org?address=A0957","Both","Thyroid",315300,27.0,21.4,34.1,241760,27.7,21.1,36.4,"","","","",33265,"","","",27765,"","","",5,63060,1.3,6.6,13.8,76.3,0.8,8.3,11.8,8.3,"","","","","",""
"A0957","Ventura","Simi Valley, Thousand Oaks","https://www.californiahealthmaps.org?address=A0957","Both","Liver",315300,4.6,2.7,8.0,241760,"","","","","","","",33265,"","","",27765,"","","",5,63060,1.3,6.6,13.8,76.3,0.8,8.3,11.8,8.3,"","","","","",""
"A0957","Ventura","Simi Valley, Thousand Oaks","https://www.californiahealthmaps.org?address=A0957","Both","Pancreas",315300,17.3,12.9,23.0,241760,17.8,13.1,24.5,"","","","",33265,"","","",27765,"","","",5,63060,1.3,6.6,13.8,76.3,0.8,8.3,11.8,8.3,"","","","","",""
