"Zone","Counties","Cities","URL","Sex","Cancer","PopTot","AAIR","LCI","UCI","White_PopTot","White_AAIR","White_LCI","White_UCI","Black_PopTot","Black_AAIR","Black_LCI","Black_UCI","Hispanic_PopTot","Hispanic_AAIR","Hispanic_LCI","Hispanic_UCI","Asian_PopTot","Asian_AAIR","Asian_LCI","Asian_UCI","QNSES","PopAll","PerRural","PerUninsured","PerForeignBorn","PerWhite","PerBlack","PerAsian","PerHispanic","PerAPI","PerDocvisit","PerFOBT","PerMammo","PerMenPrev","PerPap","PerWomenPrev"
"A1027","Merced","Los Banos","https://www.californiahealthmaps.org?address=A1027","Male","AllSite",197535,445.1,411.7,480.6,66740,416.6,373.2,464.7,"","","","",117790,492.8,430.0,563.9,"","","","",1,78385,22.2,20.8,27.0,32.9,2.1,3.2,60.2,3.2,"","","","","",""
"A1027","Merced","Los Banos","https://www.californiahealthmaps.org?address=A1027","Female","AllSite",194390,428.1,397.6,460.6,68890,400.9,359.6,446.6,"","","","",111915,485.3,426.5,551.5,"","","","",1,78385,22.2,20.8,27.0,32.9,2.1,3.2,60.2,3.2,"","","","","",""
"A1027","Merced","Los Banos","https://www.californiahealthmaps.org?address=A1027","Male","Prostate",197535,93.2,78.5,110.2,66740,73.7,57.1,95.0,"","","","",117790,107.6,78.7,145.3,"","","","",1,78385,22.2,20.8,27.0,32.9,2.1,3.2,60.2,3.2,"","","","","",""
"A1027","Merced","Los Banos","https://www.californiahealthmaps.org?address=A1027","Female","Breast",194390,121.0,105.0,138.9,68890,119.0,96.8,146.1,"","","","",111915,121.2,93.5,156.4,"","","","",1,78385,22.2,20.8,27.0,32.9,2.1,3.2,60.2,3.2,"","","","","",""
"A1027","Merced","Los Banos","https://www.californiahealthmaps.org?address=A1027","Male","Lung",197535,60.3,48.1,75.0,66740,57.9,43.0,77.8,"","","","",117790,75.7,50.2,110.9,"","","","",1,78385,22.2,20.8,27.0,32.9,2.1,3.2,60.2,3.2,"","","","","",""
"A1027","Merced","Los Banos","https://www.californiahealthmaps.org?address=A1027","Female","Lung",194390,40.2,31.0,51.4,68890,51.7,38.1,70.2,"","","","",111915,"","","","","","","",1,78385,22.2,20.8,27.0,32.9,2.1,3.2,60.2,3.2,"","","","","",""
"A1027","Merced","Los Banos","https://www.californiahealthmaps.org?address=A1027","Male","CRC",197535,53.1,42.0,66.5,66740,50.1,35.6,69.7,"","","","",117790,60.7,41.4,88.5,"","","","",1,78385,22.2,20.8,27.0,32.9,2.1,3.2,60.2,3.2,"","","","","",""
"A1027","Merced","Los Banos","https://www.californiahealthmaps.org?address=A1027","Female","CRC",194390,38.8,30.0,49.5,68890,36.6,25.5,52.5,"","","","",111915,49.6,31.4,76.2,"","","","",1,78385,22.2,20.8,27.0,32.9,2.1,3.2,60.2,3.2,"","","","","",""
"A1027","Merced","Los Banos","https://www.californiahealthmaps.org?address=A1027","Male","Mela",197535,20.0,13.5,28.9,66740,21.8,12.8,36.3,"","","","",117790,"","","","","","","",1,78385,22.2,20.8,27.0,32.9,2.1,3.2,60.2,3.2,"","","","","",""
"A1027","Merced","Los Banos","https://www.californiahealthmaps.org?address=A1027","Female","Mela",194390,10.8,6.5,17.3,68890,"","","","","","","",111915,"","","","","","","",1,78385,22.2,20.8,27.0,32.9,2.1,3.2,60.2,3.2,"","","","","",""
"A1027","Merced","Los Banos","https://www.californiahealthmaps.org?address=A1027","Female","Uterine",194390,21.8,15.4,30.2,68890,19.0,10.5,33.0,"","","","",111915,27.2,16.0,46.2,"","","","",1,78385,22.2,20.8,27.0,32.9,2.1,3.2,60.2,3.2,"","","","","",""
"A1027","Merced","Los Banos","https://www.californiahealthmaps.org?address=A1027","Male","Lymph",197535,21.9,14.8,31.5,66740,20.5,11.4,35.2,"","","","",117790,"","","","","","","",1,78385,22.2,20.8,27.0,32.9,2.1,3.2,60.2,3.2,"","","","","",""
"A1027","Merced","Los Banos","https://www.californiahealthmaps.org?address=A1027","Female","Lymph",194390,17.0,11.3,24.7,68890,15.0,8.2,27.1,"","","","",111915,"","","","","","","",1,78385,22.2,20.8,27.0,32.9,2.1,3.2,60.2,3.2,"","","","","",""
"A1027","Merced","Los Banos","https://www.californiahealthmaps.org?address=A1027","Male","Urinary",197535,13.7,8.2,21.6,66740,"","","","","","","",117790,"","","","","","","",1,78385,22.2,20.8,27.0,32.9,2.1,3.2,60.2,3.2,"","","","","",""
"A1027","Merced","Los Banos","https://www.californiahealthmaps.org?address=A1027","Female","Urinary",194390,"","","",68890,"","","","","","","",111915,"","","","","","","",1,78385,22.2,20.8,27.0,32.9,2.1,3.2,60.2,3.2,"","","","","",""
"A1027","Merced","Los Banos","https://www.californiahealthmaps.org?address=A1027","Male","Kidney",197535,21.8,14.9,31.0,66740,23.2,13.6,38.3,"","","","",117790,"","","","","","","",1,78385,22.2,20.8,27.0,32.9,2.1,3.2,60.2,3.2,"","","","","",""
"A1027","Merced","Los Banos","https://www.californiahealthmaps.org?address=A1027","Female","Kidney",194390,15.3,9.9,22.7,68890,"","","","","","","",111915,"","","","","","","",1,78385,22.2,20.8,27.0,32.9,2.1,3.2,60.2,3.2,"","","","","",""
"A1027","Merced","Los Banos","https://www.californiahealthmaps.org?address=A1027","Male","Thyroid",197535,9.3,5.3,15.7,66740,"","","","","","","",117790,"","","","","","","",1,78385,22.2,20.8,27.0,32.9,2.1,3.2,60.2,3.2,"","","","","",""
"A1027","Merced","Los Banos","https://www.californiahealthmaps.org?address=A1027","Female","Thyroid",194390,22.6,16.1,31.0,68890,"","","","","","","",111915,29.8,18.6,48.5,"","","","",1,78385,22.2,20.8,27.0,32.9,2.1,3.2,60.2,3.2,"","","","","",""
"A1027","Merced","Los Banos","https://www.californiahealthmaps.org?address=A1027","Male","Liver",197535,16.8,10.9,25.1,66740,"","","","","","","",117790,"","","","","","","",1,78385,22.2,20.8,27.0,32.9,2.1,3.2,60.2,3.2,"","","","","",""
"A1027","Merced","Los Banos","https://www.californiahealthmaps.org?address=A1027","Female","Liver",194390,12.3,7.5,19.0,68890,"","","","","","","",111915,"","","","","","","",1,78385,22.2,20.8,27.0,32.9,2.1,3.2,60.2,3.2,"","","","","",""
"A1027","Merced","Los Banos","https://www.californiahealthmaps.org?address=A1027","Male","Pancreas",197535,13.1,8.0,20.7,66740,"","","","","","","",117790,"","","","","","","",1,78385,22.2,20.8,27.0,32.9,2.1,3.2,60.2,3.2,"","","","","",""
"A1027","Merced","Los Banos","https://www.californiahealthmaps.org?address=A1027","Female","Pancreas",194390,11.1,6.7,17.7,68890,"","","","","","","",111915,"","","","","","","",1,78385,22.2,20.8,27.0,32.9,2.1,3.2,60.2,3.2,"","","","","",""
"A1027","Merced","Los Banos","https://www.californiahealthmaps.org?address=A1027","Both","AllSite",391925,434.0,411.6,457.5,135630,406.5,376.6,438.6,"","","","",229705,487.1,443.9,534.2,"","","","",1,78385,22.2,20.8,27.0,32.9,2.1,3.2,60.2,3.2,"","","","","",""
"A1027","Merced","Los Banos","https://www.californiahealthmaps.org?address=A1027","Both","Lung",391925,49.1,41.6,57.8,135630,54.5,44.3,67.1,"","","","",229705,51.7,36.9,71.0,"","","","",1,78385,22.2,20.8,27.0,32.9,2.1,3.2,60.2,3.2,"","","","","",""
"A1027","Merced","Los Banos","https://www.californiahealthmaps.org?address=A1027","Both","CRC",391925,45.7,38.6,53.9,135630,42.4,33.4,53.8,"","","","",229705,55.3,41.6,73.0,"","","","",1,78385,22.2,20.8,27.0,32.9,2.1,3.2,60.2,3.2,"","","","","",""
"A1027","Merced","Los Banos","https://www.californiahealthmaps.org?address=A1027","Both","Mela",391925,15.6,11.5,20.7,135630,17.2,11.6,25.3,"","","","",229705,"","","","","","","",1,78385,22.2,20.8,27.0,32.9,2.1,3.2,60.2,3.2,"","","","","",""
"A1027","Merced","Los Banos","https://www.californiahealthmaps.org?address=A1027","Both","Lymph",391925,19.3,14.7,25.0,135630,17.3,11.6,25.6,"","","","",229705,27.2,16.9,42.1,"","","","",1,78385,22.2,20.8,27.0,32.9,2.1,3.2,60.2,3.2,"","","","","",""
"A1027","Merced","Los Banos","https://www.californiahealthmaps.org?address=A1027","Both","Urinary",391925,8.5,5.6,12.6,135630,9.7,5.8,16.1,"","","","",229705,"","","","","","","",1,78385,22.2,20.8,27.0,32.9,2.1,3.2,60.2,3.2,"","","","","",""
"A1027","Merced","Los Banos","https://www.californiahealthmaps.org?address=A1027","Both","Kidney",391925,18.3,13.9,23.7,135630,18.9,12.7,27.8,"","","","",229705,19.0,11.6,30.5,"","","","",1,78385,22.2,20.8,27.0,32.9,2.1,3.2,60.2,3.2,"","","","","",""
"A1027","Merced","Los Banos","https://www.californiahealthmaps.org?address=A1027","Both","Thyroid",391925,16.0,12.0,20.9,135630,15.5,9.6,24.1,"","","","",229705,18.8,12.4,29.1,"","","","",1,78385,22.2,20.8,27.0,32.9,2.1,3.2,60.2,3.2,"","","","","",""
"A1027","Merced","Los Banos","https://www.californiahealthmaps.org?address=A1027","Both","Liver",391925,14.5,10.6,19.4,135630,10.9,6.6,17.6,"","","","",229705,19.2,11.4,31.2,"","","","",1,78385,22.2,20.8,27.0,32.9,2.1,3.2,60.2,3.2,"","","","","",""
"A1027","Merced","Los Banos","https://www.californiahealthmaps.org?address=A1027","Both","Pancreas",391925,12.3,8.8,17.0,135630,12.8,8.2,19.8,"","","","",229705,"","","","","","","",1,78385,22.2,20.8,27.0,32.9,2.1,3.2,60.2,3.2,"","","","","",""
