"Zone","URL","Sex","Cancer","Years","Counties","Places","AAIR","LCI","UCI","White_PopTot","White_AAIR","White_LCI","White_UCI","Black_PopTot","Black_AAIR","Black_LCI","Black_UCI","TotalPop","PctMinority","PctHispanic","PctBlackNH","PctRural","PctBelowPov","PctEducLHS","PctEducBch","PctNoHealthIns"
"A9038","https://www.example.com?address=A9038","Both","AllSite","05yrs","Bossier","Bossier City, Red Chute",441.2,418.8,464.5,217421,445.3,419.6,472.2,75005,450.3,397.6,507.7,60045,31.39,4.91,22.98,25.3,16.65,12.92,26.71,11.88
"A9038","https://www.example.com?address=A9038","Female","AllSite","05yrs","Bossier","Bossier City, Red Chute",403.1,374.1,433.8,109821,405.5,371.8,441.7,40405,395.1,331.3,467.4,60045,31.39,4.91,22.98,25.3,16.65,12.92,26.71,11.88
"A9038","https://www.example.com?address=A9038","Male","AllSite","05yrs","Bossier","Bossier City, Red Chute",501.6,465.3,539.9,107600,510.7,469.5,554.7,34600,526.3,437.9,626.6,60045,31.39,4.91,22.98,25.3,16.65,12.92,26.71,11.88
"A9038","https://www.example.com?address=A9038","Male","Prostate","05yrs","Bossier","Bossier City, Red Chute",107.9,92.1,125.6,107600,98.5,81.8,117.9,34600,181.6,129.6,246.3,60045,31.39,4.91,22.98,25.3,16.65,12.92,26.71,11.88
"A9038","https://www.example.com?address=A9038","Both","Lung","05yrs","Bossier","Bossier City, Red Chute",61.4,53.2,70.4,217421,60.8,51.7,71.2,75005,67.4,48.1,91.6,60045,31.39,4.91,22.98,25.3,16.65,12.92,26.71,11.88
"A9038","https://www.example.com?address=A9038","Female","Lung","05yrs","Bossier","Bossier City, Red Chute",54.1,44.1,65.7,109821,58.6,46.8,72.7,40405,39.9,22.5,65.7,60045,31.39,4.91,22.98,25.3,16.65,12.92,26.71,11.88
"A9038","https://www.example.com?address=A9038","Male","Lung","05yrs","Bossier","Bossier City, Red Chute",72.6,58.9,88.4,107600,66.3,51.6,83.9,34600,108.2,69.0,160.4,60045,31.39,4.91,22.98,25.3,16.65,12.92,26.71,11.88
"A9038","https://www.example.com?address=A9038","Female","Breast","05yrs","Bossier","Bossier City, Red Chute",120.0,104.4,137.4,109821,118.5,100.5,138.9,40405,126.3,92.3,168.7,60045,31.39,4.91,22.98,25.3,16.65,12.92,26.71,11.88
"A9038","https://www.example.com?address=A9038","Both","CRC","05yrs","Bossier","Bossier City, Red Chute",40.5,33.9,48.0,217421,39.7,32.3,48.4,75005,49.1,32.6,70.7,60045,31.39,4.91,22.98,25.3,16.65,12.92,26.71,11.88
"A9038","https://www.example.com?address=A9038","Female","CRC","05yrs","Bossier","Bossier City, Red Chute",30.8,23.2,40.2,109821,34.1,24.9,45.9,40405,"","","",60045,31.39,4.91,22.98,25.3,16.65,12.92,26.71,11.88
"A9038","https://www.example.com?address=A9038","Male","CRC","05yrs","Bossier","Bossier City, Red Chute",53.7,42.2,67.2,107600,48.3,36.1,63.4,34600,92.3,57.3,140.0,60045,31.39,4.91,22.98,25.3,16.65,12.92,26.71,11.88
"A9038","https://www.example.com?address=A9038","Both","Kidney","05yrs","Bossier","Bossier City, Red Chute",17.0,12.9,21.9,217421,18.4,13.5,24.5,75005,"","","",60045,31.39,4.91,22.98,25.3,16.65,12.92,26.71,11.88
"A9038","https://www.example.com?address=A9038","Female","Kidney","05yrs","Bossier","Bossier City, Red Chute",10.2,6.2,16.0,109821,"","","",40405,"","","",60045,31.39,4.91,22.98,25.3,16.65,12.92,26.71,11.88
"A9038","https://www.example.com?address=A9038","Male","Kidney","05yrs","Bossier","Bossier City, Red Chute",25.4,18.0,35.0,107600,29.3,20.2,41.3,34600,"","","",60045,31.39,4.91,22.98,25.3,16.65,12.92,26.71,11.88
"A9038","https://www.example.com?address=A9038","Both","NHL","05yrs","Bossier","Bossier City, Red Chute",18.5,14.1,23.8,217421,17.6,12.9,23.5,75005,"","","",60045,31.39,4.91,22.98,25.3,16.65,12.92,26.71,11.88
"A9038","https://www.example.com?address=A9038","Female","NHL","05yrs","Bossier","Bossier City, Red Chute",15.1,10.0,22.0,109821,13.9,8.6,21.7,40405,"","","",60045,31.39,4.91,22.98,25.3,16.65,12.92,26.71,11.88
"A9038","https://www.example.com?address=A9038","Male","NHL","05yrs","Bossier","Bossier City, Red Chute",22.8,15.6,32.2,107600,22.7,14.7,33.5,34600,"","","",60045,31.39,4.91,22.98,25.3,16.65,12.92,26.71,11.88
"A9038","https://www.example.com?address=A9038","Both","Urinary","05yrs","Bossier","Bossier City, Red Chute",17.8,13.6,23.1,217421,20.6,15.5,27.0,75005,"","","",60045,31.39,4.91,22.98,25.3,16.65,12.92,26.71,11.88
"A9038","https://www.example.com?address=A9038","Female","Urinary","05yrs","Bossier","Bossier City, Red Chute","","","",109821,"","","",40405,"","","",60045,31.39,4.91,22.98,25.3,16.65,12.92,26.71,11.88
"A9038","https://www.example.com?address=A9038","Male","Urinary","05yrs","Bossier","Bossier City, Red Chute",32.7,23.5,44.1,107600,38.3,27.3,52.1,34600,"","","",60045,31.39,4.91,22.98,25.3,16.65,12.92,26.71,11.88
"A9038","https://www.example.com?address=A9038","Both","Mela","05yrs","Bossier","Bossier City, Red Chute",21.1,16.3,26.8,217421,27.7,21.3,35.4,75005,"","","",60045,31.39,4.91,22.98,25.3,16.65,12.92,26.71,11.88
"A9038","https://www.example.com?address=A9038","Female","Mela","05yrs","Bossier","Bossier City, Red Chute",16.1,10.6,23.6,109821,21.9,14.1,32.4,40405,"","","",60045,31.39,4.91,22.98,25.3,16.65,12.92,26.71,11.88
"A9038","https://www.example.com?address=A9038","Male","Mela","05yrs","Bossier","Bossier City, Red Chute",27.8,19.7,38.0,107600,35.3,25.1,48.4,34600,"","","",60045,31.39,4.91,22.98,25.3,16.65,12.92,26.71,11.88
"A9038","https://www.example.com?address=A9038","Both","Pancreas","05yrs","Bossier","Bossier City, Red Chute",14.7,10.8,19.5,217421,13.5,9.4,18.9,75005,"","","",60045,31.39,4.91,22.98,25.3,16.65,12.92,26.71,11.88
"A9038","https://www.example.com?address=A9038","Female","Pancreas","05yrs","Bossier","Bossier City, Red Chute",14.1,9.2,20.7,109821,12.4,7.2,20.1,40405,"","","",60045,31.39,4.91,22.98,25.3,16.65,12.92,26.71,11.88
"A9038","https://www.example.com?address=A9038","Male","Pancreas","05yrs","Bossier","Bossier City, Red Chute",15.3,9.5,23.2,107600,15.4,9.0,24.6,34600,"","","",60045,31.39,4.91,22.98,25.3,16.65,12.92,26.71,11.88
"A9038","https://www.example.com?address=A9038","Both","Leuks","05yrs","Bossier","Bossier City, Red Chute",12.9,9.2,17.4,217421,15.1,10.6,20.9,75005,"","","",60045,31.39,4.91,22.98,25.3,16.65,12.92,26.71,11.88
"A9038","https://www.example.com?address=A9038","Female","Leuks","05yrs","Bossier","Bossier City, Red Chute","","","",109821,"","","",40405,"","","",60045,31.39,4.91,22.98,25.3,16.65,12.92,26.71,11.88
"A9038","https://www.example.com?address=A9038","Male","Leuks","05yrs","Bossier","Bossier City, Red Chute",20.2,13.2,29.4,107600,24.3,15.7,36.0,34600,"","","",60045,31.39,4.91,22.98,25.3,16.65,12.92,26.71,11.88
"A9038","https://www.example.com?address=A9038","Both","Oral","05yrs","Bossier","Bossier City, Red Chute",12.9,9.4,17.3,217421,15.7,11.2,21.4,75005,"","","",60045,31.39,4.91,22.98,25.3,16.65,12.92,26.71,11.88
"A9038","https://www.example.com?address=A9038","Female","Oral","05yrs","Bossier","Bossier City, Red Chute","","","",109821,"","","",40405,"","","",60045,31.39,4.91,22.98,25.3,16.65,12.92,26.71,11.88
"A9038","https://www.example.com?address=A9038","Male","Oral","05yrs","Bossier","Bossier City, Red Chute",20.5,14.0,29.1,107600,25.3,17.0,36.3,34600,"","","",60045,31.39,4.91,22.98,25.3,16.65,12.92,26.71,11.88
"A9038","https://www.example.com?address=A9038","Both","Thyroid","05yrs","Bossier","Bossier City, Red Chute",20.6,15.9,26.2,217421,21.6,16.0,28.5,75005,"","","",60045,31.39,4.91,22.98,25.3,16.65,12.92,26.71,11.88
"A9038","https://www.example.com?address=A9038","Female","Thyroid","05yrs","Bossier","Bossier City, Red Chute",31.7,23.8,41.5,109821,33.0,23.4,45.2,40405,"","","",60045,31.39,4.91,22.98,25.3,16.65,12.92,26.71,11.88
"A9038","https://www.example.com?address=A9038","Male","Thyroid","05yrs","Bossier","Bossier City, Red Chute","","","",107600,"","","",34600,"","","",60045,31.39,4.91,22.98,25.3,16.65,12.92,26.71,11.88
"A9038","https://www.example.com?address=A9038","Female","Uterine","05yrs","Bossier","Bossier City, Red Chute",13.7,8.7,20.5,109821,"","","",40405,"","","",60045,31.39,4.91,22.98,25.3,16.65,12.92,26.71,11.88
"A9038","https://www.example.com?address=A9038","Both","Liver","05yrs","Bossier","Bossier City, Red Chute",6.5,4.1,9.9,217421,6.5,3.7,10.6,75005,"","","",60045,31.39,4.91,22.98,25.3,16.65,12.92,26.71,11.88
"A9038","https://www.example.com?address=A9038","Female","Liver","05yrs","Bossier","Bossier City, Red Chute","","","",109821,"","","",40405,"","","",60045,31.39,4.91,22.98,25.3,16.65,12.92,26.71,11.88
"A9038","https://www.example.com?address=A9038","Male","Liver","05yrs","Bossier","Bossier City, Red Chute",13.3,8.0,20.6,107600,13.3,7.4,22.1,34600,"","","",60045,31.39,4.91,22.98,25.3,16.65,12.92,26.71,11.88
"A9038","https://www.example.com?address=A9038","Both","Stomach","05yrs","Bossier","Bossier City, Red Chute",5.3,3.2,8.3,217421,"","","",75005,"","","",60045,31.39,4.91,22.98,25.3,16.65,12.92,26.71,11.88
"A9038","https://www.example.com?address=A9038","Female","Stomach","05yrs","Bossier","Bossier City, Red Chute","","","",109821,"","","",40405,"","","",60045,31.39,4.91,22.98,25.3,16.65,12.92,26.71,11.88
"A9038","https://www.example.com?address=A9038","Male","Stomach","05yrs","Bossier","Bossier City, Red Chute","","","",107600,"","","",34600,"","","",60045,31.39,4.91,22.98,25.3,16.65,12.92,26.71,11.88
"A9038","https://www.example.com?address=A9038","Both","Myeloma","05yrs","Bossier","Bossier City, Red Chute",5.5,3.2,8.7,217421,"","","",75005,"","","",60045,31.39,4.91,22.98,25.3,16.65,12.92,26.71,11.88
"A9038","https://www.example.com?address=A9038","Female","Myeloma","05yrs","Bossier","Bossier City, Red Chute","","","",109821,"","","",40405,"","","",60045,31.39,4.91,22.98,25.3,16.65,12.92,26.71,11.88
"A9038","https://www.example.com?address=A9038","Male","Myeloma","05yrs","Bossier","Bossier City, Red Chute","","","",107600,"","","",34600,"","","",60045,31.39,4.91,22.98,25.3,16.65,12.92,26.71,11.88
"A9038","https://www.example.com?address=A9038","Both","Brain","05yrs","Bossier","Bossier City, Red Chute",8.5,5.6,12.4,217421,9.8,6.2,14.7,75005,"","","",60045,31.39,4.91,22.98,25.3,16.65,12.92,26.71,11.88
"A9038","https://www.example.com?address=A9038","Female","Brain","05yrs","Bossier","Bossier City, Red Chute","","","",109821,"","","",40405,"","","",60045,31.39,4.91,22.98,25.3,16.65,12.92,26.71,11.88
"A9038","https://www.example.com?address=A9038","Male","Brain","05yrs","Bossier","Bossier City, Red Chute","","","",107600,"","","",34600,"","","",60045,31.39,4.91,22.98,25.3,16.65,12.92,26.71,11.88
"A9038","https://www.example.com?address=A9038","Both","Larynx","05yrs","Bossier","Bossier City, Red Chute","","","",217421,"","","",75005,"","","",60045,31.39,4.91,22.98,25.3,16.65,12.92,26.71,11.88
"A9038","https://www.example.com?address=A9038","Female","Larynx","05yrs","Bossier","Bossier City, Red Chute","","","",109821,"","","",40405,"","","",60045,31.39,4.91,22.98,25.3,16.65,12.92,26.71,11.88
"A9038","https://www.example.com?address=A9038","Male","Larynx","05yrs","Bossier","Bossier City, Red Chute","","","",107600,"","","",34600,"","","",60045,31.39,4.91,22.98,25.3,16.65,12.92,26.71,11.88
"A9038","https://www.example.com?address=A9038","Female","Ovary","05yrs","Bossier","Bossier City, Red Chute","","","",109821,"","","",40405,"","","",60045,31.39,4.91,22.98,25.3,16.65,12.92,26.71,11.88
"A9038","https://www.example.com?address=A9038","Both","Esoph","05yrs","Bossier","Bossier City, Red Chute",6.0,3.7,9.3,217421,5.8,3.3,9.6,75005,"","","",60045,31.39,4.91,22.98,25.3,16.65,12.92,26.71,11.88
"A9038","https://www.example.com?address=A9038","Female","Esoph","05yrs","Bossier","Bossier City, Red Chute","","","",109821,"","","",40405,"","","",60045,31.39,4.91,22.98,25.3,16.65,12.92,26.71,11.88
"A9038","https://www.example.com?address=A9038","Male","Esoph","05yrs","Bossier","Bossier City, Red Chute","","","",107600,"","","",34600,"","","",60045,31.39,4.91,22.98,25.3,16.65,12.92,26.71,11.88
"A9038","https://www.example.com?address=A9038","Both","AllSite","10yrs","Bossier","Bossier City, Red Chute",469.1,452.2,486.4,419643,472.4,453.3,492.3,144412,487.0,445.6,531.1,60045,31.39,4.91,22.98,25.3,16.65,12.92,26.71,11.88
"A9038","https://www.example.com?address=A9038","Female","AllSite","10yrs","Bossier","Bossier City, Red Chute",401.0,379.9,422.9,212625,404.7,380.2,430.4,78027,396.9,349.0,449.3,60045,31.39,4.91,22.98,25.3,16.65,12.92,26.71,11.88
"A9038","https://www.example.com?address=A9038","Male","AllSite","10yrs","Bossier","Bossier City, Red Chute",565.0,536.8,594.3,207017,567.6,536.1,600.6,66385,617.6,543.0,698.9,60045,31.39,4.91,22.98,25.3,16.65,12.92,26.71,11.88
"A9038","https://www.example.com?address=A9038","Male","Prostate","10yrs","Bossier","Bossier City, Red Chute",153.0,138.9,168.2,207017,140.9,125.9,157.2,66385,244.4,197.2,298.7,60045,31.39,4.91,22.98,25.3,16.65,12.92,26.71,11.88
"A9038","https://www.example.com?address=A9038","Both","Lung","10yrs","Bossier","Bossier City, Red Chute",66.8,60.5,73.5,419643,69.8,62.6,77.6,144412,57.8,44.1,74.1,60045,31.39,4.91,22.98,25.3,16.65,12.92,26.71,11.88
"A9038","https://www.example.com?address=A9038","Female","Lung","10yrs","Bossier","Bossier City, Red Chute",56.4,48.8,64.9,212625,62.9,53.8,73.1,78027,35.9,22.9,53.5,60045,31.39,4.91,22.98,25.3,16.65,12.92,26.71,11.88
"A9038","https://www.example.com?address=A9038","Male","Lung","10yrs","Bossier","Bossier City, Red Chute",83.1,72.1,95.2,207017,82.5,70.3,96.1,66385,89.6,62.4,123.9,60045,31.39,4.91,22.98,25.3,16.65,12.92,26.71,11.88
"A9038","https://www.example.com?address=A9038","Female","Breast","10yrs","Bossier","Bossier City, Red Chute",115.8,104.6,127.9,212625,113.7,100.9,127.8,78027,125.0,99.4,155.2,60045,31.39,4.91,22.98,25.3,16.65,12.92,26.71,11.88
"A9038","https://www.example.com?address=A9038","Both","CRC","10yrs","Bossier","Bossier City, Red Chute",45.2,40.1,50.9,419643,44.4,38.6,50.8,144412,51.5,38.6,67.2,60045,31.39,4.91,22.98,25.3,16.65,12.92,26.71,11.88
"A9038","https://www.example.com?address=A9038","Female","CRC","10yrs","Bossier","Bossier City, Red Chute",39.1,32.7,46.4,212625,40.2,32.8,48.9,78027,33.2,20.2,51.0,60045,31.39,4.91,22.98,25.3,16.65,12.92,26.71,11.88
"A9038","https://www.example.com?address=A9038","Male","CRC","10yrs","Bossier","Bossier City, Red Chute",52.9,44.5,62.3,207017,50.0,40.9,60.5,66385,75.1,51.4,105.7,60045,31.39,4.91,22.98,25.3,16.65,12.92,26.71,11.88
"A9038","https://www.example.com?address=A9038","Both","Kidney","10yrs","Bossier","Bossier City, Red Chute",20.3,17.0,24.2,419643,22.0,18.0,26.6,144412,16.5,9.6,26.2,60045,31.39,4.91,22.98,25.3,16.65,12.92,26.71,11.88
"A9038","https://www.example.com?address=A9038","Female","Kidney","10yrs","Bossier","Bossier City, Red Chute",11.8,8.5,16.1,212625,11.2,7.5,16.3,78027,"","","",60045,31.39,4.91,22.98,25.3,16.65,12.92,26.71,11.88
"A9038","https://www.example.com?address=A9038","Male","Kidney","10yrs","Bossier","Bossier City, Red Chute",30.6,24.5,37.8,207017,34.5,27.2,43.1,66385,"","","",60045,31.39,4.91,22.98,25.3,16.65,12.92,26.71,11.88
"A9038","https://www.example.com?address=A9038","Both","NHL","10yrs","Bossier","Bossier City, Red Chute",19.6,16.3,23.5,419643,20.4,16.6,24.9,144412,17.4,10.0,27.8,60045,31.39,4.91,22.98,25.3,16.65,12.92,26.71,11.88
"A9038","https://www.example.com?address=A9038","Female","NHL","10yrs","Bossier","Bossier City, Red Chute",15.7,11.7,20.5,212625,15.6,11.2,21.2,78027,"","","",60045,31.39,4.91,22.98,25.3,16.65,12.92,26.71,11.88
"A9038","https://www.example.com?address=A9038","Male","NHL","10yrs","Bossier","Bossier City, Red Chute",24.2,18.6,30.9,207017,25.9,19.5,33.9,66385,"","","",60045,31.39,4.91,22.98,25.3,16.65,12.92,26.71,11.88
"A9038","https://www.example.com?address=A9038","Both","Urinary","10yrs","Bossier","Bossier City, Red Chute",18.9,15.6,22.7,419643,21.1,17.3,25.6,144412,"","","",60045,31.39,4.91,22.98,25.3,16.65,12.92,26.71,11.88
"A9038","https://www.example.com?address=A9038","Female","Urinary","10yrs","Bossier","Bossier City, Red Chute",8.2,5.5,11.7,212625,8.7,5.6,13.0,78027,"","","",60045,31.39,4.91,22.98,25.3,16.65,12.92,26.71,11.88
"A9038","https://www.example.com?address=A9038","Male","Urinary","10yrs","Bossier","Bossier City, Red Chute",33.5,26.7,41.5,207017,37.8,29.9,47.2,66385,"","","",60045,31.39,4.91,22.98,25.3,16.65,12.92,26.71,11.88
"A9038","https://www.example.com?address=A9038","Both","Mela","10yrs","Bossier","Bossier City, Red Chute",21.9,18.4,26.0,419643,28.5,23.9,33.8,144412,"","","",60045,31.39,4.91,22.98,25.3,16.65,12.92,26.71,11.88
"A9038","https://www.example.com?address=A9038","Female","Mela","10yrs","Bossier","Bossier City, Red Chute",17.3,13.1,22.5,212625,23.6,17.7,30.9,78027,"","","",60045,31.39,4.91,22.98,25.3,16.65,12.92,26.71,11.88
"A9038","https://www.example.com?address=A9038","Male","Mela","10yrs","Bossier","Bossier City, Red Chute",28.2,22.3,35.2,207017,35.2,27.8,44.0,66385,"","","",60045,31.39,4.91,22.98,25.3,16.65,12.92,26.71,11.88
"A9038","https://www.example.com?address=A9038","Both","Pancreas","10yrs","Bossier","Bossier City, Red Chute",13.1,10.4,16.3,419643,12.5,9.5,16.1,144412,15.6,8.8,25.2,60045,31.39,4.91,22.98,25.3,16.65,12.92,26.71,11.88
"A9038","https://www.example.com?address=A9038","Female","Pancreas","10yrs","Bossier","Bossier City, Red Chute",10.5,7.4,14.5,212625,9.3,6.0,13.9,78027,"","","",60045,31.39,4.91,22.98,25.3,16.65,12.92,26.71,11.88
"A9038","https://www.example.com?address=A9038","Male","Pancreas","10yrs","Bossier","Bossier City, Red Chute",16.4,11.8,22.1,207017,16.7,11.6,23.2,66385,"","","",60045,31.39,4.91,22.98,25.3,16.65,12.92,26.71,11.88
"A9038","https://www.example.com?address=A9038","Both","Leuks","10yrs","Bossier","Bossier City, Red Chute",14.7,11.8,18.1,419643,15.9,12.5,19.9,144412,"","","",60045,31.39,4.91,22.98,25.3,16.65,12.92,26.71,11.88
"A9038","https://www.example.com?address=A9038","Female","Leuks","10yrs","Bossier","Bossier City, Red Chute",9.9,6.8,13.9,212625,10.0,6.5,14.9,78027,"","","",60045,31.39,4.91,22.98,25.3,16.65,12.92,26.71,11.88
"A9038","https://www.example.com?address=A9038","Male","Leuks","10yrs","Bossier","Bossier City, Red Chute",21.2,15.9,27.6,207017,23.7,17.4,31.5,66385,"","","",60045,31.39,4.91,22.98,25.3,16.65,12.92,26.71,11.88
"A9038","https://www.example.com?address=A9038","Both","Oral","10yrs","Bossier","Bossier City, Red Chute",14.0,11.2,17.2,419643,14.4,11.2,18.2,144412,"","","",60045,31.39,4.91,22.98,25.3,16.65,12.92,26.71,11.88
"A9038","https://www.example.com?address=A9038","Female","Oral","10yrs","Bossier","Bossier City, Red Chute",7.9,5.1,11.5,212625,8.0,4.9,12.4,78027,"","","",60045,31.39,4.91,22.98,25.3,16.65,12.92,26.71,11.88
"A9038","https://www.example.com?address=A9038","Male","Oral","10yrs","Bossier","Bossier City, Red Chute",21.0,16.1,27.0,207017,21.6,16.0,28.7,66385,"","","",60045,31.39,4.91,22.98,25.3,16.65,12.92,26.71,11.88
"A9038","https://www.example.com?address=A9038","Both","Thyroid","10yrs","Bossier","Bossier City, Red Chute",16.8,13.7,20.4,419643,17.4,13.7,21.8,144412,13.0,7.3,21.4,60045,31.39,4.91,22.98,25.3,16.65,12.92,26.71,11.88
"A9038","https://www.example.com?address=A9038","Female","Thyroid","10yrs","Bossier","Bossier City, Red Chute",25.5,20.2,31.7,212625,25.9,19.7,33.5,78027,"","","",60045,31.39,4.91,22.98,25.3,16.65,12.92,26.71,11.88
"A9038","https://www.example.com?address=A9038","Male","Thyroid","10yrs","Bossier","Bossier City, Red Chute",7.6,4.7,11.5,207017,8.7,5.2,13.7,66385,"","","",60045,31.39,4.91,22.98,25.3,16.65,12.92,26.71,11.88
"A9038","https://www.example.com?address=A9038","Female","Uterine","10yrs","Bossier","Bossier City, Red Chute",12.2,8.7,16.5,212625,9.6,6.2,14.2,78027,"","","",60045,31.39,4.91,22.98,25.3,16.65,12.92,26.71,11.88
"A9038","https://www.example.com?address=A9038","Both","Liver","10yrs","Bossier","Bossier City, Red Chute",5.5,3.8,7.6,419643,5.1,3.3,7.6,144412,"","","",60045,31.39,4.91,22.98,25.3,16.65,12.92,26.71,11.88
"A9038","https://www.example.com?address=A9038","Female","Liver","10yrs","Bossier","Bossier City, Red Chute","","","",212625,"","","",78027,"","","",60045,31.39,4.91,22.98,25.3,16.65,12.92,26.71,11.88
"A9038","https://www.example.com?address=A9038","Male","Liver","10yrs","Bossier","Bossier City, Red Chute",10.4,7.0,14.9,207017,9.4,5.7,14.6,66385,"","","",60045,31.39,4.91,22.98,25.3,16.65,12.92,26.71,11.88
"A9038","https://www.example.com?address=A9038","Both","Stomach","10yrs","Bossier","Bossier City, Red Chute",6.5,4.7,8.8,419643,5.2,3.4,7.6,144412,"","","",60045,31.39,4.91,22.98,25.3,16.65,12.92,26.71,11.88
"A9038","https://www.example.com?address=A9038","Female","Stomach","10yrs","Bossier","Bossier City, Red Chute",4.5,2.5,7.3,212625,"","","",78027,"","","",60045,31.39,4.91,22.98,25.3,16.65,12.92,26.71,11.88
"A9038","https://www.example.com?address=A9038","Male","Stomach","10yrs","Bossier","Bossier City, Red Chute",9.4,6.0,13.9,207017,7.1,4.0,11.7,66385,"","","",60045,31.39,4.91,22.98,25.3,16.65,12.92,26.71,11.88
"A9038","https://www.example.com?address=A9038","Both","Myeloma","10yrs","Bossier","Bossier City, Red Chute",5.0,3.3,7.1,419643,3.3,1.9,5.5,144412,"","","",60045,31.39,4.91,22.98,25.3,16.65,12.92,26.71,11.88
"A9038","https://www.example.com?address=A9038","Female","Myeloma","10yrs","Bossier","Bossier City, Red Chute",4.9,2.9,8.0,212625,"","","",78027,"","","",60045,31.39,4.91,22.98,25.3,16.65,12.92,26.71,11.88
"A9038","https://www.example.com?address=A9038","Male","Myeloma","10yrs","Bossier","Bossier City, Red Chute","","","",207017,"","","",66385,"","","",60045,31.39,4.91,22.98,25.3,16.65,12.92,26.71,11.88
"A9038","https://www.example.com?address=A9038","Both","Brain","10yrs","Bossier","Bossier City, Red Chute",8.5,6.3,11.1,419643,10.3,7.5,13.7,144412,"","","",60045,31.39,4.91,22.98,25.3,16.65,12.92,26.71,11.88
"A9038","https://www.example.com?address=A9038","Female","Brain","10yrs","Bossier","Bossier City, Red Chute",7.1,4.5,10.6,212625,9.1,5.6,13.9,78027,"","","",60045,31.39,4.91,22.98,25.3,16.65,12.92,26.71,11.88
"A9038","https://www.example.com?address=A9038","Male","Brain","10yrs","Bossier","Bossier City, Red Chute",10.5,6.9,15.2,207017,12.2,7.9,18.1,66385,"","","",60045,31.39,4.91,22.98,25.3,16.65,12.92,26.71,11.88
"A9038","https://www.example.com?address=A9038","Both","Larynx","10yrs","Bossier","Bossier City, Red Chute",3.1,1.9,4.8,419643,"","","",144412,"","","",60045,31.39,4.91,22.98,25.3,16.65,12.92,26.71,11.88
"A9038","https://www.example.com?address=A9038","Female","Larynx","10yrs","Bossier","Bossier City, Red Chute","","","",212625,"","","",78027,"","","",60045,31.39,4.91,22.98,25.3,16.65,12.92,26.71,11.88
"A9038","https://www.example.com?address=A9038","Male","Larynx","10yrs","Bossier","Bossier City, Red Chute","","","",207017,"","","",66385,"","","",60045,31.39,4.91,22.98,25.3,16.65,12.92,26.71,11.88
"A9038","https://www.example.com?address=A9038","Female","Ovary","10yrs","Bossier","Bossier City, Red Chute",8.8,5.9,12.6,212625,9.4,6.1,14.1,78027,"","","",60045,31.39,4.91,22.98,25.3,16.65,12.92,26.71,11.88
"A9038","https://www.example.com?address=A9038","Both","Esoph","10yrs","Bossier","Bossier City, Red Chute",5.5,3.9,7.7,419643,5.4,3.6,7.9,144412,"","","",60045,31.39,4.91,22.98,25.3,16.65,12.92,26.71,11.88
"A9038","https://www.example.com?address=A9038","Female","Esoph","10yrs","Bossier","Bossier City, Red Chute","","","",212625,"","","",78027,"","","",60045,31.39,4.91,22.98,25.3,16.65,12.92,26.71,11.88
"A9038","https://www.example.com?address=A9038","Male","Esoph","10yrs","Bossier","Bossier City, Red Chute",7.3,4.4,11.3,207017,7.8,4.5,12.5,66385,"","","",60045,31.39,4.91,22.98,25.3,16.65,12.92,26.71,11.88
