"Zone","Counties","Cities","URL","Sex","Cancer","PopTot","AAIR","LCI","UCI","White_PopTot","White_AAIR","White_LCI","White_UCI","Black_PopTot","Black_AAIR","Black_LCI","Black_UCI","Hispanic_PopTot","Hispanic_AAIR","Hispanic_LCI","Hispanic_UCI","Asian_PopTot","Asian_AAIR","Asian_LCI","Asian_UCI","QNSES","PopAll","PerRural","PerUninsured","PerForeignBorn","PerWhite","PerBlack","PerAsian","PerHispanic","PerAPI","PerDocvisit","PerFOBT","PerMammo","PerMenPrev","PerPap","PerWomenPrev"
"A0678","Los Angeles","Los Angeles","https://www.californiahealthmaps.org?address=A0678","Male","AllSite",164610,368.6,336.3,403.6,32655,482.5,407.3,576.1,"","","","",100370,361.2,315.5,412.6,26260,245.9,194.0,312.5,2,66060,0.0,28.2,46.2,18.5,1.2,16.3,62.8,16.3,64.7,58.0,78.5,24.5,83.3,29.9
"A0678","Los Angeles","Los Angeles","https://www.californiahealthmaps.org?address=A0678","Female","AllSite",165690,326.8,299.8,355.8,28605,440.0,370.0,529.0,"","","","",102170,294.6,259.5,333.5,30060,313.7,259.5,381.0,2,66060,0.0,28.2,46.2,18.5,1.2,16.3,62.8,16.3,64.7,58.0,78.5,24.5,83.3,29.9
"A0678","Los Angeles","Los Angeles","https://www.californiahealthmaps.org?address=A0678","Male","Prostate",164610,75.2,61.2,91.8,32655,75.4,48.2,124.3,"","","","",100370,83.3,62.0,110.7,26260,47.1,27.0,83.8,2,66060,0.0,28.2,46.2,18.5,1.2,16.3,62.8,16.3,64.7,58.0,78.5,24.5,83.3,29.9
"A0678","Los Angeles","Los Angeles","https://www.californiahealthmaps.org?address=A0678","Female","Breast",165690,93.1,79.0,109.2,28605,128.1,91.5,186.1,"","","","",102170,68.4,52.3,88.4,30060,116.0,84.2,161.8,2,66060,0.0,28.2,46.2,18.5,1.2,16.3,62.8,16.3,64.7,58.0,78.5,24.5,83.3,29.9
"A0678","Los Angeles","Los Angeles","https://www.californiahealthmaps.org?address=A0678","Male","Lung",164610,31.2,21.9,43.4,32655,59.0,33.4,107.7,"","","","",100370,"","","",26260,"","","",2,66060,0.0,28.2,46.2,18.5,1.2,16.3,62.8,16.3,64.7,58.0,78.5,24.5,83.3,29.9
"A0678","Los Angeles","Los Angeles","https://www.californiahealthmaps.org?address=A0678","Female","Lung",165690,26.1,18.8,35.5,28605,48.3,26.8,94.3,"","","","",102170,19.9,11.5,32.3,30060,"","","",2,66060,0.0,28.2,46.2,18.5,1.2,16.3,62.8,16.3,64.7,58.0,78.5,24.5,83.3,29.9
"A0678","Los Angeles","Los Angeles","https://www.californiahealthmaps.org?address=A0678","Male","CRC",164610,43.3,32.7,56.6,32655,56.0,32.2,102.7,"","","","",100370,44.4,29.8,65.1,26260,"","","",2,66060,0.0,28.2,46.2,18.5,1.2,16.3,62.8,16.3,64.7,58.0,78.5,24.5,83.3,29.9
"A0678","Los Angeles","Los Angeles","https://www.californiahealthmaps.org?address=A0678","Female","CRC",165690,35.1,26.6,45.5,28605,54.6,32.0,101.1,"","","","",102170,28.0,17.9,42.2,30060,39.7,22.6,72.4,2,66060,0.0,28.2,46.2,18.5,1.2,16.3,62.8,16.3,64.7,58.0,78.5,24.5,83.3,29.9
"A0678","Los Angeles","Los Angeles","https://www.californiahealthmaps.org?address=A0678","Male","Mela",164610,"","","",32655,"","","","","","","",100370,"","","",26260,"","","",2,66060,0.0,28.2,46.2,18.5,1.2,16.3,62.8,16.3,64.7,58.0,78.5,24.5,83.3,29.9
"A0678","Los Angeles","Los Angeles","https://www.californiahealthmaps.org?address=A0678","Female","Mela",165690,"","","",28605,"","","","","","","",102170,"","","",30060,"","","",2,66060,0.0,28.2,46.2,18.5,1.2,16.3,62.8,16.3,64.7,58.0,78.5,24.5,83.3,29.9
"A0678","Los Angeles","Los Angeles","https://www.californiahealthmaps.org?address=A0678","Female","Uterine",165690,20.2,13.9,28.5,28605,"","","","","","","",102170,18.3,10.6,29.9,30060,"","","",2,66060,0.0,28.2,46.2,18.5,1.2,16.3,62.8,16.3,64.7,58.0,78.5,24.5,83.3,29.9
"A0678","Los Angeles","Los Angeles","https://www.californiahealthmaps.org?address=A0678","Male","Lymph",164610,32.1,23.1,43.9,32655,45.2,24.8,88.9,"","","","",100370,30.7,18.5,49.4,26260,"","","",2,66060,0.0,28.2,46.2,18.5,1.2,16.3,62.8,16.3,64.7,58.0,78.5,24.5,83.3,29.9
"A0678","Los Angeles","Los Angeles","https://www.californiahealthmaps.org?address=A0678","Female","Lymph",165690,16.5,10.8,24.3,28605,"","","","","","","",102170,"","","",30060,"","","",2,66060,0.0,28.2,46.2,18.5,1.2,16.3,62.8,16.3,64.7,58.0,78.5,24.5,83.3,29.9
"A0678","Los Angeles","Los Angeles","https://www.californiahealthmaps.org?address=A0678","Male","Urinary",164610,17.6,10.8,27.4,32655,"","","","","","","",100370,"","","",26260,"","","",2,66060,0.0,28.2,46.2,18.5,1.2,16.3,62.8,16.3,64.7,58.0,78.5,24.5,83.3,29.9
"A0678","Los Angeles","Los Angeles","https://www.californiahealthmaps.org?address=A0678","Female","Urinary",165690,"","","",28605,"","","","","","","",102170,"","","",30060,"","","",2,66060,0.0,28.2,46.2,18.5,1.2,16.3,62.8,16.3,64.7,58.0,78.5,24.5,83.3,29.9
"A0678","Los Angeles","Los Angeles","https://www.californiahealthmaps.org?address=A0678","Male","Kidney",164610,26.3,18.3,36.9,32655,"","","","","","","",100370,22.7,13.2,38.2,26260,"","","",2,66060,0.0,28.2,46.2,18.5,1.2,16.3,62.8,16.3,64.7,58.0,78.5,24.5,83.3,29.9
"A0678","Los Angeles","Los Angeles","https://www.californiahealthmaps.org?address=A0678","Female","Kidney",165690,"","","",28605,"","","","","","","",102170,"","","",30060,"","","",2,66060,0.0,28.2,46.2,18.5,1.2,16.3,62.8,16.3,64.7,58.0,78.5,24.5,83.3,29.9
"A0678","Los Angeles","Los Angeles","https://www.californiahealthmaps.org?address=A0678","Male","Thyroid",164610,"","","",32655,"","","","","","","",100370,"","","",26260,"","","",2,66060,0.0,28.2,46.2,18.5,1.2,16.3,62.8,16.3,64.7,58.0,78.5,24.5,83.3,29.9
"A0678","Los Angeles","Los Angeles","https://www.californiahealthmaps.org?address=A0678","Female","Thyroid",165690,17.6,11.9,25.3,28605,"","","","","","","",102170,16.8,9.7,27.8,30060,"","","",2,66060,0.0,28.2,46.2,18.5,1.2,16.3,62.8,16.3,64.7,58.0,78.5,24.5,83.3,29.9
"A0678","Los Angeles","Los Angeles","https://www.californiahealthmaps.org?address=A0678","Male","Liver",164610,13.3,7.9,21.5,32655,"","","","","","","",100370,"","","",26260,"","","",2,66060,0.0,28.2,46.2,18.5,1.2,16.3,62.8,16.3,64.7,58.0,78.5,24.5,83.3,29.9
"A0678","Los Angeles","Los Angeles","https://www.californiahealthmaps.org?address=A0678","Female","Liver",165690,"","","",28605,"","","","","","","",102170,"","","",30060,"","","",2,66060,0.0,28.2,46.2,18.5,1.2,16.3,62.8,16.3,64.7,58.0,78.5,24.5,83.3,29.9
"A0678","Los Angeles","Los Angeles","https://www.californiahealthmaps.org?address=A0678","Male","Pancreas",164610,"","","",32655,"","","","","","","",100370,"","","",26260,"","","",2,66060,0.0,28.2,46.2,18.5,1.2,16.3,62.8,16.3,64.7,58.0,78.5,24.5,83.3,29.9
"A0678","Los Angeles","Los Angeles","https://www.californiahealthmaps.org?address=A0678","Female","Pancreas",165690,"","","",28605,"","","","","","","",102170,"","","",30060,"","","",2,66060,0.0,28.2,46.2,18.5,1.2,16.3,62.8,16.3,64.7,58.0,78.5,24.5,83.3,29.9
"A0678","Los Angeles","Los Angeles","https://www.californiahealthmaps.org?address=A0678","Both","AllSite",330300,341.6,321.1,363.3,61260,451.6,400.9,510.9,"","","","",202540,320.4,292.4,350.4,56320,280.6,242.8,324.9,2,66060,0.0,28.2,46.2,18.5,1.2,16.3,62.8,16.3,64.7,58.0,78.5,24.5,83.3,29.9
"A0678","Los Angeles","Los Angeles","https://www.californiahealthmaps.org?address=A0678","Both","Lung",330300,28.1,22.3,35.1,61260,52.0,35.1,79.4,"","","","",202540,21.5,14.5,30.9,56320,"","","",2,66060,0.0,28.2,46.2,18.5,1.2,16.3,62.8,16.3,64.7,58.0,78.5,24.5,83.3,29.9
"A0678","Los Angeles","Los Angeles","https://www.californiahealthmaps.org?address=A0678","Both","CRC",330300,38.9,32.1,46.8,61260,55.1,38.1,82.3,"","","","",202540,35.6,26.6,46.7,56320,34.8,22.5,54.7,2,66060,0.0,28.2,46.2,18.5,1.2,16.3,62.8,16.3,64.7,58.0,78.5,24.5,83.3,29.9
"A0678","Los Angeles","Los Angeles","https://www.californiahealthmaps.org?address=A0678","Both","Mela",330300,6.7,4.1,10.4,61260,25.2,14.5,47.1,"","","","",202540,"","","",56320,"","","",2,66060,0.0,28.2,46.2,18.5,1.2,16.3,62.8,16.3,64.7,58.0,78.5,24.5,83.3,29.9
"A0678","Los Angeles","Los Angeles","https://www.californiahealthmaps.org?address=A0678","Both","Lymph",330300,23.4,18.2,29.6,61260,32.0,19.8,55.0,"","","","",202540,23.6,16.3,33.2,56320,"","","",2,66060,0.0,28.2,46.2,18.5,1.2,16.3,62.8,16.3,64.7,58.0,78.5,24.5,83.3,29.9
"A0678","Los Angeles","Los Angeles","https://www.californiahealthmaps.org?address=A0678","Both","Urinary",330300,9.4,6.1,13.9,61260,"","","","","","","",202540,"","","",56320,"","","",2,66060,0.0,28.2,46.2,18.5,1.2,16.3,62.8,16.3,64.7,58.0,78.5,24.5,83.3,29.9
"A0678","Los Angeles","Los Angeles","https://www.californiahealthmaps.org?address=A0678","Both","Kidney",330300,15.8,11.6,21.2,61260,"","","","","","","",202540,16.9,11.0,25.0,56320,"","","",2,66060,0.0,28.2,46.2,18.5,1.2,16.3,62.8,16.3,64.7,58.0,78.5,24.5,83.3,29.9
"A0678","Los Angeles","Los Angeles","https://www.californiahealthmaps.org?address=A0678","Both","Thyroid",330300,11.7,8.3,16.1,61260,"","","","","","","",202540,11.5,7.1,18.0,56320,"","","",2,66060,0.0,28.2,46.2,18.5,1.2,16.3,62.8,16.3,64.7,58.0,78.5,24.5,83.3,29.9
"A0678","Los Angeles","Los Angeles","https://www.californiahealthmaps.org?address=A0678","Both","Liver",330300,8.8,5.8,13.0,61260,"","","","","","","",202540,11.0,6.4,18.1,56320,"","","",2,66060,0.0,28.2,46.2,18.5,1.2,16.3,62.8,16.3,64.7,58.0,78.5,24.5,83.3,29.9
"A0678","Los Angeles","Los Angeles","https://www.californiahealthmaps.org?address=A0678","Both","Pancreas",330300,8.7,5.7,12.9,61260,"","","","","","","",202540,"","","",56320,"","","",2,66060,0.0,28.2,46.2,18.5,1.2,16.3,62.8,16.3,64.7,58.0,78.5,24.5,83.3,29.9
