"Zone","Counties","Cities","URL","Sex","Cancer","PopTot","AAIR","LCI","UCI","White_PopTot","White_AAIR","White_LCI","White_UCI","Black_PopTot","Black_AAIR","Black_LCI","Black_UCI","Hispanic_PopTot","Hispanic_AAIR","Hispanic_LCI","Hispanic_UCI","Asian_PopTot","Asian_AAIR","Asian_LCI","Asian_UCI","QNSES","PopAll","PerRural","PerUninsured","PerForeignBorn","PerWhite","PerBlack","PerAsian","PerHispanic","PerAPI","PerDocvisit","PerFOBT","PerMammo","PerMenPrev","PerPap","PerWomenPrev"
"A0646","San Francisco","San Francisco","https://www.californiahealthmaps.org?address=A0646","Male","AllSite",141830,480.8,446.0,519.9,102710,508.4,465.0,558.6,"","","","","","","","",23395,381.7,318.6,466.5,5,60562,0.0,5.5,22.1,67.6,1.5,20.0,8.0,20.0,63.7,71.4,81.0,37.0,86.7,33.4
"A0646","San Francisco","San Francisco","https://www.californiahealthmaps.org?address=A0646","Female","AllSite",160980,383.9,354.4,417.3,111165,422.5,384.6,467.2,"","","","","","","","",33290,284.1,234.9,353.5,5,60562,0.0,5.5,22.1,67.6,1.5,20.0,8.0,20.0,63.7,71.4,81.0,37.0,86.7,33.4
"A0646","San Francisco","San Francisco","https://www.californiahealthmaps.org?address=A0646","Male","Prostate",141830,112.0,95.5,132.9,102710,117.0,96.9,144.7,"","","","","","","","",23395,84.8,55.8,140.3,5,60562,0.0,5.5,22.1,67.6,1.5,20.0,8.0,20.0,63.7,71.4,81.0,37.0,86.7,33.4
"A0646","San Francisco","San Francisco","https://www.californiahealthmaps.org?address=A0646","Female","Breast",160980,139.0,121.3,160.8,111165,154.2,131.4,184.6,"","","","","","","","",33290,105.5,75.8,158.3,5,60562,0.0,5.5,22.1,67.6,1.5,20.0,8.0,20.0,63.7,71.4,81.0,37.0,86.7,33.4
"A0646","San Francisco","San Francisco","https://www.californiahealthmaps.org?address=A0646","Male","Lung",141830,54.6,43.3,70.9,102710,44.5,32.3,65.4,"","","","","","","","",23395,76.0,51.3,127.0,5,60562,0.0,5.5,22.1,67.6,1.5,20.0,8.0,20.0,63.7,71.4,81.0,37.0,86.7,33.4
"A0646","San Francisco","San Francisco","https://www.californiahealthmaps.org?address=A0646","Female","Lung",160980,37.1,28.6,50.2,111165,38.2,27.7,57.7,"","","","","","","","",33290,35.6,20.5,78.0,5,60562,0.0,5.5,22.1,67.6,1.5,20.0,8.0,20.0,63.7,71.4,81.0,37.0,86.7,33.4
"A0646","San Francisco","San Francisco","https://www.californiahealthmaps.org?address=A0646","Male","CRC",141830,31.1,22.8,44.5,102710,24.5,16.1,42.4,"","","","","","","","",23395,56.8,33.1,108.7,5,60562,0.0,5.5,22.1,67.6,1.5,20.0,8.0,20.0,63.7,71.4,81.0,37.0,86.7,33.4
"A0646","San Francisco","San Francisco","https://www.californiahealthmaps.org?address=A0646","Female","CRC",160980,25.2,17.5,38.0,111165,26.1,17.3,44.5,"","","","","","","","",33290,"","","",5,60562,0.0,5.5,22.1,67.6,1.5,20.0,8.0,20.0,63.7,71.4,81.0,37.0,86.7,33.4
"A0646","San Francisco","San Francisco","https://www.californiahealthmaps.org?address=A0646","Male","Mela",141830,50.8,40.0,66.5,102710,66.9,52.0,90.0,"","","","","","","","",23395,"","","",5,60562,0.0,5.5,22.1,67.6,1.5,20.0,8.0,20.0,63.7,71.4,81.0,37.0,86.7,33.4
"A0646","San Francisco","San Francisco","https://www.californiahealthmaps.org?address=A0646","Female","Mela",160980,24.2,17.6,35.6,111165,34.0,24.3,52.7,"","","","","","","","",33290,"","","",5,60562,0.0,5.5,22.1,67.6,1.5,20.0,8.0,20.0,63.7,71.4,81.0,37.0,86.7,33.4
"A0646","San Francisco","San Francisco","https://www.californiahealthmaps.org?address=A0646","Female","Uterine",160980,19.5,13.5,30.6,111165,24.0,15.8,41.9,"","","","","","","","",33290,"","","",5,60562,0.0,5.5,22.1,67.6,1.5,20.0,8.0,20.0,63.7,71.4,81.0,37.0,86.7,33.4
"A0646","San Francisco","San Francisco","https://www.californiahealthmaps.org?address=A0646","Male","Lymph",141830,33.2,24.5,47.1,102710,33.4,23.1,52.9,"","","","","","","","",23395,"","","",5,60562,0.0,5.5,22.1,67.6,1.5,20.0,8.0,20.0,63.7,71.4,81.0,37.0,86.7,33.4
"A0646","San Francisco","San Francisco","https://www.californiahealthmaps.org?address=A0646","Female","Lymph",160980,17.2,11.4,28.1,111165,19.1,11.6,36.6,"","","","","","","","",33290,"","","",5,60562,0.0,5.5,22.1,67.6,1.5,20.0,8.0,20.0,63.7,71.4,81.0,37.0,86.7,33.4
"A0646","San Francisco","San Francisco","https://www.californiahealthmaps.org?address=A0646","Male","Urinary",141830,15.6,9.8,27.0,102710,19.4,11.6,37.1,"","","","","","","","",23395,"","","",5,60562,0.0,5.5,22.1,67.6,1.5,20.0,8.0,20.0,63.7,71.4,81.0,37.0,86.7,33.4
"A0646","San Francisco","San Francisco","https://www.californiahealthmaps.org?address=A0646","Female","Urinary",160980,"","","",111165,"","","","","","","","","","","",33290,"","","",5,60562,0.0,5.5,22.1,67.6,1.5,20.0,8.0,20.0,63.7,71.4,81.0,37.0,86.7,33.4
"A0646","San Francisco","San Francisco","https://www.californiahealthmaps.org?address=A0646","Male","Kidney",141830,19.3,12.9,31.1,102710,20.1,12.5,37.5,"","","","","","","","",23395,"","","",5,60562,0.0,5.5,22.1,67.6,1.5,20.0,8.0,20.0,63.7,71.4,81.0,37.0,86.7,33.4
"A0646","San Francisco","San Francisco","https://www.californiahealthmaps.org?address=A0646","Female","Kidney",160980,"","","",111165,"","","","","","","","","","","",33290,"","","",5,60562,0.0,5.5,22.1,67.6,1.5,20.0,8.0,20.0,63.7,71.4,81.0,37.0,86.7,33.4
"A0646","San Francisco","San Francisco","https://www.californiahealthmaps.org?address=A0646","Male","Thyroid",141830,"","","",102710,"","","","","","","","","","","",23395,"","","",5,60562,0.0,5.5,22.1,67.6,1.5,20.0,8.0,20.0,63.7,71.4,81.0,37.0,86.7,33.4
"A0646","San Francisco","San Francisco","https://www.californiahealthmaps.org?address=A0646","Female","Thyroid",160980,12.3,7.7,22.2,111165,11.5,6.2,27.6,"","","","","","","","",33290,"","","",5,60562,0.0,5.5,22.1,67.6,1.5,20.0,8.0,20.0,63.7,71.4,81.0,37.0,86.7,33.4
"A0646","San Francisco","San Francisco","https://www.californiahealthmaps.org?address=A0646","Male","Liver",141830,15.9,10.3,27.3,102710,14.0,7.8,30.7,"","","","","","","","",23395,"","","",5,60562,0.0,5.5,22.1,67.6,1.5,20.0,8.0,20.0,63.7,71.4,81.0,37.0,86.7,33.4
"A0646","San Francisco","San Francisco","https://www.californiahealthmaps.org?address=A0646","Female","Liver",160980,"","","",111165,"","","","","","","","","","","",33290,"","","",5,60562,0.0,5.5,22.1,67.6,1.5,20.0,8.0,20.0,63.7,71.4,81.0,37.0,86.7,33.4
"A0646","San Francisco","San Francisco","https://www.californiahealthmaps.org?address=A0646","Male","Pancreas",141830,11.4,6.8,22.1,102710,"","","","","","","","","","","",23395,"","","",5,60562,0.0,5.5,22.1,67.6,1.5,20.0,8.0,20.0,63.7,71.4,81.0,37.0,86.7,33.4
"A0646","San Francisco","San Francisco","https://www.californiahealthmaps.org?address=A0646","Female","Pancreas",160980,14.0,9.2,24.2,111165,16.3,9.8,33.1,"","","","","","","","",33290,"","","",5,60562,0.0,5.5,22.1,67.6,1.5,20.0,8.0,20.0,63.7,71.4,81.0,37.0,86.7,33.4
"A0646","San Francisco","San Francisco","https://www.californiahealthmaps.org?address=A0646","Both","AllSite",302810,422.0,399.7,446.3,213875,456.3,428.0,488.0,"","","","",17670,427.2,316.5,577.9,56685,321.9,282.8,370.6,5,60562,0.0,5.5,22.1,67.6,1.5,20.0,8.0,20.0,63.7,71.4,81.0,37.0,86.7,33.4
"A0646","San Francisco","San Francisco","https://www.californiahealthmaps.org?address=A0646","Both","Lung",302810,44.1,37.2,53.2,213875,40.6,32.6,52.7,"","","","",17670,"","","",56685,51.2,37.4,76.9,5,60562,0.0,5.5,22.1,67.6,1.5,20.0,8.0,20.0,63.7,71.4,81.0,37.0,86.7,33.4
"A0646","San Francisco","San Francisco","https://www.californiahealthmaps.org?address=A0646","Both","CRC",302810,27.8,22.1,35.9,213875,25.5,19.2,36.1,"","","","",17670,"","","",56685,33.6,21.6,58.5,5,60562,0.0,5.5,22.1,67.6,1.5,20.0,8.0,20.0,63.7,71.4,81.0,37.0,86.7,33.4
"A0646","San Francisco","San Francisco","https://www.californiahealthmaps.org?address=A0646","Both","Mela",302810,36.1,30.0,44.5,213875,49.1,40.3,61.8,"","","","",17670,"","","",56685,"","","",5,60562,0.0,5.5,22.1,67.6,1.5,20.0,8.0,20.0,63.7,71.4,81.0,37.0,86.7,33.4
"A0646","San Francisco","San Francisco","https://www.californiahealthmaps.org?address=A0646","Both","Lymph",302810,24.3,19.2,31.8,213875,25.8,19.3,36.5,"","","","",17670,"","","",56685,24.3,14.7,47.4,5,60562,0.0,5.5,22.1,67.6,1.5,20.0,8.0,20.0,63.7,71.4,81.0,37.0,86.7,33.4
"A0646","San Francisco","San Francisco","https://www.californiahealthmaps.org?address=A0646","Both","Urinary",302810,8.7,5.8,14.3,213875,11.1,7.0,20.0,"","","","",17670,"","","",56685,"","","",5,60562,0.0,5.5,22.1,67.6,1.5,20.0,8.0,20.0,63.7,71.4,81.0,37.0,86.7,33.4
"A0646","San Francisco","San Francisco","https://www.californiahealthmaps.org?address=A0646","Both","Kidney",302810,12.2,8.7,18.2,213875,13.4,9.0,22.5,"","","","",17670,"","","",56685,"","","",5,60562,0.0,5.5,22.1,67.6,1.5,20.0,8.0,20.0,63.7,71.4,81.0,37.0,86.7,33.4
"A0646","San Francisco","San Francisco","https://www.californiahealthmaps.org?address=A0646","Both","Thyroid",302810,10.5,6.9,16.9,213875,10.3,5.5,20.2,"","","","",17670,"","","",56685,"","","",5,60562,0.0,5.5,22.1,67.6,1.5,20.0,8.0,20.0,63.7,71.4,81.0,37.0,86.7,33.4
"A0646","San Francisco","San Francisco","https://www.californiahealthmaps.org?address=A0646","Both","Liver",302810,9.5,6.5,15.2,213875,7.4,4.3,15.8,"","","","",17670,"","","",56685,"","","",5,60562,0.0,5.5,22.1,67.6,1.5,20.0,8.0,20.0,63.7,71.4,81.0,37.0,86.7,33.4
"A0646","San Francisco","San Francisco","https://www.californiahealthmaps.org?address=A0646","Both","Pancreas",302810,12.7,9.2,18.7,213875,14.5,10.0,23.7,"","","","",17670,"","","",56685,"","","",5,60562,0.0,5.5,22.1,67.6,1.5,20.0,8.0,20.0,63.7,71.4,81.0,37.0,86.7,33.4
