"Zone","Counties","Cities","URL","Sex","Cancer","PopTot","AAIR","LCI","UCI","White_PopTot","White_AAIR","White_LCI","White_UCI","Black_PopTot","Black_AAIR","Black_LCI","Black_UCI","Hispanic_PopTot","Hispanic_AAIR","Hispanic_LCI","Hispanic_UCI","Asian_PopTot","Asian_AAIR","Asian_LCI","Asian_UCI","QNSES","PopAll","PerRural","PerUninsured","PerForeignBorn","PerWhite","PerBlack","PerAsian","PerHispanic","PerAPI","PerDocvisit","PerFOBT","PerMammo","PerMenPrev","PerPap","PerWomenPrev"
"A0032","Los Angeles","Los Angeles","https://www.californiahealthmaps.org?address=A0032","Male","AllSite",158320,398.8,366.6,433.3,47160,447.1,391.9,512.2,"","","","",71650,380.0,324.6,443.3,31830,323.4,265.0,393.3,3,64196,0.0,18.6,39.6,29.2,1.6,20.3,46.5,20.3,66.2,63.3,79.3,28.1,83.8,34.3
"A0032","Los Angeles","Los Angeles","https://www.californiahealthmaps.org?address=A0032","Female","AllSite",162660,381.9,353.8,412.1,44680,426.2,374.0,491.0,"","","","",73470,334.1,291.5,381.7,37130,385.8,331.4,451.1,3,64196,0.0,18.6,39.6,29.2,1.6,20.3,46.5,20.3,66.2,63.3,79.3,28.1,83.8,34.3
"A0032","Los Angeles","Los Angeles","https://www.californiahealthmaps.org?address=A0032","Male","Prostate",158320,78.6,65.0,94.5,47160,88.4,65.7,122.1,"","","","",71650,71.1,48.4,102.0,31830,47.6,28.1,79.4,3,64196,0.0,18.6,39.6,29.2,1.6,20.3,46.5,20.3,66.2,63.3,79.3,28.1,83.8,34.3
"A0032","Los Angeles","Los Angeles","https://www.californiahealthmaps.org?address=A0032","Female","Breast",162660,129.6,113.4,147.8,44680,152.9,122.3,197.3,"","","","",73470,109.2,85.7,137.7,37130,128.9,98.5,170.9,3,64196,0.0,18.6,39.6,29.2,1.6,20.3,46.5,20.3,66.2,63.3,79.3,28.1,83.8,34.3
"A0032","Los Angeles","Los Angeles","https://www.californiahealthmaps.org?address=A0032","Male","Lung",158320,40.4,30.3,53.0,47160,40.3,25.1,67.7,"","","","",71650,"","","",31830,45.8,25.9,78.3,3,64196,0.0,18.6,39.6,29.2,1.6,20.3,46.5,20.3,66.2,63.3,79.3,28.1,83.8,34.3
"A0032","Los Angeles","Los Angeles","https://www.californiahealthmaps.org?address=A0032","Female","Lung",162660,26.7,19.8,35.7,44680,37.3,23.4,67.9,"","","","",73470,"","","",37130,"","","",3,64196,0.0,18.6,39.6,29.2,1.6,20.3,46.5,20.3,66.2,63.3,79.3,28.1,83.8,34.3
"A0032","Los Angeles","Los Angeles","https://www.californiahealthmaps.org?address=A0032","Male","CRC",158320,47.9,37.3,60.8,47160,44.9,29.2,72.6,"","","","",71650,38.4,22.9,62.1,31830,67.5,42.5,105.0,3,64196,0.0,18.6,39.6,29.2,1.6,20.3,46.5,20.3,66.2,63.3,79.3,28.1,83.8,34.3
"A0032","Los Angeles","Los Angeles","https://www.californiahealthmaps.org?address=A0032","Female","CRC",162660,40.9,32.1,51.9,44680,42.5,27.4,74.0,"","","","",73470,37.2,23.9,55.8,37130,37.9,22.4,66.6,3,64196,0.0,18.6,39.6,29.2,1.6,20.3,46.5,20.3,66.2,63.3,79.3,28.1,83.8,34.3
"A0032","Los Angeles","Los Angeles","https://www.californiahealthmaps.org?address=A0032","Male","Mela",158320,12.5,7.6,19.9,47160,24.0,13.4,47.7,"","","","",71650,"","","",31830,"","","",3,64196,0.0,18.6,39.6,29.2,1.6,20.3,46.5,20.3,66.2,63.3,79.3,28.1,83.8,34.3
"A0032","Los Angeles","Los Angeles","https://www.californiahealthmaps.org?address=A0032","Female","Mela",162660,10.0,5.9,16.5,44680,"","","","","","","",73470,"","","",37130,"","","",3,64196,0.0,18.6,39.6,29.2,1.6,20.3,46.5,20.3,66.2,63.3,79.3,28.1,83.8,34.3
"A0032","Los Angeles","Los Angeles","https://www.californiahealthmaps.org?address=A0032","Female","Uterine",162660,35.4,27.2,45.8,44680,41.3,26.2,73.0,"","","","",73470,28.2,16.8,44.9,37130,40.2,24.1,69.6,3,64196,0.0,18.6,39.6,29.2,1.6,20.3,46.5,20.3,66.2,63.3,79.3,28.1,83.8,34.3
"A0032","Los Angeles","Los Angeles","https://www.californiahealthmaps.org?address=A0032","Male","Lymph",158320,18.9,12.4,27.7,47160,"","","","","","","",71650,"","","",31830,"","","",3,64196,0.0,18.6,39.6,29.2,1.6,20.3,46.5,20.3,66.2,63.3,79.3,28.1,83.8,34.3
"A0032","Los Angeles","Los Angeles","https://www.californiahealthmaps.org?address=A0032","Female","Lymph",162660,15.8,10.5,23.3,44680,"","","","","","","",73470,"","","",37130,"","","",3,64196,0.0,18.6,39.6,29.2,1.6,20.3,46.5,20.3,66.2,63.3,79.3,28.1,83.8,34.3
"A0032","Los Angeles","Los Angeles","https://www.californiahealthmaps.org?address=A0032","Male","Urinary",158320,22.1,14.7,32.0,47160,30.5,17.3,56.6,"","","","",71650,"","","",31830,"","","",3,64196,0.0,18.6,39.6,29.2,1.6,20.3,46.5,20.3,66.2,63.3,79.3,28.1,83.8,34.3
"A0032","Los Angeles","Los Angeles","https://www.californiahealthmaps.org?address=A0032","Female","Urinary",162660,"","","",44680,"","","","","","","",73470,"","","",37130,"","","",3,64196,0.0,18.6,39.6,29.2,1.6,20.3,46.5,20.3,66.2,63.3,79.3,28.1,83.8,34.3
"A0032","Los Angeles","Los Angeles","https://www.californiahealthmaps.org?address=A0032","Male","Kidney",158320,25.5,17.8,35.5,47160,"","","","","","","",71650,33.5,18.3,57.4,31830,"","","",3,64196,0.0,18.6,39.6,29.2,1.6,20.3,46.5,20.3,66.2,63.3,79.3,28.1,83.8,34.3
"A0032","Los Angeles","Los Angeles","https://www.californiahealthmaps.org?address=A0032","Female","Kidney",162660,"","","",44680,"","","","","","","",73470,"","","",37130,"","","",3,64196,0.0,18.6,39.6,29.2,1.6,20.3,46.5,20.3,66.2,63.3,79.3,28.1,83.8,34.3
"A0032","Los Angeles","Los Angeles","https://www.californiahealthmaps.org?address=A0032","Male","Thyroid",158320,"","","",47160,"","","","","","","",71650,"","","",31830,"","","",3,64196,0.0,18.6,39.6,29.2,1.6,20.3,46.5,20.3,66.2,63.3,79.3,28.1,83.8,34.3
"A0032","Los Angeles","Los Angeles","https://www.californiahealthmaps.org?address=A0032","Female","Thyroid",162660,23.1,16.4,32.0,44680,"","","","","","","",73470,25.2,14.8,40.8,37130,"","","",3,64196,0.0,18.6,39.6,29.2,1.6,20.3,46.5,20.3,66.2,63.3,79.3,28.1,83.8,34.3
"A0032","Los Angeles","Los Angeles","https://www.californiahealthmaps.org?address=A0032","Male","Liver",158320,12.0,7.1,19.2,47160,"","","","","","","",71650,"","","",31830,"","","",3,64196,0.0,18.6,39.6,29.2,1.6,20.3,46.5,20.3,66.2,63.3,79.3,28.1,83.8,34.3
"A0032","Los Angeles","Los Angeles","https://www.californiahealthmaps.org?address=A0032","Female","Liver",162660,"","","",44680,"","","","","","","",73470,"","","",37130,"","","",3,64196,0.0,18.6,39.6,29.2,1.6,20.3,46.5,20.3,66.2,63.3,79.3,28.1,83.8,34.3
"A0032","Los Angeles","Los Angeles","https://www.californiahealthmaps.org?address=A0032","Male","Pancreas",158320,13.8,8.1,22.1,47160,"","","","","","","",71650,"","","",31830,"","","",3,64196,0.0,18.6,39.6,29.2,1.6,20.3,46.5,20.3,66.2,63.3,79.3,28.1,83.8,34.3
"A0032","Los Angeles","Los Angeles","https://www.californiahealthmaps.org?address=A0032","Female","Pancreas",162660,10.6,6.4,17.1,44680,"","","","","","","",73470,"","","",37130,"","","",3,64196,0.0,18.6,39.6,29.2,1.6,20.3,46.5,20.3,66.2,63.3,79.3,28.1,83.8,34.3
"A0032","Los Angeles","Los Angeles","https://www.californiahealthmaps.org?address=A0032","Both","AllSite",320980,382.2,361.4,404.1,91840,428.7,391.2,471.3,"","","","",145120,344.9,311.6,381.2,68960,353.3,313.7,398.1,3,64196,0.0,18.6,39.6,29.2,1.6,20.3,46.5,20.3,66.2,63.3,79.3,28.1,83.8,34.3
"A0032","Los Angeles","Los Angeles","https://www.californiahealthmaps.org?address=A0032","Both","Lung",320980,32.0,26.2,39.0,91840,37.8,27.5,54.4,"","","","",145120,22.6,14.4,34.0,68960,35.0,23.5,52.5,3,64196,0.0,18.6,39.6,29.2,1.6,20.3,46.5,20.3,66.2,63.3,79.3,28.1,83.8,34.3
"A0032","Los Angeles","Los Angeles","https://www.californiahealthmaps.org?address=A0032","Both","CRC",320980,43.8,36.9,51.7,91840,44.0,32.7,61.5,"","","","",145120,37.6,27.3,51.0,68960,49.1,35.2,68.8,3,64196,0.0,18.6,39.6,29.2,1.6,20.3,46.5,20.3,66.2,63.3,79.3,28.1,83.8,34.3
"A0032","Los Angeles","Los Angeles","https://www.californiahealthmaps.org?address=A0032","Both","Mela",320980,11.0,7.7,15.3,91840,21.4,13.9,35.7,"","","","",145120,"","","",68960,"","","",3,64196,0.0,18.6,39.6,29.2,1.6,20.3,46.5,20.3,66.2,63.3,79.3,28.1,83.8,34.3
"A0032","Los Angeles","Los Angeles","https://www.californiahealthmaps.org?address=A0032","Both","Lymph",320980,17.4,13.1,22.7,91840,16.1,9.2,30.1,"","","","",145120,18.1,11.0,28.4,68960,19.8,11.3,34.9,3,64196,0.0,18.6,39.6,29.2,1.6,20.3,46.5,20.3,66.2,63.3,79.3,28.1,83.8,34.3
"A0032","Los Angeles","Los Angeles","https://www.californiahealthmaps.org?address=A0032","Both","Urinary",320980,10.6,7.3,15.1,91840,15.3,9.0,28.6,"","","","",145120,"","","",68960,"","","",3,64196,0.0,18.6,39.6,29.2,1.6,20.3,46.5,20.3,66.2,63.3,79.3,28.1,83.8,34.3
"A0032","Los Angeles","Los Angeles","https://www.californiahealthmaps.org?address=A0032","Both","Kidney",320980,14.2,10.4,19.1,91840,"","","","","","","",145120,16.3,9.6,26.3,68960,"","","",3,64196,0.0,18.6,39.6,29.2,1.6,20.3,46.5,20.3,66.2,63.3,79.3,28.1,83.8,34.3
"A0032","Los Angeles","Los Angeles","https://www.californiahealthmaps.org?address=A0032","Both","Thyroid",320980,14.5,10.7,19.4,91840,"","","","","","","",145120,14.5,8.8,23.3,68960,19.8,11.1,35.0,3,64196,0.0,18.6,39.6,29.2,1.6,20.3,46.5,20.3,66.2,63.3,79.3,28.1,83.8,34.3
"A0032","Los Angeles","Los Angeles","https://www.californiahealthmaps.org?address=A0032","Both","Liver",320980,9.3,6.3,13.4,91840,"","","","","","","",145120,"","","",68960,"","","",3,64196,0.0,18.6,39.6,29.2,1.6,20.3,46.5,20.3,66.2,63.3,79.3,28.1,83.8,34.3
"A0032","Los Angeles","Los Angeles","https://www.californiahealthmaps.org?address=A0032","Both","Pancreas",320980,11.7,8.3,16.3,91840,"","","","","","","",145120,"","","",68960,"","","",3,64196,0.0,18.6,39.6,29.2,1.6,20.3,46.5,20.3,66.2,63.3,79.3,28.1,83.8,34.3
