"Zone","Counties","Cities","URL","Sex","Cancer","PopTot","AAIR","LCI","UCI","White_PopTot","White_AAIR","White_LCI","White_UCI","Black_PopTot","Black_AAIR","Black_LCI","Black_UCI","Hispanic_PopTot","Hispanic_AAIR","Hispanic_LCI","Hispanic_UCI","Asian_PopTot","Asian_AAIR","Asian_LCI","Asian_UCI","QNSES","PopAll","PerRural","PerUninsured","PerForeignBorn","PerWhite","PerBlack","PerAsian","PerHispanic"
"A0348","San Diego","San Diego","https://www.californiahealthmaps.org?address=A0348","Male","AllSite",172855,487.9,449.3,529.8,92435,510.7,465.9,561.1,"","","","",20065,502.2,357.6,696.1,50215,328.3,227.3,461.3,4,69723,0.0,9.7,29.8,53.7,1.7,27.8,13.2
"A0348","San Diego","San Diego","https://www.californiahealthmaps.org?address=A0348","Female","AllSite",175760,446.0,411.8,483.4,91470,458.8,417.3,506.1,"","","","",22310,492.5,378.1,633.9,52340,412.2,319.7,530.8,4,69723,0.0,9.7,29.8,53.7,1.7,27.8,13.2
"A0348","San Diego","San Diego","https://www.californiahealthmaps.org?address=A0348","Male","Prostate",172855,111.0,92.7,132.6,92435,117.4,96.6,144.3,"","","","",20065,"","","",50215,"","","",4,69723,0.0,9.7,29.8,53.7,1.7,27.8,13.2
"A0348","San Diego","San Diego","https://www.californiahealthmaps.org?address=A0348","Female","Breast",175760,179.5,157.6,204.7,91470,183.4,156.5,216.5,"","","","",22310,250.4,170.8,357.7,52340,141.8,91.1,220.2,4,69723,0.0,9.7,29.8,53.7,1.7,27.8,13.2
"A0348","San Diego","San Diego","https://www.californiahealthmaps.org?address=A0348","Male","Lung",172855,42.7,31.9,57.0,92435,46.0,33.7,64.8,"","","","",20065,"","","",50215,"","","",4,69723,0.0,9.7,29.8,53.7,1.7,27.8,13.2
"A0348","San Diego","San Diego","https://www.californiahealthmaps.org?address=A0348","Female","Lung",175760,37.4,28.5,49.9,91470,37.6,27.6,54.4,"","","","",22310,"","","",52340,"","","",4,69723,0.0,9.7,29.8,53.7,1.7,27.8,13.2
"A0348","San Diego","San Diego","https://www.californiahealthmaps.org?address=A0348","Male","CRC",172855,49.3,37.8,64.3,92435,47.8,35.1,66.9,"","","","",20065,"","","",50215,"","","",4,69723,0.0,9.7,29.8,53.7,1.7,27.8,13.2
"A0348","San Diego","San Diego","https://www.californiahealthmaps.org?address=A0348","Female","CRC",175760,35.3,26.7,47.3,91470,35.5,25.3,52.7,"","","","",22310,"","","",52340,"","","",4,69723,0.0,9.7,29.8,53.7,1.7,27.8,13.2
"A0348","San Diego","San Diego","https://www.californiahealthmaps.org?address=A0348","Male","Mela",172855,48.4,36.7,63.7,92435,55.2,41.1,75.7,"","","","",20065,"","","",50215,"","","",4,69723,0.0,9.7,29.8,53.7,1.7,27.8,13.2
"A0348","San Diego","San Diego","https://www.californiahealthmaps.org?address=A0348","Female","Mela",175760,13.6,8.3,22.7,91470,18.5,11.3,33.4,"","","","",22310,"","","",52340,"","","",4,69723,0.0,9.7,29.8,53.7,1.7,27.8,13.2
"A0348","San Diego","San Diego","https://www.californiahealthmaps.org?address=A0348","Female","Uterine",175760,30.2,21.7,42.3,91470,28.1,18.6,44.9,"","","","",22310,"","","",52340,"","","",4,69723,0.0,9.7,29.8,53.7,1.7,27.8,13.2
"A0348","San Diego","San Diego","https://www.californiahealthmaps.org?address=A0348","Male","Lymph",172855,25.6,17.2,37.7,92435,23.0,13.7,39.8,"","","","",20065,"","","",50215,"","","",4,69723,0.0,9.7,29.8,53.7,1.7,27.8,13.2
"A0348","San Diego","San Diego","https://www.californiahealthmaps.org?address=A0348","Female","Lymph",175760,15.4,10.0,24.5,91470,15.9,9.6,29.9,"","","","",22310,"","","",52340,"","","",4,69723,0.0,9.7,29.8,53.7,1.7,27.8,13.2
"A0348","San Diego","San Diego","https://www.californiahealthmaps.org?address=A0348","Male","Urinary",172855,18.4,11.7,28.8,92435,21.3,13.4,36.4,"","","","",20065,"","","",50215,"","","",4,69723,0.0,9.7,29.8,53.7,1.7,27.8,13.2
"A0348","San Diego","San Diego","https://www.californiahealthmaps.org?address=A0348","Female","Urinary",175760,3.5,1.3,10.4,91470,"","","","","","","",22310,"","","",52340,"","","",4,69723,0.0,9.7,29.8,53.7,1.7,27.8,13.2
"A0348","San Diego","San Diego","https://www.californiahealthmaps.org?address=A0348","Male","Kidney",172855,18.4,11.6,28.9,92435,"","","","","","","",20065,"","","",50215,"","","",4,69723,0.0,9.7,29.8,53.7,1.7,27.8,13.2
"A0348","San Diego","San Diego","https://www.californiahealthmaps.org?address=A0348","Female","Kidney",175760,10.4,5.4,19.6,91470,"","","","","","","",22310,"","","",52340,"","","",4,69723,0.0,9.7,29.8,53.7,1.7,27.8,13.2
"A0348","San Diego","San Diego","https://www.californiahealthmaps.org?address=A0348","Male","Thyroid",172855,9.7,5.1,18.1,92435,"","","","","","","",20065,"","","",50215,"","","",4,69723,0.0,9.7,29.8,53.7,1.7,27.8,13.2
"A0348","San Diego","San Diego","https://www.californiahealthmaps.org?address=A0348","Female","Thyroid",175760,16.7,10.5,26.9,91470,20.8,12.1,37.2,"","","","",22310,"","","",52340,"","","",4,69723,0.0,9.7,29.8,53.7,1.7,27.8,13.2
"A0348","San Diego","San Diego","https://www.californiahealthmaps.org?address=A0348","Both","AllSite",348615,458.3,433.0,485.2,183905,473.5,443.7,506.1,"","","","",42375,488.1,398.2,594.5,102555,366.2,298.3,447.2,4,69723,0.0,9.7,29.8,53.7,1.7,27.8,13.2
"A0348","San Diego","San Diego","https://www.californiahealthmaps.org?address=A0348","Both","Lung",348615,39.1,32.2,47.7,183905,40.8,33.0,51.7,"","","","",42375,"","","",102555,"","","",4,69723,0.0,9.7,29.8,53.7,1.7,27.8,13.2
"A0348","San Diego","San Diego","https://www.californiahealthmaps.org?address=A0348","Both","CRC",348615,41.5,34.4,50.3,183905,40.7,32.7,51.9,"","","","",42375,"","","",102555,54.1,29.7,93.3,4,69723,0.0,9.7,29.8,53.7,1.7,27.8,13.2
"A0348","San Diego","San Diego","https://www.californiahealthmaps.org?address=A0348","Both","Mela",348615,29.0,22.9,36.9,183905,35.0,27.2,45.9,"","","","",42375,"","","",102555,"","","",4,69723,0.0,9.7,29.8,53.7,1.7,27.8,13.2
"A0348","San Diego","San Diego","https://www.californiahealthmaps.org?address=A0348","Both","Lymph",348615,20.4,15.3,27.2,183905,19.5,13.7,28.8,"","","","",42375,"","","",102555,"","","",4,69723,0.0,9.7,29.8,53.7,1.7,27.8,13.2
"A0348","San Diego","San Diego","https://www.californiahealthmaps.org?address=A0348","Both","Urinary",348615,9.9,6.6,15.0,183905,11.2,7.4,18.6,"","","","",42375,"","","",102555,"","","",4,69723,0.0,9.7,29.8,53.7,1.7,27.8,13.2
"A0348","San Diego","San Diego","https://www.californiahealthmaps.org?address=A0348","Both","Kidney",348615,13.9,9.7,20.0,183905,11.8,7.6,19.7,"","","","",42375,"","","",102555,"","","",4,69723,0.0,9.7,29.8,53.7,1.7,27.8,13.2
"A0348","San Diego","San Diego","https://www.californiahealthmaps.org?address=A0348","Both","Thyroid",348615,13.1,9.1,18.9,183905,14.9,9.7,23.5,"","","","",42375,"","","",102555,"","","",4,69723,0.0,9.7,29.8,53.7,1.7,27.8,13.2
