"Zone","Counties","Cities","URL","Sex","Cancer","PopTot","AAIR","LCI","UCI","White_PopTot","White_AAIR","White_LCI","White_UCI","Black_PopTot","Black_AAIR","Black_LCI","Black_UCI","Hispanic_PopTot","Hispanic_AAIR","Hispanic_LCI","Hispanic_UCI","Asian_PopTot","Asian_AAIR","Asian_LCI","Asian_UCI","QNSES","PopAll","PerRural","PerUninsured","PerForeignBorn","PerWhite","PerBlack","PerAsian","PerHispanic"
"A1059","Ventura","Camarillo, Oxnard","https://www.californiahealthmaps.org?address=A1059","Male","AllSite",175075,501.1,463.2,541.5,64865,573.7,520.4,631.9,"","","","",85775,440.2,372.4,518.6,15820,287.0,193.6,418.7,3,70472,1.8,19.8,27.0,36.6,2.4,9.2,48.6
"A1059","Ventura","Camarillo, Oxnard","https://www.californiahealthmaps.org?address=A1059","Female","AllSite",177285,412.3,381.7,444.8,66925,447.8,403.7,496.5,"","","","",83505,383.0,328.3,446.2,18535,298.5,227.1,388.2,3,70472,1.8,19.8,27.0,36.6,2.4,9.2,48.6
"A1059","Ventura","Camarillo, Oxnard","https://www.californiahealthmaps.org?address=A1059","Male","Prostate",175075,94.4,78.5,112.7,64865,101.8,80.8,127.8,"","","","",85775,95.6,65.0,137.6,15820,"","","",3,70472,1.8,19.8,27.0,36.6,2.4,9.2,48.6
"A1059","Ventura","Camarillo, Oxnard","https://www.californiahealthmaps.org?address=A1059","Female","Breast",177285,129.7,112.7,148.6,66925,153.2,127.5,183.7,"","","","",83505,98.8,73.2,133.1,18535,113.1,71.4,173.7,3,70472,1.8,19.8,27.0,36.6,2.4,9.2,48.6
"A1059","Ventura","Camarillo, Oxnard","https://www.californiahealthmaps.org?address=A1059","Male","Lung",175075,55.1,42.6,70.2,64865,62.3,45.7,84.0,"","","","",85775,57.4,32.8,94.4,15820,"","","",3,70472,1.8,19.8,27.0,36.6,2.4,9.2,48.6
"A1059","Ventura","Camarillo, Oxnard","https://www.californiahealthmaps.org?address=A1059","Female","Lung",177285,44.7,34.9,56.5,66925,54.8,40.7,73.8,"","","","",83505,"","","",18535,"","","",3,70472,1.8,19.8,27.0,36.6,2.4,9.2,48.6
"A1059","Ventura","Camarillo, Oxnard","https://www.californiahealthmaps.org?address=A1059","Male","CRC",175075,55.5,43.2,70.5,64865,60.9,44.6,82.2,"","","","",85775,46.9,25.5,80.6,15820,"","","",3,70472,1.8,19.8,27.0,36.6,2.4,9.2,48.6
"A1059","Ventura","Camarillo, Oxnard","https://www.californiahealthmaps.org?address=A1059","Female","CRC",177285,26.1,18.9,35.3,66925,22.1,13.6,35.8,"","","","",83505,31.5,17.0,56.0,18535,"","","",3,70472,1.8,19.8,27.0,36.6,2.4,9.2,48.6
"A1059","Ventura","Camarillo, Oxnard","https://www.californiahealthmaps.org?address=A1059","Male","Mela",175075,40.0,29.8,52.7,64865,69.8,51.9,92.8,"","","","",85775,"","","",15820,"","","",3,70472,1.8,19.8,27.0,36.6,2.4,9.2,48.6
"A1059","Ventura","Camarillo, Oxnard","https://www.californiahealthmaps.org?address=A1059","Female","Mela",177285,22.0,15.4,30.5,66925,36.8,24.5,54.5,"","","","",83505,"","","",18535,"","","",3,70472,1.8,19.8,27.0,36.6,2.4,9.2,48.6
"A1059","Ventura","Camarillo, Oxnard","https://www.californiahealthmaps.org?address=A1059","Female","Uterine",177285,23.5,16.7,32.4,66925,22.5,13.9,36.3,"","","","",83505,"","","",18535,"","","",3,70472,1.8,19.8,27.0,36.6,2.4,9.2,48.6
"A1059","Ventura","Camarillo, Oxnard","https://www.californiahealthmaps.org?address=A1059","Male","Lymph",175075,29.3,21.0,40.1,64865,34.1,22.3,51.1,"","","","",85775,"","","",15820,"","","",3,70472,1.8,19.8,27.0,36.6,2.4,9.2,48.6
"A1059","Ventura","Camarillo, Oxnard","https://www.californiahealthmaps.org?address=A1059","Female","Lymph",177285,16.7,11.0,24.4,66925,15.5,8.6,27.7,"","","","",83505,"","","",18535,"","","",3,70472,1.8,19.8,27.0,36.6,2.4,9.2,48.6
"A1059","Ventura","Camarillo, Oxnard","https://www.californiahealthmaps.org?address=A1059","Male","Urinary",175075,18.4,11.3,28.3,64865,"","","","","","","",85775,"","","",15820,"","","",3,70472,1.8,19.8,27.0,36.6,2.4,9.2,48.6
"A1059","Ventura","Camarillo, Oxnard","https://www.californiahealthmaps.org?address=A1059","Female","Urinary",177285,6.2,2.9,11.5,66925,"","","","","","","",83505,"","","",18535,"","","",3,70472,1.8,19.8,27.0,36.6,2.4,9.2,48.6
"A1059","Ventura","Camarillo, Oxnard","https://www.californiahealthmaps.org?address=A1059","Male","Kidney",175075,25.2,17.4,35.6,64865,26.6,16.2,42.4,"","","","",85775,"","","",15820,"","","",3,70472,1.8,19.8,27.0,36.6,2.4,9.2,48.6
"A1059","Ventura","Camarillo, Oxnard","https://www.californiahealthmaps.org?address=A1059","Female","Kidney",177285,11.1,6.7,17.6,66925,"","","","","","","",83505,"","","",18535,"","","",3,70472,1.8,19.8,27.0,36.6,2.4,9.2,48.6
"A1059","Ventura","Camarillo, Oxnard","https://www.californiahealthmaps.org?address=A1059","Male","Thyroid",175075,9.2,5.0,16.1,64865,"","","","","","","",85775,"","","",15820,"","","",3,70472,1.8,19.8,27.0,36.6,2.4,9.2,48.6
"A1059","Ventura","Camarillo, Oxnard","https://www.californiahealthmaps.org?address=A1059","Female","Thyroid",177285,20.2,14.1,28.4,66925,"","","","","","","",83505,23.6,13.3,43.1,18535,"","","",3,70472,1.8,19.8,27.0,36.6,2.4,9.2,48.6
"A1059","Ventura","Camarillo, Oxnard","https://www.californiahealthmaps.org?address=A1059","Both","AllSite",352360,447.6,423.8,472.4,131790,502.3,468.2,538.7,"","","","",169280,406.2,363.1,453.9,34355,280.8,226.3,345.4,3,70472,1.8,19.8,27.0,36.6,2.4,9.2,48.6
"A1059","Ventura","Camarillo, Oxnard","https://www.californiahealthmaps.org?address=A1059","Both","Lung",352360,48.9,41.1,57.8,131790,58.3,47.3,71.7,"","","","",169280,40.2,26.3,59.7,34355,"","","",3,70472,1.8,19.8,27.0,36.6,2.4,9.2,48.6
"A1059","Ventura","Camarillo, Oxnard","https://www.californiahealthmaps.org?address=A1059","Both","CRC",352360,38.5,31.8,46.4,131790,39.9,31.0,51.3,"","","","",169280,38.1,25.1,56.4,34355,"","","",3,70472,1.8,19.8,27.0,36.6,2.4,9.2,48.6
"A1059","Ventura","Camarillo, Oxnard","https://www.californiahealthmaps.org?address=A1059","Both","Mela",352360,29.7,23.9,36.7,131790,51.4,40.6,64.6,"","","","",169280,"","","",34355,"","","",3,70472,1.8,19.8,27.0,36.6,2.4,9.2,48.6
"A1059","Ventura","Camarillo, Oxnard","https://www.californiahealthmaps.org?address=A1059","Both","Lymph",352360,22.9,17.8,29.1,131790,24.5,17.6,34.0,"","","","",169280,20.8,12.1,34.7,34355,"","","",3,70472,1.8,19.8,27.0,36.6,2.4,9.2,48.6
"A1059","Ventura","Camarillo, Oxnard","https://www.californiahealthmaps.org?address=A1059","Both","Urinary",352360,11.4,7.7,16.2,131790,12.9,8.0,20.3,"","","","",169280,"","","",34355,"","","",3,70472,1.8,19.8,27.0,36.6,2.4,9.2,48.6
"A1059","Ventura","Camarillo, Oxnard","https://www.californiahealthmaps.org?address=A1059","Both","Kidney",352360,17.2,12.9,22.7,131790,17.2,11.4,25.7,"","","","",169280,17.0,10.1,28.9,34355,"","","",3,70472,1.8,19.8,27.0,36.6,2.4,9.2,48.6
"A1059","Ventura","Camarillo, Oxnard","https://www.californiahealthmaps.org?address=A1059","Both","Thyroid",352360,14.6,10.8,19.5,131790,14.8,9.1,23.2,"","","","",169280,15.8,9.3,27.2,34355,"","","",3,70472,1.8,19.8,27.0,36.6,2.4,9.2,48.6
