"Zone","Counties","Cities","URL","Sex","Cancer","PopTot","AAIR","LCI","UCI","White_PopTot","White_AAIR","White_LCI","White_UCI","Black_PopTot","Black_AAIR","Black_LCI","Black_UCI","Hispanic_PopTot","Hispanic_AAIR","Hispanic_LCI","Hispanic_UCI","Asian_PopTot","Asian_AAIR","Asian_LCI","Asian_UCI","QNSES","PopAll","PerRural","PerUninsured","PerForeignBorn","PerWhite","PerBlack","PerAsian","PerHispanic","PerAPI","PerDocvisit","PerFOBT","PerMammo","PerMenPrev","PerPap","PerWomenPrev"
"A0714","Madera","Chowchilla","https://www.californiahealthmaps.org?address=A0714","Male","AllSite",176565,468.7,433.3,506.6,63400,498.4,450.1,551.9,"","","","",102655,367.7,313.0,430.7,"","","","",2,76794,29.9,21.6,22.1,35.8,4.7,2.0,55.3,2.0,"","","","","",""
"A0714","Madera","Chowchilla","https://www.californiahealthmaps.org?address=A0714","Female","AllSite",207405,369.0,340.5,399.4,74330,429.2,388.0,474.9,13945,215.8,123.0,405.2,108435,290.9,247.3,341.8,"","","","",2,76794,29.9,21.6,22.1,35.8,4.7,2.0,55.3,2.0,"","","","","",""
"A0714","Madera","Chowchilla","https://www.californiahealthmaps.org?address=A0714","Male","Prostate",176565,103.7,87.9,122.0,63400,102.9,83.2,127.8,"","","","",102655,92.9,66.4,128.4,"","","","",2,76794,29.9,21.6,22.1,35.8,4.7,2.0,55.3,2.0,"","","","","",""
"A0714","Madera","Chowchilla","https://www.californiahealthmaps.org?address=A0714","Female","Breast",207405,117.3,101.8,134.9,74330,140.6,117.8,168.1,13945,"","","",108435,87.4,65.7,116.5,"","","","",2,76794,29.9,21.6,22.1,35.8,4.7,2.0,55.3,2.0,"","","","","",""
"A0714","Madera","Chowchilla","https://www.californiahealthmaps.org?address=A0714","Male","Lung",176565,69.1,55.4,85.6,63400,86.3,67.1,110.9,"","","","",102655,"","","","","","","",2,76794,29.9,21.6,22.1,35.8,4.7,2.0,55.3,2.0,"","","","","",""
"A0714","Madera","Chowchilla","https://www.californiahealthmaps.org?address=A0714","Female","Lung",207405,40.1,30.6,51.8,74330,52.5,38.8,71.2,13945,"","","",108435,"","","","","","","",2,76794,29.9,21.6,22.1,35.8,4.7,2.0,55.3,2.0,"","","","","",""
"A0714","Madera","Chowchilla","https://www.californiahealthmaps.org?address=A0714","Male","CRC",176565,47.6,36.7,61.3,63400,45.1,31.2,64.8,"","","","",102655,41.5,25.5,66.4,"","","","",2,76794,29.9,21.6,22.1,35.8,4.7,2.0,55.3,2.0,"","","","","",""
"A0714","Madera","Chowchilla","https://www.californiahealthmaps.org?address=A0714","Female","CRC",207405,28.0,20.6,37.6,74330,29.9,20.0,45.0,13945,"","","",108435,"","","","","","","",2,76794,29.9,21.6,22.1,35.8,4.7,2.0,55.3,2.0,"","","","","",""
"A0714","Madera","Chowchilla","https://www.californiahealthmaps.org?address=A0714","Male","Mela",176565,26.2,18.6,36.6,63400,31.9,21.0,48.6,"","","","",102655,"","","","","","","",2,76794,29.9,21.6,22.1,35.8,4.7,2.0,55.3,2.0,"","","","","",""
"A0714","Madera","Chowchilla","https://www.californiahealthmaps.org?address=A0714","Female","Mela",207405,15.3,10.1,22.7,74330,22.3,13.8,36.3,13945,"","","",108435,"","","","","","","",2,76794,29.9,21.6,22.1,35.8,4.7,2.0,55.3,2.0,"","","","","",""
"A0714","Madera","Chowchilla","https://www.californiahealthmaps.org?address=A0714","Female","Uterine",207405,17.3,11.7,25.1,74330,24.0,15.1,38.1,13945,"","","",108435,"","","","","","","",2,76794,29.9,21.6,22.1,35.8,4.7,2.0,55.3,2.0,"","","","","",""
"A0714","Madera","Chowchilla","https://www.californiahealthmaps.org?address=A0714","Male","Lymph",176565,20.2,13.8,29.4,63400,22.7,13.5,38.0,"","","","",102655,"","","","","","","",2,76794,29.9,21.6,22.1,35.8,4.7,2.0,55.3,2.0,"","","","","",""
"A0714","Madera","Chowchilla","https://www.californiahealthmaps.org?address=A0714","Female","Lymph",207405,11.0,6.4,17.9,74330,"","","",13945,"","","",108435,"","","","","","","",2,76794,29.9,21.6,22.1,35.8,4.7,2.0,55.3,2.0,"","","","","",""
"A0714","Madera","Chowchilla","https://www.californiahealthmaps.org?address=A0714","Male","Urinary",176565,18.6,11.5,28.9,63400,"","","","","","","",102655,"","","","","","","",2,76794,29.9,21.6,22.1,35.8,4.7,2.0,55.3,2.0,"","","","","",""
"A0714","Madera","Chowchilla","https://www.californiahealthmaps.org?address=A0714","Female","Urinary",207405,"","","",74330,"","","",13945,"","","",108435,"","","","","","","",2,76794,29.9,21.6,22.1,35.8,4.7,2.0,55.3,2.0,"","","","","",""
"A0714","Madera","Chowchilla","https://www.californiahealthmaps.org?address=A0714","Male","Kidney",176565,19.2,12.5,28.8,63400,17.3,9.7,30.8,"","","","",102655,"","","","","","","",2,76794,29.9,21.6,22.1,35.8,4.7,2.0,55.3,2.0,"","","","","",""
"A0714","Madera","Chowchilla","https://www.californiahealthmaps.org?address=A0714","Female","Kidney",207405,11.9,7.5,18.3,74330,"","","",13945,"","","",108435,"","","","","","","",2,76794,29.9,21.6,22.1,35.8,4.7,2.0,55.3,2.0,"","","","","",""
"A0714","Madera","Chowchilla","https://www.californiahealthmaps.org?address=A0714","Male","Thyroid",176565,"","","",63400,"","","","","","","",102655,"","","","","","","",2,76794,29.9,21.6,22.1,35.8,4.7,2.0,55.3,2.0,"","","","","",""
"A0714","Madera","Chowchilla","https://www.californiahealthmaps.org?address=A0714","Female","Thyroid",207405,17.4,11.9,25.1,74330,24.7,14.9,40.1,13945,"","","",108435,"","","","","","","",2,76794,29.9,21.6,22.1,35.8,4.7,2.0,55.3,2.0,"","","","","",""
"A0714","Madera","Chowchilla","https://www.californiahealthmaps.org?address=A0714","Male","Liver",176565,17.0,10.9,25.8,63400,"","","","","","","",102655,"","","","","","","",2,76794,29.9,21.6,22.1,35.8,4.7,2.0,55.3,2.0,"","","","","",""
"A0714","Madera","Chowchilla","https://www.californiahealthmaps.org?address=A0714","Female","Liver",207405,"","","",74330,"","","",13945,"","","",108435,"","","","","","","",2,76794,29.9,21.6,22.1,35.8,4.7,2.0,55.3,2.0,"","","","","",""
"A0714","Madera","Chowchilla","https://www.californiahealthmaps.org?address=A0714","Male","Pancreas",176565,10.2,5.7,17.7,63400,"","","","","","","",102655,"","","","","","","",2,76794,29.9,21.6,22.1,35.8,4.7,2.0,55.3,2.0,"","","","","",""
"A0714","Madera","Chowchilla","https://www.californiahealthmaps.org?address=A0714","Female","Pancreas",207405,13.6,8.5,21.0,74330,15.1,8.3,27.4,13945,"","","",108435,"","","","","","","",2,76794,29.9,21.6,22.1,35.8,4.7,2.0,55.3,2.0,"","","","","",""
"A0714","Madera","Chowchilla","https://www.californiahealthmaps.org?address=A0714","Both","AllSite",383970,417.1,394.5,440.7,137730,462.6,431.0,496.7,17740,333.4,238.9,466.5,211090,325.6,291.0,364.1,"","","","",2,76794,29.9,21.6,22.1,35.8,4.7,2.0,55.3,2.0,"","","","","",""
"A0714","Madera","Chowchilla","https://www.californiahealthmaps.org?address=A0714","Both","Lung",383970,53.7,45.4,63.2,137730,68.7,56.9,83.0,17740,"","","",211090,28.6,18.0,43.8,"","","","",2,76794,29.9,21.6,22.1,35.8,4.7,2.0,55.3,2.0,"","","","","",""
"A0714","Madera","Chowchilla","https://www.californiahealthmaps.org?address=A0714","Both","CRC",383970,36.5,30.0,44.0,137730,36.3,27.9,47.3,17740,"","","",211090,30.8,20.9,44.9,"","","","",2,76794,29.9,21.6,22.1,35.8,4.7,2.0,55.3,2.0,"","","","","",""
"A0714","Madera","Chowchilla","https://www.californiahealthmaps.org?address=A0714","Both","Mela",383970,20.7,16.0,26.5,137730,27.3,20.1,37.2,17740,"","","",211090,"","","","","","","",2,76794,29.9,21.6,22.1,35.8,4.7,2.0,55.3,2.0,"","","","","",""
"A0714","Madera","Chowchilla","https://www.californiahealthmaps.org?address=A0714","Both","Lymph",383970,15.3,11.3,20.4,137730,16.4,10.9,24.6,17740,"","","",211090,14.2,7.8,25.0,"","","","",2,76794,29.9,21.6,22.1,35.8,4.7,2.0,55.3,2.0,"","","","","",""
"A0714","Madera","Chowchilla","https://www.californiahealthmaps.org?address=A0714","Both","Urinary",383970,10.1,6.6,14.8,137730,9.1,5.1,16.2,17740,"","","",211090,"","","","","","","",2,76794,29.9,21.6,22.1,35.8,4.7,2.0,55.3,2.0,"","","","","",""
"A0714","Madera","Chowchilla","https://www.californiahealthmaps.org?address=A0714","Both","Kidney",383970,15.3,11.3,20.4,137730,14.7,9.9,22.3,17740,"","","",211090,16.6,9.4,28.3,"","","","",2,76794,29.9,21.6,22.1,35.8,4.7,2.0,55.3,2.0,"","","","","",""
"A0714","Madera","Chowchilla","https://www.californiahealthmaps.org?address=A0714","Both","Thyroid",383970,11.7,8.3,16.2,137730,16.0,10.1,24.9,17740,"","","",211090,"","","","","","","",2,76794,29.9,21.6,22.1,35.8,4.7,2.0,55.3,2.0,"","","","","",""
"A0714","Madera","Chowchilla","https://www.californiahealthmaps.org?address=A0714","Both","Liver",383970,10.0,6.8,14.3,137730,7.9,4.4,14.2,17740,"","","",211090,12.7,7.2,22.4,"","","","",2,76794,29.9,21.6,22.1,35.8,4.7,2.0,55.3,2.0,"","","","","",""
"A0714","Madera","Chowchilla","https://www.californiahealthmaps.org?address=A0714","Both","Pancreas",383970,12.1,8.5,16.8,137730,12.3,7.7,19.7,17740,"","","",211090,"","","","","","","",2,76794,29.9,21.6,22.1,35.8,4.7,2.0,55.3,2.0,"","","","","",""
