"Zone","Counties","Cities","URL","Sex","Cancer","PopTot","AAIR","LCI","UCI","White_PopTot","White_AAIR","White_LCI","White_UCI","Black_PopTot","Black_AAIR","Black_LCI","Black_UCI","Hispanic_PopTot","Hispanic_AAIR","Hispanic_LCI","Hispanic_UCI","Asian_PopTot","Asian_AAIR","Asian_LCI","Asian_UCI","QNSES","PopAll","PerRural","PerUninsured","PerForeignBorn","PerWhite","PerBlack","PerAsian","PerHispanic","PerAPI","PerDocvisit","PerFOBT","PerMammo","PerMenPrev","PerPap","PerWomenPrev"
"A0465","Monterey","Monterey","https://www.californiahealthmaps.org?address=A0465","Male","AllSite",204825,476.8,450.9,504.1,133055,490.8,460.9,523.3,"","","","",44025,408.8,315.1,525.0,13475,398.2,304.3,519.2,5,84144,9.6,15.1,20.3,65.6,3.1,8.3,19.7,8.3,"","","","","",""
"A0465","Monterey","Monterey","https://www.californiahealthmaps.org?address=A0465","Female","AllSite",215895,418.7,395.3,443.5,143940,413.9,386.6,444.0,"","","","",40895,415.0,333.0,514.6,17585,420.4,339.8,524.0,5,84144,9.6,15.1,20.3,65.6,3.1,8.3,19.7,8.3,"","","","","",""
"A0465","Monterey","Monterey","https://www.californiahealthmaps.org?address=A0465","Male","Prostate",204825,108.7,96.8,122.1,133055,110.6,97.3,126.7,"","","","",44025,106.2,58.8,179.0,13475,"","","",5,84144,9.6,15.1,20.3,65.6,3.1,8.3,19.7,8.3,"","","","","",""
"A0465","Monterey","Monterey","https://www.californiahealthmaps.org?address=A0465","Female","Breast",215895,147.7,133.7,163.2,143940,141.1,125.3,159.9,"","","","",40895,137.4,93.7,199.1,17585,161.6,113.5,234.5,5,84144,9.6,15.1,20.3,65.6,3.1,8.3,19.7,8.3,"","","","","",""
"A0465","Monterey","Monterey","https://www.californiahealthmaps.org?address=A0465","Male","Lung",204825,48.6,40.8,58.0,133055,47.9,39.5,59.2,"","","","",44025,"","","",13475,"","","",5,84144,9.6,15.1,20.3,65.6,3.1,8.3,19.7,8.3,"","","","","",""
"A0465","Monterey","Monterey","https://www.californiahealthmaps.org?address=A0465","Female","Lung",215895,35.1,29.1,42.5,143940,37.2,30.4,47.2,"","","","",40895,"","","",17585,"","","",5,84144,9.6,15.1,20.3,65.6,3.1,8.3,19.7,8.3,"","","","","",""
"A0465","Monterey","Monterey","https://www.californiahealthmaps.org?address=A0465","Male","CRC",204825,33.5,26.9,41.8,133055,33.5,25.7,44.3,"","","","",44025,"","","",13475,"","","",5,84144,9.6,15.1,20.3,65.6,3.1,8.3,19.7,8.3,"","","","","",""
"A0465","Monterey","Monterey","https://www.californiahealthmaps.org?address=A0465","Female","CRC",215895,25.7,20.4,32.4,143940,24.4,18.8,33.3,"","","","",40895,"","","",17585,"","","",5,84144,9.6,15.1,20.3,65.6,3.1,8.3,19.7,8.3,"","","","","",""
"A0465","Monterey","Monterey","https://www.californiahealthmaps.org?address=A0465","Male","Mela",204825,50.8,42.5,60.6,133055,56.8,47.1,69.5,"","","","",44025,"","","",13475,"","","",5,84144,9.6,15.1,20.3,65.6,3.1,8.3,19.7,8.3,"","","","","",""
"A0465","Monterey","Monterey","https://www.californiahealthmaps.org?address=A0465","Female","Mela",215895,28.0,22.2,35.3,143940,31.7,24.3,42.5,"","","","",40895,"","","",17585,"","","",5,84144,9.6,15.1,20.3,65.6,3.1,8.3,19.7,8.3,"","","","","",""
"A0465","Monterey","Monterey","https://www.californiahealthmaps.org?address=A0465","Female","Uterine",215895,27.7,22.1,34.7,143940,29.1,22.9,38.5,"","","","",40895,"","","",17585,"","","",5,84144,9.6,15.1,20.3,65.6,3.1,8.3,19.7,8.3,"","","","","",""
"A0465","Monterey","Monterey","https://www.californiahealthmaps.org?address=A0465","Male","Lymph",204825,26.6,20.9,34.0,133055,27.4,20.9,36.9,"","","","",44025,"","","",13475,"","","",5,84144,9.6,15.1,20.3,65.6,3.1,8.3,19.7,8.3,"","","","","",""
"A0465","Monterey","Monterey","https://www.californiahealthmaps.org?address=A0465","Female","Lymph",215895,18.4,13.9,24.4,143940,17.9,12.8,26.4,"","","","",40895,"","","",17585,"","","",5,84144,9.6,15.1,20.3,65.6,3.1,8.3,19.7,8.3,"","","","","",""
"A0465","Monterey","Monterey","https://www.californiahealthmaps.org?address=A0465","Male","Urinary",204825,20.6,15.6,27.2,133055,21.2,15.7,29.8,"","","","",44025,"","","",13475,"","","",5,84144,9.6,15.1,20.3,65.6,3.1,8.3,19.7,8.3,"","","","","",""
"A0465","Monterey","Monterey","https://www.californiahealthmaps.org?address=A0465","Female","Urinary",215895,"","","",143940,"","","","","","","",40895,"","","",17585,"","","",5,84144,9.6,15.1,20.3,65.6,3.1,8.3,19.7,8.3,"","","","","",""
"A0465","Monterey","Monterey","https://www.californiahealthmaps.org?address=A0465","Male","Kidney",204825,17.4,12.6,23.8,133055,19.1,13.3,28.2,"","","","",44025,"","","",13475,"","","",5,84144,9.6,15.1,20.3,65.6,3.1,8.3,19.7,8.3,"","","","","",""
"A0465","Monterey","Monterey","https://www.californiahealthmaps.org?address=A0465","Female","Kidney",215895,7.8,4.9,12.5,143940,5.7,3.4,12.0,"","","","",40895,"","","",17585,"","","",5,84144,9.6,15.1,20.3,65.6,3.1,8.3,19.7,8.3,"","","","","",""
"A0465","Monterey","Monterey","https://www.californiahealthmaps.org?address=A0465","Male","Thyroid",204825,5.7,3.1,10.2,133055,"","","","","","","",44025,"","","",13475,"","","",5,84144,9.6,15.1,20.3,65.6,3.1,8.3,19.7,8.3,"","","","","",""
"A0465","Monterey","Monterey","https://www.californiahealthmaps.org?address=A0465","Female","Thyroid",215895,20.6,15.2,27.9,143940,20.6,13.6,31.4,"","","","",40895,"","","",17585,"","","",5,84144,9.6,15.1,20.3,65.6,3.1,8.3,19.7,8.3,"","","","","",""
"A0465","Monterey","Monterey","https://www.californiahealthmaps.org?address=A0465","Male","Liver",204825,12.1,8.3,17.6,133055,9.4,5.8,16.6,"","","","",44025,"","","",13475,"","","",5,84144,9.6,15.1,20.3,65.6,3.1,8.3,19.7,8.3,"","","","","",""
"A0465","Monterey","Monterey","https://www.californiahealthmaps.org?address=A0465","Female","Liver",215895,4.1,2.2,7.8,143940,"","","","","","","",40895,"","","",17585,"","","",5,84144,9.6,15.1,20.3,65.6,3.1,8.3,19.7,8.3,"","","","","",""
"A0465","Monterey","Monterey","https://www.californiahealthmaps.org?address=A0465","Male","Pancreas",204825,13.0,9.0,18.6,133055,12.4,8.3,19.9,"","","","",44025,"","","",13475,"","","",5,84144,9.6,15.1,20.3,65.6,3.1,8.3,19.7,8.3,"","","","","",""
"A0465","Monterey","Monterey","https://www.californiahealthmaps.org?address=A0465","Female","Pancreas",215895,10.8,7.6,15.5,143940,10.5,7.2,17.5,"","","","",40895,"","","",17585,"","","",5,84144,9.6,15.1,20.3,65.6,3.1,8.3,19.7,8.3,"","","","","",""
"A0465","Monterey","Monterey","https://www.californiahealthmaps.org?address=A0465","Both","AllSite",420720,439.8,422.7,457.7,276995,444.3,424.3,465.6,12050,439.0,344.4,565.9,84920,398.8,338.5,468.4,31060,401.0,340.8,473.0,5,84144,9.6,15.1,20.3,65.6,3.1,8.3,19.7,8.3,"","","","","",""
"A0465","Monterey","Monterey","https://www.californiahealthmaps.org?address=A0465","Both","Lung",420720,41.0,36.1,46.6,276995,41.9,36.5,48.7,12050,"","","",84920,"","","",31060,36.5,20.5,66.5,5,84144,9.6,15.1,20.3,65.6,3.1,8.3,19.7,8.3,"","","","","",""
"A0465","Monterey","Monterey","https://www.californiahealthmaps.org?address=A0465","Both","CRC",420720,29.2,24.9,34.2,276995,28.5,23.7,34.8,12050,"","","",84920,"","","",31060,52.1,32.0,85.8,5,84144,9.6,15.1,20.3,65.6,3.1,8.3,19.7,8.3,"","","","","",""
"A0465","Monterey","Monterey","https://www.californiahealthmaps.org?address=A0465","Both","Mela",420720,37.5,32.7,43.2,276995,42.3,36.3,49.7,12050,"","","",84920,"","","",31060,"","","",5,84144,9.6,15.1,20.3,65.6,3.1,8.3,19.7,8.3,"","","","","",""
"A0465","Monterey","Monterey","https://www.californiahealthmaps.org?address=A0465","Both","Lymph",420720,22.0,18.3,26.4,276995,22.1,18.0,27.6,12050,"","","",84920,"","","",31060,"","","",5,84144,9.6,15.1,20.3,65.6,3.1,8.3,19.7,8.3,"","","","","",""
"A0465","Monterey","Monterey","https://www.californiahealthmaps.org?address=A0465","Both","Urinary",420720,10.1,7.8,13.2,276995,10.4,7.9,14.5,12050,"","","",84920,"","","",31060,"","","",5,84144,9.6,15.1,20.3,65.6,3.1,8.3,19.7,8.3,"","","","","",""
"A0465","Monterey","Monterey","https://www.californiahealthmaps.org?address=A0465","Both","Kidney",420720,12.1,9.4,15.7,276995,11.9,8.8,16.6,12050,"","","",84920,"","","",31060,"","","",5,84144,9.6,15.1,20.3,65.6,3.1,8.3,19.7,8.3,"","","","","",""
"A0465","Monterey","Monterey","https://www.californiahealthmaps.org?address=A0465","Both","Thyroid",420720,13.4,10.3,17.4,276995,14.0,9.9,19.8,12050,"","","",84920,"","","",31060,"","","",5,84144,9.6,15.1,20.3,65.6,3.1,8.3,19.7,8.3,"","","","","",""
"A0465","Monterey","Monterey","https://www.californiahealthmaps.org?address=A0465","Both","Liver",420720,7.7,5.6,10.6,276995,5.5,3.6,9.2,12050,"","","",84920,"","","",31060,"","","",5,84144,9.6,15.1,20.3,65.6,3.1,8.3,19.7,8.3,"","","","","",""
"A0465","Monterey","Monterey","https://www.californiahealthmaps.org?address=A0465","Both","Pancreas",420720,11.8,9.2,15.1,276995,11.4,8.7,15.6,12050,"","","",84920,"","","",31060,"","","",5,84144,9.6,15.1,20.3,65.6,3.1,8.3,19.7,8.3,"","","","","",""
