"Zone","Counties","Cities","URL","Sex","Cancer","PopTot","AAIR","LCI","UCI","White_PopTot","White_AAIR","White_LCI","White_UCI","Black_PopTot","Black_AAIR","Black_LCI","Black_UCI","Hispanic_PopTot","Hispanic_AAIR","Hispanic_LCI","Hispanic_UCI","Asian_PopTot","Asian_AAIR","Asian_LCI","Asian_UCI","QNSES","PopAll","PerRural","PerUninsured","PerForeignBorn","PerWhite","PerBlack","PerAsian","PerHispanic"
"A0421","Orange","Garden Grove","https://www.californiahealthmaps.org?address=A0421","Male","AllSite",172780,431.2,397.3,467.4,38740,520.7,460.4,591.4,"","","","",77560,373.2,303.7,457.1,49730,364.7,310.4,427.6,2,69396,0.0,21.8,42.2,23.1,1.9,31.0,41.9
"A0421","Orange","Garden Grove","https://www.californiahealthmaps.org?address=A0421","Female","AllSite",174200,393.0,364.0,423.8,40905,417.4,366.4,478.9,"","","","",74445,414.7,353.9,484.5,52100,347.8,300.1,401.7,2,69396,0.0,21.8,42.2,23.1,1.9,31.0,41.9
"A0421","Orange","Garden Grove","https://www.californiahealthmaps.org?address=A0421","Male","Prostate",172780,80.8,66.4,97.6,38740,92.1,68.7,127.1,"","","","",77560,89.0,57.1,136.5,49730,40.4,23.7,66.7,2,69396,0.0,21.8,42.2,23.1,1.9,31.0,41.9
"A0421","Orange","Garden Grove","https://www.californiahealthmaps.org?address=A0421","Female","Breast",174200,114.4,99.1,131.6,40905,121.3,93.6,160.8,"","","","",74445,108.7,79.6,146.8,52100,110.0,84.4,141.9,2,69396,0.0,21.8,42.2,23.1,1.9,31.0,41.9
"A0421","Orange","Garden Grove","https://www.californiahealthmaps.org?address=A0421","Male","Lung",172780,48.4,37.4,61.9,38740,50.5,33.9,79.5,"","","","",77560,"","","",49730,64.2,43.2,94.1,2,69396,0.0,21.8,42.2,23.1,1.9,31.0,41.9
"A0421","Orange","Garden Grove","https://www.californiahealthmaps.org?address=A0421","Female","Lung",174200,39.8,30.9,50.8,40905,55.1,38.8,83.9,"","","","",74445,"","","",52100,35.5,21.2,56.7,2,69396,0.0,21.8,42.2,23.1,1.9,31.0,41.9
"A0421","Orange","Garden Grove","https://www.californiahealthmaps.org?address=A0421","Male","CRC",172780,47.4,36.5,60.7,38740,52.7,35.6,82.2,"","","","",77560,"","","",49730,54.2,35.0,82.6,2,69396,0.0,21.8,42.2,23.1,1.9,31.0,41.9
"A0421","Orange","Garden Grove","https://www.californiahealthmaps.org?address=A0421","Female","CRC",174200,40.2,31.1,51.2,40905,43.7,29.4,70.9,"","","","",74445,37.7,21.0,64.3,52100,31.0,17.9,50.9,2,69396,0.0,21.8,42.2,23.1,1.9,31.0,41.9
"A0421","Orange","Garden Grove","https://www.californiahealthmaps.org?address=A0421","Male","Mela",172780,22.5,15.3,32.2,38740,55.4,37.0,86.3,"","","","",77560,"","","",49730,"","","",2,69396,0.0,21.8,42.2,23.1,1.9,31.0,41.9
"A0421","Orange","Garden Grove","https://www.californiahealthmaps.org?address=A0421","Female","Mela",174200,8.7,4.8,14.6,40905,"","","","","","","",74445,"","","",52100,"","","",2,69396,0.0,21.8,42.2,23.1,1.9,31.0,41.9
"A0421","Orange","Garden Grove","https://www.californiahealthmaps.org?address=A0421","Female","Uterine",174200,33.0,25.2,42.8,40905,50.5,34.1,79.7,"","","","",74445,"","","",52100,"","","",2,69396,0.0,21.8,42.2,23.1,1.9,31.0,41.9
"A0421","Orange","Garden Grove","https://www.californiahealthmaps.org?address=A0421","Male","Lymph",172780,27.6,19.4,38.4,38740,35.1,21.2,62.3,"","","","",77560,"","","",49730,"","","",2,69396,0.0,21.8,42.2,23.1,1.9,31.0,41.9
"A0421","Orange","Garden Grove","https://www.californiahealthmaps.org?address=A0421","Female","Lymph",174200,13.9,8.7,21.1,40905,"","","","","","","",74445,"","","",52100,"","","",2,69396,0.0,21.8,42.2,23.1,1.9,31.0,41.9
"A0421","Orange","Garden Grove","https://www.californiahealthmaps.org?address=A0421","Male","Urinary",172780,11.9,6.8,19.6,38740,"","","","","","","",77560,"","","",49730,"","","",2,69396,0.0,21.8,42.2,23.1,1.9,31.0,41.9
"A0421","Orange","Garden Grove","https://www.californiahealthmaps.org?address=A0421","Female","Urinary",174200,0.5,0.0,3.5,40905,"","","","","","","",74445,"","","",52100,"","","",2,69396,0.0,21.8,42.2,23.1,1.9,31.0,41.9
"A0421","Orange","Garden Grove","https://www.californiahealthmaps.org?address=A0421","Male","Kidney",172780,20.2,13.8,29.0,38740,27.1,14.9,53.1,"","","","",77560,"","","",49730,"","","",2,69396,0.0,21.8,42.2,23.1,1.9,31.0,41.9
"A0421","Orange","Garden Grove","https://www.californiahealthmaps.org?address=A0421","Female","Kidney",174200,10.8,6.4,17.2,40905,"","","","","","","",74445,"","","",52100,"","","",2,69396,0.0,21.8,42.2,23.1,1.9,31.0,41.9
"A0421","Orange","Garden Grove","https://www.californiahealthmaps.org?address=A0421","Male","Thyroid",172780,8.1,4.1,14.7,38740,"","","","","","","",77560,"","","",49730,"","","",2,69396,0.0,21.8,42.2,23.1,1.9,31.0,41.9
"A0421","Orange","Garden Grove","https://www.californiahealthmaps.org?address=A0421","Female","Thyroid",174200,21.0,14.7,29.2,40905,"","","","","","","",74445,"","","",52100,"","","",2,69396,0.0,21.8,42.2,23.1,1.9,31.0,41.9
"A0421","Orange","Garden Grove","https://www.californiahealthmaps.org?address=A0421","Both","AllSite",346980,405.0,383.3,427.8,79645,458.6,419.9,502.4,"","","","",152005,387.4,342.1,437.8,101830,355.4,319.3,394.9,2,69396,0.0,21.8,42.2,23.1,1.9,31.0,41.9
"A0421","Orange","Garden Grove","https://www.californiahealthmaps.org?address=A0421","Both","Lung",346980,44.0,36.9,52.2,79645,53.6,41.6,71.3,"","","","",152005,"","","",101830,48.5,35.9,64.7,2,69396,0.0,21.8,42.2,23.1,1.9,31.0,41.9
"A0421","Orange","Garden Grove","https://www.californiahealthmaps.org?address=A0421","Both","CRC",346980,42.9,35.9,50.9,79645,47.7,36.5,64.7,"","","","",152005,34.3,21.6,52.7,101830,42.4,30.5,57.9,2,69396,0.0,21.8,42.2,23.1,1.9,31.0,41.9
"A0421","Orange","Garden Grove","https://www.californiahealthmaps.org?address=A0421","Both","Mela",346980,14.6,10.7,19.5,79645,34.0,23.9,50.1,"","","","",152005,"","","",101830,"","","",2,69396,0.0,21.8,42.2,23.1,1.9,31.0,41.9
"A0421","Orange","Garden Grove","https://www.californiahealthmaps.org?address=A0421","Both","Lymph",346980,19.5,14.9,25.2,79645,19.5,12.4,33.2,"","","","",152005,18.6,9.6,33.7,101830,19.9,11.8,31.7,2,69396,0.0,21.8,42.2,23.1,1.9,31.0,41.9
"A0421","Orange","Garden Grove","https://www.californiahealthmaps.org?address=A0421","Both","Urinary",346980,5.4,3.2,8.8,79645,"","","","","","","",152005,"","","",101830,"","","",2,69396,0.0,21.8,42.2,23.1,1.9,31.0,41.9
"A0421","Orange","Garden Grove","https://www.californiahealthmaps.org?address=A0421","Both","Kidney",346980,15.5,11.5,20.5,79645,17.2,10.4,30.8,"","","","",152005,25.2,14.8,41.3,101830,"","","",2,69396,0.0,21.8,42.2,23.1,1.9,31.0,41.9
"A0421","Orange","Garden Grove","https://www.californiahealthmaps.org?address=A0421","Both","Thyroid",346980,14.4,10.6,19.2,79645,"","","","","","","",152005,15.9,8.6,28.5,101830,16.7,9.8,27.2,2,69396,0.0,21.8,42.2,23.1,1.9,31.0,41.9
