"Zone","Counties","Cities","URL","Sex","Cancer","PopTot","AAIR","LCI","UCI","White_PopTot","White_AAIR","White_LCI","White_UCI","Black_PopTot","Black_AAIR","Black_LCI","Black_UCI","Hispanic_PopTot","Hispanic_AAIR","Hispanic_LCI","Hispanic_UCI","Asian_PopTot","Asian_AAIR","Asian_LCI","Asian_UCI","QNSES","PopAll","PerRural","PerUninsured","PerForeignBorn","PerWhite","PerBlack","PerAsian","PerHispanic","PerAPI","PerDocvisit","PerFOBT","PerMammo","PerMenPrev","PerPap","PerWomenPrev"
"A0029","Orange","Orange, Anaheim","https://www.californiahealthmaps.org?address=A0029","Male","AllSite",154130,473.3,432.3,517.6,50975,512.6,456.4,577.6,"","","","",80230,449.5,365.0,553.7,16485,423.2,311.3,566.6,3,61413,0.0,20.8,32.5,31.4,2.1,12.7,51.7,12.7,62.1,59.6,78.9,33.3,82.4,27.8
"A0029","Orange","Orange, Anaheim","https://www.californiahealthmaps.org?address=A0029","Female","AllSite",152935,408.4,374.3,445.0,51005,462.7,410.1,524.5,"","","","",77950,390.6,330.1,460.9,17590,287.8,209.7,390.8,3,61413,0.0,20.8,32.5,31.4,2.1,12.7,51.7,12.7,62.1,59.6,78.9,33.3,82.4,27.8
"A0029","Orange","Orange, Anaheim","https://www.californiahealthmaps.org?address=A0029","Male","Prostate",154130,109.2,89.5,132.2,50975,106.8,82.2,141.1,"","","","",80230,143.5,93.1,216.7,16485,"","","",3,61413,0.0,20.8,32.5,31.4,2.1,12.7,51.7,12.7,62.1,59.6,78.9,33.3,82.4,27.8
"A0029","Orange","Orange, Anaheim","https://www.californiahealthmaps.org?address=A0029","Female","Breast",152935,119.4,101.5,139.9,51005,126.4,99.9,162.9,"","","","",77950,115.1,85.5,154.3,17590,"","","",3,61413,0.0,20.8,32.5,31.4,2.1,12.7,51.7,12.7,62.1,59.6,78.9,33.3,82.4,27.8
"A0029","Orange","Orange, Anaheim","https://www.californiahealthmaps.org?address=A0029","Male","Lung",154130,62.5,47.6,80.9,50975,69.5,49.7,99.3,"","","","",80230,"","","",16485,"","","",3,61413,0.0,20.8,32.5,31.4,2.1,12.7,51.7,12.7,62.1,59.6,78.9,33.3,82.4,27.8
"A0029","Orange","Orange, Anaheim","https://www.californiahealthmaps.org?address=A0029","Female","Lung",152935,40.4,29.8,53.7,51005,43.6,29.5,68.8,"","","","",77950,"","","",17590,"","","",3,61413,0.0,20.8,32.5,31.4,2.1,12.7,51.7,12.7,62.1,59.6,78.9,33.3,82.4,27.8
"A0029","Orange","Orange, Anaheim","https://www.californiahealthmaps.org?address=A0029","Male","CRC",154130,36.6,26.2,50.3,50975,39.2,24.9,64.2,"","","","",80230,39.8,21.0,81.1,16485,"","","",3,61413,0.0,20.8,32.5,31.4,2.1,12.7,51.7,12.7,62.1,59.6,78.9,33.3,82.4,27.8
"A0029","Orange","Orange, Anaheim","https://www.californiahealthmaps.org?address=A0029","Female","CRC",152935,28.5,20.0,39.7,51005,41.3,27.0,66.8,"","","","",77950,"","","",17590,"","","",3,61413,0.0,20.8,32.5,31.4,2.1,12.7,51.7,12.7,62.1,59.6,78.9,33.3,82.4,27.8
"A0029","Orange","Orange, Anaheim","https://www.californiahealthmaps.org?address=A0029","Male","Mela",154130,29.1,19.6,42.1,50975,44.5,29.0,70.6,"","","","",80230,"","","",16485,"","","",3,61413,0.0,20.8,32.5,31.4,2.1,12.7,51.7,12.7,62.1,59.6,78.9,33.3,82.4,27.8
"A0029","Orange","Orange, Anaheim","https://www.californiahealthmaps.org?address=A0029","Female","Mela",152935,18.4,11.8,27.6,51005,37.7,23.1,64.1,"","","","",77950,"","","",17590,"","","",3,61413,0.0,20.8,32.5,31.4,2.1,12.7,51.7,12.7,62.1,59.6,78.9,33.3,82.4,27.8
"A0029","Orange","Orange, Anaheim","https://www.californiahealthmaps.org?address=A0029","Female","Uterine",152935,25.7,17.7,36.3,51005,30.3,18.2,54.1,"","","","",77950,"","","",17590,"","","",3,61413,0.0,20.8,32.5,31.4,2.1,12.7,51.7,12.7,62.1,59.6,78.9,33.3,82.4,27.8
"A0029","Orange","Orange, Anaheim","https://www.californiahealthmaps.org?address=A0029","Male","Lymph",154130,25.5,16.9,37.5,50975,24.5,13.9,46.3,"","","","",80230,"","","",16485,"","","",3,61413,0.0,20.8,32.5,31.4,2.1,12.7,51.7,12.7,62.1,59.6,78.9,33.3,82.4,27.8
"A0029","Orange","Orange, Anaheim","https://www.californiahealthmaps.org?address=A0029","Female","Lymph",152935,16.4,10.1,25.4,51005,"","","","","","","",77950,"","","",17590,"","","",3,61413,0.0,20.8,32.5,31.4,2.1,12.7,51.7,12.7,62.1,59.6,78.9,33.3,82.4,27.8
"A0029","Orange","Orange, Anaheim","https://www.californiahealthmaps.org?address=A0029","Male","Urinary",154130,17.1,10.0,27.9,50975,"","","","","","","",80230,"","","",16485,"","","",3,61413,0.0,20.8,32.5,31.4,2.1,12.7,51.7,12.7,62.1,59.6,78.9,33.3,82.4,27.8
"A0029","Orange","Orange, Anaheim","https://www.californiahealthmaps.org?address=A0029","Female","Urinary",152935,"","","",51005,"","","","","","","",77950,"","","",17590,"","","",3,61413,0.0,20.8,32.5,31.4,2.1,12.7,51.7,12.7,62.1,59.6,78.9,33.3,82.4,27.8
"A0029","Orange","Orange, Anaheim","https://www.californiahealthmaps.org?address=A0029","Male","Kidney",154130,26.2,17.5,38.4,50975,32.1,19.5,55.6,"","","","",80230,"","","",16485,"","","",3,61413,0.0,20.8,32.5,31.4,2.1,12.7,51.7,12.7,62.1,59.6,78.9,33.3,82.4,27.8
"A0029","Orange","Orange, Anaheim","https://www.californiahealthmaps.org?address=A0029","Female","Kidney",152935,12.8,7.3,21.0,51005,"","","","","","","",77950,"","","",17590,"","","",3,61413,0.0,20.8,32.5,31.4,2.1,12.7,51.7,12.7,62.1,59.6,78.9,33.3,82.4,27.8
"A0029","Orange","Orange, Anaheim","https://www.californiahealthmaps.org?address=A0029","Male","Thyroid",154130,"","","",50975,"","","","","","","",80230,"","","",16485,"","","",3,61413,0.0,20.8,32.5,31.4,2.1,12.7,51.7,12.7,62.1,59.6,78.9,33.3,82.4,27.8
"A0029","Orange","Orange, Anaheim","https://www.californiahealthmaps.org?address=A0029","Female","Thyroid",152935,19.6,13.1,28.6,51005,"","","","","","","",77950,"","","",17590,"","","",3,61413,0.0,20.8,32.5,31.4,2.1,12.7,51.7,12.7,62.1,59.6,78.9,33.3,82.4,27.8
"A0029","Orange","Orange, Anaheim","https://www.californiahealthmaps.org?address=A0029","Male","Liver",154130,14.8,8.8,24.2,50975,"","","","","","","",80230,"","","",16485,"","","",3,61413,0.0,20.8,32.5,31.4,2.1,12.7,51.7,12.7,62.1,59.6,78.9,33.3,82.4,27.8
"A0029","Orange","Orange, Anaheim","https://www.californiahealthmaps.org?address=A0029","Female","Liver",152935,"","","",51005,"","","","","","","",77950,"","","",17590,"","","",3,61413,0.0,20.8,32.5,31.4,2.1,12.7,51.7,12.7,62.1,59.6,78.9,33.3,82.4,27.8
"A0029","Orange","Orange, Anaheim","https://www.californiahealthmaps.org?address=A0029","Male","Pancreas",154130,"","","",50975,"","","","","","","",80230,"","","",16485,"","","",3,61413,0.0,20.8,32.5,31.4,2.1,12.7,51.7,12.7,62.1,59.6,78.9,33.3,82.4,27.8
"A0029","Orange","Orange, Anaheim","https://www.californiahealthmaps.org?address=A0029","Female","Pancreas",152935,"","","",51005,"","","","","","","",77950,"","","",17590,"","","",3,61413,0.0,20.8,32.5,31.4,2.1,12.7,51.7,12.7,62.1,59.6,78.9,33.3,82.4,27.8
"A0029","Orange","Orange, Anaheim","https://www.californiahealthmaps.org?address=A0029","Both","AllSite",307065,432.9,406.8,460.4,101980,480.0,442.0,522.4,"","","","",158180,404.9,356.3,459.7,34075,342.3,276.2,420.9,3,61413,0.0,20.8,32.5,31.4,2.1,12.7,51.7,12.7,62.1,59.6,78.9,33.3,82.4,27.8
"A0029","Orange","Orange, Anaheim","https://www.californiahealthmaps.org?address=A0029","Both","Lung",307065,49.9,40.9,60.3,101980,54.8,42.7,71.7,"","","","",158180,44.6,28.2,68.5,34075,"","","",3,61413,0.0,20.8,32.5,31.4,2.1,12.7,51.7,12.7,62.1,59.6,78.9,33.3,82.4,27.8
"A0029","Orange","Orange, Anaheim","https://www.californiahealthmaps.org?address=A0029","Both","CRC",307065,32.8,25.9,41.1,101980,40.6,30.1,56.1,"","","","",158180,26.4,15.4,44.5,34075,"","","",3,61413,0.0,20.8,32.5,31.4,2.1,12.7,51.7,12.7,62.1,59.6,78.9,33.3,82.4,27.8
"A0029","Orange","Orange, Anaheim","https://www.californiahealthmaps.org?address=A0029","Both","Mela",307065,22.9,17.2,30.0,101980,40.0,29.3,55.8,"","","","",158180,"","","",34075,"","","",3,61413,0.0,20.8,32.5,31.4,2.1,12.7,51.7,12.7,62.1,59.6,78.9,33.3,82.4,27.8
"A0029","Orange","Orange, Anaheim","https://www.californiahealthmaps.org?address=A0029","Both","Lymph",307065,20.7,15.3,27.5,101980,22.0,14.8,34.6,"","","","",158180,19.3,10.5,35.1,34075,"","","",3,61413,0.0,20.8,32.5,31.4,2.1,12.7,51.7,12.7,62.1,59.6,78.9,33.3,82.4,27.8
"A0029","Orange","Orange, Anaheim","https://www.californiahealthmaps.org?address=A0029","Both","Urinary",307065,11.1,7.1,16.6,101980,13.7,8.1,25.1,"","","","",158180,"","","",34075,"","","",3,61413,0.0,20.8,32.5,31.4,2.1,12.7,51.7,12.7,62.1,59.6,78.9,33.3,82.4,27.8
"A0029","Orange","Orange, Anaheim","https://www.californiahealthmaps.org?address=A0029","Both","Kidney",307065,18.7,13.7,25.2,101980,22.1,14.9,34.7,"","","","",158180,"","","",34075,"","","",3,61413,0.0,20.8,32.5,31.4,2.1,12.7,51.7,12.7,62.1,59.6,78.9,33.3,82.4,27.8
"A0029","Orange","Orange, Anaheim","https://www.californiahealthmaps.org?address=A0029","Both","Thyroid",307065,13.4,9.4,18.7,101980,15.6,9.3,27.6,"","","","",158180,13.2,6.8,26.7,34075,"","","",3,61413,0.0,20.8,32.5,31.4,2.1,12.7,51.7,12.7,62.1,59.6,78.9,33.3,82.4,27.8
"A0029","Orange","Orange, Anaheim","https://www.californiahealthmaps.org?address=A0029","Both","Liver",307065,11.6,7.8,16.9,101980,"","","","","","","",158180,"","","",34075,"","","",3,61413,0.0,20.8,32.5,31.4,2.1,12.7,51.7,12.7,62.1,59.6,78.9,33.3,82.4,27.8
"A0029","Orange","Orange, Anaheim","https://www.californiahealthmaps.org?address=A0029","Both","Pancreas",307065,11.7,7.6,17.4,101980,"","","","","","","",158180,"","","",34075,"","","",3,61413,0.0,20.8,32.5,31.4,2.1,12.7,51.7,12.7,62.1,59.6,78.9,33.3,82.4,27.8
