"Zone","Counties","Cities","URL","Sex","Cancer","PopTot","AAIR","LCI","UCI","White_PopTot","White_AAIR","White_LCI","White_UCI","Black_PopTot","Black_AAIR","Black_LCI","Black_UCI","Hispanic_PopTot","Hispanic_AAIR","Hispanic_LCI","Hispanic_UCI","Asian_PopTot","Asian_AAIR","Asian_LCI","Asian_UCI","QNSES","PopAll","PerRural","PerUninsured","PerForeignBorn","PerWhite","PerBlack","PerAsian","PerHispanic"
"A0122","Placer","Loomis, Rocklin, Roseville","https://www.californiahealthmaps.org?address=A0122","Male","AllSite",136945,573.7,531.8,618.2,104215,573.5,528.1,622.1,"","","","",16145,624.9,452.8,851.8,"","","","",4,56264,1.4,8.6,9.2,78.0,1.2,6.8,10.8
"A0122","Placer","Loomis, Rocklin, Roseville","https://www.californiahealthmaps.org?address=A0122","Female","AllSite",144375,470.0,436.4,505.7,109310,471.4,434.3,511.3,"","","","",17250,498.8,370.5,665.9,10340,423.3,300.3,588.7,4,56264,1.4,8.6,9.2,78.0,1.2,6.8,10.8
"A0122","Placer","Loomis, Rocklin, Roseville","https://www.californiahealthmaps.org?address=A0122","Male","Prostate",136945,149.1,128.5,172.3,104215,144.1,122.2,169.1,"","","","",16145,"","","","","","","",4,56264,1.4,8.6,9.2,78.0,1.2,6.8,10.8
"A0122","Placer","Loomis, Rocklin, Roseville","https://www.californiahealthmaps.org?address=A0122","Female","Breast",144375,146.8,128.4,167.3,109310,149.3,129.0,172.4,"","","","",17250,170.0,97.4,285.2,10340,"","","",4,56264,1.4,8.6,9.2,78.0,1.2,6.8,10.8
"A0122","Placer","Loomis, Rocklin, Roseville","https://www.californiahealthmaps.org?address=A0122","Male","Lung",136945,71.1,56.4,88.7,104215,75.3,59.0,94.8,"","","","",16145,"","","","","","","",4,56264,1.4,8.6,9.2,78.0,1.2,6.8,10.8
"A0122","Placer","Loomis, Rocklin, Roseville","https://www.californiahealthmaps.org?address=A0122","Female","Lung",144375,47.7,37.3,60.4,109310,52.4,40.6,67.2,"","","","",17250,"","","",10340,"","","",4,56264,1.4,8.6,9.2,78.0,1.2,6.8,10.8
"A0122","Placer","Loomis, Rocklin, Roseville","https://www.californiahealthmaps.org?address=A0122","Male","CRC",136945,41.0,30.5,54.3,104215,39.0,27.9,53.4,"","","","",16145,"","","","","","","",4,56264,1.4,8.6,9.2,78.0,1.2,6.8,10.8
"A0122","Placer","Loomis, Rocklin, Roseville","https://www.californiahealthmaps.org?address=A0122","Female","CRC",144375,33.8,25.3,44.5,109310,37.0,27.4,49.5,"","","","",17250,"","","",10340,"","","",4,56264,1.4,8.6,9.2,78.0,1.2,6.8,10.8
"A0122","Placer","Loomis, Rocklin, Roseville","https://www.californiahealthmaps.org?address=A0122","Male","Mela",136945,60.1,47.0,75.9,104215,62.4,48.0,80.1,"","","","",16145,"","","","","","","",4,56264,1.4,8.6,9.2,78.0,1.2,6.8,10.8
"A0122","Placer","Loomis, Rocklin, Roseville","https://www.californiahealthmaps.org?address=A0122","Female","Mela",144375,35.7,26.8,46.9,109310,37.3,26.9,50.8,"","","","",17250,"","","",10340,"","","",4,56264,1.4,8.6,9.2,78.0,1.2,6.8,10.8
"A0122","Placer","Loomis, Rocklin, Roseville","https://www.californiahealthmaps.org?address=A0122","Female","Uterine",144375,33.9,25.7,44.3,109310,31.6,23.0,43.2,"","","","",17250,"","","",10340,"","","",4,56264,1.4,8.6,9.2,78.0,1.2,6.8,10.8
"A0122","Placer","Loomis, Rocklin, Roseville","https://www.californiahealthmaps.org?address=A0122","Male","Lymph",136945,30.8,21.8,42.5,104215,29.9,20.4,42.7,"","","","",16145,"","","","","","","",4,56264,1.4,8.6,9.2,78.0,1.2,6.8,10.8
"A0122","Placer","Loomis, Rocklin, Roseville","https://www.californiahealthmaps.org?address=A0122","Female","Lymph",144375,13.1,7.9,20.5,109310,15.7,9.5,25.0,"","","","",17250,"","","",10340,"","","",4,56264,1.4,8.6,9.2,78.0,1.2,6.8,10.8
"A0122","Placer","Loomis, Rocklin, Roseville","https://www.californiahealthmaps.org?address=A0122","Male","Urinary",136945,21.8,13.9,32.7,104215,24.3,15.4,36.8,"","","","",16145,"","","","","","","",4,56264,1.4,8.6,9.2,78.0,1.2,6.8,10.8
"A0122","Placer","Loomis, Rocklin, Roseville","https://www.californiahealthmaps.org?address=A0122","Female","Urinary",144375,4.5,1.8,9.6,109310,"","","","","","","",17250,"","","",10340,"","","",4,56264,1.4,8.6,9.2,78.0,1.2,6.8,10.8
"A0122","Placer","Loomis, Rocklin, Roseville","https://www.californiahealthmaps.org?address=A0122","Male","Kidney",136945,26.8,18.7,37.6,104215,24.1,15.7,35.7,"","","","",16145,"","","","","","","",4,56264,1.4,8.6,9.2,78.0,1.2,6.8,10.8
"A0122","Placer","Loomis, Rocklin, Roseville","https://www.californiahealthmaps.org?address=A0122","Female","Kidney",144375,11.4,6.7,18.4,109310,"","","","","","","",17250,"","","",10340,"","","",4,56264,1.4,8.6,9.2,78.0,1.2,6.8,10.8
"A0122","Placer","Loomis, Rocklin, Roseville","https://www.californiahealthmaps.org?address=A0122","Male","Thyroid",136945,9.9,5.1,17.7,104215,"","","","","","","",16145,"","","","","","","",4,56264,1.4,8.6,9.2,78.0,1.2,6.8,10.8
"A0122","Placer","Loomis, Rocklin, Roseville","https://www.californiahealthmaps.org?address=A0122","Female","Thyroid",144375,23.1,16.1,32.3,109310,21.2,13.7,31.8,"","","","",17250,"","","",10340,"","","",4,56264,1.4,8.6,9.2,78.0,1.2,6.8,10.8
"A0122","Placer","Loomis, Rocklin, Roseville","https://www.californiahealthmaps.org?address=A0122","Both","AllSite",281320,511.0,484.8,538.2,213525,511.7,483.0,541.8,"","","","",33395,550.0,444.3,677.9,19055,378.6,288.7,491.8,4,56264,1.4,8.6,9.2,78.0,1.2,6.8,10.8
"A0122","Placer","Loomis, Rocklin, Roseville","https://www.californiahealthmaps.org?address=A0122","Both","Lung",281320,56.9,48.2,66.8,213525,61.6,51.8,72.8,"","","","",33395,"","","",19055,"","","",4,56264,1.4,8.6,9.2,78.0,1.2,6.8,10.8
"A0122","Placer","Loomis, Rocklin, Roseville","https://www.californiahealthmaps.org?address=A0122","Both","CRC",281320,37.1,30.4,45.1,213525,37.9,30.4,46.7,"","","","",33395,"","","",19055,"","","",4,56264,1.4,8.6,9.2,78.0,1.2,6.8,10.8
"A0122","Placer","Loomis, Rocklin, Roseville","https://www.californiahealthmaps.org?address=A0122","Both","Mela",281320,45.4,37.8,54.1,213525,47.4,38.8,57.4,"","","","",33395,"","","",19055,"","","",4,56264,1.4,8.6,9.2,78.0,1.2,6.8,10.8
"A0122","Placer","Loomis, Rocklin, Roseville","https://www.californiahealthmaps.org?address=A0122","Both","Lymph",281320,21.0,16.0,27.3,213525,22.2,16.6,29.4,"","","","",33395,"","","",19055,"","","",4,56264,1.4,8.6,9.2,78.0,1.2,6.8,10.8
"A0122","Placer","Loomis, Rocklin, Roseville","https://www.californiahealthmaps.org?address=A0122","Both","Urinary",281320,11.8,8.0,16.9,213525,12.6,8.3,18.4,"","","","",33395,"","","",19055,"","","",4,56264,1.4,8.6,9.2,78.0,1.2,6.8,10.8
"A0122","Placer","Loomis, Rocklin, Roseville","https://www.californiahealthmaps.org?address=A0122","Both","Kidney",281320,18.2,13.6,23.8,213525,16.2,11.5,22.4,"","","","",33395,"","","",19055,"","","",4,56264,1.4,8.6,9.2,78.0,1.2,6.8,10.8
"A0122","Placer","Loomis, Rocklin, Roseville","https://www.californiahealthmaps.org?address=A0122","Both","Thyroid",281320,16.6,12.2,22.2,213525,16.2,11.3,22.7,"","","","",33395,"","","",19055,"","","",4,56264,1.4,8.6,9.2,78.0,1.2,6.8,10.8
