"Zone","Counties","Cities","URL","Sex","Cancer","PopTot","AAIR","LCI","UCI","White_PopTot","White_AAIR","White_LCI","White_UCI","Black_PopTot","Black_AAIR","Black_LCI","Black_UCI","Hispanic_PopTot","Hispanic_AAIR","Hispanic_LCI","Hispanic_UCI","Asian_PopTot","Asian_AAIR","Asian_LCI","Asian_UCI","QNSES","PopAll","PerRural","PerUninsured","PerForeignBorn","PerWhite","PerBlack","PerAsian","PerHispanic"
"A0484","Los Angeles","El Segundo, Manhattan Beach","https://www.californiahealthmaps.org?address=A0484","Male","AllSite",155480,543.0,505.5,582.9,122625,536.7,496.7,579.6,"","","","",13165,505.3,344.4,738.5,11270,420.9,278.2,626.9,5,61727,0.0,5.8,11.1,77.0,0.9,7.6,10.0
"A0484","Los Angeles","El Segundo, Manhattan Beach","https://www.californiahealthmaps.org?address=A0484","Female","AllSite",153155,470.6,437.4,506.0,114350,457.6,421.5,496.8,"","","","",15255,529.1,397.8,696.5,14975,444.0,332.6,595.2,5,61727,0.0,5.8,11.1,77.0,0.9,7.6,10.0
"A0484","Los Angeles","El Segundo, Manhattan Beach","https://www.californiahealthmaps.org?address=A0484","Male","Prostate",155480,133.4,115.8,153.5,122625,122.1,104.1,143.0,"","","","",13165,"","","",11270,"","","",5,61727,0.0,5.8,11.1,77.0,0.9,7.6,10.0
"A0484","Los Angeles","El Segundo, Manhattan Beach","https://www.californiahealthmaps.org?address=A0484","Female","Breast",153155,179.2,159.4,201.4,114350,179.1,157.0,204.1,"","","","",15255,189.9,120.2,295.7,14975,170.8,111.9,270.5,5,61727,0.0,5.8,11.1,77.0,0.9,7.6,10.0
"A0484","Los Angeles","El Segundo, Manhattan Beach","https://www.californiahealthmaps.org?address=A0484","Male","Lung",155480,48.6,37.3,62.6,122625,49.5,37.3,65.0,"","","","",13165,"","","",11270,"","","",5,61727,0.0,5.8,11.1,77.0,0.9,7.6,10.0
"A0484","Los Angeles","El Segundo, Manhattan Beach","https://www.californiahealthmaps.org?address=A0484","Female","Lung",153155,43.2,33.3,55.7,114350,43.9,33.2,58.0,"","","","",15255,"","","",14975,"","","",5,61727,0.0,5.8,11.1,77.0,0.9,7.6,10.0
"A0484","Los Angeles","El Segundo, Manhattan Beach","https://www.californiahealthmaps.org?address=A0484","Male","CRC",155480,36.6,27.4,48.4,122625,33.6,24.3,46.1,"","","","",13165,"","","",11270,"","","",5,61727,0.0,5.8,11.1,77.0,0.9,7.6,10.0
"A0484","Los Angeles","El Segundo, Manhattan Beach","https://www.californiahealthmaps.org?address=A0484","Female","CRC",153155,22.3,15.4,31.9,114350,19.2,12.3,29.5,"","","","",15255,"","","",14975,"","","",5,61727,0.0,5.8,11.1,77.0,0.9,7.6,10.0
"A0484","Los Angeles","El Segundo, Manhattan Beach","https://www.californiahealthmaps.org?address=A0484","Male","Mela",155480,62.0,49.7,76.8,122625,64.8,51.3,81.6,"","","","",13165,"","","",11270,"","","",5,61727,0.0,5.8,11.1,77.0,0.9,7.6,10.0
"A0484","Los Angeles","El Segundo, Manhattan Beach","https://www.californiahealthmaps.org?address=A0484","Female","Mela",153155,40.6,31.0,52.6,114350,38.5,28.3,52.1,"","","","",15255,"","","",14975,"","","",5,61727,0.0,5.8,11.1,77.0,0.9,7.6,10.0
"A0484","Los Angeles","El Segundo, Manhattan Beach","https://www.californiahealthmaps.org?address=A0484","Female","Uterine",153155,26.1,18.9,35.8,114350,25.5,17.8,36.4,"","","","",15255,"","","",14975,"","","",5,61727,0.0,5.8,11.1,77.0,0.9,7.6,10.0
"A0484","Los Angeles","El Segundo, Manhattan Beach","https://www.californiahealthmaps.org?address=A0484","Male","Lymph",155480,36.2,26.9,48.1,122625,35.0,25.1,48.1,"","","","",13165,"","","",11270,"","","",5,61727,0.0,5.8,11.1,77.0,0.9,7.6,10.0
"A0484","Los Angeles","El Segundo, Manhattan Beach","https://www.californiahealthmaps.org?address=A0484","Female","Lymph",153155,16.1,10.3,24.5,114350,15.0,8.9,24.6,"","","","",15255,"","","",14975,"","","",5,61727,0.0,5.8,11.1,77.0,0.9,7.6,10.0
"A0484","Los Angeles","El Segundo, Manhattan Beach","https://www.californiahealthmaps.org?address=A0484","Male","Urinary",155480,22.4,15.1,32.4,122625,23.7,15.7,35.0,"","","","",13165,"","","",11270,"","","",5,61727,0.0,5.8,11.1,77.0,0.9,7.6,10.0
"A0484","Los Angeles","El Segundo, Manhattan Beach","https://www.californiahealthmaps.org?address=A0484","Female","Urinary",153155,3.2,1.0,8.3,114350,"","","","","","","",15255,"","","",14975,"","","",5,61727,0.0,5.8,11.1,77.0,0.9,7.6,10.0
"A0484","Los Angeles","El Segundo, Manhattan Beach","https://www.californiahealthmaps.org?address=A0484","Male","Kidney",155480,23.3,16.3,32.8,122625,23.7,16.1,34.5,"","","","",13165,"","","",11270,"","","",5,61727,0.0,5.8,11.1,77.0,0.9,7.6,10.0
"A0484","Los Angeles","El Segundo, Manhattan Beach","https://www.californiahealthmaps.org?address=A0484","Female","Kidney",153155,8.2,4.3,14.8,114350,"","","","","","","",15255,"","","",14975,"","","",5,61727,0.0,5.8,11.1,77.0,0.9,7.6,10.0
"A0484","Los Angeles","El Segundo, Manhattan Beach","https://www.californiahealthmaps.org?address=A0484","Male","Thyroid",155480,12.3,7.6,19.5,122625,13.4,8.0,22.1,"","","","",13165,"","","",11270,"","","",5,61727,0.0,5.8,11.1,77.0,0.9,7.6,10.0
"A0484","Los Angeles","El Segundo, Manhattan Beach","https://www.californiahealthmaps.org?address=A0484","Female","Thyroid",153155,30.0,22.0,40.5,114350,28.7,19.8,41.1,"","","","",15255,"","","",14975,"","","",5,61727,0.0,5.8,11.1,77.0,0.9,7.6,10.0
"A0484","Los Angeles","El Segundo, Manhattan Beach","https://www.californiahealthmaps.org?address=A0484","Both","AllSite",308635,500.6,475.9,526.5,236975,490.8,464.2,518.9,"","","","",28420,508.2,407.9,631.2,26245,437.8,348.4,547.5,5,61727,0.0,5.8,11.1,77.0,0.9,7.6,10.0
"A0484","Los Angeles","El Segundo, Manhattan Beach","https://www.californiahealthmaps.org?address=A0484","Both","Lung",308635,45.3,37.8,54.1,236975,46.1,37.9,55.9,"","","","",28420,"","","",26245,"","","",5,61727,0.0,5.8,11.1,77.0,0.9,7.6,10.0
"A0484","Los Angeles","El Segundo, Manhattan Beach","https://www.californiahealthmaps.org?address=A0484","Both","CRC",308635,29.1,23.3,36.1,236975,26.4,20.5,33.9,"","","","",28420,"","","",26245,"","","",5,61727,0.0,5.8,11.1,77.0,0.9,7.6,10.0
"A0484","Los Angeles","El Segundo, Manhattan Beach","https://www.californiahealthmaps.org?address=A0484","Both","Mela",308635,50.5,42.7,59.4,236975,50.9,42.4,60.9,"","","","",28420,"","","",26245,"","","",5,61727,0.0,5.8,11.1,77.0,0.9,7.6,10.0
"A0484","Los Angeles","El Segundo, Manhattan Beach","https://www.californiahealthmaps.org?address=A0484","Both","Lymph",308635,25.6,20.2,32.4,236975,24.5,18.7,31.9,"","","","",28420,"","","",26245,"","","",5,61727,0.0,5.8,11.1,77.0,0.9,7.6,10.0
"A0484","Los Angeles","El Segundo, Manhattan Beach","https://www.californiahealthmaps.org?address=A0484","Both","Urinary",308635,12.0,8.4,16.9,236975,13.2,9.1,18.9,"","","","",28420,"","","",26245,"","","",5,61727,0.0,5.8,11.1,77.0,0.9,7.6,10.0
"A0484","Los Angeles","El Segundo, Manhattan Beach","https://www.californiahealthmaps.org?address=A0484","Both","Kidney",308635,15.7,11.6,21.0,236975,15.8,11.3,21.9,"","","","",28420,"","","",26245,"","","",5,61727,0.0,5.8,11.1,77.0,0.9,7.6,10.0
"A0484","Los Angeles","El Segundo, Manhattan Beach","https://www.californiahealthmaps.org?address=A0484","Both","Thyroid",308635,21.1,16.4,27.1,236975,20.7,15.5,27.6,"","","","",28420,"","","",26245,"","","",5,61727,0.0,5.8,11.1,77.0,0.9,7.6,10.0
