"Zone","Counties","Cities","URL","Sex","Cancer","PopTot","AAIR","LCI","UCI","White_PopTot","White_AAIR","White_LCI","White_UCI","Black_PopTot","Black_AAIR","Black_LCI","Black_UCI","Hispanic_PopTot","Hispanic_AAIR","Hispanic_LCI","Hispanic_UCI","Asian_PopTot","Asian_AAIR","Asian_LCI","Asian_UCI","QNSES","PopAll","PerRural","PerUninsured","PerForeignBorn","PerWhite","PerBlack","PerAsian","PerHispanic"
"A0874","Ventura","Simi Valley, Thousand Oaks","https://www.californiahealthmaps.org?address=A0874","Male","AllSite",168375,507.5,473.7,543.2,116075,528.5,490.1,570.1,"","","","",32325,335.0,236.2,473.6,12885,323.2,229.4,450.1,5,68682,0.2,10.0,18.4,69.0,1.0,8.7,19.0
"A0874","Ventura","Simi Valley, Thousand Oaks","https://www.californiahealthmaps.org?address=A0874","Female","AllSite",175035,479.0,448.9,510.9,121865,496.4,461.0,534.7,"","","","",31265,397.2,316.2,496.6,14945,409.8,314.4,535.5,5,68682,0.2,10.0,18.4,69.0,1.0,8.7,19.0
"A0874","Ventura","Simi Valley, Thousand Oaks","https://www.californiahealthmaps.org?address=A0874","Male","Prostate",168375,113.9,98.9,130.8,116075,112.4,96.0,131.8,"","","","",32325,100.4,51.7,192.5,12885,"","","",5,68682,0.2,10.0,18.4,69.0,1.0,8.7,19.0
"A0874","Ventura","Simi Valley, Thousand Oaks","https://www.californiahealthmaps.org?address=A0874","Female","Breast",175035,173.7,156.1,193.2,121865,185.0,163.9,209.0,"","","","",31265,164.3,114.3,233.6,14945,108.9,65.1,185.8,5,68682,0.2,10.0,18.4,69.0,1.0,8.7,19.0
"A0874","Ventura","Simi Valley, Thousand Oaks","https://www.californiahealthmaps.org?address=A0874","Male","Lung",168375,43.3,33.6,55.2,116075,47.8,36.4,62.5,"","","","",32325,"","","",12885,"","","",5,68682,0.2,10.0,18.4,69.0,1.0,8.7,19.0
"A0874","Ventura","Simi Valley, Thousand Oaks","https://www.californiahealthmaps.org?address=A0874","Female","Lung",175035,42.9,34.3,53.5,121865,42.8,33.3,55.5,"","","","",31265,"","","",14945,"","","",5,68682,0.2,10.0,18.4,69.0,1.0,8.7,19.0
"A0874","Ventura","Simi Valley, Thousand Oaks","https://www.californiahealthmaps.org?address=A0874","Male","CRC",168375,44.1,34.6,55.6,116075,47.5,36.3,62.0,"","","","",32325,"","","",12885,"","","",5,68682,0.2,10.0,18.4,69.0,1.0,8.7,19.0
"A0874","Ventura","Simi Valley, Thousand Oaks","https://www.californiahealthmaps.org?address=A0874","Female","CRC",175035,32.5,25.1,41.9,121865,34.4,25.8,46.2,"","","","",31265,"","","",14945,"","","",5,68682,0.2,10.0,18.4,69.0,1.0,8.7,19.0
"A0874","Ventura","Simi Valley, Thousand Oaks","https://www.californiahealthmaps.org?address=A0874","Male","Mela",168375,52.2,41.8,64.6,116075,57.0,44.8,72.5,"","","","",32325,"","","",12885,"","","",5,68682,0.2,10.0,18.4,69.0,1.0,8.7,19.0
"A0874","Ventura","Simi Valley, Thousand Oaks","https://www.californiahealthmaps.org?address=A0874","Female","Mela",175035,20.1,14.3,27.8,121865,22.4,15.0,33.2,"","","","",31265,"","","",14945,"","","",5,68682,0.2,10.0,18.4,69.0,1.0,8.7,19.0
"A0874","Ventura","Simi Valley, Thousand Oaks","https://www.californiahealthmaps.org?address=A0874","Female","Uterine",175035,25.1,18.8,33.2,121865,25.3,18.4,35.3,"","","","",31265,"","","",14945,"","","",5,68682,0.2,10.0,18.4,69.0,1.0,8.7,19.0
"A0874","Ventura","Simi Valley, Thousand Oaks","https://www.californiahealthmaps.org?address=A0874","Male","Lymph",168375,23.4,16.6,32.4,116075,24.9,17.2,36.1,"","","","",32325,"","","",12885,"","","",5,68682,0.2,10.0,18.4,69.0,1.0,8.7,19.0
"A0874","Ventura","Simi Valley, Thousand Oaks","https://www.californiahealthmaps.org?address=A0874","Female","Lymph",175035,15.8,10.6,23.0,121865,14.6,9.2,23.5,"","","","",31265,"","","",14945,"","","",5,68682,0.2,10.0,18.4,69.0,1.0,8.7,19.0
"A0874","Ventura","Simi Valley, Thousand Oaks","https://www.californiahealthmaps.org?address=A0874","Male","Urinary",168375,24.7,17.5,34.2,116075,25.7,17.8,37.2,"","","","",32325,"","","",12885,"","","",5,68682,0.2,10.0,18.4,69.0,1.0,8.7,19.0
"A0874","Ventura","Simi Valley, Thousand Oaks","https://www.californiahealthmaps.org?address=A0874","Female","Urinary",175035,3.1,1.2,7.3,121865,"","","","","","","",31265,"","","",14945,"","","",5,68682,0.2,10.0,18.4,69.0,1.0,8.7,19.0
"A0874","Ventura","Simi Valley, Thousand Oaks","https://www.californiahealthmaps.org?address=A0874","Male","Kidney",168375,20.7,14.6,29.0,116075,21.0,14.3,31.2,"","","","",32325,"","","",12885,"","","",5,68682,0.2,10.0,18.4,69.0,1.0,8.7,19.0
"A0874","Ventura","Simi Valley, Thousand Oaks","https://www.californiahealthmaps.org?address=A0874","Female","Kidney",175035,9.6,5.8,15.5,121865,8.9,4.9,16.5,"","","","",31265,"","","",14945,"","","",5,68682,0.2,10.0,18.4,69.0,1.0,8.7,19.0
"A0874","Ventura","Simi Valley, Thousand Oaks","https://www.californiahealthmaps.org?address=A0874","Male","Thyroid",168375,18.3,12.4,26.4,116075,18.9,12.1,29.4,"","","","",32325,"","","",12885,"","","",5,68682,0.2,10.0,18.4,69.0,1.0,8.7,19.0
"A0874","Ventura","Simi Valley, Thousand Oaks","https://www.californiahealthmaps.org?address=A0874","Female","Thyroid",175035,35.0,26.5,45.6,121865,37.3,26.5,51.7,"","","","",31265,"","","",14945,"","","",5,68682,0.2,10.0,18.4,69.0,1.0,8.7,19.0
"A0874","Ventura","Simi Valley, Thousand Oaks","https://www.californiahealthmaps.org?address=A0874","Both","AllSite",343410,486.3,464.1,509.5,237940,505.1,479.4,532.4,"","","","",63590,363.2,301.3,437.2,27830,368.6,300.3,452.1,5,68682,0.2,10.0,18.4,69.0,1.0,8.7,19.0
"A0874","Ventura","Simi Valley, Thousand Oaks","https://www.californiahealthmaps.org?address=A0874","Both","Lung",343410,42.7,36.2,50.2,237940,44.8,37.4,53.8,"","","","",63590,"","","",27830,"","","",5,68682,0.2,10.0,18.4,69.0,1.0,8.7,19.0
"A0874","Ventura","Simi Valley, Thousand Oaks","https://www.californiahealthmaps.org?address=A0874","Both","CRC",343410,37.8,31.8,44.7,237940,40.4,33.3,49.0,"","","","",63590,"","","",27830,"","","",5,68682,0.2,10.0,18.4,69.0,1.0,8.7,19.0
"A0874","Ventura","Simi Valley, Thousand Oaks","https://www.californiahealthmaps.org?address=A0874","Both","Mela",343410,34.2,28.6,40.9,237940,37.8,30.9,46.3,"","","","",63590,"","","",27830,"","","",5,68682,0.2,10.0,18.4,69.0,1.0,8.7,19.0
"A0874","Ventura","Simi Valley, Thousand Oaks","https://www.californiahealthmaps.org?address=A0874","Both","Lymph",343410,19.0,14.8,24.2,237940,19.1,14.4,25.4,"","","","",63590,"","","",27830,"","","",5,68682,0.2,10.0,18.4,69.0,1.0,8.7,19.0
"A0874","Ventura","Simi Valley, Thousand Oaks","https://www.californiahealthmaps.org?address=A0874","Both","Urinary",343410,12.3,9.0,16.7,237940,12.8,9.1,18.1,"","","","",63590,"","","",27830,"","","",5,68682,0.2,10.0,18.4,69.0,1.0,8.7,19.0
"A0874","Ventura","Simi Valley, Thousand Oaks","https://www.californiahealthmaps.org?address=A0874","Both","Kidney",343410,14.7,11.1,19.3,237940,14.6,10.7,20.2,"","","","",63590,"","","",27830,"","","",5,68682,0.2,10.0,18.4,69.0,1.0,8.7,19.0
"A0874","Ventura","Simi Valley, Thousand Oaks","https://www.californiahealthmaps.org?address=A0874","Both","Thyroid",343410,26.7,21.4,33.0,237940,28.2,21.6,36.5,"","","","",63590,"","","",27830,"","","",5,68682,0.2,10.0,18.4,69.0,1.0,8.7,19.0
