"Zone","Counties","Cities","URL","Sex","Cancer","PopTot","AAIR","LCI","UCI","White_PopTot","White_AAIR","White_LCI","White_UCI","Black_PopTot","Black_AAIR","Black_LCI","Black_UCI","Hispanic_PopTot","Hispanic_AAIR","Hispanic_LCI","Hispanic_UCI","Asian_PopTot","Asian_AAIR","Asian_LCI","Asian_UCI","QNSES","PopAll","PerRural","PerUninsured","PerForeignBorn","PerWhite","PerBlack","PerAsian","PerHispanic","PerAPI","PerDocvisit","PerFOBT","PerMammo","PerMenPrev","PerPap","PerWomenPrev"
"A0853","Orange","Fullerton, La Habra","https://www.californiahealthmaps.org?address=A0853","Male","AllSite",159920,469.2,433.3,507.5,45250,464.5,413.1,523.7,"","","","",73515,500.0,424.4,586.7,35530,439.9,362.6,534.4,3,65300,0.0,21.9,33.3,28.3,2.2,21.1,46.5,21.1,"","","","","",""
"A0853","Orange","Fullerton, La Habra","https://www.californiahealthmaps.org?address=A0853","Female","AllSite",166580,414.0,384.0,445.9,48040,425.8,378.3,481.3,"","","","",74405,426.6,369.7,490.6,38185,388.7,324.2,464.2,3,65300,0.0,21.9,33.3,28.3,2.2,21.1,46.5,21.1,"","","","","",""
"A0853","Orange","Fullerton, La Habra","https://www.californiahealthmaps.org?address=A0853","Male","Prostate",159920,100.8,84.8,119.2,45250,98.3,76.2,128.7,"","","","",73515,123.0,85.8,172.3,35530,64.7,38.8,109.9,3,65300,0.0,21.9,33.3,28.3,2.2,21.1,46.5,21.1,"","","","","",""
"A0853","Orange","Fullerton, La Habra","https://www.californiahealthmaps.org?address=A0853","Female","Breast",166580,142.3,124.9,161.6,48040,154.3,126.0,191.3,"","","","",74405,138.6,107.3,177.1,38185,124.5,90.0,170.2,3,65300,0.0,21.9,33.3,28.3,2.2,21.1,46.5,21.1,"","","","","",""
"A0853","Orange","Fullerton, La Habra","https://www.californiahealthmaps.org?address=A0853","Male","Lung",159920,46.8,35.7,60.6,45250,44.2,29.5,68.2,"","","","",73515,"","","",35530,70.1,39.3,121.6,3,65300,0.0,21.9,33.3,28.3,2.2,21.1,46.5,21.1,"","","","","",""
"A0853","Orange","Fullerton, La Habra","https://www.californiahealthmaps.org?address=A0853","Female","Lung",166580,32.6,24.5,42.6,48040,38.6,26.8,60.1,"","","","",74405,"","","",38185,"","","",3,65300,0.0,21.9,33.3,28.3,2.2,21.1,46.5,21.1,"","","","","",""
"A0853","Orange","Fullerton, La Habra","https://www.californiahealthmaps.org?address=A0853","Male","CRC",159920,49.6,38.5,63.3,45250,42.4,28.3,65.7,"","","","",73515,52.1,30.0,86.1,35530,52.6,32.0,92.0,3,65300,0.0,21.9,33.3,28.3,2.2,21.1,46.5,21.1,"","","","","",""
"A0853","Orange","Fullerton, La Habra","https://www.californiahealthmaps.org?address=A0853","Female","CRC",166580,32.6,24.5,42.5,48040,30.5,18.3,53.1,"","","","",74405,43.3,26.1,68.3,38185,"","","",3,65300,0.0,21.9,33.3,28.3,2.2,21.1,46.5,21.1,"","","","","",""
"A0853","Orange","Fullerton, La Habra","https://www.californiahealthmaps.org?address=A0853","Male","Mela",159920,24.4,16.8,34.6,45250,42.3,27.2,66.9,"","","","",73515,"","","",35530,"","","",3,65300,0.0,21.9,33.3,28.3,2.2,21.1,46.5,21.1,"","","","","",""
"A0853","Orange","Fullerton, La Habra","https://www.californiahealthmaps.org?address=A0853","Female","Mela",166580,11.4,7.0,17.7,48040,27.8,16.2,49.9,"","","","",74405,"","","",38185,"","","",3,65300,0.0,21.9,33.3,28.3,2.2,21.1,46.5,21.1,"","","","","",""
"A0853","Orange","Fullerton, La Habra","https://www.californiahealthmaps.org?address=A0853","Female","Uterine",166580,27.9,20.5,37.2,48040,29.0,18.6,49.4,"","","","",74405,"","","",38185,"","","",3,65300,0.0,21.9,33.3,28.3,2.2,21.1,46.5,21.1,"","","","","",""
"A0853","Orange","Fullerton, La Habra","https://www.californiahealthmaps.org?address=A0853","Male","Lymph",159920,27.8,19.5,38.7,45250,26.9,15.8,47.8,"","","","",73515,"","","",35530,"","","",3,65300,0.0,21.9,33.3,28.3,2.2,21.1,46.5,21.1,"","","","","",""
"A0853","Orange","Fullerton, La Habra","https://www.californiahealthmaps.org?address=A0853","Female","Lymph",166580,18.5,12.6,26.3,48040,"","","","","","","",74405,"","","",38185,"","","",3,65300,0.0,21.9,33.3,28.3,2.2,21.1,46.5,21.1,"","","","","",""
"A0853","Orange","Fullerton, La Habra","https://www.californiahealthmaps.org?address=A0853","Male","Urinary",159920,13.6,8.0,21.9,45250,"","","","","","","",73515,"","","",35530,"","","",3,65300,0.0,21.9,33.3,28.3,2.2,21.1,46.5,21.1,"","","","","",""
"A0853","Orange","Fullerton, La Habra","https://www.californiahealthmaps.org?address=A0853","Female","Urinary",166580,"","","",48040,"","","","","","","",74405,"","","",38185,"","","",3,65300,0.0,21.9,33.3,28.3,2.2,21.1,46.5,21.1,"","","","","",""
"A0853","Orange","Fullerton, La Habra","https://www.californiahealthmaps.org?address=A0853","Male","Kidney",159920,27.5,19.4,38.1,45250,27.7,16.6,48.6,"","","","",73515,"","","",35530,"","","",3,65300,0.0,21.9,33.3,28.3,2.2,21.1,46.5,21.1,"","","","","",""
"A0853","Orange","Fullerton, La Habra","https://www.californiahealthmaps.org?address=A0853","Female","Kidney",166580,10.6,6.2,17.0,48040,"","","","","","","",74405,"","","",38185,"","","",3,65300,0.0,21.9,33.3,28.3,2.2,21.1,46.5,21.1,"","","","","",""
"A0853","Orange","Fullerton, La Habra","https://www.californiahealthmaps.org?address=A0853","Male","Thyroid",159920,10.6,5.9,18.1,45250,"","","","","","","",73515,"","","",35530,"","","",3,65300,0.0,21.9,33.3,28.3,2.2,21.1,46.5,21.1,"","","","","",""
"A0853","Orange","Fullerton, La Habra","https://www.californiahealthmaps.org?address=A0853","Female","Thyroid",166580,29.0,21.4,38.4,48040,"","","","","","","",74405,27.0,16.1,44.8,38185,43.8,25.9,73.1,3,65300,0.0,21.9,33.3,28.3,2.2,21.1,46.5,21.1,"","","","","",""
"A0853","Orange","Fullerton, La Habra","https://www.californiahealthmaps.org?address=A0853","Male","Liver",159920,16.4,10.5,24.7,45250,"","","","","","","",73515,"","","",35530,"","","",3,65300,0.0,21.9,33.3,28.3,2.2,21.1,46.5,21.1,"","","","","",""
"A0853","Orange","Fullerton, La Habra","https://www.californiahealthmaps.org?address=A0853","Female","Liver",166580,"","","",48040,"","","","","","","",74405,"","","",38185,"","","",3,65300,0.0,21.9,33.3,28.3,2.2,21.1,46.5,21.1,"","","","","",""
"A0853","Orange","Fullerton, La Habra","https://www.californiahealthmaps.org?address=A0853","Male","Pancreas",159920,18.8,11.9,28.4,45250,"","","","","","","",73515,"","","",35530,"","","",3,65300,0.0,21.9,33.3,28.3,2.2,21.1,46.5,21.1,"","","","","",""
"A0853","Orange","Fullerton, La Habra","https://www.californiahealthmaps.org?address=A0853","Female","Pancreas",166580,13.7,8.7,20.7,48040,"","","","","","","",74405,"","","",38185,"","","",3,65300,0.0,21.9,33.3,28.3,2.2,21.1,46.5,21.1,"","","","","",""
"A0853","Orange","Fullerton, La Habra","https://www.californiahealthmaps.org?address=A0853","Both","AllSite",326500,435.9,412.9,459.9,93290,439.8,405.1,478.3,"","","","",147920,452.8,407.1,502.6,73715,412.5,362.3,469.2,3,65300,0.0,21.9,33.3,28.3,2.2,21.1,46.5,21.1,"","","","","",""
"A0853","Orange","Fullerton, La Habra","https://www.californiahealthmaps.org?address=A0853","Both","Lung",326500,38.8,32.0,46.6,93290,41.3,31.7,55.2,"","","","",147920,26.9,16.1,42.7,73715,47.9,31.1,72.0,3,65300,0.0,21.9,33.3,28.3,2.2,21.1,46.5,21.1,"","","","","",""
"A0853","Orange","Fullerton, La Habra","https://www.californiahealthmaps.org?address=A0853","Both","CRC",326500,40.1,33.3,47.9,93290,34.9,25.7,48.7,"","","","",147920,47.3,33.2,66.1,73715,44.3,29.9,65.6,3,65300,0.0,21.9,33.3,28.3,2.2,21.1,46.5,21.1,"","","","","",""
"A0853","Orange","Fullerton, La Habra","https://www.californiahealthmaps.org?address=A0853","Both","Mela",326500,17.0,12.8,22.3,93290,34.1,24.5,48.3,"","","","",147920,"","","",73715,"","","",3,65300,0.0,21.9,33.3,28.3,2.2,21.1,46.5,21.1,"","","","","",""
"A0853","Orange","Fullerton, La Habra","https://www.californiahealthmaps.org?address=A0853","Both","Lymph",326500,22.7,17.6,28.8,93290,21.5,14.4,33.2,"","","","",147920,27.9,17.2,43.3,73715,"","","",3,65300,0.0,21.9,33.3,28.3,2.2,21.1,46.5,21.1,"","","","","",""
"A0853","Orange","Fullerton, La Habra","https://www.californiahealthmaps.org?address=A0853","Both","Urinary",326500,7.3,4.6,11.1,93290,10.0,5.7,19.3,"","","","",147920,"","","",73715,"","","",3,65300,0.0,21.9,33.3,28.3,2.2,21.1,46.5,21.1,"","","","","",""
"A0853","Orange","Fullerton, La Habra","https://www.californiahealthmaps.org?address=A0853","Both","Kidney",326500,18.4,13.9,23.9,93290,15.8,10.1,26.2,"","","","",147920,24.4,14.9,38.4,73715,"","","",3,65300,0.0,21.9,33.3,28.3,2.2,21.1,46.5,21.1,"","","","","",""
"A0853","Orange","Fullerton, La Habra","https://www.californiahealthmaps.org?address=A0853","Both","Thyroid",326500,19.9,15.3,25.5,93290,15.9,9.2,27.9,"","","","",147920,15.3,9.4,25.3,73715,31.0,19.4,49.5,3,65300,0.0,21.9,33.3,28.3,2.2,21.1,46.5,21.1,"","","","","",""
"A0853","Orange","Fullerton, La Habra","https://www.californiahealthmaps.org?address=A0853","Both","Liver",326500,10.2,7.0,14.5,93290,"","","","","","","",147920,"","","",73715,"","","",3,65300,0.0,21.9,33.3,28.3,2.2,21.1,46.5,21.1,"","","","","",""
"A0853","Orange","Fullerton, La Habra","https://www.californiahealthmaps.org?address=A0853","Both","Pancreas",326500,15.9,11.6,21.2,93290,11.9,7.2,21.6,"","","","",147920,"","","",73715,30.0,16.2,52.0,3,65300,0.0,21.9,33.3,28.3,2.2,21.1,46.5,21.1,"","","","","",""
