"Zone","Counties","Cities","URL","Sex","Cancer","PopTot","AAIR","LCI","UCI","White_PopTot","White_AAIR","White_LCI","White_UCI","Black_PopTot","Black_AAIR","Black_LCI","Black_UCI","Hispanic_PopTot","Hispanic_AAIR","Hispanic_LCI","Hispanic_UCI","Asian_PopTot","Asian_AAIR","Asian_LCI","Asian_UCI","QNSES","PopAll","PerRural","PerUninsured","PerForeignBorn","PerWhite","PerBlack","PerAsian","PerHispanic","PerAPI","PerDocvisit","PerFOBT","PerMammo","PerMenPrev","PerPap","PerWomenPrev"
"A0160","Contra Costa","Richmond","https://www.californiahealthmaps.org?address=A0160","Male","AllSite",157305,481.0,442.3,522.7,31045,536.2,470.1,617.4,29115,642.3,539.1,764.5,54685,328.2,250.7,426.8,36130,378.9,305.5,473.7,3,65444,0.0,17.0,33.4,20.8,18.5,24.2,30.8,24.2,"","","","","",""
"A0160","Contra Costa","Richmond","https://www.californiahealthmaps.org?address=A0160","Female","AllSite",169915,421.8,391.3,454.2,32025,547.6,481.0,629.1,37220,495.4,424.7,576.1,53960,293.6,235.6,365.1,39560,343.5,286.8,409.7,3,65444,0.0,17.0,33.4,20.8,18.5,24.2,30.8,24.2,"","","","","",""
"A0160","Contra Costa","Richmond","https://www.californiahealthmaps.org?address=A0160","Male","Prostate",157305,107.7,90.1,128.1,31045,90.6,66.0,133.2,29115,177.7,129.1,245.5,54685,62.3,33.1,114.1,36130,93.4,61.2,149.3,3,65444,0.0,17.0,33.4,20.8,18.5,24.2,30.8,24.2,"","","","","",""
"A0160","Contra Costa","Richmond","https://www.californiahealthmaps.org?address=A0160","Female","Breast",169915,121.1,105.3,138.8,32025,150.7,117.4,200.7,37220,140.2,105.4,185.1,53960,89.5,58.0,135.8,39560,112.1,82.9,150.6,3,65444,0.0,17.0,33.4,20.8,18.5,24.2,30.8,24.2,"","","","","",""
"A0160","Contra Costa","Richmond","https://www.californiahealthmaps.org?address=A0160","Male","Lung",157305,76.5,61.0,95.3,31045,85.4,60.2,129.0,29115,111.5,68.7,176.4,54685,"","","",36130,54.2,30.6,103.2,3,65444,0.0,17.0,33.4,20.8,18.5,24.2,30.8,24.2,"","","","","",""
"A0160","Contra Costa","Richmond","https://www.californiahealthmaps.org?address=A0160","Female","Lung",169915,42.2,32.8,53.7,32025,66.8,47.2,104.8,37220,45.3,25.9,75.9,53960,"","","",39560,"","","",3,65444,0.0,17.0,33.4,20.8,18.5,24.2,30.8,24.2,"","","","","",""
"A0160","Contra Costa","Richmond","https://www.californiahealthmaps.org?address=A0160","Male","CRC",157305,45.6,34.4,59.9,31045,49.1,30.0,88.2,29115,50.4,27.3,94.8,54685,"","","",36130,"","","",3,65444,0.0,17.0,33.4,20.8,18.5,24.2,30.8,24.2,"","","","","",""
"A0160","Contra Costa","Richmond","https://www.californiahealthmaps.org?address=A0160","Female","CRC",169915,39.1,30.0,50.3,32025,47.5,31.4,83.1,37220,73.3,46.7,111.4,53960,"","","",39560,"","","",3,65444,0.0,17.0,33.4,20.8,18.5,24.2,30.8,24.2,"","","","","",""
"A0160","Contra Costa","Richmond","https://www.californiahealthmaps.org?address=A0160","Male","Mela",157305,17.3,10.9,26.8,31045,43.0,25.6,80.7,29115,"","","",54685,"","","",36130,"","","",3,65444,0.0,17.0,33.4,20.8,18.5,24.2,30.8,24.2,"","","","","",""
"A0160","Contra Costa","Richmond","https://www.californiahealthmaps.org?address=A0160","Female","Mela",169915,9.1,5.1,15.3,32025,"","","",37220,"","","",53960,"","","",39560,"","","",3,65444,0.0,17.0,33.4,20.8,18.5,24.2,30.8,24.2,"","","","","",""
"A0160","Contra Costa","Richmond","https://www.californiahealthmaps.org?address=A0160","Female","Uterine",169915,38.5,29.9,49.1,32025,53.7,36.0,90.4,37220,"","","",53960,"","","",39560,46.1,27.3,75.3,3,65444,0.0,17.0,33.4,20.8,18.5,24.2,30.8,24.2,"","","","","",""
"A0160","Contra Costa","Richmond","https://www.californiahealthmaps.org?address=A0160","Male","Lymph",157305,30.3,21.1,42.8,31045,44.6,26.8,82.6,29115,"","","",54685,"","","",36130,"","","",3,65444,0.0,17.0,33.4,20.8,18.5,24.2,30.8,24.2,"","","","","",""
"A0160","Contra Costa","Richmond","https://www.californiahealthmaps.org?address=A0160","Female","Lymph",169915,19.4,13.2,27.8,32025,"","","",37220,"","","",53960,"","","",39560,"","","",3,65444,0.0,17.0,33.4,20.8,18.5,24.2,30.8,24.2,"","","","","",""
"A0160","Contra Costa","Richmond","https://www.californiahealthmaps.org?address=A0160","Male","Urinary",157305,17.2,10.3,27.5,31045,"","","",29115,"","","",54685,"","","",36130,"","","",3,65444,0.0,17.0,33.4,20.8,18.5,24.2,30.8,24.2,"","","","","",""
"A0160","Contra Costa","Richmond","https://www.californiahealthmaps.org?address=A0160","Female","Urinary",169915,"","","",32025,"","","",37220,"","","",53960,"","","",39560,"","","",3,65444,0.0,17.0,33.4,20.8,18.5,24.2,30.8,24.2,"","","","","",""
"A0160","Contra Costa","Richmond","https://www.californiahealthmaps.org?address=A0160","Male","Kidney",157305,15.1,8.8,24.7,31045,"","","",29115,"","","",54685,"","","",36130,"","","",3,65444,0.0,17.0,33.4,20.8,18.5,24.2,30.8,24.2,"","","","","",""
"A0160","Contra Costa","Richmond","https://www.californiahealthmaps.org?address=A0160","Female","Kidney",169915,11.4,6.7,18.4,32025,"","","",37220,"","","",53960,"","","",39560,"","","",3,65444,0.0,17.0,33.4,20.8,18.5,24.2,30.8,24.2,"","","","","",""
"A0160","Contra Costa","Richmond","https://www.californiahealthmaps.org?address=A0160","Male","Thyroid",157305,"","","",31045,"","","",29115,"","","",54685,"","","",36130,"","","",3,65444,0.0,17.0,33.4,20.8,18.5,24.2,30.8,24.2,"","","","","",""
"A0160","Contra Costa","Richmond","https://www.californiahealthmaps.org?address=A0160","Female","Thyroid",169915,17.9,12.1,25.6,32025,"","","",37220,"","","",53960,"","","",39560,"","","",3,65444,0.0,17.0,33.4,20.8,18.5,24.2,30.8,24.2,"","","","","",""
"A0160","Contra Costa","Richmond","https://www.californiahealthmaps.org?address=A0160","Male","Liver",157305,18.8,12.3,28.4,31045,"","","",29115,"","","",54685,"","","",36130,"","","",3,65444,0.0,17.0,33.4,20.8,18.5,24.2,30.8,24.2,"","","","","",""
"A0160","Contra Costa","Richmond","https://www.californiahealthmaps.org?address=A0160","Female","Liver",169915,"","","",32025,"","","",37220,"","","",53960,"","","",39560,"","","",3,65444,0.0,17.0,33.4,20.8,18.5,24.2,30.8,24.2,"","","","","",""
"A0160","Contra Costa","Richmond","https://www.californiahealthmaps.org?address=A0160","Male","Pancreas",157305,16.9,9.9,27.5,31045,"","","",29115,"","","",54685,"","","",36130,"","","",3,65444,0.0,17.0,33.4,20.8,18.5,24.2,30.8,24.2,"","","","","",""
"A0160","Contra Costa","Richmond","https://www.californiahealthmaps.org?address=A0160","Female","Pancreas",169915,11.8,7.0,18.7,32025,"","","",37220,"","","",53960,"","","",39560,"","","",3,65444,0.0,17.0,33.4,20.8,18.5,24.2,30.8,24.2,"","","","","",""
"A0160","Contra Costa","Richmond","https://www.californiahealthmaps.org?address=A0160","Both","AllSite",327220,442.1,418.3,467.0,63070,533.2,486.9,586.6,66335,548.5,489.8,613.6,108645,302.4,255.5,357.3,75690,356.2,311.4,407.4,3,65444,0.0,17.0,33.4,20.8,18.5,24.2,30.8,24.2,"","","","","",""
"A0160","Contra Costa","Richmond","https://www.californiahealthmaps.org?address=A0160","Both","Lung",327220,56.3,47.7,66.0,63070,75.1,59.1,99.4,66335,70.2,49.5,98.0,108645,"","","",75690,35.5,22.7,55.3,3,65444,0.0,17.0,33.4,20.8,18.5,24.2,30.8,24.2,"","","","","",""
"A0160","Contra Costa","Richmond","https://www.californiahealthmaps.org?address=A0160","Both","CRC",327220,42.1,34.9,50.5,63070,49.2,36.0,71.3,66335,65.4,45.8,92.1,108645,35.7,20.6,59.8,75690,"","","",3,65444,0.0,17.0,33.4,20.8,18.5,24.2,30.8,24.2,"","","","","",""
"A0160","Contra Costa","Richmond","https://www.californiahealthmaps.org?address=A0160","Both","Mela",327220,12.6,9.0,17.5,63070,34.0,22.9,54.6,66335,"","","",108645,"","","",75690,"","","",3,65444,0.0,17.0,33.4,20.8,18.5,24.2,30.8,24.2,"","","","","",""
"A0160","Contra Costa","Richmond","https://www.californiahealthmaps.org?address=A0160","Both","Lymph",327220,23.9,18.5,30.5,63070,34.7,23.6,55.2,66335,"","","",108645,"","","",75690,26.8,14.3,47.1,3,65444,0.0,17.0,33.4,20.8,18.5,24.2,30.8,24.2,"","","","","",""
"A0160","Contra Costa","Richmond","https://www.californiahealthmaps.org?address=A0160","Both","Urinary",327220,11.9,8.1,16.9,63070,"","","",66335,"","","",108645,"","","",75690,"","","",3,65444,0.0,17.0,33.4,20.8,18.5,24.2,30.8,24.2,"","","","","",""
"A0160","Contra Costa","Richmond","https://www.californiahealthmaps.org?address=A0160","Both","Kidney",327220,12.8,8.9,17.9,63070,"","","",66335,"","","",108645,"","","",75690,"","","",3,65444,0.0,17.0,33.4,20.8,18.5,24.2,30.8,24.2,"","","","","",""
"A0160","Contra Costa","Richmond","https://www.californiahealthmaps.org?address=A0160","Both","Thyroid",327220,12.1,8.6,16.8,63070,"","","",66335,"","","",108645,"","","",75690,"","","",3,65444,0.0,17.0,33.4,20.8,18.5,24.2,30.8,24.2,"","","","","",""
"A0160","Contra Costa","Richmond","https://www.californiahealthmaps.org?address=A0160","Both","Liver",327220,11.7,8.2,16.4,63070,"","","",66335,"","","",108645,"","","",75690,21.0,11.7,37.5,3,65444,0.0,17.0,33.4,20.8,18.5,24.2,30.8,24.2,"","","","","",""
"A0160","Contra Costa","Richmond","https://www.californiahealthmaps.org?address=A0160","Both","Pancreas",327220,13.8,9.7,19.2,63070,17.7,10.5,35.1,66335,"","","",108645,"","","",75690,"","","",3,65444,0.0,17.0,33.4,20.8,18.5,24.2,30.8,24.2,"","","","","",""
