"Zone","Counties","Cities","URL","Sex","Cancer","PopTot","AAIR","LCI","UCI","White_PopTot","White_AAIR","White_LCI","White_UCI","Black_PopTot","Black_AAIR","Black_LCI","Black_UCI","Hispanic_PopTot","Hispanic_AAIR","Hispanic_LCI","Hispanic_UCI","Asian_PopTot","Asian_AAIR","Asian_LCI","Asian_UCI","QNSES","PopAll","PerRural","PerUninsured","PerForeignBorn","PerWhite","PerBlack","PerAsian","PerHispanic"
"A0652","Los Angeles","Los Angeles","https://www.californiahealthmaps.org?address=A0652","Male","AllSite",156025,450.0,402.5,502.7,"","","","",46580,523.9,454.9,602.0,105965,373.2,299.6,465.4,"","","","",1,64704,0.0,29.2,31.5,0.8,31.7,0.2,65.9
"A0652","Los Angeles","Los Angeles","https://www.californiahealthmaps.org?address=A0652","Female","AllSite",167495,353.7,319.4,391.1,"","","","",59175,378.9,330.6,432.9,104285,315.9,263.3,380.5,"","","","",1,64704,0.0,29.2,31.5,0.8,31.7,0.2,65.9
"A0652","Los Angeles","Los Angeles","https://www.californiahealthmaps.org?address=A0652","Male","Prostate",156025,140.6,115.0,171.7,"","","","",46580,182.2,143.3,230.2,105965,81.0,49.2,133.4,"","","","",1,64704,0.0,29.2,31.5,0.8,31.7,0.2,65.9
"A0652","Los Angeles","Los Angeles","https://www.californiahealthmaps.org?address=A0652","Female","Breast",167495,99.7,81.8,120.8,"","","","",59175,118.4,92.3,150.5,104285,63.7,43.4,97.1,"","","","",1,64704,0.0,29.2,31.5,0.8,31.7,0.2,65.9
"A0652","Los Angeles","Los Angeles","https://www.californiahealthmaps.org?address=A0652","Male","Lung",156025,55.0,38.5,77.4,"","","","",46580,84.4,57.8,120.8,105965,"","","","","","","",1,64704,0.0,29.2,31.5,0.8,31.7,0.2,65.9
"A0652","Los Angeles","Los Angeles","https://www.californiahealthmaps.org?address=A0652","Female","Lung",167495,34.3,24.1,47.8,"","","","",59175,42.6,27.8,63.7,104285,"","","","","","","",1,64704,0.0,29.2,31.5,0.8,31.7,0.2,65.9
"A0652","Los Angeles","Los Angeles","https://www.californiahealthmaps.org?address=A0652","Male","CRC",156025,64.7,47.0,88.2,"","","","",46580,77.8,51.6,114.1,105965,45.9,25.1,87.5,"","","","",1,64704,0.0,29.2,31.5,0.8,31.7,0.2,65.9
"A0652","Los Angeles","Los Angeles","https://www.californiahealthmaps.org?address=A0652","Female","CRC",167495,33.6,23.5,47.0,"","","","",59175,29.4,17.2,47.9,104285,32.5,18.5,60.7,"","","","",1,64704,0.0,29.2,31.5,0.8,31.7,0.2,65.9
"A0652","Los Angeles","Los Angeles","https://www.californiahealthmaps.org?address=A0652","Male","Mela",156025,1.3,0.0,10.6,"","","","",46580,"","","",105965,"","","","","","","",1,64704,0.0,29.2,31.5,0.8,31.7,0.2,65.9
"A0652","Los Angeles","Los Angeles","https://www.californiahealthmaps.org?address=A0652","Female","Mela",167495,1.3,0.0,7.3,"","","","",59175,"","","",104285,"","","","","","","",1,64704,0.0,29.2,31.5,0.8,31.7,0.2,65.9
"A0652","Los Angeles","Los Angeles","https://www.californiahealthmaps.org?address=A0652","Female","Uterine",167495,28.2,19.4,40.2,"","","","",59175,25.9,14.4,43.9,104285,30.1,17.6,56.7,"","","","",1,64704,0.0,29.2,31.5,0.8,31.7,0.2,65.9
"A0652","Los Angeles","Los Angeles","https://www.californiahealthmaps.org?address=A0652","Male","Lymph",156025,11.9,5.4,24.7,"","","","",46580,"","","",105965,"","","","","","","",1,64704,0.0,29.2,31.5,0.8,31.7,0.2,65.9
"A0652","Los Angeles","Los Angeles","https://www.californiahealthmaps.org?address=A0652","Female","Lymph",167495,13.6,7.5,23.3,"","","","",59175,"","","",104285,"","","","","","","",1,64704,0.0,29.2,31.5,0.8,31.7,0.2,65.9
"A0652","Los Angeles","Los Angeles","https://www.californiahealthmaps.org?address=A0652","Male","Urinary",156025,10.6,4.1,23.8,"","","","",46580,"","","",105965,"","","","","","","",1,64704,0.0,29.2,31.5,0.8,31.7,0.2,65.9
"A0652","Los Angeles","Los Angeles","https://www.californiahealthmaps.org?address=A0652","Female","Urinary",167495,2.0,0.2,8.0,"","","","",59175,"","","",104285,"","","","","","","",1,64704,0.0,29.2,31.5,0.8,31.7,0.2,65.9
"A0652","Los Angeles","Los Angeles","https://www.californiahealthmaps.org?address=A0652","Male","Kidney",156025,10.8,5.2,22.4,"","","","",46580,"","","",105965,"","","","","","","",1,64704,0.0,29.2,31.5,0.8,31.7,0.2,65.9
"A0652","Los Angeles","Los Angeles","https://www.californiahealthmaps.org?address=A0652","Female","Kidney",167495,8.2,3.9,16.2,"","","","",59175,"","","",104285,"","","","","","","",1,64704,0.0,29.2,31.5,0.8,31.7,0.2,65.9
"A0652","Los Angeles","Los Angeles","https://www.californiahealthmaps.org?address=A0652","Male","Thyroid",156025,5.5,1.2,17.2,"","","","",46580,"","","",105965,"","","","","","","",1,64704,0.0,29.2,31.5,0.8,31.7,0.2,65.9
"A0652","Los Angeles","Los Angeles","https://www.californiahealthmaps.org?address=A0652","Female","Thyroid",167495,15.2,9.4,24.4,"","","","",59175,"","","",104285,"","","","","","","",1,64704,0.0,29.2,31.5,0.8,31.7,0.2,65.9
"A0652","Los Angeles","Los Angeles","https://www.californiahealthmaps.org?address=A0652","Both","AllSite",323520,392.2,364.2,422.1,"","","","",105755,438.2,397.8,482.1,210250,334.6,291.3,384.9,"","","","",1,64704,0.0,29.2,31.5,0.8,31.7,0.2,65.9
"A0652","Los Angeles","Los Angeles","https://www.californiahealthmaps.org?address=A0652","Both","Lung",323520,42.5,33.4,53.8,"","","","",105755,58.9,44.8,76.7,210250,18.0,8.7,36.5,"","","","",1,64704,0.0,29.2,31.5,0.8,31.7,0.2,65.9
"A0652","Los Angeles","Los Angeles","https://www.californiahealthmaps.org?address=A0652","Both","CRC",323520,46.3,36.9,57.8,"","","","",105755,48.4,35.5,65.2,210250,37.7,25.7,57.3,"","","","",1,64704,0.0,29.2,31.5,0.8,31.7,0.2,65.9
"A0652","Los Angeles","Los Angeles","https://www.californiahealthmaps.org?address=A0652","Both","Mela",323520,1.3,0.2,5.2,"","","","",105755,"","","",210250,"","","","","","","",1,64704,0.0,29.2,31.5,0.8,31.7,0.2,65.9
"A0652","Los Angeles","Los Angeles","https://www.californiahealthmaps.org?address=A0652","Both","Lymph",323520,13.0,8.3,19.8,"","","","",105755,"","","",210250,"","","","","","","",1,64704,0.0,29.2,31.5,0.8,31.7,0.2,65.9
"A0652","Los Angeles","Los Angeles","https://www.californiahealthmaps.org?address=A0652","Both","Urinary",323520,5.4,2.5,10.6,"","","","",105755,"","","",210250,"","","","","","","",1,64704,0.0,29.2,31.5,0.8,31.7,0.2,65.9
"A0652","Los Angeles","Los Angeles","https://www.californiahealthmaps.org?address=A0652","Both","Kidney",323520,9.3,5.7,14.9,"","","","",105755,"","","",210250,"","","","","","","",1,64704,0.0,29.2,31.5,0.8,31.7,0.2,65.9
"A0652","Los Angeles","Los Angeles","https://www.californiahealthmaps.org?address=A0652","Both","Thyroid",323520,10.4,6.5,16.1,"","","","",105755,"","","",210250,11.4,5.4,26.5,"","","","",1,64704,0.0,29.2,31.5,0.8,31.7,0.2,65.9
