"Zone","Counties","Cities","URL","Sex","Cancer","PopTot","AAIR","LCI","UCI","White_PopTot","White_AAIR","White_LCI","White_UCI","Black_PopTot","Black_AAIR","Black_LCI","Black_UCI","Hispanic_PopTot","Hispanic_AAIR","Hispanic_LCI","Hispanic_UCI","Asian_PopTot","Asian_AAIR","Asian_LCI","Asian_UCI","QNSES","PopAll","PerRural","PerUninsured","PerForeignBorn","PerWhite","PerBlack","PerAsian","PerHispanic","PerAPI","PerDocvisit","PerFOBT","PerMammo","PerMenPrev","PerPap","PerWomenPrev"
"A1079","San Francisco","San Francisco","https://www.californiahealthmaps.org?address=A1079","Male","AllSite",150840,458.3,425.1,494.1,40250,522.4,458.1,600.1,"","","","",22620,464.0,354.7,600.0,75290,429.3,384.0,479.5,4,62678,0.0,12.2,45.4,25.6,5.1,49.8,15.7,49.8,65.4,58.2,77.5,26.9,77.9,25.3
"A1079","San Francisco","San Francisco","https://www.californiahealthmaps.org?address=A1079","Female","AllSite",162550,389.7,361.5,420.1,41145,436.2,376.4,510.4,"","","","",23635,444.8,352.6,555.2,83895,361.9,325.0,403.4,4,62678,0.0,12.2,45.4,25.6,5.1,49.8,15.7,49.8,65.4,58.2,77.5,26.9,77.9,25.3
"A1079","San Francisco","San Francisco","https://www.californiahealthmaps.org?address=A1079","Male","Prostate",150840,90.9,76.4,108.0,40250,101.9,74.5,145.1,"","","","",22620,"","","",75290,80.3,61.3,104.5,4,62678,0.0,12.2,45.4,25.6,5.1,49.8,15.7,49.8,65.4,58.2,77.5,26.9,77.9,25.3
"A1079","San Francisco","San Francisco","https://www.californiahealthmaps.org?address=A1079","Female","Breast",162550,125.8,109.8,144.2,41145,143.0,109.5,192.7,"","","","",23635,140.0,89.2,210.3,83895,117.5,97.0,142.6,4,62678,0.0,12.2,45.4,25.6,5.1,49.8,15.7,49.8,65.4,58.2,77.5,26.9,77.9,25.3
"A1079","San Francisco","San Francisco","https://www.californiahealthmaps.org?address=A1079","Male","Lung",150840,60.3,48.7,74.5,40250,54.1,35.3,89.8,"","","","",22620,"","","",75290,67.6,50.5,90.0,4,62678,0.0,12.2,45.4,25.6,5.1,49.8,15.7,49.8,65.4,58.2,77.5,26.9,77.9,25.3
"A1079","San Francisco","San Francisco","https://www.californiahealthmaps.org?address=A1079","Female","Lung",162550,39.2,30.9,50.0,41145,37.7,23.6,70.7,"","","","",23635,"","","",83895,36.6,25.6,52.6,4,62678,0.0,12.2,45.4,25.6,5.1,49.8,15.7,49.8,65.4,58.2,77.5,26.9,77.9,25.3
"A1079","San Francisco","San Francisco","https://www.californiahealthmaps.org?address=A1079","Male","CRC",150840,47.1,37.0,59.9,40250,29.0,16.2,60.3,"","","","",22620,"","","",75290,59.9,43.9,81.2,4,62678,0.0,12.2,45.4,25.6,5.1,49.8,15.7,49.8,65.4,58.2,77.5,26.9,77.9,25.3
"A1079","San Francisco","San Francisco","https://www.californiahealthmaps.org?address=A1079","Female","CRC",162550,30.9,23.6,40.7,41145,33.7,17.9,69.5,"","","","",23635,"","","",83895,34.9,24.2,50.7,4,62678,0.0,12.2,45.4,25.6,5.1,49.8,15.7,49.8,65.4,58.2,77.5,26.9,77.9,25.3
"A1079","San Francisco","San Francisco","https://www.californiahealthmaps.org?address=A1079","Male","Mela",150840,13.4,8.2,21.7,40250,38.6,22.2,72.8,"","","","",22620,"","","",75290,"","","",4,62678,0.0,12.2,45.4,25.6,5.1,49.8,15.7,49.8,65.4,58.2,77.5,26.9,77.9,25.3
"A1079","San Francisco","San Francisco","https://www.californiahealthmaps.org?address=A1079","Female","Mela",162550,11.4,7.2,18.2,41145,35.0,20.1,69.2,"","","","",23635,"","","",83895,"","","",4,62678,0.0,12.2,45.4,25.6,5.1,49.8,15.7,49.8,65.4,58.2,77.5,26.9,77.9,25.3
"A1079","San Francisco","San Francisco","https://www.californiahealthmaps.org?address=A1079","Female","Uterine",162550,38.4,29.9,49.5,41145,37.1,22.6,70.8,"","","","",23635,"","","",83895,33.3,22.9,48.9,4,62678,0.0,12.2,45.4,25.6,5.1,49.8,15.7,49.8,65.4,58.2,77.5,26.9,77.9,25.3
"A1079","San Francisco","San Francisco","https://www.californiahealthmaps.org?address=A1079","Male","Lymph",150840,24.8,17.6,34.7,40250,"","","","","","","",22620,"","","",75290,29.2,18.2,45.8,4,62678,0.0,12.2,45.4,25.6,5.1,49.8,15.7,49.8,65.4,58.2,77.5,26.9,77.9,25.3
"A1079","San Francisco","San Francisco","https://www.californiahealthmaps.org?address=A1079","Female","Lymph",162550,14.6,9.5,22.4,41145,"","","","","","","",23635,"","","",83895,"","","",4,62678,0.0,12.2,45.4,25.6,5.1,49.8,15.7,49.8,65.4,58.2,77.5,26.9,77.9,25.3
"A1079","San Francisco","San Francisco","https://www.californiahealthmaps.org?address=A1079","Male","Urinary",150840,"","","",40250,"","","","","","","",22620,"","","",75290,"","","",4,62678,0.0,12.2,45.4,25.6,5.1,49.8,15.7,49.8,65.4,58.2,77.5,26.9,77.9,25.3
"A1079","San Francisco","San Francisco","https://www.californiahealthmaps.org?address=A1079","Female","Urinary",162550,"","","",41145,"","","","","","","",23635,"","","",83895,"","","",4,62678,0.0,12.2,45.4,25.6,5.1,49.8,15.7,49.8,65.4,58.2,77.5,26.9,77.9,25.3
"A1079","San Francisco","San Francisco","https://www.californiahealthmaps.org?address=A1079","Male","Kidney",150840,18.2,11.9,27.4,40250,39.8,23.3,74.1,"","","","",22620,"","","",75290,"","","",4,62678,0.0,12.2,45.4,25.6,5.1,49.8,15.7,49.8,65.4,58.2,77.5,26.9,77.9,25.3
"A1079","San Francisco","San Francisco","https://www.californiahealthmaps.org?address=A1079","Female","Kidney",162550,12.4,7.9,19.6,41145,"","","","","","","",23635,"","","",83895,"","","",4,62678,0.0,12.2,45.4,25.6,5.1,49.8,15.7,49.8,65.4,58.2,77.5,26.9,77.9,25.3
"A1079","San Francisco","San Francisco","https://www.californiahealthmaps.org?address=A1079","Male","Thyroid",150840,12.0,7.1,19.9,40250,"","","","","","","",22620,"","","",75290,"","","",4,62678,0.0,12.2,45.4,25.6,5.1,49.8,15.7,49.8,65.4,58.2,77.5,26.9,77.9,25.3
"A1079","San Francisco","San Francisco","https://www.californiahealthmaps.org?address=A1079","Female","Thyroid",162550,19.9,13.6,29.0,41145,"","","","","","","",23635,"","","",83895,20.0,12.0,33.5,4,62678,0.0,12.2,45.4,25.6,5.1,49.8,15.7,49.8,65.4,58.2,77.5,26.9,77.9,25.3
"A1079","San Francisco","San Francisco","https://www.californiahealthmaps.org?address=A1079","Male","Liver",150840,33.8,25.5,44.9,40250,"","","","","","","",22620,"","","",75290,34.8,23.3,51.6,4,62678,0.0,12.2,45.4,25.6,5.1,49.8,15.7,49.8,65.4,58.2,77.5,26.9,77.9,25.3
"A1079","San Francisco","San Francisco","https://www.californiahealthmaps.org?address=A1079","Female","Liver",162550,7.7,4.2,14.0,41145,"","","","","","","",23635,"","","",83895,"","","",4,62678,0.0,12.2,45.4,25.6,5.1,49.8,15.7,49.8,65.4,58.2,77.5,26.9,77.9,25.3
"A1079","San Francisco","San Francisco","https://www.californiahealthmaps.org?address=A1079","Male","Pancreas",150840,15.8,10.1,24.4,40250,"","","","","","","",22620,"","","",75290,"","","",4,62678,0.0,12.2,45.4,25.6,5.1,49.8,15.7,49.8,65.4,58.2,77.5,26.9,77.9,25.3
"A1079","San Francisco","San Francisco","https://www.californiahealthmaps.org?address=A1079","Female","Pancreas",162550,14.5,9.8,21.8,41145,"","","","","","","",23635,"","","",83895,"","","",4,62678,0.0,12.2,45.4,25.6,5.1,49.8,15.7,49.8,65.4,58.2,77.5,26.9,77.9,25.3
"A1079","San Francisco","San Francisco","https://www.californiahealthmaps.org?address=A1079","Both","AllSite",313390,415.9,394.6,438.4,81395,473.1,429.7,523.2,15665,438.9,359.1,551.0,46255,443.0,373.7,522.3,159185,389.1,360.4,420.0,4,62678,0.0,12.2,45.4,25.6,5.1,49.8,15.7,49.8,65.4,58.2,77.5,26.9,77.9,25.3
"A1079","San Francisco","San Francisco","https://www.californiahealthmaps.org?address=A1079","Both","Lung",313390,48.0,41.1,56.2,81395,45.2,33.3,65.0,15665,65.9,38.0,135.6,46255,"","","",159185,50.0,40.1,62.2,4,62678,0.0,12.2,45.4,25.6,5.1,49.8,15.7,49.8,65.4,58.2,77.5,26.9,77.9,25.3
"A1079","San Francisco","San Francisco","https://www.californiahealthmaps.org?address=A1079","Both","CRC",313390,38.4,32.2,45.8,81395,30.8,20.4,49.7,15665,"","","",46255,51.6,29.8,84.1,159185,46.3,36.7,58.2,4,62678,0.0,12.2,45.4,25.6,5.1,49.8,15.7,49.8,65.4,58.2,77.5,26.9,77.9,25.3
"A1079","San Francisco","San Francisco","https://www.californiahealthmaps.org?address=A1079","Both","Mela",313390,12.1,8.7,16.8,81395,35.9,24.7,55.5,15665,"","","",46255,"","","",159185,"","","",4,62678,0.0,12.2,45.4,25.6,5.1,49.8,15.7,49.8,65.4,58.2,77.5,26.9,77.9,25.3
"A1079","San Francisco","San Francisco","https://www.californiahealthmaps.org?address=A1079","Both","Lymph",313390,19.0,14.6,24.6,81395,26.3,15.6,46.2,15665,"","","",46255,"","","",159185,20.8,14.5,29.5,4,62678,0.0,12.2,45.4,25.6,5.1,49.8,15.7,49.8,65.4,58.2,77.5,26.9,77.9,25.3
"A1079","San Francisco","San Francisco","https://www.californiahealthmaps.org?address=A1079","Both","Urinary",313390,6.4,4.1,10.1,81395,"","","",15665,"","","",46255,"","","",159185,"","","",4,62678,0.0,12.2,45.4,25.6,5.1,49.8,15.7,49.8,65.4,58.2,77.5,26.9,77.9,25.3
"A1079","San Francisco","San Francisco","https://www.californiahealthmaps.org?address=A1079","Both","Kidney",313390,15.1,11.2,20.4,81395,23.3,14.6,40.9,15665,"","","",46255,"","","",159185,11.3,6.8,18.6,4,62678,0.0,12.2,45.4,25.6,5.1,49.8,15.7,49.8,65.4,58.2,77.5,26.9,77.9,25.3
"A1079","San Francisco","San Francisco","https://www.californiahealthmaps.org?address=A1079","Both","Thyroid",313390,16.0,11.9,21.5,81395,"","","",15665,"","","",46255,"","","",159185,16.4,10.9,24.4,4,62678,0.0,12.2,45.4,25.6,5.1,49.8,15.7,49.8,65.4,58.2,77.5,26.9,77.9,25.3
"A1079","San Francisco","San Francisco","https://www.californiahealthmaps.org?address=A1079","Both","Liver",313390,19.3,15.0,24.9,81395,"","","",15665,"","","",46255,"","","",159185,20.8,14.7,29.3,4,62678,0.0,12.2,45.4,25.6,5.1,49.8,15.7,49.8,65.4,58.2,77.5,26.9,77.9,25.3
"A1079","San Francisco","San Francisco","https://www.californiahealthmaps.org?address=A1079","Both","Pancreas",313390,15.1,11.3,20.1,81395,17.3,10.2,33.7,15665,"","","",46255,"","","",159185,13.3,8.3,20.9,4,62678,0.0,12.2,45.4,25.6,5.1,49.8,15.7,49.8,65.4,58.2,77.5,26.9,77.9,25.3
