"Zone","Counties","Cities","URL","Sex","Cancer","PopTot","AAIR","LCI","UCI","White_PopTot","White_AAIR","White_LCI","White_UCI","Black_PopTot","Black_AAIR","Black_LCI","Black_UCI","Hispanic_PopTot","Hispanic_AAIR","Hispanic_LCI","Hispanic_UCI","Asian_PopTot","Asian_AAIR","Asian_LCI","Asian_UCI","QNSES","PopAll","PerRural","PerUninsured","PerForeignBorn","PerWhite","PerBlack","PerAsian","PerHispanic"
"A0582","Stanislaus","Patterson, Turlock","https://www.californiahealthmaps.org?address=A0582","Male","AllSite",156425,477.2,437.6,519.6,54605,521.4,467.5,581.2,"","","","",86600,418.4,349.3,500.2,"","","","",1,61581,35.0,19.6,25.4,36.5,3.7,4.0,53.7
"A0582","Stanislaus","Patterson, Turlock","https://www.californiahealthmaps.org?address=A0582","Female","AllSite",151480,395.0,361.9,430.6,54235,387.3,342.5,437.7,"","","","",82095,406.9,347.4,475.9,"","","","",1,61581,35.0,19.6,25.4,36.5,3.7,4.0,53.7
"A0582","Stanislaus","Patterson, Turlock","https://www.californiahealthmaps.org?address=A0582","Male","Prostate",156425,96.5,79.0,117.0,54605,94.5,72.8,122.3,"","","","",86600,87.1,57.3,130.7,"","","","",1,61581,35.0,19.6,25.4,36.5,3.7,4.0,53.7
"A0582","Stanislaus","Patterson, Turlock","https://www.californiahealthmaps.org?address=A0582","Female","Breast",151480,116.3,98.9,136.1,54235,106.2,83.9,134.2,"","","","",82095,123.7,93.4,163.7,"","","","",1,61581,35.0,19.6,25.4,36.5,3.7,4.0,53.7
"A0582","Stanislaus","Patterson, Turlock","https://www.californiahealthmaps.org?address=A0582","Male","Lung",156425,64.9,50.4,82.5,54605,64.4,46.8,88.3,"","","","",86600,66.9,38.6,110.6,"","","","",1,61581,35.0,19.6,25.4,36.5,3.7,4.0,53.7
"A0582","Stanislaus","Patterson, Turlock","https://www.californiahealthmaps.org?address=A0582","Female","Lung",151480,36.1,26.3,48.6,54235,47.0,32.2,68.1,"","","","",82095,"","","","","","","",1,61581,35.0,19.6,25.4,36.5,3.7,4.0,53.7
"A0582","Stanislaus","Patterson, Turlock","https://www.californiahealthmaps.org?address=A0582","Male","CRC",156425,48.2,36.4,62.9,54605,48.7,33.9,69.7,"","","","",86600,36.6,20.4,66.8,"","","","",1,61581,35.0,19.6,25.4,36.5,3.7,4.0,53.7
"A0582","Stanislaus","Patterson, Turlock","https://www.californiahealthmaps.org?address=A0582","Female","CRC",151480,37.8,28.1,50.0,54235,36.7,24.1,55.4,"","","","",82095,50.7,30.0,82.8,"","","","",1,61581,35.0,19.6,25.4,36.5,3.7,4.0,53.7
"A0582","Stanislaus","Patterson, Turlock","https://www.californiahealthmaps.org?address=A0582","Male","Mela",156425,24.7,16.0,36.7,54605,30.8,19.0,49.2,"","","","",86600,"","","","","","","",1,61581,35.0,19.6,25.4,36.5,3.7,4.0,53.7
"A0582","Stanislaus","Patterson, Turlock","https://www.californiahealthmaps.org?address=A0582","Female","Mela",151480,11.5,6.4,19.4,54235,"","","","","","","",82095,"","","","","","","",1,61581,35.0,19.6,25.4,36.5,3.7,4.0,53.7
"A0582","Stanislaus","Patterson, Turlock","https://www.californiahealthmaps.org?address=A0582","Female","Uterine",151480,25.0,17.3,35.2,54235,23.5,14.1,39.2,"","","","",82095,"","","","","","","",1,61581,35.0,19.6,25.4,36.5,3.7,4.0,53.7
"A0582","Stanislaus","Patterson, Turlock","https://www.californiahealthmaps.org?address=A0582","Male","Lymph",156425,22.2,14.5,33.0,54605,"","","","","","","",86600,"","","","","","","",1,61581,35.0,19.6,25.4,36.5,3.7,4.0,53.7
"A0582","Stanislaus","Patterson, Turlock","https://www.californiahealthmaps.org?address=A0582","Female","Lymph",151480,13.4,7.9,21.6,54235,"","","","","","","",82095,"","","","","","","",1,61581,35.0,19.6,25.4,36.5,3.7,4.0,53.7
"A0582","Stanislaus","Patterson, Turlock","https://www.californiahealthmaps.org?address=A0582","Male","Urinary",156425,20.2,12.4,31.3,54605,23.6,13.4,40.6,"","","","",86600,"","","","","","","",1,61581,35.0,19.6,25.4,36.5,3.7,4.0,53.7
"A0582","Stanislaus","Patterson, Turlock","https://www.californiahealthmaps.org?address=A0582","Female","Urinary",151480,6.8,3.1,13.4,54235,"","","","","","","",82095,"","","","","","","",1,61581,35.0,19.6,25.4,36.5,3.7,4.0,53.7
"A0582","Stanislaus","Patterson, Turlock","https://www.californiahealthmaps.org?address=A0582","Male","Kidney",156425,26.9,18.5,38.2,54605,34.9,21.8,54.7,"","","","",86600,"","","","","","","",1,61581,35.0,19.6,25.4,36.5,3.7,4.0,53.7
"A0582","Stanislaus","Patterson, Turlock","https://www.californiahealthmaps.org?address=A0582","Female","Kidney",151480,12.5,7.3,20.4,54235,"","","","","","","",82095,"","","","","","","",1,61581,35.0,19.6,25.4,36.5,3.7,4.0,53.7
"A0582","Stanislaus","Patterson, Turlock","https://www.californiahealthmaps.org?address=A0582","Male","Thyroid",156425,4.1,1.3,10.3,54605,"","","","","","","",86600,"","","","","","","",1,61581,35.0,19.6,25.4,36.5,3.7,4.0,53.7
"A0582","Stanislaus","Patterson, Turlock","https://www.californiahealthmaps.org?address=A0582","Female","Thyroid",151480,23.2,15.9,32.9,54235,"","","","","","","",82095,25.8,14.7,47.2,"","","","",1,61581,35.0,19.6,25.4,36.5,3.7,4.0,53.7
"A0582","Stanislaus","Patterson, Turlock","https://www.californiahealthmaps.org?address=A0582","Both","AllSite",307905,428.7,403.4,455.4,108840,447.9,413.2,485.5,"","","","",168695,406.4,361.3,456.9,12325,427.8,280.0,657.6,1,61581,35.0,19.6,25.4,36.5,3.7,4.0,53.7
"A0582","Stanislaus","Patterson, Turlock","https://www.californiahealthmaps.org?address=A0582","Both","Lung",307905,49.0,40.4,59.0,108840,55.1,43.4,69.7,"","","","",168695,41.6,26.7,62.9,12325,"","","",1,61581,35.0,19.6,25.4,36.5,3.7,4.0,53.7
"A0582","Stanislaus","Patterson, Turlock","https://www.californiahealthmaps.org?address=A0582","Both","CRC",307905,42.5,34.9,51.5,108840,42.1,32.3,54.8,"","","","",168695,44.5,30.4,64.5,12325,"","","",1,61581,35.0,19.6,25.4,36.5,3.7,4.0,53.7
"A0582","Stanislaus","Patterson, Turlock","https://www.californiahealthmaps.org?address=A0582","Both","Mela",307905,17.1,12.2,23.4,108840,21.2,14.1,31.4,"","","","",168695,"","","",12325,"","","",1,61581,35.0,19.6,25.4,36.5,3.7,4.0,53.7
"A0582","Stanislaus","Patterson, Turlock","https://www.californiahealthmaps.org?address=A0582","Both","Lymph",307905,17.4,12.6,23.5,108840,12.1,6.9,20.6,"","","","",168695,32.5,20.3,51.0,12325,"","","",1,61581,35.0,19.6,25.4,36.5,3.7,4.0,53.7
"A0582","Stanislaus","Patterson, Turlock","https://www.californiahealthmaps.org?address=A0582","Both","Urinary",307905,12.7,8.5,18.4,108840,14.7,9.2,23.5,"","","","",168695,"","","",12325,"","","",1,61581,35.0,19.6,25.4,36.5,3.7,4.0,53.7
"A0582","Stanislaus","Patterson, Turlock","https://www.californiahealthmaps.org?address=A0582","Both","Kidney",307905,19.6,14.6,26.0,108840,23.2,15.8,33.7,"","","","",168695,15.1,8.3,28.1,12325,"","","",1,61581,35.0,19.6,25.4,36.5,3.7,4.0,53.7
"A0582","Stanislaus","Patterson, Turlock","https://www.californiahealthmaps.org?address=A0582","Both","Thyroid",307905,13.4,9.5,18.7,108840,12.7,6.9,22.1,"","","","",168695,15.1,8.8,27.3,12325,"","","",1,61581,35.0,19.6,25.4,36.5,3.7,4.0,53.7
