"Zone","Counties","Cities","URL","Sex","Cancer","PopTot","AAIR","LCI","UCI","White_PopTot","White_AAIR","White_LCI","White_UCI","Black_PopTot","Black_AAIR","Black_LCI","Black_UCI","Hispanic_PopTot","Hispanic_AAIR","Hispanic_LCI","Hispanic_UCI","Asian_PopTot","Asian_AAIR","Asian_LCI","Asian_UCI","QNSES","PopAll","PerRural","PerUninsured","PerForeignBorn","PerWhite","PerBlack","PerAsian","PerHispanic","PerAPI","PerDocvisit","PerFOBT","PerMammo","PerMenPrev","PerPap","PerWomenPrev"
"A0766","Yolo","West Sacramento","https://www.californiahealthmaps.org?address=A0766","Male","AllSite",165485,451.5,416.4,489.1,76525,491.6,445.7,541.8,"","","","",60890,402.6,333.9,483.3,13735,211.7,127.0,341.9,2,66545,12.8,14.8,23.9,47.8,4.2,8.0,35.5,8.0,"","","","","",""
"A0766","Yolo","West Sacramento","https://www.californiahealthmaps.org?address=A0766","Female","AllSite",167240,445.5,413.4,479.6,79435,474.5,432.2,520.8,"","","","",58600,430.1,364.8,505.1,15085,332.3,237.7,456.7,2,66545,12.8,14.8,23.9,47.8,4.2,8.0,35.5,8.0,"","","","","",""
"A0766","Yolo","West Sacramento","https://www.californiahealthmaps.org?address=A0766","Male","Prostate",165485,69.0,56.0,84.4,76525,60.6,46.1,79.6,"","","","",60890,91.6,59.6,136.5,13735,"","","",2,66545,12.8,14.8,23.9,47.8,4.2,8.0,35.5,8.0,"","","","","",""
"A0766","Yolo","West Sacramento","https://www.californiahealthmaps.org?address=A0766","Female","Breast",167240,119.9,103.8,138.1,79435,127.7,106.5,152.9,"","","","",58600,115.4,83.9,156.7,15085,"","","",2,66545,12.8,14.8,23.9,47.8,4.2,8.0,35.5,8.0,"","","","","",""
"A0766","Yolo","West Sacramento","https://www.californiahealthmaps.org?address=A0766","Male","Lung",165485,53.8,41.8,68.5,76525,55.8,40.9,75.4,"","","","",60890,"","","",13735,"","","",2,66545,12.8,14.8,23.9,47.8,4.2,8.0,35.5,8.0,"","","","","",""
"A0766","Yolo","West Sacramento","https://www.californiahealthmaps.org?address=A0766","Female","Lung",167240,58.2,46.7,71.9,79435,74.7,58.7,94.9,"","","","",58600,"","","",15085,"","","",2,66545,12.8,14.8,23.9,47.8,4.2,8.0,35.5,8.0,"","","","","",""
"A0766","Yolo","West Sacramento","https://www.californiahealthmaps.org?address=A0766","Male","CRC",165485,47.5,36.7,60.8,76525,53.6,39.4,72.4,"","","","",60890,53.1,29.4,90.4,13735,"","","",2,66545,12.8,14.8,23.9,47.8,4.2,8.0,35.5,8.0,"","","","","",""
"A0766","Yolo","West Sacramento","https://www.californiahealthmaps.org?address=A0766","Female","CRC",167240,40.7,31.3,52.2,79435,42.2,30.4,58.4,"","","","",58600,"","","",15085,"","","",2,66545,12.8,14.8,23.9,47.8,4.2,8.0,35.5,8.0,"","","","","",""
"A0766","Yolo","West Sacramento","https://www.californiahealthmaps.org?address=A0766","Male","Mela",165485,30.6,21.7,42.2,76525,46.0,32.5,64.4,"","","","",60890,"","","",13735,"","","",2,66545,12.8,14.8,23.9,47.8,4.2,8.0,35.5,8.0,"","","","","",""
"A0766","Yolo","West Sacramento","https://www.californiahealthmaps.org?address=A0766","Female","Mela",167240,15.5,10.1,22.9,79435,20.3,12.2,33.2,"","","","",58600,"","","",15085,"","","",2,66545,12.8,14.8,23.9,47.8,4.2,8.0,35.5,8.0,"","","","","",""
"A0766","Yolo","West Sacramento","https://www.californiahealthmaps.org?address=A0766","Female","Uterine",167240,31.7,23.8,41.7,79435,27.6,18.5,41.1,"","","","",58600,35.4,19.6,61.8,15085,"","","",2,66545,12.8,14.8,23.9,47.8,4.2,8.0,35.5,8.0,"","","","","",""
"A0766","Yolo","West Sacramento","https://www.californiahealthmaps.org?address=A0766","Male","Lymph",165485,20.3,13.4,29.8,76525,22.2,13.4,35.9,"","","","",60890,"","","",13735,"","","",2,66545,12.8,14.8,23.9,47.8,4.2,8.0,35.5,8.0,"","","","","",""
"A0766","Yolo","West Sacramento","https://www.californiahealthmaps.org?address=A0766","Female","Lymph",167240,13.9,8.7,21.2,79435,14.1,7.9,25.1,"","","","",58600,"","","",15085,"","","",2,66545,12.8,14.8,23.9,47.8,4.2,8.0,35.5,8.0,"","","","","",""
"A0766","Yolo","West Sacramento","https://www.californiahealthmaps.org?address=A0766","Male","Urinary",165485,24.2,16.0,35.3,76525,25.5,15.6,40.4,"","","","",60890,"","","",13735,"","","",2,66545,12.8,14.8,23.9,47.8,4.2,8.0,35.5,8.0,"","","","","",""
"A0766","Yolo","West Sacramento","https://www.californiahealthmaps.org?address=A0766","Female","Urinary",167240,"","","",79435,"","","","","","","",58600,"","","",15085,"","","",2,66545,12.8,14.8,23.9,47.8,4.2,8.0,35.5,8.0,"","","","","",""
"A0766","Yolo","West Sacramento","https://www.californiahealthmaps.org?address=A0766","Male","Kidney",165485,25.8,18.2,35.8,76525,28.4,18.4,43.1,"","","","",60890,"","","",13735,"","","",2,66545,12.8,14.8,23.9,47.8,4.2,8.0,35.5,8.0,"","","","","",""
"A0766","Yolo","West Sacramento","https://www.californiahealthmaps.org?address=A0766","Female","Kidney",167240,11.2,6.6,17.9,79435,"","","","","","","",58600,"","","",15085,"","","",2,66545,12.8,14.8,23.9,47.8,4.2,8.0,35.5,8.0,"","","","","",""
"A0766","Yolo","West Sacramento","https://www.californiahealthmaps.org?address=A0766","Male","Thyroid",165485,"","","",76525,"","","","","","","",60890,"","","",13735,"","","",2,66545,12.8,14.8,23.9,47.8,4.2,8.0,35.5,8.0,"","","","","",""
"A0766","Yolo","West Sacramento","https://www.californiahealthmaps.org?address=A0766","Female","Thyroid",167240,18.9,12.8,27.0,79435,23.7,14.1,38.3,"","","","",58600,"","","",15085,"","","",2,66545,12.8,14.8,23.9,47.8,4.2,8.0,35.5,8.0,"","","","","",""
"A0766","Yolo","West Sacramento","https://www.californiahealthmaps.org?address=A0766","Male","Liver",165485,19.1,12.6,28.2,76525,"","","","","","","",60890,"","","",13735,"","","",2,66545,12.8,14.8,23.9,47.8,4.2,8.0,35.5,8.0,"","","","","",""
"A0766","Yolo","West Sacramento","https://www.californiahealthmaps.org?address=A0766","Female","Liver",167240,8.4,4.7,14.2,79435,"","","","","","","",58600,"","","",15085,"","","",2,66545,12.8,14.8,23.9,47.8,4.2,8.0,35.5,8.0,"","","","","",""
"A0766","Yolo","West Sacramento","https://www.californiahealthmaps.org?address=A0766","Male","Pancreas",165485,19.6,12.6,29.3,76525,22.5,13.4,36.6,"","","","",60890,"","","",13735,"","","",2,66545,12.8,14.8,23.9,47.8,4.2,8.0,35.5,8.0,"","","","","",""
"A0766","Yolo","West Sacramento","https://www.californiahealthmaps.org?address=A0766","Female","Pancreas",167240,11.2,6.7,17.9,79435,"","","","","","","",58600,"","","",15085,"","","",2,66545,12.8,14.8,23.9,47.8,4.2,8.0,35.5,8.0,"","","","","",""
"A0766","Yolo","West Sacramento","https://www.californiahealthmaps.org?address=A0766","Both","AllSite",332725,444.8,421.2,469.4,155960,479.2,448.2,512.2,12210,570.7,427.3,762.2,119490,410.4,363.3,462.5,28820,278.2,211.8,361.8,2,66545,12.8,14.8,23.9,47.8,4.2,8.0,35.5,8.0,"","","","","",""
"A0766","Yolo","West Sacramento","https://www.californiahealthmaps.org?address=A0766","Both","Lung",332725,56.4,47.9,66.1,155960,66.2,54.9,79.6,12210,"","","",119490,31.8,18.9,50.7,28820,"","","",2,66545,12.8,14.8,23.9,47.8,4.2,8.0,35.5,8.0,"","","","","",""
"A0766","Yolo","West Sacramento","https://www.californiahealthmaps.org?address=A0766","Both","CRC",332725,43.8,36.6,52.1,155960,47.8,38.4,59.3,12210,"","","",119490,39.0,25.2,58.4,28820,"","","",2,66545,12.8,14.8,23.9,47.8,4.2,8.0,35.5,8.0,"","","","","",""
"A0766","Yolo","West Sacramento","https://www.californiahealthmaps.org?address=A0766","Both","Mela",332725,22.0,17.0,28.1,155960,31.3,23.7,41.2,12210,"","","",119490,"","","",28820,"","","",2,66545,12.8,14.8,23.9,47.8,4.2,8.0,35.5,8.0,"","","","","",""
"A0766","Yolo","West Sacramento","https://www.californiahealthmaps.org?address=A0766","Both","Lymph",332725,16.9,12.6,22.4,155960,18.0,12.4,25.8,12210,"","","",119490,"","","",28820,"","","",2,66545,12.8,14.8,23.9,47.8,4.2,8.0,35.5,8.0,"","","","","",""
"A0766","Yolo","West Sacramento","https://www.californiahealthmaps.org?address=A0766","Both","Urinary",332725,12.1,8.4,17.0,155960,12.5,8.1,19.2,12210,"","","",119490,"","","",28820,"","","",2,66545,12.8,14.8,23.9,47.8,4.2,8.0,35.5,8.0,"","","","","",""
"A0766","Yolo","West Sacramento","https://www.californiahealthmaps.org?address=A0766","Both","Kidney",332725,18.2,13.8,23.8,155960,18.6,13.0,26.5,12210,"","","",119490,17.9,10.0,31.0,28820,"","","",2,66545,12.8,14.8,23.9,47.8,4.2,8.0,35.5,8.0,"","","","","",""
"A0766","Yolo","West Sacramento","https://www.californiahealthmaps.org?address=A0766","Both","Thyroid",332725,11.6,8.2,16.1,155960,14.2,9.0,21.8,12210,"","","",119490,"","","",28820,"","","",2,66545,12.8,14.8,23.9,47.8,4.2,8.0,35.5,8.0,"","","","","",""
"A0766","Yolo","West Sacramento","https://www.californiahealthmaps.org?address=A0766","Both","Liver",332725,13.3,9.6,18.1,155960,10.2,6.3,16.3,12210,"","","",119490,24.2,13.6,40.5,28820,"","","",2,66545,12.8,14.8,23.9,47.8,4.2,8.0,35.5,8.0,"","","","","",""
"A0766","Yolo","West Sacramento","https://www.californiahealthmaps.org?address=A0766","Both","Pancreas",332725,15.0,10.8,20.2,155960,15.4,10.3,22.8,12210,"","","",119490,"","","",28820,"","","",2,66545,12.8,14.8,23.9,47.8,4.2,8.0,35.5,8.0,"","","","","",""
