"Zone","Counties","Cities","URL","Sex","Cancer","PopTot","AAIR","LCI","UCI","White_PopTot","White_AAIR","White_LCI","White_UCI","Black_PopTot","Black_AAIR","Black_LCI","Black_UCI","Hispanic_PopTot","Hispanic_AAIR","Hispanic_LCI","Hispanic_UCI","Asian_PopTot","Asian_AAIR","Asian_LCI","Asian_UCI","QNSES","PopAll","PerRural","PerUninsured","PerForeignBorn","PerWhite","PerBlack","PerAsian","PerHispanic","PerAPI","PerDocvisit","PerFOBT","PerMammo","PerMenPrev","PerPap","PerWomenPrev"
"A0513","Los Angeles","Whittier","https://www.californiahealthmaps.org?address=A0513","Male","AllSite",153025,455.0,418.8,493.7,23015,549.2,473.1,643.1,"","","","",121690,422.9,378.8,471.4,"","","","",3,63355,0.0,18.6,25.1,13.3,1.3,4.1,79.9,4.1,"","","","","",""
"A0513","Los Angeles","Whittier","https://www.californiahealthmaps.org?address=A0513","Female","AllSite",163750,387.6,358.3,418.8,24690,416.3,355.2,498.4,"","","","",130100,383.2,347.8,421.5,"","","","",3,63355,0.0,18.6,25.1,13.3,1.3,4.1,79.9,4.1,"","","","","",""
"A0513","Los Angeles","Whittier","https://www.californiahealthmaps.org?address=A0513","Male","Prostate",153025,101.0,84.4,120.1,23015,93.8,66.0,142.4,"","","","",121690,101.8,80.8,127.3,"","","","",3,63355,0.0,18.6,25.1,13.3,1.3,4.1,79.9,4.1,"","","","","",""
"A0513","Los Angeles","Whittier","https://www.californiahealthmaps.org?address=A0513","Female","Breast",163750,129.7,112.8,148.5,24690,144.6,109.5,203.5,"","","","",130100,124.2,104.4,146.9,"","","","",3,63355,0.0,18.6,25.1,13.3,1.3,4.1,79.9,4.1,"","","","","",""
"A0513","Los Angeles","Whittier","https://www.californiahealthmaps.org?address=A0513","Male","Lung",153025,36.0,25.9,48.9,23015,48.6,27.8,92.7,"","","","",121690,31.4,19.8,48.1,"","","","",3,63355,0.0,18.6,25.1,13.3,1.3,4.1,79.9,4.1,"","","","","",""
"A0513","Los Angeles","Whittier","https://www.californiahealthmaps.org?address=A0513","Female","Lung",163750,30.9,23.0,40.8,24690,45.0,27.7,90.8,"","","","",130100,23.9,15.4,35.7,"","","","",3,63355,0.0,18.6,25.1,13.3,1.3,4.1,79.9,4.1,"","","","","",""
"A0513","Los Angeles","Whittier","https://www.californiahealthmaps.org?address=A0513","Male","CRC",153025,53.4,41.7,67.8,23015,57.9,34.3,104.3,"","","","",121690,51.7,37.1,71.0,"","","","",3,63355,0.0,18.6,25.1,13.3,1.3,4.1,79.9,4.1,"","","","","",""
"A0513","Los Angeles","Whittier","https://www.californiahealthmaps.org?address=A0513","Female","CRC",163750,35.5,27.1,45.8,24690,44.9,27.8,90.5,"","","","",130100,30.4,21.1,42.8,"","","","",3,63355,0.0,18.6,25.1,13.3,1.3,4.1,79.9,4.1,"","","","","",""
"A0513","Los Angeles","Whittier","https://www.californiahealthmaps.org?address=A0513","Male","Mela",153025,23.8,16.0,34.2,23015,70.4,44.5,118.6,"","","","",121690,"","","","","","","",3,63355,0.0,18.6,25.1,13.3,1.3,4.1,79.9,4.1,"","","","","",""
"A0513","Los Angeles","Whittier","https://www.californiahealthmaps.org?address=A0513","Female","Mela",163750,"","","",24690,"","","","","","","",130100,"","","","","","","",3,63355,0.0,18.6,25.1,13.3,1.3,4.1,79.9,4.1,"","","","","",""
"A0513","Los Angeles","Whittier","https://www.californiahealthmaps.org?address=A0513","Female","Uterine",163750,26.1,19.0,35.1,24690,"","","","","","","",130100,28.3,19.5,40.2,"","","","",3,63355,0.0,18.6,25.1,13.3,1.3,4.1,79.9,4.1,"","","","","",""
"A0513","Los Angeles","Whittier","https://www.californiahealthmaps.org?address=A0513","Male","Lymph",153025,26.2,18.0,37.3,23015,"","","","","","","",121690,28.2,17.5,43.8,"","","","",3,63355,0.0,18.6,25.1,13.3,1.3,4.1,79.9,4.1,"","","","","",""
"A0513","Los Angeles","Whittier","https://www.californiahealthmaps.org?address=A0513","Female","Lymph",163750,18.1,12.2,26.0,24690,"","","","","","","",130100,18.9,11.8,29.2,"","","","",3,63355,0.0,18.6,25.1,13.3,1.3,4.1,79.9,4.1,"","","","","",""
"A0513","Los Angeles","Whittier","https://www.californiahealthmaps.org?address=A0513","Male","Urinary",153025,"","","",23015,"","","","","","","",121690,"","","","","","","",3,63355,0.0,18.6,25.1,13.3,1.3,4.1,79.9,4.1,"","","","","",""
"A0513","Los Angeles","Whittier","https://www.californiahealthmaps.org?address=A0513","Female","Urinary",163750,"","","",24690,"","","","","","","",130100,"","","","","","","",3,63355,0.0,18.6,25.1,13.3,1.3,4.1,79.9,4.1,"","","","","",""
"A0513","Los Angeles","Whittier","https://www.californiahealthmaps.org?address=A0513","Male","Kidney",153025,24.5,16.8,34.9,23015,"","","","","","","",121690,26.2,15.9,41.4,"","","","",3,63355,0.0,18.6,25.1,13.3,1.3,4.1,79.9,4.1,"","","","","",""
"A0513","Los Angeles","Whittier","https://www.californiahealthmaps.org?address=A0513","Female","Kidney",163750,21.6,15.1,30.2,24690,"","","","","","","",130100,22.6,14.5,33.9,"","","","",3,63355,0.0,18.6,25.1,13.3,1.3,4.1,79.9,4.1,"","","","","",""
"A0513","Los Angeles","Whittier","https://www.californiahealthmaps.org?address=A0513","Male","Thyroid",153025,"","","",23015,"","","","","","","",121690,"","","","","","","",3,63355,0.0,18.6,25.1,13.3,1.3,4.1,79.9,4.1,"","","","","",""
"A0513","Los Angeles","Whittier","https://www.californiahealthmaps.org?address=A0513","Female","Thyroid",163750,18.3,12.4,26.2,24690,"","","","","","","",130100,19.6,12.6,29.6,"","","","",3,63355,0.0,18.6,25.1,13.3,1.3,4.1,79.9,4.1,"","","","","",""
"A0513","Los Angeles","Whittier","https://www.californiahealthmaps.org?address=A0513","Male","Liver",153025,35.7,26.1,47.9,23015,"","","","","","","",121690,40.2,27.3,57.9,"","","","",3,63355,0.0,18.6,25.1,13.3,1.3,4.1,79.9,4.1,"","","","","",""
"A0513","Los Angeles","Whittier","https://www.californiahealthmaps.org?address=A0513","Female","Liver",163750,8.4,4.7,14.2,24690,"","","","","","","",130100,"","","","","","","",3,63355,0.0,18.6,25.1,13.3,1.3,4.1,79.9,4.1,"","","","","",""
"A0513","Los Angeles","Whittier","https://www.californiahealthmaps.org?address=A0513","Male","Pancreas",153025,"","","",23015,"","","","","","","",121690,"","","","","","","",3,63355,0.0,18.6,25.1,13.3,1.3,4.1,79.9,4.1,"","","","","",""
"A0513","Los Angeles","Whittier","https://www.californiahealthmaps.org?address=A0513","Female","Pancreas",163750,11.9,7.4,18.4,24690,"","","","","","","",130100,13.3,7.4,22.5,"","","","",3,63355,0.0,18.6,25.1,13.3,1.3,4.1,79.9,4.1,"","","","","",""
"A0513","Los Angeles","Whittier","https://www.californiahealthmaps.org?address=A0513","Both","AllSite",316775,412.3,389.7,436.0,47705,473.7,425.3,531.0,"","","","",251790,395.5,368.0,424.6,10565,283.2,201.6,412.7,3,63355,0.0,18.6,25.1,13.3,1.3,4.1,79.9,4.1,"","","","","",""
"A0513","Los Angeles","Whittier","https://www.californiahealthmaps.org?address=A0513","Both","Lung",316775,33.0,26.6,40.5,47705,45.9,32.2,71.0,"","","","",251790,27.0,19.8,36.0,10565,"","","",3,63355,0.0,18.6,25.1,13.3,1.3,4.1,79.9,4.1,"","","","","",""
"A0513","Los Angeles","Whittier","https://www.californiahealthmaps.org?address=A0513","Both","CRC",316775,43.5,36.4,51.7,47705,52.2,37.0,78.8,"","","","",251790,39.2,30.9,49.2,10565,"","","",3,63355,0.0,18.6,25.1,13.3,1.3,4.1,79.9,4.1,"","","","","",""
"A0513","Los Angeles","Whittier","https://www.californiahealthmaps.org?address=A0513","Both","Mela",316775,14.0,10.1,18.9,47705,41.2,27.5,66.6,"","","","",251790,"","","",10565,"","","",3,63355,0.0,18.6,25.1,13.3,1.3,4.1,79.9,4.1,"","","","","",""
"A0513","Los Angeles","Whittier","https://www.californiahealthmaps.org?address=A0513","Both","Lymph",316775,21.0,16.2,27.0,47705,15.8,8.7,36.5,"","","","",251790,22.5,16.3,30.4,10565,"","","",3,63355,0.0,18.6,25.1,13.3,1.3,4.1,79.9,4.1,"","","","","",""
"A0513","Los Angeles","Whittier","https://www.californiahealthmaps.org?address=A0513","Both","Urinary",316775,5.7,3.3,9.3,47705,"","","","","","","",251790,"","","",10565,"","","",3,63355,0.0,18.6,25.1,13.3,1.3,4.1,79.9,4.1,"","","","","",""
"A0513","Los Angeles","Whittier","https://www.californiahealthmaps.org?address=A0513","Both","Kidney",316775,22.5,17.5,28.7,47705,27.9,15.6,53.1,"","","","",251790,23.6,17.2,31.8,10565,"","","",3,63355,0.0,18.6,25.1,13.3,1.3,4.1,79.9,4.1,"","","","","",""
"A0513","Los Angeles","Whittier","https://www.californiahealthmaps.org?address=A0513","Both","Thyroid",316775,12.4,8.8,17.1,47705,"","","","","","","",251790,12.8,8.6,18.8,10565,"","","",3,63355,0.0,18.6,25.1,13.3,1.3,4.1,79.9,4.1,"","","","","",""
"A0513","Los Angeles","Whittier","https://www.californiahealthmaps.org?address=A0513","Both","Liver",316775,20.3,15.5,26.1,47705,20.2,10.9,42.7,"","","","",251790,23.7,17.2,32.0,10565,"","","",3,63355,0.0,18.6,25.1,13.3,1.3,4.1,79.9,4.1,"","","","","",""
"A0513","Los Angeles","Whittier","https://www.californiahealthmaps.org?address=A0513","Both","Pancreas",316775,10.9,7.5,15.4,47705,"","","","","","","",251790,11.3,7.0,17.4,10565,"","","",3,63355,0.0,18.6,25.1,13.3,1.3,4.1,79.9,4.1,"","","","","",""
