"Zone","Counties","Cities","URL","Sex","Cancer","PopTot","AAIR","LCI","UCI","White_PopTot","White_AAIR","White_LCI","White_UCI","Black_PopTot","Black_AAIR","Black_LCI","Black_UCI","Hispanic_PopTot","Hispanic_AAIR","Hispanic_LCI","Hispanic_UCI","Asian_PopTot","Asian_AAIR","Asian_LCI","Asian_UCI","QNSES","PopAll","PerRural","PerUninsured","PerForeignBorn","PerWhite","PerBlack","PerAsian","PerHispanic","PerAPI","PerDocvisit","PerFOBT","PerMammo","PerMenPrev","PerPap","PerWomenPrev"
"A0707","Los Angeles","Los Angeles","https://www.californiahealthmaps.org?address=A0707","Male","AllSite",158290,478.4,447.4,511.7,116945,473.5,439.5,510.5,"","","","",18485,514.8,370.0,705.6,"","","","",5,66452,0.0,13.5,32.8,72.8,3.8,7.1,12.1,7.1,64.8,63.5,79.6,29.4,87.3,34.6
"A0707","Los Angeles","Los Angeles","https://www.californiahealthmaps.org?address=A0707","Female","AllSite",173970,449.8,422.2,479.4,124605,455.2,423.7,489.7,"","","","",22600,395.5,309.4,504.6,12635,423.0,311.4,582.4,5,66452,0.0,13.5,32.8,72.8,3.8,7.1,12.1,7.1,64.8,63.5,79.6,29.4,87.3,34.6
"A0707","Los Angeles","Los Angeles","https://www.californiahealthmaps.org?address=A0707","Male","Prostate",158290,109.7,95.2,126.4,116945,99.1,84.2,117.1,"","","","",18485,"","","","","","","",5,66452,0.0,13.5,32.8,72.8,3.8,7.1,12.1,7.1,64.8,63.5,79.6,29.4,87.3,34.6
"A0707","Los Angeles","Los Angeles","https://www.californiahealthmaps.org?address=A0707","Female","Breast",173970,164.4,147.6,183.4,124605,168.6,149.1,191.2,"","","","",22600,124.6,81.3,191.8,12635,192.1,118.5,318.0,5,66452,0.0,13.5,32.8,72.8,3.8,7.1,12.1,7.1,64.8,63.5,79.6,29.4,87.3,34.6
"A0707","Los Angeles","Los Angeles","https://www.californiahealthmaps.org?address=A0707","Male","Lung",158290,43.1,34.2,54.3,116945,44.6,34.9,57.5,"","","","",18485,"","","","","","","",5,66452,0.0,13.5,32.8,72.8,3.8,7.1,12.1,7.1,64.8,63.5,79.6,29.4,87.3,34.6
"A0707","Los Angeles","Los Angeles","https://www.californiahealthmaps.org?address=A0707","Female","Lung",173970,40.7,33.0,50.5,124605,42.9,34.3,54.6,"","","","",22600,"","","",12635,"","","",5,66452,0.0,13.5,32.8,72.8,3.8,7.1,12.1,7.1,64.8,63.5,79.6,29.4,87.3,34.6
"A0707","Los Angeles","Los Angeles","https://www.californiahealthmaps.org?address=A0707","Male","CRC",158290,51.1,41.2,63.3,116945,51.7,40.8,66.1,"","","","",18485,"","","","","","","",5,66452,0.0,13.5,32.8,72.8,3.8,7.1,12.1,7.1,64.8,63.5,79.6,29.4,87.3,34.6
"A0707","Los Angeles","Los Angeles","https://www.californiahealthmaps.org?address=A0707","Female","CRC",173970,27.7,21.4,36.3,124605,26.4,19.7,36.5,"","","","",22600,"","","",12635,"","","",5,66452,0.0,13.5,32.8,72.8,3.8,7.1,12.1,7.1,64.8,63.5,79.6,29.4,87.3,34.6
"A0707","Los Angeles","Los Angeles","https://www.californiahealthmaps.org?address=A0707","Male","Mela",158290,36.3,28.2,46.8,116945,39.1,30.0,51.5,"","","","",18485,"","","","","","","",5,66452,0.0,13.5,32.8,72.8,3.8,7.1,12.1,7.1,64.8,63.5,79.6,29.4,87.3,34.6
"A0707","Los Angeles","Los Angeles","https://www.californiahealthmaps.org?address=A0707","Female","Mela",173970,13.3,8.9,20.2,124605,14.2,8.8,23.4,"","","","",22600,"","","",12635,"","","",5,66452,0.0,13.5,32.8,72.8,3.8,7.1,12.1,7.1,64.8,63.5,79.6,29.4,87.3,34.6
"A0707","Los Angeles","Los Angeles","https://www.californiahealthmaps.org?address=A0707","Female","Uterine",173970,29.0,22.4,37.9,124605,25.1,18.4,35.2,"","","","",22600,"","","",12635,"","","",5,66452,0.0,13.5,32.8,72.8,3.8,7.1,12.1,7.1,64.8,63.5,79.6,29.4,87.3,34.6
"A0707","Los Angeles","Los Angeles","https://www.californiahealthmaps.org?address=A0707","Male","Lymph",158290,30.9,23.4,40.8,116945,30.3,22.3,41.8,"","","","",18485,"","","","","","","",5,66452,0.0,13.5,32.8,72.8,3.8,7.1,12.1,7.1,64.8,63.5,79.6,29.4,87.3,34.6
"A0707","Los Angeles","Los Angeles","https://www.californiahealthmaps.org?address=A0707","Female","Lymph",173970,23.7,17.6,32.1,124605,23.5,16.7,33.9,"","","","",22600,"","","",12635,"","","",5,66452,0.0,13.5,32.8,72.8,3.8,7.1,12.1,7.1,64.8,63.5,79.6,29.4,87.3,34.6
"A0707","Los Angeles","Los Angeles","https://www.californiahealthmaps.org?address=A0707","Male","Urinary",158290,16.9,11.6,24.7,116945,15.9,10.4,25.1,"","","","",18485,"","","","","","","",5,66452,0.0,13.5,32.8,72.8,3.8,7.1,12.1,7.1,64.8,63.5,79.6,29.4,87.3,34.6
"A0707","Los Angeles","Los Angeles","https://www.californiahealthmaps.org?address=A0707","Female","Urinary",173970,"","","",124605,"","","","","","","",22600,"","","",12635,"","","",5,66452,0.0,13.5,32.8,72.8,3.8,7.1,12.1,7.1,64.8,63.5,79.6,29.4,87.3,34.6
"A0707","Los Angeles","Los Angeles","https://www.californiahealthmaps.org?address=A0707","Male","Kidney",158290,20.1,14.2,28.6,116945,22.4,15.5,33.0,"","","","",18485,"","","","","","","",5,66452,0.0,13.5,32.8,72.8,3.8,7.1,12.1,7.1,64.8,63.5,79.6,29.4,87.3,34.6
"A0707","Los Angeles","Los Angeles","https://www.californiahealthmaps.org?address=A0707","Female","Kidney",173970,9.5,5.9,15.5,124605,8.2,4.8,15.6,"","","","",22600,"","","",12635,"","","",5,66452,0.0,13.5,32.8,72.8,3.8,7.1,12.1,7.1,64.8,63.5,79.6,29.4,87.3,34.6
"A0707","Los Angeles","Los Angeles","https://www.californiahealthmaps.org?address=A0707","Male","Thyroid",158290,13.5,8.7,20.9,116945,15.3,9.6,24.7,"","","","",18485,"","","","","","","",5,66452,0.0,13.5,32.8,72.8,3.8,7.1,12.1,7.1,64.8,63.5,79.6,29.4,87.3,34.6
"A0707","Los Angeles","Los Angeles","https://www.californiahealthmaps.org?address=A0707","Female","Thyroid",173970,27.3,20.4,36.6,124605,31.5,22.5,44.1,"","","","",22600,"","","",12635,"","","",5,66452,0.0,13.5,32.8,72.8,3.8,7.1,12.1,7.1,64.8,63.5,79.6,29.4,87.3,34.6
"A0707","Los Angeles","Los Angeles","https://www.californiahealthmaps.org?address=A0707","Male","Liver",158290,"","","",116945,"","","","","","","",18485,"","","","","","","",5,66452,0.0,13.5,32.8,72.8,3.8,7.1,12.1,7.1,64.8,63.5,79.6,29.4,87.3,34.6
"A0707","Los Angeles","Los Angeles","https://www.californiahealthmaps.org?address=A0707","Female","Liver",173970,"","","",124605,"","","","","","","",22600,"","","",12635,"","","",5,66452,0.0,13.5,32.8,72.8,3.8,7.1,12.1,7.1,64.8,63.5,79.6,29.4,87.3,34.6
"A0707","Los Angeles","Los Angeles","https://www.californiahealthmaps.org?address=A0707","Male","Pancreas",158290,21.5,15.3,30.2,116945,18.2,12.3,27.7,"","","","",18485,"","","","","","","",5,66452,0.0,13.5,32.8,72.8,3.8,7.1,12.1,7.1,64.8,63.5,79.6,29.4,87.3,34.6
"A0707","Los Angeles","Los Angeles","https://www.californiahealthmaps.org?address=A0707","Female","Pancreas",173970,15.5,11.0,22.4,124605,15.4,10.5,23.9,"","","","",22600,"","","",12635,"","","",5,66452,0.0,13.5,32.8,72.8,3.8,7.1,12.1,7.1,64.8,63.5,79.6,29.4,87.3,34.6
"A0707","Los Angeles","Los Angeles","https://www.californiahealthmaps.org?address=A0707","Both","AllSite",332260,458.4,437.9,480.0,241550,459.0,436.1,483.4,13615,567.8,410.1,778.6,41085,434.0,357.2,525.8,21875,405.7,319.3,516.6,5,66452,0.0,13.5,32.8,72.8,3.8,7.1,12.1,7.1,64.8,63.5,79.6,29.4,87.3,34.6
"A0707","Los Angeles","Los Angeles","https://www.californiahealthmaps.org?address=A0707","Both","Lung",332260,41.6,35.8,48.6,241550,43.4,36.9,51.4,13615,"","","",41085,"","","",21875,"","","",5,66452,0.0,13.5,32.8,72.8,3.8,7.1,12.1,7.1,64.8,63.5,79.6,29.4,87.3,34.6
"A0707","Los Angeles","Los Angeles","https://www.californiahealthmaps.org?address=A0707","Both","CRC",332260,38.2,32.5,45.1,241550,38.2,31.8,46.2,13615,"","","",41085,"","","",21875,"","","",5,66452,0.0,13.5,32.8,72.8,3.8,7.1,12.1,7.1,64.8,63.5,79.6,29.4,87.3,34.6
"A0707","Los Angeles","Los Angeles","https://www.californiahealthmaps.org?address=A0707","Both","Mela",332260,23.0,18.6,28.5,241550,24.8,19.7,31.5,13615,"","","",41085,"","","",21875,"","","",5,66452,0.0,13.5,32.8,72.8,3.8,7.1,12.1,7.1,64.8,63.5,79.6,29.4,87.3,34.6
"A0707","Los Angeles","Los Angeles","https://www.californiahealthmaps.org?address=A0707","Both","Lymph",332260,26.8,22.0,32.7,241550,26.5,21.2,33.4,13615,"","","",41085,"","","",21875,"","","",5,66452,0.0,13.5,32.8,72.8,3.8,7.1,12.1,7.1,64.8,63.5,79.6,29.4,87.3,34.6
"A0707","Los Angeles","Los Angeles","https://www.californiahealthmaps.org?address=A0707","Both","Urinary",332260,9.7,7.0,13.6,241550,9.5,6.7,14.2,13615,"","","",41085,"","","",21875,"","","",5,66452,0.0,13.5,32.8,72.8,3.8,7.1,12.1,7.1,64.8,63.5,79.6,29.4,87.3,34.6
"A0707","Los Angeles","Los Angeles","https://www.californiahealthmaps.org?address=A0707","Both","Kidney",332260,14.1,10.8,18.7,241550,14.8,10.9,20.4,13615,"","","",41085,"","","",21875,"","","",5,66452,0.0,13.5,32.8,72.8,3.8,7.1,12.1,7.1,64.8,63.5,79.6,29.4,87.3,34.6
"A0707","Los Angeles","Los Angeles","https://www.californiahealthmaps.org?address=A0707","Both","Thyroid",332260,20.4,16.1,25.9,241550,23.0,17.7,30.1,13615,"","","",41085,"","","",21875,"","","",5,66452,0.0,13.5,32.8,72.8,3.8,7.1,12.1,7.1,64.8,63.5,79.6,29.4,87.3,34.6
"A0707","Los Angeles","Los Angeles","https://www.californiahealthmaps.org?address=A0707","Both","Liver",332260,4.1,2.5,7.1,241550,3.8,2.1,7.5,13615,"","","",41085,"","","",21875,"","","",5,66452,0.0,13.5,32.8,72.8,3.8,7.1,12.1,7.1,64.8,63.5,79.6,29.4,87.3,34.6
"A0707","Los Angeles","Los Angeles","https://www.californiahealthmaps.org?address=A0707","Both","Pancreas",332260,18.3,14.4,23.2,241550,16.7,12.8,22.2,13615,"","","",41085,"","","",21875,"","","",5,66452,0.0,13.5,32.8,72.8,3.8,7.1,12.1,7.1,64.8,63.5,79.6,29.4,87.3,34.6
