"Zone","Counties","Cities","URL","Sex","Cancer","PopTot","AAIR","LCI","UCI","White_PopTot","White_AAIR","White_LCI","White_UCI","Black_PopTot","Black_AAIR","Black_LCI","Black_UCI","Hispanic_PopTot","Hispanic_AAIR","Hispanic_LCI","Hispanic_UCI","Asian_PopTot","Asian_AAIR","Asian_LCI","Asian_UCI","QNSES","PopAll","PerRural","PerUninsured","PerForeignBorn","PerWhite","PerBlack","PerAsian","PerHispanic"
"A0897","Los Angeles","Los Angeles","https://www.californiahealthmaps.org?address=A0897","Male","AllSite",149000,444.1,400.9,491.1,30515,475.5,410.8,552.6,"","","","",90535,425.7,341.5,529.2,18000,409.1,306.0,542.1,2,58966,0.0,27.3,45.3,18.3,4.0,13.1,62.4
"A0897","Los Angeles","Los Angeles","https://www.californiahealthmaps.org?address=A0897","Female","AllSite",145830,381.0,347.4,417.3,31535,449.8,385.4,528.1,"","","","",84470,376.0,315.6,446.8,19555,380.0,298.5,479.9,2,58966,0.0,27.3,45.3,18.3,4.0,13.1,62.4
"A0897","Los Angeles","Los Angeles","https://www.californiahealthmaps.org?address=A0897","Male","Prostate",149000,84.1,65.7,106.5,30515,73.2,49.9,110.8,"","","","",90535,84.5,50.2,140.0,18000,"","","",2,58966,0.0,27.3,45.3,18.3,4.0,13.1,62.4
"A0897","Los Angeles","Los Angeles","https://www.californiahealthmaps.org?address=A0897","Female","Breast",145830,126.3,107.4,147.9,31535,143.4,108.0,194.1,"","","","",84470,102.6,74.6,140.7,19555,139.4,94.3,202.8,2,58966,0.0,27.3,45.3,18.3,4.0,13.1,62.4
"A0897","Los Angeles","Los Angeles","https://www.californiahealthmaps.org?address=A0897","Male","Lung",149000,49.7,35.5,68.3,30515,66.8,43.8,104.5,"","","","",90535,"","","",18000,"","","",2,58966,0.0,27.3,45.3,18.3,4.0,13.1,62.4
"A0897","Los Angeles","Los Angeles","https://www.californiahealthmaps.org?address=A0897","Female","Lung",145830,30.7,21.2,43.1,31535,44.4,28.3,77.4,"","","","",84470,"","","",19555,"","","",2,58966,0.0,27.3,45.3,18.3,4.0,13.1,62.4
"A0897","Los Angeles","Los Angeles","https://www.californiahealthmaps.org?address=A0897","Male","CRC",149000,49.7,36.1,67.4,30515,49.7,29.7,85.2,"","","","",90535,47.8,23.8,93.8,18000,"","","",2,58966,0.0,27.3,45.3,18.3,4.0,13.1,62.4
"A0897","Los Angeles","Los Angeles","https://www.californiahealthmaps.org?address=A0897","Female","CRC",145830,28.4,19.7,40.1,31535,"","","","","","","",84470,43.5,23.4,75.7,19555,"","","",2,58966,0.0,27.3,45.3,18.3,4.0,13.1,62.4
"A0897","Los Angeles","Los Angeles","https://www.californiahealthmaps.org?address=A0897","Male","Mela",149000,11.2,5.5,21.2,30515,"","","","","","","",90535,"","","",18000,"","","",2,58966,0.0,27.3,45.3,18.3,4.0,13.1,62.4
"A0897","Los Angeles","Los Angeles","https://www.californiahealthmaps.org?address=A0897","Female","Mela",145830,10.4,5.5,18.4,31535,"","","","","","","",84470,"","","",19555,"","","",2,58966,0.0,27.3,45.3,18.3,4.0,13.1,62.4
"A0897","Los Angeles","Los Angeles","https://www.californiahealthmaps.org?address=A0897","Female","Uterine",145830,28.5,19.8,40.0,31535,"","","","","","","",84470,32.1,17.3,58.0,19555,"","","",2,58966,0.0,27.3,45.3,18.3,4.0,13.1,62.4
"A0897","Los Angeles","Los Angeles","https://www.californiahealthmaps.org?address=A0897","Male","Lymph",149000,27.1,17.4,41.0,30515,"","","","","","","",90535,"","","",18000,"","","",2,58966,0.0,27.3,45.3,18.3,4.0,13.1,62.4
"A0897","Los Angeles","Los Angeles","https://www.californiahealthmaps.org?address=A0897","Female","Lymph",145830,12.8,7.3,21.3,31535,"","","","","","","",84470,"","","",19555,"","","",2,58966,0.0,27.3,45.3,18.3,4.0,13.1,62.4
"A0897","Los Angeles","Los Angeles","https://www.californiahealthmaps.org?address=A0897","Male","Urinary",149000,20.2,11.3,33.7,30515,33.5,18.6,64.0,"","","","",90535,"","","",18000,"","","",2,58966,0.0,27.3,45.3,18.3,4.0,13.1,62.4
"A0897","Los Angeles","Los Angeles","https://www.californiahealthmaps.org?address=A0897","Female","Urinary",145830,3.2,0.8,8.8,31535,"","","","","","","",84470,"","","",19555,"","","",2,58966,0.0,27.3,45.3,18.3,4.0,13.1,62.4
"A0897","Los Angeles","Los Angeles","https://www.californiahealthmaps.org?address=A0897","Male","Kidney",149000,36.3,24.6,52.3,30515,52.5,32.3,87.8,"","","","",90535,"","","",18000,"","","",2,58966,0.0,27.3,45.3,18.3,4.0,13.1,62.4
"A0897","Los Angeles","Los Angeles","https://www.californiahealthmaps.org?address=A0897","Female","Kidney",145830,8.9,4.5,16.1,31535,"","","","","","","",84470,"","","",19555,"","","",2,58966,0.0,27.3,45.3,18.3,4.0,13.1,62.4
"A0897","Los Angeles","Los Angeles","https://www.californiahealthmaps.org?address=A0897","Male","Thyroid",149000,5.2,2.0,12.6,30515,"","","","","","","",90535,"","","",18000,"","","",2,58966,0.0,27.3,45.3,18.3,4.0,13.1,62.4
"A0897","Los Angeles","Los Angeles","https://www.californiahealthmaps.org?address=A0897","Female","Thyroid",145830,20.6,13.7,30.2,31535,"","","","","","","",84470,"","","",19555,"","","",2,58966,0.0,27.3,45.3,18.3,4.0,13.1,62.4
"A0897","Los Angeles","Los Angeles","https://www.californiahealthmaps.org?address=A0897","Both","AllSite",294830,402.2,375.8,430.1,62050,451.0,406.4,501.8,13775,429.9,282.5,666.5,175005,385.0,336.4,440.0,37555,387.9,323.5,463.2,2,58966,0.0,27.3,45.3,18.3,4.0,13.1,62.4
"A0897","Los Angeles","Los Angeles","https://www.californiahealthmaps.org?address=A0897","Both","Lung",294830,39.3,30.9,49.4,62050,54.5,40.4,75.5,13775,"","","",175005,"","","",37555,"","","",2,58966,0.0,27.3,45.3,18.3,4.0,13.1,62.4
"A0897","Los Angeles","Los Angeles","https://www.californiahealthmaps.org?address=A0897","Both","CRC",294830,37.8,30.0,47.3,62050,32.8,21.8,51.3,13775,"","","",175005,45.3,29.4,68.6,37555,"","","",2,58966,0.0,27.3,45.3,18.3,4.0,13.1,62.4
"A0897","Los Angeles","Los Angeles","https://www.californiahealthmaps.org?address=A0897","Both","Mela",294830,11.1,7.1,16.8,62050,19.5,11.5,35.5,13775,"","","",175005,"","","",37555,"","","",2,58966,0.0,27.3,45.3,18.3,4.0,13.1,62.4
"A0897","Los Angeles","Los Angeles","https://www.californiahealthmaps.org?address=A0897","Both","Lymph",294830,19.1,13.7,26.2,62050,20.6,11.8,37.4,13775,"","","",175005,23.3,12.5,41.7,37555,"","","",2,58966,0.0,27.3,45.3,18.3,4.0,13.1,62.4
"A0897","Los Angeles","Los Angeles","https://www.californiahealthmaps.org?address=A0897","Both","Urinary",294830,9.4,5.7,14.9,62050,15.7,8.9,30.5,13775,"","","",175005,"","","",37555,"","","",2,58966,0.0,27.3,45.3,18.3,4.0,13.1,62.4
"A0897","Los Angeles","Los Angeles","https://www.californiahealthmaps.org?address=A0897","Both","Kidney",294830,20.1,14.6,27.2,62050,27.0,17.2,44.4,13775,"","","",175005,17.5,9.3,33.0,37555,"","","",2,58966,0.0,27.3,45.3,18.3,4.0,13.1,62.4
"A0897","Los Angeles","Los Angeles","https://www.californiahealthmaps.org?address=A0897","Both","Thyroid",294830,13.1,9.1,18.7,62050,"","","",13775,"","","",175005,"","","",37555,"","","",2,58966,0.0,27.3,45.3,18.3,4.0,13.1,62.4
