"Zone","Counties","Cities","URL","Sex","Cancer","PopTot","AAIR","LCI","UCI","White_PopTot","White_AAIR","White_LCI","White_UCI","Black_PopTot","Black_AAIR","Black_LCI","Black_UCI","Hispanic_PopTot","Hispanic_AAIR","Hispanic_LCI","Hispanic_UCI","Asian_PopTot","Asian_AAIR","Asian_LCI","Asian_UCI","QNSES","PopAll","PerRural","PerUninsured","PerForeignBorn","PerWhite","PerBlack","PerAsian","PerHispanic","PerAPI","PerDocvisit","PerFOBT","PerMammo","PerMenPrev","PerPap","PerWomenPrev"
"A1109","Los Angeles","Los Angeles","https://www.californiahealthmaps.org?address=A1109","Male","AllSite",153195,444.3,409.2,481.9,32620,495.9,434.0,570.1,"","","","",91860,415.7,357.3,482.2,20115,357.4,277.5,458.4,3,61631,0.0,22.7,41.4,20.8,3.4,14.7,59.4,14.7,61.5,51.5,77.9,20.9,84.0,26.0
"A1109","Los Angeles","Los Angeles","https://www.californiahealthmaps.org?address=A1109","Female","AllSite",154960,368.7,340.0,399.2,32515,350.5,300.9,414.7,"","","","",91400,343.5,300.5,391.7,22505,451.1,375.1,544.3,3,61631,0.0,22.7,41.4,20.8,3.4,14.7,59.4,14.7,61.5,51.5,77.9,20.9,84.0,26.0
"A1109","Los Angeles","Los Angeles","https://www.californiahealthmaps.org?address=A1109","Male","Prostate",153195,108.1,91.2,127.6,32620,118.2,91.4,158.3,"","","","",91860,100.0,72.2,136.4,20115,"","","",3,61631,0.0,22.7,41.4,20.8,3.4,14.7,59.4,14.7,61.5,51.5,77.9,20.9,84.0,26.0
"A1109","Los Angeles","Los Angeles","https://www.californiahealthmaps.org?address=A1109","Female","Breast",154960,113.1,97.3,130.8,32515,117.0,88.4,162.2,"","","","",91400,86.8,66.8,112.0,22505,159.1,115.7,220.7,3,61631,0.0,22.7,41.4,20.8,3.4,14.7,59.4,14.7,61.5,51.5,77.9,20.9,84.0,26.0
"A1109","Los Angeles","Los Angeles","https://www.californiahealthmaps.org?address=A1109","Male","Lung",153195,49.9,38.1,64.4,32620,51.5,34.4,83.5,"","","","",91860,55.8,34.2,86.8,20115,"","","",3,61631,0.0,22.7,41.4,20.8,3.4,14.7,59.4,14.7,61.5,51.5,77.9,20.9,84.0,26.0
"A1109","Los Angeles","Los Angeles","https://www.californiahealthmaps.org?address=A1109","Female","Lung",154960,29.5,21.9,39.0,32515,42.4,28.5,75.2,"","","","",91400,"","","",22505,"","","",3,61631,0.0,22.7,41.4,20.8,3.4,14.7,59.4,14.7,61.5,51.5,77.9,20.9,84.0,26.0
"A1109","Los Angeles","Los Angeles","https://www.californiahealthmaps.org?address=A1109","Male","CRC",153195,48.8,37.7,62.6,32620,50.0,32.5,82.5,"","","","",91860,44.0,25.8,71.4,20115,"","","",3,61631,0.0,22.7,41.4,20.8,3.4,14.7,59.4,14.7,61.5,51.5,77.9,20.9,84.0,26.0
"A1109","Los Angeles","Los Angeles","https://www.californiahealthmaps.org?address=A1109","Female","CRC",154960,34.0,25.9,44.2,32515,30.4,18.4,62.3,"","","","",91400,37.4,23.9,56.6,22505,"","","",3,61631,0.0,22.7,41.4,20.8,3.4,14.7,59.4,14.7,61.5,51.5,77.9,20.9,84.0,26.0
"A1109","Los Angeles","Los Angeles","https://www.californiahealthmaps.org?address=A1109","Male","Mela",153195,18.0,11.5,27.2,32620,41.4,23.5,75.5,"","","","",91860,"","","",20115,"","","",3,61631,0.0,22.7,41.4,20.8,3.4,14.7,59.4,14.7,61.5,51.5,77.9,20.9,84.0,26.0
"A1109","Los Angeles","Los Angeles","https://www.californiahealthmaps.org?address=A1109","Female","Mela",154960,"","","",32515,"","","","","","","",91400,"","","",22505,"","","",3,61631,0.0,22.7,41.4,20.8,3.4,14.7,59.4,14.7,61.5,51.5,77.9,20.9,84.0,26.0
"A1109","Los Angeles","Los Angeles","https://www.californiahealthmaps.org?address=A1109","Female","Uterine",154960,21.0,14.7,29.4,32515,"","","","","","","",91400,20.7,11.4,35.5,22505,"","","",3,61631,0.0,22.7,41.4,20.8,3.4,14.7,59.4,14.7,61.5,51.5,77.9,20.9,84.0,26.0
"A1109","Los Angeles","Los Angeles","https://www.californiahealthmaps.org?address=A1109","Male","Lymph",153195,26.9,18.9,37.3,32620,36.4,20.7,68.1,"","","","",91860,"","","",20115,"","","",3,61631,0.0,22.7,41.4,20.8,3.4,14.7,59.4,14.7,61.5,51.5,77.9,20.9,84.0,26.0
"A1109","Los Angeles","Los Angeles","https://www.californiahealthmaps.org?address=A1109","Female","Lymph",154960,15.3,10.0,22.7,32515,"","","","","","","",91400,"","","",22505,"","","",3,61631,0.0,22.7,41.4,20.8,3.4,14.7,59.4,14.7,61.5,51.5,77.9,20.9,84.0,26.0
"A1109","Los Angeles","Los Angeles","https://www.californiahealthmaps.org?address=A1109","Male","Urinary",153195,20.3,13.3,29.9,32620,"","","","","","","",91860,"","","",20115,"","","",3,61631,0.0,22.7,41.4,20.8,3.4,14.7,59.4,14.7,61.5,51.5,77.9,20.9,84.0,26.0
"A1109","Los Angeles","Los Angeles","https://www.californiahealthmaps.org?address=A1109","Female","Urinary",154960,"","","",32515,"","","","","","","",91400,"","","",22505,"","","",3,61631,0.0,22.7,41.4,20.8,3.4,14.7,59.4,14.7,61.5,51.5,77.9,20.9,84.0,26.0
"A1109","Los Angeles","Los Angeles","https://www.californiahealthmaps.org?address=A1109","Male","Kidney",153195,19.9,13.0,29.4,32620,"","","","","","","",91860,"","","",20115,"","","",3,61631,0.0,22.7,41.4,20.8,3.4,14.7,59.4,14.7,61.5,51.5,77.9,20.9,84.0,26.0
"A1109","Los Angeles","Los Angeles","https://www.californiahealthmaps.org?address=A1109","Female","Kidney",154960,"","","",32515,"","","","","","","",91400,"","","",22505,"","","",3,61631,0.0,22.7,41.4,20.8,3.4,14.7,59.4,14.7,61.5,51.5,77.9,20.9,84.0,26.0
"A1109","Los Angeles","Los Angeles","https://www.californiahealthmaps.org?address=A1109","Male","Thyroid",153195,"","","",32620,"","","","","","","",91860,"","","",20115,"","","",3,61631,0.0,22.7,41.4,20.8,3.4,14.7,59.4,14.7,61.5,51.5,77.9,20.9,84.0,26.0
"A1109","Los Angeles","Los Angeles","https://www.californiahealthmaps.org?address=A1109","Female","Thyroid",154960,21.3,14.7,30.0,32515,"","","","","","","",91400,25.9,15.5,41.6,22505,"","","",3,61631,0.0,22.7,41.4,20.8,3.4,14.7,59.4,14.7,61.5,51.5,77.9,20.9,84.0,26.0
"A1109","Los Angeles","Los Angeles","https://www.californiahealthmaps.org?address=A1109","Male","Liver",153195,15.6,9.8,23.9,32620,"","","","","","","",91860,"","","",20115,"","","",3,61631,0.0,22.7,41.4,20.8,3.4,14.7,59.4,14.7,61.5,51.5,77.9,20.9,84.0,26.0
"A1109","Los Angeles","Los Angeles","https://www.californiahealthmaps.org?address=A1109","Female","Liver",154960,"","","",32515,"","","","","","","",91400,"","","",22505,"","","",3,61631,0.0,22.7,41.4,20.8,3.4,14.7,59.4,14.7,61.5,51.5,77.9,20.9,84.0,26.0
"A1109","Los Angeles","Los Angeles","https://www.californiahealthmaps.org?address=A1109","Male","Pancreas",153195,12.4,7.2,20.4,32620,"","","","","","","",91860,"","","",20115,"","","",3,61631,0.0,22.7,41.4,20.8,3.4,14.7,59.4,14.7,61.5,51.5,77.9,20.9,84.0,26.0
"A1109","Los Angeles","Los Angeles","https://www.californiahealthmaps.org?address=A1109","Female","Pancreas",154960,12.1,7.6,18.6,32515,"","","","","","","",91400,"","","",22505,"","","",3,61631,0.0,22.7,41.4,20.8,3.4,14.7,59.4,14.7,61.5,51.5,77.9,20.9,84.0,26.0
"A1109","Los Angeles","Los Angeles","https://www.californiahealthmaps.org?address=A1109","Both","AllSite",308155,397.8,375.7,420.9,65135,418.5,378.7,464.5,11145,577.0,419.8,781.8,183260,368.2,333.5,406.0,42620,401.0,346.7,463.9,3,61631,0.0,22.7,41.4,20.8,3.4,14.7,59.4,14.7,61.5,51.5,77.9,20.9,84.0,26.0
"A1109","Los Angeles","Los Angeles","https://www.californiahealthmaps.org?address=A1109","Both","Lung",308155,37.9,31.2,45.7,65135,46.3,35.2,64.9,11145,"","","",183260,34.1,23.2,48.5,42620,"","","",3,61631,0.0,22.7,41.4,20.8,3.4,14.7,59.4,14.7,61.5,51.5,77.9,20.9,84.0,26.0
"A1109","Los Angeles","Los Angeles","https://www.californiahealthmaps.org?address=A1109","Both","CRC",308155,40.6,33.8,48.5,65135,40.5,29.5,59.1,11145,"","","",183260,39.8,28.6,54.3,42620,36.2,21.4,61.0,3,61631,0.0,22.7,41.4,20.8,3.4,14.7,59.4,14.7,61.5,51.5,77.9,20.9,84.0,26.0
"A1109","Los Angeles","Los Angeles","https://www.californiahealthmaps.org?address=A1109","Both","Mela",308155,11.9,8.3,16.5,65135,28.4,17.5,47.8,11145,"","","",183260,"","","",42620,"","","",3,61631,0.0,22.7,41.4,20.8,3.4,14.7,59.4,14.7,61.5,51.5,77.9,20.9,84.0,26.0
"A1109","Los Angeles","Los Angeles","https://www.californiahealthmaps.org?address=A1109","Both","Lymph",308155,20.9,16.1,26.8,65135,28.3,18.0,46.8,11145,"","","",183260,19.5,12.1,30.2,42620,"","","",3,61631,0.0,22.7,41.4,20.8,3.4,14.7,59.4,14.7,61.5,51.5,77.9,20.9,84.0,26.0
"A1109","Los Angeles","Los Angeles","https://www.californiahealthmaps.org?address=A1109","Both","Urinary",308155,10.1,6.9,14.4,65135,"","","",11145,"","","",183260,"","","",42620,"","","",3,61631,0.0,22.7,41.4,20.8,3.4,14.7,59.4,14.7,61.5,51.5,77.9,20.9,84.0,26.0
"A1109","Los Angeles","Los Angeles","https://www.californiahealthmaps.org?address=A1109","Both","Kidney",308155,13.2,9.4,18.2,65135,"","","",11145,"","","",183260,15.1,8.7,24.9,42620,"","","",3,61631,0.0,22.7,41.4,20.8,3.4,14.7,59.4,14.7,61.5,51.5,77.9,20.9,84.0,26.0
"A1109","Los Angeles","Los Angeles","https://www.californiahealthmaps.org?address=A1109","Both","Thyroid",308155,14.0,10.1,18.9,65135,"","","",11145,"","","",183260,17.9,11.3,27.7,42620,"","","",3,61631,0.0,22.7,41.4,20.8,3.4,14.7,59.4,14.7,61.5,51.5,77.9,20.9,84.0,26.0
"A1109","Los Angeles","Los Angeles","https://www.californiahealthmaps.org?address=A1109","Both","Liver",308155,9.3,6.3,13.4,65135,"","","",11145,"","","",183260,"","","",42620,"","","",3,61631,0.0,22.7,41.4,20.8,3.4,14.7,59.4,14.7,61.5,51.5,77.9,20.9,84.0,26.0
"A1109","Los Angeles","Los Angeles","https://www.californiahealthmaps.org?address=A1109","Both","Pancreas",308155,12.5,8.9,17.2,65135,12.9,6.8,28.2,11145,"","","",183260,"","","",42620,"","","",3,61631,0.0,22.7,41.4,20.8,3.4,14.7,59.4,14.7,61.5,51.5,77.9,20.9,84.0,26.0
