"Zone","Counties","Cities","URL","Sex","Cancer","PopTot","AAIR","LCI","UCI","White_PopTot","White_AAIR","White_LCI","White_UCI","Black_PopTot","Black_AAIR","Black_LCI","Black_UCI","Hispanic_PopTot","Hispanic_AAIR","Hispanic_LCI","Hispanic_UCI","Asian_PopTot","Asian_AAIR","Asian_LCI","Asian_UCI","QNSES","PopAll","PerRural","PerUninsured","PerForeignBorn","PerWhite","PerBlack","PerAsian","PerHispanic","PerAPI","PerDocvisit","PerFOBT","PerMammo","PerMenPrev","PerPap","PerWomenPrev"
"A0868","San Mateo","Redwood City, San Carlos","https://www.californiahealthmaps.org?address=A0868","Male","AllSite",138905,499.2,464.5,536.4,101755,521.4,482.4,564.3,"","","","",18025,440.9,318.8,598.1,12120,314.6,219.7,452.8,5,57550,0.0,6.5,16.9,72.1,1.0,9.4,13.4,9.4,"","","","","",""
"A0868","San Mateo","Redwood City, San Carlos","https://www.californiahealthmaps.org?address=A0868","Female","AllSite",148845,482.1,450.3,516.7,104655,483.5,446.7,524.3,"","","","",20855,441.7,347.2,557.4,16080,537.7,431.3,680.6,5,57550,0.0,6.5,16.9,72.1,1.0,9.4,13.4,9.4,"","","","","",""
"A0868","San Mateo","Redwood City, San Carlos","https://www.californiahealthmaps.org?address=A0868","Male","Prostate",138905,117.4,101.4,136.1,101755,120.1,102.5,141.7,"","","","",18025,"","","",12120,"","","",5,57550,0.0,6.5,16.9,72.1,1.0,9.4,13.4,9.4,"","","","","",""
"A0868","San Mateo","Redwood City, San Carlos","https://www.californiahealthmaps.org?address=A0868","Female","Breast",148845,188.2,168.7,210.6,104655,183.5,161.5,209.7,"","","","",20855,155.9,104.2,228.8,16080,251.9,184.8,357.5,5,57550,0.0,6.5,16.9,72.1,1.0,9.4,13.4,9.4,"","","","","",""
"A0868","San Mateo","Redwood City, San Carlos","https://www.californiahealthmaps.org?address=A0868","Male","Lung",138905,45.3,35.0,58.4,101755,43.8,33.0,59.1,"","","","",18025,"","","",12120,"","","",5,57550,0.0,6.5,16.9,72.1,1.0,9.4,13.4,9.4,"","","","","",""
"A0868","San Mateo","Redwood City, San Carlos","https://www.californiahealthmaps.org?address=A0868","Female","Lung",148845,42.1,33.3,53.9,104655,43.4,33.7,57.8,"","","","",20855,"","","",16080,"","","",5,57550,0.0,6.5,16.9,72.1,1.0,9.4,13.4,9.4,"","","","","",""
"A0868","San Mateo","Redwood City, San Carlos","https://www.californiahealthmaps.org?address=A0868","Male","CRC",138905,35.0,26.2,46.8,101755,37.5,27.3,52.3,"","","","",18025,"","","",12120,"","","",5,57550,0.0,6.5,16.9,72.1,1.0,9.4,13.4,9.4,"","","","","",""
"A0868","San Mateo","Redwood City, San Carlos","https://www.californiahealthmaps.org?address=A0868","Female","CRC",148845,30.4,23.1,40.8,104655,32.3,23.6,45.9,"","","","",20855,"","","",16080,"","","",5,57550,0.0,6.5,16.9,72.1,1.0,9.4,13.4,9.4,"","","","","",""
"A0868","San Mateo","Redwood City, San Carlos","https://www.californiahealthmaps.org?address=A0868","Male","Mela",138905,62.6,50.6,77.4,101755,69.3,55.1,87.8,"","","","",18025,"","","",12120,"","","",5,57550,0.0,6.5,16.9,72.1,1.0,9.4,13.4,9.4,"","","","","",""
"A0868","San Mateo","Redwood City, San Carlos","https://www.californiahealthmaps.org?address=A0868","Female","Mela",148845,34.8,26.5,46.3,104655,43.4,32.0,59.7,"","","","",20855,"","","",16080,"","","",5,57550,0.0,6.5,16.9,72.1,1.0,9.4,13.4,9.4,"","","","","",""
"A0868","San Mateo","Redwood City, San Carlos","https://www.californiahealthmaps.org?address=A0868","Female","Uterine",148845,21.9,15.5,31.5,104655,22.1,14.7,34.7,"","","","",20855,"","","",16080,"","","",5,57550,0.0,6.5,16.9,72.1,1.0,9.4,13.4,9.4,"","","","","",""
"A0868","San Mateo","Redwood City, San Carlos","https://www.californiahealthmaps.org?address=A0868","Male","Lymph",138905,23.1,16.2,33.1,101755,23.6,15.7,36.3,"","","","",18025,"","","",12120,"","","",5,57550,0.0,6.5,16.9,72.1,1.0,9.4,13.4,9.4,"","","","","",""
"A0868","San Mateo","Redwood City, San Carlos","https://www.californiahealthmaps.org?address=A0868","Female","Lymph",148845,25.0,18.2,35.0,104655,24.4,17.0,36.7,"","","","",20855,"","","",16080,"","","",5,57550,0.0,6.5,16.9,72.1,1.0,9.4,13.4,9.4,"","","","","",""
"A0868","San Mateo","Redwood City, San Carlos","https://www.californiahealthmaps.org?address=A0868","Male","Urinary",138905,21.8,15.1,31.5,101755,22.9,15.5,34.9,"","","","",18025,"","","",12120,"","","",5,57550,0.0,6.5,16.9,72.1,1.0,9.4,13.4,9.4,"","","","","",""
"A0868","San Mateo","Redwood City, San Carlos","https://www.californiahealthmaps.org?address=A0868","Female","Urinary",148845,"","","",104655,"","","","","","","",20855,"","","",16080,"","","",5,57550,0.0,6.5,16.9,72.1,1.0,9.4,13.4,9.4,"","","","","",""
"A0868","San Mateo","Redwood City, San Carlos","https://www.californiahealthmaps.org?address=A0868","Male","Kidney",138905,28.1,20.4,38.8,101755,25.4,17.4,38.1,"","","","",18025,"","","",12120,"","","",5,57550,0.0,6.5,16.9,72.1,1.0,9.4,13.4,9.4,"","","","","",""
"A0868","San Mateo","Redwood City, San Carlos","https://www.californiahealthmaps.org?address=A0868","Female","Kidney",148845,"","","",104655,"","","","","","","",20855,"","","",16080,"","","",5,57550,0.0,6.5,16.9,72.1,1.0,9.4,13.4,9.4,"","","","","",""
"A0868","San Mateo","Redwood City, San Carlos","https://www.californiahealthmaps.org?address=A0868","Male","Thyroid",138905,"","","",101755,"","","","","","","",18025,"","","",12120,"","","",5,57550,0.0,6.5,16.9,72.1,1.0,9.4,13.4,9.4,"","","","","",""
"A0868","San Mateo","Redwood City, San Carlos","https://www.californiahealthmaps.org?address=A0868","Female","Thyroid",148845,20.8,13.9,31.2,104655,21.3,13.0,35.2,"","","","",20855,"","","",16080,"","","",5,57550,0.0,6.5,16.9,72.1,1.0,9.4,13.4,9.4,"","","","","",""
"A0868","San Mateo","Redwood City, San Carlos","https://www.californiahealthmaps.org?address=A0868","Male","Liver",138905,12.2,7.3,20.2,101755,12.4,7.0,22.9,"","","","",18025,"","","",12120,"","","",5,57550,0.0,6.5,16.9,72.1,1.0,9.4,13.4,9.4,"","","","","",""
"A0868","San Mateo","Redwood City, San Carlos","https://www.californiahealthmaps.org?address=A0868","Female","Liver",148845,"","","",104655,"","","","","","","",20855,"","","",16080,"","","",5,57550,0.0,6.5,16.9,72.1,1.0,9.4,13.4,9.4,"","","","","",""
"A0868","San Mateo","Redwood City, San Carlos","https://www.californiahealthmaps.org?address=A0868","Male","Pancreas",138905,9.0,5.0,16.3,101755,10.5,5.8,20.4,"","","","",18025,"","","",12120,"","","",5,57550,0.0,6.5,16.9,72.1,1.0,9.4,13.4,9.4,"","","","","",""
"A0868","San Mateo","Redwood City, San Carlos","https://www.californiahealthmaps.org?address=A0868","Female","Pancreas",148845,13.1,8.6,21.0,104655,15.0,9.6,25.7,"","","","",20855,"","","",16080,"","","",5,57550,0.0,6.5,16.9,72.1,1.0,9.4,13.4,9.4,"","","","","",""
"A0868","San Mateo","Redwood City, San Carlos","https://www.californiahealthmaps.org?address=A0868","Both","AllSite",287750,485.8,462.5,510.5,206410,496.8,470.2,525.3,"","","","",38880,430.3,355.9,517.4,28200,449.8,374.1,543.0,5,57550,0.0,6.5,16.9,72.1,1.0,9.4,13.4,9.4,"","","","","",""
"A0868","San Mateo","Redwood City, San Carlos","https://www.californiahealthmaps.org?address=A0868","Both","Lung",287750,43.8,37.0,52.0,206410,43.9,36.4,53.4,"","","","",38880,68.6,39.6,112.1,28200,"","","",5,57550,0.0,6.5,16.9,72.1,1.0,9.4,13.4,9.4,"","","","","",""
"A0868","San Mateo","Redwood City, San Carlos","https://www.californiahealthmaps.org?address=A0868","Both","CRC",287750,32.4,26.6,39.6,206410,34.8,28.0,43.9,"","","","",38880,"","","",28200,"","","",5,57550,0.0,6.5,16.9,72.1,1.0,9.4,13.4,9.4,"","","","","",""
"A0868","San Mateo","Redwood City, San Carlos","https://www.californiahealthmaps.org?address=A0868","Both","Mela",287750,47.1,39.9,55.7,206410,54.9,45.9,66.1,"","","","",38880,"","","",28200,"","","",5,57550,0.0,6.5,16.9,72.1,1.0,9.4,13.4,9.4,"","","","","",""
"A0868","San Mateo","Redwood City, San Carlos","https://www.californiahealthmaps.org?address=A0868","Both","Lymph",287750,24.3,19.3,30.8,206410,24.3,18.7,32.1,"","","","",38880,"","","",28200,"","","",5,57550,0.0,6.5,16.9,72.1,1.0,9.4,13.4,9.4,"","","","","",""
"A0868","San Mateo","Redwood City, San Carlos","https://www.californiahealthmaps.org?address=A0868","Both","Urinary",287750,13.1,9.5,18.1,206410,13.8,9.8,20.1,"","","","",38880,"","","",28200,"","","",5,57550,0.0,6.5,16.9,72.1,1.0,9.4,13.4,9.4,"","","","","",""
"A0868","San Mateo","Redwood City, San Carlos","https://www.californiahealthmaps.org?address=A0868","Both","Kidney",287750,15.5,11.6,20.9,206410,14.7,10.5,21.2,"","","","",38880,"","","",28200,"","","",5,57550,0.0,6.5,16.9,72.1,1.0,9.4,13.4,9.4,"","","","","",""
"A0868","San Mateo","Redwood City, San Carlos","https://www.californiahealthmaps.org?address=A0868","Both","Thyroid",287750,15.2,10.9,21.0,206410,16.4,11.1,24.3,"","","","",38880,"","","",28200,"","","",5,57550,0.0,6.5,16.9,72.1,1.0,9.4,13.4,9.4,"","","","","",""
"A0868","San Mateo","Redwood City, San Carlos","https://www.californiahealthmaps.org?address=A0868","Both","Liver",287750,7.6,4.9,11.9,206410,7.6,4.6,13.1,"","","","",38880,"","","",28200,"","","",5,57550,0.0,6.5,16.9,72.1,1.0,9.4,13.4,9.4,"","","","","",""
"A0868","San Mateo","Redwood City, San Carlos","https://www.californiahealthmaps.org?address=A0868","Both","Pancreas",287750,11.3,8.1,16.0,206410,12.9,9.1,19.0,"","","","",38880,"","","",28200,"","","",5,57550,0.0,6.5,16.9,72.1,1.0,9.4,13.4,9.4,"","","","","",""
