"Zone","Counties","Cities","URL","Sex","Cancer","PopTot","AAIR","LCI","UCI","White_PopTot","White_AAIR","White_LCI","White_UCI","Black_PopTot","Black_AAIR","Black_LCI","Black_UCI","Hispanic_PopTot","Hispanic_AAIR","Hispanic_LCI","Hispanic_UCI","Asian_PopTot","Asian_AAIR","Asian_LCI","Asian_UCI","QNSES","PopAll","PerRural","PerUninsured","PerForeignBorn","PerWhite","PerBlack","PerAsian","PerHispanic","PerAPI","PerDocvisit","PerFOBT","PerMammo","PerMenPrev","PerPap","PerWomenPrev"
"A1047","Los Angeles","Santa Monica","https://www.californiahealthmaps.org?address=A1047","Male","AllSite",155005,518.1,481.4,557.8,100940,543.5,499.0,593.5,"","","","",25840,430.1,334.9,547.1,14025,369.0,256.4,535.2,5,62953,0.0,13.6,25.7,59.7,5.0,12.5,18.8,12.5,65.5,70.5,81.2,33.5,87.1,39.8
"A1047","Los Angeles","Santa Monica","https://www.californiahealthmaps.org?address=A1047","Female","AllSite",159760,485.5,453.5,520.2,98465,517.8,476.9,564.3,"","","","",28170,377.3,308.6,458.8,18705,472.6,371.7,612.0,5,62953,0.0,13.6,25.7,59.7,5.0,12.5,18.8,12.5,65.5,70.5,81.2,33.5,87.1,39.8
"A1047","Los Angeles","Santa Monica","https://www.californiahealthmaps.org?address=A1047","Male","Prostate",155005,124.9,107.1,145.6,100940,130.3,109.0,157.6,"","","","",25840,87.0,48.5,148.4,14025,"","","",5,62953,0.0,13.6,25.7,59.7,5.0,12.5,18.8,12.5,65.5,70.5,81.2,33.5,87.1,39.8
"A1047","Los Angeles","Santa Monica","https://www.californiahealthmaps.org?address=A1047","Female","Breast",159760,139.3,122.5,158.9,98465,150.3,129.0,177.5,"","","","",28170,92.4,59.7,138.9,18705,181.4,121.2,284.4,5,62953,0.0,13.6,25.7,59.7,5.0,12.5,18.8,12.5,65.5,70.5,81.2,33.5,87.1,39.8
"A1047","Los Angeles","Santa Monica","https://www.californiahealthmaps.org?address=A1047","Male","Lung",155005,61.4,48.9,77.0,100940,61.5,47.0,82.4,"","","","",25840,"","","",14025,"","","",5,62953,0.0,13.6,25.7,59.7,5.0,12.5,18.8,12.5,65.5,70.5,81.2,33.5,87.1,39.8
"A1047","Los Angeles","Santa Monica","https://www.californiahealthmaps.org?address=A1047","Female","Lung",159760,46.4,37.0,58.9,98465,55.5,42.9,74.6,"","","","",28170,"","","",18705,"","","",5,62953,0.0,13.6,25.7,59.7,5.0,12.5,18.8,12.5,65.5,70.5,81.2,33.5,87.1,39.8
"A1047","Los Angeles","Santa Monica","https://www.californiahealthmaps.org?address=A1047","Male","CRC",155005,44.3,34.0,57.9,100940,38.1,27.0,56.1,"","","","",25840,"","","",14025,"","","",5,62953,0.0,13.6,25.7,59.7,5.0,12.5,18.8,12.5,65.5,70.5,81.2,33.5,87.1,39.8
"A1047","Los Angeles","Santa Monica","https://www.californiahealthmaps.org?address=A1047","Female","CRC",159760,39.4,30.6,51.3,98465,36.7,26.7,53.6,"","","","",28170,"","","",18705,"","","",5,62953,0.0,13.6,25.7,59.7,5.0,12.5,18.8,12.5,65.5,70.5,81.2,33.5,87.1,39.8
"A1047","Los Angeles","Santa Monica","https://www.californiahealthmaps.org?address=A1047","Male","Mela",155005,37.5,28.6,49.6,100940,47.2,35.2,65.6,"","","","",25840,"","","",14025,"","","",5,62953,0.0,13.6,25.7,59.7,5.0,12.5,18.8,12.5,65.5,70.5,81.2,33.5,87.1,39.8
"A1047","Los Angeles","Santa Monica","https://www.californiahealthmaps.org?address=A1047","Female","Mela",159760,20.1,14.1,29.4,98465,26.0,17.5,41.9,"","","","",28170,"","","",18705,"","","",5,62953,0.0,13.6,25.7,59.7,5.0,12.5,18.8,12.5,65.5,70.5,81.2,33.5,87.1,39.8
"A1047","Los Angeles","Santa Monica","https://www.californiahealthmaps.org?address=A1047","Female","Uterine",159760,30.3,22.7,41.0,98465,28.8,19.3,45.6,"","","","",28170,"","","",18705,"","","",5,62953,0.0,13.6,25.7,59.7,5.0,12.5,18.8,12.5,65.5,70.5,81.2,33.5,87.1,39.8
"A1047","Los Angeles","Santa Monica","https://www.californiahealthmaps.org?address=A1047","Male","Lymph",155005,26.7,19.0,37.7,100940,33.7,23.5,50.7,"","","","",25840,"","","",14025,"","","",5,62953,0.0,13.6,25.7,59.7,5.0,12.5,18.8,12.5,65.5,70.5,81.2,33.5,87.1,39.8
"A1047","Los Angeles","Santa Monica","https://www.californiahealthmaps.org?address=A1047","Female","Lymph",159760,24.2,17.7,33.9,98465,30.7,21.7,46.9,"","","","",28170,"","","",18705,"","","",5,62953,0.0,13.6,25.7,59.7,5.0,12.5,18.8,12.5,65.5,70.5,81.2,33.5,87.1,39.8
"A1047","Los Angeles","Santa Monica","https://www.californiahealthmaps.org?address=A1047","Male","Urinary",155005,16.6,10.5,26.1,100940,17.7,10.5,32.4,"","","","",25840,"","","",14025,"","","",5,62953,0.0,13.6,25.7,59.7,5.0,12.5,18.8,12.5,65.5,70.5,81.2,33.5,87.1,39.8
"A1047","Los Angeles","Santa Monica","https://www.californiahealthmaps.org?address=A1047","Female","Urinary",159760,"","","",98465,"","","","","","","",28170,"","","",18705,"","","",5,62953,0.0,13.6,25.7,59.7,5.0,12.5,18.8,12.5,65.5,70.5,81.2,33.5,87.1,39.8
"A1047","Los Angeles","Santa Monica","https://www.californiahealthmaps.org?address=A1047","Male","Kidney",155005,20.9,14.0,31.2,100940,20.7,12.7,36.0,"","","","",25840,"","","",14025,"","","",5,62953,0.0,13.6,25.7,59.7,5.0,12.5,18.8,12.5,65.5,70.5,81.2,33.5,87.1,39.8
"A1047","Los Angeles","Santa Monica","https://www.californiahealthmaps.org?address=A1047","Female","Kidney",159760,"","","",98465,"","","","","","","",28170,"","","",18705,"","","",5,62953,0.0,13.6,25.7,59.7,5.0,12.5,18.8,12.5,65.5,70.5,81.2,33.5,87.1,39.8
"A1047","Los Angeles","Santa Monica","https://www.californiahealthmaps.org?address=A1047","Male","Thyroid",155005,10.5,6.3,18.1,100940,11.7,6.5,24.8,"","","","",25840,"","","",14025,"","","",5,62953,0.0,13.6,25.7,59.7,5.0,12.5,18.8,12.5,65.5,70.5,81.2,33.5,87.1,39.8
"A1047","Los Angeles","Santa Monica","https://www.californiahealthmaps.org?address=A1047","Female","Thyroid",159760,31.4,23.7,42.3,98465,28.4,19.5,44.6,"","","","",28170,"","","",18705,"","","",5,62953,0.0,13.6,25.7,59.7,5.0,12.5,18.8,12.5,65.5,70.5,81.2,33.5,87.1,39.8
"A1047","Los Angeles","Santa Monica","https://www.californiahealthmaps.org?address=A1047","Male","Liver",155005,13.8,8.6,22.6,100940,15.6,9.1,29.7,"","","","",25840,"","","",14025,"","","",5,62953,0.0,13.6,25.7,59.7,5.0,12.5,18.8,12.5,65.5,70.5,81.2,33.5,87.1,39.8
"A1047","Los Angeles","Santa Monica","https://www.californiahealthmaps.org?address=A1047","Female","Liver",159760,"","","",98465,"","","","","","","",28170,"","","",18705,"","","",5,62953,0.0,13.6,25.7,59.7,5.0,12.5,18.8,12.5,65.5,70.5,81.2,33.5,87.1,39.8
"A1047","Los Angeles","Santa Monica","https://www.californiahealthmaps.org?address=A1047","Male","Pancreas",155005,20.5,13.8,30.6,100940,22.0,13.9,37.4,"","","","",25840,"","","",14025,"","","",5,62953,0.0,13.6,25.7,59.7,5.0,12.5,18.8,12.5,65.5,70.5,81.2,33.5,87.1,39.8
"A1047","Los Angeles","Santa Monica","https://www.californiahealthmaps.org?address=A1047","Female","Pancreas",159760,8.0,4.6,15.0,98465,"","","","","","","",28170,"","","",18705,"","","",5,62953,0.0,13.6,25.7,59.7,5.0,12.5,18.8,12.5,65.5,70.5,81.2,33.5,87.1,39.8
"A1047","Los Angeles","Santa Monica","https://www.californiahealthmaps.org?address=A1047","Both","AllSite",314765,493.0,469.3,518.2,199405,522.6,492.9,555.0,15195,585.2,475.9,721.5,54010,385.1,330.8,446.4,32730,423.9,348.4,519.6,5,62953,0.0,13.6,25.7,59.7,5.0,12.5,18.8,12.5,65.5,70.5,81.2,33.5,87.1,39.8
"A1047","Los Angeles","Santa Monica","https://www.californiahealthmaps.org?address=A1047","Both","Lung",314765,52.8,45.2,62.0,199405,58.2,48.5,70.8,15195,"","","",54010,56.7,36.6,84.6,32730,"","","",5,62953,0.0,13.6,25.7,59.7,5.0,12.5,18.8,12.5,65.5,70.5,81.2,33.5,87.1,39.8
"A1047","Los Angeles","Santa Monica","https://www.californiahealthmaps.org?address=A1047","Both","CRC",314765,41.7,34.9,50.0,199405,38.1,30.5,48.8,15195,77.1,42.4,142.9,54010,40.0,24.0,63.6,32730,51.8,28.4,99.7,5,62953,0.0,13.6,25.7,59.7,5.0,12.5,18.8,12.5,65.5,70.5,81.2,33.5,87.1,39.8
"A1047","Los Angeles","Santa Monica","https://www.californiahealthmaps.org?address=A1047","Both","Mela",314765,27.5,22.3,34.2,199405,34.9,27.8,45.2,15195,"","","",54010,"","","",32730,"","","",5,62953,0.0,13.6,25.7,59.7,5.0,12.5,18.8,12.5,65.5,70.5,81.2,33.5,87.1,39.8
"A1047","Los Angeles","Santa Monica","https://www.californiahealthmaps.org?address=A1047","Both","Lymph",314765,25.1,20.1,31.7,199405,31.7,24.8,41.6,15195,"","","",54010,"","","",32730,"","","",5,62953,0.0,13.6,25.7,59.7,5.0,12.5,18.8,12.5,65.5,70.5,81.2,33.5,87.1,39.8
"A1047","Los Angeles","Santa Monica","https://www.californiahealthmaps.org?address=A1047","Both","Urinary",314765,10.7,7.5,15.6,199405,10.8,7.0,18.1,15195,"","","",54010,"","","",32730,"","","",5,62953,0.0,13.6,25.7,59.7,5.0,12.5,18.8,12.5,65.5,70.5,81.2,33.5,87.1,39.8
"A1047","Los Angeles","Santa Monica","https://www.californiahealthmaps.org?address=A1047","Both","Kidney",314765,13.2,9.5,18.6,199405,14.8,10.1,22.8,15195,"","","",54010,"","","",32730,"","","",5,62953,0.0,13.6,25.7,59.7,5.0,12.5,18.8,12.5,65.5,70.5,81.2,33.5,87.1,39.8
"A1047","Los Angeles","Santa Monica","https://www.californiahealthmaps.org?address=A1047","Both","Thyroid",314765,21.3,16.7,27.4,199405,20.0,14.7,28.6,15195,"","","",54010,"","","",32730,"","","",5,62953,0.0,13.6,25.7,59.7,5.0,12.5,18.8,12.5,65.5,70.5,81.2,33.5,87.1,39.8
"A1047","Los Angeles","Santa Monica","https://www.californiahealthmaps.org?address=A1047","Both","Liver",314765,10.1,7.0,14.9,199405,9.2,5.7,16.3,15195,"","","",54010,"","","",32730,"","","",5,62953,0.0,13.6,25.7,59.7,5.0,12.5,18.8,12.5,65.5,70.5,81.2,33.5,87.1,39.8
"A1047","Los Angeles","Santa Monica","https://www.californiahealthmaps.org?address=A1047","Both","Pancreas",314765,13.4,9.8,18.6,199405,14.6,10.2,22.5,15195,"","","",54010,"","","",32730,"","","",5,62953,0.0,13.6,25.7,59.7,5.0,12.5,18.8,12.5,65.5,70.5,81.2,33.5,87.1,39.8
