"Zone","Counties","Cities","URL","Sex","Cancer","PopTot","AAIR","LCI","UCI","White_PopTot","White_AAIR","White_LCI","White_UCI","Black_PopTot","Black_AAIR","Black_LCI","Black_UCI","Hispanic_PopTot","Hispanic_AAIR","Hispanic_LCI","Hispanic_UCI","Asian_PopTot","Asian_AAIR","Asian_LCI","Asian_UCI","QNSES","PopAll","PerRural","PerUninsured","PerForeignBorn","PerWhite","PerBlack","PerAsian","PerHispanic","PerAPI","PerDocvisit","PerFOBT","PerMammo","PerMenPrev","PerPap","PerWomenPrev"
"A0795","Riverside","Moreno Valley","https://www.californiahealthmaps.org?address=A0795","Male","AllSite",153275,469.2,418.9,525.3,21400,434.1,348.2,538.0,23645,625.0,485.4,807.0,96255,473.4,392.8,570.9,"","","","",1,63001,0.0,27.5,27.5,15.3,17.5,3.9,60.5,3.9,62.4,57.4,80.7,22.9,84.0,24.3
"A0795","Riverside","Moreno Valley","https://www.californiahealthmaps.org?address=A0795","Female","AllSite",161730,419.8,380.8,462.1,22480,543.1,454.6,647.7,28125,381.5,297.4,486.3,97830,402.8,344.1,471.1,"","","","",1,63001,0.0,27.5,27.5,15.3,17.5,3.9,60.5,3.9,62.4,57.4,80.7,22.9,84.0,24.3
"A0795","Riverside","Moreno Valley","https://www.californiahealthmaps.org?address=A0795","Male","Prostate",153275,112.3,89.2,141.4,21400,"","","",23645,200.1,129.8,315.2,96255,123.2,84.8,179.6,"","","","",1,63001,0.0,27.5,27.5,15.3,17.5,3.9,60.5,3.9,62.4,57.4,80.7,22.9,84.0,24.3
"A0795","Riverside","Moreno Valley","https://www.californiahealthmaps.org?address=A0795","Female","Breast",161730,128.9,107.8,153.4,22480,152.8,108.4,213.9,28125,116.9,72.5,183.3,97830,120.7,91.3,159.7,"","","","",1,63001,0.0,27.5,27.5,15.3,17.5,3.9,60.5,3.9,62.4,57.4,80.7,22.9,84.0,24.3
"A0795","Riverside","Moreno Valley","https://www.californiahealthmaps.org?address=A0795","Male","Lung",153275,56.1,38.6,80.3,21400,90.5,53.1,147.9,23645,"","","",96255,"","","","","","","",1,63001,0.0,27.5,27.5,15.3,17.5,3.9,60.5,3.9,62.4,57.4,80.7,22.9,84.0,24.3
"A0795","Riverside","Moreno Valley","https://www.californiahealthmaps.org?address=A0795","Female","Lung",161730,54.4,40.2,72.4,22480,78.2,47.7,126.3,28125,89.5,47.7,155.9,97830,"","","","","","","",1,63001,0.0,27.5,27.5,15.3,17.5,3.9,60.5,3.9,62.4,57.4,80.7,22.9,84.0,24.3
"A0795","Riverside","Moreno Valley","https://www.californiahealthmaps.org?address=A0795","Male","CRC",153275,57.1,40.4,80.2,21400,"","","",23645,"","","",96255,36.9,18.8,74.7,"","","","",1,63001,0.0,27.5,27.5,15.3,17.5,3.9,60.5,3.9,62.4,57.4,80.7,22.9,84.0,24.3
"A0795","Riverside","Moreno Valley","https://www.californiahealthmaps.org?address=A0795","Female","CRC",161730,33.9,23.0,48.5,22480,"","","",28125,"","","",97830,42.7,23.8,73.3,"","","","",1,63001,0.0,27.5,27.5,15.3,17.5,3.9,60.5,3.9,62.4,57.4,80.7,22.9,84.0,24.3
"A0795","Riverside","Moreno Valley","https://www.californiahealthmaps.org?address=A0795","Male","Mela",153275,"","","",21400,"","","",23645,"","","",96255,"","","","","","","",1,63001,0.0,27.5,27.5,15.3,17.5,3.9,60.5,3.9,62.4,57.4,80.7,22.9,84.0,24.3
"A0795","Riverside","Moreno Valley","https://www.californiahealthmaps.org?address=A0795","Female","Mela",161730,"","","",22480,"","","",28125,"","","",97830,"","","","","","","",1,63001,0.0,27.5,27.5,15.3,17.5,3.9,60.5,3.9,62.4,57.4,80.7,22.9,84.0,24.3
"A0795","Riverside","Moreno Valley","https://www.californiahealthmaps.org?address=A0795","Female","Uterine",161730,22.8,14.9,34.2,22480,"","","",28125,"","","",97830,"","","","","","","",1,63001,0.0,27.5,27.5,15.3,17.5,3.9,60.5,3.9,62.4,57.4,80.7,22.9,84.0,24.3
"A0795","Riverside","Moreno Valley","https://www.californiahealthmaps.org?address=A0795","Male","Lymph",153275,19.5,10.0,36.1,21400,"","","",23645,"","","",96255,"","","","","","","",1,63001,0.0,27.5,27.5,15.3,17.5,3.9,60.5,3.9,62.4,57.4,80.7,22.9,84.0,24.3
"A0795","Riverside","Moreno Valley","https://www.californiahealthmaps.org?address=A0795","Female","Lymph",161730,"","","",22480,"","","",28125,"","","",97830,"","","","","","","",1,63001,0.0,27.5,27.5,15.3,17.5,3.9,60.5,3.9,62.4,57.4,80.7,22.9,84.0,24.3
"A0795","Riverside","Moreno Valley","https://www.californiahealthmaps.org?address=A0795","Male","Urinary",153275,"","","",21400,"","","",23645,"","","",96255,"","","","","","","",1,63001,0.0,27.5,27.5,15.3,17.5,3.9,60.5,3.9,62.4,57.4,80.7,22.9,84.0,24.3
"A0795","Riverside","Moreno Valley","https://www.californiahealthmaps.org?address=A0795","Female","Urinary",161730,"","","",22480,"","","",28125,"","","",97830,"","","","","","","",1,63001,0.0,27.5,27.5,15.3,17.5,3.9,60.5,3.9,62.4,57.4,80.7,22.9,84.0,24.3
"A0795","Riverside","Moreno Valley","https://www.californiahealthmaps.org?address=A0795","Male","Kidney",153275,23.6,14.1,39.7,21400,"","","",23645,"","","",96255,"","","","","","","",1,63001,0.0,27.5,27.5,15.3,17.5,3.9,60.5,3.9,62.4,57.4,80.7,22.9,84.0,24.3
"A0795","Riverside","Moreno Valley","https://www.californiahealthmaps.org?address=A0795","Female","Kidney",161730,14.7,8.3,24.6,22480,"","","",28125,"","","",97830,"","","","","","","",1,63001,0.0,27.5,27.5,15.3,17.5,3.9,60.5,3.9,62.4,57.4,80.7,22.9,84.0,24.3
"A0795","Riverside","Moreno Valley","https://www.californiahealthmaps.org?address=A0795","Male","Thyroid",153275,"","","",21400,"","","",23645,"","","",96255,"","","","","","","",1,63001,0.0,27.5,27.5,15.3,17.5,3.9,60.5,3.9,62.4,57.4,80.7,22.9,84.0,24.3
"A0795","Riverside","Moreno Valley","https://www.californiahealthmaps.org?address=A0795","Female","Thyroid",161730,17.6,11.3,27.3,22480,"","","",28125,"","","",97830,23.8,13.4,44.8,"","","","",1,63001,0.0,27.5,27.5,15.3,17.5,3.9,60.5,3.9,62.4,57.4,80.7,22.9,84.0,24.3
"A0795","Riverside","Moreno Valley","https://www.californiahealthmaps.org?address=A0795","Male","Liver",153275,20.2,11.3,35.9,21400,"","","",23645,"","","",96255,"","","","","","","",1,63001,0.0,27.5,27.5,15.3,17.5,3.9,60.5,3.9,62.4,57.4,80.7,22.9,84.0,24.3
"A0795","Riverside","Moreno Valley","https://www.californiahealthmaps.org?address=A0795","Female","Liver",161730,"","","",22480,"","","",28125,"","","",97830,"","","","","","","",1,63001,0.0,27.5,27.5,15.3,17.5,3.9,60.5,3.9,62.4,57.4,80.7,22.9,84.0,24.3
"A0795","Riverside","Moreno Valley","https://www.californiahealthmaps.org?address=A0795","Male","Pancreas",153275,30.2,17.1,50.7,21400,"","","",23645,"","","",96255,"","","","","","","",1,63001,0.0,27.5,27.5,15.3,17.5,3.9,60.5,3.9,62.4,57.4,80.7,22.9,84.0,24.3
"A0795","Riverside","Moreno Valley","https://www.californiahealthmaps.org?address=A0795","Female","Pancreas",161730,"","","",22480,"","","",28125,"","","",97830,"","","","","","","",1,63001,0.0,27.5,27.5,15.3,17.5,3.9,60.5,3.9,62.4,57.4,80.7,22.9,84.0,24.3
"A0795","Riverside","Moreno Valley","https://www.californiahealthmaps.org?address=A0795","Both","AllSite",315005,437.5,406.7,470.5,43880,490.0,427.8,560.5,51770,474.9,400.4,562.2,194085,427.6,379.6,481.7,16140,300.5,219.5,404.9,1,63001,0.0,27.5,27.5,15.3,17.5,3.9,60.5,3.9,62.4,57.4,80.7,22.9,84.0,24.3
"A0795","Riverside","Moreno Valley","https://www.californiahealthmaps.org?address=A0795","Both","Lung",315005,54.8,43.5,68.4,43880,82.7,58.3,115.9,51770,73.6,43.9,118.4,194085,36.4,22.3,57.7,16140,"","","",1,63001,0.0,27.5,27.5,15.3,17.5,3.9,60.5,3.9,62.4,57.4,80.7,22.9,84.0,24.3
"A0795","Riverside","Moreno Valley","https://www.californiahealthmaps.org?address=A0795","Both","CRC",315005,44.0,34.2,56.0,43880,47.0,29.2,74.0,51770,57.8,32.5,98.4,194085,40.7,26.5,61.7,16140,"","","",1,63001,0.0,27.5,27.5,15.3,17.5,3.9,60.5,3.9,62.4,57.4,80.7,22.9,84.0,24.3
"A0795","Riverside","Moreno Valley","https://www.californiahealthmaps.org?address=A0795","Both","Mela",315005,11.3,6.8,18.1,43880,37.3,22.5,61.2,51770,"","","",194085,"","","",16140,"","","",1,63001,0.0,27.5,27.5,15.3,17.5,3.9,60.5,3.9,62.4,57.4,80.7,22.9,84.0,24.3
"A0795","Riverside","Moreno Valley","https://www.californiahealthmaps.org?address=A0795","Both","Lymph",315005,13.8,8.7,21.3,43880,"","","",51770,"","","",194085,20.9,10.6,38.8,16140,"","","",1,63001,0.0,27.5,27.5,15.3,17.5,3.9,60.5,3.9,62.4,57.4,80.7,22.9,84.0,24.3
"A0795","Riverside","Moreno Valley","https://www.californiahealthmaps.org?address=A0795","Both","Urinary",315005,"","","",43880,"","","",51770,"","","",194085,"","","",16140,"","","",1,63001,0.0,27.5,27.5,15.3,17.5,3.9,60.5,3.9,62.4,57.4,80.7,22.9,84.0,24.3
"A0795","Riverside","Moreno Valley","https://www.californiahealthmaps.org?address=A0795","Both","Kidney",315005,18.5,12.8,26.4,43880,"","","",51770,"","","",194085,22.6,13.0,39.3,16140,"","","",1,63001,0.0,27.5,27.5,15.3,17.5,3.9,60.5,3.9,62.4,57.4,80.7,22.9,84.0,24.3
"A0795","Riverside","Moreno Valley","https://www.californiahealthmaps.org?address=A0795","Both","Thyroid",315005,11.2,7.5,17.0,43880,"","","",51770,"","","",194085,13.7,7.9,26.2,16140,"","","",1,63001,0.0,27.5,27.5,15.3,17.5,3.9,60.5,3.9,62.4,57.4,80.7,22.9,84.0,24.3
"A0795","Riverside","Moreno Valley","https://www.californiahealthmaps.org?address=A0795","Both","Liver",315005,12.9,8.1,19.9,43880,"","","",51770,"","","",194085,"","","",16140,"","","",1,63001,0.0,27.5,27.5,15.3,17.5,3.9,60.5,3.9,62.4,57.4,80.7,22.9,84.0,24.3
"A0795","Riverside","Moreno Valley","https://www.californiahealthmaps.org?address=A0795","Both","Pancreas",315005,20.8,13.9,30.2,43880,"","","",51770,"","","",194085,33.4,18.9,55.8,16140,"","","",1,63001,0.0,27.5,27.5,15.3,17.5,3.9,60.5,3.9,62.4,57.4,80.7,22.9,84.0,24.3
