"Zone","Counties","Cities","URL","Sex","Cancer","PopTot","AAIR","LCI","UCI","White_PopTot","White_AAIR","White_LCI","White_UCI","Black_PopTot","Black_AAIR","Black_LCI","Black_UCI","Hispanic_PopTot","Hispanic_AAIR","Hispanic_LCI","Hispanic_UCI","Asian_PopTot","Asian_AAIR","Asian_LCI","Asian_UCI","QNSES","PopAll","PerRural","PerUninsured","PerForeignBorn","PerWhite","PerBlack","PerAsian","PerHispanic"
"A0953","Sacramento","Sacramento","https://www.californiahealthmaps.org?address=A0953","Male","AllSite",161615,477.5,439.9,517.6,23840,559.0,483.0,651.9,30450,580.8,492.1,683.6,64740,365.8,298.1,448.0,35075,410.2,335.4,498.1,1,66203,0.0,20.4,31.0,16.8,19.8,23.9,35.4
"A0953","Sacramento","Sacramento","https://www.californiahealthmaps.org?address=A0953","Female","AllSite",169400,472.1,438.6,507.7,26590,513.2,441.8,600.7,35610,576.6,501.4,661.3,62270,442.4,371.5,524.5,36590,401.5,334.6,479.5,1,66203,0.0,20.4,31.0,16.8,19.8,23.9,35.4
"A0953","Sacramento","Sacramento","https://www.californiahealthmaps.org?address=A0953","Male","Prostate",161615,77.8,63.1,95.1,23840,70.0,45.9,114.6,30450,137.4,96.6,192.9,64740,65.1,38.0,108.9,35075,"","","",1,66203,0.0,20.4,31.0,16.8,19.8,23.9,35.4
"A0953","Sacramento","Sacramento","https://www.californiahealthmaps.org?address=A0953","Female","Breast",169400,136.2,118.4,156.1,26590,170.9,131.7,227.4,35610,181.9,139.9,233.9,62270,103.2,70.6,147.6,36590,105.6,72.7,150.2,1,66203,0.0,20.4,31.0,16.8,19.8,23.9,35.4
"A0953","Sacramento","Sacramento","https://www.californiahealthmaps.org?address=A0953","Male","Lung",161615,86.6,70.6,105.3,23840,115.5,83.9,166.3,30450,106.6,70.4,158.0,64740,"","","",35075,93.4,58.5,142.5,1,66203,0.0,20.4,31.0,16.8,19.8,23.9,35.4
"A0953","Sacramento","Sacramento","https://www.californiahealthmaps.org?address=A0953","Female","Lung",169400,52.5,41.7,65.4,26590,64.4,44.6,103.1,35610,69.5,45.6,103.5,62270,"","","",36590,"","","",1,66203,0.0,20.4,31.0,16.8,19.8,23.9,35.4
"A0953","Sacramento","Sacramento","https://www.californiahealthmaps.org?address=A0953","Male","CRC",161615,50.4,38.6,64.8,23840,56.2,33.9,99.8,30450,59.8,33.8,101.6,64740,"","","",35075,57.2,31.5,97.2,1,66203,0.0,20.4,31.0,16.8,19.8,23.9,35.4
"A0953","Sacramento","Sacramento","https://www.californiahealthmaps.org?address=A0953","Female","CRC",169400,48.2,37.8,60.7,26590,46.6,26.9,86.8,35610,55.8,34.3,87.6,62270,43.8,23.6,76.4,36590,53.5,31.0,88.3,1,66203,0.0,20.4,31.0,16.8,19.8,23.9,35.4
"A0953","Sacramento","Sacramento","https://www.californiahealthmaps.org?address=A0953","Male","Mela",161615,19.6,12.5,29.5,23840,58.8,36.0,102.9,30450,"","","",64740,"","","",35075,"","","",1,66203,0.0,20.4,31.0,16.8,19.8,23.9,35.4
"A0953","Sacramento","Sacramento","https://www.californiahealthmaps.org?address=A0953","Female","Mela",169400,5.1,2.2,10.5,26590,"","","",35610,"","","",62270,"","","",36590,"","","",1,66203,0.0,20.4,31.0,16.8,19.8,23.9,35.4
"A0953","Sacramento","Sacramento","https://www.californiahealthmaps.org?address=A0953","Female","Uterine",169400,35.8,27.2,46.6,26590,37.4,20.0,76.0,35610,56.2,35.1,87.4,62270,"","","",36590,"","","",1,66203,0.0,20.4,31.0,16.8,19.8,23.9,35.4
"A0953","Sacramento","Sacramento","https://www.californiahealthmaps.org?address=A0953","Male","Lymph",161615,13.1,7.7,21.3,23840,"","","",30450,"","","",64740,"","","",35075,"","","",1,66203,0.0,20.4,31.0,16.8,19.8,23.9,35.4
"A0953","Sacramento","Sacramento","https://www.californiahealthmaps.org?address=A0953","Female","Lymph",169400,17.4,11.4,25.7,26590,"","","",35610,"","","",62270,"","","",36590,"","","",1,66203,0.0,20.4,31.0,16.8,19.8,23.9,35.4
"A0953","Sacramento","Sacramento","https://www.californiahealthmaps.org?address=A0953","Male","Urinary",161615,13.0,7.4,21.4,23840,"","","",30450,"","","",64740,"","","",35075,"","","",1,66203,0.0,20.4,31.0,16.8,19.8,23.9,35.4
"A0953","Sacramento","Sacramento","https://www.californiahealthmaps.org?address=A0953","Female","Urinary",169400,3.0,1.0,7.5,26590,"","","",35610,"","","",62270,"","","",36590,"","","",1,66203,0.0,20.4,31.0,16.8,19.8,23.9,35.4
"A0953","Sacramento","Sacramento","https://www.californiahealthmaps.org?address=A0953","Male","Kidney",161615,30.8,22.0,42.3,23840,"","","",30450,"","","",64740,"","","",35075,"","","",1,66203,0.0,20.4,31.0,16.8,19.8,23.9,35.4
"A0953","Sacramento","Sacramento","https://www.californiahealthmaps.org?address=A0953","Female","Kidney",169400,17.7,11.7,26.0,26590,"","","",35610,"","","",62270,"","","",36590,"","","",1,66203,0.0,20.4,31.0,16.8,19.8,23.9,35.4
"A0953","Sacramento","Sacramento","https://www.californiahealthmaps.org?address=A0953","Male","Thyroid",161615,8.6,4.4,15.6,23840,"","","",30450,"","","",64740,"","","",35075,"","","",1,66203,0.0,20.4,31.0,16.8,19.8,23.9,35.4
"A0953","Sacramento","Sacramento","https://www.californiahealthmaps.org?address=A0953","Female","Thyroid",169400,21.3,14.7,30.2,26590,"","","",35610,"","","",62270,"","","",36590,"","","",1,66203,0.0,20.4,31.0,16.8,19.8,23.9,35.4
"A0953","Sacramento","Sacramento","https://www.californiahealthmaps.org?address=A0953","Both","AllSite",331015,471.9,447.0,497.9,50430,526.2,474.7,585.6,66060,579.7,521.6,643.4,127010,406.1,356.2,462.1,71665,402.6,352.7,458.1,1,66203,0.0,20.4,31.0,16.8,19.8,23.9,35.4
"A0953","Sacramento","Sacramento","https://www.californiahealthmaps.org?address=A0953","Both","Lung",331015,66.9,57.6,77.3,50430,86.6,68.4,113.4,66060,84.4,63.3,111.1,127010,38.6,23.3,60.9,71665,51.3,34.4,74.2,1,66203,0.0,20.4,31.0,16.8,19.8,23.9,35.4
"A0953","Sacramento","Sacramento","https://www.californiahealthmaps.org?address=A0953","Both","CRC",331015,49.1,41.2,58.1,50430,50.6,35.3,75.4,66060,57.5,40.3,80.6,127010,42.2,27.1,64.0,71665,55.4,37.7,79.1,1,66203,0.0,20.4,31.0,16.8,19.8,23.9,35.4
"A0953","Sacramento","Sacramento","https://www.californiahealthmaps.org?address=A0953","Both","Mela",331015,11.3,7.7,16.0,50430,33.8,21.4,56.3,66060,"","","",127010,"","","",71665,"","","",1,66203,0.0,20.4,31.0,16.8,19.8,23.9,35.4
"A0953","Sacramento","Sacramento","https://www.californiahealthmaps.org?address=A0953","Both","Lymph",331015,15.6,11.4,21.0,50430,21.5,11.8,42.2,66060,"","","",127010,"","","",71665,"","","",1,66203,0.0,20.4,31.0,16.8,19.8,23.9,35.4
"A0953","Sacramento","Sacramento","https://www.californiahealthmaps.org?address=A0953","Both","Urinary",331015,7.2,4.5,11.2,50430,"","","",66060,"","","",127010,"","","",71665,"","","",1,66203,0.0,20.4,31.0,16.8,19.8,23.9,35.4
"A0953","Sacramento","Sacramento","https://www.californiahealthmaps.org?address=A0953","Both","Kidney",331015,23.5,18.2,29.9,50430,25.1,15.3,45.2,66060,24.1,13.4,41.0,127010,38.6,24.5,59.2,71665,"","","",1,66203,0.0,20.4,31.0,16.8,19.8,23.9,35.4
"A0953","Sacramento","Sacramento","https://www.californiahealthmaps.org?address=A0953","Both","Thyroid",331015,15.2,11.1,20.4,50430,"","","",66060,"","","",127010,"","","",71665,"","","",1,66203,0.0,20.4,31.0,16.8,19.8,23.9,35.4
