"Zone","Counties","Cities","URL","Sex","Cancer","PopTot","AAIR","LCI","UCI","White_PopTot","White_AAIR","White_LCI","White_UCI","Black_PopTot","Black_AAIR","Black_LCI","Black_UCI","Hispanic_PopTot","Hispanic_AAIR","Hispanic_LCI","Hispanic_UCI","Asian_PopTot","Asian_AAIR","Asian_LCI","Asian_UCI","QNSES","PopAll","PerRural","PerUninsured","PerForeignBorn","PerWhite","PerBlack","PerAsian","PerHispanic"
"A0068","Los Angeles","El Monte","https://www.californiahealthmaps.org?address=A0068","Male","AllSite",161470,386.3,347.8,428.2,"","","","","","","","",127280,413.7,360.7,473.5,27535,301.9,242.8,373.5,1,63987,0.0,33.7,50.3,2.9,0.3,17.4,78.5
"A0068","Los Angeles","El Monte","https://www.californiahealthmaps.org?address=A0068","Female","AllSite",158465,313.4,282.9,346.5,"","","","","","","","",123985,318.9,279.5,363.0,28230,335.2,275.2,408.1,1,63987,0.0,33.7,50.3,2.9,0.3,17.4,78.5
"A0068","Los Angeles","El Monte","https://www.californiahealthmaps.org?address=A0068","Male","Prostate",161470,68.6,53.1,87.5,"","","","","","","","",127280,99.7,74.6,131.9,27535,"","","",1,63987,0.0,33.7,50.3,2.9,0.3,17.4,78.5
"A0068","Los Angeles","El Monte","https://www.californiahealthmaps.org?address=A0068","Female","Breast",158465,88.8,73.0,107.4,"","","","","","","","",123985,88.2,68.3,112.8,28230,97.1,66.5,141.4,1,63987,0.0,33.7,50.3,2.9,0.3,17.4,78.5
"A0068","Los Angeles","El Monte","https://www.californiahealthmaps.org?address=A0068","Male","Lung",161470,54.0,39.8,71.9,"","","","","","","","",127280,40.5,24.1,64.9,27535,74.8,47.1,115.8,1,63987,0.0,33.7,50.3,2.9,0.3,17.4,78.5
"A0068","Los Angeles","El Monte","https://www.californiahealthmaps.org?address=A0068","Female","Lung",158465,28.7,19.8,40.6,"","","","","","","","",123985,24.7,14.1,40.7,28230,"","","",1,63987,0.0,33.7,50.3,2.9,0.3,17.4,78.5
"A0068","Los Angeles","El Monte","https://www.californiahealthmaps.org?address=A0068","Male","CRC",161470,57.2,42.9,75.2,"","","","","","","","",127280,47.5,30.7,71.7,27535,55.7,31.5,93.9,1,63987,0.0,33.7,50.3,2.9,0.3,17.4,78.5
"A0068","Los Angeles","El Monte","https://www.californiahealthmaps.org?address=A0068","Female","CRC",158465,40.1,29.5,53.5,"","","","","","","","",123985,33.9,21.8,51.2,28230,52.5,30.8,88.5,1,63987,0.0,33.7,50.3,2.9,0.3,17.4,78.5
"A0068","Los Angeles","El Monte","https://www.californiahealthmaps.org?address=A0068","Male","Mela",161470,6.4,2.3,14.6,"","","","","","","","",127280,"","","",27535,"","","",1,63987,0.0,33.7,50.3,2.9,0.3,17.4,78.5
"A0068","Los Angeles","El Monte","https://www.californiahealthmaps.org?address=A0068","Female","Mela",158465,0.7,0.0,5.0,"","","","","","","","",123985,"","","",28230,"","","",1,63987,0.0,33.7,50.3,2.9,0.3,17.4,78.5
"A0068","Los Angeles","El Monte","https://www.californiahealthmaps.org?address=A0068","Female","Uterine",158465,23.6,16.0,33.8,"","","","","","","","",123985,33.0,21.6,49.3,28230,"","","",1,63987,0.0,33.7,50.3,2.9,0.3,17.4,78.5
"A0068","Los Angeles","El Monte","https://www.californiahealthmaps.org?address=A0068","Male","Lymph",161470,23.6,14.8,36.1,"","","","","","","","",127280,30.6,17.3,51.6,27535,"","","",1,63987,0.0,33.7,50.3,2.9,0.3,17.4,78.5
"A0068","Los Angeles","El Monte","https://www.californiahealthmaps.org?address=A0068","Female","Lymph",158465,10.9,5.9,18.9,"","","","","","","","",123985,"","","",28230,"","","",1,63987,0.0,33.7,50.3,2.9,0.3,17.4,78.5
"A0068","Los Angeles","El Monte","https://www.californiahealthmaps.org?address=A0068","Male","Urinary",161470,13.1,6.8,23.3,"","","","","","","","",127280,"","","",27535,"","","",1,63987,0.0,33.7,50.3,2.9,0.3,17.4,78.5
"A0068","Los Angeles","El Monte","https://www.californiahealthmaps.org?address=A0068","Female","Urinary",158465,1.9,0.2,7.1,"","","","","","","","",123985,"","","",28230,"","","",1,63987,0.0,33.7,50.3,2.9,0.3,17.4,78.5
"A0068","Los Angeles","El Monte","https://www.californiahealthmaps.org?address=A0068","Male","Kidney",161470,20.2,12.2,31.8,"","","","","","","","",127280,25.5,13.5,45.3,27535,"","","",1,63987,0.0,33.7,50.3,2.9,0.3,17.4,78.5
"A0068","Los Angeles","El Monte","https://www.californiahealthmaps.org?address=A0068","Female","Kidney",158465,11.0,6.1,18.9,"","","","","","","","",123985,"","","",28230,"","","",1,63987,0.0,33.7,50.3,2.9,0.3,17.4,78.5
"A0068","Los Angeles","El Monte","https://www.californiahealthmaps.org?address=A0068","Male","Thyroid",161470,6.5,2.7,14.0,"","","","","","","","",127280,"","","",27535,"","","",1,63987,0.0,33.7,50.3,2.9,0.3,17.4,78.5
"A0068","Los Angeles","El Monte","https://www.californiahealthmaps.org?address=A0068","Female","Thyroid",158465,19.6,12.8,29.2,"","","","","","","","",123985,22.9,13.6,37.3,28230,"","","",1,63987,0.0,33.7,50.3,2.9,0.3,17.4,78.5
"A0068","Los Angeles","El Monte","https://www.californiahealthmaps.org?address=A0068","Both","AllSite",319935,343.5,319.4,369.0,"","","","","","","","",251265,358.3,326.2,393.1,55765,317.6,275.2,366.2,1,63987,0.0,33.7,50.3,2.9,0.3,17.4,78.5
"A0068","Los Angeles","El Monte","https://www.californiahealthmaps.org?address=A0068","Both","Lung",319935,39.9,31.7,49.7,"","","","","","","","",251265,31.4,21.8,44.0,55765,53.5,37.3,76.2,1,63987,0.0,33.7,50.3,2.9,0.3,17.4,78.5
"A0068","Los Angeles","El Monte","https://www.californiahealthmaps.org?address=A0068","Both","CRC",319935,47.4,38.7,57.7,"","","","","","","","",251265,39.7,29.4,52.8,55765,54.2,37.4,77.8,1,63987,0.0,33.7,50.3,2.9,0.3,17.4,78.5
"A0068","Los Angeles","El Monte","https://www.californiahealthmaps.org?address=A0068","Both","Mela",319935,3.2,1.3,6.8,"","","","","","","","",251265,"","","",55765,"","","",1,63987,0.0,33.7,50.3,2.9,0.3,17.4,78.5
"A0068","Los Angeles","El Monte","https://www.californiahealthmaps.org?address=A0068","Both","Lymph",319935,16.6,11.6,23.2,"","","","","","","","",251265,21.8,14.4,32.2,55765,"","","",1,63987,0.0,33.7,50.3,2.9,0.3,17.4,78.5
"A0068","Los Angeles","El Monte","https://www.californiahealthmaps.org?address=A0068","Both","Urinary",319935,6.9,3.8,11.6,"","","","","","","","",251265,"","","",55765,"","","",1,63987,0.0,33.7,50.3,2.9,0.3,17.4,78.5
"A0068","Los Angeles","El Monte","https://www.californiahealthmaps.org?address=A0068","Both","Kidney",319935,14.9,10.4,21.1,"","","","","","","","",251265,17.5,11.1,26.9,55765,"","","",1,63987,0.0,33.7,50.3,2.9,0.3,17.4,78.5
"A0068","Los Angeles","El Monte","https://www.californiahealthmaps.org?address=A0068","Both","Thyroid",319935,13.3,9.2,18.9,"","","","","","","","",251265,15.4,9.6,24.0,55765,"","","",1,63987,0.0,33.7,50.3,2.9,0.3,17.4,78.5
