"Zone","Counties","Cities","URL","Sex","Cancer","PopTot","AAIR","LCI","UCI","White_PopTot","White_AAIR","White_LCI","White_UCI","Black_PopTot","Black_AAIR","Black_LCI","Black_UCI","Hispanic_PopTot","Hispanic_AAIR","Hispanic_LCI","Hispanic_UCI","Asian_PopTot","Asian_AAIR","Asian_LCI","Asian_UCI","QNSES","PopAll","PerRural","PerUninsured","PerForeignBorn","PerWhite","PerBlack","PerAsian","PerHispanic","PerAPI","PerDocvisit","PerFOBT","PerMammo","PerMenPrev","PerPap","PerWomenPrev"
"A0608","Santa Clara","Santa Clara, Sunnyvale, Milpitas, San Jose","https://www.californiahealthmaps.org?address=A0608","Male","AllSite",159030,428.1,387.6,473.0,35365,548.2,463.0,649.0,"","","","",25560,320.2,228.5,446.3,87020,369.5,318.1,429.3,5,62379,0.5,8.0,48.9,19.1,4.7,57.3,15.3,57.3,65.6,69.2,78.7,33.9,79.5,34.2
"A0608","Santa Clara","Santa Clara, Sunnyvale, Milpitas, San Jose","https://www.californiahealthmaps.org?address=A0608","Female","AllSite",152865,368.9,335.9,404.6,29920,424.0,355.5,507.3,"","","","",25350,378.8,290.9,493.1,86555,347.8,304.4,396.7,5,62379,0.5,8.0,48.9,19.1,4.7,57.3,15.3,57.3,65.6,69.2,78.7,33.9,79.5,34.2
"A0608","Santa Clara","Santa Clara, Sunnyvale, Milpitas, San Jose","https://www.californiahealthmaps.org?address=A0608","Male","Prostate",159030,81.9,65.0,103.3,35365,92.9,62.1,140.4,"","","","",25560,"","","",87020,54.6,35.9,82.8,5,62379,0.5,8.0,48.9,19.1,4.7,57.3,15.3,57.3,65.6,69.2,78.7,33.9,79.5,34.2
"A0608","Santa Clara","Santa Clara, Sunnyvale, Milpitas, San Jose","https://www.californiahealthmaps.org?address=A0608","Female","Breast",152865,124.1,106.0,144.9,29920,144.8,106.8,198.5,"","","","",25350,120.3,74.7,194.1,86555,122.6,98.5,152.0,5,62379,0.5,8.0,48.9,19.1,4.7,57.3,15.3,57.3,65.6,69.2,78.7,33.9,79.5,34.2
"A0608","Santa Clara","Santa Clara, Sunnyvale, Milpitas, San Jose","https://www.californiahealthmaps.org?address=A0608","Male","Lung",159030,61.4,45.5,82.4,35365,91.5,56.2,145.3,"","","","",25560,"","","",87020,60.3,39.6,90.7,5,62379,0.5,8.0,48.9,19.1,4.7,57.3,15.3,57.3,65.6,69.2,78.7,33.9,79.5,34.2
"A0608","Santa Clara","Santa Clara, Sunnyvale, Milpitas, San Jose","https://www.californiahealthmaps.org?address=A0608","Female","Lung",152865,43.8,32.2,58.6,29920,66.1,40.1,109.5,"","","","",25350,"","","",86555,36.9,22.7,57.5,5,62379,0.5,8.0,48.9,19.1,4.7,57.3,15.3,57.3,65.6,69.2,78.7,33.9,79.5,34.2
"A0608","Santa Clara","Santa Clara, Sunnyvale, Milpitas, San Jose","https://www.californiahealthmaps.org?address=A0608","Male","CRC",159030,38.9,27.1,55.5,35365,60.2,33.2,105.9,"","","","",25560,"","","",87020,28.0,15.8,50.1,5,62379,0.5,8.0,48.9,19.1,4.7,57.3,15.3,57.3,65.6,69.2,78.7,33.9,79.5,34.2
"A0608","Santa Clara","Santa Clara, Sunnyvale, Milpitas, San Jose","https://www.californiahealthmaps.org?address=A0608","Female","CRC",152865,33.3,23.7,45.8,29920,"","","","","","","",25350,"","","",86555,35.4,22.3,54.7,5,62379,0.5,8.0,48.9,19.1,4.7,57.3,15.3,57.3,65.6,69.2,78.7,33.9,79.5,34.2
"A0608","Santa Clara","Santa Clara, Sunnyvale, Milpitas, San Jose","https://www.californiahealthmaps.org?address=A0608","Male","Mela",159030,"","","",35365,"","","","","","","",25560,"","","",87020,"","","",5,62379,0.5,8.0,48.9,19.1,4.7,57.3,15.3,57.3,65.6,69.2,78.7,33.9,79.5,34.2
"A0608","Santa Clara","Santa Clara, Sunnyvale, Milpitas, San Jose","https://www.californiahealthmaps.org?address=A0608","Female","Mela",152865,"","","",29920,"","","","","","","",25350,"","","",86555,"","","",5,62379,0.5,8.0,48.9,19.1,4.7,57.3,15.3,57.3,65.6,69.2,78.7,33.9,79.5,34.2
"A0608","Santa Clara","Santa Clara, Sunnyvale, Milpitas, San Jose","https://www.californiahealthmaps.org?address=A0608","Female","Uterine",152865,17.2,11.1,26.0,29920,"","","","","","","",25350,"","","",86555,"","","",5,62379,0.5,8.0,48.9,19.1,4.7,57.3,15.3,57.3,65.6,69.2,78.7,33.9,79.5,34.2
"A0608","Santa Clara","Santa Clara, Sunnyvale, Milpitas, San Jose","https://www.californiahealthmaps.org?address=A0608","Male","Lymph",159030,21.3,13.6,33.8,35365,"","","","","","","",25560,"","","",87020,23.6,13.0,44.0,5,62379,0.5,8.0,48.9,19.1,4.7,57.3,15.3,57.3,65.6,69.2,78.7,33.9,79.5,34.2
"A0608","Santa Clara","Santa Clara, Sunnyvale, Milpitas, San Jose","https://www.californiahealthmaps.org?address=A0608","Female","Lymph",152865,14.2,8.4,23.1,29920,"","","","","","","",25350,"","","",86555,"","","",5,62379,0.5,8.0,48.9,19.1,4.7,57.3,15.3,57.3,65.6,69.2,78.7,33.9,79.5,34.2
"A0608","Santa Clara","Santa Clara, Sunnyvale, Milpitas, San Jose","https://www.californiahealthmaps.org?address=A0608","Male","Urinary",159030,"","","",35365,"","","","","","","",25560,"","","",87020,"","","",5,62379,0.5,8.0,48.9,19.1,4.7,57.3,15.3,57.3,65.6,69.2,78.7,33.9,79.5,34.2
"A0608","Santa Clara","Santa Clara, Sunnyvale, Milpitas, San Jose","https://www.californiahealthmaps.org?address=A0608","Female","Urinary",152865,"","","",29920,"","","","","","","",25350,"","","",86555,"","","",5,62379,0.5,8.0,48.9,19.1,4.7,57.3,15.3,57.3,65.6,69.2,78.7,33.9,79.5,34.2
"A0608","Santa Clara","Santa Clara, Sunnyvale, Milpitas, San Jose","https://www.californiahealthmaps.org?address=A0608","Male","Kidney",159030,21.2,13.8,33.4,35365,"","","","","","","",25560,"","","",87020,"","","",5,62379,0.5,8.0,48.9,19.1,4.7,57.3,15.3,57.3,65.6,69.2,78.7,33.9,79.5,34.2
"A0608","Santa Clara","Santa Clara, Sunnyvale, Milpitas, San Jose","https://www.californiahealthmaps.org?address=A0608","Female","Kidney",152865,"","","",29920,"","","","","","","",25350,"","","",86555,"","","",5,62379,0.5,8.0,48.9,19.1,4.7,57.3,15.3,57.3,65.6,69.2,78.7,33.9,79.5,34.2
"A0608","Santa Clara","Santa Clara, Sunnyvale, Milpitas, San Jose","https://www.californiahealthmaps.org?address=A0608","Male","Thyroid",159030,13.9,8.3,24.5,35365,"","","","","","","",25560,"","","",87020,"","","",5,62379,0.5,8.0,48.9,19.1,4.7,57.3,15.3,57.3,65.6,69.2,78.7,33.9,79.5,34.2
"A0608","Santa Clara","Santa Clara, Sunnyvale, Milpitas, San Jose","https://www.californiahealthmaps.org?address=A0608","Female","Thyroid",152865,22.2,15.5,31.7,29920,"","","","","","","",25350,"","","",86555,22.1,13.3,36.5,5,62379,0.5,8.0,48.9,19.1,4.7,57.3,15.3,57.3,65.6,69.2,78.7,33.9,79.5,34.2
"A0608","Santa Clara","Santa Clara, Sunnyvale, Milpitas, San Jose","https://www.californiahealthmaps.org?address=A0608","Male","Liver",159030,32.5,22.3,47.5,35365,"","","","","","","",25560,"","","",87020,42.8,26.6,68.8,5,62379,0.5,8.0,48.9,19.1,4.7,57.3,15.3,57.3,65.6,69.2,78.7,33.9,79.5,34.2
"A0608","Santa Clara","Santa Clara, Sunnyvale, Milpitas, San Jose","https://www.californiahealthmaps.org?address=A0608","Female","Liver",152865,"","","",29920,"","","","","","","",25350,"","","",86555,"","","",5,62379,0.5,8.0,48.9,19.1,4.7,57.3,15.3,57.3,65.6,69.2,78.7,33.9,79.5,34.2
"A0608","Santa Clara","Santa Clara, Sunnyvale, Milpitas, San Jose","https://www.californiahealthmaps.org?address=A0608","Male","Pancreas",159030,"","","",35365,"","","","","","","",25560,"","","",87020,"","","",5,62379,0.5,8.0,48.9,19.1,4.7,57.3,15.3,57.3,65.6,69.2,78.7,33.9,79.5,34.2
"A0608","Santa Clara","Santa Clara, Sunnyvale, Milpitas, San Jose","https://www.californiahealthmaps.org?address=A0608","Female","Pancreas",152865,"","","",29920,"","","","","","","",25350,"","","",86555,"","","",5,62379,0.5,8.0,48.9,19.1,4.7,57.3,15.3,57.3,65.6,69.2,78.7,33.9,79.5,34.2
"A0608","Santa Clara","Santa Clara, Sunnyvale, Milpitas, San Jose","https://www.californiahealthmaps.org?address=A0608","Both","AllSite",311895,392.4,366.8,419.6,65285,475.0,421.7,535.4,10050,554.5,402.3,761.6,50910,350.1,285.7,428.8,173575,355.4,322.1,391.9,5,62379,0.5,8.0,48.9,19.1,4.7,57.3,15.3,57.3,65.6,69.2,78.7,33.9,79.5,34.2
"A0608","Santa Clara","Santa Clara, Sunnyvale, Milpitas, San Jose","https://www.californiahealthmaps.org?address=A0608","Both","Lung",311895,51.6,41.8,63.2,65285,76.7,54.9,106.6,10050,"","","",50910,"","","",173575,47.2,34.8,63.2,5,62379,0.5,8.0,48.9,19.1,4.7,57.3,15.3,57.3,65.6,69.2,78.7,33.9,79.5,34.2
"A0608","Santa Clara","Santa Clara, Sunnyvale, Milpitas, San Jose","https://www.californiahealthmaps.org?address=A0608","Both","CRC",311895,35.5,27.9,44.7,65285,45.1,29.4,69.1,10050,"","","",50910,"","","",173575,32.3,22.7,45.3,5,62379,0.5,8.0,48.9,19.1,4.7,57.3,15.3,57.3,65.6,69.2,78.7,33.9,79.5,34.2
"A0608","Santa Clara","Santa Clara, Sunnyvale, Milpitas, San Jose","https://www.californiahealthmaps.org?address=A0608","Both","Mela",311895,6.7,3.9,11.2,65285,"","","",10050,"","","",50910,"","","",173575,"","","",5,62379,0.5,8.0,48.9,19.1,4.7,57.3,15.3,57.3,65.6,69.2,78.7,33.9,79.5,34.2
"A0608","Santa Clara","Santa Clara, Sunnyvale, Milpitas, San Jose","https://www.californiahealthmaps.org?address=A0608","Both","Lymph",311895,17.9,12.9,24.7,65285,22.2,12.2,40.8,10050,"","","",50910,"","","",173575,19.8,12.6,30.4,5,62379,0.5,8.0,48.9,19.1,4.7,57.3,15.3,57.3,65.6,69.2,78.7,33.9,79.5,34.2
"A0608","Santa Clara","Santa Clara, Sunnyvale, Milpitas, San Jose","https://www.californiahealthmaps.org?address=A0608","Both","Urinary",311895,6.6,3.6,11.6,65285,"","","",10050,"","","",50910,"","","",173575,"","","",5,62379,0.5,8.0,48.9,19.1,4.7,57.3,15.3,57.3,65.6,69.2,78.7,33.9,79.5,34.2
"A0608","Santa Clara","Santa Clara, Sunnyvale, Milpitas, San Jose","https://www.californiahealthmaps.org?address=A0608","Both","Kidney",311895,14.8,10.4,20.9,65285,"","","",10050,"","","",50910,"","","",173575,10.4,5.8,18.5,5,62379,0.5,8.0,48.9,19.1,4.7,57.3,15.3,57.3,65.6,69.2,78.7,33.9,79.5,34.2
"A0608","Santa Clara","Santa Clara, Sunnyvale, Milpitas, San Jose","https://www.californiahealthmaps.org?address=A0608","Both","Thyroid",311895,17.8,13.3,23.8,65285,21.2,11.8,39.1,10050,"","","",50910,"","","",173575,16.8,11.1,25.6,5,62379,0.5,8.0,48.9,19.1,4.7,57.3,15.3,57.3,65.6,69.2,78.7,33.9,79.5,34.2
"A0608","Santa Clara","Santa Clara, Sunnyvale, Milpitas, San Jose","https://www.californiahealthmaps.org?address=A0608","Both","Liver",311895,17.5,12.4,24.3,65285,"","","",10050,"","","",50910,"","","",173575,21.5,13.7,32.9,5,62379,0.5,8.0,48.9,19.1,4.7,57.3,15.3,57.3,65.6,69.2,78.7,33.9,79.5,34.2
"A0608","Santa Clara","Santa Clara, Sunnyvale, Milpitas, San Jose","https://www.californiahealthmaps.org?address=A0608","Both","Pancreas",311895,9.2,5.4,15.0,65285,"","","",10050,"","","",50910,"","","",173575,"","","",5,62379,0.5,8.0,48.9,19.1,4.7,57.3,15.3,57.3,65.6,69.2,78.7,33.9,79.5,34.2
