"Zone","Counties","Cities","URL","Sex","Cancer","PopTot","AAIR","LCI","UCI","White_PopTot","White_AAIR","White_LCI","White_UCI","Black_PopTot","Black_AAIR","Black_LCI","Black_UCI","Hispanic_PopTot","Hispanic_AAIR","Hispanic_LCI","Hispanic_UCI","Asian_PopTot","Asian_AAIR","Asian_LCI","Asian_UCI","QNSES","PopAll","PerRural","PerUninsured","PerForeignBorn","PerWhite","PerBlack","PerAsian","PerHispanic","PerAPI","PerDocvisit","PerFOBT","PerMammo","PerMenPrev","PerPap","PerWomenPrev"
"A1016","Los Angeles","La Mirada","https://www.californiahealthmaps.org?address=A1016","Male","AllSite",146600,459.1,425.0,495.4,56330,481.5,431.3,538.5,"","","","",62525,462.2,396.8,536.3,21190,393.3,315.1,488.3,4,61083,0.0,12.5,21.7,37.6,1.6,15.8,42.6,15.8,"","","","","",""
"A1016","Los Angeles","La Mirada","https://www.californiahealthmaps.org?address=A1016","Female","AllSite",158815,429.9,400.0,461.6,61290,450.7,404.3,503.9,"","","","",67330,408.6,358.0,464.9,23805,415.8,342.9,504.7,4,61083,0.0,12.5,21.7,37.6,1.6,15.8,42.6,15.8,"","","","","",""
"A1016","Los Angeles","La Mirada","https://www.californiahealthmaps.org?address=A1016","Male","Prostate",146600,104.3,88.6,122.3,56330,95.6,75.1,123.2,"","","","",62525,130.8,97.5,173.2,21190,58.2,32.9,101.2,4,61083,0.0,12.5,21.7,37.6,1.6,15.8,42.6,15.8,"","","","","",""
"A1016","Los Angeles","La Mirada","https://www.californiahealthmaps.org?address=A1016","Female","Breast",158815,136.4,119.5,155.2,61290,130.0,105.8,161.5,"","","","",67330,129.8,102.3,163.0,23805,153.6,110.4,213.8,4,61083,0.0,12.5,21.7,37.6,1.6,15.8,42.6,15.8,"","","","","",""
"A1016","Los Angeles","La Mirada","https://www.californiahealthmaps.org?address=A1016","Male","Lung",146600,57.0,45.3,71.0,56330,63.9,47.1,88.0,"","","","",62525,"","","",21190,"","","",4,61083,0.0,12.5,21.7,37.6,1.6,15.8,42.6,15.8,"","","","","",""
"A1016","Los Angeles","La Mirada","https://www.californiahealthmaps.org?address=A1016","Female","Lung",158815,43.5,34.8,54.1,61290,51.5,38.7,71.7,"","","","",67330,"","","",23805,"","","",4,61083,0.0,12.5,21.7,37.6,1.6,15.8,42.6,15.8,"","","","","",""
"A1016","Los Angeles","La Mirada","https://www.californiahealthmaps.org?address=A1016","Male","CRC",146600,31.4,23.1,42.0,56330,29.2,18.3,48.1,"","","","",62525,34.8,19.1,60.0,21190,"","","",4,61083,0.0,12.5,21.7,37.6,1.6,15.8,42.6,15.8,"","","","","",""
"A1016","Los Angeles","La Mirada","https://www.californiahealthmaps.org?address=A1016","Female","CRC",158815,37.0,28.7,47.3,61290,33.8,22.6,53.0,"","","","",67330,45.4,29.5,67.2,23805,"","","",4,61083,0.0,12.5,21.7,37.6,1.6,15.8,42.6,15.8,"","","","","",""
"A1016","Los Angeles","La Mirada","https://www.californiahealthmaps.org?address=A1016","Male","Mela",146600,27.6,19.7,37.7,56330,53.6,37.3,77.6,"","","","",62525,"","","",21190,"","","",4,61083,0.0,12.5,21.7,37.6,1.6,15.8,42.6,15.8,"","","","","",""
"A1016","Los Angeles","La Mirada","https://www.californiahealthmaps.org?address=A1016","Female","Mela",158815,14.1,9.1,21.4,61290,21.8,12.8,39.6,"","","","",67330,"","","",23805,"","","",4,61083,0.0,12.5,21.7,37.6,1.6,15.8,42.6,15.8,"","","","","",""
"A1016","Los Angeles","La Mirada","https://www.californiahealthmaps.org?address=A1016","Female","Uterine",158815,35.5,27.2,45.8,61290,42.8,28.5,65.5,"","","","",67330,27.1,15.4,44.8,23805,"","","",4,61083,0.0,12.5,21.7,37.6,1.6,15.8,42.6,15.8,"","","","","",""
"A1016","Los Angeles","La Mirada","https://www.californiahealthmaps.org?address=A1016","Male","Lymph",146600,24.9,17.5,34.6,56330,23.7,14.2,41.3,"","","","",62525,"","","",21190,"","","",4,61083,0.0,12.5,21.7,37.6,1.6,15.8,42.6,15.8,"","","","","",""
"A1016","Los Angeles","La Mirada","https://www.californiahealthmaps.org?address=A1016","Female","Lymph",158815,18.2,12.5,26.0,61290,21.6,12.1,40.1,"","","","",67330,"","","",23805,"","","",4,61083,0.0,12.5,21.7,37.6,1.6,15.8,42.6,15.8,"","","","","",""
"A1016","Los Angeles","La Mirada","https://www.californiahealthmaps.org?address=A1016","Male","Urinary",146600,15.3,9.7,23.4,56330,20.2,11.7,36.9,"","","","",62525,"","","",21190,"","","",4,61083,0.0,12.5,21.7,37.6,1.6,15.8,42.6,15.8,"","","","","",""
"A1016","Los Angeles","La Mirada","https://www.californiahealthmaps.org?address=A1016","Female","Urinary",158815,"","","",61290,"","","","","","","",67330,"","","",23805,"","","",4,61083,0.0,12.5,21.7,37.6,1.6,15.8,42.6,15.8,"","","","","",""
"A1016","Los Angeles","La Mirada","https://www.californiahealthmaps.org?address=A1016","Male","Kidney",146600,29.9,21.7,40.3,56330,20.4,11.6,37.5,"","","","",62525,53.4,32.9,83.4,21190,"","","",4,61083,0.0,12.5,21.7,37.6,1.6,15.8,42.6,15.8,"","","","","",""
"A1016","Los Angeles","La Mirada","https://www.californiahealthmaps.org?address=A1016","Female","Kidney",158815,11.9,7.5,18.5,61290,"","","","","","","",67330,"","","",23805,"","","",4,61083,0.0,12.5,21.7,37.6,1.6,15.8,42.6,15.8,"","","","","",""
"A1016","Los Angeles","La Mirada","https://www.californiahealthmaps.org?address=A1016","Male","Thyroid",146600,"","","",56330,"","","","","","","",62525,"","","",21190,"","","",4,61083,0.0,12.5,21.7,37.6,1.6,15.8,42.6,15.8,"","","","","",""
"A1016","Los Angeles","La Mirada","https://www.californiahealthmaps.org?address=A1016","Female","Thyroid",158815,19.3,13.0,28.0,61290,"","","","","","","",67330,"","","",23805,"","","",4,61083,0.0,12.5,21.7,37.6,1.6,15.8,42.6,15.8,"","","","","",""
"A1016","Los Angeles","La Mirada","https://www.californiahealthmaps.org?address=A1016","Male","Liver",146600,16.5,10.8,24.6,56330,"","","","","","","",62525,"","","",21190,"","","",4,61083,0.0,12.5,21.7,37.6,1.6,15.8,42.6,15.8,"","","","","",""
"A1016","Los Angeles","La Mirada","https://www.californiahealthmaps.org?address=A1016","Female","Liver",158815,7.2,4.0,12.7,61290,"","","","","","","",67330,"","","",23805,"","","",4,61083,0.0,12.5,21.7,37.6,1.6,15.8,42.6,15.8,"","","","","",""
"A1016","Los Angeles","La Mirada","https://www.californiahealthmaps.org?address=A1016","Male","Pancreas",146600,10.7,6.1,17.8,56330,"","","","","","","",62525,"","","",21190,"","","",4,61083,0.0,12.5,21.7,37.6,1.6,15.8,42.6,15.8,"","","","","",""
"A1016","Los Angeles","La Mirada","https://www.californiahealthmaps.org?address=A1016","Female","Pancreas",158815,12.1,7.7,18.7,61290,"","","","","","","",67330,"","","",23805,"","","",4,61083,0.0,12.5,21.7,37.6,1.6,15.8,42.6,15.8,"","","","","",""
"A1016","Los Angeles","La Mirada","https://www.californiahealthmaps.org?address=A1016","Both","AllSite",305415,437.4,415.2,460.6,117620,459.1,425.3,496.2,"","","","",129855,424.2,384.4,467.3,44995,401.9,348.5,463.0,4,61083,0.0,12.5,21.7,37.6,1.6,15.8,42.6,15.8,"","","","","",""
"A1016","Los Angeles","La Mirada","https://www.californiahealthmaps.org?address=A1016","Both","Lung",305415,48.4,41.4,56.4,117620,56.8,46.3,70.7,"","","","",129855,30.5,20.1,44.7,44995,51.2,33.0,78.1,4,61083,0.0,12.5,21.7,37.6,1.6,15.8,42.6,15.8,"","","","","",""
"A1016","Los Angeles","La Mirada","https://www.californiahealthmaps.org?address=A1016","Both","CRC",305415,34.4,28.5,41.4,117620,31.4,23.5,43.0,"","","","",129855,41.2,29.4,56.4,44995,31.9,18.6,54.0,4,61083,0.0,12.5,21.7,37.6,1.6,15.8,42.6,15.8,"","","","","",""
"A1016","Los Angeles","La Mirada","https://www.californiahealthmaps.org?address=A1016","Both","Mela",305415,19.8,15.2,25.4,117620,35.9,26.7,49.0,"","","","",129855,"","","",44995,"","","",4,61083,0.0,12.5,21.7,37.6,1.6,15.8,42.6,15.8,"","","","","",""
"A1016","Los Angeles","La Mirada","https://www.californiahealthmaps.org?address=A1016","Both","Lymph",305415,21.0,16.3,26.7,117620,22.0,15.2,32.7,"","","","",129855,19.7,11.9,31.1,44995,"","","",4,61083,0.0,12.5,21.7,37.6,1.6,15.8,42.6,15.8,"","","","","",""
"A1016","Los Angeles","La Mirada","https://www.californiahealthmaps.org?address=A1016","Both","Urinary",305415,7.5,4.9,11.2,117620,10.3,6.2,18.6,"","","","",129855,"","","",44995,"","","",4,61083,0.0,12.5,21.7,37.6,1.6,15.8,42.6,15.8,"","","","","",""
"A1016","Los Angeles","La Mirada","https://www.californiahealthmaps.org?address=A1016","Both","Kidney",305415,20.0,15.5,25.6,117620,15.7,10.3,25.1,"","","","",129855,30.8,20.7,44.5,44995,"","","",4,61083,0.0,12.5,21.7,37.6,1.6,15.8,42.6,15.8,"","","","","",""
"A1016","Los Angeles","La Mirada","https://www.californiahealthmaps.org?address=A1016","Both","Thyroid",305415,12.9,9.1,17.8,117620,"","","","","","","",129855,12.5,6.9,21.4,44995,"","","",4,61083,0.0,12.5,21.7,37.6,1.6,15.8,42.6,15.8,"","","","","",""
"A1016","Los Angeles","La Mirada","https://www.californiahealthmaps.org?address=A1016","Both","Liver",305415,11.7,8.4,16.1,117620,9.6,5.7,17.8,"","","","",129855,15.0,8.3,25.3,44995,"","","",4,61083,0.0,12.5,21.7,37.6,1.6,15.8,42.6,15.8,"","","","","",""
"A1016","Los Angeles","La Mirada","https://www.californiahealthmaps.org?address=A1016","Both","Pancreas",305415,11.4,8.1,15.8,117620,9.5,5.6,17.6,"","","","",129855,"","","",44995,"","","",4,61083,0.0,12.5,21.7,37.6,1.6,15.8,42.6,15.8,"","","","","",""
