"Zone","Counties","Cities","URL","Sex","Cancer","PopTot","AAIR","LCI","UCI","White_PopTot","White_AAIR","White_LCI","White_UCI","Black_PopTot","Black_AAIR","Black_LCI","Black_UCI","Hispanic_PopTot","Hispanic_AAIR","Hispanic_LCI","Hispanic_UCI","Asian_PopTot","Asian_AAIR","Asian_LCI","Asian_UCI","QNSES","PopAll","PerRural","PerUninsured","PerForeignBorn","PerWhite","PerBlack","PerAsian","PerHispanic","PerAPI","PerDocvisit","PerFOBT","PerMammo","PerMenPrev","PerPap","PerWomenPrev"
"A0550","Los Angeles","Pasadena, Los Angeles, Santa Clarita","https://www.californiahealthmaps.org?address=A0550","Male","AllSite",165955,450.5,415.0,488.6,32970,427.6,363.1,504.3,31225,564.1,490.3,649.2,88965,435.0,368.6,512.8,"","","","",4,67507,3.0,19.9,26.2,19.8,20.0,5.7,51.5,5.7,"","","","","",""
"A0550","Los Angeles","Pasadena, Los Angeles, Santa Clarita","https://www.californiahealthmaps.org?address=A0550","Female","AllSite",171580,395.2,365.9,426.4,32060,481.8,415.6,560.5,35830,376.8,324.5,439.0,88320,369.9,320.0,426.9,"","","","",4,67507,3.0,19.9,26.2,19.8,20.0,5.7,51.5,5.7,"","","","","",""
"A0550","Los Angeles","Pasadena, Los Angeles, Santa Clarita","https://www.californiahealthmaps.org?address=A0550","Male","Prostate",165955,114.4,97.3,134.1,32970,90.2,62.8,130.9,31225,178.2,139.4,228.5,88965,88.1,61.2,127.0,"","","","",4,67507,3.0,19.9,26.2,19.8,20.0,5.7,51.5,5.7,"","","","","",""
"A0550","Los Angeles","Pasadena, Los Angeles, Santa Clarita","https://www.californiahealthmaps.org?address=A0550","Female","Breast",171580,144.1,126.8,163.3,32060,169.7,132.8,219.6,35830,149.7,116.6,193.4,88320,124.8,97.4,159.4,"","","","",4,67507,3.0,19.9,26.2,19.8,20.0,5.7,51.5,5.7,"","","","","",""
"A0550","Los Angeles","Pasadena, Los Angeles, Santa Clarita","https://www.californiahealthmaps.org?address=A0550","Male","Lung",165955,44.5,33.3,58.4,32970,"","","",31225,69.6,45.4,106.5,88965,50.5,27.2,88.1,"","","","",4,67507,3.0,19.9,26.2,19.8,20.0,5.7,51.5,5.7,"","","","","",""
"A0550","Los Angeles","Pasadena, Los Angeles, Santa Clarita","https://www.californiahealthmaps.org?address=A0550","Female","Lung",171580,35.8,27.1,46.7,32060,47.9,28.3,82.7,35830,45.6,29.7,72.9,88320,"","","","","","","",4,67507,3.0,19.9,26.2,19.8,20.0,5.7,51.5,5.7,"","","","","",""
"A0550","Los Angeles","Pasadena, Los Angeles, Santa Clarita","https://www.californiahealthmaps.org?address=A0550","Male","CRC",165955,39.6,29.6,52.4,32970,47.2,26.9,82.0,31225,49.2,28.5,83.3,88965,40.7,23.6,70.5,"","","","",4,67507,3.0,19.9,26.2,19.8,20.0,5.7,51.5,5.7,"","","","","",""
"A0550","Los Angeles","Pasadena, Los Angeles, Santa Clarita","https://www.californiahealthmaps.org?address=A0550","Female","CRC",171580,39.0,30.1,50.0,32060,54.4,33.8,89.9,35830,41.7,25.8,69.4,88320,26.2,15.0,45.3,"","","","",4,67507,3.0,19.9,26.2,19.8,20.0,5.7,51.5,5.7,"","","","","",""
"A0550","Los Angeles","Pasadena, Los Angeles, Santa Clarita","https://www.californiahealthmaps.org?address=A0550","Male","Mela",165955,12.8,7.5,20.9,32970,"","","",31225,"","","",88965,"","","","","","","",4,67507,3.0,19.9,26.2,19.8,20.0,5.7,51.5,5.7,"","","","","",""
"A0550","Los Angeles","Pasadena, Los Angeles, Santa Clarita","https://www.californiahealthmaps.org?address=A0550","Female","Mela",171580,"","","",32060,"","","",35830,"","","",88320,"","","","","","","",4,67507,3.0,19.9,26.2,19.8,20.0,5.7,51.5,5.7,"","","","","",""
"A0550","Los Angeles","Pasadena, Los Angeles, Santa Clarita","https://www.californiahealthmaps.org?address=A0550","Female","Uterine",171580,31.2,23.4,41.1,32060,49.4,29.2,84.9,35830,"","","",88320,41.3,25.9,64.6,"","","","",4,67507,3.0,19.9,26.2,19.8,20.0,5.7,51.5,5.7,"","","","","",""
"A0550","Los Angeles","Pasadena, Los Angeles, Santa Clarita","https://www.californiahealthmaps.org?address=A0550","Male","Lymph",165955,26.7,18.3,38.1,32970,"","","",31225,"","","",88965,"","","","","","","",4,67507,3.0,19.9,26.2,19.8,20.0,5.7,51.5,5.7,"","","","","",""
"A0550","Los Angeles","Pasadena, Los Angeles, Santa Clarita","https://www.californiahealthmaps.org?address=A0550","Female","Lymph",171580,15.8,10.4,23.4,32060,"","","",35830,"","","",88320,"","","","","","","",4,67507,3.0,19.9,26.2,19.8,20.0,5.7,51.5,5.7,"","","","","",""
"A0550","Los Angeles","Pasadena, Los Angeles, Santa Clarita","https://www.californiahealthmaps.org?address=A0550","Male","Urinary",165955,12.9,7.2,21.7,32970,"","","",31225,"","","",88965,"","","","","","","",4,67507,3.0,19.9,26.2,19.8,20.0,5.7,51.5,5.7,"","","","","",""
"A0550","Los Angeles","Pasadena, Los Angeles, Santa Clarita","https://www.californiahealthmaps.org?address=A0550","Female","Urinary",171580,"","","",32060,"","","",35830,"","","",88320,"","","","","","","",4,67507,3.0,19.9,26.2,19.8,20.0,5.7,51.5,5.7,"","","","","",""
"A0550","Los Angeles","Pasadena, Los Angeles, Santa Clarita","https://www.californiahealthmaps.org?address=A0550","Male","Kidney",165955,36.8,27.2,49.1,32970,"","","",31225,42.3,24.2,73.7,88965,53.1,31.1,88.3,"","","","",4,67507,3.0,19.9,26.2,19.8,20.0,5.7,51.5,5.7,"","","","","",""
"A0550","Los Angeles","Pasadena, Los Angeles, Santa Clarita","https://www.californiahealthmaps.org?address=A0550","Female","Kidney",171580,14.4,9.3,21.5,32060,"","","",35830,"","","",88320,"","","","","","","",4,67507,3.0,19.9,26.2,19.8,20.0,5.7,51.5,5.7,"","","","","",""
"A0550","Los Angeles","Pasadena, Los Angeles, Santa Clarita","https://www.californiahealthmaps.org?address=A0550","Male","Thyroid",165955,"","","",32970,"","","",31225,"","","",88965,"","","","","","","",4,67507,3.0,19.9,26.2,19.8,20.0,5.7,51.5,5.7,"","","","","",""
"A0550","Los Angeles","Pasadena, Los Angeles, Santa Clarita","https://www.californiahealthmaps.org?address=A0550","Female","Thyroid",171580,13.2,8.3,20.2,32060,"","","",35830,"","","",88320,"","","","","","","",4,67507,3.0,19.9,26.2,19.8,20.0,5.7,51.5,5.7,"","","","","",""
"A0550","Los Angeles","Pasadena, Los Angeles, Santa Clarita","https://www.californiahealthmaps.org?address=A0550","Male","Liver",165955,16.3,10.1,25.3,32970,"","","",31225,"","","",88965,"","","","","","","",4,67507,3.0,19.9,26.2,19.8,20.0,5.7,51.5,5.7,"","","","","",""
"A0550","Los Angeles","Pasadena, Los Angeles, Santa Clarita","https://www.californiahealthmaps.org?address=A0550","Female","Liver",171580,"","","",32060,"","","",35830,"","","",88320,"","","","","","","",4,67507,3.0,19.9,26.2,19.8,20.0,5.7,51.5,5.7,"","","","","",""
"A0550","Los Angeles","Pasadena, Los Angeles, Santa Clarita","https://www.californiahealthmaps.org?address=A0550","Male","Pancreas",165955,"","","",32970,"","","",31225,"","","",88965,"","","","","","","",4,67507,3.0,19.9,26.2,19.8,20.0,5.7,51.5,5.7,"","","","","",""
"A0550","Los Angeles","Pasadena, Los Angeles, Santa Clarita","https://www.californiahealthmaps.org?address=A0550","Female","Pancreas",171580,9.9,5.6,16.5,32060,"","","",35830,"","","",88320,"","","","","","","",4,67507,3.0,19.9,26.2,19.8,20.0,5.7,51.5,5.7,"","","","","",""
"A0550","Los Angeles","Pasadena, Los Angeles, Santa Clarita","https://www.californiahealthmaps.org?address=A0550","Both","AllSite",337535,416.4,393.9,440.0,65030,448.8,403.1,500.2,67055,450.3,407.3,498.3,177285,392.7,352.8,436.6,18080,296.4,230.0,384.1,4,67507,3.0,19.9,26.2,19.8,20.0,5.7,51.5,5.7,"","","","","",""
"A0550","Los Angeles","Pasadena, Los Angeles, Santa Clarita","https://www.californiahealthmaps.org?address=A0550","Both","Lung",337535,39.3,32.3,47.4,65030,35.1,23.2,53.7,67055,55.0,41.1,74.3,177285,28.0,17.0,44.1,18080,"","","",4,67507,3.0,19.9,26.2,19.8,20.0,5.7,51.5,5.7,"","","","","",""
"A0550","Los Angeles","Pasadena, Los Angeles, Santa Clarita","https://www.californiahealthmaps.org?address=A0550","Both","CRC",337535,39.0,32.3,46.8,65030,49.7,35.2,70.7,67055,45.1,31.9,63.9,177285,32.1,22.2,46.3,18080,"","","",4,67507,3.0,19.9,26.2,19.8,20.0,5.7,51.5,5.7,"","","","","",""
"A0550","Los Angeles","Pasadena, Los Angeles, Santa Clarita","https://www.californiahealthmaps.org?address=A0550","Both","Mela",337535,7.4,4.7,11.2,65030,18.8,10.6,33.9,67055,"","","",177285,"","","",18080,"","","",4,67507,3.0,19.9,26.2,19.8,20.0,5.7,51.5,5.7,"","","","","",""
"A0550","Los Angeles","Pasadena, Los Angeles, Santa Clarita","https://www.californiahealthmaps.org?address=A0550","Both","Lymph",337535,19.9,15.2,25.8,65030,24.7,14.8,41.6,67055,"","","",177285,26.8,16.3,42.2,18080,"","","",4,67507,3.0,19.9,26.2,19.8,20.0,5.7,51.5,5.7,"","","","","",""
"A0550","Los Angeles","Pasadena, Los Angeles, Santa Clarita","https://www.californiahealthmaps.org?address=A0550","Both","Urinary",337535,7.0,4.3,11.0,65030,"","","",67055,"","","",177285,"","","",18080,"","","",4,67507,3.0,19.9,26.2,19.8,20.0,5.7,51.5,5.7,"","","","","",""
"A0550","Los Angeles","Pasadena, Los Angeles, Santa Clarita","https://www.californiahealthmaps.org?address=A0550","Both","Kidney",337535,24.3,19.1,30.6,65030,18.1,10.1,33.1,67055,26.6,17.1,41.8,177285,32.4,21.2,48.3,18080,"","","",4,67507,3.0,19.9,26.2,19.8,20.0,5.7,51.5,5.7,"","","","","",""
"A0550","Los Angeles","Pasadena, Los Angeles, Santa Clarita","https://www.californiahealthmaps.org?address=A0550","Both","Thyroid",337535,10.7,7.5,15.1,65030,"","","",67055,"","","",177285,11.3,6.5,20.3,18080,"","","",4,67507,3.0,19.9,26.2,19.8,20.0,5.7,51.5,5.7,"","","","","",""
"A0550","Los Angeles","Pasadena, Los Angeles, Santa Clarita","https://www.californiahealthmaps.org?address=A0550","Both","Liver",337535,10.3,6.9,14.8,65030,"","","",67055,"","","",177285,"","","",18080,"","","",4,67507,3.0,19.9,26.2,19.8,20.0,5.7,51.5,5.7,"","","","","",""
"A0550","Los Angeles","Pasadena, Los Angeles, Santa Clarita","https://www.californiahealthmaps.org?address=A0550","Both","Pancreas",337535,9.7,6.5,14.2,65030,"","","",67055,"","","",177285,"","","",18080,"","","",4,67507,3.0,19.9,26.2,19.8,20.0,5.7,51.5,5.7,"","","","","",""
