"Zone","Counties","Cities","URL","Sex","Cancer","PopTot","AAIR","LCI","UCI","White_PopTot","White_AAIR","White_LCI","White_UCI","Black_PopTot","Black_AAIR","Black_LCI","Black_UCI","Hispanic_PopTot","Hispanic_AAIR","Hispanic_LCI","Hispanic_UCI","Asian_PopTot","Asian_AAIR","Asian_LCI","Asian_UCI","QNSES","PopAll","PerRural","PerUninsured","PerForeignBorn","PerWhite","PerBlack","PerAsian","PerHispanic","PerAPI","PerDocvisit","PerFOBT","PerMammo","PerMenPrev","PerPap","PerWomenPrev"
"A0885","Los Angeles","Pomona, Claremont, San Dimas","https://www.californiahealthmaps.org?address=A0885","Male","AllSite",143505,481.9,447.5,518.6,67610,511.6,465.2,563.7,"","","","",48155,495.8,418.9,584.6,15110,318.9,231.5,436.6,4,59222,0.1,12.5,21.3,47.6,6.4,11.5,31.3,11.5,"","","","","",""
"A0885","Los Angeles","Pomona, Claremont, San Dimas","https://www.californiahealthmaps.org?address=A0885","Female","AllSite",152605,394.2,365.6,425.0,70175,396.0,356.5,441.0,"","","","",51610,419.0,359.9,486.1,17575,313.4,238.6,414.1,4,59222,0.1,12.5,21.3,47.6,6.4,11.5,31.3,11.5,"","","","","",""
"A0885","Los Angeles","Pomona, Claremont, San Dimas","https://www.californiahealthmaps.org?address=A0885","Male","Prostate",143505,133.5,116.3,152.9,67610,142.1,119.7,170.2,"","","","",48155,134.5,97.0,184.2,15110,"","","",4,59222,0.1,12.5,21.3,47.6,6.4,11.5,31.3,11.5,"","","","","",""
"A0885","Los Angeles","Pomona, Claremont, San Dimas","https://www.californiahealthmaps.org?address=A0885","Female","Breast",152605,138.5,121.7,157.4,70175,137.3,114.4,166.1,"","","","",51610,146.9,113.1,188.9,17575,126.2,81.0,199.3,4,59222,0.1,12.5,21.3,47.6,6.4,11.5,31.3,11.5,"","","","","",""
"A0885","Los Angeles","Pomona, Claremont, San Dimas","https://www.californiahealthmaps.org?address=A0885","Male","Lung",143505,38.0,28.9,49.6,67610,41.9,29.9,60.4,"","","","",48155,"","","",15110,"","","",4,59222,0.1,12.5,21.3,47.6,6.4,11.5,31.3,11.5,"","","","","",""
"A0885","Los Angeles","Pomona, Claremont, San Dimas","https://www.californiahealthmaps.org?address=A0885","Female","Lung",152605,34.3,26.5,44.4,70175,36.8,26.6,53.4,"","","","",51610,"","","",17575,"","","",4,59222,0.1,12.5,21.3,47.6,6.4,11.5,31.3,11.5,"","","","","",""
"A0885","Los Angeles","Pomona, Claremont, San Dimas","https://www.californiahealthmaps.org?address=A0885","Male","CRC",143505,48.1,37.5,61.2,67610,47.0,33.1,67.6,"","","","",48155,52.6,29.8,88.6,15110,"","","",4,59222,0.1,12.5,21.3,47.6,6.4,11.5,31.3,11.5,"","","","","",""
"A0885","Los Angeles","Pomona, Claremont, San Dimas","https://www.californiahealthmaps.org?address=A0885","Female","CRC",152605,34.0,26.2,44.0,70175,38.6,27.8,55.9,"","","","",51610,"","","",17575,"","","",4,59222,0.1,12.5,21.3,47.6,6.4,11.5,31.3,11.5,"","","","","",""
"A0885","Los Angeles","Pomona, Claremont, San Dimas","https://www.californiahealthmaps.org?address=A0885","Male","Mela",143505,27.6,19.6,38.1,67610,39.8,27.4,58.9,"","","","",48155,"","","",15110,"","","",4,59222,0.1,12.5,21.3,47.6,6.4,11.5,31.3,11.5,"","","","","",""
"A0885","Los Angeles","Pomona, Claremont, San Dimas","https://www.californiahealthmaps.org?address=A0885","Female","Mela",152605,16.1,10.7,23.8,70175,24.0,14.3,41.0,"","","","",51610,"","","",17575,"","","",4,59222,0.1,12.5,21.3,47.6,6.4,11.5,31.3,11.5,"","","","","",""
"A0885","Los Angeles","Pomona, Claremont, San Dimas","https://www.californiahealthmaps.org?address=A0885","Female","Uterine",152605,23.3,17.0,31.9,70175,19.7,12.5,33.8,"","","","",51610,"","","",17575,"","","",4,59222,0.1,12.5,21.3,47.6,6.4,11.5,31.3,11.5,"","","","","",""
"A0885","Los Angeles","Pomona, Claremont, San Dimas","https://www.californiahealthmaps.org?address=A0885","Male","Lymph",143505,25.2,17.7,35.2,67610,27.0,16.8,44.4,"","","","",48155,"","","",15110,"","","",4,59222,0.1,12.5,21.3,47.6,6.4,11.5,31.3,11.5,"","","","","",""
"A0885","Los Angeles","Pomona, Claremont, San Dimas","https://www.californiahealthmaps.org?address=A0885","Female","Lymph",152605,15.1,10.0,22.6,70175,13.7,7.5,27.2,"","","","",51610,"","","",17575,"","","",4,59222,0.1,12.5,21.3,47.6,6.4,11.5,31.3,11.5,"","","","","",""
"A0885","Los Angeles","Pomona, Claremont, San Dimas","https://www.californiahealthmaps.org?address=A0885","Male","Urinary",143505,20.3,13.4,29.9,67610,26.1,16.1,43.2,"","","","",48155,"","","",15110,"","","",4,59222,0.1,12.5,21.3,47.6,6.4,11.5,31.3,11.5,"","","","","",""
"A0885","Los Angeles","Pomona, Claremont, San Dimas","https://www.californiahealthmaps.org?address=A0885","Female","Urinary",152605,"","","",70175,"","","","","","","",51610,"","","",17575,"","","",4,59222,0.1,12.5,21.3,47.6,6.4,11.5,31.3,11.5,"","","","","",""
"A0885","Los Angeles","Pomona, Claremont, San Dimas","https://www.californiahealthmaps.org?address=A0885","Male","Kidney",143505,31.4,23.3,41.9,67610,30.7,20.2,48.0,"","","","",48155,"","","",15110,"","","",4,59222,0.1,12.5,21.3,47.6,6.4,11.5,31.3,11.5,"","","","","",""
"A0885","Los Angeles","Pomona, Claremont, San Dimas","https://www.californiahealthmaps.org?address=A0885","Female","Kidney",152605,10.3,5.9,17.4,70175,"","","","","","","",51610,"","","",17575,"","","",4,59222,0.1,12.5,21.3,47.6,6.4,11.5,31.3,11.5,"","","","","",""
"A0885","Los Angeles","Pomona, Claremont, San Dimas","https://www.californiahealthmaps.org?address=A0885","Male","Thyroid",143505,"","","",67610,"","","","","","","",48155,"","","",15110,"","","",4,59222,0.1,12.5,21.3,47.6,6.4,11.5,31.3,11.5,"","","","","",""
"A0885","Los Angeles","Pomona, Claremont, San Dimas","https://www.californiahealthmaps.org?address=A0885","Female","Thyroid",152605,22.4,15.7,31.6,70175,27.5,16.3,46.2,"","","","",51610,"","","",17575,"","","",4,59222,0.1,12.5,21.3,47.6,6.4,11.5,31.3,11.5,"","","","","",""
"A0885","Los Angeles","Pomona, Claremont, San Dimas","https://www.californiahealthmaps.org?address=A0885","Male","Liver",143505,13.5,8.5,21.0,67610,"","","","","","","",48155,"","","",15110,"","","",4,59222,0.1,12.5,21.3,47.6,6.4,11.5,31.3,11.5,"","","","","",""
"A0885","Los Angeles","Pomona, Claremont, San Dimas","https://www.californiahealthmaps.org?address=A0885","Female","Liver",152605,"","","",70175,"","","","","","","",51610,"","","",17575,"","","",4,59222,0.1,12.5,21.3,47.6,6.4,11.5,31.3,11.5,"","","","","",""
"A0885","Los Angeles","Pomona, Claremont, San Dimas","https://www.californiahealthmaps.org?address=A0885","Male","Pancreas",143505,15.6,10.0,23.8,67610,"","","","","","","",48155,"","","",15110,"","","",4,59222,0.1,12.5,21.3,47.6,6.4,11.5,31.3,11.5,"","","","","",""
"A0885","Los Angeles","Pomona, Claremont, San Dimas","https://www.californiahealthmaps.org?address=A0885","Female","Pancreas",152605,13.1,8.5,20.0,70175,"","","","","","","",51610,"","","",17575,"","","",4,59222,0.1,12.5,21.3,47.6,6.4,11.5,31.3,11.5,"","","","","",""
"A0885","Los Angeles","Pomona, Claremont, San Dimas","https://www.californiahealthmaps.org?address=A0885","Both","AllSite",296110,432.3,410.3,455.4,137785,450.1,419.8,483.1,16750,436.2,352.1,543.7,99765,447.3,400.2,499.0,32685,312.3,255.4,382.1,4,59222,0.1,12.5,21.3,47.6,6.4,11.5,31.3,11.5,"","","","","",""
"A0885","Los Angeles","Pomona, Claremont, San Dimas","https://www.californiahealthmaps.org?address=A0885","Both","Lung",296110,36.4,30.3,43.6,137785,39.8,31.7,50.9,16750,"","","",99765,31.7,19.7,48.8,32685,"","","",4,59222,0.1,12.5,21.3,47.6,6.4,11.5,31.3,11.5,"","","","","",""
"A0885","Los Angeles","Pomona, Claremont, San Dimas","https://www.californiahealthmaps.org?address=A0885","Both","CRC",296110,40.9,34.3,48.6,137785,44.0,34.8,56.2,16750,"","","",99765,37.8,25.0,55.5,32685,"","","",4,59222,0.1,12.5,21.3,47.6,6.4,11.5,31.3,11.5,"","","","","",""
"A0885","Los Angeles","Pomona, Claremont, San Dimas","https://www.californiahealthmaps.org?address=A0885","Both","Mela",296110,20.6,16.0,26.4,137785,30.1,22.4,41.0,16750,"","","",99765,"","","",32685,"","","",4,59222,0.1,12.5,21.3,47.6,6.4,11.5,31.3,11.5,"","","","","",""
"A0885","Los Angeles","Pomona, Claremont, San Dimas","https://www.californiahealthmaps.org?address=A0885","Both","Lymph",296110,19.7,15.2,25.3,137785,20.0,13.9,29.4,16750,"","","",99765,20.8,11.7,35.0,32685,"","","",4,59222,0.1,12.5,21.3,47.6,6.4,11.5,31.3,11.5,"","","","","",""
"A0885","Los Angeles","Pomona, Claremont, San Dimas","https://www.californiahealthmaps.org?address=A0885","Both","Urinary",296110,10.4,7.2,14.8,137785,13.9,9.0,22.3,16750,"","","",99765,"","","",32685,"","","",4,59222,0.1,12.5,21.3,47.6,6.4,11.5,31.3,11.5,"","","","","",""
"A0885","Los Angeles","Pomona, Claremont, San Dimas","https://www.californiahealthmaps.org?address=A0885","Both","Kidney",296110,19.9,15.4,25.6,137785,19.1,13.1,28.6,16750,"","","",99765,25.0,14.8,40.2,32685,"","","",4,59222,0.1,12.5,21.3,47.6,6.4,11.5,31.3,11.5,"","","","","",""
"A0885","Los Angeles","Pomona, Claremont, San Dimas","https://www.californiahealthmaps.org?address=A0885","Both","Thyroid",296110,14.3,10.3,19.4,137785,16.7,10.3,26.7,16750,"","","",99765,"","","",32685,"","","",4,59222,0.1,12.5,21.3,47.6,6.4,11.5,31.3,11.5,"","","","","",""
"A0885","Los Angeles","Pomona, Claremont, San Dimas","https://www.californiahealthmaps.org?address=A0885","Both","Liver",296110,7.1,4.6,10.7,137785,"","","",16750,"","","",99765,"","","",32685,"","","",4,59222,0.1,12.5,21.3,47.6,6.4,11.5,31.3,11.5,"","","","","",""
"A0885","Los Angeles","Pomona, Claremont, San Dimas","https://www.californiahealthmaps.org?address=A0885","Both","Pancreas",296110,14.5,10.7,19.4,137785,10.8,6.8,18.3,16750,"","","",99765,23.5,13.5,38.5,32685,"","","",4,59222,0.1,12.5,21.3,47.6,6.4,11.5,31.3,11.5,"","","","","",""
