"Zone","Counties","Cities","URL","Sex","Cancer","PopTot","AAIR","LCI","UCI","White_PopTot","White_AAIR","White_LCI","White_UCI","Black_PopTot","Black_AAIR","Black_LCI","Black_UCI","Hispanic_PopTot","Hispanic_AAIR","Hispanic_LCI","Hispanic_UCI","Asian_PopTot","Asian_AAIR","Asian_LCI","Asian_UCI","QNSES","PopAll","PerRural","PerUninsured","PerForeignBorn","PerWhite","PerBlack","PerAsian","PerHispanic","PerAPI","PerDocvisit","PerFOBT","PerMammo","PerMenPrev","PerPap","PerWomenPrev"
"A0974","San Luis Obispo","San Luis Obispo","https://www.californiahealthmaps.org?address=A0974","Male","AllSite",179710,448.0,411.8,487.5,118930,420.2,381.6,463.8,14415,468.8,199.3,1500.4,29715,692.1,502.7,940.4,"","","","",3,63085,4.9,12.3,9.4,70.5,4.4,6.1,15.8,6.1,"","","","","",""
"A0974","San Luis Obispo","San Luis Obispo","https://www.californiahealthmaps.org?address=A0974","Female","AllSite",135715,421.2,384.7,461.1,104870,415.6,375.6,460.7,"","","","",17945,364.5,245.2,535.0,"","","","",3,63085,4.9,12.3,9.4,70.5,4.4,6.1,15.8,6.1,"","","","","",""
"A0974","San Luis Obispo","San Luis Obispo","https://www.californiahealthmaps.org?address=A0974","Male","Prostate",179710,104.1,87.5,124.2,118930,88.4,71.7,110.6,14415,"","","",29715,"","","","","","","",3,63085,4.9,12.3,9.4,70.5,4.4,6.1,15.8,6.1,"","","","","",""
"A0974","San Luis Obispo","San Luis Obispo","https://www.californiahealthmaps.org?address=A0974","Female","Breast",135715,149.5,127.8,174.8,104870,154.2,129.7,184.1,"","","","",17945,"","","","","","","",3,63085,4.9,12.3,9.4,70.5,4.4,6.1,15.8,6.1,"","","","","",""
"A0974","San Luis Obispo","San Luis Obispo","https://www.californiahealthmaps.org?address=A0974","Male","Lung",179710,59.3,45.9,76.3,118930,56.3,42.4,76.0,14415,"","","",29715,"","","","","","","",3,63085,4.9,12.3,9.4,70.5,4.4,6.1,15.8,6.1,"","","","","",""
"A0974","San Luis Obispo","San Luis Obispo","https://www.californiahealthmaps.org?address=A0974","Female","Lung",135715,35.5,26.5,48.0,104870,36.8,27.2,51.8,"","","","",17945,"","","","","","","",3,63085,4.9,12.3,9.4,70.5,4.4,6.1,15.8,6.1,"","","","","",""
"A0974","San Luis Obispo","San Luis Obispo","https://www.californiahealthmaps.org?address=A0974","Male","CRC",179710,26.4,18.3,38.2,118930,25.2,16.4,40.4,14415,"","","",29715,"","","","","","","",3,63085,4.9,12.3,9.4,70.5,4.4,6.1,15.8,6.1,"","","","","",""
"A0974","San Luis Obispo","San Luis Obispo","https://www.californiahealthmaps.org?address=A0974","Female","CRC",135715,28.1,19.6,40.4,104870,26.4,17.6,41.2,"","","","",17945,"","","","","","","",3,63085,4.9,12.3,9.4,70.5,4.4,6.1,15.8,6.1,"","","","","",""
"A0974","San Luis Obispo","San Luis Obispo","https://www.californiahealthmaps.org?address=A0974","Male","Mela",179710,55.2,43.1,70.9,118930,60.0,45.9,80.0,14415,"","","",29715,"","","","","","","",3,63085,4.9,12.3,9.4,70.5,4.4,6.1,15.8,6.1,"","","","","",""
"A0974","San Luis Obispo","San Luis Obispo","https://www.californiahealthmaps.org?address=A0974","Female","Mela",135715,47.7,35.9,63.4,104870,46.1,33.2,64.8,"","","","",17945,"","","","","","","",3,63085,4.9,12.3,9.4,70.5,4.4,6.1,15.8,6.1,"","","","","",""
"A0974","San Luis Obispo","San Luis Obispo","https://www.californiahealthmaps.org?address=A0974","Female","Uterine",135715,17.4,10.8,28.0,104870,14.5,8.5,26.8,"","","","",17945,"","","","","","","",3,63085,4.9,12.3,9.4,70.5,4.4,6.1,15.8,6.1,"","","","","",""
"A0974","San Luis Obispo","San Luis Obispo","https://www.californiahealthmaps.org?address=A0974","Male","Lymph",179710,28.0,19.5,40.3,118930,23.0,14.7,37.8,14415,"","","",29715,"","","","","","","",3,63085,4.9,12.3,9.4,70.5,4.4,6.1,15.8,6.1,"","","","","",""
"A0974","San Luis Obispo","San Luis Obispo","https://www.californiahealthmaps.org?address=A0974","Female","Lymph",135715,20.8,13.2,32.5,104870,19.0,11.2,33.1,"","","","",17945,"","","","","","","",3,63085,4.9,12.3,9.4,70.5,4.4,6.1,15.8,6.1,"","","","","",""
"A0974","San Luis Obispo","San Luis Obispo","https://www.californiahealthmaps.org?address=A0974","Male","Urinary",179710,22.5,14.9,34.0,118930,22.2,14.2,36.7,14415,"","","",29715,"","","","","","","",3,63085,4.9,12.3,9.4,70.5,4.4,6.1,15.8,6.1,"","","","","",""
"A0974","San Luis Obispo","San Luis Obispo","https://www.californiahealthmaps.org?address=A0974","Female","Urinary",135715,"","","",104870,"","","","","","","",17945,"","","","","","","",3,63085,4.9,12.3,9.4,70.5,4.4,6.1,15.8,6.1,"","","","","",""
"A0974","San Luis Obispo","San Luis Obispo","https://www.californiahealthmaps.org?address=A0974","Male","Kidney",179710,13.8,8.3,23.3,118930,14.8,8.5,27.8,14415,"","","",29715,"","","","","","","",3,63085,4.9,12.3,9.4,70.5,4.4,6.1,15.8,6.1,"","","","","",""
"A0974","San Luis Obispo","San Luis Obispo","https://www.californiahealthmaps.org?address=A0974","Female","Kidney",135715,11.0,5.8,20.6,104870,"","","","","","","",17945,"","","","","","","",3,63085,4.9,12.3,9.4,70.5,4.4,6.1,15.8,6.1,"","","","","",""
"A0974","San Luis Obispo","San Luis Obispo","https://www.californiahealthmaps.org?address=A0974","Male","Thyroid",179710,"","","",118930,"","","",14415,"","","",29715,"","","","","","","",3,63085,4.9,12.3,9.4,70.5,4.4,6.1,15.8,6.1,"","","","","",""
"A0974","San Luis Obispo","San Luis Obispo","https://www.californiahealthmaps.org?address=A0974","Female","Thyroid",135715,"","","",104870,"","","","","","","",17945,"","","","","","","",3,63085,4.9,12.3,9.4,70.5,4.4,6.1,15.8,6.1,"","","","","",""
"A0974","San Luis Obispo","San Luis Obispo","https://www.californiahealthmaps.org?address=A0974","Male","Liver",179710,13.8,8.3,23.3,118930,"","","",14415,"","","",29715,"","","","","","","",3,63085,4.9,12.3,9.4,70.5,4.4,6.1,15.8,6.1,"","","","","",""
"A0974","San Luis Obispo","San Luis Obispo","https://www.californiahealthmaps.org?address=A0974","Female","Liver",135715,"","","",104870,"","","","","","","",17945,"","","","","","","",3,63085,4.9,12.3,9.4,70.5,4.4,6.1,15.8,6.1,"","","","","",""
"A0974","San Luis Obispo","San Luis Obispo","https://www.californiahealthmaps.org?address=A0974","Male","Pancreas",179710,"","","",118930,"","","",14415,"","","",29715,"","","","","","","",3,63085,4.9,12.3,9.4,70.5,4.4,6.1,15.8,6.1,"","","","","",""
"A0974","San Luis Obispo","San Luis Obispo","https://www.californiahealthmaps.org?address=A0974","Female","Pancreas",135715,"","","",104870,"","","","","","","",17945,"","","","","","","",3,63085,4.9,12.3,9.4,70.5,4.4,6.1,15.8,6.1,"","","","","",""
"A0974","San Luis Obispo","San Luis Obispo","https://www.californiahealthmaps.org?address=A0974","Both","AllSite",315425,421.5,396.9,447.7,223800,410.5,383.3,440.1,15395,332.7,164.0,1046.2,47660,495.2,390.1,624.1,16445,408.2,274.0,598.4,3,63085,4.9,12.3,9.4,70.5,4.4,6.1,15.8,6.1,"","","","","",""
"A0974","San Luis Obispo","San Luis Obispo","https://www.californiahealthmaps.org?address=A0974","Both","Lung",315425,46.8,38.8,56.5,223800,45.9,37.5,56.9,15395,"","","",47660,"","","",16445,"","","",3,63085,4.9,12.3,9.4,70.5,4.4,6.1,15.8,6.1,"","","","","",""
"A0974","San Luis Obispo","San Luis Obispo","https://www.californiahealthmaps.org?address=A0974","Both","CRC",315425,27.1,21.2,34.8,223800,26.1,19.6,35.5,15395,"","","",47660,"","","",16445,"","","",3,63085,4.9,12.3,9.4,70.5,4.4,6.1,15.8,6.1,"","","","","",""
"A0974","San Luis Obispo","San Luis Obispo","https://www.californiahealthmaps.org?address=A0974","Both","Mela",315425,49.7,41.5,59.6,223800,52.1,42.5,64.4,15395,"","","",47660,"","","",16445,"","","",3,63085,4.9,12.3,9.4,70.5,4.4,6.1,15.8,6.1,"","","","","",""
"A0974","San Luis Obispo","San Luis Obispo","https://www.californiahealthmaps.org?address=A0974","Both","Lymph",315425,23.7,18.1,31.1,223800,20.4,14.8,29.0,15395,"","","",47660,"","","",16445,"","","",3,63085,4.9,12.3,9.4,70.5,4.4,6.1,15.8,6.1,"","","","","",""
"A0974","San Luis Obispo","San Luis Obispo","https://www.californiahealthmaps.org?address=A0974","Both","Urinary",315425,12.4,8.6,18.2,223800,11.9,8.0,19.0,15395,"","","",47660,"","","",16445,"","","",3,63085,4.9,12.3,9.4,70.5,4.4,6.1,15.8,6.1,"","","","","",""
"A0974","San Luis Obispo","San Luis Obispo","https://www.californiahealthmaps.org?address=A0974","Both","Kidney",315425,11.9,8.1,17.6,223800,13.4,8.7,21.2,15395,"","","",47660,"","","",16445,"","","",3,63085,4.9,12.3,9.4,70.5,4.4,6.1,15.8,6.1,"","","","","",""
"A0974","San Luis Obispo","San Luis Obispo","https://www.californiahealthmaps.org?address=A0974","Both","Thyroid",315425,8.6,5.3,13.9,223800,"","","",15395,"","","",47660,"","","",16445,"","","",3,63085,4.9,12.3,9.4,70.5,4.4,6.1,15.8,6.1,"","","","","",""
"A0974","San Luis Obispo","San Luis Obispo","https://www.californiahealthmaps.org?address=A0974","Both","Liver",315425,8.9,5.7,13.9,223800,"","","",15395,"","","",47660,"","","",16445,"","","",3,63085,4.9,12.3,9.4,70.5,4.4,6.1,15.8,6.1,"","","","","",""
"A0974","San Luis Obispo","San Luis Obispo","https://www.californiahealthmaps.org?address=A0974","Both","Pancreas",315425,8.5,5.3,13.7,223800,9.6,5.8,16.5,15395,"","","",47660,"","","",16445,"","","",3,63085,4.9,12.3,9.4,70.5,4.4,6.1,15.8,6.1,"","","","","",""
