"Zone","Counties","Cities","URL","Sex","Cancer","PopTot","AAIR","LCI","UCI","White_PopTot","White_AAIR","White_LCI","White_UCI","Black_PopTot","Black_AAIR","Black_LCI","Black_UCI","Hispanic_PopTot","Hispanic_AAIR","Hispanic_LCI","Hispanic_UCI","Asian_PopTot","Asian_AAIR","Asian_LCI","Asian_UCI","QNSES","PopAll","PerRural","PerUninsured","PerForeignBorn","PerWhite","PerBlack","PerAsian","PerHispanic","PerAPI","PerDocvisit","PerFOBT","PerMammo","PerMenPrev","PerPap","PerWomenPrev"
"A0995","Los Angeles","Torrance, Carson","https://www.californiahealthmaps.org?address=A0995","Male","AllSite",144725,425.4,393.2,459.8,25950,562.1,486.3,653.1,"","","","",53535,340.3,280.2,411.5,50495,352.1,307.7,402.8,3,59314,0.0,17.3,36.7,16.3,6.4,36.8,36.0,36.8,"","","","","",""
"A0995","Los Angeles","Torrance, Carson","https://www.californiahealthmaps.org?address=A0995","Female","AllSite",151845,417.7,388.6,448.7,24960,501.4,433.7,587.1,11815,538.0,415.4,689.1,53520,350.4,297.5,410.8,56050,391.0,348.3,439.8,3,59314,0.0,17.3,36.7,16.3,6.4,36.8,36.0,36.8,"","","","","",""
"A0995","Los Angeles","Torrance, Carson","https://www.californiahealthmaps.org?address=A0995","Male","Prostate",144725,101.8,86.6,119.1,25950,102.2,72.1,149.5,"","","","",53535,111.7,77.2,158.3,50495,72.1,53.4,97.5,3,59314,0.0,17.3,36.7,16.3,6.4,36.8,36.0,36.8,"","","","","",""
"A0995","Los Angeles","Torrance, Carson","https://www.californiahealthmaps.org?address=A0995","Female","Breast",151845,132.9,116.8,151.0,24960,155.5,117.9,213.6,11815,218.6,142.5,324.7,53520,87.1,62.4,119.6,56050,131.8,108.1,161.8,3,59314,0.0,17.3,36.7,16.3,6.4,36.8,36.0,36.8,"","","","","",""
"A0995","Los Angeles","Torrance, Carson","https://www.californiahealthmaps.org?address=A0995","Male","Lung",144725,62.0,50.0,76.2,25950,89.2,62.9,132.6,"","","","",53535,"","","",50495,56.3,39.5,80.1,3,59314,0.0,17.3,36.7,16.3,6.4,36.8,36.0,36.8,"","","","","",""
"A0995","Los Angeles","Torrance, Carson","https://www.californiahealthmaps.org?address=A0995","Female","Lung",151845,33.2,25.8,42.7,24960,60.2,41.0,102.2,11815,"","","",53520,"","","",56050,24.1,15.2,40.1,3,59314,0.0,17.3,36.7,16.3,6.4,36.8,36.0,36.8,"","","","","",""
"A0995","Los Angeles","Torrance, Carson","https://www.californiahealthmaps.org?address=A0995","Male","CRC",144725,34.5,25.8,45.4,25950,41.5,22.9,79.5,"","","","",53535,"","","",50495,39.5,25.6,60.7,3,59314,0.0,17.3,36.7,16.3,6.4,36.8,36.0,36.8,"","","","","",""
"A0995","Los Angeles","Torrance, Carson","https://www.californiahealthmaps.org?address=A0995","Female","CRC",151845,37.3,29.1,47.5,24960,42.9,24.3,86.2,11815,"","","",53520,32.6,18.1,55.3,56050,34.8,23.4,53.3,3,59314,0.0,17.3,36.7,16.3,6.4,36.8,36.0,36.8,"","","","","",""
"A0995","Los Angeles","Torrance, Carson","https://www.californiahealthmaps.org?address=A0995","Male","Mela",144725,15.2,9.6,23.0,25950,47.9,28.6,86.1,"","","","",53535,"","","",50495,"","","",3,59314,0.0,17.3,36.7,16.3,6.4,36.8,36.0,36.8,"","","","","",""
"A0995","Los Angeles","Torrance, Carson","https://www.californiahealthmaps.org?address=A0995","Female","Mela",151845,"","","",24960,"","","",11815,"","","",53520,"","","",56050,"","","",3,59314,0.0,17.3,36.7,16.3,6.4,36.8,36.0,36.8,"","","","","",""
"A0995","Los Angeles","Torrance, Carson","https://www.californiahealthmaps.org?address=A0995","Female","Uterine",151845,31.7,24.0,41.6,24960,"","","",11815,"","","",53520,"","","",56050,41.0,27.2,62.1,3,59314,0.0,17.3,36.7,16.3,6.4,36.8,36.0,36.8,"","","","","",""
"A0995","Los Angeles","Torrance, Carson","https://www.californiahealthmaps.org?address=A0995","Male","Lymph",144725,23.8,16.6,33.3,25950,"","","","","","","",53535,"","","",50495,"","","",3,59314,0.0,17.3,36.7,16.3,6.4,36.8,36.0,36.8,"","","","","",""
"A0995","Los Angeles","Torrance, Carson","https://www.californiahealthmaps.org?address=A0995","Female","Lymph",151845,16.3,11.2,23.5,24960,"","","",11815,"","","",53520,"","","",56050,"","","",3,59314,0.0,17.3,36.7,16.3,6.4,36.8,36.0,36.8,"","","","","",""
"A0995","Los Angeles","Torrance, Carson","https://www.californiahealthmaps.org?address=A0995","Male","Urinary",144725,15.2,9.6,23.2,25950,"","","","","","","",53535,"","","",50495,"","","",3,59314,0.0,17.3,36.7,16.3,6.4,36.8,36.0,36.8,"","","","","",""
"A0995","Los Angeles","Torrance, Carson","https://www.californiahealthmaps.org?address=A0995","Female","Urinary",151845,"","","",24960,"","","",11815,"","","",53520,"","","",56050,"","","",3,59314,0.0,17.3,36.7,16.3,6.4,36.8,36.0,36.8,"","","","","",""
"A0995","Los Angeles","Torrance, Carson","https://www.californiahealthmaps.org?address=A0995","Male","Kidney",144725,23.3,16.2,32.6,25950,"","","","","","","",53535,"","","",50495,"","","",3,59314,0.0,17.3,36.7,16.3,6.4,36.8,36.0,36.8,"","","","","",""
"A0995","Los Angeles","Torrance, Carson","https://www.californiahealthmaps.org?address=A0995","Female","Kidney",151845,14.5,9.5,21.7,24960,"","","",11815,"","","",53520,"","","",56050,"","","",3,59314,0.0,17.3,36.7,16.3,6.4,36.8,36.0,36.8,"","","","","",""
"A0995","Los Angeles","Torrance, Carson","https://www.californiahealthmaps.org?address=A0995","Male","Thyroid",144725,"","","",25950,"","","","","","","",53535,"","","",50495,"","","",3,59314,0.0,17.3,36.7,16.3,6.4,36.8,36.0,36.8,"","","","","",""
"A0995","Los Angeles","Torrance, Carson","https://www.californiahealthmaps.org?address=A0995","Female","Thyroid",151845,29.4,21.6,39.5,24960,"","","",11815,"","","",53520,37.3,21.9,60.7,56050,31.3,19.1,51.0,3,59314,0.0,17.3,36.7,16.3,6.4,36.8,36.0,36.8,"","","","","",""
"A0995","Los Angeles","Torrance, Carson","https://www.californiahealthmaps.org?address=A0995","Male","Liver",144725,19.9,13.6,28.6,25950,"","","","","","","",53535,"","","",50495,"","","",3,59314,0.0,17.3,36.7,16.3,6.4,36.8,36.0,36.8,"","","","","",""
"A0995","Los Angeles","Torrance, Carson","https://www.californiahealthmaps.org?address=A0995","Female","Liver",151845,7.9,4.4,13.8,24960,"","","",11815,"","","",53520,"","","",56050,"","","",3,59314,0.0,17.3,36.7,16.3,6.4,36.8,36.0,36.8,"","","","","",""
"A0995","Los Angeles","Torrance, Carson","https://www.californiahealthmaps.org?address=A0995","Male","Pancreas",144725,"","","",25950,"","","","","","","",53535,"","","",50495,"","","",3,59314,0.0,17.3,36.7,16.3,6.4,36.8,36.0,36.8,"","","","","",""
"A0995","Los Angeles","Torrance, Carson","https://www.californiahealthmaps.org?address=A0995","Female","Pancreas",151845,12.2,7.8,18.6,24960,"","","",11815,"","","",53520,"","","",56050,"","","",3,59314,0.0,17.3,36.7,16.3,6.4,36.8,36.0,36.8,"","","","","",""
"A0995","Los Angeles","Torrance, Carson","https://www.californiahealthmaps.org?address=A0995","Both","AllSite",296570,417.3,395.9,439.6,50910,524.1,473.4,582.6,21340,585.8,487.1,701.3,107055,340.3,300.9,383.8,106545,372.0,341.1,405.9,3,59314,0.0,17.3,36.7,16.3,6.4,36.8,36.0,36.8,"","","","","",""
"A0995","Los Angeles","Torrance, Carson","https://www.californiahealthmaps.org?address=A0995","Both","Lung",296570,45.4,38.7,53.2,50910,71.2,55.4,95.8,21340,71.2,38.9,122.5,107055,20.5,11.5,34.3,106545,38.0,28.9,50.3,3,59314,0.0,17.3,36.7,16.3,6.4,36.8,36.0,36.8,"","","","","",""
"A0995","Los Angeles","Torrance, Carson","https://www.californiahealthmaps.org?address=A0995","Both","CRC",296570,36.2,30.2,43.3,50910,40.9,27.5,64.1,21340,"","","",107055,26.9,16.6,41.7,106545,37.6,28.3,50.3,3,59314,0.0,17.3,36.7,16.3,6.4,36.8,36.0,36.8,"","","","","",""
"A0995","Los Angeles","Torrance, Carson","https://www.californiahealthmaps.org?address=A0995","Both","Mela",296570,9.7,6.7,13.8,50910,32.2,20.7,53.7,21340,"","","",107055,"","","",106545,"","","",3,59314,0.0,17.3,36.7,16.3,6.4,36.8,36.0,36.8,"","","","","",""
"A0995","Los Angeles","Torrance, Carson","https://www.californiahealthmaps.org?address=A0995","Both","Lymph",296570,19.7,15.3,25.1,50910,29.4,18.9,50.1,21340,"","","",107055,22.5,13.1,36.6,106545,13.7,8.4,22.7,3,59314,0.0,17.3,36.7,16.3,6.4,36.8,36.0,36.8,"","","","","",""
"A0995","Los Angeles","Torrance, Carson","https://www.californiahealthmaps.org?address=A0995","Both","Urinary",296570,9.2,6.3,13.1,50910,"","","",21340,"","","",107055,"","","",106545,"","","",3,59314,0.0,17.3,36.7,16.3,6.4,36.8,36.0,36.8,"","","","","",""
"A0995","Los Angeles","Torrance, Carson","https://www.californiahealthmaps.org?address=A0995","Both","Kidney",296570,18.4,14.1,23.8,50910,23.8,12.9,45.7,21340,"","","",107055,22.4,13.5,35.7,106545,12.6,7.7,21.1,3,59314,0.0,17.3,36.7,16.3,6.4,36.8,36.0,36.8,"","","","","",""
"A0995","Los Angeles","Torrance, Carson","https://www.californiahealthmaps.org?address=A0995","Both","Thyroid",296570,18.2,13.8,23.7,50910,"","","",21340,"","","",107055,21.3,12.8,34.2,106545,20.0,13.0,30.6,3,59314,0.0,17.3,36.7,16.3,6.4,36.8,36.0,36.8,"","","","","",""
"A0995","Los Angeles","Torrance, Carson","https://www.californiahealthmaps.org?address=A0995","Both","Liver",296570,13.3,9.7,17.9,50910,"","","",21340,"","","",107055,"","","",106545,14.7,9.0,23.9,3,59314,0.0,17.3,36.7,16.3,6.4,36.8,36.0,36.8,"","","","","",""
"A0995","Los Angeles","Torrance, Carson","https://www.californiahealthmaps.org?address=A0995","Both","Pancreas",296570,10.4,7.3,14.6,50910,"","","",21340,"","","",107055,"","","",106545,"","","",3,59314,0.0,17.3,36.7,16.3,6.4,36.8,36.0,36.8,"","","","","",""
