"Zone","Counties","Cities","URL","Sex","Cancer","PopTot","AAIR","LCI","UCI","White_PopTot","White_AAIR","White_LCI","White_UCI","Black_PopTot","Black_AAIR","Black_LCI","Black_UCI","Hispanic_PopTot","Hispanic_AAIR","Hispanic_LCI","Hispanic_UCI","Asian_PopTot","Asian_AAIR","Asian_LCI","Asian_UCI","QNSES","PopAll","PerRural","PerUninsured","PerForeignBorn","PerWhite","PerBlack","PerAsian","PerHispanic","PerAPI","PerDocvisit","PerFOBT","PerMammo","PerMenPrev","PerPap","PerWomenPrev"
"A0812","Ventura","Oxnard","https://www.californiahealthmaps.org?address=A0812","Male","AllSite",149150,465.2,419.2,516.0,20770,540.2,451.6,650.0,"","","","",107750,444.7,375.7,525.6,13995,396.7,303.9,515.6,2,58091,0.6,29.8,40.4,15.4,2.1,11.0,68.9,11.0,"","","","","",""
"A0812","Ventura","Oxnard","https://www.californiahealthmaps.org?address=A0812","Female","AllSite",141305,401.8,365.1,441.5,18990,494.5,414.1,596.6,"","","","",100215,370.8,316.1,434.7,15930,333.8,262.0,428.8,2,58091,0.6,29.8,40.4,15.4,2.1,11.0,68.9,11.0,"","","","","",""
"A0812","Ventura","Oxnard","https://www.californiahealthmaps.org?address=A0812","Male","Prostate",149150,103.1,82.6,128.6,20770,123.6,84.9,185.8,"","","","",107750,97.5,67.7,139.8,13995,"","","",2,58091,0.6,29.8,40.4,15.4,2.1,11.0,68.9,11.0,"","","","","",""
"A0812","Ventura","Oxnard","https://www.californiahealthmaps.org?address=A0812","Female","Breast",141305,109.2,90.4,130.9,18990,103.2,67.7,164.3,"","","","",100215,95.4,71.4,128.7,15930,117.7,75.6,185.7,2,58091,0.6,29.8,40.4,15.4,2.1,11.0,68.9,11.0,"","","","","",""
"A0812","Ventura","Oxnard","https://www.californiahealthmaps.org?address=A0812","Male","Lung",149150,60.2,43.2,82.6,20770,74.5,44.1,130.4,"","","","",107750,"","","",13995,"","","",2,58091,0.6,29.8,40.4,15.4,2.1,11.0,68.9,11.0,"","","","","",""
"A0812","Ventura","Oxnard","https://www.californiahealthmaps.org?address=A0812","Female","Lung",141305,47.5,35.0,63.0,18990,85.6,56.0,140.6,"","","","",100215,"","","",15930,"","","",2,58091,0.6,29.8,40.4,15.4,2.1,11.0,68.9,11.0,"","","","","",""
"A0812","Ventura","Oxnard","https://www.californiahealthmaps.org?address=A0812","Male","CRC",149150,40.3,27.4,58.4,20770,"","","","","","","",107750,"","","",13995,"","","",2,58091,0.6,29.8,40.4,15.4,2.1,11.0,68.9,11.0,"","","","","",""
"A0812","Ventura","Oxnard","https://www.californiahealthmaps.org?address=A0812","Female","CRC",141305,34.6,24.5,47.7,18990,48.4,26.7,97.9,"","","","",100215,36.5,21.0,62.8,15930,"","","",2,58091,0.6,29.8,40.4,15.4,2.1,11.0,68.9,11.0,"","","","","",""
"A0812","Ventura","Oxnard","https://www.californiahealthmaps.org?address=A0812","Male","Mela",149150,"","","",20770,"","","","","","","",107750,"","","",13995,"","","",2,58091,0.6,29.8,40.4,15.4,2.1,11.0,68.9,11.0,"","","","","",""
"A0812","Ventura","Oxnard","https://www.californiahealthmaps.org?address=A0812","Female","Mela",141305,"","","",18990,"","","","","","","",100215,"","","",15930,"","","",2,58091,0.6,29.8,40.4,15.4,2.1,11.0,68.9,11.0,"","","","","",""
"A0812","Ventura","Oxnard","https://www.californiahealthmaps.org?address=A0812","Female","Uterine",141305,27.7,19.0,39.4,18990,"","","","","","","",100215,"","","",15930,"","","",2,58091,0.6,29.8,40.4,15.4,2.1,11.0,68.9,11.0,"","","","","",""
"A0812","Ventura","Oxnard","https://www.californiahealthmaps.org?address=A0812","Male","Lymph",149150,26.1,16.4,41.1,20770,"","","","","","","",107750,40.6,22.3,72.4,13995,"","","",2,58091,0.6,29.8,40.4,15.4,2.1,11.0,68.9,11.0,"","","","","",""
"A0812","Ventura","Oxnard","https://www.californiahealthmaps.org?address=A0812","Female","Lymph",141305,21.1,13.4,31.9,18990,"","","","","","","",100215,"","","",15930,"","","",2,58091,0.6,29.8,40.4,15.4,2.1,11.0,68.9,11.0,"","","","","",""
"A0812","Ventura","Oxnard","https://www.californiahealthmaps.org?address=A0812","Male","Urinary",149150,"","","",20770,"","","","","","","",107750,"","","",13995,"","","",2,58091,0.6,29.8,40.4,15.4,2.1,11.0,68.9,11.0,"","","","","",""
"A0812","Ventura","Oxnard","https://www.californiahealthmaps.org?address=A0812","Female","Urinary",141305,"","","",18990,"","","","","","","",100215,"","","",15930,"","","",2,58091,0.6,29.8,40.4,15.4,2.1,11.0,68.9,11.0,"","","","","",""
"A0812","Ventura","Oxnard","https://www.californiahealthmaps.org?address=A0812","Male","Kidney",149150,18.7,11.1,31.6,20770,"","","","","","","",107750,"","","",13995,"","","",2,58091,0.6,29.8,40.4,15.4,2.1,11.0,68.9,11.0,"","","","","",""
"A0812","Ventura","Oxnard","https://www.californiahealthmaps.org?address=A0812","Female","Kidney",141305,13.8,7.7,23.0,18990,"","","","","","","",100215,"","","",15930,"","","",2,58091,0.6,29.8,40.4,15.4,2.1,11.0,68.9,11.0,"","","","","",""
"A0812","Ventura","Oxnard","https://www.californiahealthmaps.org?address=A0812","Male","Thyroid",149150,"","","",20770,"","","","","","","",107750,"","","",13995,"","","",2,58091,0.6,29.8,40.4,15.4,2.1,11.0,68.9,11.0,"","","","","",""
"A0812","Ventura","Oxnard","https://www.californiahealthmaps.org?address=A0812","Female","Thyroid",141305,28.8,20.0,40.6,18990,"","","","","","","",100215,26.3,15.8,47.1,15930,"","","",2,58091,0.6,29.8,40.4,15.4,2.1,11.0,68.9,11.0,"","","","","",""
"A0812","Ventura","Oxnard","https://www.californiahealthmaps.org?address=A0812","Male","Liver",149150,22.1,13.4,36.0,20770,"","","","","","","",107750,"","","",13995,"","","",2,58091,0.6,29.8,40.4,15.4,2.1,11.0,68.9,11.0,"","","","","",""
"A0812","Ventura","Oxnard","https://www.californiahealthmaps.org?address=A0812","Female","Liver",141305,"","","",18990,"","","","","","","",100215,"","","",15930,"","","",2,58091,0.6,29.8,40.4,15.4,2.1,11.0,68.9,11.0,"","","","","",""
"A0812","Ventura","Oxnard","https://www.californiahealthmaps.org?address=A0812","Male","Pancreas",149150,"","","",20770,"","","","","","","",107750,"","","",13995,"","","",2,58091,0.6,29.8,40.4,15.4,2.1,11.0,68.9,11.0,"","","","","",""
"A0812","Ventura","Oxnard","https://www.californiahealthmaps.org?address=A0812","Female","Pancreas",141305,14.1,7.9,23.7,18990,"","","","","","","",100215,"","","",15930,"","","",2,58091,0.6,29.8,40.4,15.4,2.1,11.0,68.9,11.0,"","","","","",""
"A0812","Ventura","Oxnard","https://www.californiahealthmaps.org?address=A0812","Both","AllSite",290455,424.3,395.8,454.4,39760,503.3,445.2,571.4,"","","","",207965,400.4,357.1,448.9,29925,351.7,295.4,419.5,2,58091,0.6,29.8,40.4,15.4,2.1,11.0,68.9,11.0,"","","","","",""
"A0812","Ventura","Oxnard","https://www.californiahealthmaps.org?address=A0812","Both","Lung",290455,51.8,41.7,63.8,39760,76.4,55.8,108.3,"","","","",207965,29.5,17.5,47.8,29925,57.9,36.8,92.0,2,58091,0.6,29.8,40.4,15.4,2.1,11.0,68.9,11.0,"","","","","",""
"A0812","Ventura","Oxnard","https://www.californiahealthmaps.org?address=A0812","Both","CRC",290455,36.8,28.7,46.7,39760,48.4,31.8,77.2,"","","","",207965,36.9,24.1,55.6,29925,"","","",2,58091,0.6,29.8,40.4,15.4,2.1,11.0,68.9,11.0,"","","","","",""
"A0812","Ventura","Oxnard","https://www.californiahealthmaps.org?address=A0812","Both","Mela",290455,7.8,4.6,12.9,39760,"","","","","","","",207965,"","","",29925,"","","",2,58091,0.6,29.8,40.4,15.4,2.1,11.0,68.9,11.0,"","","","","",""
"A0812","Ventura","Oxnard","https://www.californiahealthmaps.org?address=A0812","Both","Lymph",290455,23.5,17.2,31.6,39760,"","","","","","","",207965,31.5,20.2,48.6,29925,"","","",2,58091,0.6,29.8,40.4,15.4,2.1,11.0,68.9,11.0,"","","","","",""
"A0812","Ventura","Oxnard","https://www.californiahealthmaps.org?address=A0812","Both","Urinary",290455,9.5,5.5,15.6,39760,"","","","","","","",207965,"","","",29925,"","","",2,58091,0.6,29.8,40.4,15.4,2.1,11.0,68.9,11.0,"","","","","",""
"A0812","Ventura","Oxnard","https://www.californiahealthmaps.org?address=A0812","Both","Kidney",290455,16.3,11.2,23.3,39760,"","","","","","","",207965,14.0,7.4,26.7,29925,"","","",2,58091,0.6,29.8,40.4,15.4,2.1,11.0,68.9,11.0,"","","","","",""
"A0812","Ventura","Oxnard","https://www.californiahealthmaps.org?address=A0812","Both","Thyroid",290455,18.3,13.2,25.1,39760,"","","","","","","",207965,17.5,11.1,29.3,29925,"","","",2,58091,0.6,29.8,40.4,15.4,2.1,11.0,68.9,11.0,"","","","","",""
"A0812","Ventura","Oxnard","https://www.californiahealthmaps.org?address=A0812","Both","Liver",290455,15.1,10.1,21.9,39760,"","","","","","","",207965,"","","",29925,"","","",2,58091,0.6,29.8,40.4,15.4,2.1,11.0,68.9,11.0,"","","","","",""
"A0812","Ventura","Oxnard","https://www.californiahealthmaps.org?address=A0812","Both","Pancreas",290455,15.1,9.9,22.2,39760,"","","","","","","",207965,"","","",29925,"","","",2,58091,0.6,29.8,40.4,15.4,2.1,11.0,68.9,11.0,"","","","","",""
