"Zone","Counties","Cities","URL","Sex","Cancer","PopTot","AAIR","LCI","UCI","White_PopTot","White_AAIR","White_LCI","White_UCI","Black_PopTot","Black_AAIR","Black_LCI","Black_UCI","Hispanic_PopTot","Hispanic_AAIR","Hispanic_LCI","Hispanic_UCI","Asian_PopTot","Asian_AAIR","Asian_LCI","Asian_UCI","QNSES","PopAll","PerRural","PerUninsured","PerForeignBorn","PerWhite","PerBlack","PerAsian","PerHispanic","PerAPI","PerDocvisit","PerFOBT","PerMammo","PerMenPrev","PerPap","PerWomenPrev"
"A0869","Merced","Merced, Atwater","https://www.californiahealthmaps.org?address=A0869","Male","AllSite",229430,478.4,445.9,512.8,81145,468.8,427.2,514.3,"","","","",118525,454.5,393.9,523.4,15355,396.3,268.4,574.0,1,90736,16.1,17.7,22.9,37.6,3.6,6.3,50.5,6.3,"","","","","",""
"A0869","Merced","Merced, Atwater","https://www.californiahealthmaps.org?address=A0869","Female","AllSite",224250,411.1,383.9,439.8,84480,398.2,362.2,437.9,"","","","",112010,405.6,355.7,461.6,15620,323.6,233.3,441.0,1,90736,16.1,17.7,22.9,37.6,3.6,6.3,50.5,6.3,"","","","","",""
"A0869","Merced","Merced, Atwater","https://www.californiahealthmaps.org?address=A0869","Male","Prostate",229430,84.0,71.2,98.8,81145,71.0,56.1,89.8,"","","","",118525,99.3,72.9,134.4,15355,"","","",1,90736,16.1,17.7,22.9,37.6,3.6,6.3,50.5,6.3,"","","","","",""
"A0869","Merced","Merced, Atwater","https://www.californiahealthmaps.org?address=A0869","Female","Breast",224250,112.6,98.6,128.2,84480,125.3,105.0,149.4,"","","","",112010,92.4,70.2,120.7,15620,"","","",1,90736,16.1,17.7,22.9,37.6,3.6,6.3,50.5,6.3,"","","","","",""
"A0869","Merced","Merced, Atwater","https://www.californiahealthmaps.org?address=A0869","Male","Lung",229430,69.3,57.0,83.9,81145,86.7,69.5,108.0,"","","","",118525,37.1,21.0,62.8,15355,"","","",1,90736,16.1,17.7,22.9,37.6,3.6,6.3,50.5,6.3,"","","","","",""
"A0869","Merced","Merced, Atwater","https://www.californiahealthmaps.org?address=A0869","Female","Lung",224250,50.2,41.0,61.1,84480,58.2,45.6,74.5,"","","","",112010,35.3,20.7,57.1,15620,"","","",1,90736,16.1,17.7,22.9,37.6,3.6,6.3,50.5,6.3,"","","","","",""
"A0869","Merced","Merced, Atwater","https://www.californiahealthmaps.org?address=A0869","Male","CRC",229430,46.0,36.4,57.8,81145,47.8,35.0,64.8,"","","","",118525,30.2,17.4,51.9,15355,"","","",1,90736,16.1,17.7,22.9,37.6,3.6,6.3,50.5,6.3,"","","","","",""
"A0869","Merced","Merced, Atwater","https://www.californiahealthmaps.org?address=A0869","Female","CRC",224250,40.2,32.1,50.0,84480,37.8,27.6,51.9,"","","","",112010,36.4,23.1,56.1,15620,"","","",1,90736,16.1,17.7,22.9,37.6,3.6,6.3,50.5,6.3,"","","","","",""
"A0869","Merced","Merced, Atwater","https://www.californiahealthmaps.org?address=A0869","Male","Mela",229430,34.3,25.9,44.7,81145,35.4,24.6,50.5,"","","","",118525,"","","",15355,"","","",1,90736,16.1,17.7,22.9,37.6,3.6,6.3,50.5,6.3,"","","","","",""
"A0869","Merced","Merced, Atwater","https://www.californiahealthmaps.org?address=A0869","Female","Mela",224250,18.5,13.2,25.5,84480,19.2,11.5,31.5,"","","","",112010,"","","",15620,"","","",1,90736,16.1,17.7,22.9,37.6,3.6,6.3,50.5,6.3,"","","","","",""
"A0869","Merced","Merced, Atwater","https://www.californiahealthmaps.org?address=A0869","Female","Uterine",224250,16.5,11.5,23.2,84480,13.3,7.7,23.1,"","","","",112010,21.3,12.0,37.1,15620,"","","",1,90736,16.1,17.7,22.9,37.6,3.6,6.3,50.5,6.3,"","","","","",""
"A0869","Merced","Merced, Atwater","https://www.californiahealthmaps.org?address=A0869","Male","Lymph",229430,32.4,24.3,42.7,81145,25.5,16.7,38.8,"","","","",118525,42.7,24.7,70.4,15355,"","","",1,90736,16.1,17.7,22.9,37.6,3.6,6.3,50.5,6.3,"","","","","",""
"A0869","Merced","Merced, Atwater","https://www.californiahealthmaps.org?address=A0869","Female","Lymph",224250,16.5,11.5,23.2,84480,15.2,8.9,26.0,"","","","",112010,"","","",15620,"","","",1,90736,16.1,17.7,22.9,37.6,3.6,6.3,50.5,6.3,"","","","","",""
"A0869","Merced","Merced, Atwater","https://www.californiahealthmaps.org?address=A0869","Male","Urinary",229430,19.2,12.8,27.9,81145,25.5,16.4,39.1,"","","","",118525,"","","",15355,"","","",1,90736,16.1,17.7,22.9,37.6,3.6,6.3,50.5,6.3,"","","","","",""
"A0869","Merced","Merced, Atwater","https://www.californiahealthmaps.org?address=A0869","Female","Urinary",224250,"","","",84480,"","","","","","","",112010,"","","",15620,"","","",1,90736,16.1,17.7,22.9,37.6,3.6,6.3,50.5,6.3,"","","","","",""
"A0869","Merced","Merced, Atwater","https://www.californiahealthmaps.org?address=A0869","Male","Kidney",229430,27.0,19.8,36.2,81145,27.7,18.1,41.8,"","","","",118525,19.8,10.9,37.6,15355,"","","",1,90736,16.1,17.7,22.9,37.6,3.6,6.3,50.5,6.3,"","","","","",""
"A0869","Merced","Merced, Atwater","https://www.californiahealthmaps.org?address=A0869","Female","Kidney",224250,13.2,8.7,19.3,84480,"","","","","","","",112010,"","","",15620,"","","",1,90736,16.1,17.7,22.9,37.6,3.6,6.3,50.5,6.3,"","","","","",""
"A0869","Merced","Merced, Atwater","https://www.californiahealthmaps.org?address=A0869","Male","Thyroid",229430,"","","",81145,"","","","","","","",118525,"","","",15355,"","","",1,90736,16.1,17.7,22.9,37.6,3.6,6.3,50.5,6.3,"","","","","",""
"A0869","Merced","Merced, Atwater","https://www.californiahealthmaps.org?address=A0869","Female","Thyroid",224250,24.0,17.7,31.8,84480,15.0,8.5,25.8,"","","","",112010,30.2,18.8,47.7,15620,"","","",1,90736,16.1,17.7,22.9,37.6,3.6,6.3,50.5,6.3,"","","","","",""
"A0869","Merced","Merced, Atwater","https://www.californiahealthmaps.org?address=A0869","Male","Liver",229430,17.3,11.9,24.9,81145,"","","","","","","",118525,26.0,14.3,46.8,15355,"","","",1,90736,16.1,17.7,22.9,37.6,3.6,6.3,50.5,6.3,"","","","","",""
"A0869","Merced","Merced, Atwater","https://www.californiahealthmaps.org?address=A0869","Female","Liver",224250,8.4,4.9,13.5,84480,"","","","","","","",112010,"","","",15620,"","","",1,90736,16.1,17.7,22.9,37.6,3.6,6.3,50.5,6.3,"","","","","",""
"A0869","Merced","Merced, Atwater","https://www.californiahealthmaps.org?address=A0869","Male","Pancreas",229430,12.6,7.8,19.6,81145,"","","","","","","",118525,"","","",15355,"","","",1,90736,16.1,17.7,22.9,37.6,3.6,6.3,50.5,6.3,"","","","","",""
"A0869","Merced","Merced, Atwater","https://www.californiahealthmaps.org?address=A0869","Female","Pancreas",224250,14.0,9.3,20.3,84480,14.0,8.3,24.0,"","","","",112010,"","","",15620,"","","",1,90736,16.1,17.7,22.9,37.6,3.6,6.3,50.5,6.3,"","","","","",""
"A0869","Merced","Merced, Atwater","https://www.californiahealthmaps.org?address=A0869","Both","AllSite",453680,436.0,415.3,457.5,165625,425.1,398.1,454.0,14265,436.6,334.6,570.8,230535,421.9,383.4,463.7,30975,343.9,270.4,432.8,1,90736,16.1,17.7,22.9,37.6,3.6,6.3,50.5,6.3,"","","","","",""
"A0869","Merced","Merced, Atwater","https://www.californiahealthmaps.org?address=A0869","Both","Lung",453680,58.4,50.8,66.8,165625,70.3,59.9,82.6,14265,"","","",230535,36.9,25.4,52.4,30975,"","","",1,90736,16.1,17.7,22.9,37.6,3.6,6.3,50.5,6.3,"","","","","",""
"A0869","Merced","Merced, Atwater","https://www.californiahealthmaps.org?address=A0869","Both","CRC",453680,42.5,36.2,49.6,165625,42.1,33.9,52.2,14265,"","","",230535,33.3,23.8,46.3,30975,"","","",1,90736,16.1,17.7,22.9,37.6,3.6,6.3,50.5,6.3,"","","","","",""
"A0869","Merced","Merced, Atwater","https://www.californiahealthmaps.org?address=A0869","Both","Mela",453680,25.2,20.4,30.8,165625,26.2,19.6,34.8,14265,"","","",230535,"","","",30975,"","","",1,90736,16.1,17.7,22.9,37.6,3.6,6.3,50.5,6.3,"","","","","",""
"A0869","Merced","Merced, Atwater","https://www.californiahealthmaps.org?address=A0869","Both","Lymph",453680,23.4,18.8,28.8,165625,19.4,14.1,26.8,14265,"","","",230535,30.3,20.3,44.1,30975,"","","",1,90736,16.1,17.7,22.9,37.6,3.6,6.3,50.5,6.3,"","","","","",""
"A0869","Merced","Merced, Atwater","https://www.californiahealthmaps.org?address=A0869","Both","Urinary",453680,9.9,6.9,13.8,165625,12.3,8.2,18.6,14265,"","","",230535,"","","",30975,"","","",1,90736,16.1,17.7,22.9,37.6,3.6,6.3,50.5,6.3,"","","","","",""
"A0869","Merced","Merced, Atwater","https://www.californiahealthmaps.org?address=A0869","Both","Kidney",453680,19.5,15.4,24.5,165625,17.7,12.6,25.0,14265,"","","",230535,21.3,13.7,32.5,30975,"","","",1,90736,16.1,17.7,22.9,37.6,3.6,6.3,50.5,6.3,"","","","","",""
"A0869","Merced","Merced, Atwater","https://www.californiahealthmaps.org?address=A0869","Both","Thyroid",453680,14.0,10.6,18.2,165625,9.3,5.5,15.3,14265,"","","",230535,17.1,10.9,26.9,30975,"","","",1,90736,16.1,17.7,22.9,37.6,3.6,6.3,50.5,6.3,"","","","","",""
"A0869","Merced","Merced, Atwater","https://www.californiahealthmaps.org?address=A0869","Both","Liver",453680,12.7,9.5,16.8,165625,8.3,5.0,13.7,14265,"","","",230535,17.0,10.1,27.7,30975,"","","",1,90736,16.1,17.7,22.9,37.6,3.6,6.3,50.5,6.3,"","","","","",""
"A0869","Merced","Merced, Atwater","https://www.californiahealthmaps.org?address=A0869","Both","Pancreas",453680,13.3,9.9,17.6,165625,13.3,9.0,19.5,14265,"","","",230535,"","","",30975,"","","",1,90736,16.1,17.7,22.9,37.6,3.6,6.3,50.5,6.3,"","","","","",""
