"Zone","Counties","Cities","URL","Sex","Cancer","PopTot","AAIR","LCI","UCI","White_PopTot","White_AAIR","White_LCI","White_UCI","Black_PopTot","Black_AAIR","Black_LCI","Black_UCI","Hispanic_PopTot","Hispanic_AAIR","Hispanic_LCI","Hispanic_UCI","Asian_PopTot","Asian_AAIR","Asian_LCI","Asian_UCI","QNSES","PopAll","PerRural","PerUninsured","PerForeignBorn","PerWhite","PerBlack","PerAsian","PerHispanic"
"A1084","San Diego","San Diego","https://www.californiahealthmaps.org?address=A1084","Male","AllSite",148675,451.5,420.9,484.3,105935,445.6,412.5,482.0,"","","","",20185,487.8,361.3,649.2,"","","","",4,61320,0.0,9.5,13.7,68.2,3.9,8.5,14.9
"A1084","San Diego","San Diego","https://www.californiahealthmaps.org?address=A1084","Female","AllSite",157925,420.7,392.5,451.0,111075,435.4,402.5,471.9,"","","","",22810,409.7,318.8,521.0,11795,374.7,273.6,521.1,4,61320,0.0,9.5,13.7,68.2,3.9,8.5,14.9
"A1084","San Diego","San Diego","https://www.californiahealthmaps.org?address=A1084","Male","Prostate",148675,116.3,101.0,133.7,105935,108.8,93.0,128.1,"","","","",20185,162.3,93.0,268.7,"","","","",4,61320,0.0,9.5,13.7,68.2,3.9,8.5,14.9
"A1084","San Diego","San Diego","https://www.californiahealthmaps.org?address=A1084","Female","Breast",157925,151.1,134.3,170.2,111075,151.0,132.0,173.6,"","","","",22810,180.4,123.0,258.3,11795,135.0,77.0,243.9,4,61320,0.0,9.5,13.7,68.2,3.9,8.5,14.9
"A1084","San Diego","San Diego","https://www.californiahealthmaps.org?address=A1084","Male","Lung",148675,51.5,41.7,63.6,105935,52.7,42.0,67.0,"","","","",20185,"","","","","","","",4,61320,0.0,9.5,13.7,68.2,3.9,8.5,14.9
"A1084","San Diego","San Diego","https://www.californiahealthmaps.org?address=A1084","Female","Lung",157925,41.1,33.4,51.1,111075,43.1,34.5,55.4,"","","","",22810,"","","",11795,"","","",4,61320,0.0,9.5,13.7,68.2,3.9,8.5,14.9
"A1084","San Diego","San Diego","https://www.californiahealthmaps.org?address=A1084","Male","CRC",148675,40.5,31.6,51.8,105935,37.5,28.3,50.6,"","","","",20185,"","","","","","","",4,61320,0.0,9.5,13.7,68.2,3.9,8.5,14.9
"A1084","San Diego","San Diego","https://www.californiahealthmaps.org?address=A1084","Female","CRC",157925,26.0,19.9,34.3,111075,26.3,19.7,36.9,"","","","",22810,"","","",11795,"","","",4,61320,0.0,9.5,13.7,68.2,3.9,8.5,14.9
"A1084","San Diego","San Diego","https://www.californiahealthmaps.org?address=A1084","Male","Mela",148675,42.6,33.6,53.8,105935,46.0,35.8,59.9,"","","","",20185,"","","","","","","",4,61320,0.0,9.5,13.7,68.2,3.9,8.5,14.9
"A1084","San Diego","San Diego","https://www.californiahealthmaps.org?address=A1084","Female","Mela",157925,32.1,24.3,42.5,111075,37.8,27.8,52.1,"","","","",22810,"","","",11795,"","","",4,61320,0.0,9.5,13.7,68.2,3.9,8.5,14.9
"A1084","San Diego","San Diego","https://www.californiahealthmaps.org?address=A1084","Female","Uterine",157925,25.9,19.3,34.9,111075,24.2,17.4,35.1,"","","","",22810,"","","",11795,"","","",4,61320,0.0,9.5,13.7,68.2,3.9,8.5,14.9
"A1084","San Diego","San Diego","https://www.californiahealthmaps.org?address=A1084","Male","Lymph",148675,29.2,21.8,39.0,105935,30.2,21.9,42.4,"","","","",20185,"","","","","","","",4,61320,0.0,9.5,13.7,68.2,3.9,8.5,14.9
"A1084","San Diego","San Diego","https://www.californiahealthmaps.org?address=A1084","Female","Lymph",157925,21.2,15.6,29.2,111075,22.1,15.7,32.7,"","","","",22810,"","","",11795,"","","",4,61320,0.0,9.5,13.7,68.2,3.9,8.5,14.9
"A1084","San Diego","San Diego","https://www.californiahealthmaps.org?address=A1084","Male","Urinary",148675,13.6,8.9,20.6,105935,13.3,8.5,22.3,"","","","",20185,"","","","","","","",4,61320,0.0,9.5,13.7,68.2,3.9,8.5,14.9
"A1084","San Diego","San Diego","https://www.californiahealthmaps.org?address=A1084","Female","Urinary",157925,3.7,1.6,8.6,111075,"","","","","","","",22810,"","","",11795,"","","",4,61320,0.0,9.5,13.7,68.2,3.9,8.5,14.9
"A1084","San Diego","San Diego","https://www.californiahealthmaps.org?address=A1084","Male","Kidney",148675,18.8,12.9,27.2,105935,17.6,11.4,28.0,"","","","",20185,"","","","","","","",4,61320,0.0,9.5,13.7,68.2,3.9,8.5,14.9
"A1084","San Diego","San Diego","https://www.californiahealthmaps.org?address=A1084","Female","Kidney",157925,5.5,2.9,10.9,111075,"","","","","","","",22810,"","","",11795,"","","",4,61320,0.0,9.5,13.7,68.2,3.9,8.5,14.9
"A1084","San Diego","San Diego","https://www.californiahealthmaps.org?address=A1084","Male","Thyroid",148675,5.9,2.8,11.8,105935,"","","","","","","",20185,"","","","","","","",4,61320,0.0,9.5,13.7,68.2,3.9,8.5,14.9
"A1084","San Diego","San Diego","https://www.californiahealthmaps.org?address=A1084","Female","Thyroid",157925,24.1,17.1,33.6,111075,23.2,15.0,35.9,"","","","",22810,"","","",11795,"","","",4,61320,0.0,9.5,13.7,68.2,3.9,8.5,14.9
"A1084","San Diego","San Diego","https://www.californiahealthmaps.org?address=A1084","Both","AllSite",306600,429.8,409.3,451.3,217010,434.6,411.5,459.3,12260,362.4,253.1,509.2,42995,438.3,363.0,526.1,21340,397.7,313.0,505.6,4,61320,0.0,9.5,13.7,68.2,3.9,8.5,14.9
"A1084","San Diego","San Diego","https://www.californiahealthmaps.org?address=A1084","Both","Lung",306600,45.7,39.5,53.0,217010,47.5,40.7,56.1,12260,"","","",42995,"","","",21340,"","","",4,61320,0.0,9.5,13.7,68.2,3.9,8.5,14.9
"A1084","San Diego","San Diego","https://www.californiahealthmaps.org?address=A1084","Both","CRC",306600,32.9,27.5,39.4,217010,31.7,25.9,39.2,12260,"","","",42995,49.7,27.1,86.0,21340,"","","",4,61320,0.0,9.5,13.7,68.2,3.9,8.5,14.9
"A1084","San Diego","San Diego","https://www.californiahealthmaps.org?address=A1084","Both","Mela",306600,35.9,30.0,42.9,217010,40.2,33.2,49.1,12260,"","","",42995,"","","",21340,"","","",4,61320,0.0,9.5,13.7,68.2,3.9,8.5,14.9
"A1084","San Diego","San Diego","https://www.californiahealthmaps.org?address=A1084","Both","Lymph",306600,24.8,20.1,30.5,217010,25.9,20.5,33.1,12260,"","","",42995,"","","",21340,"","","",4,61320,0.0,9.5,13.7,68.2,3.9,8.5,14.9
"A1084","San Diego","San Diego","https://www.californiahealthmaps.org?address=A1084","Both","Urinary",306600,7.8,5.5,11.4,217010,8.1,5.6,12.7,12260,"","","",42995,"","","",21340,"","","",4,61320,0.0,9.5,13.7,68.2,3.9,8.5,14.9
"A1084","San Diego","San Diego","https://www.californiahealthmaps.org?address=A1084","Both","Kidney",306600,11.6,8.5,16.0,217010,11.3,7.9,16.8,12260,"","","",42995,"","","",21340,"","","",4,61320,0.0,9.5,13.7,68.2,3.9,8.5,14.9
"A1084","San Diego","San Diego","https://www.californiahealthmaps.org?address=A1084","Both","Thyroid",306600,15.1,11.2,20.3,217010,14.7,10.2,21.3,12260,"","","",42995,"","","",21340,"","","",4,61320,0.0,9.5,13.7,68.2,3.9,8.5,14.9
