"Zone","Counties","Cities","URL","Sex","Cancer","PopTot","AAIR","LCI","UCI","White_PopTot","White_AAIR","White_LCI","White_UCI","Black_PopTot","Black_AAIR","Black_LCI","Black_UCI","Hispanic_PopTot","Hispanic_AAIR","Hispanic_LCI","Hispanic_UCI","Asian_PopTot","Asian_AAIR","Asian_LCI","Asian_UCI","QNSES","PopAll","PerRural","PerUninsured","PerForeignBorn","PerWhite","PerBlack","PerAsian","PerHispanic"
"A0768","Los Angeles","El Monte","https://www.californiahealthmaps.org?address=A0768","Male","AllSite",157280,340.7,312.4,371.0,21635,386.2,320.8,474.2,"","","","",69200,381.1,321.7,450.1,63360,288.7,250.2,332.3,3,64212,0.0,21.9,50.3,14.8,0.3,42.7,40.6
"A0768","Los Angeles","El Monte","https://www.californiahealthmaps.org?address=A0768","Female","AllSite",163780,318.7,293.5,345.6,23260,344.5,283.0,431.1,"","","","",68965,339.9,291.8,394.4,68600,291.7,256.1,332.4,3,64212,0.0,21.9,50.3,14.8,0.3,42.7,40.6
"A0768","Los Angeles","El Monte","https://www.californiahealthmaps.org?address=A0768","Male","Prostate",157280,57.0,45.9,70.2,21635,60.5,39.7,109.5,"","","","",69200,86.8,59.9,124.0,63360,36.7,24.0,55.0,3,64212,0.0,21.9,50.3,14.8,0.3,42.7,40.6
"A0768","Los Angeles","El Monte","https://www.californiahealthmaps.org?address=A0768","Female","Breast",163780,110.4,95.7,127.1,23260,132.8,93.4,201.1,"","","","",68965,110.4,83.8,143.7,68600,97.9,77.7,123.2,3,64212,0.0,21.9,50.3,14.8,0.3,42.7,40.6
"A0768","Los Angeles","El Monte","https://www.californiahealthmaps.org?address=A0768","Male","Lung",157280,47.5,37.2,59.9,21635,56.3,36.7,104.5,"","","","",69200,"","","",63360,54.9,38.8,76.5,3,64212,0.0,21.9,50.3,14.8,0.3,42.7,40.6
"A0768","Los Angeles","El Monte","https://www.californiahealthmaps.org?address=A0768","Female","Lung",163780,37.0,28.7,47.2,23260,55.6,35.0,108.5,"","","","",68965,32.5,18.4,54.0,68600,28.6,18.0,44.9,3,64212,0.0,21.9,50.3,14.8,0.3,42.7,40.6
"A0768","Los Angeles","El Monte","https://www.californiahealthmaps.org?address=A0768","Male","CRC",157280,46.7,36.5,59.1,21635,36.6,21.3,82.7,"","","","",69200,42.6,24.8,70.9,63360,52.2,36.6,73.4,3,64212,0.0,21.9,50.3,14.8,0.3,42.7,40.6
"A0768","Los Angeles","El Monte","https://www.californiahealthmaps.org?address=A0768","Female","CRC",163780,34.6,26.9,44.2,23260,"","","","","","","",68965,41.7,26.8,63.4,68600,35.7,24.3,52.5,3,64212,0.0,21.9,50.3,14.8,0.3,42.7,40.6
"A0768","Los Angeles","El Monte","https://www.californiahealthmaps.org?address=A0768","Male","Mela",157280,8.1,4.3,14.3,21635,"","","","","","","",69200,"","","",63360,"","","",3,64212,0.0,21.9,50.3,14.8,0.3,42.7,40.6
"A0768","Los Angeles","El Monte","https://www.californiahealthmaps.org?address=A0768","Female","Mela",163780,7.0,3.7,12.4,23260,"","","","","","","",68965,"","","",68600,"","","",3,64212,0.0,21.9,50.3,14.8,0.3,42.7,40.6
"A0768","Los Angeles","El Monte","https://www.californiahealthmaps.org?address=A0768","Female","Uterine",163780,21.9,15.7,30.1,23260,"","","","","","","",68965,"","","",68600,22.6,13.7,37.2,3,64212,0.0,21.9,50.3,14.8,0.3,42.7,40.6
"A0768","Los Angeles","El Monte","https://www.californiahealthmaps.org?address=A0768","Male","Lymph",157280,18.0,11.9,26.3,21635,"","","","","","","",69200,"","","",63360,"","","",3,64212,0.0,21.9,50.3,14.8,0.3,42.7,40.6
"A0768","Los Angeles","El Monte","https://www.californiahealthmaps.org?address=A0768","Female","Lymph",163780,9.4,5.4,15.3,23260,"","","","","","","",68965,"","","",68600,"","","",3,64212,0.0,21.9,50.3,14.8,0.3,42.7,40.6
"A0768","Los Angeles","El Monte","https://www.californiahealthmaps.org?address=A0768","Male","Urinary",157280,13.7,8.5,21.0,21635,"","","","","","","",69200,"","","",63360,"","","",3,64212,0.0,21.9,50.3,14.8,0.3,42.7,40.6
"A0768","Los Angeles","El Monte","https://www.californiahealthmaps.org?address=A0768","Female","Urinary",163780,2.6,0.9,6.4,23260,"","","","","","","",68965,"","","",68600,"","","",3,64212,0.0,21.9,50.3,14.8,0.3,42.7,40.6
"A0768","Los Angeles","El Monte","https://www.californiahealthmaps.org?address=A0768","Male","Kidney",157280,17.1,11.2,25.2,21635,"","","","","","","",69200,"","","",63360,"","","",3,64212,0.0,21.9,50.3,14.8,0.3,42.7,40.6
"A0768","Los Angeles","El Monte","https://www.californiahealthmaps.org?address=A0768","Female","Kidney",163780,5.2,2.6,9.9,23260,"","","","","","","",68965,"","","",68600,"","","",3,64212,0.0,21.9,50.3,14.8,0.3,42.7,40.6
"A0768","Los Angeles","El Monte","https://www.californiahealthmaps.org?address=A0768","Male","Thyroid",157280,8.7,4.7,14.9,21635,"","","","","","","",69200,"","","",63360,"","","",3,64212,0.0,21.9,50.3,14.8,0.3,42.7,40.6
"A0768","Los Angeles","El Monte","https://www.californiahealthmaps.org?address=A0768","Female","Thyroid",163780,11.7,7.2,18.2,23260,"","","","","","","",68965,"","","",68600,"","","",3,64212,0.0,21.9,50.3,14.8,0.3,42.7,40.6
"A0768","Los Angeles","El Monte","https://www.californiahealthmaps.org?address=A0768","Both","AllSite",321060,325.2,306.6,344.8,44895,357.3,312.5,413.3,"","","","",138165,354.4,317.1,395.4,131960,289.7,263.4,318.6,3,64212,0.0,21.9,50.3,14.8,0.3,42.7,40.6
"A0768","Los Angeles","El Monte","https://www.californiahealthmaps.org?address=A0768","Both","Lung",321060,41.4,34.8,48.9,44895,54.9,40.5,82.8,"","","","",138165,30.6,19.5,45.9,131960,40.7,31.1,53.0,3,64212,0.0,21.9,50.3,14.8,0.3,42.7,40.6
"A0768","Los Angeles","El Monte","https://www.californiahealthmaps.org?address=A0768","Both","CRC",321060,39.4,33.1,46.6,44895,26.6,17.4,51.1,"","","","",138165,42.8,30.7,58.7,131960,43.1,33.4,55.4,3,64212,0.0,21.9,50.3,14.8,0.3,42.7,40.6
"A0768","Los Angeles","El Monte","https://www.californiahealthmaps.org?address=A0768","Both","Mela",321060,7.5,4.8,11.1,44895,17.9,9.2,43.0,"","","","",138165,"","","",131960,"","","",3,64212,0.0,21.9,50.3,14.8,0.3,42.7,40.6
"A0768","Los Angeles","El Monte","https://www.californiahealthmaps.org?address=A0768","Both","Lymph",321060,13.2,9.6,17.7,44895,14.1,7.8,37.4,"","","","",138165,"","","",131960,10.2,5.8,17.6,3,64212,0.0,21.9,50.3,14.8,0.3,42.7,40.6
"A0768","Los Angeles","El Monte","https://www.californiahealthmaps.org?address=A0768","Both","Urinary",321060,7.4,4.9,10.9,44895,"","","","","","","",138165,"","","",131960,"","","",3,64212,0.0,21.9,50.3,14.8,0.3,42.7,40.6
"A0768","Los Angeles","El Monte","https://www.californiahealthmaps.org?address=A0768","Both","Kidney",321060,10.4,7.4,14.5,44895,19.9,11.6,44.3,"","","","",138165,"","","",131960,"","","",3,64212,0.0,21.9,50.3,14.8,0.3,42.7,40.6
"A0768","Los Angeles","El Monte","https://www.californiahealthmaps.org?address=A0768","Both","Thyroid",321060,10.2,7.1,14.4,44895,"","","","","","","",138165,"","","",131960,"","","",3,64212,0.0,21.9,50.3,14.8,0.3,42.7,40.6
