"Zone","Counties","Cities","URL","Sex","Cancer","PopTot","AAIR","LCI","UCI","White_PopTot","White_AAIR","White_LCI","White_UCI","Black_PopTot","Black_AAIR","Black_LCI","Black_UCI","Hispanic_PopTot","Hispanic_AAIR","Hispanic_LCI","Hispanic_UCI","Asian_PopTot","Asian_AAIR","Asian_LCI","Asian_UCI","QNSES","PopAll","PerRural","PerUninsured","PerForeignBorn","PerWhite","PerBlack","PerAsian","PerHispanic","PerAPI","PerDocvisit","PerFOBT","PerMammo","PerMenPrev","PerPap","PerWomenPrev"
"A1058","San Bernardino","Needles, Twentynine Palms, Yucca Valley","https://www.californiahealthmaps.org?address=A1058","Male","AllSite",185245,420.6,391.7,451.5,123335,415.7,383.9,450.1,10235,729.4,478.5,1103.4,37425,338.1,255.0,445.9,"","","","",2,72882,37.8,15.3,7.4,68.2,5.1,4.6,17.6,4.6,"","","","","",""
"A1058","San Bernardino","Needles, Twentynine Palms, Yucca Valley","https://www.californiahealthmaps.org?address=A1058","Female","AllSite",179165,383.1,356.6,411.5,118605,387.2,356.6,420.4,"","","","",35990,371.1,294.1,464.6,"","","","",2,72882,37.8,15.3,7.4,68.2,5.1,4.6,17.6,4.6,"","","","","",""
"A1058","San Bernardino","Needles, Twentynine Palms, Yucca Valley","https://www.californiahealthmaps.org?address=A1058","Male","Prostate",185245,79.7,67.6,93.7,123335,72.5,60.0,87.7,10235,"","","",37425,"","","","","","","",2,72882,37.8,15.3,7.4,68.2,5.1,4.6,17.6,4.6,"","","","","",""
"A1058","San Bernardino","Needles, Twentynine Palms, Yucca Valley","https://www.californiahealthmaps.org?address=A1058","Female","Breast",179165,96.4,83.2,111.6,118605,92.7,78.1,110.2,"","","","",35990,97.7,60.5,152.4,"","","","",2,72882,37.8,15.3,7.4,68.2,5.1,4.6,17.6,4.6,"","","","","",""
"A1058","San Bernardino","Needles, Twentynine Palms, Yucca Valley","https://www.californiahealthmaps.org?address=A1058","Male","Lung",185245,54.9,44.8,67.0,123335,54.9,43.8,68.8,10235,"","","",37425,"","","","","","","",2,72882,37.8,15.3,7.4,68.2,5.1,4.6,17.6,4.6,"","","","","",""
"A1058","San Bernardino","Needles, Twentynine Palms, Yucca Valley","https://www.californiahealthmaps.org?address=A1058","Female","Lung",179165,54.6,45.2,65.9,118605,55.3,44.8,68.5,"","","","",35990,"","","","","","","",2,72882,37.8,15.3,7.4,68.2,5.1,4.6,17.6,4.6,"","","","","",""
"A1058","San Bernardino","Needles, Twentynine Palms, Yucca Valley","https://www.californiahealthmaps.org?address=A1058","Male","CRC",185245,48.8,39.3,60.4,123335,44.5,34.4,57.4,10235,"","","",37425,87.7,46.5,157.1,"","","","",2,72882,37.8,15.3,7.4,68.2,5.1,4.6,17.6,4.6,"","","","","",""
"A1058","San Bernardino","Needles, Twentynine Palms, Yucca Valley","https://www.californiahealthmaps.org?address=A1058","Female","CRC",179165,38.4,30.4,48.4,118605,35.6,27.0,47.1,"","","","",35990,"","","","","","","",2,72882,37.8,15.3,7.4,68.2,5.1,4.6,17.6,4.6,"","","","","",""
"A1058","San Bernardino","Needles, Twentynine Palms, Yucca Valley","https://www.californiahealthmaps.org?address=A1058","Male","Mela",185245,21.0,15.1,29.1,123335,25.5,18.1,35.9,10235,"","","",37425,"","","","","","","",2,72882,37.8,15.3,7.4,68.2,5.1,4.6,17.6,4.6,"","","","","",""
"A1058","San Bernardino","Needles, Twentynine Palms, Yucca Valley","https://www.californiahealthmaps.org?address=A1058","Female","Mela",179165,16.7,11.6,24.0,118605,21.3,14.6,31.3,"","","","",35990,"","","","","","","",2,72882,37.8,15.3,7.4,68.2,5.1,4.6,17.6,4.6,"","","","","",""
"A1058","San Bernardino","Needles, Twentynine Palms, Yucca Valley","https://www.californiahealthmaps.org?address=A1058","Female","Uterine",179165,25.6,19.1,34.2,118605,24.9,17.9,34.9,"","","","",35990,"","","","","","","",2,72882,37.8,15.3,7.4,68.2,5.1,4.6,17.6,4.6,"","","","","",""
"A1058","San Bernardino","Needles, Twentynine Palms, Yucca Valley","https://www.californiahealthmaps.org?address=A1058","Male","Lymph",185245,15.7,10.4,23.2,123335,14.5,9.1,23.1,10235,"","","",37425,"","","","","","","",2,72882,37.8,15.3,7.4,68.2,5.1,4.6,17.6,4.6,"","","","","",""
"A1058","San Bernardino","Needles, Twentynine Palms, Yucca Valley","https://www.californiahealthmaps.org?address=A1058","Female","Lymph",179165,9.4,5.8,15.1,118605,"","","","","","","",35990,"","","","","","","",2,72882,37.8,15.3,7.4,68.2,5.1,4.6,17.6,4.6,"","","","","",""
"A1058","San Bernardino","Needles, Twentynine Palms, Yucca Valley","https://www.californiahealthmaps.org?address=A1058","Male","Urinary",185245,18.1,12.5,25.9,123335,19.1,13.0,28.3,10235,"","","",37425,"","","","","","","",2,72882,37.8,15.3,7.4,68.2,5.1,4.6,17.6,4.6,"","","","","",""
"A1058","San Bernardino","Needles, Twentynine Palms, Yucca Valley","https://www.californiahealthmaps.org?address=A1058","Female","Urinary",179165,"","","",118605,"","","","","","","",35990,"","","","","","","",2,72882,37.8,15.3,7.4,68.2,5.1,4.6,17.6,4.6,"","","","","",""
"A1058","San Bernardino","Needles, Twentynine Palms, Yucca Valley","https://www.californiahealthmaps.org?address=A1058","Male","Kidney",185245,18.0,12.3,25.8,123335,17.9,11.6,27.4,10235,"","","",37425,"","","","","","","",2,72882,37.8,15.3,7.4,68.2,5.1,4.6,17.6,4.6,"","","","","",""
"A1058","San Bernardino","Needles, Twentynine Palms, Yucca Valley","https://www.californiahealthmaps.org?address=A1058","Female","Kidney",179165,14.9,10.0,21.9,118605,14.2,8.6,22.9,"","","","",35990,"","","","","","","",2,72882,37.8,15.3,7.4,68.2,5.1,4.6,17.6,4.6,"","","","","",""
"A1058","San Bernardino","Needles, Twentynine Palms, Yucca Valley","https://www.californiahealthmaps.org?address=A1058","Male","Thyroid",185245,"","","",123335,"","","",10235,"","","",37425,"","","","","","","",2,72882,37.8,15.3,7.4,68.2,5.1,4.6,17.6,4.6,"","","","","",""
"A1058","San Bernardino","Needles, Twentynine Palms, Yucca Valley","https://www.californiahealthmaps.org?address=A1058","Female","Thyroid",179165,14.6,9.5,21.7,118605,14.5,8.6,23.8,"","","","",35990,"","","","","","","",2,72882,37.8,15.3,7.4,68.2,5.1,4.6,17.6,4.6,"","","","","",""
"A1058","San Bernardino","Needles, Twentynine Palms, Yucca Valley","https://www.californiahealthmaps.org?address=A1058","Male","Liver",185245,13.4,8.8,20.1,123335,12.0,7.3,19.8,10235,"","","",37425,"","","","","","","",2,72882,37.8,15.3,7.4,68.2,5.1,4.6,17.6,4.6,"","","","","",""
"A1058","San Bernardino","Needles, Twentynine Palms, Yucca Valley","https://www.californiahealthmaps.org?address=A1058","Female","Liver",179165,"","","",118605,"","","","","","","",35990,"","","","","","","",2,72882,37.8,15.3,7.4,68.2,5.1,4.6,17.6,4.6,"","","","","",""
"A1058","San Bernardino","Needles, Twentynine Palms, Yucca Valley","https://www.californiahealthmaps.org?address=A1058","Male","Pancreas",185245,9.2,5.5,15.1,123335,"","","",10235,"","","",37425,"","","","","","","",2,72882,37.8,15.3,7.4,68.2,5.1,4.6,17.6,4.6,"","","","","",""
"A1058","San Bernardino","Needles, Twentynine Palms, Yucca Valley","https://www.californiahealthmaps.org?address=A1058","Female","Pancreas",179165,10.6,6.8,16.5,118605,10.9,6.5,18.4,"","","","",35990,"","","","","","","",2,72882,37.8,15.3,7.4,68.2,5.1,4.6,17.6,4.6,"","","","","",""
"A1058","San Bernardino","Needles, Twentynine Palms, Yucca Valley","https://www.californiahealthmaps.org?address=A1058","Both","AllSite",364410,397.8,378.4,418.1,241940,397.8,376.0,421.0,18495,559.0,421.2,735.1,73415,355.7,298.7,421.9,11915,473.2,341.0,666.0,2,72882,37.8,15.3,7.4,68.2,5.1,4.6,17.6,4.6,"","","","","",""
"A1058","San Bernardino","Needles, Twentynine Palms, Yucca Valley","https://www.californiahealthmaps.org?address=A1058","Both","Lung",364410,54.1,47.2,61.9,241940,54.5,46.8,63.4,18495,"","","",73415,44.4,25.8,73.3,11915,"","","",2,72882,37.8,15.3,7.4,68.2,5.1,4.6,17.6,4.6,"","","","","",""
"A1058","San Bernardino","Needles, Twentynine Palms, Yucca Valley","https://www.californiahealthmaps.org?address=A1058","Both","CRC",364410,43.7,37.4,51.0,241940,40.3,33.5,48.5,18495,"","","",73415,72.7,47.3,108.5,11915,"","","",2,72882,37.8,15.3,7.4,68.2,5.1,4.6,17.6,4.6,"","","","","",""
"A1058","San Bernardino","Needles, Twentynine Palms, Yucca Valley","https://www.californiahealthmaps.org?address=A1058","Both","Mela",364410,18.7,14.7,23.7,241940,23.3,18.1,29.8,18495,"","","",73415,"","","",11915,"","","",2,72882,37.8,15.3,7.4,68.2,5.1,4.6,17.6,4.6,"","","","","",""
"A1058","San Bernardino","Needles, Twentynine Palms, Yucca Valley","https://www.californiahealthmaps.org?address=A1058","Both","Lymph",364410,12.1,9.0,16.3,241940,10.8,7.5,15.5,18495,"","","",73415,"","","",11915,"","","",2,72882,37.8,15.3,7.4,68.2,5.1,4.6,17.6,4.6,"","","","","",""
"A1058","San Bernardino","Needles, Twentynine Palms, Yucca Valley","https://www.californiahealthmaps.org?address=A1058","Both","Urinary",364410,10.1,7.3,14.0,241940,11.1,7.9,15.8,18495,"","","",73415,"","","",11915,"","","",2,72882,37.8,15.3,7.4,68.2,5.1,4.6,17.6,4.6,"","","","","",""
"A1058","San Bernardino","Needles, Twentynine Palms, Yucca Valley","https://www.californiahealthmaps.org?address=A1058","Both","Kidney",364410,16.3,12.5,21.2,241940,15.9,11.6,21.7,18495,"","","",73415,"","","",11915,"","","",2,72882,37.8,15.3,7.4,68.2,5.1,4.6,17.6,4.6,"","","","","",""
"A1058","San Bernardino","Needles, Twentynine Palms, Yucca Valley","https://www.californiahealthmaps.org?address=A1058","Both","Thyroid",364410,9.7,6.7,13.7,241940,9.6,6.1,14.7,18495,"","","",73415,"","","",11915,"","","",2,72882,37.8,15.3,7.4,68.2,5.1,4.6,17.6,4.6,"","","","","",""
"A1058","San Bernardino","Needles, Twentynine Palms, Yucca Valley","https://www.californiahealthmaps.org?address=A1058","Both","Liver",364410,9.1,6.4,12.9,241940,8.7,5.8,13.2,18495,"","","",73415,"","","",11915,"","","",2,72882,37.8,15.3,7.4,68.2,5.1,4.6,17.6,4.6,"","","","","",""
"A1058","San Bernardino","Needles, Twentynine Palms, Yucca Valley","https://www.californiahealthmaps.org?address=A1058","Both","Pancreas",364410,9.7,7.0,13.4,241940,9.2,6.3,13.6,18495,"","","",73415,"","","",11915,"","","",2,72882,37.8,15.3,7.4,68.2,5.1,4.6,17.6,4.6,"","","","","",""
