"Zone","Counties","Cities","URL","Sex","Cancer","PopTot","AAIR","LCI","UCI","White_PopTot","White_AAIR","White_LCI","White_UCI","Black_PopTot","Black_AAIR","Black_LCI","Black_UCI","Hispanic_PopTot","Hispanic_AAIR","Hispanic_LCI","Hispanic_UCI","Asian_PopTot","Asian_AAIR","Asian_LCI","Asian_UCI","QNSES","PopAll","PerRural","PerUninsured","PerForeignBorn","PerWhite","PerBlack","PerAsian","PerHispanic"
"A0950","Humboldt","Arcata, Eureka","https://www.californiahealthmaps.org?address=A0950","Male","AllSite",172905,529.1,493.5,566.9,132955,536.7,498.5,577.6,"","","","",18035,409.8,264.0,623.8,"","","","",2,68794,7.4,18.1,6.1,77.6,1.6,3.3,9.9
"A0950","Humboldt","Arcata, Eureka","https://www.californiahealthmaps.org?address=A0950","Female","AllSite",171065,453.6,423.2,486.1,132120,456.5,423.3,492.5,"","","","",17245,537.2,376.2,757.8,"","","","",2,68794,7.4,18.1,6.1,77.6,1.6,3.3,9.9
"A0950","Humboldt","Arcata, Eureka","https://www.californiahealthmaps.org?address=A0950","Male","Prostate",172905,104.8,89.3,122.5,132955,105.5,89.1,124.7,"","","","",18035,"","","","","","","",2,68794,7.4,18.1,6.1,77.6,1.6,3.3,9.9
"A0950","Humboldt","Arcata, Eureka","https://www.californiahealthmaps.org?address=A0950","Female","Breast",171065,129.2,113.0,147.5,132120,128.6,111.0,149.1,"","","","",17245,223.5,131.3,376.1,"","","","",2,68794,7.4,18.1,6.1,77.6,1.6,3.3,9.9
"A0950","Humboldt","Arcata, Eureka","https://www.californiahealthmaps.org?address=A0950","Male","Lung",172905,71.1,58.4,86.0,132955,70.0,56.7,86.2,"","","","",18035,"","","","","","","",2,68794,7.4,18.1,6.1,77.6,1.6,3.3,9.9
"A0950","Humboldt","Arcata, Eureka","https://www.californiahealthmaps.org?address=A0950","Female","Lung",171065,54.5,44.7,66.5,132120,54.2,43.7,67.5,"","","","",17245,"","","","","","","",2,68794,7.4,18.1,6.1,77.6,1.6,3.3,9.9
"A0950","Humboldt","Arcata, Eureka","https://www.californiahealthmaps.org?address=A0950","Male","CRC",172905,40.7,31.4,52.2,132955,41.6,31.6,54.5,"","","","",18035,"","","","","","","",2,68794,7.4,18.1,6.1,77.6,1.6,3.3,9.9
"A0950","Humboldt","Arcata, Eureka","https://www.californiahealthmaps.org?address=A0950","Female","CRC",171065,40.8,32.0,51.8,132120,42.6,32.8,55.3,"","","","",17245,"","","","","","","",2,68794,7.4,18.1,6.1,77.6,1.6,3.3,9.9
"A0950","Humboldt","Arcata, Eureka","https://www.californiahealthmaps.org?address=A0950","Male","Mela",172905,39.9,30.6,51.4,132955,43.7,33.3,57.1,"","","","",18035,"","","","","","","",2,68794,7.4,18.1,6.1,77.6,1.6,3.3,9.9
"A0950","Humboldt","Arcata, Eureka","https://www.californiahealthmaps.org?address=A0950","Female","Mela",171065,23.2,16.7,32.0,132120,24.6,17.3,34.9,"","","","",17245,"","","","","","","",2,68794,7.4,18.1,6.1,77.6,1.6,3.3,9.9
"A0950","Humboldt","Arcata, Eureka","https://www.californiahealthmaps.org?address=A0950","Female","Uterine",171065,37.2,29.0,47.7,132120,37.4,28.5,49.4,"","","","",17245,"","","","","","","",2,68794,7.4,18.1,6.1,77.6,1.6,3.3,9.9
"A0950","Humboldt","Arcata, Eureka","https://www.californiahealthmaps.org?address=A0950","Male","Lymph",172905,30.3,22.2,40.7,132955,29.6,21.0,41.3,"","","","",18035,"","","","","","","",2,68794,7.4,18.1,6.1,77.6,1.6,3.3,9.9
"A0950","Humboldt","Arcata, Eureka","https://www.californiahealthmaps.org?address=A0950","Female","Lymph",171065,21.4,15.0,30.0,132120,22.8,15.7,33.1,"","","","",17245,"","","","","","","",2,68794,7.4,18.1,6.1,77.6,1.6,3.3,9.9
"A0950","Humboldt","Arcata, Eureka","https://www.californiahealthmaps.org?address=A0950","Male","Urinary",172905,28.9,20.9,39.2,132955,31.3,22.5,43.2,"","","","",18035,"","","","","","","",2,68794,7.4,18.1,6.1,77.6,1.6,3.3,9.9
"A0950","Humboldt","Arcata, Eureka","https://www.californiahealthmaps.org?address=A0950","Female","Urinary",171065,6.6,3.5,12.2,132120,"","","","","","","",17245,"","","","","","","",2,68794,7.4,18.1,6.1,77.6,1.6,3.3,9.9
"A0950","Humboldt","Arcata, Eureka","https://www.californiahealthmaps.org?address=A0950","Male","Kidney",172905,21.6,14.7,30.7,132955,21.6,14.4,32.2,"","","","",18035,"","","","","","","",2,68794,7.4,18.1,6.1,77.6,1.6,3.3,9.9
"A0950","Humboldt","Arcata, Eureka","https://www.californiahealthmaps.org?address=A0950","Female","Kidney",171065,10.4,6.2,17.0,132120,10.6,6.1,18.6,"","","","",17245,"","","","","","","",2,68794,7.4,18.1,6.1,77.6,1.6,3.3,9.9
"A0950","Humboldt","Arcata, Eureka","https://www.californiahealthmaps.org?address=A0950","Male","Thyroid",172905,3.8,1.4,8.5,132955,"","","","","","","",18035,"","","","","","","",2,68794,7.4,18.1,6.1,77.6,1.6,3.3,9.9
"A0950","Humboldt","Arcata, Eureka","https://www.californiahealthmaps.org?address=A0950","Female","Thyroid",171065,19.0,13.1,27.2,132120,18.1,11.9,27.7,"","","","",17245,"","","","","","","",2,68794,7.4,18.1,6.1,77.6,1.6,3.3,9.9
"A0950","Humboldt","Arcata, Eureka","https://www.californiahealthmaps.org?address=A0950","Both","AllSite",343970,480.1,457.3,503.9,265075,484.3,459.7,510.2,"","","","",35280,472.2,362.2,610.3,11935,299.2,181.1,480.2,2,68794,7.4,18.1,6.1,77.6,1.6,3.3,9.9
"A0950","Humboldt","Arcata, Eureka","https://www.californiahealthmaps.org?address=A0950","Both","Lung",343970,61.2,53.3,70.1,265075,60.3,52.1,70.0,"","","","",35280,"","","",11935,"","","",2,68794,7.4,18.1,6.1,77.6,1.6,3.3,9.9
"A0950","Humboldt","Arcata, Eureka","https://www.californiahealthmaps.org?address=A0950","Both","CRC",343970,40.5,34.1,48.0,265075,41.9,35.0,50.3,"","","","",35280,"","","",11935,"","","",2,68794,7.4,18.1,6.1,77.6,1.6,3.3,9.9
"A0950","Humboldt","Arcata, Eureka","https://www.californiahealthmaps.org?address=A0950","Both","Mela",343970,30.1,24.6,36.6,265075,32.4,26.3,40.0,"","","","",35280,"","","",11935,"","","",2,68794,7.4,18.1,6.1,77.6,1.6,3.3,9.9
"A0950","Humboldt","Arcata, Eureka","https://www.californiahealthmaps.org?address=A0950","Both","Lymph",343970,25.2,20.1,31.4,265075,25.8,20.2,32.9,"","","","",35280,"","","",11935,"","","",2,68794,7.4,18.1,6.1,77.6,1.6,3.3,9.9
"A0950","Humboldt","Arcata, Eureka","https://www.californiahealthmaps.org?address=A0950","Both","Urinary",343970,16.3,12.3,21.4,265075,17.5,13.2,23.4,"","","","",35280,"","","",11935,"","","",2,68794,7.4,18.1,6.1,77.6,1.6,3.3,9.9
"A0950","Humboldt","Arcata, Eureka","https://www.californiahealthmaps.org?address=A0950","Both","Kidney",343970,15.2,11.3,20.2,265075,15.2,11.1,20.9,"","","","",35280,"","","",11935,"","","",2,68794,7.4,18.1,6.1,77.6,1.6,3.3,9.9
"A0950","Humboldt","Arcata, Eureka","https://www.californiahealthmaps.org?address=A0950","Both","Thyroid",343970,11.5,8.2,15.8,265075,11.2,7.7,16.2,"","","","",35280,"","","",11935,"","","",2,68794,7.4,18.1,6.1,77.6,1.6,3.3,9.9
