"Zone","Counties","Cities","URL","Sex","Cancer","PopTot","AAIR","LCI","UCI","White_PopTot","White_AAIR","White_LCI","White_UCI","Black_PopTot","Black_AAIR","Black_LCI","Black_UCI","Hispanic_PopTot","Hispanic_AAIR","Hispanic_LCI","Hispanic_UCI","Asian_PopTot","Asian_AAIR","Asian_LCI","Asian_UCI","QNSES","PopAll","PerRural","PerUninsured","PerForeignBorn","PerWhite","PerBlack","PerAsian","PerHispanic"
"A1010","Los Angeles","Glendale, Los Angeles","https://www.californiahealthmaps.org?address=A1010","Male","AllSite",154600,430.1,397.7,464.7,91510,435.0,397.2,476.6,"","","","",30615,440.1,333.6,583.6,24990,356.3,260.7,482.7,4,62834,0.0,17.2,35.9,56.5,1.2,17.7,22.1
"A1010","Los Angeles","Glendale, Los Angeles","https://www.californiahealthmaps.org?address=A1010","Female","AllSite",159570,419.2,389.5,450.9,91830,452.2,413.8,494.5,"","","","",32375,398.8,322.7,489.9,28315,332.7,260.0,422.6,4,62834,0.0,17.2,35.9,56.5,1.2,17.7,22.1
"A1010","Los Angeles","Glendale, Los Angeles","https://www.californiahealthmaps.org?address=A1010","Male","Prostate",154600,101.6,86.5,118.8,91510,101.7,84.5,122.8,"","","","",30615,104.7,59.8,190.5,24990,"","","",4,62834,0.0,17.2,35.9,56.5,1.2,17.7,22.1
"A1010","Los Angeles","Glendale, Los Angeles","https://www.californiahealthmaps.org?address=A1010","Female","Breast",159570,126.9,111.2,144.6,91830,145.8,125.0,170.6,"","","","",32375,97.9,64.2,146.7,28315,68.7,40.9,113.8,4,62834,0.0,17.2,35.9,56.5,1.2,17.7,22.1
"A1010","Los Angeles","Glendale, Los Angeles","https://www.californiahealthmaps.org?address=A1010","Male","Lung",154600,47.4,36.9,60.2,91510,50.6,38.4,67.2,"","","","",30615,"","","",24990,"","","",4,62834,0.0,17.2,35.9,56.5,1.2,17.7,22.1
"A1010","Los Angeles","Glendale, Los Angeles","https://www.californiahealthmaps.org?address=A1010","Female","Lung",159570,38.1,29.3,49.2,91830,40.4,29.7,55.4,"","","","",32375,"","","",28315,"","","",4,62834,0.0,17.2,35.9,56.5,1.2,17.7,22.1
"A1010","Los Angeles","Glendale, Los Angeles","https://www.californiahealthmaps.org?address=A1010","Male","CRC",154600,54.7,43.4,68.4,91510,53.8,40.9,70.9,"","","","",30615,"","","",24990,"","","",4,62834,0.0,17.2,35.9,56.5,1.2,17.7,22.1
"A1010","Los Angeles","Glendale, Los Angeles","https://www.californiahealthmaps.org?address=A1010","Female","CRC",159570,44.6,35.4,56.0,91830,45.2,34.2,60.4,"","","","",32375,"","","",28315,"","","",4,62834,0.0,17.2,35.9,56.5,1.2,17.7,22.1
"A1010","Los Angeles","Glendale, Los Angeles","https://www.californiahealthmaps.org?address=A1010","Male","Mela",154600,23.7,16.8,33.1,91510,27.3,18.6,40.4,"","","","",30615,"","","",24990,"","","",4,62834,0.0,17.2,35.9,56.5,1.2,17.7,22.1
"A1010","Los Angeles","Glendale, Los Angeles","https://www.californiahealthmaps.org?address=A1010","Female","Mela",159570,14.1,9.1,21.4,91830,15.9,9.6,27.0,"","","","",32375,"","","",28315,"","","",4,62834,0.0,17.2,35.9,56.5,1.2,17.7,22.1
"A1010","Los Angeles","Glendale, Los Angeles","https://www.californiahealthmaps.org?address=A1010","Female","Uterine",159570,26.0,19.2,35.0,91830,26.0,18.0,38.4,"","","","",32375,"","","",28315,"","","",4,62834,0.0,17.2,35.9,56.5,1.2,17.7,22.1
"A1010","Los Angeles","Glendale, Los Angeles","https://www.californiahealthmaps.org?address=A1010","Male","Lymph",154600,28.9,21.0,39.1,91510,31.8,22.1,46.0,"","","","",30615,"","","",24990,"","","",4,62834,0.0,17.2,35.9,56.5,1.2,17.7,22.1
"A1010","Los Angeles","Glendale, Los Angeles","https://www.californiahealthmaps.org?address=A1010","Female","Lymph",159570,15.6,10.1,23.5,91830,"","","","","","","",32375,"","","",28315,"","","",4,62834,0.0,17.2,35.9,56.5,1.2,17.7,22.1
"A1010","Los Angeles","Glendale, Los Angeles","https://www.californiahealthmaps.org?address=A1010","Male","Urinary",154600,19.7,12.9,29.0,91510,17.8,10.7,29.8,"","","","",30615,"","","",24990,"","","",4,62834,0.0,17.2,35.9,56.5,1.2,17.7,22.1
"A1010","Los Angeles","Glendale, Los Angeles","https://www.californiahealthmaps.org?address=A1010","Female","Urinary",159570,3.7,1.5,8.4,91830,"","","","","","","",32375,"","","",28315,"","","",4,62834,0.0,17.2,35.9,56.5,1.2,17.7,22.1
"A1010","Los Angeles","Glendale, Los Angeles","https://www.californiahealthmaps.org?address=A1010","Male","Kidney",154600,18.5,12.5,26.9,91510,14.9,9.1,25.4,"","","","",30615,"","","",24990,"","","",4,62834,0.0,17.2,35.9,56.5,1.2,17.7,22.1
"A1010","Los Angeles","Glendale, Los Angeles","https://www.californiahealthmaps.org?address=A1010","Female","Kidney",159570,8.7,4.7,15.1,91830,"","","","","","","",32375,"","","",28315,"","","",4,62834,0.0,17.2,35.9,56.5,1.2,17.7,22.1
"A1010","Los Angeles","Glendale, Los Angeles","https://www.californiahealthmaps.org?address=A1010","Male","Thyroid",154600,10.0,5.7,16.8,91510,"","","","","","","",30615,"","","",24990,"","","",4,62834,0.0,17.2,35.9,56.5,1.2,17.7,22.1
"A1010","Los Angeles","Glendale, Los Angeles","https://www.californiahealthmaps.org?address=A1010","Female","Thyroid",159570,25.5,18.3,34.9,91830,31.2,20.7,46.6,"","","","",32375,"","","",28315,"","","",4,62834,0.0,17.2,35.9,56.5,1.2,17.7,22.1
"A1010","Los Angeles","Glendale, Los Angeles","https://www.californiahealthmaps.org?address=A1010","Both","AllSite",314170,421.5,399.8,444.3,183340,440.4,413.7,469.1,"","","","",62990,407.2,345.8,477.9,53305,339.7,281.2,408.9,4,62834,0.0,17.2,35.9,56.5,1.2,17.7,22.1
"A1010","Los Angeles","Glendale, Los Angeles","https://www.californiahealthmaps.org?address=A1010","Both","Lung",314170,42.3,35.5,50.3,183340,45.2,36.9,55.4,"","","","",62990,"","","",53305,43.0,23.5,74.7,4,62834,0.0,17.2,35.9,56.5,1.2,17.7,22.1
"A1010","Los Angeles","Glendale, Los Angeles","https://www.californiahealthmaps.org?address=A1010","Both","CRC",314170,48.5,41.4,56.7,183340,48.5,40.1,58.9,"","","","",62990,48.7,28.7,79.3,53305,45.3,26.2,76.1,4,62834,0.0,17.2,35.9,56.5,1.2,17.7,22.1
"A1010","Los Angeles","Glendale, Los Angeles","https://www.californiahealthmaps.org?address=A1010","Both","Mela",314170,18.7,14.4,24.2,183340,21.6,16.1,29.2,"","","","",62990,"","","",53305,"","","",4,62834,0.0,17.2,35.9,56.5,1.2,17.7,22.1
"A1010","Los Angeles","Glendale, Los Angeles","https://www.californiahealthmaps.org?address=A1010","Both","Lymph",314170,21.6,16.8,27.5,183340,21.5,15.8,29.3,"","","","",62990,"","","",53305,"","","",4,62834,0.0,17.2,35.9,56.5,1.2,17.7,22.1
"A1010","Los Angeles","Glendale, Los Angeles","https://www.californiahealthmaps.org?address=A1010","Both","Urinary",314170,10.7,7.4,15.2,183340,10.6,6.9,16.6,"","","","",62990,"","","",53305,"","","",4,62834,0.0,17.2,35.9,56.5,1.2,17.7,22.1
"A1010","Los Angeles","Glendale, Los Angeles","https://www.californiahealthmaps.org?address=A1010","Both","Kidney",314170,13.3,9.7,18.0,183340,11.3,7.4,17.5,"","","","",62990,"","","",53305,"","","",4,62834,0.0,17.2,35.9,56.5,1.2,17.7,22.1
"A1010","Los Angeles","Glendale, Los Angeles","https://www.californiahealthmaps.org?address=A1010","Both","Thyroid",314170,18.0,13.6,23.5,183340,21.5,15.3,30.1,"","","","",62990,"","","",53305,"","","",4,62834,0.0,17.2,35.9,56.5,1.2,17.7,22.1
