"Zone","Counties","Cities","URL","Sex","Cancer","PopTot","AAIR","LCI","UCI","White_PopTot","White_AAIR","White_LCI","White_UCI","Black_PopTot","Black_AAIR","Black_LCI","Black_UCI","Hispanic_PopTot","Hispanic_AAIR","Hispanic_LCI","Hispanic_UCI","Asian_PopTot","Asian_AAIR","Asian_LCI","Asian_UCI","QNSES","PopAll","PerRural","PerUninsured","PerForeignBorn","PerWhite","PerBlack","PerAsian","PerHispanic","PerAPI","PerDocvisit","PerFOBT","PerMammo","PerMenPrev","PerPap","PerWomenPrev"
"A0969","Contra Costa","Orinda, Danville, Antioch, Moraga","https://www.californiahealthmaps.org?address=A0969","Male","AllSite",156435,524.3,492.1,558.9,110340,518.1,481.7,558.6,"","","","",18670,476.1,344.3,650.2,14830,388.2,292.0,511.3,5,63921,4.3,3.9,14.1,68.3,4.1,11.4,11.5,11.4,"","","","","",""
"A0969","Contra Costa","Orinda, Danville, Antioch, Moraga","https://www.californiahealthmaps.org?address=A0969","Female","AllSite",163170,448.0,418.8,479.6,112955,449.3,414.3,488.6,"","","","",19665,444.7,341.2,573.1,17205,434.1,347.1,543.5,5,63921,4.3,3.9,14.1,68.3,4.1,11.4,11.5,11.4,"","","","","",""
"A0969","Contra Costa","Orinda, Danville, Antioch, Moraga","https://www.californiahealthmaps.org?address=A0969","Male","Prostate",156435,145.8,130.0,163.9,110340,132.4,116.0,152.9,"","","","",18670,163.4,88.6,284.8,14830,92.6,51.6,161.7,5,63921,4.3,3.9,14.1,68.3,4.1,11.4,11.5,11.4,"","","","","",""
"A0969","Contra Costa","Orinda, Danville, Antioch, Moraga","https://www.californiahealthmaps.org?address=A0969","Female","Breast",163170,154.9,138.4,173.8,112955,154.3,135.3,177.8,"","","","",19665,119.1,71.2,192.5,17205,154.8,106.5,226.7,5,63921,4.3,3.9,14.1,68.3,4.1,11.4,11.5,11.4,"","","","","",""
"A0969","Contra Costa","Orinda, Danville, Antioch, Moraga","https://www.californiahealthmaps.org?address=A0969","Male","Lung",156435,34.9,27.0,45.4,110340,33.3,24.9,46.6,"","","","",18670,"","","",14830,"","","",5,63921,4.3,3.9,14.1,68.3,4.1,11.4,11.5,11.4,"","","","","",""
"A0969","Contra Costa","Orinda, Danville, Antioch, Moraga","https://www.californiahealthmaps.org?address=A0969","Female","Lung",163170,33.3,26.0,43.2,112955,37.0,28.6,50.7,"","","","",19665,"","","",17205,"","","",5,63921,4.3,3.9,14.1,68.3,4.1,11.4,11.5,11.4,"","","","","",""
"A0969","Contra Costa","Orinda, Danville, Antioch, Moraga","https://www.californiahealthmaps.org?address=A0969","Male","CRC",156435,32.6,25.1,42.9,110340,35.3,26.6,48.9,"","","","",18670,"","","",14830,"","","",5,63921,4.3,3.9,14.1,68.3,4.1,11.4,11.5,11.4,"","","","","",""
"A0969","Contra Costa","Orinda, Danville, Antioch, Moraga","https://www.californiahealthmaps.org?address=A0969","Female","CRC",163170,34.4,27.1,44.3,112955,33.4,25.2,46.8,"","","","",19665,"","","",17205,"","","",5,63921,4.3,3.9,14.1,68.3,4.1,11.4,11.5,11.4,"","","","","",""
"A0969","Contra Costa","Orinda, Danville, Antioch, Moraga","https://www.californiahealthmaps.org?address=A0969","Male","Mela",156435,73.8,61.7,88.5,110340,80.0,65.2,99.4,"","","","",18670,"","","",14830,"","","",5,63921,4.3,3.9,14.1,68.3,4.1,11.4,11.5,11.4,"","","","","",""
"A0969","Contra Costa","Orinda, Danville, Antioch, Moraga","https://www.californiahealthmaps.org?address=A0969","Female","Mela",163170,37.4,29.2,48.4,112955,40.4,29.6,56.8,"","","","",19665,"","","",17205,"","","",5,63921,4.3,3.9,14.1,68.3,4.1,11.4,11.5,11.4,"","","","","",""
"A0969","Contra Costa","Orinda, Danville, Antioch, Moraga","https://www.californiahealthmaps.org?address=A0969","Female","Uterine",163170,34.7,27.0,45.0,112955,29.7,22.3,42.4,"","","","",19665,"","","",17205,"","","",5,63921,4.3,3.9,14.1,68.3,4.1,11.4,11.5,11.4,"","","","","",""
"A0969","Contra Costa","Orinda, Danville, Antioch, Moraga","https://www.californiahealthmaps.org?address=A0969","Male","Lymph",156435,22.9,16.6,32.0,110340,23.8,16.8,35.8,"","","","",18670,"","","",14830,"","","",5,63921,4.3,3.9,14.1,68.3,4.1,11.4,11.5,11.4,"","","","","",""
"A0969","Contra Costa","Orinda, Danville, Antioch, Moraga","https://www.californiahealthmaps.org?address=A0969","Female","Lymph",163170,15.8,10.7,23.9,112955,14.1,8.6,25.8,"","","","",19665,"","","",17205,"","","",5,63921,4.3,3.9,14.1,68.3,4.1,11.4,11.5,11.4,"","","","","",""
"A0969","Contra Costa","Orinda, Danville, Antioch, Moraga","https://www.californiahealthmaps.org?address=A0969","Male","Urinary",156435,19.6,13.8,28.2,110340,21.0,14.6,32.6,"","","","",18670,"","","",14830,"","","",5,63921,4.3,3.9,14.1,68.3,4.1,11.4,11.5,11.4,"","","","","",""
"A0969","Contra Costa","Orinda, Danville, Antioch, Moraga","https://www.californiahealthmaps.org?address=A0969","Female","Urinary",163170,"","","",112955,"","","","","","","",19665,"","","",17205,"","","",5,63921,4.3,3.9,14.1,68.3,4.1,11.4,11.5,11.4,"","","","","",""
"A0969","Contra Costa","Orinda, Danville, Antioch, Moraga","https://www.californiahealthmaps.org?address=A0969","Male","Kidney",156435,19.7,13.6,28.9,110340,19.1,12.7,30.9,"","","","",18670,"","","",14830,"","","",5,63921,4.3,3.9,14.1,68.3,4.1,11.4,11.5,11.4,"","","","","",""
"A0969","Contra Costa","Orinda, Danville, Antioch, Moraga","https://www.californiahealthmaps.org?address=A0969","Female","Kidney",163170,10.7,6.3,18.2,112955,12.6,6.5,25.1,"","","","",19665,"","","",17205,"","","",5,63921,4.3,3.9,14.1,68.3,4.1,11.4,11.5,11.4,"","","","","",""
"A0969","Contra Costa","Orinda, Danville, Antioch, Moraga","https://www.californiahealthmaps.org?address=A0969","Male","Thyroid",156435,9.0,4.9,16.5,110340,"","","","","","","",18670,"","","",14830,"","","",5,63921,4.3,3.9,14.1,68.3,4.1,11.4,11.5,11.4,"","","","","",""
"A0969","Contra Costa","Orinda, Danville, Antioch, Moraga","https://www.californiahealthmaps.org?address=A0969","Female","Thyroid",163170,23.9,16.4,34.4,112955,19.9,11.6,34.6,"","","","",19665,"","","",17205,"","","",5,63921,4.3,3.9,14.1,68.3,4.1,11.4,11.5,11.4,"","","","","",""
"A0969","Contra Costa","Orinda, Danville, Antioch, Moraga","https://www.californiahealthmaps.org?address=A0969","Male","Liver",156435,9.4,5.8,15.9,110340,"","","","","","","",18670,"","","",14830,"","","",5,63921,4.3,3.9,14.1,68.3,4.1,11.4,11.5,11.4,"","","","","",""
"A0969","Contra Costa","Orinda, Danville, Antioch, Moraga","https://www.californiahealthmaps.org?address=A0969","Female","Liver",163170,"","","",112955,"","","","","","","",19665,"","","",17205,"","","",5,63921,4.3,3.9,14.1,68.3,4.1,11.4,11.5,11.4,"","","","","",""
"A0969","Contra Costa","Orinda, Danville, Antioch, Moraga","https://www.californiahealthmaps.org?address=A0969","Male","Pancreas",156435,20.9,15.0,29.6,110340,21.8,15.2,33.5,"","","","",18670,"","","",14830,"","","",5,63921,4.3,3.9,14.1,68.3,4.1,11.4,11.5,11.4,"","","","","",""
"A0969","Contra Costa","Orinda, Danville, Antioch, Moraga","https://www.californiahealthmaps.org?address=A0969","Female","Pancreas",163170,13.9,9.4,21.3,112955,14.3,9.3,25.4,"","","","",19665,"","","",17205,"","","",5,63921,4.3,3.9,14.1,68.3,4.1,11.4,11.5,11.4,"","","","","",""
"A0969","Contra Costa","Orinda, Danville, Antioch, Moraga","https://www.californiahealthmaps.org?address=A0969","Both","AllSite",319605,483.5,461.8,506.3,223295,481.5,456.2,508.8,13165,570.8,440.1,734.3,38335,450.7,369.5,546.8,32035,414.3,348.5,491.6,5,63921,4.3,3.9,14.1,68.3,4.1,11.4,11.5,11.4,"","","","","",""
"A0969","Contra Costa","Orinda, Danville, Antioch, Moraga","https://www.californiahealthmaps.org?address=A0969","Both","Lung",319605,34.0,28.6,40.7,223295,35.2,29.1,43.6,13165,"","","",38335,"","","",32035,"","","",5,63921,4.3,3.9,14.1,68.3,4.1,11.4,11.5,11.4,"","","","","",""
"A0969","Contra Costa","Orinda, Danville, Antioch, Moraga","https://www.californiahealthmaps.org?address=A0969","Both","CRC",319605,33.6,28.3,40.2,223295,34.4,28.3,42.8,13165,"","","",38335,"","","",32035,"","","",5,63921,4.3,3.9,14.1,68.3,4.1,11.4,11.5,11.4,"","","","","",""
"A0969","Contra Costa","Orinda, Danville, Antioch, Moraga","https://www.californiahealthmaps.org?address=A0969","Both","Mela",319605,54.6,47.3,63.1,223295,59.4,50.2,70.9,13165,"","","",38335,"","","",32035,"","","",5,63921,4.3,3.9,14.1,68.3,4.1,11.4,11.5,11.4,"","","","","",""
"A0969","Contra Costa","Orinda, Danville, Antioch, Moraga","https://www.californiahealthmaps.org?address=A0969","Both","Lymph",319605,19.1,15.0,24.5,223295,18.7,14.2,25.7,13165,"","","",38335,"","","",32035,"","","",5,63921,4.3,3.9,14.1,68.3,4.1,11.4,11.5,11.4,"","","","","",""
"A0969","Contra Costa","Orinda, Danville, Antioch, Moraga","https://www.californiahealthmaps.org?address=A0969","Both","Urinary",319605,10.7,7.8,14.9,223295,11.4,8.2,17.3,13165,"","","",38335,"","","",32035,"","","",5,63921,4.3,3.9,14.1,68.3,4.1,11.4,11.5,11.4,"","","","","",""
"A0969","Contra Costa","Orinda, Danville, Antioch, Moraga","https://www.californiahealthmaps.org?address=A0969","Both","Kidney",319605,15.0,11.1,20.2,223295,15.6,11.1,22.9,13165,"","","",38335,"","","",32035,"","","",5,63921,4.3,3.9,14.1,68.3,4.1,11.4,11.5,11.4,"","","","","",""
"A0969","Contra Costa","Orinda, Danville, Antioch, Moraga","https://www.californiahealthmaps.org?address=A0969","Both","Thyroid",319605,16.8,12.4,22.9,223295,15.3,10.0,23.6,13165,"","","",38335,"","","",32035,"","","",5,63921,4.3,3.9,14.1,68.3,4.1,11.4,11.5,11.4,"","","","","",""
"A0969","Contra Costa","Orinda, Danville, Antioch, Moraga","https://www.californiahealthmaps.org?address=A0969","Both","Liver",319605,6.3,4.3,9.8,223295,4.7,2.8,9.7,13165,"","","",38335,"","","",32035,"","","",5,63921,4.3,3.9,14.1,68.3,4.1,11.4,11.5,11.4,"","","","","",""
"A0969","Contra Costa","Orinda, Danville, Antioch, Moraga","https://www.californiahealthmaps.org?address=A0969","Both","Pancreas",319605,17.3,13.6,22.4,223295,18.0,13.8,24.7,13165,"","","",38335,"","","",32035,"","","",5,63921,4.3,3.9,14.1,68.3,4.1,11.4,11.5,11.4,"","","","","",""
