"Zone","Counties","Cities","URL","Sex","Cancer","PopTot","AAIR","LCI","UCI","White_PopTot","White_AAIR","White_LCI","White_UCI","Black_PopTot","Black_AAIR","Black_LCI","Black_UCI","Hispanic_PopTot","Hispanic_AAIR","Hispanic_LCI","Hispanic_UCI","Asian_PopTot","Asian_AAIR","Asian_LCI","Asian_UCI","QNSES","PopAll","PerRural","PerUninsured","PerForeignBorn","PerWhite","PerBlack","PerAsian","PerHispanic","PerAPI","PerDocvisit","PerFOBT","PerMammo","PerMenPrev","PerPap","PerWomenPrev"
"A0417","Los Angeles","Los Angeles","https://www.californiahealthmaps.org?address=A0417","Male","AllSite",152990,454.8,420.5,491.7,110230,456.3,418.5,497.7,"","","","",21520,427.3,308.5,584.4,"","","","",4,63581,0.0,14.8,23.3,69.5,5.2,6.1,15.4,6.1,65.3,63.0,79.2,29.3,87.3,34.1
"A0417","Los Angeles","Los Angeles","https://www.californiahealthmaps.org?address=A0417","Female","AllSite",164915,444.0,414.0,476.4,114245,461.3,426.3,500.0,"","","","",25100,436.0,344.1,547.9,11445,236.6,153.3,377.6,4,63581,0.0,14.8,23.3,69.5,5.2,6.1,15.4,6.1,65.3,63.0,79.2,29.3,87.3,34.1
"A0417","Los Angeles","Los Angeles","https://www.californiahealthmaps.org?address=A0417","Male","Prostate",152990,98.8,83.3,116.8,110230,95.8,79.2,116.2,"","","","",21520,"","","","","","","",4,63581,0.0,14.8,23.3,69.5,5.2,6.1,15.4,6.1,65.3,63.0,79.2,29.3,87.3,34.1
"A0417","Los Angeles","Los Angeles","https://www.californiahealthmaps.org?address=A0417","Female","Breast",164915,156.0,138.5,176.0,114245,161.3,141.0,185.4,"","","","",25100,159.0,106.2,232.5,11445,"","","",4,63581,0.0,14.8,23.3,69.5,5.2,6.1,15.4,6.1,65.3,63.0,79.2,29.3,87.3,34.1
"A0417","Los Angeles","Los Angeles","https://www.californiahealthmaps.org?address=A0417","Male","Lung",152990,42.9,32.4,56.1,110230,45.6,33.9,61.3,"","","","",21520,"","","","","","","",4,63581,0.0,14.8,23.3,69.5,5.2,6.1,15.4,6.1,65.3,63.0,79.2,29.3,87.3,34.1
"A0417","Los Angeles","Los Angeles","https://www.californiahealthmaps.org?address=A0417","Female","Lung",164915,46.8,37.3,59.0,114245,46.8,36.3,61.6,"","","","",25100,"","","",11445,"","","",4,63581,0.0,14.8,23.3,69.5,5.2,6.1,15.4,6.1,65.3,63.0,79.2,29.3,87.3,34.1
"A0417","Los Angeles","Los Angeles","https://www.californiahealthmaps.org?address=A0417","Male","CRC",152990,45.9,35.4,59.1,110230,41.4,30.6,56.2,"","","","",21520,"","","","","","","",4,63581,0.0,14.8,23.3,69.5,5.2,6.1,15.4,6.1,65.3,63.0,79.2,29.3,87.3,34.1
"A0417","Los Angeles","Los Angeles","https://www.californiahealthmaps.org?address=A0417","Female","CRC",164915,39.4,30.8,50.7,114245,41.8,31.6,56.3,"","","","",25100,"","","",11445,"","","",4,63581,0.0,14.8,23.3,69.5,5.2,6.1,15.4,6.1,65.3,63.0,79.2,29.3,87.3,34.1
"A0417","Los Angeles","Los Angeles","https://www.californiahealthmaps.org?address=A0417","Male","Mela",152990,32.8,24.0,44.2,110230,36.5,26.4,50.7,"","","","",21520,"","","","","","","",4,63581,0.0,14.8,23.3,69.5,5.2,6.1,15.4,6.1,65.3,63.0,79.2,29.3,87.3,34.1
"A0417","Los Angeles","Los Angeles","https://www.californiahealthmaps.org?address=A0417","Female","Mela",164915,15.2,9.9,23.5,114245,16.1,10.0,27.0,"","","","",25100,"","","",11445,"","","",4,63581,0.0,14.8,23.3,69.5,5.2,6.1,15.4,6.1,65.3,63.0,79.2,29.3,87.3,34.1
"A0417","Los Angeles","Los Angeles","https://www.californiahealthmaps.org?address=A0417","Female","Uterine",164915,20.8,14.9,29.4,114245,20.7,14.2,31.7,"","","","",25100,"","","",11445,"","","",4,63581,0.0,14.8,23.3,69.5,5.2,6.1,15.4,6.1,65.3,63.0,79.2,29.3,87.3,34.1
"A0417","Los Angeles","Los Angeles","https://www.californiahealthmaps.org?address=A0417","Male","Lymph",152990,22.1,15.1,31.7,110230,24.1,16.0,36.3,"","","","",21520,"","","","","","","",4,63581,0.0,14.8,23.3,69.5,5.2,6.1,15.4,6.1,65.3,63.0,79.2,29.3,87.3,34.1
"A0417","Los Angeles","Los Angeles","https://www.californiahealthmaps.org?address=A0417","Female","Lymph",164915,21.3,15.0,30.5,114245,23.4,15.7,35.8,"","","","",25100,"","","",11445,"","","",4,63581,0.0,14.8,23.3,69.5,5.2,6.1,15.4,6.1,65.3,63.0,79.2,29.3,87.3,34.1
"A0417","Los Angeles","Los Angeles","https://www.californiahealthmaps.org?address=A0417","Male","Urinary",152990,23.6,16.0,33.9,110230,24.5,16.2,36.9,"","","","",21520,"","","","","","","",4,63581,0.0,14.8,23.3,69.5,5.2,6.1,15.4,6.1,65.3,63.0,79.2,29.3,87.3,34.1
"A0417","Los Angeles","Los Angeles","https://www.californiahealthmaps.org?address=A0417","Female","Urinary",164915,"","","",114245,"","","","","","","",25100,"","","",11445,"","","",4,63581,0.0,14.8,23.3,69.5,5.2,6.1,15.4,6.1,65.3,63.0,79.2,29.3,87.3,34.1
"A0417","Los Angeles","Los Angeles","https://www.californiahealthmaps.org?address=A0417","Male","Kidney",152990,20.1,13.7,29.1,110230,17.8,11.4,28.5,"","","","",21520,"","","","","","","",4,63581,0.0,14.8,23.3,69.5,5.2,6.1,15.4,6.1,65.3,63.0,79.2,29.3,87.3,34.1
"A0417","Los Angeles","Los Angeles","https://www.californiahealthmaps.org?address=A0417","Female","Kidney",164915,"","","",114245,"","","","","","","",25100,"","","",11445,"","","",4,63581,0.0,14.8,23.3,69.5,5.2,6.1,15.4,6.1,65.3,63.0,79.2,29.3,87.3,34.1
"A0417","Los Angeles","Los Angeles","https://www.californiahealthmaps.org?address=A0417","Male","Thyroid",152990,12.8,7.8,20.5,110230,13.7,8.0,23.6,"","","","",21520,"","","","","","","",4,63581,0.0,14.8,23.3,69.5,5.2,6.1,15.4,6.1,65.3,63.0,79.2,29.3,87.3,34.1
"A0417","Los Angeles","Los Angeles","https://www.californiahealthmaps.org?address=A0417","Female","Thyroid",164915,27.1,20.1,36.8,114245,30.5,21.6,43.9,"","","","",25100,"","","",11445,"","","",4,63581,0.0,14.8,23.3,69.5,5.2,6.1,15.4,6.1,65.3,63.0,79.2,29.3,87.3,34.1
"A0417","Los Angeles","Los Angeles","https://www.californiahealthmaps.org?address=A0417","Male","Liver",152990,"","","",110230,"","","","","","","",21520,"","","","","","","",4,63581,0.0,14.8,23.3,69.5,5.2,6.1,15.4,6.1,65.3,63.0,79.2,29.3,87.3,34.1
"A0417","Los Angeles","Los Angeles","https://www.californiahealthmaps.org?address=A0417","Female","Liver",164915,"","","",114245,"","","","","","","",25100,"","","",11445,"","","",4,63581,0.0,14.8,23.3,69.5,5.2,6.1,15.4,6.1,65.3,63.0,79.2,29.3,87.3,34.1
"A0417","Los Angeles","Los Angeles","https://www.californiahealthmaps.org?address=A0417","Male","Pancreas",152990,13.7,8.2,22.0,110230,13.7,7.9,24.0,"","","","",21520,"","","","","","","",4,63581,0.0,14.8,23.3,69.5,5.2,6.1,15.4,6.1,65.3,63.0,79.2,29.3,87.3,34.1
"A0417","Los Angeles","Los Angeles","https://www.californiahealthmaps.org?address=A0417","Female","Pancreas",164915,9.4,5.6,16.2,114245,10.0,5.6,19.4,"","","","",25100,"","","",11445,"","","",4,63581,0.0,14.8,23.3,69.5,5.2,6.1,15.4,6.1,65.3,63.0,79.2,29.3,87.3,34.1
"A0417","Los Angeles","Los Angeles","https://www.californiahealthmaps.org?address=A0417","Both","AllSite",317905,442.7,420.4,466.3,224475,451.4,426.1,478.4,15820,540.7,371.3,778.5,46620,428.6,355.6,514.2,19560,296.2,214.1,407.9,4,63581,0.0,14.8,23.3,69.5,5.2,6.1,15.4,6.1,65.3,63.0,79.2,29.3,87.3,34.1
"A0417","Los Angeles","Los Angeles","https://www.californiahealthmaps.org?address=A0417","Both","Lung",317905,44.8,37.7,53.2,224475,45.7,37.8,55.5,15820,"","","",46620,"","","",19560,"","","",4,63581,0.0,14.8,23.3,69.5,5.2,6.1,15.4,6.1,65.3,63.0,79.2,29.3,87.3,34.1
"A0417","Los Angeles","Los Angeles","https://www.californiahealthmaps.org?address=A0417","Both","CRC",317905,41.9,35.2,49.9,224475,41.1,33.7,50.5,15820,"","","",46620,"","","",19560,"","","",4,63581,0.0,14.8,23.3,69.5,5.2,6.1,15.4,6.1,65.3,63.0,79.2,29.3,87.3,34.1
"A0417","Los Angeles","Los Angeles","https://www.californiahealthmaps.org?address=A0417","Both","Mela",317905,22.0,17.2,28.1,224475,24.3,18.7,31.9,15820,"","","",46620,"","","",19560,"","","",4,63581,0.0,14.8,23.3,69.5,5.2,6.1,15.4,6.1,65.3,63.0,79.2,29.3,87.3,34.1
"A0417","Los Angeles","Los Angeles","https://www.californiahealthmaps.org?address=A0417","Both","Lymph",317905,21.7,17.0,27.8,224475,23.8,18.1,31.5,15820,"","","",46620,"","","",19560,"","","",4,63581,0.0,14.8,23.3,69.5,5.2,6.1,15.4,6.1,65.3,63.0,79.2,29.3,87.3,34.1
"A0417","Los Angeles","Los Angeles","https://www.californiahealthmaps.org?address=A0417","Both","Urinary",317905,11.9,8.4,16.7,224475,12.2,8.3,18.1,15820,"","","",46620,"","","",19560,"","","",4,63581,0.0,14.8,23.3,69.5,5.2,6.1,15.4,6.1,65.3,63.0,79.2,29.3,87.3,34.1
"A0417","Los Angeles","Los Angeles","https://www.californiahealthmaps.org?address=A0417","Both","Kidney",317905,11.9,8.6,16.6,224475,10.9,7.4,16.5,15820,"","","",46620,"","","",19560,"","","",4,63581,0.0,14.8,23.3,69.5,5.2,6.1,15.4,6.1,65.3,63.0,79.2,29.3,87.3,34.1
"A0417","Los Angeles","Los Angeles","https://www.californiahealthmaps.org?address=A0417","Both","Thyroid",317905,20.1,15.7,25.9,224475,22.0,16.6,29.4,15820,"","","",46620,"","","",19560,"","","",4,63581,0.0,14.8,23.3,69.5,5.2,6.1,15.4,6.1,65.3,63.0,79.2,29.3,87.3,34.1
"A0417","Los Angeles","Los Angeles","https://www.californiahealthmaps.org?address=A0417","Both","Liver",317905,5.0,3.0,8.5,224475,4.9,2.7,9.5,15820,"","","",46620,"","","",19560,"","","",4,63581,0.0,14.8,23.3,69.5,5.2,6.1,15.4,6.1,65.3,63.0,79.2,29.3,87.3,34.1
"A0417","Los Angeles","Los Angeles","https://www.californiahealthmaps.org?address=A0417","Both","Pancreas",317905,11.1,7.8,15.7,224475,11.5,7.8,17.3,15820,"","","",46620,"","","",19560,"","","",4,63581,0.0,14.8,23.3,69.5,5.2,6.1,15.4,6.1,65.3,63.0,79.2,29.3,87.3,34.1
