"Zone","Counties","Cities","URL","Sex","Cancer","PopTot","AAIR","LCI","UCI","White_PopTot","White_AAIR","White_LCI","White_UCI","Black_PopTot","Black_AAIR","Black_LCI","Black_UCI","Hispanic_PopTot","Hispanic_AAIR","Hispanic_LCI","Hispanic_UCI","Asian_PopTot","Asian_AAIR","Asian_LCI","Asian_UCI","QNSES","PopAll","PerRural","PerUninsured","PerForeignBorn","PerWhite","PerBlack","PerAsian","PerHispanic","PerAPI","PerDocvisit","PerFOBT","PerMammo","PerMenPrev","PerPap","PerWomenPrev"
"A0999","Los Angeles","Lancaster","https://www.californiahealthmaps.org?address=A0999","Male","AllSite",165595,499.2,457.1,544.6,72325,507.2,456.0,563.3,25805,618.9,415.9,923.7,52890,483.8,375.2,622.7,"","","","",3,61589,7.0,11.3,10.9,48.1,13.7,5.4,29.8,5.4,66.9,64.7,79.5,29.8,85.6,36.4
"A0999","Los Angeles","Lancaster","https://www.californiahealthmaps.org?address=A0999","Female","AllSite",142350,424.8,390.2,461.7,69905,442.1,397.0,491.9,18955,455.4,346.9,591.5,39985,379.3,300.3,475.7,"","","","",3,61589,7.0,11.3,10.9,48.1,13.7,5.4,29.8,5.4,66.9,64.7,79.5,29.8,85.6,36.4
"A0999","Los Angeles","Lancaster","https://www.californiahealthmaps.org?address=A0999","Male","Prostate",165595,122.5,102.3,146.2,72325,104.8,83.0,131.3,25805,225.9,103.5,466.0,52890,120.5,69.3,205.4,"","","","",3,61589,7.0,11.3,10.9,48.1,13.7,5.4,29.8,5.4,66.9,64.7,79.5,29.8,85.6,36.4
"A0999","Los Angeles","Lancaster","https://www.californiahealthmaps.org?address=A0999","Female","Breast",142350,120.3,102.5,140.5,69905,127.6,104.3,155.7,18955,105.9,58.4,182.6,39985,97.9,61.9,151.6,"","","","",3,61589,7.0,11.3,10.9,48.1,13.7,5.4,29.8,5.4,66.9,64.7,79.5,29.8,85.6,36.4
"A0999","Los Angeles","Lancaster","https://www.californiahealthmaps.org?address=A0999","Male","Lung",165595,55.6,41.7,73.2,72325,65.0,47.1,88.1,25805,"","","",52890,"","","","","","","",3,61589,7.0,11.3,10.9,48.1,13.7,5.4,29.8,5.4,66.9,64.7,79.5,29.8,85.6,36.4
"A0999","Los Angeles","Lancaster","https://www.californiahealthmaps.org?address=A0999","Female","Lung",142350,59.5,46.7,74.9,69905,64.1,48.1,85.1,18955,"","","",39985,"","","","","","","",3,61589,7.0,11.3,10.9,48.1,13.7,5.4,29.8,5.4,66.9,64.7,79.5,29.8,85.6,36.4
"A0999","Los Angeles","Lancaster","https://www.californiahealthmaps.org?address=A0999","Male","CRC",165595,52.6,39.2,69.7,72325,56.0,39.8,77.4,25805,"","","",52890,"","","","","","","",3,61589,7.0,11.3,10.9,48.1,13.7,5.4,29.8,5.4,66.9,64.7,79.5,29.8,85.6,36.4
"A0999","Los Angeles","Lancaster","https://www.californiahealthmaps.org?address=A0999","Female","CRC",142350,37.6,27.8,50.1,69905,34.8,23.3,51.5,18955,"","","",39985,"","","","","","","",3,61589,7.0,11.3,10.9,48.1,13.7,5.4,29.8,5.4,66.9,64.7,79.5,29.8,85.6,36.4
"A0999","Los Angeles","Lancaster","https://www.californiahealthmaps.org?address=A0999","Male","Mela",165595,27.6,18.2,40.7,72325,38.6,25.4,57.1,25805,"","","",52890,"","","","","","","",3,61589,7.0,11.3,10.9,48.1,13.7,5.4,29.8,5.4,66.9,64.7,79.5,29.8,85.6,36.4
"A0999","Los Angeles","Lancaster","https://www.californiahealthmaps.org?address=A0999","Female","Mela",142350,17.2,10.8,26.3,69905,21.7,12.3,36.6,18955,"","","",39985,"","","","","","","",3,61589,7.0,11.3,10.9,48.1,13.7,5.4,29.8,5.4,66.9,64.7,79.5,29.8,85.6,36.4
"A0999","Los Angeles","Lancaster","https://www.californiahealthmaps.org?address=A0999","Female","Uterine",142350,26.4,18.4,37.1,69905,22.4,13.5,36.5,18955,"","","",39985,"","","","","","","",3,61589,7.0,11.3,10.9,48.1,13.7,5.4,29.8,5.4,66.9,64.7,79.5,29.8,85.6,36.4
"A0999","Los Angeles","Lancaster","https://www.californiahealthmaps.org?address=A0999","Male","Lymph",165595,31.0,21.4,44.3,72325,25.3,15.0,41.1,25805,"","","",52890,"","","","","","","",3,61589,7.0,11.3,10.9,48.1,13.7,5.4,29.8,5.4,66.9,64.7,79.5,29.8,85.6,36.4
"A0999","Los Angeles","Lancaster","https://www.californiahealthmaps.org?address=A0999","Female","Lymph",142350,"","","",69905,"","","",18955,"","","",39985,"","","","","","","",3,61589,7.0,11.3,10.9,48.1,13.7,5.4,29.8,5.4,66.9,64.7,79.5,29.8,85.6,36.4
"A0999","Los Angeles","Lancaster","https://www.californiahealthmaps.org?address=A0999","Male","Urinary",165595,22.0,13.3,34.6,72325,25.5,14.8,41.8,25805,"","","",52890,"","","","","","","",3,61589,7.0,11.3,10.9,48.1,13.7,5.4,29.8,5.4,66.9,64.7,79.5,29.8,85.6,36.4
"A0999","Los Angeles","Lancaster","https://www.californiahealthmaps.org?address=A0999","Female","Urinary",142350,"","","",69905,"","","",18955,"","","",39985,"","","","","","","",3,61589,7.0,11.3,10.9,48.1,13.7,5.4,29.8,5.4,66.9,64.7,79.5,29.8,85.6,36.4
"A0999","Los Angeles","Lancaster","https://www.californiahealthmaps.org?address=A0999","Male","Kidney",165595,17.8,11.0,28.1,72325,18.3,10.0,31.9,25805,"","","",52890,"","","","","","","",3,61589,7.0,11.3,10.9,48.1,13.7,5.4,29.8,5.4,66.9,64.7,79.5,29.8,85.6,36.4
"A0999","Los Angeles","Lancaster","https://www.californiahealthmaps.org?address=A0999","Female","Kidney",142350,14.8,8.9,23.3,69905,22.0,12.7,36.9,18955,"","","",39985,"","","","","","","",3,61589,7.0,11.3,10.9,48.1,13.7,5.4,29.8,5.4,66.9,64.7,79.5,29.8,85.6,36.4
"A0999","Los Angeles","Lancaster","https://www.californiahealthmaps.org?address=A0999","Male","Thyroid",165595,10.9,6.0,19.5,72325,"","","",25805,"","","",52890,"","","","","","","",3,61589,7.0,11.3,10.9,48.1,13.7,5.4,29.8,5.4,66.9,64.7,79.5,29.8,85.6,36.4
"A0999","Los Angeles","Lancaster","https://www.californiahealthmaps.org?address=A0999","Female","Thyroid",142350,22.6,15.3,32.6,69905,29.0,17.3,46.5,18955,"","","",39985,"","","","","","","",3,61589,7.0,11.3,10.9,48.1,13.7,5.4,29.8,5.4,66.9,64.7,79.5,29.8,85.6,36.4
"A0999","Los Angeles","Lancaster","https://www.californiahealthmaps.org?address=A0999","Male","Liver",165595,17.3,10.6,27.5,72325,"","","",25805,"","","",52890,"","","","","","","",3,61589,7.0,11.3,10.9,48.1,13.7,5.4,29.8,5.4,66.9,64.7,79.5,29.8,85.6,36.4
"A0999","Los Angeles","Lancaster","https://www.californiahealthmaps.org?address=A0999","Female","Liver",142350,"","","",69905,"","","",18955,"","","",39985,"","","","","","","",3,61589,7.0,11.3,10.9,48.1,13.7,5.4,29.8,5.4,66.9,64.7,79.5,29.8,85.6,36.4
"A0999","Los Angeles","Lancaster","https://www.californiahealthmaps.org?address=A0999","Male","Pancreas",165595,12.1,6.6,21.3,72325,"","","",25805,"","","",52890,"","","","","","","",3,61589,7.0,11.3,10.9,48.1,13.7,5.4,29.8,5.4,66.9,64.7,79.5,29.8,85.6,36.4
"A0999","Los Angeles","Lancaster","https://www.californiahealthmaps.org?address=A0999","Female","Pancreas",142350,12.7,7.2,21.1,69905,"","","",18955,"","","",39985,"","","","","","","",3,61589,7.0,11.3,10.9,48.1,13.7,5.4,29.8,5.4,66.9,64.7,79.5,29.8,85.6,36.4
"A0999","Los Angeles","Lancaster","https://www.californiahealthmaps.org?address=A0999","Both","AllSite",307945,451.0,424.7,478.5,142230,466.6,433.2,502.4,44760,473.7,385.9,579.7,92875,417.4,352.8,492.3,16180,424.3,322.3,556.8,3,61589,7.0,11.3,10.9,48.1,13.7,5.4,29.8,5.4,66.9,64.7,79.5,29.8,85.6,36.4
"A0999","Los Angeles","Lancaster","https://www.californiahealthmaps.org?address=A0999","Both","Lung",307945,57.6,48.1,68.5,142230,64.0,52.0,78.6,44760,75.2,41.7,129.7,92875,"","","",16180,"","","",3,61589,7.0,11.3,10.9,48.1,13.7,5.4,29.8,5.4,66.9,64.7,79.5,29.8,85.6,36.4
"A0999","Los Angeles","Lancaster","https://www.californiahealthmaps.org?address=A0999","Both","CRC",307945,43.4,35.4,52.8,142230,43.7,34.0,55.8,44760,52.7,27.5,98.3,92875,52.2,29.7,86.8,16180,"","","",3,61589,7.0,11.3,10.9,48.1,13.7,5.4,29.8,5.4,66.9,64.7,79.5,29.8,85.6,36.4
"A0999","Los Angeles","Lancaster","https://www.californiahealthmaps.org?address=A0999","Both","Mela",307945,21.1,15.7,27.9,142230,28.3,20.5,38.5,44760,"","","",92875,"","","",16180,"","","",3,61589,7.0,11.3,10.9,48.1,13.7,5.4,29.8,5.4,66.9,64.7,79.5,29.8,85.6,36.4
"A0999","Los Angeles","Lancaster","https://www.californiahealthmaps.org?address=A0999","Both","Lymph",307945,18.2,13.4,24.4,142230,15.0,9.6,23.0,44760,"","","",92875,"","","",16180,"","","",3,61589,7.0,11.3,10.9,48.1,13.7,5.4,29.8,5.4,66.9,64.7,79.5,29.8,85.6,36.4
"A0999","Los Angeles","Lancaster","https://www.californiahealthmaps.org?address=A0999","Both","Urinary",307945,14.2,9.6,20.2,142230,16.8,11.0,25.2,44760,"","","",92875,"","","",16180,"","","",3,61589,7.0,11.3,10.9,48.1,13.7,5.4,29.8,5.4,66.9,64.7,79.5,29.8,85.6,36.4
"A0999","Los Angeles","Lancaster","https://www.californiahealthmaps.org?address=A0999","Both","Kidney",307945,16.4,11.8,22.5,142230,20.5,13.9,29.7,44760,"","","",92875,"","","",16180,"","","",3,61589,7.0,11.3,10.9,48.1,13.7,5.4,29.8,5.4,66.9,64.7,79.5,29.8,85.6,36.4
"A0999","Los Angeles","Lancaster","https://www.californiahealthmaps.org?address=A0999","Both","Thyroid",307945,15.9,11.6,21.6,142230,18.6,12.0,28.0,44760,"","","",92875,"","","",16180,"","","",3,61589,7.0,11.3,10.9,48.1,13.7,5.4,29.8,5.4,66.9,64.7,79.5,29.8,85.6,36.4
"A0999","Los Angeles","Lancaster","https://www.californiahealthmaps.org?address=A0999","Both","Liver",307945,10.8,7.2,16.0,142230,9.5,5.4,16.2,44760,"","","",92875,"","","",16180,"","","",3,61589,7.0,11.3,10.9,48.1,13.7,5.4,29.8,5.4,66.9,64.7,79.5,29.8,85.6,36.4
"A0999","Los Angeles","Lancaster","https://www.californiahealthmaps.org?address=A0999","Both","Pancreas",307945,12.9,8.7,18.5,142230,12.0,7.2,19.4,44760,"","","",92875,"","","",16180,"","","",3,61589,7.0,11.3,10.9,48.1,13.7,5.4,29.8,5.4,66.9,64.7,79.5,29.8,85.6,36.4
