"Zone","Counties","Cities","URL","Sex","Cancer","PopTot","AAIR","LCI","UCI","White_PopTot","White_AAIR","White_LCI","White_UCI","Black_PopTot","Black_AAIR","Black_LCI","Black_UCI","Hispanic_PopTot","Hispanic_AAIR","Hispanic_LCI","Hispanic_UCI","Asian_PopTot","Asian_AAIR","Asian_LCI","Asian_UCI","QNSES","PopAll","PerRural","PerUninsured","PerForeignBorn","PerWhite","PerBlack","PerAsian","PerHispanic","PerAPI","PerDocvisit","PerFOBT","PerMammo","PerMenPrev","PerPap","PerWomenPrev"
"A0622","Los Angeles","West Covina, Covina","https://www.californiahealthmaps.org?address=A0622","Male","AllSite",153805,478.3,442.6,516.3,36825,549.6,486.2,624.8,"","","","",76290,501.6,432.5,580.5,31210,338.2,274.3,415.3,4,63713,0.0,14.7,29.2,23.2,3.5,21.2,50.1,21.2,"","","","","",""
"A0622","Los Angeles","West Covina, Covina","https://www.californiahealthmaps.org?address=A0622","Female","AllSite",164760,393.1,364.7,423.3,38690,436.6,380.0,504.9,"","","","",82135,400.4,352.1,454.0,34505,344.8,289.6,410.6,4,63713,0.0,14.7,29.2,23.2,3.5,21.2,50.1,21.2,"","","","","",""
"A0622","Los Angeles","West Covina, Covina","https://www.californiahealthmaps.org?address=A0622","Male","Prostate",153805,128.4,110.3,148.9,36825,123.5,97.0,162.6,"","","","",76290,162.3,123.4,211.7,31210,74.0,47.9,113.6,4,63713,0.0,14.7,29.2,23.2,3.5,21.2,50.1,21.2,"","","","","",""
"A0622","Los Angeles","West Covina, Covina","https://www.californiahealthmaps.org?address=A0622","Female","Breast",164760,128.6,112.5,146.6,38690,136.3,104.0,181.8,"","","","",82135,127.8,101.6,159.3,34505,138.4,104.0,184.1,4,63713,0.0,14.7,29.2,23.2,3.5,21.2,50.1,21.2,"","","","","",""
"A0622","Los Angeles","West Covina, Covina","https://www.californiahealthmaps.org?address=A0622","Male","Lung",153805,52.6,40.9,66.7,36825,60.8,43.2,92.2,"","","","",76290,39.8,21.6,69.5,31210,"","","",4,63713,0.0,14.7,29.2,23.2,3.5,21.2,50.1,21.2,"","","","","",""
"A0622","Los Angeles","West Covina, Covina","https://www.californiahealthmaps.org?address=A0622","Female","Lung",164760,40.4,31.8,50.9,38690,49.6,35.2,77.7,"","","","",82135,"","","",34505,39.3,22.7,68.1,4,63713,0.0,14.7,29.2,23.2,3.5,21.2,50.1,21.2,"","","","","",""
"A0622","Los Angeles","West Covina, Covina","https://www.californiahealthmaps.org?address=A0622","Male","CRC",153805,49.1,38.1,62.5,36825,53.7,35.5,86.4,"","","","",76290,59.8,35.8,95.4,31210,"","","",4,63713,0.0,14.7,29.2,23.2,3.5,21.2,50.1,21.2,"","","","","",""
"A0622","Los Angeles","West Covina, Covina","https://www.californiahealthmaps.org?address=A0622","Female","CRC",164760,31.8,24.3,41.1,38690,36.1,24.1,62.6,"","","","",82135,32.3,19.5,51.0,34505,"","","",4,63713,0.0,14.7,29.2,23.2,3.5,21.2,50.1,21.2,"","","","","",""
"A0622","Los Angeles","West Covina, Covina","https://www.californiahealthmaps.org?address=A0622","Male","Mela",153805,24.7,17.0,34.8,36825,45.9,29.9,76.6,"","","","",76290,"","","",31210,"","","",4,63713,0.0,14.7,29.2,23.2,3.5,21.2,50.1,21.2,"","","","","",""
"A0622","Los Angeles","West Covina, Covina","https://www.californiahealthmaps.org?address=A0622","Female","Mela",164760,9.3,5.2,15.5,38690,"","","","","","","",82135,"","","",34505,"","","",4,63713,0.0,14.7,29.2,23.2,3.5,21.2,50.1,21.2,"","","","","",""
"A0622","Los Angeles","West Covina, Covina","https://www.californiahealthmaps.org?address=A0622","Female","Uterine",164760,35.0,26.9,45.0,38690,38.6,25.0,66.6,"","","","",82135,28.2,16.8,45.2,34505,36.1,20.2,64.4,4,63713,0.0,14.7,29.2,23.2,3.5,21.2,50.1,21.2,"","","","","",""
"A0622","Los Angeles","West Covina, Covina","https://www.californiahealthmaps.org?address=A0622","Male","Lymph",153805,31.7,23.0,42.8,36825,27.3,16.1,54.3,"","","","",76290,31.4,18.2,54.9,31210,"","","",4,63713,0.0,14.7,29.2,23.2,3.5,21.2,50.1,21.2,"","","","","",""
"A0622","Los Angeles","West Covina, Covina","https://www.californiahealthmaps.org?address=A0622","Female","Lymph",164760,16.0,10.8,23.3,38690,"","","","","","","",82135,"","","",34505,"","","",4,63713,0.0,14.7,29.2,23.2,3.5,21.2,50.1,21.2,"","","","","",""
"A0622","Los Angeles","West Covina, Covina","https://www.californiahealthmaps.org?address=A0622","Male","Urinary",153805,20.0,13.2,29.2,36825,24.8,14.1,51.5,"","","","",76290,"","","",31210,"","","",4,63713,0.0,14.7,29.2,23.2,3.5,21.2,50.1,21.2,"","","","","",""
"A0622","Los Angeles","West Covina, Covina","https://www.californiahealthmaps.org?address=A0622","Female","Urinary",164760,"","","",38690,"","","","","","","",82135,"","","",34505,"","","",4,63713,0.0,14.7,29.2,23.2,3.5,21.2,50.1,21.2,"","","","","",""
"A0622","Los Angeles","West Covina, Covina","https://www.californiahealthmaps.org?address=A0622","Male","Kidney",153805,29.5,21.3,40.0,36825,34.7,19.4,65.6,"","","","",76290,43.7,25.5,72.7,31210,"","","",4,63713,0.0,14.7,29.2,23.2,3.5,21.2,50.1,21.2,"","","","","",""
"A0622","Los Angeles","West Covina, Covina","https://www.californiahealthmaps.org?address=A0622","Female","Kidney",164760,8.9,5.1,14.7,38690,"","","","","","","",82135,"","","",34505,"","","",4,63713,0.0,14.7,29.2,23.2,3.5,21.2,50.1,21.2,"","","","","",""
"A0622","Los Angeles","West Covina, Covina","https://www.californiahealthmaps.org?address=A0622","Male","Thyroid",153805,"","","",36825,"","","","","","","",76290,"","","",31210,"","","",4,63713,0.0,14.7,29.2,23.2,3.5,21.2,50.1,21.2,"","","","","",""
"A0622","Los Angeles","West Covina, Covina","https://www.californiahealthmaps.org?address=A0622","Female","Thyroid",164760,28.5,21.2,37.9,38690,"","","","","","","",82135,34.1,22.2,51.4,34505,"","","",4,63713,0.0,14.7,29.2,23.2,3.5,21.2,50.1,21.2,"","","","","",""
"A0622","Los Angeles","West Covina, Covina","https://www.californiahealthmaps.org?address=A0622","Male","Liver",153805,17.2,11.2,25.4,36825,"","","","","","","",76290,"","","",31210,"","","",4,63713,0.0,14.7,29.2,23.2,3.5,21.2,50.1,21.2,"","","","","",""
"A0622","Los Angeles","West Covina, Covina","https://www.californiahealthmaps.org?address=A0622","Female","Liver",164760,"","","",38690,"","","","","","","",82135,"","","",34505,"","","",4,63713,0.0,14.7,29.2,23.2,3.5,21.2,50.1,21.2,"","","","","",""
"A0622","Los Angeles","West Covina, Covina","https://www.californiahealthmaps.org?address=A0622","Male","Pancreas",153805,11.4,6.5,18.6,36825,"","","","","","","",76290,"","","",31210,"","","",4,63713,0.0,14.7,29.2,23.2,3.5,21.2,50.1,21.2,"","","","","",""
"A0622","Los Angeles","West Covina, Covina","https://www.californiahealthmaps.org?address=A0622","Female","Pancreas",164760,7.8,4.3,13.3,38690,"","","","","","","",82135,"","","",34505,"","","",4,63713,0.0,14.7,29.2,23.2,3.5,21.2,50.1,21.2,"","","","","",""
"A0622","Los Angeles","West Covina, Covina","https://www.californiahealthmaps.org?address=A0622","Both","AllSite",318565,424.5,402.4,447.6,75515,481.8,439.7,529.6,11865,370.4,268.9,509.9,158425,435.1,395.4,478.0,65715,338.7,297.0,385.9,4,63713,0.0,14.7,29.2,23.2,3.5,21.2,50.1,21.2,"","","","","",""
"A0622","Los Angeles","West Covina, Covina","https://www.californiahealthmaps.org?address=A0622","Both","Lung",318565,44.5,37.5,52.4,75515,53.1,42.0,70.6,11865,"","","",158425,30.3,20.1,44.2,65715,39.0,25.6,58.3,4,63713,0.0,14.7,29.2,23.2,3.5,21.2,50.1,21.2,"","","","","",""
"A0622","Los Angeles","West Covina, Covina","https://www.californiahealthmaps.org?address=A0622","Both","CRC",318565,38.6,32.3,46.0,75515,44.1,33.0,61.7,11865,"","","",158425,41.3,29.3,57.0,65715,33.4,21.0,51.8,4,63713,0.0,14.7,29.2,23.2,3.5,21.2,50.1,21.2,"","","","","",""
"A0622","Los Angeles","West Covina, Covina","https://www.californiahealthmaps.org?address=A0622","Both","Mela",318565,15.3,11.3,20.4,75515,30.6,20.2,48.2,11865,"","","",158425,"","","",65715,"","","",4,63713,0.0,14.7,29.2,23.2,3.5,21.2,50.1,21.2,"","","","","",""
"A0622","Los Angeles","West Covina, Covina","https://www.californiahealthmaps.org?address=A0622","Both","Lymph",318565,22.7,17.8,28.6,75515,21.0,14.1,35.2,11865,"","","",158425,23.8,15.6,35.5,65715,"","","",4,63713,0.0,14.7,29.2,23.2,3.5,21.2,50.1,21.2,"","","","","",""
"A0622","Los Angeles","West Covina, Covina","https://www.californiahealthmaps.org?address=A0622","Both","Urinary",318565,9.7,6.6,13.9,75515,12.5,7.3,25.5,11865,"","","",158425,"","","",65715,"","","",4,63713,0.0,14.7,29.2,23.2,3.5,21.2,50.1,21.2,"","","","","",""
"A0622","Los Angeles","West Covina, Covina","https://www.californiahealthmaps.org?address=A0622","Both","Kidney",318565,18.0,13.7,23.3,75515,18.9,11.1,34.3,11865,"","","",158425,26.0,17.3,38.1,65715,"","","",4,63713,0.0,14.7,29.2,23.2,3.5,21.2,50.1,21.2,"","","","","",""
"A0622","Los Angeles","West Covina, Covina","https://www.californiahealthmaps.org?address=A0622","Both","Thyroid",318565,19.2,14.7,24.6,75515,24.5,13.7,43.3,11865,"","","",158425,20.2,13.3,30.3,65715,"","","",4,63713,0.0,14.7,29.2,23.2,3.5,21.2,50.1,21.2,"","","","","",""
"A0622","Los Angeles","West Covina, Covina","https://www.californiahealthmaps.org?address=A0622","Both","Liver",318565,10.5,7.3,14.7,75515,"","","",11865,"","","",158425,"","","",65715,"","","",4,63713,0.0,14.7,29.2,23.2,3.5,21.2,50.1,21.2,"","","","","",""
"A0622","Los Angeles","West Covina, Covina","https://www.californiahealthmaps.org?address=A0622","Both","Pancreas",318565,9.4,6.4,13.5,75515,"","","",11865,"","","",158425,16.9,9.5,28.1,65715,"","","",4,63713,0.0,14.7,29.2,23.2,3.5,21.2,50.1,21.2,"","","","","",""
