"Zone","Counties","Cities","URL","Sex","Cancer","PopTot","AAIR","LCI","UCI","White_PopTot","White_AAIR","White_LCI","White_UCI","Black_PopTot","Black_AAIR","Black_LCI","Black_UCI","Hispanic_PopTot","Hispanic_AAIR","Hispanic_LCI","Hispanic_UCI","Asian_PopTot","Asian_AAIR","Asian_LCI","Asian_UCI","QNSES","PopAll","PerRural","PerUninsured","PerForeignBorn","PerWhite","PerBlack","PerAsian","PerHispanic","PerAPI","PerDocvisit","PerFOBT","PerMammo","PerMenPrev","PerPap","PerWomenPrev"
"A0052","San Bernardino","Redlands, Loma Linda, San Bernardino","https://www.californiahealthmaps.org?address=A0052","Male","AllSite",150400,444.3,403.5,488.6,36195,538.0,466.8,619.3,15645,730.6,551.2,962.0,73140,343.0,282.0,415.2,20620,278.4,200.6,380.1,1,62411,0.0,24.0,27.5,26.5,9.9,12.6,48.4,12.6,"","","","","",""
"A0052","San Bernardino","Redlands, Loma Linda, San Bernardino","https://www.californiahealthmaps.org?address=A0052","Female","AllSite",161655,400.6,367.0,436.6,39640,428.9,370.8,496.8,18865,421.1,314.4,561.9,75175,416.8,358.3,483.1,22875,316.0,245.3,402.6,1,62411,0.0,24.0,27.5,26.5,9.9,12.6,48.4,12.6,"","","","","",""
"A0052","San Bernardino","Redlands, Loma Linda, San Bernardino","https://www.californiahealthmaps.org?address=A0052","Male","Prostate",150400,113.6,93.3,137.5,36195,114.1,83.0,155.8,15645,300.1,190.0,465.2,73140,86.9,57.8,127.9,20620,"","","",1,62411,0.0,24.0,27.5,26.5,9.9,12.6,48.4,12.6,"","","","","",""
"A0052","San Bernardino","Redlands, Loma Linda, San Bernardino","https://www.californiahealthmaps.org?address=A0052","Female","Breast",161655,135.8,116.6,157.4,39640,126.6,96.4,167.1,18865,184.5,118.2,286.2,75175,147.1,113.9,188.2,22875,103.4,65.3,158.0,1,62411,0.0,24.0,27.5,26.5,9.9,12.6,48.4,12.6,"","","","","",""
"A0052","San Bernardino","Redlands, Loma Linda, San Bernardino","https://www.californiahealthmaps.org?address=A0052","Male","Lung",150400,46.9,34.0,63.6,36195,62.7,40.1,96.5,15645,"","","",73140,"","","",20620,"","","",1,62411,0.0,24.0,27.5,26.5,9.9,12.6,48.4,12.6,"","","","","",""
"A0052","San Bernardino","Redlands, Loma Linda, San Bernardino","https://www.californiahealthmaps.org?address=A0052","Female","Lung",161655,42.6,31.9,55.9,39640,71.6,49.2,105.0,18865,"","","",75175,"","","",22875,"","","",1,62411,0.0,24.0,27.5,26.5,9.9,12.6,48.4,12.6,"","","","","",""
"A0052","San Bernardino","Redlands, Loma Linda, San Bernardino","https://www.californiahealthmaps.org?address=A0052","Male","CRC",150400,48.7,35.9,65.1,36195,50.3,30.8,81.0,15645,"","","",73140,41.1,22.1,72.6,20620,"","","",1,62411,0.0,24.0,27.5,26.5,9.9,12.6,48.4,12.6,"","","","","",""
"A0052","San Bernardino","Redlands, Loma Linda, San Bernardino","https://www.californiahealthmaps.org?address=A0052","Female","CRC",161655,30.9,22.2,42.3,39640,32.9,19.0,58.3,18865,"","","",75175,"","","",22875,"","","",1,62411,0.0,24.0,27.5,26.5,9.9,12.6,48.4,12.6,"","","","","",""
"A0052","San Bernardino","Redlands, Loma Linda, San Bernardino","https://www.californiahealthmaps.org?address=A0052","Male","Mela",150400,15.9,8.9,26.8,36195,36.6,20.2,64.5,15645,"","","",73140,"","","",20620,"","","",1,62411,0.0,24.0,27.5,26.5,9.9,12.6,48.4,12.6,"","","","","",""
"A0052","San Bernardino","Redlands, Loma Linda, San Bernardino","https://www.californiahealthmaps.org?address=A0052","Female","Mela",161655,"","","",39640,"","","",18865,"","","",75175,"","","",22875,"","","",1,62411,0.0,24.0,27.5,26.5,9.9,12.6,48.4,12.6,"","","","","",""
"A0052","San Bernardino","Redlands, Loma Linda, San Bernardino","https://www.californiahealthmaps.org?address=A0052","Female","Uterine",161655,26.7,18.6,37.4,39640,"","","",18865,"","","",75175,"","","",22875,"","","",1,62411,0.0,24.0,27.5,26.5,9.9,12.6,48.4,12.6,"","","","","",""
"A0052","San Bernardino","Redlands, Loma Linda, San Bernardino","https://www.californiahealthmaps.org?address=A0052","Male","Lymph",150400,18.8,11.0,30.4,36195,"","","",15645,"","","",73140,"","","",20620,"","","",1,62411,0.0,24.0,27.5,26.5,9.9,12.6,48.4,12.6,"","","","","",""
"A0052","San Bernardino","Redlands, Loma Linda, San Bernardino","https://www.californiahealthmaps.org?address=A0052","Female","Lymph",161655,12.4,7.2,20.2,39640,"","","",18865,"","","",75175,"","","",22875,"","","",1,62411,0.0,24.0,27.5,26.5,9.9,12.6,48.4,12.6,"","","","","",""
"A0052","San Bernardino","Redlands, Loma Linda, San Bernardino","https://www.californiahealthmaps.org?address=A0052","Male","Urinary",150400,"","","",36195,"","","",15645,"","","",73140,"","","",20620,"","","",1,62411,0.0,24.0,27.5,26.5,9.9,12.6,48.4,12.6,"","","","","",""
"A0052","San Bernardino","Redlands, Loma Linda, San Bernardino","https://www.californiahealthmaps.org?address=A0052","Female","Urinary",161655,"","","",39640,"","","",18865,"","","",75175,"","","",22875,"","","",1,62411,0.0,24.0,27.5,26.5,9.9,12.6,48.4,12.6,"","","","","",""
"A0052","San Bernardino","Redlands, Loma Linda, San Bernardino","https://www.californiahealthmaps.org?address=A0052","Male","Kidney",150400,21.3,13.2,33.2,36195,"","","",15645,"","","",73140,"","","",20620,"","","",1,62411,0.0,24.0,27.5,26.5,9.9,12.6,48.4,12.6,"","","","","",""
"A0052","San Bernardino","Redlands, Loma Linda, San Bernardino","https://www.californiahealthmaps.org?address=A0052","Female","Kidney",161655,"","","",39640,"","","",18865,"","","",75175,"","","",22875,"","","",1,62411,0.0,24.0,27.5,26.5,9.9,12.6,48.4,12.6,"","","","","",""
"A0052","San Bernardino","Redlands, Loma Linda, San Bernardino","https://www.californiahealthmaps.org?address=A0052","Male","Thyroid",150400,"","","",36195,"","","",15645,"","","",73140,"","","",20620,"","","",1,62411,0.0,24.0,27.5,26.5,9.9,12.6,48.4,12.6,"","","","","",""
"A0052","San Bernardino","Redlands, Loma Linda, San Bernardino","https://www.californiahealthmaps.org?address=A0052","Female","Thyroid",161655,22.0,14.9,31.6,39640,"","","",18865,"","","",75175,30.2,17.4,50.9,22875,"","","",1,62411,0.0,24.0,27.5,26.5,9.9,12.6,48.4,12.6,"","","","","",""
"A0052","San Bernardino","Redlands, Loma Linda, San Bernardino","https://www.californiahealthmaps.org?address=A0052","Male","Liver",150400,18.1,10.8,29.0,36195,"","","",15645,"","","",73140,"","","",20620,"","","",1,62411,0.0,24.0,27.5,26.5,9.9,12.6,48.4,12.6,"","","","","",""
"A0052","San Bernardino","Redlands, Loma Linda, San Bernardino","https://www.californiahealthmaps.org?address=A0052","Female","Liver",161655,"","","",39640,"","","",18865,"","","",75175,"","","",22875,"","","",1,62411,0.0,24.0,27.5,26.5,9.9,12.6,48.4,12.6,"","","","","",""
"A0052","San Bernardino","Redlands, Loma Linda, San Bernardino","https://www.californiahealthmaps.org?address=A0052","Male","Pancreas",150400,"","","",36195,"","","",15645,"","","",73140,"","","",20620,"","","",1,62411,0.0,24.0,27.5,26.5,9.9,12.6,48.4,12.6,"","","","","",""
"A0052","San Bernardino","Redlands, Loma Linda, San Bernardino","https://www.californiahealthmaps.org?address=A0052","Female","Pancreas",161655,"","","",39640,"","","",18865,"","","",75175,"","","",22875,"","","",1,62411,0.0,24.0,27.5,26.5,9.9,12.6,48.4,12.6,"","","","","",""
"A0052","San Bernardino","Redlands, Loma Linda, San Bernardino","https://www.californiahealthmaps.org?address=A0052","Both","AllSite",312055,415.6,389.8,442.8,75835,471.4,426.3,521.3,34510,550.1,450.6,669.7,148315,382.8,340.1,430.1,43495,293.6,241.4,355.1,1,62411,0.0,24.0,27.5,26.5,9.9,12.6,48.4,12.6,"","","","","",""
"A0052","San Bernardino","Redlands, Loma Linda, San Bernardino","https://www.californiahealthmaps.org?address=A0052","Both","Lung",312055,44.0,35.7,53.8,75835,66.7,50.5,88.1,34510,"","","",148315,23.4,13.5,38.3,43495,"","","",1,62411,0.0,24.0,27.5,26.5,9.9,12.6,48.4,12.6,"","","","","",""
"A0052","San Bernardino","Redlands, Loma Linda, San Bernardino","https://www.californiahealthmaps.org?address=A0052","Both","CRC",312055,38.6,31.0,47.6,75835,40.5,28.6,57.8,34510,"","","",148315,32.7,21.0,49.3,43495,39.9,22.2,67.7,1,62411,0.0,24.0,27.5,26.5,9.9,12.6,48.4,12.6,"","","","","",""
"A0052","San Bernardino","Redlands, Loma Linda, San Bernardino","https://www.californiahealthmaps.org?address=A0052","Both","Mela",312055,10.9,7.1,16.3,75835,26.4,16.9,41.4,34510,"","","",148315,"","","",43495,"","","",1,62411,0.0,24.0,27.5,26.5,9.9,12.6,48.4,12.6,"","","","","",""
"A0052","San Bernardino","Redlands, Loma Linda, San Bernardino","https://www.californiahealthmaps.org?address=A0052","Both","Lymph",312055,14.9,10.3,21.0,75835,"","","",34510,"","","",148315,25.7,15.2,41.2,43495,"","","",1,62411,0.0,24.0,27.5,26.5,9.9,12.6,48.4,12.6,"","","","","",""
"A0052","San Bernardino","Redlands, Loma Linda, San Bernardino","https://www.californiahealthmaps.org?address=A0052","Both","Urinary",312055,6.7,3.7,11.3,75835,"","","",34510,"","","",148315,"","","",43495,"","","",1,62411,0.0,24.0,27.5,26.5,9.9,12.6,48.4,12.6,"","","","","",""
"A0052","San Bernardino","Redlands, Loma Linda, San Bernardino","https://www.californiahealthmaps.org?address=A0052","Both","Kidney",312055,14.4,9.9,20.5,75835,"","","",34510,"","","",148315,"","","",43495,"","","",1,62411,0.0,24.0,27.5,26.5,9.9,12.6,48.4,12.6,"","","","","",""
"A0052","San Bernardino","Redlands, Loma Linda, San Bernardino","https://www.californiahealthmaps.org?address=A0052","Both","Thyroid",312055,14.1,9.9,19.8,75835,"","","",34510,"","","",148315,19.7,11.7,32.2,43495,"","","",1,62411,0.0,24.0,27.5,26.5,9.9,12.6,48.4,12.6,"","","","","",""
"A0052","San Bernardino","Redlands, Loma Linda, San Bernardino","https://www.californiahealthmaps.org?address=A0052","Both","Liver",312055,11.7,7.7,17.3,75835,"","","",34510,"","","",148315,"","","",43495,"","","",1,62411,0.0,24.0,27.5,26.5,9.9,12.6,48.4,12.6,"","","","","",""
"A0052","San Bernardino","Redlands, Loma Linda, San Bernardino","https://www.californiahealthmaps.org?address=A0052","Both","Pancreas",312055,10.3,6.6,15.5,75835,"","","",34510,"","","",148315,"","","",43495,"","","",1,62411,0.0,24.0,27.5,26.5,9.9,12.6,48.4,12.6,"","","","","",""
