"Zone","Counties","Cities","URL","Sex","Cancer","PopTot","AAIR","LCI","UCI","White_PopTot","White_AAIR","White_LCI","White_UCI","Black_PopTot","Black_AAIR","Black_LCI","Black_UCI","Hispanic_PopTot","Hispanic_AAIR","Hispanic_LCI","Hispanic_UCI","Asian_PopTot","Asian_AAIR","Asian_LCI","Asian_UCI","QNSES","PopAll","PerRural","PerUninsured","PerForeignBorn","PerWhite","PerBlack","PerAsian","PerHispanic","PerAPI","PerDocvisit","PerFOBT","PerMammo","PerMenPrev","PerPap","PerWomenPrev"
"A0745","Kern","Arvin, Bakersfield","https://www.californiahealthmaps.org?address=A0745","Male","AllSite",170710,343.8,303.6,388.9,18700,441.6,352.5,551.2,"","","","",140960,300.3,253.1,355.7,"","","","",1,66246,6.8,31.3,39.3,11.2,2.3,3.8,81.5,3.8,"","","","","",""
"A0745","Kern","Arvin, Bakersfield","https://www.californiahealthmaps.org?address=A0745","Female","AllSite",160520,308.6,273.8,347.2,19230,286.1,221.4,368.3,"","","","",129925,324.6,278.1,378.7,"","","","",1,66246,6.8,31.3,39.3,11.2,2.3,3.8,81.5,3.8,"","","","","",""
"A0745","Kern","Arvin, Bakersfield","https://www.californiahealthmaps.org?address=A0745","Male","Prostate",170710,76.3,57.2,100.8,18700,70.2,38.2,125.1,"","","","",140960,70.3,48.0,101.5,"","","","",1,66246,6.8,31.3,39.3,11.2,2.3,3.8,81.5,3.8,"","","","","",""
"A0745","Kern","Arvin, Bakersfield","https://www.californiahealthmaps.org?address=A0745","Female","Breast",160520,79.6,62.9,100.4,19230,83.6,51.1,134.9,"","","","",129925,82.9,61.8,112.0,"","","","",1,66246,6.8,31.3,39.3,11.2,2.3,3.8,81.5,3.8,"","","","","",""
"A0745","Kern","Arvin, Bakersfield","https://www.californiahealthmaps.org?address=A0745","Male","Lung",170710,45.6,30.8,66.1,18700,"","","","","","","",140960,43.5,25.0,71.8,"","","","",1,66246,6.8,31.3,39.3,11.2,2.3,3.8,81.5,3.8,"","","","","",""
"A0745","Kern","Arvin, Bakersfield","https://www.californiahealthmaps.org?address=A0745","Female","Lung",160520,19.5,11.2,32.6,19230,"","","","","","","",129925,"","","","","","","",1,66246,6.8,31.3,39.3,11.2,2.3,3.8,81.5,3.8,"","","","","",""
"A0745","Kern","Arvin, Bakersfield","https://www.californiahealthmaps.org?address=A0745","Male","CRC",170710,37.7,26.0,54.6,18700,"","","","","","","",140960,25.0,14.2,44.5,"","","","",1,66246,6.8,31.3,39.3,11.2,2.3,3.8,81.5,3.8,"","","","","",""
"A0745","Kern","Arvin, Bakersfield","https://www.californiahealthmaps.org?address=A0745","Female","CRC",160520,23.4,14.8,36.3,19230,"","","","","","","",129925,20.9,11.3,39.5,"","","","",1,66246,6.8,31.3,39.3,11.2,2.3,3.8,81.5,3.8,"","","","","",""
"A0745","Kern","Arvin, Bakersfield","https://www.californiahealthmaps.org?address=A0745","Male","Mela",170710,"","","",18700,"","","","","","","",140960,"","","","","","","",1,66246,6.8,31.3,39.3,11.2,2.3,3.8,81.5,3.8,"","","","","",""
"A0745","Kern","Arvin, Bakersfield","https://www.californiahealthmaps.org?address=A0745","Female","Mela",160520,"","","",19230,"","","","","","","",129925,"","","","","","","",1,66246,6.8,31.3,39.3,11.2,2.3,3.8,81.5,3.8,"","","","","",""
"A0745","Kern","Arvin, Bakersfield","https://www.californiahealthmaps.org?address=A0745","Female","Uterine",160520,18.8,11.5,30.2,19230,"","","","","","","",129925,"","","","","","","",1,66246,6.8,31.3,39.3,11.2,2.3,3.8,81.5,3.8,"","","","","",""
"A0745","Kern","Arvin, Bakersfield","https://www.californiahealthmaps.org?address=A0745","Male","Lymph",170710,17.7,10.3,30.6,18700,"","","","","","","",140960,"","","","","","","",1,66246,6.8,31.3,39.3,11.2,2.3,3.8,81.5,3.8,"","","","","",""
"A0745","Kern","Arvin, Bakersfield","https://www.californiahealthmaps.org?address=A0745","Female","Lymph",160520,20.5,12.1,33.6,19230,"","","","","","","",129925,29.9,15.7,53.9,"","","","",1,66246,6.8,31.3,39.3,11.2,2.3,3.8,81.5,3.8,"","","","","",""
"A0745","Kern","Arvin, Bakersfield","https://www.californiahealthmaps.org?address=A0745","Male","Urinary",170710,"","","",18700,"","","","","","","",140960,"","","","","","","",1,66246,6.8,31.3,39.3,11.2,2.3,3.8,81.5,3.8,"","","","","",""
"A0745","Kern","Arvin, Bakersfield","https://www.californiahealthmaps.org?address=A0745","Female","Urinary",160520,"","","",19230,"","","","","","","",129925,"","","","","","","",1,66246,6.8,31.3,39.3,11.2,2.3,3.8,81.5,3.8,"","","","","",""
"A0745","Kern","Arvin, Bakersfield","https://www.californiahealthmaps.org?address=A0745","Male","Kidney",170710,19.1,10.8,33.0,18700,"","","","","","","",140960,"","","","","","","",1,66246,6.8,31.3,39.3,11.2,2.3,3.8,81.5,3.8,"","","","","",""
"A0745","Kern","Arvin, Bakersfield","https://www.californiahealthmaps.org?address=A0745","Female","Kidney",160520,"","","",19230,"","","","","","","",129925,"","","","","","","",1,66246,6.8,31.3,39.3,11.2,2.3,3.8,81.5,3.8,"","","","","",""
"A0745","Kern","Arvin, Bakersfield","https://www.californiahealthmaps.org?address=A0745","Male","Thyroid",170710,"","","",18700,"","","","","","","",140960,"","","","","","","",1,66246,6.8,31.3,39.3,11.2,2.3,3.8,81.5,3.8,"","","","","",""
"A0745","Kern","Arvin, Bakersfield","https://www.californiahealthmaps.org?address=A0745","Female","Thyroid",160520,20.1,12.6,31.7,19230,"","","","","","","",129925,25.4,14.8,44.6,"","","","",1,66246,6.8,31.3,39.3,11.2,2.3,3.8,81.5,3.8,"","","","","",""
"A0745","Kern","Arvin, Bakersfield","https://www.californiahealthmaps.org?address=A0745","Male","Liver",170710,15.9,8.6,28.8,18700,"","","","","","","",140960,"","","","","","","",1,66246,6.8,31.3,39.3,11.2,2.3,3.8,81.5,3.8,"","","","","",""
"A0745","Kern","Arvin, Bakersfield","https://www.californiahealthmaps.org?address=A0745","Female","Liver",160520,"","","",19230,"","","","","","","",129925,"","","","","","","",1,66246,6.8,31.3,39.3,11.2,2.3,3.8,81.5,3.8,"","","","","",""
"A0745","Kern","Arvin, Bakersfield","https://www.californiahealthmaps.org?address=A0745","Male","Pancreas",170710,"","","",18700,"","","","","","","",140960,"","","","","","","",1,66246,6.8,31.3,39.3,11.2,2.3,3.8,81.5,3.8,"","","","","",""
"A0745","Kern","Arvin, Bakersfield","https://www.californiahealthmaps.org?address=A0745","Female","Pancreas",160520,"","","",19230,"","","","","","","",129925,"","","","","","","",1,66246,6.8,31.3,39.3,11.2,2.3,3.8,81.5,3.8,"","","","","",""
"A0745","Kern","Arvin, Bakersfield","https://www.californiahealthmaps.org?address=A0745","Both","AllSite",331230,323.8,297.4,352.3,37930,353.7,300.1,416.4,"","","","",270885,312.5,278.9,349.9,10680,215.3,131.1,344.7,1,66246,6.8,31.3,39.3,11.2,2.3,3.8,81.5,3.8,"","","","","",""
"A0745","Kern","Arvin, Bakersfield","https://www.californiahealthmaps.org?address=A0745","Both","Lung",331230,31.5,23.2,42.3,37930,45.3,28.6,71.6,"","","","",270885,28.0,17.6,43.3,10680,"","","",1,66246,6.8,31.3,39.3,11.2,2.3,3.8,81.5,3.8,"","","","","",""
"A0745","Kern","Arvin, Bakersfield","https://www.californiahealthmaps.org?address=A0745","Both","CRC",331230,30.4,23.0,39.9,37930,35.7,19.9,62.0,"","","","",270885,22.9,15.4,34.6,10680,"","","",1,66246,6.8,31.3,39.3,11.2,2.3,3.8,81.5,3.8,"","","","","",""
"A0745","Kern","Arvin, Bakersfield","https://www.californiahealthmaps.org?address=A0745","Both","Mela",331230,"","","",37930,"","","","","","","",270885,"","","",10680,"","","",1,66246,6.8,31.3,39.3,11.2,2.3,3.8,81.5,3.8,"","","","","",""
"A0745","Kern","Arvin, Bakersfield","https://www.californiahealthmaps.org?address=A0745","Both","Lymph",331230,19.8,13.7,28.2,37930,"","","","","","","",270885,23.1,14.3,36.5,10680,"","","",1,66246,6.8,31.3,39.3,11.2,2.3,3.8,81.5,3.8,"","","","","",""
"A0745","Kern","Arvin, Bakersfield","https://www.californiahealthmaps.org?address=A0745","Both","Urinary",331230,"","","",37930,"","","","","","","",270885,"","","",10680,"","","",1,66246,6.8,31.3,39.3,11.2,2.3,3.8,81.5,3.8,"","","","","",""
"A0745","Kern","Arvin, Bakersfield","https://www.californiahealthmaps.org?address=A0745","Both","Kidney",331230,13.8,8.9,21.0,37930,"","","","","","","",270885,16.9,9.9,28.3,10680,"","","",1,66246,6.8,31.3,39.3,11.2,2.3,3.8,81.5,3.8,"","","","","",""
"A0745","Kern","Arvin, Bakersfield","https://www.californiahealthmaps.org?address=A0745","Both","Thyroid",331230,11.5,7.4,17.8,37930,"","","","","","","",270885,14.9,9.0,25.1,10680,"","","",1,66246,6.8,31.3,39.3,11.2,2.3,3.8,81.5,3.8,"","","","","",""
"A0745","Kern","Arvin, Bakersfield","https://www.californiahealthmaps.org?address=A0745","Both","Liver",331230,10.5,6.3,17.1,37930,"","","","","","","",270885,"","","",10680,"","","",1,66246,6.8,31.3,39.3,11.2,2.3,3.8,81.5,3.8,"","","","","",""
"A0745","Kern","Arvin, Bakersfield","https://www.californiahealthmaps.org?address=A0745","Both","Pancreas",331230,10.7,6.0,17.9,37930,"","","","","","","",270885,"","","",10680,"","","",1,66246,6.8,31.3,39.3,11.2,2.3,3.8,81.5,3.8,"","","","","",""
