"Zone","Counties","Cities","URL","Sex","Cancer","PopTot","AAIR","LCI","UCI","White_PopTot","White_AAIR","White_LCI","White_UCI","Black_PopTot","Black_AAIR","Black_LCI","Black_UCI","Hispanic_PopTot","Hispanic_AAIR","Hispanic_LCI","Hispanic_UCI","Asian_PopTot","Asian_AAIR","Asian_LCI","Asian_UCI","QNSES","PopAll","PerRural","PerUninsured","PerForeignBorn","PerWhite","PerBlack","PerAsian","PerHispanic","PerAPI","PerDocvisit","PerFOBT","PerMammo","PerMenPrev","PerPap","PerWomenPrev"
"A0505","Los Angeles","Los Angeles","https://www.californiahealthmaps.org?address=A0505","Male","AllSite",156355,481.7,445.1,521.2,91510,523.8,476.5,576.6,"","","","",29855,312.7,240.3,403.0,22080,349.8,265.1,459.1,5,62458,0.0,13.7,26.9,56.9,4.0,16.4,18.4,16.4,65.7,70.0,81.0,33.5,86.7,39.8
"A0505","Los Angeles","Los Angeles","https://www.californiahealthmaps.org?address=A0505","Female","AllSite",155935,435.9,404.3,470.0,84990,462.6,421.2,509.5,"","","","",31435,429.5,355.9,515.2,26530,388.2,308.4,492.6,5,62458,0.0,13.7,26.9,56.9,4.0,16.4,18.4,16.4,65.7,70.0,81.0,33.5,86.7,39.8
"A0505","Los Angeles","Los Angeles","https://www.californiahealthmaps.org?address=A0505","Male","Prostate",156355,114.0,96.6,134.2,91510,113.5,92.6,140.3,"","","","",29855,"","","",22080,92.9,51.7,161.2,5,62458,0.0,13.7,26.9,56.9,4.0,16.4,18.4,16.4,65.7,70.0,81.0,33.5,86.7,39.8
"A0505","Los Angeles","Los Angeles","https://www.californiahealthmaps.org?address=A0505","Female","Breast",155935,142.6,125.0,162.7,84990,157.5,134.3,186.5,"","","","",31435,99.4,66.7,144.5,26530,114.9,74.9,181.9,5,62458,0.0,13.7,26.9,56.9,4.0,16.4,18.4,16.4,65.7,70.0,81.0,33.5,86.7,39.8
"A0505","Los Angeles","Los Angeles","https://www.californiahealthmaps.org?address=A0505","Male","Lung",156355,37.6,27.5,50.7,91510,44.4,31.1,64.1,"","","","",29855,"","","",22080,"","","",5,62458,0.0,13.7,26.9,56.9,4.0,16.4,18.4,16.4,65.7,70.0,81.0,33.5,86.7,39.8
"A0505","Los Angeles","Los Angeles","https://www.californiahealthmaps.org?address=A0505","Female","Lung",155935,32.9,24.6,44.1,84990,39.1,27.7,57.3,"","","","",31435,"","","",26530,"","","",5,62458,0.0,13.7,26.9,56.9,4.0,16.4,18.4,16.4,65.7,70.0,81.0,33.5,86.7,39.8
"A0505","Los Angeles","Los Angeles","https://www.californiahealthmaps.org?address=A0505","Male","CRC",156355,41.0,31.0,54.0,91510,41.6,29.4,60.1,"","","","",29855,"","","",22080,"","","",5,62458,0.0,13.7,26.9,56.9,4.0,16.4,18.4,16.4,65.7,70.0,81.0,33.5,86.7,39.8
"A0505","Los Angeles","Los Angeles","https://www.californiahealthmaps.org?address=A0505","Female","CRC",155935,37.0,28.2,48.5,84990,28.9,19.5,45.4,"","","","",31435,63.4,37.3,102.4,26530,"","","",5,62458,0.0,13.7,26.9,56.9,4.0,16.4,18.4,16.4,65.7,70.0,81.0,33.5,86.7,39.8
"A0505","Los Angeles","Los Angeles","https://www.californiahealthmaps.org?address=A0505","Male","Mela",156355,41.2,31.1,54.2,91510,57.6,42.8,78.7,"","","","",29855,"","","",22080,"","","",5,62458,0.0,13.7,26.9,56.9,4.0,16.4,18.4,16.4,65.7,70.0,81.0,33.5,86.7,39.8
"A0505","Los Angeles","Los Angeles","https://www.californiahealthmaps.org?address=A0505","Female","Mela",155935,23.8,16.9,33.5,84990,32.5,22.4,49.4,"","","","",31435,"","","",26530,"","","",5,62458,0.0,13.7,26.9,56.9,4.0,16.4,18.4,16.4,65.7,70.0,81.0,33.5,86.7,39.8
"A0505","Los Angeles","Los Angeles","https://www.californiahealthmaps.org?address=A0505","Female","Uterine",155935,24.9,17.8,34.8,84990,23.4,15.0,39.1,"","","","",31435,"","","",26530,"","","",5,62458,0.0,13.7,26.9,56.9,4.0,16.4,18.4,16.4,65.7,70.0,81.0,33.5,86.7,39.8
"A0505","Los Angeles","Los Angeles","https://www.californiahealthmaps.org?address=A0505","Male","Lymph",156355,23.8,16.3,34.2,91510,30.2,20.0,47.0,"","","","",29855,"","","",22080,"","","",5,62458,0.0,13.7,26.9,56.9,4.0,16.4,18.4,16.4,65.7,70.0,81.0,33.5,86.7,39.8
"A0505","Los Angeles","Los Angeles","https://www.californiahealthmaps.org?address=A0505","Female","Lymph",155935,19.5,13.0,28.8,84990,18.1,9.5,34.6,"","","","",31435,"","","",26530,"","","",5,62458,0.0,13.7,26.9,56.9,4.0,16.4,18.4,16.4,65.7,70.0,81.0,33.5,86.7,39.8
"A0505","Los Angeles","Los Angeles","https://www.californiahealthmaps.org?address=A0505","Male","Urinary",156355,22.3,14.7,33.1,91510,24.1,14.7,40.3,"","","","",29855,"","","",22080,"","","",5,62458,0.0,13.7,26.9,56.9,4.0,16.4,18.4,16.4,65.7,70.0,81.0,33.5,86.7,39.8
"A0505","Los Angeles","Los Angeles","https://www.californiahealthmaps.org?address=A0505","Female","Urinary",155935,"","","",84990,"","","","","","","",31435,"","","",26530,"","","",5,62458,0.0,13.7,26.9,56.9,4.0,16.4,18.4,16.4,65.7,70.0,81.0,33.5,86.7,39.8
"A0505","Los Angeles","Los Angeles","https://www.californiahealthmaps.org?address=A0505","Male","Kidney",156355,19.2,12.4,29.0,91510,18.2,10.3,33.2,"","","","",29855,"","","",22080,"","","",5,62458,0.0,13.7,26.9,56.9,4.0,16.4,18.4,16.4,65.7,70.0,81.0,33.5,86.7,39.8
"A0505","Los Angeles","Los Angeles","https://www.californiahealthmaps.org?address=A0505","Female","Kidney",155935,"","","",84990,"","","","","","","",31435,"","","",26530,"","","",5,62458,0.0,13.7,26.9,56.9,4.0,16.4,18.4,16.4,65.7,70.0,81.0,33.5,86.7,39.8
"A0505","Los Angeles","Los Angeles","https://www.californiahealthmaps.org?address=A0505","Male","Thyroid",156355,"","","",91510,"","","","","","","",29855,"","","",22080,"","","",5,62458,0.0,13.7,26.9,56.9,4.0,16.4,18.4,16.4,65.7,70.0,81.0,33.5,86.7,39.8
"A0505","Los Angeles","Los Angeles","https://www.californiahealthmaps.org?address=A0505","Female","Thyroid",155935,25.4,18.4,35.2,84990,27.9,18.4,44.5,"","","","",31435,"","","",26530,"","","",5,62458,0.0,13.7,26.9,56.9,4.0,16.4,18.4,16.4,65.7,70.0,81.0,33.5,86.7,39.8
"A0505","Los Angeles","Los Angeles","https://www.californiahealthmaps.org?address=A0505","Male","Liver",156355,10.5,5.8,18.3,91510,"","","","","","","",29855,"","","",22080,"","","",5,62458,0.0,13.7,26.9,56.9,4.0,16.4,18.4,16.4,65.7,70.0,81.0,33.5,86.7,39.8
"A0505","Los Angeles","Los Angeles","https://www.californiahealthmaps.org?address=A0505","Female","Liver",155935,"","","",84990,"","","","","","","",31435,"","","",26530,"","","",5,62458,0.0,13.7,26.9,56.9,4.0,16.4,18.4,16.4,65.7,70.0,81.0,33.5,86.7,39.8
"A0505","Los Angeles","Los Angeles","https://www.californiahealthmaps.org?address=A0505","Male","Pancreas",156355,15.0,9.1,24.2,91510,"","","","","","","",29855,"","","",22080,"","","",5,62458,0.0,13.7,26.9,56.9,4.0,16.4,18.4,16.4,65.7,70.0,81.0,33.5,86.7,39.8
"A0505","Los Angeles","Los Angeles","https://www.californiahealthmaps.org?address=A0505","Female","Pancreas",155935,10.3,5.8,18.0,84990,"","","","","","","",31435,"","","",26530,"","","",5,62458,0.0,13.7,26.9,56.9,4.0,16.4,18.4,16.4,65.7,70.0,81.0,33.5,86.7,39.8
"A0505","Los Angeles","Los Angeles","https://www.californiahealthmaps.org?address=A0505","Both","AllSite",312290,452.2,428.4,477.3,176500,485.5,454.5,519.1,12590,571.6,434.2,744.1,61290,373.2,321.1,431.9,48610,369.2,310.3,439.8,5,62458,0.0,13.7,26.9,56.9,4.0,16.4,18.4,16.4,65.7,70.0,81.0,33.5,86.7,39.8
"A0505","Los Angeles","Los Angeles","https://www.californiahealthmaps.org?address=A0505","Both","Lung",312290,34.8,28.3,42.7,176500,41.2,32.4,53.0,12590,"","","",61290,"","","",48610,"","","",5,62458,0.0,13.7,26.9,56.9,4.0,16.4,18.4,16.4,65.7,70.0,81.0,33.5,86.7,39.8
"A0505","Los Angeles","Los Angeles","https://www.californiahealthmaps.org?address=A0505","Both","CRC",312290,39.2,32.4,47.4,176500,35.8,27.8,46.7,12590,"","","",61290,52.6,34.1,78.1,48610,44.6,25.3,77.9,5,62458,0.0,13.7,26.9,56.9,4.0,16.4,18.4,16.4,65.7,70.0,81.0,33.5,86.7,39.8
"A0505","Los Angeles","Los Angeles","https://www.californiahealthmaps.org?address=A0505","Both","Mela",312290,31.4,25.4,38.7,176500,43.6,34.8,55.3,12590,"","","",61290,"","","",48610,"","","",5,62458,0.0,13.7,26.9,56.9,4.0,16.4,18.4,16.4,65.7,70.0,81.0,33.5,86.7,39.8
"A0505","Los Angeles","Los Angeles","https://www.californiahealthmaps.org?address=A0505","Both","Lymph",312290,21.5,16.5,27.9,176500,23.8,17.0,33.8,12590,"","","",61290,"","","",48610,"","","",5,62458,0.0,13.7,26.9,56.9,4.0,16.4,18.4,16.4,65.7,70.0,81.0,33.5,86.7,39.8
"A0505","Los Angeles","Los Angeles","https://www.californiahealthmaps.org?address=A0505","Both","Urinary",312290,10.7,7.2,15.7,176500,11.3,7.0,19.0,12590,"","","",61290,"","","",48610,"","","",5,62458,0.0,13.7,26.9,56.9,4.0,16.4,18.4,16.4,65.7,70.0,81.0,33.5,86.7,39.8
"A0505","Los Angeles","Los Angeles","https://www.californiahealthmaps.org?address=A0505","Both","Kidney",312290,12.0,8.3,17.0,176500,10.6,6.4,18.1,12590,"","","",61290,"","","",48610,"","","",5,62458,0.0,13.7,26.9,56.9,4.0,16.4,18.4,16.4,65.7,70.0,81.0,33.5,86.7,39.8
"A0505","Los Angeles","Los Angeles","https://www.californiahealthmaps.org?address=A0505","Both","Thyroid",312290,16.6,12.5,22.1,176500,17.9,12.5,26.5,12590,"","","",61290,"","","",48610,"","","",5,62458,0.0,13.7,26.9,56.9,4.0,16.4,18.4,16.4,65.7,70.0,81.0,33.5,86.7,39.8
"A0505","Los Angeles","Los Angeles","https://www.californiahealthmaps.org?address=A0505","Both","Liver",312290,7.3,4.6,11.5,176500,"","","",12590,"","","",61290,"","","",48610,"","","",5,62458,0.0,13.7,26.9,56.9,4.0,16.4,18.4,16.4,65.7,70.0,81.0,33.5,86.7,39.8
"A0505","Los Angeles","Los Angeles","https://www.californiahealthmaps.org?address=A0505","Both","Pancreas",312290,12.6,8.8,18.0,176500,13.3,8.4,21.6,12590,"","","",61290,"","","",48610,"","","",5,62458,0.0,13.7,26.9,56.9,4.0,16.4,18.4,16.4,65.7,70.0,81.0,33.5,86.7,39.8
