"Zone","Counties","Cities","URL","Sex","Cancer","PopTot","AAIR","LCI","UCI","White_PopTot","White_AAIR","White_LCI","White_UCI","Black_PopTot","Black_AAIR","Black_LCI","Black_UCI","Hispanic_PopTot","Hispanic_AAIR","Hispanic_LCI","Hispanic_UCI","Asian_PopTot","Asian_AAIR","Asian_LCI","Asian_UCI","QNSES","PopAll","PerRural","PerUninsured","PerForeignBorn","PerWhite","PerBlack","PerAsian","PerHispanic"
"A0424","San Bernardino","Redlands, Yucaipa","https://www.californiahealthmaps.org?address=A0424","Male","AllSite",173840,477.2,446.6,509.5,114695,492.6,457.5,530.4,"","","","",42810,479.0,393.4,579.6,"","","","",3,71996,2.7,15.1,11.3,65.2,2.3,4.4,25.3
"A0424","San Bernardino","Redlands, Yucaipa","https://www.californiahealthmaps.org?address=A0424","Female","AllSite",186140,398.8,372.9,426.2,124415,408.4,377.8,441.5,"","","","",43815,411.2,342.5,490.8,"","","","",3,71996,2.7,15.1,11.3,65.2,2.3,4.4,25.3
"A0424","San Bernardino","Redlands, Yucaipa","https://www.californiahealthmaps.org?address=A0424","Male","Prostate",173840,118.0,103.1,134.6,114695,118.6,102.0,137.9,"","","","",42810,112.8,73.0,168.6,"","","","",3,71996,2.7,15.1,11.3,65.2,2.3,4.4,25.3
"A0424","San Bernardino","Redlands, Yucaipa","https://www.californiahealthmaps.org?address=A0424","Female","Breast",186140,124.9,110.4,141.0,124415,128.9,111.7,148.6,"","","","",43815,119.8,84.8,165.9,"","","","",3,71996,2.7,15.1,11.3,65.2,2.3,4.4,25.3
"A0424","San Bernardino","Redlands, Yucaipa","https://www.californiahealthmaps.org?address=A0424","Male","Lung",173840,39.3,31.0,49.5,114695,41.1,31.8,53.3,"","","","",42810,"","","","","","","",3,71996,2.7,15.1,11.3,65.2,2.3,4.4,25.3
"A0424","San Bernardino","Redlands, Yucaipa","https://www.californiahealthmaps.org?address=A0424","Female","Lung",186140,43.7,35.6,53.3,124415,46.8,37.6,58.5,"","","","",43815,"","","","","","","",3,71996,2.7,15.1,11.3,65.2,2.3,4.4,25.3
"A0424","San Bernardino","Redlands, Yucaipa","https://www.californiahealthmaps.org?address=A0424","Male","CRC",173840,45.7,36.7,56.6,114695,45.3,35.2,58.2,"","","","",42810,70.5,39.3,118.6,"","","","",3,71996,2.7,15.1,11.3,65.2,2.3,4.4,25.3
"A0424","San Bernardino","Redlands, Yucaipa","https://www.californiahealthmaps.org?address=A0424","Female","CRC",186140,32.6,25.7,41.2,124415,32.0,24.1,42.7,"","","","",43815,"","","","","","","",3,71996,2.7,15.1,11.3,65.2,2.3,4.4,25.3
"A0424","San Bernardino","Redlands, Yucaipa","https://www.californiahealthmaps.org?address=A0424","Male","Mela",173840,39.1,30.6,49.6,114695,49.2,38.0,63.2,"","","","",42810,"","","","","","","",3,71996,2.7,15.1,11.3,65.2,2.3,4.4,25.3
"A0424","San Bernardino","Redlands, Yucaipa","https://www.californiahealthmaps.org?address=A0424","Female","Mela",186140,21.7,15.7,29.4,124415,27.0,19.0,38.0,"","","","",43815,"","","","","","","",3,71996,2.7,15.1,11.3,65.2,2.3,4.4,25.3
"A0424","San Bernardino","Redlands, Yucaipa","https://www.californiahealthmaps.org?address=A0424","Female","Uterine",186140,26.4,20.2,34.2,124415,26.4,19.3,36.2,"","","","",43815,"","","","","","","",3,71996,2.7,15.1,11.3,65.2,2.3,4.4,25.3
"A0424","San Bernardino","Redlands, Yucaipa","https://www.californiahealthmaps.org?address=A0424","Male","Lymph",173840,18.6,12.9,26.3,114695,18.1,11.8,27.5,"","","","",42810,"","","","","","","",3,71996,2.7,15.1,11.3,65.2,2.3,4.4,25.3
"A0424","San Bernardino","Redlands, Yucaipa","https://www.californiahealthmaps.org?address=A0424","Female","Lymph",186140,17.9,12.9,24.7,124415,15.1,9.8,23.3,"","","","",43815,"","","","","","","",3,71996,2.7,15.1,11.3,65.2,2.3,4.4,25.3
"A0424","San Bernardino","Redlands, Yucaipa","https://www.californiahealthmaps.org?address=A0424","Male","Urinary",173840,26.1,19.2,34.9,114695,29.3,21.3,40.2,"","","","",42810,"","","","","","","",3,71996,2.7,15.1,11.3,65.2,2.3,4.4,25.3
"A0424","San Bernardino","Redlands, Yucaipa","https://www.californiahealthmaps.org?address=A0424","Female","Urinary",186140,3.5,1.6,7.3,124415,"","","","","","","",43815,"","","","","","","",3,71996,2.7,15.1,11.3,65.2,2.3,4.4,25.3
"A0424","San Bernardino","Redlands, Yucaipa","https://www.californiahealthmaps.org?address=A0424","Male","Kidney",173840,15.3,10.3,22.2,114695,13.6,8.5,21.7,"","","","",42810,"","","","","","","",3,71996,2.7,15.1,11.3,65.2,2.3,4.4,25.3
"A0424","San Bernardino","Redlands, Yucaipa","https://www.californiahealthmaps.org?address=A0424","Female","Kidney",186140,6.9,3.9,11.7,124415,"","","","","","","",43815,"","","","","","","",3,71996,2.7,15.1,11.3,65.2,2.3,4.4,25.3
"A0424","San Bernardino","Redlands, Yucaipa","https://www.californiahealthmaps.org?address=A0424","Male","Thyroid",173840,6.2,3.2,11.1,114695,"","","","","","","",42810,"","","","","","","",3,71996,2.7,15.1,11.3,65.2,2.3,4.4,25.3
"A0424","San Bernardino","Redlands, Yucaipa","https://www.californiahealthmaps.org?address=A0424","Female","Thyroid",186140,18.9,13.2,26.5,124415,22.5,14.7,33.5,"","","","",43815,"","","","","","","",3,71996,2.7,15.1,11.3,65.2,2.3,4.4,25.3
"A0424","San Bernardino","Redlands, Yucaipa","https://www.californiahealthmaps.org?address=A0424","Both","AllSite",359980,428.9,409.3,449.3,239110,440.6,417.8,464.7,"","","","",86625,434.8,381.2,494.6,16400,274.1,202.5,368.0,3,71996,2.7,15.1,11.3,65.2,2.3,4.4,25.3
"A0424","San Bernardino","Redlands, Yucaipa","https://www.californiahealthmaps.org?address=A0424","Both","Lung",359980,41.6,35.7,48.2,239110,44.1,37.5,52.0,"","","","",86625,42.1,25.5,65.8,16400,"","","",3,71996,2.7,15.1,11.3,65.2,2.3,4.4,25.3
"A0424","San Bernardino","Redlands, Yucaipa","https://www.californiahealthmaps.org?address=A0424","Both","CRC",359980,38.8,33.1,45.3,239110,38.4,32.0,46.2,"","","","",86625,53.8,35.4,79.0,16400,"","","",3,71996,2.7,15.1,11.3,65.2,2.3,4.4,25.3
"A0424","San Bernardino","Redlands, Yucaipa","https://www.californiahealthmaps.org?address=A0424","Both","Mela",359980,29.0,23.9,35.0,239110,36.4,29.7,44.5,"","","","",86625,"","","",16400,"","","",3,71996,2.7,15.1,11.3,65.2,2.3,4.4,25.3
"A0424","San Bernardino","Redlands, Yucaipa","https://www.californiahealthmaps.org?address=A0424","Both","Lymph",359980,17.9,14.1,22.6,239110,16.2,12.1,21.7,"","","","",86625,30.6,17.5,50.4,16400,"","","",3,71996,2.7,15.1,11.3,65.2,2.3,4.4,25.3
"A0424","San Bernardino","Redlands, Yucaipa","https://www.californiahealthmaps.org?address=A0424","Both","Urinary",359980,12.9,9.8,16.9,239110,14.4,10.7,19.3,"","","","",86625,"","","",16400,"","","",3,71996,2.7,15.1,11.3,65.2,2.3,4.4,25.3
"A0424","San Bernardino","Redlands, Yucaipa","https://www.californiahealthmaps.org?address=A0424","Both","Kidney",359980,10.6,7.8,14.4,239110,10.1,7.0,14.7,"","","","",86625,"","","",16400,"","","",3,71996,2.7,15.1,11.3,65.2,2.3,4.4,25.3
"A0424","San Bernardino","Redlands, Yucaipa","https://www.californiahealthmaps.org?address=A0424","Both","Thyroid",359980,12.9,9.5,17.2,239110,14.7,10.3,20.7,"","","","",86625,"","","",16400,"","","",3,71996,2.7,15.1,11.3,65.2,2.3,4.4,25.3
