"Zone","Counties","Cities","URL","Sex","Cancer","PopTot","AAIR","LCI","UCI","White_PopTot","White_AAIR","White_LCI","White_UCI","Black_PopTot","Black_AAIR","Black_LCI","Black_UCI","Hispanic_PopTot","Hispanic_AAIR","Hispanic_LCI","Hispanic_UCI","Asian_PopTot","Asian_AAIR","Asian_LCI","Asian_UCI","QNSES","PopAll","PerRural","PerUninsured","PerForeignBorn","PerWhite","PerBlack","PerAsian","PerHispanic","PerAPI","PerDocvisit","PerFOBT","PerMammo","PerMenPrev","PerPap","PerWomenPrev"
"A0124","Los Angeles","Palmdale, Lancaster","https://www.californiahealthmaps.org?address=A0124","Male","AllSite",146225,547.9,501.9,597.6,41275,589.1,522.2,664.5,25685,635.2,515.9,786.0,68970,420.8,339.1,519.9,"","","","",1,60763,1.3,16.7,20.4,28.2,16.9,5.6,46.1,5.6,65.1,56.9,79.0,23.8,85.1,29.3
"A0124","Los Angeles","Palmdale, Lancaster","https://www.californiahealthmaps.org?address=A0124","Female","AllSite",157590,430.2,395.4,467.5,43490,396.9,344.6,457.4,30620,563.7,466.4,681.4,72120,431.9,364.7,510.3,"","","","",1,60763,1.3,16.7,20.4,28.2,16.9,5.6,46.1,5.6,65.1,56.9,79.0,23.8,85.1,29.3
"A0124","Los Angeles","Palmdale, Lancaster","https://www.californiahealthmaps.org?address=A0124","Male","Prostate",146225,141.2,118.8,167.1,41275,109.7,82.9,145.4,25685,273.5,198.4,382.0,68970,118.0,77.1,177.5,"","","","",1,60763,1.3,16.7,20.4,28.2,16.9,5.6,46.1,5.6,65.1,56.9,79.0,23.8,85.1,29.3
"A0124","Los Angeles","Palmdale, Lancaster","https://www.californiahealthmaps.org?address=A0124","Female","Breast",157590,120.0,102.2,140.4,43490,129.6,99.8,168.2,30620,132.6,87.9,199.6,72120,93.6,67.6,130.2,"","","","",1,60763,1.3,16.7,20.4,28.2,16.9,5.6,46.1,5.6,65.1,56.9,79.0,23.8,85.1,29.3
"A0124","Los Angeles","Palmdale, Lancaster","https://www.californiahealthmaps.org?address=A0124","Male","Lung",146225,71.3,54.4,92.2,41275,83.7,59.5,117.3,25685,"","","",68970,"","","","","","","",1,60763,1.3,16.7,20.4,28.2,16.9,5.6,46.1,5.6,65.1,56.9,79.0,23.8,85.1,29.3
"A0124","Los Angeles","Palmdale, Lancaster","https://www.californiahealthmaps.org?address=A0124","Female","Lung",157590,42.9,32.1,56.5,43490,41.2,26.5,65.0,30620,65.8,36.0,119.4,72120,"","","","","","","",1,60763,1.3,16.7,20.4,28.2,16.9,5.6,46.1,5.6,65.1,56.9,79.0,23.8,85.1,29.3
"A0124","Los Angeles","Palmdale, Lancaster","https://www.californiahealthmaps.org?address=A0124","Male","CRC",146225,66.6,51.1,86.0,41275,65.0,43.8,95.8,25685,"","","",68970,55.9,29.9,101.3,"","","","",1,60763,1.3,16.7,20.4,28.2,16.9,5.6,46.1,5.6,65.1,56.9,79.0,23.8,85.1,29.3
"A0124","Los Angeles","Palmdale, Lancaster","https://www.californiahealthmaps.org?address=A0124","Female","CRC",157590,55.1,43.0,69.8,43490,35.9,23.0,57.8,30620,87.8,48.1,152.8,72120,69.5,42.1,110.1,"","","","",1,60763,1.3,16.7,20.4,28.2,16.9,5.6,46.1,5.6,65.1,56.9,79.0,23.8,85.1,29.3
"A0124","Los Angeles","Palmdale, Lancaster","https://www.californiahealthmaps.org?address=A0124","Male","Mela",146225,21.3,13.2,33.2,41275,43.2,26.4,70.0,25685,"","","",68970,"","","","","","","",1,60763,1.3,16.7,20.4,28.2,16.9,5.6,46.1,5.6,65.1,56.9,79.0,23.8,85.1,29.3
"A0124","Los Angeles","Palmdale, Lancaster","https://www.californiahealthmaps.org?address=A0124","Female","Mela",157590,"","","",43490,"","","",30620,"","","",72120,"","","","","","","",1,60763,1.3,16.7,20.4,28.2,16.9,5.6,46.1,5.6,65.1,56.9,79.0,23.8,85.1,29.3
"A0124","Los Angeles","Palmdale, Lancaster","https://www.californiahealthmaps.org?address=A0124","Female","Uterine",157590,35.9,26.5,48.0,43490,38.8,23.2,64.1,30620,"","","",72120,42.4,23.6,73.5,"","","","",1,60763,1.3,16.7,20.4,28.2,16.9,5.6,46.1,5.6,65.1,56.9,79.0,23.8,85.1,29.3
"A0124","Los Angeles","Palmdale, Lancaster","https://www.californiahealthmaps.org?address=A0124","Male","Lymph",146225,34.2,23.4,48.9,41275,40.2,23.1,67.7,25685,"","","",68970,"","","","","","","",1,60763,1.3,16.7,20.4,28.2,16.9,5.6,46.1,5.6,65.1,56.9,79.0,23.8,85.1,29.3
"A0124","Los Angeles","Palmdale, Lancaster","https://www.californiahealthmaps.org?address=A0124","Female","Lymph",157590,13.1,7.6,21.5,43490,"","","",30620,"","","",72120,"","","","","","","",1,60763,1.3,16.7,20.4,28.2,16.9,5.6,46.1,5.6,65.1,56.9,79.0,23.8,85.1,29.3
"A0124","Los Angeles","Palmdale, Lancaster","https://www.californiahealthmaps.org?address=A0124","Male","Urinary",146225,18.1,10.1,30.5,41275,"","","",25685,"","","",68970,"","","","","","","",1,60763,1.3,16.7,20.4,28.2,16.9,5.6,46.1,5.6,65.1,56.9,79.0,23.8,85.1,29.3
"A0124","Los Angeles","Palmdale, Lancaster","https://www.californiahealthmaps.org?address=A0124","Female","Urinary",157590,"","","",43490,"","","",30620,"","","",72120,"","","","","","","",1,60763,1.3,16.7,20.4,28.2,16.9,5.6,46.1,5.6,65.1,56.9,79.0,23.8,85.1,29.3
"A0124","Los Angeles","Palmdale, Lancaster","https://www.californiahealthmaps.org?address=A0124","Male","Kidney",146225,17.8,10.8,28.5,41275,"","","",25685,"","","",68970,"","","","","","","",1,60763,1.3,16.7,20.4,28.2,16.9,5.6,46.1,5.6,65.1,56.9,79.0,23.8,85.1,29.3
"A0124","Los Angeles","Palmdale, Lancaster","https://www.californiahealthmaps.org?address=A0124","Female","Kidney",157590,11.4,6.3,19.3,43490,"","","",30620,"","","",72120,"","","","","","","",1,60763,1.3,16.7,20.4,28.2,16.9,5.6,46.1,5.6,65.1,56.9,79.0,23.8,85.1,29.3
"A0124","Los Angeles","Palmdale, Lancaster","https://www.californiahealthmaps.org?address=A0124","Male","Thyroid",146225,"","","",41275,"","","",25685,"","","",68970,"","","","","","","",1,60763,1.3,16.7,20.4,28.2,16.9,5.6,46.1,5.6,65.1,56.9,79.0,23.8,85.1,29.3
"A0124","Los Angeles","Palmdale, Lancaster","https://www.californiahealthmaps.org?address=A0124","Female","Thyroid",157590,13.9,8.5,22.1,43490,"","","",30620,"","","",72120,"","","","","","","",1,60763,1.3,16.7,20.4,28.2,16.9,5.6,46.1,5.6,65.1,56.9,79.0,23.8,85.1,29.3
"A0124","Los Angeles","Palmdale, Lancaster","https://www.californiahealthmaps.org?address=A0124","Male","Liver",146225,13.8,7.6,23.8,41275,"","","",25685,"","","",68970,"","","","","","","",1,60763,1.3,16.7,20.4,28.2,16.9,5.6,46.1,5.6,65.1,56.9,79.0,23.8,85.1,29.3
"A0124","Los Angeles","Palmdale, Lancaster","https://www.californiahealthmaps.org?address=A0124","Female","Liver",157590,13.2,7.5,21.8,43490,"","","",30620,"","","",72120,"","","","","","","",1,60763,1.3,16.7,20.4,28.2,16.9,5.6,46.1,5.6,65.1,56.9,79.0,23.8,85.1,29.3
"A0124","Los Angeles","Palmdale, Lancaster","https://www.californiahealthmaps.org?address=A0124","Male","Pancreas",146225,15.8,8.8,27.0,41275,"","","",25685,"","","",68970,"","","","","","","",1,60763,1.3,16.7,20.4,28.2,16.9,5.6,46.1,5.6,65.1,56.9,79.0,23.8,85.1,29.3
"A0124","Los Angeles","Palmdale, Lancaster","https://www.californiahealthmaps.org?address=A0124","Female","Pancreas",157590,12.7,7.3,20.9,43490,"","","",30620,"","","",72120,"","","","","","","",1,60763,1.3,16.7,20.4,28.2,16.9,5.6,46.1,5.6,65.1,56.9,79.0,23.8,85.1,29.3
"A0124","Los Angeles","Palmdale, Lancaster","https://www.californiahealthmaps.org?address=A0124","Both","AllSite",303815,474.4,446.8,503.4,84765,473.2,432.4,518.0,56305,599.4,522.4,687.8,141090,422.6,370.6,481.1,12185,429.1,321.1,569.8,1,60763,1.3,16.7,20.4,28.2,16.9,5.6,46.1,5.6,65.1,56.9,79.0,23.8,85.1,29.3
"A0124","Los Angeles","Palmdale, Lancaster","https://www.californiahealthmaps.org?address=A0124","Both","Lung",303815,53.5,44.2,64.4,84765,58.6,45.1,76.4,56305,64.2,40.6,100.6,141090,43.7,26.9,68.3,12185,"","","",1,60763,1.3,16.7,20.4,28.2,16.9,5.6,46.1,5.6,65.1,56.9,79.0,23.8,85.1,29.3
"A0124","Los Angeles","Palmdale, Lancaster","https://www.californiahealthmaps.org?address=A0124","Both","CRC",303815,60.1,50.4,71.3,84765,48.9,36.8,65.3,56305,84.2,54.9,126.7,141090,64.4,44.3,91.9,12185,"","","",1,60763,1.3,16.7,20.4,28.2,16.9,5.6,46.1,5.6,65.1,56.9,79.0,23.8,85.1,29.3
"A0124","Los Angeles","Palmdale, Lancaster","https://www.californiahealthmaps.org?address=A0124","Both","Mela",303815,13.0,8.8,18.6,84765,28.2,18.8,42.4,56305,"","","",141090,"","","",12185,"","","",1,60763,1.3,16.7,20.4,28.2,16.9,5.6,46.1,5.6,65.1,56.9,79.0,23.8,85.1,29.3
"A0124","Los Angeles","Palmdale, Lancaster","https://www.californiahealthmaps.org?address=A0124","Both","Lymph",303815,22.1,16.4,29.4,84765,22.9,14.2,36.5,56305,"","","",141090,27.7,15.4,47.6,12185,"","","",1,60763,1.3,16.7,20.4,28.2,16.9,5.6,46.1,5.6,65.1,56.9,79.0,23.8,85.1,29.3
"A0124","Los Angeles","Palmdale, Lancaster","https://www.californiahealthmaps.org?address=A0124","Both","Urinary",303815,9.4,5.8,14.7,84765,12.7,7.1,23.3,56305,"","","",141090,"","","",12185,"","","",1,60763,1.3,16.7,20.4,28.2,16.9,5.6,46.1,5.6,65.1,56.9,79.0,23.8,85.1,29.3
"A0124","Los Angeles","Palmdale, Lancaster","https://www.californiahealthmaps.org?address=A0124","Both","Kidney",303815,14.6,10.1,20.6,84765,"","","",56305,"","","",141090,"","","",12185,"","","",1,60763,1.3,16.7,20.4,28.2,16.9,5.6,46.1,5.6,65.1,56.9,79.0,23.8,85.1,29.3
"A0124","Los Angeles","Palmdale, Lancaster","https://www.californiahealthmaps.org?address=A0124","Both","Thyroid",303815,9.6,6.2,14.5,84765,"","","",56305,"","","",141090,"","","",12185,"","","",1,60763,1.3,16.7,20.4,28.2,16.9,5.6,46.1,5.6,65.1,56.9,79.0,23.8,85.1,29.3
"A0124","Los Angeles","Palmdale, Lancaster","https://www.californiahealthmaps.org?address=A0124","Both","Liver",303815,13.2,9.0,19.0,84765,"","","",56305,"","","",141090,"","","",12185,"","","",1,60763,1.3,16.7,20.4,28.2,16.9,5.6,46.1,5.6,65.1,56.9,79.0,23.8,85.1,29.3
"A0124","Los Angeles","Palmdale, Lancaster","https://www.californiahealthmaps.org?address=A0124","Both","Pancreas",303815,14.0,9.5,20.0,84765,"","","",56305,"","","",141090,"","","",12185,"","","",1,60763,1.3,16.7,20.4,28.2,16.9,5.6,46.1,5.6,65.1,56.9,79.0,23.8,85.1,29.3
