"Zone","Counties","Cities","URL","Sex","Cancer","PopTot","AAIR","LCI","UCI","White_PopTot","White_AAIR","White_LCI","White_UCI","Black_PopTot","Black_AAIR","Black_LCI","Black_UCI","Hispanic_PopTot","Hispanic_AAIR","Hispanic_LCI","Hispanic_UCI","Asian_PopTot","Asian_AAIR","Asian_LCI","Asian_UCI","QNSES","PopAll","PerRural","PerUninsured","PerForeignBorn","PerWhite","PerBlack","PerAsian","PerHispanic","PerAPI","PerDocvisit","PerFOBT","PerMammo","PerMenPrev","PerPap","PerWomenPrev"
"A0439","San Diego","Oceanside, Carlsbad","https://www.californiahealthmaps.org?address=A0439","Male","AllSite",167310,491.8,456.8,529.0,89320,509.2,466.9,555.4,"","","","",54950,381.4,304.3,477.6,"","","","",3,67406,0.0,19.7,21.9,49.5,4.0,7.3,35.2,7.3,63.9,67.9,80.4,27.9,85.9,31.5
"A0439","San Diego","Oceanside, Carlsbad","https://www.californiahealthmaps.org?address=A0439","Female","AllSite",169720,447.0,416.3,479.5,88425,478.8,438.4,523.3,"","","","",55825,390.8,322.2,472.3,12665,403.1,304.8,535.0,3,67406,0.0,19.7,21.9,49.5,4.0,7.3,35.2,7.3,63.9,67.9,80.4,27.9,85.9,31.5
"A0439","San Diego","Oceanside, Carlsbad","https://www.californiahealthmaps.org?address=A0439","Male","Prostate",167310,121.3,104.4,140.3,89320,115.1,96.0,138.3,"","","","",54950,125.5,83.9,187.2,"","","","",3,67406,0.0,19.7,21.9,49.5,4.0,7.3,35.2,7.3,63.9,67.9,80.4,27.9,85.9,31.5
"A0439","San Diego","Oceanside, Carlsbad","https://www.californiahealthmaps.org?address=A0439","Female","Breast",169720,149.7,132.0,169.2,88425,177.3,152.3,206.6,"","","","",55825,87.6,58.1,130.3,12665,153.6,96.5,247.0,3,67406,0.0,19.7,21.9,49.5,4.0,7.3,35.2,7.3,63.9,67.9,80.4,27.9,85.9,31.5
"A0439","San Diego","Oceanside, Carlsbad","https://www.californiahealthmaps.org?address=A0439","Male","Lung",167310,45.2,34.7,58.0,89320,43.9,32.2,59.9,"","","","",54950,"","","","","","","",3,67406,0.0,19.7,21.9,49.5,4.0,7.3,35.2,7.3,63.9,67.9,80.4,27.9,85.9,31.5
"A0439","San Diego","Oceanside, Carlsbad","https://www.californiahealthmaps.org?address=A0439","Female","Lung",169720,51.9,41.9,63.7,88425,58.6,45.9,75.6,"","","","",55825,"","","",12665,"","","",3,67406,0.0,19.7,21.9,49.5,4.0,7.3,35.2,7.3,63.9,67.9,80.4,27.9,85.9,31.5
"A0439","San Diego","Oceanside, Carlsbad","https://www.californiahealthmaps.org?address=A0439","Male","CRC",167310,39.8,30.2,51.8,89320,40.8,29.2,56.9,"","","","",54950,"","","","","","","",3,67406,0.0,19.7,21.9,49.5,4.0,7.3,35.2,7.3,63.9,67.9,80.4,27.9,85.9,31.5
"A0439","San Diego","Oceanside, Carlsbad","https://www.californiahealthmaps.org?address=A0439","Female","CRC",169720,32.9,25.1,42.7,88425,21.6,14.5,33.5,"","","","",55825,54.1,30.1,92.6,12665,"","","",3,67406,0.0,19.7,21.9,49.5,4.0,7.3,35.2,7.3,63.9,67.9,80.4,27.9,85.9,31.5
"A0439","San Diego","Oceanside, Carlsbad","https://www.californiahealthmaps.org?address=A0439","Male","Mela",167310,58.1,46.3,72.1,89320,71.6,56.0,91.5,"","","","",54950,"","","","","","","",3,67406,0.0,19.7,21.9,49.5,4.0,7.3,35.2,7.3,63.9,67.9,80.4,27.9,85.9,31.5
"A0439","San Diego","Oceanside, Carlsbad","https://www.californiahealthmaps.org?address=A0439","Female","Mela",169720,27.5,20.2,36.9,88425,33.5,22.7,49.3,"","","","",55825,"","","",12665,"","","",3,67406,0.0,19.7,21.9,49.5,4.0,7.3,35.2,7.3,63.9,67.9,80.4,27.9,85.9,31.5
"A0439","San Diego","Oceanside, Carlsbad","https://www.californiahealthmaps.org?address=A0439","Female","Uterine",169720,26.0,19.1,34.8,88425,25.4,17.1,38.5,"","","","",55825,"","","",12665,"","","",3,67406,0.0,19.7,21.9,49.5,4.0,7.3,35.2,7.3,63.9,67.9,80.4,27.9,85.9,31.5
"A0439","San Diego","Oceanside, Carlsbad","https://www.californiahealthmaps.org?address=A0439","Male","Lymph",167310,31.5,23.1,42.1,89320,31.2,21.4,45.4,"","","","",54950,"","","","","","","",3,67406,0.0,19.7,21.9,49.5,4.0,7.3,35.2,7.3,63.9,67.9,80.4,27.9,85.9,31.5
"A0439","San Diego","Oceanside, Carlsbad","https://www.californiahealthmaps.org?address=A0439","Female","Lymph",169720,18.7,12.9,26.6,88425,17.9,10.9,29.8,"","","","",55825,"","","",12665,"","","",3,67406,0.0,19.7,21.9,49.5,4.0,7.3,35.2,7.3,63.9,67.9,80.4,27.9,85.9,31.5
"A0439","San Diego","Oceanside, Carlsbad","https://www.californiahealthmaps.org?address=A0439","Male","Urinary",167310,20.2,13.7,29.0,89320,22.0,14.2,34.2,"","","","",54950,"","","","","","","",3,67406,0.0,19.7,21.9,49.5,4.0,7.3,35.2,7.3,63.9,67.9,80.4,27.9,85.9,31.5
"A0439","San Diego","Oceanside, Carlsbad","https://www.californiahealthmaps.org?address=A0439","Female","Urinary",169720,"","","",88425,"","","","","","","",55825,"","","",12665,"","","",3,67406,0.0,19.7,21.9,49.5,4.0,7.3,35.2,7.3,63.9,67.9,80.4,27.9,85.9,31.5
"A0439","San Diego","Oceanside, Carlsbad","https://www.californiahealthmaps.org?address=A0439","Male","Kidney",167310,15.9,10.2,24.0,89320,16.1,9.4,27.5,"","","","",54950,"","","","","","","",3,67406,0.0,19.7,21.9,49.5,4.0,7.3,35.2,7.3,63.9,67.9,80.4,27.9,85.9,31.5
"A0439","San Diego","Oceanside, Carlsbad","https://www.californiahealthmaps.org?address=A0439","Female","Kidney",169720,10.0,5.9,16.2,88425,"","","","","","","",55825,"","","",12665,"","","",3,67406,0.0,19.7,21.9,49.5,4.0,7.3,35.2,7.3,63.9,67.9,80.4,27.9,85.9,31.5
"A0439","San Diego","Oceanside, Carlsbad","https://www.californiahealthmaps.org?address=A0439","Male","Thyroid",167310,"","","",89320,"","","","","","","",54950,"","","","","","","",3,67406,0.0,19.7,21.9,49.5,4.0,7.3,35.2,7.3,63.9,67.9,80.4,27.9,85.9,31.5
"A0439","San Diego","Oceanside, Carlsbad","https://www.californiahealthmaps.org?address=A0439","Female","Thyroid",169720,23.2,16.6,31.9,88425,21.5,13.2,34.8,"","","","",55825,"","","",12665,"","","",3,67406,0.0,19.7,21.9,49.5,4.0,7.3,35.2,7.3,63.9,67.9,80.4,27.9,85.9,31.5
"A0439","San Diego","Oceanside, Carlsbad","https://www.californiahealthmaps.org?address=A0439","Male","Liver",167310,11.3,6.8,18.0,89320,"","","","","","","",54950,"","","","","","","",3,67406,0.0,19.7,21.9,49.5,4.0,7.3,35.2,7.3,63.9,67.9,80.4,27.9,85.9,31.5
"A0439","San Diego","Oceanside, Carlsbad","https://www.californiahealthmaps.org?address=A0439","Female","Liver",169720,"","","",88425,"","","","","","","",55825,"","","",12665,"","","",3,67406,0.0,19.7,21.9,49.5,4.0,7.3,35.2,7.3,63.9,67.9,80.4,27.9,85.9,31.5
"A0439","San Diego","Oceanside, Carlsbad","https://www.californiahealthmaps.org?address=A0439","Male","Pancreas",167310,11.0,6.2,18.2,89320,"","","","","","","",54950,"","","","","","","",3,67406,0.0,19.7,21.9,49.5,4.0,7.3,35.2,7.3,63.9,67.9,80.4,27.9,85.9,31.5
"A0439","San Diego","Oceanside, Carlsbad","https://www.californiahealthmaps.org?address=A0439","Female","Pancreas",169720,"","","",88425,"","","","","","","",55825,"","","",12665,"","","",3,67406,0.0,19.7,21.9,49.5,4.0,7.3,35.2,7.3,63.9,67.9,80.4,27.9,85.9,31.5
"A0439","San Diego","Oceanside, Carlsbad","https://www.californiahealthmaps.org?address=A0439","Both","AllSite",337030,465.1,442.1,489.1,177745,490.2,461.1,521.2,12990,585.0,437.8,791.5,110775,383.9,332.0,443.3,22140,390.9,312.8,486.3,3,67406,0.0,19.7,21.9,49.5,4.0,7.3,35.2,7.3,63.9,67.9,80.4,27.9,85.9,31.5
"A0439","San Diego","Oceanside, Carlsbad","https://www.californiahealthmaps.org?address=A0439","Both","Lung",337030,48.9,41.6,57.2,177745,51.8,43.0,62.7,12990,"","","",110775,33.8,18.6,58.0,22140,"","","",3,67406,0.0,19.7,21.9,49.5,4.0,7.3,35.2,7.3,63.9,67.9,80.4,27.9,85.9,31.5
"A0439","San Diego","Oceanside, Carlsbad","https://www.californiahealthmaps.org?address=A0439","Both","CRC",337030,36.2,30.0,43.5,177745,31.1,24.2,40.2,12990,"","","",110775,43.9,27.3,69.0,22140,"","","",3,67406,0.0,19.7,21.9,49.5,4.0,7.3,35.2,7.3,63.9,67.9,80.4,27.9,85.9,31.5
"A0439","San Diego","Oceanside, Carlsbad","https://www.californiahealthmaps.org?address=A0439","Both","Mela",337030,40.6,33.9,48.2,177745,50.4,41.0,61.8,12990,"","","",110775,"","","",22140,"","","",3,67406,0.0,19.7,21.9,49.5,4.0,7.3,35.2,7.3,63.9,67.9,80.4,27.9,85.9,31.5
"A0439","San Diego","Oceanside, Carlsbad","https://www.californiahealthmaps.org?address=A0439","Both","Lymph",337030,24.5,19.4,30.5,177745,24.0,17.9,32.3,12990,"","","",110775,31.8,17.0,55.7,22140,"","","",3,67406,0.0,19.7,21.9,49.5,4.0,7.3,35.2,7.3,63.9,67.9,80.4,27.9,85.9,31.5
"A0439","San Diego","Oceanside, Carlsbad","https://www.californiahealthmaps.org?address=A0439","Both","Urinary",337030,12.0,8.6,16.5,177745,13.4,9.3,19.8,12990,"","","",110775,"","","",22140,"","","",3,67406,0.0,19.7,21.9,49.5,4.0,7.3,35.2,7.3,63.9,67.9,80.4,27.9,85.9,31.5
"A0439","San Diego","Oceanside, Carlsbad","https://www.californiahealthmaps.org?address=A0439","Both","Kidney",337030,12.8,9.2,17.4,177745,12.4,8.2,18.9,12990,"","","",110775,"","","",22140,"","","",3,67406,0.0,19.7,21.9,49.5,4.0,7.3,35.2,7.3,63.9,67.9,80.4,27.9,85.9,31.5
"A0439","San Diego","Oceanside, Carlsbad","https://www.californiahealthmaps.org?address=A0439","Both","Thyroid",337030,15.0,11.1,19.9,177745,14.9,9.9,22.2,12990,"","","",110775,"","","",22140,"","","",3,67406,0.0,19.7,21.9,49.5,4.0,7.3,35.2,7.3,63.9,67.9,80.4,27.9,85.9,31.5
"A0439","San Diego","Oceanside, Carlsbad","https://www.californiahealthmaps.org?address=A0439","Both","Liver",337030,7.2,4.7,10.7,177745,"","","",12990,"","","",110775,"","","",22140,"","","",3,67406,0.0,19.7,21.9,49.5,4.0,7.3,35.2,7.3,63.9,67.9,80.4,27.9,85.9,31.5
"A0439","San Diego","Oceanside, Carlsbad","https://www.californiahealthmaps.org?address=A0439","Both","Pancreas",337030,9.0,6.0,13.0,177745,11.1,7.2,17.3,12990,"","","",110775,"","","",22140,"","","",3,67406,0.0,19.7,21.9,49.5,4.0,7.3,35.2,7.3,63.9,67.9,80.4,27.9,85.9,31.5
