"Zone","Counties","Cities","URL","Sex","Cancer","PopTot","AAIR","LCI","UCI","White_PopTot","White_AAIR","White_LCI","White_UCI","Black_PopTot","Black_AAIR","Black_LCI","Black_UCI","Hispanic_PopTot","Hispanic_AAIR","Hispanic_LCI","Hispanic_UCI","Asian_PopTot","Asian_AAIR","Asian_LCI","Asian_UCI","QNSES","PopAll","PerRural","PerUninsured","PerForeignBorn","PerWhite","PerBlack","PerAsian","PerHispanic","PerAPI","PerDocvisit","PerFOBT","PerMammo","PerMenPrev","PerPap","PerWomenPrev"
"A0806","Los Angeles","Vernon","https://www.californiahealthmaps.org?address=A0806","Male","AllSite",153545,418.5,369.1,474.2,"","","","","","","","",146245,396.6,344.0,456.8,"","","","",1,61133,0.0,38.2,46.2,2.1,0.9,0.4,96.4,0.4,"","","","","",""
"A0806","Los Angeles","Vernon","https://www.californiahealthmaps.org?address=A0806","Female","AllSite",152120,368.1,330.2,409.7,"","","","","","","","",145815,365.2,324.8,410.2,"","","","",1,61133,0.0,38.2,46.2,2.1,0.9,0.4,96.4,0.4,"","","","","",""
"A0806","Los Angeles","Vernon","https://www.californiahealthmaps.org?address=A0806","Male","Prostate",153545,100.9,78.5,129.7,"","","","","","","","",146245,101.6,77.6,133.4,"","","","",1,61133,0.0,38.2,46.2,2.1,0.9,0.4,96.4,0.4,"","","","","",""
"A0806","Los Angeles","Vernon","https://www.californiahealthmaps.org?address=A0806","Female","Breast",152120,98.0,79.5,120.3,"","","","","","","","",145815,96.2,76.9,120.0,"","","","",1,61133,0.0,38.2,46.2,2.1,0.9,0.4,96.4,0.4,"","","","","",""
"A0806","Los Angeles","Vernon","https://www.californiahealthmaps.org?address=A0806","Male","Lung",153545,44.1,27.6,68.3,"","","","","","","","",146245,48.8,29.4,77.7,"","","","",1,61133,0.0,38.2,46.2,2.1,0.9,0.4,96.4,0.4,"","","","","",""
"A0806","Los Angeles","Vernon","https://www.californiahealthmaps.org?address=A0806","Female","Lung",152120,21.6,12.6,35.0,"","","","","","","","",145815,"","","","","","","",1,61133,0.0,38.2,46.2,2.1,0.9,0.4,96.4,0.4,"","","","","",""
"A0806","Los Angeles","Vernon","https://www.californiahealthmaps.org?address=A0806","Male","CRC",153545,50.3,34.8,72.5,"","","","","","","","",146245,45.3,29.6,69.3,"","","","",1,61133,0.0,38.2,46.2,2.1,0.9,0.4,96.4,0.4,"","","","","",""
"A0806","Los Angeles","Vernon","https://www.californiahealthmaps.org?address=A0806","Female","CRC",152120,38.4,26.4,54.5,"","","","","","","","",145815,36.6,24.2,54.1,"","","","",1,61133,0.0,38.2,46.2,2.1,0.9,0.4,96.4,0.4,"","","","","",""
"A0806","Los Angeles","Vernon","https://www.californiahealthmaps.org?address=A0806","Male","Mela",153545,"","","","","","","","","","","",146245,"","","","","","","",1,61133,0.0,38.2,46.2,2.1,0.9,0.4,96.4,0.4,"","","","","",""
"A0806","Los Angeles","Vernon","https://www.californiahealthmaps.org?address=A0806","Female","Mela",152120,"","","","","","","","","","","",145815,"","","","","","","",1,61133,0.0,38.2,46.2,2.1,0.9,0.4,96.4,0.4,"","","","","",""
"A0806","Los Angeles","Vernon","https://www.californiahealthmaps.org?address=A0806","Female","Uterine",152120,34.9,24.7,48.9,"","","","","","","","",145815,35.8,24.8,51.4,"","","","",1,61133,0.0,38.2,46.2,2.1,0.9,0.4,96.4,0.4,"","","","","",""
"A0806","Los Angeles","Vernon","https://www.californiahealthmaps.org?address=A0806","Male","Lymph",153545,33.7,20.3,54.3,"","","","","","","","",146245,32.8,18.4,56.3,"","","","",1,61133,0.0,38.2,46.2,2.1,0.9,0.4,96.4,0.4,"","","","","",""
"A0806","Los Angeles","Vernon","https://www.californiahealthmaps.org?address=A0806","Female","Lymph",152120,17.6,9.8,29.9,"","","","","","","","",145815,"","","","","","","",1,61133,0.0,38.2,46.2,2.1,0.9,0.4,96.4,0.4,"","","","","",""
"A0806","Los Angeles","Vernon","https://www.californiahealthmaps.org?address=A0806","Male","Urinary",153545,"","","","","","","","","","","",146245,"","","","","","","",1,61133,0.0,38.2,46.2,2.1,0.9,0.4,96.4,0.4,"","","","","",""
"A0806","Los Angeles","Vernon","https://www.californiahealthmaps.org?address=A0806","Female","Urinary",152120,"","","","","","","","","","","",145815,"","","","","","","",1,61133,0.0,38.2,46.2,2.1,0.9,0.4,96.4,0.4,"","","","","",""
"A0806","Los Angeles","Vernon","https://www.californiahealthmaps.org?address=A0806","Male","Kidney",153545,18.8,9.9,35.0,"","","","","","","","",146245,"","","","","","","",1,61133,0.0,38.2,46.2,2.1,0.9,0.4,96.4,0.4,"","","","","",""
"A0806","Los Angeles","Vernon","https://www.californiahealthmaps.org?address=A0806","Female","Kidney",152120,"","","","","","","","","","","",145815,"","","","","","","",1,61133,0.0,38.2,46.2,2.1,0.9,0.4,96.4,0.4,"","","","","",""
"A0806","Los Angeles","Vernon","https://www.californiahealthmaps.org?address=A0806","Male","Thyroid",153545,"","","","","","","","","","","",146245,"","","","","","","",1,61133,0.0,38.2,46.2,2.1,0.9,0.4,96.4,0.4,"","","","","",""
"A0806","Los Angeles","Vernon","https://www.californiahealthmaps.org?address=A0806","Female","Thyroid",152120,17.5,10.8,28.1,"","","","","","","","",145815,16.7,10.0,28.4,"","","","",1,61133,0.0,38.2,46.2,2.1,0.9,0.4,96.4,0.4,"","","","","",""
"A0806","Los Angeles","Vernon","https://www.californiahealthmaps.org?address=A0806","Male","Liver",153545,"","","","","","","","","","","",146245,"","","","","","","",1,61133,0.0,38.2,46.2,2.1,0.9,0.4,96.4,0.4,"","","","","",""
"A0806","Los Angeles","Vernon","https://www.californiahealthmaps.org?address=A0806","Female","Liver",152120,"","","","","","","","","","","",145815,"","","","","","","",1,61133,0.0,38.2,46.2,2.1,0.9,0.4,96.4,0.4,"","","","","",""
"A0806","Los Angeles","Vernon","https://www.californiahealthmaps.org?address=A0806","Male","Pancreas",153545,"","","","","","","","","","","",146245,"","","","","","","",1,61133,0.0,38.2,46.2,2.1,0.9,0.4,96.4,0.4,"","","","","",""
"A0806","Los Angeles","Vernon","https://www.californiahealthmaps.org?address=A0806","Female","Pancreas",152120,"","","","","","","","","","","",145815,"","","","","","","",1,61133,0.0,38.2,46.2,2.1,0.9,0.4,96.4,0.4,"","","","","",""
"A0806","Los Angeles","Vernon","https://www.californiahealthmaps.org?address=A0806","Both","AllSite",305665,383.8,353.8,416.0,"","","","","","","","",292060,373.0,341.0,407.8,"","","","",1,61133,0.0,38.2,46.2,2.1,0.9,0.4,96.4,0.4,"","","","","",""
"A0806","Los Angeles","Vernon","https://www.californiahealthmaps.org?address=A0806","Both","Lung",305665,30.4,21.6,41.8,"","","","","","","","",292060,29.3,19.9,42.2,"","","","",1,61133,0.0,38.2,46.2,2.1,0.9,0.4,96.4,0.4,"","","","","",""
"A0806","Los Angeles","Vernon","https://www.californiahealthmaps.org?address=A0806","Both","CRC",305665,43.7,33.9,55.9,"","","","","","","","",292060,40.5,30.5,53.7,"","","","",1,61133,0.0,38.2,46.2,2.1,0.9,0.4,96.4,0.4,"","","","","",""
"A0806","Los Angeles","Vernon","https://www.californiahealthmaps.org?address=A0806","Both","Mela",305665,"","","","","","","","","","","",292060,"","","","","","","",1,61133,0.0,38.2,46.2,2.1,0.9,0.4,96.4,0.4,"","","","","",""
"A0806","Los Angeles","Vernon","https://www.californiahealthmaps.org?address=A0806","Both","Lymph",305665,24.3,16.9,34.2,"","","","","","","","",292060,23.0,15.3,34.1,"","","","",1,61133,0.0,38.2,46.2,2.1,0.9,0.4,96.4,0.4,"","","","","",""
"A0806","Los Angeles","Vernon","https://www.californiahealthmaps.org?address=A0806","Both","Urinary",305665,"","","","","","","","","","","",292060,"","","","","","","",1,61133,0.0,38.2,46.2,2.1,0.9,0.4,96.4,0.4,"","","","","",""
"A0806","Los Angeles","Vernon","https://www.californiahealthmaps.org?address=A0806","Both","Kidney",305665,14.9,9.4,23.0,"","","","","","","","",292060,15.9,9.6,25.6,"","","","",1,61133,0.0,38.2,46.2,2.1,0.9,0.4,96.4,0.4,"","","","","",""
"A0806","Los Angeles","Vernon","https://www.californiahealthmaps.org?address=A0806","Both","Thyroid",305665,11.4,7.3,17.8,"","","","","","","","",292060,11.3,7.0,18.6,"","","","",1,61133,0.0,38.2,46.2,2.1,0.9,0.4,96.4,0.4,"","","","","",""
"A0806","Los Angeles","Vernon","https://www.californiahealthmaps.org?address=A0806","Both","Liver",305665,10.9,5.8,18.8,"","","","","","","","",292060,"","","","","","","",1,61133,0.0,38.2,46.2,2.1,0.9,0.4,96.4,0.4,"","","","","",""
"A0806","Los Angeles","Vernon","https://www.californiahealthmaps.org?address=A0806","Both","Pancreas",305665,12.1,7.3,19.4,"","","","","","","","",292060,12.0,7.1,20.2,"","","","",1,61133,0.0,38.2,46.2,2.1,0.9,0.4,96.4,0.4,"","","","","",""
