"Zone","Counties","Cities","URL","Sex","Cancer","PopTot","AAIR","LCI","UCI","White_PopTot","White_AAIR","White_LCI","White_UCI","Black_PopTot","Black_AAIR","Black_LCI","Black_UCI","Hispanic_PopTot","Hispanic_AAIR","Hispanic_LCI","Hispanic_UCI","Asian_PopTot","Asian_AAIR","Asian_LCI","Asian_UCI","QNSES","PopAll","PerRural","PerUninsured","PerForeignBorn","PerWhite","PerBlack","PerAsian","PerHispanic","PerAPI","PerDocvisit","PerFOBT","PerMammo","PerMenPrev","PerPap","PerWomenPrev"
"A1004","Alameda","Newark, Pleasanton, Fremont, Livermore","https://www.californiahealthmaps.org?address=A1004","Male","AllSite",177700,466.6,429.0,507.2,55620,506.4,449.8,570.6,"","","","",15835,607.5,433.1,843.2,96350,403.8,349.3,466.5,5,71559,5.1,4.9,42.3,28.3,2.2,56.6,8.8,56.6,"","","","","",""
"A1004","Alameda","Newark, Pleasanton, Fremont, Livermore","https://www.californiahealthmaps.org?address=A1004","Female","AllSite",180095,385.2,355.6,417.1,52165,406.0,357.4,462.1,"","","","",17205,429.0,313.7,578.9,100605,365.4,322.9,413.1,5,71559,5.1,4.9,42.3,28.3,2.2,56.6,8.8,56.6,"","","","","",""
"A1004","Alameda","Newark, Pleasanton, Fremont, Livermore","https://www.californiahealthmaps.org?address=A1004","Male","Prostate",177700,114.2,96.9,134.4,55620,121.4,96.7,153.7,"","","","",15835,"","","",96350,99.5,73.4,134.5,5,71559,5.1,4.9,42.3,28.3,2.2,56.6,8.8,56.6,"","","","","",""
"A1004","Alameda","Newark, Pleasanton, Fremont, Livermore","https://www.californiahealthmaps.org?address=A1004","Female","Breast",180095,141.1,123.9,160.5,52165,145.6,118.9,179.9,"","","","",17205,"","","",100605,140.3,115.7,169.9,5,71559,5.1,4.9,42.3,28.3,2.2,56.6,8.8,56.6,"","","","","",""
"A1004","Alameda","Newark, Pleasanton, Fremont, Livermore","https://www.californiahealthmaps.org?address=A1004","Male","Lung",177700,50.9,38.4,66.8,55620,39.2,24.6,62.7,"","","","",15835,"","","",96350,69.0,45.6,102.3,5,71559,5.1,4.9,42.3,28.3,2.2,56.6,8.8,56.6,"","","","","",""
"A1004","Alameda","Newark, Pleasanton, Fremont, Livermore","https://www.californiahealthmaps.org?address=A1004","Female","Lung",180095,30.1,22.0,40.5,52165,36.6,23.6,58.3,"","","","",17205,"","","",100605,27.1,16.0,44.1,5,71559,5.1,4.9,42.3,28.3,2.2,56.6,8.8,56.6,"","","","","",""
"A1004","Alameda","Newark, Pleasanton, Fremont, Livermore","https://www.californiahealthmaps.org?address=A1004","Male","CRC",177700,36.0,26.3,48.8,55620,36.6,22.5,59.8,"","","","",15835,"","","",96350,30.9,18.7,52.2,5,71559,5.1,4.9,42.3,28.3,2.2,56.6,8.8,56.6,"","","","","",""
"A1004","Alameda","Newark, Pleasanton, Fremont, Livermore","https://www.californiahealthmaps.org?address=A1004","Female","CRC",180095,31.4,23.4,41.7,52165,30.2,18.9,50.4,"","","","",17205,"","","",100605,33.6,21.3,51.8,5,71559,5.1,4.9,42.3,28.3,2.2,56.6,8.8,56.6,"","","","","",""
"A1004","Alameda","Newark, Pleasanton, Fremont, Livermore","https://www.californiahealthmaps.org?address=A1004","Male","Mela",177700,37.7,27.4,51.2,55620,72.0,51.3,101.2,"","","","",15835,"","","",96350,"","","",5,71559,5.1,4.9,42.3,28.3,2.2,56.6,8.8,56.6,"","","","","",""
"A1004","Alameda","Newark, Pleasanton, Fremont, Livermore","https://www.californiahealthmaps.org?address=A1004","Female","Mela",180095,13.9,9.0,21.3,52165,30.4,18.3,51.5,"","","","",17205,"","","",100605,"","","",5,71559,5.1,4.9,42.3,28.3,2.2,56.6,8.8,56.6,"","","","","",""
"A1004","Alameda","Newark, Pleasanton, Fremont, Livermore","https://www.californiahealthmaps.org?address=A1004","Female","Uterine",180095,29.8,22.1,39.8,52165,34.4,22.3,55.2,"","","","",17205,"","","",100605,22.7,13.5,37.5,5,71559,5.1,4.9,42.3,28.3,2.2,56.6,8.8,56.6,"","","","","",""
"A1004","Alameda","Newark, Pleasanton, Fremont, Livermore","https://www.californiahealthmaps.org?address=A1004","Male","Lymph",177700,28.2,19.5,40.2,55620,27.1,15.0,48.5,"","","","",15835,"","","",96350,27.5,15.2,49.3,5,71559,5.1,4.9,42.3,28.3,2.2,56.6,8.8,56.6,"","","","","",""
"A1004","Alameda","Newark, Pleasanton, Fremont, Livermore","https://www.californiahealthmaps.org?address=A1004","Female","Lymph",180095,19.6,13.0,28.8,52165,"","","","","","","",17205,"","","",100605,"","","",5,71559,5.1,4.9,42.3,28.3,2.2,56.6,8.8,56.6,"","","","","",""
"A1004","Alameda","Newark, Pleasanton, Fremont, Livermore","https://www.californiahealthmaps.org?address=A1004","Male","Urinary",177700,"","","",55620,"","","","","","","",15835,"","","",96350,"","","",5,71559,5.1,4.9,42.3,28.3,2.2,56.6,8.8,56.6,"","","","","",""
"A1004","Alameda","Newark, Pleasanton, Fremont, Livermore","https://www.californiahealthmaps.org?address=A1004","Female","Urinary",180095,"","","",52165,"","","","","","","",17205,"","","",100605,"","","",5,71559,5.1,4.9,42.3,28.3,2.2,56.6,8.8,56.6,"","","","","",""
"A1004","Alameda","Newark, Pleasanton, Fremont, Livermore","https://www.californiahealthmaps.org?address=A1004","Male","Kidney",177700,19.3,12.5,29.4,55620,22.0,11.8,41.5,"","","","",15835,"","","",96350,"","","",5,71559,5.1,4.9,42.3,28.3,2.2,56.6,8.8,56.6,"","","","","",""
"A1004","Alameda","Newark, Pleasanton, Fremont, Livermore","https://www.californiahealthmaps.org?address=A1004","Female","Kidney",180095,"","","",52165,"","","","","","","",17205,"","","",100605,"","","",5,71559,5.1,4.9,42.3,28.3,2.2,56.6,8.8,56.6,"","","","","",""
"A1004","Alameda","Newark, Pleasanton, Fremont, Livermore","https://www.californiahealthmaps.org?address=A1004","Male","Thyroid",177700,11.6,6.6,19.9,55620,"","","","","","","",15835,"","","",96350,"","","",5,71559,5.1,4.9,42.3,28.3,2.2,56.6,8.8,56.6,"","","","","",""
"A1004","Alameda","Newark, Pleasanton, Fremont, Livermore","https://www.californiahealthmaps.org?address=A1004","Female","Thyroid",180095,22.9,16.2,32.0,52165,"","","","","","","",17205,"","","",100605,19.4,11.8,32.3,5,71559,5.1,4.9,42.3,28.3,2.2,56.6,8.8,56.6,"","","","","",""
"A1004","Alameda","Newark, Pleasanton, Fremont, Livermore","https://www.californiahealthmaps.org?address=A1004","Male","Liver",177700,10.9,6.0,19.2,55620,"","","","","","","",15835,"","","",96350,"","","",5,71559,5.1,4.9,42.3,28.3,2.2,56.6,8.8,56.6,"","","","","",""
"A1004","Alameda","Newark, Pleasanton, Fremont, Livermore","https://www.californiahealthmaps.org?address=A1004","Female","Liver",180095,"","","",52165,"","","","","","","",17205,"","","",100605,"","","",5,71559,5.1,4.9,42.3,28.3,2.2,56.6,8.8,56.6,"","","","","",""
"A1004","Alameda","Newark, Pleasanton, Fremont, Livermore","https://www.californiahealthmaps.org?address=A1004","Male","Pancreas",177700,11.5,6.2,20.4,55620,"","","","","","","",15835,"","","",96350,"","","",5,71559,5.1,4.9,42.3,28.3,2.2,56.6,8.8,56.6,"","","","","",""
"A1004","Alameda","Newark, Pleasanton, Fremont, Livermore","https://www.californiahealthmaps.org?address=A1004","Female","Pancreas",180095,12.4,7.3,20.2,52165,"","","","","","","",17205,"","","",100605,"","","",5,71559,5.1,4.9,42.3,28.3,2.2,56.6,8.8,56.6,"","","","","",""
"A1004","Alameda","Newark, Pleasanton, Fremont, Livermore","https://www.californiahealthmaps.org?address=A1004","Both","AllSite",357795,418.0,394.8,442.5,107785,446.6,410.2,486.6,"","","","",33040,501.0,401.5,621.7,196955,377.9,344.4,414.6,5,71559,5.1,4.9,42.3,28.3,2.2,56.6,8.8,56.6,"","","","","",""
"A1004","Alameda","Newark, Pleasanton, Fremont, Livermore","https://www.californiahealthmaps.org?address=A1004","Both","Lung",357795,38.7,31.6,47.1,107785,37.3,27.4,51.2,"","","","",33040,"","","",196955,44.6,32.7,60.1,5,71559,5.1,4.9,42.3,28.3,2.2,56.6,8.8,56.6,"","","","","",""
"A1004","Alameda","Newark, Pleasanton, Fremont, Livermore","https://www.californiahealthmaps.org?address=A1004","Both","CRC",357795,33.3,27.1,40.8,107785,32.2,23.3,45.2,"","","","",33040,"","","",196955,32.8,23.7,45.3,5,71559,5.1,4.9,42.3,28.3,2.2,56.6,8.8,56.6,"","","","","",""
"A1004","Alameda","Newark, Pleasanton, Fremont, Livermore","https://www.californiahealthmaps.org?address=A1004","Both","Mela",357795,24.2,18.9,30.8,107785,48.4,36.9,63.8,"","","","",33040,"","","",196955,"","","",5,71559,5.1,4.9,42.3,28.3,2.2,56.6,8.8,56.6,"","","","","",""
"A1004","Alameda","Newark, Pleasanton, Fremont, Livermore","https://www.californiahealthmaps.org?address=A1004","Both","Lymph",357795,23.6,18.1,30.4,107785,21.7,13.6,34.3,"","","","",33040,"","","",196955,22.0,14.3,33.3,5,71559,5.1,4.9,42.3,28.3,2.2,56.6,8.8,56.6,"","","","","",""
"A1004","Alameda","Newark, Pleasanton, Fremont, Livermore","https://www.californiahealthmaps.org?address=A1004","Both","Urinary",357795,7.7,4.5,12.4,107785,"","","","","","","",33040,"","","",196955,"","","",5,71559,5.1,4.9,42.3,28.3,2.2,56.6,8.8,56.6,"","","","","",""
"A1004","Alameda","Newark, Pleasanton, Fremont, Livermore","https://www.californiahealthmaps.org?address=A1004","Both","Kidney",357795,12.2,8.6,17.1,107785,12.6,7.3,22.5,"","","","",33040,"","","",196955,10.4,5.7,18.6,5,71559,5.1,4.9,42.3,28.3,2.2,56.6,8.8,56.6,"","","","","",""
"A1004","Alameda","Newark, Pleasanton, Fremont, Livermore","https://www.californiahealthmaps.org?address=A1004","Both","Thyroid",357795,17.4,13.0,22.9,107785,16.1,9.0,28.0,"","","","",33040,"","","",196955,16.6,11.2,25.2,5,71559,5.1,4.9,42.3,28.3,2.2,56.6,8.8,56.6,"","","","","",""
"A1004","Alameda","Newark, Pleasanton, Fremont, Livermore","https://www.californiahealthmaps.org?address=A1004","Both","Liver",357795,7.8,5.0,11.9,107785,"","","","","","","",33040,"","","",196955,"","","",5,71559,5.1,4.9,42.3,28.3,2.2,56.6,8.8,56.6,"","","","","",""
"A1004","Alameda","Newark, Pleasanton, Fremont, Livermore","https://www.californiahealthmaps.org?address=A1004","Both","Pancreas",357795,11.9,8.1,17.0,107785,11.0,6.3,20.4,"","","","",33040,"","","",196955,13.8,7.8,23.6,5,71559,5.1,4.9,42.3,28.3,2.2,56.6,8.8,56.6,"","","","","",""
