"Zone","Counties","Cities","URL","Sex","Cancer","PopTot","AAIR","LCI","UCI","White_PopTot","White_AAIR","White_LCI","White_UCI","Black_PopTot","Black_AAIR","Black_LCI","Black_UCI","Hispanic_PopTot","Hispanic_AAIR","Hispanic_LCI","Hispanic_UCI","Asian_PopTot","Asian_AAIR","Asian_LCI","Asian_UCI","QNSES","PopAll","PerRural","PerUninsured","PerForeignBorn","PerWhite","PerBlack","PerAsian","PerHispanic","PerAPI","PerDocvisit","PerFOBT","PerMammo","PerMenPrev","PerPap","PerWomenPrev"
"A1101","San Luis Obispo","Morro Bay, Paso Robles","https://www.californiahealthmaps.org?address=A1101","Male","AllSite",165890,501.3,471.0,533.4,113625,473.9,441.6,508.9,"","","","",42185,460.4,356.1,591.7,"","","","",3,67625,19.4,15.9,13.5,68.4,1.4,2.8,25.1,2.8,"","","","","",""
"A1101","San Luis Obispo","Morro Bay, Paso Robles","https://www.californiahealthmaps.org?address=A1101","Female","AllSite",172235,448.7,421.3,477.9,121645,443.7,412.4,477.9,"","","","",39665,488.3,388.3,612.4,"","","","",3,67625,19.4,15.9,13.5,68.4,1.4,2.8,25.1,2.8,"","","","","",""
"A1101","San Luis Obispo","Morro Bay, Paso Robles","https://www.californiahealthmaps.org?address=A1101","Male","Prostate",165890,103.6,90.5,118.4,113625,85.6,73.1,100.9,"","","","",42185,122.1,70.9,203.0,"","","","",3,67625,19.4,15.9,13.5,68.4,1.4,2.8,25.1,2.8,"","","","","",""
"A1101","San Luis Obispo","Morro Bay, Paso Robles","https://www.californiahealthmaps.org?address=A1101","Female","Breast",172235,143.2,127.8,160.5,121645,142.6,125.3,163.0,"","","","",39665,139.3,93.9,208.7,"","","","",3,67625,19.4,15.9,13.5,68.4,1.4,2.8,25.1,2.8,"","","","","",""
"A1101","San Luis Obispo","Morro Bay, Paso Robles","https://www.californiahealthmaps.org?address=A1101","Male","Lung",165890,57.4,47.5,69.2,113625,56.9,46.4,70.3,"","","","",42185,"","","","","","","",3,67625,19.4,15.9,13.5,68.4,1.4,2.8,25.1,2.8,"","","","","",""
"A1101","San Luis Obispo","Morro Bay, Paso Robles","https://www.californiahealthmaps.org?address=A1101","Female","Lung",172235,50.7,42.3,61.0,121645,51.3,42.3,63.2,"","","","",39665,"","","","","","","",3,67625,19.4,15.9,13.5,68.4,1.4,2.8,25.1,2.8,"","","","","",""
"A1101","San Luis Obispo","Morro Bay, Paso Robles","https://www.californiahealthmaps.org?address=A1101","Male","CRC",165890,42.0,33.6,52.3,113625,37.1,28.6,48.7,"","","","",42185,"","","","","","","",3,67625,19.4,15.9,13.5,68.4,1.4,2.8,25.1,2.8,"","","","","",""
"A1101","San Luis Obispo","Morro Bay, Paso Robles","https://www.californiahealthmaps.org?address=A1101","Female","CRC",172235,37.4,29.8,46.8,121645,36.4,28.0,48.0,"","","","",39665,"","","","","","","",3,67625,19.4,15.9,13.5,68.4,1.4,2.8,25.1,2.8,"","","","","",""
"A1101","San Luis Obispo","Morro Bay, Paso Robles","https://www.californiahealthmaps.org?address=A1101","Male","Mela",165890,51.9,42.5,63.4,113625,46.7,37.0,59.4,"","","","",42185,"","","","","","","",3,67625,19.4,15.9,13.5,68.4,1.4,2.8,25.1,2.8,"","","","","",""
"A1101","San Luis Obispo","Morro Bay, Paso Robles","https://www.californiahealthmaps.org?address=A1101","Female","Mela",172235,31.3,24.4,40.2,121645,25.1,18.0,35.6,"","","","",39665,"","","","","","","",3,67625,19.4,15.9,13.5,68.4,1.4,2.8,25.1,2.8,"","","","","",""
"A1101","San Luis Obispo","Morro Bay, Paso Robles","https://www.californiahealthmaps.org?address=A1101","Female","Uterine",172235,26.5,20.2,34.7,121645,24.0,17.6,33.6,"","","","",39665,"","","","","","","",3,67625,19.4,15.9,13.5,68.4,1.4,2.8,25.1,2.8,"","","","","",""
"A1101","San Luis Obispo","Morro Bay, Paso Robles","https://www.californiahealthmaps.org?address=A1101","Male","Lymph",165890,27.1,20.4,35.9,113625,24.3,17.4,34.6,"","","","",42185,"","","","","","","",3,67625,19.4,15.9,13.5,68.4,1.4,2.8,25.1,2.8,"","","","","",""
"A1101","San Luis Obispo","Morro Bay, Paso Robles","https://www.californiahealthmaps.org?address=A1101","Female","Lymph",172235,19.5,14.2,26.8,121645,17.9,12.1,27.1,"","","","",39665,"","","","","","","",3,67625,19.4,15.9,13.5,68.4,1.4,2.8,25.1,2.8,"","","","","",""
"A1101","San Luis Obispo","Morro Bay, Paso Robles","https://www.californiahealthmaps.org?address=A1101","Male","Urinary",165890,21.7,15.7,29.7,113625,23.0,16.4,32.8,"","","","",42185,"","","","","","","",3,67625,19.4,15.9,13.5,68.4,1.4,2.8,25.1,2.8,"","","","","",""
"A1101","San Luis Obispo","Morro Bay, Paso Robles","https://www.californiahealthmaps.org?address=A1101","Female","Urinary",172235,"","","",121645,"","","","","","","",39665,"","","","","","","",3,67625,19.4,15.9,13.5,68.4,1.4,2.8,25.1,2.8,"","","","","",""
"A1101","San Luis Obispo","Morro Bay, Paso Robles","https://www.californiahealthmaps.org?address=A1101","Male","Kidney",165890,21.7,16.0,29.5,113625,20.9,15.0,30.0,"","","","",42185,"","","","","","","",3,67625,19.4,15.9,13.5,68.4,1.4,2.8,25.1,2.8,"","","","","",""
"A1101","San Luis Obispo","Morro Bay, Paso Robles","https://www.californiahealthmaps.org?address=A1101","Female","Kidney",172235,8.3,5.2,13.6,121645,9.1,5.5,16.4,"","","","",39665,"","","","","","","",3,67625,19.4,15.9,13.5,68.4,1.4,2.8,25.1,2.8,"","","","","",""
"A1101","San Luis Obispo","Morro Bay, Paso Robles","https://www.californiahealthmaps.org?address=A1101","Male","Thyroid",165890,8.5,4.7,14.6,113625,10.3,5.4,19.2,"","","","",42185,"","","","","","","",3,67625,19.4,15.9,13.5,68.4,1.4,2.8,25.1,2.8,"","","","","",""
"A1101","San Luis Obispo","Morro Bay, Paso Robles","https://www.californiahealthmaps.org?address=A1101","Female","Thyroid",172235,13.3,8.2,20.7,121645,16.1,9.2,27.1,"","","","",39665,"","","","","","","",3,67625,19.4,15.9,13.5,68.4,1.4,2.8,25.1,2.8,"","","","","",""
"A1101","San Luis Obispo","Morro Bay, Paso Robles","https://www.californiahealthmaps.org?address=A1101","Male","Liver",165890,8.0,4.9,13.2,113625,7.8,4.5,14.6,"","","","",42185,"","","","","","","",3,67625,19.4,15.9,13.5,68.4,1.4,2.8,25.1,2.8,"","","","","",""
"A1101","San Luis Obispo","Morro Bay, Paso Robles","https://www.californiahealthmaps.org?address=A1101","Female","Liver",172235,"","","",121645,"","","","","","","",39665,"","","","","","","",3,67625,19.4,15.9,13.5,68.4,1.4,2.8,25.1,2.8,"","","","","",""
"A1101","San Luis Obispo","Morro Bay, Paso Robles","https://www.californiahealthmaps.org?address=A1101","Male","Pancreas",165890,14.6,9.9,21.3,113625,15.6,10.6,24.0,"","","","",42185,"","","","","","","",3,67625,19.4,15.9,13.5,68.4,1.4,2.8,25.1,2.8,"","","","","",""
"A1101","San Luis Obispo","Morro Bay, Paso Robles","https://www.californiahealthmaps.org?address=A1101","Female","Pancreas",172235,12.7,8.3,19.2,121645,13.3,7.9,22.4,"","","","",39665,"","","","","","","",3,67625,19.4,15.9,13.5,68.4,1.4,2.8,25.1,2.8,"","","","","",""
"A1101","San Luis Obispo","Morro Bay, Paso Robles","https://www.californiahealthmaps.org?address=A1101","Both","AllSite",338125,469.7,449.5,490.8,235270,454.1,431.7,477.8,"","","","",81850,476.6,402.9,562.4,"","","","",3,67625,19.4,15.9,13.5,68.4,1.4,2.8,25.1,2.8,"","","","","",""
"A1101","San Luis Obispo","Morro Bay, Paso Robles","https://www.californiahealthmaps.org?address=A1101","Both","Lung",338125,53.5,47.0,60.9,235270,53.5,46.6,61.8,"","","","",81850,"","","","","","","",3,67625,19.4,15.9,13.5,68.4,1.4,2.8,25.1,2.8,"","","","","",""
"A1101","San Luis Obispo","Morro Bay, Paso Robles","https://www.californiahealthmaps.org?address=A1101","Both","CRC",338125,39.7,34.0,46.3,235270,37.0,30.9,44.6,"","","","",81850,42.5,24.2,73.7,"","","","",3,67625,19.4,15.9,13.5,68.4,1.4,2.8,25.1,2.8,"","","","","",""
"A1101","San Luis Obispo","Morro Bay, Paso Robles","https://www.californiahealthmaps.org?address=A1101","Both","Mela",338125,40.3,34.5,47.0,235270,34.5,28.6,41.9,"","","","",81850,"","","","","","","",3,67625,19.4,15.9,13.5,68.4,1.4,2.8,25.1,2.8,"","","","","",""
"A1101","San Luis Obispo","Morro Bay, Paso Robles","https://www.californiahealthmaps.org?address=A1101","Both","Lymph",338125,22.9,18.7,28.2,235270,20.8,16.3,26.9,"","","","",81850,"","","","","","","",3,67625,19.4,15.9,13.5,68.4,1.4,2.8,25.1,2.8,"","","","","",""
"A1101","San Luis Obispo","Morro Bay, Paso Robles","https://www.californiahealthmaps.org?address=A1101","Both","Urinary",338125,11.9,9.0,15.9,235270,12.6,9.3,17.4,"","","","",81850,"","","","","","","",3,67625,19.4,15.9,13.5,68.4,1.4,2.8,25.1,2.8,"","","","","",""
"A1101","San Luis Obispo","Morro Bay, Paso Robles","https://www.californiahealthmaps.org?address=A1101","Both","Kidney",338125,14.4,11.2,18.6,235270,14.4,11.0,19.3,"","","","",81850,"","","","","","","",3,67625,19.4,15.9,13.5,68.4,1.4,2.8,25.1,2.8,"","","","","",""
"A1101","San Luis Obispo","Morro Bay, Paso Robles","https://www.californiahealthmaps.org?address=A1101","Both","Thyroid",338125,10.8,7.6,15.2,235270,13.2,8.8,19.5,"","","","",81850,"","","","","","","",3,67625,19.4,15.9,13.5,68.4,1.4,2.8,25.1,2.8,"","","","","",""
"A1101","San Luis Obispo","Morro Bay, Paso Robles","https://www.californiahealthmaps.org?address=A1101","Both","Liver",338125,5.1,3.4,7.9,235270,4.7,2.9,8.2,"","","","",81850,"","","","","","","",3,67625,19.4,15.9,13.5,68.4,1.4,2.8,25.1,2.8,"","","","","",""
"A1101","San Luis Obispo","Morro Bay, Paso Robles","https://www.californiahealthmaps.org?address=A1101","Both","Pancreas",338125,13.4,10.2,17.6,235270,14.2,10.4,19.5,"","","","",81850,"","","","","","","",3,67625,19.4,15.9,13.5,68.4,1.4,2.8,25.1,2.8,"","","","","",""
