"Zone","Counties","Cities","URL","Sex","Cancer","PopTot","AAIR","LCI","UCI","White_PopTot","White_AAIR","White_LCI","White_UCI","Black_PopTot","Black_AAIR","Black_LCI","Black_UCI","Hispanic_PopTot","Hispanic_AAIR","Hispanic_LCI","Hispanic_UCI","Asian_PopTot","Asian_AAIR","Asian_LCI","Asian_UCI","QNSES","PopAll","PerRural","PerUninsured","PerForeignBorn","PerWhite","PerBlack","PerAsian","PerHispanic"
"A0301","San Bernardino","Rancho Cucamonga","https://www.californiahealthmaps.org?address=A0301","Male","AllSite",153600,514.5,475.9,555.7,84155,540.2,492.4,592.4,"","","","",46370,447.2,362.1,551.4,"","","","",4,63283,0.0,12.5,14.8,51.7,5.4,7.1,32.5
"A0301","San Bernardino","Rancho Cucamonga","https://www.californiahealthmaps.org?address=A0301","Female","AllSite",162815,434.0,403.2,466.9,86290,435.2,395.7,478.9,"","","","",51320,437.3,372.2,511.6,10990,542.7,404.2,727.7,4,63283,0.0,12.5,14.8,51.7,5.4,7.1,32.5
"A0301","San Bernardino","Rancho Cucamonga","https://www.californiahealthmaps.org?address=A0301","Male","Prostate",153600,112.8,95.9,132.2,84155,109.9,89.7,134.5,"","","","",46370,106.6,71.6,160.9,"","","","",4,63283,0.0,12.5,14.8,51.7,5.4,7.1,32.5
"A0301","San Bernardino","Rancho Cucamonga","https://www.californiahealthmaps.org?address=A0301","Female","Breast",162815,132.3,115.8,150.8,86290,133.8,112.8,159.3,"","","","",51320,136.2,101.9,179.8,10990,169.6,103.2,284.4,4,63283,0.0,12.5,14.8,51.7,5.4,7.1,32.5
"A0301","San Bernardino","Rancho Cucamonga","https://www.californiahealthmaps.org?address=A0301","Male","Lung",153600,60.5,47.1,76.8,84155,64.5,48.1,85.6,"","","","",46370,"","","","","","","",4,63283,0.0,12.5,14.8,51.7,5.4,7.1,32.5
"A0301","San Bernardino","Rancho Cucamonga","https://www.californiahealthmaps.org?address=A0301","Female","Lung",162815,39.0,29.9,50.3,86290,37.1,26.3,52.7,"","","","",51320,"","","",10990,"","","",4,63283,0.0,12.5,14.8,51.7,5.4,7.1,32.5
"A0301","San Bernardino","Rancho Cucamonga","https://www.californiahealthmaps.org?address=A0301","Male","CRC",153600,53.6,41.5,68.5,84155,54.1,39.8,73.2,"","","","",46370,71.3,38.7,126.2,"","","","",4,63283,0.0,12.5,14.8,51.7,5.4,7.1,32.5
"A0301","San Bernardino","Rancho Cucamonga","https://www.californiahealthmaps.org?address=A0301","Female","CRC",162815,32.9,24.8,43.1,86290,31.9,22.3,46.2,"","","","",51320,"","","",10990,"","","",4,63283,0.0,12.5,14.8,51.7,5.4,7.1,32.5
"A0301","San Bernardino","Rancho Cucamonga","https://www.californiahealthmaps.org?address=A0301","Male","Mela",153600,36.9,27.4,49.3,84155,53.0,38.5,72.3,"","","","",46370,"","","","","","","",4,63283,0.0,12.5,14.8,51.7,5.4,7.1,32.5
"A0301","San Bernardino","Rancho Cucamonga","https://www.californiahealthmaps.org?address=A0301","Female","Mela",162815,16.4,11.0,23.9,86290,24.0,15.8,37.0,"","","","",51320,"","","",10990,"","","",4,63283,0.0,12.5,14.8,51.7,5.4,7.1,32.5
"A0301","San Bernardino","Rancho Cucamonga","https://www.californiahealthmaps.org?address=A0301","Female","Uterine",162815,38.8,30.1,49.6,86290,37.9,27.1,53.5,"","","","",51320,39.4,22.5,66.0,10990,"","","",4,63283,0.0,12.5,14.8,51.7,5.4,7.1,32.5
"A0301","San Bernardino","Rancho Cucamonga","https://www.californiahealthmaps.org?address=A0301","Male","Lymph",153600,29.8,21.2,41.1,84155,28.9,18.9,43.6,"","","","",46370,"","","","","","","",4,63283,0.0,12.5,14.8,51.7,5.4,7.1,32.5
"A0301","San Bernardino","Rancho Cucamonga","https://www.californiahealthmaps.org?address=A0301","Female","Lymph",162815,11.2,6.4,18.4,86290,"","","","","","","",51320,"","","",10990,"","","",4,63283,0.0,12.5,14.8,51.7,5.4,7.1,32.5
"A0301","San Bernardino","Rancho Cucamonga","https://www.californiahealthmaps.org?address=A0301","Male","Urinary",153600,21.2,13.6,32.0,84155,25.0,15.5,39.6,"","","","",46370,"","","","","","","",4,63283,0.0,12.5,14.8,51.7,5.4,7.1,32.5
"A0301","San Bernardino","Rancho Cucamonga","https://www.californiahealthmaps.org?address=A0301","Female","Urinary",162815,5.6,2.6,10.9,86290,"","","","","","","",51320,"","","",10990,"","","",4,63283,0.0,12.5,14.8,51.7,5.4,7.1,32.5
"A0301","San Bernardino","Rancho Cucamonga","https://www.californiahealthmaps.org?address=A0301","Male","Kidney",153600,28.3,19.8,39.7,84155,28.8,18.6,44.1,"","","","",46370,"","","","","","","",4,63283,0.0,12.5,14.8,51.7,5.4,7.1,32.5
"A0301","San Bernardino","Rancho Cucamonga","https://www.californiahealthmaps.org?address=A0301","Female","Kidney",162815,12.9,8.0,20.1,86290,13.3,7.2,24.7,"","","","",51320,"","","",10990,"","","",4,63283,0.0,12.5,14.8,51.7,5.4,7.1,32.5
"A0301","San Bernardino","Rancho Cucamonga","https://www.californiahealthmaps.org?address=A0301","Male","Thyroid",153600,8.0,4.2,14.8,84155,"","","","","","","",46370,"","","","","","","",4,63283,0.0,12.5,14.8,51.7,5.4,7.1,32.5
"A0301","San Bernardino","Rancho Cucamonga","https://www.californiahealthmaps.org?address=A0301","Female","Thyroid",162815,29.1,21.3,39.0,86290,37.1,25.1,54.2,"","","","",51320,"","","",10990,"","","",4,63283,0.0,12.5,14.8,51.7,5.4,7.1,32.5
"A0301","San Bernardino","Rancho Cucamonga","https://www.californiahealthmaps.org?address=A0301","Both","AllSite",316415,464.4,440.5,489.3,170445,476.6,446.5,508.9,17680,446.1,348.6,568.4,97690,437.5,385.8,495.3,20785,493.2,394.1,615.3,4,63283,0.0,12.5,14.8,51.7,5.4,7.1,32.5
"A0301","San Bernardino","Rancho Cucamonga","https://www.californiahealthmaps.org?address=A0301","Both","Lung",316415,47.3,39.6,56.2,170445,48.1,38.7,59.7,17680,"","","",97690,33.3,19.3,54.4,20785,72.6,38.9,131.8,4,63283,0.0,12.5,14.8,51.7,5.4,7.1,32.5
"A0301","San Bernardino","Rancho Cucamonga","https://www.californiahealthmaps.org?address=A0301","Both","CRC",316415,41.4,34.5,49.5,170445,41.3,33.0,51.9,17680,"","","",97690,47.0,30.6,70.0,20785,"","","",4,63283,0.0,12.5,14.8,51.7,5.4,7.1,32.5
"A0301","San Bernardino","Rancho Cucamonga","https://www.californiahealthmaps.org?address=A0301","Both","Mela",316415,25.5,20.2,31.9,170445,37.5,29.3,48.1,17680,"","","",97690,"","","",20785,"","","",4,63283,0.0,12.5,14.8,51.7,5.4,7.1,32.5
"A0301","San Bernardino","Rancho Cucamonga","https://www.californiahealthmaps.org?address=A0301","Both","Lymph",316415,19.6,14.8,25.6,170445,19.1,13.4,27.2,17680,"","","",97690,24.9,13.4,43.5,20785,"","","",4,63283,0.0,12.5,14.8,51.7,5.4,7.1,32.5
"A0301","San Bernardino","Rancho Cucamonga","https://www.californiahealthmaps.org?address=A0301","Both","Urinary",316415,11.7,8.1,16.5,170445,13.9,9.3,20.9,17680,"","","",97690,"","","",20785,"","","",4,63283,0.0,12.5,14.8,51.7,5.4,7.1,32.5
"A0301","San Bernardino","Rancho Cucamonga","https://www.californiahealthmaps.org?address=A0301","Both","Kidney",316415,19.5,14.8,25.3,170445,20.4,14.5,28.7,17680,"","","",97690,"","","",20785,"","","",4,63283,0.0,12.5,14.8,51.7,5.4,7.1,32.5
"A0301","San Bernardino","Rancho Cucamonga","https://www.californiahealthmaps.org?address=A0301","Both","Thyroid",316415,19.0,14.5,24.7,170445,24.1,17.3,33.4,17680,"","","",97690,"","","",20785,"","","",4,63283,0.0,12.5,14.8,51.7,5.4,7.1,32.5
