"Zone","Counties","Cities","URL","Sex","Cancer","PopTot","AAIR","LCI","UCI","White_PopTot","White_AAIR","White_LCI","White_UCI","Black_PopTot","Black_AAIR","Black_LCI","Black_UCI","Hispanic_PopTot","Hispanic_AAIR","Hispanic_LCI","Hispanic_UCI","Asian_PopTot","Asian_AAIR","Asian_LCI","Asian_UCI","QNSES","PopAll","PerRural","PerUninsured","PerForeignBorn","PerWhite","PerBlack","PerAsian","PerHispanic"
"A0391","Orange","Anaheim, Yorba Linda","https://www.californiahealthmaps.org?address=A0391","Male","AllSite",170870,549.2,511.3,589.7,108980,557.9,513.6,605.7,"","","","",29090,480.3,374.0,615.3,24730,445.4,349.7,564.1,5,69990,0.4,8.8,18.9,62.2,1.6,15.4,17.0
"A0391","Orange","Anaheim, Yorba Linda","https://www.californiahealthmaps.org?address=A0391","Female","AllSite",179080,460.8,430.2,493.4,111310,460.5,423.5,500.9,"","","","",32055,457.9,376.9,554.2,27735,433.9,354.2,528.8,5,69990,0.4,8.8,18.9,62.2,1.6,15.4,17.0
"A0391","Orange","Anaheim, Yorba Linda","https://www.californiahealthmaps.org?address=A0391","Male","Prostate",170870,144.4,126.3,165.0,108980,137.1,116.8,160.9,"","","","",29090,123.3,76.0,200.8,24730,113.4,72.2,177.4,5,69990,0.4,8.8,18.9,62.2,1.6,15.4,17.0
"A0391","Orange","Anaheim, Yorba Linda","https://www.californiahealthmaps.org?address=A0391","Female","Breast",179080,144.8,128.3,163.1,111310,143.2,123.6,166.2,"","","","",32055,139.4,97.5,197.1,27735,143.0,101.1,200.0,5,69990,0.4,8.8,18.9,62.2,1.6,15.4,17.0
"A0391","Orange","Anaheim, Yorba Linda","https://www.californiahealthmaps.org?address=A0391","Male","Lung",170870,50.1,38.3,64.7,108980,53.2,39.4,71.0,"","","","",29090,"","","",24730,"","","",5,69990,0.4,8.8,18.9,62.2,1.6,15.4,17.0
"A0391","Orange","Anaheim, Yorba Linda","https://www.californiahealthmaps.org?address=A0391","Female","Lung",179080,41.6,32.5,52.7,111310,43.9,33.1,58.4,"","","","",32055,"","","",27735,"","","",5,69990,0.4,8.8,18.9,62.2,1.6,15.4,17.0
"A0391","Orange","Anaheim, Yorba Linda","https://www.californiahealthmaps.org?address=A0391","Male","CRC",170870,46.5,35.7,60.1,108980,41.4,29.7,57.0,"","","","",29090,"","","",24730,"","","",5,69990,0.4,8.8,18.9,62.2,1.6,15.4,17.0
"A0391","Orange","Anaheim, Yorba Linda","https://www.californiahealthmaps.org?address=A0391","Female","CRC",179080,35.5,27.4,45.6,111310,33.3,24.2,46.1,"","","","",32055,"","","",27735,"","","",5,69990,0.4,8.8,18.9,62.2,1.6,15.4,17.0
"A0391","Orange","Anaheim, Yorba Linda","https://www.californiahealthmaps.org?address=A0391","Male","Mela",170870,52.2,41.1,66.2,108980,68.6,53.7,87.2,"","","","",29090,"","","",24730,"","","",5,69990,0.4,8.8,18.9,62.2,1.6,15.4,17.0
"A0391","Orange","Anaheim, Yorba Linda","https://www.californiahealthmaps.org?address=A0391","Female","Mela",179080,31.4,23.8,41.0,111310,40.9,30.0,55.6,"","","","",32055,"","","",27735,"","","",5,69990,0.4,8.8,18.9,62.2,1.6,15.4,17.0
"A0391","Orange","Anaheim, Yorba Linda","https://www.californiahealthmaps.org?address=A0391","Female","Uterine",179080,29.0,21.9,38.2,111310,27.6,19.3,39.7,"","","","",32055,"","","",27735,"","","",5,69990,0.4,8.8,18.9,62.2,1.6,15.4,17.0
"A0391","Orange","Anaheim, Yorba Linda","https://www.californiahealthmaps.org?address=A0391","Male","Lymph",170870,29.3,20.8,40.6,108980,32.1,21.9,46.4,"","","","",29090,"","","",24730,"","","",5,69990,0.4,8.8,18.9,62.2,1.6,15.4,17.0
"A0391","Orange","Anaheim, Yorba Linda","https://www.californiahealthmaps.org?address=A0391","Female","Lymph",179080,17.5,12.0,25.1,111310,17.4,10.6,28.3,"","","","",32055,"","","",27735,"","","",5,69990,0.4,8.8,18.9,62.2,1.6,15.4,17.0
"A0391","Orange","Anaheim, Yorba Linda","https://www.californiahealthmaps.org?address=A0391","Male","Urinary",170870,16.8,10.4,26.3,108980,15.7,8.9,26.6,"","","","",29090,"","","",24730,"","","",5,69990,0.4,8.8,18.9,62.2,1.6,15.4,17.0
"A0391","Orange","Anaheim, Yorba Linda","https://www.californiahealthmaps.org?address=A0391","Female","Urinary",179080,4.5,1.9,9.3,111310,"","","","","","","",32055,"","","",27735,"","","",5,69990,0.4,8.8,18.9,62.2,1.6,15.4,17.0
"A0391","Orange","Anaheim, Yorba Linda","https://www.californiahealthmaps.org?address=A0391","Male","Kidney",170870,31.0,23.0,41.7,108980,33.4,23.5,47.2,"","","","",29090,"","","",24730,"","","",5,69990,0.4,8.8,18.9,62.2,1.6,15.4,17.0
"A0391","Orange","Anaheim, Yorba Linda","https://www.californiahealthmaps.org?address=A0391","Female","Kidney",179080,10.7,6.7,16.8,111310,10.9,6.0,19.9,"","","","",32055,"","","",27735,"","","",5,69990,0.4,8.8,18.9,62.2,1.6,15.4,17.0
"A0391","Orange","Anaheim, Yorba Linda","https://www.californiahealthmaps.org?address=A0391","Male","Thyroid",170870,8.4,4.9,14.7,108980,"","","","","","","",29090,"","","",24730,"","","",5,69990,0.4,8.8,18.9,62.2,1.6,15.4,17.0
"A0391","Orange","Anaheim, Yorba Linda","https://www.californiahealthmaps.org?address=A0391","Female","Thyroid",179080,29.4,22.0,38.8,111310,31.6,22.1,45.0,"","","","",32055,"","","",27735,"","","",5,69990,0.4,8.8,18.9,62.2,1.6,15.4,17.0
"A0391","Orange","Anaheim, Yorba Linda","https://www.californiahealthmaps.org?address=A0391","Both","AllSite",349950,498.3,474.5,523.2,220290,503.8,475.4,533.8,"","","","",61145,459.2,395.2,532.5,52465,435.8,374.6,505.5,5,69990,0.4,8.8,18.9,62.2,1.6,15.4,17.0
"A0391","Orange","Anaheim, Yorba Linda","https://www.californiahealthmaps.org?address=A0391","Both","Lung",349950,44.7,37.5,53.0,220290,47.4,38.8,57.8,"","","","",61145,"","","",52465,47.3,27.4,77.3,5,69990,0.4,8.8,18.9,62.2,1.6,15.4,17.0
"A0391","Orange","Anaheim, Yorba Linda","https://www.californiahealthmaps.org?address=A0391","Both","CRC",349950,40.6,33.9,48.3,220290,37.4,29.9,46.7,"","","","",61145,"","","",52465,43.4,26.1,69.9,5,69990,0.4,8.8,18.9,62.2,1.6,15.4,17.0
"A0391","Orange","Anaheim, Yorba Linda","https://www.californiahealthmaps.org?address=A0391","Both","Mela",349950,40.6,34.1,48.2,220290,53.1,44.1,63.8,"","","","",61145,"","","",52465,"","","",5,69990,0.4,8.8,18.9,62.2,1.6,15.4,17.0
"A0391","Orange","Anaheim, Yorba Linda","https://www.californiahealthmaps.org?address=A0391","Both","Lymph",349950,22.7,17.8,28.6,220290,23.8,17.8,31.6,"","","","",61145,"","","",52465,"","","",5,69990,0.4,8.8,18.9,62.2,1.6,15.4,17.0
"A0391","Orange","Anaheim, Yorba Linda","https://www.californiahealthmaps.org?address=A0391","Both","Urinary",349950,9.8,6.6,14.1,220290,9.8,6.2,15.4,"","","","",61145,"","","",52465,"","","",5,69990,0.4,8.8,18.9,62.2,1.6,15.4,17.0
"A0391","Orange","Anaheim, Yorba Linda","https://www.californiahealthmaps.org?address=A0391","Both","Kidney",349950,20.3,15.9,25.8,220290,21.7,16.2,29.0,"","","","",61145,"","","",52465,"","","",5,69990,0.4,8.8,18.9,62.2,1.6,15.4,17.0
"A0391","Orange","Anaheim, Yorba Linda","https://www.californiahealthmaps.org?address=A0391","Both","Thyroid",349950,19.3,15.0,24.6,220290,20.6,15.2,27.7,"","","","",61145,"","","",52465,"","","",5,69990,0.4,8.8,18.9,62.2,1.6,15.4,17.0
