"Zone","Counties","Cities","URL","Sex","Cancer","PopTot","AAIR","LCI","UCI","White_PopTot","White_AAIR","White_LCI","White_UCI","Black_PopTot","Black_AAIR","Black_LCI","Black_UCI","Hispanic_PopTot","Hispanic_AAIR","Hispanic_LCI","Hispanic_UCI","Asian_PopTot","Asian_AAIR","Asian_LCI","Asian_UCI","QNSES","PopAll","PerRural","PerUninsured","PerForeignBorn","PerWhite","PerBlack","PerAsian","PerHispanic"
"A0487","Contra Costa","Antioch, Brentwood, Oakley","https://www.californiahealthmaps.org?address=A0487","Male","AllSite",141985,574.1,523.6,629.1,63830,594.2,526.1,670.3,14560,708.2,498.4,1049.8,43945,505.2,405.0,628.6,12640,462.7,326.8,672.4,3,58045,0.0,12.1,18.0,43.7,10.6,7.7,34.1
"A0487","Contra Costa","Antioch, Brentwood, Oakley","https://www.californiahealthmaps.org?address=A0487","Female","AllSite",148240,535.9,493.8,581.2,65545,571.3,512.7,635.5,15980,765.1,576.1,1021.1,44690,448.2,369.3,541.5,14390,476.1,360.2,625.3,3,58045,0.0,12.1,18.0,43.7,10.6,7.7,34.1
"A0487","Contra Costa","Antioch, Brentwood, Oakley","https://www.californiahealthmaps.org?address=A0487","Male","Prostate",141985,148.9,124.1,178.4,63830,140.7,109.2,180.5,14560,255.1,146.5,512.9,43945,138.9,89.3,213.4,12640,"","","",3,58045,0.0,12.1,18.0,43.7,10.6,7.7,34.1
"A0487","Contra Costa","Antioch, Brentwood, Oakley","https://www.californiahealthmaps.org?address=A0487","Female","Breast",148240,164.3,142.4,189.2,65545,178.1,147.5,214.2,15980,213.4,138.7,357.4,44690,123.9,85.7,176.7,14390,143.8,89.4,231.8,3,58045,0.0,12.1,18.0,43.7,10.6,7.7,34.1
"A0487","Contra Costa","Antioch, Brentwood, Oakley","https://www.californiahealthmaps.org?address=A0487","Male","Lung",141985,63.8,47.2,85.5,63830,64.0,42.6,94.1,14560,"","","",43945,"","","",12640,"","","",3,58045,0.0,12.1,18.0,43.7,10.6,7.7,34.1
"A0487","Contra Costa","Antioch, Brentwood, Oakley","https://www.californiahealthmaps.org?address=A0487","Female","Lung",148240,65.3,50.1,84.0,65545,88.2,64.8,117.9,15980,"","","",44690,"","","",14390,"","","",3,58045,0.0,12.1,18.0,43.7,10.6,7.7,34.1
"A0487","Contra Costa","Antioch, Brentwood, Oakley","https://www.californiahealthmaps.org?address=A0487","Male","CRC",141985,61.8,45.9,82.7,63830,65.8,44.3,95.9,14560,"","","",43945,"","","",12640,"","","",3,58045,0.0,12.1,18.0,43.7,10.6,7.7,34.1
"A0487","Contra Costa","Antioch, Brentwood, Oakley","https://www.californiahealthmaps.org?address=A0487","Female","CRC",148240,51.7,38.9,67.8,65545,52.6,35.7,75.6,15980,"","","",44690,"","","",14390,"","","",3,58045,0.0,12.1,18.0,43.7,10.6,7.7,34.1
"A0487","Contra Costa","Antioch, Brentwood, Oakley","https://www.californiahealthmaps.org?address=A0487","Male","Mela",141985,37.2,26.7,52.4,63830,55.8,38.7,80.8,14560,"","","",43945,"","","",12640,"","","",3,58045,0.0,12.1,18.0,43.7,10.6,7.7,34.1
"A0487","Contra Costa","Antioch, Brentwood, Oakley","https://www.californiahealthmaps.org?address=A0487","Female","Mela",148240,27.7,19.4,39.2,65545,32.8,20.7,50.7,15980,"","","",44690,"","","",14390,"","","",3,58045,0.0,12.1,18.0,43.7,10.6,7.7,34.1
"A0487","Contra Costa","Antioch, Brentwood, Oakley","https://www.californiahealthmaps.org?address=A0487","Female","Uterine",148240,33.1,23.2,46.3,65545,30.7,18.3,49.4,15980,"","","",44690,"","","",14390,"","","",3,58045,0.0,12.1,18.0,43.7,10.6,7.7,34.1
"A0487","Contra Costa","Antioch, Brentwood, Oakley","https://www.californiahealthmaps.org?address=A0487","Male","Lymph",141985,24.2,14.8,38.9,63830,26.2,14.0,47.5,14560,"","","",43945,"","","",12640,"","","",3,58045,0.0,12.1,18.0,43.7,10.6,7.7,34.1
"A0487","Contra Costa","Antioch, Brentwood, Oakley","https://www.californiahealthmaps.org?address=A0487","Female","Lymph",148240,15.0,8.5,24.9,65545,"","","",15980,"","","",44690,"","","",14390,"","","",3,58045,0.0,12.1,18.0,43.7,10.6,7.7,34.1
"A0487","Contra Costa","Antioch, Brentwood, Oakley","https://www.californiahealthmaps.org?address=A0487","Male","Urinary",141985,14.8,7.1,28.4,63830,"","","",14560,"","","",43945,"","","",12640,"","","",3,58045,0.0,12.1,18.0,43.7,10.6,7.7,34.1
"A0487","Contra Costa","Antioch, Brentwood, Oakley","https://www.californiahealthmaps.org?address=A0487","Female","Urinary",148240,7.0,2.7,15.1,65545,"","","",15980,"","","",44690,"","","",14390,"","","",3,58045,0.0,12.1,18.0,43.7,10.6,7.7,34.1
"A0487","Contra Costa","Antioch, Brentwood, Oakley","https://www.californiahealthmaps.org?address=A0487","Male","Kidney",141985,41.0,29.0,57.8,63830,42.9,26.7,67.7,14560,"","","",43945,"","","",12640,"","","",3,58045,0.0,12.1,18.0,43.7,10.6,7.7,34.1
"A0487","Contra Costa","Antioch, Brentwood, Oakley","https://www.californiahealthmaps.org?address=A0487","Female","Kidney",148240,14.1,8.0,23.6,65545,"","","",15980,"","","",44690,"","","",14390,"","","",3,58045,0.0,12.1,18.0,43.7,10.6,7.7,34.1
"A0487","Contra Costa","Antioch, Brentwood, Oakley","https://www.californiahealthmaps.org?address=A0487","Male","Thyroid",141985,6.0,2.7,14.9,63830,"","","",14560,"","","",43945,"","","",12640,"","","",3,58045,0.0,12.1,18.0,43.7,10.6,7.7,34.1
"A0487","Contra Costa","Antioch, Brentwood, Oakley","https://www.californiahealthmaps.org?address=A0487","Female","Thyroid",148240,15.7,10.0,24.4,65545,"","","",15980,"","","",44690,"","","",14390,"","","",3,58045,0.0,12.1,18.0,43.7,10.6,7.7,34.1
"A0487","Contra Costa","Antioch, Brentwood, Oakley","https://www.californiahealthmaps.org?address=A0487","Both","AllSite",290225,552.0,519.5,586.2,129375,578.6,534.4,626.1,30540,749.1,605.0,934.6,88635,467.8,405.2,539.2,27030,468.6,379.4,579.2,3,58045,0.0,12.1,18.0,43.7,10.6,7.7,34.1
"A0487","Contra Costa","Antioch, Brentwood, Oakley","https://www.californiahealthmaps.org?address=A0487","Both","Lung",290225,65.4,53.9,78.8,129375,78.2,61.6,98.3,30540,"","","",88635,33.4,17.7,59.2,27030,"","","",3,58045,0.0,12.1,18.0,43.7,10.6,7.7,34.1
"A0487","Contra Costa","Antioch, Brentwood, Oakley","https://www.californiahealthmaps.org?address=A0487","Both","CRC",290225,56.1,46.0,68.1,129375,58.0,44.5,74.8,30540,"","","",88635,39.5,22.6,66.3,27030,86.3,50.4,146.7,3,58045,0.0,12.1,18.0,43.7,10.6,7.7,34.1
"A0487","Contra Costa","Antioch, Brentwood, Oakley","https://www.californiahealthmaps.org?address=A0487","Both","Mela",290225,32.3,25.5,40.9,129375,44.6,33.8,58.6,30540,"","","",88635,"","","",27030,"","","",3,58045,0.0,12.1,18.0,43.7,10.6,7.7,34.1
"A0487","Contra Costa","Antioch, Brentwood, Oakley","https://www.californiahealthmaps.org?address=A0487","Both","Lymph",290225,19.0,13.4,26.6,129375,14.9,8.9,24.4,30540,"","","",88635,"","","",27030,"","","",3,58045,0.0,12.1,18.0,43.7,10.6,7.7,34.1
"A0487","Contra Costa","Antioch, Brentwood, Oakley","https://www.californiahealthmaps.org?address=A0487","Both","Urinary",290225,10.4,6.1,16.9,129375,"","","",30540,"","","",88635,"","","",27030,"","","",3,58045,0.0,12.1,18.0,43.7,10.6,7.7,34.1
"A0487","Contra Costa","Antioch, Brentwood, Oakley","https://www.californiahealthmaps.org?address=A0487","Both","Kidney",290225,26.7,20.1,35.2,129375,25.5,17.0,37.5,30540,"","","",88635,31.6,17.7,55.1,27030,"","","",3,58045,0.0,12.1,18.0,43.7,10.6,7.7,34.1
"A0487","Contra Costa","Antioch, Brentwood, Oakley","https://www.californiahealthmaps.org?address=A0487","Both","Thyroid",290225,11.0,7.6,16.2,129375,10.9,6.0,19.1,30540,"","","",88635,"","","",27030,"","","",3,58045,0.0,12.1,18.0,43.7,10.6,7.7,34.1
