"Zone","Counties","Cities","URL","Sex","Cancer","PopTot","AAIR","LCI","UCI","White_PopTot","White_AAIR","White_LCI","White_UCI","Black_PopTot","Black_AAIR","Black_LCI","Black_UCI","Hispanic_PopTot","Hispanic_AAIR","Hispanic_LCI","Hispanic_UCI","Asian_PopTot","Asian_AAIR","Asian_LCI","Asian_UCI","QNSES","PopAll","PerRural","PerUninsured","PerForeignBorn","PerWhite","PerBlack","PerAsian","PerHispanic","PerAPI","PerDocvisit","PerFOBT","PerMammo","PerMenPrev","PerPap","PerWomenPrev"
"A0658","San Diego","Escondido, San Diego","https://www.californiahealthmaps.org?address=A0658","Male","AllSite",163000,436.3,403.0,471.7,79570,456.6,415.7,501.5,"","","","",66730,384.2,305.4,480.3,"","","","",3,65690,0.8,22.9,25.1,52.2,2.1,6.8,36.8,6.8,64.5,68.6,80.2,29.1,85.4,33.1
"A0658","San Diego","Escondido, San Diego","https://www.californiahealthmaps.org?address=A0658","Female","AllSite",165450,418.5,388.1,450.9,81755,454.8,414.7,498.9,"","","","",65990,339.6,277.1,415.4,10760,362.0,259.9,503.4,3,65690,0.8,22.9,25.1,52.2,2.1,6.8,36.8,6.8,64.5,68.6,80.2,29.1,85.4,33.1
"A0658","San Diego","Escondido, San Diego","https://www.californiahealthmaps.org?address=A0658","Male","Prostate",163000,90.5,75.9,107.3,79570,90.3,73.5,111.0,"","","","",66730,86.1,51.0,140.2,"","","","",3,65690,0.8,22.9,25.1,52.2,2.1,6.8,36.8,6.8,64.5,68.6,80.2,29.1,85.4,33.1
"A0658","San Diego","Escondido, San Diego","https://www.californiahealthmaps.org?address=A0658","Female","Breast",165450,134.7,117.5,153.8,81755,151.9,129.3,178.7,"","","","",65990,82.0,53.2,125.1,10760,"","","",3,65690,0.8,22.9,25.1,52.2,2.1,6.8,36.8,6.8,64.5,68.6,80.2,29.1,85.4,33.1
"A0658","San Diego","Escondido, San Diego","https://www.californiahealthmaps.org?address=A0658","Male","Lung",163000,52.1,40.8,65.9,79570,49.1,36.7,65.8,"","","","",66730,"","","","","","","",3,65690,0.8,22.9,25.1,52.2,2.1,6.8,36.8,6.8,64.5,68.6,80.2,29.1,85.4,33.1
"A0658","San Diego","Escondido, San Diego","https://www.californiahealthmaps.org?address=A0658","Female","Lung",165450,42.5,33.3,53.7,81755,45.1,33.9,60.5,"","","","",65990,"","","",10760,"","","",3,65690,0.8,22.9,25.1,52.2,2.1,6.8,36.8,6.8,64.5,68.6,80.2,29.1,85.4,33.1
"A0658","San Diego","Escondido, San Diego","https://www.californiahealthmaps.org?address=A0658","Male","CRC",163000,33.6,25.0,44.5,79570,28.5,19.4,41.9,"","","","",66730,"","","","","","","",3,65690,0.8,22.9,25.1,52.2,2.1,6.8,36.8,6.8,64.5,68.6,80.2,29.1,85.4,33.1
"A0658","San Diego","Escondido, San Diego","https://www.californiahealthmaps.org?address=A0658","Female","CRC",165450,34.5,26.3,44.8,81755,36.0,25.2,51.4,"","","","",65990,"","","",10760,"","","",3,65690,0.8,22.9,25.1,52.2,2.1,6.8,36.8,6.8,64.5,68.6,80.2,29.1,85.4,33.1
"A0658","San Diego","Escondido, San Diego","https://www.californiahealthmaps.org?address=A0658","Male","Mela",163000,34.7,25.7,46.2,79570,40.8,29.1,57.0,"","","","",66730,"","","","","","","",3,65690,0.8,22.9,25.1,52.2,2.1,6.8,36.8,6.8,64.5,68.6,80.2,29.1,85.4,33.1
"A0658","San Diego","Escondido, San Diego","https://www.californiahealthmaps.org?address=A0658","Female","Mela",165450,25.1,18.2,34.2,81755,40.0,28.1,56.8,"","","","",65990,"","","",10760,"","","",3,65690,0.8,22.9,25.1,52.2,2.1,6.8,36.8,6.8,64.5,68.6,80.2,29.1,85.4,33.1
"A0658","San Diego","Escondido, San Diego","https://www.californiahealthmaps.org?address=A0658","Female","Uterine",165450,27.7,20.4,37.0,81755,20.6,13.5,32.3,"","","","",65990,47.2,25.8,83.8,10760,"","","",3,65690,0.8,22.9,25.1,52.2,2.1,6.8,36.8,6.8,64.5,68.6,80.2,29.1,85.4,33.1
"A0658","San Diego","Escondido, San Diego","https://www.californiahealthmaps.org?address=A0658","Male","Lymph",163000,23.7,16.3,33.4,79570,28.0,18.3,42.4,"","","","",66730,"","","","","","","",3,65690,0.8,22.9,25.1,52.2,2.1,6.8,36.8,6.8,64.5,68.6,80.2,29.1,85.4,33.1
"A0658","San Diego","Escondido, San Diego","https://www.californiahealthmaps.org?address=A0658","Female","Lymph",165450,15.2,9.9,22.5,81755,14.6,8.8,25.2,"","","","",65990,"","","",10760,"","","",3,65690,0.8,22.9,25.1,52.2,2.1,6.8,36.8,6.8,64.5,68.6,80.2,29.1,85.4,33.1
"A0658","San Diego","Escondido, San Diego","https://www.californiahealthmaps.org?address=A0658","Male","Urinary",163000,15.0,9.4,23.1,79570,16.4,9.8,27.7,"","","","",66730,"","","","","","","",3,65690,0.8,22.9,25.1,52.2,2.1,6.8,36.8,6.8,64.5,68.6,80.2,29.1,85.4,33.1
"A0658","San Diego","Escondido, San Diego","https://www.californiahealthmaps.org?address=A0658","Female","Urinary",165450,"","","",81755,"","","","","","","",65990,"","","",10760,"","","",3,65690,0.8,22.9,25.1,52.2,2.1,6.8,36.8,6.8,64.5,68.6,80.2,29.1,85.4,33.1
"A0658","San Diego","Escondido, San Diego","https://www.californiahealthmaps.org?address=A0658","Male","Kidney",163000,30.3,22.2,40.8,79570,32.9,22.5,47.8,"","","","",66730,"","","","","","","",3,65690,0.8,22.9,25.1,52.2,2.1,6.8,36.8,6.8,64.5,68.6,80.2,29.1,85.4,33.1
"A0658","San Diego","Escondido, San Diego","https://www.californiahealthmaps.org?address=A0658","Female","Kidney",165450,14.9,9.6,22.4,81755,18.9,10.8,32.2,"","","","",65990,"","","",10760,"","","",3,65690,0.8,22.9,25.1,52.2,2.1,6.8,36.8,6.8,64.5,68.6,80.2,29.1,85.4,33.1
"A0658","San Diego","Escondido, San Diego","https://www.californiahealthmaps.org?address=A0658","Male","Thyroid",163000,"","","",79570,"","","","","","","",66730,"","","","","","","",3,65690,0.8,22.9,25.1,52.2,2.1,6.8,36.8,6.8,64.5,68.6,80.2,29.1,85.4,33.1
"A0658","San Diego","Escondido, San Diego","https://www.californiahealthmaps.org?address=A0658","Female","Thyroid",165450,22.3,15.8,30.9,81755,26.1,16.2,41.2,"","","","",65990,"","","",10760,"","","",3,65690,0.8,22.9,25.1,52.2,2.1,6.8,36.8,6.8,64.5,68.6,80.2,29.1,85.4,33.1
"A0658","San Diego","Escondido, San Diego","https://www.californiahealthmaps.org?address=A0658","Male","Liver",163000,10.0,5.9,16.6,79570,"","","","","","","",66730,"","","","","","","",3,65690,0.8,22.9,25.1,52.2,2.1,6.8,36.8,6.8,64.5,68.6,80.2,29.1,85.4,33.1
"A0658","San Diego","Escondido, San Diego","https://www.californiahealthmaps.org?address=A0658","Female","Liver",165450,"","","",81755,"","","","","","","",65990,"","","",10760,"","","",3,65690,0.8,22.9,25.1,52.2,2.1,6.8,36.8,6.8,64.5,68.6,80.2,29.1,85.4,33.1
"A0658","San Diego","Escondido, San Diego","https://www.californiahealthmaps.org?address=A0658","Male","Pancreas",163000,16.4,10.3,25.0,79570,14.8,8.4,25.9,"","","","",66730,"","","","","","","",3,65690,0.8,22.9,25.1,52.2,2.1,6.8,36.8,6.8,64.5,68.6,80.2,29.1,85.4,33.1
"A0658","San Diego","Escondido, San Diego","https://www.californiahealthmaps.org?address=A0658","Female","Pancreas",165450,12.5,7.7,19.6,81755,13.6,7.9,24.2,"","","","",65990,"","","",10760,"","","",3,65690,0.8,22.9,25.1,52.2,2.1,6.8,36.8,6.8,64.5,68.6,80.2,29.1,85.4,33.1
"A0658","San Diego","Escondido, San Diego","https://www.californiahealthmaps.org?address=A0658","Both","AllSite",328450,422.9,400.6,446.2,161325,451.2,422.7,481.6,"","","","",132720,357.7,307.8,415.0,19725,383.8,300.9,488.5,3,65690,0.8,22.9,25.1,52.2,2.1,6.8,36.8,6.8,64.5,68.6,80.2,29.1,85.4,33.1
"A0658","San Diego","Escondido, San Diego","https://www.californiahealthmaps.org?address=A0658","Both","Lung",328450,46.1,38.9,54.4,161325,46.4,38.0,56.8,"","","","",132720,46.4,28.5,73.0,19725,"","","",3,65690,0.8,22.9,25.1,52.2,2.1,6.8,36.8,6.8,64.5,68.6,80.2,29.1,85.4,33.1
"A0658","San Diego","Escondido, San Diego","https://www.californiahealthmaps.org?address=A0658","Both","CRC",328450,34.1,28.1,41.2,161325,32.1,25.0,41.3,"","","","",132720,33.8,20.1,55.7,19725,"","","",3,65690,0.8,22.9,25.1,52.2,2.1,6.8,36.8,6.8,64.5,68.6,80.2,29.1,85.4,33.1
"A0658","San Diego","Escondido, San Diego","https://www.californiahealthmaps.org?address=A0658","Both","Mela",328450,28.3,22.8,34.9,161325,38.6,30.3,49.1,"","","","",132720,"","","",19725,"","","",3,65690,0.8,22.9,25.1,52.2,2.1,6.8,36.8,6.8,64.5,68.6,80.2,29.1,85.4,33.1
"A0658","San Diego","Escondido, San Diego","https://www.californiahealthmaps.org?address=A0658","Both","Lymph",328450,19.0,14.5,24.7,161325,20.7,15.1,28.6,"","","","",132720,"","","",19725,"","","",3,65690,0.8,22.9,25.1,52.2,2.1,6.8,36.8,6.8,64.5,68.6,80.2,29.1,85.4,33.1
"A0658","San Diego","Escondido, San Diego","https://www.californiahealthmaps.org?address=A0658","Both","Urinary",328450,9.2,6.2,13.4,161325,10.2,6.6,16.0,"","","","",132720,"","","",19725,"","","",3,65690,0.8,22.9,25.1,52.2,2.1,6.8,36.8,6.8,64.5,68.6,80.2,29.1,85.4,33.1
"A0658","San Diego","Escondido, San Diego","https://www.californiahealthmaps.org?address=A0658","Both","Kidney",328450,22.1,17.3,28.1,161325,25.4,18.7,34.3,"","","","",132720,"","","",19725,"","","",3,65690,0.8,22.9,25.1,52.2,2.1,6.8,36.8,6.8,64.5,68.6,80.2,29.1,85.4,33.1
"A0658","San Diego","Escondido, San Diego","https://www.californiahealthmaps.org?address=A0658","Both","Thyroid",328450,14.6,10.7,19.5,161325,17.3,11.5,25.7,"","","","",132720,"","","",19725,"","","",3,65690,0.8,22.9,25.1,52.2,2.1,6.8,36.8,6.8,64.5,68.6,80.2,29.1,85.4,33.1
"A0658","San Diego","Escondido, San Diego","https://www.californiahealthmaps.org?address=A0658","Both","Liver",328450,8.1,5.4,11.9,161325,6.3,3.5,11.4,"","","","",132720,"","","",19725,"","","",3,65690,0.8,22.9,25.1,52.2,2.1,6.8,36.8,6.8,64.5,68.6,80.2,29.1,85.4,33.1
"A0658","San Diego","Escondido, San Diego","https://www.californiahealthmaps.org?address=A0658","Both","Pancreas",328450,14.2,10.3,19.3,161325,14.0,9.6,20.6,"","","","",132720,"","","",19725,"","","",3,65690,0.8,22.9,25.1,52.2,2.1,6.8,36.8,6.8,64.5,68.6,80.2,29.1,85.4,33.1
