"Zone","Counties","Cities","URL","Sex","Cancer","PopTot","AAIR","LCI","UCI","White_PopTot","White_AAIR","White_LCI","White_UCI","Black_PopTot","Black_AAIR","Black_LCI","Black_UCI","Hispanic_PopTot","Hispanic_AAIR","Hispanic_LCI","Hispanic_UCI","Asian_PopTot","Asian_AAIR","Asian_LCI","Asian_UCI","QNSES","PopAll","PerRural","PerUninsured","PerForeignBorn","PerWhite","PerBlack","PerAsian","PerHispanic","PerAPI","PerDocvisit","PerFOBT","PerMammo","PerMenPrev","PerPap","PerWomenPrev"
"A0601","Los Angeles","Los Angeles","https://www.californiahealthmaps.org?address=A0601","Male","AllSite",154770,424.8,385.4,467.6,22120,548.1,467.9,645.4,"","","","",107060,402.4,340.1,476.3,19820,319.3,246.9,411.5,2,62101,0.0,29.8,51.6,14.0,2.1,14.1,68.3,14.1,63.6,56.3,78.3,24.6,83.6,29.5
"A0601","Los Angeles","Los Angeles","https://www.californiahealthmaps.org?address=A0601","Female","AllSite",155735,359.3,328.6,392.2,22190,453.1,378.7,545.1,"","","","",106055,322.4,280.3,370.7,21895,332.4,269.0,412.9,2,62101,0.0,29.8,51.6,14.0,2.1,14.1,68.3,14.1,63.6,56.3,78.3,24.6,83.6,29.5
"A0601","Los Angeles","Los Angeles","https://www.californiahealthmaps.org?address=A0601","Male","Prostate",154770,85.7,68.7,106.2,22120,78.7,51.5,125.7,"","","","",107060,96.3,68.5,136.1,19820,"","","",2,62101,0.0,29.8,51.6,14.0,2.1,14.1,68.3,14.1,63.6,56.3,78.3,24.6,83.6,29.5
"A0601","Los Angeles","Los Angeles","https://www.californiahealthmaps.org?address=A0601","Female","Breast",155735,115.5,98.6,134.8,22190,155.2,110.2,219.9,"","","","",106055,99.6,77.7,127.7,21895,130.7,92.0,187.9,2,62101,0.0,29.8,51.6,14.0,2.1,14.1,68.3,14.1,63.6,56.3,78.3,24.6,83.6,29.5
"A0601","Los Angeles","Los Angeles","https://www.californiahealthmaps.org?address=A0601","Male","Lung",154770,48.3,35.3,64.9,22120,64.0,39.7,108.7,"","","","",107060,42.3,22.5,76.1,19820,"","","",2,62101,0.0,29.8,51.6,14.0,2.1,14.1,68.3,14.1,63.6,56.3,78.3,24.6,83.6,29.5
"A0601","Los Angeles","Los Angeles","https://www.californiahealthmaps.org?address=A0601","Female","Lung",155735,32.3,23.2,43.9,22190,50.5,29.7,92.4,"","","","",106055,"","","",21895,"","","",2,62101,0.0,29.8,51.6,14.0,2.1,14.1,68.3,14.1,63.6,56.3,78.3,24.6,83.6,29.5
"A0601","Los Angeles","Los Angeles","https://www.californiahealthmaps.org?address=A0601","Male","CRC",154770,60.6,46.0,78.7,22120,88.7,56.8,141.1,"","","","",107060,45.5,26.8,77.2,19820,"","","",2,62101,0.0,29.8,51.6,14.0,2.1,14.1,68.3,14.1,63.6,56.3,78.3,24.6,83.6,29.5
"A0601","Los Angeles","Los Angeles","https://www.californiahealthmaps.org?address=A0601","Female","CRC",155735,30.5,22.2,41.2,22190,"","","","","","","",106055,27.0,15.3,45.9,21895,"","","",2,62101,0.0,29.8,51.6,14.0,2.1,14.1,68.3,14.1,63.6,56.3,78.3,24.6,83.6,29.5
"A0601","Los Angeles","Los Angeles","https://www.californiahealthmaps.org?address=A0601","Male","Mela",154770,"","","",22120,"","","","","","","",107060,"","","",19820,"","","",2,62101,0.0,29.8,51.6,14.0,2.1,14.1,68.3,14.1,63.6,56.3,78.3,24.6,83.6,29.5
"A0601","Los Angeles","Los Angeles","https://www.californiahealthmaps.org?address=A0601","Female","Mela",155735,"","","",22190,"","","","","","","",106055,"","","",21895,"","","",2,62101,0.0,29.8,51.6,14.0,2.1,14.1,68.3,14.1,63.6,56.3,78.3,24.6,83.6,29.5
"A0601","Los Angeles","Los Angeles","https://www.californiahealthmaps.org?address=A0601","Female","Uterine",155735,23.5,16.3,33.2,22190,"","","","","","","",106055,"","","",21895,"","","",2,62101,0.0,29.8,51.6,14.0,2.1,14.1,68.3,14.1,63.6,56.3,78.3,24.6,83.6,29.5
"A0601","Los Angeles","Los Angeles","https://www.californiahealthmaps.org?address=A0601","Male","Lymph",154770,21.8,13.8,33.4,22120,"","","","","","","",107060,"","","",19820,"","","",2,62101,0.0,29.8,51.6,14.0,2.1,14.1,68.3,14.1,63.6,56.3,78.3,24.6,83.6,29.5
"A0601","Los Angeles","Los Angeles","https://www.californiahealthmaps.org?address=A0601","Female","Lymph",155735,14.3,8.6,22.8,22190,"","","","","","","",106055,"","","",21895,"","","",2,62101,0.0,29.8,51.6,14.0,2.1,14.1,68.3,14.1,63.6,56.3,78.3,24.6,83.6,29.5
"A0601","Los Angeles","Los Angeles","https://www.californiahealthmaps.org?address=A0601","Male","Urinary",154770,15.0,8.2,25.7,22120,"","","","","","","",107060,"","","",19820,"","","",2,62101,0.0,29.8,51.6,14.0,2.1,14.1,68.3,14.1,63.6,56.3,78.3,24.6,83.6,29.5
"A0601","Los Angeles","Los Angeles","https://www.californiahealthmaps.org?address=A0601","Female","Urinary",155735,"","","",22190,"","","","","","","",106055,"","","",21895,"","","",2,62101,0.0,29.8,51.6,14.0,2.1,14.1,68.3,14.1,63.6,56.3,78.3,24.6,83.6,29.5
"A0601","Los Angeles","Los Angeles","https://www.californiahealthmaps.org?address=A0601","Male","Kidney",154770,21.9,13.9,33.4,22120,"","","","","","","",107060,"","","",19820,"","","",2,62101,0.0,29.8,51.6,14.0,2.1,14.1,68.3,14.1,63.6,56.3,78.3,24.6,83.6,29.5
"A0601","Los Angeles","Los Angeles","https://www.californiahealthmaps.org?address=A0601","Female","Kidney",155735,14.1,8.5,22.3,22190,"","","","","","","",106055,"","","",21895,"","","",2,62101,0.0,29.8,51.6,14.0,2.1,14.1,68.3,14.1,63.6,56.3,78.3,24.6,83.6,29.5
"A0601","Los Angeles","Los Angeles","https://www.californiahealthmaps.org?address=A0601","Male","Thyroid",154770,"","","",22120,"","","","","","","",107060,"","","",19820,"","","",2,62101,0.0,29.8,51.6,14.0,2.1,14.1,68.3,14.1,63.6,56.3,78.3,24.6,83.6,29.5
"A0601","Los Angeles","Los Angeles","https://www.californiahealthmaps.org?address=A0601","Female","Thyroid",155735,16.4,10.7,24.7,22190,"","","","","","","",106055,21.5,12.3,37.6,21895,"","","",2,62101,0.0,29.8,51.6,14.0,2.1,14.1,68.3,14.1,63.6,56.3,78.3,24.6,83.6,29.5
"A0601","Los Angeles","Los Angeles","https://www.californiahealthmaps.org?address=A0601","Male","Liver",154770,18.2,11.1,28.8,22120,"","","","","","","",107060,"","","",19820,"","","",2,62101,0.0,29.8,51.6,14.0,2.1,14.1,68.3,14.1,63.6,56.3,78.3,24.6,83.6,29.5
"A0601","Los Angeles","Los Angeles","https://www.californiahealthmaps.org?address=A0601","Female","Liver",155735,"","","",22190,"","","","","","","",106055,"","","",21895,"","","",2,62101,0.0,29.8,51.6,14.0,2.1,14.1,68.3,14.1,63.6,56.3,78.3,24.6,83.6,29.5
"A0601","Los Angeles","Los Angeles","https://www.californiahealthmaps.org?address=A0601","Male","Pancreas",154770,"","","",22120,"","","","","","","",107060,"","","",19820,"","","",2,62101,0.0,29.8,51.6,14.0,2.1,14.1,68.3,14.1,63.6,56.3,78.3,24.6,83.6,29.5
"A0601","Los Angeles","Los Angeles","https://www.californiahealthmaps.org?address=A0601","Female","Pancreas",155735,10.5,6.0,17.7,22190,"","","","","","","",106055,"","","",21895,"","","",2,62101,0.0,29.8,51.6,14.0,2.1,14.1,68.3,14.1,63.6,56.3,78.3,24.6,83.6,29.5
"A0601","Los Angeles","Los Angeles","https://www.californiahealthmaps.org?address=A0601","Both","AllSite",310505,382.6,358.5,408.0,44310,489.7,435.7,551.9,"","","","",213115,348.7,313.5,387.8,41715,324.2,276.2,380.9,2,62101,0.0,29.8,51.6,14.0,2.1,14.1,68.3,14.1,63.6,56.3,78.3,24.6,83.6,29.5
"A0601","Los Angeles","Los Angeles","https://www.californiahealthmaps.org?address=A0601","Both","Lung",310505,39.1,31.4,48.3,44310,57.1,40.6,83.1,"","","","",213115,31.0,20.1,46.8,41715,39.2,23.9,64.7,2,62101,0.0,29.8,51.6,14.0,2.1,14.1,68.3,14.1,63.6,56.3,78.3,24.6,83.6,29.5
"A0601","Los Angeles","Los Angeles","https://www.californiahealthmaps.org?address=A0601","Both","CRC",310505,43.3,35.4,52.7,44310,59.5,41.5,87.2,"","","","",213115,34.8,24.1,49.9,41715,43.6,27.5,69.7,2,62101,0.0,29.8,51.6,14.0,2.1,14.1,68.3,14.1,63.6,56.3,78.3,24.6,83.6,29.5
"A0601","Los Angeles","Los Angeles","https://www.californiahealthmaps.org?address=A0601","Both","Mela",310505,7.4,4.4,11.9,44310,"","","","","","","",213115,"","","",41715,"","","",2,62101,0.0,29.8,51.6,14.0,2.1,14.1,68.3,14.1,63.6,56.3,78.3,24.6,83.6,29.5
"A0601","Los Angeles","Los Angeles","https://www.californiahealthmaps.org?address=A0601","Both","Lymph",310505,17.7,12.8,24.1,44310,"","","","","","","",213115,15.1,8.5,26.3,41715,"","","",2,62101,0.0,29.8,51.6,14.0,2.1,14.1,68.3,14.1,63.6,56.3,78.3,24.6,83.6,29.5
"A0601","Los Angeles","Los Angeles","https://www.californiahealthmaps.org?address=A0601","Both","Urinary",310505,7.8,4.5,12.5,44310,"","","","","","","",213115,"","","",41715,"","","",2,62101,0.0,29.8,51.6,14.0,2.1,14.1,68.3,14.1,63.6,56.3,78.3,24.6,83.6,29.5
"A0601","Los Angeles","Los Angeles","https://www.californiahealthmaps.org?address=A0601","Both","Kidney",310505,17.4,12.7,23.7,44310,22.6,12.5,43.5,"","","","",213115,17.5,10.1,29.6,41715,"","","",2,62101,0.0,29.8,51.6,14.0,2.1,14.1,68.3,14.1,63.6,56.3,78.3,24.6,83.6,29.5
"A0601","Los Angeles","Los Angeles","https://www.californiahealthmaps.org?address=A0601","Both","Thyroid",310505,10.4,7.0,15.2,44310,"","","","","","","",213115,12.7,7.4,22.4,41715,"","","",2,62101,0.0,29.8,51.6,14.0,2.1,14.1,68.3,14.1,63.6,56.3,78.3,24.6,83.6,29.5
"A0601","Los Angeles","Los Angeles","https://www.californiahealthmaps.org?address=A0601","Both","Liver",310505,11.8,7.9,17.1,44310,"","","","","","","",213115,13.3,7.5,23.6,41715,"","","",2,62101,0.0,29.8,51.6,14.0,2.1,14.1,68.3,14.1,63.6,56.3,78.3,24.6,83.6,29.5
"A0601","Los Angeles","Los Angeles","https://www.californiahealthmaps.org?address=A0601","Both","Pancreas",310505,11.2,7.4,16.5,44310,"","","","","","","",213115,13.6,7.1,24.9,41715,"","","",2,62101,0.0,29.8,51.6,14.0,2.1,14.1,68.3,14.1,63.6,56.3,78.3,24.6,83.6,29.5
