"Zone","Counties","Cities","URL","Sex","Cancer","PopTot","AAIR","LCI","UCI","White_PopTot","White_AAIR","White_LCI","White_UCI","Black_PopTot","Black_AAIR","Black_LCI","Black_UCI","Hispanic_PopTot","Hispanic_AAIR","Hispanic_LCI","Hispanic_UCI","Asian_PopTot","Asian_AAIR","Asian_LCI","Asian_UCI","QNSES","PopAll","PerRural","PerUninsured","PerForeignBorn","PerWhite","PerBlack","PerAsian","PerHispanic","PerAPI","PerDocvisit","PerFOBT","PerMammo","PerMenPrev","PerPap","PerWomenPrev"
"A0643","Los Angeles","Long Beach","https://www.californiahealthmaps.org?address=A0643","Male","AllSite",143825,481.1,449.2,515.3,100370,471.5,436.2,510.0,"","","","",21880,540.0,416.9,694.5,11235,309.7,212.8,443.2,5,59776,0.0,6.6,11.6,67.2,3.7,9.2,15.0,9.2,67.4,68.8,79.2,33.0,85.1,39.2
"A0643","Los Angeles","Long Beach","https://www.californiahealthmaps.org?address=A0643","Female","AllSite",155055,449.8,420.3,481.3,105030,450.3,415.6,488.3,"","","","",24535,475.0,381.1,588.6,14990,414.8,320.8,544.7,5,59776,0.0,6.6,11.6,67.2,3.7,9.2,15.0,9.2,67.4,68.8,79.2,33.0,85.1,39.2
"A0643","Los Angeles","Long Beach","https://www.californiahealthmaps.org?address=A0643","Male","Prostate",143825,118.6,103.4,135.9,100370,100.1,85.1,118.5,"","","","",21880,169.2,102.3,270.5,11235,"","","",5,59776,0.0,6.6,11.6,67.2,3.7,9.2,15.0,9.2,67.4,68.8,79.2,33.0,85.1,39.2
"A0643","Los Angeles","Long Beach","https://www.californiahealthmaps.org?address=A0643","Female","Breast",155055,156.4,139.2,175.7,105030,147.5,128.2,170.2,"","","","",24535,177.7,123.8,251.6,14990,173.9,114.9,272.3,5,59776,0.0,6.6,11.6,67.2,3.7,9.2,15.0,9.2,67.4,68.8,79.2,33.0,85.1,39.2
"A0643","Los Angeles","Long Beach","https://www.californiahealthmaps.org?address=A0643","Male","Lung",143825,45.0,35.5,56.9,100370,47.1,36.4,61.4,"","","","",21880,"","","",11235,"","","",5,59776,0.0,6.6,11.6,67.2,3.7,9.2,15.0,9.2,67.4,68.8,79.2,33.0,85.1,39.2
"A0643","Los Angeles","Long Beach","https://www.californiahealthmaps.org?address=A0643","Female","Lung",155055,33.4,26.2,42.7,105030,36.2,28.0,48.0,"","","","",24535,"","","",14990,"","","",5,59776,0.0,6.6,11.6,67.2,3.7,9.2,15.0,9.2,67.4,68.8,79.2,33.0,85.1,39.2
"A0643","Los Angeles","Long Beach","https://www.californiahealthmaps.org?address=A0643","Male","CRC",143825,39.4,30.9,50.3,100370,38.5,29.4,51.1,"","","","",21880,"","","",11235,"","","",5,59776,0.0,6.6,11.6,67.2,3.7,9.2,15.0,9.2,67.4,68.8,79.2,33.0,85.1,39.2
"A0643","Los Angeles","Long Beach","https://www.californiahealthmaps.org?address=A0643","Female","CRC",155055,31.0,24.1,40.0,105030,30.0,22.2,41.5,"","","","",24535,"","","",14990,"","","",5,59776,0.0,6.6,11.6,67.2,3.7,9.2,15.0,9.2,67.4,68.8,79.2,33.0,85.1,39.2
"A0643","Los Angeles","Long Beach","https://www.californiahealthmaps.org?address=A0643","Male","Mela",143825,67.2,55.4,81.3,100370,78.4,63.8,96.6,"","","","",21880,"","","",11235,"","","",5,59776,0.0,6.6,11.6,67.2,3.7,9.2,15.0,9.2,67.4,68.8,79.2,33.0,85.1,39.2
"A0643","Los Angeles","Long Beach","https://www.californiahealthmaps.org?address=A0643","Female","Mela",155055,34.1,26.3,44.1,105030,39.0,29.0,52.8,"","","","",24535,"","","",14990,"","","",5,59776,0.0,6.6,11.6,67.2,3.7,9.2,15.0,9.2,67.4,68.8,79.2,33.0,85.1,39.2
"A0643","Los Angeles","Long Beach","https://www.californiahealthmaps.org?address=A0643","Female","Uterine",155055,27.8,21.2,36.6,105030,29.9,22.1,41.2,"","","","",24535,"","","",14990,"","","",5,59776,0.0,6.6,11.6,67.2,3.7,9.2,15.0,9.2,67.4,68.8,79.2,33.0,85.1,39.2
"A0643","Los Angeles","Long Beach","https://www.californiahealthmaps.org?address=A0643","Male","Lymph",143825,22.3,16.1,30.9,100370,23.9,16.7,34.8,"","","","",21880,"","","",11235,"","","",5,59776,0.0,6.6,11.6,67.2,3.7,9.2,15.0,9.2,67.4,68.8,79.2,33.0,85.1,39.2
"A0643","Los Angeles","Long Beach","https://www.californiahealthmaps.org?address=A0643","Female","Lymph",155055,18.3,13.0,25.9,105030,16.5,11.0,25.7,"","","","",24535,"","","",14990,"","","",5,59776,0.0,6.6,11.6,67.2,3.7,9.2,15.0,9.2,67.4,68.8,79.2,33.0,85.1,39.2
"A0643","Los Angeles","Long Beach","https://www.californiahealthmaps.org?address=A0643","Male","Urinary",143825,17.8,12.3,25.8,100370,17.7,11.8,27.6,"","","","",21880,"","","",11235,"","","",5,59776,0.0,6.6,11.6,67.2,3.7,9.2,15.0,9.2,67.4,68.8,79.2,33.0,85.1,39.2
"A0643","Los Angeles","Long Beach","https://www.californiahealthmaps.org?address=A0643","Female","Urinary",155055,"","","",105030,"","","","","","","",24535,"","","",14990,"","","",5,59776,0.0,6.6,11.6,67.2,3.7,9.2,15.0,9.2,67.4,68.8,79.2,33.0,85.1,39.2
"A0643","Los Angeles","Long Beach","https://www.californiahealthmaps.org?address=A0643","Male","Kidney",143825,15.0,9.7,22.9,100370,12.9,7.5,22.5,"","","","",21880,"","","",11235,"","","",5,59776,0.0,6.6,11.6,67.2,3.7,9.2,15.0,9.2,67.4,68.8,79.2,33.0,85.1,39.2
"A0643","Los Angeles","Long Beach","https://www.californiahealthmaps.org?address=A0643","Female","Kidney",155055,10.3,6.1,16.9,105030,10.5,5.2,20.3,"","","","",24535,"","","",14990,"","","",5,59776,0.0,6.6,11.6,67.2,3.7,9.2,15.0,9.2,67.4,68.8,79.2,33.0,85.1,39.2
"A0643","Los Angeles","Long Beach","https://www.californiahealthmaps.org?address=A0643","Male","Thyroid",143825,"","","",100370,"","","","","","","",21880,"","","",11235,"","","",5,59776,0.0,6.6,11.6,67.2,3.7,9.2,15.0,9.2,67.4,68.8,79.2,33.0,85.1,39.2
"A0643","Los Angeles","Long Beach","https://www.californiahealthmaps.org?address=A0643","Female","Thyroid",155055,18.3,12.2,26.9,105030,17.6,10.5,29.0,"","","","",24535,"","","",14990,"","","",5,59776,0.0,6.6,11.6,67.2,3.7,9.2,15.0,9.2,67.4,68.8,79.2,33.0,85.1,39.2
"A0643","Los Angeles","Long Beach","https://www.californiahealthmaps.org?address=A0643","Male","Liver",143825,12.1,7.6,19.1,100370,10.1,5.7,18.7,"","","","",21880,"","","",11235,"","","",5,59776,0.0,6.6,11.6,67.2,3.7,9.2,15.0,9.2,67.4,68.8,79.2,33.0,85.1,39.2
"A0643","Los Angeles","Long Beach","https://www.californiahealthmaps.org?address=A0643","Female","Liver",155055,"","","",105030,"","","","","","","",24535,"","","",14990,"","","",5,59776,0.0,6.6,11.6,67.2,3.7,9.2,15.0,9.2,67.4,68.8,79.2,33.0,85.1,39.2
"A0643","Los Angeles","Long Beach","https://www.californiahealthmaps.org?address=A0643","Male","Pancreas",143825,11.3,6.9,18.2,100370,11.4,6.7,20.2,"","","","",21880,"","","",11235,"","","",5,59776,0.0,6.6,11.6,67.2,3.7,9.2,15.0,9.2,67.4,68.8,79.2,33.0,85.1,39.2
"A0643","Los Angeles","Long Beach","https://www.californiahealthmaps.org?address=A0643","Female","Pancreas",155055,12.0,7.7,18.6,105030,12.8,7.7,22.1,"","","","",24535,"","","",14990,"","","",5,59776,0.0,6.6,11.6,67.2,3.7,9.2,15.0,9.2,67.4,68.8,79.2,33.0,85.1,39.2
"A0643","Los Angeles","Long Beach","https://www.californiahealthmaps.org?address=A0643","Both","AllSite",298880,462.5,440.8,485.1,205400,458.1,433.3,484.4,"","","","",46415,495.9,420.8,582.6,26225,370.2,300.9,455.8,5,59776,0.0,6.6,11.6,67.2,3.7,9.2,15.0,9.2,67.4,68.8,79.2,33.0,85.1,39.2
"A0643","Los Angeles","Long Beach","https://www.californiahealthmaps.org?address=A0643","Both","Lung",298880,39.0,33.1,46.1,205400,41.5,34.7,50.0,"","","","",46415,"","","",26225,"","","",5,59776,0.0,6.6,11.6,67.2,3.7,9.2,15.0,9.2,67.4,68.8,79.2,33.0,85.1,39.2
"A0643","Los Angeles","Long Beach","https://www.californiahealthmaps.org?address=A0643","Both","CRC",298880,34.6,29.1,41.1,205400,33.6,27.6,41.3,"","","","",46415,"","","",26225,"","","",5,59776,0.0,6.6,11.6,67.2,3.7,9.2,15.0,9.2,67.4,68.8,79.2,33.0,85.1,39.2
"A0643","Los Angeles","Long Beach","https://www.californiahealthmaps.org?address=A0643","Both","Mela",298880,49.3,42.3,57.4,205400,57.3,48.5,67.9,"","","","",46415,"","","",26225,"","","",5,59776,0.0,6.6,11.6,67.2,3.7,9.2,15.0,9.2,67.4,68.8,79.2,33.0,85.1,39.2
"A0643","Los Angeles","Long Beach","https://www.californiahealthmaps.org?address=A0643","Both","Lymph",298880,20.3,16.1,25.5,205400,20.1,15.5,26.4,"","","","",46415,"","","",26225,"","","",5,59776,0.0,6.6,11.6,67.2,3.7,9.2,15.0,9.2,67.4,68.8,79.2,33.0,85.1,39.2
"A0643","Los Angeles","Long Beach","https://www.californiahealthmaps.org?address=A0643","Both","Urinary",298880,10.4,7.6,14.4,205400,10.4,7.3,15.3,"","","","",46415,"","","",26225,"","","",5,59776,0.0,6.6,11.6,67.2,3.7,9.2,15.0,9.2,67.4,68.8,79.2,33.0,85.1,39.2
"A0643","Los Angeles","Long Beach","https://www.californiahealthmaps.org?address=A0643","Both","Kidney",298880,12.6,9.1,17.2,205400,11.7,7.7,17.7,"","","","",46415,"","","",26225,"","","",5,59776,0.0,6.6,11.6,67.2,3.7,9.2,15.0,9.2,67.4,68.8,79.2,33.0,85.1,39.2
"A0643","Los Angeles","Long Beach","https://www.californiahealthmaps.org?address=A0643","Both","Thyroid",298880,12.5,8.8,17.4,205400,11.1,7.1,17.2,"","","","",46415,"","","",26225,"","","",5,59776,0.0,6.6,11.6,67.2,3.7,9.2,15.0,9.2,67.4,68.8,79.2,33.0,85.1,39.2
"A0643","Los Angeles","Long Beach","https://www.californiahealthmaps.org?address=A0643","Both","Liver",298880,7.9,5.3,11.6,205400,6.9,4.1,11.7,"","","","",46415,"","","",26225,"","","",5,59776,0.0,6.6,11.6,67.2,3.7,9.2,15.0,9.2,67.4,68.8,79.2,33.0,85.1,39.2
"A0643","Los Angeles","Long Beach","https://www.californiahealthmaps.org?address=A0643","Both","Pancreas",298880,11.8,8.6,16.1,205400,12.2,8.5,17.7,"","","","",46415,"","","",26225,"","","",5,59776,0.0,6.6,11.6,67.2,3.7,9.2,15.0,9.2,67.4,68.8,79.2,33.0,85.1,39.2
