"Zone","Counties","Cities","URL","Sex","Cancer","PopTot","AAIR","LCI","UCI","White_PopTot","White_AAIR","White_LCI","White_UCI","Black_PopTot","Black_AAIR","Black_LCI","Black_UCI","Hispanic_PopTot","Hispanic_AAIR","Hispanic_LCI","Hispanic_UCI","Asian_PopTot","Asian_AAIR","Asian_LCI","Asian_UCI","QNSES","PopAll","PerRural","PerUninsured","PerForeignBorn","PerWhite","PerBlack","PerAsian","PerHispanic","PerAPI","PerDocvisit","PerFOBT","PerMammo","PerMenPrev","PerPap","PerWomenPrev"
"A0896","Santa Clara","Cupertino","https://www.californiahealthmaps.org?address=A0896","Male","AllSite",161045,402.0,368.6,437.9,42560,439.6,389.2,500.0,"","","","","","","","",105760,357.3,307.1,414.7,5,64874,0.0,5.8,52.8,24.9,0.5,67.4,5.0,67.4,"","","","","",""
"A0896","Santa Clara","Cupertino","https://www.californiahealthmaps.org?address=A0896","Female","AllSite",163325,434.9,403.4,468.9,40575,471.3,412.1,541.7,"","","","","","","","",110110,421.8,376.3,472.2,5,64874,0.0,5.8,52.8,24.9,0.5,67.4,5.0,67.4,"","","","","",""
"A0896","Santa Clara","Cupertino","https://www.californiahealthmaps.org?address=A0896","Male","Prostate",161045,100.0,83.9,118.6,42560,109.3,86.5,143.1,"","","","","","","","",105760,89.6,65.4,121.3,5,64874,0.0,5.8,52.8,24.9,0.5,67.4,5.0,67.4,"","","","","",""
"A0896","Santa Clara","Cupertino","https://www.californiahealthmaps.org?address=A0896","Female","Breast",163325,138.8,121.6,158.4,40575,141.0,110.5,183.5,"","","","","","","","",110110,140.5,116.2,169.4,5,64874,0.0,5.8,52.8,24.9,0.5,67.4,5.0,67.4,"","","","","",""
"A0896","Santa Clara","Cupertino","https://www.californiahealthmaps.org?address=A0896","Male","Lung",161045,39.9,29.6,52.9,42560,30.7,19.2,55.5,"","","","","","","","",105760,56.1,36.5,83.8,5,64874,0.0,5.8,52.8,24.9,0.5,67.4,5.0,67.4,"","","","","",""
"A0896","Santa Clara","Cupertino","https://www.californiahealthmaps.org?address=A0896","Female","Lung",163325,38.4,29.5,49.9,40575,27.4,17.8,51.4,"","","","","","","","",110110,49.8,33.8,71.3,5,64874,0.0,5.8,52.8,24.9,0.5,67.4,5.0,67.4,"","","","","",""
"A0896","Santa Clara","Cupertino","https://www.californiahealthmaps.org?address=A0896","Male","CRC",161045,31.6,22.8,43.0,42560,27.3,16.4,51.8,"","","","","","","","",105760,34.0,19.7,56.2,5,64874,0.0,5.8,52.8,24.9,0.5,67.4,5.0,67.4,"","","","","",""
"A0896","Santa Clara","Cupertino","https://www.californiahealthmaps.org?address=A0896","Female","CRC",163325,33.8,25.7,44.6,40575,31.2,20.5,55.9,"","","","","","","","",110110,32.7,20.9,49.6,5,64874,0.0,5.8,52.8,24.9,0.5,67.4,5.0,67.4,"","","","","",""
"A0896","Santa Clara","Cupertino","https://www.californiahealthmaps.org?address=A0896","Male","Mela",161045,32.0,22.8,43.8,42560,56.6,39.7,85.8,"","","","","","","","",105760,"","","",5,64874,0.0,5.8,52.8,24.9,0.5,67.4,5.0,67.4,"","","","","",""
"A0896","Santa Clara","Cupertino","https://www.californiahealthmaps.org?address=A0896","Female","Mela",163325,21.9,14.4,32.6,40575,66.3,39.8,108.2,"","","","","","","","",110110,"","","",5,64874,0.0,5.8,52.8,24.9,0.5,67.4,5.0,67.4,"","","","","",""
"A0896","Santa Clara","Cupertino","https://www.californiahealthmaps.org?address=A0896","Female","Uterine",163325,25.9,18.7,35.8,40575,21.8,12.5,46.0,"","","","","","","","",110110,25.5,15.1,41.3,5,64874,0.0,5.8,52.8,24.9,0.5,67.4,5.0,67.4,"","","","","",""
"A0896","Santa Clara","Cupertino","https://www.californiahealthmaps.org?address=A0896","Male","Lymph",161045,22.5,15.3,32.3,42560,23.5,13.7,47.2,"","","","","","","","",105760,"","","",5,64874,0.0,5.8,52.8,24.9,0.5,67.4,5.0,67.4,"","","","","",""
"A0896","Santa Clara","Cupertino","https://www.californiahealthmaps.org?address=A0896","Female","Lymph",163325,17.1,11.4,25.6,40575,19.4,10.9,43.2,"","","","","","","","",110110,"","","",5,64874,0.0,5.8,52.8,24.9,0.5,67.4,5.0,67.4,"","","","","",""
"A0896","Santa Clara","Cupertino","https://www.californiahealthmaps.org?address=A0896","Male","Urinary",161045,12.9,7.4,21.3,42560,"","","","","","","","","","","",105760,"","","",5,64874,0.0,5.8,52.8,24.9,0.5,67.4,5.0,67.4,"","","","","",""
"A0896","Santa Clara","Cupertino","https://www.californiahealthmaps.org?address=A0896","Female","Urinary",163325,"","","",40575,"","","","","","","","","","","",110110,"","","",5,64874,0.0,5.8,52.8,24.9,0.5,67.4,5.0,67.4,"","","","","",""
"A0896","Santa Clara","Cupertino","https://www.californiahealthmaps.org?address=A0896","Male","Kidney",161045,16.1,10.1,24.6,42560,21.6,12.0,45.3,"","","","","","","","",105760,"","","",5,64874,0.0,5.8,52.8,24.9,0.5,67.4,5.0,67.4,"","","","","",""
"A0896","Santa Clara","Cupertino","https://www.californiahealthmaps.org?address=A0896","Female","Kidney",163325,"","","",40575,"","","","","","","","","","","",110110,"","","",5,64874,0.0,5.8,52.8,24.9,0.5,67.4,5.0,67.4,"","","","","",""
"A0896","Santa Clara","Cupertino","https://www.californiahealthmaps.org?address=A0896","Male","Thyroid",161045,10.4,6.0,17.3,42560,"","","","","","","","","","","",105760,"","","",5,64874,0.0,5.8,52.8,24.9,0.5,67.4,5.0,67.4,"","","","","",""
"A0896","Santa Clara","Cupertino","https://www.californiahealthmaps.org?address=A0896","Female","Thyroid",163325,23.6,16.6,33.4,40575,"","","","","","","","","","","",110110,24.6,15.7,38.3,5,64874,0.0,5.8,52.8,24.9,0.5,67.4,5.0,67.4,"","","","","",""
"A0896","Santa Clara","Cupertino","https://www.californiahealthmaps.org?address=A0896","Male","Liver",161045,12.3,7.3,19.9,42560,"","","","","","","","","","","",105760,"","","",5,64874,0.0,5.8,52.8,24.9,0.5,67.4,5.0,67.4,"","","","","",""
"A0896","Santa Clara","Cupertino","https://www.californiahealthmaps.org?address=A0896","Female","Liver",163325,12.6,7.7,20.4,40575,"","","","","","","","","","","",110110,"","","",5,64874,0.0,5.8,52.8,24.9,0.5,67.4,5.0,67.4,"","","","","",""
"A0896","Santa Clara","Cupertino","https://www.californiahealthmaps.org?address=A0896","Male","Pancreas",161045,10.4,5.8,17.6,42560,"","","","","","","","","","","",105760,"","","",5,64874,0.0,5.8,52.8,24.9,0.5,67.4,5.0,67.4,"","","","","",""
"A0896","Santa Clara","Cupertino","https://www.californiahealthmaps.org?address=A0896","Female","Pancreas",163325,12.9,8.0,20.7,40575,"","","","","","","","","","","",110110,"","","",5,64874,0.0,5.8,52.8,24.9,0.5,67.4,5.0,67.4,"","","","","",""
"A0896","Santa Clara","Cupertino","https://www.californiahealthmaps.org?address=A0896","Both","AllSite",324370,415.2,392.5,439.2,83135,447.2,409.2,490.2,"","","","",13320,461.1,341.2,611.0,215870,387.8,354.0,424.3,5,64874,0.0,5.8,52.8,24.9,0.5,67.4,5.0,67.4,"","","","","",""
"A0896","Santa Clara","Cupertino","https://www.californiahealthmaps.org?address=A0896","Both","Lung",324370,39.0,32.2,47.1,83135,29.2,21.5,43.1,"","","","",13320,"","","",215870,52.3,39.5,68.3,5,64874,0.0,5.8,52.8,24.9,0.5,67.4,5.0,67.4,"","","","","",""
"A0896","Santa Clara","Cupertino","https://www.californiahealthmaps.org?address=A0896","Both","CRC",324370,32.7,26.6,40.0,83135,29.7,21.7,43.8,"","","","",13320,"","","",215870,33.0,23.6,45.4,5,64874,0.0,5.8,52.8,24.9,0.5,67.4,5.0,67.4,"","","","","",""
"A0896","Santa Clara","Cupertino","https://www.californiahealthmaps.org?address=A0896","Both","Mela",324370,25.3,19.6,32.3,83135,56.6,41.8,77.6,"","","","",13320,"","","",215870,"","","",5,64874,0.0,5.8,52.8,24.9,0.5,67.4,5.0,67.4,"","","","","",""
"A0896","Santa Clara","Cupertino","https://www.californiahealthmaps.org?address=A0896","Both","Lymph",324370,19.5,14.9,25.5,83135,21.0,14.4,34.1,"","","","",13320,"","","",215870,14.8,8.9,23.8,5,64874,0.0,5.8,52.8,24.9,0.5,67.4,5.0,67.4,"","","","","",""
"A0896","Santa Clara","Cupertino","https://www.californiahealthmaps.org?address=A0896","Both","Urinary",324370,7.4,4.6,11.6,83135,"","","","","","","",13320,"","","",215870,"","","",5,64874,0.0,5.8,52.8,24.9,0.5,67.4,5.0,67.4,"","","","","",""
"A0896","Santa Clara","Cupertino","https://www.californiahealthmaps.org?address=A0896","Both","Kidney",324370,11.2,7.8,15.9,83135,16.4,9.9,29.9,"","","","",13320,"","","",215870,"","","",5,64874,0.0,5.8,52.8,24.9,0.5,67.4,5.0,67.4,"","","","","",""
"A0896","Santa Clara","Cupertino","https://www.californiahealthmaps.org?address=A0896","Both","Thyroid",324370,17.0,12.8,22.5,83135,"","","","","","","",13320,"","","",215870,18.5,12.8,27.0,5,64874,0.0,5.8,52.8,24.9,0.5,67.4,5.0,67.4,"","","","","",""
"A0896","Santa Clara","Cupertino","https://www.californiahealthmaps.org?address=A0896","Both","Liver",324370,12.5,8.9,17.5,83135,"","","","","","","",13320,"","","",215870,14.7,8.7,23.8,5,64874,0.0,5.8,52.8,24.9,0.5,67.4,5.0,67.4,"","","","","",""
"A0896","Santa Clara","Cupertino","https://www.californiahealthmaps.org?address=A0896","Both","Pancreas",324370,11.8,8.3,16.7,83135,"","","","","","","",13320,"","","",215870,15.9,9.5,25.5,5,64874,0.0,5.8,52.8,24.9,0.5,67.4,5.0,67.4,"","","","","",""
