"Zone","Counties","Cities","URL","Sex","Cancer","PopTot","AAIR","LCI","UCI","White_PopTot","White_AAIR","White_LCI","White_UCI","Black_PopTot","Black_AAIR","Black_LCI","Black_UCI","Hispanic_PopTot","Hispanic_AAIR","Hispanic_LCI","Hispanic_UCI","Asian_PopTot","Asian_AAIR","Asian_LCI","Asian_UCI","QNSES","PopAll","PerRural","PerUninsured","PerForeignBorn","PerWhite","PerBlack","PerAsian","PerHispanic","PerAPI","PerDocvisit","PerFOBT","PerMammo","PerMenPrev","PerPap","PerWomenPrev"
"A0662","Contra Costa","El Cerrito, Richmond","https://www.californiahealthmaps.org?address=A0662","Male","AllSite",152645,467.2,434.0,502.6,53035,508.4,456.4,568.6,18465,610.0,510.5,727.2,43940,411.8,318.6,527.3,29260,365.6,304.8,439.1,4,62871,0.0,16.0,30.7,37.4,12.6,18.8,26.0,18.8,"","","","","",""
"A0662","Contra Costa","El Cerrito, Richmond","https://www.californiahealthmaps.org?address=A0662","Female","AllSite",161710,374.8,348.1,403.4,55565,407.5,363.9,459.4,21725,418.6,346.5,508.6,42310,401.0,328.8,486.6,33985,307.8,256.7,371.0,4,62871,0.0,16.0,30.7,37.4,12.6,18.8,26.0,18.8,"","","","","",""
"A0662","Contra Costa","El Cerrito, Richmond","https://www.californiahealthmaps.org?address=A0662","Male","Prostate",152645,112.3,96.5,130.4,53035,106.6,84.7,137.6,18465,198.6,144.8,270.7,43940,96.2,55.3,160.6,29260,73.0,47.5,112.9,4,62871,0.0,16.0,30.7,37.4,12.6,18.8,26.0,18.8,"","","","","",""
"A0662","Contra Costa","El Cerrito, Richmond","https://www.californiahealthmaps.org?address=A0662","Female","Breast",161710,120.1,105.1,137.0,55565,130.6,106.2,164.2,21725,112.4,77.3,167.2,42310,121.9,84.4,173.4,33985,120.6,90.3,163.6,4,62871,0.0,16.0,30.7,37.4,12.6,18.8,26.0,18.8,"","","","","",""
"A0662","Contra Costa","El Cerrito, Richmond","https://www.californiahealthmaps.org?address=A0662","Male","Lung",152645,46.2,36.1,58.6,53035,44.0,30.3,67.7,18465,"","","",43940,"","","",29260,51.8,30.6,88.0,4,62871,0.0,16.0,30.7,37.4,12.6,18.8,26.0,18.8,"","","","","",""
"A0662","Contra Costa","El Cerrito, Richmond","https://www.californiahealthmaps.org?address=A0662","Female","Lung",161710,39.3,31.1,49.6,55565,41.0,28.9,63.7,21725,67.7,42.3,113.7,42310,"","","",33985,"","","",4,62871,0.0,16.0,30.7,37.4,12.6,18.8,26.0,18.8,"","","","","",""
"A0662","Contra Costa","El Cerrito, Richmond","https://www.californiahealthmaps.org?address=A0662","Male","CRC",152645,49.5,39.1,62.0,53035,51.5,36.0,77.0,18465,"","","",43940,"","","",29260,"","","",4,62871,0.0,16.0,30.7,37.4,12.6,18.8,26.0,18.8,"","","","","",""
"A0662","Contra Costa","El Cerrito, Richmond","https://www.californiahealthmaps.org?address=A0662","Female","CRC",161710,31.9,24.5,41.3,55565,36.7,25.3,58.7,21725,"","","",42310,"","","",33985,"","","",4,62871,0.0,16.0,30.7,37.4,12.6,18.8,26.0,18.8,"","","","","",""
"A0662","Contra Costa","El Cerrito, Richmond","https://www.californiahealthmaps.org?address=A0662","Male","Mela",152645,27.1,19.7,36.9,53035,56.6,39.8,83.3,18465,"","","",43940,"","","",29260,"","","",4,62871,0.0,16.0,30.7,37.4,12.6,18.8,26.0,18.8,"","","","","",""
"A0662","Contra Costa","El Cerrito, Richmond","https://www.californiahealthmaps.org?address=A0662","Female","Mela",161710,15.2,10.2,22.4,55565,33.4,19.9,58.4,21725,"","","",42310,"","","",33985,"","","",4,62871,0.0,16.0,30.7,37.4,12.6,18.8,26.0,18.8,"","","","","",""
"A0662","Contra Costa","El Cerrito, Richmond","https://www.californiahealthmaps.org?address=A0662","Female","Uterine",161710,31.6,24.2,41.1,55565,33.9,23.2,55.4,21725,"","","",42310,"","","",33985,"","","",4,62871,0.0,16.0,30.7,37.4,12.6,18.8,26.0,18.8,"","","","","",""
"A0662","Contra Costa","El Cerrito, Richmond","https://www.californiahealthmaps.org?address=A0662","Male","Lymph",152645,25.0,17.7,34.6,53035,30.7,18.8,53.5,18465,"","","",43940,"","","",29260,"","","",4,62871,0.0,16.0,30.7,37.4,12.6,18.8,26.0,18.8,"","","","","",""
"A0662","Contra Costa","El Cerrito, Richmond","https://www.californiahealthmaps.org?address=A0662","Female","Lymph",161710,17.5,12.1,25.1,55565,19.4,11.2,39.4,21725,"","","",42310,"","","",33985,"","","",4,62871,0.0,16.0,30.7,37.4,12.6,18.8,26.0,18.8,"","","","","",""
"A0662","Contra Costa","El Cerrito, Richmond","https://www.californiahealthmaps.org?address=A0662","Male","Urinary",152645,15.6,9.9,23.7,53035,"","","",18465,"","","",43940,"","","",29260,"","","",4,62871,0.0,16.0,30.7,37.4,12.6,18.8,26.0,18.8,"","","","","",""
"A0662","Contra Costa","El Cerrito, Richmond","https://www.californiahealthmaps.org?address=A0662","Female","Urinary",161710,"","","",55565,"","","",21725,"","","",42310,"","","",33985,"","","",4,62871,0.0,16.0,30.7,37.4,12.6,18.8,26.0,18.8,"","","","","",""
"A0662","Contra Costa","El Cerrito, Richmond","https://www.californiahealthmaps.org?address=A0662","Male","Kidney",152645,16.6,11.0,24.4,53035,"","","",18465,"","","",43940,"","","",29260,"","","",4,62871,0.0,16.0,30.7,37.4,12.6,18.8,26.0,18.8,"","","","","",""
"A0662","Contra Costa","El Cerrito, Richmond","https://www.californiahealthmaps.org?address=A0662","Female","Kidney",161710,10.7,6.6,17.1,55565,"","","",21725,"","","",42310,"","","",33985,"","","",4,62871,0.0,16.0,30.7,37.4,12.6,18.8,26.0,18.8,"","","","","",""
"A0662","Contra Costa","El Cerrito, Richmond","https://www.californiahealthmaps.org?address=A0662","Male","Thyroid",152645,"","","",53035,"","","",18465,"","","",43940,"","","",29260,"","","",4,62871,0.0,16.0,30.7,37.4,12.6,18.8,26.0,18.8,"","","","","",""
"A0662","Contra Costa","El Cerrito, Richmond","https://www.californiahealthmaps.org?address=A0662","Female","Thyroid",161710,17.0,11.2,25.1,55565,"","","",21725,"","","",42310,"","","",33985,"","","",4,62871,0.0,16.0,30.7,37.4,12.6,18.8,26.0,18.8,"","","","","",""
"A0662","Contra Costa","El Cerrito, Richmond","https://www.californiahealthmaps.org?address=A0662","Male","Liver",152645,14.6,9.4,22.0,53035,"","","",18465,"","","",43940,"","","",29260,"","","",4,62871,0.0,16.0,30.7,37.4,12.6,18.8,26.0,18.8,"","","","","",""
"A0662","Contra Costa","El Cerrito, Richmond","https://www.californiahealthmaps.org?address=A0662","Female","Liver",161710,"","","",55565,"","","",21725,"","","",42310,"","","",33985,"","","",4,62871,0.0,16.0,30.7,37.4,12.6,18.8,26.0,18.8,"","","","","",""
"A0662","Contra Costa","El Cerrito, Richmond","https://www.californiahealthmaps.org?address=A0662","Male","Pancreas",152645,13.8,8.5,21.4,53035,"","","",18465,"","","",43940,"","","",29260,"","","",4,62871,0.0,16.0,30.7,37.4,12.6,18.8,26.0,18.8,"","","","","",""
"A0662","Contra Costa","El Cerrito, Richmond","https://www.californiahealthmaps.org?address=A0662","Female","Pancreas",161710,13.1,8.5,19.8,55565,"","","",21725,"","","",42310,"","","",33985,"","","",4,62871,0.0,16.0,30.7,37.4,12.6,18.8,26.0,18.8,"","","","","",""
"A0662","Contra Costa","El Cerrito, Richmond","https://www.californiahealthmaps.org?address=A0662","Both","AllSite",314355,411.6,390.9,433.4,108600,449.4,416.1,486.7,40190,495.0,435.8,562.7,86250,397.1,340.2,462.2,63245,328.0,289.1,372.7,4,62871,0.0,16.0,30.7,37.4,12.6,18.8,26.0,18.8,"","","","","",""
"A0662","Contra Costa","El Cerrito, Richmond","https://www.californiahealthmaps.org?address=A0662","Both","Lung",314355,42.2,35.7,49.7,108600,42.7,33.4,56.5,40190,60.7,42.2,88.5,86250,44.8,25.5,74.1,63245,30.8,20.0,48.3,4,62871,0.0,16.0,30.7,37.4,12.6,18.8,26.0,18.8,"","","","","",""
"A0662","Contra Costa","El Cerrito, Richmond","https://www.californiahealthmaps.org?address=A0662","Both","CRC",314355,39.7,33.5,47.0,108600,43.7,34.1,58.0,40190,42.0,26.2,67.7,86250,43.1,25.9,69.2,63245,28.1,17.9,45.0,4,62871,0.0,16.0,30.7,37.4,12.6,18.8,26.0,18.8,"","","","","",""
"A0662","Contra Costa","El Cerrito, Richmond","https://www.californiahealthmaps.org?address=A0662","Both","Mela",314355,20.4,16.0,25.8,108600,43.5,32.9,58.9,40190,"","","",86250,"","","",63245,"","","",4,62871,0.0,16.0,30.7,37.4,12.6,18.8,26.0,18.8,"","","","","",""
"A0662","Contra Costa","El Cerrito, Richmond","https://www.californiahealthmaps.org?address=A0662","Both","Lymph",314355,20.7,16.2,26.2,108600,24.8,17.5,37.2,40190,"","","",86250,"","","",63245,21.3,12.5,37.0,4,62871,0.0,16.0,30.7,37.4,12.6,18.8,26.0,18.8,"","","","","",""
"A0662","Contra Costa","El Cerrito, Richmond","https://www.californiahealthmaps.org?address=A0662","Both","Urinary",314355,7.5,4.9,11.1,108600,8.3,4.4,17.9,40190,"","","",86250,"","","",63245,"","","",4,62871,0.0,16.0,30.7,37.4,12.6,18.8,26.0,18.8,"","","","","",""
"A0662","Contra Costa","El Cerrito, Richmond","https://www.californiahealthmaps.org?address=A0662","Both","Kidney",314355,12.9,9.6,17.4,108600,12.2,7.8,22.0,40190,"","","",86250,"","","",63245,"","","",4,62871,0.0,16.0,30.7,37.4,12.6,18.8,26.0,18.8,"","","","","",""
"A0662","Contra Costa","El Cerrito, Richmond","https://www.californiahealthmaps.org?address=A0662","Both","Thyroid",314355,12.9,9.3,17.8,108600,16.0,9.5,28.0,40190,"","","",86250,"","","",63245,"","","",4,62871,0.0,16.0,30.7,37.4,12.6,18.8,26.0,18.8,"","","","","",""
"A0662","Contra Costa","El Cerrito, Richmond","https://www.californiahealthmaps.org?address=A0662","Both","Liver",314355,9.4,6.6,13.3,108600,"","","",40190,"","","",86250,"","","",63245,"","","",4,62871,0.0,16.0,30.7,37.4,12.6,18.8,26.0,18.8,"","","","","",""
"A0662","Contra Costa","El Cerrito, Richmond","https://www.californiahealthmaps.org?address=A0662","Both","Pancreas",314355,12.9,9.5,17.5,108600,8.5,4.7,18.1,40190,"","","",86250,"","","",63245,18.7,10.6,33.9,4,62871,0.0,16.0,30.7,37.4,12.6,18.8,26.0,18.8,"","","","","",""
