"Zone","Counties","Cities","URL","Sex","Cancer","PopTot","AAIR","LCI","UCI","White_PopTot","White_AAIR","White_LCI","White_UCI","Black_PopTot","Black_AAIR","Black_LCI","Black_UCI","Hispanic_PopTot","Hispanic_AAIR","Hispanic_LCI","Hispanic_UCI","Asian_PopTot","Asian_AAIR","Asian_LCI","Asian_UCI","QNSES","PopAll","PerRural","PerUninsured","PerForeignBorn","PerWhite","PerBlack","PerAsian","PerHispanic"
"A0054","Los Angeles","Long Beach","https://www.californiahealthmaps.org?address=A0054","Male","AllSite",141495,485.4,449.9,523.8,93865,491.5,451.7,535.7,"","","","",22845,419.0,299.2,583.7,11930,315.8,189.0,510.3,5,58568,0.0,10.6,14.4,65.2,4.6,8.9,17.4
"A0054","Los Angeles","Long Beach","https://www.californiahealthmaps.org?address=A0054","Female","AllSite",151345,435.3,403.7,469.5,95830,442.5,405.9,483.7,"","","","",26120,451.3,348.7,580.7,15390,369.2,259.0,528.9,5,58568,0.0,10.6,14.4,65.2,4.6,8.9,17.4
"A0054","Los Angeles","Long Beach","https://www.californiahealthmaps.org?address=A0054","Male","Prostate",141495,109.3,93.2,128.2,93865,99.3,82.7,120.5,"","","","",22845,"","","",11930,"","","",5,58568,0.0,10.6,14.4,65.2,4.6,8.9,17.4
"A0054","Los Angeles","Long Beach","https://www.californiahealthmaps.org?address=A0054","Female","Breast",151345,159.6,140.6,181.3,95830,159.2,137.4,185.8,"","","","",26120,192.2,128.9,283.2,15390,183.2,108.6,310.8,5,58568,0.0,10.6,14.4,65.2,4.6,8.9,17.4
"A0054","Los Angeles","Long Beach","https://www.californiahealthmaps.org?address=A0054","Male","Lung",141495,47.3,36.5,61.3,93865,46.1,34.6,62.6,"","","","",22845,"","","",11930,"","","",5,58568,0.0,10.6,14.4,65.2,4.6,8.9,17.4
"A0054","Los Angeles","Long Beach","https://www.californiahealthmaps.org?address=A0054","Female","Lung",151345,41.0,31.7,53.3,95830,43.8,33.1,59.8,"","","","",26120,"","","",15390,"","","",5,58568,0.0,10.6,14.4,65.2,4.6,8.9,17.4
"A0054","Los Angeles","Long Beach","https://www.californiahealthmaps.org?address=A0054","Male","CRC",141495,31.5,22.9,43.1,93865,33.0,23.4,47.8,"","","","",22845,"","","",11930,"","","",5,58568,0.0,10.6,14.4,65.2,4.6,8.9,17.4
"A0054","Los Angeles","Long Beach","https://www.californiahealthmaps.org?address=A0054","Female","CRC",151345,24.3,17.4,34.2,95830,24.9,17.0,38.6,"","","","",26120,"","","",15390,"","","",5,58568,0.0,10.6,14.4,65.2,4.6,8.9,17.4
"A0054","Los Angeles","Long Beach","https://www.californiahealthmaps.org?address=A0054","Male","Mela",141495,63.5,51.3,78.6,93865,74.2,59.5,93.7,"","","","",22845,"","","",11930,"","","",5,58568,0.0,10.6,14.4,65.2,4.6,8.9,17.4
"A0054","Los Angeles","Long Beach","https://www.californiahealthmaps.org?address=A0054","Female","Mela",151345,33.0,24.8,44.1,95830,38.9,28.5,54.8,"","","","",26120,"","","",15390,"","","",5,58568,0.0,10.6,14.4,65.2,4.6,8.9,17.4
"A0054","Los Angeles","Long Beach","https://www.californiahealthmaps.org?address=A0054","Female","Uterine",151345,27.7,20.3,38.0,95830,27.3,19.2,41.0,"","","","",26120,"","","",15390,"","","",5,58568,0.0,10.6,14.4,65.2,4.6,8.9,17.4
"A0054","Los Angeles","Long Beach","https://www.californiahealthmaps.org?address=A0054","Male","Lymph",141495,22.8,15.9,32.8,93865,22.2,14.8,34.9,"","","","",22845,"","","",11930,"","","",5,58568,0.0,10.6,14.4,65.2,4.6,8.9,17.4
"A0054","Los Angeles","Long Beach","https://www.californiahealthmaps.org?address=A0054","Female","Lymph",151345,14.2,9.1,22.4,95830,11.8,6.8,23.2,"","","","",26120,"","","",15390,"","","",5,58568,0.0,10.6,14.4,65.2,4.6,8.9,17.4
"A0054","Los Angeles","Long Beach","https://www.californiahealthmaps.org?address=A0054","Male","Urinary",141495,21.0,14.0,31.1,93865,22.8,15.0,35.9,"","","","",22845,"","","",11930,"","","",5,58568,0.0,10.6,14.4,65.2,4.6,8.9,17.4
"A0054","Los Angeles","Long Beach","https://www.californiahealthmaps.org?address=A0054","Female","Urinary",151345,5.1,2.3,11.5,95830,"","","","","","","",26120,"","","",15390,"","","",5,58568,0.0,10.6,14.4,65.2,4.6,8.9,17.4
"A0054","Los Angeles","Long Beach","https://www.californiahealthmaps.org?address=A0054","Male","Kidney",141495,20.5,13.6,30.6,93865,15.1,8.6,27.3,"","","","",22845,"","","",11930,"","","",5,58568,0.0,10.6,14.4,65.2,4.6,8.9,17.4
"A0054","Los Angeles","Long Beach","https://www.californiahealthmaps.org?address=A0054","Female","Kidney",151345,5.2,2.4,11.5,95830,"","","","","","","",26120,"","","",15390,"","","",5,58568,0.0,10.6,14.4,65.2,4.6,8.9,17.4
"A0054","Los Angeles","Long Beach","https://www.californiahealthmaps.org?address=A0054","Male","Thyroid",141495,6.7,3.2,13.8,93865,"","","","","","","",22845,"","","",11930,"","","",5,58568,0.0,10.6,14.4,65.2,4.6,8.9,17.4
"A0054","Los Angeles","Long Beach","https://www.californiahealthmaps.org?address=A0054","Female","Thyroid",151345,16.9,10.8,26.2,95830,15.4,8.7,28.4,"","","","",26120,"","","",15390,"","","",5,58568,0.0,10.6,14.4,65.2,4.6,8.9,17.4
"A0054","Los Angeles","Long Beach","https://www.californiahealthmaps.org?address=A0054","Both","AllSite",292840,456.7,433.1,481.6,189695,463.2,436.3,492.3,14975,458.7,339.7,613.7,48965,432.7,355.3,525.2,27320,338.7,255.3,449.0,5,58568,0.0,10.6,14.4,65.2,4.6,8.9,17.4
"A0054","Los Angeles","Long Beach","https://www.californiahealthmaps.org?address=A0054","Both","Lung",292840,43.9,36.6,52.6,189695,44.8,36.8,55.2,14975,"","","",48965,"","","",27320,"","","",5,58568,0.0,10.6,14.4,65.2,4.6,8.9,17.4
"A0054","Los Angeles","Long Beach","https://www.californiahealthmaps.org?address=A0054","Both","CRC",292840,27.5,22.0,34.5,189695,28.7,22.4,37.5,14975,"","","",48965,"","","",27320,"","","",5,58568,0.0,10.6,14.4,65.2,4.6,8.9,17.4
"A0054","Los Angeles","Long Beach","https://www.californiahealthmaps.org?address=A0054","Both","Mela",292840,47.4,40.1,56.1,189695,55.9,46.9,67.4,14975,"","","",48965,"","","",27320,"","","",5,58568,0.0,10.6,14.4,65.2,4.6,8.9,17.4
"A0054","Los Angeles","Long Beach","https://www.californiahealthmaps.org?address=A0054","Both","Lymph",292840,18.4,14.1,24.3,189695,17.1,12.5,24.3,14975,"","","",48965,"","","",27320,"","","",5,58568,0.0,10.6,14.4,65.2,4.6,8.9,17.4
"A0054","Los Angeles","Long Beach","https://www.californiahealthmaps.org?address=A0054","Both","Urinary",292840,12.1,8.5,17.2,189695,13.3,9.2,20.0,14975,"","","",48965,"","","",27320,"","","",5,58568,0.0,10.6,14.4,65.2,4.6,8.9,17.4
"A0054","Los Angeles","Long Beach","https://www.californiahealthmaps.org?address=A0054","Both","Kidney",292840,12.8,9.0,18.2,189695,10.4,6.6,17.1,14975,"","","",48965,"","","",27320,"","","",5,58568,0.0,10.6,14.4,65.2,4.6,8.9,17.4
"A0054","Los Angeles","Long Beach","https://www.californiahealthmaps.org?address=A0054","Both","Thyroid",292840,11.8,8.2,17.1,189695,11.7,7.5,18.7,14975,"","","",48965,"","","",27320,"","","",5,58568,0.0,10.6,14.4,65.2,4.6,8.9,17.4
