"Zone","Counties","Cities","URL","Sex","Cancer","PopTot","AAIR","LCI","UCI","White_PopTot","White_AAIR","White_LCI","White_UCI","Black_PopTot","Black_AAIR","Black_LCI","Black_UCI","Hispanic_PopTot","Hispanic_AAIR","Hispanic_LCI","Hispanic_UCI","Asian_PopTot","Asian_AAIR","Asian_LCI","Asian_UCI","QNSES","PopAll","PerRural","PerUninsured","PerForeignBorn","PerWhite","PerBlack","PerAsian","PerHispanic","PerAPI","PerDocvisit","PerFOBT","PerMammo","PerMenPrev","PerPap","PerWomenPrev"
"A0990","Solano","Vallejo, Benicia","https://www.californiahealthmaps.org?address=A0990","Male","AllSite",171375,505.4,470.9,542.1,68165,558.8,509.0,614.0,25645,583.8,490.3,692.6,31170,446.4,330.7,599.8,36715,347.6,288.3,420.9,4,70907,0.5,12.1,22.4,39.6,14.2,20.6,19.0,20.6,"","","","","",""
"A0990","Solano","Vallejo, Benicia","https://www.californiahealthmaps.org?address=A0990","Female","AllSite",183160,467.9,438.3,499.3,72180,491.4,446.8,541.4,28860,535.8,456.3,627.1,31315,515.9,417.8,633.6,40880,393.5,337.9,457.7,4,70907,0.5,12.1,22.4,39.6,14.2,20.6,19.0,20.6,"","","","","",""
"A0990","Solano","Vallejo, Benicia","https://www.californiahealthmaps.org?address=A0990","Male","Prostate",171375,133.8,116.8,152.9,68165,139.8,116.8,168.4,25645,170.0,122.5,233.1,31170,149.9,83.9,258.0,36715,87.8,60.9,130.0,4,70907,0.5,12.1,22.4,39.6,14.2,20.6,19.0,20.6,"","","","","",""
"A0990","Solano","Vallejo, Benicia","https://www.californiahealthmaps.org?address=A0990","Female","Breast",183160,150.7,134.3,168.9,72180,143.1,119.8,172.0,28860,198.1,149.7,259.1,31315,181.0,125.9,256.2,40880,149.5,116.8,190.8,4,70907,0.5,12.1,22.4,39.6,14.2,20.6,19.0,20.6,"","","","","",""
"A0990","Solano","Vallejo, Benicia","https://www.californiahealthmaps.org?address=A0990","Male","Lung",171375,57.0,45.4,71.0,68165,60.4,44.6,82.3,25645,73.3,42.3,121.4,31170,"","","",36715,44.7,24.6,82.1,4,70907,0.5,12.1,22.4,39.6,14.2,20.6,19.0,20.6,"","","","","",""
"A0990","Solano","Vallejo, Benicia","https://www.californiahealthmaps.org?address=A0990","Female","Lung",183160,53.4,43.7,64.8,72180,67.6,52.7,88.2,28860,56.1,33.0,92.2,31315,"","","",40880,35.1,19.9,60.2,4,70907,0.5,12.1,22.4,39.6,14.2,20.6,19.0,20.6,"","","","","",""
"A0990","Solano","Vallejo, Benicia","https://www.californiahealthmaps.org?address=A0990","Male","CRC",171375,41.2,32.0,52.7,68165,40.6,27.7,60.0,25645,59.0,33.2,101.3,31170,"","","",36715,35.7,19.3,69.2,4,70907,0.5,12.1,22.4,39.6,14.2,20.6,19.0,20.6,"","","","","",""
"A0990","Solano","Vallejo, Benicia","https://www.californiahealthmaps.org?address=A0990","Female","CRC",183160,40.1,31.9,50.2,72180,36.3,25.6,53.1,28860,41.3,22.4,73.0,31315,68.3,36.8,121.3,40880,39.2,22.4,65.9,4,70907,0.5,12.1,22.4,39.6,14.2,20.6,19.0,20.6,"","","","","",""
"A0990","Solano","Vallejo, Benicia","https://www.californiahealthmaps.org?address=A0990","Male","Mela",171375,23.7,17.0,32.6,68165,41.2,29.0,59.7,25645,"","","",31170,"","","",36715,"","","",4,70907,0.5,12.1,22.4,39.6,14.2,20.6,19.0,20.6,"","","","","",""
"A0990","Solano","Vallejo, Benicia","https://www.californiahealthmaps.org?address=A0990","Female","Mela",183160,16.4,11.0,23.8,72180,29.2,17.7,47.8,28860,"","","",31315,"","","",40880,"","","",4,70907,0.5,12.1,22.4,39.6,14.2,20.6,19.0,20.6,"","","","","",""
"A0990","Solano","Vallejo, Benicia","https://www.californiahealthmaps.org?address=A0990","Female","Uterine",183160,33.6,26.4,42.5,72180,30.0,20.2,45.9,28860,35.6,19.8,63.7,31315,"","","",40880,36.5,22.1,60.2,4,70907,0.5,12.1,22.4,39.6,14.2,20.6,19.0,20.6,"","","","","",""
"A0990","Solano","Vallejo, Benicia","https://www.californiahealthmaps.org?address=A0990","Male","Lymph",171375,30.1,21.9,40.6,68165,27.9,17.3,45.2,25645,"","","",31170,"","","",36715,"","","",4,70907,0.5,12.1,22.4,39.6,14.2,20.6,19.0,20.6,"","","","","",""
"A0990","Solano","Vallejo, Benicia","https://www.californiahealthmaps.org?address=A0990","Female","Lymph",183160,17.3,11.9,24.6,72180,21.9,13.1,37.3,28860,"","","",31315,"","","",40880,"","","",4,70907,0.5,12.1,22.4,39.6,14.2,20.6,19.0,20.6,"","","","","",""
"A0990","Solano","Vallejo, Benicia","https://www.californiahealthmaps.org?address=A0990","Male","Urinary",171375,18.7,12.2,27.6,68165,27.6,17.1,44.8,25645,"","","",31170,"","","",36715,"","","",4,70907,0.5,12.1,22.4,39.6,14.2,20.6,19.0,20.6,"","","","","",""
"A0990","Solano","Vallejo, Benicia","https://www.californiahealthmaps.org?address=A0990","Female","Urinary",183160,"","","",72180,"","","",28860,"","","",31315,"","","",40880,"","","",4,70907,0.5,12.1,22.4,39.6,14.2,20.6,19.0,20.6,"","","","","",""
"A0990","Solano","Vallejo, Benicia","https://www.californiahealthmaps.org?address=A0990","Male","Kidney",171375,26.2,19.0,35.8,68165,28.9,18.4,46.2,25645,"","","",31170,"","","",36715,"","","",4,70907,0.5,12.1,22.4,39.6,14.2,20.6,19.0,20.6,"","","","","",""
"A0990","Solano","Vallejo, Benicia","https://www.californiahealthmaps.org?address=A0990","Female","Kidney",183160,19.0,13.6,26.4,72180,18.2,10.6,32.5,28860,"","","",31315,"","","",40880,"","","",4,70907,0.5,12.1,22.4,39.6,14.2,20.6,19.0,20.6,"","","","","",""
"A0990","Solano","Vallejo, Benicia","https://www.californiahealthmaps.org?address=A0990","Male","Thyroid",171375,7.1,3.9,12.5,68165,"","","",25645,"","","",31170,"","","",36715,"","","",4,70907,0.5,12.1,22.4,39.6,14.2,20.6,19.0,20.6,"","","","","",""
"A0990","Solano","Vallejo, Benicia","https://www.californiahealthmaps.org?address=A0990","Female","Thyroid",183160,16.7,11.2,24.2,72180,"","","",28860,"","","",31315,"","","",40880,"","","",4,70907,0.5,12.1,22.4,39.6,14.2,20.6,19.0,20.6,"","","","","",""
"A0990","Solano","Vallejo, Benicia","https://www.californiahealthmaps.org?address=A0990","Male","Liver",171375,15.0,10.1,22.1,68165,13.1,7.3,25.9,25645,"","","",31170,"","","",36715,"","","",4,70907,0.5,12.1,22.4,39.6,14.2,20.6,19.0,20.6,"","","","","",""
"A0990","Solano","Vallejo, Benicia","https://www.californiahealthmaps.org?address=A0990","Female","Liver",183160,6.5,3.5,11.4,72180,"","","",28860,"","","",31315,"","","",40880,"","","",4,70907,0.5,12.1,22.4,39.6,14.2,20.6,19.0,20.6,"","","","","",""
"A0990","Solano","Vallejo, Benicia","https://www.californiahealthmaps.org?address=A0990","Male","Pancreas",171375,18.3,12.2,26.7,68165,20.4,12.4,35.2,25645,"","","",31170,"","","",36715,"","","",4,70907,0.5,12.1,22.4,39.6,14.2,20.6,19.0,20.6,"","","","","",""
"A0990","Solano","Vallejo, Benicia","https://www.californiahealthmaps.org?address=A0990","Female","Pancreas",183160,16.3,11.2,23.2,72180,19.7,12.0,34.0,28860,"","","",31315,"","","",40880,"","","",4,70907,0.5,12.1,22.4,39.6,14.2,20.6,19.0,20.6,"","","","","",""
"A0990","Solano","Vallejo, Benicia","https://www.californiahealthmaps.org?address=A0990","Both","AllSite",354535,480.9,458.6,504.1,140345,517.9,485.0,553.5,54505,554.7,494.0,621.7,62485,473.4,400.1,558.2,77595,375.7,334.5,421.6,4,70907,0.5,12.1,22.4,39.6,14.2,20.6,19.0,20.6,"","","","","",""
"A0990","Solano","Vallejo, Benicia","https://www.californiahealthmaps.org?address=A0990","Both","Lung",354535,54.4,46.9,62.8,140345,63.7,52.8,77.4,54505,62.8,43.7,88.7,62485,"","","",77595,39.5,26.7,57.4,4,70907,0.5,12.1,22.4,39.6,14.2,20.6,19.0,20.6,"","","","","",""
"A0990","Solano","Vallejo, Benicia","https://www.californiahealthmaps.org?address=A0990","Both","CRC",354535,40.6,34.3,47.7,140345,37.5,29.2,48.8,54505,48.3,32.4,70.6,62485,52.0,31.1,84.8,77595,39.1,26.1,57.3,4,70907,0.5,12.1,22.4,39.6,14.2,20.6,19.0,20.6,"","","","","",""
"A0990","Solano","Vallejo, Benicia","https://www.californiahealthmaps.org?address=A0990","Both","Mela",354535,19.5,15.2,24.8,140345,34.4,25.9,45.9,54505,"","","",62485,"","","",77595,"","","",4,70907,0.5,12.1,22.4,39.6,14.2,20.6,19.0,20.6,"","","","","",""
"A0990","Solano","Vallejo, Benicia","https://www.californiahealthmaps.org?address=A0990","Both","Lymph",354535,23.1,18.3,29.0,140345,24.9,17.8,35.1,54505,28.3,15.6,48.4,62485,"","","",77595,"","","",4,70907,0.5,12.1,22.4,39.6,14.2,20.6,19.0,20.6,"","","","","",""
"A0990","Solano","Vallejo, Benicia","https://www.californiahealthmaps.org?address=A0990","Both","Urinary",354535,10.2,7.0,14.3,140345,14.1,9.1,22.3,54505,"","","",62485,"","","",77595,"","","",4,70907,0.5,12.1,22.4,39.6,14.2,20.6,19.0,20.6,"","","","","",""
"A0990","Solano","Vallejo, Benicia","https://www.californiahealthmaps.org?address=A0990","Both","Kidney",354535,22.4,17.8,27.9,140345,23.3,16.6,33.0,54505,30.8,18.4,49.8,62485,"","","",77595,"","","",4,70907,0.5,12.1,22.4,39.6,14.2,20.6,19.0,20.6,"","","","","",""
"A0990","Solano","Vallejo, Benicia","https://www.californiahealthmaps.org?address=A0990","Both","Thyroid",354535,12.1,8.8,16.5,140345,12.8,7.8,21.2,54505,"","","",62485,"","","",77595,"","","",4,70907,0.5,12.1,22.4,39.6,14.2,20.6,19.0,20.6,"","","","","",""
"A0990","Solano","Vallejo, Benicia","https://www.californiahealthmaps.org?address=A0990","Both","Liver",354535,10.4,7.5,14.2,140345,9.2,5.7,16.0,54505,"","","",62485,"","","",77595,"","","",4,70907,0.5,12.1,22.4,39.6,14.2,20.6,19.0,20.6,"","","","","",""
"A0990","Solano","Vallejo, Benicia","https://www.californiahealthmaps.org?address=A0990","Both","Pancreas",354535,17.3,13.2,22.2,140345,20.3,14.5,29.2,54505,"","","",62485,"","","",77595,"","","",4,70907,0.5,12.1,22.4,39.6,14.2,20.6,19.0,20.6,"","","","","",""
