"Zone","Counties","Cities","URL","Sex","Cancer","PopTot","AAIR","LCI","UCI","White_PopTot","White_AAIR","White_LCI","White_UCI","Black_PopTot","Black_AAIR","Black_LCI","Black_UCI","Hispanic_PopTot","Hispanic_AAIR","Hispanic_LCI","Hispanic_UCI","Asian_PopTot","Asian_AAIR","Asian_LCI","Asian_UCI","QNSES","PopAll","PerRural","PerUninsured","PerForeignBorn","PerWhite","PerBlack","PerAsian","PerHispanic"
"A0395","Tulare","Visalia","https://www.californiahealthmaps.org?address=A0395","Male","AllSite",169575,461.4,425.9,499.2,74270,456.1,413.4,502.9,"","","","",84045,429.0,360.6,509.2,"","","","",2,68961,8.0,18.8,15.6,44.6,1.7,2.3,49.3
"A0395","Tulare","Visalia","https://www.californiahealthmaps.org?address=A0395","Female","AllSite",175230,412.1,381.5,444.7,79260,421.3,382.4,464.2,"","","","",84520,355.3,301.8,417.9,"","","","",2,68961,8.0,18.8,15.6,44.6,1.7,2.3,49.3
"A0395","Tulare","Visalia","https://www.californiahealthmaps.org?address=A0395","Male","Prostate",169575,91.9,76.7,109.6,74270,90.0,72.4,111.8,"","","","",84045,94.2,62.4,139.2,"","","","",2,68961,8.0,18.8,15.6,44.6,1.7,2.3,49.3
"A0395","Tulare","Visalia","https://www.californiahealthmaps.org?address=A0395","Female","Breast",175230,130.2,113.2,149.2,79260,133.7,112.2,159.3,"","","","",84520,119.1,89.0,158.7,"","","","",2,68961,8.0,18.8,15.6,44.6,1.7,2.3,49.3
"A0395","Tulare","Visalia","https://www.californiahealthmaps.org?address=A0395","Male","Lung",169575,61.2,48.4,76.5,74270,68.2,52.1,88.6,"","","","",84045,"","","","","","","",2,68961,8.0,18.8,15.6,44.6,1.7,2.3,49.3
"A0395","Tulare","Visalia","https://www.californiahealthmaps.org?address=A0395","Female","Lung",175230,37.6,28.7,48.6,79260,45.3,33.9,60.8,"","","","",84520,"","","","","","","",2,68961,8.0,18.8,15.6,44.6,1.7,2.3,49.3
"A0395","Tulare","Visalia","https://www.californiahealthmaps.org?address=A0395","Male","CRC",169575,50.1,38.9,63.8,74270,48.1,34.9,65.6,"","","","",84045,53.2,31.5,88.0,"","","","",2,68961,8.0,18.8,15.6,44.6,1.7,2.3,49.3
"A0395","Tulare","Visalia","https://www.californiahealthmaps.org?address=A0395","Female","CRC",175230,31.1,23.1,41.3,79260,32.1,22.3,46.3,"","","","",84520,"","","","","","","",2,68961,8.0,18.8,15.6,44.6,1.7,2.3,49.3
"A0395","Tulare","Visalia","https://www.californiahealthmaps.org?address=A0395","Male","Mela",169575,28.5,20.4,39.1,74270,30.9,20.8,45.4,"","","","",84045,"","","","","","","",2,68961,8.0,18.8,15.6,44.6,1.7,2.3,49.3
"A0395","Tulare","Visalia","https://www.californiahealthmaps.org?address=A0395","Female","Mela",175230,16.4,10.9,23.9,79260,22.3,13.6,35.7,"","","","",84520,"","","","","","","",2,68961,8.0,18.8,15.6,44.6,1.7,2.3,49.3
"A0395","Tulare","Visalia","https://www.californiahealthmaps.org?address=A0395","Female","Uterine",175230,28.7,21.2,38.1,79260,26.8,17.8,40.3,"","","","",84520,41.1,24.6,67.8,"","","","",2,68961,8.0,18.8,15.6,44.6,1.7,2.3,49.3
"A0395","Tulare","Visalia","https://www.californiahealthmaps.org?address=A0395","Male","Lymph",169575,20.2,13.2,29.8,74270,17.1,9.7,29.3,"","","","",84045,"","","","","","","",2,68961,8.0,18.8,15.6,44.6,1.7,2.3,49.3
"A0395","Tulare","Visalia","https://www.californiahealthmaps.org?address=A0395","Female","Lymph",175230,22.5,15.8,31.2,79260,25.1,16.6,38.0,"","","","",84520,"","","","","","","",2,68961,8.0,18.8,15.6,44.6,1.7,2.3,49.3
"A0395","Tulare","Visalia","https://www.californiahealthmaps.org?address=A0395","Male","Urinary",169575,15.8,9.8,24.4,74270,16.9,9.7,28.6,"","","","",84045,"","","","","","","",2,68961,8.0,18.8,15.6,44.6,1.7,2.3,49.3
"A0395","Tulare","Visalia","https://www.californiahealthmaps.org?address=A0395","Female","Urinary",175230,3.7,1.3,8.4,79260,"","","","","","","",84520,"","","","","","","",2,68961,8.0,18.8,15.6,44.6,1.7,2.3,49.3
"A0395","Tulare","Visalia","https://www.californiahealthmaps.org?address=A0395","Male","Kidney",169575,28.6,20.3,39.6,74270,25.7,16.3,39.6,"","","","",84045,"","","","","","","",2,68961,8.0,18.8,15.6,44.6,1.7,2.3,49.3
"A0395","Tulare","Visalia","https://www.californiahealthmaps.org?address=A0395","Female","Kidney",175230,11.1,6.4,18.0,79260,"","","","","","","",84520,"","","","","","","",2,68961,8.0,18.8,15.6,44.6,1.7,2.3,49.3
"A0395","Tulare","Visalia","https://www.californiahealthmaps.org?address=A0395","Male","Thyroid",169575,4.5,1.8,10.0,74270,"","","","","","","",84045,"","","","","","","",2,68961,8.0,18.8,15.6,44.6,1.7,2.3,49.3
"A0395","Tulare","Visalia","https://www.californiahealthmaps.org?address=A0395","Female","Thyroid",175230,22.7,16.1,31.4,79260,23.8,14.3,38.2,"","","","",84520,"","","","","","","",2,68961,8.0,18.8,15.6,44.6,1.7,2.3,49.3
"A0395","Tulare","Visalia","https://www.californiahealthmaps.org?address=A0395","Both","AllSite",344805,429.7,406.7,453.7,153530,431.9,403.5,462.3,"","","","",168565,383.9,341.5,431.0,"","","","",2,68961,8.0,18.8,15.6,44.6,1.7,2.3,49.3
"A0395","Tulare","Visalia","https://www.californiahealthmaps.org?address=A0395","Both","Lung",344805,47.8,40.2,56.5,153530,55.0,45.3,66.6,"","","","",168565,22.2,12.3,37.7,"","","","",2,68961,8.0,18.8,15.6,44.6,1.7,2.3,49.3
"A0395","Tulare","Visalia","https://www.californiahealthmaps.org?address=A0395","Both","CRC",344805,39.3,32.5,47.1,153530,38.6,30.5,48.6,"","","","",168565,41.7,28.1,60.5,"","","","",2,68961,8.0,18.8,15.6,44.6,1.7,2.3,49.3
"A0395","Tulare","Visalia","https://www.californiahealthmaps.org?address=A0395","Both","Mela",344805,21.9,17.1,27.9,153530,26.0,19.3,34.8,"","","","",168565,"","","","","","","",2,68961,8.0,18.8,15.6,44.6,1.7,2.3,49.3
"A0395","Tulare","Visalia","https://www.californiahealthmaps.org?address=A0395","Both","Lymph",344805,21.0,16.2,27.0,153530,21.0,15.2,29.0,"","","","",168565,18.5,10.1,32.3,"","","","",2,68961,8.0,18.8,15.6,44.6,1.7,2.3,49.3
"A0395","Tulare","Visalia","https://www.californiahealthmaps.org?address=A0395","Both","Urinary",344805,9.1,6.0,13.4,153530,10.1,6.3,16.0,"","","","",168565,"","","","","","","",2,68961,8.0,18.8,15.6,44.6,1.7,2.3,49.3
"A0395","Tulare","Visalia","https://www.californiahealthmaps.org?address=A0395","Both","Kidney",344805,18.6,14.0,24.3,153530,16.2,11.2,23.5,"","","","",168565,17.2,9.7,29.8,"","","","",2,68961,8.0,18.8,15.6,44.6,1.7,2.3,49.3
"A0395","Tulare","Visalia","https://www.californiahealthmaps.org?address=A0395","Both","Thyroid",344805,13.9,10.1,18.8,153530,13.9,8.7,21.4,"","","","",168565,11.4,6.2,21.7,"","","","",2,68961,8.0,18.8,15.6,44.6,1.7,2.3,49.3
