"Zone","Counties","Cities","URL","Sex","Cancer","PopTot","AAIR","LCI","UCI","White_PopTot","White_AAIR","White_LCI","White_UCI","Black_PopTot","Black_AAIR","Black_LCI","Black_UCI","Hispanic_PopTot","Hispanic_AAIR","Hispanic_LCI","Hispanic_UCI","Asian_PopTot","Asian_AAIR","Asian_LCI","Asian_UCI","QNSES","PopAll","PerRural","PerUninsured","PerForeignBorn","PerWhite","PerBlack","PerAsian","PerHispanic"
"A0598","San Joaquin","Lathrop, Stockton, Tracy","https://www.californiahealthmaps.org?address=A0598","Male","AllSite",174015,499.0,461.1,539.6,68875,518.9,469.0,573.4,12705,868.6,606.0,1296.8,60670,440.9,358.7,541.8,23985,380.8,294.0,489.6,3,70918,3.8,12.1,21.9,40.5,6.3,14.8,33.5
"A0598","San Joaquin","Lathrop, Stockton, Tracy","https://www.californiahealthmaps.org?address=A0598","Female","AllSite",180575,420.5,390.1,452.9,72505,420.4,379.5,465.7,13835,622.4,472.3,815.8,59565,388.9,326.0,462.3,26400,372.8,300.2,459.6,3,70918,3.8,12.1,21.9,40.5,6.3,14.8,33.5
"A0598","San Joaquin","Lathrop, Stockton, Tracy","https://www.californiahealthmaps.org?address=A0598","Male","Prostate",174015,110.2,92.9,130.2,68875,109.2,87.7,135.5,12705,166.1,88.4,449.6,60670,96.6,59.2,155.3,23985,104.2,60.3,172.2,3,70918,3.8,12.1,21.9,40.5,6.3,14.8,33.5
"A0598","San Joaquin","Lathrop, Stockton, Tracy","https://www.californiahealthmaps.org?address=A0598","Female","Breast",180575,122.7,106.7,140.6,72505,128.8,106.6,155.7,13835,163.8,93.6,280.6,59565,108.6,77.5,150.4,26400,105.5,71.2,153.8,3,70918,3.8,12.1,21.9,40.5,6.3,14.8,33.5
"A0598","San Joaquin","Lathrop, Stockton, Tracy","https://www.californiahealthmaps.org?address=A0598","Male","Lung",174015,58.6,45.5,74.7,68875,61.0,44.5,82.5,12705,"","","",60670,"","","",23985,"","","",3,70918,3.8,12.1,21.9,40.5,6.3,14.8,33.5
"A0598","San Joaquin","Lathrop, Stockton, Tracy","https://www.californiahealthmaps.org?address=A0598","Female","Lung",180575,44.7,34.9,56.5,72505,48.2,35.0,66.2,13835,"","","",59565,"","","",26400,"","","",3,70918,3.8,12.1,21.9,40.5,6.3,14.8,33.5
"A0598","San Joaquin","Lathrop, Stockton, Tracy","https://www.californiahealthmaps.org?address=A0598","Male","CRC",174015,39.9,29.9,52.7,68875,36.2,23.6,53.9,12705,"","","",60670,"","","",23985,"","","",3,70918,3.8,12.1,21.9,40.5,6.3,14.8,33.5
"A0598","San Joaquin","Lathrop, Stockton, Tracy","https://www.californiahealthmaps.org?address=A0598","Female","CRC",180575,41.5,32.2,52.9,72505,38.7,27.1,55.1,13835,"","","",59565,"","","",26400,"","","",3,70918,3.8,12.1,21.9,40.5,6.3,14.8,33.5
"A0598","San Joaquin","Lathrop, Stockton, Tracy","https://www.californiahealthmaps.org?address=A0598","Male","Mela",174015,34.4,24.8,46.9,68875,51.5,36.6,71.3,12705,"","","",60670,"","","",23985,"","","",3,70918,3.8,12.1,21.9,40.5,6.3,14.8,33.5
"A0598","San Joaquin","Lathrop, Stockton, Tracy","https://www.californiahealthmaps.org?address=A0598","Female","Mela",180575,15.7,10.4,23.1,72505,19.9,11.8,33.2,13835,"","","",59565,"","","",26400,"","","",3,70918,3.8,12.1,21.9,40.5,6.3,14.8,33.5
"A0598","San Joaquin","Lathrop, Stockton, Tracy","https://www.californiahealthmaps.org?address=A0598","Female","Uterine",180575,25.5,18.5,34.6,72505,24.4,15.3,38.6,13835,"","","",59565,"","","",26400,"","","",3,70918,3.8,12.1,21.9,40.5,6.3,14.8,33.5
"A0598","San Joaquin","Lathrop, Stockton, Tracy","https://www.californiahealthmaps.org?address=A0598","Male","Lymph",174015,20.1,13.2,29.8,68875,17.4,9.6,30.2,12705,"","","",60670,"","","",23985,"","","",3,70918,3.8,12.1,21.9,40.5,6.3,14.8,33.5
"A0598","San Joaquin","Lathrop, Stockton, Tracy","https://www.californiahealthmaps.org?address=A0598","Female","Lymph",180575,15.3,9.9,22.9,72505,16.6,9.3,29.2,13835,"","","",59565,"","","",26400,"","","",3,70918,3.8,12.1,21.9,40.5,6.3,14.8,33.5
"A0598","San Joaquin","Lathrop, Stockton, Tracy","https://www.californiahealthmaps.org?address=A0598","Male","Urinary",174015,16.1,9.8,25.5,68875,19.4,10.8,33.3,12705,"","","",60670,"","","",23985,"","","",3,70918,3.8,12.1,21.9,40.5,6.3,14.8,33.5
"A0598","San Joaquin","Lathrop, Stockton, Tracy","https://www.californiahealthmaps.org?address=A0598","Female","Urinary",180575,5.0,2.2,9.9,72505,"","","",13835,"","","",59565,"","","",26400,"","","",3,70918,3.8,12.1,21.9,40.5,6.3,14.8,33.5
"A0598","San Joaquin","Lathrop, Stockton, Tracy","https://www.californiahealthmaps.org?address=A0598","Male","Kidney",174015,25.6,17.9,36.2,68875,25.3,15.5,40.1,12705,"","","",60670,"","","",23985,"","","",3,70918,3.8,12.1,21.9,40.5,6.3,14.8,33.5
"A0598","San Joaquin","Lathrop, Stockton, Tracy","https://www.californiahealthmaps.org?address=A0598","Female","Kidney",180575,8.1,4.5,13.8,72505,"","","",13835,"","","",59565,"","","",26400,"","","",3,70918,3.8,12.1,21.9,40.5,6.3,14.8,33.5
"A0598","San Joaquin","Lathrop, Stockton, Tracy","https://www.californiahealthmaps.org?address=A0598","Male","Thyroid",174015,7.1,3.6,13.5,68875,"","","",12705,"","","",60670,"","","",23985,"","","",3,70918,3.8,12.1,21.9,40.5,6.3,14.8,33.5
"A0598","San Joaquin","Lathrop, Stockton, Tracy","https://www.californiahealthmaps.org?address=A0598","Female","Thyroid",180575,19.9,14.0,27.9,72505,"","","",13835,"","","",59565,31.3,17.4,56.0,26400,"","","",3,70918,3.8,12.1,21.9,40.5,6.3,14.8,33.5
"A0598","San Joaquin","Lathrop, Stockton, Tracy","https://www.californiahealthmaps.org?address=A0598","Both","AllSite",354590,453.0,429.3,477.8,141380,462.9,431.2,496.8,26540,702.3,577.6,853.7,120235,406.6,356.2,463.2,50385,372.5,316.7,436.5,3,70918,3.8,12.1,21.9,40.5,6.3,14.8,33.5
"A0598","San Joaquin","Lathrop, Stockton, Tracy","https://www.californiahealthmaps.org?address=A0598","Both","Lung",354590,50.3,42.4,59.4,141380,53.6,43.1,66.4,26540,124.5,70.0,211.6,120235,32.1,18.5,53.0,50385,38.7,21.6,65.1,3,70918,3.8,12.1,21.9,40.5,6.3,14.8,33.5
"A0598","San Joaquin","Lathrop, Stockton, Tracy","https://www.californiahealthmaps.org?address=A0598","Both","CRC",354590,41.3,34.3,49.5,141380,37.9,29.1,49.1,26540,94.5,54.1,164.9,120235,35.3,21.3,56.5,50385,44.6,26.7,71.4,3,70918,3.8,12.1,21.9,40.5,6.3,14.8,33.5
"A0598","San Joaquin","Lathrop, Stockton, Tracy","https://www.californiahealthmaps.org?address=A0598","Both","Mela",354590,23.4,18.3,29.7,141380,33.7,25.6,44.3,26540,"","","",120235,"","","",50385,"","","",3,70918,3.8,12.1,21.9,40.5,6.3,14.8,33.5
"A0598","San Joaquin","Lathrop, Stockton, Tracy","https://www.californiahealthmaps.org?address=A0598","Both","Lymph",354590,17.3,13.0,22.9,141380,16.6,11.2,24.5,26540,"","","",120235,"","","",50385,"","","",3,70918,3.8,12.1,21.9,40.5,6.3,14.8,33.5
"A0598","San Joaquin","Lathrop, Stockton, Tracy","https://www.californiahealthmaps.org?address=A0598","Both","Urinary",354590,10.0,6.7,14.5,141380,9.9,5.9,16.5,26540,"","","",120235,"","","",50385,"","","",3,70918,3.8,12.1,21.9,40.5,6.3,14.8,33.5
"A0598","San Joaquin","Lathrop, Stockton, Tracy","https://www.californiahealthmaps.org?address=A0598","Both","Kidney",354590,16.3,12.1,21.6,141380,17.1,11.6,25.0,26540,"","","",120235,"","","",50385,"","","",3,70918,3.8,12.1,21.9,40.5,6.3,14.8,33.5
"A0598","San Joaquin","Lathrop, Stockton, Tracy","https://www.californiahealthmaps.org?address=A0598","Both","Thyroid",354590,13.9,10.2,18.7,141380,8.4,4.6,14.8,26540,"","","",120235,21.6,13.1,36.5,50385,"","","",3,70918,3.8,12.1,21.9,40.5,6.3,14.8,33.5
