"Zone","Counties","Cities","URL","Sex","Cancer","PopTot","AAIR","LCI","UCI","White_PopTot","White_AAIR","White_LCI","White_UCI","Black_PopTot","Black_AAIR","Black_LCI","Black_UCI","Hispanic_PopTot","Hispanic_AAIR","Hispanic_LCI","Hispanic_UCI","Asian_PopTot","Asian_AAIR","Asian_LCI","Asian_UCI","QNSES","PopAll","PerRural","PerUninsured","PerForeignBorn","PerWhite","PerBlack","PerAsian","PerHispanic","PerAPI","PerDocvisit","PerFOBT","PerMammo","PerMenPrev","PerPap","PerWomenPrev"
"A1024","Marin","Novato, San Rafael","https://www.californiahealthmaps.org?address=A1024","Male","AllSite",160060,528.3,493.2,565.5,88460,541.3,501.4,585.2,"","","","",54175,484.0,352.1,676.3,"","","","",4,64277,1.8,16.2,29.2,57.1,2.8,6.6,31.0,6.6,"","","","","",""
"A1024","Marin","Novato, San Rafael","https://www.californiahealthmaps.org?address=A1024","Female","AllSite",161325,456.1,426.4,487.8,97855,462.0,427.1,500.6,"","","","",42975,517.3,414.4,642.1,11830,308.4,217.1,436.0,4,64277,1.8,16.2,29.2,57.1,2.8,6.6,31.0,6.6,"","","","","",""
"A1024","Marin","Novato, San Rafael","https://www.californiahealthmaps.org?address=A1024","Male","Prostate",160060,104.0,88.9,121.3,88460,103.0,86.7,123.2,"","","","",54175,"","","","","","","",4,64277,1.8,16.2,29.2,57.1,2.8,6.6,31.0,6.6,"","","","","",""
"A1024","Marin","Novato, San Rafael","https://www.californiahealthmaps.org?address=A1024","Female","Breast",161325,138.7,122.5,156.9,97855,144.9,126.0,167.7,"","","","",42975,137.6,90.1,207.3,11830,"","","",4,64277,1.8,16.2,29.2,57.1,2.8,6.6,31.0,6.6,"","","","","",""
"A1024","Marin","Novato, San Rafael","https://www.californiahealthmaps.org?address=A1024","Male","Lung",160060,48.5,38.1,61.2,88460,44.3,33.8,59.2,"","","","",54175,"","","","","","","",4,64277,1.8,16.2,29.2,57.1,2.8,6.6,31.0,6.6,"","","","","",""
"A1024","Marin","Novato, San Rafael","https://www.californiahealthmaps.org?address=A1024","Female","Lung",161325,39.4,31.0,49.9,97855,41.1,31.8,54.7,"","","","",42975,"","","",11830,"","","",4,64277,1.8,16.2,29.2,57.1,2.8,6.6,31.0,6.6,"","","","","",""
"A1024","Marin","Novato, San Rafael","https://www.californiahealthmaps.org?address=A1024","Male","CRC",160060,43.7,34.0,55.5,88460,49.2,37.6,65.3,"","","","",54175,"","","","","","","",4,64277,1.8,16.2,29.2,57.1,2.8,6.6,31.0,6.6,"","","","","",""
"A1024","Marin","Novato, San Rafael","https://www.californiahealthmaps.org?address=A1024","Female","CRC",161325,34.7,27.0,44.4,97855,35.3,26.2,48.9,"","","","",42975,"","","",11830,"","","",4,64277,1.8,16.2,29.2,57.1,2.8,6.6,31.0,6.6,"","","","","",""
"A1024","Marin","Novato, San Rafael","https://www.californiahealthmaps.org?address=A1024","Male","Mela",160060,69.7,57.2,84.5,88460,79.5,64.6,98.7,"","","","",54175,"","","","","","","",4,64277,1.8,16.2,29.2,57.1,2.8,6.6,31.0,6.6,"","","","","",""
"A1024","Marin","Novato, San Rafael","https://www.californiahealthmaps.org?address=A1024","Female","Mela",161325,40.8,32.1,51.6,97855,53.6,41.0,70.6,"","","","",42975,"","","",11830,"","","",4,64277,1.8,16.2,29.2,57.1,2.8,6.6,31.0,6.6,"","","","","",""
"A1024","Marin","Novato, San Rafael","https://www.californiahealthmaps.org?address=A1024","Female","Uterine",161325,28.0,21.3,36.8,97855,29.0,21.2,41.3,"","","","",42975,"","","",11830,"","","",4,64277,1.8,16.2,29.2,57.1,2.8,6.6,31.0,6.6,"","","","","",""
"A1024","Marin","Novato, San Rafael","https://www.californiahealthmaps.org?address=A1024","Male","Lymph",160060,32.2,24.0,42.7,88460,32.1,22.5,46.2,"","","","",54175,"","","","","","","",4,64277,1.8,16.2,29.2,57.1,2.8,6.6,31.0,6.6,"","","","","",""
"A1024","Marin","Novato, San Rafael","https://www.californiahealthmaps.org?address=A1024","Female","Lymph",161325,23.8,17.2,32.5,97855,17.7,11.7,28.5,"","","","",42975,"","","",11830,"","","",4,64277,1.8,16.2,29.2,57.1,2.8,6.6,31.0,6.6,"","","","","",""
"A1024","Marin","Novato, San Rafael","https://www.californiahealthmaps.org?address=A1024","Male","Urinary",160060,15.6,10.0,23.5,88460,16.5,10.4,27.4,"","","","",54175,"","","","","","","",4,64277,1.8,16.2,29.2,57.1,2.8,6.6,31.0,6.6,"","","","","",""
"A1024","Marin","Novato, San Rafael","https://www.californiahealthmaps.org?address=A1024","Female","Urinary",161325,"","","",97855,"","","","","","","",42975,"","","",11830,"","","",4,64277,1.8,16.2,29.2,57.1,2.8,6.6,31.0,6.6,"","","","","",""
"A1024","Marin","Novato, San Rafael","https://www.californiahealthmaps.org?address=A1024","Male","Kidney",160060,20.7,14.3,29.4,88460,21.4,14.2,33.4,"","","","",54175,"","","","","","","",4,64277,1.8,16.2,29.2,57.1,2.8,6.6,31.0,6.6,"","","","","",""
"A1024","Marin","Novato, San Rafael","https://www.californiahealthmaps.org?address=A1024","Female","Kidney",161325,10.5,6.3,17.0,97855,9.4,5.0,19.1,"","","","",42975,"","","",11830,"","","",4,64277,1.8,16.2,29.2,57.1,2.8,6.6,31.0,6.6,"","","","","",""
"A1024","Marin","Novato, San Rafael","https://www.californiahealthmaps.org?address=A1024","Male","Thyroid",160060,"","","",88460,"","","","","","","",54175,"","","","","","","",4,64277,1.8,16.2,29.2,57.1,2.8,6.6,31.0,6.6,"","","","","",""
"A1024","Marin","Novato, San Rafael","https://www.californiahealthmaps.org?address=A1024","Female","Thyroid",161325,15.1,9.8,22.8,97855,"","","","","","","",42975,"","","",11830,"","","",4,64277,1.8,16.2,29.2,57.1,2.8,6.6,31.0,6.6,"","","","","",""
"A1024","Marin","Novato, San Rafael","https://www.californiahealthmaps.org?address=A1024","Male","Liver",160060,16.7,11.1,24.7,88460,16.0,10.0,26.8,"","","","",54175,"","","","","","","",4,64277,1.8,16.2,29.2,57.1,2.8,6.6,31.0,6.6,"","","","","",""
"A1024","Marin","Novato, San Rafael","https://www.californiahealthmaps.org?address=A1024","Female","Liver",161325,9.1,5.4,15.2,97855,"","","","","","","",42975,"","","",11830,"","","",4,64277,1.8,16.2,29.2,57.1,2.8,6.6,31.0,6.6,"","","","","",""
"A1024","Marin","Novato, San Rafael","https://www.californiahealthmaps.org?address=A1024","Male","Pancreas",160060,18.5,12.3,27.2,88460,17.5,11.0,28.7,"","","","",54175,"","","","","","","",4,64277,1.8,16.2,29.2,57.1,2.8,6.6,31.0,6.6,"","","","","",""
"A1024","Marin","Novato, San Rafael","https://www.californiahealthmaps.org?address=A1024","Female","Pancreas",161325,11.6,7.5,18.0,97855,11.6,7.1,21.1,"","","","",42975,"","","",11830,"","","",4,64277,1.8,16.2,29.2,57.1,2.8,6.6,31.0,6.6,"","","","","",""
"A1024","Marin","Novato, San Rafael","https://www.californiahealthmaps.org?address=A1024","Both","AllSite",321385,480.1,457.7,503.5,186315,490.0,463.9,517.9,"","","","",97150,490.1,409.5,585.9,20755,326.8,250.9,421.8,4,64277,1.8,16.2,29.2,57.1,2.8,6.6,31.0,6.6,"","","","","",""
"A1024","Marin","Novato, San Rafael","https://www.californiahealthmaps.org?address=A1024","Both","Lung",321385,43.0,36.4,50.7,186315,42.1,35.1,51.2,"","","","",97150,"","","",20755,"","","",4,64277,1.8,16.2,29.2,57.1,2.8,6.6,31.0,6.6,"","","","","",""
"A1024","Marin","Novato, San Rafael","https://www.californiahealthmaps.org?address=A1024","Both","CRC",321385,38.9,32.8,46.1,186315,41.8,34.3,51.3,"","","","",97150,"","","",20755,"","","",4,64277,1.8,16.2,29.2,57.1,2.8,6.6,31.0,6.6,"","","","","",""
"A1024","Marin","Novato, San Rafael","https://www.californiahealthmaps.org?address=A1024","Both","Mela",321385,51.3,44.2,59.6,186315,63.1,53.6,74.6,"","","","",97150,"","","",20755,"","","",4,64277,1.8,16.2,29.2,57.1,2.8,6.6,31.0,6.6,"","","","","",""
"A1024","Marin","Novato, San Rafael","https://www.californiahealthmaps.org?address=A1024","Both","Lymph",321385,27.1,21.9,33.4,186315,23.6,18.0,31.4,"","","","",97150,"","","",20755,"","","",4,64277,1.8,16.2,29.2,57.1,2.8,6.6,31.0,6.6,"","","","","",""
"A1024","Marin","Novato, San Rafael","https://www.californiahealthmaps.org?address=A1024","Both","Urinary",321385,8.7,6.0,12.4,186315,8.6,5.8,13.7,"","","","",97150,"","","",20755,"","","",4,64277,1.8,16.2,29.2,57.1,2.8,6.6,31.0,6.6,"","","","","",""
"A1024","Marin","Novato, San Rafael","https://www.californiahealthmaps.org?address=A1024","Both","Kidney",321385,14.9,11.2,19.7,186315,14.6,10.4,21.1,"","","","",97150,"","","",20755,"","","",4,64277,1.8,16.2,29.2,57.1,2.8,6.6,31.0,6.6,"","","","","",""
"A1024","Marin","Novato, San Rafael","https://www.californiahealthmaps.org?address=A1024","Both","Thyroid",321385,11.1,7.8,15.6,186315,8.7,5.2,14.8,"","","","",97150,"","","",20755,"","","",4,64277,1.8,16.2,29.2,57.1,2.8,6.6,31.0,6.6,"","","","","",""
"A1024","Marin","Novato, San Rafael","https://www.californiahealthmaps.org?address=A1024","Both","Liver",321385,12.7,9.3,17.3,186315,10.9,7.5,16.6,"","","","",97150,"","","",20755,"","","",4,64277,1.8,16.2,29.2,57.1,2.8,6.6,31.0,6.6,"","","","","",""
"A1024","Marin","Novato, San Rafael","https://www.californiahealthmaps.org?address=A1024","Both","Pancreas",321385,14.9,11.1,19.7,186315,14.3,10.4,20.5,"","","","",97150,"","","",20755,"","","",4,64277,1.8,16.2,29.2,57.1,2.8,6.6,31.0,6.6,"","","","","",""
