"Zone","Counties","Cities","URL","Sex","Cancer","PopTot","AAIR","LCI","UCI","White_PopTot","White_AAIR","White_LCI","White_UCI","Black_PopTot","Black_AAIR","Black_LCI","Black_UCI","Hispanic_PopTot","Hispanic_AAIR","Hispanic_LCI","Hispanic_UCI","Asian_PopTot","Asian_AAIR","Asian_LCI","Asian_UCI","QNSES","PopAll","PerRural","PerUninsured","PerForeignBorn","PerWhite","PerBlack","PerAsian","PerHispanic"
"A0456","San Francisco","San Francisco","https://www.californiahealthmaps.org?address=A0456","Male","AllSite",176300,506.2,463.8,552.5,77615,615.2,536.8,716.6,11635,737.8,521.0,1066.1,52470,372.3,305.5,451.5,27645,423.6,340.7,528.0,5,62581,0.0,17.2,36.2,43.1,5.2,18.7,28.8
"A0456","San Francisco","San Francisco","https://www.californiahealthmaps.org?address=A0456","Female","AllSite",136605,421.7,384.8,462.4,54325,514.4,443.7,608.8,"","","","",40620,360.6,302.4,427.6,28975,367.2,297.5,460.4,5,62581,0.0,17.2,36.2,43.1,5.2,18.7,28.8
"A0456","San Francisco","San Francisco","https://www.californiahealthmaps.org?address=A0456","Male","Prostate",176300,89.8,72.2,111.4,77615,81.1,56.0,136.0,11635,229.9,117.9,470.1,52470,84.3,52.6,129.9,27645,"","","",5,62581,0.0,17.2,36.2,43.1,5.2,18.7,28.8
"A0456","San Francisco","San Francisco","https://www.californiahealthmaps.org?address=A0456","Female","Breast",136605,118.7,99.9,141.4,54325,151.9,115.8,215.7,"","","","",40620,85.7,58.5,122.1,28975,128.4,90.3,192.5,5,62581,0.0,17.2,36.2,43.1,5.2,18.7,28.8
"A0456","San Francisco","San Francisco","https://www.californiahealthmaps.org?address=A0456","Male","Lung",176300,53.8,39.8,72.2,77615,54.0,33.2,106.9,11635,"","","",52470,"","","",27645,78.3,45.2,136.2,5,62581,0.0,17.2,36.2,43.1,5.2,18.7,28.8
"A0456","San Francisco","San Francisco","https://www.californiahealthmaps.org?address=A0456","Female","Lung",136605,51.8,39.1,68.7,54325,63.2,39.3,119.1,"","","","",40620,"","","",28975,56.8,32.3,110.8,5,62581,0.0,17.2,36.2,43.1,5.2,18.7,28.8
"A0456","San Francisco","San Francisco","https://www.californiahealthmaps.org?address=A0456","Male","CRC",176300,48.2,36.1,64.4,77615,59.2,38.1,111.8,11635,"","","",52470,44.9,24.7,78.4,27645,"","","",5,62581,0.0,17.2,36.2,43.1,5.2,18.7,28.8
"A0456","San Francisco","San Francisco","https://www.californiahealthmaps.org?address=A0456","Female","CRC",136605,31.3,21.6,45.3,54325,"","","","","","","",40620,"","","",28975,"","","",5,62581,0.0,17.2,36.2,43.1,5.2,18.7,28.8
"A0456","San Francisco","San Francisco","https://www.californiahealthmaps.org?address=A0456","Male","Mela",176300,27.1,18.4,39.9,77615,53.7,35.1,104.4,11635,"","","",52470,"","","",27645,"","","",5,62581,0.0,17.2,36.2,43.1,5.2,18.7,28.8
"A0456","San Francisco","San Francisco","https://www.californiahealthmaps.org?address=A0456","Female","Mela",136605,9.6,5.0,18.9,54325,"","","","","","","",40620,"","","",28975,"","","",5,62581,0.0,17.2,36.2,43.1,5.2,18.7,28.8
"A0456","San Francisco","San Francisco","https://www.californiahealthmaps.org?address=A0456","Female","Uterine",136605,33.3,23.5,47.3,54325,47.0,26.9,100.5,"","","","",40620,"","","",28975,"","","",5,62581,0.0,17.2,36.2,43.1,5.2,18.7,28.8
"A0456","San Francisco","San Francisco","https://www.californiahealthmaps.org?address=A0456","Male","Lymph",176300,33.9,23.8,48.3,77615,60.3,38.7,113.2,11635,"","","",52470,"","","",27645,"","","",5,62581,0.0,17.2,36.2,43.1,5.2,18.7,28.8
"A0456","San Francisco","San Francisco","https://www.californiahealthmaps.org?address=A0456","Female","Lymph",136605,14.8,8.6,25.5,54325,"","","","","","","",40620,"","","",28975,"","","",5,62581,0.0,17.2,36.2,43.1,5.2,18.7,28.8
"A0456","San Francisco","San Francisco","https://www.californiahealthmaps.org?address=A0456","Male","Urinary",176300,24.1,14.7,38.2,77615,43.5,22.8,97.8,11635,"","","",52470,"","","",27645,"","","",5,62581,0.0,17.2,36.2,43.1,5.2,18.7,28.8
"A0456","San Francisco","San Francisco","https://www.californiahealthmaps.org?address=A0456","Female","Urinary",136605,1.8,0.2,9.3,54325,"","","","","","","",40620,"","","",28975,"","","",5,62581,0.0,17.2,36.2,43.1,5.2,18.7,28.8
"A0456","San Francisco","San Francisco","https://www.californiahealthmaps.org?address=A0456","Male","Kidney",176300,25.3,16.7,38.3,77615,40.5,22.3,92.3,11635,"","","",52470,"","","",27645,"","","",5,62581,0.0,17.2,36.2,43.1,5.2,18.7,28.8
"A0456","San Francisco","San Francisco","https://www.californiahealthmaps.org?address=A0456","Female","Kidney",136605,10.4,5.2,20.5,54325,"","","","","","","",40620,"","","",28975,"","","",5,62581,0.0,17.2,36.2,43.1,5.2,18.7,28.8
"A0456","San Francisco","San Francisco","https://www.californiahealthmaps.org?address=A0456","Male","Thyroid",176300,5.4,1.8,14.1,77615,"","","",11635,"","","",52470,"","","",27645,"","","",5,62581,0.0,17.2,36.2,43.1,5.2,18.7,28.8
"A0456","San Francisco","San Francisco","https://www.californiahealthmaps.org?address=A0456","Female","Thyroid",136605,25.8,17.3,38.6,54325,"","","","","","","",40620,39.6,22.3,66.4,28975,"","","",5,62581,0.0,17.2,36.2,43.1,5.2,18.7,28.8
"A0456","San Francisco","San Francisco","https://www.californiahealthmaps.org?address=A0456","Both","AllSite",312905,453.7,426.3,482.9,131940,560.4,508.0,623.7,18530,628.5,493.7,802.2,93090,355.6,312.9,403.0,56620,381.7,329.3,444.2,5,62581,0.0,17.2,36.2,43.1,5.2,18.7,28.8
"A0456","San Francisco","San Francisco","https://www.californiahealthmaps.org?address=A0456","Both","Lung",312905,50.6,41.4,61.9,131940,56.5,40.7,86.6,18530,87.7,43.6,177.7,93090,"","","",56620,64.8,44.5,96.7,5,62581,0.0,17.2,36.2,43.1,5.2,18.7,28.8
"A0456","San Francisco","San Francisco","https://www.californiahealthmaps.org?address=A0456","Both","CRC",312905,40.6,32.7,50.6,131940,46.3,32.4,74.9,18530,"","","",93090,39.7,26.2,58.5,56620,33.0,19.1,59.2,5,62581,0.0,17.2,36.2,43.1,5.2,18.7,28.8
"A0456","San Francisco","San Francisco","https://www.californiahealthmaps.org?address=A0456","Both","Mela",312905,18.6,13.6,25.7,131940,41.1,28.8,68.5,18530,"","","",93090,"","","",56620,"","","",5,62581,0.0,17.2,36.2,43.1,5.2,18.7,28.8
"A0456","San Francisco","San Francisco","https://www.californiahealthmaps.org?address=A0456","Both","Lymph",312905,24.7,18.7,32.8,131940,44.1,30.6,72.6,18530,"","","",93090,"","","",56620,"","","",5,62581,0.0,17.2,36.2,43.1,5.2,18.7,28.8
"A0456","San Francisco","San Francisco","https://www.californiahealthmaps.org?address=A0456","Both","Urinary",312905,12.4,7.9,19.2,131940,24.4,13.4,52.1,18530,"","","",93090,"","","",56620,"","","",5,62581,0.0,17.2,36.2,43.1,5.2,18.7,28.8
"A0456","San Francisco","San Francisco","https://www.californiahealthmaps.org?address=A0456","Both","Kidney",312905,18.8,13.4,26.3,131940,24.9,14.5,51.7,18530,"","","",93090,"","","",56620,"","","",5,62581,0.0,17.2,36.2,43.1,5.2,18.7,28.8
"A0456","San Francisco","San Francisco","https://www.californiahealthmaps.org?address=A0456","Both","Thyroid",312905,13.8,9.6,20.2,131940,9.0,4.9,32.6,18530,"","","",93090,20.5,12.1,33.9,56620,"","","",5,62581,0.0,17.2,36.2,43.1,5.2,18.7,28.8
