"Zone","Counties","Cities","URL","Sex","Cancer","PopTot","AAIR","LCI","UCI","White_PopTot","White_AAIR","White_LCI","White_UCI","Black_PopTot","Black_AAIR","Black_LCI","Black_UCI","Hispanic_PopTot","Hispanic_AAIR","Hispanic_LCI","Hispanic_UCI","Asian_PopTot","Asian_AAIR","Asian_LCI","Asian_UCI","QNSES","PopAll","PerRural","PerUninsured","PerForeignBorn","PerWhite","PerBlack","PerAsian","PerHispanic","PerAPI","PerDocvisit","PerFOBT","PerMammo","PerMenPrev","PerPap","PerWomenPrev"
"A0967","Ventura","Thousand Oaks","https://www.californiahealthmaps.org?address=A0967","Male","AllSite",159025,488.1,454.3,524.1,109425,503.2,465.2,544.3,"","","","",31625,318.8,223.0,458.2,11145,372.0,247.2,561.8,5,64294,2.6,11.0,19.6,68.1,1.3,8.4,19.8,8.4,67.7,75.6,80.6,38.1,86.1,38.7
"A0967","Ventura","Thousand Oaks","https://www.californiahealthmaps.org?address=A0967","Female","AllSite",162445,438.1,408.4,469.8,111940,450.0,415.8,487.1,"","","","",30050,378.7,294.7,482.4,13290,355.5,259.8,491.1,5,64294,2.6,11.0,19.6,68.1,1.3,8.4,19.8,8.4,67.7,75.6,80.6,38.1,86.1,38.7
"A0967","Ventura","Thousand Oaks","https://www.californiahealthmaps.org?address=A0967","Male","Prostate",159025,105.1,90.1,122.1,109425,103.3,87.2,122.6,"","","","",31625,"","","",11145,"","","",5,64294,2.6,11.0,19.6,68.1,1.3,8.4,19.8,8.4,67.7,75.6,80.6,38.1,86.1,38.7
"A0967","Ventura","Thousand Oaks","https://www.californiahealthmaps.org?address=A0967","Female","Breast",162445,148.0,131.0,167.0,111940,148.9,129.9,170.9,"","","","",30050,122.2,77.5,187.5,13290,148.3,91.4,247.9,5,64294,2.6,11.0,19.6,68.1,1.3,8.4,19.8,8.4,67.7,75.6,80.6,38.1,86.1,38.7
"A0967","Ventura","Thousand Oaks","https://www.californiahealthmaps.org?address=A0967","Male","Lung",159025,41.9,32.2,53.8,109425,40.8,30.5,54.6,"","","","",31625,"","","",11145,"","","",5,64294,2.6,11.0,19.6,68.1,1.3,8.4,19.8,8.4,67.7,75.6,80.6,38.1,86.1,38.7
"A0967","Ventura","Thousand Oaks","https://www.californiahealthmaps.org?address=A0967","Female","Lung",162445,41.2,32.6,51.8,111940,41.8,32.3,54.4,"","","","",30050,"","","",13290,"","","",5,64294,2.6,11.0,19.6,68.1,1.3,8.4,19.8,8.4,67.7,75.6,80.6,38.1,86.1,38.7
"A0967","Ventura","Thousand Oaks","https://www.californiahealthmaps.org?address=A0967","Male","CRC",159025,43.9,34.4,55.6,109425,44.2,33.8,58.1,"","","","",31625,"","","",11145,"","","",5,64294,2.6,11.0,19.6,68.1,1.3,8.4,19.8,8.4,67.7,75.6,80.6,38.1,86.1,38.7
"A0967","Ventura","Thousand Oaks","https://www.californiahealthmaps.org?address=A0967","Female","CRC",162445,41.3,32.6,52.2,111940,41.1,31.2,54.1,"","","","",30050,"","","",13290,"","","",5,64294,2.6,11.0,19.6,68.1,1.3,8.4,19.8,8.4,67.7,75.6,80.6,38.1,86.1,38.7
"A0967","Ventura","Thousand Oaks","https://www.californiahealthmaps.org?address=A0967","Male","Mela",159025,35.9,27.3,46.8,109425,39.1,29.1,52.5,"","","","",31625,"","","",11145,"","","",5,64294,2.6,11.0,19.6,68.1,1.3,8.4,19.8,8.4,67.7,75.6,80.6,38.1,86.1,38.7
"A0967","Ventura","Thousand Oaks","https://www.californiahealthmaps.org?address=A0967","Female","Mela",162445,24.4,17.8,33.1,111940,27.2,19.0,38.8,"","","","",30050,"","","",13290,"","","",5,64294,2.6,11.0,19.6,68.1,1.3,8.4,19.8,8.4,67.7,75.6,80.6,38.1,86.1,38.7
"A0967","Ventura","Thousand Oaks","https://www.californiahealthmaps.org?address=A0967","Female","Uterine",162445,22.0,15.9,30.3,111940,24.9,17.8,35.2,"","","","",30050,"","","",13290,"","","",5,64294,2.6,11.0,19.6,68.1,1.3,8.4,19.8,8.4,67.7,75.6,80.6,38.1,86.1,38.7
"A0967","Ventura","Thousand Oaks","https://www.californiahealthmaps.org?address=A0967","Male","Lymph",159025,28.5,20.7,38.5,109425,29.4,20.8,41.5,"","","","",31625,"","","",11145,"","","",5,64294,2.6,11.0,19.6,68.1,1.3,8.4,19.8,8.4,67.7,75.6,80.6,38.1,86.1,38.7
"A0967","Ventura","Thousand Oaks","https://www.californiahealthmaps.org?address=A0967","Female","Lymph",162445,16.4,10.9,24.2,111940,17.6,11.1,27.8,"","","","",30050,"","","",13290,"","","",5,64294,2.6,11.0,19.6,68.1,1.3,8.4,19.8,8.4,67.7,75.6,80.6,38.1,86.1,38.7
"A0967","Ventura","Thousand Oaks","https://www.californiahealthmaps.org?address=A0967","Male","Urinary",159025,26.4,18.8,36.4,109425,27.9,19.5,40.0,"","","","",31625,"","","",11145,"","","",5,64294,2.6,11.0,19.6,68.1,1.3,8.4,19.8,8.4,67.7,75.6,80.6,38.1,86.1,38.7
"A0967","Ventura","Thousand Oaks","https://www.californiahealthmaps.org?address=A0967","Female","Urinary",162445,"","","",111940,"","","","","","","",30050,"","","",13290,"","","",5,64294,2.6,11.0,19.6,68.1,1.3,8.4,19.8,8.4,67.7,75.6,80.6,38.1,86.1,38.7
"A0967","Ventura","Thousand Oaks","https://www.californiahealthmaps.org?address=A0967","Male","Kidney",159025,20.2,14.0,28.6,109425,19.4,12.6,29.8,"","","","",31625,"","","",11145,"","","",5,64294,2.6,11.0,19.6,68.1,1.3,8.4,19.8,8.4,67.7,75.6,80.6,38.1,86.1,38.7
"A0967","Ventura","Thousand Oaks","https://www.californiahealthmaps.org?address=A0967","Female","Kidney",162445,9.1,5.2,15.3,111940,"","","","","","","",30050,"","","",13290,"","","",5,64294,2.6,11.0,19.6,68.1,1.3,8.4,19.8,8.4,67.7,75.6,80.6,38.1,86.1,38.7
"A0967","Ventura","Thousand Oaks","https://www.californiahealthmaps.org?address=A0967","Male","Thyroid",159025,12.8,7.8,20.0,109425,14.9,8.6,25.2,"","","","",31625,"","","",11145,"","","",5,64294,2.6,11.0,19.6,68.1,1.3,8.4,19.8,8.4,67.7,75.6,80.6,38.1,86.1,38.7
"A0967","Ventura","Thousand Oaks","https://www.californiahealthmaps.org?address=A0967","Female","Thyroid",162445,35.6,26.9,46.7,111940,37.5,26.9,51.9,"","","","",30050,"","","",13290,"","","",5,64294,2.6,11.0,19.6,68.1,1.3,8.4,19.8,8.4,67.7,75.6,80.6,38.1,86.1,38.7
"A0967","Ventura","Thousand Oaks","https://www.californiahealthmaps.org?address=A0967","Male","Liver",159025,9.4,5.2,15.9,109425,"","","","","","","",31625,"","","",11145,"","","",5,64294,2.6,11.0,19.6,68.1,1.3,8.4,19.8,8.4,67.7,75.6,80.6,38.1,86.1,38.7
"A0967","Ventura","Thousand Oaks","https://www.californiahealthmaps.org?address=A0967","Female","Liver",162445,"","","",111940,"","","","","","","",30050,"","","",13290,"","","",5,64294,2.6,11.0,19.6,68.1,1.3,8.4,19.8,8.4,67.7,75.6,80.6,38.1,86.1,38.7
"A0967","Ventura","Thousand Oaks","https://www.californiahealthmaps.org?address=A0967","Male","Pancreas",159025,18.0,11.8,26.4,109425,18.0,11.3,28.4,"","","","",31625,"","","",11145,"","","",5,64294,2.6,11.0,19.6,68.1,1.3,8.4,19.8,8.4,67.7,75.6,80.6,38.1,86.1,38.7
"A0967","Ventura","Thousand Oaks","https://www.californiahealthmaps.org?address=A0967","Female","Pancreas",162445,"","","",111940,"","","","","","","",30050,"","","",13290,"","","",5,64294,2.6,11.0,19.6,68.1,1.3,8.4,19.8,8.4,67.7,75.6,80.6,38.1,86.1,38.7
"A0967","Ventura","Thousand Oaks","https://www.californiahealthmaps.org?address=A0967","Both","AllSite",321470,455.3,433.2,478.4,221365,469.3,444.0,496.0,"","","","",61675,346.7,284.3,420.7,24435,356.4,280.6,452.7,5,64294,2.6,11.0,19.6,68.1,1.3,8.4,19.8,8.4,67.7,75.6,80.6,38.1,86.1,38.7
"A0967","Ventura","Thousand Oaks","https://www.californiahealthmaps.org?address=A0967","Both","Lung",321470,41.1,34.6,48.6,221365,40.9,33.9,49.6,"","","","",61675,"","","",24435,85.9,48.6,147.1,5,64294,2.6,11.0,19.6,68.1,1.3,8.4,19.8,8.4,67.7,75.6,80.6,38.1,86.1,38.7
"A0967","Ventura","Thousand Oaks","https://www.californiahealthmaps.org?address=A0967","Both","CRC",321470,42.5,36.0,50.0,221365,42.7,35.4,51.5,"","","","",61675,"","","",24435,"","","",5,64294,2.6,11.0,19.6,68.1,1.3,8.4,19.8,8.4,67.7,75.6,80.6,38.1,86.1,38.7
"A0967","Ventura","Thousand Oaks","https://www.californiahealthmaps.org?address=A0967","Both","Mela",321470,29.4,24.0,35.7,221365,32.2,25.8,40.3,"","","","",61675,"","","",24435,"","","",5,64294,2.6,11.0,19.6,68.1,1.3,8.4,19.8,8.4,67.7,75.6,80.6,38.1,86.1,38.7
"A0967","Ventura","Thousand Oaks","https://www.californiahealthmaps.org?address=A0967","Both","Lymph",321470,21.3,16.7,27.0,221365,22.7,17.3,29.8,"","","","",61675,"","","",24435,"","","",5,64294,2.6,11.0,19.6,68.1,1.3,8.4,19.8,8.4,67.7,75.6,80.6,38.1,86.1,38.7
"A0967","Ventura","Thousand Oaks","https://www.californiahealthmaps.org?address=A0967","Both","Urinary",321470,13.0,9.5,17.6,221365,13.7,9.8,19.3,"","","","",61675,"","","",24435,"","","",5,64294,2.6,11.0,19.6,68.1,1.3,8.4,19.8,8.4,67.7,75.6,80.6,38.1,86.1,38.7
"A0967","Ventura","Thousand Oaks","https://www.californiahealthmaps.org?address=A0967","Both","Kidney",321470,14.3,10.6,19.0,221365,13.9,9.9,19.6,"","","","",61675,"","","",24435,"","","",5,64294,2.6,11.0,19.6,68.1,1.3,8.4,19.8,8.4,67.7,75.6,80.6,38.1,86.1,38.7
"A0967","Ventura","Thousand Oaks","https://www.californiahealthmaps.org?address=A0967","Both","Thyroid",321470,24.4,19.2,30.6,221365,26.5,20.0,34.7,"","","","",61675,"","","",24435,"","","",5,64294,2.6,11.0,19.6,68.1,1.3,8.4,19.8,8.4,67.7,75.6,80.6,38.1,86.1,38.7
"A0967","Ventura","Thousand Oaks","https://www.californiahealthmaps.org?address=A0967","Both","Liver",321470,5.4,3.2,8.6,221365,"","","","","","","",61675,"","","",24435,"","","",5,64294,2.6,11.0,19.6,68.1,1.3,8.4,19.8,8.4,67.7,75.6,80.6,38.1,86.1,38.7
"A0967","Ventura","Thousand Oaks","https://www.californiahealthmaps.org?address=A0967","Both","Pancreas",321470,10.5,7.4,14.7,221365,10.3,6.9,15.5,"","","","",61675,"","","",24435,"","","",5,64294,2.6,11.0,19.6,68.1,1.3,8.4,19.8,8.4,67.7,75.6,80.6,38.1,86.1,38.7
