"Zone","Counties","Cities","URL","Sex","Cancer","PopTot","AAIR","LCI","UCI","White_PopTot","White_AAIR","White_LCI","White_UCI","Black_PopTot","Black_AAIR","Black_LCI","Black_UCI","Hispanic_PopTot","Hispanic_AAIR","Hispanic_LCI","Hispanic_UCI","Asian_PopTot","Asian_AAIR","Asian_LCI","Asian_UCI","QNSES","PopAll","PerRural","PerUninsured","PerForeignBorn","PerWhite","PerBlack","PerAsian","PerHispanic"
"A0605","Butte","Chico","https://www.californiahealthmaps.org?address=A0605","Male","AllSite",137720,513.9,477.4,552.7,105070,511.2,472.6,552.8,"","","","",19600,596.8,431.0,817.0,"","","","",3,55323,21.4,14.8,9.0,77.5,1.1,4.3,12.5
"A0605","Butte","Chico","https://www.californiahealthmaps.org?address=A0605","Female","AllSite",138895,452.5,419.7,487.6,107370,458.4,422.7,497.1,"","","","",18485,432.7,307.4,604.5,"","","","",3,55323,21.4,14.8,9.0,77.5,1.1,4.3,12.5
"A0605","Butte","Chico","https://www.californiahealthmaps.org?address=A0605","Male","Prostate",137720,125.3,108.0,145.1,105070,119.6,101.8,140.5,"","","","",19600,"","","","","","","",3,55323,21.4,14.8,9.0,77.5,1.1,4.3,12.5
"A0605","Butte","Chico","https://www.californiahealthmaps.org?address=A0605","Female","Breast",138895,146.2,127.7,167.0,107370,150.0,129.8,173.3,"","","","",18485,145.0,82.9,254.9,"","","","",3,55323,21.4,14.8,9.0,77.5,1.1,4.3,12.5
"A0605","Butte","Chico","https://www.californiahealthmaps.org?address=A0605","Male","Lung",137720,47.1,36.5,60.2,105070,48.7,37.4,63.2,"","","","",19600,"","","","","","","",3,55323,21.4,14.8,9.0,77.5,1.1,4.3,12.5
"A0605","Butte","Chico","https://www.californiahealthmaps.org?address=A0605","Female","Lung",138895,51.0,40.8,63.7,107370,54.8,43.6,69.0,"","","","",18485,"","","","","","","",3,55323,21.4,14.8,9.0,77.5,1.1,4.3,12.5
"A0605","Butte","Chico","https://www.californiahealthmaps.org?address=A0605","Male","CRC",137720,46.4,35.8,59.5,105070,44.5,33.6,58.6,"","","","",19600,"","","","","","","",3,55323,21.4,14.8,9.0,77.5,1.1,4.3,12.5
"A0605","Butte","Chico","https://www.californiahealthmaps.org?address=A0605","Female","CRC",138895,29.8,22.2,39.8,107370,29.2,21.2,40.4,"","","","",18485,"","","","","","","",3,55323,21.4,14.8,9.0,77.5,1.1,4.3,12.5
"A0605","Butte","Chico","https://www.californiahealthmaps.org?address=A0605","Male","Mela",137720,48.4,37.6,61.7,105070,46.7,35.5,61.2,"","","","",19600,"","","","","","","",3,55323,21.4,14.8,9.0,77.5,1.1,4.3,12.5
"A0605","Butte","Chico","https://www.californiahealthmaps.org?address=A0605","Female","Mela",138895,38.5,29.1,50.5,107370,38.5,27.9,52.5,"","","","",18485,"","","","","","","",3,55323,21.4,14.8,9.0,77.5,1.1,4.3,12.5
"A0605","Butte","Chico","https://www.californiahealthmaps.org?address=A0605","Female","Uterine",138895,31.1,23.1,41.6,107370,29.3,21.3,40.7,"","","","",18485,"","","","","","","",3,55323,21.4,14.8,9.0,77.5,1.1,4.3,12.5
"A0605","Butte","Chico","https://www.californiahealthmaps.org?address=A0605","Male","Lymph",137720,28.3,20.2,39.1,105070,26.5,18.0,38.4,"","","","",19600,"","","","","","","",3,55323,21.4,14.8,9.0,77.5,1.1,4.3,12.5
"A0605","Butte","Chico","https://www.californiahealthmaps.org?address=A0605","Female","Lymph",138895,16.6,11.0,24.6,107370,17.3,11.3,26.6,"","","","",18485,"","","","","","","",3,55323,21.4,14.8,9.0,77.5,1.1,4.3,12.5
"A0605","Butte","Chico","https://www.californiahealthmaps.org?address=A0605","Male","Urinary",137720,23.3,16.0,33.3,105070,25.0,17.1,36.3,"","","","",19600,"","","","","","","",3,55323,21.4,14.8,9.0,77.5,1.1,4.3,12.5
"A0605","Butte","Chico","https://www.californiahealthmaps.org?address=A0605","Female","Urinary",138895,2.9,1.1,7.5,107370,"","","","","","","",18485,"","","","","","","",3,55323,21.4,14.8,9.0,77.5,1.1,4.3,12.5
"A0605","Butte","Chico","https://www.californiahealthmaps.org?address=A0605","Male","Kidney",137720,16.0,9.8,25.0,105070,14.8,8.5,24.8,"","","","",19600,"","","","","","","",3,55323,21.4,14.8,9.0,77.5,1.1,4.3,12.5
"A0605","Butte","Chico","https://www.californiahealthmaps.org?address=A0605","Female","Kidney",138895,5.6,2.4,11.7,107370,"","","","","","","",18485,"","","","","","","",3,55323,21.4,14.8,9.0,77.5,1.1,4.3,12.5
"A0605","Butte","Chico","https://www.californiahealthmaps.org?address=A0605","Male","Thyroid",137720,4.0,1.4,9.6,105070,"","","","","","","",19600,"","","","","","","",3,55323,21.4,14.8,9.0,77.5,1.1,4.3,12.5
"A0605","Butte","Chico","https://www.californiahealthmaps.org?address=A0605","Female","Thyroid",138895,21.0,13.9,30.8,107370,21.2,13.3,32.8,"","","","",18485,"","","","","","","",3,55323,21.4,14.8,9.0,77.5,1.1,4.3,12.5
"A0605","Butte","Chico","https://www.californiahealthmaps.org?address=A0605","Both","AllSite",276615,477.9,453.6,503.4,212440,479.7,453.6,507.2,"","","","",38085,499.3,397.6,625.0,10635,232.1,119.7,456.5,3,55323,21.4,14.8,9.0,77.5,1.1,4.3,12.5
"A0605","Butte","Chico","https://www.californiahealthmaps.org?address=A0605","Both","Lung",276615,48.8,41.4,57.4,212440,51.6,43.5,61.1,"","","","",38085,"","","",10635,"","","",3,55323,21.4,14.8,9.0,77.5,1.1,4.3,12.5
"A0605","Butte","Chico","https://www.californiahealthmaps.org?address=A0605","Both","CRC",276615,37.3,30.8,45.0,212440,36.1,29.4,44.4,"","","","",38085,"","","",10635,"","","",3,55323,21.4,14.8,9.0,77.5,1.1,4.3,12.5
"A0605","Butte","Chico","https://www.californiahealthmaps.org?address=A0605","Both","Mela",276615,43.1,35.9,51.6,212440,42.2,34.5,51.6,"","","","",38085,"","","",10635,"","","",3,55323,21.4,14.8,9.0,77.5,1.1,4.3,12.5
"A0605","Butte","Chico","https://www.californiahealthmaps.org?address=A0605","Both","Lymph",276615,22.4,17.4,28.7,212440,22.0,16.6,29.0,"","","","",38085,"","","",10635,"","","",3,55323,21.4,14.8,9.0,77.5,1.1,4.3,12.5
"A0605","Butte","Chico","https://www.californiahealthmaps.org?address=A0605","Both","Urinary",276615,12.2,8.7,17.0,212440,13.0,9.2,18.4,"","","","",38085,"","","",10635,"","","",3,55323,21.4,14.8,9.0,77.5,1.1,4.3,12.5
"A0605","Butte","Chico","https://www.californiahealthmaps.org?address=A0605","Both","Kidney",276615,10.6,7.1,15.5,212440,9.1,5.7,14.4,"","","","",38085,"","","",10635,"","","",3,55323,21.4,14.8,9.0,77.5,1.1,4.3,12.5
"A0605","Butte","Chico","https://www.californiahealthmaps.org?address=A0605","Both","Thyroid",276615,12.5,8.6,17.8,212440,13.0,8.5,19.2,"","","","",38085,"","","",10635,"","","",3,55323,21.4,14.8,9.0,77.5,1.1,4.3,12.5
