"Zone","Counties","Cities","URL","Sex","Cancer","PopTot","AAIR","LCI","UCI","White_PopTot","White_AAIR","White_LCI","White_UCI","Black_PopTot","Black_AAIR","Black_LCI","Black_UCI","Hispanic_PopTot","Hispanic_AAIR","Hispanic_LCI","Hispanic_UCI","Asian_PopTot","Asian_AAIR","Asian_LCI","Asian_UCI","QNSES","PopAll","PerRural","PerUninsured","PerForeignBorn","PerWhite","PerBlack","PerAsian","PerHispanic","PerAPI","PerDocvisit","PerFOBT","PerMammo","PerMenPrev","PerPap","PerWomenPrev"
"A1052","Monterey","Soledad, King City","https://www.californiahealthmaps.org?address=A1052","Male","AllSite",239290,437.7,401.4,476.9,50270,445.9,394.4,506.3,15005,338.1,133.4,1029.3,165420,433.1,376.1,497.6,"","","","",2,82820,32.8,23.8,35.0,21.6,4.0,2.2,70.3,2.2,"","","","","",""
"A1052","Monterey","Soledad, King City","https://www.californiahealthmaps.org?address=A1052","Female","AllSite",174810,357.7,326.7,391.2,37700,402.5,349.7,465.5,"","","","",130330,298.6,260.0,342.3,"","","","",2,82820,32.8,23.8,35.0,21.6,4.0,2.2,70.3,2.2,"","","","","",""
"A1052","Monterey","Soledad, King City","https://www.californiahealthmaps.org?address=A1052","Male","Prostate",239290,116.2,97.8,137.5,50270,97.6,75.2,129.8,15005,"","","",165420,135.0,103.6,174.3,"","","","",2,82820,32.8,23.8,35.0,21.6,4.0,2.2,70.3,2.2,"","","","","",""
"A1052","Monterey","Soledad, King City","https://www.californiahealthmaps.org?address=A1052","Female","Breast",174810,104.0,87.7,122.8,37700,114.5,87.9,152.2,"","","","",130330,91.5,71.5,116.6,"","","","",2,82820,32.8,23.8,35.0,21.6,4.0,2.2,70.3,2.2,"","","","","",""
"A1052","Monterey","Soledad, King City","https://www.californiahealthmaps.org?address=A1052","Male","Lung",239290,46.9,34.9,62.0,50270,48.4,32.1,75.5,15005,"","","",165420,40.3,23.3,66.1,"","","","",2,82820,32.8,23.8,35.0,21.6,4.0,2.2,70.3,2.2,"","","","","",""
"A1052","Monterey","Soledad, King City","https://www.californiahealthmaps.org?address=A1052","Female","Lung",174810,34.5,25.1,46.6,37700,47.6,32.2,74.9,"","","","",130330,"","","","","","","",2,82820,32.8,23.8,35.0,21.6,4.0,2.2,70.3,2.2,"","","","","",""
"A1052","Monterey","Soledad, King City","https://www.californiahealthmaps.org?address=A1052","Male","CRC",239290,34.3,24.4,47.4,50270,36.6,22.4,62.2,15005,"","","",165420,27.3,15.3,47.6,"","","","",2,82820,32.8,23.8,35.0,21.6,4.0,2.2,70.3,2.2,"","","","","",""
"A1052","Monterey","Soledad, King City","https://www.californiahealthmaps.org?address=A1052","Female","CRC",174810,29.3,20.6,40.7,37700,46.6,29.6,76.1,"","","","",130330,"","","","","","","",2,82820,32.8,23.8,35.0,21.6,4.0,2.2,70.3,2.2,"","","","","",""
"A1052","Monterey","Soledad, King City","https://www.californiahealthmaps.org?address=A1052","Male","Mela",239290,28.2,19.6,39.9,50270,48.8,32.9,75.3,15005,"","","",165420,"","","","","","","",2,82820,32.8,23.8,35.0,21.6,4.0,2.2,70.3,2.2,"","","","","",""
"A1052","Monterey","Soledad, King City","https://www.californiahealthmaps.org?address=A1052","Female","Mela",174810,17.6,11.3,26.6,37700,34.1,18.9,62.7,"","","","",130330,"","","","","","","",2,82820,32.8,23.8,35.0,21.6,4.0,2.2,70.3,2.2,"","","","","",""
"A1052","Monterey","Soledad, King City","https://www.californiahealthmaps.org?address=A1052","Female","Uterine",174810,21.7,14.7,31.4,37700,28.4,17.1,52.5,"","","","",130330,"","","","","","","",2,82820,32.8,23.8,35.0,21.6,4.0,2.2,70.3,2.2,"","","","","",""
"A1052","Monterey","Soledad, King City","https://www.californiahealthmaps.org?address=A1052","Male","Lymph",239290,15.9,9.9,25.0,50270,"","","",15005,"","","",165420,20.0,9.5,39.2,"","","","",2,82820,32.8,23.8,35.0,21.6,4.0,2.2,70.3,2.2,"","","","","",""
"A1052","Monterey","Soledad, King City","https://www.californiahealthmaps.org?address=A1052","Female","Lymph",174810,15.9,9.7,24.8,37700,"","","","","","","",130330,"","","","","","","",2,82820,32.8,23.8,35.0,21.6,4.0,2.2,70.3,2.2,"","","","","",""
"A1052","Monterey","Soledad, King City","https://www.californiahealthmaps.org?address=A1052","Male","Urinary",239290,14.8,8.5,24.5,50270,"","","",15005,"","","",165420,"","","","","","","",2,82820,32.8,23.8,35.0,21.6,4.0,2.2,70.3,2.2,"","","","","",""
"A1052","Monterey","Soledad, King City","https://www.californiahealthmaps.org?address=A1052","Female","Urinary",174810,"","","",37700,"","","","","","","",130330,"","","","","","","",2,82820,32.8,23.8,35.0,21.6,4.0,2.2,70.3,2.2,"","","","","",""
"A1052","Monterey","Soledad, King City","https://www.californiahealthmaps.org?address=A1052","Male","Kidney",239290,19.1,12.4,28.9,50270,"","","",15005,"","","",165420,20.0,10.4,37.8,"","","","",2,82820,32.8,23.8,35.0,21.6,4.0,2.2,70.3,2.2,"","","","","",""
"A1052","Monterey","Soledad, King City","https://www.californiahealthmaps.org?address=A1052","Female","Kidney",174810,"","","",37700,"","","","","","","",130330,"","","","","","","",2,82820,32.8,23.8,35.0,21.6,4.0,2.2,70.3,2.2,"","","","","",""
"A1052","Monterey","Soledad, King City","https://www.californiahealthmaps.org?address=A1052","Male","Thyroid",239290,"","","",50270,"","","",15005,"","","",165420,"","","","","","","",2,82820,32.8,23.8,35.0,21.6,4.0,2.2,70.3,2.2,"","","","","",""
"A1052","Monterey","Soledad, King City","https://www.californiahealthmaps.org?address=A1052","Female","Thyroid",174810,19.4,13.1,28.2,37700,"","","","","","","",130330,17.9,10.3,30.9,"","","","",2,82820,32.8,23.8,35.0,21.6,4.0,2.2,70.3,2.2,"","","","","",""
"A1052","Monterey","Soledad, King City","https://www.californiahealthmaps.org?address=A1052","Male","Liver",239290,18.9,12.2,28.8,50270,"","","",15005,"","","",165420,27.6,14.7,49.1,"","","","",2,82820,32.8,23.8,35.0,21.6,4.0,2.2,70.3,2.2,"","","","","",""
"A1052","Monterey","Soledad, King City","https://www.californiahealthmaps.org?address=A1052","Female","Liver",174810,"","","",37700,"","","","","","","",130330,"","","","","","","",2,82820,32.8,23.8,35.0,21.6,4.0,2.2,70.3,2.2,"","","","","",""
"A1052","Monterey","Soledad, King City","https://www.californiahealthmaps.org?address=A1052","Male","Pancreas",239290,16.2,9.5,26.2,50270,"","","",15005,"","","",165420,"","","","","","","",2,82820,32.8,23.8,35.0,21.6,4.0,2.2,70.3,2.2,"","","","","",""
"A1052","Monterey","Soledad, King City","https://www.californiahealthmaps.org?address=A1052","Female","Pancreas",174810,10.6,5.9,18.1,37700,"","","","","","","",130330,"","","","","","","",2,82820,32.8,23.8,35.0,21.6,4.0,2.2,70.3,2.2,"","","","","",""
"A1052","Monterey","Soledad, King City","https://www.californiahealthmaps.org?address=A1052","Both","AllSite",414100,385.6,362.5,410.0,87970,417.4,381.4,457.9,16040,413.8,186.3,1111.7,295750,347.6,315.1,383.0,"","","","",2,82820,32.8,23.8,35.0,21.6,4.0,2.2,70.3,2.2,"","","","","",""
"A1052","Monterey","Soledad, King City","https://www.californiahealthmaps.org?address=A1052","Both","Lung",414100,40.3,32.6,49.4,87970,48.2,36.6,65.1,16040,"","","",295750,28.3,18.8,41.3,"","","","",2,82820,32.8,23.8,35.0,21.6,4.0,2.2,70.3,2.2,"","","","","",""
"A1052","Monterey","Soledad, King City","https://www.californiahealthmaps.org?address=A1052","Both","CRC",414100,30.8,24.4,38.6,87970,39.3,28.7,55.2,16040,"","","",295750,20.7,13.5,31.0,"","","","",2,82820,32.8,23.8,35.0,21.6,4.0,2.2,70.3,2.2,"","","","","",""
"A1052","Monterey","Soledad, King City","https://www.californiahealthmaps.org?address=A1052","Both","Mela",414100,22.7,17.3,29.5,87970,41.1,30.1,57.5,16040,"","","",295750,"","","","","","","",2,82820,32.8,23.8,35.0,21.6,4.0,2.2,70.3,2.2,"","","","","",""
"A1052","Monterey","Soledad, King City","https://www.californiahealthmaps.org?address=A1052","Both","Lymph",414100,16.1,11.6,21.9,87970,13.7,7.8,25.8,16040,"","","",295750,17.1,10.4,27.1,"","","","",2,82820,32.8,23.8,35.0,21.6,4.0,2.2,70.3,2.2,"","","","","",""
"A1052","Monterey","Soledad, King City","https://www.californiahealthmaps.org?address=A1052","Both","Urinary",414100,8.7,5.5,13.4,87970,"","","",16040,"","","",295750,"","","","","","","",2,82820,32.8,23.8,35.0,21.6,4.0,2.2,70.3,2.2,"","","","","",""
"A1052","Monterey","Soledad, King City","https://www.californiahealthmaps.org?address=A1052","Both","Kidney",414100,12.2,8.5,17.3,87970,"","","",16040,"","","",295750,13.2,7.8,21.8,"","","","",2,82820,32.8,23.8,35.0,21.6,4.0,2.2,70.3,2.2,"","","","","",""
"A1052","Monterey","Soledad, King City","https://www.californiahealthmaps.org?address=A1052","Both","Thyroid",414100,9.1,6.3,13.1,87970,"","","",16040,"","","",295750,8.3,4.7,15.0,"","","","",2,82820,32.8,23.8,35.0,21.6,4.0,2.2,70.3,2.2,"","","","","",""
"A1052","Monterey","Soledad, King City","https://www.californiahealthmaps.org?address=A1052","Both","Liver",414100,12.5,8.7,17.7,87970,9.8,5.3,20.6,16040,"","","",295750,17.3,10.4,27.4,"","","","",2,82820,32.8,23.8,35.0,21.6,4.0,2.2,70.3,2.2,"","","","","",""
"A1052","Monterey","Soledad, King City","https://www.californiahealthmaps.org?address=A1052","Both","Pancreas",414100,12.8,8.8,18.3,87970,14.7,8.8,26.6,16040,"","","",295750,11.8,6.3,20.9,"","","","",2,82820,32.8,23.8,35.0,21.6,4.0,2.2,70.3,2.2,"","","","","",""
