"Zone","Counties","Cities","URL","Sex","Cancer","PopTot","AAIR","LCI","UCI","White_PopTot","White_AAIR","White_LCI","White_UCI","Black_PopTot","Black_AAIR","Black_LCI","Black_UCI","Hispanic_PopTot","Hispanic_AAIR","Hispanic_LCI","Hispanic_UCI","Asian_PopTot","Asian_AAIR","Asian_LCI","Asian_UCI","QNSES","PopAll","PerRural","PerUninsured","PerForeignBorn","PerWhite","PerBlack","PerAsian","PerHispanic","PerAPI","PerDocvisit","PerFOBT","PerMammo","PerMenPrev","PerPap","PerWomenPrev"
"A1111","Los Angeles","Los Angeles","https://www.californiahealthmaps.org?address=A1111","Male","AllSite",159105,463.5,430.4,500.3,125540,452.2,417.0,492.4,"","","","",15185,385.4,259.3,587.7,"","","","",5,60466,0.0,16.5,30.1,76.1,3.3,5.9,10.6,5.9,"","","","","",""
"A1111","Los Angeles","Los Angeles","https://www.californiahealthmaps.org?address=A1111","Female","AllSite",143225,462.8,429.6,499.9,109700,477.2,439.6,520.0,"","","","",13420,459.5,335.0,623.8,"","","","",5,60466,0.0,16.5,30.1,76.1,3.3,5.9,10.6,5.9,"","","","","",""
"A1111","Los Angeles","Los Angeles","https://www.californiahealthmaps.org?address=A1111","Male","Prostate",159105,98.3,83.4,117.2,125540,91.0,75.6,112.0,"","","","",15185,"","","","","","","",5,60466,0.0,16.5,30.1,76.1,3.3,5.9,10.6,5.9,"","","","","",""
"A1111","Los Angeles","Los Angeles","https://www.californiahealthmaps.org?address=A1111","Female","Breast",143225,146.7,128.0,169.4,109700,153.8,132.6,180.8,"","","","",13420,"","","","","","","",5,60466,0.0,16.5,30.1,76.1,3.3,5.9,10.6,5.9,"","","","","",""
"A1111","Los Angeles","Los Angeles","https://www.californiahealthmaps.org?address=A1111","Male","Lung",159105,51.5,40.7,66.6,125540,54.2,42.5,71.8,"","","","",15185,"","","","","","","",5,60466,0.0,16.5,30.1,76.1,3.3,5.9,10.6,5.9,"","","","","",""
"A1111","Los Angeles","Los Angeles","https://www.californiahealthmaps.org?address=A1111","Female","Lung",143225,42.6,33.4,56.3,109700,47.5,36.8,64.5,"","","","",13420,"","","","","","","",5,60466,0.0,16.5,30.1,76.1,3.3,5.9,10.6,5.9,"","","","","",""
"A1111","Los Angeles","Los Angeles","https://www.californiahealthmaps.org?address=A1111","Male","CRC",159105,43.1,33.6,56.9,125540,39.9,30.2,55.5,"","","","",15185,"","","","","","","",5,60466,0.0,16.5,30.1,76.1,3.3,5.9,10.6,5.9,"","","","","",""
"A1111","Los Angeles","Los Angeles","https://www.californiahealthmaps.org?address=A1111","Female","CRC",143225,41.4,32.2,55.1,109700,43.3,32.8,60.2,"","","","",13420,"","","","","","","",5,60466,0.0,16.5,30.1,76.1,3.3,5.9,10.6,5.9,"","","","","",""
"A1111","Los Angeles","Los Angeles","https://www.californiahealthmaps.org?address=A1111","Male","Mela",159105,26.8,19.5,38.6,125540,27.9,19.9,42.2,"","","","",15185,"","","","","","","",5,60466,0.0,16.5,30.1,76.1,3.3,5.9,10.6,5.9,"","","","","",""
"A1111","Los Angeles","Los Angeles","https://www.californiahealthmaps.org?address=A1111","Female","Mela",143225,24.2,17.0,36.3,109700,24.8,16.7,39.9,"","","","",13420,"","","","","","","",5,60466,0.0,16.5,30.1,76.1,3.3,5.9,10.6,5.9,"","","","","",""
"A1111","Los Angeles","Los Angeles","https://www.californiahealthmaps.org?address=A1111","Female","Uterine",143225,33.6,25.1,46.8,109700,34.6,25.1,50.7,"","","","",13420,"","","","","","","",5,60466,0.0,16.5,30.1,76.1,3.3,5.9,10.6,5.9,"","","","","",""
"A1111","Los Angeles","Los Angeles","https://www.californiahealthmaps.org?address=A1111","Male","Lymph",159105,27.5,20.2,39.3,125540,28.4,20.4,42.6,"","","","",15185,"","","","","","","",5,60466,0.0,16.5,30.1,76.1,3.3,5.9,10.6,5.9,"","","","","",""
"A1111","Los Angeles","Los Angeles","https://www.californiahealthmaps.org?address=A1111","Female","Lymph",143225,24.2,17.2,36.1,109700,23.5,16.0,38.1,"","","","",13420,"","","","","","","",5,60466,0.0,16.5,30.1,76.1,3.3,5.9,10.6,5.9,"","","","","",""
"A1111","Los Angeles","Los Angeles","https://www.californiahealthmaps.org?address=A1111","Male","Urinary",159105,22.5,15.7,33.9,125540,21.1,14.1,34.6,"","","","",15185,"","","","","","","",5,60466,0.0,16.5,30.1,76.1,3.3,5.9,10.6,5.9,"","","","","",""
"A1111","Los Angeles","Los Angeles","https://www.californiahealthmaps.org?address=A1111","Female","Urinary",143225,"","","",109700,"","","","","","","",13420,"","","","","","","",5,60466,0.0,16.5,30.1,76.1,3.3,5.9,10.6,5.9,"","","","","",""
"A1111","Los Angeles","Los Angeles","https://www.californiahealthmaps.org?address=A1111","Male","Kidney",159105,21.1,14.7,32.2,125540,21.6,14.7,35.1,"","","","",15185,"","","","","","","",5,60466,0.0,16.5,30.1,76.1,3.3,5.9,10.6,5.9,"","","","","",""
"A1111","Los Angeles","Los Angeles","https://www.californiahealthmaps.org?address=A1111","Female","Kidney",143225,13.8,8.7,24.3,109700,15.1,9.2,28.5,"","","","",13420,"","","","","","","",5,60466,0.0,16.5,30.1,76.1,3.3,5.9,10.6,5.9,"","","","","",""
"A1111","Los Angeles","Los Angeles","https://www.californiahealthmaps.org?address=A1111","Male","Thyroid",159105,7.5,4.1,16.3,125540,"","","","","","","",15185,"","","","","","","",5,60466,0.0,16.5,30.1,76.1,3.3,5.9,10.6,5.9,"","","","","",""
"A1111","Los Angeles","Los Angeles","https://www.californiahealthmaps.org?address=A1111","Female","Thyroid",143225,23.5,15.6,36.5,109700,24.7,15.8,40.7,"","","","",13420,"","","","","","","",5,60466,0.0,16.5,30.1,76.1,3.3,5.9,10.6,5.9,"","","","","",""
"A1111","Los Angeles","Los Angeles","https://www.californiahealthmaps.org?address=A1111","Male","Liver",159105,14.8,9.4,25.1,125540,14.2,8.6,26.8,"","","","",15185,"","","","","","","",5,60466,0.0,16.5,30.1,76.1,3.3,5.9,10.6,5.9,"","","","","",""
"A1111","Los Angeles","Los Angeles","https://www.californiahealthmaps.org?address=A1111","Female","Liver",143225,"","","",109700,"","","","","","","",13420,"","","","","","","",5,60466,0.0,16.5,30.1,76.1,3.3,5.9,10.6,5.9,"","","","","",""
"A1111","Los Angeles","Los Angeles","https://www.californiahealthmaps.org?address=A1111","Male","Pancreas",159105,16.2,10.6,26.7,125540,16.2,10.2,29.0,"","","","",15185,"","","","","","","",5,60466,0.0,16.5,30.1,76.1,3.3,5.9,10.6,5.9,"","","","","",""
"A1111","Los Angeles","Los Angeles","https://www.californiahealthmaps.org?address=A1111","Female","Pancreas",143225,10.3,6.2,19.9,109700,11.2,6.7,23.7,"","","","",13420,"","","","","","","",5,60466,0.0,16.5,30.1,76.1,3.3,5.9,10.6,5.9,"","","","","",""
"A1111","Los Angeles","Los Angeles","https://www.californiahealthmaps.org?address=A1111","Both","AllSite",302330,455.7,432.7,480.6,235240,455.7,430.5,483.3,10680,510.3,384.8,696.7,28605,441.4,347.6,556.7,17465,347.5,252.0,489.1,5,60466,0.0,16.5,30.1,76.1,3.3,5.9,10.6,5.9,"","","","","",""
"A1111","Los Angeles","Los Angeles","https://www.californiahealthmaps.org?address=A1111","Both","Lung",302330,46.4,39.3,55.5,235240,50.3,42.3,61.0,10680,"","","",28605,"","","",17465,"","","",5,60466,0.0,16.5,30.1,76.1,3.3,5.9,10.6,5.9,"","","","","",""
"A1111","Los Angeles","Los Angeles","https://www.californiahealthmaps.org?address=A1111","Both","CRC",302330,41.7,35.1,50.2,235240,40.8,33.8,50.7,10680,"","","",28605,"","","",17465,"","","",5,60466,0.0,16.5,30.1,76.1,3.3,5.9,10.6,5.9,"","","","","",""
"A1111","Los Angeles","Los Angeles","https://www.californiahealthmaps.org?address=A1111","Both","Mela",302330,24.6,19.6,31.8,235240,25.5,19.9,34.0,10680,"","","",28605,"","","",17465,"","","",5,60466,0.0,16.5,30.1,76.1,3.3,5.9,10.6,5.9,"","","","","",""
"A1111","Los Angeles","Los Angeles","https://www.californiahealthmaps.org?address=A1111","Both","Lymph",302330,25.9,20.7,33.2,235240,25.9,20.3,34.5,10680,"","","",28605,"","","",17465,"","","",5,60466,0.0,16.5,30.1,76.1,3.3,5.9,10.6,5.9,"","","","","",""
"A1111","Los Angeles","Los Angeles","https://www.californiahealthmaps.org?address=A1111","Both","Urinary",302330,12.6,9.1,18.4,235240,12.4,8.7,19.4,10680,"","","",28605,"","","",17465,"","","",5,60466,0.0,16.5,30.1,76.1,3.3,5.9,10.6,5.9,"","","","","",""
"A1111","Los Angeles","Los Angeles","https://www.californiahealthmaps.org?address=A1111","Both","Kidney",302330,17.3,13.1,23.8,235240,18.2,13.5,26.0,10680,"","","",28605,"","","",17465,"","","",5,60466,0.0,16.5,30.1,76.1,3.3,5.9,10.6,5.9,"","","","","",""
"A1111","Los Angeles","Los Angeles","https://www.californiahealthmaps.org?address=A1111","Both","Thyroid",302330,15.5,11.1,22.3,235240,16.0,11.1,24.0,10680,"","","",28605,"","","",17465,"","","",5,60466,0.0,16.5,30.1,76.1,3.3,5.9,10.6,5.9,"","","","","",""
"A1111","Los Angeles","Los Angeles","https://www.californiahealthmaps.org?address=A1111","Both","Liver",302330,9.0,6.0,14.3,235240,8.9,5.8,15.5,10680,"","","",28605,"","","",17465,"","","",5,60466,0.0,16.5,30.1,76.1,3.3,5.9,10.6,5.9,"","","","","",""
"A1111","Los Angeles","Los Angeles","https://www.californiahealthmaps.org?address=A1111","Both","Pancreas",302330,13.5,9.9,19.4,235240,13.9,10.0,21.0,10680,"","","",28605,"","","",17465,"","","",5,60466,0.0,16.5,30.1,76.1,3.3,5.9,10.6,5.9,"","","","","",""
