"Zone","Counties","Cities","URL","Sex","Cancer","PopTot","AAIR","LCI","UCI","White_PopTot","White_AAIR","White_LCI","White_UCI","Black_PopTot","Black_AAIR","Black_LCI","Black_UCI","Hispanic_PopTot","Hispanic_AAIR","Hispanic_LCI","Hispanic_UCI","Asian_PopTot","Asian_AAIR","Asian_LCI","Asian_UCI","QNSES","PopAll","PerRural","PerUninsured","PerForeignBorn","PerWhite","PerBlack","PerAsian","PerHispanic","PerAPI","PerDocvisit","PerFOBT","PerMammo","PerMenPrev","PerPap","PerWomenPrev"
"A0013","Orange","Newport Beach","https://www.californiahealthmaps.org?address=A0013","Male","AllSite",136180,556.8,523.1,593.1,114635,553.6,517.9,592.5,"","","","","","","","","","","","",5,55481,0.0,7.0,13.2,82.9,0.6,7.9,6.5,7.9,66.6,70.1,80.0,42.2,85.7,34.3
"A0013","Orange","Newport Beach","https://www.californiahealthmaps.org?address=A0013","Female","AllSite",141225,480.8,449.7,514.4,115450,491.6,457.4,528.8,"","","","","","","","",12270,408.7,279.9,596.0,5,55481,0.0,7.0,13.2,82.9,0.6,7.9,6.5,7.9,66.6,70.1,80.0,42.2,85.7,34.3
"A0013","Orange","Newport Beach","https://www.californiahealthmaps.org?address=A0013","Male","Prostate",136180,127.8,112.9,145.2,114635,117.6,102.7,135.8,"","","","","","","","","","","","",5,55481,0.0,7.0,13.2,82.9,0.6,7.9,6.5,7.9,66.6,70.1,80.0,42.2,85.7,34.3
"A0013","Orange","Newport Beach","https://www.californiahealthmaps.org?address=A0013","Female","Breast",141225,188.6,169.4,210.5,115450,194.7,173.4,219.2,"","","","","","","","",12270,183.8,107.0,321.4,5,55481,0.0,7.0,13.2,82.9,0.6,7.9,6.5,7.9,66.6,70.1,80.0,42.2,85.7,34.3
"A0013","Orange","Newport Beach","https://www.californiahealthmaps.org?address=A0013","Male","Lung",136180,29.8,22.7,39.8,114635,30.2,22.7,41.5,"","","","","","","","","","","","",5,55481,0.0,7.0,13.2,82.9,0.6,7.9,6.5,7.9,66.6,70.1,80.0,42.2,85.7,34.3
"A0013","Orange","Newport Beach","https://www.californiahealthmaps.org?address=A0013","Female","Lung",141225,44.1,35.8,55.0,115450,43.2,34.7,55.1,"","","","","","","","",12270,"","","",5,55481,0.0,7.0,13.2,82.9,0.6,7.9,6.5,7.9,66.6,70.1,80.0,42.2,85.7,34.3
"A0013","Orange","Newport Beach","https://www.californiahealthmaps.org?address=A0013","Male","CRC",136180,41.5,32.6,53.3,114635,42.6,33.0,56.0,"","","","","","","","","","","","",5,55481,0.0,7.0,13.2,82.9,0.6,7.9,6.5,7.9,66.6,70.1,80.0,42.2,85.7,34.3
"A0013","Orange","Newport Beach","https://www.californiahealthmaps.org?address=A0013","Female","CRC",141225,27.7,20.9,37.2,115450,29.0,21.5,40.1,"","","","","","","","",12270,"","","",5,55481,0.0,7.0,13.2,82.9,0.6,7.9,6.5,7.9,66.6,70.1,80.0,42.2,85.7,34.3
"A0013","Orange","Newport Beach","https://www.californiahealthmaps.org?address=A0013","Male","Mela",136180,98.0,83.9,114.9,114635,100.9,85.8,119.5,"","","","","","","","","","","","",5,55481,0.0,7.0,13.2,82.9,0.6,7.9,6.5,7.9,66.6,70.1,80.0,42.2,85.7,34.3
"A0013","Orange","Newport Beach","https://www.californiahealthmaps.org?address=A0013","Female","Mela",141225,46.3,36.5,58.9,115450,48.9,37.9,63.6,"","","","","","","","",12270,"","","",5,55481,0.0,7.0,13.2,82.9,0.6,7.9,6.5,7.9,66.6,70.1,80.0,42.2,85.7,34.3
"A0013","Orange","Newport Beach","https://www.californiahealthmaps.org?address=A0013","Female","Uterine",141225,27.5,20.5,37.2,115450,30.5,22.5,42.3,"","","","","","","","",12270,"","","",5,55481,0.0,7.0,13.2,82.9,0.6,7.9,6.5,7.9,66.6,70.1,80.0,42.2,85.7,34.3
"A0013","Orange","Newport Beach","https://www.californiahealthmaps.org?address=A0013","Male","Lymph",136180,32.8,24.9,43.6,114635,31.1,23.1,42.9,"","","","","","","","","","","","",5,55481,0.0,7.0,13.2,82.9,0.6,7.9,6.5,7.9,66.6,70.1,80.0,42.2,85.7,34.3
"A0013","Orange","Newport Beach","https://www.californiahealthmaps.org?address=A0013","Female","Lymph",141225,17.5,11.9,26.1,115450,14.9,9.5,24.3,"","","","","","","","",12270,"","","",5,55481,0.0,7.0,13.2,82.9,0.6,7.9,6.5,7.9,66.6,70.1,80.0,42.2,85.7,34.3
"A0013","Orange","Newport Beach","https://www.californiahealthmaps.org?address=A0013","Male","Urinary",136180,21.0,15.0,29.9,114635,22.8,16.3,33.1,"","","","","","","","","","","","",5,55481,0.0,7.0,13.2,82.9,0.6,7.9,6.5,7.9,66.6,70.1,80.0,42.2,85.7,34.3
"A0013","Orange","Newport Beach","https://www.californiahealthmaps.org?address=A0013","Female","Urinary",141225,"","","",115450,"","","","","","","","","","","",12270,"","","",5,55481,0.0,7.0,13.2,82.9,0.6,7.9,6.5,7.9,66.6,70.1,80.0,42.2,85.7,34.3
"A0013","Orange","Newport Beach","https://www.californiahealthmaps.org?address=A0013","Male","Kidney",136180,26.8,19.9,36.6,114635,25.9,18.7,37.0,"","","","","","","","","","","","",5,55481,0.0,7.0,13.2,82.9,0.6,7.9,6.5,7.9,66.6,70.1,80.0,42.2,85.7,34.3
"A0013","Orange","Newport Beach","https://www.californiahealthmaps.org?address=A0013","Female","Kidney",141225,"","","",115450,"","","","","","","","","","","",12270,"","","",5,55481,0.0,7.0,13.2,82.9,0.6,7.9,6.5,7.9,66.6,70.1,80.0,42.2,85.7,34.3
"A0013","Orange","Newport Beach","https://www.californiahealthmaps.org?address=A0013","Male","Thyroid",136180,12.4,7.3,20.8,114635,10.3,5.6,19.3,"","","","","","","","","","","","",5,55481,0.0,7.0,13.2,82.9,0.6,7.9,6.5,7.9,66.6,70.1,80.0,42.2,85.7,34.3
"A0013","Orange","Newport Beach","https://www.californiahealthmaps.org?address=A0013","Female","Thyroid",141225,20.8,14.1,30.6,115450,17.0,10.5,27.9,"","","","","","","","",12270,"","","",5,55481,0.0,7.0,13.2,82.9,0.6,7.9,6.5,7.9,66.6,70.1,80.0,42.2,85.7,34.3
"A0013","Orange","Newport Beach","https://www.californiahealthmaps.org?address=A0013","Male","Liver",136180,"","","",114635,"","","","","","","","","","","","","","","",5,55481,0.0,7.0,13.2,82.9,0.6,7.9,6.5,7.9,66.6,70.1,80.0,42.2,85.7,34.3
"A0013","Orange","Newport Beach","https://www.californiahealthmaps.org?address=A0013","Female","Liver",141225,"","","",115450,"","","","","","","","","","","",12270,"","","",5,55481,0.0,7.0,13.2,82.9,0.6,7.9,6.5,7.9,66.6,70.1,80.0,42.2,85.7,34.3
"A0013","Orange","Newport Beach","https://www.californiahealthmaps.org?address=A0013","Male","Pancreas",136180,15.3,10.4,23.2,114635,15.1,10.0,24.2,"","","","","","","","","","","","",5,55481,0.0,7.0,13.2,82.9,0.6,7.9,6.5,7.9,66.6,70.1,80.0,42.2,85.7,34.3
"A0013","Orange","Newport Beach","https://www.californiahealthmaps.org?address=A0013","Female","Pancreas",141225,11.1,7.2,18.1,115450,12.2,7.9,20.5,"","","","","","","","",12270,"","","",5,55481,0.0,7.0,13.2,82.9,0.6,7.9,6.5,7.9,66.6,70.1,80.0,42.2,85.7,34.3
"A0013","Orange","Newport Beach","https://www.californiahealthmaps.org?address=A0013","Both","AllSite",277405,514.0,491.1,538.0,230085,517.2,492.6,543.3,"","","","",16355,342.6,250.6,462.0,22085,437.9,338.4,565.3,5,55481,0.0,7.0,13.2,82.9,0.6,7.9,6.5,7.9,66.6,70.1,80.0,42.2,85.7,34.3
"A0013","Orange","Newport Beach","https://www.californiahealthmaps.org?address=A0013","Both","Lung",277405,37.0,31.4,43.9,230085,36.7,31.0,44.1,"","","","",16355,"","","",22085,"","","",5,55481,0.0,7.0,13.2,82.9,0.6,7.9,6.5,7.9,66.6,70.1,80.0,42.2,85.7,34.3
"A0013","Orange","Newport Beach","https://www.californiahealthmaps.org?address=A0013","Both","CRC",277405,34.2,28.6,41.2,230085,35.4,29.2,43.3,"","","","",16355,"","","",22085,"","","",5,55481,0.0,7.0,13.2,82.9,0.6,7.9,6.5,7.9,66.6,70.1,80.0,42.2,85.7,34.3
"A0013","Orange","Newport Beach","https://www.californiahealthmaps.org?address=A0013","Both","Mela",277405,70.0,61.6,79.8,230085,72.9,63.6,83.8,"","","","",16355,"","","",22085,"","","",5,55481,0.0,7.0,13.2,82.9,0.6,7.9,6.5,7.9,66.6,70.1,80.0,42.2,85.7,34.3
"A0013","Orange","Newport Beach","https://www.californiahealthmaps.org?address=A0013","Both","Lymph",277405,24.6,19.8,30.8,230085,22.5,17.6,29.1,"","","","",16355,"","","",22085,"","","",5,55481,0.0,7.0,13.2,82.9,0.6,7.9,6.5,7.9,66.6,70.1,80.0,42.2,85.7,34.3
"A0013","Orange","Newport Beach","https://www.californiahealthmaps.org?address=A0013","Both","Urinary",277405,11.3,8.3,15.7,230085,12.3,9.0,17.4,"","","","",16355,"","","",22085,"","","",5,55481,0.0,7.0,13.2,82.9,0.6,7.9,6.5,7.9,66.6,70.1,80.0,42.2,85.7,34.3
"A0013","Orange","Newport Beach","https://www.californiahealthmaps.org?address=A0013","Both","Kidney",277405,14.9,11.3,19.9,230085,14.4,10.6,20.1,"","","","",16355,"","","",22085,"","","",5,55481,0.0,7.0,13.2,82.9,0.6,7.9,6.5,7.9,66.6,70.1,80.0,42.2,85.7,34.3
"A0013","Orange","Newport Beach","https://www.californiahealthmaps.org?address=A0013","Both","Thyroid",277405,16.5,12.2,22.4,230085,13.5,9.4,19.7,"","","","",16355,"","","",22085,"","","",5,55481,0.0,7.0,13.2,82.9,0.6,7.9,6.5,7.9,66.6,70.1,80.0,42.2,85.7,34.3
"A0013","Orange","Newport Beach","https://www.californiahealthmaps.org?address=A0013","Both","Liver",277405,"","","",230085,"","","","","","","",16355,"","","",22085,"","","",5,55481,0.0,7.0,13.2,82.9,0.6,7.9,6.5,7.9,66.6,70.1,80.0,42.2,85.7,34.3
"A0013","Orange","Newport Beach","https://www.californiahealthmaps.org?address=A0013","Both","Pancreas",277405,13.0,9.8,17.5,230085,13.5,10.1,18.7,"","","","",16355,"","","",22085,"","","",5,55481,0.0,7.0,13.2,82.9,0.6,7.9,6.5,7.9,66.6,70.1,80.0,42.2,85.7,34.3
