"Zone","Counties","Cities","URL","Sex","Cancer","PopTot","AAIR","LCI","UCI","White_PopTot","White_AAIR","White_LCI","White_UCI","Black_PopTot","Black_AAIR","Black_LCI","Black_UCI","Hispanic_PopTot","Hispanic_AAIR","Hispanic_LCI","Hispanic_UCI","Asian_PopTot","Asian_AAIR","Asian_LCI","Asian_UCI","QNSES","PopAll","PerRural","PerUninsured","PerForeignBorn","PerWhite","PerBlack","PerAsian","PerHispanic","PerAPI","PerDocvisit","PerFOBT","PerMammo","PerMenPrev","PerPap","PerWomenPrev"
"A0432","Los Angeles","Torrance","https://www.californiahealthmaps.org?address=A0432","Male","AllSite",138415,430.0,396.5,465.7,53475,491.8,442.6,547.6,"","","","",21335,461.7,343.1,615.9,53080,332.1,276.7,396.1,4,57436,0.0,14.6,36.5,35.8,2.6,39.1,18.2,39.1,"","","","","",""
"A0432","Los Angeles","Torrance","https://www.californiahealthmaps.org?address=A0432","Female","AllSite",148765,433.4,403.2,465.7,55525,496.4,447.1,552.8,"","","","",23405,445.7,357.6,551.0,59305,335.1,290.5,386.2,4,57436,0.0,14.6,36.5,35.8,2.6,39.1,18.2,39.1,"","","","","",""
"A0432","Los Angeles","Torrance","https://www.californiahealthmaps.org?address=A0432","Male","Prostate",138415,94.1,78.8,111.6,53475,101.7,80.6,130.0,"","","","",21335,116.3,64.8,204.8,53080,47.7,28.2,76.4,4,57436,0.0,14.6,36.5,35.8,2.6,39.1,18.2,39.1,"","","","","",""
"A0432","Los Angeles","Torrance","https://www.californiahealthmaps.org?address=A0432","Female","Breast",148765,151.2,133.6,171.0,55525,176.4,148.0,212.3,"","","","",23405,129.9,84.2,193.8,59305,133.6,106.5,167.2,4,57436,0.0,14.6,36.5,35.8,2.6,39.1,18.2,39.1,"","","","","",""
"A0432","Los Angeles","Torrance","https://www.californiahealthmaps.org?address=A0432","Male","Lung",138415,35.2,25.9,46.8,53475,35.2,23.8,54.3,"","","","",21335,"","","",53080,47.3,27.3,77.0,4,57436,0.0,14.6,36.5,35.8,2.6,39.1,18.2,39.1,"","","","","",""
"A0432","Los Angeles","Torrance","https://www.californiahealthmaps.org?address=A0432","Female","Lung",148765,41.7,33.1,52.5,55525,54.1,40.9,75.1,"","","","",23405,"","","",59305,"","","",4,57436,0.0,14.6,36.5,35.8,2.6,39.1,18.2,39.1,"","","","","",""
"A0432","Los Angeles","Torrance","https://www.californiahealthmaps.org?address=A0432","Male","CRC",138415,50.0,39.1,63.3,53475,32.7,21.6,51.5,"","","","",21335,"","","",53080,77.2,51.6,111.9,4,57436,0.0,14.6,36.5,35.8,2.6,39.1,18.2,39.1,"","","","","",""
"A0432","Los Angeles","Torrance","https://www.californiahealthmaps.org?address=A0432","Female","CRC",148765,27.2,20.2,36.3,55525,26.8,16.8,45.6,"","","","",23405,"","","",59305,28.7,16.9,47.8,4,57436,0.0,14.6,36.5,35.8,2.6,39.1,18.2,39.1,"","","","","",""
"A0432","Los Angeles","Torrance","https://www.californiahealthmaps.org?address=A0432","Male","Mela",138415,41.7,31.8,54.0,53475,70.2,52.3,95.5,"","","","",21335,"","","",53080,"","","",4,57436,0.0,14.6,36.5,35.8,2.6,39.1,18.2,39.1,"","","","","",""
"A0432","Los Angeles","Torrance","https://www.californiahealthmaps.org?address=A0432","Female","Mela",148765,15.8,10.3,23.6,55525,24.8,13.6,45.6,"","","","",23405,"","","",59305,"","","",4,57436,0.0,14.6,36.5,35.8,2.6,39.1,18.2,39.1,"","","","","",""
"A0432","Los Angeles","Torrance","https://www.californiahealthmaps.org?address=A0432","Female","Uterine",148765,27.2,20.1,36.4,55525,22.6,14.0,40.2,"","","","",23405,"","","",59305,28.6,16.9,47.7,4,57436,0.0,14.6,36.5,35.8,2.6,39.1,18.2,39.1,"","","","","",""
"A0432","Los Angeles","Torrance","https://www.californiahealthmaps.org?address=A0432","Male","Lymph",138415,24.7,17.1,34.7,53475,31.0,19.2,51.1,"","","","",21335,"","","",53080,"","","",4,57436,0.0,14.6,36.5,35.8,2.6,39.1,18.2,39.1,"","","","","",""
"A0432","Los Angeles","Torrance","https://www.californiahealthmaps.org?address=A0432","Female","Lymph",148765,15.3,10.2,22.7,55525,13.5,6.9,29.9,"","","","",23405,"","","",59305,"","","",4,57436,0.0,14.6,36.5,35.8,2.6,39.1,18.2,39.1,"","","","","",""
"A0432","Los Angeles","Torrance","https://www.californiahealthmaps.org?address=A0432","Male","Urinary",138415,12.1,7.0,19.8,53475,"","","","","","","",21335,"","","",53080,"","","",4,57436,0.0,14.6,36.5,35.8,2.6,39.1,18.2,39.1,"","","","","",""
"A0432","Los Angeles","Torrance","https://www.californiahealthmaps.org?address=A0432","Female","Urinary",148765,"","","",55525,"","","","","","","",23405,"","","",59305,"","","",4,57436,0.0,14.6,36.5,35.8,2.6,39.1,18.2,39.1,"","","","","",""
"A0432","Los Angeles","Torrance","https://www.californiahealthmaps.org?address=A0432","Male","Kidney",138415,16.2,10.3,24.5,53475,21.6,12.7,38.7,"","","","",21335,"","","",53080,"","","",4,57436,0.0,14.6,36.5,35.8,2.6,39.1,18.2,39.1,"","","","","",""
"A0432","Los Angeles","Torrance","https://www.californiahealthmaps.org?address=A0432","Female","Kidney",148765,10.6,6.4,17.0,55525,"","","","","","","",23405,"","","",59305,"","","",4,57436,0.0,14.6,36.5,35.8,2.6,39.1,18.2,39.1,"","","","","",""
"A0432","Los Angeles","Torrance","https://www.californiahealthmaps.org?address=A0432","Male","Thyroid",138415,"","","",53475,"","","","","","","",21335,"","","",53080,"","","",4,57436,0.0,14.6,36.5,35.8,2.6,39.1,18.2,39.1,"","","","","",""
"A0432","Los Angeles","Torrance","https://www.californiahealthmaps.org?address=A0432","Female","Thyroid",148765,29.5,21.7,39.7,55525,47.8,30.7,74.1,"","","","",23405,"","","",59305,"","","",4,57436,0.0,14.6,36.5,35.8,2.6,39.1,18.2,39.1,"","","","","",""
"A0432","Los Angeles","Torrance","https://www.californiahealthmaps.org?address=A0432","Male","Liver",138415,12.3,7.3,19.9,53475,"","","","","","","",21335,"","","",53080,"","","",4,57436,0.0,14.6,36.5,35.8,2.6,39.1,18.2,39.1,"","","","","",""
"A0432","Los Angeles","Torrance","https://www.californiahealthmaps.org?address=A0432","Female","Liver",148765,8.3,4.6,14.3,55525,"","","","","","","",23405,"","","",59305,"","","",4,57436,0.0,14.6,36.5,35.8,2.6,39.1,18.2,39.1,"","","","","",""
"A0432","Los Angeles","Torrance","https://www.californiahealthmaps.org?address=A0432","Male","Pancreas",138415,11.6,6.7,19.1,53475,"","","","","","","",21335,"","","",53080,"","","",4,57436,0.0,14.6,36.5,35.8,2.6,39.1,18.2,39.1,"","","","","",""
"A0432","Los Angeles","Torrance","https://www.californiahealthmaps.org?address=A0432","Female","Pancreas",148765,12.4,7.9,19.2,55525,"","","","","","","",23405,"","","",59305,"","","",4,57436,0.0,14.6,36.5,35.8,2.6,39.1,18.2,39.1,"","","","","",""
"A0432","Los Angeles","Torrance","https://www.californiahealthmaps.org?address=A0432","Both","AllSite",287180,424.7,402.6,447.9,109000,487.7,453.2,525.5,"","","","",44740,438.3,369.4,517.5,112385,324.1,290.1,361.7,4,57436,0.0,14.6,36.5,35.8,2.6,39.1,18.2,39.1,"","","","","",""
"A0432","Los Angeles","Torrance","https://www.californiahealthmaps.org?address=A0432","Both","Lung",287180,38.5,32.2,46.0,109000,45.6,36.6,58.3,"","","","",44740,"","","",112385,29.9,19.7,44.0,4,57436,0.0,14.6,36.5,35.8,2.6,39.1,18.2,39.1,"","","","","",""
"A0432","Los Angeles","Torrance","https://www.californiahealthmaps.org?address=A0432","Both","CRC",287180,36.6,30.4,43.9,109000,29.5,21.9,40.9,"","","","",44740,53.5,31.3,86.8,112385,47.7,35.0,64.0,4,57436,0.0,14.6,36.5,35.8,2.6,39.1,18.2,39.1,"","","","","",""
"A0432","Los Angeles","Torrance","https://www.californiahealthmaps.org?address=A0432","Both","Mela",287180,26.7,21.4,33.2,109000,45.1,34.7,59.4,"","","","",44740,"","","",112385,"","","",4,57436,0.0,14.6,36.5,35.8,2.6,39.1,18.2,39.1,"","","","","",""
"A0432","Los Angeles","Torrance","https://www.californiahealthmaps.org?address=A0432","Both","Lymph",287180,19.4,14.9,25.1,109000,21.6,14.8,32.3,"","","","",44740,"","","",112385,"","","",4,57436,0.0,14.6,36.5,35.8,2.6,39.1,18.2,39.1,"","","","","",""
"A0432","Los Angeles","Torrance","https://www.californiahealthmaps.org?address=A0432","Both","Urinary",287180,8.8,5.9,12.9,109000,9.3,5.5,17.5,"","","","",44740,"","","",112385,"","","",4,57436,0.0,14.6,36.5,35.8,2.6,39.1,18.2,39.1,"","","","","",""
"A0432","Los Angeles","Torrance","https://www.californiahealthmaps.org?address=A0432","Both","Kidney",287180,13.1,9.5,17.8,109000,15.9,10.6,25.2,"","","","",44740,"","","",112385,"","","",4,57436,0.0,14.6,36.5,35.8,2.6,39.1,18.2,39.1,"","","","","",""
"A0432","Los Angeles","Torrance","https://www.californiahealthmaps.org?address=A0432","Both","Thyroid",287180,18.7,14.2,24.5,109000,28.8,19.4,42.6,"","","","",44740,"","","",112385,"","","",4,57436,0.0,14.6,36.5,35.8,2.6,39.1,18.2,39.1,"","","","","",""
"A0432","Los Angeles","Torrance","https://www.californiahealthmaps.org?address=A0432","Both","Liver",287180,9.8,6.7,14.0,109000,11.1,6.7,19.8,"","","","",44740,"","","",112385,"","","",4,57436,0.0,14.6,36.5,35.8,2.6,39.1,18.2,39.1,"","","","","",""
"A0432","Los Angeles","Torrance","https://www.californiahealthmaps.org?address=A0432","Both","Pancreas",287180,12.4,8.9,17.0,109000,11.9,7.4,20.5,"","","","",44740,"","","",112385,"","","",4,57436,0.0,14.6,36.5,35.8,2.6,39.1,18.2,39.1,"","","","","",""
