"Zone","Counties","Cities","URL","Sex","Cancer","PopTot","AAIR","LCI","UCI","White_PopTot","White_AAIR","White_LCI","White_UCI","Black_PopTot","Black_AAIR","Black_LCI","Black_UCI","Hispanic_PopTot","Hispanic_AAIR","Hispanic_LCI","Hispanic_UCI","Asian_PopTot","Asian_AAIR","Asian_LCI","Asian_UCI","QNSES","PopAll","PerRural","PerUninsured","PerForeignBorn","PerWhite","PerBlack","PerAsian","PerHispanic","PerAPI","PerDocvisit","PerFOBT","PerMammo","PerMenPrev","PerPap","PerWomenPrev"
"A0088","Santa Clara","Sunnyvale, Mountain View","https://www.californiahealthmaps.org?address=A0088","Male","AllSite",160330,474.1,441.9,508.5,88140,483.8,444.0,527.6,"","","","",18150,561.5,420.1,738.0,44705,419.3,354.9,494.2,5,64794,0.0,6.6,30.4,54.0,1.3,28.2,12.7,28.2,69.8,77.7,81.0,41.9,84.4,39.3
"A0088","Santa Clara","Sunnyvale, Mountain View","https://www.californiahealthmaps.org?address=A0088","Female","AllSite",163640,436.2,407.3,467.4,88095,458.0,419.4,501.0,"","","","",17830,501.2,391.1,634.8,48580,393.8,339.1,458.1,5,64794,0.0,6.6,30.4,54.0,1.3,28.2,12.7,28.2,69.8,77.7,81.0,41.9,84.4,39.3
"A0088","Santa Clara","Sunnyvale, Mountain View","https://www.californiahealthmaps.org?address=A0088","Male","Prostate",160330,117.9,102.0,136.1,88140,111.2,93.2,133.5,"","","","",18150,"","","",44705,120.7,86.9,165.8,5,64794,0.0,6.6,30.4,54.0,1.3,28.2,12.7,28.2,69.8,77.7,81.0,41.9,84.4,39.3
"A0088","Santa Clara","Sunnyvale, Mountain View","https://www.californiahealthmaps.org?address=A0088","Female","Breast",163640,150.1,133.3,169.2,88095,161.2,138.9,188.1,"","","","",17830,117.3,69.2,189.4,48580,138.2,107.3,179.0,5,64794,0.0,6.6,30.4,54.0,1.3,28.2,12.7,28.2,69.8,77.7,81.0,41.9,84.4,39.3
"A0088","Santa Clara","Sunnyvale, Mountain View","https://www.californiahealthmaps.org?address=A0088","Male","Lung",160330,41.6,32.4,53.2,88140,36.5,26.3,51.4,"","","","",18150,"","","",44705,49.9,29.4,82.1,5,64794,0.0,6.6,30.4,54.0,1.3,28.2,12.7,28.2,69.8,77.7,81.0,41.9,84.4,39.3
"A0088","Santa Clara","Sunnyvale, Mountain View","https://www.californiahealthmaps.org?address=A0088","Female","Lung",163640,36.0,28.3,46.0,88095,38.3,28.4,53.1,"","","","",17830,"","","",48580,32.6,18.1,58.6,5,64794,0.0,6.6,30.4,54.0,1.3,28.2,12.7,28.2,69.8,77.7,81.0,41.9,84.4,39.3
"A0088","Santa Clara","Sunnyvale, Mountain View","https://www.californiahealthmaps.org?address=A0088","Male","CRC",160330,42.3,33.3,53.8,88140,43.4,32.1,59.3,"","","","",18150,"","","",44705,40.1,22.3,69.6,5,64794,0.0,6.6,30.4,54.0,1.3,28.2,12.7,28.2,69.8,77.7,81.0,41.9,84.4,39.3
"A0088","Santa Clara","Sunnyvale, Mountain View","https://www.californiahealthmaps.org?address=A0088","Female","CRC",163640,34.9,27.2,45.0,88095,29.4,20.7,43.0,"","","","",17830,"","","",48580,48.4,30.2,77.8,5,64794,0.0,6.6,30.4,54.0,1.3,28.2,12.7,28.2,69.8,77.7,81.0,41.9,84.4,39.3
"A0088","Santa Clara","Sunnyvale, Mountain View","https://www.californiahealthmaps.org?address=A0088","Male","Mela",160330,41.8,32.7,53.3,88140,54.2,41.3,71.6,"","","","",18150,"","","",44705,"","","",5,64794,0.0,6.6,30.4,54.0,1.3,28.2,12.7,28.2,69.8,77.7,81.0,41.9,84.4,39.3
"A0088","Santa Clara","Sunnyvale, Mountain View","https://www.californiahealthmaps.org?address=A0088","Female","Mela",163640,24.3,17.9,33.2,88095,36.3,25.5,52.3,"","","","",17830,"","","",48580,"","","",5,64794,0.0,6.6,30.4,54.0,1.3,28.2,12.7,28.2,69.8,77.7,81.0,41.9,84.4,39.3
"A0088","Santa Clara","Sunnyvale, Mountain View","https://www.californiahealthmaps.org?address=A0088","Female","Uterine",163640,32.9,25.4,42.8,88095,30.7,22.1,44.2,"","","","",17830,"","","",48580,"","","",5,64794,0.0,6.6,30.4,54.0,1.3,28.2,12.7,28.2,69.8,77.7,81.0,41.9,84.4,39.3
"A0088","Santa Clara","Sunnyvale, Mountain View","https://www.californiahealthmaps.org?address=A0088","Male","Lymph",160330,34.8,26.5,45.5,88140,38.6,27.9,54.0,"","","","",18150,"","","",44705,"","","",5,64794,0.0,6.6,30.4,54.0,1.3,28.2,12.7,28.2,69.8,77.7,81.0,41.9,84.4,39.3
"A0088","Santa Clara","Sunnyvale, Mountain View","https://www.californiahealthmaps.org?address=A0088","Female","Lymph",163640,22.7,16.4,31.6,88095,27.8,18.3,42.6,"","","","",17830,"","","",48580,"","","",5,64794,0.0,6.6,30.4,54.0,1.3,28.2,12.7,28.2,69.8,77.7,81.0,41.9,84.4,39.3
"A0088","Santa Clara","Sunnyvale, Mountain View","https://www.californiahealthmaps.org?address=A0088","Male","Urinary",160330,16.6,11.0,24.7,88140,17.9,11.2,29.5,"","","","",18150,"","","",44705,"","","",5,64794,0.0,6.6,30.4,54.0,1.3,28.2,12.7,28.2,69.8,77.7,81.0,41.9,84.4,39.3
"A0088","Santa Clara","Sunnyvale, Mountain View","https://www.californiahealthmaps.org?address=A0088","Female","Urinary",163640,"","","",88095,"","","","","","","",17830,"","","",48580,"","","",5,64794,0.0,6.6,30.4,54.0,1.3,28.2,12.7,28.2,69.8,77.7,81.0,41.9,84.4,39.3
"A0088","Santa Clara","Sunnyvale, Mountain View","https://www.californiahealthmaps.org?address=A0088","Male","Kidney",160330,18.2,12.3,26.6,88140,16.2,9.7,27.9,"","","","",18150,"","","",44705,"","","",5,64794,0.0,6.6,30.4,54.0,1.3,28.2,12.7,28.2,69.8,77.7,81.0,41.9,84.4,39.3
"A0088","Santa Clara","Sunnyvale, Mountain View","https://www.californiahealthmaps.org?address=A0088","Female","Kidney",163640,10.0,6.0,16.6,88095,"","","","","","","",17830,"","","",48580,"","","",5,64794,0.0,6.6,30.4,54.0,1.3,28.2,12.7,28.2,69.8,77.7,81.0,41.9,84.4,39.3
"A0088","Santa Clara","Sunnyvale, Mountain View","https://www.californiahealthmaps.org?address=A0088","Male","Thyroid",160330,12.6,8.0,19.8,88140,14.9,8.3,26.9,"","","","",18150,"","","",44705,"","","",5,64794,0.0,6.6,30.4,54.0,1.3,28.2,12.7,28.2,69.8,77.7,81.0,41.9,84.4,39.3
"A0088","Santa Clara","Sunnyvale, Mountain View","https://www.californiahealthmaps.org?address=A0088","Female","Thyroid",163640,24.9,17.8,34.6,88095,25.5,15.5,41.2,"","","","",17830,"","","",48580,"","","",5,64794,0.0,6.6,30.4,54.0,1.3,28.2,12.7,28.2,69.8,77.7,81.0,41.9,84.4,39.3
"A0088","Santa Clara","Sunnyvale, Mountain View","https://www.californiahealthmaps.org?address=A0088","Male","Liver",160330,8.4,4.7,14.9,88140,"","","","","","","",18150,"","","",44705,"","","",5,64794,0.0,6.6,30.4,54.0,1.3,28.2,12.7,28.2,69.8,77.7,81.0,41.9,84.4,39.3
"A0088","Santa Clara","Sunnyvale, Mountain View","https://www.californiahealthmaps.org?address=A0088","Female","Liver",163640,"","","",88095,"","","","","","","",17830,"","","",48580,"","","",5,64794,0.0,6.6,30.4,54.0,1.3,28.2,12.7,28.2,69.8,77.7,81.0,41.9,84.4,39.3
"A0088","Santa Clara","Sunnyvale, Mountain View","https://www.californiahealthmaps.org?address=A0088","Male","Pancreas",160330,17.8,12.0,26.1,88140,14.1,8.3,25.1,"","","","",18150,"","","",44705,"","","",5,64794,0.0,6.6,30.4,54.0,1.3,28.2,12.7,28.2,69.8,77.7,81.0,41.9,84.4,39.3
"A0088","Santa Clara","Sunnyvale, Mountain View","https://www.californiahealthmaps.org?address=A0088","Female","Pancreas",163640,8.5,5.0,14.6,88095,"","","","","","","",17830,"","","",48580,"","","",5,64794,0.0,6.6,30.4,54.0,1.3,28.2,12.7,28.2,69.8,77.7,81.0,41.9,84.4,39.3
"A0088","Santa Clara","Sunnyvale, Mountain View","https://www.californiahealthmaps.org?address=A0088","Both","AllSite",323970,447.0,425.7,469.4,176235,463.3,436.0,492.8,"","","","",35980,506.6,420.9,605.7,93285,400.3,358.6,446.8,5,64794,0.0,6.6,30.4,54.0,1.3,28.2,12.7,28.2,69.8,77.7,81.0,41.9,84.4,39.3
"A0088","Santa Clara","Sunnyvale, Mountain View","https://www.californiahealthmaps.org?address=A0088","Both","Lung",323970,38.3,32.3,45.4,176235,37.0,29.9,46.4,"","","","",35980,"","","",93285,40.4,27.7,58.5,5,64794,0.0,6.6,30.4,54.0,1.3,28.2,12.7,28.2,69.8,77.7,81.0,41.9,84.4,39.3
"A0088","Santa Clara","Sunnyvale, Mountain View","https://www.californiahealthmaps.org?address=A0088","Both","CRC",323970,37.9,32.0,45.0,176235,35.9,28.7,45.3,"","","","",35980,"","","",93285,44.1,31.0,62.7,5,64794,0.0,6.6,30.4,54.0,1.3,28.2,12.7,28.2,69.8,77.7,81.0,41.9,84.4,39.3
"A0088","Santa Clara","Sunnyvale, Mountain View","https://www.californiahealthmaps.org?address=A0088","Both","Mela",323970,31.7,26.3,38.3,176235,43.6,35.3,54.2,"","","","",35980,"","","",93285,"","","",5,64794,0.0,6.6,30.4,54.0,1.3,28.2,12.7,28.2,69.8,77.7,81.0,41.9,84.4,39.3
"A0088","Santa Clara","Sunnyvale, Mountain View","https://www.californiahealthmaps.org?address=A0088","Both","Lymph",323970,28.2,23.0,34.5,176235,32.5,25.3,42.0,"","","","",35980,"","","",93285,18.0,10.3,31.5,5,64794,0.0,6.6,30.4,54.0,1.3,28.2,12.7,28.2,69.8,77.7,81.0,41.9,84.4,39.3
"A0088","Santa Clara","Sunnyvale, Mountain View","https://www.californiahealthmaps.org?address=A0088","Both","Urinary",323970,8.4,5.8,12.2,176235,8.4,5.4,14.0,"","","","",35980,"","","",93285,"","","",5,64794,0.0,6.6,30.4,54.0,1.3,28.2,12.7,28.2,69.8,77.7,81.0,41.9,84.4,39.3
"A0088","Santa Clara","Sunnyvale, Mountain View","https://www.californiahealthmaps.org?address=A0088","Both","Kidney",323970,13.7,10.2,18.5,176235,12.0,8.1,18.4,"","","","",35980,"","","",93285,"","","",5,64794,0.0,6.6,30.4,54.0,1.3,28.2,12.7,28.2,69.8,77.7,81.0,41.9,84.4,39.3
"A0088","Santa Clara","Sunnyvale, Mountain View","https://www.californiahealthmaps.org?address=A0088","Both","Thyroid",323970,18.7,14.4,24.3,176235,20.0,13.9,28.7,"","","","",35980,"","","",93285,21.3,12.7,35.6,5,64794,0.0,6.6,30.4,54.0,1.3,28.2,12.7,28.2,69.8,77.7,81.0,41.9,84.4,39.3
"A0088","Santa Clara","Sunnyvale, Mountain View","https://www.californiahealthmaps.org?address=A0088","Both","Liver",323970,5.4,3.3,8.7,176235,"","","","","","","",35980,"","","",93285,"","","",5,64794,0.0,6.6,30.4,54.0,1.3,28.2,12.7,28.2,69.8,77.7,81.0,41.9,84.4,39.3
"A0088","Santa Clara","Sunnyvale, Mountain View","https://www.californiahealthmaps.org?address=A0088","Both","Pancreas",323970,12.6,9.3,17.1,176235,9.8,6.5,15.6,"","","","",35980,"","","",93285,21.1,12.3,35.7,5,64794,0.0,6.6,30.4,54.0,1.3,28.2,12.7,28.2,69.8,77.7,81.0,41.9,84.4,39.3
