"Zone","Counties","Cities","URL","Sex","Cancer","PopTot","AAIR","LCI","UCI","White_PopTot","White_AAIR","White_LCI","White_UCI","Black_PopTot","Black_AAIR","Black_LCI","Black_UCI","Hispanic_PopTot","Hispanic_AAIR","Hispanic_LCI","Hispanic_UCI","Asian_PopTot","Asian_AAIR","Asian_LCI","Asian_UCI","QNSES","PopAll","PerRural","PerUninsured","PerForeignBorn","PerWhite","PerBlack","PerAsian","PerHispanic","PerAPI","PerDocvisit","PerFOBT","PerMammo","PerMenPrev","PerPap","PerWomenPrev"
"A0600","San Bernardino","Hesperia, Victorville","https://www.californiahealthmaps.org?address=A0600","Male","AllSite",175445,530.5,493.3,569.9,68320,557.1,507.1,612.0,14770,667.6,518.1,858.1,82565,479.8,408.7,562.9,"","","","",1,71967,0.3,20.9,15.5,39.8,9.7,3.6,44.4,3.6,63.9,56.0,81.0,23.2,82.8,24.4
"A0600","San Bernardino","Hesperia, Victorville","https://www.californiahealthmaps.org?address=A0600","Female","AllSite",184390,394.9,366.2,425.4,72480,398.9,359.0,443.2,16815,570.5,453.1,712.2,83820,375.0,322.6,434.7,"","","","",1,71967,0.3,20.9,15.5,39.8,9.7,3.6,44.4,3.6,63.9,56.0,81.0,23.2,82.8,24.4
"A0600","San Bernardino","Hesperia, Victorville","https://www.californiahealthmaps.org?address=A0600","Male","Prostate",175445,119.1,101.7,138.7,68320,111.5,90.5,137.4,14770,"","","",82565,114.9,80.8,162.1,"","","","",1,71967,0.3,20.9,15.5,39.8,9.7,3.6,44.4,3.6,63.9,56.0,81.0,23.2,82.8,24.4
"A0600","San Bernardino","Hesperia, Victorville","https://www.californiahealthmaps.org?address=A0600","Female","Breast",184390,115.1,99.8,132.3,72480,109.3,88.9,134.2,16815,172.5,114.1,255.2,83820,117.3,88.7,153.5,"","","","",1,71967,0.3,20.9,15.5,39.8,9.7,3.6,44.4,3.6,63.9,56.0,81.0,23.2,82.8,24.4
"A0600","San Bernardino","Hesperia, Victorville","https://www.californiahealthmaps.org?address=A0600","Male","Lung",175445,64.3,51.6,79.5,68320,70.1,53.6,91.6,14770,"","","",82565,42.4,22.7,76.6,"","","","",1,71967,0.3,20.9,15.5,39.8,9.7,3.6,44.4,3.6,63.9,56.0,81.0,23.2,82.8,24.4
"A0600","San Bernardino","Hesperia, Victorville","https://www.californiahealthmaps.org?address=A0600","Female","Lung",184390,49.7,40.0,61.3,72480,50.2,37.8,67.1,16815,106.1,58.3,180.9,83820,40.7,24.1,65.5,"","","","",1,71967,0.3,20.9,15.5,39.8,9.7,3.6,44.4,3.6,63.9,56.0,81.0,23.2,82.8,24.4
"A0600","San Bernardino","Hesperia, Victorville","https://www.californiahealthmaps.org?address=A0600","Male","CRC",175445,59.0,47.2,73.1,68320,53.5,39.1,73.1,14770,"","","",82565,69.2,43.8,108.3,"","","","",1,71967,0.3,20.9,15.5,39.8,9.7,3.6,44.4,3.6,63.9,56.0,81.0,23.2,82.8,24.4
"A0600","San Bernardino","Hesperia, Victorville","https://www.californiahealthmaps.org?address=A0600","Female","CRC",184390,40.4,31.7,51.1,72480,32.9,22.7,47.7,16815,"","","",83820,46.5,29.0,72.0,"","","","",1,71967,0.3,20.9,15.5,39.8,9.7,3.6,44.4,3.6,63.9,56.0,81.0,23.2,82.8,24.4
"A0600","San Bernardino","Hesperia, Victorville","https://www.californiahealthmaps.org?address=A0600","Male","Mela",175445,20.9,14.1,30.1,68320,32.4,21.1,49.3,14770,"","","",82565,"","","","","","","",1,71967,0.3,20.9,15.5,39.8,9.7,3.6,44.4,3.6,63.9,56.0,81.0,23.2,82.8,24.4
"A0600","San Bernardino","Hesperia, Victorville","https://www.californiahealthmaps.org?address=A0600","Female","Mela",184390,"","","",72480,"","","",16815,"","","",83820,"","","","","","","",1,71967,0.3,20.9,15.5,39.8,9.7,3.6,44.4,3.6,63.9,56.0,81.0,23.2,82.8,24.4
"A0600","San Bernardino","Hesperia, Victorville","https://www.californiahealthmaps.org?address=A0600","Female","Uterine",184390,28.0,20.7,37.2,72480,31.8,21.3,47.3,16815,"","","",83820,"","","","","","","",1,71967,0.3,20.9,15.5,39.8,9.7,3.6,44.4,3.6,63.9,56.0,81.0,23.2,82.8,24.4
"A0600","San Bernardino","Hesperia, Victorville","https://www.californiahealthmaps.org?address=A0600","Male","Lymph",175445,21.2,14.4,30.3,68320,26.5,16.4,42.2,14770,"","","",82565,"","","","","","","",1,71967,0.3,20.9,15.5,39.8,9.7,3.6,44.4,3.6,63.9,56.0,81.0,23.2,82.8,24.4
"A0600","San Bernardino","Hesperia, Victorville","https://www.californiahealthmaps.org?address=A0600","Female","Lymph",184390,10.5,6.4,16.6,72480,"","","",16815,"","","",83820,"","","","","","","",1,71967,0.3,20.9,15.5,39.8,9.7,3.6,44.4,3.6,63.9,56.0,81.0,23.2,82.8,24.4
"A0600","San Bernardino","Hesperia, Victorville","https://www.californiahealthmaps.org?address=A0600","Male","Urinary",175445,20.8,13.7,30.2,68320,27.7,17.7,43.1,14770,"","","",82565,"","","","","","","",1,71967,0.3,20.9,15.5,39.8,9.7,3.6,44.4,3.6,63.9,56.0,81.0,23.2,82.8,24.4
"A0600","San Bernardino","Hesperia, Victorville","https://www.californiahealthmaps.org?address=A0600","Female","Urinary",184390,"","","",72480,"","","",16815,"","","",83820,"","","","","","","",1,71967,0.3,20.9,15.5,39.8,9.7,3.6,44.4,3.6,63.9,56.0,81.0,23.2,82.8,24.4
"A0600","San Bernardino","Hesperia, Victorville","https://www.californiahealthmaps.org?address=A0600","Male","Kidney",175445,38.8,29.5,50.4,68320,42.6,29.4,61.3,14770,"","","",82565,38.5,22.0,68.5,"","","","",1,71967,0.3,20.9,15.5,39.8,9.7,3.6,44.4,3.6,63.9,56.0,81.0,23.2,82.8,24.4
"A0600","San Bernardino","Hesperia, Victorville","https://www.californiahealthmaps.org?address=A0600","Female","Kidney",184390,13.1,8.3,19.7,72480,13.8,7.7,25.1,16815,"","","",83820,"","","","","","","",1,71967,0.3,20.9,15.5,39.8,9.7,3.6,44.4,3.6,63.9,56.0,81.0,23.2,82.8,24.4
"A0600","San Bernardino","Hesperia, Victorville","https://www.californiahealthmaps.org?address=A0600","Male","Thyroid",175445,"","","",68320,"","","",14770,"","","",82565,"","","","","","","",1,71967,0.3,20.9,15.5,39.8,9.7,3.6,44.4,3.6,63.9,56.0,81.0,23.2,82.8,24.4
"A0600","San Bernardino","Hesperia, Victorville","https://www.californiahealthmaps.org?address=A0600","Female","Thyroid",184390,17.4,11.7,25.2,72480,"","","",16815,"","","",83820,"","","","","","","",1,71967,0.3,20.9,15.5,39.8,9.7,3.6,44.4,3.6,63.9,56.0,81.0,23.2,82.8,24.4
"A0600","San Bernardino","Hesperia, Victorville","https://www.californiahealthmaps.org?address=A0600","Male","Liver",175445,15.9,10.1,24.0,68320,"","","",14770,"","","",82565,"","","","","","","",1,71967,0.3,20.9,15.5,39.8,9.7,3.6,44.4,3.6,63.9,56.0,81.0,23.2,82.8,24.4
"A0600","San Bernardino","Hesperia, Victorville","https://www.californiahealthmaps.org?address=A0600","Female","Liver",184390,"","","",72480,"","","",16815,"","","",83820,"","","","","","","",1,71967,0.3,20.9,15.5,39.8,9.7,3.6,44.4,3.6,63.9,56.0,81.0,23.2,82.8,24.4
"A0600","San Bernardino","Hesperia, Victorville","https://www.californiahealthmaps.org?address=A0600","Male","Pancreas",175445,19.3,12.8,28.2,68320,"","","",14770,"","","",82565,"","","","","","","",1,71967,0.3,20.9,15.5,39.8,9.7,3.6,44.4,3.6,63.9,56.0,81.0,23.2,82.8,24.4
"A0600","San Bernardino","Hesperia, Victorville","https://www.californiahealthmaps.org?address=A0600","Female","Pancreas",184390,8.2,4.6,13.8,72480,"","","",16815,"","","",83820,"","","","","","","",1,71967,0.3,20.9,15.5,39.8,9.7,3.6,44.4,3.6,63.9,56.0,81.0,23.2,82.8,24.4
"A0600","San Bernardino","Hesperia, Victorville","https://www.californiahealthmaps.org?address=A0600","Both","AllSite",359835,449.5,426.9,473.2,140800,464.5,433.2,498.0,31585,605.9,513.0,712.7,166385,416.2,373.7,463.0,"","","","",1,71967,0.3,20.9,15.5,39.8,9.7,3.6,44.4,3.6,63.9,56.0,81.0,23.2,82.8,24.4
"A0600","San Bernardino","Hesperia, Victorville","https://www.californiahealthmaps.org?address=A0600","Both","Lung",359835,55.3,47.5,64.1,140800,58.0,47.9,70.3,31585,109.0,70.2,163.1,166385,41.2,28.0,59.3,"","","","",1,71967,0.3,20.9,15.5,39.8,9.7,3.6,44.4,3.6,63.9,56.0,81.0,23.2,82.8,24.4
"A0600","San Bernardino","Hesperia, Victorville","https://www.californiahealthmaps.org?address=A0600","Both","CRC",359835,48.4,41.2,56.6,140800,41.9,33.2,53.0,31585,82.6,51.4,128.4,166385,55.9,40.9,75.8,"","","","",1,71967,0.3,20.9,15.5,39.8,9.7,3.6,44.4,3.6,63.9,56.0,81.0,23.2,82.8,24.4
"A0600","San Bernardino","Hesperia, Victorville","https://www.californiahealthmaps.org?address=A0600","Both","Mela",359835,13.0,9.4,17.7,140800,21.0,14.8,29.7,31585,"","","",166385,"","","","","","","",1,71967,0.3,20.9,15.5,39.8,9.7,3.6,44.4,3.6,63.9,56.0,81.0,23.2,82.8,24.4
"A0600","San Bernardino","Hesperia, Victorville","https://www.californiahealthmaps.org?address=A0600","Both","Lymph",359835,15.5,11.6,20.5,140800,17.8,12.2,26.0,31585,"","","",166385,"","","","","","","",1,71967,0.3,20.9,15.5,39.8,9.7,3.6,44.4,3.6,63.9,56.0,81.0,23.2,82.8,24.4
"A0600","San Bernardino","Hesperia, Victorville","https://www.californiahealthmaps.org?address=A0600","Both","Urinary",359835,10.0,6.9,14.2,140800,13.1,8.7,20.1,31585,"","","",166385,"","","","","","","",1,71967,0.3,20.9,15.5,39.8,9.7,3.6,44.4,3.6,63.9,56.0,81.0,23.2,82.8,24.4
"A0600","San Bernardino","Hesperia, Victorville","https://www.californiahealthmaps.org?address=A0600","Both","Kidney",359835,24.8,19.8,30.9,140800,27.2,20.1,36.9,31585,"","","",166385,20.8,12.5,33.9,"","","","",1,71967,0.3,20.9,15.5,39.8,9.7,3.6,44.4,3.6,63.9,56.0,81.0,23.2,82.8,24.4
"A0600","San Bernardino","Hesperia, Victorville","https://www.californiahealthmaps.org?address=A0600","Both","Thyroid",359835,12.1,8.5,16.7,140800,12.3,6.9,20.7,31585,"","","",166385,12.7,6.9,23.5,"","","","",1,71967,0.3,20.9,15.5,39.8,9.7,3.6,44.4,3.6,63.9,56.0,81.0,23.2,82.8,24.4
"A0600","San Bernardino","Hesperia, Victorville","https://www.californiahealthmaps.org?address=A0600","Both","Liver",359835,10.5,7.3,14.7,140800,7.5,4.2,13.4,31585,"","","",166385,"","","","","","","",1,71967,0.3,20.9,15.5,39.8,9.7,3.6,44.4,3.6,63.9,56.0,81.0,23.2,82.8,24.4
"A0600","San Bernardino","Hesperia, Victorville","https://www.californiahealthmaps.org?address=A0600","Both","Pancreas",359835,12.9,9.3,17.5,140800,9.0,5.1,15.5,31585,"","","",166385,20.6,11.7,34.6,"","","","",1,71967,0.3,20.9,15.5,39.8,9.7,3.6,44.4,3.6,63.9,56.0,81.0,23.2,82.8,24.4
