"Zone","Counties","Cities","URL","Sex","Cancer","PopTot","AAIR","LCI","UCI","White_PopTot","White_AAIR","White_LCI","White_UCI","Black_PopTot","Black_AAIR","Black_LCI","Black_UCI","Hispanic_PopTot","Hispanic_AAIR","Hispanic_LCI","Hispanic_UCI","Asian_PopTot","Asian_AAIR","Asian_LCI","Asian_UCI","QNSES","PopAll","PerRural","PerUninsured","PerForeignBorn","PerWhite","PerBlack","PerAsian","PerHispanic","PerAPI","PerDocvisit","PerFOBT","PerMammo","PerMenPrev","PerPap","PerWomenPrev"
"A0789","Los Angeles","La Habra Heights","https://www.californiahealthmaps.org?address=A0789","Male","AllSite",141100,410.1,379.2,443.2,33095,475.3,418.1,545.6,"","","","",56045,445.6,379.7,521.4,47710,307.4,263.3,359.2,4,58149,0.0,16.6,39.8,23.0,1.0,35.6,38.4,35.6,"","","","","",""
"A0789","Los Angeles","La Habra Heights","https://www.californiahealthmaps.org?address=A0789","Female","AllSite",149645,364.5,337.3,393.8,33515,420.2,364.4,489.2,"","","","",58690,368.2,317.1,425.7,53505,310.4,269.6,358.4,4,58149,0.0,16.6,39.8,23.0,1.0,35.6,38.4,35.6,"","","","","",""
"A0789","Los Angeles","La Habra Heights","https://www.californiahealthmaps.org?address=A0789","Male","Prostate",141100,80.8,67.8,96.1,33095,90.9,68.5,128.7,"","","","",56045,84.3,57.5,121.5,47710,56.6,39.1,82.4,4,58149,0.0,16.6,39.8,23.0,1.0,35.6,38.4,35.6,"","","","","",""
"A0789","Los Angeles","La Habra Heights","https://www.californiahealthmaps.org?address=A0789","Female","Breast",149645,105.9,91.3,122.7,33515,125.3,95.3,170.1,"","","","",58690,104.3,78.0,137.3,53505,96.1,73.6,126.4,4,58149,0.0,16.6,39.8,23.0,1.0,35.6,38.4,35.6,"","","","","",""
"A0789","Los Angeles","La Habra Heights","https://www.californiahealthmaps.org?address=A0789","Male","Lung",141100,37.8,28.9,49.0,33095,51.0,35.2,83.5,"","","","",56045,"","","",47710,32.5,19.0,55.2,4,58149,0.0,16.6,39.8,23.0,1.0,35.6,38.4,35.6,"","","","","",""
"A0789","Los Angeles","La Habra Heights","https://www.californiahealthmaps.org?address=A0789","Female","Lung",149645,31.9,24.5,41.6,33515,45.0,30.4,76.0,"","","","",58690,"","","",53505,34.1,21.7,55.0,4,58149,0.0,16.6,39.8,23.0,1.0,35.6,38.4,35.6,"","","","","",""
"A0789","Los Angeles","La Habra Heights","https://www.californiahealthmaps.org?address=A0789","Male","CRC",141100,41.4,32.0,53.2,33095,41.4,25.2,75.1,"","","","",56045,49.3,29.2,80.4,47710,35.2,21.9,57.0,4,58149,0.0,16.6,39.8,23.0,1.0,35.6,38.4,35.6,"","","","","",""
"A0789","Los Angeles","La Habra Heights","https://www.californiahealthmaps.org?address=A0789","Female","CRC",149645,34.3,26.5,44.3,33515,34.3,21.3,64.5,"","","","",58690,31.3,17.7,52.0,53505,38.0,24.8,59.6,4,58149,0.0,16.6,39.8,23.0,1.0,35.6,38.4,35.6,"","","","","",""
"A0789","Los Angeles","La Habra Heights","https://www.californiahealthmaps.org?address=A0789","Male","Mela",141100,22.6,15.9,31.7,33095,49.9,34.0,82.6,"","","","",56045,"","","",47710,"","","",4,58149,0.0,16.6,39.8,23.0,1.0,35.6,38.4,35.6,"","","","","",""
"A0789","Los Angeles","La Habra Heights","https://www.californiahealthmaps.org?address=A0789","Female","Mela",149645,16.4,10.9,24.2,33515,35.3,19.3,68.9,"","","","",58690,"","","",53505,"","","",4,58149,0.0,16.6,39.8,23.0,1.0,35.6,38.4,35.6,"","","","","",""
"A0789","Los Angeles","La Habra Heights","https://www.californiahealthmaps.org?address=A0789","Female","Uterine",149645,30.5,23.2,40.1,33515,46.2,29.4,79.5,"","","","",58690,33.7,20.2,53.9,53505,"","","",4,58149,0.0,16.6,39.8,23.0,1.0,35.6,38.4,35.6,"","","","","",""
"A0789","Los Angeles","La Habra Heights","https://www.californiahealthmaps.org?address=A0789","Male","Lymph",141100,21.3,14.7,30.2,33095,26.9,14.6,57.9,"","","","",56045,"","","",47710,"","","",4,58149,0.0,16.6,39.8,23.0,1.0,35.6,38.4,35.6,"","","","","",""
"A0789","Los Angeles","La Habra Heights","https://www.californiahealthmaps.org?address=A0789","Female","Lymph",149645,17.9,12.3,25.8,33515,"","","","","","","",58690,"","","",53505,"","","",4,58149,0.0,16.6,39.8,23.0,1.0,35.6,38.4,35.6,"","","","","",""
"A0789","Los Angeles","La Habra Heights","https://www.californiahealthmaps.org?address=A0789","Male","Urinary",141100,12.1,7.2,19.4,33095,"","","","","","","",56045,"","","",47710,"","","",4,58149,0.0,16.6,39.8,23.0,1.0,35.6,38.4,35.6,"","","","","",""
"A0789","Los Angeles","La Habra Heights","https://www.californiahealthmaps.org?address=A0789","Female","Urinary",149645,"","","",33515,"","","","","","","",58690,"","","",53505,"","","",4,58149,0.0,16.6,39.8,23.0,1.0,35.6,38.4,35.6,"","","","","",""
"A0789","Los Angeles","La Habra Heights","https://www.californiahealthmaps.org?address=A0789","Male","Kidney",141100,29.8,21.9,40.0,33095,32.9,17.8,66.4,"","","","",56045,37.7,21.4,64.8,47710,"","","",4,58149,0.0,16.6,39.8,23.0,1.0,35.6,38.4,35.6,"","","","","",""
"A0789","Los Angeles","La Habra Heights","https://www.californiahealthmaps.org?address=A0789","Female","Kidney",149645,16.4,11.0,24.1,33515,"","","","","","","",58690,"","","",53505,"","","",4,58149,0.0,16.6,39.8,23.0,1.0,35.6,38.4,35.6,"","","","","",""
"A0789","Los Angeles","La Habra Heights","https://www.californiahealthmaps.org?address=A0789","Male","Thyroid",141100,11.7,6.9,18.9,33095,"","","","","","","",56045,"","","",47710,"","","",4,58149,0.0,16.6,39.8,23.0,1.0,35.6,38.4,35.6,"","","","","",""
"A0789","Los Angeles","La Habra Heights","https://www.californiahealthmaps.org?address=A0789","Female","Thyroid",149645,21.2,14.8,30.0,33515,"","","","","","","",58690,30.1,17.1,50.2,53505,23.7,13.5,42.7,4,58149,0.0,16.6,39.8,23.0,1.0,35.6,38.4,35.6,"","","","","",""
"A0789","Los Angeles","La Habra Heights","https://www.californiahealthmaps.org?address=A0789","Male","Liver",141100,20.9,14.4,29.8,33095,"","","","","","","",56045,"","","",47710,"","","",4,58149,0.0,16.6,39.8,23.0,1.0,35.6,38.4,35.6,"","","","","",""
"A0789","Los Angeles","La Habra Heights","https://www.californiahealthmaps.org?address=A0789","Female","Liver",149645,"","","",33515,"","","","","","","",58690,"","","",53505,"","","",4,58149,0.0,16.6,39.8,23.0,1.0,35.6,38.4,35.6,"","","","","",""
"A0789","Los Angeles","La Habra Heights","https://www.californiahealthmaps.org?address=A0789","Male","Pancreas",141100,9.6,5.3,16.4,33095,"","","","","","","",56045,"","","",47710,"","","",4,58149,0.0,16.6,39.8,23.0,1.0,35.6,38.4,35.6,"","","","","",""
"A0789","Los Angeles","La Habra Heights","https://www.californiahealthmaps.org?address=A0789","Female","Pancreas",149645,13.6,9.0,20.4,33515,"","","","","","","",58690,"","","",53505,"","","",4,58149,0.0,16.6,39.8,23.0,1.0,35.6,38.4,35.6,"","","","","",""
"A0789","Los Angeles","La Habra Heights","https://www.californiahealthmaps.org?address=A0789","Both","AllSite",290745,383.9,363.4,405.4,66610,443.5,403.7,489.6,"","","","",114735,398.6,358.0,443.0,101215,309.5,279.2,343.3,4,58149,0.0,16.6,39.8,23.0,1.0,35.6,38.4,35.6,"","","","","",""
"A0789","Los Angeles","La Habra Heights","https://www.californiahealthmaps.org?address=A0789","Both","Lung",290745,34.3,28.5,41.1,66610,47.2,36.3,65.5,"","","","",114735,19.2,10.8,32.1,101215,33.2,23.7,46.6,4,58149,0.0,16.6,39.8,23.0,1.0,35.6,38.4,35.6,"","","","","",""
"A0789","Los Angeles","La Habra Heights","https://www.californiahealthmaps.org?address=A0789","Both","CRC",290745,37.4,31.3,44.7,66610,37.3,26.5,55.8,"","","","",114735,39.4,27.3,55.6,101215,36.8,27.1,50.4,4,58149,0.0,16.6,39.8,23.0,1.0,35.6,38.4,35.6,"","","","","",""
"A0789","Los Angeles","La Habra Heights","https://www.californiahealthmaps.org?address=A0789","Both","Mela",290745,19.0,14.7,24.4,66610,41.2,29.8,60.4,"","","","",114735,"","","",101215,"","","",4,58149,0.0,16.6,39.8,23.0,1.0,35.6,38.4,35.6,"","","","","",""
"A0789","Los Angeles","La Habra Heights","https://www.californiahealthmaps.org?address=A0789","Both","Lymph",290745,19.4,15.0,24.9,66610,20.3,12.8,36.4,"","","","",114735,21.7,13.1,34.5,101215,16.6,10.2,27.4,4,58149,0.0,16.6,39.8,23.0,1.0,35.6,38.4,35.6,"","","","","",""
"A0789","Los Angeles","La Habra Heights","https://www.californiahealthmaps.org?address=A0789","Both","Urinary",290745,6.5,4.1,10.1,66610,"","","","","","","",114735,"","","",101215,"","","",4,58149,0.0,16.6,39.8,23.0,1.0,35.6,38.4,35.6,"","","","","",""
"A0789","Los Angeles","La Habra Heights","https://www.californiahealthmaps.org?address=A0789","Both","Kidney",290745,22.5,17.8,28.4,66610,25.6,16.5,43.1,"","","","",114735,28.4,18.6,42.2,101215,13.7,8.3,23.4,4,58149,0.0,16.6,39.8,23.0,1.0,35.6,38.4,35.6,"","","","","",""
"A0789","Los Angeles","La Habra Heights","https://www.californiahealthmaps.org?address=A0789","Both","Thyroid",290745,16.6,12.5,21.9,66610,"","","","","","","",114735,21.6,13.2,34.2,101215,17.7,11.2,28.5,4,58149,0.0,16.6,39.8,23.0,1.0,35.6,38.4,35.6,"","","","","",""
"A0789","Los Angeles","La Habra Heights","https://www.californiahealthmaps.org?address=A0789","Both","Liver",290745,11.7,8.5,16.1,66610,"","","","","","","",114735,"","","",101215,"","","",4,58149,0.0,16.6,39.8,23.0,1.0,35.6,38.4,35.6,"","","","","",""
"A0789","Los Angeles","La Habra Heights","https://www.californiahealthmaps.org?address=A0789","Both","Pancreas",290745,11.8,8.5,16.2,66610,11.5,6.5,25.8,"","","","",114735,"","","",101215,13.1,7.5,23.0,4,58149,0.0,16.6,39.8,23.0,1.0,35.6,38.4,35.6,"","","","","",""
