"Zone","Counties","Cities","URL","Sex","Cancer","PopTot","AAIR","LCI","UCI","White_PopTot","White_AAIR","White_LCI","White_UCI","Black_PopTot","Black_AAIR","Black_LCI","Black_UCI","Hispanic_PopTot","Hispanic_AAIR","Hispanic_LCI","Hispanic_UCI","Asian_PopTot","Asian_AAIR","Asian_LCI","Asian_UCI","QNSES","PopAll","PerRural","PerUninsured","PerForeignBorn","PerWhite","PerBlack","PerAsian","PerHispanic","PerAPI","PerDocvisit","PerFOBT","PerMammo","PerMenPrev","PerPap","PerWomenPrev"
"A0313","Los Angeles","Pomona","https://www.californiahealthmaps.org?address=A0313","Male","AllSite",140450,473.6,431.2,519.3,35340,466.3,402.3,543.1,10470,622.3,468.2,817.5,81090,461.1,386.8,549.8,10145,413.9,290.4,583.8,3,58305,0.0,20.0,27.5,24.5,9.5,7.6,56.6,7.6,"","","","","",""
"A0313","Los Angeles","Pomona","https://www.californiahealthmaps.org?address=A0313","Female","AllSite",151075,414.3,381.0,449.9,41195,419.2,363.4,488.3,12275,448.4,345.2,580.5,82135,397.9,342.0,461.5,11330,458.1,341.9,617.2,3,58305,0.0,20.0,27.5,24.5,9.5,7.6,56.6,7.6,"","","","","",""
"A0313","Los Angeles","Pomona","https://www.californiahealthmaps.org?address=A0313","Male","Prostate",140450,130.7,108.9,156.1,35340,145.4,110.6,194.2,10470,171.6,98.3,287.7,81090,103.9,71.6,151.6,10145,"","","",3,58305,0.0,20.0,27.5,24.5,9.5,7.6,56.6,7.6,"","","","","",""
"A0313","Los Angeles","Pomona","https://www.californiahealthmaps.org?address=A0313","Female","Breast",151075,111.9,94.9,131.4,41195,115.6,87.8,158.4,12275,132.7,79.6,217.3,82135,87.7,63.4,119.7,11330,137.8,78.1,245.5,3,58305,0.0,20.0,27.5,24.5,9.5,7.6,56.6,7.6,"","","","","",""
"A0313","Los Angeles","Pomona","https://www.californiahealthmaps.org?address=A0313","Male","Lung",140450,54.7,40.4,72.8,35340,62.7,40.0,100.9,10470,"","","",81090,"","","",10145,"","","",3,58305,0.0,20.0,27.5,24.5,9.5,7.6,56.6,7.6,"","","","","",""
"A0313","Los Angeles","Pomona","https://www.californiahealthmaps.org?address=A0313","Female","Lung",151075,31.2,22.6,42.1,41195,36.0,22.0,67.6,12275,"","","",82135,"","","",11330,"","","",3,58305,0.0,20.0,27.5,24.5,9.5,7.6,56.6,7.6,"","","","","",""
"A0313","Los Angeles","Pomona","https://www.californiahealthmaps.org?address=A0313","Male","CRC",140450,45.7,33.2,61.7,35340,35.0,19.6,66.8,10470,"","","",81090,40.7,21.4,76.9,10145,"","","",3,58305,0.0,20.0,27.5,24.5,9.5,7.6,56.6,7.6,"","","","","",""
"A0313","Los Angeles","Pomona","https://www.californiahealthmaps.org?address=A0313","Female","CRC",151075,39.3,29.6,51.3,41195,41.6,25.3,75.3,12275,"","","",82135,40.4,23.7,65.9,11330,"","","",3,58305,0.0,20.0,27.5,24.5,9.5,7.6,56.6,7.6,"","","","","",""
"A0313","Los Angeles","Pomona","https://www.californiahealthmaps.org?address=A0313","Male","Mela",140450,22.3,13.9,34.3,35340,38.3,22.6,70.0,10470,"","","",81090,"","","",10145,"","","",3,58305,0.0,20.0,27.5,24.5,9.5,7.6,56.6,7.6,"","","","","",""
"A0313","Los Angeles","Pomona","https://www.californiahealthmaps.org?address=A0313","Female","Mela",151075,14.1,8.8,21.8,41195,31.2,17.2,63.5,12275,"","","",82135,"","","",11330,"","","",3,58305,0.0,20.0,27.5,24.5,9.5,7.6,56.6,7.6,"","","","","",""
"A0313","Los Angeles","Pomona","https://www.californiahealthmaps.org?address=A0313","Female","Uterine",151075,42.0,31.6,54.8,41195,29.6,16.7,60.7,12275,"","","",82135,58.1,37.4,87.3,11330,"","","",3,58305,0.0,20.0,27.5,24.5,9.5,7.6,56.6,7.6,"","","","","",""
"A0313","Los Angeles","Pomona","https://www.californiahealthmaps.org?address=A0313","Male","Lymph",140450,40.5,28.7,55.9,35340,"","","",10470,"","","",81090,53.8,31.3,92.7,10145,"","","",3,58305,0.0,20.0,27.5,24.5,9.5,7.6,56.6,7.6,"","","","","",""
"A0313","Los Angeles","Pomona","https://www.californiahealthmaps.org?address=A0313","Female","Lymph",151075,15.4,9.6,23.6,41195,"","","",12275,"","","",82135,"","","",11330,"","","",3,58305,0.0,20.0,27.5,24.5,9.5,7.6,56.6,7.6,"","","","","",""
"A0313","Los Angeles","Pomona","https://www.californiahealthmaps.org?address=A0313","Male","Urinary",140450,"","","",35340,"","","",10470,"","","",81090,"","","",10145,"","","",3,58305,0.0,20.0,27.5,24.5,9.5,7.6,56.6,7.6,"","","","","",""
"A0313","Los Angeles","Pomona","https://www.californiahealthmaps.org?address=A0313","Female","Urinary",151075,"","","",41195,"","","",12275,"","","",82135,"","","",11330,"","","",3,58305,0.0,20.0,27.5,24.5,9.5,7.6,56.6,7.6,"","","","","",""
"A0313","Los Angeles","Pomona","https://www.californiahealthmaps.org?address=A0313","Male","Kidney",140450,19.5,11.7,31.0,35340,"","","",10470,"","","",81090,"","","",10145,"","","",3,58305,0.0,20.0,27.5,24.5,9.5,7.6,56.6,7.6,"","","","","",""
"A0313","Los Angeles","Pomona","https://www.californiahealthmaps.org?address=A0313","Female","Kidney",151075,16.8,10.7,25.3,41195,"","","",12275,"","","",82135,32.2,18.1,54.8,11330,"","","",3,58305,0.0,20.0,27.5,24.5,9.5,7.6,56.6,7.6,"","","","","",""
"A0313","Los Angeles","Pomona","https://www.californiahealthmaps.org?address=A0313","Male","Thyroid",140450,"","","",35340,"","","",10470,"","","",81090,"","","",10145,"","","",3,58305,0.0,20.0,27.5,24.5,9.5,7.6,56.6,7.6,"","","","","",""
"A0313","Los Angeles","Pomona","https://www.californiahealthmaps.org?address=A0313","Female","Thyroid",151075,15.0,9.2,23.3,41195,"","","",12275,"","","",82135,"","","",11330,"","","",3,58305,0.0,20.0,27.5,24.5,9.5,7.6,56.6,7.6,"","","","","",""
"A0313","Los Angeles","Pomona","https://www.californiahealthmaps.org?address=A0313","Male","Liver",140450,23.0,14.5,35.2,35340,"","","",10470,"","","",81090,"","","",10145,"","","",3,58305,0.0,20.0,27.5,24.5,9.5,7.6,56.6,7.6,"","","","","",""
"A0313","Los Angeles","Pomona","https://www.californiahealthmaps.org?address=A0313","Female","Liver",151075,"","","",41195,"","","",12275,"","","",82135,"","","",11330,"","","",3,58305,0.0,20.0,27.5,24.5,9.5,7.6,56.6,7.6,"","","","","",""
"A0313","Los Angeles","Pomona","https://www.californiahealthmaps.org?address=A0313","Male","Pancreas",140450,"","","",35340,"","","",10470,"","","",81090,"","","",10145,"","","",3,58305,0.0,20.0,27.5,24.5,9.5,7.6,56.6,7.6,"","","","","",""
"A0313","Los Angeles","Pomona","https://www.californiahealthmaps.org?address=A0313","Female","Pancreas",151075,10.7,5.9,18.0,41195,"","","",12275,"","","",82135,"","","",11330,"","","",3,58305,0.0,20.0,27.5,24.5,9.5,7.6,56.6,7.6,"","","","","",""
"A0313","Los Angeles","Pomona","https://www.californiahealthmaps.org?address=A0313","Both","AllSite",291525,434.9,408.9,462.2,76535,434.7,393.4,482.1,22745,510.4,423.3,613.5,163225,418.4,373.9,467.8,21475,434.5,349.0,541.2,3,58305,0.0,20.0,27.5,24.5,9.5,7.6,56.6,7.6,"","","","","",""
"A0313","Los Angeles","Pomona","https://www.californiahealthmaps.org?address=A0313","Both","Lung",291525,40.2,32.4,49.4,76535,46.1,33.6,65.9,22745,"","","",163225,28.8,17.0,46.4,21475,"","","",3,58305,0.0,20.0,27.5,24.5,9.5,7.6,56.6,7.6,"","","","","",""
"A0313","Los Angeles","Pomona","https://www.californiahealthmaps.org?address=A0313","Both","CRC",291525,42.3,34.4,51.5,76535,38.4,26.9,57.2,22745,"","","",163225,40.8,27.5,59.5,21475,"","","",3,58305,0.0,20.0,27.5,24.5,9.5,7.6,56.6,7.6,"","","","","",""
"A0313","Los Angeles","Pomona","https://www.californiahealthmaps.org?address=A0313","Both","Mela",291525,17.1,12.5,23.2,76535,32.6,22.4,50.3,22745,"","","",163225,"","","",21475,"","","",3,58305,0.0,20.0,27.5,24.5,9.5,7.6,56.6,7.6,"","","","","",""
"A0313","Los Angeles","Pomona","https://www.californiahealthmaps.org?address=A0313","Both","Lymph",291525,25.8,19.8,33.2,76535,20.3,12.4,36.3,22745,"","","",163225,34.5,22.8,51.6,21475,"","","",3,58305,0.0,20.0,27.5,24.5,9.5,7.6,56.6,7.6,"","","","","",""
"A0313","Los Angeles","Pomona","https://www.californiahealthmaps.org?address=A0313","Both","Urinary",291525,8.4,5.1,13.3,76535,"","","",22745,"","","",163225,"","","",21475,"","","",3,58305,0.0,20.0,27.5,24.5,9.5,7.6,56.6,7.6,"","","","","",""
"A0313","Los Angeles","Pomona","https://www.californiahealthmaps.org?address=A0313","Both","Kidney",291525,17.7,12.8,23.9,76535,"","","",22745,"","","",163225,29.8,18.9,46.1,21475,"","","",3,58305,0.0,20.0,27.5,24.5,9.5,7.6,56.6,7.6,"","","","","",""
"A0313","Los Angeles","Pomona","https://www.californiahealthmaps.org?address=A0313","Both","Thyroid",291525,11.6,7.7,16.9,76535,"","","",22745,"","","",163225,"","","",21475,"","","",3,58305,0.0,20.0,27.5,24.5,9.5,7.6,56.6,7.6,"","","","","",""
"A0313","Los Angeles","Pomona","https://www.californiahealthmaps.org?address=A0313","Both","Liver",291525,12.4,8.3,18.0,76535,"","","",22745,"","","",163225,17.5,9.5,30.9,21475,"","","",3,58305,0.0,20.0,27.5,24.5,9.5,7.6,56.6,7.6,"","","","","",""
"A0313","Los Angeles","Pomona","https://www.californiahealthmaps.org?address=A0313","Both","Pancreas",291525,10.3,6.7,15.4,76535,"","","",22745,"","","",163225,"","","",21475,"","","",3,58305,0.0,20.0,27.5,24.5,9.5,7.6,56.6,7.6,"","","","","",""
