"Zone","Counties","Cities","URL","Sex","Cancer","PopTot","AAIR","LCI","UCI","White_PopTot","White_AAIR","White_LCI","White_UCI","Black_PopTot","Black_AAIR","Black_LCI","Black_UCI","Hispanic_PopTot","Hispanic_AAIR","Hispanic_LCI","Hispanic_UCI","Asian_PopTot","Asian_AAIR","Asian_LCI","Asian_UCI","QNSES","PopAll","PerRural","PerUninsured","PerForeignBorn","PerWhite","PerBlack","PerAsian","PerHispanic","PerAPI","PerDocvisit","PerFOBT","PerMammo","PerMenPrev","PerPap","PerWomenPrev"
"A0435","Orange","San Clemente, San Juan Capistrano","https://www.californiahealthmaps.org?address=A0435","Male","AllSite",144320,596.7,539.8,659.3,105225,577.7,515.8,646.6,"","","","",18835,660.4,440.2,975.7,12925,618.5,432.0,884.0,5,58756,0.8,3.9,13.5,73.4,0.6,8.6,14.2,8.6,"","","","","",""
"A0435","Orange","San Clemente, San Juan Capistrano","https://www.californiahealthmaps.org?address=A0435","Female","AllSite",149460,509.8,465.0,558.4,106745,539.4,487.0,596.6,"","","","",20045,452.7,308.0,661.6,15440,284.1,194.0,423.1,5,58756,0.8,3.9,13.5,73.4,0.6,8.6,14.2,8.6,"","","","","",""
"A0435","Orange","San Clemente, San Juan Capistrano","https://www.californiahealthmaps.org?address=A0435","Male","Prostate",144320,146.7,121.1,177.9,105225,134.1,107.6,167.5,"","","","",18835,"","","",12925,"","","",5,58756,0.8,3.9,13.5,73.4,0.6,8.6,14.2,8.6,"","","","","",""
"A0435","Orange","San Clemente, San Juan Capistrano","https://www.californiahealthmaps.org?address=A0435","Female","Breast",149460,182.6,157.2,211.7,106745,193.4,163.4,228.2,"","","","",20045,146.8,81.7,277.7,15440,108.0,61.8,206.8,5,58756,0.8,3.9,13.5,73.4,0.6,8.6,14.2,8.6,"","","","","",""
"A0435","Orange","San Clemente, San Juan Capistrano","https://www.californiahealthmaps.org?address=A0435","Male","Lung",144320,43.6,28.0,66.1,105225,42.1,25.4,67.2,"","","","",18835,"","","",12925,"","","",5,58756,0.8,3.9,13.5,73.4,0.6,8.6,14.2,8.6,"","","","","",""
"A0435","Orange","San Clemente, San Juan Capistrano","https://www.californiahealthmaps.org?address=A0435","Female","Lung",149460,36.1,24.3,52.2,106745,38.4,24.6,57.9,"","","","",20045,"","","",15440,"","","",5,58756,0.8,3.9,13.5,73.4,0.6,8.6,14.2,8.6,"","","","","",""
"A0435","Orange","San Clemente, San Juan Capistrano","https://www.californiahealthmaps.org?address=A0435","Male","CRC",144320,52.2,36.1,74.5,105225,45.8,29.3,70.4,"","","","",18835,"","","",12925,"","","",5,58756,0.8,3.9,13.5,73.4,0.6,8.6,14.2,8.6,"","","","","",""
"A0435","Orange","San Clemente, San Juan Capistrano","https://www.californiahealthmaps.org?address=A0435","Female","CRC",149460,20.2,12.1,32.6,106745,18.5,9.9,32.6,"","","","",20045,"","","",15440,"","","",5,58756,0.8,3.9,13.5,73.4,0.6,8.6,14.2,8.6,"","","","","",""
"A0435","Orange","San Clemente, San Juan Capistrano","https://www.californiahealthmaps.org?address=A0435","Male","Mela",144320,72.4,54.2,96.5,105225,79.5,58.7,107.6,"","","","",18835,"","","",12925,"","","",5,58756,0.8,3.9,13.5,73.4,0.6,8.6,14.2,8.6,"","","","","",""
"A0435","Orange","San Clemente, San Juan Capistrano","https://www.californiahealthmaps.org?address=A0435","Female","Mela",149460,47.1,34.9,63.2,106745,54.1,39.3,73.8,"","","","",20045,"","","",15440,"","","",5,58756,0.8,3.9,13.5,73.4,0.6,8.6,14.2,8.6,"","","","","",""
"A0435","Orange","San Clemente, San Juan Capistrano","https://www.californiahealthmaps.org?address=A0435","Female","Uterine",149460,26.9,17.2,40.7,106745,28.1,17.2,44.3,"","","","",20045,"","","",15440,"","","",5,58756,0.8,3.9,13.5,73.4,0.6,8.6,14.2,8.6,"","","","","",""
"A0435","Orange","San Clemente, San Juan Capistrano","https://www.californiahealthmaps.org?address=A0435","Male","Lymph",144320,27.1,16.7,43.9,105225,23.3,13.1,41.6,"","","","",18835,"","","",12925,"","","",5,58756,0.8,3.9,13.5,73.4,0.6,8.6,14.2,8.6,"","","","","",""
"A0435","Orange","San Clemente, San Juan Capistrano","https://www.californiahealthmaps.org?address=A0435","Female","Lymph",149460,21.3,12.5,34.6,106745,20.3,10.8,35.5,"","","","",20045,"","","",15440,"","","",5,58756,0.8,3.9,13.5,73.4,0.6,8.6,14.2,8.6,"","","","","",""
"A0435","Orange","San Clemente, San Juan Capistrano","https://www.californiahealthmaps.org?address=A0435","Male","Urinary",144320,22.9,11.9,41.2,105225,"","","","","","","",18835,"","","",12925,"","","",5,58756,0.8,3.9,13.5,73.4,0.6,8.6,14.2,8.6,"","","","","",""
"A0435","Orange","San Clemente, San Juan Capistrano","https://www.californiahealthmaps.org?address=A0435","Female","Urinary",149460,"","","",106745,"","","","","","","",20045,"","","",15440,"","","",5,58756,0.8,3.9,13.5,73.4,0.6,8.6,14.2,8.6,"","","","","",""
"A0435","Orange","San Clemente, San Juan Capistrano","https://www.californiahealthmaps.org?address=A0435","Male","Kidney",144320,"","","",105225,"","","","","","","",18835,"","","",12925,"","","",5,58756,0.8,3.9,13.5,73.4,0.6,8.6,14.2,8.6,"","","","","",""
"A0435","Orange","San Clemente, San Juan Capistrano","https://www.californiahealthmaps.org?address=A0435","Female","Kidney",149460,"","","",106745,"","","","","","","",20045,"","","",15440,"","","",5,58756,0.8,3.9,13.5,73.4,0.6,8.6,14.2,8.6,"","","","","",""
"A0435","Orange","San Clemente, San Juan Capistrano","https://www.californiahealthmaps.org?address=A0435","Male","Thyroid",144320,"","","",105225,"","","","","","","",18835,"","","",12925,"","","",5,58756,0.8,3.9,13.5,73.4,0.6,8.6,14.2,8.6,"","","","","",""
"A0435","Orange","San Clemente, San Juan Capistrano","https://www.californiahealthmaps.org?address=A0435","Female","Thyroid",149460,23.9,15.4,36.4,106745,27.7,17.4,43.2,"","","","",20045,"","","",15440,"","","",5,58756,0.8,3.9,13.5,73.4,0.6,8.6,14.2,8.6,"","","","","",""
"A0435","Orange","San Clemente, San Juan Capistrano","https://www.californiahealthmaps.org?address=A0435","Male","Liver",144320,"","","",105225,"","","","","","","",18835,"","","",12925,"","","",5,58756,0.8,3.9,13.5,73.4,0.6,8.6,14.2,8.6,"","","","","",""
"A0435","Orange","San Clemente, San Juan Capistrano","https://www.californiahealthmaps.org?address=A0435","Female","Liver",149460,"","","",106745,"","","","","","","",20045,"","","",15440,"","","",5,58756,0.8,3.9,13.5,73.4,0.6,8.6,14.2,8.6,"","","","","",""
"A0435","Orange","San Clemente, San Juan Capistrano","https://www.californiahealthmaps.org?address=A0435","Male","Pancreas",144320,"","","",105225,"","","","","","","",18835,"","","",12925,"","","",5,58756,0.8,3.9,13.5,73.4,0.6,8.6,14.2,8.6,"","","","","",""
"A0435","Orange","San Clemente, San Juan Capistrano","https://www.californiahealthmaps.org?address=A0435","Female","Pancreas",149460,22.4,13.4,35.8,106745,21.6,11.8,37.2,"","","","",20045,"","","",15440,"","","",5,58756,0.8,3.9,13.5,73.4,0.6,8.6,14.2,8.6,"","","","","",""
"A0435","Orange","San Clemente, San Juan Capistrano","https://www.californiahealthmaps.org?address=A0435","Both","AllSite",293780,543.1,508.0,580.3,211970,548.7,509.3,590.7,"","","","",38880,526.4,403.4,684.7,28365,416.9,322.7,540.2,5,58756,0.8,3.9,13.5,73.4,0.6,8.6,14.2,8.6,"","","","","",""
"A0435","Orange","San Clemente, San Juan Capistrano","https://www.californiahealthmaps.org?address=A0435","Both","Lung",293780,38.5,29.0,50.5,211970,39.1,28.4,52.8,"","","","",38880,"","","",28365,"","","",5,58756,0.8,3.9,13.5,73.4,0.6,8.6,14.2,8.6,"","","","","",""
"A0435","Orange","San Clemente, San Juan Capistrano","https://www.californiahealthmaps.org?address=A0435","Both","CRC",293780,34.5,26.0,45.4,211970,30.6,21.8,42.3,"","","","",38880,"","","",28365,"","","",5,58756,0.8,3.9,13.5,73.4,0.6,8.6,14.2,8.6,"","","","","",""
"A0435","Orange","San Clemente, San Juan Capistrano","https://www.californiahealthmaps.org?address=A0435","Both","Mela",293780,58.4,47.7,71.4,211970,65.8,53.1,81.1,"","","","",38880,"","","",28365,"","","",5,58756,0.8,3.9,13.5,73.4,0.6,8.6,14.2,8.6,"","","","","",""
"A0435","Orange","San Clemente, San Juan Capistrano","https://www.californiahealthmaps.org?address=A0435","Both","Lymph",293780,24.2,17.1,33.6,211970,21.7,14.5,31.8,"","","","",38880,"","","",28365,"","","",5,58756,0.8,3.9,13.5,73.4,0.6,8.6,14.2,8.6,"","","","","",""
"A0435","Orange","San Clemente, San Juan Capistrano","https://www.californiahealthmaps.org?address=A0435","Both","Urinary",293780,11.4,6.4,19.1,211970,12.9,7.0,22.1,"","","","",38880,"","","",28365,"","","",5,58756,0.8,3.9,13.5,73.4,0.6,8.6,14.2,8.6,"","","","","",""
"A0435","Orange","San Clemente, San Juan Capistrano","https://www.californiahealthmaps.org?address=A0435","Both","Kidney",293780,10.6,6.5,17.2,211970,11.2,6.3,19.0,"","","","",38880,"","","",28365,"","","",5,58756,0.8,3.9,13.5,73.4,0.6,8.6,14.2,8.6,"","","","","",""
"A0435","Orange","San Clemente, San Juan Capistrano","https://www.californiahealthmaps.org?address=A0435","Both","Thyroid",293780,17.4,12.2,24.9,211970,20.0,13.6,29.1,"","","","",38880,"","","",28365,"","","",5,58756,0.8,3.9,13.5,73.4,0.6,8.6,14.2,8.6,"","","","","",""
"A0435","Orange","San Clemente, San Juan Capistrano","https://www.californiahealthmaps.org?address=A0435","Both","Liver",293780,"","","",211970,"","","","","","","",38880,"","","",28365,"","","",5,58756,0.8,3.9,13.5,73.4,0.6,8.6,14.2,8.6,"","","","","",""
"A0435","Orange","San Clemente, San Juan Capistrano","https://www.californiahealthmaps.org?address=A0435","Both","Pancreas",293780,19.8,13.3,28.8,211970,18.3,11.4,28.3,"","","","",38880,"","","",28365,"","","",5,58756,0.8,3.9,13.5,73.4,0.6,8.6,14.2,8.6,"","","","","",""
