"Zone","Counties","Cities","URL","Sex","Cancer","PopTot","AAIR","LCI","UCI","White_PopTot","White_AAIR","White_LCI","White_UCI","Black_PopTot","Black_AAIR","Black_LCI","Black_UCI","Hispanic_PopTot","Hispanic_AAIR","Hispanic_LCI","Hispanic_UCI","Asian_PopTot","Asian_AAIR","Asian_LCI","Asian_UCI","QNSES","PopAll","PerRural","PerUninsured","PerForeignBorn","PerWhite","PerBlack","PerAsian","PerHispanic","PerAPI","PerDocvisit","PerFOBT","PerMammo","PerMenPrev","PerPap","PerWomenPrev"
"A0620","San Bernardino","Adelanto, Victorville","https://www.californiahealthmaps.org?address=A0620","Male","AllSite",191045,531.2,481.4,586.7,40355,540.6,461.5,633.1,37180,726.0,579.6,927.1,100430,438.6,364.4,528.1,"","","","",1,72572,4.8,22.9,19.6,22.4,19.6,3.5,50.8,3.5,"","","","","",""
"A0620","San Bernardino","Adelanto, Victorville","https://www.californiahealthmaps.org?address=A0620","Female","AllSite",171815,467.6,427.1,511.5,36130,520.2,449.2,600.5,33620,536.0,432.1,664.9,89785,432.6,368.5,507.1,"","","","",1,72572,4.8,22.9,19.6,22.4,19.6,3.5,50.8,3.5,"","","","","",""
"A0620","San Bernardino","Adelanto, Victorville","https://www.californiahealthmaps.org?address=A0620","Male","Prostate",191045,134.8,111.3,164.3,40355,72.3,45.7,114.1,37180,260.6,189.2,391.1,100430,114.6,79.3,166.2,"","","","",1,72572,4.8,22.9,19.6,22.4,19.6,3.5,50.8,3.5,"","","","","",""
"A0620","San Bernardino","Adelanto, Victorville","https://www.californiahealthmaps.org?address=A0620","Female","Breast",171815,122.6,102.8,145.6,36130,128.2,94.9,171.1,33620,178.3,123.1,259.5,89785,81.8,57.8,116.4,"","","","",1,72572,4.8,22.9,19.6,22.4,19.6,3.5,50.8,3.5,"","","","","",""
"A0620","San Bernardino","Adelanto, Victorville","https://www.californiahealthmaps.org?address=A0620","Male","Lung",191045,52.3,36.4,75.0,40355,62.1,37.1,102.6,37180,"","","",100430,"","","","","","","",1,72572,4.8,22.9,19.6,22.4,19.6,3.5,50.8,3.5,"","","","","",""
"A0620","San Bernardino","Adelanto, Victorville","https://www.californiahealthmaps.org?address=A0620","Female","Lung",171815,54.1,40.2,71.6,36130,91.6,63.4,129.6,33620,"","","",89785,"","","","","","","",1,72572,4.8,22.9,19.6,22.4,19.6,3.5,50.8,3.5,"","","","","",""
"A0620","San Bernardino","Adelanto, Victorville","https://www.californiahealthmaps.org?address=A0620","Male","CRC",191045,71.8,54.6,95.3,40355,72.8,47.2,113.1,37180,"","","",100430,71.2,44.0,115.4,"","","","",1,72572,4.8,22.9,19.6,22.4,19.6,3.5,50.8,3.5,"","","","","",""
"A0620","San Bernardino","Adelanto, Victorville","https://www.californiahealthmaps.org?address=A0620","Female","CRC",171815,50.2,37.0,67.1,36130,"","","",33620,91.6,49.9,162.8,89785,54.3,31.6,89.5,"","","","",1,72572,4.8,22.9,19.6,22.4,19.6,3.5,50.8,3.5,"","","","","",""
"A0620","San Bernardino","Adelanto, Victorville","https://www.californiahealthmaps.org?address=A0620","Male","Mela",191045,24.9,15.5,41.0,40355,49.1,28.2,85.3,37180,"","","",100430,"","","","","","","",1,72572,4.8,22.9,19.6,22.4,19.6,3.5,50.8,3.5,"","","","","",""
"A0620","San Bernardino","Adelanto, Victorville","https://www.californiahealthmaps.org?address=A0620","Female","Mela",171815,"","","",36130,"","","",33620,"","","",89785,"","","","","","","",1,72572,4.8,22.9,19.6,22.4,19.6,3.5,50.8,3.5,"","","","","",""
"A0620","San Bernardino","Adelanto, Victorville","https://www.californiahealthmaps.org?address=A0620","Female","Uterine",171815,30.9,21.9,43.5,36130,"","","",33620,"","","",89785,46.7,28.0,77.1,"","","","",1,72572,4.8,22.9,19.6,22.4,19.6,3.5,50.8,3.5,"","","","","",""
"A0620","San Bernardino","Adelanto, Victorville","https://www.californiahealthmaps.org?address=A0620","Male","Lymph",191045,24.8,15.2,41.1,40355,"","","",37180,"","","",100430,"","","","","","","",1,72572,4.8,22.9,19.6,22.4,19.6,3.5,50.8,3.5,"","","","","",""
"A0620","San Bernardino","Adelanto, Victorville","https://www.californiahealthmaps.org?address=A0620","Female","Lymph",171815,11.4,6.2,20.2,36130,"","","",33620,"","","",89785,"","","","","","","",1,72572,4.8,22.9,19.6,22.4,19.6,3.5,50.8,3.5,"","","","","",""
"A0620","San Bernardino","Adelanto, Victorville","https://www.californiahealthmaps.org?address=A0620","Male","Urinary",191045,22.0,11.0,40.9,40355,"","","",37180,"","","",100430,"","","","","","","",1,72572,4.8,22.9,19.6,22.4,19.6,3.5,50.8,3.5,"","","","","",""
"A0620","San Bernardino","Adelanto, Victorville","https://www.californiahealthmaps.org?address=A0620","Female","Urinary",171815,"","","",36130,"","","",33620,"","","",89785,"","","","","","","",1,72572,4.8,22.9,19.6,22.4,19.6,3.5,50.8,3.5,"","","","","",""
"A0620","San Bernardino","Adelanto, Victorville","https://www.californiahealthmaps.org?address=A0620","Male","Kidney",191045,16.3,10.1,29.4,40355,"","","",37180,"","","",100430,"","","","","","","",1,72572,4.8,22.9,19.6,22.4,19.6,3.5,50.8,3.5,"","","","","",""
"A0620","San Bernardino","Adelanto, Victorville","https://www.californiahealthmaps.org?address=A0620","Female","Kidney",171815,24.3,15.5,36.9,36130,"","","",33620,"","","",89785,"","","","","","","",1,72572,4.8,22.9,19.6,22.4,19.6,3.5,50.8,3.5,"","","","","",""
"A0620","San Bernardino","Adelanto, Victorville","https://www.californiahealthmaps.org?address=A0620","Male","Thyroid",191045,"","","",40355,"","","",37180,"","","",100430,"","","","","","","",1,72572,4.8,22.9,19.6,22.4,19.6,3.5,50.8,3.5,"","","","","",""
"A0620","San Bernardino","Adelanto, Victorville","https://www.californiahealthmaps.org?address=A0620","Female","Thyroid",171815,23.2,15.8,33.9,36130,"","","",33620,"","","",89785,29.4,16.8,53.4,"","","","",1,72572,4.8,22.9,19.6,22.4,19.6,3.5,50.8,3.5,"","","","","",""
"A0620","San Bernardino","Adelanto, Victorville","https://www.californiahealthmaps.org?address=A0620","Male","Liver",191045,18.6,11.7,32.2,40355,"","","",37180,"","","",100430,"","","","","","","",1,72572,4.8,22.9,19.6,22.4,19.6,3.5,50.8,3.5,"","","","","",""
"A0620","San Bernardino","Adelanto, Victorville","https://www.californiahealthmaps.org?address=A0620","Female","Liver",171815,"","","",36130,"","","",33620,"","","",89785,"","","","","","","",1,72572,4.8,22.9,19.6,22.4,19.6,3.5,50.8,3.5,"","","","","",""
"A0620","San Bernardino","Adelanto, Victorville","https://www.californiahealthmaps.org?address=A0620","Male","Pancreas",191045,22.9,13.4,39.4,40355,"","","",37180,"","","",100430,"","","","","","","",1,72572,4.8,22.9,19.6,22.4,19.6,3.5,50.8,3.5,"","","","","",""
"A0620","San Bernardino","Adelanto, Victorville","https://www.californiahealthmaps.org?address=A0620","Female","Pancreas",171815,"","","",36130,"","","",33620,"","","",89785,"","","","","","","",1,72572,4.8,22.9,19.6,22.4,19.6,3.5,50.8,3.5,"","","","","",""
"A0620","San Bernardino","Adelanto, Victorville","https://www.californiahealthmaps.org?address=A0620","Both","AllSite",362860,491.4,460.1,524.7,76485,517.6,466.0,574.0,70800,618.7,532.6,720.7,190215,430.3,381.6,485.1,11835,396.9,269.7,587.9,1,72572,4.8,22.9,19.6,22.4,19.6,3.5,50.8,3.5,"","","","","",""
"A0620","San Bernardino","Adelanto, Victorville","https://www.californiahealthmaps.org?address=A0620","Both","Lung",362860,52.3,41.9,65.0,76485,76.1,57.0,100.4,70800,62.6,36.8,107.8,190215,28.3,15.6,48.7,11835,"","","",1,72572,4.8,22.9,19.6,22.4,19.6,3.5,50.8,3.5,"","","","","",""
"A0620","San Bernardino","Adelanto, Victorville","https://www.californiahealthmaps.org?address=A0620","Both","CRC",362860,61.1,50.0,74.3,76485,53.2,37.6,73.9,70800,89.0,55.9,141.4,190215,63.7,45.0,89.4,11835,"","","",1,72572,4.8,22.9,19.6,22.4,19.6,3.5,50.8,3.5,"","","","","",""
"A0620","San Bernardino","Adelanto, Victorville","https://www.californiahealthmaps.org?address=A0620","Both","Mela",362860,17.8,12.1,25.9,76485,37.5,24.2,56.2,70800,"","","",190215,"","","",11835,"","","",1,72572,4.8,22.9,19.6,22.4,19.6,3.5,50.8,3.5,"","","","","",""
"A0620","San Bernardino","Adelanto, Victorville","https://www.californiahealthmaps.org?address=A0620","Both","Lymph",362860,17.7,12.4,25.2,76485,"","","",70800,"","","",190215,23.0,12.7,40.5,11835,"","","",1,72572,4.8,22.9,19.6,22.4,19.6,3.5,50.8,3.5,"","","","","",""
"A0620","San Bernardino","Adelanto, Victorville","https://www.californiahealthmaps.org?address=A0620","Both","Urinary",362860,10.9,6.2,18.2,76485,"","","",70800,"","","",190215,"","","",11835,"","","",1,72572,4.8,22.9,19.6,22.4,19.6,3.5,50.8,3.5,"","","","","",""
"A0620","San Bernardino","Adelanto, Victorville","https://www.californiahealthmaps.org?address=A0620","Both","Kidney",362860,21.5,15.5,29.7,76485,22.3,13.0,36.9,70800,"","","",190215,17.7,9.3,33.4,11835,"","","",1,72572,4.8,22.9,19.6,22.4,19.6,3.5,50.8,3.5,"","","","","",""
"A0620","San Bernardino","Adelanto, Victorville","https://www.californiahealthmaps.org?address=A0620","Both","Thyroid",362860,13.8,9.7,20.0,76485,"","","",70800,"","","",190215,17.8,10.3,32.0,11835,"","","",1,72572,4.8,22.9,19.6,22.4,19.6,3.5,50.8,3.5,"","","","","",""
"A0620","San Bernardino","Adelanto, Victorville","https://www.californiahealthmaps.org?address=A0620","Both","Liver",362860,12.4,8.4,18.6,76485,"","","",70800,"","","",190215,17.8,10.0,32.5,11835,"","","",1,72572,4.8,22.9,19.6,22.4,19.6,3.5,50.8,3.5,"","","","","",""
"A0620","San Bernardino","Adelanto, Victorville","https://www.californiahealthmaps.org?address=A0620","Both","Pancreas",362860,17.1,11.3,25.3,76485,"","","",70800,"","","",190215,"","","",11835,"","","",1,72572,4.8,22.9,19.6,22.4,19.6,3.5,50.8,3.5,"","","","","",""
