"Zone","Counties","Cities","URL","Sex","Cancer","PopTot","AAIR","LCI","UCI","White_PopTot","White_AAIR","White_LCI","White_UCI","Black_PopTot","Black_AAIR","Black_LCI","Black_UCI","Hispanic_PopTot","Hispanic_AAIR","Hispanic_LCI","Hispanic_UCI","Asian_PopTot","Asian_AAIR","Asian_LCI","Asian_UCI","QNSES","PopAll","PerRural","PerUninsured","PerForeignBorn","PerWhite","PerBlack","PerAsian","PerHispanic","PerAPI","PerDocvisit","PerFOBT","PerMammo","PerMenPrev","PerPap","PerWomenPrev"
"A0134","Los Angeles","Los Angeles","https://www.californiahealthmaps.org?address=A0134","Male","AllSite",151695,457.4,405.8,515.5,"","","","",22315,523.5,435.0,629.7,126560,375.2,311.0,456.6,"","","","",1,60435,0.0,39.0,45.7,1.1,17.0,0.8,80.2,0.8,65.3,52.4,81.0,17.8,85.1,23.4
"A0134","Los Angeles","Los Angeles","https://www.californiahealthmaps.org?address=A0134","Female","AllSite",150480,350.3,313.1,391.2,"","","","",27820,390.4,323.9,469.2,119705,298.5,251.7,354.3,"","","","",1,60435,0.0,39.0,45.7,1.1,17.0,0.8,80.2,0.8,65.3,52.4,81.0,17.8,85.1,23.4
"A0134","Los Angeles","Los Angeles","https://www.californiahealthmaps.org?address=A0134","Male","Prostate",151695,111.8,87.6,142.7,"","","","",22315,144.9,101.6,206.7,126560,80.8,52.9,128.5,"","","","",1,60435,0.0,39.0,45.7,1.1,17.0,0.8,80.2,0.8,65.3,52.4,81.0,17.8,85.1,23.4
"A0134","Los Angeles","Los Angeles","https://www.californiahealthmaps.org?address=A0134","Female","Breast",150480,93.5,75.2,115.6,"","","","",27820,111.9,77.8,158.8,119705,75.2,53.3,106.7,"","","","",1,60435,0.0,39.0,45.7,1.1,17.0,0.8,80.2,0.8,65.3,52.4,81.0,17.8,85.1,23.4
"A0134","Los Angeles","Los Angeles","https://www.californiahealthmaps.org?address=A0134","Male","Lung",151695,46.3,29.5,70.7,"","","","",22315,"","","",126560,"","","","","","","",1,60435,0.0,39.0,45.7,1.1,17.0,0.8,80.2,0.8,65.3,52.4,81.0,17.8,85.1,23.4
"A0134","Los Angeles","Los Angeles","https://www.californiahealthmaps.org?address=A0134","Female","Lung",150480,40.8,27.9,57.9,"","","","",27820,79.4,52.3,119.2,119705,"","","","","","","",1,60435,0.0,39.0,45.7,1.1,17.0,0.8,80.2,0.8,65.3,52.4,81.0,17.8,85.1,23.4
"A0134","Los Angeles","Los Angeles","https://www.californiahealthmaps.org?address=A0134","Male","CRC",151695,75.3,54.7,102.8,"","","","",22315,88.5,54.5,142.1,126560,62.4,38.5,106.6,"","","","",1,60435,0.0,39.0,45.7,1.1,17.0,0.8,80.2,0.8,65.3,52.4,81.0,17.8,85.1,23.4
"A0134","Los Angeles","Los Angeles","https://www.californiahealthmaps.org?address=A0134","Female","CRC",150480,24.6,15.5,38.0,"","","","",27820,"","","",119705,"","","","","","","",1,60435,0.0,39.0,45.7,1.1,17.0,0.8,80.2,0.8,65.3,52.4,81.0,17.8,85.1,23.4
"A0134","Los Angeles","Los Angeles","https://www.californiahealthmaps.org?address=A0134","Male","Mela",151695,"","","","","","","",22315,"","","",126560,"","","","","","","",1,60435,0.0,39.0,45.7,1.1,17.0,0.8,80.2,0.8,65.3,52.4,81.0,17.8,85.1,23.4
"A0134","Los Angeles","Los Angeles","https://www.californiahealthmaps.org?address=A0134","Female","Mela",150480,"","","","","","","",27820,"","","",119705,"","","","","","","",1,60435,0.0,39.0,45.7,1.1,17.0,0.8,80.2,0.8,65.3,52.4,81.0,17.8,85.1,23.4
"A0134","Los Angeles","Los Angeles","https://www.californiahealthmaps.org?address=A0134","Female","Uterine",150480,28.8,18.5,43.2,"","","","",27820,"","","",119705,25.5,13.7,48.2,"","","","",1,60435,0.0,39.0,45.7,1.1,17.0,0.8,80.2,0.8,65.3,52.4,81.0,17.8,85.1,23.4
"A0134","Los Angeles","Los Angeles","https://www.californiahealthmaps.org?address=A0134","Male","Lymph",151695,19.2,9.6,36.6,"","","","",22315,"","","",126560,"","","","","","","",1,60435,0.0,39.0,45.7,1.1,17.0,0.8,80.2,0.8,65.3,52.4,81.0,17.8,85.1,23.4
"A0134","Los Angeles","Los Angeles","https://www.californiahealthmaps.org?address=A0134","Female","Lymph",150480,"","","","","","","",27820,"","","",119705,"","","","","","","",1,60435,0.0,39.0,45.7,1.1,17.0,0.8,80.2,0.8,65.3,52.4,81.0,17.8,85.1,23.4
"A0134","Los Angeles","Los Angeles","https://www.californiahealthmaps.org?address=A0134","Male","Urinary",151695,"","","","","","","",22315,"","","",126560,"","","","","","","",1,60435,0.0,39.0,45.7,1.1,17.0,0.8,80.2,0.8,65.3,52.4,81.0,17.8,85.1,23.4
"A0134","Los Angeles","Los Angeles","https://www.californiahealthmaps.org?address=A0134","Female","Urinary",150480,"","","","","","","",27820,"","","",119705,"","","","","","","",1,60435,0.0,39.0,45.7,1.1,17.0,0.8,80.2,0.8,65.3,52.4,81.0,17.8,85.1,23.4
"A0134","Los Angeles","Los Angeles","https://www.californiahealthmaps.org?address=A0134","Male","Kidney",151695,24.4,13.8,42.4,"","","","",22315,"","","",126560,"","","","","","","",1,60435,0.0,39.0,45.7,1.1,17.0,0.8,80.2,0.8,65.3,52.4,81.0,17.8,85.1,23.4
"A0134","Los Angeles","Los Angeles","https://www.californiahealthmaps.org?address=A0134","Female","Kidney",150480,"","","","","","","",27820,"","","",119705,"","","","","","","",1,60435,0.0,39.0,45.7,1.1,17.0,0.8,80.2,0.8,65.3,52.4,81.0,17.8,85.1,23.4
"A0134","Los Angeles","Los Angeles","https://www.californiahealthmaps.org?address=A0134","Male","Thyroid",151695,"","","","","","","",22315,"","","",126560,"","","","","","","",1,60435,0.0,39.0,45.7,1.1,17.0,0.8,80.2,0.8,65.3,52.4,81.0,17.8,85.1,23.4
"A0134","Los Angeles","Los Angeles","https://www.californiahealthmaps.org?address=A0134","Female","Thyroid",150480,17.1,10.5,27.5,"","","","",27820,"","","",119705,18.9,11.1,37.1,"","","","",1,60435,0.0,39.0,45.7,1.1,17.0,0.8,80.2,0.8,65.3,52.4,81.0,17.8,85.1,23.4
"A0134","Los Angeles","Los Angeles","https://www.californiahealthmaps.org?address=A0134","Male","Liver",151695,25.1,14.1,43.7,"","","","",22315,"","","",126560,"","","","","","","",1,60435,0.0,39.0,45.7,1.1,17.0,0.8,80.2,0.8,65.3,52.4,81.0,17.8,85.1,23.4
"A0134","Los Angeles","Los Angeles","https://www.californiahealthmaps.org?address=A0134","Female","Liver",150480,"","","","","","","",27820,"","","",119705,"","","","","","","",1,60435,0.0,39.0,45.7,1.1,17.0,0.8,80.2,0.8,65.3,52.4,81.0,17.8,85.1,23.4
"A0134","Los Angeles","Los Angeles","https://www.californiahealthmaps.org?address=A0134","Male","Pancreas",151695,"","","","","","","",22315,"","","",126560,"","","","","","","",1,60435,0.0,39.0,45.7,1.1,17.0,0.8,80.2,0.8,65.3,52.4,81.0,17.8,85.1,23.4
"A0134","Los Angeles","Los Angeles","https://www.californiahealthmaps.org?address=A0134","Female","Pancreas",150480,"","","","","","","",27820,"","","",119705,"","","","","","","",1,60435,0.0,39.0,45.7,1.1,17.0,0.8,80.2,0.8,65.3,52.4,81.0,17.8,85.1,23.4
"A0134","Los Angeles","Los Angeles","https://www.californiahealthmaps.org?address=A0134","Both","AllSite",302175,394.3,363.7,427.2,"","","","",50135,448.5,394.1,509.8,246265,331.2,292.1,375.8,"","","","",1,60435,0.0,39.0,45.7,1.1,17.0,0.8,80.2,0.8,65.3,52.4,81.0,17.8,85.1,23.4
"A0134","Los Angeles","Los Angeles","https://www.californiahealthmaps.org?address=A0134","Both","Lung",302175,42.3,32.1,55.2,"","","","",50135,71.2,51.2,98.7,246265,"","","","","","","",1,60435,0.0,39.0,45.7,1.1,17.0,0.8,80.2,0.8,65.3,52.4,81.0,17.8,85.1,23.4
"A0134","Los Angeles","Los Angeles","https://www.californiahealthmaps.org?address=A0134","Both","CRC",302175,46.6,36.2,59.5,"","","","",50135,62.0,42.8,88.8,246265,33.1,21.7,50.7,"","","","",1,60435,0.0,39.0,45.7,1.1,17.0,0.8,80.2,0.8,65.3,52.4,81.0,17.8,85.1,23.4
"A0134","Los Angeles","Los Angeles","https://www.californiahealthmaps.org?address=A0134","Both","Mela",302175,"","","","","","","",50135,"","","",246265,"","","","","","","",1,60435,0.0,39.0,45.7,1.1,17.0,0.8,80.2,0.8,65.3,52.4,81.0,17.8,85.1,23.4
"A0134","Los Angeles","Los Angeles","https://www.californiahealthmaps.org?address=A0134","Both","Lymph",302175,14.0,8.5,22.1,"","","","",50135,"","","",246265,"","","","","","","",1,60435,0.0,39.0,45.7,1.1,17.0,0.8,80.2,0.8,65.3,52.4,81.0,17.8,85.1,23.4
"A0134","Los Angeles","Los Angeles","https://www.californiahealthmaps.org?address=A0134","Both","Urinary",302175,"","","","","","","",50135,"","","",246265,"","","","","","","",1,60435,0.0,39.0,45.7,1.1,17.0,0.8,80.2,0.8,65.3,52.4,81.0,17.8,85.1,23.4
"A0134","Los Angeles","Los Angeles","https://www.californiahealthmaps.org?address=A0134","Both","Kidney",302175,16.1,10.7,24.0,"","","","",50135,"","","",246265,15.1,8.7,28.0,"","","","",1,60435,0.0,39.0,45.7,1.1,17.0,0.8,80.2,0.8,65.3,52.4,81.0,17.8,85.1,23.4
"A0134","Los Angeles","Los Angeles","https://www.californiahealthmaps.org?address=A0134","Both","Thyroid",302175,10.6,6.8,16.8,"","","","",50135,"","","",246265,10.8,6.6,21.5,"","","","",1,60435,0.0,39.0,45.7,1.1,17.0,0.8,80.2,0.8,65.3,52.4,81.0,17.8,85.1,23.4
"A0134","Los Angeles","Los Angeles","https://www.californiahealthmaps.org?address=A0134","Both","Liver",302175,14.4,8.8,22.7,"","","","",50135,"","","",246265,"","","","","","","",1,60435,0.0,39.0,45.7,1.1,17.0,0.8,80.2,0.8,65.3,52.4,81.0,17.8,85.1,23.4
"A0134","Los Angeles","Los Angeles","https://www.californiahealthmaps.org?address=A0134","Both","Pancreas",302175,10.6,5.9,18.0,"","","","",50135,"","","",246265,"","","","","","","",1,60435,0.0,39.0,45.7,1.1,17.0,0.8,80.2,0.8,65.3,52.4,81.0,17.8,85.1,23.4
