"Zone","Counties","Cities","URL","Sex","Cancer","PopTot","AAIR","LCI","UCI","White_PopTot","White_AAIR","White_LCI","White_UCI","Black_PopTot","Black_AAIR","Black_LCI","Black_UCI","Hispanic_PopTot","Hispanic_AAIR","Hispanic_LCI","Hispanic_UCI","Asian_PopTot","Asian_AAIR","Asian_LCI","Asian_UCI","QNSES","PopAll","PerRural","PerUninsured","PerForeignBorn","PerWhite","PerBlack","PerAsian","PerHispanic","PerAPI","PerDocvisit","PerFOBT","PerMammo","PerMenPrev","PerPap","PerWomenPrev"
"A1082","Los Angeles","Long Beach","https://www.californiahealthmaps.org?address=A1082","Male","AllSite",152675,423.7,376.7,476.5,13430,575.9,465.7,725.8,24570,502.1,370.0,698.6,90855,366.7,295.8,456.4,20345,273.7,197.1,377.4,1,62761,0.0,24.1,30.8,9.0,20.9,14.3,53.4,14.3,64.9,57.5,79.3,23.2,84.1,29.7
"A1082","Los Angeles","Long Beach","https://www.californiahealthmaps.org?address=A1082","Female","AllSite",161130,415.3,377.6,456.3,13755,442.2,354.4,571.8,30315,442.0,349.6,561.1,90245,398.3,339.1,468.7,22945,378.7,302.8,469.9,1,62761,0.0,24.1,30.8,9.0,20.9,14.3,53.4,14.3,64.9,57.5,79.3,23.2,84.1,29.7
"A1082","Los Angeles","Long Beach","https://www.californiahealthmaps.org?address=A1082","Male","Prostate",152675,83.9,64.5,109.3,13430,81.1,46.3,166.0,24570,144.4,83.2,279.3,90855,81.1,50.8,132.3,20345,"","","",1,62761,0.0,24.1,30.8,9.0,20.9,14.3,53.4,14.3,64.9,57.5,79.3,23.2,84.1,29.7
"A1082","Los Angeles","Long Beach","https://www.californiahealthmaps.org?address=A1082","Female","Breast",161130,125.0,105.2,148.2,13755,127.1,81.9,222.3,30315,134.2,86.1,211.6,90245,134.1,102.9,176.7,22945,88.6,55.4,137.3,1,62761,0.0,24.1,30.8,9.0,20.9,14.3,53.4,14.3,64.9,57.5,79.3,23.2,84.1,29.7
"A1082","Los Angeles","Long Beach","https://www.californiahealthmaps.org?address=A1082","Male","Lung",152675,73.4,53.0,100.5,13430,138.5,84.2,240.7,24570,"","","",90855,"","","",20345,"","","",1,62761,0.0,24.1,30.8,9.0,20.9,14.3,53.4,14.3,64.9,57.5,79.3,23.2,84.1,29.7
"A1082","Los Angeles","Long Beach","https://www.californiahealthmaps.org?address=A1082","Female","Lung",161130,46.5,33.9,62.9,13755,70.9,40.6,155.8,30315,"","","",90245,"","","",22945,"","","",1,62761,0.0,24.1,30.8,9.0,20.9,14.3,53.4,14.3,64.9,57.5,79.3,23.2,84.1,29.7
"A1082","Los Angeles","Long Beach","https://www.californiahealthmaps.org?address=A1082","Male","CRC",152675,41.2,28.4,60.1,13430,"","","",24570,"","","",90855,65.6,38.9,113.9,20345,"","","",1,62761,0.0,24.1,30.8,9.0,20.9,14.3,53.4,14.3,64.9,57.5,79.3,23.2,84.1,29.7
"A1082","Los Angeles","Long Beach","https://www.californiahealthmaps.org?address=A1082","Female","CRC",161130,42.1,30.2,57.9,13755,"","","",30315,"","","",90245,"","","",22945,"","","",1,62761,0.0,24.1,30.8,9.0,20.9,14.3,53.4,14.3,64.9,57.5,79.3,23.2,84.1,29.7
"A1082","Los Angeles","Long Beach","https://www.californiahealthmaps.org?address=A1082","Male","Mela",152675,"","","",13430,"","","",24570,"","","",90855,"","","",20345,"","","",1,62761,0.0,24.1,30.8,9.0,20.9,14.3,53.4,14.3,64.9,57.5,79.3,23.2,84.1,29.7
"A1082","Los Angeles","Long Beach","https://www.californiahealthmaps.org?address=A1082","Female","Mela",161130,"","","",13755,"","","",30315,"","","",90245,"","","",22945,"","","",1,62761,0.0,24.1,30.8,9.0,20.9,14.3,53.4,14.3,64.9,57.5,79.3,23.2,84.1,29.7
"A1082","Los Angeles","Long Beach","https://www.californiahealthmaps.org?address=A1082","Female","Uterine",161130,36.3,26.0,50.2,13755,"","","",30315,60.2,31.4,120.5,90245,"","","",22945,"","","",1,62761,0.0,24.1,30.8,9.0,20.9,14.3,53.4,14.3,64.9,57.5,79.3,23.2,84.1,29.7
"A1082","Los Angeles","Long Beach","https://www.californiahealthmaps.org?address=A1082","Male","Lymph",152675,23.5,13.6,40.1,13430,"","","",24570,"","","",90855,"","","",20345,"","","",1,62761,0.0,24.1,30.8,9.0,20.9,14.3,53.4,14.3,64.9,57.5,79.3,23.2,84.1,29.7
"A1082","Los Angeles","Long Beach","https://www.californiahealthmaps.org?address=A1082","Female","Lymph",161130,15.0,8.3,25.7,13755,"","","",30315,"","","",90245,"","","",22945,"","","",1,62761,0.0,24.1,30.8,9.0,20.9,14.3,53.4,14.3,64.9,57.5,79.3,23.2,84.1,29.7
"A1082","Los Angeles","Long Beach","https://www.californiahealthmaps.org?address=A1082","Male","Urinary",152675,27.0,15.1,46.0,13430,"","","",24570,"","","",90855,"","","",20345,"","","",1,62761,0.0,24.1,30.8,9.0,20.9,14.3,53.4,14.3,64.9,57.5,79.3,23.2,84.1,29.7
"A1082","Los Angeles","Long Beach","https://www.californiahealthmaps.org?address=A1082","Female","Urinary",161130,"","","",13755,"","","",30315,"","","",90245,"","","",22945,"","","",1,62761,0.0,24.1,30.8,9.0,20.9,14.3,53.4,14.3,64.9,57.5,79.3,23.2,84.1,29.7
"A1082","Los Angeles","Long Beach","https://www.californiahealthmaps.org?address=A1082","Male","Kidney",152675,12.6,6.8,25.0,13430,"","","",24570,"","","",90855,"","","",20345,"","","",1,62761,0.0,24.1,30.8,9.0,20.9,14.3,53.4,14.3,64.9,57.5,79.3,23.2,84.1,29.7
"A1082","Los Angeles","Long Beach","https://www.californiahealthmaps.org?address=A1082","Female","Kidney",161130,"","","",13755,"","","",30315,"","","",90245,"","","",22945,"","","",1,62761,0.0,24.1,30.8,9.0,20.9,14.3,53.4,14.3,64.9,57.5,79.3,23.2,84.1,29.7
"A1082","Los Angeles","Long Beach","https://www.californiahealthmaps.org?address=A1082","Male","Thyroid",152675,"","","",13430,"","","",24570,"","","",90855,"","","",20345,"","","",1,62761,0.0,24.1,30.8,9.0,20.9,14.3,53.4,14.3,64.9,57.5,79.3,23.2,84.1,29.7
"A1082","Los Angeles","Long Beach","https://www.californiahealthmaps.org?address=A1082","Female","Thyroid",161130,16.2,10.3,25.7,13755,"","","",30315,"","","",90245,"","","",22945,"","","",1,62761,0.0,24.1,30.8,9.0,20.9,14.3,53.4,14.3,64.9,57.5,79.3,23.2,84.1,29.7
"A1082","Los Angeles","Long Beach","https://www.californiahealthmaps.org?address=A1082","Male","Liver",152675,24.2,13.9,41.3,13430,"","","",24570,"","","",90855,"","","",20345,"","","",1,62761,0.0,24.1,30.8,9.0,20.9,14.3,53.4,14.3,64.9,57.5,79.3,23.2,84.1,29.7
"A1082","Los Angeles","Long Beach","https://www.californiahealthmaps.org?address=A1082","Female","Liver",161130,"","","",13755,"","","",30315,"","","",90245,"","","",22945,"","","",1,62761,0.0,24.1,30.8,9.0,20.9,14.3,53.4,14.3,64.9,57.5,79.3,23.2,84.1,29.7
"A1082","Los Angeles","Long Beach","https://www.californiahealthmaps.org?address=A1082","Male","Pancreas",152675,"","","",13430,"","","",24570,"","","",90855,"","","",20345,"","","",1,62761,0.0,24.1,30.8,9.0,20.9,14.3,53.4,14.3,64.9,57.5,79.3,23.2,84.1,29.7
"A1082","Los Angeles","Long Beach","https://www.californiahealthmaps.org?address=A1082","Female","Pancreas",161130,"","","",13755,"","","",30315,"","","",90245,"","","",22945,"","","",1,62761,0.0,24.1,30.8,9.0,20.9,14.3,53.4,14.3,64.9,57.5,79.3,23.2,84.1,29.7
"A1082","Los Angeles","Long Beach","https://www.californiahealthmaps.org?address=A1082","Both","AllSite",313805,414.8,385.6,446.0,27185,497.5,428.7,585.2,54885,461.6,385.4,553.8,181100,379.0,333.4,431.4,43290,335.6,280.0,400.2,1,62761,0.0,24.1,30.8,9.0,20.9,14.3,53.4,14.3,64.9,57.5,79.3,23.2,84.1,29.7
"A1082","Los Angeles","Long Beach","https://www.californiahealthmaps.org?address=A1082","Both","Lung",313805,57.1,45.8,70.5,27185,97.3,67.9,149.5,54885,75.1,43.9,125.8,181100,32.2,18.8,54.1,43290,46.2,27.0,75.4,1,62761,0.0,24.1,30.8,9.0,20.9,14.3,53.4,14.3,64.9,57.5,79.3,23.2,84.1,29.7
"A1082","Los Angeles","Long Beach","https://www.californiahealthmaps.org?address=A1082","Both","CRC",313805,42.7,33.5,54.0,27185,40.8,22.9,84.6,54885,41.3,22.1,79.5,181100,46.8,31.7,69.6,43290,"","","",1,62761,0.0,24.1,30.8,9.0,20.9,14.3,53.4,14.3,64.9,57.5,79.3,23.2,84.1,29.7
"A1082","Los Angeles","Long Beach","https://www.californiahealthmaps.org?address=A1082","Both","Mela",313805,"","","",27185,"","","",54885,"","","",181100,"","","",43290,"","","",1,62761,0.0,24.1,30.8,9.0,20.9,14.3,53.4,14.3,64.9,57.5,79.3,23.2,84.1,29.7
"A1082","Los Angeles","Long Beach","https://www.californiahealthmaps.org?address=A1082","Both","Lymph",313805,18.8,12.8,27.0,27185,"","","",54885,"","","",181100,21.7,11.5,40.4,43290,"","","",1,62761,0.0,24.1,30.8,9.0,20.9,14.3,53.4,14.3,64.9,57.5,79.3,23.2,84.1,29.7
"A1082","Los Angeles","Long Beach","https://www.californiahealthmaps.org?address=A1082","Both","Urinary",313805,11.4,6.7,18.5,27185,"","","",54885,"","","",181100,"","","",43290,"","","",1,62761,0.0,24.1,30.8,9.0,20.9,14.3,53.4,14.3,64.9,57.5,79.3,23.2,84.1,29.7
"A1082","Los Angeles","Long Beach","https://www.californiahealthmaps.org?address=A1082","Both","Kidney",313805,10.9,6.9,17.0,27185,"","","",54885,"","","",181100,"","","",43290,"","","",1,62761,0.0,24.1,30.8,9.0,20.9,14.3,53.4,14.3,64.9,57.5,79.3,23.2,84.1,29.7
"A1082","Los Angeles","Long Beach","https://www.californiahealthmaps.org?address=A1082","Both","Thyroid",313805,9.4,6.1,14.7,27185,"","","",54885,"","","",181100,9.5,5.1,22.5,43290,"","","",1,62761,0.0,24.1,30.8,9.0,20.9,14.3,53.4,14.3,64.9,57.5,79.3,23.2,84.1,29.7
"A1082","Los Angeles","Long Beach","https://www.californiahealthmaps.org?address=A1082","Both","Liver",313805,16.1,10.7,23.6,27185,"","","",54885,"","","",181100,22.4,12.2,41.0,43290,"","","",1,62761,0.0,24.1,30.8,9.0,20.9,14.3,53.4,14.3,64.9,57.5,79.3,23.2,84.1,29.7
"A1082","Los Angeles","Long Beach","https://www.californiahealthmaps.org?address=A1082","Both","Pancreas",313805,9.7,5.4,16.3,27185,"","","",54885,"","","",181100,"","","",43290,"","","",1,62761,0.0,24.1,30.8,9.0,20.9,14.3,53.4,14.3,64.9,57.5,79.3,23.2,84.1,29.7
