"Zone","Counties","Cities","URL","Sex","Cancer","PopTot","AAIR","LCI","UCI","White_PopTot","White_AAIR","White_LCI","White_UCI","Black_PopTot","Black_AAIR","Black_LCI","Black_UCI","Hispanic_PopTot","Hispanic_AAIR","Hispanic_LCI","Hispanic_UCI","Asian_PopTot","Asian_AAIR","Asian_LCI","Asian_UCI","QNSES","PopAll","PerRural","PerUninsured","PerForeignBorn","PerWhite","PerBlack","PerAsian","PerHispanic","PerAPI","PerDocvisit","PerFOBT","PerMammo","PerMenPrev","PerPap","PerWomenPrev"
"A0602","San Francisco","San Francisco","https://www.californiahealthmaps.org?address=A0602","Male","AllSite",151030,425.1,395.2,457.4,60445,480.7,431.6,537.4,"","","","","","","","",74190,378.5,339.5,422.2,5,62759,0.0,8.1,40.2,40.0,0.7,49.8,5.4,49.8,66.3,64.9,78.4,32.6,79.7,30.6
"A0602","San Francisco","San Francisco","https://www.californiahealthmaps.org?address=A0602","Female","AllSite",162765,408.9,381.7,438.4,59920,464.7,416.8,520.8,"","","","","","","","",86020,381.6,346.4,421.2,5,62759,0.0,8.1,40.2,40.0,0.7,49.8,5.4,49.8,66.3,64.9,78.4,32.6,79.7,30.6
"A0602","San Francisco","San Francisco","https://www.californiahealthmaps.org?address=A0602","Male","Prostate",151030,89.3,76.1,104.9,60445,101.6,79.8,131.8,"","","","","","","","",74190,71.9,56.3,92.5,5,62759,0.0,8.1,40.2,40.0,0.7,49.8,5.4,49.8,66.3,64.9,78.4,32.6,79.7,30.6
"A0602","San Francisco","San Francisco","https://www.californiahealthmaps.org?address=A0602","Female","Breast",162765,133.8,118.1,151.9,59920,135.8,109.8,170.9,"","","","","","","","",86020,132.8,112.2,158.2,5,62759,0.0,8.1,40.2,40.0,0.7,49.8,5.4,49.8,66.3,64.9,78.4,32.6,79.7,30.6
"A0602","San Francisco","San Francisco","https://www.californiahealthmaps.org?address=A0602","Male","Lung",151030,55.8,45.3,68.8,60445,45.1,31.0,68.4,"","","","","","","","",74190,65.3,49.9,85.8,5,62759,0.0,8.1,40.2,40.0,0.7,49.8,5.4,49.8,66.3,64.9,78.4,32.6,79.7,30.6
"A0602","San Francisco","San Francisco","https://www.californiahealthmaps.org?address=A0602","Female","Lung",162765,46.4,37.9,57.4,59920,50.6,36.4,74.5,"","","","","","","","",86020,47.3,35.7,63.9,5,62759,0.0,8.1,40.2,40.0,0.7,49.8,5.4,49.8,66.3,64.9,78.4,32.6,79.7,30.6
"A0602","San Francisco","San Francisco","https://www.californiahealthmaps.org?address=A0602","Male","CRC",151030,42.5,33.5,54.0,60445,47.8,33.4,71.2,"","","","","","","","",74190,39.4,27.5,56.6,5,62759,0.0,8.1,40.2,40.0,0.7,49.8,5.4,49.8,66.3,64.9,78.4,32.6,79.7,30.6
"A0602","San Francisco","San Francisco","https://www.californiahealthmaps.org?address=A0602","Female","CRC",162765,32.7,25.6,42.4,59920,37.5,24.8,60.5,"","","","","","","","",86020,29.8,21.0,43.8,5,62759,0.0,8.1,40.2,40.0,0.7,49.8,5.4,49.8,66.3,64.9,78.4,32.6,79.7,30.6
"A0602","San Francisco","San Francisco","https://www.californiahealthmaps.org?address=A0602","Male","Mela",151030,23.1,16.6,32.2,60445,49.7,34.8,73.6,"","","","","","","","",74190,"","","",5,62759,0.0,8.1,40.2,40.0,0.7,49.8,5.4,49.8,66.3,64.9,78.4,32.6,79.7,30.6
"A0602","San Francisco","San Francisco","https://www.californiahealthmaps.org?address=A0602","Female","Mela",162765,14.8,9.6,22.8,59920,39.0,24.4,64.4,"","","","","","","","",86020,"","","",5,62759,0.0,8.1,40.2,40.0,0.7,49.8,5.4,49.8,66.3,64.9,78.4,32.6,79.7,30.6
"A0602","San Francisco","San Francisco","https://www.californiahealthmaps.org?address=A0602","Female","Uterine",162765,33.3,26.0,43.2,59920,35.8,24.3,57.5,"","","","","","","","",86020,32.5,22.9,47.3,5,62759,0.0,8.1,40.2,40.0,0.7,49.8,5.4,49.8,66.3,64.9,78.4,32.6,79.7,30.6
"A0602","San Francisco","San Francisco","https://www.californiahealthmaps.org?address=A0602","Male","Lymph",151030,26.8,19.7,36.6,60445,32.2,20.0,54.0,"","","","","","","","",74190,24.8,15.6,39.5,5,62759,0.0,8.1,40.2,40.0,0.7,49.8,5.4,49.8,66.3,64.9,78.4,32.6,79.7,30.6
"A0602","San Francisco","San Francisco","https://www.californiahealthmaps.org?address=A0602","Female","Lymph",162765,18.5,13.4,26.1,59920,18.3,10.6,37.3,"","","","","","","","",86020,20.5,13.2,33.4,5,62759,0.0,8.1,40.2,40.0,0.7,49.8,5.4,49.8,66.3,64.9,78.4,32.6,79.7,30.6
"A0602","San Francisco","San Francisco","https://www.californiahealthmaps.org?address=A0602","Male","Urinary",151030,9.6,5.6,16.5,60445,"","","","","","","","","","","",74190,"","","",5,62759,0.0,8.1,40.2,40.0,0.7,49.8,5.4,49.8,66.3,64.9,78.4,32.6,79.7,30.6
"A0602","San Francisco","San Francisco","https://www.californiahealthmaps.org?address=A0602","Female","Urinary",162765,"","","",59920,"","","","","","","","","","","",86020,"","","",5,62759,0.0,8.1,40.2,40.0,0.7,49.8,5.4,49.8,66.3,64.9,78.4,32.6,79.7,30.6
"A0602","San Francisco","San Francisco","https://www.californiahealthmaps.org?address=A0602","Male","Kidney",151030,20.6,14.5,29.5,60445,34.1,22.1,55.5,"","","","","","","","",74190,"","","",5,62759,0.0,8.1,40.2,40.0,0.7,49.8,5.4,49.8,66.3,64.9,78.4,32.6,79.7,30.6
"A0602","San Francisco","San Francisco","https://www.californiahealthmaps.org?address=A0602","Female","Kidney",162765,6.3,3.6,12.0,59920,"","","","","","","","","","","",86020,"","","",5,62759,0.0,8.1,40.2,40.0,0.7,49.8,5.4,49.8,66.3,64.9,78.4,32.6,79.7,30.6
"A0602","San Francisco","San Francisco","https://www.californiahealthmaps.org?address=A0602","Male","Thyroid",151030,"","","",60445,"","","","","","","","","","","",74190,"","","",5,62759,0.0,8.1,40.2,40.0,0.7,49.8,5.4,49.8,66.3,64.9,78.4,32.6,79.7,30.6
"A0602","San Francisco","San Francisco","https://www.californiahealthmaps.org?address=A0602","Female","Thyroid",162765,17.9,12.2,26.3,59920,"","","","","","","","","","","",86020,20.1,12.0,34.0,5,62759,0.0,8.1,40.2,40.0,0.7,49.8,5.4,49.8,66.3,64.9,78.4,32.6,79.7,30.6
"A0602","San Francisco","San Francisco","https://www.californiahealthmaps.org?address=A0602","Male","Liver",151030,21.0,15.0,29.6,60445,"","","","","","","","","","","",74190,27.0,17.9,41.6,5,62759,0.0,8.1,40.2,40.0,0.7,49.8,5.4,49.8,66.3,64.9,78.4,32.6,79.7,30.6
"A0602","San Francisco","San Francisco","https://www.californiahealthmaps.org?address=A0602","Female","Liver",162765,10.1,6.2,16.9,59920,"","","","","","","","","","","",86020,14.0,7.8,26.1,5,62759,0.0,8.1,40.2,40.0,0.7,49.8,5.4,49.8,66.3,64.9,78.4,32.6,79.7,30.6
"A0602","San Francisco","San Francisco","https://www.californiahealthmaps.org?address=A0602","Male","Pancreas",151030,10.1,6.0,17.1,60445,"","","","","","","","","","","",74190,"","","",5,62759,0.0,8.1,40.2,40.0,0.7,49.8,5.4,49.8,66.3,64.9,78.4,32.6,79.7,30.6
"A0602","San Francisco","San Francisco","https://www.californiahealthmaps.org?address=A0602","Female","Pancreas",162765,9.5,5.9,16.0,59920,"","","","","","","","","","","",86020,"","","",5,62759,0.0,8.1,40.2,40.0,0.7,49.8,5.4,49.8,66.3,64.9,78.4,32.6,79.7,30.6
"A0602","San Francisco","San Francisco","https://www.californiahealthmaps.org?address=A0602","Both","AllSite",313795,413.0,393.0,434.1,120365,466.7,432.7,504.5,"","","","",18405,348.4,262.9,457.8,160210,379.5,353.2,408.1,5,62759,0.0,8.1,40.2,40.0,0.7,49.8,5.4,49.8,66.3,64.9,78.4,32.6,79.7,30.6
"A0602","San Francisco","San Francisco","https://www.californiahealthmaps.org?address=A0602","Both","Lung",313795,50.2,43.5,58.1,120365,47.2,37.1,61.7,"","","","",18405,"","","",160210,55.0,45.5,66.9,5,62759,0.0,8.1,40.2,40.0,0.7,49.8,5.4,49.8,66.3,64.9,78.4,32.6,79.7,30.6
"A0602","San Francisco","San Francisco","https://www.californiahealthmaps.org?address=A0602","Both","CRC",313795,37.4,31.6,44.3,120365,42.5,32.7,56.7,"","","","",18405,"","","",160210,34.3,26.9,44.2,5,62759,0.0,8.1,40.2,40.0,0.7,49.8,5.4,49.8,66.3,64.9,78.4,32.6,79.7,30.6
"A0602","San Francisco","San Francisco","https://www.californiahealthmaps.org?address=A0602","Both","Mela",313795,18.2,14.1,23.6,120365,42.8,32.3,57.7,"","","","",18405,"","","",160210,"","","",5,62759,0.0,8.1,40.2,40.0,0.7,49.8,5.4,49.8,66.3,64.9,78.4,32.6,79.7,30.6
"A0602","San Francisco","San Francisco","https://www.californiahealthmaps.org?address=A0602","Both","Lymph",313795,22.6,18.2,28.3,120365,25.2,17.8,37.2,"","","","",18405,"","","",160210,22.6,16.6,31.2,5,62759,0.0,8.1,40.2,40.0,0.7,49.8,5.4,49.8,66.3,64.9,78.4,32.6,79.7,30.6
"A0602","San Francisco","San Francisco","https://www.californiahealthmaps.org?address=A0602","Both","Urinary",313795,6.1,4.0,9.7,120365,"","","","","","","",18405,"","","",160210,"","","",5,62759,0.0,8.1,40.2,40.0,0.7,49.8,5.4,49.8,66.3,64.9,78.4,32.6,79.7,30.6
"A0602","San Francisco","San Francisco","https://www.californiahealthmaps.org?address=A0602","Both","Kidney",313795,12.7,9.4,17.2,120365,20.0,13.5,31.2,"","","","",18405,"","","",160210,7.8,4.6,13.8,5,62759,0.0,8.1,40.2,40.0,0.7,49.8,5.4,49.8,66.3,64.9,78.4,32.6,79.7,30.6
"A0602","San Francisco","San Francisco","https://www.californiahealthmaps.org?address=A0602","Both","Thyroid",313795,11.2,8.0,15.8,120365,10.4,5.7,20.4,"","","","",18405,"","","",160210,12.9,8.0,20.7,5,62759,0.0,8.1,40.2,40.0,0.7,49.8,5.4,49.8,66.3,64.9,78.4,32.6,79.7,30.6
"A0602","San Francisco","San Francisco","https://www.californiahealthmaps.org?address=A0602","Both","Liver",313795,15.1,11.5,19.9,120365,"","","","","","","",18405,"","","",160210,19.8,14.3,27.9,5,62759,0.0,8.1,40.2,40.0,0.7,49.8,5.4,49.8,66.3,64.9,78.4,32.6,79.7,30.6
"A0602","San Francisco","San Francisco","https://www.californiahealthmaps.org?address=A0602","Both","Pancreas",313795,9.8,6.9,13.9,120365,10.7,6.2,20.6,"","","","",18405,"","","",160210,8.6,5.2,14.8,5,62759,0.0,8.1,40.2,40.0,0.7,49.8,5.4,49.8,66.3,64.9,78.4,32.6,79.7,30.6
