"Zone","Counties","Cities","URL","Sex","Cancer","PopTot","AAIR","LCI","UCI","White_PopTot","White_AAIR","White_LCI","White_UCI","Black_PopTot","Black_AAIR","Black_LCI","Black_UCI","Hispanic_PopTot","Hispanic_AAIR","Hispanic_LCI","Hispanic_UCI","Asian_PopTot","Asian_AAIR","Asian_LCI","Asian_UCI","QNSES","PopAll","PerRural","PerUninsured","PerForeignBorn","PerWhite","PerBlack","PerAsian","PerHispanic","PerAPI","PerDocvisit","PerFOBT","PerMammo","PerMenPrev","PerPap","PerWomenPrev"
"A1008","Los Angeles","Lancaster","https://www.californiahealthmaps.org?address=A1008","Male","AllSite",151945,516.7,470.2,567.7,40840,505.7,442.3,577.4,31850,648.8,517.6,826.7,69980,469.9,379.8,582.1,"","","","",1,63468,0.0,18.8,13.4,26.3,22.4,4.3,44.6,4.3,65.1,56.9,79.0,23.8,85.3,29.3
"A1008","Los Angeles","Lancaster","https://www.californiahealthmaps.org?address=A1008","Female","AllSite",165395,460.0,423.7,498.9,43140,453.8,398.3,516.9,39570,552.9,461.6,660.1,71490,475.2,400.0,563.4,"","","","",1,63468,0.0,18.8,13.4,26.3,22.4,4.3,44.6,4.3,65.1,56.9,79.0,23.8,85.3,29.3
"A1008","Los Angeles","Lancaster","https://www.californiahealthmaps.org?address=A1008","Male","Prostate",151945,115.7,94.4,141.6,40840,73.1,51.1,103.8,31850,216.3,135.8,351.7,69980,145.6,95.4,220.4,"","","","",1,63468,0.0,18.8,13.4,26.3,22.4,4.3,44.6,4.3,65.1,56.9,79.0,23.8,85.3,29.3
"A1008","Los Angeles","Lancaster","https://www.californiahealthmaps.org?address=A1008","Female","Breast",165395,131.1,112.2,152.5,43140,121.5,94.3,156.6,39570,173.4,124.7,238.6,71490,136.9,99.5,187.8,"","","","",1,63468,0.0,18.8,13.4,26.3,22.4,4.3,44.6,4.3,65.1,56.9,79.0,23.8,85.3,29.3
"A1008","Los Angeles","Lancaster","https://www.californiahealthmaps.org?address=A1008","Male","Lung",151945,80.5,62.1,103.7,40840,83.4,58.5,117.2,31850,137.5,77.5,254.6,69980,"","","","","","","",1,63468,0.0,18.8,13.4,26.3,22.4,4.3,44.6,4.3,65.1,56.9,79.0,23.8,85.3,29.3
"A1008","Los Angeles","Lancaster","https://www.californiahealthmaps.org?address=A1008","Female","Lung",165395,65.5,51.8,81.9,43140,82.2,60.4,112.1,39570,95.0,57.0,151.7,71490,"","","","","","","",1,63468,0.0,18.8,13.4,26.3,22.4,4.3,44.6,4.3,65.1,56.9,79.0,23.8,85.3,29.3
"A1008","Los Angeles","Lancaster","https://www.californiahealthmaps.org?address=A1008","Male","CRC",151945,48.2,34.7,66.7,40840,53.6,34.3,82.1,31850,"","","",69980,"","","","","","","",1,63468,0.0,18.8,13.4,26.3,22.4,4.3,44.6,4.3,65.1,56.9,79.0,23.8,85.3,29.3
"A1008","Los Angeles","Lancaster","https://www.californiahealthmaps.org?address=A1008","Female","CRC",165395,37.5,27.5,50.3,43140,35.9,22.4,57.8,39570,"","","",71490,"","","","","","","",1,63468,0.0,18.8,13.4,26.3,22.4,4.3,44.6,4.3,65.1,56.9,79.0,23.8,85.3,29.3
"A1008","Los Angeles","Lancaster","https://www.californiahealthmaps.org?address=A1008","Male","Mela",151945,30.1,19.0,46.6,40840,49.7,31.0,77.6,31850,"","","",69980,"","","","","","","",1,63468,0.0,18.8,13.4,26.3,22.4,4.3,44.6,4.3,65.1,56.9,79.0,23.8,85.3,29.3
"A1008","Los Angeles","Lancaster","https://www.californiahealthmaps.org?address=A1008","Female","Mela",165395,"","","",43140,"","","",39570,"","","",71490,"","","","","","","",1,63468,0.0,18.8,13.4,26.3,22.4,4.3,44.6,4.3,65.1,56.9,79.0,23.8,85.3,29.3
"A1008","Los Angeles","Lancaster","https://www.californiahealthmaps.org?address=A1008","Female","Uterine",165395,26.1,18.3,36.6,43140,31.7,18.2,54.2,39570,"","","",71490,"","","","","","","",1,63468,0.0,18.8,13.4,26.3,22.4,4.3,44.6,4.3,65.1,56.9,79.0,23.8,85.3,29.3
"A1008","Los Angeles","Lancaster","https://www.californiahealthmaps.org?address=A1008","Male","Lymph",151945,23.9,14.5,38.5,40840,"","","",31850,"","","",69980,"","","","","","","",1,63468,0.0,18.8,13.4,26.3,22.4,4.3,44.6,4.3,65.1,56.9,79.0,23.8,85.3,29.3
"A1008","Los Angeles","Lancaster","https://www.californiahealthmaps.org?address=A1008","Female","Lymph",165395,13.2,7.6,21.7,43140,"","","",39570,"","","",71490,"","","","","","","",1,63468,0.0,18.8,13.4,26.3,22.4,4.3,44.6,4.3,65.1,56.9,79.0,23.8,85.3,29.3
"A1008","Los Angeles","Lancaster","https://www.californiahealthmaps.org?address=A1008","Male","Urinary",151945,25.3,15.3,40.7,40840,"","","",31850,"","","",69980,"","","","","","","",1,63468,0.0,18.8,13.4,26.3,22.4,4.3,44.6,4.3,65.1,56.9,79.0,23.8,85.3,29.3
"A1008","Los Angeles","Lancaster","https://www.californiahealthmaps.org?address=A1008","Female","Urinary",165395,"","","",43140,"","","",39570,"","","",71490,"","","","","","","",1,63468,0.0,18.8,13.4,26.3,22.4,4.3,44.6,4.3,65.1,56.9,79.0,23.8,85.3,29.3
"A1008","Los Angeles","Lancaster","https://www.californiahealthmaps.org?address=A1008","Male","Kidney",151945,21.8,13.7,34.8,40840,"","","",31850,"","","",69980,"","","","","","","",1,63468,0.0,18.8,13.4,26.3,22.4,4.3,44.6,4.3,65.1,56.9,79.0,23.8,85.3,29.3
"A1008","Los Angeles","Lancaster","https://www.californiahealthmaps.org?address=A1008","Female","Kidney",165395,10.6,5.9,18.0,43140,"","","",39570,"","","",71490,"","","","","","","",1,63468,0.0,18.8,13.4,26.3,22.4,4.3,44.6,4.3,65.1,56.9,79.0,23.8,85.3,29.3
"A1008","Los Angeles","Lancaster","https://www.californiahealthmaps.org?address=A1008","Male","Thyroid",151945,"","","",40840,"","","",31850,"","","",69980,"","","","","","","",1,63468,0.0,18.8,13.4,26.3,22.4,4.3,44.6,4.3,65.1,56.9,79.0,23.8,85.3,29.3
"A1008","Los Angeles","Lancaster","https://www.californiahealthmaps.org?address=A1008","Female","Thyroid",165395,16.3,10.6,24.5,43140,"","","",39570,"","","",71490,"","","","","","","",1,63468,0.0,18.8,13.4,26.3,22.4,4.3,44.6,4.3,65.1,56.9,79.0,23.8,85.3,29.3
"A1008","Los Angeles","Lancaster","https://www.californiahealthmaps.org?address=A1008","Male","Liver",151945,21.8,13.5,35.0,40840,"","","",31850,"","","",69980,"","","","","","","",1,63468,0.0,18.8,13.4,26.3,22.4,4.3,44.6,4.3,65.1,56.9,79.0,23.8,85.3,29.3
"A1008","Los Angeles","Lancaster","https://www.californiahealthmaps.org?address=A1008","Female","Liver",165395,"","","",43140,"","","",39570,"","","",71490,"","","","","","","",1,63468,0.0,18.8,13.4,26.3,22.4,4.3,44.6,4.3,65.1,56.9,79.0,23.8,85.3,29.3
"A1008","Los Angeles","Lancaster","https://www.californiahealthmaps.org?address=A1008","Male","Pancreas",151945,20.3,12.5,33.1,40840,"","","",31850,"","","",69980,"","","","","","","",1,63468,0.0,18.8,13.4,26.3,22.4,4.3,44.6,4.3,65.1,56.9,79.0,23.8,85.3,29.3
"A1008","Los Angeles","Lancaster","https://www.californiahealthmaps.org?address=A1008","Female","Pancreas",165395,17.6,10.9,27.1,43140,"","","",39570,"","","",71490,"","","","","","","",1,63468,0.0,18.8,13.4,26.3,22.4,4.3,44.6,4.3,65.1,56.9,79.0,23.8,85.3,29.3
"A1008","Los Angeles","Lancaster","https://www.californiahealthmaps.org?address=A1008","Both","AllSite",317340,479.6,451.1,509.6,83980,470.8,429.5,516.0,71420,585.7,511.8,670.6,141470,465.6,408.0,531.2,"","","","",1,63468,0.0,18.8,13.4,26.3,22.4,4.3,44.6,4.3,65.1,56.9,79.0,23.8,85.3,29.3
"A1008","Los Angeles","Lancaster","https://www.californiahealthmaps.org?address=A1008","Both","Lung",317340,71.1,60.0,83.8,83980,81.0,64.6,101.4,71420,110.5,78.0,155.6,141470,38.6,22.3,64.6,"","","","",1,63468,0.0,18.8,13.4,26.3,22.4,4.3,44.6,4.3,65.1,56.9,79.0,23.8,85.3,29.3
"A1008","Los Angeles","Lancaster","https://www.californiahealthmaps.org?address=A1008","Both","CRC",317340,41.9,33.6,51.8,83980,43.0,31.5,58.6,71420,41.5,24.7,71.0,141470,35.3,20.8,58.9,"","","","",1,63468,0.0,18.8,13.4,26.3,22.4,4.3,44.6,4.3,65.1,56.9,79.0,23.8,85.3,29.3
"A1008","Los Angeles","Lancaster","https://www.californiahealthmaps.org?address=A1008","Both","Mela",317340,16.4,11.4,23.0,83980,29.9,20.1,44.1,71420,"","","",141470,"","","","","","","",1,63468,0.0,18.8,13.4,26.3,22.4,4.3,44.6,4.3,65.1,56.9,79.0,23.8,85.3,29.3
"A1008","Los Angeles","Lancaster","https://www.californiahealthmaps.org?address=A1008","Both","Lymph",317340,17.5,12.3,24.3,83980,15.3,8.9,26.2,71420,"","","",141470,22.9,11.8,43.6,"","","","",1,63468,0.0,18.8,13.4,26.3,22.4,4.3,44.6,4.3,65.1,56.9,79.0,23.8,85.3,29.3
"A1008","Los Angeles","Lancaster","https://www.californiahealthmaps.org?address=A1008","Both","Urinary",317340,12.8,8.2,19.1,83980,14.8,8.4,25.7,71420,"","","",141470,"","","","","","","",1,63468,0.0,18.8,13.4,26.3,22.4,4.3,44.6,4.3,65.1,56.9,79.0,23.8,85.3,29.3
"A1008","Los Angeles","Lancaster","https://www.californiahealthmaps.org?address=A1008","Both","Kidney",317340,15.5,10.9,21.7,83980,14.9,8.1,26.3,71420,"","","",141470,"","","","","","","",1,63468,0.0,18.8,13.4,26.3,22.4,4.3,44.6,4.3,65.1,56.9,79.0,23.8,85.3,29.3
"A1008","Los Angeles","Lancaster","https://www.californiahealthmaps.org?address=A1008","Both","Thyroid",317340,9.6,6.4,14.3,83980,"","","",71420,"","","",141470,"","","","","","","",1,63468,0.0,18.8,13.4,26.3,22.4,4.3,44.6,4.3,65.1,56.9,79.0,23.8,85.3,29.3
"A1008","Los Angeles","Lancaster","https://www.californiahealthmaps.org?address=A1008","Both","Liver",317340,15.7,10.9,22.1,83980,"","","",71420,"","","",141470,"","","","","","","",1,63468,0.0,18.8,13.4,26.3,22.4,4.3,44.6,4.3,65.1,56.9,79.0,23.8,85.3,29.3
"A1008","Los Angeles","Lancaster","https://www.californiahealthmaps.org?address=A1008","Both","Pancreas",317340,19.3,13.8,26.3,83980,16.3,9.4,27.8,71420,"","","",141470,"","","","","","","",1,63468,0.0,18.8,13.4,26.3,22.4,4.3,44.6,4.3,65.1,56.9,79.0,23.8,85.3,29.3
