"Zone","Counties","Cities","URL","Sex","Cancer","PopTot","AAIR","LCI","UCI","White_PopTot","White_AAIR","White_LCI","White_UCI","Black_PopTot","Black_AAIR","Black_LCI","Black_UCI","Hispanic_PopTot","Hispanic_AAIR","Hispanic_LCI","Hispanic_UCI","Asian_PopTot","Asian_AAIR","Asian_LCI","Asian_UCI","QNSES","PopAll","PerRural","PerUninsured","PerForeignBorn","PerWhite","PerBlack","PerAsian","PerHispanic","PerAPI","PerDocvisit","PerFOBT","PerMammo","PerMenPrev","PerPap","PerWomenPrev"
"A0654","Kern","Bakersfield","https://www.californiahealthmaps.org?address=A0654","Male","AllSite",167600,482.5,442.0,526.2,71785,553.4,498.9,612.8,"","","","",83630,352.2,288.2,430.9,"","","","",1,67101,1.2,22.9,15.7,44.2,3.7,0.5,48.5,0.5,"","","","","",""
"A0654","Kern","Bakersfield","https://www.californiahealthmaps.org?address=A0654","Female","AllSite",167905,432.8,399.2,468.7,75180,448.4,404.2,497.0,"","","","",80440,407.7,348.9,475.6,"","","","",1,67101,1.2,22.9,15.7,44.2,3.7,0.5,48.5,0.5,"","","","","",""
"A0654","Kern","Bakersfield","https://www.californiahealthmaps.org?address=A0654","Male","Prostate",167600,80.7,64.5,100.2,71785,82.4,62.2,107.6,"","","","",83630,48.1,28.0,84.5,"","","","",1,67101,1.2,22.9,15.7,44.2,3.7,0.5,48.5,0.5,"","","","","",""
"A0654","Kern","Bakersfield","https://www.californiahealthmaps.org?address=A0654","Female","Breast",167905,104.7,88.5,123.1,75180,102.3,82.1,127.1,"","","","",80440,111.4,82.2,149.9,"","","","",1,67101,1.2,22.9,15.7,44.2,3.7,0.5,48.5,0.5,"","","","","",""
"A0654","Kern","Bakersfield","https://www.californiahealthmaps.org?address=A0654","Male","Lung",167600,90.7,72.7,112.0,71785,114.5,90.0,144.2,"","","","",83630,"","","","","","","",1,67101,1.2,22.9,15.7,44.2,3.7,0.5,48.5,0.5,"","","","","",""
"A0654","Kern","Bakersfield","https://www.californiahealthmaps.org?address=A0654","Female","Lung",167905,58.2,46.1,72.7,75180,70.3,53.8,91.3,"","","","",80440,"","","","","","","",1,67101,1.2,22.9,15.7,44.2,3.7,0.5,48.5,0.5,"","","","","",""
"A0654","Kern","Bakersfield","https://www.californiahealthmaps.org?address=A0654","Male","CRC",167600,41.0,30.1,55.2,71785,45.9,31.7,65.2,"","","","",83630,"","","","","","","",1,67101,1.2,22.9,15.7,44.2,3.7,0.5,48.5,0.5,"","","","","",""
"A0654","Kern","Bakersfield","https://www.californiahealthmaps.org?address=A0654","Female","CRC",167905,33.8,24.8,45.1,75180,35.0,23.7,51.0,"","","","",80440,28.8,15.7,51.9,"","","","",1,67101,1.2,22.9,15.7,44.2,3.7,0.5,48.5,0.5,"","","","","",""
"A0654","Kern","Bakersfield","https://www.californiahealthmaps.org?address=A0654","Male","Mela",167600,22.6,14.2,34.4,71785,35.6,22.4,54.3,"","","","",83630,"","","","","","","",1,67101,1.2,22.9,15.7,44.2,3.7,0.5,48.5,0.5,"","","","","",""
"A0654","Kern","Bakersfield","https://www.californiahealthmaps.org?address=A0654","Female","Mela",167905,18.1,11.8,26.9,75180,27.0,16.6,42.5,"","","","",80440,"","","","","","","",1,67101,1.2,22.9,15.7,44.2,3.7,0.5,48.5,0.5,"","","","","",""
"A0654","Kern","Bakersfield","https://www.californiahealthmaps.org?address=A0654","Female","Uterine",167905,30.4,22.1,41.0,75180,32.9,22.1,48.3,"","","","",80440,"","","","","","","",1,67101,1.2,22.9,15.7,44.2,3.7,0.5,48.5,0.5,"","","","","",""
"A0654","Kern","Bakersfield","https://www.californiahealthmaps.org?address=A0654","Male","Lymph",167600,24.9,16.8,36.2,71785,29.2,17.8,45.8,"","","","",83630,"","","","","","","",1,67101,1.2,22.9,15.7,44.2,3.7,0.5,48.5,0.5,"","","","","",""
"A0654","Kern","Bakersfield","https://www.californiahealthmaps.org?address=A0654","Female","Lymph",167905,17.7,11.4,26.6,75180,"","","","","","","",80440,"","","","","","","",1,67101,1.2,22.9,15.7,44.2,3.7,0.5,48.5,0.5,"","","","","",""
"A0654","Kern","Bakersfield","https://www.californiahealthmaps.org?address=A0654","Male","Urinary",167600,22.2,14.0,33.8,71785,31.9,20.0,49.0,"","","","",83630,"","","","","","","",1,67101,1.2,22.9,15.7,44.2,3.7,0.5,48.5,0.5,"","","","","",""
"A0654","Kern","Bakersfield","https://www.californiahealthmaps.org?address=A0654","Female","Urinary",167905,"","","",75180,"","","","","","","",80440,"","","","","","","",1,67101,1.2,22.9,15.7,44.2,3.7,0.5,48.5,0.5,"","","","","",""
"A0654","Kern","Bakersfield","https://www.californiahealthmaps.org?address=A0654","Male","Kidney",167600,31.4,21.9,44.2,71785,31.3,19.4,48.6,"","","","",83630,42.1,22.7,78.6,"","","","",1,67101,1.2,22.9,15.7,44.2,3.7,0.5,48.5,0.5,"","","","","",""
"A0654","Kern","Bakersfield","https://www.californiahealthmaps.org?address=A0654","Female","Kidney",167905,20.6,13.8,29.8,75180,17.5,9.6,30.4,"","","","",80440,"","","","","","","",1,67101,1.2,22.9,15.7,44.2,3.7,0.5,48.5,0.5,"","","","","",""
"A0654","Kern","Bakersfield","https://www.californiahealthmaps.org?address=A0654","Male","Thyroid",167600,"","","",71785,"","","","","","","",83630,"","","","","","","",1,67101,1.2,22.9,15.7,44.2,3.7,0.5,48.5,0.5,"","","","","",""
"A0654","Kern","Bakersfield","https://www.californiahealthmaps.org?address=A0654","Female","Thyroid",167905,20.7,14.2,29.5,75180,21.2,12.2,35.5,"","","","",80440,22.4,12.2,42.2,"","","","",1,67101,1.2,22.9,15.7,44.2,3.7,0.5,48.5,0.5,"","","","","",""
"A0654","Kern","Bakersfield","https://www.californiahealthmaps.org?address=A0654","Male","Liver",167600,17.5,11.2,26.9,71785,17.0,9.4,29.5,"","","","",83630,"","","","","","","",1,67101,1.2,22.9,15.7,44.2,3.7,0.5,48.5,0.5,"","","","","",""
"A0654","Kern","Bakersfield","https://www.californiahealthmaps.org?address=A0654","Female","Liver",167905,"","","",75180,"","","","","","","",80440,"","","","","","","",1,67101,1.2,22.9,15.7,44.2,3.7,0.5,48.5,0.5,"","","","","",""
"A0654","Kern","Bakersfield","https://www.californiahealthmaps.org?address=A0654","Male","Pancreas",167600,12.7,6.9,21.9,71785,"","","","","","","",83630,"","","","","","","",1,67101,1.2,22.9,15.7,44.2,3.7,0.5,48.5,0.5,"","","","","",""
"A0654","Kern","Bakersfield","https://www.californiahealthmaps.org?address=A0654","Female","Pancreas",167905,13.6,8.0,21.7,75180,"","","","","","","",80440,"","","","","","","",1,67101,1.2,22.9,15.7,44.2,3.7,0.5,48.5,0.5,"","","","","",""
"A0654","Kern","Bakersfield","https://www.californiahealthmaps.org?address=A0654","Both","AllSite",335505,449.3,423.7,476.2,146965,490.2,456.0,526.6,10590,429.3,285.0,639.6,164070,379.6,336.0,428.6,"","","","",1,67101,1.2,22.9,15.7,44.2,3.7,0.5,48.5,0.5,"","","","","",""
"A0654","Kern","Bakersfield","https://www.californiahealthmaps.org?address=A0654","Both","Lung",335505,71.4,61.0,83.1,146965,87.9,73.8,104.2,10590,"","","",164070,37.1,23.0,57.8,"","","","",1,67101,1.2,22.9,15.7,44.2,3.7,0.5,48.5,0.5,"","","","","",""
"A0654","Kern","Bakersfield","https://www.californiahealthmaps.org?address=A0654","Both","CRC",335505,37.0,29.9,45.4,146965,39.9,30.8,51.3,10590,"","","",164070,27.3,17.5,42.9,"","","","",1,67101,1.2,22.9,15.7,44.2,3.7,0.5,48.5,0.5,"","","","","",""
"A0654","Kern","Bakersfield","https://www.californiahealthmaps.org?address=A0654","Both","Mela",335505,19.8,14.6,26.3,146965,30.0,21.8,40.7,10590,"","","",164070,"","","","","","","",1,67101,1.2,22.9,15.7,44.2,3.7,0.5,48.5,0.5,"","","","","",""
"A0654","Kern","Bakersfield","https://www.californiahealthmaps.org?address=A0654","Both","Lymph",335505,21.2,16.0,27.7,146965,22.5,15.5,32.0,10590,"","","",164070,23.2,13.6,39.0,"","","","",1,67101,1.2,22.9,15.7,44.2,3.7,0.5,48.5,0.5,"","","","","",""
"A0654","Kern","Bakersfield","https://www.californiahealthmaps.org?address=A0654","Both","Urinary",335505,13.2,9.0,18.7,146965,18.1,12.2,26.4,10590,"","","",164070,"","","","","","","",1,67101,1.2,22.9,15.7,44.2,3.7,0.5,48.5,0.5,"","","","","",""
"A0654","Kern","Bakersfield","https://www.californiahealthmaps.org?address=A0654","Both","Kidney",335505,25.2,19.5,32.2,146965,23.6,16.5,33.1,10590,"","","",164070,33.7,21.9,51.4,"","","","",1,67101,1.2,22.9,15.7,44.2,3.7,0.5,48.5,0.5,"","","","","",""
"A0654","Kern","Bakersfield","https://www.californiahealthmaps.org?address=A0654","Both","Thyroid",335505,13.6,9.7,18.7,146965,14.6,9.1,22.5,10590,"","","",164070,14.8,8.3,27.2,"","","","",1,67101,1.2,22.9,15.7,44.2,3.7,0.5,48.5,0.5,"","","","","",""
"A0654","Kern","Bakersfield","https://www.californiahealthmaps.org?address=A0654","Both","Liver",335505,12.9,9.0,18.0,146965,10.5,6.3,17.1,10590,"","","",164070,15.0,8.0,28.1,"","","","",1,67101,1.2,22.9,15.7,44.2,3.7,0.5,48.5,0.5,"","","","","",""
"A0654","Kern","Bakersfield","https://www.californiahealthmaps.org?address=A0654","Both","Pancreas",335505,13.4,9.1,19.1,146965,14.0,8.7,21.7,10590,"","","",164070,"","","","","","","",1,67101,1.2,22.9,15.7,44.2,3.7,0.5,48.5,0.5,"","","","","",""
