"Zone","Counties","Cities","URL","Sex","Cancer","PopTot","AAIR","LCI","UCI","White_PopTot","White_AAIR","White_LCI","White_UCI","Black_PopTot","Black_AAIR","Black_LCI","Black_UCI","Hispanic_PopTot","Hispanic_AAIR","Hispanic_LCI","Hispanic_UCI","Asian_PopTot","Asian_AAIR","Asian_LCI","Asian_UCI","QNSES","PopAll","PerRural","PerUninsured","PerForeignBorn","PerWhite","PerBlack","PerAsian","PerHispanic","PerAPI","PerDocvisit","PerFOBT","PerMammo","PerMenPrev","PerPap","PerWomenPrev"
"A0750","Tulare","Porterville","https://www.californiahealthmaps.org?address=A0750","Male","AllSite",183105,459.7,422.9,499.2,49595,523.4,468.7,584.5,"","","","",120955,374.6,320.5,436.6,"","","","",1,73208,22.8,23.3,23.4,26.0,0.5,3.6,66.9,3.6,"","","","","",""
"A0750","Tulare","Porterville","https://www.californiahealthmaps.org?address=A0750","Female","AllSite",182935,395.3,364.6,428.1,53480,385.7,341.3,436.4,"","","","",116670,400.7,350.5,457.9,"","","","",1,73208,22.8,23.3,23.4,26.0,0.5,3.6,66.9,3.6,"","","","","",""
"A0750","Tulare","Porterville","https://www.californiahealthmaps.org?address=A0750","Male","Prostate",183105,133.7,114.1,155.9,49595,129.6,104.4,161.2,"","","","",120955,128.3,96.5,168.5,"","","","",1,73208,22.8,23.3,23.4,26.0,0.5,3.6,66.9,3.6,"","","","","",""
"A0750","Tulare","Porterville","https://www.californiahealthmaps.org?address=A0750","Female","Breast",182935,102.6,87.2,120.0,53480,101.1,79.2,129.6,"","","","",116670,99.9,76.6,130.2,"","","","",1,73208,22.8,23.3,23.4,26.0,0.5,3.6,66.9,3.6,"","","","","",""
"A0750","Tulare","Porterville","https://www.californiahealthmaps.org?address=A0750","Male","Lung",183105,56.0,43.5,71.2,49595,73.9,54.7,100.0,"","","","",120955,34.8,18.8,60.3,"","","","",1,73208,22.8,23.3,23.4,26.0,0.5,3.6,66.9,3.6,"","","","","",""
"A0750","Tulare","Porterville","https://www.californiahealthmaps.org?address=A0750","Female","Lung",182935,34.4,25.6,45.4,53480,40.5,28.1,59.7,"","","","",116670,"","","","","","","",1,73208,22.8,23.3,23.4,26.0,0.5,3.6,66.9,3.6,"","","","","",""
"A0750","Tulare","Porterville","https://www.californiahealthmaps.org?address=A0750","Male","CRC",183105,38.2,28.2,51.0,49595,41.6,27.6,62.7,"","","","",120955,30.8,18.2,51.7,"","","","",1,73208,22.8,23.3,23.4,26.0,0.5,3.6,66.9,3.6,"","","","","",""
"A0750","Tulare","Porterville","https://www.californiahealthmaps.org?address=A0750","Female","CRC",182935,37.8,28.7,49.0,53480,40.1,27.2,60.0,"","","","",116670,40.8,24.5,65.6,"","","","",1,73208,22.8,23.3,23.4,26.0,0.5,3.6,66.9,3.6,"","","","","",""
"A0750","Tulare","Porterville","https://www.californiahealthmaps.org?address=A0750","Male","Mela",183105,17.3,10.4,27.2,49595,32.2,19.4,52.6,"","","","",120955,"","","","","","","",1,73208,22.8,23.3,23.4,26.0,0.5,3.6,66.9,3.6,"","","","","",""
"A0750","Tulare","Porterville","https://www.californiahealthmaps.org?address=A0750","Female","Mela",182935,12.7,7.7,19.8,53480,"","","","","","","",116670,"","","","","","","",1,73208,22.8,23.3,23.4,26.0,0.5,3.6,66.9,3.6,"","","","","",""
"A0750","Tulare","Porterville","https://www.californiahealthmaps.org?address=A0750","Female","Uterine",182935,25.9,18.5,35.3,53480,24.2,14.2,41.4,"","","","",116670,25.8,14.6,44.8,"","","","",1,73208,22.8,23.3,23.4,26.0,0.5,3.6,66.9,3.6,"","","","","",""
"A0750","Tulare","Porterville","https://www.californiahealthmaps.org?address=A0750","Male","Lymph",183105,21.5,14.2,31.5,49595,25.9,14.5,45.2,"","","","",120955,"","","","","","","",1,73208,22.8,23.3,23.4,26.0,0.5,3.6,66.9,3.6,"","","","","",""
"A0750","Tulare","Porterville","https://www.californiahealthmaps.org?address=A0750","Female","Lymph",182935,17.9,11.9,25.9,53480,"","","","","","","",116670,"","","","","","","",1,73208,22.8,23.3,23.4,26.0,0.5,3.6,66.9,3.6,"","","","","",""
"A0750","Tulare","Porterville","https://www.californiahealthmaps.org?address=A0750","Male","Urinary",183105,19.3,12.1,29.5,49595,22.2,12.3,39.6,"","","","",120955,"","","","","","","",1,73208,22.8,23.3,23.4,26.0,0.5,3.6,66.9,3.6,"","","","","",""
"A0750","Tulare","Porterville","https://www.californiahealthmaps.org?address=A0750","Female","Urinary",182935,"","","",53480,"","","","","","","",116670,"","","","","","","",1,73208,22.8,23.3,23.4,26.0,0.5,3.6,66.9,3.6,"","","","","",""
"A0750","Tulare","Porterville","https://www.californiahealthmaps.org?address=A0750","Male","Kidney",183105,26.5,18.4,37.2,49595,21.2,11.3,38.9,"","","","",120955,37.9,22.2,62.4,"","","","",1,73208,22.8,23.3,23.4,26.0,0.5,3.6,66.9,3.6,"","","","","",""
"A0750","Tulare","Porterville","https://www.californiahealthmaps.org?address=A0750","Female","Kidney",182935,10.6,6.1,17.2,53480,"","","","","","","",116670,"","","","","","","",1,73208,22.8,23.3,23.4,26.0,0.5,3.6,66.9,3.6,"","","","","",""
"A0750","Tulare","Porterville","https://www.californiahealthmaps.org?address=A0750","Male","Thyroid",183105,"","","",49595,"","","","","","","",120955,"","","","","","","",1,73208,22.8,23.3,23.4,26.0,0.5,3.6,66.9,3.6,"","","","","",""
"A0750","Tulare","Porterville","https://www.californiahealthmaps.org?address=A0750","Female","Thyroid",182935,23.1,16.3,31.9,53480,"","","","","","","",116670,23.7,13.8,41.3,"","","","",1,73208,22.8,23.3,23.4,26.0,0.5,3.6,66.9,3.6,"","","","","",""
"A0750","Tulare","Porterville","https://www.californiahealthmaps.org?address=A0750","Male","Liver",183105,14.1,8.6,22.4,49595,"","","","","","","",120955,"","","","","","","",1,73208,22.8,23.3,23.4,26.0,0.5,3.6,66.9,3.6,"","","","","",""
"A0750","Tulare","Porterville","https://www.californiahealthmaps.org?address=A0750","Female","Liver",182935,"","","",53480,"","","","","","","",116670,"","","","","","","",1,73208,22.8,23.3,23.4,26.0,0.5,3.6,66.9,3.6,"","","","","",""
"A0750","Tulare","Porterville","https://www.californiahealthmaps.org?address=A0750","Male","Pancreas",183105,13.4,7.8,21.8,49595,"","","","","","","",120955,"","","","","","","",1,73208,22.8,23.3,23.4,26.0,0.5,3.6,66.9,3.6,"","","","","",""
"A0750","Tulare","Porterville","https://www.californiahealthmaps.org?address=A0750","Female","Pancreas",182935,12.7,7.6,20.0,53480,"","","","","","","",116670,"","","","","","","",1,73208,22.8,23.3,23.4,26.0,0.5,3.6,66.9,3.6,"","","","","",""
"A0750","Tulare","Porterville","https://www.californiahealthmaps.org?address=A0750","Both","AllSite",366040,419.9,396.4,444.5,103075,442.6,408.2,480.0,"","","","",237625,384.0,347.1,424.5,11605,347.4,246.4,482.4,1,73208,22.8,23.3,23.4,26.0,0.5,3.6,66.9,3.6,"","","","","",""
"A0750","Tulare","Porterville","https://www.californiahealthmaps.org?address=A0750","Both","Lung",366040,43.9,36.5,52.6,103075,55.7,44.4,70.2,"","","","",237625,26.8,17.4,40.3,11605,"","","",1,73208,22.8,23.3,23.4,26.0,0.5,3.6,66.9,3.6,"","","","","",""
"A0750","Tulare","Porterville","https://www.californiahealthmaps.org?address=A0750","Both","CRC",366040,38.2,31.3,46.3,103075,40.4,30.8,53.2,"","","","",237625,36.8,25.7,51.9,11605,"","","",1,73208,22.8,23.3,23.4,26.0,0.5,3.6,66.9,3.6,"","","","","",""
"A0750","Tulare","Porterville","https://www.californiahealthmaps.org?address=A0750","Both","Mela",366040,14.3,10.2,19.7,103075,21.9,14.7,32.7,"","","","",237625,"","","",11605,"","","",1,73208,22.8,23.3,23.4,26.0,0.5,3.6,66.9,3.6,"","","","","",""
"A0750","Tulare","Porterville","https://www.californiahealthmaps.org?address=A0750","Both","Lymph",366040,19.5,14.7,25.5,103075,20.3,13.4,30.8,"","","","",237625,18.5,11.3,29.8,11605,"","","",1,73208,22.8,23.3,23.4,26.0,0.5,3.6,66.9,3.6,"","","","","",""
"A0750","Tulare","Porterville","https://www.californiahealthmaps.org?address=A0750","Both","Urinary",366040,10.0,6.6,14.7,103075,10.9,6.3,19.1,"","","","",237625,"","","",11605,"","","",1,73208,22.8,23.3,23.4,26.0,0.5,3.6,66.9,3.6,"","","","","",""
"A0750","Tulare","Porterville","https://www.californiahealthmaps.org?address=A0750","Both","Kidney",366040,18.0,13.4,23.7,103075,13.5,7.9,22.7,"","","","",237625,27.1,18.0,40.2,11605,"","","",1,73208,22.8,23.3,23.4,26.0,0.5,3.6,66.9,3.6,"","","","","",""
"A0750","Tulare","Porterville","https://www.californiahealthmaps.org?address=A0750","Both","Thyroid",366040,13.6,9.8,18.5,103075,"","","","","","","",237625,15.2,9.1,25.4,11605,"","","",1,73208,22.8,23.3,23.4,26.0,0.5,3.6,66.9,3.6,"","","","","",""
"A0750","Tulare","Porterville","https://www.californiahealthmaps.org?address=A0750","Both","Liver",366040,9.4,6.2,13.7,103075,"","","","","","","",237625,"","","",11605,"","","",1,73208,22.8,23.3,23.4,26.0,0.5,3.6,66.9,3.6,"","","","","",""
"A0750","Tulare","Porterville","https://www.californiahealthmaps.org?address=A0750","Both","Pancreas",366040,13.1,9.2,18.3,103075,13.3,8.0,22.3,"","","","",237625,13.5,7.2,24.1,11605,"","","",1,73208,22.8,23.3,23.4,26.0,0.5,3.6,66.9,3.6,"","","","","",""
