"Zone","Counties","Cities","URL","Sex","Cancer","PopTot","AAIR","LCI","UCI","White_PopTot","White_AAIR","White_LCI","White_UCI","Black_PopTot","Black_AAIR","Black_LCI","Black_UCI","Hispanic_PopTot","Hispanic_AAIR","Hispanic_LCI","Hispanic_UCI","Asian_PopTot","Asian_AAIR","Asian_LCI","Asian_UCI","QNSES","PopAll","PerRural","PerUninsured","PerForeignBorn","PerWhite","PerBlack","PerAsian","PerHispanic","PerAPI","PerDocvisit","PerFOBT","PerMammo","PerMenPrev","PerPap","PerWomenPrev"
"A1119","Sacramento","Sacramento","https://www.californiahealthmaps.org?address=A1119","Male","AllSite",148730,508.5,460.3,561.0,34760,630.6,544.9,727.9,22130,581.8,455.8,742.0,64000,391.3,315.6,481.9,20905,326.2,224.1,464.4,1,60573,0.0,18.4,24.3,22.8,13.5,13.6,44.1,13.6,62.8,69.4,80.4,29.2,81.4,27.3
"A1119","Sacramento","Sacramento","https://www.californiahealthmaps.org?address=A1119","Female","AllSite",154135,481.4,440.2,525.8,35540,562.8,490.9,645.2,25640,571.6,461.9,704.0,62590,408.5,335.7,495.0,22275,385.0,289.9,504.7,1,60573,0.0,18.4,24.3,22.8,13.5,13.6,44.1,13.6,62.8,69.4,80.4,29.2,81.4,27.3
"A1119","Sacramento","Sacramento","https://www.californiahealthmaps.org?address=A1119","Male","Prostate",148730,101.9,80.9,127.3,34760,100.2,67.8,145.0,22130,181.8,116.1,284.1,64000,77.2,45.1,125.6,20905,"","","",1,60573,0.0,18.4,24.3,22.8,13.5,13.6,44.1,13.6,62.8,69.4,80.4,29.2,81.4,27.3
"A1119","Sacramento","Sacramento","https://www.californiahealthmaps.org?address=A1119","Female","Breast",154135,138.4,117.0,163.0,35540,186.7,146.7,237.6,25640,164.6,108.4,245.0,62590,88.0,57.1,133.4,22275,93.8,51.4,162.1,1,60573,0.0,18.4,24.3,22.8,13.5,13.6,44.1,13.6,62.8,69.4,80.4,29.2,81.4,27.3
"A1119","Sacramento","Sacramento","https://www.californiahealthmaps.org?address=A1119","Male","Lung",148730,69.2,51.4,91.7,34760,103.8,68.8,152.1,22130,"","","",64000,"","","",20905,"","","",1,60573,0.0,18.4,24.3,22.8,13.5,13.6,44.1,13.6,62.8,69.4,80.4,29.2,81.4,27.3
"A1119","Sacramento","Sacramento","https://www.californiahealthmaps.org?address=A1119","Female","Lung",154135,55.0,41.2,72.4,35540,75.5,49.9,112.9,25640,"","","",62590,"","","",22275,"","","",1,60573,0.0,18.4,24.3,22.8,13.5,13.6,44.1,13.6,62.8,69.4,80.4,29.2,81.4,27.3
"A1119","Sacramento","Sacramento","https://www.californiahealthmaps.org?address=A1119","Male","CRC",148730,52.7,38.6,71.3,34760,55.4,32.8,90.7,22130,"","","",64000,66.3,37.4,111.4,20905,"","","",1,60573,0.0,18.4,24.3,22.8,13.5,13.6,44.1,13.6,62.8,69.4,80.4,29.2,81.4,27.3
"A1119","Sacramento","Sacramento","https://www.californiahealthmaps.org?address=A1119","Female","CRC",154135,47.3,34.5,63.7,35540,52.3,30.9,86.2,25640,"","","",62590,"","","",22275,"","","",1,60573,0.0,18.4,24.3,22.8,13.5,13.6,44.1,13.6,62.8,69.4,80.4,29.2,81.4,27.3
"A1119","Sacramento","Sacramento","https://www.californiahealthmaps.org?address=A1119","Male","Mela",148730,"","","",34760,"","","",22130,"","","",64000,"","","",20905,"","","",1,60573,0.0,18.4,24.3,22.8,13.5,13.6,44.1,13.6,62.8,69.4,80.4,29.2,81.4,27.3
"A1119","Sacramento","Sacramento","https://www.californiahealthmaps.org?address=A1119","Female","Mela",154135,"","","",35540,"","","",25640,"","","",62590,"","","",22275,"","","",1,60573,0.0,18.4,24.3,22.8,13.5,13.6,44.1,13.6,62.8,69.4,80.4,29.2,81.4,27.3
"A1119","Sacramento","Sacramento","https://www.californiahealthmaps.org?address=A1119","Female","Uterine",154135,42.3,31.2,56.8,35540,52.2,32.8,83.2,25640,"","","",62590,"","","",22275,"","","",1,60573,0.0,18.4,24.3,22.8,13.5,13.6,44.1,13.6,62.8,69.4,80.4,29.2,81.4,27.3
"A1119","Sacramento","Sacramento","https://www.californiahealthmaps.org?address=A1119","Male","Lymph",148730,26.3,16.6,40.8,34760,"","","",22130,"","","",64000,"","","",20905,"","","",1,60573,0.0,18.4,24.3,22.8,13.5,13.6,44.1,13.6,62.8,69.4,80.4,29.2,81.4,27.3
"A1119","Sacramento","Sacramento","https://www.californiahealthmaps.org?address=A1119","Female","Lymph",154135,19.7,12.0,31.0,35540,"","","",25640,"","","",62590,"","","",22275,"","","",1,60573,0.0,18.4,24.3,22.8,13.5,13.6,44.1,13.6,62.8,69.4,80.4,29.2,81.4,27.3
"A1119","Sacramento","Sacramento","https://www.californiahealthmaps.org?address=A1119","Male","Urinary",148730,"","","",34760,"","","",22130,"","","",64000,"","","",20905,"","","",1,60573,0.0,18.4,24.3,22.8,13.5,13.6,44.1,13.6,62.8,69.4,80.4,29.2,81.4,27.3
"A1119","Sacramento","Sacramento","https://www.californiahealthmaps.org?address=A1119","Female","Urinary",154135,"","","",35540,"","","",25640,"","","",62590,"","","",22275,"","","",1,60573,0.0,18.4,24.3,22.8,13.5,13.6,44.1,13.6,62.8,69.4,80.4,29.2,81.4,27.3
"A1119","Sacramento","Sacramento","https://www.californiahealthmaps.org?address=A1119","Male","Kidney",148730,32.6,21.5,48.5,34760,"","","",22130,"","","",64000,"","","",20905,"","","",1,60573,0.0,18.4,24.3,22.8,13.5,13.6,44.1,13.6,62.8,69.4,80.4,29.2,81.4,27.3
"A1119","Sacramento","Sacramento","https://www.californiahealthmaps.org?address=A1119","Female","Kidney",154135,17.3,10.1,28.1,35540,"","","",25640,"","","",62590,"","","",22275,"","","",1,60573,0.0,18.4,24.3,22.8,13.5,13.6,44.1,13.6,62.8,69.4,80.4,29.2,81.4,27.3
"A1119","Sacramento","Sacramento","https://www.californiahealthmaps.org?address=A1119","Male","Thyroid",148730,"","","",34760,"","","",22130,"","","",64000,"","","",20905,"","","",1,60573,0.0,18.4,24.3,22.8,13.5,13.6,44.1,13.6,62.8,69.4,80.4,29.2,81.4,27.3
"A1119","Sacramento","Sacramento","https://www.californiahealthmaps.org?address=A1119","Female","Thyroid",154135,15.9,9.7,25.4,35540,"","","",25640,"","","",62590,"","","",22275,"","","",1,60573,0.0,18.4,24.3,22.8,13.5,13.6,44.1,13.6,62.8,69.4,80.4,29.2,81.4,27.3
"A1119","Sacramento","Sacramento","https://www.californiahealthmaps.org?address=A1119","Male","Liver",148730,31.1,20.2,46.7,34760,"","","",22130,"","","",64000,"","","",20905,"","","",1,60573,0.0,18.4,24.3,22.8,13.5,13.6,44.1,13.6,62.8,69.4,80.4,29.2,81.4,27.3
"A1119","Sacramento","Sacramento","https://www.californiahealthmaps.org?address=A1119","Female","Liver",154135,"","","",35540,"","","",25640,"","","",62590,"","","",22275,"","","",1,60573,0.0,18.4,24.3,22.8,13.5,13.6,44.1,13.6,62.8,69.4,80.4,29.2,81.4,27.3
"A1119","Sacramento","Sacramento","https://www.californiahealthmaps.org?address=A1119","Male","Pancreas",148730,19.6,10.5,33.9,34760,"","","",22130,"","","",64000,"","","",20905,"","","",1,60573,0.0,18.4,24.3,22.8,13.5,13.6,44.1,13.6,62.8,69.4,80.4,29.2,81.4,27.3
"A1119","Sacramento","Sacramento","https://www.californiahealthmaps.org?address=A1119","Female","Pancreas",154135,15.4,8.7,25.9,35540,"","","",25640,"","","",62590,"","","",22275,"","","",1,60573,0.0,18.4,24.3,22.8,13.5,13.6,44.1,13.6,62.8,69.4,80.4,29.2,81.4,27.3
"A1119","Sacramento","Sacramento","https://www.californiahealthmaps.org?address=A1119","Both","AllSite",302865,491.0,459.7,524.1,70300,582.8,528.3,642.6,47770,580.8,496.1,678.8,126590,399.9,346.7,460.0,43180,355.4,284.9,440.1,1,60573,0.0,18.4,24.3,22.8,13.5,13.6,44.1,13.6,62.8,69.4,80.4,29.2,81.4,27.3
"A1119","Sacramento","Sacramento","https://www.californiahealthmaps.org?address=A1119","Both","Lung",302865,60.9,49.8,74.0,70300,85.3,64.4,112.2,47770,80.2,50.5,124.7,126590,"","","",43180,"","","",1,60573,0.0,18.4,24.3,22.8,13.5,13.6,44.1,13.6,62.8,69.4,80.4,29.2,81.4,27.3
"A1119","Sacramento","Sacramento","https://www.californiahealthmaps.org?address=A1119","Both","CRC",302865,50.3,40.5,62.0,70300,52.8,37.0,74.6,47770,61.3,37.1,100.0,126590,56.3,37.1,83.1,43180,"","","",1,60573,0.0,18.4,24.3,22.8,13.5,13.6,44.1,13.6,62.8,69.4,80.4,29.2,81.4,27.3
"A1119","Sacramento","Sacramento","https://www.californiahealthmaps.org?address=A1119","Both","Mela",302865,8.2,4.9,13.4,70300,18.6,10.4,32.9,47770,"","","",126590,"","","",43180,"","","",1,60573,0.0,18.4,24.3,22.8,13.5,13.6,44.1,13.6,62.8,69.4,80.4,29.2,81.4,27.3
"A1119","Sacramento","Sacramento","https://www.californiahealthmaps.org?address=A1119","Both","Lymph",302865,22.7,16.4,30.9,70300,19.2,10.4,34.2,47770,"","","",126590,"","","",43180,"","","",1,60573,0.0,18.4,24.3,22.8,13.5,13.6,44.1,13.6,62.8,69.4,80.4,29.2,81.4,27.3
"A1119","Sacramento","Sacramento","https://www.californiahealthmaps.org?address=A1119","Both","Urinary",302865,10.7,6.2,17.3,70300,"","","",47770,"","","",126590,"","","",43180,"","","",1,60573,0.0,18.4,24.3,22.8,13.5,13.6,44.1,13.6,62.8,69.4,80.4,29.2,81.4,27.3
"A1119","Sacramento","Sacramento","https://www.californiahealthmaps.org?address=A1119","Both","Kidney",302865,24.1,17.6,32.6,70300,31.3,19.5,49.3,47770,"","","",126590,26.5,15.1,45.4,43180,"","","",1,60573,0.0,18.4,24.3,22.8,13.5,13.6,44.1,13.6,62.8,69.4,80.4,29.2,81.4,27.3
"A1119","Sacramento","Sacramento","https://www.californiahealthmaps.org?address=A1119","Both","Thyroid",302865,11.3,7.3,17.1,70300,"","","",47770,"","","",126590,"","","",43180,"","","",1,60573,0.0,18.4,24.3,22.8,13.5,13.6,44.1,13.6,62.8,69.4,80.4,29.2,81.4,27.3
"A1119","Sacramento","Sacramento","https://www.californiahealthmaps.org?address=A1119","Both","Liver",302865,18.0,12.5,25.5,70300,"","","",47770,"","","",126590,"","","",43180,"","","",1,60573,0.0,18.4,24.3,22.8,13.5,13.6,44.1,13.6,62.8,69.4,80.4,29.2,81.4,27.3
"A1119","Sacramento","Sacramento","https://www.californiahealthmaps.org?address=A1119","Both","Pancreas",302865,16.9,11.3,24.6,70300,20.2,10.9,35.7,47770,"","","",126590,"","","",43180,"","","",1,60573,0.0,18.4,24.3,22.8,13.5,13.6,44.1,13.6,62.8,69.4,80.4,29.2,81.4,27.3
