"Zone","Counties","Cities","URL","Sex","Cancer","PopTot","AAIR","LCI","UCI","White_PopTot","White_AAIR","White_LCI","White_UCI","Black_PopTot","Black_AAIR","Black_LCI","Black_UCI","Hispanic_PopTot","Hispanic_AAIR","Hispanic_LCI","Hispanic_UCI","Asian_PopTot","Asian_AAIR","Asian_LCI","Asian_UCI","QNSES","PopAll","PerRural","PerUninsured","PerForeignBorn","PerWhite","PerBlack","PerAsian","PerHispanic","PerAPI","PerDocvisit","PerFOBT","PerMammo","PerMenPrev","PerPap","PerWomenPrev"
"A0985","Los Angeles","Azusa, Duarte, Glendora","https://www.californiahealthmaps.org?address=A0985","Male","AllSite",146380,488.3,445.5,534.6,32265,528.8,457.0,614.1,"","","","",95855,464.1,401.1,535.5,11850,400.2,292.9,541.6,3,59682,0.2,21.9,31.9,24.2,2.8,8.7,62.4,8.7,"","","","","",""
"A0985","Los Angeles","Azusa, Duarte, Glendora","https://www.californiahealthmaps.org?address=A0985","Female","AllSite",152030,396.6,363.2,432.4,35340,365.6,310.9,433.3,"","","","",96885,403.1,355.5,456.4,12840,445.3,339.3,586.4,3,59682,0.2,21.9,31.9,24.2,2.8,8.7,62.4,8.7,"","","","","",""
"A0985","Los Angeles","Azusa, Duarte, Glendora","https://www.californiahealthmaps.org?address=A0985","Male","Prostate",146380,134.4,112.7,159.6,32265,131.4,98.3,179.2,"","","","",95855,147.6,112.8,191.3,11850,"","","",3,59682,0.2,21.9,31.9,24.2,2.8,8.7,62.4,8.7,"","","","","",""
"A0985","Los Angeles","Azusa, Duarte, Glendora","https://www.californiahealthmaps.org?address=A0985","Female","Breast",152030,115.4,98.1,135.3,35340,114.1,86.1,156.3,"","","","",96885,109.4,85.6,139.1,12840,129.1,78.8,217.2,3,59682,0.2,21.9,31.9,24.2,2.8,8.7,62.4,8.7,"","","","","",""
"A0985","Los Angeles","Azusa, Duarte, Glendora","https://www.californiahealthmaps.org?address=A0985","Male","Lung",146380,45.8,32.9,62.5,32265,56.2,35.2,93.4,"","","","",95855,"","","",11850,"","","",3,59682,0.2,21.9,31.9,24.2,2.8,8.7,62.4,8.7,"","","","","",""
"A0985","Los Angeles","Azusa, Duarte, Glendora","https://www.californiahealthmaps.org?address=A0985","Female","Lung",152030,29.8,20.9,41.4,35340,38.4,23.0,70.0,"","","","",96885,"","","",12840,"","","",3,59682,0.2,21.9,31.9,24.2,2.8,8.7,62.4,8.7,"","","","","",""
"A0985","Los Angeles","Azusa, Duarte, Glendora","https://www.californiahealthmaps.org?address=A0985","Male","CRC",146380,45.3,33.0,61.3,32265,51.2,31.3,87.4,"","","","",95855,37.6,21.6,62.8,11850,"","","",3,59682,0.2,21.9,31.9,24.2,2.8,8.7,62.4,8.7,"","","","","",""
"A0985","Los Angeles","Azusa, Duarte, Glendora","https://www.californiahealthmaps.org?address=A0985","Female","CRC",152030,32.0,23.1,43.5,35340,"","","","","","","",96885,33.3,21.3,51.4,12840,"","","",3,59682,0.2,21.9,31.9,24.2,2.8,8.7,62.4,8.7,"","","","","",""
"A0985","Los Angeles","Azusa, Duarte, Glendora","https://www.californiahealthmaps.org?address=A0985","Male","Mela",146380,19.8,12.3,31.0,32265,40.9,23.2,75.4,"","","","",95855,"","","",11850,"","","",3,59682,0.2,21.9,31.9,24.2,2.8,8.7,62.4,8.7,"","","","","",""
"A0985","Los Angeles","Azusa, Duarte, Glendora","https://www.californiahealthmaps.org?address=A0985","Female","Mela",152030,14.3,8.4,22.9,35340,"","","","","","","",96885,"","","",12840,"","","",3,59682,0.2,21.9,31.9,24.2,2.8,8.7,62.4,8.7,"","","","","",""
"A0985","Los Angeles","Azusa, Duarte, Glendora","https://www.californiahealthmaps.org?address=A0985","Female","Uterine",152030,23.0,15.7,32.8,35340,"","","","","","","",96885,32.2,19.9,50.8,12840,"","","",3,59682,0.2,21.9,31.9,24.2,2.8,8.7,62.4,8.7,"","","","","",""
"A0985","Los Angeles","Azusa, Duarte, Glendora","https://www.californiahealthmaps.org?address=A0985","Male","Lymph",146380,29.7,19.8,43.4,32265,"","","","","","","",95855,"","","",11850,"","","",3,59682,0.2,21.9,31.9,24.2,2.8,8.7,62.4,8.7,"","","","","",""
"A0985","Los Angeles","Azusa, Duarte, Glendora","https://www.californiahealthmaps.org?address=A0985","Female","Lymph",152030,21.1,13.8,31.1,35340,"","","","","","","",96885,29.9,17.5,49.0,12840,"","","",3,59682,0.2,21.9,31.9,24.2,2.8,8.7,62.4,8.7,"","","","","",""
"A0985","Los Angeles","Azusa, Duarte, Glendora","https://www.californiahealthmaps.org?address=A0985","Male","Urinary",146380,"","","",32265,"","","","","","","",95855,"","","",11850,"","","",3,59682,0.2,21.9,31.9,24.2,2.8,8.7,62.4,8.7,"","","","","",""
"A0985","Los Angeles","Azusa, Duarte, Glendora","https://www.californiahealthmaps.org?address=A0985","Female","Urinary",152030,"","","",35340,"","","","","","","",96885,"","","",12840,"","","",3,59682,0.2,21.9,31.9,24.2,2.8,8.7,62.4,8.7,"","","","","",""
"A0985","Los Angeles","Azusa, Duarte, Glendora","https://www.californiahealthmaps.org?address=A0985","Male","Kidney",146380,28.3,19.1,41.2,32265,"","","","","","","",95855,29.9,15.7,53.5,11850,"","","",3,59682,0.2,21.9,31.9,24.2,2.8,8.7,62.4,8.7,"","","","","",""
"A0985","Los Angeles","Azusa, Duarte, Glendora","https://www.californiahealthmaps.org?address=A0985","Female","Kidney",152030,15.9,9.9,24.6,35340,"","","","","","","",96885,"","","",12840,"","","",3,59682,0.2,21.9,31.9,24.2,2.8,8.7,62.4,8.7,"","","","","",""
"A0985","Los Angeles","Azusa, Duarte, Glendora","https://www.californiahealthmaps.org?address=A0985","Male","Thyroid",146380,"","","",32265,"","","","","","","",95855,"","","",11850,"","","",3,59682,0.2,21.9,31.9,24.2,2.8,8.7,62.4,8.7,"","","","","",""
"A0985","Los Angeles","Azusa, Duarte, Glendora","https://www.californiahealthmaps.org?address=A0985","Female","Thyroid",152030,29.4,21.1,40.2,35340,"","","","","","","",96885,27.2,17.2,42.9,12840,"","","",3,59682,0.2,21.9,31.9,24.2,2.8,8.7,62.4,8.7,"","","","","",""
"A0985","Los Angeles","Azusa, Duarte, Glendora","https://www.californiahealthmaps.org?address=A0985","Male","Liver",146380,17.7,10.4,28.7,32265,"","","","","","","",95855,"","","",11850,"","","",3,59682,0.2,21.9,31.9,24.2,2.8,8.7,62.4,8.7,"","","","","",""
"A0985","Los Angeles","Azusa, Duarte, Glendora","https://www.californiahealthmaps.org?address=A0985","Female","Liver",152030,"","","",35340,"","","","","","","",96885,"","","",12840,"","","",3,59682,0.2,21.9,31.9,24.2,2.8,8.7,62.4,8.7,"","","","","",""
"A0985","Los Angeles","Azusa, Duarte, Glendora","https://www.californiahealthmaps.org?address=A0985","Male","Pancreas",146380,23.9,15.3,36.3,32265,"","","","","","","",95855,"","","",11850,"","","",3,59682,0.2,21.9,31.9,24.2,2.8,8.7,62.4,8.7,"","","","","",""
"A0985","Los Angeles","Azusa, Duarte, Glendora","https://www.californiahealthmaps.org?address=A0985","Female","Pancreas",152030,"","","",35340,"","","","","","","",96885,"","","",12840,"","","",3,59682,0.2,21.9,31.9,24.2,2.8,8.7,62.4,8.7,"","","","","",""
"A0985","Los Angeles","Azusa, Duarte, Glendora","https://www.californiahealthmaps.org?address=A0985","Both","AllSite",298410,432.0,405.6,459.7,67605,433.4,389.5,483.5,"","","","",192740,422.5,384.4,463.9,24690,428.4,350.5,522.6,3,59682,0.2,21.9,31.9,24.2,2.8,8.7,62.4,8.7,"","","","","",""
"A0985","Los Angeles","Azusa, Duarte, Glendora","https://www.californiahealthmaps.org?address=A0985","Both","Lung",298410,36.6,28.9,45.8,67605,46.6,33.5,67.1,"","","","",192740,25.1,15.9,38.2,24690,"","","",3,59682,0.2,21.9,31.9,24.2,2.8,8.7,62.4,8.7,"","","","","",""
"A0985","Los Angeles","Azusa, Duarte, Glendora","https://www.californiahealthmaps.org?address=A0985","Both","CRC",298410,37.5,30.0,46.4,67605,35.4,24.0,54.3,"","","","",192740,34.6,24.7,48.1,24690,"","","",3,59682,0.2,21.9,31.9,24.2,2.8,8.7,62.4,8.7,"","","","","",""
"A0985","Los Angeles","Azusa, Duarte, Glendora","https://www.californiahealthmaps.org?address=A0985","Both","Mela",298410,16.9,12.0,23.2,67605,32.8,21.2,52.2,"","","","",192740,"","","",24690,"","","",3,59682,0.2,21.9,31.9,24.2,2.8,8.7,62.4,8.7,"","","","","",""
"A0985","Los Angeles","Azusa, Duarte, Glendora","https://www.californiahealthmaps.org?address=A0985","Both","Lymph",298410,25.0,18.9,32.7,67605,26.2,15.4,45.3,"","","","",192740,26.6,17.4,39.5,24690,"","","",3,59682,0.2,21.9,31.9,24.2,2.8,8.7,62.4,8.7,"","","","","",""
"A0985","Los Angeles","Azusa, Duarte, Glendora","https://www.californiahealthmaps.org?address=A0985","Both","Urinary",298410,9.2,5.6,14.5,67605,"","","","","","","",192740,"","","",24690,"","","",3,59682,0.2,21.9,31.9,24.2,2.8,8.7,62.4,8.7,"","","","","",""
"A0985","Los Angeles","Azusa, Duarte, Glendora","https://www.californiahealthmaps.org?address=A0985","Both","Kidney",298410,21.4,16.0,28.3,67605,"","","","","","","",192740,22.9,14.9,34.4,24690,"","","",3,59682,0.2,21.9,31.9,24.2,2.8,8.7,62.4,8.7,"","","","","",""
"A0985","Los Angeles","Azusa, Duarte, Glendora","https://www.californiahealthmaps.org?address=A0985","Both","Thyroid",298410,19.3,14.5,25.6,67605,18.7,9.8,36.3,"","","","",192740,17.0,11.2,25.9,24690,"","","",3,59682,0.2,21.9,31.9,24.2,2.8,8.7,62.4,8.7,"","","","","",""
"A0985","Los Angeles","Azusa, Duarte, Glendora","https://www.californiahealthmaps.org?address=A0985","Both","Liver",298410,13.2,8.9,19.0,67605,"","","","","","","",192740,22.9,14.5,35.0,24690,"","","",3,59682,0.2,21.9,31.9,24.2,2.8,8.7,62.4,8.7,"","","","","",""
"A0985","Los Angeles","Azusa, Duarte, Glendora","https://www.californiahealthmaps.org?address=A0985","Both","Pancreas",298410,14.3,9.8,20.3,67605,"","","","","","","",192740,16.6,9.9,27.1,24690,"","","",3,59682,0.2,21.9,31.9,24.2,2.8,8.7,62.4,8.7,"","","","","",""
