"Zone","Counties","Cities","URL","Sex","Cancer","PopTot","AAIR","LCI","UCI","White_PopTot","White_AAIR","White_LCI","White_UCI","Black_PopTot","Black_AAIR","Black_LCI","Black_UCI","Hispanic_PopTot","Hispanic_AAIR","Hispanic_LCI","Hispanic_UCI","Asian_PopTot","Asian_AAIR","Asian_LCI","Asian_UCI","QNSES","PopAll","PerRural","PerUninsured","PerForeignBorn","PerWhite","PerBlack","PerAsian","PerHispanic"
"A0921","Los Angeles","","https://www.californiahealthmaps.org?address=A0921","Male","AllSite",157635,339.2,298.4,385.0,"","","","","","","","",147020,308.3,265.3,357.4,"","","","",1,63260,0.0,35.5,48.0,1.1,5.1,0.7,93.0
"A0921","Los Angeles","","https://www.californiahealthmaps.org?address=A0921","Female","AllSite",158665,292.7,261.0,327.8,"","","","","","","","",146540,292.0,257.1,331.1,"","","","",1,63260,0.0,35.5,48.0,1.1,5.1,0.7,93.0
"A0921","Los Angeles","","https://www.californiahealthmaps.org?address=A0921","Male","Prostate",157635,72.8,54.8,95.8,"","","","","","","","",147020,65.8,47.0,91.1,"","","","",1,63260,0.0,35.5,48.0,1.1,5.1,0.7,93.0
"A0921","Los Angeles","","https://www.californiahealthmaps.org?address=A0921","Female","Breast",158665,71.2,56.2,89.6,"","","","","","","","",146540,64.2,49.1,83.6,"","","","",1,63260,0.0,35.5,48.0,1.1,5.1,0.7,93.0
"A0921","Los Angeles","","https://www.californiahealthmaps.org?address=A0921","Male","Lung",157635,38.9,25.1,58.2,"","","","","","","","",147020,36.0,21.1,58.2,"","","","",1,63260,0.0,35.5,48.0,1.1,5.1,0.7,93.0
"A0921","Los Angeles","","https://www.californiahealthmaps.org?address=A0921","Female","Lung",158665,23.3,14.7,35.9,"","","","","","","","",146540,19.6,10.8,33.7,"","","","",1,63260,0.0,35.5,48.0,1.1,5.1,0.7,93.0
"A0921","Los Angeles","","https://www.californiahealthmaps.org?address=A0921","Male","CRC",157635,43.3,29.8,61.8,"","","","","","","","",147020,35.7,22.6,55.3,"","","","",1,63260,0.0,35.5,48.0,1.1,5.1,0.7,93.0
"A0921","Los Angeles","","https://www.californiahealthmaps.org?address=A0921","Female","CRC",158665,33.3,22.9,47.4,"","","","","","","","",146540,35.5,23.4,52.5,"","","","",1,63260,0.0,35.5,48.0,1.1,5.1,0.7,93.0
"A0921","Los Angeles","","https://www.californiahealthmaps.org?address=A0921","Male","Mela",157635,9.9,4.2,21.4,"","","","","","","","",147020,"","","","","","","",1,63260,0.0,35.5,48.0,1.1,5.1,0.7,93.0
"A0921","Los Angeles","","https://www.californiahealthmaps.org?address=A0921","Female","Mela",158665,1.4,0.2,7.3,"","","","","","","","",146540,"","","","","","","",1,63260,0.0,35.5,48.0,1.1,5.1,0.7,93.0
"A0921","Los Angeles","","https://www.californiahealthmaps.org?address=A0921","Female","Uterine",158665,32.9,22.9,46.5,"","","","","","","","",146540,35.4,24.0,51.6,"","","","",1,63260,0.0,35.5,48.0,1.1,5.1,0.7,93.0
"A0921","Los Angeles","","https://www.californiahealthmaps.org?address=A0921","Male","Lymph",157635,20.2,10.5,35.7,"","","","","","","","",147020,"","","","","","","",1,63260,0.0,35.5,48.0,1.1,5.1,0.7,93.0
"A0921","Los Angeles","","https://www.californiahealthmaps.org?address=A0921","Female","Lymph",158665,14.2,7.9,24.3,"","","","","","","","",146540,15.1,8.2,27.0,"","","","",1,63260,0.0,35.5,48.0,1.1,5.1,0.7,93.0
"A0921","Los Angeles","","https://www.californiahealthmaps.org?address=A0921","Male","Urinary",157635,11.8,4.6,25.2,"","","","","","","","",147020,"","","","","","","",1,63260,0.0,35.5,48.0,1.1,5.1,0.7,93.0
"A0921","Los Angeles","","https://www.californiahealthmaps.org?address=A0921","Female","Urinary",158665,1.9,0.2,8.4,"","","","","","","","",146540,"","","","","","","",1,63260,0.0,35.5,48.0,1.1,5.1,0.7,93.0
"A0921","Los Angeles","","https://www.californiahealthmaps.org?address=A0921","Male","Kidney",157635,19.9,11.6,33.2,"","","","","","","","",147020,19.0,10.0,34.8,"","","","",1,63260,0.0,35.5,48.0,1.1,5.1,0.7,93.0
"A0921","Los Angeles","","https://www.californiahealthmaps.org?address=A0921","Female","Kidney",158665,7.7,3.5,15.8,"","","","","","","","",146540,"","","","","","","",1,63260,0.0,35.5,48.0,1.1,5.1,0.7,93.0
"A0921","Los Angeles","","https://www.californiahealthmaps.org?address=A0921","Male","Thyroid",157635,0.8,0.0,8.5,"","","","","","","","",147020,"","","","","","","",1,63260,0.0,35.5,48.0,1.1,5.1,0.7,93.0
"A0921","Los Angeles","","https://www.californiahealthmaps.org?address=A0921","Female","Thyroid",158665,14.3,8.4,23.9,"","","","","","","","",146540,16.3,9.4,27.9,"","","","",1,63260,0.0,35.5,48.0,1.1,5.1,0.7,93.0
"A0921","Los Angeles","","https://www.californiahealthmaps.org?address=A0921","Both","AllSite",316300,308.5,283.6,335.4,"","","","",16850,437.3,348.2,550.1,293560,295.6,268.7,325.1,"","","","",1,63260,0.0,35.5,48.0,1.1,5.1,0.7,93.0
"A0921","Los Angeles","","https://www.californiahealthmaps.org?address=A0921","Both","Lung",316300,30.0,22.1,40.1,"","","","",16850,71.2,39.3,130.3,293560,26.9,18.4,38.3,"","","","",1,63260,0.0,35.5,48.0,1.1,5.1,0.7,93.0
"A0921","Los Angeles","","https://www.californiahealthmaps.org?address=A0921","Both","CRC",316300,37.9,29.4,48.5,"","","","",16850,"","","",293560,36.1,26.9,48.1,"","","","",1,63260,0.0,35.5,48.0,1.1,5.1,0.7,93.0
"A0921","Los Angeles","","https://www.californiahealthmaps.org?address=A0921","Both","Mela",316300,5.1,2.4,10.0,"","","","",16850,"","","",293560,"","","","","","","",1,63260,0.0,35.5,48.0,1.1,5.1,0.7,93.0
"A0921","Los Angeles","","https://www.californiahealthmaps.org?address=A0921","Both","Lymph",316300,16.0,10.6,23.6,"","","","",16850,"","","",293560,14.2,8.7,22.3,"","","","",1,63260,0.0,35.5,48.0,1.1,5.1,0.7,93.0
"A0921","Los Angeles","","https://www.californiahealthmaps.org?address=A0921","Both","Urinary",316300,5.8,2.6,11.5,"","","","",16850,"","","",293560,"","","","","","","",1,63260,0.0,35.5,48.0,1.1,5.1,0.7,93.0
"A0921","Los Angeles","","https://www.californiahealthmaps.org?address=A0921","Both","Kidney",316300,12.9,8.6,19.3,"","","","",16850,"","","",293560,11.8,7.3,18.9,"","","","",1,63260,0.0,35.5,48.0,1.1,5.1,0.7,93.0
"A0921","Los Angeles","","https://www.californiahealthmaps.org?address=A0921","Both","Thyroid",316300,8.0,4.8,13.4,"","","","",16850,"","","",293560,9.2,5.3,15.7,"","","","",1,63260,0.0,35.5,48.0,1.1,5.1,0.7,93.0
