"Zone","Counties","Cities","URL","Sex","Cancer","PopTot","AAIR","LCI","UCI","White_PopTot","White_AAIR","White_LCI","White_UCI","Black_PopTot","Black_AAIR","Black_LCI","Black_UCI","Hispanic_PopTot","Hispanic_AAIR","Hispanic_LCI","Hispanic_UCI","Asian_PopTot","Asian_AAIR","Asian_LCI","Asian_UCI","QNSES","PopAll","PerRural","PerUninsured","PerForeignBorn","PerWhite","PerBlack","PerAsian","PerHispanic","PerAPI","PerDocvisit","PerFOBT","PerMammo","PerMenPrev","PerPap","PerWomenPrev"
"A1072","Los Angeles","Cerritos","https://www.californiahealthmaps.org?address=A1072","Male","AllSite",140490,433.1,397.5,471.4,24735,507.5,435.0,597.9,"","","","",59540,484.6,407.6,575.4,44590,328.8,277.3,388.7,3,57428,0.0,21.3,43.1,18.7,6.0,33.4,39.0,33.4,"","","","","",""
"A1072","Los Angeles","Cerritos","https://www.californiahealthmaps.org?address=A1072","Female","AllSite",146650,360.5,332.1,391.0,26705,376.8,317.4,453.4,"","","","",57980,399.6,339.1,469.3,49250,332.2,287.6,383.7,3,57428,0.0,21.3,43.1,18.7,6.0,33.4,39.0,33.4,"","","","","",""
"A1072","Los Angeles","Cerritos","https://www.californiahealthmaps.org?address=A1072","Male","Prostate",140490,89.7,74.1,107.9,24735,101.1,73.4,149.2,"","","","",59540,94.4,63.3,140.4,44590,48.6,30.2,76.2,3,57428,0.0,21.3,43.1,18.7,6.0,33.4,39.0,33.4,"","","","","",""
"A1072","Los Angeles","Cerritos","https://www.californiahealthmaps.org?address=A1072","Female","Breast",146650,112.0,96.4,129.5,26705,90.6,64.6,136.2,"","","","",57980,116.1,85.5,156.1,49250,122.9,97.0,155.9,3,57428,0.0,21.3,43.1,18.7,6.0,33.4,39.0,33.4,"","","","","",""
"A1072","Los Angeles","Cerritos","https://www.californiahealthmaps.org?address=A1072","Male","Lung",140490,48.9,37.1,63.6,24735,42.3,24.9,83.0,"","","","",59540,58.0,31.8,100.9,44590,52.4,32.8,81.3,3,57428,0.0,21.3,43.1,18.7,6.0,33.4,39.0,33.4,"","","","","",""
"A1072","Los Angeles","Cerritos","https://www.californiahealthmaps.org?address=A1072","Female","Lung",146650,29.7,22.1,39.4,26705,43.1,27.9,80.1,"","","","",57980,"","","",49250,"","","",3,57428,0.0,21.3,43.1,18.7,6.0,33.4,39.0,33.4,"","","","","",""
"A1072","Los Angeles","Cerritos","https://www.californiahealthmaps.org?address=A1072","Male","CRC",140490,42.0,31.6,55.2,24735,49.4,27.7,94.7,"","","","",59540,"","","",44590,43.5,27.1,68.8,3,57428,0.0,21.3,43.1,18.7,6.0,33.4,39.0,33.4,"","","","","",""
"A1072","Los Angeles","Cerritos","https://www.californiahealthmaps.org?address=A1072","Female","CRC",146650,28.1,20.7,37.6,26705,37.9,22.0,76.1,"","","","",57980,38.4,20.8,66.5,49250,"","","",3,57428,0.0,21.3,43.1,18.7,6.0,33.4,39.0,33.4,"","","","","",""
"A1072","Los Angeles","Cerritos","https://www.californiahealthmaps.org?address=A1072","Male","Mela",140490,25.0,17.0,35.9,24735,58.9,37.4,102.7,"","","","",59540,"","","",44590,"","","",3,57428,0.0,21.3,43.1,18.7,6.0,33.4,39.0,33.4,"","","","","",""
"A1072","Los Angeles","Cerritos","https://www.californiahealthmaps.org?address=A1072","Female","Mela",146650,"","","",26705,"","","","","","","",57980,"","","",49250,"","","",3,57428,0.0,21.3,43.1,18.7,6.0,33.4,39.0,33.4,"","","","","",""
"A1072","Los Angeles","Cerritos","https://www.californiahealthmaps.org?address=A1072","Female","Uterine",146650,30.7,22.8,40.7,26705,38.0,20.3,78.6,"","","","",57980,"","","",49250,32.1,19.5,52.7,3,57428,0.0,21.3,43.1,18.7,6.0,33.4,39.0,33.4,"","","","","",""
"A1072","Los Angeles","Cerritos","https://www.californiahealthmaps.org?address=A1072","Male","Lymph",140490,27.3,19.0,38.4,24735,"","","","","","","",59540,47.6,26.4,84.5,44590,"","","",3,57428,0.0,21.3,43.1,18.7,6.0,33.4,39.0,33.4,"","","","","",""
"A1072","Los Angeles","Cerritos","https://www.californiahealthmaps.org?address=A1072","Female","Lymph",146650,15.8,10.2,23.8,26705,"","","","","","","",57980,"","","",49250,"","","",3,57428,0.0,21.3,43.1,18.7,6.0,33.4,39.0,33.4,"","","","","",""
"A1072","Los Angeles","Cerritos","https://www.californiahealthmaps.org?address=A1072","Male","Urinary",140490,23.2,15.2,34.1,24735,37.2,21.1,77.1,"","","","",59540,"","","",44590,"","","",3,57428,0.0,21.3,43.1,18.7,6.0,33.4,39.0,33.4,"","","","","",""
"A1072","Los Angeles","Cerritos","https://www.californiahealthmaps.org?address=A1072","Female","Urinary",146650,"","","",26705,"","","","","","","",57980,"","","",49250,"","","",3,57428,0.0,21.3,43.1,18.7,6.0,33.4,39.0,33.4,"","","","","",""
"A1072","Los Angeles","Cerritos","https://www.californiahealthmaps.org?address=A1072","Male","Kidney",140490,25.0,17.1,35.7,24735,"","","","","","","",59540,"","","",44590,"","","",3,57428,0.0,21.3,43.1,18.7,6.0,33.4,39.0,33.4,"","","","","",""
"A1072","Los Angeles","Cerritos","https://www.californiahealthmaps.org?address=A1072","Female","Kidney",146650,13.9,8.8,21.1,26705,"","","","","","","",57980,"","","",49250,"","","",3,57428,0.0,21.3,43.1,18.7,6.0,33.4,39.0,33.4,"","","","","",""
"A1072","Los Angeles","Cerritos","https://www.californiahealthmaps.org?address=A1072","Male","Thyroid",140490,"","","",24735,"","","","","","","",59540,"","","",44590,"","","",3,57428,0.0,21.3,43.1,18.7,6.0,33.4,39.0,33.4,"","","","","",""
"A1072","Los Angeles","Cerritos","https://www.californiahealthmaps.org?address=A1072","Female","Thyroid",146650,19.2,12.9,27.8,26705,"","","","","","","",57980,"","","",49250,"","","",3,57428,0.0,21.3,43.1,18.7,6.0,33.4,39.0,33.4,"","","","","",""
"A1072","Los Angeles","Cerritos","https://www.californiahealthmaps.org?address=A1072","Male","Liver",140490,13.2,7.7,21.6,24735,"","","","","","","",59540,"","","",44590,"","","",3,57428,0.0,21.3,43.1,18.7,6.0,33.4,39.0,33.4,"","","","","",""
"A1072","Los Angeles","Cerritos","https://www.californiahealthmaps.org?address=A1072","Female","Liver",146650,"","","",26705,"","","","","","","",57980,"","","",49250,"","","",3,57428,0.0,21.3,43.1,18.7,6.0,33.4,39.0,33.4,"","","","","",""
"A1072","Los Angeles","Cerritos","https://www.californiahealthmaps.org?address=A1072","Male","Pancreas",140490,15.5,9.3,24.8,24735,"","","","","","","",59540,"","","",44590,"","","",3,57428,0.0,21.3,43.1,18.7,6.0,33.4,39.0,33.4,"","","","","",""
"A1072","Los Angeles","Cerritos","https://www.californiahealthmaps.org?address=A1072","Female","Pancreas",146650,12.3,7.6,19.2,26705,"","","","","","","",57980,"","","",49250,"","","",3,57428,0.0,21.3,43.1,18.7,6.0,33.4,39.0,33.4,"","","","","",""
"A1072","Los Angeles","Cerritos","https://www.californiahealthmaps.org?address=A1072","Both","AllSite",287140,387.4,365.4,410.5,51440,427.2,381.3,481.3,16975,586.2,444.9,770.1,117520,433.1,385.0,486.5,93840,327.1,293.5,364.4,3,57428,0.0,21.3,43.1,18.7,6.0,33.4,39.0,33.4,"","","","","",""
"A1072","Los Angeles","Cerritos","https://www.californiahealthmaps.org?address=A1072","Both","Lung",287140,37.4,30.7,45.1,51440,42.0,30.3,63.7,16975,"","","",117520,36.6,22.9,56.5,93840,34.4,24.0,48.8,3,57428,0.0,21.3,43.1,18.7,6.0,33.4,39.0,33.4,"","","","","",""
"A1072","Los Angeles","Cerritos","https://www.californiahealthmaps.org?address=A1072","Both","CRC",287140,34.2,27.9,41.6,51440,43.2,29.2,67.5,16975,"","","",117520,38.5,24.7,58.3,93840,28.3,19.3,41.2,3,57428,0.0,21.3,43.1,18.7,6.0,33.4,39.0,33.4,"","","","","",""
"A1072","Los Angeles","Cerritos","https://www.californiahealthmaps.org?address=A1072","Both","Mela",287140,13.5,9.7,18.5,51440,30.6,20.0,51.9,16975,"","","",117520,"","","",93840,"","","",3,57428,0.0,21.3,43.1,18.7,6.0,33.4,39.0,33.4,"","","","","",""
"A1072","Los Angeles","Cerritos","https://www.californiahealthmaps.org?address=A1072","Both","Lymph",287140,21.1,16.1,27.2,51440,23.0,12.4,45.3,16975,"","","",117520,37.4,24.2,56.6,93840,"","","",3,57428,0.0,21.3,43.1,18.7,6.0,33.4,39.0,33.4,"","","","","",""
"A1072","Los Angeles","Cerritos","https://www.californiahealthmaps.org?address=A1072","Both","Urinary",287140,11.4,7.8,16.0,51440,19.3,11.8,38.2,16975,"","","",117520,"","","",93840,"","","",3,57428,0.0,21.3,43.1,18.7,6.0,33.4,39.0,33.4,"","","","","",""
"A1072","Los Angeles","Cerritos","https://www.californiahealthmaps.org?address=A1072","Both","Kidney",287140,19.0,14.3,24.7,51440,"","","",16975,"","","",117520,26.7,16.1,43.3,93840,"","","",3,57428,0.0,21.3,43.1,18.7,6.0,33.4,39.0,33.4,"","","","","",""
"A1072","Los Angeles","Cerritos","https://www.californiahealthmaps.org?address=A1072","Both","Thyroid",287140,14.9,10.8,20.1,51440,"","","",16975,"","","",117520,16.0,9.0,28.9,93840,14.8,8.3,25.7,3,57428,0.0,21.3,43.1,18.7,6.0,33.4,39.0,33.4,"","","","","",""
"A1072","Los Angeles","Cerritos","https://www.californiahealthmaps.org?address=A1072","Both","Liver",287140,8.9,5.9,13.1,51440,"","","",16975,"","","",117520,"","","",93840,"","","",3,57428,0.0,21.3,43.1,18.7,6.0,33.4,39.0,33.4,"","","","","",""
"A1072","Los Angeles","Cerritos","https://www.californiahealthmaps.org?address=A1072","Both","Pancreas",287140,13.6,9.7,18.7,51440,"","","",16975,"","","",117520,"","","",93840,15.3,8.8,26.2,3,57428,0.0,21.3,43.1,18.7,6.0,33.4,39.0,33.4,"","","","","",""
