"Zone","Counties","Cities","URL","Sex","Cancer","PopTot","AAIR","LCI","UCI","White_PopTot","White_AAIR","White_LCI","White_UCI","Black_PopTot","Black_AAIR","Black_LCI","Black_UCI","Hispanic_PopTot","Hispanic_AAIR","Hispanic_LCI","Hispanic_UCI","Asian_PopTot","Asian_AAIR","Asian_LCI","Asian_UCI","QNSES","PopAll","PerRural","PerUninsured","PerForeignBorn","PerWhite","PerBlack","PerAsian","PerHispanic"
"A0665","Santa Cruz","","https://www.californiahealthmaps.org?address=A0665","Male","AllSite",162235,514.3,480.9,549.8,123715,516.1,480.3,554.7,"","","","",27045,521.2,382.0,702.5,"","","","",5,66089,18.6,11.7,11.1,76.0,1.0,2.9,16.3
"A0665","Santa Cruz","","https://www.californiahealthmaps.org?address=A0665","Female","AllSite",168210,485.1,455.2,516.9,127885,493.5,460.2,529.7,"","","","",26965,488.8,381.5,623.8,"","","","",5,66089,18.6,11.7,11.1,76.0,1.0,2.9,16.3
"A0665","Santa Cruz","","https://www.californiahealthmaps.org?address=A0665","Male","Prostate",162235,113.2,98.5,129.8,123715,112.9,97.6,131.2,"","","","",27045,"","","","","","","",5,66089,18.6,11.7,11.1,76.0,1.0,2.9,16.3
"A0665","Santa Cruz","","https://www.californiahealthmaps.org?address=A0665","Female","Breast",168210,169.6,152.2,188.9,127885,176.5,156.9,199.1,"","","","",26965,138.2,88.6,215.8,"","","","",5,66089,18.6,11.7,11.1,76.0,1.0,2.9,16.3
"A0665","Santa Cruz","","https://www.californiahealthmaps.org?address=A0665","Male","Lung",162235,54.2,43.2,67.4,123715,54.7,43.2,69.5,"","","","",27045,"","","","","","","",5,66089,18.6,11.7,11.1,76.0,1.0,2.9,16.3
"A0665","Santa Cruz","","https://www.californiahealthmaps.org?address=A0665","Female","Lung",168210,33.3,25.8,42.8,127885,36.6,28.2,48.3,"","","","",26965,"","","","","","","",5,66089,18.6,11.7,11.1,76.0,1.0,2.9,16.3
"A0665","Santa Cruz","","https://www.californiahealthmaps.org?address=A0665","Male","CRC",162235,35.0,27.1,45.0,123715,33.6,25.2,45.0,"","","","",27045,"","","","","","","",5,66089,18.6,11.7,11.1,76.0,1.0,2.9,16.3
"A0665","Santa Cruz","","https://www.californiahealthmaps.org?address=A0665","Female","CRC",168210,34.4,26.8,44.0,127885,34.2,25.9,45.8,"","","","",26965,"","","","","","","",5,66089,18.6,11.7,11.1,76.0,1.0,2.9,16.3
"A0665","Santa Cruz","","https://www.californiahealthmaps.org?address=A0665","Male","Mela",162235,76.4,63.4,91.5,123715,81.0,66.8,98.3,"","","","",27045,"","","","","","","",5,66089,18.6,11.7,11.1,76.0,1.0,2.9,16.3
"A0665","Santa Cruz","","https://www.californiahealthmaps.org?address=A0665","Female","Mela",168210,41.0,32.5,51.5,127885,43.6,34.0,56.3,"","","","",26965,"","","","","","","",5,66089,18.6,11.7,11.1,76.0,1.0,2.9,16.3
"A0665","Santa Cruz","","https://www.californiahealthmaps.org?address=A0665","Female","Uterine",168210,29.4,22.8,38.0,127885,29.4,22.5,39.5,"","","","",26965,"","","","","","","",5,66089,18.6,11.7,11.1,76.0,1.0,2.9,16.3
"A0665","Santa Cruz","","https://www.californiahealthmaps.org?address=A0665","Male","Lymph",162235,34.9,26.5,45.5,123715,34.1,25.2,46.3,"","","","",27045,"","","","","","","",5,66089,18.6,11.7,11.1,76.0,1.0,2.9,16.3
"A0665","Santa Cruz","","https://www.californiahealthmaps.org?address=A0665","Female","Lymph",168210,23.0,16.8,31.3,127885,24.0,17.2,34.1,"","","","",26965,"","","","","","","",5,66089,18.6,11.7,11.1,76.0,1.0,2.9,16.3
"A0665","Santa Cruz","","https://www.californiahealthmaps.org?address=A0665","Male","Urinary",162235,23.5,16.4,32.8,123715,25.2,17.6,36.2,"","","","",27045,"","","","","","","",5,66089,18.6,11.7,11.1,76.0,1.0,2.9,16.3
"A0665","Santa Cruz","","https://www.californiahealthmaps.org?address=A0665","Female","Urinary",168210,4.6,2.2,9.5,127885,"","","","","","","",26965,"","","","","","","",5,66089,18.6,11.7,11.1,76.0,1.0,2.9,16.3
"A0665","Santa Cruz","","https://www.californiahealthmaps.org?address=A0665","Male","Kidney",162235,13.2,8.4,20.3,123715,11.7,7.0,19.9,"","","","",27045,"","","","","","","",5,66089,18.6,11.7,11.1,76.0,1.0,2.9,16.3
"A0665","Santa Cruz","","https://www.californiahealthmaps.org?address=A0665","Female","Kidney",168210,9.7,6.0,15.4,127885,9.9,5.8,17.5,"","","","",26965,"","","","","","","",5,66089,18.6,11.7,11.1,76.0,1.0,2.9,16.3
"A0665","Santa Cruz","","https://www.californiahealthmaps.org?address=A0665","Male","Thyroid",162235,7.5,3.9,13.4,123715,"","","","","","","",27045,"","","","","","","",5,66089,18.6,11.7,11.1,76.0,1.0,2.9,16.3
"A0665","Santa Cruz","","https://www.californiahealthmaps.org?address=A0665","Female","Thyroid",168210,18.1,12.1,26.4,127885,18.4,11.2,29.4,"","","","",26965,"","","","","","","",5,66089,18.6,11.7,11.1,76.0,1.0,2.9,16.3
"A0665","Santa Cruz","","https://www.californiahealthmaps.org?address=A0665","Both","AllSite",330445,495.7,473.5,518.8,251600,501.1,476.8,526.7,"","","","",54010,490.7,406.0,591.1,11160,435.8,318.3,595.2,5,66089,18.6,11.7,11.1,76.0,1.0,2.9,16.3
"A0665","Santa Cruz","","https://www.californiahealthmaps.org?address=A0665","Both","Lung",330445,42.5,36.0,49.9,251600,44.7,37.7,53.3,"","","","",54010,"","","",11160,"","","",5,66089,18.6,11.7,11.1,76.0,1.0,2.9,16.3
"A0665","Santa Cruz","","https://www.californiahealthmaps.org?address=A0665","Both","CRC",330445,34.6,29.1,41.1,251600,33.8,27.9,41.3,"","","","",54010,58.1,32.8,100.2,11160,"","","",5,66089,18.6,11.7,11.1,76.0,1.0,2.9,16.3
"A0665","Santa Cruz","","https://www.californiahealthmaps.org?address=A0665","Both","Mela",330445,56.2,48.8,64.6,251600,59.8,51.5,69.5,"","","","",54010,"","","",11160,"","","",5,66089,18.6,11.7,11.1,76.0,1.0,2.9,16.3
"A0665","Santa Cruz","","https://www.californiahealthmaps.org?address=A0665","Both","Lymph",330445,28.7,23.5,35.0,251600,29.1,23.4,36.4,"","","","",54010,"","","",11160,"","","",5,66089,18.6,11.7,11.1,76.0,1.0,2.9,16.3
"A0665","Santa Cruz","","https://www.californiahealthmaps.org?address=A0665","Both","Urinary",330445,12.5,9.1,16.8,251600,12.8,9.3,18.0,"","","","",54010,"","","",11160,"","","",5,66089,18.6,11.7,11.1,76.0,1.0,2.9,16.3
"A0665","Santa Cruz","","https://www.californiahealthmaps.org?address=A0665","Both","Kidney",330445,11.3,8.2,15.4,251600,10.8,7.6,15.7,"","","","",54010,"","","",11160,"","","",5,66089,18.6,11.7,11.1,76.0,1.0,2.9,16.3
"A0665","Santa Cruz","","https://www.californiahealthmaps.org?address=A0665","Both","Thyroid",330445,12.9,9.3,17.6,251600,12.7,8.6,18.7,"","","","",54010,"","","",11160,"","","",5,66089,18.6,11.7,11.1,76.0,1.0,2.9,16.3
