"Zone","Counties","Cities","URL","Sex","Cancer","PopTot","AAIR","LCI","UCI","White_PopTot","White_AAIR","White_LCI","White_UCI","Black_PopTot","Black_AAIR","Black_LCI","Black_UCI","Hispanic_PopTot","Hispanic_AAIR","Hispanic_LCI","Hispanic_UCI","Asian_PopTot","Asian_AAIR","Asian_LCI","Asian_UCI","QNSES","PopAll","PerRural","PerUninsured","PerForeignBorn","PerWhite","PerBlack","PerAsian","PerHispanic","PerAPI","PerDocvisit","PerFOBT","PerMammo","PerMenPrev","PerPap","PerWomenPrev"
"A0491","San Bernardino","San Bernardino","https://www.californiahealthmaps.org?address=A0491","Male","AllSite",152620,450.0,407.5,496.2,12235,477.7,376.2,611.8,18375,619.2,510.6,749.4,115445,383.1,330.1,443.9,"","","","",1,62284,0.0,31.1,29.4,8.7,14.7,2.7,72.2,2.7,61.5,45.7,80.8,17.0,82.7,17.4
"A0491","San Bernardino","San Bernardino","https://www.californiahealthmaps.org?address=A0491","Female","AllSite",158800,368.7,335.2,404.8,12280,322.3,245.0,437.0,22205,338.4,270.2,423.0,117090,387.5,341.0,439.5,"","","","",1,62284,0.0,31.1,29.4,8.7,14.7,2.7,72.2,2.7,61.5,45.7,80.8,17.0,82.7,17.4
"A0491","San Bernardino","San Bernardino","https://www.californiahealthmaps.org?address=A0491","Male","Prostate",152620,112.3,91.2,137.3,12235,"","","",18375,155.6,104.8,229.4,115445,97.5,71.5,131.9,"","","","",1,62284,0.0,31.1,29.4,8.7,14.7,2.7,72.2,2.7,61.5,45.7,80.8,17.0,82.7,17.4
"A0491","San Bernardino","San Bernardino","https://www.californiahealthmaps.org?address=A0491","Female","Breast",158800,103.8,86.5,123.9,12280,99.0,60.5,180.6,22205,94.7,60.0,147.3,117090,105.0,82.0,133.4,"","","","",1,62284,0.0,31.1,29.4,8.7,14.7,2.7,72.2,2.7,61.5,45.7,80.8,17.0,82.7,17.4
"A0491","San Bernardino","San Bernardino","https://www.californiahealthmaps.org?address=A0491","Male","Lung",152620,50.1,36.1,68.3,12235,"","","",18375,81.7,45.3,142.9,115445,29.0,15.5,51.8,"","","","",1,62284,0.0,31.1,29.4,8.7,14.7,2.7,72.2,2.7,61.5,45.7,80.8,17.0,82.7,17.4
"A0491","San Bernardino","San Bernardino","https://www.californiahealthmaps.org?address=A0491","Female","Lung",158800,34.7,24.8,47.5,12280,"","","",22205,"","","",117090,25.3,14.1,42.8,"","","","",1,62284,0.0,31.1,29.4,8.7,14.7,2.7,72.2,2.7,61.5,45.7,80.8,17.0,82.7,17.4
"A0491","San Bernardino","San Bernardino","https://www.californiahealthmaps.org?address=A0491","Male","CRC",152620,50.4,36.9,67.8,12235,"","","",18375,"","","",115445,45.5,28.8,70.9,"","","","",1,62284,0.0,31.1,29.4,8.7,14.7,2.7,72.2,2.7,61.5,45.7,80.8,17.0,82.7,17.4
"A0491","San Bernardino","San Bernardino","https://www.californiahealthmaps.org?address=A0491","Female","CRC",158800,29.7,20.6,41.7,12280,"","","",22205,"","","",117090,27.8,16.0,45.8,"","","","",1,62284,0.0,31.1,29.4,8.7,14.7,2.7,72.2,2.7,61.5,45.7,80.8,17.0,82.7,17.4
"A0491","San Bernardino","San Bernardino","https://www.californiahealthmaps.org?address=A0491","Male","Mela",152620,"","","",12235,"","","",18375,"","","",115445,"","","","","","","",1,62284,0.0,31.1,29.4,8.7,14.7,2.7,72.2,2.7,61.5,45.7,80.8,17.0,82.7,17.4
"A0491","San Bernardino","San Bernardino","https://www.californiahealthmaps.org?address=A0491","Female","Mela",158800,"","","",12280,"","","",22205,"","","",117090,"","","","","","","",1,62284,0.0,31.1,29.4,8.7,14.7,2.7,72.2,2.7,61.5,45.7,80.8,17.0,82.7,17.4
"A0491","San Bernardino","San Bernardino","https://www.californiahealthmaps.org?address=A0491","Female","Uterine",158800,29.2,20.5,40.7,12280,"","","",22205,"","","",117090,30.7,19.3,47.9,"","","","",1,62284,0.0,31.1,29.4,8.7,14.7,2.7,72.2,2.7,61.5,45.7,80.8,17.0,82.7,17.4
"A0491","San Bernardino","San Bernardino","https://www.californiahealthmaps.org?address=A0491","Male","Lymph",152620,27.3,18.0,40.6,12235,"","","",18375,"","","",115445,23.1,13.0,41.6,"","","","",1,62284,0.0,31.1,29.4,8.7,14.7,2.7,72.2,2.7,61.5,45.7,80.8,17.0,82.7,17.4
"A0491","San Bernardino","San Bernardino","https://www.californiahealthmaps.org?address=A0491","Female","Lymph",158800,12.9,7.2,21.5,12280,"","","",22205,"","","",117090,"","","","","","","",1,62284,0.0,31.1,29.4,8.7,14.7,2.7,72.2,2.7,61.5,45.7,80.8,17.0,82.7,17.4
"A0491","San Bernardino","San Bernardino","https://www.californiahealthmaps.org?address=A0491","Male","Urinary",152620,"","","",12235,"","","",18375,"","","",115445,"","","","","","","",1,62284,0.0,31.1,29.4,8.7,14.7,2.7,72.2,2.7,61.5,45.7,80.8,17.0,82.7,17.4
"A0491","San Bernardino","San Bernardino","https://www.californiahealthmaps.org?address=A0491","Female","Urinary",158800,"","","",12280,"","","",22205,"","","",117090,"","","","","","","",1,62284,0.0,31.1,29.4,8.7,14.7,2.7,72.2,2.7,61.5,45.7,80.8,17.0,82.7,17.4
"A0491","San Bernardino","San Bernardino","https://www.californiahealthmaps.org?address=A0491","Male","Kidney",152620,26.9,17.5,40.3,12235,"","","",18375,"","","",115445,26.8,14.7,47.7,"","","","",1,62284,0.0,31.1,29.4,8.7,14.7,2.7,72.2,2.7,61.5,45.7,80.8,17.0,82.7,17.4
"A0491","San Bernardino","San Bernardino","https://www.californiahealthmaps.org?address=A0491","Female","Kidney",158800,12.0,6.7,20.3,12280,"","","",22205,"","","",117090,"","","","","","","",1,62284,0.0,31.1,29.4,8.7,14.7,2.7,72.2,2.7,61.5,45.7,80.8,17.0,82.7,17.4
"A0491","San Bernardino","San Bernardino","https://www.californiahealthmaps.org?address=A0491","Male","Thyroid",152620,"","","",12235,"","","",18375,"","","",115445,"","","","","","","",1,62284,0.0,31.1,29.4,8.7,14.7,2.7,72.2,2.7,61.5,45.7,80.8,17.0,82.7,17.4
"A0491","San Bernardino","San Bernardino","https://www.californiahealthmaps.org?address=A0491","Female","Thyroid",158800,11.8,6.7,19.5,12280,"","","",22205,"","","",117090,15.7,8.2,29.1,"","","","",1,62284,0.0,31.1,29.4,8.7,14.7,2.7,72.2,2.7,61.5,45.7,80.8,17.0,82.7,17.4
"A0491","San Bernardino","San Bernardino","https://www.californiahealthmaps.org?address=A0491","Male","Liver",152620,24.9,16.1,37.6,12235,"","","",18375,"","","",115445,30.8,17.6,53.0,"","","","",1,62284,0.0,31.1,29.4,8.7,14.7,2.7,72.2,2.7,61.5,45.7,80.8,17.0,82.7,17.4
"A0491","San Bernardino","San Bernardino","https://www.californiahealthmaps.org?address=A0491","Female","Liver",158800,"","","",12280,"","","",22205,"","","",117090,"","","","","","","",1,62284,0.0,31.1,29.4,8.7,14.7,2.7,72.2,2.7,61.5,45.7,80.8,17.0,82.7,17.4
"A0491","San Bernardino","San Bernardino","https://www.californiahealthmaps.org?address=A0491","Male","Pancreas",152620,"","","",12235,"","","",18375,"","","",115445,"","","","","","","",1,62284,0.0,31.1,29.4,8.7,14.7,2.7,72.2,2.7,61.5,45.7,80.8,17.0,82.7,17.4
"A0491","San Bernardino","San Bernardino","https://www.californiahealthmaps.org?address=A0491","Female","Pancreas",158800,"","","",12280,"","","",22205,"","","",117090,"","","","","","","",1,62284,0.0,31.1,29.4,8.7,14.7,2.7,72.2,2.7,61.5,45.7,80.8,17.0,82.7,17.4
"A0491","San Bernardino","San Bernardino","https://www.californiahealthmaps.org?address=A0491","Both","AllSite",311420,401.0,374.7,428.8,24515,393.0,329.3,473.1,40580,457.4,396.1,527.8,232535,381.2,346.4,419.0,"","","","",1,62284,0.0,31.1,29.4,8.7,14.7,2.7,72.2,2.7,61.5,45.7,80.8,17.0,82.7,17.4
"A0491","San Bernardino","San Bernardino","https://www.californiahealthmaps.org?address=A0491","Both","Lung",311420,40.9,32.6,50.8,24515,67.7,44.4,110.1,40580,48.5,30.2,76.9,232535,26.7,17.7,39.0,"","","","",1,62284,0.0,31.1,29.4,8.7,14.7,2.7,72.2,2.7,61.5,45.7,80.8,17.0,82.7,17.4
"A0491","San Bernardino","San Bernardino","https://www.californiahealthmaps.org?address=A0491","Both","CRC",311420,38.7,30.8,48.2,24515,42.1,23.9,80.7,40580,51.9,32.6,81.4,232535,34.9,24.9,48.0,"","","","",1,62284,0.0,31.1,29.4,8.7,14.7,2.7,72.2,2.7,61.5,45.7,80.8,17.0,82.7,17.4
"A0491","San Bernardino","San Bernardino","https://www.californiahealthmaps.org?address=A0491","Both","Mela",311420,"","","",24515,"","","",40580,"","","",232535,"","","","","","","",1,62284,0.0,31.1,29.4,8.7,14.7,2.7,72.2,2.7,61.5,45.7,80.8,17.0,82.7,17.4
"A0491","San Bernardino","San Bernardino","https://www.californiahealthmaps.org?address=A0491","Both","Lymph",311420,19.9,14.4,27.0,24515,"","","",40580,"","","",232535,22.1,14.4,33.1,"","","","",1,62284,0.0,31.1,29.4,8.7,14.7,2.7,72.2,2.7,61.5,45.7,80.8,17.0,82.7,17.4
"A0491","San Bernardino","San Bernardino","https://www.californiahealthmaps.org?address=A0491","Both","Urinary",311420,10.1,6.1,15.7,24515,"","","",40580,"","","",232535,"","","","","","","",1,62284,0.0,31.1,29.4,8.7,14.7,2.7,72.2,2.7,61.5,45.7,80.8,17.0,82.7,17.4
"A0491","San Bernardino","San Bernardino","https://www.californiahealthmaps.org?address=A0491","Both","Kidney",311420,18.6,13.3,25.3,24515,"","","",40580,"","","",232535,20.0,12.8,30.4,"","","","",1,62284,0.0,31.1,29.4,8.7,14.7,2.7,72.2,2.7,61.5,45.7,80.8,17.0,82.7,17.4
"A0491","San Bernardino","San Bernardino","https://www.californiahealthmaps.org?address=A0491","Both","Thyroid",311420,9.0,5.7,13.8,24515,"","","",40580,"","","",232535,10.1,5.6,17.7,"","","","",1,62284,0.0,31.1,29.4,8.7,14.7,2.7,72.2,2.7,61.5,45.7,80.8,17.0,82.7,17.4
"A0491","San Bernardino","San Bernardino","https://www.californiahealthmaps.org?address=A0491","Both","Liver",311420,16.9,11.9,23.4,24515,"","","",40580,"","","",232535,24.2,16.1,35.6,"","","","",1,62284,0.0,31.1,29.4,8.7,14.7,2.7,72.2,2.7,61.5,45.7,80.8,17.0,82.7,17.4
"A0491","San Bernardino","San Bernardino","https://www.californiahealthmaps.org?address=A0491","Both","Pancreas",311420,11.1,7.0,16.7,24515,"","","",40580,"","","",232535,"","","","","","","",1,62284,0.0,31.1,29.4,8.7,14.7,2.7,72.2,2.7,61.5,45.7,80.8,17.0,82.7,17.4
