"Zone","Counties","Cities","URL","Sex","Cancer","PopTot","AAIR","LCI","UCI","White_PopTot","White_AAIR","White_LCI","White_UCI","Black_PopTot","Black_AAIR","Black_LCI","Black_UCI","Hispanic_PopTot","Hispanic_AAIR","Hispanic_LCI","Hispanic_UCI","Asian_PopTot","Asian_AAIR","Asian_LCI","Asian_UCI","QNSES","PopAll","PerRural","PerUninsured","PerForeignBorn","PerWhite","PerBlack","PerAsian","PerHispanic"
"A0255","Alameda","Oakland","https://www.californiahealthmaps.org?address=A0255","Male","AllSite",163005,433.7,402.2,467.6,86400,443.3,400.8,491.0,33680,449.3,381.8,527.5,16835,370.8,240.7,558.4,17680,322.0,252.5,424.5,5,68614,0.0,9.8,18.3,50.5,20.0,13.9,9.9
"A0255","Alameda","Oakland","https://www.californiahealthmaps.org?address=A0255","Female","AllSite",180065,443.4,414.4,474.8,92260,456.2,415.6,502.1,37110,456.5,395.8,526.7,16710,452.8,330.7,615.8,24030,452.2,372.2,559.3,5,68614,0.0,9.8,18.3,50.5,20.0,13.9,9.9
"A0255","Alameda","Oakland","https://www.californiahealthmaps.org?address=A0255","Male","Prostate",163005,113.0,97.6,130.9,86400,101.6,83.0,125.7,33680,109.5,78.7,151.3,16835,"","","",17680,88.2,54.4,161.4,5,68614,0.0,9.8,18.3,50.5,20.0,13.9,9.9
"A0255","Alameda","Oakland","https://www.californiahealthmaps.org?address=A0255","Female","Breast",180065,145.9,129.2,165.0,92260,155.1,131.7,184.0,37110,142.3,109.0,185.6,16710,"","","",24030,153.1,107.7,229.1,5,68614,0.0,9.8,18.3,50.5,20.0,13.9,9.9
"A0255","Alameda","Oakland","https://www.californiahealthmaps.org?address=A0255","Male","Lung",163005,40.3,30.9,52.4,86400,30.3,19.8,47.2,33680,65.4,41.1,101.4,16835,"","","",17680,"","","",5,68614,0.0,9.8,18.3,50.5,20.0,13.9,9.9
"A0255","Alameda","Oakland","https://www.californiahealthmaps.org?address=A0255","Female","Lung",180065,37.3,29.4,47.6,92260,32.1,22.1,48.5,37110,58.3,39.2,87.7,16710,"","","",24030,"","","",5,68614,0.0,9.8,18.3,50.5,20.0,13.9,9.9
"A0255","Alameda","Oakland","https://www.californiahealthmaps.org?address=A0255","Male","CRC",163005,35.3,26.8,46.4,86400,37.8,26.5,55.1,33680,"","","",16835,"","","",17680,"","","",5,68614,0.0,9.8,18.3,50.5,20.0,13.9,9.9
"A0255","Alameda","Oakland","https://www.californiahealthmaps.org?address=A0255","Female","CRC",180065,34.5,27.0,44.4,92260,28.2,19.5,43.3,37110,50.1,31.9,78.9,16710,"","","",24030,"","","",5,68614,0.0,9.8,18.3,50.5,20.0,13.9,9.9
"A0255","Alameda","Oakland","https://www.californiahealthmaps.org?address=A0255","Male","Mela",163005,35.3,26.8,46.4,86400,58.2,43.6,78.8,33680,"","","",16835,"","","",17680,"","","",5,68614,0.0,9.8,18.3,50.5,20.0,13.9,9.9
"A0255","Alameda","Oakland","https://www.californiahealthmaps.org?address=A0255","Female","Mela",180065,26.7,20.0,36.0,92260,44.3,32.4,62.5,37110,"","","",16710,"","","",24030,"","","",5,68614,0.0,9.8,18.3,50.5,20.0,13.9,9.9
"A0255","Alameda","Oakland","https://www.californiahealthmaps.org?address=A0255","Female","Uterine",180065,32.1,24.7,42.0,92260,31.3,21.4,47.7,37110,40.4,23.6,68.3,16710,"","","",24030,"","","",5,68614,0.0,9.8,18.3,50.5,20.0,13.9,9.9
"A0255","Alameda","Oakland","https://www.californiahealthmaps.org?address=A0255","Male","Lymph",163005,26.9,19.5,37.1,86400,28.2,17.9,44.8,33680,"","","",16835,"","","",17680,"","","",5,68614,0.0,9.8,18.3,50.5,20.0,13.9,9.9
"A0255","Alameda","Oakland","https://www.californiahealthmaps.org?address=A0255","Female","Lymph",180065,15.3,10.3,23.1,92260,16.4,9.5,30.3,37110,"","","",16710,"","","",24030,"","","",5,68614,0.0,9.8,18.3,50.5,20.0,13.9,9.9
"A0255","Alameda","Oakland","https://www.californiahealthmaps.org?address=A0255","Male","Urinary",163005,15.5,10.0,24.0,86400,21.5,12.9,36.7,33680,"","","",16835,"","","",17680,"","","",5,68614,0.0,9.8,18.3,50.5,20.0,13.9,9.9
"A0255","Alameda","Oakland","https://www.californiahealthmaps.org?address=A0255","Female","Urinary",180065,5.9,2.9,11.9,92260,"","","",37110,"","","",16710,"","","",24030,"","","",5,68614,0.0,9.8,18.3,50.5,20.0,13.9,9.9
"A0255","Alameda","Oakland","https://www.californiahealthmaps.org?address=A0255","Male","Kidney",163005,17.2,11.4,25.8,86400,"","","",33680,"","","",16835,"","","",17680,"","","",5,68614,0.0,9.8,18.3,50.5,20.0,13.9,9.9
"A0255","Alameda","Oakland","https://www.californiahealthmaps.org?address=A0255","Female","Kidney",180065,7.8,4.5,14.1,92260,"","","",37110,"","","",16710,"","","",24030,"","","",5,68614,0.0,9.8,18.3,50.5,20.0,13.9,9.9
"A0255","Alameda","Oakland","https://www.californiahealthmaps.org?address=A0255","Male","Thyroid",163005,5.2,2.4,11.2,86400,"","","",33680,"","","",16835,"","","",17680,"","","",5,68614,0.0,9.8,18.3,50.5,20.0,13.9,9.9
"A0255","Alameda","Oakland","https://www.californiahealthmaps.org?address=A0255","Female","Thyroid",180065,22.2,15.9,31.1,92260,25.6,16.3,41.6,37110,"","","",16710,"","","",24030,"","","",5,68614,0.0,9.8,18.3,50.5,20.0,13.9,9.9
"A0255","Alameda","Oakland","https://www.californiahealthmaps.org?address=A0255","Both","AllSite",343070,433.1,412.0,455.3,178660,444.9,415.8,476.5,70790,447.1,402.6,496.4,33545,412.3,321.2,525.5,41710,395.7,340.6,464.7,5,68614,0.0,9.8,18.3,50.5,20.0,13.9,9.9
"A0255","Alameda","Oakland","https://www.californiahealthmaps.org?address=A0255","Both","Lung",343070,38.1,32.1,45.4,178660,31.4,23.9,41.8,70790,60.3,45.2,80.4,33545,"","","",41710,37.3,22.7,70.1,5,68614,0.0,9.8,18.3,50.5,20.0,13.9,9.9
"A0255","Alameda","Oakland","https://www.californiahealthmaps.org?address=A0255","Both","CRC",343070,34.6,29.0,41.5,178660,32.7,25.5,42.7,70790,42.7,29.8,60.7,33545,"","","",41710,35.9,21.2,69.1,5,68614,0.0,9.8,18.3,50.5,20.0,13.9,9.9
"A0255","Alameda","Oakland","https://www.californiahealthmaps.org?address=A0255","Both","Mela",343070,30.4,25.0,37.0,178660,50.5,41.0,62.8,70790,"","","",33545,"","","",41710,"","","",5,68614,0.0,9.8,18.3,50.5,20.0,13.9,9.9
"A0255","Alameda","Oakland","https://www.californiahealthmaps.org?address=A0255","Both","Lymph",343070,20.5,16.1,26.2,178660,21.5,15.4,30.7,70790,18.1,9.8,32.1,33545,"","","",41710,"","","",5,68614,0.0,9.8,18.3,50.5,20.0,13.9,9.9
"A0255","Alameda","Oakland","https://www.californiahealthmaps.org?address=A0255","Both","Urinary",343070,9.6,6.7,13.9,178660,12.5,8.0,20.4,70790,"","","",33545,"","","",41710,"","","",5,68614,0.0,9.8,18.3,50.5,20.0,13.9,9.9
"A0255","Alameda","Oakland","https://www.californiahealthmaps.org?address=A0255","Both","Kidney",343070,12.0,8.7,16.6,178660,9.7,5.8,17.0,70790,17.3,9.5,30.7,33545,"","","",41710,"","","",5,68614,0.0,9.8,18.3,50.5,20.0,13.9,9.9
"A0255","Alameda","Oakland","https://www.californiahealthmaps.org?address=A0255","Both","Thyroid",343070,14.1,10.5,19.1,178660,16.0,10.7,24.4,70790,"","","",33545,"","","",41710,"","","",5,68614,0.0,9.8,18.3,50.5,20.0,13.9,9.9
