"Zone","Counties","Cities","URL","Sex","Cancer","PopTot","AAIR","LCI","UCI","White_PopTot","White_AAIR","White_LCI","White_UCI","Black_PopTot","Black_AAIR","Black_LCI","Black_UCI","Hispanic_PopTot","Hispanic_AAIR","Hispanic_LCI","Hispanic_UCI","Asian_PopTot","Asian_AAIR","Asian_LCI","Asian_UCI","QNSES","PopAll","PerRural","PerUninsured","PerForeignBorn","PerWhite","PerBlack","PerAsian","PerHispanic"
"A0196","Solano","Dixon, Rio Vista, Vacaville","https://www.californiahealthmaps.org?address=A0196","Male","AllSite",167825,496.9,465.3,530.4,94375,516.6,477.8,558.6,"","","","",47525,459.3,377.0,556.8,"","","","",4,68425,15.5,10.7,17.0,56.4,4.2,7.7,26.9
"A0196","Solano","Dixon, Rio Vista, Vacaville","https://www.californiahealthmaps.org?address=A0196","Female","AllSite",174300,468.5,439.6,499.1,99680,487.1,450.9,526.8,"","","","",45390,411.3,340.4,494.2,12495,528.3,412.1,677.8,4,68425,15.5,10.7,17.0,56.4,4.2,7.7,26.9
"A0196","Solano","Dixon, Rio Vista, Vacaville","https://www.californiahealthmaps.org?address=A0196","Male","Prostate",167825,106.6,92.7,122.4,94375,108.9,92.5,128.7,"","","","",47525,65.0,37.6,108.6,"","","","",4,68425,15.5,10.7,17.0,56.4,4.2,7.7,26.9
"A0196","Solano","Dixon, Rio Vista, Vacaville","https://www.californiahealthmaps.org?address=A0196","Female","Breast",174300,146.3,130.1,164.1,99680,146.8,127.2,170.1,"","","","",45390,102.3,70.0,146.9,12495,192.7,127.3,293.1,4,68425,15.5,10.7,17.0,56.4,4.2,7.7,26.9
"A0196","Solano","Dixon, Rio Vista, Vacaville","https://www.californiahealthmaps.org?address=A0196","Male","Lung",167825,57.5,47.1,69.8,94375,61.1,48.7,76.9,"","","","",47525,"","","","","","","",4,68425,15.5,10.7,17.0,56.4,4.2,7.7,26.9
"A0196","Solano","Dixon, Rio Vista, Vacaville","https://www.californiahealthmaps.org?address=A0196","Female","Lung",174300,55.6,46.3,66.6,99680,59.6,48.3,74.6,"","","","",45390,"","","",12495,"","","",4,68425,15.5,10.7,17.0,56.4,4.2,7.7,26.9
"A0196","Solano","Dixon, Rio Vista, Vacaville","https://www.californiahealthmaps.org?address=A0196","Male","CRC",167825,44.7,35.7,55.7,94375,44.2,33.3,58.7,"","","","",47525,"","","","","","","",4,68425,15.5,10.7,17.0,56.4,4.2,7.7,26.9
"A0196","Solano","Dixon, Rio Vista, Vacaville","https://www.californiahealthmaps.org?address=A0196","Female","CRC",174300,38.9,31.1,48.5,99680,41.5,31.7,55.1,"","","","",45390,"","","",12495,"","","",4,68425,15.5,10.7,17.0,56.4,4.2,7.7,26.9
"A0196","Solano","Dixon, Rio Vista, Vacaville","https://www.californiahealthmaps.org?address=A0196","Male","Mela",167825,45.4,36.0,56.7,94375,60.0,46.8,76.9,"","","","",47525,"","","","","","","",4,68425,15.5,10.7,17.0,56.4,4.2,7.7,26.9
"A0196","Solano","Dixon, Rio Vista, Vacaville","https://www.californiahealthmaps.org?address=A0196","Female","Mela",174300,26.2,19.6,34.6,99680,31.5,22.8,44.3,"","","","",45390,"","","",12495,"","","",4,68425,15.5,10.7,17.0,56.4,4.2,7.7,26.9
"A0196","Solano","Dixon, Rio Vista, Vacaville","https://www.californiahealthmaps.org?address=A0196","Female","Uterine",174300,27.3,20.9,35.3,99680,29.1,21.3,40.7,"","","","",45390,"","","",12495,"","","",4,68425,15.5,10.7,17.0,56.4,4.2,7.7,26.9
"A0196","Solano","Dixon, Rio Vista, Vacaville","https://www.californiahealthmaps.org?address=A0196","Male","Lymph",167825,22.2,15.8,30.7,94375,23.8,15.0,36.8,"","","","",47525,"","","","","","","",4,68425,15.5,10.7,17.0,56.4,4.2,7.7,26.9
"A0196","Solano","Dixon, Rio Vista, Vacaville","https://www.californiahealthmaps.org?address=A0196","Female","Lymph",174300,18.6,13.3,25.7,99680,18.3,11.9,28.8,"","","","",45390,"","","",12495,"","","",4,68425,15.5,10.7,17.0,56.4,4.2,7.7,26.9
"A0196","Solano","Dixon, Rio Vista, Vacaville","https://www.californiahealthmaps.org?address=A0196","Male","Urinary",167825,20.7,14.5,29.1,94375,22.6,15.2,33.9,"","","","",47525,"","","","","","","",4,68425,15.5,10.7,17.0,56.4,4.2,7.7,26.9
"A0196","Solano","Dixon, Rio Vista, Vacaville","https://www.californiahealthmaps.org?address=A0196","Female","Urinary",174300,6.5,3.6,11.4,99680,"","","","","","","",45390,"","","",12495,"","","",4,68425,15.5,10.7,17.0,56.4,4.2,7.7,26.9
"A0196","Solano","Dixon, Rio Vista, Vacaville","https://www.californiahealthmaps.org?address=A0196","Male","Kidney",167825,19.7,13.9,27.6,94375,18.4,12.0,28.7,"","","","",47525,"","","","","","","",4,68425,15.5,10.7,17.0,56.4,4.2,7.7,26.9
"A0196","Solano","Dixon, Rio Vista, Vacaville","https://www.californiahealthmaps.org?address=A0196","Female","Kidney",174300,12.0,7.7,18.4,99680,11.4,6.3,20.9,"","","","",45390,"","","",12495,"","","",4,68425,15.5,10.7,17.0,56.4,4.2,7.7,26.9
"A0196","Solano","Dixon, Rio Vista, Vacaville","https://www.californiahealthmaps.org?address=A0196","Male","Thyroid",167825,9.3,5.3,15.5,94375,"","","","","","","",47525,"","","","","","","",4,68425,15.5,10.7,17.0,56.4,4.2,7.7,26.9
"A0196","Solano","Dixon, Rio Vista, Vacaville","https://www.californiahealthmaps.org?address=A0196","Female","Thyroid",174300,13.1,8.4,19.9,99680,"","","","","","","",45390,"","","",12495,"","","",4,68425,15.5,10.7,17.0,56.4,4.2,7.7,26.9
"A0196","Solano","Dixon, Rio Vista, Vacaville","https://www.californiahealthmaps.org?address=A0196","Both","AllSite",342125,478.1,456.9,500.2,194055,497.4,471.0,525.4,18105,419.1,336.6,520.6,92915,431.0,376.8,491.8,22475,515.6,428.7,618.5,4,68425,15.5,10.7,17.0,56.4,4.2,7.7,26.9
"A0196","Solano","Dixon, Rio Vista, Vacaville","https://www.californiahealthmaps.org?address=A0196","Both","Lung",342125,56.0,49.0,63.8,194055,60.0,51.6,70.1,18105,"","","",92915,46.9,29.4,71.9,22475,53.2,28.5,96.2,4,68425,15.5,10.7,17.0,56.4,4.2,7.7,26.9
"A0196","Solano","Dixon, Rio Vista, Vacaville","https://www.californiahealthmaps.org?address=A0196","Both","CRC",342125,41.9,35.8,48.8,194055,42.9,35.5,52.1,18105,"","","",92915,37.5,22.4,60.0,22475,"","","",4,68425,15.5,10.7,17.0,56.4,4.2,7.7,26.9
"A0196","Solano","Dixon, Rio Vista, Vacaville","https://www.californiahealthmaps.org?address=A0196","Both","Mela",342125,34.5,28.9,41.0,194055,44.2,36.4,53.8,18105,"","","",92915,"","","",22475,"","","",4,68425,15.5,10.7,17.0,56.4,4.2,7.7,26.9
"A0196","Solano","Dixon, Rio Vista, Vacaville","https://www.californiahealthmaps.org?address=A0196","Both","Lymph",342125,20.6,16.4,25.9,194055,21.5,15.8,29.2,18105,"","","",92915,"","","",22475,"","","",4,68425,15.5,10.7,17.0,56.4,4.2,7.7,26.9
"A0196","Solano","Dixon, Rio Vista, Vacaville","https://www.californiahealthmaps.org?address=A0196","Both","Urinary",342125,12.6,9.3,16.8,194055,14.0,10.1,19.7,18105,"","","",92915,"","","",22475,"","","",4,68425,15.5,10.7,17.0,56.4,4.2,7.7,26.9
"A0196","Solano","Dixon, Rio Vista, Vacaville","https://www.californiahealthmaps.org?address=A0196","Both","Kidney",342125,15.5,11.9,20.2,194055,14.5,10.4,20.5,18105,"","","",92915,"","","",22475,"","","",4,68425,15.5,10.7,17.0,56.4,4.2,7.7,26.9
"A0196","Solano","Dixon, Rio Vista, Vacaville","https://www.californiahealthmaps.org?address=A0196","Both","Thyroid",342125,11.3,8.1,15.6,194055,9.4,5.5,15.5,18105,"","","",92915,22.2,12.2,39.2,22475,"","","",4,68425,15.5,10.7,17.0,56.4,4.2,7.7,26.9
