"Zone","Counties","Cities","URL","Sex","Cancer","PopTot","AAIR","LCI","UCI","White_PopTot","White_AAIR","White_LCI","White_UCI","Black_PopTot","Black_AAIR","Black_LCI","Black_UCI","Hispanic_PopTot","Hispanic_AAIR","Hispanic_LCI","Hispanic_UCI","Asian_PopTot","Asian_AAIR","Asian_LCI","Asian_UCI","QNSES","PopAll","PerRural","PerUninsured","PerForeignBorn","PerWhite","PerBlack","PerAsian","PerHispanic","PerAPI","PerDocvisit","PerFOBT","PerMammo","PerMenPrev","PerPap","PerWomenPrev"
"A0907","Riverside","Corona, Eastvale","https://www.californiahealthmaps.org?address=A0907","Male","AllSite",171910,574.0,523.9,628.5,61255,720.1,641.7,807.1,"","","","",79165,397.0,322.9,487.5,19265,342.2,241.5,482.7,3,69303,0.1,17.1,28.7,35.1,4.7,12.6,45.0,12.6,"","","","","",""
"A0907","Riverside","Corona, Eastvale","https://www.californiahealthmaps.org?address=A0907","Female","AllSite",174605,468.0,430.9,507.8,61895,554.7,495.7,619.6,"","","","",79150,368.0,312.4,432.9,21100,448.0,348.2,572.1,3,69303,0.1,17.1,28.7,35.1,4.7,12.6,45.0,12.6,"","","","","",""
"A0907","Riverside","Corona, Eastvale","https://www.californiahealthmaps.org?address=A0907","Male","Prostate",171910,134.2,111.6,161.2,61255,139.6,107.9,179.8,"","","","",79165,98.4,63.9,150.6,19265,"","","",3,69303,0.1,17.1,28.7,35.1,4.7,12.6,45.0,12.6,"","","","","",""
"A0907","Riverside","Corona, Eastvale","https://www.californiahealthmaps.org?address=A0907","Female","Breast",174605,167.6,146.0,192.1,61895,198.9,164.6,239.3,"","","","",79150,137.6,104.3,180.7,21100,157.6,104.2,235.3,3,69303,0.1,17.1,28.7,35.1,4.7,12.6,45.0,12.6,"","","","","",""
"A0907","Riverside","Corona, Eastvale","https://www.californiahealthmaps.org?address=A0907","Male","Lung",171910,58.3,42.4,79.2,61255,76.9,51.7,111.9,"","","","",79165,"","","",19265,"","","",3,69303,0.1,17.1,28.7,35.1,4.7,12.6,45.0,12.6,"","","","","",""
"A0907","Riverside","Corona, Eastvale","https://www.californiahealthmaps.org?address=A0907","Female","Lung",174605,45.1,33.5,59.7,61895,64.8,45.4,90.6,"","","","",79150,"","","",21100,"","","",3,69303,0.1,17.1,28.7,35.1,4.7,12.6,45.0,12.6,"","","","","",""
"A0907","Riverside","Corona, Eastvale","https://www.californiahealthmaps.org?address=A0907","Male","CRC",171910,48.4,34.6,66.8,61255,63.0,40.3,95.6,"","","","",79165,39.5,22.5,74.1,19265,"","","",3,69303,0.1,17.1,28.7,35.1,4.7,12.6,45.0,12.6,"","","","","",""
"A0907","Riverside","Corona, Eastvale","https://www.californiahealthmaps.org?address=A0907","Female","CRC",174605,33.9,24.4,46.3,61895,36.3,22.6,56.6,"","","","",79150,34.1,18.3,60.7,21100,"","","",3,69303,0.1,17.1,28.7,35.1,4.7,12.6,45.0,12.6,"","","","","",""
"A0907","Riverside","Corona, Eastvale","https://www.californiahealthmaps.org?address=A0907","Male","Mela",171910,39.4,27.3,56.3,61255,77.6,54.4,109.8,"","","","",79165,"","","",19265,"","","",3,69303,0.1,17.1,28.7,35.1,4.7,12.6,45.0,12.6,"","","","","",""
"A0907","Riverside","Corona, Eastvale","https://www.californiahealthmaps.org?address=A0907","Female","Mela",174605,22.7,15.1,33.4,61895,40.0,26.0,60.2,"","","","",79150,"","","",21100,"","","",3,69303,0.1,17.1,28.7,35.1,4.7,12.6,45.0,12.6,"","","","","",""
"A0907","Riverside","Corona, Eastvale","https://www.californiahealthmaps.org?address=A0907","Female","Uterine",174605,28.8,20.6,39.9,61895,29.3,17.4,47.6,"","","","",79150,38.9,22.8,65.4,21100,"","","",3,69303,0.1,17.1,28.7,35.1,4.7,12.6,45.0,12.6,"","","","","",""
"A0907","Riverside","Corona, Eastvale","https://www.californiahealthmaps.org?address=A0907","Male","Lymph",171910,28.5,17.1,45.2,61255,36.0,19.1,63.4,"","","","",79165,"","","",19265,"","","",3,69303,0.1,17.1,28.7,35.1,4.7,12.6,45.0,12.6,"","","","","",""
"A0907","Riverside","Corona, Eastvale","https://www.californiahealthmaps.org?address=A0907","Female","Lymph",174605,15.0,8.7,24.5,61895,"","","","","","","",79150,"","","",21100,"","","",3,69303,0.1,17.1,28.7,35.1,4.7,12.6,45.0,12.6,"","","","","",""
"A0907","Riverside","Corona, Eastvale","https://www.californiahealthmaps.org?address=A0907","Male","Urinary",171910,35.2,22.2,53.8,61255,47.4,26.9,78.7,"","","","",79165,"","","",19265,"","","",3,69303,0.1,17.1,28.7,35.1,4.7,12.6,45.0,12.6,"","","","","",""
"A0907","Riverside","Corona, Eastvale","https://www.californiahealthmaps.org?address=A0907","Female","Urinary",174605,"","","",61895,"","","","","","","",79150,"","","",21100,"","","",3,69303,0.1,17.1,28.7,35.1,4.7,12.6,45.0,12.6,"","","","","",""
"A0907","Riverside","Corona, Eastvale","https://www.californiahealthmaps.org?address=A0907","Male","Kidney",171910,33.4,22.6,48.9,61255,42.1,25.1,68.7,"","","","",79165,"","","",19265,"","","",3,69303,0.1,17.1,28.7,35.1,4.7,12.6,45.0,12.6,"","","","","",""
"A0907","Riverside","Corona, Eastvale","https://www.californiahealthmaps.org?address=A0907","Female","Kidney",174605,11.8,6.5,20.2,61895,"","","","","","","",79150,"","","",21100,"","","",3,69303,0.1,17.1,28.7,35.1,4.7,12.6,45.0,12.6,"","","","","",""
"A0907","Riverside","Corona, Eastvale","https://www.californiahealthmaps.org?address=A0907","Male","Thyroid",171910,10.1,5.5,19.4,61255,"","","","","","","",79165,"","","",19265,"","","",3,69303,0.1,17.1,28.7,35.1,4.7,12.6,45.0,12.6,"","","","","",""
"A0907","Riverside","Corona, Eastvale","https://www.californiahealthmaps.org?address=A0907","Female","Thyroid",174605,21.1,14.5,30.6,61895,"","","","","","","",79150,"","","",21100,"","","",3,69303,0.1,17.1,28.7,35.1,4.7,12.6,45.0,12.6,"","","","","",""
"A0907","Riverside","Corona, Eastvale","https://www.californiahealthmaps.org?address=A0907","Male","Liver",171910,21.4,13.0,34.6,61255,"","","","","","","",79165,"","","",19265,"","","",3,69303,0.1,17.1,28.7,35.1,4.7,12.6,45.0,12.6,"","","","","",""
"A0907","Riverside","Corona, Eastvale","https://www.californiahealthmaps.org?address=A0907","Female","Liver",174605,"","","",61895,"","","","","","","",79150,"","","",21100,"","","",3,69303,0.1,17.1,28.7,35.1,4.7,12.6,45.0,12.6,"","","","","",""
"A0907","Riverside","Corona, Eastvale","https://www.californiahealthmaps.org?address=A0907","Male","Pancreas",171910,"","","",61255,"","","","","","","",79165,"","","",19265,"","","",3,69303,0.1,17.1,28.7,35.1,4.7,12.6,45.0,12.6,"","","","","",""
"A0907","Riverside","Corona, Eastvale","https://www.californiahealthmaps.org?address=A0907","Female","Pancreas",174605,"","","",61895,"","","","","","","",79150,"","","",21100,"","","",3,69303,0.1,17.1,28.7,35.1,4.7,12.6,45.0,12.6,"","","","","",""
"A0907","Riverside","Corona, Eastvale","https://www.californiahealthmaps.org?address=A0907","Both","AllSite",346515,505.4,475.9,536.4,123150,610.3,564.5,659.3,15330,519.7,372.3,729.5,158315,372.5,328.0,422.7,40365,395.7,323.6,482.3,3,69303,0.1,17.1,28.7,35.1,4.7,12.6,45.0,12.6,"","","","","",""
"A0907","Riverside","Corona, Eastvale","https://www.californiahealthmaps.org?address=A0907","Both","Lung",346515,49.8,40.4,61.0,123150,66.4,51.6,84.5,15330,"","","",158315,"","","",40365,"","","",3,69303,0.1,17.1,28.7,35.1,4.7,12.6,45.0,12.6,"","","","","",""
"A0907","Riverside","Corona, Eastvale","https://www.californiahealthmaps.org?address=A0907","Both","CRC",346515,39.8,31.8,49.4,123150,45.8,33.7,61.4,15330,"","","",158315,37.0,24.7,55.6,40365,"","","",3,69303,0.1,17.1,28.7,35.1,4.7,12.6,45.0,12.6,"","","","","",""
"A0907","Riverside","Corona, Eastvale","https://www.californiahealthmaps.org?address=A0907","Both","Mela",346515,30.3,23.4,38.9,123150,57.7,44.6,74.1,15330,"","","",158315,"","","",40365,"","","",3,69303,0.1,17.1,28.7,35.1,4.7,12.6,45.0,12.6,"","","","","",""
"A0907","Riverside","Corona, Eastvale","https://www.californiahealthmaps.org?address=A0907","Both","Lymph",346515,19.1,13.5,26.4,123150,21.7,13.6,33.4,15330,"","","",158315,20.9,10.6,38.4,40365,"","","",3,69303,0.1,17.1,28.7,35.1,4.7,12.6,45.0,12.6,"","","","","",""
"A0907","Riverside","Corona, Eastvale","https://www.californiahealthmaps.org?address=A0907","Both","Urinary",346515,17.8,12.1,25.3,123150,24.5,15.6,37.0,15330,"","","",158315,"","","",40365,"","","",3,69303,0.1,17.1,28.7,35.1,4.7,12.6,45.0,12.6,"","","","","",""
"A0907","Riverside","Corona, Eastvale","https://www.californiahealthmaps.org?address=A0907","Both","Kidney",346515,21.6,15.9,29.0,123150,27.9,18.7,40.6,15330,"","","",158315,21.5,12.0,37.7,40365,"","","",3,69303,0.1,17.1,28.7,35.1,4.7,12.6,45.0,12.6,"","","","","",""
"A0907","Riverside","Corona, Eastvale","https://www.californiahealthmaps.org?address=A0907","Both","Thyroid",346515,15.8,11.6,21.6,123150,14.6,8.6,24.0,15330,"","","",158315,16.3,9.3,29.6,40365,"","","",3,69303,0.1,17.1,28.7,35.1,4.7,12.6,45.0,12.6,"","","","","",""
"A0907","Riverside","Corona, Eastvale","https://www.californiahealthmaps.org?address=A0907","Both","Liver",346515,12.8,8.4,18.9,123150,"","","",15330,"","","",158315,"","","",40365,"","","",3,69303,0.1,17.1,28.7,35.1,4.7,12.6,45.0,12.6,"","","","","",""
"A0907","Riverside","Corona, Eastvale","https://www.californiahealthmaps.org?address=A0907","Both","Pancreas",346515,11.4,7.3,17.4,123150,"","","",15330,"","","",158315,"","","",40365,"","","",3,69303,0.1,17.1,28.7,35.1,4.7,12.6,45.0,12.6,"","","","","",""
