"Zone","Counties","Cities","URL","Sex","Cancer","PopTot","AAIR","LCI","UCI","White_PopTot","White_AAIR","White_LCI","White_UCI","Black_PopTot","Black_AAIR","Black_LCI","Black_UCI","Hispanic_PopTot","Hispanic_AAIR","Hispanic_LCI","Hispanic_UCI","Asian_PopTot","Asian_AAIR","Asian_LCI","Asian_UCI","QNSES","PopAll","PerRural","PerUninsured","PerForeignBorn","PerWhite","PerBlack","PerAsian","PerHispanic","PerAPI","PerDocvisit","PerFOBT","PerMammo","PerMenPrev","PerPap","PerWomenPrev"
"A1062","Fresno","Reedley","https://www.californiahealthmaps.org?address=A1062","Male","AllSite",165770,363.6,330.3,399.5,31755,435.6,376.0,505.4,"","","","",126920,300.9,258.5,349.5,"","","","",1,65672,16.9,22.8,33.2,18.3,0.5,2.3,77.3,2.3,"","","","","",""
"A1062","Fresno","Reedley","https://www.californiahealthmaps.org?address=A1062","Female","AllSite",162590,380.7,348.6,415.1,34195,444.4,384.4,514.8,"","","","",121540,352.4,309.3,400.5,"","","","",1,65672,16.9,22.8,33.2,18.3,0.5,2.3,77.3,2.3,"","","","","",""
"A1062","Fresno","Reedley","https://www.californiahealthmaps.org?address=A1062","Male","Prostate",165770,89.1,73.0,108.0,31755,105.8,79.1,143.4,"","","","",126920,67.1,48.1,92.7,"","","","",1,65672,16.9,22.8,33.2,18.3,0.5,2.3,77.3,2.3,"","","","","",""
"A1062","Fresno","Reedley","https://www.californiahealthmaps.org?address=A1062","Female","Breast",162590,107.5,90.7,126.7,34195,148.9,116.0,192.5,"","","","",121540,83.4,63.7,108.2,"","","","",1,65672,16.9,22.8,33.2,18.3,0.5,2.3,77.3,2.3,"","","","","",""
"A1062","Fresno","Reedley","https://www.californiahealthmaps.org?address=A1062","Male","Lung",165770,43.9,32.6,58.2,31755,64.5,44.1,96.3,"","","","",126920,25.1,13.6,43.9,"","","","",1,65672,16.9,22.8,33.2,18.3,0.5,2.3,77.3,2.3,"","","","","",""
"A1062","Fresno","Reedley","https://www.californiahealthmaps.org?address=A1062","Female","Lung",162590,37.1,27.4,49.4,34195,56.1,38.2,85.5,"","","","",121540,"","","","","","","",1,65672,16.9,22.8,33.2,18.3,0.5,2.3,77.3,2.3,"","","","","",""
"A1062","Fresno","Reedley","https://www.californiahealthmaps.org?address=A1062","Male","CRC",165770,29.0,20.4,40.4,31755,"","","","","","","",126920,32.1,19.4,51.5,"","","","",1,65672,16.9,22.8,33.2,18.3,0.5,2.3,77.3,2.3,"","","","","",""
"A1062","Fresno","Reedley","https://www.californiahealthmaps.org?address=A1062","Female","CRC",162590,27.2,19.1,37.7,34195,"","","","","","","",121540,34.2,20.9,53.1,"","","","",1,65672,16.9,22.8,33.2,18.3,0.5,2.3,77.3,2.3,"","","","","",""
"A1062","Fresno","Reedley","https://www.californiahealthmaps.org?address=A1062","Male","Mela",165770,15.6,9.2,25.2,31755,"","","","","","","",126920,"","","","","","","",1,65672,16.9,22.8,33.2,18.3,0.5,2.3,77.3,2.3,"","","","","",""
"A1062","Fresno","Reedley","https://www.californiahealthmaps.org?address=A1062","Female","Mela",162590,11.6,6.6,19.1,34195,"","","","","","","",121540,"","","","","","","",1,65672,16.9,22.8,33.2,18.3,0.5,2.3,77.3,2.3,"","","","","",""
"A1062","Fresno","Reedley","https://www.californiahealthmaps.org?address=A1062","Female","Uterine",162590,25.8,18.0,36.1,34195,27.8,16.0,52.1,"","","","",121540,24.7,14.3,40.5,"","","","",1,65672,16.9,22.8,33.2,18.3,0.5,2.3,77.3,2.3,"","","","","",""
"A1062","Fresno","Reedley","https://www.californiahealthmaps.org?address=A1062","Male","Lymph",165770,17.0,10.3,26.7,31755,"","","","","","","",126920,"","","","","","","",1,65672,16.9,22.8,33.2,18.3,0.5,2.3,77.3,2.3,"","","","","",""
"A1062","Fresno","Reedley","https://www.californiahealthmaps.org?address=A1062","Female","Lymph",162590,14.5,8.8,22.8,34195,"","","","","","","",121540,21.3,11.7,36.4,"","","","",1,65672,16.9,22.8,33.2,18.3,0.5,2.3,77.3,2.3,"","","","","",""
"A1062","Fresno","Reedley","https://www.californiahealthmaps.org?address=A1062","Male","Urinary",165770,"","","",31755,"","","","","","","",126920,"","","","","","","",1,65672,16.9,22.8,33.2,18.3,0.5,2.3,77.3,2.3,"","","","","",""
"A1062","Fresno","Reedley","https://www.californiahealthmaps.org?address=A1062","Female","Urinary",162590,"","","",34195,"","","","","","","",121540,"","","","","","","",1,65672,16.9,22.8,33.2,18.3,0.5,2.3,77.3,2.3,"","","","","",""
"A1062","Fresno","Reedley","https://www.californiahealthmaps.org?address=A1062","Male","Kidney",165770,24.1,16.3,34.8,31755,"","","","","","","",126920,"","","","","","","",1,65672,16.9,22.8,33.2,18.3,0.5,2.3,77.3,2.3,"","","","","",""
"A1062","Fresno","Reedley","https://www.californiahealthmaps.org?address=A1062","Female","Kidney",162590,13.1,7.7,21.0,34195,"","","","","","","",121540,"","","","","","","",1,65672,16.9,22.8,33.2,18.3,0.5,2.3,77.3,2.3,"","","","","",""
"A1062","Fresno","Reedley","https://www.californiahealthmaps.org?address=A1062","Male","Thyroid",165770,"","","",31755,"","","","","","","",126920,"","","","","","","",1,65672,16.9,22.8,33.2,18.3,0.5,2.3,77.3,2.3,"","","","","",""
"A1062","Fresno","Reedley","https://www.californiahealthmaps.org?address=A1062","Female","Thyroid",162590,22.2,15.1,31.7,34195,"","","","","","","",121540,17.3,10.2,29.4,"","","","",1,65672,16.9,22.8,33.2,18.3,0.5,2.3,77.3,2.3,"","","","","",""
"A1062","Fresno","Reedley","https://www.californiahealthmaps.org?address=A1062","Male","Liver",165770,"","","",31755,"","","","","","","",126920,"","","","","","","",1,65672,16.9,22.8,33.2,18.3,0.5,2.3,77.3,2.3,"","","","","",""
"A1062","Fresno","Reedley","https://www.californiahealthmaps.org?address=A1062","Female","Liver",162590,"","","",34195,"","","","","","","",121540,"","","","","","","",1,65672,16.9,22.8,33.2,18.3,0.5,2.3,77.3,2.3,"","","","","",""
"A1062","Fresno","Reedley","https://www.californiahealthmaps.org?address=A1062","Male","Pancreas",165770,"","","",31755,"","","","","","","",126920,"","","","","","","",1,65672,16.9,22.8,33.2,18.3,0.5,2.3,77.3,2.3,"","","","","",""
"A1062","Fresno","Reedley","https://www.californiahealthmaps.org?address=A1062","Female","Pancreas",162590,13.6,8.3,21.3,34195,"","","","","","","",121540,"","","","","","","",1,65672,16.9,22.8,33.2,18.3,0.5,2.3,77.3,2.3,"","","","","",""
"A1062","Fresno","Reedley","https://www.californiahealthmaps.org?address=A1062","Both","AllSite",328360,370.1,347.0,394.4,65950,437.4,395.0,484.9,"","","","",248460,325.6,295.3,358.7,"","","","",1,65672,16.9,22.8,33.2,18.3,0.5,2.3,77.3,2.3,"","","","","",""
"A1062","Fresno","Reedley","https://www.californiahealthmaps.org?address=A1062","Both","Lung",328360,40.1,32.6,49.0,65950,59.5,45.7,78.5,"","","","",248460,23.0,15.1,34.1,"","","","",1,65672,16.9,22.8,33.2,18.3,0.5,2.3,77.3,2.3,"","","","","",""
"A1062","Fresno","Reedley","https://www.californiahealthmaps.org?address=A1062","Both","CRC",328360,28.3,22.2,35.6,65950,22.0,13.9,36.0,"","","","",248460,33.4,23.8,45.8,"","","","",1,65672,16.9,22.8,33.2,18.3,0.5,2.3,77.3,2.3,"","","","","",""
"A1062","Fresno","Reedley","https://www.californiahealthmaps.org?address=A1062","Both","Mela",328360,13.1,9.1,18.5,65950,23.7,14.2,39.4,"","","","",248460,"","","","","","","",1,65672,16.9,22.8,33.2,18.3,0.5,2.3,77.3,2.3,"","","","","",""
"A1062","Fresno","Reedley","https://www.californiahealthmaps.org?address=A1062","Both","Lymph",328360,15.2,10.8,20.9,65950,"","","","","","","",248460,21.6,14.0,32.2,"","","","",1,65672,16.9,22.8,33.2,18.3,0.5,2.3,77.3,2.3,"","","","","",""
"A1062","Fresno","Reedley","https://www.californiahealthmaps.org?address=A1062","Both","Urinary",328360,6.6,3.8,10.8,65950,"","","","","","","",248460,"","","","","","","",1,65672,16.9,22.8,33.2,18.3,0.5,2.3,77.3,2.3,"","","","","",""
"A1062","Fresno","Reedley","https://www.californiahealthmaps.org?address=A1062","Both","Kidney",328360,18.5,13.7,24.7,65950,25.7,15.3,42.5,"","","","",248460,15.8,9.8,24.6,"","","","",1,65672,16.9,22.8,33.2,18.3,0.5,2.3,77.3,2.3,"","","","","",""
"A1062","Fresno","Reedley","https://www.californiahealthmaps.org?address=A1062","Both","Thyroid",328360,13.2,9.3,18.4,65950,"","","","","","","",248460,10.2,6.4,16.7,"","","","",1,65672,16.9,22.8,33.2,18.3,0.5,2.3,77.3,2.3,"","","","","",""
"A1062","Fresno","Reedley","https://www.californiahealthmaps.org?address=A1062","Both","Liver",328360,6.5,3.8,10.6,65950,"","","","","","","",248460,"","","","","","","",1,65672,16.9,22.8,33.2,18.3,0.5,2.3,77.3,2.3,"","","","","",""
"A1062","Fresno","Reedley","https://www.californiahealthmaps.org?address=A1062","Both","Pancreas",328360,10.8,7.3,15.7,65950,"","","","","","","",248460,11.6,6.4,19.9,"","","","",1,65672,16.9,22.8,33.2,18.3,0.5,2.3,77.3,2.3,"","","","","",""
