"Zone","Counties","Cities","URL","Sex","Cancer","PopTot","AAIR","LCI","UCI","White_PopTot","White_AAIR","White_LCI","White_UCI","Black_PopTot","Black_AAIR","Black_LCI","Black_UCI","Hispanic_PopTot","Hispanic_AAIR","Hispanic_LCI","Hispanic_UCI","Asian_PopTot","Asian_AAIR","Asian_LCI","Asian_UCI","QNSES","PopAll","PerRural","PerUninsured","PerForeignBorn","PerWhite","PerBlack","PerAsian","PerHispanic"
"A0102","San Diego","Coronado, Imperial Beach, San Diego","https://www.californiahealthmaps.org?address=A0102","Male","AllSite",162445,452.9,419.2,488.8,71155,477.5,433.9,525.7,"","","","",68895,435.5,370.0,510.8,10985,248.1,164.4,367.4,4,65126,0.1,17.1,22.0,41.1,3.5,8.6,43.9
"A0102","San Diego","Coronado, Imperial Beach, San Diego","https://www.californiahealthmaps.org?address=A0102","Female","AllSite",163185,404.9,375.4,436.3,64510,425.8,383.0,474.0,"","","","",74540,423.6,369.6,484.1,14130,308.6,234.3,416.7,4,65126,0.1,17.1,22.0,41.1,3.5,8.6,43.9
"A0102","San Diego","Coronado, Imperial Beach, San Diego","https://www.californiahealthmaps.org?address=A0102","Male","Prostate",162445,109.2,93.1,127.6,71155,115.3,94.8,140.7,"","","","",68895,106.7,75.2,148.7,10985,"","","",4,65126,0.1,17.1,22.0,41.1,3.5,8.6,43.9
"A0102","San Diego","Coronado, Imperial Beach, San Diego","https://www.californiahealthmaps.org?address=A0102","Female","Breast",163185,125.0,108.8,143.2,64510,130.6,107.4,159.4,"","","","",74540,138.2,108.6,174.4,14130,"","","",4,65126,0.1,17.1,22.0,41.1,3.5,8.6,43.9
"A0102","San Diego","Coronado, Imperial Beach, San Diego","https://www.californiahealthmaps.org?address=A0102","Male","Lung",162445,54.1,42.8,67.7,71155,50.3,37.2,68.5,"","","","",68895,58.2,35.0,92.8,10985,"","","",4,65126,0.1,17.1,22.0,41.1,3.5,8.6,43.9
"A0102","San Diego","Coronado, Imperial Beach, San Diego","https://www.californiahealthmaps.org?address=A0102","Female","Lung",163185,43.1,34.0,54.1,64510,52.1,38.7,71.2,"","","","",74540,"","","",14130,"","","",4,65126,0.1,17.1,22.0,41.1,3.5,8.6,43.9
"A0102","San Diego","Coronado, Imperial Beach, San Diego","https://www.californiahealthmaps.org?address=A0102","Male","CRC",162445,42.4,32.6,54.5,71155,42.0,29.6,59.8,"","","","",68895,43.0,25.1,71.4,10985,"","","",4,65126,0.1,17.1,22.0,41.1,3.5,8.6,43.9
"A0102","San Diego","Coronado, Imperial Beach, San Diego","https://www.californiahealthmaps.org?address=A0102","Female","CRC",163185,35.4,27.1,45.8,64510,40.4,28.2,58.6,"","","","",74540,35.4,20.3,57.9,14130,"","","",4,65126,0.1,17.1,22.0,41.1,3.5,8.6,43.9
"A0102","San Diego","Coronado, Imperial Beach, San Diego","https://www.californiahealthmaps.org?address=A0102","Male","Mela",162445,36.1,27.1,47.4,71155,50.3,37.1,68.7,"","","","",68895,"","","",10985,"","","",4,65126,0.1,17.1,22.0,41.1,3.5,8.6,43.9
"A0102","San Diego","Coronado, Imperial Beach, San Diego","https://www.californiahealthmaps.org?address=A0102","Female","Mela",163185,21.2,14.7,29.8,64510,33.3,21.2,51.9,"","","","",74540,"","","",14130,"","","",4,65126,0.1,17.1,22.0,41.1,3.5,8.6,43.9
"A0102","San Diego","Coronado, Imperial Beach, San Diego","https://www.californiahealthmaps.org?address=A0102","Female","Uterine",163185,26.1,19.2,35.1,64510,27.7,18.0,43.5,"","","","",74540,"","","",14130,"","","",4,65126,0.1,17.1,22.0,41.1,3.5,8.6,43.9
"A0102","San Diego","Coronado, Imperial Beach, San Diego","https://www.californiahealthmaps.org?address=A0102","Male","Lymph",162445,23.4,16.2,32.9,71155,23.2,14.4,37.8,"","","","",68895,"","","",10985,"","","",4,65126,0.1,17.1,22.0,41.1,3.5,8.6,43.9
"A0102","San Diego","Coronado, Imperial Beach, San Diego","https://www.californiahealthmaps.org?address=A0102","Female","Lymph",163185,14.8,9.6,22.1,64510,"","","","","","","",74540,"","","",14130,"","","",4,65126,0.1,17.1,22.0,41.1,3.5,8.6,43.9
"A0102","San Diego","Coronado, Imperial Beach, San Diego","https://www.californiahealthmaps.org?address=A0102","Male","Urinary",162445,18.4,12.1,27.1,71155,20.2,12.3,33.8,"","","","",68895,"","","",10985,"","","",4,65126,0.1,17.1,22.0,41.1,3.5,8.6,43.9
"A0102","San Diego","Coronado, Imperial Beach, San Diego","https://www.californiahealthmaps.org?address=A0102","Female","Urinary",163185,3.1,1.1,7.3,64510,"","","","","","","",74540,"","","",14130,"","","",4,65126,0.1,17.1,22.0,41.1,3.5,8.6,43.9
"A0102","San Diego","Coronado, Imperial Beach, San Diego","https://www.californiahealthmaps.org?address=A0102","Male","Kidney",162445,20.5,13.8,29.7,71155,17.7,10.0,31.3,"","","","",68895,"","","",10985,"","","",4,65126,0.1,17.1,22.0,41.1,3.5,8.6,43.9
"A0102","San Diego","Coronado, Imperial Beach, San Diego","https://www.californiahealthmaps.org?address=A0102","Female","Kidney",163185,9.9,5.7,16.2,64510,"","","","","","","",74540,"","","",14130,"","","",4,65126,0.1,17.1,22.0,41.1,3.5,8.6,43.9
"A0102","San Diego","Coronado, Imperial Beach, San Diego","https://www.californiahealthmaps.org?address=A0102","Male","Thyroid",162445,4.5,1.8,9.8,71155,"","","","","","","",68895,"","","",10985,"","","",4,65126,0.1,17.1,22.0,41.1,3.5,8.6,43.9
"A0102","San Diego","Coronado, Imperial Beach, San Diego","https://www.californiahealthmaps.org?address=A0102","Female","Thyroid",163185,17.6,11.7,25.7,64510,20.0,11.0,35.9,"","","","",74540,"","","",14130,"","","",4,65126,0.1,17.1,22.0,41.1,3.5,8.6,43.9
"A0102","San Diego","Coronado, Imperial Beach, San Diego","https://www.californiahealthmaps.org?address=A0102","Both","AllSite",325630,423.9,401.7,447.0,135665,447.0,416.7,479.8,"","","","",143435,426.8,384.9,472.6,25115,272.2,218.0,341.9,4,65126,0.1,17.1,22.0,41.1,3.5,8.6,43.9
"A0102","San Diego","Coronado, Imperial Beach, San Diego","https://www.californiahealthmaps.org?address=A0102","Both","Lung",325630,48.0,40.7,56.2,135665,50.9,41.4,62.8,"","","","",143435,38.9,26.5,55.6,25115,51.7,30.0,91.5,4,65126,0.1,17.1,22.0,41.1,3.5,8.6,43.9
"A0102","San Diego","Coronado, Imperial Beach, San Diego","https://www.californiahealthmaps.org?address=A0102","Both","CRC",325630,38.6,32.1,46.1,135665,40.8,32.0,52.3,"","","","",143435,38.8,26.8,54.9,25115,"","","",4,65126,0.1,17.1,22.0,41.1,3.5,8.6,43.9
"A0102","San Diego","Coronado, Imperial Beach, San Diego","https://www.californiahealthmaps.org?address=A0102","Both","Mela",325630,27.4,22.0,33.8,135665,40.7,31.7,52.4,"","","","",143435,"","","",25115,"","","",4,65126,0.1,17.1,22.0,41.1,3.5,8.6,43.9
"A0102","San Diego","Coronado, Imperial Beach, San Diego","https://www.californiahealthmaps.org?address=A0102","Both","Lymph",325630,18.8,14.3,24.4,135665,16.4,11.1,24.5,"","","","",143435,22.0,13.3,34.8,25115,"","","",4,65126,0.1,17.1,22.0,41.1,3.5,8.6,43.9
"A0102","San Diego","Coronado, Imperial Beach, San Diego","https://www.californiahealthmaps.org?address=A0102","Both","Urinary",325630,9.9,6.8,14.1,135665,11.5,7.3,18.5,"","","","",143435,"","","",25115,"","","",4,65126,0.1,17.1,22.0,41.1,3.5,8.6,43.9
"A0102","San Diego","Coronado, Imperial Beach, San Diego","https://www.californiahealthmaps.org?address=A0102","Both","Kidney",325630,14.7,10.8,19.7,135665,10.3,6.1,17.4,"","","","",143435,23.6,14.6,36.9,25115,"","","",4,65126,0.1,17.1,22.0,41.1,3.5,8.6,43.9
"A0102","San Diego","Coronado, Imperial Beach, San Diego","https://www.californiahealthmaps.org?address=A0102","Both","Thyroid",325630,11.3,7.9,15.9,135665,12.9,7.8,20.9,"","","","",143435,"","","",25115,"","","",4,65126,0.1,17.1,22.0,41.1,3.5,8.6,43.9
