"Zone","Counties","Cities","URL","Sex","Cancer","PopTot","AAIR","LCI","UCI","White_PopTot","White_AAIR","White_LCI","White_UCI","Black_PopTot","Black_AAIR","Black_LCI","Black_UCI","Hispanic_PopTot","Hispanic_AAIR","Hispanic_LCI","Hispanic_UCI","Asian_PopTot","Asian_AAIR","Asian_LCI","Asian_UCI","QNSES","PopAll","PerRural","PerUninsured","PerForeignBorn","PerWhite","PerBlack","PerAsian","PerHispanic","PerAPI","PerDocvisit","PerFOBT","PerMammo","PerMenPrev","PerPap","PerWomenPrev"
"A0595","Contra Costa","Danville, San Ramon","https://www.californiahealthmaps.org?address=A0595","Male","AllSite",140720,519.3,470.6,572.6,68160,551.3,487.2,623.0,"","","","","","","","",53320,454.4,362.1,571.8,5,57696,0.1,4.9,29.4,46.6,2.8,38.6,7.3,38.6,"","","","","",""
"A0595","Contra Costa","Danville, San Ramon","https://www.californiahealthmaps.org?address=A0595","Female","AllSite",147760,474.2,434.5,517.4,71645,473.9,421.9,532.1,"","","","",10085,459.3,299.5,692.9,55805,460.2,390.3,545.2,5,57696,0.1,4.9,29.4,46.6,2.8,38.6,7.3,38.6,"","","","","",""
"A0595","Contra Costa","Danville, San Ramon","https://www.californiahealthmaps.org?address=A0595","Male","Prostate",140720,164.5,137.7,196.1,68160,183.4,147.4,227.3,"","","","","","","","",53320,78.6,45.2,140.4,5,57696,0.1,4.9,29.4,46.6,2.8,38.6,7.3,38.6,"","","","","",""
"A0595","Contra Costa","Danville, San Ramon","https://www.californiahealthmaps.org?address=A0595","Female","Breast",147760,163.2,141.8,187.9,71645,162.0,133.2,197.0,"","","","",10085,"","","",55805,175.3,137.0,228.9,5,57696,0.1,4.9,29.4,46.6,2.8,38.6,7.3,38.6,"","","","","",""
"A0595","Contra Costa","Danville, San Ramon","https://www.californiahealthmaps.org?address=A0595","Male","Lung",140720,32.6,19.9,51.0,68160,"","","","","","","","","","","",53320,"","","",5,57696,0.1,4.9,29.4,46.6,2.8,38.6,7.3,38.6,"","","","","",""
"A0595","Contra Costa","Danville, San Ramon","https://www.californiahealthmaps.org?address=A0595","Female","Lung",147760,40.0,28.1,55.9,71645,46.7,30.4,70.2,"","","","",10085,"","","",55805,"","","",5,57696,0.1,4.9,29.4,46.6,2.8,38.6,7.3,38.6,"","","","","",""
"A0595","Contra Costa","Danville, San Ramon","https://www.californiahealthmaps.org?address=A0595","Male","CRC",140720,44.9,30.9,64.1,68160,32.6,18.3,55.8,"","","","","","","","",53320,81.2,41.8,151.5,5,57696,0.1,4.9,29.4,46.6,2.8,38.6,7.3,38.6,"","","","","",""
"A0595","Contra Costa","Danville, San Ramon","https://www.californiahealthmaps.org?address=A0595","Female","CRC",147760,41.3,29.5,56.9,71645,31.0,19.1,50.0,"","","","",10085,"","","",55805,50.8,28.1,92.5,5,57696,0.1,4.9,29.4,46.6,2.8,38.6,7.3,38.6,"","","","","",""
"A0595","Contra Costa","Danville, San Ramon","https://www.californiahealthmaps.org?address=A0595","Male","Mela",140720,40.8,28.6,58.0,68160,58.3,39.7,85.0,"","","","","","","","",53320,"","","",5,57696,0.1,4.9,29.4,46.6,2.8,38.6,7.3,38.6,"","","","","",""
"A0595","Contra Costa","Danville, San Ramon","https://www.californiahealthmaps.org?address=A0595","Female","Mela",147760,29.5,20.6,42.0,71645,44.1,29.4,65.7,"","","","",10085,"","","",55805,"","","",5,57696,0.1,4.9,29.4,46.6,2.8,38.6,7.3,38.6,"","","","","",""
"A0595","Contra Costa","Danville, San Ramon","https://www.californiahealthmaps.org?address=A0595","Female","Uterine",147760,34.5,24.4,48.4,71645,30.0,18.4,48.7,"","","","",10085,"","","",55805,"","","",5,57696,0.1,4.9,29.4,46.6,2.8,38.6,7.3,38.6,"","","","","",""
"A0595","Contra Costa","Danville, San Ramon","https://www.californiahealthmaps.org?address=A0595","Male","Lymph",140720,27.6,17.4,43.0,68160,28.3,14.9,50.8,"","","","","","","","",53320,"","","",5,57696,0.1,4.9,29.4,46.6,2.8,38.6,7.3,38.6,"","","","","",""
"A0595","Contra Costa","Danville, San Ramon","https://www.californiahealthmaps.org?address=A0595","Female","Lymph",147760,9.9,5.4,18.4,71645,"","","","","","","",10085,"","","",55805,"","","",5,57696,0.1,4.9,29.4,46.6,2.8,38.6,7.3,38.6,"","","","","",""
"A0595","Contra Costa","Danville, San Ramon","https://www.californiahealthmaps.org?address=A0595","Male","Urinary",140720,"","","",68160,"","","","","","","","","","","",53320,"","","",5,57696,0.1,4.9,29.4,46.6,2.8,38.6,7.3,38.6,"","","","","",""
"A0595","Contra Costa","Danville, San Ramon","https://www.californiahealthmaps.org?address=A0595","Female","Urinary",147760,"","","",71645,"","","","","","","",10085,"","","",55805,"","","",5,57696,0.1,4.9,29.4,46.6,2.8,38.6,7.3,38.6,"","","","","",""
"A0595","Contra Costa","Danville, San Ramon","https://www.californiahealthmaps.org?address=A0595","Male","Kidney",140720,23.6,14.8,37.5,68160,26.8,14.3,48.0,"","","","","","","","",53320,"","","",5,57696,0.1,4.9,29.4,46.6,2.8,38.6,7.3,38.6,"","","","","",""
"A0595","Contra Costa","Danville, San Ramon","https://www.californiahealthmaps.org?address=A0595","Female","Kidney",147760,"","","",71645,"","","","","","","",10085,"","","",55805,"","","",5,57696,0.1,4.9,29.4,46.6,2.8,38.6,7.3,38.6,"","","","","",""
"A0595","Contra Costa","Danville, San Ramon","https://www.californiahealthmaps.org?address=A0595","Male","Thyroid",140720,"","","",68160,"","","","","","","","","","","",53320,"","","",5,57696,0.1,4.9,29.4,46.6,2.8,38.6,7.3,38.6,"","","","","",""
"A0595","Contra Costa","Danville, San Ramon","https://www.californiahealthmaps.org?address=A0595","Female","Thyroid",147760,24.1,16.2,35.9,71645,22.5,12.9,39.1,"","","","",10085,"","","",55805,"","","",5,57696,0.1,4.9,29.4,46.6,2.8,38.6,7.3,38.6,"","","","","",""
"A0595","Contra Costa","Danville, San Ramon","https://www.californiahealthmaps.org?address=A0595","Male","Liver",140720,"","","",68160,"","","","","","","","","","","",53320,"","","",5,57696,0.1,4.9,29.4,46.6,2.8,38.6,7.3,38.6,"","","","","",""
"A0595","Contra Costa","Danville, San Ramon","https://www.californiahealthmaps.org?address=A0595","Female","Liver",147760,"","","",71645,"","","","","","","",10085,"","","",55805,"","","",5,57696,0.1,4.9,29.4,46.6,2.8,38.6,7.3,38.6,"","","","","",""
"A0595","Contra Costa","Danville, San Ramon","https://www.californiahealthmaps.org?address=A0595","Male","Pancreas",140720,"","","",68160,"","","","","","","","","","","",53320,"","","",5,57696,0.1,4.9,29.4,46.6,2.8,38.6,7.3,38.6,"","","","","",""
"A0595","Contra Costa","Danville, San Ramon","https://www.californiahealthmaps.org?address=A0595","Female","Pancreas",147760,"","","",71645,"","","","","","","",10085,"","","",55805,"","","",5,57696,0.1,4.9,29.4,46.6,2.8,38.6,7.3,38.6,"","","","","",""
"A0595","Contra Costa","Danville, San Ramon","https://www.californiahealthmaps.org?address=A0595","Both","AllSite",288480,489.5,458.9,521.9,139805,506.0,465.6,549.7,"","","","",19180,509.6,371.8,689.9,109125,447.2,391.7,511.7,5,57696,0.1,4.9,29.4,46.6,2.8,38.6,7.3,38.6,"","","","","",""
"A0595","Contra Costa","Danville, San Ramon","https://www.californiahealthmaps.org?address=A0595","Both","Lung",288480,36.4,27.6,47.4,139805,37.3,26.2,52.2,"","","","",19180,"","","",109125,36.3,20.9,63.0,5,57696,0.1,4.9,29.4,46.6,2.8,38.6,7.3,38.6,"","","","","",""
"A0595","Contra Costa","Danville, San Ramon","https://www.californiahealthmaps.org?address=A0595","Both","CRC",288480,42.1,33.2,53.1,139805,32.0,22.5,45.0,"","","","",19180,"","","",109125,61.7,40.6,93.8,5,57696,0.1,4.9,29.4,46.6,2.8,38.6,7.3,38.6,"","","","","",""
"A0595","Contra Costa","Danville, San Ramon","https://www.californiahealthmaps.org?address=A0595","Both","Mela",288480,33.5,26.4,42.6,139805,49.0,37.5,63.8,"","","","",19180,"","","",109125,"","","",5,57696,0.1,4.9,29.4,46.6,2.8,38.6,7.3,38.6,"","","","","",""
"A0595","Contra Costa","Danville, San Ramon","https://www.californiahealthmaps.org?address=A0595","Both","Lymph",288480,17.9,12.6,25.2,139805,19.0,11.8,29.8,"","","","",19180,"","","",109125,17.1,8.8,37.0,5,57696,0.1,4.9,29.4,46.6,2.8,38.6,7.3,38.6,"","","","","",""
"A0595","Contra Costa","Danville, San Ramon","https://www.californiahealthmaps.org?address=A0595","Both","Urinary",288480,8.3,4.4,14.6,139805,"","","","","","","",19180,"","","",109125,"","","",5,57696,0.1,4.9,29.4,46.6,2.8,38.6,7.3,38.6,"","","","","",""
"A0595","Contra Costa","Danville, San Ramon","https://www.californiahealthmaps.org?address=A0595","Both","Kidney",288480,16.4,11.4,23.6,139805,17.5,10.6,28.2,"","","","",19180,"","","",109125,"","","",5,57696,0.1,4.9,29.4,46.6,2.8,38.6,7.3,38.6,"","","","","",""
"A0595","Contra Costa","Danville, San Ramon","https://www.californiahealthmaps.org?address=A0595","Both","Thyroid",288480,16.3,11.5,23.0,139805,16.7,10.4,26.5,"","","","",19180,"","","",109125,18.3,9.7,38.4,5,57696,0.1,4.9,29.4,46.6,2.8,38.6,7.3,38.6,"","","","","",""
"A0595","Contra Costa","Danville, San Ramon","https://www.californiahealthmaps.org?address=A0595","Both","Liver",288480,9.2,5.3,15.3,139805,"","","","","","","",19180,"","","",109125,"","","",5,57696,0.1,4.9,29.4,46.6,2.8,38.6,7.3,38.6,"","","","","",""
"A0595","Contra Costa","Danville, San Ramon","https://www.californiahealthmaps.org?address=A0595","Both","Pancreas",288480,11.1,6.9,17.5,139805,12.4,7.0,21.5,"","","","",19180,"","","",109125,"","","",5,57696,0.1,4.9,29.4,46.6,2.8,38.6,7.3,38.6,"","","","","",""
