"Zone","Counties","Cities","URL","Sex","Cancer","PopTot","AAIR","LCI","UCI","White_PopTot","White_AAIR","White_LCI","White_UCI","Black_PopTot","Black_AAIR","Black_LCI","Black_UCI","Hispanic_PopTot","Hispanic_AAIR","Hispanic_LCI","Hispanic_UCI","Asian_PopTot","Asian_AAIR","Asian_LCI","Asian_UCI","QNSES","PopAll","PerRural","PerUninsured","PerForeignBorn","PerWhite","PerBlack","PerAsian","PerHispanic","PerAPI","PerDocvisit","PerFOBT","PerMammo","PerMenPrev","PerPap","PerWomenPrev"
"A0728","Riverside","Palm Desert, Palm Springs, Cathedral City","https://www.californiahealthmaps.org?address=A0728","Male","AllSite",174960,523.1,495.4,552.5,99025,515.3,482.8,555.3,"","","","",58620,528.8,440.8,631.4,"","","","",3,64362,3.1,21.5,25.2,54.2,3.4,4.9,34.0,4.9,"","","","","",""
"A0728","Riverside","Palm Desert, Palm Springs, Cathedral City","https://www.californiahealthmaps.org?address=A0728","Female","AllSite",146850,356.3,330.7,383.9,73480,368.0,332.7,412.1,"","","","",55850,348.5,288.7,418.6,"","","","",3,64362,3.1,21.5,25.2,54.2,3.4,4.9,34.0,4.9,"","","","","",""
"A0728","Riverside","Palm Desert, Palm Springs, Cathedral City","https://www.californiahealthmaps.org?address=A0728","Male","Prostate",174960,113.4,101.5,127.2,99025,107.8,94.8,129.9,"","","","",58620,97.6,64.3,145.7,"","","","",3,64362,3.1,21.5,25.2,54.2,3.4,4.9,34.0,4.9,"","","","","",""
"A0728","Riverside","Palm Desert, Palm Springs, Cathedral City","https://www.californiahealthmaps.org?address=A0728","Female","Breast",146850,107.7,93.5,124.2,73480,107.2,89.0,135.4,"","","","",55850,105.6,76.1,145.1,"","","","",3,64362,3.1,21.5,25.2,54.2,3.4,4.9,34.0,4.9,"","","","","",""
"A0728","Riverside","Palm Desert, Palm Springs, Cathedral City","https://www.californiahealthmaps.org?address=A0728","Male","Lung",174960,49.0,41.0,58.8,99025,48.4,39.9,67.4,"","","","",58620,"","","","","","","",3,64362,3.1,21.5,25.2,54.2,3.4,4.9,34.0,4.9,"","","","","",""
"A0728","Riverside","Palm Desert, Palm Springs, Cathedral City","https://www.californiahealthmaps.org?address=A0728","Female","Lung",146850,46.6,38.5,56.8,73480,51.1,41.1,72.2,"","","","",55850,"","","","","","","",3,64362,3.1,21.5,25.2,54.2,3.4,4.9,34.0,4.9,"","","","","",""
"A0728","Riverside","Palm Desert, Palm Springs, Cathedral City","https://www.californiahealthmaps.org?address=A0728","Male","CRC",174960,51.3,43.0,61.6,99025,49.5,39.6,69.6,"","","","",58620,70.8,41.0,116.6,"","","","",3,64362,3.1,21.5,25.2,54.2,3.4,4.9,34.0,4.9,"","","","","",""
"A0728","Riverside","Palm Desert, Palm Springs, Cathedral City","https://www.californiahealthmaps.org?address=A0728","Female","CRC",146850,26.1,20.0,34.5,73480,27.3,18.6,48.4,"","","","",55850,"","","","","","","",3,64362,3.1,21.5,25.2,54.2,3.4,4.9,34.0,4.9,"","","","","",""
"A0728","Riverside","Palm Desert, Palm Springs, Cathedral City","https://www.californiahealthmaps.org?address=A0728","Male","Mela",174960,42.9,35.3,52.4,99025,50.4,40.5,70.6,"","","","",58620,"","","","","","","",3,64362,3.1,21.5,25.2,54.2,3.4,4.9,34.0,4.9,"","","","","",""
"A0728","Riverside","Palm Desert, Palm Springs, Cathedral City","https://www.californiahealthmaps.org?address=A0728","Female","Mela",146850,17.2,11.9,24.9,73480,23.6,14.2,45.7,"","","","",55850,"","","","","","","",3,64362,3.1,21.5,25.2,54.2,3.4,4.9,34.0,4.9,"","","","","",""
"A0728","Riverside","Palm Desert, Palm Springs, Cathedral City","https://www.californiahealthmaps.org?address=A0728","Female","Uterine",146850,17.8,12.5,25.5,73480,18.1,11.9,37.6,"","","","",55850,"","","","","","","",3,64362,3.1,21.5,25.2,54.2,3.4,4.9,34.0,4.9,"","","","","",""
"A0728","Riverside","Palm Desert, Palm Springs, Cathedral City","https://www.californiahealthmaps.org?address=A0728","Male","Lymph",174960,27.4,21.3,35.6,99025,29.0,20.9,48.3,"","","","",58620,"","","","","","","",3,64362,3.1,21.5,25.2,54.2,3.4,4.9,34.0,4.9,"","","","","",""
"A0728","Riverside","Palm Desert, Palm Springs, Cathedral City","https://www.californiahealthmaps.org?address=A0728","Female","Lymph",146850,14.5,9.8,21.6,73480,18.3,11.2,38.5,"","","","",55850,"","","","","","","",3,64362,3.1,21.5,25.2,54.2,3.4,4.9,34.0,4.9,"","","","","",""
"A0728","Riverside","Palm Desert, Palm Springs, Cathedral City","https://www.californiahealthmaps.org?address=A0728","Male","Urinary",174960,25.3,19.7,32.9,99025,26.6,20.3,44.5,"","","","",58620,"","","","","","","",3,64362,3.1,21.5,25.2,54.2,3.4,4.9,34.0,4.9,"","","","","",""
"A0728","Riverside","Palm Desert, Palm Springs, Cathedral City","https://www.californiahealthmaps.org?address=A0728","Female","Urinary",146850,5.5,3.0,10.6,73480,"","","","","","","",55850,"","","","","","","",3,64362,3.1,21.5,25.2,54.2,3.4,4.9,34.0,4.9,"","","","","",""
"A0728","Riverside","Palm Desert, Palm Springs, Cathedral City","https://www.californiahealthmaps.org?address=A0728","Male","Kidney",174960,20.3,15.3,27.4,99025,18.5,13.5,36.0,"","","","",58620,"","","","","","","",3,64362,3.1,21.5,25.2,54.2,3.4,4.9,34.0,4.9,"","","","","",""
"A0728","Riverside","Palm Desert, Palm Springs, Cathedral City","https://www.californiahealthmaps.org?address=A0728","Female","Kidney",146850,11.4,7.2,18.2,73480,"","","","","","","",55850,"","","","","","","",3,64362,3.1,21.5,25.2,54.2,3.4,4.9,34.0,4.9,"","","","","",""
"A0728","Riverside","Palm Desert, Palm Springs, Cathedral City","https://www.californiahealthmaps.org?address=A0728","Male","Thyroid",174960,6.5,3.6,11.6,99025,6.6,3.7,24.0,"","","","",58620,"","","","","","","",3,64362,3.1,21.5,25.2,54.2,3.4,4.9,34.0,4.9,"","","","","",""
"A0728","Riverside","Palm Desert, Palm Springs, Cathedral City","https://www.californiahealthmaps.org?address=A0728","Female","Thyroid",146850,18.7,12.1,28.2,73480,14.7,6.2,37.4,"","","","",55850,"","","","","","","",3,64362,3.1,21.5,25.2,54.2,3.4,4.9,34.0,4.9,"","","","","",""
"A0728","Riverside","Palm Desert, Palm Springs, Cathedral City","https://www.californiahealthmaps.org?address=A0728","Male","Liver",174960,12.1,8.3,18.0,99025,10.5,6.4,28.1,"","","","",58620,"","","","","","","",3,64362,3.1,21.5,25.2,54.2,3.4,4.9,34.0,4.9,"","","","","",""
"A0728","Riverside","Palm Desert, Palm Springs, Cathedral City","https://www.californiahealthmaps.org?address=A0728","Female","Liver",146850,"","","",73480,"","","","","","","",55850,"","","","","","","",3,64362,3.1,21.5,25.2,54.2,3.4,4.9,34.0,4.9,"","","","","",""
"A0728","Riverside","Palm Desert, Palm Springs, Cathedral City","https://www.californiahealthmaps.org?address=A0728","Male","Pancreas",174960,14.1,10.1,20.3,99025,12.9,8.7,30.3,"","","","",58620,"","","","","","","",3,64362,3.1,21.5,25.2,54.2,3.4,4.9,34.0,4.9,"","","","","",""
"A0728","Riverside","Palm Desert, Palm Springs, Cathedral City","https://www.californiahealthmaps.org?address=A0728","Female","Pancreas",146850,8.6,5.4,14.3,73480,10.7,6.5,29.4,"","","","",55850,"","","","","","","",3,64362,3.1,21.5,25.2,54.2,3.4,4.9,34.0,4.9,"","","","","",""
"A0728","Riverside","Palm Desert, Palm Springs, Cathedral City","https://www.californiahealthmaps.org?address=A0728","Both","AllSite",321810,441.7,422.9,461.5,172505,447.4,423.6,474.9,11375,479.4,370.1,617.5,114470,419.7,369.3,475.7,15945,313.9,234.3,419.8,3,64362,3.1,21.5,25.2,54.2,3.4,4.9,34.0,4.9,"","","","","",""
"A0728","Riverside","Palm Desert, Palm Springs, Cathedral City","https://www.californiahealthmaps.org?address=A0728","Both","Lung",321810,47.6,41.9,54.3,172505,49.4,42.9,60.5,11375,"","","",114470,40.0,24.2,62.6,15945,"","","",3,64362,3.1,21.5,25.2,54.2,3.4,4.9,34.0,4.9,"","","","","",""
"A0728","Riverside","Palm Desert, Palm Springs, Cathedral City","https://www.californiahealthmaps.org?address=A0728","Both","CRC",321810,39.2,33.9,45.4,172505,39.3,32.5,51.0,11375,"","","",114470,48.6,32.2,71.3,15945,"","","",3,64362,3.1,21.5,25.2,54.2,3.4,4.9,34.0,4.9,"","","","","",""
"A0728","Riverside","Palm Desert, Palm Springs, Cathedral City","https://www.californiahealthmaps.org?address=A0728","Both","Mela",321810,30.0,25.4,35.7,172505,37.5,30.6,49.2,11375,"","","",114470,"","","",15945,"","","",3,64362,3.1,21.5,25.2,54.2,3.4,4.9,34.0,4.9,"","","","","",""
"A0728","Riverside","Palm Desert, Palm Springs, Cathedral City","https://www.californiahealthmaps.org?address=A0728","Both","Lymph",321810,21.4,17.4,26.4,172505,24.1,18.5,35.0,11375,"","","",114470,"","","",15945,"","","",3,64362,3.1,21.5,25.2,54.2,3.4,4.9,34.0,4.9,"","","","","",""
"A0728","Riverside","Palm Desert, Palm Springs, Cathedral City","https://www.californiahealthmaps.org?address=A0728","Both","Urinary",321810,15.4,12.2,19.5,172505,16.1,12.5,25.4,11375,"","","",114470,"","","",15945,"","","",3,64362,3.1,21.5,25.2,54.2,3.4,4.9,34.0,4.9,"","","","","",""
"A0728","Riverside","Palm Desert, Palm Springs, Cathedral City","https://www.californiahealthmaps.org?address=A0728","Both","Kidney",321810,15.9,12.6,20.3,172505,13.3,10.1,22.4,11375,"","","",114470,24.4,13.6,41.3,15945,"","","",3,64362,3.1,21.5,25.2,54.2,3.4,4.9,34.0,4.9,"","","","","",""
"A0728","Riverside","Palm Desert, Palm Springs, Cathedral City","https://www.californiahealthmaps.org?address=A0728","Both","Thyroid",321810,12.0,8.5,16.6,172505,10.1,5.8,20.5,11375,"","","",114470,"","","",15945,"","","",3,64362,3.1,21.5,25.2,54.2,3.4,4.9,34.0,4.9,"","","","","",""
"A0728","Riverside","Palm Desert, Palm Springs, Cathedral City","https://www.californiahealthmaps.org?address=A0728","Both","Liver",321810,8.0,5.7,11.3,172505,6.8,4.2,15.9,11375,"","","",114470,"","","",15945,"","","",3,64362,3.1,21.5,25.2,54.2,3.4,4.9,34.0,4.9,"","","","","",""
"A0728","Riverside","Palm Desert, Palm Springs, Cathedral City","https://www.californiahealthmaps.org?address=A0728","Both","Pancreas",321810,11.5,8.8,15.2,172505,11.8,8.8,20.8,11375,"","","",114470,"","","",15945,"","","",3,64362,3.1,21.5,25.2,54.2,3.4,4.9,34.0,4.9,"","","","","",""
