"Zone","Counties","Cities","URL","Sex","Cancer","PopTot","AAIR","LCI","UCI","White_PopTot","White_AAIR","White_LCI","White_UCI","Black_PopTot","Black_AAIR","Black_LCI","Black_UCI","Hispanic_PopTot","Hispanic_AAIR","Hispanic_LCI","Hispanic_UCI","Asian_PopTot","Asian_AAIR","Asian_LCI","Asian_UCI","QNSES","PopAll","PerRural","PerUninsured","PerForeignBorn","PerWhite","PerBlack","PerAsian","PerHispanic"
"A0706","Ventura","Ventura","https://www.californiahealthmaps.org?address=A0706","Male","AllSite",173175,481.9,448.6,517.2,105215,490.6,452.4,531.9,"","","","",52985,384.8,312.6,471.2,"","","","",4,70109,0.0,13.4,12.7,60.3,1.8,4.0,30.6
"A0706","Ventura","Ventura","https://www.californiahealthmaps.org?address=A0706","Female","AllSite",177370,444.1,415.6,474.4,109590,448.1,414.2,485.0,"","","","",51785,414.8,351.2,488.0,"","","","",4,70109,0.0,13.4,12.7,60.3,1.8,4.0,30.6
"A0706","Ventura","Ventura","https://www.californiahealthmaps.org?address=A0706","Male","Prostate",173175,99.3,84.6,116.1,105215,87.6,72.2,106.3,"","","","",52985,127.8,86.1,185.1,"","","","",4,70109,0.0,13.4,12.7,60.3,1.8,4.0,30.6
"A0706","Ventura","Ventura","https://www.californiahealthmaps.org?address=A0706","Female","Breast",177370,141.9,125.9,159.7,109590,146.5,127.4,168.7,"","","","",51785,120.4,87.5,163.1,"","","","",4,70109,0.0,13.4,12.7,60.3,1.8,4.0,30.6
"A0706","Ventura","Ventura","https://www.californiahealthmaps.org?address=A0706","Male","Lung",173175,45.1,35.2,57.2,105215,45.2,34.3,59.4,"","","","",52985,"","","","","","","",4,70109,0.0,13.4,12.7,60.3,1.8,4.0,30.6
"A0706","Ventura","Ventura","https://www.californiahealthmaps.org?address=A0706","Female","Lung",177370,44.2,35.6,54.5,109590,46.3,36.4,59.4,"","","","",51785,"","","","","","","",4,70109,0.0,13.4,12.7,60.3,1.8,4.0,30.6
"A0706","Ventura","Ventura","https://www.californiahealthmaps.org?address=A0706","Male","CRC",173175,40.4,31.4,51.4,105215,40.0,29.8,53.5,"","","","",52985,"","","","","","","",4,70109,0.0,13.4,12.7,60.3,1.8,4.0,30.6
"A0706","Ventura","Ventura","https://www.californiahealthmaps.org?address=A0706","Female","CRC",177370,26.6,20.3,34.7,109590,25.9,18.7,36.4,"","","","",51785,"","","","","","","",4,70109,0.0,13.4,12.7,60.3,1.8,4.0,30.6
"A0706","Ventura","Ventura","https://www.californiahealthmaps.org?address=A0706","Male","Mela",173175,57.6,46.4,70.9,105215,63.4,50.0,80.0,"","","","",52985,"","","","","","","",4,70109,0.0,13.4,12.7,60.3,1.8,4.0,30.6
"A0706","Ventura","Ventura","https://www.californiahealthmaps.org?address=A0706","Female","Mela",177370,29.8,22.7,38.8,109590,36.7,27.0,49.9,"","","","",51785,"","","","","","","",4,70109,0.0,13.4,12.7,60.3,1.8,4.0,30.6
"A0706","Ventura","Ventura","https://www.californiahealthmaps.org?address=A0706","Female","Uterine",177370,34.2,26.7,43.5,109590,33.0,24.6,44.7,"","","","",51785,36.3,19.9,63.0,"","","","",4,70109,0.0,13.4,12.7,60.3,1.8,4.0,30.6
"A0706","Ventura","Ventura","https://www.californiahealthmaps.org?address=A0706","Male","Lymph",173175,25.0,17.8,34.4,105215,24.0,16.1,35.3,"","","","",52985,"","","","","","","",4,70109,0.0,13.4,12.7,60.3,1.8,4.0,30.6
"A0706","Ventura","Ventura","https://www.californiahealthmaps.org?address=A0706","Female","Lymph",177370,20.9,15.2,28.5,109590,22.1,15.0,32.8,"","","","",51785,"","","","","","","",4,70109,0.0,13.4,12.7,60.3,1.8,4.0,30.6
"A0706","Ventura","Ventura","https://www.californiahealthmaps.org?address=A0706","Male","Urinary",173175,18.3,12.2,26.5,105215,22.2,14.8,33.2,"","","","",52985,"","","","","","","",4,70109,0.0,13.4,12.7,60.3,1.8,4.0,30.6
"A0706","Ventura","Ventura","https://www.californiahealthmaps.org?address=A0706","Female","Urinary",177370,7.0,3.9,12.1,109590,"","","","","","","",51785,"","","","","","","",4,70109,0.0,13.4,12.7,60.3,1.8,4.0,30.6
"A0706","Ventura","Ventura","https://www.californiahealthmaps.org?address=A0706","Male","Kidney",173175,24.2,17.3,33.2,105215,23.6,15.9,34.9,"","","","",52985,"","","","","","","",4,70109,0.0,13.4,12.7,60.3,1.8,4.0,30.6
"A0706","Ventura","Ventura","https://www.californiahealthmaps.org?address=A0706","Female","Kidney",177370,8.9,5.2,14.6,109590,"","","","","","","",51785,"","","","","","","",4,70109,0.0,13.4,12.7,60.3,1.8,4.0,30.6
"A0706","Ventura","Ventura","https://www.californiahealthmaps.org?address=A0706","Male","Thyroid",173175,6.4,3.1,11.9,105215,"","","","","","","",52985,"","","","","","","",4,70109,0.0,13.4,12.7,60.3,1.8,4.0,30.6
"A0706","Ventura","Ventura","https://www.californiahealthmaps.org?address=A0706","Female","Thyroid",177370,26.4,19.6,35.0,109590,25.6,17.3,37.8,"","","","",51785,"","","","","","","",4,70109,0.0,13.4,12.7,60.3,1.8,4.0,30.6
"A0706","Ventura","Ventura","https://www.californiahealthmaps.org?address=A0706","Both","AllSite",350545,454.4,432.9,476.7,214805,460.5,435.5,487.1,"","","","",104770,396.1,348.3,449.4,13770,357.2,266.1,477.2,4,70109,0.0,13.4,12.7,60.3,1.8,4.0,30.6
"A0706","Ventura","Ventura","https://www.californiahealthmaps.org?address=A0706","Both","Lung",350545,44.1,37.6,51.5,214805,45.5,38.1,54.4,"","","","",104770,38.8,24.0,59.9,13770,"","","",4,70109,0.0,13.4,12.7,60.3,1.8,4.0,30.6
"A0706","Ventura","Ventura","https://www.californiahealthmaps.org?address=A0706","Both","CRC",350545,32.9,27.5,39.3,214805,32.1,26.0,39.9,"","","","",104770,37.3,23.5,57.1,13770,"","","",4,70109,0.0,13.4,12.7,60.3,1.8,4.0,30.6
"A0706","Ventura","Ventura","https://www.californiahealthmaps.org?address=A0706","Both","Mela",350545,40.9,34.6,48.0,214805,47.1,39.2,56.7,"","","","",104770,"","","",13770,"","","",4,70109,0.0,13.4,12.7,60.3,1.8,4.0,30.6
"A0706","Ventura","Ventura","https://www.californiahealthmaps.org?address=A0706","Both","Lymph",350545,22.3,17.8,27.8,214805,22.4,17.2,29.3,"","","","",104770,"","","",13770,"","","",4,70109,0.0,13.4,12.7,60.3,1.8,4.0,30.6
"A0706","Ventura","Ventura","https://www.californiahealthmaps.org?address=A0706","Both","Urinary",350545,11.6,8.4,15.8,214805,13.2,9.3,18.7,"","","","",104770,"","","",13770,"","","",4,70109,0.0,13.4,12.7,60.3,1.8,4.0,30.6
"A0706","Ventura","Ventura","https://www.californiahealthmaps.org?address=A0706","Both","Kidney",350545,15.7,11.9,20.5,214805,13.9,9.8,19.7,"","","","",104770,19.4,10.8,33.8,13770,"","","",4,70109,0.0,13.4,12.7,60.3,1.8,4.0,30.6
"A0706","Ventura","Ventura","https://www.californiahealthmaps.org?address=A0706","Both","Thyroid",350545,16.5,12.6,21.3,214805,17.1,12.2,23.7,"","","","",104770,"","","",13770,"","","",4,70109,0.0,13.4,12.7,60.3,1.8,4.0,30.6
