"Zone","Counties","Cities","URL","Sex","Cancer","PopTot","AAIR","LCI","UCI","White_PopTot","White_AAIR","White_LCI","White_UCI","Black_PopTot","Black_AAIR","Black_LCI","Black_UCI","Hispanic_PopTot","Hispanic_AAIR","Hispanic_LCI","Hispanic_UCI","Asian_PopTot","Asian_AAIR","Asian_LCI","Asian_UCI","QNSES","PopAll","PerRural","PerUninsured","PerForeignBorn","PerWhite","PerBlack","PerAsian","PerHispanic"
"B0432","Nevada","Grass Valley, Truckee","https://www.californiahealthmaps.org?address=B0432","Male","AllSite",244175,447.7,425.1,471.5,210775,448.2,424.7,473.2,"","","","",21915,408.5,287.1,578.2,"","","","",3,98764,46.4,14.6,5.4,86.6,0.3,1.5,8.5
"B0432","Nevada","Grass Valley, Truckee","https://www.californiahealthmaps.org?address=B0432","Female","AllSite",249645,408.7,387.3,431.5,216610,412.7,389.9,437.1,"","","","",20280,403.7,299.8,538.5,"","","","",3,98764,46.4,14.6,5.4,86.6,0.3,1.5,8.5
"B0432","Nevada","Grass Valley, Truckee","https://www.californiahealthmaps.org?address=B0432","Male","Prostate",244175,113.6,103.1,125.4,210775,112.4,101.6,124.6,"","","","",21915,"","","","","","","",3,98764,46.4,14.6,5.4,86.6,0.3,1.5,8.5
"B0432","Nevada","Grass Valley, Truckee","https://www.californiahealthmaps.org?address=B0432","Female","Breast",249645,138.3,125.8,152.2,216610,145.5,131.8,160.9,"","","","",20280,"","","","","","","",3,98764,46.4,14.6,5.4,86.6,0.3,1.5,8.5
"B0432","Nevada","Grass Valley, Truckee","https://www.californiahealthmaps.org?address=B0432","Male","Lung",244175,43.2,36.5,51.4,210775,45.3,38.2,54.1,"","","","",21915,"","","","","","","",3,98764,46.4,14.6,5.4,86.6,0.3,1.5,8.5
"B0432","Nevada","Grass Valley, Truckee","https://www.californiahealthmaps.org?address=B0432","Female","Lung",249645,47.8,41.1,55.8,216610,48.3,41.3,56.9,"","","","",20280,"","","","","","","",3,98764,46.4,14.6,5.4,86.6,0.3,1.5,8.5
"B0432","Nevada","Grass Valley, Truckee","https://www.californiahealthmaps.org?address=B0432","Male","CRC",244175,37.0,30.6,44.9,210775,36.3,29.7,44.6,"","","","",21915,"","","","","","","",3,98764,46.4,14.6,5.4,86.6,0.3,1.5,8.5
"B0432","Nevada","Grass Valley, Truckee","https://www.californiahealthmaps.org?address=B0432","Female","CRC",249645,26.4,21.2,33.0,216610,25.1,20.1,31.9,"","","","",20280,"","","","","","","",3,98764,46.4,14.6,5.4,86.6,0.3,1.5,8.5
"B0432","Nevada","Grass Valley, Truckee","https://www.californiahealthmaps.org?address=B0432","Male","Mela",244175,41.4,34.6,49.6,210775,39.1,32.1,47.9,"","","","",21915,"","","","","","","",3,98764,46.4,14.6,5.4,86.6,0.3,1.5,8.5
"B0432","Nevada","Grass Valley, Truckee","https://www.californiahealthmaps.org?address=B0432","Female","Mela",249645,32.7,26.4,40.5,216610,29.5,23.0,38.0,"","","","",20280,"","","","","","","",3,98764,46.4,14.6,5.4,86.6,0.3,1.5,8.5
"B0432","Nevada","Grass Valley, Truckee","https://www.californiahealthmaps.org?address=B0432","Female","Uterine",249645,23.5,18.7,29.7,216610,22.7,17.7,29.5,"","","","",20280,"","","","","","","",3,98764,46.4,14.6,5.4,86.6,0.3,1.5,8.5
"B0432","Nevada","Grass Valley, Truckee","https://www.californiahealthmaps.org?address=B0432","Male","Lymph",244175,21.6,16.8,27.8,210775,22.2,17.1,28.9,"","","","",21915,"","","","","","","",3,98764,46.4,14.6,5.4,86.6,0.3,1.5,8.5
"B0432","Nevada","Grass Valley, Truckee","https://www.californiahealthmaps.org?address=B0432","Female","Lymph",249645,18.0,13.8,23.7,216610,18.8,14.2,25.3,"","","","",20280,"","","","","","","",3,98764,46.4,14.6,5.4,86.6,0.3,1.5,8.5
"B0432","Nevada","Grass Valley, Truckee","https://www.californiahealthmaps.org?address=B0432","Male","Urinary",244175,22.1,17.4,28.2,210775,22.1,17.2,28.7,"","","","",21915,"","","","","","","",3,98764,46.4,14.6,5.4,86.6,0.3,1.5,8.5
"B0432","Nevada","Grass Valley, Truckee","https://www.californiahealthmaps.org?address=B0432","Female","Urinary",249645,4.7,2.8,8.2,216610,4.7,2.8,8.7,"","","","",20280,"","","","","","","",3,98764,46.4,14.6,5.4,86.6,0.3,1.5,8.5
"B0432","Nevada","Grass Valley, Truckee","https://www.californiahealthmaps.org?address=B0432","Male","Kidney",244175,20.4,15.6,26.7,210775,18.4,13.7,24.8,"","","","",21915,"","","","","","","",3,98764,46.4,14.6,5.4,86.6,0.3,1.5,8.5
"B0432","Nevada","Grass Valley, Truckee","https://www.californiahealthmaps.org?address=B0432","Female","Kidney",249645,6.6,4.1,10.6,216610,6.8,4.3,11.5,"","","","",20280,"","","","","","","",3,98764,46.4,14.6,5.4,86.6,0.3,1.5,8.5
"B0432","Nevada","Grass Valley, Truckee","https://www.californiahealthmaps.org?address=B0432","Male","Thyroid",244175,4.0,2.0,7.6,210775,"","","","","","","",21915,"","","","","","","",3,98764,46.4,14.6,5.4,86.6,0.3,1.5,8.5
"B0432","Nevada","Grass Valley, Truckee","https://www.californiahealthmaps.org?address=B0432","Female","Thyroid",249645,12.3,8.6,17.7,216610,12.8,8.6,19.0,"","","","",20280,"","","","","","","",3,98764,46.4,14.6,5.4,86.6,0.3,1.5,8.5
"B0432","Nevada","Grass Valley, Truckee","https://www.californiahealthmaps.org?address=B0432","Both","AllSite",493820,425.3,409.9,441.4,427385,427.7,411.4,444.7,"","","","",42195,397.9,319.1,493.1,"","","","",3,98764,46.4,14.6,5.4,86.6,0.3,1.5,8.5
"B0432","Nevada","Grass Valley, Truckee","https://www.californiahealthmaps.org?address=B0432","Both","Lung",493820,45.8,41.0,51.3,427385,47.0,42.0,52.8,"","","","",42195,"","","","","","","",3,98764,46.4,14.6,5.4,86.6,0.3,1.5,8.5
"B0432","Nevada","Grass Valley, Truckee","https://www.californiahealthmaps.org?address=B0432","Both","CRC",493820,31.3,27.2,36.2,427385,30.4,26.2,35.4,"","","","",42195,"","","","","","","",3,98764,46.4,14.6,5.4,86.6,0.3,1.5,8.5
"B0432","Nevada","Grass Valley, Truckee","https://www.californiahealthmaps.org?address=B0432","Both","Mela",493820,36.7,32.0,42.0,427385,33.9,29.1,39.6,"","","","",42195,"","","","","","","",3,98764,46.4,14.6,5.4,86.6,0.3,1.5,8.5
"B0432","Nevada","Grass Valley, Truckee","https://www.californiahealthmaps.org?address=B0432","Both","Lymph",493820,19.4,16.2,23.3,427385,20.1,16.7,24.4,"","","","",42195,"","","","","","","",3,98764,46.4,14.6,5.4,86.6,0.3,1.5,8.5
"B0432","Nevada","Grass Valley, Truckee","https://www.californiahealthmaps.org?address=B0432","Both","Urinary",493820,12.8,10.3,15.9,427385,12.9,10.3,16.3,"","","","",42195,"","","","","","","",3,98764,46.4,14.6,5.4,86.6,0.3,1.5,8.5
"B0432","Nevada","Grass Valley, Truckee","https://www.californiahealthmaps.org?address=B0432","Both","Kidney",493820,13.2,10.5,16.6,427385,12.3,9.7,15.9,"","","","",42195,"","","","","","","",3,98764,46.4,14.6,5.4,86.6,0.3,1.5,8.5
"B0432","Nevada","Grass Valley, Truckee","https://www.californiahealthmaps.org?address=B0432","Both","Thyroid",493820,8.2,6.0,11.1,427385,8.2,5.8,11.5,"","","","",42195,"","","","","","","",3,98764,46.4,14.6,5.4,86.6,0.3,1.5,8.5
