"Zone","Counties","Cities","URL","Sex","Cancer","PopTot","AAIR","LCI","UCI","White_PopTot","White_AAIR","White_LCI","White_UCI","Black_PopTot","Black_AAIR","Black_LCI","Black_UCI","Hispanic_PopTot","Hispanic_AAIR","Hispanic_LCI","Hispanic_UCI","Asian_PopTot","Asian_AAIR","Asian_LCI","Asian_UCI","QNSES","PopAll","PerRural","PerUninsured","PerForeignBorn","PerWhite","PerBlack","PerAsian","PerHispanic"
"A0072","Alameda","Fremont","https://www.californiahealthmaps.org?address=A0072","Male","AllSite",147970,424.3,387.5,464.2,35710,476.2,415.0,550.2,"","","","",17945,473.6,350.4,635.5,85935,385.6,332.4,446.3,5,59620,2.0,7.3,46.8,20.7,2.0,59.1,13.5
"A0072","Alameda","Fremont","https://www.californiahealthmaps.org?address=A0072","Female","AllSite",150130,349.4,320.7,380.4,34995,349.4,301.4,410.4,"","","","",18015,319.9,234.4,431.7,88450,339.7,298.3,386.1,5,59620,2.0,7.3,46.8,20.7,2.0,59.1,13.5
"A0072","Alameda","Fremont","https://www.californiahealthmaps.org?address=A0072","Male","Prostate",147970,108.6,91.0,129.4,35710,127.8,99.5,170.1,"","","","",17945,"","","",85935,96.7,70.9,130.4,5,59620,2.0,7.3,46.8,20.7,2.0,59.1,13.5
"A0072","Alameda","Fremont","https://www.californiahealthmaps.org?address=A0072","Female","Breast",150130,116.2,100.3,134.3,34995,123.2,97.3,163.4,"","","","",18015,"","","",88450,105.3,84.4,131.2,5,59620,2.0,7.3,46.8,20.7,2.0,59.1,13.5
"A0072","Alameda","Fremont","https://www.californiahealthmaps.org?address=A0072","Male","Lung",147970,45.7,33.7,61.0,35710,34.7,20.0,66.4,"","","","",17945,"","","",85935,67.3,45.0,98.1,5,59620,2.0,7.3,46.8,20.7,2.0,59.1,13.5
"A0072","Alameda","Fremont","https://www.californiahealthmaps.org?address=A0072","Female","Lung",150130,39.1,29.8,50.9,34995,48.7,32.9,80.8,"","","","",18015,"","","",88450,31.8,19.8,49.7,5,59620,2.0,7.3,46.8,20.7,2.0,59.1,13.5
"A0072","Alameda","Fremont","https://www.californiahealthmaps.org?address=A0072","Male","CRC",147970,35.7,25.7,48.9,35710,37.4,21.3,70.4,"","","","",17945,"","","",85935,32.5,18.6,54.8,5,59620,2.0,7.3,46.8,20.7,2.0,59.1,13.5
"A0072","Alameda","Fremont","https://www.californiahealthmaps.org?address=A0072","Female","CRC",150130,29.7,21.7,40.3,34995,"","","","","","","",18015,"","","",88450,36.0,22.8,55.2,5,59620,2.0,7.3,46.8,20.7,2.0,59.1,13.5
"A0072","Alameda","Fremont","https://www.californiahealthmaps.org?address=A0072","Male","Mela",147970,20.6,13.0,31.7,35710,50.7,32.1,85.3,"","","","",17945,"","","",85935,"","","",5,59620,2.0,7.3,46.8,20.7,2.0,59.1,13.5
"A0072","Alameda","Fremont","https://www.californiahealthmaps.org?address=A0072","Female","Mela",150130,7.8,4.1,14.1,34995,"","","","","","","",18015,"","","",88450,"","","",5,59620,2.0,7.3,46.8,20.7,2.0,59.1,13.5
"A0072","Alameda","Fremont","https://www.californiahealthmaps.org?address=A0072","Female","Uterine",150130,25.0,18.1,34.3,34995,30.9,18.8,60.5,"","","","",18015,"","","",88450,17.8,10.1,31.0,5,59620,2.0,7.3,46.8,20.7,2.0,59.1,13.5
"A0072","Alameda","Fremont","https://www.californiahealthmaps.org?address=A0072","Male","Lymph",147970,30.7,21.3,43.4,35710,"","","","","","","",17945,"","","",85935,27.4,15.3,47.6,5,59620,2.0,7.3,46.8,20.7,2.0,59.1,13.5
"A0072","Alameda","Fremont","https://www.californiahealthmaps.org?address=A0072","Female","Lymph",150130,14.5,9.3,22.1,34995,"","","","","","","",18015,"","","",88450,"","","",5,59620,2.0,7.3,46.8,20.7,2.0,59.1,13.5
"A0072","Alameda","Fremont","https://www.californiahealthmaps.org?address=A0072","Male","Urinary",147970,11.3,5.7,20.6,35710,"","","","","","","",17945,"","","",85935,"","","",5,59620,2.0,7.3,46.8,20.7,2.0,59.1,13.5
"A0072","Alameda","Fremont","https://www.californiahealthmaps.org?address=A0072","Female","Urinary",150130,2.2,0.5,7.0,34995,"","","","","","","",18015,"","","",88450,"","","",5,59620,2.0,7.3,46.8,20.7,2.0,59.1,13.5
"A0072","Alameda","Fremont","https://www.californiahealthmaps.org?address=A0072","Male","Kidney",147970,18.8,11.7,29.3,35710,"","","","","","","",17945,"","","",85935,"","","",5,59620,2.0,7.3,46.8,20.7,2.0,59.1,13.5
"A0072","Alameda","Fremont","https://www.californiahealthmaps.org?address=A0072","Female","Kidney",150130,4.5,1.9,9.8,34995,"","","","","","","",18015,"","","",88450,"","","",5,59620,2.0,7.3,46.8,20.7,2.0,59.1,13.5
"A0072","Alameda","Fremont","https://www.californiahealthmaps.org?address=A0072","Male","Thyroid",147970,10.6,5.7,18.8,35710,"","","","","","","",17945,"","","",85935,"","","",5,59620,2.0,7.3,46.8,20.7,2.0,59.1,13.5
"A0072","Alameda","Fremont","https://www.californiahealthmaps.org?address=A0072","Female","Thyroid",150130,17.4,11.3,26.0,34995,"","","","","","","",18015,"","","",88450,20.4,12.1,34.1,5,59620,2.0,7.3,46.8,20.7,2.0,59.1,13.5
"A0072","Alameda","Fremont","https://www.californiahealthmaps.org?address=A0072","Both","AllSite",298100,376.9,354.4,400.5,70705,400.0,362.4,443.8,"","","","",35960,386.7,313.3,475.2,174385,354.2,321.6,389.7,5,59620,2.0,7.3,46.8,20.7,2.0,59.1,13.5
"A0072","Alameda","Fremont","https://www.californiahealthmaps.org?address=A0072","Both","Lung",298100,40.9,33.6,49.5,70705,41.8,30.7,60.3,"","","","",35960,"","","",174385,46.5,34.5,61.7,5,59620,2.0,7.3,46.8,20.7,2.0,59.1,13.5
"A0072","Alameda","Fremont","https://www.californiahealthmaps.org?address=A0072","Both","CRC",298100,32.4,26.0,40.1,70705,26.1,17.0,43.2,"","","","",35960,"","","",174385,34.1,24.3,47.2,5,59620,2.0,7.3,46.8,20.7,2.0,59.1,13.5
"A0072","Alameda","Fremont","https://www.californiahealthmaps.org?address=A0072","Both","Mela",298100,13.1,9.2,18.3,70705,30.9,21.0,48.5,"","","","",35960,"","","",174385,"","","",5,59620,2.0,7.3,46.8,20.7,2.0,59.1,13.5
"A0072","Alameda","Fremont","https://www.californiahealthmaps.org?address=A0072","Both","Lymph",298100,21.5,16.3,27.8,70705,20.1,12.4,36.1,"","","","",35960,"","","",174385,19.1,12.2,29.3,5,59620,2.0,7.3,46.8,20.7,2.0,59.1,13.5
"A0072","Alameda","Fremont","https://www.californiahealthmaps.org?address=A0072","Both","Urinary",298100,5.9,3.3,9.9,70705,"","","","","","","",35960,"","","",174385,"","","",5,59620,2.0,7.3,46.8,20.7,2.0,59.1,13.5
"A0072","Alameda","Fremont","https://www.californiahealthmaps.org?address=A0072","Both","Kidney",298100,10.8,7.3,15.5,70705,"","","","","","","",35960,"","","",174385,9.9,5.2,18.1,5,59620,2.0,7.3,46.8,20.7,2.0,59.1,13.5
"A0072","Alameda","Fremont","https://www.californiahealthmaps.org?address=A0072","Both","Thyroid",298100,14.1,10.0,19.4,70705,"","","","","","","",35960,"","","",174385,17.2,11.3,26.1,5,59620,2.0,7.3,46.8,20.7,2.0,59.1,13.5
