"Zone","Counties","Cities","URL","Sex","Cancer","PopTot","AAIR","LCI","UCI","White_PopTot","White_AAIR","White_LCI","White_UCI","Black_PopTot","Black_AAIR","Black_LCI","Black_UCI","Hispanic_PopTot","Hispanic_AAIR","Hispanic_LCI","Hispanic_UCI","Asian_PopTot","Asian_AAIR","Asian_LCI","Asian_UCI","QNSES","PopAll","PerRural","PerUninsured","PerForeignBorn","PerWhite","PerBlack","PerAsian","PerHispanic","PerAPI","PerDocvisit","PerFOBT","PerMammo","PerMenPrev","PerPap","PerWomenPrev"
"A0557","Los Angeles","Agoura Hills, Westlake Village, Malibu, Calabasas","https://www.californiahealthmaps.org?address=A0557","Male","AllSite",170810,477.1,445.5,511.0,139195,480.5,446.4,517.6,"","","","",12825,329.1,200.4,533.5,10400,417.3,270.1,629.4,5,69877,11.7,6.0,17.9,78.6,2.2,6.7,9.1,6.7,"","","","","",""
"A0557","Los Angeles","Agoura Hills, Westlake Village, Malibu, Calabasas","https://www.californiahealthmaps.org?address=A0557","Female","AllSite",178575,441.4,412.0,472.9,141935,442.4,410.3,477.4,"","","","",14780,449.1,322.3,616.1,13235,444.2,327.5,599.3,5,69877,11.7,6.0,17.9,78.6,2.2,6.7,9.1,6.7,"","","","","",""
"A0557","Los Angeles","Agoura Hills, Westlake Village, Malibu, Calabasas","https://www.californiahealthmaps.org?address=A0557","Male","Prostate",170810,104.2,90.6,120.1,139195,99.7,85.6,116.8,"","","","",12825,"","","",10400,"","","",5,69877,11.7,6.0,17.9,78.6,2.2,6.7,9.1,6.7,"","","","","",""
"A0557","Los Angeles","Agoura Hills, Westlake Village, Malibu, Calabasas","https://www.californiahealthmaps.org?address=A0557","Female","Breast",178575,149.3,132.9,167.8,141935,151.4,133.3,172.5,"","","","",14780,153.6,83.1,267.3,13235,185.4,115.5,295.2,5,69877,11.7,6.0,17.9,78.6,2.2,6.7,9.1,6.7,"","","","","",""
"A0557","Los Angeles","Agoura Hills, Westlake Village, Malibu, Calabasas","https://www.californiahealthmaps.org?address=A0557","Male","Lung",170810,34.7,26.5,45.5,139195,35.4,26.7,47.7,"","","","",12825,"","","",10400,"","","",5,69877,11.7,6.0,17.9,78.6,2.2,6.7,9.1,6.7,"","","","","",""
"A0557","Los Angeles","Agoura Hills, Westlake Village, Malibu, Calabasas","https://www.californiahealthmaps.org?address=A0557","Female","Lung",178575,41.9,33.2,52.8,141935,41.7,32.5,53.9,"","","","",14780,"","","",13235,"","","",5,69877,11.7,6.0,17.9,78.6,2.2,6.7,9.1,6.7,"","","","","",""
"A0557","Los Angeles","Agoura Hills, Westlake Village, Malibu, Calabasas","https://www.californiahealthmaps.org?address=A0557","Male","CRC",170810,45.4,36.1,57.3,139195,43.2,33.5,56.3,"","","","",12825,"","","",10400,"","","",5,69877,11.7,6.0,17.9,78.6,2.2,6.7,9.1,6.7,"","","","","",""
"A0557","Los Angeles","Agoura Hills, Westlake Village, Malibu, Calabasas","https://www.californiahealthmaps.org?address=A0557","Female","CRC",178575,28.4,21.8,37.2,141935,28.9,21.8,39.2,"","","","",14780,"","","",13235,"","","",5,69877,11.7,6.0,17.9,78.6,2.2,6.7,9.1,6.7,"","","","","",""
"A0557","Los Angeles","Agoura Hills, Westlake Village, Malibu, Calabasas","https://www.californiahealthmaps.org?address=A0557","Male","Mela",170810,42.0,33.1,53.6,139195,44.0,34.3,57.2,"","","","",12825,"","","",10400,"","","",5,69877,11.7,6.0,17.9,78.6,2.2,6.7,9.1,6.7,"","","","","",""
"A0557","Los Angeles","Agoura Hills, Westlake Village, Malibu, Calabasas","https://www.californiahealthmaps.org?address=A0557","Female","Mela",178575,24.0,17.5,32.8,141935,25.0,17.8,35.4,"","","","",14780,"","","",13235,"","","",5,69877,11.7,6.0,17.9,78.6,2.2,6.7,9.1,6.7,"","","","","",""
"A0557","Los Angeles","Agoura Hills, Westlake Village, Malibu, Calabasas","https://www.californiahealthmaps.org?address=A0557","Female","Uterine",178575,25.3,18.8,34.0,141935,25.1,18.3,35.1,"","","","",14780,"","","",13235,"","","",5,69877,11.7,6.0,17.9,78.6,2.2,6.7,9.1,6.7,"","","","","",""
"A0557","Los Angeles","Agoura Hills, Westlake Village, Malibu, Calabasas","https://www.californiahealthmaps.org?address=A0557","Male","Lymph",170810,29.1,21.8,39.2,139195,29.1,21.3,40.5,"","","","",12825,"","","",10400,"","","",5,69877,11.7,6.0,17.9,78.6,2.2,6.7,9.1,6.7,"","","","","",""
"A0557","Los Angeles","Agoura Hills, Westlake Village, Malibu, Calabasas","https://www.californiahealthmaps.org?address=A0557","Female","Lymph",178575,17.5,12.3,25.0,141935,17.0,11.5,25.8,"","","","",14780,"","","",13235,"","","",5,69877,11.7,6.0,17.9,78.6,2.2,6.7,9.1,6.7,"","","","","",""
"A0557","Los Angeles","Agoura Hills, Westlake Village, Malibu, Calabasas","https://www.californiahealthmaps.org?address=A0557","Male","Urinary",170810,19.8,13.7,28.6,139195,19.0,12.8,28.8,"","","","",12825,"","","",10400,"","","",5,69877,11.7,6.0,17.9,78.6,2.2,6.7,9.1,6.7,"","","","","",""
"A0557","Los Angeles","Agoura Hills, Westlake Village, Malibu, Calabasas","https://www.californiahealthmaps.org?address=A0557","Female","Urinary",178575,"","","",141935,"","","","","","","",14780,"","","",13235,"","","",5,69877,11.7,6.0,17.9,78.6,2.2,6.7,9.1,6.7,"","","","","",""
"A0557","Los Angeles","Agoura Hills, Westlake Village, Malibu, Calabasas","https://www.californiahealthmaps.org?address=A0557","Male","Kidney",170810,24.7,17.8,34.3,139195,25.0,17.7,35.9,"","","","",12825,"","","",10400,"","","",5,69877,11.7,6.0,17.9,78.6,2.2,6.7,9.1,6.7,"","","","","",""
"A0557","Los Angeles","Agoura Hills, Westlake Village, Malibu, Calabasas","https://www.californiahealthmaps.org?address=A0557","Female","Kidney",178575,"","","",141935,"","","","","","","",14780,"","","",13235,"","","",5,69877,11.7,6.0,17.9,78.6,2.2,6.7,9.1,6.7,"","","","","",""
"A0557","Los Angeles","Agoura Hills, Westlake Village, Malibu, Calabasas","https://www.californiahealthmaps.org?address=A0557","Male","Thyroid",170810,17.8,11.6,26.9,139195,18.7,11.5,30.0,"","","","",12825,"","","",10400,"","","",5,69877,11.7,6.0,17.9,78.6,2.2,6.7,9.1,6.7,"","","","","",""
"A0557","Los Angeles","Agoura Hills, Westlake Village, Malibu, Calabasas","https://www.californiahealthmaps.org?address=A0557","Female","Thyroid",178575,36.8,27.7,48.4,141935,36.6,26.3,50.5,"","","","",14780,"","","",13235,"","","",5,69877,11.7,6.0,17.9,78.6,2.2,6.7,9.1,6.7,"","","","","",""
"A0557","Los Angeles","Agoura Hills, Westlake Village, Malibu, Calabasas","https://www.californiahealthmaps.org?address=A0557","Male","Liver",170810,"","","",139195,"","","","","","","",12825,"","","",10400,"","","",5,69877,11.7,6.0,17.9,78.6,2.2,6.7,9.1,6.7,"","","","","",""
"A0557","Los Angeles","Agoura Hills, Westlake Village, Malibu, Calabasas","https://www.californiahealthmaps.org?address=A0557","Female","Liver",178575,"","","",141935,"","","","","","","",14780,"","","",13235,"","","",5,69877,11.7,6.0,17.9,78.6,2.2,6.7,9.1,6.7,"","","","","",""
"A0557","Los Angeles","Agoura Hills, Westlake Village, Malibu, Calabasas","https://www.californiahealthmaps.org?address=A0557","Male","Pancreas",170810,16.1,10.9,24.1,139195,16.9,11.3,26.1,"","","","",12825,"","","",10400,"","","",5,69877,11.7,6.0,17.9,78.6,2.2,6.7,9.1,6.7,"","","","","",""
"A0557","Los Angeles","Agoura Hills, Westlake Village, Malibu, Calabasas","https://www.californiahealthmaps.org?address=A0557","Female","Pancreas",178575,9.4,5.6,15.8,141935,10.7,6.3,18.5,"","","","",14780,"","","",13235,"","","",5,69877,11.7,6.0,17.9,78.6,2.2,6.7,9.1,6.7,"","","","","",""
"A0557","Los Angeles","Agoura Hills, Westlake Village, Malibu, Calabasas","https://www.californiahealthmaps.org?address=A0557","Both","AllSite",349385,458.3,436.7,481.0,281130,460.3,436.8,485.2,"","","","",27605,396.6,303.7,513.9,23635,422.0,331.3,534.7,5,69877,11.7,6.0,17.9,78.6,2.2,6.7,9.1,6.7,"","","","","",""
"A0557","Los Angeles","Agoura Hills, Westlake Village, Malibu, Calabasas","https://www.californiahealthmaps.org?address=A0557","Both","Lung",349385,38.2,32.2,45.5,281130,38.5,32.0,46.5,"","","","",27605,"","","",23635,"","","",5,69877,11.7,6.0,17.9,78.6,2.2,6.7,9.1,6.7,"","","","","",""
"A0557","Los Angeles","Agoura Hills, Westlake Village, Malibu, Calabasas","https://www.californiahealthmaps.org?address=A0557","Both","CRC",349385,36.3,30.6,43.1,281130,35.5,29.5,43.1,"","","","",27605,"","","",23635,"","","",5,69877,11.7,6.0,17.9,78.6,2.2,6.7,9.1,6.7,"","","","","",""
"A0557","Los Angeles","Agoura Hills, Westlake Village, Malibu, Calabasas","https://www.californiahealthmaps.org?address=A0557","Both","Mela",349385,32.4,26.9,39.0,281130,33.9,27.9,41.6,"","","","",27605,"","","",23635,"","","",5,69877,11.7,6.0,17.9,78.6,2.2,6.7,9.1,6.7,"","","","","",""
"A0557","Los Angeles","Agoura Hills, Westlake Village, Malibu, Calabasas","https://www.californiahealthmaps.org?address=A0557","Both","Lymph",349385,23.1,18.5,28.8,281130,22.9,18.0,29.4,"","","","",27605,"","","",23635,"","","",5,69877,11.7,6.0,17.9,78.6,2.2,6.7,9.1,6.7,"","","","","",""
"A0557","Los Angeles","Agoura Hills, Westlake Village, Malibu, Calabasas","https://www.californiahealthmaps.org?address=A0557","Both","Urinary",349385,11.2,8.0,15.5,281130,11.2,7.9,16.2,"","","","",27605,"","","",23635,"","","",5,69877,11.7,6.0,17.9,78.6,2.2,6.7,9.1,6.7,"","","","","",""
"A0557","Los Angeles","Agoura Hills, Westlake Village, Malibu, Calabasas","https://www.californiahealthmaps.org?address=A0557","Both","Kidney",349385,14.9,11.2,19.8,281130,15.2,11.3,20.9,"","","","",27605,"","","",23635,"","","",5,69877,11.7,6.0,17.9,78.6,2.2,6.7,9.1,6.7,"","","","","",""
"A0557","Los Angeles","Agoura Hills, Westlake Village, Malibu, Calabasas","https://www.californiahealthmaps.org?address=A0557","Both","Thyroid",349385,27.9,22.1,34.9,281130,27.9,21.4,36.3,"","","","",27605,"","","",23635,"","","",5,69877,11.7,6.0,17.9,78.6,2.2,6.7,9.1,6.7,"","","","","",""
"A0557","Los Angeles","Agoura Hills, Westlake Village, Malibu, Calabasas","https://www.californiahealthmaps.org?address=A0557","Both","Liver",349385,6.4,4.0,10.0,281130,6.1,3.7,10.4,"","","","",27605,"","","",23635,"","","",5,69877,11.7,6.0,17.9,78.6,2.2,6.7,9.1,6.7,"","","","","",""
"A0557","Los Angeles","Agoura Hills, Westlake Village, Malibu, Calabasas","https://www.californiahealthmaps.org?address=A0557","Both","Pancreas",349385,12.7,9.4,17.2,281130,13.8,10.1,19.1,"","","","",27605,"","","",23635,"","","",5,69877,11.7,6.0,17.9,78.6,2.2,6.7,9.1,6.7,"","","","","",""
