"Zone","Counties","Cities","URL","Sex","Cancer","PopTot","AAIR","LCI","UCI","White_PopTot","White_AAIR","White_LCI","White_UCI","Black_PopTot","Black_AAIR","Black_LCI","Black_UCI","Hispanic_PopTot","Hispanic_AAIR","Hispanic_LCI","Hispanic_UCI","Asian_PopTot","Asian_AAIR","Asian_LCI","Asian_UCI","QNSES","PopAll","PerRural","PerUninsured","PerForeignBorn","PerWhite","PerBlack","PerAsian","PerHispanic","PerAPI","PerDocvisit","PerFOBT","PerMammo","PerMenPrev","PerPap","PerWomenPrev"
"A0695","San Joaquin","Tracy, Stockton, Lathrop","https://www.californiahealthmaps.org?address=A0695","Male","AllSite",150055,497.5,455.9,542.3,58065,533.2,476.4,595.8,"","","","",55270,427.0,345.4,526.4,20490,375.8,275.5,507.1,2,60611,6.6,13.3,23.5,41.3,4.7,13.5,35.0,13.5,63.0,61.1,80.6,31.0,84.8,26.1
"A0695","San Joaquin","Tracy, Stockton, Lathrop","https://www.californiahealthmaps.org?address=A0695","Female","AllSite",153000,409.4,376.1,445.0,59580,445.9,398.3,498.8,"","","","",54270,352.1,288.9,426.8,22500,396.4,310.3,502.6,2,60611,6.6,13.3,23.5,41.3,4.7,13.5,35.0,13.5,63.0,61.1,80.6,31.0,84.8,26.1
"A0695","San Joaquin","Tracy, Stockton, Lathrop","https://www.californiahealthmaps.org?address=A0695","Male","Prostate",150055,105.1,86.5,127.0,58065,92.1,69.7,120.4,"","","","",55270,80.0,48.2,131.3,20490,"","","",2,60611,6.6,13.3,23.5,41.3,4.7,13.5,35.0,13.5,63.0,61.1,80.6,31.0,84.8,26.1
"A0695","San Joaquin","Tracy, Stockton, Lathrop","https://www.californiahealthmaps.org?address=A0695","Female","Breast",153000,125.6,107.5,146.0,59580,132.5,107.0,163.6,"","","","",54270,102.1,69.7,146.4,22500,159.3,108.1,231.0,2,60611,6.6,13.3,23.5,41.3,4.7,13.5,35.0,13.5,63.0,61.1,80.6,31.0,84.8,26.1
"A0695","San Joaquin","Tracy, Stockton, Lathrop","https://www.californiahealthmaps.org?address=A0695","Male","Lung",150055,59.8,45.6,77.6,58065,74.9,54.6,101.2,"","","","",55270,"","","",20490,"","","",2,60611,6.6,13.3,23.5,41.3,4.7,13.5,35.0,13.5,63.0,61.1,80.6,31.0,84.8,26.1
"A0695","San Joaquin","Tracy, Stockton, Lathrop","https://www.californiahealthmaps.org?address=A0695","Female","Lung",153000,38.7,28.7,51.3,59580,46.4,32.3,66.3,"","","","",54270,"","","",22500,"","","",2,60611,6.6,13.3,23.5,41.3,4.7,13.5,35.0,13.5,63.0,61.1,80.6,31.0,84.8,26.1
"A0695","San Joaquin","Tracy, Stockton, Lathrop","https://www.californiahealthmaps.org?address=A0695","Male","CRC",150055,48.6,36.4,64.2,58065,34.3,21.2,53.6,"","","","",55270,80.2,46.5,134.1,20490,"","","",2,60611,6.6,13.3,23.5,41.3,4.7,13.5,35.0,13.5,63.0,61.1,80.6,31.0,84.8,26.1
"A0695","San Joaquin","Tracy, Stockton, Lathrop","https://www.californiahealthmaps.org?address=A0695","Female","CRC",153000,42.6,32.2,55.6,59580,33.8,21.6,52.0,"","","","",54270,66.5,40.4,105.0,22500,"","","",2,60611,6.6,13.3,23.5,41.3,4.7,13.5,35.0,13.5,63.0,61.1,80.6,31.0,84.8,26.1
"A0695","San Joaquin","Tracy, Stockton, Lathrop","https://www.californiahealthmaps.org?address=A0695","Male","Mela",150055,33.0,22.7,47.0,58065,54.1,37.0,77.4,"","","","",55270,"","","",20490,"","","",2,60611,6.6,13.3,23.5,41.3,4.7,13.5,35.0,13.5,63.0,61.1,80.6,31.0,84.8,26.1
"A0695","San Joaquin","Tracy, Stockton, Lathrop","https://www.californiahealthmaps.org?address=A0695","Female","Mela",153000,12.7,7.6,20.4,59580,17.9,9.8,32.2,"","","","",54270,"","","",22500,"","","",2,60611,6.6,13.3,23.5,41.3,4.7,13.5,35.0,13.5,63.0,61.1,80.6,31.0,84.8,26.1
"A0695","San Joaquin","Tracy, Stockton, Lathrop","https://www.californiahealthmaps.org?address=A0695","Female","Uterine",153000,28.0,19.8,38.9,59580,29.3,18.3,46.2,"","","","",54270,"","","",22500,"","","",2,60611,6.6,13.3,23.5,41.3,4.7,13.5,35.0,13.5,63.0,61.1,80.6,31.0,84.8,26.1
"A0695","San Joaquin","Tracy, Stockton, Lathrop","https://www.californiahealthmaps.org?address=A0695","Male","Lymph",150055,18.3,11.2,29.1,58065,"","","","","","","",55270,"","","",20490,"","","",2,60611,6.6,13.3,23.5,41.3,4.7,13.5,35.0,13.5,63.0,61.1,80.6,31.0,84.8,26.1
"A0695","San Joaquin","Tracy, Stockton, Lathrop","https://www.californiahealthmaps.org?address=A0695","Female","Lymph",153000,13.8,8.2,22.0,59580,"","","","","","","",54270,"","","",22500,"","","",2,60611,6.6,13.3,23.5,41.3,4.7,13.5,35.0,13.5,63.0,61.1,80.6,31.0,84.8,26.1
"A0695","San Joaquin","Tracy, Stockton, Lathrop","https://www.californiahealthmaps.org?address=A0695","Male","Urinary",150055,22.7,13.9,35.5,58065,27.7,15.5,46.5,"","","","",55270,"","","",20490,"","","",2,60611,6.6,13.3,23.5,41.3,4.7,13.5,35.0,13.5,63.0,61.1,80.6,31.0,84.8,26.1
"A0695","San Joaquin","Tracy, Stockton, Lathrop","https://www.californiahealthmaps.org?address=A0695","Female","Urinary",153000,"","","",59580,"","","","","","","",54270,"","","",22500,"","","",2,60611,6.6,13.3,23.5,41.3,4.7,13.5,35.0,13.5,63.0,61.1,80.6,31.0,84.8,26.1
"A0695","San Joaquin","Tracy, Stockton, Lathrop","https://www.californiahealthmaps.org?address=A0695","Male","Kidney",150055,22.4,14.6,33.6,58065,23.8,13.2,40.7,"","","","",55270,"","","",20490,"","","",2,60611,6.6,13.3,23.5,41.3,4.7,13.5,35.0,13.5,63.0,61.1,80.6,31.0,84.8,26.1
"A0695","San Joaquin","Tracy, Stockton, Lathrop","https://www.californiahealthmaps.org?address=A0695","Female","Kidney",153000,10.2,5.7,17.5,59580,"","","","","","","",54270,"","","",22500,"","","",2,60611,6.6,13.3,23.5,41.3,4.7,13.5,35.0,13.5,63.0,61.1,80.6,31.0,84.8,26.1
"A0695","San Joaquin","Tracy, Stockton, Lathrop","https://www.californiahealthmaps.org?address=A0695","Male","Thyroid",150055,"","","",58065,"","","","","","","",55270,"","","",20490,"","","",2,60611,6.6,13.3,23.5,41.3,4.7,13.5,35.0,13.5,63.0,61.1,80.6,31.0,84.8,26.1
"A0695","San Joaquin","Tracy, Stockton, Lathrop","https://www.californiahealthmaps.org?address=A0695","Female","Thyroid",153000,21.1,14.4,30.3,59580,26.0,15.1,43.4,"","","","",54270,"","","",22500,"","","",2,60611,6.6,13.3,23.5,41.3,4.7,13.5,35.0,13.5,63.0,61.1,80.6,31.0,84.8,26.1
"A0695","San Joaquin","Tracy, Stockton, Lathrop","https://www.californiahealthmaps.org?address=A0695","Male","Liver",150055,16.8,10.4,26.6,58065,"","","","","","","",55270,"","","",20490,"","","",2,60611,6.6,13.3,23.5,41.3,4.7,13.5,35.0,13.5,63.0,61.1,80.6,31.0,84.8,26.1
"A0695","San Joaquin","Tracy, Stockton, Lathrop","https://www.californiahealthmaps.org?address=A0695","Female","Liver",153000,"","","",59580,"","","","","","","",54270,"","","",22500,"","","",2,60611,6.6,13.3,23.5,41.3,4.7,13.5,35.0,13.5,63.0,61.1,80.6,31.0,84.8,26.1
"A0695","San Joaquin","Tracy, Stockton, Lathrop","https://www.californiahealthmaps.org?address=A0695","Male","Pancreas",150055,15.9,9.2,26.5,58065,"","","","","","","",55270,"","","",20490,"","","",2,60611,6.6,13.3,23.5,41.3,4.7,13.5,35.0,13.5,63.0,61.1,80.6,31.0,84.8,26.1
"A0695","San Joaquin","Tracy, Stockton, Lathrop","https://www.californiahealthmaps.org?address=A0695","Female","Pancreas",153000,11.5,6.3,19.4,59580,"","","","","","","",54270,"","","",22500,"","","",2,60611,6.6,13.3,23.5,41.3,4.7,13.5,35.0,13.5,63.0,61.1,80.6,31.0,84.8,26.1
"A0695","San Joaquin","Tracy, Stockton, Lathrop","https://www.californiahealthmaps.org?address=A0695","Both","AllSite",303055,443.9,418.0,471.1,117645,477.6,441.6,516.3,18370,519.4,399.5,674.0,109540,381.2,330.9,438.1,42990,377.0,312.3,453.3,2,60611,6.6,13.3,23.5,41.3,4.7,13.5,35.0,13.5,63.0,61.1,80.6,31.0,84.8,26.1
"A0695","San Joaquin","Tracy, Stockton, Lathrop","https://www.californiahealthmaps.org?address=A0695","Both","Lung",303055,47.9,39.4,57.8,117645,58.6,46.5,73.4,18370,"","","",109540,"","","",42990,"","","",2,60611,6.6,13.3,23.5,41.3,4.7,13.5,35.0,13.5,63.0,61.1,80.6,31.0,84.8,26.1
"A0695","San Joaquin","Tracy, Stockton, Lathrop","https://www.californiahealthmaps.org?address=A0695","Both","CRC",303055,45.6,37.5,55.1,117645,34.1,24.9,46.2,18370,"","","",109540,71.6,50.4,99.9,42990,"","","",2,60611,6.6,13.3,23.5,41.3,4.7,13.5,35.0,13.5,63.0,61.1,80.6,31.0,84.8,26.1
"A0695","San Joaquin","Tracy, Stockton, Lathrop","https://www.californiahealthmaps.org?address=A0695","Both","Mela",303055,21.3,15.9,28.1,117645,33.7,24.7,45.5,18370,"","","",109540,"","","",42990,"","","",2,60611,6.6,13.3,23.5,41.3,4.7,13.5,35.0,13.5,63.0,61.1,80.6,31.0,84.8,26.1
"A0695","San Joaquin","Tracy, Stockton, Lathrop","https://www.californiahealthmaps.org?address=A0695","Both","Lymph",303055,15.6,11.1,21.6,117645,15.0,9.3,23.7,18370,"","","",109540,"","","",42990,"","","",2,60611,6.6,13.3,23.5,41.3,4.7,13.5,35.0,13.5,63.0,61.1,80.6,31.0,84.8,26.1
"A0695","San Joaquin","Tracy, Stockton, Lathrop","https://www.californiahealthmaps.org?address=A0695","Both","Urinary",303055,11.1,7.2,16.6,117645,12.7,7.4,21.0,18370,"","","",109540,"","","",42990,"","","",2,60611,6.6,13.3,23.5,41.3,4.7,13.5,35.0,13.5,63.0,61.1,80.6,31.0,84.8,26.1
"A0695","San Joaquin","Tracy, Stockton, Lathrop","https://www.californiahealthmaps.org?address=A0695","Both","Kidney",303055,15.9,11.4,21.9,117645,15.5,9.6,24.3,18370,"","","",109540,"","","",42990,"","","",2,60611,6.6,13.3,23.5,41.3,4.7,13.5,35.0,13.5,63.0,61.1,80.6,31.0,84.8,26.1
"A0695","San Joaquin","Tracy, Stockton, Lathrop","https://www.californiahealthmaps.org?address=A0695","Both","Thyroid",303055,14.3,10.3,19.7,117645,16.4,10.1,25.8,18370,"","","",109540,"","","",42990,"","","",2,60611,6.6,13.3,23.5,41.3,4.7,13.5,35.0,13.5,63.0,61.1,80.6,31.0,84.8,26.1
"A0695","San Joaquin","Tracy, Stockton, Lathrop","https://www.californiahealthmaps.org?address=A0695","Both","Liver",303055,10.9,7.3,15.9,117645,"","","",18370,"","","",109540,"","","",42990,"","","",2,60611,6.6,13.3,23.5,41.3,4.7,13.5,35.0,13.5,63.0,61.1,80.6,31.0,84.8,26.1
"A0695","San Joaquin","Tracy, Stockton, Lathrop","https://www.californiahealthmaps.org?address=A0695","Both","Pancreas",303055,13.5,9.2,19.3,117645,13.4,7.8,22.0,18370,"","","",109540,"","","",42990,"","","",2,60611,6.6,13.3,23.5,41.3,4.7,13.5,35.0,13.5,63.0,61.1,80.6,31.0,84.8,26.1
