"Zone","Counties","Cities","URL","Sex","Cancer","PopTot","AAIR","LCI","UCI","White_PopTot","White_AAIR","White_LCI","White_UCI","Black_PopTot","Black_AAIR","Black_LCI","Black_UCI","Hispanic_PopTot","Hispanic_AAIR","Hispanic_LCI","Hispanic_UCI","Asian_PopTot","Asian_AAIR","Asian_LCI","Asian_UCI","QNSES","PopAll","PerRural","PerUninsured","PerForeignBorn","PerWhite","PerBlack","PerAsian","PerHispanic"
"A0284","Riverside","Menifee, Murrieta, Wildomar","https://www.californiahealthmaps.org?address=A0284","Male","AllSite",153570,506.2,470.9,543.5,88045,481.3,440.8,525.0,"","","","",41615,658.1,545.8,789.5,10600,300.4,189.3,466.8,3,63546,3.0,14.1,13.0,55.3,6.8,6.5,27.4
"A0284","Riverside","Menifee, Murrieta, Wildomar","https://www.californiahealthmaps.org?address=A0284","Female","AllSite",164160,447.7,417.5,479.8,93840,455.5,417.7,496.4,"","","","",44335,505.2,422.8,601.0,12780,328.5,237.2,451.5,3,63546,3.0,14.1,13.0,55.3,6.8,6.5,27.4
"A0284","Riverside","Menifee, Murrieta, Wildomar","https://www.californiahealthmaps.org?address=A0284","Male","Prostate",153570,124.6,107.3,144.0,88045,95.2,77.7,116.2,"","","","",41615,208.7,146.5,291.3,10600,"","","",3,63546,3.0,14.1,13.0,55.3,6.8,6.5,27.4
"A0284","Riverside","Menifee, Murrieta, Wildomar","https://www.californiahealthmaps.org?address=A0284","Female","Breast",164160,143.9,126.8,162.8,93840,147.8,126.3,172.5,"","","","",44335,137.8,97.0,192.5,12780,102.6,57.3,181.2,3,63546,3.0,14.1,13.0,55.3,6.8,6.5,27.4
"A0284","Riverside","Menifee, Murrieta, Wildomar","https://www.californiahealthmaps.org?address=A0284","Male","Lung",153570,52.2,41.4,65.1,88045,55.3,42.7,71.3,"","","","",41615,"","","",10600,"","","",3,63546,3.0,14.1,13.0,55.3,6.8,6.5,27.4
"A0284","Riverside","Menifee, Murrieta, Wildomar","https://www.californiahealthmaps.org?address=A0284","Female","Lung",164160,50.3,40.9,61.4,93840,54.2,42.8,68.5,"","","","",44335,"","","",12780,"","","",3,63546,3.0,14.1,13.0,55.3,6.8,6.5,27.4
"A0284","Riverside","Menifee, Murrieta, Wildomar","https://www.californiahealthmaps.org?address=A0284","Male","CRC",153570,46.1,36.0,58.3,88045,41.8,30.6,56.6,"","","","",41615,73.4,39.2,128.9,10600,"","","",3,63546,3.0,14.1,13.0,55.3,6.8,6.5,27.4
"A0284","Riverside","Menifee, Murrieta, Wildomar","https://www.californiahealthmaps.org?address=A0284","Female","CRC",164160,34.1,26.2,43.9,93840,33.5,24.1,46.1,"","","","",44335,"","","",12780,"","","",3,63546,3.0,14.1,13.0,55.3,6.8,6.5,27.4
"A0284","Riverside","Menifee, Murrieta, Wildomar","https://www.californiahealthmaps.org?address=A0284","Male","Mela",153570,40.3,30.9,51.9,88045,54.4,41.3,71.0,"","","","",41615,"","","",10600,"","","",3,63546,3.0,14.1,13.0,55.3,6.8,6.5,27.4
"A0284","Riverside","Menifee, Murrieta, Wildomar","https://www.californiahealthmaps.org?address=A0284","Female","Mela",164160,19.7,13.8,27.6,93840,27.5,18.5,40.0,"","","","",44335,"","","",12780,"","","",3,63546,3.0,14.1,13.0,55.3,6.8,6.5,27.4
"A0284","Riverside","Menifee, Murrieta, Wildomar","https://www.californiahealthmaps.org?address=A0284","Female","Uterine",164160,25.9,18.9,34.8,93840,25.2,16.8,37.0,"","","","",44335,"","","",12780,"","","",3,63546,3.0,14.1,13.0,55.3,6.8,6.5,27.4
"A0284","Riverside","Menifee, Murrieta, Wildomar","https://www.californiahealthmaps.org?address=A0284","Male","Lymph",153570,29.8,21.7,40.1,88045,26.0,17.0,38.5,"","","","",41615,"","","",10600,"","","",3,63546,3.0,14.1,13.0,55.3,6.8,6.5,27.4
"A0284","Riverside","Menifee, Murrieta, Wildomar","https://www.californiahealthmaps.org?address=A0284","Female","Lymph",164160,16.0,10.9,23.1,93840,15.4,9.5,24.8,"","","","",44335,"","","",12780,"","","",3,63546,3.0,14.1,13.0,55.3,6.8,6.5,27.4
"A0284","Riverside","Menifee, Murrieta, Wildomar","https://www.californiahealthmaps.org?address=A0284","Male","Urinary",153570,22.1,15.3,31.1,88045,23.2,15.4,34.6,"","","","",41615,"","","",10600,"","","",3,63546,3.0,14.1,13.0,55.3,6.8,6.5,27.4
"A0284","Riverside","Menifee, Murrieta, Wildomar","https://www.californiahealthmaps.org?address=A0284","Female","Urinary",164160,7.5,4.3,12.7,93840,9.2,5.0,16.7,"","","","",44335,"","","",12780,"","","",3,63546,3.0,14.1,13.0,55.3,6.8,6.5,27.4
"A0284","Riverside","Menifee, Murrieta, Wildomar","https://www.californiahealthmaps.org?address=A0284","Male","Kidney",153570,22.0,15.1,31.0,88045,19.4,11.9,30.5,"","","","",41615,"","","",10600,"","","",3,63546,3.0,14.1,13.0,55.3,6.8,6.5,27.4
"A0284","Riverside","Menifee, Murrieta, Wildomar","https://www.californiahealthmaps.org?address=A0284","Female","Kidney",164160,8.8,5.1,14.5,93840,"","","","","","","",44335,"","","",12780,"","","",3,63546,3.0,14.1,13.0,55.3,6.8,6.5,27.4
"A0284","Riverside","Menifee, Murrieta, Wildomar","https://www.californiahealthmaps.org?address=A0284","Male","Thyroid",153570,8.4,4.4,14.8,88045,"","","","","","","",41615,"","","",10600,"","","",3,63546,3.0,14.1,13.0,55.3,6.8,6.5,27.4
"A0284","Riverside","Menifee, Murrieta, Wildomar","https://www.californiahealthmaps.org?address=A0284","Female","Thyroid",164160,23.6,16.6,32.7,93840,25.9,16.2,39.5,"","","","",44335,"","","",12780,"","","",3,63546,3.0,14.1,13.0,55.3,6.8,6.5,27.4
"A0284","Riverside","Menifee, Murrieta, Wildomar","https://www.californiahealthmaps.org?address=A0284","Both","AllSite",317730,469.1,446.3,492.9,181885,462.3,434.9,491.3,15010,500.7,387.6,641.2,85950,562.6,495.9,636.7,23380,309.6,239.3,398.8,3,63546,3.0,14.1,13.0,55.3,6.8,6.5,27.4
"A0284","Riverside","Menifee, Murrieta, Wildomar","https://www.californiahealthmaps.org?address=A0284","Both","Lung",317730,51.0,43.8,59.1,181885,54.6,46.1,64.7,15010,"","","",85950,44.5,26.4,71.0,23380,"","","",3,63546,3.0,14.1,13.0,55.3,6.8,6.5,27.4
"A0284","Riverside","Menifee, Murrieta, Wildomar","https://www.californiahealthmaps.org?address=A0284","Both","CRC",317730,39.4,33.0,46.7,181885,37.2,29.8,46.3,15010,"","","",85950,47.4,29.6,73.2,23380,"","","",3,63546,3.0,14.1,13.0,55.3,6.8,6.5,27.4
"A0284","Riverside","Menifee, Murrieta, Wildomar","https://www.californiahealthmaps.org?address=A0284","Both","Mela",317730,28.7,23.2,35.1,181885,39.5,31.6,49.0,15010,"","","",85950,"","","",23380,"","","",3,63546,3.0,14.1,13.0,55.3,6.8,6.5,27.4
"A0284","Riverside","Menifee, Murrieta, Wildomar","https://www.californiahealthmaps.org?address=A0284","Both","Lymph",317730,22.1,17.4,27.8,181885,20.2,14.8,27.3,15010,"","","",85950,39.4,22.8,64.3,23380,"","","",3,63546,3.0,14.1,13.0,55.3,6.8,6.5,27.4
"A0284","Riverside","Menifee, Murrieta, Wildomar","https://www.californiahealthmaps.org?address=A0284","Both","Urinary",317730,13.7,10.1,18.2,181885,15.1,10.8,20.9,15010,"","","",85950,"","","",23380,"","","",3,63546,3.0,14.1,13.0,55.3,6.8,6.5,27.4
"A0284","Riverside","Menifee, Murrieta, Wildomar","https://www.californiahealthmaps.org?address=A0284","Both","Kidney",317730,14.9,11.0,19.7,181885,11.8,7.8,17.4,15010,"","","",85950,"","","",23380,"","","",3,63546,3.0,14.1,13.0,55.3,6.8,6.5,27.4
"A0284","Riverside","Menifee, Murrieta, Wildomar","https://www.californiahealthmaps.org?address=A0284","Both","Thyroid",317730,16.1,11.9,21.4,181885,17.5,11.8,25.1,15010,"","","",85950,"","","",23380,"","","",3,63546,3.0,14.1,13.0,55.3,6.8,6.5,27.4
