"Zone","Counties","Cities","URL","Sex","Cancer","PopTot","AAIR","LCI","UCI","White_PopTot","White_AAIR","White_LCI","White_UCI","Black_PopTot","Black_AAIR","Black_LCI","Black_UCI","Hispanic_PopTot","Hispanic_AAIR","Hispanic_LCI","Hispanic_UCI","Asian_PopTot","Asian_AAIR","Asian_LCI","Asian_UCI","QNSES","PopAll","PerRural","PerUninsured","PerForeignBorn","PerWhite","PerBlack","PerAsian","PerHispanic"
"A0991","Sonoma","Santa Rosa","https://www.californiahealthmaps.org?address=A0991","Male","AllSite",147220,503.0,460.5,549.0,74250,538.1,487.5,593.7,"","","","",55885,398.5,296.0,533.8,"","","","",2,59478,1.9,19.9,22.7,50.9,2.7,5.6,36.9
"A0991","Sonoma","Santa Rosa","https://www.californiahealthmaps.org?address=A0991","Female","AllSite",150170,472.0,437.6,508.6,79455,494.6,452.3,541.5,"","","","",52335,370.0,290.1,470.1,"","","","",2,59478,1.9,19.9,22.7,50.9,2.7,5.6,36.9
"A0991","Sonoma","Santa Rosa","https://www.californiahealthmaps.org?address=A0991","Male","Prostate",147220,93.0,75.3,114.1,74250,95.3,75.0,120.8,"","","","",55885,82.8,42.2,159.4,"","","","",2,59478,1.9,19.9,22.7,50.9,2.7,5.6,36.9
"A0991","Sonoma","Santa Rosa","https://www.californiahealthmaps.org?address=A0991","Female","Breast",150170,138.8,120.4,159.4,79455,148.6,125.5,176.6,"","","","",52335,101.9,65.9,158.5,"","","","",2,59478,1.9,19.9,22.7,50.9,2.7,5.6,36.9
"A0991","Sonoma","Santa Rosa","https://www.californiahealthmaps.org?address=A0991","Male","Lung",147220,59.4,44.6,78.0,74250,63.3,46.1,86.1,"","","","",55885,"","","","","","","",2,59478,1.9,19.9,22.7,50.9,2.7,5.6,36.9
"A0991","Sonoma","Santa Rosa","https://www.californiahealthmaps.org?address=A0991","Female","Lung",150170,59.7,47.7,74.1,79455,65.2,51.0,84.6,"","","","",52335,"","","","","","","",2,59478,1.9,19.9,22.7,50.9,2.7,5.6,36.9
"A0991","Sonoma","Santa Rosa","https://www.californiahealthmaps.org?address=A0991","Male","CRC",147220,44.7,32.8,60.0,74250,43.0,29.9,61.5,"","","","",55885,"","","","","","","",2,59478,1.9,19.9,22.7,50.9,2.7,5.6,36.9
"A0991","Sonoma","Santa Rosa","https://www.californiahealthmaps.org?address=A0991","Female","CRC",150170,47.5,37.0,60.5,79455,42.9,31.3,59.9,"","","","",52335,"","","","","","","",2,59478,1.9,19.9,22.7,50.9,2.7,5.6,36.9
"A0991","Sonoma","Santa Rosa","https://www.californiahealthmaps.org?address=A0991","Male","Mela",147220,50.6,37.8,66.8,74250,67.8,50.6,90.3,"","","","",55885,"","","","","","","",2,59478,1.9,19.9,22.7,50.9,2.7,5.6,36.9
"A0991","Sonoma","Santa Rosa","https://www.californiahealthmaps.org?address=A0991","Female","Mela",150170,28.8,21.0,39.0,79455,35.3,24.9,51.1,"","","","",52335,"","","","","","","",2,59478,1.9,19.9,22.7,50.9,2.7,5.6,36.9
"A0991","Sonoma","Santa Rosa","https://www.californiahealthmaps.org?address=A0991","Female","Uterine",150170,31.3,22.9,42.1,79455,28.8,19.8,43.3,"","","","",52335,"","","","","","","",2,59478,1.9,19.9,22.7,50.9,2.7,5.6,36.9
"A0991","Sonoma","Santa Rosa","https://www.californiahealthmaps.org?address=A0991","Male","Lymph",147220,37.7,26.3,52.7,74250,37.8,24.8,56.5,"","","","",55885,"","","","","","","",2,59478,1.9,19.9,22.7,50.9,2.7,5.6,36.9
"A0991","Sonoma","Santa Rosa","https://www.californiahealthmaps.org?address=A0991","Female","Lymph",150170,16.5,10.8,24.5,79455,17.2,10.5,29.5,"","","","",52335,"","","","","","","",2,59478,1.9,19.9,22.7,50.9,2.7,5.6,36.9
"A0991","Sonoma","Santa Rosa","https://www.californiahealthmaps.org?address=A0991","Male","Urinary",147220,19.8,11.8,31.8,74250,22.1,12.3,37.7,"","","","",55885,"","","","","","","",2,59478,1.9,19.9,22.7,50.9,2.7,5.6,36.9
"A0991","Sonoma","Santa Rosa","https://www.californiahealthmaps.org?address=A0991","Female","Urinary",150170,5.6,2.6,11.1,79455,"","","","","","","",52335,"","","","","","","",2,59478,1.9,19.9,22.7,50.9,2.7,5.6,36.9
"A0991","Sonoma","Santa Rosa","https://www.californiahealthmaps.org?address=A0991","Male","Kidney",147220,18.7,11.7,29.2,74250,20.7,12.1,34.9,"","","","",55885,"","","","","","","",2,59478,1.9,19.9,22.7,50.9,2.7,5.6,36.9
"A0991","Sonoma","Santa Rosa","https://www.californiahealthmaps.org?address=A0991","Female","Kidney",150170,14.2,9.0,21.7,79455,12.0,7.0,23.0,"","","","",52335,"","","","","","","",2,59478,1.9,19.9,22.7,50.9,2.7,5.6,36.9
"A0991","Sonoma","Santa Rosa","https://www.californiahealthmaps.org?address=A0991","Male","Thyroid",147220,3.6,0.9,10.6,74250,"","","","","","","",55885,"","","","","","","",2,59478,1.9,19.9,22.7,50.9,2.7,5.6,36.9
"A0991","Sonoma","Santa Rosa","https://www.californiahealthmaps.org?address=A0991","Female","Thyroid",150170,13.6,8.4,21.2,79455,"","","","","","","",52335,"","","","","","","",2,59478,1.9,19.9,22.7,50.9,2.7,5.6,36.9
"A0991","Sonoma","Santa Rosa","https://www.californiahealthmaps.org?address=A0991","Both","AllSite",297390,478.9,452.5,506.7,153705,508.0,475.9,542.5,"","","","",108220,375.9,312.3,451.5,15990,377.8,283.3,497.9,2,59478,1.9,19.9,22.7,50.9,2.7,5.6,36.9
"A0991","Sonoma","Santa Rosa","https://www.californiahealthmaps.org?address=A0991","Both","Lung",297390,59.8,50.3,70.8,153705,65.2,53.9,79.0,"","","","",108220,"","","",15990,"","","",2,59478,1.9,19.9,22.7,50.9,2.7,5.6,36.9
"A0991","Sonoma","Santa Rosa","https://www.californiahealthmaps.org?address=A0991","Both","CRC",297390,46.4,38.4,55.8,153705,42.8,34.0,54.2,"","","","",108220,43.1,23.7,76.3,15990,"","","",2,59478,1.9,19.9,22.7,50.9,2.7,5.6,36.9
"A0991","Sonoma","Santa Rosa","https://www.californiahealthmaps.org?address=A0991","Both","Mela",297390,37.3,30.3,45.7,153705,48.5,39.0,60.5,"","","","",108220,"","","",15990,"","","",2,59478,1.9,19.9,22.7,50.9,2.7,5.6,36.9
"A0991","Sonoma","Santa Rosa","https://www.californiahealthmaps.org?address=A0991","Both","Lymph",297390,25.0,19.2,32.2,153705,25.4,18.7,34.8,"","","","",108220,"","","",15990,"","","",2,59478,1.9,19.9,22.7,50.9,2.7,5.6,36.9
"A0991","Sonoma","Santa Rosa","https://www.californiahealthmaps.org?address=A0991","Both","Urinary",297390,11.0,7.3,16.2,153705,12.9,8.2,20.3,"","","","",108220,"","","",15990,"","","",2,59478,1.9,19.9,22.7,50.9,2.7,5.6,36.9
"A0991","Sonoma","Santa Rosa","https://www.californiahealthmaps.org?address=A0991","Both","Kidney",297390,16.5,12.1,22.3,153705,16.0,11.1,23.6,"","","","",108220,"","","",15990,"","","",2,59478,1.9,19.9,22.7,50.9,2.7,5.6,36.9
"A0991","Sonoma","Santa Rosa","https://www.californiahealthmaps.org?address=A0991","Both","Thyroid",297390,8.8,5.6,13.4,153705,7.6,4.1,14.0,"","","","",108220,"","","",15990,"","","",2,59478,1.9,19.9,22.7,50.9,2.7,5.6,36.9
