"Zone","Counties","Cities","URL","Sex","Cancer","PopTot","AAIR","LCI","UCI","White_PopTot","White_AAIR","White_LCI","White_UCI","Black_PopTot","Black_AAIR","Black_LCI","Black_UCI","Hispanic_PopTot","Hispanic_AAIR","Hispanic_LCI","Hispanic_UCI","Asian_PopTot","Asian_AAIR","Asian_LCI","Asian_UCI","QNSES","PopAll","PerRural","PerUninsured","PerForeignBorn","PerWhite","PerBlack","PerAsian","PerHispanic","PerAPI","PerDocvisit","PerFOBT","PerMammo","PerMenPrev","PerPap","PerWomenPrev"
"A0846","Los Angeles","Los Angeles","https://www.californiahealthmaps.org?address=A0846","Male","AllSite",157015,393.3,354.3,436.0,40625,440.6,383.4,506.8,"","","","",98925,351.3,282.9,435.4,"","","","",1,61801,0.0,36.2,49.9,25.8,4.6,5.7,61.1,5.7,65.3,63.0,79.2,29.3,84.9,34.1
"A0846","Los Angeles","Los Angeles","https://www.californiahealthmaps.org?address=A0846","Female","AllSite",151990,395.0,361.3,431.3,40305,438.9,382.5,504.9,"","","","",93175,394.8,339.8,458.0,"","","","",1,61801,0.0,36.2,49.9,25.8,4.6,5.7,61.1,5.7,65.3,63.0,79.2,29.3,84.9,34.1
"A0846","Los Angeles","Los Angeles","https://www.californiahealthmaps.org?address=A0846","Male","Prostate",157015,75.6,59.1,96.0,40625,64.9,44.8,94.9,"","","","",98925,96.8,61.3,150.0,"","","","",1,61801,0.0,36.2,49.9,25.8,4.6,5.7,61.1,5.7,65.3,63.0,79.2,29.3,84.9,34.1
"A0846","Los Angeles","Los Angeles","https://www.californiahealthmaps.org?address=A0846","Female","Breast",151990,107.6,90.5,127.2,40305,129.4,100.1,169.0,"","","","",93175,100.1,74.0,134.9,"","","","",1,61801,0.0,36.2,49.9,25.8,4.6,5.7,61.1,5.7,65.3,63.0,79.2,29.3,84.9,34.1
"A0846","Los Angeles","Los Angeles","https://www.californiahealthmaps.org?address=A0846","Male","Lung",157015,54.3,39.9,72.7,40625,74.6,52.3,107.0,"","","","",98925,"","","","","","","",1,61801,0.0,36.2,49.9,25.8,4.6,5.7,61.1,5.7,65.3,63.0,79.2,29.3,84.9,34.1
"A0846","Los Angeles","Los Angeles","https://www.californiahealthmaps.org?address=A0846","Female","Lung",151990,38.0,27.5,51.5,40305,62.2,43.0,92.1,"","","","",93175,"","","","","","","",1,61801,0.0,36.2,49.9,25.8,4.6,5.7,61.1,5.7,65.3,63.0,79.2,29.3,84.9,34.1
"A0846","Los Angeles","Los Angeles","https://www.californiahealthmaps.org?address=A0846","Male","CRC",157015,48.1,34.7,65.7,40625,52.3,33.5,81.7,"","","","",98925,"","","","","","","",1,61801,0.0,36.2,49.9,25.8,4.6,5.7,61.1,5.7,65.3,63.0,79.2,29.3,84.9,34.1
"A0846","Los Angeles","Los Angeles","https://www.californiahealthmaps.org?address=A0846","Female","CRC",151990,31.0,21.8,43.0,40305,27.2,14.3,52.3,"","","","",93175,33.8,18.1,59.6,"","","","",1,61801,0.0,36.2,49.9,25.8,4.6,5.7,61.1,5.7,65.3,63.0,79.2,29.3,84.9,34.1
"A0846","Los Angeles","Los Angeles","https://www.californiahealthmaps.org?address=A0846","Male","Mela",157015,"","","",40625,"","","","","","","",98925,"","","","","","","",1,61801,0.0,36.2,49.9,25.8,4.6,5.7,61.1,5.7,65.3,63.0,79.2,29.3,84.9,34.1
"A0846","Los Angeles","Los Angeles","https://www.californiahealthmaps.org?address=A0846","Female","Mela",151990,11.2,6.1,19.2,40305,"","","","","","","",93175,"","","","","","","",1,61801,0.0,36.2,49.9,25.8,4.6,5.7,61.1,5.7,65.3,63.0,79.2,29.3,84.9,34.1
"A0846","Los Angeles","Los Angeles","https://www.californiahealthmaps.org?address=A0846","Female","Uterine",151990,34.0,24.6,46.2,40305,38.0,23.3,63.9,"","","","",93175,25.5,14.6,45.4,"","","","",1,61801,0.0,36.2,49.9,25.8,4.6,5.7,61.1,5.7,65.3,63.0,79.2,29.3,84.9,34.1
"A0846","Los Angeles","Los Angeles","https://www.californiahealthmaps.org?address=A0846","Male","Lymph",157015,17.2,10.2,28.3,40625,"","","","","","","",98925,"","","","","","","",1,61801,0.0,36.2,49.9,25.8,4.6,5.7,61.1,5.7,65.3,63.0,79.2,29.3,84.9,34.1
"A0846","Los Angeles","Los Angeles","https://www.californiahealthmaps.org?address=A0846","Female","Lymph",151990,17.6,11.2,27.0,40305,"","","","","","","",93175,"","","","","","","",1,61801,0.0,36.2,49.9,25.8,4.6,5.7,61.1,5.7,65.3,63.0,79.2,29.3,84.9,34.1
"A0846","Los Angeles","Los Angeles","https://www.californiahealthmaps.org?address=A0846","Male","Urinary",157015,"","","",40625,"","","","","","","",98925,"","","","","","","",1,61801,0.0,36.2,49.9,25.8,4.6,5.7,61.1,5.7,65.3,63.0,79.2,29.3,84.9,34.1
"A0846","Los Angeles","Los Angeles","https://www.californiahealthmaps.org?address=A0846","Female","Urinary",151990,"","","",40305,"","","","","","","",93175,"","","","","","","",1,61801,0.0,36.2,49.9,25.8,4.6,5.7,61.1,5.7,65.3,63.0,79.2,29.3,84.9,34.1
"A0846","Los Angeles","Los Angeles","https://www.californiahealthmaps.org?address=A0846","Male","Kidney",157015,15.9,9.5,26.2,40625,"","","","","","","",98925,"","","","","","","",1,61801,0.0,36.2,49.9,25.8,4.6,5.7,61.1,5.7,65.3,63.0,79.2,29.3,84.9,34.1
"A0846","Los Angeles","Los Angeles","https://www.californiahealthmaps.org?address=A0846","Female","Kidney",151990,"","","",40305,"","","","","","","",93175,"","","","","","","",1,61801,0.0,36.2,49.9,25.8,4.6,5.7,61.1,5.7,65.3,63.0,79.2,29.3,84.9,34.1
"A0846","Los Angeles","Los Angeles","https://www.californiahealthmaps.org?address=A0846","Male","Thyroid",157015,"","","",40625,"","","","","","","",98925,"","","","","","","",1,61801,0.0,36.2,49.9,25.8,4.6,5.7,61.1,5.7,65.3,63.0,79.2,29.3,84.9,34.1
"A0846","Los Angeles","Los Angeles","https://www.californiahealthmaps.org?address=A0846","Female","Thyroid",151990,22.5,15.4,32.3,40305,"","","","","","","",93175,17.4,9.8,34.0,"","","","",1,61801,0.0,36.2,49.9,25.8,4.6,5.7,61.1,5.7,65.3,63.0,79.2,29.3,84.9,34.1
"A0846","Los Angeles","Los Angeles","https://www.californiahealthmaps.org?address=A0846","Male","Liver",157015,"","","",40625,"","","","","","","",98925,"","","","","","","",1,61801,0.0,36.2,49.9,25.8,4.6,5.7,61.1,5.7,65.3,63.0,79.2,29.3,84.9,34.1
"A0846","Los Angeles","Los Angeles","https://www.californiahealthmaps.org?address=A0846","Female","Liver",151990,"","","",40305,"","","","","","","",93175,"","","","","","","",1,61801,0.0,36.2,49.9,25.8,4.6,5.7,61.1,5.7,65.3,63.0,79.2,29.3,84.9,34.1
"A0846","Los Angeles","Los Angeles","https://www.californiahealthmaps.org?address=A0846","Male","Pancreas",157015,15.9,8.8,27.2,40625,"","","","","","","",98925,"","","","","","","",1,61801,0.0,36.2,49.9,25.8,4.6,5.7,61.1,5.7,65.3,63.0,79.2,29.3,84.9,34.1
"A0846","Los Angeles","Los Angeles","https://www.californiahealthmaps.org?address=A0846","Female","Pancreas",151990,"","","",40305,"","","","","","","",93175,"","","","","","","",1,61801,0.0,36.2,49.9,25.8,4.6,5.7,61.1,5.7,65.3,63.0,79.2,29.3,84.9,34.1
"A0846","Los Angeles","Los Angeles","https://www.californiahealthmaps.org?address=A0846","Both","AllSite",309005,385.1,360.1,411.7,80930,430.2,390.7,474.1,12375,383.6,257.7,567.5,192100,366.3,324.4,413.1,17090,336.5,259.5,436.5,1,61801,0.0,36.2,49.9,25.8,4.6,5.7,61.1,5.7,65.3,63.0,79.2,29.3,84.9,34.1
"A0846","Los Angeles","Los Angeles","https://www.californiahealthmaps.org?address=A0846","Both","Lung",309005,44.6,35.9,54.9,80930,68.7,53.7,88.5,12375,"","","",192100,26.0,14.5,43.8,17090,"","","",1,61801,0.0,36.2,49.9,25.8,4.6,5.7,61.1,5.7,65.3,63.0,79.2,29.3,84.9,34.1
"A0846","Los Angeles","Los Angeles","https://www.californiahealthmaps.org?address=A0846","Both","CRC",309005,38.0,30.1,47.5,80930,37.8,26.7,54.0,12375,"","","",192100,29.2,17.6,46.7,17090,75.1,41.5,134.7,1,61801,0.0,36.2,49.9,25.8,4.6,5.7,61.1,5.7,65.3,63.0,79.2,29.3,84.9,34.1
"A0846","Los Angeles","Los Angeles","https://www.californiahealthmaps.org?address=A0846","Both","Mela",309005,11.8,7.7,17.6,80930,15.2,8.9,26.9,12375,"","","",192100,"","","",17090,"","","",1,61801,0.0,36.2,49.9,25.8,4.6,5.7,61.1,5.7,65.3,63.0,79.2,29.3,84.9,34.1
"A0846","Los Angeles","Los Angeles","https://www.californiahealthmaps.org?address=A0846","Both","Lymph",309005,17.4,12.5,23.9,80930,16.1,8.7,29.2,12375,"","","",192100,21.8,12.7,36.5,17090,"","","",1,61801,0.0,36.2,49.9,25.8,4.6,5.7,61.1,5.7,65.3,63.0,79.2,29.3,84.9,34.1
"A0846","Los Angeles","Los Angeles","https://www.californiahealthmaps.org?address=A0846","Both","Urinary",309005,6.6,3.8,11.1,80930,"","","",12375,"","","",192100,"","","",17090,"","","",1,61801,0.0,36.2,49.9,25.8,4.6,5.7,61.1,5.7,65.3,63.0,79.2,29.3,84.9,34.1
"A0846","Los Angeles","Los Angeles","https://www.californiahealthmaps.org?address=A0846","Both","Kidney",309005,12.2,8.2,17.8,80930,"","","",12375,"","","",192100,"","","",17090,"","","",1,61801,0.0,36.2,49.9,25.8,4.6,5.7,61.1,5.7,65.3,63.0,79.2,29.3,84.9,34.1
"A0846","Los Angeles","Los Angeles","https://www.californiahealthmaps.org?address=A0846","Both","Thyroid",309005,14.7,10.5,20.4,80930,20.5,12.0,34.6,12375,"","","",192100,11.1,6.7,20.8,17090,"","","",1,61801,0.0,36.2,49.9,25.8,4.6,5.7,61.1,5.7,65.3,63.0,79.2,29.3,84.9,34.1
"A0846","Los Angeles","Los Angeles","https://www.californiahealthmaps.org?address=A0846","Both","Liver",309005,11.6,7.5,17.5,80930,"","","",12375,"","","",192100,"","","",17090,"","","",1,61801,0.0,36.2,49.9,25.8,4.6,5.7,61.1,5.7,65.3,63.0,79.2,29.3,84.9,34.1
"A0846","Los Angeles","Los Angeles","https://www.californiahealthmaps.org?address=A0846","Both","Pancreas",309005,13.5,9.0,19.7,80930,"","","",12375,"","","",192100,"","","",17090,"","","",1,61801,0.0,36.2,49.9,25.8,4.6,5.7,61.1,5.7,65.3,63.0,79.2,29.3,84.9,34.1
