"Zone","Counties","Cities","URL","Sex","Cancer","PopTot","AAIR","LCI","UCI","White_PopTot","White_AAIR","White_LCI","White_UCI","Black_PopTot","Black_AAIR","Black_LCI","Black_UCI","Hispanic_PopTot","Hispanic_AAIR","Hispanic_LCI","Hispanic_UCI","Asian_PopTot","Asian_AAIR","Asian_LCI","Asian_UCI","QNSES","PopAll","PerRural","PerUninsured","PerForeignBorn","PerWhite","PerBlack","PerAsian","PerHispanic","PerAPI","PerDocvisit","PerFOBT","PerMammo","PerMenPrev","PerPap","PerWomenPrev"
"A0807","Los Angeles","Los Angeles","https://www.californiahealthmaps.org?address=A0807","Male","AllSite",163250,456.7,421.5,494.3,69015,485.2,438.5,536.7,"","","","",70415,423.0,348.7,512.7,14700,304.6,219.5,421.5,3,66158,0.0,30.4,46.8,40.8,4.1,8.6,44.6,8.6,65.3,63.0,79.2,29.3,84.8,34.1
"A0807","Los Angeles","Los Angeles","https://www.californiahealthmaps.org?address=A0807","Female","AllSite",167540,424.7,394.9,456.4,69500,490.4,445.5,540.3,"","","","",72160,325.4,276.7,381.3,16820,376.7,295.2,485.0,3,66158,0.0,30.4,46.8,40.8,4.1,8.6,44.6,8.6,65.3,63.0,79.2,29.3,84.8,34.1
"A0807","Los Angeles","Los Angeles","https://www.californiahealthmaps.org?address=A0807","Male","Prostate",163250,101.3,85.1,120.0,69015,86.6,67.7,110.4,"","","","",70415,134.8,92.4,194.3,14700,"","","",3,66158,0.0,30.4,46.8,40.8,4.1,8.6,44.6,8.6,65.3,63.0,79.2,29.3,84.8,34.1
"A0807","Los Angeles","Los Angeles","https://www.californiahealthmaps.org?address=A0807","Female","Breast",167540,139.3,122.6,157.9,69500,161.6,136.0,192.4,"","","","",72160,113.7,85.9,148.8,16820,135.9,91.7,208.7,3,66158,0.0,30.4,46.8,40.8,4.1,8.6,44.6,8.6,65.3,63.0,79.2,29.3,84.8,34.1
"A0807","Los Angeles","Los Angeles","https://www.californiahealthmaps.org?address=A0807","Male","Lung",163250,52.8,41.0,67.2,69015,73.2,55.7,95.7,"","","","",70415,"","","",14700,"","","",3,66158,0.0,30.4,46.8,40.8,4.1,8.6,44.6,8.6,65.3,63.0,79.2,29.3,84.8,34.1
"A0807","Los Angeles","Los Angeles","https://www.californiahealthmaps.org?address=A0807","Female","Lung",167540,33.3,25.3,43.3,69500,37.0,26.2,53.4,"","","","",72160,"","","",16820,"","","",3,66158,0.0,30.4,46.8,40.8,4.1,8.6,44.6,8.6,65.3,63.0,79.2,29.3,84.8,34.1
"A0807","Los Angeles","Los Angeles","https://www.californiahealthmaps.org?address=A0807","Male","CRC",163250,52.3,41.0,66.1,69015,52.7,38.5,71.9,"","","","",70415,59.8,33.4,104.2,14700,"","","",3,66158,0.0,30.4,46.8,40.8,4.1,8.6,44.6,8.6,65.3,63.0,79.2,29.3,84.8,34.1
"A0807","Los Angeles","Los Angeles","https://www.californiahealthmaps.org?address=A0807","Female","CRC",167540,38.7,30.2,49.2,69500,46.5,34.1,64.5,"","","","",72160,"","","",16820,"","","",3,66158,0.0,30.4,46.8,40.8,4.1,8.6,44.6,8.6,65.3,63.0,79.2,29.3,84.8,34.1
"A0807","Los Angeles","Los Angeles","https://www.californiahealthmaps.org?address=A0807","Male","Mela",163250,13.0,7.6,21.1,69015,"","","","","","","",70415,"","","",14700,"","","",3,66158,0.0,30.4,46.8,40.8,4.1,8.6,44.6,8.6,65.3,63.0,79.2,29.3,84.8,34.1
"A0807","Los Angeles","Los Angeles","https://www.californiahealthmaps.org?address=A0807","Female","Mela",167540,"","","",69500,"","","","","","","",72160,"","","",16820,"","","",3,66158,0.0,30.4,46.8,40.8,4.1,8.6,44.6,8.6,65.3,63.0,79.2,29.3,84.8,34.1
"A0807","Los Angeles","Los Angeles","https://www.californiahealthmaps.org?address=A0807","Female","Uterine",167540,29.1,21.7,38.5,69500,36.6,25.1,53.8,"","","","",72160,"","","",16820,"","","",3,66158,0.0,30.4,46.8,40.8,4.1,8.6,44.6,8.6,65.3,63.0,79.2,29.3,84.8,34.1
"A0807","Los Angeles","Los Angeles","https://www.californiahealthmaps.org?address=A0807","Male","Lymph",163250,26.1,18.2,36.5,69015,23.3,13.9,38.3,"","","","",70415,"","","",14700,"","","",3,66158,0.0,30.4,46.8,40.8,4.1,8.6,44.6,8.6,65.3,63.0,79.2,29.3,84.8,34.1
"A0807","Los Angeles","Los Angeles","https://www.californiahealthmaps.org?address=A0807","Female","Lymph",167540,22.9,16.4,31.5,69500,19.3,11.5,33.2,"","","","",72160,30.1,16.3,52.1,16820,"","","",3,66158,0.0,30.4,46.8,40.8,4.1,8.6,44.6,8.6,65.3,63.0,79.2,29.3,84.8,34.1
"A0807","Los Angeles","Los Angeles","https://www.californiahealthmaps.org?address=A0807","Male","Urinary",163250,22.2,14.9,32.1,69015,32.1,21.2,48.2,"","","","",70415,"","","",14700,"","","",3,66158,0.0,30.4,46.8,40.8,4.1,8.6,44.6,8.6,65.3,63.0,79.2,29.3,84.8,34.1
"A0807","Los Angeles","Los Angeles","https://www.californiahealthmaps.org?address=A0807","Female","Urinary",167540,"","","",69500,"","","","","","","",72160,"","","",16820,"","","",3,66158,0.0,30.4,46.8,40.8,4.1,8.6,44.6,8.6,65.3,63.0,79.2,29.3,84.8,34.1
"A0807","Los Angeles","Los Angeles","https://www.californiahealthmaps.org?address=A0807","Male","Kidney",163250,28.5,20.5,39.1,69015,28.3,18.0,44.1,"","","","",70415,37.3,20.7,70.9,14700,"","","",3,66158,0.0,30.4,46.8,40.8,4.1,8.6,44.6,8.6,65.3,63.0,79.2,29.3,84.8,34.1
"A0807","Los Angeles","Los Angeles","https://www.californiahealthmaps.org?address=A0807","Female","Kidney",167540,8.7,4.9,14.7,69500,"","","","","","","",72160,"","","",16820,"","","",3,66158,0.0,30.4,46.8,40.8,4.1,8.6,44.6,8.6,65.3,63.0,79.2,29.3,84.8,34.1
"A0807","Los Angeles","Los Angeles","https://www.californiahealthmaps.org?address=A0807","Male","Thyroid",163250,"","","",69015,"","","","","","","",70415,"","","",14700,"","","",3,66158,0.0,30.4,46.8,40.8,4.1,8.6,44.6,8.6,65.3,63.0,79.2,29.3,84.8,34.1
"A0807","Los Angeles","Los Angeles","https://www.californiahealthmaps.org?address=A0807","Female","Thyroid",167540,19.4,13.4,27.3,69500,25.6,15.3,42.2,"","","","",72160,"","","",16820,"","","",3,66158,0.0,30.4,46.8,40.8,4.1,8.6,44.6,8.6,65.3,63.0,79.2,29.3,84.8,34.1
"A0807","Los Angeles","Los Angeles","https://www.californiahealthmaps.org?address=A0807","Male","Liver",163250,13.6,8.4,21.3,69015,"","","","","","","",70415,"","","",14700,"","","",3,66158,0.0,30.4,46.8,40.8,4.1,8.6,44.6,8.6,65.3,63.0,79.2,29.3,84.8,34.1
"A0807","Los Angeles","Los Angeles","https://www.californiahealthmaps.org?address=A0807","Female","Liver",167540,"","","",69500,"","","","","","","",72160,"","","",16820,"","","",3,66158,0.0,30.4,46.8,40.8,4.1,8.6,44.6,8.6,65.3,63.0,79.2,29.3,84.8,34.1
"A0807","Los Angeles","Los Angeles","https://www.californiahealthmaps.org?address=A0807","Male","Pancreas",163250,14.9,9.1,23.4,69015,17.8,9.8,31.3,"","","","",70415,"","","",14700,"","","",3,66158,0.0,30.4,46.8,40.8,4.1,8.6,44.6,8.6,65.3,63.0,79.2,29.3,84.8,34.1
"A0807","Los Angeles","Los Angeles","https://www.californiahealthmaps.org?address=A0807","Female","Pancreas",167540,9.6,5.6,15.7,69500,"","","","","","","",72160,"","","",16820,"","","",3,66158,0.0,30.4,46.8,40.8,4.1,8.6,44.6,8.6,65.3,63.0,79.2,29.3,84.8,34.1
"A0807","Los Angeles","Los Angeles","https://www.californiahealthmaps.org?address=A0807","Both","AllSite",330790,432.2,409.7,455.7,138515,479.1,447.3,513.3,"","","","",142575,358.9,317.7,404.8,31520,338.4,280.1,410.3,3,66158,0.0,30.4,46.8,40.8,4.1,8.6,44.6,8.6,65.3,63.0,79.2,29.3,84.8,34.1
"A0807","Los Angeles","Los Angeles","https://www.californiahealthmaps.org?address=A0807","Both","Lung",330790,41.1,34.3,49.0,138515,52.8,42.8,65.2,"","","","",142575,"","","",31520,39.8,21.5,74.7,3,66158,0.0,30.4,46.8,40.8,4.1,8.6,44.6,8.6,65.3,63.0,79.2,29.3,84.8,34.1
"A0807","Los Angeles","Los Angeles","https://www.californiahealthmaps.org?address=A0807","Both","CRC",330790,44.5,37.6,52.5,138515,49.1,39.6,61.1,"","","","",142575,33.0,21.1,50.2,31520,45.3,25.0,82.3,3,66158,0.0,30.4,46.8,40.8,4.1,8.6,44.6,8.6,65.3,63.0,79.2,29.3,84.8,34.1
"A0807","Los Angeles","Los Angeles","https://www.californiahealthmaps.org?address=A0807","Both","Mela",330790,9.5,6.4,13.6,138515,14.0,9.0,21.9,"","","","",142575,"","","",31520,"","","",3,66158,0.0,30.4,46.8,40.8,4.1,8.6,44.6,8.6,65.3,63.0,79.2,29.3,84.8,34.1
"A0807","Los Angeles","Los Angeles","https://www.californiahealthmaps.org?address=A0807","Both","Lymph",330790,24.1,19.0,30.3,138515,21.3,15.0,30.2,"","","","",142575,31.3,19.7,48.2,31520,"","","",3,66158,0.0,30.4,46.8,40.8,4.1,8.6,44.6,8.6,65.3,63.0,79.2,29.3,84.8,34.1
"A0807","Los Angeles","Los Angeles","https://www.californiahealthmaps.org?address=A0807","Both","Urinary",330790,10.4,7.1,14.7,138515,15.5,10.4,23.1,"","","","",142575,"","","",31520,"","","",3,66158,0.0,30.4,46.8,40.8,4.1,8.6,44.6,8.6,65.3,63.0,79.2,29.3,84.8,34.1
"A0807","Los Angeles","Los Angeles","https://www.californiahealthmaps.org?address=A0807","Both","Kidney",330790,17.7,13.4,23.0,138515,18.6,12.9,27.1,"","","","",142575,22.0,13.3,35.7,31520,"","","",3,66158,0.0,30.4,46.8,40.8,4.1,8.6,44.6,8.6,65.3,63.0,79.2,29.3,84.8,34.1
"A0807","Los Angeles","Los Angeles","https://www.californiahealthmaps.org?address=A0807","Both","Thyroid",330790,12.9,9.3,17.4,138515,14.8,9.4,23.2,"","","","",142575,"","","",31520,"","","",3,66158,0.0,30.4,46.8,40.8,4.1,8.6,44.6,8.6,65.3,63.0,79.2,29.3,84.8,34.1
"A0807","Los Angeles","Los Angeles","https://www.californiahealthmaps.org?address=A0807","Both","Liver",330790,8.6,5.7,12.6,138515,9.0,5.0,15.8,"","","","",142575,"","","",31520,"","","",3,66158,0.0,30.4,46.8,40.8,4.1,8.6,44.6,8.6,65.3,63.0,79.2,29.3,84.8,34.1
"A0807","Los Angeles","Los Angeles","https://www.californiahealthmaps.org?address=A0807","Both","Pancreas",330790,11.8,8.3,16.4,138515,11.4,7.1,18.6,"","","","",142575,"","","",31520,"","","",3,66158,0.0,30.4,46.8,40.8,4.1,8.6,44.6,8.6,65.3,63.0,79.2,29.3,84.8,34.1
