"Zone","Counties","Cities","URL","Sex","Cancer","PopTot","AAIR","LCI","UCI","White_PopTot","White_AAIR","White_LCI","White_UCI","Black_PopTot","Black_AAIR","Black_LCI","Black_UCI","Hispanic_PopTot","Hispanic_AAIR","Hispanic_LCI","Hispanic_UCI","Asian_PopTot","Asian_AAIR","Asian_LCI","Asian_UCI","QNSES","PopAll","PerRural","PerUninsured","PerForeignBorn","PerWhite","PerBlack","PerAsian","PerHispanic"
"A0946","San Diego","San Diego","https://www.californiahealthmaps.org?address=A0946","Male","AllSite",149860,474.8,428.1,525.8,"","","","",16840,473.1,376.3,592.8,114325,482.2,419.0,553.8,10730,341.2,232.9,487.4,1,61135,0.0,37.1,39.7,4.4,13.0,5.9,75.7
"A0946","San Diego","San Diego","https://www.californiahealthmaps.org?address=A0946","Female","AllSite",155815,392.3,356.1,431.5,"","","","",19855,436.9,356.5,534.2,117955,384.7,337.4,437.6,10870,285.4,198.3,406.3,1,61135,0.0,37.1,39.7,4.4,13.0,5.9,75.7
"A0946","San Diego","San Diego","https://www.californiahealthmaps.org?address=A0946","Male","Prostate",149860,129.0,104.8,157.7,"","","","",16840,147.5,96.7,222.6,114325,132.9,100.3,174.5,10730,"","","",1,61135,0.0,37.1,39.7,4.4,13.0,5.9,75.7
"A0946","San Diego","San Diego","https://www.californiahealthmaps.org?address=A0946","Female","Breast",155815,113.4,94.3,135.6,"","","","",19855,107.3,70.1,162.7,117955,106.6,82.9,136.1,10870,"","","",1,61135,0.0,37.1,39.7,4.4,13.0,5.9,75.7
"A0946","San Diego","San Diego","https://www.californiahealthmaps.org?address=A0946","Male","Lung",149860,51.7,36.4,71.9,"","","","",16840,"","","",114325,50.8,30.6,80.9,10730,"","","",1,61135,0.0,37.1,39.7,4.4,13.0,5.9,75.7
"A0946","San Diego","San Diego","https://www.californiahealthmaps.org?address=A0946","Female","Lung",155815,45.9,33.6,61.5,"","","","",19855,70.5,42.0,117.4,117955,38.2,23.1,60.0,10870,"","","",1,61135,0.0,37.1,39.7,4.4,13.0,5.9,75.7
"A0946","San Diego","San Diego","https://www.californiahealthmaps.org?address=A0946","Male","CRC",149860,48.0,34.3,66.3,"","","","",16840,"","","",114325,42.3,25.9,67.8,10730,"","","",1,61135,0.0,37.1,39.7,4.4,13.0,5.9,75.7
"A0946","San Diego","San Diego","https://www.californiahealthmaps.org?address=A0946","Female","CRC",155815,39.5,28.7,53.6,"","","","",19855,"","","",117955,38.0,23.6,58.7,10870,"","","",1,61135,0.0,37.1,39.7,4.4,13.0,5.9,75.7
"A0946","San Diego","San Diego","https://www.californiahealthmaps.org?address=A0946","Male","Mela",149860,4.4,0.8,13.9,"","","","",16840,"","","",114325,"","","",10730,"","","",1,61135,0.0,37.1,39.7,4.4,13.0,5.9,75.7
"A0946","San Diego","San Diego","https://www.californiahealthmaps.org?address=A0946","Female","Mela",155815,2.7,0.5,8.6,"","","","",19855,"","","",117955,"","","",10870,"","","",1,61135,0.0,37.1,39.7,4.4,13.0,5.9,75.7
"A0946","San Diego","San Diego","https://www.californiahealthmaps.org?address=A0946","Female","Uterine",155815,21.4,13.7,32.2,"","","","",19855,"","","",117955,"","","",10870,"","","",1,61135,0.0,37.1,39.7,4.4,13.0,5.9,75.7
"A0946","San Diego","San Diego","https://www.californiahealthmaps.org?address=A0946","Male","Lymph",149860,31.2,20.0,47.1,"","","","",16840,"","","",114325,41.9,24.5,69.0,10730,"","","",1,61135,0.0,37.1,39.7,4.4,13.0,5.9,75.7
"A0946","San Diego","San Diego","https://www.californiahealthmaps.org?address=A0946","Female","Lymph",155815,12.8,6.9,22.1,"","","","",19855,"","","",117955,"","","",10870,"","","",1,61135,0.0,37.1,39.7,4.4,13.0,5.9,75.7
"A0946","San Diego","San Diego","https://www.californiahealthmaps.org?address=A0946","Male","Urinary",149860,2.8,0.3,11.1,"","","","",16840,"","","",114325,"","","",10730,"","","",1,61135,0.0,37.1,39.7,4.4,13.0,5.9,75.7
"A0946","San Diego","San Diego","https://www.californiahealthmaps.org?address=A0946","Female","Urinary",155815,0.7,0.0,5.4,"","","","",19855,"","","",117955,"","","",10870,"","","",1,61135,0.0,37.1,39.7,4.4,13.0,5.9,75.7
"A0946","San Diego","San Diego","https://www.californiahealthmaps.org?address=A0946","Male","Kidney",149860,32.3,21.0,48.3,"","","","",16840,"","","",114325,39.7,23.1,65.7,10730,"","","",1,61135,0.0,37.1,39.7,4.4,13.0,5.9,75.7
"A0946","San Diego","San Diego","https://www.californiahealthmaps.org?address=A0946","Female","Kidney",155815,11.3,5.9,20.1,"","","","",19855,"","","",117955,"","","",10870,"","","",1,61135,0.0,37.1,39.7,4.4,13.0,5.9,75.7
"A0946","San Diego","San Diego","https://www.californiahealthmaps.org?address=A0946","Male","Thyroid",149860,4.5,1.4,12.7,"","","","",16840,"","","",114325,"","","",10730,"","","",1,61135,0.0,37.1,39.7,4.4,13.0,5.9,75.7
"A0946","San Diego","San Diego","https://www.californiahealthmaps.org?address=A0946","Female","Thyroid",155815,20.3,13.4,30.1,"","","","",19855,"","","",117955,22.0,13.6,35.9,10870,"","","",1,61135,0.0,37.1,39.7,4.4,13.0,5.9,75.7
"A0946","San Diego","San Diego","https://www.californiahealthmaps.org?address=A0946","Both","AllSite",305675,426.2,397.4,456.7,10625,696.2,544.2,890.0,36695,449.1,387.1,520.5,232280,423.8,385.5,465.4,21600,308.6,239.0,394.3,1,61135,0.0,37.1,39.7,4.4,13.0,5.9,75.7
"A0946","San Diego","San Diego","https://www.californiahealthmaps.org?address=A0946","Both","Lung",305675,48.4,38.5,60.1,10625,"","","",36695,60.5,39.7,91.5,232280,43.5,30.8,60.0,21600,"","","",1,61135,0.0,37.1,39.7,4.4,13.0,5.9,75.7
"A0946","San Diego","San Diego","https://www.californiahealthmaps.org?address=A0946","Both","CRC",305675,43.4,34.7,54.0,10625,"","","",36695,54.2,33.4,85.9,232280,40.6,29.2,55.5,21600,"","","",1,61135,0.0,37.1,39.7,4.4,13.0,5.9,75.7
"A0946","San Diego","San Diego","https://www.californiahealthmaps.org?address=A0946","Both","Mela",305675,3.3,1.1,7.6,10625,"","","",36695,"","","",232280,"","","",21600,"","","",1,61135,0.0,37.1,39.7,4.4,13.0,5.9,75.7
"A0946","San Diego","San Diego","https://www.californiahealthmaps.org?address=A0946","Both","Lymph",305675,20.8,14.7,28.7,10625,"","","",36695,"","","",232280,27.4,18.0,40.4,21600,"","","",1,61135,0.0,37.1,39.7,4.4,13.0,5.9,75.7
"A0946","San Diego","San Diego","https://www.californiahealthmaps.org?address=A0946","Both","Urinary",305675,1.6,0.3,5.1,10625,"","","",36695,"","","",232280,"","","",21600,"","","",1,61135,0.0,37.1,39.7,4.4,13.0,5.9,75.7
"A0946","San Diego","San Diego","https://www.californiahealthmaps.org?address=A0946","Both","Kidney",305675,20.4,14.5,28.2,10625,"","","",36695,"","","",232280,26.0,17.1,38.5,21600,"","","",1,61135,0.0,37.1,39.7,4.4,13.0,5.9,75.7
"A0946","San Diego","San Diego","https://www.californiahealthmaps.org?address=A0946","Both","Thyroid",305675,12.6,8.6,18.3,10625,"","","",36695,"","","",232280,14.7,9.6,23.0,21600,"","","",1,61135,0.0,37.1,39.7,4.4,13.0,5.9,75.7
