"Zone","Counties","Cities","URL","Sex","Cancer","PopTot","AAIR","LCI","UCI","White_PopTot","White_AAIR","White_LCI","White_UCI","Black_PopTot","Black_AAIR","Black_LCI","Black_UCI","Hispanic_PopTot","Hispanic_AAIR","Hispanic_LCI","Hispanic_UCI","Asian_PopTot","Asian_AAIR","Asian_LCI","Asian_UCI","QNSES","PopAll","PerRural","PerUninsured","PerForeignBorn","PerWhite","PerBlack","PerAsian","PerHispanic","PerAPI","PerDocvisit","PerFOBT","PerMammo","PerMenPrev","PerPap","PerWomenPrev"
"A0938","San Diego","Escondido","https://www.californiahealthmaps.org?address=A0938","Male","AllSite",168500,463.9,434.2,495.6,103305,468.7,433.5,507.2,"","","","",45240,427.5,343.0,531.8,"","","","",3,66356,83.2,17.5,14.8,64.4,1.0,5.0,23.5,5.0,"","","","","",""
"A0938","San Diego","Escondido","https://www.californiahealthmaps.org?address=A0938","Female","AllSite",163280,426.2,397.2,457.1,100035,428.6,393.4,467.5,"","","","",42130,404.7,327.7,499.5,"","","","",3,66356,83.2,17.5,14.8,64.4,1.0,5.0,23.5,5.0,"","","","","",""
"A0938","San Diego","Escondido","https://www.californiahealthmaps.org?address=A0938","Male","Prostate",168500,103.0,90.0,118.0,103305,92.0,78.5,108.9,"","","","",45240,136.4,90.1,204.0,"","","","",3,66356,83.2,17.5,14.8,64.4,1.0,5.0,23.5,5.0,"","","","","",""
"A0938","San Diego","Escondido","https://www.californiahealthmaps.org?address=A0938","Female","Breast",163280,125.1,109.8,142.3,100035,121.2,103.5,142.6,"","","","",42130,117.4,79.9,173.4,"","","","",3,66356,83.2,17.5,14.8,64.4,1.0,5.0,23.5,5.0,"","","","","",""
"A0938","San Diego","Escondido","https://www.californiahealthmaps.org?address=A0938","Male","Lung",168500,44.5,35.5,55.5,103305,45.2,35.5,58.6,"","","","",45240,"","","","","","","",3,66356,83.2,17.5,14.8,64.4,1.0,5.0,23.5,5.0,"","","","","",""
"A0938","San Diego","Escondido","https://www.californiahealthmaps.org?address=A0938","Female","Lung",163280,52.5,43.0,64.1,100035,54.0,43.4,68.4,"","","","",42130,"","","","","","","",3,66356,83.2,17.5,14.8,64.4,1.0,5.0,23.5,5.0,"","","","","",""
"A0938","San Diego","Escondido","https://www.californiahealthmaps.org?address=A0938","Male","CRC",168500,30.6,23.5,39.8,103305,29.8,22.1,41.3,"","","","",45240,"","","","","","","",3,66356,83.2,17.5,14.8,64.4,1.0,5.0,23.5,5.0,"","","","","",""
"A0938","San Diego","Escondido","https://www.californiahealthmaps.org?address=A0938","Female","CRC",163280,35.3,27.4,45.3,100035,35.9,26.7,49.2,"","","","",42130,"","","","","","","",3,66356,83.2,17.5,14.8,64.4,1.0,5.0,23.5,5.0,"","","","","",""
"A0938","San Diego","Escondido","https://www.californiahealthmaps.org?address=A0938","Male","Mela",168500,49.7,40.2,61.3,103305,53.9,42.3,69.3,"","","","",45240,"","","","","","","",3,66356,83.2,17.5,14.8,64.4,1.0,5.0,23.5,5.0,"","","","","",""
"A0938","San Diego","Escondido","https://www.californiahealthmaps.org?address=A0938","Female","Mela",163280,24.6,17.8,33.8,100035,35.5,24.3,51.4,"","","","",42130,"","","","","","","",3,66356,83.2,17.5,14.8,64.4,1.0,5.0,23.5,5.0,"","","","","",""
"A0938","San Diego","Escondido","https://www.californiahealthmaps.org?address=A0938","Female","Uterine",163280,31.1,23.8,40.5,100035,28.4,20.9,40.2,"","","","",42130,"","","","","","","",3,66356,83.2,17.5,14.8,64.4,1.0,5.0,23.5,5.0,"","","","","",""
"A0938","San Diego","Escondido","https://www.californiahealthmaps.org?address=A0938","Male","Lymph",168500,28.1,21.0,37.4,103305,26.8,18.3,39.4,"","","","",45240,"","","","","","","",3,66356,83.2,17.5,14.8,64.4,1.0,5.0,23.5,5.0,"","","","","",""
"A0938","San Diego","Escondido","https://www.californiahealthmaps.org?address=A0938","Female","Lymph",163280,14.9,10.0,22.1,100035,13.8,8.5,23.7,"","","","",42130,"","","","","","","",3,66356,83.2,17.5,14.8,64.4,1.0,5.0,23.5,5.0,"","","","","",""
"A0938","San Diego","Escondido","https://www.californiahealthmaps.org?address=A0938","Male","Urinary",168500,21.6,15.5,30.0,103305,22.7,15.9,33.5,"","","","",45240,"","","","","","","",3,66356,83.2,17.5,14.8,64.4,1.0,5.0,23.5,5.0,"","","","","",""
"A0938","San Diego","Escondido","https://www.californiahealthmaps.org?address=A0938","Female","Urinary",163280,"","","",100035,"","","","","","","",42130,"","","","","","","",3,66356,83.2,17.5,14.8,64.4,1.0,5.0,23.5,5.0,"","","","","",""
"A0938","San Diego","Escondido","https://www.californiahealthmaps.org?address=A0938","Male","Kidney",168500,18.6,12.9,26.6,103305,17.3,10.9,27.8,"","","","",45240,"","","","","","","",3,66356,83.2,17.5,14.8,64.4,1.0,5.0,23.5,5.0,"","","","","",""
"A0938","San Diego","Escondido","https://www.californiahealthmaps.org?address=A0938","Female","Kidney",163280,8.5,4.8,14.7,100035,"","","","","","","",42130,"","","","","","","",3,66356,83.2,17.5,14.8,64.4,1.0,5.0,23.5,5.0,"","","","","",""
"A0938","San Diego","Escondido","https://www.californiahealthmaps.org?address=A0938","Male","Thyroid",168500,7.1,3.8,12.9,103305,"","","","","","","",45240,"","","","","","","",3,66356,83.2,17.5,14.8,64.4,1.0,5.0,23.5,5.0,"","","","","",""
"A0938","San Diego","Escondido","https://www.californiahealthmaps.org?address=A0938","Female","Thyroid",163280,17.7,11.9,25.9,100035,17.5,10.1,29.9,"","","","",42130,"","","","","","","",3,66356,83.2,17.5,14.8,64.4,1.0,5.0,23.5,5.0,"","","","","",""
"A0938","San Diego","Escondido","https://www.californiahealthmaps.org?address=A0938","Male","Liver",168500,12.2,8.1,18.6,103305,9.6,5.7,17.8,"","","","",45240,"","","","","","","",3,66356,83.2,17.5,14.8,64.4,1.0,5.0,23.5,5.0,"","","","","",""
"A0938","San Diego","Escondido","https://www.californiahealthmaps.org?address=A0938","Female","Liver",163280,"","","",100035,"","","","","","","",42130,"","","","","","","",3,66356,83.2,17.5,14.8,64.4,1.0,5.0,23.5,5.0,"","","","","",""
"A0938","San Diego","Escondido","https://www.californiahealthmaps.org?address=A0938","Male","Pancreas",168500,11.4,7.4,17.8,103305,13.1,8.2,22.1,"","","","",45240,"","","","","","","",3,66356,83.2,17.5,14.8,64.4,1.0,5.0,23.5,5.0,"","","","","",""
"A0938","San Diego","Escondido","https://www.californiahealthmaps.org?address=A0938","Female","Pancreas",163280,14.7,9.9,21.6,100035,15.4,10.1,25.1,"","","","",42130,"","","","","","","",3,66356,83.2,17.5,14.8,64.4,1.0,5.0,23.5,5.0,"","","","","",""
"A0938","San Diego","Escondido","https://www.californiahealthmaps.org?address=A0938","Both","AllSite",331780,445.1,424.3,466.9,203340,448.8,423.8,475.5,"","","","",87370,416.5,358.6,483.2,12750,428.3,312.0,580.6,3,66356,83.2,17.5,14.8,64.4,1.0,5.0,23.5,5.0,"","","","","",""
"A0938","San Diego","Escondido","https://www.californiahealthmaps.org?address=A0938","Both","Lung",331780,48.1,41.5,55.6,203340,49.0,41.8,58.0,"","","","",87370,34.1,18.0,60.8,12750,"","","",3,66356,83.2,17.5,14.8,64.4,1.0,5.0,23.5,5.0,"","","","","",""
"A0938","San Diego","Escondido","https://www.californiahealthmaps.org?address=A0938","Both","CRC",331780,33.4,27.9,39.9,203340,33.3,27.1,41.4,"","","","",87370,32.4,17.6,57.5,12750,"","","",3,66356,83.2,17.5,14.8,64.4,1.0,5.0,23.5,5.0,"","","","","",""
"A0938","San Diego","Escondido","https://www.californiahealthmaps.org?address=A0938","Both","Mela",331780,37.2,31.2,44.2,203340,44.8,36.6,55.1,"","","","",87370,"","","",12750,"","","",3,66356,83.2,17.5,14.8,64.4,1.0,5.0,23.5,5.0,"","","","","",""
"A0938","San Diego","Escondido","https://www.californiahealthmaps.org?address=A0938","Both","Lymph",331780,21.5,17.1,27.0,203340,20.4,15.2,27.6,"","","","",87370,30.9,16.8,55.1,12750,"","","",3,66356,83.2,17.5,14.8,64.4,1.0,5.0,23.5,5.0,"","","","","",""
"A0938","San Diego","Escondido","https://www.californiahealthmaps.org?address=A0938","Both","Urinary",331780,12.3,9.1,16.7,203340,13.1,9.4,18.8,"","","","",87370,"","","",12750,"","","",3,66356,83.2,17.5,14.8,64.4,1.0,5.0,23.5,5.0,"","","","","",""
"A0938","San Diego","Escondido","https://www.californiahealthmaps.org?address=A0938","Both","Kidney",331780,13.4,10.0,18.0,203340,12.1,8.2,18.2,"","","","",87370,"","","",12750,"","","",3,66356,83.2,17.5,14.8,64.4,1.0,5.0,23.5,5.0,"","","","","",""
"A0938","San Diego","Escondido","https://www.californiahealthmaps.org?address=A0938","Both","Thyroid",331780,12.4,8.9,17.0,203340,12.4,7.9,19.3,"","","","",87370,"","","",12750,"","","",3,66356,83.2,17.5,14.8,64.4,1.0,5.0,23.5,5.0,"","","","","",""
"A0938","San Diego","Escondido","https://www.californiahealthmaps.org?address=A0938","Both","Liver",331780,8.8,6.2,12.3,203340,6.6,4.2,11.2,"","","","",87370,"","","",12750,"","","",3,66356,83.2,17.5,14.8,64.4,1.0,5.0,23.5,5.0,"","","","","",""
"A0938","San Diego","Escondido","https://www.californiahealthmaps.org?address=A0938","Both","Pancreas",331780,13.2,10.0,17.6,203340,14.4,10.6,20.1,"","","","",87370,"","","",12750,"","","",3,66356,83.2,17.5,14.8,64.4,1.0,5.0,23.5,5.0,"","","","","",""
