"Zone","Counties","Cities","URL","Sex","Cancer","PopTot","AAIR","LCI","UCI","White_PopTot","White_AAIR","White_LCI","White_UCI","Black_PopTot","Black_AAIR","Black_LCI","Black_UCI","Hispanic_PopTot","Hispanic_AAIR","Hispanic_LCI","Hispanic_UCI","Asian_PopTot","Asian_AAIR","Asian_LCI","Asian_UCI","QNSES","PopAll","PerRural","PerUninsured","PerForeignBorn","PerWhite","PerBlack","PerAsian","PerHispanic"
"A0362","Los Angeles","Pasadena","https://www.californiahealthmaps.org?address=A0362","Male","AllSite",151360,442.0,409.6,476.4,65345,417.1,373.8,465.5,20655,500.0,420.2,595.8,50715,381.3,307.8,471.0,"","","","",4,62325,0.0,17.0,27.7,43.6,13.4,6.4,33.1
"A0362","Los Angeles","Pasadena","https://www.californiahealthmaps.org?address=A0362","Female","AllSite",160265,437.6,408.4,468.8,67970,465.9,422.9,514.0,23415,379.1,314.6,459.1,50905,416.0,355.7,484.8,11840,419.3,322.3,553.1,4,62325,0.0,17.0,27.7,43.6,13.4,6.4,33.1
"A0362","Los Angeles","Pasadena","https://www.californiahealthmaps.org?address=A0362","Male","Prostate",151360,112.2,96.7,129.8,65345,99.9,80.1,125.0,20655,144.9,106.7,199.5,50715,64.2,37.5,108.5,"","","","",4,62325,0.0,17.0,27.7,43.6,13.4,6.4,33.1
"A0362","Los Angeles","Pasadena","https://www.californiahealthmaps.org?address=A0362","Female","Breast",160265,145.9,129.2,164.5,67970,169.2,143.8,200.0,23415,140.0,99.3,198.1,50905,123.8,92.6,163.7,11840,109.0,63.2,197.1,4,62325,0.0,17.0,27.7,43.6,13.4,6.4,33.1
"A0362","Los Angeles","Pasadena","https://www.californiahealthmaps.org?address=A0362","Male","Lung",151360,43.5,33.6,55.6,65345,38.6,26.0,57.2,20655,59.2,35.1,101.6,50715,"","","","","","","",4,62325,0.0,17.0,27.7,43.6,13.4,6.4,33.1
"A0362","Los Angeles","Pasadena","https://www.californiahealthmaps.org?address=A0362","Female","Lung",160265,32.0,24.5,41.4,67970,30.6,20.3,47.1,23415,49.6,29.7,87.6,50905,"","","",11840,"","","",4,62325,0.0,17.0,27.7,43.6,13.4,6.4,33.1
"A0362","Los Angeles","Pasadena","https://www.californiahealthmaps.org?address=A0362","Male","CRC",151360,37.4,28.5,48.5,65345,34.2,23.0,51.2,20655,"","","",50715,"","","","","","","",4,62325,0.0,17.0,27.7,43.6,13.4,6.4,33.1
"A0362","Los Angeles","Pasadena","https://www.californiahealthmaps.org?address=A0362","Female","CRC",160265,30.6,23.4,39.7,67970,25.3,16.5,40.2,23415,"","","",50905,40.5,22.8,67.6,11840,"","","",4,62325,0.0,17.0,27.7,43.6,13.4,6.4,33.1
"A0362","Los Angeles","Pasadena","https://www.californiahealthmaps.org?address=A0362","Male","Mela",151360,20.6,14.1,29.3,65345,26.0,16.1,42.1,20655,"","","",50715,"","","","","","","",4,62325,0.0,17.0,27.7,43.6,13.4,6.4,33.1
"A0362","Los Angeles","Pasadena","https://www.californiahealthmaps.org?address=A0362","Female","Mela",160265,15.9,10.8,23.0,67970,22.4,13.9,37.2,23415,"","","",50905,"","","",11840,"","","",4,62325,0.0,17.0,27.7,43.6,13.4,6.4,33.1
"A0362","Los Angeles","Pasadena","https://www.californiahealthmaps.org?address=A0362","Female","Uterine",160265,36.0,28.1,45.7,67970,35.7,25.1,52.3,23415,"","","",50905,41.4,24.2,67.8,11840,"","","",4,62325,0.0,17.0,27.7,43.6,13.4,6.4,33.1
"A0362","Los Angeles","Pasadena","https://www.californiahealthmaps.org?address=A0362","Male","Lymph",151360,26.7,19.2,36.4,65345,22.3,13.0,37.9,20655,"","","",50715,"","","","","","","",4,62325,0.0,17.0,27.7,43.6,13.4,6.4,33.1
"A0362","Los Angeles","Pasadena","https://www.californiahealthmaps.org?address=A0362","Female","Lymph",160265,18.7,13.0,26.4,67970,18.8,11.3,32.7,23415,"","","",50905,"","","",11840,"","","",4,62325,0.0,17.0,27.7,43.6,13.4,6.4,33.1
"A0362","Los Angeles","Pasadena","https://www.californiahealthmaps.org?address=A0362","Male","Urinary",151360,19.8,13.3,28.5,65345,21.2,12.6,36.0,20655,"","","",50715,"","","","","","","",4,62325,0.0,17.0,27.7,43.6,13.4,6.4,33.1
"A0362","Los Angeles","Pasadena","https://www.californiahealthmaps.org?address=A0362","Female","Urinary",160265,7.0,3.9,12.2,67970,"","","",23415,"","","",50905,"","","",11840,"","","",4,62325,0.0,17.0,27.7,43.6,13.4,6.4,33.1
"A0362","Los Angeles","Pasadena","https://www.californiahealthmaps.org?address=A0362","Male","Kidney",151360,24.4,17.2,33.9,65345,20.2,11.4,35.4,20655,"","","",50715,"","","","","","","",4,62325,0.0,17.0,27.7,43.6,13.4,6.4,33.1
"A0362","Los Angeles","Pasadena","https://www.californiahealthmaps.org?address=A0362","Female","Kidney",160265,11.9,7.5,18.3,67970,15.2,8.3,28.9,23415,"","","",50905,"","","",11840,"","","",4,62325,0.0,17.0,27.7,43.6,13.4,6.4,33.1
"A0362","Los Angeles","Pasadena","https://www.californiahealthmaps.org?address=A0362","Male","Thyroid",151360,8.9,4.9,15.1,65345,"","","",20655,"","","",50715,"","","","","","","",4,62325,0.0,17.0,27.7,43.6,13.4,6.4,33.1
"A0362","Los Angeles","Pasadena","https://www.californiahealthmaps.org?address=A0362","Female","Thyroid",160265,22.0,15.5,30.7,67970,24.2,14.0,41.4,23415,"","","",50905,"","","",11840,"","","",4,62325,0.0,17.0,27.7,43.6,13.4,6.4,33.1
"A0362","Los Angeles","Pasadena","https://www.californiahealthmaps.org?address=A0362","Both","AllSite",311625,436.4,414.8,458.9,133315,438.4,408.2,471.3,44070,431.6,381.2,489.3,101620,388.1,343.0,438.2,20730,425.2,348.9,521.0,4,62325,0.0,17.0,27.7,43.6,13.4,6.4,33.1
"A0362","Los Angeles","Pasadena","https://www.californiahealthmaps.org?address=A0362","Both","Lung",311625,36.9,30.8,44.0,133315,33.9,25.7,45.0,44070,53.8,37.9,77.8,101620,22.6,12.7,38.1,20730,55.5,30.9,103.6,4,62325,0.0,17.0,27.7,43.6,13.4,6.4,33.1
"A0362","Los Angeles","Pasadena","https://www.californiahealthmaps.org?address=A0362","Both","CRC",311625,34.1,28.3,40.8,133315,29.5,22.3,39.4,44070,42.9,27.9,66.4,101620,33.5,20.9,51.7,20730,"","","",4,62325,0.0,17.0,27.7,43.6,13.4,6.4,33.1
"A0362","Los Angeles","Pasadena","https://www.californiahealthmaps.org?address=A0362","Both","Mela",311625,18.1,13.9,23.2,133315,24.2,17.5,33.9,44070,"","","",101620,"","","",20730,"","","",4,62325,0.0,17.0,27.7,43.6,13.4,6.4,33.1
"A0362","Los Angeles","Pasadena","https://www.californiahealthmaps.org?address=A0362","Both","Lymph",311625,22.2,17.5,27.9,133315,20.9,14.6,30.1,44070,"","","",101620,"","","",20730,"","","",4,62325,0.0,17.0,27.7,43.6,13.4,6.4,33.1
"A0362","Los Angeles","Pasadena","https://www.californiahealthmaps.org?address=A0362","Both","Urinary",311625,12.2,8.9,16.5,133315,15.0,10.1,22.9,44070,"","","",101620,"","","",20730,"","","",4,62325,0.0,17.0,27.7,43.6,13.4,6.4,33.1
"A0362","Los Angeles","Pasadena","https://www.californiahealthmaps.org?address=A0362","Both","Kidney",311625,17.7,13.5,22.9,133315,17.8,11.9,26.6,44070,21.9,12.4,40.3,101620,"","","",20730,"","","",4,62325,0.0,17.0,27.7,43.6,13.4,6.4,33.1
"A0362","Los Angeles","Pasadena","https://www.californiahealthmaps.org?address=A0362","Both","Thyroid",311625,15.5,11.5,20.4,133315,16.5,10.6,25.7,44070,"","","",101620,20.6,11.9,34.7,20730,"","","",4,62325,0.0,17.0,27.7,43.6,13.4,6.4,33.1
