"Zone","Counties","Cities","URL","Sex","Cancer","PopTot","AAIR","LCI","UCI","White_PopTot","White_AAIR","White_LCI","White_UCI","Black_PopTot","Black_AAIR","Black_LCI","Black_UCI","Hispanic_PopTot","Hispanic_AAIR","Hispanic_LCI","Hispanic_UCI","Asian_PopTot","Asian_AAIR","Asian_LCI","Asian_UCI","QNSES","PopAll","PerRural","PerUninsured","PerForeignBorn","PerWhite","PerBlack","PerAsian","PerHispanic"
"A0326","San Bernardino","Fontana, Rialto","https://www.californiahealthmaps.org?address=A0326","Male","AllSite",143515,550.7,492.0,616.5,25150,626.3,515.4,760.6,15065,700.2,529.1,942.4,90910,472.5,390.2,574.4,"","","","",2,57774,0.0,23.1,28.8,17.5,9.5,7.7,62.6
"A0326","San Bernardino","Fontana, Rialto","https://www.californiahealthmaps.org?address=A0326","Female","AllSite",145355,461.5,417.2,510.1,24255,522.9,430.0,632.8,16580,543.0,408.4,719.3,91615,441.3,379.2,514.4,"","","","",2,57774,0.0,23.1,28.8,17.5,9.5,7.7,62.6
"A0326","San Bernardino","Fontana, Rialto","https://www.californiahealthmaps.org?address=A0326","Male","Prostate",143515,133.9,107.4,167.7,25150,88.3,54.4,147.2,15065,328.8,215.1,519.5,90910,108.0,73.7,163.4,"","","","",2,57774,0.0,23.1,28.8,17.5,9.5,7.7,62.6
"A0326","San Bernardino","Fontana, Rialto","https://www.californiahealthmaps.org?address=A0326","Female","Breast",145355,141.7,119.1,168.5,24255,152.9,107.6,215.0,16580,125.5,65.8,231.9,91615,148.8,116.1,192.7,"","","","",2,57774,0.0,23.1,28.8,17.5,9.5,7.7,62.6
"A0326","San Bernardino","Fontana, Rialto","https://www.californiahealthmaps.org?address=A0326","Male","Lung",143515,54.0,35.7,80.8,25150,"","","",15065,"","","",90910,"","","","","","","",2,57774,0.0,23.1,28.8,17.5,9.5,7.7,62.6
"A0326","San Bernardino","Fontana, Rialto","https://www.californiahealthmaps.org?address=A0326","Female","Lung",145355,38.7,25.0,57.9,24255,"","","",16580,"","","",91615,"","","","","","","",2,57774,0.0,23.1,28.8,17.5,9.5,7.7,62.6
"A0326","San Bernardino","Fontana, Rialto","https://www.californiahealthmaps.org?address=A0326","Male","CRC",143515,62.9,45.2,88.4,25150,67.3,35.4,126.5,15065,"","","",90910,53.7,29.2,101.8,"","","","",2,57774,0.0,23.1,28.8,17.5,9.5,7.7,62.6
"A0326","San Bernardino","Fontana, Rialto","https://www.californiahealthmaps.org?address=A0326","Female","CRC",145355,44.0,30.2,62.8,24255,"","","",16580,"","","",91615,30.0,15.7,57.9,"","","","",2,57774,0.0,23.1,28.8,17.5,9.5,7.7,62.6
"A0326","San Bernardino","Fontana, Rialto","https://www.californiahealthmaps.org?address=A0326","Male","Mela",143515,16.4,8.9,32.4,25150,"","","",15065,"","","",90910,"","","","","","","",2,57774,0.0,23.1,28.8,17.5,9.5,7.7,62.6
"A0326","San Bernardino","Fontana, Rialto","https://www.californiahealthmaps.org?address=A0326","Female","Mela",145355,9.5,4.5,19.5,24255,"","","",16580,"","","",91615,"","","","","","","",2,57774,0.0,23.1,28.8,17.5,9.5,7.7,62.6
"A0326","San Bernardino","Fontana, Rialto","https://www.californiahealthmaps.org?address=A0326","Female","Uterine",145355,37.6,26.5,53.1,24255,"","","",16580,"","","",91615,37.7,22.6,65.4,"","","","",2,57774,0.0,23.1,28.8,17.5,9.5,7.7,62.6
"A0326","San Bernardino","Fontana, Rialto","https://www.californiahealthmaps.org?address=A0326","Male","Lymph",143515,30.2,16.9,52.4,25150,"","","",15065,"","","",90910,"","","","","","","",2,57774,0.0,23.1,28.8,17.5,9.5,7.7,62.6
"A0326","San Bernardino","Fontana, Rialto","https://www.californiahealthmaps.org?address=A0326","Female","Lymph",145355,14.6,7.7,26.6,24255,"","","",16580,"","","",91615,"","","","","","","",2,57774,0.0,23.1,28.8,17.5,9.5,7.7,62.6
"A0326","San Bernardino","Fontana, Rialto","https://www.californiahealthmaps.org?address=A0326","Male","Urinary",143515,31.0,16.6,54.8,25150,"","","",15065,"","","",90910,"","","","","","","",2,57774,0.0,23.1,28.8,17.5,9.5,7.7,62.6
"A0326","San Bernardino","Fontana, Rialto","https://www.californiahealthmaps.org?address=A0326","Female","Urinary",145355,5.4,1.3,15.6,24255,"","","",16580,"","","",91615,"","","","","","","",2,57774,0.0,23.1,28.8,17.5,9.5,7.7,62.6
"A0326","San Bernardino","Fontana, Rialto","https://www.californiahealthmaps.org?address=A0326","Male","Kidney",143515,25.8,16.0,43.6,25150,"","","",15065,"","","",90910,"","","","","","","",2,57774,0.0,23.1,28.8,17.5,9.5,7.7,62.6
"A0326","San Bernardino","Fontana, Rialto","https://www.californiahealthmaps.org?address=A0326","Female","Kidney",145355,11.2,5.5,22.0,24255,"","","",16580,"","","",91615,"","","","","","","",2,57774,0.0,23.1,28.8,17.5,9.5,7.7,62.6
"A0326","San Bernardino","Fontana, Rialto","https://www.californiahealthmaps.org?address=A0326","Male","Thyroid",143515,10.3,3.7,26.7,25150,"","","",15065,"","","",90910,"","","","","","","",2,57774,0.0,23.1,28.8,17.5,9.5,7.7,62.6
"A0326","San Bernardino","Fontana, Rialto","https://www.californiahealthmaps.org?address=A0326","Female","Thyroid",145355,31.9,22.3,45.7,24255,"","","",16580,"","","",91615,35.3,19.7,64.1,"","","","",2,57774,0.0,23.1,28.8,17.5,9.5,7.7,62.6
"A0326","San Bernardino","Fontana, Rialto","https://www.californiahealthmaps.org?address=A0326","Both","AllSite",288870,495.7,460.2,533.9,49405,566.0,494.8,646.7,31645,609.3,500.5,743.1,182525,447.0,397.3,503.5,19355,477.8,362.1,625.2,2,57774,0.0,23.1,28.8,17.5,9.5,7.7,62.6
"A0326","San Bernardino","Fontana, Rialto","https://www.californiahealthmaps.org?address=A0326","Both","Lung",288870,45.6,34.1,60.3,49405,53.1,30.9,86.7,31645,"","","",182525,37.9,22.8,61.7,19355,"","","",2,57774,0.0,23.1,28.8,17.5,9.5,7.7,62.6
"A0326","San Bernardino","Fontana, Rialto","https://www.californiahealthmaps.org?address=A0326","Both","CRC",288870,52.8,41.4,67.0,49405,51.2,31.5,81.4,31645,87.6,46.4,159.5,182525,40.0,26.4,61.4,19355,"","","",2,57774,0.0,23.1,28.8,17.5,9.5,7.7,62.6
"A0326","San Bernardino","Fontana, Rialto","https://www.californiahealthmaps.org?address=A0326","Both","Mela",288870,12.6,8.0,20.1,49405,44.9,27.4,72.6,31645,"","","",182525,"","","",19355,"","","",2,57774,0.0,23.1,28.8,17.5,9.5,7.7,62.6
"A0326","San Bernardino","Fontana, Rialto","https://www.californiahealthmaps.org?address=A0326","Both","Lymph",288870,21.0,14.0,31.1,49405,"","","",31645,"","","",182525,23.2,12.9,42.0,19355,"","","",2,57774,0.0,23.1,28.8,17.5,9.5,7.7,62.6
"A0326","San Bernardino","Fontana, Rialto","https://www.californiahealthmaps.org?address=A0326","Both","Urinary",288870,15.9,9.3,25.8,49405,"","","",31645,"","","",182525,"","","",19355,"","","",2,57774,0.0,23.1,28.8,17.5,9.5,7.7,62.6
"A0326","San Bernardino","Fontana, Rialto","https://www.californiahealthmaps.org?address=A0326","Both","Kidney",288870,18.1,12.4,26.6,49405,"","","",31645,"","","",182525,16.7,8.5,33.7,19355,"","","",2,57774,0.0,23.1,28.8,17.5,9.5,7.7,62.6
"A0326","San Bernardino","Fontana, Rialto","https://www.californiahealthmaps.org?address=A0326","Both","Thyroid",288870,21.2,15.2,30.0,49405,26.9,15.0,49.2,31645,"","","",182525,22.3,12.7,40.1,19355,"","","",2,57774,0.0,23.1,28.8,17.5,9.5,7.7,62.6
