"Zone","Counties","Cities","URL","Sex","Cancer","PopTot","AAIR","LCI","UCI","White_PopTot","White_AAIR","White_LCI","White_UCI","Black_PopTot","Black_AAIR","Black_LCI","Black_UCI","Hispanic_PopTot","Hispanic_AAIR","Hispanic_LCI","Hispanic_UCI","Asian_PopTot","Asian_AAIR","Asian_LCI","Asian_UCI","QNSES","PopAll","PerRural","PerUninsured","PerForeignBorn","PerWhite","PerBlack","PerAsian","PerHispanic","PerAPI","PerDocvisit","PerFOBT","PerMammo","PerMenPrev","PerPap","PerWomenPrev"
"A0202","Riverside","Hemet, San Jacinto","https://www.californiahealthmaps.org?address=A0202","Male","AllSite",170190,451.5,420.3,484.6,74425,456.7,417.6,499.7,"","","","",77170,357.8,298.2,429.4,"","","","",2,69979,4.1,18.0,18.9,44.9,4.6,3.8,44.1,3.8,"","","","","",""
"A0202","Riverside","Hemet, San Jacinto","https://www.californiahealthmaps.org?address=A0202","Female","AllSite",179705,405.0,377.4,434.5,81590,414.8,377.5,456.1,"","","","",77725,345.6,294.0,405.3,"","","","",2,69979,4.1,18.0,18.9,44.9,4.6,3.8,44.1,3.8,"","","","","",""
"A0202","Riverside","Hemet, San Jacinto","https://www.californiahealthmaps.org?address=A0202","Male","Prostate",170190,99.3,85.2,115.3,74425,90.0,74.2,109.9,"","","","",77170,80.5,54.6,119.2,"","","","",2,69979,4.1,18.0,18.9,44.9,4.6,3.8,44.1,3.8,"","","","","",""
"A0202","Riverside","Hemet, San Jacinto","https://www.californiahealthmaps.org?address=A0202","Female","Breast",179705,117.2,102.3,133.9,81590,112.6,93.5,135.8,"","","","",77725,93.7,69.0,126.6,"","","","",2,69979,4.1,18.0,18.9,44.9,4.6,3.8,44.1,3.8,"","","","","",""
"A0202","Riverside","Hemet, San Jacinto","https://www.californiahealthmaps.org?address=A0202","Male","Lung",170190,64.3,53.0,77.6,74425,66.2,52.2,84.4,"","","","",77170,50.2,28.8,85.8,"","","","",2,69979,4.1,18.0,18.9,44.9,4.6,3.8,44.1,3.8,"","","","","",""
"A0202","Riverside","Hemet, San Jacinto","https://www.californiahealthmaps.org?address=A0202","Female","Lung",179705,52.1,43.0,63.1,81590,62.2,49.9,78.3,"","","","",77725,"","","","","","","",2,69979,4.1,18.0,18.9,44.9,4.6,3.8,44.1,3.8,"","","","","",""
"A0202","Riverside","Hemet, San Jacinto","https://www.californiahealthmaps.org?address=A0202","Male","CRC",170190,45.9,36.2,57.7,74425,46.4,33.8,63.6,"","","","",77170,"","","","","","","",2,69979,4.1,18.0,18.9,44.9,4.6,3.8,44.1,3.8,"","","","","",""
"A0202","Riverside","Hemet, San Jacinto","https://www.californiahealthmaps.org?address=A0202","Female","CRC",179705,34.2,26.7,43.5,81590,33.8,24.1,47.8,"","","","",77725,"","","","","","","",2,69979,4.1,18.0,18.9,44.9,4.6,3.8,44.1,3.8,"","","","","",""
"A0202","Riverside","Hemet, San Jacinto","https://www.californiahealthmaps.org?address=A0202","Male","Mela",170190,37.3,28.7,47.8,74425,48.4,36.3,64.9,"","","","",77170,"","","","","","","",2,69979,4.1,18.0,18.9,44.9,4.6,3.8,44.1,3.8,"","","","","",""
"A0202","Riverside","Hemet, San Jacinto","https://www.californiahealthmaps.org?address=A0202","Female","Mela",179705,14.5,9.5,21.4,81590,21.2,12.7,34.6,"","","","",77725,"","","","","","","",2,69979,4.1,18.0,18.9,44.9,4.6,3.8,44.1,3.8,"","","","","",""
"A0202","Riverside","Hemet, San Jacinto","https://www.californiahealthmaps.org?address=A0202","Female","Uterine",179705,33.0,25.4,42.6,81590,29.4,19.7,43.8,"","","","",77725,38.4,23.0,62.7,"","","","",2,69979,4.1,18.0,18.9,44.9,4.6,3.8,44.1,3.8,"","","","","",""
"A0202","Riverside","Hemet, San Jacinto","https://www.californiahealthmaps.org?address=A0202","Male","Lymph",170190,14.0,9.0,21.2,74425,13.2,7.5,24.0,"","","","",77170,"","","","","","","",2,69979,4.1,18.0,18.9,44.9,4.6,3.8,44.1,3.8,"","","","","",""
"A0202","Riverside","Hemet, San Jacinto","https://www.californiahealthmaps.org?address=A0202","Female","Lymph",179705,16.0,11.0,22.8,81590,14.4,9.1,24.3,"","","","",77725,"","","","","","","",2,69979,4.1,18.0,18.9,44.9,4.6,3.8,44.1,3.8,"","","","","",""
"A0202","Riverside","Hemet, San Jacinto","https://www.californiahealthmaps.org?address=A0202","Male","Urinary",170190,21.3,15.0,29.7,74425,24.7,16.8,37.1,"","","","",77170,"","","","","","","",2,69979,4.1,18.0,18.9,44.9,4.6,3.8,44.1,3.8,"","","","","",""
"A0202","Riverside","Hemet, San Jacinto","https://www.californiahealthmaps.org?address=A0202","Female","Urinary",179705,7.5,4.4,12.5,81590,9.0,5.1,17.7,"","","","",77725,"","","","","","","",2,69979,4.1,18.0,18.9,44.9,4.6,3.8,44.1,3.8,"","","","","",""
"A0202","Riverside","Hemet, San Jacinto","https://www.californiahealthmaps.org?address=A0202","Male","Kidney",170190,18.6,12.7,26.6,74425,14.5,8.4,25.7,"","","","",77170,"","","","","","","",2,69979,4.1,18.0,18.9,44.9,4.6,3.8,44.1,3.8,"","","","","",""
"A0202","Riverside","Hemet, San Jacinto","https://www.californiahealthmaps.org?address=A0202","Female","Kidney",179705,14.7,9.7,21.6,81590,13.5,7.6,24.2,"","","","",77725,"","","","","","","",2,69979,4.1,18.0,18.9,44.9,4.6,3.8,44.1,3.8,"","","","","",""
"A0202","Riverside","Hemet, San Jacinto","https://www.californiahealthmaps.org?address=A0202","Male","Thyroid",170190,"","","",74425,"","","","","","","",77170,"","","","","","","",2,69979,4.1,18.0,18.9,44.9,4.6,3.8,44.1,3.8,"","","","","",""
"A0202","Riverside","Hemet, San Jacinto","https://www.californiahealthmaps.org?address=A0202","Female","Thyroid",179705,20.5,14.2,28.8,81590,22.6,12.9,37.7,"","","","",77725,"","","","","","","",2,69979,4.1,18.0,18.9,44.9,4.6,3.8,44.1,3.8,"","","","","",""
"A0202","Riverside","Hemet, San Jacinto","https://www.californiahealthmaps.org?address=A0202","Male","Liver",170190,15.5,10.2,22.9,74425,16.6,9.5,28.7,"","","","",77170,"","","","","","","",2,69979,4.1,18.0,18.9,44.9,4.6,3.8,44.1,3.8,"","","","","",""
"A0202","Riverside","Hemet, San Jacinto","https://www.californiahealthmaps.org?address=A0202","Female","Liver",179705,"","","",81590,"","","","","","","",77725,"","","","","","","",2,69979,4.1,18.0,18.9,44.9,4.6,3.8,44.1,3.8,"","","","","",""
"A0202","Riverside","Hemet, San Jacinto","https://www.californiahealthmaps.org?address=A0202","Male","Pancreas",170190,10.8,6.5,17.2,74425,"","","","","","","",77170,"","","","","","","",2,69979,4.1,18.0,18.9,44.9,4.6,3.8,44.1,3.8,"","","","","",""
"A0202","Riverside","Hemet, San Jacinto","https://www.californiahealthmaps.org?address=A0202","Female","Pancreas",179705,9.6,5.9,15.2,81590,"","","","","","","",77725,"","","","","","","",2,69979,4.1,18.0,18.9,44.9,4.6,3.8,44.1,3.8,"","","","","",""
"A0202","Riverside","Hemet, San Jacinto","https://www.californiahealthmaps.org?address=A0202","Both","AllSite",349895,423.3,402.7,444.8,156015,431.2,404.3,460.1,16990,710.0,568.9,883.4,154895,349.0,309.8,392.7,10065,340.7,238.6,479.4,2,69979,4.1,18.0,18.9,44.9,4.6,3.8,44.1,3.8,"","","","","",""
"A0202","Riverside","Hemet, San Jacinto","https://www.californiahealthmaps.org?address=A0202","Both","Lung",349895,57.4,50.2,65.6,156015,63.9,54.5,75.2,16990,"","","",154895,39.4,26.3,57.7,10065,"","","",2,69979,4.1,18.0,18.9,44.9,4.6,3.8,44.1,3.8,"","","","","",""
"A0202","Riverside","Hemet, San Jacinto","https://www.californiahealthmaps.org?address=A0202","Both","CRC",349895,39.6,33.5,46.7,156015,39.6,31.6,49.7,16990,"","","",154895,28.9,18.1,45.0,10065,"","","",2,69979,4.1,18.0,18.9,44.9,4.6,3.8,44.1,3.8,"","","","","",""
"A0202","Riverside","Hemet, San Jacinto","https://www.californiahealthmaps.org?address=A0202","Both","Mela",349895,24.4,19.6,30.1,156015,33.1,25.8,42.6,16990,"","","",154895,"","","",10065,"","","",2,69979,4.1,18.0,18.9,44.9,4.6,3.8,44.1,3.8,"","","","","",""
"A0202","Riverside","Hemet, San Jacinto","https://www.californiahealthmaps.org?address=A0202","Both","Lymph",349895,15.1,11.4,19.7,156015,13.9,9.8,20.2,16990,"","","",154895,"","","",10065,"","","",2,69979,4.1,18.0,18.9,44.9,4.6,3.8,44.1,3.8,"","","","","",""
"A0202","Riverside","Hemet, San Jacinto","https://www.californiahealthmaps.org?address=A0202","Both","Urinary",349895,13.7,10.3,18.0,156015,16.0,11.8,22.4,16990,"","","",154895,"","","",10065,"","","",2,69979,4.1,18.0,18.9,44.9,4.6,3.8,44.1,3.8,"","","","","",""
"A0202","Riverside","Hemet, San Jacinto","https://www.californiahealthmaps.org?address=A0202","Both","Kidney",349895,16.3,12.4,21.1,156015,13.9,9.5,20.6,16990,"","","",154895,17.8,9.9,31.1,10065,"","","",2,69979,4.1,18.0,18.9,44.9,4.6,3.8,44.1,3.8,"","","","","",""
"A0202","Riverside","Hemet, San Jacinto","https://www.californiahealthmaps.org?address=A0202","Both","Thyroid",349895,12.3,8.8,16.8,156015,14.3,8.7,22.6,16990,"","","",154895,"","","",10065,"","","",2,69979,4.1,18.0,18.9,44.9,4.6,3.8,44.1,3.8,"","","","","",""
"A0202","Riverside","Hemet, San Jacinto","https://www.californiahealthmaps.org?address=A0202","Both","Liver",349895,9.1,6.3,12.9,156015,9.7,5.9,15.8,16990,"","","",154895,"","","",10065,"","","",2,69979,4.1,18.0,18.9,44.9,4.6,3.8,44.1,3.8,"","","","","",""
"A0202","Riverside","Hemet, San Jacinto","https://www.californiahealthmaps.org?address=A0202","Both","Pancreas",349895,10.1,7.2,13.9,156015,9.3,5.9,15.0,16990,"","","",154895,"","","",10065,"","","",2,69979,4.1,18.0,18.9,44.9,4.6,3.8,44.1,3.8,"","","","","",""
