"Zone","Counties","Cities","URL","Sex","Cancer","PopTot","AAIR","LCI","UCI","White_PopTot","White_AAIR","White_LCI","White_UCI","Black_PopTot","Black_AAIR","Black_LCI","Black_UCI","Hispanic_PopTot","Hispanic_AAIR","Hispanic_LCI","Hispanic_UCI","Asian_PopTot","Asian_AAIR","Asian_LCI","Asian_UCI","QNSES","PopAll","PerRural","PerUninsured","PerForeignBorn","PerWhite","PerBlack","PerAsian","PerHispanic","PerAPI","PerDocvisit","PerFOBT","PerMammo","PerMenPrev","PerPap","PerWomenPrev"
"A0684","San Diego","Poway, San Diego","https://www.californiahealthmaps.org?address=A0684","Male","AllSite",174980,462.8,425.2,503.3,105390,488.7,444.1,537.2,"","","","",19695,583.7,405.8,828.0,36895,319.5,245.1,414.9,5,68052,0.7,7.0,24.4,58.4,3.1,21.9,12.4,21.9,65.8,73.3,82.2,33.1,85.5,39.0
"A0684","San Diego","Poway, San Diego","https://www.californiahealthmaps.org?address=A0684","Female","AllSite",165280,462.2,428.3,498.3,93965,485.5,443.6,530.9,"","","","",19715,462.5,337.9,623.3,40425,429.1,355.0,518.3,5,68052,0.7,7.0,24.4,58.4,3.1,21.9,12.4,21.9,65.8,73.3,82.2,33.1,85.5,39.0
"A0684","San Diego","Poway, San Diego","https://www.californiahealthmaps.org?address=A0684","Male","Prostate",174980,112.8,94.8,133.7,105390,120.1,99.1,145.1,"","","","",19695,"","","",36895,"","","",5,68052,0.7,7.0,24.4,58.4,3.1,21.9,12.4,21.9,65.8,73.3,82.2,33.1,85.5,39.0
"A0684","San Diego","Poway, San Diego","https://www.californiahealthmaps.org?address=A0684","Female","Breast",165280,168.6,148.8,190.6,93965,183.4,158.4,211.7,"","","","",19715,163.9,96.3,268.6,40425,141.1,102.4,195.4,5,68052,0.7,7.0,24.4,58.4,3.1,21.9,12.4,21.9,65.8,73.3,82.2,33.1,85.5,39.0
"A0684","San Diego","Poway, San Diego","https://www.californiahealthmaps.org?address=A0684","Male","Lung",174980,44.1,32.4,59.2,105390,47.6,33.9,65.7,"","","","",19695,"","","",36895,"","","",5,68052,0.7,7.0,24.4,58.4,3.1,21.9,12.4,21.9,65.8,73.3,82.2,33.1,85.5,39.0
"A0684","San Diego","Poway, San Diego","https://www.californiahealthmaps.org?address=A0684","Female","Lung",165280,48.3,37.3,61.7,93965,52.5,38.8,69.8,"","","","",19715,"","","",40425,"","","",5,68052,0.7,7.0,24.4,58.4,3.1,21.9,12.4,21.9,65.8,73.3,82.2,33.1,85.5,39.0
"A0684","San Diego","Poway, San Diego","https://www.californiahealthmaps.org?address=A0684","Male","CRC",174980,47.9,36.2,62.8,105390,47.8,34.3,65.5,"","","","",19695,"","","",36895,"","","",5,68052,0.7,7.0,24.4,58.4,3.1,21.9,12.4,21.9,65.8,73.3,82.2,33.1,85.5,39.0
"A0684","San Diego","Poway, San Diego","https://www.californiahealthmaps.org?address=A0684","Female","CRC",165280,33.1,24.4,44.2,93965,26.7,17.7,39.3,"","","","",19715,"","","",40425,"","","",5,68052,0.7,7.0,24.4,58.4,3.1,21.9,12.4,21.9,65.8,73.3,82.2,33.1,85.5,39.0
"A0684","San Diego","Poway, San Diego","https://www.californiahealthmaps.org?address=A0684","Male","Mela",174980,41.2,31.0,54.5,105390,54.5,40.8,72.2,"","","","",19695,"","","",36895,"","","",5,68052,0.7,7.0,24.4,58.4,3.1,21.9,12.4,21.9,65.8,73.3,82.2,33.1,85.5,39.0
"A0684","San Diego","Poway, San Diego","https://www.californiahealthmaps.org?address=A0684","Female","Mela",165280,15.9,10.4,23.6,93965,21.2,13.7,32.3,"","","","",19715,"","","",40425,"","","",5,68052,0.7,7.0,24.4,58.4,3.1,21.9,12.4,21.9,65.8,73.3,82.2,33.1,85.5,39.0
"A0684","San Diego","Poway, San Diego","https://www.californiahealthmaps.org?address=A0684","Female","Uterine",165280,35.7,26.9,46.8,93965,35.4,24.7,49.8,"","","","",19715,"","","",40425,"","","",5,68052,0.7,7.0,24.4,58.4,3.1,21.9,12.4,21.9,65.8,73.3,82.2,33.1,85.5,39.0
"A0684","San Diego","Poway, San Diego","https://www.californiahealthmaps.org?address=A0684","Male","Lymph",174980,28.1,19.7,39.7,105390,25.3,16.0,39.0,"","","","",19695,"","","",36895,"","","",5,68052,0.7,7.0,24.4,58.4,3.1,21.9,12.4,21.9,65.8,73.3,82.2,33.1,85.5,39.0
"A0684","San Diego","Poway, San Diego","https://www.californiahealthmaps.org?address=A0684","Female","Lymph",165280,25.5,17.7,35.7,93965,29.7,19.7,43.5,"","","","",19715,"","","",40425,"","","",5,68052,0.7,7.0,24.4,58.4,3.1,21.9,12.4,21.9,65.8,73.3,82.2,33.1,85.5,39.0
"A0684","San Diego","Poway, San Diego","https://www.californiahealthmaps.org?address=A0684","Male","Urinary",174980,19.6,12.0,30.8,105390,22.8,13.6,36.5,"","","","",19695,"","","",36895,"","","",5,68052,0.7,7.0,24.4,58.4,3.1,21.9,12.4,21.9,65.8,73.3,82.2,33.1,85.5,39.0
"A0684","San Diego","Poway, San Diego","https://www.californiahealthmaps.org?address=A0684","Female","Urinary",165280,"","","",93965,"","","","","","","",19715,"","","",40425,"","","",5,68052,0.7,7.0,24.4,58.4,3.1,21.9,12.4,21.9,65.8,73.3,82.2,33.1,85.5,39.0
"A0684","San Diego","Poway, San Diego","https://www.californiahealthmaps.org?address=A0684","Male","Kidney",174980,14.5,8.8,23.4,105390,14.0,7.6,24.7,"","","","",19695,"","","",36895,"","","",5,68052,0.7,7.0,24.4,58.4,3.1,21.9,12.4,21.9,65.8,73.3,82.2,33.1,85.5,39.0
"A0684","San Diego","Poway, San Diego","https://www.californiahealthmaps.org?address=A0684","Female","Kidney",165280,"","","",93965,"","","","","","","",19715,"","","",40425,"","","",5,68052,0.7,7.0,24.4,58.4,3.1,21.9,12.4,21.9,65.8,73.3,82.2,33.1,85.5,39.0
"A0684","San Diego","Poway, San Diego","https://www.californiahealthmaps.org?address=A0684","Male","Thyroid",174980,10.8,6.0,19.0,105390,"","","","","","","",19695,"","","",36895,"","","",5,68052,0.7,7.0,24.4,58.4,3.1,21.9,12.4,21.9,65.8,73.3,82.2,33.1,85.5,39.0
"A0684","San Diego","Poway, San Diego","https://www.californiahealthmaps.org?address=A0684","Female","Thyroid",165280,20.4,14.1,28.9,93965,23.5,14.9,35.9,"","","","",19715,"","","",40425,"","","",5,68052,0.7,7.0,24.4,58.4,3.1,21.9,12.4,21.9,65.8,73.3,82.2,33.1,85.5,39.0
"A0684","San Diego","Poway, San Diego","https://www.californiahealthmaps.org?address=A0684","Male","Liver",174980,12.5,7.1,21.4,105390,"","","","","","","",19695,"","","",36895,"","","",5,68052,0.7,7.0,24.4,58.4,3.1,21.9,12.4,21.9,65.8,73.3,82.2,33.1,85.5,39.0
"A0684","San Diego","Poway, San Diego","https://www.californiahealthmaps.org?address=A0684","Female","Liver",165280,"","","",93965,"","","","","","","",19715,"","","",40425,"","","",5,68052,0.7,7.0,24.4,58.4,3.1,21.9,12.4,21.9,65.8,73.3,82.2,33.1,85.5,39.0
"A0684","San Diego","Poway, San Diego","https://www.californiahealthmaps.org?address=A0684","Male","Pancreas",174980,11.6,6.4,20.4,105390,"","","","","","","",19695,"","","",36895,"","","",5,68052,0.7,7.0,24.4,58.4,3.1,21.9,12.4,21.9,65.8,73.3,82.2,33.1,85.5,39.0
"A0684","San Diego","Poway, San Diego","https://www.californiahealthmaps.org?address=A0684","Female","Pancreas",165280,14.1,8.6,22.1,93965,"","","","","","","",19715,"","","",40425,"","","",5,68052,0.7,7.0,24.4,58.4,3.1,21.9,12.4,21.9,65.8,73.3,82.2,33.1,85.5,39.0
"A0684","San Diego","Poway, San Diego","https://www.californiahealthmaps.org?address=A0684","Both","AllSite",340260,460.3,435.2,486.7,199355,483.5,453.1,515.5,"","","","",39410,509.7,404.9,637.0,77320,376.9,323.9,438.4,5,68052,0.7,7.0,24.4,58.4,3.1,21.9,12.4,21.9,65.8,73.3,82.2,33.1,85.5,39.0
"A0684","San Diego","Poway, San Diego","https://www.californiahealthmaps.org?address=A0684","Both","Lung",340260,45.8,37.8,55.2,199355,49.0,39.4,60.4,"","","","",39410,"","","",77320,45.4,26.9,74.2,5,68052,0.7,7.0,24.4,58.4,3.1,21.9,12.4,21.9,65.8,73.3,82.2,33.1,85.5,39.0
"A0684","San Diego","Poway, San Diego","https://www.californiahealthmaps.org?address=A0684","Both","CRC",340260,40.3,33.0,49.0,199355,37.1,28.9,47.1,"","","","",39410,70.8,38.1,127.2,77320,45.7,28.2,73.0,5,68052,0.7,7.0,24.4,58.4,3.1,21.9,12.4,21.9,65.8,73.3,82.2,33.1,85.5,39.0
"A0684","San Diego","Poway, San Diego","https://www.californiahealthmaps.org?address=A0684","Both","Mela",340260,27.9,22.2,34.9,199355,37.8,29.9,47.4,"","","","",39410,"","","",77320,"","","",5,68052,0.7,7.0,24.4,58.4,3.1,21.9,12.4,21.9,65.8,73.3,82.2,33.1,85.5,39.0
"A0684","San Diego","Poway, San Diego","https://www.californiahealthmaps.org?address=A0684","Both","Lymph",340260,27.0,21.1,34.2,199355,27.9,20.7,36.8,"","","","",39410,"","","",77320,"","","",5,68052,0.7,7.0,24.4,58.4,3.1,21.9,12.4,21.9,65.8,73.3,82.2,33.1,85.5,39.0
"A0684","San Diego","Poway, San Diego","https://www.californiahealthmaps.org?address=A0684","Both","Urinary",340260,9.8,6.3,14.8,199355,11.2,7.0,17.2,"","","","",39410,"","","",77320,"","","",5,68052,0.7,7.0,24.4,58.4,3.1,21.9,12.4,21.9,65.8,73.3,82.2,33.1,85.5,39.0
"A0684","San Diego","Poway, San Diego","https://www.californiahealthmaps.org?address=A0684","Both","Kidney",340260,9.0,5.9,13.4,199355,9.2,5.5,14.7,"","","","",39410,"","","",77320,"","","",5,68052,0.7,7.0,24.4,58.4,3.1,21.9,12.4,21.9,65.8,73.3,82.2,33.1,85.5,39.0
"A0684","San Diego","Poway, San Diego","https://www.californiahealthmaps.org?address=A0684","Both","Thyroid",340260,15.6,11.5,20.9,199355,15.0,10.2,21.7,"","","","",39410,"","","",77320,"","","",5,68052,0.7,7.0,24.4,58.4,3.1,21.9,12.4,21.9,65.8,73.3,82.2,33.1,85.5,39.0
"A0684","San Diego","Poway, San Diego","https://www.californiahealthmaps.org?address=A0684","Both","Liver",340260,9.3,5.9,14.1,199355,"","","","","","","",39410,"","","",77320,"","","",5,68052,0.7,7.0,24.4,58.4,3.1,21.9,12.4,21.9,65.8,73.3,82.2,33.1,85.5,39.0
"A0684","San Diego","Poway, San Diego","https://www.californiahealthmaps.org?address=A0684","Both","Pancreas",340260,13.1,9.1,18.5,199355,10.3,6.3,16.1,"","","","",39410,"","","",77320,"","","",5,68052,0.7,7.0,24.4,58.4,3.1,21.9,12.4,21.9,65.8,73.3,82.2,33.1,85.5,39.0
