"Zone","Counties","Cities","URL","Sex","Cancer","PopTot","AAIR","LCI","UCI","White_PopTot","White_AAIR","White_LCI","White_UCI","Black_PopTot","Black_AAIR","Black_LCI","Black_UCI","Hispanic_PopTot","Hispanic_AAIR","Hispanic_LCI","Hispanic_UCI","Asian_PopTot","Asian_AAIR","Asian_LCI","Asian_UCI","QNSES","PopAll","PerRural","PerUninsured","PerForeignBorn","PerWhite","PerBlack","PerAsian","PerHispanic"
"A0922","Los Angeles","Glendale","https://www.californiahealthmaps.org?address=A0922","Male","AllSite",141275,429.2,398.9,461.7,97465,448.3,412.9,486.9,"","","","",15335,408.8,299.8,547.6,21490,337.9,253.8,447.1,4,59875,0.4,14.0,45.6,68.0,1.3,16.2,12.3
"A0922","Los Angeles","Glendale","https://www.californiahealthmaps.org?address=A0922","Female","AllSite",158100,372.7,346.9,400.6,106030,374.4,343.6,408.4,"","","","",18860,400.2,317.7,499.5,26235,391.3,320.2,476.6,4,59875,0.4,14.0,45.6,68.0,1.3,16.2,12.3
"A0922","Los Angeles","Glendale","https://www.californiahealthmaps.org?address=A0922","Male","Prostate",141275,100.4,86.3,116.6,97465,102.5,86.4,121.8,"","","","",15335,"","","",21490,"","","",4,59875,0.4,14.0,45.6,68.0,1.3,16.2,12.3
"A0922","Los Angeles","Glendale","https://www.californiahealthmaps.org?address=A0922","Female","Breast",158100,130.3,115.1,147.5,106030,131.6,113.5,153.1,"","","","",18860,105.6,65.0,164.1,26235,162.2,118.9,219.8,4,59875,0.4,14.0,45.6,68.0,1.3,16.2,12.3
"A0922","Los Angeles","Glendale","https://www.californiahealthmaps.org?address=A0922","Male","Lung",141275,53.4,43.2,65.9,97465,59.0,46.8,74.5,"","","","",15335,"","","",21490,"","","",4,59875,0.4,14.0,45.6,68.0,1.3,16.2,12.3
"A0922","Los Angeles","Glendale","https://www.californiahealthmaps.org?address=A0922","Female","Lung",158100,23.8,17.8,31.9,106030,25.8,18.6,36.6,"","","","",18860,"","","",26235,"","","",4,59875,0.4,14.0,45.6,68.0,1.3,16.2,12.3
"A0922","Los Angeles","Glendale","https://www.californiahealthmaps.org?address=A0922","Male","CRC",141275,44.4,35.0,56.1,97465,43.4,32.7,57.7,"","","","",15335,"","","",21490,"","","",4,59875,0.4,14.0,45.6,68.0,1.3,16.2,12.3
"A0922","Los Angeles","Glendale","https://www.californiahealthmaps.org?address=A0922","Female","CRC",158100,38.1,30.4,47.9,106030,40.2,31.0,52.9,"","","","",18860,"","","",26235,"","","",4,59875,0.4,14.0,45.6,68.0,1.3,16.2,12.3
"A0922","Los Angeles","Glendale","https://www.californiahealthmaps.org?address=A0922","Male","Mela",141275,24.9,18.2,33.8,97465,28.0,20.0,39.4,"","","","",15335,"","","",21490,"","","",4,59875,0.4,14.0,45.6,68.0,1.3,16.2,12.3
"A0922","Los Angeles","Glendale","https://www.californiahealthmaps.org?address=A0922","Female","Mela",158100,8.9,5.3,14.8,106030,9.3,5.2,17.5,"","","","",18860,"","","",26235,"","","",4,59875,0.4,14.0,45.6,68.0,1.3,16.2,12.3
"A0922","Los Angeles","Glendale","https://www.californiahealthmaps.org?address=A0922","Female","Uterine",158100,26.2,19.8,34.7,106030,27.3,19.8,38.4,"","","","",18860,"","","",26235,"","","",4,59875,0.4,14.0,45.6,68.0,1.3,16.2,12.3
"A0922","Los Angeles","Glendale","https://www.californiahealthmaps.org?address=A0922","Male","Lymph",141275,27.3,20.0,37.0,97465,29.3,20.4,41.8,"","","","",15335,"","","",21490,"","","",4,59875,0.4,14.0,45.6,68.0,1.3,16.2,12.3
"A0922","Los Angeles","Glendale","https://www.californiahealthmaps.org?address=A0922","Female","Lymph",158100,18.6,13.1,26.4,106030,13.7,8.3,23.3,"","","","",18860,"","","",26235,"","","",4,59875,0.4,14.0,45.6,68.0,1.3,16.2,12.3
"A0922","Los Angeles","Glendale","https://www.californiahealthmaps.org?address=A0922","Male","Urinary",141275,27.1,20.0,36.6,97465,32.0,23.3,44.3,"","","","",15335,"","","",21490,"","","",4,59875,0.4,14.0,45.6,68.0,1.3,16.2,12.3
"A0922","Los Angeles","Glendale","https://www.californiahealthmaps.org?address=A0922","Female","Urinary",158100,2.3,0.7,6.7,106030,"","","","","","","",18860,"","","",26235,"","","",4,59875,0.4,14.0,45.6,68.0,1.3,16.2,12.3
"A0922","Los Angeles","Glendale","https://www.californiahealthmaps.org?address=A0922","Male","Kidney",141275,17.8,12.0,26.1,97465,19.1,12.3,29.8,"","","","",15335,"","","",21490,"","","",4,59875,0.4,14.0,45.6,68.0,1.3,16.2,12.3
"A0922","Los Angeles","Glendale","https://www.californiahealthmaps.org?address=A0922","Female","Kidney",158100,7.9,4.6,13.6,106030,9.0,5.1,17.1,"","","","",18860,"","","",26235,"","","",4,59875,0.4,14.0,45.6,68.0,1.3,16.2,12.3
"A0922","Los Angeles","Glendale","https://www.californiahealthmaps.org?address=A0922","Male","Thyroid",141275,5.8,2.7,11.5,97465,"","","","","","","",15335,"","","",21490,"","","",4,59875,0.4,14.0,45.6,68.0,1.3,16.2,12.3
"A0922","Los Angeles","Glendale","https://www.californiahealthmaps.org?address=A0922","Female","Thyroid",158100,21.6,15.2,30.3,106030,23.5,15.3,35.9,"","","","",18860,"","","",26235,"","","",4,59875,0.4,14.0,45.6,68.0,1.3,16.2,12.3
"A0922","Los Angeles","Glendale","https://www.californiahealthmaps.org?address=A0922","Both","AllSite",299375,393.5,373.9,414.0,203495,403.4,380.2,428.1,"","","","",34195,397.1,331.2,473.4,47725,362.5,308.6,424.3,4,59875,0.4,14.0,45.6,68.0,1.3,16.2,12.3
"A0922","Los Angeles","Glendale","https://www.californiahealthmaps.org?address=A0922","Both","Lung",299375,36.7,31.0,43.4,203495,40.6,33.8,49.1,"","","","",34195,"","","",47725,"","","",4,59875,0.4,14.0,45.6,68.0,1.3,16.2,12.3
"A0922","Los Angeles","Glendale","https://www.californiahealthmaps.org?address=A0922","Both","CRC",299375,40.7,34.7,47.8,203495,41.5,34.4,50.3,"","","","",34195,60.0,36.0,95.3,47725,36.4,20.6,60.8,4,59875,0.4,14.0,45.6,68.0,1.3,16.2,12.3
"A0922","Los Angeles","Glendale","https://www.californiahealthmaps.org?address=A0922","Both","Mela",299375,15.7,12.1,20.3,203495,17.4,13.1,23.4,"","","","",34195,"","","",47725,"","","",4,59875,0.4,14.0,45.6,68.0,1.3,16.2,12.3
"A0922","Los Angeles","Glendale","https://www.californiahealthmaps.org?address=A0922","Both","Lymph",299375,22.3,17.8,27.9,203495,20.8,15.7,27.8,"","","","",34195,"","","",47725,32.9,17.8,56.8,4,59875,0.4,14.0,45.6,68.0,1.3,16.2,12.3
"A0922","Los Angeles","Glendale","https://www.californiahealthmaps.org?address=A0922","Both","Urinary",299375,12.8,9.6,17.2,203495,15.6,11.5,21.5,"","","","",34195,"","","",47725,"","","",4,59875,0.4,14.0,45.6,68.0,1.3,16.2,12.3
"A0922","Los Angeles","Glendale","https://www.californiahealthmaps.org?address=A0922","Both","Kidney",299375,12.5,9.2,17.0,203495,13.8,9.8,19.6,"","","","",34195,"","","",47725,"","","",4,59875,0.4,14.0,45.6,68.0,1.3,16.2,12.3
"A0922","Los Angeles","Glendale","https://www.californiahealthmaps.org?address=A0922","Both","Thyroid",299375,14.2,10.5,19.2,203495,15.7,10.8,22.6,"","","","",34195,"","","",47725,"","","",4,59875,0.4,14.0,45.6,68.0,1.3,16.2,12.3
