"Zone","Counties","Cities","URL","Sex","Cancer","PopTot","AAIR","LCI","UCI","White_PopTot","White_AAIR","White_LCI","White_UCI","Black_PopTot","Black_AAIR","Black_LCI","Black_UCI","Hispanic_PopTot","Hispanic_AAIR","Hispanic_LCI","Hispanic_UCI","Asian_PopTot","Asian_AAIR","Asian_LCI","Asian_UCI","QNSES","PopAll","PerRural","PerUninsured","PerForeignBorn","PerWhite","PerBlack","PerAsian","PerHispanic","PerAPI","PerDocvisit","PerFOBT","PerMammo","PerMenPrev","PerPap","PerWomenPrev"
"A0660","Sacramento","Citrus Heights, Folsom","https://www.californiahealthmaps.org?address=A0660","Male","AllSite",137090,500.3,464.7,538.3,107885,499.4,461.4,540.3,"","","","",16135,650.1,461.8,900.5,"","","","",3,56307,0.0,11.4,9.6,79.8,2.0,2.8,12.4,2.8,"","","","","",""
"A0660","Sacramento","Citrus Heights, Folsom","https://www.californiahealthmaps.org?address=A0660","Female","AllSite",144445,498.6,466.0,533.3,114025,491.9,456.7,530.1,"","","","",16045,631.5,485.8,814.7,"","","","",3,56307,0.0,11.4,9.6,79.8,2.0,2.8,12.4,2.8,"","","","","",""
"A0660","Sacramento","Citrus Heights, Folsom","https://www.californiahealthmaps.org?address=A0660","Male","Prostate",137090,114.2,98.3,132.3,107885,112.6,95.9,132.1,"","","","",16135,"","","","","","","",3,56307,0.0,11.4,9.6,79.8,2.0,2.8,12.4,2.8,"","","","","",""
"A0660","Sacramento","Citrus Heights, Folsom","https://www.californiahealthmaps.org?address=A0660","Female","Breast",144445,147.2,129.8,166.8,114025,141.3,122.9,162.6,"","","","",16045,206.1,132.4,317.3,"","","","",3,56307,0.0,11.4,9.6,79.8,2.0,2.8,12.4,2.8,"","","","","",""
"A0660","Sacramento","Citrus Heights, Folsom","https://www.californiahealthmaps.org?address=A0660","Male","Lung",137090,51.8,40.6,65.5,107885,53.4,41.3,68.6,"","","","",16135,"","","","","","","",3,56307,0.0,11.4,9.6,79.8,2.0,2.8,12.4,2.8,"","","","","",""
"A0660","Sacramento","Citrus Heights, Folsom","https://www.californiahealthmaps.org?address=A0660","Female","Lung",144445,61.1,50.5,73.9,114025,62.6,51.0,77.1,"","","","",16045,"","","","","","","",3,56307,0.0,11.4,9.6,79.8,2.0,2.8,12.4,2.8,"","","","","",""
"A0660","Sacramento","Citrus Heights, Folsom","https://www.californiahealthmaps.org?address=A0660","Male","CRC",137090,43.7,33.4,56.5,107885,43.1,32.2,57.0,"","","","",16135,"","","","","","","",3,56307,0.0,11.4,9.6,79.8,2.0,2.8,12.4,2.8,"","","","","",""
"A0660","Sacramento","Citrus Heights, Folsom","https://www.californiahealthmaps.org?address=A0660","Female","CRC",144445,37.3,29.0,47.8,114025,37.4,28.5,49.5,"","","","",16045,"","","","","","","",3,56307,0.0,11.4,9.6,79.8,2.0,2.8,12.4,2.8,"","","","","",""
"A0660","Sacramento","Citrus Heights, Folsom","https://www.californiahealthmaps.org?address=A0660","Male","Mela",137090,52.6,41.2,66.5,107885,52.0,39.8,67.4,"","","","",16135,"","","","","","","",3,56307,0.0,11.4,9.6,79.8,2.0,2.8,12.4,2.8,"","","","","",""
"A0660","Sacramento","Citrus Heights, Folsom","https://www.californiahealthmaps.org?address=A0660","Female","Mela",144445,29.5,21.8,39.6,114025,27.4,19.2,39.0,"","","","",16045,"","","","","","","",3,56307,0.0,11.4,9.6,79.8,2.0,2.8,12.4,2.8,"","","","","",""
"A0660","Sacramento","Citrus Heights, Folsom","https://www.californiahealthmaps.org?address=A0660","Female","Uterine",144445,37.7,29.4,48.3,114025,36.1,27.2,48.1,"","","","",16045,"","","","","","","",3,56307,0.0,11.4,9.6,79.8,2.0,2.8,12.4,2.8,"","","","","",""
"A0660","Sacramento","Citrus Heights, Folsom","https://www.californiahealthmaps.org?address=A0660","Male","Lymph",137090,25.0,17.5,35.1,107885,21.9,14.6,32.4,"","","","",16135,"","","","","","","",3,56307,0.0,11.4,9.6,79.8,2.0,2.8,12.4,2.8,"","","","","",""
"A0660","Sacramento","Citrus Heights, Folsom","https://www.californiahealthmaps.org?address=A0660","Female","Lymph",144445,24.0,17.4,32.9,114025,24.6,17.5,35.0,"","","","",16045,"","","","","","","",3,56307,0.0,11.4,9.6,79.8,2.0,2.8,12.4,2.8,"","","","","",""
"A0660","Sacramento","Citrus Heights, Folsom","https://www.californiahealthmaps.org?address=A0660","Male","Urinary",137090,18.6,11.9,27.9,107885,17.7,11.1,27.8,"","","","",16135,"","","","","","","",3,56307,0.0,11.4,9.6,79.8,2.0,2.8,12.4,2.8,"","","","","",""
"A0660","Sacramento","Citrus Heights, Folsom","https://www.californiahealthmaps.org?address=A0660","Female","Urinary",144445,"","","",114025,"","","","","","","",16045,"","","","","","","",3,56307,0.0,11.4,9.6,79.8,2.0,2.8,12.4,2.8,"","","","","",""
"A0660","Sacramento","Citrus Heights, Folsom","https://www.californiahealthmaps.org?address=A0660","Male","Kidney",137090,24.2,17.0,34.0,107885,24.7,17.0,35.6,"","","","",16135,"","","","","","","",3,56307,0.0,11.4,9.6,79.8,2.0,2.8,12.4,2.8,"","","","","",""
"A0660","Sacramento","Citrus Heights, Folsom","https://www.californiahealthmaps.org?address=A0660","Female","Kidney",144445,10.3,6.3,16.9,114025,11.1,6.6,19.1,"","","","",16045,"","","","","","","",3,56307,0.0,11.4,9.6,79.8,2.0,2.8,12.4,2.8,"","","","","",""
"A0660","Sacramento","Citrus Heights, Folsom","https://www.californiahealthmaps.org?address=A0660","Male","Thyroid",137090,10.2,5.6,17.5,107885,"","","","","","","",16135,"","","","","","","",3,56307,0.0,11.4,9.6,79.8,2.0,2.8,12.4,2.8,"","","","","",""
"A0660","Sacramento","Citrus Heights, Folsom","https://www.californiahealthmaps.org?address=A0660","Female","Thyroid",144445,26.7,18.8,37.2,114025,28.4,19.1,41.4,"","","","",16045,"","","","","","","",3,56307,0.0,11.4,9.6,79.8,2.0,2.8,12.4,2.8,"","","","","",""
"A0660","Sacramento","Citrus Heights, Folsom","https://www.californiahealthmaps.org?address=A0660","Male","Liver",137090,"","","",107885,"","","","","","","",16135,"","","","","","","",3,56307,0.0,11.4,9.6,79.8,2.0,2.8,12.4,2.8,"","","","","",""
"A0660","Sacramento","Citrus Heights, Folsom","https://www.californiahealthmaps.org?address=A0660","Female","Liver",144445,"","","",114025,"","","","","","","",16045,"","","","","","","",3,56307,0.0,11.4,9.6,79.8,2.0,2.8,12.4,2.8,"","","","","",""
"A0660","Sacramento","Citrus Heights, Folsom","https://www.californiahealthmaps.org?address=A0660","Male","Pancreas",137090,16.2,10.3,24.8,107885,16.2,9.9,25.7,"","","","",16135,"","","","","","","",3,56307,0.0,11.4,9.6,79.8,2.0,2.8,12.4,2.8,"","","","","",""
"A0660","Sacramento","Citrus Heights, Folsom","https://www.californiahealthmaps.org?address=A0660","Female","Pancreas",144445,11.8,7.5,18.5,114025,11.5,7.0,19.4,"","","","",16045,"","","","","","","",3,56307,0.0,11.4,9.6,79.8,2.0,2.8,12.4,2.8,"","","","","",""
"A0660","Sacramento","Citrus Heights, Folsom","https://www.californiahealthmaps.org?address=A0660","Both","AllSite",281535,492.4,468.7,517.1,221910,489.0,463.5,515.9,"","","","",32180,616.4,504.3,748.0,11015,387.6,283.0,531.9,3,56307,0.0,11.4,9.6,79.8,2.0,2.8,12.4,2.8,"","","","","",""
"A0660","Sacramento","Citrus Heights, Folsom","https://www.californiahealthmaps.org?address=A0660","Both","Lung",281535,56.0,48.3,64.8,221910,57.4,49.1,67.1,"","","","",32180,"","","",11015,"","","",3,56307,0.0,11.4,9.6,79.8,2.0,2.8,12.4,2.8,"","","","","",""
"A0660","Sacramento","Citrus Heights, Folsom","https://www.californiahealthmaps.org?address=A0660","Both","CRC",281535,39.4,32.9,47.0,221910,39.4,32.5,47.8,"","","","",32180,"","","",11015,"","","",3,56307,0.0,11.4,9.6,79.8,2.0,2.8,12.4,2.8,"","","","","",""
"A0660","Sacramento","Citrus Heights, Folsom","https://www.californiahealthmaps.org?address=A0660","Both","Mela",281535,38.9,32.3,46.6,221910,37.4,30.3,46.1,"","","","",32180,"","","",11015,"","","",3,56307,0.0,11.4,9.6,79.8,2.0,2.8,12.4,2.8,"","","","","",""
"A0660","Sacramento","Citrus Heights, Folsom","https://www.californiahealthmaps.org?address=A0660","Both","Lymph",281535,24.3,19.3,30.5,221910,23.4,18.2,30.2,"","","","",32180,"","","",11015,"","","",3,56307,0.0,11.4,9.6,79.8,2.0,2.8,12.4,2.8,"","","","","",""
"A0660","Sacramento","Citrus Heights, Folsom","https://www.californiahealthmaps.org?address=A0660","Both","Urinary",281535,11.2,7.8,15.8,221910,10.4,7.0,15.3,"","","","",32180,"","","",11015,"","","",3,56307,0.0,11.4,9.6,79.8,2.0,2.8,12.4,2.8,"","","","","",""
"A0660","Sacramento","Citrus Heights, Folsom","https://www.californiahealthmaps.org?address=A0660","Both","Kidney",281535,16.7,12.6,21.9,221910,17.4,13.0,23.4,"","","","",32180,"","","",11015,"","","",3,56307,0.0,11.4,9.6,79.8,2.0,2.8,12.4,2.8,"","","","","",""
"A0660","Sacramento","Citrus Heights, Folsom","https://www.californiahealthmaps.org?address=A0660","Both","Thyroid",281535,18.9,14.1,24.9,221910,19.4,13.9,26.6,"","","","",32180,"","","",11015,"","","",3,56307,0.0,11.4,9.6,79.8,2.0,2.8,12.4,2.8,"","","","","",""
"A0660","Sacramento","Citrus Heights, Folsom","https://www.californiahealthmaps.org?address=A0660","Both","Liver",281535,6.6,4.1,10.3,221910,5.6,3.2,9.8,"","","","",32180,"","","",11015,"","","",3,56307,0.0,11.4,9.6,79.8,2.0,2.8,12.4,2.8,"","","","","",""
"A0660","Sacramento","Citrus Heights, Folsom","https://www.californiahealthmaps.org?address=A0660","Both","Pancreas",281535,13.5,9.9,18.3,221910,13.3,9.6,18.6,"","","","",32180,"","","",11015,"","","",3,56307,0.0,11.4,9.6,79.8,2.0,2.8,12.4,2.8,"","","","","",""
