"Zone","Counties","Cities","URL","Sex","Cancer","PopTot","AAIR","LCI","UCI","White_PopTot","White_AAIR","White_LCI","White_UCI","Black_PopTot","Black_AAIR","Black_LCI","Black_UCI","Hispanic_PopTot","Hispanic_AAIR","Hispanic_LCI","Hispanic_UCI","Asian_PopTot","Asian_AAIR","Asian_LCI","Asian_UCI","QNSES","PopAll","PerRural","PerUninsured","PerForeignBorn","PerWhite","PerBlack","PerAsian","PerHispanic"
"A0998","San Bernardino","Highland, Redlands, San Bernardino","https://www.californiahealthmaps.org?address=A0998","Male","AllSite",159695,500.1,458.4,545.1,65415,553.8,494.9,618.4,11390,781.9,522.7,1211.9,64670,411.0,343.0,490.9,13140,321.2,194.1,524.1,3,66584,0.1,16.0,17.8,42.5,7.1,8.2,39.2
"A0998","San Bernardino","Highland, Redlands, San Bernardino","https://www.californiahealthmaps.org?address=A0998","Female","AllSite",173225,443.1,410.3,478.1,71540,475.0,427.7,527.4,13130,458.6,339.2,616.2,68050,423.8,365.8,489.5,14905,318.0,230.2,437.5,3,66584,0.1,16.0,17.8,42.5,7.1,8.2,39.2
"A0998","San Bernardino","Highland, Redlands, San Bernardino","https://www.californiahealthmaps.org?address=A0998","Male","Prostate",159695,134.1,113.6,158.0,65415,131.8,105.1,164.3,11390,338.0,171.8,697.1,64670,125.3,89.1,173.9,13140,"","","",3,66584,0.1,16.0,17.8,42.5,7.1,8.2,39.2
"A0998","San Bernardino","Highland, Redlands, San Bernardino","https://www.californiahealthmaps.org?address=A0998","Female","Breast",173225,138.3,120.5,158.3,71540,128.9,105.0,157.8,13130,212.6,137.0,327.4,68050,138.8,107.3,178.0,14905,137.1,83.0,224.6,3,66584,0.1,16.0,17.8,42.5,7.1,8.2,39.2
"A0998","San Bernardino","Highland, Redlands, San Bernardino","https://www.californiahealthmaps.org?address=A0998","Male","Lung",159695,47.1,34.4,63.7,65415,63.1,43.8,88.9,11390,"","","",64670,"","","",13140,"","","",3,66584,0.1,16.0,17.8,42.5,7.1,8.2,39.2
"A0998","San Bernardino","Highland, Redlands, San Bernardino","https://www.californiahealthmaps.org?address=A0998","Female","Lung",173225,47.0,36.5,59.7,71540,65.3,48.5,87.5,13130,"","","",68050,"","","",14905,"","","",3,66584,0.1,16.0,17.8,42.5,7.1,8.2,39.2
"A0998","San Bernardino","Highland, Redlands, San Bernardino","https://www.californiahealthmaps.org?address=A0998","Male","CRC",159695,54.0,40.9,70.7,65415,56.6,39.2,80.2,11390,"","","",64670,"","","",13140,"","","",3,66584,0.1,16.0,17.8,42.5,7.1,8.2,39.2
"A0998","San Bernardino","Highland, Redlands, San Bernardino","https://www.californiahealthmaps.org?address=A0998","Female","CRC",173225,28.0,20.3,38.0,71540,30.9,20.2,47.0,13130,"","","",68050,"","","",14905,"","","",3,66584,0.1,16.0,17.8,42.5,7.1,8.2,39.2
"A0998","San Bernardino","Highland, Redlands, San Bernardino","https://www.californiahealthmaps.org?address=A0998","Male","Mela",159695,32.3,22.2,46.2,65415,59.5,40.9,84.4,11390,"","","",64670,"","","",13140,"","","",3,66584,0.1,16.0,17.8,42.5,7.1,8.2,39.2
"A0998","San Bernardino","Highland, Redlands, San Bernardino","https://www.californiahealthmaps.org?address=A0998","Female","Mela",173225,22.6,15.7,31.8,71540,42.7,29.1,62.0,13130,"","","",68050,"","","",14905,"","","",3,66584,0.1,16.0,17.8,42.5,7.1,8.2,39.2
"A0998","San Bernardino","Highland, Redlands, San Bernardino","https://www.californiahealthmaps.org?address=A0998","Female","Uterine",173225,33.2,24.8,43.8,71540,35.6,24.0,52.5,13130,"","","",68050,31.5,17.7,53.6,14905,"","","",3,66584,0.1,16.0,17.8,42.5,7.1,8.2,39.2
"A0998","San Bernardino","Highland, Redlands, San Bernardino","https://www.californiahealthmaps.org?address=A0998","Male","Lymph",159695,25.3,16.2,38.2,65415,"","","",11390,"","","",64670,52.5,29.6,88.9,13140,"","","",3,66584,0.1,16.0,17.8,42.5,7.1,8.2,39.2
"A0998","San Bernardino","Highland, Redlands, San Bernardino","https://www.californiahealthmaps.org?address=A0998","Female","Lymph",173225,13.5,8.2,21.1,71540,"","","",13130,"","","",68050,"","","",14905,"","","",3,66584,0.1,16.0,17.8,42.5,7.1,8.2,39.2
"A0998","San Bernardino","Highland, Redlands, San Bernardino","https://www.californiahealthmaps.org?address=A0998","Male","Urinary",159695,17.4,10.1,28.7,65415,30.2,17.5,49.5,11390,"","","",64670,"","","",13140,"","","",3,66584,0.1,16.0,17.8,42.5,7.1,8.2,39.2
"A0998","San Bernardino","Highland, Redlands, San Bernardino","https://www.californiahealthmaps.org?address=A0998","Female","Urinary",173225,5.0,2.0,10.7,71540,"","","",13130,"","","",68050,"","","",14905,"","","",3,66584,0.1,16.0,17.8,42.5,7.1,8.2,39.2
"A0998","San Bernardino","Highland, Redlands, San Bernardino","https://www.californiahealthmaps.org?address=A0998","Male","Kidney",159695,23.7,15.3,35.8,65415,24.6,13.3,42.5,11390,"","","",64670,"","","",13140,"","","",3,66584,0.1,16.0,17.8,42.5,7.1,8.2,39.2
"A0998","San Bernardino","Highland, Redlands, San Bernardino","https://www.californiahealthmaps.org?address=A0998","Female","Kidney",173225,15.6,9.8,23.9,71540,"","","",13130,"","","",68050,"","","",14905,"","","",3,66584,0.1,16.0,17.8,42.5,7.1,8.2,39.2
"A0998","San Bernardino","Highland, Redlands, San Bernardino","https://www.californiahealthmaps.org?address=A0998","Male","Thyroid",159695,4.9,1.9,12.0,65415,"","","",11390,"","","",64670,"","","",13140,"","","",3,66584,0.1,16.0,17.8,42.5,7.1,8.2,39.2
"A0998","San Bernardino","Highland, Redlands, San Bernardino","https://www.californiahealthmaps.org?address=A0998","Female","Thyroid",173225,23.9,16.9,33.1,71540,"","","",13130,"","","",68050,26.7,14.9,46.5,14905,"","","",3,66584,0.1,16.0,17.8,42.5,7.1,8.2,39.2
"A0998","San Bernardino","Highland, Redlands, San Bernardino","https://www.californiahealthmaps.org?address=A0998","Both","AllSite",332920,462.9,437.2,489.8,136955,505.5,468.6,544.8,24520,556.2,446.9,693.8,132720,414.2,370.0,462.9,28045,303.3,233.1,394.5,3,66584,0.1,16.0,17.8,42.5,7.1,8.2,39.2
"A0998","San Bernardino","Highland, Redlands, San Bernardino","https://www.californiahealthmaps.org?address=A0998","Both","Lung",332920,46.6,38.5,56.1,136955,63.6,50.8,79.0,24520,"","","",132720,23.4,13.6,38.4,28045,"","","",3,66584,0.1,16.0,17.8,42.5,7.1,8.2,39.2
"A0998","San Bernardino","Highland, Redlands, San Bernardino","https://www.californiahealthmaps.org?address=A0998","Both","CRC",332920,39.1,31.9,47.6,136955,42.5,32.5,55.1,24520,"","","",132720,30.1,19.0,46.2,28045,"","","",3,66584,0.1,16.0,17.8,42.5,7.1,8.2,39.2
"A0998","San Bernardino","Highland, Redlands, San Bernardino","https://www.californiahealthmaps.org?address=A0998","Both","Mela",332920,26.1,20.3,33.2,136955,48.8,37.6,62.6,24520,"","","",132720,"","","",28045,"","","",3,66584,0.1,16.0,17.8,42.5,7.1,8.2,39.2
"A0998","San Bernardino","Highland, Redlands, San Bernardino","https://www.californiahealthmaps.org?address=A0998","Both","Lymph",332920,18.2,13.3,24.6,136955,12.3,6.8,20.9,24520,"","","",132720,33.4,21.3,50.8,28045,"","","",3,66584,0.1,16.0,17.8,42.5,7.1,8.2,39.2
"A0998","San Bernardino","Highland, Redlands, San Bernardino","https://www.californiahealthmaps.org?address=A0998","Both","Urinary",332920,10.3,6.6,15.4,136955,17.9,11.5,27.1,24520,"","","",132720,"","","",28045,"","","",3,66584,0.1,16.0,17.8,42.5,7.1,8.2,39.2
"A0998","San Bernardino","Highland, Redlands, San Bernardino","https://www.californiahealthmaps.org?address=A0998","Both","Kidney",332920,18.9,14.0,25.3,136955,18.6,12.1,28.0,24520,"","","",132720,24.1,14.2,39.3,28045,"","","",3,66584,0.1,16.0,17.8,42.5,7.1,8.2,39.2
"A0998","San Bernardino","Highland, Redlands, San Bernardino","https://www.californiahealthmaps.org?address=A0998","Both","Thyroid",332920,15.0,10.9,20.4,136955,"","","",24520,"","","",132720,17.8,10.6,29.8,28045,"","","",3,66584,0.1,16.0,17.8,42.5,7.1,8.2,39.2
