"Zone","Counties","Cities","URL","Sex","Cancer","PopTot","AAIR","LCI","UCI","White_PopTot","White_AAIR","White_LCI","White_UCI","Black_PopTot","Black_AAIR","Black_LCI","Black_UCI","Hispanic_PopTot","Hispanic_AAIR","Hispanic_LCI","Hispanic_UCI","Asian_PopTot","Asian_AAIR","Asian_LCI","Asian_UCI","QNSES","PopAll","PerRural","PerUninsured","PerForeignBorn","PerWhite","PerBlack","PerAsian","PerHispanic"
"A0744","Solano","Vacaville","https://www.californiahealthmaps.org?address=A0744","Male","AllSite",186500,599.0,555.6,645.5,93380,594.9,541.6,652.7,28245,714.6,551.1,932.5,42400,660.7,534.4,813.1,"","","","",4,68074,0.4,9.4,11.1,53.5,11.6,6.2,22.8
"A0744","Solano","Vacaville","https://www.californiahealthmaps.org?address=A0744","Female","AllSite",153870,496.0,459.1,535.4,86225,508.2,461.8,558.5,11085,527.8,395.5,702.6,35090,527.7,421.9,655.1,12320,413.8,310.5,548.9,4,68074,0.4,9.4,11.1,53.5,11.6,6.2,22.8
"A0744","Solano","Vacaville","https://www.californiahealthmaps.org?address=A0744","Male","Prostate",186500,106.8,89.2,127.4,93380,91.5,71.7,115.8,28245,181.5,112.6,309.6,42400,107.3,62.1,180.5,"","","","",4,68074,0.4,9.4,11.1,53.5,11.6,6.2,22.8
"A0744","Solano","Vacaville","https://www.californiahealthmaps.org?address=A0744","Female","Breast",153870,138.6,120.0,159.7,86225,147.6,123.9,175.1,11085,173.8,107.4,284.3,35090,133.5,85.0,204.3,12320,"","","",4,68074,0.4,9.4,11.1,53.5,11.6,6.2,22.8
"A0744","Solano","Vacaville","https://www.californiahealthmaps.org?address=A0744","Male","Lung",186500,82.2,65.8,101.8,93380,78.5,59.6,102.2,28245,129.3,62.8,261.9,42400,"","","","","","","",4,68074,0.4,9.4,11.1,53.5,11.6,6.2,22.8
"A0744","Solano","Vacaville","https://www.californiahealthmaps.org?address=A0744","Female","Lung",153870,70.1,55.9,87.0,86225,86.2,66.8,109.9,11085,"","","",35090,"","","",12320,"","","",4,68074,0.4,9.4,11.1,53.5,11.6,6.2,22.8
"A0744","Solano","Vacaville","https://www.californiahealthmaps.org?address=A0744","Male","CRC",186500,58.2,44.9,74.8,93380,55.4,39.9,75.8,28245,"","","",42400,"","","","","","","",4,68074,0.4,9.4,11.1,53.5,11.6,6.2,22.8
"A0744","Solano","Vacaville","https://www.californiahealthmaps.org?address=A0744","Female","CRC",153870,41.3,31.1,54.1,86225,42.8,30.0,59.7,11085,"","","",35090,"","","",12320,"","","",4,68074,0.4,9.4,11.1,53.5,11.6,6.2,22.8
"A0744","Solano","Vacaville","https://www.californiahealthmaps.org?address=A0744","Male","Mela",186500,26.4,18.1,38.0,93380,35.5,23.6,52.1,28245,"","","",42400,"","","","","","","",4,68074,0.4,9.4,11.1,53.5,11.6,6.2,22.8
"A0744","Solano","Vacaville","https://www.californiahealthmaps.org?address=A0744","Female","Mela",153870,21.8,14.8,31.4,86225,27.3,17.5,41.4,11085,"","","",35090,"","","",12320,"","","",4,68074,0.4,9.4,11.1,53.5,11.6,6.2,22.8
"A0744","Solano","Vacaville","https://www.californiahealthmaps.org?address=A0744","Female","Uterine",153870,37.8,28.3,49.7,86225,31.0,20.6,45.8,11085,"","","",35090,86.7,48.8,147.6,12320,"","","",4,68074,0.4,9.4,11.1,53.5,11.6,6.2,22.8
"A0744","Solano","Vacaville","https://www.californiahealthmaps.org?address=A0744","Male","Lymph",186500,33.1,23.4,46.1,93380,36.2,23.6,53.7,28245,"","","",42400,"","","","","","","",4,68074,0.4,9.4,11.1,53.5,11.6,6.2,22.8
"A0744","Solano","Vacaville","https://www.californiahealthmaps.org?address=A0744","Female","Lymph",153870,19.7,13.0,29.1,86225,18.1,10.4,30.1,11085,"","","",35090,"","","",12320,"","","",4,68074,0.4,9.4,11.1,53.5,11.6,6.2,22.8
"A0744","Solano","Vacaville","https://www.californiahealthmaps.org?address=A0744","Male","Urinary",186500,30.5,20.4,44.2,93380,39.3,25.5,58.2,28245,"","","",42400,"","","","","","","",4,68074,0.4,9.4,11.1,53.5,11.6,6.2,22.8
"A0744","Solano","Vacaville","https://www.californiahealthmaps.org?address=A0744","Female","Urinary",153870,2.7,0.7,7.7,86225,"","","",11085,"","","",35090,"","","",12320,"","","",4,68074,0.4,9.4,11.1,53.5,11.6,6.2,22.8
"A0744","Solano","Vacaville","https://www.californiahealthmaps.org?address=A0744","Male","Kidney",186500,28.8,20.4,40.5,93380,27.2,17.6,41.5,28245,"","","",42400,"","","","","","","",4,68074,0.4,9.4,11.1,53.5,11.6,6.2,22.8
"A0744","Solano","Vacaville","https://www.californiahealthmaps.org?address=A0744","Female","Kidney",153870,18.2,11.7,27.5,86225,16.9,9.5,28.7,11085,"","","",35090,"","","",12320,"","","",4,68074,0.4,9.4,11.1,53.5,11.6,6.2,22.8
"A0744","Solano","Vacaville","https://www.californiahealthmaps.org?address=A0744","Male","Thyroid",186500,4.9,2.2,11.1,93380,"","","",28245,"","","",42400,"","","","","","","",4,68074,0.4,9.4,11.1,53.5,11.6,6.2,22.8
"A0744","Solano","Vacaville","https://www.californiahealthmaps.org?address=A0744","Female","Thyroid",153870,17.9,11.8,26.6,86225,16.7,9.6,28.0,11085,"","","",35090,"","","",12320,"","","",4,68074,0.4,9.4,11.1,53.5,11.6,6.2,22.8
"A0744","Solano","Vacaville","https://www.californiahealthmaps.org?address=A0744","Both","AllSite",340370,540.0,512.1,569.2,179605,546.3,511.5,583.2,39330,602.8,505.3,720.6,77490,590.2,507.8,684.2,21815,426.7,342.4,528.2,4,68074,0.4,9.4,11.1,53.5,11.6,6.2,22.8
"A0744","Solano","Vacaville","https://www.californiahealthmaps.org?address=A0744","Both","Lung",340370,75.5,64.7,87.6,179605,82.3,68.6,98.1,39330,90.0,54.3,149.3,77490,58.8,32.4,99.3,21815,"","","",4,68074,0.4,9.4,11.1,53.5,11.6,6.2,22.8
"A0744","Solano","Vacaville","https://www.californiahealthmaps.org?address=A0744","Both","CRC",340370,48.8,40.6,58.4,179605,48.0,38.0,60.0,39330,65.6,32.3,125.2,77490,57.5,32.8,95.5,21815,"","","",4,68074,0.4,9.4,11.1,53.5,11.6,6.2,22.8
"A0744","Solano","Vacaville","https://www.californiahealthmaps.org?address=A0744","Both","Mela",340370,23.8,18.4,30.6,179605,31.4,23.5,41.3,39330,"","","",77490,"","","",21815,"","","",4,68074,0.4,9.4,11.1,53.5,11.6,6.2,22.8
"A0744","Solano","Vacaville","https://www.californiahealthmaps.org?address=A0744","Both","Lymph",340370,25.6,19.9,32.7,179605,26.3,19.1,35.7,39330,"","","",77490,"","","",21815,"","","",4,68074,0.4,9.4,11.1,53.5,11.6,6.2,22.8
"A0744","Solano","Vacaville","https://www.californiahealthmaps.org?address=A0744","Both","Urinary",340370,15.1,10.5,21.2,179605,18.9,12.6,27.5,39330,"","","",77490,"","","",21815,"","","",4,68074,0.4,9.4,11.1,53.5,11.6,6.2,22.8
"A0744","Solano","Vacaville","https://www.californiahealthmaps.org?address=A0744","Both","Kidney",340370,23.7,18.3,30.5,179605,22.5,16.2,30.9,39330,"","","",77490,"","","",21815,"","","",4,68074,0.4,9.4,11.1,53.5,11.6,6.2,22.8
"A0744","Solano","Vacaville","https://www.californiahealthmaps.org?address=A0744","Both","Thyroid",340370,10.9,7.6,15.4,179605,11.3,7.1,17.5,39330,"","","",77490,"","","",21815,"","","",4,68074,0.4,9.4,11.1,53.5,11.6,6.2,22.8
