"Zone","Counties","Cities","URL","Sex","Cancer","PopTot","AAIR","LCI","UCI","White_PopTot","White_AAIR","White_LCI","White_UCI","Black_PopTot","Black_AAIR","Black_LCI","Black_UCI","Hispanic_PopTot","Hispanic_AAIR","Hispanic_LCI","Hispanic_UCI","Asian_PopTot","Asian_AAIR","Asian_LCI","Asian_UCI","QNSES","PopAll","PerRural","PerUninsured","PerForeignBorn","PerWhite","PerBlack","PerAsian","PerHispanic"
"A0702","Riverside","Corona","https://www.californiahealthmaps.org?address=A0702","Male","AllSite",151425,593.4,542.9,648.6,76660,666.1,598.5,740.7,"","","","",40950,409.3,311.2,536.8,18875,389.5,287.9,544.4,5,61851,1.4,10.0,19.2,50.3,6.2,14.0,26.0
"A0702","Riverside","Corona","https://www.californiahealthmaps.org?address=A0702","Female","AllSite",157830,462.6,425.8,502.1,78780,515.5,464.6,571.2,"","","","",43210,370.8,299.6,458.0,20945,338.0,258.9,439.3,5,61851,1.4,10.0,19.2,50.3,6.2,14.0,26.0
"A0702","Riverside","Corona","https://www.californiahealthmaps.org?address=A0702","Male","Prostate",151425,127.4,106.8,152.5,76660,131.2,104.7,164.7,"","","","",40950,77.4,41.3,145.7,18875,"","","",5,61851,1.4,10.0,19.2,50.3,6.2,14.0,26.0
"A0702","Riverside","Corona","https://www.californiahealthmaps.org?address=A0702","Female","Breast",157830,161.0,140.2,184.7,78780,181.9,152.8,215.8,"","","","",43210,128.2,88.3,184.9,20945,108.7,69.1,171.1,5,61851,1.4,10.0,19.2,50.3,6.2,14.0,26.0
"A0702","Riverside","Corona","https://www.californiahealthmaps.org?address=A0702","Male","Lung",151425,67.3,50.2,89.8,76660,87.1,62.8,119.2,"","","","",40950,"","","",18875,"","","",5,61851,1.4,10.0,19.2,50.3,6.2,14.0,26.0
"A0702","Riverside","Corona","https://www.californiahealthmaps.org?address=A0702","Female","Lung",157830,48.4,36.3,63.7,78780,52.5,36.2,74.3,"","","","",43210,"","","",20945,"","","",5,61851,1.4,10.0,19.2,50.3,6.2,14.0,26.0
"A0702","Riverside","Corona","https://www.californiahealthmaps.org?address=A0702","Male","CRC",151425,56.1,41.6,75.7,76660,63.6,43.9,90.9,"","","","",40950,"","","",18875,"","","",5,61851,1.4,10.0,19.2,50.3,6.2,14.0,26.0
"A0702","Riverside","Corona","https://www.californiahealthmaps.org?address=A0702","Female","CRC",157830,37.9,27.9,50.7,78780,35.9,23.5,53.6,"","","","",43210,"","","",20945,"","","",5,61851,1.4,10.0,19.2,50.3,6.2,14.0,26.0
"A0702","Riverside","Corona","https://www.californiahealthmaps.org?address=A0702","Male","Mela",151425,48.2,34.5,67.0,76660,69.8,49.4,97.9,"","","","",40950,"","","",18875,"","","",5,61851,1.4,10.0,19.2,50.3,6.2,14.0,26.0
"A0702","Riverside","Corona","https://www.californiahealthmaps.org?address=A0702","Female","Mela",157830,26.6,18.3,38.0,78780,46.4,32.1,66.1,"","","","",43210,"","","",20945,"","","",5,61851,1.4,10.0,19.2,50.3,6.2,14.0,26.0
"A0702","Riverside","Corona","https://www.californiahealthmaps.org?address=A0702","Female","Uterine",157830,25.4,18.0,35.6,78780,24.3,15.1,38.6,"","","","",43210,"","","",20945,"","","",5,61851,1.4,10.0,19.2,50.3,6.2,14.0,26.0
"A0702","Riverside","Corona","https://www.californiahealthmaps.org?address=A0702","Male","Lymph",151425,34.0,21.5,52.3,76660,35.4,20.0,59.5,"","","","",40950,"","","",18875,"","","",5,61851,1.4,10.0,19.2,50.3,6.2,14.0,26.0
"A0702","Riverside","Corona","https://www.californiahealthmaps.org?address=A0702","Female","Lymph",157830,20.0,12.9,30.1,78780,22.6,13.1,37.6,"","","","",43210,"","","",20945,"","","",5,61851,1.4,10.0,19.2,50.3,6.2,14.0,26.0
"A0702","Riverside","Corona","https://www.californiahealthmaps.org?address=A0702","Male","Urinary",151425,34.0,21.3,52.7,76660,37.8,21.2,63.5,"","","","",40950,"","","",18875,"","","",5,61851,1.4,10.0,19.2,50.3,6.2,14.0,26.0
"A0702","Riverside","Corona","https://www.californiahealthmaps.org?address=A0702","Female","Urinary",157830,6.7,2.8,14.0,78780,"","","","","","","",43210,"","","",20945,"","","",5,61851,1.4,10.0,19.2,50.3,6.2,14.0,26.0
"A0702","Riverside","Corona","https://www.californiahealthmaps.org?address=A0702","Male","Kidney",151425,35.1,24.9,50.1,76660,35.8,22.8,56.5,"","","","",40950,"","","",18875,"","","",5,61851,1.4,10.0,19.2,50.3,6.2,14.0,26.0
"A0702","Riverside","Corona","https://www.californiahealthmaps.org?address=A0702","Female","Kidney",157830,14.1,8.4,22.8,78780,"","","","","","","",43210,"","","",20945,"","","",5,61851,1.4,10.0,19.2,50.3,6.2,14.0,26.0
"A0702","Riverside","Corona","https://www.californiahealthmaps.org?address=A0702","Male","Thyroid",151425,7.6,3.8,17.0,76660,"","","","","","","",40950,"","","",18875,"","","",5,61851,1.4,10.0,19.2,50.3,6.2,14.0,26.0
"A0702","Riverside","Corona","https://www.californiahealthmaps.org?address=A0702","Female","Thyroid",157830,23.5,16.0,34.0,78780,24.1,14.1,39.4,"","","","",43210,"","","",20945,"","","",5,61851,1.4,10.0,19.2,50.3,6.2,14.0,26.0
"A0702","Riverside","Corona","https://www.californiahealthmaps.org?address=A0702","Both","AllSite",309255,515.2,485.5,546.6,155440,573.2,532.9,616.0,18895,548.3,429.0,698.3,84160,383.2,324.6,451.4,39820,358.6,294.7,437.3,5,61851,1.4,10.0,19.2,50.3,6.2,14.0,26.0
"A0702","Riverside","Corona","https://www.californiahealthmaps.org?address=A0702","Both","Lung",309255,56.2,46.1,68.1,155440,66.6,52.7,83.4,18895,"","","",84160,"","","",39820,"","","",5,61851,1.4,10.0,19.2,50.3,6.2,14.0,26.0
"A0702","Riverside","Corona","https://www.californiahealthmaps.org?address=A0702","Both","CRC",309255,46.4,37.7,56.7,155440,49.2,37.7,63.4,18895,"","","",84160,51.9,31.9,82.7,39820,"","","",5,61851,1.4,10.0,19.2,50.3,6.2,14.0,26.0
"A0702","Riverside","Corona","https://www.californiahealthmaps.org?address=A0702","Both","Mela",309255,36.0,28.4,45.3,155440,56.2,44.1,70.9,18895,"","","",84160,"","","",39820,"","","",5,61851,1.4,10.0,19.2,50.3,6.2,14.0,26.0
"A0702","Riverside","Corona","https://www.californiahealthmaps.org?address=A0702","Both","Lymph",309255,24.4,18.1,32.4,155440,26.1,18.0,37.0,18895,"","","",84160,"","","",39820,"","","",5,61851,1.4,10.0,19.2,50.3,6.2,14.0,26.0
"A0702","Riverside","Corona","https://www.californiahealthmaps.org?address=A0702","Both","Urinary",309255,17.5,11.9,24.9,155440,20.6,13.2,31.1,18895,"","","",84160,"","","",39820,"","","",5,61851,1.4,10.0,19.2,50.3,6.2,14.0,26.0
"A0702","Riverside","Corona","https://www.californiahealthmaps.org?address=A0702","Both","Kidney",309255,24.2,18.4,31.5,155440,23.2,16.0,32.9,18895,"","","",84160,"","","",39820,"","","",5,61851,1.4,10.0,19.2,50.3,6.2,14.0,26.0
"A0702","Riverside","Corona","https://www.californiahealthmaps.org?address=A0702","Both","Thyroid",309255,16.4,11.8,22.7,155440,15.8,10.0,24.3,18895,"","","",84160,"","","",39820,"","","",5,61851,1.4,10.0,19.2,50.3,6.2,14.0,26.0
