"Zone","Counties","Cities","URL","Sex","Cancer","PopTot","AAIR","LCI","UCI","White_PopTot","White_AAIR","White_LCI","White_UCI","Black_PopTot","Black_AAIR","Black_LCI","Black_UCI","Hispanic_PopTot","Hispanic_AAIR","Hispanic_LCI","Hispanic_UCI","Asian_PopTot","Asian_AAIR","Asian_LCI","Asian_UCI","QNSES","PopAll","PerRural","PerUninsured","PerForeignBorn","PerWhite","PerBlack","PerAsian","PerHispanic"
"A0962","Orange","Huntington Beach, Seal Beach","https://www.californiahealthmaps.org?address=A0962","Male","AllSite",153390,496.0,467.4,526.6,112815,492.7,460.8,527.5,"","","","",19410,495.7,384.1,632.2,14270,436.5,350.5,546.8,5,64245,0.0,9.1,14.9,71.7,0.4,11.3,13.1
"A0962","Orange","Huntington Beach, Seal Beach","https://www.californiahealthmaps.org?address=A0962","Female","AllSite",167835,455.3,428.2,484.4,121015,445.6,414.5,479.9,"","","","",21345,474.4,386.1,577.7,18525,452.8,374.9,553.3,5,64245,0.0,9.1,14.9,71.7,0.4,11.3,13.1
"A0962","Orange","Huntington Beach, Seal Beach","https://www.californiahealthmaps.org?address=A0962","Male","Prostate",153390,114.2,101.0,129.3,112815,108.5,94.4,125.7,"","","","",19410,115.4,64.0,194.0,14270,117.8,77.2,185.1,5,64245,0.0,9.1,14.9,71.7,0.4,11.3,13.1
"A0962","Orange","Huntington Beach, Seal Beach","https://www.californiahealthmaps.org?address=A0962","Female","Breast",167835,139.6,124.6,156.6,121015,146.6,128.8,167.8,"","","","",21345,107.1,67.0,163.0,18525,117.4,79.3,181.5,5,64245,0.0,9.1,14.9,71.7,0.4,11.3,13.1
"A0962","Orange","Huntington Beach, Seal Beach","https://www.californiahealthmaps.org?address=A0962","Male","Lung",153390,48.5,40.0,59.0,112815,50.8,41.2,63.7,"","","","",19410,"","","",14270,"","","",5,64245,0.0,9.1,14.9,71.7,0.4,11.3,13.1
"A0962","Orange","Huntington Beach, Seal Beach","https://www.californiahealthmaps.org?address=A0962","Female","Lung",167835,48.8,41.4,58.2,121015,48.0,39.9,59.6,"","","","",21345,"","","",18525,52.7,30.0,103.8,5,64245,0.0,9.1,14.9,71.7,0.4,11.3,13.1
"A0962","Orange","Huntington Beach, Seal Beach","https://www.californiahealthmaps.org?address=A0962","Male","CRC",153390,41.6,33.6,51.6,112815,38.4,29.8,50.3,"","","","",19410,"","","",14270,"","","",5,64245,0.0,9.1,14.9,71.7,0.4,11.3,13.1
"A0962","Orange","Huntington Beach, Seal Beach","https://www.californiahealthmaps.org?address=A0962","Female","CRC",167835,28.4,22.4,36.5,121015,24.4,18.4,34.1,"","","","",21345,"","","",18525,49.7,27.4,100.9,5,64245,0.0,9.1,14.9,71.7,0.4,11.3,13.1
"A0962","Orange","Huntington Beach, Seal Beach","https://www.californiahealthmaps.org?address=A0962","Male","Mela",153390,54.2,44.9,65.5,112815,57.8,47.2,71.8,"","","","",19410,"","","",14270,"","","",5,64245,0.0,9.1,14.9,71.7,0.4,11.3,13.1
"A0962","Orange","Huntington Beach, Seal Beach","https://www.californiahealthmaps.org?address=A0962","Female","Mela",167835,35.7,27.8,45.8,121015,40.4,30.6,54.2,"","","","",21345,"","","",18525,"","","",5,64245,0.0,9.1,14.9,71.7,0.4,11.3,13.1
"A0962","Orange","Huntington Beach, Seal Beach","https://www.californiahealthmaps.org?address=A0962","Female","Uterine",167835,32.0,25.1,41.1,121015,22.3,16.5,31.9,"","","","",21345,"","","",18525,"","","",5,64245,0.0,9.1,14.9,71.7,0.4,11.3,13.1
"A0962","Orange","Huntington Beach, Seal Beach","https://www.californiahealthmaps.org?address=A0962","Male","Lymph",153390,25.0,18.8,33.3,112815,22.3,15.8,32.3,"","","","",19410,"","","",14270,"","","",5,64245,0.0,9.1,14.9,71.7,0.4,11.3,13.1
"A0962","Orange","Huntington Beach, Seal Beach","https://www.californiahealthmaps.org?address=A0962","Female","Lymph",167835,19.0,14.0,26.2,121015,18.8,12.9,28.8,"","","","",21345,"","","",18525,"","","",5,64245,0.0,9.1,14.9,71.7,0.4,11.3,13.1
"A0962","Orange","Huntington Beach, Seal Beach","https://www.californiahealthmaps.org?address=A0962","Male","Urinary",153390,17.7,12.9,24.7,112815,18.8,13.4,27.8,"","","","",19410,"","","",14270,"","","",5,64245,0.0,9.1,14.9,71.7,0.4,11.3,13.1
"A0962","Orange","Huntington Beach, Seal Beach","https://www.californiahealthmaps.org?address=A0962","Female","Urinary",167835,5.4,3.2,10.1,121015,6.2,3.6,13.5,"","","","",21345,"","","",18525,"","","",5,64245,0.0,9.1,14.9,71.7,0.4,11.3,13.1
"A0962","Orange","Huntington Beach, Seal Beach","https://www.californiahealthmaps.org?address=A0962","Male","Kidney",153390,21.3,15.6,29.1,112815,21.4,15.2,31.2,"","","","",19410,"","","",14270,"","","",5,64245,0.0,9.1,14.9,71.7,0.4,11.3,13.1
"A0962","Orange","Huntington Beach, Seal Beach","https://www.californiahealthmaps.org?address=A0962","Female","Kidney",167835,7.5,4.4,13.1,121015,8.6,4.6,17.2,"","","","",21345,"","","",18525,"","","",5,64245,0.0,9.1,14.9,71.7,0.4,11.3,13.1
"A0962","Orange","Huntington Beach, Seal Beach","https://www.californiahealthmaps.org?address=A0962","Male","Thyroid",153390,6.5,3.6,11.8,112815,"","","","","","","",19410,"","","",14270,"","","",5,64245,0.0,9.1,14.9,71.7,0.4,11.3,13.1
"A0962","Orange","Huntington Beach, Seal Beach","https://www.californiahealthmaps.org?address=A0962","Female","Thyroid",167835,24.9,18.0,34.3,121015,23.1,15.5,35.0,"","","","",21345,"","","",18525,"","","",5,64245,0.0,9.1,14.9,71.7,0.4,11.3,13.1
"A0962","Orange","Huntington Beach, Seal Beach","https://www.californiahealthmaps.org?address=A0962","Both","AllSite",321225,467.4,448.0,487.8,233830,460.3,438.4,483.8,"","","","",40755,471.4,403.1,548.3,32795,445.6,387.2,514.7,5,64245,0.0,9.1,14.9,71.7,0.4,11.3,13.1
"A0962","Orange","Huntington Beach, Seal Beach","https://www.californiahealthmaps.org?address=A0962","Both","Lung",321225,48.7,43.0,55.3,233830,49.3,43.0,57.3,"","","","",40755,"","","",32795,52.1,34.1,82.6,5,64245,0.0,9.1,14.9,71.7,0.4,11.3,13.1
"A0962","Orange","Huntington Beach, Seal Beach","https://www.californiahealthmaps.org?address=A0962","Both","CRC",321225,33.9,29.1,39.8,233830,30.6,25.4,37.4,"","","","",40755,"","","",32795,48.8,31.6,78.4,5,64245,0.0,9.1,14.9,71.7,0.4,11.3,13.1
"A0962","Orange","Huntington Beach, Seal Beach","https://www.californiahealthmaps.org?address=A0962","Both","Mela",321225,42.7,36.8,49.7,233830,46.7,39.6,55.6,"","","","",40755,"","","",32795,"","","",5,64245,0.0,9.1,14.9,71.7,0.4,11.3,13.1
"A0962","Orange","Huntington Beach, Seal Beach","https://www.californiahealthmaps.org?address=A0962","Both","Lymph",321225,21.4,17.4,26.3,233830,19.9,15.6,26.1,"","","","",40755,45.6,26.0,74.4,32795,"","","",5,64245,0.0,9.1,14.9,71.7,0.4,11.3,13.1
"A0962","Orange","Huntington Beach, Seal Beach","https://www.californiahealthmaps.org?address=A0962","Both","Urinary",321225,10.4,8.0,14.0,233830,11.3,8.5,15.9,"","","","",40755,"","","",32795,"","","",5,64245,0.0,9.1,14.9,71.7,0.4,11.3,13.1
"A0962","Orange","Huntington Beach, Seal Beach","https://www.californiahealthmaps.org?address=A0962","Both","Kidney",321225,13.8,10.6,18.1,233830,14.5,10.8,20.0,"","","","",40755,"","","",32795,"","","",5,64245,0.0,9.1,14.9,71.7,0.4,11.3,13.1
"A0962","Orange","Huntington Beach, Seal Beach","https://www.californiahealthmaps.org?address=A0962","Both","Thyroid",321225,16.0,12.1,21.0,233830,14.0,9.9,20.1,"","","","",40755,"","","",32795,"","","",5,64245,0.0,9.1,14.9,71.7,0.4,11.3,13.1
