"Zone","Counties","Cities","URL","Sex","Cancer","PopTot","AAIR","LCI","UCI","White_PopTot","White_AAIR","White_LCI","White_UCI","Black_PopTot","Black_AAIR","Black_LCI","Black_UCI","Hispanic_PopTot","Hispanic_AAIR","Hispanic_LCI","Hispanic_UCI","Asian_PopTot","Asian_AAIR","Asian_LCI","Asian_UCI","QNSES","PopAll","PerRural","PerUninsured","PerForeignBorn","PerWhite","PerBlack","PerAsian","PerHispanic"
"A0279","San Diego","San Diego","https://www.californiahealthmaps.org?address=A0279","Male","AllSite",160420,535.9,498.0,576.2,106385,557.2,513.1,605.0,"","","","",11470,465.5,279.1,774.3,34390,449.8,354.7,571.4,5,65605,0.1,5.9,25.1,65.4,1.0,21.0,8.6
"A0279","San Diego","San Diego","https://www.californiahealthmaps.org?address=A0279","Female","AllSite",167605,474.9,441.5,510.9,108215,503.1,462.4,547.7,"","","","",12900,379.1,247.1,573.7,38085,413.2,342.5,497.5,5,65605,0.1,5.9,25.1,65.4,1.0,21.0,8.6
"A0279","San Diego","San Diego","https://www.californiahealthmaps.org?address=A0279","Male","Prostate",160420,132.6,114.6,152.9,106385,132.2,112.1,155.9,"","","","",11470,"","","",34390,108.1,62.9,183.8,5,65605,0.1,5.9,25.1,65.4,1.0,21.0,8.6
"A0279","San Diego","San Diego","https://www.californiahealthmaps.org?address=A0279","Female","Breast",167605,170.1,151.1,191.6,108215,186.2,162.8,213.6,"","","","",12900,"","","",38085,137.7,102.6,185.9,5,65605,0.1,5.9,25.1,65.4,1.0,21.0,8.6
"A0279","San Diego","San Diego","https://www.californiahealthmaps.org?address=A0279","Male","Lung",160420,58.9,46.2,74.2,106385,61.2,46.5,79.7,"","","","",11470,"","","",34390,63.4,33.8,123.5,5,65605,0.1,5.9,25.1,65.4,1.0,21.0,8.6
"A0279","San Diego","San Diego","https://www.californiahealthmaps.org?address=A0279","Female","Lung",167605,44.1,34.0,57.0,108215,43.7,32.2,59.7,"","","","",12900,"","","",38085,"","","",5,65605,0.1,5.9,25.1,65.4,1.0,21.0,8.6
"A0279","San Diego","San Diego","https://www.californiahealthmaps.org?address=A0279","Male","CRC",160420,38.5,28.8,50.8,106385,36.4,25.8,50.9,"","","","",11470,"","","",34390,"","","",5,65605,0.1,5.9,25.1,65.4,1.0,21.0,8.6
"A0279","San Diego","San Diego","https://www.californiahealthmaps.org?address=A0279","Female","CRC",167605,36.8,27.5,48.8,108215,29.5,20.3,43.4,"","","","",12900,"","","",38085,57.6,31.5,100.0,5,65605,0.1,5.9,25.1,65.4,1.0,21.0,8.6
"A0279","San Diego","San Diego","https://www.californiahealthmaps.org?address=A0279","Male","Mela",160420,64.5,52.2,79.4,106385,75.3,60.2,94.1,"","","","",11470,"","","",34390,"","","",5,65605,0.1,5.9,25.1,65.4,1.0,21.0,8.6
"A0279","San Diego","San Diego","https://www.californiahealthmaps.org?address=A0279","Female","Mela",167605,34.3,25.8,45.5,108215,44.9,33.2,61.1,"","","","",12900,"","","",38085,"","","",5,65605,0.1,5.9,25.1,65.4,1.0,21.0,8.6
"A0279","San Diego","San Diego","https://www.californiahealthmaps.org?address=A0279","Female","Uterine",167605,24.7,17.8,34.3,108215,27.6,19.1,40.5,"","","","",12900,"","","",38085,"","","",5,65605,0.1,5.9,25.1,65.4,1.0,21.0,8.6
"A0279","San Diego","San Diego","https://www.californiahealthmaps.org?address=A0279","Male","Lymph",160420,26.3,18.6,36.6,106385,27.3,18.2,40.4,"","","","",11470,"","","",34390,"","","",5,65605,0.1,5.9,25.1,65.4,1.0,21.0,8.6
"A0279","San Diego","San Diego","https://www.californiahealthmaps.org?address=A0279","Female","Lymph",167605,19.7,13.2,29.1,108215,17.2,10.2,29.1,"","","","",12900,"","","",38085,"","","",5,65605,0.1,5.9,25.1,65.4,1.0,21.0,8.6
"A0279","San Diego","San Diego","https://www.californiahealthmaps.org?address=A0279","Male","Urinary",160420,24.0,16.1,34.7,106385,22.8,14.2,35.6,"","","","",11470,"","","",34390,"","","",5,65605,0.1,5.9,25.1,65.4,1.0,21.0,8.6
"A0279","San Diego","San Diego","https://www.californiahealthmaps.org?address=A0279","Female","Urinary",167605,6.0,2.6,12.6,108215,"","","","","","","",12900,"","","",38085,"","","",5,65605,0.1,5.9,25.1,65.4,1.0,21.0,8.6
"A0279","San Diego","San Diego","https://www.californiahealthmaps.org?address=A0279","Male","Kidney",160420,17.2,11.0,26.2,106385,20.2,12.7,31.8,"","","","",11470,"","","",34390,"","","",5,65605,0.1,5.9,25.1,65.4,1.0,21.0,8.6
"A0279","San Diego","San Diego","https://www.californiahealthmaps.org?address=A0279","Female","Kidney",167605,8.7,4.6,16.0,108215,"","","","","","","",12900,"","","",38085,"","","",5,65605,0.1,5.9,25.1,65.4,1.0,21.0,8.6
"A0279","San Diego","San Diego","https://www.californiahealthmaps.org?address=A0279","Male","Thyroid",160420,9.5,5.1,16.6,106385,"","","","","","","",11470,"","","",34390,"","","",5,65605,0.1,5.9,25.1,65.4,1.0,21.0,8.6
"A0279","San Diego","San Diego","https://www.californiahealthmaps.org?address=A0279","Female","Thyroid",167605,26.1,18.7,36.2,108215,29.5,19.4,44.4,"","","","",12900,"","","",38085,"","","",5,65605,0.1,5.9,25.1,65.4,1.0,21.0,8.6
"A0279","San Diego","San Diego","https://www.californiahealthmaps.org?address=A0279","Both","AllSite",328025,504.3,479.0,530.7,214600,529.1,499.0,560.9,"","","","",24370,417.9,305.3,568.5,72475,423.3,366.8,488.5,5,65605,0.1,5.9,25.1,65.4,1.0,21.0,8.6
"A0279","San Diego","San Diego","https://www.californiahealthmaps.org?address=A0279","Both","Lung",328025,51.1,42.9,60.5,214600,51.8,42.5,63.2,"","","","",24370,"","","",72475,46.6,29.9,72.7,5,65605,0.1,5.9,25.1,65.4,1.0,21.0,8.6
"A0279","San Diego","San Diego","https://www.californiahealthmaps.org?address=A0279","Both","CRC",328025,37.7,30.9,45.8,214600,32.8,25.7,42.0,"","","","",24370,"","","",72475,44.4,26.8,72.1,5,65605,0.1,5.9,25.1,65.4,1.0,21.0,8.6
"A0279","San Diego","San Diego","https://www.californiahealthmaps.org?address=A0279","Both","Mela",328025,49.1,41.6,57.9,214600,60.1,50.4,71.8,"","","","",24370,"","","",72475,"","","",5,65605,0.1,5.9,25.1,65.4,1.0,21.0,8.6
"A0279","San Diego","San Diego","https://www.californiahealthmaps.org?address=A0279","Both","Lymph",328025,22.7,17.6,29.1,214600,22.2,16.3,30.2,"","","","",24370,"","","",72475,"","","",5,65605,0.1,5.9,25.1,65.4,1.0,21.0,8.6
"A0279","San Diego","San Diego","https://www.californiahealthmaps.org?address=A0279","Both","Urinary",328025,14.3,10.1,19.9,214600,14.4,9.7,21.4,"","","","",24370,"","","",72475,"","","",5,65605,0.1,5.9,25.1,65.4,1.0,21.0,8.6
"A0279","San Diego","San Diego","https://www.californiahealthmaps.org?address=A0279","Both","Kidney",328025,12.9,9.0,18.1,214600,13.5,9.1,19.9,"","","","",24370,"","","",72475,"","","",5,65605,0.1,5.9,25.1,65.4,1.0,21.0,8.6
"A0279","San Diego","San Diego","https://www.californiahealthmaps.org?address=A0279","Both","Thyroid",328025,18.1,13.6,23.8,214600,19.4,13.6,27.4,"","","","",24370,"","","",72475,"","","",5,65605,0.1,5.9,25.1,65.4,1.0,21.0,8.6
