"Zone","Counties","Cities","URL","Sex","Cancer","PopTot","AAIR","LCI","UCI","White_PopTot","White_AAIR","White_LCI","White_UCI","Black_PopTot","Black_AAIR","Black_LCI","Black_UCI","Hispanic_PopTot","Hispanic_AAIR","Hispanic_LCI","Hispanic_UCI","Asian_PopTot","Asian_AAIR","Asian_LCI","Asian_UCI","QNSES","PopAll","PerRural","PerUninsured","PerForeignBorn","PerWhite","PerBlack","PerAsian","PerHispanic","PerAPI","PerDocvisit","PerFOBT","PerMammo","PerMenPrev","PerPap","PerWomenPrev"
"A0135","Santa Clara","San Jose, Los Gatos","https://www.californiahealthmaps.org?address=A0135","Male","AllSite",158075,516.5,482.3,552.9,106230,507.9,469.2,550.0,"","","","",23575,454.1,338.3,602.7,18945,518.8,413.3,648.7,5,64268,0.3,6.9,18.4,66.9,1.9,13.1,13.6,13.1,66.4,74.8,80.3,39.7,85.0,37.4
"A0135","Santa Clara","San Jose, Los Gatos","https://www.californiahealthmaps.org?address=A0135","Female","AllSite",163265,423.5,394.9,454.2,107810,447.7,413.1,485.6,"","","","",23775,366.8,283.7,469.0,22750,377.7,299.7,482.2,5,64268,0.3,6.9,18.4,66.9,1.9,13.1,13.6,13.1,66.4,74.8,80.3,39.7,85.0,37.4
"A0135","Santa Clara","San Jose, Los Gatos","https://www.californiahealthmaps.org?address=A0135","Male","Prostate",158075,123.6,107.3,142.0,106230,124.2,105.9,145.7,"","","","",23575,"","","",18945,"","","",5,64268,0.3,6.9,18.4,66.9,1.9,13.1,13.6,13.1,66.4,74.8,80.3,39.7,85.0,37.4
"A0135","Santa Clara","San Jose, Los Gatos","https://www.californiahealthmaps.org?address=A0135","Female","Breast",163265,139.5,123.4,157.9,107810,142.9,123.8,165.5,"","","","",23775,135.3,87.3,203.4,22750,162.2,114.4,238.3,5,64268,0.3,6.9,18.4,66.9,1.9,13.1,13.6,13.1,66.4,74.8,80.3,39.7,85.0,37.4
"A0135","Santa Clara","San Jose, Los Gatos","https://www.californiahealthmaps.org?address=A0135","Male","Lung",158075,55.1,44.3,68.3,106230,51.9,40.2,67.2,"","","","",23575,"","","",18945,88.3,48.7,154.9,5,64268,0.3,6.9,18.4,66.9,1.9,13.1,13.6,13.1,66.4,74.8,80.3,39.7,85.0,37.4
"A0135","Santa Clara","San Jose, Los Gatos","https://www.californiahealthmaps.org?address=A0135","Female","Lung",163265,44.6,35.9,55.7,107810,50.7,40.2,64.8,"","","","",23775,"","","",22750,"","","",5,64268,0.3,6.9,18.4,66.9,1.9,13.1,13.6,13.1,66.4,74.8,80.3,39.7,85.0,37.4
"A0135","Santa Clara","San Jose, Los Gatos","https://www.californiahealthmaps.org?address=A0135","Male","CRC",158075,36.4,27.9,47.1,106230,33.2,24.1,46.0,"","","","",23575,"","","",18945,"","","",5,64268,0.3,6.9,18.4,66.9,1.9,13.1,13.6,13.1,66.4,74.8,80.3,39.7,85.0,37.4
"A0135","Santa Clara","San Jose, Los Gatos","https://www.californiahealthmaps.org?address=A0135","Female","CRC",163265,32.8,25.4,42.5,107810,36.1,26.9,49.0,"","","","",23775,"","","",22750,"","","",5,64268,0.3,6.9,18.4,66.9,1.9,13.1,13.6,13.1,66.4,74.8,80.3,39.7,85.0,37.4
"A0135","Santa Clara","San Jose, Los Gatos","https://www.californiahealthmaps.org?address=A0135","Male","Mela",158075,61.3,50.0,74.9,106230,71.3,57.3,88.7,"","","","",23575,"","","",18945,"","","",5,64268,0.3,6.9,18.4,66.9,1.9,13.1,13.6,13.1,66.4,74.8,80.3,39.7,85.0,37.4
"A0135","Santa Clara","San Jose, Los Gatos","https://www.californiahealthmaps.org?address=A0135","Female","Mela",163265,33.7,26.0,43.8,107810,42.0,31.6,56.1,"","","","",23775,"","","",22750,"","","",5,64268,0.3,6.9,18.4,66.9,1.9,13.1,13.6,13.1,66.4,74.8,80.3,39.7,85.0,37.4
"A0135","Santa Clara","San Jose, Los Gatos","https://www.californiahealthmaps.org?address=A0135","Female","Uterine",163265,22.0,16.0,30.4,107810,19.9,13.5,30.1,"","","","",23775,"","","",22750,"","","",5,64268,0.3,6.9,18.4,66.9,1.9,13.1,13.6,13.1,66.4,74.8,80.3,39.7,85.0,37.4
"A0135","Santa Clara","San Jose, Los Gatos","https://www.californiahealthmaps.org?address=A0135","Male","Lymph",158075,29.7,21.7,40.1,106230,22.8,15.3,34.1,"","","","",23575,"","","",18945,"","","",5,64268,0.3,6.9,18.4,66.9,1.9,13.1,13.6,13.1,66.4,74.8,80.3,39.7,85.0,37.4
"A0135","Santa Clara","San Jose, Los Gatos","https://www.californiahealthmaps.org?address=A0135","Female","Lymph",163265,19.4,13.6,27.6,107810,19.0,12.8,29.2,"","","","",23775,"","","",22750,"","","",5,64268,0.3,6.9,18.4,66.9,1.9,13.1,13.6,13.1,66.4,74.8,80.3,39.7,85.0,37.4
"A0135","Santa Clara","San Jose, Los Gatos","https://www.californiahealthmaps.org?address=A0135","Male","Urinary",158075,15.9,10.3,23.9,106230,15.8,9.7,25.7,"","","","",23575,"","","",18945,"","","",5,64268,0.3,6.9,18.4,66.9,1.9,13.1,13.6,13.1,66.4,74.8,80.3,39.7,85.0,37.4
"A0135","Santa Clara","San Jose, Los Gatos","https://www.californiahealthmaps.org?address=A0135","Female","Urinary",163265,"","","",107810,"","","","","","","",23775,"","","",22750,"","","",5,64268,0.3,6.9,18.4,66.9,1.9,13.1,13.6,13.1,66.4,74.8,80.3,39.7,85.0,37.4
"A0135","Santa Clara","San Jose, Los Gatos","https://www.californiahealthmaps.org?address=A0135","Male","Kidney",158075,27.7,20.2,37.6,106230,28.5,19.8,40.9,"","","","",23575,"","","",18945,"","","",5,64268,0.3,6.9,18.4,66.9,1.9,13.1,13.6,13.1,66.4,74.8,80.3,39.7,85.0,37.4
"A0135","Santa Clara","San Jose, Los Gatos","https://www.californiahealthmaps.org?address=A0135","Female","Kidney",163265,13.4,8.8,20.6,107810,13.8,8.2,23.7,"","","","",23775,"","","",22750,"","","",5,64268,0.3,6.9,18.4,66.9,1.9,13.1,13.6,13.1,66.4,74.8,80.3,39.7,85.0,37.4
"A0135","Santa Clara","San Jose, Los Gatos","https://www.californiahealthmaps.org?address=A0135","Male","Thyroid",158075,"","","",106230,"","","","","","","",23575,"","","",18945,"","","",5,64268,0.3,6.9,18.4,66.9,1.9,13.1,13.6,13.1,66.4,74.8,80.3,39.7,85.0,37.4
"A0135","Santa Clara","San Jose, Los Gatos","https://www.californiahealthmaps.org?address=A0135","Female","Thyroid",163265,21.3,14.5,30.8,107810,22.1,13.3,35.4,"","","","",23775,"","","",22750,"","","",5,64268,0.3,6.9,18.4,66.9,1.9,13.1,13.6,13.1,66.4,74.8,80.3,39.7,85.0,37.4
"A0135","Santa Clara","San Jose, Los Gatos","https://www.californiahealthmaps.org?address=A0135","Male","Liver",158075,10.7,6.4,17.5,106230,"","","","","","","",23575,"","","",18945,"","","",5,64268,0.3,6.9,18.4,66.9,1.9,13.1,13.6,13.1,66.4,74.8,80.3,39.7,85.0,37.4
"A0135","Santa Clara","San Jose, Los Gatos","https://www.californiahealthmaps.org?address=A0135","Female","Liver",163265,"","","",107810,"","","","","","","",23775,"","","",22750,"","","",5,64268,0.3,6.9,18.4,66.9,1.9,13.1,13.6,13.1,66.4,74.8,80.3,39.7,85.0,37.4
"A0135","Santa Clara","San Jose, Los Gatos","https://www.californiahealthmaps.org?address=A0135","Male","Pancreas",158075,11.6,7.1,18.5,106230,11.1,6.3,19.8,"","","","",23575,"","","",18945,"","","",5,64268,0.3,6.9,18.4,66.9,1.9,13.1,13.6,13.1,66.4,74.8,80.3,39.7,85.0,37.4
"A0135","Santa Clara","San Jose, Los Gatos","https://www.californiahealthmaps.org?address=A0135","Female","Pancreas",163265,10.3,6.3,16.8,107810,9.4,5.2,17.9,"","","","",23775,"","","",22750,"","","",5,64268,0.3,6.9,18.4,66.9,1.9,13.1,13.6,13.1,66.4,74.8,80.3,39.7,85.0,37.4
"A0135","Santa Clara","San Jose, Los Gatos","https://www.californiahealthmaps.org?address=A0135","Both","AllSite",321340,462.2,440.3,485.2,214040,470.8,445.2,498.1,"","","","",47350,394.2,326.9,473.2,41695,437.7,373.4,514.0,5,64268,0.3,6.9,18.4,66.9,1.9,13.1,13.6,13.1,66.4,74.8,80.3,39.7,85.0,37.4
"A0135","Santa Clara","San Jose, Los Gatos","https://www.californiahealthmaps.org?address=A0135","Both","Lung",321340,48.9,42.0,56.9,214040,50.6,42.8,60.2,"","","","",47350,"","","",41695,59.1,37.1,94.8,5,64268,0.3,6.9,18.4,66.9,1.9,13.1,13.6,13.1,66.4,74.8,80.3,39.7,85.0,37.4
"A0135","Santa Clara","San Jose, Los Gatos","https://www.californiahealthmaps.org?address=A0135","Both","CRC",321340,35.0,29.3,41.9,214040,34.9,28.3,43.3,"","","","",47350,47.9,26.2,82.7,41695,"","","",5,64268,0.3,6.9,18.4,66.9,1.9,13.1,13.6,13.1,66.4,74.8,80.3,39.7,85.0,37.4
"A0135","Santa Clara","San Jose, Los Gatos","https://www.californiahealthmaps.org?address=A0135","Both","Mela",321340,45.8,39.2,53.6,214040,54.7,46.1,64.9,"","","","",47350,"","","",41695,"","","",5,64268,0.3,6.9,18.4,66.9,1.9,13.1,13.6,13.1,66.4,74.8,80.3,39.7,85.0,37.4
"A0135","Santa Clara","San Jose, Los Gatos","https://www.californiahealthmaps.org?address=A0135","Both","Lymph",321340,24.1,19.2,30.1,214040,20.6,15.7,27.3,"","","","",47350,"","","",41695,47.7,26.5,83.7,5,64268,0.3,6.9,18.4,66.9,1.9,13.1,13.6,13.1,66.4,74.8,80.3,39.7,85.0,37.4
"A0135","Santa Clara","San Jose, Los Gatos","https://www.californiahealthmaps.org?address=A0135","Both","Urinary",321340,8.6,6.0,12.5,214040,9.2,6.1,14.2,"","","","",47350,"","","",41695,"","","",5,64268,0.3,6.9,18.4,66.9,1.9,13.1,13.6,13.1,66.4,74.8,80.3,39.7,85.0,37.4
"A0135","Santa Clara","San Jose, Los Gatos","https://www.californiahealthmaps.org?address=A0135","Both","Kidney",321340,20.0,15.6,25.5,214040,20.6,15.5,27.6,"","","","",47350,"","","",41695,"","","",5,64268,0.3,6.9,18.4,66.9,1.9,13.1,13.6,13.1,66.4,74.8,80.3,39.7,85.0,37.4
"A0135","Santa Clara","San Jose, Los Gatos","https://www.californiahealthmaps.org?address=A0135","Both","Thyroid",321340,13.4,9.6,18.5,214040,13.1,8.4,19.9,"","","","",47350,"","","",41695,"","","",5,64268,0.3,6.9,18.4,66.9,1.9,13.1,13.6,13.1,66.4,74.8,80.3,39.7,85.0,37.4
"A0135","Santa Clara","San Jose, Los Gatos","https://www.californiahealthmaps.org?address=A0135","Both","Liver",321340,7.9,5.3,11.6,214040,5.2,2.9,9.4,"","","","",47350,"","","",41695,"","","",5,64268,0.3,6.9,18.4,66.9,1.9,13.1,13.6,13.1,66.4,74.8,80.3,39.7,85.0,37.4
"A0135","Santa Clara","San Jose, Los Gatos","https://www.californiahealthmaps.org?address=A0135","Both","Pancreas",321340,10.9,7.8,15.1,214040,10.3,7.0,15.6,"","","","",47350,"","","",41695,"","","",5,64268,0.3,6.9,18.4,66.9,1.9,13.1,13.6,13.1,66.4,74.8,80.3,39.7,85.0,37.4
