"Zone","Counties","Cities","URL","Sex","Cancer","PopTot","AAIR","LCI","UCI","White_PopTot","White_AAIR","White_LCI","White_UCI","Black_PopTot","Black_AAIR","Black_LCI","Black_UCI","Hispanic_PopTot","Hispanic_AAIR","Hispanic_LCI","Hispanic_UCI","Asian_PopTot","Asian_AAIR","Asian_LCI","Asian_UCI","QNSES","PopAll","PerRural","PerUninsured","PerForeignBorn","PerWhite","PerBlack","PerAsian","PerHispanic"
"A0674","Ventura","Ojai, Ventura","https://www.californiahealthmaps.org?address=A0674","Male","AllSite",172975,500.8,469.5,534.0,109370,511.3,475.3,550.5,"","","","",54155,394.0,316.2,488.1,"","","","",4,70383,13.3,15.6,15.2,64.0,0.9,2.2,30.6
"A0674","Ventura","Ojai, Ventura","https://www.californiahealthmaps.org?address=A0674","Female","AllSite",178940,418.8,391.7,447.5,114880,433.6,401.1,469.4,"","","","",52975,373.7,311.0,446.8,"","","","",4,70383,13.3,15.6,15.2,64.0,0.9,2.2,30.6
"A0674","Ventura","Ojai, Ventura","https://www.californiahealthmaps.org?address=A0674","Male","Prostate",172975,111.7,97.4,127.9,109370,106.1,90.9,124.6,"","","","",54155,99.2,61.7,154.3,"","","","",4,70383,13.3,15.6,15.2,64.0,0.9,2.2,30.6
"A0674","Ventura","Ojai, Ventura","https://www.californiahealthmaps.org?address=A0674","Female","Breast",178940,135.7,120.4,152.7,114880,139.8,121.7,161.4,"","","","",52975,129.1,93.1,176.1,"","","","",4,70383,13.3,15.6,15.2,64.0,0.9,2.2,30.6
"A0674","Ventura","Ojai, Ventura","https://www.californiahealthmaps.org?address=A0674","Male","Lung",172975,55.7,45.5,67.9,109370,60.1,48.5,75.0,"","","","",54155,"","","","","","","",4,70383,13.3,15.6,15.2,64.0,0.9,2.2,30.6
"A0674","Ventura","Ojai, Ventura","https://www.californiahealthmaps.org?address=A0674","Female","Lung",178940,45.8,37.4,56.1,114880,49.8,40.2,62.8,"","","","",52975,"","","","","","","",4,70383,13.3,15.6,15.2,64.0,0.9,2.2,30.6
"A0674","Ventura","Ojai, Ventura","https://www.californiahealthmaps.org?address=A0674","Male","CRC",172975,42.0,33.3,52.5,109370,40.5,31.1,53.5,"","","","",54155,"","","","","","","",4,70383,13.3,15.6,15.2,64.0,0.9,2.2,30.6
"A0674","Ventura","Ojai, Ventura","https://www.californiahealthmaps.org?address=A0674","Female","CRC",178940,27.1,20.8,35.2,114880,27.2,20.0,38.2,"","","","",52975,"","","","","","","",4,70383,13.3,15.6,15.2,64.0,0.9,2.2,30.6
"A0674","Ventura","Ojai, Ventura","https://www.californiahealthmaps.org?address=A0674","Male","Mela",172975,44.4,35.4,55.4,109370,53.5,42.0,68.6,"","","","",54155,"","","","","","","",4,70383,13.3,15.6,15.2,64.0,0.9,2.2,30.6
"A0674","Ventura","Ojai, Ventura","https://www.californiahealthmaps.org?address=A0674","Female","Mela",178940,27.0,20.3,35.5,114880,30.0,21.2,42.7,"","","","",52975,"","","","","","","",4,70383,13.3,15.6,15.2,64.0,0.9,2.2,30.6
"A0674","Ventura","Ojai, Ventura","https://www.californiahealthmaps.org?address=A0674","Female","Uterine",178940,24.7,18.7,32.3,114880,24.1,17.6,34.4,"","","","",52975,"","","","","","","",4,70383,13.3,15.6,15.2,64.0,0.9,2.2,30.6
"A0674","Ventura","Ojai, Ventura","https://www.californiahealthmaps.org?address=A0674","Male","Lymph",172975,21.8,15.6,30.0,109370,21.6,14.4,32.5,"","","","",54155,"","","","","","","",4,70383,13.3,15.6,15.2,64.0,0.9,2.2,30.6
"A0674","Ventura","Ojai, Ventura","https://www.californiahealthmaps.org?address=A0674","Female","Lymph",178940,17.2,12.1,24.1,114880,18.0,12.2,27.8,"","","","",52975,"","","","","","","",4,70383,13.3,15.6,15.2,64.0,0.9,2.2,30.6
"A0674","Ventura","Ojai, Ventura","https://www.californiahealthmaps.org?address=A0674","Male","Urinary",172975,20.2,14.3,28.1,109370,20.5,14.1,30.7,"","","","",54155,"","","","","","","",4,70383,13.3,15.6,15.2,64.0,0.9,2.2,30.6
"A0674","Ventura","Ojai, Ventura","https://www.californiahealthmaps.org?address=A0674","Female","Urinary",178940,5.7,3.2,10.1,114880,"","","","","","","",52975,"","","","","","","",4,70383,13.3,15.6,15.2,64.0,0.9,2.2,30.6
"A0674","Ventura","Ojai, Ventura","https://www.californiahealthmaps.org?address=A0674","Male","Kidney",172975,24.7,18.0,33.5,109370,27.3,19.3,39.1,"","","","",54155,"","","","","","","",4,70383,13.3,15.6,15.2,64.0,0.9,2.2,30.6
"A0674","Ventura","Ojai, Ventura","https://www.californiahealthmaps.org?address=A0674","Female","Kidney",178940,6.9,3.8,12.1,114880,"","","","","","","",52975,"","","","","","","",4,70383,13.3,15.6,15.2,64.0,0.9,2.2,30.6
"A0674","Ventura","Ojai, Ventura","https://www.californiahealthmaps.org?address=A0674","Male","Thyroid",172975,10.2,6.2,16.3,109370,12.5,7.2,22.0,"","","","",54155,"","","","","","","",4,70383,13.3,15.6,15.2,64.0,0.9,2.2,30.6
"A0674","Ventura","Ojai, Ventura","https://www.californiahealthmaps.org?address=A0674","Female","Thyroid",178940,17.5,11.8,25.2,114880,20.9,12.8,33.4,"","","","",52975,"","","","","","","",4,70383,13.3,15.6,15.2,64.0,0.9,2.2,30.6
"A0674","Ventura","Ojai, Ventura","https://www.californiahealthmaps.org?address=A0674","Both","AllSite",351915,451.6,431.3,472.8,224250,465.3,441.4,490.9,"","","","",107130,369.8,322.1,423.4,"","","","",4,70383,13.3,15.6,15.2,64.0,0.9,2.2,30.6
"A0674","Ventura","Ojai, Ventura","https://www.californiahealthmaps.org?address=A0674","Both","Lung",351915,50.3,43.7,57.9,224250,54.7,47.1,63.8,"","","","",107130,"","","","","","","",4,70383,13.3,15.6,15.2,64.0,0.9,2.2,30.6
"A0674","Ventura","Ojai, Ventura","https://www.californiahealthmaps.org?address=A0674","Both","CRC",351915,33.9,28.6,40.1,224250,33.4,27.5,41.1,"","","","",107130,33.6,19.8,54.1,"","","","",4,70383,13.3,15.6,15.2,64.0,0.9,2.2,30.6
"A0674","Ventura","Ojai, Ventura","https://www.californiahealthmaps.org?address=A0674","Both","Mela",351915,34.1,28.7,40.5,224250,40.0,32.8,48.9,"","","","",107130,"","","","","","","",4,70383,13.3,15.6,15.2,64.0,0.9,2.2,30.6
"A0674","Ventura","Ojai, Ventura","https://www.californiahealthmaps.org?address=A0674","Both","Lymph",351915,19.4,15.3,24.4,224250,19.9,15.1,26.4,"","","","",107130,"","","","","","","",4,70383,13.3,15.6,15.2,64.0,0.9,2.2,30.6
"A0674","Ventura","Ojai, Ventura","https://www.californiahealthmaps.org?address=A0674","Both","Urinary",351915,11.7,8.7,15.5,224250,11.8,8.5,16.8,"","","","",107130,"","","","","","","",4,70383,13.3,15.6,15.2,64.0,0.9,2.2,30.6
"A0674","Ventura","Ojai, Ventura","https://www.californiahealthmaps.org?address=A0674","Both","Kidney",351915,15.1,11.5,19.7,224250,16.7,12.4,22.9,"","","","",107130,"","","","","","","",4,70383,13.3,15.6,15.2,64.0,0.9,2.2,30.6
"A0674","Ventura","Ojai, Ventura","https://www.californiahealthmaps.org?address=A0674","Both","Thyroid",351915,13.7,10.2,18.3,224250,16.6,11.6,23.6,"","","","",107130,"","","","","","","",4,70383,13.3,15.6,15.2,64.0,0.9,2.2,30.6
