"Zone","Counties","Cities","URL","Sex","Cancer","PopTot","AAIR","LCI","UCI","White_PopTot","White_AAIR","White_LCI","White_UCI","Black_PopTot","Black_AAIR","Black_LCI","Black_UCI","Hispanic_PopTot","Hispanic_AAIR","Hispanic_LCI","Hispanic_UCI","Asian_PopTot","Asian_AAIR","Asian_LCI","Asian_UCI","QNSES","PopAll","PerRural","PerUninsured","PerForeignBorn","PerWhite","PerBlack","PerAsian","PerHispanic"
"A0756","San Joaquin","Stockton","https://www.californiahealthmaps.org?address=A0756","Male","AllSite",173135,462.4,429.6,497.3,64820,528.7,482.4,580.0,"","","","",93465,341.2,288.0,403.4,"","","","",1,67473,40.4,21.6,25.2,38.6,2.6,4.1,52.1
"A0756","San Joaquin","Stockton","https://www.californiahealthmaps.org?address=A0756","Female","AllSite",164230,425.2,394.7,457.8,65245,428.7,387.6,475.3,"","","","",84155,407.5,354.1,467.7,"","","","",1,67473,40.4,21.6,25.2,38.6,2.6,4.1,52.1
"A0756","San Joaquin","Stockton","https://www.californiahealthmaps.org?address=A0756","Male","Prostate",173135,88.6,74.9,104.4,64820,99.1,81.3,122.1,"","","","",93465,59.4,38.1,90.7,"","","","",1,67473,40.4,21.6,25.2,38.6,2.6,4.1,52.1
"A0756","San Joaquin","Stockton","https://www.californiahealthmaps.org?address=A0756","Female","Breast",164230,116.3,100.6,134.0,65245,119.7,98.3,146.9,"","","","",84155,116.4,89.1,150.6,"","","","",1,67473,40.4,21.6,25.2,38.6,2.6,4.1,52.1
"A0756","San Joaquin","Stockton","https://www.californiahealthmaps.org?address=A0756","Male","Lung",173135,66.4,54.1,80.9,64820,78.5,62.0,100.5,"","","","",93465,40.2,22.6,68.4,"","","","",1,67473,40.4,21.6,25.2,38.6,2.6,4.1,52.1
"A0756","San Joaquin","Stockton","https://www.californiahealthmaps.org?address=A0756","Female","Lung",164230,56.9,46.3,69.7,65245,69.1,54.0,90.1,"","","","",84155,31.5,17.3,53.6,"","","","",1,67473,40.4,21.6,25.2,38.6,2.6,4.1,52.1
"A0756","San Joaquin","Stockton","https://www.californiahealthmaps.org?address=A0756","Male","CRC",173135,43.8,34.3,55.4,64820,43.3,31.0,61.3,"","","","",93465,38.6,23.1,63.8,"","","","",1,67473,40.4,21.6,25.2,38.6,2.6,4.1,52.1
"A0756","San Joaquin","Stockton","https://www.californiahealthmaps.org?address=A0756","Female","CRC",164230,30.3,22.5,40.2,65245,26.5,17.1,42.5,"","","","",84155,41.2,25.2,64.8,"","","","",1,67473,40.4,21.6,25.2,38.6,2.6,4.1,52.1
"A0756","San Joaquin","Stockton","https://www.californiahealthmaps.org?address=A0756","Male","Mela",173135,27.1,19.6,36.8,64820,36.5,25.1,53.8,"","","","",93465,"","","","","","","",1,67473,40.4,21.6,25.2,38.6,2.6,4.1,52.1
"A0756","San Joaquin","Stockton","https://www.californiahealthmaps.org?address=A0756","Female","Mela",164230,13.4,8.5,20.6,65245,17.4,9.7,32.2,"","","","",84155,"","","","","","","",1,67473,40.4,21.6,25.2,38.6,2.6,4.1,52.1
"A0756","San Joaquin","Stockton","https://www.californiahealthmaps.org?address=A0756","Female","Uterine",164230,30.6,23.0,40.4,65245,34.9,24.1,52.1,"","","","",84155,"","","","","","","",1,67473,40.4,21.6,25.2,38.6,2.6,4.1,52.1
"A0756","San Joaquin","Stockton","https://www.californiahealthmaps.org?address=A0756","Male","Lymph",173135,23.8,16.7,33.2,64820,29.0,18.1,46.4,"","","","",93465,"","","","","","","",1,67473,40.4,21.6,25.2,38.6,2.6,4.1,52.1
"A0756","San Joaquin","Stockton","https://www.californiahealthmaps.org?address=A0756","Female","Lymph",164230,13.5,8.6,20.6,65245,14.8,8.0,28.7,"","","","",84155,"","","","","","","",1,67473,40.4,21.6,25.2,38.6,2.6,4.1,52.1
"A0756","San Joaquin","Stockton","https://www.californiahealthmaps.org?address=A0756","Male","Urinary",173135,20.5,13.8,29.4,64820,25.3,16.3,40.3,"","","","",93465,"","","","","","","",1,67473,40.4,21.6,25.2,38.6,2.6,4.1,52.1
"A0756","San Joaquin","Stockton","https://www.californiahealthmaps.org?address=A0756","Female","Urinary",164230,5.6,2.7,10.9,65245,"","","","","","","",84155,"","","","","","","",1,67473,40.4,21.6,25.2,38.6,2.6,4.1,52.1
"A0756","San Joaquin","Stockton","https://www.californiahealthmaps.org?address=A0756","Male","Kidney",173135,25.1,17.9,34.4,64820,22.1,13.3,37.0,"","","","",93465,29.5,16.7,52.1,"","","","",1,67473,40.4,21.6,25.2,38.6,2.6,4.1,52.1
"A0756","San Joaquin","Stockton","https://www.californiahealthmaps.org?address=A0756","Female","Kidney",164230,11.6,7.0,18.5,65245,"","","","","","","",84155,"","","","","","","",1,67473,40.4,21.6,25.2,38.6,2.6,4.1,52.1
"A0756","San Joaquin","Stockton","https://www.californiahealthmaps.org?address=A0756","Male","Thyroid",173135,4.3,1.7,9.3,64820,"","","","","","","",93465,"","","","","","","",1,67473,40.4,21.6,25.2,38.6,2.6,4.1,52.1
"A0756","San Joaquin","Stockton","https://www.californiahealthmaps.org?address=A0756","Female","Thyroid",164230,21.8,15.2,30.6,65245,20.1,11.2,36.1,"","","","",84155,20.7,11.4,37.0,"","","","",1,67473,40.4,21.6,25.2,38.6,2.6,4.1,52.1
"A0756","San Joaquin","Stockton","https://www.californiahealthmaps.org?address=A0756","Both","AllSite",337365,438.7,416.5,461.9,130065,473.7,442.9,507.1,"","","","",177620,369.7,332.2,411.0,11550,306.0,213.6,432.5,1,67473,40.4,21.6,25.2,38.6,2.6,4.1,52.1
"A0756","San Joaquin","Stockton","https://www.californiahealthmaps.org?address=A0756","Both","Lung",337365,60.8,52.7,69.9,130065,73.2,61.9,87.1,"","","","",177620,35.7,24.0,51.7,11550,"","","",1,67473,40.4,21.6,25.2,38.6,2.6,4.1,52.1
"A0756","San Joaquin","Stockton","https://www.californiahealthmaps.org?address=A0756","Both","CRC",337365,36.9,30.7,44.2,130065,34.9,27.0,45.7,"","","","",177620,39.8,28.3,55.3,11550,"","","",1,67473,40.4,21.6,25.2,38.6,2.6,4.1,52.1
"A0756","San Joaquin","Stockton","https://www.californiahealthmaps.org?address=A0756","Both","Mela",337365,19.4,15.0,24.9,130065,25.8,19.0,35.5,"","","","",177620,"","","",11550,"","","",1,67473,40.4,21.6,25.2,38.6,2.6,4.1,52.1
"A0756","San Joaquin","Stockton","https://www.californiahealthmaps.org?address=A0756","Both","Lymph",337365,18.2,13.9,23.6,130065,21.4,14.8,31.0,"","","","",177620,16.7,9.4,28.3,11550,"","","",1,67473,40.4,21.6,25.2,38.6,2.6,4.1,52.1
"A0756","San Joaquin","Stockton","https://www.californiahealthmaps.org?address=A0756","Both","Urinary",337365,12.4,8.9,17.0,130065,14.2,9.5,21.8,"","","","",177620,"","","",11550,"","","",1,67473,40.4,21.6,25.2,38.6,2.6,4.1,52.1
"A0756","San Joaquin","Stockton","https://www.californiahealthmaps.org?address=A0756","Both","Kidney",337365,18.2,13.9,23.6,130065,16.0,10.9,24.1,"","","","",177620,21.4,13.6,33.2,11550,"","","",1,67473,40.4,21.6,25.2,38.6,2.6,4.1,52.1
"A0756","San Joaquin","Stockton","https://www.californiahealthmaps.org?address=A0756","Both","Thyroid",337365,12.8,9.2,17.4,130065,12.0,7.2,20.1,"","","","",177620,11.8,6.6,20.9,11550,"","","",1,67473,40.4,21.6,25.2,38.6,2.6,4.1,52.1
