"Zone","Counties","Cities","URL","Sex","Cancer","PopTot","AAIR","LCI","UCI","White_PopTot","White_AAIR","White_LCI","White_UCI","Black_PopTot","Black_AAIR","Black_LCI","Black_UCI","Hispanic_PopTot","Hispanic_AAIR","Hispanic_LCI","Hispanic_UCI","Asian_PopTot","Asian_AAIR","Asian_LCI","Asian_UCI","QNSES","PopAll","PerRural","PerUninsured","PerForeignBorn","PerWhite","PerBlack","PerAsian","PerHispanic","PerAPI","PerDocvisit","PerFOBT","PerMammo","PerMenPrev","PerPap","PerWomenPrev"
"A0774","Los Angeles","Inglewood","https://www.californiahealthmaps.org?address=A0774","Male","AllSite",145865,458.2,414.7,506.0,"","","","",53325,493.9,428.4,569.2,80760,390.6,324.2,468.7,"","","","",2,61318,0.0,25.1,28.6,4.9,40.0,1.9,51.3,1.9,69.8,59.9,82.0,20.9,87.3,27.7
"A0774","Los Angeles","Inglewood","https://www.californiahealthmaps.org?address=A0774","Female","AllSite",160725,402.0,368.7,437.8,"","","","",68435,417.3,369.9,469.7,79760,367.4,314.2,428.7,"","","","",2,61318,0.0,25.1,28.6,4.9,40.0,1.9,51.3,1.9,69.8,59.9,82.0,20.9,87.3,27.7
"A0774","Los Angeles","Inglewood","https://www.californiahealthmaps.org?address=A0774","Male","Prostate",145865,153.7,129.5,182.2,"","","","",53325,182.5,144.9,230.0,80760,106.6,73.4,152.4,"","","","",2,61318,0.0,25.1,28.6,4.9,40.0,1.9,51.3,1.9,69.8,59.9,82.0,20.9,87.3,27.7
"A0774","Los Angeles","Inglewood","https://www.californiahealthmaps.org?address=A0774","Female","Breast",160725,115.0,97.6,135.1,"","","","",68435,133.6,107.5,164.9,79760,73.7,52.1,103.8,"","","","",2,61318,0.0,25.1,28.6,4.9,40.0,1.9,51.3,1.9,69.8,59.9,82.0,20.9,87.3,27.7
"A0774","Los Angeles","Inglewood","https://www.californiahealthmaps.org?address=A0774","Male","Lung",145865,49.4,35.3,68.0,"","","","",53325,70.1,45.6,105.8,80760,"","","","","","","",2,61318,0.0,25.1,28.6,4.9,40.0,1.9,51.3,1.9,69.8,59.9,82.0,20.9,87.3,27.7
"A0774","Los Angeles","Inglewood","https://www.californiahealthmaps.org?address=A0774","Female","Lung",160725,49.1,37.5,63.6,"","","","",68435,56.8,39.7,79.5,79760,43.9,25.7,71.7,"","","","",2,61318,0.0,25.1,28.6,4.9,40.0,1.9,51.3,1.9,69.8,59.9,82.0,20.9,87.3,27.7
"A0774","Los Angeles","Inglewood","https://www.californiahealthmaps.org?address=A0774","Male","CRC",145865,38.9,26.2,56.4,"","","","",53325,"","","",80760,60.4,33.6,101.7,"","","","",2,61318,0.0,25.1,28.6,4.9,40.0,1.9,51.3,1.9,69.8,59.9,82.0,20.9,87.3,27.7
"A0774","Los Angeles","Inglewood","https://www.californiahealthmaps.org?address=A0774","Female","CRC",160725,40.2,30.1,52.9,"","","","",68435,46.9,31.9,67.4,79760,31.6,16.9,55.9,"","","","",2,61318,0.0,25.1,28.6,4.9,40.0,1.9,51.3,1.9,69.8,59.9,82.0,20.9,87.3,27.7
"A0774","Los Angeles","Inglewood","https://www.californiahealthmaps.org?address=A0774","Male","Mela",145865,"","","","","","","",53325,"","","",80760,"","","","","","","",2,61318,0.0,25.1,28.6,4.9,40.0,1.9,51.3,1.9,69.8,59.9,82.0,20.9,87.3,27.7
"A0774","Los Angeles","Inglewood","https://www.californiahealthmaps.org?address=A0774","Female","Mela",160725,"","","","","","","",68435,"","","",79760,"","","","","","","",2,61318,0.0,25.1,28.6,4.9,40.0,1.9,51.3,1.9,69.8,59.9,82.0,20.9,87.3,27.7
"A0774","Los Angeles","Inglewood","https://www.californiahealthmaps.org?address=A0774","Female","Uterine",160725,28.4,20.4,39.1,"","","","",68435,28.2,17.4,44.5,79760,32.5,19.2,54.6,"","","","",2,61318,0.0,25.1,28.6,4.9,40.0,1.9,51.3,1.9,69.8,59.9,82.0,20.9,87.3,27.7
"A0774","Los Angeles","Inglewood","https://www.californiahealthmaps.org?address=A0774","Male","Lymph",145865,24.6,15.5,38.4,"","","","",53325,"","","",80760,36.0,18.4,66.9,"","","","",2,61318,0.0,25.1,28.6,4.9,40.0,1.9,51.3,1.9,69.8,59.9,82.0,20.9,87.3,27.7
"A0774","Los Angeles","Inglewood","https://www.californiahealthmaps.org?address=A0774","Female","Lymph",160725,16.6,10.7,25.3,"","","","",68435,"","","",79760,"","","","","","","",2,61318,0.0,25.1,28.6,4.9,40.0,1.9,51.3,1.9,69.8,59.9,82.0,20.9,87.3,27.7
"A0774","Los Angeles","Inglewood","https://www.californiahealthmaps.org?address=A0774","Male","Urinary",145865,"","","","","","","",53325,"","","",80760,"","","","","","","",2,61318,0.0,25.1,28.6,4.9,40.0,1.9,51.3,1.9,69.8,59.9,82.0,20.9,87.3,27.7
"A0774","Los Angeles","Inglewood","https://www.californiahealthmaps.org?address=A0774","Female","Urinary",160725,"","","","","","","",68435,"","","",79760,"","","","","","","",2,61318,0.0,25.1,28.6,4.9,40.0,1.9,51.3,1.9,69.8,59.9,82.0,20.9,87.3,27.7
"A0774","Los Angeles","Inglewood","https://www.californiahealthmaps.org?address=A0774","Male","Kidney",145865,20.4,12.9,32.2,"","","","",53325,"","","",80760,"","","","","","","",2,61318,0.0,25.1,28.6,4.9,40.0,1.9,51.3,1.9,69.8,59.9,82.0,20.9,87.3,27.7
"A0774","Los Angeles","Inglewood","https://www.californiahealthmaps.org?address=A0774","Female","Kidney",160725,"","","","","","","",68435,"","","",79760,"","","","","","","",2,61318,0.0,25.1,28.6,4.9,40.0,1.9,51.3,1.9,69.8,59.9,82.0,20.9,87.3,27.7
"A0774","Los Angeles","Inglewood","https://www.californiahealthmaps.org?address=A0774","Male","Thyroid",145865,"","","","","","","",53325,"","","",80760,"","","","","","","",2,61318,0.0,25.1,28.6,4.9,40.0,1.9,51.3,1.9,69.8,59.9,82.0,20.9,87.3,27.7
"A0774","Los Angeles","Inglewood","https://www.californiahealthmaps.org?address=A0774","Female","Thyroid",160725,16.7,10.9,25.2,"","","","",68435,"","","",79760,"","","","","","","",2,61318,0.0,25.1,28.6,4.9,40.0,1.9,51.3,1.9,69.8,59.9,82.0,20.9,87.3,27.7
"A0774","Los Angeles","Inglewood","https://www.californiahealthmaps.org?address=A0774","Male","Liver",145865,18.4,11.2,30.0,"","","","",53325,29.0,16.2,52.9,80760,"","","","","","","",2,61318,0.0,25.1,28.6,4.9,40.0,1.9,51.3,1.9,69.8,59.9,82.0,20.9,87.3,27.7
"A0774","Los Angeles","Inglewood","https://www.californiahealthmaps.org?address=A0774","Female","Liver",160725,"","","","","","","",68435,"","","",79760,"","","","","","","",2,61318,0.0,25.1,28.6,4.9,40.0,1.9,51.3,1.9,69.8,59.9,82.0,20.9,87.3,27.7
"A0774","Los Angeles","Inglewood","https://www.californiahealthmaps.org?address=A0774","Male","Pancreas",145865,"","","","","","","",53325,"","","",80760,"","","","","","","",2,61318,0.0,25.1,28.6,4.9,40.0,1.9,51.3,1.9,69.8,59.9,82.0,20.9,87.3,27.7
"A0774","Los Angeles","Inglewood","https://www.californiahealthmaps.org?address=A0774","Female","Pancreas",160725,15.9,9.9,24.9,"","","","",68435,"","","",79760,"","","","","","","",2,61318,0.0,25.1,28.6,4.9,40.0,1.9,51.3,1.9,69.8,59.9,82.0,20.9,87.3,27.7
"A0774","Los Angeles","Inglewood","https://www.californiahealthmaps.org?address=A0774","Both","AllSite",306590,421.4,395.1,449.3,11890,519.5,413.1,685.3,121760,444.5,406.2,485.9,160520,373.4,331.6,419.8,"","","","",2,61318,0.0,25.1,28.6,4.9,40.0,1.9,51.3,1.9,69.8,59.9,82.0,20.9,87.3,27.7
"A0774","Los Angeles","Inglewood","https://www.californiahealthmaps.org?address=A0774","Both","Lung",306590,48.5,39.5,59.1,11890,"","","",121760,60.4,46.4,77.8,160520,36.6,24.0,54.5,"","","","",2,61318,0.0,25.1,28.6,4.9,40.0,1.9,51.3,1.9,69.8,59.9,82.0,20.9,87.3,27.7
"A0774","Los Angeles","Inglewood","https://www.californiahealthmaps.org?address=A0774","Both","CRC",306590,38.7,30.9,48.2,11890,"","","",121760,39.3,28.6,53.5,160520,43.3,28.6,63.6,"","","","",2,61318,0.0,25.1,28.6,4.9,40.0,1.9,51.3,1.9,69.8,59.9,82.0,20.9,87.3,27.7
"A0774","Los Angeles","Inglewood","https://www.californiahealthmaps.org?address=A0774","Both","Mela",306590,"","","",11890,"","","",121760,"","","",160520,"","","","","","","",2,61318,0.0,25.1,28.6,4.9,40.0,1.9,51.3,1.9,69.8,59.9,82.0,20.9,87.3,27.7
"A0774","Los Angeles","Inglewood","https://www.californiahealthmaps.org?address=A0774","Both","Lymph",306590,19.8,14.5,26.7,11890,"","","",121760,17.2,10.2,27.8,160520,24.5,15.2,38.9,"","","","",2,61318,0.0,25.1,28.6,4.9,40.0,1.9,51.3,1.9,69.8,59.9,82.0,20.9,87.3,27.7
"A0774","Los Angeles","Inglewood","https://www.californiahealthmaps.org?address=A0774","Both","Urinary",306590,8.5,4.8,14.0,11890,"","","",121760,"","","",160520,"","","","","","","",2,61318,0.0,25.1,28.6,4.9,40.0,1.9,51.3,1.9,69.8,59.9,82.0,20.9,87.3,27.7
"A0774","Los Angeles","Inglewood","https://www.californiahealthmaps.org?address=A0774","Both","Kidney",306590,14.4,10.1,20.3,11890,"","","",121760,15.1,9.0,24.7,160520,18.0,10.3,30.9,"","","","",2,61318,0.0,25.1,28.6,4.9,40.0,1.9,51.3,1.9,69.8,59.9,82.0,20.9,87.3,27.7
"A0774","Los Angeles","Inglewood","https://www.californiahealthmaps.org?address=A0774","Both","Thyroid",306590,11.8,8.0,17.1,11890,"","","",121760,"","","",160520,10.3,5.7,20.0,"","","","",2,61318,0.0,25.1,28.6,4.9,40.0,1.9,51.3,1.9,69.8,59.9,82.0,20.9,87.3,27.7
"A0774","Los Angeles","Inglewood","https://www.californiahealthmaps.org?address=A0774","Both","Liver",306590,10.6,7.0,16.0,11890,"","","",121760,14.1,8.3,23.4,160520,"","","","","","","",2,61318,0.0,25.1,28.6,4.9,40.0,1.9,51.3,1.9,69.8,59.9,82.0,20.9,87.3,27.7
"A0774","Los Angeles","Inglewood","https://www.californiahealthmaps.org?address=A0774","Both","Pancreas",306590,13.2,8.9,19.2,11890,"","","",121760,13.4,7.6,22.8,160520,"","","","","","","",2,61318,0.0,25.1,28.6,4.9,40.0,1.9,51.3,1.9,69.8,59.9,82.0,20.9,87.3,27.7
