"Zone","Counties","Cities","URL","Sex","Cancer","PopTot","AAIR","LCI","UCI","White_PopTot","White_AAIR","White_LCI","White_UCI","Black_PopTot","Black_AAIR","Black_LCI","Black_UCI","Hispanic_PopTot","Hispanic_AAIR","Hispanic_LCI","Hispanic_UCI","Asian_PopTot","Asian_AAIR","Asian_LCI","Asian_UCI","QNSES","PopAll","PerRural","PerUninsured","PerForeignBorn","PerWhite","PerBlack","PerAsian","PerHispanic","PerAPI","PerDocvisit","PerFOBT","PerMammo","PerMenPrev","PerPap","PerWomenPrev"
"A0701","San Bernardino","Chino, Chino Hills","https://www.californiahealthmaps.org?address=A0701","Male","AllSite",165670,579.1,527.9,635.3,43255,657.0,569.6,756.4,12100,739.6,517.5,1089.2,87210,528.9,452.6,617.6,19265,433.3,298.1,680.0,3,62084,0.1,19.1,26.2,27.0,4.9,13.0,51.1,13.0,64.0,62.7,81.6,27.9,81.9,31.0
"A0701","San Bernardino","Chino, Chino Hills","https://www.californiahealthmaps.org?address=A0701","Female","AllSite",144750,445.1,407.4,485.8,37045,468.3,403.9,542.2,"","","","",78430,409.8,354.8,471.9,21100,446.9,346.2,581.5,3,62084,0.1,19.1,26.2,27.0,4.9,13.0,51.1,13.0,64.0,62.7,81.6,27.9,81.9,31.0
"A0701","San Bernardino","Chino, Chino Hills","https://www.californiahealthmaps.org?address=A0701","Male","Prostate",165670,135.2,112.0,163.6,43255,124.5,89.4,172.0,12100,300.2,178.4,561.1,87210,138.4,100.7,189.3,19265,"","","",3,62084,0.1,19.1,26.2,27.0,4.9,13.0,51.1,13.0,64.0,62.7,81.6,27.9,81.9,31.0
"A0701","San Bernardino","Chino, Chino Hills","https://www.californiahealthmaps.org?address=A0701","Female","Breast",144750,141.6,121.0,165.1,37045,172.1,134.9,219.0,"","","","",78430,98.8,73.0,132.1,21100,149.0,101.8,231.5,3,62084,0.1,19.1,26.2,27.0,4.9,13.0,51.1,13.0,64.0,62.7,81.6,27.9,81.9,31.0
"A0701","San Bernardino","Chino, Chino Hills","https://www.californiahealthmaps.org?address=A0701","Male","Lung",165670,78.8,59.3,104.0,43255,99.0,64.9,147.0,12100,"","","",87210,55.6,30.8,95.6,19265,"","","",3,62084,0.1,19.1,26.2,27.0,4.9,13.0,51.1,13.0,64.0,62.7,81.6,27.9,81.9,31.0
"A0701","San Bernardino","Chino, Chino Hills","https://www.californiahealthmaps.org?address=A0701","Female","Lung",144750,32.8,22.5,46.6,37045,37.7,20.7,65.9,"","","","",78430,"","","",21100,"","","",3,62084,0.1,19.1,26.2,27.0,4.9,13.0,51.1,13.0,64.0,62.7,81.6,27.9,81.9,31.0
"A0701","San Bernardino","Chino, Chino Hills","https://www.californiahealthmaps.org?address=A0701","Male","CRC",165670,49.8,36.0,69.1,43255,52.2,30.5,87.2,12100,"","","",87210,58.3,35.9,94.4,19265,"","","",3,62084,0.1,19.1,26.2,27.0,4.9,13.0,51.1,13.0,64.0,62.7,81.6,27.9,81.9,31.0
"A0701","San Bernardino","Chino, Chino Hills","https://www.californiahealthmaps.org?address=A0701","Female","CRC",144750,41.1,30.0,55.5,37045,39.5,23.0,66.8,"","","","",78430,46.8,29.3,72.3,21100,"","","",3,62084,0.1,19.1,26.2,27.0,4.9,13.0,51.1,13.0,64.0,62.7,81.6,27.9,81.9,31.0
"A0701","San Bernardino","Chino, Chino Hills","https://www.californiahealthmaps.org?address=A0701","Male","Mela",165670,22.2,13.1,37.2,43255,57.4,34.7,93.3,12100,"","","",87210,"","","",19265,"","","",3,62084,0.1,19.1,26.2,27.0,4.9,13.0,51.1,13.0,64.0,62.7,81.6,27.9,81.9,31.0
"A0701","San Bernardino","Chino, Chino Hills","https://www.californiahealthmaps.org?address=A0701","Female","Mela",144750,13.2,7.6,22.2,37045,"","","","","","","",78430,"","","",21100,"","","",3,62084,0.1,19.1,26.2,27.0,4.9,13.0,51.1,13.0,64.0,62.7,81.6,27.9,81.9,31.0
"A0701","San Bernardino","Chino, Chino Hills","https://www.californiahealthmaps.org?address=A0701","Female","Uterine",144750,32.1,23.2,44.1,37045,31.8,17.7,56.4,"","","","",78430,34.1,20.6,55.2,21100,"","","",3,62084,0.1,19.1,26.2,27.0,4.9,13.0,51.1,13.0,64.0,62.7,81.6,27.9,81.9,31.0
"A0701","San Bernardino","Chino, Chino Hills","https://www.californiahealthmaps.org?address=A0701","Male","Lymph",165670,29.6,18.6,46.7,43255,"","","",12100,"","","",87210,"","","",19265,"","","",3,62084,0.1,19.1,26.2,27.0,4.9,13.0,51.1,13.0,64.0,62.7,81.6,27.9,81.9,31.0
"A0701","San Bernardino","Chino, Chino Hills","https://www.californiahealthmaps.org?address=A0701","Female","Lymph",144750,14.5,8.8,23.5,37045,"","","","","","","",78430,"","","",21100,"","","",3,62084,0.1,19.1,26.2,27.0,4.9,13.0,51.1,13.0,64.0,62.7,81.6,27.9,81.9,31.0
"A0701","San Bernardino","Chino, Chino Hills","https://www.californiahealthmaps.org?address=A0701","Male","Urinary",165670,27.8,17.1,44.5,43255,48.1,25.0,85.8,12100,"","","",87210,"","","",19265,"","","",3,62084,0.1,19.1,26.2,27.0,4.9,13.0,51.1,13.0,64.0,62.7,81.6,27.9,81.9,31.0
"A0701","San Bernardino","Chino, Chino Hills","https://www.californiahealthmaps.org?address=A0701","Female","Urinary",144750,"","","",37045,"","","","","","","",78430,"","","",21100,"","","",3,62084,0.1,19.1,26.2,27.0,4.9,13.0,51.1,13.0,64.0,62.7,81.6,27.9,81.9,31.0
"A0701","San Bernardino","Chino, Chino Hills","https://www.californiahealthmaps.org?address=A0701","Male","Kidney",165670,25.7,15.2,42.4,43255,"","","",12100,"","","",87210,"","","",19265,"","","",3,62084,0.1,19.1,26.2,27.0,4.9,13.0,51.1,13.0,64.0,62.7,81.6,27.9,81.9,31.0
"A0701","San Bernardino","Chino, Chino Hills","https://www.californiahealthmaps.org?address=A0701","Female","Kidney",144750,12.4,6.9,21.2,37045,"","","","","","","",78430,"","","",21100,"","","",3,62084,0.1,19.1,26.2,27.0,4.9,13.0,51.1,13.0,64.0,62.7,81.6,27.9,81.9,31.0
"A0701","San Bernardino","Chino, Chino Hills","https://www.californiahealthmaps.org?address=A0701","Male","Thyroid",165670,"","","",43255,"","","",12100,"","","",87210,"","","",19265,"","","",3,62084,0.1,19.1,26.2,27.0,4.9,13.0,51.1,13.0,64.0,62.7,81.6,27.9,81.9,31.0
"A0701","San Bernardino","Chino, Chino Hills","https://www.californiahealthmaps.org?address=A0701","Female","Thyroid",144750,32.3,23.3,44.5,37045,"","","","","","","",78430,21.7,11.7,39.2,21100,"","","",3,62084,0.1,19.1,26.2,27.0,4.9,13.0,51.1,13.0,64.0,62.7,81.6,27.9,81.9,31.0
"A0701","San Bernardino","Chino, Chino Hills","https://www.californiahealthmaps.org?address=A0701","Male","Liver",165670,32.7,22.3,48.5,43255,"","","",12100,"","","",87210,45.9,27.2,78.2,19265,"","","",3,62084,0.1,19.1,26.2,27.0,4.9,13.0,51.1,13.0,64.0,62.7,81.6,27.9,81.9,31.0
"A0701","San Bernardino","Chino, Chino Hills","https://www.californiahealthmaps.org?address=A0701","Female","Liver",144750,"","","",37045,"","","","","","","",78430,"","","",21100,"","","",3,62084,0.1,19.1,26.2,27.0,4.9,13.0,51.1,13.0,64.0,62.7,81.6,27.9,81.9,31.0
"A0701","San Bernardino","Chino, Chino Hills","https://www.californiahealthmaps.org?address=A0701","Male","Pancreas",165670,"","","",43255,"","","",12100,"","","",87210,"","","",19265,"","","",3,62084,0.1,19.1,26.2,27.0,4.9,13.0,51.1,13.0,64.0,62.7,81.6,27.9,81.9,31.0
"A0701","San Bernardino","Chino, Chino Hills","https://www.californiahealthmaps.org?address=A0701","Female","Pancreas",144750,17.0,9.8,27.7,37045,"","","","","","","",78430,"","","",21100,"","","",3,62084,0.1,19.1,26.2,27.0,4.9,13.0,51.1,13.0,64.0,62.7,81.6,27.9,81.9,31.0
"A0701","San Bernardino","Chino, Chino Hills","https://www.californiahealthmaps.org?address=A0701","Both","AllSite",310420,497.3,467.1,529.3,80300,537.3,486.6,592.8,17275,816.7,621.5,1078.5,165640,455.9,410.8,505.2,40365,440.2,358.4,546.3,3,62084,0.1,19.1,26.2,27.0,4.9,13.0,51.1,13.0,64.0,62.7,81.6,27.9,81.9,31.0
"A0701","San Bernardino","Chino, Chino Hills","https://www.californiahealthmaps.org?address=A0701","Both","Lung",310420,52.8,42.5,65.1,80300,62.8,45.3,85.6,17275,"","","",165640,37.1,23.8,55.6,40365,73.3,40.5,136.1,3,62084,0.1,19.1,26.2,27.0,4.9,13.0,51.1,13.0,64.0,62.7,81.6,27.9,81.9,31.0
"A0701","San Bernardino","Chino, Chino Hills","https://www.californiahealthmaps.org?address=A0701","Both","CRC",310420,46.0,37.0,56.8,80300,46.5,32.6,65.5,17275,"","","",165640,52.4,37.9,71.6,40365,"","","",3,62084,0.1,19.1,26.2,27.0,4.9,13.0,51.1,13.0,64.0,62.7,81.6,27.9,81.9,31.0
"A0701","San Bernardino","Chino, Chino Hills","https://www.californiahealthmaps.org?address=A0701","Both","Mela",310420,16.7,11.7,23.5,80300,40.5,27.7,58.3,17275,"","","",165640,"","","",40365,"","","",3,62084,0.1,19.1,26.2,27.0,4.9,13.0,51.1,13.0,64.0,62.7,81.6,27.9,81.9,31.0
"A0701","San Bernardino","Chino, Chino Hills","https://www.californiahealthmaps.org?address=A0701","Both","Lymph",310420,21.0,15.1,28.7,80300,"","","",17275,"","","",165640,27.0,16.9,41.8,40365,"","","",3,62084,0.1,19.1,26.2,27.0,4.9,13.0,51.1,13.0,64.0,62.7,81.6,27.9,81.9,31.0
"A0701","San Bernardino","Chino, Chino Hills","https://www.californiahealthmaps.org?address=A0701","Both","Urinary",310420,13.9,9.0,20.7,80300,21.3,11.8,36.5,17275,"","","",165640,"","","",40365,"","","",3,62084,0.1,19.1,26.2,27.0,4.9,13.0,51.1,13.0,64.0,62.7,81.6,27.9,81.9,31.0
"A0701","San Bernardino","Chino, Chino Hills","https://www.californiahealthmaps.org?address=A0701","Both","Kidney",310420,17.4,12.1,24.5,80300,17.1,9.7,29.8,17275,"","","",165640,17.4,9.7,29.9,40365,"","","",3,62084,0.1,19.1,26.2,27.0,4.9,13.0,51.1,13.0,64.0,62.7,81.6,27.9,81.9,31.0
"A0701","San Bernardino","Chino, Chino Hills","https://www.californiahealthmaps.org?address=A0701","Both","Thyroid",310420,20.5,15.3,27.4,80300,19.4,11.5,32.2,17275,"","","",165640,14.7,8.3,25.7,40365,34.4,18.9,81.6,3,62084,0.1,19.1,26.2,27.0,4.9,13.0,51.1,13.0,64.0,62.7,81.6,27.9,81.9,31.0
"A0701","San Bernardino","Chino, Chino Hills","https://www.californiahealthmaps.org?address=A0701","Both","Liver",310420,20.0,14.5,27.4,80300,"","","",17275,"","","",165640,30.2,19.6,45.4,40365,"","","",3,62084,0.1,19.1,26.2,27.0,4.9,13.0,51.1,13.0,64.0,62.7,81.6,27.9,81.9,31.0
"A0701","San Bernardino","Chino, Chino Hills","https://www.californiahealthmaps.org?address=A0701","Both","Pancreas",310420,12.9,8.1,19.9,80300,"","","",17275,"","","",165640,"","","",40365,"","","",3,62084,0.1,19.1,26.2,27.0,4.9,13.0,51.1,13.0,64.0,62.7,81.6,27.9,81.9,31.0
