"Zone","Counties","Cities","URL","Sex","Cancer","PopTot","AAIR","LCI","UCI","White_PopTot","White_AAIR","White_LCI","White_UCI","Black_PopTot","Black_AAIR","Black_LCI","Black_UCI","Hispanic_PopTot","Hispanic_AAIR","Hispanic_LCI","Hispanic_UCI","Asian_PopTot","Asian_AAIR","Asian_LCI","Asian_UCI","QNSES","PopAll","PerRural","PerUninsured","PerForeignBorn","PerWhite","PerBlack","PerAsian","PerHispanic","PerAPI","PerDocvisit","PerFOBT","PerMammo","PerMenPrev","PerPap","PerWomenPrev"
"A0549","San Mateo","Millbrae, San Bruno","https://www.californiahealthmaps.org?address=A0549","Male","AllSite",138615,460.8,427.1,496.8,53465,468.2,422.7,520.4,"","","","",33830,481.5,382.7,603.4,43120,479.8,405.2,566.4,5,57188,0.0,11.0,37.1,38.6,1.7,31.4,24.5,31.4,"","","","","",""
"A0549","San Mateo","Millbrae, San Bruno","https://www.californiahealthmaps.org?address=A0549","Female","AllSite",147325,433.3,403.7,465.0,55635,455.2,410.1,507.5,"","","","",34590,364.2,298.2,441.7,49515,453.8,395.6,519.2,5,57188,0.0,11.0,37.1,38.6,1.7,31.4,24.5,31.4,"","","","","",""
"A0549","San Mateo","Millbrae, San Bruno","https://www.californiahealthmaps.org?address=A0549","Male","Prostate",138615,102.7,87.3,120.4,53465,95.6,76.5,122.1,"","","","",33830,129.4,82.0,201.2,43120,102.5,71.5,145.7,5,57188,0.0,11.0,37.1,38.6,1.7,31.4,24.5,31.4,"","","","","",""
"A0549","San Mateo","Millbrae, San Bruno","https://www.californiahealthmaps.org?address=A0549","Female","Breast",147325,150.7,133.2,170.2,55635,163.2,135.4,198.9,"","","","",34590,137.2,98.6,187.6,49515,153.1,121.0,192.5,5,57188,0.0,11.0,37.1,38.6,1.7,31.4,24.5,31.4,"","","","","",""
"A0549","San Mateo","Millbrae, San Bruno","https://www.californiahealthmaps.org?address=A0549","Male","Lung",138615,51.2,40.3,64.5,53465,45.3,32.6,65.9,"","","","",33830,"","","",43120,71.3,44.0,112.0,5,57188,0.0,11.0,37.1,38.6,1.7,31.4,24.5,31.4,"","","","","",""
"A0549","San Mateo","Millbrae, San Bruno","https://www.californiahealthmaps.org?address=A0549","Female","Lung",147325,46.8,37.7,58.0,55635,62.4,48.3,84.7,"","","","",34590,"","","",49515,"","","",5,57188,0.0,11.0,37.1,38.6,1.7,31.4,24.5,31.4,"","","","","",""
"A0549","San Mateo","Millbrae, San Bruno","https://www.californiahealthmaps.org?address=A0549","Male","CRC",138615,39.7,30.3,51.4,53465,38.4,26.3,58.7,"","","","",33830,"","","",43120,37.0,19.7,67.6,5,57188,0.0,11.0,37.1,38.6,1.7,31.4,24.5,31.4,"","","","","",""
"A0549","San Mateo","Millbrae, San Bruno","https://www.californiahealthmaps.org?address=A0549","Female","CRC",147325,27.8,20.9,36.8,55635,24.4,16.6,41.6,"","","","",34590,"","","",49515,36.2,21.0,59.4,5,57188,0.0,11.0,37.1,38.6,1.7,31.4,24.5,31.4,"","","","","",""
"A0549","San Mateo","Millbrae, San Bruno","https://www.californiahealthmaps.org?address=A0549","Male","Mela",138615,31.7,23.3,42.3,53465,54.7,39.7,77.6,"","","","",33830,"","","",43120,"","","",5,57188,0.0,11.0,37.1,38.6,1.7,31.4,24.5,31.4,"","","","","",""
"A0549","San Mateo","Millbrae, San Bruno","https://www.californiahealthmaps.org?address=A0549","Female","Mela",147325,13.4,8.7,20.3,55635,22.1,13.1,40.8,"","","","",34590,"","","",49515,"","","",5,57188,0.0,11.0,37.1,38.6,1.7,31.4,24.5,31.4,"","","","","",""
"A0549","San Mateo","Millbrae, San Bruno","https://www.californiahealthmaps.org?address=A0549","Female","Uterine",147325,35.5,27.3,46.0,55635,28.4,19.0,46.8,"","","","",34590,"","","",49515,42.4,26.5,66.2,5,57188,0.0,11.0,37.1,38.6,1.7,31.4,24.5,31.4,"","","","","",""
"A0549","San Mateo","Millbrae, San Bruno","https://www.californiahealthmaps.org?address=A0549","Male","Lymph",138615,25.1,17.6,35.0,53465,20.5,11.3,38.8,"","","","",33830,"","","",43120,"","","",5,57188,0.0,11.0,37.1,38.6,1.7,31.4,24.5,31.4,"","","","","",""
"A0549","San Mateo","Millbrae, San Bruno","https://www.californiahealthmaps.org?address=A0549","Female","Lymph",147325,13.6,8.9,20.7,55635,16.0,8.5,33.6,"","","","",34590,"","","",49515,"","","",5,57188,0.0,11.0,37.1,38.6,1.7,31.4,24.5,31.4,"","","","","",""
"A0549","San Mateo","Millbrae, San Bruno","https://www.californiahealthmaps.org?address=A0549","Male","Urinary",138615,15.9,10.3,24.0,53465,17.2,10.1,33.4,"","","","",33830,"","","",43120,"","","",5,57188,0.0,11.0,37.1,38.6,1.7,31.4,24.5,31.4,"","","","","",""
"A0549","San Mateo","Millbrae, San Bruno","https://www.californiahealthmaps.org?address=A0549","Female","Urinary",147325,"","","",55635,"","","","","","","",34590,"","","",49515,"","","",5,57188,0.0,11.0,37.1,38.6,1.7,31.4,24.5,31.4,"","","","","",""
"A0549","San Mateo","Millbrae, San Bruno","https://www.californiahealthmaps.org?address=A0549","Male","Kidney",138615,21.1,14.5,30.2,53465,23.6,14.7,41.2,"","","","",33830,"","","",43120,"","","",5,57188,0.0,11.0,37.1,38.6,1.7,31.4,24.5,31.4,"","","","","",""
"A0549","San Mateo","Millbrae, San Bruno","https://www.californiahealthmaps.org?address=A0549","Female","Kidney",147325,10.5,6.3,17.0,55635,"","","","","","","",34590,"","","",49515,"","","",5,57188,0.0,11.0,37.1,38.6,1.7,31.4,24.5,31.4,"","","","","",""
"A0549","San Mateo","Millbrae, San Bruno","https://www.californiahealthmaps.org?address=A0549","Male","Thyroid",138615,"","","",53465,"","","","","","","",33830,"","","",43120,"","","",5,57188,0.0,11.0,37.1,38.6,1.7,31.4,24.5,31.4,"","","","","",""
"A0549","San Mateo","Millbrae, San Bruno","https://www.californiahealthmaps.org?address=A0549","Female","Thyroid",147325,24.8,17.5,34.5,55635,25.3,13.2,47.8,"","","","",34590,"","","",49515,29.6,17.1,49.9,5,57188,0.0,11.0,37.1,38.6,1.7,31.4,24.5,31.4,"","","","","",""
"A0549","San Mateo","Millbrae, San Bruno","https://www.californiahealthmaps.org?address=A0549","Male","Liver",138615,19.1,12.8,27.8,53465,"","","","","","","",33830,"","","",43120,"","","",5,57188,0.0,11.0,37.1,38.6,1.7,31.4,24.5,31.4,"","","","","",""
"A0549","San Mateo","Millbrae, San Bruno","https://www.californiahealthmaps.org?address=A0549","Female","Liver",147325,"","","",55635,"","","","","","","",34590,"","","",49515,"","","",5,57188,0.0,11.0,37.1,38.6,1.7,31.4,24.5,31.4,"","","","","",""
"A0549","San Mateo","Millbrae, San Bruno","https://www.californiahealthmaps.org?address=A0549","Male","Pancreas",138615,15.6,10.0,23.7,53465,17.2,9.4,34.2,"","","","",33830,"","","",43120,"","","",5,57188,0.0,11.0,37.1,38.6,1.7,31.4,24.5,31.4,"","","","","",""
"A0549","San Mateo","Millbrae, San Bruno","https://www.californiahealthmaps.org?address=A0549","Female","Pancreas",147325,10.0,6.3,16.1,55635,"","","","","","","",34590,"","","",49515,"","","",5,57188,0.0,11.0,37.1,38.6,1.7,31.4,24.5,31.4,"","","","","",""
"A0549","San Mateo","Millbrae, San Bruno","https://www.californiahealthmaps.org?address=A0549","Both","AllSite",285940,440.5,418.4,463.5,109100,454.5,422.8,489.4,"","","","",68420,406.6,351.6,468.4,92635,464.8,418.3,515.6,5,57188,0.0,11.0,37.1,38.6,1.7,31.4,24.5,31.4,"","","","","",""
"A0549","San Mateo","Millbrae, San Bruno","https://www.californiahealthmaps.org?address=A0549","Both","Lung",285940,48.8,41.7,57.0,109100,54.4,44.7,67.7,"","","","",68420,32.7,18.5,54.5,92635,46.9,32.0,66.5,5,57188,0.0,11.0,37.1,38.6,1.7,31.4,24.5,31.4,"","","","","",""
"A0549","San Mateo","Millbrae, San Bruno","https://www.californiahealthmaps.org?address=A0549","Both","CRC",285940,33.1,27.4,40.0,109100,31.1,23.8,42.3,"","","","",68420,26.0,14.3,44.8,92635,36.6,24.7,52.9,5,57188,0.0,11.0,37.1,38.6,1.7,31.4,24.5,31.4,"","","","","",""
"A0549","San Mateo","Millbrae, San Bruno","https://www.californiahealthmaps.org?address=A0549","Both","Mela",285940,20.8,16.3,26.4,109100,36.5,27.8,49.1,"","","","",68420,"","","",92635,"","","",5,57188,0.0,11.0,37.1,38.6,1.7,31.4,24.5,31.4,"","","","","",""
"A0549","San Mateo","Millbrae, San Bruno","https://www.californiahealthmaps.org?address=A0549","Both","Lymph",285940,18.8,14.4,24.3,109100,17.9,11.7,28.3,"","","","",68420,"","","",92635,20.4,12.0,33.2,5,57188,0.0,11.0,37.1,38.6,1.7,31.4,24.5,31.4,"","","","","",""
"A0549","San Mateo","Millbrae, San Bruno","https://www.californiahealthmaps.org?address=A0549","Both","Urinary",285940,8.8,6.0,12.6,109100,9.7,6.1,17.7,"","","","",68420,"","","",92635,"","","",5,57188,0.0,11.0,37.1,38.6,1.7,31.4,24.5,31.4,"","","","","",""
"A0549","San Mateo","Millbrae, San Bruno","https://www.californiahealthmaps.org?address=A0549","Both","Kidney",285940,15.1,11.2,20.0,109100,14.0,9.2,23.1,"","","","",68420,"","","",92635,"","","",5,57188,0.0,11.0,37.1,38.6,1.7,31.4,24.5,31.4,"","","","","",""
"A0549","San Mateo","Millbrae, San Bruno","https://www.californiahealthmaps.org?address=A0549","Both","Thyroid",285940,15.3,11.2,20.6,109100,14.4,8.0,25.5,"","","","",68420,"","","",92635,19.1,11.5,31.0,5,57188,0.0,11.0,37.1,38.6,1.7,31.4,24.5,31.4,"","","","","",""
"A0549","San Mateo","Millbrae, San Bruno","https://www.californiahealthmaps.org?address=A0549","Both","Liver",285940,11.5,8.1,15.9,109100,8.5,4.9,16.7,"","","","",68420,"","","",92635,17.3,9.4,29.8,5,57188,0.0,11.0,37.1,38.6,1.7,31.4,24.5,31.4,"","","","","",""
"A0549","San Mateo","Millbrae, San Bruno","https://www.californiahealthmaps.org?address=A0549","Both","Pancreas",285940,12.5,9.1,16.9,109100,13.3,8.5,22.4,"","","","",68420,"","","",92635,20.0,11.0,33.7,5,57188,0.0,11.0,37.1,38.6,1.7,31.4,24.5,31.4,"","","","","",""
