"Zone","Counties","Cities","URL","Sex","Cancer","PopTot","AAIR","LCI","UCI","White_PopTot","White_AAIR","White_LCI","White_UCI","Black_PopTot","Black_AAIR","Black_LCI","Black_UCI","Hispanic_PopTot","Hispanic_AAIR","Hispanic_LCI","Hispanic_UCI","Asian_PopTot","Asian_AAIR","Asian_LCI","Asian_UCI","QNSES","PopAll","PerRural","PerUninsured","PerForeignBorn","PerWhite","PerBlack","PerAsian","PerHispanic"
"A0020","Los Angeles","Santa Monica","https://www.californiahealthmaps.org?address=A0020","Male","AllSite",144100,491.9,456.9,529.8,105940,485.2,446.2,528.7,"","","","",15695,437.4,315.9,595.4,10605,500.2,350.0,701.6,5,59819,0.0,10.8,23.7,71.1,4.2,9.3,11.9
"A0020","Los Angeles","Santa Monica","https://www.californiahealthmaps.org?address=A0020","Female","AllSite",154995,463.0,432.0,496.8,109775,466.0,429.7,506.8,"","","","",17920,390.1,301.0,499.8,15060,447.4,344.3,587.9,5,59819,0.0,10.8,23.7,71.1,4.2,9.3,11.9
"A0020","Los Angeles","Santa Monica","https://www.californiahealthmaps.org?address=A0020","Male","Prostate",144100,118.4,101.6,138.3,105940,112.8,94.6,135.8,"","","","",15695,"","","",10605,"","","",5,59819,0.0,10.8,23.7,71.1,4.2,9.3,11.9
"A0020","Los Angeles","Santa Monica","https://www.californiahealthmaps.org?address=A0020","Female","Breast",154995,144.9,127.9,164.7,109775,144.3,124.7,168.7,"","","","",17920,111.0,66.7,176.8,15060,197.3,132.2,302.4,5,59819,0.0,10.8,23.7,71.1,4.2,9.3,11.9
"A0020","Los Angeles","Santa Monica","https://www.californiahealthmaps.org?address=A0020","Male","Lung",144100,51.5,40.5,65.7,105940,46.4,34.9,62.9,"","","","",15695,"","","",10605,"","","",5,59819,0.0,10.8,23.7,71.1,4.2,9.3,11.9
"A0020","Los Angeles","Santa Monica","https://www.californiahealthmaps.org?address=A0020","Female","Lung",154995,47.0,37.9,59.2,109775,47.9,37.4,63.6,"","","","",17920,"","","",15060,"","","",5,59819,0.0,10.8,23.7,71.1,4.2,9.3,11.9
"A0020","Los Angeles","Santa Monica","https://www.californiahealthmaps.org?address=A0020","Male","CRC",144100,43.4,33.5,56.5,105940,43.5,32.3,59.7,"","","","",15695,"","","",10605,"","","",5,59819,0.0,10.8,23.7,71.1,4.2,9.3,11.9
"A0020","Los Angeles","Santa Monica","https://www.californiahealthmaps.org?address=A0020","Female","CRC",154995,29.7,22.1,40.3,109775,25.5,17.9,38.9,"","","","",17920,"","","",15060,"","","",5,59819,0.0,10.8,23.7,71.1,4.2,9.3,11.9
"A0020","Los Angeles","Santa Monica","https://www.californiahealthmaps.org?address=A0020","Male","Mela",144100,39.3,30.2,51.4,105940,40.8,30.5,56.1,"","","","",15695,"","","",10605,"","","",5,59819,0.0,10.8,23.7,71.1,4.2,9.3,11.9
"A0020","Los Angeles","Santa Monica","https://www.californiahealthmaps.org?address=A0020","Female","Mela",154995,18.3,12.8,27.1,109775,19.9,13.2,32.6,"","","","",17920,"","","",15060,"","","",5,59819,0.0,10.8,23.7,71.1,4.2,9.3,11.9
"A0020","Los Angeles","Santa Monica","https://www.californiahealthmaps.org?address=A0020","Female","Uterine",154995,28.2,21.2,38.3,109775,27.5,19.7,40.9,"","","","",17920,"","","",15060,"","","",5,59819,0.0,10.8,23.7,71.1,4.2,9.3,11.9
"A0020","Los Angeles","Santa Monica","https://www.californiahealthmaps.org?address=A0020","Male","Lymph",144100,32.4,24.0,44.0,105940,33.8,24.3,48.4,"","","","",15695,"","","",10605,"","","",5,59819,0.0,10.8,23.7,71.1,4.2,9.3,11.9
"A0020","Los Angeles","Santa Monica","https://www.californiahealthmaps.org?address=A0020","Female","Lymph",154995,24.6,17.8,34.5,109775,26.5,17.9,40.9,"","","","",17920,"","","",15060,"","","",5,59819,0.0,10.8,23.7,71.1,4.2,9.3,11.9
"A0020","Los Angeles","Santa Monica","https://www.californiahealthmaps.org?address=A0020","Male","Urinary",144100,12.6,7.5,21.3,105940,12.9,7.3,24.4,"","","","",15695,"","","",10605,"","","",5,59819,0.0,10.8,23.7,71.1,4.2,9.3,11.9
"A0020","Los Angeles","Santa Monica","https://www.californiahealthmaps.org?address=A0020","Female","Urinary",154995,4.8,2.4,11.0,109775,"","","","","","","",17920,"","","",15060,"","","",5,59819,0.0,10.8,23.7,71.1,4.2,9.3,11.9
"A0020","Los Angeles","Santa Monica","https://www.californiahealthmaps.org?address=A0020","Male","Kidney",144100,20.1,13.4,30.0,105940,19.0,11.9,31.7,"","","","",15695,"","","",10605,"","","",5,59819,0.0,10.8,23.7,71.1,4.2,9.3,11.9
"A0020","Los Angeles","Santa Monica","https://www.californiahealthmaps.org?address=A0020","Female","Kidney",154995,6.3,3.2,13.0,109775,"","","","","","","",17920,"","","",15060,"","","",5,59819,0.0,10.8,23.7,71.1,4.2,9.3,11.9
"A0020","Los Angeles","Santa Monica","https://www.californiahealthmaps.org?address=A0020","Male","Thyroid",144100,12.5,7.9,20.5,105940,14.1,8.5,25.3,"","","","",15695,"","","",10605,"","","",5,59819,0.0,10.8,23.7,71.1,4.2,9.3,11.9
"A0020","Los Angeles","Santa Monica","https://www.californiahealthmaps.org?address=A0020","Female","Thyroid",154995,34.7,26.3,46.2,109775,36.0,25.7,52.1,"","","","",17920,"","","",15060,"","","",5,59819,0.0,10.8,23.7,71.1,4.2,9.3,11.9
"A0020","Los Angeles","Santa Monica","https://www.californiahealthmaps.org?address=A0020","Both","AllSite",299095,469.9,447.0,494.2,215715,467.8,441.6,496.1,11685,636.3,503.0,805.0,33615,397.1,326.4,479.6,25665,466.0,378.8,573.6,5,59819,0.0,10.8,23.7,71.1,4.2,9.3,11.9
"A0020","Los Angeles","Santa Monica","https://www.californiahealthmaps.org?address=A0020","Both","Lung",299095,48.8,41.7,57.4,215715,46.9,39.1,57.1,11685,"","","",33615,62.4,35.5,102.6,25665,"","","",5,59819,0.0,10.8,23.7,71.1,4.2,9.3,11.9
"A0020","Los Angeles","Santa Monica","https://www.californiahealthmaps.org?address=A0020","Both","CRC",299095,36.2,30.0,43.9,215715,34.3,27.6,43.6,11685,"","","",33615,"","","",25665,"","","",5,59819,0.0,10.8,23.7,71.1,4.2,9.3,11.9
"A0020","Los Angeles","Santa Monica","https://www.californiahealthmaps.org?address=A0020","Both","Mela",299095,27.3,22.1,33.8,215715,28.6,22.7,37.1,11685,"","","",33615,"","","",25665,"","","",5,59819,0.0,10.8,23.7,71.1,4.2,9.3,11.9
"A0020","Los Angeles","Santa Monica","https://www.californiahealthmaps.org?address=A0020","Both","Lymph",299095,27.8,22.5,34.6,215715,29.4,23.0,38.3,11685,"","","",33615,"","","",25665,"","","",5,59819,0.0,10.8,23.7,71.1,4.2,9.3,11.9
"A0020","Los Angeles","Santa Monica","https://www.californiahealthmaps.org?address=A0020","Both","Urinary",299095,8.1,5.4,12.4,215715,8.4,5.4,14.3,11685,"","","",33615,"","","",25665,"","","",5,59819,0.0,10.8,23.7,71.1,4.2,9.3,11.9
"A0020","Los Angeles","Santa Monica","https://www.californiahealthmaps.org?address=A0020","Both","Kidney",299095,12.3,8.8,17.3,215715,12.4,8.5,19.1,11685,"","","",33615,"","","",25665,"","","",5,59819,0.0,10.8,23.7,71.1,4.2,9.3,11.9
"A0020","Los Angeles","Santa Monica","https://www.californiahealthmaps.org?address=A0020","Both","Thyroid",299095,24.0,19.0,30.4,215715,25.1,19.1,33.7,11685,"","","",33615,"","","",25665,"","","",5,59819,0.0,10.8,23.7,71.1,4.2,9.3,11.9
