"Zone","Counties","Cities","URL","Sex","Cancer","PopTot","AAIR","LCI","UCI","White_PopTot","White_AAIR","White_LCI","White_UCI","Black_PopTot","Black_AAIR","Black_LCI","Black_UCI","Hispanic_PopTot","Hispanic_AAIR","Hispanic_LCI","Hispanic_UCI","Asian_PopTot","Asian_AAIR","Asian_LCI","Asian_UCI","QNSES","PopAll","PerRural","PerUninsured","PerForeignBorn","PerWhite","PerBlack","PerAsian","PerHispanic","PerAPI","PerDocvisit","PerFOBT","PerMammo","PerMenPrev","PerPap","PerWomenPrev"
"A0732","Riverside","Palm Desert, La Quinta, Indio, Indian Wells","https://www.californiahealthmaps.org?address=A0732","Male","AllSite",157095,469.2,443.5,496.9,103500,457.1,427.0,491.9,"","","","",44865,489.1,398.0,600.4,"","","","",4,65925,3.7,11.3,14.9,66.2,1.4,4.2,26.8,4.2,"","","","","",""
"A0732","Riverside","Palm Desert, La Quinta, Indio, Indian Wells","https://www.californiahealthmaps.org?address=A0732","Female","AllSite",172530,415.1,389.8,442.4,116055,404.0,372.7,439.9,"","","","",46635,448.8,376.9,531.9,"","","","",4,65925,3.7,11.3,14.9,66.2,1.4,4.2,26.8,4.2,"","","","","",""
"A0732","Riverside","Palm Desert, La Quinta, Indio, Indian Wells","https://www.californiahealthmaps.org?address=A0732","Male","Prostate",157095,119.1,107.2,133.1,103500,105.1,93.2,122.0,"","","","",44865,149.5,101.8,218.6,"","","","",4,65925,3.7,11.3,14.9,66.2,1.4,4.2,26.8,4.2,"","","","","",""
"A0732","Riverside","Palm Desert, La Quinta, Indio, Indian Wells","https://www.californiahealthmaps.org?address=A0732","Female","Breast",172530,128.0,114.0,144.1,116055,117.3,100.9,138.7,"","","","",46635,173.0,130.3,227.2,"","","","",4,65925,3.7,11.3,14.9,66.2,1.4,4.2,26.8,4.2,"","","","","",""
"A0732","Riverside","Palm Desert, La Quinta, Indio, Indian Wells","https://www.californiahealthmaps.org?address=A0732","Male","Lung",157095,47.7,40.5,57.1,103500,46.4,39.0,59.5,"","","","",44865,"","","","","","","",4,65925,3.7,11.3,14.9,66.2,1.4,4.2,26.8,4.2,"","","","","",""
"A0732","Riverside","Palm Desert, La Quinta, Indio, Indian Wells","https://www.californiahealthmaps.org?address=A0732","Female","Lung",172530,52.1,44.8,61.4,116055,54.5,45.5,68.9,"","","","",46635,"","","","","","","",4,65925,3.7,11.3,14.9,66.2,1.4,4.2,26.8,4.2,"","","","","",""
"A0732","Riverside","Palm Desert, La Quinta, Indio, Indian Wells","https://www.californiahealthmaps.org?address=A0732","Male","CRC",157095,38.4,30.9,48.3,103500,39.7,29.5,55.9,"","","","",44865,"","","","","","","",4,65925,3.7,11.3,14.9,66.2,1.4,4.2,26.8,4.2,"","","","","",""
"A0732","Riverside","Palm Desert, La Quinta, Indio, Indian Wells","https://www.californiahealthmaps.org?address=A0732","Female","CRC",172530,30.4,24.1,38.8,116055,31.6,24.4,44.7,"","","","",46635,"","","","","","","",4,65925,3.7,11.3,14.9,66.2,1.4,4.2,26.8,4.2,"","","","","",""
"A0732","Riverside","Palm Desert, La Quinta, Indio, Indian Wells","https://www.californiahealthmaps.org?address=A0732","Male","Mela",157095,47.0,39.1,57.2,103500,52.2,42.0,68.0,"","","","",44865,"","","","","","","",4,65925,3.7,11.3,14.9,66.2,1.4,4.2,26.8,4.2,"","","","","",""
"A0732","Riverside","Palm Desert, La Quinta, Indio, Indian Wells","https://www.californiahealthmaps.org?address=A0732","Female","Mela",172530,31.8,24.8,41.0,116055,40.4,29.6,57.2,"","","","",46635,"","","","","","","",4,65925,3.7,11.3,14.9,66.2,1.4,4.2,26.8,4.2,"","","","","",""
"A0732","Riverside","Palm Desert, La Quinta, Indio, Indian Wells","https://www.californiahealthmaps.org?address=A0732","Female","Uterine",172530,20.7,15.2,28.6,116055,20.2,13.4,33.5,"","","","",46635,"","","","","","","",4,65925,3.7,11.3,14.9,66.2,1.4,4.2,26.8,4.2,"","","","","",""
"A0732","Riverside","Palm Desert, La Quinta, Indio, Indian Wells","https://www.californiahealthmaps.org?address=A0732","Male","Lymph",157095,17.9,13.3,25.0,103500,17.1,11.6,29.4,"","","","",44865,"","","","","","","",4,65925,3.7,11.3,14.9,66.2,1.4,4.2,26.8,4.2,"","","","","",""
"A0732","Riverside","Palm Desert, La Quinta, Indio, Indian Wells","https://www.californiahealthmaps.org?address=A0732","Female","Lymph",172530,19.0,13.6,26.9,116055,18.4,11.4,32.1,"","","","",46635,"","","","","","","",4,65925,3.7,11.3,14.9,66.2,1.4,4.2,26.8,4.2,"","","","","",""
"A0732","Riverside","Palm Desert, La Quinta, Indio, Indian Wells","https://www.californiahealthmaps.org?address=A0732","Male","Urinary",157095,19.8,15.1,26.8,103500,19.3,14.6,30.6,"","","","",44865,"","","","","","","",4,65925,3.7,11.3,14.9,66.2,1.4,4.2,26.8,4.2,"","","","","",""
"A0732","Riverside","Palm Desert, La Quinta, Indio, Indian Wells","https://www.californiahealthmaps.org?address=A0732","Female","Urinary",172530,4.0,2.2,8.6,116055,"","","","","","","",46635,"","","","","","","",4,65925,3.7,11.3,14.9,66.2,1.4,4.2,26.8,4.2,"","","","","",""
"A0732","Riverside","Palm Desert, La Quinta, Indio, Indian Wells","https://www.californiahealthmaps.org?address=A0732","Male","Kidney",157095,20.5,14.8,28.8,103500,19.1,12.4,32.3,"","","","",44865,"","","","","","","",4,65925,3.7,11.3,14.9,66.2,1.4,4.2,26.8,4.2,"","","","","",""
"A0732","Riverside","Palm Desert, La Quinta, Indio, Indian Wells","https://www.californiahealthmaps.org?address=A0732","Female","Kidney",172530,5.4,2.8,10.6,116055,"","","","","","","",46635,"","","","","","","",4,65925,3.7,11.3,14.9,66.2,1.4,4.2,26.8,4.2,"","","","","",""
"A0732","Riverside","Palm Desert, La Quinta, Indio, Indian Wells","https://www.californiahealthmaps.org?address=A0732","Male","Thyroid",157095,4.8,2.7,9.9,103500,"","","","","","","",44865,"","","","","","","",4,65925,3.7,11.3,14.9,66.2,1.4,4.2,26.8,4.2,"","","","","",""
"A0732","Riverside","Palm Desert, La Quinta, Indio, Indian Wells","https://www.californiahealthmaps.org?address=A0732","Female","Thyroid",172530,20.0,13.6,29.0,116055,20.6,11.3,37.0,"","","","",46635,"","","","","","","",4,65925,3.7,11.3,14.9,66.2,1.4,4.2,26.8,4.2,"","","","","",""
"A0732","Riverside","Palm Desert, La Quinta, Indio, Indian Wells","https://www.californiahealthmaps.org?address=A0732","Male","Liver",157095,10.6,7.0,16.9,103500,9.7,6.3,20.5,"","","","",44865,"","","","","","","",4,65925,3.7,11.3,14.9,66.2,1.4,4.2,26.8,4.2,"","","","","",""
"A0732","Riverside","Palm Desert, La Quinta, Indio, Indian Wells","https://www.californiahealthmaps.org?address=A0732","Female","Liver",172530,"","","",116055,"","","","","","","",46635,"","","","","","","",4,65925,3.7,11.3,14.9,66.2,1.4,4.2,26.8,4.2,"","","","","",""
"A0732","Riverside","Palm Desert, La Quinta, Indio, Indian Wells","https://www.californiahealthmaps.org?address=A0732","Male","Pancreas",157095,15.1,11.2,21.3,103500,14.7,10.9,25.5,"","","","",44865,"","","","","","","",4,65925,3.7,11.3,14.9,66.2,1.4,4.2,26.8,4.2,"","","","","",""
"A0732","Riverside","Palm Desert, La Quinta, Indio, Indian Wells","https://www.californiahealthmaps.org?address=A0732","Female","Pancreas",172530,14.0,10.0,20.3,116055,12.5,9.0,22.9,"","","","",46635,"","","","","","","",4,65925,3.7,11.3,14.9,66.2,1.4,4.2,26.8,4.2,"","","","","",""
"A0732","Riverside","Palm Desert, La Quinta, Indio, Indian Wells","https://www.californiahealthmaps.org?address=A0732","Both","AllSite",329625,440.6,422.5,459.7,219555,429.9,408.0,454.0,"","","","",91500,461.1,404.5,524.6,"","","","",4,65925,3.7,11.3,14.9,66.2,1.4,4.2,26.8,4.2,"","","","","",""
"A0732","Riverside","Palm Desert, La Quinta, Indio, Indian Wells","https://www.californiahealthmaps.org?address=A0732","Both","Lung",329625,49.8,44.6,55.9,219555,50.4,44.5,58.8,"","","","",91500,57.2,36.6,86.2,"","","","",4,65925,3.7,11.3,14.9,66.2,1.4,4.2,26.8,4.2,"","","","","",""
"A0732","Riverside","Palm Desert, La Quinta, Indio, Indian Wells","https://www.californiahealthmaps.org?address=A0732","Both","CRC",329625,34.2,29.2,40.2,219555,35.7,29.3,44.7,"","","","",91500,27.9,16.2,47.2,"","","","",4,65925,3.7,11.3,14.9,66.2,1.4,4.2,26.8,4.2,"","","","","",""
"A0732","Riverside","Palm Desert, La Quinta, Indio, Indian Wells","https://www.californiahealthmaps.org?address=A0732","Both","Mela",329625,39.0,33.7,45.4,219555,46.1,38.5,56.2,"","","","",91500,"","","","","","","",4,65925,3.7,11.3,14.9,66.2,1.4,4.2,26.8,4.2,"","","","","",""
"A0732","Riverside","Palm Desert, La Quinta, Indio, Indian Wells","https://www.californiahealthmaps.org?address=A0732","Both","Lymph",329625,18.7,15.0,23.5,219555,17.9,13.2,25.6,"","","","",91500,28.3,15.7,48.8,"","","","",4,65925,3.7,11.3,14.9,66.2,1.4,4.2,26.8,4.2,"","","","","",""
"A0732","Riverside","Palm Desert, La Quinta, Indio, Indian Wells","https://www.californiahealthmaps.org?address=A0732","Both","Urinary",329625,11.4,8.9,14.9,219555,10.8,8.4,16.3,"","","","",91500,"","","","","","","",4,65925,3.7,11.3,14.9,66.2,1.4,4.2,26.8,4.2,"","","","","",""
"A0732","Riverside","Palm Desert, La Quinta, Indio, Indian Wells","https://www.californiahealthmaps.org?address=A0732","Both","Kidney",329625,12.4,9.3,16.7,219555,12.2,8.1,19.5,"","","","",91500,"","","","","","","",4,65925,3.7,11.3,14.9,66.2,1.4,4.2,26.8,4.2,"","","","","",""
"A0732","Riverside","Palm Desert, La Quinta, Indio, Indian Wells","https://www.californiahealthmaps.org?address=A0732","Both","Thyroid",329625,12.9,9.3,17.8,219555,12.9,7.9,21.3,"","","","",91500,"","","","","","","",4,65925,3.7,11.3,14.9,66.2,1.4,4.2,26.8,4.2,"","","","","",""
"A0732","Riverside","Palm Desert, La Quinta, Indio, Indian Wells","https://www.californiahealthmaps.org?address=A0732","Both","Liver",329625,5.9,4.1,9.0,219555,5.6,3.9,10.8,"","","","",91500,"","","","","","","",4,65925,3.7,11.3,14.9,66.2,1.4,4.2,26.8,4.2,"","","","","",""
"A0732","Riverside","Palm Desert, La Quinta, Indio, Indian Wells","https://www.californiahealthmaps.org?address=A0732","Both","Pancreas",329625,14.6,11.7,18.5,219555,13.6,11.0,19.3,"","","","",91500,"","","","","","","",4,65925,3.7,11.3,14.9,66.2,1.4,4.2,26.8,4.2,"","","","","",""
