"Zone","Counties","Cities","URL","Sex","Cancer","PopTot","AAIR","LCI","UCI","White_PopTot","White_AAIR","White_LCI","White_UCI","Black_PopTot","Black_AAIR","Black_LCI","Black_UCI","Hispanic_PopTot","Hispanic_AAIR","Hispanic_LCI","Hispanic_UCI","Asian_PopTot","Asian_AAIR","Asian_LCI","Asian_UCI","QNSES","PopAll","PerRural","PerUninsured","PerForeignBorn","PerWhite","PerBlack","PerAsian","PerHispanic","PerAPI","PerDocvisit","PerFOBT","PerMammo","PerMenPrev","PerPap","PerWomenPrev"
"A0495","Ventura","Simi Valley","https://www.californiahealthmaps.org?address=A0495","Male","AllSite",144425,479.8,439.9,522.8,93435,482.3,436.5,532.0,"","","","",30950,412.6,309.1,547.7,13110,450.2,318.5,623.7,4,58982,2.0,12.3,19.5,62.2,1.4,9.6,22.2,9.6,"","","","","",""
"A0495","Ventura","Simi Valley","https://www.californiahealthmaps.org?address=A0495","Female","AllSite",150485,450.4,417.6,485.4,96405,480.5,440.4,524.1,"","","","",32260,346.9,273.7,436.4,15030,379.8,282.8,504.8,4,58982,2.0,12.3,19.5,62.2,1.4,9.6,22.2,9.6,"","","","","",""
"A0495","Ventura","Simi Valley","https://www.californiahealthmaps.org?address=A0495","Male","Prostate",144425,103.6,86.3,123.8,93435,97.0,78.3,119.6,"","","","",30950,115.6,64.2,201.6,13110,"","","",4,58982,2.0,12.3,19.5,62.2,1.4,9.6,22.2,9.6,"","","","","",""
"A0495","Ventura","Simi Valley","https://www.californiahealthmaps.org?address=A0495","Female","Breast",150485,140.6,122.9,160.4,96405,149.1,127.7,174.0,"","","","",32260,105.9,67.3,162.0,15030,172.4,111.2,262.1,4,58982,2.0,12.3,19.5,62.2,1.4,9.6,22.2,9.6,"","","","","",""
"A0495","Ventura","Simi Valley","https://www.californiahealthmaps.org?address=A0495","Male","Lung",144425,56.4,42.4,73.8,93435,58.5,42.7,78.5,"","","","",30950,"","","",13110,"","","",4,58982,2.0,12.3,19.5,62.2,1.4,9.6,22.2,9.6,"","","","","",""
"A0495","Ventura","Simi Valley","https://www.californiahealthmaps.org?address=A0495","Female","Lung",150485,44.8,34.5,57.4,96405,49.5,37.1,65.6,"","","","",32260,"","","",15030,"","","",4,58982,2.0,12.3,19.5,62.2,1.4,9.6,22.2,9.6,"","","","","",""
"A0495","Ventura","Simi Valley","https://www.californiahealthmaps.org?address=A0495","Male","CRC",144425,37.1,26.6,50.8,93435,36.8,25.1,52.8,"","","","",30950,"","","",13110,"","","",4,58982,2.0,12.3,19.5,62.2,1.4,9.6,22.2,9.6,"","","","","",""
"A0495","Ventura","Simi Valley","https://www.californiahealthmaps.org?address=A0495","Female","CRC",150485,30.8,22.8,41.1,96405,34.1,24.3,47.7,"","","","",32260,"","","",15030,"","","",4,58982,2.0,12.3,19.5,62.2,1.4,9.6,22.2,9.6,"","","","","",""
"A0495","Ventura","Simi Valley","https://www.californiahealthmaps.org?address=A0495","Male","Mela",144425,35.0,24.7,48.5,93435,40.1,27.6,56.9,"","","","",30950,"","","",13110,"","","",4,58982,2.0,12.3,19.5,62.2,1.4,9.6,22.2,9.6,"","","","","",""
"A0495","Ventura","Simi Valley","https://www.californiahealthmaps.org?address=A0495","Female","Mela",150485,26.5,19.0,36.4,96405,27.7,18.2,41.2,"","","","",32260,"","","",15030,"","","",4,58982,2.0,12.3,19.5,62.2,1.4,9.6,22.2,9.6,"","","","","",""
"A0495","Ventura","Simi Valley","https://www.californiahealthmaps.org?address=A0495","Female","Uterine",150485,31.7,23.4,42.3,96405,33.3,23.4,47.1,"","","","",32260,"","","",15030,"","","",4,58982,2.0,12.3,19.5,62.2,1.4,9.6,22.2,9.6,"","","","","",""
"A0495","Ventura","Simi Valley","https://www.californiahealthmaps.org?address=A0495","Male","Lymph",144425,37.3,26.3,51.8,93435,38.9,26.3,55.9,"","","","",30950,"","","",13110,"","","",4,58982,2.0,12.3,19.5,62.2,1.4,9.6,22.2,9.6,"","","","","",""
"A0495","Ventura","Simi Valley","https://www.californiahealthmaps.org?address=A0495","Female","Lymph",150485,12.8,8.0,19.8,96405,14.2,8.5,23.8,"","","","",32260,"","","",15030,"","","",4,58982,2.0,12.3,19.5,62.2,1.4,9.6,22.2,9.6,"","","","","",""
"A0495","Ventura","Simi Valley","https://www.californiahealthmaps.org?address=A0495","Male","Urinary",144425,23.8,14.9,36.3,93435,27.1,16.6,42.1,"","","","",30950,"","","",13110,"","","",4,58982,2.0,12.3,19.5,62.2,1.4,9.6,22.2,9.6,"","","","","",""
"A0495","Ventura","Simi Valley","https://www.californiahealthmaps.org?address=A0495","Female","Urinary",150485,"","","",96405,"","","","","","","",32260,"","","",15030,"","","",4,58982,2.0,12.3,19.5,62.2,1.4,9.6,22.2,9.6,"","","","","",""
"A0495","Ventura","Simi Valley","https://www.californiahealthmaps.org?address=A0495","Male","Kidney",144425,23.1,15.4,33.9,93435,22.7,14.0,35.5,"","","","",30950,"","","",13110,"","","",4,58982,2.0,12.3,19.5,62.2,1.4,9.6,22.2,9.6,"","","","","",""
"A0495","Ventura","Simi Valley","https://www.californiahealthmaps.org?address=A0495","Female","Kidney",150485,"","","",96405,"","","","","","","",32260,"","","",15030,"","","",4,58982,2.0,12.3,19.5,62.2,1.4,9.6,22.2,9.6,"","","","","",""
"A0495","Ventura","Simi Valley","https://www.californiahealthmaps.org?address=A0495","Male","Thyroid",144425,"","","",93435,"","","","","","","",30950,"","","",13110,"","","",4,58982,2.0,12.3,19.5,62.2,1.4,9.6,22.2,9.6,"","","","","",""
"A0495","Ventura","Simi Valley","https://www.californiahealthmaps.org?address=A0495","Female","Thyroid",150485,32.9,24.4,43.7,96405,30.2,20.6,43.7,"","","","",32260,"","","",15030,"","","",4,58982,2.0,12.3,19.5,62.2,1.4,9.6,22.2,9.6,"","","","","",""
"A0495","Ventura","Simi Valley","https://www.californiahealthmaps.org?address=A0495","Male","Liver",144425,"","","",93435,"","","","","","","",30950,"","","",13110,"","","",4,58982,2.0,12.3,19.5,62.2,1.4,9.6,22.2,9.6,"","","","","",""
"A0495","Ventura","Simi Valley","https://www.californiahealthmaps.org?address=A0495","Female","Liver",150485,"","","",96405,"","","","","","","",32260,"","","",15030,"","","",4,58982,2.0,12.3,19.5,62.2,1.4,9.6,22.2,9.6,"","","","","",""
"A0495","Ventura","Simi Valley","https://www.californiahealthmaps.org?address=A0495","Male","Pancreas",144425,15.6,9.3,25.3,93435,"","","","","","","",30950,"","","",13110,"","","",4,58982,2.0,12.3,19.5,62.2,1.4,9.6,22.2,9.6,"","","","","",""
"A0495","Ventura","Simi Valley","https://www.californiahealthmaps.org?address=A0495","Female","Pancreas",150485,11.5,6.6,18.9,96405,14.0,7.8,24.5,"","","","",32260,"","","",15030,"","","",4,58982,2.0,12.3,19.5,62.2,1.4,9.6,22.2,9.6,"","","","","",""
"A0495","Ventura","Simi Valley","https://www.californiahealthmaps.org?address=A0495","Both","AllSite",294910,458.9,433.8,485.3,189840,476.4,446.5,508.1,"","","","",63210,365.0,305.6,434.4,28140,411.8,330.5,509.6,4,58982,2.0,12.3,19.5,62.2,1.4,9.6,22.2,9.6,"","","","","",""
"A0495","Ventura","Simi Valley","https://www.californiahealthmaps.org?address=A0495","Both","Lung",294910,49.7,41.2,59.5,189840,53.3,43.3,65.1,"","","","",63210,"","","",28140,"","","",4,58982,2.0,12.3,19.5,62.2,1.4,9.6,22.2,9.6,"","","","","",""
"A0495","Ventura","Simi Valley","https://www.californiahealthmaps.org?address=A0495","Both","CRC",294910,33.7,27.2,41.5,189840,35.5,27.8,45.1,"","","","",63210,"","","",28140,"","","",4,58982,2.0,12.3,19.5,62.2,1.4,9.6,22.2,9.6,"","","","","",""
"A0495","Ventura","Simi Valley","https://www.californiahealthmaps.org?address=A0495","Both","Mela",294910,29.8,23.6,37.2,189840,32.9,25.1,42.6,"","","","",63210,"","","",28140,"","","",4,58982,2.0,12.3,19.5,62.2,1.4,9.6,22.2,9.6,"","","","","",""
"A0495","Ventura","Simi Valley","https://www.californiahealthmaps.org?address=A0495","Both","Lymph",294910,22.3,17.0,28.8,189840,23.7,17.5,31.7,"","","","",63210,"","","",28140,"","","",4,58982,2.0,12.3,19.5,62.2,1.4,9.6,22.2,9.6,"","","","","",""
"A0495","Ventura","Simi Valley","https://www.californiahealthmaps.org?address=A0495","Both","Urinary",294910,11.2,7.4,16.3,189840,13.2,8.6,19.9,"","","","",63210,"","","",28140,"","","",4,58982,2.0,12.3,19.5,62.2,1.4,9.6,22.2,9.6,"","","","","",""
"A0495","Ventura","Simi Valley","https://www.californiahealthmaps.org?address=A0495","Both","Kidney",294910,14.2,10.2,19.4,189840,14.8,10.1,21.4,"","","","",63210,"","","",28140,"","","",4,58982,2.0,12.3,19.5,62.2,1.4,9.6,22.2,9.6,"","","","","",""
"A0495","Ventura","Simi Valley","https://www.californiahealthmaps.org?address=A0495","Both","Thyroid",294910,22.1,16.9,28.5,189840,20.7,14.7,28.6,"","","","",63210,"","","",28140,"","","",4,58982,2.0,12.3,19.5,62.2,1.4,9.6,22.2,9.6,"","","","","",""
"A0495","Ventura","Simi Valley","https://www.californiahealthmaps.org?address=A0495","Both","Liver",294910,6.6,3.8,10.7,189840,"","","","","","","",63210,"","","",28140,"","","",4,58982,2.0,12.3,19.5,62.2,1.4,9.6,22.2,9.6,"","","","","",""
"A0495","Ventura","Simi Valley","https://www.californiahealthmaps.org?address=A0495","Both","Pancreas",294910,13.7,9.5,19.2,189840,14.3,9.5,21.2,"","","","",63210,"","","",28140,"","","",4,58982,2.0,12.3,19.5,62.2,1.4,9.6,22.2,9.6,"","","","","",""
