"Zone","Counties","Cities","URL","Sex","Cancer","PopTot","AAIR","LCI","UCI","White_PopTot","White_AAIR","White_LCI","White_UCI","Black_PopTot","Black_AAIR","Black_LCI","Black_UCI","Hispanic_PopTot","Hispanic_AAIR","Hispanic_LCI","Hispanic_UCI","Asian_PopTot","Asian_AAIR","Asian_LCI","Asian_UCI","QNSES","PopAll","PerRural","PerUninsured","PerForeignBorn","PerWhite","PerBlack","PerAsian","PerHispanic","PerAPI","PerDocvisit","PerFOBT","PerMammo","PerMenPrev","PerPap","PerWomenPrev"
"A0912","San Diego","Poway, San Diego","https://www.californiahealthmaps.org?address=A0912","Male","AllSite",151740,452.5,422.6,484.6,113005,451.6,419.1,487.1,"","","","",26400,455.0,336.6,606.4,"","","","",4,62236,18.5,10.1,14.4,74.3,1.1,4.5,17.9,4.5,"","","","","",""
"A0912","San Diego","Poway, San Diego","https://www.californiahealthmaps.org?address=A0912","Female","AllSite",159440,432.9,404.7,463.1,118625,440.2,408.1,475.2,"","","","",26605,407.3,317.1,520.1,"","","","",4,62236,18.5,10.1,14.4,74.3,1.1,4.5,17.9,4.5,"","","","","",""
"A0912","San Diego","Poway, San Diego","https://www.californiahealthmaps.org?address=A0912","Male","Prostate",151740,103.1,89.5,118.9,113005,103.5,89.1,121.0,"","","","",26400,"","","","","","","",4,62236,18.5,10.1,14.4,74.3,1.1,4.5,17.9,4.5,"","","","","",""
"A0912","San Diego","Poway, San Diego","https://www.californiahealthmaps.org?address=A0912","Female","Breast",159440,135.0,119.8,152.2,118625,134.8,117.8,154.8,"","","","",26605,152.8,97.8,232.6,"","","","",4,62236,18.5,10.1,14.4,74.3,1.1,4.5,17.9,4.5,"","","","","",""
"A0912","San Diego","Poway, San Diego","https://www.californiahealthmaps.org?address=A0912","Male","Lung",151740,48.3,39.0,59.8,113005,47.8,38.1,60.7,"","","","",26400,"","","","","","","",4,62236,18.5,10.1,14.4,74.3,1.1,4.5,17.9,4.5,"","","","","",""
"A0912","San Diego","Poway, San Diego","https://www.californiahealthmaps.org?address=A0912","Female","Lung",159440,44.1,35.8,54.3,118625,47.5,38.1,60.1,"","","","",26605,"","","","","","","",4,62236,18.5,10.1,14.4,74.3,1.1,4.5,17.9,4.5,"","","","","",""
"A0912","San Diego","Poway, San Diego","https://www.californiahealthmaps.org?address=A0912","Male","CRC",151740,40.2,31.5,51.2,113005,40.8,31.1,53.9,"","","","",26400,"","","","","","","",4,62236,18.5,10.1,14.4,74.3,1.1,4.5,17.9,4.5,"","","","","",""
"A0912","San Diego","Poway, San Diego","https://www.californiahealthmaps.org?address=A0912","Female","CRC",159440,25.2,19.5,33.0,118625,25.5,19.3,34.7,"","","","",26605,"","","","","","","",4,62236,18.5,10.1,14.4,74.3,1.1,4.5,17.9,4.5,"","","","","",""
"A0912","San Diego","Poway, San Diego","https://www.californiahealthmaps.org?address=A0912","Male","Mela",151740,60.0,49.5,72.6,113005,62.5,51.0,77.1,"","","","",26400,"","","","","","","",4,62236,18.5,10.1,14.4,74.3,1.1,4.5,17.9,4.5,"","","","","",""
"A0912","San Diego","Poway, San Diego","https://www.californiahealthmaps.org?address=A0912","Female","Mela",159440,37.7,29.0,48.7,118625,40.6,30.2,54.6,"","","","",26605,"","","","","","","",4,62236,18.5,10.1,14.4,74.3,1.1,4.5,17.9,4.5,"","","","","",""
"A0912","San Diego","Poway, San Diego","https://www.californiahealthmaps.org?address=A0912","Female","Uterine",159440,26.8,20.1,35.7,118625,23.5,17.1,33.2,"","","","",26605,"","","","","","","",4,62236,18.5,10.1,14.4,74.3,1.1,4.5,17.9,4.5,"","","","","",""
"A0912","San Diego","Poway, San Diego","https://www.californiahealthmaps.org?address=A0912","Male","Lymph",151740,21.5,15.4,30.0,113005,21.7,15.1,31.9,"","","","",26400,"","","","","","","",4,62236,18.5,10.1,14.4,74.3,1.1,4.5,17.9,4.5,"","","","","",""
"A0912","San Diego","Poway, San Diego","https://www.californiahealthmaps.org?address=A0912","Female","Lymph",159440,16.9,11.7,24.4,118625,16.9,11.2,25.9,"","","","",26605,"","","","","","","",4,62236,18.5,10.1,14.4,74.3,1.1,4.5,17.9,4.5,"","","","","",""
"A0912","San Diego","Poway, San Diego","https://www.californiahealthmaps.org?address=A0912","Male","Urinary",151740,16.1,11.0,23.6,113005,17.9,12.2,27.1,"","","","",26400,"","","","","","","",4,62236,18.5,10.1,14.4,74.3,1.1,4.5,17.9,4.5,"","","","","",""
"A0912","San Diego","Poway, San Diego","https://www.californiahealthmaps.org?address=A0912","Female","Urinary",159440,6.5,3.7,11.7,118625,7.4,4.2,14.2,"","","","",26605,"","","","","","","",4,62236,18.5,10.1,14.4,74.3,1.1,4.5,17.9,4.5,"","","","","",""
"A0912","San Diego","Poway, San Diego","https://www.californiahealthmaps.org?address=A0912","Male","Kidney",151740,24.6,17.8,33.7,113005,22.9,15.9,33.4,"","","","",26400,"","","","","","","",4,62236,18.5,10.1,14.4,74.3,1.1,4.5,17.9,4.5,"","","","","",""
"A0912","San Diego","Poway, San Diego","https://www.californiahealthmaps.org?address=A0912","Female","Kidney",159440,9.3,5.7,15.4,118625,8.1,4.7,15.3,"","","","",26605,"","","","","","","",4,62236,18.5,10.1,14.4,74.3,1.1,4.5,17.9,4.5,"","","","","",""
"A0912","San Diego","Poway, San Diego","https://www.californiahealthmaps.org?address=A0912","Male","Thyroid",151740,"","","",113005,"","","","","","","",26400,"","","","","","","",4,62236,18.5,10.1,14.4,74.3,1.1,4.5,17.9,4.5,"","","","","",""
"A0912","San Diego","Poway, San Diego","https://www.californiahealthmaps.org?address=A0912","Female","Thyroid",159440,27.3,19.4,37.6,118625,30.5,20.6,44.2,"","","","",26605,"","","","","","","",4,62236,18.5,10.1,14.4,74.3,1.1,4.5,17.9,4.5,"","","","","",""
"A0912","San Diego","Poway, San Diego","https://www.californiahealthmaps.org?address=A0912","Male","Liver",151740,8.7,5.2,14.8,113005,"","","","","","","",26400,"","","","","","","",4,62236,18.5,10.1,14.4,74.3,1.1,4.5,17.9,4.5,"","","","","",""
"A0912","San Diego","Poway, San Diego","https://www.californiahealthmaps.org?address=A0912","Female","Liver",159440,"","","",118625,"","","","","","","",26605,"","","","","","","",4,62236,18.5,10.1,14.4,74.3,1.1,4.5,17.9,4.5,"","","","","",""
"A0912","San Diego","Poway, San Diego","https://www.californiahealthmaps.org?address=A0912","Male","Pancreas",151740,13.8,9.2,20.7,113005,15.1,10.1,23.7,"","","","",26400,"","","","","","","",4,62236,18.5,10.1,14.4,74.3,1.1,4.5,17.9,4.5,"","","","","",""
"A0912","San Diego","Poway, San Diego","https://www.californiahealthmaps.org?address=A0912","Female","Pancreas",159440,10.9,7.2,16.9,118625,12.2,7.9,19.9,"","","","",26605,"","","","","","","",4,62236,18.5,10.1,14.4,74.3,1.1,4.5,17.9,4.5,"","","","","",""
"A0912","San Diego","Poway, San Diego","https://www.californiahealthmaps.org?address=A0912","Both","AllSite",311180,439.7,419.3,461.2,231630,443.4,420.6,467.6,"","","","",53005,419.6,347.3,504.9,14270,384.0,291.5,506.1,4,62236,18.5,10.1,14.4,74.3,1.1,4.5,17.9,4.5,"","","","","",""
"A0912","San Diego","Poway, San Diego","https://www.californiahealthmaps.org?address=A0912","Both","Lung",311180,45.8,39.6,53.0,231630,47.3,40.5,55.6,"","","","",53005,"","","",14270,"","","",4,62236,18.5,10.1,14.4,74.3,1.1,4.5,17.9,4.5,"","","","","",""
"A0912","San Diego","Poway, San Diego","https://www.californiahealthmaps.org?address=A0912","Both","CRC",311180,32.4,27.2,38.7,231630,32.9,27.1,40.2,"","","","",53005,"","","",14270,"","","",4,62236,18.5,10.1,14.4,74.3,1.1,4.5,17.9,4.5,"","","","","",""
"A0912","San Diego","Poway, San Diego","https://www.californiahealthmaps.org?address=A0912","Both","Mela",311180,47.3,40.6,55.1,231630,50.2,42.5,59.5,"","","","",53005,"","","",14270,"","","",4,62236,18.5,10.1,14.4,74.3,1.1,4.5,17.9,4.5,"","","","","",""
"A0912","San Diego","Poway, San Diego","https://www.californiahealthmaps.org?address=A0912","Both","Lymph",311180,19.0,14.9,24.1,231630,19.1,14.7,25.1,"","","","",53005,"","","",14270,"","","",4,62236,18.5,10.1,14.4,74.3,1.1,4.5,17.9,4.5,"","","","","",""
"A0912","San Diego","Poway, San Diego","https://www.californiahealthmaps.org?address=A0912","Both","Urinary",311180,10.8,7.9,14.7,231630,12.1,8.9,16.9,"","","","",53005,"","","",14270,"","","",4,62236,18.5,10.1,14.4,74.3,1.1,4.5,17.9,4.5,"","","","","",""
"A0912","San Diego","Poway, San Diego","https://www.californiahealthmaps.org?address=A0912","Both","Kidney",311180,16.5,12.7,21.4,231630,15.3,11.3,20.8,"","","","",53005,"","","",14270,"","","",4,62236,18.5,10.1,14.4,74.3,1.1,4.5,17.9,4.5,"","","","","",""
"A0912","San Diego","Poway, San Diego","https://www.californiahealthmaps.org?address=A0912","Both","Thyroid",311180,16.1,11.9,21.7,231630,18.0,12.7,25.1,"","","","",53005,"","","",14270,"","","",4,62236,18.5,10.1,14.4,74.3,1.1,4.5,17.9,4.5,"","","","","",""
"A0912","San Diego","Poway, San Diego","https://www.californiahealthmaps.org?address=A0912","Both","Liver",311180,7.2,4.9,10.6,231630,6.0,3.8,10.0,"","","","",53005,"","","",14270,"","","",4,62236,18.5,10.1,14.4,74.3,1.1,4.5,17.9,4.5,"","","","","",""
"A0912","San Diego","Poway, San Diego","https://www.californiahealthmaps.org?address=A0912","Both","Pancreas",311180,12.2,9.2,16.3,231630,13.5,10.1,18.5,"","","","",53005,"","","",14270,"","","",4,62236,18.5,10.1,14.4,74.3,1.1,4.5,17.9,4.5,"","","","","",""
