"Zone","Counties","Cities","URL","Sex","Cancer","PopTot","AAIR","LCI","UCI","White_PopTot","White_AAIR","White_LCI","White_UCI","Black_PopTot","Black_AAIR","Black_LCI","Black_UCI","Hispanic_PopTot","Hispanic_AAIR","Hispanic_LCI","Hispanic_UCI","Asian_PopTot","Asian_AAIR","Asian_LCI","Asian_UCI","QNSES","PopAll","PerRural","PerUninsured","PerForeignBorn","PerWhite","PerBlack","PerAsian","PerHispanic","PerAPI","PerDocvisit","PerFOBT","PerMammo","PerMenPrev","PerPap","PerWomenPrev"
"A0615","Sacramento","Rancho Cordova","https://www.californiahealthmaps.org?address=A0615","Male","AllSite",145415,465.5,434.0,499.2,104660,471.0,435.9,509.2,"","","","",19050,389.6,267.0,558.1,"","","","",3,60701,0.0,11.7,11.6,73.8,5.1,5.1,10.9,5.1,"","","","","",""
"A0615","Sacramento","Rancho Cordova","https://www.californiahealthmaps.org?address=A0615","Female","AllSite",158090,453.8,424.8,484.8,114965,447.9,415.6,483.1,"","","","",19025,505.7,385.9,655.5,"","","","",3,60701,0.0,11.7,11.6,73.8,5.1,5.1,10.9,5.1,"","","","","",""
"A0615","Sacramento","Rancho Cordova","https://www.californiahealthmaps.org?address=A0615","Male","Prostate",145415,83.9,71.2,98.8,104660,84.5,70.7,101.3,"","","","",19050,"","","","","","","",3,60701,0.0,11.7,11.6,73.8,5.1,5.1,10.9,5.1,"","","","","",""
"A0615","Sacramento","Rancho Cordova","https://www.californiahealthmaps.org?address=A0615","Female","Breast",158090,146.1,129.7,164.6,114965,147.6,129.1,169.1,"","","","",19025,136.2,79.3,224.5,"","","","",3,60701,0.0,11.7,11.6,73.8,5.1,5.1,10.9,5.1,"","","","","",""
"A0615","Sacramento","Rancho Cordova","https://www.californiahealthmaps.org?address=A0615","Male","Lung",145415,54.8,44.3,67.6,104660,58.9,47.1,73.9,"","","","",19050,"","","","","","","",3,60701,0.0,11.7,11.6,73.8,5.1,5.1,10.9,5.1,"","","","","",""
"A0615","Sacramento","Rancho Cordova","https://www.californiahealthmaps.org?address=A0615","Female","Lung",158090,41.1,33.2,51.0,114965,41.2,32.6,52.8,"","","","",19025,"","","","","","","",3,60701,0.0,11.7,11.6,73.8,5.1,5.1,10.9,5.1,"","","","","",""
"A0615","Sacramento","Rancho Cordova","https://www.californiahealthmaps.org?address=A0615","Male","CRC",145415,38.4,29.9,49.1,104660,37.6,28.6,49.9,"","","","",19050,"","","","","","","",3,60701,0.0,11.7,11.6,73.8,5.1,5.1,10.9,5.1,"","","","","",""
"A0615","Sacramento","Rancho Cordova","https://www.californiahealthmaps.org?address=A0615","Female","CRC",158090,36.1,28.4,46.0,114965,37.3,28.4,49.5,"","","","",19025,"","","","","","","",3,60701,0.0,11.7,11.6,73.8,5.1,5.1,10.9,5.1,"","","","","",""
"A0615","Sacramento","Rancho Cordova","https://www.californiahealthmaps.org?address=A0615","Male","Mela",145415,51.7,41.4,64.2,104660,50.4,39.2,64.8,"","","","",19050,"","","","","","","",3,60701,0.0,11.7,11.6,73.8,5.1,5.1,10.9,5.1,"","","","","",""
"A0615","Sacramento","Rancho Cordova","https://www.californiahealthmaps.org?address=A0615","Female","Mela",158090,31.1,23.9,40.5,114965,33.7,25.3,45.3,"","","","",19025,"","","","","","","",3,60701,0.0,11.7,11.6,73.8,5.1,5.1,10.9,5.1,"","","","","",""
"A0615","Sacramento","Rancho Cordova","https://www.californiahealthmaps.org?address=A0615","Female","Uterine",158090,39.1,31.0,49.3,114965,37.3,28.7,49.2,"","","","",19025,"","","","","","","",3,60701,0.0,11.7,11.6,73.8,5.1,5.1,10.9,5.1,"","","","","",""
"A0615","Sacramento","Rancho Cordova","https://www.californiahealthmaps.org?address=A0615","Male","Lymph",145415,35.4,26.9,46.4,104660,35.4,25.9,48.5,"","","","",19050,"","","","","","","",3,60701,0.0,11.7,11.6,73.8,5.1,5.1,10.9,5.1,"","","","","",""
"A0615","Sacramento","Rancho Cordova","https://www.californiahealthmaps.org?address=A0615","Female","Lymph",158090,12.1,7.7,18.8,114965,9.1,5.0,16.9,"","","","",19025,"","","","","","","",3,60701,0.0,11.7,11.6,73.8,5.1,5.1,10.9,5.1,"","","","","",""
"A0615","Sacramento","Rancho Cordova","https://www.californiahealthmaps.org?address=A0615","Male","Urinary",145415,19.0,13.2,27.3,104660,18.3,12.4,27.8,"","","","",19050,"","","","","","","",3,60701,0.0,11.7,11.6,73.8,5.1,5.1,10.9,5.1,"","","","","",""
"A0615","Sacramento","Rancho Cordova","https://www.californiahealthmaps.org?address=A0615","Female","Urinary",158090,"","","",114965,"","","","","","","",19025,"","","","","","","",3,60701,0.0,11.7,11.6,73.8,5.1,5.1,10.9,5.1,"","","","","",""
"A0615","Sacramento","Rancho Cordova","https://www.californiahealthmaps.org?address=A0615","Male","Kidney",145415,22.0,15.6,30.8,104660,21.9,15.2,32.2,"","","","",19050,"","","","","","","",3,60701,0.0,11.7,11.6,73.8,5.1,5.1,10.9,5.1,"","","","","",""
"A0615","Sacramento","Rancho Cordova","https://www.californiahealthmaps.org?address=A0615","Female","Kidney",158090,14.3,9.6,21.3,114965,13.7,8.5,22.7,"","","","",19025,"","","","","","","",3,60701,0.0,11.7,11.6,73.8,5.1,5.1,10.9,5.1,"","","","","",""
"A0615","Sacramento","Rancho Cordova","https://www.californiahealthmaps.org?address=A0615","Male","Thyroid",145415,8.8,4.8,15.5,104660,"","","","","","","",19050,"","","","","","","",3,60701,0.0,11.7,11.6,73.8,5.1,5.1,10.9,5.1,"","","","","",""
"A0615","Sacramento","Rancho Cordova","https://www.californiahealthmaps.org?address=A0615","Female","Thyroid",158090,12.5,7.7,19.7,114965,12.9,7.3,22.4,"","","","",19025,"","","","","","","",3,60701,0.0,11.7,11.6,73.8,5.1,5.1,10.9,5.1,"","","","","",""
"A0615","Sacramento","Rancho Cordova","https://www.californiahealthmaps.org?address=A0615","Male","Liver",145415,13.8,8.8,21.3,104660,"","","","","","","",19050,"","","","","","","",3,60701,0.0,11.7,11.6,73.8,5.1,5.1,10.9,5.1,"","","","","",""
"A0615","Sacramento","Rancho Cordova","https://www.californiahealthmaps.org?address=A0615","Female","Liver",158090,7.9,4.4,13.8,114965,"","","","","","","",19025,"","","","","","","",3,60701,0.0,11.7,11.6,73.8,5.1,5.1,10.9,5.1,"","","","","",""
"A0615","Sacramento","Rancho Cordova","https://www.californiahealthmaps.org?address=A0615","Male","Pancreas",145415,17.5,11.9,25.6,104660,17.7,11.4,27.5,"","","","",19050,"","","","","","","",3,60701,0.0,11.7,11.6,73.8,5.1,5.1,10.9,5.1,"","","","","",""
"A0615","Sacramento","Rancho Cordova","https://www.californiahealthmaps.org?address=A0615","Female","Pancreas",158090,9.6,5.9,15.6,114965,9.9,5.8,17.6,"","","","",19025,"","","","","","","",3,60701,0.0,11.7,11.6,73.8,5.1,5.1,10.9,5.1,"","","","","",""
"A0615","Sacramento","Rancho Cordova","https://www.californiahealthmaps.org?address=A0615","Both","AllSite",303505,454.9,433.7,477.2,219625,454.4,430.7,479.6,16395,414.2,306.9,559.8,38075,444.2,358.4,546.5,15670,485.1,388.8,606.9,3,60701,0.0,11.7,11.6,73.8,5.1,5.1,10.9,5.1,"","","","","",""
"A0615","Sacramento","Rancho Cordova","https://www.californiahealthmaps.org?address=A0615","Both","Lung",303505,47.0,40.6,54.5,219625,48.8,41.6,57.5,16395,"","","",38075,"","","",15670,"","","",3,60701,0.0,11.7,11.6,73.8,5.1,5.1,10.9,5.1,"","","","","",""
"A0615","Sacramento","Rancho Cordova","https://www.californiahealthmaps.org?address=A0615","Both","CRC",303505,36.6,30.8,43.3,219625,36.8,30.4,44.7,16395,"","","",38075,"","","",15670,"","","",3,60701,0.0,11.7,11.6,73.8,5.1,5.1,10.9,5.1,"","","","","",""
"A0615","Sacramento","Rancho Cordova","https://www.californiahealthmaps.org?address=A0615","Both","Mela",303505,39.7,33.6,46.9,219625,40.7,33.9,49.2,16395,"","","",38075,"","","",15670,"","","",3,60701,0.0,11.7,11.6,73.8,5.1,5.1,10.9,5.1,"","","","","",""
"A0615","Sacramento","Rancho Cordova","https://www.californiahealthmaps.org?address=A0615","Both","Lymph",303505,22.4,17.8,28.1,219625,20.9,15.9,27.6,16395,"","","",38075,"","","",15670,"","","",3,60701,0.0,11.7,11.6,73.8,5.1,5.1,10.9,5.1,"","","","","",""
"A0615","Sacramento","Rancho Cordova","https://www.californiahealthmaps.org?address=A0615","Both","Urinary",303505,10.0,7.2,13.9,219625,9.7,6.8,14.2,16395,"","","",38075,"","","",15670,"","","",3,60701,0.0,11.7,11.6,73.8,5.1,5.1,10.9,5.1,"","","","","",""
"A0615","Sacramento","Rancho Cordova","https://www.californiahealthmaps.org?address=A0615","Both","Kidney",303505,17.6,13.7,22.6,219625,17.1,12.9,23.0,16395,"","","",38075,"","","",15670,"","","",3,60701,0.0,11.7,11.6,73.8,5.1,5.1,10.9,5.1,"","","","","",""
"A0615","Sacramento","Rancho Cordova","https://www.californiahealthmaps.org?address=A0615","Both","Thyroid",303505,10.6,7.4,15.1,219625,10.9,7.2,16.3,16395,"","","",38075,"","","",15670,"","","",3,60701,0.0,11.7,11.6,73.8,5.1,5.1,10.9,5.1,"","","","","",""
"A0615","Sacramento","Rancho Cordova","https://www.californiahealthmaps.org?address=A0615","Both","Liver",303505,10.6,7.5,14.8,219625,7.1,4.5,11.5,16395,"","","",38075,"","","",15670,"","","",3,60701,0.0,11.7,11.6,73.8,5.1,5.1,10.9,5.1,"","","","","",""
"A0615","Sacramento","Rancho Cordova","https://www.californiahealthmaps.org?address=A0615","Both","Pancreas",303505,13.3,9.9,17.8,219625,13.6,9.8,19.0,16395,"","","",38075,"","","",15670,"","","",3,60701,0.0,11.7,11.6,73.8,5.1,5.1,10.9,5.1,"","","","","",""
