"Zone","Counties","Cities","URL","Sex","Cancer","PopTot","AAIR","LCI","UCI","White_PopTot","White_AAIR","White_LCI","White_UCI","Black_PopTot","Black_AAIR","Black_LCI","Black_UCI","Hispanic_PopTot","Hispanic_AAIR","Hispanic_LCI","Hispanic_UCI","Asian_PopTot","Asian_AAIR","Asian_LCI","Asian_UCI","QNSES","PopAll","PerRural","PerUninsured","PerForeignBorn","PerWhite","PerBlack","PerAsian","PerHispanic","PerAPI","PerDocvisit","PerFOBT","PerMammo","PerMenPrev","PerPap","PerWomenPrev"
"A0302","Orange","Lake Forest, Irvine","https://www.californiahealthmaps.org?address=A0302","Male","AllSite",158290,507.6,464.6,554.2,94120,514.3,463.2,570.6,"","","","",26185,630.3,461.4,860.6,28515,393.6,300.1,515.1,5,64050,0.4,7.5,23.0,60.1,1.1,20.3,14.7,20.3,66.9,72.0,80.8,43.8,83.9,37.9
"A0302","Orange","Lake Forest, Irvine","https://www.californiahealthmaps.org?address=A0302","Female","AllSite",161960,505.0,468.1,544.4,94225,506.0,461.2,554.7,"","","","",27000,420.6,320.1,548.3,31880,567.1,472.8,679.2,5,64050,0.4,7.5,23.0,60.1,1.1,20.3,14.7,20.3,66.9,72.0,80.8,43.8,83.9,37.9
"A0302","Orange","Lake Forest, Irvine","https://www.californiahealthmaps.org?address=A0302","Male","Prostate",158290,123.3,103.7,146.5,94120,124.6,101.7,152.5,"","","","",26185,"","","",28515,86.9,47.2,157.7,5,64050,0.4,7.5,23.0,60.1,1.1,20.3,14.7,20.3,66.9,72.0,80.8,43.8,83.9,37.9
"A0302","Orange","Lake Forest, Irvine","https://www.californiahealthmaps.org?address=A0302","Female","Breast",161960,170.7,150.2,193.8,94225,168.8,144.2,197.4,"","","","",27000,152.0,95.3,237.3,31880,170.4,127.5,230.4,5,64050,0.4,7.5,23.0,60.1,1.1,20.3,14.7,20.3,66.9,72.0,80.8,43.8,83.9,37.9
"A0302","Orange","Lake Forest, Irvine","https://www.californiahealthmaps.org?address=A0302","Male","Lung",158290,41.2,29.1,57.5,94120,40.0,26.6,59.2,"","","","",26185,"","","",28515,"","","",5,64050,0.4,7.5,23.0,60.1,1.1,20.3,14.7,20.3,66.9,72.0,80.8,43.8,83.9,37.9
"A0302","Orange","Lake Forest, Irvine","https://www.californiahealthmaps.org?address=A0302","Female","Lung",161960,42.5,31.6,56.3,94225,37.7,25.5,54.3,"","","","",27000,"","","",31880,"","","",5,64050,0.4,7.5,23.0,60.1,1.1,20.3,14.7,20.3,66.9,72.0,80.8,43.8,83.9,37.9
"A0302","Orange","Lake Forest, Irvine","https://www.californiahealthmaps.org?address=A0302","Male","CRC",158290,39.3,28.0,54.5,94120,35.6,23.2,53.6,"","","","",26185,"","","",28515,"","","",5,64050,0.4,7.5,23.0,60.1,1.1,20.3,14.7,20.3,66.9,72.0,80.8,43.8,83.9,37.9
"A0302","Orange","Lake Forest, Irvine","https://www.californiahealthmaps.org?address=A0302","Female","CRC",161960,42.7,32.2,56.2,94225,45.1,32.1,62.5,"","","","",27000,"","","",31880,"","","",5,64050,0.4,7.5,23.0,60.1,1.1,20.3,14.7,20.3,66.9,72.0,80.8,43.8,83.9,37.9
"A0302","Orange","Lake Forest, Irvine","https://www.californiahealthmaps.org?address=A0302","Male","Mela",158290,55.7,41.8,73.7,94120,69.8,51.2,94.0,"","","","",26185,"","","",28515,"","","",5,64050,0.4,7.5,23.0,60.1,1.1,20.3,14.7,20.3,66.9,72.0,80.8,43.8,83.9,37.9
"A0302","Orange","Lake Forest, Irvine","https://www.californiahealthmaps.org?address=A0302","Female","Mela",161960,33.8,24.7,45.8,94225,41.4,28.9,58.2,"","","","",27000,"","","",31880,"","","",5,64050,0.4,7.5,23.0,60.1,1.1,20.3,14.7,20.3,66.9,72.0,80.8,43.8,83.9,37.9
"A0302","Orange","Lake Forest, Irvine","https://www.californiahealthmaps.org?address=A0302","Female","Uterine",161960,31.3,23.1,42.2,94225,29.7,20.5,43.0,"","","","",27000,"","","",31880,"","","",5,64050,0.4,7.5,23.0,60.1,1.1,20.3,14.7,20.3,66.9,72.0,80.8,43.8,83.9,37.9
"A0302","Orange","Lake Forest, Irvine","https://www.californiahealthmaps.org?address=A0302","Male","Lymph",158290,29.1,19.6,42.7,94120,21.8,12.5,37.0,"","","","",26185,"","","",28515,"","","",5,64050,0.4,7.5,23.0,60.1,1.1,20.3,14.7,20.3,66.9,72.0,80.8,43.8,83.9,37.9
"A0302","Orange","Lake Forest, Irvine","https://www.californiahealthmaps.org?address=A0302","Female","Lymph",161960,22.1,15.0,32.0,94225,23.0,14.7,35.5,"","","","",27000,"","","",31880,"","","",5,64050,0.4,7.5,23.0,60.1,1.1,20.3,14.7,20.3,66.9,72.0,80.8,43.8,83.9,37.9
"A0302","Orange","Lake Forest, Irvine","https://www.californiahealthmaps.org?address=A0302","Male","Urinary",158290,21.1,12.4,34.4,94120,22.7,12.2,39.6,"","","","",26185,"","","",28515,"","","",5,64050,0.4,7.5,23.0,60.1,1.1,20.3,14.7,20.3,66.9,72.0,80.8,43.8,83.9,37.9
"A0302","Orange","Lake Forest, Irvine","https://www.californiahealthmaps.org?address=A0302","Female","Urinary",161960,"","","",94225,"","","","","","","",27000,"","","",31880,"","","",5,64050,0.4,7.5,23.0,60.1,1.1,20.3,14.7,20.3,66.9,72.0,80.8,43.8,83.9,37.9
"A0302","Orange","Lake Forest, Irvine","https://www.californiahealthmaps.org?address=A0302","Male","Kidney",158290,20.6,13.0,32.1,94120,20.7,11.9,35.3,"","","","",26185,"","","",28515,"","","",5,64050,0.4,7.5,23.0,60.1,1.1,20.3,14.7,20.3,66.9,72.0,80.8,43.8,83.9,37.9
"A0302","Orange","Lake Forest, Irvine","https://www.californiahealthmaps.org?address=A0302","Female","Kidney",161960,"","","",94225,"","","","","","","",27000,"","","",31880,"","","",5,64050,0.4,7.5,23.0,60.1,1.1,20.3,14.7,20.3,66.9,72.0,80.8,43.8,83.9,37.9
"A0302","Orange","Lake Forest, Irvine","https://www.californiahealthmaps.org?address=A0302","Male","Thyroid",158290,"","","",94120,"","","","","","","",26185,"","","",28515,"","","",5,64050,0.4,7.5,23.0,60.1,1.1,20.3,14.7,20.3,66.9,72.0,80.8,43.8,83.9,37.9
"A0302","Orange","Lake Forest, Irvine","https://www.californiahealthmaps.org?address=A0302","Female","Thyroid",161960,27.6,19.9,38.0,94225,24.1,15.5,37.0,"","","","",27000,"","","",31880,"","","",5,64050,0.4,7.5,23.0,60.1,1.1,20.3,14.7,20.3,66.9,72.0,80.8,43.8,83.9,37.9
"A0302","Orange","Lake Forest, Irvine","https://www.californiahealthmaps.org?address=A0302","Male","Liver",158290,11.0,6.0,20.1,94120,"","","","","","","",26185,"","","",28515,"","","",5,64050,0.4,7.5,23.0,60.1,1.1,20.3,14.7,20.3,66.9,72.0,80.8,43.8,83.9,37.9
"A0302","Orange","Lake Forest, Irvine","https://www.californiahealthmaps.org?address=A0302","Female","Liver",161960,"","","",94225,"","","","","","","",27000,"","","",31880,"","","",5,64050,0.4,7.5,23.0,60.1,1.1,20.3,14.7,20.3,66.9,72.0,80.8,43.8,83.9,37.9
"A0302","Orange","Lake Forest, Irvine","https://www.californiahealthmaps.org?address=A0302","Male","Pancreas",158290,25.2,15.8,38.9,94120,23.7,12.9,40.9,"","","","",26185,"","","",28515,"","","",5,64050,0.4,7.5,23.0,60.1,1.1,20.3,14.7,20.3,66.9,72.0,80.8,43.8,83.9,37.9
"A0302","Orange","Lake Forest, Irvine","https://www.californiahealthmaps.org?address=A0302","Female","Pancreas",161960,11.8,6.6,20.2,94225,"","","","","","","",27000,"","","",31880,"","","",5,64050,0.4,7.5,23.0,60.1,1.1,20.3,14.7,20.3,66.9,72.0,80.8,43.8,83.9,37.9
"A0302","Orange","Lake Forest, Irvine","https://www.californiahealthmaps.org?address=A0302","Both","AllSite",320250,500.7,473.0,529.8,188345,504.5,471.1,540.0,"","","","",53185,491.9,403.6,597.2,60395,483.9,417.0,560.6,5,64050,0.4,7.5,23.0,60.1,1.1,20.3,14.7,20.3,66.9,72.0,80.8,43.8,83.9,37.9
"A0302","Orange","Lake Forest, Irvine","https://www.californiahealthmaps.org?address=A0302","Both","Lung",320250,41.4,33.3,51.1,188345,38.4,29.3,49.7,"","","","",53185,"","","",60395,64.8,38.8,102.9,5,64050,0.4,7.5,23.0,60.1,1.1,20.3,14.7,20.3,66.9,72.0,80.8,43.8,83.9,37.9
"A0302","Orange","Lake Forest, Irvine","https://www.californiahealthmaps.org?address=A0302","Both","CRC",320250,40.8,33.1,50.1,188345,40.1,31.0,51.4,"","","","",53185,"","","",60395,42.5,24.4,71.8,5,64050,0.4,7.5,23.0,60.1,1.1,20.3,14.7,20.3,66.9,72.0,80.8,43.8,83.9,37.9
"A0302","Orange","Lake Forest, Irvine","https://www.californiahealthmaps.org?address=A0302","Both","Mela",320250,42.8,34.9,52.4,188345,53.2,42.4,66.1,"","","","",53185,"","","",60395,"","","",5,64050,0.4,7.5,23.0,60.1,1.1,20.3,14.7,20.3,66.9,72.0,80.8,43.8,83.9,37.9
"A0302","Orange","Lake Forest, Irvine","https://www.californiahealthmaps.org?address=A0302","Both","Lymph",320250,25.2,19.3,32.7,188345,22.8,16.2,31.6,"","","","",53185,"","","",60395,"","","",5,64050,0.4,7.5,23.0,60.1,1.1,20.3,14.7,20.3,66.9,72.0,80.8,43.8,83.9,37.9
"A0302","Orange","Lake Forest, Irvine","https://www.californiahealthmaps.org?address=A0302","Both","Urinary",320250,11.7,7.4,17.8,188345,12.9,7.5,20.7,"","","","",53185,"","","",60395,"","","",5,64050,0.4,7.5,23.0,60.1,1.1,20.3,14.7,20.3,66.9,72.0,80.8,43.8,83.9,37.9
"A0302","Orange","Lake Forest, Irvine","https://www.californiahealthmaps.org?address=A0302","Both","Kidney",320250,13.5,9.3,19.2,188345,13.3,8.5,20.4,"","","","",53185,"","","",60395,"","","",5,64050,0.4,7.5,23.0,60.1,1.1,20.3,14.7,20.3,66.9,72.0,80.8,43.8,83.9,37.9
"A0302","Orange","Lake Forest, Irvine","https://www.californiahealthmaps.org?address=A0302","Both","Thyroid",320250,17.6,13.2,23.4,188345,14.6,9.9,21.6,"","","","",53185,"","","",60395,29.5,16.0,53.9,5,64050,0.4,7.5,23.0,60.1,1.1,20.3,14.7,20.3,66.9,72.0,80.8,43.8,83.9,37.9
"A0302","Orange","Lake Forest, Irvine","https://www.californiahealthmaps.org?address=A0302","Both","Liver",320250,8.0,4.8,12.8,188345,"","","","","","","",53185,"","","",60395,"","","",5,64050,0.4,7.5,23.0,60.1,1.1,20.3,14.7,20.3,66.9,72.0,80.8,43.8,83.9,37.9
"A0302","Orange","Lake Forest, Irvine","https://www.californiahealthmaps.org?address=A0302","Both","Pancreas",320250,17.4,12.3,24.2,188345,15.7,9.9,23.9,"","","","",53185,"","","",60395,"","","",5,64050,0.4,7.5,23.0,60.1,1.1,20.3,14.7,20.3,66.9,72.0,80.8,43.8,83.9,37.9
