"Zone","Counties","Cities","URL","Sex","Cancer","PopTot","AAIR","LCI","UCI","White_PopTot","White_AAIR","White_LCI","White_UCI","Black_PopTot","Black_AAIR","Black_LCI","Black_UCI","Hispanic_PopTot","Hispanic_AAIR","Hispanic_LCI","Hispanic_UCI","Asian_PopTot","Asian_AAIR","Asian_LCI","Asian_UCI","QNSES","PopAll","PerRural","PerUninsured","PerForeignBorn","PerWhite","PerBlack","PerAsian","PerHispanic","PerAPI","PerDocvisit","PerFOBT","PerMammo","PerMenPrev","PerPap","PerWomenPrev"
"A1071","Monterey","Marina, Seaside","https://www.californiahealthmaps.org?address=A1071","Male","AllSite",210830,493.2,460.3,528.3,86435,527.8,483.4,576.1,"","","","",88170,427.0,361.0,505.9,17925,346.8,267.3,447.7,3,84890,18.1,18.8,25.1,41.4,4.0,8.1,42.1,8.1,"","","","","",""
"A1071","Monterey","Marina, Seaside","https://www.californiahealthmaps.org?address=A1071","Female","AllSite",213620,412.5,385.0,441.7,88760,456.3,416.0,500.4,"","","","",84000,356.1,299.9,422.1,23025,360.8,295.0,444.5,3,84890,18.1,18.8,25.1,41.4,4.0,8.1,42.1,8.1,"","","","","",""
"A1071","Monterey","Marina, Seaside","https://www.californiahealthmaps.org?address=A1071","Male","Prostate",210830,97.0,83.3,112.9,86435,91.7,74.8,112.5,"","","","",88170,110.4,78.5,156.2,17925,"","","",3,84890,18.1,18.8,25.1,41.4,4.0,8.1,42.1,8.1,"","","","","",""
"A1071","Monterey","Marina, Seaside","https://www.californiahealthmaps.org?address=A1071","Female","Breast",213620,125.5,110.6,142.0,88760,150.3,127.5,177.0,"","","","",84000,82.2,58.4,115.9,23025,113.3,78.5,167.8,3,84890,18.1,18.8,25.1,41.4,4.0,8.1,42.1,8.1,"","","","","",""
"A1071","Monterey","Marina, Seaside","https://www.californiahealthmaps.org?address=A1071","Male","Lung",210830,58.1,46.6,71.9,86435,65.1,49.8,84.5,"","","","",88170,"","","",17925,"","","",3,84890,18.1,18.8,25.1,41.4,4.0,8.1,42.1,8.1,"","","","","",""
"A1071","Monterey","Marina, Seaside","https://www.californiahealthmaps.org?address=A1071","Female","Lung",213620,37.3,29.3,47.0,88760,39.8,28.8,54.7,"","","","",84000,"","","",23025,47.8,27.1,90.0,3,84890,18.1,18.8,25.1,41.4,4.0,8.1,42.1,8.1,"","","","","",""
"A1071","Monterey","Marina, Seaside","https://www.californiahealthmaps.org?address=A1071","Male","CRC",210830,46.3,36.7,58.1,86435,45.1,32.6,61.8,"","","","",88170,57.5,35.0,95.0,17925,"","","",3,84890,18.1,18.8,25.1,41.4,4.0,8.1,42.1,8.1,"","","","","",""
"A1071","Monterey","Marina, Seaside","https://www.californiahealthmaps.org?address=A1071","Female","CRC",213620,27.3,20.5,35.7,88760,31.2,21.6,44.9,"","","","",84000,"","","",23025,"","","",3,84890,18.1,18.8,25.1,41.4,4.0,8.1,42.1,8.1,"","","","","",""
"A1071","Monterey","Marina, Seaside","https://www.californiahealthmaps.org?address=A1071","Male","Mela",210830,45.5,35.8,57.4,86435,67.3,52.1,86.5,"","","","",88170,"","","",17925,"","","",3,84890,18.1,18.8,25.1,41.4,4.0,8.1,42.1,8.1,"","","","","",""
"A1071","Monterey","Marina, Seaside","https://www.californiahealthmaps.org?address=A1071","Female","Mela",213620,25.9,19.4,34.1,88760,38.6,27.7,53.6,"","","","",84000,"","","",23025,"","","",3,84890,18.1,18.8,25.1,41.4,4.0,8.1,42.1,8.1,"","","","","",""
"A1071","Monterey","Marina, Seaside","https://www.californiahealthmaps.org?address=A1071","Female","Uterine",213620,24.3,18.1,32.2,88760,22.8,15.1,34.6,"","","","",84000,"","","",23025,"","","",3,84890,18.1,18.8,25.1,41.4,4.0,8.1,42.1,8.1,"","","","","",""
"A1071","Monterey","Marina, Seaside","https://www.californiahealthmaps.org?address=A1071","Male","Lymph",210830,30.3,22.7,40.2,86435,35.3,24.5,50.2,"","","","",88170,"","","",17925,"","","",3,84890,18.1,18.8,25.1,41.4,4.0,8.1,42.1,8.1,"","","","","",""
"A1071","Monterey","Marina, Seaside","https://www.californiahealthmaps.org?address=A1071","Female","Lymph",213620,14.5,9.7,20.9,88760,"","","","","","","",84000,"","","",23025,"","","",3,84890,18.1,18.8,25.1,41.4,4.0,8.1,42.1,8.1,"","","","","",""
"A1071","Monterey","Marina, Seaside","https://www.californiahealthmaps.org?address=A1071","Male","Urinary",210830,17.2,11.2,25.7,86435,17.5,10.0,29.7,"","","","",88170,"","","",17925,"","","",3,84890,18.1,18.8,25.1,41.4,4.0,8.1,42.1,8.1,"","","","","",""
"A1071","Monterey","Marina, Seaside","https://www.californiahealthmaps.org?address=A1071","Female","Urinary",213620,"","","",88760,"","","","","","","",84000,"","","",23025,"","","",3,84890,18.1,18.8,25.1,41.4,4.0,8.1,42.1,8.1,"","","","","",""
"A1071","Monterey","Marina, Seaside","https://www.californiahealthmaps.org?address=A1071","Male","Kidney",210830,20.7,14.4,29.4,86435,19.5,11.7,31.7,"","","","",88170,"","","",17925,"","","",3,84890,18.1,18.8,25.1,41.4,4.0,8.1,42.1,8.1,"","","","","",""
"A1071","Monterey","Marina, Seaside","https://www.californiahealthmaps.org?address=A1071","Female","Kidney",213620,9.3,5.6,14.9,88760,"","","","","","","",84000,"","","",23025,"","","",3,84890,18.1,18.8,25.1,41.4,4.0,8.1,42.1,8.1,"","","","","",""
"A1071","Monterey","Marina, Seaside","https://www.californiahealthmaps.org?address=A1071","Male","Thyroid",210830,"","","",86435,"","","","","","","",88170,"","","",17925,"","","",3,84890,18.1,18.8,25.1,41.4,4.0,8.1,42.1,8.1,"","","","","",""
"A1071","Monterey","Marina, Seaside","https://www.californiahealthmaps.org?address=A1071","Female","Thyroid",213620,25.3,18.9,33.3,88760,28.0,18.1,42.4,"","","","",84000,"","","",23025,"","","",3,84890,18.1,18.8,25.1,41.4,4.0,8.1,42.1,8.1,"","","","","",""
"A1071","Monterey","Marina, Seaside","https://www.californiahealthmaps.org?address=A1071","Male","Liver",210830,18.8,13.5,26.3,86435,14.0,8.2,24.0,"","","","",88170,28.0,15.4,55.9,17925,"","","",3,84890,18.1,18.8,25.1,41.4,4.0,8.1,42.1,8.1,"","","","","",""
"A1071","Monterey","Marina, Seaside","https://www.californiahealthmaps.org?address=A1071","Female","Liver",213620,"","","",88760,"","","","","","","",84000,"","","",23025,"","","",3,84890,18.1,18.8,25.1,41.4,4.0,8.1,42.1,8.1,"","","","","",""
"A1071","Monterey","Marina, Seaside","https://www.californiahealthmaps.org?address=A1071","Male","Pancreas",210830,14.1,8.8,22.0,86435,"","","","","","","",88170,"","","",17925,"","","",3,84890,18.1,18.8,25.1,41.4,4.0,8.1,42.1,8.1,"","","","","",""
"A1071","Monterey","Marina, Seaside","https://www.californiahealthmaps.org?address=A1071","Female","Pancreas",213620,15.5,10.5,22.2,88760,15.6,9.3,26.2,"","","","",84000,"","","",23025,"","","",3,84890,18.1,18.8,25.1,41.4,4.0,8.1,42.1,8.1,"","","","","",""
"A1071","Monterey","Marina, Seaside","https://www.californiahealthmaps.org?address=A1071","Both","AllSite",424450,447.5,426.4,469.6,175195,487.7,458.0,519.4,16240,526.4,424.7,649.9,172170,389.5,346.0,438.5,40950,349.3,299.2,408.6,3,84890,18.1,18.8,25.1,41.4,4.0,8.1,42.1,8.1,"","","","","",""
"A1071","Monterey","Marina, Seaside","https://www.californiahealthmaps.org?address=A1071","Both","Lung",424450,46.9,40.0,54.7,175195,51.7,42.3,63.1,16240,"","","",172170,27.8,15.7,46.9,40950,52.5,34.7,80.6,3,84890,18.1,18.8,25.1,41.4,4.0,8.1,42.1,8.1,"","","","","",""
"A1071","Monterey","Marina, Seaside","https://www.californiahealthmaps.org?address=A1071","Both","CRC",424450,36.4,30.5,43.2,175195,38.1,30.0,48.1,16240,"","","",172170,32.2,20.9,49.7,40950,"","","",3,84890,18.1,18.8,25.1,41.4,4.0,8.1,42.1,8.1,"","","","","",""
"A1071","Monterey","Marina, Seaside","https://www.californiahealthmaps.org?address=A1071","Both","Mela",424450,34.8,29.1,41.5,175195,52.2,42.9,63.5,16240,"","","",172170,"","","",40950,"","","",3,84890,18.1,18.8,25.1,41.4,4.0,8.1,42.1,8.1,"","","","","",""
"A1071","Monterey","Marina, Seaside","https://www.californiahealthmaps.org?address=A1071","Both","Lymph",424450,22.0,17.5,27.4,175195,23.1,17.1,31.1,16240,"","","",172170,18.4,10.8,32.2,40950,"","","",3,84890,18.1,18.8,25.1,41.4,4.0,8.1,42.1,8.1,"","","","","",""
"A1071","Monterey","Marina, Seaside","https://www.californiahealthmaps.org?address=A1071","Both","Urinary",424450,8.7,5.9,12.5,175195,8.8,5.2,14.5,16240,"","","",172170,"","","",40950,"","","",3,84890,18.1,18.8,25.1,41.4,4.0,8.1,42.1,8.1,"","","","","",""
"A1071","Monterey","Marina, Seaside","https://www.californiahealthmaps.org?address=A1071","Both","Kidney",424450,14.5,10.9,19.1,175195,15.3,10.2,22.6,16240,"","","",172170,20.4,11.3,36.2,40950,"","","",3,84890,18.1,18.8,25.1,41.4,4.0,8.1,42.1,8.1,"","","","","",""
"A1071","Monterey","Marina, Seaside","https://www.californiahealthmaps.org?address=A1071","Both","Thyroid",424450,15.9,12.3,20.4,175195,17.2,11.8,24.8,16240,"","","",172170,10.9,6.2,22.0,40950,"","","",3,84890,18.1,18.8,25.1,41.4,4.0,8.1,42.1,8.1,"","","","","",""
"A1071","Monterey","Marina, Seaside","https://www.californiahealthmaps.org?address=A1071","Both","Liver",424450,12.0,9.0,16.0,175195,9.1,5.8,14.5,16240,"","","",172170,20.1,11.3,35.5,40950,"","","",3,84890,18.1,18.8,25.1,41.4,4.0,8.1,42.1,8.1,"","","","","",""
"A1071","Monterey","Marina, Seaside","https://www.californiahealthmaps.org?address=A1071","Both","Pancreas",424450,14.8,11.1,19.5,175195,14.7,9.9,21.5,16240,"","","",172170,19.2,10.3,34.8,40950,"","","",3,84890,18.1,18.8,25.1,41.4,4.0,8.1,42.1,8.1,"","","","","",""
