"Zone","Counties","Cities","URL","Sex","Cancer","PopTot","AAIR","LCI","UCI","White_PopTot","White_AAIR","White_LCI","White_UCI","Black_PopTot","Black_AAIR","Black_LCI","Black_UCI","Hispanic_PopTot","Hispanic_AAIR","Hispanic_LCI","Hispanic_UCI","Asian_PopTot","Asian_AAIR","Asian_LCI","Asian_UCI","QNSES","PopAll","PerRural","PerUninsured","PerForeignBorn","PerWhite","PerBlack","PerAsian","PerHispanic","PerAPI","PerDocvisit","PerFOBT","PerMammo","PerMenPrev","PerPap","PerWomenPrev"
"A0849","San Diego","Carlsbad, Encinitas","https://www.californiahealthmaps.org?address=A0849","Male","AllSite",166485,515.1,482.0,550.3,133880,515.9,480.3,554.1,"","","","",16690,472.7,339.2,648.6,"","","","",5,68627,0.0,8.8,13.1,78.8,0.6,8.0,9.9,8.0,"","","","","",""
"A0849","San Diego","Carlsbad, Encinitas","https://www.californiahealthmaps.org?address=A0849","Female","AllSite",176650,431.9,404.1,461.7,139595,433.4,402.9,466.6,"","","","",18610,409.0,309.3,535.9,11795,374.1,272.2,526.0,5,68627,0.0,8.8,13.1,78.8,0.6,8.0,9.9,8.0,"","","","","",""
"A0849","San Diego","Carlsbad, Encinitas","https://www.californiahealthmaps.org?address=A0849","Male","Prostate",166485,126.0,110.3,144.0,133880,127.8,110.8,147.6,"","","","",16690,"","","","","","","",5,68627,0.0,8.8,13.1,78.8,0.6,8.0,9.9,8.0,"","","","","",""
"A0849","San Diego","Carlsbad, Encinitas","https://www.californiahealthmaps.org?address=A0849","Female","Breast",176650,150.3,134.5,168.2,139595,151.7,134.3,171.8,"","","","",18610,142.7,89.6,223.4,11795,122.2,74.6,225.1,5,68627,0.0,8.8,13.1,78.8,0.6,8.0,9.9,8.0,"","","","","",""
"A0849","San Diego","Carlsbad, Encinitas","https://www.californiahealthmaps.org?address=A0849","Male","Lung",166485,36.4,27.9,47.1,133880,32.1,23.7,43.4,"","","","",16690,"","","","","","","",5,68627,0.0,8.8,13.1,78.8,0.6,8.0,9.9,8.0,"","","","","",""
"A0849","San Diego","Carlsbad, Encinitas","https://www.californiahealthmaps.org?address=A0849","Female","Lung",176650,33.3,26.0,42.8,139595,36.6,28.4,47.7,"","","","",18610,"","","",11795,"","","",5,68627,0.0,8.8,13.1,78.8,0.6,8.0,9.9,8.0,"","","","","",""
"A0849","San Diego","Carlsbad, Encinitas","https://www.californiahealthmaps.org?address=A0849","Male","CRC",166485,28.8,21.5,38.4,133880,30.5,22.3,41.6,"","","","",16690,"","","","","","","",5,68627,0.0,8.8,13.1,78.8,0.6,8.0,9.9,8.0,"","","","","",""
"A0849","San Diego","Carlsbad, Encinitas","https://www.californiahealthmaps.org?address=A0849","Female","CRC",176650,31.2,24.2,40.4,139595,30.6,23.1,41.1,"","","","",18610,"","","",11795,"","","",5,68627,0.0,8.8,13.1,78.8,0.6,8.0,9.9,8.0,"","","","","",""
"A0849","San Diego","Carlsbad, Encinitas","https://www.californiahealthmaps.org?address=A0849","Male","Mela",166485,73.7,61.7,87.8,133880,78.0,64.7,94.0,"","","","",16690,"","","","","","","",5,68627,0.0,8.8,13.1,78.8,0.6,8.0,9.9,8.0,"","","","","",""
"A0849","San Diego","Carlsbad, Encinitas","https://www.californiahealthmaps.org?address=A0849","Female","Mela",176650,41.6,32.9,52.7,139595,44.1,33.9,57.4,"","","","",18610,"","","",11795,"","","",5,68627,0.0,8.8,13.1,78.8,0.6,8.0,9.9,8.0,"","","","","",""
"A0849","San Diego","Carlsbad, Encinitas","https://www.californiahealthmaps.org?address=A0849","Female","Uterine",176650,26.5,20.3,35.0,139595,26.8,20.0,36.7,"","","","",18610,"","","",11795,"","","",5,68627,0.0,8.8,13.1,78.8,0.6,8.0,9.9,8.0,"","","","","",""
"A0849","San Diego","Carlsbad, Encinitas","https://www.californiahealthmaps.org?address=A0849","Male","Lymph",166485,40.7,31.6,52.1,133880,39.2,29.8,51.7,"","","","",16690,"","","","","","","",5,68627,0.0,8.8,13.1,78.8,0.6,8.0,9.9,8.0,"","","","","",""
"A0849","San Diego","Carlsbad, Encinitas","https://www.californiahealthmaps.org?address=A0849","Female","Lymph",176650,23.5,17.3,31.9,139595,24.8,18.0,34.7,"","","","",18610,"","","",11795,"","","",5,68627,0.0,8.8,13.1,78.8,0.6,8.0,9.9,8.0,"","","","","",""
"A0849","San Diego","Carlsbad, Encinitas","https://www.californiahealthmaps.org?address=A0849","Male","Urinary",166485,15.2,9.9,22.9,133880,14.1,8.8,22.7,"","","","",16690,"","","","","","","",5,68627,0.0,8.8,13.1,78.8,0.6,8.0,9.9,8.0,"","","","","",""
"A0849","San Diego","Carlsbad, Encinitas","https://www.californiahealthmaps.org?address=A0849","Female","Urinary",176650,"","","",139595,"","","","","","","",18610,"","","",11795,"","","",5,68627,0.0,8.8,13.1,78.8,0.6,8.0,9.9,8.0,"","","","","",""
"A0849","San Diego","Carlsbad, Encinitas","https://www.californiahealthmaps.org?address=A0849","Male","Kidney",166485,21.3,15.2,29.8,133880,20.5,14.2,29.9,"","","","",16690,"","","","","","","",5,68627,0.0,8.8,13.1,78.8,0.6,8.0,9.9,8.0,"","","","","",""
"A0849","San Diego","Carlsbad, Encinitas","https://www.californiahealthmaps.org?address=A0849","Female","Kidney",176650,8.3,4.7,14.4,139595,"","","","","","","",18610,"","","",11795,"","","",5,68627,0.0,8.8,13.1,78.8,0.6,8.0,9.9,8.0,"","","","","",""
"A0849","San Diego","Carlsbad, Encinitas","https://www.californiahealthmaps.org?address=A0849","Male","Thyroid",166485,14.5,9.3,22.2,133880,15.0,9.1,24.2,"","","","",16690,"","","","","","","",5,68627,0.0,8.8,13.1,78.8,0.6,8.0,9.9,8.0,"","","","","",""
"A0849","San Diego","Carlsbad, Encinitas","https://www.californiahealthmaps.org?address=A0849","Female","Thyroid",176650,15.4,10.2,22.9,139595,15.2,9.4,24.4,"","","","",18610,"","","",11795,"","","",5,68627,0.0,8.8,13.1,78.8,0.6,8.0,9.9,8.0,"","","","","",""
"A0849","San Diego","Carlsbad, Encinitas","https://www.californiahealthmaps.org?address=A0849","Male","Liver",166485,6.8,3.7,12.4,133880,"","","","","","","",16690,"","","","","","","",5,68627,0.0,8.8,13.1,78.8,0.6,8.0,9.9,8.0,"","","","","",""
"A0849","San Diego","Carlsbad, Encinitas","https://www.californiahealthmaps.org?address=A0849","Female","Liver",176650,"","","",139595,"","","","","","","",18610,"","","",11795,"","","",5,68627,0.0,8.8,13.1,78.8,0.6,8.0,9.9,8.0,"","","","","",""
"A0849","San Diego","Carlsbad, Encinitas","https://www.californiahealthmaps.org?address=A0849","Male","Pancreas",166485,16.8,11.3,24.8,133880,17.4,11.6,26.3,"","","","",16690,"","","","","","","",5,68627,0.0,8.8,13.1,78.8,0.6,8.0,9.9,8.0,"","","","","",""
"A0849","San Diego","Carlsbad, Encinitas","https://www.californiahealthmaps.org?address=A0849","Female","Pancreas",176650,10.8,6.8,17.2,139595,8.6,5.0,15.5,"","","","",18610,"","","",11795,"","","",5,68627,0.0,8.8,13.1,78.8,0.6,8.0,9.9,8.0,"","","","","",""
"A0849","San Diego","Carlsbad, Encinitas","https://www.californiahealthmaps.org?address=A0849","Both","AllSite",343135,467.0,445.7,489.3,273475,468.9,445.7,493.4,"","","","",35300,426.0,345.7,522.4,20905,402.8,318.2,513.4,5,68627,0.0,8.8,13.1,78.8,0.6,8.0,9.9,8.0,"","","","","",""
"A0849","San Diego","Carlsbad, Encinitas","https://www.californiahealthmaps.org?address=A0849","Both","Lung",343135,34.6,28.9,41.3,273475,34.4,28.4,41.8,"","","","",35300,"","","",20905,"","","",5,68627,0.0,8.8,13.1,78.8,0.6,8.0,9.9,8.0,"","","","","",""
"A0849","San Diego","Carlsbad, Encinitas","https://www.californiahealthmaps.org?address=A0849","Both","CRC",343135,30.2,25.0,36.5,273475,30.8,25.1,37.9,"","","","",35300,"","","",20905,"","","",5,68627,0.0,8.8,13.1,78.8,0.6,8.0,9.9,8.0,"","","","","",""
"A0849","San Diego","Carlsbad, Encinitas","https://www.californiahealthmaps.org?address=A0849","Both","Mela",343135,55.3,48.1,63.6,273475,58.8,50.6,68.3,"","","","",35300,"","","",20905,"","","",5,68627,0.0,8.8,13.1,78.8,0.6,8.0,9.9,8.0,"","","","","",""
"A0849","San Diego","Carlsbad, Encinitas","https://www.californiahealthmaps.org?address=A0849","Both","Lymph",343135,31.5,26.0,38.1,273475,31.7,25.8,39.0,"","","","",35300,"","","",20905,"","","",5,68627,0.0,8.8,13.1,78.8,0.6,8.0,9.9,8.0,"","","","","",""
"A0849","San Diego","Carlsbad, Encinitas","https://www.californiahealthmaps.org?address=A0849","Both","Urinary",343135,9.8,6.9,13.9,273475,9.1,6.1,13.6,"","","","",35300,"","","",20905,"","","",5,68627,0.0,8.8,13.1,78.8,0.6,8.0,9.9,8.0,"","","","","",""
"A0849","San Diego","Carlsbad, Encinitas","https://www.californiahealthmaps.org?address=A0849","Both","Kidney",343135,14.1,10.6,18.7,273475,13.4,9.8,18.4,"","","","",35300,"","","",20905,"","","",5,68627,0.0,8.8,13.1,78.8,0.6,8.0,9.9,8.0,"","","","","",""
"A0849","San Diego","Carlsbad, Encinitas","https://www.californiahealthmaps.org?address=A0849","Both","Thyroid",343135,15.0,11.2,20.0,273475,15.2,10.8,21.1,"","","","",35300,"","","",20905,"","","",5,68627,0.0,8.8,13.1,78.8,0.6,8.0,9.9,8.0,"","","","","",""
"A0849","San Diego","Carlsbad, Encinitas","https://www.californiahealthmaps.org?address=A0849","Both","Liver",343135,4.0,2.3,6.8,273475,3.7,2.1,7.1,"","","","",35300,"","","",20905,"","","",5,68627,0.0,8.8,13.1,78.8,0.6,8.0,9.9,8.0,"","","","","",""
"A0849","San Diego","Carlsbad, Encinitas","https://www.californiahealthmaps.org?address=A0849","Both","Pancreas",343135,13.6,10.1,18.1,273475,12.6,9.2,17.5,"","","","",35300,"","","",20905,"","","",5,68627,0.0,8.8,13.1,78.8,0.6,8.0,9.9,8.0,"","","","","",""
