"Zone","Counties","Cities","URL","Sex","Cancer","PopTot","AAIR","LCI","UCI","White_PopTot","White_AAIR","White_LCI","White_UCI","Black_PopTot","Black_AAIR","Black_LCI","Black_UCI","Hispanic_PopTot","Hispanic_AAIR","Hispanic_LCI","Hispanic_UCI","Asian_PopTot","Asian_AAIR","Asian_LCI","Asian_UCI","QNSES","PopAll","PerRural","PerUninsured","PerForeignBorn","PerWhite","PerBlack","PerAsian","PerHispanic","PerAPI","PerDocvisit","PerFOBT","PerMammo","PerMenPrev","PerPap","PerWomenPrev"
"A0958","Los Angeles","Pasadena","https://www.californiahealthmaps.org?address=A0958","Male","AllSite",158875,429.0,397.1,463.1,68145,403.0,361.5,449.7,15985,499.2,404.5,614.9,56750,384.2,317.2,463.9,12360,412.8,306.0,552.9,4,65207,0.0,19.3,32.2,43.3,10.1,7.4,35.9,7.4,"","","","","",""
"A0958","Los Angeles","Pasadena","https://www.californiahealthmaps.org?address=A0958","Female","AllSite",167160,420.3,391.7,450.6,69930,435.8,394.9,481.7,18215,410.4,333.7,506.8,57560,384.7,330.0,446.7,15445,412.1,323.1,531.7,4,65207,0.0,19.3,32.2,43.3,10.1,7.4,35.9,7.4,"","","","","",""
"A0958","Los Angeles","Pasadena","https://www.californiahealthmaps.org?address=A0958","Male","Prostate",158875,108.8,93.4,126.3,68145,98.2,78.8,122.8,15985,154.5,107.2,223.2,56750,65.8,40.4,104.7,12360,"","","",4,65207,0.0,19.3,32.2,43.3,10.1,7.4,35.9,7.4,"","","","","",""
"A0958","Los Angeles","Pasadena","https://www.californiahealthmaps.org?address=A0958","Female","Breast",167160,139.4,123.2,157.4,69930,161.9,137.3,191.9,18215,124.7,83.0,188.3,57560,116.1,87.8,151.7,15445,120.7,75.2,200.9,4,65207,0.0,19.3,32.2,43.3,10.1,7.4,35.9,7.4,"","","","","",""
"A0958","Los Angeles","Pasadena","https://www.californiahealthmaps.org?address=A0958","Male","Lung",158875,42.3,32.5,54.3,68145,40.2,27.6,58.6,15985,"","","",56750,"","","",12360,"","","",4,65207,0.0,19.3,32.2,43.3,10.1,7.4,35.9,7.4,"","","","","",""
"A0958","Los Angeles","Pasadena","https://www.californiahealthmaps.org?address=A0958","Female","Lung",167160,31.2,23.7,40.5,69930,27.7,18.2,43.2,18215,57.7,32.0,106.6,57560,"","","",15445,"","","",4,65207,0.0,19.3,32.2,43.3,10.1,7.4,35.9,7.4,"","","","","",""
"A0958","Los Angeles","Pasadena","https://www.californiahealthmaps.org?address=A0958","Male","CRC",158875,39.4,30.2,50.8,68145,37.3,25.8,54.6,15985,"","","",56750,"","","",12360,"","","",4,65207,0.0,19.3,32.2,43.3,10.1,7.4,35.9,7.4,"","","","","",""
"A0958","Los Angeles","Pasadena","https://www.californiahealthmaps.org?address=A0958","Female","CRC",167160,26.7,20.0,35.1,69930,21.6,13.6,35.8,18215,"","","",57560,34.4,19.0,58.2,15445,"","","",4,65207,0.0,19.3,32.2,43.3,10.1,7.4,35.9,7.4,"","","","","",""
"A0958","Los Angeles","Pasadena","https://www.californiahealthmaps.org?address=A0958","Male","Mela",158875,19.3,13.0,27.9,68145,23.8,14.6,39.0,15985,"","","",56750,"","","",12360,"","","",4,65207,0.0,19.3,32.2,43.3,10.1,7.4,35.9,7.4,"","","","","",""
"A0958","Los Angeles","Pasadena","https://www.californiahealthmaps.org?address=A0958","Female","Mela",167160,14.3,9.5,21.1,69930,19.2,11.5,33.2,18215,"","","",57560,"","","",15445,"","","",4,65207,0.0,19.3,32.2,43.3,10.1,7.4,35.9,7.4,"","","","","",""
"A0958","Los Angeles","Pasadena","https://www.californiahealthmaps.org?address=A0958","Female","Uterine",167160,28.7,21.9,37.4,69930,26.9,18.1,41.6,18215,"","","",57560,32.9,18.6,55.3,15445,"","","",4,65207,0.0,19.3,32.2,43.3,10.1,7.4,35.9,7.4,"","","","","",""
"A0958","Los Angeles","Pasadena","https://www.californiahealthmaps.org?address=A0958","Male","Lymph",158875,22.3,15.6,31.2,68145,19.2,10.8,33.9,15985,"","","",56750,"","","",12360,"","","",4,65207,0.0,19.3,32.2,43.3,10.1,7.4,35.9,7.4,"","","","","",""
"A0958","Los Angeles","Pasadena","https://www.californiahealthmaps.org?address=A0958","Female","Lymph",167160,20.4,14.4,28.3,69930,21.9,13.7,36.3,18215,"","","",57560,"","","",15445,"","","",4,65207,0.0,19.3,32.2,43.3,10.1,7.4,35.9,7.4,"","","","","",""
"A0958","Los Angeles","Pasadena","https://www.californiahealthmaps.org?address=A0958","Male","Urinary",158875,16.1,10.3,24.3,68145,20.3,12.1,34.6,15985,"","","",56750,"","","",12360,"","","",4,65207,0.0,19.3,32.2,43.3,10.1,7.4,35.9,7.4,"","","","","",""
"A0958","Los Angeles","Pasadena","https://www.californiahealthmaps.org?address=A0958","Female","Urinary",167160,7.3,4.0,12.5,69930,"","","",18215,"","","",57560,"","","",15445,"","","",4,65207,0.0,19.3,32.2,43.3,10.1,7.4,35.9,7.4,"","","","","",""
"A0958","Los Angeles","Pasadena","https://www.californiahealthmaps.org?address=A0958","Male","Kidney",158875,23.4,16.3,32.6,68145,17.6,9.7,31.7,15985,"","","",56750,"","","",12360,"","","",4,65207,0.0,19.3,32.2,43.3,10.1,7.4,35.9,7.4,"","","","","",""
"A0958","Los Angeles","Pasadena","https://www.californiahealthmaps.org?address=A0958","Female","Kidney",167160,11.2,7.0,17.6,69930,"","","",18215,"","","",57560,"","","",15445,"","","",4,65207,0.0,19.3,32.2,43.3,10.1,7.4,35.9,7.4,"","","","","",""
"A0958","Los Angeles","Pasadena","https://www.californiahealthmaps.org?address=A0958","Male","Thyroid",158875,"","","",68145,"","","",15985,"","","",56750,"","","",12360,"","","",4,65207,0.0,19.3,32.2,43.3,10.1,7.4,35.9,7.4,"","","","","",""
"A0958","Los Angeles","Pasadena","https://www.californiahealthmaps.org?address=A0958","Female","Thyroid",167160,22.2,15.8,30.7,69930,23.4,13.7,39.8,18215,"","","",57560,"","","",15445,"","","",4,65207,0.0,19.3,32.2,43.3,10.1,7.4,35.9,7.4,"","","","","",""
"A0958","Los Angeles","Pasadena","https://www.californiahealthmaps.org?address=A0958","Male","Liver",158875,18.7,12.7,26.9,68145,"","","",15985,"","","",56750,"","","",12360,"","","",4,65207,0.0,19.3,32.2,43.3,10.1,7.4,35.9,7.4,"","","","","",""
"A0958","Los Angeles","Pasadena","https://www.californiahealthmaps.org?address=A0958","Female","Liver",167160,"","","",69930,"","","",18215,"","","",57560,"","","",15445,"","","",4,65207,0.0,19.3,32.2,43.3,10.1,7.4,35.9,7.4,"","","","","",""
"A0958","Los Angeles","Pasadena","https://www.californiahealthmaps.org?address=A0958","Male","Pancreas",158875,13.8,8.4,21.6,68145,"","","",15985,"","","",56750,"","","",12360,"","","",4,65207,0.0,19.3,32.2,43.3,10.1,7.4,35.9,7.4,"","","","","",""
"A0958","Los Angeles","Pasadena","https://www.californiahealthmaps.org?address=A0958","Female","Pancreas",167160,9.5,5.7,15.4,69930,"","","",18215,"","","",57560,"","","",15445,"","","",4,65207,0.0,19.3,32.2,43.3,10.1,7.4,35.9,7.4,"","","","","",""
"A0958","Los Angeles","Pasadena","https://www.californiahealthmaps.org?address=A0958","Both","AllSite",326035,421.4,400.2,443.4,138075,416.1,387.2,447.5,34200,449.9,389.6,519.8,114310,378.8,336.7,425.2,27805,409.5,340.3,493.7,4,65207,0.0,19.3,32.2,43.3,10.1,7.4,35.9,7.4,"","","","","",""
"A0958","Los Angeles","Pasadena","https://www.californiahealthmaps.org?address=A0958","Both","Lung",326035,36.1,30.0,43.2,138075,33.4,25.5,44.1,34200,60.9,40.4,92.0,114310,22.7,13.0,37.3,27805,52.6,29.8,92.9,4,65207,0.0,19.3,32.2,43.3,10.1,7.4,35.9,7.4,"","","","","",""
"A0958","Los Angeles","Pasadena","https://www.californiahealthmaps.org?address=A0958","Both","CRC",326035,32.7,27.1,39.3,138075,28.9,21.9,38.6,34200,39.6,22.7,68.1,114310,33.0,21.0,49.8,27805,"","","",4,65207,0.0,19.3,32.2,43.3,10.1,7.4,35.9,7.4,"","","","","",""
"A0958","Los Angeles","Pasadena","https://www.californiahealthmaps.org?address=A0958","Both","Mela",326035,16.6,12.6,21.6,138075,21.4,15.2,30.5,34200,"","","",114310,"","","",27805,"","","",4,65207,0.0,19.3,32.2,43.3,10.1,7.4,35.9,7.4,"","","","","",""
"A0958","Los Angeles","Pasadena","https://www.californiahealthmaps.org?address=A0958","Both","Lymph",326035,21.5,16.9,27.2,138075,20.9,14.7,30.0,34200,"","","",114310,"","","",27805,"","","",4,65207,0.0,19.3,32.2,43.3,10.1,7.4,35.9,7.4,"","","","","",""
"A0958","Los Angeles","Pasadena","https://www.californiahealthmaps.org?address=A0958","Both","Urinary",326035,10.8,7.7,14.8,138075,14.0,9.3,21.5,34200,"","","",114310,"","","",27805,"","","",4,65207,0.0,19.3,32.2,43.3,10.1,7.4,35.9,7.4,"","","","","",""
"A0958","Los Angeles","Pasadena","https://www.californiahealthmaps.org?address=A0958","Both","Kidney",326035,16.8,12.7,21.9,138075,15.4,10.2,23.7,34200,"","","",114310,22.1,13.0,35.9,27805,"","","",4,65207,0.0,19.3,32.2,43.3,10.1,7.4,35.9,7.4,"","","","","",""
"A0958","Los Angeles","Pasadena","https://www.californiahealthmaps.org?address=A0958","Both","Thyroid",326035,15.1,11.2,19.9,138075,16.4,10.6,25.2,34200,"","","",114310,16.5,9.1,28.6,27805,"","","",4,65207,0.0,19.3,32.2,43.3,10.1,7.4,35.9,7.4,"","","","","",""
"A0958","Los Angeles","Pasadena","https://www.californiahealthmaps.org?address=A0958","Both","Liver",326035,12.1,8.8,16.4,138075,7.1,4.0,13.4,34200,"","","",114310,"","","",27805,"","","",4,65207,0.0,19.3,32.2,43.3,10.1,7.4,35.9,7.4,"","","","","",""
"A0958","Los Angeles","Pasadena","https://www.californiahealthmaps.org?address=A0958","Both","Pancreas",326035,11.2,7.9,15.5,138075,13.0,8.2,20.8,34200,"","","",114310,"","","",27805,"","","",4,65207,0.0,19.3,32.2,43.3,10.1,7.4,35.9,7.4,"","","","","",""
