"Zone","Counties","Cities","URL","Sex","Cancer","PopTot","AAIR","LCI","UCI","White_PopTot","White_AAIR","White_LCI","White_UCI","Black_PopTot","Black_AAIR","Black_LCI","Black_UCI","Hispanic_PopTot","Hispanic_AAIR","Hispanic_LCI","Hispanic_UCI","Asian_PopTot","Asian_AAIR","Asian_LCI","Asian_UCI","QNSES","PopAll","PerRural","PerUninsured","PerForeignBorn","PerWhite","PerBlack","PerAsian","PerHispanic","PerAPI","PerDocvisit","PerFOBT","PerMammo","PerMenPrev","PerPap","PerWomenPrev"
"A0164","Los Angeles","Glendora","https://www.californiahealthmaps.org?address=A0164","Male","AllSite",139965,532.8,493.4,574.8,63105,509.6,460.8,564.3,"","","","",54975,587.2,498.3,690.4,13790,397.1,288.0,541.6,4,57876,0.0,14.2,18.5,46.2,2.7,8.2,40.6,8.2,"","","","","",""
"A0164","Los Angeles","Glendora","https://www.californiahealthmaps.org?address=A0164","Female","AllSite",149415,407.9,378.1,439.7,67165,409.5,369.3,455.0,"","","","",59820,414.2,355.8,480.8,14805,401.0,311.6,517.6,4,57876,0.0,14.2,18.5,46.2,2.7,8.2,40.6,8.2,"","","","","",""
"A0164","Los Angeles","Glendora","https://www.californiahealthmaps.org?address=A0164","Male","Prostate",139965,138.9,119.2,161.1,63105,116.5,94.8,144.4,"","","","",54975,172.0,123.8,236.0,13790,"","","",4,57876,0.0,14.2,18.5,46.2,2.7,8.2,40.6,8.2,"","","","","",""
"A0164","Los Angeles","Glendora","https://www.californiahealthmaps.org?address=A0164","Female","Breast",149415,121.9,106.0,140.0,67165,120.5,99.6,147.0,"","","","",59820,122.7,92.6,161.0,14805,136.4,87.3,215.0,4,57876,0.0,14.2,18.5,46.2,2.7,8.2,40.6,8.2,"","","","","",""
"A0164","Los Angeles","Glendora","https://www.californiahealthmaps.org?address=A0164","Male","Lung",139965,49.8,37.9,64.3,63105,57.2,41.9,79.2,"","","","",54975,"","","",13790,"","","",4,57876,0.0,14.2,18.5,46.2,2.7,8.2,40.6,8.2,"","","","","",""
"A0164","Los Angeles","Glendora","https://www.californiahealthmaps.org?address=A0164","Female","Lung",149415,35.6,27.2,46.2,67165,44.2,32.5,61.9,"","","","",59820,"","","",14805,"","","",4,57876,0.0,14.2,18.5,46.2,2.7,8.2,40.6,8.2,"","","","","",""
"A0164","Los Angeles","Glendora","https://www.californiahealthmaps.org?address=A0164","Male","CRC",139965,56.9,44.6,71.9,63105,57.0,42.0,78.7,"","","","",54975,69.6,41.0,114.5,13790,"","","",4,57876,0.0,14.2,18.5,46.2,2.7,8.2,40.6,8.2,"","","","","",""
"A0164","Los Angeles","Glendora","https://www.californiahealthmaps.org?address=A0164","Female","CRC",149415,30.0,22.4,39.8,67165,30.0,19.8,46.6,"","","","",59820,"","","",14805,"","","",4,57876,0.0,14.2,18.5,46.2,2.7,8.2,40.6,8.2,"","","","","",""
"A0164","Los Angeles","Glendora","https://www.californiahealthmaps.org?address=A0164","Male","Mela",139965,33.1,23.8,45.0,63105,45.2,31.2,66.2,"","","","",54975,"","","",13790,"","","",4,57876,0.0,14.2,18.5,46.2,2.7,8.2,40.6,8.2,"","","","","",""
"A0164","Los Angeles","Glendora","https://www.californiahealthmaps.org?address=A0164","Female","Mela",149415,17.1,11.2,25.4,67165,28.7,17.6,46.8,"","","","",59820,"","","",14805,"","","",4,57876,0.0,14.2,18.5,46.2,2.7,8.2,40.6,8.2,"","","","","",""
"A0164","Los Angeles","Glendora","https://www.californiahealthmaps.org?address=A0164","Female","Uterine",149415,40.8,31.9,51.8,67165,37.4,26.3,54.7,"","","","",59820,50.2,31.2,78.2,14805,"","","",4,57876,0.0,14.2,18.5,46.2,2.7,8.2,40.6,8.2,"","","","","",""
"A0164","Los Angeles","Glendora","https://www.californiahealthmaps.org?address=A0164","Male","Lymph",139965,27.7,19.4,38.6,63105,26.9,16.2,44.9,"","","","",54975,"","","",13790,"","","",4,57876,0.0,14.2,18.5,46.2,2.7,8.2,40.6,8.2,"","","","","",""
"A0164","Los Angeles","Glendora","https://www.californiahealthmaps.org?address=A0164","Female","Lymph",149415,13.1,8.4,20.1,67165,"","","","","","","",59820,"","","",14805,"","","",4,57876,0.0,14.2,18.5,46.2,2.7,8.2,40.6,8.2,"","","","","",""
"A0164","Los Angeles","Glendora","https://www.californiahealthmaps.org?address=A0164","Male","Urinary",139965,19.5,12.2,29.8,63105,19.7,11.0,35.9,"","","","",54975,"","","",13790,"","","",4,57876,0.0,14.2,18.5,46.2,2.7,8.2,40.6,8.2,"","","","","",""
"A0164","Los Angeles","Glendora","https://www.californiahealthmaps.org?address=A0164","Female","Urinary",149415,"","","",67165,"","","","","","","",59820,"","","",14805,"","","",4,57876,0.0,14.2,18.5,46.2,2.7,8.2,40.6,8.2,"","","","","",""
"A0164","Los Angeles","Glendora","https://www.californiahealthmaps.org?address=A0164","Male","Kidney",139965,21.7,14.6,31.4,63105,18.5,10.5,34.0,"","","","",54975,"","","",13790,"","","",4,57876,0.0,14.2,18.5,46.2,2.7,8.2,40.6,8.2,"","","","","",""
"A0164","Los Angeles","Glendora","https://www.californiahealthmaps.org?address=A0164","Female","Kidney",149415,12.4,7.6,19.5,67165,"","","","","","","",59820,"","","",14805,"","","",4,57876,0.0,14.2,18.5,46.2,2.7,8.2,40.6,8.2,"","","","","",""
"A0164","Los Angeles","Glendora","https://www.californiahealthmaps.org?address=A0164","Male","Thyroid",139965,"","","",63105,"","","","","","","",54975,"","","",13790,"","","",4,57876,0.0,14.2,18.5,46.2,2.7,8.2,40.6,8.2,"","","","","",""
"A0164","Los Angeles","Glendora","https://www.californiahealthmaps.org?address=A0164","Female","Thyroid",149415,26.6,19.1,36.3,67165,23.0,13.1,40.2,"","","","",59820,41.2,25.5,65.3,14805,"","","",4,57876,0.0,14.2,18.5,46.2,2.7,8.2,40.6,8.2,"","","","","",""
"A0164","Los Angeles","Glendora","https://www.californiahealthmaps.org?address=A0164","Male","Liver",139965,19.8,12.9,29.4,63105,"","","","","","","",54975,"","","",13790,"","","",4,57876,0.0,14.2,18.5,46.2,2.7,8.2,40.6,8.2,"","","","","",""
"A0164","Los Angeles","Glendora","https://www.californiahealthmaps.org?address=A0164","Female","Liver",149415,"","","",67165,"","","","","","","",59820,"","","",14805,"","","",4,57876,0.0,14.2,18.5,46.2,2.7,8.2,40.6,8.2,"","","","","",""
"A0164","Los Angeles","Glendora","https://www.californiahealthmaps.org?address=A0164","Male","Pancreas",139965,15.9,9.7,24.8,63105,"","","","","","","",54975,"","","",13790,"","","",4,57876,0.0,14.2,18.5,46.2,2.7,8.2,40.6,8.2,"","","","","",""
"A0164","Los Angeles","Glendora","https://www.californiahealthmaps.org?address=A0164","Female","Pancreas",149415,11.0,6.6,17.8,67165,"","","","","","","",59820,"","","",14805,"","","",4,57876,0.0,14.2,18.5,46.2,2.7,8.2,40.6,8.2,"","","","","",""
"A0164","Los Angeles","Glendora","https://www.californiahealthmaps.org?address=A0164","Both","AllSite",289380,458.3,434.5,483.2,130270,449.3,418.4,482.8,"","","","",114795,480.1,430.3,534.8,28595,397.6,328.1,479.8,4,57876,0.0,14.2,18.5,46.2,2.7,8.2,40.6,8.2,"","","","","",""
"A0164","Los Angeles","Glendora","https://www.californiahealthmaps.org?address=A0164","Both","Lung",289380,41.5,34.4,49.7,130270,49.4,39.9,61.9,"","","","",114795,"","","",28595,"","","",4,57876,0.0,14.2,18.5,46.2,2.7,8.2,40.6,8.2,"","","","","",""
"A0164","Los Angeles","Glendora","https://www.californiahealthmaps.org?address=A0164","Both","CRC",289380,41.3,34.4,49.3,130270,41.5,32.7,53.3,"","","","",114795,46.9,31.8,67.4,28595,"","","",4,57876,0.0,14.2,18.5,46.2,2.7,8.2,40.6,8.2,"","","","","",""
"A0164","Los Angeles","Glendora","https://www.californiahealthmaps.org?address=A0164","Both","Mela",289380,23.6,18.4,30.0,130270,35.5,26.6,47.7,"","","","",114795,"","","",28595,"","","",4,57876,0.0,14.2,18.5,46.2,2.7,8.2,40.6,8.2,"","","","","",""
"A0164","Los Angeles","Glendora","https://www.californiahealthmaps.org?address=A0164","Both","Lymph",289380,19.8,15.1,25.6,130270,17.4,11.7,26.6,"","","","",114795,23.8,14.1,38.8,28595,"","","",4,57876,0.0,14.2,18.5,46.2,2.7,8.2,40.6,8.2,"","","","","",""
"A0164","Los Angeles","Glendora","https://www.californiahealthmaps.org?address=A0164","Both","Urinary",289380,11.7,8.1,16.5,130270,12.3,7.9,20.1,"","","","",114795,"","","",28595,"","","",4,57876,0.0,14.2,18.5,46.2,2.7,8.2,40.6,8.2,"","","","","",""
"A0164","Los Angeles","Glendora","https://www.californiahealthmaps.org?address=A0164","Both","Kidney",289380,16.8,12.5,22.3,130270,15.2,9.8,24.1,"","","","",114795,19.0,10.7,32.6,28595,"","","",4,57876,0.0,14.2,18.5,46.2,2.7,8.2,40.6,8.2,"","","","","",""
"A0164","Los Angeles","Glendora","https://www.californiahealthmaps.org?address=A0164","Both","Thyroid",289380,17.0,12.7,22.5,130270,13.6,8.2,22.5,"","","","",114795,25.7,16.1,40.4,28595,"","","",4,57876,0.0,14.2,18.5,46.2,2.7,8.2,40.6,8.2,"","","","","",""
"A0164","Los Angeles","Glendora","https://www.californiahealthmaps.org?address=A0164","Both","Liver",289380,10.4,7.1,14.8,130270,7.5,4.1,14.4,"","","","",114795,"","","",28595,"","","",4,57876,0.0,14.2,18.5,46.2,2.7,8.2,40.6,8.2,"","","","","",""
"A0164","Los Angeles","Glendora","https://www.californiahealthmaps.org?address=A0164","Both","Pancreas",289380,12.8,9.1,17.6,130270,10.5,6.5,18.1,"","","","",114795,22.7,12.7,38.4,28595,"","","",4,57876,0.0,14.2,18.5,46.2,2.7,8.2,40.6,8.2,"","","","","",""
