"Zone","Counties","Cities","URL","Sex","Cancer","PopTot","AAIR","LCI","UCI","White_PopTot","White_AAIR","White_LCI","White_UCI","Black_PopTot","Black_AAIR","Black_LCI","Black_UCI","Hispanic_PopTot","Hispanic_AAIR","Hispanic_LCI","Hispanic_UCI","Asian_PopTot","Asian_AAIR","Asian_LCI","Asian_UCI","QNSES","PopAll","PerRural","PerUninsured","PerForeignBorn","PerWhite","PerBlack","PerAsian","PerHispanic","PerAPI","PerDocvisit","PerFOBT","PerMammo","PerMenPrev","PerPap","PerWomenPrev"
"A0273","Los Angeles","Walnut","https://www.californiahealthmaps.org?address=A0273","Male","AllSite",143970,429.8,393.9,468.8,15775,616.1,499.1,769.6,"","","","",52750,442.3,373.9,523.3,67810,349.7,304.3,401.0,4,58721,0.0,15.6,45.2,10.6,3.7,48.3,35.4,48.3,"","","","","",""
"A0273","Los Angeles","Walnut","https://www.californiahealthmaps.org?address=A0273","Female","AllSite",149635,375.0,345.2,407.0,14960,578.5,460.8,746.3,"","","","",53975,325.8,275.5,384.4,73235,367.2,326.7,413.2,4,58721,0.0,15.6,45.2,10.6,3.7,48.3,35.4,48.3,"","","","","",""
"A0273","Los Angeles","Walnut","https://www.californiahealthmaps.org?address=A0273","Male","Prostate",143970,93.0,77.3,111.8,15775,101.4,64.0,181.7,"","","","",52750,103.2,72.6,147.3,67810,67.9,49.7,92.1,4,58721,0.0,15.6,45.2,10.6,3.7,48.3,35.4,48.3,"","","","","",""
"A0273","Los Angeles","Walnut","https://www.californiahealthmaps.org?address=A0273","Female","Breast",149635,118.7,102.7,136.9,14960,221.5,154.9,343.9,"","","","",53975,77.1,53.9,109.0,73235,115.1,94.1,141.7,4,58721,0.0,15.6,45.2,10.6,3.7,48.3,35.4,48.3,"","","","","",""
"A0273","Los Angeles","Walnut","https://www.californiahealthmaps.org?address=A0273","Male","Lung",143970,48.3,36.2,63.9,15775,58.8,32.5,131.7,"","","","",52750,"","","",67810,59.8,41.4,84.9,4,58721,0.0,15.6,45.2,10.6,3.7,48.3,35.4,48.3,"","","","","",""
"A0273","Los Angeles","Walnut","https://www.californiahealthmaps.org?address=A0273","Female","Lung",149635,36.9,27.9,48.3,14960,"","","","","","","",53975,"","","",73235,54.6,39.5,75.9,4,58721,0.0,15.6,45.2,10.6,3.7,48.3,35.4,48.3,"","","","","",""
"A0273","Los Angeles","Walnut","https://www.californiahealthmaps.org?address=A0273","Male","CRC",143970,43.7,32.8,58.0,15775,"","","","","","","",52750,52.1,31.2,87.1,67810,42.2,27.2,63.8,4,58721,0.0,15.6,45.2,10.6,3.7,48.3,35.4,48.3,"","","","","",""
"A0273","Los Angeles","Walnut","https://www.californiahealthmaps.org?address=A0273","Female","CRC",149635,35.1,26.4,46.1,14960,"","","","","","","",53975,38.0,22.3,62.7,73235,35.0,23.1,53.4,4,58721,0.0,15.6,45.2,10.6,3.7,48.3,35.4,48.3,"","","","","",""
"A0273","Los Angeles","Walnut","https://www.californiahealthmaps.org?address=A0273","Male","Mela",143970,11.5,6.3,20.3,15775,"","","","","","","",52750,"","","",67810,"","","",4,58721,0.0,15.6,45.2,10.6,3.7,48.3,35.4,48.3,"","","","","",""
"A0273","Los Angeles","Walnut","https://www.californiahealthmaps.org?address=A0273","Female","Mela",149635,"","","",14960,"","","","","","","",53975,"","","",73235,"","","",4,58721,0.0,15.6,45.2,10.6,3.7,48.3,35.4,48.3,"","","","","",""
"A0273","Los Angeles","Walnut","https://www.californiahealthmaps.org?address=A0273","Female","Uterine",149635,20.4,14.3,29.0,14960,64.6,36.0,160.9,"","","","",53975,"","","",73235,"","","",4,58721,0.0,15.6,45.2,10.6,3.7,48.3,35.4,48.3,"","","","","",""
"A0273","Los Angeles","Walnut","https://www.californiahealthmaps.org?address=A0273","Male","Lymph",143970,22.9,15.1,34.2,15775,"","","","","","","",52750,"","","",67810,"","","",4,58721,0.0,15.6,45.2,10.6,3.7,48.3,35.4,48.3,"","","","","",""
"A0273","Los Angeles","Walnut","https://www.californiahealthmaps.org?address=A0273","Female","Lymph",149635,12.5,7.5,20.0,14960,"","","","","","","",53975,"","","",73235,"","","",4,58721,0.0,15.6,45.2,10.6,3.7,48.3,35.4,48.3,"","","","","",""
"A0273","Los Angeles","Walnut","https://www.californiahealthmaps.org?address=A0273","Male","Urinary",143970,14.0,7.9,23.8,15775,"","","","","","","",52750,"","","",67810,"","","",4,58721,0.0,15.6,45.2,10.6,3.7,48.3,35.4,48.3,"","","","","",""
"A0273","Los Angeles","Walnut","https://www.californiahealthmaps.org?address=A0273","Female","Urinary",149635,"","","",14960,"","","","","","","",53975,"","","",73235,"","","",4,58721,0.0,15.6,45.2,10.6,3.7,48.3,35.4,48.3,"","","","","",""
"A0273","Los Angeles","Walnut","https://www.californiahealthmaps.org?address=A0273","Male","Kidney",143970,26.8,18.7,38.3,15775,"","","","","","","",52750,39.8,22.3,71.8,67810,"","","",4,58721,0.0,15.6,45.2,10.6,3.7,48.3,35.4,48.3,"","","","","",""
"A0273","Los Angeles","Walnut","https://www.californiahealthmaps.org?address=A0273","Female","Kidney",149635,12.5,7.6,20.1,14960,"","","","","","","",53975,"","","",73235,"","","",4,58721,0.0,15.6,45.2,10.6,3.7,48.3,35.4,48.3,"","","","","",""
"A0273","Los Angeles","Walnut","https://www.californiahealthmaps.org?address=A0273","Male","Thyroid",143970,18.3,11.9,28.1,15775,"","","","","","","",52750,"","","",67810,"","","",4,58721,0.0,15.6,45.2,10.6,3.7,48.3,35.4,48.3,"","","","","",""
"A0273","Los Angeles","Walnut","https://www.californiahealthmaps.org?address=A0273","Female","Thyroid",149635,29.9,21.7,40.5,14960,"","","","","","","",53975,36.5,22.1,59.5,73235,27.7,16.8,45.3,4,58721,0.0,15.6,45.2,10.6,3.7,48.3,35.4,48.3,"","","","","",""
"A0273","Los Angeles","Walnut","https://www.californiahealthmaps.org?address=A0273","Male","Liver",143970,22.7,15.3,33.7,15775,"","","","","","","",52750,"","","",67810,24.4,13.8,41.5,4,58721,0.0,15.6,45.2,10.6,3.7,48.3,35.4,48.3,"","","","","",""
"A0273","Los Angeles","Walnut","https://www.californiahealthmaps.org?address=A0273","Female","Liver",149635,"","","",14960,"","","","","","","",53975,"","","",73235,"","","",4,58721,0.0,15.6,45.2,10.6,3.7,48.3,35.4,48.3,"","","","","",""
"A0273","Los Angeles","Walnut","https://www.californiahealthmaps.org?address=A0273","Male","Pancreas",143970,21.4,13.9,32.5,15775,"","","","","","","",52750,"","","",67810,"","","",4,58721,0.0,15.6,45.2,10.6,3.7,48.3,35.4,48.3,"","","","","",""
"A0273","Los Angeles","Walnut","https://www.californiahealthmaps.org?address=A0273","Female","Pancreas",149635,"","","",14960,"","","","","","","",53975,"","","",73235,"","","",4,58721,0.0,15.6,45.2,10.6,3.7,48.3,35.4,48.3,"","","","","",""
"A0273","Los Angeles","Walnut","https://www.californiahealthmaps.org?address=A0273","Both","AllSite",293605,398.6,375.7,422.8,30735,591.9,510.2,693.3,"","","","",106725,374.5,333.2,420.5,141045,357.7,327.5,390.7,4,58721,0.0,15.6,45.2,10.6,3.7,48.3,35.4,48.3,"","","","","",""
"A0273","Los Angeles","Walnut","https://www.californiahealthmaps.org?address=A0273","Both","Lung",293605,41.9,34.4,50.7,30735,39.8,24.0,82.1,"","","","",106725,"","","",141045,56.6,44.7,71.6,4,58721,0.0,15.6,45.2,10.6,3.7,48.3,35.4,48.3,"","","","","",""
"A0273","Los Angeles","Walnut","https://www.californiahealthmaps.org?address=A0273","Both","CRC",293605,38.6,31.8,46.6,30735,34.7,20.8,75.7,"","","","",106725,44.1,31.0,62.4,141045,37.7,28.2,50.2,4,58721,0.0,15.6,45.2,10.6,3.7,48.3,35.4,48.3,"","","","","",""
"A0273","Los Angeles","Walnut","https://www.californiahealthmaps.org?address=A0273","Both","Mela",293605,7.4,4.5,11.6,30735,"","","","","","","",106725,"","","",141045,"","","",4,58721,0.0,15.6,45.2,10.6,3.7,48.3,35.4,48.3,"","","","","",""
"A0273","Los Angeles","Walnut","https://www.californiahealthmaps.org?address=A0273","Both","Lymph",293605,17.2,12.7,23.1,30735,"","","","","","","",106725,24.7,14.5,40.6,141045,10.7,5.9,18.8,4,58721,0.0,15.6,45.2,10.6,3.7,48.3,35.4,48.3,"","","","","",""
"A0273","Los Angeles","Walnut","https://www.californiahealthmaps.org?address=A0273","Both","Urinary",293605,8.7,5.4,13.3,30735,"","","","","","","",106725,"","","",141045,"","","",4,58721,0.0,15.6,45.2,10.6,3.7,48.3,35.4,48.3,"","","","","",""
"A0273","Los Angeles","Walnut","https://www.californiahealthmaps.org?address=A0273","Both","Kidney",293605,18.9,14.2,24.8,30735,"","","","","","","",106725,28.1,18.2,43.2,141045,11.9,7.0,20.1,4,58721,0.0,15.6,45.2,10.6,3.7,48.3,35.4,48.3,"","","","","",""
"A0273","Los Angeles","Walnut","https://www.californiahealthmaps.org?address=A0273","Both","Thyroid",293605,24.4,19.0,31.0,30735,"","","","","","","",106725,30.8,20.9,45.7,141045,21.8,14.8,32.0,4,58721,0.0,15.6,45.2,10.6,3.7,48.3,35.4,48.3,"","","","","",""
"A0273","Los Angeles","Walnut","https://www.californiahealthmaps.org?address=A0273","Both","Liver",293605,14.2,10.2,19.6,30735,"","","","","","","",106725,"","","",141045,13.6,8.3,22.1,4,58721,0.0,15.6,45.2,10.6,3.7,48.3,35.4,48.3,"","","","","",""
"A0273","Los Angeles","Walnut","https://www.californiahealthmaps.org?address=A0273","Both","Pancreas",293605,13.7,9.7,19.1,30735,"","","","","","","",106725,"","","",141045,12.8,7.7,21.1,4,58721,0.0,15.6,45.2,10.6,3.7,48.3,35.4,48.3,"","","","","",""
