"Zone","Counties","Cities","URL","Sex","Cancer","PopTot","AAIR","LCI","UCI","White_PopTot","White_AAIR","White_LCI","White_UCI","Black_PopTot","Black_AAIR","Black_LCI","Black_UCI","Hispanic_PopTot","Hispanic_AAIR","Hispanic_LCI","Hispanic_UCI","Asian_PopTot","Asian_AAIR","Asian_LCI","Asian_UCI","QNSES","PopAll","PerRural","PerUninsured","PerForeignBorn","PerWhite","PerBlack","PerAsian","PerHispanic","PerAPI","PerDocvisit","PerFOBT","PerMammo","PerMenPrev","PerPap","PerWomenPrev"
"A1020","Santa Barbara","Santa Barbara","https://www.californiahealthmaps.org?address=A1020","Male","AllSite",170635,468.8,437.4,502.1,94645,484.7,447.4,525.9,"","","","",61490,347.0,285.7,419.0,"","","","",5,69143,0.0,15.7,23.0,56.7,1.3,5.1,34.3,5.1,"","","","","",""
"A1020","Santa Barbara","Santa Barbara","https://www.californiahealthmaps.org?address=A1020","Female","AllSite",175080,386.5,360.2,414.6,100895,401.3,368.5,437.9,"","","","",58765,327.0,273.9,388.4,"","","","",5,69143,0.0,15.7,23.0,56.7,1.3,5.1,34.3,5.1,"","","","","",""
"A1020","Santa Barbara","Santa Barbara","https://www.californiahealthmaps.org?address=A1020","Male","Prostate",170635,98.5,84.4,114.5,94645,107.5,90.7,128.6,"","","","",61490,46.8,25.7,79.8,"","","","",5,69143,0.0,15.7,23.0,56.7,1.3,5.1,34.3,5.1,"","","","","",""
"A1020","Santa Barbara","Santa Barbara","https://www.californiahealthmaps.org?address=A1020","Female","Breast",175080,137.8,122.1,155.4,100895,141.0,122.1,163.9,"","","","",58765,115.8,85.5,154.7,"","","","",5,69143,0.0,15.7,23.0,56.7,1.3,5.1,34.3,5.1,"","","","","",""
"A1020","Santa Barbara","Santa Barbara","https://www.californiahealthmaps.org?address=A1020","Male","Lung",170635,44.8,35.4,56.2,94645,52.4,40.7,68.6,"","","","",61490,"","","","","","","",5,69143,0.0,15.7,23.0,56.7,1.3,5.1,34.3,5.1,"","","","","",""
"A1020","Santa Barbara","Santa Barbara","https://www.californiahealthmaps.org?address=A1020","Female","Lung",175080,36.9,29.4,46.3,100895,41.9,32.7,55.4,"","","","",58765,"","","","","","","",5,69143,0.0,15.7,23.0,56.7,1.3,5.1,34.3,5.1,"","","","","",""
"A1020","Santa Barbara","Santa Barbara","https://www.californiahealthmaps.org?address=A1020","Male","CRC",170635,33.8,25.8,43.8,94645,35.9,26.3,50.1,"","","","",61490,"","","","","","","",5,69143,0.0,15.7,23.0,56.7,1.3,5.1,34.3,5.1,"","","","","",""
"A1020","Santa Barbara","Santa Barbara","https://www.californiahealthmaps.org?address=A1020","Female","CRC",175080,20.5,15.0,27.8,100895,22.8,15.6,34.7,"","","","",58765,"","","","","","","",5,69143,0.0,15.7,23.0,56.7,1.3,5.1,34.3,5.1,"","","","","",""
"A1020","Santa Barbara","Santa Barbara","https://www.californiahealthmaps.org?address=A1020","Male","Mela",170635,55.0,44.6,67.4,94645,58.0,45.5,75.0,"","","","",61490,"","","","","","","",5,69143,0.0,15.7,23.0,56.7,1.3,5.1,34.3,5.1,"","","","","",""
"A1020","Santa Barbara","Santa Barbara","https://www.californiahealthmaps.org?address=A1020","Female","Mela",175080,26.2,19.7,34.7,100895,27.7,19.2,40.9,"","","","",58765,"","","","","","","",5,69143,0.0,15.7,23.0,56.7,1.3,5.1,34.3,5.1,"","","","","",""
"A1020","Santa Barbara","Santa Barbara","https://www.californiahealthmaps.org?address=A1020","Female","Uterine",175080,24.9,18.9,32.9,100895,21.4,15.1,32.4,"","","","",58765,"","","","","","","",5,69143,0.0,15.7,23.0,56.7,1.3,5.1,34.3,5.1,"","","","","",""
"A1020","Santa Barbara","Santa Barbara","https://www.californiahealthmaps.org?address=A1020","Male","Lymph",170635,29.0,21.5,38.5,94645,28.6,20.0,41.9,"","","","",61490,"","","","","","","",5,69143,0.0,15.7,23.0,56.7,1.3,5.1,34.3,5.1,"","","","","",""
"A1020","Santa Barbara","Santa Barbara","https://www.californiahealthmaps.org?address=A1020","Female","Lymph",175080,15.1,10.4,21.8,100895,16.4,10.2,27.5,"","","","",58765,"","","","","","","",5,69143,0.0,15.7,23.0,56.7,1.3,5.1,34.3,5.1,"","","","","",""
"A1020","Santa Barbara","Santa Barbara","https://www.californiahealthmaps.org?address=A1020","Male","Urinary",170635,15.2,10.1,22.4,94645,20.1,13.2,32.0,"","","","",61490,"","","","","","","",5,69143,0.0,15.7,23.0,56.7,1.3,5.1,34.3,5.1,"","","","","",""
"A1020","Santa Barbara","Santa Barbara","https://www.californiahealthmaps.org?address=A1020","Female","Urinary",175080,"","","",100895,"","","","","","","",58765,"","","","","","","",5,69143,0.0,15.7,23.0,56.7,1.3,5.1,34.3,5.1,"","","","","",""
"A1020","Santa Barbara","Santa Barbara","https://www.californiahealthmaps.org?address=A1020","Male","Kidney",170635,11.1,6.6,17.8,94645,"","","","","","","",61490,"","","","","","","",5,69143,0.0,15.7,23.0,56.7,1.3,5.1,34.3,5.1,"","","","","",""
"A1020","Santa Barbara","Santa Barbara","https://www.californiahealthmaps.org?address=A1020","Female","Kidney",175080,7.1,4.0,12.4,100895,"","","","","","","",58765,"","","","","","","",5,69143,0.0,15.7,23.0,56.7,1.3,5.1,34.3,5.1,"","","","","",""
"A1020","Santa Barbara","Santa Barbara","https://www.californiahealthmaps.org?address=A1020","Male","Thyroid",170635,8.9,5.1,14.8,94645,"","","","","","","",61490,"","","","","","","",5,69143,0.0,15.7,23.0,56.7,1.3,5.1,34.3,5.1,"","","","","",""
"A1020","Santa Barbara","Santa Barbara","https://www.californiahealthmaps.org?address=A1020","Female","Thyroid",175080,23.7,17.1,32.5,100895,25.5,16.4,39.6,"","","","",58765,"","","","","","","",5,69143,0.0,15.7,23.0,56.7,1.3,5.1,34.3,5.1,"","","","","",""
"A1020","Santa Barbara","Santa Barbara","https://www.californiahealthmaps.org?address=A1020","Male","Liver",170635,12.2,7.9,18.6,94645,"","","","","","","",61490,"","","","","","","",5,69143,0.0,15.7,23.0,56.7,1.3,5.1,34.3,5.1,"","","","","",""
"A1020","Santa Barbara","Santa Barbara","https://www.californiahealthmaps.org?address=A1020","Female","Liver",175080,"","","",100895,"","","","","","","",58765,"","","","","","","",5,69143,0.0,15.7,23.0,56.7,1.3,5.1,34.3,5.1,"","","","","",""
"A1020","Santa Barbara","Santa Barbara","https://www.californiahealthmaps.org?address=A1020","Male","Pancreas",170635,11.3,6.9,18.0,94645,11.8,6.7,22.4,"","","","",61490,"","","","","","","",5,69143,0.0,15.7,23.0,56.7,1.3,5.1,34.3,5.1,"","","","","",""
"A1020","Santa Barbara","Santa Barbara","https://www.californiahealthmaps.org?address=A1020","Female","Pancreas",175080,10.5,6.7,16.4,100895,11.0,6.6,20.6,"","","","",58765,"","","","","","","",5,69143,0.0,15.7,23.0,56.7,1.3,5.1,34.3,5.1,"","","","","",""
"A1020","Santa Barbara","Santa Barbara","https://www.californiahealthmaps.org?address=A1020","Both","AllSite",345715,418.4,398.4,439.4,195540,432.5,408.2,458.7,"","","","",120255,332.9,292.7,377.5,16165,370.8,278.7,492.1,5,69143,0.0,15.7,23.0,56.7,1.3,5.1,34.3,5.1,"","","","","",""
"A1020","Santa Barbara","Santa Barbara","https://www.californiahealthmaps.org?address=A1020","Both","Lung",345715,39.9,34.0,46.8,195540,46.2,38.8,55.6,"","","","",120255,25.8,14.9,41.8,16165,"","","",5,69143,0.0,15.7,23.0,56.7,1.3,5.1,34.3,5.1,"","","","","",""
"A1020","Santa Barbara","Santa Barbara","https://www.californiahealthmaps.org?address=A1020","Both","CRC",345715,26.7,21.9,32.5,195540,28.6,22.7,36.7,"","","","",120255,"","","",16165,"","","",5,69143,0.0,15.7,23.0,56.7,1.3,5.1,34.3,5.1,"","","","","",""
"A1020","Santa Barbara","Santa Barbara","https://www.californiahealthmaps.org?address=A1020","Both","Mela",345715,38.0,32.1,44.8,195540,40.1,32.8,49.5,"","","","",120255,"","","",16165,"","","",5,69143,0.0,15.7,23.0,56.7,1.3,5.1,34.3,5.1,"","","","","",""
"A1020","Santa Barbara","Santa Barbara","https://www.californiahealthmaps.org?address=A1020","Both","Lymph",345715,21.2,16.9,26.5,195540,21.7,16.4,29.1,"","","","",120255,"","","",16165,"","","",5,69143,0.0,15.7,23.0,56.7,1.3,5.1,34.3,5.1,"","","","","",""
"A1020","Santa Barbara","Santa Barbara","https://www.californiahealthmaps.org?address=A1020","Both","Urinary",345715,9.3,6.6,12.9,195540,11.0,7.6,16.7,"","","","",120255,"","","",16165,"","","",5,69143,0.0,15.7,23.0,56.7,1.3,5.1,34.3,5.1,"","","","","",""
"A1020","Santa Barbara","Santa Barbara","https://www.californiahealthmaps.org?address=A1020","Both","Kidney",345715,9.1,6.3,12.9,195540,8.0,5.0,13.4,"","","","",120255,"","","",16165,"","","",5,69143,0.0,15.7,23.0,56.7,1.3,5.1,34.3,5.1,"","","","","",""
"A1020","Santa Barbara","Santa Barbara","https://www.californiahealthmaps.org?address=A1020","Both","Thyroid",345715,16.3,12.4,21.2,195540,17.0,11.8,24.6,"","","","",120255,17.5,9.7,30.1,16165,"","","",5,69143,0.0,15.7,23.0,56.7,1.3,5.1,34.3,5.1,"","","","","",""
"A1020","Santa Barbara","Santa Barbara","https://www.californiahealthmaps.org?address=A1020","Both","Liver",345715,7.8,5.4,11.2,195540,4.5,2.5,9.2,"","","","",120255,19.6,11.1,32.9,16165,"","","",5,69143,0.0,15.7,23.0,56.7,1.3,5.1,34.3,5.1,"","","","","",""
"A1020","Santa Barbara","Santa Barbara","https://www.californiahealthmaps.org?address=A1020","Both","Pancreas",345715,11.0,7.9,15.0,195540,11.5,8.0,17.3,"","","","",120255,"","","",16165,"","","",5,69143,0.0,15.7,23.0,56.7,1.3,5.1,34.3,5.1,"","","","","",""
