"Zone","Counties","Cities","URL","Sex","Cancer","PopTot","AAIR","LCI","UCI","White_PopTot","White_AAIR","White_LCI","White_UCI","Black_PopTot","Black_AAIR","Black_LCI","Black_UCI","Hispanic_PopTot","Hispanic_AAIR","Hispanic_LCI","Hispanic_UCI","Asian_PopTot","Asian_AAIR","Asian_LCI","Asian_UCI","QNSES","PopAll","PerRural","PerUninsured","PerForeignBorn","PerWhite","PerBlack","PerAsian","PerHispanic","PerAPI","PerDocvisit","PerFOBT","PerMammo","PerMenPrev","PerPap","PerWomenPrev"
"A1074","San Diego","Coronado, San Diego, Imperial Beach","https://www.californiahealthmaps.org?address=A1074","Male","AllSite",158110,469.0,432.9,507.4,59495,501.1,452.0,556.0,"","","","",76360,452.3,387.3,526.9,10915,259.4,173.0,381.9,3,63393,0.1,19.3,24.4,33.7,4.1,8.9,50.4,8.9,"","","","","",""
"A1074","San Diego","Coronado, San Diego, Imperial Beach","https://www.californiahealthmaps.org?address=A1074","Female","AllSite",158855,415.5,384.3,448.7,51645,452.2,402.7,508.4,"","","","",83150,415.4,363.9,473.0,13940,324.8,248.0,433.2,3,63393,0.1,19.3,24.4,33.7,4.1,8.9,50.4,8.9,"","","","","",""
"A1074","San Diego","Coronado, San Diego, Imperial Beach","https://www.californiahealthmaps.org?address=A1074","Male","Prostate",158110,103.6,87.1,122.4,59495,110.4,88.6,138.3,"","","","",76360,101.5,71.8,141.3,10915,"","","",3,63393,0.1,19.3,24.4,33.7,4.1,8.9,50.4,8.9,"","","","","",""
"A1074","San Diego","Coronado, San Diego, Imperial Beach","https://www.californiahealthmaps.org?address=A1074","Female","Breast",158855,129.7,112.5,149.0,51645,141.2,113.9,175.8,"","","","",83150,133.7,105.7,167.7,13940,74.7,42.1,144.4,3,63393,0.1,19.3,24.4,33.7,4.1,8.9,50.4,8.9,"","","","","",""
"A1074","San Diego","Coronado, San Diego, Imperial Beach","https://www.californiahealthmaps.org?address=A1074","Male","Lung",158110,58.6,46.2,73.5,59495,53.0,38.2,74.2,"","","","",76360,63.9,39.9,98.8,10915,"","","",3,63393,0.1,19.3,24.4,33.7,4.1,8.9,50.4,8.9,"","","","","",""
"A1074","San Diego","Coronado, San Diego, Imperial Beach","https://www.californiahealthmaps.org?address=A1074","Female","Lung",158855,44.4,34.6,56.2,51645,55.9,40.4,78.8,"","","","",83150,27.1,14.9,46.1,13940,"","","",3,63393,0.1,19.3,24.4,33.7,4.1,8.9,50.4,8.9,"","","","","",""
"A1074","San Diego","Coronado, San Diego, Imperial Beach","https://www.californiahealthmaps.org?address=A1074","Male","CRC",158110,47.9,36.9,61.4,59495,49.7,34.8,71.2,"","","","",76360,46.1,27.5,75.1,10915,"","","",3,63393,0.1,19.3,24.4,33.7,4.1,8.9,50.4,8.9,"","","","","",""
"A1074","San Diego","Coronado, San Diego, Imperial Beach","https://www.californiahealthmaps.org?address=A1074","Female","CRC",158855,38.5,29.3,49.7,51645,48.7,33.6,71.5,"","","","",83150,35.1,20.8,56.3,13940,"","","",3,63393,0.1,19.3,24.4,33.7,4.1,8.9,50.4,8.9,"","","","","",""
"A1074","San Diego","Coronado, San Diego, Imperial Beach","https://www.californiahealthmaps.org?address=A1074","Male","Mela",158110,35.1,25.7,46.9,59495,51.3,36.6,72.3,"","","","",76360,"","","",10915,"","","",3,63393,0.1,19.3,24.4,33.7,4.1,8.9,50.4,8.9,"","","","","",""
"A1074","San Diego","Coronado, San Diego, Imperial Beach","https://www.californiahealthmaps.org?address=A1074","Female","Mela",158855,17.9,11.8,26.2,51645,30.4,17.6,51.8,"","","","",83150,"","","",13940,"","","",3,63393,0.1,19.3,24.4,33.7,4.1,8.9,50.4,8.9,"","","","","",""
"A1074","San Diego","Coronado, San Diego, Imperial Beach","https://www.californiahealthmaps.org?address=A1074","Female","Uterine",158855,26.1,18.9,35.5,51645,29.3,18.1,48.4,"","","","",83150,"","","",13940,"","","",3,63393,0.1,19.3,24.4,33.7,4.1,8.9,50.4,8.9,"","","","","",""
"A1074","San Diego","Coronado, San Diego, Imperial Beach","https://www.californiahealthmaps.org?address=A1074","Male","Lymph",158110,26.3,18.3,36.8,59495,26.6,16.2,44.0,"","","","",76360,"","","",10915,"","","",3,63393,0.1,19.3,24.4,33.7,4.1,8.9,50.4,8.9,"","","","","",""
"A1074","San Diego","Coronado, San Diego, Imperial Beach","https://www.californiahealthmaps.org?address=A1074","Female","Lymph",158855,14.4,9.1,22.0,51645,"","","","","","","",83150,"","","",13940,"","","",3,63393,0.1,19.3,24.4,33.7,4.1,8.9,50.4,8.9,"","","","","",""
"A1074","San Diego","Coronado, San Diego, Imperial Beach","https://www.californiahealthmaps.org?address=A1074","Male","Urinary",158110,19.1,12.3,28.5,59495,22.3,13.2,38.5,"","","","",76360,"","","",10915,"","","",3,63393,0.1,19.3,24.4,33.7,4.1,8.9,50.4,8.9,"","","","","",""
"A1074","San Diego","Coronado, San Diego, Imperial Beach","https://www.californiahealthmaps.org?address=A1074","Female","Urinary",158855,"","","",51645,"","","","","","","",83150,"","","",13940,"","","",3,63393,0.1,19.3,24.4,33.7,4.1,8.9,50.4,8.9,"","","","","",""
"A1074","San Diego","Coronado, San Diego, Imperial Beach","https://www.californiahealthmaps.org?address=A1074","Male","Kidney",158110,23.2,15.6,33.2,59495,"","","","","","","",76360,36.4,20.1,63.2,10915,"","","",3,63393,0.1,19.3,24.4,33.7,4.1,8.9,50.4,8.9,"","","","","",""
"A1074","San Diego","Coronado, San Diego, Imperial Beach","https://www.californiahealthmaps.org?address=A1074","Female","Kidney",158855,11.8,7.0,19.0,51645,"","","","","","","",83150,"","","",13940,"","","",3,63393,0.1,19.3,24.4,33.7,4.1,8.9,50.4,8.9,"","","","","",""
"A1074","San Diego","Coronado, San Diego, Imperial Beach","https://www.californiahealthmaps.org?address=A1074","Male","Thyroid",158110,"","","",59495,"","","","","","","",76360,"","","",10915,"","","",3,63393,0.1,19.3,24.4,33.7,4.1,8.9,50.4,8.9,"","","","","",""
"A1074","San Diego","Coronado, San Diego, Imperial Beach","https://www.californiahealthmaps.org?address=A1074","Female","Thyroid",158855,17.1,11.2,25.2,51645,"","","","","","","",83150,"","","",13940,"","","",3,63393,0.1,19.3,24.4,33.7,4.1,8.9,50.4,8.9,"","","","","",""
"A1074","San Diego","Coronado, San Diego, Imperial Beach","https://www.californiahealthmaps.org?address=A1074","Male","Liver",158110,15.1,9.4,23.4,59495,"","","","","","","",76360,"","","",10915,"","","",3,63393,0.1,19.3,24.4,33.7,4.1,8.9,50.4,8.9,"","","","","",""
"A1074","San Diego","Coronado, San Diego, Imperial Beach","https://www.californiahealthmaps.org?address=A1074","Female","Liver",158855,8.9,4.9,15.0,51645,"","","","","","","",83150,"","","",13940,"","","",3,63393,0.1,19.3,24.4,33.7,4.1,8.9,50.4,8.9,"","","","","",""
"A1074","San Diego","Coronado, San Diego, Imperial Beach","https://www.californiahealthmaps.org?address=A1074","Male","Pancreas",158110,16.2,9.9,25.0,59495,19.5,10.8,35.3,"","","","",76360,"","","",10915,"","","",3,63393,0.1,19.3,24.4,33.7,4.1,8.9,50.4,8.9,"","","","","",""
"A1074","San Diego","Coronado, San Diego, Imperial Beach","https://www.californiahealthmaps.org?address=A1074","Female","Pancreas",158855,12.4,7.5,19.5,51645,"","","","","","","",83150,"","","",13940,"","","",3,63393,0.1,19.3,24.4,33.7,4.1,8.9,50.4,8.9,"","","","","",""
"A1074","San Diego","Coronado, San Diego, Imperial Beach","https://www.californiahealthmaps.org?address=A1074","Both","AllSite",316965,437.9,414.3,462.6,111140,473.3,438.6,511.1,10630,380.3,226.2,654.2,159510,428.9,388.2,473.1,24855,286.6,230.6,357.8,3,63393,0.1,19.3,24.4,33.7,4.1,8.9,50.4,8.9,"","","","","",""
"A1074","San Diego","Coronado, San Diego, Imperial Beach","https://www.californiahealthmaps.org?address=A1074","Both","Lung",316965,50.8,42.9,59.8,111140,54.1,43.3,68.2,10630,"","","",159510,42.2,29.5,58.9,24855,55.6,32.8,95.9,3,63393,0.1,19.3,24.4,33.7,4.1,8.9,50.4,8.9,"","","","","",""
"A1074","San Diego","Coronado, San Diego, Imperial Beach","https://www.californiahealthmaps.org?address=A1074","Both","CRC",316965,42.6,35.4,50.9,111140,48.6,37.9,62.6,10630,"","","",159510,39.7,27.9,55.4,24855,"","","",3,63393,0.1,19.3,24.4,33.7,4.1,8.9,50.4,8.9,"","","","","",""
"A1074","San Diego","Coronado, San Diego, Imperial Beach","https://www.californiahealthmaps.org?address=A1074","Both","Mela",316965,25.2,19.8,31.8,111140,40.0,30.1,53.1,10630,"","","",159510,"","","",24855,"","","",3,63393,0.1,19.3,24.4,33.7,4.1,8.9,50.4,8.9,"","","","","",""
"A1074","San Diego","Coronado, San Diego, Imperial Beach","https://www.californiahealthmaps.org?address=A1074","Both","Lymph",316965,19.9,15.1,25.8,111140,17.7,11.6,27.2,10630,"","","",159510,22.4,13.9,35.0,24855,"","","",3,63393,0.1,19.3,24.4,33.7,4.1,8.9,50.4,8.9,"","","","","",""
"A1074","San Diego","Coronado, San Diego, Imperial Beach","https://www.californiahealthmaps.org?address=A1074","Both","Urinary",316965,10.4,7.0,14.9,111140,13.3,8.3,21.8,10630,"","","",159510,"","","",24855,"","","",3,63393,0.1,19.3,24.4,33.7,4.1,8.9,50.4,8.9,"","","","","",""
"A1074","San Diego","Coronado, San Diego, Imperial Beach","https://www.californiahealthmaps.org?address=A1074","Both","Kidney",316965,17.0,12.5,22.6,111140,10.9,6.1,19.4,10630,"","","",159510,27.6,18.0,41.2,24855,"","","",3,63393,0.1,19.3,24.4,33.7,4.1,8.9,50.4,8.9,"","","","","",""
"A1074","San Diego","Coronado, San Diego, Imperial Beach","https://www.californiahealthmaps.org?address=A1074","Both","Thyroid",316965,11.0,7.6,15.7,111140,12.1,6.8,21.2,10630,"","","",159510,"","","",24855,"","","",3,63393,0.1,19.3,24.4,33.7,4.1,8.9,50.4,8.9,"","","","","",""
"A1074","San Diego","Coronado, San Diego, Imperial Beach","https://www.californiahealthmaps.org?address=A1074","Both","Liver",316965,12.0,8.4,16.7,111140,"","","",10630,"","","",159510,21.7,13.4,34.0,24855,"","","",3,63393,0.1,19.3,24.4,33.7,4.1,8.9,50.4,8.9,"","","","","",""
"A1074","San Diego","Coronado, San Diego, Imperial Beach","https://www.californiahealthmaps.org?address=A1074","Both","Pancreas",316965,13.9,10.0,19.1,111140,15.7,10.1,24.8,10630,"","","",159510,"","","",24855,"","","",3,63393,0.1,19.3,24.4,33.7,4.1,8.9,50.4,8.9,"","","","","",""
