"Zone","Counties","Cities","URL","Sex","Cancer","PopTot","AAIR","LCI","UCI","White_PopTot","White_AAIR","White_LCI","White_UCI","Black_PopTot","Black_AAIR","Black_LCI","Black_UCI","Hispanic_PopTot","Hispanic_AAIR","Hispanic_LCI","Hispanic_UCI","Asian_PopTot","Asian_AAIR","Asian_LCI","Asian_UCI","QNSES","PopAll","PerRural","PerUninsured","PerForeignBorn","PerWhite","PerBlack","PerAsian","PerHispanic"
"A0469","Fresno","Fresno","https://www.californiahealthmaps.org?address=A0469","Male","AllSite",170670,488.7,456.4,523.1,88855,457.4,420.1,498.6,"","","","",50540,533.3,440.8,643.6,15830,378.1,280.2,504.4,3,71073,0.0,15.4,12.9,52.7,5.1,10.1,28.2
"A0469","Fresno","Fresno","https://www.californiahealthmaps.org?address=A0469","Female","AllSite",184695,424.5,396.6,454.3,96815,387.5,354.7,424.0,10115,572.7,408.5,792.4,54340,529.6,446.4,625.8,17230,397.4,308.4,507.8,3,71073,0.0,15.4,12.9,52.7,5.1,10.1,28.2
"A0469","Fresno","Fresno","https://www.californiahealthmaps.org?address=A0469","Male","Prostate",170670,111.8,97.0,128.6,88855,102.4,86.2,122.6,"","","","",50540,95.1,59.5,149.8,15830,"","","",3,71073,0.0,15.4,12.9,52.7,5.1,10.1,28.2
"A0469","Fresno","Fresno","https://www.californiahealthmaps.org?address=A0469","Female","Breast",184695,136.7,121.0,154.4,96815,119.5,101.5,141.5,10115,"","","",54340,181.7,135.2,241.2,17230,152.6,100.1,227.2,3,71073,0.0,15.4,12.9,52.7,5.1,10.1,28.2
"A0469","Fresno","Fresno","https://www.californiahealthmaps.org?address=A0469","Male","Lung",170670,44.6,35.3,56.0,88855,43.7,33.4,58.2,"","","","",50540,"","","",15830,"","","",3,71073,0.0,15.4,12.9,52.7,5.1,10.1,28.2
"A0469","Fresno","Fresno","https://www.californiahealthmaps.org?address=A0469","Female","Lung",184695,44.0,35.7,54.2,96815,46.2,36.6,59.8,10115,"","","",54340,"","","",17230,"","","",3,71073,0.0,15.4,12.9,52.7,5.1,10.1,28.2
"A0469","Fresno","Fresno","https://www.californiahealthmaps.org?address=A0469","Male","CRC",170670,46.2,36.5,58.2,88855,42.3,31.9,57.0,"","","","",50540,60.3,32.2,108.5,15830,"","","",3,71073,0.0,15.4,12.9,52.7,5.1,10.1,28.2
"A0469","Fresno","Fresno","https://www.californiahealthmaps.org?address=A0469","Female","CRC",184695,39.1,31.1,49.2,96815,34.6,25.8,47.7,10115,"","","",54340,51.0,28.1,87.8,17230,"","","",3,71073,0.0,15.4,12.9,52.7,5.1,10.1,28.2
"A0469","Fresno","Fresno","https://www.californiahealthmaps.org?address=A0469","Male","Mela",170670,36.9,28.4,47.7,88855,40.1,29.3,55.4,"","","","",50540,"","","",15830,"","","",3,71073,0.0,15.4,12.9,52.7,5.1,10.1,28.2
"A0469","Fresno","Fresno","https://www.californiahealthmaps.org?address=A0469","Female","Mela",184695,15.9,10.6,23.4,96815,13.6,8.0,24.1,10115,"","","",54340,"","","",17230,"","","",3,71073,0.0,15.4,12.9,52.7,5.1,10.1,28.2
"A0469","Fresno","Fresno","https://www.californiahealthmaps.org?address=A0469","Female","Uterine",184695,21.8,16.0,29.7,96815,18.9,12.3,30.2,10115,"","","",54340,"","","",17230,"","","",3,71073,0.0,15.4,12.9,52.7,5.1,10.1,28.2
"A0469","Fresno","Fresno","https://www.californiahealthmaps.org?address=A0469","Male","Lymph",170670,21.1,14.7,29.7,88855,15.7,9.3,26.9,"","","","",50540,"","","",15830,"","","",3,71073,0.0,15.4,12.9,52.7,5.1,10.1,28.2
"A0469","Fresno","Fresno","https://www.californiahealthmaps.org?address=A0469","Female","Lymph",184695,20.2,14.5,27.9,96815,21.5,13.9,33.9,10115,"","","",54340,"","","",17230,"","","",3,71073,0.0,15.4,12.9,52.7,5.1,10.1,28.2
"A0469","Fresno","Fresno","https://www.californiahealthmaps.org?address=A0469","Male","Urinary",170670,19.2,13.2,27.6,88855,23.4,15.9,35.4,"","","","",50540,"","","",15830,"","","",3,71073,0.0,15.4,12.9,52.7,5.1,10.1,28.2
"A0469","Fresno","Fresno","https://www.californiahealthmaps.org?address=A0469","Female","Urinary",184695,3.1,1.2,7.4,96815,"","","",10115,"","","",54340,"","","",17230,"","","",3,71073,0.0,15.4,12.9,52.7,5.1,10.1,28.2
"A0469","Fresno","Fresno","https://www.californiahealthmaps.org?address=A0469","Male","Kidney",170670,32.7,24.5,43.3,88855,27.3,17.2,42.3,"","","","",50540,91.1,54.4,147.9,15830,"","","",3,71073,0.0,15.4,12.9,52.7,5.1,10.1,28.2
"A0469","Fresno","Fresno","https://www.californiahealthmaps.org?address=A0469","Female","Kidney",184695,10.0,6.1,16.2,96815,"","","",10115,"","","",54340,"","","",17230,"","","",3,71073,0.0,15.4,12.9,52.7,5.1,10.1,28.2
"A0469","Fresno","Fresno","https://www.californiahealthmaps.org?address=A0469","Male","Thyroid",170670,10.5,6.3,17.1,88855,14.9,8.2,26.5,"","","","",50540,"","","",15830,"","","",3,71073,0.0,15.4,12.9,52.7,5.1,10.1,28.2
"A0469","Fresno","Fresno","https://www.californiahealthmaps.org?address=A0469","Female","Thyroid",184695,26.1,19.0,35.3,96815,25.5,16.2,39.9,10115,"","","",54340,"","","",17230,"","","",3,71073,0.0,15.4,12.9,52.7,5.1,10.1,28.2
"A0469","Fresno","Fresno","https://www.californiahealthmaps.org?address=A0469","Both","AllSite",355365,451.8,430.6,473.8,185670,417.3,392.7,443.8,19940,584.3,459.6,740.2,104880,531.3,468.8,600.7,33060,386.2,319.7,464.0,3,71073,0.0,15.4,12.9,52.7,5.1,10.1,28.2
"A0469","Fresno","Fresno","https://www.californiahealthmaps.org?address=A0469","Both","Lung",355365,43.9,37.7,51.1,185670,44.7,37.6,53.7,19940,"","","",104880,54.8,34.0,84.0,33060,"","","",3,71073,0.0,15.4,12.9,52.7,5.1,10.1,28.2
"A0469","Fresno","Fresno","https://www.californiahealthmaps.org?address=A0469","Both","CRC",355365,42.4,36.1,49.8,185670,38.0,31.2,46.9,19940,"","","",104880,55.5,36.8,81.7,33060,"","","",3,71073,0.0,15.4,12.9,52.7,5.1,10.1,28.2
"A0469","Fresno","Fresno","https://www.californiahealthmaps.org?address=A0469","Both","Mela",355365,24.8,19.9,30.6,185670,25.1,19.2,33.2,19940,"","","",104880,"","","",33060,"","","",3,71073,0.0,15.4,12.9,52.7,5.1,10.1,28.2
"A0469","Fresno","Fresno","https://www.californiahealthmaps.org?address=A0469","Both","Lymph",355365,20.9,16.5,26.3,185670,18.9,13.7,26.3,19940,"","","",104880,33.5,18.9,56.2,33060,"","","",3,71073,0.0,15.4,12.9,52.7,5.1,10.1,28.2
"A0469","Fresno","Fresno","https://www.californiahealthmaps.org?address=A0469","Both","Urinary",355365,10.0,7.1,13.9,185670,11.9,8.3,17.6,19940,"","","",104880,"","","",33060,"","","",3,71073,0.0,15.4,12.9,52.7,5.1,10.1,28.2
"A0469","Fresno","Fresno","https://www.californiahealthmaps.org?address=A0469","Both","Kidney",355365,20.4,16.0,26.0,185670,17.3,11.9,25.2,19940,"","","",104880,54.0,34.7,81.0,33060,"","","",3,71073,0.0,15.4,12.9,52.7,5.1,10.1,28.2
"A0469","Fresno","Fresno","https://www.californiahealthmaps.org?address=A0469","Both","Thyroid",355365,18.7,14.4,24.1,185670,20.5,14.5,28.9,19940,"","","",104880,22.8,12.3,40.6,33060,"","","",3,71073,0.0,15.4,12.9,52.7,5.1,10.1,28.2
