"Zone","Counties","Cities","URL","Sex","Cancer","PopTot","AAIR","LCI","UCI","White_PopTot","White_AAIR","White_LCI","White_UCI","Black_PopTot","Black_AAIR","Black_LCI","Black_UCI","Hispanic_PopTot","Hispanic_AAIR","Hispanic_LCI","Hispanic_UCI","Asian_PopTot","Asian_AAIR","Asian_LCI","Asian_UCI","QNSES","PopAll","PerRural","PerUninsured","PerForeignBorn","PerWhite","PerBlack","PerAsian","PerHispanic","PerAPI","PerDocvisit","PerFOBT","PerMammo","PerMenPrev","PerPap","PerWomenPrev"
"A0810","Stanislaus","Oakdale, Riverbank","https://www.californiahealthmaps.org?address=A0810","Male","AllSite",155820,445.2,410.5,482.4,88750,463.6,422.4,508.3,"","","","",55780,384.8,311.4,474.5,"","","","",2,62828,15.2,14.7,15.9,56.3,1.4,4.2,35.8,4.2,"","","","","",""
"A0810","Stanislaus","Oakdale, Riverbank","https://www.californiahealthmaps.org?address=A0810","Female","AllSite",158320,446.8,414.7,481.0,92750,448.4,410.8,489.3,"","","","",53525,425.6,354.8,508.9,"","","","",2,62828,15.2,14.7,15.9,56.3,1.4,4.2,35.8,4.2,"","","","","",""
"A0810","Stanislaus","Oakdale, Riverbank","https://www.californiahealthmaps.org?address=A0810","Male","Prostate",155820,89.2,74.6,106.4,88750,92.7,75.6,113.3,"","","","",55780,85.7,54.6,134.2,"","","","",2,62828,15.2,14.7,15.9,56.3,1.4,4.2,35.8,4.2,"","","","","",""
"A0810","Stanislaus","Oakdale, Riverbank","https://www.californiahealthmaps.org?address=A0810","Female","Breast",158320,143.4,125.5,163.3,92750,147.5,126.4,171.9,"","","","",53525,130.2,93.6,179.5,"","","","",2,62828,15.2,14.7,15.9,56.3,1.4,4.2,35.8,4.2,"","","","","",""
"A0810","Stanislaus","Oakdale, Riverbank","https://www.californiahealthmaps.org?address=A0810","Male","Lung",155820,61.6,48.8,77.1,88750,67.5,52.4,86.3,"","","","",55780,"","","","","","","",2,62828,15.2,14.7,15.9,56.3,1.4,4.2,35.8,4.2,"","","","","",""
"A0810","Stanislaus","Oakdale, Riverbank","https://www.californiahealthmaps.org?address=A0810","Female","Lung",158320,53.2,42.2,66.3,92750,56.4,43.6,72.6,"","","","",53525,"","","","","","","",2,62828,15.2,14.7,15.9,56.3,1.4,4.2,35.8,4.2,"","","","","",""
"A0810","Stanislaus","Oakdale, Riverbank","https://www.californiahealthmaps.org?address=A0810","Male","CRC",155820,40.0,30.1,52.6,88750,37.6,26.6,52.4,"","","","",55780,"","","","","","","",2,62828,15.2,14.7,15.9,56.3,1.4,4.2,35.8,4.2,"","","","","",""
"A0810","Stanislaus","Oakdale, Riverbank","https://www.californiahealthmaps.org?address=A0810","Female","CRC",158320,31.8,23.7,42.0,92750,29.9,20.9,42.4,"","","","",53525,"","","","","","","",2,62828,15.2,14.7,15.9,56.3,1.4,4.2,35.8,4.2,"","","","","",""
"A0810","Stanislaus","Oakdale, Riverbank","https://www.californiahealthmaps.org?address=A0810","Male","Mela",155820,31.5,22.8,42.9,88750,39.1,27.1,55.1,"","","","",55780,"","","","","","","",2,62828,15.2,14.7,15.9,56.3,1.4,4.2,35.8,4.2,"","","","","",""
"A0810","Stanislaus","Oakdale, Riverbank","https://www.californiahealthmaps.org?address=A0810","Female","Mela",158320,25.3,18.3,34.3,92750,26.8,18.4,38.8,"","","","",53525,"","","","","","","",2,62828,15.2,14.7,15.9,56.3,1.4,4.2,35.8,4.2,"","","","","",""
"A0810","Stanislaus","Oakdale, Riverbank","https://www.californiahealthmaps.org?address=A0810","Female","Uterine",158320,22.7,16.0,31.4,92750,24.3,16.3,35.8,"","","","",53525,"","","","","","","",2,62828,15.2,14.7,15.9,56.3,1.4,4.2,35.8,4.2,"","","","","",""
"A0810","Stanislaus","Oakdale, Riverbank","https://www.californiahealthmaps.org?address=A0810","Male","Lymph",155820,21.3,14.4,31.0,88750,21.1,13.2,32.9,"","","","",55780,"","","","","","","",2,62828,15.2,14.7,15.9,56.3,1.4,4.2,35.8,4.2,"","","","","",""
"A0810","Stanislaus","Oakdale, Riverbank","https://www.californiahealthmaps.org?address=A0810","Female","Lymph",158320,9.8,5.6,16.3,92750,"","","","","","","",53525,"","","","","","","",2,62828,15.2,14.7,15.9,56.3,1.4,4.2,35.8,4.2,"","","","","",""
"A0810","Stanislaus","Oakdale, Riverbank","https://www.californiahealthmaps.org?address=A0810","Male","Urinary",155820,19.6,12.4,29.8,88750,18.4,10.8,30.2,"","","","",55780,"","","","","","","",2,62828,15.2,14.7,15.9,56.3,1.4,4.2,35.8,4.2,"","","","","",""
"A0810","Stanislaus","Oakdale, Riverbank","https://www.californiahealthmaps.org?address=A0810","Female","Urinary",158320,"","","",92750,"","","","","","","",53525,"","","","","","","",2,62828,15.2,14.7,15.9,56.3,1.4,4.2,35.8,4.2,"","","","","",""
"A0810","Stanislaus","Oakdale, Riverbank","https://www.californiahealthmaps.org?address=A0810","Male","Kidney",155820,25.0,17.5,35.1,88750,25.1,16.5,37.6,"","","","",55780,"","","","","","","",2,62828,15.2,14.7,15.9,56.3,1.4,4.2,35.8,4.2,"","","","","",""
"A0810","Stanislaus","Oakdale, Riverbank","https://www.californiahealthmaps.org?address=A0810","Female","Kidney",158320,13.2,8.3,20.3,92750,11.8,6.7,20.6,"","","","",53525,"","","","","","","",2,62828,15.2,14.7,15.9,56.3,1.4,4.2,35.8,4.2,"","","","","",""
"A0810","Stanislaus","Oakdale, Riverbank","https://www.californiahealthmaps.org?address=A0810","Male","Thyroid",155820,"","","",88750,"","","","","","","",55780,"","","","","","","",2,62828,15.2,14.7,15.9,56.3,1.4,4.2,35.8,4.2,"","","","","",""
"A0810","Stanislaus","Oakdale, Riverbank","https://www.californiahealthmaps.org?address=A0810","Female","Thyroid",158320,23.3,16.2,32.7,92750,21.6,13.2,33.9,"","","","",53525,"","","","","","","",2,62828,15.2,14.7,15.9,56.3,1.4,4.2,35.8,4.2,"","","","","",""
"A0810","Stanislaus","Oakdale, Riverbank","https://www.californiahealthmaps.org?address=A0810","Male","Liver",155820,12.8,7.8,20.4,88750,"","","","","","","",55780,"","","","","","","",2,62828,15.2,14.7,15.9,56.3,1.4,4.2,35.8,4.2,"","","","","",""
"A0810","Stanislaus","Oakdale, Riverbank","https://www.californiahealthmaps.org?address=A0810","Female","Liver",158320,"","","",92750,"","","","","","","",53525,"","","","","","","",2,62828,15.2,14.7,15.9,56.3,1.4,4.2,35.8,4.2,"","","","","",""
"A0810","Stanislaus","Oakdale, Riverbank","https://www.californiahealthmaps.org?address=A0810","Male","Pancreas",155820,17.1,10.8,26.2,88750,17.7,10.5,28.8,"","","","",55780,"","","","","","","",2,62828,15.2,14.7,15.9,56.3,1.4,4.2,35.8,4.2,"","","","","",""
"A0810","Stanislaus","Oakdale, Riverbank","https://www.californiahealthmaps.org?address=A0810","Female","Pancreas",158320,10.3,6.1,16.8,92750,13.1,7.5,22.3,"","","","",53525,"","","","","","","",2,62828,15.2,14.7,15.9,56.3,1.4,4.2,35.8,4.2,"","","","","",""
"A0810","Stanislaus","Oakdale, Riverbank","https://www.californiahealthmaps.org?address=A0810","Both","AllSite",314140,444.2,420.7,468.9,181500,454.9,427.0,484.4,"","","","",109305,405.6,354.0,464.1,"","","","",2,62828,15.2,14.7,15.9,56.3,1.4,4.2,35.8,4.2,"","","","","",""
"A0810","Stanislaus","Oakdale, Riverbank","https://www.californiahealthmaps.org?address=A0810","Both","Lung",314140,57.3,48.8,66.9,181500,62.3,52.2,74.1,"","","","",109305,38.1,22.1,62.5,"","","","",2,62828,15.2,14.7,15.9,56.3,1.4,4.2,35.8,4.2,"","","","","",""
"A0810","Stanislaus","Oakdale, Riverbank","https://www.californiahealthmaps.org?address=A0810","Both","CRC",314140,35.5,29.1,43.1,181500,33.4,26.2,42.3,"","","","",109305,42.7,27.0,66.1,"","","","",2,62828,15.2,14.7,15.9,56.3,1.4,4.2,35.8,4.2,"","","","","",""
"A0810","Stanislaus","Oakdale, Riverbank","https://www.californiahealthmaps.org?address=A0810","Both","Mela",314140,28.1,22.5,34.9,181500,32.6,25.2,41.9,"","","","",109305,"","","","","","","",2,62828,15.2,14.7,15.9,56.3,1.4,4.2,35.8,4.2,"","","","","",""
"A0810","Stanislaus","Oakdale, Riverbank","https://www.californiahealthmaps.org?address=A0810","Both","Lymph",314140,15.1,11.0,20.2,181500,15.3,10.6,21.7,"","","","",109305,"","","","","","","",2,62828,15.2,14.7,15.9,56.3,1.4,4.2,35.8,4.2,"","","","","",""
"A0810","Stanislaus","Oakdale, Riverbank","https://www.californiahealthmaps.org?address=A0810","Both","Urinary",314140,12.4,8.6,17.4,181500,12.4,8.2,18.5,"","","","",109305,"","","","","","","",2,62828,15.2,14.7,15.9,56.3,1.4,4.2,35.8,4.2,"","","","","",""
"A0810","Stanislaus","Oakdale, Riverbank","https://www.californiahealthmaps.org?address=A0810","Both","Kidney",314140,18.6,14.1,24.1,181500,17.8,12.8,24.5,"","","","",109305,"","","","","","","",2,62828,15.2,14.7,15.9,56.3,1.4,4.2,35.8,4.2,"","","","","",""
"A0810","Stanislaus","Oakdale, Riverbank","https://www.californiahealthmaps.org?address=A0810","Both","Thyroid",314140,14.1,10.1,19.3,181500,14.2,9.2,21.1,"","","","",109305,"","","","","","","",2,62828,15.2,14.7,15.9,56.3,1.4,4.2,35.8,4.2,"","","","","",""
"A0810","Stanislaus","Oakdale, Riverbank","https://www.californiahealthmaps.org?address=A0810","Both","Liver",314140,9.2,6.2,13.3,181500,7.8,4.6,12.7,"","","","",109305,"","","","","","","",2,62828,15.2,14.7,15.9,56.3,1.4,4.2,35.8,4.2,"","","","","",""
"A0810","Stanislaus","Oakdale, Riverbank","https://www.californiahealthmaps.org?address=A0810","Both","Pancreas",314140,13.5,9.7,18.5,181500,15.2,10.6,21.7,"","","","",109305,"","","","","","","",2,62828,15.2,14.7,15.9,56.3,1.4,4.2,35.8,4.2,"","","","","",""
