"Zone","Counties","Cities","URL","Sex","Cancer","PopTot","AAIR","LCI","UCI","White_PopTot","White_AAIR","White_LCI","White_UCI","Black_PopTot","Black_AAIR","Black_LCI","Black_UCI","Hispanic_PopTot","Hispanic_AAIR","Hispanic_LCI","Hispanic_UCI","Asian_PopTot","Asian_AAIR","Asian_LCI","Asian_UCI","QNSES","PopAll","PerRural","PerUninsured","PerForeignBorn","PerWhite","PerBlack","PerAsian","PerHispanic","PerAPI","PerDocvisit","PerFOBT","PerMammo","PerMenPrev","PerPap","PerWomenPrev"
"A1100","San Bernardino","Rancho Cucamonga, Ontario","https://www.californiahealthmaps.org?address=A1100","Male","AllSite",145775,489.7,441.1,543.3,31240,513.1,436.0,602.9,10615,706.1,460.7,1093.6,91005,458.7,387.6,541.5,"","","","",2,59170,0.0,22.2,32.5,20.1,6.8,8.7,61.8,8.7,61.9,56.2,81.2,23.7,83.2,25.5
"A1100","San Bernardino","Rancho Cucamonga, Ontario","https://www.californiahealthmaps.org?address=A1100","Female","AllSite",150075,419.4,382.3,459.6,32200,473.5,406.1,553.0,12250,455.3,336.3,624.1,91885,349.2,300.5,405.1,10425,396.2,267.8,581.1,2,59170,0.0,22.2,32.5,20.1,6.8,8.7,61.8,8.7,61.9,56.2,81.2,23.7,83.2,25.5
"A1100","San Bernardino","Rancho Cucamonga, Ontario","https://www.californiahealthmaps.org?address=A1100","Male","Prostate",145775,127.4,103.6,156.4,31240,116.7,81.5,165.5,10615,277.7,158.5,545.3,91005,116.4,82.3,162.8,"","","","",2,59170,0.0,22.2,32.5,20.1,6.8,8.7,61.8,8.7,61.9,56.2,81.2,23.7,83.2,25.5
"A1100","San Bernardino","Rancho Cucamonga, Ontario","https://www.californiahealthmaps.org?address=A1100","Female","Breast",150075,139.8,119.0,163.7,32200,154.5,116.5,205.5,12250,176.1,109.1,297.0,91885,107.8,82.7,140.3,10425,178.1,91.3,328.1,2,59170,0.0,22.2,32.5,20.1,6.8,8.7,61.8,8.7,61.9,56.2,81.2,23.7,83.2,25.5
"A1100","San Bernardino","Rancho Cucamonga, Ontario","https://www.californiahealthmaps.org?address=A1100","Male","Lung",145775,41.2,27.0,61.3,31240,56.1,32.0,94.9,10615,"","","",91005,"","","","","","","",2,59170,0.0,22.2,32.5,20.1,6.8,8.7,61.8,8.7,61.9,56.2,81.2,23.7,83.2,25.5
"A1100","San Bernardino","Rancho Cucamonga, Ontario","https://www.californiahealthmaps.org?address=A1100","Female","Lung",150075,30.8,20.9,44.3,32200,53.4,32.7,88.2,12250,"","","",91885,"","","",10425,"","","",2,59170,0.0,22.2,32.5,20.1,6.8,8.7,61.8,8.7,61.9,56.2,81.2,23.7,83.2,25.5
"A1100","San Bernardino","Rancho Cucamonga, Ontario","https://www.californiahealthmaps.org?address=A1100","Male","CRC",145775,61.1,45.1,82.5,31240,76.5,47.8,119.5,10615,"","","",91005,55.3,33.7,89.6,"","","","",2,59170,0.0,22.2,32.5,20.1,6.8,8.7,61.8,8.7,61.9,56.2,81.2,23.7,83.2,25.5
"A1100","San Bernardino","Rancho Cucamonga, Ontario","https://www.californiahealthmaps.org?address=A1100","Female","CRC",150075,39.1,28.0,53.8,32200,"","","",12250,"","","",91885,33.2,19.1,55.9,10425,"","","",2,59170,0.0,22.2,32.5,20.1,6.8,8.7,61.8,8.7,61.9,56.2,81.2,23.7,83.2,25.5
"A1100","San Bernardino","Rancho Cucamonga, Ontario","https://www.californiahealthmaps.org?address=A1100","Male","Mela",145775,17.7,9.5,31.9,31240,"","","",10615,"","","",91005,"","","","","","","",2,59170,0.0,22.2,32.5,20.1,6.8,8.7,61.8,8.7,61.9,56.2,81.2,23.7,83.2,25.5
"A1100","San Bernardino","Rancho Cucamonga, Ontario","https://www.californiahealthmaps.org?address=A1100","Female","Mela",150075,"","","",32200,"","","",12250,"","","",91885,"","","",10425,"","","",2,59170,0.0,22.2,32.5,20.1,6.8,8.7,61.8,8.7,61.9,56.2,81.2,23.7,83.2,25.5
"A1100","San Bernardino","Rancho Cucamonga, Ontario","https://www.californiahealthmaps.org?address=A1100","Female","Uterine",150075,31.3,22.1,43.9,32200,"","","",12250,"","","",91885,28.4,15.9,49.2,10425,"","","",2,59170,0.0,22.2,32.5,20.1,6.8,8.7,61.8,8.7,61.9,56.2,81.2,23.7,83.2,25.5
"A1100","San Bernardino","Rancho Cucamonga, Ontario","https://www.californiahealthmaps.org?address=A1100","Male","Lymph",145775,17.0,9.6,30.0,31240,"","","",10615,"","","",91005,"","","","","","","",2,59170,0.0,22.2,32.5,20.1,6.8,8.7,61.8,8.7,61.9,56.2,81.2,23.7,83.2,25.5
"A1100","San Bernardino","Rancho Cucamonga, Ontario","https://www.californiahealthmaps.org?address=A1100","Female","Lymph",150075,12.2,6.7,21.5,32200,"","","",12250,"","","",91885,"","","",10425,"","","",2,59170,0.0,22.2,32.5,20.1,6.8,8.7,61.8,8.7,61.9,56.2,81.2,23.7,83.2,25.5
"A1100","San Bernardino","Rancho Cucamonga, Ontario","https://www.californiahealthmaps.org?address=A1100","Male","Urinary",145775,23.5,13.8,38.9,31240,"","","",10615,"","","",91005,"","","","","","","",2,59170,0.0,22.2,32.5,20.1,6.8,8.7,61.8,8.7,61.9,56.2,81.2,23.7,83.2,25.5
"A1100","San Bernardino","Rancho Cucamonga, Ontario","https://www.californiahealthmaps.org?address=A1100","Female","Urinary",150075,"","","",32200,"","","",12250,"","","",91885,"","","",10425,"","","",2,59170,0.0,22.2,32.5,20.1,6.8,8.7,61.8,8.7,61.9,56.2,81.2,23.7,83.2,25.5
"A1100","San Bernardino","Rancho Cucamonga, Ontario","https://www.californiahealthmaps.org?address=A1100","Male","Kidney",145775,28.7,18.3,44.5,31240,"","","",10615,"","","",91005,33.7,18.0,62.3,"","","","",2,59170,0.0,22.2,32.5,20.1,6.8,8.7,61.8,8.7,61.9,56.2,81.2,23.7,83.2,25.5
"A1100","San Bernardino","Rancho Cucamonga, Ontario","https://www.californiahealthmaps.org?address=A1100","Female","Kidney",150075,"","","",32200,"","","",12250,"","","",91885,"","","",10425,"","","",2,59170,0.0,22.2,32.5,20.1,6.8,8.7,61.8,8.7,61.9,56.2,81.2,23.7,83.2,25.5
"A1100","San Bernardino","Rancho Cucamonga, Ontario","https://www.californiahealthmaps.org?address=A1100","Male","Thyroid",145775,"","","",31240,"","","",10615,"","","",91005,"","","","","","","",2,59170,0.0,22.2,32.5,20.1,6.8,8.7,61.8,8.7,61.9,56.2,81.2,23.7,83.2,25.5
"A1100","San Bernardino","Rancho Cucamonga, Ontario","https://www.californiahealthmaps.org?address=A1100","Female","Thyroid",150075,28.7,20.6,39.9,32200,"","","",12250,"","","",91885,27.5,16.8,45.9,10425,"","","",2,59170,0.0,22.2,32.5,20.1,6.8,8.7,61.8,8.7,61.9,56.2,81.2,23.7,83.2,25.5
"A1100","San Bernardino","Rancho Cucamonga, Ontario","https://www.californiahealthmaps.org?address=A1100","Male","Liver",145775,22.1,13.0,36.7,31240,"","","",10615,"","","",91005,"","","","","","","",2,59170,0.0,22.2,32.5,20.1,6.8,8.7,61.8,8.7,61.9,56.2,81.2,23.7,83.2,25.5
"A1100","San Bernardino","Rancho Cucamonga, Ontario","https://www.californiahealthmaps.org?address=A1100","Female","Liver",150075,"","","",32200,"","","",12250,"","","",91885,"","","",10425,"","","",2,59170,0.0,22.2,32.5,20.1,6.8,8.7,61.8,8.7,61.9,56.2,81.2,23.7,83.2,25.5
"A1100","San Bernardino","Rancho Cucamonga, Ontario","https://www.californiahealthmaps.org?address=A1100","Male","Pancreas",145775,25.4,15.0,41.7,31240,"","","",10615,"","","",91005,"","","","","","","",2,59170,0.0,22.2,32.5,20.1,6.8,8.7,61.8,8.7,61.9,56.2,81.2,23.7,83.2,25.5
"A1100","San Bernardino","Rancho Cucamonga, Ontario","https://www.californiahealthmaps.org?address=A1100","Female","Pancreas",150075,15.7,8.8,26.4,32200,"","","",12250,"","","",91885,"","","",10425,"","","",2,59170,0.0,22.2,32.5,20.1,6.8,8.7,61.8,8.7,61.9,56.2,81.2,23.7,83.2,25.5
"A1100","San Bernardino","Rancho Cucamonga, Ontario","https://www.californiahealthmaps.org?address=A1100","Both","AllSite",295850,442.1,412.9,473.2,63440,486.3,436.0,542.6,22865,525.2,414.5,666.0,182890,390.6,349.5,436.2,20150,397.3,294.7,536.2,2,59170,0.0,22.2,32.5,20.1,6.8,8.7,61.8,8.7,61.9,56.2,81.2,23.7,83.2,25.5
"A1100","San Bernardino","Rancho Cucamonga, Ontario","https://www.californiahealthmaps.org?address=A1100","Both","Lung",295850,34.2,26.0,44.4,63440,54.7,38.5,77.7,22865,"","","",182890,"","","",20150,"","","",2,59170,0.0,22.2,32.5,20.1,6.8,8.7,61.8,8.7,61.9,56.2,81.2,23.7,83.2,25.5
"A1100","San Bernardino","Rancho Cucamonga, Ontario","https://www.californiahealthmaps.org?address=A1100","Both","CRC",295850,48.8,39.2,60.3,63440,54.2,37.7,77.5,22865,"","","",182890,42.8,30.1,60.3,20150,"","","",2,59170,0.0,22.2,32.5,20.1,6.8,8.7,61.8,8.7,61.9,56.2,81.2,23.7,83.2,25.5
"A1100","San Bernardino","Rancho Cucamonga, Ontario","https://www.californiahealthmaps.org?address=A1100","Both","Mela",295850,12.7,8.1,19.3,63440,27.2,16.9,44.3,22865,"","","",182890,"","","",20150,"","","",2,59170,0.0,22.2,32.5,20.1,6.8,8.7,61.8,8.7,61.9,56.2,81.2,23.7,83.2,25.5
"A1100","San Bernardino","Rancho Cucamonga, Ontario","https://www.californiahealthmaps.org?address=A1100","Both","Lymph",295850,14.4,9.7,21.1,63440,"","","",22865,"","","",182890,17.4,9.9,30.1,20150,"","","",2,59170,0.0,22.2,32.5,20.1,6.8,8.7,61.8,8.7,61.9,56.2,81.2,23.7,83.2,25.5
"A1100","San Bernardino","Rancho Cucamonga, Ontario","https://www.californiahealthmaps.org?address=A1100","Both","Urinary",295850,12.1,7.6,18.7,63440,"","","",22865,"","","",182890,"","","",20150,"","","",2,59170,0.0,22.2,32.5,20.1,6.8,8.7,61.8,8.7,61.9,56.2,81.2,23.7,83.2,25.5
"A1100","San Bernardino","Rancho Cucamonga, Ontario","https://www.californiahealthmaps.org?address=A1100","Both","Kidney",295850,19.0,13.4,26.5,63440,"","","",22865,"","","",182890,21.2,12.9,34.5,20150,"","","",2,59170,0.0,22.2,32.5,20.1,6.8,8.7,61.8,8.7,61.9,56.2,81.2,23.7,83.2,25.5
"A1100","San Bernardino","Rancho Cucamonga, Ontario","https://www.californiahealthmaps.org?address=A1100","Both","Thyroid",295850,19.2,14.2,26.0,63440,"","","",22865,"","","",182890,20.3,13.0,32.1,20150,"","","",2,59170,0.0,22.2,32.5,20.1,6.8,8.7,61.8,8.7,61.9,56.2,81.2,23.7,83.2,25.5
"A1100","San Bernardino","Rancho Cucamonga, Ontario","https://www.californiahealthmaps.org?address=A1100","Both","Liver",295850,13.7,8.7,20.8,63440,"","","",22865,"","","",182890,"","","",20150,"","","",2,59170,0.0,22.2,32.5,20.1,6.8,8.7,61.8,8.7,61.9,56.2,81.2,23.7,83.2,25.5
"A1100","San Bernardino","Rancho Cucamonga, Ontario","https://www.californiahealthmaps.org?address=A1100","Both","Pancreas",295850,19.8,13.7,28.1,63440,20.7,11.4,37.1,22865,"","","",182890,"","","",20150,"","","",2,59170,0.0,22.2,32.5,20.1,6.8,8.7,61.8,8.7,61.9,56.2,81.2,23.7,83.2,25.5
