"Zone","Counties","Cities","URL","Sex","Cancer","PopTot","AAIR","LCI","UCI","White_PopTot","White_AAIR","White_LCI","White_UCI","Black_PopTot","Black_AAIR","Black_LCI","Black_UCI","Hispanic_PopTot","Hispanic_AAIR","Hispanic_LCI","Hispanic_UCI","Asian_PopTot","Asian_AAIR","Asian_LCI","Asian_UCI","QNSES","PopAll","PerRural","PerUninsured","PerForeignBorn","PerWhite","PerBlack","PerAsian","PerHispanic"
"A0683","Santa Clara","San Jose","https://www.californiahealthmaps.org?address=A0683","Male","AllSite",175850,434.0,396.1,475.2,18025,516.0,423.4,634.9,"","","","",100695,400.1,342.0,467.2,49870,418.5,354.5,493.4,4,68447,2.4,16.9,45.5,11.7,2.7,32.1,51.7
"A0683","Santa Clara","San Jose","https://www.californiahealthmaps.org?address=A0683","Female","AllSite",166385,391.6,359.5,426.1,15895,403.1,326.3,508.2,"","","","",92395,385.3,335.3,442.4,50705,386.9,334.2,446.4,4,68447,2.4,16.9,45.5,11.7,2.7,32.1,51.7
"A0683","Santa Clara","San Jose","https://www.californiahealthmaps.org?address=A0683","Male","Prostate",175850,87.6,71.7,106.7,18025,88.1,56.7,150.0,"","","","",100695,87.6,63.1,121.2,49870,71.4,46.8,107.7,4,68447,2.4,16.9,45.5,11.7,2.7,32.1,51.7
"A0683","Santa Clara","San Jose","https://www.californiahealthmaps.org?address=A0683","Female","Breast",166385,117.1,100.2,136.3,15895,104.8,67.9,174.8,"","","","",92395,99.6,75.4,130.9,50705,134.7,105.8,170.1,4,68447,2.4,16.9,45.5,11.7,2.7,32.1,51.7
"A0683","Santa Clara","San Jose","https://www.californiahealthmaps.org?address=A0683","Male","Lung",175850,54.9,41.2,72.2,18025,77.6,46.8,139.9,"","","","",100695,41.0,22.3,70.7,49870,47.0,27.6,78.5,4,68447,2.4,16.9,45.5,11.7,2.7,32.1,51.7
"A0683","Santa Clara","San Jose","https://www.californiahealthmaps.org?address=A0683","Female","Lung",166385,32.9,23.7,44.9,15895,"","","","","","","",92395,"","","",50705,"","","",4,68447,2.4,16.9,45.5,11.7,2.7,32.1,51.7
"A0683","Santa Clara","San Jose","https://www.californiahealthmaps.org?address=A0683","Male","CRC",175850,49.2,37.5,64.3,18025,"","","","","","","",100695,44.8,28.3,70.7,49870,50.9,31.0,82.6,4,68447,2.4,16.9,45.5,11.7,2.7,32.1,51.7
"A0683","Santa Clara","San Jose","https://www.californiahealthmaps.org?address=A0683","Female","CRC",166385,41.3,31.0,54.3,15895,"","","","","","","",92395,59.1,39.7,86.2,50705,38.8,22.7,62.5,4,68447,2.4,16.9,45.5,11.7,2.7,32.1,51.7
"A0683","Santa Clara","San Jose","https://www.californiahealthmaps.org?address=A0683","Male","Mela",175850,10.7,5.8,19.2,18025,"","","","","","","",100695,"","","",49870,"","","",4,68447,2.4,16.9,45.5,11.7,2.7,32.1,51.7
"A0683","Santa Clara","San Jose","https://www.californiahealthmaps.org?address=A0683","Female","Mela",166385,7.3,3.6,13.6,15895,"","","","","","","",92395,"","","",50705,"","","",4,68447,2.4,16.9,45.5,11.7,2.7,32.1,51.7
"A0683","Santa Clara","San Jose","https://www.californiahealthmaps.org?address=A0683","Female","Uterine",166385,23.7,16.8,33.1,15895,"","","","","","","",92395,31.1,18.7,51.0,50705,"","","",4,68447,2.4,16.9,45.5,11.7,2.7,32.1,51.7
"A0683","Santa Clara","San Jose","https://www.californiahealthmaps.org?address=A0683","Male","Lymph",175850,27.4,18.3,40.3,18025,"","","","","","","",100695,"","","",49870,"","","",4,68447,2.4,16.9,45.5,11.7,2.7,32.1,51.7
"A0683","Santa Clara","San Jose","https://www.californiahealthmaps.org?address=A0683","Female","Lymph",166385,15.7,9.6,24.5,15895,"","","","","","","",92395,"","","",50705,"","","",4,68447,2.4,16.9,45.5,11.7,2.7,32.1,51.7
"A0683","Santa Clara","San Jose","https://www.californiahealthmaps.org?address=A0683","Male","Urinary",175850,19.5,11.2,31.9,18025,"","","","","","","",100695,"","","",49870,"","","",4,68447,2.4,16.9,45.5,11.7,2.7,32.1,51.7
"A0683","Santa Clara","San Jose","https://www.californiahealthmaps.org?address=A0683","Female","Urinary",166385,3.9,1.4,9.2,15895,"","","","","","","",92395,"","","",50705,"","","",4,68447,2.4,16.9,45.5,11.7,2.7,32.1,51.7
"A0683","Santa Clara","San Jose","https://www.californiahealthmaps.org?address=A0683","Male","Kidney",175850,21.7,14.2,32.9,18025,"","","","","","","",100695,"","","",49870,"","","",4,68447,2.4,16.9,45.5,11.7,2.7,32.1,51.7
"A0683","Santa Clara","San Jose","https://www.californiahealthmaps.org?address=A0683","Female","Kidney",166385,13.6,8.4,21.5,15895,"","","","","","","",92395,"","","",50705,"","","",4,68447,2.4,16.9,45.5,11.7,2.7,32.1,51.7
"A0683","Santa Clara","San Jose","https://www.californiahealthmaps.org?address=A0683","Male","Thyroid",175850,4.0,1.4,10.8,18025,"","","","","","","",100695,"","","",49870,"","","",4,68447,2.4,16.9,45.5,11.7,2.7,32.1,51.7
"A0683","Santa Clara","San Jose","https://www.californiahealthmaps.org?address=A0683","Female","Thyroid",166385,15.2,9.8,23.1,15895,"","","","","","","",92395,"","","",50705,"","","",4,68447,2.4,16.9,45.5,11.7,2.7,32.1,51.7
"A0683","Santa Clara","San Jose","https://www.californiahealthmaps.org?address=A0683","Both","AllSite",342235,407.4,383.0,433.1,33920,453.5,393.2,526.8,"","","","",193090,387.8,349.9,429.5,100575,396.6,356.0,441.1,4,68447,2.4,16.9,45.5,11.7,2.7,32.1,51.7
"A0683","Santa Clara","San Jose","https://www.californiahealthmaps.org?address=A0683","Both","Lung",342235,42.8,34.7,52.5,33920,64.9,44.8,100.2,"","","","",193090,30.1,19.5,45.4,100575,37.4,25.4,53.7,4,68447,2.4,16.9,45.5,11.7,2.7,32.1,51.7
"A0683","Santa Clara","San Jose","https://www.californiahealthmaps.org?address=A0683","Both","CRC",342235,45.7,37.7,55.1,33920,34.9,19.6,67.3,"","","","",193090,53.2,39.7,70.9,100575,45.2,31.9,62.9,4,68447,2.4,16.9,45.5,11.7,2.7,32.1,51.7
"A0683","Santa Clara","San Jose","https://www.californiahealthmaps.org?address=A0683","Both","Mela",342235,8.8,5.7,13.5,33920,33.7,18.8,65.6,"","","","",193090,"","","",100575,"","","",4,68447,2.4,16.9,45.5,11.7,2.7,32.1,51.7
"A0683","Santa Clara","San Jose","https://www.californiahealthmaps.org?address=A0683","Both","Lymph",342235,21.2,15.7,28.1,33920,"","","","","","","",193090,18.8,11.0,31.2,100575,21.3,12.6,34.6,4,68447,2.4,16.9,45.5,11.7,2.7,32.1,51.7
"A0683","Santa Clara","San Jose","https://www.californiahealthmaps.org?address=A0683","Both","Urinary",342235,10.4,6.5,15.9,33920,"","","","","","","",193090,"","","",100575,"","","",4,68447,2.4,16.9,45.5,11.7,2.7,32.1,51.7
"A0683","Santa Clara","San Jose","https://www.californiahealthmaps.org?address=A0683","Both","Kidney",342235,17.3,12.7,23.3,33920,"","","","","","","",193090,19.7,12.6,30.9,100575,"","","",4,68447,2.4,16.9,45.5,11.7,2.7,32.1,51.7
"A0683","Santa Clara","San Jose","https://www.californiahealthmaps.org?address=A0683","Both","Thyroid",342235,9.4,6.3,13.8,33920,"","","","","","","",193090,"","","",100575,"","","",4,68447,2.4,16.9,45.5,11.7,2.7,32.1,51.7
