"Zone","Counties","Cities","URL","Sex","Cancer","PopTot","AAIR","LCI","UCI","White_PopTot","White_AAIR","White_LCI","White_UCI","Black_PopTot","Black_AAIR","Black_LCI","Black_UCI","Hispanic_PopTot","Hispanic_AAIR","Hispanic_LCI","Hispanic_UCI","Asian_PopTot","Asian_AAIR","Asian_LCI","Asian_UCI","QNSES","PopAll","PerRural","PerUninsured","PerForeignBorn","PerWhite","PerBlack","PerAsian","PerHispanic"
"A0048","Los Angeles","Downey","https://www.californiahealthmaps.org?address=A0048","Male","AllSite",153990,424.0,386.7,464.3,26885,412.3,349.4,490.2,"","","","",109085,448.5,389.2,515.4,"","","","",3,63769,0.0,22.6,35.4,15.5,4.9,7.3,71.3
"A0048","Los Angeles","Downey","https://www.californiahealthmaps.org?address=A0048","Female","AllSite",164855,397.1,365.4,431.0,27765,397.3,336.8,474.5,"","","","",117075,404.8,360.2,454.0,10705,315.0,219.2,456.1,3,63769,0.0,22.6,35.4,15.5,4.9,7.3,71.3
"A0048","Los Angeles","Downey","https://www.californiahealthmaps.org?address=A0048","Male","Prostate",153990,91.7,74.8,111.6,26885,87.2,61.0,130.5,"","","","",109085,93.8,67.9,127.6,"","","","",3,63769,0.0,22.6,35.4,15.5,4.9,7.3,71.3
"A0048","Los Angeles","Downey","https://www.californiahealthmaps.org?address=A0048","Female","Breast",164855,132.7,114.7,153.0,27765,122.8,90.7,173.6,"","","","",117075,135.1,110.1,164.6,10705,127.9,68.0,238.6,3,63769,0.0,22.6,35.4,15.5,4.9,7.3,71.3
"A0048","Los Angeles","Downey","https://www.californiahealthmaps.org?address=A0048","Male","Lung",153990,41.8,30.2,56.8,26885,47.7,29.9,83.8,"","","","",109085,"","","","","","","",3,63769,0.0,22.6,35.4,15.5,4.9,7.3,71.3
"A0048","Los Angeles","Downey","https://www.californiahealthmaps.org?address=A0048","Female","Lung",164855,32.0,23.3,43.2,27765,38.6,23.2,75.6,"","","","",117075,27.5,16.1,44.3,10705,"","","",3,63769,0.0,22.6,35.4,15.5,4.9,7.3,71.3
"A0048","Los Angeles","Downey","https://www.californiahealthmaps.org?address=A0048","Male","CRC",153990,45.1,33.3,60.0,26885,49.9,29.6,88.9,"","","","",109085,49.2,30.5,76.4,"","","","",3,63769,0.0,22.6,35.4,15.5,4.9,7.3,71.3
"A0048","Los Angeles","Downey","https://www.californiahealthmaps.org?address=A0048","Female","CRC",164855,37.2,27.9,48.9,27765,30.6,17.0,66.7,"","","","",117075,37.7,24.5,56.1,10705,"","","",3,63769,0.0,22.6,35.4,15.5,4.9,7.3,71.3
"A0048","Los Angeles","Downey","https://www.californiahealthmaps.org?address=A0048","Male","Mela",153990,12.4,6.9,20.9,26885,"","","","","","","",109085,"","","","","","","",3,63769,0.0,22.6,35.4,15.5,4.9,7.3,71.3
"A0048","Los Angeles","Downey","https://www.californiahealthmaps.org?address=A0048","Female","Mela",164855,7.7,3.9,13.8,27765,"","","","","","","",117075,"","","",10705,"","","",3,63769,0.0,22.6,35.4,15.5,4.9,7.3,71.3
"A0048","Los Angeles","Downey","https://www.californiahealthmaps.org?address=A0048","Female","Uterine",164855,24.5,17.3,34.0,27765,33.7,19.0,70.5,"","","","",117075,21.2,12.8,34.3,10705,"","","",3,63769,0.0,22.6,35.4,15.5,4.9,7.3,71.3
"A0048","Los Angeles","Downey","https://www.californiahealthmaps.org?address=A0048","Male","Lymph",153990,19.1,11.5,30.2,26885,"","","","","","","",109085,"","","","","","","",3,63769,0.0,22.6,35.4,15.5,4.9,7.3,71.3
"A0048","Los Angeles","Downey","https://www.californiahealthmaps.org?address=A0048","Female","Lymph",164855,10.3,5.7,17.3,27765,"","","","","","","",117075,"","","",10705,"","","",3,63769,0.0,22.6,35.4,15.5,4.9,7.3,71.3
"A0048","Los Angeles","Downey","https://www.californiahealthmaps.org?address=A0048","Male","Urinary",153990,19.1,11.7,29.8,26885,"","","","","","","",109085,"","","","","","","",3,63769,0.0,22.6,35.4,15.5,4.9,7.3,71.3
"A0048","Los Angeles","Downey","https://www.californiahealthmaps.org?address=A0048","Female","Urinary",164855,5.1,2.0,10.9,27765,"","","","","","","",117075,"","","",10705,"","","",3,63769,0.0,22.6,35.4,15.5,4.9,7.3,71.3
"A0048","Los Angeles","Downey","https://www.californiahealthmaps.org?address=A0048","Male","Kidney",153990,27.1,18.2,39.2,26885,"","","","","","","",109085,37.4,21.7,61.5,"","","","",3,63769,0.0,22.6,35.4,15.5,4.9,7.3,71.3
"A0048","Los Angeles","Downey","https://www.californiahealthmaps.org?address=A0048","Female","Kidney",164855,11.7,6.8,19.1,27765,"","","","","","","",117075,"","","",10705,"","","",3,63769,0.0,22.6,35.4,15.5,4.9,7.3,71.3
"A0048","Los Angeles","Downey","https://www.californiahealthmaps.org?address=A0048","Male","Thyroid",153990,6.1,2.8,12.7,26885,"","","","","","","",109085,"","","","","","","",3,63769,0.0,22.6,35.4,15.5,4.9,7.3,71.3
"A0048","Los Angeles","Downey","https://www.californiahealthmaps.org?address=A0048","Female","Thyroid",164855,21.3,14.7,30.0,27765,"","","","","","","",117075,25.9,16.6,39.8,10705,"","","",3,63769,0.0,22.6,35.4,15.5,4.9,7.3,71.3
"A0048","Los Angeles","Downey","https://www.californiahealthmaps.org?address=A0048","Both","AllSite",318845,404.8,380.7,430.1,54650,402.2,358.4,453.7,13305,544.1,409.0,719.8,226160,417.3,381.7,455.7,20355,349.1,272.9,446.7,3,63769,0.0,22.6,35.4,15.5,4.9,7.3,71.3
"A0048","Los Angeles","Downey","https://www.californiahealthmaps.org?address=A0048","Both","Lung",318845,36.3,29.1,44.9,54650,42.2,30.2,63.1,13305,"","","",226160,28.0,18.8,40.5,20355,"","","",3,63769,0.0,22.6,35.4,15.5,4.9,7.3,71.3
"A0048","Los Angeles","Downey","https://www.californiahealthmaps.org?address=A0048","Both","CRC",318845,40.5,33.0,49.2,54650,39.5,27.1,61.2,13305,"","","",226160,42.0,30.8,56.2,20355,"","","",3,63769,0.0,22.6,35.4,15.5,4.9,7.3,71.3
"A0048","Los Angeles","Downey","https://www.californiahealthmaps.org?address=A0048","Both","Mela",318845,9.7,6.4,14.3,54650,19.2,11.1,37.5,13305,"","","",226160,"","","",20355,"","","",3,63769,0.0,22.6,35.4,15.5,4.9,7.3,71.3
"A0048","Los Angeles","Downey","https://www.californiahealthmaps.org?address=A0048","Both","Lymph",318845,13.8,9.5,19.5,54650,"","","",13305,"","","",226160,17.2,10.3,27.3,20355,"","","",3,63769,0.0,22.6,35.4,15.5,4.9,7.3,71.3
"A0048","Los Angeles","Downey","https://www.californiahealthmaps.org?address=A0048","Both","Urinary",318845,10.7,7.1,15.8,54650,14.3,8.0,31.2,13305,"","","",226160,"","","",20355,"","","",3,63769,0.0,22.6,35.4,15.5,4.9,7.3,71.3
"A0048","Los Angeles","Downey","https://www.californiahealthmaps.org?address=A0048","Both","Kidney",318845,18.3,13.4,24.5,54650,"","","",13305,"","","",226160,25.9,17.5,37.3,20355,"","","",3,63769,0.0,22.6,35.4,15.5,4.9,7.3,71.3
"A0048","Los Angeles","Downey","https://www.californiahealthmaps.org?address=A0048","Both","Thyroid",318845,14.3,10.3,19.5,54650,"","","",13305,"","","",226160,17.5,11.7,26.0,20355,"","","",3,63769,0.0,22.6,35.4,15.5,4.9,7.3,71.3
