"Zone","Counties","Cities","URL","Sex","Cancer","PopTot","AAIR","LCI","UCI","White_PopTot","White_AAIR","White_LCI","White_UCI","Black_PopTot","Black_AAIR","Black_LCI","Black_UCI","Hispanic_PopTot","Hispanic_AAIR","Hispanic_LCI","Hispanic_UCI","Asian_PopTot","Asian_AAIR","Asian_LCI","Asian_UCI","QNSES","PopAll","PerRural","PerUninsured","PerForeignBorn","PerWhite","PerBlack","PerAsian","PerHispanic","PerAPI","PerDocvisit","PerFOBT","PerMammo","PerMenPrev","PerPap","PerWomenPrev"
"A0948","San Diego","El Cajon","https://www.californiahealthmaps.org?address=A0948","Male","AllSite",151905,498.0,463.5,534.6,98755,511.6,472.3,554.0,"","","","",34055,497.0,387.8,634.6,"","","","",3,62344,0.0,14.9,24.5,62.0,4.0,3.1,25.2,3.1,"","","","","",""
"A0948","San Diego","El Cajon","https://www.californiahealthmaps.org?address=A0948","Female","AllSite",159815,422.9,393.3,454.4,101860,432.6,397.4,471.0,"","","","",37460,389.9,316.6,479.6,"","","","",3,62344,0.0,14.9,24.5,62.0,4.0,3.1,25.2,3.1,"","","","","",""
"A0948","San Diego","El Cajon","https://www.californiahealthmaps.org?address=A0948","Male","Prostate",151905,99.8,84.8,117.0,98755,95.5,79.4,114.7,"","","","",34055,90.6,49.3,163.2,"","","","",3,62344,0.0,14.9,24.5,62.0,4.0,3.1,25.2,3.1,"","","","","",""
"A0948","San Diego","El Cajon","https://www.californiahealthmaps.org?address=A0948","Female","Breast",159815,135.6,119.0,154.2,101860,138.5,118.8,161.5,"","","","",37460,120.2,81.6,176.0,"","","","",3,62344,0.0,14.9,24.5,62.0,4.0,3.1,25.2,3.1,"","","","","",""
"A0948","San Diego","El Cajon","https://www.californiahealthmaps.org?address=A0948","Male","Lung",151905,60.9,49.2,74.9,98755,68.8,55.1,85.8,"","","","",34055,"","","","","","","",3,62344,0.0,14.9,24.5,62.0,4.0,3.1,25.2,3.1,"","","","","",""
"A0948","San Diego","El Cajon","https://www.californiahealthmaps.org?address=A0948","Female","Lung",159815,45.3,36.1,56.5,101860,48.9,38.2,62.9,"","","","",37460,"","","","","","","",3,62344,0.0,14.9,24.5,62.0,4.0,3.1,25.2,3.1,"","","","","",""
"A0948","San Diego","El Cajon","https://www.californiahealthmaps.org?address=A0948","Male","CRC",151905,36.2,27.7,46.9,98755,35.6,26.2,48.2,"","","","",34055,"","","","","","","",3,62344,0.0,14.9,24.5,62.0,4.0,3.1,25.2,3.1,"","","","","",""
"A0948","San Diego","El Cajon","https://www.californiahealthmaps.org?address=A0948","Female","CRC",159815,29.5,22.3,38.8,101860,26.3,18.7,37.2,"","","","",37460,"","","","","","","",3,62344,0.0,14.9,24.5,62.0,4.0,3.1,25.2,3.1,"","","","","",""
"A0948","San Diego","El Cajon","https://www.californiahealthmaps.org?address=A0948","Male","Mela",151905,36.7,27.7,47.9,98755,44.3,33.3,58.6,"","","","",34055,"","","","","","","",3,62344,0.0,14.9,24.5,62.0,4.0,3.1,25.2,3.1,"","","","","",""
"A0948","San Diego","El Cajon","https://www.californiahealthmaps.org?address=A0948","Female","Mela",159815,20.4,14.1,28.9,101860,24.3,16.0,36.3,"","","","",37460,"","","","","","","",3,62344,0.0,14.9,24.5,62.0,4.0,3.1,25.2,3.1,"","","","","",""
"A0948","San Diego","El Cajon","https://www.californiahealthmaps.org?address=A0948","Female","Uterine",159815,22.9,16.5,31.4,101860,23.5,16.1,34.3,"","","","",37460,"","","","","","","",3,62344,0.0,14.9,24.5,62.0,4.0,3.1,25.2,3.1,"","","","","",""
"A0948","San Diego","El Cajon","https://www.californiahealthmaps.org?address=A0948","Male","Lymph",151905,24.0,16.9,33.3,98755,26.0,17.6,37.8,"","","","",34055,"","","","","","","",3,62344,0.0,14.9,24.5,62.0,4.0,3.1,25.2,3.1,"","","","","",""
"A0948","San Diego","El Cajon","https://www.californiahealthmaps.org?address=A0948","Female","Lymph",159815,14.5,9.6,21.6,101860,14.8,8.7,24.7,"","","","",37460,"","","","","","","",3,62344,0.0,14.9,24.5,62.0,4.0,3.1,25.2,3.1,"","","","","",""
"A0948","San Diego","El Cajon","https://www.californiahealthmaps.org?address=A0948","Male","Urinary",151905,20.1,13.7,28.8,98755,18.5,11.9,28.5,"","","","",34055,"","","","","","","",3,62344,0.0,14.9,24.5,62.0,4.0,3.1,25.2,3.1,"","","","","",""
"A0948","San Diego","El Cajon","https://www.californiahealthmaps.org?address=A0948","Female","Urinary",159815,"","","",101860,"","","","","","","",37460,"","","","","","","",3,62344,0.0,14.9,24.5,62.0,4.0,3.1,25.2,3.1,"","","","","",""
"A0948","San Diego","El Cajon","https://www.californiahealthmaps.org?address=A0948","Male","Kidney",151905,27.6,20.0,37.4,98755,26.5,17.9,38.5,"","","","",34055,"","","","","","","",3,62344,0.0,14.9,24.5,62.0,4.0,3.1,25.2,3.1,"","","","","",""
"A0948","San Diego","El Cajon","https://www.californiahealthmaps.org?address=A0948","Female","Kidney",159815,13.7,8.8,20.8,101860,11.1,6.3,19.7,"","","","",37460,"","","","","","","",3,62344,0.0,14.9,24.5,62.0,4.0,3.1,25.2,3.1,"","","","","",""
"A0948","San Diego","El Cajon","https://www.californiahealthmaps.org?address=A0948","Male","Thyroid",151905,9.5,5.3,16.2,98755,"","","","","","","",34055,"","","","","","","",3,62344,0.0,14.9,24.5,62.0,4.0,3.1,25.2,3.1,"","","","","",""
"A0948","San Diego","El Cajon","https://www.californiahealthmaps.org?address=A0948","Female","Thyroid",159815,18.9,12.7,27.3,101860,19.0,11.6,30.2,"","","","",37460,"","","","","","","",3,62344,0.0,14.9,24.5,62.0,4.0,3.1,25.2,3.1,"","","","","",""
"A0948","San Diego","El Cajon","https://www.californiahealthmaps.org?address=A0948","Male","Liver",151905,17.2,11.3,25.4,98755,13.8,8.1,23.1,"","","","",34055,"","","","","","","",3,62344,0.0,14.9,24.5,62.0,4.0,3.1,25.2,3.1,"","","","","",""
"A0948","San Diego","El Cajon","https://www.californiahealthmaps.org?address=A0948","Female","Liver",159815,"","","",101860,"","","","","","","",37460,"","","","","","","",3,62344,0.0,14.9,24.5,62.0,4.0,3.1,25.2,3.1,"","","","","",""
"A0948","San Diego","El Cajon","https://www.californiahealthmaps.org?address=A0948","Male","Pancreas",151905,16.9,11.1,25.1,98755,17.5,11.0,27.4,"","","","",34055,"","","","","","","",3,62344,0.0,14.9,24.5,62.0,4.0,3.1,25.2,3.1,"","","","","",""
"A0948","San Diego","El Cajon","https://www.californiahealthmaps.org?address=A0948","Female","Pancreas",159815,16.3,11.1,23.6,101860,14.7,9.3,23.7,"","","","",37460,"","","","","","","",3,62344,0.0,14.9,24.5,62.0,4.0,3.1,25.2,3.1,"","","","","",""
"A0948","San Diego","El Cajon","https://www.californiahealthmaps.org?address=A0948","Both","AllSite",311720,454.1,431.7,477.4,200615,465.9,439.7,493.5,13800,429.5,298.7,613.4,71515,431.6,369.2,503.6,11160,453.7,338.2,606.4,3,62344,0.0,14.9,24.5,62.0,4.0,3.1,25.2,3.1,"","","","","",""
"A0948","San Diego","El Cajon","https://www.californiahealthmaps.org?address=A0948","Both","Lung",311720,51.8,44.4,60.2,200615,57.5,48.9,67.7,13800,"","","",71515,"","","",11160,"","","",3,62344,0.0,14.9,24.5,62.0,4.0,3.1,25.2,3.1,"","","","","",""
"A0948","San Diego","El Cajon","https://www.californiahealthmaps.org?address=A0948","Both","CRC",311720,32.8,27.2,39.5,200615,30.9,24.8,38.6,13800,"","","",71515,42.5,24.4,71.6,11160,"","","",3,62344,0.0,14.9,24.5,62.0,4.0,3.1,25.2,3.1,"","","","","",""
"A0948","San Diego","El Cajon","https://www.californiahealthmaps.org?address=A0948","Both","Mela",311720,27.0,21.7,33.4,200615,32.8,26.0,41.2,13800,"","","",71515,"","","",11160,"","","",3,62344,0.0,14.9,24.5,62.0,4.0,3.1,25.2,3.1,"","","","","",""
"A0948","San Diego","El Cajon","https://www.californiahealthmaps.org?address=A0948","Both","Lymph",311720,19.1,14.7,24.5,200615,20.3,15.0,27.3,13800,"","","",71515,"","","",11160,"","","",3,62344,0.0,14.9,24.5,62.0,4.0,3.1,25.2,3.1,"","","","","",""
"A0948","San Diego","El Cajon","https://www.californiahealthmaps.org?address=A0948","Both","Urinary",311720,11.8,8.5,16.2,200615,11.3,7.8,16.5,13800,"","","",71515,"","","",11160,"","","",3,62344,0.0,14.9,24.5,62.0,4.0,3.1,25.2,3.1,"","","","","",""
"A0948","San Diego","El Cajon","https://www.californiahealthmaps.org?address=A0948","Both","Kidney",311720,20.2,15.7,25.8,200615,18.5,13.5,25.2,13800,"","","",71515,"","","",11160,"","","",3,62344,0.0,14.9,24.5,62.0,4.0,3.1,25.2,3.1,"","","","","",""
"A0948","San Diego","El Cajon","https://www.californiahealthmaps.org?address=A0948","Both","Thyroid",311720,14.3,10.4,19.3,200615,14.7,10.0,21.2,13800,"","","",71515,"","","",11160,"","","",3,62344,0.0,14.9,24.5,62.0,4.0,3.1,25.2,3.1,"","","","","",""
"A0948","San Diego","El Cajon","https://www.californiahealthmaps.org?address=A0948","Both","Liver",311720,10.0,7.0,14.2,200615,8.3,5.3,13.0,13800,"","","",71515,"","","",11160,"","","",3,62344,0.0,14.9,24.5,62.0,4.0,3.1,25.2,3.1,"","","","","",""
"A0948","San Diego","El Cajon","https://www.californiahealthmaps.org?address=A0948","Both","Pancreas",311720,16.5,12.5,21.5,200615,15.9,11.6,21.8,13800,"","","",71515,"","","",11160,"","","",3,62344,0.0,14.9,24.5,62.0,4.0,3.1,25.2,3.1,"","","","","",""
