"Zone","Counties","Cities","URL","Sex","Cancer","PopTot","AAIR","LCI","UCI","White_PopTot","White_AAIR","White_LCI","White_UCI","Black_PopTot","Black_AAIR","Black_LCI","Black_UCI","Hispanic_PopTot","Hispanic_AAIR","Hispanic_LCI","Hispanic_UCI","Asian_PopTot","Asian_AAIR","Asian_LCI","Asian_UCI","QNSES","PopAll","PerRural","PerUninsured","PerForeignBorn","PerWhite","PerBlack","PerAsian","PerHispanic","PerAPI","PerDocvisit","PerFOBT","PerMammo","PerMenPrev","PerPap","PerWomenPrev"
"A0379","San Joaquin","Stockton, Manteca, Lathrop","https://www.californiahealthmaps.org?address=A0379","Male","AllSite",166270,513.2,469.4,560.8,61130,567.0,505.2,635.3,14870,573.9,415.2,790.9,65250,433.5,348.1,540.8,18335,407.4,302.5,550.2,2,61965,12.6,17.1,22.2,35.1,7.9,11.4,42.0,11.4,"","","","","",""
"A0379","San Joaquin","Stockton, Manteca, Lathrop","https://www.californiahealthmaps.org?address=A0379","Female","AllSite",143555,521.6,480.8,565.5,52115,595.1,534.0,662.4,"","","","",57515,448.1,371.4,542.7,19295,433.0,333.5,561.8,2,61965,12.6,17.1,22.2,35.1,7.9,11.4,42.0,11.4,"","","","","",""
"A0379","San Joaquin","Stockton, Manteca, Lathrop","https://www.californiahealthmaps.org?address=A0379","Male","Prostate",166270,102.8,84.7,124.6,61130,90.6,68.5,119.2,14870,166.8,95.4,299.1,65250,97.9,59.9,160.4,18335,123.1,72.8,214.1,2,61965,12.6,17.1,22.2,35.1,7.9,11.4,42.0,11.4,"","","","","",""
"A0379","San Joaquin","Stockton, Manteca, Lathrop","https://www.californiahealthmaps.org?address=A0379","Female","Breast",143555,171.4,149.0,196.9,52115,177.8,145.7,216.1,"","","","",57515,166.7,122.6,229.6,19295,166.2,115.1,246.0,2,61965,12.6,17.1,22.2,35.1,7.9,11.4,42.0,11.4,"","","","","",""
"A0379","San Joaquin","Stockton, Manteca, Lathrop","https://www.californiahealthmaps.org?address=A0379","Male","Lung",166270,69.4,53.4,89.5,61130,73.2,52.4,100.9,14870,"","","",65250,"","","",18335,"","","",2,61965,12.6,17.1,22.2,35.1,7.9,11.4,42.0,11.4,"","","","","",""
"A0379","San Joaquin","Stockton, Manteca, Lathrop","https://www.californiahealthmaps.org?address=A0379","Female","Lung",143555,70.7,55.8,89.0,52115,102.8,78.5,133.5,"","","","",57515,"","","",19295,"","","",2,61965,12.6,17.1,22.2,35.1,7.9,11.4,42.0,11.4,"","","","","",""
"A0379","San Joaquin","Stockton, Manteca, Lathrop","https://www.californiahealthmaps.org?address=A0379","Male","CRC",166270,52.0,38.4,69.7,61130,52.7,34.4,78.3,14870,"","","",65250,56.7,31.5,106.7,18335,"","","",2,61965,12.6,17.1,22.2,35.1,7.9,11.4,42.0,11.4,"","","","","",""
"A0379","San Joaquin","Stockton, Manteca, Lathrop","https://www.californiahealthmaps.org?address=A0379","Female","CRC",143555,41.3,30.0,56.1,52115,40.9,26.4,62.1,"","","","",57515,"","","",19295,"","","",2,61965,12.6,17.1,22.2,35.1,7.9,11.4,42.0,11.4,"","","","","",""
"A0379","San Joaquin","Stockton, Manteca, Lathrop","https://www.californiahealthmaps.org?address=A0379","Male","Mela",166270,30.7,20.3,45.4,61130,54.6,36.6,79.7,14870,"","","",65250,"","","",18335,"","","",2,61965,12.6,17.1,22.2,35.1,7.9,11.4,42.0,11.4,"","","","","",""
"A0379","San Joaquin","Stockton, Manteca, Lathrop","https://www.californiahealthmaps.org?address=A0379","Female","Mela",143555,16.9,10.6,26.5,52115,27.7,15.8,46.6,"","","","",57515,"","","",19295,"","","",2,61965,12.6,17.1,22.2,35.1,7.9,11.4,42.0,11.4,"","","","","",""
"A0379","San Joaquin","Stockton, Manteca, Lathrop","https://www.californiahealthmaps.org?address=A0379","Female","Uterine",143555,34.7,25.4,47.1,52115,30.8,19.1,48.9,"","","","",57515,"","","",19295,"","","",2,61965,12.6,17.1,22.2,35.1,7.9,11.4,42.0,11.4,"","","","","",""
"A0379","San Joaquin","Stockton, Manteca, Lathrop","https://www.californiahealthmaps.org?address=A0379","Male","Lymph",166270,36.5,25.0,52.3,61130,41.0,25.4,64.0,14870,"","","",65250,"","","",18335,"","","",2,61965,12.6,17.1,22.2,35.1,7.9,11.4,42.0,11.4,"","","","","",""
"A0379","San Joaquin","Stockton, Manteca, Lathrop","https://www.californiahealthmaps.org?address=A0379","Female","Lymph",143555,25.7,17.3,37.6,52115,37.8,23.1,59.6,"","","","",57515,"","","",19295,"","","",2,61965,12.6,17.1,22.2,35.1,7.9,11.4,42.0,11.4,"","","","","",""
"A0379","San Joaquin","Stockton, Manteca, Lathrop","https://www.californiahealthmaps.org?address=A0379","Male","Urinary",166270,"","","",61130,"","","",14870,"","","",65250,"","","",18335,"","","",2,61965,12.6,17.1,22.2,35.1,7.9,11.4,42.0,11.4,"","","","","",""
"A0379","San Joaquin","Stockton, Manteca, Lathrop","https://www.californiahealthmaps.org?address=A0379","Female","Urinary",143555,"","","",52115,"","","","","","","",57515,"","","",19295,"","","",2,61965,12.6,17.1,22.2,35.1,7.9,11.4,42.0,11.4,"","","","","",""
"A0379","San Joaquin","Stockton, Manteca, Lathrop","https://www.californiahealthmaps.org?address=A0379","Male","Kidney",166270,36.6,25.6,51.8,61130,41.5,25.9,64.3,14870,"","","",65250,"","","",18335,"","","",2,61965,12.6,17.1,22.2,35.1,7.9,11.4,42.0,11.4,"","","","","",""
"A0379","San Joaquin","Stockton, Manteca, Lathrop","https://www.californiahealthmaps.org?address=A0379","Female","Kidney",143555,13.2,7.7,22.0,52115,"","","","","","","",57515,"","","",19295,"","","",2,61965,12.6,17.1,22.2,35.1,7.9,11.4,42.0,11.4,"","","","","",""
"A0379","San Joaquin","Stockton, Manteca, Lathrop","https://www.californiahealthmaps.org?address=A0379","Male","Thyroid",166270,"","","",61130,"","","",14870,"","","",65250,"","","",18335,"","","",2,61965,12.6,17.1,22.2,35.1,7.9,11.4,42.0,11.4,"","","","","",""
"A0379","San Joaquin","Stockton, Manteca, Lathrop","https://www.californiahealthmaps.org?address=A0379","Female","Thyroid",143555,23.3,15.7,34.3,52115,"","","","","","","",57515,"","","",19295,"","","",2,61965,12.6,17.1,22.2,35.1,7.9,11.4,42.0,11.4,"","","","","",""
"A0379","San Joaquin","Stockton, Manteca, Lathrop","https://www.californiahealthmaps.org?address=A0379","Male","Liver",166270,20.0,12.9,31.2,61130,"","","",14870,"","","",65250,"","","",18335,"","","",2,61965,12.6,17.1,22.2,35.1,7.9,11.4,42.0,11.4,"","","","","",""
"A0379","San Joaquin","Stockton, Manteca, Lathrop","https://www.californiahealthmaps.org?address=A0379","Female","Liver",143555,"","","",52115,"","","","","","","",57515,"","","",19295,"","","",2,61965,12.6,17.1,22.2,35.1,7.9,11.4,42.0,11.4,"","","","","",""
"A0379","San Joaquin","Stockton, Manteca, Lathrop","https://www.californiahealthmaps.org?address=A0379","Male","Pancreas",166270,"","","",61130,"","","",14870,"","","",65250,"","","",18335,"","","",2,61965,12.6,17.1,22.2,35.1,7.9,11.4,42.0,11.4,"","","","","",""
"A0379","San Joaquin","Stockton, Manteca, Lathrop","https://www.californiahealthmaps.org?address=A0379","Female","Pancreas",143555,"","","",52115,"","","","","","","",57515,"","","",19295,"","","",2,61965,12.6,17.1,22.2,35.1,7.9,11.4,42.0,11.4,"","","","","",""
"A0379","San Joaquin","Stockton, Manteca, Lathrop","https://www.californiahealthmaps.org?address=A0379","Both","AllSite",309825,511.7,482.0,543.0,113245,574.4,531.3,620.5,23895,532.9,425.8,663.7,122765,437.0,379.4,504.1,37630,410.5,340.3,494.8,2,61965,12.6,17.1,22.2,35.1,7.9,11.4,42.0,11.4,"","","","","",""
"A0379","San Joaquin","Stockton, Manteca, Lathrop","https://www.californiahealthmaps.org?address=A0379","Both","Lung",309825,70.3,59.2,83.2,113245,88.7,72.3,108.4,23895,103.2,54.6,180.6,122765,40.3,22.3,70.5,37630,"","","",2,61965,12.6,17.1,22.2,35.1,7.9,11.4,42.0,11.4,"","","","","",""
"A0379","San Joaquin","Stockton, Manteca, Lathrop","https://www.californiahealthmaps.org?address=A0379","Both","CRC",309825,46.6,37.6,57.4,113245,45.9,34.2,60.9,23895,"","","",122765,50.8,31.9,81.0,37630,"","","",2,61965,12.6,17.1,22.2,35.1,7.9,11.4,42.0,11.4,"","","","","",""
"A0379","San Joaquin","Stockton, Manteca, Lathrop","https://www.californiahealthmaps.org?address=A0379","Both","Mela",309825,22.7,16.8,30.3,113245,39.6,28.9,53.4,23895,"","","",122765,"","","",37630,"","","",2,61965,12.6,17.1,22.2,35.1,7.9,11.4,42.0,11.4,"","","","","",""
"A0379","San Joaquin","Stockton, Manteca, Lathrop","https://www.californiahealthmaps.org?address=A0379","Both","Lymph",309825,30.3,23.2,39.1,113245,38.4,27.7,52.5,23895,"","","",122765,"","","",37630,"","","",2,61965,12.6,17.1,22.2,35.1,7.9,11.4,42.0,11.4,"","","","","",""
"A0379","San Joaquin","Stockton, Manteca, Lathrop","https://www.californiahealthmaps.org?address=A0379","Both","Urinary",309825,10.6,6.2,17.1,113245,15.4,8.4,26.0,23895,"","","",122765,"","","",37630,"","","",2,61965,12.6,17.1,22.2,35.1,7.9,11.4,42.0,11.4,"","","","","",""
"A0379","San Joaquin","Stockton, Manteca, Lathrop","https://www.californiahealthmaps.org?address=A0379","Both","Kidney",309825,24.2,18.2,32.0,113245,28.4,19.5,40.7,23895,"","","",122765,26.5,14.1,50.5,37630,"","","",2,61965,12.6,17.1,22.2,35.1,7.9,11.4,42.0,11.4,"","","","","",""
"A0379","San Joaquin","Stockton, Manteca, Lathrop","https://www.californiahealthmaps.org?address=A0379","Both","Thyroid",309825,14.1,9.9,20.0,113245,12.2,6.7,21.2,23895,"","","",122765,"","","",37630,"","","",2,61965,12.6,17.1,22.2,35.1,7.9,11.4,42.0,11.4,"","","","","",""
"A0379","San Joaquin","Stockton, Manteca, Lathrop","https://www.californiahealthmaps.org?address=A0379","Both","Liver",309825,13.2,9.0,19.0,113245,11.5,6.6,19.6,23895,"","","",122765,"","","",37630,"","","",2,61965,12.6,17.1,22.2,35.1,7.9,11.4,42.0,11.4,"","","","","",""
"A0379","San Joaquin","Stockton, Manteca, Lathrop","https://www.californiahealthmaps.org?address=A0379","Both","Pancreas",309825,10.5,6.4,16.5,113245,"","","",23895,"","","",122765,"","","",37630,"","","",2,61965,12.6,17.1,22.2,35.1,7.9,11.4,42.0,11.4,"","","","","",""
