"Zone","Counties","Cities","URL","Sex","Cancer","PopTot","AAIR","LCI","UCI","White_PopTot","White_AAIR","White_LCI","White_UCI","Black_PopTot","Black_AAIR","Black_LCI","Black_UCI","Hispanic_PopTot","Hispanic_AAIR","Hispanic_LCI","Hispanic_UCI","Asian_PopTot","Asian_AAIR","Asian_LCI","Asian_UCI","QNSES","PopAll","PerRural","PerUninsured","PerForeignBorn","PerWhite","PerBlack","PerAsian","PerHispanic","PerAPI","PerDocvisit","PerFOBT","PerMammo","PerMenPrev","PerPap","PerWomenPrev"
"A0927","Riverside","Lake Elsinore, Corona","https://www.californiahealthmaps.org?address=A0927","Male","AllSite",181070,582.0,535.3,633.1,90840,617.8,556.8,685.6,"","","","",57495,469.8,378.4,584.6,16460,408.8,296.9,579.7,4,73151,4.3,13.2,17.9,49.2,5.6,9.9,31.8,9.9,"","","","","",""
"A0927","Riverside","Lake Elsinore, Corona","https://www.californiahealthmaps.org?address=A0927","Female","AllSite",184685,486.8,449.9,526.2,91965,520.0,471.1,573.4,"","","","",57985,440.5,365.1,530.5,18575,391.5,298.9,512.6,4,73151,4.3,13.2,17.9,49.2,5.6,9.9,31.8,9.9,"","","","","",""
"A0927","Riverside","Lake Elsinore, Corona","https://www.californiahealthmaps.org?address=A0927","Male","Prostate",181070,138.0,117.2,163.1,90840,130.1,105.1,162.0,"","","","",57495,115.7,73.2,184.0,16460,"","","",4,73151,4.3,13.2,17.9,49.2,5.6,9.9,31.8,9.9,"","","","","",""
"A0927","Riverside","Lake Elsinore, Corona","https://www.californiahealthmaps.org?address=A0927","Female","Breast",184685,149.8,130.3,172.0,91965,158.5,132.5,189.0,"","","","",57985,138.5,99.8,192.1,18575,113.2,72.3,183.5,4,73151,4.3,13.2,17.9,49.2,5.6,9.9,31.8,9.9,"","","","","",""
"A0927","Riverside","Lake Elsinore, Corona","https://www.californiahealthmaps.org?address=A0927","Male","Lung",181070,67.6,51.1,89.1,90840,86.1,63.0,117.0,"","","","",57495,"","","",16460,"","","",4,73151,4.3,13.2,17.9,49.2,5.6,9.9,31.8,9.9,"","","","","",""
"A0927","Riverside","Lake Elsinore, Corona","https://www.californiahealthmaps.org?address=A0927","Female","Lung",184685,57.1,43.9,73.3,91965,65.5,47.6,88.5,"","","","",57985,"","","",18575,"","","",4,73151,4.3,13.2,17.9,49.2,5.6,9.9,31.8,9.9,"","","","","",""
"A0927","Riverside","Lake Elsinore, Corona","https://www.californiahealthmaps.org?address=A0927","Male","CRC",181070,54.4,41.3,72.2,90840,53.1,37.0,76.8,"","","","",57495,77.2,42.8,139.0,16460,"","","",4,73151,4.3,13.2,17.9,49.2,5.6,9.9,31.8,9.9,"","","","","",""
"A0927","Riverside","Lake Elsinore, Corona","https://www.californiahealthmaps.org?address=A0927","Female","CRC",184685,46.1,35.0,60.1,91965,46.9,32.9,65.8,"","","","",57985,49.0,25.2,90.4,18575,"","","",4,73151,4.3,13.2,17.9,49.2,5.6,9.9,31.8,9.9,"","","","","",""
"A0927","Riverside","Lake Elsinore, Corona","https://www.californiahealthmaps.org?address=A0927","Male","Mela",181070,46.8,33.9,64.7,90840,64.5,45.8,91.0,"","","","",57495,"","","",16460,"","","",4,73151,4.3,13.2,17.9,49.2,5.6,9.9,31.8,9.9,"","","","","",""
"A0927","Riverside","Lake Elsinore, Corona","https://www.californiahealthmaps.org?address=A0927","Female","Mela",184685,25.3,17.6,35.9,91965,42.0,29.0,59.7,"","","","",57985,"","","",18575,"","","",4,73151,4.3,13.2,17.9,49.2,5.6,9.9,31.8,9.9,"","","","","",""
"A0927","Riverside","Lake Elsinore, Corona","https://www.californiahealthmaps.org?address=A0927","Female","Uterine",184685,28.8,20.7,39.6,91965,29.1,19.0,43.9,"","","","",57985,"","","",18575,"","","",4,73151,4.3,13.2,17.9,49.2,5.6,9.9,31.8,9.9,"","","","","",""
"A0927","Riverside","Lake Elsinore, Corona","https://www.californiahealthmaps.org?address=A0927","Male","Lymph",181070,28.0,18.1,43.2,90840,24.3,13.4,43.6,"","","","",57495,"","","",16460,"","","",4,73151,4.3,13.2,17.9,49.2,5.6,9.9,31.8,9.9,"","","","","",""
"A0927","Riverside","Lake Elsinore, Corona","https://www.californiahealthmaps.org?address=A0927","Female","Lymph",184685,17.9,11.6,27.2,91965,18.8,10.6,32.0,"","","","",57985,"","","",18575,"","","",4,73151,4.3,13.2,17.9,49.2,5.6,9.9,31.8,9.9,"","","","","",""
"A0927","Riverside","Lake Elsinore, Corona","https://www.californiahealthmaps.org?address=A0927","Male","Urinary",181070,23.1,14.0,37.5,90840,23.4,12.4,43.0,"","","","",57495,"","","",16460,"","","",4,73151,4.3,13.2,17.9,49.2,5.6,9.9,31.8,9.9,"","","","","",""
"A0927","Riverside","Lake Elsinore, Corona","https://www.californiahealthmaps.org?address=A0927","Female","Urinary",184685,"","","",91965,"","","","","","","",57985,"","","",18575,"","","",4,73151,4.3,13.2,17.9,49.2,5.6,9.9,31.8,9.9,"","","","","",""
"A0927","Riverside","Lake Elsinore, Corona","https://www.californiahealthmaps.org?address=A0927","Male","Kidney",181070,36.4,26.6,50.8,90840,38.3,25.3,58.8,"","","","",57495,"","","",16460,"","","",4,73151,4.3,13.2,17.9,49.2,5.6,9.9,31.8,9.9,"","","","","",""
"A0927","Riverside","Lake Elsinore, Corona","https://www.californiahealthmaps.org?address=A0927","Female","Kidney",184685,12.7,7.8,20.5,91965,"","","","","","","",57985,"","","",18575,"","","",4,73151,4.3,13.2,17.9,49.2,5.6,9.9,31.8,9.9,"","","","","",""
"A0927","Riverside","Lake Elsinore, Corona","https://www.californiahealthmaps.org?address=A0927","Male","Thyroid",181070,"","","",90840,"","","","","","","",57495,"","","",16460,"","","",4,73151,4.3,13.2,17.9,49.2,5.6,9.9,31.8,9.9,"","","","","",""
"A0927","Riverside","Lake Elsinore, Corona","https://www.californiahealthmaps.org?address=A0927","Female","Thyroid",184685,24.2,17.0,34.0,91965,26.4,16.6,41.1,"","","","",57985,"","","",18575,"","","",4,73151,4.3,13.2,17.9,49.2,5.6,9.9,31.8,9.9,"","","","","",""
"A0927","Riverside","Lake Elsinore, Corona","https://www.californiahealthmaps.org?address=A0927","Male","Liver",181070,12.9,7.0,24.3,90840,"","","","","","","",57495,"","","",16460,"","","",4,73151,4.3,13.2,17.9,49.2,5.6,9.9,31.8,9.9,"","","","","",""
"A0927","Riverside","Lake Elsinore, Corona","https://www.californiahealthmaps.org?address=A0927","Female","Liver",184685,"","","",91965,"","","","","","","",57985,"","","",18575,"","","",4,73151,4.3,13.2,17.9,49.2,5.6,9.9,31.8,9.9,"","","","","",""
"A0927","Riverside","Lake Elsinore, Corona","https://www.californiahealthmaps.org?address=A0927","Male","Pancreas",181070,17.8,9.9,31.4,90840,"","","","","","","",57495,"","","",16460,"","","",4,73151,4.3,13.2,17.9,49.2,5.6,9.9,31.8,9.9,"","","","","",""
"A0927","Riverside","Lake Elsinore, Corona","https://www.californiahealthmaps.org?address=A0927","Female","Pancreas",184685,14.3,8.3,23.4,91965,"","","","","","","",57985,"","","",18575,"","","",4,73151,4.3,13.2,17.9,49.2,5.6,9.9,31.8,9.9,"","","","","",""
"A0927","Riverside","Lake Elsinore, Corona","https://www.californiahealthmaps.org?address=A0927","Both","AllSite",365755,528.0,498.9,558.6,182805,558.0,520.3,598.2,19740,585.4,463.2,739.8,115480,455.3,395.5,523.7,35035,401.7,327.9,493.7,4,73151,4.3,13.2,17.9,49.2,5.6,9.9,31.8,9.9,"","","","","",""
"A0927","Riverside","Lake Elsinore, Corona","https://www.californiahealthmaps.org?address=A0927","Both","Lung",365755,61.2,50.8,73.3,182805,73.3,59.2,90.1,19740,"","","",115480,37.4,20.5,65.0,35035,"","","",4,73151,4.3,13.2,17.9,49.2,5.6,9.9,31.8,9.9,"","","","","",""
"A0927","Riverside","Lake Elsinore, Corona","https://www.californiahealthmaps.org?address=A0927","Both","CRC",365755,50.7,41.9,61.2,182805,50.4,39.5,63.9,19740,"","","",115480,62.6,41.0,94.1,35035,"","","",4,73151,4.3,13.2,17.9,49.2,5.6,9.9,31.8,9.9,"","","","","",""
"A0927","Riverside","Lake Elsinore, Corona","https://www.californiahealthmaps.org?address=A0927","Both","Mela",365755,34.7,27.5,43.5,182805,51.4,40.4,64.8,19740,"","","",115480,"","","",35035,"","","",4,73151,4.3,13.2,17.9,49.2,5.6,9.9,31.8,9.9,"","","","","",""
"A0927","Riverside","Lake Elsinore, Corona","https://www.californiahealthmaps.org?address=A0927","Both","Lymph",365755,22.2,16.5,29.6,182805,21.2,14.3,30.7,19740,"","","",115480,"","","",35035,"","","",4,73151,4.3,13.2,17.9,49.2,5.6,9.9,31.8,9.9,"","","","","",""
"A0927","Riverside","Lake Elsinore, Corona","https://www.californiahealthmaps.org?address=A0927","Both","Urinary",365755,12.6,8.1,18.9,182805,13.9,8.2,22.3,19740,"","","",115480,"","","",35035,"","","",4,73151,4.3,13.2,17.9,49.2,5.6,9.9,31.8,9.9,"","","","","",""
"A0927","Riverside","Lake Elsinore, Corona","https://www.californiahealthmaps.org?address=A0927","Both","Kidney",365755,24.0,18.6,30.9,182805,22.6,16.0,31.6,19740,"","","",115480,24.5,14.1,44.4,35035,"","","",4,73151,4.3,13.2,17.9,49.2,5.6,9.9,31.8,9.9,"","","","","",""
"A0927","Riverside","Lake Elsinore, Corona","https://www.californiahealthmaps.org?address=A0927","Both","Thyroid",365755,16.0,11.7,21.8,182805,16.7,11.0,24.9,19740,"","","",115480,19.1,10.0,38.3,35035,"","","",4,73151,4.3,13.2,17.9,49.2,5.6,9.9,31.8,9.9,"","","","","",""
"A0927","Riverside","Lake Elsinore, Corona","https://www.californiahealthmaps.org?address=A0927","Both","Liver",365755,9.2,5.9,14.3,182805,"","","",19740,"","","",115480,"","","",35035,"","","",4,73151,4.3,13.2,17.9,49.2,5.6,9.9,31.8,9.9,"","","","","",""
"A0927","Riverside","Lake Elsinore, Corona","https://www.californiahealthmaps.org?address=A0927","Both","Pancreas",365755,15.7,10.8,22.4,182805,17.3,10.8,26.8,19740,"","","",115480,"","","",35035,"","","",4,73151,4.3,13.2,17.9,49.2,5.6,9.9,31.8,9.9,"","","","","",""
