"Zone","Counties","Cities","URL","Sex","Cancer","PopTot","AAIR","LCI","UCI","White_PopTot","White_AAIR","White_LCI","White_UCI","Black_PopTot","Black_AAIR","Black_LCI","Black_UCI","Hispanic_PopTot","Hispanic_AAIR","Hispanic_LCI","Hispanic_UCI","Asian_PopTot","Asian_AAIR","Asian_LCI","Asian_UCI","QNSES","PopAll","PerRural","PerUninsured","PerForeignBorn","PerWhite","PerBlack","PerAsian","PerHispanic"
"A0518","Santa Clara","Morgan Hill, San Jose","https://www.californiahealthmaps.org?address=A0518","Male","AllSite",155485,537.8,496.6,581.9,80215,567.4,514.6,625.0,"","","","",47695,500.4,399.1,624.7,18090,434.4,339.8,550.1,4,62711,9.3,12.2,20.7,47.5,2.8,12.3,33.7
"A0518","Santa Clara","Morgan Hill, San Jose","https://www.californiahealthmaps.org?address=A0518","Female","AllSite",158070,483.5,448.3,521.0,79865,491.2,445.9,541.0,"","","","",48325,495.7,415.3,590.2,20780,433.9,348.9,540.7,4,62711,9.3,12.2,20.7,47.5,2.8,12.3,33.7
"A0518","Santa Clara","Morgan Hill, San Jose","https://www.californiahealthmaps.org?address=A0518","Male","Prostate",155485,119.6,101.6,140.4,80215,111.7,90.6,137.5,"","","","",47695,126.2,81.4,194.3,18090,109.1,66.5,173.6,4,62711,9.3,12.2,20.7,47.5,2.8,12.3,33.7
"A0518","Santa Clara","Morgan Hill, San Jose","https://www.californiahealthmaps.org?address=A0518","Female","Breast",158070,160.4,140.7,182.5,79865,159.7,134.6,189.4,"","","","",48325,188.0,141.4,248.9,20780,126.2,84.2,191.3,4,62711,9.3,12.2,20.7,47.5,2.8,12.3,33.7
"A0518","Santa Clara","Morgan Hill, San Jose","https://www.californiahealthmaps.org?address=A0518","Male","Lung",155485,69.1,54.3,87.1,80215,78.1,58.9,102.5,"","","","",47695,"","","",18090,"","","",4,62711,9.3,12.2,20.7,47.5,2.8,12.3,33.7
"A0518","Santa Clara","Morgan Hill, San Jose","https://www.californiahealthmaps.org?address=A0518","Female","Lung",158070,46.0,35.0,59.7,79865,54.5,39.6,74.3,"","","","",48325,"","","",20780,"","","",4,62711,9.3,12.2,20.7,47.5,2.8,12.3,33.7
"A0518","Santa Clara","Morgan Hill, San Jose","https://www.californiahealthmaps.org?address=A0518","Male","CRC",155485,46.6,34.7,61.6,80215,50.7,35.7,71.0,"","","","",47695,"","","",18090,"","","",4,62711,9.3,12.2,20.7,47.5,2.8,12.3,33.7
"A0518","Santa Clara","Morgan Hill, San Jose","https://www.californiahealthmaps.org?address=A0518","Female","CRC",158070,36.3,27.2,48.0,79865,29.3,19.1,44.6,"","","","",48325,"","","",20780,72.9,41.0,129.8,4,62711,9.3,12.2,20.7,47.5,2.8,12.3,33.7
"A0518","Santa Clara","Morgan Hill, San Jose","https://www.californiahealthmaps.org?address=A0518","Male","Mela",155485,38.2,27.7,51.9,80215,54.7,39.3,75.4,"","","","",47695,"","","",18090,"","","",4,62711,9.3,12.2,20.7,47.5,2.8,12.3,33.7
"A0518","Santa Clara","Morgan Hill, San Jose","https://www.californiahealthmaps.org?address=A0518","Female","Mela",158070,36.7,27.3,48.7,79865,52.9,38.2,72.6,"","","","",48325,"","","",20780,"","","",4,62711,9.3,12.2,20.7,47.5,2.8,12.3,33.7
"A0518","Santa Clara","Morgan Hill, San Jose","https://www.californiahealthmaps.org?address=A0518","Female","Uterine",158070,32.4,24.2,43.1,79865,35.0,24.7,50.0,"","","","",48325,"","","",20780,"","","",4,62711,9.3,12.2,20.7,47.5,2.8,12.3,33.7
"A0518","Santa Clara","Morgan Hill, San Jose","https://www.californiahealthmaps.org?address=A0518","Male","Lymph",155485,28.2,19.3,40.3,80215,29.5,18.0,46.6,"","","","",47695,"","","",18090,"","","",4,62711,9.3,12.2,20.7,47.5,2.8,12.3,33.7
"A0518","Santa Clara","Morgan Hill, San Jose","https://www.californiahealthmaps.org?address=A0518","Female","Lymph",158070,21.5,14.7,31.0,79865,22.7,13.8,36.8,"","","","",48325,"","","",20780,"","","",4,62711,9.3,12.2,20.7,47.5,2.8,12.3,33.7
"A0518","Santa Clara","Morgan Hill, San Jose","https://www.californiahealthmaps.org?address=A0518","Male","Urinary",155485,22.6,14.0,34.8,80215,24.8,14.0,41.5,"","","","",47695,"","","",18090,"","","",4,62711,9.3,12.2,20.7,47.5,2.8,12.3,33.7
"A0518","Santa Clara","Morgan Hill, San Jose","https://www.californiahealthmaps.org?address=A0518","Female","Urinary",158070,4.5,1.9,10.0,79865,"","","","","","","",48325,"","","",20780,"","","",4,62711,9.3,12.2,20.7,47.5,2.8,12.3,33.7
"A0518","Santa Clara","Morgan Hill, San Jose","https://www.californiahealthmaps.org?address=A0518","Male","Kidney",155485,26.2,18.2,37.2,80215,25.1,15.4,40.2,"","","","",47695,"","","",18090,"","","",4,62711,9.3,12.2,20.7,47.5,2.8,12.3,33.7
"A0518","Santa Clara","Morgan Hill, San Jose","https://www.californiahealthmaps.org?address=A0518","Female","Kidney",158070,11.5,6.6,19.2,79865,"","","","","","","",48325,"","","",20780,"","","",4,62711,9.3,12.2,20.7,47.5,2.8,12.3,33.7
"A0518","Santa Clara","Morgan Hill, San Jose","https://www.californiahealthmaps.org?address=A0518","Male","Thyroid",155485,7.7,3.5,15.2,80215,"","","","","","","",47695,"","","",18090,"","","",4,62711,9.3,12.2,20.7,47.5,2.8,12.3,33.7
"A0518","Santa Clara","Morgan Hill, San Jose","https://www.californiahealthmaps.org?address=A0518","Female","Thyroid",158070,19.0,13.0,27.5,79865,17.3,9.5,30.3,"","","","",48325,"","","",20780,"","","",4,62711,9.3,12.2,20.7,47.5,2.8,12.3,33.7
"A0518","Santa Clara","Morgan Hill, San Jose","https://www.californiahealthmaps.org?address=A0518","Both","AllSite",313555,502.6,476.0,530.4,160080,520.8,486.6,557.3,"","","","",96020,481.4,420.1,551.0,38870,433.3,369.3,507.6,4,62711,9.3,12.2,20.7,47.5,2.8,12.3,33.7
"A0518","Santa Clara","Morgan Hill, San Jose","https://www.californiahealthmaps.org?address=A0518","Both","Lung",313555,55.4,46.5,65.8,160080,64.1,52.2,78.5,"","","","",96020,33.0,17.7,58.4,38870,51.1,31.0,82.5,4,62711,9.3,12.2,20.7,47.5,2.8,12.3,33.7
"A0518","Santa Clara","Morgan Hill, San Jose","https://www.californiahealthmaps.org?address=A0518","Both","CRC",313555,41.1,33.6,50.0,160080,39.2,30.1,50.6,"","","","",96020,37.4,20.0,65.3,38870,58.9,36.8,92.4,4,62711,9.3,12.2,20.7,47.5,2.8,12.3,33.7
"A0518","Santa Clara","Morgan Hill, San Jose","https://www.californiahealthmaps.org?address=A0518","Both","Mela",313555,36.4,29.5,44.7,160080,52.4,41.8,65.3,"","","","",96020,"","","",38870,"","","",4,62711,9.3,12.2,20.7,47.5,2.8,12.3,33.7
"A0518","Santa Clara","Morgan Hill, San Jose","https://www.californiahealthmaps.org?address=A0518","Both","Lymph",313555,24.4,18.8,31.4,160080,25.4,18.1,35.3,"","","","",96020,"","","",38870,"","","",4,62711,9.3,12.2,20.7,47.5,2.8,12.3,33.7
"A0518","Santa Clara","Morgan Hill, San Jose","https://www.californiahealthmaps.org?address=A0518","Both","Urinary",313555,11.8,7.9,17.3,160080,12.0,7.1,19.5,"","","","",96020,"","","",38870,"","","",4,62711,9.3,12.2,20.7,47.5,2.8,12.3,33.7
"A0518","Santa Clara","Morgan Hill, San Jose","https://www.californiahealthmaps.org?address=A0518","Both","Kidney",313555,18.7,13.9,24.9,160080,17.4,11.5,25.8,"","","","",96020,"","","",38870,"","","",4,62711,9.3,12.2,20.7,47.5,2.8,12.3,33.7
"A0518","Santa Clara","Morgan Hill, San Jose","https://www.californiahealthmaps.org?address=A0518","Both","Thyroid",313555,13.3,9.5,18.5,160080,10.6,6.0,17.8,"","","","",96020,"","","",38870,"","","",4,62711,9.3,12.2,20.7,47.5,2.8,12.3,33.7
