"Zone","Counties","Cities","URL","Sex","Cancer","PopTot","AAIR","LCI","UCI","White_PopTot","White_AAIR","White_LCI","White_UCI","Black_PopTot","Black_AAIR","Black_LCI","Black_UCI","Hispanic_PopTot","Hispanic_AAIR","Hispanic_LCI","Hispanic_UCI","Asian_PopTot","Asian_AAIR","Asian_LCI","Asian_UCI","QNSES","PopAll","PerRural","PerUninsured","PerForeignBorn","PerWhite","PerBlack","PerAsian","PerHispanic","PerAPI","PerDocvisit","PerFOBT","PerMammo","PerMenPrev","PerPap","PerWomenPrev"
"A0457","San Bernardino","Chino, Ontario","https://www.californiahealthmaps.org?address=A0457","Male","AllSite",149185,501.7,440.5,573.7,38615,645.4,522.4,811.0,14985,428.4,271.2,725.8,77020,441.3,350.4,561.7,14970,416.2,281.2,621.3,3,60066,3.7,17.7,21.1,25.5,10.0,9.8,51.8,9.8,63.0,62.3,82.6,27.8,83.8,29.9
"A0457","San Bernardino","Chino, Ontario","https://www.californiahealthmaps.org?address=A0457","Female","AllSite",151145,450.2,404.1,501.3,38495,512.7,426.0,615.2,15685,432.4,283.4,656.4,76460,381.7,318.7,457.7,16195,550.1,414.0,723.2,3,60066,3.7,17.7,21.1,25.5,10.0,9.8,51.8,9.8,63.0,62.3,82.6,27.8,83.8,29.9
"A0457","San Bernardino","Chino, Ontario","https://www.californiahealthmaps.org?address=A0457","Male","Prostate",149185,105.9,81.4,142.1,38615,143.3,92.6,243.8,14985,140.5,77.0,367.1,77020,75.4,46.0,139.2,14970,"","","",3,60066,3.7,17.7,21.1,25.5,10.0,9.8,51.8,9.8,63.0,62.3,82.6,27.8,83.8,29.9
"A0457","San Bernardino","Chino, Ontario","https://www.californiahealthmaps.org?address=A0457","Female","Breast",151145,138.6,114.8,167.4,38495,149.8,105.8,210.3,15685,133.5,65.6,281.5,76460,132.4,98.1,180.0,16195,135.5,78.1,230.3,3,60066,3.7,17.7,21.1,25.5,10.0,9.8,51.8,9.8,63.0,62.3,82.6,27.8,83.8,29.9
"A0457","San Bernardino","Chino, Ontario","https://www.californiahealthmaps.org?address=A0457","Male","Lung",149185,64.9,41.1,102.5,38615,92.6,49.5,190.0,14985,"","","",77020,"","","",14970,"","","",3,60066,3.7,17.7,21.1,25.5,10.0,9.8,51.8,9.8,63.0,62.3,82.6,27.8,83.8,29.9
"A0457","San Bernardino","Chino, Ontario","https://www.californiahealthmaps.org?address=A0457","Female","Lung",151145,37.9,24.3,57.6,38495,"","","",15685,"","","",76460,"","","",16195,"","","",3,60066,3.7,17.7,21.1,25.5,10.0,9.8,51.8,9.8,63.0,62.3,82.6,27.8,83.8,29.9
"A0457","San Bernardino","Chino, Ontario","https://www.californiahealthmaps.org?address=A0457","Male","CRC",149185,55.1,37.4,85.5,38615,"","","",14985,"","","",77020,71.2,38.9,139.2,14970,"","","",3,60066,3.7,17.7,21.1,25.5,10.0,9.8,51.8,9.8,63.0,62.3,82.6,27.8,83.8,29.9
"A0457","San Bernardino","Chino, Ontario","https://www.californiahealthmaps.org?address=A0457","Female","CRC",151145,43.9,29.4,64.3,38495,"","","",15685,"","","",76460,"","","",16195,"","","",3,60066,3.7,17.7,21.1,25.5,10.0,9.8,51.8,9.8,63.0,62.3,82.6,27.8,83.8,29.9
"A0457","San Bernardino","Chino, Ontario","https://www.californiahealthmaps.org?address=A0457","Male","Mela",149185,26.2,15.2,51.2,38615,60.3,31.9,145.3,14985,"","","",77020,"","","",14970,"","","",3,60066,3.7,17.7,21.1,25.5,10.0,9.8,51.8,9.8,63.0,62.3,82.6,27.8,83.8,29.9
"A0457","San Bernardino","Chino, Ontario","https://www.californiahealthmaps.org?address=A0457","Female","Mela",151145,"","","",38495,"","","",15685,"","","",76460,"","","",16195,"","","",3,60066,3.7,17.7,21.1,25.5,10.0,9.8,51.8,9.8,63.0,62.3,82.6,27.8,83.8,29.9
"A0457","San Bernardino","Chino, Ontario","https://www.californiahealthmaps.org?address=A0457","Female","Uterine",151145,33.3,22.1,49.9,38495,41.0,20.4,79.4,15685,"","","",76460,38.0,20.3,71.1,16195,"","","",3,60066,3.7,17.7,21.1,25.5,10.0,9.8,51.8,9.8,63.0,62.3,82.6,27.8,83.8,29.9
"A0457","San Bernardino","Chino, Ontario","https://www.californiahealthmaps.org?address=A0457","Male","Lymph",149185,21.8,12.2,45.6,38615,"","","",14985,"","","",77020,"","","",14970,"","","",3,60066,3.7,17.7,21.1,25.5,10.0,9.8,51.8,9.8,63.0,62.3,82.6,27.8,83.8,29.9
"A0457","San Bernardino","Chino, Ontario","https://www.californiahealthmaps.org?address=A0457","Female","Lymph",151145,21.5,11.6,37.7,38495,"","","",15685,"","","",76460,"","","",16195,"","","",3,60066,3.7,17.7,21.1,25.5,10.0,9.8,51.8,9.8,63.0,62.3,82.6,27.8,83.8,29.9
"A0457","San Bernardino","Chino, Ontario","https://www.californiahealthmaps.org?address=A0457","Male","Urinary",149185,"","","",38615,"","","",14985,"","","",77020,"","","",14970,"","","",3,60066,3.7,17.7,21.1,25.5,10.0,9.8,51.8,9.8,63.0,62.3,82.6,27.8,83.8,29.9
"A0457","San Bernardino","Chino, Ontario","https://www.californiahealthmaps.org?address=A0457","Female","Urinary",151145,"","","",38495,"","","",15685,"","","",76460,"","","",16195,"","","",3,60066,3.7,17.7,21.1,25.5,10.0,9.8,51.8,9.8,63.0,62.3,82.6,27.8,83.8,29.9
"A0457","San Bernardino","Chino, Ontario","https://www.californiahealthmaps.org?address=A0457","Male","Kidney",149185,25.7,14.9,50.6,38615,"","","",14985,"","","",77020,"","","",14970,"","","",3,60066,3.7,17.7,21.1,25.5,10.0,9.8,51.8,9.8,63.0,62.3,82.6,27.8,83.8,29.9
"A0457","San Bernardino","Chino, Ontario","https://www.californiahealthmaps.org?address=A0457","Female","Kidney",151145,21.7,12.2,37.0,38495,"","","",15685,"","","",76460,"","","",16195,"","","",3,60066,3.7,17.7,21.1,25.5,10.0,9.8,51.8,9.8,63.0,62.3,82.6,27.8,83.8,29.9
"A0457","San Bernardino","Chino, Ontario","https://www.californiahealthmaps.org?address=A0457","Male","Thyroid",149185,"","","",38615,"","","",14985,"","","",77020,"","","",14970,"","","",3,60066,3.7,17.7,21.1,25.5,10.0,9.8,51.8,9.8,63.0,62.3,82.6,27.8,83.8,29.9
"A0457","San Bernardino","Chino, Ontario","https://www.californiahealthmaps.org?address=A0457","Female","Thyroid",151145,24.2,15.9,37.7,38495,"","","",15685,"","","",76460,19.2,10.4,43.5,16195,"","","",3,60066,3.7,17.7,21.1,25.5,10.0,9.8,51.8,9.8,63.0,62.3,82.6,27.8,83.8,29.9
"A0457","San Bernardino","Chino, Ontario","https://www.californiahealthmaps.org?address=A0457","Male","Liver",149185,28.2,14.0,57.2,38615,"","","",14985,"","","",77020,"","","",14970,"","","",3,60066,3.7,17.7,21.1,25.5,10.0,9.8,51.8,9.8,63.0,62.3,82.6,27.8,83.8,29.9
"A0457","San Bernardino","Chino, Ontario","https://www.californiahealthmaps.org?address=A0457","Female","Liver",151145,"","","",38495,"","","",15685,"","","",76460,"","","",16195,"","","",3,60066,3.7,17.7,21.1,25.5,10.0,9.8,51.8,9.8,63.0,62.3,82.6,27.8,83.8,29.9
"A0457","San Bernardino","Chino, Ontario","https://www.californiahealthmaps.org?address=A0457","Male","Pancreas",149185,"","","",38615,"","","",14985,"","","",77020,"","","",14970,"","","",3,60066,3.7,17.7,21.1,25.5,10.0,9.8,51.8,9.8,63.0,62.3,82.6,27.8,83.8,29.9
"A0457","San Bernardino","Chino, Ontario","https://www.californiahealthmaps.org?address=A0457","Female","Pancreas",151145,"","","",38495,"","","",15685,"","","",76460,"","","",16195,"","","",3,60066,3.7,17.7,21.1,25.5,10.0,9.8,51.8,9.8,63.0,62.3,82.6,27.8,83.8,29.9
"A0457","San Bernardino","Chino, Ontario","https://www.californiahealthmaps.org?address=A0457","Both","AllSite",300330,469.8,433.0,509.8,77110,570.7,498.2,653.8,30670,411.1,309.1,551.1,153480,400.9,349.1,461.4,31165,487.1,390.1,605.9,3,60066,3.7,17.7,21.1,25.5,10.0,9.8,51.8,9.8,63.0,62.3,82.6,27.8,83.8,29.9
"A0457","San Bernardino","Chino, Ontario","https://www.californiahealthmaps.org?address=A0457","Both","Lung",300330,48.5,35.9,65.1,77110,71.5,45.3,110.6,30670,"","","",153480,"","","",31165,"","","",3,60066,3.7,17.7,21.1,25.5,10.0,9.8,51.8,9.8,63.0,62.3,82.6,27.8,83.8,29.9
"A0457","San Bernardino","Chino, Ontario","https://www.californiahealthmaps.org?address=A0457","Both","CRC",300330,49.7,37.9,65.2,77110,43.7,24.8,75.4,30670,"","","",153480,47.4,30.8,74.1,31165,68.9,35.9,126.4,3,60066,3.7,17.7,21.1,25.5,10.0,9.8,51.8,9.8,63.0,62.3,82.6,27.8,83.8,29.9
"A0457","San Bernardino","Chino, Ontario","https://www.californiahealthmaps.org?address=A0457","Both","Mela",300330,15.8,10.4,24.9,77110,38.4,23.9,64.8,30670,"","","",153480,"","","",31165,"","","",3,60066,3.7,17.7,21.1,25.5,10.0,9.8,51.8,9.8,63.0,62.3,82.6,27.8,83.8,29.9
"A0457","San Bernardino","Chino, Ontario","https://www.californiahealthmaps.org?address=A0457","Both","Lymph",300330,22.4,14.7,33.9,77110,30.6,15.8,58.5,30670,"","","",153480,"","","",31165,"","","",3,60066,3.7,17.7,21.1,25.5,10.0,9.8,51.8,9.8,63.0,62.3,82.6,27.8,83.8,29.9
"A0457","San Bernardino","Chino, Ontario","https://www.californiahealthmaps.org?address=A0457","Both","Urinary",300330,"","","",77110,"","","",30670,"","","",153480,"","","",31165,"","","",3,60066,3.7,17.7,21.1,25.5,10.0,9.8,51.8,9.8,63.0,62.3,82.6,27.8,83.8,29.9
"A0457","San Bernardino","Chino, Ontario","https://www.californiahealthmaps.org?address=A0457","Both","Kidney",300330,23.5,16.1,34.6,77110,"","","",30670,"","","",153480,25.3,15.0,45.8,31165,"","","",3,60066,3.7,17.7,21.1,25.5,10.0,9.8,51.8,9.8,63.0,62.3,82.6,27.8,83.8,29.9
"A0457","San Bernardino","Chino, Ontario","https://www.californiahealthmaps.org?address=A0457","Both","Thyroid",300330,15.3,10.5,23.7,77110,"","","",30670,"","","",153480,12.2,7.1,28.4,31165,"","","",3,60066,3.7,17.7,21.1,25.5,10.0,9.8,51.8,9.8,63.0,62.3,82.6,27.8,83.8,29.9
"A0457","San Bernardino","Chino, Ontario","https://www.californiahealthmaps.org?address=A0457","Both","Liver",300330,13.7,7.9,23.6,77110,"","","",30670,"","","",153480,"","","",31165,"","","",3,60066,3.7,17.7,21.1,25.5,10.0,9.8,51.8,9.8,63.0,62.3,82.6,27.8,83.8,29.9
"A0457","San Bernardino","Chino, Ontario","https://www.californiahealthmaps.org?address=A0457","Both","Pancreas",300330,13.0,6.6,23.9,77110,"","","",30670,"","","",153480,"","","",31165,"","","",3,60066,3.7,17.7,21.1,25.5,10.0,9.8,51.8,9.8,63.0,62.3,82.6,27.8,83.8,29.9
