"Zone","Counties","Cities","URL","Sex","Cancer","PopTot","AAIR","LCI","UCI","White_PopTot","White_AAIR","White_LCI","White_UCI","Black_PopTot","Black_AAIR","Black_LCI","Black_UCI","Hispanic_PopTot","Hispanic_AAIR","Hispanic_LCI","Hispanic_UCI","Asian_PopTot","Asian_AAIR","Asian_LCI","Asian_UCI","QNSES","PopAll","PerRural","PerUninsured","PerForeignBorn","PerWhite","PerBlack","PerAsian","PerHispanic","PerAPI","PerDocvisit","PerFOBT","PerMammo","PerMenPrev","PerPap","PerWomenPrev"
"A0825","Los Angeles","Industry","https://www.californiahealthmaps.org?address=A0825","Male","AllSite",165755,441.4,404.4,481.4,"","","","","","","","",125035,432.7,383.8,487.6,26500,426.6,353.2,515.4,2,66656,0.0,26.5,41.8,6.4,1.2,15.7,75.3,15.7,"","","","","",""
"A0825","Los Angeles","Industry","https://www.californiahealthmaps.org?address=A0825","Female","AllSite",167525,366.8,337.0,398.8,10030,443.1,341.5,592.6,"","","","",124230,359.0,321.0,400.9,28710,338.2,280.4,410.7,2,66656,0.0,26.5,41.8,6.4,1.2,15.7,75.3,15.7,"","","","","",""
"A0825","Los Angeles","Industry","https://www.californiahealthmaps.org?address=A0825","Male","Prostate",165755,120.6,101.6,142.7,"","","","","","","","",125035,141.3,114.0,174.8,26500,70.4,42.5,116.0,2,66656,0.0,26.5,41.8,6.4,1.2,15.7,75.3,15.7,"","","","","",""
"A0825","Los Angeles","Industry","https://www.californiahealthmaps.org?address=A0825","Female","Breast",167525,102.9,87.6,120.4,10030,90.6,55.1,184.5,"","","","",124230,94.4,76.0,116.8,28710,108.3,77.2,155.7,2,66656,0.0,26.5,41.8,6.4,1.2,15.7,75.3,15.7,"","","","","",""
"A0825","Los Angeles","Industry","https://www.californiahealthmaps.org?address=A0825","Male","Lung",165755,51.7,39.2,67.4,"","","","","","","","",125035,33.2,19.4,54.5,26500,83.7,53.8,130.7,2,66656,0.0,26.5,41.8,6.4,1.2,15.7,75.3,15.7,"","","","","",""
"A0825","Los Angeles","Industry","https://www.californiahealthmaps.org?address=A0825","Female","Lung",167525,17.9,11.7,26.4,10030,"","","","","","","",124230,"","","",28710,"","","",2,66656,0.0,26.5,41.8,6.4,1.2,15.7,75.3,15.7,"","","","","",""
"A0825","Los Angeles","Industry","https://www.californiahealthmaps.org?address=A0825","Male","CRC",165755,41.3,30.3,55.5,"","","","","","","","",125035,39.9,25.3,61.6,26500,62.4,36.8,105.7,2,66656,0.0,26.5,41.8,6.4,1.2,15.7,75.3,15.7,"","","","","",""
"A0825","Los Angeles","Industry","https://www.californiahealthmaps.org?address=A0825","Female","CRC",167525,32.7,24.3,43.5,10030,"","","","","","","",124230,25.4,16.2,38.7,28710,"","","",2,66656,0.0,26.5,41.8,6.4,1.2,15.7,75.3,15.7,"","","","","",""
"A0825","Los Angeles","Industry","https://www.californiahealthmaps.org?address=A0825","Male","Mela",165755,"","","","","","","","","","","",125035,"","","",26500,"","","",2,66656,0.0,26.5,41.8,6.4,1.2,15.7,75.3,15.7,"","","","","",""
"A0825","Los Angeles","Industry","https://www.californiahealthmaps.org?address=A0825","Female","Mela",167525,"","","",10030,"","","","","","","",124230,"","","",28710,"","","",2,66656,0.0,26.5,41.8,6.4,1.2,15.7,75.3,15.7,"","","","","",""
"A0825","Los Angeles","Industry","https://www.californiahealthmaps.org?address=A0825","Female","Uterine",167525,34.4,25.9,45.1,10030,"","","","","","","",124230,33.6,22.9,48.4,28710,39.1,21.5,75.0,2,66656,0.0,26.5,41.8,6.4,1.2,15.7,75.3,15.7,"","","","","",""
"A0825","Los Angeles","Industry","https://www.californiahealthmaps.org?address=A0825","Male","Lymph",165755,25.5,17.5,36.7,"","","","","","","","",125035,27.7,17.4,44.5,26500,"","","",2,66656,0.0,26.5,41.8,6.4,1.2,15.7,75.3,15.7,"","","","","",""
"A0825","Los Angeles","Industry","https://www.californiahealthmaps.org?address=A0825","Female","Lymph",167525,20.9,14.2,29.8,10030,"","","","","","","",124230,21.3,12.6,34.4,28710,"","","",2,66656,0.0,26.5,41.8,6.4,1.2,15.7,75.3,15.7,"","","","","",""
"A0825","Los Angeles","Industry","https://www.californiahealthmaps.org?address=A0825","Male","Urinary",165755,"","","","","","","","","","","",125035,"","","",26500,"","","",2,66656,0.0,26.5,41.8,6.4,1.2,15.7,75.3,15.7,"","","","","",""
"A0825","Los Angeles","Industry","https://www.californiahealthmaps.org?address=A0825","Female","Urinary",167525,"","","",10030,"","","","","","","",124230,"","","",28710,"","","",2,66656,0.0,26.5,41.8,6.4,1.2,15.7,75.3,15.7,"","","","","",""
"A0825","Los Angeles","Industry","https://www.californiahealthmaps.org?address=A0825","Male","Kidney",165755,25.2,17.0,36.7,"","","","","","","","",125035,31.3,18.8,50.9,26500,"","","",2,66656,0.0,26.5,41.8,6.4,1.2,15.7,75.3,15.7,"","","","","",""
"A0825","Los Angeles","Industry","https://www.californiahealthmaps.org?address=A0825","Female","Kidney",167525,17.7,11.8,25.8,10030,"","","","","","","",124230,24.6,15.6,37.8,28710,"","","",2,66656,0.0,26.5,41.8,6.4,1.2,15.7,75.3,15.7,"","","","","",""
"A0825","Los Angeles","Industry","https://www.californiahealthmaps.org?address=A0825","Male","Thyroid",165755,"","","","","","","","","","","",125035,"","","",26500,"","","",2,66656,0.0,26.5,41.8,6.4,1.2,15.7,75.3,15.7,"","","","","",""
"A0825","Los Angeles","Industry","https://www.californiahealthmaps.org?address=A0825","Female","Thyroid",167525,21.2,14.5,30.1,10030,"","","","","","","",124230,19.8,12.1,31.6,28710,"","","",2,66656,0.0,26.5,41.8,6.4,1.2,15.7,75.3,15.7,"","","","","",""
"A0825","Los Angeles","Industry","https://www.californiahealthmaps.org?address=A0825","Male","Liver",165755,25.6,17.6,36.7,"","","","","","","","",125035,27.7,17.3,44.7,26500,"","","",2,66656,0.0,26.5,41.8,6.4,1.2,15.7,75.3,15.7,"","","","","",""
"A0825","Los Angeles","Industry","https://www.californiahealthmaps.org?address=A0825","Female","Liver",167525,"","","",10030,"","","","","","","",124230,"","","",28710,"","","",2,66656,0.0,26.5,41.8,6.4,1.2,15.7,75.3,15.7,"","","","","",""
"A0825","Los Angeles","Industry","https://www.californiahealthmaps.org?address=A0825","Male","Pancreas",165755,13.1,7.5,22.0,"","","","","","","","",125035,"","","",26500,"","","",2,66656,0.0,26.5,41.8,6.4,1.2,15.7,75.3,15.7,"","","","","",""
"A0825","Los Angeles","Industry","https://www.californiahealthmaps.org?address=A0825","Female","Pancreas",167525,"","","",10030,"","","","","","","",124230,"","","",28710,"","","",2,66656,0.0,26.5,41.8,6.4,1.2,15.7,75.3,15.7,"","","","","",""
"A0825","Los Angeles","Industry","https://www.californiahealthmaps.org?address=A0825","Both","AllSite",333280,396.2,373.0,420.5,19965,473.7,399.9,568.7,"","","","",249265,385.6,355.8,417.8,55210,376.0,329.9,429.4,2,66656,0.0,26.5,41.8,6.4,1.2,15.7,75.3,15.7,"","","","","",""
"A0825","Los Angeles","Industry","https://www.californiahealthmaps.org?address=A0825","Both","Lung",333280,32.5,25.9,40.2,19965,64.3,39.4,116.0,"","","","",249265,18.6,12.0,28.0,55210,55.1,38.7,79.7,2,66656,0.0,26.5,41.8,6.4,1.2,15.7,75.3,15.7,"","","","","",""
"A0825","Los Angeles","Industry","https://www.californiahealthmaps.org?address=A0825","Both","CRC",333280,36.2,29.4,44.2,19965,"","","","","","","",249265,30.7,22.6,41.2,55210,47.9,32.6,71.4,2,66656,0.0,26.5,41.8,6.4,1.2,15.7,75.3,15.7,"","","","","",""
"A0825","Los Angeles","Industry","https://www.californiahealthmaps.org?address=A0825","Both","Mela",333280,6.6,4.0,10.6,19965,"","","","","","","",249265,"","","",55210,"","","",2,66656,0.0,26.5,41.8,6.4,1.2,15.7,75.3,15.7,"","","","","",""
"A0825","Los Angeles","Industry","https://www.californiahealthmaps.org?address=A0825","Both","Lymph",333280,23.3,17.9,29.9,19965,"","","","","","","",249265,24.8,17.8,34.2,55210,"","","",2,66656,0.0,26.5,41.8,6.4,1.2,15.7,75.3,15.7,"","","","","",""
"A0825","Los Angeles","Industry","https://www.californiahealthmaps.org?address=A0825","Both","Urinary",333280,7.3,4.3,11.7,19965,"","","","","","","",249265,"","","",55210,"","","",2,66656,0.0,26.5,41.8,6.4,1.2,15.7,75.3,15.7,"","","","","",""
"A0825","Los Angeles","Industry","https://www.californiahealthmaps.org?address=A0825","Both","Kidney",333280,20.8,15.9,27.1,19965,"","","","","","","",249265,26.9,19.5,36.9,55210,"","","",2,66656,0.0,26.5,41.8,6.4,1.2,15.7,75.3,15.7,"","","","","",""
"A0825","Los Angeles","Industry","https://www.californiahealthmaps.org?address=A0825","Both","Thyroid",333280,13.7,9.9,18.9,19965,"","","","","","","",249265,11.1,6.9,17.8,55210,"","","",2,66656,0.0,26.5,41.8,6.4,1.2,15.7,75.3,15.7,"","","","","",""
"A0825","Los Angeles","Industry","https://www.californiahealthmaps.org?address=A0825","Both","Liver",333280,16.3,11.9,21.9,19965,"","","","","","","",249265,16.1,10.6,24.1,55210,"","","",2,66656,0.0,26.5,41.8,6.4,1.2,15.7,75.3,15.7,"","","","","",""
"A0825","Los Angeles","Industry","https://www.californiahealthmaps.org?address=A0825","Both","Pancreas",333280,11.1,7.4,16.0,19965,"","","","","","","",249265,9.7,5.3,16.7,55210,"","","",2,66656,0.0,26.5,41.8,6.4,1.2,15.7,75.3,15.7,"","","","","",""
