"Zone","Counties","Cities","URL","Sex","Cancer","PopTot","AAIR","LCI","UCI","White_PopTot","White_AAIR","White_LCI","White_UCI","Black_PopTot","Black_AAIR","Black_LCI","Black_UCI","Hispanic_PopTot","Hispanic_AAIR","Hispanic_LCI","Hispanic_UCI","Asian_PopTot","Asian_AAIR","Asian_LCI","Asian_UCI","QNSES","PopAll","PerRural","PerUninsured","PerForeignBorn","PerWhite","PerBlack","PerAsian","PerHispanic","PerAPI","PerDocvisit","PerFOBT","PerMammo","PerMenPrev","PerPap","PerWomenPrev"
"A0893","Los Angeles","Los Angeles, Burbank, Glendale","https://www.californiahealthmaps.org?address=A0893","Male","AllSite",152995,457.9,425.8,492.1,100910,479.4,441.5,520.6,"","","","",24950,354.0,268.3,464.6,18655,394.3,301.5,514.0,4,64086,0.4,14.4,41.8,65.7,1.2,11.5,19.1,11.5,68.6,68.3,79.0,33.0,85.3,39.3
"A0893","Los Angeles","Los Angeles, Burbank, Glendale","https://www.californiahealthmaps.org?address=A0893","Female","AllSite",167435,401.8,374.8,430.7,106555,417.2,384.0,453.5,"","","","",29910,336.9,272.4,414.0,22265,408.3,328.8,504.6,4,64086,0.4,14.4,41.8,65.7,1.2,11.5,19.1,11.5,68.6,68.3,79.0,33.0,85.3,39.3
"A0893","Los Angeles","Los Angeles, Burbank, Glendale","https://www.californiahealthmaps.org?address=A0893","Male","Prostate",152995,93.8,79.8,109.9,100910,94.9,78.9,114.3,"","","","",24950,"","","",18655,"","","",4,64086,0.4,14.4,41.8,65.7,1.2,11.5,19.1,11.5,68.6,68.3,79.0,33.0,85.3,39.3
"A0893","Los Angeles","Los Angeles, Burbank, Glendale","https://www.californiahealthmaps.org?address=A0893","Female","Breast",167435,140.0,124.1,157.8,106555,150.3,130.3,173.6,"","","","",29910,89.6,59.2,133.0,22265,164.7,116.2,230.6,4,64086,0.4,14.4,41.8,65.7,1.2,11.5,19.1,11.5,68.6,68.3,79.0,33.0,85.3,39.3
"A0893","Los Angeles","Los Angeles, Burbank, Glendale","https://www.californiahealthmaps.org?address=A0893","Male","Lung",152995,56.4,45.5,69.4,100910,60.0,47.3,76.2,"","","","",24950,"","","",18655,"","","",4,64086,0.4,14.4,41.8,65.7,1.2,11.5,19.1,11.5,68.6,68.3,79.0,33.0,85.3,39.3
"A0893","Los Angeles","Los Angeles, Burbank, Glendale","https://www.californiahealthmaps.org?address=A0893","Female","Lung",167435,29.5,22.7,38.3,106555,32.5,24.3,44.2,"","","","",29910,"","","",22265,"","","",4,64086,0.4,14.4,41.8,65.7,1.2,11.5,19.1,11.5,68.6,68.3,79.0,33.0,85.3,39.3
"A0893","Los Angeles","Los Angeles, Burbank, Glendale","https://www.californiahealthmaps.org?address=A0893","Male","CRC",152995,51.2,40.8,63.8,100910,53.8,41.6,69.6,"","","","",24950,"","","",18655,"","","",4,64086,0.4,14.4,41.8,65.7,1.2,11.5,19.1,11.5,68.6,68.3,79.0,33.0,85.3,39.3
"A0893","Los Angeles","Los Angeles, Burbank, Glendale","https://www.californiahealthmaps.org?address=A0893","Female","CRC",167435,39.8,31.9,49.6,106555,39.4,30.1,52.0,"","","","",29910,"","","",22265,"","","",4,64086,0.4,14.4,41.8,65.7,1.2,11.5,19.1,11.5,68.6,68.3,79.0,33.0,85.3,39.3
"A0893","Los Angeles","Los Angeles, Burbank, Glendale","https://www.californiahealthmaps.org?address=A0893","Male","Mela",152995,21.7,15.2,30.5,100910,22.4,14.9,33.6,"","","","",24950,"","","",18655,"","","",4,64086,0.4,14.4,41.8,65.7,1.2,11.5,19.1,11.5,68.6,68.3,79.0,33.0,85.3,39.3
"A0893","Los Angeles","Los Angeles, Burbank, Glendale","https://www.californiahealthmaps.org?address=A0893","Female","Mela",167435,9.8,6.0,15.8,106555,11.6,6.8,20.2,"","","","",29910,"","","",22265,"","","",4,64086,0.4,14.4,41.8,65.7,1.2,11.5,19.1,11.5,68.6,68.3,79.0,33.0,85.3,39.3
"A0893","Los Angeles","Los Angeles, Burbank, Glendale","https://www.californiahealthmaps.org?address=A0893","Female","Uterine",167435,27.0,20.5,35.5,106555,26.3,18.7,37.4,"","","","",29910,"","","",22265,"","","",4,64086,0.4,14.4,41.8,65.7,1.2,11.5,19.1,11.5,68.6,68.3,79.0,33.0,85.3,39.3
"A0893","Los Angeles","Los Angeles, Burbank, Glendale","https://www.californiahealthmaps.org?address=A0893","Male","Lymph",152995,25.8,18.8,35.1,100910,26.7,18.5,38.5,"","","","",24950,"","","",18655,"","","",4,64086,0.4,14.4,41.8,65.7,1.2,11.5,19.1,11.5,68.6,68.3,79.0,33.0,85.3,39.3
"A0893","Los Angeles","Los Angeles, Burbank, Glendale","https://www.californiahealthmaps.org?address=A0893","Female","Lymph",167435,21.0,15.3,28.8,106555,22.1,15.1,32.8,"","","","",29910,"","","",22265,"","","",4,64086,0.4,14.4,41.8,65.7,1.2,11.5,19.1,11.5,68.6,68.3,79.0,33.0,85.3,39.3
"A0893","Los Angeles","Los Angeles, Burbank, Glendale","https://www.californiahealthmaps.org?address=A0893","Male","Urinary",152995,25.9,18.8,35.3,100910,28.2,19.8,40.1,"","","","",24950,"","","",18655,"","","",4,64086,0.4,14.4,41.8,65.7,1.2,11.5,19.1,11.5,68.6,68.3,79.0,33.0,85.3,39.3
"A0893","Los Angeles","Los Angeles, Burbank, Glendale","https://www.californiahealthmaps.org?address=A0893","Female","Urinary",167435,"","","",106555,"","","","","","","",29910,"","","",22265,"","","",4,64086,0.4,14.4,41.8,65.7,1.2,11.5,19.1,11.5,68.6,68.3,79.0,33.0,85.3,39.3
"A0893","Los Angeles","Los Angeles, Burbank, Glendale","https://www.californiahealthmaps.org?address=A0893","Male","Kidney",152995,19.2,13.0,27.8,100910,22.1,14.2,33.9,"","","","",24950,"","","",18655,"","","",4,64086,0.4,14.4,41.8,65.7,1.2,11.5,19.1,11.5,68.6,68.3,79.0,33.0,85.3,39.3
"A0893","Los Angeles","Los Angeles, Burbank, Glendale","https://www.californiahealthmaps.org?address=A0893","Female","Kidney",167435,7.5,4.1,13.2,106555,"","","","","","","",29910,"","","",22265,"","","",4,64086,0.4,14.4,41.8,65.7,1.2,11.5,19.1,11.5,68.6,68.3,79.0,33.0,85.3,39.3
"A0893","Los Angeles","Los Angeles, Burbank, Glendale","https://www.californiahealthmaps.org?address=A0893","Male","Thyroid",152995,9.9,5.7,16.4,100910,"","","","","","","",24950,"","","",18655,"","","",4,64086,0.4,14.4,41.8,65.7,1.2,11.5,19.1,11.5,68.6,68.3,79.0,33.0,85.3,39.3
"A0893","Los Angeles","Los Angeles, Burbank, Glendale","https://www.californiahealthmaps.org?address=A0893","Female","Thyroid",167435,20.5,14.4,28.9,106555,22.7,14.6,34.7,"","","","",29910,"","","",22265,"","","",4,64086,0.4,14.4,41.8,65.7,1.2,11.5,19.1,11.5,68.6,68.3,79.0,33.0,85.3,39.3
"A0893","Los Angeles","Los Angeles, Burbank, Glendale","https://www.californiahealthmaps.org?address=A0893","Male","Liver",152995,10.1,5.8,16.7,100910,"","","","","","","",24950,"","","",18655,"","","",4,64086,0.4,14.4,41.8,65.7,1.2,11.5,19.1,11.5,68.6,68.3,79.0,33.0,85.3,39.3
"A0893","Los Angeles","Los Angeles, Burbank, Glendale","https://www.californiahealthmaps.org?address=A0893","Female","Liver",167435,"","","",106555,"","","","","","","",29910,"","","",22265,"","","",4,64086,0.4,14.4,41.8,65.7,1.2,11.5,19.1,11.5,68.6,68.3,79.0,33.0,85.3,39.3
"A0893","Los Angeles","Los Angeles, Burbank, Glendale","https://www.californiahealthmaps.org?address=A0893","Male","Pancreas",152995,18.4,12.4,26.8,100910,18.6,11.9,29.1,"","","","",24950,"","","",18655,"","","",4,64086,0.4,14.4,41.8,65.7,1.2,11.5,19.1,11.5,68.6,68.3,79.0,33.0,85.3,39.3
"A0893","Los Angeles","Los Angeles, Burbank, Glendale","https://www.californiahealthmaps.org?address=A0893","Female","Pancreas",167435,9.1,5.6,14.7,106555,9.1,5.2,16.9,"","","","",29910,"","","",22265,"","","",4,64086,0.4,14.4,41.8,65.7,1.2,11.5,19.1,11.5,68.6,68.3,79.0,33.0,85.3,39.3
"A0893","Los Angeles","Los Angeles, Burbank, Glendale","https://www.californiahealthmaps.org?address=A0893","Both","AllSite",320430,421.5,401.0,443.0,207465,439.5,414.7,465.8,"","","","",54860,341.2,289.2,400.5,40920,403.7,342.1,475.0,4,64086,0.4,14.4,41.8,65.7,1.2,11.5,19.1,11.5,68.6,68.3,79.0,33.0,85.3,39.3
"A0893","Los Angeles","Los Angeles, Burbank, Glendale","https://www.californiahealthmaps.org?address=A0893","Both","Lung",320430,41.0,34.8,48.1,207465,44.6,37.2,53.7,"","","","",54860,"","","",40920,38.4,21.0,66.7,4,64086,0.4,14.4,41.8,65.7,1.2,11.5,19.1,11.5,68.6,68.3,79.0,33.0,85.3,39.3
"A0893","Los Angeles","Los Angeles, Burbank, Glendale","https://www.californiahealthmaps.org?address=A0893","Both","CRC",320430,44.6,38.2,52.0,207465,46.1,38.4,55.4,"","","","",54860,47.4,29.0,73.9,40920,38.1,21.3,65.6,4,64086,0.4,14.4,41.8,65.7,1.2,11.5,19.1,11.5,68.6,68.3,79.0,33.0,85.3,39.3
"A0893","Los Angeles","Los Angeles, Burbank, Glendale","https://www.californiahealthmaps.org?address=A0893","Both","Mela",320430,15.0,11.3,19.7,207465,16.4,12.0,22.6,"","","","",54860,"","","",40920,"","","",4,64086,0.4,14.4,41.8,65.7,1.2,11.5,19.1,11.5,68.6,68.3,79.0,33.0,85.3,39.3
"A0893","Los Angeles","Los Angeles, Burbank, Glendale","https://www.californiahealthmaps.org?address=A0893","Both","Lymph",320430,23.3,18.7,28.9,207465,24.2,18.8,31.4,"","","","",54860,"","","",40920,"","","",4,64086,0.4,14.4,41.8,65.7,1.2,11.5,19.1,11.5,68.6,68.3,79.0,33.0,85.3,39.3
"A0893","Los Angeles","Los Angeles, Burbank, Glendale","https://www.californiahealthmaps.org?address=A0893","Both","Urinary",320430,13.3,10.0,17.7,207465,14.5,10.5,20.2,"","","","",54860,"","","",40920,"","","",4,64086,0.4,14.4,41.8,65.7,1.2,11.5,19.1,11.5,68.6,68.3,79.0,33.0,85.3,39.3
"A0893","Los Angeles","Los Angeles, Burbank, Glendale","https://www.californiahealthmaps.org?address=A0893","Both","Kidney",320430,12.7,9.3,17.3,207465,14.7,10.1,21.2,"","","","",54860,"","","",40920,"","","",4,64086,0.4,14.4,41.8,65.7,1.2,11.5,19.1,11.5,68.6,68.3,79.0,33.0,85.3,39.3
"A0893","Los Angeles","Los Angeles, Burbank, Glendale","https://www.californiahealthmaps.org?address=A0893","Both","Thyroid",320430,15.3,11.5,20.3,207465,15.5,10.7,22.1,"","","","",54860,"","","",40920,"","","",4,64086,0.4,14.4,41.8,65.7,1.2,11.5,19.1,11.5,68.6,68.3,79.0,33.0,85.3,39.3
"A0893","Los Angeles","Los Angeles, Burbank, Glendale","https://www.californiahealthmaps.org?address=A0893","Both","Liver",320430,6.2,3.9,9.7,207465,"","","","","","","",54860,"","","",40920,"","","",4,64086,0.4,14.4,41.8,65.7,1.2,11.5,19.1,11.5,68.6,68.3,79.0,33.0,85.3,39.3
"A0893","Los Angeles","Los Angeles, Burbank, Glendale","https://www.californiahealthmaps.org?address=A0893","Both","Pancreas",320430,13.0,9.7,17.4,207465,13.1,9.3,18.6,"","","","",54860,"","","",40920,"","","",4,64086,0.4,14.4,41.8,65.7,1.2,11.5,19.1,11.5,68.6,68.3,79.0,33.0,85.3,39.3
