"Zone","Counties","Cities","URL","Sex","Cancer","PopTot","AAIR","LCI","UCI","White_PopTot","White_AAIR","White_LCI","White_UCI","Black_PopTot","Black_AAIR","Black_LCI","Black_UCI","Hispanic_PopTot","Hispanic_AAIR","Hispanic_LCI","Hispanic_UCI","Asian_PopTot","Asian_AAIR","Asian_LCI","Asian_UCI","QNSES","PopAll","PerRural","PerUninsured","PerForeignBorn","PerWhite","PerBlack","PerAsian","PerHispanic"
"A0024","Los Angeles","Long Beach","https://www.californiahealthmaps.org?address=A0024","Male","AllSite",148540,483.3,447.9,521.1,65940,498.4,452.5,549.0,"","","","",54230,481.4,397.0,581.5,17475,325.0,246.2,424.9,4,60894,0.0,15.9,23.6,43.0,4.6,14.3,34.0
"A0024","Los Angeles","Long Beach","https://www.californiahealthmaps.org?address=A0024","Female","AllSite",155930,405.9,376.4,437.4,69440,428.7,387.1,475.3,"","","","",54085,369.7,308.2,441.9,20715,345.6,276.3,434.0,4,60894,0.0,15.9,23.6,43.0,4.6,14.3,34.0
"A0024","Los Angeles","Long Beach","https://www.californiahealthmaps.org?address=A0024","Male","Prostate",148540,111.4,95.1,130.1,65940,99.4,80.5,123.1,"","","","",54230,112.4,74.7,166.5,17475,"","","",4,60894,0.0,15.9,23.6,43.0,4.6,14.3,34.0
"A0024","Los Angeles","Long Beach","https://www.californiahealthmaps.org?address=A0024","Female","Breast",155930,125.5,109.3,143.8,69440,132.8,110.0,160.8,"","","","",54085,97.8,69.1,137.5,20715,133.5,92.1,195.5,4,60894,0.0,15.9,23.6,43.0,4.6,14.3,34.0
"A0024","Los Angeles","Long Beach","https://www.californiahealthmaps.org?address=A0024","Male","Lung",148540,52.6,41.1,66.7,65940,59.8,44.4,80.4,"","","","",54230,"","","",17475,"","","",4,60894,0.0,15.9,23.6,43.0,4.6,14.3,34.0
"A0024","Los Angeles","Long Beach","https://www.californiahealthmaps.org?address=A0024","Female","Lung",155930,39.3,30.6,50.1,69440,50.3,37.8,67.9,"","","","",54085,"","","",20715,"","","",4,60894,0.0,15.9,23.6,43.0,4.6,14.3,34.0
"A0024","Los Angeles","Long Beach","https://www.californiahealthmaps.org?address=A0024","Male","CRC",148540,49.3,38.5,62.7,65940,46.5,33.6,64.6,"","","","",54230,62.9,33.2,110.9,17475,"","","",4,60894,0.0,15.9,23.6,43.0,4.6,14.3,34.0
"A0024","Los Angeles","Long Beach","https://www.californiahealthmaps.org?address=A0024","Female","CRC",155930,32.9,25.2,42.5,69440,33.4,23.1,49.2,"","","","",54085,"","","",20715,"","","",4,60894,0.0,15.9,23.6,43.0,4.6,14.3,34.0
"A0024","Los Angeles","Long Beach","https://www.californiahealthmaps.org?address=A0024","Male","Mela",148540,50.2,39.3,63.5,65940,78.5,60.5,101.8,"","","","",54230,"","","",17475,"","","",4,60894,0.0,15.9,23.6,43.0,4.6,14.3,34.0
"A0024","Los Angeles","Long Beach","https://www.californiahealthmaps.org?address=A0024","Female","Mela",155930,20.2,14.2,28.3,69440,27.0,17.3,42.6,"","","","",54085,"","","",20715,"","","",4,60894,0.0,15.9,23.6,43.0,4.6,14.3,34.0
"A0024","Los Angeles","Long Beach","https://www.californiahealthmaps.org?address=A0024","Female","Uterine",155930,24.0,17.3,32.7,69440,26.8,17.9,41.2,"","","","",54085,"","","",20715,"","","",4,60894,0.0,15.9,23.6,43.0,4.6,14.3,34.0
"A0024","Los Angeles","Long Beach","https://www.californiahealthmaps.org?address=A0024","Male","Lymph",148540,27.3,19.4,37.6,65940,27.4,17.7,42.6,"","","","",54230,"","","",17475,"","","",4,60894,0.0,15.9,23.6,43.0,4.6,14.3,34.0
"A0024","Los Angeles","Long Beach","https://www.californiahealthmaps.org?address=A0024","Female","Lymph",155930,18.4,12.6,26.2,69440,15.3,9.0,27.5,"","","","",54085,"","","",20715,"","","",4,60894,0.0,15.9,23.6,43.0,4.6,14.3,34.0
"A0024","Los Angeles","Long Beach","https://www.californiahealthmaps.org?address=A0024","Male","Urinary",148540,22.3,15.0,32.2,65940,18.8,11.1,32.2,"","","","",54230,"","","",17475,"","","",4,60894,0.0,15.9,23.6,43.0,4.6,14.3,34.0
"A0024","Los Angeles","Long Beach","https://www.californiahealthmaps.org?address=A0024","Female","Urinary",155930,5.8,2.8,10.9,69440,"","","","","","","",54085,"","","",20715,"","","",4,60894,0.0,15.9,23.6,43.0,4.6,14.3,34.0
"A0024","Los Angeles","Long Beach","https://www.californiahealthmaps.org?address=A0024","Male","Kidney",148540,20.1,13.5,29.3,65940,18.6,10.0,33.3,"","","","",54230,"","","",17475,"","","",4,60894,0.0,15.9,23.6,43.0,4.6,14.3,34.0
"A0024","Los Angeles","Long Beach","https://www.californiahealthmaps.org?address=A0024","Female","Kidney",155930,13.8,8.8,21.0,69440,"","","","","","","",54085,"","","",20715,"","","",4,60894,0.0,15.9,23.6,43.0,4.6,14.3,34.0
"A0024","Los Angeles","Long Beach","https://www.californiahealthmaps.org?address=A0024","Male","Thyroid",148540,5.7,2.6,11.5,65940,"","","","","","","",54230,"","","",17475,"","","",4,60894,0.0,15.9,23.6,43.0,4.6,14.3,34.0
"A0024","Los Angeles","Long Beach","https://www.californiahealthmaps.org?address=A0024","Female","Thyroid",155930,18.0,12.0,26.1,69440,"","","","","","","",54085,"","","",20715,"","","",4,60894,0.0,15.9,23.6,43.0,4.6,14.3,34.0
"A0024","Los Angeles","Long Beach","https://www.californiahealthmaps.org?address=A0024","Both","AllSite",304470,437.7,415.0,461.4,135380,458.2,427.5,491.4,12535,687.9,489.1,967.4,108315,413.8,363.3,470.7,38190,332.1,280.1,393.6,4,60894,0.0,15.9,23.6,43.0,4.6,14.3,34.0
"A0024","Los Angeles","Long Beach","https://www.californiahealthmaps.org?address=A0024","Both","Lung",304470,45.4,38.2,53.6,135380,55.0,45.0,67.4,12535,"","","",108315,"","","",38190,36.3,20.6,62.9,4,60894,0.0,15.9,23.6,43.0,4.6,14.3,34.0
"A0024","Los Angeles","Long Beach","https://www.californiahealthmaps.org?address=A0024","Both","CRC",304470,39.6,33.2,47.1,135380,38.3,30.2,48.9,12535,"","","",108315,41.8,26.2,64.6,38190,32.5,18.4,57.2,4,60894,0.0,15.9,23.6,43.0,4.6,14.3,34.0
"A0024","Los Angeles","Long Beach","https://www.californiahealthmaps.org?address=A0024","Both","Mela",304470,33.8,27.7,40.8,135380,50.8,40.7,63.4,12535,"","","",108315,"","","",38190,"","","",4,60894,0.0,15.9,23.6,43.0,4.6,14.3,34.0
"A0024","Los Angeles","Long Beach","https://www.californiahealthmaps.org?address=A0024","Both","Lymph",304470,22.5,17.6,28.4,135380,20.9,15.1,29.4,12535,"","","",108315,37.5,22.7,59.6,38190,"","","",4,60894,0.0,15.9,23.6,43.0,4.6,14.3,34.0
"A0024","Los Angeles","Long Beach","https://www.californiahealthmaps.org?address=A0024","Both","Urinary",304470,12.6,9.0,17.3,135380,12.1,8.0,19.0,12535,"","","",108315,"","","",38190,"","","",4,60894,0.0,15.9,23.6,43.0,4.6,14.3,34.0
"A0024","Los Angeles","Long Beach","https://www.californiahealthmaps.org?address=A0024","Both","Kidney",304470,16.8,12.6,22.1,135380,14.7,9.1,23.2,12535,"","","",108315,25.0,14.3,42.5,38190,"","","",4,60894,0.0,15.9,23.6,43.0,4.6,14.3,34.0
"A0024","Los Angeles","Long Beach","https://www.californiahealthmaps.org?address=A0024","Both","Thyroid",304470,12.3,8.7,17.1,135380,9.8,5.6,17.0,12535,"","","",108315,"","","",38190,"","","",4,60894,0.0,15.9,23.6,43.0,4.6,14.3,34.0
