"Zone","Counties","Cities","URL","Sex","Cancer","PopTot","AAIR","LCI","UCI","White_PopTot","White_AAIR","White_LCI","White_UCI","Black_PopTot","Black_AAIR","Black_LCI","Black_UCI","Hispanic_PopTot","Hispanic_AAIR","Hispanic_LCI","Hispanic_UCI","Asian_PopTot","Asian_AAIR","Asian_LCI","Asian_UCI","QNSES","PopAll","PerRural","PerUninsured","PerForeignBorn","PerWhite","PerBlack","PerAsian","PerHispanic"
"A0501","Placer","Roseville","https://www.californiahealthmaps.org?address=A0501","Male","AllSite",135380,567.2,528.2,608.5,95480,553.0,510.6,598.6,"","","","",19760,614.3,469.7,794.7,11515,538.4,380.9,745.3,4,56328,0.1,7.3,11.5,72.2,2.0,8.0,14.5
"A0501","Placer","Roseville","https://www.californiahealthmaps.org?address=A0501","Female","AllSite",146260,489.6,456.9,524.6,104035,499.7,462.4,540.2,"","","","",20990,512.7,400.2,649.1,12800,316.2,228.4,436.3,4,56328,0.1,7.3,11.5,72.2,2.0,8.0,14.5
"A0501","Placer","Roseville","https://www.californiahealthmaps.org?address=A0501","Male","Prostate",135380,138.1,119.0,159.6,95480,128.7,108.6,152.3,"","","","",19760,173.4,99.3,286.4,11515,"","","",4,56328,0.1,7.3,11.5,72.2,2.0,8.0,14.5
"A0501","Placer","Roseville","https://www.californiahealthmaps.org?address=A0501","Female","Breast",146260,157.2,138.8,178.0,104035,166.9,145.4,191.7,"","","","",20990,131.7,78.4,209.8,12800,121.0,70.4,206.0,4,56328,0.1,7.3,11.5,72.2,2.0,8.0,14.5
"A0501","Placer","Roseville","https://www.californiahealthmaps.org?address=A0501","Male","Lung",135380,59.1,47.1,73.5,95480,63.1,49.7,80.0,"","","","",19760,"","","",11515,"","","",4,56328,0.1,7.3,11.5,72.2,2.0,8.0,14.5
"A0501","Placer","Roseville","https://www.californiahealthmaps.org?address=A0501","Female","Lung",146260,50.9,41.3,62.6,104035,56.1,45.1,70.2,"","","","",20990,"","","",12800,"","","",4,56328,0.1,7.3,11.5,72.2,2.0,8.0,14.5
"A0501","Placer","Roseville","https://www.californiahealthmaps.org?address=A0501","Male","CRC",135380,45.3,34.9,58.2,95480,42.3,31.4,56.8,"","","","",19760,"","","",11515,"","","",4,56328,0.1,7.3,11.5,72.2,2.0,8.0,14.5
"A0501","Placer","Roseville","https://www.californiahealthmaps.org?address=A0501","Female","CRC",146260,32.3,24.5,42.3,104035,31.5,22.9,43.5,"","","","",20990,"","","",12800,"","","",4,56328,0.1,7.3,11.5,72.2,2.0,8.0,14.5
"A0501","Placer","Roseville","https://www.californiahealthmaps.org?address=A0501","Male","Mela",135380,58.0,46.3,72.2,95480,63.2,49.6,80.2,"","","","",19760,"","","",11515,"","","",4,56328,0.1,7.3,11.5,72.2,2.0,8.0,14.5
"A0501","Placer","Roseville","https://www.californiahealthmaps.org?address=A0501","Female","Mela",146260,36.9,28.1,48.2,104035,36.0,26.1,49.5,"","","","",20990,"","","",12800,"","","",4,56328,0.1,7.3,11.5,72.2,2.0,8.0,14.5
"A0501","Placer","Roseville","https://www.californiahealthmaps.org?address=A0501","Female","Uterine",146260,28.3,20.8,38.2,104035,27.8,19.4,39.8,"","","","",20990,"","","",12800,"","","",4,56328,0.1,7.3,11.5,72.2,2.0,8.0,14.5
"A0501","Placer","Roseville","https://www.californiahealthmaps.org?address=A0501","Male","Lymph",135380,28.1,20.1,38.6,95480,26.3,17.9,38.4,"","","","",19760,"","","",11515,"","","",4,56328,0.1,7.3,11.5,72.2,2.0,8.0,14.5
"A0501","Placer","Roseville","https://www.californiahealthmaps.org?address=A0501","Female","Lymph",146260,21.5,15.3,30.1,104035,23.1,15.9,33.8,"","","","",20990,"","","",12800,"","","",4,56328,0.1,7.3,11.5,72.2,2.0,8.0,14.5
"A0501","Placer","Roseville","https://www.californiahealthmaps.org?address=A0501","Male","Urinary",135380,16.7,10.8,25.2,95480,17.7,11.2,28.0,"","","","",19760,"","","",11515,"","","",4,56328,0.1,7.3,11.5,72.2,2.0,8.0,14.5
"A0501","Placer","Roseville","https://www.californiahealthmaps.org?address=A0501","Female","Urinary",146260,4.4,2.0,9.4,104035,"","","","","","","",20990,"","","",12800,"","","",4,56328,0.1,7.3,11.5,72.2,2.0,8.0,14.5
"A0501","Placer","Roseville","https://www.californiahealthmaps.org?address=A0501","Male","Kidney",135380,27.4,19.4,38.1,95480,24.8,16.4,36.9,"","","","",19760,"","","",11515,"","","",4,56328,0.1,7.3,11.5,72.2,2.0,8.0,14.5
"A0501","Placer","Roseville","https://www.californiahealthmaps.org?address=A0501","Female","Kidney",146260,12.8,8.0,20.1,104035,13.0,7.6,22.2,"","","","",20990,"","","",12800,"","","",4,56328,0.1,7.3,11.5,72.2,2.0,8.0,14.5
"A0501","Placer","Roseville","https://www.californiahealthmaps.org?address=A0501","Male","Thyroid",135380,12.7,7.4,20.8,95480,14.9,8.2,25.8,"","","","",19760,"","","",11515,"","","",4,56328,0.1,7.3,11.5,72.2,2.0,8.0,14.5
"A0501","Placer","Roseville","https://www.californiahealthmaps.org?address=A0501","Female","Thyroid",146260,23.2,16.1,32.9,104035,20.7,13.0,32.2,"","","","",20990,"","","",12800,"","","",4,56328,0.1,7.3,11.5,72.2,2.0,8.0,14.5
"A0501","Placer","Roseville","https://www.californiahealthmaps.org?address=A0501","Both","AllSite",281640,519.9,494.9,546.0,199515,519.8,491.9,549.3,"","","","",40750,551.4,461.2,655.3,24315,394.8,314.7,492.7,4,56328,0.1,7.3,11.5,72.2,2.0,8.0,14.5
"A0501","Placer","Roseville","https://www.californiahealthmaps.org?address=A0501","Both","Lung",281640,54.2,46.6,62.9,199515,59.0,50.4,69.2,"","","","",40750,"","","",24315,"","","",4,56328,0.1,7.3,11.5,72.2,2.0,8.0,14.5
"A0501","Placer","Roseville","https://www.californiahealthmaps.org?address=A0501","Both","CRC",281640,38.0,31.6,45.6,199515,36.3,29.3,44.8,"","","","",40750,"","","",24315,"","","",4,56328,0.1,7.3,11.5,72.2,2.0,8.0,14.5
"A0501","Placer","Roseville","https://www.californiahealthmaps.org?address=A0501","Both","Mela",281640,46.0,38.7,54.4,199515,47.9,39.6,57.8,"","","","",40750,"","","",24315,"","","",4,56328,0.1,7.3,11.5,72.2,2.0,8.0,14.5
"A0501","Placer","Roseville","https://www.californiahealthmaps.org?address=A0501","Both","Lymph",281640,24.4,19.3,30.6,199515,24.4,18.8,31.8,"","","","",40750,"","","",24315,"","","",4,56328,0.1,7.3,11.5,72.2,2.0,8.0,14.5
"A0501","Placer","Roseville","https://www.californiahealthmaps.org?address=A0501","Both","Urinary",281640,9.7,6.7,13.9,199515,10.0,6.8,15.0,"","","","",40750,"","","",24315,"","","",4,56328,0.1,7.3,11.5,72.2,2.0,8.0,14.5
"A0501","Placer","Roseville","https://www.californiahealthmaps.org?address=A0501","Both","Kidney",281640,19.3,14.7,25.1,199515,18.1,13.2,24.8,"","","","",40750,"","","",24315,"","","",4,56328,0.1,7.3,11.5,72.2,2.0,8.0,14.5
"A0501","Placer","Roseville","https://www.californiahealthmaps.org?address=A0501","Both","Thyroid",281640,18.2,13.6,24.2,199515,18.1,12.7,25.4,"","","","",40750,"","","",24315,"","","",4,56328,0.1,7.3,11.5,72.2,2.0,8.0,14.5
