"Zone","Counties","Cities","URL","Sex","Cancer","PopTot","AAIR","LCI","UCI","White_PopTot","White_AAIR","White_LCI","White_UCI","Black_PopTot","Black_AAIR","Black_LCI","Black_UCI","Hispanic_PopTot","Hispanic_AAIR","Hispanic_LCI","Hispanic_UCI","Asian_PopTot","Asian_AAIR","Asian_LCI","Asian_UCI","QNSES","PopAll","PerRural","PerUninsured","PerForeignBorn","PerWhite","PerBlack","PerAsian","PerHispanic","PerAPI","PerDocvisit","PerFOBT","PerMammo","PerMenPrev","PerPap","PerWomenPrev"
"A0742","Los Angeles","Los Angeles","https://www.californiahealthmaps.org?address=A0742","Male","AllSite",161695,458.1,420.8,498.6,107075,445.2,403.9,492.2,10700,641.6,437.2,923.0,27780,438.5,316.7,603.2,10270,387.6,233.0,638.4,4,63408,0.0,18.9,22.3,63.2,6.9,8.0,18.5,8.0,65.7,70.5,80.6,34.4,87.5,40.0
"A0742","Los Angeles","Los Angeles","https://www.californiahealthmaps.org?address=A0742","Female","AllSite",155345,421.7,389.0,457.4,97440,430.3,391.5,474.5,10055,343.7,205.9,554.9,28450,394.2,305.5,505.3,12755,443.2,317.3,628.1,4,63408,0.0,18.9,22.3,63.2,6.9,8.0,18.5,8.0,65.7,70.5,80.6,34.4,87.5,40.0
"A0742","Los Angeles","Los Angeles","https://www.californiahealthmaps.org?address=A0742","Male","Prostate",161695,108.2,90.5,129.2,107075,94.6,76.1,119.3,10700,"","","",27780,"","","",10270,"","","",4,63408,0.0,18.9,22.3,63.2,6.9,8.0,18.5,8.0,65.7,70.5,80.6,34.4,87.5,40.0
"A0742","Los Angeles","Los Angeles","https://www.californiahealthmaps.org?address=A0742","Female","Breast",155345,142.3,123.5,164.2,97440,147.1,124.6,175.3,10055,"","","",28450,165.2,110.1,243.8,12755,128.6,63.6,262.7,4,63408,0.0,18.9,22.3,63.2,6.9,8.0,18.5,8.0,65.7,70.5,80.6,34.4,87.5,40.0
"A0742","Los Angeles","Los Angeles","https://www.californiahealthmaps.org?address=A0742","Male","Lung",161695,52.8,40.3,68.8,107075,61.7,46.7,83.1,10700,"","","",27780,"","","",10270,"","","",4,63408,0.0,18.9,22.3,63.2,6.9,8.0,18.5,8.0,65.7,70.5,80.6,34.4,87.5,40.0
"A0742","Los Angeles","Los Angeles","https://www.californiahealthmaps.org?address=A0742","Female","Lung",155345,28.3,20.3,39.8,97440,32.2,22.5,48.7,10055,"","","",28450,"","","",12755,"","","",4,63408,0.0,18.9,22.3,63.2,6.9,8.0,18.5,8.0,65.7,70.5,80.6,34.4,87.5,40.0
"A0742","Los Angeles","Los Angeles","https://www.californiahealthmaps.org?address=A0742","Male","CRC",161695,45.1,34.0,59.7,107075,46.8,34.2,66.2,10700,"","","",27780,"","","",10270,"","","",4,63408,0.0,18.9,22.3,63.2,6.9,8.0,18.5,8.0,65.7,70.5,80.6,34.4,87.5,40.0
"A0742","Los Angeles","Los Angeles","https://www.californiahealthmaps.org?address=A0742","Female","CRC",155345,33.2,24.6,45.1,97440,36.3,26.0,53.1,10055,"","","",28450,"","","",12755,"","","",4,63408,0.0,18.9,22.3,63.2,6.9,8.0,18.5,8.0,65.7,70.5,80.6,34.4,87.5,40.0
"A0742","Los Angeles","Los Angeles","https://www.californiahealthmaps.org?address=A0742","Male","Mela",161695,31.3,22.3,43.8,107075,35.2,24.6,52.6,10700,"","","",27780,"","","",10270,"","","",4,63408,0.0,18.9,22.3,63.2,6.9,8.0,18.5,8.0,65.7,70.5,80.6,34.4,87.5,40.0
"A0742","Los Angeles","Los Angeles","https://www.californiahealthmaps.org?address=A0742","Female","Mela",155345,13.8,8.6,22.5,97440,12.6,7.0,26.0,10055,"","","",28450,"","","",12755,"","","",4,63408,0.0,18.9,22.3,63.2,6.9,8.0,18.5,8.0,65.7,70.5,80.6,34.4,87.5,40.0
"A0742","Los Angeles","Los Angeles","https://www.californiahealthmaps.org?address=A0742","Female","Uterine",155345,40.1,30.7,52.7,97440,31.4,21.9,47.7,10055,"","","",28450,"","","",12755,"","","",4,63408,0.0,18.9,22.3,63.2,6.9,8.0,18.5,8.0,65.7,70.5,80.6,34.4,87.5,40.0
"A0742","Los Angeles","Los Angeles","https://www.californiahealthmaps.org?address=A0742","Male","Lymph",161695,21.0,13.9,31.6,107075,18.3,11.1,32.8,10700,"","","",27780,"","","",10270,"","","",4,63408,0.0,18.9,22.3,63.2,6.9,8.0,18.5,8.0,65.7,70.5,80.6,34.4,87.5,40.0
"A0742","Los Angeles","Los Angeles","https://www.californiahealthmaps.org?address=A0742","Female","Lymph",155345,16.7,10.6,26.4,97440,13.8,7.8,27.4,10055,"","","",28450,"","","",12755,"","","",4,63408,0.0,18.9,22.3,63.2,6.9,8.0,18.5,8.0,65.7,70.5,80.6,34.4,87.5,40.0
"A0742","Los Angeles","Los Angeles","https://www.californiahealthmaps.org?address=A0742","Male","Urinary",161695,16.6,9.9,27.3,107075,16.6,9.2,31.6,10700,"","","",27780,"","","",10270,"","","",4,63408,0.0,18.9,22.3,63.2,6.9,8.0,18.5,8.0,65.7,70.5,80.6,34.4,87.5,40.0
"A0742","Los Angeles","Los Angeles","https://www.californiahealthmaps.org?address=A0742","Female","Urinary",155345,"","","",97440,"","","",10055,"","","",28450,"","","",12755,"","","",4,63408,0.0,18.9,22.3,63.2,6.9,8.0,18.5,8.0,65.7,70.5,80.6,34.4,87.5,40.0
"A0742","Los Angeles","Los Angeles","https://www.californiahealthmaps.org?address=A0742","Male","Kidney",161695,20.9,13.5,31.9,107075,18.8,11.3,33.7,10700,"","","",27780,"","","",10270,"","","",4,63408,0.0,18.9,22.3,63.2,6.9,8.0,18.5,8.0,65.7,70.5,80.6,34.4,87.5,40.0
"A0742","Los Angeles","Los Angeles","https://www.californiahealthmaps.org?address=A0742","Female","Kidney",155345,"","","",97440,"","","",10055,"","","",28450,"","","",12755,"","","",4,63408,0.0,18.9,22.3,63.2,6.9,8.0,18.5,8.0,65.7,70.5,80.6,34.4,87.5,40.0
"A0742","Los Angeles","Los Angeles","https://www.californiahealthmaps.org?address=A0742","Male","Thyroid",161695,9.4,5.1,17.5,107075,"","","",10700,"","","",27780,"","","",10270,"","","",4,63408,0.0,18.9,22.3,63.2,6.9,8.0,18.5,8.0,65.7,70.5,80.6,34.4,87.5,40.0
"A0742","Los Angeles","Los Angeles","https://www.californiahealthmaps.org?address=A0742","Female","Thyroid",155345,17.5,11.9,26.6,97440,20.2,12.8,34.7,10055,"","","",28450,"","","",12755,"","","",4,63408,0.0,18.9,22.3,63.2,6.9,8.0,18.5,8.0,65.7,70.5,80.6,34.4,87.5,40.0
"A0742","Los Angeles","Los Angeles","https://www.californiahealthmaps.org?address=A0742","Male","Liver",161695,"","","",107075,"","","",10700,"","","",27780,"","","",10270,"","","",4,63408,0.0,18.9,22.3,63.2,6.9,8.0,18.5,8.0,65.7,70.5,80.6,34.4,87.5,40.0
"A0742","Los Angeles","Los Angeles","https://www.californiahealthmaps.org?address=A0742","Female","Liver",155345,"","","",97440,"","","",10055,"","","",28450,"","","",12755,"","","",4,63408,0.0,18.9,22.3,63.2,6.9,8.0,18.5,8.0,65.7,70.5,80.6,34.4,87.5,40.0
"A0742","Los Angeles","Los Angeles","https://www.californiahealthmaps.org?address=A0742","Male","Pancreas",161695,19.5,12.2,30.7,107075,17.0,9.6,31.9,10700,"","","",27780,"","","",10270,"","","",4,63408,0.0,18.9,22.3,63.2,6.9,8.0,18.5,8.0,65.7,70.5,80.6,34.4,87.5,40.0
"A0742","Los Angeles","Los Angeles","https://www.californiahealthmaps.org?address=A0742","Female","Pancreas",155345,10.3,5.8,18.6,97440,"","","",10055,"","","",28450,"","","",12755,"","","",4,63408,0.0,18.9,22.3,63.2,6.9,8.0,18.5,8.0,65.7,70.5,80.6,34.4,87.5,40.0
"A0742","Los Angeles","Los Angeles","https://www.californiahealthmaps.org?address=A0742","Both","AllSite",317040,430.5,406.2,456.3,204515,428.2,400.4,458.7,20755,481.9,357.9,641.8,56230,405.6,333.7,490.9,23025,406.2,309.3,537.2,4,63408,0.0,18.9,22.3,63.2,6.9,8.0,18.5,8.0,65.7,70.5,80.6,34.4,87.5,40.0
"A0742","Los Angeles","Los Angeles","https://www.californiahealthmaps.org?address=A0742","Both","Lung",317040,39.5,32.2,48.5,204515,46.3,37.4,58.3,20755,"","","",56230,"","","",23025,"","","",4,63408,0.0,18.9,22.3,63.2,6.9,8.0,18.5,8.0,65.7,70.5,80.6,34.4,87.5,40.0
"A0742","Los Angeles","Los Angeles","https://www.californiahealthmaps.org?address=A0742","Both","CRC",317040,38.7,31.7,47.3,204515,41.2,33.0,52.5,20755,"","","",56230,"","","",23025,"","","",4,63408,0.0,18.9,22.3,63.2,6.9,8.0,18.5,8.0,65.7,70.5,80.6,34.4,87.5,40.0
"A0742","Los Angeles","Los Angeles","https://www.californiahealthmaps.org?address=A0742","Both","Mela",317040,21.4,16.4,28.0,204515,22.9,17.0,32.0,20755,"","","",56230,"","","",23025,"","","",4,63408,0.0,18.9,22.3,63.2,6.9,8.0,18.5,8.0,65.7,70.5,80.6,34.4,87.5,40.0
"A0742","Los Angeles","Los Angeles","https://www.californiahealthmaps.org?address=A0742","Both","Lymph",317040,18.6,13.9,25.0,204515,15.7,11.0,23.9,20755,"","","",56230,"","","",23025,"","","",4,63408,0.0,18.9,22.3,63.2,6.9,8.0,18.5,8.0,65.7,70.5,80.6,34.4,87.5,40.0
"A0742","Los Angeles","Los Angeles","https://www.californiahealthmaps.org?address=A0742","Both","Urinary",317040,9.7,6.2,15.0,204515,9.9,6.0,17.5,20755,"","","",56230,"","","",23025,"","","",4,63408,0.0,18.9,22.3,63.2,6.9,8.0,18.5,8.0,65.7,70.5,80.6,34.4,87.5,40.0
"A0742","Los Angeles","Los Angeles","https://www.californiahealthmaps.org?address=A0742","Both","Kidney",317040,15.0,10.6,21.2,204515,13.9,9.2,22.0,20755,"","","",56230,"","","",23025,"","","",4,63408,0.0,18.9,22.3,63.2,6.9,8.0,18.5,8.0,65.7,70.5,80.6,34.4,87.5,40.0
"A0742","Los Angeles","Los Angeles","https://www.californiahealthmaps.org?address=A0742","Both","Thyroid",317040,13.1,9.5,18.3,204515,15.2,10.6,23.0,20755,"","","",56230,"","","",23025,"","","",4,63408,0.0,18.9,22.3,63.2,6.9,8.0,18.5,8.0,65.7,70.5,80.6,34.4,87.5,40.0
"A0742","Los Angeles","Los Angeles","https://www.californiahealthmaps.org?address=A0742","Both","Liver",317040,5.4,3.0,9.6,204515,"","","",20755,"","","",56230,"","","",23025,"","","",4,63408,0.0,18.9,22.3,63.2,6.9,8.0,18.5,8.0,65.7,70.5,80.6,34.4,87.5,40.0
"A0742","Los Angeles","Los Angeles","https://www.californiahealthmaps.org?address=A0742","Both","Pancreas",317040,13.9,9.8,19.8,204515,13.0,8.6,21.0,20755,"","","",56230,"","","",23025,"","","",4,63408,0.0,18.9,22.3,63.2,6.9,8.0,18.5,8.0,65.7,70.5,80.6,34.4,87.5,40.0
