"Zone","Counties","Cities","URL","Sex","Cancer","PopTot","AAIR","LCI","UCI","White_PopTot","White_AAIR","White_LCI","White_UCI","Black_PopTot","Black_AAIR","Black_LCI","Black_UCI","Hispanic_PopTot","Hispanic_AAIR","Hispanic_LCI","Hispanic_UCI","Asian_PopTot","Asian_AAIR","Asian_LCI","Asian_UCI","QNSES","PopAll","PerRural","PerUninsured","PerForeignBorn","PerWhite","PerBlack","PerAsian","PerHispanic","PerAPI","PerDocvisit","PerFOBT","PerMammo","PerMenPrev","PerPap","PerWomenPrev"
"A0175","Sacramento","Sacramento","https://www.californiahealthmaps.org?address=A0175","Male","AllSite",147590,502.2,465.1,542.0,88315,502.5,458.8,551.0,"","","","",34145,386.9,300.9,492.9,"","","","",3,61405,0.0,12.0,11.9,60.6,5.9,6.5,20.8,6.5,64.0,66.3,79.2,27.3,83.8,23.4
"A0175","Sacramento","Sacramento","https://www.californiahealthmaps.org?address=A0175","Female","AllSite",159435,458.2,426.9,491.8,96385,471.2,433.5,513.6,"","","","",35660,406.6,332.8,493.2,10755,409.7,296.9,573.6,3,61405,0.0,12.0,11.9,60.6,5.9,6.5,20.8,6.5,64.0,66.3,79.2,27.3,83.8,23.4
"A0175","Sacramento","Sacramento","https://www.californiahealthmaps.org?address=A0175","Male","Prostate",147590,98.3,82.4,116.8,88315,97.2,79.1,120.5,"","","","",34145,"","","","","","","",3,61405,0.0,12.0,11.9,60.6,5.9,6.5,20.8,6.5,64.0,66.3,79.2,27.3,83.8,23.4
"A0175","Sacramento","Sacramento","https://www.californiahealthmaps.org?address=A0175","Female","Breast",159435,145.1,127.5,165.0,96385,150.7,129.6,177.0,"","","","",35660,119.9,81.7,171.2,10755,179.4,105.3,310.4,3,61405,0.0,12.0,11.9,60.6,5.9,6.5,20.8,6.5,64.0,66.3,79.2,27.3,83.8,23.4
"A0175","Sacramento","Sacramento","https://www.californiahealthmaps.org?address=A0175","Male","Lung",147590,66.6,53.1,82.9,88315,74.0,57.5,95.8,"","","","",34145,"","","","","","","",3,61405,0.0,12.0,11.9,60.6,5.9,6.5,20.8,6.5,64.0,66.3,79.2,27.3,83.8,23.4
"A0175","Sacramento","Sacramento","https://www.californiahealthmaps.org?address=A0175","Female","Lung",159435,55.3,45.0,68.0,96385,59.2,46.7,77.2,"","","","",35660,"","","",10755,"","","",3,61405,0.0,12.0,11.9,60.6,5.9,6.5,20.8,6.5,64.0,66.3,79.2,27.3,83.8,23.4
"A0175","Sacramento","Sacramento","https://www.californiahealthmaps.org?address=A0175","Male","CRC",147590,43.7,33.5,56.7,88315,37.3,26.3,53.9,"","","","",34145,"","","","","","","",3,61405,0.0,12.0,11.9,60.6,5.9,6.5,20.8,6.5,64.0,66.3,79.2,27.3,83.8,23.4
"A0175","Sacramento","Sacramento","https://www.californiahealthmaps.org?address=A0175","Female","CRC",159435,37.3,28.7,48.2,96385,39.9,29.3,56.5,"","","","",35660,"","","",10755,"","","",3,61405,0.0,12.0,11.9,60.6,5.9,6.5,20.8,6.5,64.0,66.3,79.2,27.3,83.8,23.4
"A0175","Sacramento","Sacramento","https://www.californiahealthmaps.org?address=A0175","Male","Mela",147590,39.7,30.1,52.0,88315,44.6,32.7,62.1,"","","","",34145,"","","","","","","",3,61405,0.0,12.0,11.9,60.6,5.9,6.5,20.8,6.5,64.0,66.3,79.2,27.3,83.8,23.4
"A0175","Sacramento","Sacramento","https://www.californiahealthmaps.org?address=A0175","Female","Mela",159435,22.7,16.0,31.9,96385,23.9,15.7,38.4,"","","","",35660,"","","",10755,"","","",3,61405,0.0,12.0,11.9,60.6,5.9,6.5,20.8,6.5,64.0,66.3,79.2,27.3,83.8,23.4
"A0175","Sacramento","Sacramento","https://www.californiahealthmaps.org?address=A0175","Female","Uterine",159435,34.0,25.8,44.6,96385,34.3,24.8,49.7,"","","","",35660,"","","",10755,"","","",3,61405,0.0,12.0,11.9,60.6,5.9,6.5,20.8,6.5,64.0,66.3,79.2,27.3,83.8,23.4
"A0175","Sacramento","Sacramento","https://www.californiahealthmaps.org?address=A0175","Male","Lymph",147590,34.2,25.1,46.2,88315,33.2,22.4,49.7,"","","","",34145,"","","","","","","",3,61405,0.0,12.0,11.9,60.6,5.9,6.5,20.8,6.5,64.0,66.3,79.2,27.3,83.8,23.4
"A0175","Sacramento","Sacramento","https://www.californiahealthmaps.org?address=A0175","Female","Lymph",159435,8.0,4.5,14.2,96385,"","","","","","","",35660,"","","",10755,"","","",3,61405,0.0,12.0,11.9,60.6,5.9,6.5,20.8,6.5,64.0,66.3,79.2,27.3,83.8,23.4
"A0175","Sacramento","Sacramento","https://www.californiahealthmaps.org?address=A0175","Male","Urinary",147590,12.5,7.2,20.8,88315,"","","","","","","",34145,"","","","","","","",3,61405,0.0,12.0,11.9,60.6,5.9,6.5,20.8,6.5,64.0,66.3,79.2,27.3,83.8,23.4
"A0175","Sacramento","Sacramento","https://www.californiahealthmaps.org?address=A0175","Female","Urinary",159435,"","","",96385,"","","","","","","",35660,"","","",10755,"","","",3,61405,0.0,12.0,11.9,60.6,5.9,6.5,20.8,6.5,64.0,66.3,79.2,27.3,83.8,23.4
"A0175","Sacramento","Sacramento","https://www.californiahealthmaps.org?address=A0175","Male","Kidney",147590,24.0,16.7,34.0,88315,21.2,13.3,35.1,"","","","",34145,"","","","","","","",3,61405,0.0,12.0,11.9,60.6,5.9,6.5,20.8,6.5,64.0,66.3,79.2,27.3,83.8,23.4
"A0175","Sacramento","Sacramento","https://www.californiahealthmaps.org?address=A0175","Female","Kidney",159435,12.9,8.1,20.4,96385,12.5,7.0,24.7,"","","","",35660,"","","",10755,"","","",3,61405,0.0,12.0,11.9,60.6,5.9,6.5,20.8,6.5,64.0,66.3,79.2,27.3,83.8,23.4
"A0175","Sacramento","Sacramento","https://www.californiahealthmaps.org?address=A0175","Male","Thyroid",147590,"","","",88315,"","","","","","","",34145,"","","","","","","",3,61405,0.0,12.0,11.9,60.6,5.9,6.5,20.8,6.5,64.0,66.3,79.2,27.3,83.8,23.4
"A0175","Sacramento","Sacramento","https://www.californiahealthmaps.org?address=A0175","Female","Thyroid",159435,17.9,12.0,26.4,96385,21.6,13.7,35.8,"","","","",35660,"","","",10755,"","","",3,61405,0.0,12.0,11.9,60.6,5.9,6.5,20.8,6.5,64.0,66.3,79.2,27.3,83.8,23.4
"A0175","Sacramento","Sacramento","https://www.californiahealthmaps.org?address=A0175","Male","Liver",147590,13.7,8.3,21.8,88315,"","","","","","","",34145,"","","","","","","",3,61405,0.0,12.0,11.9,60.6,5.9,6.5,20.8,6.5,64.0,66.3,79.2,27.3,83.8,23.4
"A0175","Sacramento","Sacramento","https://www.californiahealthmaps.org?address=A0175","Female","Liver",159435,"","","",96385,"","","","","","","",35660,"","","",10755,"","","",3,61405,0.0,12.0,11.9,60.6,5.9,6.5,20.8,6.5,64.0,66.3,79.2,27.3,83.8,23.4
"A0175","Sacramento","Sacramento","https://www.californiahealthmaps.org?address=A0175","Male","Pancreas",147590,17.9,11.3,27.4,88315,22.0,13.6,36.4,"","","","",34145,"","","","","","","",3,61405,0.0,12.0,11.9,60.6,5.9,6.5,20.8,6.5,64.0,66.3,79.2,27.3,83.8,23.4
"A0175","Sacramento","Sacramento","https://www.californiahealthmaps.org?address=A0175","Female","Pancreas",159435,15.2,9.8,23.2,96385,16.2,9.9,29.0,"","","","",35660,"","","",10755,"","","",3,61405,0.0,12.0,11.9,60.6,5.9,6.5,20.8,6.5,64.0,66.3,79.2,27.3,83.8,23.4
"A0175","Sacramento","Sacramento","https://www.californiahealthmaps.org?address=A0175","Both","AllSite",307025,470.7,447.0,495.5,184700,477.8,449.6,508.3,18130,578.5,455.9,729.5,69805,390.0,334.8,452.5,19540,450.0,356.2,570.7,3,61405,0.0,12.0,11.9,60.6,5.9,6.5,20.8,6.5,64.0,66.3,79.2,27.3,83.8,23.4
"A0175","Sacramento","Sacramento","https://www.californiahealthmaps.org?address=A0175","Both","Lung",307025,59.3,51.0,68.8,184700,64.5,54.4,77.0,18130,"","","",69805,37.7,21.4,62.2,19540,"","","",3,61405,0.0,12.0,11.9,60.6,5.9,6.5,20.8,6.5,64.0,66.3,79.2,27.3,83.8,23.4
"A0175","Sacramento","Sacramento","https://www.californiahealthmaps.org?address=A0175","Both","CRC",307025,40.1,33.4,47.9,184700,38.3,30.6,48.7,18130,"","","",69805,48.4,30.4,74.0,19540,"","","",3,61405,0.0,12.0,11.9,60.6,5.9,6.5,20.8,6.5,64.0,66.3,79.2,27.3,83.8,23.4
"A0175","Sacramento","Sacramento","https://www.californiahealthmaps.org?address=A0175","Both","Mela",307025,29.4,23.8,36.2,184700,32.0,25.1,41.5,18130,"","","",69805,"","","",19540,"","","",3,61405,0.0,12.0,11.9,60.6,5.9,6.5,20.8,6.5,64.0,66.3,79.2,27.3,83.8,23.4
"A0175","Sacramento","Sacramento","https://www.californiahealthmaps.org?address=A0175","Both","Lymph",307025,19.5,14.9,25.4,184700,18.3,13.0,26.4,18130,"","","",69805,30.7,16.9,52.3,19540,"","","",3,61405,0.0,12.0,11.9,60.6,5.9,6.5,20.8,6.5,64.0,66.3,79.2,27.3,83.8,23.4
"A0175","Sacramento","Sacramento","https://www.californiahealthmaps.org?address=A0175","Both","Urinary",307025,6.8,4.3,10.8,184700,6.6,3.7,12.7,18130,"","","",69805,"","","",19540,"","","",3,61405,0.0,12.0,11.9,60.6,5.9,6.5,20.8,6.5,64.0,66.3,79.2,27.3,83.8,23.4
"A0175","Sacramento","Sacramento","https://www.californiahealthmaps.org?address=A0175","Both","Kidney",307025,17.6,13.3,23.1,184700,15.7,11.1,23.2,18130,"","","",69805,"","","",19540,"","","",3,61405,0.0,12.0,11.9,60.6,5.9,6.5,20.8,6.5,64.0,66.3,79.2,27.3,83.8,23.4
"A0175","Sacramento","Sacramento","https://www.californiahealthmaps.org?address=A0175","Both","Thyroid",307025,11.8,8.4,16.6,184700,14.0,9.4,21.5,18130,"","","",69805,"","","",19540,"","","",3,61405,0.0,12.0,11.9,60.6,5.9,6.5,20.8,6.5,64.0,66.3,79.2,27.3,83.8,23.4
"A0175","Sacramento","Sacramento","https://www.californiahealthmaps.org?address=A0175","Both","Liver",307025,9.0,6.1,13.2,184700,"","","",18130,"","","",69805,"","","",19540,"","","",3,61405,0.0,12.0,11.9,60.6,5.9,6.5,20.8,6.5,64.0,66.3,79.2,27.3,83.8,23.4
"A0175","Sacramento","Sacramento","https://www.californiahealthmaps.org?address=A0175","Both","Pancreas",307025,16.0,11.8,21.5,184700,18.4,13.2,26.5,18130,"","","",69805,"","","",19540,"","","",3,61405,0.0,12.0,11.9,60.6,5.9,6.5,20.8,6.5,64.0,66.3,79.2,27.3,83.8,23.4
