"Zone","Counties","Cities","URL","Sex","Cancer","PopTot","AAIR","LCI","UCI","White_PopTot","White_AAIR","White_LCI","White_UCI","Black_PopTot","Black_AAIR","Black_LCI","Black_UCI","Hispanic_PopTot","Hispanic_AAIR","Hispanic_LCI","Hispanic_UCI","Asian_PopTot","Asian_AAIR","Asian_LCI","Asian_UCI","QNSES","PopAll","PerRural","PerUninsured","PerForeignBorn","PerWhite","PerBlack","PerAsian","PerHispanic","PerAPI","PerDocvisit","PerFOBT","PerMammo","PerMenPrev","PerPap","PerWomenPrev"
"A0875","Los Angeles","Los Angeles","https://www.californiahealthmaps.org?address=A0875","Male","AllSite",163955,348.3,320.5,377.9,12235,418.8,328.4,555.8,"","","","",95090,360.9,317.0,409.4,51565,319.5,278.5,367.3,2,67550,0.0,21.8,41.6,7.3,1.7,30.3,59.4,30.3,"","","","","",""
"A0875","Los Angeles","Los Angeles","https://www.californiahealthmaps.org?address=A0875","Female","AllSite",173795,325.4,300.6,352.0,11685,406.3,312.5,561.4,"","","","",99310,343.8,307.0,383.9,57475,292.5,255.5,335.9,2,67550,0.0,21.8,41.6,7.3,1.7,30.3,59.4,30.3,"","","","","",""
"A0875","Los Angeles","Los Angeles","https://www.californiahealthmaps.org?address=A0875","Male","Prostate",163955,66.3,54.5,80.0,12235,123.1,77.5,224.1,"","","","",95090,73.1,54.3,96.8,51565,34.5,22.5,54.4,2,67550,0.0,21.8,41.6,7.3,1.7,30.3,59.4,30.3,"","","","","",""
"A0875","Los Angeles","Los Angeles","https://www.californiahealthmaps.org?address=A0875","Female","Breast",173795,104.8,90.7,120.7,11685,174.3,112.2,306.6,"","","","",99310,110.5,90.1,134.3,57475,83.1,63.5,109.8,2,67550,0.0,21.8,41.6,7.3,1.7,30.3,59.4,30.3,"","","","","",""
"A0875","Los Angeles","Los Angeles","https://www.californiahealthmaps.org?address=A0875","Male","Lung",163955,33.9,25.7,44.0,12235,"","","","","","","",95090,32.2,19.8,49.7,51565,38.8,26.0,59.2,2,67550,0.0,21.8,41.6,7.3,1.7,30.3,59.4,30.3,"","","","","",""
"A0875","Los Angeles","Los Angeles","https://www.californiahealthmaps.org?address=A0875","Female","Lung",173795,27.8,21.2,36.2,11685,"","","","","","","",99310,19.8,11.7,31.5,57475,32.6,21.9,50.5,2,67550,0.0,21.8,41.6,7.3,1.7,30.3,59.4,30.3,"","","","","",""
"A0875","Los Angeles","Los Angeles","https://www.californiahealthmaps.org?address=A0875","Male","CRC",163955,50.9,40.7,63.1,12235,"","","","","","","",95090,46.2,31.9,65.3,51565,59.5,42.8,83.8,2,67550,0.0,21.8,41.6,7.3,1.7,30.3,59.4,30.3,"","","","","",""
"A0875","Los Angeles","Los Angeles","https://www.californiahealthmaps.org?address=A0875","Female","CRC",173795,29.9,22.9,38.8,11685,"","","","","","","",99310,33.4,22.8,47.4,57475,28.7,18.2,46.9,2,67550,0.0,21.8,41.6,7.3,1.7,30.3,59.4,30.3,"","","","","",""
"A0875","Los Angeles","Los Angeles","https://www.californiahealthmaps.org?address=A0875","Male","Mela",163955,"","","",12235,"","","","","","","",95090,"","","",51565,"","","",2,67550,0.0,21.8,41.6,7.3,1.7,30.3,59.4,30.3,"","","","","",""
"A0875","Los Angeles","Los Angeles","https://www.californiahealthmaps.org?address=A0875","Female","Mela",173795,"","","",11685,"","","","","","","",99310,"","","",57475,"","","",2,67550,0.0,21.8,41.6,7.3,1.7,30.3,59.4,30.3,"","","","","",""
"A0875","Los Angeles","Los Angeles","https://www.californiahealthmaps.org?address=A0875","Female","Uterine",173795,28.7,21.6,37.6,11685,"","","","","","","",99310,35.3,24.2,49.8,57475,18.4,10.3,34.4,2,67550,0.0,21.8,41.6,7.3,1.7,30.3,59.4,30.3,"","","","","",""
"A0875","Los Angeles","Los Angeles","https://www.californiahealthmaps.org?address=A0875","Male","Lymph",163955,22.7,15.9,31.4,12235,"","","","","","","",95090,26.8,15.7,43.0,51565,"","","",2,67550,0.0,21.8,41.6,7.3,1.7,30.3,59.4,30.3,"","","","","",""
"A0875","Los Angeles","Los Angeles","https://www.californiahealthmaps.org?address=A0875","Female","Lymph",173795,13.9,9.3,20.4,11685,"","","","","","","",99310,"","","",57475,"","","",2,67550,0.0,21.8,41.6,7.3,1.7,30.3,59.4,30.3,"","","","","",""
"A0875","Los Angeles","Los Angeles","https://www.californiahealthmaps.org?address=A0875","Male","Urinary",163955,"","","",12235,"","","","","","","",95090,"","","",51565,"","","",2,67550,0.0,21.8,41.6,7.3,1.7,30.3,59.4,30.3,"","","","","",""
"A0875","Los Angeles","Los Angeles","https://www.californiahealthmaps.org?address=A0875","Female","Urinary",173795,"","","",11685,"","","","","","","",99310,"","","",57475,"","","",2,67550,0.0,21.8,41.6,7.3,1.7,30.3,59.4,30.3,"","","","","",""
"A0875","Los Angeles","Los Angeles","https://www.californiahealthmaps.org?address=A0875","Male","Kidney",163955,19.9,13.7,28.0,12235,"","","","","","","",95090,29.6,18.1,46.0,51565,"","","",2,67550,0.0,21.8,41.6,7.3,1.7,30.3,59.4,30.3,"","","","","",""
"A0875","Los Angeles","Los Angeles","https://www.californiahealthmaps.org?address=A0875","Female","Kidney",173795,9.5,5.7,15.3,11685,"","","","","","","",99310,"","","",57475,"","","",2,67550,0.0,21.8,41.6,7.3,1.7,30.3,59.4,30.3,"","","","","",""
"A0875","Los Angeles","Los Angeles","https://www.californiahealthmaps.org?address=A0875","Male","Thyroid",163955,"","","",12235,"","","","","","","",95090,"","","",51565,"","","",2,67550,0.0,21.8,41.6,7.3,1.7,30.3,59.4,30.3,"","","","","",""
"A0875","Los Angeles","Los Angeles","https://www.californiahealthmaps.org?address=A0875","Female","Thyroid",173795,21.5,15.2,29.8,11685,"","","","","","","",99310,16.5,9.2,27.4,57475,22.7,13.0,40.5,2,67550,0.0,21.8,41.6,7.3,1.7,30.3,59.4,30.3,"","","","","",""
"A0875","Los Angeles","Los Angeles","https://www.californiahealthmaps.org?address=A0875","Male","Liver",163955,22.7,16.0,31.3,12235,"","","","","","","",95090,"","","",51565,30.4,18.9,50.0,2,67550,0.0,21.8,41.6,7.3,1.7,30.3,59.4,30.3,"","","","","",""
"A0875","Los Angeles","Los Angeles","https://www.californiahealthmaps.org?address=A0875","Female","Liver",173795,"","","",11685,"","","","","","","",99310,"","","",57475,"","","",2,67550,0.0,21.8,41.6,7.3,1.7,30.3,59.4,30.3,"","","","","",""
"A0875","Los Angeles","Los Angeles","https://www.californiahealthmaps.org?address=A0875","Male","Pancreas",163955,"","","",12235,"","","","","","","",95090,"","","",51565,"","","",2,67550,0.0,21.8,41.6,7.3,1.7,30.3,59.4,30.3,"","","","","",""
"A0875","Los Angeles","Los Angeles","https://www.californiahealthmaps.org?address=A0875","Female","Pancreas",173795,6.9,3.9,11.8,11685,"","","","","","","",99310,"","","",57475,"","","",2,67550,0.0,21.8,41.6,7.3,1.7,30.3,59.4,30.3,"","","","","",""
"A0875","Los Angeles","Los Angeles","https://www.californiahealthmaps.org?address=A0875","Both","AllSite",337750,331.5,313.2,350.7,23920,407.1,341.9,495.4,"","","","",194400,344.5,316.7,374.2,109040,302.8,275.3,333.4,2,67550,0.0,21.8,41.6,7.3,1.7,30.3,59.4,30.3,"","","","","",""
"A0875","Los Angeles","Los Angeles","https://www.californiahealthmaps.org?address=A0875","Both","Lung",337750,30.0,24.8,36.1,23920,32.8,17.2,81.4,"","","","",194400,24.4,17.3,33.5,109040,35.2,26.8,47.0,2,67550,0.0,21.8,41.6,7.3,1.7,30.3,59.4,30.3,"","","","","",""
"A0875","Los Angeles","Los Angeles","https://www.californiahealthmaps.org?address=A0875","Both","CRC",337750,39.4,33.3,46.4,23920,38.9,21.3,88.7,"","","","",194400,39.4,30.5,50.4,109040,42.4,32.7,55.6,2,67550,0.0,21.8,41.6,7.3,1.7,30.3,59.4,30.3,"","","","","",""
"A0875","Los Angeles","Los Angeles","https://www.californiahealthmaps.org?address=A0875","Both","Mela",337750,"","","",23920,"","","","","","","",194400,"","","",109040,"","","",2,67550,0.0,21.8,41.6,7.3,1.7,30.3,59.4,30.3,"","","","","",""
"A0875","Los Angeles","Los Angeles","https://www.californiahealthmaps.org?address=A0875","Both","Lymph",337750,17.8,13.8,22.8,23920,"","","","","","","",194400,19.8,13.5,28.2,109040,13.8,8.4,23.1,2,67550,0.0,21.8,41.6,7.3,1.7,30.3,59.4,30.3,"","","","","",""
"A0875","Los Angeles","Los Angeles","https://www.californiahealthmaps.org?address=A0875","Both","Urinary",337750,5.3,3.3,8.3,23920,"","","","","","","",194400,"","","",109040,"","","",2,67550,0.0,21.8,41.6,7.3,1.7,30.3,59.4,30.3,"","","","","",""
"A0875","Los Angeles","Los Angeles","https://www.californiahealthmaps.org?address=A0875","Both","Kidney",337750,13.9,10.4,18.4,23920,"","","","","","","",194400,19.4,13.3,27.4,109040,10.3,5.7,18.9,2,67550,0.0,21.8,41.6,7.3,1.7,30.3,59.4,30.3,"","","","","",""
"A0875","Los Angeles","Los Angeles","https://www.californiahealthmaps.org?address=A0875","Both","Thyroid",337750,13.1,9.5,17.6,23920,"","","","","","","",194400,9.5,5.5,15.5,109040,15.6,9.5,25.6,2,67550,0.0,21.8,41.6,7.3,1.7,30.3,59.4,30.3,"","","","","",""
"A0875","Los Angeles","Los Angeles","https://www.californiahealthmaps.org?address=A0875","Both","Liver",337750,13.3,9.9,17.7,23920,"","","","","","","",194400,11.7,7.0,18.5,109040,17.2,11.3,26.8,2,67550,0.0,21.8,41.6,7.3,1.7,30.3,59.4,30.3,"","","","","",""
"A0875","Los Angeles","Los Angeles","https://www.californiahealthmaps.org?address=A0875","Both","Pancreas",337750,6.9,4.6,10.2,23920,"","","","","","","",194400,"","","",109040,"","","",2,67550,0.0,21.8,41.6,7.3,1.7,30.3,59.4,30.3,"","","","","",""
