"Zone","Counties","Cities","URL","Sex","Cancer","PopTot","AAIR","LCI","UCI","White_PopTot","White_AAIR","White_LCI","White_UCI","Black_PopTot","Black_AAIR","Black_LCI","Black_UCI","Hispanic_PopTot","Hispanic_AAIR","Hispanic_LCI","Hispanic_UCI","Asian_PopTot","Asian_AAIR","Asian_LCI","Asian_UCI","QNSES","PopAll","PerRural","PerUninsured","PerForeignBorn","PerWhite","PerBlack","PerAsian","PerHispanic","PerAPI","PerDocvisit","PerFOBT","PerMammo","PerMenPrev","PerPap","PerWomenPrev"
"A0221","San Bernardino","Rialto","https://www.californiahealthmaps.org?address=A0221","Male","AllSite",154340,495.5,448.7,546.8,15885,522.1,426.8,642.5,21630,603.9,490.0,746.1,111230,453.3,387.5,530.4,"","","","",1,63428,0.0,28.1,27.3,10.6,14.5,1.8,71.8,1.8,63.8,57.7,82.2,23.1,83.5,25.7
"A0221","San Bernardino","Rialto","https://www.californiahealthmaps.org?address=A0221","Female","AllSite",162800,389.9,355.1,427.6,16775,444.0,362.0,551.0,25815,366.0,292.4,457.6,113910,395.6,344.6,454.2,"","","","",1,63428,0.0,28.1,27.3,10.6,14.5,1.8,71.8,1.8,63.8,57.7,82.2,23.1,83.5,25.7
"A0221","San Bernardino","Rialto","https://www.californiahealthmaps.org?address=A0221","Male","Prostate",154340,140.2,116.6,168.3,15885,86.0,53.1,147.6,21630,194.9,139.0,279.6,111230,133.9,100.5,179.1,"","","","",1,63428,0.0,28.1,27.3,10.6,14.5,1.8,71.8,1.8,63.8,57.7,82.2,23.1,83.5,25.7
"A0221","San Bernardino","Rialto","https://www.californiahealthmaps.org?address=A0221","Female","Breast",162800,108.1,90.6,128.6,16775,108.1,70.4,174.7,25815,126.5,85.1,186.9,113910,109.7,84.3,143.1,"","","","",1,63428,0.0,28.1,27.3,10.6,14.5,1.8,71.8,1.8,63.8,57.7,82.2,23.1,83.5,25.7
"A0221","San Bernardino","Rialto","https://www.californiahealthmaps.org?address=A0221","Male","Lung",154340,64.7,47.3,87.2,15885,86.9,52.4,150.3,21630,91.7,48.1,169.8,111230,"","","","","","","",1,63428,0.0,28.1,27.3,10.6,14.5,1.8,71.8,1.8,63.8,57.7,82.2,23.1,83.5,25.7
"A0221","San Bernardino","Rialto","https://www.californiahealthmaps.org?address=A0221","Female","Lung",162800,34.3,23.9,48.2,16775,"","","",25815,"","","",113910,"","","","","","","",1,63428,0.0,28.1,27.3,10.6,14.5,1.8,71.8,1.8,63.8,57.7,82.2,23.1,83.5,25.7
"A0221","San Bernardino","Rialto","https://www.californiahealthmaps.org?address=A0221","Male","CRC",154340,58.7,43.4,78.9,15885,89.7,53.9,154.6,21630,"","","",111230,47.7,28.5,79.8,"","","","",1,63428,0.0,28.1,27.3,10.6,14.5,1.8,71.8,1.8,63.8,57.7,82.2,23.1,83.5,25.7
"A0221","San Bernardino","Rialto","https://www.californiahealthmaps.org?address=A0221","Female","CRC",162800,46.3,34.5,61.4,16775,"","","",25815,"","","",113910,38.0,23.8,61.0,"","","","",1,63428,0.0,28.1,27.3,10.6,14.5,1.8,71.8,1.8,63.8,57.7,82.2,23.1,83.5,25.7
"A0221","San Bernardino","Rialto","https://www.californiahealthmaps.org?address=A0221","Male","Mela",154340,"","","",15885,"","","",21630,"","","",111230,"","","","","","","",1,63428,0.0,28.1,27.3,10.6,14.5,1.8,71.8,1.8,63.8,57.7,82.2,23.1,83.5,25.7
"A0221","San Bernardino","Rialto","https://www.californiahealthmaps.org?address=A0221","Female","Mela",162800,"","","",16775,"","","",25815,"","","",113910,"","","","","","","",1,63428,0.0,28.1,27.3,10.6,14.5,1.8,71.8,1.8,63.8,57.7,82.2,23.1,83.5,25.7
"A0221","San Bernardino","Rialto","https://www.californiahealthmaps.org?address=A0221","Female","Uterine",162800,30.5,21.8,42.3,16775,"","","",25815,"","","",113910,29.0,17.5,49.1,"","","","",1,63428,0.0,28.1,27.3,10.6,14.5,1.8,71.8,1.8,63.8,57.7,82.2,23.1,83.5,25.7
"A0221","San Bernardino","Rialto","https://www.californiahealthmaps.org?address=A0221","Male","Lymph",154340,29.2,18.4,45.3,15885,"","","",21630,"","","",111230,"","","","","","","",1,63428,0.0,28.1,27.3,10.6,14.5,1.8,71.8,1.8,63.8,57.7,82.2,23.1,83.5,25.7
"A0221","San Bernardino","Rialto","https://www.californiahealthmaps.org?address=A0221","Female","Lymph",162800,12.7,7.2,21.5,16775,"","","",25815,"","","",113910,"","","","","","","",1,63428,0.0,28.1,27.3,10.6,14.5,1.8,71.8,1.8,63.8,57.7,82.2,23.1,83.5,25.7
"A0221","San Bernardino","Rialto","https://www.californiahealthmaps.org?address=A0221","Male","Urinary",154340,18.4,10.1,32.3,15885,"","","",21630,"","","",111230,"","","","","","","",1,63428,0.0,28.1,27.3,10.6,14.5,1.8,71.8,1.8,63.8,57.7,82.2,23.1,83.5,25.7
"A0221","San Bernardino","Rialto","https://www.californiahealthmaps.org?address=A0221","Female","Urinary",162800,"","","",16775,"","","",25815,"","","",113910,"","","","","","","",1,63428,0.0,28.1,27.3,10.6,14.5,1.8,71.8,1.8,63.8,57.7,82.2,23.1,83.5,25.7
"A0221","San Bernardino","Rialto","https://www.californiahealthmaps.org?address=A0221","Male","Kidney",154340,22.5,13.8,36.2,15885,"","","",21630,"","","",111230,"","","","","","","",1,63428,0.0,28.1,27.3,10.6,14.5,1.8,71.8,1.8,63.8,57.7,82.2,23.1,83.5,25.7
"A0221","San Bernardino","Rialto","https://www.californiahealthmaps.org?address=A0221","Female","Kidney",162800,17.7,11.0,27.7,16775,"","","",25815,"","","",113910,25.5,14.4,45.5,"","","","",1,63428,0.0,28.1,27.3,10.6,14.5,1.8,71.8,1.8,63.8,57.7,82.2,23.1,83.5,25.7
"A0221","San Bernardino","Rialto","https://www.californiahealthmaps.org?address=A0221","Male","Thyroid",154340,"","","",15885,"","","",21630,"","","",111230,"","","","","","","",1,63428,0.0,28.1,27.3,10.6,14.5,1.8,71.8,1.8,63.8,57.7,82.2,23.1,83.5,25.7
"A0221","San Bernardino","Rialto","https://www.californiahealthmaps.org?address=A0221","Female","Thyroid",162800,23.2,15.8,33.6,16775,"","","",25815,"","","",113910,28.6,17.2,48.8,"","","","",1,63428,0.0,28.1,27.3,10.6,14.5,1.8,71.8,1.8,63.8,57.7,82.2,23.1,83.5,25.7
"A0221","San Bernardino","Rialto","https://www.californiahealthmaps.org?address=A0221","Male","Liver",154340,20.4,11.8,34.2,15885,"","","",21630,"","","",111230,"","","","","","","",1,63428,0.0,28.1,27.3,10.6,14.5,1.8,71.8,1.8,63.8,57.7,82.2,23.1,83.5,25.7
"A0221","San Bernardino","Rialto","https://www.californiahealthmaps.org?address=A0221","Female","Liver",162800,"","","",16775,"","","",25815,"","","",113910,"","","","","","","",1,63428,0.0,28.1,27.3,10.6,14.5,1.8,71.8,1.8,63.8,57.7,82.2,23.1,83.5,25.7
"A0221","San Bernardino","Rialto","https://www.californiahealthmaps.org?address=A0221","Male","Pancreas",154340,"","","",15885,"","","",21630,"","","",111230,"","","","","","","",1,63428,0.0,28.1,27.3,10.6,14.5,1.8,71.8,1.8,63.8,57.7,82.2,23.1,83.5,25.7
"A0221","San Bernardino","Rialto","https://www.californiahealthmaps.org?address=A0221","Female","Pancreas",162800,11.8,6.5,20.5,16775,"","","",25815,"","","",113910,"","","","","","","",1,63428,0.0,28.1,27.3,10.6,14.5,1.8,71.8,1.8,63.8,57.7,82.2,23.1,83.5,25.7
"A0221","San Bernardino","Rialto","https://www.californiahealthmaps.org?address=A0221","Both","AllSite",317140,430.8,402.9,460.5,32660,468.2,407.0,541.4,47445,463.1,398.8,538.0,225140,416.2,375.8,460.8,"","","","",1,63428,0.0,28.1,27.3,10.6,14.5,1.8,71.8,1.8,63.8,57.7,82.2,23.1,83.5,25.7
"A0221","San Bernardino","Rialto","https://www.californiahealthmaps.org?address=A0221","Both","Lung",317140,46.2,36.8,57.5,32660,60.7,41.3,93.9,47445,63.8,40.0,100.1,225140,30.1,19.0,46.5,"","","","",1,63428,0.0,28.1,27.3,10.6,14.5,1.8,71.8,1.8,63.8,57.7,82.2,23.1,83.5,25.7
"A0221","San Bernardino","Rialto","https://www.californiahealthmaps.org?address=A0221","Both","CRC",317140,51.9,42.3,63.4,32660,64.0,44.1,97.6,47445,53.1,33.1,85.1,225140,42.1,30.1,58.7,"","","","",1,63428,0.0,28.1,27.3,10.6,14.5,1.8,71.8,1.8,63.8,57.7,82.2,23.1,83.5,25.7
"A0221","San Bernardino","Rialto","https://www.californiahealthmaps.org?address=A0221","Both","Mela",317140,"","","",32660,"","","",47445,"","","",225140,"","","","","","","",1,63428,0.0,28.1,27.3,10.6,14.5,1.8,71.8,1.8,63.8,57.7,82.2,23.1,83.5,25.7
"A0221","San Bernardino","Rialto","https://www.californiahealthmaps.org?address=A0221","Both","Lymph",317140,19.3,13.8,26.8,32660,"","","",47445,"","","",225140,18.0,10.8,30.3,"","","","",1,63428,0.0,28.1,27.3,10.6,14.5,1.8,71.8,1.8,63.8,57.7,82.2,23.1,83.5,25.7
"A0221","San Bernardino","Rialto","https://www.californiahealthmaps.org?address=A0221","Both","Urinary",317140,8.8,5.1,14.7,32660,"","","",47445,"","","",225140,"","","","","","","",1,63428,0.0,28.1,27.3,10.6,14.5,1.8,71.8,1.8,63.8,57.7,82.2,23.1,83.5,25.7
"A0221","San Bernardino","Rialto","https://www.californiahealthmaps.org?address=A0221","Both","Kidney",317140,19.7,14.2,27.2,32660,"","","",47445,"","","",225140,23.4,14.8,36.9,"","","","",1,63428,0.0,28.1,27.3,10.6,14.5,1.8,71.8,1.8,63.8,57.7,82.2,23.1,83.5,25.7
"A0221","San Bernardino","Rialto","https://www.californiahealthmaps.org?address=A0221","Both","Thyroid",317140,14.4,10.1,20.5,32660,"","","",47445,"","","",225140,17.0,10.5,28.4,"","","","",1,63428,0.0,28.1,27.3,10.6,14.5,1.8,71.8,1.8,63.8,57.7,82.2,23.1,83.5,25.7
"A0221","San Bernardino","Rialto","https://www.californiahealthmaps.org?address=A0221","Both","Liver",317140,13.9,9.1,20.8,32660,"","","",47445,"","","",225140,16.1,8.5,29.2,"","","","",1,63428,0.0,28.1,27.3,10.6,14.5,1.8,71.8,1.8,63.8,57.7,82.2,23.1,83.5,25.7
"A0221","San Bernardino","Rialto","https://www.californiahealthmaps.org?address=A0221","Both","Pancreas",317140,9.1,5.5,14.7,32660,"","","",47445,"","","",225140,"","","","","","","",1,63428,0.0,28.1,27.3,10.6,14.5,1.8,71.8,1.8,63.8,57.7,82.2,23.1,83.5,25.7
