"Zone","Counties","Cities","URL","Sex","Cancer","PopTot","AAIR","LCI","UCI","White_PopTot","White_AAIR","White_LCI","White_UCI","Black_PopTot","Black_AAIR","Black_LCI","Black_UCI","Hispanic_PopTot","Hispanic_AAIR","Hispanic_LCI","Hispanic_UCI","Asian_PopTot","Asian_AAIR","Asian_LCI","Asian_UCI","QNSES","PopAll","PerRural","PerUninsured","PerForeignBorn","PerWhite","PerBlack","PerAsian","PerHispanic","PerAPI","PerDocvisit","PerFOBT","PerMammo","PerMenPrev","PerPap","PerWomenPrev"
"A0901","Kern","Taft, Shafter, Bakersfield","https://www.californiahealthmaps.org?address=A0901","Male","AllSite",182935,440.3,396.3,489.0,66175,470.8,415.8,532.1,10665,250.8,80.2,1231.9,100355,365.1,279.2,479.9,"","","","",1,61735,28.2,20.1,23.3,39.2,3.8,1.1,53.5,1.1,"","","","","",""
"A0901","Kern","Taft, Shafter, Bakersfield","https://www.californiahealthmaps.org?address=A0901","Female","AllSite",125740,418.7,378.8,462.1,52405,451.6,399.1,510.5,"","","","",68185,335.0,265.8,423.1,"","","","",1,61735,28.2,20.1,23.3,39.2,3.8,1.1,53.5,1.1,"","","","","",""
"A0901","Kern","Taft, Shafter, Bakersfield","https://www.californiahealthmaps.org?address=A0901","Male","Prostate",182935,107.9,86.6,134.2,66175,109.4,84.3,140.9,10665,"","","",100355,112.8,63.4,196.2,"","","","",1,61735,28.2,20.1,23.3,39.2,3.8,1.1,53.5,1.1,"","","","","",""
"A0901","Kern","Taft, Shafter, Bakersfield","https://www.californiahealthmaps.org?address=A0901","Female","Breast",125740,140.2,117.5,166.5,52405,155.7,125.1,192.9,"","","","",68185,97.5,65.9,148.5,"","","","",1,61735,28.2,20.1,23.3,39.2,3.8,1.1,53.5,1.1,"","","","","",""
"A0901","Kern","Taft, Shafter, Bakersfield","https://www.californiahealthmaps.org?address=A0901","Male","Lung",182935,52.8,36.9,74.2,66175,62.7,42.2,90.6,10665,"","","",100355,"","","","","","","",1,61735,28.2,20.1,23.3,39.2,3.8,1.1,53.5,1.1,"","","","","",""
"A0901","Kern","Taft, Shafter, Bakersfield","https://www.californiahealthmaps.org?address=A0901","Female","Lung",125740,54.5,40.5,72.1,52405,70.3,51.4,95.8,"","","","",68185,"","","","","","","",1,61735,28.2,20.1,23.3,39.2,3.8,1.1,53.5,1.1,"","","","","",""
"A0901","Kern","Taft, Shafter, Bakersfield","https://www.californiahealthmaps.org?address=A0901","Male","CRC",182935,45.2,31.6,64.1,66175,45.1,29.0,68.4,10665,"","","",100355,"","","","","","","",1,61735,28.2,20.1,23.3,39.2,3.8,1.1,53.5,1.1,"","","","","",""
"A0901","Kern","Taft, Shafter, Bakersfield","https://www.californiahealthmaps.org?address=A0901","Female","CRC",125740,39.8,27.9,55.5,52405,43.3,28.9,64.3,"","","","",68185,"","","","","","","",1,61735,28.2,20.1,23.3,39.2,3.8,1.1,53.5,1.1,"","","","","",""
"A0901","Kern","Taft, Shafter, Bakersfield","https://www.californiahealthmaps.org?address=A0901","Male","Mela",182935,28.8,18.4,44.8,66175,42.4,27.0,64.8,10665,"","","",100355,"","","","","","","",1,61735,28.2,20.1,23.3,39.2,3.8,1.1,53.5,1.1,"","","","","",""
"A0901","Kern","Taft, Shafter, Bakersfield","https://www.californiahealthmaps.org?address=A0901","Female","Mela",125740,"","","",52405,"","","","","","","",68185,"","","","","","","",1,61735,28.2,20.1,23.3,39.2,3.8,1.1,53.5,1.1,"","","","","",""
"A0901","Kern","Taft, Shafter, Bakersfield","https://www.californiahealthmaps.org?address=A0901","Female","Uterine",125740,21.8,13.7,33.4,52405,20.9,11.7,37.2,"","","","",68185,"","","","","","","",1,61735,28.2,20.1,23.3,39.2,3.8,1.1,53.5,1.1,"","","","","",""
"A0901","Kern","Taft, Shafter, Bakersfield","https://www.californiahealthmaps.org?address=A0901","Male","Lymph",182935,13.9,7.5,25.9,66175,"","","",10665,"","","",100355,"","","","","","","",1,61735,28.2,20.1,23.3,39.2,3.8,1.1,53.5,1.1,"","","","","",""
"A0901","Kern","Taft, Shafter, Bakersfield","https://www.californiahealthmaps.org?address=A0901","Female","Lymph",125740,15.2,8.4,25.8,52405,"","","","","","","",68185,"","","","","","","",1,61735,28.2,20.1,23.3,39.2,3.8,1.1,53.5,1.1,"","","","","",""
"A0901","Kern","Taft, Shafter, Bakersfield","https://www.californiahealthmaps.org?address=A0901","Male","Urinary",182935,26.8,16.7,42.5,66175,34.0,20.5,54.6,10665,"","","",100355,"","","","","","","",1,61735,28.2,20.1,23.3,39.2,3.8,1.1,53.5,1.1,"","","","","",""
"A0901","Kern","Taft, Shafter, Bakersfield","https://www.californiahealthmaps.org?address=A0901","Female","Urinary",125740,"","","",52405,"","","","","","","",68185,"","","","","","","",1,61735,28.2,20.1,23.3,39.2,3.8,1.1,53.5,1.1,"","","","","",""
"A0901","Kern","Taft, Shafter, Bakersfield","https://www.californiahealthmaps.org?address=A0901","Male","Kidney",182935,18.9,11.3,31.9,66175,"","","",10665,"","","",100355,"","","","","","","",1,61735,28.2,20.1,23.3,39.2,3.8,1.1,53.5,1.1,"","","","","",""
"A0901","Kern","Taft, Shafter, Bakersfield","https://www.californiahealthmaps.org?address=A0901","Female","Kidney",125740,"","","",52405,"","","","","","","",68185,"","","","","","","",1,61735,28.2,20.1,23.3,39.2,3.8,1.1,53.5,1.1,"","","","","",""
"A0901","Kern","Taft, Shafter, Bakersfield","https://www.californiahealthmaps.org?address=A0901","Male","Thyroid",182935,"","","",66175,"","","",10665,"","","",100355,"","","","","","","",1,61735,28.2,20.1,23.3,39.2,3.8,1.1,53.5,1.1,"","","","","",""
"A0901","Kern","Taft, Shafter, Bakersfield","https://www.californiahealthmaps.org?address=A0901","Female","Thyroid",125740,18.4,11.2,29.2,52405,"","","","","","","",68185,"","","","","","","",1,61735,28.2,20.1,23.3,39.2,3.8,1.1,53.5,1.1,"","","","","",""
"A0901","Kern","Taft, Shafter, Bakersfield","https://www.californiahealthmaps.org?address=A0901","Male","Liver",182935,16.4,9.9,28.2,66175,"","","",10665,"","","",100355,"","","","","","","",1,61735,28.2,20.1,23.3,39.2,3.8,1.1,53.5,1.1,"","","","","",""
"A0901","Kern","Taft, Shafter, Bakersfield","https://www.californiahealthmaps.org?address=A0901","Female","Liver",125740,"","","",52405,"","","","","","","",68185,"","","","","","","",1,61735,28.2,20.1,23.3,39.2,3.8,1.1,53.5,1.1,"","","","","",""
"A0901","Kern","Taft, Shafter, Bakersfield","https://www.californiahealthmaps.org?address=A0901","Male","Pancreas",182935,"","","",66175,"","","",10665,"","","",100355,"","","","","","","",1,61735,28.2,20.1,23.3,39.2,3.8,1.1,53.5,1.1,"","","","","",""
"A0901","Kern","Taft, Shafter, Bakersfield","https://www.californiahealthmaps.org?address=A0901","Female","Pancreas",125740,"","","",52405,"","","","","","","",68185,"","","","","","","",1,61735,28.2,20.1,23.3,39.2,3.8,1.1,53.5,1.1,"","","","","",""
"A0901","Kern","Taft, Shafter, Bakersfield","https://www.californiahealthmaps.org?address=A0901","Both","AllSite",308675,420.1,391.3,450.7,118580,449.9,413.2,489.3,11515,542.1,102.5,1932.0,168540,339.8,286.8,403.5,"","","","",1,61735,28.2,20.1,23.3,39.2,3.8,1.1,53.5,1.1,"","","","","",""
"A0901","Kern","Taft, Shafter, Bakersfield","https://www.californiahealthmaps.org?address=A0901","Both","Lung",308675,52.1,41.8,64.5,118580,63.6,50.2,80.0,11515,"","","",168540,"","","","","","","",1,61735,28.2,20.1,23.3,39.2,3.8,1.1,53.5,1.1,"","","","","",""
"A0901","Kern","Taft, Shafter, Bakersfield","https://www.californiahealthmaps.org?address=A0901","Both","CRC",308675,42.5,33.4,53.6,118580,44.6,33.4,58.7,11515,"","","",168540,37.9,20.2,69.2,"","","","",1,61735,28.2,20.1,23.3,39.2,3.8,1.1,53.5,1.1,"","","","","",""
"A0901","Kern","Taft, Shafter, Bakersfield","https://www.californiahealthmaps.org?address=A0901","Both","Mela",308675,19.0,13.5,26.5,118580,25.5,17.4,36.5,11515,"","","",168540,"","","","","","","",1,61735,28.2,20.1,23.3,39.2,3.8,1.1,53.5,1.1,"","","","","",""
"A0901","Kern","Taft, Shafter, Bakersfield","https://www.californiahealthmaps.org?address=A0901","Both","Lymph",308675,14.6,9.8,21.4,118580,"","","",11515,"","","",168540,26.7,13.2,53.8,"","","","",1,61735,28.2,20.1,23.3,39.2,3.8,1.1,53.5,1.1,"","","","","",""
"A0901","Kern","Taft, Shafter, Bakersfield","https://www.californiahealthmaps.org?address=A0901","Both","Urinary",308675,17.1,11.4,24.9,118580,20.5,13.3,30.8,11515,"","","",168540,"","","","","","","",1,61735,28.2,20.1,23.3,39.2,3.8,1.1,53.5,1.1,"","","","","",""
"A0901","Kern","Taft, Shafter, Bakersfield","https://www.californiahealthmaps.org?address=A0901","Both","Kidney",308675,16.8,11.6,23.9,118580,18.2,11.6,27.9,11515,"","","",168540,"","","","","","","",1,61735,28.2,20.1,23.3,39.2,3.8,1.1,53.5,1.1,"","","","","",""
"A0901","Kern","Taft, Shafter, Bakersfield","https://www.californiahealthmaps.org?address=A0901","Both","Thyroid",308675,10.2,6.7,15.6,118580,"","","",11515,"","","",168540,"","","","","","","",1,61735,28.2,20.1,23.3,39.2,3.8,1.1,53.5,1.1,"","","","","",""
"A0901","Kern","Taft, Shafter, Bakersfield","https://www.californiahealthmaps.org?address=A0901","Both","Liver",308675,9.9,6.2,15.4,118580,"","","",11515,"","","",168540,"","","","","","","",1,61735,28.2,20.1,23.3,39.2,3.8,1.1,53.5,1.1,"","","","","",""
"A0901","Kern","Taft, Shafter, Bakersfield","https://www.californiahealthmaps.org?address=A0901","Both","Pancreas",308675,7.9,4.4,13.5,118580,"","","",11515,"","","",168540,"","","","","","","",1,61735,28.2,20.1,23.3,39.2,3.8,1.1,53.5,1.1,"","","","","",""
