"Zone","Counties","Cities","URL","Sex","Cancer","PopTot","AAIR","LCI","UCI","White_PopTot","White_AAIR","White_LCI","White_UCI","Black_PopTot","Black_AAIR","Black_LCI","Black_UCI","Hispanic_PopTot","Hispanic_AAIR","Hispanic_LCI","Hispanic_UCI","Asian_PopTot","Asian_AAIR","Asian_LCI","Asian_UCI","QNSES","PopAll","PerRural","PerUninsured","PerForeignBorn","PerWhite","PerBlack","PerAsian","PerHispanic","PerAPI","PerDocvisit","PerFOBT","PerMammo","PerMenPrev","PerPap","PerWomenPrev"
"A1040","Los Angeles","Los Angeles, Santa Clarita","https://www.californiahealthmaps.org?address=A1040","Male","AllSite",153415,448.6,412.9,486.9,70625,487.5,441.0,538.6,"","","","",44475,390.1,288.7,524.2,29305,313.4,244.8,400.6,5,61750,3.8,17.5,35.5,45.4,3.6,19.8,27.9,19.8,"","","","","",""
"A1040","Los Angeles","Los Angeles, Santa Clarita","https://www.californiahealthmaps.org?address=A1040","Female","AllSite",155335,436.8,405.1,470.6,70875,478.4,434.6,526.7,"","","","",42840,334.9,263.4,422.5,32150,357.6,296.1,430.6,5,61750,3.8,17.5,35.5,45.4,3.6,19.8,27.9,19.8,"","","","","",""
"A1040","Los Angeles","Los Angeles, Santa Clarita","https://www.californiahealthmaps.org?address=A1040","Male","Prostate",153415,107.5,91.0,126.5,70625,113.9,93.2,139.2,"","","","",44475,115.5,62.0,206.0,29305,54.6,29.7,100.1,5,61750,3.8,17.5,35.5,45.4,3.6,19.8,27.9,19.8,"","","","","",""
"A1040","Los Angeles","Los Angeles, Santa Clarita","https://www.californiahealthmaps.org?address=A1040","Female","Breast",155335,162.8,143.8,183.8,70875,182.6,155.8,214.1,"","","","",42840,94.6,61.2,144.3,32150,137.6,101.9,184.9,5,61750,3.8,17.5,35.5,45.4,3.6,19.8,27.9,19.8,"","","","","",""
"A1040","Los Angeles","Los Angeles, Santa Clarita","https://www.californiahealthmaps.org?address=A1040","Male","Lung",153415,50.7,38.7,65.7,70625,60.0,44.5,80.6,"","","","",44475,"","","",29305,"","","",5,61750,3.8,17.5,35.5,45.4,3.6,19.8,27.9,19.8,"","","","","",""
"A1040","Los Angeles","Los Angeles, Santa Clarita","https://www.californiahealthmaps.org?address=A1040","Female","Lung",155335,40.4,30.9,52.0,70875,50.2,37.0,68.2,"","","","",42840,"","","",32150,"","","",5,61750,3.8,17.5,35.5,45.4,3.6,19.8,27.9,19.8,"","","","","",""
"A1040","Los Angeles","Los Angeles, Santa Clarita","https://www.californiahealthmaps.org?address=A1040","Male","CRC",153415,41.1,30.8,54.2,70625,49.4,35.1,68.9,"","","","",44475,"","","",29305,"","","",5,61750,3.8,17.5,35.5,45.4,3.6,19.8,27.9,19.8,"","","","","",""
"A1040","Los Angeles","Los Angeles, Santa Clarita","https://www.californiahealthmaps.org?address=A1040","Female","CRC",155335,30.6,22.7,40.6,70875,32.0,21.8,47.2,"","","","",42840,"","","",32150,"","","",5,61750,3.8,17.5,35.5,45.4,3.6,19.8,27.9,19.8,"","","","","",""
"A1040","Los Angeles","Los Angeles, Santa Clarita","https://www.californiahealthmaps.org?address=A1040","Male","Mela",153415,32.1,23.0,44.2,70625,44.7,31.0,63.6,"","","","",44475,"","","",29305,"","","",5,61750,3.8,17.5,35.5,45.4,3.6,19.8,27.9,19.8,"","","","","",""
"A1040","Los Angeles","Los Angeles, Santa Clarita","https://www.californiahealthmaps.org?address=A1040","Female","Mela",155335,11.9,7.1,19.0,70875,"","","","","","","",42840,"","","",32150,"","","",5,61750,3.8,17.5,35.5,45.4,3.6,19.8,27.9,19.8,"","","","","",""
"A1040","Los Angeles","Los Angeles, Santa Clarita","https://www.californiahealthmaps.org?address=A1040","Female","Uterine",155335,34.8,26.4,45.3,70875,35.8,24.8,51.9,"","","","",42840,"","","",32150,"","","",5,61750,3.8,17.5,35.5,45.4,3.6,19.8,27.9,19.8,"","","","","",""
"A1040","Los Angeles","Los Angeles, Santa Clarita","https://www.californiahealthmaps.org?address=A1040","Male","Lymph",153415,26.0,18.2,36.6,70625,23.6,14.1,38.4,"","","","",44475,"","","",29305,"","","",5,61750,3.8,17.5,35.5,45.4,3.6,19.8,27.9,19.8,"","","","","",""
"A1040","Los Angeles","Los Angeles, Santa Clarita","https://www.californiahealthmaps.org?address=A1040","Female","Lymph",155335,18.3,12.3,26.5,70875,19.0,11.1,32.1,"","","","",42840,"","","",32150,"","","",5,61750,3.8,17.5,35.5,45.4,3.6,19.8,27.9,19.8,"","","","","",""
"A1040","Los Angeles","Los Angeles, Santa Clarita","https://www.californiahealthmaps.org?address=A1040","Male","Urinary",153415,17.3,10.5,27.2,70625,22.3,13.0,37.0,"","","","",44475,"","","",29305,"","","",5,61750,3.8,17.5,35.5,45.4,3.6,19.8,27.9,19.8,"","","","","",""
"A1040","Los Angeles","Los Angeles, Santa Clarita","https://www.californiahealthmaps.org?address=A1040","Female","Urinary",155335,"","","",70875,"","","","","","","",42840,"","","",32150,"","","",5,61750,3.8,17.5,35.5,45.4,3.6,19.8,27.9,19.8,"","","","","",""
"A1040","Los Angeles","Los Angeles, Santa Clarita","https://www.californiahealthmaps.org?address=A1040","Male","Kidney",153415,19.7,12.9,29.3,70625,22.3,13.1,36.9,"","","","",44475,"","","",29305,"","","",5,61750,3.8,17.5,35.5,45.4,3.6,19.8,27.9,19.8,"","","","","",""
"A1040","Los Angeles","Los Angeles, Santa Clarita","https://www.californiahealthmaps.org?address=A1040","Female","Kidney",155335,11.1,6.7,17.7,70875,16.2,9.0,28.7,"","","","",42840,"","","",32150,"","","",5,61750,3.8,17.5,35.5,45.4,3.6,19.8,27.9,19.8,"","","","","",""
"A1040","Los Angeles","Los Angeles, Santa Clarita","https://www.californiahealthmaps.org?address=A1040","Male","Thyroid",153415,"","","",70625,"","","","","","","",44475,"","","",29305,"","","",5,61750,3.8,17.5,35.5,45.4,3.6,19.8,27.9,19.8,"","","","","",""
"A1040","Los Angeles","Los Angeles, Santa Clarita","https://www.californiahealthmaps.org?address=A1040","Female","Thyroid",155335,23.5,16.5,32.6,70875,21.3,11.9,36.5,"","","","",42840,"","","",32150,47.4,26.4,81.4,5,61750,3.8,17.5,35.5,45.4,3.6,19.8,27.9,19.8,"","","","","",""
"A1040","Los Angeles","Los Angeles, Santa Clarita","https://www.californiahealthmaps.org?address=A1040","Male","Liver",153415,11.2,6.1,19.3,70625,"","","","","","","",44475,"","","",29305,"","","",5,61750,3.8,17.5,35.5,45.4,3.6,19.8,27.9,19.8,"","","","","",""
"A1040","Los Angeles","Los Angeles, Santa Clarita","https://www.californiahealthmaps.org?address=A1040","Female","Liver",155335,"","","",70875,"","","","","","","",42840,"","","",32150,"","","",5,61750,3.8,17.5,35.5,45.4,3.6,19.8,27.9,19.8,"","","","","",""
"A1040","Los Angeles","Los Angeles, Santa Clarita","https://www.californiahealthmaps.org?address=A1040","Male","Pancreas",153415,10.6,5.8,18.5,70625,"","","","","","","",44475,"","","",29305,"","","",5,61750,3.8,17.5,35.5,45.4,3.6,19.8,27.9,19.8,"","","","","",""
"A1040","Los Angeles","Los Angeles, Santa Clarita","https://www.californiahealthmaps.org?address=A1040","Female","Pancreas",155335,11.8,6.9,19.1,70875,"","","","","","","",42840,"","","",32150,"","","",5,61750,3.8,17.5,35.5,45.4,3.6,19.8,27.9,19.8,"","","","","",""
"A1040","Los Angeles","Los Angeles, Santa Clarita","https://www.californiahealthmaps.org?address=A1040","Both","AllSite",308750,437.6,414.1,462.2,141500,477.1,445.5,510.9,"","","","",87315,347.6,289.7,415.5,61455,337.4,291.0,390.6,5,61750,3.8,17.5,35.5,45.4,3.6,19.8,27.9,19.8,"","","","","",""
"A1040","Los Angeles","Los Angeles, Santa Clarita","https://www.californiahealthmaps.org?address=A1040","Both","Lung",308750,44.6,37.1,53.3,141500,54.2,44.1,66.7,"","","","",87315,"","","",61455,31.0,17.1,53.3,5,61750,3.8,17.5,35.5,45.4,3.6,19.8,27.9,19.8,"","","","","",""
"A1040","Los Angeles","Los Angeles, Santa Clarita","https://www.californiahealthmaps.org?address=A1040","Both","CRC",308750,35.3,28.8,42.8,141500,40.0,31.2,51.2,"","","","",87315,"","","",61455,28.4,16.1,48.7,5,61750,3.8,17.5,35.5,45.4,3.6,19.8,27.9,19.8,"","","","","",""
"A1040","Los Angeles","Los Angeles, Santa Clarita","https://www.californiahealthmaps.org?address=A1040","Both","Mela",308750,21.0,16.0,27.2,141500,27.6,20.2,37.4,"","","","",87315,"","","",61455,"","","",5,61750,3.8,17.5,35.5,45.4,3.6,19.8,27.9,19.8,"","","","","",""
"A1040","Los Angeles","Los Angeles, Santa Clarita","https://www.californiahealthmaps.org?address=A1040","Both","Lymph",308750,21.9,16.9,27.9,141500,21.4,15.0,30.2,"","","","",87315,"","","",61455,"","","",5,61750,3.8,17.5,35.5,45.4,3.6,19.8,27.9,19.8,"","","","","",""
"A1040","Los Angeles","Los Angeles, Santa Clarita","https://www.californiahealthmaps.org?address=A1040","Both","Urinary",308750,11.5,7.8,16.3,141500,14.4,9.4,21.9,"","","","",87315,"","","",61455,"","","",5,61750,3.8,17.5,35.5,45.4,3.6,19.8,27.9,19.8,"","","","","",""
"A1040","Los Angeles","Los Angeles, Santa Clarita","https://www.californiahealthmaps.org?address=A1040","Both","Kidney",308750,14.9,10.9,20.0,141500,18.6,12.7,26.9,"","","","",87315,"","","",61455,"","","",5,61750,3.8,17.5,35.5,45.4,3.6,19.8,27.9,19.8,"","","","","",""
"A1040","Los Angeles","Los Angeles, Santa Clarita","https://www.californiahealthmaps.org?address=A1040","Both","Thyroid",308750,15.9,11.7,21.2,141500,12.8,7.7,20.8,"","","","",87315,"","","",61455,33.7,20.3,54.8,5,61750,3.8,17.5,35.5,45.4,3.6,19.8,27.9,19.8,"","","","","",""
"A1040","Los Angeles","Los Angeles, Santa Clarita","https://www.californiahealthmaps.org?address=A1040","Both","Liver",308750,8.3,5.3,12.6,141500,"","","","","","","",87315,"","","",61455,"","","",5,61750,3.8,17.5,35.5,45.4,3.6,19.8,27.9,19.8,"","","","","",""
"A1040","Los Angeles","Los Angeles, Santa Clarita","https://www.californiahealthmaps.org?address=A1040","Both","Pancreas",308750,11.3,7.7,16.0,141500,8.7,4.9,15.3,"","","","",87315,"","","",61455,"","","",5,61750,3.8,17.5,35.5,45.4,3.6,19.8,27.9,19.8,"","","","","",""
