"Zone","Counties","Cities","URL","Sex","Cancer","PopTot","AAIR","LCI","UCI","White_PopTot","White_AAIR","White_LCI","White_UCI","Black_PopTot","Black_AAIR","Black_LCI","Black_UCI","Hispanic_PopTot","Hispanic_AAIR","Hispanic_LCI","Hispanic_UCI","Asian_PopTot","Asian_AAIR","Asian_LCI","Asian_UCI","QNSES","PopAll","PerRural","PerUninsured","PerForeignBorn","PerWhite","PerBlack","PerAsian","PerHispanic","PerAPI","PerDocvisit","PerFOBT","PerMammo","PerMenPrev","PerPap","PerWomenPrev"
"A1034","San Bernardino","Hesperia, Apple Valley","https://www.californiahealthmaps.org?address=A1034","Male","AllSite",182440,517.3,480.0,557.2,88055,529.4,484.0,578.6,"","","","",76590,472.6,393.1,570.1,"","","","",2,73562,9.8,19.7,12.0,48.3,5.9,2.9,40.9,2.9,63.5,58.8,80.9,25.4,83.0,26.8
"A1034","San Bernardino","Hesperia, Apple Valley","https://www.californiahealthmaps.org?address=A1034","Female","AllSite",185370,448.6,417.0,482.3,87785,470.6,429.6,515.2,"","","","",78320,397.3,340.2,462.9,"","","","",2,73562,9.8,19.7,12.0,48.3,5.9,2.9,40.9,2.9,63.5,58.8,80.9,25.4,83.0,26.8
"A1034","San Bernardino","Hesperia, Apple Valley","https://www.californiahealthmaps.org?address=A1034","Male","Prostate",182440,131.5,113.1,152.6,88055,112.7,92.8,136.4,"","","","",76590,168.6,119.5,237.8,"","","","",2,73562,9.8,19.7,12.0,48.3,5.9,2.9,40.9,2.9,63.5,58.8,80.9,25.4,83.0,26.8
"A1034","San Bernardino","Hesperia, Apple Valley","https://www.californiahealthmaps.org?address=A1034","Female","Breast",185370,127.7,111.3,146.0,87785,129.5,108.2,154.5,"","","","",78320,128.4,98.6,166.5,"","","","",2,73562,9.8,19.7,12.0,48.3,5.9,2.9,40.9,2.9,63.5,58.8,80.9,25.4,83.0,26.8
"A1034","San Bernardino","Hesperia, Apple Valley","https://www.californiahealthmaps.org?address=A1034","Male","Lung",182440,69.1,55.4,85.7,88055,88.2,70.1,110.3,"","","","",76590,"","","","","","","",2,73562,9.8,19.7,12.0,48.3,5.9,2.9,40.9,2.9,63.5,58.8,80.9,25.4,83.0,26.8
"A1034","San Bernardino","Hesperia, Apple Valley","https://www.californiahealthmaps.org?address=A1034","Female","Lung",185370,52.0,41.5,64.7,87785,61.9,48.0,79.5,"","","","",78320,"","","","","","","",2,73562,9.8,19.7,12.0,48.3,5.9,2.9,40.9,2.9,63.5,58.8,80.9,25.4,83.0,26.8
"A1034","San Bernardino","Hesperia, Apple Valley","https://www.californiahealthmaps.org?address=A1034","Male","CRC",182440,47.9,37.3,61.1,88055,50.6,37.5,67.6,"","","","",76590,36.5,20.1,74.5,"","","","",2,73562,9.8,19.7,12.0,48.3,5.9,2.9,40.9,2.9,63.5,58.8,80.9,25.4,83.0,26.8
"A1034","San Bernardino","Hesperia, Apple Valley","https://www.californiahealthmaps.org?address=A1034","Female","CRC",185370,43.8,34.2,55.6,87785,41.3,29.9,56.7,"","","","",78320,39.6,23.6,64.8,"","","","",2,73562,9.8,19.7,12.0,48.3,5.9,2.9,40.9,2.9,63.5,58.8,80.9,25.4,83.0,26.8
"A1034","San Bernardino","Hesperia, Apple Valley","https://www.californiahealthmaps.org?address=A1034","Male","Mela",182440,24.5,17.1,34.8,88055,35.9,24.8,51.1,"","","","",76590,"","","","","","","",2,73562,9.8,19.7,12.0,48.3,5.9,2.9,40.9,2.9,63.5,58.8,80.9,25.4,83.0,26.8
"A1034","San Bernardino","Hesperia, Apple Valley","https://www.californiahealthmaps.org?address=A1034","Female","Mela",185370,19.6,13.6,27.7,87785,29.7,19.8,43.6,"","","","",78320,"","","","","","","",2,73562,9.8,19.7,12.0,48.3,5.9,2.9,40.9,2.9,63.5,58.8,80.9,25.4,83.0,26.8
"A1034","San Bernardino","Hesperia, Apple Valley","https://www.californiahealthmaps.org?address=A1034","Female","Uterine",185370,28.5,21.2,37.7,87785,28.6,19.6,41.5,"","","","",78320,"","","","","","","",2,73562,9.8,19.7,12.0,48.3,5.9,2.9,40.9,2.9,63.5,58.8,80.9,25.4,83.0,26.8
"A1034","San Bernardino","Hesperia, Apple Valley","https://www.californiahealthmaps.org?address=A1034","Male","Lymph",182440,15.7,10.0,24.1,88055,13.7,7.5,24.1,"","","","",76590,"","","","","","","",2,73562,9.8,19.7,12.0,48.3,5.9,2.9,40.9,2.9,63.5,58.8,80.9,25.4,83.0,26.8
"A1034","San Bernardino","Hesperia, Apple Valley","https://www.californiahealthmaps.org?address=A1034","Female","Lymph",185370,12.9,8.0,19.9,87785,"","","","","","","",78320,"","","","","","","",2,73562,9.8,19.7,12.0,48.3,5.9,2.9,40.9,2.9,63.5,58.8,80.9,25.4,83.0,26.8
"A1034","San Bernardino","Hesperia, Apple Valley","https://www.californiahealthmaps.org?address=A1034","Male","Urinary",182440,27.3,19.0,38.5,88055,32.1,21.4,46.9,"","","","",76590,"","","","","","","",2,73562,9.8,19.7,12.0,48.3,5.9,2.9,40.9,2.9,63.5,58.8,80.9,25.4,83.0,26.8
"A1034","San Bernardino","Hesperia, Apple Valley","https://www.californiahealthmaps.org?address=A1034","Female","Urinary",185370,"","","",87785,"","","","","","","",78320,"","","","","","","",2,73562,9.8,19.7,12.0,48.3,5.9,2.9,40.9,2.9,63.5,58.8,80.9,25.4,83.0,26.8
"A1034","San Bernardino","Hesperia, Apple Valley","https://www.californiahealthmaps.org?address=A1034","Male","Kidney",182440,33.9,24.9,45.6,88055,33.4,22.7,48.1,"","","","",76590,"","","","","","","",2,73562,9.8,19.7,12.0,48.3,5.9,2.9,40.9,2.9,63.5,58.8,80.9,25.4,83.0,26.8
"A1034","San Bernardino","Hesperia, Apple Valley","https://www.californiahealthmaps.org?address=A1034","Female","Kidney",185370,12.7,7.9,19.7,87785,"","","","","","","",78320,"","","","","","","",2,73562,9.8,19.7,12.0,48.3,5.9,2.9,40.9,2.9,63.5,58.8,80.9,25.4,83.0,26.8
"A1034","San Bernardino","Hesperia, Apple Valley","https://www.californiahealthmaps.org?address=A1034","Male","Thyroid",182440,"","","",88055,"","","","","","","",76590,"","","","","","","",2,73562,9.8,19.7,12.0,48.3,5.9,2.9,40.9,2.9,63.5,58.8,80.9,25.4,83.0,26.8
"A1034","San Bernardino","Hesperia, Apple Valley","https://www.californiahealthmaps.org?address=A1034","Female","Thyroid",185370,21.4,14.9,30.0,87785,21.6,13.2,34.3,"","","","",78320,"","","","","","","",2,73562,9.8,19.7,12.0,48.3,5.9,2.9,40.9,2.9,63.5,58.8,80.9,25.4,83.0,26.8
"A1034","San Bernardino","Hesperia, Apple Valley","https://www.californiahealthmaps.org?address=A1034","Male","Liver",182440,18.1,12.1,26.9,88055,"","","","","","","",76590,"","","","","","","",2,73562,9.8,19.7,12.0,48.3,5.9,2.9,40.9,2.9,63.5,58.8,80.9,25.4,83.0,26.8
"A1034","San Bernardino","Hesperia, Apple Valley","https://www.californiahealthmaps.org?address=A1034","Female","Liver",185370,8.7,4.9,14.6,87785,"","","","","","","",78320,"","","","","","","",2,73562,9.8,19.7,12.0,48.3,5.9,2.9,40.9,2.9,63.5,58.8,80.9,25.4,83.0,26.8
"A1034","San Bernardino","Hesperia, Apple Valley","https://www.californiahealthmaps.org?address=A1034","Male","Pancreas",182440,15.8,9.8,24.9,88055,"","","","","","","",76590,"","","","","","","",2,73562,9.8,19.7,12.0,48.3,5.9,2.9,40.9,2.9,63.5,58.8,80.9,25.4,83.0,26.8
"A1034","San Bernardino","Hesperia, Apple Valley","https://www.californiahealthmaps.org?address=A1034","Female","Pancreas",185370,9.3,5.1,15.7,87785,"","","","","","","",78320,"","","","","","","",2,73562,9.8,19.7,12.0,48.3,5.9,2.9,40.9,2.9,63.5,58.8,80.9,25.4,83.0,26.8
"A1034","San Bernardino","Hesperia, Apple Valley","https://www.californiahealthmaps.org?address=A1034","Both","AllSite",367810,478.1,454.0,503.4,175840,496.2,465.8,528.5,18720,596.2,467.8,758.0,154910,423.3,377.1,474.8,"","","","",2,73562,9.8,19.7,12.0,48.3,5.9,2.9,40.9,2.9,63.5,58.8,80.9,25.4,83.0,26.8
"A1034","San Bernardino","Hesperia, Apple Valley","https://www.californiahealthmaps.org?address=A1034","Both","Lung",367810,59.5,51.0,69.2,175840,74.0,62.6,87.2,18720,"","","",154910,"","","","","","","",2,73562,9.8,19.7,12.0,48.3,5.9,2.9,40.9,2.9,63.5,58.8,80.9,25.4,83.0,26.8
"A1034","San Bernardino","Hesperia, Apple Valley","https://www.californiahealthmaps.org?address=A1034","Both","CRC",367810,45.7,38.5,54.1,175840,46.1,37.2,56.9,18720,"","","",154910,38.0,26.1,55.7,"","","","",2,73562,9.8,19.7,12.0,48.3,5.9,2.9,40.9,2.9,63.5,58.8,80.9,25.4,83.0,26.8
"A1034","San Bernardino","Hesperia, Apple Valley","https://www.californiahealthmaps.org?address=A1034","Both","Mela",367810,21.8,17.0,27.7,175840,32.4,24.9,41.8,18720,"","","",154910,"","","","","","","",2,73562,9.8,19.7,12.0,48.3,5.9,2.9,40.9,2.9,63.5,58.8,80.9,25.4,83.0,26.8
"A1034","San Bernardino","Hesperia, Apple Valley","https://www.californiahealthmaps.org?address=A1034","Both","Lymph",367810,14.1,10.3,19.0,175840,12.6,8.3,18.8,18720,"","","",154910,"","","","","","","",2,73562,9.8,19.7,12.0,48.3,5.9,2.9,40.9,2.9,63.5,58.8,80.9,25.4,83.0,26.8
"A1034","San Bernardino","Hesperia, Apple Valley","https://www.californiahealthmaps.org?address=A1034","Both","Urinary",367810,16.0,11.7,21.5,175840,18.3,12.8,25.8,18720,"","","",154910,"","","","","","","",2,73562,9.8,19.7,12.0,48.3,5.9,2.9,40.9,2.9,63.5,58.8,80.9,25.4,83.0,26.8
"A1034","San Bernardino","Hesperia, Apple Valley","https://www.californiahealthmaps.org?address=A1034","Both","Kidney",367810,22.6,17.6,28.8,175840,21.5,15.7,29.3,18720,"","","",154910,24.6,14.5,41.1,"","","","",2,73562,9.8,19.7,12.0,48.3,5.9,2.9,40.9,2.9,63.5,58.8,80.9,25.4,83.0,26.8
"A1034","San Bernardino","Hesperia, Apple Valley","https://www.californiahealthmaps.org?address=A1034","Both","Thyroid",367810,14.3,10.4,19.3,175840,13.6,8.8,20.5,18720,"","","",154910,13.0,7.0,25.2,"","","","",2,73562,9.8,19.7,12.0,48.3,5.9,2.9,40.9,2.9,63.5,58.8,80.9,25.4,83.0,26.8
"A1034","San Bernardino","Hesperia, Apple Valley","https://www.californiahealthmaps.org?address=A1034","Both","Liver",367810,13.1,9.5,17.8,175840,8.4,5.0,13.9,18720,"","","",154910,23.1,13.6,38.8,"","","","",2,73562,9.8,19.7,12.0,48.3,5.9,2.9,40.9,2.9,63.5,58.8,80.9,25.4,83.0,26.8
"A1034","San Bernardino","Hesperia, Apple Valley","https://www.californiahealthmaps.org?address=A1034","Both","Pancreas",367810,12.3,8.6,17.2,175840,12.5,8.0,19.0,18720,"","","",154910,"","","","","","","",2,73562,9.8,19.7,12.0,48.3,5.9,2.9,40.9,2.9,63.5,58.8,80.9,25.4,83.0,26.8
