"Zone","Counties","Cities","URL","Sex","Cancer","PopTot","AAIR","LCI","UCI","White_PopTot","White_AAIR","White_LCI","White_UCI","Black_PopTot","Black_AAIR","Black_LCI","Black_UCI","Hispanic_PopTot","Hispanic_AAIR","Hispanic_LCI","Hispanic_UCI","Asian_PopTot","Asian_AAIR","Asian_LCI","Asian_UCI","QNSES","PopAll","PerRural","PerUninsured","PerForeignBorn","PerWhite","PerBlack","PerAsian","PerHispanic"
"A0299","San Diego","El Cajon, San Diego, Santee","https://www.californiahealthmaps.org?address=A0299","Male","AllSite",150335,502.7,468.4,539.0,106995,519.4,481.2,560.5,"","","","",24475,414.3,294.7,583.8,"","","","",4,61754,0.0,10.9,11.9,68.3,3.6,5.4,17.2
"A0299","San Diego","El Cajon, San Diego, Santee","https://www.californiahealthmaps.org?address=A0299","Female","AllSite",158435,449.8,420.5,481.1,111260,466.1,432.1,503.1,"","","","",26880,415.3,326.8,523.7,"","","","",4,61754,0.0,10.9,11.9,68.3,3.6,5.4,17.2
"A0299","San Diego","El Cajon, San Diego, Santee","https://www.californiahealthmaps.org?address=A0299","Male","Prostate",150335,105.2,90.1,122.4,106995,106.4,90.0,125.7,"","","","",24475,"","","","","","","",4,61754,0.0,10.9,11.9,68.3,3.6,5.4,17.2
"A0299","San Diego","El Cajon, San Diego, Santee","https://www.californiahealthmaps.org?address=A0299","Female","Breast",158435,143.3,126.8,161.7,111260,148.0,129.2,169.9,"","","","",26880,110.9,69.0,173.5,"","","","",4,61754,0.0,10.9,11.9,68.3,3.6,5.4,17.2
"A0299","San Diego","El Cajon, San Diego, Santee","https://www.californiahealthmaps.org?address=A0299","Male","Lung",150335,54.8,43.9,67.9,106995,54.3,42.6,69.0,"","","","",24475,"","","","","","","",4,61754,0.0,10.9,11.9,68.3,3.6,5.4,17.2
"A0299","San Diego","El Cajon, San Diego, Santee","https://www.californiahealthmaps.org?address=A0299","Female","Lung",158435,52.7,43.2,64.1,111260,57.3,46.4,71.3,"","","","",26880,"","","","","","","",4,61754,0.0,10.9,11.9,68.3,3.6,5.4,17.2
"A0299","San Diego","El Cajon, San Diego, Santee","https://www.californiahealthmaps.org?address=A0299","Male","CRC",150335,48.8,38.6,61.1,106995,49.6,38.3,64.1,"","","","",24475,"","","","","","","",4,61754,0.0,10.9,11.9,68.3,3.6,5.4,17.2
"A0299","San Diego","El Cajon, San Diego, Santee","https://www.californiahealthmaps.org?address=A0299","Female","CRC",158435,37.5,29.5,47.5,111260,39.7,30.4,52.2,"","","","",26880,"","","","","","","",4,61754,0.0,10.9,11.9,68.3,3.6,5.4,17.2
"A0299","San Diego","El Cajon, San Diego, Santee","https://www.californiahealthmaps.org?address=A0299","Male","Mela",150335,36.3,27.6,47.0,106995,40.9,30.8,54.1,"","","","",24475,"","","","","","","",4,61754,0.0,10.9,11.9,68.3,3.6,5.4,17.2
"A0299","San Diego","El Cajon, San Diego, Santee","https://www.californiahealthmaps.org?address=A0299","Female","Mela",158435,25.4,18.6,34.3,111260,30.2,21.4,42.6,"","","","",26880,"","","","","","","",4,61754,0.0,10.9,11.9,68.3,3.6,5.4,17.2
"A0299","San Diego","El Cajon, San Diego, Santee","https://www.californiahealthmaps.org?address=A0299","Female","Uterine",158435,28.2,21.4,36.9,111260,23.5,16.7,33.6,"","","","",26880,"","","","","","","",4,61754,0.0,10.9,11.9,68.3,3.6,5.4,17.2
"A0299","San Diego","El Cajon, San Diego, Santee","https://www.californiahealthmaps.org?address=A0299","Male","Lymph",150335,21.5,14.8,30.4,106995,24.2,16.3,35.3,"","","","",24475,"","","","","","","",4,61754,0.0,10.9,11.9,68.3,3.6,5.4,17.2
"A0299","San Diego","El Cajon, San Diego, Santee","https://www.californiahealthmaps.org?address=A0299","Female","Lymph",158435,15.4,10.3,22.5,111260,17.7,11.5,27.4,"","","","",26880,"","","","","","","",4,61754,0.0,10.9,11.9,68.3,3.6,5.4,17.2
"A0299","San Diego","El Cajon, San Diego, Santee","https://www.californiahealthmaps.org?address=A0299","Male","Urinary",150335,21.4,14.7,30.2,106995,23.2,15.8,33.8,"","","","",24475,"","","","","","","",4,61754,0.0,10.9,11.9,68.3,3.6,5.4,17.2
"A0299","San Diego","El Cajon, San Diego, Santee","https://www.californiahealthmaps.org?address=A0299","Female","Urinary",158435,5.3,2.6,10.1,111260,"","","","","","","",26880,"","","","","","","",4,61754,0.0,10.9,11.9,68.3,3.6,5.4,17.2
"A0299","San Diego","El Cajon, San Diego, Santee","https://www.californiahealthmaps.org?address=A0299","Male","Kidney",150335,24.5,17.4,33.9,106995,26.0,17.9,37.3,"","","","",24475,"","","","","","","",4,61754,0.0,10.9,11.9,68.3,3.6,5.4,17.2
"A0299","San Diego","El Cajon, San Diego, Santee","https://www.californiahealthmaps.org?address=A0299","Female","Kidney",158435,12.0,7.8,18.4,111260,10.5,6.2,18.5,"","","","",26880,"","","","","","","",4,61754,0.0,10.9,11.9,68.3,3.6,5.4,17.2
"A0299","San Diego","El Cajon, San Diego, Santee","https://www.californiahealthmaps.org?address=A0299","Male","Thyroid",150335,3.9,1.4,8.8,106995,"","","","","","","",24475,"","","","","","","",4,61754,0.0,10.9,11.9,68.3,3.6,5.4,17.2
"A0299","San Diego","El Cajon, San Diego, Santee","https://www.californiahealthmaps.org?address=A0299","Female","Thyroid",158435,21.8,15.3,30.5,111260,23.6,15.6,35.4,"","","","",26880,"","","","","","","",4,61754,0.0,10.9,11.9,68.3,3.6,5.4,17.2
"A0299","San Diego","El Cajon, San Diego, Santee","https://www.californiahealthmaps.org?address=A0299","Both","AllSite",308770,470.5,448.3,493.7,218255,487.3,462.0,514.0,"","","","",51355,399.8,331.3,479.9,17855,407.4,312.7,531.7,4,61754,0.0,10.9,11.9,68.3,3.6,5.4,17.2
"A0299","San Diego","El Cajon, San Diego, Santee","https://www.californiahealthmaps.org?address=A0299","Both","Lung",308770,53.5,46.3,61.7,218255,55.7,47.7,65.2,"","","","",51355,"","","",17855,"","","",4,61754,0.0,10.9,11.9,68.3,3.6,5.4,17.2
"A0299","San Diego","El Cajon, San Diego, Santee","https://www.californiahealthmaps.org?address=A0299","Both","CRC",308770,43.0,36.5,50.5,218255,44.7,37.2,53.6,"","","","",51355,"","","",17855,"","","",4,61754,0.0,10.9,11.9,68.3,3.6,5.4,17.2
"A0299","San Diego","El Cajon, San Diego, Santee","https://www.californiahealthmaps.org?address=A0299","Both","Mela",308770,30.2,24.7,36.6,218255,34.9,28.2,43.1,"","","","",51355,"","","",17855,"","","",4,61754,0.0,10.9,11.9,68.3,3.6,5.4,17.2
"A0299","San Diego","El Cajon, San Diego, Santee","https://www.californiahealthmaps.org?address=A0299","Both","Lymph",308770,17.8,13.7,23.0,218255,20.3,15.4,26.9,"","","","",51355,"","","",17855,"","","",4,61754,0.0,10.9,11.9,68.3,3.6,5.4,17.2
"A0299","San Diego","El Cajon, San Diego, Santee","https://www.californiahealthmaps.org?address=A0299","Both","Urinary",308770,12.2,8.9,16.6,218255,12.7,9.1,17.9,"","","","",51355,"","","",17855,"","","",4,61754,0.0,10.9,11.9,68.3,3.6,5.4,17.2
"A0299","San Diego","El Cajon, San Diego, Santee","https://www.californiahealthmaps.org?address=A0299","Both","Kidney",308770,17.6,13.5,22.7,218255,17.5,13.0,23.6,"","","","",51355,"","","",17855,"","","",4,61754,0.0,10.9,11.9,68.3,3.6,5.4,17.2
"A0299","San Diego","El Cajon, San Diego, Santee","https://www.californiahealthmaps.org?address=A0299","Both","Thyroid",308770,13.0,9.4,17.7,218255,13.1,8.9,19.1,"","","","",51355,"","","",17855,"","","",4,61754,0.0,10.9,11.9,68.3,3.6,5.4,17.2
