"Zone","Counties","Cities","URL","Sex","Cancer","PopTot","AAIR","LCI","UCI","White_PopTot","White_AAIR","White_LCI","White_UCI","Black_PopTot","Black_AAIR","Black_LCI","Black_UCI","Hispanic_PopTot","Hispanic_AAIR","Hispanic_LCI","Hispanic_UCI","Asian_PopTot","Asian_AAIR","Asian_LCI","Asian_UCI","QNSES","PopAll","PerRural","PerUninsured","PerForeignBorn","PerWhite","PerBlack","PerAsian","PerHispanic","PerAPI","PerDocvisit","PerFOBT","PerMammo","PerMenPrev","PerPap","PerWomenPrev"
"A0980","San Bernardino","Rialto, San Bernardino, Fontana","https://www.californiahealthmaps.org?address=A0980","Male","AllSite",135230,581.5,521.7,648.7,39040,597.2,507.5,703.8,21345,596.6,453.0,817.9,59905,565.4,453.3,708.2,10710,617.8,381.0,971.0,3,54397,2.6,14.4,17.1,28.3,14.1,8.8,44.9,8.8,63.2,61.0,82.6,26.8,83.8,29.6
"A0980","San Bernardino","Rialto, San Bernardino, Fontana","https://www.californiahealthmaps.org?address=A0980","Female","AllSite",136755,482.6,435.5,534.3,37170,523.5,443.1,615.9,23795,584.7,451.3,755.2,60385,430.1,355.1,521.0,10970,458.7,320.6,647.6,3,54397,2.6,14.4,17.1,28.3,14.1,8.8,44.9,8.8,63.2,61.0,82.6,26.8,83.8,29.6
"A0980","San Bernardino","Rialto, San Bernardino, Fontana","https://www.californiahealthmaps.org?address=A0980","Male","Prostate",135230,134.8,108.5,168.7,39040,100.5,68.0,151.1,21345,198.6,129.8,356.3,59905,107.5,66.5,182.4,10710,"","","",3,54397,2.6,14.4,17.1,28.3,14.1,8.8,44.9,8.8,63.2,61.0,82.6,26.8,83.8,29.6
"A0980","San Bernardino","Rialto, San Bernardino, Fontana","https://www.californiahealthmaps.org?address=A0980","Female","Breast",136755,129.5,107.5,155.9,37170,140.2,102.0,190.2,23795,143.2,83.8,242.5,60385,118.2,84.8,167.4,10970,141.0,77.1,256.5,3,54397,2.6,14.4,17.1,28.3,14.1,8.8,44.9,8.8,63.2,61.0,82.6,26.8,83.8,29.6
"A0980","San Bernardino","Rialto, San Bernardino, Fontana","https://www.californiahealthmaps.org?address=A0980","Male","Lung",135230,48.6,31.2,75.0,39040,62.9,33.9,112.9,21345,"","","",59905,"","","",10710,"","","",3,54397,2.6,14.4,17.1,28.3,14.1,8.8,44.9,8.8,63.2,61.0,82.6,26.8,83.8,29.6
"A0980","San Bernardino","Rialto, San Bernardino, Fontana","https://www.californiahealthmaps.org?address=A0980","Female","Lung",136755,50.1,34.8,70.8,37170,57.4,31.9,96.4,23795,"","","",60385,"","","",10970,"","","",3,54397,2.6,14.4,17.1,28.3,14.1,8.8,44.9,8.8,63.2,61.0,82.6,26.8,83.8,29.6
"A0980","San Bernardino","Rialto, San Bernardino, Fontana","https://www.californiahealthmaps.org?address=A0980","Male","CRC",135230,68.1,50.1,94.1,39040,71.8,44.0,118.7,21345,"","","",59905,58.6,30.1,123.7,10710,"","","",3,54397,2.6,14.4,17.1,28.3,14.1,8.8,44.9,8.8,63.2,61.0,82.6,26.8,83.8,29.6
"A0980","San Bernardino","Rialto, San Bernardino, Fontana","https://www.californiahealthmaps.org?address=A0980","Female","CRC",136755,60.9,44.4,82.5,37170,47.8,26.2,82.6,23795,110.6,55.0,209.8,60385,45.0,23.2,85.6,10970,"","","",3,54397,2.6,14.4,17.1,28.3,14.1,8.8,44.9,8.8,63.2,61.0,82.6,26.8,83.8,29.6
"A0980","San Bernardino","Rialto, San Bernardino, Fontana","https://www.californiahealthmaps.org?address=A0980","Male","Mela",135230,19.9,11.6,37.1,39040,43.5,24.8,81.6,21345,"","","",59905,"","","",10710,"","","",3,54397,2.6,14.4,17.1,28.3,14.1,8.8,44.9,8.8,63.2,61.0,82.6,26.8,83.8,29.6
"A0980","San Bernardino","Rialto, San Bernardino, Fontana","https://www.californiahealthmaps.org?address=A0980","Female","Mela",136755,"","","",37170,"","","",23795,"","","",60385,"","","",10970,"","","",3,54397,2.6,14.4,17.1,28.3,14.1,8.8,44.9,8.8,63.2,61.0,82.6,26.8,83.8,29.6
"A0980","San Bernardino","Rialto, San Bernardino, Fontana","https://www.californiahealthmaps.org?address=A0980","Female","Uterine",136755,30.1,19.5,45.8,37170,49.0,26.4,85.2,23795,"","","",60385,"","","",10970,"","","",3,54397,2.6,14.4,17.1,28.3,14.1,8.8,44.9,8.8,63.2,61.0,82.6,26.8,83.8,29.6
"A0980","San Bernardino","Rialto, San Bernardino, Fontana","https://www.californiahealthmaps.org?address=A0980","Male","Lymph",135230,27.4,15.7,48.4,39040,"","","",21345,"","","",59905,"","","",10710,"","","",3,54397,2.6,14.4,17.1,28.3,14.1,8.8,44.9,8.8,63.2,61.0,82.6,26.8,83.8,29.6
"A0980","San Bernardino","Rialto, San Bernardino, Fontana","https://www.californiahealthmaps.org?address=A0980","Female","Lymph",136755,"","","",37170,"","","",23795,"","","",60385,"","","",10970,"","","",3,54397,2.6,14.4,17.1,28.3,14.1,8.8,44.9,8.8,63.2,61.0,82.6,26.8,83.8,29.6
"A0980","San Bernardino","Rialto, San Bernardino, Fontana","https://www.californiahealthmaps.org?address=A0980","Male","Urinary",135230,34.0,18.6,59.3,39040,"","","",21345,"","","",59905,"","","",10710,"","","",3,54397,2.6,14.4,17.1,28.3,14.1,8.8,44.9,8.8,63.2,61.0,82.6,26.8,83.8,29.6
"A0980","San Bernardino","Rialto, San Bernardino, Fontana","https://www.californiahealthmaps.org?address=A0980","Female","Urinary",136755,"","","",37170,"","","",23795,"","","",60385,"","","",10970,"","","",3,54397,2.6,14.4,17.1,28.3,14.1,8.8,44.9,8.8,63.2,61.0,82.6,26.8,83.8,29.6
"A0980","San Bernardino","Rialto, San Bernardino, Fontana","https://www.californiahealthmaps.org?address=A0980","Male","Kidney",135230,32.0,20.5,52.0,39040,"","","",21345,"","","",59905,"","","",10710,"","","",3,54397,2.6,14.4,17.1,28.3,14.1,8.8,44.9,8.8,63.2,61.0,82.6,26.8,83.8,29.6
"A0980","San Bernardino","Rialto, San Bernardino, Fontana","https://www.californiahealthmaps.org?address=A0980","Female","Kidney",136755,16.7,9.2,29.2,37170,"","","",23795,"","","",60385,"","","",10970,"","","",3,54397,2.6,14.4,17.1,28.3,14.1,8.8,44.9,8.8,63.2,61.0,82.6,26.8,83.8,29.6
"A0980","San Bernardino","Rialto, San Bernardino, Fontana","https://www.californiahealthmaps.org?address=A0980","Male","Thyroid",135230,"","","",39040,"","","",21345,"","","",59905,"","","",10710,"","","",3,54397,2.6,14.4,17.1,28.3,14.1,8.8,44.9,8.8,63.2,61.0,82.6,26.8,83.8,29.6
"A0980","San Bernardino","Rialto, San Bernardino, Fontana","https://www.californiahealthmaps.org?address=A0980","Female","Thyroid",136755,23.5,16.1,35.3,37170,"","","",23795,"","","",60385,25.0,13.3,55.0,10970,"","","",3,54397,2.6,14.4,17.1,28.3,14.1,8.8,44.9,8.8,63.2,61.0,82.6,26.8,83.8,29.6
"A0980","San Bernardino","Rialto, San Bernardino, Fontana","https://www.californiahealthmaps.org?address=A0980","Male","Liver",135230,"","","",39040,"","","",21345,"","","",59905,"","","",10710,"","","",3,54397,2.6,14.4,17.1,28.3,14.1,8.8,44.9,8.8,63.2,61.0,82.6,26.8,83.8,29.6
"A0980","San Bernardino","Rialto, San Bernardino, Fontana","https://www.californiahealthmaps.org?address=A0980","Female","Liver",136755,"","","",37170,"","","",23795,"","","",60385,"","","",10970,"","","",3,54397,2.6,14.4,17.1,28.3,14.1,8.8,44.9,8.8,63.2,61.0,82.6,26.8,83.8,29.6
"A0980","San Bernardino","Rialto, San Bernardino, Fontana","https://www.californiahealthmaps.org?address=A0980","Male","Pancreas",135230,"","","",39040,"","","",21345,"","","",59905,"","","",10710,"","","",3,54397,2.6,14.4,17.1,28.3,14.1,8.8,44.9,8.8,63.2,61.0,82.6,26.8,83.8,29.6
"A0980","San Bernardino","Rialto, San Bernardino, Fontana","https://www.californiahealthmaps.org?address=A0980","Female","Pancreas",136755,"","","",37170,"","","",23795,"","","",60385,"","","",10970,"","","",3,54397,2.6,14.4,17.1,28.3,14.1,8.8,44.9,8.8,63.2,61.0,82.6,26.8,83.8,29.6
"A0980","San Bernardino","Rialto, San Bernardino, Fontana","https://www.californiahealthmaps.org?address=A0980","Both","AllSite",271985,527.1,489.5,567.4,76210,567.0,505.5,635.1,45140,595.1,493.6,719.9,120290,482.0,417.9,556.1,21680,496.8,375.4,652.1,3,54397,2.6,14.4,17.1,28.3,14.1,8.8,44.9,8.8,63.2,61.0,82.6,26.8,83.8,29.6
"A0980","San Bernardino","Rialto, San Bernardino, Fontana","https://www.californiahealthmaps.org?address=A0980","Both","Lung",271985,49.8,37.8,65.1,76210,60.4,40.1,88.3,45140,"","","",120290,40.8,21.9,72.7,21680,"","","",3,54397,2.6,14.4,17.1,28.3,14.1,8.8,44.9,8.8,63.2,61.0,82.6,26.8,83.8,29.6
"A0980","San Bernardino","Rialto, San Bernardino, Fontana","https://www.californiahealthmaps.org?address=A0980","Both","CRC",271985,65.8,52.9,81.7,76210,61.5,42.6,87.6,45140,99.2,59.2,166.6,120290,51.1,32.5,81.1,21680,"","","",3,54397,2.6,14.4,17.1,28.3,14.1,8.8,44.9,8.8,63.2,61.0,82.6,26.8,83.8,29.6
"A0980","San Bernardino","Rialto, San Bernardino, Fontana","https://www.californiahealthmaps.org?address=A0980","Both","Mela",271985,17.8,11.8,26.9,76210,42.3,27.6,64.0,45140,"","","",120290,"","","",21680,"","","",3,54397,2.6,14.4,17.1,28.3,14.1,8.8,44.9,8.8,63.2,61.0,82.6,26.8,83.8,29.6
"A0980","San Bernardino","Rialto, San Bernardino, Fontana","https://www.californiahealthmaps.org?address=A0980","Both","Lymph",271985,18.0,11.8,27.3,76210,"","","",45140,"","","",120290,"","","",21680,"","","",3,54397,2.6,14.4,17.1,28.3,14.1,8.8,44.9,8.8,63.2,61.0,82.6,26.8,83.8,29.6
"A0980","San Bernardino","Rialto, San Bernardino, Fontana","https://www.californiahealthmaps.org?address=A0980","Both","Urinary",271985,21.8,13.8,33.3,76210,"","","",45140,"","","",120290,"","","",21680,"","","",3,54397,2.6,14.4,17.1,28.3,14.1,8.8,44.9,8.8,63.2,61.0,82.6,26.8,83.8,29.6
"A0980","San Bernardino","Rialto, San Bernardino, Fontana","https://www.californiahealthmaps.org?address=A0980","Both","Kidney",271985,23.9,17.0,33.8,76210,"","","",45140,"","","",120290,33.8,19.8,59.5,21680,"","","",3,54397,2.6,14.4,17.1,28.3,14.1,8.8,44.9,8.8,63.2,61.0,82.6,26.8,83.8,29.6
"A0980","San Bernardino","Rialto, San Bernardino, Fontana","https://www.californiahealthmaps.org?address=A0980","Both","Thyroid",271985,16.3,11.4,24.0,76210,"","","",45140,"","","",120290,16.6,9.6,35.7,21680,"","","",3,54397,2.6,14.4,17.1,28.3,14.1,8.8,44.9,8.8,63.2,61.0,82.6,26.8,83.8,29.6
"A0980","San Bernardino","Rialto, San Bernardino, Fontana","https://www.californiahealthmaps.org?address=A0980","Both","Liver",271985,16.7,10.0,26.9,76210,"","","",45140,"","","",120290,"","","",21680,"","","",3,54397,2.6,14.4,17.1,28.3,14.1,8.8,44.9,8.8,63.2,61.0,82.6,26.8,83.8,29.6
"A0980","San Bernardino","Rialto, San Bernardino, Fontana","https://www.californiahealthmaps.org?address=A0980","Both","Pancreas",271985,16.8,9.8,27.4,76210,"","","",45140,"","","",120290,"","","",21680,"","","",3,54397,2.6,14.4,17.1,28.3,14.1,8.8,44.9,8.8,63.2,61.0,82.6,26.8,83.8,29.6
