"Zone","Counties","Cities","URL","Sex","Cancer","PopTot","AAIR","LCI","UCI","White_PopTot","White_AAIR","White_LCI","White_UCI","Black_PopTot","Black_AAIR","Black_LCI","Black_UCI","Hispanic_PopTot","Hispanic_AAIR","Hispanic_LCI","Hispanic_UCI","Asian_PopTot","Asian_AAIR","Asian_LCI","Asian_UCI","QNSES","PopAll","PerRural","PerUninsured","PerForeignBorn","PerWhite","PerBlack","PerAsian","PerHispanic","PerAPI","PerDocvisit","PerFOBT","PerMammo","PerMenPrev","PerPap","PerWomenPrev"
"A0517","Tulare","Visalia","https://www.californiahealthmaps.org?address=A0517","Male","AllSite",147895,443.5,403.7,486.7,50840,472.8,417.3,534.6,"","","","",84230,379.9,320.6,451.3,"","","","",2,59297,24.6,22.0,20.3,35.6,0.5,5.6,56.2,5.6,"","","","","",""
"A0517","Tulare","Visalia","https://www.californiahealthmaps.org?address=A0517","Female","AllSite",148590,389.2,354.7,426.4,52665,397.4,349.0,451.9,"","","","",82880,369.3,315.3,431.8,"","","","",2,59297,24.6,22.0,20.3,35.6,0.5,5.6,56.2,5.6,"","","","","",""
"A0517","Tulare","Visalia","https://www.californiahealthmaps.org?address=A0517","Male","Prostate",147895,91.8,74.6,112.6,50840,82.6,61.2,110.4,"","","","",84230,96.9,69.2,137.8,"","","","",2,59297,24.6,22.0,20.3,35.6,0.5,5.6,56.2,5.6,"","","","","",""
"A0517","Tulare","Visalia","https://www.californiahealthmaps.org?address=A0517","Female","Breast",148590,118.6,100.2,139.9,52665,138.2,110.4,172.1,"","","","",82880,100.8,74.3,136.1,"","","","",2,59297,24.6,22.0,20.3,35.6,0.5,5.6,56.2,5.6,"","","","","",""
"A0517","Tulare","Visalia","https://www.californiahealthmaps.org?address=A0517","Male","Lung",147895,46.5,33.8,63.0,50840,57.6,39.5,82.4,"","","","",84230,"","","","","","","",2,59297,24.6,22.0,20.3,35.6,0.5,5.6,56.2,5.6,"","","","","",""
"A0517","Tulare","Visalia","https://www.californiahealthmaps.org?address=A0517","Female","Lung",148590,29.2,20.1,41.4,52665,32.0,19.8,50.8,"","","","",82880,"","","","","","","",2,59297,24.6,22.0,20.3,35.6,0.5,5.6,56.2,5.6,"","","","","",""
"A0517","Tulare","Visalia","https://www.californiahealthmaps.org?address=A0517","Male","CRC",147895,51.9,38.6,69.1,50840,49.2,32.7,72.4,"","","","",84230,55.2,32.1,93.5,"","","","",2,59297,24.6,22.0,20.3,35.6,0.5,5.6,56.2,5.6,"","","","","",""
"A0517","Tulare","Visalia","https://www.californiahealthmaps.org?address=A0517","Female","CRC",148590,31.0,21.7,43.4,52665,29.5,17.0,49.0,"","","","",82880,"","","","","","","",2,59297,24.6,22.0,20.3,35.6,0.5,5.6,56.2,5.6,"","","","","",""
"A0517","Tulare","Visalia","https://www.californiahealthmaps.org?address=A0517","Male","Mela",147895,21.9,13.8,34.0,50840,34.3,20.7,54.9,"","","","",84230,"","","","","","","",2,59297,24.6,22.0,20.3,35.6,0.5,5.6,56.2,5.6,"","","","","",""
"A0517","Tulare","Visalia","https://www.californiahealthmaps.org?address=A0517","Female","Mela",148590,16.5,10.3,25.5,52665,"","","","","","","",82880,"","","","","","","",2,59297,24.6,22.0,20.3,35.6,0.5,5.6,56.2,5.6,"","","","","",""
"A0517","Tulare","Visalia","https://www.californiahealthmaps.org?address=A0517","Female","Uterine",148590,20.3,13.4,30.1,52665,"","","","","","","",82880,"","","","","","","",2,59297,24.6,22.0,20.3,35.6,0.5,5.6,56.2,5.6,"","","","","",""
"A0517","Tulare","Visalia","https://www.californiahealthmaps.org?address=A0517","Male","Lymph",147895,28.5,19.4,41.3,50840,30.6,17.7,50.7,"","","","",84230,"","","","","","","",2,59297,24.6,22.0,20.3,35.6,0.5,5.6,56.2,5.6,"","","","","",""
"A0517","Tulare","Visalia","https://www.californiahealthmaps.org?address=A0517","Female","Lymph",148590,17.4,10.4,27.8,52665,"","","","","","","",82880,"","","","","","","",2,59297,24.6,22.0,20.3,35.6,0.5,5.6,56.2,5.6,"","","","","",""
"A0517","Tulare","Visalia","https://www.californiahealthmaps.org?address=A0517","Male","Urinary",147895,"","","",50840,"","","","","","","",84230,"","","","","","","",2,59297,24.6,22.0,20.3,35.6,0.5,5.6,56.2,5.6,"","","","","",""
"A0517","Tulare","Visalia","https://www.californiahealthmaps.org?address=A0517","Female","Urinary",148590,"","","",52665,"","","","","","","",82880,"","","","","","","",2,59297,24.6,22.0,20.3,35.6,0.5,5.6,56.2,5.6,"","","","","",""
"A0517","Tulare","Visalia","https://www.californiahealthmaps.org?address=A0517","Male","Kidney",147895,24.2,15.8,36.4,50840,29.1,16.6,48.7,"","","","",84230,"","","","","","","",2,59297,24.6,22.0,20.3,35.6,0.5,5.6,56.2,5.6,"","","","","",""
"A0517","Tulare","Visalia","https://www.californiahealthmaps.org?address=A0517","Female","Kidney",148590,17.1,10.7,26.4,52665,"","","","","","","",82880,"","","","","","","",2,59297,24.6,22.0,20.3,35.6,0.5,5.6,56.2,5.6,"","","","","",""
"A0517","Tulare","Visalia","https://www.californiahealthmaps.org?address=A0517","Male","Thyroid",147895,"","","",50840,"","","","","","","",84230,"","","","","","","",2,59297,24.6,22.0,20.3,35.6,0.5,5.6,56.2,5.6,"","","","","",""
"A0517","Tulare","Visalia","https://www.californiahealthmaps.org?address=A0517","Female","Thyroid",148590,26.1,18.1,37.0,52665,"","","","","","","",82880,27.7,15.9,48.8,"","","","",2,59297,24.6,22.0,20.3,35.6,0.5,5.6,56.2,5.6,"","","","","",""
"A0517","Tulare","Visalia","https://www.californiahealthmaps.org?address=A0517","Male","Liver",147895,18.0,10.8,29.2,50840,"","","","","","","",84230,28.2,15.3,56.0,"","","","",2,59297,24.6,22.0,20.3,35.6,0.5,5.6,56.2,5.6,"","","","","",""
"A0517","Tulare","Visalia","https://www.californiahealthmaps.org?address=A0517","Female","Liver",148590,"","","",52665,"","","","","","","",82880,"","","","","","","",2,59297,24.6,22.0,20.3,35.6,0.5,5.6,56.2,5.6,"","","","","",""
"A0517","Tulare","Visalia","https://www.californiahealthmaps.org?address=A0517","Male","Pancreas",147895,"","","",50840,"","","","","","","",84230,"","","","","","","",2,59297,24.6,22.0,20.3,35.6,0.5,5.6,56.2,5.6,"","","","","",""
"A0517","Tulare","Visalia","https://www.californiahealthmaps.org?address=A0517","Female","Pancreas",148590,"","","",52665,"","","","","","","",82880,"","","","","","","",2,59297,24.6,22.0,20.3,35.6,0.5,5.6,56.2,5.6,"","","","","",""
"A0517","Tulare","Visalia","https://www.californiahealthmaps.org?address=A0517","Both","AllSite",296485,413.7,387.6,441.4,103505,430.5,393.9,470.1,"","","","",167110,375.9,335.5,421.2,16095,213.1,136.7,324.6,2,59297,24.6,22.0,20.3,35.6,0.5,5.6,56.2,5.6,"","","","","",""
"A0517","Tulare","Visalia","https://www.californiahealthmaps.org?address=A0517","Both","Lung",296485,37.2,29.4,46.6,103505,43.8,32.9,57.9,"","","","",167110,26.3,15.7,42.9,16095,"","","",2,59297,24.6,22.0,20.3,35.6,0.5,5.6,56.2,5.6,"","","","","",""
"A0517","Tulare","Visalia","https://www.californiahealthmaps.org?address=A0517","Both","CRC",296485,40.6,32.5,50.2,103505,38.6,28.1,52.3,"","","","",167110,41.5,27.8,60.8,16095,"","","",2,59297,24.6,22.0,20.3,35.6,0.5,5.6,56.2,5.6,"","","","","",""
"A0517","Tulare","Visalia","https://www.californiahealthmaps.org?address=A0517","Both","Mela",296485,18.8,13.7,25.4,103505,26.2,18.0,37.7,"","","","",167110,"","","",16095,"","","",2,59297,24.6,22.0,20.3,35.6,0.5,5.6,56.2,5.6,"","","","","",""
"A0517","Tulare","Visalia","https://www.californiahealthmaps.org?address=A0517","Both","Lymph",296485,23.0,17.0,30.5,103505,22.7,14.7,34.1,"","","","",167110,21.2,12.7,35.2,16095,"","","",2,59297,24.6,22.0,20.3,35.6,0.5,5.6,56.2,5.6,"","","","","",""
"A0517","Tulare","Visalia","https://www.californiahealthmaps.org?address=A0517","Both","Urinary",296485,"","","",103505,"","","","","","","",167110,"","","",16095,"","","",2,59297,24.6,22.0,20.3,35.6,0.5,5.6,56.2,5.6,"","","","","",""
"A0517","Tulare","Visalia","https://www.californiahealthmaps.org?address=A0517","Both","Kidney",296485,20.4,15.0,27.2,103505,19.4,12.4,29.8,"","","","",167110,21.0,13.1,34.2,16095,"","","",2,59297,24.6,22.0,20.3,35.6,0.5,5.6,56.2,5.6,"","","","","",""
"A0517","Tulare","Visalia","https://www.californiahealthmaps.org?address=A0517","Both","Thyroid",296485,15.2,10.8,21.2,103505,13.5,7.4,23.1,"","","","",167110,16.2,9.5,28.4,16095,"","","",2,59297,24.6,22.0,20.3,35.6,0.5,5.6,56.2,5.6,"","","","","",""
"A0517","Tulare","Visalia","https://www.californiahealthmaps.org?address=A0517","Both","Liver",296485,11.1,7.1,16.6,103505,"","","","","","","",167110,17.3,9.9,30.3,16095,"","","",2,59297,24.6,22.0,20.3,35.6,0.5,5.6,56.2,5.6,"","","","","",""
"A0517","Tulare","Visalia","https://www.californiahealthmaps.org?address=A0517","Both","Pancreas",296485,11.6,7.3,17.5,103505,11.7,6.5,20.3,"","","","",167110,"","","",16095,"","","",2,59297,24.6,22.0,20.3,35.6,0.5,5.6,56.2,5.6,"","","","","",""
