"Zone","Counties","Cities","URL","Sex","Cancer","PopTot","AAIR","LCI","UCI","White_PopTot","White_AAIR","White_LCI","White_UCI","Black_PopTot","Black_AAIR","Black_LCI","Black_UCI","Hispanic_PopTot","Hispanic_AAIR","Hispanic_LCI","Hispanic_UCI","Asian_PopTot","Asian_AAIR","Asian_LCI","Asian_UCI","QNSES","PopAll","PerRural","PerUninsured","PerForeignBorn","PerWhite","PerBlack","PerAsian","PerHispanic"
"A0077","Orange","Rancho Santa Margarita","https://www.californiahealthmaps.org?address=A0077","Male","AllSite",164505,613.1,561.4,668.9,117945,621.0,562.3,684.9,"","","","",25825,659.7,487.3,883.4,12255,476.1,330.5,679.0,5,67077,5.1,7.0,14.3,71.4,1.2,9.0,15.1
"A0077","Orange","Rancho Santa Margarita","https://www.californiahealthmaps.org?address=A0077","Female","AllSite",170880,492.9,454.6,534.0,120780,514.6,468.7,564.5,"","","","",27310,475.2,366.7,614.2,14490,412.4,311.1,547.1,5,67077,5.1,7.0,14.3,71.4,1.2,9.0,15.1
"A0077","Orange","Rancho Santa Margarita","https://www.californiahealthmaps.org?address=A0077","Male","Prostate",164505,142.8,120.1,169.5,117945,123.7,101.2,151.3,"","","","",25825,225.5,131.0,374.3,12255,"","","",5,67077,5.1,7.0,14.3,71.4,1.2,9.0,15.1
"A0077","Orange","Rancho Santa Margarita","https://www.californiahealthmaps.org?address=A0077","Female","Breast",170880,165.0,143.7,189.1,120780,167.8,142.5,197.2,"","","","",27310,185.8,121.1,282.8,14490,164.2,104.0,260.0,5,67077,5.1,7.0,14.3,71.4,1.2,9.0,15.1
"A0077","Orange","Rancho Santa Margarita","https://www.californiahealthmaps.org?address=A0077","Male","Lung",164505,70.0,51.4,93.7,117945,80.0,57.5,109.0,"","","","",25825,"","","",12255,"","","",5,67077,5.1,7.0,14.3,71.4,1.2,9.0,15.1
"A0077","Orange","Rancho Santa Margarita","https://www.californiahealthmaps.org?address=A0077","Female","Lung",170880,52.8,39.5,69.5,120780,63.7,46.7,85.4,"","","","",27310,"","","",14490,"","","",5,67077,5.1,7.0,14.3,71.4,1.2,9.0,15.1
"A0077","Orange","Rancho Santa Margarita","https://www.californiahealthmaps.org?address=A0077","Male","CRC",164505,51.9,37.7,70.5,117945,47.8,32.4,69.1,"","","","",25825,"","","",12255,"","","",5,67077,5.1,7.0,14.3,71.4,1.2,9.0,15.1
"A0077","Orange","Rancho Santa Margarita","https://www.californiahealthmaps.org?address=A0077","Female","CRC",170880,26.5,18.3,37.7,120780,28.6,18.7,42.8,"","","","",27310,"","","",14490,"","","",5,67077,5.1,7.0,14.3,71.4,1.2,9.0,15.1
"A0077","Orange","Rancho Santa Margarita","https://www.californiahealthmaps.org?address=A0077","Male","Mela",164505,53.2,40.0,70.6,117945,66.9,49.8,89.3,"","","","",25825,"","","",12255,"","","",5,67077,5.1,7.0,14.3,71.4,1.2,9.0,15.1
"A0077","Orange","Rancho Santa Margarita","https://www.californiahealthmaps.org?address=A0077","Female","Mela",170880,28.1,20.6,38.5,120780,32.4,23.2,45.5,"","","","",27310,"","","",14490,"","","",5,67077,5.1,7.0,14.3,71.4,1.2,9.0,15.1
"A0077","Orange","Rancho Santa Margarita","https://www.californiahealthmaps.org?address=A0077","Female","Uterine",170880,28.0,19.7,39.5,120780,24.8,15.9,37.9,"","","","",27310,"","","",14490,"","","",5,67077,5.1,7.0,14.3,71.4,1.2,9.0,15.1
"A0077","Orange","Rancho Santa Margarita","https://www.californiahealthmaps.org?address=A0077","Male","Lymph",164505,38.4,26.4,54.9,117945,40.7,26.6,60.8,"","","","",25825,"","","",12255,"","","",5,67077,5.1,7.0,14.3,71.4,1.2,9.0,15.1
"A0077","Orange","Rancho Santa Margarita","https://www.californiahealthmaps.org?address=A0077","Female","Lymph",170880,18.3,11.1,28.8,120780,19.8,11.1,33.3,"","","","",27310,"","","",14490,"","","",5,67077,5.1,7.0,14.3,71.4,1.2,9.0,15.1
"A0077","Orange","Rancho Santa Margarita","https://www.californiahealthmaps.org?address=A0077","Male","Urinary",164505,11.3,5.0,22.7,117945,"","","","","","","",25825,"","","",12255,"","","",5,67077,5.1,7.0,14.3,71.4,1.2,9.0,15.1
"A0077","Orange","Rancho Santa Margarita","https://www.californiahealthmaps.org?address=A0077","Female","Urinary",170880,4.1,1.2,10.7,120780,"","","","","","","",27310,"","","",14490,"","","",5,67077,5.1,7.0,14.3,71.4,1.2,9.0,15.1
"A0077","Orange","Rancho Santa Margarita","https://www.californiahealthmaps.org?address=A0077","Male","Kidney",164505,33.0,21.7,48.9,117945,38.2,24.4,58.1,"","","","",25825,"","","",12255,"","","",5,67077,5.1,7.0,14.3,71.4,1.2,9.0,15.1
"A0077","Orange","Rancho Santa Margarita","https://www.californiahealthmaps.org?address=A0077","Female","Kidney",170880,7.6,3.7,14.7,120780,"","","","","","","",27310,"","","",14490,"","","",5,67077,5.1,7.0,14.3,71.4,1.2,9.0,15.1
"A0077","Orange","Rancho Santa Margarita","https://www.californiahealthmaps.org?address=A0077","Male","Thyroid",164505,11.9,5.9,22.7,117945,"","","","","","","",25825,"","","",12255,"","","",5,67077,5.1,7.0,14.3,71.4,1.2,9.0,15.1
"A0077","Orange","Rancho Santa Margarita","https://www.californiahealthmaps.org?address=A0077","Female","Thyroid",170880,22.6,16.2,31.7,120780,22.5,15.0,33.9,"","","","",27310,"","","",14490,"","","",5,67077,5.1,7.0,14.3,71.4,1.2,9.0,15.1
"A0077","Orange","Rancho Santa Margarita","https://www.californiahealthmaps.org?address=A0077","Both","AllSite",335385,543.1,512.1,575.9,238725,561.5,525.0,600.1,"","","","",53135,529.5,436.3,641.1,26745,429.9,345.3,534.2,5,67077,5.1,7.0,14.3,71.4,1.2,9.0,15.1
"A0077","Orange","Rancho Santa Margarita","https://www.californiahealthmaps.org?address=A0077","Both","Lung",335385,59.5,48.3,72.5,238725,70.4,56.4,86.9,"","","","",53135,"","","",26745,"","","",5,67077,5.1,7.0,14.3,71.4,1.2,9.0,15.1
"A0077","Orange","Rancho Santa Margarita","https://www.californiahealthmaps.org?address=A0077","Both","CRC",335385,37.8,30.0,47.4,238725,37.4,28.4,48.8,"","","","",53135,"","","",26745,62.6,32.4,115.9,5,67077,5.1,7.0,14.3,71.4,1.2,9.0,15.1
"A0077","Orange","Rancho Santa Margarita","https://www.californiahealthmaps.org?address=A0077","Both","Mela",335385,39.3,32.0,48.3,238725,48.1,38.7,59.6,"","","","",53135,"","","",26745,"","","",5,67077,5.1,7.0,14.3,71.4,1.2,9.0,15.1
"A0077","Orange","Rancho Santa Margarita","https://www.californiahealthmaps.org?address=A0077","Both","Lymph",335385,27.4,20.6,36.0,238725,29.4,21.2,40.1,"","","","",53135,"","","",26745,"","","",5,67077,5.1,7.0,14.3,71.4,1.2,9.0,15.1
"A0077","Orange","Rancho Santa Margarita","https://www.californiahealthmaps.org?address=A0077","Both","Urinary",335385,7.2,3.9,12.5,238725,"","","","","","","",53135,"","","",26745,"","","",5,67077,5.1,7.0,14.3,71.4,1.2,9.0,15.1
"A0077","Orange","Rancho Santa Margarita","https://www.californiahealthmaps.org?address=A0077","Both","Kidney",335385,18.7,13.3,25.9,238725,21.3,14.7,30.5,"","","","",53135,"","","",26745,"","","",5,67077,5.1,7.0,14.3,71.4,1.2,9.0,15.1
"A0077","Orange","Rancho Santa Margarita","https://www.californiahealthmaps.org?address=A0077","Both","Thyroid",335385,17.1,12.6,23.1,238725,17.1,12.0,24.6,"","","","",53135,"","","",26745,"","","",5,67077,5.1,7.0,14.3,71.4,1.2,9.0,15.1
