"Zone","Counties","Cities","URL","Sex","Cancer","PopTot","AAIR","LCI","UCI","White_PopTot","White_AAIR","White_LCI","White_UCI","Black_PopTot","Black_AAIR","Black_LCI","Black_UCI","Hispanic_PopTot","Hispanic_AAIR","Hispanic_LCI","Hispanic_UCI","Asian_PopTot","Asian_AAIR","Asian_LCI","Asian_UCI","QNSES","PopAll","PerRural","PerUninsured","PerForeignBorn","PerWhite","PerBlack","PerAsian","PerHispanic","PerAPI","PerDocvisit","PerFOBT","PerMammo","PerMenPrev","PerPap","PerWomenPrev"
"A0642","San Bernardino","Victorville, Apple Valley","https://www.californiahealthmaps.org?address=A0642","Male","AllSite",168760,550.5,517.2,585.8,89670,550.5,510.6,594.0,15355,645.4,519.8,800.6,52765,525.1,441.0,623.4,"","","","",2,68922,3.5,16.1,8.7,54.9,9.5,2.1,31.6,2.1,66.9,61.8,80.9,27.1,82.9,28.2
"A0642","San Bernardino","Victorville, Apple Valley","https://www.californiahealthmaps.org?address=A0642","Female","AllSite",175850,444.6,416.0,475.0,94180,470.3,433.4,510.8,16220,527.1,418.3,660.4,53355,365.6,304.5,436.7,"","","","",2,68922,3.5,16.1,8.7,54.9,9.5,2.1,31.6,2.1,66.9,61.8,80.9,27.1,82.9,28.2
"A0642","San Bernardino","Victorville, Apple Valley","https://www.californiahealthmaps.org?address=A0642","Male","Prostate",168760,147.3,130.7,166.0,89670,130.1,111.6,152.1,15355,233.6,160.9,337.8,52765,165.1,119.2,226.1,"","","","",2,68922,3.5,16.1,8.7,54.9,9.5,2.1,31.6,2.1,66.9,61.8,80.9,27.1,82.9,28.2
"A0642","San Bernardino","Victorville, Apple Valley","https://www.californiahealthmaps.org?address=A0642","Female","Breast",175850,127.4,112.4,144.2,94180,134.3,115.5,156.6,16220,160.1,104.0,242.0,53355,85.1,57.7,122.7,"","","","",2,68922,3.5,16.1,8.7,54.9,9.5,2.1,31.6,2.1,66.9,61.8,80.9,27.1,82.9,28.2
"A0642","San Bernardino","Victorville, Apple Valley","https://www.californiahealthmaps.org?address=A0642","Male","Lung",168760,72.2,60.6,85.9,89670,79.2,64.9,97.2,15355,"","","",52765,"","","","","","","",2,68922,3.5,16.1,8.7,54.9,9.5,2.1,31.6,2.1,66.9,61.8,80.9,27.1,82.9,28.2
"A0642","San Bernardino","Victorville, Apple Valley","https://www.californiahealthmaps.org?address=A0642","Female","Lung",175850,53.1,44.1,64.0,94180,62.5,50.9,77.8,16220,"","","",53355,"","","","","","","",2,68922,3.5,16.1,8.7,54.9,9.5,2.1,31.6,2.1,66.9,61.8,80.9,27.1,82.9,28.2
"A0642","San Bernardino","Victorville, Apple Valley","https://www.californiahealthmaps.org?address=A0642","Male","CRC",168760,49.6,40.0,61.3,89670,49.3,38.1,64.2,15355,"","","",52765,"","","","","","","",2,68922,3.5,16.1,8.7,54.9,9.5,2.1,31.6,2.1,66.9,61.8,80.9,27.1,82.9,28.2
"A0642","San Bernardino","Victorville, Apple Valley","https://www.californiahealthmaps.org?address=A0642","Female","CRC",175850,38.9,30.9,48.9,94180,32.2,23.7,44.5,16220,"","","",53355,47.9,27.5,79.2,"","","","",2,68922,3.5,16.1,8.7,54.9,9.5,2.1,31.6,2.1,66.9,61.8,80.9,27.1,82.9,28.2
"A0642","San Bernardino","Victorville, Apple Valley","https://www.californiahealthmaps.org?address=A0642","Male","Mela",168760,27.3,20.2,36.7,89670,38.9,28.2,53.7,15355,"","","",52765,"","","","","","","",2,68922,3.5,16.1,8.7,54.9,9.5,2.1,31.6,2.1,66.9,61.8,80.9,27.1,82.9,28.2
"A0642","San Bernardino","Victorville, Apple Valley","https://www.californiahealthmaps.org?address=A0642","Female","Mela",175850,15.0,10.0,22.2,94180,21.6,13.9,33.8,16220,"","","",53355,"","","","","","","",2,68922,3.5,16.1,8.7,54.9,9.5,2.1,31.6,2.1,66.9,61.8,80.9,27.1,82.9,28.2
"A0642","San Bernardino","Victorville, Apple Valley","https://www.californiahealthmaps.org?address=A0642","Female","Uterine",175850,29.7,22.4,39.1,94180,32.9,23.0,47.1,16220,"","","",53355,"","","","","","","",2,68922,3.5,16.1,8.7,54.9,9.5,2.1,31.6,2.1,66.9,61.8,80.9,27.1,82.9,28.2
"A0642","San Bernardino","Victorville, Apple Valley","https://www.californiahealthmaps.org?address=A0642","Male","Lymph",168760,24.2,17.5,33.0,89670,19.6,12.9,30.6,15355,"","","",52765,"","","","","","","",2,68922,3.5,16.1,8.7,54.9,9.5,2.1,31.6,2.1,66.9,61.8,80.9,27.1,82.9,28.2
"A0642","San Bernardino","Victorville, Apple Valley","https://www.californiahealthmaps.org?address=A0642","Female","Lymph",175850,14.7,10.2,21.3,94180,15.5,9.8,25.6,16220,"","","",53355,"","","","","","","",2,68922,3.5,16.1,8.7,54.9,9.5,2.1,31.6,2.1,66.9,61.8,80.9,27.1,82.9,28.2
"A0642","San Bernardino","Victorville, Apple Valley","https://www.californiahealthmaps.org?address=A0642","Male","Urinary",168760,23.9,17.4,32.6,89670,26.3,18.5,38.1,15355,"","","",52765,"","","","","","","",2,68922,3.5,16.1,8.7,54.9,9.5,2.1,31.6,2.1,66.9,61.8,80.9,27.1,82.9,28.2
"A0642","San Bernardino","Victorville, Apple Valley","https://www.californiahealthmaps.org?address=A0642","Female","Urinary",175850,"","","",94180,"","","",16220,"","","",53355,"","","","","","","",2,68922,3.5,16.1,8.7,54.9,9.5,2.1,31.6,2.1,66.9,61.8,80.9,27.1,82.9,28.2
"A0642","San Bernardino","Victorville, Apple Valley","https://www.californiahealthmaps.org?address=A0642","Male","Kidney",168760,29.9,22.5,39.6,89670,30.3,20.8,44.0,15355,"","","",52765,"","","","","","","",2,68922,3.5,16.1,8.7,54.9,9.5,2.1,31.6,2.1,66.9,61.8,80.9,27.1,82.9,28.2
"A0642","San Bernardino","Victorville, Apple Valley","https://www.californiahealthmaps.org?address=A0642","Female","Kidney",175850,15.3,10.4,22.3,94180,15.7,9.4,26.4,16220,"","","",53355,"","","","","","","",2,68922,3.5,16.1,8.7,54.9,9.5,2.1,31.6,2.1,66.9,61.8,80.9,27.1,82.9,28.2
"A0642","San Bernardino","Victorville, Apple Valley","https://www.californiahealthmaps.org?address=A0642","Male","Thyroid",168760,"","","",89670,"","","",15355,"","","",52765,"","","","","","","",2,68922,3.5,16.1,8.7,54.9,9.5,2.1,31.6,2.1,66.9,61.8,80.9,27.1,82.9,28.2
"A0642","San Bernardino","Victorville, Apple Valley","https://www.californiahealthmaps.org?address=A0642","Female","Thyroid",175850,16.7,11.2,24.5,94180,18.6,10.9,31.0,16220,"","","",53355,"","","","","","","",2,68922,3.5,16.1,8.7,54.9,9.5,2.1,31.6,2.1,66.9,61.8,80.9,27.1,82.9,28.2
"A0642","San Bernardino","Victorville, Apple Valley","https://www.californiahealthmaps.org?address=A0642","Male","Liver",168760,13.8,9.0,20.8,89670,"","","",15355,"","","",52765,"","","","","","","",2,68922,3.5,16.1,8.7,54.9,9.5,2.1,31.6,2.1,66.9,61.8,80.9,27.1,82.9,28.2
"A0642","San Bernardino","Victorville, Apple Valley","https://www.californiahealthmaps.org?address=A0642","Female","Liver",175850,"","","",94180,"","","",16220,"","","",53355,"","","","","","","",2,68922,3.5,16.1,8.7,54.9,9.5,2.1,31.6,2.1,66.9,61.8,80.9,27.1,82.9,28.2
"A0642","San Bernardino","Victorville, Apple Valley","https://www.californiahealthmaps.org?address=A0642","Male","Pancreas",168760,17.6,12.2,25.3,89670,18.3,12.0,28.9,15355,"","","",52765,"","","","","","","",2,68922,3.5,16.1,8.7,54.9,9.5,2.1,31.6,2.1,66.9,61.8,80.9,27.1,82.9,28.2
"A0642","San Bernardino","Victorville, Apple Valley","https://www.californiahealthmaps.org?address=A0642","Female","Pancreas",175850,12.8,8.6,19.2,94180,9.0,5.0,17.4,16220,"","","",53355,"","","","","","","",2,68922,3.5,16.1,8.7,54.9,9.5,2.1,31.6,2.1,66.9,61.8,80.9,27.1,82.9,28.2
"A0642","San Bernardino","Victorville, Apple Valley","https://www.californiahealthmaps.org?address=A0642","Both","AllSite",344610,491.0,469.3,513.6,183850,505.0,477.9,533.8,31575,580.2,497.0,675.6,106120,433.9,383.3,490.3,10860,370.2,272.9,506.4,2,68922,3.5,16.1,8.7,54.9,9.5,2.1,31.6,2.1,66.9,61.8,80.9,27.1,82.9,28.2
"A0642","San Bernardino","Victorville, Apple Valley","https://www.californiahealthmaps.org?address=A0642","Both","Lung",344610,61.8,54.5,70.0,183850,70.3,61.0,81.3,31575,68.5,42.4,108.0,106120,26.1,14.5,44.5,10860,"","","",2,68922,3.5,16.1,8.7,54.9,9.5,2.1,31.6,2.1,66.9,61.8,80.9,27.1,82.9,28.2
"A0642","San Bernardino","Victorville, Apple Valley","https://www.californiahealthmaps.org?address=A0642","Both","CRC",344610,43.7,37.5,51.0,183850,40.3,33.3,49.2,31575,61.7,36.2,101.1,106120,45.4,30.3,66.6,10860,"","","",2,68922,3.5,16.1,8.7,54.9,9.5,2.1,31.6,2.1,66.9,61.8,80.9,27.1,82.9,28.2
"A0642","San Bernardino","Victorville, Apple Valley","https://www.californiahealthmaps.org?address=A0642","Both","Mela",344610,20.6,16.2,26.0,183850,29.5,22.9,38.2,31575,"","","",106120,"","","",10860,"","","",2,68922,3.5,16.1,8.7,54.9,9.5,2.1,31.6,2.1,66.9,61.8,80.9,27.1,82.9,28.2
"A0642","San Bernardino","Victorville, Apple Valley","https://www.californiahealthmaps.org?address=A0642","Both","Lymph",344610,18.8,14.9,23.8,183850,17.2,12.7,23.7,31575,"","","",106120,29.1,16.6,48.4,10860,"","","",2,68922,3.5,16.1,8.7,54.9,9.5,2.1,31.6,2.1,66.9,61.8,80.9,27.1,82.9,28.2
"A0642","San Bernardino","Victorville, Apple Valley","https://www.californiahealthmaps.org?address=A0642","Both","Urinary",344610,13.8,10.5,18.2,183850,15.1,11.1,21.1,31575,"","","",106120,"","","",10860,"","","",2,68922,3.5,16.1,8.7,54.9,9.5,2.1,31.6,2.1,66.9,61.8,80.9,27.1,82.9,28.2
"A0642","San Bernardino","Victorville, Apple Valley","https://www.californiahealthmaps.org?address=A0642","Both","Kidney",344610,22.0,17.6,27.5,183850,22.3,16.6,30.1,31575,"","","",106120,20.4,11.4,35.5,10860,"","","",2,68922,3.5,16.1,8.7,54.9,9.5,2.1,31.6,2.1,66.9,61.8,80.9,27.1,82.9,28.2
"A0642","San Bernardino","Victorville, Apple Valley","https://www.californiahealthmaps.org?address=A0642","Both","Thyroid",344610,12.1,8.7,16.6,183850,14.0,9.3,20.9,31575,"","","",106120,"","","",10860,"","","",2,68922,3.5,16.1,8.7,54.9,9.5,2.1,31.6,2.1,66.9,61.8,80.9,27.1,82.9,28.2
"A0642","San Bernardino","Victorville, Apple Valley","https://www.californiahealthmaps.org?address=A0642","Both","Liver",344610,9.6,6.9,13.5,183850,7.8,4.7,13.0,31575,"","","",106120,"","","",10860,"","","",2,68922,3.5,16.1,8.7,54.9,9.5,2.1,31.6,2.1,66.9,61.8,80.9,27.1,82.9,28.2
"A0642","San Bernardino","Victorville, Apple Valley","https://www.californiahealthmaps.org?address=A0642","Both","Pancreas",344610,15.0,11.5,19.5,183850,13.2,9.5,18.9,31575,"","","",106120,"","","",10860,"","","",2,68922,3.5,16.1,8.7,54.9,9.5,2.1,31.6,2.1,66.9,61.8,80.9,27.1,82.9,28.2
