"Zone","Counties","Cities","URL","Sex","Cancer","PopTot","AAIR","LCI","UCI","White_PopTot","White_AAIR","White_LCI","White_UCI","Black_PopTot","Black_AAIR","Black_LCI","Black_UCI","Hispanic_PopTot","Hispanic_AAIR","Hispanic_LCI","Hispanic_UCI","Asian_PopTot","Asian_AAIR","Asian_LCI","Asian_UCI","QNSES","PopAll","PerRural","PerUninsured","PerForeignBorn","PerWhite","PerBlack","PerAsian","PerHispanic"
"A0293","Alameda","Union City","https://www.californiahealthmaps.org?address=A0293","Male","AllSite",147510,461.6,423.9,502.0,26495,550.1,475.3,640.1,"","","","",45305,416.9,341.4,505.9,60395,434.2,376.2,500.4,4,59545,0.0,10.6,41.1,18.0,6.6,42.8,27.9
"A0293","Alameda","Union City","https://www.californiahealthmaps.org?address=A0293","Female","AllSite",150215,368.9,339.3,400.5,26490,464.2,397.3,547.0,"","","","",43525,352.8,291.5,424.2,63685,341.8,299.0,389.9,4,59545,0.0,10.6,41.1,18.0,6.6,42.8,27.9
"A0293","Alameda","Union City","https://www.californiahealthmaps.org?address=A0293","Male","Prostate",147510,100.7,84.0,120.1,26495,90.8,63.8,135.0,"","","","",45305,102.4,67.9,150.6,60395,98.8,73.0,133.1,4,59545,0.0,10.6,41.1,18.0,6.6,42.8,27.9
"A0293","Alameda","Union City","https://www.californiahealthmaps.org?address=A0293","Female","Breast",150215,113.9,97.8,132.1,26490,123.9,90.4,175.3,"","","","",43525,135.7,99.6,181.9,63685,100.5,78.2,128.3,4,59545,0.0,10.6,41.1,18.0,6.6,42.8,27.9
"A0293","Alameda","Union City","https://www.californiahealthmaps.org?address=A0293","Male","Lung",147510,74.0,58.9,92.0,26495,92.7,63.5,139.6,"","","","",45305,"","","",60395,70.0,47.6,101.3,4,59545,0.0,10.6,41.1,18.0,6.6,42.8,27.9
"A0293","Alameda","Union City","https://www.californiahealthmaps.org?address=A0293","Female","Lung",150215,36.6,27.6,47.8,26490,53.6,34.5,92.2,"","","","",43525,"","","",63685,34.3,21.0,53.9,4,59545,0.0,10.6,41.1,18.0,6.6,42.8,27.9
"A0293","Alameda","Union City","https://www.californiahealthmaps.org?address=A0293","Male","CRC",147510,51.3,39.1,66.5,26495,62.9,38.9,105.6,"","","","",45305,"","","",60395,52.7,33.5,81.0,4,59545,0.0,10.6,41.1,18.0,6.6,42.8,27.9
"A0293","Alameda","Union City","https://www.californiahealthmaps.org?address=A0293","Female","CRC",150215,26.6,19.3,36.2,26490,35.0,20.0,71.1,"","","","",43525,"","","",63685,23.4,13.4,39.5,4,59545,0.0,10.6,41.1,18.0,6.6,42.8,27.9
"A0293","Alameda","Union City","https://www.californiahealthmaps.org?address=A0293","Male","Mela",147510,17.2,10.6,26.8,26495,53.7,32.0,94.5,"","","","",45305,"","","",60395,"","","",4,59545,0.0,10.6,41.1,18.0,6.6,42.8,27.9
"A0293","Alameda","Union City","https://www.californiahealthmaps.org?address=A0293","Female","Mela",150215,8.7,4.7,15.0,26490,"","","","","","","",43525,"","","",63685,"","","",4,59545,0.0,10.6,41.1,18.0,6.6,42.8,27.9
"A0293","Alameda","Union City","https://www.californiahealthmaps.org?address=A0293","Female","Uterine",150215,24.5,17.5,33.5,26490,"","","","","","","",43525,"","","",63685,29.2,18.1,46.2,4,59545,0.0,10.6,41.1,18.0,6.6,42.8,27.9
"A0293","Alameda","Union City","https://www.californiahealthmaps.org?address=A0293","Male","Lymph",147510,26.3,17.9,37.8,26495,"","","","","","","",45305,"","","",60395,"","","",4,59545,0.0,10.6,41.1,18.0,6.6,42.8,27.9
"A0293","Alameda","Union City","https://www.californiahealthmaps.org?address=A0293","Female","Lymph",150215,13.2,8.1,20.5,26490,"","","","","","","",43525,"","","",63685,"","","",4,59545,0.0,10.6,41.1,18.0,6.6,42.8,27.9
"A0293","Alameda","Union City","https://www.californiahealthmaps.org?address=A0293","Male","Urinary",147510,11.6,6.2,20.2,26495,"","","","","","","",45305,"","","",60395,"","","",4,59545,0.0,10.6,41.1,18.0,6.6,42.8,27.9
"A0293","Alameda","Union City","https://www.californiahealthmaps.org?address=A0293","Female","Urinary",150215,3.0,0.9,7.5,26490,"","","","","","","",43525,"","","",63685,"","","",4,59545,0.0,10.6,41.1,18.0,6.6,42.8,27.9
"A0293","Alameda","Union City","https://www.californiahealthmaps.org?address=A0293","Male","Kidney",147510,13.6,8.2,22.0,26495,"","","","","","","",45305,"","","",60395,"","","",4,59545,0.0,10.6,41.1,18.0,6.6,42.8,27.9
"A0293","Alameda","Union City","https://www.californiahealthmaps.org?address=A0293","Female","Kidney",150215,8.4,4.6,14.6,26490,"","","","","","","",43525,"","","",63685,"","","",4,59545,0.0,10.6,41.1,18.0,6.6,42.8,27.9
"A0293","Alameda","Union City","https://www.californiahealthmaps.org?address=A0293","Male","Thyroid",147510,10.6,6.0,18.2,26495,"","","","","","","",45305,"","","",60395,"","","",4,59545,0.0,10.6,41.1,18.0,6.6,42.8,27.9
"A0293","Alameda","Union City","https://www.californiahealthmaps.org?address=A0293","Female","Thyroid",150215,15.2,9.8,22.9,26490,"","","","","","","",43525,"","","",63685,20.9,11.6,36.2,4,59545,0.0,10.6,41.1,18.0,6.6,42.8,27.9
"A0293","Alameda","Union City","https://www.californiahealthmaps.org?address=A0293","Both","AllSite",297725,405.4,382.2,429.7,52985,495.3,446.3,551.7,17335,398.7,297.0,530.1,88830,379.3,331.2,433.2,124080,375.6,341.1,413.0,4,59545,0.0,10.6,41.1,18.0,6.6,42.8,27.9
"A0293","Alameda","Union City","https://www.californiahealthmaps.org?address=A0293","Both","Lung",297725,52.8,44.4,62.5,52985,69.0,52.4,94.0,17335,"","","",88830,33.7,19.7,54.3,124080,49.8,37.2,65.7,4,59545,0.0,10.6,41.1,18.0,6.6,42.8,27.9
"A0293","Alameda","Union City","https://www.californiahealthmaps.org?address=A0293","Both","CRC",297725,37.4,30.6,45.5,52985,46.6,33.0,69.1,17335,"","","",88830,28.2,15.9,46.8,124080,35.8,25.5,49.3,4,59545,0.0,10.6,41.1,18.0,6.6,42.8,27.9
"A0293","Alameda","Union City","https://www.californiahealthmaps.org?address=A0293","Both","Mela",297725,12.4,8.6,17.4,52985,44.3,29.5,68.4,17335,"","","",88830,"","","",124080,"","","",4,59545,0.0,10.6,41.1,18.0,6.6,42.8,27.9
"A0293","Alameda","Union City","https://www.californiahealthmaps.org?address=A0293","Both","Lymph",297725,18.7,14.0,24.7,52985,21.0,11.9,40.2,17335,"","","",88830,"","","",124080,17.1,10.4,27.1,4,59545,0.0,10.6,41.1,18.0,6.6,42.8,27.9
"A0293","Alameda","Union City","https://www.californiahealthmaps.org?address=A0293","Both","Urinary",297725,6.7,4.0,10.8,52985,"","","",17335,"","","",88830,"","","",124080,"","","",4,59545,0.0,10.6,41.1,18.0,6.6,42.8,27.9
"A0293","Alameda","Union City","https://www.californiahealthmaps.org?address=A0293","Both","Kidney",297725,11.0,7.5,15.7,52985,20.3,11.9,38.6,17335,"","","",88830,"","","",124080,"","","",4,59545,0.0,10.6,41.1,18.0,6.6,42.8,27.9
"A0293","Alameda","Union City","https://www.californiahealthmaps.org?address=A0293","Both","Thyroid",297725,13.0,9.3,17.9,52985,"","","",17335,"","","",88830,"","","",124080,17.3,10.9,26.9,4,59545,0.0,10.6,41.1,18.0,6.6,42.8,27.9
