"Zone","Counties","Cities","URL","Sex","Cancer","PopTot","AAIR","LCI","UCI","White_PopTot","White_AAIR","White_LCI","White_UCI","Black_PopTot","Black_AAIR","Black_LCI","Black_UCI","Hispanic_PopTot","Hispanic_AAIR","Hispanic_LCI","Hispanic_UCI","Asian_PopTot","Asian_AAIR","Asian_LCI","Asian_UCI","QNSES","PopAll","PerRural","PerUninsured","PerForeignBorn","PerWhite","PerBlack","PerAsian","PerHispanic"
"A0489","Santa Clara","San Jose, Saratoga","https://www.californiahealthmaps.org?address=A0489","Male","AllSite",144115,485.8,451.8,522.0,77210,489.1,447.4,535.0,"","","","",14265,373.9,253.1,539.5,43985,464.4,394.2,545.4,5,58975,0.0,7.2,31.9,50.9,1.1,32.7,11.0
"A0489","Santa Clara","San Jose, Saratoga","https://www.californiahealthmaps.org?address=A0489","Female","AllSite",150760,436.8,407.2,468.8,79455,452.0,412.2,496.2,"","","","",15075,427.6,321.2,559.9,48025,397.0,342.2,461.2,5,58975,0.0,7.2,31.9,50.9,1.1,32.7,11.0
"A0489","Santa Clara","San Jose, Saratoga","https://www.californiahealthmaps.org?address=A0489","Male","Prostate",144115,112.9,97.3,130.9,77210,108.6,90.4,131.1,"","","","",14265,"","","",43985,84.3,57.0,122.7,5,58975,0.0,7.2,31.9,50.9,1.1,32.7,11.0
"A0489","Santa Clara","San Jose, Saratoga","https://www.californiahealthmaps.org?address=A0489","Female","Breast",150760,140.6,124.2,159.3,79455,145.7,124.2,171.8,"","","","",15075,133.7,77.4,217.3,48025,122.1,94.4,159.5,5,58975,0.0,7.2,31.9,50.9,1.1,32.7,11.0
"A0489","Santa Clara","San Jose, Saratoga","https://www.californiahealthmaps.org?address=A0489","Male","Lung",144115,43.1,33.4,55.4,77210,42.3,31.1,58.3,"","","","",14265,"","","",43985,49.2,27.7,83.0,5,58975,0.0,7.2,31.9,50.9,1.1,32.7,11.0
"A0489","Santa Clara","San Jose, Saratoga","https://www.californiahealthmaps.org?address=A0489","Female","Lung",150760,41.0,32.6,51.8,79455,40.8,30.9,55.5,"","","","",15075,"","","",48025,43.2,25.9,71.7,5,58975,0.0,7.2,31.9,50.9,1.1,32.7,11.0
"A0489","Santa Clara","San Jose, Saratoga","https://www.californiahealthmaps.org?address=A0489","Male","CRC",144115,43.0,33.2,55.2,77210,30.4,20.6,45.2,"","","","",14265,"","","",43985,71.1,46.0,107.8,5,58975,0.0,7.2,31.9,50.9,1.1,32.7,11.0
"A0489","Santa Clara","San Jose, Saratoga","https://www.californiahealthmaps.org?address=A0489","Female","CRC",150760,34.2,26.4,44.5,79455,34.6,24.5,49.9,"","","","",15075,"","","",48025,"","","",5,58975,0.0,7.2,31.9,50.9,1.1,32.7,11.0
"A0489","Santa Clara","San Jose, Saratoga","https://www.californiahealthmaps.org?address=A0489","Male","Mela",144115,59.8,48.2,73.9,77210,75.9,60.1,96.3,"","","","",14265,"","","",43985,"","","",5,58975,0.0,7.2,31.9,50.9,1.1,32.7,11.0
"A0489","Santa Clara","San Jose, Saratoga","https://www.californiahealthmaps.org?address=A0489","Female","Mela",150760,28.9,21.3,39.2,79455,44.3,30.8,63.4,"","","","",15075,"","","",48025,"","","",5,58975,0.0,7.2,31.9,50.9,1.1,32.7,11.0
"A0489","Santa Clara","San Jose, Saratoga","https://www.californiahealthmaps.org?address=A0489","Female","Uterine",150760,23.8,17.5,32.6,79455,23.6,16.1,36.3,"","","","",15075,"","","",48025,"","","",5,58975,0.0,7.2,31.9,50.9,1.1,32.7,11.0
"A0489","Santa Clara","San Jose, Saratoga","https://www.californiahealthmaps.org?address=A0489","Male","Lymph",144115,28.3,20.6,38.5,77210,32.2,22.0,47.4,"","","","",14265,"","","",43985,"","","",5,58975,0.0,7.2,31.9,50.9,1.1,32.7,11.0
"A0489","Santa Clara","San Jose, Saratoga","https://www.californiahealthmaps.org?address=A0489","Female","Lymph",150760,16.9,11.6,24.7,79455,14.8,9.0,26.2,"","","","",15075,"","","",48025,"","","",5,58975,0.0,7.2,31.9,50.9,1.1,32.7,11.0
"A0489","Santa Clara","San Jose, Saratoga","https://www.californiahealthmaps.org?address=A0489","Male","Urinary",144115,18.0,12.0,26.8,77210,19.4,12.1,31.7,"","","","",14265,"","","",43985,"","","",5,58975,0.0,7.2,31.9,50.9,1.1,32.7,11.0
"A0489","Santa Clara","San Jose, Saratoga","https://www.californiahealthmaps.org?address=A0489","Female","Urinary",150760,4.5,2.1,10.0,79455,"","","","","","","",15075,"","","",48025,"","","",5,58975,0.0,7.2,31.9,50.9,1.1,32.7,11.0
"A0489","Santa Clara","San Jose, Saratoga","https://www.californiahealthmaps.org?address=A0489","Male","Kidney",144115,18.2,12.2,26.7,77210,20.5,12.6,33.5,"","","","",14265,"","","",43985,"","","",5,58975,0.0,7.2,31.9,50.9,1.1,32.7,11.0
"A0489","Santa Clara","San Jose, Saratoga","https://www.californiahealthmaps.org?address=A0489","Female","Kidney",150760,5.0,2.4,10.7,79455,"","","","","","","",15075,"","","",48025,"","","",5,58975,0.0,7.2,31.9,50.9,1.1,32.7,11.0
"A0489","Santa Clara","San Jose, Saratoga","https://www.californiahealthmaps.org?address=A0489","Male","Thyroid",144115,6.6,3.4,12.5,77210,"","","","","","","",14265,"","","",43985,"","","",5,58975,0.0,7.2,31.9,50.9,1.1,32.7,11.0
"A0489","Santa Clara","San Jose, Saratoga","https://www.californiahealthmaps.org?address=A0489","Female","Thyroid",150760,19.6,13.2,28.9,79455,16.7,8.5,31.0,"","","","",15075,"","","",48025,"","","",5,58975,0.0,7.2,31.9,50.9,1.1,32.7,11.0
"A0489","Santa Clara","San Jose, Saratoga","https://www.californiahealthmaps.org?address=A0489","Both","AllSite",294875,454.6,432.4,477.9,156665,463.8,435.3,494.3,"","","","",29340,395.0,315.8,489.0,92010,426.6,382.5,475.6,5,58975,0.0,7.2,31.9,50.9,1.1,32.7,11.0
"A0489","Santa Clara","San Jose, Saratoga","https://www.californiahealthmaps.org?address=A0489","Both","Lung",294875,41.5,35.1,49.1,156665,41.0,33.5,50.7,"","","","",29340,"","","",92010,45.6,31.6,65.2,5,58975,0.0,7.2,31.9,50.9,1.1,32.7,11.0
"A0489","Santa Clara","San Jose, Saratoga","https://www.californiahealthmaps.org?address=A0489","Both","CRC",294875,38.0,31.8,45.4,156665,32.6,25.4,42.2,"","","","",29340,"","","",92010,47.2,33.2,66.7,5,58975,0.0,7.2,31.9,50.9,1.1,32.7,11.0
"A0489","Santa Clara","San Jose, Saratoga","https://www.californiahealthmaps.org?address=A0489","Both","Mela",294875,41.8,35.2,49.7,156665,56.8,46.7,69.2,"","","","",29340,"","","",92010,"","","",5,58975,0.0,7.2,31.9,50.9,1.1,32.7,11.0
"A0489","Santa Clara","San Jose, Saratoga","https://www.californiahealthmaps.org?address=A0489","Both","Lymph",294875,21.7,17.2,27.5,156665,22.7,16.9,31.0,"","","","",29340,"","","",92010,25.5,15.5,41.1,5,58975,0.0,7.2,31.9,50.9,1.1,32.7,11.0
"A0489","Santa Clara","San Jose, Saratoga","https://www.californiahealthmaps.org?address=A0489","Both","Urinary",294875,10.2,7.1,14.4,156665,10.1,6.6,16.0,"","","","",29340,"","","",92010,"","","",5,58975,0.0,7.2,31.9,50.9,1.1,32.7,11.0
"A0489","Santa Clara","San Jose, Saratoga","https://www.californiahealthmaps.org?address=A0489","Both","Kidney",294875,10.9,7.8,15.3,156665,12.1,7.8,19.1,"","","","",29340,"","","",92010,"","","",5,58975,0.0,7.2,31.9,50.9,1.1,32.7,11.0
"A0489","Santa Clara","San Jose, Saratoga","https://www.californiahealthmaps.org?address=A0489","Both","Thyroid",294875,13.4,9.7,18.6,156665,11.0,6.4,18.3,"","","","",29340,"","","",92010,17.8,9.7,31.8,5,58975,0.0,7.2,31.9,50.9,1.1,32.7,11.0
