"Zone","Counties","Cities","URL","Sex","Cancer","PopTot","AAIR","LCI","UCI","White_PopTot","White_AAIR","White_LCI","White_UCI","Black_PopTot","Black_AAIR","Black_LCI","Black_UCI","Hispanic_PopTot","Hispanic_AAIR","Hispanic_LCI","Hispanic_UCI","Asian_PopTot","Asian_AAIR","Asian_LCI","Asian_UCI","QNSES","PopAll","PerRural","PerUninsured","PerForeignBorn","PerWhite","PerBlack","PerAsian","PerHispanic"
"A0741","Orange","Los Alamitos","https://www.californiahealthmaps.org?address=A0741","Male","AllSite",161815,504.7,472.6,538.9,101905,504.0,466.8,544.4,"","","","",27445,513.5,409.8,638.3,23645,399.2,319.1,496.4,5,67176,0.0,8.9,16.2,62.2,2.3,15.0,16.8
"A0741","Orange","Los Alamitos","https://www.californiahealthmaps.org?address=A0741","Female","AllSite",174065,424.9,397.8,453.8,108795,434.0,400.5,470.8,"","","","",29205,419.9,342.9,510.1,27065,382.1,316.7,461.0,5,67176,0.0,8.9,16.2,62.2,2.3,15.0,16.8
"A0741","Orange","Los Alamitos","https://www.californiahealthmaps.org?address=A0741","Male","Prostate",161815,117.6,102.7,134.5,101905,114.5,97.5,134.9,"","","","",27445,109.7,66.2,175.1,23645,"","","",5,67176,0.0,8.9,16.2,62.2,2.3,15.0,16.8
"A0741","Orange","Los Alamitos","https://www.californiahealthmaps.org?address=A0741","Female","Breast",174065,149.5,133.8,167.1,108795,152.4,133.4,174.9,"","","","",29205,144.5,101.9,200.6,27065,126.2,91.1,175.2,5,67176,0.0,8.9,16.2,62.2,2.3,15.0,16.8
"A0741","Orange","Los Alamitos","https://www.californiahealthmaps.org?address=A0741","Male","Lung",161815,49.6,39.8,61.6,101905,50.1,39.0,65.0,"","","","",27445,"","","",23645,90.4,52.6,147.7,5,67176,0.0,8.9,16.2,62.2,2.3,15.0,16.8
"A0741","Orange","Los Alamitos","https://www.californiahealthmaps.org?address=A0741","Female","Lung",174065,37.4,30.1,46.7,108795,39.1,30.4,51.5,"","","","",29205,"","","",27065,"","","",5,67176,0.0,8.9,16.2,62.2,2.3,15.0,16.8
"A0741","Orange","Los Alamitos","https://www.californiahealthmaps.org?address=A0741","Male","CRC",161815,44.9,35.6,56.3,101905,44.5,34.0,58.9,"","","","",27445,"","","",23645,"","","",5,67176,0.0,8.9,16.2,62.2,2.3,15.0,16.8
"A0741","Orange","Los Alamitos","https://www.californiahealthmaps.org?address=A0741","Female","CRC",174065,35.1,27.8,44.4,108795,34.0,25.3,46.6,"","","","",29205,"","","",27065,"","","",5,67176,0.0,8.9,16.2,62.2,2.3,15.0,16.8
"A0741","Orange","Los Alamitos","https://www.californiahealthmaps.org?address=A0741","Male","Mela",161815,47.4,38.0,59.0,101905,58.3,46.1,74.1,"","","","",27445,"","","",23645,"","","",5,67176,0.0,8.9,16.2,62.2,2.3,15.0,16.8
"A0741","Orange","Los Alamitos","https://www.californiahealthmaps.org?address=A0741","Female","Mela",174065,21.1,15.4,28.8,108795,24.9,17.3,36.5,"","","","",29205,"","","",27065,"","","",5,67176,0.0,8.9,16.2,62.2,2.3,15.0,16.8
"A0741","Orange","Los Alamitos","https://www.californiahealthmaps.org?address=A0741","Female","Uterine",174065,26.9,20.4,35.5,108795,30.2,21.9,42.4,"","","","",29205,"","","",27065,"","","",5,67176,0.0,8.9,16.2,62.2,2.3,15.0,16.8
"A0741","Orange","Los Alamitos","https://www.californiahealthmaps.org?address=A0741","Male","Lymph",161815,26.9,19.9,36.0,101905,22.5,15.3,33.6,"","","","",27445,"","","",23645,"","","",5,67176,0.0,8.9,16.2,62.2,2.3,15.0,16.8
"A0741","Orange","Los Alamitos","https://www.californiahealthmaps.org?address=A0741","Female","Lymph",174065,15.7,10.8,22.7,108795,14.8,8.9,25.1,"","","","",29205,"","","",27065,"","","",5,67176,0.0,8.9,16.2,62.2,2.3,15.0,16.8
"A0741","Orange","Los Alamitos","https://www.californiahealthmaps.org?address=A0741","Male","Urinary",161815,18.0,12.2,26.0,101905,18.5,11.9,29.1,"","","","",27445,"","","",23645,"","","",5,67176,0.0,8.9,16.2,62.2,2.3,15.0,16.8
"A0741","Orange","Los Alamitos","https://www.californiahealthmaps.org?address=A0741","Female","Urinary",174065,2.4,0.9,6.5,108795,"","","","","","","",29205,"","","",27065,"","","",5,67176,0.0,8.9,16.2,62.2,2.3,15.0,16.8
"A0741","Orange","Los Alamitos","https://www.californiahealthmaps.org?address=A0741","Male","Kidney",161815,26.6,19.7,35.6,101905,26.8,18.9,38.5,"","","","",27445,"","","",23645,"","","",5,67176,0.0,8.9,16.2,62.2,2.3,15.0,16.8
"A0741","Orange","Los Alamitos","https://www.californiahealthmaps.org?address=A0741","Female","Kidney",174065,9.8,6.2,15.6,108795,9.7,5.6,18.3,"","","","",29205,"","","",27065,"","","",5,67176,0.0,8.9,16.2,62.2,2.3,15.0,16.8
"A0741","Orange","Los Alamitos","https://www.californiahealthmaps.org?address=A0741","Male","Thyroid",161815,7.7,4.2,13.7,101905,"","","","","","","",27445,"","","",23645,"","","",5,67176,0.0,8.9,16.2,62.2,2.3,15.0,16.8
"A0741","Orange","Los Alamitos","https://www.californiahealthmaps.org?address=A0741","Female","Thyroid",174065,24.5,17.7,33.4,108795,29.3,19.6,43.4,"","","","",29205,"","","",27065,"","","",5,67176,0.0,8.9,16.2,62.2,2.3,15.0,16.8
"A0741","Orange","Los Alamitos","https://www.californiahealthmaps.org?address=A0741","Both","AllSite",335880,454.8,434.3,476.2,210700,459.5,435.0,485.7,"","","","",56650,452.5,390.2,522.8,50710,383.5,332.8,441.0,5,67176,0.0,8.9,16.2,62.2,2.3,15.0,16.8
"A0741","Orange","Los Alamitos","https://www.californiahealthmaps.org?address=A0741","Both","Lung",335880,42.1,36.2,49.1,210700,43.2,36.3,51.9,"","","","",56650,"","","",50710,56.2,37.3,82.7,5,67176,0.0,8.9,16.2,62.2,2.3,15.0,16.8
"A0741","Orange","Los Alamitos","https://www.californiahealthmaps.org?address=A0741","Both","CRC",335880,38.9,33.2,45.7,210700,38.4,31.6,46.9,"","","","",56650,36.7,20.7,61.4,50710,35.2,21.2,56.8,5,67176,0.0,8.9,16.2,62.2,2.3,15.0,16.8
"A0741","Orange","Los Alamitos","https://www.californiahealthmaps.org?address=A0741","Both","Mela",335880,32.4,27.1,38.6,210700,39.6,32.7,48.4,"","","","",56650,"","","",50710,"","","",5,67176,0.0,8.9,16.2,62.2,2.3,15.0,16.8
"A0741","Orange","Los Alamitos","https://www.californiahealthmaps.org?address=A0741","Both","Lymph",335880,20.4,16.3,25.6,210700,18.1,13.5,24.7,"","","","",56650,43.2,25.4,69.9,50710,"","","",5,67176,0.0,8.9,16.2,62.2,2.3,15.0,16.8
"A0741","Orange","Los Alamitos","https://www.californiahealthmaps.org?address=A0741","Both","Urinary",335880,8.7,6.1,12.3,210700,8.7,5.8,13.6,"","","","",56650,"","","",50710,"","","",5,67176,0.0,8.9,16.2,62.2,2.3,15.0,16.8
"A0741","Orange","Los Alamitos","https://www.californiahealthmaps.org?address=A0741","Both","Kidney",335880,17.4,13.6,22.1,210700,17.5,13.1,23.7,"","","","",56650,"","","",50710,"","","",5,67176,0.0,8.9,16.2,62.2,2.3,15.0,16.8
"A0741","Orange","Los Alamitos","https://www.californiahealthmaps.org?address=A0741","Both","Thyroid",335880,16.4,12.4,21.5,210700,18.2,12.9,25.8,"","","","",56650,"","","",50710,"","","",5,67176,0.0,8.9,16.2,62.2,2.3,15.0,16.8
