"Zone","Counties","Cities","URL","Sex","Cancer","PopTot","AAIR","LCI","UCI","White_PopTot","White_AAIR","White_LCI","White_UCI","Black_PopTot","Black_AAIR","Black_LCI","Black_UCI","Hispanic_PopTot","Hispanic_AAIR","Hispanic_LCI","Hispanic_UCI","Asian_PopTot","Asian_AAIR","Asian_LCI","Asian_UCI","QNSES","PopAll","PerRural","PerUninsured","PerForeignBorn","PerWhite","PerBlack","PerAsian","PerHispanic","PerAPI","PerDocvisit","PerFOBT","PerMammo","PerMenPrev","PerPap","PerWomenPrev"
"A1009","Los Angeles","Pomona","https://www.californiahealthmaps.org?address=A1009","Male","AllSite",155985,464.6,415.5,519.1,"","","","","","","","",128885,456.9,392.5,531.5,"","","","",1,61491,0.0,31.4,40.7,5.0,5.0,6.7,82.4,6.7,61.1,50.4,78.5,20.1,84.3,24.9
"A1009","Los Angeles","Pomona","https://www.californiahealthmaps.org?address=A1009","Female","AllSite",151470,357.1,320.6,397.1,"","","","","","","","",125605,346.3,302.5,395.4,"","","","",1,61491,0.0,31.4,40.7,5.0,5.0,6.7,82.4,6.7,61.1,50.4,78.5,20.1,84.3,24.9
"A1009","Los Angeles","Pomona","https://www.californiahealthmaps.org?address=A1009","Male","Prostate",155985,97.1,75.8,123.9,"","","","","","","","",128885,101.0,72.7,140.1,"","","","",1,61491,0.0,31.4,40.7,5.0,5.0,6.7,82.4,6.7,61.1,50.4,78.5,20.1,84.3,24.9
"A1009","Los Angeles","Pomona","https://www.californiahealthmaps.org?address=A1009","Female","Breast",151470,108.4,89.0,131.3,"","","","","","","","",125605,92.2,70.9,119.0,"","","","",1,61491,0.0,31.4,40.7,5.0,5.0,6.7,82.4,6.7,61.1,50.4,78.5,20.1,84.3,24.9
"A1009","Los Angeles","Pomona","https://www.californiahealthmaps.org?address=A1009","Male","Lung",155985,43.0,28.8,63.2,"","","","","","","","",128885,36.3,20.2,64.4,"","","","",1,61491,0.0,31.4,40.7,5.0,5.0,6.7,82.4,6.7,61.1,50.4,78.5,20.1,84.3,24.9
"A1009","Los Angeles","Pomona","https://www.californiahealthmaps.org?address=A1009","Female","Lung",151470,27.0,17.3,40.8,"","","","","","","","",125605,"","","","","","","",1,61491,0.0,31.4,40.7,5.0,5.0,6.7,82.4,6.7,61.1,50.4,78.5,20.1,84.3,24.9
"A1009","Los Angeles","Pomona","https://www.californiahealthmaps.org?address=A1009","Male","CRC",155985,59.2,42.8,81.4,"","","","","","","","",128885,46.8,29.0,75.7,"","","","",1,61491,0.0,31.4,40.7,5.0,5.0,6.7,82.4,6.7,61.1,50.4,78.5,20.1,84.3,24.9
"A1009","Los Angeles","Pomona","https://www.californiahealthmaps.org?address=A1009","Female","CRC",151470,30.0,20.1,43.7,"","","","","","","","",125605,29.5,17.8,47.1,"","","","",1,61491,0.0,31.4,40.7,5.0,5.0,6.7,82.4,6.7,61.1,50.4,78.5,20.1,84.3,24.9
"A1009","Los Angeles","Pomona","https://www.californiahealthmaps.org?address=A1009","Male","Mela",155985,"","","","","","","","","","","",128885,"","","","","","","",1,61491,0.0,31.4,40.7,5.0,5.0,6.7,82.4,6.7,61.1,50.4,78.5,20.1,84.3,24.9
"A1009","Los Angeles","Pomona","https://www.californiahealthmaps.org?address=A1009","Female","Mela",151470,"","","","","","","","","","","",125605,"","","","","","","",1,61491,0.0,31.4,40.7,5.0,5.0,6.7,82.4,6.7,61.1,50.4,78.5,20.1,84.3,24.9
"A1009","Los Angeles","Pomona","https://www.californiahealthmaps.org?address=A1009","Female","Uterine",151470,22.1,14.3,33.6,"","","","","","","","",125605,24.2,14.4,39.5,"","","","",1,61491,0.0,31.4,40.7,5.0,5.0,6.7,82.4,6.7,61.1,50.4,78.5,20.1,84.3,24.9
"A1009","Los Angeles","Pomona","https://www.californiahealthmaps.org?address=A1009","Male","Lymph",155985,26.7,14.9,45.1,"","","","","","","","",128885,"","","","","","","",1,61491,0.0,31.4,40.7,5.0,5.0,6.7,82.4,6.7,61.1,50.4,78.5,20.1,84.3,24.9
"A1009","Los Angeles","Pomona","https://www.californiahealthmaps.org?address=A1009","Female","Lymph",151470,"","","","","","","","","","","",125605,"","","","","","","",1,61491,0.0,31.4,40.7,5.0,5.0,6.7,82.4,6.7,61.1,50.4,78.5,20.1,84.3,24.9
"A1009","Los Angeles","Pomona","https://www.californiahealthmaps.org?address=A1009","Male","Urinary",155985,"","","","","","","","","","","",128885,"","","","","","","",1,61491,0.0,31.4,40.7,5.0,5.0,6.7,82.4,6.7,61.1,50.4,78.5,20.1,84.3,24.9
"A1009","Los Angeles","Pomona","https://www.californiahealthmaps.org?address=A1009","Female","Urinary",151470,"","","","","","","","","","","",125605,"","","","","","","",1,61491,0.0,31.4,40.7,5.0,5.0,6.7,82.4,6.7,61.1,50.4,78.5,20.1,84.3,24.9
"A1009","Los Angeles","Pomona","https://www.californiahealthmaps.org?address=A1009","Male","Kidney",155985,27.2,16.7,43.6,"","","","","","","","",128885,31.2,17.3,56.8,"","","","",1,61491,0.0,31.4,40.7,5.0,5.0,6.7,82.4,6.7,61.1,50.4,78.5,20.1,84.3,24.9
"A1009","Los Angeles","Pomona","https://www.californiahealthmaps.org?address=A1009","Female","Kidney",151470,15.1,8.7,25.4,"","","","","","","","",125605,"","","","","","","",1,61491,0.0,31.4,40.7,5.0,5.0,6.7,82.4,6.7,61.1,50.4,78.5,20.1,84.3,24.9
"A1009","Los Angeles","Pomona","https://www.californiahealthmaps.org?address=A1009","Male","Thyroid",155985,"","","","","","","","","","","",128885,"","","","","","","",1,61491,0.0,31.4,40.7,5.0,5.0,6.7,82.4,6.7,61.1,50.4,78.5,20.1,84.3,24.9
"A1009","Los Angeles","Pomona","https://www.californiahealthmaps.org?address=A1009","Female","Thyroid",151470,18.3,11.3,29.0,"","","","","","","","",125605,22.6,13.3,37.4,"","","","",1,61491,0.0,31.4,40.7,5.0,5.0,6.7,82.4,6.7,61.1,50.4,78.5,20.1,84.3,24.9
"A1009","Los Angeles","Pomona","https://www.californiahealthmaps.org?address=A1009","Male","Liver",155985,24.1,14.8,39.2,"","","","","","","","",128885,"","","","","","","",1,61491,0.0,31.4,40.7,5.0,5.0,6.7,82.4,6.7,61.1,50.4,78.5,20.1,84.3,24.9
"A1009","Los Angeles","Pomona","https://www.californiahealthmaps.org?address=A1009","Female","Liver",151470,"","","","","","","","","","","",125605,"","","","","","","",1,61491,0.0,31.4,40.7,5.0,5.0,6.7,82.4,6.7,61.1,50.4,78.5,20.1,84.3,24.9
"A1009","Los Angeles","Pomona","https://www.californiahealthmaps.org?address=A1009","Male","Pancreas",155985,"","","","","","","","","","","",128885,"","","","","","","",1,61491,0.0,31.4,40.7,5.0,5.0,6.7,82.4,6.7,61.1,50.4,78.5,20.1,84.3,24.9
"A1009","Los Angeles","Pomona","https://www.californiahealthmaps.org?address=A1009","Female","Pancreas",151470,"","","","","","","","","","","",125605,"","","","","","","",1,61491,0.0,31.4,40.7,5.0,5.0,6.7,82.4,6.7,61.1,50.4,78.5,20.1,84.3,24.9
"A1009","Los Angeles","Pomona","https://www.californiahealthmaps.org?address=A1009","Both","AllSite",307455,399.7,370.3,431.1,18070,460.1,376.4,567.3,12035,596.6,440.4,816.4,254490,386.1,349.7,426.0,19505,383.1,300.1,488.6,1,61491,0.0,31.4,40.7,5.0,5.0,6.7,82.4,6.7,61.1,50.4,78.5,20.1,84.3,24.9
"A1009","Los Angeles","Pomona","https://www.californiahealthmaps.org?address=A1009","Both","Lung",307455,34.1,25.5,44.8,18070,66.8,37.4,125.3,12035,"","","",254490,28.4,18.7,42.1,19505,"","","",1,61491,0.0,31.4,40.7,5.0,5.0,6.7,82.4,6.7,61.1,50.4,78.5,20.1,84.3,24.9
"A1009","Los Angeles","Pomona","https://www.californiahealthmaps.org?address=A1009","Both","CRC",307455,42.8,33.6,54.0,18070,"","","",12035,"","","",254490,37.0,26.6,51.0,19505,"","","",1,61491,0.0,31.4,40.7,5.0,5.0,6.7,82.4,6.7,61.1,50.4,78.5,20.1,84.3,24.9
"A1009","Los Angeles","Pomona","https://www.californiahealthmaps.org?address=A1009","Both","Mela",307455,8.8,4.7,15.1,18070,"","","",12035,"","","",254490,"","","",19505,"","","",1,61491,0.0,31.4,40.7,5.0,5.0,6.7,82.4,6.7,61.1,50.4,78.5,20.1,84.3,24.9
"A1009","Los Angeles","Pomona","https://www.californiahealthmaps.org?address=A1009","Both","Lymph",307455,17.1,11.0,25.6,18070,"","","",12035,"","","",254490,17.7,9.9,29.8,19505,"","","",1,61491,0.0,31.4,40.7,5.0,5.0,6.7,82.4,6.7,61.1,50.4,78.5,20.1,84.3,24.9
"A1009","Los Angeles","Pomona","https://www.californiahealthmaps.org?address=A1009","Both","Urinary",307455,"","","",18070,"","","",12035,"","","",254490,"","","",19505,"","","",1,61491,0.0,31.4,40.7,5.0,5.0,6.7,82.4,6.7,61.1,50.4,78.5,20.1,84.3,24.9
"A1009","Los Angeles","Pomona","https://www.californiahealthmaps.org?address=A1009","Both","Kidney",307455,20.4,14.4,28.5,18070,"","","",12035,"","","",254490,22.8,15.0,34.2,19505,"","","",1,61491,0.0,31.4,40.7,5.0,5.0,6.7,82.4,6.7,61.1,50.4,78.5,20.1,84.3,24.9
"A1009","Los Angeles","Pomona","https://www.californiahealthmaps.org?address=A1009","Both","Thyroid",307455,11.2,7.3,17.2,18070,"","","",12035,"","","",254490,13.6,8.4,22.5,19505,"","","",1,61491,0.0,31.4,40.7,5.0,5.0,6.7,82.4,6.7,61.1,50.4,78.5,20.1,84.3,24.9
"A1009","Los Angeles","Pomona","https://www.californiahealthmaps.org?address=A1009","Both","Liver",307455,17.3,11.8,24.9,18070,"","","",12035,"","","",254490,16.6,9.8,27.3,19505,"","","",1,61491,0.0,31.4,40.7,5.0,5.0,6.7,82.4,6.7,61.1,50.4,78.5,20.1,84.3,24.9
"A1009","Los Angeles","Pomona","https://www.californiahealthmaps.org?address=A1009","Both","Pancreas",307455,11.7,6.9,18.9,18070,"","","",12035,"","","",254490,"","","",19505,"","","",1,61491,0.0,31.4,40.7,5.0,5.0,6.7,82.4,6.7,61.1,50.4,78.5,20.1,84.3,24.9
