"Zone","Counties","Cities","URL","Sex","Cancer","PopTot","AAIR","LCI","UCI","White_PopTot","White_AAIR","White_LCI","White_UCI","Black_PopTot","Black_AAIR","Black_LCI","Black_UCI","Hispanic_PopTot","Hispanic_AAIR","Hispanic_LCI","Hispanic_UCI","Asian_PopTot","Asian_AAIR","Asian_LCI","Asian_UCI","QNSES","PopAll","PerRural","PerUninsured","PerForeignBorn","PerWhite","PerBlack","PerAsian","PerHispanic","PerAPI","PerDocvisit","PerFOBT","PerMammo","PerMenPrev","PerPap","PerWomenPrev"
"A0997","Ventura","Simi Valley","https://www.californiahealthmaps.org?address=A0997","Male","AllSite",143300,507.8,464.3,555.0,84305,526.2,475.0,582.4,"","","","",39795,505.4,386.5,659.3,12255,306.3,196.3,468.6,4,57774,1.9,12.0,19.7,60.0,1.0,9.3,26.4,9.3,"","","","","",""
"A0997","Ventura","Simi Valley","https://www.californiahealthmaps.org?address=A0997","Female","AllSite",145570,478.9,443.2,516.9,85220,518.8,473.8,567.6,"","","","",39965,411.9,334.0,505.3,13720,365.9,266.3,496.0,4,57774,1.9,12.0,19.7,60.0,1.0,9.3,26.4,9.3,"","","","","",""
"A0997","Ventura","Simi Valley","https://www.californiahealthmaps.org?address=A0997","Male","Prostate",143300,108.3,89.1,131.4,84305,107.4,85.5,134.3,"","","","",39795,113.3,60.7,205.3,12255,"","","",4,57774,1.9,12.0,19.7,60.0,1.0,9.3,26.4,9.3,"","","","","",""
"A0997","Ventura","Simi Valley","https://www.californiahealthmaps.org?address=A0997","Female","Breast",145570,146.3,127.1,167.7,85220,161.0,136.7,189.2,"","","","",39965,115.3,76.5,170.4,13720,113.3,63.0,195.4,4,57774,1.9,12.0,19.7,60.0,1.0,9.3,26.4,9.3,"","","","","",""
"A0997","Ventura","Simi Valley","https://www.californiahealthmaps.org?address=A0997","Male","Lung",143300,61.5,45.9,81.3,84305,66.3,48.0,90.1,"","","","",39795,"","","",12255,"","","",4,57774,1.9,12.0,19.7,60.0,1.0,9.3,26.4,9.3,"","","","","",""
"A0997","Ventura","Simi Valley","https://www.californiahealthmaps.org?address=A0997","Female","Lung",145570,50.3,38.7,64.4,85220,64.1,48.7,83.5,"","","","",39965,"","","",13720,"","","",4,57774,1.9,12.0,19.7,60.0,1.0,9.3,26.4,9.3,"","","","","",""
"A0997","Ventura","Simi Valley","https://www.californiahealthmaps.org?address=A0997","Male","CRC",143300,39.1,27.9,54.1,84305,41.8,28.3,60.7,"","","","",39795,"","","",12255,"","","",4,57774,1.9,12.0,19.7,60.0,1.0,9.3,26.4,9.3,"","","","","",""
"A0997","Ventura","Simi Valley","https://www.californiahealthmaps.org?address=A0997","Female","CRC",145570,39.9,29.9,52.3,85220,41.5,29.4,57.8,"","","","",39965,"","","",13720,"","","",4,57774,1.9,12.0,19.7,60.0,1.0,9.3,26.4,9.3,"","","","","",""
"A0997","Ventura","Simi Valley","https://www.californiahealthmaps.org?address=A0997","Male","Mela",143300,39.0,28.0,54.0,84305,49.3,34.7,69.0,"","","","",39795,"","","",12255,"","","",4,57774,1.9,12.0,19.7,60.0,1.0,9.3,26.4,9.3,"","","","","",""
"A0997","Ventura","Simi Valley","https://www.californiahealthmaps.org?address=A0997","Female","Mela",145570,23.1,15.7,32.9,85220,30.0,20.0,44.1,"","","","",39965,"","","",13720,"","","",4,57774,1.9,12.0,19.7,60.0,1.0,9.3,26.4,9.3,"","","","","",""
"A0997","Ventura","Simi Valley","https://www.californiahealthmaps.org?address=A0997","Female","Uterine",145570,34.0,25.1,45.3,85220,38.4,27.2,53.7,"","","","",39965,"","","",13720,"","","",4,57774,1.9,12.0,19.7,60.0,1.0,9.3,26.4,9.3,"","","","","",""
"A0997","Ventura","Simi Valley","https://www.californiahealthmaps.org?address=A0997","Male","Lymph",143300,33.2,22.6,48.0,84305,33.0,21.0,50.4,"","","","",39795,"","","",12255,"","","",4,57774,1.9,12.0,19.7,60.0,1.0,9.3,26.4,9.3,"","","","","",""
"A0997","Ventura","Simi Valley","https://www.californiahealthmaps.org?address=A0997","Female","Lymph",145570,11.8,6.8,19.3,85220,16.2,9.1,27.7,"","","","",39965,"","","",13720,"","","",4,57774,1.9,12.0,19.7,60.0,1.0,9.3,26.4,9.3,"","","","","",""
"A0997","Ventura","Simi Valley","https://www.californiahealthmaps.org?address=A0997","Male","Urinary",143300,17.2,9.6,29.3,84305,20.5,11.0,36.0,"","","","",39795,"","","",12255,"","","",4,57774,1.9,12.0,19.7,60.0,1.0,9.3,26.4,9.3,"","","","","",""
"A0997","Ventura","Simi Valley","https://www.californiahealthmaps.org?address=A0997","Female","Urinary",145570,"","","",85220,"","","","","","","",39965,"","","",13720,"","","",4,57774,1.9,12.0,19.7,60.0,1.0,9.3,26.4,9.3,"","","","","",""
"A0997","Ventura","Simi Valley","https://www.californiahealthmaps.org?address=A0997","Male","Kidney",143300,19.9,12.5,31.3,84305,20.3,11.9,34.1,"","","","",39795,"","","",12255,"","","",4,57774,1.9,12.0,19.7,60.0,1.0,9.3,26.4,9.3,"","","","","",""
"A0997","Ventura","Simi Valley","https://www.californiahealthmaps.org?address=A0997","Female","Kidney",145570,11.0,6.3,18.2,85220,"","","","","","","",39965,"","","",13720,"","","",4,57774,1.9,12.0,19.7,60.0,1.0,9.3,26.4,9.3,"","","","","",""
"A0997","Ventura","Simi Valley","https://www.californiahealthmaps.org?address=A0997","Male","Thyroid",143300,"","","",84305,"","","","","","","",39795,"","","",12255,"","","",4,57774,1.9,12.0,19.7,60.0,1.0,9.3,26.4,9.3,"","","","","",""
"A0997","Ventura","Simi Valley","https://www.californiahealthmaps.org?address=A0997","Female","Thyroid",145570,30.8,22.7,41.3,85220,31.5,21.0,46.2,"","","","",39965,"","","",13720,"","","",4,57774,1.9,12.0,19.7,60.0,1.0,9.3,26.4,9.3,"","","","","",""
"A0997","Ventura","Simi Valley","https://www.californiahealthmaps.org?address=A0997","Male","Liver",143300,19.4,12.0,30.8,84305,"","","","","","","",39795,"","","",12255,"","","",4,57774,1.9,12.0,19.7,60.0,1.0,9.3,26.4,9.3,"","","","","",""
"A0997","Ventura","Simi Valley","https://www.californiahealthmaps.org?address=A0997","Female","Liver",145570,"","","",85220,"","","","","","","",39965,"","","",13720,"","","",4,57774,1.9,12.0,19.7,60.0,1.0,9.3,26.4,9.3,"","","","","",""
"A0997","Ventura","Simi Valley","https://www.californiahealthmaps.org?address=A0997","Male","Pancreas",143300,"","","",84305,"","","","","","","",39795,"","","",12255,"","","",4,57774,1.9,12.0,19.7,60.0,1.0,9.3,26.4,9.3,"","","","","",""
"A0997","Ventura","Simi Valley","https://www.californiahealthmaps.org?address=A0997","Female","Pancreas",145570,11.9,6.9,19.6,85220,"","","","","","","",39965,"","","",13720,"","","",4,57774,1.9,12.0,19.7,60.0,1.0,9.3,26.4,9.3,"","","","","",""
"A0997","Ventura","Simi Valley","https://www.californiahealthmaps.org?address=A0997","Both","AllSite",288870,481.7,454.7,510.1,169525,510.3,477.3,545.2,"","","","",79760,429.6,365.9,503.6,25975,337.0,261.9,429.9,4,57774,1.9,12.0,19.7,60.0,1.0,9.3,26.4,9.3,"","","","","",""
"A0997","Ventura","Simi Valley","https://www.californiahealthmaps.org?address=A0997","Both","Lung",288870,52.9,43.8,63.6,169525,62.8,51.3,76.4,"","","","",79760,"","","",25975,"","","",4,57774,1.9,12.0,19.7,60.0,1.0,9.3,26.4,9.3,"","","","","",""
"A0997","Ventura","Simi Valley","https://www.californiahealthmaps.org?address=A0997","Both","CRC",288870,39.5,32.0,48.5,169525,41.4,32.3,52.7,"","","","",79760,"","","",25975,"","","",4,57774,1.9,12.0,19.7,60.0,1.0,9.3,26.4,9.3,"","","","","",""
"A0997","Ventura","Simi Valley","https://www.californiahealthmaps.org?address=A0997","Both","Mela",288870,30.0,23.6,37.8,169525,38.1,29.6,48.7,"","","","",79760,"","","",25975,"","","",4,57774,1.9,12.0,19.7,60.0,1.0,9.3,26.4,9.3,"","","","","",""
"A0997","Ventura","Simi Valley","https://www.californiahealthmaps.org?address=A0997","Both","Lymph",288870,20.9,15.4,27.8,169525,23.4,16.7,32.3,"","","","",79760,"","","",25975,"","","",4,57774,1.9,12.0,19.7,60.0,1.0,9.3,26.4,9.3,"","","","","",""
"A0997","Ventura","Simi Valley","https://www.californiahealthmaps.org?address=A0997","Both","Urinary",288870,8.5,5.2,13.4,169525,9.8,5.7,16.1,"","","","",79760,"","","",25975,"","","",4,57774,1.9,12.0,19.7,60.0,1.0,9.3,26.4,9.3,"","","","","",""
"A0997","Ventura","Simi Valley","https://www.californiahealthmaps.org?address=A0997","Both","Kidney",288870,15.0,10.7,20.7,169525,13.5,8.7,20.3,"","","","",79760,"","","",25975,"","","",4,57774,1.9,12.0,19.7,60.0,1.0,9.3,26.4,9.3,"","","","","",""
"A0997","Ventura","Simi Valley","https://www.californiahealthmaps.org?address=A0997","Both","Thyroid",288870,20.5,15.7,26.6,169525,20.8,14.7,28.9,"","","","",79760,26.1,13.5,50.1,25975,"","","",4,57774,1.9,12.0,19.7,60.0,1.0,9.3,26.4,9.3,"","","","","",""
"A0997","Ventura","Simi Valley","https://www.californiahealthmaps.org?address=A0997","Both","Liver",288870,12.8,8.6,18.5,169525,9.6,5.5,15.9,"","","","",79760,"","","",25975,"","","",4,57774,1.9,12.0,19.7,60.0,1.0,9.3,26.4,9.3,"","","","","",""
"A0997","Ventura","Simi Valley","https://www.californiahealthmaps.org?address=A0997","Both","Pancreas",288870,11.6,7.6,17.2,169525,12.4,7.6,19.4,"","","","",79760,"","","",25975,"","","",4,57774,1.9,12.0,19.7,60.0,1.0,9.3,26.4,9.3,"","","","","",""
