"Zone","Counties","Cities","URL","Sex","Cancer","PopTot","AAIR","LCI","UCI","White_PopTot","White_AAIR","White_LCI","White_UCI","Black_PopTot","Black_AAIR","Black_LCI","Black_UCI","Hispanic_PopTot","Hispanic_AAIR","Hispanic_LCI","Hispanic_UCI","Asian_PopTot","Asian_AAIR","Asian_LCI","Asian_UCI","QNSES","PopAll","PerRural","PerUninsured","PerForeignBorn","PerWhite","PerBlack","PerAsian","PerHispanic","PerAPI","PerDocvisit","PerFOBT","PerMammo","PerMenPrev","PerPap","PerWomenPrev"
"A0304","Solano","Rio Vista, Fairfield","https://www.californiahealthmaps.org?address=A0304","Male","AllSite",162730,534.7,496.9,574.9,51400,550.3,497.9,609.3,25665,643.2,532.7,776.4,57810,473.5,377.0,592.4,17870,492.7,387.0,622.6,2,66052,2.5,16.3,23.4,32.3,17.5,13.1,31.7,13.1,"","","","","",""
"A0304","Solano","Rio Vista, Fairfield","https://www.californiahealthmaps.org?address=A0304","Female","AllSite",167530,439.7,409.0,472.4,53025,470.9,422.8,526.2,28000,508.4,419.9,612.3,54375,446.5,367.9,539.2,21480,372.9,303.3,458.4,2,66052,2.5,16.3,23.4,32.3,17.5,13.1,31.7,13.1,"","","","","",""
"A0304","Solano","Rio Vista, Fairfield","https://www.californiahealthmaps.org?address=A0304","Male","Prostate",162730,119.2,102.1,138.7,51400,115.0,93.0,144.0,25665,195.6,139.7,274.9,57810,90.0,51.4,153.2,17870,107.1,62.0,178.2,2,66052,2.5,16.3,23.4,32.3,17.5,13.1,31.7,13.1,"","","","","",""
"A0304","Solano","Rio Vista, Fairfield","https://www.californiahealthmaps.org?address=A0304","Female","Breast",167530,131.7,115.3,150.2,53025,138.3,113.9,170.4,28000,161.4,114.7,223.6,54375,107.4,71.5,157.8,21480,123.1,83.6,179.9,2,66052,2.5,16.3,23.4,32.3,17.5,13.1,31.7,13.1,"","","","","",""
"A0304","Solano","Rio Vista, Fairfield","https://www.californiahealthmaps.org?address=A0304","Male","Lung",162730,73.3,59.6,89.6,51400,70.6,53.3,95.1,25665,100.9,60.6,166.6,57810,"","","",17870,"","","",2,66052,2.5,16.3,23.4,32.3,17.5,13.1,31.7,13.1,"","","","","",""
"A0304","Solano","Rio Vista, Fairfield","https://www.californiahealthmaps.org?address=A0304","Female","Lung",167530,56.8,46.1,69.5,53025,67.8,51.7,92.1,28000,67.2,37.0,114.6,54375,"","","",21480,"","","",2,66052,2.5,16.3,23.4,32.3,17.5,13.1,31.7,13.1,"","","","","",""
"A0304","Solano","Rio Vista, Fairfield","https://www.californiahealthmaps.org?address=A0304","Male","CRC",162730,50.2,39.1,63.8,51400,41.3,27.4,63.2,25665,77.6,42.0,139.8,57810,"","","",17870,"","","",2,66052,2.5,16.3,23.4,32.3,17.5,13.1,31.7,13.1,"","","","","",""
"A0304","Solano","Rio Vista, Fairfield","https://www.californiahealthmaps.org?address=A0304","Female","CRC",167530,29.6,22.1,39.2,53025,34.2,21.9,55.6,28000,"","","",54375,"","","",21480,"","","",2,66052,2.5,16.3,23.4,32.3,17.5,13.1,31.7,13.1,"","","","","",""
"A0304","Solano","Rio Vista, Fairfield","https://www.californiahealthmaps.org?address=A0304","Male","Mela",162730,23.8,16.3,34.0,51400,38.7,25.8,59.5,25665,"","","",57810,"","","",17870,"","","",2,66052,2.5,16.3,23.4,32.3,17.5,13.1,31.7,13.1,"","","","","",""
"A0304","Solano","Rio Vista, Fairfield","https://www.californiahealthmaps.org?address=A0304","Female","Mela",167530,15.0,9.8,22.4,53025,27.8,16.6,48.6,28000,"","","",54375,"","","",21480,"","","",2,66052,2.5,16.3,23.4,32.3,17.5,13.1,31.7,13.1,"","","","","",""
"A0304","Solano","Rio Vista, Fairfield","https://www.californiahealthmaps.org?address=A0304","Female","Uterine",167530,28.1,21.0,37.2,53025,28.5,18.9,47.1,28000,"","","",54375,"","","",21480,"","","",2,66052,2.5,16.3,23.4,32.3,17.5,13.1,31.7,13.1,"","","","","",""
"A0304","Solano","Rio Vista, Fairfield","https://www.californiahealthmaps.org?address=A0304","Male","Lymph",162730,20.0,13.2,29.5,51400,"","","",25665,"","","",57810,"","","",17870,"","","",2,66052,2.5,16.3,23.4,32.3,17.5,13.1,31.7,13.1,"","","","","",""
"A0304","Solano","Rio Vista, Fairfield","https://www.californiahealthmaps.org?address=A0304","Female","Lymph",167530,16.5,10.9,24.2,53025,"","","",28000,"","","",54375,"","","",21480,"","","",2,66052,2.5,16.3,23.4,32.3,17.5,13.1,31.7,13.1,"","","","","",""
"A0304","Solano","Rio Vista, Fairfield","https://www.californiahealthmaps.org?address=A0304","Male","Urinary",162730,20.2,13.0,30.2,51400,25.3,15.2,43.7,25665,"","","",57810,"","","",17870,"","","",2,66052,2.5,16.3,23.4,32.3,17.5,13.1,31.7,13.1,"","","","","",""
"A0304","Solano","Rio Vista, Fairfield","https://www.californiahealthmaps.org?address=A0304","Female","Urinary",167530,"","","",53025,"","","",28000,"","","",54375,"","","",21480,"","","",2,66052,2.5,16.3,23.4,32.3,17.5,13.1,31.7,13.1,"","","","","",""
"A0304","Solano","Rio Vista, Fairfield","https://www.californiahealthmaps.org?address=A0304","Male","Kidney",162730,28.4,20.3,39.0,51400,26.5,15.7,45.6,25665,"","","",57810,"","","",17870,"","","",2,66052,2.5,16.3,23.4,32.3,17.5,13.1,31.7,13.1,"","","","","",""
"A0304","Solano","Rio Vista, Fairfield","https://www.californiahealthmaps.org?address=A0304","Female","Kidney",167530,13.5,8.5,20.7,53025,"","","",28000,"","","",54375,"","","",21480,"","","",2,66052,2.5,16.3,23.4,32.3,17.5,13.1,31.7,13.1,"","","","","",""
"A0304","Solano","Rio Vista, Fairfield","https://www.californiahealthmaps.org?address=A0304","Male","Thyroid",162730,"","","",51400,"","","",25665,"","","",57810,"","","",17870,"","","",2,66052,2.5,16.3,23.4,32.3,17.5,13.1,31.7,13.1,"","","","","",""
"A0304","Solano","Rio Vista, Fairfield","https://www.californiahealthmaps.org?address=A0304","Female","Thyroid",167530,18.4,12.4,26.5,53025,"","","",28000,"","","",54375,"","","",21480,"","","",2,66052,2.5,16.3,23.4,32.3,17.5,13.1,31.7,13.1,"","","","","",""
"A0304","Solano","Rio Vista, Fairfield","https://www.californiahealthmaps.org?address=A0304","Male","Liver",162730,27.7,19.9,37.9,51400,25.1,15.5,42.9,25665,"","","",57810,"","","",17870,"","","",2,66052,2.5,16.3,23.4,32.3,17.5,13.1,31.7,13.1,"","","","","",""
"A0304","Solano","Rio Vista, Fairfield","https://www.californiahealthmaps.org?address=A0304","Female","Liver",167530,"","","",53025,"","","",28000,"","","",54375,"","","",21480,"","","",2,66052,2.5,16.3,23.4,32.3,17.5,13.1,31.7,13.1,"","","","","",""
"A0304","Solano","Rio Vista, Fairfield","https://www.californiahealthmaps.org?address=A0304","Male","Pancreas",162730,17.0,10.9,25.8,51400,21.5,12.7,38.7,25665,"","","",57810,"","","",17870,"","","",2,66052,2.5,16.3,23.4,32.3,17.5,13.1,31.7,13.1,"","","","","",""
"A0304","Solano","Rio Vista, Fairfield","https://www.californiahealthmaps.org?address=A0304","Female","Pancreas",167530,14.5,9.4,21.8,53025,"","","",28000,"","","",54375,"","","",21480,"","","",2,66052,2.5,16.3,23.4,32.3,17.5,13.1,31.7,13.1,"","","","","",""
"A0304","Solano","Rio Vista, Fairfield","https://www.californiahealthmaps.org?address=A0304","Both","AllSite",330260,477.7,454.0,502.5,104425,503.6,468.3,542.2,53665,563.9,494.5,642.0,112185,448.0,387.7,516.7,39350,410.8,352.5,477.3,2,66052,2.5,16.3,23.4,32.3,17.5,13.1,31.7,13.1,"","","","","",""
"A0304","Solano","Rio Vista, Fairfield","https://www.californiahealthmaps.org?address=A0304","Both","Lung",330260,63.8,55.2,73.4,104425,68.6,56.7,84.1,53665,81.3,56.2,115.9,112185,42.9,24.8,70.7,39350,53.7,34.4,81.7,2,66052,2.5,16.3,23.4,32.3,17.5,13.1,31.7,13.1,"","","","","",""
"A0304","Solano","Rio Vista, Fairfield","https://www.californiahealthmaps.org?address=A0304","Both","CRC",330260,39.0,32.4,46.6,104425,37.5,28.0,50.9,53665,63.3,41.0,95.4,112185,44.5,26.6,71.9,39350,33.9,18.6,58.3,2,66052,2.5,16.3,23.4,32.3,17.5,13.1,31.7,13.1,"","","","","",""
"A0304","Solano","Rio Vista, Fairfield","https://www.californiahealthmaps.org?address=A0304","Both","Mela",330260,18.4,14.0,23.9,104425,32.0,23.5,44.5,53665,"","","",112185,"","","",39350,"","","",2,66052,2.5,16.3,23.4,32.3,17.5,13.1,31.7,13.1,"","","","","",""
"A0304","Solano","Rio Vista, Fairfield","https://www.californiahealthmaps.org?address=A0304","Both","Lymph",330260,18.0,13.5,23.5,104425,15.0,9.2,25.0,53665,"","","",112185,"","","",39350,"","","",2,66052,2.5,16.3,23.4,32.3,17.5,13.1,31.7,13.1,"","","","","",""
"A0304","Solano","Rio Vista, Fairfield","https://www.californiahealthmaps.org?address=A0304","Both","Urinary",330260,11.1,7.6,15.7,104425,13.8,8.8,23.0,53665,"","","",112185,"","","",39350,"","","",2,66052,2.5,16.3,23.4,32.3,17.5,13.1,31.7,13.1,"","","","","",""
"A0304","Solano","Rio Vista, Fairfield","https://www.californiahealthmaps.org?address=A0304","Both","Kidney",330260,20.2,15.5,25.9,104425,16.8,10.9,26.9,53665,"","","",112185,31.5,18.1,53.9,39350,"","","",2,66052,2.5,16.3,23.4,32.3,17.5,13.1,31.7,13.1,"","","","","",""
"A0304","Solano","Rio Vista, Fairfield","https://www.californiahealthmaps.org?address=A0304","Both","Thyroid",330260,11.1,7.8,15.6,104425,"","","",53665,"","","",112185,"","","",39350,"","","",2,66052,2.5,16.3,23.4,32.3,17.5,13.1,31.7,13.1,"","","","","",""
"A0304","Solano","Rio Vista, Fairfield","https://www.californiahealthmaps.org?address=A0304","Both","Liver",330260,16.3,12.3,21.4,104425,15.3,10.1,24.7,53665,"","","",112185,"","","",39350,"","","",2,66052,2.5,16.3,23.4,32.3,17.5,13.1,31.7,13.1,"","","","","",""
"A0304","Solano","Rio Vista, Fairfield","https://www.californiahealthmaps.org?address=A0304","Both","Pancreas",330260,15.7,11.6,20.8,104425,15.3,10.0,24.7,53665,"","","",112185,"","","",39350,"","","",2,66052,2.5,16.3,23.4,32.3,17.5,13.1,31.7,13.1,"","","","","",""
