"Zone","Counties","Cities","URL","Sex","Cancer","PopTot","AAIR","LCI","UCI","White_PopTot","White_AAIR","White_LCI","White_UCI","Black_PopTot","Black_AAIR","Black_LCI","Black_UCI","Hispanic_PopTot","Hispanic_AAIR","Hispanic_LCI","Hispanic_UCI","Asian_PopTot","Asian_AAIR","Asian_LCI","Asian_UCI","QNSES","PopAll","PerRural","PerUninsured","PerForeignBorn","PerWhite","PerBlack","PerAsian","PerHispanic"
"A0960","Orange","Santa Ana","https://www.californiahealthmaps.org?address=A0960","Male","AllSite",162935,380.2,342.6,421.8,10045,503.7,398.7,647.9,"","","","",109240,393.5,328.0,471.7,40910,327.2,274.4,390.0,1,64328,0.0,32.8,52.8,6.4,0.4,25.2,67.1
"A0960","Orange","Santa Ana","https://www.californiahealthmaps.org?address=A0960","Female","AllSite",158705,345.1,313.4,379.5,10425,553.3,435.1,721.2,"","","","",102780,320.1,272.0,376.1,42680,302.6,254.3,358.8,1,64328,0.0,32.8,52.8,6.4,0.4,25.2,67.1
"A0960","Orange","Santa Ana","https://www.californiahealthmaps.org?address=A0960","Male","Prostate",162935,67.4,52.2,86.8,10045,"","","","","","","",109240,105.7,72.7,152.6,40910,"","","",1,64328,0.0,32.8,52.8,6.4,0.4,25.2,67.1
"A0960","Orange","Santa Ana","https://www.californiahealthmaps.org?address=A0960","Female","Breast",158705,85.5,70.6,103.0,10425,139.6,81.2,257.9,"","","","",102780,76.4,55.5,105.1,42680,84.4,60.4,116.6,1,64328,0.0,32.8,52.8,6.4,0.4,25.2,67.1
"A0960","Orange","Santa Ana","https://www.californiahealthmaps.org?address=A0960","Male","Lung",162935,54.8,40.6,73.3,10045,109.9,65.0,201.7,"","","","",109240,"","","",40910,67.9,44.2,102.7,1,64328,0.0,32.8,52.8,6.4,0.4,25.2,67.1
"A0960","Orange","Santa Ana","https://www.californiahealthmaps.org?address=A0960","Female","Lung",158705,45.2,33.8,59.5,10425,100.9,63.2,199.6,"","","","",102780,"","","",42680,48.6,30.8,74.9,1,64328,0.0,32.8,52.8,6.4,0.4,25.2,67.1
"A0960","Orange","Santa Ana","https://www.californiahealthmaps.org?address=A0960","Male","CRC",162935,43.3,30.9,59.9,10045,"","","","","","","",109240,43.3,22.5,79.6,40910,45.8,27.7,74.9,1,64328,0.0,32.8,52.8,6.4,0.4,25.2,67.1
"A0960","Orange","Santa Ana","https://www.californiahealthmaps.org?address=A0960","Female","CRC",158705,40.1,29.7,53.3,10425,"","","","","","","",102780,50.6,32.4,77.5,42680,"","","",1,64328,0.0,32.8,52.8,6.4,0.4,25.2,67.1
"A0960","Orange","Santa Ana","https://www.californiahealthmaps.org?address=A0960","Male","Mela",162935,8.9,4.0,18.7,10045,"","","","","","","",109240,"","","",40910,"","","",1,64328,0.0,32.8,52.8,6.4,0.4,25.2,67.1
"A0960","Orange","Santa Ana","https://www.californiahealthmaps.org?address=A0960","Female","Mela",158705,5.4,2.1,11.8,10425,"","","","","","","",102780,"","","",42680,"","","",1,64328,0.0,32.8,52.8,6.4,0.4,25.2,67.1
"A0960","Orange","Santa Ana","https://www.californiahealthmaps.org?address=A0960","Female","Uterine",158705,24.0,16.5,34.1,10425,"","","","","","","",102780,25.8,14.8,45.1,42680,"","","",1,64328,0.0,32.8,52.8,6.4,0.4,25.2,67.1
"A0960","Orange","Santa Ana","https://www.californiahealthmaps.org?address=A0960","Male","Lymph",162935,25.8,17.1,38.8,10045,"","","","","","","",109240,28.0,13.5,57.5,40910,"","","",1,64328,0.0,32.8,52.8,6.4,0.4,25.2,67.1
"A0960","Orange","Santa Ana","https://www.californiahealthmaps.org?address=A0960","Female","Lymph",158705,7.4,3.3,14.6,10425,"","","","","","","",102780,"","","",42680,"","","",1,64328,0.0,32.8,52.8,6.4,0.4,25.2,67.1
"A0960","Orange","Santa Ana","https://www.californiahealthmaps.org?address=A0960","Male","Urinary",162935,8.5,3.7,18.4,10045,"","","","","","","",109240,"","","",40910,"","","",1,64328,0.0,32.8,52.8,6.4,0.4,25.2,67.1
"A0960","Orange","Santa Ana","https://www.californiahealthmaps.org?address=A0960","Female","Urinary",158705,3.7,1.0,9.8,10425,"","","","","","","",102780,"","","",42680,"","","",1,64328,0.0,32.8,52.8,6.4,0.4,25.2,67.1
"A0960","Orange","Santa Ana","https://www.californiahealthmaps.org?address=A0960","Male","Kidney",162935,12.2,6.8,22.0,10045,"","","","","","","",109240,"","","",40910,"","","",1,64328,0.0,32.8,52.8,6.4,0.4,25.2,67.1
"A0960","Orange","Santa Ana","https://www.californiahealthmaps.org?address=A0960","Female","Kidney",158705,12.3,6.8,20.7,10425,"","","","","","","",102780,"","","",42680,"","","",1,64328,0.0,32.8,52.8,6.4,0.4,25.2,67.1
"A0960","Orange","Santa Ana","https://www.californiahealthmaps.org?address=A0960","Male","Thyroid",162935,3.5,1.1,10.9,10045,"","","","","","","",109240,"","","",40910,"","","",1,64328,0.0,32.8,52.8,6.4,0.4,25.2,67.1
"A0960","Orange","Santa Ana","https://www.californiahealthmaps.org?address=A0960","Female","Thyroid",158705,17.1,11.1,25.7,10425,"","","","","","","",102780,"","","",42680,"","","",1,64328,0.0,32.8,52.8,6.4,0.4,25.2,67.1
"A0960","Orange","Santa Ana","https://www.californiahealthmaps.org?address=A0960","Both","AllSite",321640,358.0,333.8,383.8,20470,510.6,434.2,606.7,"","","","",212020,348.4,308.9,392.6,83590,312.5,276.7,352.6,1,64328,0.0,32.8,52.8,6.4,0.4,25.2,67.1
"A0960","Orange","Santa Ana","https://www.californiahealthmaps.org?address=A0960","Both","Lung",321640,49.2,40.2,59.9,20470,100.5,71.9,151.7,"","","","",212020,"","","",83590,56.6,41.9,75.8,1,64328,0.0,32.8,52.8,6.4,0.4,25.2,67.1
"A0960","Orange","Santa Ana","https://www.californiahealthmaps.org?address=A0960","Both","CRC",321640,41.3,33.2,51.0,20470,43.3,22.9,90.1,"","","","",212020,46.4,32.4,65.6,83590,37.6,25.7,54.1,1,64328,0.0,32.8,52.8,6.4,0.4,25.2,67.1
"A0960","Orange","Santa Ana","https://www.californiahealthmaps.org?address=A0960","Both","Mela",321640,7.1,4.0,12.0,20470,"","","","","","","",212020,"","","",83590,"","","",1,64328,0.0,32.8,52.8,6.4,0.4,25.2,67.1
"A0960","Orange","Santa Ana","https://www.californiahealthmaps.org?address=A0960","Both","Lymph",321640,16.4,11.5,23.0,20470,"","","","","","","",212020,16.4,9.2,29.0,83590,"","","",1,64328,0.0,32.8,52.8,6.4,0.4,25.2,67.1
"A0960","Orange","Santa Ana","https://www.californiahealthmaps.org?address=A0960","Both","Urinary",321640,5.9,3.1,10.6,20470,"","","","","","","",212020,"","","",83590,"","","",1,64328,0.0,32.8,52.8,6.4,0.4,25.2,67.1
"A0960","Orange","Santa Ana","https://www.californiahealthmaps.org?address=A0960","Both","Kidney",321640,12.4,8.3,18.2,20470,"","","","","","","",212020,20.4,11.6,34.7,83590,"","","",1,64328,0.0,32.8,52.8,6.4,0.4,25.2,67.1
"A0960","Orange","Santa Ana","https://www.californiahealthmaps.org?address=A0960","Both","Thyroid",321640,10.4,7.0,15.4,20470,"","","","","","","",212020,10.6,5.2,21.4,83590,"","","",1,64328,0.0,32.8,52.8,6.4,0.4,25.2,67.1
