"Zone","Counties","Cities","URL","Sex","Cancer","PopTot","AAIR","LCI","UCI","White_PopTot","White_AAIR","White_LCI","White_UCI","Black_PopTot","Black_AAIR","Black_LCI","Black_UCI","Hispanic_PopTot","Hispanic_AAIR","Hispanic_LCI","Hispanic_UCI","Asian_PopTot","Asian_AAIR","Asian_LCI","Asian_UCI","QNSES","PopAll","PerRural","PerUninsured","PerForeignBorn","PerWhite","PerBlack","PerAsian","PerHispanic","PerAPI","PerDocvisit","PerFOBT","PerMammo","PerMenPrev","PerPap","PerWomenPrev"
"A0274","San Bernardino","Redlands, Highland","https://www.californiahealthmaps.org?address=A0274","Male","AllSite",143795,510.6,467.8,556.9,71510,515.1,461.9,573.5,"","","","",47495,503.6,409.1,618.0,10990,412.0,246.1,685.2,3,59617,0.3,10.9,14.2,50.4,6.1,7.7,32.8,7.7,"","","","","",""
"A0274","San Bernardino","Redlands, Highland","https://www.californiahealthmaps.org?address=A0274","Female","AllSite",154290,444.9,411.2,481.0,75965,469.4,424.4,519.0,"","","","",50385,444.8,372.2,530.2,12730,328.1,234.3,459.0,3,59617,0.3,10.9,14.2,50.4,6.1,7.7,32.8,7.7,"","","","","",""
"A0274","San Bernardino","Redlands, Highland","https://www.californiahealthmaps.org?address=A0274","Male","Prostate",143795,130.1,109.8,153.8,71510,116.5,93.1,145.1,"","","","",47495,156.1,105.7,227.5,10990,"","","",3,59617,0.3,10.9,14.2,50.4,6.1,7.7,32.8,7.7,"","","","","",""
"A0274","San Bernardino","Redlands, Highland","https://www.californiahealthmaps.org?address=A0274","Female","Breast",154290,127.5,110.0,147.3,75965,117.3,95.4,144.0,"","","","",50385,150.5,109.5,204.7,12730,159.5,96.8,261.3,3,59617,0.3,10.9,14.2,50.4,6.1,7.7,32.8,7.7,"","","","","",""
"A0274","San Bernardino","Redlands, Highland","https://www.californiahealthmaps.org?address=A0274","Male","Lung",143795,43.2,31.0,59.2,71510,43.0,28.7,63.0,"","","","",47495,"","","",10990,"","","",3,59617,0.3,10.9,14.2,50.4,6.1,7.7,32.8,7.7,"","","","","",""
"A0274","San Bernardino","Redlands, Highland","https://www.californiahealthmaps.org?address=A0274","Female","Lung",154290,44.1,33.7,57.1,75965,51.9,37.9,70.8,"","","","",50385,"","","",12730,"","","",3,59617,0.3,10.9,14.2,50.4,6.1,7.7,32.8,7.7,"","","","","",""
"A0274","San Bernardino","Redlands, Highland","https://www.californiahealthmaps.org?address=A0274","Male","CRC",143795,63.7,49.1,81.9,71510,53.2,37.2,74.7,"","","","",47495,73.7,42.1,126.9,10990,"","","",3,59617,0.3,10.9,14.2,50.4,6.1,7.7,32.8,7.7,"","","","","",""
"A0274","San Bernardino","Redlands, Highland","https://www.californiahealthmaps.org?address=A0274","Female","CRC",154290,34.5,25.7,45.7,75965,34.5,23.5,50.4,"","","","",50385,"","","",12730,"","","",3,59617,0.3,10.9,14.2,50.4,6.1,7.7,32.8,7.7,"","","","","",""
"A0274","San Bernardino","Redlands, Highland","https://www.californiahealthmaps.org?address=A0274","Male","Mela",143795,46.5,33.8,63.0,71510,71.9,52.5,97.0,"","","","",47495,"","","",10990,"","","",3,59617,0.3,10.9,14.2,50.4,6.1,7.7,32.8,7.7,"","","","","",""
"A0274","San Bernardino","Redlands, Highland","https://www.californiahealthmaps.org?address=A0274","Female","Mela",154290,29.3,21.1,40.0,75965,48.1,33.9,67.3,"","","","",50385,"","","",12730,"","","",3,59617,0.3,10.9,14.2,50.4,6.1,7.7,32.8,7.7,"","","","","",""
"A0274","San Bernardino","Redlands, Highland","https://www.californiahealthmaps.org?address=A0274","Female","Uterine",154290,33.1,24.6,44.0,75965,32.2,22.0,47.4,"","","","",50385,"","","",12730,"","","",3,59617,0.3,10.9,14.2,50.4,6.1,7.7,32.8,7.7,"","","","","",""
"A0274","San Bernardino","Redlands, Highland","https://www.californiahealthmaps.org?address=A0274","Male","Lymph",143795,23.8,14.9,36.6,71510,"","","","","","","",47495,"","","",10990,"","","",3,59617,0.3,10.9,14.2,50.4,6.1,7.7,32.8,7.7,"","","","","",""
"A0274","San Bernardino","Redlands, Highland","https://www.californiahealthmaps.org?address=A0274","Female","Lymph",154290,13.3,8.1,21.0,75965,"","","","","","","",50385,"","","",12730,"","","",3,59617,0.3,10.9,14.2,50.4,6.1,7.7,32.8,7.7,"","","","","",""
"A0274","San Bernardino","Redlands, Highland","https://www.californiahealthmaps.org?address=A0274","Male","Urinary",143795,28.8,18.7,42.8,71510,36.7,22.9,56.4,"","","","",47495,"","","",10990,"","","",3,59617,0.3,10.9,14.2,50.4,6.1,7.7,32.8,7.7,"","","","","",""
"A0274","San Bernardino","Redlands, Highland","https://www.californiahealthmaps.org?address=A0274","Female","Urinary",154290,"","","",75965,"","","","","","","",50385,"","","",12730,"","","",3,59617,0.3,10.9,14.2,50.4,6.1,7.7,32.8,7.7,"","","","","",""
"A0274","San Bernardino","Redlands, Highland","https://www.californiahealthmaps.org?address=A0274","Male","Kidney",143795,19.0,11.9,29.7,71510,"","","","","","","",47495,"","","",10990,"","","",3,59617,0.3,10.9,14.2,50.4,6.1,7.7,32.8,7.7,"","","","","",""
"A0274","San Bernardino","Redlands, Highland","https://www.californiahealthmaps.org?address=A0274","Female","Kidney",154290,18.5,11.9,27.7,75965,16.4,9.1,29.2,"","","","",50385,"","","",12730,"","","",3,59617,0.3,10.9,14.2,50.4,6.1,7.7,32.8,7.7,"","","","","",""
"A0274","San Bernardino","Redlands, Highland","https://www.californiahealthmaps.org?address=A0274","Male","Thyroid",143795,"","","",71510,"","","","","","","",47495,"","","",10990,"","","",3,59617,0.3,10.9,14.2,50.4,6.1,7.7,32.8,7.7,"","","","","",""
"A0274","San Bernardino","Redlands, Highland","https://www.californiahealthmaps.org?address=A0274","Female","Thyroid",154290,21.7,14.9,31.0,75965,23.0,13.7,37.7,"","","","",50385,"","","",12730,"","","",3,59617,0.3,10.9,14.2,50.4,6.1,7.7,32.8,7.7,"","","","","",""
"A0274","San Bernardino","Redlands, Highland","https://www.californiahealthmaps.org?address=A0274","Male","Liver",143795,12.9,7.2,22.3,71510,"","","","","","","",47495,"","","",10990,"","","",3,59617,0.3,10.9,14.2,50.4,6.1,7.7,32.8,7.7,"","","","","",""
"A0274","San Bernardino","Redlands, Highland","https://www.californiahealthmaps.org?address=A0274","Female","Liver",154290,"","","",75965,"","","","","","","",50385,"","","",12730,"","","",3,59617,0.3,10.9,14.2,50.4,6.1,7.7,32.8,7.7,"","","","","",""
"A0274","San Bernardino","Redlands, Highland","https://www.californiahealthmaps.org?address=A0274","Male","Pancreas",143795,13.1,7.2,22.9,71510,"","","","","","","",47495,"","","",10990,"","","",3,59617,0.3,10.9,14.2,50.4,6.1,7.7,32.8,7.7,"","","","","",""
"A0274","San Bernardino","Redlands, Highland","https://www.californiahealthmaps.org?address=A0274","Female","Pancreas",154290,11.1,6.5,18.3,75965,"","","","","","","",50385,"","","",12730,"","","",3,59617,0.3,10.9,14.2,50.4,6.1,7.7,32.8,7.7,"","","","","",""
"A0274","San Bernardino","Redlands, Highland","https://www.californiahealthmaps.org?address=A0274","Both","AllSite",298085,467.8,441.5,495.5,147475,483.4,449.4,519.8,18880,525.2,415.8,662.3,97880,464.7,406.6,530.1,23720,335.9,256.7,440.8,3,59617,0.3,10.9,14.2,50.4,6.1,7.7,32.8,7.7,"","","","","",""
"A0274","San Bernardino","Redlands, Highland","https://www.californiahealthmaps.org?address=A0274","Both","Lung",298085,43.2,35.2,52.6,147475,47.5,37.3,60.1,18880,"","","",97880,35.2,19.6,59.5,23720,"","","",3,59617,0.3,10.9,14.2,50.4,6.1,7.7,32.8,7.7,"","","","","",""
"A0274","San Bernardino","Redlands, Highland","https://www.californiahealthmaps.org?address=A0274","Both","CRC",298085,46.9,38.8,56.4,147475,42.4,33.0,54.3,18880,"","","",97880,56.6,37.8,83.3,23720,"","","",3,59617,0.3,10.9,14.2,50.4,6.1,7.7,32.8,7.7,"","","","","",""
"A0274","San Bernardino","Redlands, Highland","https://www.californiahealthmaps.org?address=A0274","Both","Mela",298085,35.3,28.3,43.7,147475,56.3,44.9,70.3,18880,"","","",97880,"","","",23720,"","","",3,59617,0.3,10.9,14.2,50.4,6.1,7.7,32.8,7.7,"","","","","",""
"A0274","San Bernardino","Redlands, Highland","https://www.californiahealthmaps.org?address=A0274","Both","Lymph",298085,17.6,12.6,23.9,147475,15.6,9.7,24.4,18880,"","","",97880,28.9,15.3,51.2,23720,"","","",3,59617,0.3,10.9,14.2,50.4,6.1,7.7,32.8,7.7,"","","","","",""
"A0274","San Bernardino","Redlands, Highland","https://www.californiahealthmaps.org?address=A0274","Both","Urinary",298085,15.3,10.6,21.5,147475,19.3,12.9,28.3,18880,"","","",97880,"","","",23720,"","","",3,59617,0.3,10.9,14.2,50.4,6.1,7.7,32.8,7.7,"","","","","",""
"A0274","San Bernardino","Redlands, Highland","https://www.californiahealthmaps.org?address=A0274","Both","Kidney",298085,18.7,13.8,25.1,147475,16.8,11.0,25.2,18880,"","","",97880,27.0,15.0,47.0,23720,"","","",3,59617,0.3,10.9,14.2,50.4,6.1,7.7,32.8,7.7,"","","","","",""
"A0274","San Bernardino","Redlands, Highland","https://www.californiahealthmaps.org?address=A0274","Both","Thyroid",298085,14.8,10.5,20.5,147475,15.5,9.8,23.9,18880,"","","",97880,"","","",23720,"","","",3,59617,0.3,10.9,14.2,50.4,6.1,7.7,32.8,7.7,"","","","","",""
"A0274","San Bernardino","Redlands, Highland","https://www.californiahealthmaps.org?address=A0274","Both","Liver",298085,8.4,5.3,12.8,147475,8.4,4.7,14.7,18880,"","","",97880,"","","",23720,"","","",3,59617,0.3,10.9,14.2,50.4,6.1,7.7,32.8,7.7,"","","","","",""
"A0274","San Bernardino","Redlands, Highland","https://www.californiahealthmaps.org?address=A0274","Both","Pancreas",298085,11.7,8.0,16.8,147475,11.1,6.6,18.1,18880,"","","",97880,"","","",23720,"","","",3,59617,0.3,10.9,14.2,50.4,6.1,7.7,32.8,7.7,"","","","","",""
