"Zone","Counties","Cities","URL","Sex","Cancer","PopTot","AAIR","LCI","UCI","White_PopTot","White_AAIR","White_LCI","White_UCI","Black_PopTot","Black_AAIR","Black_LCI","Black_UCI","Hispanic_PopTot","Hispanic_AAIR","Hispanic_LCI","Hispanic_UCI","Asian_PopTot","Asian_AAIR","Asian_LCI","Asian_UCI","QNSES","PopAll","PerRural","PerUninsured","PerForeignBorn","PerWhite","PerBlack","PerAsian","PerHispanic","PerAPI","PerDocvisit","PerFOBT","PerMammo","PerMenPrev","PerPap","PerWomenPrev"
"A0463","Stanislaus","Patterson","https://www.californiahealthmaps.org?address=A0463","Male","AllSite",150890,489.9,446.9,536.2,53180,516.6,458.6,580.8,"","","","",82060,462.3,386.6,551.4,"","","","",2,59692,24.9,18.6,23.5,36.9,3.8,4.3,53.0,4.3,"","","","","",""
"A0463","Stanislaus","Patterson","https://www.californiahealthmaps.org?address=A0463","Female","AllSite",147570,408.3,372.8,446.7,53400,405.0,356.8,459.1,"","","","",78270,436.1,370.0,513.4,"","","","",2,59692,24.9,18.6,23.5,36.9,3.8,4.3,53.0,4.3,"","","","","",""
"A0463","Stanislaus","Patterson","https://www.californiahealthmaps.org?address=A0463","Male","Prostate",150890,99.9,81.0,122.2,53180,92.9,69.8,122.6,"","","","",82060,91.9,61.7,136.2,"","","","",2,59692,24.9,18.6,23.5,36.9,3.8,4.3,53.0,4.3,"","","","","",""
"A0463","Stanislaus","Patterson","https://www.californiahealthmaps.org?address=A0463","Female","Breast",147570,113.9,95.9,134.7,53400,109.8,86.1,139.4,"","","","",78270,118.5,87.1,161.4,"","","","",2,59692,24.9,18.6,23.5,36.9,3.8,4.3,53.0,4.3,"","","","","",""
"A0463","Stanislaus","Patterson","https://www.californiahealthmaps.org?address=A0463","Male","Lung",150890,62.4,47.1,81.4,53180,63.1,44.0,88.9,"","","","",82060,66.4,36.7,112.7,"","","","",2,59692,24.9,18.6,23.5,36.9,3.8,4.3,53.0,4.3,"","","","","",""
"A0463","Stanislaus","Patterson","https://www.californiahealthmaps.org?address=A0463","Female","Lung",147570,40.9,29.5,55.4,53400,52.0,35.3,75.0,"","","","",78270,"","","","","","","",2,59692,24.9,18.6,23.5,36.9,3.8,4.3,53.0,4.3,"","","","","",""
"A0463","Stanislaus","Patterson","https://www.californiahealthmaps.org?address=A0463","Male","CRC",150890,44.5,32.4,60.1,53180,43.0,28.0,64.7,"","","","",82060,41.9,22.3,76.6,"","","","",2,59692,24.9,18.6,23.5,36.9,3.8,4.3,53.0,4.3,"","","","","",""
"A0463","Stanislaus","Patterson","https://www.californiahealthmaps.org?address=A0463","Female","CRC",147570,38.7,28.5,52.0,53400,34.0,21.7,52.6,"","","","",78270,53.0,30.8,88.3,"","","","",2,59692,24.9,18.6,23.5,36.9,3.8,4.3,53.0,4.3,"","","","","",""
"A0463","Stanislaus","Patterson","https://www.californiahealthmaps.org?address=A0463","Male","Mela",150890,29.3,19.2,43.3,53180,44.1,28.0,67.3,"","","","",82060,"","","","","","","",2,59692,24.9,18.6,23.5,36.9,3.8,4.3,53.0,4.3,"","","","","",""
"A0463","Stanislaus","Patterson","https://www.californiahealthmaps.org?address=A0463","Female","Mela",147570,16.0,9.6,25.5,53400,"","","","","","","",78270,"","","","","","","",2,59692,24.9,18.6,23.5,36.9,3.8,4.3,53.0,4.3,"","","","","",""
"A0463","Stanislaus","Patterson","https://www.californiahealthmaps.org?address=A0463","Female","Uterine",147570,29.3,20.6,41.0,53400,30.4,19.0,48.1,"","","","",78270,"","","","","","","",2,59692,24.9,18.6,23.5,36.9,3.8,4.3,53.0,4.3,"","","","","",""
"A0463","Stanislaus","Patterson","https://www.californiahealthmaps.org?address=A0463","Male","Lymph",150890,28.2,18.6,41.5,53180,"","","","","","","",82060,"","","","","","","",2,59692,24.9,18.6,23.5,36.9,3.8,4.3,53.0,4.3,"","","","","",""
"A0463","Stanislaus","Patterson","https://www.californiahealthmaps.org?address=A0463","Female","Lymph",147570,12.6,6.9,21.5,53400,"","","","","","","",78270,"","","","","","","",2,59692,24.9,18.6,23.5,36.9,3.8,4.3,53.0,4.3,"","","","","",""
"A0463","Stanislaus","Patterson","https://www.californiahealthmaps.org?address=A0463","Male","Urinary",150890,20.4,12.1,32.6,53180,"","","","","","","",82060,"","","","","","","",2,59692,24.9,18.6,23.5,36.9,3.8,4.3,53.0,4.3,"","","","","",""
"A0463","Stanislaus","Patterson","https://www.californiahealthmaps.org?address=A0463","Female","Urinary",147570,"","","",53400,"","","","","","","",78270,"","","","","","","",2,59692,24.9,18.6,23.5,36.9,3.8,4.3,53.0,4.3,"","","","","",""
"A0463","Stanislaus","Patterson","https://www.californiahealthmaps.org?address=A0463","Male","Kidney",150890,23.8,15.8,35.2,53180,29.7,17.3,49.2,"","","","",82060,"","","","","","","",2,59692,24.9,18.6,23.5,36.9,3.8,4.3,53.0,4.3,"","","","","",""
"A0463","Stanislaus","Patterson","https://www.californiahealthmaps.org?address=A0463","Female","Kidney",147570,15.8,9.5,25.4,53400,"","","","","","","",78270,"","","","","","","",2,59692,24.9,18.6,23.5,36.9,3.8,4.3,53.0,4.3,"","","","","",""
"A0463","Stanislaus","Patterson","https://www.californiahealthmaps.org?address=A0463","Male","Thyroid",150890,"","","",53180,"","","","","","","",82060,"","","","","","","",2,59692,24.9,18.6,23.5,36.9,3.8,4.3,53.0,4.3,"","","","","",""
"A0463","Stanislaus","Patterson","https://www.californiahealthmaps.org?address=A0463","Female","Thyroid",147570,21.9,14.9,31.9,53400,"","","","","","","",78270,24.9,14.1,48.1,"","","","",2,59692,24.9,18.6,23.5,36.9,3.8,4.3,53.0,4.3,"","","","","",""
"A0463","Stanislaus","Patterson","https://www.californiahealthmaps.org?address=A0463","Male","Liver",150890,16.9,10.2,27.2,53180,"","","","","","","",82060,"","","","","","","",2,59692,24.9,18.6,23.5,36.9,3.8,4.3,53.0,4.3,"","","","","",""
"A0463","Stanislaus","Patterson","https://www.californiahealthmaps.org?address=A0463","Female","Liver",147570,"","","",53400,"","","","","","","",78270,"","","","","","","",2,59692,24.9,18.6,23.5,36.9,3.8,4.3,53.0,4.3,"","","","","",""
"A0463","Stanislaus","Patterson","https://www.californiahealthmaps.org?address=A0463","Male","Pancreas",150890,"","","",53180,"","","","","","","",82060,"","","","","","","",2,59692,24.9,18.6,23.5,36.9,3.8,4.3,53.0,4.3,"","","","","",""
"A0463","Stanislaus","Patterson","https://www.californiahealthmaps.org?address=A0463","Female","Pancreas",147570,13.3,7.7,22.1,53400,"","","","","","","",78270,"","","","","","","",2,59692,24.9,18.6,23.5,36.9,3.8,4.3,53.0,4.3,"","","","","",""
"A0463","Stanislaus","Patterson","https://www.californiahealthmaps.org?address=A0463","Both","AllSite",298460,441.8,414.4,470.7,106580,454.0,416.7,494.3,10420,550.8,363.5,829.7,160330,443.6,393.5,499.6,12395,315.0,207.0,495.2,2,59692,24.9,18.6,23.5,36.9,3.8,4.3,53.0,4.3,"","","","","",""
"A0463","Stanislaus","Patterson","https://www.californiahealthmaps.org?address=A0463","Both","Lung",298460,50.5,41.1,61.6,106580,57.3,44.4,73.3,10420,"","","",160330,45.6,28.6,70.1,12395,"","","",2,59692,24.9,18.6,23.5,36.9,3.8,4.3,53.0,4.3,"","","","","",""
"A0463","Stanislaus","Patterson","https://www.californiahealthmaps.org?address=A0463","Both","CRC",298460,41.2,33.2,50.7,106580,38.0,28.1,50.8,10420,"","","",160330,48.0,32.4,70.4,12395,"","","",2,59692,24.9,18.6,23.5,36.9,3.8,4.3,53.0,4.3,"","","","","",""
"A0463","Stanislaus","Patterson","https://www.californiahealthmaps.org?address=A0463","Both","Mela",298460,21.6,15.7,29.0,106580,31.3,21.9,44.1,10420,"","","",160330,"","","",12395,"","","",2,59692,24.9,18.6,23.5,36.9,3.8,4.3,53.0,4.3,"","","","","",""
"A0463","Stanislaus","Patterson","https://www.californiahealthmaps.org?address=A0463","Both","Lymph",298460,19.6,14.1,26.7,106580,11.6,6.5,20.1,10420,"","","",160330,36.3,22.4,57.2,12395,"","","",2,59692,24.9,18.6,23.5,36.9,3.8,4.3,53.0,4.3,"","","","","",""
"A0463","Stanislaus","Patterson","https://www.californiahealthmaps.org?address=A0463","Both","Urinary",298460,13.8,9.1,20.2,106580,15.6,9.3,25.2,10420,"","","",160330,"","","",12395,"","","",2,59692,24.9,18.6,23.5,36.9,3.8,4.3,53.0,4.3,"","","","","",""
"A0463","Stanislaus","Patterson","https://www.californiahealthmaps.org?address=A0463","Both","Kidney",298460,19.9,14.6,26.8,106580,24.1,16.1,35.3,10420,"","","",160330,18.4,10.4,33.2,12395,"","","",2,59692,24.9,18.6,23.5,36.9,3.8,4.3,53.0,4.3,"","","","","",""
"A0463","Stanislaus","Patterson","https://www.californiahealthmaps.org?address=A0463","Both","Thyroid",298460,13.1,9.2,18.5,106580,"","","",10420,"","","",160330,16.3,9.7,29.4,12395,"","","",2,59692,24.9,18.6,23.5,36.9,3.8,4.3,53.0,4.3,"","","","","",""
"A0463","Stanislaus","Patterson","https://www.californiahealthmaps.org?address=A0463","Both","Liver",298460,11.1,7.2,16.5,106580,"","","",10420,"","","",160330,"","","",12395,"","","",2,59692,24.9,18.6,23.5,36.9,3.8,4.3,53.0,4.3,"","","","","",""
"A0463","Stanislaus","Patterson","https://www.californiahealthmaps.org?address=A0463","Both","Pancreas",298460,11.5,7.6,17.1,106580,11.8,6.7,20.2,10420,"","","",160330,"","","",12395,"","","",2,59692,24.9,18.6,23.5,36.9,3.8,4.3,53.0,4.3,"","","","","",""
