"Zone","Counties","Cities","URL","Sex","Cancer","PopTot","AAIR","LCI","UCI","White_PopTot","White_AAIR","White_LCI","White_UCI","Black_PopTot","Black_AAIR","Black_LCI","Black_UCI","Hispanic_PopTot","Hispanic_AAIR","Hispanic_LCI","Hispanic_UCI","Asian_PopTot","Asian_AAIR","Asian_LCI","Asian_UCI","QNSES","PopAll","PerRural","PerUninsured","PerForeignBorn","PerWhite","PerBlack","PerAsian","PerHispanic","PerAPI","PerDocvisit","PerFOBT","PerMammo","PerMenPrev","PerPap","PerWomenPrev"
"A1114","San Mateo","Atherton, Portola Valley, Woodside","https://www.californiahealthmaps.org?address=A1114","Male","AllSite",141035,532.9,499.6,568.4,104490,551.8,514.1,592.9,"","","","",18115,401.2,279.7,566.9,12595,409.8,303.0,546.9,5,58016,19.9,5.4,19.8,73.3,0.9,9.7,13.2,9.7,"","","","","",""
"A1114","San Mateo","Atherton, Portola Valley, Woodside","https://www.californiahealthmaps.org?address=A1114","Female","AllSite",149045,439.3,410.1,471.0,109290,438.9,405.9,475.7,"","","","",17860,414.0,309.3,549.0,16140,421.6,325.2,548.5,5,58016,19.9,5.4,19.8,73.3,0.9,9.7,13.2,9.7,"","","","","",""
"A1114","San Mateo","Atherton, Portola Valley, Woodside","https://www.californiahealthmaps.org?address=A1114","Male","Prostate",141035,122.1,107.1,139.3,104490,124.0,107.7,143.7,"","","","",18115,"","","",12595,"","","",5,58016,19.9,5.4,19.8,73.3,0.9,9.7,13.2,9.7,"","","","","",""
"A1114","San Mateo","Atherton, Portola Valley, Woodside","https://www.californiahealthmaps.org?address=A1114","Female","Breast",149045,140.9,124.7,159.7,109290,143.7,125.3,166.3,"","","","",17860,129.7,73.3,219.4,16140,116.0,71.8,193.1,5,58016,19.9,5.4,19.8,73.3,0.9,9.7,13.2,9.7,"","","","","",""
"A1114","San Mateo","Atherton, Portola Valley, Woodside","https://www.californiahealthmaps.org?address=A1114","Male","Lung",141035,35.0,27.1,45.3,104490,32.0,23.9,43.8,"","","","",18115,"","","",12595,"","","",5,58016,19.9,5.4,19.8,73.3,0.9,9.7,13.2,9.7,"","","","","",""
"A1114","San Mateo","Atherton, Portola Valley, Woodside","https://www.californiahealthmaps.org?address=A1114","Female","Lung",149045,39.7,31.8,50.3,109290,39.6,30.9,52.9,"","","","",17860,"","","",16140,"","","",5,58016,19.9,5.4,19.8,73.3,0.9,9.7,13.2,9.7,"","","","","",""
"A1114","San Mateo","Atherton, Portola Valley, Woodside","https://www.californiahealthmaps.org?address=A1114","Male","CRC",141035,40.2,31.6,51.3,104490,37.2,28.4,49.7,"","","","",18115,"","","",12595,"","","",5,58016,19.9,5.4,19.8,73.3,0.9,9.7,13.2,9.7,"","","","","",""
"A1114","San Mateo","Atherton, Portola Valley, Woodside","https://www.californiahealthmaps.org?address=A1114","Female","CRC",149045,29.3,22.3,39.2,109290,28.7,21.1,41.1,"","","","",17860,"","","",16140,"","","",5,58016,19.9,5.4,19.8,73.3,0.9,9.7,13.2,9.7,"","","","","",""
"A1114","San Mateo","Atherton, Portola Valley, Woodside","https://www.californiahealthmaps.org?address=A1114","Male","Mela",141035,75.1,62.8,89.8,104490,84.6,69.9,102.9,"","","","",18115,"","","",12595,"","","",5,58016,19.9,5.4,19.8,73.3,0.9,9.7,13.2,9.7,"","","","","",""
"A1114","San Mateo","Atherton, Portola Valley, Woodside","https://www.californiahealthmaps.org?address=A1114","Female","Mela",149045,42.9,33.5,55.4,109290,50.4,38.5,67.0,"","","","",17860,"","","",16140,"","","",5,58016,19.9,5.4,19.8,73.3,0.9,9.7,13.2,9.7,"","","","","",""
"A1114","San Mateo","Atherton, Portola Valley, Woodside","https://www.californiahealthmaps.org?address=A1114","Female","Uterine",149045,21.4,15.7,29.9,109290,18.7,13.0,29.2,"","","","",17860,"","","",16140,"","","",5,58016,19.9,5.4,19.8,73.3,0.9,9.7,13.2,9.7,"","","","","",""
"A1114","San Mateo","Atherton, Portola Valley, Woodside","https://www.californiahealthmaps.org?address=A1114","Male","Lymph",141035,35.5,27.2,46.3,104490,37.2,27.8,50.5,"","","","",18115,"","","",12595,"","","",5,58016,19.9,5.4,19.8,73.3,0.9,9.7,13.2,9.7,"","","","","",""
"A1114","San Mateo","Atherton, Portola Valley, Woodside","https://www.californiahealthmaps.org?address=A1114","Female","Lymph",149045,25.2,18.3,35.0,109290,24.3,16.4,37.3,"","","","",17860,"","","",16140,"","","",5,58016,19.9,5.4,19.8,73.3,0.9,9.7,13.2,9.7,"","","","","",""
"A1114","San Mateo","Atherton, Portola Valley, Woodside","https://www.californiahealthmaps.org?address=A1114","Male","Urinary",141035,19.4,13.8,27.4,104490,19.1,13.2,28.9,"","","","",18115,"","","",12595,"","","",5,58016,19.9,5.4,19.8,73.3,0.9,9.7,13.2,9.7,"","","","","",""
"A1114","San Mateo","Atherton, Portola Valley, Woodside","https://www.californiahealthmaps.org?address=A1114","Female","Urinary",149045,"","","",109290,"","","","","","","",17860,"","","",16140,"","","",5,58016,19.9,5.4,19.8,73.3,0.9,9.7,13.2,9.7,"","","","","",""
"A1114","San Mateo","Atherton, Portola Valley, Woodside","https://www.californiahealthmaps.org?address=A1114","Male","Kidney",141035,22.6,16.2,31.5,104490,23.1,16.1,34.2,"","","","",18115,"","","",12595,"","","",5,58016,19.9,5.4,19.8,73.3,0.9,9.7,13.2,9.7,"","","","","",""
"A1114","San Mateo","Atherton, Portola Valley, Woodside","https://www.californiahealthmaps.org?address=A1114","Female","Kidney",149045,6.9,3.9,13.2,109290,"","","","","","","",17860,"","","",16140,"","","",5,58016,19.9,5.4,19.8,73.3,0.9,9.7,13.2,9.7,"","","","","",""
"A1114","San Mateo","Atherton, Portola Valley, Woodside","https://www.californiahealthmaps.org?address=A1114","Male","Thyroid",141035,13.1,7.8,21.2,104490,15.9,8.9,27.6,"","","","",18115,"","","",12595,"","","",5,58016,19.9,5.4,19.8,73.3,0.9,9.7,13.2,9.7,"","","","","",""
"A1114","San Mateo","Atherton, Portola Valley, Woodside","https://www.californiahealthmaps.org?address=A1114","Female","Thyroid",149045,17.4,11.6,26.3,109290,16.6,9.9,28.7,"","","","",17860,"","","",16140,"","","",5,58016,19.9,5.4,19.8,73.3,0.9,9.7,13.2,9.7,"","","","","",""
"A1114","San Mateo","Atherton, Portola Valley, Woodside","https://www.californiahealthmaps.org?address=A1114","Male","Liver",141035,7.8,4.3,14.0,104490,"","","","","","","",18115,"","","",12595,"","","",5,58016,19.9,5.4,19.8,73.3,0.9,9.7,13.2,9.7,"","","","","",""
"A1114","San Mateo","Atherton, Portola Valley, Woodside","https://www.californiahealthmaps.org?address=A1114","Female","Liver",149045,"","","",109290,"","","","","","","",17860,"","","",16140,"","","",5,58016,19.9,5.4,19.8,73.3,0.9,9.7,13.2,9.7,"","","","","",""
"A1114","San Mateo","Atherton, Portola Valley, Woodside","https://www.californiahealthmaps.org?address=A1114","Male","Pancreas",141035,14.0,9.1,21.3,104490,13.1,8.2,22.4,"","","","",18115,"","","",12595,"","","",5,58016,19.9,5.4,19.8,73.3,0.9,9.7,13.2,9.7,"","","","","",""
"A1114","San Mateo","Atherton, Portola Valley, Woodside","https://www.californiahealthmaps.org?address=A1114","Female","Pancreas",149045,9.5,6.0,16.2,109290,10.0,6.1,19.4,"","","","",17860,"","","",16140,"","","",5,58016,19.9,5.4,19.8,73.3,0.9,9.7,13.2,9.7,"","","","","",""
"A1114","San Mateo","Atherton, Portola Valley, Woodside","https://www.californiahealthmaps.org?address=A1114","Both","AllSite",290080,478.5,456.6,501.5,213780,487.7,462.9,514.3,"","","","",35975,399.9,321.1,494.7,28735,414.9,343.0,501.0,5,58016,19.9,5.4,19.8,73.3,0.9,9.7,13.2,9.7,"","","","","",""
"A1114","San Mateo","Atherton, Portola Valley, Woodside","https://www.californiahealthmaps.org?address=A1114","Both","Lung",290080,37.2,31.6,44.1,213780,35.5,29.6,43.4,"","","","",35975,"","","",28735,55.0,31.1,94.9,5,58016,19.9,5.4,19.8,73.3,0.9,9.7,13.2,9.7,"","","","","",""
"A1114","San Mateo","Atherton, Portola Valley, Woodside","https://www.californiahealthmaps.org?address=A1114","Both","CRC",290080,34.2,28.6,40.9,213780,32.4,26.5,40.2,"","","","",35975,"","","",28735,"","","",5,58016,19.9,5.4,19.8,73.3,0.9,9.7,13.2,9.7,"","","","","",""
"A1114","San Mateo","Atherton, Portola Valley, Woodside","https://www.californiahealthmaps.org?address=A1114","Both","Mela",290080,56.7,49.1,65.6,213780,65.1,55.8,76.3,"","","","",35975,"","","",28735,"","","",5,58016,19.9,5.4,19.8,73.3,0.9,9.7,13.2,9.7,"","","","","",""
"A1114","San Mateo","Atherton, Portola Valley, Woodside","https://www.californiahealthmaps.org?address=A1114","Both","Lymph",290080,29.6,24.2,36.2,213780,30.0,23.9,38.3,"","","","",35975,"","","",28735,"","","",5,58016,19.9,5.4,19.8,73.3,0.9,9.7,13.2,9.7,"","","","","",""
"A1114","San Mateo","Atherton, Portola Valley, Woodside","https://www.californiahealthmaps.org?address=A1114","Both","Urinary",290080,9.0,6.5,12.8,213780,9.0,6.3,13.8,"","","","",35975,"","","",28735,"","","",5,58016,19.9,5.4,19.8,73.3,0.9,9.7,13.2,9.7,"","","","","",""
"A1114","San Mateo","Atherton, Portola Valley, Woodside","https://www.californiahealthmaps.org?address=A1114","Both","Kidney",290080,14.1,10.6,18.8,213780,14.3,10.5,20.2,"","","","",35975,"","","",28735,"","","",5,58016,19.9,5.4,19.8,73.3,0.9,9.7,13.2,9.7,"","","","","",""
"A1114","San Mateo","Atherton, Portola Valley, Woodside","https://www.californiahealthmaps.org?address=A1114","Both","Thyroid",290080,15.2,11.2,20.7,213780,16.1,11.1,23.5,"","","","",35975,"","","",28735,"","","",5,58016,19.9,5.4,19.8,73.3,0.9,9.7,13.2,9.7,"","","","","",""
"A1114","San Mateo","Atherton, Portola Valley, Woodside","https://www.californiahealthmaps.org?address=A1114","Both","Liver",290080,6.0,3.8,9.7,213780,"","","","","","","",35975,"","","",28735,"","","",5,58016,19.9,5.4,19.8,73.3,0.9,9.7,13.2,9.7,"","","","","",""
"A1114","San Mateo","Atherton, Portola Valley, Woodside","https://www.californiahealthmaps.org?address=A1114","Both","Pancreas",290080,11.6,8.6,15.9,213780,11.5,8.3,16.9,"","","","",35975,"","","",28735,"","","",5,58016,19.9,5.4,19.8,73.3,0.9,9.7,13.2,9.7,"","","","","",""
