"Zone","Counties","Cities","URL","Sex","Cancer","PopTot","AAIR","LCI","UCI","White_PopTot","White_AAIR","White_LCI","White_UCI","Black_PopTot","Black_AAIR","Black_LCI","Black_UCI","Hispanic_PopTot","Hispanic_AAIR","Hispanic_LCI","Hispanic_UCI","Asian_PopTot","Asian_AAIR","Asian_LCI","Asian_UCI","QNSES","PopAll","PerRural","PerUninsured","PerForeignBorn","PerWhite","PerBlack","PerAsian","PerHispanic","PerAPI","PerDocvisit","PerFOBT","PerMammo","PerMenPrev","PerPap","PerWomenPrev"
"A0681","Orange","Mission Viejo, Rancho Santa Margarita","https://www.californiahealthmaps.org?address=A0681","Male","AllSite",153180,521.2,483.6,561.2,108745,509.1,467.7,553.9,"","","","",20725,553.7,410.7,746.3,15140,345.3,247.1,476.5,5,63198,0.1,5.8,18.1,71.0,1.3,11.3,13.0,11.3,"","","","","",""
"A0681","Orange","Mission Viejo, Rancho Santa Margarita","https://www.californiahealthmaps.org?address=A0681","Female","AllSite",162810,454.6,423.5,487.6,114100,464.7,429.2,503.3,"","","","",22730,473.8,367.6,605.4,17560,371.2,282.4,484.8,5,63198,0.1,5.8,18.1,71.0,1.3,11.3,13.0,11.3,"","","","","",""
"A0681","Orange","Mission Viejo, Rancho Santa Margarita","https://www.californiahealthmaps.org?address=A0681","Male","Prostate",153180,136.9,118.0,158.2,108745,125.4,105.5,148.7,"","","","",20725,203.8,126.9,332.1,15140,"","","",5,63198,0.1,5.8,18.1,71.0,1.3,11.3,13.0,11.3,"","","","","",""
"A0681","Orange","Mission Viejo, Rancho Santa Margarita","https://www.californiahealthmaps.org?address=A0681","Female","Breast",162810,147.5,130.3,166.8,114100,152.8,133.0,175.7,"","","","",22730,136.5,85.4,213.6,17560,128.0,80.6,200.9,5,63198,0.1,5.8,18.1,71.0,1.3,11.3,13.0,11.3,"","","","","",""
"A0681","Orange","Mission Viejo, Rancho Santa Margarita","https://www.californiahealthmaps.org?address=A0681","Male","Lung",153180,49.7,38.1,64.0,108745,50.7,37.9,67.2,"","","","",20725,"","","",15140,"","","",5,63198,0.1,5.8,18.1,71.0,1.3,11.3,13.0,11.3,"","","","","",""
"A0681","Orange","Mission Viejo, Rancho Santa Margarita","https://www.californiahealthmaps.org?address=A0681","Female","Lung",162810,41.1,32.2,52.1,114100,44.7,34.4,58.1,"","","","",22730,"","","",17560,"","","",5,63198,0.1,5.8,18.1,71.0,1.3,11.3,13.0,11.3,"","","","","",""
"A0681","Orange","Mission Viejo, Rancho Santa Margarita","https://www.californiahealthmaps.org?address=A0681","Male","CRC",153180,42.8,32.8,55.3,108745,37.2,26.9,51.1,"","","","",20725,"","","",15140,"","","",5,63198,0.1,5.8,18.1,71.0,1.3,11.3,13.0,11.3,"","","","","",""
"A0681","Orange","Mission Viejo, Rancho Santa Margarita","https://www.californiahealthmaps.org?address=A0681","Female","CRC",162810,31.2,23.4,41.1,114100,31.2,22.7,43.0,"","","","",22730,"","","",17560,"","","",5,63198,0.1,5.8,18.1,71.0,1.3,11.3,13.0,11.3,"","","","","",""
"A0681","Orange","Mission Viejo, Rancho Santa Margarita","https://www.californiahealthmaps.org?address=A0681","Male","Mela",153180,50.5,39.3,64.2,108745,55.3,42.0,72.3,"","","","",20725,"","","",15140,"","","",5,63198,0.1,5.8,18.1,71.0,1.3,11.3,13.0,11.3,"","","","","",""
"A0681","Orange","Mission Viejo, Rancho Santa Margarita","https://www.californiahealthmaps.org?address=A0681","Female","Mela",162810,32.2,24.5,42.0,114100,36.7,27.2,49.5,"","","","",22730,"","","",17560,"","","",5,63198,0.1,5.8,18.1,71.0,1.3,11.3,13.0,11.3,"","","","","",""
"A0681","Orange","Mission Viejo, Rancho Santa Margarita","https://www.californiahealthmaps.org?address=A0681","Female","Uterine",162810,30.9,23.3,40.6,114100,31.7,23.2,43.6,"","","","",22730,"","","",17560,"","","",5,63198,0.1,5.8,18.1,71.0,1.3,11.3,13.0,11.3,"","","","","",""
"A0681","Orange","Mission Viejo, Rancho Santa Margarita","https://www.californiahealthmaps.org?address=A0681","Male","Lymph",153180,33.4,24.3,45.2,108745,36.6,26.1,51.0,"","","","",20725,"","","",15140,"","","",5,63198,0.1,5.8,18.1,71.0,1.3,11.3,13.0,11.3,"","","","","",""
"A0681","Orange","Mission Viejo, Rancho Santa Margarita","https://www.californiahealthmaps.org?address=A0681","Female","Lymph",162810,22.2,15.5,31.2,114100,22.1,14.8,32.8,"","","","",22730,"","","",17560,"","","",5,63198,0.1,5.8,18.1,71.0,1.3,11.3,13.0,11.3,"","","","","",""
"A0681","Orange","Mission Viejo, Rancho Santa Margarita","https://www.californiahealthmaps.org?address=A0681","Male","Urinary",153180,12.7,7.6,20.4,108745,11.7,6.7,20.7,"","","","",20725,"","","",15140,"","","",5,63198,0.1,5.8,18.1,71.0,1.3,11.3,13.0,11.3,"","","","","",""
"A0681","Orange","Mission Viejo, Rancho Santa Margarita","https://www.californiahealthmaps.org?address=A0681","Female","Urinary",162810,"","","",114100,"","","","","","","",22730,"","","",17560,"","","",5,63198,0.1,5.8,18.1,71.0,1.3,11.3,13.0,11.3,"","","","","",""
"A0681","Orange","Mission Viejo, Rancho Santa Margarita","https://www.californiahealthmaps.org?address=A0681","Male","Kidney",153180,23.5,16.0,33.7,108745,24.8,16.1,37.4,"","","","",20725,"","","",15140,"","","",5,63198,0.1,5.8,18.1,71.0,1.3,11.3,13.0,11.3,"","","","","",""
"A0681","Orange","Mission Viejo, Rancho Santa Margarita","https://www.californiahealthmaps.org?address=A0681","Female","Kidney",162810,9.8,5.6,16.4,114100,"","","","","","","",22730,"","","",17560,"","","",5,63198,0.1,5.8,18.1,71.0,1.3,11.3,13.0,11.3,"","","","","",""
"A0681","Orange","Mission Viejo, Rancho Santa Margarita","https://www.californiahealthmaps.org?address=A0681","Male","Thyroid",153180,"","","",108745,"","","","","","","",20725,"","","",15140,"","","",5,63198,0.1,5.8,18.1,71.0,1.3,11.3,13.0,11.3,"","","","","",""
"A0681","Orange","Mission Viejo, Rancho Santa Margarita","https://www.californiahealthmaps.org?address=A0681","Female","Thyroid",162810,20.8,14.3,29.6,114100,18.5,11.6,29.1,"","","","",22730,"","","",17560,"","","",5,63198,0.1,5.8,18.1,71.0,1.3,11.3,13.0,11.3,"","","","","",""
"A0681","Orange","Mission Viejo, Rancho Santa Margarita","https://www.californiahealthmaps.org?address=A0681","Male","Liver",153180,"","","",108745,"","","","","","","",20725,"","","",15140,"","","",5,63198,0.1,5.8,18.1,71.0,1.3,11.3,13.0,11.3,"","","","","",""
"A0681","Orange","Mission Viejo, Rancho Santa Margarita","https://www.californiahealthmaps.org?address=A0681","Female","Liver",162810,"","","",114100,"","","","","","","",22730,"","","",17560,"","","",5,63198,0.1,5.8,18.1,71.0,1.3,11.3,13.0,11.3,"","","","","",""
"A0681","Orange","Mission Viejo, Rancho Santa Margarita","https://www.californiahealthmaps.org?address=A0681","Male","Pancreas",153180,13.7,8.1,22.0,108745,14.6,8.4,24.9,"","","","",20725,"","","",15140,"","","",5,63198,0.1,5.8,18.1,71.0,1.3,11.3,13.0,11.3,"","","","","",""
"A0681","Orange","Mission Viejo, Rancho Santa Margarita","https://www.californiahealthmaps.org?address=A0681","Female","Pancreas",162810,14.9,9.8,22.3,114100,15.7,10.0,24.9,"","","","",22730,"","","",17560,"","","",5,63198,0.1,5.8,18.1,71.0,1.3,11.3,13.0,11.3,"","","","","",""
"A0681","Orange","Mission Viejo, Rancho Santa Margarita","https://www.californiahealthmaps.org?address=A0681","Both","AllSite",315990,482.2,458.2,507.3,222845,481.8,454.8,510.4,"","","","",43455,508.4,420.2,612.9,32700,361.1,293.8,441.1,5,63198,0.1,5.8,18.1,71.0,1.3,11.3,13.0,11.3,"","","","","",""
"A0681","Orange","Mission Viejo, Rancho Santa Margarita","https://www.californiahealthmaps.org?address=A0681","Both","Lung",315990,44.6,37.4,53.0,222845,47.1,38.9,56.9,"","","","",43455,"","","",32700,"","","",5,63198,0.1,5.8,18.1,71.0,1.3,11.3,13.0,11.3,"","","","","",""
"A0681","Orange","Mission Viejo, Rancho Santa Margarita","https://www.californiahealthmaps.org?address=A0681","Both","CRC",315990,36.5,30.2,44.0,222845,33.9,27.1,42.3,"","","","",43455,"","","",32700,"","","",5,63198,0.1,5.8,18.1,71.0,1.3,11.3,13.0,11.3,"","","","","",""
"A0681","Orange","Mission Viejo, Rancho Santa Margarita","https://www.californiahealthmaps.org?address=A0681","Both","Mela",315990,40.0,33.4,47.7,222845,44.8,36.7,54.6,"","","","",43455,"","","",32700,"","","",5,63198,0.1,5.8,18.1,71.0,1.3,11.3,13.0,11.3,"","","","","",""
"A0681","Orange","Mission Viejo, Rancho Santa Margarita","https://www.californiahealthmaps.org?address=A0681","Both","Lymph",315990,27.0,21.4,33.8,222845,28.4,22.0,36.4,"","","","",43455,"","","",32700,"","","",5,63198,0.1,5.8,18.1,71.0,1.3,11.3,13.0,11.3,"","","","","",""
"A0681","Orange","Mission Viejo, Rancho Santa Margarita","https://www.californiahealthmaps.org?address=A0681","Both","Urinary",315990,8.7,5.7,12.8,222845,8.3,5.2,13.2,"","","","",43455,"","","",32700,"","","",5,63198,0.1,5.8,18.1,71.0,1.3,11.3,13.0,11.3,"","","","","",""
"A0681","Orange","Mission Viejo, Rancho Santa Margarita","https://www.californiahealthmaps.org?address=A0681","Both","Kidney",315990,16.0,11.8,21.3,222845,16.3,11.5,23.0,"","","","",43455,"","","",32700,"","","",5,63198,0.1,5.8,18.1,71.0,1.3,11.3,13.0,11.3,"","","","","",""
"A0681","Orange","Mission Viejo, Rancho Santa Margarita","https://www.californiahealthmaps.org?address=A0681","Both","Thyroid",315990,14.8,10.8,20.1,222845,12.9,8.7,19.0,"","","","",43455,"","","",32700,"","","",5,63198,0.1,5.8,18.1,71.0,1.3,11.3,13.0,11.3,"","","","","",""
"A0681","Orange","Mission Viejo, Rancho Santa Margarita","https://www.californiahealthmaps.org?address=A0681","Both","Liver",315990,6.3,3.8,9.9,222845,5.8,3.3,10.2,"","","","",43455,"","","",32700,"","","",5,63198,0.1,5.8,18.1,71.0,1.3,11.3,13.0,11.3,"","","","","",""
"A0681","Orange","Mission Viejo, Rancho Santa Margarita","https://www.californiahealthmaps.org?address=A0681","Both","Pancreas",315990,14.4,10.5,19.5,222845,15.4,11.0,21.5,"","","","",43455,"","","",32700,"","","",5,63198,0.1,5.8,18.1,71.0,1.3,11.3,13.0,11.3,"","","","","",""
