"Zone","Counties","Cities","URL","Sex","Cancer","PopTot","AAIR","LCI","UCI","White_PopTot","White_AAIR","White_LCI","White_UCI","Black_PopTot","Black_AAIR","Black_LCI","Black_UCI","Hispanic_PopTot","Hispanic_AAIR","Hispanic_LCI","Hispanic_UCI","Asian_PopTot","Asian_AAIR","Asian_LCI","Asian_UCI","QNSES","PopAll","PerRural","PerUninsured","PerForeignBorn","PerWhite","PerBlack","PerAsian","PerHispanic","PerAPI","PerDocvisit","PerFOBT","PerMammo","PerMenPrev","PerPap","PerWomenPrev"
"A0788","Orange","Yorba Linda, Anaheim","https://www.californiahealthmaps.org?address=A0788","Male","AllSite",151070,530.1,491.1,572.1,93920,546.7,499.9,597.6,"","","","",27055,466.6,360.1,602.4,22490,391.5,301.6,505.1,5,61942,0.0,9.2,20.5,61.4,1.8,16.2,17.1,16.2,"","","","","",""
"A0788","Orange","Yorba Linda, Anaheim","https://www.californiahealthmaps.org?address=A0788","Female","AllSite",158640,471.7,438.7,506.8,96740,484.4,443.8,528.9,"","","","",29170,469.0,382.6,571.9,25310,417.6,337.7,513.6,5,61942,0.0,9.2,20.5,61.4,1.8,16.2,17.1,16.2,"","","","","",""
"A0788","Orange","Yorba Linda, Anaheim","https://www.californiahealthmaps.org?address=A0788","Male","Prostate",151070,131.0,112.9,152.1,93920,123.2,102.6,148.0,"","","","",27055,130.3,80.2,211.1,22490,89.4,52.9,150.2,5,61942,0.0,9.2,20.5,61.4,1.8,16.2,17.1,16.2,"","","","","",""
"A0788","Orange","Yorba Linda, Anaheim","https://www.californiahealthmaps.org?address=A0788","Female","Breast",158640,147.3,129.6,167.0,96740,150.3,128.6,175.9,"","","","",29170,154.4,107.0,218.9,25310,119.9,83.4,171.8,5,61942,0.0,9.2,20.5,61.4,1.8,16.2,17.1,16.2,"","","","","",""
"A0788","Orange","Yorba Linda, Anaheim","https://www.californiahealthmaps.org?address=A0788","Male","Lung",151070,49.6,37.1,65.5,93920,54.6,39.6,74.6,"","","","",27055,"","","",22490,"","","",5,61942,0.0,9.2,20.5,61.4,1.8,16.2,17.1,16.2,"","","","","",""
"A0788","Orange","Yorba Linda, Anaheim","https://www.californiahealthmaps.org?address=A0788","Female","Lung",158640,41.3,31.5,53.4,96740,44.4,32.4,60.6,"","","","",29170,"","","",25310,"","","",5,61942,0.0,9.2,20.5,61.4,1.8,16.2,17.1,16.2,"","","","","",""
"A0788","Orange","Yorba Linda, Anaheim","https://www.californiahealthmaps.org?address=A0788","Male","CRC",151070,45.2,34.1,59.5,93920,42.7,30.2,60.0,"","","","",27055,"","","",22490,"","","",5,61942,0.0,9.2,20.5,61.4,1.8,16.2,17.1,16.2,"","","","","",""
"A0788","Orange","Yorba Linda, Anaheim","https://www.californiahealthmaps.org?address=A0788","Female","CRC",158640,36.2,27.6,47.1,96740,36.5,26.3,50.9,"","","","",29170,"","","",25310,"","","",5,61942,0.0,9.2,20.5,61.4,1.8,16.2,17.1,16.2,"","","","","",""
"A0788","Orange","Yorba Linda, Anaheim","https://www.californiahealthmaps.org?address=A0788","Male","Mela",151070,56.0,44.0,71.1,93920,74.7,58.1,95.7,"","","","",27055,"","","",22490,"","","",5,61942,0.0,9.2,20.5,61.4,1.8,16.2,17.1,16.2,"","","","","",""
"A0788","Orange","Yorba Linda, Anaheim","https://www.californiahealthmaps.org?address=A0788","Female","Mela",158640,27.2,19.7,36.8,96740,36.7,25.8,51.9,"","","","",29170,"","","",25310,"","","",5,61942,0.0,9.2,20.5,61.4,1.8,16.2,17.1,16.2,"","","","","",""
"A0788","Orange","Yorba Linda, Anaheim","https://www.californiahealthmaps.org?address=A0788","Female","Uterine",158640,30.1,22.4,40.0,96740,31.6,22.2,45.1,"","","","",29170,"","","",25310,"","","",5,61942,0.0,9.2,20.5,61.4,1.8,16.2,17.1,16.2,"","","","","",""
"A0788","Orange","Yorba Linda, Anaheim","https://www.californiahealthmaps.org?address=A0788","Male","Lymph",151070,24.2,16.2,35.6,93920,27.9,17.8,42.9,"","","","",27055,"","","",22490,"","","",5,61942,0.0,9.2,20.5,61.4,1.8,16.2,17.1,16.2,"","","","","",""
"A0788","Orange","Yorba Linda, Anaheim","https://www.californiahealthmaps.org?address=A0788","Female","Lymph",158640,24.8,17.8,34.1,96740,22.2,14.2,34.5,"","","","",29170,"","","",25310,"","","",5,61942,0.0,9.2,20.5,61.4,1.8,16.2,17.1,16.2,"","","","","",""
"A0788","Orange","Yorba Linda, Anaheim","https://www.californiahealthmaps.org?address=A0788","Male","Urinary",151070,18.0,11.2,28.2,93920,19.0,11.0,32.0,"","","","",27055,"","","",22490,"","","",5,61942,0.0,9.2,20.5,61.4,1.8,16.2,17.1,16.2,"","","","","",""
"A0788","Orange","Yorba Linda, Anaheim","https://www.californiahealthmaps.org?address=A0788","Female","Urinary",158640,"","","",96740,"","","","","","","",29170,"","","",25310,"","","",5,61942,0.0,9.2,20.5,61.4,1.8,16.2,17.1,16.2,"","","","","",""
"A0788","Orange","Yorba Linda, Anaheim","https://www.californiahealthmaps.org?address=A0788","Male","Kidney",151070,32.6,24.1,44.3,93920,32.1,22.0,46.7,"","","","",27055,"","","",22490,"","","",5,61942,0.0,9.2,20.5,61.4,1.8,16.2,17.1,16.2,"","","","","",""
"A0788","Orange","Yorba Linda, Anaheim","https://www.californiahealthmaps.org?address=A0788","Female","Kidney",158640,11.6,7.0,18.4,96740,14.7,8.5,25.5,"","","","",29170,"","","",25310,"","","",5,61942,0.0,9.2,20.5,61.4,1.8,16.2,17.1,16.2,"","","","","",""
"A0788","Orange","Yorba Linda, Anaheim","https://www.californiahealthmaps.org?address=A0788","Male","Thyroid",151070,13.6,8.5,21.9,93920,14.4,8.1,25.6,"","","","",27055,"","","",22490,"","","",5,61942,0.0,9.2,20.5,61.4,1.8,16.2,17.1,16.2,"","","","","",""
"A0788","Orange","Yorba Linda, Anaheim","https://www.californiahealthmaps.org?address=A0788","Female","Thyroid",158640,33.0,24.7,43.5,96740,32.8,22.5,47.5,"","","","",29170,"","","",25310,"","","",5,61942,0.0,9.2,20.5,61.4,1.8,16.2,17.1,16.2,"","","","","",""
"A0788","Orange","Yorba Linda, Anaheim","https://www.californiahealthmaps.org?address=A0788","Male","Liver",151070,15.3,9.3,24.8,93920,"","","","","","","",27055,"","","",22490,"","","",5,61942,0.0,9.2,20.5,61.4,1.8,16.2,17.1,16.2,"","","","","",""
"A0788","Orange","Yorba Linda, Anaheim","https://www.californiahealthmaps.org?address=A0788","Female","Liver",158640,"","","",96740,"","","","","","","",29170,"","","",25310,"","","",5,61942,0.0,9.2,20.5,61.4,1.8,16.2,17.1,16.2,"","","","","",""
"A0788","Orange","Yorba Linda, Anaheim","https://www.californiahealthmaps.org?address=A0788","Male","Pancreas",151070,10.6,5.9,18.8,93920,"","","","","","","",27055,"","","",22490,"","","",5,61942,0.0,9.2,20.5,61.4,1.8,16.2,17.1,16.2,"","","","","",""
"A0788","Orange","Yorba Linda, Anaheim","https://www.californiahealthmaps.org?address=A0788","Female","Pancreas",158640,10.8,6.2,17.8,96740,"","","","","","","",29170,"","","",25310,"","","",5,61942,0.0,9.2,20.5,61.4,1.8,16.2,17.1,16.2,"","","","","",""
"A0788","Orange","Yorba Linda, Anaheim","https://www.californiahealthmaps.org?address=A0788","Both","AllSite",309710,497.2,472.0,523.5,190660,513.2,482.5,545.8,"","","","",56225,458.9,392.7,534.9,47800,401.7,342.3,469.8,5,61942,0.0,9.2,20.5,61.4,1.8,16.2,17.1,16.2,"","","","","",""
"A0788","Orange","Yorba Linda, Anaheim","https://www.californiahealthmaps.org?address=A0788","Both","Lung",309710,44.4,36.6,53.4,190660,48.8,39.3,60.4,"","","","",56225,"","","",47800,43.9,24.9,72.9,5,61942,0.0,9.2,20.5,61.4,1.8,16.2,17.1,16.2,"","","","","",""
"A0788","Orange","Yorba Linda, Anaheim","https://www.californiahealthmaps.org?address=A0788","Both","CRC",309710,40.5,33.5,48.8,190660,39.8,31.6,50.1,"","","","",56225,"","","",47800,40.7,23.4,67.6,5,61942,0.0,9.2,20.5,61.4,1.8,16.2,17.1,16.2,"","","","","",""
"A0788","Orange","Yorba Linda, Anaheim","https://www.californiahealthmaps.org?address=A0788","Both","Mela",309710,40.6,33.7,48.6,190660,54.2,44.5,65.9,"","","","",56225,"","","",47800,"","","",5,61942,0.0,9.2,20.5,61.4,1.8,16.2,17.1,16.2,"","","","","",""
"A0788","Orange","Yorba Linda, Anaheim","https://www.californiahealthmaps.org?address=A0788","Both","Lymph",309710,24.4,19.0,30.9,190660,24.5,18.1,32.9,"","","","",56225,"","","",47800,"","","",5,61942,0.0,9.2,20.5,61.4,1.8,16.2,17.1,16.2,"","","","","",""
"A0788","Orange","Yorba Linda, Anaheim","https://www.californiahealthmaps.org?address=A0788","Both","Urinary",309710,10.5,7.1,15.3,190660,11.8,7.5,18.3,"","","","",56225,"","","",47800,"","","",5,61942,0.0,9.2,20.5,61.4,1.8,16.2,17.1,16.2,"","","","","",""
"A0788","Orange","Yorba Linda, Anaheim","https://www.californiahealthmaps.org?address=A0788","Both","Kidney",309710,21.7,16.8,27.7,190660,23.1,17.1,31.2,"","","","",56225,30.3,17.1,53.9,47800,"","","",5,61942,0.0,9.2,20.5,61.4,1.8,16.2,17.1,16.2,"","","","","",""
"A0788","Orange","Yorba Linda, Anaheim","https://www.californiahealthmaps.org?address=A0788","Both","Thyroid",309710,23.6,18.6,29.8,190660,23.8,17.5,32.1,"","","","",56225,"","","",47800,"","","",5,61942,0.0,9.2,20.5,61.4,1.8,16.2,17.1,16.2,"","","","","",""
"A0788","Orange","Yorba Linda, Anaheim","https://www.californiahealthmaps.org?address=A0788","Both","Liver",309710,10.0,6.8,14.5,190660,7.1,4.1,12.3,"","","","",56225,"","","",47800,"","","",5,61942,0.0,9.2,20.5,61.4,1.8,16.2,17.1,16.2,"","","","","",""
"A0788","Orange","Yorba Linda, Anaheim","https://www.californiahealthmaps.org?address=A0788","Both","Pancreas",309710,11.1,7.5,15.9,190660,11.1,6.9,17.5,"","","","",56225,"","","",47800,"","","",5,61942,0.0,9.2,20.5,61.4,1.8,16.2,17.1,16.2,"","","","","",""
