"Zone","Counties","Cities","URL","Sex","Cancer","PopTot","AAIR","LCI","UCI","White_PopTot","White_AAIR","White_LCI","White_UCI","Black_PopTot","Black_AAIR","Black_LCI","Black_UCI","Hispanic_PopTot","Hispanic_AAIR","Hispanic_LCI","Hispanic_UCI","Asian_PopTot","Asian_AAIR","Asian_LCI","Asian_UCI","QNSES","PopAll","PerRural","PerUninsured","PerForeignBorn","PerWhite","PerBlack","PerAsian","PerHispanic","PerAPI","PerDocvisit","PerFOBT","PerMammo","PerMenPrev","PerPap","PerWomenPrev"
"A0764","Los Angeles","Los Angeles","https://www.californiahealthmaps.org?address=A0764","Male","AllSite",172700,408.2,375.8,442.9,61420,454.9,407.4,509.9,"","","","",82340,326.9,261.5,407.6,18580,339.3,267.8,435.2,2,68320,0.0,34.2,55.5,35.9,3.5,11.7,47.1,11.7,63.4,61.8,79.5,28.0,84.4,33.1
"A0764","Los Angeles","Los Angeles","https://www.californiahealthmaps.org?address=A0764","Female","AllSite",168900,339.0,313.2,366.8,60805,389.7,347.8,440.0,"","","","",75640,283.3,236.7,337.6,23550,311.9,255.5,394.4,2,68320,0.0,34.2,55.5,35.9,3.5,11.7,47.1,11.7,63.4,61.8,79.5,28.0,84.4,33.1
"A0764","Los Angeles","Los Angeles","https://www.californiahealthmaps.org?address=A0764","Male","Prostate",172700,79.6,65.7,95.9,61420,80.5,61.8,107.7,"","","","",82340,87.4,54.3,137.4,18580,66.9,38.2,124.6,2,68320,0.0,34.2,55.5,35.9,3.5,11.7,47.1,11.7,63.4,61.8,79.5,28.0,84.4,33.1
"A0764","Los Angeles","Los Angeles","https://www.californiahealthmaps.org?address=A0764","Female","Breast",168900,96.1,82.5,111.8,60805,119.1,95.9,151.6,"","","","",75640,72.7,51.3,101.9,23550,80.0,52.0,140.0,2,68320,0.0,34.2,55.5,35.9,3.5,11.7,47.1,11.7,63.4,61.8,79.5,28.0,84.4,33.1
"A0764","Los Angeles","Los Angeles","https://www.californiahealthmaps.org?address=A0764","Male","Lung",172700,54.5,43.0,68.3,61420,62.1,46.0,87.1,"","","","",82340,"","","",18580,"","","",2,68320,0.0,34.2,55.5,35.9,3.5,11.7,47.1,11.7,63.4,61.8,79.5,28.0,84.4,33.1
"A0764","Los Angeles","Los Angeles","https://www.californiahealthmaps.org?address=A0764","Female","Lung",168900,24.6,18.1,33.5,60805,26.7,16.8,47.8,"","","","",75640,"","","",23550,"","","",2,68320,0.0,34.2,55.5,35.9,3.5,11.7,47.1,11.7,63.4,61.8,79.5,28.0,84.4,33.1
"A0764","Los Angeles","Los Angeles","https://www.californiahealthmaps.org?address=A0764","Male","CRC",172700,52.4,41.1,65.9,61420,55.4,38.9,81.2,"","","","",82340,"","","",18580,"","","",2,68320,0.0,34.2,55.5,35.9,3.5,11.7,47.1,11.7,63.4,61.8,79.5,28.0,84.4,33.1
"A0764","Los Angeles","Los Angeles","https://www.californiahealthmaps.org?address=A0764","Female","CRC",168900,43.8,34.9,54.9,60805,51.8,37.7,76.0,"","","","",75640,"","","",23550,48.7,27.9,104.0,2,68320,0.0,34.2,55.5,35.9,3.5,11.7,47.1,11.7,63.4,61.8,79.5,28.0,84.4,33.1
"A0764","Los Angeles","Los Angeles","https://www.californiahealthmaps.org?address=A0764","Male","Mela",172700,12.9,7.7,20.6,61420,21.7,12.3,41.4,"","","","",82340,"","","",18580,"","","",2,68320,0.0,34.2,55.5,35.9,3.5,11.7,47.1,11.7,63.4,61.8,79.5,28.0,84.4,33.1
"A0764","Los Angeles","Los Angeles","https://www.californiahealthmaps.org?address=A0764","Female","Mela",168900,"","","",60805,"","","","","","","",75640,"","","",23550,"","","",2,68320,0.0,34.2,55.5,35.9,3.5,11.7,47.1,11.7,63.4,61.8,79.5,28.0,84.4,33.1
"A0764","Los Angeles","Los Angeles","https://www.californiahealthmaps.org?address=A0764","Female","Uterine",168900,26.6,19.8,35.6,60805,29.0,18.7,50.3,"","","","",75640,"","","",23550,"","","",2,68320,0.0,34.2,55.5,35.9,3.5,11.7,47.1,11.7,63.4,61.8,79.5,28.0,84.4,33.1
"A0764","Los Angeles","Los Angeles","https://www.californiahealthmaps.org?address=A0764","Male","Lymph",172700,25.4,17.8,35.4,61420,26.4,16.0,46.8,"","","","",82340,"","","",18580,"","","",2,68320,0.0,34.2,55.5,35.9,3.5,11.7,47.1,11.7,63.4,61.8,79.5,28.0,84.4,33.1
"A0764","Los Angeles","Los Angeles","https://www.californiahealthmaps.org?address=A0764","Female","Lymph",168900,13.6,8.8,20.8,60805,"","","","","","","",75640,"","","",23550,"","","",2,68320,0.0,34.2,55.5,35.9,3.5,11.7,47.1,11.7,63.4,61.8,79.5,28.0,84.4,33.1
"A0764","Los Angeles","Los Angeles","https://www.californiahealthmaps.org?address=A0764","Male","Urinary",172700,20.8,13.8,30.2,61420,30.5,19.3,51.4,"","","","",82340,"","","",18580,"","","",2,68320,0.0,34.2,55.5,35.9,3.5,11.7,47.1,11.7,63.4,61.8,79.5,28.0,84.4,33.1
"A0764","Los Angeles","Los Angeles","https://www.californiahealthmaps.org?address=A0764","Female","Urinary",168900,"","","",60805,"","","","","","","",75640,"","","",23550,"","","",2,68320,0.0,34.2,55.5,35.9,3.5,11.7,47.1,11.7,63.4,61.8,79.5,28.0,84.4,33.1
"A0764","Los Angeles","Los Angeles","https://www.californiahealthmaps.org?address=A0764","Male","Kidney",172700,14.8,9.2,22.7,61420,"","","","","","","",82340,"","","",18580,"","","",2,68320,0.0,34.2,55.5,35.9,3.5,11.7,47.1,11.7,63.4,61.8,79.5,28.0,84.4,33.1
"A0764","Los Angeles","Los Angeles","https://www.californiahealthmaps.org?address=A0764","Female","Kidney",168900,"","","",60805,"","","","","","","",75640,"","","",23550,"","","",2,68320,0.0,34.2,55.5,35.9,3.5,11.7,47.1,11.7,63.4,61.8,79.5,28.0,84.4,33.1
"A0764","Los Angeles","Los Angeles","https://www.californiahealthmaps.org?address=A0764","Male","Thyroid",172700,"","","",61420,"","","","","","","",82340,"","","",18580,"","","",2,68320,0.0,34.2,55.5,35.9,3.5,11.7,47.1,11.7,63.4,61.8,79.5,28.0,84.4,33.1
"A0764","Los Angeles","Los Angeles","https://www.californiahealthmaps.org?address=A0764","Female","Thyroid",168900,9.0,5.2,15.2,60805,"","","","","","","",75640,"","","",23550,"","","",2,68320,0.0,34.2,55.5,35.9,3.5,11.7,47.1,11.7,63.4,61.8,79.5,28.0,84.4,33.1
"A0764","Los Angeles","Los Angeles","https://www.californiahealthmaps.org?address=A0764","Male","Liver",172700,14.7,9.2,22.6,61420,"","","","","","","",82340,"","","",18580,"","","",2,68320,0.0,34.2,55.5,35.9,3.5,11.7,47.1,11.7,63.4,61.8,79.5,28.0,84.4,33.1
"A0764","Los Angeles","Los Angeles","https://www.californiahealthmaps.org?address=A0764","Female","Liver",168900,7.8,4.4,13.8,60805,"","","","","","","",75640,"","","",23550,"","","",2,68320,0.0,34.2,55.5,35.9,3.5,11.7,47.1,11.7,63.4,61.8,79.5,28.0,84.4,33.1
"A0764","Los Angeles","Los Angeles","https://www.californiahealthmaps.org?address=A0764","Male","Pancreas",172700,16.6,10.6,25.1,61420,20.0,11.4,38.9,"","","","",82340,"","","",18580,"","","",2,68320,0.0,34.2,55.5,35.9,3.5,11.7,47.1,11.7,63.4,61.8,79.5,28.0,84.4,33.1
"A0764","Los Angeles","Los Angeles","https://www.californiahealthmaps.org?address=A0764","Female","Pancreas",168900,12.2,7.8,18.9,60805,"","","","","","","",75640,"","","",23550,"","","",2,68320,0.0,34.2,55.5,35.9,3.5,11.7,47.1,11.7,63.4,61.8,79.5,28.0,84.4,33.1
"A0764","Los Angeles","Los Angeles","https://www.californiahealthmaps.org?address=A0764","Both","AllSite",341600,366.0,345.9,387.1,122225,415.8,384.6,450.9,11025,560.1,418.9,767.9,157980,297.6,259.5,340.7,42130,320.7,276.2,376.9,2,68320,0.0,34.2,55.5,35.9,3.5,11.7,47.1,11.7,63.4,61.8,79.5,28.0,84.4,33.1
"A0764","Los Angeles","Los Angeles","https://www.californiahealthmaps.org?address=A0764","Both","Lung",341600,37.3,31.0,44.6,122225,42.7,33.4,56.5,11025,"","","",157980,22.5,12.5,38.4,42130,38.0,24.0,66.8,2,68320,0.0,34.2,55.5,35.9,3.5,11.7,47.1,11.7,63.4,61.8,79.5,28.0,84.4,33.1
"A0764","Los Angeles","Los Angeles","https://www.californiahealthmaps.org?address=A0764","Both","CRC",341600,47.8,40.7,56.0,122225,53.9,42.8,69.4,11025,"","","",157980,31.8,19.6,49.8,42130,53.0,35.9,84.4,2,68320,0.0,34.2,55.5,35.9,3.5,11.7,47.1,11.7,63.4,61.8,79.5,28.0,84.4,33.1
"A0764","Los Angeles","Los Angeles","https://www.californiahealthmaps.org?address=A0764","Both","Mela",341600,7.5,4.9,11.3,122225,12.5,7.5,22.8,11025,"","","",157980,"","","",42130,"","","",2,68320,0.0,34.2,55.5,35.9,3.5,11.7,47.1,11.7,63.4,61.8,79.5,28.0,84.4,33.1
"A0764","Los Angeles","Los Angeles","https://www.californiahealthmaps.org?address=A0764","Both","Lymph",341600,18.7,14.3,24.2,122225,20.2,13.1,32.6,11025,"","","",157980,22.4,12.5,38.2,42130,"","","",2,68320,0.0,34.2,55.5,35.9,3.5,11.7,47.1,11.7,63.4,61.8,79.5,28.0,84.4,33.1
"A0764","Los Angeles","Los Angeles","https://www.californiahealthmaps.org?address=A0764","Both","Urinary",341600,10.4,7.2,14.7,122225,16.6,11.0,27.3,11025,"","","",157980,"","","",42130,"","","",2,68320,0.0,34.2,55.5,35.9,3.5,11.7,47.1,11.7,63.4,61.8,79.5,28.0,84.4,33.1
"A0764","Los Angeles","Los Angeles","https://www.californiahealthmaps.org?address=A0764","Both","Kidney",341600,10.3,7.2,14.6,122225,11.3,6.7,21.3,11025,"","","",157980,"","","",42130,"","","",2,68320,0.0,34.2,55.5,35.9,3.5,11.7,47.1,11.7,63.4,61.8,79.5,28.0,84.4,33.1
"A0764","Los Angeles","Los Angeles","https://www.californiahealthmaps.org?address=A0764","Both","Thyroid",341600,7.7,5.1,11.4,122225,"","","",11025,"","","",157980,"","","",42130,"","","",2,68320,0.0,34.2,55.5,35.9,3.5,11.7,47.1,11.7,63.4,61.8,79.5,28.0,84.4,33.1
"A0764","Los Angeles","Los Angeles","https://www.californiahealthmaps.org?address=A0764","Both","Liver",341600,10.9,7.7,15.2,122225,"","","",11025,"","","",157980,21.6,12.2,36.7,42130,"","","",2,68320,0.0,34.2,55.5,35.9,3.5,11.7,47.1,11.7,63.4,61.8,79.5,28.0,84.4,33.1
"A0764","Los Angeles","Los Angeles","https://www.californiahealthmaps.org?address=A0764","Both","Pancreas",341600,14.2,10.5,19.1,122225,16.4,11.0,26.8,11025,"","","",157980,"","","",42130,"","","",2,68320,0.0,34.2,55.5,35.9,3.5,11.7,47.1,11.7,63.4,61.8,79.5,28.0,84.4,33.1
