"Zone","Counties","Cities","URL","Sex","Cancer","PopTot","AAIR","LCI","UCI","White_PopTot","White_AAIR","White_LCI","White_UCI","Black_PopTot","Black_AAIR","Black_LCI","Black_UCI","Hispanic_PopTot","Hispanic_AAIR","Hispanic_LCI","Hispanic_UCI","Asian_PopTot","Asian_AAIR","Asian_LCI","Asian_UCI","QNSES","PopAll","PerRural","PerUninsured","PerForeignBorn","PerWhite","PerBlack","PerAsian","PerHispanic","PerAPI","PerDocvisit","PerFOBT","PerMammo","PerMenPrev","PerPap","PerWomenPrev"
"A0751","Sacramento","Sacramento","https://www.californiahealthmaps.org?address=A0751","Male","AllSite",152435,469.7,425.8,517.5,29180,521.0,435.7,620.4,25190,582.3,457.3,758.0,37080,589.2,453.0,764.3,51575,402.5,336.1,480.9,2,63031,0.0,15.5,31.7,18.2,18.4,32.6,24.4,32.6,"","","","","",""
"A0751","Sacramento","Sacramento","https://www.californiahealthmaps.org?address=A0751","Female","AllSite",162720,446.6,409.9,486.0,31510,515.0,442.4,598.0,30360,509.1,418.0,617.2,37780,465.5,368.2,586.6,53125,385.8,328.5,451.5,2,63031,0.0,15.5,31.7,18.2,18.4,32.6,24.4,32.6,"","","","","",""
"A0751","Sacramento","Sacramento","https://www.californiahealthmaps.org?address=A0751","Male","Prostate",152435,103.8,84.3,127.3,29180,78.6,48.4,123.6,25190,219.7,151.0,344.2,37080,157.4,90.7,267.2,51575,65.2,41.3,101.9,2,63031,0.0,15.5,31.7,18.2,18.4,32.6,24.4,32.6,"","","","","",""
"A0751","Sacramento","Sacramento","https://www.californiahealthmaps.org?address=A0751","Female","Breast",162720,114.7,97.1,135.1,31510,117.3,85.1,160.2,30360,177.8,126.2,247.0,37780,143.9,93.0,220.1,53125,81.8,58.6,113.4,2,63031,0.0,15.5,31.7,18.2,18.4,32.6,24.4,32.6,"","","","","",""
"A0751","Sacramento","Sacramento","https://www.californiahealthmaps.org?address=A0751","Male","Lung",152435,60.2,44.5,80.5,29180,51.3,28.4,89.0,25190,"","","",37080,"","","",51575,78.8,50.4,120.6,2,63031,0.0,15.5,31.7,18.2,18.4,32.6,24.4,32.6,"","","","","",""
"A0751","Sacramento","Sacramento","https://www.californiahealthmaps.org?address=A0751","Female","Lung",162720,45.0,33.6,59.6,31510,63.6,40.1,98.5,30360,"","","",37780,"","","",53125,"","","",2,63031,0.0,15.5,31.7,18.2,18.4,32.6,24.4,32.6,"","","","","",""
"A0751","Sacramento","Sacramento","https://www.californiahealthmaps.org?address=A0751","Male","CRC",152435,61.6,46.7,80.6,29180,65.9,38.7,108.2,25190,"","","",37080,"","","",51575,77.7,50.3,118.1,2,63031,0.0,15.5,31.7,18.2,18.4,32.6,24.4,32.6,"","","","","",""
"A0751","Sacramento","Sacramento","https://www.californiahealthmaps.org?address=A0751","Female","CRC",162720,41.0,30.5,54.4,31510,44.9,25.1,76.6,30360,59.3,31.7,105.6,37780,"","","",53125,"","","",2,63031,0.0,15.5,31.7,18.2,18.4,32.6,24.4,32.6,"","","","","",""
"A0751","Sacramento","Sacramento","https://www.californiahealthmaps.org?address=A0751","Male","Mela",152435,19.0,10.5,32.3,29180,"","","",25190,"","","",37080,"","","",51575,"","","",2,63031,0.0,15.5,31.7,18.2,18.4,32.6,24.4,32.6,"","","","","",""
"A0751","Sacramento","Sacramento","https://www.californiahealthmaps.org?address=A0751","Female","Mela",162720,"","","",31510,"","","",30360,"","","",37780,"","","",53125,"","","",2,63031,0.0,15.5,31.7,18.2,18.4,32.6,24.4,32.6,"","","","","",""
"A0751","Sacramento","Sacramento","https://www.californiahealthmaps.org?address=A0751","Female","Uterine",162720,32.3,23.2,44.3,31510,45.3,25.4,77.1,30360,"","","",37780,"","","",53125,31.4,17.9,53.9,2,63031,0.0,15.5,31.7,18.2,18.4,32.6,24.4,32.6,"","","","","",""
"A0751","Sacramento","Sacramento","https://www.californiahealthmaps.org?address=A0751","Male","Lymph",152435,27.2,17.5,41.4,29180,"","","",25190,"","","",37080,"","","",51575,"","","",2,63031,0.0,15.5,31.7,18.2,18.4,32.6,24.4,32.6,"","","","","",""
"A0751","Sacramento","Sacramento","https://www.californiahealthmaps.org?address=A0751","Female","Lymph",162720,19.5,12.6,29.6,31510,"","","",30360,"","","",37780,"","","",53125,"","","",2,63031,0.0,15.5,31.7,18.2,18.4,32.6,24.4,32.6,"","","","","",""
"A0751","Sacramento","Sacramento","https://www.californiahealthmaps.org?address=A0751","Male","Urinary",152435,"","","",29180,"","","",25190,"","","",37080,"","","",51575,"","","",2,63031,0.0,15.5,31.7,18.2,18.4,32.6,24.4,32.6,"","","","","",""
"A0751","Sacramento","Sacramento","https://www.californiahealthmaps.org?address=A0751","Female","Urinary",162720,"","","",31510,"","","",30360,"","","",37780,"","","",53125,"","","",2,63031,0.0,15.5,31.7,18.2,18.4,32.6,24.4,32.6,"","","","","",""
"A0751","Sacramento","Sacramento","https://www.californiahealthmaps.org?address=A0751","Male","Kidney",152435,29.4,19.3,43.9,29180,"","","",25190,"","","",37080,"","","",51575,"","","",2,63031,0.0,15.5,31.7,18.2,18.4,32.6,24.4,32.6,"","","","","",""
"A0751","Sacramento","Sacramento","https://www.californiahealthmaps.org?address=A0751","Female","Kidney",162720,12.0,6.7,20.5,31510,"","","",30360,"","","",37780,"","","",53125,"","","",2,63031,0.0,15.5,31.7,18.2,18.4,32.6,24.4,32.6,"","","","","",""
"A0751","Sacramento","Sacramento","https://www.californiahealthmaps.org?address=A0751","Male","Thyroid",152435,"","","",29180,"","","",25190,"","","",37080,"","","",51575,"","","",2,63031,0.0,15.5,31.7,18.2,18.4,32.6,24.4,32.6,"","","","","",""
"A0751","Sacramento","Sacramento","https://www.californiahealthmaps.org?address=A0751","Female","Thyroid",162720,18.5,12.2,27.7,31510,"","","",30360,"","","",37780,"","","",53125,"","","",2,63031,0.0,15.5,31.7,18.2,18.4,32.6,24.4,32.6,"","","","","",""
"A0751","Sacramento","Sacramento","https://www.californiahealthmaps.org?address=A0751","Male","Liver",152435,22.3,13.9,34.9,29180,"","","",25190,"","","",37080,"","","",51575,"","","",2,63031,0.0,15.5,31.7,18.2,18.4,32.6,24.4,32.6,"","","","","",""
"A0751","Sacramento","Sacramento","https://www.californiahealthmaps.org?address=A0751","Female","Liver",162720,19.5,11.9,30.4,31510,"","","",30360,"","","",37780,"","","",53125,"","","",2,63031,0.0,15.5,31.7,18.2,18.4,32.6,24.4,32.6,"","","","","",""
"A0751","Sacramento","Sacramento","https://www.californiahealthmaps.org?address=A0751","Male","Pancreas",152435,17.6,10.0,29.8,29180,"","","",25190,"","","",37080,"","","",51575,"","","",2,63031,0.0,15.5,31.7,18.2,18.4,32.6,24.4,32.6,"","","","","",""
"A0751","Sacramento","Sacramento","https://www.californiahealthmaps.org?address=A0751","Female","Pancreas",162720,17.8,10.8,28.1,31510,"","","",30360,"","","",37780,"","","",53125,"","","",2,63031,0.0,15.5,31.7,18.2,18.4,32.6,24.4,32.6,"","","","","",""
"A0751","Sacramento","Sacramento","https://www.californiahealthmaps.org?address=A0751","Both","AllSite",315155,454.4,426.3,484.1,60690,513.4,458.1,574.3,55550,535.9,462.0,621.4,74860,505.5,426.2,598.0,104700,390.8,347.3,439.1,2,63031,0.0,15.5,31.7,18.2,18.4,32.6,24.4,32.6,"","","","","",""
"A0751","Sacramento","Sacramento","https://www.californiahealthmaps.org?address=A0751","Both","Lung",315155,52.1,42.4,63.6,60690,60.7,42.7,84.6,55550,51.3,29.3,87.2,74860,"","","",104700,50.5,35.0,71.2,2,63031,0.0,15.5,31.7,18.2,18.4,32.6,24.4,32.6,"","","","","",""
"A0751","Sacramento","Sacramento","https://www.californiahealthmaps.org?address=A0751","Both","CRC",315155,50.3,41.3,60.9,60690,53.9,37.2,76.6,55550,50.7,30.4,84.3,74860,44.4,24.1,79.3,104700,52.5,37.3,72.8,2,63031,0.0,15.5,31.7,18.2,18.4,32.6,24.4,32.6,"","","","","",""
"A0751","Sacramento","Sacramento","https://www.californiahealthmaps.org?address=A0751","Both","Mela",315155,12.6,8.2,18.9,60690,30.3,17.7,49.2,55550,"","","",74860,"","","",104700,"","","",2,63031,0.0,15.5,31.7,18.2,18.4,32.6,24.4,32.6,"","","","","",""
"A0751","Sacramento","Sacramento","https://www.californiahealthmaps.org?address=A0751","Both","Lymph",315155,22.9,17.0,30.5,60690,23.6,13.5,39.7,55550,"","","",74860,"","","",104700,22.0,12.4,37.1,2,63031,0.0,15.5,31.7,18.2,18.4,32.6,24.4,32.6,"","","","","",""
"A0751","Sacramento","Sacramento","https://www.californiahealthmaps.org?address=A0751","Both","Urinary",315155,8.0,4.4,13.6,60690,"","","",55550,"","","",74860,"","","",104700,"","","",2,63031,0.0,15.5,31.7,18.2,18.4,32.6,24.4,32.6,"","","","","",""
"A0751","Sacramento","Sacramento","https://www.californiahealthmaps.org?address=A0751","Both","Kidney",315155,19.6,14.1,26.7,60690,"","","",55550,"","","",74860,"","","",104700,"","","",2,63031,0.0,15.5,31.7,18.2,18.4,32.6,24.4,32.6,"","","","","",""
"A0751","Sacramento","Sacramento","https://www.californiahealthmaps.org?address=A0751","Both","Thyroid",315155,11.9,8.0,17.4,60690,"","","",55550,"","","",74860,"","","",104700,"","","",2,63031,0.0,15.5,31.7,18.2,18.4,32.6,24.4,32.6,"","","","","",""
"A0751","Sacramento","Sacramento","https://www.californiahealthmaps.org?address=A0751","Both","Liver",315155,21.0,15.2,28.7,60690,"","","",55550,"","","",74860,"","","",104700,29.6,18.2,46.4,2,63031,0.0,15.5,31.7,18.2,18.4,32.6,24.4,32.6,"","","","","",""
"A0751","Sacramento","Sacramento","https://www.californiahealthmaps.org?address=A0751","Both","Pancreas",315155,17.6,12.3,24.7,60690,"","","",55550,"","","",74860,"","","",104700,"","","",2,63031,0.0,15.5,31.7,18.2,18.4,32.6,24.4,32.6,"","","","","",""
