"Zone","Counties","Cities","URL","Sex","Cancer","PopTot","AAIR","LCI","UCI","White_PopTot","White_AAIR","White_LCI","White_UCI","Black_PopTot","Black_AAIR","Black_LCI","Black_UCI","Hispanic_PopTot","Hispanic_AAIR","Hispanic_LCI","Hispanic_UCI","Asian_PopTot","Asian_AAIR","Asian_LCI","Asian_UCI","QNSES","PopAll","PerRural","PerUninsured","PerForeignBorn","PerWhite","PerBlack","PerAsian","PerHispanic","PerAPI","PerDocvisit","PerFOBT","PerMammo","PerMenPrev","PerPap","PerWomenPrev"
"B0418","Inyo, Fresno, Tulare","Fresno","https://www.californiahealthmaps.org?address=B0418","Male","AllSite",193085,488.3,459.0,519.2,130290,478.1,445.7,513.0,"","","","",33035,407.4,314.8,526.5,14730,297.4,200.2,440.6,4,77469,56.2,10.7,11.1,67.9,1.6,7.8,15.7,7.8,"","","","","",""
"B0418","Inyo, Fresno, Tulare","Fresno","https://www.californiahealthmaps.org?address=B0418","Female","AllSite",194260,462.6,435.0,491.7,131055,457.9,426.4,491.9,"","","","",32410,487.0,396.6,596.2,15795,385.7,290.6,506.9,4,77469,56.2,10.7,11.1,67.9,1.6,7.8,15.7,7.8,"","","","","",""
"B0418","Inyo, Fresno, Tulare","Fresno","https://www.californiahealthmaps.org?address=B0418","Male","Prostate",193085,108.1,95.1,122.6,130290,103.7,89.8,120.0,"","","","",33035,103.2,63.1,171.3,14730,"","","",4,77469,56.2,10.7,11.1,67.9,1.6,7.8,15.7,7.8,"","","","","",""
"B0418","Inyo, Fresno, Tulare","Fresno","https://www.californiahealthmaps.org?address=B0418","Female","Breast",194260,151.5,136.0,168.6,131055,156.8,138.4,177.7,"","","","",32410,122.6,84.2,179.4,15795,121.4,70.7,199.9,4,77469,56.2,10.7,11.1,67.9,1.6,7.8,15.7,7.8,"","","","","",""
"B0418","Inyo, Fresno, Tulare","Fresno","https://www.californiahealthmaps.org?address=B0418","Male","Lung",193085,58.7,48.9,70.3,130290,61.0,50.0,74.5,"","","","",33035,"","","",14730,"","","",4,77469,56.2,10.7,11.1,67.9,1.6,7.8,15.7,7.8,"","","","","",""
"B0418","Inyo, Fresno, Tulare","Fresno","https://www.californiahealthmaps.org?address=B0418","Female","Lung",194260,50.1,41.3,60.5,131055,54.1,44.0,66.8,"","","","",32410,"","","",15795,"","","",4,77469,56.2,10.7,11.1,67.9,1.6,7.8,15.7,7.8,"","","","","",""
"B0418","Inyo, Fresno, Tulare","Fresno","https://www.californiahealthmaps.org?address=B0418","Male","CRC",193085,39.0,31.0,48.9,130290,35.2,26.4,46.7,"","","","",33035,"","","",14730,"","","",4,77469,56.2,10.7,11.1,67.9,1.6,7.8,15.7,7.8,"","","","","",""
"B0418","Inyo, Fresno, Tulare","Fresno","https://www.californiahealthmaps.org?address=B0418","Female","CRC",194260,31.8,25.0,40.3,131055,28.5,21.2,38.6,"","","","",32410,"","","",15795,"","","",4,77469,56.2,10.7,11.1,67.9,1.6,7.8,15.7,7.8,"","","","","",""
"B0418","Inyo, Fresno, Tulare","Fresno","https://www.californiahealthmaps.org?address=B0418","Male","Mela",193085,50.3,40.9,61.4,130290,46.8,36.7,59.5,"","","","",33035,"","","",14730,"","","",4,77469,56.2,10.7,11.1,67.9,1.6,7.8,15.7,7.8,"","","","","",""
"B0418","Inyo, Fresno, Tulare","Fresno","https://www.californiahealthmaps.org?address=B0418","Female","Mela",194260,28.0,21.3,36.5,131055,21.9,15.1,31.7,"","","","",32410,"","","",15795,"","","",4,77469,56.2,10.7,11.1,67.9,1.6,7.8,15.7,7.8,"","","","","",""
"B0418","Inyo, Fresno, Tulare","Fresno","https://www.californiahealthmaps.org?address=B0418","Female","Uterine",194260,26.8,20.6,34.7,131055,27.4,20.5,37.0,"","","","",32410,"","","",15795,"","","",4,77469,56.2,10.7,11.1,67.9,1.6,7.8,15.7,7.8,"","","","","",""
"B0418","Inyo, Fresno, Tulare","Fresno","https://www.californiahealthmaps.org?address=B0418","Male","Lymph",193085,21.9,16.1,29.6,130290,21.2,14.8,30.3,"","","","",33035,"","","",14730,"","","",4,77469,56.2,10.7,11.1,67.9,1.6,7.8,15.7,7.8,"","","","","",""
"B0418","Inyo, Fresno, Tulare","Fresno","https://www.californiahealthmaps.org?address=B0418","Female","Lymph",194260,16.6,11.8,23.1,131055,15.1,10.0,23.1,"","","","",32410,"","","",15795,"","","",4,77469,56.2,10.7,11.1,67.9,1.6,7.8,15.7,7.8,"","","","","",""
"B0418","Inyo, Fresno, Tulare","Fresno","https://www.californiahealthmaps.org?address=B0418","Male","Urinary",193085,21.9,15.8,29.8,130290,22.4,15.8,31.8,"","","","",33035,"","","",14730,"","","",4,77469,56.2,10.7,11.1,67.9,1.6,7.8,15.7,7.8,"","","","","",""
"B0418","Inyo, Fresno, Tulare","Fresno","https://www.californiahealthmaps.org?address=B0418","Female","Urinary",194260,"","","",131055,"","","","","","","",32410,"","","",15795,"","","",4,77469,56.2,10.7,11.1,67.9,1.6,7.8,15.7,7.8,"","","","","",""
"B0418","Inyo, Fresno, Tulare","Fresno","https://www.californiahealthmaps.org?address=B0418","Male","Kidney",193085,15.4,10.6,22.0,130290,13.7,8.6,21.8,"","","","",33035,"","","",14730,"","","",4,77469,56.2,10.7,11.1,67.9,1.6,7.8,15.7,7.8,"","","","","",""
"B0418","Inyo, Fresno, Tulare","Fresno","https://www.californiahealthmaps.org?address=B0418","Female","Kidney",194260,8.7,5.4,13.9,131055,"","","","","","","",32410,"","","",15795,"","","",4,77469,56.2,10.7,11.1,67.9,1.6,7.8,15.7,7.8,"","","","","",""
"B0418","Inyo, Fresno, Tulare","Fresno","https://www.californiahealthmaps.org?address=B0418","Male","Thyroid",193085,10.2,6.3,16.0,130290,10.4,5.8,17.9,"","","","",33035,"","","",14730,"","","",4,77469,56.2,10.7,11.1,67.9,1.6,7.8,15.7,7.8,"","","","","",""
"B0418","Inyo, Fresno, Tulare","Fresno","https://www.californiahealthmaps.org?address=B0418","Female","Thyroid",194260,25.0,18.7,33.0,131055,26.5,18.9,37.0,"","","","",32410,"","","",15795,"","","",4,77469,56.2,10.7,11.1,67.9,1.6,7.8,15.7,7.8,"","","","","",""
"B0418","Inyo, Fresno, Tulare","Fresno","https://www.californiahealthmaps.org?address=B0418","Male","Liver",193085,8.8,5.3,14.0,130290,"","","","","","","",33035,"","","",14730,"","","",4,77469,56.2,10.7,11.1,67.9,1.6,7.8,15.7,7.8,"","","","","",""
"B0418","Inyo, Fresno, Tulare","Fresno","https://www.californiahealthmaps.org?address=B0418","Female","Liver",194260,"","","",131055,"","","","","","","",32410,"","","",15795,"","","",4,77469,56.2,10.7,11.1,67.9,1.6,7.8,15.7,7.8,"","","","","",""
"B0418","Inyo, Fresno, Tulare","Fresno","https://www.californiahealthmaps.org?address=B0418","Male","Pancreas",193085,18.4,13.0,25.5,130290,18.4,12.6,27.0,"","","","",33035,"","","",14730,"","","",4,77469,56.2,10.7,11.1,67.9,1.6,7.8,15.7,7.8,"","","","","",""
"B0418","Inyo, Fresno, Tulare","Fresno","https://www.californiahealthmaps.org?address=B0418","Female","Pancreas",194260,8.5,5.1,13.6,131055,9.8,5.9,16.8,"","","","",32410,"","","",15795,"","","",4,77469,56.2,10.7,11.1,67.9,1.6,7.8,15.7,7.8,"","","","","",""
"B0418","Inyo, Fresno, Tulare","Fresno","https://www.californiahealthmaps.org?address=B0418","Both","AllSite",387345,474.0,453.9,494.8,261345,467.2,444.6,491.0,"","","","",65445,448.0,382.4,524.3,30525,340.7,272.6,423.3,4,77469,56.2,10.7,11.1,67.9,1.6,7.8,15.7,7.8,"","","","","",""
"B0418","Inyo, Fresno, Tulare","Fresno","https://www.californiahealthmaps.org?address=B0418","Both","Lung",387345,54.5,47.8,61.9,261345,57.8,50.2,66.6,"","","","",65445,49.9,27.9,84.9,30525,"","","",4,77469,56.2,10.7,11.1,67.9,1.6,7.8,15.7,7.8,"","","","","",""
"B0418","Inyo, Fresno, Tulare","Fresno","https://www.californiahealthmaps.org?address=B0418","Both","CRC",387345,35.5,30.2,41.7,261345,31.9,26.1,39.0,"","","","",65445,51.5,30.5,84.7,30525,"","","",4,77469,56.2,10.7,11.1,67.9,1.6,7.8,15.7,7.8,"","","","","",""
"B0418","Inyo, Fresno, Tulare","Fresno","https://www.californiahealthmaps.org?address=B0418","Both","Mela",387345,38.0,32.4,44.5,261345,33.1,27.1,40.4,"","","","",65445,"","","",30525,"","","",4,77469,56.2,10.7,11.1,67.9,1.6,7.8,15.7,7.8,"","","","","",""
"B0418","Inyo, Fresno, Tulare","Fresno","https://www.californiahealthmaps.org?address=B0418","Both","Lymph",387345,19.2,15.4,23.9,261345,18.2,14.0,23.7,"","","","",65445,"","","",30525,"","","",4,77469,56.2,10.7,11.1,67.9,1.6,7.8,15.7,7.8,"","","","","",""
"B0418","Inyo, Fresno, Tulare","Fresno","https://www.californiahealthmaps.org?address=B0418","Both","Urinary",387345,12.4,9.4,16.3,261345,13.1,9.7,17.8,"","","","",65445,"","","",30525,"","","",4,77469,56.2,10.7,11.1,67.9,1.6,7.8,15.7,7.8,"","","","","",""
"B0418","Inyo, Fresno, Tulare","Fresno","https://www.californiahealthmaps.org?address=B0418","Both","Kidney",387345,12.0,9.0,15.9,261345,9.8,6.8,14.2,"","","","",65445,"","","",30525,"","","",4,77469,56.2,10.7,11.1,67.9,1.6,7.8,15.7,7.8,"","","","","",""
"B0418","Inyo, Fresno, Tulare","Fresno","https://www.californiahealthmaps.org?address=B0418","Both","Thyroid",387345,17.7,13.9,22.3,261345,18.5,14.0,24.5,"","","","",65445,"","","",30525,"","","",4,77469,56.2,10.7,11.1,67.9,1.6,7.8,15.7,7.8,"","","","","",""
"B0418","Inyo, Fresno, Tulare","Fresno","https://www.californiahealthmaps.org?address=B0418","Both","Liver",387345,6.5,4.4,9.6,261345,4.8,2.9,8.1,"","","","",65445,"","","",30525,"","","",4,77469,56.2,10.7,11.1,67.9,1.6,7.8,15.7,7.8,"","","","","",""
"B0418","Inyo, Fresno, Tulare","Fresno","https://www.californiahealthmaps.org?address=B0418","Both","Pancreas",387345,13.3,10.1,17.3,261345,14.2,10.6,19.2,"","","","",65445,"","","",30525,"","","",4,77469,56.2,10.7,11.1,67.9,1.6,7.8,15.7,7.8,"","","","","",""
