"Zone","Counties","Cities","URL","Sex","Cancer","PopTot","AAIR","LCI","UCI","White_PopTot","White_AAIR","White_LCI","White_UCI","Black_PopTot","Black_AAIR","Black_LCI","Black_UCI","Hispanic_PopTot","Hispanic_AAIR","Hispanic_LCI","Hispanic_UCI","Asian_PopTot","Asian_AAIR","Asian_LCI","Asian_UCI","QNSES","PopAll","PerRural","PerUninsured","PerForeignBorn","PerWhite","PerBlack","PerAsian","PerHispanic","PerAPI","PerDocvisit","PerFOBT","PerMammo","PerMenPrev","PerPap","PerWomenPrev"
"A0993","Los Angeles","Redondo Beach","https://www.californiahealthmaps.org?address=A0993","Male","AllSite",151905,478.8,444.9,515.0,102160,480.7,441.9,522.7,"","","","",18380,469.8,344.1,632.7,21525,351.2,269.8,453.2,5,61363,0.0,8.9,19.8,61.9,1.9,17.0,15.0,17.0,66.6,68.4,79.8,32.7,86.0,39.5
"A0993","Los Angeles","Redondo Beach","https://www.californiahealthmaps.org?address=A0993","Female","AllSite",154910,445.0,414.7,477.4,97595,467.4,430.2,507.9,"","","","",21135,382.9,300.2,483.0,26595,388.7,314.0,479.4,5,61363,0.0,8.9,19.8,61.9,1.9,17.0,15.0,17.0,66.6,68.4,79.8,32.7,86.0,39.5
"A0993","Los Angeles","Redondo Beach","https://www.californiahealthmaps.org?address=A0993","Male","Prostate",151905,106.2,91.0,123.5,102160,94.6,78.3,114.2,"","","","",18380,"","","",21525,96.7,59.0,155.1,5,61363,0.0,8.9,19.8,61.9,1.9,17.0,15.0,17.0,66.6,68.4,79.8,32.7,86.0,39.5
"A0993","Los Angeles","Redondo Beach","https://www.californiahealthmaps.org?address=A0993","Female","Breast",154910,139.5,122.8,158.4,97595,152.4,131.4,176.8,"","","","",21135,113.0,71.2,172.8,26595,112.9,76.5,165.6,5,61363,0.0,8.9,19.8,61.9,1.9,17.0,15.0,17.0,66.6,68.4,79.8,32.7,86.0,39.5
"A0993","Los Angeles","Redondo Beach","https://www.californiahealthmaps.org?address=A0993","Male","Lung",151905,40.1,30.4,52.2,102160,42.1,31.0,56.9,"","","","",18380,"","","",21525,"","","",5,61363,0.0,8.9,19.8,61.9,1.9,17.0,15.0,17.0,66.6,68.4,79.8,32.7,86.0,39.5
"A0993","Los Angeles","Redondo Beach","https://www.californiahealthmaps.org?address=A0993","Female","Lung",154910,46.1,36.7,57.6,97595,46.0,35.3,60.2,"","","","",21135,"","","",26595,"","","",5,61363,0.0,8.9,19.8,61.9,1.9,17.0,15.0,17.0,66.6,68.4,79.8,32.7,86.0,39.5
"A0993","Los Angeles","Redondo Beach","https://www.californiahealthmaps.org?address=A0993","Male","CRC",151905,46.2,36.0,58.7,102160,45.1,33.9,59.8,"","","","",18380,"","","",21525,"","","",5,61363,0.0,8.9,19.8,61.9,1.9,17.0,15.0,17.0,66.6,68.4,79.8,32.7,86.0,39.5
"A0993","Los Angeles","Redondo Beach","https://www.californiahealthmaps.org?address=A0993","Female","CRC",154910,35.1,27.2,45.2,97595,34.0,25.2,46.4,"","","","",21135,"","","",26595,"","","",5,61363,0.0,8.9,19.8,61.9,1.9,17.0,15.0,17.0,66.6,68.4,79.8,32.7,86.0,39.5
"A0993","Los Angeles","Redondo Beach","https://www.californiahealthmaps.org?address=A0993","Male","Mela",151905,35.9,27.1,47.1,102160,39.2,28.6,53.4,"","","","",18380,"","","",21525,"","","",5,61363,0.0,8.9,19.8,61.9,1.9,17.0,15.0,17.0,66.6,68.4,79.8,32.7,86.0,39.5
"A0993","Los Angeles","Redondo Beach","https://www.californiahealthmaps.org?address=A0993","Female","Mela",154910,32.0,24.1,42.1,97595,41.5,30.4,56.4,"","","","",21135,"","","",26595,"","","",5,61363,0.0,8.9,19.8,61.9,1.9,17.0,15.0,17.0,66.6,68.4,79.8,32.7,86.0,39.5
"A0993","Los Angeles","Redondo Beach","https://www.californiahealthmaps.org?address=A0993","Female","Uterine",154910,28.5,21.3,37.8,97595,31.1,22.3,43.5,"","","","",21135,"","","",26595,"","","",5,61363,0.0,8.9,19.8,61.9,1.9,17.0,15.0,17.0,66.6,68.4,79.8,32.7,86.0,39.5
"A0993","Los Angeles","Redondo Beach","https://www.californiahealthmaps.org?address=A0993","Male","Lymph",151905,41.2,31.6,53.1,102160,41.5,30.6,56.0,"","","","",18380,"","","",21525,"","","",5,61363,0.0,8.9,19.8,61.9,1.9,17.0,15.0,17.0,66.6,68.4,79.8,32.7,86.0,39.5
"A0993","Los Angeles","Redondo Beach","https://www.californiahealthmaps.org?address=A0993","Female","Lymph",154910,15.5,10.2,23.2,97595,17.4,10.8,27.9,"","","","",21135,"","","",26595,"","","",5,61363,0.0,8.9,19.8,61.9,1.9,17.0,15.0,17.0,66.6,68.4,79.8,32.7,86.0,39.5
"A0993","Los Angeles","Redondo Beach","https://www.californiahealthmaps.org?address=A0993","Male","Urinary",151905,19.7,13.1,28.8,102160,20.6,13.0,31.9,"","","","",18380,"","","",21525,"","","",5,61363,0.0,8.9,19.8,61.9,1.9,17.0,15.0,17.0,66.6,68.4,79.8,32.7,86.0,39.5
"A0993","Los Angeles","Redondo Beach","https://www.californiahealthmaps.org?address=A0993","Female","Urinary",154910,"","","",97595,"","","","","","","",21135,"","","",26595,"","","",5,61363,0.0,8.9,19.8,61.9,1.9,17.0,15.0,17.0,66.6,68.4,79.8,32.7,86.0,39.5
"A0993","Los Angeles","Redondo Beach","https://www.californiahealthmaps.org?address=A0993","Male","Kidney",151905,17.9,12.0,26.2,102160,16.1,9.9,26.0,"","","","",18380,"","","",21525,"","","",5,61363,0.0,8.9,19.8,61.9,1.9,17.0,15.0,17.0,66.6,68.4,79.8,32.7,86.0,39.5
"A0993","Los Angeles","Redondo Beach","https://www.californiahealthmaps.org?address=A0993","Female","Kidney",154910,11.0,6.8,17.5,97595,"","","","","","","",21135,"","","",26595,"","","",5,61363,0.0,8.9,19.8,61.9,1.9,17.0,15.0,17.0,66.6,68.4,79.8,32.7,86.0,39.5
"A0993","Los Angeles","Redondo Beach","https://www.californiahealthmaps.org?address=A0993","Male","Thyroid",151905,8.2,4.5,14.2,102160,"","","","","","","",18380,"","","",21525,"","","",5,61363,0.0,8.9,19.8,61.9,1.9,17.0,15.0,17.0,66.6,68.4,79.8,32.7,86.0,39.5
"A0993","Los Angeles","Redondo Beach","https://www.californiahealthmaps.org?address=A0993","Female","Thyroid",154910,31.8,23.9,42.0,97595,32.4,22.7,46.1,"","","","",21135,"","","",26595,"","","",5,61363,0.0,8.9,19.8,61.9,1.9,17.0,15.0,17.0,66.6,68.4,79.8,32.7,86.0,39.5
"A0993","Los Angeles","Redondo Beach","https://www.californiahealthmaps.org?address=A0993","Male","Liver",151905,9.7,5.3,16.5,102160,"","","","","","","",18380,"","","",21525,"","","",5,61363,0.0,8.9,19.8,61.9,1.9,17.0,15.0,17.0,66.6,68.4,79.8,32.7,86.0,39.5
"A0993","Los Angeles","Redondo Beach","https://www.californiahealthmaps.org?address=A0993","Female","Liver",154910,"","","",97595,"","","","","","","",21135,"","","",26595,"","","",5,61363,0.0,8.9,19.8,61.9,1.9,17.0,15.0,17.0,66.6,68.4,79.8,32.7,86.0,39.5
"A0993","Los Angeles","Redondo Beach","https://www.californiahealthmaps.org?address=A0993","Male","Pancreas",151905,14.7,9.1,22.8,102160,15.8,9.4,26.2,"","","","",18380,"","","",21525,"","","",5,61363,0.0,8.9,19.8,61.9,1.9,17.0,15.0,17.0,66.6,68.4,79.8,32.7,86.0,39.5
"A0993","Los Angeles","Redondo Beach","https://www.californiahealthmaps.org?address=A0993","Female","Pancreas",154910,12.1,7.6,19.1,97595,12.1,7.0,21.2,"","","","",21135,"","","",26595,"","","",5,61363,0.0,8.9,19.8,61.9,1.9,17.0,15.0,17.0,66.6,68.4,79.8,32.7,86.0,39.5
"A0993","Los Angeles","Redondo Beach","https://www.californiahealthmaps.org?address=A0993","Both","AllSite",306815,455.0,432.6,478.4,199755,467.2,440.8,495.3,"","","","",39515,389.6,324.0,465.2,48120,370.9,315.3,434.9,5,61363,0.0,8.9,19.8,61.9,1.9,17.0,15.0,17.0,66.6,68.4,79.8,32.7,86.0,39.5
"A0993","Los Angeles","Redondo Beach","https://www.californiahealthmaps.org?address=A0993","Both","Lung",306815,42.6,35.8,50.4,199755,43.3,35.6,52.7,"","","","",39515,"","","",48120,37.3,20.8,63.3,5,61363,0.0,8.9,19.8,61.9,1.9,17.0,15.0,17.0,66.6,68.4,79.8,32.7,86.0,39.5
"A0993","Los Angeles","Redondo Beach","https://www.californiahealthmaps.org?address=A0993","Both","CRC",306815,40.0,33.6,47.5,199755,39.7,32.5,48.6,"","","","",39515,"","","",48120,32.9,18.4,56.5,5,61363,0.0,8.9,19.8,61.9,1.9,17.0,15.0,17.0,66.6,68.4,79.8,32.7,86.0,39.5
"A0993","Los Angeles","Redondo Beach","https://www.californiahealthmaps.org?address=A0993","Both","Mela",306815,33.1,27.2,40.0,199755,39.2,31.6,48.6,"","","","",39515,"","","",48120,"","","",5,61363,0.0,8.9,19.8,61.9,1.9,17.0,15.0,17.0,66.6,68.4,79.8,32.7,86.0,39.5
"A0993","Los Angeles","Redondo Beach","https://www.californiahealthmaps.org?address=A0993","Both","Lymph",306815,27.0,21.8,33.4,199755,28.7,22.4,36.7,"","","","",39515,"","","",48120,"","","",5,61363,0.0,8.9,19.8,61.9,1.9,17.0,15.0,17.0,66.6,68.4,79.8,32.7,86.0,39.5
"A0993","Los Angeles","Redondo Beach","https://www.californiahealthmaps.org?address=A0993","Both","Urinary",306815,12.5,8.9,17.2,199755,13.8,9.5,19.8,"","","","",39515,"","","",48120,"","","",5,61363,0.0,8.9,19.8,61.9,1.9,17.0,15.0,17.0,66.6,68.4,79.8,32.7,86.0,39.5
"A0993","Los Angeles","Redondo Beach","https://www.californiahealthmaps.org?address=A0993","Both","Kidney",306815,14.3,10.6,19.0,199755,12.3,8.5,17.9,"","","","",39515,"","","",48120,"","","",5,61363,0.0,8.9,19.8,61.9,1.9,17.0,15.0,17.0,66.6,68.4,79.8,32.7,86.0,39.5
"A0993","Los Angeles","Redondo Beach","https://www.californiahealthmaps.org?address=A0993","Both","Thyroid",306815,20.2,15.7,25.8,199755,20.9,15.4,28.3,"","","","",39515,"","","",48120,"","","",5,61363,0.0,8.9,19.8,61.9,1.9,17.0,15.0,17.0,66.6,68.4,79.8,32.7,86.0,39.5
"A0993","Los Angeles","Redondo Beach","https://www.californiahealthmaps.org?address=A0993","Both","Liver",306815,7.0,4.4,10.7,199755,7.5,4.5,12.6,"","","","",39515,"","","",48120,"","","",5,61363,0.0,8.9,19.8,61.9,1.9,17.0,15.0,17.0,66.6,68.4,79.8,32.7,86.0,39.5
"A0993","Los Angeles","Redondo Beach","https://www.californiahealthmaps.org?address=A0993","Both","Pancreas",306815,13.0,9.4,17.8,199755,13.6,9.5,19.6,"","","","",39515,"","","",48120,"","","",5,61363,0.0,8.9,19.8,61.9,1.9,17.0,15.0,17.0,66.6,68.4,79.8,32.7,86.0,39.5
