"Zone","Counties","Cities","URL","Sex","Cancer","PopTot","AAIR","LCI","UCI","White_PopTot","White_AAIR","White_LCI","White_UCI","Black_PopTot","Black_AAIR","Black_LCI","Black_UCI","Hispanic_PopTot","Hispanic_AAIR","Hispanic_LCI","Hispanic_UCI","Asian_PopTot","Asian_AAIR","Asian_LCI","Asian_UCI","QNSES","PopAll","PerRural","PerUninsured","PerForeignBorn","PerWhite","PerBlack","PerAsian","PerHispanic"
"A0153","Los Angeles","Pasadena, San Marino","https://www.californiahealthmaps.org?address=A0153","Male","AllSite",147445,415.1,381.9,450.8,63490,426.0,381.3,477.0,"","","","",31095,449.2,353.9,565.4,40550,345.3,282.2,419.5,5,60751,0.0,13.4,34.0,42.7,4.8,27.8,21.1
"A0153","Los Angeles","Pasadena, San Marino","https://www.californiahealthmaps.org?address=A0153","Female","AllSite",156310,360.8,333.2,390.6,62945,397.0,355.1,445.5,"","","","",32995,284.1,225.1,355.7,46425,320.2,269.6,379.8,5,60751,0.0,13.4,34.0,42.7,4.8,27.8,21.1
"A0153","Los Angeles","Pasadena, San Marino","https://www.californiahealthmaps.org?address=A0153","Male","Prostate",147445,107.5,90.9,126.6,63490,102.0,81.0,129.8,"","","","",31095,125.7,76.2,198.2,40550,93.1,61.7,136.3,5,60751,0.0,13.4,34.0,42.7,4.8,27.8,21.1
"A0153","Los Angeles","Pasadena, San Marino","https://www.californiahealthmaps.org?address=A0153","Female","Breast",156310,122.7,106.8,140.8,62945,147.6,122.4,179.7,"","","","",32995,112.3,77.1,160.3,46425,91.7,65.7,127.4,5,60751,0.0,13.4,34.0,42.7,4.8,27.8,21.1
"A0153","Los Angeles","Pasadena, San Marino","https://www.californiahealthmaps.org?address=A0153","Male","Lung",147445,35.2,26.0,46.9,63490,35.2,23.6,54.2,"","","","",31095,"","","",40550,"","","",5,60751,0.0,13.4,34.0,42.7,4.8,27.8,21.1
"A0153","Los Angeles","Pasadena, San Marino","https://www.californiahealthmaps.org?address=A0153","Female","Lung",156310,28.6,21.5,38.1,62945,26.6,17.5,43.8,"","","","",32995,"","","",46425,35.6,20.0,61.6,5,60751,0.0,13.4,34.0,42.7,4.8,27.8,21.1
"A0153","Los Angeles","Pasadena, San Marino","https://www.californiahealthmaps.org?address=A0153","Male","CRC",147445,46.2,35.7,59.2,63490,48.4,33.9,70.1,"","","","",31095,"","","",40550,57.7,34.2,93.0,5,60751,0.0,13.4,34.0,42.7,4.8,27.8,21.1
"A0153","Los Angeles","Pasadena, San Marino","https://www.californiahealthmaps.org?address=A0153","Female","CRC",156310,30.6,22.9,40.7,62945,26.7,16.8,44.9,"","","","",32995,"","","",46425,41.8,24.9,68.9,5,60751,0.0,13.4,34.0,42.7,4.8,27.8,21.1
"A0153","Los Angeles","Pasadena, San Marino","https://www.californiahealthmaps.org?address=A0153","Male","Mela",147445,26.0,18.1,36.5,63490,37.8,25.3,57.8,"","","","",31095,"","","",40550,"","","",5,60751,0.0,13.4,34.0,42.7,4.8,27.8,21.1
"A0153","Los Angeles","Pasadena, San Marino","https://www.californiahealthmaps.org?address=A0153","Female","Mela",156310,12.2,7.6,19.3,62945,16.8,9.4,32.9,"","","","",32995,"","","",46425,"","","",5,60751,0.0,13.4,34.0,42.7,4.8,27.8,21.1
"A0153","Los Angeles","Pasadena, San Marino","https://www.californiahealthmaps.org?address=A0153","Female","Uterine",156310,23.9,17.2,33.1,62945,31.6,20.5,50.9,"","","","",32995,"","","",46425,"","","",5,60751,0.0,13.4,34.0,42.7,4.8,27.8,21.1
"A0153","Los Angeles","Pasadena, San Marino","https://www.californiahealthmaps.org?address=A0153","Male","Lymph",147445,24.1,16.6,34.3,63490,22.1,13.0,39.1,"","","","",31095,"","","",40550,"","","",5,60751,0.0,13.4,34.0,42.7,4.8,27.8,21.1
"A0153","Los Angeles","Pasadena, San Marino","https://www.californiahealthmaps.org?address=A0153","Female","Lymph",156310,13.4,8.4,20.8,62945,"","","","","","","",32995,"","","",46425,"","","",5,60751,0.0,13.4,34.0,42.7,4.8,27.8,21.1
"A0153","Los Angeles","Pasadena, San Marino","https://www.californiahealthmaps.org?address=A0153","Male","Urinary",147445,10.3,5.8,17.6,63490,"","","","","","","",31095,"","","",40550,"","","",5,60751,0.0,13.4,34.0,42.7,4.8,27.8,21.1
"A0153","Los Angeles","Pasadena, San Marino","https://www.californiahealthmaps.org?address=A0153","Female","Urinary",156310,2.2,0.7,6.6,62945,"","","","","","","",32995,"","","",46425,"","","",5,60751,0.0,13.4,34.0,42.7,4.8,27.8,21.1
"A0153","Los Angeles","Pasadena, San Marino","https://www.californiahealthmaps.org?address=A0153","Male","Kidney",147445,20.3,13.5,29.8,63490,"","","","","","","",31095,"","","",40550,"","","",5,60751,0.0,13.4,34.0,42.7,4.8,27.8,21.1
"A0153","Los Angeles","Pasadena, San Marino","https://www.californiahealthmaps.org?address=A0153","Female","Kidney",156310,9.5,5.5,16.2,62945,"","","","","","","",32995,"","","",46425,"","","",5,60751,0.0,13.4,34.0,42.7,4.8,27.8,21.1
"A0153","Los Angeles","Pasadena, San Marino","https://www.californiahealthmaps.org?address=A0153","Male","Thyroid",147445,6.7,3.3,12.8,63490,"","","","","","","",31095,"","","",40550,"","","",5,60751,0.0,13.4,34.0,42.7,4.8,27.8,21.1
"A0153","Los Angeles","Pasadena, San Marino","https://www.californiahealthmaps.org?address=A0153","Female","Thyroid",156310,22.2,15.6,31.3,62945,28.6,16.9,48.9,"","","","",32995,"","","",46425,"","","",5,60751,0.0,13.4,34.0,42.7,4.8,27.8,21.1
"A0153","Los Angeles","Pasadena, San Marino","https://www.californiahealthmaps.org?address=A0153","Both","AllSite",303755,380.1,359.0,402.3,126435,403.0,372.8,436.2,15765,454.5,359.5,575.4,64090,342.3,290.8,401.2,86975,329.0,289.2,373.3,5,60751,0.0,13.4,34.0,42.7,4.8,27.8,21.1
"A0153","Los Angeles","Pasadena, San Marino","https://www.californiahealthmaps.org?address=A0153","Both","Lung",303755,31.2,25.5,38.1,126435,30.1,22.7,40.9,15765,"","","",64090,"","","",86975,35.7,23.3,53.0,5,60751,0.0,13.4,34.0,42.7,4.8,27.8,21.1
"A0153","Los Angeles","Pasadena, San Marino","https://www.californiahealthmaps.org?address=A0153","Both","CRC",303755,37.7,31.2,45.3,126435,37.0,28.1,49.4,15765,"","","",64090,"","","",86975,49.1,34.5,68.6,5,60751,0.0,13.4,34.0,42.7,4.8,27.8,21.1
"A0153","Los Angeles","Pasadena, San Marino","https://www.californiahealthmaps.org?address=A0153","Both","Mela",303755,18.1,13.7,23.7,126435,26.3,19.1,37.0,15765,"","","",64090,"","","",86975,"","","",5,60751,0.0,13.4,34.0,42.7,4.8,27.8,21.1
"A0153","Los Angeles","Pasadena, San Marino","https://www.californiahealthmaps.org?address=A0153","Both","Lymph",303755,17.9,13.5,23.6,126435,16.3,10.8,25.4,15765,"","","",64090,"","","",86975,"","","",5,60751,0.0,13.4,34.0,42.7,4.8,27.8,21.1
"A0153","Los Angeles","Pasadena, San Marino","https://www.californiahealthmaps.org?address=A0153","Both","Urinary",303755,5.5,3.3,8.9,126435,"","","",15765,"","","",64090,"","","",86975,"","","",5,60751,0.0,13.4,34.0,42.7,4.8,27.8,21.1
"A0153","Los Angeles","Pasadena, San Marino","https://www.californiahealthmaps.org?address=A0153","Both","Kidney",303755,14.1,10.3,19.2,126435,12.5,7.7,21.1,15765,"","","",64090,"","","",86975,"","","",5,60751,0.0,13.4,34.0,42.7,4.8,27.8,21.1
"A0153","Los Angeles","Pasadena, San Marino","https://www.californiahealthmaps.org?address=A0153","Both","Thyroid",303755,14.7,10.8,19.8,126435,17.6,11.3,27.7,15765,"","","",64090,"","","",86975,15.4,8.4,27.1,5,60751,0.0,13.4,34.0,42.7,4.8,27.8,21.1
