"Zone","Counties","Cities","URL","Sex","Cancer","PopTot","AAIR","LCI","UCI","White_PopTot","White_AAIR","White_LCI","White_UCI","Black_PopTot","Black_AAIR","Black_LCI","Black_UCI","Hispanic_PopTot","Hispanic_AAIR","Hispanic_LCI","Hispanic_UCI","Asian_PopTot","Asian_AAIR","Asian_LCI","Asian_UCI","QNSES","PopAll","PerRural","PerUninsured","PerForeignBorn","PerWhite","PerBlack","PerAsian","PerHispanic"
"A0891","Riverside","Lake Elsinore, Wildomar","https://www.californiahealthmaps.org?address=A0891","Male","AllSite",162875,567.3,520.7,617.6,74200,590.9,531.6,655.8,"","","","",72330,498.6,413.7,599.2,"","","","",2,64984,4.0,21.9,18.7,45.2,3.6,3.1,45.0
"A0891","Riverside","Lake Elsinore, Wildomar","https://www.californiahealthmaps.org?address=A0891","Female","AllSite",162045,453.2,416.6,492.6,73205,461.4,414.2,512.9,"","","","",71985,436.5,367.6,517.1,"","","","",2,64984,4.0,21.9,18.7,45.2,3.6,3.1,45.0
"A0891","Riverside","Lake Elsinore, Wildomar","https://www.californiahealthmaps.org?address=A0891","Male","Prostate",162875,137.5,115.3,163.5,74200,117.4,92.3,148.3,"","","","",72330,123.2,82.6,180.6,"","","","",2,64984,4.0,21.9,18.7,45.2,3.6,3.1,45.0
"A0891","Riverside","Lake Elsinore, Wildomar","https://www.californiahealthmaps.org?address=A0891","Female","Breast",162045,119.0,100.9,139.8,73205,124.8,100.9,153.2,"","","","",71985,111.7,79.2,156.3,"","","","",2,64984,4.0,21.9,18.7,45.2,3.6,3.1,45.0
"A0891","Riverside","Lake Elsinore, Wildomar","https://www.californiahealthmaps.org?address=A0891","Male","Lung",162875,75.1,57.9,96.3,74200,87.0,64.8,115.3,"","","","",72330,"","","","","","","",2,64984,4.0,21.9,18.7,45.2,3.6,3.1,45.0
"A0891","Riverside","Lake Elsinore, Wildomar","https://www.californiahealthmaps.org?address=A0891","Female","Lung",162045,53.9,41.0,69.7,73205,65.0,47.7,87.1,"","","","",71985,"","","","","","","",2,64984,4.0,21.9,18.7,45.2,3.6,3.1,45.0
"A0891","Riverside","Lake Elsinore, Wildomar","https://www.californiahealthmaps.org?address=A0891","Male","CRC",162875,64.9,50.0,83.5,74200,47.6,32.8,68.1,"","","","",72330,110.6,71.7,166.8,"","","","",2,64984,4.0,21.9,18.7,45.2,3.6,3.1,45.0
"A0891","Riverside","Lake Elsinore, Wildomar","https://www.californiahealthmaps.org?address=A0891","Female","CRC",162045,42.2,31.2,56.1,73205,46.5,32.3,65.5,"","","","",71985,"","","","","","","",2,64984,4.0,21.9,18.7,45.2,3.6,3.1,45.0
"A0891","Riverside","Lake Elsinore, Wildomar","https://www.californiahealthmaps.org?address=A0891","Male","Mela",162875,32.1,21.6,46.5,74200,47.4,31.5,69.5,"","","","",72330,"","","","","","","",2,64984,4.0,21.9,18.7,45.2,3.6,3.1,45.0
"A0891","Riverside","Lake Elsinore, Wildomar","https://www.californiahealthmaps.org?address=A0891","Female","Mela",162045,14.8,8.9,23.6,73205,22.9,13.4,37.3,"","","","",71985,"","","","","","","",2,64984,4.0,21.9,18.7,45.2,3.6,3.1,45.0
"A0891","Riverside","Lake Elsinore, Wildomar","https://www.californiahealthmaps.org?address=A0891","Female","Uterine",162045,39.1,28.9,52.1,73205,34.9,23.0,51.6,"","","","",71985,54.6,32.0,90.3,"","","","",2,64984,4.0,21.9,18.7,45.2,3.6,3.1,45.0
"A0891","Riverside","Lake Elsinore, Wildomar","https://www.californiahealthmaps.org?address=A0891","Male","Lymph",162875,23.0,14.9,35.1,74200,25.1,14.3,42.1,"","","","",72330,"","","","","","","",2,64984,4.0,21.9,18.7,45.2,3.6,3.1,45.0
"A0891","Riverside","Lake Elsinore, Wildomar","https://www.californiahealthmaps.org?address=A0891","Female","Lymph",162045,14.6,8.7,23.6,73205,"","","","","","","",71985,"","","","","","","",2,64984,4.0,21.9,18.7,45.2,3.6,3.1,45.0
"A0891","Riverside","Lake Elsinore, Wildomar","https://www.californiahealthmaps.org?address=A0891","Male","Urinary",162875,21.1,12.6,33.8,74200,25.8,14.6,43.4,"","","","",72330,"","","","","","","",2,64984,4.0,21.9,18.7,45.2,3.6,3.1,45.0
"A0891","Riverside","Lake Elsinore, Wildomar","https://www.californiahealthmaps.org?address=A0891","Female","Urinary",162045,6.4,2.7,13.3,73205,"","","","","","","",71985,"","","","","","","",2,64984,4.0,21.9,18.7,45.2,3.6,3.1,45.0
"A0891","Riverside","Lake Elsinore, Wildomar","https://www.californiahealthmaps.org?address=A0891","Male","Kidney",162875,29.8,20.3,43.2,74200,37.5,23.9,57.2,"","","","",72330,"","","","","","","",2,64984,4.0,21.9,18.7,45.2,3.6,3.1,45.0
"A0891","Riverside","Lake Elsinore, Wildomar","https://www.californiahealthmaps.org?address=A0891","Female","Kidney",162045,13.8,8.0,22.6,73205,"","","","","","","",71985,"","","","","","","",2,64984,4.0,21.9,18.7,45.2,3.6,3.1,45.0
"A0891","Riverside","Lake Elsinore, Wildomar","https://www.californiahealthmaps.org?address=A0891","Male","Thyroid",162875,7.2,3.0,15.8,74200,"","","","","","","",72330,"","","","","","","",2,64984,4.0,21.9,18.7,45.2,3.6,3.1,45.0
"A0891","Riverside","Lake Elsinore, Wildomar","https://www.californiahealthmaps.org?address=A0891","Female","Thyroid",162045,19.6,13.3,28.7,73205,"","","","","","","",71985,"","","","","","","",2,64984,4.0,21.9,18.7,45.2,3.6,3.1,45.0
"A0891","Riverside","Lake Elsinore, Wildomar","https://www.californiahealthmaps.org?address=A0891","Both","AllSite",324920,501.5,472.6,531.9,147405,516.5,479.6,555.7,11690,577.6,425.7,780.7,144315,460.9,406.8,521.3,11090,540.8,380.3,762.6,2,64984,4.0,21.9,18.7,45.2,3.6,3.1,45.0
"A0891","Riverside","Lake Elsinore, Wildomar","https://www.californiahealthmaps.org?address=A0891","Both","Lung",324920,63.5,52.9,75.8,147405,75.4,61.3,91.9,11690,"","","",144315,35.4,20.1,58.5,11090,"","","",2,64984,4.0,21.9,18.7,45.2,3.6,3.1,45.0
"A0891","Riverside","Lake Elsinore, Wildomar","https://www.californiahealthmaps.org?address=A0891","Both","CRC",324920,53.0,43.8,63.8,147405,47.7,37.1,60.8,11690,"","","",144315,70.2,49.0,98.6,11090,"","","",2,64984,4.0,21.9,18.7,45.2,3.6,3.1,45.0
"A0891","Riverside","Lake Elsinore, Wildomar","https://www.californiahealthmaps.org?address=A0891","Both","Mela",324920,22.3,16.6,29.6,147405,33.3,24.5,44.7,11690,"","","",144315,"","","",11090,"","","",2,64984,4.0,21.9,18.7,45.2,3.6,3.1,45.0
"A0891","Riverside","Lake Elsinore, Wildomar","https://www.californiahealthmaps.org?address=A0891","Both","Lymph",324920,18.8,13.6,25.5,147405,19.3,12.7,28.6,11690,"","","",144315,17.7,9.2,33.3,11090,"","","",2,64984,4.0,21.9,18.7,45.2,3.6,3.1,45.0
"A0891","Riverside","Lake Elsinore, Wildomar","https://www.californiahealthmaps.org?address=A0891","Both","Urinary",324920,13.1,8.6,19.3,147405,16.1,10.0,24.7,11690,"","","",144315,"","","",11090,"","","",2,64984,4.0,21.9,18.7,45.2,3.6,3.1,45.0
"A0891","Riverside","Lake Elsinore, Wildomar","https://www.californiahealthmaps.org?address=A0891","Both","Kidney",324920,21.0,15.6,27.9,147405,22.4,15.2,32.2,11690,"","","",144315,24.5,14.0,41.9,11090,"","","",2,64984,4.0,21.9,18.7,45.2,3.6,3.1,45.0
"A0891","Riverside","Lake Elsinore, Wildomar","https://www.californiahealthmaps.org?address=A0891","Both","Thyroid",324920,13.1,9.3,18.4,147405,13.6,8.3,21.5,11690,"","","",144315,13.5,7.6,26.1,11090,"","","",2,64984,4.0,21.9,18.7,45.2,3.6,3.1,45.0
