"Zone","Counties","Cities","URL","Sex","Cancer","PopTot","AAIR","LCI","UCI","White_PopTot","White_AAIR","White_LCI","White_UCI","Black_PopTot","Black_AAIR","Black_LCI","Black_UCI","Hispanic_PopTot","Hispanic_AAIR","Hispanic_LCI","Hispanic_UCI","Asian_PopTot","Asian_AAIR","Asian_LCI","Asian_UCI","QNSES","PopAll","PerRural","PerUninsured","PerForeignBorn","PerWhite","PerBlack","PerAsian","PerHispanic","PerAPI","PerDocvisit","PerFOBT","PerMammo","PerMenPrev","PerPap","PerWomenPrev"
"A0444","Riverside","Moreno Valley","https://www.californiahealthmaps.org?address=A0444","Male","AllSite",157895,549.1,502.9,599.3,47460,561.9,494.2,638.2,24015,743.6,606.3,911.6,69740,431.6,354.0,526.0,11155,431.2,296.9,621.8,3,64369,4.9,17.0,21.4,29.2,14.7,6.1,46.4,6.1,66.5,68.4,81.8,30.8,84.4,32.3
"A0444","Riverside","Moreno Valley","https://www.californiahealthmaps.org?address=A0444","Female","AllSite",163950,446.0,410.5,484.1,47215,498.1,439.5,564.8,25435,451.4,361.5,562.9,72760,418.6,351.9,498.0,12425,407.6,303.8,542.8,3,64369,4.9,17.0,21.4,29.2,14.7,6.1,46.4,6.1,66.5,68.4,81.8,30.8,84.4,32.3
"A0444","Riverside","Moreno Valley","https://www.californiahealthmaps.org?address=A0444","Male","Prostate",157895,137.7,115.9,163.7,47460,107.2,81.0,141.9,24015,225.2,160.1,320.9,69740,146.8,99.7,212.8,11155,"","","",3,64369,4.9,17.0,21.4,29.2,14.7,6.1,46.4,6.1,66.5,68.4,81.8,30.8,84.4,32.3
"A0444","Riverside","Moreno Valley","https://www.californiahealthmaps.org?address=A0444","Female","Breast",163950,129.0,111.0,149.4,47215,148.1,117.9,186.6,25435,112.6,73.8,173.6,72760,117.2,86.4,160.8,12425,118.6,68.1,202.2,3,64369,4.9,17.0,21.4,29.2,14.7,6.1,46.4,6.1,66.5,68.4,81.8,30.8,84.4,32.3
"A0444","Riverside","Moreno Valley","https://www.californiahealthmaps.org?address=A0444","Male","Lung",157895,60.9,45.7,80.6,47460,73.9,50.2,107.1,24015,101.0,55.4,181.8,69740,"","","",11155,"","","",3,64369,4.9,17.0,21.4,29.2,14.7,6.1,46.4,6.1,66.5,68.4,81.8,30.8,84.4,32.3
"A0444","Riverside","Moreno Valley","https://www.californiahealthmaps.org?address=A0444","Female","Lung",163950,47.3,35.4,62.2,47215,63.8,44.0,92.7,25435,"","","",72760,"","","",12425,"","","",3,64369,4.9,17.0,21.4,29.2,14.7,6.1,46.4,6.1,66.5,68.4,81.8,30.8,84.4,32.3
"A0444","Riverside","Moreno Valley","https://www.californiahealthmaps.org?address=A0444","Male","CRC",157895,63.6,48.2,83.5,47460,50.3,30.8,79.8,24015,140.8,79.4,239.2,69740,39.9,21.5,77.2,11155,"","","",3,64369,4.9,17.0,21.4,29.2,14.7,6.1,46.4,6.1,66.5,68.4,81.8,30.8,84.4,32.3
"A0444","Riverside","Moreno Valley","https://www.californiahealthmaps.org?address=A0444","Female","CRC",163950,45.4,34.3,59.4,47215,35.7,21.3,59.6,25435,"","","",72760,42.6,22.2,78.5,12425,"","","",3,64369,4.9,17.0,21.4,29.2,14.7,6.1,46.4,6.1,66.5,68.4,81.8,30.8,84.4,32.3
"A0444","Riverside","Moreno Valley","https://www.californiahealthmaps.org?address=A0444","Male","Mela",157895,32.4,22.4,46.9,47460,60.4,41.1,88.8,24015,"","","",69740,"","","",11155,"","","",3,64369,4.9,17.0,21.4,29.2,14.7,6.1,46.4,6.1,66.5,68.4,81.8,30.8,84.4,32.3
"A0444","Riverside","Moreno Valley","https://www.californiahealthmaps.org?address=A0444","Female","Mela",163950,16.9,10.4,26.2,47215,34.2,19.9,58.2,25435,"","","",72760,"","","",12425,"","","",3,64369,4.9,17.0,21.4,29.2,14.7,6.1,46.4,6.1,66.5,68.4,81.8,30.8,84.4,32.3
"A0444","Riverside","Moreno Valley","https://www.californiahealthmaps.org?address=A0444","Female","Uterine",163950,34.4,25.6,45.8,47215,46.3,29.5,72.5,25435,"","","",72760,"","","",12425,"","","",3,64369,4.9,17.0,21.4,29.2,14.7,6.1,46.4,6.1,66.5,68.4,81.8,30.8,84.4,32.3
"A0444","Riverside","Moreno Valley","https://www.californiahealthmaps.org?address=A0444","Male","Lymph",157895,33.0,22.1,48.7,47460,37.0,20.6,63.6,24015,"","","",69740,"","","",11155,"","","",3,64369,4.9,17.0,21.4,29.2,14.7,6.1,46.4,6.1,66.5,68.4,81.8,30.8,84.4,32.3
"A0444","Riverside","Moreno Valley","https://www.californiahealthmaps.org?address=A0444","Female","Lymph",163950,16.1,9.9,25.3,47215,"","","",25435,"","","",72760,"","","",12425,"","","",3,64369,4.9,17.0,21.4,29.2,14.7,6.1,46.4,6.1,66.5,68.4,81.8,30.8,84.4,32.3
"A0444","Riverside","Moreno Valley","https://www.californiahealthmaps.org?address=A0444","Male","Urinary",157895,22.5,13.8,36.0,47460,"","","",24015,"","","",69740,"","","",11155,"","","",3,64369,4.9,17.0,21.4,29.2,14.7,6.1,46.4,6.1,66.5,68.4,81.8,30.8,84.4,32.3
"A0444","Riverside","Moreno Valley","https://www.californiahealthmaps.org?address=A0444","Female","Urinary",163950,"","","",47215,"","","",25435,"","","",72760,"","","",12425,"","","",3,64369,4.9,17.0,21.4,29.2,14.7,6.1,46.4,6.1,66.5,68.4,81.8,30.8,84.4,32.3
"A0444","Riverside","Moreno Valley","https://www.californiahealthmaps.org?address=A0444","Male","Kidney",157895,20.3,12.1,33.5,47460,"","","",24015,"","","",69740,"","","",11155,"","","",3,64369,4.9,17.0,21.4,29.2,14.7,6.1,46.4,6.1,66.5,68.4,81.8,30.8,84.4,32.3
"A0444","Riverside","Moreno Valley","https://www.californiahealthmaps.org?address=A0444","Female","Kidney",163950,11.5,6.9,18.9,47215,"","","",25435,"","","",72760,"","","",12425,"","","",3,64369,4.9,17.0,21.4,29.2,14.7,6.1,46.4,6.1,66.5,68.4,81.8,30.8,84.4,32.3
"A0444","Riverside","Moreno Valley","https://www.californiahealthmaps.org?address=A0444","Male","Thyroid",157895,"","","",47460,"","","",24015,"","","",69740,"","","",11155,"","","",3,64369,4.9,17.0,21.4,29.2,14.7,6.1,46.4,6.1,66.5,68.4,81.8,30.8,84.4,32.3
"A0444","Riverside","Moreno Valley","https://www.californiahealthmaps.org?address=A0444","Female","Thyroid",163950,14.0,8.7,22.1,47215,"","","",25435,"","","",72760,"","","",12425,"","","",3,64369,4.9,17.0,21.4,29.2,14.7,6.1,46.4,6.1,66.5,68.4,81.8,30.8,84.4,32.3
"A0444","Riverside","Moreno Valley","https://www.californiahealthmaps.org?address=A0444","Male","Liver",157895,"","","",47460,"","","",24015,"","","",69740,"","","",11155,"","","",3,64369,4.9,17.0,21.4,29.2,14.7,6.1,46.4,6.1,66.5,68.4,81.8,30.8,84.4,32.3
"A0444","Riverside","Moreno Valley","https://www.californiahealthmaps.org?address=A0444","Female","Liver",163950,"","","",47215,"","","",25435,"","","",72760,"","","",12425,"","","",3,64369,4.9,17.0,21.4,29.2,14.7,6.1,46.4,6.1,66.5,68.4,81.8,30.8,84.4,32.3
"A0444","Riverside","Moreno Valley","https://www.californiahealthmaps.org?address=A0444","Male","Pancreas",157895,15.8,9.0,27.5,47460,"","","",24015,"","","",69740,"","","",11155,"","","",3,64369,4.9,17.0,21.4,29.2,14.7,6.1,46.4,6.1,66.5,68.4,81.8,30.8,84.4,32.3
"A0444","Riverside","Moreno Valley","https://www.californiahealthmaps.org?address=A0444","Female","Pancreas",163950,"","","",47215,"","","",25435,"","","",72760,"","","",12425,"","","",3,64369,4.9,17.0,21.4,29.2,14.7,6.1,46.4,6.1,66.5,68.4,81.8,30.8,84.4,32.3
"A0444","Riverside","Moreno Valley","https://www.californiahealthmaps.org?address=A0444","Both","AllSite",321845,490.4,462.1,520.4,94675,523.7,479.7,571.4,49450,578.3,499.8,669.0,142500,420.7,369.8,478.7,23580,411.7,329.4,512.0,3,64369,4.9,17.0,21.4,29.2,14.7,6.1,46.4,6.1,66.5,68.4,81.8,30.8,84.4,32.3
"A0444","Riverside","Moreno Valley","https://www.californiahealthmaps.org?address=A0444","Both","Lung",321845,54.2,44.4,65.8,94675,69.3,53.5,89.2,49450,68.9,42.4,109.6,142500,22.6,11.2,43.0,23580,"","","",3,64369,4.9,17.0,21.4,29.2,14.7,6.1,46.4,6.1,66.5,68.4,81.8,30.8,84.4,32.3
"A0444","Riverside","Moreno Valley","https://www.californiahealthmaps.org?address=A0444","Both","CRC",321845,53.4,44.1,64.4,94675,41.6,29.7,57.8,49450,96.4,63.7,143.4,142500,41.6,26.9,64.3,23580,84.6,50.1,138.6,3,64369,4.9,17.0,21.4,29.2,14.7,6.1,46.4,6.1,66.5,68.4,81.8,30.8,84.4,32.3
"A0444","Riverside","Moreno Valley","https://www.californiahealthmaps.org?address=A0444","Both","Mela",321845,24.1,18.3,31.7,94675,47.2,35.1,63.3,49450,"","","",142500,"","","",23580,"","","",3,64369,4.9,17.0,21.4,29.2,14.7,6.1,46.4,6.1,66.5,68.4,81.8,30.8,84.4,32.3
"A0444","Riverside","Moreno Valley","https://www.californiahealthmaps.org?address=A0444","Both","Lymph",321845,23.5,17.5,31.2,94675,24.8,16.1,37.9,49450,"","","",142500,33.7,19.6,56.4,23580,"","","",3,64369,4.9,17.0,21.4,29.2,14.7,6.1,46.4,6.1,66.5,68.4,81.8,30.8,84.4,32.3
"A0444","Riverside","Moreno Valley","https://www.californiahealthmaps.org?address=A0444","Both","Urinary",321845,14.5,9.8,21.0,94675,"","","",49450,"","","",142500,"","","",23580,"","","",3,64369,4.9,17.0,21.4,29.2,14.7,6.1,46.4,6.1,66.5,68.4,81.8,30.8,84.4,32.3
"A0444","Riverside","Moreno Valley","https://www.californiahealthmaps.org?address=A0444","Both","Kidney",321845,14.9,10.5,21.0,94675,17.2,10.1,28.7,49450,"","","",142500,"","","",23580,"","","",3,64369,4.9,17.0,21.4,29.2,14.7,6.1,46.4,6.1,66.5,68.4,81.8,30.8,84.4,32.3
"A0444","Riverside","Moreno Valley","https://www.californiahealthmaps.org?address=A0444","Both","Thyroid",321845,12.2,8.4,17.5,94675,"","","",49450,"","","",142500,15.0,8.0,30.2,23580,"","","",3,64369,4.9,17.0,21.4,29.2,14.7,6.1,46.4,6.1,66.5,68.4,81.8,30.8,84.4,32.3
"A0444","Riverside","Moreno Valley","https://www.californiahealthmaps.org?address=A0444","Both","Liver",321845,10.0,6.2,15.6,94675,"","","",49450,"","","",142500,"","","",23580,"","","",3,64369,4.9,17.0,21.4,29.2,14.7,6.1,46.4,6.1,66.5,68.4,81.8,30.8,84.4,32.3
"A0444","Riverside","Moreno Valley","https://www.californiahealthmaps.org?address=A0444","Both","Pancreas",321845,10.9,6.9,16.6,94675,"","","",49450,"","","",142500,"","","",23580,"","","",3,64369,4.9,17.0,21.4,29.2,14.7,6.1,46.4,6.1,66.5,68.4,81.8,30.8,84.4,32.3
