"Zone","Counties","Cities","URL","Sex","Cancer","PopTot","AAIR","LCI","UCI","White_PopTot","White_AAIR","White_LCI","White_UCI","Black_PopTot","Black_AAIR","Black_LCI","Black_UCI","Hispanic_PopTot","Hispanic_AAIR","Hispanic_LCI","Hispanic_UCI","Asian_PopTot","Asian_AAIR","Asian_LCI","Asian_UCI","QNSES","PopAll","PerRural","PerUninsured","PerForeignBorn","PerWhite","PerBlack","PerAsian","PerHispanic","PerAPI","PerDocvisit","PerFOBT","PerMammo","PerMenPrev","PerPap","PerWomenPrev"
"A0844","Los Angeles","Los Angeles","https://www.californiahealthmaps.org?address=A0844","Male","AllSite",157890,456.7,410.2,507.9,"","","","",36465,524.1,451.5,607.5,115995,380.6,310.8,466.3,"","","","",1,64187,0.0,37.6,43.3,1.1,24.2,0.8,72.7,0.8,60.4,45.3,79.2,15.9,85.4,20.3
"A0844","Los Angeles","Los Angeles","https://www.californiahealthmaps.org?address=A0844","Female","AllSite",163045,354.7,322.7,389.4,"","","","",45815,339.5,293.4,392.6,111610,364.1,313.5,422.0,"","","","",1,64187,0.0,37.6,43.3,1.1,24.2,0.8,72.7,0.8,60.4,45.3,79.2,15.9,85.4,20.3
"A0844","Los Angeles","Los Angeles","https://www.californiahealthmaps.org?address=A0844","Male","Prostate",157890,122.8,98.9,151.5,"","","","",36465,172.2,131.8,223.7,115995,50.7,29.2,89.9,"","","","",1,64187,0.0,37.6,43.3,1.1,24.2,0.8,72.7,0.8,60.4,45.3,79.2,15.9,85.4,20.3
"A0844","Los Angeles","Los Angeles","https://www.californiahealthmaps.org?address=A0844","Female","Breast",163045,93.6,77.7,112.2,"","","","",45815,103.2,78.5,135.3,111610,81.1,59.0,110.9,"","","","",1,64187,0.0,37.6,43.3,1.1,24.2,0.8,72.7,0.8,60.4,45.3,79.2,15.9,85.4,20.3
"A0844","Los Angeles","Los Angeles","https://www.californiahealthmaps.org?address=A0844","Male","Lung",157890,62.1,45.5,83.7,"","","","",36465,84.5,57.0,123.7,115995,"","","","","","","",1,64187,0.0,37.6,43.3,1.1,24.2,0.8,72.7,0.8,60.4,45.3,79.2,15.9,85.4,20.3
"A0844","Los Angeles","Los Angeles","https://www.californiahealthmaps.org?address=A0844","Female","Lung",163045,20.2,13.1,30.2,"","","","",45815,38.9,24.6,61.1,111610,"","","","","","","",1,64187,0.0,37.6,43.3,1.1,24.2,0.8,72.7,0.8,60.4,45.3,79.2,15.9,85.4,20.3
"A0844","Los Angeles","Los Angeles","https://www.californiahealthmaps.org?address=A0844","Male","CRC",157890,57.6,41.4,79.0,"","","","",36465,64.7,40.5,101.2,115995,68.8,38.2,118.7,"","","","",1,64187,0.0,37.6,43.3,1.1,24.2,0.8,72.7,0.8,60.4,45.3,79.2,15.9,85.4,20.3
"A0844","Los Angeles","Los Angeles","https://www.californiahealthmaps.org?address=A0844","Female","CRC",163045,37.6,27.6,50.6,"","","","",45815,41.8,26.7,64.6,111610,27.6,15.3,48.3,"","","","",1,64187,0.0,37.6,43.3,1.1,24.2,0.8,72.7,0.8,60.4,45.3,79.2,15.9,85.4,20.3
"A0844","Los Angeles","Los Angeles","https://www.californiahealthmaps.org?address=A0844","Male","Mela",157890,"","","","","","","",36465,"","","",115995,"","","","","","","",1,64187,0.0,37.6,43.3,1.1,24.2,0.8,72.7,0.8,60.4,45.3,79.2,15.9,85.4,20.3
"A0844","Los Angeles","Los Angeles","https://www.californiahealthmaps.org?address=A0844","Female","Mela",163045,"","","","","","","",45815,"","","",111610,"","","","","","","",1,64187,0.0,37.6,43.3,1.1,24.2,0.8,72.7,0.8,60.4,45.3,79.2,15.9,85.4,20.3
"A0844","Los Angeles","Los Angeles","https://www.californiahealthmaps.org?address=A0844","Female","Uterine",163045,28.2,20.0,39.2,"","","","",45815,"","","",111610,33.8,20.8,54.6,"","","","",1,64187,0.0,37.6,43.3,1.1,24.2,0.8,72.7,0.8,60.4,45.3,79.2,15.9,85.4,20.3
"A0844","Los Angeles","Los Angeles","https://www.californiahealthmaps.org?address=A0844","Male","Lymph",157890,25.7,16.0,40.2,"","","","",36465,"","","",115995,31.5,14.8,67.2,"","","","",1,64187,0.0,37.6,43.3,1.1,24.2,0.8,72.7,0.8,60.4,45.3,79.2,15.9,85.4,20.3
"A0844","Los Angeles","Los Angeles","https://www.californiahealthmaps.org?address=A0844","Female","Lymph",163045,23.5,15.8,34.1,"","","","",45815,"","","",111610,32.4,19.0,53.9,"","","","",1,64187,0.0,37.6,43.3,1.1,24.2,0.8,72.7,0.8,60.4,45.3,79.2,15.9,85.4,20.3
"A0844","Los Angeles","Los Angeles","https://www.californiahealthmaps.org?address=A0844","Male","Urinary",157890,"","","","","","","",36465,"","","",115995,"","","","","","","",1,64187,0.0,37.6,43.3,1.1,24.2,0.8,72.7,0.8,60.4,45.3,79.2,15.9,85.4,20.3
"A0844","Los Angeles","Los Angeles","https://www.californiahealthmaps.org?address=A0844","Female","Urinary",163045,"","","","","","","",45815,"","","",111610,"","","","","","","",1,64187,0.0,37.6,43.3,1.1,24.2,0.8,72.7,0.8,60.4,45.3,79.2,15.9,85.4,20.3
"A0844","Los Angeles","Los Angeles","https://www.californiahealthmaps.org?address=A0844","Male","Kidney",157890,15.5,8.5,27.5,"","","","",36465,"","","",115995,"","","","","","","",1,64187,0.0,37.6,43.3,1.1,24.2,0.8,72.7,0.8,60.4,45.3,79.2,15.9,85.4,20.3
"A0844","Los Angeles","Los Angeles","https://www.californiahealthmaps.org?address=A0844","Female","Kidney",163045,"","","","","","","",45815,"","","",111610,"","","","","","","",1,64187,0.0,37.6,43.3,1.1,24.2,0.8,72.7,0.8,60.4,45.3,79.2,15.9,85.4,20.3
"A0844","Los Angeles","Los Angeles","https://www.californiahealthmaps.org?address=A0844","Male","Thyroid",157890,"","","","","","","",36465,"","","",115995,"","","","","","","",1,64187,0.0,37.6,43.3,1.1,24.2,0.8,72.7,0.8,60.4,45.3,79.2,15.9,85.4,20.3
"A0844","Los Angeles","Los Angeles","https://www.californiahealthmaps.org?address=A0844","Female","Thyroid",163045,14.2,8.8,22.5,"","","","",45815,"","","",111610,16.3,9.3,31.1,"","","","",1,64187,0.0,37.6,43.3,1.1,24.2,0.8,72.7,0.8,60.4,45.3,79.2,15.9,85.4,20.3
"A0844","Los Angeles","Los Angeles","https://www.californiahealthmaps.org?address=A0844","Male","Liver",157890,25.2,15.3,40.3,"","","","",36465,"","","",115995,"","","","","","","",1,64187,0.0,37.6,43.3,1.1,24.2,0.8,72.7,0.8,60.4,45.3,79.2,15.9,85.4,20.3
"A0844","Los Angeles","Los Angeles","https://www.californiahealthmaps.org?address=A0844","Female","Liver",163045,"","","","","","","",45815,"","","",111610,"","","","","","","",1,64187,0.0,37.6,43.3,1.1,24.2,0.8,72.7,0.8,60.4,45.3,79.2,15.9,85.4,20.3
"A0844","Los Angeles","Los Angeles","https://www.californiahealthmaps.org?address=A0844","Male","Pancreas",157890,"","","","","","","",36465,"","","",115995,"","","","","","","",1,64187,0.0,37.6,43.3,1.1,24.2,0.8,72.7,0.8,60.4,45.3,79.2,15.9,85.4,20.3
"A0844","Los Angeles","Los Angeles","https://www.californiahealthmaps.org?address=A0844","Female","Pancreas",163045,16.1,9.6,25.7,"","","","",45815,"","","",111610,"","","","","","","",1,64187,0.0,37.6,43.3,1.1,24.2,0.8,72.7,0.8,60.4,45.3,79.2,15.9,85.4,20.3
"A0844","Los Angeles","Los Angeles","https://www.californiahealthmaps.org?address=A0844","Both","AllSite",320935,391.1,364.7,419.2,"","","","",82280,409.0,369.1,453.1,227605,363.2,322.3,408.9,"","","","",1,64187,0.0,37.6,43.3,1.1,24.2,0.8,72.7,0.8,60.4,45.3,79.2,15.9,85.4,20.3
"A0844","Los Angeles","Los Angeles","https://www.californiahealthmaps.org?address=A0844","Both","Lung",320935,36.8,28.9,46.5,"","","","",82280,54.8,41.1,73.0,227605,"","","","","","","",1,64187,0.0,37.6,43.3,1.1,24.2,0.8,72.7,0.8,60.4,45.3,79.2,15.9,85.4,20.3
"A0844","Los Angeles","Los Angeles","https://www.californiahealthmaps.org?address=A0844","Both","CRC",320935,44.8,36.0,55.4,"","","","",82280,50.7,37.1,68.8,227605,42.0,28.1,61.6,"","","","",1,64187,0.0,37.6,43.3,1.1,24.2,0.8,72.7,0.8,60.4,45.3,79.2,15.9,85.4,20.3
"A0844","Los Angeles","Los Angeles","https://www.californiahealthmaps.org?address=A0844","Both","Mela",320935,"","","","","","","",82280,"","","",227605,"","","","","","","",1,64187,0.0,37.6,43.3,1.1,24.2,0.8,72.7,0.8,60.4,45.3,79.2,15.9,85.4,20.3
"A0844","Los Angeles","Los Angeles","https://www.californiahealthmaps.org?address=A0844","Both","Lymph",320935,24.1,18.0,32.0,"","","","",82280,"","","",227605,31.0,20.5,46.7,"","","","",1,64187,0.0,37.6,43.3,1.1,24.2,0.8,72.7,0.8,60.4,45.3,79.2,15.9,85.4,20.3
"A0844","Los Angeles","Los Angeles","https://www.californiahealthmaps.org?address=A0844","Both","Urinary",320935,"","","","","","","",82280,"","","",227605,"","","","","","","",1,64187,0.0,37.6,43.3,1.1,24.2,0.8,72.7,0.8,60.4,45.3,79.2,15.9,85.4,20.3
"A0844","Los Angeles","Los Angeles","https://www.californiahealthmaps.org?address=A0844","Both","Kidney",320935,10.6,6.8,16.1,"","","","",82280,"","","",227605,13.7,7.0,26.1,"","","","",1,64187,0.0,37.6,43.3,1.1,24.2,0.8,72.7,0.8,60.4,45.3,79.2,15.9,85.4,20.3
"A0844","Los Angeles","Los Angeles","https://www.californiahealthmaps.org?address=A0844","Both","Thyroid",320935,10.0,6.5,15.2,"","","","",82280,"","","",227605,11.9,7.2,21.9,"","","","",1,64187,0.0,37.6,43.3,1.1,24.2,0.8,72.7,0.8,60.4,45.3,79.2,15.9,85.4,20.3
"A0844","Los Angeles","Los Angeles","https://www.californiahealthmaps.org?address=A0844","Both","Liver",320935,14.6,9.8,21.2,"","","","",82280,15.8,9.0,27.4,227605,"","","","","","","",1,64187,0.0,37.6,43.3,1.1,24.2,0.8,72.7,0.8,60.4,45.3,79.2,15.9,85.4,20.3
"A0844","Los Angeles","Los Angeles","https://www.californiahealthmaps.org?address=A0844","Both","Pancreas",320935,13.7,8.9,20.4,"","","","",82280,"","","",227605,"","","","","","","",1,64187,0.0,37.6,43.3,1.1,24.2,0.8,72.7,0.8,60.4,45.3,79.2,15.9,85.4,20.3
