"Zone","Counties","Cities","URL","Sex","Cancer","PopTot","AAIR","LCI","UCI","White_PopTot","White_AAIR","White_LCI","White_UCI","Black_PopTot","Black_AAIR","Black_LCI","Black_UCI","Hispanic_PopTot","Hispanic_AAIR","Hispanic_LCI","Hispanic_UCI","Asian_PopTot","Asian_AAIR","Asian_LCI","Asian_UCI","QNSES","PopAll","PerRural","PerUninsured","PerForeignBorn","PerWhite","PerBlack","PerAsian","PerHispanic"
"A0926","San Diego","San Diego","https://www.californiahealthmaps.org?address=A0926","Male","AllSite",153040,472.0,437.1,509.0,77305,507.1,462.3,556.6,"","","","",38000,380.6,295.5,485.4,23920,375.0,297.5,470.0,3,61476,0.0,18.0,23.8,50.1,4.4,17.2,23.9
"A0926","San Diego","San Diego","https://www.californiahealthmaps.org?address=A0926","Female","AllSite",154340,412.3,382.9,443.8,77110,449.0,408.9,493.9,"","","","",38480,372.2,302.5,454.6,25715,345.9,280.8,425.6,3,61476,0.0,18.0,23.8,50.1,4.4,17.2,23.9
"A0926","San Diego","San Diego","https://www.californiahealthmaps.org?address=A0926","Male","Prostate",153040,98.9,83.3,116.7,77305,110.9,90.8,136.1,"","","","",38000,"","","",23920,"","","",3,61476,0.0,18.0,23.8,50.1,4.4,17.2,23.9
"A0926","San Diego","San Diego","https://www.californiahealthmaps.org?address=A0926","Female","Breast",154340,137.7,120.6,156.9,77110,153.1,129.9,181.3,"","","","",38480,115.2,78.9,164.5,25715,117.7,80.8,170.3,3,61476,0.0,18.0,23.8,50.1,4.4,17.2,23.9
"A0926","San Diego","San Diego","https://www.californiahealthmaps.org?address=A0926","Male","Lung",153040,69.8,56.6,85.3,77305,69.8,53.9,91.0,"","","","",38000,"","","",23920,71.3,40.3,121.5,3,61476,0.0,18.0,23.8,50.1,4.4,17.2,23.9
"A0926","San Diego","San Diego","https://www.californiahealthmaps.org?address=A0926","Female","Lung",154340,45.1,36.0,56.2,77110,48.4,37.1,65.1,"","","","",38480,"","","",25715,53.2,30.3,92.4,3,61476,0.0,18.0,23.8,50.1,4.4,17.2,23.9
"A0926","San Diego","San Diego","https://www.californiahealthmaps.org?address=A0926","Male","CRC",153040,47.9,37.4,60.7,77305,53.9,40.2,72.9,"","","","",38000,"","","",23920,"","","",3,61476,0.0,18.0,23.8,50.1,4.4,17.2,23.9
"A0926","San Diego","San Diego","https://www.californiahealthmaps.org?address=A0926","Female","CRC",154340,28.7,21.5,38.0,77110,30.0,20.9,44.7,"","","","",38480,"","","",25715,"","","",3,61476,0.0,18.0,23.8,50.1,4.4,17.2,23.9
"A0926","San Diego","San Diego","https://www.californiahealthmaps.org?address=A0926","Male","Mela",153040,32.5,23.9,43.5,77305,46.4,33.6,64.7,"","","","",38000,"","","",23920,"","","",3,61476,0.0,18.0,23.8,50.1,4.4,17.2,23.9
"A0926","San Diego","San Diego","https://www.californiahealthmaps.org?address=A0926","Female","Mela",154340,22.4,15.7,31.2,77110,27.3,17.4,43.4,"","","","",38480,"","","",25715,"","","",3,61476,0.0,18.0,23.8,50.1,4.4,17.2,23.9
"A0926","San Diego","San Diego","https://www.californiahealthmaps.org?address=A0926","Female","Uterine",154340,26.0,19.0,35.1,77110,31.1,21.6,46.2,"","","","",38480,"","","",25715,"","","",3,61476,0.0,18.0,23.8,50.1,4.4,17.2,23.9
"A0926","San Diego","San Diego","https://www.californiahealthmaps.org?address=A0926","Male","Lymph",153040,19.7,13.2,28.5,77305,26.1,16.7,41.4,"","","","",38000,"","","",23920,"","","",3,61476,0.0,18.0,23.8,50.1,4.4,17.2,23.9
"A0926","San Diego","San Diego","https://www.californiahealthmaps.org?address=A0926","Female","Lymph",154340,19.5,13.5,27.7,77110,23.3,14.4,38.4,"","","","",38480,"","","",25715,"","","",3,61476,0.0,18.0,23.8,50.1,4.4,17.2,23.9
"A0926","San Diego","San Diego","https://www.californiahealthmaps.org?address=A0926","Male","Urinary",153040,12.7,7.6,20.2,77305,"","","","","","","",38000,"","","",23920,"","","",3,61476,0.0,18.0,23.8,50.1,4.4,17.2,23.9
"A0926","San Diego","San Diego","https://www.californiahealthmaps.org?address=A0926","Female","Urinary",154340,5.0,2.3,9.9,77110,"","","","","","","",38480,"","","",25715,"","","",3,61476,0.0,18.0,23.8,50.1,4.4,17.2,23.9
"A0926","San Diego","San Diego","https://www.californiahealthmaps.org?address=A0926","Male","Kidney",153040,20.9,14.1,30.1,77305,23.1,14.0,38.1,"","","","",38000,"","","",23920,"","","",3,61476,0.0,18.0,23.8,50.1,4.4,17.2,23.9
"A0926","San Diego","San Diego","https://www.californiahealthmaps.org?address=A0926","Female","Kidney",154340,7.7,4.1,13.6,77110,"","","","","","","",38480,"","","",25715,"","","",3,61476,0.0,18.0,23.8,50.1,4.4,17.2,23.9
"A0926","San Diego","San Diego","https://www.californiahealthmaps.org?address=A0926","Male","Thyroid",153040,6.6,3.1,12.5,77305,"","","","","","","",38000,"","","",23920,"","","",3,61476,0.0,18.0,23.8,50.1,4.4,17.2,23.9
"A0926","San Diego","San Diego","https://www.californiahealthmaps.org?address=A0926","Female","Thyroid",154340,15.6,10.1,23.4,77110,"","","","","","","",38480,"","","",25715,"","","",3,61476,0.0,18.0,23.8,50.1,4.4,17.2,23.9
"A0926","San Diego","San Diego","https://www.californiahealthmaps.org?address=A0926","Both","AllSite",307380,431.1,409.0,454.2,154415,463.8,434.7,495.2,13555,496.5,364.4,670.0,76480,368.8,314.9,430.1,49635,356.3,306.2,413.9,3,61476,0.0,18.0,23.8,50.1,4.4,17.2,23.9
"A0926","San Diego","San Diego","https://www.californiahealthmaps.org?address=A0926","Both","Lung",307380,54.9,47.2,63.6,154415,56.4,47.0,68.3,13555,"","","",76480,"","","",49635,60.3,41.1,87.3,3,61476,0.0,18.0,23.8,50.1,4.4,17.2,23.9
"A0926","San Diego","San Diego","https://www.californiahealthmaps.org?address=A0926","Both","CRC",307380,36.7,30.5,43.8,154415,39.8,31.9,50.3,13555,"","","",76480,41.6,24.8,66.7,49635,"","","",3,61476,0.0,18.0,23.8,50.1,4.4,17.2,23.9
"A0926","San Diego","San Diego","https://www.californiahealthmaps.org?address=A0926","Both","Mela",307380,26.0,20.8,32.3,154415,34.9,27.0,45.5,13555,"","","",76480,"","","",49635,"","","",3,61476,0.0,18.0,23.8,50.1,4.4,17.2,23.9
"A0926","San Diego","San Diego","https://www.californiahealthmaps.org?address=A0926","Both","Lymph",307380,19.7,15.2,25.3,154415,24.7,18.1,34.1,13555,"","","",76480,"","","",49635,"","","",3,61476,0.0,18.0,23.8,50.1,4.4,17.2,23.9
"A0926","San Diego","San Diego","https://www.californiahealthmaps.org?address=A0926","Both","Urinary",307380,8.3,5.5,12.1,154415,9.2,5.7,15.7,13555,"","","",76480,"","","",49635,"","","",3,61476,0.0,18.0,23.8,50.1,4.4,17.2,23.9
"A0926","San Diego","San Diego","https://www.californiahealthmaps.org?address=A0926","Both","Kidney",307380,13.5,9.7,18.3,154415,13.1,8.6,20.6,13555,"","","",76480,"","","",49635,"","","",3,61476,0.0,18.0,23.8,50.1,4.4,17.2,23.9
"A0926","San Diego","San Diego","https://www.californiahealthmaps.org?address=A0926","Both","Thyroid",307380,11.0,7.7,15.5,154415,11.0,6.7,18.4,13555,"","","",76480,"","","",49635,"","","",3,61476,0.0,18.0,23.8,50.1,4.4,17.2,23.9
