"Zone","Counties","Cities","URL","Sex","Cancer","PopTot","AAIR","LCI","UCI","White_PopTot","White_AAIR","White_LCI","White_UCI","Black_PopTot","Black_AAIR","Black_LCI","Black_UCI","Hispanic_PopTot","Hispanic_AAIR","Hispanic_LCI","Hispanic_UCI","Asian_PopTot","Asian_AAIR","Asian_LCI","Asian_UCI","QNSES","PopAll","PerRural","PerUninsured","PerForeignBorn","PerWhite","PerBlack","PerAsian","PerHispanic","PerAPI","PerDocvisit","PerFOBT","PerMammo","PerMenPrev","PerPap","PerWomenPrev"
"A0222","San Diego","Chula Vista","https://www.californiahealthmaps.org?address=A0222","Male","AllSite",165995,490.4,447.0,537.1,45450,550.0,461.7,667.6,13570,572.3,158.8,1764.7,91745,524.6,462.0,594.2,"","","","",1,59654,0.0,24.7,29.1,23.0,6.8,5.9,62.3,5.9,"","","","","",""
"A0222","San Diego","Chula Vista","https://www.californiahealthmaps.org?address=A0222","Female","AllSite",132275,408.9,374.2,446.1,20415,413.9,342.6,515.0,"","","","",94325,409.4,365.7,457.2,"","","","",1,59654,0.0,24.7,29.1,23.0,6.8,5.9,62.3,5.9,"","","","","",""
"A0222","San Diego","Chula Vista","https://www.californiahealthmaps.org?address=A0222","Male","Prostate",165995,115.1,94.1,139.6,45450,92.9,62.4,159.8,13570,"","","",91745,132.3,100.9,171.0,"","","","",1,59654,0.0,24.7,29.1,23.0,6.8,5.9,62.3,5.9,"","","","","",""
"A0222","San Diego","Chula Vista","https://www.californiahealthmaps.org?address=A0222","Female","Breast",132275,113.6,95.6,134.2,20415,113.8,76.4,186.9,"","","","",94325,111.4,89.3,137.5,"","","","",1,59654,0.0,24.7,29.1,23.0,6.8,5.9,62.3,5.9,"","","","","",""
"A0222","San Diego","Chula Vista","https://www.californiahealthmaps.org?address=A0222","Male","Lung",165995,49.7,36.3,66.8,45450,79.5,52.1,144.1,13570,"","","",91745,"","","","","","","",1,59654,0.0,24.7,29.1,23.0,6.8,5.9,62.3,5.9,"","","","","",""
"A0222","San Diego","Chula Vista","https://www.californiahealthmaps.org?address=A0222","Female","Lung",132275,37.6,27.7,50.0,20415,54.8,33.3,116.2,"","","","",94325,27.9,17.0,43.3,"","","","",1,59654,0.0,24.7,29.1,23.0,6.8,5.9,62.3,5.9,"","","","","",""
"A0222","San Diego","Chula Vista","https://www.californiahealthmaps.org?address=A0222","Male","CRC",165995,69.9,54.1,89.1,45450,63.0,39.0,125.7,13570,"","","",91745,77.2,54.3,107.5,"","","","",1,59654,0.0,24.7,29.1,23.0,6.8,5.9,62.3,5.9,"","","","","",""
"A0222","San Diego","Chula Vista","https://www.californiahealthmaps.org?address=A0222","Female","CRC",132275,39.6,29.5,52.4,20415,47.0,24.4,110.7,"","","","",94325,36.8,24.7,53.1,"","","","",1,59654,0.0,24.7,29.1,23.0,6.8,5.9,62.3,5.9,"","","","","",""
"A0222","San Diego","Chula Vista","https://www.californiahealthmaps.org?address=A0222","Male","Mela",165995,"","","",45450,"","","",13570,"","","",91745,"","","","","","","",1,59654,0.0,24.7,29.1,23.0,6.8,5.9,62.3,5.9,"","","","","",""
"A0222","San Diego","Chula Vista","https://www.californiahealthmaps.org?address=A0222","Female","Mela",132275,"","","",20415,"","","","","","","",94325,"","","","","","","",1,59654,0.0,24.7,29.1,23.0,6.8,5.9,62.3,5.9,"","","","","",""
"A0222","San Diego","Chula Vista","https://www.californiahealthmaps.org?address=A0222","Female","Uterine",132275,25.5,17.3,36.5,20415,"","","","","","","",94325,24.3,14.6,38.4,"","","","",1,59654,0.0,24.7,29.1,23.0,6.8,5.9,62.3,5.9,"","","","","",""
"A0222","San Diego","Chula Vista","https://www.californiahealthmaps.org?address=A0222","Male","Lymph",165995,16.8,9.6,27.8,45450,"","","",13570,"","","",91745,"","","","","","","",1,59654,0.0,24.7,29.1,23.0,6.8,5.9,62.3,5.9,"","","","","",""
"A0222","San Diego","Chula Vista","https://www.californiahealthmaps.org?address=A0222","Female","Lymph",132275,25.5,17.4,36.3,20415,"","","","","","","",94325,27.8,16.9,43.1,"","","","",1,59654,0.0,24.7,29.1,23.0,6.8,5.9,62.3,5.9,"","","","","",""
"A0222","San Diego","Chula Vista","https://www.californiahealthmaps.org?address=A0222","Male","Urinary",165995,"","","",45450,"","","",13570,"","","",91745,"","","","","","","",1,59654,0.0,24.7,29.1,23.0,6.8,5.9,62.3,5.9,"","","","","",""
"A0222","San Diego","Chula Vista","https://www.californiahealthmaps.org?address=A0222","Female","Urinary",132275,"","","",20415,"","","","","","","",94325,"","","","","","","",1,59654,0.0,24.7,29.1,23.0,6.8,5.9,62.3,5.9,"","","","","",""
"A0222","San Diego","Chula Vista","https://www.californiahealthmaps.org?address=A0222","Male","Kidney",165995,33.2,22.8,47.0,45450,"","","",13570,"","","",91745,44.9,28.6,68.4,"","","","",1,59654,0.0,24.7,29.1,23.0,6.8,5.9,62.3,5.9,"","","","","",""
"A0222","San Diego","Chula Vista","https://www.californiahealthmaps.org?address=A0222","Female","Kidney",132275,14.9,8.8,23.8,20415,"","","","","","","",94325,20.6,11.7,33.8,"","","","",1,59654,0.0,24.7,29.1,23.0,6.8,5.9,62.3,5.9,"","","","","",""
"A0222","San Diego","Chula Vista","https://www.californiahealthmaps.org?address=A0222","Male","Thyroid",165995,"","","",45450,"","","",13570,"","","",91745,"","","","","","","",1,59654,0.0,24.7,29.1,23.0,6.8,5.9,62.3,5.9,"","","","","",""
"A0222","San Diego","Chula Vista","https://www.californiahealthmaps.org?address=A0222","Female","Thyroid",132275,20.1,13.0,30.1,20415,"","","","","","","",94325,18.0,10.0,30.3,"","","","",1,59654,0.0,24.7,29.1,23.0,6.8,5.9,62.3,5.9,"","","","","",""
"A0222","San Diego","Chula Vista","https://www.californiahealthmaps.org?address=A0222","Male","Liver",165995,23.5,15.2,35.4,45450,"","","",13570,"","","",91745,27.2,15.1,46.7,"","","","",1,59654,0.0,24.7,29.1,23.0,6.8,5.9,62.3,5.9,"","","","","",""
"A0222","San Diego","Chula Vista","https://www.californiahealthmaps.org?address=A0222","Female","Liver",132275,11.6,6.5,19.6,20415,"","","","","","","",94325,"","","","","","","",1,59654,0.0,24.7,29.1,23.0,6.8,5.9,62.3,5.9,"","","","","",""
"A0222","San Diego","Chula Vista","https://www.californiahealthmaps.org?address=A0222","Male","Pancreas",165995,"","","",45450,"","","",13570,"","","",91745,"","","","","","","",1,59654,0.0,24.7,29.1,23.0,6.8,5.9,62.3,5.9,"","","","","",""
"A0222","San Diego","Chula Vista","https://www.californiahealthmaps.org?address=A0222","Female","Pancreas",132275,17.4,10.9,26.7,20415,"","","","","","","",94325,"","","","","","","",1,59654,0.0,24.7,29.1,23.0,6.8,5.9,62.3,5.9,"","","","","",""
"A0222","San Diego","Chula Vista","https://www.californiahealthmaps.org?address=A0222","Both","AllSite",298270,439.2,412.3,467.6,65865,474.3,418.0,544.0,20315,825.8,502.3,1321.0,186070,449.7,413.7,488.2,17220,291.4,214.2,402.3,1,59654,0.0,24.7,29.1,23.0,6.8,5.9,62.3,5.9,"","","","","",""
"A0222","San Diego","Chula Vista","https://www.californiahealthmaps.org?address=A0222","Both","Lung",298270,43.0,34.7,52.6,65865,67.7,49.4,102.4,20315,"","","",186070,28.0,19.2,39.5,17220,"","","",1,59654,0.0,24.7,29.1,23.0,6.8,5.9,62.3,5.9,"","","","","",""
"A0222","San Diego","Chula Vista","https://www.californiahealthmaps.org?address=A0222","Both","CRC",298270,52.5,43.5,63.0,65865,54.1,37.4,87.9,20315,"","","",186070,52.4,40.6,66.8,17220,"","","",1,59654,0.0,24.7,29.1,23.0,6.8,5.9,62.3,5.9,"","","","","",""
"A0222","San Diego","Chula Vista","https://www.californiahealthmaps.org?address=A0222","Both","Mela",298270,8.2,5.0,12.9,65865,"","","",20315,"","","",186070,"","","",17220,"","","",1,59654,0.0,24.7,29.1,23.0,6.8,5.9,62.3,5.9,"","","","","",""
"A0222","San Diego","Chula Vista","https://www.californiahealthmaps.org?address=A0222","Both","Lymph",298270,22.2,16.4,29.5,65865,28.1,12.6,63.8,20315,"","","",186070,25.2,17.0,36.1,17220,"","","",1,59654,0.0,24.7,29.1,23.0,6.8,5.9,62.3,5.9,"","","","","",""
"A0222","San Diego","Chula Vista","https://www.californiahealthmaps.org?address=A0222","Both","Urinary",298270,6.7,3.7,11.1,65865,"","","",20315,"","","",186070,"","","",17220,"","","",1,59654,0.0,24.7,29.1,23.0,6.8,5.9,62.3,5.9,"","","","","",""
"A0222","San Diego","Chula Vista","https://www.californiahealthmaps.org?address=A0222","Both","Kidney",298270,22.6,16.9,29.8,65865,"","","",20315,"","","",186070,30.4,21.7,41.6,17220,"","","",1,59654,0.0,24.7,29.1,23.0,6.8,5.9,62.3,5.9,"","","","","",""
"A0222","San Diego","Chula Vista","https://www.californiahealthmaps.org?address=A0222","Both","Thyroid",298270,13.9,9.5,19.8,65865,"","","",20315,"","","",186070,11.3,6.5,18.7,17220,"","","",1,59654,0.0,24.7,29.1,23.0,6.8,5.9,62.3,5.9,"","","","","",""
"A0222","San Diego","Chula Vista","https://www.californiahealthmaps.org?address=A0222","Both","Liver",298270,17.2,12.3,23.6,65865,"","","",20315,"","","",186070,18.9,12.1,28.2,17220,"","","",1,59654,0.0,24.7,29.1,23.0,6.8,5.9,62.3,5.9,"","","","","",""
"A0222","San Diego","Chula Vista","https://www.californiahealthmaps.org?address=A0222","Both","Pancreas",298270,16.0,11.1,22.3,65865,"","","",20315,"","","",186070,17.1,10.5,26.5,17220,"","","",1,59654,0.0,24.7,29.1,23.0,6.8,5.9,62.3,5.9,"","","","","",""
