"Zone","Counties","Cities","URL","Sex","Cancer","PopTot","AAIR","LCI","UCI","White_PopTot","White_AAIR","White_LCI","White_UCI","Black_PopTot","Black_AAIR","Black_LCI","Black_UCI","Hispanic_PopTot","Hispanic_AAIR","Hispanic_LCI","Hispanic_UCI","Asian_PopTot","Asian_AAIR","Asian_LCI","Asian_UCI","QNSES","PopAll","PerRural","PerUninsured","PerForeignBorn","PerWhite","PerBlack","PerAsian","PerHispanic","PerAPI","PerDocvisit","PerFOBT","PerMammo","PerMenPrev","PerPap","PerWomenPrev"
"A0708","Los Angeles","Torrance","https://www.californiahealthmaps.org?address=A0708","Male","AllSite",144460,495.6,458.7,535.0,41400,531.0,473.0,598.2,"","","","",53140,429.9,351.0,523.5,36440,460.2,392.8,537.9,3,58818,0.0,17.3,33.9,26.0,6.0,25.6,39.1,25.6,"","","","","",""
"A0708","Los Angeles","Torrance","https://www.californiahealthmaps.org?address=A0708","Female","AllSite",149630,451.6,420.2,485.1,41275,444.6,391.8,506.5,"","","","",52340,460.3,395.1,534.4,41685,455.0,397.6,521.3,3,58818,0.0,17.3,33.9,26.0,6.0,25.6,39.1,25.6,"","","","","",""
"A0708","Los Angeles","Torrance","https://www.californiahealthmaps.org?address=A0708","Male","Prostate",144460,94.5,78.8,112.6,41400,105.0,81.3,138.7,"","","","",53140,80.8,48.1,129.6,36440,54.0,32.9,86.5,3,58818,0.0,17.3,33.9,26.0,6.0,25.6,39.1,25.6,"","","","","",""
"A0708","Los Angeles","Torrance","https://www.californiahealthmaps.org?address=A0708","Female","Breast",149630,139.9,122.6,159.1,41275,120.3,94.5,155.8,"","","","",52340,123.2,91.3,164.3,41685,161.9,128.6,204.6,3,58818,0.0,17.3,33.9,26.0,6.0,25.6,39.1,25.6,"","","","","",""
"A0708","Los Angeles","Torrance","https://www.californiahealthmaps.org?address=A0708","Male","Lung",144460,56.4,44.1,71.4,41400,52.2,35.6,79.7,"","","","",53140,"","","",36440,77.1,50.8,114.6,3,58818,0.0,17.3,33.9,26.0,6.0,25.6,39.1,25.6,"","","","","",""
"A0708","Los Angeles","Torrance","https://www.californiahealthmaps.org?address=A0708","Female","Lung",149630,39.8,31.0,50.8,41275,59.6,43.1,86.3,"","","","",52340,"","","",41685,30.1,16.7,54.4,3,58818,0.0,17.3,33.9,26.0,6.0,25.6,39.1,25.6,"","","","","",""
"A0708","Los Angeles","Torrance","https://www.californiahealthmaps.org?address=A0708","Male","CRC",144460,53.4,42.1,67.2,41400,31.3,19.2,54.8,"","","","",53140,"","","",36440,87.4,60.8,124.6,3,58818,0.0,17.3,33.9,26.0,6.0,25.6,39.1,25.6,"","","","","",""
"A0708","Los Angeles","Torrance","https://www.californiahealthmaps.org?address=A0708","Female","CRC",149630,33.8,25.7,43.9,41275,26.6,16.4,48.1,"","","","",52340,48.2,28.5,77.7,41685,31.9,18.8,55.7,3,58818,0.0,17.3,33.9,26.0,6.0,25.6,39.1,25.6,"","","","","",""
"A0708","Los Angeles","Torrance","https://www.californiahealthmaps.org?address=A0708","Male","Mela",144460,25.1,17.4,35.4,41400,53.6,36.1,82.2,"","","","",53140,"","","",36440,"","","",3,58818,0.0,17.3,33.9,26.0,6.0,25.6,39.1,25.6,"","","","","",""
"A0708","Los Angeles","Torrance","https://www.californiahealthmaps.org?address=A0708","Female","Mela",149630,14.5,9.4,21.9,41275,25.3,13.7,48.7,"","","","",52340,"","","",41685,"","","",3,58818,0.0,17.3,33.9,26.0,6.0,25.6,39.1,25.6,"","","","","",""
"A0708","Los Angeles","Torrance","https://www.californiahealthmaps.org?address=A0708","Female","Uterine",149630,33.6,25.5,43.7,41275,29.2,17.8,51.8,"","","","",52340,44.7,26.3,72.8,41685,37.3,22.6,62.6,3,58818,0.0,17.3,33.9,26.0,6.0,25.6,39.1,25.6,"","","","","",""
"A0708","Los Angeles","Torrance","https://www.californiahealthmaps.org?address=A0708","Male","Lymph",144460,33.7,24.7,45.3,41400,37.0,23.3,62.0,"","","","",53140,"","","",36440,"","","",3,58818,0.0,17.3,33.9,26.0,6.0,25.6,39.1,25.6,"","","","","",""
"A0708","Los Angeles","Torrance","https://www.californiahealthmaps.org?address=A0708","Female","Lymph",149630,11.0,6.5,17.8,41275,"","","","","","","",52340,"","","",41685,"","","",3,58818,0.0,17.3,33.9,26.0,6.0,25.6,39.1,25.6,"","","","","",""
"A0708","Los Angeles","Torrance","https://www.californiahealthmaps.org?address=A0708","Male","Urinary",144460,19.4,12.3,29.2,41400,"","","","","","","",53140,"","","",36440,"","","",3,58818,0.0,17.3,33.9,26.0,6.0,25.6,39.1,25.6,"","","","","",""
"A0708","Los Angeles","Torrance","https://www.californiahealthmaps.org?address=A0708","Female","Urinary",149630,"","","",41275,"","","","","","","",52340,"","","",41685,"","","",3,58818,0.0,17.3,33.9,26.0,6.0,25.6,39.1,25.6,"","","","","",""
"A0708","Los Angeles","Torrance","https://www.californiahealthmaps.org?address=A0708","Male","Kidney",144460,21.9,14.9,31.5,41400,"","","","","","","",53140,"","","",36440,"","","",3,58818,0.0,17.3,33.9,26.0,6.0,25.6,39.1,25.6,"","","","","",""
"A0708","Los Angeles","Torrance","https://www.californiahealthmaps.org?address=A0708","Female","Kidney",149630,11.1,6.6,17.8,41275,"","","","","","","",52340,"","","",41685,"","","",3,58818,0.0,17.3,33.9,26.0,6.0,25.6,39.1,25.6,"","","","","",""
"A0708","Los Angeles","Torrance","https://www.californiahealthmaps.org?address=A0708","Male","Thyroid",144460,11.7,6.9,19.2,41400,"","","","","","","",53140,"","","",36440,"","","",3,58818,0.0,17.3,33.9,26.0,6.0,25.6,39.1,25.6,"","","","","",""
"A0708","Los Angeles","Torrance","https://www.californiahealthmaps.org?address=A0708","Female","Thyroid",149630,30.9,22.9,41.0,41275,"","","","","","","",52340,"","","",41685,44.4,27.6,71.8,3,58818,0.0,17.3,33.9,26.0,6.0,25.6,39.1,25.6,"","","","","",""
"A0708","Los Angeles","Torrance","https://www.californiahealthmaps.org?address=A0708","Male","Liver",144460,16.5,10.7,24.8,41400,"","","","","","","",53140,"","","",36440,"","","",3,58818,0.0,17.3,33.9,26.0,6.0,25.6,39.1,25.6,"","","","","",""
"A0708","Los Angeles","Torrance","https://www.californiahealthmaps.org?address=A0708","Female","Liver",149630,"","","",41275,"","","","","","","",52340,"","","",41685,"","","",3,58818,0.0,17.3,33.9,26.0,6.0,25.6,39.1,25.6,"","","","","",""
"A0708","Los Angeles","Torrance","https://www.californiahealthmaps.org?address=A0708","Male","Pancreas",144460,14.4,8.7,22.9,41400,"","","","","","","",53140,"","","",36440,"","","",3,58818,0.0,17.3,33.9,26.0,6.0,25.6,39.1,25.6,"","","","","",""
"A0708","Los Angeles","Torrance","https://www.californiahealthmaps.org?address=A0708","Female","Pancreas",149630,15.8,10.4,23.5,41275,"","","","","","","",52340,"","","",41685,"","","",3,58818,0.0,17.3,33.9,26.0,6.0,25.6,39.1,25.6,"","","","","",""
"A0708","Los Angeles","Torrance","https://www.californiahealthmaps.org?address=A0708","Both","AllSite",294090,462.8,439.3,487.4,82675,477.7,439.0,520.7,17505,572.9,469.2,696.8,105480,432.4,383.2,486.8,78125,455.0,411.1,503.6,3,58818,0.0,17.3,33.9,26.0,6.0,25.6,39.1,25.6,"","","","","",""
"A0708","Los Angeles","Torrance","https://www.californiahealthmaps.org?address=A0708","Both","Lung",294090,46.5,39.2,55.0,82675,55.7,43.8,72.3,17505,"","","",105480,"","","",78125,49.7,35.8,68.6,3,58818,0.0,17.3,33.9,26.0,6.0,25.6,39.1,25.6,"","","","","",""
"A0708","Los Angeles","Torrance","https://www.californiahealthmaps.org?address=A0708","Both","CRC",294090,42.5,35.7,50.4,82675,29.6,21.3,42.9,17505,"","","",105480,45.0,30.1,65.6,78125,55.3,41.4,74.0,3,58818,0.0,17.3,33.9,26.0,6.0,25.6,39.1,25.6,"","","","","",""
"A0708","Los Angeles","Torrance","https://www.californiahealthmaps.org?address=A0708","Both","Mela",294090,18.8,14.3,24.3,82675,37.6,27.2,53.2,17505,"","","",105480,"","","",78125,"","","",3,58818,0.0,17.3,33.9,26.0,6.0,25.6,39.1,25.6,"","","","","",""
"A0708","Los Angeles","Torrance","https://www.californiahealthmaps.org?address=A0708","Both","Lymph",294090,21.2,16.3,27.2,82675,26.6,18.0,40.4,17505,"","","",105480,"","","",78125,22.0,13.1,36.4,3,58818,0.0,17.3,33.9,26.0,6.0,25.6,39.1,25.6,"","","","","",""
"A0708","Los Angeles","Torrance","https://www.californiahealthmaps.org?address=A0708","Both","Urinary",294090,10.3,6.9,14.7,82675,12.2,6.6,23.9,17505,"","","",105480,"","","",78125,"","","",3,58818,0.0,17.3,33.9,26.0,6.0,25.6,39.1,25.6,"","","","","",""
"A0708","Los Angeles","Torrance","https://www.californiahealthmaps.org?address=A0708","Both","Kidney",294090,15.9,11.8,21.1,82675,15.2,8.8,27.5,17505,"","","",105480,"","","",78125,"","","",3,58818,0.0,17.3,33.9,26.0,6.0,25.6,39.1,25.6,"","","","","",""
"A0708","Los Angeles","Torrance","https://www.californiahealthmaps.org?address=A0708","Both","Thyroid",294090,21.9,17.0,27.8,82675,20.3,12.3,34.1,17505,"","","",105480,24.1,14.2,39.5,78125,28.4,18.2,43.8,3,58818,0.0,17.3,33.9,26.0,6.0,25.6,39.1,25.6,"","","","","",""
"A0708","Los Angeles","Torrance","https://www.californiahealthmaps.org?address=A0708","Both","Liver",294090,11.9,8.5,16.5,82675,"","","",17505,"","","",105480,"","","",78125,"","","",3,58818,0.0,17.3,33.9,26.0,6.0,25.6,39.1,25.6,"","","","","",""
"A0708","Los Angeles","Torrance","https://www.californiahealthmaps.org?address=A0708","Both","Pancreas",294090,15.0,11.0,20.2,82675,13.9,8.3,25.2,17505,"","","",105480,"","","",78125,"","","",3,58818,0.0,17.3,33.9,26.0,6.0,25.6,39.1,25.6,"","","","","",""
