"Zone","Counties","Cities","URL","Sex","Cancer","PopTot","AAIR","LCI","UCI","White_PopTot","White_AAIR","White_LCI","White_UCI","Black_PopTot","Black_AAIR","Black_LCI","Black_UCI","Hispanic_PopTot","Hispanic_AAIR","Hispanic_LCI","Hispanic_UCI","Asian_PopTot","Asian_AAIR","Asian_LCI","Asian_UCI","QNSES","PopAll","PerRural","PerUninsured","PerForeignBorn","PerWhite","PerBlack","PerAsian","PerHispanic","PerAPI","PerDocvisit","PerFOBT","PerMammo","PerMenPrev","PerPap","PerWomenPrev"
"A0833","San Diego","Vista, San Marcos","https://www.californiahealthmaps.org?address=A0833","Male","AllSite",177930,480.6,445.4,518.0,79815,512.3,468.6,559.9,"","","","",75810,422.7,338.8,524.0,12065,358.2,242.5,524.0,3,71600,0.0,21.3,25.3,47.8,2.2,7.8,39.7,7.8,66.8,70.2,80.0,29.6,85.0,32.4
"A0833","San Diego","Vista, San Marcos","https://www.californiahealthmaps.org?address=A0833","Female","AllSite",180070,416.7,387.3,447.9,82925,439.1,400.7,481.4,"","","","",73475,408.1,338.1,490.5,14675,430.1,326.5,560.8,3,71600,0.0,21.3,25.3,47.8,2.2,7.8,39.7,7.8,66.8,70.2,80.0,29.6,85.0,32.4
"A0833","San Diego","Vista, San Marcos","https://www.californiahealthmaps.org?address=A0833","Male","Prostate",177930,110.4,93.6,129.4,79815,112.1,92.2,136.1,"","","","",75810,108.1,69.3,164.8,12065,"","","",3,71600,0.0,21.3,25.3,47.8,2.2,7.8,39.7,7.8,66.8,70.2,80.0,29.6,85.0,32.4
"A0833","San Diego","Vista, San Marcos","https://www.californiahealthmaps.org?address=A0833","Female","Breast",180070,132.1,115.7,150.4,82925,144.7,122.8,170.5,"","","","",73475,116.6,82.0,163.8,14675,126.6,75.8,205.1,3,71600,0.0,21.3,25.3,47.8,2.2,7.8,39.7,7.8,66.8,70.2,80.0,29.6,85.0,32.4
"A0833","San Diego","Vista, San Marcos","https://www.californiahealthmaps.org?address=A0833","Male","Lung",177930,54.4,42.6,68.5,79815,55.5,41.9,73.3,"","","","",75810,"","","",12065,"","","",3,71600,0.0,21.3,25.3,47.8,2.2,7.8,39.7,7.8,66.8,70.2,80.0,29.6,85.0,32.4
"A0833","San Diego","Vista, San Marcos","https://www.californiahealthmaps.org?address=A0833","Female","Lung",180070,49.1,39.2,60.9,82925,50.6,39.0,66.1,"","","","",73475,"","","",14675,"","","",3,71600,0.0,21.3,25.3,47.8,2.2,7.8,39.7,7.8,66.8,70.2,80.0,29.6,85.0,32.4
"A0833","San Diego","Vista, San Marcos","https://www.californiahealthmaps.org?address=A0833","Male","CRC",177930,51.5,40.4,64.9,79815,50.7,37.8,67.7,"","","","",75810,"","","",12065,"","","",3,71600,0.0,21.3,25.3,47.8,2.2,7.8,39.7,7.8,66.8,70.2,80.0,29.6,85.0,32.4
"A0833","San Diego","Vista, San Marcos","https://www.californiahealthmaps.org?address=A0833","Female","CRC",180070,33.1,25.5,42.4,82925,32.0,22.5,45.9,"","","","",73475,55.4,29.8,95.8,14675,"","","",3,71600,0.0,21.3,25.3,47.8,2.2,7.8,39.7,7.8,66.8,70.2,80.0,29.6,85.0,32.4
"A0833","San Diego","Vista, San Marcos","https://www.californiahealthmaps.org?address=A0833","Male","Mela",177930,51.1,40.0,64.6,79815,66.8,51.8,85.8,"","","","",75810,"","","",12065,"","","",3,71600,0.0,21.3,25.3,47.8,2.2,7.8,39.7,7.8,66.8,70.2,80.0,29.6,85.0,32.4
"A0833","San Diego","Vista, San Marcos","https://www.californiahealthmaps.org?address=A0833","Female","Mela",180070,22.2,15.7,30.6,82925,31.6,21.3,46.4,"","","","",73475,"","","",14675,"","","",3,71600,0.0,21.3,25.3,47.8,2.2,7.8,39.7,7.8,66.8,70.2,80.0,29.6,85.0,32.4
"A0833","San Diego","Vista, San Marcos","https://www.californiahealthmaps.org?address=A0833","Female","Uterine",180070,26.3,19.3,35.3,82925,25.7,17.3,38.5,"","","","",73475,"","","",14675,"","","",3,71600,0.0,21.3,25.3,47.8,2.2,7.8,39.7,7.8,66.8,70.2,80.0,29.6,85.0,32.4
"A0833","San Diego","Vista, San Marcos","https://www.californiahealthmaps.org?address=A0833","Male","Lymph",177930,23.2,16.1,32.6,79815,30.6,20.2,45.5,"","","","",75810,"","","",12065,"","","",3,71600,0.0,21.3,25.3,47.8,2.2,7.8,39.7,7.8,66.8,70.2,80.0,29.6,85.0,32.4
"A0833","San Diego","Vista, San Marcos","https://www.californiahealthmaps.org?address=A0833","Female","Lymph",180070,11.9,7.4,18.5,82925,13.2,7.3,23.8,"","","","",73475,"","","",14675,"","","",3,71600,0.0,21.3,25.3,47.8,2.2,7.8,39.7,7.8,66.8,70.2,80.0,29.6,85.0,32.4
"A0833","San Diego","Vista, San Marcos","https://www.californiahealthmaps.org?address=A0833","Male","Urinary",177930,17.7,11.6,26.2,79815,22.0,14.0,34.3,"","","","",75810,"","","",12065,"","","",3,71600,0.0,21.3,25.3,47.8,2.2,7.8,39.7,7.8,66.8,70.2,80.0,29.6,85.0,32.4
"A0833","San Diego","Vista, San Marcos","https://www.californiahealthmaps.org?address=A0833","Female","Urinary",180070,"","","",82925,"","","","","","","",73475,"","","",14675,"","","",3,71600,0.0,21.3,25.3,47.8,2.2,7.8,39.7,7.8,66.8,70.2,80.0,29.6,85.0,32.4
"A0833","San Diego","Vista, San Marcos","https://www.californiahealthmaps.org?address=A0833","Male","Kidney",177930,15.4,9.9,23.2,79815,"","","","","","","",75810,"","","",12065,"","","",3,71600,0.0,21.3,25.3,47.8,2.2,7.8,39.7,7.8,66.8,70.2,80.0,29.6,85.0,32.4
"A0833","San Diego","Vista, San Marcos","https://www.californiahealthmaps.org?address=A0833","Female","Kidney",180070,12.0,7.5,18.5,82925,"","","","","","","",73475,"","","",14675,"","","",3,71600,0.0,21.3,25.3,47.8,2.2,7.8,39.7,7.8,66.8,70.2,80.0,29.6,85.0,32.4
"A0833","San Diego","Vista, San Marcos","https://www.californiahealthmaps.org?address=A0833","Male","Thyroid",177930,10.1,5.8,16.7,79815,"","","","","","","",75810,"","","",12065,"","","",3,71600,0.0,21.3,25.3,47.8,2.2,7.8,39.7,7.8,66.8,70.2,80.0,29.6,85.0,32.4
"A0833","San Diego","Vista, San Marcos","https://www.californiahealthmaps.org?address=A0833","Female","Thyroid",180070,17.6,11.9,25.3,82925,13.6,7.3,24.7,"","","","",73475,"","","",14675,"","","",3,71600,0.0,21.3,25.3,47.8,2.2,7.8,39.7,7.8,66.8,70.2,80.0,29.6,85.0,32.4
"A0833","San Diego","Vista, San Marcos","https://www.californiahealthmaps.org?address=A0833","Male","Liver",177930,21.5,14.7,30.6,79815,21.0,13.1,33.3,"","","","",75810,"","","",12065,"","","",3,71600,0.0,21.3,25.3,47.8,2.2,7.8,39.7,7.8,66.8,70.2,80.0,29.6,85.0,32.4
"A0833","San Diego","Vista, San Marcos","https://www.californiahealthmaps.org?address=A0833","Female","Liver",180070,"","","",82925,"","","","","","","",73475,"","","",14675,"","","",3,71600,0.0,21.3,25.3,47.8,2.2,7.8,39.7,7.8,66.8,70.2,80.0,29.6,85.0,32.4
"A0833","San Diego","Vista, San Marcos","https://www.californiahealthmaps.org?address=A0833","Male","Pancreas",177930,14.4,8.8,22.5,79815,14.1,7.8,25.0,"","","","",75810,"","","",12065,"","","",3,71600,0.0,21.3,25.3,47.8,2.2,7.8,39.7,7.8,66.8,70.2,80.0,29.6,85.0,32.4
"A0833","San Diego","Vista, San Marcos","https://www.californiahealthmaps.org?address=A0833","Female","Pancreas",180070,10.3,6.1,16.4,82925,"","","","","","","",73475,"","","",14675,"","","",3,71600,0.0,21.3,25.3,47.8,2.2,7.8,39.7,7.8,66.8,70.2,80.0,29.6,85.0,32.4
"A0833","San Diego","Vista, San Marcos","https://www.californiahealthmaps.org?address=A0833","Both","AllSite",358000,441.0,418.5,464.5,162740,467.1,438.4,497.6,"","","","",149285,408.2,354.4,469.1,26740,392.4,314.9,485.8,3,71600,0.0,21.3,25.3,47.8,2.2,7.8,39.7,7.8,66.8,70.2,80.0,29.6,85.0,32.4
"A0833","San Diego","Vista, San Marcos","https://www.californiahealthmaps.org?address=A0833","Both","Lung",358000,51.1,43.4,59.8,162740,52.3,43.4,63.1,"","","","",149285,38.1,21.8,62.9,26740,"","","",3,71600,0.0,21.3,25.3,47.8,2.2,7.8,39.7,7.8,66.8,70.2,80.0,29.6,85.0,32.4
"A0833","San Diego","Vista, San Marcos","https://www.californiahealthmaps.org?address=A0833","Both","CRC",358000,40.9,34.4,48.4,162740,39.5,31.7,49.2,"","","","",149285,56.1,36.1,84.2,26740,"","","",3,71600,0.0,21.3,25.3,47.8,2.2,7.8,39.7,7.8,66.8,70.2,80.0,29.6,85.0,32.4
"A0833","San Diego","Vista, San Marcos","https://www.californiahealthmaps.org?address=A0833","Both","Mela",358000,34.3,28.2,41.4,162740,46.3,37.5,57.0,"","","","",149285,"","","",26740,"","","",3,71600,0.0,21.3,25.3,47.8,2.2,7.8,39.7,7.8,66.8,70.2,80.0,29.6,85.0,32.4
"A0833","San Diego","Vista, San Marcos","https://www.californiahealthmaps.org?address=A0833","Both","Lymph",358000,17.5,13.2,22.8,162740,22.0,15.8,30.3,"","","","",149285,"","","",26740,"","","",3,71600,0.0,21.3,25.3,47.8,2.2,7.8,39.7,7.8,66.8,70.2,80.0,29.6,85.0,32.4
"A0833","San Diego","Vista, San Marcos","https://www.californiahealthmaps.org?address=A0833","Both","Urinary",358000,10.6,7.4,14.8,162740,13.1,8.9,19.4,"","","","",149285,"","","",26740,"","","",3,71600,0.0,21.3,25.3,47.8,2.2,7.8,39.7,7.8,66.8,70.2,80.0,29.6,85.0,32.4
"A0833","San Diego","Vista, San Marcos","https://www.californiahealthmaps.org?address=A0833","Both","Kidney",358000,13.5,9.8,18.1,162740,10.5,6.7,16.6,"","","","",149285,"","","",26740,"","","",3,71600,0.0,21.3,25.3,47.8,2.2,7.8,39.7,7.8,66.8,70.2,80.0,29.6,85.0,32.4
"A0833","San Diego","Vista, San Marcos","https://www.californiahealthmaps.org?address=A0833","Both","Thyroid",358000,14.1,10.4,18.9,162740,13.6,8.8,20.8,"","","","",149285,15.8,7.9,31.4,26740,"","","",3,71600,0.0,21.3,25.3,47.8,2.2,7.8,39.7,7.8,66.8,70.2,80.0,29.6,85.0,32.4
"A0833","San Diego","Vista, San Marcos","https://www.californiahealthmaps.org?address=A0833","Both","Liver",358000,12.1,8.7,16.7,162740,11.8,7.7,18.0,"","","","",149285,"","","",26740,"","","",3,71600,0.0,21.3,25.3,47.8,2.2,7.8,39.7,7.8,66.8,70.2,80.0,29.6,85.0,32.4
"A0833","San Diego","Vista, San Marcos","https://www.californiahealthmaps.org?address=A0833","Both","Pancreas",358000,12.4,8.8,17.1,162740,11.3,7.4,17.4,"","","","",149285,"","","",26740,"","","",3,71600,0.0,21.3,25.3,47.8,2.2,7.8,39.7,7.8,66.8,70.2,80.0,29.6,85.0,32.4
