"Zone","Counties","Cities","URL","Sex","Cancer","PopTot","AAIR","LCI","UCI","White_PopTot","White_AAIR","White_LCI","White_UCI","Black_PopTot","Black_AAIR","Black_LCI","Black_UCI","Hispanic_PopTot","Hispanic_AAIR","Hispanic_LCI","Hispanic_UCI","Asian_PopTot","Asian_AAIR","Asian_LCI","Asian_UCI","QNSES","PopAll","PerRural","PerUninsured","PerForeignBorn","PerWhite","PerBlack","PerAsian","PerHispanic"
"A0713","San Francisco","San Francisco","https://www.californiahealthmaps.org?address=A0713","Male","AllSite",153810,505.0,468.7,543.7,13195,535.7,430.3,708.0,26720,665.8,574.4,770.9,44515,409.5,328.1,508.8,64815,478.8,427.3,536.1,2,62761,0.0,15.4,44.2,8.2,19.8,41.0,27.9
"A0713","San Francisco","San Francisco","https://www.californiahealthmaps.org?address=A0713","Female","AllSite",159995,416.0,386.6,447.2,11400,599.0,475.8,781.4,32190,481.3,414.4,558.9,42240,409.2,341.4,487.7,69235,368.4,328.4,413.4,2,62761,0.0,15.4,44.2,8.2,19.8,41.0,27.9
"A0713","San Francisco","San Francisco","https://www.californiahealthmaps.org?address=A0713","Male","Prostate",153810,98.1,82.6,116.1,13195,"","","",26720,176.0,131.7,234.6,44515,109.0,68.4,168.8,64815,68.1,50.2,92.0,2,62761,0.0,15.4,44.2,8.2,19.8,41.0,27.9
"A0713","San Francisco","San Francisco","https://www.californiahealthmaps.org?address=A0713","Female","Breast",159995,110.7,95.8,127.6,11400,199.4,132.7,334.9,32190,127.9,94.6,172.8,42240,104.9,71.8,149.3,69235,90.2,71.6,113.9,2,62761,0.0,15.4,44.2,8.2,19.8,41.0,27.9
"A0713","San Francisco","San Francisco","https://www.californiahealthmaps.org?address=A0713","Male","Lung",153810,71.4,58.0,87.3,13195,"","","",26720,89.7,57.8,137.0,44515,"","","",64815,75.2,55.7,100.9,2,62761,0.0,15.4,44.2,8.2,19.8,41.0,27.9
"A0713","San Francisco","San Francisco","https://www.californiahealthmaps.org?address=A0713","Female","Lung",159995,45.5,36.3,56.6,11400,"","","",32190,55.5,35.6,87.2,42240,"","","",69235,49.3,35.6,68.2,2,62761,0.0,15.4,44.2,8.2,19.8,41.0,27.9
"A0713","San Francisco","San Francisco","https://www.californiahealthmaps.org?address=A0713","Male","CRC",153810,51.3,40.3,64.7,13195,"","","",26720,"","","",44515,"","","",64815,65.0,47.3,88.8,2,62761,0.0,15.4,44.2,8.2,19.8,41.0,27.9
"A0713","San Francisco","San Francisco","https://www.californiahealthmaps.org?address=A0713","Female","CRC",159995,42.5,33.6,53.4,11400,"","","",32190,45.3,27.5,75.0,42240,"","","",69235,39.2,26.9,56.8,2,62761,0.0,15.4,44.2,8.2,19.8,41.0,27.9
"A0713","San Francisco","San Francisco","https://www.californiahealthmaps.org?address=A0713","Male","Mela",153810,10.5,5.8,17.9,13195,"","","",26720,"","","",44515,"","","",64815,"","","",2,62761,0.0,15.4,44.2,8.2,19.8,41.0,27.9
"A0713","San Francisco","San Francisco","https://www.californiahealthmaps.org?address=A0713","Female","Mela",159995,5.3,2.5,10.4,11400,"","","",32190,"","","",42240,"","","",69235,"","","",2,62761,0.0,15.4,44.2,8.2,19.8,41.0,27.9
"A0713","San Francisco","San Francisco","https://www.californiahealthmaps.org?address=A0713","Female","Uterine",159995,27.9,20.7,37.0,11400,"","","",32190,"","","",42240,"","","",69235,24.0,15.1,38.3,2,62761,0.0,15.4,44.2,8.2,19.8,41.0,27.9
"A0713","San Francisco","San Francisco","https://www.californiahealthmaps.org?address=A0713","Male","Lymph",153810,27.8,19.9,38.2,13195,"","","",26720,"","","",44515,"","","",64815,31.8,19.6,50.5,2,62761,0.0,15.4,44.2,8.2,19.8,41.0,27.9
"A0713","San Francisco","San Francisco","https://www.californiahealthmaps.org?address=A0713","Female","Lymph",159995,19.2,13.3,27.2,11400,"","","",32190,"","","",42240,"","","",69235,21.7,12.7,36.4,2,62761,0.0,15.4,44.2,8.2,19.8,41.0,27.9
"A0713","San Francisco","San Francisco","https://www.californiahealthmaps.org?address=A0713","Male","Urinary",153810,11.9,6.7,19.7,13195,"","","",26720,"","","",44515,"","","",64815,"","","",2,62761,0.0,15.4,44.2,8.2,19.8,41.0,27.9
"A0713","San Francisco","San Francisco","https://www.californiahealthmaps.org?address=A0713","Female","Urinary",159995,3.3,1.2,7.8,11400,"","","",32190,"","","",42240,"","","",69235,"","","",2,62761,0.0,15.4,44.2,8.2,19.8,41.0,27.9
"A0713","San Francisco","San Francisco","https://www.californiahealthmaps.org?address=A0713","Male","Kidney",153810,24.0,16.7,33.7,13195,"","","",26720,"","","",44515,"","","",64815,"","","",2,62761,0.0,15.4,44.2,8.2,19.8,41.0,27.9
"A0713","San Francisco","San Francisco","https://www.californiahealthmaps.org?address=A0713","Female","Kidney",159995,7.3,3.8,13.0,11400,"","","",32190,"","","",42240,"","","",69235,"","","",2,62761,0.0,15.4,44.2,8.2,19.8,41.0,27.9
"A0713","San Francisco","San Francisco","https://www.californiahealthmaps.org?address=A0713","Male","Thyroid",153810,11.4,6.8,18.4,13195,"","","",26720,"","","",44515,"","","",64815,"","","",2,62761,0.0,15.4,44.2,8.2,19.8,41.0,27.9
"A0713","San Francisco","San Francisco","https://www.californiahealthmaps.org?address=A0713","Female","Thyroid",159995,21.4,15.0,29.9,11400,"","","",32190,"","","",42240,"","","",69235,27.5,16.9,43.8,2,62761,0.0,15.4,44.2,8.2,19.8,41.0,27.9
"A0713","San Francisco","San Francisco","https://www.californiahealthmaps.org?address=A0713","Both","AllSite",313805,450.4,427.8,474.1,24595,568.5,485.7,678.2,58910,551.9,497.7,611.8,86755,401.1,349.5,459.0,134050,413.9,382.1,448.1,2,62761,0.0,15.4,44.2,8.2,19.8,41.0,27.9
"A0713","San Francisco","San Francisco","https://www.californiahealthmaps.org?address=A0713","Both","Lung",313805,56.4,48.6,65.3,24595,79.1,43.9,150.9,58910,69.8,51.6,94.3,86755,30.5,17.1,50.9,134050,60.4,48.7,74.7,2,62761,0.0,15.4,44.2,8.2,19.8,41.0,27.9
"A0713","San Francisco","San Francisco","https://www.californiahealthmaps.org?address=A0713","Both","CRC",313805,46.7,39.6,54.8,24595,"","","",58910,45.4,31.3,66.0,86755,46.4,30.3,69.1,134050,50.9,40.2,64.3,2,62761,0.0,15.4,44.2,8.2,19.8,41.0,27.9
"A0713","San Francisco","San Francisco","https://www.californiahealthmaps.org?address=A0713","Both","Mela",313805,7.4,4.8,11.1,24595,47.6,27.6,105.5,58910,"","","",86755,"","","",134050,"","","",2,62761,0.0,15.4,44.2,8.2,19.8,41.0,27.9
"A0713","San Francisco","San Francisco","https://www.californiahealthmaps.org?address=A0713","Both","Lymph",313805,23.3,18.3,29.3,24595,"","","",58910,"","","",86755,"","","",134050,26.5,18.7,37.0,2,62761,0.0,15.4,44.2,8.2,19.8,41.0,27.9
"A0713","San Francisco","San Francisco","https://www.californiahealthmaps.org?address=A0713","Both","Urinary",313805,6.9,4.3,10.6,24595,"","","",58910,"","","",86755,"","","",134050,"","","",2,62761,0.0,15.4,44.2,8.2,19.8,41.0,27.9
"A0713","San Francisco","San Francisco","https://www.californiahealthmaps.org?address=A0713","Both","Kidney",313805,14.6,10.8,19.5,24595,"","","",58910,23.1,13.2,39.9,86755,"","","",134050,"","","",2,62761,0.0,15.4,44.2,8.2,19.8,41.0,27.9
"A0713","San Francisco","San Francisco","https://www.californiahealthmaps.org?address=A0713","Both","Thyroid",313805,16.6,12.5,21.7,24595,"","","",58910,"","","",86755,"","","",134050,18.9,12.5,28.1,2,62761,0.0,15.4,44.2,8.2,19.8,41.0,27.9
