"Zone","Counties","Cities","URL","Sex","Cancer","PopTot","AAIR","LCI","UCI","White_PopTot","White_AAIR","White_LCI","White_UCI","Black_PopTot","Black_AAIR","Black_LCI","Black_UCI","Hispanic_PopTot","Hispanic_AAIR","Hispanic_LCI","Hispanic_UCI","Asian_PopTot","Asian_AAIR","Asian_LCI","Asian_UCI","QNSES","PopAll","PerRural","PerUninsured","PerForeignBorn","PerWhite","PerBlack","PerAsian","PerHispanic","PerAPI","PerDocvisit","PerFOBT","PerMammo","PerMenPrev","PerPap","PerWomenPrev"
"A0628","Los Angeles","Irwindale","https://www.californiahealthmaps.org?address=A0628","Male","AllSite",146305,400.9,366.7,437.8,31480,430.1,369.8,501.8,"","","","",84110,374.0,318.7,437.6,19410,391.1,309.6,490.7,3,60636,0.0,21.0,34.9,22.2,5.9,14.7,55.1,14.7,"","","","","",""
"A0628","Los Angeles","Irwindale","https://www.californiahealthmaps.org?address=A0628","Female","AllSite",156875,408.7,379.0,440.4,34635,443.9,387.5,512.0,"","","","",86795,376.8,332.3,426.0,22190,413.0,339.1,505.4,3,60636,0.0,21.0,34.9,22.2,5.9,14.7,55.1,14.7,"","","","","",""
"A0628","Los Angeles","Irwindale","https://www.californiahealthmaps.org?address=A0628","Male","Prostate",146305,88.5,73.0,106.7,31480,62.8,42.5,95.8,"","","","",84110,107.5,79.1,144.6,19410,"","","",3,60636,0.0,21.0,34.9,22.2,5.9,14.7,55.1,14.7,"","","","","",""
"A0628","Los Angeles","Irwindale","https://www.californiahealthmaps.org?address=A0628","Female","Breast",156875,135.4,118.6,154.2,34635,166.1,132.3,212.6,"","","","",86795,102.3,80.1,129.5,22190,149.8,106.9,212.5,3,60636,0.0,21.0,34.9,22.2,5.9,14.7,55.1,14.7,"","","","","",""
"A0628","Los Angeles","Irwindale","https://www.californiahealthmaps.org?address=A0628","Male","Lung",146305,51.5,39.4,66.5,31480,71.3,48.4,107.0,"","","","",84110,"","","",19410,"","","",3,60636,0.0,21.0,34.9,22.2,5.9,14.7,55.1,14.7,"","","","","",""
"A0628","Los Angeles","Irwindale","https://www.californiahealthmaps.org?address=A0628","Female","Lung",156875,38.8,30.2,49.4,34635,51.6,35.0,82.5,"","","","",86795,24.1,13.6,40.0,22190,52.0,29.5,96.4,3,60636,0.0,21.0,34.9,22.2,5.9,14.7,55.1,14.7,"","","","","",""
"A0628","Los Angeles","Irwindale","https://www.californiahealthmaps.org?address=A0628","Male","CRC",146305,49.8,38.2,64.3,31480,39.3,23.3,69.0,"","","","",84110,60.9,40.2,90.5,19410,"","","",3,60636,0.0,21.0,34.9,22.2,5.9,14.7,55.1,14.7,"","","","","",""
"A0628","Los Angeles","Irwindale","https://www.californiahealthmaps.org?address=A0628","Female","CRC",156875,39.7,30.9,50.6,34635,33.2,19.1,63.0,"","","","",86795,39.7,25.9,58.7,22190,"","","",3,60636,0.0,21.0,34.9,22.2,5.9,14.7,55.1,14.7,"","","","","",""
"A0628","Los Angeles","Irwindale","https://www.californiahealthmaps.org?address=A0628","Male","Mela",146305,16.6,10.6,25.4,31480,41.1,23.8,72.3,"","","","",84110,"","","",19410,"","","",3,60636,0.0,21.0,34.9,22.2,5.9,14.7,55.1,14.7,"","","","","",""
"A0628","Los Angeles","Irwindale","https://www.californiahealthmaps.org?address=A0628","Female","Mela",156875,"","","",34635,"","","","","","","",86795,"","","",22190,"","","",3,60636,0.0,21.0,34.9,22.2,5.9,14.7,55.1,14.7,"","","","","",""
"A0628","Los Angeles","Irwindale","https://www.californiahealthmaps.org?address=A0628","Female","Uterine",156875,33.2,25.2,43.3,34635,35.6,21.8,64.6,"","","","",86795,34.4,22.3,51.5,22190,"","","",3,60636,0.0,21.0,34.9,22.2,5.9,14.7,55.1,14.7,"","","","","",""
"A0628","Los Angeles","Irwindale","https://www.californiahealthmaps.org?address=A0628","Male","Lymph",146305,21.1,13.9,31.2,31480,"","","","","","","",84110,"","","",19410,"","","",3,60636,0.0,21.0,34.9,22.2,5.9,14.7,55.1,14.7,"","","","","",""
"A0628","Los Angeles","Irwindale","https://www.californiahealthmaps.org?address=A0628","Female","Lymph",156875,17.2,11.5,25.0,34635,"","","","","","","",86795,"","","",22190,"","","",3,60636,0.0,21.0,34.9,22.2,5.9,14.7,55.1,14.7,"","","","","",""
"A0628","Los Angeles","Irwindale","https://www.californiahealthmaps.org?address=A0628","Male","Urinary",146305,12.6,7.0,21.4,31480,"","","","","","","",84110,"","","",19410,"","","",3,60636,0.0,21.0,34.9,22.2,5.9,14.7,55.1,14.7,"","","","","",""
"A0628","Los Angeles","Irwindale","https://www.californiahealthmaps.org?address=A0628","Female","Urinary",156875,"","","",34635,"","","","","","","",86795,"","","",22190,"","","",3,60636,0.0,21.0,34.9,22.2,5.9,14.7,55.1,14.7,"","","","","",""
"A0628","Los Angeles","Irwindale","https://www.californiahealthmaps.org?address=A0628","Male","Kidney",146305,16.3,10.1,25.4,31480,"","","","","","","",84110,"","","",19410,"","","",3,60636,0.0,21.0,34.9,22.2,5.9,14.7,55.1,14.7,"","","","","",""
"A0628","Los Angeles","Irwindale","https://www.californiahealthmaps.org?address=A0628","Female","Kidney",156875,"","","",34635,"","","","","","","",86795,"","","",22190,"","","",3,60636,0.0,21.0,34.9,22.2,5.9,14.7,55.1,14.7,"","","","","",""
"A0628","Los Angeles","Irwindale","https://www.californiahealthmaps.org?address=A0628","Male","Thyroid",146305,"","","",31480,"","","","","","","",84110,"","","",19410,"","","",3,60636,0.0,21.0,34.9,22.2,5.9,14.7,55.1,14.7,"","","","","",""
"A0628","Los Angeles","Irwindale","https://www.californiahealthmaps.org?address=A0628","Female","Thyroid",156875,27.2,19.7,36.7,34635,"","","","","","","",86795,30.0,19.0,45.8,22190,"","","",3,60636,0.0,21.0,34.9,22.2,5.9,14.7,55.1,14.7,"","","","","",""
"A0628","Los Angeles","Irwindale","https://www.californiahealthmaps.org?address=A0628","Male","Liver",146305,16.2,10.1,25.1,31480,"","","","","","","",84110,"","","",19410,"","","",3,60636,0.0,21.0,34.9,22.2,5.9,14.7,55.1,14.7,"","","","","",""
"A0628","Los Angeles","Irwindale","https://www.californiahealthmaps.org?address=A0628","Female","Liver",156875,"","","",34635,"","","","","","","",86795,"","","",22190,"","","",3,60636,0.0,21.0,34.9,22.2,5.9,14.7,55.1,14.7,"","","","","",""
"A0628","Los Angeles","Irwindale","https://www.californiahealthmaps.org?address=A0628","Male","Pancreas",146305,14.8,8.8,23.8,31480,"","","","","","","",84110,"","","",19410,"","","",3,60636,0.0,21.0,34.9,22.2,5.9,14.7,55.1,14.7,"","","","","",""
"A0628","Los Angeles","Irwindale","https://www.californiahealthmaps.org?address=A0628","Female","Pancreas",156875,10.9,6.5,17.4,34635,"","","","","","","",86795,"","","",22190,"","","",3,60636,0.0,21.0,34.9,22.2,5.9,14.7,55.1,14.7,"","","","","",""
"A0628","Los Angeles","Irwindale","https://www.californiahealthmaps.org?address=A0628","Both","AllSite",303180,399.9,377.8,423.1,66115,432.5,391.5,479.0,17940,442.6,362.7,543.6,170905,367.4,333.3,404.3,41600,403.3,347.8,467.2,3,60636,0.0,21.0,34.9,22.2,5.9,14.7,55.1,14.7,"","","","","",""
"A0628","Los Angeles","Irwindale","https://www.californiahealthmaps.org?address=A0628","Both","Lung",303180,43.3,36.2,51.4,66115,59.8,45.8,79.9,17940,"","","",170905,25.5,16.7,37.5,41600,55.4,36.5,83.6,3,60636,0.0,21.0,34.9,22.2,5.9,14.7,55.1,14.7,"","","","","",""
"A0628","Los Angeles","Irwindale","https://www.californiahealthmaps.org?address=A0628","Both","CRC",303180,44.0,36.8,52.3,66115,35.0,24.4,52.1,17940,63.8,36.0,117.1,170905,48.3,36.3,63.4,41600,41.4,24.7,68.0,3,60636,0.0,21.0,34.9,22.2,5.9,14.7,55.1,14.7,"","","","","",""
"A0628","Los Angeles","Irwindale","https://www.californiahealthmaps.org?address=A0628","Both","Mela",303180,10.9,7.6,15.3,66115,23.5,14.6,39.6,17940,"","","",170905,"","","",41600,"","","",3,60636,0.0,21.0,34.9,22.2,5.9,14.7,55.1,14.7,"","","","","",""
"A0628","Los Angeles","Irwindale","https://www.californiahealthmaps.org?address=A0628","Both","Lymph",303180,18.9,14.3,24.7,66115,16.9,9.0,32.4,17940,"","","",170905,19.5,12.2,30.1,41600,"","","",3,60636,0.0,21.0,34.9,22.2,5.9,14.7,55.1,14.7,"","","","","",""
"A0628","Los Angeles","Irwindale","https://www.californiahealthmaps.org?address=A0628","Both","Urinary",303180,6.9,4.2,10.8,66115,13.3,7.2,27.0,17940,"","","",170905,"","","",41600,"","","",3,60636,0.0,21.0,34.9,22.2,5.9,14.7,55.1,14.7,"","","","","",""
"A0628","Los Angeles","Irwindale","https://www.californiahealthmaps.org?address=A0628","Both","Kidney",303180,11.5,8.0,16.2,66115,"","","",17940,"","","",170905,"","","",41600,"","","",3,60636,0.0,21.0,34.9,22.2,5.9,14.7,55.1,14.7,"","","","","",""
"A0628","Los Angeles","Irwindale","https://www.californiahealthmaps.org?address=A0628","Both","Thyroid",303180,16.8,12.5,22.2,66115,"","","",17940,"","","",170905,18.4,12.1,27.7,41600,"","","",3,60636,0.0,21.0,34.9,22.2,5.9,14.7,55.1,14.7,"","","","","",""
"A0628","Los Angeles","Irwindale","https://www.californiahealthmaps.org?address=A0628","Both","Liver",303180,10.6,7.3,15.0,66115,"","","",17940,"","","",170905,"","","",41600,"","","",3,60636,0.0,21.0,34.9,22.2,5.9,14.7,55.1,14.7,"","","","","",""
"A0628","Los Angeles","Irwindale","https://www.californiahealthmaps.org?address=A0628","Both","Pancreas",303180,12.5,8.8,17.4,66115,11.6,6.2,24.6,17940,"","","",170905,"","","",41600,"","","",3,60636,0.0,21.0,34.9,22.2,5.9,14.7,55.1,14.7,"","","","","",""
