"Zone","Counties","Cities","URL","Sex","Cancer","PopTot","AAIR","LCI","UCI","White_PopTot","White_AAIR","White_LCI","White_UCI","Black_PopTot","Black_AAIR","Black_LCI","Black_UCI","Hispanic_PopTot","Hispanic_AAIR","Hispanic_LCI","Hispanic_UCI","Asian_PopTot","Asian_AAIR","Asian_LCI","Asian_UCI","QNSES","PopAll","PerRural","PerUninsured","PerForeignBorn","PerWhite","PerBlack","PerAsian","PerHispanic"
"A0394","Santa Clara","Cupertino, Saratoga","https://www.californiahealthmaps.org?address=A0394","Male","AllSite",160705,421.4,390.1,455.6,52440,458.4,409.9,516.5,"","","","","","","","",97520,357.4,309.6,411.7,5,65125,0.1,4.9,48.7,31.2,0.4,62.9,2.6
"A0394","Santa Clara","Cupertino, Saratoga","https://www.californiahealthmaps.org?address=A0394","Female","AllSite",164920,425.4,396.0,457.4,51305,492.2,435.4,560.7,"","","","","","","","",102630,378.6,336.7,425.3,5,65125,0.1,4.9,48.7,31.2,0.4,62.9,2.6
"A0394","Santa Clara","Cupertino, Saratoga","https://www.californiahealthmaps.org?address=A0394","Male","Prostate",160705,104.0,89.5,121.5,52440,103.6,85.1,132.9,"","","","","","","","",97520,95.3,71.8,125.3,5,65125,0.1,4.9,48.7,31.2,0.4,62.9,2.6
"A0394","Santa Clara","Cupertino, Saratoga","https://www.californiahealthmaps.org?address=A0394","Female","Breast",164920,144.9,128.3,164.1,51305,161.1,131.3,203.5,"","","","","","","","",102630,128.3,106.0,155.4,5,65125,0.1,4.9,48.7,31.2,0.4,62.9,2.6
"A0394","Santa Clara","Cupertino, Saratoga","https://www.californiahealthmaps.org?address=A0394","Male","Lung",160705,36.1,27.6,48.0,52440,29.7,20.2,52.3,"","","","","","","","",97520,48.9,31.5,73.4,5,65125,0.1,4.9,48.7,31.2,0.4,62.9,2.6
"A0394","Santa Clara","Cupertino, Saratoga","https://www.californiahealthmaps.org?address=A0394","Female","Lung",164920,34.9,27.2,45.5,51305,32.4,22.9,57.5,"","","","","","","","",102630,38.4,25.2,57.2,5,65125,0.1,4.9,48.7,31.2,0.4,62.9,2.6
"A0394","Santa Clara","Cupertino, Saratoga","https://www.californiahealthmaps.org?address=A0394","Male","CRC",160705,30.9,23.2,41.9,52440,26.2,17.2,48.5,"","","","","","","","",97520,32.3,19.0,52.7,5,65125,0.1,4.9,48.7,31.2,0.4,62.9,2.6
"A0394","Santa Clara","Cupertino, Saratoga","https://www.californiahealthmaps.org?address=A0394","Female","CRC",164920,39.5,31.4,50.4,51305,40.0,26.7,68.4,"","","","","","","","",102630,33.2,21.9,50.0,5,65125,0.1,4.9,48.7,31.2,0.4,62.9,2.6
"A0394","Santa Clara","Cupertino, Saratoga","https://www.californiahealthmaps.org?address=A0394","Male","Mela",160705,43.0,33.4,55.7,52440,71.6,53.5,101.3,"","","","","","","","",97520,"","","",5,65125,0.1,4.9,48.7,31.2,0.4,62.9,2.6
"A0394","Santa Clara","Cupertino, Saratoga","https://www.californiahealthmaps.org?address=A0394","Female","Mela",164920,28.9,20.0,41.3,51305,73.1,45.5,116.8,"","","","","","","","",102630,"","","",5,65125,0.1,4.9,48.7,31.2,0.4,62.9,2.6
"A0394","Santa Clara","Cupertino, Saratoga","https://www.californiahealthmaps.org?address=A0394","Female","Uterine",164920,22.0,16.0,30.9,51305,23.4,15.1,48.2,"","","","","","","","",102630,19.1,10.3,33.7,5,65125,0.1,4.9,48.7,31.2,0.4,62.9,2.6
"A0394","Santa Clara","Cupertino, Saratoga","https://www.californiahealthmaps.org?address=A0394","Male","Lymph",160705,34.6,25.9,46.7,52440,35.2,24.1,59.0,"","","","","","","","",97520,26.0,14.3,44.9,5,65125,0.1,4.9,48.7,31.2,0.4,62.9,2.6
"A0394","Santa Clara","Cupertino, Saratoga","https://www.californiahealthmaps.org?address=A0394","Female","Lymph",164920,18.2,12.8,26.6,51305,24.1,15.0,49.6,"","","","","","","","",102630,"","","",5,65125,0.1,4.9,48.7,31.2,0.4,62.9,2.6
"A0394","Santa Clara","Cupertino, Saratoga","https://www.californiahealthmaps.org?address=A0394","Male","Urinary",160705,9.8,5.7,17.6,52440,"","","","","","","","","","","",97520,"","","",5,65125,0.1,4.9,48.7,31.2,0.4,62.9,2.6
"A0394","Santa Clara","Cupertino, Saratoga","https://www.californiahealthmaps.org?address=A0394","Female","Urinary",164920,2.2,0.6,7.9,51305,"","","","","","","","","","","",102630,"","","",5,65125,0.1,4.9,48.7,31.2,0.4,62.9,2.6
"A0394","Santa Clara","Cupertino, Saratoga","https://www.californiahealthmaps.org?address=A0394","Male","Kidney",160705,13.9,8.8,22.6,52440,16.4,9.5,37.6,"","","","","","","","",97520,"","","",5,65125,0.1,4.9,48.7,31.2,0.4,62.9,2.6
"A0394","Santa Clara","Cupertino, Saratoga","https://www.californiahealthmaps.org?address=A0394","Female","Kidney",164920,5.4,2.7,11.7,51305,"","","","","","","","","","","",102630,"","","",5,65125,0.1,4.9,48.7,31.2,0.4,62.9,2.6
"A0394","Santa Clara","Cupertino, Saratoga","https://www.californiahealthmaps.org?address=A0394","Male","Thyroid",160705,9.4,5.4,17.1,52440,"","","","","","","","","","","",97520,"","","",5,65125,0.1,4.9,48.7,31.2,0.4,62.9,2.6
"A0394","Santa Clara","Cupertino, Saratoga","https://www.californiahealthmaps.org?address=A0394","Female","Thyroid",164920,22.4,15.6,32.2,51305,21.8,9.4,51.8,"","","","","","","","",102630,19.9,12.0,33.2,5,65125,0.1,4.9,48.7,31.2,0.4,62.9,2.6
"A0394","Santa Clara","Cupertino, Saratoga","https://www.californiahealthmaps.org?address=A0394","Both","AllSite",325625,419.8,398.6,442.4,103745,469.4,432.5,511.5,"","","","",10525,426.3,308.8,578.5,200150,365.1,333.6,399.1,5,65125,0.1,4.9,48.7,31.2,0.4,62.9,2.6
"A0394","Santa Clara","Cupertino, Saratoga","https://www.californiahealthmaps.org?address=A0394","Both","Lung",325625,35.3,29.5,42.5,103745,30.8,24.0,44.0,"","","","",10525,"","","",200150,43.1,32.1,57.0,5,65125,0.1,4.9,48.7,31.2,0.4,62.9,2.6
"A0394","Santa Clara","Cupertino, Saratoga","https://www.californiahealthmaps.org?address=A0394","Both","CRC",325625,35.7,29.9,42.8,103745,33.3,25.1,47.8,"","","","",10525,"","","",200150,32.6,23.7,44.2,5,65125,0.1,4.9,48.7,31.2,0.4,62.9,2.6
"A0394","Santa Clara","Cupertino, Saratoga","https://www.californiahealthmaps.org?address=A0394","Both","Mela",325625,34.0,27.7,41.7,103745,68.4,52.4,90.6,"","","","",10525,"","","",200150,"","","",5,65125,0.1,4.9,48.7,31.2,0.4,62.9,2.6
"A0394","Santa Clara","Cupertino, Saratoga","https://www.californiahealthmaps.org?address=A0394","Both","Lymph",325625,26.0,20.8,32.5,103745,29.4,22.1,43.2,"","","","",10525,"","","",200150,17.5,11.0,26.9,5,65125,0.1,4.9,48.7,31.2,0.4,62.9,2.6
"A0394","Santa Clara","Cupertino, Saratoga","https://www.californiahealthmaps.org?address=A0394","Both","Urinary",325625,5.7,3.5,9.4,103745,6.8,3.8,18.0,"","","","",10525,"","","",200150,"","","",5,65125,0.1,4.9,48.7,31.2,0.4,62.9,2.6
"A0394","Santa Clara","Cupertino, Saratoga","https://www.californiahealthmaps.org?address=A0394","Both","Kidney",325625,9.4,6.5,13.8,103745,13.1,7.4,26.2,"","","","",10525,"","","",200150,"","","",5,65125,0.1,4.9,48.7,31.2,0.4,62.9,2.6
"A0394","Santa Clara","Cupertino, Saratoga","https://www.californiahealthmaps.org?address=A0394","Both","Thyroid",325625,16.0,11.9,21.4,103745,13.9,7.2,28.2,"","","","",10525,"","","",200150,15.9,10.7,23.5,5,65125,0.1,4.9,48.7,31.2,0.4,62.9,2.6
