"Zone","Counties","Cities","URL","Sex","Cancer","PopTot","AAIR","LCI","UCI","White_PopTot","White_AAIR","White_LCI","White_UCI","Black_PopTot","Black_AAIR","Black_LCI","Black_UCI","Hispanic_PopTot","Hispanic_AAIR","Hispanic_LCI","Hispanic_UCI","Asian_PopTot","Asian_AAIR","Asian_LCI","Asian_UCI","QNSES","PopAll","PerRural","PerUninsured","PerForeignBorn","PerWhite","PerBlack","PerAsian","PerHispanic","PerAPI","PerDocvisit","PerFOBT","PerMammo","PerMenPrev","PerPap","PerWomenPrev"
"A0680","Los Angeles","Los Angeles","https://www.californiahealthmaps.org?address=A0680","Male","AllSite",159085,417.8,381.8,456.8,50565,435.7,384.4,494.4,"","","","",85745,357.7,293.7,434.2,10230,464.6,325.7,662.6,2,63645,0.0,24.4,39.1,31.0,5.9,7.3,54.1,7.3,68.6,68.3,79.0,33.0,84.6,39.3
"A0680","Los Angeles","Los Angeles","https://www.californiahealthmaps.org?address=A0680","Female","AllSite",159140,408.4,376.6,442.4,49190,451.3,399.5,511.0,"","","","",85540,451.5,392.9,518.5,11595,285.8,199.0,412.6,2,63645,0.0,24.4,39.1,31.0,5.9,7.3,54.1,7.3,68.6,68.3,79.0,33.0,84.6,39.3
"A0680","Los Angeles","Los Angeles","https://www.californiahealthmaps.org?address=A0680","Male","Prostate",159085,96.8,80.1,116.7,50565,85.2,64.3,113.9,"","","","",85745,88.6,57.8,133.0,10230,"","","",2,63645,0.0,24.4,39.1,31.0,5.9,7.3,54.1,7.3,68.6,68.3,79.0,33.0,84.6,39.3
"A0680","Los Angeles","Los Angeles","https://www.californiahealthmaps.org?address=A0680","Female","Breast",159140,113.5,97.6,131.6,49190,136.7,109.5,172.2,"","","","",85540,104.6,80.4,137.1,11595,"","","",2,63645,0.0,24.4,39.1,31.0,5.9,7.3,54.1,7.3,68.6,68.3,79.0,33.0,84.6,39.3
"A0680","Los Angeles","Los Angeles","https://www.californiahealthmaps.org?address=A0680","Male","Lung",159085,49.6,37.5,64.9,50565,63.3,44.9,89.9,"","","","",85745,"","","",10230,"","","",2,63645,0.0,24.4,39.1,31.0,5.9,7.3,54.1,7.3,68.6,68.3,79.0,33.0,84.6,39.3
"A0680","Los Angeles","Los Angeles","https://www.californiahealthmaps.org?address=A0680","Female","Lung",159140,36.5,27.0,48.4,49190,44.6,29.3,69.1,"","","","",85540,"","","",11595,"","","",2,63645,0.0,24.4,39.1,31.0,5.9,7.3,54.1,7.3,68.6,68.3,79.0,33.0,84.6,39.3
"A0680","Los Angeles","Los Angeles","https://www.californiahealthmaps.org?address=A0680","Male","CRC",159085,54.3,41.5,70.3,50565,48.0,31.8,72.7,"","","","",85745,71.2,44.0,112.1,10230,"","","",2,63645,0.0,24.4,39.1,31.0,5.9,7.3,54.1,7.3,68.6,68.3,79.0,33.0,84.6,39.3
"A0680","Los Angeles","Los Angeles","https://www.californiahealthmaps.org?address=A0680","Female","CRC",159140,37.6,28.4,49.2,49190,44.6,30.3,67.8,"","","","",85540,"","","",11595,"","","",2,63645,0.0,24.4,39.1,31.0,5.9,7.3,54.1,7.3,68.6,68.3,79.0,33.0,84.6,39.3
"A0680","Los Angeles","Los Angeles","https://www.californiahealthmaps.org?address=A0680","Male","Mela",159085,12.9,7.4,21.8,50565,23.6,13.1,43.2,"","","","",85745,"","","",10230,"","","",2,63645,0.0,24.4,39.1,31.0,5.9,7.3,54.1,7.3,68.6,68.3,79.0,33.0,84.6,39.3
"A0680","Los Angeles","Los Angeles","https://www.californiahealthmaps.org?address=A0680","Female","Mela",159140,12.8,7.7,20.4,49190,20.1,11.1,38.9,"","","","",85540,"","","",11595,"","","",2,63645,0.0,24.4,39.1,31.0,5.9,7.3,54.1,7.3,68.6,68.3,79.0,33.0,84.6,39.3
"A0680","Los Angeles","Los Angeles","https://www.californiahealthmaps.org?address=A0680","Female","Uterine",159140,25.0,17.8,34.5,49190,24.8,14.2,45.1,"","","","",85540,31.2,18.3,53.5,11595,"","","",2,63645,0.0,24.4,39.1,31.0,5.9,7.3,54.1,7.3,68.6,68.3,79.0,33.0,84.6,39.3
"A0680","Los Angeles","Los Angeles","https://www.californiahealthmaps.org?address=A0680","Male","Lymph",159085,27.4,18.6,39.4,50565,37.1,22.9,60.2,"","","","",85745,"","","",10230,"","","",2,63645,0.0,24.4,39.1,31.0,5.9,7.3,54.1,7.3,68.6,68.3,79.0,33.0,84.6,39.3
"A0680","Los Angeles","Los Angeles","https://www.californiahealthmaps.org?address=A0680","Female","Lymph",159140,17.0,11.0,25.4,49190,"","","","","","","",85540,39.2,21.2,68.1,11595,"","","",2,63645,0.0,24.4,39.1,31.0,5.9,7.3,54.1,7.3,68.6,68.3,79.0,33.0,84.6,39.3
"A0680","Los Angeles","Los Angeles","https://www.californiahealthmaps.org?address=A0680","Male","Urinary",159085,19.5,12.1,30.3,50565,"","","","","","","",85745,"","","",10230,"","","",2,63645,0.0,24.4,39.1,31.0,5.9,7.3,54.1,7.3,68.6,68.3,79.0,33.0,84.6,39.3
"A0680","Los Angeles","Los Angeles","https://www.californiahealthmaps.org?address=A0680","Female","Urinary",159140,"","","",49190,"","","","","","","",85540,"","","",11595,"","","",2,63645,0.0,24.4,39.1,31.0,5.9,7.3,54.1,7.3,68.6,68.3,79.0,33.0,84.6,39.3
"A0680","Los Angeles","Los Angeles","https://www.californiahealthmaps.org?address=A0680","Male","Kidney",159085,23.0,15.5,33.8,50565,19.1,10.3,37.0,"","","","",85745,"","","",10230,"","","",2,63645,0.0,24.4,39.1,31.0,5.9,7.3,54.1,7.3,68.6,68.3,79.0,33.0,84.6,39.3
"A0680","Los Angeles","Los Angeles","https://www.californiahealthmaps.org?address=A0680","Female","Kidney",159140,13.8,8.3,21.7,49190,"","","","","","","",85540,"","","",11595,"","","",2,63645,0.0,24.4,39.1,31.0,5.9,7.3,54.1,7.3,68.6,68.3,79.0,33.0,84.6,39.3
"A0680","Los Angeles","Los Angeles","https://www.californiahealthmaps.org?address=A0680","Male","Thyroid",159085,"","","",50565,"","","","","","","",85745,"","","",10230,"","","",2,63645,0.0,24.4,39.1,31.0,5.9,7.3,54.1,7.3,68.6,68.3,79.0,33.0,84.6,39.3
"A0680","Los Angeles","Los Angeles","https://www.californiahealthmaps.org?address=A0680","Female","Thyroid",159140,25.6,18.4,35.0,49190,24.1,13.1,45.1,"","","","",85540,31.0,18.5,52.8,11595,"","","",2,63645,0.0,24.4,39.1,31.0,5.9,7.3,54.1,7.3,68.6,68.3,79.0,33.0,84.6,39.3
"A0680","Los Angeles","Los Angeles","https://www.californiahealthmaps.org?address=A0680","Male","Liver",159085,13.8,8.2,22.7,50565,"","","","","","","",85745,"","","",10230,"","","",2,63645,0.0,24.4,39.1,31.0,5.9,7.3,54.1,7.3,68.6,68.3,79.0,33.0,84.6,39.3
"A0680","Los Angeles","Los Angeles","https://www.californiahealthmaps.org?address=A0680","Female","Liver",159140,"","","",49190,"","","","","","","",85540,"","","",11595,"","","",2,63645,0.0,24.4,39.1,31.0,5.9,7.3,54.1,7.3,68.6,68.3,79.0,33.0,84.6,39.3
"A0680","Los Angeles","Los Angeles","https://www.californiahealthmaps.org?address=A0680","Male","Pancreas",159085,13.5,7.5,23.0,50565,"","","","","","","",85745,"","","",10230,"","","",2,63645,0.0,24.4,39.1,31.0,5.9,7.3,54.1,7.3,68.6,68.3,79.0,33.0,84.6,39.3
"A0680","Los Angeles","Los Angeles","https://www.californiahealthmaps.org?address=A0680","Female","Pancreas",159140,"","","",49190,"","","","","","","",85540,"","","",11595,"","","",2,63645,0.0,24.4,39.1,31.0,5.9,7.3,54.1,7.3,68.6,68.3,79.0,33.0,84.6,39.3
"A0680","Los Angeles","Los Angeles","https://www.californiahealthmaps.org?address=A0680","Both","AllSite",318225,409.6,385.8,434.5,99755,442.4,405.8,482.7,17945,391.0,314.7,488.0,171285,403.0,360.0,450.9,21825,358.5,280.3,457.8,2,63645,0.0,24.4,39.1,31.0,5.9,7.3,54.1,7.3,68.6,68.3,79.0,33.0,84.6,39.3
"A0680","Los Angeles","Los Angeles","https://www.californiahealthmaps.org?address=A0680","Both","Lung",318225,42.5,34.8,51.5,99755,54.1,41.8,70.5,17945,"","","",171285,28.6,17.0,46.2,21825,"","","",2,63645,0.0,24.4,39.1,31.0,5.9,7.3,54.1,7.3,68.6,68.3,79.0,33.0,84.6,39.3
"A0680","Los Angeles","Los Angeles","https://www.californiahealthmaps.org?address=A0680","Both","CRC",318225,44.9,37.1,54.0,99755,46.2,35.2,61.3,17945,"","","",171285,46.2,31.8,66.0,21825,"","","",2,63645,0.0,24.4,39.1,31.0,5.9,7.3,54.1,7.3,68.6,68.3,79.0,33.0,84.6,39.3
"A0680","Los Angeles","Los Angeles","https://www.californiahealthmaps.org?address=A0680","Both","Mela",318225,13.0,9.1,18.3,99755,22.2,14.9,33.9,17945,"","","",171285,"","","",21825,"","","",2,63645,0.0,24.4,39.1,31.0,5.9,7.3,54.1,7.3,68.6,68.3,79.0,33.0,84.6,39.3
"A0680","Los Angeles","Los Angeles","https://www.californiahealthmaps.org?address=A0680","Both","Lymph",318225,21.9,16.6,28.6,99755,23.3,15.4,35.5,17945,"","","",171285,27.7,16.4,45.0,21825,"","","",2,63645,0.0,24.4,39.1,31.0,5.9,7.3,54.1,7.3,68.6,68.3,79.0,33.0,84.6,39.3
"A0680","Los Angeles","Los Angeles","https://www.californiahealthmaps.org?address=A0680","Both","Urinary",318225,12.3,8.2,17.7,99755,"","","",17945,"","","",171285,"","","",21825,"","","",2,63645,0.0,24.4,39.1,31.0,5.9,7.3,54.1,7.3,68.6,68.3,79.0,33.0,84.6,39.3
"A0680","Los Angeles","Los Angeles","https://www.californiahealthmaps.org?address=A0680","Both","Kidney",318225,17.9,13.3,23.8,99755,15.0,8.9,25.7,17945,"","","",171285,22.4,13.0,37.6,21825,"","","",2,63645,0.0,24.4,39.1,31.0,5.9,7.3,54.1,7.3,68.6,68.3,79.0,33.0,84.6,39.3
"A0680","Los Angeles","Los Angeles","https://www.californiahealthmaps.org?address=A0680","Both","Thyroid",318225,15.6,11.5,20.8,99755,16.2,9.5,27.6,17945,"","","",171285,18.5,11.3,31.0,21825,"","","",2,63645,0.0,24.4,39.1,31.0,5.9,7.3,54.1,7.3,68.6,68.3,79.0,33.0,84.6,39.3
"A0680","Los Angeles","Los Angeles","https://www.californiahealthmaps.org?address=A0680","Both","Liver",318225,9.3,6.1,13.8,99755,"","","",17945,"","","",171285,"","","",21825,"","","",2,63645,0.0,24.4,39.1,31.0,5.9,7.3,54.1,7.3,68.6,68.3,79.0,33.0,84.6,39.3
"A0680","Los Angeles","Los Angeles","https://www.californiahealthmaps.org?address=A0680","Both","Pancreas",318225,11.3,7.5,16.5,99755,11.9,6.6,21.9,17945,"","","",171285,"","","",21825,"","","",2,63645,0.0,24.4,39.1,31.0,5.9,7.3,54.1,7.3,68.6,68.3,79.0,33.0,84.6,39.3
