"Zone","Counties","Cities","URL","Sex","Cancer","PopTot","AAIR","LCI","UCI","White_PopTot","White_AAIR","White_LCI","White_UCI","Black_PopTot","Black_AAIR","Black_LCI","Black_UCI","Hispanic_PopTot","Hispanic_AAIR","Hispanic_LCI","Hispanic_UCI","Asian_PopTot","Asian_AAIR","Asian_LCI","Asian_UCI","QNSES","PopAll","PerRural","PerUninsured","PerForeignBorn","PerWhite","PerBlack","PerAsian","PerHispanic","PerAPI","PerDocvisit","PerFOBT","PerMammo","PerMenPrev","PerPap","PerWomenPrev"
"A0850","Kern","California City, Ridgecrest, Bakersfield","https://www.californiahealthmaps.org?address=A0850","Male","AllSite",207630,488.0,459.9,517.5,135645,482.5,451.3,516.3,10955,764.2,560.2,1053.2,46595,458.8,363.9,576.6,"","","","",2,80362,41.5,12.5,7.2,70.3,6.0,2.7,16.3,2.7,"","","","","",""
"A0850","Kern","California City, Ridgecrest, Bakersfield","https://www.californiahealthmaps.org?address=A0850","Female","AllSite",194180,406.3,380.7,433.6,134315,405.5,376.6,436.8,10300,594.0,419.9,828.7,33095,408.6,324.5,510.7,"","","","",2,80362,41.5,12.5,7.2,70.3,6.0,2.7,16.3,2.7,"","","","","",""
"A0850","Kern","California City, Ridgecrest, Bakersfield","https://www.californiahealthmaps.org?address=A0850","Male","Prostate",207630,99.9,88.0,113.3,135645,89.9,77.7,104.6,10955,"","","",46595,104.9,61.6,173.6,"","","","",2,80362,41.5,12.5,7.2,70.3,6.0,2.7,16.3,2.7,"","","","","",""
"A0850","Kern","California City, Ridgecrest, Bakersfield","https://www.californiahealthmaps.org?address=A0850","Female","Breast",194180,114.4,101.1,129.5,134315,117.0,101.8,134.7,10300,"","","",33095,89.2,55.3,141.1,"","","","",2,80362,41.5,12.5,7.2,70.3,6.0,2.7,16.3,2.7,"","","","","",""
"A0850","Kern","California City, Ridgecrest, Bakersfield","https://www.californiahealthmaps.org?address=A0850","Male","Lung",207630,67.0,56.9,78.7,135645,68.4,57.3,82.1,10955,"","","",46595,"","","","","","","",2,80362,41.5,12.5,7.2,70.3,6.0,2.7,16.3,2.7,"","","","","",""
"A0850","Kern","California City, Ridgecrest, Bakersfield","https://www.californiahealthmaps.org?address=A0850","Female","Lung",194180,56.0,47.1,66.7,134315,56.2,46.4,68.5,10300,"","","",33095,"","","","","","","",2,80362,41.5,12.5,7.2,70.3,6.0,2.7,16.3,2.7,"","","","","",""
"A0850","Kern","California City, Ridgecrest, Bakersfield","https://www.californiahealthmaps.org?address=A0850","Male","CRC",207630,48.7,40.0,59.1,135645,50.5,40.5,63.2,10955,"","","",46595,"","","","","","","",2,80362,41.5,12.5,7.2,70.3,6.0,2.7,16.3,2.7,"","","","","",""
"A0850","Kern","California City, Ridgecrest, Bakersfield","https://www.californiahealthmaps.org?address=A0850","Female","CRC",194180,32.8,26.0,41.4,134315,33.8,26.4,43.9,10300,"","","",33095,"","","","","","","",2,80362,41.5,12.5,7.2,70.3,6.0,2.7,16.3,2.7,"","","","","",""
"A0850","Kern","California City, Ridgecrest, Bakersfield","https://www.californiahealthmaps.org?address=A0850","Male","Mela",207630,35.3,27.9,44.3,135645,40.5,31.3,52.6,10955,"","","",46595,"","","","","","","",2,80362,41.5,12.5,7.2,70.3,6.0,2.7,16.3,2.7,"","","","","",""
"A0850","Kern","California City, Ridgecrest, Bakersfield","https://www.californiahealthmaps.org?address=A0850","Female","Mela",194180,16.4,11.6,23.0,134315,19.0,13.2,27.6,10300,"","","",33095,"","","","","","","",2,80362,41.5,12.5,7.2,70.3,6.0,2.7,16.3,2.7,"","","","","",""
"A0850","Kern","California City, Ridgecrest, Bakersfield","https://www.californiahealthmaps.org?address=A0850","Female","Uterine",194180,21.9,16.4,29.4,134315,20.5,14.6,29.3,10300,"","","",33095,"","","","","","","",2,80362,41.5,12.5,7.2,70.3,6.0,2.7,16.3,2.7,"","","","","",""
"A0850","Kern","California City, Ridgecrest, Bakersfield","https://www.californiahealthmaps.org?address=A0850","Male","Lymph",207630,21.6,15.9,28.9,135645,20.5,14.3,29.6,10955,"","","",46595,"","","","","","","",2,80362,41.5,12.5,7.2,70.3,6.0,2.7,16.3,2.7,"","","","","",""
"A0850","Kern","California City, Ridgecrest, Bakersfield","https://www.californiahealthmaps.org?address=A0850","Female","Lymph",194180,10.7,7.0,16.5,134315,9.8,5.7,16.9,10300,"","","",33095,"","","","","","","",2,80362,41.5,12.5,7.2,70.3,6.0,2.7,16.3,2.7,"","","","","",""
"A0850","Kern","California City, Ridgecrest, Bakersfield","https://www.californiahealthmaps.org?address=A0850","Male","Urinary",207630,27.0,20.6,35.2,135645,27.7,20.5,37.7,10955,"","","",46595,"","","","","","","",2,80362,41.5,12.5,7.2,70.3,6.0,2.7,16.3,2.7,"","","","","",""
"A0850","Kern","California City, Ridgecrest, Bakersfield","https://www.californiahealthmaps.org?address=A0850","Female","Urinary",194180,"","","",134315,"","","",10300,"","","",33095,"","","","","","","",2,80362,41.5,12.5,7.2,70.3,6.0,2.7,16.3,2.7,"","","","","",""
"A0850","Kern","California City, Ridgecrest, Bakersfield","https://www.californiahealthmaps.org?address=A0850","Male","Kidney",207630,20.5,15.1,27.5,135645,19.5,13.6,28.3,10955,"","","",46595,"","","","","","","",2,80362,41.5,12.5,7.2,70.3,6.0,2.7,16.3,2.7,"","","","","",""
"A0850","Kern","California City, Ridgecrest, Bakersfield","https://www.californiahealthmaps.org?address=A0850","Female","Kidney",194180,11.9,7.7,18.1,134315,10.8,6.4,18.3,10300,"","","",33095,"","","","","","","",2,80362,41.5,12.5,7.2,70.3,6.0,2.7,16.3,2.7,"","","","","",""
"A0850","Kern","California City, Ridgecrest, Bakersfield","https://www.californiahealthmaps.org?address=A0850","Male","Thyroid",207630,"","","",135645,"","","",10955,"","","",46595,"","","","","","","",2,80362,41.5,12.5,7.2,70.3,6.0,2.7,16.3,2.7,"","","","","",""
"A0850","Kern","California City, Ridgecrest, Bakersfield","https://www.californiahealthmaps.org?address=A0850","Female","Thyroid",194180,18.7,13.1,26.5,134315,17.5,10.7,27.5,10300,"","","",33095,"","","","","","","",2,80362,41.5,12.5,7.2,70.3,6.0,2.7,16.3,2.7,"","","","","",""
"A0850","Kern","California City, Ridgecrest, Bakersfield","https://www.californiahealthmaps.org?address=A0850","Male","Liver",207630,13.1,9.1,18.7,135645,9.9,6.2,16.6,10955,"","","",46595,"","","","","","","",2,80362,41.5,12.5,7.2,70.3,6.0,2.7,16.3,2.7,"","","","","",""
"A0850","Kern","California City, Ridgecrest, Bakersfield","https://www.californiahealthmaps.org?address=A0850","Female","Liver",194180,"","","",134315,"","","",10300,"","","",33095,"","","","","","","",2,80362,41.5,12.5,7.2,70.3,6.0,2.7,16.3,2.7,"","","","","",""
"A0850","Kern","California City, Ridgecrest, Bakersfield","https://www.californiahealthmaps.org?address=A0850","Male","Pancreas",207630,16.1,11.2,22.6,135645,15.6,10.2,23.9,10955,"","","",46595,"","","","","","","",2,80362,41.5,12.5,7.2,70.3,6.0,2.7,16.3,2.7,"","","","","",""
"A0850","Kern","California City, Ridgecrest, Bakersfield","https://www.californiahealthmaps.org?address=A0850","Female","Pancreas",194180,8.0,5.0,12.9,134315,7.7,4.6,13.9,10300,"","","",33095,"","","","","","","",2,80362,41.5,12.5,7.2,70.3,6.0,2.7,16.3,2.7,"","","","","",""
"A0850","Kern","California City, Ridgecrest, Bakersfield","https://www.californiahealthmaps.org?address=A0850","Both","AllSite",401810,441.2,422.5,460.6,269960,440.2,419.1,462.5,21255,660.7,531.2,818.1,79690,422.0,359.3,494.4,11655,438.0,305.0,645.5,2,80362,41.5,12.5,7.2,70.3,6.0,2.7,16.3,2.7,"","","","","",""
"A0850","Kern","California City, Ridgecrest, Bakersfield","https://www.californiahealthmaps.org?address=A0850","Both","Lung",401810,60.8,54.1,68.3,269960,61.6,54.2,70.2,21255,97.2,51.9,173.6,79690,67.5,42.4,103.6,11655,"","","",2,80362,41.5,12.5,7.2,70.3,6.0,2.7,16.3,2.7,"","","","","",""
"A0850","Kern","California City, Ridgecrest, Bakersfield","https://www.californiahealthmaps.org?address=A0850","Both","CRC",401810,40.5,35.0,46.9,269960,42.0,35.8,49.6,21255,"","","",79690,"","","",11655,"","","",2,80362,41.5,12.5,7.2,70.3,6.0,2.7,16.3,2.7,"","","","","",""
"A0850","Kern","California City, Ridgecrest, Bakersfield","https://www.californiahealthmaps.org?address=A0850","Both","Mela",401810,25.1,20.8,30.2,269960,28.9,23.5,35.6,21255,"","","",79690,"","","",11655,"","","",2,80362,41.5,12.5,7.2,70.3,6.0,2.7,16.3,2.7,"","","","","",""
"A0850","Kern","California City, Ridgecrest, Bakersfield","https://www.californiahealthmaps.org?address=A0850","Both","Lymph",401810,15.7,12.4,20.0,269960,14.7,11.0,19.7,21255,"","","",79690,"","","",11655,"","","",2,80362,41.5,12.5,7.2,70.3,6.0,2.7,16.3,2.7,"","","","","",""
"A0850","Kern","California City, Ridgecrest, Bakersfield","https://www.californiahealthmaps.org?address=A0850","Both","Urinary",401810,15.0,11.8,19.2,269960,15.4,11.8,20.4,21255,"","","",79690,"","","",11655,"","","",2,80362,41.5,12.5,7.2,70.3,6.0,2.7,16.3,2.7,"","","","","",""
"A0850","Kern","California City, Ridgecrest, Bakersfield","https://www.californiahealthmaps.org?address=A0850","Both","Kidney",401810,15.9,12.5,20.2,269960,14.9,11.2,20.0,21255,"","","",79690,"","","",11655,"","","",2,80362,41.5,12.5,7.2,70.3,6.0,2.7,16.3,2.7,"","","","","",""
"A0850","Kern","California City, Ridgecrest, Bakersfield","https://www.californiahealthmaps.org?address=A0850","Both","Thyroid",401810,11.7,8.6,15.7,269960,12.0,8.0,17.5,21255,"","","",79690,"","","",11655,"","","",2,80362,41.5,12.5,7.2,70.3,6.0,2.7,16.3,2.7,"","","","","",""
"A0850","Kern","California City, Ridgecrest, Bakersfield","https://www.californiahealthmaps.org?address=A0850","Both","Liver",401810,8.8,6.5,12.0,269960,7.1,4.9,10.8,21255,"","","",79690,"","","",11655,"","","",2,80362,41.5,12.5,7.2,70.3,6.0,2.7,16.3,2.7,"","","","","",""
"A0850","Kern","California City, Ridgecrest, Bakersfield","https://www.californiahealthmaps.org?address=A0850","Both","Pancreas",401810,11.9,9.0,15.6,269960,11.5,8.4,16.0,21255,"","","",79690,"","","",11655,"","","",2,80362,41.5,12.5,7.2,70.3,6.0,2.7,16.3,2.7,"","","","","",""
