"Zone","URL","Sex","Cancer","Years","Counties","Places","AAIR","LCI","UCI","White_PopTot","White_AAIR","White_LCI","White_UCI","Black_PopTot","Black_AAIR","Black_LCI","Black_UCI","TotalPop","PctMinority","PctHispanic","PctBlackNH","PctRural","PctBelowPov","PctEducLHS","PctEducBch","PctNoHealthIns"
"A9017","https://www.example.com?address=A9017","Both","AllSite","05yrs","Caddo","Blanchard, Shreveport, Vivian",491.2,468.2,515.1,138925,508.1,475.3,542.7,166179,493.0,459.1,528.7,63020,56.95,1.72,53.34,30.69,26.23,18.97,14.81,15.77
"A9017","https://www.example.com?address=A9017","Female","AllSite","05yrs","Caddo","Blanchard, Shreveport, Vivian",428.0,398.5,459.0,69394,454.3,410.5,501.7,87644,417.7,376.5,462.2,63020,56.95,1.72,53.34,30.69,26.23,18.97,14.81,15.77
"A9017","https://www.example.com?address=A9017","Male","AllSite","05yrs","Caddo","Blanchard, Shreveport, Vivian",576.0,538.8,615.1,69531,578.3,528.1,632.3,78534,602.2,543.8,665.0,63020,56.95,1.72,53.34,30.69,26.23,18.97,14.81,15.77
"A9017","https://www.example.com?address=A9017","Male","Prostate","05yrs","Caddo","Blanchard, Shreveport, Vivian",139.4,121.6,159.0,69531,114.5,93.4,139.3,78534,181.0,149.4,217.3,63020,56.95,1.72,53.34,30.69,26.23,18.97,14.81,15.77
"A9017","https://www.example.com?address=A9017","Both","Lung","05yrs","Caddo","Blanchard, Shreveport, Vivian",79.2,70.2,89.0,138925,88.8,75.9,103.5,166179,71.0,58.5,85.4,63020,56.95,1.72,53.34,30.69,26.23,18.97,14.81,15.77
"A9017","https://www.example.com?address=A9017","Female","Lung","05yrs","Caddo","Blanchard, Shreveport, Vivian",61.9,51.4,74.1,69394,76.5,60.1,96.5,87644,50.5,37.1,67.2,63020,56.95,1.72,53.34,30.69,26.23,18.97,14.81,15.77
"A9017","https://www.example.com?address=A9017","Male","Lung","05yrs","Caddo","Blanchard, Shreveport, Vivian",101.2,86.0,118.4,69531,104.4,84.2,128.4,78534,99.5,76.5,127.0,63020,56.95,1.72,53.34,30.69,26.23,18.97,14.81,15.77
"A9017","https://www.example.com?address=A9017","Female","Breast","05yrs","Caddo","Blanchard, Shreveport, Vivian",121.5,106.2,138.3,69394,125.5,103.2,151.6,87644,121.3,100.1,145.9,63020,56.95,1.72,53.34,30.69,26.23,18.97,14.81,15.77
"A9017","https://www.example.com?address=A9017","Both","CRC","05yrs","Caddo","Blanchard, Shreveport, Vivian",51.2,44.0,59.3,138925,34.6,26.5,44.6,166179,72.6,59.9,87.1,63020,56.95,1.72,53.34,30.69,26.23,18.97,14.81,15.77
"A9017","https://www.example.com?address=A9017","Female","CRC","05yrs","Caddo","Blanchard, Shreveport, Vivian",45.5,36.4,56.3,69394,23.3,14.8,35.8,87644,69.9,53.7,89.4,63020,56.95,1.72,53.34,30.69,26.23,18.97,14.81,15.77
"A9017","https://www.example.com?address=A9017","Male","CRC","05yrs","Caddo","Blanchard, Shreveport, Vivian",57.4,46.2,70.5,69531,46.3,33.0,63.6,78534,75.9,56.2,100.2,63020,56.95,1.72,53.34,30.69,26.23,18.97,14.81,15.77
"A9017","https://www.example.com?address=A9017","Both","Kidney","05yrs","Caddo","Blanchard, Shreveport, Vivian",22.2,17.5,27.7,138925,24.2,17.6,32.7,166179,21.0,14.4,29.5,63020,56.95,1.72,53.34,30.69,26.23,18.97,14.81,15.77
"A9017","https://www.example.com?address=A9017","Female","Kidney","05yrs","Caddo","Blanchard, Shreveport, Vivian",17.3,11.6,24.7,69394,20.5,12.0,33.1,87644,"","","",63020,56.95,1.72,53.34,30.69,26.23,18.97,14.81,15.77
"A9017","https://www.example.com?address=A9017","Male","Kidney","05yrs","Caddo","Blanchard, Shreveport, Vivian",27.8,20.5,37.2,69531,28.4,18.7,42.0,78534,28.0,17.0,43.4,63020,56.95,1.72,53.34,30.69,26.23,18.97,14.81,15.77
"A9017","https://www.example.com?address=A9017","Both","NHL","05yrs","Caddo","Blanchard, Shreveport, Vivian",18.5,14.1,23.7,138925,21.3,15.0,29.6,166179,15.6,10.1,23.0,63020,56.95,1.72,53.34,30.69,26.23,18.97,14.81,15.77
"A9017","https://www.example.com?address=A9017","Female","NHL","05yrs","Caddo","Blanchard, Shreveport, Vivian",11.8,7.3,18.0,69394,"","","",87644,"","","",63020,56.95,1.72,53.34,30.69,26.23,18.97,14.81,15.77
"A9017","https://www.example.com?address=A9017","Male","NHL","05yrs","Caddo","Blanchard, Shreveport, Vivian",27.4,19.5,37.4,69531,35.2,23.0,51.7,78534,"","","",63020,56.95,1.72,53.34,30.69,26.23,18.97,14.81,15.77
"A9017","https://www.example.com?address=A9017","Both","Urinary","05yrs","Caddo","Blanchard, Shreveport, Vivian",14.4,10.7,19.1,138925,22.3,16.0,30.5,166179,"","","",63020,56.95,1.72,53.34,30.69,26.23,18.97,14.81,15.77
"A9017","https://www.example.com?address=A9017","Female","Urinary","05yrs","Caddo","Blanchard, Shreveport, Vivian","","","",69394,"","","",87644,"","","",63020,56.95,1.72,53.34,30.69,26.23,18.97,14.81,15.77
"A9017","https://www.example.com?address=A9017","Male","Urinary","05yrs","Caddo","Blanchard, Shreveport, Vivian",25.1,17.6,34.8,69531,37.8,25.9,53.8,78534,"","","",63020,56.95,1.72,53.34,30.69,26.23,18.97,14.81,15.77
"A9017","https://www.example.com?address=A9017","Both","Mela","05yrs","Caddo","Blanchard, Shreveport, Vivian",10.9,7.8,15.0,138925,20.4,14.3,28.5,166179,"","","",63020,56.95,1.72,53.34,30.69,26.23,18.97,14.81,15.77
"A9017","https://www.example.com?address=A9017","Female","Mela","05yrs","Caddo","Blanchard, Shreveport, Vivian","","","",69394,"","","",87644,"","","",63020,56.95,1.72,53.34,30.69,26.23,18.97,14.81,15.77
"A9017","https://www.example.com?address=A9017","Male","Mela","05yrs","Caddo","Blanchard, Shreveport, Vivian",17.7,11.4,26.2,69531,31.0,19.9,46.3,78534,"","","",63020,56.95,1.72,53.34,30.69,26.23,18.97,14.81,15.77
"A9017","https://www.example.com?address=A9017","Both","Pancreas","05yrs","Caddo","Blanchard, Shreveport, Vivian",14.5,10.8,19.2,138925,14.9,9.8,22.0,166179,14.2,8.9,21.6,63020,56.95,1.72,53.34,30.69,26.23,18.97,14.81,15.77
"A9017","https://www.example.com?address=A9017","Female","Pancreas","05yrs","Caddo","Blanchard, Shreveport, Vivian",10.9,6.8,16.7,69394,"","","",87644,"","","",63020,56.95,1.72,53.34,30.69,26.23,18.97,14.81,15.77
"A9017","https://www.example.com?address=A9017","Male","Pancreas","05yrs","Caddo","Blanchard, Shreveport, Vivian",19.1,12.7,27.6,69531,18.5,10.3,31.0,78534,"","","",63020,56.95,1.72,53.34,30.69,26.23,18.97,14.81,15.77
"A9017","https://www.example.com?address=A9017","Both","Leuks","05yrs","Caddo","Blanchard, Shreveport, Vivian",14.0,10.3,18.6,138925,21.6,15.0,30.3,166179,"","","",63020,56.95,1.72,53.34,30.69,26.23,18.97,14.81,15.77
"A9017","https://www.example.com?address=A9017","Female","Leuks","05yrs","Caddo","Blanchard, Shreveport, Vivian",11.4,7.1,17.5,69394,19.6,11.3,31.9,87644,"","","",63020,56.95,1.72,53.34,30.69,26.23,18.97,14.81,15.77
"A9017","https://www.example.com?address=A9017","Male","Leuks","05yrs","Caddo","Blanchard, Shreveport, Vivian",17.0,11.0,25.1,69531,23.9,14.0,38.4,78534,"","","",63020,56.95,1.72,53.34,30.69,26.23,18.97,14.81,15.77
"A9017","https://www.example.com?address=A9017","Both","Oral","05yrs","Caddo","Blanchard, Shreveport, Vivian",14.3,10.7,18.7,138925,17.4,11.8,25.1,166179,11.5,7.1,17.6,63020,56.95,1.72,53.34,30.69,26.23,18.97,14.81,15.77
"A9017","https://www.example.com?address=A9017","Female","Oral","05yrs","Caddo","Blanchard, Shreveport, Vivian","","","",69394,"","","",87644,"","","",63020,56.95,1.72,53.34,30.69,26.23,18.97,14.81,15.77
"A9017","https://www.example.com?address=A9017","Male","Oral","05yrs","Caddo","Blanchard, Shreveport, Vivian",23.5,16.9,32.0,69531,27.2,17.3,41.2,78534,20.2,11.9,32.6,63020,56.95,1.72,53.34,30.69,26.23,18.97,14.81,15.77
"A9017","https://www.example.com?address=A9017","Both","Thyroid","05yrs","Caddo","Blanchard, Shreveport, Vivian",16.9,12.6,22.2,138925,22.9,15.7,32.2,166179,10.9,6.1,17.7,63020,56.95,1.72,53.34,30.69,26.23,18.97,14.81,15.77
"A9017","https://www.example.com?address=A9017","Female","Thyroid","05yrs","Caddo","Blanchard, Shreveport, Vivian",28.5,20.6,38.3,69394,40.3,26.5,58.6,87644,"","","",63020,56.95,1.72,53.34,30.69,26.23,18.97,14.81,15.77
"A9017","https://www.example.com?address=A9017","Male","Thyroid","05yrs","Caddo","Blanchard, Shreveport, Vivian","","","",69531,"","","",78534,"","","",63020,56.95,1.72,53.34,30.69,26.23,18.97,14.81,15.77
"A9017","https://www.example.com?address=A9017","Female","Uterine","05yrs","Caddo","Blanchard, Shreveport, Vivian",21.4,15.4,29.1,69394,23.1,14.1,36.1,87644,21.0,13.1,32.2,63020,56.95,1.72,53.34,30.69,26.23,18.97,14.81,15.77
"A9017","https://www.example.com?address=A9017","Both","Liver","05yrs","Caddo","Blanchard, Shreveport, Vivian",11.9,8.6,16.1,138925,"","","",166179,17.8,12.0,25.5,63020,56.95,1.72,53.34,30.69,26.23,18.97,14.81,15.77
"A9017","https://www.example.com?address=A9017","Female","Liver","05yrs","Caddo","Blanchard, Shreveport, Vivian","","","",69394,"","","",87644,"","","",63020,56.95,1.72,53.34,30.69,26.23,18.97,14.81,15.77
"A9017","https://www.example.com?address=A9017","Male","Liver","05yrs","Caddo","Blanchard, Shreveport, Vivian",19.8,13.8,27.6,69531,"","","",78534,31.5,20.2,47.0,63020,56.95,1.72,53.34,30.69,26.23,18.97,14.81,15.77
"A9017","https://www.example.com?address=A9017","Both","Stomach","05yrs","Caddo","Blanchard, Shreveport, Vivian",5.9,3.7,9.0,138925,"","","",166179,"","","",63020,56.95,1.72,53.34,30.69,26.23,18.97,14.81,15.77
"A9017","https://www.example.com?address=A9017","Female","Stomach","05yrs","Caddo","Blanchard, Shreveport, Vivian","","","",69394,"","","",87644,"","","",63020,56.95,1.72,53.34,30.69,26.23,18.97,14.81,15.77
"A9017","https://www.example.com?address=A9017","Male","Stomach","05yrs","Caddo","Blanchard, Shreveport, Vivian","","","",69531,"","","",78534,"","","",63020,56.95,1.72,53.34,30.69,26.23,18.97,14.81,15.77
"A9017","https://www.example.com?address=A9017","Both","Myeloma","05yrs","Caddo","Blanchard, Shreveport, Vivian",10.6,7.4,14.8,138925,"","","",166179,15.5,9.7,23.3,63020,56.95,1.72,53.34,30.69,26.23,18.97,14.81,15.77
"A9017","https://www.example.com?address=A9017","Female","Myeloma","05yrs","Caddo","Blanchard, Shreveport, Vivian",10.2,6.0,16.2,69394,"","","",87644,"","","",63020,56.95,1.72,53.34,30.69,26.23,18.97,14.81,15.77
"A9017","https://www.example.com?address=A9017","Male","Myeloma","05yrs","Caddo","Blanchard, Shreveport, Vivian",10.8,6.2,17.4,69531,"","","",78534,"","","",63020,56.95,1.72,53.34,30.69,26.23,18.97,14.81,15.77
"A9017","https://www.example.com?address=A9017","Both","Brain","05yrs","Caddo","Blanchard, Shreveport, Vivian","","","",138925,"","","",166179,"","","",63020,56.95,1.72,53.34,30.69,26.23,18.97,14.81,15.77
"A9017","https://www.example.com?address=A9017","Female","Brain","05yrs","Caddo","Blanchard, Shreveport, Vivian","","","",69394,"","","",87644,"","","",63020,56.95,1.72,53.34,30.69,26.23,18.97,14.81,15.77
"A9017","https://www.example.com?address=A9017","Male","Brain","05yrs","Caddo","Blanchard, Shreveport, Vivian","","","",69531,"","","",78534,"","","",63020,56.95,1.72,53.34,30.69,26.23,18.97,14.81,15.77
"A9017","https://www.example.com?address=A9017","Both","Larynx","05yrs","Caddo","Blanchard, Shreveport, Vivian",6.4,4.0,9.7,138925,"","","",166179,"","","",63020,56.95,1.72,53.34,30.69,26.23,18.97,14.81,15.77
"A9017","https://www.example.com?address=A9017","Female","Larynx","05yrs","Caddo","Blanchard, Shreveport, Vivian","","","",69394,"","","",87644,"","","",63020,56.95,1.72,53.34,30.69,26.23,18.97,14.81,15.77
"A9017","https://www.example.com?address=A9017","Male","Larynx","05yrs","Caddo","Blanchard, Shreveport, Vivian",11.6,6.8,18.6,69531,"","","",78534,"","","",63020,56.95,1.72,53.34,30.69,26.23,18.97,14.81,15.77
"A9017","https://www.example.com?address=A9017","Female","Ovary","05yrs","Caddo","Blanchard, Shreveport, Vivian","","","",69394,"","","",87644,"","","",63020,56.95,1.72,53.34,30.69,26.23,18.97,14.81,15.77
"A9017","https://www.example.com?address=A9017","Both","Esoph","05yrs","Caddo","Blanchard, Shreveport, Vivian",7.5,4.9,10.9,138925,"","","",166179,"","","",63020,56.95,1.72,53.34,30.69,26.23,18.97,14.81,15.77
"A9017","https://www.example.com?address=A9017","Female","Esoph","05yrs","Caddo","Blanchard, Shreveport, Vivian","","","",69394,"","","",87644,"","","",63020,56.95,1.72,53.34,30.69,26.23,18.97,14.81,15.77
"A9017","https://www.example.com?address=A9017","Male","Esoph","05yrs","Caddo","Blanchard, Shreveport, Vivian",13.8,8.6,21.1,69531,"","","",78534,"","","",63020,56.95,1.72,53.34,30.69,26.23,18.97,14.81,15.77
"A9017","https://www.example.com?address=A9017","Both","AllSite","10yrs","Caddo","Blanchard, Shreveport, Vivian",507.6,490.9,524.7,275072,506.6,483.4,530.7,337339,521.2,496.5,546.8,63020,56.95,1.72,53.34,30.69,26.23,18.97,14.81,15.77
"A9017","https://www.example.com?address=A9017","Female","AllSite","10yrs","Caddo","Blanchard, Shreveport, Vivian",421.9,401.2,443.4,137444,433.1,403.0,464.9,178143,420.4,391.1,451.3,63020,56.95,1.72,53.34,30.69,26.23,18.97,14.81,15.77
"A9017","https://www.example.com?address=A9017","Male","AllSite","10yrs","Caddo","Blanchard, Shreveport, Vivian",620.5,592.8,649.3,137628,594.2,557.8,632.5,159196,675.6,630.8,722.6,63020,56.95,1.72,53.34,30.69,26.23,18.97,14.81,15.77
"A9017","https://www.example.com?address=A9017","Male","Prostate","10yrs","Caddo","Blanchard, Shreveport, Vivian",163.4,149.5,178.2,137628,129.7,113.4,147.9,159196,215.9,191.0,243.1,63020,56.95,1.72,53.34,30.69,26.23,18.97,14.81,15.77
"A9017","https://www.example.com?address=A9017","Both","Lung","10yrs","Caddo","Blanchard, Shreveport, Vivian",80.0,73.6,86.9,275072,88.1,78.8,98.2,337339,72.3,63.3,82.2,63020,56.95,1.72,53.34,30.69,26.23,18.97,14.81,15.77
"A9017","https://www.example.com?address=A9017","Female","Lung","10yrs","Caddo","Blanchard, Shreveport, Vivian",60.3,52.8,68.5,137444,75.3,63.6,88.6,178143,46.5,37.2,57.3,63020,56.95,1.72,53.34,30.69,26.23,18.97,14.81,15.77
"A9017","https://www.example.com?address=A9017","Male","Lung","10yrs","Caddo","Blanchard, Shreveport, Vivian",106.7,95.3,119.1,137628,103.5,88.8,120.1,159196,113.8,95.5,134.6,63020,56.95,1.72,53.34,30.69,26.23,18.97,14.81,15.77
"A9017","https://www.example.com?address=A9017","Female","Breast","10yrs","Caddo","Blanchard, Shreveport, Vivian",117.4,106.7,129.0,137444,116.7,101.4,133.7,178143,119.1,103.9,136.0,63020,56.95,1.72,53.34,30.69,26.23,18.97,14.81,15.77
"A9017","https://www.example.com?address=A9017","Both","CRC","10yrs","Caddo","Blanchard, Shreveport, Vivian",57.9,52.4,63.9,275072,43.8,37.2,51.3,337339,76.1,66.7,86.3,63020,56.95,1.72,53.34,30.69,26.23,18.97,14.81,15.77
"A9017","https://www.example.com?address=A9017","Female","CRC","10yrs","Caddo","Blanchard, Shreveport, Vivian",49.6,42.8,57.3,137444,33.0,25.5,42.3,178143,68.1,56.7,81.2,63020,56.95,1.72,53.34,30.69,26.23,18.97,14.81,15.77
"A9017","https://www.example.com?address=A9017","Male","CRC","10yrs","Caddo","Blanchard, Shreveport, Vivian",67.3,58.4,77.2,137628,55.1,44.4,67.8,159196,85.9,70.5,103.6,63020,56.95,1.72,53.34,30.69,26.23,18.97,14.81,15.77
"A9017","https://www.example.com?address=A9017","Both","Kidney","10yrs","Caddo","Blanchard, Shreveport, Vivian",20.2,17.0,23.9,275072,19.9,15.6,25.2,337339,21.3,16.5,27.0,63020,56.95,1.72,53.34,30.69,26.23,18.97,14.81,15.77
"A9017","https://www.example.com?address=A9017","Female","Kidney","10yrs","Caddo","Blanchard, Shreveport, Vivian",12.9,9.5,17.2,137444,14.3,9.3,21.4,178143,12.2,7.6,18.6,63020,56.95,1.72,53.34,30.69,26.23,18.97,14.81,15.77
"A9017","https://www.example.com?address=A9017","Male","Kidney","10yrs","Caddo","Blanchard, Shreveport, Vivian",28.7,23.1,35.3,137628,26.1,19.1,35.0,159196,32.9,23.9,44.2,63020,56.95,1.72,53.34,30.69,26.23,18.97,14.81,15.77
"A9017","https://www.example.com?address=A9017","Both","NHL","10yrs","Caddo","Blanchard, Shreveport, Vivian",19.5,16.3,23.1,275072,22.9,18.2,28.6,337339,15.6,11.6,20.6,63020,56.95,1.72,53.34,30.69,26.23,18.97,14.81,15.77
"A9017","https://www.example.com?address=A9017","Female","NHL","10yrs","Caddo","Blanchard, Shreveport, Vivian",14.1,10.6,18.6,137444,15.1,10.2,21.8,178143,12.8,8.1,19.2,63020,56.95,1.72,53.34,30.69,26.23,18.97,14.81,15.77
"A9017","https://www.example.com?address=A9017","Male","NHL","10yrs","Caddo","Blanchard, Shreveport, Vivian",26.4,20.7,33.1,137628,32.0,23.7,42.5,159196,19.0,12.3,27.8,63020,56.95,1.72,53.34,30.69,26.23,18.97,14.81,15.77
"A9017","https://www.example.com?address=A9017","Both","Urinary","10yrs","Caddo","Blanchard, Shreveport, Vivian",14.8,12.1,18.0,275072,21.5,17.0,27.0,337339,6.7,4.1,10.2,63020,56.95,1.72,53.34,30.69,26.23,18.97,14.81,15.77
"A9017","https://www.example.com?address=A9017","Female","Urinary","10yrs","Caddo","Blanchard, Shreveport, Vivian",5.9,3.7,8.9,137444,"","","",178143,"","","",63020,56.95,1.72,53.34,30.69,26.23,18.97,14.81,15.77
"A9017","https://www.example.com?address=A9017","Male","Urinary","10yrs","Caddo","Blanchard, Shreveport, Vivian",26.7,21.1,33.3,137628,37.5,28.8,48.1,159196,"","","",63020,56.95,1.72,53.34,30.69,26.23,18.97,14.81,15.77
"A9017","https://www.example.com?address=A9017","Both","Mela","10yrs","Caddo","Blanchard, Shreveport, Vivian",11.0,8.7,13.8,275072,21.2,16.6,26.8,337339,"","","",63020,56.95,1.72,53.34,30.69,26.23,18.97,14.81,15.77
"A9017","https://www.example.com?address=A9017","Female","Mela","10yrs","Caddo","Blanchard, Shreveport, Vivian",6.9,4.4,10.3,137444,14.0,8.8,21.4,178143,"","","",63020,56.95,1.72,53.34,30.69,26.23,18.97,14.81,15.77
"A9017","https://www.example.com?address=A9017","Male","Mela","10yrs","Caddo","Blanchard, Shreveport, Vivian",17.2,12.7,22.7,137628,30.5,22.5,40.4,159196,"","","",63020,56.95,1.72,53.34,30.69,26.23,18.97,14.81,15.77
"A9017","https://www.example.com?address=A9017","Both","Pancreas","10yrs","Caddo","Blanchard, Shreveport, Vivian",15.6,12.8,18.9,275072,15.8,11.9,20.6,337339,15.7,11.6,20.7,63020,56.95,1.72,53.34,30.69,26.23,18.97,14.81,15.77
"A9017","https://www.example.com?address=A9017","Female","Pancreas","10yrs","Caddo","Blanchard, Shreveport, Vivian",13.1,9.8,17.3,137444,14.3,9.4,21.1,178143,11.5,7.3,17.5,63020,56.95,1.72,53.34,30.69,26.23,18.97,14.81,15.77
"A9017","https://www.example.com?address=A9017","Male","Pancreas","10yrs","Caddo","Blanchard, Shreveport, Vivian",18.8,14.1,24.5,137628,17.8,11.8,25.8,159196,21.2,13.9,31.0,63020,56.95,1.72,53.34,30.69,26.23,18.97,14.81,15.77
"A9017","https://www.example.com?address=A9017","Both","Leuks","10yrs","Caddo","Blanchard, Shreveport, Vivian",14.7,11.9,17.9,275072,20.5,15.8,26.2,337339,9.6,6.5,13.8,63020,56.95,1.72,53.34,30.69,26.23,18.97,14.81,15.77
"A9017","https://www.example.com?address=A9017","Female","Leuks","10yrs","Caddo","Blanchard, Shreveport, Vivian",10.0,7.0,13.8,137444,16.5,10.8,24.3,178143,"","","",63020,56.95,1.72,53.34,30.69,26.23,18.97,14.81,15.77
"A9017","https://www.example.com?address=A9017","Male","Leuks","10yrs","Caddo","Blanchard, Shreveport, Vivian",20.8,15.8,26.8,137628,25.4,17.9,35.2,159196,16.2,9.8,24.9,63020,56.95,1.72,53.34,30.69,26.23,18.97,14.81,15.77
"A9017","https://www.example.com?address=A9017","Both","Oral","10yrs","Caddo","Blanchard, Shreveport, Vivian",12.6,10.2,15.6,275072,13.9,10.2,18.5,337339,12.0,8.6,16.3,63020,56.95,1.72,53.34,30.69,26.23,18.97,14.81,15.77
"A9017","https://www.example.com?address=A9017","Female","Oral","10yrs","Caddo","Blanchard, Shreveport, Vivian",5.6,3.3,8.7,137444,"","","",178143,"","","",63020,56.95,1.72,53.34,30.69,26.23,18.97,14.81,15.77
"A9017","https://www.example.com?address=A9017","Male","Oral","10yrs","Caddo","Blanchard, Shreveport, Vivian",20.7,16.1,26.3,137628,21.2,14.9,29.6,159196,22.1,15.0,31.3,63020,56.95,1.72,53.34,30.69,26.23,18.97,14.81,15.77
"A9017","https://www.example.com?address=A9017","Both","Thyroid","10yrs","Caddo","Blanchard, Shreveport, Vivian",11.6,9.1,14.6,275072,16.2,12.0,21.5,337339,6.6,4.0,10.2,63020,56.95,1.72,53.34,30.69,26.23,18.97,14.81,15.77
"A9017","https://www.example.com?address=A9017","Female","Thyroid","10yrs","Caddo","Blanchard, Shreveport, Vivian",17.5,13.2,22.8,137444,26.2,18.4,36.1,178143,9.8,5.6,15.8,63020,56.95,1.72,53.34,30.69,26.23,18.97,14.81,15.77
"A9017","https://www.example.com?address=A9017","Male","Thyroid","10yrs","Caddo","Blanchard, Shreveport, Vivian",5.3,3.1,8.5,137628,"","","",159196,"","","",63020,56.95,1.72,53.34,30.69,26.23,18.97,14.81,15.77
"A9017","https://www.example.com?address=A9017","Female","Uterine","10yrs","Caddo","Blanchard, Shreveport, Vivian",21.0,16.7,26.2,137444,21.1,14.8,29.4,178143,22.7,16.5,30.5,63020,56.95,1.72,53.34,30.69,26.23,18.97,14.81,15.77
"A9017","https://www.example.com?address=A9017","Both","Liver","10yrs","Caddo","Blanchard, Shreveport, Vivian",10.1,8.0,12.8,275072,6.7,4.3,10.1,337339,13.9,10.3,18.5,63020,56.95,1.72,53.34,30.69,26.23,18.97,14.81,15.77
"A9017","https://www.example.com?address=A9017","Female","Liver","10yrs","Caddo","Blanchard, Shreveport, Vivian",4.6,2.6,7.5,137444,"","","",178143,"","","",63020,56.95,1.72,53.34,30.69,26.23,18.97,14.81,15.77
"A9017","https://www.example.com?address=A9017","Male","Liver","10yrs","Caddo","Blanchard, Shreveport, Vivian",16.1,12.2,21.0,137628,10.5,6.3,16.6,159196,22.9,16.0,31.8,63020,56.95,1.72,53.34,30.69,26.23,18.97,14.81,15.77
"A9017","https://www.example.com?address=A9017","Both","Stomach","10yrs","Caddo","Blanchard, Shreveport, Vivian",8.5,6.5,11.0,275072,5.2,3.2,8.1,337339,12.5,8.9,17.1,63020,56.95,1.72,53.34,30.69,26.23,18.97,14.81,15.77
"A9017","https://www.example.com?address=A9017","Female","Stomach","10yrs","Caddo","Blanchard, Shreveport, Vivian",6.3,4.0,9.4,137444,"","","",178143,10.6,6.3,16.5,63020,56.95,1.72,53.34,30.69,26.23,18.97,14.81,15.77
"A9017","https://www.example.com?address=A9017","Male","Stomach","10yrs","Caddo","Blanchard, Shreveport, Vivian",11.1,7.7,15.5,137628,8.5,4.9,14.1,159196,15.2,9.1,23.7,63020,56.95,1.72,53.34,30.69,26.23,18.97,14.81,15.77
"A9017","https://www.example.com?address=A9017","Both","Myeloma","10yrs","Caddo","Blanchard, Shreveport, Vivian",11.4,9.0,14.3,275072,7.4,4.7,11.0,337339,16.2,12.0,21.3,63020,56.95,1.72,53.34,30.69,26.23,18.97,14.81,15.77
"A9017","https://www.example.com?address=A9017","Female","Myeloma","10yrs","Caddo","Blanchard, Shreveport, Vivian",9.3,6.4,13.0,137444,"","","",178143,11.4,6.9,17.7,63020,56.95,1.72,53.34,30.69,26.23,18.97,14.81,15.77
"A9017","https://www.example.com?address=A9017","Male","Myeloma","10yrs","Caddo","Blanchard, Shreveport, Vivian",13.8,9.9,18.7,137628,"","","",159196,22.7,15.1,32.6,63020,56.95,1.72,53.34,30.69,26.23,18.97,14.81,15.77
"A9017","https://www.example.com?address=A9017","Both","Brain","10yrs","Caddo","Blanchard, Shreveport, Vivian",3.3,2.0,5.0,275072,"","","",337339,"","","",63020,56.95,1.72,53.34,30.69,26.23,18.97,14.81,15.77
"A9017","https://www.example.com?address=A9017","Female","Brain","10yrs","Caddo","Blanchard, Shreveport, Vivian","","","",137444,"","","",178143,"","","",63020,56.95,1.72,53.34,30.69,26.23,18.97,14.81,15.77
"A9017","https://www.example.com?address=A9017","Male","Brain","10yrs","Caddo","Blanchard, Shreveport, Vivian","","","",137628,"","","",159196,"","","",63020,56.95,1.72,53.34,30.69,26.23,18.97,14.81,15.77
"A9017","https://www.example.com?address=A9017","Both","Larynx","10yrs","Caddo","Blanchard, Shreveport, Vivian",5.6,4.0,7.7,275072,7.0,4.5,10.5,337339,"","","",63020,56.95,1.72,53.34,30.69,26.23,18.97,14.81,15.77
"A9017","https://www.example.com?address=A9017","Female","Larynx","10yrs","Caddo","Blanchard, Shreveport, Vivian","","","",137444,"","","",178143,"","","",63020,56.95,1.72,53.34,30.69,26.23,18.97,14.81,15.77
"A9017","https://www.example.com?address=A9017","Male","Larynx","10yrs","Caddo","Blanchard, Shreveport, Vivian",9.1,6.0,13.3,137628,10.6,6.3,17.0,159196,"","","",63020,56.95,1.72,53.34,30.69,26.23,18.97,14.81,15.77
"A9017","https://www.example.com?address=A9017","Female","Ovary","10yrs","Caddo","Blanchard, Shreveport, Vivian",10.0,7.0,13.8,137444,9.3,5.6,14.9,178143,10.7,6.4,16.7,63020,56.95,1.72,53.34,30.69,26.23,18.97,14.81,15.77
"A9017","https://www.example.com?address=A9017","Both","Esoph","10yrs","Caddo","Blanchard, Shreveport, Vivian",6.0,4.4,8.1,275072,6.2,3.9,9.4,337339,6.0,3.7,9.2,63020,56.95,1.72,53.34,30.69,26.23,18.97,14.81,15.77
"A9017","https://www.example.com?address=A9017","Female","Esoph","10yrs","Caddo","Blanchard, Shreveport, Vivian","","","",137444,"","","",178143,"","","",63020,56.95,1.72,53.34,30.69,26.23,18.97,14.81,15.77
"A9017","https://www.example.com?address=A9017","Male","Esoph","10yrs","Caddo","Blanchard, Shreveport, Vivian",11.8,8.2,16.3,137628,11.7,7.2,18.3,159196,12.3,6.9,20.0,63020,56.95,1.72,53.34,30.69,26.23,18.97,14.81,15.77
