"Zone","Counties","Cities","URL","Sex","Cancer","PopTot","AAIR","LCI","UCI","White_PopTot","White_AAIR","White_LCI","White_UCI","Black_PopTot","Black_AAIR","Black_LCI","Black_UCI","Hispanic_PopTot","Hispanic_AAIR","Hispanic_LCI","Hispanic_UCI","Asian_PopTot","Asian_AAIR","Asian_LCI","Asian_UCI","QNSES","PopAll","PerRural","PerUninsured","PerForeignBorn","PerWhite","PerBlack","PerAsian","PerHispanic"
"A1061","Stanislaus","Turlock","https://www.californiahealthmaps.org?address=A1061","Male","AllSite",159990,472.1,436.5,510.0,82780,483.5,440.6,530.1,"","","","",60370,458.7,371.3,565.1,"","","","",2,65617,0.0,15.7,25.1,54.3,1.5,5.9,34.5
"A1061","Stanislaus","Turlock","https://www.californiahealthmaps.org?address=A1061","Female","AllSite",168095,418.3,388.0,450.6,91280,413.9,377.3,454.1,"","","","",59195,436.4,363.7,522.9,"","","","",2,65617,0.0,15.7,25.1,54.3,1.5,5.9,34.5
"A1061","Stanislaus","Turlock","https://www.californiahealthmaps.org?address=A1061","Male","Prostate",159990,99.6,83.8,117.8,82780,107.3,88.0,130.2,"","","","",60370,64.2,37.2,111.5,"","","","",2,65617,0.0,15.7,25.1,54.3,1.5,5.9,34.5
"A1061","Stanislaus","Turlock","https://www.californiahealthmaps.org?address=A1061","Female","Breast",168095,129.0,112.2,147.8,91280,131.5,111.1,155.6,"","","","",59195,117.9,82.1,168.3,"","","","",2,65617,0.0,15.7,25.1,54.3,1.5,5.9,34.5
"A1061","Stanislaus","Turlock","https://www.californiahealthmaps.org?address=A1061","Male","Lung",159990,61.8,49.2,76.8,82780,69.4,53.7,89.0,"","","","",60370,"","","","","","","",2,65617,0.0,15.7,25.1,54.3,1.5,5.9,34.5
"A1061","Stanislaus","Turlock","https://www.californiahealthmaps.org?address=A1061","Female","Lung",168095,35.2,26.8,45.7,91280,37.6,27.4,51.4,"","","","",59195,"","","","","","","",2,65617,0.0,15.7,25.1,54.3,1.5,5.9,34.5
"A1061","Stanislaus","Turlock","https://www.californiahealthmaps.org?address=A1061","Male","CRC",159990,46.2,35.6,59.2,82780,41.4,29.6,57.2,"","","","",60370,65.7,35.0,118.1,"","","","",2,65617,0.0,15.7,25.1,54.3,1.5,5.9,34.5
"A1061","Stanislaus","Turlock","https://www.californiahealthmaps.org?address=A1061","Female","CRC",168095,45.0,35.7,56.4,91280,47.1,35.7,62.0,"","","","",59195,54.9,30.0,96.0,"","","","",2,65617,0.0,15.7,25.1,54.3,1.5,5.9,34.5
"A1061","Stanislaus","Turlock","https://www.californiahealthmaps.org?address=A1061","Male","Mela",159990,19.8,13.1,28.9,82780,23.2,14.7,36.0,"","","","",60370,"","","","","","","",2,65617,0.0,15.7,25.1,54.3,1.5,5.9,34.5
"A1061","Stanislaus","Turlock","https://www.californiahealthmaps.org?address=A1061","Female","Mela",168095,17.1,11.4,24.9,91280,18.7,11.3,30.3,"","","","",59195,"","","","","","","",2,65617,0.0,15.7,25.1,54.3,1.5,5.9,34.5
"A1061","Stanislaus","Turlock","https://www.californiahealthmaps.org?address=A1061","Female","Uterine",168095,19.7,13.5,27.9,91280,12.3,6.8,21.9,"","","","",59195,"","","","","","","",2,65617,0.0,15.7,25.1,54.3,1.5,5.9,34.5
"A1061","Stanislaus","Turlock","https://www.californiahealthmaps.org?address=A1061","Male","Lymph",159990,21.7,14.6,31.3,82780,22.7,14.2,35.4,"","","","",60370,"","","","","","","",2,65617,0.0,15.7,25.1,54.3,1.5,5.9,34.5
"A1061","Stanislaus","Turlock","https://www.californiahealthmaps.org?address=A1061","Female","Lymph",168095,14.5,9.4,21.7,91280,15.3,9.2,25.5,"","","","",59195,"","","","","","","",2,65617,0.0,15.7,25.1,54.3,1.5,5.9,34.5
"A1061","Stanislaus","Turlock","https://www.californiahealthmaps.org?address=A1061","Male","Urinary",159990,15.0,9.2,23.1,82780,"","","","","","","",60370,"","","","","","","",2,65617,0.0,15.7,25.1,54.3,1.5,5.9,34.5
"A1061","Stanislaus","Turlock","https://www.californiahealthmaps.org?address=A1061","Female","Urinary",168095,5.2,2.4,10.3,91280,"","","","","","","",59195,"","","","","","","",2,65617,0.0,15.7,25.1,54.3,1.5,5.9,34.5
"A1061","Stanislaus","Turlock","https://www.californiahealthmaps.org?address=A1061","Male","Kidney",159990,25.5,17.7,35.7,82780,24.0,15.2,36.8,"","","","",60370,"","","","","","","",2,65617,0.0,15.7,25.1,54.3,1.5,5.9,34.5
"A1061","Stanislaus","Turlock","https://www.californiahealthmaps.org?address=A1061","Female","Kidney",168095,13.3,8.2,20.7,91280,"","","","","","","",59195,"","","","","","","",2,65617,0.0,15.7,25.1,54.3,1.5,5.9,34.5
"A1061","Stanislaus","Turlock","https://www.californiahealthmaps.org?address=A1061","Male","Thyroid",159990,5.5,2.3,11.2,82780,"","","","","","","",60370,"","","","","","","",2,65617,0.0,15.7,25.1,54.3,1.5,5.9,34.5
"A1061","Stanislaus","Turlock","https://www.californiahealthmaps.org?address=A1061","Female","Thyroid",168095,12.5,7.6,19.6,91280,"","","","","","","",59195,"","","","","","","",2,65617,0.0,15.7,25.1,54.3,1.5,5.9,34.5
"A1061","Stanislaus","Turlock","https://www.californiahealthmaps.org?address=A1061","Both","AllSite",328085,437.9,414.9,461.8,174060,441.6,413.8,471.1,"","","","",119565,442.1,385.7,506.3,18220,463.6,362.8,589.4,2,65617,0.0,15.7,25.1,54.3,1.5,5.9,34.5
"A1061","Stanislaus","Turlock","https://www.californiahealthmaps.org?address=A1061","Both","Lung",328085,46.0,38.8,54.4,174060,50.7,41.7,61.5,"","","","",119565,45.9,27.9,73.1,18220,"","","",2,65617,0.0,15.7,25.1,54.3,1.5,5.9,34.5
"A1061","Stanislaus","Turlock","https://www.californiahealthmaps.org?address=A1061","Both","CRC",328085,45.6,38.5,53.8,174060,44.8,36.4,55.0,"","","","",119565,60.4,39.9,89.7,18220,"","","",2,65617,0.0,15.7,25.1,54.3,1.5,5.9,34.5
"A1061","Stanislaus","Turlock","https://www.californiahealthmaps.org?address=A1061","Both","Mela",328085,18.0,13.6,23.4,174060,20.3,14.7,27.9,"","","","",119565,"","","",18220,"","","",2,65617,0.0,15.7,25.1,54.3,1.5,5.9,34.5
"A1061","Stanislaus","Turlock","https://www.californiahealthmaps.org?address=A1061","Both","Lymph",328085,17.9,13.5,23.4,174060,19.0,13.6,26.2,"","","","",119565,"","","",18220,"","","",2,65617,0.0,15.7,25.1,54.3,1.5,5.9,34.5
"A1061","Stanislaus","Turlock","https://www.californiahealthmaps.org?address=A1061","Both","Urinary",328085,9.4,6.3,13.7,174060,9.2,5.7,14.7,"","","","",119565,"","","",18220,"","","",2,65617,0.0,15.7,25.1,54.3,1.5,5.9,34.5
"A1061","Stanislaus","Turlock","https://www.californiahealthmaps.org?address=A1061","Both","Kidney",328085,18.1,13.6,23.7,174060,17.8,12.4,25.2,"","","","",119565,23.3,12.5,42.9,18220,"","","",2,65617,0.0,15.7,25.1,54.3,1.5,5.9,34.5
"A1061","Stanislaus","Turlock","https://www.californiahealthmaps.org?address=A1061","Both","Thyroid",328085,9.1,6.0,13.3,174060,10.1,6.1,16.3,"","","","",119565,"","","",18220,"","","",2,65617,0.0,15.7,25.1,54.3,1.5,5.9,34.5
