"Zone","Counties","Cities","URL","Sex","Cancer","PopTot","AAIR","LCI","UCI","White_PopTot","White_AAIR","White_LCI","White_UCI","Black_PopTot","Black_AAIR","Black_LCI","Black_UCI","Hispanic_PopTot","Hispanic_AAIR","Hispanic_LCI","Hispanic_UCI","Asian_PopTot","Asian_AAIR","Asian_LCI","Asian_UCI","QNSES","PopAll","PerRural","PerUninsured","PerForeignBorn","PerWhite","PerBlack","PerAsian","PerHispanic"
"A0671","Sonoma","Petaluma","https://www.californiahealthmaps.org?address=A0671","Male","AllSite",144125,517.0,482.8,553.2,97875,517.3,480.2,557.9,"","","","",36970,522.9,387.8,700.5,"","","","",4,59039,18.7,13.4,16.5,68.8,0.7,3.2,24.3
"A0671","Sonoma","Petaluma","https://www.californiahealthmaps.org?address=A0671","Female","AllSite",151070,456.7,427.0,488.5,107090,484.5,449.0,523.4,"","","","",33260,406.7,310.8,527.1,"","","","",4,59039,18.7,13.4,16.5,68.8,0.7,3.2,24.3
"A0671","Sonoma","Petaluma","https://www.californiahealthmaps.org?address=A0671","Male","Prostate",144125,102.3,88.2,118.6,97875,102.9,87.7,121.6,"","","","",36970,112.3,54.0,219.0,"","","","",4,59039,18.7,13.4,16.5,68.8,0.7,3.2,24.3
"A0671","Sonoma","Petaluma","https://www.californiahealthmaps.org?address=A0671","Female","Breast",151070,140.8,124.6,159.1,107090,148.2,129.5,170.5,"","","","",33260,96.2,54.3,163.8,"","","","",4,59039,18.7,13.4,16.5,68.8,0.7,3.2,24.3
"A0671","Sonoma","Petaluma","https://www.californiahealthmaps.org?address=A0671","Male","Lung",144125,52.6,41.9,65.6,97875,52.1,41.0,67.1,"","","","",36970,"","","","","","","",4,59039,18.7,13.4,16.5,68.8,0.7,3.2,24.3
"A0671","Sonoma","Petaluma","https://www.californiahealthmaps.org?address=A0671","Female","Lung",151070,47.0,38.0,58.0,107090,46.2,36.8,59.3,"","","","",33260,"","","","","","","",4,59039,18.7,13.4,16.5,68.8,0.7,3.2,24.3
"A0671","Sonoma","Petaluma","https://www.californiahealthmaps.org?address=A0671","Male","CRC",144125,45.2,35.5,57.1,97875,45.1,34.7,59.4,"","","","",36970,"","","","","","","",4,59039,18.7,13.4,16.5,68.8,0.7,3.2,24.3
"A0671","Sonoma","Petaluma","https://www.californiahealthmaps.org?address=A0671","Female","CRC",151070,37.6,29.2,48.2,107090,40.7,30.2,55.4,"","","","",33260,"","","","","","","",4,59039,18.7,13.4,16.5,68.8,0.7,3.2,24.3
"A0671","Sonoma","Petaluma","https://www.californiahealthmaps.org?address=A0671","Male","Mela",144125,59.8,48.7,73.2,97875,64.2,51.4,80.8,"","","","",36970,"","","","","","","",4,59039,18.7,13.4,16.5,68.8,0.7,3.2,24.3
"A0671","Sonoma","Petaluma","https://www.californiahealthmaps.org?address=A0671","Female","Mela",151070,46.6,37.3,58.2,107090,53.2,41.1,69.4,"","","","",33260,"","","","","","","",4,59039,18.7,13.4,16.5,68.8,0.7,3.2,24.3
"A0671","Sonoma","Petaluma","https://www.californiahealthmaps.org?address=A0671","Female","Uterine",151070,31.5,24.3,40.8,107090,31.9,24.0,43.9,"","","","",33260,"","","","","","","",4,59039,18.7,13.4,16.5,68.8,0.7,3.2,24.3
"A0671","Sonoma","Petaluma","https://www.californiahealthmaps.org?address=A0671","Male","Lymph",144125,27.1,19.6,37.1,97875,26.1,18.1,38.4,"","","","",36970,"","","","","","","",4,59039,18.7,13.4,16.5,68.8,0.7,3.2,24.3
"A0671","Sonoma","Petaluma","https://www.californiahealthmaps.org?address=A0671","Female","Lymph",151070,15.6,10.7,22.8,107090,15.6,10.1,25.6,"","","","",33260,"","","","","","","",4,59039,18.7,13.4,16.5,68.8,0.7,3.2,24.3
"A0671","Sonoma","Petaluma","https://www.californiahealthmaps.org?address=A0671","Male","Urinary",144125,19.3,13.2,27.9,97875,20.9,14.2,31.9,"","","","",36970,"","","","","","","",4,59039,18.7,13.4,16.5,68.8,0.7,3.2,24.3
"A0671","Sonoma","Petaluma","https://www.californiahealthmaps.org?address=A0671","Female","Urinary",151070,4.1,1.9,8.8,107090,"","","","","","","",33260,"","","","","","","",4,59039,18.7,13.4,16.5,68.8,0.7,3.2,24.3
"A0671","Sonoma","Petaluma","https://www.californiahealthmaps.org?address=A0671","Male","Kidney",144125,18.7,12.6,27.3,97875,20.1,12.4,32.5,"","","","",36970,"","","","","","","",4,59039,18.7,13.4,16.5,68.8,0.7,3.2,24.3
"A0671","Sonoma","Petaluma","https://www.californiahealthmaps.org?address=A0671","Female","Kidney",151070,9.7,5.9,15.9,107090,10.6,5.7,20.2,"","","","",33260,"","","","","","","",4,59039,18.7,13.4,16.5,68.8,0.7,3.2,24.3
"A0671","Sonoma","Petaluma","https://www.californiahealthmaps.org?address=A0671","Male","Thyroid",144125,5.8,2.7,11.5,97875,"","","","","","","",36970,"","","","","","","",4,59039,18.7,13.4,16.5,68.8,0.7,3.2,24.3
"A0671","Sonoma","Petaluma","https://www.californiahealthmaps.org?address=A0671","Female","Thyroid",151070,11.2,6.5,18.5,107090,"","","","","","","",33260,"","","","","","","",4,59039,18.7,13.4,16.5,68.8,0.7,3.2,24.3
"A0671","Sonoma","Petaluma","https://www.californiahealthmaps.org?address=A0671","Both","AllSite",295195,478.9,456.7,502.1,204965,494.2,468.9,521.3,"","","","",70230,441.6,365.7,531.0,"","","","",4,59039,18.7,13.4,16.5,68.8,0.7,3.2,24.3
"A0671","Sonoma","Petaluma","https://www.californiahealthmaps.org?address=A0671","Both","Lung",295195,48.7,41.9,56.7,204965,48.2,41.0,57.1,"","","","",70230,"","","","","","","",4,59039,18.7,13.4,16.5,68.8,0.7,3.2,24.3
"A0671","Sonoma","Petaluma","https://www.californiahealthmaps.org?address=A0671","Both","CRC",295195,40.2,33.9,47.6,204965,41.8,34.5,51.1,"","","","",70230,50.8,27.4,89.3,"","","","",4,59039,18.7,13.4,16.5,68.8,0.7,3.2,24.3
"A0671","Sonoma","Petaluma","https://www.californiahealthmaps.org?address=A0671","Both","Mela",295195,51.8,44.7,60.0,204965,57.4,48.7,68.1,"","","","",70230,"","","","","","","",4,59039,18.7,13.4,16.5,68.8,0.7,3.2,24.3
"A0671","Sonoma","Petaluma","https://www.californiahealthmaps.org?address=A0671","Both","Lymph",295195,20.9,16.4,26.5,204965,20.4,15.5,27.3,"","","","",70230,"","","","","","","",4,59039,18.7,13.4,16.5,68.8,0.7,3.2,24.3
"A0671","Sonoma","Petaluma","https://www.californiahealthmaps.org?address=A0671","Both","Urinary",295195,10.7,7.7,14.8,204965,11.7,8.4,17.1,"","","","",70230,"","","","","","","",4,59039,18.7,13.4,16.5,68.8,0.7,3.2,24.3
"A0671","Sonoma","Petaluma","https://www.californiahealthmaps.org?address=A0671","Both","Kidney",295195,13.9,10.3,18.7,204965,15.1,10.4,21.9,"","","","",70230,"","","","","","","",4,59039,18.7,13.4,16.5,68.8,0.7,3.2,24.3
"A0671","Sonoma","Petaluma","https://www.californiahealthmaps.org?address=A0671","Both","Thyroid",295195,8.5,5.6,12.7,204965,8.3,4.8,14.2,"","","","",70230,"","","","","","","",4,59039,18.7,13.4,16.5,68.8,0.7,3.2,24.3
