"Zone","Counties","Cities","URL","Sex","Cancer","PopTot","AAIR","LCI","UCI","White_PopTot","White_AAIR","White_LCI","White_UCI","Black_PopTot","Black_AAIR","Black_LCI","Black_UCI","Hispanic_PopTot","Hispanic_AAIR","Hispanic_LCI","Hispanic_UCI","Asian_PopTot","Asian_AAIR","Asian_LCI","Asian_UCI","QNSES","PopAll","PerRural","PerUninsured","PerForeignBorn","PerWhite","PerBlack","PerAsian","PerHispanic"
"A0704","Los Angeles","Irwindale","https://www.californiahealthmaps.org?address=A0704","Male","AllSite",160505,432.5,395.6,472.3,17830,515.8,430.9,621.8,"","","","",111540,397.1,347.1,453.9,27290,429.0,353.1,518.2,2,64432,0.0,24.2,41.8,10.8,1.5,17.7,69.5
"A0704","Los Angeles","Irwindale","https://www.californiahealthmaps.org?address=A0704","Female","AllSite",161655,382.6,352.2,415.0,18470,365.4,297.4,456.9,"","","","",110285,396.1,354.2,442.1,29150,346.6,285.8,420.1,2,64432,0.0,24.2,41.8,10.8,1.5,17.7,69.5
"A0704","Los Angeles","Irwindale","https://www.californiahealthmaps.org?address=A0704","Male","Prostate",160505,96.1,79.5,115.6,17830,85.0,55.3,139.1,"","","","",111540,108.0,82.9,140.1,27290,62.3,36.6,102.1,2,64432,0.0,24.2,41.8,10.8,1.5,17.7,69.5
"A0704","Los Angeles","Irwindale","https://www.californiahealthmaps.org?address=A0704","Female","Breast",161655,109.3,93.5,127.3,18470,121.0,83.8,184.9,"","","","",110285,104.2,83.6,129.1,29150,96.1,67.4,137.8,2,64432,0.0,24.2,41.8,10.8,1.5,17.7,69.5
"A0704","Los Angeles","Irwindale","https://www.californiahealthmaps.org?address=A0704","Male","Lung",160505,43.7,32.0,58.7,17830,59.5,34.5,110.3,"","","","",111540,28.1,15.2,49.3,27290,55.9,30.4,96.1,2,64432,0.0,24.2,41.8,10.8,1.5,17.7,69.5
"A0704","Los Angeles","Irwindale","https://www.californiahealthmaps.org?address=A0704","Female","Lung",161655,31.7,23.3,42.4,18470,42.4,23.5,92.1,"","","","",110285,23.4,13.9,37.5,29150,"","","",2,64432,0.0,24.2,41.8,10.8,1.5,17.7,69.5
"A0704","Los Angeles","Irwindale","https://www.californiahealthmaps.org?address=A0704","Male","CRC",160505,45.8,34.5,60.1,17830,"","","","","","","",111540,53.6,36.3,78.4,27290,"","","",2,64432,0.0,24.2,41.8,10.8,1.5,17.7,69.5
"A0704","Los Angeles","Irwindale","https://www.californiahealthmaps.org?address=A0704","Female","CRC",161655,28.3,20.5,38.3,18470,"","","","","","","",110285,27.2,17.2,41.6,29150,"","","",2,64432,0.0,24.2,41.8,10.8,1.5,17.7,69.5
"A0704","Los Angeles","Irwindale","https://www.californiahealthmaps.org?address=A0704","Male","Mela",160505,7.3,3.3,14.6,17830,"","","","","","","",111540,"","","",27290,"","","",2,64432,0.0,24.2,41.8,10.8,1.5,17.7,69.5
"A0704","Los Angeles","Irwindale","https://www.californiahealthmaps.org?address=A0704","Female","Mela",161655,7.1,3.5,13.1,18470,"","","","","","","",110285,"","","",29150,"","","",2,64432,0.0,24.2,41.8,10.8,1.5,17.7,69.5
"A0704","Los Angeles","Irwindale","https://www.californiahealthmaps.org?address=A0704","Female","Uterine",161655,30.5,22.6,40.6,18470,"","","","","","","",110285,33.0,22.1,48.1,29150,"","","",2,64432,0.0,24.2,41.8,10.8,1.5,17.7,69.5
"A0704","Los Angeles","Irwindale","https://www.californiahealthmaps.org?address=A0704","Male","Lymph",160505,27.3,18.9,38.9,17830,"","","","","","","",111540,"","","",27290,"","","",2,64432,0.0,24.2,41.8,10.8,1.5,17.7,69.5
"A0704","Los Angeles","Irwindale","https://www.californiahealthmaps.org?address=A0704","Female","Lymph",161655,18.6,12.2,27.2,18470,"","","","","","","",110285,21.0,12.0,34.7,29150,"","","",2,64432,0.0,24.2,41.8,10.8,1.5,17.7,69.5
"A0704","Los Angeles","Irwindale","https://www.californiahealthmaps.org?address=A0704","Male","Urinary",160505,18.3,11.0,29.1,17830,"","","","","","","",111540,"","","",27290,"","","",2,64432,0.0,24.2,41.8,10.8,1.5,17.7,69.5
"A0704","Los Angeles","Irwindale","https://www.californiahealthmaps.org?address=A0704","Female","Urinary",161655,3.8,1.4,8.7,18470,"","","","","","","",110285,"","","",29150,"","","",2,64432,0.0,24.2,41.8,10.8,1.5,17.7,69.5
"A0704","Los Angeles","Irwindale","https://www.californiahealthmaps.org?address=A0704","Male","Kidney",160505,18.4,11.9,28.1,17830,"","","","","","","",111540,"","","",27290,"","","",2,64432,0.0,24.2,41.8,10.8,1.5,17.7,69.5
"A0704","Los Angeles","Irwindale","https://www.californiahealthmaps.org?address=A0704","Female","Kidney",161655,8.3,4.5,14.4,18470,"","","","","","","",110285,"","","",29150,"","","",2,64432,0.0,24.2,41.8,10.8,1.5,17.7,69.5
"A0704","Los Angeles","Irwindale","https://www.californiahealthmaps.org?address=A0704","Male","Thyroid",160505,8.3,4.0,15.9,17830,"","","","","","","",111540,"","","",27290,"","","",2,64432,0.0,24.2,41.8,10.8,1.5,17.7,69.5
"A0704","Los Angeles","Irwindale","https://www.californiahealthmaps.org?address=A0704","Female","Thyroid",161655,21.0,14.6,29.6,18470,"","","","","","","",110285,22.4,14.2,34.9,29150,"","","",2,64432,0.0,24.2,41.8,10.8,1.5,17.7,69.5
"A0704","Los Angeles","Irwindale","https://www.californiahealthmaps.org?address=A0704","Both","AllSite",322160,399.6,376.4,424.1,36300,428.6,375.2,492.5,"","","","",221825,390.0,358.2,424.2,56440,382.7,334.5,437.1,2,64432,0.0,24.2,41.8,10.8,1.5,17.7,69.5
"A0704","Los Angeles","Irwindale","https://www.californiahealthmaps.org?address=A0704","Both","Lung",322160,36.4,29.4,44.6,36300,47.5,32.3,75.3,"","","","",221825,24.8,16.9,35.5,56440,45.1,29.5,67.5,2,64432,0.0,24.2,41.8,10.8,1.5,17.7,69.5
"A0704","Los Angeles","Irwindale","https://www.californiahealthmaps.org?address=A0704","Both","CRC",322160,36.0,29.3,43.9,36300,35.3,20.9,63.3,"","","","",221825,38.3,28.8,50.4,56440,33.1,20.4,52.7,2,64432,0.0,24.2,41.8,10.8,1.5,17.7,69.5
"A0704","Los Angeles","Irwindale","https://www.californiahealthmaps.org?address=A0704","Both","Mela",322160,7.4,4.5,11.5,36300,22.4,12.2,46.8,"","","","",221825,"","","",56440,"","","",2,64432,0.0,24.2,41.8,10.8,1.5,17.7,69.5
"A0704","Los Angeles","Irwindale","https://www.californiahealthmaps.org?address=A0704","Both","Lymph",322160,22.7,17.3,29.2,36300,26.0,13.9,52.2,"","","","",221825,20.7,13.8,30.4,56440,26.8,15.0,45.7,2,64432,0.0,24.2,41.8,10.8,1.5,17.7,69.5
"A0704","Los Angeles","Irwindale","https://www.californiahealthmaps.org?address=A0704","Both","Urinary",322160,9.8,6.4,14.6,36300,22.9,12.6,47.3,"","","","",221825,"","","",56440,"","","",2,64432,0.0,24.2,41.8,10.8,1.5,17.7,69.5
"A0704","Los Angeles","Irwindale","https://www.californiahealthmaps.org?address=A0704","Both","Kidney",322160,13.0,9.2,18.0,36300,"","","","","","","",221825,15.1,9.4,23.6,56440,"","","",2,64432,0.0,24.2,41.8,10.8,1.5,17.7,69.5
"A0704","Los Angeles","Irwindale","https://www.californiahealthmaps.org?address=A0704","Both","Thyroid",322160,14.5,10.5,19.6,36300,"","","","","","","",221825,15.6,10.4,23.3,56440,"","","",2,64432,0.0,24.2,41.8,10.8,1.5,17.7,69.5
