"Zone","Counties","Cities","URL","Sex","Cancer","PopTot","AAIR","LCI","UCI","White_PopTot","White_AAIR","White_LCI","White_UCI","Black_PopTot","Black_AAIR","Black_LCI","Black_UCI","Hispanic_PopTot","Hispanic_AAIR","Hispanic_LCI","Hispanic_UCI","Asian_PopTot","Asian_AAIR","Asian_LCI","Asian_UCI","QNSES","PopAll","PerRural","PerUninsured","PerForeignBorn","PerWhite","PerBlack","PerAsian","PerHispanic"
"A0729","Los Angeles","","https://www.californiahealthmaps.org?address=A0729","Male","AllSite",146365,332.1,293.8,374.9,13135,418.2,309.8,571.3,"","","","",94425,313.1,251.2,390.2,32135,313.7,257.4,381.4,1,57426,0.0,45.5,60.6,10.1,2.7,22.5,62.4
"A0729","Los Angeles","","https://www.californiahealthmaps.org?address=A0729","Female","AllSite",140765,325.1,294.2,358.8,10675,489.5,361.3,675.4,"","","","",87965,313.7,266.7,368.8,36575,335.3,284.2,397.0,1,57426,0.0,45.5,60.6,10.1,2.7,22.5,62.4
"A0729","Los Angeles","","https://www.californiahealthmaps.org?address=A0729","Male","Prostate",146365,51.1,37.2,69.5,13135,"","","","","","","",94425,66.8,39.4,111.6,32135,"","","",1,57426,0.0,45.5,60.6,10.1,2.7,22.5,62.4
"A0729","Los Angeles","","https://www.californiahealthmaps.org?address=A0729","Female","Breast",140765,92.4,76.3,111.3,10675,141.2,78.4,270.2,"","","","",87965,72.5,50.1,103.8,36575,121.5,91.4,163.1,1,57426,0.0,45.5,60.6,10.1,2.7,22.5,62.4
"A0729","Los Angeles","","https://www.californiahealthmaps.org?address=A0729","Male","Lung",146365,42.6,29.1,61.0,13135,"","","","","","","",94425,"","","",32135,45.7,26.3,77.9,1,57426,0.0,45.5,60.6,10.1,2.7,22.5,62.4
"A0729","Los Angeles","","https://www.californiahealthmaps.org?address=A0729","Female","Lung",140765,25.6,17.3,37.0,10675,"","","","","","","",87965,"","","",36575,"","","",1,57426,0.0,45.5,60.6,10.1,2.7,22.5,62.4
"A0729","Los Angeles","","https://www.californiahealthmaps.org?address=A0729","Male","CRC",146365,44.1,30.5,62.5,13135,"","","","","","","",94425,"","","",32135,61.3,38.1,97.2,1,57426,0.0,45.5,60.6,10.1,2.7,22.5,62.4
"A0729","Los Angeles","","https://www.californiahealthmaps.org?address=A0729","Female","CRC",140765,28.3,19.5,40.1,10675,"","","","","","","",87965,"","","",36575,35.3,20.3,63.1,1,57426,0.0,45.5,60.6,10.1,2.7,22.5,62.4
"A0729","Los Angeles","","https://www.californiahealthmaps.org?address=A0729","Male","Mela",146365,5.3,1.5,14.8,13135,"","","","","","","",94425,"","","",32135,"","","",1,57426,0.0,45.5,60.6,10.1,2.7,22.5,62.4
"A0729","Los Angeles","","https://www.californiahealthmaps.org?address=A0729","Female","Mela",140765,2.6,0.7,7.9,10675,"","","","","","","",87965,"","","",36575,"","","",1,57426,0.0,45.5,60.6,10.1,2.7,22.5,62.4
"A0729","Los Angeles","","https://www.californiahealthmaps.org?address=A0729","Female","Uterine",140765,26.5,18.5,37.4,10675,"","","","","","","",87965,19.8,11.3,37.3,36575,29.4,16.6,55.1,1,57426,0.0,45.5,60.6,10.1,2.7,22.5,62.4
"A0729","Los Angeles","","https://www.californiahealthmaps.org?address=A0729","Male","Lymph",146365,20.4,11.9,33.7,13135,"","","","","","","",94425,"","","",32135,"","","",1,57426,0.0,45.5,60.6,10.1,2.7,22.5,62.4
"A0729","Los Angeles","","https://www.californiahealthmaps.org?address=A0729","Female","Lymph",140765,10.8,5.9,18.9,10675,"","","","","","","",87965,"","","",36575,"","","",1,57426,0.0,45.5,60.6,10.1,2.7,22.5,62.4
"A0729","Los Angeles","","https://www.californiahealthmaps.org?address=A0729","Male","Urinary",146365,10.0,4.0,21.5,13135,"","","","","","","",94425,"","","",32135,"","","",1,57426,0.0,45.5,60.6,10.1,2.7,22.5,62.4
"A0729","Los Angeles","","https://www.californiahealthmaps.org?address=A0729","Female","Urinary",140765,0.6,0.0,5.1,10675,"","","","","","","",87965,"","","",36575,"","","",1,57426,0.0,45.5,60.6,10.1,2.7,22.5,62.4
"A0729","Los Angeles","","https://www.californiahealthmaps.org?address=A0729","Male","Kidney",146365,16.0,8.7,28.1,13135,"","","","","","","",94425,"","","",32135,"","","",1,57426,0.0,45.5,60.6,10.1,2.7,22.5,62.4
"A0729","Los Angeles","","https://www.californiahealthmaps.org?address=A0729","Female","Kidney",140765,16.5,10.1,25.9,10675,"","","","","","","",87965,"","","",36575,"","","",1,57426,0.0,45.5,60.6,10.1,2.7,22.5,62.4
"A0729","Los Angeles","","https://www.californiahealthmaps.org?address=A0729","Male","Thyroid",146365,3.5,0.9,11.6,13135,"","","","","","","",94425,"","","",32135,"","","",1,57426,0.0,45.5,60.6,10.1,2.7,22.5,62.4
"A0729","Los Angeles","","https://www.californiahealthmaps.org?address=A0729","Female","Thyroid",140765,16.6,10.5,25.5,10675,"","","","","","","",87965,"","","",36575,"","","",1,57426,0.0,45.5,60.6,10.1,2.7,22.5,62.4
"A0729","Los Angeles","","https://www.californiahealthmaps.org?address=A0729","Both","AllSite",287130,323.3,299.4,348.7,23810,444.6,362.8,549.6,"","","","",182390,309.1,271.7,351.6,68710,321.8,284.1,364.8,1,57426,0.0,45.5,60.6,10.1,2.7,22.5,62.4
"A0729","Los Angeles","","https://www.californiahealthmaps.org?address=A0729","Both","Lung",287130,32.3,24.8,41.6,23810,62.5,34.8,118.5,"","","","",182390,29.3,18.0,46.8,68710,30.1,19.6,46.6,1,57426,0.0,45.5,60.6,10.1,2.7,22.5,62.4
"A0729","Los Angeles","","https://www.californiahealthmaps.org?address=A0729","Both","CRC",287130,34.5,26.8,44.0,23810,"","","","","","","",182390,18.0,10.7,31.0,68710,46.2,32.7,65.6,1,57426,0.0,45.5,60.6,10.1,2.7,22.5,62.4
"A0729","Los Angeles","","https://www.californiahealthmaps.org?address=A0729","Both","Mela",287130,3.7,1.6,7.7,23810,"","","","","","","",182390,"","","",68710,"","","",1,57426,0.0,45.5,60.6,10.1,2.7,22.5,62.4
"A0729","Los Angeles","","https://www.californiahealthmaps.org?address=A0729","Both","Lymph",287130,14.8,10.1,21.3,23810,"","","","","","","",182390,15.3,7.7,29.3,68710,"","","",1,57426,0.0,45.5,60.6,10.1,2.7,22.5,62.4
"A0729","Los Angeles","","https://www.californiahealthmaps.org?address=A0729","Both","Urinary",287130,4.2,1.9,8.6,23810,"","","","","","","",182390,"","","",68710,"","","",1,57426,0.0,45.5,60.6,10.1,2.7,22.5,62.4
"A0729","Los Angeles","","https://www.californiahealthmaps.org?address=A0729","Both","Kidney",287130,16.5,11.5,23.4,23810,"","","","","","","",182390,18.5,10.1,33.1,68710,"","","",1,57426,0.0,45.5,60.6,10.1,2.7,22.5,62.4
"A0729","Los Angeles","","https://www.californiahealthmaps.org?address=A0729","Both","Thyroid",287130,10.4,6.8,15.7,23810,"","","","","","","",182390,"","","",68710,"","","",1,57426,0.0,45.5,60.6,10.1,2.7,22.5,62.4
