"Zone","Counties","Cities","URL","Sex","Cancer","PopTot","AAIR","LCI","UCI","White_PopTot","White_AAIR","White_LCI","White_UCI","Black_PopTot","Black_AAIR","Black_LCI","Black_UCI","Hispanic_PopTot","Hispanic_AAIR","Hispanic_LCI","Hispanic_UCI","Asian_PopTot","Asian_AAIR","Asian_LCI","Asian_UCI","QNSES","PopAll","PerRural","PerUninsured","PerForeignBorn","PerWhite","PerBlack","PerAsian","PerHispanic"
"B0172","Inyo, San Bernardino","Barstow","https://www.californiahealthmaps.org?address=B0172","Male","AllSite",189965,422.8,393.7,453.6,100925,423.4,389.1,460.7,13735,508.4,352.2,724.3,58380,349.9,282.5,433.6,"","","","",2,74249,33.8,14.5,10.2,52.5,7.3,4.7,29.4
"B0172","Inyo, San Bernardino","Barstow","https://www.californiahealthmaps.org?address=B0172","Female","AllSite",181280,377.5,350.7,406.1,94170,391.8,357.9,429.0,12220,338.0,218.1,518.8,56300,345.0,287.3,411.7,"","","","",2,74249,33.8,14.5,10.2,52.5,7.3,4.7,29.4
"B0172","Inyo, San Bernardino","Barstow","https://www.californiahealthmaps.org?address=B0172","Male","Prostate",189965,102.3,88.6,117.9,100925,93.9,78.9,112.0,13735,"","","",58380,68.5,42.3,112.3,"","","","",2,74249,33.8,14.5,10.2,52.5,7.3,4.7,29.4
"B0172","Inyo, San Bernardino","Barstow","https://www.californiahealthmaps.org?address=B0172","Female","Breast",181280,108.9,94.7,125.1,94170,108.6,91.1,129.7,12220,"","","",56300,103.6,73.7,142.8,"","","","",2,74249,33.8,14.5,10.2,52.5,7.3,4.7,29.4
"B0172","Inyo, San Bernardino","Barstow","https://www.californiahealthmaps.org?address=B0172","Male","Lung",189965,53.6,43.4,65.7,100925,62.8,50.3,78.5,13735,"","","",58380,"","","","","","","",2,74249,33.8,14.5,10.2,52.5,7.3,4.7,29.4
"B0172","Inyo, San Bernardino","Barstow","https://www.californiahealthmaps.org?address=B0172","Female","Lung",181280,46.5,37.6,57.2,94170,52.0,40.8,66.6,12220,"","","",56300,"","","","","","","",2,74249,33.8,14.5,10.2,52.5,7.3,4.7,29.4
"B0172","Inyo, San Bernardino","Barstow","https://www.californiahealthmaps.org?address=B0172","Male","CRC",189965,41.3,32.5,52.1,100925,29.1,20.5,41.2,13735,"","","",58380,58.9,33.3,103.0,"","","","",2,74249,33.8,14.5,10.2,52.5,7.3,4.7,29.4
"B0172","Inyo, San Bernardino","Barstow","https://www.californiahealthmaps.org?address=B0172","Female","CRC",181280,40.1,31.9,50.3,94170,34.4,25.2,47.2,12220,"","","",56300,56.9,34.8,88.7,"","","","",2,74249,33.8,14.5,10.2,52.5,7.3,4.7,29.4
"B0172","Inyo, San Bernardino","Barstow","https://www.californiahealthmaps.org?address=B0172","Male","Mela",189965,25.5,18.6,34.4,100925,33.7,24.4,46.5,13735,"","","",58380,"","","","","","","",2,74249,33.8,14.5,10.2,52.5,7.3,4.7,29.4
"B0172","Inyo, San Bernardino","Barstow","https://www.californiahealthmaps.org?address=B0172","Female","Mela",181280,17.4,12.0,24.9,94170,20.3,12.7,31.9,12220,"","","",56300,"","","","","","","",2,74249,33.8,14.5,10.2,52.5,7.3,4.7,29.4
"B0172","Inyo, San Bernardino","Barstow","https://www.californiahealthmaps.org?address=B0172","Female","Uterine",181280,23.3,17.1,31.5,94170,23.2,15.7,34.4,12220,"","","",56300,"","","","","","","",2,74249,33.8,14.5,10.2,52.5,7.3,4.7,29.4
"B0172","Inyo, San Bernardino","Barstow","https://www.californiahealthmaps.org?address=B0172","Male","Lymph",189965,16.4,11.1,23.7,100925,16.1,10.3,25.5,13735,"","","",58380,"","","","","","","",2,74249,33.8,14.5,10.2,52.5,7.3,4.7,29.4
"B0172","Inyo, San Bernardino","Barstow","https://www.californiahealthmaps.org?address=B0172","Female","Lymph",181280,14.8,10.0,21.6,94170,15.4,9.7,24.9,12220,"","","",56300,"","","","","","","",2,74249,33.8,14.5,10.2,52.5,7.3,4.7,29.4
"B0172","Inyo, San Bernardino","Barstow","https://www.californiahealthmaps.org?address=B0172","Male","Urinary",189965,15.7,10.5,23.0,100925,16.5,10.4,26.1,13735,"","","",58380,"","","","","","","",2,74249,33.8,14.5,10.2,52.5,7.3,4.7,29.4
"B0172","Inyo, San Bernardino","Barstow","https://www.californiahealthmaps.org?address=B0172","Female","Urinary",181280,2.6,1.0,6.5,94170,"","","",12220,"","","",56300,"","","","","","","",2,74249,33.8,14.5,10.2,52.5,7.3,4.7,29.4
"B0172","Inyo, San Bernardino","Barstow","https://www.californiahealthmaps.org?address=B0172","Male","Kidney",189965,16.5,11.2,23.9,100925,15.0,8.6,25.1,13735,"","","",58380,"","","","","","","",2,74249,33.8,14.5,10.2,52.5,7.3,4.7,29.4
"B0172","Inyo, San Bernardino","Barstow","https://www.californiahealthmaps.org?address=B0172","Female","Kidney",181280,12.9,8.3,19.6,94170,"","","",12220,"","","",56300,"","","","","","","",2,74249,33.8,14.5,10.2,52.5,7.3,4.7,29.4
"B0172","Inyo, San Bernardino","Barstow","https://www.californiahealthmaps.org?address=B0172","Male","Thyroid",189965,4.7,2.1,9.5,100925,"","","",13735,"","","",58380,"","","","","","","",2,74249,33.8,14.5,10.2,52.5,7.3,4.7,29.4
"B0172","Inyo, San Bernardino","Barstow","https://www.californiahealthmaps.org?address=B0172","Female","Thyroid",181280,13.3,8.5,20.3,94170,12.7,6.8,22.8,12220,"","","",56300,"","","","","","","",2,74249,33.8,14.5,10.2,52.5,7.3,4.7,29.4
"B0172","Inyo, San Bernardino","Barstow","https://www.californiahealthmaps.org?address=B0172","Both","AllSite",371245,398.2,378.5,418.8,195095,406.6,382.5,432.3,25955,411.6,314.9,535.5,114680,343.6,300.0,392.8,11135,398.6,287.3,558.1,2,74249,33.8,14.5,10.2,52.5,7.3,4.7,29.4
"B0172","Inyo, San Bernardino","Barstow","https://www.californiahealthmaps.org?address=B0172","Both","Lung",371245,49.4,42.7,57.1,195095,56.7,48.3,66.7,25955,"","","",114680,33.7,19.8,54.3,11135,"","","",2,74249,33.8,14.5,10.2,52.5,7.3,4.7,29.4
"B0172","Inyo, San Bernardino","Barstow","https://www.californiahealthmaps.org?address=B0172","Both","CRC",371245,40.7,34.6,47.7,195095,31.7,25.3,39.8,25955,"","","",114680,57.0,40.1,80.0,11135,"","","",2,74249,33.8,14.5,10.2,52.5,7.3,4.7,29.4
"B0172","Inyo, San Bernardino","Barstow","https://www.californiahealthmaps.org?address=B0172","Both","Mela",371245,20.9,16.6,26.3,195095,26.6,20.5,34.4,25955,"","","",114680,"","","",11135,"","","",2,74249,33.8,14.5,10.2,52.5,7.3,4.7,29.4
"B0172","Inyo, San Bernardino","Barstow","https://www.californiahealthmaps.org?address=B0172","Both","Lymph",371245,15.5,11.9,20.1,195095,15.8,11.6,21.7,25955,"","","",114680,"","","",11135,"","","",2,74249,33.8,14.5,10.2,52.5,7.3,4.7,29.4
"B0172","Inyo, San Bernardino","Barstow","https://www.californiahealthmaps.org?address=B0172","Both","Urinary",371245,8.9,6.2,12.6,195095,9.6,6.3,14.5,25955,"","","",114680,"","","",11135,"","","",2,74249,33.8,14.5,10.2,52.5,7.3,4.7,29.4
"B0172","Inyo, San Bernardino","Barstow","https://www.californiahealthmaps.org?address=B0172","Both","Kidney",371245,14.7,11.1,19.4,195095,11.8,7.8,17.7,25955,"","","",114680,"","","",11135,"","","",2,74249,33.8,14.5,10.2,52.5,7.3,4.7,29.4
"B0172","Inyo, San Bernardino","Barstow","https://www.californiahealthmaps.org?address=B0172","Both","Thyroid",371245,9.0,6.2,12.9,195095,9.3,5.7,14.9,25955,"","","",114680,"","","",11135,"","","",2,74249,33.8,14.5,10.2,52.5,7.3,4.7,29.4
