"Zone","Counties","Cities","URL","Sex","Cancer","PopTot","AAIR","LCI","UCI","White_PopTot","White_AAIR","White_LCI","White_UCI","Black_PopTot","Black_AAIR","Black_LCI","Black_UCI","Hispanic_PopTot","Hispanic_AAIR","Hispanic_LCI","Hispanic_UCI","Asian_PopTot","Asian_AAIR","Asian_LCI","Asian_UCI","QNSES","PopAll","PerRural","PerUninsured","PerForeignBorn","PerWhite","PerBlack","PerAsian","PerHispanic","PerAPI","PerDocvisit","PerFOBT","PerMammo","PerMenPrev","PerPap","PerWomenPrev"
"A0218","San Mateo","Half Moon Bay, Pacifica","https://www.californiahealthmaps.org?address=A0218","Male","AllSite",144850,494.2,456.9,534.2,83735,505.1,460.0,554.2,"","","","",27145,443.3,330.7,591.5,23655,513.5,412.9,635.2,5,58888,3.4,8.4,21.6,57.5,2.4,17.4,18.6,17.4,"","","","","",""
"A0218","San Mateo","Half Moon Bay, Pacifica","https://www.californiahealthmaps.org?address=A0218","Female","AllSite",149590,467.9,435.3,502.7,83760,522.7,479.0,570.4,"","","","",27535,368.5,291.2,462.3,28220,409.6,339.3,492.9,5,58888,3.4,8.4,21.6,57.5,2.4,17.4,18.6,17.4,"","","","","",""
"A0218","San Mateo","Half Moon Bay, Pacifica","https://www.californiahealthmaps.org?address=A0218","Male","Prostate",144850,110.5,94.0,129.6,83735,106.8,87.9,129.6,"","","","",27145,"","","",23655,98.0,57.5,161.2,5,58888,3.4,8.4,21.6,57.5,2.4,17.4,18.6,17.4,"","","","","",""
"A0218","San Mateo","Half Moon Bay, Pacifica","https://www.californiahealthmaps.org?address=A0218","Female","Breast",149590,145.6,128.2,165.0,83760,164.2,141.0,191.4,"","","","",27535,116.1,75.1,174.2,28220,129.5,94.1,177.8,5,58888,3.4,8.4,21.6,57.5,2.4,17.4,18.6,17.4,"","","","","",""
"A0218","San Mateo","Half Moon Bay, Pacifica","https://www.californiahealthmaps.org?address=A0218","Male","Lung",144850,48.0,36.5,62.4,83735,49.1,35.6,67.0,"","","","",27145,"","","",23655,"","","",5,58888,3.4,8.4,21.6,57.5,2.4,17.4,18.6,17.4,"","","","","",""
"A0218","San Mateo","Half Moon Bay, Pacifica","https://www.californiahealthmaps.org?address=A0218","Female","Lung",149590,59.5,47.9,73.2,83760,64.8,50.1,83.8,"","","","",27535,"","","",28220,55.3,30.4,95.5,5,58888,3.4,8.4,21.6,57.5,2.4,17.4,18.6,17.4,"","","","","",""
"A0218","San Mateo","Half Moon Bay, Pacifica","https://www.californiahealthmaps.org?address=A0218","Male","CRC",144850,43.1,32.7,56.3,83735,39.4,27.9,55.2,"","","","",27145,"","","",23655,"","","",5,58888,3.4,8.4,21.6,57.5,2.4,17.4,18.6,17.4,"","","","","",""
"A0218","San Mateo","Half Moon Bay, Pacifica","https://www.californiahealthmaps.org?address=A0218","Female","CRC",149590,36.1,27.1,47.5,83760,37.1,25.9,52.9,"","","","",27535,"","","",28220,"","","",5,58888,3.4,8.4,21.6,57.5,2.4,17.4,18.6,17.4,"","","","","",""
"A0218","San Mateo","Half Moon Bay, Pacifica","https://www.californiahealthmaps.org?address=A0218","Male","Mela",144850,43.2,33.0,56.3,83735,57.7,43.2,76.6,"","","","",27145,"","","",23655,"","","",5,58888,3.4,8.4,21.6,57.5,2.4,17.4,18.6,17.4,"","","","","",""
"A0218","San Mateo","Half Moon Bay, Pacifica","https://www.californiahealthmaps.org?address=A0218","Female","Mela",149590,26.8,19.2,36.8,83760,39.8,27.5,56.9,"","","","",27535,"","","",28220,"","","",5,58888,3.4,8.4,21.6,57.5,2.4,17.4,18.6,17.4,"","","","","",""
"A0218","San Mateo","Half Moon Bay, Pacifica","https://www.californiahealthmaps.org?address=A0218","Female","Uterine",149590,38.5,29.8,49.2,83760,36.5,26.3,51.1,"","","","",27535,"","","",28220,"","","",5,58888,3.4,8.4,21.6,57.5,2.4,17.4,18.6,17.4,"","","","","",""
"A0218","San Mateo","Half Moon Bay, Pacifica","https://www.californiahealthmaps.org?address=A0218","Male","Lymph",144850,24.8,16.8,35.9,83735,27.2,17.2,42.0,"","","","",27145,"","","",23655,"","","",5,58888,3.4,8.4,21.6,57.5,2.4,17.4,18.6,17.4,"","","","","",""
"A0218","San Mateo","Half Moon Bay, Pacifica","https://www.californiahealthmaps.org?address=A0218","Female","Lymph",149590,14.4,9.0,22.3,83760,17.8,9.9,30.8,"","","","",27535,"","","",28220,"","","",5,58888,3.4,8.4,21.6,57.5,2.4,17.4,18.6,17.4,"","","","","",""
"A0218","San Mateo","Half Moon Bay, Pacifica","https://www.californiahealthmaps.org?address=A0218","Male","Urinary",144850,17.1,10.2,27.3,83735,19.1,10.6,32.5,"","","","",27145,"","","",23655,"","","",5,58888,3.4,8.4,21.6,57.5,2.4,17.4,18.6,17.4,"","","","","",""
"A0218","San Mateo","Half Moon Bay, Pacifica","https://www.californiahealthmaps.org?address=A0218","Female","Urinary",149590,"","","",83760,"","","","","","","",27535,"","","",28220,"","","",5,58888,3.4,8.4,21.6,57.5,2.4,17.4,18.6,17.4,"","","","","",""
"A0218","San Mateo","Half Moon Bay, Pacifica","https://www.californiahealthmaps.org?address=A0218","Male","Kidney",144850,22.8,15.4,33.3,83735,23.9,15.0,37.5,"","","","",27145,"","","",23655,"","","",5,58888,3.4,8.4,21.6,57.5,2.4,17.4,18.6,17.4,"","","","","",""
"A0218","San Mateo","Half Moon Bay, Pacifica","https://www.californiahealthmaps.org?address=A0218","Female","Kidney",149590,9.0,4.9,15.5,83760,"","","","","","","",27535,"","","",28220,"","","",5,58888,3.4,8.4,21.6,57.5,2.4,17.4,18.6,17.4,"","","","","",""
"A0218","San Mateo","Half Moon Bay, Pacifica","https://www.californiahealthmaps.org?address=A0218","Male","Thyroid",144850,10.4,5.8,18.2,83735,"","","","","","","",27145,"","","",23655,"","","",5,58888,3.4,8.4,21.6,57.5,2.4,17.4,18.6,17.4,"","","","","",""
"A0218","San Mateo","Half Moon Bay, Pacifica","https://www.californiahealthmaps.org?address=A0218","Female","Thyroid",149590,19.1,13.1,27.5,83760,21.0,12.6,34.4,"","","","",27535,"","","",28220,"","","",5,58888,3.4,8.4,21.6,57.5,2.4,17.4,18.6,17.4,"","","","","",""
"A0218","San Mateo","Half Moon Bay, Pacifica","https://www.californiahealthmaps.org?address=A0218","Male","Liver",144850,21.0,14.0,31.0,83735,14.4,8.2,25.1,"","","","",27145,"","","",23655,"","","",5,58888,3.4,8.4,21.6,57.5,2.4,17.4,18.6,17.4,"","","","","",""
"A0218","San Mateo","Half Moon Bay, Pacifica","https://www.californiahealthmaps.org?address=A0218","Female","Liver",149590,"","","",83760,"","","","","","","",27535,"","","",28220,"","","",5,58888,3.4,8.4,21.6,57.5,2.4,17.4,18.6,17.4,"","","","","",""
"A0218","San Mateo","Half Moon Bay, Pacifica","https://www.californiahealthmaps.org?address=A0218","Male","Pancreas",144850,20.6,13.3,31.1,83735,21.9,12.9,35.7,"","","","",27145,"","","",23655,"","","",5,58888,3.4,8.4,21.6,57.5,2.4,17.4,18.6,17.4,"","","","","",""
"A0218","San Mateo","Half Moon Bay, Pacifica","https://www.californiahealthmaps.org?address=A0218","Female","Pancreas",149590,12.4,7.5,19.8,83760,"","","","","","","",27535,"","","",28220,"","","",5,58888,3.4,8.4,21.6,57.5,2.4,17.4,18.6,17.4,"","","","","",""
"A0218","San Mateo","Half Moon Bay, Pacifica","https://www.californiahealthmaps.org?address=A0218","Both","AllSite",294440,475.7,451.3,501.2,167495,510.2,479.0,543.3,"","","","",54680,382.0,320.0,453.8,51875,444.1,386.3,509.1,5,58888,3.4,8.4,21.6,57.5,2.4,17.4,18.6,17.4,"","","","","",""
"A0218","San Mateo","Half Moon Bay, Pacifica","https://www.californiahealthmaps.org?address=A0218","Both","Lung",294440,54.1,45.9,63.6,167495,57.4,47.2,69.7,"","","","",54680,"","","",51875,56.6,36.2,85.1,5,58888,3.4,8.4,21.6,57.5,2.4,17.4,18.6,17.4,"","","","","",""
"A0218","San Mateo","Half Moon Bay, Pacifica","https://www.californiahealthmaps.org?address=A0218","Both","CRC",294440,39.8,32.8,48.0,167495,38.4,30.2,48.8,"","","","",54680,48.1,26.6,80.8,51875,39.9,24.5,63.0,5,58888,3.4,8.4,21.6,57.5,2.4,17.4,18.6,17.4,"","","","","",""
"A0218","San Mateo","Half Moon Bay, Pacifica","https://www.californiahealthmaps.org?address=A0218","Both","Mela",294440,34.1,27.8,41.5,167495,47.8,38.3,59.5,"","","","",54680,"","","",51875,"","","",5,58888,3.4,8.4,21.6,57.5,2.4,17.4,18.6,17.4,"","","","","",""
"A0218","San Mateo","Half Moon Bay, Pacifica","https://www.californiahealthmaps.org?address=A0218","Both","Lymph",294440,18.6,13.9,24.4,167495,21.2,15.0,29.7,"","","","",54680,"","","",51875,"","","",5,58888,3.4,8.4,21.6,57.5,2.4,17.4,18.6,17.4,"","","","","",""
"A0218","San Mateo","Half Moon Bay, Pacifica","https://www.californiahealthmaps.org?address=A0218","Both","Urinary",294440,9.8,6.4,14.5,167495,11.5,7.1,18.3,"","","","",54680,"","","",51875,"","","",5,58888,3.4,8.4,21.6,57.5,2.4,17.4,18.6,17.4,"","","","","",""
"A0218","San Mateo","Half Moon Bay, Pacifica","https://www.californiahealthmaps.org?address=A0218","Both","Kidney",294440,15.1,11.0,20.3,167495,17.2,11.8,24.8,"","","","",54680,"","","",51875,"","","",5,58888,3.4,8.4,21.6,57.5,2.4,17.4,18.6,17.4,"","","","","",""
"A0218","San Mateo","Half Moon Bay, Pacifica","https://www.californiahealthmaps.org?address=A0218","Both","Thyroid",294440,14.8,10.8,19.8,167495,15.4,10.2,23.0,"","","","",54680,"","","",51875,"","","",5,58888,3.4,8.4,21.6,57.5,2.4,17.4,18.6,17.4,"","","","","",""
"A0218","San Mateo","Half Moon Bay, Pacifica","https://www.californiahealthmaps.org?address=A0218","Both","Liver",294440,12.4,8.8,17.2,167495,10.4,6.6,16.3,"","","","",54680,"","","",51875,"","","",5,58888,3.4,8.4,21.6,57.5,2.4,17.4,18.6,17.4,"","","","","",""
"A0218","San Mateo","Half Moon Bay, Pacifica","https://www.californiahealthmaps.org?address=A0218","Both","Pancreas",294440,15.8,11.5,21.3,167495,15.5,10.4,22.9,"","","","",54680,"","","",51875,"","","",5,58888,3.4,8.4,21.6,57.5,2.4,17.4,18.6,17.4,"","","","","",""
