"Zone","Counties","Cities","URL","Sex","Cancer","PopTot","AAIR","LCI","UCI","White_PopTot","White_AAIR","White_LCI","White_UCI","Black_PopTot","Black_AAIR","Black_LCI","Black_UCI","Hispanic_PopTot","Hispanic_AAIR","Hispanic_LCI","Hispanic_UCI","Asian_PopTot","Asian_AAIR","Asian_LCI","Asian_UCI","QNSES","PopAll","PerRural","PerUninsured","PerForeignBorn","PerWhite","PerBlack","PerAsian","PerHispanic","PerAPI","PerDocvisit","PerFOBT","PerMammo","PerMenPrev","PerPap","PerWomenPrev"
"A0531","Riverside","Beaumont, Banning, Calimesa","https://www.californiahealthmaps.org?address=A0531","Male","AllSite",165855,479.2,450.3,510.0,86765,478.7,443.4,517.5,"","","","",58035,411.0,345.8,486.6,"","","","",3,69141,3.5,14.1,15.8,55.3,3.8,7.0,32.0,7.0,"","","","","",""
"A0531","Riverside","Beaumont, Banning, Calimesa","https://www.californiahealthmaps.org?address=A0531","Female","AllSite",179850,418.4,391.8,446.6,95520,428.5,392.6,468.3,"","","","",61310,395.5,339.1,459.7,"","","","",3,69141,3.5,14.1,15.8,55.3,3.8,7.0,32.0,7.0,"","","","","",""
"A0531","Riverside","Beaumont, Banning, Calimesa","https://www.californiahealthmaps.org?address=A0531","Male","Prostate",165855,112.3,98.8,127.6,86765,110.5,94.8,129.8,"","","","",58035,76.2,50.3,112.9,"","","","",3,69141,3.5,14.1,15.8,55.3,3.8,7.0,32.0,7.0,"","","","","",""
"A0531","Riverside","Beaumont, Banning, Calimesa","https://www.californiahealthmaps.org?address=A0531","Female","Breast",179850,148.2,132.0,166.2,95520,155.8,133.3,182.6,"","","","",61310,128.1,97.0,167.2,"","","","",3,69141,3.5,14.1,15.8,55.3,3.8,7.0,32.0,7.0,"","","","","",""
"A0531","Riverside","Beaumont, Banning, Calimesa","https://www.californiahealthmaps.org?address=A0531","Male","Lung",165855,44.9,36.7,55.0,86765,44.2,35.1,57.1,"","","","",58035,"","","","","","","",3,69141,3.5,14.1,15.8,55.3,3.8,7.0,32.0,7.0,"","","","","",""
"A0531","Riverside","Beaumont, Banning, Calimesa","https://www.californiahealthmaps.org?address=A0531","Female","Lung",179850,39.7,32.7,48.3,95520,45.3,36.1,58.6,"","","","",61310,"","","","","","","",3,69141,3.5,14.1,15.8,55.3,3.8,7.0,32.0,7.0,"","","","","",""
"A0531","Riverside","Beaumont, Banning, Calimesa","https://www.californiahealthmaps.org?address=A0531","Male","CRC",165855,52.8,43.3,64.3,86765,49.5,38.4,64.7,"","","","",58035,56.6,34.0,90.7,"","","","",3,69141,3.5,14.1,15.8,55.3,3.8,7.0,32.0,7.0,"","","","","",""
"A0531","Riverside","Beaumont, Banning, Calimesa","https://www.californiahealthmaps.org?address=A0531","Female","CRC",179850,28.9,22.5,37.2,95520,21.0,14.9,31.6,"","","","",61310,41.4,24.6,66.7,"","","","",3,69141,3.5,14.1,15.8,55.3,3.8,7.0,32.0,7.0,"","","","","",""
"A0531","Riverside","Beaumont, Banning, Calimesa","https://www.californiahealthmaps.org?address=A0531","Male","Mela",165855,44.8,36.0,55.5,86765,62.5,48.7,80.4,"","","","",58035,"","","","","","","",3,69141,3.5,14.1,15.8,55.3,3.8,7.0,32.0,7.0,"","","","","",""
"A0531","Riverside","Beaumont, Banning, Calimesa","https://www.californiahealthmaps.org?address=A0531","Female","Mela",179850,19.3,13.7,26.9,95520,29.8,19.9,44.6,"","","","",61310,"","","","","","","",3,69141,3.5,14.1,15.8,55.3,3.8,7.0,32.0,7.0,"","","","","",""
"A0531","Riverside","Beaumont, Banning, Calimesa","https://www.californiahealthmaps.org?address=A0531","Female","Uterine",179850,26.3,20.3,34.1,95520,27.4,19.5,39.8,"","","","",61310,"","","","","","","",3,69141,3.5,14.1,15.8,55.3,3.8,7.0,32.0,7.0,"","","","","",""
"A0531","Riverside","Beaumont, Banning, Calimesa","https://www.californiahealthmaps.org?address=A0531","Male","Lymph",165855,18.3,13.1,25.5,86765,12.0,7.5,20.8,"","","","",58035,"","","","","","","",3,69141,3.5,14.1,15.8,55.3,3.8,7.0,32.0,7.0,"","","","","",""
"A0531","Riverside","Beaumont, Banning, Calimesa","https://www.californiahealthmaps.org?address=A0531","Female","Lymph",179850,13.2,8.9,19.4,95520,13.2,7.9,23.5,"","","","",61310,"","","","","","","",3,69141,3.5,14.1,15.8,55.3,3.8,7.0,32.0,7.0,"","","","","",""
"A0531","Riverside","Beaumont, Banning, Calimesa","https://www.californiahealthmaps.org?address=A0531","Male","Urinary",165855,22.6,17.0,30.0,86765,23.9,17.5,34.3,"","","","",58035,"","","","","","","",3,69141,3.5,14.1,15.8,55.3,3.8,7.0,32.0,7.0,"","","","","",""
"A0531","Riverside","Beaumont, Banning, Calimesa","https://www.californiahealthmaps.org?address=A0531","Female","Urinary",179850,5.5,3.2,9.8,95520,"","","","","","","",61310,"","","","","","","",3,69141,3.5,14.1,15.8,55.3,3.8,7.0,32.0,7.0,"","","","","",""
"A0531","Riverside","Beaumont, Banning, Calimesa","https://www.californiahealthmaps.org?address=A0531","Male","Kidney",165855,22.2,16.2,30.3,86765,19.2,13.0,29.7,"","","","",58035,"","","","","","","",3,69141,3.5,14.1,15.8,55.3,3.8,7.0,32.0,7.0,"","","","","",""
"A0531","Riverside","Beaumont, Banning, Calimesa","https://www.californiahealthmaps.org?address=A0531","Female","Kidney",179850,9.7,6.1,15.3,95520,9.2,4.6,19.2,"","","","",61310,"","","","","","","",3,69141,3.5,14.1,15.8,55.3,3.8,7.0,32.0,7.0,"","","","","",""
"A0531","Riverside","Beaumont, Banning, Calimesa","https://www.californiahealthmaps.org?address=A0531","Male","Thyroid",165855,"","","",86765,"","","","","","","",58035,"","","","","","","",3,69141,3.5,14.1,15.8,55.3,3.8,7.0,32.0,7.0,"","","","","",""
"A0531","Riverside","Beaumont, Banning, Calimesa","https://www.californiahealthmaps.org?address=A0531","Female","Thyroid",179850,19.5,13.4,27.9,95520,19.4,10.7,33.6,"","","","",61310,"","","","","","","",3,69141,3.5,14.1,15.8,55.3,3.8,7.0,32.0,7.0,"","","","","",""
"A0531","Riverside","Beaumont, Banning, Calimesa","https://www.californiahealthmaps.org?address=A0531","Male","Liver",165855,10.9,7.0,16.9,86765,"","","","","","","",58035,"","","","","","","",3,69141,3.5,14.1,15.8,55.3,3.8,7.0,32.0,7.0,"","","","","",""
"A0531","Riverside","Beaumont, Banning, Calimesa","https://www.californiahealthmaps.org?address=A0531","Female","Liver",179850,6.5,3.9,11.1,95520,"","","","","","","",61310,"","","","","","","",3,69141,3.5,14.1,15.8,55.3,3.8,7.0,32.0,7.0,"","","","","",""
"A0531","Riverside","Beaumont, Banning, Calimesa","https://www.californiahealthmaps.org?address=A0531","Male","Pancreas",165855,15.0,10.4,21.6,86765,15.0,9.9,24.4,"","","","",58035,"","","","","","","",3,69141,3.5,14.1,15.8,55.3,3.8,7.0,32.0,7.0,"","","","","",""
"A0531","Riverside","Beaumont, Banning, Calimesa","https://www.californiahealthmaps.org?address=A0531","Female","Pancreas",179850,11.8,8.0,17.5,95520,12.6,7.9,22.2,"","","","",61310,"","","","","","","",3,69141,3.5,14.1,15.8,55.3,3.8,7.0,32.0,7.0,"","","","","",""
"A0531","Riverside","Beaumont, Banning, Calimesa","https://www.californiahealthmaps.org?address=A0531","Both","AllSite",345705,442.3,422.8,462.6,182285,446.2,421.3,472.9,14710,655.5,534.8,798.8,119345,398.5,355.8,445.6,18470,370.1,289.4,472.6,3,69141,3.5,14.1,15.8,55.3,3.8,7.0,32.0,7.0,"","","","","",""
"A0531","Riverside","Beaumont, Banning, Calimesa","https://www.californiahealthmaps.org?address=A0531","Both","Lung",345705,42.0,36.6,48.2,182285,44.6,38.1,52.9,14710,"","","",119345,25.9,15.8,41.0,18470,"","","",3,69141,3.5,14.1,15.8,55.3,3.8,7.0,32.0,7.0,"","","","","",""
"A0531","Riverside","Beaumont, Banning, Calimesa","https://www.californiahealthmaps.org?address=A0531","Both","CRC",345705,39.6,34.0,46.2,182285,34.1,27.8,42.3,14710,"","","",119345,48.1,33.9,67.1,18470,"","","",3,69141,3.5,14.1,15.8,55.3,3.8,7.0,32.0,7.0,"","","","","",""
"A0531","Riverside","Beaumont, Banning, Calimesa","https://www.californiahealthmaps.org?address=A0531","Both","Mela",345705,30.5,25.4,36.6,182285,44.5,36.0,55.1,14710,"","","",119345,"","","",18470,"","","",3,69141,3.5,14.1,15.8,55.3,3.8,7.0,32.0,7.0,"","","","","",""
"A0531","Riverside","Beaumont, Banning, Calimesa","https://www.californiahealthmaps.org?address=A0531","Both","Lymph",345705,15.4,12.1,19.8,182285,12.4,8.9,18.0,14710,"","","",119345,18.4,10.4,31.2,18470,"","","",3,69141,3.5,14.1,15.8,55.3,3.8,7.0,32.0,7.0,"","","","","",""
"A0531","Riverside","Beaumont, Banning, Calimesa","https://www.californiahealthmaps.org?address=A0531","Both","Urinary",345705,12.8,10.1,16.5,182285,13.6,10.4,18.8,14710,"","","",119345,"","","",18470,"","","",3,69141,3.5,14.1,15.8,55.3,3.8,7.0,32.0,7.0,"","","","","",""
"A0531","Riverside","Beaumont, Banning, Calimesa","https://www.californiahealthmaps.org?address=A0531","Both","Kidney",345705,15.4,11.9,19.9,182285,13.6,9.7,19.6,14710,"","","",119345,19.1,10.8,32.3,18470,"","","",3,69141,3.5,14.1,15.8,55.3,3.8,7.0,32.0,7.0,"","","","","",""
"A0531","Riverside","Beaumont, Banning, Calimesa","https://www.californiahealthmaps.org?address=A0531","Both","Thyroid",345705,13.6,9.9,18.4,182285,14.2,8.9,22.0,14710,"","","",119345,17.3,9.8,29.4,18470,"","","",3,69141,3.5,14.1,15.8,55.3,3.8,7.0,32.0,7.0,"","","","","",""
"A0531","Riverside","Beaumont, Banning, Calimesa","https://www.californiahealthmaps.org?address=A0531","Both","Liver",345705,8.5,6.1,11.8,182285,5.9,3.7,10.3,14710,"","","",119345,"","","",18470,"","","",3,69141,3.5,14.1,15.8,55.3,3.8,7.0,32.0,7.0,"","","","","",""
"A0531","Riverside","Beaumont, Banning, Calimesa","https://www.californiahealthmaps.org?address=A0531","Both","Pancreas",345705,13.2,10.2,17.2,182285,13.6,10.1,19.1,14710,"","","",119345,"","","",18470,"","","",3,69141,3.5,14.1,15.8,55.3,3.8,7.0,32.0,7.0,"","","","","",""
