"Zone","Counties","Cities","URL","Sex","Cancer","PopTot","AAIR","LCI","UCI","White_PopTot","White_AAIR","White_LCI","White_UCI","Black_PopTot","Black_AAIR","Black_LCI","Black_UCI","Hispanic_PopTot","Hispanic_AAIR","Hispanic_LCI","Hispanic_UCI","Asian_PopTot","Asian_AAIR","Asian_LCI","Asian_UCI","QNSES","PopAll","PerRural","PerUninsured","PerForeignBorn","PerWhite","PerBlack","PerAsian","PerHispanic","PerAPI","PerDocvisit","PerFOBT","PerMammo","PerMenPrev","PerPap","PerWomenPrev"
"B0052","Tuolumne, El Dorado, Alpine, Mono","Mammoth Lakes, South Lake Tahoe, Placerville","https://www.californiahealthmaps.org?address=B0052","Male","AllSite",206145,462.9,434.8,492.6,152535,471.4,440.9,504.2,"","","","",40910,494.6,374.6,652.9,"","","","",3,80527,31.6,16.8,12.2,73.0,0.5,2.1,20.3,2.1,"","","","","",""
"B0052","Tuolumne, El Dorado, Alpine, Mono","Mammoth Lakes, South Lake Tahoe, Placerville","https://www.californiahealthmaps.org?address=B0052","Female","AllSite",196490,410.6,384.9,437.9,145910,411.4,383.3,441.7,"","","","",37385,410.7,311.7,539.3,"","","","",3,80527,31.6,16.8,12.2,73.0,0.5,2.1,20.3,2.1,"","","","","",""
"B0052","Tuolumne, El Dorado, Alpine, Mono","Mammoth Lakes, South Lake Tahoe, Placerville","https://www.californiahealthmaps.org?address=B0052","Male","Prostate",206145,120.6,107.1,135.7,152535,120.0,105.7,136.6,"","","","",40910,123.1,70.1,217.8,"","","","",3,80527,31.6,16.8,12.2,73.0,0.5,2.1,20.3,2.1,"","","","","",""
"B0052","Tuolumne, El Dorado, Alpine, Mono","Mammoth Lakes, South Lake Tahoe, Placerville","https://www.californiahealthmaps.org?address=B0052","Female","Breast",196490,121.3,107.5,136.7,145910,125.5,110.1,143.2,"","","","",37385,109.1,61.3,189.4,"","","","",3,80527,31.6,16.8,12.2,73.0,0.5,2.1,20.3,2.1,"","","","","",""
"B0052","Tuolumne, El Dorado, Alpine, Mono","Mammoth Lakes, South Lake Tahoe, Placerville","https://www.californiahealthmaps.org?address=B0052","Male","Lung",206145,53.2,43.7,64.3,152535,55.1,45.0,67.6,"","","","",40910,"","","","","","","",3,80527,31.6,16.8,12.2,73.0,0.5,2.1,20.3,2.1,"","","","","",""
"B0052","Tuolumne, El Dorado, Alpine, Mono","Mammoth Lakes, South Lake Tahoe, Placerville","https://www.californiahealthmaps.org?address=B0052","Female","Lung",196490,49.3,40.7,59.5,145910,50.8,41.6,62.4,"","","","",37385,"","","","","","","",3,80527,31.6,16.8,12.2,73.0,0.5,2.1,20.3,2.1,"","","","","",""
"B0052","Tuolumne, El Dorado, Alpine, Mono","Mammoth Lakes, South Lake Tahoe, Placerville","https://www.californiahealthmaps.org?address=B0052","Male","CRC",206145,36.5,28.8,45.8,152535,37.1,29.0,47.8,"","","","",40910,"","","","","","","",3,80527,31.6,16.8,12.2,73.0,0.5,2.1,20.3,2.1,"","","","","",""
"B0052","Tuolumne, El Dorado, Alpine, Mono","Mammoth Lakes, South Lake Tahoe, Placerville","https://www.californiahealthmaps.org?address=B0052","Female","CRC",196490,36.4,29.0,45.4,145910,35.3,27.4,45.7,"","","","",37385,"","","","","","","",3,80527,31.6,16.8,12.2,73.0,0.5,2.1,20.3,2.1,"","","","","",""
"B0052","Tuolumne, El Dorado, Alpine, Mono","Mammoth Lakes, South Lake Tahoe, Placerville","https://www.californiahealthmaps.org?address=B0052","Male","Mela",206145,43.7,35.2,53.9,152535,44.9,35.7,56.7,"","","","",40910,"","","","","","","",3,80527,31.6,16.8,12.2,73.0,0.5,2.1,20.3,2.1,"","","","","",""
"B0052","Tuolumne, El Dorado, Alpine, Mono","Mammoth Lakes, South Lake Tahoe, Placerville","https://www.californiahealthmaps.org?address=B0052","Female","Mela",196490,22.1,16.5,29.6,145910,21.8,15.5,30.7,"","","","",37385,"","","","","","","",3,80527,31.6,16.8,12.2,73.0,0.5,2.1,20.3,2.1,"","","","","",""
"B0052","Tuolumne, El Dorado, Alpine, Mono","Mammoth Lakes, South Lake Tahoe, Placerville","https://www.californiahealthmaps.org?address=B0052","Female","Uterine",196490,28.0,21.6,36.0,145910,29.0,22.0,38.6,"","","","",37385,"","","","","","","",3,80527,31.6,16.8,12.2,73.0,0.5,2.1,20.3,2.1,"","","","","",""
"B0052","Tuolumne, El Dorado, Alpine, Mono","Mammoth Lakes, South Lake Tahoe, Placerville","https://www.californiahealthmaps.org?address=B0052","Male","Lymph",206145,24.1,17.9,32.0,152535,24.2,17.4,33.6,"","","","",40910,"","","","","","","",3,80527,31.6,16.8,12.2,73.0,0.5,2.1,20.3,2.1,"","","","","",""
"B0052","Tuolumne, El Dorado, Alpine, Mono","Mammoth Lakes, South Lake Tahoe, Placerville","https://www.californiahealthmaps.org?address=B0052","Female","Lymph",196490,17.1,12.1,23.9,145910,16.9,11.8,24.7,"","","","",37385,"","","","","","","",3,80527,31.6,16.8,12.2,73.0,0.5,2.1,20.3,2.1,"","","","","",""
"B0052","Tuolumne, El Dorado, Alpine, Mono","Mammoth Lakes, South Lake Tahoe, Placerville","https://www.californiahealthmaps.org?address=B0052","Male","Urinary",206145,20.7,15.0,28.3,152535,21.7,15.5,30.5,"","","","",40910,"","","","","","","",3,80527,31.6,16.8,12.2,73.0,0.5,2.1,20.3,2.1,"","","","","",""
"B0052","Tuolumne, El Dorado, Alpine, Mono","Mammoth Lakes, South Lake Tahoe, Placerville","https://www.californiahealthmaps.org?address=B0052","Female","Urinary",196490,7.4,4.5,12.1,145910,6.7,3.9,12.3,"","","","",37385,"","","","","","","",3,80527,31.6,16.8,12.2,73.0,0.5,2.1,20.3,2.1,"","","","","",""
"B0052","Tuolumne, El Dorado, Alpine, Mono","Mammoth Lakes, South Lake Tahoe, Placerville","https://www.californiahealthmaps.org?address=B0052","Male","Kidney",206145,22.7,16.8,30.4,152535,23.6,16.8,33.0,"","","","",40910,"","","","","","","",3,80527,31.6,16.8,12.2,73.0,0.5,2.1,20.3,2.1,"","","","","",""
"B0052","Tuolumne, El Dorado, Alpine, Mono","Mammoth Lakes, South Lake Tahoe, Placerville","https://www.californiahealthmaps.org?address=B0052","Female","Kidney",196490,8.6,5.5,13.5,145910,7.8,4.7,13.7,"","","","",37385,"","","","","","","",3,80527,31.6,16.8,12.2,73.0,0.5,2.1,20.3,2.1,"","","","","",""
"B0052","Tuolumne, El Dorado, Alpine, Mono","Mammoth Lakes, South Lake Tahoe, Placerville","https://www.californiahealthmaps.org?address=B0052","Male","Thyroid",206145,"","","",152535,"","","","","","","",40910,"","","","","","","",3,80527,31.6,16.8,12.2,73.0,0.5,2.1,20.3,2.1,"","","","","",""
"B0052","Tuolumne, El Dorado, Alpine, Mono","Mammoth Lakes, South Lake Tahoe, Placerville","https://www.californiahealthmaps.org?address=B0052","Female","Thyroid",196490,14.6,9.6,21.5,145910,11.3,6.4,19.4,"","","","",37385,"","","","","","","",3,80527,31.6,16.8,12.2,73.0,0.5,2.1,20.3,2.1,"","","","","",""
"B0052","Tuolumne, El Dorado, Alpine, Mono","Mammoth Lakes, South Lake Tahoe, Placerville","https://www.californiahealthmaps.org?address=B0052","Male","Liver",206145,9.2,5.9,14.2,152535,8.6,5.2,14.7,"","","","",40910,"","","","","","","",3,80527,31.6,16.8,12.2,73.0,0.5,2.1,20.3,2.1,"","","","","",""
"B0052","Tuolumne, El Dorado, Alpine, Mono","Mammoth Lakes, South Lake Tahoe, Placerville","https://www.californiahealthmaps.org?address=B0052","Female","Liver",196490,"","","",145910,"","","","","","","",37385,"","","","","","","",3,80527,31.6,16.8,12.2,73.0,0.5,2.1,20.3,2.1,"","","","","",""
"B0052","Tuolumne, El Dorado, Alpine, Mono","Mammoth Lakes, South Lake Tahoe, Placerville","https://www.californiahealthmaps.org?address=B0052","Male","Pancreas",206145,13.4,8.9,19.6,152535,13.2,8.5,20.7,"","","","",40910,"","","","","","","",3,80527,31.6,16.8,12.2,73.0,0.5,2.1,20.3,2.1,"","","","","",""
"B0052","Tuolumne, El Dorado, Alpine, Mono","Mammoth Lakes, South Lake Tahoe, Placerville","https://www.californiahealthmaps.org?address=B0052","Female","Pancreas",196490,15.3,10.5,21.8,145910,14.1,9.4,21.5,"","","","",37385,"","","","","","","",3,80527,31.6,16.8,12.2,73.0,0.5,2.1,20.3,2.1,"","","","","",""
"B0052","Tuolumne, El Dorado, Alpine, Mono","Mammoth Lakes, South Lake Tahoe, Placerville","https://www.californiahealthmaps.org?address=B0052","Both","AllSite",402635,432.7,413.9,452.3,298445,437.6,417.1,459.2,"","","","",78295,444.5,367.9,535.6,"","","","",3,80527,31.6,16.8,12.2,73.0,0.5,2.1,20.3,2.1,"","","","","",""
"B0052","Tuolumne, El Dorado, Alpine, Mono","Mammoth Lakes, South Lake Tahoe, Placerville","https://www.californiahealthmaps.org?address=B0052","Both","Lung",402635,50.7,44.3,57.8,298445,52.4,45.6,60.4,"","","","",78295,"","","","","","","",3,80527,31.6,16.8,12.2,73.0,0.5,2.1,20.3,2.1,"","","","","",""
"B0052","Tuolumne, El Dorado, Alpine, Mono","Mammoth Lakes, South Lake Tahoe, Placerville","https://www.californiahealthmaps.org?address=B0052","Both","CRC",402635,36.3,31.0,42.5,298445,36.1,30.4,43.0,"","","","",78295,"","","","","","","",3,80527,31.6,16.8,12.2,73.0,0.5,2.1,20.3,2.1,"","","","","",""
"B0052","Tuolumne, El Dorado, Alpine, Mono","Mammoth Lakes, South Lake Tahoe, Placerville","https://www.californiahealthmaps.org?address=B0052","Both","Mela",402635,31.8,26.8,37.6,298445,32.3,26.8,39.0,"","","","",78295,"","","","","","","",3,80527,31.6,16.8,12.2,73.0,0.5,2.1,20.3,2.1,"","","","","",""
"B0052","Tuolumne, El Dorado, Alpine, Mono","Mammoth Lakes, South Lake Tahoe, Placerville","https://www.californiahealthmaps.org?address=B0052","Both","Lymph",402635,20.3,16.3,25.1,298445,20.4,16.1,26.0,"","","","",78295,"","","","","","","",3,80527,31.6,16.8,12.2,73.0,0.5,2.1,20.3,2.1,"","","","","",""
"B0052","Tuolumne, El Dorado, Alpine, Mono","Mammoth Lakes, South Lake Tahoe, Placerville","https://www.californiahealthmaps.org?address=B0052","Both","Urinary",402635,13.5,10.3,17.4,298445,13.5,10.2,18.1,"","","","",78295,"","","","","","","",3,80527,31.6,16.8,12.2,73.0,0.5,2.1,20.3,2.1,"","","","","",""
"B0052","Tuolumne, El Dorado, Alpine, Mono","Mammoth Lakes, South Lake Tahoe, Placerville","https://www.californiahealthmaps.org?address=B0052","Both","Kidney",402635,15.4,12.0,19.6,298445,15.5,11.7,20.5,"","","","",78295,"","","","","","","",3,80527,31.6,16.8,12.2,73.0,0.5,2.1,20.3,2.1,"","","","","",""
"B0052","Tuolumne, El Dorado, Alpine, Mono","Mammoth Lakes, South Lake Tahoe, Placerville","https://www.californiahealthmaps.org?address=B0052","Both","Thyroid",402635,9.9,7.0,13.7,298445,8.6,5.5,13.2,"","","","",78295,"","","","","","","",3,80527,31.6,16.8,12.2,73.0,0.5,2.1,20.3,2.1,"","","","","",""
"B0052","Tuolumne, El Dorado, Alpine, Mono","Mammoth Lakes, South Lake Tahoe, Placerville","https://www.californiahealthmaps.org?address=B0052","Both","Liver",402635,6.8,4.7,9.6,298445,5.8,3.7,9.1,"","","","",78295,"","","","","","","",3,80527,31.6,16.8,12.2,73.0,0.5,2.1,20.3,2.1,"","","","","",""
"B0052","Tuolumne, El Dorado, Alpine, Mono","Mammoth Lakes, South Lake Tahoe, Placerville","https://www.californiahealthmaps.org?address=B0052","Both","Pancreas",402635,14.2,10.9,18.4,298445,13.7,10.2,18.4,"","","","",78295,"","","","","","","",3,80527,31.6,16.8,12.2,73.0,0.5,2.1,20.3,2.1,"","","","","",""
