"Zone","Counties","Cities","URL","Sex","Cancer","PopTot","AAIR","LCI","UCI","White_PopTot","White_AAIR","White_LCI","White_UCI","Black_PopTot","Black_AAIR","Black_LCI","Black_UCI","Hispanic_PopTot","Hispanic_AAIR","Hispanic_LCI","Hispanic_UCI","Asian_PopTot","Asian_AAIR","Asian_LCI","Asian_UCI","QNSES","PopAll","PerRural","PerUninsured","PerForeignBorn","PerWhite","PerBlack","PerAsian","PerHispanic"
"A0187","Contra Costa","Concord, Martinez, Pleasant Hill","https://www.californiahealthmaps.org?address=A0187","Male","AllSite",132080,528.6,490.3,569.4,82605,541.6,496.8,590.4,"","","","",24590,559.8,428.9,725.5,15085,496.5,372.2,654.2,4,54152,0.0,11.7,19.5,63.3,3.1,11.6,17.6
"A0187","Contra Costa","Concord, Martinez, Pleasant Hill","https://www.californiahealthmaps.org?address=A0187","Female","AllSite",138680,462.6,431.0,496.6,86780,471.9,434.0,513.9,"","","","",24605,420.1,331.7,528.0,17660,463.6,371.2,583.0,4,54152,0.0,11.7,19.5,63.3,3.1,11.6,17.6
"A0187","Contra Costa","Concord, Martinez, Pleasant Hill","https://www.californiahealthmaps.org?address=A0187","Male","Prostate",132080,109.3,92.8,128.2,82605,102.1,84.2,124.1,"","","","",24590,169.7,101.8,274.9,15085,"","","",4,54152,0.0,11.7,19.5,63.3,3.1,11.6,17.6
"A0187","Contra Costa","Concord, Martinez, Pleasant Hill","https://www.californiahealthmaps.org?address=A0187","Female","Breast",138680,146.6,129.2,166.4,86780,143.6,123.2,168.3,"","","","",24605,127.8,81.9,194.0,17660,173.0,121.0,253.6,4,54152,0.0,11.7,19.5,63.3,3.1,11.6,17.6
"A0187","Contra Costa","Concord, Martinez, Pleasant Hill","https://www.californiahealthmaps.org?address=A0187","Male","Lung",132080,59.1,46.6,74.3,82605,65.9,51.1,85.1,"","","","",24590,"","","",15085,"","","",4,54152,0.0,11.7,19.5,63.3,3.1,11.6,17.6
"A0187","Contra Costa","Concord, Martinez, Pleasant Hill","https://www.californiahealthmaps.org?address=A0187","Female","Lung",138680,56.2,45.5,69.4,86780,59.1,46.4,76.2,"","","","",24605,"","","",17660,"","","",4,54152,0.0,11.7,19.5,63.3,3.1,11.6,17.6
"A0187","Contra Costa","Concord, Martinez, Pleasant Hill","https://www.californiahealthmaps.org?address=A0187","Male","CRC",132080,48.8,37.7,62.5,82605,46.7,34.1,63.7,"","","","",24590,"","","",15085,"","","",4,54152,0.0,11.7,19.5,63.3,3.1,11.6,17.6
"A0187","Contra Costa","Concord, Martinez, Pleasant Hill","https://www.californiahealthmaps.org?address=A0187","Female","CRC",138680,30.6,23.1,40.6,86780,30.5,22.0,43.8,"","","","",24605,"","","",17660,"","","",4,54152,0.0,11.7,19.5,63.3,3.1,11.6,17.6
"A0187","Contra Costa","Concord, Martinez, Pleasant Hill","https://www.californiahealthmaps.org?address=A0187","Male","Mela",132080,52.7,41.0,67.1,82605,60.8,46.3,79.8,"","","","",24590,"","","",15085,"","","",4,54152,0.0,11.7,19.5,63.3,3.1,11.6,17.6
"A0187","Contra Costa","Concord, Martinez, Pleasant Hill","https://www.californiahealthmaps.org?address=A0187","Female","Mela",138680,29.5,21.8,39.7,86780,36.2,25.8,51.5,"","","","",24605,"","","",17660,"","","",4,54152,0.0,11.7,19.5,63.3,3.1,11.6,17.6
"A0187","Contra Costa","Concord, Martinez, Pleasant Hill","https://www.californiahealthmaps.org?address=A0187","Female","Uterine",138680,36.5,28.0,47.5,86780,32.6,23.5,46.4,"","","","",24605,"","","",17660,"","","",4,54152,0.0,11.7,19.5,63.3,3.1,11.6,17.6
"A0187","Contra Costa","Concord, Martinez, Pleasant Hill","https://www.californiahealthmaps.org?address=A0187","Male","Lymph",132080,22.3,14.9,32.6,82605,23.7,15.0,37.3,"","","","",24590,"","","",15085,"","","",4,54152,0.0,11.7,19.5,63.3,3.1,11.6,17.6
"A0187","Contra Costa","Concord, Martinez, Pleasant Hill","https://www.californiahealthmaps.org?address=A0187","Female","Lymph",138680,25.6,18.4,35.3,86780,28.0,19.4,41.5,"","","","",24605,"","","",17660,"","","",4,54152,0.0,11.7,19.5,63.3,3.1,11.6,17.6
"A0187","Contra Costa","Concord, Martinez, Pleasant Hill","https://www.californiahealthmaps.org?address=A0187","Male","Urinary",132080,22.6,15.3,32.7,82605,23.5,15.2,36.5,"","","","",24590,"","","",15085,"","","",4,54152,0.0,11.7,19.5,63.3,3.1,11.6,17.6
"A0187","Contra Costa","Concord, Martinez, Pleasant Hill","https://www.californiahealthmaps.org?address=A0187","Female","Urinary",138680,3.5,1.3,8.6,86780,"","","","","","","",24605,"","","",17660,"","","",4,54152,0.0,11.7,19.5,63.3,3.1,11.6,17.6
"A0187","Contra Costa","Concord, Martinez, Pleasant Hill","https://www.californiahealthmaps.org?address=A0187","Male","Kidney",132080,27.1,19.2,37.6,82605,25.9,17.2,39.2,"","","","",24590,"","","",15085,"","","",4,54152,0.0,11.7,19.5,63.3,3.1,11.6,17.6
"A0187","Contra Costa","Concord, Martinez, Pleasant Hill","https://www.californiahealthmaps.org?address=A0187","Female","Kidney",138680,13.6,8.8,20.9,86780,15.3,9.2,26.5,"","","","",24605,"","","",17660,"","","",4,54152,0.0,11.7,19.5,63.3,3.1,11.6,17.6
"A0187","Contra Costa","Concord, Martinez, Pleasant Hill","https://www.californiahealthmaps.org?address=A0187","Male","Thyroid",132080,7.1,3.3,13.8,82605,"","","","","","","",24590,"","","",15085,"","","",4,54152,0.0,11.7,19.5,63.3,3.1,11.6,17.6
"A0187","Contra Costa","Concord, Martinez, Pleasant Hill","https://www.californiahealthmaps.org?address=A0187","Female","Thyroid",138680,14.2,8.7,22.4,86780,16.0,8.8,28.9,"","","","",24605,"","","",17660,"","","",4,54152,0.0,11.7,19.5,63.3,3.1,11.6,17.6
"A0187","Contra Costa","Concord, Martinez, Pleasant Hill","https://www.californiahealthmaps.org?address=A0187","Both","AllSite",270760,488.2,463.9,513.6,169385,500.3,471.4,531.2,"","","","",49195,470.6,396.6,556.6,32745,465.1,391.8,552.1,4,54152,0.0,11.7,19.5,63.3,3.1,11.6,17.6
"A0187","Contra Costa","Concord, Martinez, Pleasant Hill","https://www.californiahealthmaps.org?address=A0187","Both","Lung",270760,57.0,48.8,66.4,169385,61.4,51.7,73.1,"","","","",49195,"","","",32745,58.8,34.7,98.8,4,54152,0.0,11.7,19.5,63.3,3.1,11.6,17.6
"A0187","Contra Costa","Concord, Martinez, Pleasant Hill","https://www.californiahealthmaps.org?address=A0187","Both","CRC",270760,38.9,32.3,46.6,169385,38.2,30.7,48.0,"","","","",49195,43.5,23.5,77.0,32745,49.5,27.8,87.2,4,54152,0.0,11.7,19.5,63.3,3.1,11.6,17.6
"A0187","Contra Costa","Concord, Martinez, Pleasant Hill","https://www.californiahealthmaps.org?address=A0187","Both","Mela",270760,38.9,32.2,46.8,169385,46.3,37.6,57.1,"","","","",49195,"","","",32745,"","","",4,54152,0.0,11.7,19.5,63.3,3.1,11.6,17.6
"A0187","Contra Costa","Concord, Martinez, Pleasant Hill","https://www.californiahealthmaps.org?address=A0187","Both","Lymph",270760,24.0,18.8,30.5,169385,26.1,19.8,34.6,"","","","",49195,"","","",32745,"","","",4,54152,0.0,11.7,19.5,63.3,3.1,11.6,17.6
"A0187","Contra Costa","Concord, Martinez, Pleasant Hill","https://www.californiahealthmaps.org?address=A0187","Both","Urinary",270760,11.4,8.0,16.0,169385,11.7,7.8,17.9,"","","","",49195,"","","",32745,"","","",4,54152,0.0,11.7,19.5,63.3,3.1,11.6,17.6
"A0187","Contra Costa","Concord, Martinez, Pleasant Hill","https://www.californiahealthmaps.org?address=A0187","Both","Kidney",270760,19.6,15.1,25.3,169385,20.1,14.8,27.7,"","","","",49195,"","","",32745,"","","",4,54152,0.0,11.7,19.5,63.3,3.1,11.6,17.6
"A0187","Contra Costa","Concord, Martinez, Pleasant Hill","https://www.californiahealthmaps.org?address=A0187","Both","Thyroid",270760,10.7,7.3,15.6,169385,11.1,6.9,17.9,"","","","",49195,"","","",32745,"","","",4,54152,0.0,11.7,19.5,63.3,3.1,11.6,17.6
