"Zone","Counties","Cities","URL","Sex","Cancer","PopTot","AAIR","LCI","UCI","White_PopTot","White_AAIR","White_LCI","White_UCI","Black_PopTot","Black_AAIR","Black_LCI","Black_UCI","Hispanic_PopTot","Hispanic_AAIR","Hispanic_LCI","Hispanic_UCI","Asian_PopTot","Asian_AAIR","Asian_LCI","Asian_UCI","QNSES","PopAll","PerRural","PerUninsured","PerForeignBorn","PerWhite","PerBlack","PerAsian","PerHispanic","PerAPI","PerDocvisit","PerFOBT","PerMammo","PerMenPrev","PerPap","PerWomenPrev"
"A0033","Riverside","Jurupa Valley, Eastvale","https://www.californiahealthmaps.org?address=A0033","Male","AllSite",167240,524.7,470.0,585.9,42560,601.1,508.0,709.9,11475,966.0,579.2,1602.6,82190,498.3,405.1,612.9,26490,312.1,228.4,431.0,3,67023,0.0,17.5,28.3,24.5,7.0,17.0,49.6,17.0,"","","","","",""
"A0033","Riverside","Jurupa Valley, Eastvale","https://www.californiahealthmaps.org?address=A0033","Female","AllSite",167875,442.0,400.2,487.9,41285,543.1,461.6,636.8,11705,560.8,374.1,832.7,82945,381.5,318.4,456.7,27560,396.4,309.8,509.3,3,67023,0.0,17.5,28.3,24.5,7.0,17.0,49.6,17.0,"","","","","",""
"A0033","Riverside","Jurupa Valley, Eastvale","https://www.californiahealthmaps.org?address=A0033","Male","Prostate",167240,108.8,87.1,137.0,42560,93.8,63.2,140.1,11475,"","","",82190,121.1,82.2,182.2,26490,"","","",3,67023,0.0,17.5,28.3,24.5,7.0,17.0,49.6,17.0,"","","","","",""
"A0033","Riverside","Jurupa Valley, Eastvale","https://www.californiahealthmaps.org?address=A0033","Female","Breast",167875,118.4,98.9,141.7,41285,114.9,81.0,161.1,11705,"","","",82945,113.7,83.7,155.8,27560,112.7,75.3,177.3,3,67023,0.0,17.5,28.3,24.5,7.0,17.0,49.6,17.0,"","","","","",""
"A0033","Riverside","Jurupa Valley, Eastvale","https://www.californiahealthmaps.org?address=A0033","Male","Lung",167240,70.4,49.1,99.3,42560,92.3,56.1,146.5,11475,"","","",82190,"","","",26490,"","","",3,67023,0.0,17.5,28.3,24.5,7.0,17.0,49.6,17.0,"","","","","",""
"A0033","Riverside","Jurupa Valley, Eastvale","https://www.californiahealthmaps.org?address=A0033","Female","Lung",167875,47.7,33.4,66.8,41285,80.8,49.1,126.9,11705,"","","",82945,"","","",27560,"","","",3,67023,0.0,17.5,28.3,24.5,7.0,17.0,49.6,17.0,"","","","","",""
"A0033","Riverside","Jurupa Valley, Eastvale","https://www.californiahealthmaps.org?address=A0033","Male","CRC",167240,56.0,39.7,79.2,42560,67.3,39.7,111.9,11475,"","","",82190,62.1,31.3,118.6,26490,"","","",3,67023,0.0,17.5,28.3,24.5,7.0,17.0,49.6,17.0,"","","","","",""
"A0033","Riverside","Jurupa Valley, Eastvale","https://www.californiahealthmaps.org?address=A0033","Female","CRC",167875,44.9,32.0,62.4,41285,67.0,40.5,107.0,11705,"","","",82945,37.4,19.6,69.4,27560,"","","",3,67023,0.0,17.5,28.3,24.5,7.0,17.0,49.6,17.0,"","","","","",""
"A0033","Riverside","Jurupa Valley, Eastvale","https://www.californiahealthmaps.org?address=A0033","Male","Mela",167240,22.7,12.8,40.2,42560,59.9,33.7,103.7,11475,"","","",82190,"","","",26490,"","","",3,67023,0.0,17.5,28.3,24.5,7.0,17.0,49.6,17.0,"","","","","",""
"A0033","Riverside","Jurupa Valley, Eastvale","https://www.californiahealthmaps.org?address=A0033","Female","Mela",167875,18.4,11.3,30.0,41285,46.2,26.7,78.3,11705,"","","",82945,"","","",27560,"","","",3,67023,0.0,17.5,28.3,24.5,7.0,17.0,49.6,17.0,"","","","","",""
"A0033","Riverside","Jurupa Valley, Eastvale","https://www.californiahealthmaps.org?address=A0033","Female","Uterine",167875,27.0,17.5,40.9,41285,"","","",11705,"","","",82945,"","","",27560,"","","",3,67023,0.0,17.5,28.3,24.5,7.0,17.0,49.6,17.0,"","","","","",""
"A0033","Riverside","Jurupa Valley, Eastvale","https://www.californiahealthmaps.org?address=A0033","Male","Lymph",167240,27.9,16.4,47.0,42560,"","","",11475,"","","",82190,"","","",26490,"","","",3,67023,0.0,17.5,28.3,24.5,7.0,17.0,49.6,17.0,"","","","","",""
"A0033","Riverside","Jurupa Valley, Eastvale","https://www.californiahealthmaps.org?address=A0033","Female","Lymph",167875,"","","",41285,"","","",11705,"","","",82945,"","","",27560,"","","",3,67023,0.0,17.5,28.3,24.5,7.0,17.0,49.6,17.0,"","","","","",""
"A0033","Riverside","Jurupa Valley, Eastvale","https://www.californiahealthmaps.org?address=A0033","Male","Urinary",167240,29.7,17.0,50.3,42560,"","","",11475,"","","",82190,"","","",26490,"","","",3,67023,0.0,17.5,28.3,24.5,7.0,17.0,49.6,17.0,"","","","","",""
"A0033","Riverside","Jurupa Valley, Eastvale","https://www.californiahealthmaps.org?address=A0033","Female","Urinary",167875,"","","",41285,"","","",11705,"","","",82945,"","","",27560,"","","",3,67023,0.0,17.5,28.3,24.5,7.0,17.0,49.6,17.0,"","","","","",""
"A0033","Riverside","Jurupa Valley, Eastvale","https://www.californiahealthmaps.org?address=A0033","Male","Kidney",167240,30.1,17.0,51.4,42560,"","","",11475,"","","",82190,"","","",26490,"","","",3,67023,0.0,17.5,28.3,24.5,7.0,17.0,49.6,17.0,"","","","","",""
"A0033","Riverside","Jurupa Valley, Eastvale","https://www.californiahealthmaps.org?address=A0033","Female","Kidney",167875,"","","",41285,"","","",11705,"","","",82945,"","","",27560,"","","",3,67023,0.0,17.5,28.3,24.5,7.0,17.0,49.6,17.0,"","","","","",""
"A0033","Riverside","Jurupa Valley, Eastvale","https://www.californiahealthmaps.org?address=A0033","Male","Thyroid",167240,12.6,6.2,26.8,42560,"","","",11475,"","","",82190,"","","",26490,"","","",3,67023,0.0,17.5,28.3,24.5,7.0,17.0,49.6,17.0,"","","","","",""
"A0033","Riverside","Jurupa Valley, Eastvale","https://www.californiahealthmaps.org?address=A0033","Female","Thyroid",167875,22.8,15.5,34.2,41285,"","","",11705,"","","",82945,"","","",27560,"","","",3,67023,0.0,17.5,28.3,24.5,7.0,17.0,49.6,17.0,"","","","","",""
"A0033","Riverside","Jurupa Valley, Eastvale","https://www.californiahealthmaps.org?address=A0033","Male","Liver",167240,24.4,12.7,44.2,42560,"","","",11475,"","","",82190,"","","",26490,"","","",3,67023,0.0,17.5,28.3,24.5,7.0,17.0,49.6,17.0,"","","","","",""
"A0033","Riverside","Jurupa Valley, Eastvale","https://www.californiahealthmaps.org?address=A0033","Female","Liver",167875,"","","",41285,"","","",11705,"","","",82945,"","","",27560,"","","",3,67023,0.0,17.5,28.3,24.5,7.0,17.0,49.6,17.0,"","","","","",""
"A0033","Riverside","Jurupa Valley, Eastvale","https://www.californiahealthmaps.org?address=A0033","Male","Pancreas",167240,"","","",42560,"","","",11475,"","","",82190,"","","",26490,"","","",3,67023,0.0,17.5,28.3,24.5,7.0,17.0,49.6,17.0,"","","","","",""
"A0033","Riverside","Jurupa Valley, Eastvale","https://www.californiahealthmaps.org?address=A0033","Female","Pancreas",167875,"","","",41285,"","","",11705,"","","",82945,"","","",27560,"","","",3,67023,0.0,17.5,28.3,24.5,7.0,17.0,49.6,17.0,"","","","","",""
"A0033","Riverside","Jurupa Valley, Eastvale","https://www.californiahealthmaps.org?address=A0033","Both","AllSite",335115,473.7,440.5,509.3,83845,560.9,500.5,627.6,23180,646.2,490.5,856.3,165135,425.0,371.4,486.2,54050,354.7,293.4,430.4,3,67023,0.0,17.5,28.3,24.5,7.0,17.0,49.6,17.0,"","","","","",""
"A0033","Riverside","Jurupa Valley, Eastvale","https://www.californiahealthmaps.org?address=A0033","Both","Lung",335115,57.2,44.7,72.3,83845,86.1,61.4,118.0,23180,"","","",165135,35.6,19.2,61.9,54050,"","","",3,67023,0.0,17.5,28.3,24.5,7.0,17.0,49.6,17.0,"","","","","",""
"A0033","Riverside","Jurupa Valley, Eastvale","https://www.californiahealthmaps.org?address=A0033","Both","CRC",335115,50.4,39.9,63.3,83845,67.6,47.8,94.1,23180,"","","",165135,47.3,30.1,73.1,54050,"","","",3,67023,0.0,17.5,28.3,24.5,7.0,17.0,49.6,17.0,"","","","","",""
"A0033","Riverside","Jurupa Valley, Eastvale","https://www.californiahealthmaps.org?address=A0033","Both","Mela",335115,20.3,14.1,29.0,83845,52.7,36.0,76.0,23180,"","","",165135,"","","",54050,"","","",3,67023,0.0,17.5,28.3,24.5,7.0,17.0,49.6,17.0,"","","","","",""
"A0033","Riverside","Jurupa Valley, Eastvale","https://www.californiahealthmaps.org?address=A0033","Both","Lymph",335115,20.1,13.7,29.1,83845,25.6,13.6,45.1,23180,"","","",165135,"","","",54050,"","","",3,67023,0.0,17.5,28.3,24.5,7.0,17.0,49.6,17.0,"","","","","",""
"A0033","Riverside","Jurupa Valley, Eastvale","https://www.californiahealthmaps.org?address=A0033","Both","Urinary",335115,13.0,7.7,21.2,83845,"","","",23180,"","","",165135,"","","",54050,"","","",3,67023,0.0,17.5,28.3,24.5,7.0,17.0,49.6,17.0,"","","","","",""
"A0033","Riverside","Jurupa Valley, Eastvale","https://www.californiahealthmaps.org?address=A0033","Both","Kidney",335115,20.5,13.5,30.3,83845,28.8,15.5,49.8,23180,"","","",165135,"","","",54050,"","","",3,67023,0.0,17.5,28.3,24.5,7.0,17.0,49.6,17.0,"","","","","",""
"A0033","Riverside","Jurupa Valley, Eastvale","https://www.californiahealthmaps.org?address=A0033","Both","Thyroid",335115,17.4,12.5,24.6,83845,17.5,9.4,32.3,23180,"","","",165135,16.3,9.1,32.1,54050,"","","",3,67023,0.0,17.5,28.3,24.5,7.0,17.0,49.6,17.0,"","","","","",""
"A0033","Riverside","Jurupa Valley, Eastvale","https://www.californiahealthmaps.org?address=A0033","Both","Liver",335115,14.9,9.1,23.5,83845,"","","",23180,"","","",165135,"","","",54050,"","","",3,67023,0.0,17.5,28.3,24.5,7.0,17.0,49.6,17.0,"","","","","",""
"A0033","Riverside","Jurupa Valley, Eastvale","https://www.californiahealthmaps.org?address=A0033","Both","Pancreas",335115,13.3,7.9,21.4,83845,"","","",23180,"","","",165135,"","","",54050,"","","",3,67023,0.0,17.5,28.3,24.5,7.0,17.0,49.6,17.0,"","","","","",""
